pdb_path,pdb_index,aatype,total_reward,af2folding_min_ipae,af2folding_recycles_log,af2folding_avg_ipsae,af2folding_fape_log,af2folding_max_ipsae,af2folding_seqid_log,af2folding_max_ipsae_log,af2folding_pae_log,af2folding_avg_ipsae_10,af2folding_hard_log,af2folding_models_log,af2folding_avg_ipsae_log,af2folding_exp_res_log,af2folding_plddt_log,af2folding_pae,af2folding_rmsd,af2folding_con_log,af2folding_fape,af2folding_loss_log,af2folding_i_con,af2folding_dgram_cce_log,af2folding_min_ipsae_10,af2folding_min_ipsae_log,af2folding_soft_log,af2folding_dgram_cce,af2folding_i_ptm_log,af2folding_plddt,af2folding_rmsd_log,af2folding_exp_res,af2folding_max_ipsae_10,af2folding_min_ipae_log,af2folding_seq_ent_log,af2folding_con,af2folding_i_con_log,af2folding_min_ipsae_10_log,af2folding_i_pae_log,af2folding_seq_ent,af2folding_max_ipsae_10_log,af2folding_i_pae,af2folding_ptm_log,af2folding_min_ipsae,af2folding_temp_log,af2folding_avg_ipsae_10_log,sample_type,metadata_tag
/work/T-REX/external/Proteina-Complexa/inference/search_binder_local_pipeline_32_PDL1_ALPHA_REPACK_v7_r003_cand_v7r003_hyp_0003_01_002_a3eb57b720db7/job_0_n_176_id_0_beam_orig0_bm0-s0to50br0/job_0_n_176_id_0_beam_orig0_bm0-s0to50br0.pdb,0,"2,0,13,16,19,16,19,14,11,3,10,18,19,19,6,18,7,15,2,12,16,9,6,4,11,13,14,19,6,11,5,10,3,10,0,0,10,9,19,18,17,6,12,6,3,11,2,9,9,5,13,19,8,7,6,6,3,10,11,19,5,8,15,15,18,1,5,1,0,1,10,10,11,3,5,10,15,10,7,2,0,0,10,5,9,16,3,19,11,10,5,3,0,7,19,18,1,4,12,9,15,18,7,7,0,3,18,11,1,9,16,19,11,19,2,0,16,5,6,6,0,6,11,10,13,5,6,0,9,11,6,18,2,11,7,2,13,15,6,0,9,11,11,18,5,6,9,10,3,11,18,11,6,15,13,14,10,18,11,10,19,6,11,6,10,6,3,0,11,11,0,10,11,6,10,6,0,0,0,0,0,0,0,0,0,0,0,0,0,0,0,0,0,0,0,0,0,0,0,0,0,0,0,0,0,0,0,0,0,0,0,0,0,0,0,0,0,0,0,0,0,0,0,0,0,0,0,0,0,0,0,0,0",-0.21057528,0.08668309,3.0,0.35074335,55.602394,0.4313176,1.0,0.4313176,0.16533417,0.35074335,0.0,0.0,0.35074335,0.0019581777,0.90219826,0.16533417,2.8149853,1.5445242,55.602394,-0.21057528,2.3969164,186.08228,0.27016914,0.27016914,1.0,186.08228,0.692047,0.09780172,2.8149853,0.0019581777,0.4313176,0.08668309,0.0,1.5445242,2.3969164,0.27016914,0.21057528,0.0,0.4313176,0.21057528,0.8320624,0.27016914,1.0,0.35074335,lookahead,beam_orig0_bm0-s0to50br0
/work/T-REX/external/Proteina-Complexa/inference/search_binder_local_pipeline_32_PDL1_ALPHA_REPACK_v7_r003_cand_v7r003_hyp_0003_01_002_a3eb57b720db7/job_0_n_229_id_0_beam_orig1_bm0-s0to50br0/job_0_n_229_id_0_beam_orig1_bm0-s0to50br0.pdb,1,"2,0,13,16,19,16,19,14,11,3,10,18,19,19,6,18,7,15,2,12,16,9,6,4,11,13,14,19,6,11,5,10,3,10,0,0,10,9,19,18,17,6,12,6,3,11,2,9,9,5,13,19,8,7,6,6,3,10,11,19,5,8,15,15,18,1,5,1,0,1,10,10,11,3,5,10,15,10,7,2,0,0,10,5,9,16,3,19,11,10,5,3,0,7,19,18,1,4,12,9,15,18,7,7,0,3,18,11,1,9,16,19,11,19,2,0,16,19,16,19,14,11,3,10,18,19,19,6,18,7,15,2,12,16,9,6,4,11,13,14,19,6,11,5,10,3,10,0,0,10,9,19,18,17,6,12,6,3,11,2,9,9,5,13,19,8,7,6,6,3,10,11,19,5,8,15,15,18,1,5,1,0,1,10,10,11,3,5,10,15,10,7,2,0,0,10,5,9,16,3,19,11,10,5,3,0,7,19,18,1,4,12,9,15,18,7,7,0,3,18,11,1,9,16,19,11,19,2,0,0,0,0,0",-0.53701484,0.30928814,3.0,0.03728345,69.53561,0.039510258,1.0,0.039510258,0.31736758,0.011700854,0.0,0.0,0.03728345,0.0017855025,0.8620877,0.31736758,3.225778,1.2917329,69.53561,-0.53701484,3.9165454,213.56444,0.011518723,0.03505664,1.0,213.56444,0.25120047,0.13791224,3.225778,0.0017855025,0.011882985,0.30928814,0.0,1.2917329,3.9165454,0.011518723,0.53701484,0.0,0.011882985,0.53701484,0.5828465,0.03505664,1.0,0.011700854,lookahead,beam_orig1_bm0-s0to50br0
/work/T-REX/external/Proteina-Complexa/inference/search_binder_local_pipeline_32_PDL1_ALPHA_REPACK_v7_r003_cand_v7r003_hyp_0003_01_002_a3eb57b720db7/job_0_n_233_id_0_beam_orig2_bm0-s0to50br0/job_0_n_233_id_0_beam_orig2_bm0-s0to50br0.pdb,2,"2,0,13,16,19,16,19,14,11,3,10,18,19,19,6,18,7,15,2,12,16,9,6,4,11,13,14,19,6,11,5,10,3,10,0,0,10,9,19,18,17,6,12,6,3,11,2,9,9,5,13,19,8,7,6,6,3,10,11,19,5,8,15,15,18,1,5,1,0,1,10,10,11,3,5,10,15,10,7,2,0,0,10,5,9,16,3,19,11,10,5,3,0,7,19,18,1,4,12,9,15,18,7,7,0,3,18,11,1,9,16,19,11,19,2,0,2,0,13,16,19,16,19,14,11,3,10,18,19,19,6,18,7,15,2,12,16,9,6,4,11,13,14,19,6,11,5,10,3,10,0,0,10,9,19,18,17,6,12,6,3,11,2,9,9,5,13,19,8,7,6,6,3,10,11,19,5,8,15,15,18,1,5,1,0,1,10,10,11,3,5,10,15,10,7,2,0,0,10,5,9,16,3,19,11,10,5,3,0,7,19,18,1,4,12,9,15,18,7,7,0,3,18,11,1,9,16,19,11,19,2,0,2",-0.530449,0.2982459,3.0,0.04404474,70.93615,0.048261054,1.0,0.048261054,0.3148491,0.012327533,0.0,0.0,0.04404474,0.005905689,0.85679454,0.3148491,3.498417,1.2897892,70.93615,-0.530449,3.9138367,213.52312,0.012043728,0.03982843,1.0,213.52312,0.25921655,0.14320546,3.498417,0.005905689,0.012611339,0.2982459,0.0,1.2897892,3.9138367,0.012043728,0.530449,0.0,0.012611339,0.530449,0.58523786,0.03982843,1.0,0.012327533,lookahead,beam_orig2_bm0-s0to50br0
/work/T-REX/external/Proteina-Complexa/inference/search_binder_local_pipeline_32_PDL1_ALPHA_REPACK_v7_r003_cand_v7r003_hyp_0003_01_002_a3eb57b720db7/job_0_n_180_id_0_beam_orig3_bm0-s0to50br0/job_0_n_180_id_0_beam_orig3_bm0-s0to50br0.pdb,3,"2,0,13,16,19,16,19,14,11,3,10,18,19,19,6,18,7,15,2,12,16,9,6,4,11,13,14,19,6,11,5,10,3,10,0,0,10,9,19,18,17,6,12,6,3,11,2,9,9,5,13,19,8,7,6,6,3,10,11,19,5,8,15,15,18,1,5,1,0,1,10,10,11,3,5,10,15,10,7,2,0,0,10,5,9,16,3,19,11,10,5,3,0,7,19,18,1,4,12,9,15,18,7,7,0,3,18,11,1,9,16,19,11,19,2,0,0,19,14,0,10,9,11,10,10,11,8,11,3,11,11,19,1,5,2,0,0,13,0,10,7,19,9,7,3,6,1,0,19,6,0,10,11,0,0,10,11,3,14,6,9,15,11,15,6,3,19,19,11,0,10,11,12,0,9,6,1,9,6,11,0,0,0,0,0,0,0,0,0,0,0,0,0,0,0,0,0,0,0,0,0,0,0,0,0,0,0,0,0,0,0,0,0,0,0,0,0,0,0,0,0,0,0,0,0,0,0,0,0,0,0,0,0",-0.44948354,0.25252318,3.0,0.060940355,117.171555,0.06527919,1.0,0.06527919,0.31711537,0.0143639175,0.0,0.0,0.060940355,0.0025516357,0.8142026,0.31711537,12.144985,1.5268654,117.171555,-0.44948354,3.3652616,254.88014,0.013287019,0.05660152,1.0,254.88014,0.34224713,0.1857974,12.144985,0.0025516357,0.015440816,0.25252318,0.0,1.5268654,3.3652616,0.013287019,0.44948354,0.0,0.015440816,0.44948354,0.69538176,0.05660152,1.0,0.0143639175,lookahead,beam_orig3_bm0-s0to50br0
/work/T-REX/external/Proteina-Complexa/inference/search_binder_local_pipeline_32_PDL1_ALPHA_REPACK_v7_r003_cand_v7r003_hyp_0003_01_002_a3eb57b720db7/job_0_n_176_id_1_beam_orig0_bm0-s0to50br1/job_0_n_176_id_1_beam_orig0_bm0-s0to50br1.pdb,4,"2,0,13,16,19,16,19,14,11,3,10,18,19,19,6,18,7,15,2,12,16,9,6,4,11,13,14,19,6,11,5,10,3,10,0,0,10,9,19,18,17,6,12,6,3,11,2,9,9,5,13,19,8,7,6,6,3,10,11,19,5,8,15,15,18,1,5,1,0,1,10,10,11,3,5,10,15,10,7,2,0,0,10,5,9,16,3,19,11,10,5,3,0,7,19,18,1,4,12,9,15,18,7,7,0,3,18,11,1,9,16,19,11,19,2,0,16,10,6,6,0,9,6,10,2,11,1,7,15,6,6,10,0,11,7,2,18,3,6,0,0,11,10,13,5,1,0,13,6,9,1,11,11,0,10,7,3,3,8,6,3,16,11,11,15,1,3,17,10,19,13,19,6,11,10,11,0,0,0,0,0,0,0,0,0,0,0,0,0,0,0,0,0,0,0,0,0,0,0,0,0,0,0,0,0,0,0,0,0,0,0,0,0,0,0,0,0,0,0,0,0,0,0,0,0,0,0,0,0,0,0,0,0",-0.19796902,0.086088516,3.0,0.35555518,29.454996,0.422036,1.0,0.422036,0.15440649,0.35555518,0.0,0.0,0.35555518,0.002041647,0.89958054,0.15440649,1.175401,1.5257763,29.454996,-0.19796902,2.3810492,150.28156,0.2890744,0.2890744,1.0,150.28156,0.7239784,0.10041946,1.175401,0.002041647,0.422036,0.086088516,0.0,1.5257763,2.3810492,0.2890744,0.19796902,0.0,0.422036,0.19796902,0.83487916,0.2890744,1.0,0.35555518,lookahead,beam_orig0_bm0-s0to50br1
/work/T-REX/external/Proteina-Complexa/inference/search_binder_local_pipeline_32_PDL1_ALPHA_REPACK_v7_r003_cand_v7r003_hyp_0003_01_002_a3eb57b720db7/job_0_n_229_id_1_beam_orig1_bm0-s0to50br1/job_0_n_229_id_1_beam_orig1_bm0-s0to50br1.pdb,5,"2,0,13,16,19,16,19,14,11,3,10,18,19,19,6,18,7,15,2,12,16,9,6,4,11,13,14,19,6,11,5,10,3,10,0,0,10,9,19,18,17,6,12,6,3,11,2,9,9,5,13,19,8,7,6,6,3,10,11,19,5,8,15,15,18,1,5,1,0,1,10,10,11,3,5,10,15,10,7,2,0,0,10,5,9,16,3,19,11,10,5,3,0,7,19,18,1,4,12,9,15,18,7,7,0,3,18,11,1,9,16,19,11,19,2,0,16,19,16,19,14,11,3,10,18,19,19,6,18,7,15,2,12,16,9,6,4,11,13,14,19,6,11,5,10,3,10,0,0,10,9,19,18,17,6,12,6,3,11,2,9,9,5,13,19,8,7,6,6,3,10,11,19,5,8,15,15,18,1,5,1,0,1,10,10,11,3,5,10,15,10,7,2,0,0,10,5,9,16,3,19,11,10,5,3,0,7,19,18,1,4,12,9,15,18,7,7,0,3,18,11,1,9,16,19,11,19,2,0,0,0,0,0",-0.5367152,0.3078218,3.0,0.037404116,67.37414,0.039860643,1.0,0.039860643,0.31722736,0.011704198,0.0,0.0,0.037404116,0.001788132,0.86164016,0.31722736,3.2408023,1.2924051,67.37414,-0.5367152,3.9163237,216.96495,0.011343481,0.03494759,1.0,216.96495,0.24948852,0.13835984,3.2408023,0.001788132,0.012064915,0.3078218,0.0,1.2924051,3.9163237,0.011343481,0.5367152,0.0,0.012064915,0.5367152,0.58178675,0.03494759,1.0,0.011704198,lookahead,beam_orig1_bm0-s0to50br1
/work/T-REX/external/Proteina-Complexa/inference/search_binder_local_pipeline_32_PDL1_ALPHA_REPACK_v7_r003_cand_v7r003_hyp_0003_01_002_a3eb57b720db7/job_0_n_233_id_1_beam_orig2_bm0-s0to50br1/job_0_n_233_id_1_beam_orig2_bm0-s0to50br1.pdb,6,"2,0,13,16,19,16,19,14,11,3,10,18,19,19,6,18,7,15,2,12,16,9,6,4,11,13,14,19,6,11,5,10,3,10,0,0,10,9,19,18,17,6,12,6,3,11,2,9,9,5,13,19,8,7,6,6,3,10,11,19,5,8,15,15,18,1,5,1,0,1,10,10,11,3,5,10,15,10,7,2,0,0,10,5,9,16,3,19,11,10,5,3,0,7,19,18,1,4,12,9,15,18,7,7,0,3,18,11,1,9,16,19,11,19,2,0,2,0,13,16,19,16,19,14,11,3,10,18,19,19,6,18,7,15,2,12,16,9,6,4,11,13,14,19,6,11,5,10,3,10,0,0,10,9,19,18,17,6,12,6,3,11,2,9,9,5,13,19,8,7,6,6,3,10,11,19,5,8,15,15,18,1,5,1,0,1,10,10,11,3,5,10,15,10,7,2,0,0,10,5,9,16,3,19,11,10,5,3,0,7,19,18,1,4,12,9,15,18,7,7,0,3,18,11,1,9,16,19,11,19,2,0,14",-0.5395148,0.30881166,3.0,0.038612776,59.668083,0.041133087,1.0,0.041133087,0.31813955,0.011883193,0.0,0.0,0.038612776,0.002863817,0.85944927,0.31813955,3.2690709,1.2908365,59.668083,-0.5395148,3.9353566,202.7215,0.011620425,0.03609246,1.0,202.7215,0.2511647,0.14055076,3.2690709,0.002863817,0.012145961,0.30881166,0.0,1.2908365,3.9353566,0.011620425,0.5395148,0.0,0.012145961,0.5395148,0.58173704,0.03609246,1.0,0.011883193,lookahead,beam_orig2_bm0-s0to50br1
/work/T-REX/external/Proteina-Complexa/inference/search_binder_local_pipeline_32_PDL1_ALPHA_REPACK_v7_r003_cand_v7r003_hyp_0003_01_002_a3eb57b720db7/job_0_n_180_id_1_beam_orig3_bm0-s0to50br1/job_0_n_180_id_1_beam_orig3_bm0-s0to50br1.pdb,7,"2,0,13,16,19,16,19,14,11,3,10,18,19,19,6,18,7,15,2,12,16,9,6,4,11,13,14,19,6,11,5,10,3,10,0,0,10,9,19,18,17,6,12,6,3,11,2,9,9,5,13,19,8,7,6,6,3,10,11,19,5,8,15,15,18,1,5,1,0,1,10,10,11,3,5,10,15,10,7,2,0,0,10,5,9,16,3,19,11,10,5,3,0,7,19,18,1,4,12,9,15,18,7,7,0,3,18,11,1,9,16,19,11,19,2,0,10,3,7,11,9,16,0,19,3,6,11,3,8,16,1,13,17,10,5,16,3,3,2,6,6,18,10,19,9,15,3,11,6,13,15,14,15,10,9,7,0,11,19,8,19,6,7,11,13,9,7,14,11,5,10,5,0,16,11,0,0,10,19,14,0,0,0,0,0,0,0,0,0,0,0,0,0,0,0,0,0,0,0,0,0,0,0,0,0,0,0,0,0,0,0,0,0,0,0,0,0,0,0,0,0,0,0,0,0,0,0,0,0,0,0,0,0",-0.72911644,0.5915832,3.0,0.0029813214,124.65953,0.005962643,1.0,0.005962643,0.5021511,0.0,0.0,0.0,0.0029813214,0.004361947,0.7689692,0.5021511,18.077963,1.4839482,124.65953,-0.72911644,4.312047,254.36981,0.0,0.0,1.0,254.36981,0.1308093,0.23103085,18.077963,0.004361947,0.0,0.5915832,0.0,1.4839482,4.312047,0.0,0.72911644,0.0,0.0,0.72911644,0.6276103,0.0,1.0,0.0,lookahead,beam_orig3_bm0-s0to50br1
/work/T-REX/external/Proteina-Complexa/inference/search_binder_local_pipeline_32_PDL1_ALPHA_REPACK_v7_r003_cand_v7r003_hyp_0003_01_002_a3eb57b720db7/job_0_n_176_id_2_beam_orig0_bm0-s0to50br2/job_0_n_176_id_2_beam_orig0_bm0-s0to50br2.pdb,8,"2,0,13,16,19,16,19,14,11,3,10,18,19,19,6,18,7,15,2,12,16,9,6,4,11,13,14,19,6,11,5,10,3,10,0,0,10,9,19,18,17,6,12,6,3,11,2,9,9,5,13,19,8,7,6,6,3,10,11,19,5,8,15,15,18,1,5,1,0,1,10,10,11,3,5,10,15,10,7,2,0,0,10,5,9,16,3,19,11,10,5,3,0,7,19,18,1,4,12,9,15,18,7,7,0,3,18,11,1,9,16,19,11,19,2,0,10,7,3,1,10,9,2,0,1,11,6,11,7,10,16,19,5,3,10,0,3,11,0,7,19,15,19,15,16,9,15,1,9,6,12,2,11,9,16,14,15,10,5,16,9,5,11,10,0,3,0,10,3,19,14,19,15,18,10,10,0,0,0,0,0,0,0,0,0,0,0,0,0,0,0,0,0,0,0,0,0,0,0,0,0,0,0,0,0,0,0,0,0,0,0,0,0,0,0,0,0,0,0,0,0,0,0,0,0,0,0,0,0,0,0,0,0",-0.579454,0.3625466,3.0,0.010188694,121.422676,0.01417761,1.0,0.01417761,0.40701038,0.006019163,0.0,0.0,0.010188694,0.0021183572,0.79341924,0.40701038,16.12755,1.5693655,121.422676,-0.579454,3.9159913,254.47816,0.0,0.0061997785,1.0,254.47816,0.2043034,0.20658074,16.12755,0.0021183572,0.012038326,0.3625466,0.0,1.5693655,3.9159913,0.0,0.579454,0.0,0.012038326,0.579454,0.65862143,0.0061997785,1.0,0.006019163,lookahead,beam_orig0_bm0-s0to50br2
/work/T-REX/external/Proteina-Complexa/inference/search_binder_local_pipeline_32_PDL1_ALPHA_REPACK_v7_r003_cand_v7r003_hyp_0003_01_002_a3eb57b720db7/job_0_n_229_id_2_beam_orig1_bm0-s0to50br2/job_0_n_229_id_2_beam_orig1_bm0-s0to50br2.pdb,9,"2,0,13,16,19,16,19,14,11,3,10,18,19,19,6,18,7,15,2,12,16,9,6,4,11,13,14,19,6,11,5,10,3,10,0,0,10,9,19,18,17,6,12,6,3,11,2,9,9,5,13,19,8,7,6,6,3,10,11,19,5,8,15,15,18,1,5,1,0,1,10,10,11,3,5,10,15,10,7,2,0,0,10,5,9,16,3,19,11,10,5,3,0,7,19,18,1,4,12,9,15,18,7,7,0,3,18,11,1,9,16,19,11,19,2,0,16,19,16,19,14,11,3,10,18,19,19,6,18,7,15,2,12,16,9,6,4,11,13,14,19,6,11,5,10,3,10,0,0,10,9,19,18,17,6,12,6,3,11,2,9,9,5,13,19,8,7,6,6,3,10,11,19,5,8,15,15,18,1,5,1,0,1,10,10,11,3,5,10,15,10,7,2,0,0,10,5,9,16,3,19,11,10,5,3,0,7,19,18,1,4,12,9,15,18,7,7,0,3,18,11,1,9,16,19,11,19,2,0,0,0,0,0",-0.5370281,0.30814293,3.0,0.03733676,66.85126,0.03973469,1.0,0.03973469,0.31779873,0.0117144305,0.0,0.0,0.03733676,0.0018008187,0.86134136,0.31779873,3.4157734,1.2973489,66.85126,-0.5370281,3.9180665,209.8724,0.011525958,0.03493883,1.0,209.8724,0.2516538,0.13865866,3.4157734,0.0018008187,0.011902902,0.30814293,0.0,1.2973489,3.9180665,0.011525958,0.5370281,0.0,0.011902902,0.5370281,0.58281386,0.03493883,1.0,0.0117144305,lookahead,beam_orig1_bm0-s0to50br2
/work/T-REX/external/Proteina-Complexa/inference/search_binder_local_pipeline_32_PDL1_ALPHA_REPACK_v7_r003_cand_v7r003_hyp_0003_01_002_a3eb57b720db7/job_0_n_233_id_2_beam_orig2_bm0-s0to50br2/job_0_n_233_id_2_beam_orig2_bm0-s0to50br2.pdb,10,"2,0,13,16,19,16,19,14,11,3,10,18,19,19,6,18,7,15,2,12,16,9,6,4,11,13,14,19,6,11,5,10,3,10,0,0,10,9,19,18,17,6,12,6,3,11,2,9,9,5,13,19,8,7,6,6,3,10,11,19,5,8,15,15,18,1,5,1,0,1,10,10,11,3,5,10,15,10,7,2,0,0,10,5,9,16,3,19,11,10,5,3,0,7,19,18,1,4,12,9,15,18,7,7,0,3,18,11,1,9,16,19,11,19,2,0,0,13,16,19,16,19,14,11,3,10,18,19,19,6,18,7,15,2,12,16,9,6,4,11,13,14,19,6,11,5,10,3,10,0,0,10,9,19,18,17,6,12,6,3,11,2,9,9,5,13,19,8,7,6,6,3,10,11,19,5,8,15,15,18,1,5,1,0,1,10,10,11,3,5,10,15,10,7,2,0,0,10,5,9,16,3,19,11,10,5,3,0,7,19,18,1,4,12,9,15,18,7,7,0,3,18,11,1,9,16,19,11,19,2,0,0,0",-0.51130444,0.2726328,3.0,0.05426542,65.72454,0.056039914,1.0,0.056039914,0.30535948,0.013569523,0.0,0.0,0.05426542,0.002653624,0.85849583,0.30535948,5.3419223,1.2781767,65.72454,-0.51130444,3.8647068,196.21373,0.013150356,0.052490927,1.0,196.21373,0.27321386,0.14150418,5.3419223,0.002653624,0.01398869,0.2726328,0.0,1.2781767,3.8647068,0.013150356,0.51130444,0.0,0.01398869,0.51130444,0.59307873,0.052490927,1.0,0.013569523,lookahead,beam_orig2_bm0-s0to50br2
/work/T-REX/external/Proteina-Complexa/inference/search_binder_local_pipeline_32_PDL1_ALPHA_REPACK_v7_r003_cand_v7r003_hyp_0003_01_002_a3eb57b720db7/job_0_n_180_id_2_beam_orig3_bm0-s0to50br2/job_0_n_180_id_2_beam_orig3_bm0-s0to50br2.pdb,11,"2,0,13,16,19,16,19,14,11,3,10,18,19,19,6,18,7,15,2,12,16,9,6,4,11,13,14,19,6,11,5,10,3,10,0,0,10,9,19,18,17,6,12,6,3,11,2,9,9,5,13,19,8,7,6,6,3,10,11,19,5,8,15,15,18,1,5,1,0,1,10,10,11,3,5,10,15,10,7,2,0,0,10,5,9,16,3,19,11,10,5,3,0,7,19,18,1,4,12,9,15,18,7,7,0,3,18,11,1,9,16,19,11,19,2,0,0,8,13,2,10,7,2,10,18,11,15,5,7,1,10,3,6,0,6,11,0,18,1,1,0,10,6,9,11,14,3,13,0,6,0,8,16,2,10,0,10,10,10,6,6,5,7,1,10,3,6,0,1,11,19,1,6,11,7,11,6,0,4,14,0,0,0,0,0,0,0,0,0,0,0,0,0,0,0,0,0,0,0,0,0,0,0,0,0,0,0,0,0,0,0,0,0,0,0,0,0,0,0,0,0,0,0,0,0,0,0,0,0,0,0,0,0",-0.65815276,0.47440147,3.0,0.005587886,120.885925,0.0062497463,1.0,0.0062497463,0.45613444,0.0,0.0,0.0,0.005587886,0.02306173,0.77947766,0.45613444,19.051737,1.472108,120.885925,-0.65815276,4.21465,275.66138,0.0,0.0049260254,1.0,275.66138,0.17392856,0.22052234,19.051737,0.02306173,0.0,0.47440147,0.0,1.472108,4.21465,0.0,0.65815276,0.0,0.0,0.65815276,0.6381428,0.0049260254,1.0,0.0,lookahead,beam_orig3_bm0-s0to50br2
/work/T-REX/external/Proteina-Complexa/inference/search_binder_local_pipeline_32_PDL1_ALPHA_REPACK_v7_r003_cand_v7r003_hyp_0003_01_002_a3eb57b720db7/job_0_n_176_id_3_beam_orig0_bm0-s0to50br3/job_0_n_176_id_3_beam_orig0_bm0-s0to50br3.pdb,12,"2,0,13,16,19,16,19,14,11,3,10,18,19,19,6,18,7,15,2,12,16,9,6,4,11,13,14,19,6,11,5,10,3,10,0,0,10,9,19,18,17,6,12,6,3,11,2,9,9,5,13,19,8,7,6,6,3,10,11,19,5,8,15,15,18,1,5,1,0,1,10,10,11,3,5,10,15,10,7,2,0,0,10,5,9,16,3,19,11,10,5,3,0,7,19,18,1,4,12,9,15,18,7,7,0,3,18,11,1,9,16,19,11,19,2,0,15,12,15,6,9,1,11,16,13,13,9,3,11,19,1,15,6,10,7,6,3,18,0,6,11,19,1,2,7,15,6,3,3,9,6,10,9,10,11,11,10,15,10,15,14,6,3,11,6,6,10,6,11,9,9,11,6,2,1,0,0,0,0,0,0,0,0,0,0,0,0,0,0,0,0,0,0,0,0,0,0,0,0,0,0,0,0,0,0,0,0,0,0,0,0,0,0,0,0,0,0,0,0,0,0,0,0,0,0,0,0,0,0,0,0,0,0",-0.27267274,0.09371575,3.0,0.29655212,57.545628,0.3540556,1.0,0.3540556,0.23427227,0.29655212,0.0,0.0,0.29655212,0.009495282,0.7708237,0.23427227,2.1001089,2.348435,57.545628,-0.27267274,2.8519661,213.235,0.2390486,0.2390486,1.0,213.235,0.6209289,0.22917628,2.1001089,0.009495282,0.3540556,0.09371575,0.0,2.348435,2.8519661,0.2390486,0.27267274,0.0,0.3540556,0.27267274,0.80929893,0.2390486,1.0,0.29655212,lookahead,beam_orig0_bm0-s0to50br3
/work/T-REX/external/Proteina-Complexa/inference/search_binder_local_pipeline_32_PDL1_ALPHA_REPACK_v7_r003_cand_v7r003_hyp_0003_01_002_a3eb57b720db7/job_0_n_229_id_3_beam_orig1_bm0-s0to50br3/job_0_n_229_id_3_beam_orig1_bm0-s0to50br3.pdb,13,"2,0,13,16,19,16,19,14,11,3,10,18,19,19,6,18,7,15,2,12,16,9,6,4,11,13,14,19,6,11,5,10,3,10,0,0,10,9,19,18,17,6,12,6,3,11,2,9,9,5,13,19,8,7,6,6,3,10,11,19,5,8,15,15,18,1,5,1,0,1,10,10,11,3,5,10,15,10,7,2,0,0,10,5,9,16,3,19,11,10,5,3,0,7,19,18,1,4,12,9,15,18,7,7,0,3,18,11,1,9,16,19,11,19,2,0,19,16,19,14,11,3,10,18,19,19,6,18,7,15,2,12,16,9,6,4,11,13,14,19,6,11,5,10,3,10,0,0,10,9,19,18,17,6,12,6,3,11,2,9,9,5,13,19,8,7,6,6,3,10,11,19,5,8,15,15,18,1,5,1,0,1,10,10,11,3,5,10,15,10,7,2,0,0,10,5,9,16,3,19,11,10,5,3,0,7,19,18,1,4,12,9,15,18,7,7,0,3,18,11,1,9,16,19,11,19,2,0,14,0,0,0,0",-0.5563518,0.32365692,3.0,0.028537342,69.93021,0.03058184,1.0,0.03058184,0.32861772,0.0057993485,0.0,0.0,0.028537342,0.0022102094,0.8618697,0.32861772,3.059162,1.3021637,69.93021,-0.5563518,3.987168,209.34001,0.0,0.026492845,1.0,209.34001,0.23786283,0.13813028,3.059162,0.0022102094,0.011598697,0.32365692,0.0,1.3021637,3.987168,0.0,0.5563518,0.0,0.011598697,0.5563518,0.5761073,0.026492845,1.0,0.0057993485,lookahead,beam_orig1_bm0-s0to50br3
/work/T-REX/external/Proteina-Complexa/inference/search_binder_local_pipeline_32_PDL1_ALPHA_REPACK_v7_r003_cand_v7r003_hyp_0003_01_002_a3eb57b720db7/job_0_n_233_id_3_beam_orig2_bm0-s0to50br3/job_0_n_233_id_3_beam_orig2_bm0-s0to50br3.pdb,14,"2,0,13,16,19,16,19,14,11,3,10,18,19,19,6,18,7,15,2,12,16,9,6,4,11,13,14,19,6,11,5,10,3,10,0,0,10,9,19,18,17,6,12,6,3,11,2,9,9,5,13,19,8,7,6,6,3,10,11,19,5,8,15,15,18,1,5,1,0,1,10,10,11,3,5,10,15,10,7,2,0,0,10,5,9,16,3,19,11,10,5,3,0,7,19,18,1,4,12,9,15,18,7,7,0,3,18,11,1,9,16,19,11,19,2,0,0,13,16,19,16,19,14,11,3,10,18,19,19,6,18,7,15,2,12,16,9,6,4,11,13,14,19,6,11,5,10,3,10,0,0,10,9,19,18,17,6,12,6,3,11,2,9,9,5,13,19,8,7,6,6,3,10,11,19,5,8,15,15,18,1,5,1,0,1,10,10,11,3,5,10,15,10,7,2,0,0,10,5,9,16,3,19,11,10,5,3,0,7,19,18,1,4,12,9,15,18,7,7,0,3,18,11,1,9,16,19,11,19,2,0,13,14",-0.5360036,0.30187604,3.0,0.042790785,102.1525,0.04507772,1.0,0.04507772,0.31860635,0.012035675,0.0,0.0,0.042790785,0.0031336762,0.84343606,0.31860635,16.422964,1.3052366,102.1525,-0.5360036,3.9299855,197.85251,0.011823138,0.040503852,1.0,197.85251,0.26167136,0.15656392,16.422964,0.0031336762,0.012248213,0.30187604,0.0,1.3052366,3.9299855,0.011823138,0.5360036,0.0,0.012248213,0.5360036,0.5862156,0.040503852,1.0,0.012035675,lookahead,beam_orig2_bm0-s0to50br3
/work/T-REX/external/Proteina-Complexa/inference/search_binder_local_pipeline_32_PDL1_ALPHA_REPACK_v7_r003_cand_v7r003_hyp_0003_01_002_a3eb57b720db7/job_0_n_180_id_3_beam_orig3_bm0-s0to50br3/job_0_n_180_id_3_beam_orig3_bm0-s0to50br3.pdb,15,"2,0,13,16,19,16,19,14,11,3,10,18,19,19,6,18,7,15,2,12,16,9,6,4,11,13,14,19,6,11,5,10,3,10,0,0,10,9,19,18,17,6,12,6,3,11,2,9,9,5,13,19,8,7,6,6,3,10,11,19,5,8,15,15,18,1,5,1,0,1,10,10,11,3,5,10,15,10,7,2,0,0,10,5,9,16,3,19,11,10,5,3,0,7,19,18,1,4,12,9,15,18,7,7,0,3,18,11,1,9,16,19,11,19,2,0,2,0,0,3,0,2,7,3,16,14,10,8,9,0,0,1,13,7,5,10,6,9,19,6,19,10,10,11,8,7,0,3,19,2,0,5,3,11,13,7,11,16,14,13,3,9,0,10,3,2,7,2,6,3,9,0,6,19,10,5,11,0,0,6,0,0,0,0,0,0,0,0,0,0,0,0,0,0,0,0,0,0,0,0,0,0,0,0,0,0,0,0,0,0,0,0,0,0,0,0,0,0,0,0,0,0,0,0,0,0,0,0,0,0,0,0,0",-0.4998723,0.27941763,3.0,0.03876173,121.9493,0.044217996,1.0,0.044217996,0.3581075,0.013625877,0.0,0.0,0.03876173,0.015417169,0.7741004,0.3581075,7.18321,1.555849,121.9493,-0.4998723,3.4311852,230.45549,0.012613933,0.033305466,1.0,230.45549,0.26656106,0.22589955,7.18321,0.015417169,0.01463782,0.27941763,0.0,1.555849,3.4311852,0.012613933,0.4998723,0.0,0.01463782,0.4998723,0.671018,0.033305466,1.0,0.013625877,lookahead,beam_orig3_bm0-s0to50br3
/work/T-REX/external/Proteina-Complexa/inference/search_binder_local_pipeline_32_PDL1_ALPHA_REPACK_v7_r003_cand_v7r003_hyp_0003_01_002_a3eb57b720db7/job_0_n_176_id_4_beam_orig0_bm1-s0to50br0/job_0_n_176_id_4_beam_orig0_bm1-s0to50br0.pdb,16,"2,0,13,16,19,16,19,14,11,3,10,18,19,19,6,18,7,15,2,12,16,9,6,4,11,13,14,19,6,11,5,10,3,10,0,0,10,9,19,18,17,6,12,6,3,11,2,9,9,5,13,19,8,7,6,6,3,10,11,19,5,8,15,15,18,1,5,1,0,1,10,10,11,3,5,10,15,10,7,2,0,0,10,5,9,16,3,19,11,10,5,3,0,7,19,18,1,4,12,9,15,18,7,7,0,3,18,11,1,9,16,19,11,19,2,0,3,6,0,10,0,18,18,2,1,7,2,0,18,10,1,10,3,11,10,3,10,0,6,6,3,18,1,11,0,10,6,9,11,14,3,13,0,3,0,1,11,2,10,0,13,19,10,0,19,5,2,11,14,0,6,0,11,11,18,3,0,0,0,0,0,0,0,0,0,0,0,0,0,0,0,0,0,0,0,0,0,0,0,0,0,0,0,0,0,0,0,0,0,0,0,0,0,0,0,0,0,0,0,0,0,0,0,0,0,0,0,0,0,0,0,0,0",-0.5710055,0.30753368,3.0,0.011864573,48.128788,0.013200846,1.0,0.013200846,0.40061593,0.01174798,0.0,0.0,0.011864573,0.0016858608,0.7832404,0.40061593,3.4235163,1.2971241,48.128788,-0.5710055,3.7167099,232.86955,0.011735581,0.010528301,1.0,232.86955,0.19481048,0.2167596,3.4235163,0.0016858608,0.011760378,0.30753368,0.0,1.2971241,3.7167099,0.011735581,0.5710055,0.0,0.011760378,0.5710055,0.6555985,0.010528301,1.0,0.01174798,lookahead,beam_orig0_bm1-s0to50br0
/work/T-REX/external/Proteina-Complexa/inference/search_binder_local_pipeline_32_PDL1_ALPHA_REPACK_v7_r003_cand_v7r003_hyp_0003_01_002_a3eb57b720db7/job_0_n_229_id_4_beam_orig1_bm1-s0to50br0/job_0_n_229_id_4_beam_orig1_bm1-s0to50br0.pdb,17,"2,0,13,16,19,16,19,14,11,3,10,18,19,19,6,18,7,15,2,12,16,9,6,4,11,13,14,19,6,11,5,10,3,10,0,0,10,9,19,18,17,6,12,6,3,11,2,9,9,5,13,19,8,7,6,6,3,10,11,19,5,8,15,15,18,1,5,1,0,1,10,10,11,3,5,10,15,10,7,2,0,0,10,5,9,16,3,19,11,10,5,3,0,7,19,18,1,4,12,9,15,18,7,7,0,3,18,11,1,9,16,19,11,19,2,0,13,16,19,16,19,14,11,3,10,18,19,19,6,18,7,15,2,12,16,9,6,4,11,13,14,19,6,11,5,10,3,10,0,0,10,9,19,18,17,6,12,6,3,11,2,9,9,5,13,19,8,7,6,6,3,10,11,19,5,8,15,15,18,1,5,1,0,1,10,10,11,3,5,10,15,10,7,2,0,0,10,5,9,16,3,19,11,10,5,3,0,7,19,18,1,4,12,9,15,18,7,7,0,3,18,11,1,9,16,19,11,19,2,0,0,0,0",-0.52650434,0.30070576,3.0,0.044816323,58.65213,0.04719767,1.0,0.04719767,0.3115885,0.012333473,0.0,0.0,0.044816323,0.0017719369,0.8624472,0.3115885,4.9263,1.2928272,58.65213,-0.52650434,3.8695886,201.53398,0.012176929,0.04243498,1.0,201.53398,0.26328576,0.1375528,4.9263,0.0017719369,0.012490017,0.30070576,0.0,1.2928272,3.8695886,0.012176929,0.52650434,0.0,0.012490017,0.52650434,0.5885305,0.04243498,1.0,0.012333473,lookahead,beam_orig1_bm1-s0to50br0
/work/T-REX/external/Proteina-Complexa/inference/search_binder_local_pipeline_32_PDL1_ALPHA_REPACK_v7_r003_cand_v7r003_hyp_0003_01_002_a3eb57b720db7/job_0_n_233_id_4_beam_orig2_bm1-s0to50br0/job_0_n_233_id_4_beam_orig2_bm1-s0to50br0.pdb,18,"2,0,13,16,19,16,19,14,11,3,10,18,19,19,6,18,7,15,2,12,16,9,6,4,11,13,14,19,6,11,5,10,3,10,0,0,10,9,19,18,17,6,12,6,3,11,2,9,9,5,13,19,8,7,6,6,3,10,11,19,5,8,15,15,18,1,5,1,0,1,10,10,11,3,5,10,15,10,7,2,0,0,10,5,9,16,3,19,11,10,5,3,0,7,19,18,1,4,12,9,15,18,7,7,0,3,18,11,1,9,16,19,11,19,2,0,2,0,13,16,19,16,19,14,11,3,10,18,19,19,6,18,7,15,2,12,16,9,6,4,11,13,14,19,6,11,5,10,3,10,0,0,10,9,19,18,17,6,12,6,3,11,2,9,9,5,13,19,8,7,6,6,3,10,11,19,5,8,15,15,18,1,5,1,0,1,10,10,11,3,5,10,15,10,7,2,0,0,10,5,9,16,3,19,11,10,5,3,0,7,19,18,1,4,12,9,15,18,7,7,0,3,18,11,1,9,16,19,11,19,2,0,14",-0.5242538,0.2940912,3.0,0.048797667,82.02325,0.0514294,1.0,0.0514294,0.31055132,0.012474043,0.0,0.0,0.048797667,0.0028134931,0.8589157,0.31055132,2.5989048,1.2903117,82.02325,-0.5242538,3.898739,213.0918,0.012053318,0.04616594,1.0,213.0918,0.264958,0.14108428,2.5989048,0.0028134931,0.012894769,0.2940912,0.0,1.2903117,3.898739,0.012053318,0.5242538,0.0,0.012894769,0.5242538,0.5882831,0.04616594,1.0,0.012474043,lookahead,beam_orig2_bm1-s0to50br0
/work/T-REX/external/Proteina-Complexa/inference/search_binder_local_pipeline_32_PDL1_ALPHA_REPACK_v7_r003_cand_v7r003_hyp_0003_01_002_a3eb57b720db7/job_0_n_180_id_4_beam_orig3_bm1-s0to50br0/job_0_n_180_id_4_beam_orig3_bm1-s0to50br0.pdb,19,"2,0,13,16,19,16,19,14,11,3,10,18,19,19,6,18,7,15,2,12,16,9,6,4,11,13,14,19,6,11,5,10,3,10,0,0,10,9,19,18,17,6,12,6,3,11,2,9,9,5,13,19,8,7,6,6,3,10,11,19,5,8,15,15,18,1,5,1,0,1,10,10,11,3,5,10,15,10,7,2,0,0,10,5,9,16,3,19,11,10,5,3,0,7,19,18,1,4,12,9,15,18,7,7,0,3,18,11,1,9,16,19,11,19,2,0,19,15,6,3,8,9,0,11,10,2,6,12,10,10,3,15,0,1,0,7,18,3,3,17,19,1,6,10,10,11,0,7,0,3,19,2,0,5,3,11,3,7,11,16,0,13,3,9,15,9,3,2,7,8,6,3,9,0,6,9,10,5,11,0,0,0,0,0,0,0,0,0,0,0,0,0,0,0,0,0,0,0,0,0,0,0,0,0,0,0,0,0,0,0,0,0,0,0,0,0,0,0,0,0,0,0,0,0,0,0,0,0,0,0,0,0,0",-0.38155916,0.19003567,3.0,0.10626577,50.642277,0.12395928,1.0,0.12395928,0.2740436,0.057108805,0.0,0.0,0.10626577,0.0045234784,0.84172904,0.2740436,2.6028216,1.4665314,50.642277,-0.38155916,3.1681182,196.38718,0.05497646,0.088572256,1.0,196.38718,0.42281622,0.15827097,2.6028216,0.0045234784,0.05924115,0.19003567,0.0,1.4665314,3.1681182,0.05497646,0.38155916,0.0,0.05924115,0.38155916,0.7217167,0.088572256,1.0,0.057108805,lookahead,beam_orig3_bm1-s0to50br0
/work/T-REX/external/Proteina-Complexa/inference/search_binder_local_pipeline_32_PDL1_ALPHA_REPACK_v7_r003_cand_v7r003_hyp_0003_01_002_a3eb57b720db7/job_0_n_176_id_5_beam_orig0_bm1-s0to50br1/job_0_n_176_id_5_beam_orig0_bm1-s0to50br1.pdb,20,"2,0,13,16,19,16,19,14,11,3,10,18,19,19,6,18,7,15,2,12,16,9,6,4,11,13,14,19,6,11,5,10,3,10,0,0,10,9,19,18,17,6,12,6,3,11,2,9,9,5,13,19,8,7,6,6,3,10,11,19,5,8,15,15,18,1,5,1,0,1,10,10,11,3,5,10,15,10,7,2,0,0,10,5,9,16,3,19,11,10,5,3,0,7,19,18,1,4,12,9,15,18,7,7,0,3,18,11,1,9,16,19,11,19,2,0,12,16,19,11,19,1,19,14,15,8,10,12,6,11,0,15,6,9,1,3,15,11,18,11,7,10,19,16,10,6,14,16,6,7,3,6,9,9,19,6,0,3,15,2,13,6,11,5,9,7,6,6,10,11,11,6,10,6,15,10,0,0,0,0,0,0,0,0,0,0,0,0,0,0,0,0,0,0,0,0,0,0,0,0,0,0,0,0,0,0,0,0,0,0,0,0,0,0,0,0,0,0,0,0,0,0,0,0,0,0,0,0,0,0,0,0,0",-0.5455872,0.33373898,3.0,0.01874782,62.27943,0.02086733,1.0,0.02086733,0.39221942,0.007128283,0.0,0.0,0.01874782,0.0075481785,0.78690284,0.39221942,2.541098,1.6982265,62.27943,-0.5455872,3.8588488,200.9143,0.0,0.01662831,1.0,200.9143,0.23648563,0.21309717,2.541098,0.0075481785,0.014256566,0.33373898,0.0,1.6982265,3.8588488,0.0,0.5455872,0.0,0.014256566,0.5455872,0.670274,0.01662831,1.0,0.007128283,lookahead,beam_orig0_bm1-s0to50br1
/work/T-REX/external/Proteina-Complexa/inference/search_binder_local_pipeline_32_PDL1_ALPHA_REPACK_v7_r003_cand_v7r003_hyp_0003_01_002_a3eb57b720db7/job_0_n_229_id_5_beam_orig1_bm1-s0to50br1/job_0_n_229_id_5_beam_orig1_bm1-s0to50br1.pdb,21,"2,0,13,16,19,16,19,14,11,3,10,18,19,19,6,18,7,15,2,12,16,9,6,4,11,13,14,19,6,11,5,10,3,10,0,0,10,9,19,18,17,6,12,6,3,11,2,9,9,5,13,19,8,7,6,6,3,10,11,19,5,8,15,15,18,1,5,1,0,1,10,10,11,3,5,10,15,10,7,2,0,0,10,5,9,16,3,19,11,10,5,3,0,7,19,18,1,4,12,9,15,18,7,7,0,3,18,11,1,9,16,19,11,19,2,0,0,13,16,19,16,19,14,11,3,10,18,19,19,6,18,7,15,2,12,16,9,6,4,11,13,14,19,6,11,5,10,3,10,0,0,10,9,19,18,17,6,12,6,3,11,2,9,9,5,13,19,8,7,6,6,3,10,11,19,5,8,15,15,18,1,5,1,0,1,10,10,11,3,5,10,15,10,7,2,0,0,10,5,9,16,3,19,11,10,5,3,0,7,19,18,1,4,12,9,15,18,7,7,0,3,18,11,1,9,16,19,11,19,0,0,0,0",-0.52849156,0.30142328,3.0,0.04394132,71.141655,0.04741168,1.0,0.04741168,0.31255862,0.012218232,0.0,0.0,0.04394132,0.0018147964,0.8614558,0.31255862,3.6342835,1.2771196,71.141655,-0.52849156,3.8586907,211.4916,0.011976467,0.040470954,1.0,211.4916,0.260966,0.13854419,3.6342835,0.0018147964,0.012459997,0.30142328,0.0,1.2771196,3.8586907,0.011976467,0.52849156,0.0,0.012459997,0.52849156,0.58798623,0.040470954,1.0,0.012218232,lookahead,beam_orig1_bm1-s0to50br1
/work/T-REX/external/Proteina-Complexa/inference/search_binder_local_pipeline_32_PDL1_ALPHA_REPACK_v7_r003_cand_v7r003_hyp_0003_01_002_a3eb57b720db7/job_0_n_233_id_5_beam_orig2_bm1-s0to50br1/job_0_n_233_id_5_beam_orig2_bm1-s0to50br1.pdb,22,"2,0,13,16,19,16,19,14,11,3,10,18,19,19,6,18,7,15,2,12,16,9,6,4,11,13,14,19,6,11,5,10,3,10,0,0,10,9,19,18,17,6,12,6,3,11,2,9,9,5,13,19,8,7,6,6,3,10,11,19,5,8,15,15,18,1,5,1,0,1,10,10,11,3,5,10,15,10,7,2,0,0,10,5,9,16,3,19,11,10,5,3,0,7,19,18,1,4,12,9,15,18,7,7,0,3,18,11,1,9,16,19,11,19,2,0,2,0,13,16,19,16,19,14,11,3,10,18,19,19,6,18,7,15,2,12,16,9,6,4,11,13,14,19,6,11,5,10,3,10,0,0,10,9,19,18,17,6,12,6,3,11,2,9,9,5,13,19,8,7,6,6,3,10,11,19,5,8,15,15,18,1,5,1,0,1,10,10,11,3,5,10,15,10,7,2,0,0,10,5,9,16,3,19,11,10,5,3,0,7,19,18,1,4,12,9,15,18,7,7,0,3,18,11,1,9,16,19,11,19,2,0,14",-0.5289854,0.29667988,3.0,0.046202354,71.7502,0.04876277,1.0,0.04876277,0.31306657,0.0124702165,0.0,0.0,0.046202354,0.0028819672,0.8587807,0.31306657,2.8413408,1.293292,71.7502,-0.5289854,3.9087234,209.17215,0.012280023,0.043641936,1.0,209.17215,0.2616326,0.14121933,2.8413408,0.0028819672,0.01266041,0.29667988,0.0,1.293292,3.9087234,0.012280023,0.5289854,0.0,0.01266041,0.5289854,0.5869155,0.043641936,1.0,0.0124702165,lookahead,beam_orig2_bm1-s0to50br1
/work/T-REX/external/Proteina-Complexa/inference/search_binder_local_pipeline_32_PDL1_ALPHA_REPACK_v7_r003_cand_v7r003_hyp_0003_01_002_a3eb57b720db7/job_0_n_180_id_5_beam_orig3_bm1-s0to50br1/job_0_n_180_id_5_beam_orig3_bm1-s0to50br1.pdb,23,"2,0,13,16,19,16,19,14,11,3,10,18,19,19,6,18,7,15,2,12,16,9,6,4,11,13,14,19,6,11,5,10,3,10,0,0,10,9,19,18,17,6,12,6,3,11,2,9,9,5,13,19,8,7,6,6,3,10,11,19,5,8,15,15,18,1,5,1,0,1,10,10,11,3,5,10,15,10,7,2,0,0,10,5,9,16,3,19,11,10,5,3,0,7,19,18,1,4,12,9,15,18,7,7,0,3,18,11,1,9,16,19,11,19,2,0,15,6,19,6,3,10,11,11,6,0,6,11,10,11,11,6,0,6,6,11,10,1,3,15,11,10,14,13,3,16,18,11,11,0,10,6,1,19,11,15,7,2,3,18,13,2,11,7,2,18,0,7,0,19,19,6,18,11,11,0,10,3,6,11,0,0,0,0,0,0,0,0,0,0,0,0,0,0,0,0,0,0,0,0,0,0,0,0,0,0,0,0,0,0,0,0,0,0,0,0,0,0,0,0,0,0,0,0,0,0,0,0,0,0,0,0,0",-0.5115541,0.2796503,3.0,0.03771456,63.3955,0.050635878,1.0,0.050635878,0.3568077,0.012570636,0.0,0.0,0.03771456,0.007113169,0.8369623,0.3568077,7.0311937,1.3776237,63.3955,-0.5115541,3.7463593,181.9062,0.012534086,0.024793243,1.0,181.9062,0.26616356,0.1630377,7.0311937,0.007113169,0.012607188,0.2796503,0.0,1.3776237,3.7463593,0.012534086,0.5115541,0.0,0.012607188,0.5115541,0.6669833,0.024793243,1.0,0.012570636,lookahead,beam_orig3_bm1-s0to50br1
/work/T-REX/external/Proteina-Complexa/inference/search_binder_local_pipeline_32_PDL1_ALPHA_REPACK_v7_r003_cand_v7r003_hyp_0003_01_002_a3eb57b720db7/job_0_n_176_id_6_beam_orig0_bm1-s0to50br2/job_0_n_176_id_6_beam_orig0_bm1-s0to50br2.pdb,24,"2,0,13,16,19,16,19,14,11,3,10,18,19,19,6,18,7,15,2,12,16,9,6,4,11,13,14,19,6,11,5,10,3,10,0,0,10,9,19,18,17,6,12,6,3,11,2,9,9,5,13,19,8,7,6,6,3,10,11,19,5,8,15,15,18,1,5,1,0,1,10,10,11,3,5,10,15,10,7,2,0,0,10,5,9,16,3,19,11,10,5,3,0,7,19,18,1,4,12,9,15,18,7,7,0,3,18,11,1,9,16,19,11,19,2,0,0,3,11,8,0,6,10,7,2,13,13,13,11,5,7,5,10,15,6,0,6,11,5,18,1,11,0,10,6,10,11,14,3,18,0,11,0,1,2,2,10,0,0,0,10,10,11,10,7,11,6,3,6,0,10,11,19,18,6,6,0,0,0,0,0,0,0,0,0,0,0,0,0,0,0,0,0,0,0,0,0,0,0,0,0,0,0,0,0,0,0,0,0,0,0,0,0,0,0,0,0,0,0,0,0,0,0,0,0,0,0,0,0,0,0,0,0",-0.25919113,0.11584957,3.0,0.2586129,49.695343,0.32598963,1.0,0.32598963,0.1951952,0.2584372,0.0,0.0,0.2586129,0.0050599487,0.91196024,0.1951952,3.3880894,1.3833082,49.695343,-0.25919113,2.9428947,151.61003,0.19123618,0.19123618,1.0,151.61003,0.651495,0.088039786,3.3880894,0.0050599487,0.32563818,0.11584957,0.0,1.3833082,2.9428947,0.19123618,0.25919113,0.0,0.32563818,0.25919113,0.8071044,0.19123618,1.0,0.2584372,lookahead,beam_orig0_bm1-s0to50br2
/work/T-REX/external/Proteina-Complexa/inference/search_binder_local_pipeline_32_PDL1_ALPHA_REPACK_v7_r003_cand_v7r003_hyp_0003_01_002_a3eb57b720db7/job_0_n_229_id_6_beam_orig1_bm1-s0to50br2/job_0_n_229_id_6_beam_orig1_bm1-s0to50br2.pdb,25,"2,0,13,16,19,16,19,14,11,3,10,18,19,19,6,18,7,15,2,12,16,9,6,4,11,13,14,19,6,11,5,10,3,10,0,0,10,9,19,18,17,6,12,6,3,11,2,9,9,5,13,19,8,7,6,6,3,10,11,19,5,8,15,15,18,1,5,1,0,1,10,10,11,3,5,10,15,10,7,2,0,0,10,5,9,16,3,19,11,10,5,3,0,7,19,18,1,4,12,9,15,18,7,7,0,3,18,11,1,9,16,19,11,19,2,0,0,13,16,19,16,19,14,11,3,10,18,19,19,6,18,7,15,2,12,16,9,6,4,11,13,14,19,6,11,5,10,3,10,0,0,10,9,19,18,17,6,12,6,3,11,2,9,9,5,13,19,8,7,6,6,3,10,11,19,5,8,15,15,18,1,5,1,0,1,10,10,11,3,5,10,15,10,7,2,0,0,10,5,9,16,3,19,11,10,5,3,0,7,19,18,1,4,12,9,15,18,7,7,0,3,18,11,1,9,16,19,11,19,0,0,0,0",-0.5206192,0.29223657,3.0,0.04833111,73.517944,0.05062548,1.0,0.05062548,0.30864525,0.012514299,0.0,0.0,0.04833111,0.0017856781,0.86006314,0.30864525,3.0809615,1.2791378,73.517944,-0.5206192,3.8403196,219.32164,0.012173066,0.046036743,1.0,219.32164,0.26584274,0.13993686,3.0809615,0.0017856781,0.012855531,0.29223657,0.0,1.2791378,3.8403196,0.012173066,0.5206192,0.0,0.012855531,0.5206192,0.59041816,0.046036743,1.0,0.012514299,lookahead,beam_orig1_bm1-s0to50br2
/work/T-REX/external/Proteina-Complexa/inference/search_binder_local_pipeline_32_PDL1_ALPHA_REPACK_v7_r003_cand_v7r003_hyp_0003_01_002_a3eb57b720db7/job_0_n_233_id_6_beam_orig2_bm1-s0to50br2/job_0_n_233_id_6_beam_orig2_bm1-s0to50br2.pdb,26,"2,0,13,16,19,16,19,14,11,3,10,18,19,19,6,18,7,15,2,12,16,9,6,4,11,13,14,19,6,11,5,10,3,10,0,0,10,9,19,18,17,6,12,6,3,11,2,9,9,5,13,19,8,7,6,6,3,10,11,19,5,8,15,15,18,1,5,1,0,1,10,10,11,3,5,10,15,10,7,2,0,0,10,5,9,16,3,19,11,10,5,3,0,7,19,18,1,4,12,9,15,18,7,7,0,3,18,11,1,9,16,19,11,19,2,0,2,0,13,16,19,16,19,14,11,3,10,18,19,19,6,18,7,15,2,12,16,9,6,4,11,13,14,19,6,11,5,10,3,10,0,0,10,9,19,18,17,6,12,6,3,11,2,9,9,5,13,19,8,7,6,6,3,10,11,19,5,8,15,15,18,1,5,1,0,1,10,10,11,3,5,10,15,10,7,2,0,0,10,5,9,16,3,19,11,10,5,3,0,7,19,18,1,4,12,9,15,18,7,7,0,3,18,11,1,9,16,19,11,19,2,0,10",-0.5201228,0.2875897,3.0,0.05075917,85.81234,0.05420146,1.0,0.05420146,0.310223,0.012720924,0.0,0.0,0.05075917,0.0029285266,0.85638165,0.310223,2.6437752,1.3072118,85.81234,-0.5201228,3.882767,215.28423,0.012528606,0.04731688,1.0,215.28423,0.269812,0.14361836,2.6437752,0.0029285266,0.012913242,0.2875897,0.0,1.3072118,3.882767,0.012528606,0.5201228,0.0,0.012913242,0.5201228,0.5893341,0.04731688,1.0,0.012720924,lookahead,beam_orig2_bm1-s0to50br2
/work/T-REX/external/Proteina-Complexa/inference/search_binder_local_pipeline_32_PDL1_ALPHA_REPACK_v7_r003_cand_v7r003_hyp_0003_01_002_a3eb57b720db7/job_0_n_180_id_6_beam_orig3_bm1-s0to50br2/job_0_n_180_id_6_beam_orig3_bm1-s0to50br2.pdb,27,"2,0,13,16,19,16,19,14,11,3,10,18,19,19,6,18,7,15,2,12,16,9,6,4,11,13,14,19,6,11,5,10,3,10,0,0,10,9,19,18,17,6,12,6,3,11,2,9,9,5,13,19,8,7,6,6,3,10,11,19,5,8,15,15,18,1,5,1,0,1,10,10,11,3,5,10,15,10,7,2,0,0,10,5,9,16,3,19,11,10,5,3,0,7,19,18,1,4,12,9,15,18,7,7,0,3,18,11,1,9,16,19,11,19,2,0,15,2,8,14,2,10,0,16,16,18,15,2,10,0,19,19,18,0,15,10,7,11,10,3,6,0,1,5,2,4,13,6,0,10,11,9,18,1,15,10,2,11,14,3,15,6,9,6,0,19,1,3,11,18,2,15,0,10,6,6,0,1,11,11,0,0,0,0,0,0,0,0,0,0,0,0,0,0,0,0,0,0,0,0,0,0,0,0,0,0,0,0,0,0,0,0,0,0,0,0,0,0,0,0,0,0,0,0,0,0,0,0,0,0,0,0,0",-0.6428384,0.43869498,3.0,0.0065973923,125.107574,0.0078320755,1.0,0.0078320755,0.4602763,0.0061157304,0.0,0.0,0.0065973923,0.030597849,0.6842238,0.4602763,18.635172,1.8190352,125.107574,-0.6428384,4.011388,271.56934,0.0,0.005362709,1.0,271.56934,0.18247378,0.3157762,18.635172,0.030597849,0.012231461,0.43869498,0.0,1.8190352,4.011388,0.0,0.6428384,0.0,0.012231461,0.6428384,0.64393175,0.005362709,1.0,0.0061157304,lookahead,beam_orig3_bm1-s0to50br2
/work/T-REX/external/Proteina-Complexa/inference/search_binder_local_pipeline_32_PDL1_ALPHA_REPACK_v7_r003_cand_v7r003_hyp_0003_01_002_a3eb57b720db7/job_0_n_176_id_7_beam_orig0_bm1-s0to50br3/job_0_n_176_id_7_beam_orig0_bm1-s0to50br3.pdb,28,"2,0,13,16,19,16,19,14,11,3,10,18,19,19,6,18,7,15,2,12,16,9,6,4,11,13,14,19,6,11,5,10,3,10,0,0,10,9,19,18,17,6,12,6,3,11,2,9,9,5,13,19,8,7,6,6,3,10,11,19,5,8,15,15,18,1,5,1,0,1,10,10,11,3,5,10,15,10,7,2,0,0,10,5,9,16,3,19,11,10,5,3,0,7,19,18,1,4,12,9,15,18,7,7,0,3,18,11,1,9,16,19,11,19,2,0,15,6,6,6,0,10,5,10,6,11,6,0,11,6,6,6,11,11,7,2,10,6,10,0,0,15,11,18,6,6,0,0,0,10,18,10,11,10,14,5,14,11,9,6,0,10,5,0,10,0,1,0,11,3,10,11,6,11,9,5,0,0,0,0,0,0,0,0,0,0,0,0,0,0,0,0,0,0,0,0,0,0,0,0,0,0,0,0,0,0,0,0,0,0,0,0,0,0,0,0,0,0,0,0,0,0,0,0,0,0,0,0,0,0,0,0,0",-0.30714154,0.13820024,3.0,0.17683765,64.371796,0.22562754,1.0,0.22562754,0.23064944,0.17156836,0.0,0.0,0.17683765,0.002407389,0.87696,0.23064944,5.1518283,1.6114485,64.371796,-0.30714154,2.9042685,164.73474,0.12184263,0.12804776,1.0,164.73474,0.5316097,0.12304,5.1518283,0.002407389,0.22129409,0.13820024,0.0,1.6114485,2.9042685,0.12184263,0.30714154,0.0,0.22129409,0.30714154,0.771241,0.12804776,1.0,0.17156836,lookahead,beam_orig0_bm1-s0to50br3
/work/T-REX/external/Proteina-Complexa/inference/search_binder_local_pipeline_32_PDL1_ALPHA_REPACK_v7_r003_cand_v7r003_hyp_0003_01_002_a3eb57b720db7/job_0_n_229_id_7_beam_orig1_bm1-s0to50br3/job_0_n_229_id_7_beam_orig1_bm1-s0to50br3.pdb,29,"2,0,13,16,19,16,19,14,11,3,10,18,19,19,6,18,7,15,2,12,16,9,6,4,11,13,14,19,6,11,5,10,3,10,0,0,10,9,19,18,17,6,12,6,3,11,2,9,9,5,13,19,8,7,6,6,3,10,11,19,5,8,15,15,18,1,5,1,0,1,10,10,11,3,5,10,15,10,7,2,0,0,10,5,9,16,3,19,11,10,5,3,0,7,19,18,1,4,12,9,15,18,7,7,0,3,18,11,1,9,16,19,11,19,2,0,0,13,16,19,16,19,14,11,3,10,18,19,19,6,18,7,15,2,12,16,9,6,4,11,13,14,19,6,11,5,10,3,10,0,0,10,9,19,18,17,6,12,6,3,11,2,9,9,5,13,19,8,7,6,6,3,10,11,19,5,8,15,15,18,1,5,1,0,1,10,10,11,3,5,10,15,10,7,2,0,0,10,5,9,16,3,19,11,10,5,3,0,7,19,18,1,4,12,9,15,18,7,7,0,3,18,11,1,9,16,19,11,19,0,0,0,0",-0.5263029,0.295321,3.0,0.044749603,50.64976,0.047636896,1.0,0.047636896,0.31140724,0.012513496,0.0,0.0,0.044749603,0.0018468943,0.86086994,0.31140724,2.4490373,1.2742567,50.64976,-0.5263029,3.8531246,205.0085,0.012108588,0.04186231,1.0,205.0085,0.25931078,0.13913006,2.4490373,0.0018468943,0.012918403,0.295321,0.0,1.2742567,3.8531246,0.012108588,0.5263029,0.0,0.012918403,0.5263029,0.5868001,0.04186231,1.0,0.012513496,lookahead,beam_orig1_bm1-s0to50br3
/work/T-REX/external/Proteina-Complexa/inference/search_binder_local_pipeline_32_PDL1_ALPHA_REPACK_v7_r003_cand_v7r003_hyp_0003_01_002_a3eb57b720db7/job_0_n_233_id_7_beam_orig2_bm1-s0to50br3/job_0_n_233_id_7_beam_orig2_bm1-s0to50br3.pdb,30,"2,0,13,16,19,16,19,14,11,3,10,18,19,19,6,18,7,15,2,12,16,9,6,4,11,13,14,19,6,11,5,10,3,10,0,0,10,9,19,18,17,6,12,6,3,11,2,9,9,5,13,19,8,7,6,6,3,10,11,19,5,8,15,15,18,1,5,1,0,1,10,10,11,3,5,10,15,10,7,2,0,0,10,5,9,16,3,19,11,10,5,3,0,7,19,18,1,4,12,9,15,18,7,7,0,3,18,11,1,9,16,19,11,19,2,0,2,0,13,16,19,16,19,14,11,3,10,18,19,19,6,18,7,15,2,12,16,9,6,4,11,13,14,19,6,11,5,10,3,10,0,0,10,9,19,18,17,6,12,6,3,11,2,9,9,5,13,19,8,7,6,6,3,10,11,19,5,8,15,15,18,1,5,1,0,1,10,10,11,3,5,10,15,10,7,2,0,0,10,5,9,16,3,19,11,10,5,3,0,7,19,18,1,4,12,9,15,18,7,7,0,3,18,11,1,9,16,19,11,19,2,0,14",-0.53024375,0.29990527,3.0,0.044323966,56.481976,0.047686063,1.0,0.047686063,0.31332245,0.01235408,0.0,0.0,0.044323966,0.0028403734,0.85959476,0.31332245,3.158552,1.2864388,56.481976,-0.53024375,3.9128156,200.81398,0.012108365,0.040961873,1.0,200.81398,0.25835076,0.14040524,3.158552,0.0028403734,0.012599794,0.29990527,0.0,1.2864388,3.9128156,0.012108365,0.53024375,0.0,0.012599794,0.53024375,0.5853958,0.040961873,1.0,0.01235408,lookahead,beam_orig2_bm1-s0to50br3
/work/T-REX/external/Proteina-Complexa/inference/search_binder_local_pipeline_32_PDL1_ALPHA_REPACK_v7_r003_cand_v7r003_hyp_0003_01_002_a3eb57b720db7/job_0_n_180_id_7_beam_orig3_bm1-s0to50br3/job_0_n_180_id_7_beam_orig3_bm1-s0to50br3.pdb,31,"2,0,13,16,19,16,19,14,11,3,10,18,19,19,6,18,7,15,2,12,16,9,6,4,11,13,14,19,6,11,5,10,3,10,0,0,10,9,19,18,17,6,12,6,3,11,2,9,9,5,13,19,8,7,6,6,3,10,11,19,5,8,15,15,18,1,5,1,0,1,10,10,11,3,5,10,15,10,7,2,0,0,10,5,9,16,3,19,11,10,5,3,0,7,19,18,1,4,12,9,15,18,7,7,0,3,18,11,1,9,16,19,11,19,2,0,11,16,19,16,10,3,15,6,14,15,3,16,9,6,2,19,11,0,11,9,5,3,11,6,7,9,14,14,3,5,5,1,10,9,13,0,7,11,5,10,6,3,7,1,16,10,15,3,18,2,9,5,11,6,15,16,10,8,10,19,10,1,10,1,0,0,0,0,0,0,0,0,0,0,0,0,0,0,0,0,0,0,0,0,0,0,0,0,0,0,0,0,0,0,0,0,0,0,0,0,0,0,0,0,0,0,0,0,0,0,0,0,0,0,0,0,0",-0.6989746,0.53720224,3.0,0.0,123.2332,0.0,1.0,0.0,0.49443018,0.0,0.0,0.0,0.0,0.008093371,0.75663227,0.49443018,17.254286,1.8314674,123.2332,-0.6989746,4.2728977,236.15369,0.0,0.0,1.0,236.15369,0.14474906,0.24336773,17.254286,0.008093371,0.0,0.53720224,0.0,1.8314674,4.2728977,0.0,0.6989746,0.0,0.0,0.6989746,0.6273328,0.0,1.0,0.0,lookahead,beam_orig3_bm1-s0to50br3
/work/T-REX/external/Proteina-Complexa/inference/search_binder_local_pipeline_32_PDL1_ALPHA_REPACK_v7_r003_cand_v7r003_hyp_0003_01_002_a3eb57b720db7/job_0_n_176_id_8_beam_orig0_bm2-s0to50br0/job_0_n_176_id_8_beam_orig0_bm2-s0to50br0.pdb,32,"2,0,13,16,19,16,19,14,11,3,10,18,19,19,6,18,7,15,2,12,16,9,6,4,11,13,14,19,6,11,5,10,3,10,0,0,10,9,19,18,17,6,12,6,3,11,2,9,9,5,13,19,8,7,6,6,3,10,11,19,5,8,15,15,18,1,5,1,0,1,10,10,11,3,5,10,15,10,7,2,0,0,10,5,9,16,3,19,11,10,5,3,0,7,19,18,1,4,12,9,15,18,7,7,0,3,18,11,1,9,16,19,11,19,2,0,15,1,15,11,1,0,11,10,10,13,6,0,7,3,18,6,7,0,9,11,6,18,15,15,9,14,2,14,15,0,0,3,10,10,2,1,0,0,0,18,1,0,9,7,1,6,3,10,0,10,6,3,6,5,0,0,10,11,10,12,0,0,0,0,0,0,0,0,0,0,0,0,0,0,0,0,0,0,0,0,0,0,0,0,0,0,0,0,0,0,0,0,0,0,0,0,0,0,0,0,0,0,0,0,0,0,0,0,0,0,0,0,0,0,0,0,0",-0.5888352,0.35969126,3.0,0.0066770306,89.03402,0.0071166726,1.0,0.0071166726,0.41174197,0.0,0.0,0.0,0.0066770306,0.0028451206,0.7575799,0.41174197,6.250879,1.3096421,89.03402,-0.5888352,3.7788193,221.49603,0.0,0.0062373886,1.0,221.49603,0.17571646,0.2424201,6.250879,0.0028451206,0.0,0.35969126,0.0,1.3096421,3.7788193,0.0,0.5888352,0.0,0.0,0.5888352,0.6467768,0.0062373886,1.0,0.0,lookahead,beam_orig0_bm2-s0to50br0
/work/T-REX/external/Proteina-Complexa/inference/search_binder_local_pipeline_32_PDL1_ALPHA_REPACK_v7_r003_cand_v7r003_hyp_0003_01_002_a3eb57b720db7/job_0_n_229_id_8_beam_orig1_bm2-s0to50br0/job_0_n_229_id_8_beam_orig1_bm2-s0to50br0.pdb,33,"2,0,13,16,19,16,19,14,11,3,10,18,19,19,6,18,7,15,2,12,16,9,6,4,11,13,14,19,6,11,5,10,3,10,0,0,10,9,19,18,17,6,12,6,3,11,2,9,9,5,13,19,8,7,6,6,3,10,11,19,5,8,15,15,18,1,5,1,0,1,10,10,11,3,5,10,15,10,7,2,0,0,10,5,9,16,3,19,11,10,5,3,0,7,19,18,1,4,12,9,15,18,7,7,0,3,18,11,1,9,16,19,11,19,2,0,0,13,16,19,16,19,14,11,3,10,18,19,19,6,18,7,15,2,12,16,9,6,4,11,13,14,19,6,11,5,10,3,10,0,0,10,9,19,18,17,6,12,6,3,11,2,9,9,5,13,19,8,7,6,6,3,10,11,19,5,8,15,15,18,1,5,1,0,1,10,10,11,3,5,10,15,10,7,2,0,0,10,5,9,16,3,19,11,10,5,3,0,7,19,18,1,4,12,9,15,18,7,7,0,3,18,11,1,9,16,19,11,19,0,0,0,0",-0.5221042,0.29573095,3.0,0.048073884,78.400085,0.0510635,1.0,0.0510635,0.30961925,0.012431447,0.0,0.0,0.048073884,0.0018196686,0.86070406,0.30961925,3.266876,1.2826235,78.400085,-0.5221042,3.8430462,222.29494,0.011938961,0.045084268,1.0,222.29494,0.26524198,0.13929592,3.266876,0.0018196686,0.012923934,0.29573095,0.0,1.2826235,3.8430462,0.011938961,0.5221042,0.0,0.012923934,0.5221042,0.58987904,0.045084268,1.0,0.012431447,lookahead,beam_orig1_bm2-s0to50br0
/work/T-REX/external/Proteina-Complexa/inference/search_binder_local_pipeline_32_PDL1_ALPHA_REPACK_v7_r003_cand_v7r003_hyp_0003_01_002_a3eb57b720db7/job_0_n_233_id_8_beam_orig2_bm2-s0to50br0/job_0_n_233_id_8_beam_orig2_bm2-s0to50br0.pdb,34,"2,0,13,16,19,16,19,14,11,3,10,18,19,19,6,18,7,15,2,12,16,9,6,4,11,13,14,19,6,11,5,10,3,10,0,0,10,9,19,18,17,6,12,6,3,11,2,9,9,5,13,19,8,7,6,6,3,10,11,19,5,8,15,15,18,1,5,1,0,1,10,10,11,3,5,10,15,10,7,2,0,0,10,5,9,16,3,19,11,10,5,3,0,7,19,18,1,4,12,9,15,18,7,7,0,3,18,11,1,9,16,19,11,19,2,0,0,13,16,19,16,19,14,11,3,10,18,19,19,6,18,7,15,2,12,16,9,6,4,11,13,14,19,6,11,5,10,3,10,0,0,10,9,19,18,17,6,12,6,3,11,2,9,9,5,13,19,8,7,6,6,3,10,11,19,5,8,15,15,18,1,5,1,0,1,10,10,11,3,5,10,15,10,7,2,0,0,10,5,9,16,3,19,11,10,5,3,0,7,19,18,1,4,12,9,15,18,7,7,0,3,18,11,1,9,16,19,11,19,2,0,14,14",-0.5342311,0.30242413,3.0,0.04322072,63.451725,0.04699221,1.0,0.04699221,0.3149251,0.0122858975,0.0,0.0,0.04322072,0.00473649,0.86128306,0.3149251,4.9793572,1.2871045,63.451725,-0.5342311,3.941611,200.44609,0.012001272,0.039449234,1.0,200.44609,0.25825888,0.13871694,4.9793572,0.00473649,0.012570522,0.30242413,0.0,1.2871045,3.941611,0.012001272,0.5342311,0.0,0.012570522,0.5342311,0.58585334,0.039449234,1.0,0.0122858975,lookahead,beam_orig2_bm2-s0to50br0
/work/T-REX/external/Proteina-Complexa/inference/search_binder_local_pipeline_32_PDL1_ALPHA_REPACK_v7_r003_cand_v7r003_hyp_0003_01_002_a3eb57b720db7/job_0_n_180_id_8_beam_orig3_bm2-s0to50br0/job_0_n_180_id_8_beam_orig3_bm2-s0to50br0.pdb,35,"2,0,13,16,19,16,19,14,11,3,10,18,19,19,6,18,7,15,2,12,16,9,6,4,11,13,14,19,6,11,5,10,3,10,0,0,10,9,19,18,17,6,12,6,3,11,2,9,9,5,13,19,8,7,6,6,3,10,11,19,5,8,15,15,18,1,5,1,0,1,10,10,11,3,5,10,15,10,7,2,0,0,10,5,9,16,3,19,11,10,5,3,0,7,19,18,1,4,12,9,15,18,7,7,0,3,18,11,1,9,16,19,11,19,2,0,15,18,13,18,1,7,10,10,1,11,11,6,11,2,18,3,6,0,9,11,3,18,16,6,0,9,1,10,11,14,3,13,0,11,0,18,0,6,1,7,2,0,18,11,6,11,11,2,18,3,6,0,10,11,3,18,2,6,0,9,1,9,11,2,0,0,0,0,0,0,0,0,0,0,0,0,0,0,0,0,0,0,0,0,0,0,0,0,0,0,0,0,0,0,0,0,0,0,0,0,0,0,0,0,0,0,0,0,0,0,0,0,0,0,0,0,0",-0.7241294,0.5640152,3.0,0.0024325915,120.97154,0.004865183,1.0,0.004865183,0.48908776,0.0,0.0,0.0,0.0024325915,0.0022745207,0.8394593,0.48908776,18.502302,1.2801657,120.97154,-0.7241294,4.196063,215.9016,0.0,0.0,1.0,215.9016,0.15457287,0.16054073,18.502302,0.0022745207,0.0,0.5640152,0.0,1.2801657,4.196063,0.0,0.7241294,0.0,0.0,0.7241294,0.62429786,0.0,1.0,0.0,lookahead,beam_orig3_bm2-s0to50br0
/work/T-REX/external/Proteina-Complexa/inference/search_binder_local_pipeline_32_PDL1_ALPHA_REPACK_v7_r003_cand_v7r003_hyp_0003_01_002_a3eb57b720db7/job_0_n_176_id_9_beam_orig0_bm2-s0to50br1/job_0_n_176_id_9_beam_orig0_bm2-s0to50br1.pdb,36,"2,0,13,16,19,16,19,14,11,3,10,18,19,19,6,18,7,15,2,12,16,9,6,4,11,13,14,19,6,11,5,10,3,10,0,0,10,9,19,18,17,6,12,6,3,11,2,9,9,5,13,19,8,7,6,6,3,10,11,19,5,8,15,15,18,1,5,1,0,1,10,10,11,3,5,10,15,10,7,2,0,0,10,5,9,16,3,19,11,10,5,3,0,7,19,18,1,4,12,9,15,18,7,7,0,3,18,11,1,9,16,19,11,19,2,0,6,9,15,11,13,10,0,16,11,18,13,4,6,0,11,3,6,6,0,0,7,2,10,6,6,0,0,2,11,18,2,11,0,7,11,9,18,6,11,10,7,6,10,3,10,0,6,2,0,18,11,11,0,19,6,9,18,11,11,10,0,0,0,0,0,0,0,0,0,0,0,0,0,0,0,0,0,0,0,0,0,0,0,0,0,0,0,0,0,0,0,0,0,0,0,0,0,0,0,0,0,0,0,0,0,0,0,0,0,0,0,0,0,0,0,0,0",-0.35388613,0.17491709,3.0,0.1256626,45.015095,0.15999907,1.0,0.15999907,0.2576708,0.09009053,0.0,0.0,0.1256626,0.002237632,0.8709398,0.2576708,2.7333972,1.3157321,45.015095,-0.35388613,2.9940975,169.50226,0.063202836,0.09132612,1.0,169.50226,0.46408764,0.1290602,2.7333972,0.002237632,0.11697821,0.17491709,0.0,1.3157321,2.9940975,0.063202836,0.35388613,0.0,0.11697821,0.35388613,0.7419092,0.09132612,1.0,0.09009053,lookahead,beam_orig0_bm2-s0to50br1
/work/T-REX/external/Proteina-Complexa/inference/search_binder_local_pipeline_32_PDL1_ALPHA_REPACK_v7_r003_cand_v7r003_hyp_0003_01_002_a3eb57b720db7/job_0_n_229_id_9_beam_orig1_bm2-s0to50br1/job_0_n_229_id_9_beam_orig1_bm2-s0to50br1.pdb,37,"2,0,13,16,19,16,19,14,11,3,10,18,19,19,6,18,7,15,2,12,16,9,6,4,11,13,14,19,6,11,5,10,3,10,0,0,10,9,19,18,17,6,12,6,3,11,2,9,9,5,13,19,8,7,6,6,3,10,11,19,5,8,15,15,18,1,5,1,0,1,10,10,11,3,5,10,15,10,7,2,0,0,10,5,9,16,3,19,11,10,5,3,0,7,19,18,1,4,12,9,15,18,7,7,0,3,18,11,1,9,16,19,11,19,2,0,0,13,16,19,16,19,14,11,3,10,18,19,19,6,18,7,15,2,12,16,9,6,4,11,13,14,19,6,11,5,10,3,10,0,0,10,9,19,18,17,6,12,6,3,11,2,9,9,5,13,19,8,7,6,6,3,10,11,19,5,8,15,15,18,1,5,1,0,1,10,10,11,3,5,10,15,10,7,2,0,0,10,5,9,16,3,19,11,10,5,3,0,7,19,18,1,4,12,9,15,18,7,7,0,3,18,11,1,9,16,19,11,19,0,0,0,0",-0.510383,0.28033596,3.0,0.052361093,62.649307,0.0547534,1.0,0.0547534,0.30270115,0.013486299,0.0,0.0,0.052361093,0.0017577426,0.8613817,0.30270115,4.266615,1.2628361,62.649307,-0.510383,3.7962356,199.87039,0.013089947,0.049968783,1.0,199.87039,0.2688181,0.13861829,4.266615,0.0017577426,0.01388265,0.28033596,0.0,1.2628361,3.7962356,0.013089947,0.510383,0.0,0.01388265,0.510383,0.59165096,0.049968783,1.0,0.013486299,lookahead,beam_orig1_bm2-s0to50br1
/work/T-REX/external/Proteina-Complexa/inference/search_binder_local_pipeline_32_PDL1_ALPHA_REPACK_v7_r003_cand_v7r003_hyp_0003_01_002_a3eb57b720db7/job_0_n_233_id_9_beam_orig2_bm2-s0to50br1/job_0_n_233_id_9_beam_orig2_bm2-s0to50br1.pdb,38,"2,0,13,16,19,16,19,14,11,3,10,18,19,19,6,18,7,15,2,12,16,9,6,4,11,13,14,19,6,11,5,10,3,10,0,0,10,9,19,18,17,6,12,6,3,11,2,9,9,5,13,19,8,7,6,6,3,10,11,19,5,8,15,15,18,1,5,1,0,1,10,10,11,3,5,10,15,10,7,2,0,0,10,5,9,16,3,19,11,10,5,3,0,7,19,18,1,4,12,9,15,18,7,7,0,3,18,11,1,9,16,19,11,19,2,0,0,13,16,19,16,19,14,11,3,10,18,19,19,6,18,7,15,2,12,16,9,6,4,11,13,14,19,6,11,5,10,3,10,0,0,10,9,19,18,17,6,12,6,3,11,2,9,9,5,13,19,8,7,6,6,3,10,11,19,5,8,15,15,18,1,5,1,0,1,10,10,11,3,5,10,15,10,7,2,0,0,10,5,9,16,3,19,11,10,5,3,0,7,19,18,1,4,12,9,15,18,7,7,0,3,18,11,1,9,16,19,11,19,2,0,14,14",-0.5342042,0.302604,3.0,0.043610506,60.907684,0.04621048,1.0,0.04621048,0.31543094,0.012205299,0.0,0.0,0.043610506,0.0047164676,0.8604994,0.31543094,4.597777,1.2925904,60.907684,-0.5342042,3.938096,199.25394,0.011880208,0.04101053,1.0,199.25394,0.25938216,0.13950062,4.597777,0.0047164676,0.01253039,0.302604,0.0,1.2925904,3.938096,0.011880208,0.5342042,0.0,0.01253039,0.5342042,0.58595335,0.04101053,1.0,0.012205299,lookahead,beam_orig2_bm2-s0to50br1
/work/T-REX/external/Proteina-Complexa/inference/search_binder_local_pipeline_32_PDL1_ALPHA_REPACK_v7_r003_cand_v7r003_hyp_0003_01_002_a3eb57b720db7/job_0_n_180_id_9_beam_orig3_bm2-s0to50br1/job_0_n_180_id_9_beam_orig3_bm2-s0to50br1.pdb,39,"2,0,13,16,19,16,19,14,11,3,10,18,19,19,6,18,7,15,2,12,16,9,6,4,11,13,14,19,6,11,5,10,3,10,0,0,10,9,19,18,17,6,12,6,3,11,2,9,9,5,13,19,8,7,6,6,3,10,11,19,5,8,15,15,18,1,5,1,0,1,10,10,11,3,5,10,15,10,7,2,0,0,10,5,9,16,3,19,11,10,5,3,0,7,19,18,1,4,12,9,15,18,7,7,0,3,18,11,1,9,16,19,11,19,2,0,2,10,0,6,11,9,11,11,11,13,14,10,2,3,11,3,0,5,6,10,0,6,10,9,6,16,11,3,6,11,10,10,8,2,5,19,13,6,19,4,11,11,11,6,2,11,2,9,11,14,15,3,10,10,0,13,4,11,6,10,12,2,6,10,0,0,0,0,0,0,0,0,0,0,0,0,0,0,0,0,0,0,0,0,0,0,0,0,0,0,0,0,0,0,0,0,0,0,0,0,0,0,0,0,0,0,0,0,0,0,0,0,0,0,0,0,0",-0.48182258,0.28633538,3.0,0.04268401,108.2368,0.04306235,1.0,0.04306235,0.33583066,0.0124729,0.0,0.0,0.04268401,0.002165039,0.84102076,0.33583066,6.968484,1.4442458,108.2368,-0.48182258,3.5425296,205.00879,0.0122775445,0.04230567,1.0,205.00879,0.2786877,0.15897924,6.968484,0.002165039,0.012668254,0.28633538,0.0,1.4442458,3.5425296,0.0122775445,0.48182258,0.0,0.012668254,0.48182258,0.6714457,0.04230567,1.0,0.0124729,lookahead,beam_orig3_bm2-s0to50br1
/work/T-REX/external/Proteina-Complexa/inference/search_binder_local_pipeline_32_PDL1_ALPHA_REPACK_v7_r003_cand_v7r003_hyp_0003_01_002_a3eb57b720db7/job_0_n_176_id_10_beam_orig0_bm2-s0to50br2/job_0_n_176_id_10_beam_orig0_bm2-s0to50br2.pdb,40,"2,0,13,16,19,16,19,14,11,3,10,18,19,19,6,18,7,15,2,12,16,9,6,4,11,13,14,19,6,11,5,10,3,10,0,0,10,9,19,18,17,6,12,6,3,11,2,9,9,5,13,19,8,7,6,6,3,10,11,19,5,8,15,15,18,1,5,1,0,1,10,10,11,3,5,10,15,10,7,2,0,0,10,5,9,16,3,19,11,10,5,3,0,7,19,18,1,4,12,9,15,18,7,7,0,3,18,11,1,9,16,19,11,19,2,0,0,10,11,2,1,7,2,6,10,13,11,10,2,11,10,3,6,0,9,3,0,18,2,6,0,9,6,10,2,14,2,3,0,11,0,18,2,2,1,7,0,0,18,0,11,10,7,11,10,3,13,0,9,15,3,18,6,10,0,10,0,0,0,0,0,0,0,0,0,0,0,0,0,0,0,0,0,0,0,0,0,0,0,0,0,0,0,0,0,0,0,0,0,0,0,0,0,0,0,0,0,0,0,0,0,0,0,0,0,0,0,0,0,0,0,0,0",-0.57603073,0.34161943,3.0,0.008161558,120.906364,0.009949914,1.0,0.009949914,0.4043463,0.0070163575,0.0,0.0,0.008161558,0.0034572245,0.77878463,0.4043463,17.219631,1.3920103,120.906364,-0.57603073,3.845982,250.81303,0.0,0.006373201,1.0,250.81303,0.18839602,0.2212154,17.219631,0.0034572245,0.014032715,0.34161943,0.0,1.3920103,3.845982,0.0,0.57603073,0.0,0.014032715,0.57603073,0.65178424,0.006373201,1.0,0.0070163575,lookahead,beam_orig0_bm2-s0to50br2
/work/T-REX/external/Proteina-Complexa/inference/search_binder_local_pipeline_32_PDL1_ALPHA_REPACK_v7_r003_cand_v7r003_hyp_0003_01_002_a3eb57b720db7/job_0_n_229_id_10_beam_orig1_bm2-s0to50br2/job_0_n_229_id_10_beam_orig1_bm2-s0to50br2.pdb,41,"2,0,13,16,19,16,19,14,11,3,10,18,19,19,6,18,7,15,2,12,16,9,6,4,11,13,14,19,6,11,5,10,3,10,0,0,10,9,19,18,17,6,12,6,3,11,2,9,9,5,13,19,8,7,6,6,3,10,11,19,5,8,15,15,18,1,5,1,0,1,10,10,11,3,5,10,15,10,7,2,0,0,10,5,9,16,3,19,11,10,5,3,0,7,19,18,1,4,12,9,15,18,7,7,0,3,18,11,1,9,16,19,11,19,2,0,13,16,19,16,19,14,11,3,10,18,19,19,6,18,7,15,2,12,16,9,6,4,11,13,14,19,6,11,5,10,3,10,0,0,10,9,19,18,17,6,12,6,3,11,2,9,9,5,13,19,8,7,6,6,3,10,11,19,5,8,15,15,18,1,5,1,0,1,10,10,11,3,5,10,15,10,7,2,0,0,10,5,9,16,3,19,11,10,5,3,0,7,19,18,1,4,12,9,15,18,7,7,0,3,18,11,1,9,16,19,11,19,2,0,0,0,0",-0.5269863,0.29965892,3.0,0.04359744,71.439575,0.046577044,1.0,0.046577044,0.3118644,0.012308532,0.0,0.0,0.04359744,0.0017754615,0.8610655,0.3118644,2.8471067,1.2890924,71.439575,-0.5269863,3.8748271,212.8621,0.012031546,0.04061784,1.0,212.8621,0.26097065,0.13893448,2.8471067,0.0017754615,0.012585518,0.29965892,0.0,1.2890924,3.8748271,0.012031546,0.5269863,0.0,0.012585518,0.5269863,0.58739614,0.04061784,1.0,0.012308532,lookahead,beam_orig1_bm2-s0to50br2
/work/T-REX/external/Proteina-Complexa/inference/search_binder_local_pipeline_32_PDL1_ALPHA_REPACK_v7_r003_cand_v7r003_hyp_0003_01_002_a3eb57b720db7/job_0_n_233_id_10_beam_orig2_bm2-s0to50br2/job_0_n_233_id_10_beam_orig2_bm2-s0to50br2.pdb,42,"2,0,13,16,19,16,19,14,11,3,10,18,19,19,6,18,7,15,2,12,16,9,6,4,11,13,14,19,6,11,5,10,3,10,0,0,10,9,19,18,17,6,12,6,3,11,2,9,9,5,13,19,8,7,6,6,3,10,11,19,5,8,15,15,18,1,5,1,0,1,10,10,11,3,5,10,15,10,7,2,0,0,10,5,9,16,3,19,11,10,5,3,0,7,19,18,1,4,12,9,15,18,7,7,0,3,18,11,1,9,16,19,11,19,2,0,0,13,16,19,16,19,14,11,3,10,18,19,19,6,18,7,15,2,12,16,9,6,4,11,13,14,19,6,11,5,10,3,10,0,0,10,9,19,18,17,6,12,6,3,11,2,9,9,5,13,19,8,7,6,6,3,10,11,19,5,8,15,15,18,1,5,1,0,1,10,10,11,3,5,10,15,10,7,2,0,0,10,5,9,16,3,19,11,10,5,3,0,7,19,18,1,4,12,9,15,18,7,7,0,3,18,11,1,9,16,19,11,19,2,0,0,0",-0.51531696,0.28317684,3.0,0.052784346,63.452602,0.054744944,1.0,0.054744944,0.30728382,0.013211481,0.0,0.0,0.052784346,0.0026488763,0.85878867,0.30728382,5.014886,1.2815644,63.452602,-0.51531696,3.8873181,202.21729,0.013208209,0.050823744,1.0,202.21729,0.27262968,0.14121132,5.014886,0.0026488763,0.013214754,0.28317684,0.0,1.2815644,3.8873181,0.013208209,0.51531696,0.0,0.013214754,0.51531696,0.5929744,0.050823744,1.0,0.013211481,lookahead,beam_orig2_bm2-s0to50br2
/work/T-REX/external/Proteina-Complexa/inference/search_binder_local_pipeline_32_PDL1_ALPHA_REPACK_v7_r003_cand_v7r003_hyp_0003_01_002_a3eb57b720db7/job_0_n_180_id_10_beam_orig3_bm2-s0to50br2/job_0_n_180_id_10_beam_orig3_bm2-s0to50br2.pdb,43,"2,0,13,16,19,16,19,14,11,3,10,18,19,19,6,18,7,15,2,12,16,9,6,4,11,13,14,19,6,11,5,10,3,10,0,0,10,9,19,18,17,6,12,6,3,11,2,9,9,5,13,19,8,7,6,6,3,10,11,19,5,8,15,15,18,1,5,1,0,1,10,10,11,3,5,10,15,10,7,2,0,0,10,5,9,16,3,19,11,10,5,3,0,7,19,18,1,4,12,9,15,18,7,7,0,3,18,11,1,9,16,19,11,19,2,0,12,9,4,14,5,3,12,16,3,13,19,11,6,6,10,11,11,6,7,9,3,9,15,15,19,11,10,9,4,5,6,4,3,11,2,16,13,13,3,3,9,11,2,11,9,9,18,19,11,2,4,15,11,5,18,9,1,3,5,9,11,10,10,11,0,0,0,0,0,0,0,0,0,0,0,0,0,0,0,0,0,0,0,0,0,0,0,0,0,0,0,0,0,0,0,0,0,0,0,0,0,0,0,0,0,0,0,0,0,0,0,0,0,0,0,0,0",-0.36230463,0.17098744,3.0,0.13719752,67.6486,0.15318666,1.0,0.15318666,0.27518502,0.103866756,0.0,0.0,0.13719752,0.011826249,0.8280256,0.27518502,5.277881,1.981037,67.6486,-0.36230463,3.170765,197.58456,0.10153014,0.121208385,1.0,197.58456,0.54245627,0.17197439,5.277881,0.011826249,0.10620337,0.17098744,0.0,1.981037,3.170765,0.10153014,0.36230463,0.0,0.10620337,0.36230463,0.77217126,0.121208385,1.0,0.103866756,lookahead,beam_orig3_bm2-s0to50br2
/work/T-REX/external/Proteina-Complexa/inference/search_binder_local_pipeline_32_PDL1_ALPHA_REPACK_v7_r003_cand_v7r003_hyp_0003_01_002_a3eb57b720db7/job_0_n_176_id_11_beam_orig0_bm2-s0to50br3/job_0_n_176_id_11_beam_orig0_bm2-s0to50br3.pdb,44,"2,0,13,16,19,16,19,14,11,3,10,18,19,19,6,18,7,15,2,12,16,9,6,4,11,13,14,19,6,11,5,10,3,10,0,0,10,9,19,18,17,6,12,6,3,11,2,9,9,5,13,19,8,7,6,6,3,10,11,19,5,8,15,15,18,1,5,1,0,1,10,10,11,3,5,10,15,10,7,2,0,0,10,5,9,16,3,19,11,10,5,3,0,7,19,18,1,4,12,9,15,18,7,7,0,3,18,11,1,9,16,19,11,19,2,0,12,10,5,10,19,11,6,10,2,11,0,9,6,0,10,3,6,3,11,0,9,1,9,9,2,11,10,3,9,15,5,5,0,11,2,3,10,9,15,0,9,11,15,7,3,11,6,11,0,5,15,10,10,11,10,18,16,9,11,10,0,0,0,0,0,0,0,0,0,0,0,0,0,0,0,0,0,0,0,0,0,0,0,0,0,0,0,0,0,0,0,0,0,0,0,0,0,0,0,0,0,0,0,0,0,0,0,0,0,0,0,0,0,0,0,0,0",-0.2530769,0.117427655,3.0,0.253887,57.782173,0.2955669,1.0,0.2955669,0.19831453,0.253887,0.0,0.0,0.253887,0.0023526223,0.86300445,0.19831453,3.0280483,1.7897232,57.782173,-0.2530769,2.7940085,180.85965,0.21220708,0.21220708,1.0,180.85965,0.6142456,0.13699558,3.0280483,0.0023526223,0.2955669,0.117427655,0.0,1.7897232,2.7940085,0.21220708,0.2530769,0.0,0.2955669,0.2530769,0.8017138,0.21220708,1.0,0.253887,lookahead,beam_orig0_bm2-s0to50br3
/work/T-REX/external/Proteina-Complexa/inference/search_binder_local_pipeline_32_PDL1_ALPHA_REPACK_v7_r003_cand_v7r003_hyp_0003_01_002_a3eb57b720db7/job_0_n_229_id_11_beam_orig1_bm2-s0to50br3/job_0_n_229_id_11_beam_orig1_bm2-s0to50br3.pdb,45,"2,0,13,16,19,16,19,14,11,3,10,18,19,19,6,18,7,15,2,12,16,9,6,4,11,13,14,19,6,11,5,10,3,10,0,0,10,9,19,18,17,6,12,6,3,11,2,9,9,5,13,19,8,7,6,6,3,10,11,19,5,8,15,15,18,1,5,1,0,1,10,10,11,3,5,10,15,10,7,2,0,0,10,5,9,16,3,19,11,10,5,3,0,7,19,18,1,4,12,9,15,18,7,7,0,3,18,11,1,9,16,19,11,19,2,0,13,16,19,16,19,14,11,3,10,18,19,19,6,18,7,15,2,12,16,9,6,4,11,13,14,19,6,11,5,10,3,10,0,0,10,9,19,18,17,6,12,6,3,11,2,9,9,5,13,19,8,7,6,6,3,10,11,19,5,8,15,15,18,1,5,1,0,1,10,10,11,3,5,10,15,10,7,2,0,0,10,5,9,16,3,19,11,10,5,3,0,7,19,18,1,4,12,9,15,18,7,7,0,3,18,11,1,9,16,19,11,19,2,0,0,0,0",-0.5239917,0.2949443,3.0,0.043825883,49.36378,0.04543134,1.0,0.04543134,0.30959135,0.012533672,0.0,0.0,0.043825883,0.0017175701,0.8626015,0.30959135,2.307083,1.2762254,49.36378,-0.5239917,3.8641584,200.31824,0.012029991,0.04222043,1.0,200.31824,0.25930196,0.1373985,2.307083,0.0017175701,0.013037355,0.2949443,0.0,1.2762254,3.8641584,0.012029991,0.5239917,0.0,0.013037355,0.5239917,0.5869285,0.04222043,1.0,0.012533672,lookahead,beam_orig1_bm2-s0to50br3
/work/T-REX/external/Proteina-Complexa/inference/search_binder_local_pipeline_32_PDL1_ALPHA_REPACK_v7_r003_cand_v7r003_hyp_0003_01_002_a3eb57b720db7/job_0_n_233_id_11_beam_orig2_bm2-s0to50br3/job_0_n_233_id_11_beam_orig2_bm2-s0to50br3.pdb,46,"2,0,13,16,19,16,19,14,11,3,10,18,19,19,6,18,7,15,2,12,16,9,6,4,11,13,14,19,6,11,5,10,3,10,0,0,10,9,19,18,17,6,12,6,3,11,2,9,9,5,13,19,8,7,6,6,3,10,11,19,5,8,15,15,18,1,5,1,0,1,10,10,11,3,5,10,15,10,7,2,0,0,10,5,9,16,3,19,11,10,5,3,0,7,19,18,1,4,12,9,15,18,7,7,0,3,18,11,1,9,16,19,11,19,2,0,2,0,13,16,19,16,19,14,11,3,10,18,19,19,6,18,7,15,2,12,16,9,6,4,11,13,14,19,6,11,5,10,3,10,0,0,10,9,19,18,17,6,12,6,3,11,2,9,9,5,13,19,8,7,6,6,3,10,11,19,5,8,15,15,18,1,5,1,0,1,10,10,11,3,5,10,15,10,7,2,0,0,10,5,9,16,3,19,11,10,5,3,0,7,19,18,1,4,12,9,15,18,7,7,0,3,18,11,1,9,16,19,11,19,2,0,10",-0.529796,0.29667753,3.0,0.047162153,69.317245,0.05045578,1.0,0.05045578,0.314694,0.012394137,0.0,0.0,0.047162153,0.002911123,0.8574055,0.314694,3.3627758,1.303222,69.317245,-0.529796,3.9098313,212.8714,0.012099424,0.04386853,1.0,212.8714,0.26273513,0.1425945,3.3627758,0.002911123,0.012688849,0.29667753,0.0,1.303222,3.9098313,0.012099424,0.529796,0.0,0.012688849,0.529796,0.5859208,0.04386853,1.0,0.012394137,lookahead,beam_orig2_bm2-s0to50br3
/work/T-REX/external/Proteina-Complexa/inference/search_binder_local_pipeline_32_PDL1_ALPHA_REPACK_v7_r003_cand_v7r003_hyp_0003_01_002_a3eb57b720db7/job_0_n_180_id_11_beam_orig3_bm2-s0to50br3/job_0_n_180_id_11_beam_orig3_bm2-s0to50br3.pdb,47,"2,0,13,16,19,16,19,14,11,3,10,18,19,19,6,18,7,15,2,12,16,9,6,4,11,13,14,19,6,11,5,10,3,10,0,0,10,9,19,18,17,6,12,6,3,11,2,9,9,5,13,19,8,7,6,6,3,10,11,19,5,8,15,15,18,1,5,1,0,1,10,10,11,3,5,10,15,10,7,2,0,0,10,5,9,16,3,19,11,10,5,3,0,7,19,18,1,4,12,9,15,18,7,7,0,3,18,11,1,9,16,19,11,19,2,0,19,14,11,11,10,1,7,1,19,16,11,19,7,11,11,15,13,6,10,5,16,13,3,7,16,9,18,16,9,6,15,3,11,19,13,3,19,11,14,7,3,2,19,6,19,10,18,15,6,10,3,6,0,15,11,11,0,16,0,10,10,19,7,11,0,0,0,0,0,0,0,0,0,0,0,0,0,0,0,0,0,0,0,0,0,0,0,0,0,0,0,0,0,0,0,0,0,0,0,0,0,0,0,0,0,0,0,0,0,0,0,0,0,0,0,0,0",-0.49376073,0.2864068,3.0,0.047975484,80.01117,0.05133062,1.0,0.05133062,0.35451183,0.0137872165,0.0,0.0,0.047975484,0.002790328,0.8264498,0.35451183,3.2425575,1.5206598,80.01117,-0.49376073,3.5699282,201.87186,0.012293183,0.04462035,1.0,201.87186,0.30756608,0.17355017,3.2425575,0.002790328,0.01528125,0.2864068,0.0,1.5206598,3.5699282,0.012293183,0.49376073,0.0,0.01528125,0.49376073,0.6861994,0.04462035,1.0,0.0137872165,lookahead,beam_orig3_bm2-s0to50br3
/work/T-REX/external/Proteina-Complexa/inference/search_binder_local_pipeline_32_PDL1_ALPHA_REPACK_v7_r003_cand_v7r003_hyp_0003_01_002_a3eb57b720db7/job_0_n_176_id_12_beam_orig0_bm3-s0to50br0/job_0_n_176_id_12_beam_orig0_bm3-s0to50br0.pdb,48,"2,0,13,16,19,16,19,14,11,3,10,18,19,19,6,18,7,15,2,12,16,9,6,4,11,13,14,19,6,11,5,10,3,10,0,0,10,9,19,18,17,6,12,6,3,11,2,9,9,5,13,19,8,7,6,6,3,10,11,19,5,8,15,15,18,1,5,1,0,1,10,10,11,3,5,10,15,10,7,2,0,0,10,5,9,16,3,19,11,10,5,3,0,7,19,18,1,4,12,9,15,18,7,7,0,3,18,11,1,9,16,19,11,19,2,0,10,0,18,13,2,1,7,2,0,18,13,9,5,11,2,18,3,10,0,9,6,3,18,16,6,0,9,1,10,11,14,3,13,0,10,0,18,18,2,1,7,10,0,18,5,6,11,7,2,10,3,10,0,9,6,3,18,6,11,0,0,0,0,0,0,0,0,0,0,0,0,0,0,0,0,0,0,0,0,0,0,0,0,0,0,0,0,0,0,0,0,0,0,0,0,0,0,0,0,0,0,0,0,0,0,0,0,0,0,0,0,0,0,0,0,0,0",-0.64289004,0.4808593,3.0,0.005657304,116.53358,0.0064809443,1.0,0.0064809443,0.44420308,0.0,0.0,0.0,0.005657304,0.0012769282,0.7876619,0.44420308,12.619644,1.1947731,116.53358,-0.64289004,4.008378,225.03703,0.0,0.004833664,1.0,225.03703,0.1700299,0.2123381,12.619644,0.0012769282,0.0,0.4808593,0.0,1.1947731,4.008378,0.0,0.64289004,0.0,0.0,0.64289004,0.64767104,0.004833664,1.0,0.0,lookahead,beam_orig0_bm3-s0to50br0
/work/T-REX/external/Proteina-Complexa/inference/search_binder_local_pipeline_32_PDL1_ALPHA_REPACK_v7_r003_cand_v7r003_hyp_0003_01_002_a3eb57b720db7/job_0_n_229_id_12_beam_orig1_bm3-s0to50br0/job_0_n_229_id_12_beam_orig1_bm3-s0to50br0.pdb,49,"2,0,13,16,19,16,19,14,11,3,10,18,19,19,6,18,7,15,2,12,16,9,6,4,11,13,14,19,6,11,5,10,3,10,0,0,10,9,19,18,17,6,12,6,3,11,2,9,9,5,13,19,8,7,6,6,3,10,11,19,5,8,15,15,18,1,5,1,0,1,10,10,11,3,5,10,15,10,7,2,0,0,10,5,9,16,3,19,11,10,5,3,0,7,19,18,1,4,12,9,15,18,7,7,0,3,18,11,1,9,16,19,11,19,2,0,0,13,16,19,16,19,14,11,3,10,18,19,19,6,18,7,15,2,12,16,9,6,4,11,13,14,19,6,11,5,10,3,10,0,0,10,9,19,18,17,6,12,6,3,11,2,9,9,5,13,19,8,7,6,6,3,10,11,19,5,8,15,15,18,1,5,1,0,1,10,10,11,3,5,10,15,10,7,2,0,0,10,5,9,16,3,19,11,10,5,3,0,7,19,18,1,4,12,9,15,18,7,7,0,3,18,11,1,9,16,19,11,19,0,0,0,0",-0.51740175,0.28807685,3.0,0.049519107,57.75649,0.052619863,1.0,0.052619863,0.30627945,0.012820707,0.0,0.0,0.049519107,0.0017409262,0.8617251,0.30627945,4.9498563,1.2688229,57.75649,-0.51740175,3.828744,199.92943,0.012514127,0.04641835,1.0,199.92943,0.26817685,0.13827488,4.9498563,0.0017409262,0.013127286,0.28807685,0.0,1.2688229,3.828744,0.012514127,0.51740175,0.0,0.013127286,0.51740175,0.59164214,0.04641835,1.0,0.012820707,lookahead,beam_orig1_bm3-s0to50br0
/work/T-REX/external/Proteina-Complexa/inference/search_binder_local_pipeline_32_PDL1_ALPHA_REPACK_v7_r003_cand_v7r003_hyp_0003_01_002_a3eb57b720db7/job_0_n_233_id_12_beam_orig2_bm3-s0to50br0/job_0_n_233_id_12_beam_orig2_bm3-s0to50br0.pdb,50,"2,0,13,16,19,16,19,14,11,3,10,18,19,19,6,18,7,15,2,12,16,9,6,4,11,13,14,19,6,11,5,10,3,10,0,0,10,9,19,18,17,6,12,6,3,11,2,9,9,5,13,19,8,7,6,6,3,10,11,19,5,8,15,15,18,1,5,1,0,1,10,10,11,3,5,10,15,10,7,2,0,0,10,5,9,16,3,19,11,10,5,3,0,7,19,18,1,4,12,9,15,18,7,7,0,3,18,11,1,9,16,19,11,19,2,0,0,13,16,19,16,19,14,11,3,10,18,19,19,6,18,7,15,2,12,16,9,6,4,11,13,14,19,6,11,5,10,3,10,0,0,10,9,19,18,17,6,12,6,3,11,2,9,9,5,13,19,8,7,6,6,3,10,11,19,5,8,15,15,18,1,5,1,0,1,10,10,11,3,5,10,15,10,7,2,0,0,10,5,9,16,3,19,11,10,5,3,0,7,19,18,1,4,12,9,15,18,7,7,0,3,18,11,1,9,16,19,11,19,2,0,14,0",-0.525484,0.29355478,3.0,0.049082704,57.690434,0.051878076,1.0,0.051878076,0.3112447,0.012492833,0.0,0.0,0.049082704,0.0026451855,0.8604666,0.3112447,3.7821722,1.285951,57.690434,-0.525484,3.915752,199.3497,0.012122992,0.046287328,1.0,199.3497,0.26466843,0.13953342,3.7821722,0.0026451855,0.012862673,0.29355478,0.0,1.285951,3.915752,0.012122992,0.525484,0.0,0.012862673,0.525484,0.5896606,0.046287328,1.0,0.012492833,lookahead,beam_orig2_bm3-s0to50br0
/work/T-REX/external/Proteina-Complexa/inference/search_binder_local_pipeline_32_PDL1_ALPHA_REPACK_v7_r003_cand_v7r003_hyp_0003_01_002_a3eb57b720db7/job_0_n_180_id_12_beam_orig3_bm3-s0to50br0/job_0_n_180_id_12_beam_orig3_bm3-s0to50br0.pdb,51,"2,0,13,16,19,16,19,14,11,3,10,18,19,19,6,18,7,15,2,12,16,9,6,4,11,13,14,19,6,11,5,10,3,10,0,0,10,9,19,18,17,6,12,6,3,11,2,9,9,5,13,19,8,7,6,6,3,10,11,19,5,8,15,15,18,1,5,1,0,1,10,10,11,3,5,10,15,10,7,2,0,0,10,5,9,16,3,19,11,10,5,3,0,7,19,18,1,4,12,9,15,18,7,7,0,3,18,11,1,9,16,19,11,19,2,0,15,6,14,2,6,2,5,5,5,9,19,1,3,0,4,2,3,10,11,11,7,1,2,19,16,18,15,10,7,19,10,11,2,2,1,8,13,3,13,19,5,11,6,10,6,1,9,1,14,15,10,15,15,3,10,5,6,1,9,3,11,6,19,10,0,0,0,0,0,0,0,0,0,0,0,0,0,0,0,0,0,0,0,0,0,0,0,0,0,0,0,0,0,0,0,0,0,0,0,0,0,0,0,0,0,0,0,0,0,0,0,0,0,0,0,0,0",-0.39405823,0.18568678,3.0,0.10123201,32.589634,0.12940232,1.0,0.12940232,0.2827907,0.039955527,0.0,0.0,0.10123201,0.0056558065,0.8317393,0.2827907,1.811057,1.5781837,32.589634,-0.39405823,3.2009258,189.13449,0.022668174,0.07306168,1.0,189.13449,0.40358347,0.16826068,1.811057,0.0056558065,0.05724288,0.18568678,0.0,1.5781837,3.2009258,0.022668174,0.39405823,0.0,0.05724288,0.39405823,0.7239939,0.07306168,1.0,0.039955527,lookahead,beam_orig3_bm3-s0to50br0
/work/T-REX/external/Proteina-Complexa/inference/search_binder_local_pipeline_32_PDL1_ALPHA_REPACK_v7_r003_cand_v7r003_hyp_0003_01_002_a3eb57b720db7/job_0_n_176_id_13_beam_orig0_bm3-s0to50br1/job_0_n_176_id_13_beam_orig0_bm3-s0to50br1.pdb,52,"2,0,13,16,19,16,19,14,11,3,10,18,19,19,6,18,7,15,2,12,16,9,6,4,11,13,14,19,6,11,5,10,3,10,0,0,10,9,19,18,17,6,12,6,3,11,2,9,9,5,13,19,8,7,6,6,3,10,11,19,5,8,15,15,18,1,5,1,0,1,10,10,11,3,5,10,15,10,7,2,0,0,10,5,9,16,3,19,11,10,5,3,0,7,19,18,1,4,12,9,15,18,7,7,0,3,18,11,1,9,16,19,11,19,2,0,12,3,10,7,11,1,10,10,6,0,0,1,0,7,5,3,3,6,19,1,9,10,12,0,2,7,0,3,19,2,0,5,3,11,13,7,11,16,0,13,3,9,0,10,3,2,7,8,10,3,9,0,1,9,10,5,11,0,15,6,0,0,0,0,0,0,0,0,0,0,0,0,0,0,0,0,0,0,0,0,0,0,0,0,0,0,0,0,0,0,0,0,0,0,0,0,0,0,0,0,0,0,0,0,0,0,0,0,0,0,0,0,0,0,0,0,0",-0.3904363,0.21341354,3.0,0.10051366,95.088715,0.12100046,1.0,0.12100046,0.28530008,0.036162768,0.0,0.0,0.10051366,0.0045225075,0.852468,0.28530008,5.477466,1.5092138,95.088715,-0.3904363,3.2478294,186.35098,0.025410878,0.08002686,1.0,186.35098,0.4390915,0.147532,5.477466,0.0045225075,0.046914656,0.21341354,0.0,1.5092138,3.2478294,0.025410878,0.3904363,0.0,0.046914656,0.3904363,0.7378479,0.08002686,1.0,0.036162768,lookahead,beam_orig0_bm3-s0to50br1
/work/T-REX/external/Proteina-Complexa/inference/search_binder_local_pipeline_32_PDL1_ALPHA_REPACK_v7_r003_cand_v7r003_hyp_0003_01_002_a3eb57b720db7/job_0_n_229_id_13_beam_orig1_bm3-s0to50br1/job_0_n_229_id_13_beam_orig1_bm3-s0to50br1.pdb,53,"2,0,13,16,19,16,19,14,11,3,10,18,19,19,6,18,7,15,2,12,16,9,6,4,11,13,14,19,6,11,5,10,3,10,0,0,10,9,19,18,17,6,12,6,3,11,2,9,9,5,13,19,8,7,6,6,3,10,11,19,5,8,15,15,18,1,5,1,0,1,10,10,11,3,5,10,15,10,7,2,0,0,10,5,9,16,3,19,11,10,5,3,0,7,19,18,1,4,12,9,15,18,7,7,0,3,18,11,1,9,16,19,11,19,2,0,0,13,16,19,16,19,14,11,3,10,18,19,19,6,18,7,15,2,12,16,9,6,4,11,13,14,19,6,11,5,10,3,10,0,0,10,9,19,18,17,6,12,6,3,11,2,9,9,5,13,19,8,7,6,6,3,10,11,19,5,8,15,15,18,1,5,1,0,1,10,10,11,3,5,10,15,10,7,2,0,0,10,5,9,16,3,19,11,10,5,3,0,7,19,18,1,4,12,9,15,18,7,7,0,3,18,11,1,9,16,19,11,19,0,0,0,0",-0.52581847,0.2979155,3.0,0.04527153,73.39185,0.047793787,1.0,0.047793787,0.31124088,0.012349961,0.0,0.0,0.04527153,0.0018110228,0.861006,0.31124088,2.8611257,1.2784994,73.39185,-0.52581847,3.8525677,221.31898,0.012165565,0.04274928,1.0,221.31898,0.26280552,0.13899395,2.8611257,0.0018110228,0.012534359,0.2979155,0.0,1.2784994,3.8525677,0.012165565,0.52581847,0.0,0.012534359,0.52581847,0.58886147,0.04274928,1.0,0.012349961,lookahead,beam_orig1_bm3-s0to50br1
/work/T-REX/external/Proteina-Complexa/inference/search_binder_local_pipeline_32_PDL1_ALPHA_REPACK_v7_r003_cand_v7r003_hyp_0003_01_002_a3eb57b720db7/job_0_n_233_id_13_beam_orig2_bm3-s0to50br1/job_0_n_233_id_13_beam_orig2_bm3-s0to50br1.pdb,54,"2,0,13,16,19,16,19,14,11,3,10,18,19,19,6,18,7,15,2,12,16,9,6,4,11,13,14,19,6,11,5,10,3,10,0,0,10,9,19,18,17,6,12,6,3,11,2,9,9,5,13,19,8,7,6,6,3,10,11,19,5,8,15,15,18,1,5,1,0,1,10,10,11,3,5,10,15,10,7,2,0,0,10,5,9,16,3,19,11,10,5,3,0,7,19,18,1,4,12,9,15,18,7,7,0,3,18,11,1,9,16,19,11,19,2,0,2,0,13,16,19,16,19,14,11,3,10,18,19,19,6,18,7,15,2,12,16,9,6,4,11,13,14,19,6,11,5,10,3,10,0,0,10,9,19,18,17,6,12,6,3,11,2,9,9,5,13,19,8,7,6,6,3,10,11,19,5,8,15,15,18,1,5,1,0,1,10,10,11,3,5,10,15,10,7,2,0,0,10,5,9,16,3,19,11,10,5,3,0,7,19,18,1,4,12,9,15,18,7,7,0,3,18,11,1,9,16,19,11,19,2,0,14",-0.5360943,0.30412412,3.0,0.041083634,79.33724,0.04487198,1.0,0.04487198,0.3165925,0.012017317,0.0,0.0,0.041083634,0.002810385,0.85911196,0.3165925,2.76554,1.2931988,79.33724,-0.5360943,3.9276304,217.34016,0.011789354,0.03729529,1.0,217.34016,0.255854,0.14088804,2.76554,0.002810385,0.012245281,0.30412412,0.0,1.2931988,3.9276304,0.011789354,0.5360943,0.0,0.012245281,0.5360943,0.5838243,0.03729529,1.0,0.012017317,lookahead,beam_orig2_bm3-s0to50br1
/work/T-REX/external/Proteina-Complexa/inference/search_binder_local_pipeline_32_PDL1_ALPHA_REPACK_v7_r003_cand_v7r003_hyp_0003_01_002_a3eb57b720db7/job_0_n_180_id_13_beam_orig3_bm3-s0to50br1/job_0_n_180_id_13_beam_orig3_bm3-s0to50br1.pdb,55,"2,0,13,16,19,16,19,14,11,3,10,18,19,19,6,18,7,15,2,12,16,9,6,4,11,13,14,19,6,11,5,10,3,10,0,0,10,9,19,18,17,6,12,6,3,11,2,9,9,5,13,19,8,7,6,6,3,10,11,19,5,8,15,15,18,1,5,1,0,1,10,10,11,3,5,10,15,10,7,2,0,0,10,5,9,16,3,19,11,10,5,3,0,7,19,18,1,4,12,9,15,18,7,7,0,3,18,11,1,9,16,19,11,19,2,0,9,15,5,13,19,11,6,15,10,11,2,0,7,11,6,13,16,11,14,0,13,2,11,13,10,6,10,19,7,3,3,10,3,11,16,13,3,10,9,11,18,10,2,2,2,14,11,11,6,9,6,19,3,3,19,6,6,0,18,11,19,19,2,15,0,0,0,0,0,0,0,0,0,0,0,0,0,0,0,0,0,0,0,0,0,0,0,0,0,0,0,0,0,0,0,0,0,0,0,0,0,0,0,0,0,0,0,0,0,0,0,0,0,0,0,0,0",-0.21472159,0.082449414,3.0,0.34363854,70.16201,0.381515,1.0,0.381515,0.16986093,0.34363854,0.0,0.0,0.34363854,0.0022239974,0.88172156,0.16986093,2.8106523,1.7200618,70.16201,-0.21472159,2.5281506,182.20734,0.3057621,0.3057621,1.0,182.20734,0.69070935,0.118278444,2.8106523,0.0022239974,0.381515,0.082449414,0.0,1.7200618,2.5281506,0.3057621,0.21472159,0.0,0.381515,0.21472159,0.8242525,0.3057621,1.0,0.34363854,lookahead,beam_orig3_bm3-s0to50br1
/work/T-REX/external/Proteina-Complexa/inference/search_binder_local_pipeline_32_PDL1_ALPHA_REPACK_v7_r003_cand_v7r003_hyp_0003_01_002_a3eb57b720db7/job_0_n_176_id_14_beam_orig0_bm3-s0to50br2/job_0_n_176_id_14_beam_orig0_bm3-s0to50br2.pdb,56,"2,0,13,16,19,16,19,14,11,3,10,18,19,19,6,18,7,15,2,12,16,9,6,4,11,13,14,19,6,11,5,10,3,10,0,0,10,9,19,18,17,6,12,6,3,11,2,9,9,5,13,19,8,7,6,6,3,10,11,19,5,8,15,15,18,1,5,1,0,1,10,10,11,3,5,10,15,10,7,2,0,0,10,5,9,16,3,19,11,10,5,3,0,7,19,18,1,4,12,9,15,18,7,7,0,3,18,11,1,9,16,19,11,19,2,0,15,6,11,6,10,3,11,9,2,13,18,10,11,13,6,19,11,15,3,11,19,19,11,2,10,6,3,10,18,6,19,19,15,6,10,2,3,6,3,11,5,11,9,9,15,10,19,15,3,14,19,9,11,6,11,10,10,15,9,15,0,0,0,0,0,0,0,0,0,0,0,0,0,0,0,0,0,0,0,0,0,0,0,0,0,0,0,0,0,0,0,0,0,0,0,0,0,0,0,0,0,0,0,0,0,0,0,0,0,0,0,0,0,0,0,0,0",-0.5711762,0.372412,3.0,0.011058154,76.509514,0.01579636,1.0,0.01579636,0.407578,0.0058653867,0.0,0.0,0.011058154,0.0056424662,0.7807728,0.407578,6.493928,1.7698797,76.509514,-0.5711762,3.9393296,196.1312,0.0,0.0063199475,1.0,196.1312,0.20960598,0.21922722,6.493928,0.0056424662,0.011730773,0.372412,0.0,1.7698797,3.9393296,0.0,0.5711762,0.0,0.011730773,0.5711762,0.6606765,0.0063199475,1.0,0.0058653867,lookahead,beam_orig0_bm3-s0to50br2
/work/T-REX/external/Proteina-Complexa/inference/search_binder_local_pipeline_32_PDL1_ALPHA_REPACK_v7_r003_cand_v7r003_hyp_0003_01_002_a3eb57b720db7/job_0_n_229_id_14_beam_orig1_bm3-s0to50br2/job_0_n_229_id_14_beam_orig1_bm3-s0to50br2.pdb,57,"2,0,13,16,19,16,19,14,11,3,10,18,19,19,6,18,7,15,2,12,16,9,6,4,11,13,14,19,6,11,5,10,3,10,0,0,10,9,19,18,17,6,12,6,3,11,2,9,9,5,13,19,8,7,6,6,3,10,11,19,5,8,15,15,18,1,5,1,0,1,10,10,11,3,5,10,15,10,7,2,0,0,10,5,9,16,3,19,11,10,5,3,0,7,19,18,1,4,12,9,15,18,7,7,0,3,18,11,1,9,16,19,11,19,2,0,0,13,16,19,16,19,14,11,3,10,18,19,19,6,18,7,15,2,12,16,9,6,4,11,13,14,19,6,11,5,10,3,10,0,0,10,9,19,18,17,6,12,6,3,11,2,9,9,5,13,19,8,7,6,6,3,10,11,19,5,8,15,15,18,1,5,1,0,1,10,10,11,3,5,10,15,10,7,2,0,0,10,5,9,16,3,19,11,10,5,3,0,7,19,18,1,4,12,9,15,18,7,7,0,3,18,11,1,9,16,19,11,19,0,0,0,0",-0.51522946,0.28780186,3.0,0.050236747,74.40129,0.053073622,1.0,0.053073622,0.30564085,0.01290662,0.0,0.0,0.050236747,0.0017615288,0.86066896,0.30564085,2.771822,1.2738111,74.40129,-0.51522946,3.8237202,213.70438,0.012552398,0.047399875,1.0,213.70438,0.2692493,0.13933103,2.771822,0.0017615288,0.013260841,0.28780186,0.0,1.2738111,3.8237202,0.012552398,0.51522946,0.0,0.013260841,0.51522946,0.5921711,0.047399875,1.0,0.01290662,lookahead,beam_orig1_bm3-s0to50br2
/work/T-REX/external/Proteina-Complexa/inference/search_binder_local_pipeline_32_PDL1_ALPHA_REPACK_v7_r003_cand_v7r003_hyp_0003_01_002_a3eb57b720db7/job_0_n_233_id_14_beam_orig2_bm3-s0to50br2/job_0_n_233_id_14_beam_orig2_bm3-s0to50br2.pdb,58,"2,0,13,16,19,16,19,14,11,3,10,18,19,19,6,18,7,15,2,12,16,9,6,4,11,13,14,19,6,11,5,10,3,10,0,0,10,9,19,18,17,6,12,6,3,11,2,9,9,5,13,19,8,7,6,6,3,10,11,19,5,8,15,15,18,1,5,1,0,1,10,10,11,3,5,10,15,10,7,2,0,0,10,5,9,16,3,19,11,10,5,3,0,7,19,18,1,4,12,9,15,18,7,7,0,3,18,11,1,9,16,19,11,19,2,0,0,13,16,19,16,19,14,11,3,10,18,19,19,6,18,7,15,2,12,16,9,6,4,11,13,14,19,6,11,5,10,3,10,0,0,10,9,19,18,17,6,12,6,3,11,2,9,9,5,13,19,8,7,6,6,3,10,11,19,5,8,15,15,18,1,5,1,0,1,10,10,11,3,5,10,15,10,7,2,0,0,10,5,9,16,3,19,11,10,5,3,0,7,19,18,1,4,12,9,15,18,7,7,0,3,18,11,1,9,16,19,11,19,2,0,8,14",-0.5276865,0.29758164,3.0,0.04812847,65.268524,0.050962936,1.0,0.050962936,0.31522915,0.012429526,0.0,0.0,0.04812847,0.008966459,0.85607743,0.31522915,3.7498822,1.2955723,65.268524,-0.5276865,3.9142911,202.53627,0.011935229,0.045294005,1.0,202.53627,0.26458776,0.14392257,3.7498822,0.008966459,0.012923824,0.29758164,0.0,1.2955723,3.9142911,0.011935229,0.5276865,0.0,0.012923824,0.5276865,0.58752126,0.045294005,1.0,0.012429526,lookahead,beam_orig2_bm3-s0to50br2
/work/T-REX/external/Proteina-Complexa/inference/search_binder_local_pipeline_32_PDL1_ALPHA_REPACK_v7_r003_cand_v7r003_hyp_0003_01_002_a3eb57b720db7/job_0_n_180_id_14_beam_orig3_bm3-s0to50br2/job_0_n_180_id_14_beam_orig3_bm3-s0to50br2.pdb,59,"2,0,13,16,19,16,19,14,11,3,10,18,19,19,6,18,7,15,2,12,16,9,6,4,11,13,14,19,6,11,5,10,3,10,0,0,10,9,19,18,17,6,12,6,3,11,2,9,9,5,13,19,8,7,6,6,3,10,11,19,5,8,15,15,18,1,5,1,0,1,10,10,11,3,5,10,15,10,7,2,0,0,10,5,9,16,3,19,11,10,5,3,0,7,19,18,1,4,12,9,15,18,7,7,0,3,18,11,1,9,16,19,11,19,2,0,11,19,13,18,2,19,16,19,14,6,11,12,14,0,3,12,13,0,3,19,19,11,1,2,6,7,6,9,19,11,2,18,7,2,11,0,5,19,18,19,14,15,3,11,15,0,11,13,19,11,3,9,1,11,10,6,7,13,0,6,10,19,11,6,0,0,0,0,0,0,0,0,0,0,0,0,0,0,0,0,0,0,0,0,0,0,0,0,0,0,0,0,0,0,0,0,0,0,0,0,0,0,0,0,0,0,0,0,0,0,0,0,0,0,0,0,0",-0.24121492,0.10165099,3.0,0.3016687,65.42341,0.35083556,1.0,0.35083556,0.1861819,0.3016687,0.0,0.0,0.3016687,0.002908797,0.896606,0.1861819,2.4349034,1.5507808,65.42341,-0.24121492,2.6799889,189.40036,0.25250185,0.25250185,1.0,189.40036,0.67537254,0.10339395,2.4349034,0.002908797,0.35083556,0.10165099,0.0,1.5507808,2.6799889,0.25250185,0.24121492,0.0,0.35083556,0.24121492,0.82355726,0.25250185,1.0,0.3016687,lookahead,beam_orig3_bm3-s0to50br2
/work/T-REX/external/Proteina-Complexa/inference/search_binder_local_pipeline_32_PDL1_ALPHA_REPACK_v7_r003_cand_v7r003_hyp_0003_01_002_a3eb57b720db7/job_0_n_176_id_15_beam_orig0_bm3-s0to50br3/job_0_n_176_id_15_beam_orig0_bm3-s0to50br3.pdb,60,"2,0,13,16,19,16,19,14,11,3,10,18,19,19,6,18,7,15,2,12,16,9,6,4,11,13,14,19,6,11,5,10,3,10,0,0,10,9,19,18,17,6,12,6,3,11,2,9,9,5,13,19,8,7,6,6,3,10,11,19,5,8,15,15,18,1,5,1,0,1,10,10,11,3,5,10,15,10,7,2,0,0,10,5,9,16,3,19,11,10,5,3,0,7,19,18,1,4,12,9,15,18,7,7,0,3,18,11,1,9,16,19,11,19,2,0,3,10,0,9,0,8,2,2,10,7,13,9,18,10,9,5,11,11,10,3,10,0,19,11,6,18,11,11,0,10,6,9,11,14,3,13,0,6,0,8,8,2,10,7,11,19,18,6,3,5,11,11,10,3,10,0,9,11,6,18,0,0,0,0,0,0,0,0,0,0,0,0,0,0,0,0,0,0,0,0,0,0,0,0,0,0,0,0,0,0,0,0,0,0,0,0,0,0,0,0,0,0,0,0,0,0,0,0,0,0,0,0,0,0,0,0,0",-0.42828417,0.2440145,3.0,0.08357321,132.63963,0.106828146,1.0,0.106828146,0.3208772,0.015812034,0.0,0.0,0.08357321,0.010259828,0.8035382,0.3208772,14.310227,2.0079477,132.63963,-0.42828417,3.5645907,292.80966,0.013437488,0.06031827,1.0,292.80966,0.36513594,0.19646181,14.310227,0.010259828,0.018186579,0.2440145,0.0,2.0079477,3.5645907,0.013437488,0.42828417,0.0,0.018186579,0.42828417,0.7111106,0.06031827,1.0,0.015812034,lookahead,beam_orig0_bm3-s0to50br3
/work/T-REX/external/Proteina-Complexa/inference/search_binder_local_pipeline_32_PDL1_ALPHA_REPACK_v7_r003_cand_v7r003_hyp_0003_01_002_a3eb57b720db7/job_0_n_229_id_15_beam_orig1_bm3-s0to50br3/job_0_n_229_id_15_beam_orig1_bm3-s0to50br3.pdb,61,"2,0,13,16,19,16,19,14,11,3,10,18,19,19,6,18,7,15,2,12,16,9,6,4,11,13,14,19,6,11,5,10,3,10,0,0,10,9,19,18,17,6,12,6,3,11,2,9,9,5,13,19,8,7,6,6,3,10,11,19,5,8,15,15,18,1,5,1,0,1,10,10,11,3,5,10,15,10,7,2,0,0,10,5,9,16,3,19,11,10,5,3,0,7,19,18,1,4,12,9,15,18,7,7,0,3,18,11,1,9,16,19,11,19,2,0,16,19,16,19,14,11,3,10,18,19,19,6,18,7,15,2,12,16,9,6,4,11,13,14,19,6,11,5,10,3,10,0,0,10,9,19,18,17,6,12,6,3,11,2,9,9,5,13,19,8,7,6,6,3,10,11,19,5,8,15,15,18,1,5,1,0,1,10,10,11,3,5,10,15,10,7,2,0,0,10,5,9,16,3,19,11,10,5,3,0,7,19,18,1,4,12,9,15,18,7,7,0,3,18,11,1,9,16,19,11,19,2,0,0,0,0,0",-0.5337394,0.30576384,3.0,0.04010593,61.420372,0.043516718,1.0,0.043516718,0.31581053,0.0119430125,0.0,0.0,0.04010593,0.0018062571,0.86222726,0.31581053,5.45685,1.2959583,61.420372,-0.5337394,3.9060285,197.166,0.0117037585,0.036695145,1.0,197.166,0.2556637,0.13777272,5.45685,0.0018062571,0.0121822655,0.30576384,0.0,1.2959583,3.9060285,0.0117037585,0.5337394,0.0,0.0121822655,0.5337394,0.58510447,0.036695145,1.0,0.0119430125,lookahead,beam_orig1_bm3-s0to50br3
/work/T-REX/external/Proteina-Complexa/inference/search_binder_local_pipeline_32_PDL1_ALPHA_REPACK_v7_r003_cand_v7r003_hyp_0003_01_002_a3eb57b720db7/job_0_n_233_id_15_beam_orig2_bm3-s0to50br3/job_0_n_233_id_15_beam_orig2_bm3-s0to50br3.pdb,62,"2,0,13,16,19,16,19,14,11,3,10,18,19,19,6,18,7,15,2,12,16,9,6,4,11,13,14,19,6,11,5,10,3,10,0,0,10,9,19,18,17,6,12,6,3,11,2,9,9,5,13,19,8,7,6,6,3,10,11,19,5,8,15,15,18,1,5,1,0,1,10,10,11,3,5,10,15,10,7,2,0,0,10,5,9,16,3,19,11,10,5,3,0,7,19,18,1,4,12,9,15,18,7,7,0,3,18,11,1,9,16,19,11,19,2,0,0,13,16,19,16,19,14,11,3,10,18,19,19,6,18,7,15,2,12,16,9,6,4,11,13,14,19,6,11,5,10,3,10,0,0,10,9,19,18,17,6,12,6,3,11,2,9,9,5,13,19,8,7,6,6,3,10,11,19,5,8,15,15,18,1,5,1,0,1,10,10,11,3,5,10,15,10,7,2,0,0,10,5,9,16,3,19,11,10,5,3,0,7,19,18,1,4,12,9,15,18,7,7,0,3,18,11,1,9,16,19,11,19,2,0,14,14",-0.530032,0.2984666,3.0,0.045212574,77.954,0.04773506,1.0,0.04773506,0.3131976,0.012505908,0.0,0.0,0.045212574,0.004901521,0.8604882,0.3131976,2.736362,1.2878644,77.954,-0.530032,3.9310346,212.45317,0.012257317,0.042690083,1.0,212.45317,0.2617866,0.13951182,2.736362,0.004901521,0.012754498,0.2984666,0.0,1.2878644,3.9310346,0.012257317,0.530032,0.0,0.012754498,0.530032,0.5865189,0.042690083,1.0,0.012505908,lookahead,beam_orig2_bm3-s0to50br3
/work/T-REX/external/Proteina-Complexa/inference/search_binder_local_pipeline_32_PDL1_ALPHA_REPACK_v7_r003_cand_v7r003_hyp_0003_01_002_a3eb57b720db7/job_0_n_180_id_15_beam_orig3_bm3-s0to50br3/job_0_n_180_id_15_beam_orig3_bm3-s0to50br3.pdb,63,"2,0,13,16,19,16,19,14,11,3,10,18,19,19,6,18,7,15,2,12,16,9,6,4,11,13,14,19,6,11,5,10,3,10,0,0,10,9,19,18,17,6,12,6,3,11,2,9,9,5,13,19,8,7,6,6,3,10,11,19,5,8,15,15,18,1,5,1,0,1,10,10,11,3,5,10,15,10,7,2,0,0,10,5,9,16,3,19,11,10,5,3,0,7,19,18,1,4,12,9,15,18,7,7,0,3,18,11,1,9,16,19,11,19,2,0,15,3,11,6,9,0,12,2,18,10,5,3,10,4,1,11,6,6,7,19,6,14,15,5,7,6,10,5,11,15,19,6,3,16,10,6,6,5,9,11,7,11,19,0,0,15,16,14,6,6,16,0,11,6,0,10,11,9,18,1,0,2,5,11,0,0,0,0,0,0,0,0,0,0,0,0,0,0,0,0,0,0,0,0,0,0,0,0,0,0,0,0,0,0,0,0,0,0,0,0,0,0,0,0,0,0,0,0,0,0,0,0,0,0,0,0,0",-0.64170575,0.43855155,3.0,0.0058850534,122.15101,0.0059975656,1.0,0.0059975656,0.4431837,0.0,0.0,0.0,0.0058850534,0.0035710903,0.75947255,0.4431837,13.541265,1.4057949,122.15101,-0.64170575,4.0572324,242.6817,0.0,0.0057725417,1.0,242.6817,0.1842006,0.24052744,13.541265,0.0035710903,0.0,0.43855155,0.0,1.4057949,4.0572324,0.0,0.64170575,0.0,0.0,0.64170575,0.64133394,0.0057725417,1.0,0.0,lookahead,beam_orig3_bm3-s0to50br3
/work/T-REX/external/Proteina-Complexa/inference/search_binder_local_pipeline_32_PDL1_ALPHA_REPACK_v7_r003_cand_v7r003_hyp_0003_01_002_a3eb57b720db7/job_0_n_176_id_16_beam_orig0_bm0-s0to50br1-s50to100br0/job_0_n_176_id_16_beam_orig0_bm0-s0to50br1-s50to100br0.pdb,64,"2,0,13,16,19,16,19,14,11,3,10,18,19,19,6,18,7,15,2,12,16,9,6,4,11,13,14,19,6,11,5,10,3,10,0,0,10,9,19,18,17,6,12,6,3,11,2,9,9,5,13,19,8,7,6,6,3,10,11,19,5,8,15,15,18,1,5,1,0,1,10,10,11,3,5,10,15,10,7,2,0,0,10,5,9,16,3,19,11,10,5,3,0,7,19,18,1,4,12,9,15,18,7,7,0,3,18,11,1,9,16,19,11,19,2,0,15,9,11,6,0,9,11,10,2,6,6,7,4,6,6,13,1,11,7,2,18,3,6,0,19,11,10,13,5,1,0,13,6,9,1,11,11,0,10,7,14,6,8,8,3,16,11,19,15,1,3,17,10,11,13,16,5,11,10,11,0,0,0,0,0,0,0,0,0,0,0,0,0,0,0,0,0,0,0,0,0,0,0,0,0,0,0,0,0,0,0,0,0,0,0,0,0,0,0,0,0,0,0,0,0,0,0,0,0,0,0,0,0,0,0,0,0",-0.3340752,0.1576103,3.0,0.13303567,37.04538,0.17130801,1.0,0.17130801,0.24286905,0.10086307,0.0,0.0,0.13303567,0.0013500095,0.85885584,0.24286905,3.0474143,1.3943017,37.04538,-0.3340752,2.9054723,174.23178,0.07373791,0.09476334,1.0,174.23178,0.5001495,0.14114413,3.0474143,0.0013500095,0.12798823,0.1576103,0.0,1.3943017,2.9054723,0.07373791,0.3340752,0.0,0.12798823,0.3340752,0.759771,0.09476334,1.0,0.10086307,lookahead,beam_orig0_bm0-s0to50br1-s50to100br0
/work/T-REX/external/Proteina-Complexa/inference/search_binder_local_pipeline_32_PDL1_ALPHA_REPACK_v7_r003_cand_v7r003_hyp_0003_01_002_a3eb57b720db7/job_0_n_229_id_16_beam_orig1_bm2-s0to50br1-s50to100br0/job_0_n_229_id_16_beam_orig1_bm2-s0to50br1-s50to100br0.pdb,65,"2,0,13,16,19,16,19,14,11,3,10,18,19,19,6,18,7,15,2,12,16,9,6,4,11,13,14,19,6,11,5,10,3,10,0,0,10,9,19,18,17,6,12,6,3,11,2,9,9,5,13,19,8,7,6,6,3,10,11,19,5,8,15,15,18,1,5,1,0,1,10,10,11,3,5,10,15,10,7,2,0,0,10,5,9,16,3,19,11,10,5,3,0,7,19,18,1,4,12,9,15,18,7,7,0,3,18,11,1,9,16,19,11,19,2,0,0,13,16,19,16,19,14,11,3,10,18,19,19,6,18,7,15,2,12,16,9,6,4,11,13,14,19,6,11,5,10,3,10,0,0,10,9,19,18,17,6,12,6,3,11,2,9,9,5,13,19,8,7,6,6,3,10,11,19,5,8,15,15,18,1,5,1,0,1,10,10,11,3,5,10,15,10,7,2,0,0,10,5,9,16,3,19,11,10,5,3,0,7,19,18,1,4,12,9,15,18,7,7,0,3,18,11,1,9,16,19,11,19,0,0,0,0",-0.51321155,0.2851336,3.0,0.051700197,61.190907,0.054424096,1.0,0.054424096,0.30462128,0.012990478,0.0,0.0,0.051700197,0.0017485545,0.86066854,0.30462128,4.571827,1.2734578,61.190907,-0.51321155,3.8131454,198.13866,0.012882402,0.048976302,1.0,198.13866,0.27043074,0.13933146,4.571827,0.0017485545,0.013098555,0.2851336,0.0,1.2734578,3.8131454,0.012882402,0.51321155,0.0,0.013098555,0.51321155,0.5926049,0.048976302,1.0,0.012990478,lookahead,beam_orig1_bm2-s0to50br1-s50to100br0
/work/T-REX/external/Proteina-Complexa/inference/search_binder_local_pipeline_32_PDL1_ALPHA_REPACK_v7_r003_cand_v7r003_hyp_0003_01_002_a3eb57b720db7/job_0_n_233_id_16_beam_orig2_bm0-s0to50br2-s50to100br0/job_0_n_233_id_16_beam_orig2_bm0-s0to50br2-s50to100br0.pdb,66,"2,0,13,16,19,16,19,14,11,3,10,18,19,19,6,18,7,15,2,12,16,9,6,4,11,13,14,19,6,11,5,10,3,10,0,0,10,9,19,18,17,6,12,6,3,11,2,9,9,5,13,19,8,7,6,6,3,10,11,19,5,8,15,15,18,1,5,1,0,1,10,10,11,3,5,10,15,10,7,2,0,0,10,5,9,16,3,19,11,10,5,3,0,7,19,18,1,4,12,9,15,18,7,7,0,3,18,11,1,9,16,19,11,19,2,0,0,13,16,19,16,19,14,11,3,10,18,19,19,6,18,7,15,2,12,16,9,6,4,11,13,14,19,6,11,5,10,3,10,0,0,10,9,19,18,17,6,12,6,3,11,2,9,9,5,13,19,8,7,6,6,3,10,11,19,5,8,15,15,18,1,5,1,0,1,10,10,11,3,5,10,15,10,7,2,0,0,10,5,9,16,3,19,11,10,5,3,0,7,19,18,1,4,12,9,15,18,7,7,0,3,18,11,1,9,16,19,11,19,2,0,14,0",-0.53713226,0.30462375,3.0,0.039758243,59.063328,0.04209464,1.0,0.04209464,0.3169431,0.012027599,0.0,0.0,0.039758243,0.002660678,0.860708,0.3169431,5.481869,1.2831451,59.063328,-0.53713226,3.94644,196.83633,0.0117556965,0.037421845,1.0,196.83633,0.25610003,0.13929199,5.481869,0.002660678,0.012299502,0.30462375,0.0,1.2831451,3.94644,0.0117556965,0.53713226,0.0,0.012299502,0.53713226,0.5846649,0.037421845,1.0,0.012027599,lookahead,beam_orig2_bm0-s0to50br2-s50to100br0
/work/T-REX/external/Proteina-Complexa/inference/search_binder_local_pipeline_32_PDL1_ALPHA_REPACK_v7_r003_cand_v7r003_hyp_0003_01_002_a3eb57b720db7/job_0_n_180_id_16_beam_orig3_bm3-s0to50br1-s50to100br0/job_0_n_180_id_16_beam_orig3_bm3-s0to50br1-s50to100br0.pdb,67,"2,0,13,16,19,16,19,14,11,3,10,18,19,19,6,18,7,15,2,12,16,9,6,4,11,13,14,19,6,11,5,10,3,10,0,0,10,9,19,18,17,6,12,6,3,11,2,9,9,5,13,19,8,7,6,6,3,10,11,19,5,8,15,15,18,1,5,1,0,1,10,10,11,3,5,10,15,10,7,2,0,0,10,5,9,16,3,19,11,10,5,3,0,7,19,18,1,4,12,9,15,18,7,7,0,3,18,11,1,9,16,19,11,19,2,0,9,5,11,17,0,5,6,16,10,11,2,0,7,11,16,13,16,11,14,0,10,11,1,13,17,6,10,19,7,3,2,15,3,10,10,13,11,10,9,16,18,10,5,15,10,14,11,11,6,9,6,19,3,3,19,6,11,0,19,11,19,19,10,7,0,0,0,0,0,0,0,0,0,0,0,0,0,0,0,0,0,0,0,0,0,0,0,0,0,0,0,0,0,0,0,0,0,0,0,0,0,0,0,0,0,0,0,0,0,0,0,0,0,0,0,0,0",-0.28708225,0.12576354,3.0,0.20352873,58.906845,0.2426203,1.0,0.2426203,0.21654397,0.20261773,0.0,0.0,0.20352873,0.0010359539,0.860319,0.21654397,5.8753138,1.733603,58.906845,-0.28708225,2.9885335,184.96495,0.16311571,0.16443717,1.0,184.96495,0.5598209,0.13968095,5.8753138,0.0010359539,0.24211977,0.12576354,0.0,1.733603,2.9885335,0.16311571,0.28708225,0.0,0.24211977,0.28708225,0.782722,0.16443717,1.0,0.20261773,lookahead,beam_orig3_bm3-s0to50br1-s50to100br0
/work/T-REX/external/Proteina-Complexa/inference/search_binder_local_pipeline_32_PDL1_ALPHA_REPACK_v7_r003_cand_v7r003_hyp_0003_01_002_a3eb57b720db7/job_0_n_176_id_17_beam_orig0_bm0-s0to50br1-s50to100br1/job_0_n_176_id_17_beam_orig0_bm0-s0to50br1-s50to100br1.pdb,68,"2,0,13,16,19,16,19,14,11,3,10,18,19,19,6,18,7,15,2,12,16,9,6,4,11,13,14,19,6,11,5,10,3,10,0,0,10,9,19,18,17,6,12,6,3,11,2,9,9,5,13,19,8,7,6,6,3,10,11,19,5,8,15,15,18,1,5,1,0,1,10,10,11,3,5,10,15,10,7,2,0,0,10,5,9,16,3,19,11,10,5,3,0,7,19,18,1,4,12,9,15,18,7,7,0,3,18,11,1,9,16,19,11,19,2,0,15,9,6,6,0,9,11,10,3,6,6,7,0,1,6,13,0,11,7,2,18,3,6,0,19,11,10,13,5,6,0,13,6,9,1,11,11,0,10,7,3,6,8,6,3,16,11,11,15,1,3,17,10,11,13,0,11,11,5,5,0,0,0,0,0,0,0,0,0,0,0,0,0,0,0,0,0,0,0,0,0,0,0,0,0,0,0,0,0,0,0,0,0,0,0,0,0,0,0,0,0,0,0,0,0,0,0,0,0,0,0,0,0,0,0,0,0",-0.38121477,0.19785042,3.0,0.1004458,37.238968,0.12976399,1.0,0.12976399,0.2745414,0.05288028,0.0,0.0,0.1004458,0.0017941456,0.8291177,0.2745414,3.9026566,1.4671726,37.238968,-0.38121477,3.1396053,197.28793,0.033524122,0.07112761,1.0,197.28793,0.3929451,0.17088228,3.9026566,0.0017941456,0.07223644,0.19785042,0.0,1.4671726,3.1396053,0.033524122,0.38121477,0.0,0.07223644,0.38121477,0.72026926,0.07112761,1.0,0.05288028,lookahead,beam_orig0_bm0-s0to50br1-s50to100br1
/work/T-REX/external/Proteina-Complexa/inference/search_binder_local_pipeline_32_PDL1_ALPHA_REPACK_v7_r003_cand_v7r003_hyp_0003_01_002_a3eb57b720db7/job_0_n_229_id_17_beam_orig1_bm2-s0to50br1-s50to100br1/job_0_n_229_id_17_beam_orig1_bm2-s0to50br1-s50to100br1.pdb,69,"2,0,13,16,19,16,19,14,11,3,10,18,19,19,6,18,7,15,2,12,16,9,6,4,11,13,14,19,6,11,5,10,3,10,0,0,10,9,19,18,17,6,12,6,3,11,2,9,9,5,13,19,8,7,6,6,3,10,11,19,5,8,15,15,18,1,5,1,0,1,10,10,11,3,5,10,15,10,7,2,0,0,10,5,9,16,3,19,11,10,5,3,0,7,19,18,1,4,12,9,15,18,7,7,0,3,18,11,1,9,16,19,11,19,2,0,0,13,16,19,16,19,14,11,3,10,18,19,19,6,18,7,15,2,12,16,9,6,4,11,13,14,19,6,11,5,10,3,10,0,0,10,9,19,18,17,6,12,6,3,11,2,9,9,5,13,19,8,7,6,6,3,10,11,19,5,8,15,15,18,1,5,1,0,1,10,10,11,3,5,10,15,10,7,2,0,0,10,5,9,16,3,19,11,10,5,3,0,7,19,18,1,4,12,9,15,18,7,7,0,3,18,11,1,9,16,19,11,19,0,0,0,0",-0.51113266,0.2787145,3.0,0.050691903,66.446144,0.052510932,1.0,0.052510932,0.30313882,0.013599814,0.0,0.0,0.050691903,0.0017157118,0.8616178,0.30313882,4.84497,1.2619791,66.446144,-0.51113266,3.7913365,199.48291,0.013185521,0.048872877,1.0,199.48291,0.26729685,0.1383822,4.84497,0.0017157118,0.014014107,0.2787145,0.0,1.2619791,3.7913365,0.013185521,0.51113266,0.0,0.014014107,0.51113266,0.5910992,0.048872877,1.0,0.013599814,lookahead,beam_orig1_bm2-s0to50br1-s50to100br1
/work/T-REX/external/Proteina-Complexa/inference/search_binder_local_pipeline_32_PDL1_ALPHA_REPACK_v7_r003_cand_v7r003_hyp_0003_01_002_a3eb57b720db7/job_0_n_233_id_17_beam_orig2_bm0-s0to50br2-s50to100br1/job_0_n_233_id_17_beam_orig2_bm0-s0to50br2-s50to100br1.pdb,70,"2,0,13,16,19,16,19,14,11,3,10,18,19,19,6,18,7,15,2,12,16,9,6,4,11,13,14,19,6,11,5,10,3,10,0,0,10,9,19,18,17,6,12,6,3,11,2,9,9,5,13,19,8,7,6,6,3,10,11,19,5,8,15,15,18,1,5,1,0,1,10,10,11,3,5,10,15,10,7,2,0,0,10,5,9,16,3,19,11,10,5,3,0,7,19,18,1,4,12,9,15,18,7,7,0,3,18,11,1,9,16,19,11,19,2,0,0,13,16,19,16,19,14,11,3,10,18,19,19,6,18,7,15,2,12,16,9,6,4,11,13,14,19,6,11,5,10,3,10,0,0,10,9,19,18,17,6,12,6,3,11,2,9,9,5,13,19,8,7,6,6,3,10,11,19,5,8,15,15,18,1,5,1,0,1,10,10,11,3,5,10,15,10,7,2,0,0,10,5,9,16,3,19,11,10,5,3,0,7,19,18,1,4,12,9,15,18,7,7,0,3,18,11,1,9,16,19,11,19,2,0,14,0",-0.52497965,0.28955728,3.0,0.04803565,60.949562,0.050361928,1.0,0.050361928,0.31094253,0.012632783,0.0,0.0,0.04803565,0.0027177192,0.8600857,0.31094253,5.046023,1.2790698,60.949562,-0.52497965,3.913814,197.97487,0.012413597,0.04570938,1.0,197.97487,0.26332527,0.13991427,5.046023,0.0027177192,0.012851968,0.28955728,0.0,1.2790698,3.913814,0.012413597,0.52497965,0.0,0.012851968,0.52497965,0.5886984,0.04570938,1.0,0.012632783,lookahead,beam_orig2_bm0-s0to50br2-s50to100br1
/work/T-REX/external/Proteina-Complexa/inference/search_binder_local_pipeline_32_PDL1_ALPHA_REPACK_v7_r003_cand_v7r003_hyp_0003_01_002_a3eb57b720db7/job_0_n_180_id_17_beam_orig3_bm3-s0to50br1-s50to100br1/job_0_n_180_id_17_beam_orig3_bm3-s0to50br1-s50to100br1.pdb,71,"2,0,13,16,19,16,19,14,11,3,10,18,19,19,6,18,7,15,2,12,16,9,6,4,11,13,14,19,6,11,5,10,3,10,0,0,10,9,19,18,17,6,12,6,3,11,2,9,9,5,13,19,8,7,6,6,3,10,11,19,5,8,15,15,18,1,5,1,0,1,10,10,11,3,5,10,15,10,7,2,0,0,10,5,9,16,3,19,11,10,5,3,0,7,19,18,1,4,12,9,15,18,7,7,0,3,18,11,1,9,16,19,11,19,2,0,9,17,2,17,13,11,6,15,10,11,2,0,7,11,16,13,6,14,3,0,13,2,1,10,9,6,10,19,7,2,2,16,3,11,10,13,3,13,10,11,9,10,10,2,15,14,11,11,11,9,16,19,0,3,19,6,10,0,1,11,9,9,6,15,0,0,0,0,0,0,0,0,0,0,0,0,0,0,0,0,0,0,0,0,0,0,0,0,0,0,0,0,0,0,0,0,0,0,0,0,0,0,0,0,0,0,0,0,0,0,0,0,0,0,0,0,0",-0.26844203,0.12025873,3.0,0.22355036,50.21014,0.26812255,1.0,0.26812255,0.20045234,0.22273645,0.0,0.0,0.22355036,0.0007890947,0.8867043,0.20045234,4.2746925,1.5848581,50.21014,-0.26844203,2.8693542,182.30789,0.17780755,0.17897817,1.0,182.30789,0.5972017,0.11329567,4.2746925,0.0007890947,0.26766536,0.12025873,0.0,1.5848581,2.8693542,0.17780755,0.26844203,0.0,0.26766536,0.26844203,0.79680157,0.17897817,1.0,0.22273645,lookahead,beam_orig3_bm3-s0to50br1-s50to100br1
/work/T-REX/external/Proteina-Complexa/inference/search_binder_local_pipeline_32_PDL1_ALPHA_REPACK_v7_r003_cand_v7r003_hyp_0003_01_002_a3eb57b720db7/job_0_n_176_id_18_beam_orig0_bm0-s0to50br1-s50to100br2/job_0_n_176_id_18_beam_orig0_bm0-s0to50br1-s50to100br2.pdb,72,"2,0,13,16,19,16,19,14,11,3,10,18,19,19,6,18,7,15,2,12,16,9,6,4,11,13,14,19,6,11,5,10,3,10,0,0,10,9,19,18,17,6,12,6,3,11,2,9,9,5,13,19,8,7,6,6,3,10,11,19,5,8,15,15,18,1,5,1,0,1,10,10,11,3,5,10,15,10,7,2,0,0,10,5,9,16,3,19,11,10,5,3,0,7,19,18,1,4,12,9,15,18,7,7,0,3,18,11,1,9,16,19,11,19,2,0,15,9,6,6,0,9,11,10,3,6,6,7,15,5,6,10,19,11,7,2,18,3,6,0,0,11,10,13,5,6,0,13,6,9,1,11,11,0,10,7,14,6,8,8,3,16,11,19,15,1,3,17,10,11,13,19,5,11,10,5,0,0,0,0,0,0,0,0,0,0,0,0,0,0,0,0,0,0,0,0,0,0,0,0,0,0,0,0,0,0,0,0,0,0,0,0,0,0,0,0,0,0,0,0,0,0,0,0,0,0,0,0,0,0,0,0,0",-0.24084115,0.087291285,3.0,0.26681077,38.16614,0.33571553,1.0,0.33571553,0.18058036,0.26668736,0.0,0.0,0.26681077,0.0010350219,0.8891347,0.18058036,2.0378642,1.4085132,38.16614,-0.24084115,2.5666623,170.76225,0.19790605,0.19790605,1.0,170.76225,0.6430758,0.1108653,2.0378642,0.0010350219,0.33546868,0.087291285,0.0,1.4085132,2.5666623,0.19790605,0.24084115,0.0,0.33546868,0.24084115,0.80898166,0.19790605,1.0,0.26668736,lookahead,beam_orig0_bm0-s0to50br1-s50to100br2
/work/T-REX/external/Proteina-Complexa/inference/search_binder_local_pipeline_32_PDL1_ALPHA_REPACK_v7_r003_cand_v7r003_hyp_0003_01_002_a3eb57b720db7/job_0_n_229_id_18_beam_orig1_bm2-s0to50br1-s50to100br2/job_0_n_229_id_18_beam_orig1_bm2-s0to50br1-s50to100br2.pdb,73,"2,0,13,16,19,16,19,14,11,3,10,18,19,19,6,18,7,15,2,12,16,9,6,4,11,13,14,19,6,11,5,10,3,10,0,0,10,9,19,18,17,6,12,6,3,11,2,9,9,5,13,19,8,7,6,6,3,10,11,19,5,8,15,15,18,1,5,1,0,1,10,10,11,3,5,10,15,10,7,2,0,0,10,5,9,16,3,19,11,10,5,3,0,7,19,18,1,4,12,9,15,18,7,7,0,3,18,11,1,9,16,19,11,19,2,0,0,13,16,19,16,19,14,11,3,10,18,19,19,6,18,7,15,2,12,16,9,6,4,11,13,14,19,6,11,5,10,3,10,0,0,10,9,19,18,17,6,12,6,3,11,2,9,9,5,13,19,8,7,6,6,3,10,11,19,5,8,15,15,18,1,5,1,0,1,10,10,11,3,5,10,15,10,7,2,0,0,10,5,9,16,3,19,11,10,5,3,0,7,19,18,1,4,12,9,15,18,7,7,0,3,18,11,1,9,16,19,11,19,0,0,0,0",-0.5126793,0.28314954,3.0,0.051020373,66.03652,0.053922683,1.0,0.053922683,0.3038635,0.012936723,0.0,0.0,0.051020373,0.0017083425,0.86150014,0.3038635,5.0582876,1.2650778,66.03652,-0.5126793,3.8078754,204.01932,0.01256506,0.048118062,1.0,204.01932,0.26938587,0.13849989,5.0582876,0.0017083425,0.013308387,0.28314954,0.0,1.2650778,3.8078754,0.01256506,0.5126793,0.0,0.013308387,0.5126793,0.5922915,0.048118062,1.0,0.012936723,lookahead,beam_orig1_bm2-s0to50br1-s50to100br2
/work/T-REX/external/Proteina-Complexa/inference/search_binder_local_pipeline_32_PDL1_ALPHA_REPACK_v7_r003_cand_v7r003_hyp_0003_01_002_a3eb57b720db7/job_0_n_233_id_18_beam_orig2_bm0-s0to50br2-s50to100br2/job_0_n_233_id_18_beam_orig2_bm0-s0to50br2-s50to100br2.pdb,74,"2,0,13,16,19,16,19,14,11,3,10,18,19,19,6,18,7,15,2,12,16,9,6,4,11,13,14,19,6,11,5,10,3,10,0,0,10,9,19,18,17,6,12,6,3,11,2,9,9,5,13,19,8,7,6,6,3,10,11,19,5,8,15,15,18,1,5,1,0,1,10,10,11,3,5,10,15,10,7,2,0,0,10,5,9,16,3,19,11,10,5,3,0,7,19,18,1,4,12,9,15,18,7,7,0,3,18,11,1,9,16,19,11,19,2,0,0,13,16,19,16,19,14,11,3,10,18,19,19,6,18,7,15,2,12,16,9,6,4,11,13,14,19,6,11,5,10,3,10,0,0,10,9,19,18,17,6,12,6,3,11,2,9,9,5,13,19,8,7,6,6,3,10,11,19,5,8,15,15,18,1,5,1,0,1,10,10,11,3,5,10,15,10,7,2,0,0,10,5,9,16,3,19,11,10,5,3,0,7,19,18,1,4,12,9,15,18,7,7,0,3,18,11,1,9,16,19,11,19,2,0,14,15",-0.5346367,0.30278865,3.0,0.04339791,64.1305,0.04674882,1.0,0.04674882,0.31566077,0.012218354,0.0,0.0,0.04339791,0.0032054305,0.86133546,0.31566077,5.2851605,1.2833594,64.1305,-0.5346367,3.9388483,200.8327,0.011940374,0.040047005,1.0,200.8327,0.25892296,0.13866454,5.2851605,0.0032054305,0.0124963345,0.30278865,0.0,1.2833594,3.9388483,0.011940374,0.5346367,0.0,0.0124963345,0.5346367,0.5857196,0.040047005,1.0,0.012218354,lookahead,beam_orig2_bm0-s0to50br2-s50to100br2
/work/T-REX/external/Proteina-Complexa/inference/search_binder_local_pipeline_32_PDL1_ALPHA_REPACK_v7_r003_cand_v7r003_hyp_0003_01_002_a3eb57b720db7/job_0_n_180_id_18_beam_orig3_bm3-s0to50br1-s50to100br2/job_0_n_180_id_18_beam_orig3_bm3-s0to50br1-s50to100br2.pdb,75,"2,0,13,16,19,16,19,14,11,3,10,18,19,19,6,18,7,15,2,12,16,9,6,4,11,13,14,19,6,11,5,10,3,10,0,0,10,9,19,18,17,6,12,6,3,11,2,9,9,5,13,19,8,7,6,6,3,10,11,19,5,8,15,15,18,1,5,1,0,1,10,10,11,3,5,10,15,10,7,2,0,0,10,5,9,16,3,19,11,10,5,3,0,7,19,18,1,4,12,9,15,18,7,7,0,3,18,11,1,9,16,19,11,19,2,0,9,6,11,17,19,11,6,15,10,11,2,12,7,11,16,9,5,0,3,0,13,2,1,13,12,6,10,19,7,2,2,10,3,10,10,13,3,10,10,1,6,10,15,10,2,14,11,16,6,9,16,19,3,3,9,6,6,0,19,11,6,19,6,0,0,0,0,0,0,0,0,0,0,0,0,0,0,0,0,0,0,0,0,0,0,0,0,0,0,0,0,0,0,0,0,0,0,0,0,0,0,0,0,0,0,0,0,0,0,0,0,0,0,0,0,0,0",-0.36641833,0.19226262,3.0,0.11517287,54.14436,0.13853434,1.0,0.13853434,0.26735145,0.07032644,0.0,0.0,0.11517287,0.0012148693,0.8217913,0.26735145,4.1877904,1.7626326,54.14436,-0.36641833,3.2224674,195.42406,0.065242216,0.0918114,1.0,195.42406,0.41038108,0.1782087,4.1877904,0.0012148693,0.075410664,0.19226262,0.0,1.7626326,3.2224674,0.065242216,0.36641833,0.0,0.075410664,0.36641833,0.72473824,0.0918114,1.0,0.07032644,lookahead,beam_orig3_bm3-s0to50br1-s50to100br2
/work/T-REX/external/Proteina-Complexa/inference/search_binder_local_pipeline_32_PDL1_ALPHA_REPACK_v7_r003_cand_v7r003_hyp_0003_01_002_a3eb57b720db7/job_0_n_176_id_19_beam_orig0_bm0-s0to50br1-s50to100br3/job_0_n_176_id_19_beam_orig0_bm0-s0to50br1-s50to100br3.pdb,76,"2,0,13,16,19,16,19,14,11,3,10,18,19,19,6,18,7,15,2,12,16,9,6,4,11,13,14,19,6,11,5,10,3,10,0,0,10,9,19,18,17,6,12,6,3,11,2,9,9,5,13,19,8,7,6,6,3,10,11,19,5,8,15,15,18,1,5,1,0,1,10,10,11,3,5,10,15,10,7,2,0,0,10,5,9,16,3,19,11,10,5,3,0,7,19,18,1,4,12,9,15,18,7,7,0,3,18,11,1,9,16,19,11,19,2,0,15,6,11,6,0,9,6,18,13,2,1,7,15,1,1,10,15,6,7,2,18,3,7,0,19,6,3,13,5,6,0,13,6,9,1,11,11,0,10,7,3,2,8,6,3,16,11,11,15,1,3,17,10,0,13,0,5,11,10,11,0,0,0,0,0,0,0,0,0,0,0,0,0,0,0,0,0,0,0,0,0,0,0,0,0,0,0,0,0,0,0,0,0,0,0,0,0,0,0,0,0,0,0,0,0,0,0,0,0,0,0,0,0,0,0,0,0",-0.22297427,0.08845401,3.0,0.30555636,43.162582,0.37845093,1.0,0.37845093,0.16842495,0.30555636,0.0,0.0,0.30555636,0.0020307573,0.90826195,0.16842495,2.750423,1.3124167,43.162582,-0.22297427,2.433376,160.9898,0.2326618,0.2326618,1.0,160.9898,0.68088466,0.09173805,2.750423,0.0020307573,0.37845093,0.08845401,0.0,1.3124167,2.433376,0.2326618,0.22297427,0.0,0.37845093,0.22297427,0.8213914,0.2326618,1.0,0.30555636,lookahead,beam_orig0_bm0-s0to50br1-s50to100br3
/work/T-REX/external/Proteina-Complexa/inference/search_binder_local_pipeline_32_PDL1_ALPHA_REPACK_v7_r003_cand_v7r003_hyp_0003_01_002_a3eb57b720db7/job_0_n_229_id_19_beam_orig1_bm2-s0to50br1-s50to100br3/job_0_n_229_id_19_beam_orig1_bm2-s0to50br1-s50to100br3.pdb,77,"2,0,13,16,19,16,19,14,11,3,10,18,19,19,6,18,7,15,2,12,16,9,6,4,11,13,14,19,6,11,5,10,3,10,0,0,10,9,19,18,17,6,12,6,3,11,2,9,9,5,13,19,8,7,6,6,3,10,11,19,5,8,15,15,18,1,5,1,0,1,10,10,11,3,5,10,15,10,7,2,0,0,10,5,9,16,3,19,11,10,5,3,0,7,19,18,1,4,12,9,15,18,7,7,0,3,18,11,1,9,16,19,11,19,2,0,0,13,16,19,16,19,14,11,3,10,18,19,19,6,18,7,15,2,12,16,9,6,4,11,13,14,19,6,11,5,10,3,10,0,0,10,9,19,18,17,6,12,6,3,11,2,9,9,5,13,19,8,7,6,6,3,10,11,19,5,8,15,15,18,1,5,1,0,1,10,10,11,3,5,10,15,10,7,2,0,0,10,5,9,16,3,19,11,10,5,3,0,7,19,18,1,4,12,9,15,18,7,7,0,3,18,11,1,9,16,19,11,19,0,0,0,0",-0.5105251,0.28162536,3.0,0.05244591,58.518856,0.055089995,1.0,0.055089995,0.30289316,0.01313566,0.0,0.0,0.05244591,0.0017254559,0.86124784,0.30289316,4.351802,1.2676629,58.518856,-0.5105251,3.8003438,197.24144,0.012754697,0.049801823,1.0,197.24144,0.27146065,0.13875215,4.351802,0.0017254559,0.0135166235,0.28162536,0.0,1.2676629,3.8003438,0.012754697,0.5105251,0.0,0.0135166235,0.5105251,0.59323645,0.049801823,1.0,0.01313566,lookahead,beam_orig1_bm2-s0to50br1-s50to100br3
/work/T-REX/external/Proteina-Complexa/inference/search_binder_local_pipeline_32_PDL1_ALPHA_REPACK_v7_r003_cand_v7r003_hyp_0003_01_002_a3eb57b720db7/job_0_n_233_id_19_beam_orig2_bm0-s0to50br2-s50to100br3/job_0_n_233_id_19_beam_orig2_bm0-s0to50br2-s50to100br3.pdb,78,"2,0,13,16,19,16,19,14,11,3,10,18,19,19,6,18,7,15,2,12,16,9,6,4,11,13,14,19,6,11,5,10,3,10,0,0,10,9,19,18,17,6,12,6,3,11,2,9,9,5,13,19,8,7,6,6,3,10,11,19,5,8,15,15,18,1,5,1,0,1,10,10,11,3,5,10,15,10,7,2,0,0,10,5,9,16,3,19,11,10,5,3,0,7,19,18,1,4,12,9,15,18,7,7,0,3,18,11,1,9,16,19,11,19,2,0,0,13,16,19,16,19,14,11,3,10,18,19,19,6,18,7,15,2,12,16,9,6,4,11,13,14,19,6,11,5,10,3,10,0,0,10,9,19,18,17,6,12,6,3,11,2,9,9,5,13,19,8,7,6,6,3,10,11,19,5,8,15,15,18,1,5,1,0,1,10,10,11,3,5,10,15,10,7,2,0,0,10,5,9,16,3,19,11,10,5,3,0,7,19,18,1,4,12,9,15,18,7,7,0,3,18,11,1,9,16,19,11,19,2,0,14,15",-0.5297524,0.29916096,3.0,0.046051186,60.105453,0.047621254,1.0,0.047621254,0.3131021,0.012289649,0.0,0.0,0.046051186,0.0031931743,0.8605431,0.3131021,4.7526402,1.2812037,60.105453,-0.5297524,3.9290836,197.76024,0.012050498,0.044481117,1.0,197.76024,0.26080954,0.13945691,4.7526402,0.0031931743,0.0125287995,0.29916096,0.0,1.2812037,3.9290836,0.012050498,0.5297524,0.0,0.0125287995,0.5297524,0.5874114,0.044481117,1.0,0.012289649,lookahead,beam_orig2_bm0-s0to50br2-s50to100br3
/work/T-REX/external/Proteina-Complexa/inference/search_binder_local_pipeline_32_PDL1_ALPHA_REPACK_v7_r003_cand_v7r003_hyp_0003_01_002_a3eb57b720db7/job_0_n_180_id_19_beam_orig3_bm3-s0to50br1-s50to100br3/job_0_n_180_id_19_beam_orig3_bm3-s0to50br1-s50to100br3.pdb,79,"2,0,13,16,19,16,19,14,11,3,10,18,19,19,6,18,7,15,2,12,16,9,6,4,11,13,14,19,6,11,5,10,3,10,0,0,10,9,19,18,17,6,12,6,3,11,2,9,9,5,13,19,8,7,6,6,3,10,11,19,5,8,15,15,18,1,5,1,0,1,10,10,11,3,5,10,15,10,7,2,0,0,10,5,9,16,3,19,11,10,5,3,0,7,19,18,1,4,12,9,15,18,7,7,0,3,18,11,1,9,16,19,11,19,2,0,10,6,16,17,0,1,6,15,10,11,2,15,7,11,16,13,6,14,3,0,13,2,1,13,10,6,10,19,6,7,2,11,3,10,10,19,3,10,9,1,1,10,2,10,10,3,11,5,2,9,16,19,6,3,19,6,6,19,18,5,6,10,6,0,0,0,0,0,0,0,0,0,0,0,0,0,0,0,0,0,0,0,0,0,0,0,0,0,0,0,0,0,0,0,0,0,0,0,0,0,0,0,0,0,0,0,0,0,0,0,0,0,0,0,0,0,0",-0.27413428,0.12742217,3.0,0.21632484,68.80272,0.2341572,1.0,0.2341572,0.21335389,0.21496871,0.0,0.0,0.21632484,0.001082439,0.8413943,0.21335389,2.4926538,1.8052702,68.80272,-0.27413428,2.799858,197.03015,0.1972069,0.19849248,1.0,197.03015,0.6112378,0.15860568,2.4926538,0.001082439,0.23273051,0.12742217,0.0,1.8052702,2.799858,0.1972069,0.27413428,0.0,0.23273051,0.27413428,0.7979593,0.19849248,1.0,0.21496871,lookahead,beam_orig3_bm3-s0to50br1-s50to100br3
/work/T-REX/external/Proteina-Complexa/inference/search_binder_local_pipeline_32_PDL1_ALPHA_REPACK_v7_r003_cand_v7r003_hyp_0003_01_002_a3eb57b720db7/job_0_n_176_id_20_beam_orig0_bm0-s0to50br0-s50to100br0/job_0_n_176_id_20_beam_orig0_bm0-s0to50br0-s50to100br0.pdb,80,"2,0,13,16,19,16,19,14,11,3,10,18,19,19,6,18,7,15,2,12,16,9,6,4,11,13,14,19,6,11,5,10,3,10,0,0,10,9,19,18,17,6,12,6,3,11,2,9,9,5,13,19,8,7,6,6,3,10,11,19,5,8,15,15,18,1,5,1,0,1,10,10,11,3,5,10,15,10,7,2,0,0,10,5,9,16,3,19,11,10,5,3,0,7,19,18,1,4,12,9,15,18,7,7,0,3,18,11,1,9,16,19,11,19,2,0,15,6,11,6,7,11,11,10,13,10,6,7,9,11,0,18,2,11,11,3,18,11,6,0,19,11,11,18,5,11,9,10,3,11,13,7,16,16,18,14,8,18,10,10,0,5,11,6,10,5,6,0,11,11,10,10,5,6,5,2,0,0,0,0,0,0,0,0,0,0,0,0,0,0,0,0,0,0,0,0,0,0,0,0,0,0,0,0,0,0,0,0,0,0,0,0,0,0,0,0,0,0,0,0,0,0,0,0,0,0,0,0,0,0,0,0,0",-0.5832636,0.33976892,3.0,0.012716226,56.08152,0.016847499,1.0,0.016847499,0.42641002,0.005423039,0.0,0.0,0.012716226,0.004677682,0.7284174,0.42641002,3.260749,1.9378924,56.08152,-0.5832636,3.7943063,244.99178,0.0,0.008584953,1.0,244.99178,0.18998887,0.2715826,3.260749,0.004677682,0.010846078,0.33976892,0.0,1.9378924,3.7943063,0.0,0.5832636,0.0,0.010846078,0.5832636,0.6523371,0.008584953,1.0,0.005423039,lookahead,beam_orig0_bm0-s0to50br0-s50to100br0
/work/T-REX/external/Proteina-Complexa/inference/search_binder_local_pipeline_32_PDL1_ALPHA_REPACK_v7_r003_cand_v7r003_hyp_0003_01_002_a3eb57b720db7/job_0_n_229_id_20_beam_orig1_bm3-s0to50br2-s50to100br0/job_0_n_229_id_20_beam_orig1_bm3-s0to50br2-s50to100br0.pdb,81,"2,0,13,16,19,16,19,14,11,3,10,18,19,19,6,18,7,15,2,12,16,9,6,4,11,13,14,19,6,11,5,10,3,10,0,0,10,9,19,18,17,6,12,6,3,11,2,9,9,5,13,19,8,7,6,6,3,10,11,19,5,8,15,15,18,1,5,1,0,1,10,10,11,3,5,10,15,10,7,2,0,0,10,5,9,16,3,19,11,10,5,3,0,7,19,18,1,4,12,9,15,18,7,7,0,3,18,11,1,9,16,19,11,19,2,0,0,13,16,19,16,19,14,11,3,10,18,19,19,6,18,7,15,2,12,16,9,6,4,11,13,14,19,6,11,5,10,3,10,0,0,10,9,19,18,17,6,12,6,3,11,2,9,9,5,13,19,8,7,6,6,3,10,11,19,5,8,15,15,18,1,5,1,0,1,10,10,11,3,5,10,15,10,7,2,0,0,10,5,9,16,3,19,11,10,5,3,0,7,19,18,1,4,12,9,15,18,7,7,0,3,18,11,1,9,16,19,11,19,0,0,0,0",-0.51885474,0.29005754,3.0,0.049008485,76.31572,0.051668894,1.0,0.051668894,0.30758557,0.01259931,0.0,0.0,0.049008485,0.0017769458,0.8607955,0.30758557,2.705211,1.2734998,76.31572,-0.51885474,3.8356037,216.02557,0.012290141,0.046348076,1.0,216.02557,0.2662816,0.13920449,2.705211,0.0017769458,0.012908479,0.29005754,0.0,1.2734998,3.8356037,0.012290141,0.51885474,0.0,0.012908479,0.51885474,0.5906428,0.046348076,1.0,0.01259931,lookahead,beam_orig1_bm3-s0to50br2-s50to100br0
/work/T-REX/external/Proteina-Complexa/inference/search_binder_local_pipeline_32_PDL1_ALPHA_REPACK_v7_r003_cand_v7r003_hyp_0003_01_002_a3eb57b720db7/job_0_n_233_id_20_beam_orig2_bm2-s0to50br2-s50to100br0/job_0_n_233_id_20_beam_orig2_bm2-s0to50br2-s50to100br0.pdb,82,"2,0,13,16,19,16,19,14,11,3,10,18,19,19,6,18,7,15,2,12,16,9,6,4,11,13,14,19,6,11,5,10,3,10,0,0,10,9,19,18,17,6,12,6,3,11,2,9,9,5,13,19,8,7,6,6,3,10,11,19,5,8,15,15,18,1,5,1,0,1,10,10,11,3,5,10,15,10,7,2,0,0,10,5,9,16,3,19,11,10,5,3,0,7,19,18,1,4,12,9,15,18,7,7,0,3,18,11,1,9,16,19,11,19,2,0,0,13,16,19,16,19,14,11,3,10,18,19,19,6,18,7,15,2,12,16,9,6,4,11,13,14,19,6,11,5,10,3,10,0,0,10,9,19,18,17,6,12,6,3,11,2,9,9,5,13,19,8,7,6,6,3,10,11,19,5,8,15,15,18,1,5,1,0,1,10,10,11,3,5,10,15,10,7,2,0,0,10,5,9,16,3,19,11,10,5,3,0,7,19,18,1,4,12,9,15,18,7,7,0,3,18,11,1,9,16,19,11,19,2,0,14,0",-0.51748884,0.28441134,3.0,0.04991588,69.31418,0.051350497,1.0,0.051350497,0.30631027,0.01304684,0.0,0.0,0.04991588,0.0025612377,0.86170644,0.30631027,5.2700906,1.2668343,69.31418,-0.51748884,3.8882673,194.70406,0.012667997,0.048481263,1.0,194.70406,0.26725084,0.13829356,5.2700906,0.0025612377,0.013425684,0.28441134,0.0,1.2668343,3.8882673,0.012667997,0.51748884,0.0,0.013425684,0.51748884,0.5909189,0.048481263,1.0,0.01304684,lookahead,beam_orig2_bm2-s0to50br2-s50to100br0
/work/T-REX/external/Proteina-Complexa/inference/search_binder_local_pipeline_32_PDL1_ALPHA_REPACK_v7_r003_cand_v7r003_hyp_0003_01_002_a3eb57b720db7/job_0_n_180_id_20_beam_orig3_bm3-s0to50br2-s50to100br0/job_0_n_180_id_20_beam_orig3_bm3-s0to50br2-s50to100br0.pdb,83,"2,0,13,16,19,16,19,14,11,3,10,18,19,19,6,18,7,15,2,12,16,9,6,4,11,13,14,19,6,11,5,10,3,10,0,0,10,9,19,18,17,6,12,6,3,11,2,9,9,5,13,19,8,7,6,6,3,10,11,19,5,8,15,15,18,1,5,1,0,1,10,10,11,3,5,10,15,10,7,2,0,0,10,5,9,16,3,19,11,10,5,3,0,7,19,18,1,4,12,9,15,18,7,7,0,3,18,11,1,9,16,19,11,19,2,0,11,19,10,18,2,19,16,13,14,14,16,16,14,0,7,13,9,0,3,19,19,2,1,2,6,7,6,19,19,18,12,2,2,16,18,0,11,19,18,9,14,15,3,11,15,3,2,13,19,11,3,10,11,11,10,6,0,6,0,19,10,19,6,10,0,0,0,0,0,0,0,0,0,0,0,0,0,0,0,0,0,0,0,0,0,0,0,0,0,0,0,0,0,0,0,0,0,0,0,0,0,0,0,0,0,0,0,0,0,0,0,0,0,0,0,0,0",-0.49675968,0.2846764,3.0,0.041513845,71.986206,0.0486942,1.0,0.0486942,0.3483021,0.013104156,0.0,0.0,0.041513845,0.0027183332,0.8381764,0.3483021,3.2084835,1.3862834,71.986206,-0.49675968,3.627273,189.5633,0.012227204,0.034333486,1.0,189.5633,0.30834806,0.16182356,3.2084835,0.0027183332,0.013981109,0.2846764,0.0,1.3862834,3.627273,0.012227204,0.49675968,0.0,0.013981109,0.49675968,0.68295145,0.034333486,1.0,0.013104156,lookahead,beam_orig3_bm3-s0to50br2-s50to100br0
/work/T-REX/external/Proteina-Complexa/inference/search_binder_local_pipeline_32_PDL1_ALPHA_REPACK_v7_r003_cand_v7r003_hyp_0003_01_002_a3eb57b720db7/job_0_n_176_id_21_beam_orig0_bm0-s0to50br0-s50to100br1/job_0_n_176_id_21_beam_orig0_bm0-s0to50br0-s50to100br1.pdb,84,"2,0,13,16,19,16,19,14,11,3,10,18,19,19,6,18,7,15,2,12,16,9,6,4,11,13,14,19,6,11,5,10,3,10,0,0,10,9,19,18,17,6,12,6,3,11,2,9,9,5,13,19,8,7,6,6,3,10,11,19,5,8,15,15,18,1,5,1,0,1,10,10,11,3,5,10,15,10,7,2,0,0,10,5,9,16,3,19,11,10,5,3,0,7,19,18,1,4,12,9,15,18,7,7,0,3,18,11,1,9,16,19,11,19,2,0,15,10,6,6,0,6,11,10,13,5,6,0,1,11,0,18,2,11,11,2,18,6,6,0,0,11,11,18,5,6,9,10,3,11,13,11,16,15,18,14,10,18,10,10,0,11,11,6,10,5,3,4,11,2,5,10,5,11,10,5,0,0,0,0,0,0,0,0,0,0,0,0,0,0,0,0,0,0,0,0,0,0,0,0,0,0,0,0,0,0,0,0,0,0,0,0,0,0,0,0,0,0,0,0,0,0,0,0,0,0,0,0,0,0,0,0,0",-0.3178855,0.17213883,3.0,0.1502944,46.415756,0.19228186,1.0,0.19228186,0.24042584,0.14237633,0.0,0.0,0.1502944,0.0014073879,0.85250026,0.24042584,2.3455973,1.6677127,46.415756,-0.3178855,3.0021272,179.698,0.10104585,0.10830692,1.0,179.698,0.49645567,0.14749976,2.3455973,0.0014073879,0.18370682,0.17213883,0.0,1.6677127,3.0021272,0.10104585,0.3178855,0.0,0.18370682,0.3178855,0.76090074,0.10830692,1.0,0.14237633,lookahead,beam_orig0_bm0-s0to50br0-s50to100br1
/work/T-REX/external/Proteina-Complexa/inference/search_binder_local_pipeline_32_PDL1_ALPHA_REPACK_v7_r003_cand_v7r003_hyp_0003_01_002_a3eb57b720db7/job_0_n_229_id_21_beam_orig1_bm3-s0to50br2-s50to100br1/job_0_n_229_id_21_beam_orig1_bm3-s0to50br2-s50to100br1.pdb,85,"2,0,13,16,19,16,19,14,11,3,10,18,19,19,6,18,7,15,2,12,16,9,6,4,11,13,14,19,6,11,5,10,3,10,0,0,10,9,19,18,17,6,12,6,3,11,2,9,9,5,13,19,8,7,6,6,3,10,11,19,5,8,15,15,18,1,5,1,0,1,10,10,11,3,5,10,15,10,7,2,0,0,10,5,9,16,3,19,11,10,5,3,0,7,19,18,1,4,12,9,15,18,7,7,0,3,18,11,1,9,16,19,11,19,2,0,0,13,16,19,16,19,14,11,3,10,18,19,19,6,18,7,15,2,12,16,9,6,4,11,13,14,19,6,11,5,10,3,10,0,0,10,9,19,18,17,6,12,6,3,11,2,9,9,5,13,19,8,7,6,6,3,10,11,19,5,8,15,15,18,1,5,1,0,1,10,10,11,3,5,10,15,10,7,2,0,0,10,5,9,16,3,19,11,10,5,3,0,7,19,18,1,4,12,9,15,18,7,7,0,3,18,11,1,9,16,19,11,19,0,0,0,0",-0.51750857,0.28998798,3.0,0.04857751,70.246605,0.051089074,1.0,0.051089074,0.30678156,0.012863731,0.0,0.0,0.04857751,0.0018166214,0.86062926,0.30678156,2.8690653,1.2717034,70.246605,-0.51750857,3.830805,215.99527,0.012431886,0.046065945,1.0,215.99527,0.26673394,0.13937074,2.8690653,0.0018166214,0.013295575,0.28998798,0.0,1.2717034,3.830805,0.012431886,0.51750857,0.0,0.013295575,0.51750857,0.5909394,0.046065945,1.0,0.012863731,lookahead,beam_orig1_bm3-s0to50br2-s50to100br1
/work/T-REX/external/Proteina-Complexa/inference/search_binder_local_pipeline_32_PDL1_ALPHA_REPACK_v7_r003_cand_v7r003_hyp_0003_01_002_a3eb57b720db7/job_0_n_233_id_21_beam_orig2_bm2-s0to50br2-s50to100br1/job_0_n_233_id_21_beam_orig2_bm2-s0to50br2-s50to100br1.pdb,86,"2,0,13,16,19,16,19,14,11,3,10,18,19,19,6,18,7,15,2,12,16,9,6,4,11,13,14,19,6,11,5,10,3,10,0,0,10,9,19,18,17,6,12,6,3,11,2,9,9,5,13,19,8,7,6,6,3,10,11,19,5,8,15,15,18,1,5,1,0,1,10,10,11,3,5,10,15,10,7,2,0,0,10,5,9,16,3,19,11,10,5,3,0,7,19,18,1,4,12,9,15,18,7,7,0,3,18,11,1,9,16,19,11,19,2,0,0,13,16,19,16,19,14,11,3,10,18,19,19,6,18,7,15,2,12,16,9,6,4,11,13,14,19,6,11,5,10,3,10,0,0,10,9,19,18,17,6,12,6,3,11,2,9,9,5,13,19,8,7,6,6,3,10,11,19,5,8,15,15,18,1,5,1,0,1,10,10,11,3,5,10,15,10,7,2,0,0,10,5,9,16,3,19,11,10,5,3,0,7,19,18,1,4,12,9,15,18,7,7,0,3,18,11,1,9,16,19,11,19,2,0,19,19",-0.52523285,0.29213992,3.0,0.049795356,57.871365,0.052136477,1.0,0.052136477,0.31231266,0.012603386,0.0,0.0,0.049795356,0.0025682899,0.8582975,0.31231266,4.302511,1.3055468,57.871365,-0.52523285,3.9108043,198.5022,0.012360293,0.047454234,1.0,198.5022,0.269856,0.14170247,4.302511,0.0025682899,0.012846479,0.29213992,0.0,1.3055468,3.9108043,0.012360293,0.52523285,0.0,0.012846479,0.52523285,0.59024155,0.047454234,1.0,0.012603386,lookahead,beam_orig2_bm2-s0to50br2-s50to100br1
/work/T-REX/external/Proteina-Complexa/inference/search_binder_local_pipeline_32_PDL1_ALPHA_REPACK_v7_r003_cand_v7r003_hyp_0003_01_002_a3eb57b720db7/job_0_n_180_id_21_beam_orig3_bm3-s0to50br2-s50to100br1/job_0_n_180_id_21_beam_orig3_bm3-s0to50br2-s50to100br1.pdb,87,"2,0,13,16,19,16,19,14,11,3,10,18,19,19,6,18,7,15,2,12,16,9,6,4,11,13,14,19,6,11,5,10,3,10,0,0,10,9,19,18,17,6,12,6,3,11,2,9,9,5,13,19,8,7,6,6,3,10,11,19,5,8,15,15,18,1,5,1,0,1,10,10,11,3,5,10,15,10,7,2,0,0,10,5,9,16,3,19,11,10,5,3,0,7,19,18,1,4,12,9,15,18,7,7,0,3,18,11,1,9,16,19,11,19,2,0,11,19,10,18,15,19,16,13,14,14,11,16,14,7,3,12,9,0,3,9,19,11,1,10,3,7,1,19,11,3,10,5,3,16,18,0,6,19,18,19,14,15,3,11,15,6,10,13,10,11,6,12,6,11,17,6,13,11,0,6,10,19,14,6,0,0,0,0,0,0,0,0,0,0,0,0,0,0,0,0,0,0,0,0,0,0,0,0,0,0,0,0,0,0,0,0,0,0,0,0,0,0,0,0,0,0,0,0,0,0,0,0,0,0,0,0,0",-0.5328191,0.33844876,3.0,0.023402095,121.62093,0.037085067,1.0,0.037085067,0.37909788,0.0066047614,0.0,0.0,0.023402095,0.002889176,0.79622155,0.37909788,17.531824,1.6796856,121.62093,-0.5328191,3.809935,234.68149,0.0,0.00971912,1.0,234.68149,0.27279693,0.20377845,17.531824,0.002889176,0.013209523,0.33844876,0.0,1.6796856,3.809935,0.0,0.5328191,0.0,0.013209523,0.5328191,0.67297983,0.00971912,1.0,0.0066047614,lookahead,beam_orig3_bm3-s0to50br2-s50to100br1
/work/T-REX/external/Proteina-Complexa/inference/search_binder_local_pipeline_32_PDL1_ALPHA_REPACK_v7_r003_cand_v7r003_hyp_0003_01_002_a3eb57b720db7/job_0_n_176_id_22_beam_orig0_bm0-s0to50br0-s50to100br2/job_0_n_176_id_22_beam_orig0_bm0-s0to50br0-s50to100br2.pdb,88,"2,0,13,16,19,16,19,14,11,3,10,18,19,19,6,18,7,15,2,12,16,9,6,4,11,13,14,19,6,11,5,10,3,10,0,0,10,9,19,18,17,6,12,6,3,11,2,9,9,5,13,19,8,7,6,6,3,10,11,19,5,8,15,15,18,1,5,1,0,1,10,10,11,3,5,10,15,10,7,2,0,0,10,5,9,16,3,19,11,10,5,3,0,7,19,18,1,4,12,9,15,18,7,7,0,3,18,11,1,9,16,19,11,19,2,0,15,12,3,6,0,6,11,10,13,1,6,0,9,15,6,18,2,11,11,2,18,15,6,0,9,11,11,18,5,16,9,10,3,11,13,11,6,15,18,14,10,18,10,10,0,5,11,6,10,6,3,0,11,11,6,10,0,11,10,6,0,0,0,0,0,0,0,0,0,0,0,0,0,0,0,0,0,0,0,0,0,0,0,0,0,0,0,0,0,0,0,0,0,0,0,0,0,0,0,0,0,0,0,0,0,0,0,0,0,0,0,0,0,0,0,0,0",-0.21024716,0.089267045,3.0,0.3503852,47.501225,0.4407457,1.0,0.4407457,0.16703603,0.3503852,0.0,0.0,0.3503852,0.0014148871,0.89533204,0.16703603,2.2849722,1.5768418,47.501225,-0.21024716,2.427097,177.17628,0.2600247,0.2600247,1.0,177.17628,0.67981565,0.104667984,2.2849722,0.0014148871,0.4407457,0.089267045,0.0,1.5768418,2.427097,0.2600247,0.21024716,0.0,0.4407457,0.21024716,0.82733446,0.2600247,1.0,0.3503852,lookahead,beam_orig0_bm0-s0to50br0-s50to100br2
/work/T-REX/external/Proteina-Complexa/inference/search_binder_local_pipeline_32_PDL1_ALPHA_REPACK_v7_r003_cand_v7r003_hyp_0003_01_002_a3eb57b720db7/job_0_n_229_id_22_beam_orig1_bm3-s0to50br2-s50to100br2/job_0_n_229_id_22_beam_orig1_bm3-s0to50br2-s50to100br2.pdb,89,"2,0,13,16,19,16,19,14,11,3,10,18,19,19,6,18,7,15,2,12,16,9,6,4,11,13,14,19,6,11,5,10,3,10,0,0,10,9,19,18,17,6,12,6,3,11,2,9,9,5,13,19,8,7,6,6,3,10,11,19,5,8,15,15,18,1,5,1,0,1,10,10,11,3,5,10,15,10,7,2,0,0,10,5,9,16,3,19,11,10,5,3,0,7,19,18,1,4,12,9,15,18,7,7,0,3,18,11,1,9,16,19,11,19,2,0,0,13,16,19,16,19,14,11,3,10,18,19,19,6,18,7,15,2,12,16,9,6,4,11,13,14,19,6,11,5,10,3,10,0,0,10,9,19,18,17,6,12,6,3,11,2,9,9,5,13,19,8,7,6,6,3,10,11,19,5,8,15,15,18,1,5,1,0,1,10,10,11,3,5,10,15,10,7,2,0,0,10,5,9,16,3,19,11,10,5,3,0,7,19,18,1,4,12,9,15,18,7,7,0,3,18,11,1,9,16,19,11,19,0,0,0,0",-0.51640034,0.289444,3.0,0.050111026,74.73173,0.052954003,1.0,0.052954003,0.30599862,0.012812295,0.0,0.0,0.050111026,0.0017126614,0.8612112,0.30599862,2.7568803,1.271169,74.73173,-0.51640034,3.830131,218.31546,0.012453268,0.04726805,1.0,218.31546,0.26862884,0.13878882,2.7568803,0.0017126614,0.013171322,0.289444,0.0,1.271169,3.830131,0.012453268,0.51640034,0.0,0.013171322,0.51640034,0.5914444,0.04726805,1.0,0.012812295,lookahead,beam_orig1_bm3-s0to50br2-s50to100br2
/work/T-REX/external/Proteina-Complexa/inference/search_binder_local_pipeline_32_PDL1_ALPHA_REPACK_v7_r003_cand_v7r003_hyp_0003_01_002_a3eb57b720db7/job_0_n_233_id_22_beam_orig2_bm2-s0to50br2-s50to100br2/job_0_n_233_id_22_beam_orig2_bm2-s0to50br2-s50to100br2.pdb,90,"2,0,13,16,19,16,19,14,11,3,10,18,19,19,6,18,7,15,2,12,16,9,6,4,11,13,14,19,6,11,5,10,3,10,0,0,10,9,19,18,17,6,12,6,3,11,2,9,9,5,13,19,8,7,6,6,3,10,11,19,5,8,15,15,18,1,5,1,0,1,10,10,11,3,5,10,15,10,7,2,0,0,10,5,9,16,3,19,11,10,5,3,0,7,19,18,1,4,12,9,15,18,7,7,0,3,18,11,1,9,16,19,11,19,2,0,0,13,16,19,16,19,14,11,3,10,18,19,19,6,18,7,15,2,12,16,9,6,4,11,13,14,19,6,11,5,10,3,10,0,0,10,9,19,18,17,6,12,6,3,11,2,9,9,5,13,19,8,7,6,6,3,10,11,19,5,8,15,15,18,1,5,1,0,1,10,10,11,3,5,10,15,10,7,2,0,0,10,5,9,16,3,19,11,10,5,3,0,7,19,18,1,4,12,9,15,18,7,7,0,3,18,11,1,9,16,19,11,19,2,0,14,10",-0.5247558,0.29476392,3.0,0.049721815,56.395504,0.052206393,1.0,0.052206393,0.31167156,0.012538663,0.0,0.0,0.049721815,0.0031363328,0.8596992,0.31167156,4.343472,1.3019185,56.395504,-0.5247558,3.9105723,195.76846,0.012089049,0.047237236,1.0,195.76846,0.27038932,0.1403008,4.343472,0.0031363328,0.012988277,0.29476392,0.0,1.3019185,3.9105723,0.012089049,0.5247558,0.0,0.012988277,0.5247558,0.5912435,0.047237236,1.0,0.012538663,lookahead,beam_orig2_bm2-s0to50br2-s50to100br2
/work/T-REX/external/Proteina-Complexa/inference/search_binder_local_pipeline_32_PDL1_ALPHA_REPACK_v7_r003_cand_v7r003_hyp_0003_01_002_a3eb57b720db7/job_0_n_180_id_22_beam_orig3_bm3-s0to50br2-s50to100br2/job_0_n_180_id_22_beam_orig3_bm3-s0to50br2-s50to100br2.pdb,91,"2,0,13,16,19,16,19,14,11,3,10,18,19,19,6,18,7,15,2,12,16,9,6,4,11,13,14,19,6,11,5,10,3,10,0,0,10,9,19,18,17,6,12,6,3,11,2,9,9,5,13,19,8,7,6,6,3,10,11,19,5,8,15,15,18,1,5,1,0,1,10,10,11,3,5,10,15,10,7,2,0,0,10,5,9,16,3,19,11,10,5,3,0,7,19,18,1,4,12,9,15,18,7,7,0,3,18,11,1,9,16,19,11,19,2,0,12,19,11,13,15,19,16,13,14,14,16,19,14,0,3,13,9,0,3,19,19,2,1,2,6,7,6,19,11,3,10,5,5,16,18,0,6,19,18,19,14,15,2,11,15,0,15,13,9,0,3,10,11,11,10,7,0,6,0,19,6,19,14,6,0,0,0,0,0,0,0,0,0,0,0,0,0,0,0,0,0,0,0,0,0,0,0,0,0,0,0,0,0,0,0,0,0,0,0,0,0,0,0,0,0,0,0,0,0,0,0,0,0,0,0,0,0",-0.6382792,0.4252383,3.0,0.0058603426,117.14014,0.0060856985,1.0,0.0060856985,0.44036952,0.0,0.0,0.0,0.0058603426,0.0040186197,0.812335,0.44036952,16.091272,1.4625375,117.14014,-0.6382792,4.115926,207.95503,0.0,0.0056349873,1.0,207.95503,0.17901778,0.187665,16.091272,0.0040186197,0.0,0.4252383,0.0,1.4625375,4.115926,0.0,0.6382792,0.0,0.0,0.6382792,0.6393581,0.0056349873,1.0,0.0,lookahead,beam_orig3_bm3-s0to50br2-s50to100br2
/work/T-REX/external/Proteina-Complexa/inference/search_binder_local_pipeline_32_PDL1_ALPHA_REPACK_v7_r003_cand_v7r003_hyp_0003_01_002_a3eb57b720db7/job_0_n_176_id_23_beam_orig0_bm0-s0to50br0-s50to100br3/job_0_n_176_id_23_beam_orig0_bm0-s0to50br0-s50to100br3.pdb,92,"2,0,13,16,19,16,19,14,11,3,10,18,19,19,6,18,7,15,2,12,16,9,6,4,11,13,14,19,6,11,5,10,3,10,0,0,10,9,19,18,17,6,12,6,3,11,2,9,9,5,13,19,8,7,6,6,3,10,11,19,5,8,15,15,18,1,5,1,0,1,10,10,11,3,5,10,15,10,7,2,0,0,10,5,9,16,3,19,11,10,5,3,0,7,19,18,1,4,12,9,15,18,7,7,0,3,18,11,1,9,16,19,11,19,2,0,15,6,6,6,7,10,11,10,13,6,6,7,1,11,6,18,2,11,11,2,18,15,6,0,19,11,11,18,5,16,9,10,3,2,18,11,2,15,13,14,10,0,14,10,0,6,11,6,10,11,3,0,11,6,5,10,6,11,6,11,0,0,0,0,0,0,0,0,0,0,0,0,0,0,0,0,0,0,0,0,0,0,0,0,0,0,0,0,0,0,0,0,0,0,0,0,0,0,0,0,0,0,0,0,0,0,0,0,0,0,0,0,0,0,0,0,0",-0.3440201,0.17062855,3.0,0.14010373,120.12232,0.18509786,1.0,0.18509786,0.25496095,0.11852409,0.0,0.0,0.14010373,0.0058096205,0.85669225,0.25496095,22.71644,1.5026413,120.12232,-0.3440201,3.0445855,274.48407,0.078674376,0.09510958,1.0,274.48407,0.4465289,0.14330776,22.71644,0.0058096205,0.1583738,0.17062855,0.0,1.5026413,3.0445855,0.078674376,0.3440201,0.0,0.1583738,0.3440201,0.73955095,0.09510958,1.0,0.11852409,lookahead,beam_orig0_bm0-s0to50br0-s50to100br3
/work/T-REX/external/Proteina-Complexa/inference/search_binder_local_pipeline_32_PDL1_ALPHA_REPACK_v7_r003_cand_v7r003_hyp_0003_01_002_a3eb57b720db7/job_0_n_229_id_23_beam_orig1_bm3-s0to50br2-s50to100br3/job_0_n_229_id_23_beam_orig1_bm3-s0to50br2-s50to100br3.pdb,93,"2,0,13,16,19,16,19,14,11,3,10,18,19,19,6,18,7,15,2,12,16,9,6,4,11,13,14,19,6,11,5,10,3,10,0,0,10,9,19,18,17,6,12,6,3,11,2,9,9,5,13,19,8,7,6,6,3,10,11,19,5,8,15,15,18,1,5,1,0,1,10,10,11,3,5,10,15,10,7,2,0,0,10,5,9,16,3,19,11,10,5,3,0,7,19,18,1,4,12,9,15,18,7,7,0,3,18,11,1,9,16,19,11,19,2,0,0,13,16,19,16,19,14,11,3,10,18,19,19,6,18,7,15,2,12,16,9,6,4,11,13,14,19,6,11,5,10,3,10,0,0,10,9,19,18,17,6,12,6,3,11,2,9,9,5,13,19,8,7,6,6,3,10,11,19,5,8,15,15,18,1,5,1,0,1,10,10,11,3,5,10,15,10,7,2,0,0,10,5,9,16,3,19,11,10,5,3,0,7,19,18,1,4,12,9,15,18,7,7,0,3,18,11,1,9,16,19,11,19,0,0,0,0",-0.5239752,0.2961632,3.0,0.047325134,70.288246,0.04970337,1.0,0.04970337,0.31000632,0.012518901,0.0,0.0,0.047325134,0.001755506,0.86132663,0.31000632,2.8494515,1.2753599,70.288246,-0.5239752,3.8455303,212.41696,0.012341245,0.0449469,1.0,212.41696,0.26424164,0.13867335,2.8494515,0.001755506,0.012696557,0.2961632,0.0,1.2753599,3.8455303,0.012341245,0.5239752,0.0,0.012696557,0.5239752,0.5895478,0.0449469,1.0,0.012518901,lookahead,beam_orig1_bm3-s0to50br2-s50to100br3
/work/T-REX/external/Proteina-Complexa/inference/search_binder_local_pipeline_32_PDL1_ALPHA_REPACK_v7_r003_cand_v7r003_hyp_0003_01_002_a3eb57b720db7/job_0_n_233_id_23_beam_orig2_bm2-s0to50br2-s50to100br3/job_0_n_233_id_23_beam_orig2_bm2-s0to50br2-s50to100br3.pdb,94,"2,0,13,16,19,16,19,14,11,3,10,18,19,19,6,18,7,15,2,12,16,9,6,4,11,13,14,19,6,11,5,10,3,10,0,0,10,9,19,18,17,6,12,6,3,11,2,9,9,5,13,19,8,7,6,6,3,10,11,19,5,8,15,15,18,1,5,1,0,1,10,10,11,3,5,10,15,10,7,2,0,0,10,5,9,16,3,19,11,10,5,3,0,7,19,18,1,4,12,9,15,18,7,7,0,3,18,11,1,9,16,19,11,19,2,0,0,13,16,19,16,19,14,11,3,10,18,19,19,6,18,7,15,2,12,16,9,6,4,11,13,14,19,6,11,5,10,3,10,0,0,10,9,19,18,17,6,12,6,3,11,2,9,9,5,13,19,8,7,6,6,3,10,11,19,5,8,15,15,18,1,5,1,0,1,10,10,11,3,5,10,15,10,7,2,0,0,10,5,9,16,3,19,11,10,5,3,0,7,19,18,1,4,12,9,15,18,7,7,0,3,18,11,1,9,16,19,11,19,2,0,14,16",-0.52642715,0.29629207,3.0,0.048018187,64.77376,0.050930865,1.0,0.050930865,0.31161955,0.012570027,0.0,0.0,0.048018187,0.0030095053,0.86057585,0.31161955,4.738191,1.2888439,64.77376,-0.52642715,3.9199243,205.99454,0.012399409,0.045105506,1.0,205.99454,0.26643103,0.13942415,4.738191,0.0030095053,0.012740646,0.29629207,0.0,1.2888439,3.9199243,0.012399409,0.52642715,0.0,0.012740646,0.52642715,0.58929396,0.045105506,1.0,0.012570027,lookahead,beam_orig2_bm2-s0to50br2-s50to100br3
/work/T-REX/external/Proteina-Complexa/inference/search_binder_local_pipeline_32_PDL1_ALPHA_REPACK_v7_r003_cand_v7r003_hyp_0003_01_002_a3eb57b720db7/job_0_n_180_id_23_beam_orig3_bm3-s0to50br2-s50to100br3/job_0_n_180_id_23_beam_orig3_bm3-s0to50br2-s50to100br3.pdb,95,"2,0,13,16,19,16,19,14,11,3,10,18,19,19,6,18,7,15,2,12,16,9,6,4,11,13,14,19,6,11,5,10,3,10,0,0,10,9,19,18,17,6,12,6,3,11,2,9,9,5,13,19,8,7,6,6,3,10,11,19,5,8,15,15,18,1,5,1,0,1,10,10,11,3,5,10,15,10,7,2,0,0,10,5,9,16,3,19,11,10,5,3,0,7,19,18,1,4,12,9,15,18,7,7,0,3,18,11,1,9,16,19,11,19,2,0,12,10,1,13,5,19,16,19,14,0,1,19,14,0,3,13,19,0,3,9,19,11,1,2,6,7,6,9,19,11,0,6,7,3,10,9,13,19,3,19,14,15,3,11,15,3,15,13,10,11,3,10,11,11,10,6,9,3,0,19,6,19,14,0,0,0,0,0,0,0,0,0,0,0,0,0,0,0,0,0,0,0,0,0,0,0,0,0,0,0,0,0,0,0,0,0,0,0,0,0,0,0,0,0,0,0,0,0,0,0,0,0,0,0,0,0,0",-0.35924715,0.1930211,3.0,0.12740728,46.723404,0.1479962,1.0,0.1479962,0.26582855,0.0893428,0.0,0.0,0.12740728,0.0036622826,0.8433466,0.26582855,2.2331069,1.666109,46.723404,-0.35924715,3.1928158,176.42181,0.08343078,0.10681838,1.0,176.42181,0.48294348,0.15665343,2.2331069,0.0036622826,0.09525482,0.1930211,0.0,1.666109,3.1928158,0.08343078,0.35924715,0.0,0.09525482,0.35924715,0.74766654,0.10681838,1.0,0.0893428,lookahead,beam_orig3_bm3-s0to50br2-s50to100br3
/work/T-REX/external/Proteina-Complexa/inference/search_binder_local_pipeline_32_PDL1_ALPHA_REPACK_v7_r003_cand_v7r003_hyp_0003_01_002_a3eb57b720db7/job_0_n_176_id_24_beam_orig0_bm2-s0to50br3-s50to100br0/job_0_n_176_id_24_beam_orig0_bm2-s0to50br3-s50to100br0.pdb,96,"2,0,13,16,19,16,19,14,11,3,10,18,19,19,6,18,7,15,2,12,16,9,6,4,11,13,14,19,6,11,5,10,3,10,0,0,10,9,19,18,17,6,12,6,3,11,2,9,9,5,13,19,8,7,6,6,3,10,11,19,5,8,15,15,18,1,5,1,0,1,10,10,11,3,5,10,15,10,7,2,0,0,10,5,9,16,3,19,11,10,5,3,0,7,19,18,1,4,12,9,15,18,7,7,0,3,18,11,1,9,16,19,11,19,2,0,15,5,11,10,19,2,6,10,15,1,18,10,11,7,11,0,11,3,10,0,9,11,10,19,6,11,10,3,9,3,6,11,5,11,2,0,10,9,2,10,9,6,3,17,3,9,6,11,0,6,15,13,10,14,13,13,16,1,3,10,0,0,0,0,0,0,0,0,0,0,0,0,0,0,0,0,0,0,0,0,0,0,0,0,0,0,0,0,0,0,0,0,0,0,0,0,0,0,0,0,0,0,0,0,0,0,0,0,0,0,0,0,0,0,0,0,0",-0.3709991,0.20425755,3.0,0.115704976,52.5545,0.13120255,1.0,0.13120255,0.27979007,0.070877716,0.0,0.0,0.115704976,0.0016052584,0.79960245,0.27979007,2.2607014,1.8874199,52.5545,-0.3709991,3.1253617,211.6196,0.054512903,0.1002074,1.0,211.6196,0.4549089,0.20039755,2.2607014,0.0016052584,0.087242536,0.20425755,0.0,1.8874199,3.1253617,0.054512903,0.3709991,0.0,0.087242536,0.3709991,0.7434456,0.1002074,1.0,0.070877716,lookahead,beam_orig0_bm2-s0to50br3-s50to100br0
/work/T-REX/external/Proteina-Complexa/inference/search_binder_local_pipeline_32_PDL1_ALPHA_REPACK_v7_r003_cand_v7r003_hyp_0003_01_002_a3eb57b720db7/job_0_n_229_id_24_beam_orig1_bm3-s0to50br0-s50to100br0/job_0_n_229_id_24_beam_orig1_bm3-s0to50br0-s50to100br0.pdb,97,"2,0,13,16,19,16,19,14,11,3,10,18,19,19,6,18,7,15,2,12,16,9,6,4,11,13,14,19,6,11,5,10,3,10,0,0,10,9,19,18,17,6,12,6,3,11,2,9,9,5,13,19,8,7,6,6,3,10,11,19,5,8,15,15,18,1,5,1,0,1,10,10,11,3,5,10,15,10,7,2,0,0,10,5,9,16,3,19,11,10,5,3,0,7,19,18,1,4,12,9,15,18,7,7,0,3,18,11,1,9,16,19,11,19,2,0,0,13,16,19,16,19,14,11,3,10,18,19,19,6,18,7,15,2,12,16,9,6,4,11,13,14,19,6,11,5,10,3,10,0,0,10,9,19,18,17,6,12,6,3,11,2,9,9,5,13,19,8,7,6,6,3,10,11,19,5,8,15,15,18,1,5,1,0,1,10,10,11,3,5,10,15,10,7,2,0,0,10,5,9,16,3,19,11,10,5,3,0,7,19,18,1,4,12,9,15,18,7,7,0,3,18,11,1,9,16,19,11,19,0,0,0,0",-0.52422833,0.29595459,3.0,0.047080595,58.202694,0.048731018,1.0,0.048731018,0.3102698,0.012670144,0.0,0.0,0.047080595,0.001795035,0.86112344,0.3102698,4.8714104,1.277954,58.202694,-0.52422833,3.8447347,201.43684,0.012544959,0.045430172,1.0,201.43684,0.2641825,0.13887659,4.8714104,0.001795035,0.012795329,0.29595459,0.0,1.277954,3.8447347,0.012544959,0.52422833,0.0,0.012795329,0.52422833,0.5892754,0.045430172,1.0,0.012670144,lookahead,beam_orig1_bm3-s0to50br0-s50to100br0
/work/T-REX/external/Proteina-Complexa/inference/search_binder_local_pipeline_32_PDL1_ALPHA_REPACK_v7_r003_cand_v7r003_hyp_0003_01_002_a3eb57b720db7/job_0_n_233_id_24_beam_orig2_bm1-s0to50br2-s50to100br0/job_0_n_233_id_24_beam_orig2_bm1-s0to50br2-s50to100br0.pdb,98,"2,0,13,16,19,16,19,14,11,3,10,18,19,19,6,18,7,15,2,12,16,9,6,4,11,13,14,19,6,11,5,10,3,10,0,0,10,9,19,18,17,6,12,6,3,11,2,9,9,5,13,19,8,7,6,6,3,10,11,19,5,8,15,15,18,1,5,1,0,1,10,10,11,3,5,10,15,10,7,2,0,0,10,5,9,16,3,19,11,10,5,3,0,7,19,18,1,4,12,9,15,18,7,7,0,3,18,11,1,9,16,19,11,19,2,0,2,0,13,16,19,16,19,14,11,3,10,18,19,19,6,18,7,15,2,12,16,9,6,4,11,13,14,19,6,11,5,10,3,10,0,0,10,9,19,18,17,6,12,6,3,11,2,9,9,5,13,19,8,7,6,6,3,10,11,19,5,8,15,15,18,1,5,1,0,1,10,10,11,3,5,10,15,10,7,2,0,0,10,5,9,16,3,19,11,10,5,3,0,7,19,18,1,4,12,9,15,18,7,7,0,3,18,11,1,9,16,19,11,19,2,0,10",-0.5159307,0.2832236,3.0,0.052584175,80.83767,0.055631313,1.0,0.055631313,0.30753446,0.012844688,0.0,0.0,0.052584175,0.0027987668,0.8575605,0.30753446,2.7492445,1.298717,80.83767,-0.5159307,3.8742924,212.95691,0.0126508055,0.049537037,1.0,212.95691,0.2726515,0.14243945,2.7492445,0.0027987668,0.013038571,0.2832236,0.0,1.298717,3.8742924,0.0126508055,0.5159307,0.0,0.013038571,0.5159307,0.59174186,0.049537037,1.0,0.012844688,lookahead,beam_orig2_bm1-s0to50br2-s50to100br0
/work/T-REX/external/Proteina-Complexa/inference/search_binder_local_pipeline_32_PDL1_ALPHA_REPACK_v7_r003_cand_v7r003_hyp_0003_01_002_a3eb57b720db7/job_0_n_180_id_24_beam_orig3_bm2-s0to50br2-s50to100br0/job_0_n_180_id_24_beam_orig3_bm2-s0to50br2-s50to100br0.pdb,99,"2,0,13,16,19,16,19,14,11,3,10,18,19,19,6,18,7,15,2,12,16,9,6,4,11,13,14,19,6,11,5,10,3,10,0,0,10,9,19,18,17,6,12,6,3,11,2,9,9,5,13,19,8,7,6,6,3,10,11,19,5,8,15,15,18,1,5,1,0,1,10,10,11,3,5,10,15,10,7,2,0,0,10,5,9,16,3,19,11,10,5,3,0,7,19,18,1,4,12,9,15,18,7,7,0,3,18,11,1,9,16,19,11,19,2,0,16,14,0,15,14,6,10,5,6,11,0,5,11,10,11,6,6,10,7,10,6,8,19,14,10,11,13,10,3,11,19,4,15,0,11,6,6,9,14,10,10,11,11,7,9,19,4,19,11,7,10,15,3,6,6,9,11,2,1,9,11,13,19,0,0,0,0,0,0,0,0,0,0,0,0,0,0,0,0,0,0,0,0,0,0,0,0,0,0,0,0,0,0,0,0,0,0,0,0,0,0,0,0,0,0,0,0,0,0,0,0,0,0,0,0,0,0",-0.43752772,0.23053817,3.0,0.07513547,100.46243,0.091898,1.0,0.091898,0.3167373,0.014609698,0.0,0.0,0.07513547,0.0064772796,0.8098775,0.3167373,11.396767,1.7867329,100.46243,-0.43752772,3.3264785,223.08209,0.014554046,0.05837294,1.0,223.08209,0.3755833,0.19012251,11.396767,0.0064772796,0.014665349,0.23053817,0.0,1.7867329,3.3264785,0.014554046,0.43752772,0.0,0.014665349,0.43752772,0.7082885,0.05837294,1.0,0.014609698,lookahead,beam_orig3_bm2-s0to50br2-s50to100br0
/work/T-REX/external/Proteina-Complexa/inference/search_binder_local_pipeline_32_PDL1_ALPHA_REPACK_v7_r003_cand_v7r003_hyp_0003_01_002_a3eb57b720db7/job_0_n_176_id_25_beam_orig0_bm2-s0to50br3-s50to100br1/job_0_n_176_id_25_beam_orig0_bm2-s0to50br3-s50to100br1.pdb,100,"2,0,13,16,19,16,19,14,11,3,10,18,19,19,6,18,7,15,2,12,16,9,6,4,11,13,14,19,6,11,5,10,3,10,0,0,10,9,19,18,17,6,12,6,3,11,2,9,9,5,13,19,8,7,6,6,3,10,11,19,5,8,15,15,18,1,5,1,0,1,10,10,11,3,5,10,15,10,7,2,0,0,10,5,9,16,3,19,11,10,5,3,0,7,19,18,1,4,12,9,15,18,7,7,0,3,18,11,1,9,16,19,11,19,2,0,5,6,5,10,19,3,6,10,3,11,0,9,6,0,10,3,6,6,11,0,19,11,9,12,2,11,10,14,10,15,3,1,0,11,2,3,10,19,2,10,10,1,0,11,3,0,6,11,0,11,15,13,10,14,13,18,10,1,15,15,0,0,0,0,0,0,0,0,0,0,0,0,0,0,0,0,0,0,0,0,0,0,0,0,0,0,0,0,0,0,0,0,0,0,0,0,0,0,0,0,0,0,0,0,0,0,0,0,0,0,0,0,0,0,0,0,0",-0.25191948,0.11653883,3.0,0.23704597,33.12995,0.2725993,1.0,0.2725993,0.19314775,0.23704597,0.0,0.0,0.23704597,0.0017427922,0.88379496,0.19314775,1.6311053,1.5903099,33.12995,-0.25191948,2.6206417,162.24753,0.20149262,0.20149262,1.0,162.24753,0.61380404,0.11620505,1.6311053,0.0017427922,0.2725993,0.11653883,0.0,1.5903099,2.6206417,0.20149262,0.25191948,0.0,0.2725993,0.25191948,0.7929994,0.20149262,1.0,0.23704597,lookahead,beam_orig0_bm2-s0to50br3-s50to100br1
/work/T-REX/external/Proteina-Complexa/inference/search_binder_local_pipeline_32_PDL1_ALPHA_REPACK_v7_r003_cand_v7r003_hyp_0003_01_002_a3eb57b720db7/job_0_n_229_id_25_beam_orig1_bm3-s0to50br0-s50to100br1/job_0_n_229_id_25_beam_orig1_bm3-s0to50br0-s50to100br1.pdb,101,"2,0,13,16,19,16,19,14,11,3,10,18,19,19,6,18,7,15,2,12,16,9,6,4,11,13,14,19,6,11,5,10,3,10,0,0,10,9,19,18,17,6,12,6,3,11,2,9,9,5,13,19,8,7,6,6,3,10,11,19,5,8,15,15,18,1,5,1,0,1,10,10,11,3,5,10,15,10,7,2,0,0,10,5,9,16,3,19,11,10,5,3,0,7,19,18,1,4,12,9,15,18,7,7,0,3,18,11,1,9,16,19,11,19,2,0,0,13,16,19,16,19,14,11,3,10,18,19,19,6,18,7,15,2,12,16,9,6,4,11,13,14,19,6,11,5,10,3,10,0,0,10,9,19,18,17,6,12,6,3,11,2,9,9,5,13,19,8,7,6,6,3,10,11,19,5,8,15,15,18,1,5,1,0,1,10,10,11,3,5,10,15,10,7,2,0,0,10,5,9,16,3,19,11,10,5,3,0,7,19,18,1,4,12,9,15,18,7,7,0,3,18,11,1,9,16,19,11,19,0,0,0,0",-0.51374376,0.2776384,3.0,0.04841498,71.10226,0.050373882,1.0,0.050373882,0.30440876,0.013471289,0.0,0.0,0.04841498,0.0016961852,0.86094844,0.30440876,5.97339,1.2634382,71.10226,-0.51374376,3.7944157,203.84467,0.013152793,0.046456076,1.0,203.84467,0.2637875,0.13905159,5.97339,0.0016961852,0.013789783,0.2776384,0.0,1.2634382,3.7944157,0.013152793,0.51374376,0.0,0.013789783,0.51374376,0.5894837,0.046456076,1.0,0.013471289,lookahead,beam_orig1_bm3-s0to50br0-s50to100br1
/work/T-REX/external/Proteina-Complexa/inference/search_binder_local_pipeline_32_PDL1_ALPHA_REPACK_v7_r003_cand_v7r003_hyp_0003_01_002_a3eb57b720db7/job_0_n_233_id_25_beam_orig2_bm1-s0to50br2-s50to100br1/job_0_n_233_id_25_beam_orig2_bm1-s0to50br2-s50to100br1.pdb,102,"2,0,13,16,19,16,19,14,11,3,10,18,19,19,6,18,7,15,2,12,16,9,6,4,11,13,14,19,6,11,5,10,3,10,0,0,10,9,19,18,17,6,12,6,3,11,2,9,9,5,13,19,8,7,6,6,3,10,11,19,5,8,15,15,18,1,5,1,0,1,10,10,11,3,5,10,15,10,7,2,0,0,10,5,9,16,3,19,11,10,5,3,0,7,19,18,1,4,12,9,15,18,7,7,0,3,18,11,1,9,16,19,11,19,2,0,2,0,13,16,19,16,19,14,11,3,10,18,19,19,6,18,7,15,2,12,16,9,6,4,11,13,14,19,6,11,5,10,3,10,0,0,10,9,19,18,17,6,12,6,3,11,2,9,9,5,13,19,8,7,6,6,3,10,11,19,5,8,15,15,18,1,5,1,0,1,10,10,11,3,5,10,15,10,7,2,0,0,10,5,9,16,3,19,11,10,5,3,0,7,19,18,1,4,12,9,15,18,7,7,0,3,18,11,1,9,16,19,11,19,2,0,14",-0.5210513,0.29418144,3.0,0.05012349,83.1013,0.052570038,1.0,0.052570038,0.30956683,0.012505164,0.0,0.0,0.05012349,0.0029086554,0.8583063,0.30956683,2.773577,1.2966292,83.1013,-0.5210513,3.892127,214.61658,0.012110895,0.047676943,1.0,214.61658,0.26874918,0.1416937,2.773577,0.0029086554,0.012899435,0.29418144,0.0,1.2966292,3.892127,0.012110895,0.5210513,0.0,0.012899435,0.5210513,0.590281,0.047676943,1.0,0.012505164,lookahead,beam_orig2_bm1-s0to50br2-s50to100br1
/work/T-REX/external/Proteina-Complexa/inference/search_binder_local_pipeline_32_PDL1_ALPHA_REPACK_v7_r003_cand_v7r003_hyp_0003_01_002_a3eb57b720db7/job_0_n_180_id_25_beam_orig3_bm2-s0to50br2-s50to100br1/job_0_n_180_id_25_beam_orig3_bm2-s0to50br2-s50to100br1.pdb,103,"2,0,13,16,19,16,19,14,11,3,10,18,19,19,6,18,7,15,2,12,16,9,6,4,11,13,14,19,6,11,5,10,3,10,0,0,10,9,19,18,17,6,12,6,3,11,2,9,9,5,13,19,8,7,6,6,3,10,11,19,5,8,15,15,18,1,5,1,0,1,10,10,11,3,5,10,15,10,7,2,0,0,10,5,9,16,3,19,11,10,5,3,0,7,19,18,1,4,12,9,15,18,7,7,0,3,18,11,1,9,16,19,11,19,2,0,12,14,7,14,11,6,19,5,6,10,19,1,6,19,0,6,6,6,7,10,3,14,15,15,9,11,19,19,15,3,3,6,0,14,11,16,9,19,6,12,11,11,13,11,9,9,14,15,1,10,16,15,1,6,6,9,11,5,18,9,11,10,10,11,0,0,0,0,0,0,0,0,0,0,0,0,0,0,0,0,0,0,0,0,0,0,0,0,0,0,0,0,0,0,0,0,0,0,0,0,0,0,0,0,0,0,0,0,0,0,0,0,0,0,0,0,0",-0.6722237,0.48475406,3.0,0.0028361198,128.73708,0.0056722397,1.0,0.0056722397,0.49124774,0.0,0.0,0.0,0.0028361198,0.027582783,0.6636586,0.49124774,7.2624164,2.2780123,128.73708,-0.6722237,4.1648836,270.80664,0.0,0.0,1.0,270.80664,0.15806805,0.33634138,7.2624164,0.027582783,0.0,0.48475406,0.0,2.2780123,4.1648836,0.0,0.6722237,0.0,0.0,0.6722237,0.63054466,0.0,1.0,0.0,lookahead,beam_orig3_bm2-s0to50br2-s50to100br1
/work/T-REX/external/Proteina-Complexa/inference/search_binder_local_pipeline_32_PDL1_ALPHA_REPACK_v7_r003_cand_v7r003_hyp_0003_01_002_a3eb57b720db7/job_0_n_176_id_26_beam_orig0_bm2-s0to50br3-s50to100br2/job_0_n_176_id_26_beam_orig0_bm2-s0to50br3-s50to100br2.pdb,104,"2,0,13,16,19,16,19,14,11,3,10,18,19,19,6,18,7,15,2,12,16,9,6,4,11,13,14,19,6,11,5,10,3,10,0,0,10,9,19,18,17,6,12,6,3,11,2,9,9,5,13,19,8,7,6,6,3,10,11,19,5,8,15,15,18,1,5,1,0,1,10,10,11,3,5,10,15,10,7,2,0,0,10,5,9,16,3,19,11,10,5,3,0,7,19,18,1,4,12,9,15,18,7,7,0,3,18,11,1,9,16,19,11,19,2,0,15,19,5,10,19,11,6,10,3,11,0,9,6,0,10,3,13,3,6,0,19,11,10,9,2,11,10,14,9,6,5,1,0,11,2,3,10,9,6,19,9,11,15,7,3,11,6,11,0,11,15,10,10,8,13,18,16,10,15,10,0,0,0,0,0,0,0,0,0,0,0,0,0,0,0,0,0,0,0,0,0,0,0,0,0,0,0,0,0,0,0,0,0,0,0,0,0,0,0,0,0,0,0,0,0,0,0,0,0,0,0,0,0,0,0,0,0",-0.4274679,0.26290277,3.0,0.068324015,47.767654,0.0713779,1.0,0.0713779,0.32134062,0.0170309,0.0,0.0,0.068324015,0.0037433337,0.77246284,0.32134062,2.537518,2.0493183,47.767654,-0.4274679,3.4498577,211.3432,0.01343561,0.06527012,1.0,211.3432,0.36423612,0.22753714,2.537518,0.0037433337,0.020626191,0.26290277,0.0,2.0493183,3.4498577,0.01343561,0.4274679,0.0,0.020626191,0.4274679,0.70945925,0.06527012,1.0,0.0170309,lookahead,beam_orig0_bm2-s0to50br3-s50to100br2
/work/T-REX/external/Proteina-Complexa/inference/search_binder_local_pipeline_32_PDL1_ALPHA_REPACK_v7_r003_cand_v7r003_hyp_0003_01_002_a3eb57b720db7/job_0_n_229_id_26_beam_orig1_bm3-s0to50br0-s50to100br2/job_0_n_229_id_26_beam_orig1_bm3-s0to50br0-s50to100br2.pdb,105,"2,0,13,16,19,16,19,14,11,3,10,18,19,19,6,18,7,15,2,12,16,9,6,4,11,13,14,19,6,11,5,10,3,10,0,0,10,9,19,18,17,6,12,6,3,11,2,9,9,5,13,19,8,7,6,6,3,10,11,19,5,8,15,15,18,1,5,1,0,1,10,10,11,3,5,10,15,10,7,2,0,0,10,5,9,16,3,19,11,10,5,3,0,7,19,18,1,4,12,9,15,18,7,7,0,3,18,11,1,9,16,19,11,19,2,0,0,13,16,19,16,19,14,11,3,10,18,19,19,6,18,7,15,2,12,16,9,6,4,11,13,14,19,6,11,5,10,3,10,0,0,10,9,19,18,17,6,12,6,3,11,2,9,9,5,13,19,8,7,6,6,3,10,11,19,5,8,15,15,18,1,5,1,0,1,10,10,11,3,5,10,15,10,7,2,0,0,10,5,9,16,3,19,11,10,5,3,0,7,19,18,1,4,12,9,15,18,7,7,0,3,18,11,1,9,16,19,11,19,0,0,0,0",-0.5145018,0.28365868,3.0,0.05051747,60.411453,0.053231277,1.0,0.053231277,0.30497897,0.013230927,0.0,0.0,0.05051747,0.0017720846,0.8614116,0.30497897,5.0266023,1.2665151,60.411453,-0.5145018,3.8188536,202.44951,0.012879735,0.047803663,1.0,202.44951,0.27022192,0.13858844,5.0266023,0.0017720846,0.013582121,0.28365868,0.0,1.2665151,3.8188536,0.012879735,0.5145018,0.0,0.013582121,0.5145018,0.59254587,0.047803663,1.0,0.013230927,lookahead,beam_orig1_bm3-s0to50br0-s50to100br2
/work/T-REX/external/Proteina-Complexa/inference/search_binder_local_pipeline_32_PDL1_ALPHA_REPACK_v7_r003_cand_v7r003_hyp_0003_01_002_a3eb57b720db7/job_0_n_233_id_26_beam_orig2_bm1-s0to50br2-s50to100br2/job_0_n_233_id_26_beam_orig2_bm1-s0to50br2-s50to100br2.pdb,106,"2,0,13,16,19,16,19,14,11,3,10,18,19,19,6,18,7,15,2,12,16,9,6,4,11,13,14,19,6,11,5,10,3,10,0,0,10,9,19,18,17,6,12,6,3,11,2,9,9,5,13,19,8,7,6,6,3,10,11,19,5,8,15,15,18,1,5,1,0,1,10,10,11,3,5,10,15,10,7,2,0,0,10,5,9,16,3,19,11,10,5,3,0,7,19,18,1,4,12,9,15,18,7,7,0,3,18,11,1,9,16,19,11,19,2,0,2,0,13,16,19,16,19,14,11,3,10,18,19,19,6,18,7,15,2,12,16,9,6,4,11,13,14,19,6,11,5,10,3,10,0,0,10,9,19,18,17,6,12,6,3,11,2,9,9,5,13,19,8,7,6,6,3,10,11,19,5,8,15,15,18,1,5,1,0,1,10,10,11,3,5,10,15,10,7,2,0,0,10,5,9,16,3,19,11,10,5,3,0,7,19,18,1,4,12,9,15,18,7,7,0,3,18,11,1,9,16,19,11,19,2,0,14",-0.5270444,0.2950344,3.0,0.04620936,77.63008,0.050149195,1.0,0.050149195,0.31255853,0.012424645,0.0,0.0,0.04620936,0.0029472944,0.85792404,0.31255853,2.5013978,1.2953442,77.63008,-0.5270444,3.9026542,214.0052,0.011959787,0.042269528,1.0,214.0052,0.26279566,0.14207596,2.5013978,0.0029472944,0.012889503,0.2950344,0.0,1.2953442,3.9026542,0.011959787,0.5270444,0.0,0.012889503,0.5270444,0.58688205,0.042269528,1.0,0.012424645,lookahead,beam_orig2_bm1-s0to50br2-s50to100br2
/work/T-REX/external/Proteina-Complexa/inference/search_binder_local_pipeline_32_PDL1_ALPHA_REPACK_v7_r003_cand_v7r003_hyp_0003_01_002_a3eb57b720db7/job_0_n_180_id_26_beam_orig3_bm2-s0to50br2-s50to100br2/job_0_n_180_id_26_beam_orig3_bm2-s0to50br2-s50to100br2.pdb,107,"2,0,13,16,19,16,19,14,11,3,10,18,19,19,6,18,7,15,2,12,16,9,6,4,11,13,14,19,6,11,5,10,3,10,0,0,10,9,19,18,17,6,12,6,3,11,2,9,9,5,13,19,8,7,6,6,3,10,11,19,5,8,15,15,18,1,5,1,0,1,10,10,11,3,5,10,15,10,7,2,0,0,10,5,9,16,3,19,11,10,5,3,0,7,19,18,1,4,12,9,15,18,7,7,0,3,18,11,1,9,16,19,11,19,2,0,15,15,10,16,6,6,5,11,8,2,19,0,19,0,10,11,6,10,11,10,3,0,15,11,13,15,13,15,3,11,4,16,3,2,3,9,9,6,10,7,11,2,11,9,9,4,19,11,3,0,11,16,19,6,6,13,11,3,1,9,1,10,19,15,0,0,0,0,0,0,0,0,0,0,0,0,0,0,0,0,0,0,0,0,0,0,0,0,0,0,0,0,0,0,0,0,0,0,0,0,0,0,0,0,0,0,0,0,0,0,0,0,0,0,0,0,0",-0.6407727,0.44943738,3.0,0.005506631,116.69074,0.0056610205,1.0,0.0056610205,0.4538339,0.0,0.0,0.0,0.005506631,0.007569854,0.75742817,0.4538339,14.078783,1.8126833,116.69074,-0.6407727,4.0659895,243.33844,0.0,0.005352242,1.0,243.33844,0.17721522,0.2425718,14.078783,0.007569854,0.0,0.44943738,0.0,1.8126833,4.0659895,0.0,0.6407727,0.0,0.0,0.6407727,0.636624,0.005352242,1.0,0.0,lookahead,beam_orig3_bm2-s0to50br2-s50to100br2
/work/T-REX/external/Proteina-Complexa/inference/search_binder_local_pipeline_32_PDL1_ALPHA_REPACK_v7_r003_cand_v7r003_hyp_0003_01_002_a3eb57b720db7/job_0_n_176_id_27_beam_orig0_bm2-s0to50br3-s50to100br3/job_0_n_176_id_27_beam_orig0_bm2-s0to50br3-s50to100br3.pdb,108,"2,0,13,16,19,16,19,14,11,3,10,18,19,19,6,18,7,15,2,12,16,9,6,4,11,13,14,19,6,11,5,10,3,10,0,0,10,9,19,18,17,6,12,6,3,11,2,9,9,5,13,19,8,7,6,6,3,10,11,19,5,8,15,15,18,1,5,1,0,1,10,10,11,3,5,10,15,10,7,2,0,0,10,5,9,16,3,19,11,10,5,3,0,7,19,18,1,4,12,9,15,18,7,7,0,3,18,11,1,9,16,19,11,19,2,0,12,0,5,10,19,11,6,10,11,11,0,10,11,0,11,3,6,6,1,0,9,11,10,9,11,11,10,14,9,1,5,6,3,11,2,5,10,9,7,19,19,11,19,13,3,19,6,11,0,6,0,10,10,11,13,18,16,10,11,10,0,0,0,0,0,0,0,0,0,0,0,0,0,0,0,0,0,0,0,0,0,0,0,0,0,0,0,0,0,0,0,0,0,0,0,0,0,0,0,0,0,0,0,0,0,0,0,0,0,0,0,0,0,0,0,0,0",-0.44580162,0.2699792,3.0,0.072445214,61.74257,0.0812475,1.0,0.0812475,0.33666393,0.014834509,0.0,0.0,0.072445214,0.002442803,0.7530395,0.33666393,3.0957963,2.216509,61.74257,-0.44580162,3.540235,217.08224,0.013159495,0.063642934,1.0,217.08224,0.366361,0.24696052,3.0957963,0.002442803,0.016509524,0.2699792,0.0,2.216509,3.540235,0.013159495,0.44580162,0.0,0.016509524,0.44580162,0.70899665,0.063642934,1.0,0.014834509,lookahead,beam_orig0_bm2-s0to50br3-s50to100br3
/work/T-REX/external/Proteina-Complexa/inference/search_binder_local_pipeline_32_PDL1_ALPHA_REPACK_v7_r003_cand_v7r003_hyp_0003_01_002_a3eb57b720db7/job_0_n_229_id_27_beam_orig1_bm3-s0to50br0-s50to100br3/job_0_n_229_id_27_beam_orig1_bm3-s0to50br0-s50to100br3.pdb,109,"2,0,13,16,19,16,19,14,11,3,10,18,19,19,6,18,7,15,2,12,16,9,6,4,11,13,14,19,6,11,5,10,3,10,0,0,10,9,19,18,17,6,12,6,3,11,2,9,9,5,13,19,8,7,6,6,3,10,11,19,5,8,15,15,18,1,5,1,0,1,10,10,11,3,5,10,15,10,7,2,0,0,10,5,9,16,3,19,11,10,5,3,0,7,19,18,1,4,12,9,15,18,7,7,0,3,18,11,1,9,16,19,11,19,2,0,0,13,16,19,16,19,14,11,3,10,18,19,19,6,18,7,15,2,12,16,9,6,4,11,13,14,19,6,11,5,10,3,10,0,0,10,9,19,18,17,6,12,6,3,11,2,9,9,5,13,19,8,7,6,6,3,10,11,19,5,8,15,15,18,1,5,1,0,1,10,10,11,3,5,10,15,10,7,2,0,0,10,5,9,16,3,19,11,10,5,3,0,7,19,18,1,4,12,9,15,18,7,7,0,3,18,11,1,9,16,19,11,19,0,0,0,0",-0.52150965,0.29494104,3.0,0.048335724,56.962402,0.050716363,1.0,0.050716363,0.30841315,0.012358625,0.0,0.0,0.048335724,0.0018068431,0.8620158,0.30841315,4.771574,1.2687392,56.962402,-0.52150965,3.8379295,200.78696,0.012026213,0.045955084,1.0,200.78696,0.26712817,0.1379842,4.771574,0.0018068431,0.012691038,0.29494104,0.0,1.2687392,3.8379295,0.012026213,0.52150965,0.0,0.012691038,0.52150965,0.5911344,0.045955084,1.0,0.012358625,lookahead,beam_orig1_bm3-s0to50br0-s50to100br3
/work/T-REX/external/Proteina-Complexa/inference/search_binder_local_pipeline_32_PDL1_ALPHA_REPACK_v7_r003_cand_v7r003_hyp_0003_01_002_a3eb57b720db7/job_0_n_233_id_27_beam_orig2_bm1-s0to50br2-s50to100br3/job_0_n_233_id_27_beam_orig2_bm1-s0to50br2-s50to100br3.pdb,110,"2,0,13,16,19,16,19,14,11,3,10,18,19,19,6,18,7,15,2,12,16,9,6,4,11,13,14,19,6,11,5,10,3,10,0,0,10,9,19,18,17,6,12,6,3,11,2,9,9,5,13,19,8,7,6,6,3,10,11,19,5,8,15,15,18,1,5,1,0,1,10,10,11,3,5,10,15,10,7,2,0,0,10,5,9,16,3,19,11,10,5,3,0,7,19,18,1,4,12,9,15,18,7,7,0,3,18,11,1,9,16,19,11,19,2,0,2,0,13,16,19,16,19,14,11,3,10,18,19,19,6,18,7,15,2,12,16,9,6,4,11,13,14,19,6,11,5,10,3,10,0,0,10,9,19,18,17,6,12,6,3,11,2,9,9,5,13,19,8,7,6,6,3,10,11,19,5,8,15,15,18,1,5,1,0,1,10,10,11,3,5,10,15,10,7,2,0,0,10,5,9,16,3,19,11,10,5,3,0,7,19,18,1,4,12,9,15,18,7,7,0,3,18,11,1,9,16,19,11,19,2,0,14",-0.5135326,0.28089064,3.0,0.05262591,84.728035,0.055325232,1.0,0.055325232,0.3051046,0.013245339,0.0,0.0,0.05262591,0.0027871327,0.8587418,0.3051046,3.2318008,1.2853248,84.728035,-0.5135326,3.864352,207.78633,0.013055411,0.04992659,1.0,207.78633,0.27066112,0.14125818,3.2318008,0.0027871327,0.013435267,0.28089064,0.0,1.2853248,3.864352,0.013055411,0.5135326,0.0,0.013435267,0.5135326,0.5914439,0.04992659,1.0,0.013245339,lookahead,beam_orig2_bm1-s0to50br2-s50to100br3
/work/T-REX/external/Proteina-Complexa/inference/search_binder_local_pipeline_32_PDL1_ALPHA_REPACK_v7_r003_cand_v7r003_hyp_0003_01_002_a3eb57b720db7/job_0_n_180_id_27_beam_orig3_bm2-s0to50br2-s50to100br3/job_0_n_180_id_27_beam_orig3_bm2-s0to50br2-s50to100br3.pdb,111,"2,0,13,16,19,16,19,14,11,3,10,18,19,19,6,18,7,15,2,12,16,9,6,4,11,13,14,19,6,11,5,10,3,10,0,0,10,9,19,18,17,6,12,6,3,11,2,9,9,5,13,19,8,7,6,6,3,10,11,19,5,8,15,15,18,1,5,1,0,1,10,10,11,3,5,10,15,10,7,2,0,0,10,5,9,16,3,19,11,10,5,3,0,7,19,18,1,4,12,9,15,18,7,7,0,3,18,11,1,9,16,19,11,19,2,0,11,6,10,14,14,3,10,6,11,1,0,1,6,6,10,5,6,5,11,10,3,14,15,11,13,11,13,1,19,0,0,11,3,10,6,1,0,16,0,15,9,0,15,11,16,9,16,13,14,11,6,14,16,10,6,6,9,1,15,0,19,1,18,9,0,0,0,0,0,0,0,0,0,0,0,0,0,0,0,0,0,0,0,0,0,0,0,0,0,0,0,0,0,0,0,0,0,0,0,0,0,0,0,0,0,0,0,0,0,0,0,0,0,0,0,0,0",-0.7443262,0.5656366,3.0,0.0,113.32402,0.0,1.0,0.0,0.53771687,0.0,0.0,0.0,0.0,0.013186303,0.66748124,0.53771687,12.260589,2.3527827,113.32402,-0.7443262,4.4350324,266.2787,0.0,0.0,1.0,266.2787,0.115527585,0.33251876,12.260589,0.013186303,0.0,0.5656366,0.0,2.3527827,4.4350324,0.0,0.7443262,0.0,0.0,0.7443262,0.61971873,0.0,1.0,0.0,lookahead,beam_orig3_bm2-s0to50br2-s50to100br3
/work/T-REX/external/Proteina-Complexa/inference/search_binder_local_pipeline_32_PDL1_ALPHA_REPACK_v7_r003_cand_v7r003_hyp_0003_01_002_a3eb57b720db7/job_0_n_176_id_28_beam_orig0_bm1-s0to50br2-s50to100br0/job_0_n_176_id_28_beam_orig0_bm1-s0to50br2-s50to100br0.pdb,112,"2,0,13,16,19,16,19,14,11,3,10,18,19,19,6,18,7,15,2,12,16,9,6,4,11,13,14,19,6,11,5,10,3,10,0,0,10,9,19,18,17,6,12,6,3,11,2,9,9,5,13,19,8,7,6,6,3,10,11,19,5,8,15,15,18,1,5,1,0,1,10,10,11,3,5,10,15,10,7,2,0,0,10,5,9,16,3,19,11,10,5,3,0,7,19,18,1,4,12,9,15,18,7,7,0,3,18,11,1,9,16,19,11,19,2,0,0,0,11,8,11,6,9,7,2,13,18,13,11,11,7,2,13,15,6,0,6,1,4,18,1,10,0,10,6,10,11,14,2,3,0,11,16,8,2,2,10,0,0,0,10,6,11,10,7,1,6,3,6,0,10,0,6,1,5,0,0,0,0,0,0,0,0,0,0,0,0,0,0,0,0,0,0,0,0,0,0,0,0,0,0,0,0,0,0,0,0,0,0,0,0,0,0,0,0,0,0,0,0,0,0,0,0,0,0,0,0,0,0,0,0,0,0",-0.5015561,0.29802403,3.0,0.03753051,77.3877,0.0450466,1.0,0.0450466,0.35324916,0.012697894,0.0,0.0,0.03753051,0.0033099633,0.8470528,0.35324916,5.2894173,1.2902187,77.3877,-0.5015561,3.6312659,175.04132,0.012486972,0.030014424,1.0,175.04132,0.30116305,0.15294722,5.2894173,0.0033099633,0.012908815,0.29802403,0.0,1.2902187,3.6312659,0.012486972,0.5015561,0.0,0.012908815,0.5015561,0.68539006,0.030014424,1.0,0.012697894,lookahead,beam_orig0_bm1-s0to50br2-s50to100br0
/work/T-REX/external/Proteina-Complexa/inference/search_binder_local_pipeline_32_PDL1_ALPHA_REPACK_v7_r003_cand_v7r003_hyp_0003_01_002_a3eb57b720db7/job_0_n_229_id_28_beam_orig1_bm1-s0to50br2-s50to100br0/job_0_n_229_id_28_beam_orig1_bm1-s0to50br2-s50to100br0.pdb,113,"2,0,13,16,19,16,19,14,11,3,10,18,19,19,6,18,7,15,2,12,16,9,6,4,11,13,14,19,6,11,5,10,3,10,0,0,10,9,19,18,17,6,12,6,3,11,2,9,9,5,13,19,8,7,6,6,3,10,11,19,5,8,15,15,18,1,5,1,0,1,10,10,11,3,5,10,15,10,7,2,0,0,10,5,9,16,3,19,11,10,5,3,0,7,19,18,1,4,12,9,15,18,7,7,0,3,18,11,1,9,16,19,11,19,2,0,0,13,16,19,16,19,14,11,3,10,18,19,19,6,18,7,15,2,12,16,9,6,4,11,13,14,19,6,11,5,10,3,10,0,0,10,9,19,18,17,6,12,6,3,11,2,9,9,5,13,19,8,7,6,6,3,10,11,19,5,8,15,15,18,1,5,1,0,1,10,10,11,3,5,10,15,10,7,2,0,0,10,5,9,16,3,19,11,10,5,3,0,7,19,18,1,4,12,9,15,18,7,7,0,3,18,11,1,9,16,19,11,19,0,0,0,0",-0.5157494,0.28726244,3.0,0.04967723,68.43279,0.052205235,1.0,0.052205235,0.3059588,0.012843873,0.0,0.0,0.04967723,0.001773025,0.86058223,0.3059588,2.7103376,1.2758509,68.43279,-0.5157494,3.8270063,214.31116,0.0125802085,0.047149226,1.0,214.31116,0.26971585,0.13941774,2.7103376,0.001773025,0.013107538,0.28726244,0.0,1.2758509,3.8270063,0.0125802085,0.5157494,0.0,0.013107538,0.5157494,0.5922095,0.047149226,1.0,0.012843873,lookahead,beam_orig1_bm1-s0to50br2-s50to100br0
/work/T-REX/external/Proteina-Complexa/inference/search_binder_local_pipeline_32_PDL1_ALPHA_REPACK_v7_r003_cand_v7r003_hyp_0003_01_002_a3eb57b720db7/job_0_n_233_id_28_beam_orig2_bm1-s0to50br0-s50to100br0/job_0_n_233_id_28_beam_orig2_bm1-s0to50br0-s50to100br0.pdb,114,"2,0,13,16,19,16,19,14,11,3,10,18,19,19,6,18,7,15,2,12,16,9,6,4,11,13,14,19,6,11,5,10,3,10,0,0,10,9,19,18,17,6,12,6,3,11,2,9,9,5,13,19,8,7,6,6,3,10,11,19,5,8,15,15,18,1,5,1,0,1,10,10,11,3,5,10,15,10,7,2,0,0,10,5,9,16,3,19,11,10,5,3,0,7,19,18,1,4,12,9,15,18,7,7,0,3,18,11,1,9,16,19,11,19,2,0,2,0,13,16,19,16,19,14,11,3,10,18,19,19,6,18,7,15,2,12,16,9,6,4,11,13,14,19,6,11,5,10,3,10,0,0,10,9,19,18,17,6,12,6,3,11,2,9,9,5,13,19,8,7,6,6,3,10,11,19,5,8,15,15,18,1,5,1,0,1,10,10,11,3,5,10,15,10,7,2,0,0,10,5,9,16,3,19,11,10,5,3,0,7,19,18,1,4,12,9,15,18,7,7,0,3,18,11,1,9,16,19,11,19,2,0,14",-0.53613514,0.3033841,3.0,0.04118505,76.10507,0.04508565,1.0,0.04508565,0.3172962,0.012017083,0.0,0.0,0.04118505,0.0028451697,0.85772896,0.3172962,2.5298007,1.3006815,76.10507,-0.53613514,3.925808,211.487,0.011727035,0.037284456,1.0,211.487,0.25601903,0.14227107,2.5298007,0.0028451697,0.012307132,0.3033841,0.0,1.3006815,3.925808,0.011727035,0.53613514,0.0,0.012307132,0.53613514,0.583129,0.037284456,1.0,0.012017083,lookahead,beam_orig2_bm1-s0to50br0-s50to100br0
/work/T-REX/external/Proteina-Complexa/inference/search_binder_local_pipeline_32_PDL1_ALPHA_REPACK_v7_r003_cand_v7r003_hyp_0003_01_002_a3eb57b720db7/job_0_n_180_id_28_beam_orig3_bm1-s0to50br0-s50to100br0/job_0_n_180_id_28_beam_orig3_bm1-s0to50br0-s50to100br0.pdb,115,"2,0,13,16,19,16,19,14,11,3,10,18,19,19,6,18,7,15,2,12,16,9,6,4,11,13,14,19,6,11,5,10,3,10,0,0,10,9,19,18,17,6,12,6,3,11,2,9,9,5,13,19,8,7,6,6,3,10,11,19,5,8,15,15,18,1,5,1,0,1,10,10,11,3,5,10,15,10,7,2,0,0,10,5,9,16,3,19,11,10,5,3,0,7,19,18,1,4,12,9,15,18,7,7,0,3,18,11,1,9,16,19,11,19,2,0,19,15,6,6,8,9,0,11,10,2,6,12,10,10,8,0,0,1,9,7,15,3,3,17,19,1,5,10,10,11,0,7,0,3,19,2,0,5,3,11,3,7,11,16,0,13,3,9,15,9,3,2,7,2,6,3,9,0,6,9,10,5,11,0,0,0,0,0,0,0,0,0,0,0,0,0,0,0,0,0,0,0,0,0,0,0,0,0,0,0,0,0,0,0,0,0,0,0,0,0,0,0,0,0,0,0,0,0,0,0,0,0,0,0,0,0,0",-0.23070174,0.10373272,3.0,0.3050403,31.101377,0.3538613,1.0,0.3538613,0.17576523,0.3050403,0.0,0.0,0.3050403,0.0045902496,0.8946513,0.17576523,1.3058072,1.455802,31.101377,-0.23070174,2.5096188,164.21191,0.25621933,0.25621933,1.0,164.21191,0.6542686,0.10534868,1.3058072,0.0045902496,0.3538613,0.10373272,0.0,1.455802,2.5096188,0.25621933,0.23070174,0.0,0.3538613,0.23070174,0.81293935,0.25621933,1.0,0.3050403,lookahead,beam_orig3_bm1-s0to50br0-s50to100br0
/work/T-REX/external/Proteina-Complexa/inference/search_binder_local_pipeline_32_PDL1_ALPHA_REPACK_v7_r003_cand_v7r003_hyp_0003_01_002_a3eb57b720db7/job_0_n_176_id_29_beam_orig0_bm1-s0to50br2-s50to100br1/job_0_n_176_id_29_beam_orig0_bm1-s0to50br2-s50to100br1.pdb,116,"2,0,13,16,19,16,19,14,11,3,10,18,19,19,6,18,7,15,2,12,16,9,6,4,11,13,14,19,6,11,5,10,3,10,0,0,10,9,19,18,17,6,12,6,3,11,2,9,9,5,13,19,8,7,6,6,3,10,11,19,5,8,15,15,18,1,5,1,0,1,10,10,11,3,5,10,15,10,7,2,0,0,10,5,9,16,3,19,11,10,5,3,0,7,19,18,1,4,12,9,15,18,7,7,0,3,18,11,1,9,16,19,11,19,2,0,0,0,0,8,11,3,12,7,2,10,10,13,11,2,7,5,18,0,6,0,6,11,5,18,1,10,0,10,6,10,11,14,2,3,0,11,16,8,2,2,10,0,0,0,10,6,11,10,7,1,10,3,6,0,10,0,6,18,6,11,0,0,0,0,0,0,0,0,0,0,0,0,0,0,0,0,0,0,0,0,0,0,0,0,0,0,0,0,0,0,0,0,0,0,0,0,0,0,0,0,0,0,0,0,0,0,0,0,0,0,0,0,0,0,0,0,0",-0.19597721,0.079070516,3.0,0.39684296,47.67206,0.49421173,1.0,0.49421173,0.15023696,0.39684296,0.0,0.0,0.39684296,0.0018885385,0.93648636,0.15023696,4.638061,1.249224,47.67206,-0.19597721,2.612722,176.85184,0.2994742,0.2994742,1.0,176.85184,0.73687625,0.06351362,4.638061,0.0018885385,0.49421173,0.079070516,0.0,1.249224,2.612722,0.2994742,0.19597721,0.0,0.49421173,0.19597721,0.85039234,0.2994742,1.0,0.39684296,lookahead,beam_orig0_bm1-s0to50br2-s50to100br1
/work/T-REX/external/Proteina-Complexa/inference/search_binder_local_pipeline_32_PDL1_ALPHA_REPACK_v7_r003_cand_v7r003_hyp_0003_01_002_a3eb57b720db7/job_0_n_229_id_29_beam_orig1_bm1-s0to50br2-s50to100br1/job_0_n_229_id_29_beam_orig1_bm1-s0to50br2-s50to100br1.pdb,117,"2,0,13,16,19,16,19,14,11,3,10,18,19,19,6,18,7,15,2,12,16,9,6,4,11,13,14,19,6,11,5,10,3,10,0,0,10,9,19,18,17,6,12,6,3,11,2,9,9,5,13,19,8,7,6,6,3,10,11,19,5,8,15,15,18,1,5,1,0,1,10,10,11,3,5,10,15,10,7,2,0,0,10,5,9,16,3,19,11,10,5,3,0,7,19,18,1,4,12,9,15,18,7,7,0,3,18,11,1,9,16,19,11,19,2,0,0,13,16,19,16,19,14,11,3,10,18,19,19,6,18,7,15,2,12,16,9,6,4,11,13,14,19,6,11,5,10,3,10,0,0,10,9,19,18,17,6,12,6,3,11,2,9,9,5,13,19,8,7,6,6,3,10,11,19,5,8,15,15,18,1,5,1,0,1,10,10,11,3,5,10,15,10,7,2,0,0,10,5,9,16,3,19,11,10,5,3,0,7,19,18,1,4,12,9,15,18,7,7,0,3,18,11,1,9,16,19,11,19,0,0,0,0",-0.52000105,0.29375768,3.0,0.048941232,74.821365,0.051615987,1.0,0.051615987,0.30850026,0.012502733,0.0,0.0,0.048941232,0.0018285355,0.86070955,0.30850026,2.898283,1.283029,74.821365,-0.52000105,3.8362546,213.92941,0.012042469,0.04626648,1.0,213.92941,0.26873308,0.13929048,2.898283,0.0018285355,0.012962996,0.29375768,0.0,1.283029,3.8362546,0.012042469,0.52000105,0.0,0.012962996,0.52000105,0.59162796,0.04626648,1.0,0.012502733,lookahead,beam_orig1_bm1-s0to50br2-s50to100br1
/work/T-REX/external/Proteina-Complexa/inference/search_binder_local_pipeline_32_PDL1_ALPHA_REPACK_v7_r003_cand_v7r003_hyp_0003_01_002_a3eb57b720db7/job_0_n_233_id_29_beam_orig2_bm1-s0to50br0-s50to100br1/job_0_n_233_id_29_beam_orig2_bm1-s0to50br0-s50to100br1.pdb,118,"2,0,13,16,19,16,19,14,11,3,10,18,19,19,6,18,7,15,2,12,16,9,6,4,11,13,14,19,6,11,5,10,3,10,0,0,10,9,19,18,17,6,12,6,3,11,2,9,9,5,13,19,8,7,6,6,3,10,11,19,5,8,15,15,18,1,5,1,0,1,10,10,11,3,5,10,15,10,7,2,0,0,10,5,9,16,3,19,11,10,5,3,0,7,19,18,1,4,12,9,15,18,7,7,0,3,18,11,1,9,16,19,11,19,2,0,2,0,13,16,19,16,19,14,11,3,10,18,19,19,6,18,7,15,2,12,16,9,6,4,11,13,14,19,6,11,5,10,3,10,0,0,10,9,19,18,17,6,12,6,3,11,2,9,9,5,13,19,8,7,6,6,3,10,11,19,5,8,15,15,18,1,5,1,0,1,10,10,11,3,5,10,15,10,7,2,0,0,10,5,9,16,3,19,11,10,5,3,0,7,19,18,1,4,12,9,15,18,7,7,0,3,18,11,1,9,16,19,11,19,2,0,14",-0.5260792,0.29528436,3.0,0.04753056,77.29412,0.050090987,1.0,0.050090987,0.3115851,0.012331314,0.0,0.0,0.04753056,0.002814514,0.8589512,0.3115851,2.5949667,1.2932822,77.29412,-0.5260792,3.9032955,208.3563,0.011982686,0.044970136,1.0,208.3563,0.26369667,0.14104877,2.5949667,0.002814514,0.012679942,0.29528436,0.0,1.2932822,3.9032955,0.011982686,0.5260792,0.0,0.012679942,0.5260792,0.58772343,0.044970136,1.0,0.012331314,lookahead,beam_orig2_bm1-s0to50br0-s50to100br1
/work/T-REX/external/Proteina-Complexa/inference/search_binder_local_pipeline_32_PDL1_ALPHA_REPACK_v7_r003_cand_v7r003_hyp_0003_01_002_a3eb57b720db7/job_0_n_180_id_29_beam_orig3_bm1-s0to50br0-s50to100br1/job_0_n_180_id_29_beam_orig3_bm1-s0to50br0-s50to100br1.pdb,119,"2,0,13,16,19,16,19,14,11,3,10,18,19,19,6,18,7,15,2,12,16,9,6,4,11,13,14,19,6,11,5,10,3,10,0,0,10,9,19,18,17,6,12,6,3,11,2,9,9,5,13,19,8,7,6,6,3,10,11,19,5,8,15,15,18,1,5,1,0,1,10,10,11,3,5,10,15,10,7,2,0,0,10,5,9,16,3,19,11,10,5,3,0,7,19,18,1,4,12,9,15,18,7,7,0,3,18,11,1,9,16,19,11,19,2,0,19,15,6,3,8,9,0,11,10,2,6,12,10,10,3,0,0,1,1,7,18,3,3,17,19,11,19,10,10,11,0,7,0,3,19,2,0,5,3,11,3,7,11,16,0,13,3,9,15,9,3,2,7,8,6,3,9,0,6,9,10,5,11,0,0,0,0,0,0,0,0,0,0,0,0,0,0,0,0,0,0,0,0,0,0,0,0,0,0,0,0,0,0,0,0,0,0,0,0,0,0,0,0,0,0,0,0,0,0,0,0,0,0,0,0,0,0",-0.4765105,0.24776004,3.0,0.05282908,120.51413,0.052991033,1.0,0.052991033,0.3348908,0.015003346,0.0,0.0,0.05282908,0.004163089,0.78008217,0.3348908,17.993313,1.4255048,120.51413,-0.4765105,3.418395,225.72592,0.014000098,0.052667126,1.0,225.72592,0.27864403,0.21991782,17.993313,0.004163089,0.016006593,0.24776004,0.0,1.4255048,3.418395,0.014000098,0.4765105,0.0,0.016006593,0.4765105,0.674324,0.052667126,1.0,0.015003346,lookahead,beam_orig3_bm1-s0to50br0-s50to100br1
/work/T-REX/external/Proteina-Complexa/inference/search_binder_local_pipeline_32_PDL1_ALPHA_REPACK_v7_r003_cand_v7r003_hyp_0003_01_002_a3eb57b720db7/job_0_n_176_id_30_beam_orig0_bm1-s0to50br2-s50to100br2/job_0_n_176_id_30_beam_orig0_bm1-s0to50br2-s50to100br2.pdb,120,"2,0,13,16,19,16,19,14,11,3,10,18,19,19,6,18,7,15,2,12,16,9,6,4,11,13,14,19,6,11,5,10,3,10,0,0,10,9,19,18,17,6,12,6,3,11,2,9,9,5,13,19,8,7,6,6,3,10,11,19,5,8,15,15,18,1,5,1,0,1,10,10,11,3,5,10,15,10,7,2,0,0,10,5,9,16,3,19,11,10,5,3,0,7,19,18,1,4,12,9,15,18,7,7,0,3,18,11,1,9,16,19,11,19,2,0,0,2,0,8,0,6,12,7,2,13,10,13,11,5,7,1,10,10,6,0,6,11,6,18,1,10,0,10,6,10,11,14,3,18,0,11,0,8,2,2,10,7,0,0,10,6,11,10,7,11,10,3,6,0,10,11,6,18,6,6,0,0,0,0,0,0,0,0,0,0,0,0,0,0,0,0,0,0,0,0,0,0,0,0,0,0,0,0,0,0,0,0,0,0,0,0,0,0,0,0,0,0,0,0,0,0,0,0,0,0,0,0,0,0,0,0,0",-0.3705331,0.21625274,3.0,0.11508309,57.652443,0.14018537,1.0,0.14018537,0.26668754,0.07502476,0.0,0.0,0.11508309,0.0024435124,0.8830859,0.26668754,5.1099806,1.3437756,57.652443,-0.3705331,3.2862005,168.40627,0.067684166,0.08998081,1.0,168.40627,0.49159774,0.1169141,5.1099806,0.0024435124,0.08236536,0.21625274,0.0,1.3437756,3.2862005,0.067684166,0.3705331,0.0,0.08236536,0.3705331,0.7519593,0.08998081,1.0,0.07502476,lookahead,beam_orig0_bm1-s0to50br2-s50to100br2
/work/T-REX/external/Proteina-Complexa/inference/search_binder_local_pipeline_32_PDL1_ALPHA_REPACK_v7_r003_cand_v7r003_hyp_0003_01_002_a3eb57b720db7/job_0_n_229_id_30_beam_orig1_bm1-s0to50br2-s50to100br2/job_0_n_229_id_30_beam_orig1_bm1-s0to50br2-s50to100br2.pdb,121,"2,0,13,16,19,16,19,14,11,3,10,18,19,19,6,18,7,15,2,12,16,9,6,4,11,13,14,19,6,11,5,10,3,10,0,0,10,9,19,18,17,6,12,6,3,11,2,9,9,5,13,19,8,7,6,6,3,10,11,19,5,8,15,15,18,1,5,1,0,1,10,10,11,3,5,10,15,10,7,2,0,0,10,5,9,16,3,19,11,10,5,3,0,7,19,18,1,4,12,9,15,18,7,7,0,3,18,11,1,9,16,19,11,19,2,0,0,13,16,19,16,19,14,11,3,10,18,19,19,6,18,7,15,2,12,16,9,6,4,11,13,14,19,6,11,5,10,3,10,0,0,10,9,19,18,17,6,12,6,3,11,2,9,9,5,13,19,8,7,6,6,3,10,11,19,5,8,15,15,18,1,5,1,0,1,10,10,11,3,5,10,15,10,7,2,0,0,10,5,9,16,3,19,11,10,5,3,0,7,19,18,1,4,12,9,15,18,7,7,0,3,18,11,1,9,16,19,11,19,0,0,0,0",-0.5237348,0.29698187,3.0,0.046403676,66.126686,0.049795434,1.0,0.049795434,0.31027186,0.012463678,0.0,0.0,0.046403676,0.0018399099,0.86045337,0.31027186,3.1913035,1.2804196,66.126686,-0.5237348,3.850082,215.76978,0.012214564,0.04301192,1.0,215.76978,0.26375562,0.13954666,3.1913035,0.0018399099,0.012712791,0.29698187,0.0,1.2804196,3.850082,0.012214564,0.5237348,0.0,0.012712791,0.5237348,0.58930784,0.04301192,1.0,0.012463678,lookahead,beam_orig1_bm1-s0to50br2-s50to100br2
/work/T-REX/external/Proteina-Complexa/inference/search_binder_local_pipeline_32_PDL1_ALPHA_REPACK_v7_r003_cand_v7r003_hyp_0003_01_002_a3eb57b720db7/job_0_n_233_id_30_beam_orig2_bm1-s0to50br0-s50to100br2/job_0_n_233_id_30_beam_orig2_bm1-s0to50br0-s50to100br2.pdb,122,"2,0,13,16,19,16,19,14,11,3,10,18,19,19,6,18,7,15,2,12,16,9,6,4,11,13,14,19,6,11,5,10,3,10,0,0,10,9,19,18,17,6,12,6,3,11,2,9,9,5,13,19,8,7,6,6,3,10,11,19,5,8,15,15,18,1,5,1,0,1,10,10,11,3,5,10,15,10,7,2,0,0,10,5,9,16,3,19,11,10,5,3,0,7,19,18,1,4,12,9,15,18,7,7,0,3,18,11,1,9,16,19,11,19,2,0,2,0,13,16,19,16,19,14,11,3,10,18,19,19,6,18,7,15,2,12,16,9,6,4,11,13,14,19,6,11,5,10,3,10,0,0,10,9,19,18,17,6,12,6,3,11,2,9,9,5,13,19,8,7,6,6,3,10,11,19,5,8,15,15,18,1,5,1,0,1,10,10,11,3,5,10,15,10,7,2,0,0,10,5,9,16,3,19,11,10,5,3,0,7,19,18,1,4,12,9,15,18,7,7,0,3,18,11,1,9,16,19,11,19,2,0,14",-0.5255105,0.29562223,3.0,0.048385765,74.41287,0.050916974,1.0,0.050916974,0.31112897,0.0125310905,0.0,0.0,0.048385765,0.00281634,0.85929763,0.31112897,2.6059997,1.2913728,74.41287,-0.5255105,3.9004345,209.45433,0.0123024285,0.045854557,1.0,209.45433,0.26464236,0.14070238,2.6059997,0.00281634,0.012759752,0.29562223,0.0,1.2913728,3.9004345,0.0123024285,0.5255105,0.0,0.012759752,0.5255105,0.5886418,0.045854557,1.0,0.0125310905,lookahead,beam_orig2_bm1-s0to50br0-s50to100br2
/work/T-REX/external/Proteina-Complexa/inference/search_binder_local_pipeline_32_PDL1_ALPHA_REPACK_v7_r003_cand_v7r003_hyp_0003_01_002_a3eb57b720db7/job_0_n_180_id_30_beam_orig3_bm1-s0to50br0-s50to100br2/job_0_n_180_id_30_beam_orig3_bm1-s0to50br0-s50to100br2.pdb,123,"2,0,13,16,19,16,19,14,11,3,10,18,19,19,6,18,7,15,2,12,16,9,6,4,11,13,14,19,6,11,5,10,3,10,0,0,10,9,19,18,17,6,12,6,3,11,2,9,9,5,13,19,8,7,6,6,3,10,11,19,5,8,15,15,18,1,5,1,0,1,10,10,11,3,5,10,15,10,7,2,0,0,10,5,9,16,3,19,11,10,5,3,0,7,19,18,1,4,12,9,15,18,7,7,0,3,18,11,1,9,16,19,11,19,2,0,19,15,6,3,8,10,11,11,10,2,6,12,10,10,3,0,0,1,9,7,15,3,3,17,19,1,19,10,10,11,0,7,0,3,19,2,0,5,3,11,3,7,11,16,0,13,3,9,15,9,3,2,7,18,6,3,9,0,6,19,10,5,11,0,0,0,0,0,0,0,0,0,0,0,0,0,0,0,0,0,0,0,0,0,0,0,0,0,0,0,0,0,0,0,0,0,0,0,0,0,0,0,0,0,0,0,0,0,0,0,0,0,0,0,0,0,0",-0.33846474,0.16463754,3.0,0.14068843,115.33954,0.16746375,1.0,0.16746375,0.2475553,0.11302052,0.0,0.0,0.14068843,0.0042241467,0.8443003,0.2475553,13.7990055,1.5537746,115.33954,-0.33846474,3.0154345,235.88313,0.097328365,0.11391312,1.0,235.88313,0.46680716,0.15569969,13.7990055,0.0042241467,0.12871267,0.16463754,0.0,1.5537746,3.0154345,0.097328365,0.33846474,0.0,0.12871267,0.33846474,0.7468173,0.11391312,1.0,0.11302052,lookahead,beam_orig3_bm1-s0to50br0-s50to100br2
/work/T-REX/external/Proteina-Complexa/inference/search_binder_local_pipeline_32_PDL1_ALPHA_REPACK_v7_r003_cand_v7r003_hyp_0003_01_002_a3eb57b720db7/job_0_n_176_id_31_beam_orig0_bm1-s0to50br2-s50to100br3/job_0_n_176_id_31_beam_orig0_bm1-s0to50br2-s50to100br3.pdb,124,"2,0,13,16,19,16,19,14,11,3,10,18,19,19,6,18,7,15,2,12,16,9,6,4,11,13,14,19,6,11,5,10,3,10,0,0,10,9,19,18,17,6,12,6,3,11,2,9,9,5,13,19,8,7,6,6,3,10,11,19,5,8,15,15,18,1,5,1,0,1,10,10,11,3,5,10,15,10,7,2,0,0,10,5,9,16,3,19,11,10,5,3,0,7,19,18,1,4,12,9,15,18,7,7,0,3,18,11,1,9,16,19,11,19,2,0,0,0,11,8,11,6,10,7,2,17,18,13,11,5,7,2,18,15,6,0,6,11,4,18,1,0,0,10,6,10,11,14,2,3,0,6,16,8,2,2,10,0,0,0,10,6,11,10,2,1,10,3,6,0,6,11,19,1,5,10,0,0,0,0,0,0,0,0,0,0,0,0,0,0,0,0,0,0,0,0,0,0,0,0,0,0,0,0,0,0,0,0,0,0,0,0,0,0,0,0,0,0,0,0,0,0,0,0,0,0,0,0,0,0,0,0,0",-0.5210008,0.316264,3.0,0.024419935,51.806686,0.027389806,1.0,0.027389806,0.36619827,0.0119639905,0.0,0.0,0.024419935,0.0023165704,0.84020865,0.36619827,4.5253963,1.2971444,51.806686,-0.5210008,3.8346734,168.34654,0.011103709,0.021450065,1.0,168.34654,0.26757532,0.15979135,4.5253963,0.0023165704,0.012824272,0.316264,0.0,1.2971444,3.8346734,0.011103709,0.5210008,0.0,0.012824272,0.5210008,0.6769451,0.021450065,1.0,0.0119639905,lookahead,beam_orig0_bm1-s0to50br2-s50to100br3
/work/T-REX/external/Proteina-Complexa/inference/search_binder_local_pipeline_32_PDL1_ALPHA_REPACK_v7_r003_cand_v7r003_hyp_0003_01_002_a3eb57b720db7/job_0_n_229_id_31_beam_orig1_bm1-s0to50br2-s50to100br3/job_0_n_229_id_31_beam_orig1_bm1-s0to50br2-s50to100br3.pdb,125,"2,0,13,16,19,16,19,14,11,3,10,18,19,19,6,18,7,15,2,12,16,9,6,4,11,13,14,19,6,11,5,10,3,10,0,0,10,9,19,18,17,6,12,6,3,11,2,9,9,5,13,19,8,7,6,6,3,10,11,19,5,8,15,15,18,1,5,1,0,1,10,10,11,3,5,10,15,10,7,2,0,0,10,5,9,16,3,19,11,10,5,3,0,7,19,18,1,4,12,9,15,18,7,7,0,3,18,11,1,9,16,19,11,19,2,0,0,13,16,19,16,19,14,11,3,10,18,19,19,6,18,7,15,2,12,16,9,6,4,11,13,14,19,6,11,5,10,3,10,0,0,10,9,19,18,17,6,12,6,3,11,2,9,9,5,13,19,8,7,6,6,3,10,11,19,5,8,15,15,18,1,5,1,0,1,10,10,11,3,5,10,15,10,7,2,0,0,10,5,9,16,3,19,11,10,5,3,0,7,19,18,1,4,12,9,15,18,7,7,0,3,18,11,1,9,16,19,11,19,0,0,0,0",-0.51887053,0.2897478,3.0,0.048620895,70.65721,0.05066121,1.0,0.05066121,0.30751705,0.012646043,0.0,0.0,0.048620895,0.0018147684,0.8605372,0.30751705,2.8442051,1.2741189,70.65721,-0.51887053,3.8344831,214.38948,0.012331068,0.04658058,1.0,214.38948,0.26721758,0.13946286,2.8442051,0.0018147684,0.012961018,0.2897478,0.0,1.2741189,3.8344831,0.012331068,0.51887053,0.0,0.012961018,0.51887053,0.5906713,0.04658058,1.0,0.012646043,lookahead,beam_orig1_bm1-s0to50br2-s50to100br3
/work/T-REX/external/Proteina-Complexa/inference/search_binder_local_pipeline_32_PDL1_ALPHA_REPACK_v7_r003_cand_v7r003_hyp_0003_01_002_a3eb57b720db7/job_0_n_233_id_31_beam_orig2_bm1-s0to50br0-s50to100br3/job_0_n_233_id_31_beam_orig2_bm1-s0to50br0-s50to100br3.pdb,126,"2,0,13,16,19,16,19,14,11,3,10,18,19,19,6,18,7,15,2,12,16,9,6,4,11,13,14,19,6,11,5,10,3,10,0,0,10,9,19,18,17,6,12,6,3,11,2,9,9,5,13,19,8,7,6,6,3,10,11,19,5,8,15,15,18,1,5,1,0,1,10,10,11,3,5,10,15,10,7,2,0,0,10,5,9,16,3,19,11,10,5,3,0,7,19,18,1,4,12,9,15,18,7,7,0,3,18,11,1,9,16,19,11,19,2,0,2,0,13,16,19,16,19,14,11,3,10,18,19,19,6,18,7,15,2,12,16,9,6,4,11,13,14,19,6,11,5,10,3,10,0,0,10,9,19,18,17,6,12,6,3,11,2,9,9,5,13,19,8,7,6,6,3,10,11,19,5,8,15,15,18,1,5,1,0,1,10,10,11,3,5,10,15,10,7,2,0,0,10,5,9,16,3,19,11,10,5,3,0,7,19,18,1,4,12,9,15,18,7,7,0,3,18,11,1,9,16,19,11,19,2,0,6",-0.5323011,0.2987048,3.0,0.044642024,76.27377,0.04634633,1.0,0.04634633,0.31677213,0.012273019,0.0,0.0,0.044642024,0.004301355,0.85616034,0.31677213,2.4436443,1.3022038,76.27377,-0.5323011,3.9103184,214.70511,0.012082753,0.042937715,1.0,214.70511,0.2601999,0.14383966,2.4436443,0.004301355,0.012463285,0.2987048,0.0,1.3022038,3.9103184,0.012082753,0.5323011,0.0,0.012463285,0.5323011,0.58557725,0.042937715,1.0,0.012273019,lookahead,beam_orig2_bm1-s0to50br0-s50to100br3
/work/T-REX/external/Proteina-Complexa/inference/search_binder_local_pipeline_32_PDL1_ALPHA_REPACK_v7_r003_cand_v7r003_hyp_0003_01_002_a3eb57b720db7/job_0_n_180_id_31_beam_orig3_bm1-s0to50br0-s50to100br3/job_0_n_180_id_31_beam_orig3_bm1-s0to50br0-s50to100br3.pdb,127,"2,0,13,16,19,16,19,14,11,3,10,18,19,19,6,18,7,15,2,12,16,9,6,4,11,13,14,19,6,11,5,10,3,10,0,0,10,9,19,18,17,6,12,6,3,11,2,9,9,5,13,19,8,7,6,6,3,10,11,19,5,8,15,15,18,1,5,1,0,1,10,10,11,3,5,10,15,10,7,2,0,0,10,5,9,16,3,19,11,10,5,3,0,7,19,18,1,4,12,9,15,18,7,7,0,3,18,11,1,9,16,19,11,19,2,0,19,15,6,3,8,9,11,11,10,2,6,12,10,10,3,0,0,1,9,7,15,3,3,17,19,1,19,10,10,11,0,7,0,3,19,2,0,5,3,11,3,7,11,16,0,13,3,9,15,9,3,2,7,2,6,3,9,0,6,9,10,5,11,0,0,0,0,0,0,0,0,0,0,0,0,0,0,0,0,0,0,0,0,0,0,0,0,0,0,0,0,0,0,0,0,0,0,0,0,0,0,0,0,0,0,0,0,0,0,0,0,0,0,0,0,0,0",-0.3669062,0.17527613,3.0,0.11841329,114.67389,0.14268604,1.0,0.14268604,0.26371977,0.07397107,0.0,0.0,0.11841329,0.004889477,0.8481468,0.26371977,12.227898,1.4538181,114.67389,-0.3669062,3.0801747,237.01466,0.06499226,0.094140545,1.0,237.01466,0.428083,0.1518532,12.227898,0.004889477,0.082949884,0.17527613,0.0,1.4538181,3.0801747,0.06499226,0.3669062,0.0,0.082949884,0.3669062,0.73196983,0.094140545,1.0,0.07397107,lookahead,beam_orig3_bm1-s0to50br0-s50to100br3
/work/T-REX/external/Proteina-Complexa/inference/search_binder_local_pipeline_32_PDL1_ALPHA_REPACK_v7_r003_cand_v7r003_hyp_0003_01_002_a3eb57b720db7/job_0_n_176_id_32_beam_orig0_bm1-s0to50br2-s50to100br1-s100to150br0/job_0_n_176_id_32_beam_orig0_bm1-s0to50br2-s50to100br1-s100to150br0.pdb,128,"2,0,13,16,19,16,19,14,11,3,10,18,19,19,6,18,7,15,2,12,16,9,6,4,11,13,14,19,6,11,5,10,3,10,0,0,10,9,19,18,17,6,12,6,3,11,2,9,9,5,13,19,8,7,6,6,3,10,11,19,5,8,15,15,18,1,5,1,0,1,10,10,11,3,5,10,15,10,7,2,0,0,10,5,9,16,3,19,11,10,5,3,0,7,19,18,1,4,12,9,15,18,7,7,0,3,18,11,1,9,16,19,11,19,2,0,0,0,0,8,11,3,12,7,2,10,10,13,11,6,7,1,10,15,6,0,6,11,5,18,1,10,0,10,6,10,11,14,2,3,0,6,16,8,2,2,10,0,0,0,10,6,11,10,7,1,10,3,6,0,10,6,6,18,6,11,0,0,0,0,0,0,0,0,0,0,0,0,0,0,0,0,0,0,0,0,0,0,0,0,0,0,0,0,0,0,0,0,0,0,0,0,0,0,0,0,0,0,0,0,0,0,0,0,0,0,0,0,0,0,0,0,0",-0.18725993,0.07510767,3.0,0.41216338,48.114227,0.5023792,1.0,0.5023792,0.1437229,0.41216338,0.0,0.0,0.41216338,0.00178022,0.9401423,0.1437229,4.453051,1.2328006,48.114227,-0.18725993,2.6262255,168.79039,0.3219476,0.3219476,1.0,168.79039,0.7416967,0.059857696,4.453051,0.00178022,0.5023792,0.07510767,0.0,1.2328006,2.6262255,0.3219476,0.18725993,0.0,0.5023792,0.18725993,0.8517404,0.3219476,1.0,0.41216338,lookahead,beam_orig0_bm1-s0to50br2-s50to100br1-s100to150br0
/work/T-REX/external/Proteina-Complexa/inference/search_binder_local_pipeline_32_PDL1_ALPHA_REPACK_v7_r003_cand_v7r003_hyp_0003_01_002_a3eb57b720db7/job_0_n_229_id_32_beam_orig1_bm2-s0to50br1-s50to100br3-s100to150br0/job_0_n_229_id_32_beam_orig1_bm2-s0to50br1-s50to100br3-s100to150br0.pdb,129,"2,0,13,16,19,16,19,14,11,3,10,18,19,19,6,18,7,15,2,12,16,9,6,4,11,13,14,19,6,11,5,10,3,10,0,0,10,9,19,18,17,6,12,6,3,11,2,9,9,5,13,19,8,7,6,6,3,10,11,19,5,8,15,15,18,1,5,1,0,1,10,10,11,3,5,10,15,10,7,2,0,0,10,5,9,16,3,19,11,10,5,3,0,7,19,18,1,4,12,9,15,18,7,7,0,3,18,11,1,9,16,19,11,19,2,0,0,13,16,19,16,19,14,11,3,10,18,19,19,6,18,7,15,2,12,16,9,6,4,11,13,14,19,6,11,5,10,3,10,0,0,10,9,19,18,17,6,12,6,3,11,2,9,9,5,13,19,8,7,6,6,3,10,11,19,5,8,15,15,18,1,5,1,0,1,10,10,11,3,5,10,15,10,7,2,0,0,10,5,9,16,3,19,11,10,5,3,0,7,19,18,1,4,12,9,15,18,7,7,0,3,18,11,1,9,16,19,11,19,0,0,0,0",-0.516228,0.28848204,3.0,0.050202828,58.935658,0.053011805,1.0,0.053011805,0.3062502,0.012805034,0.0,0.0,0.050202828,0.0017688554,0.8607898,0.3062502,4.0915313,1.2776471,58.935658,-0.516228,3.824693,199.67482,0.012396592,0.04739385,1.0,199.67482,0.27078474,0.13921024,4.0915313,0.0017688554,0.013213477,0.28848204,0.0,1.2776471,3.824693,0.012396592,0.516228,0.0,0.013213477,0.516228,0.59264266,0.04739385,1.0,0.012805034,lookahead,beam_orig1_bm2-s0to50br1-s50to100br3-s100to150br0
/work/T-REX/external/Proteina-Complexa/inference/search_binder_local_pipeline_32_PDL1_ALPHA_REPACK_v7_r003_cand_v7r003_hyp_0003_01_002_a3eb57b720db7/job_0_n_233_id_32_beam_orig2_bm1-s0to50br2-s50to100br3-s100to150br0/job_0_n_233_id_32_beam_orig2_bm1-s0to50br2-s50to100br3-s100to150br0.pdb,130,"2,0,13,16,19,16,19,14,11,3,10,18,19,19,6,18,7,15,2,12,16,9,6,4,11,13,14,19,6,11,5,10,3,10,0,0,10,9,19,18,17,6,12,6,3,11,2,9,9,5,13,19,8,7,6,6,3,10,11,19,5,8,15,15,18,1,5,1,0,1,10,10,11,3,5,10,15,10,7,2,0,0,10,5,9,16,3,19,11,10,5,3,0,7,19,18,1,4,12,9,15,18,7,7,0,3,18,11,1,9,16,19,11,19,2,0,2,0,13,16,19,16,19,14,11,3,10,18,19,19,6,18,7,15,2,12,16,9,6,4,11,13,14,19,6,11,5,10,3,10,0,0,10,9,19,18,17,6,12,6,3,11,2,9,9,5,13,19,8,7,6,6,3,10,11,19,5,8,15,15,18,1,5,1,0,1,10,10,11,3,5,10,15,10,7,2,0,0,10,5,9,16,3,19,11,10,5,3,0,7,19,18,1,4,12,9,15,18,7,7,0,3,18,11,1,9,16,19,11,19,2,0,14",-0.51949203,0.2861578,3.0,0.04982886,76.888275,0.052366003,1.0,0.052366003,0.30794978,0.01272734,0.0,0.0,0.04982886,0.0028033992,0.8589664,0.30794978,2.9433196,1.2837943,76.888275,-0.51949203,3.8832526,207.15613,0.012520056,0.04729172,1.0,207.15613,0.2654527,0.1410336,2.9433196,0.0028033992,0.012934623,0.2861578,0.0,1.2837943,3.8832526,0.012520056,0.51949203,0.0,0.012934623,0.51949203,0.5887444,0.04729172,1.0,0.01272734,lookahead,beam_orig2_bm1-s0to50br2-s50to100br3-s100to150br0
/work/T-REX/external/Proteina-Complexa/inference/search_binder_local_pipeline_32_PDL1_ALPHA_REPACK_v7_r003_cand_v7r003_hyp_0003_01_002_a3eb57b720db7/job_0_n_180_id_32_beam_orig3_bm1-s0to50br0-s50to100br0-s100to150br0/job_0_n_180_id_32_beam_orig3_bm1-s0to50br0-s50to100br0-s100to150br0.pdb,131,"2,0,13,16,19,16,19,14,11,3,10,18,19,19,6,18,7,15,2,12,16,9,6,4,11,13,14,19,6,11,5,10,3,10,0,0,10,9,19,18,17,6,12,6,3,11,2,9,9,5,13,19,8,7,6,6,3,10,11,19,5,8,15,15,18,1,5,1,0,1,10,10,11,3,5,10,15,10,7,2,0,0,10,5,9,16,3,19,11,10,5,3,0,7,19,18,1,4,12,9,15,18,7,7,0,3,18,11,1,9,16,19,11,19,2,0,19,15,6,6,8,9,0,11,10,2,6,12,10,10,8,0,0,1,9,7,15,3,3,17,19,1,6,10,10,11,0,7,0,3,19,2,0,5,3,11,3,7,11,16,0,13,3,9,15,9,3,2,7,2,6,3,9,0,6,9,10,5,11,0,0,0,0,0,0,0,0,0,0,0,0,0,0,0,0,0,0,0,0,0,0,0,0,0,0,0,0,0,0,0,0,0,0,0,0,0,0,0,0,0,0,0,0,0,0,0,0,0,0,0,0,0,0",-0.2518275,0.11244992,3.0,0.2631827,30.806118,0.30646878,1.0,0.30646878,0.18995836,0.2623018,0.0,0.0,0.2631827,0.004820469,0.8857114,0.18995836,1.6156476,1.483105,30.806118,-0.2518275,2.6416855,169.33966,0.21861114,0.21989664,1.0,169.33966,0.62511206,0.114288606,1.6156476,0.004820469,0.30599245,0.11244992,0.0,1.483105,2.6416855,0.21861114,0.2518275,0.0,0.30599245,0.2518275,0.7979392,0.21989664,1.0,0.2623018,lookahead,beam_orig3_bm1-s0to50br0-s50to100br0-s100to150br0
/work/T-REX/external/Proteina-Complexa/inference/search_binder_local_pipeline_32_PDL1_ALPHA_REPACK_v7_r003_cand_v7r003_hyp_0003_01_002_a3eb57b720db7/job_0_n_176_id_33_beam_orig0_bm1-s0to50br2-s50to100br1-s100to150br1/job_0_n_176_id_33_beam_orig0_bm1-s0to50br2-s50to100br1-s100to150br1.pdb,132,"2,0,13,16,19,16,19,14,11,3,10,18,19,19,6,18,7,15,2,12,16,9,6,4,11,13,14,19,6,11,5,10,3,10,0,0,10,9,19,18,17,6,12,6,3,11,2,9,9,5,13,19,8,7,6,6,3,10,11,19,5,8,15,15,18,1,5,1,0,1,10,10,11,3,5,10,15,10,7,2,0,0,10,5,9,16,3,19,11,10,5,3,0,7,19,18,1,4,12,9,15,18,7,7,0,3,18,11,1,9,16,19,11,19,2,0,0,0,0,8,11,3,12,7,2,10,10,13,11,2,7,5,10,0,6,0,6,11,5,18,1,10,0,10,6,10,11,14,2,3,0,11,16,8,2,2,10,0,0,0,10,6,11,10,7,1,10,3,6,0,10,6,6,18,5,11,0,0,0,0,0,0,0,0,0,0,0,0,0,0,0,0,0,0,0,0,0,0,0,0,0,0,0,0,0,0,0,0,0,0,0,0,0,0,0,0,0,0,0,0,0,0,0,0,0,0,0,0,0,0,0,0,0",-0.18127084,0.07173805,3.0,0.43754518,50.742664,0.53407866,1.0,0.53407866,0.13928494,0.43754518,0.0,0.0,0.43754518,0.0015228809,0.9446118,0.13928494,4.7509255,1.2310703,50.742664,-0.18127084,2.58974,177.20602,0.34101167,0.34101167,1.0,177.20602,0.75490797,0.055388223,4.7509255,0.0015228809,0.53407866,0.07173805,0.0,1.2310703,2.58974,0.34101167,0.18127084,0.0,0.53407866,0.18127084,0.85788953,0.34101167,1.0,0.43754518,lookahead,beam_orig0_bm1-s0to50br2-s50to100br1-s100to150br1
/work/T-REX/external/Proteina-Complexa/inference/search_binder_local_pipeline_32_PDL1_ALPHA_REPACK_v7_r003_cand_v7r003_hyp_0003_01_002_a3eb57b720db7/job_0_n_229_id_33_beam_orig1_bm2-s0to50br1-s50to100br3-s100to150br1/job_0_n_229_id_33_beam_orig1_bm2-s0to50br1-s50to100br3-s100to150br1.pdb,133,"2,0,13,16,19,16,19,14,11,3,10,18,19,19,6,18,7,15,2,12,16,9,6,4,11,13,14,19,6,11,5,10,3,10,0,0,10,9,19,18,17,6,12,6,3,11,2,9,9,5,13,19,8,7,6,6,3,10,11,19,5,8,15,15,18,1,5,1,0,1,10,10,11,3,5,10,15,10,7,2,0,0,10,5,9,16,3,19,11,10,5,3,0,7,19,18,1,4,12,9,15,18,7,7,0,3,18,11,1,9,16,19,11,19,2,0,0,13,16,19,16,19,14,11,3,10,18,19,19,6,18,7,15,2,12,16,9,6,4,11,13,14,19,6,11,5,10,3,10,0,0,10,9,19,18,17,6,12,6,3,11,2,9,9,5,13,19,8,7,6,6,3,10,11,19,5,8,15,15,18,1,5,1,0,1,10,10,11,3,5,10,15,10,7,2,0,0,10,5,9,16,3,19,11,10,5,3,0,7,19,18,1,4,12,9,15,18,7,7,0,3,18,11,1,9,16,19,11,19,0,0,0,0",-0.52223945,0.29316294,3.0,0.049167387,56.62595,0.05151369,1.0,0.05151369,0.30934486,0.01245648,0.0,0.0,0.049167387,0.0017902635,0.8608397,0.30934486,4.0903316,1.2807026,56.62595,-0.52223945,3.8406405,198.31601,0.012028451,0.046821084,1.0,198.31601,0.266284,0.13916025,4.0903316,0.0017902635,0.012884509,0.29316294,0.0,1.2807026,3.8406405,0.012028451,0.52223945,0.0,0.012884509,0.52223945,0.5904452,0.046821084,1.0,0.01245648,lookahead,beam_orig1_bm2-s0to50br1-s50to100br3-s100to150br1
/work/T-REX/external/Proteina-Complexa/inference/search_binder_local_pipeline_32_PDL1_ALPHA_REPACK_v7_r003_cand_v7r003_hyp_0003_01_002_a3eb57b720db7/job_0_n_233_id_33_beam_orig2_bm1-s0to50br2-s50to100br3-s100to150br1/job_0_n_233_id_33_beam_orig2_bm1-s0to50br2-s50to100br3-s100to150br1.pdb,134,"2,0,13,16,19,16,19,14,11,3,10,18,19,19,6,18,7,15,2,12,16,9,6,4,11,13,14,19,6,11,5,10,3,10,0,0,10,9,19,18,17,6,12,6,3,11,2,9,9,5,13,19,8,7,6,6,3,10,11,19,5,8,15,15,18,1,5,1,0,1,10,10,11,3,5,10,15,10,7,2,0,0,10,5,9,16,3,19,11,10,5,3,0,7,19,18,1,4,12,9,15,18,7,7,0,3,18,11,1,9,16,19,11,19,2,0,2,0,13,16,19,16,19,14,11,3,10,18,19,19,6,18,7,15,2,12,16,9,6,4,11,13,14,19,6,11,5,10,3,10,0,0,10,9,19,18,17,6,12,6,3,11,2,9,9,5,13,19,8,7,6,6,3,10,11,19,5,8,15,15,18,1,5,1,0,1,10,10,11,3,5,10,15,10,7,2,0,0,10,5,9,16,3,19,11,10,5,3,0,7,19,18,1,4,12,9,15,18,7,7,0,3,18,11,1,9,16,19,11,19,2,0,14",-0.5182479,0.2870423,3.0,0.050998066,77.03573,0.053374853,1.0,0.053374853,0.30762687,0.012821445,0.0,0.0,0.050998066,0.0028514517,0.85889876,0.30762687,3.008209,1.2877276,77.03573,-0.5182479,3.8794007,206.52304,0.012709665,0.04862128,1.0,206.52304,0.26821518,0.14110127,3.008209,0.0028514517,0.012933226,0.2870423,0.0,1.2877276,3.8794007,0.012709665,0.5182479,0.0,0.012933226,0.5182479,0.5901652,0.04862128,1.0,0.012821445,lookahead,beam_orig2_bm1-s0to50br2-s50to100br3-s100to150br1
/work/T-REX/external/Proteina-Complexa/inference/search_binder_local_pipeline_32_PDL1_ALPHA_REPACK_v7_r003_cand_v7r003_hyp_0003_01_002_a3eb57b720db7/job_0_n_180_id_33_beam_orig3_bm1-s0to50br0-s50to100br0-s100to150br1/job_0_n_180_id_33_beam_orig3_bm1-s0to50br0-s50to100br0-s100to150br1.pdb,135,"2,0,13,16,19,16,19,14,11,3,10,18,19,19,6,18,7,15,2,12,16,9,6,4,11,13,14,19,6,11,5,10,3,10,0,0,10,9,19,18,17,6,12,6,3,11,2,9,9,5,13,19,8,7,6,6,3,10,11,19,5,8,15,15,18,1,5,1,0,1,10,10,11,3,5,10,15,10,7,2,0,0,10,5,9,16,3,19,11,10,5,3,0,7,19,18,1,4,12,9,15,18,7,7,0,3,18,11,1,9,16,19,11,19,2,0,19,15,6,6,8,9,0,11,10,2,6,12,10,10,8,0,0,1,9,7,15,3,3,17,19,1,5,10,10,11,0,7,0,3,19,2,0,5,3,11,3,7,11,16,0,13,3,9,15,9,3,2,7,2,6,3,9,0,6,9,10,5,11,0,0,0,0,0,0,0,0,0,0,0,0,0,0,0,0,0,0,0,0,0,0,0,0,0,0,0,0,0,0,0,0,0,0,0,0,0,0,0,0,0,0,0,0,0,0,0,0,0,0,0,0,0,0",-0.23823065,0.107972346,3.0,0.28802985,30.701042,0.33643433,1.0,0.33643433,0.18072805,0.28802985,0.0,0.0,0.28802985,0.0048165144,0.8915864,0.18072805,1.2768828,1.4603744,30.701042,-0.23823065,2.553436,167.17978,0.23962535,0.23962535,1.0,167.17978,0.6388686,0.10841356,1.2768828,0.0048165144,0.33643433,0.107972346,0.0,1.4603744,2.553436,0.23962535,0.23823065,0.0,0.33643433,0.23823065,0.8077197,0.23962535,1.0,0.28802985,lookahead,beam_orig3_bm1-s0to50br0-s50to100br0-s100to150br1
/work/T-REX/external/Proteina-Complexa/inference/search_binder_local_pipeline_32_PDL1_ALPHA_REPACK_v7_r003_cand_v7r003_hyp_0003_01_002_a3eb57b720db7/job_0_n_176_id_34_beam_orig0_bm1-s0to50br2-s50to100br1-s100to150br2/job_0_n_176_id_34_beam_orig0_bm1-s0to50br2-s50to100br1-s100to150br2.pdb,136,"2,0,13,16,19,16,19,14,11,3,10,18,19,19,6,18,7,15,2,12,16,9,6,4,11,13,14,19,6,11,5,10,3,10,0,0,10,9,19,18,17,6,12,6,3,11,2,9,9,5,13,19,8,7,6,6,3,10,11,19,5,8,15,15,18,1,5,1,0,1,10,10,11,3,5,10,15,10,7,2,0,0,10,5,9,16,3,19,11,10,5,3,0,7,19,18,1,4,12,9,15,18,7,7,0,3,18,11,1,9,16,19,11,19,2,0,0,0,0,8,11,3,12,7,2,10,10,13,11,2,7,5,10,0,6,0,6,11,6,18,1,10,0,10,6,10,11,14,2,3,0,11,16,8,2,2,10,0,0,0,10,6,11,10,7,1,10,3,6,0,10,0,6,18,6,11,0,0,0,0,0,0,0,0,0,0,0,0,0,0,0,0,0,0,0,0,0,0,0,0,0,0,0,0,0,0,0,0,0,0,0,0,0,0,0,0,0,0,0,0,0,0,0,0,0,0,0,0,0,0,0,0,0",-0.19285966,0.07584599,3.0,0.4048644,48.83546,0.4975175,1.0,0.4975175,0.1478527,0.4048644,0.0,0.0,0.4048644,0.0017949622,0.9382801,0.1478527,4.668879,1.2517023,48.83546,-0.19285966,2.5891328,172.86786,0.3122113,0.3122113,1.0,172.86786,0.7458999,0.0617199,4.668879,0.0017949622,0.4975175,0.07584599,0.0,1.2517023,2.5891328,0.3122113,0.19285966,0.0,0.4975175,0.19285966,0.8531214,0.3122113,1.0,0.4048644,lookahead,beam_orig0_bm1-s0to50br2-s50to100br1-s100to150br2
/work/T-REX/external/Proteina-Complexa/inference/search_binder_local_pipeline_32_PDL1_ALPHA_REPACK_v7_r003_cand_v7r003_hyp_0003_01_002_a3eb57b720db7/job_0_n_229_id_34_beam_orig1_bm2-s0to50br1-s50to100br3-s100to150br2/job_0_n_229_id_34_beam_orig1_bm2-s0to50br1-s50to100br3-s100to150br2.pdb,137,"2,0,13,16,19,16,19,14,11,3,10,18,19,19,6,18,7,15,2,12,16,9,6,4,11,13,14,19,6,11,5,10,3,10,0,0,10,9,19,18,17,6,12,6,3,11,2,9,9,5,13,19,8,7,6,6,3,10,11,19,5,8,15,15,18,1,5,1,0,1,10,10,11,3,5,10,15,10,7,2,0,0,10,5,9,16,3,19,11,10,5,3,0,7,19,18,1,4,12,9,15,18,7,7,0,3,18,11,1,9,16,19,11,19,2,0,0,13,16,19,16,19,14,11,3,10,18,19,19,6,18,7,15,2,12,16,9,6,4,11,13,14,19,6,11,5,10,3,10,0,0,10,9,19,18,17,6,12,6,3,11,2,9,9,5,13,19,8,7,6,6,3,10,11,19,5,8,15,15,18,1,5,1,0,1,10,10,11,3,5,10,15,10,7,2,0,0,10,5,9,16,3,19,11,10,5,3,0,7,19,18,1,4,12,9,15,18,7,7,0,3,18,11,1,9,16,19,11,19,0,0,0,0",-0.50935966,0.2826538,3.0,0.05293812,61.48085,0.056011036,1.0,0.056011036,0.30256283,0.013030659,0.0,0.0,0.05293812,0.0017305902,0.8611817,0.30256283,4.2682085,1.2730726,61.48085,-0.50935966,3.7994034,201.35954,0.01269452,0.049865205,1.0,201.35954,0.274001,0.13881832,4.2682085,0.0017305902,0.013366798,0.2826538,0.0,1.2730726,3.7994034,0.01269452,0.50935966,0.0,0.013366798,0.50935966,0.5943657,0.049865205,1.0,0.013030659,lookahead,beam_orig1_bm2-s0to50br1-s50to100br3-s100to150br2
/work/T-REX/external/Proteina-Complexa/inference/search_binder_local_pipeline_32_PDL1_ALPHA_REPACK_v7_r003_cand_v7r003_hyp_0003_01_002_a3eb57b720db7/job_0_n_233_id_34_beam_orig2_bm1-s0to50br2-s50to100br3-s100to150br2/job_0_n_233_id_34_beam_orig2_bm1-s0to50br2-s50to100br3-s100to150br2.pdb,138,"2,0,13,16,19,16,19,14,11,3,10,18,19,19,6,18,7,15,2,12,16,9,6,4,11,13,14,19,6,11,5,10,3,10,0,0,10,9,19,18,17,6,12,6,3,11,2,9,9,5,13,19,8,7,6,6,3,10,11,19,5,8,15,15,18,1,5,1,0,1,10,10,11,3,5,10,15,10,7,2,0,0,10,5,9,16,3,19,11,10,5,3,0,7,19,18,1,4,12,9,15,18,7,7,0,3,18,11,1,9,16,19,11,19,2,0,2,0,13,16,19,16,19,14,11,3,10,18,19,19,6,18,7,15,2,12,16,9,6,4,11,13,14,19,6,11,5,10,3,10,0,0,10,9,19,18,17,6,12,6,3,11,2,9,9,5,13,19,8,7,6,6,3,10,11,19,5,8,15,15,18,1,5,1,0,1,10,10,11,3,5,10,15,10,7,2,0,0,10,5,9,16,3,19,11,10,5,3,0,7,19,18,1,4,12,9,15,18,7,7,0,3,18,11,1,9,16,19,11,19,2,0,14",-0.52559644,0.29378042,3.0,0.04846958,79.979355,0.05105254,1.0,0.05105254,0.3116491,0.012400836,0.0,0.0,0.04846958,0.0028155437,0.8580519,0.3116491,2.6869676,1.2967479,79.979355,-0.52559644,3.8961964,209.98573,0.01207324,0.04588662,1.0,209.98573,0.26440305,0.14194812,2.6869676,0.0028155437,0.012728432,0.29378042,0.0,1.2967479,3.8961964,0.01207324,0.52559644,0.0,0.012728432,0.52559644,0.5880309,0.04588662,1.0,0.012400836,lookahead,beam_orig2_bm1-s0to50br2-s50to100br3-s100to150br2
/work/T-REX/external/Proteina-Complexa/inference/search_binder_local_pipeline_32_PDL1_ALPHA_REPACK_v7_r003_cand_v7r003_hyp_0003_01_002_a3eb57b720db7/job_0_n_180_id_34_beam_orig3_bm1-s0to50br0-s50to100br0-s100to150br2/job_0_n_180_id_34_beam_orig3_bm1-s0to50br0-s50to100br0-s100to150br2.pdb,139,"2,0,13,16,19,16,19,14,11,3,10,18,19,19,6,18,7,15,2,12,16,9,6,4,11,13,14,19,6,11,5,10,3,10,0,0,10,9,19,18,17,6,12,6,3,11,2,9,9,5,13,19,8,7,6,6,3,10,11,19,5,8,15,15,18,1,5,1,0,1,10,10,11,3,5,10,15,10,7,2,0,0,10,5,9,16,3,19,11,10,5,3,0,7,19,18,1,4,12,9,15,18,7,7,0,3,18,11,1,9,16,19,11,19,2,0,19,15,6,6,8,9,0,11,10,2,6,12,10,10,8,0,0,1,9,7,15,3,3,17,19,1,5,10,10,11,0,7,0,3,19,2,0,5,3,11,3,7,11,16,0,13,3,9,15,9,3,2,7,2,6,3,9,0,6,9,10,5,11,0,0,0,0,0,0,0,0,0,0,0,0,0,0,0,0,0,0,0,0,0,0,0,0,0,0,0,0,0,0,0,0,0,0,0,0,0,0,0,0,0,0,0,0,0,0,0,0,0,0,0,0,0,0",-0.2388073,0.10860152,3.0,0.2853101,29.125988,0.33296645,1.0,0.33296645,0.18104868,0.2853101,0.0,0.0,0.2853101,0.0046480177,0.8916618,0.18104868,1.2670516,1.4568601,29.125988,-0.2388073,2.5510855,161.63248,0.23765376,0.23765376,1.0,161.63248,0.637195,0.10833817,1.2670516,0.0046480177,0.33296645,0.10860152,0.0,1.4568601,2.5510855,0.23765376,0.2388073,0.0,0.33296645,0.2388073,0.8073554,0.23765376,1.0,0.2853101,lookahead,beam_orig3_bm1-s0to50br0-s50to100br0-s100to150br2
/work/T-REX/external/Proteina-Complexa/inference/search_binder_local_pipeline_32_PDL1_ALPHA_REPACK_v7_r003_cand_v7r003_hyp_0003_01_002_a3eb57b720db7/job_0_n_176_id_35_beam_orig0_bm1-s0to50br2-s50to100br1-s100to150br3/job_0_n_176_id_35_beam_orig0_bm1-s0to50br2-s50to100br1-s100to150br3.pdb,140,"2,0,13,16,19,16,19,14,11,3,10,18,19,19,6,18,7,15,2,12,16,9,6,4,11,13,14,19,6,11,5,10,3,10,0,0,10,9,19,18,17,6,12,6,3,11,2,9,9,5,13,19,8,7,6,6,3,10,11,19,5,8,15,15,18,1,5,1,0,1,10,10,11,3,5,10,15,10,7,2,0,0,10,5,9,16,3,19,11,10,5,3,0,7,19,18,1,4,12,9,15,18,7,7,0,3,18,11,1,9,16,19,11,19,2,0,0,0,0,8,11,3,12,7,2,10,10,13,11,5,7,5,10,0,6,0,6,11,6,18,1,10,0,10,6,10,11,14,2,3,0,6,16,8,2,2,10,0,0,0,10,6,11,10,7,11,10,3,6,0,10,11,6,18,6,11,0,0,0,0,0,0,0,0,0,0,0,0,0,0,0,0,0,0,0,0,0,0,0,0,0,0,0,0,0,0,0,0,0,0,0,0,0,0,0,0,0,0,0,0,0,0,0,0,0,0,0,0,0,0,0,0,0",-0.2848736,0.13975346,3.0,0.19184102,44.806202,0.23915192,1.0,0.23915192,0.20926099,0.19114673,0.0,0.0,0.19184102,0.0019972771,0.91704845,0.20926099,4.0132036,1.2582866,44.806202,-0.2848736,2.9055452,167.91391,0.14453012,0.14453012,1.0,167.91391,0.6256424,0.08295157,4.0132036,0.0019972771,0.23776335,0.13975346,0.0,1.2582866,2.9055452,0.14453012,0.2848736,0.0,0.23776335,0.2848736,0.8017335,0.14453012,1.0,0.19114673,lookahead,beam_orig0_bm1-s0to50br2-s50to100br1-s100to150br3
/work/T-REX/external/Proteina-Complexa/inference/search_binder_local_pipeline_32_PDL1_ALPHA_REPACK_v7_r003_cand_v7r003_hyp_0003_01_002_a3eb57b720db7/job_0_n_229_id_35_beam_orig1_bm2-s0to50br1-s50to100br3-s100to150br3/job_0_n_229_id_35_beam_orig1_bm2-s0to50br1-s50to100br3-s100to150br3.pdb,141,"2,0,13,16,19,16,19,14,11,3,10,18,19,19,6,18,7,15,2,12,16,9,6,4,11,13,14,19,6,11,5,10,3,10,0,0,10,9,19,18,17,6,12,6,3,11,2,9,9,5,13,19,8,7,6,6,3,10,11,19,5,8,15,15,18,1,5,1,0,1,10,10,11,3,5,10,15,10,7,2,0,0,10,5,9,16,3,19,11,10,5,3,0,7,19,18,1,4,12,9,15,18,7,7,0,3,18,11,1,9,16,19,11,19,2,0,0,13,16,19,16,19,14,11,3,10,18,19,19,6,18,7,15,2,12,16,9,6,4,11,13,14,19,6,11,5,10,3,10,0,0,10,9,19,18,17,6,12,6,3,11,2,9,9,5,13,19,8,7,6,6,3,10,11,19,5,8,15,15,18,1,5,1,0,1,10,10,11,3,5,10,15,10,7,2,0,0,10,5,9,16,3,19,11,10,5,3,0,7,19,18,1,4,12,9,15,18,7,7,0,3,18,11,1,9,16,19,11,19,0,0,0,0",-0.5157433,0.28881145,3.0,0.050137248,56.261246,0.052976727,1.0,0.052976727,0.30565166,0.012924482,0.0,0.0,0.050137248,0.0017880185,0.86116767,0.30565166,4.0537934,1.272544,56.261246,-0.5157433,3.820609,198.43437,0.012517574,0.04729777,1.0,198.43437,0.26894617,0.13883236,4.0537934,0.0017880185,0.01333139,0.28881145,0.0,1.272544,3.820609,0.012517574,0.5157433,0.0,0.01333139,0.5157433,0.5918988,0.04729777,1.0,0.012924482,lookahead,beam_orig1_bm2-s0to50br1-s50to100br3-s100to150br3
/work/T-REX/external/Proteina-Complexa/inference/search_binder_local_pipeline_32_PDL1_ALPHA_REPACK_v7_r003_cand_v7r003_hyp_0003_01_002_a3eb57b720db7/job_0_n_233_id_35_beam_orig2_bm1-s0to50br2-s50to100br3-s100to150br3/job_0_n_233_id_35_beam_orig2_bm1-s0to50br2-s50to100br3-s100to150br3.pdb,142,"2,0,13,16,19,16,19,14,11,3,10,18,19,19,6,18,7,15,2,12,16,9,6,4,11,13,14,19,6,11,5,10,3,10,0,0,10,9,19,18,17,6,12,6,3,11,2,9,9,5,13,19,8,7,6,6,3,10,11,19,5,8,15,15,18,1,5,1,0,1,10,10,11,3,5,10,15,10,7,2,0,0,10,5,9,16,3,19,11,10,5,3,0,7,19,18,1,4,12,9,15,18,7,7,0,3,18,11,1,9,16,19,11,19,2,0,2,0,13,16,19,16,19,14,11,3,10,18,19,19,6,18,7,15,2,12,16,9,6,4,11,13,14,19,6,11,5,10,3,10,0,0,10,9,19,18,17,6,12,6,3,11,2,9,9,5,13,19,8,7,6,6,3,10,11,19,5,8,15,15,18,1,5,1,0,1,10,10,11,3,5,10,15,10,7,2,0,0,10,5,9,16,3,19,11,10,5,3,0,7,19,18,1,4,12,9,15,18,7,7,0,3,18,11,1,9,16,19,11,19,2,0,14",-0.53055614,0.29832065,3.0,0.04430666,82.52142,0.046814453,1.0,0.046814453,0.31396112,0.012494624,0.0,0.0,0.04430666,0.0029022817,0.8581103,0.31396112,2.7114816,1.2929233,82.52142,-0.53055614,3.9104855,210.20766,0.012260291,0.041798864,1.0,210.20766,0.25964952,0.14188966,2.7114816,0.0029022817,0.012728957,0.29832065,0.0,1.2929233,3.9104855,0.012260291,0.53055614,0.0,0.012728957,0.53055614,0.58561105,0.041798864,1.0,0.012494624,lookahead,beam_orig2_bm1-s0to50br2-s50to100br3-s100to150br3
/work/T-REX/external/Proteina-Complexa/inference/search_binder_local_pipeline_32_PDL1_ALPHA_REPACK_v7_r003_cand_v7r003_hyp_0003_01_002_a3eb57b720db7/job_0_n_180_id_35_beam_orig3_bm1-s0to50br0-s50to100br0-s100to150br3/job_0_n_180_id_35_beam_orig3_bm1-s0to50br0-s50to100br0-s100to150br3.pdb,143,"2,0,13,16,19,16,19,14,11,3,10,18,19,19,6,18,7,15,2,12,16,9,6,4,11,13,14,19,6,11,5,10,3,10,0,0,10,9,19,18,17,6,12,6,3,11,2,9,9,5,13,19,8,7,6,6,3,10,11,19,5,8,15,15,18,1,5,1,0,1,10,10,11,3,5,10,15,10,7,2,0,0,10,5,9,16,3,19,11,10,5,3,0,7,19,18,1,4,12,9,15,18,7,7,0,3,18,11,1,9,16,19,11,19,2,0,19,15,6,6,8,9,0,11,10,2,6,12,10,10,8,0,0,1,9,7,15,3,3,17,19,1,5,10,10,11,0,7,0,3,19,2,0,5,3,11,3,7,11,16,0,13,3,9,15,9,3,2,7,2,6,3,9,0,6,9,10,5,11,0,0,0,0,0,0,0,0,0,0,0,0,0,0,0,0,0,0,0,0,0,0,0,0,0,0,0,0,0,0,0,0,0,0,0,0,0,0,0,0,0,0,0,0,0,0,0,0,0,0,0,0,0,0",-0.22881927,0.10236642,3.0,0.3086223,37.07238,0.35880536,1.0,0.35880536,0.17434715,0.3086223,0.0,0.0,0.3086223,0.0045708027,0.8963782,0.17434715,1.4130838,1.4394333,37.07238,-0.22881927,2.4873567,165.58437,0.25843924,0.25843924,1.0,165.58437,0.65430456,0.103621796,1.4130838,0.0045708027,0.35880536,0.10236642,0.0,1.4394333,2.4873567,0.25843924,0.22881927,0.0,0.35880536,0.22881927,0.81443727,0.25843924,1.0,0.3086223,lookahead,beam_orig3_bm1-s0to50br0-s50to100br0-s100to150br3
/work/T-REX/external/Proteina-Complexa/inference/search_binder_local_pipeline_32_PDL1_ALPHA_REPACK_v7_r003_cand_v7r003_hyp_0003_01_002_a3eb57b720db7/job_0_n_176_id_36_beam_orig0_bm0-s0to50br0-s50to100br2-s100to150br0/job_0_n_176_id_36_beam_orig0_bm0-s0to50br0-s50to100br2-s100to150br0.pdb,144,"2,0,13,16,19,16,19,14,11,3,10,18,19,19,6,18,7,15,2,12,16,9,6,4,11,13,14,19,6,11,5,10,3,10,0,0,10,9,19,18,17,6,12,6,3,11,2,9,9,5,13,19,8,7,6,6,3,10,11,19,5,8,15,15,18,1,5,1,0,1,10,10,11,3,5,10,15,10,7,2,0,0,10,5,9,16,3,19,11,10,5,3,0,7,19,18,1,4,12,9,15,18,7,7,0,3,18,11,1,9,16,19,11,19,2,0,15,12,6,6,0,6,11,10,13,5,6,0,9,11,6,18,2,11,11,2,18,15,6,0,9,11,11,18,5,6,9,10,3,11,13,11,16,15,13,14,10,18,10,10,0,5,11,6,10,6,3,0,11,11,6,10,11,11,10,16,0,0,0,0,0,0,0,0,0,0,0,0,0,0,0,0,0,0,0,0,0,0,0,0,0,0,0,0,0,0,0,0,0,0,0,0,0,0,0,0,0,0,0,0,0,0,0,0,0,0,0,0,0,0,0,0,0",-0.22907883,0.10140553,3.0,0.3077102,46.96304,0.39025024,1.0,0.39025024,0.17960922,0.3077102,0.0,0.0,0.3077102,0.0015557846,0.89045733,0.17960922,2.4889617,1.6290472,46.96304,-0.22907883,2.49239,181.52763,0.22517015,0.22517015,1.0,181.52763,0.6655178,0.10954266,2.4889617,0.0015557846,0.39025024,0.10140553,0.0,1.6290472,2.49239,0.22517015,0.22907883,0.0,0.39025024,0.22907883,0.8210082,0.22517015,1.0,0.3077102,lookahead,beam_orig0_bm0-s0to50br0-s50to100br2-s100to150br0
/work/T-REX/external/Proteina-Complexa/inference/search_binder_local_pipeline_32_PDL1_ALPHA_REPACK_v7_r003_cand_v7r003_hyp_0003_01_002_a3eb57b720db7/job_0_n_229_id_36_beam_orig1_bm2-s0to50br1-s50to100br1-s100to150br0/job_0_n_229_id_36_beam_orig1_bm2-s0to50br1-s50to100br1-s100to150br0.pdb,145,"2,0,13,16,19,16,19,14,11,3,10,18,19,19,6,18,7,15,2,12,16,9,6,4,11,13,14,19,6,11,5,10,3,10,0,0,10,9,19,18,17,6,12,6,3,11,2,9,9,5,13,19,8,7,6,6,3,10,11,19,5,8,15,15,18,1,5,1,0,1,10,10,11,3,5,10,15,10,7,2,0,0,10,5,9,16,3,19,11,10,5,3,0,7,19,18,1,4,12,9,15,18,7,7,0,3,18,11,1,9,16,19,11,19,2,0,0,13,16,19,16,19,14,11,3,10,18,19,19,6,18,7,15,2,12,16,9,6,4,11,13,14,19,6,11,5,10,3,10,0,0,10,9,19,18,17,6,12,6,3,11,2,9,9,5,13,19,8,7,6,6,3,10,11,19,5,8,15,15,18,1,5,1,0,1,10,10,11,3,5,10,15,10,7,2,0,0,10,5,9,16,3,19,11,10,5,3,0,7,19,18,1,4,12,9,15,18,7,7,0,3,18,11,1,9,16,19,11,19,0,0,0,0",-0.5082175,0.27966762,3.0,0.053788222,62.513184,0.056609724,1.0,0.056609724,0.30164525,0.013334291,0.0,0.0,0.053788222,0.001697909,0.861381,0.30164525,4.5180044,1.2647601,62.513184,-0.5082175,3.7960465,200.1146,0.012944314,0.050966717,1.0,200.1146,0.2729345,0.13861902,4.5180044,0.001697909,0.013724269,0.27966762,0.0,1.2647601,3.7960465,0.012944314,0.5082175,0.0,0.013724269,0.5082175,0.59369826,0.050966717,1.0,0.013334291,lookahead,beam_orig1_bm2-s0to50br1-s50to100br1-s100to150br0
/work/T-REX/external/Proteina-Complexa/inference/search_binder_local_pipeline_32_PDL1_ALPHA_REPACK_v7_r003_cand_v7r003_hyp_0003_01_002_a3eb57b720db7/job_0_n_233_id_36_beam_orig2_bm1-s0to50br2-s50to100br0-s100to150br0/job_0_n_233_id_36_beam_orig2_bm1-s0to50br2-s50to100br0-s100to150br0.pdb,146,"2,0,13,16,19,16,19,14,11,3,10,18,19,19,6,18,7,15,2,12,16,9,6,4,11,13,14,19,6,11,5,10,3,10,0,0,10,9,19,18,17,6,12,6,3,11,2,9,9,5,13,19,8,7,6,6,3,10,11,19,5,8,15,15,18,1,5,1,0,1,10,10,11,3,5,10,15,10,7,2,0,0,10,5,9,16,3,19,11,10,5,3,0,7,19,18,1,4,12,9,15,18,7,7,0,3,18,11,1,9,16,19,11,19,2,0,2,0,13,16,19,16,19,14,11,3,10,18,19,19,6,18,7,15,2,12,16,9,6,4,11,13,14,19,6,11,5,10,3,10,0,0,10,9,19,18,17,6,12,6,3,11,2,9,9,5,13,19,8,7,6,6,3,10,11,19,5,8,15,15,18,1,5,1,0,1,10,10,11,3,5,10,15,10,7,2,0,0,10,5,9,16,3,19,11,10,5,3,0,7,19,18,1,4,12,9,15,18,7,7,0,3,18,11,1,9,16,19,11,19,2,0,14",-0.5292826,0.2984855,3.0,0.04521352,76.20707,0.0479038,1.0,0.0479038,0.3132318,0.0123378355,0.0,0.0,0.04521352,0.0029004244,0.8586812,0.3132318,2.5371306,1.2921855,76.20707,-0.5292826,3.909335,209.14742,0.012113217,0.042523246,1.0,209.14742,0.26159123,0.1413188,2.5371306,0.0029004244,0.012562455,0.2984855,0.0,1.2921855,3.909335,0.012113217,0.5292826,0.0,0.012562455,0.5292826,0.58665675,0.042523246,1.0,0.0123378355,lookahead,beam_orig2_bm1-s0to50br2-s50to100br0-s100to150br0
/work/T-REX/external/Proteina-Complexa/inference/search_binder_local_pipeline_32_PDL1_ALPHA_REPACK_v7_r003_cand_v7r003_hyp_0003_01_002_a3eb57b720db7/job_0_n_180_id_36_beam_orig3_bm3-s0to50br1-s50to100br1-s100to150br0/job_0_n_180_id_36_beam_orig3_bm3-s0to50br1-s50to100br1-s100to150br0.pdb,147,"2,0,13,16,19,16,19,14,11,3,10,18,19,19,6,18,7,15,2,12,16,9,6,4,11,13,14,19,6,11,5,10,3,10,0,0,10,9,19,18,17,6,12,6,3,11,2,9,9,5,13,19,8,7,6,6,3,10,11,19,5,8,15,15,18,1,5,1,0,1,10,10,11,3,5,10,15,10,7,2,0,0,10,5,9,16,3,19,11,10,5,3,0,7,19,18,1,4,12,9,15,18,7,7,0,3,18,11,1,9,16,19,11,19,2,0,10,10,11,13,13,6,3,15,10,11,2,19,7,11,16,13,6,14,0,0,11,6,11,10,10,6,10,19,7,2,3,15,3,11,10,13,3,10,10,11,9,10,10,2,15,14,11,11,11,9,16,19,6,3,19,6,6,0,18,11,16,10,5,11,0,0,0,0,0,0,0,0,0,0,0,0,0,0,0,0,0,0,0,0,0,0,0,0,0,0,0,0,0,0,0,0,0,0,0,0,0,0,0,0,0,0,0,0,0,0,0,0,0,0,0,0,0",-0.2087306,0.07911525,3.0,0.365343,53.688316,0.42168325,1.0,0.42168325,0.166376,0.365343,0.0,0.0,0.365343,0.0013062404,0.88504314,0.166376,4.513269,1.7880589,53.688316,-0.2087306,2.4899302,187.69354,0.30900276,0.30900276,1.0,187.69354,0.7004122,0.11495687,4.513269,0.0013062404,0.42168325,0.07911525,0.0,1.7880589,2.4899302,0.30900276,0.2087306,0.0,0.42168325,0.2087306,0.8333323,0.30900276,1.0,0.365343,lookahead,beam_orig3_bm3-s0to50br1-s50to100br1-s100to150br0
/work/T-REX/external/Proteina-Complexa/inference/search_binder_local_pipeline_32_PDL1_ALPHA_REPACK_v7_r003_cand_v7r003_hyp_0003_01_002_a3eb57b720db7/job_0_n_176_id_37_beam_orig0_bm0-s0to50br0-s50to100br2-s100to150br1/job_0_n_176_id_37_beam_orig0_bm0-s0to50br0-s50to100br2-s100to150br1.pdb,148,"2,0,13,16,19,16,19,14,11,3,10,18,19,19,6,18,7,15,2,12,16,9,6,4,11,13,14,19,6,11,5,10,3,10,0,0,10,9,19,18,17,6,12,6,3,11,2,9,9,5,13,19,8,7,6,6,3,10,11,19,5,8,15,15,18,1,5,1,0,1,10,10,11,3,5,10,15,10,7,2,0,0,10,5,9,16,3,19,11,10,5,3,0,7,19,18,1,4,12,9,15,18,7,7,0,3,18,11,1,9,16,19,11,19,2,0,15,6,11,6,0,6,11,10,13,1,6,0,9,11,6,18,2,11,11,2,18,15,6,0,9,11,11,18,5,1,9,10,3,11,18,11,16,15,13,14,10,18,10,10,0,5,11,6,10,6,3,0,11,11,6,10,6,11,16,11,0,0,0,0,0,0,0,0,0,0,0,0,0,0,0,0,0,0,0,0,0,0,0,0,0,0,0,0,0,0,0,0,0,0,0,0,0,0,0,0,0,0,0,0,0,0,0,0,0,0,0,0,0,0,0,0,0",-0.20728798,0.08727893,3.0,0.36625424,52.890846,0.45507944,1.0,0.45507944,0.16643153,0.36625424,0.0,0.0,0.36625424,0.0050292783,0.89114726,0.16643153,2.822492,1.6451325,52.890846,-0.20728798,2.3887432,181.16542,0.27742904,0.27742904,1.0,181.16542,0.69391024,0.10885276,2.822492,0.0050292783,0.45507944,0.08727893,0.0,1.6451325,2.3887432,0.27742904,0.20728798,0.0,0.45507944,0.20728798,0.8317792,0.27742904,1.0,0.36625424,lookahead,beam_orig0_bm0-s0to50br0-s50to100br2-s100to150br1
/work/T-REX/external/Proteina-Complexa/inference/search_binder_local_pipeline_32_PDL1_ALPHA_REPACK_v7_r003_cand_v7r003_hyp_0003_01_002_a3eb57b720db7/job_0_n_229_id_37_beam_orig1_bm2-s0to50br1-s50to100br1-s100to150br1/job_0_n_229_id_37_beam_orig1_bm2-s0to50br1-s50to100br1-s100to150br1.pdb,149,"2,0,13,16,19,16,19,14,11,3,10,18,19,19,6,18,7,15,2,12,16,9,6,4,11,13,14,19,6,11,5,10,3,10,0,0,10,9,19,18,17,6,12,6,3,11,2,9,9,5,13,19,8,7,6,6,3,10,11,19,5,8,15,15,18,1,5,1,0,1,10,10,11,3,5,10,15,10,7,2,0,0,10,5,9,16,3,19,11,10,5,3,0,7,19,18,1,4,12,9,15,18,7,7,0,3,18,11,1,9,16,19,11,19,2,0,0,13,16,19,16,19,14,11,3,10,18,19,19,6,18,7,15,2,12,16,9,6,4,11,13,14,19,6,11,5,10,3,10,0,0,10,9,19,18,17,6,12,6,3,11,2,9,9,5,13,19,8,7,6,6,3,10,11,19,5,8,15,15,18,1,5,1,0,1,10,10,11,3,5,10,15,10,7,2,0,0,10,5,9,16,3,19,11,10,5,3,0,7,19,18,1,4,12,9,15,18,7,7,0,3,18,11,1,9,16,19,11,19,0,0,0,0",-0.51162386,0.28261113,3.0,0.052893102,58.883495,0.05548212,1.0,0.05548212,0.3032146,0.012954187,0.0,0.0,0.052893102,0.001718633,0.8621733,0.3032146,4.3212633,1.2631986,58.883495,-0.51162386,3.8102272,197.37901,0.012595118,0.05030409,1.0,197.37901,0.27108812,0.13782671,4.3212633,0.001718633,0.013313256,0.28261113,0.0,1.2631986,3.8102272,0.012595118,0.51162386,0.0,0.013313256,0.51162386,0.59289134,0.05030409,1.0,0.012954187,lookahead,beam_orig1_bm2-s0to50br1-s50to100br1-s100to150br1
/work/T-REX/external/Proteina-Complexa/inference/search_binder_local_pipeline_32_PDL1_ALPHA_REPACK_v7_r003_cand_v7r003_hyp_0003_01_002_a3eb57b720db7/job_0_n_233_id_37_beam_orig2_bm1-s0to50br2-s50to100br0-s100to150br1/job_0_n_233_id_37_beam_orig2_bm1-s0to50br2-s50to100br0-s100to150br1.pdb,150,"2,0,13,16,19,16,19,14,11,3,10,18,19,19,6,18,7,15,2,12,16,9,6,4,11,13,14,19,6,11,5,10,3,10,0,0,10,9,19,18,17,6,12,6,3,11,2,9,9,5,13,19,8,7,6,6,3,10,11,19,5,8,15,15,18,1,5,1,0,1,10,10,11,3,5,10,15,10,7,2,0,0,10,5,9,16,3,19,11,10,5,3,0,7,19,18,1,4,12,9,15,18,7,7,0,3,18,11,1,9,16,19,11,19,2,0,2,0,13,16,19,16,19,14,11,3,10,18,19,19,6,18,7,15,2,12,16,9,6,4,11,13,14,19,6,11,5,10,3,10,0,0,10,9,19,18,17,6,12,6,3,11,2,9,9,5,13,19,8,7,6,6,3,10,11,19,5,8,15,15,18,1,5,1,0,1,10,10,11,3,5,10,15,10,7,2,0,0,10,5,9,16,3,19,11,10,5,3,0,7,19,18,1,4,12,9,15,18,7,7,0,3,18,11,1,9,16,19,11,19,2,0,10",-0.52695477,0.29648528,3.0,0.048628174,82.925545,0.052465405,1.0,0.052465405,0.31336868,0.012464146,0.0,0.0,0.048628174,0.0028773756,0.85703886,0.31336868,2.7254174,1.3049597,82.925545,-0.52695477,3.897431,214.53206,0.012277715,0.044790942,1.0,214.53206,0.2650727,0.14296111,2.7254174,0.0028773756,0.012650577,0.29648528,0.0,1.3049597,3.897431,0.012277715,0.52695477,0.0,0.012650577,0.52695477,0.5878375,0.044790942,1.0,0.012464146,lookahead,beam_orig2_bm1-s0to50br2-s50to100br0-s100to150br1
/work/T-REX/external/Proteina-Complexa/inference/search_binder_local_pipeline_32_PDL1_ALPHA_REPACK_v7_r003_cand_v7r003_hyp_0003_01_002_a3eb57b720db7/job_0_n_180_id_37_beam_orig3_bm3-s0to50br1-s50to100br1-s100to150br1/job_0_n_180_id_37_beam_orig3_bm3-s0to50br1-s50to100br1-s100to150br1.pdb,151,"2,0,13,16,19,16,19,14,11,3,10,18,19,19,6,18,7,15,2,12,16,9,6,4,11,13,14,19,6,11,5,10,3,10,0,0,10,9,19,18,17,6,12,6,3,11,2,9,9,5,13,19,8,7,6,6,3,10,11,19,5,8,15,15,18,1,5,1,0,1,10,10,11,3,5,10,15,10,7,2,0,0,10,5,9,16,3,19,11,10,5,3,0,7,19,18,1,4,12,9,15,18,7,7,0,3,18,11,1,9,16,19,11,19,2,0,10,9,2,13,13,1,6,15,10,11,2,5,7,11,16,9,10,14,3,0,6,5,11,13,10,6,10,19,7,3,3,15,3,11,10,13,3,13,10,11,9,10,2,2,15,14,11,11,6,9,16,19,6,3,9,6,16,0,11,11,9,10,6,0,0,0,0,0,0,0,0,0,0,0,0,0,0,0,0,0,0,0,0,0,0,0,0,0,0,0,0,0,0,0,0,0,0,0,0,0,0,0,0,0,0,0,0,0,0,0,0,0,0,0,0,0,0",-0.26500058,0.11472941,3.0,0.2232876,68.05984,0.25515348,1.0,0.25515348,0.20314308,0.22231334,0.0,0.0,0.2232876,0.0020874692,0.85725594,0.20314308,4.8879766,1.8341682,68.05984,-0.26500058,2.8981242,186.93924,0.19009782,0.19142172,1.0,186.93924,0.5853207,0.14274405,4.8879766,0.0020874692,0.25452885,0.11472941,0.0,1.8341682,2.8981242,0.19009782,0.26500058,0.0,0.25452885,0.26500058,0.7916006,0.19142172,1.0,0.22231334,lookahead,beam_orig3_bm3-s0to50br1-s50to100br1-s100to150br1
/work/T-REX/external/Proteina-Complexa/inference/search_binder_local_pipeline_32_PDL1_ALPHA_REPACK_v7_r003_cand_v7r003_hyp_0003_01_002_a3eb57b720db7/job_0_n_176_id_38_beam_orig0_bm0-s0to50br0-s50to100br2-s100to150br2/job_0_n_176_id_38_beam_orig0_bm0-s0to50br0-s50to100br2-s100to150br2.pdb,152,"2,0,13,16,19,16,19,14,11,3,10,18,19,19,6,18,7,15,2,12,16,9,6,4,11,13,14,19,6,11,5,10,3,10,0,0,10,9,19,18,17,6,12,6,3,11,2,9,9,5,13,19,8,7,6,6,3,10,11,19,5,8,15,15,18,1,5,1,0,1,10,10,11,3,5,10,15,10,7,2,0,0,10,5,9,16,3,19,11,10,5,3,0,7,19,18,1,4,12,9,15,18,7,7,0,3,18,11,1,9,16,19,11,19,2,0,15,10,3,6,0,6,11,10,18,5,6,0,9,11,6,18,8,11,7,2,18,0,6,0,5,11,11,18,5,1,9,10,3,6,13,11,16,15,18,14,10,18,10,10,0,5,11,6,10,6,3,4,6,2,19,10,11,11,10,11,0,0,0,0,0,0,0,0,0,0,0,0,0,0,0,0,0,0,0,0,0,0,0,0,0,0,0,0,0,0,0,0,0,0,0,0,0,0,0,0,0,0,0,0,0,0,0,0,0,0,0,0,0,0,0,0,0",-0.44818023,0.25546855,3.0,0.068451054,120.98576,0.08804364,1.0,0.08804364,0.33553395,0.01436426,0.0,0.0,0.068451054,0.002767845,0.77179384,0.33553395,18.52158,1.8320888,120.98576,-0.44818023,3.461991,257.11456,0.013221949,0.04885847,1.0,257.11456,0.33172762,0.22820613,18.52158,0.002767845,0.015506571,0.25546855,0.0,1.8320888,3.461991,0.013221949,0.44818023,0.0,0.015506571,0.44818023,0.7016824,0.04885847,1.0,0.01436426,lookahead,beam_orig0_bm0-s0to50br0-s50to100br2-s100to150br2
/work/T-REX/external/Proteina-Complexa/inference/search_binder_local_pipeline_32_PDL1_ALPHA_REPACK_v7_r003_cand_v7r003_hyp_0003_01_002_a3eb57b720db7/job_0_n_229_id_38_beam_orig1_bm2-s0to50br1-s50to100br1-s100to150br2/job_0_n_229_id_38_beam_orig1_bm2-s0to50br1-s50to100br1-s100to150br2.pdb,153,"2,0,13,16,19,16,19,14,11,3,10,18,19,19,6,18,7,15,2,12,16,9,6,4,11,13,14,19,6,11,5,10,3,10,0,0,10,9,19,18,17,6,12,6,3,11,2,9,9,5,13,19,8,7,6,6,3,10,11,19,5,8,15,15,18,1,5,1,0,1,10,10,11,3,5,10,15,10,7,2,0,0,10,5,9,16,3,19,11,10,5,3,0,7,19,18,1,4,12,9,15,18,7,7,0,3,18,11,1,9,16,19,11,19,2,0,0,13,16,19,16,19,14,11,3,10,18,19,19,6,18,7,15,2,12,16,9,6,4,11,13,14,19,6,11,5,10,3,10,0,0,10,9,19,18,17,6,12,6,3,11,2,9,9,5,13,19,8,7,6,6,3,10,11,19,5,8,15,15,18,1,5,1,0,1,10,10,11,3,5,10,15,10,7,2,0,0,10,5,9,16,3,19,11,10,5,3,0,7,19,18,1,4,12,9,15,18,7,7,0,3,18,11,1,9,16,19,11,19,0,0,0,0",-0.51553476,0.28572845,3.0,0.050113205,56.814995,0.052734926,1.0,0.052734926,0.3052141,0.01299792,0.0,0.0,0.050113205,0.0017568421,0.8620272,0.3052141,4.0701714,1.2639604,56.814995,-0.51553476,3.8234718,195.19154,0.012701258,0.047491483,1.0,195.19154,0.2691999,0.13797276,4.0701714,0.0017568421,0.013294581,0.28572845,0.0,1.2639604,3.8234718,0.012701258,0.51553476,0.0,0.013294581,0.51553476,0.591994,0.047491483,1.0,0.01299792,lookahead,beam_orig1_bm2-s0to50br1-s50to100br1-s100to150br2
/work/T-REX/external/Proteina-Complexa/inference/search_binder_local_pipeline_32_PDL1_ALPHA_REPACK_v7_r003_cand_v7r003_hyp_0003_01_002_a3eb57b720db7/job_0_n_233_id_38_beam_orig2_bm1-s0to50br2-s50to100br0-s100to150br2/job_0_n_233_id_38_beam_orig2_bm1-s0to50br2-s50to100br0-s100to150br2.pdb,154,"2,0,13,16,19,16,19,14,11,3,10,18,19,19,6,18,7,15,2,12,16,9,6,4,11,13,14,19,6,11,5,10,3,10,0,0,10,9,19,18,17,6,12,6,3,11,2,9,9,5,13,19,8,7,6,6,3,10,11,19,5,8,15,15,18,1,5,1,0,1,10,10,11,3,5,10,15,10,7,2,0,0,10,5,9,16,3,19,11,10,5,3,0,7,19,18,1,4,12,9,15,18,7,7,0,3,18,11,1,9,16,19,11,19,2,0,2,0,13,16,19,16,19,14,11,3,10,18,19,19,6,18,7,15,2,12,16,9,6,4,11,13,14,19,6,11,5,10,3,10,0,0,10,9,19,18,17,6,12,6,3,11,2,9,9,5,13,19,8,7,6,6,3,10,11,19,5,8,15,15,18,1,5,1,0,1,10,10,11,3,5,10,15,10,7,2,0,0,10,5,9,16,3,19,11,10,5,3,0,7,19,18,1,4,12,9,15,18,7,7,0,3,18,11,1,9,16,19,11,19,2,0,14",-0.52954334,0.29861978,3.0,0.045142815,77.25584,0.048539564,1.0,0.048539564,0.3133756,0.012486346,0.0,0.0,0.045142815,0.0028983483,0.85901266,0.3133756,2.6048915,1.2934468,77.25584,-0.52954334,3.9107754,207.50438,0.012280787,0.04174607,1.0,207.50438,0.26194447,0.14098734,2.6048915,0.0028983483,0.012691904,0.29861978,0.0,1.2934468,3.9107754,0.012280787,0.52954334,0.0,0.012691904,0.52954334,0.5866735,0.04174607,1.0,0.012486346,lookahead,beam_orig2_bm1-s0to50br2-s50to100br0-s100to150br2
/work/T-REX/external/Proteina-Complexa/inference/search_binder_local_pipeline_32_PDL1_ALPHA_REPACK_v7_r003_cand_v7r003_hyp_0003_01_002_a3eb57b720db7/job_0_n_180_id_38_beam_orig3_bm3-s0to50br1-s50to100br1-s100to150br2/job_0_n_180_id_38_beam_orig3_bm3-s0to50br1-s50to100br1-s100to150br2.pdb,155,"2,0,13,16,19,16,19,14,11,3,10,18,19,19,6,18,7,15,2,12,16,9,6,4,11,13,14,19,6,11,5,10,3,10,0,0,10,9,19,18,17,6,12,6,3,11,2,9,9,5,13,19,8,7,6,6,3,10,11,19,5,8,15,15,18,1,5,1,0,1,10,10,11,3,5,10,15,10,7,2,0,0,10,5,9,16,3,19,11,10,5,3,0,7,19,18,1,4,12,9,15,18,7,7,0,3,18,11,1,9,16,19,11,19,2,0,9,10,2,13,13,11,5,15,10,11,2,0,7,11,16,13,6,14,0,0,6,11,11,10,10,6,10,19,7,2,3,16,3,11,10,13,3,10,10,11,9,10,10,15,15,14,11,11,11,9,16,19,6,3,19,6,6,0,18,11,16,19,6,15,0,0,0,0,0,0,0,0,0,0,0,0,0,0,0,0,0,0,0,0,0,0,0,0,0,0,0,0,0,0,0,0,0,0,0,0,0,0,0,0,0,0,0,0,0,0,0,0,0,0,0,0,0",-0.20939875,0.068201356,3.0,0.37474126,39.668373,0.44595468,1.0,0.44595468,0.1652153,0.37474126,0.0,0.0,0.37474126,0.0014850339,0.8913874,0.1652153,3.8946006,1.7160505,39.668373,-0.20939875,2.52536,175.24338,0.30352783,0.30352783,1.0,175.24338,0.6957885,0.108612604,3.8946006,0.0014850339,0.44595468,0.068201356,0.0,1.7160505,2.52536,0.30352783,0.20939875,0.0,0.44595468,0.20939875,0.8322751,0.30352783,1.0,0.37474126,lookahead,beam_orig3_bm3-s0to50br1-s50to100br1-s100to150br2
/work/T-REX/external/Proteina-Complexa/inference/search_binder_local_pipeline_32_PDL1_ALPHA_REPACK_v7_r003_cand_v7r003_hyp_0003_01_002_a3eb57b720db7/job_0_n_176_id_39_beam_orig0_bm0-s0to50br0-s50to100br2-s100to150br3/job_0_n_176_id_39_beam_orig0_bm0-s0to50br0-s50to100br2-s100to150br3.pdb,156,"2,0,13,16,19,16,19,14,11,3,10,18,19,19,6,18,7,15,2,12,16,9,6,4,11,13,14,19,6,11,5,10,3,10,0,0,10,9,19,18,17,6,12,6,3,11,2,9,9,5,13,19,8,7,6,6,3,10,11,19,5,8,15,15,18,1,5,1,0,1,10,10,11,3,5,10,15,10,7,2,0,0,10,5,9,16,3,19,11,10,5,3,0,7,19,18,1,4,12,9,15,18,7,7,0,3,18,11,1,9,16,19,11,19,2,0,15,10,11,6,0,6,11,10,13,6,6,0,1,11,6,13,2,11,11,2,18,6,6,0,19,11,11,18,5,16,9,10,3,11,13,7,6,2,18,14,10,18,10,10,0,11,11,6,10,6,3,0,11,11,6,10,6,11,10,11,0,0,0,0,0,0,0,0,0,0,0,0,0,0,0,0,0,0,0,0,0,0,0,0,0,0,0,0,0,0,0,0,0,0,0,0,0,0,0,0,0,0,0,0,0,0,0,0,0,0,0,0,0,0,0,0,0",-0.26535708,0.13258593,3.0,0.22640094,48.578403,0.29155377,1.0,0.29155377,0.20194758,0.22505677,0.0,0.0,0.22640094,0.0020144475,0.8838487,0.20194758,2.3102276,1.6077243,48.578403,-0.26535708,2.7288246,175.36359,0.15963031,0.16124812,1.0,175.36359,0.5940555,0.11615125,2.3102276,0.0020144475,0.2904832,0.13258593,0.0,1.6077243,2.7288246,0.15963031,0.26535708,0.0,0.2904832,0.26535708,0.79042554,0.16124812,1.0,0.22505677,lookahead,beam_orig0_bm0-s0to50br0-s50to100br2-s100to150br3
/work/T-REX/external/Proteina-Complexa/inference/search_binder_local_pipeline_32_PDL1_ALPHA_REPACK_v7_r003_cand_v7r003_hyp_0003_01_002_a3eb57b720db7/job_0_n_229_id_39_beam_orig1_bm2-s0to50br1-s50to100br1-s100to150br3/job_0_n_229_id_39_beam_orig1_bm2-s0to50br1-s50to100br1-s100to150br3.pdb,157,"2,0,13,16,19,16,19,14,11,3,10,18,19,19,6,18,7,15,2,12,16,9,6,4,11,13,14,19,6,11,5,10,3,10,0,0,10,9,19,18,17,6,12,6,3,11,2,9,9,5,13,19,8,7,6,6,3,10,11,19,5,8,15,15,18,1,5,1,0,1,10,10,11,3,5,10,15,10,7,2,0,0,10,5,9,16,3,19,11,10,5,3,0,7,19,18,1,4,12,9,15,18,7,7,0,3,18,11,1,9,16,19,11,19,2,0,0,13,16,19,16,19,14,11,3,10,18,19,19,6,18,7,15,2,12,16,9,6,4,11,13,14,19,6,11,5,10,3,10,0,0,10,9,19,18,17,6,12,6,3,11,2,9,9,5,13,19,8,7,6,6,3,10,11,19,5,8,15,15,18,1,5,1,0,1,10,10,11,3,5,10,15,10,7,2,0,0,10,5,9,16,3,19,11,10,5,3,0,7,19,18,1,4,12,9,15,18,7,7,0,3,18,11,1,9,16,19,11,19,0,0,0,0",-0.5140405,0.2878998,3.0,0.05056448,55.22651,0.053363595,1.0,0.053363595,0.30475068,0.01290507,0.0,0.0,0.05056448,0.0017101871,0.8616032,0.30475068,4.0978837,1.2701843,55.22651,-0.5140405,3.8151326,201.42554,0.012693832,0.047765363,1.0,201.42554,0.27047956,0.13839681,4.0978837,0.0017101871,0.013116308,0.2878998,0.0,1.2701843,3.8151326,0.012693832,0.5140405,0.0,0.013116308,0.5140405,0.5925994,0.047765363,1.0,0.01290507,lookahead,beam_orig1_bm2-s0to50br1-s50to100br1-s100to150br3
/work/T-REX/external/Proteina-Complexa/inference/search_binder_local_pipeline_32_PDL1_ALPHA_REPACK_v7_r003_cand_v7r003_hyp_0003_01_002_a3eb57b720db7/job_0_n_233_id_39_beam_orig2_bm1-s0to50br2-s50to100br0-s100to150br3/job_0_n_233_id_39_beam_orig2_bm1-s0to50br2-s50to100br0-s100to150br3.pdb,158,"2,0,13,16,19,16,19,14,11,3,10,18,19,19,6,18,7,15,2,12,16,9,6,4,11,13,14,19,6,11,5,10,3,10,0,0,10,9,19,18,17,6,12,6,3,11,2,9,9,5,13,19,8,7,6,6,3,10,11,19,5,8,15,15,18,1,5,1,0,1,10,10,11,3,5,10,15,10,7,2,0,0,10,5,9,16,3,19,11,10,5,3,0,7,19,18,1,4,12,9,15,18,7,7,0,3,18,11,1,9,16,19,11,19,2,0,2,0,13,16,19,16,19,14,11,3,10,18,19,19,6,18,7,15,2,12,16,9,6,4,11,13,14,19,6,11,5,10,3,10,0,0,10,9,19,18,17,6,12,6,3,11,2,9,9,5,13,19,8,7,6,6,3,10,11,19,5,8,15,15,18,1,5,1,0,1,10,10,11,3,5,10,15,10,7,2,0,0,10,5,9,16,3,19,11,10,5,3,0,7,19,18,1,4,12,9,15,18,7,7,0,3,18,11,1,9,16,19,11,19,2,0,10",-0.51783717,0.28499982,3.0,0.051644783,82.02973,0.05458137,1.0,0.05458137,0.3085388,0.012831551,0.0,0.0,0.051644783,0.0027559763,0.85733557,0.3085388,2.7324975,1.3013377,82.02973,-0.51783717,3.8776388,211.26337,0.012406629,0.048708197,1.0,211.26337,0.27167484,0.14266442,2.7324975,0.0027559763,0.0132564735,0.28499982,0.0,1.3013377,3.8776388,0.012406629,0.51783717,0.0,0.0132564735,0.51783717,0.59089744,0.048708197,1.0,0.012831551,lookahead,beam_orig2_bm1-s0to50br2-s50to100br0-s100to150br3
/work/T-REX/external/Proteina-Complexa/inference/search_binder_local_pipeline_32_PDL1_ALPHA_REPACK_v7_r003_cand_v7r003_hyp_0003_01_002_a3eb57b720db7/job_0_n_180_id_39_beam_orig3_bm3-s0to50br1-s50to100br1-s100to150br3/job_0_n_180_id_39_beam_orig3_bm3-s0to50br1-s50to100br1-s100to150br3.pdb,159,"2,0,13,16,19,16,19,14,11,3,10,18,19,19,6,18,7,15,2,12,16,9,6,4,11,13,14,19,6,11,5,10,3,10,0,0,10,9,19,18,17,6,12,6,3,11,2,9,9,5,13,19,8,7,6,6,3,10,11,19,5,8,15,15,18,1,5,1,0,1,10,10,11,3,5,10,15,10,7,2,0,0,10,5,9,16,3,19,11,10,5,3,0,7,19,18,1,4,12,9,15,18,7,7,0,3,18,11,1,9,16,19,11,19,2,0,10,9,11,17,13,11,6,15,10,11,15,19,7,11,16,9,6,14,0,0,13,3,11,10,10,6,10,19,7,3,2,15,3,11,10,13,3,10,10,11,9,10,2,15,15,14,11,11,2,9,16,19,3,3,19,6,6,0,19,11,9,10,6,15,0,0,0,0,0,0,0,0,0,0,0,0,0,0,0,0,0,0,0,0,0,0,0,0,0,0,0,0,0,0,0,0,0,0,0,0,0,0,0,0,0,0,0,0,0,0,0,0,0,0,0,0,0",-0.2754923,0.14137216,3.0,0.21251813,59.90441,0.2529687,1.0,0.2529687,0.20951208,0.21163574,0.0,0.0,0.21251813,0.0016061291,0.85758877,0.20951208,4.187629,1.8099709,59.90441,-0.2754923,2.929254,191.17209,0.17080693,0.17206755,1.0,191.17209,0.5676942,0.1424112,4.187629,0.0016061291,0.25246453,0.14137216,0.0,1.8099709,2.929254,0.17080693,0.2754923,0.0,0.25246453,0.2754923,0.78482914,0.17206755,1.0,0.21163574,lookahead,beam_orig3_bm3-s0to50br1-s50to100br1-s100to150br3
/work/T-REX/external/Proteina-Complexa/inference/search_binder_local_pipeline_32_PDL1_ALPHA_REPACK_v7_r003_cand_v7r003_hyp_0003_01_002_a3eb57b720db7/job_0_n_176_id_40_beam_orig0_bm0-s0to50br1-s50to100br3-s100to150br0/job_0_n_176_id_40_beam_orig0_bm0-s0to50br1-s50to100br3-s100to150br0.pdb,160,"2,0,13,16,19,16,19,14,11,3,10,18,19,19,6,18,7,15,2,12,16,9,6,4,11,13,14,19,6,11,5,10,3,10,0,0,10,9,19,18,17,6,12,6,3,11,2,9,9,5,13,19,8,7,6,6,3,10,11,19,5,8,15,15,18,1,5,1,0,1,10,10,11,3,5,10,15,10,7,2,0,0,10,5,9,16,3,19,11,10,5,3,0,7,19,18,1,4,12,9,15,18,7,7,0,3,18,11,1,9,16,19,11,19,2,0,15,9,11,6,0,2,0,10,13,6,1,7,15,10,1,13,0,11,7,3,10,3,7,0,19,6,3,13,5,6,0,13,6,9,1,11,11,0,10,7,3,6,8,6,3,16,19,11,15,1,3,17,10,11,13,19,5,11,6,11,0,0,0,0,0,0,0,0,0,0,0,0,0,0,0,0,0,0,0,0,0,0,0,0,0,0,0,0,0,0,0,0,0,0,0,0,0,0,0,0,0,0,0,0,0,0,0,0,0,0,0,0,0,0,0,0,0",-0.38883713,0.18559223,3.0,0.09567882,30.718983,0.12316965,1.0,0.12316965,0.27836072,0.042291217,0.0,0.0,0.09567882,0.0018446357,0.8433194,0.27836072,2.9951339,1.3309833,30.718983,-0.38883713,3.0986214,176.33063,0.025461629,0.068188,1.0,176.33063,0.3849693,0.15668055,2.9951339,0.0018446357,0.0591208,0.18559223,0.0,1.3309833,3.0986214,0.025461629,0.38883713,0.0,0.0591208,0.38883713,0.7134646,0.068188,1.0,0.042291217,lookahead,beam_orig0_bm0-s0to50br1-s50to100br3-s100to150br0
/work/T-REX/external/Proteina-Complexa/inference/search_binder_local_pipeline_32_PDL1_ALPHA_REPACK_v7_r003_cand_v7r003_hyp_0003_01_002_a3eb57b720db7/job_0_n_229_id_40_beam_orig1_bm2-s0to50br1-s50to100br2-s100to150br0/job_0_n_229_id_40_beam_orig1_bm2-s0to50br1-s50to100br2-s100to150br0.pdb,161,"2,0,13,16,19,16,19,14,11,3,10,18,19,19,6,18,7,15,2,12,16,9,6,4,11,13,14,19,6,11,5,10,3,10,0,0,10,9,19,18,17,6,12,6,3,11,2,9,9,5,13,19,8,7,6,6,3,10,11,19,5,8,15,15,18,1,5,1,0,1,10,10,11,3,5,10,15,10,7,2,0,0,10,5,9,16,3,19,11,10,5,3,0,7,19,18,1,4,12,9,15,18,7,7,0,3,18,11,1,9,16,19,11,19,2,0,0,13,16,19,16,19,14,11,3,10,18,19,19,6,18,7,15,2,12,16,9,6,4,11,13,14,19,6,11,5,10,3,10,0,0,10,9,19,18,17,6,12,6,3,11,2,9,9,5,13,19,8,7,6,6,3,10,11,19,5,8,15,15,18,1,5,1,0,1,10,10,11,3,5,10,15,10,7,2,0,0,10,5,9,16,3,19,11,10,5,3,0,7,19,18,1,4,12,9,15,18,7,7,0,3,18,11,1,9,16,19,11,19,0,0,0,0",-0.5222896,0.29499817,3.0,0.048243362,59.016308,0.05061561,1.0,0.05061561,0.3092664,0.012323106,0.0,0.0,0.048243362,0.0018049462,0.86116445,0.3092664,4.584383,1.2753183,59.016308,-0.5222896,3.8397572,197.72739,0.01196285,0.045871116,1.0,197.72739,0.26721394,0.13883558,4.584383,0.0018049462,0.012683363,0.29499817,0.0,1.2753183,3.8397572,0.01196285,0.5222896,0.0,0.012683363,0.5222896,0.5908083,0.045871116,1.0,0.012323106,lookahead,beam_orig1_bm2-s0to50br1-s50to100br2-s100to150br0
/work/T-REX/external/Proteina-Complexa/inference/search_binder_local_pipeline_32_PDL1_ALPHA_REPACK_v7_r003_cand_v7r003_hyp_0003_01_002_a3eb57b720db7/job_0_n_233_id_40_beam_orig2_bm2-s0to50br2-s50to100br0-s100to150br0/job_0_n_233_id_40_beam_orig2_bm2-s0to50br2-s50to100br0-s100to150br0.pdb,162,"2,0,13,16,19,16,19,14,11,3,10,18,19,19,6,18,7,15,2,12,16,9,6,4,11,13,14,19,6,11,5,10,3,10,0,0,10,9,19,18,17,6,12,6,3,11,2,9,9,5,13,19,8,7,6,6,3,10,11,19,5,8,15,15,18,1,5,1,0,1,10,10,11,3,5,10,15,10,7,2,0,0,10,5,9,16,3,19,11,10,5,3,0,7,19,18,1,4,12,9,15,18,7,7,0,3,18,11,1,9,16,19,11,19,2,0,0,13,16,19,16,19,14,11,3,10,18,19,19,6,18,7,15,2,12,16,9,6,4,11,13,14,19,6,11,5,10,3,10,0,0,10,9,19,18,17,6,12,6,3,11,2,9,9,5,13,19,8,7,6,6,3,10,11,19,5,8,15,15,18,1,5,1,0,1,10,10,11,3,5,10,15,10,7,2,0,0,10,5,9,16,3,19,11,10,5,3,0,7,19,18,1,4,12,9,15,18,7,7,0,3,18,11,1,9,16,19,11,19,2,0,14,11",-0.5270162,0.29530144,3.0,0.047392,61.96322,0.049849037,1.0,0.049849037,0.3120626,0.01259109,0.0,0.0,0.047392,0.0035314572,0.859979,0.3120626,4.5808954,1.2916514,61.96322,-0.5270162,3.9184973,197.78947,0.012319477,0.044934962,1.0,197.78947,0.2641562,0.14002103,4.5808954,0.0035314572,0.012862702,0.29530144,0.0,1.2916514,3.9184973,0.012319477,0.5270162,0.0,0.012862702,0.5270162,0.5883857,0.044934962,1.0,0.01259109,lookahead,beam_orig2_bm2-s0to50br2-s50to100br0-s100to150br0
/work/T-REX/external/Proteina-Complexa/inference/search_binder_local_pipeline_32_PDL1_ALPHA_REPACK_v7_r003_cand_v7r003_hyp_0003_01_002_a3eb57b720db7/job_0_n_180_id_40_beam_orig3_bm3-s0to50br1-s50to100br3-s100to150br0/job_0_n_180_id_40_beam_orig3_bm3-s0to50br1-s50to100br3-s100to150br0.pdb,163,"2,0,13,16,19,16,19,14,11,3,10,18,19,19,6,18,7,15,2,12,16,9,6,4,11,13,14,19,6,11,5,10,3,10,0,0,10,9,19,18,17,6,12,6,3,11,2,9,9,5,13,19,8,7,6,6,3,10,11,19,5,8,15,15,18,1,5,1,0,1,10,10,11,3,5,10,15,10,7,2,0,0,10,5,9,16,3,19,11,10,5,3,0,7,19,18,1,4,12,9,15,18,7,7,0,3,18,11,1,9,16,19,11,19,2,0,10,19,3,17,0,11,6,15,10,11,2,15,7,11,16,13,16,3,3,0,13,2,11,13,10,6,10,19,7,3,2,5,3,10,10,19,3,10,9,11,6,10,2,16,10,14,11,11,6,9,16,19,6,3,19,6,6,0,11,11,9,9,6,0,0,0,0,0,0,0,0,0,0,0,0,0,0,0,0,0,0,0,0,0,0,0,0,0,0,0,0,0,0,0,0,0,0,0,0,0,0,0,0,0,0,0,0,0,0,0,0,0,0,0,0,0,0",-0.27345106,0.13574481,3.0,0.21758041,66.19269,0.24339737,1.0,0.24339737,0.21123132,0.21654989,0.0,0.0,0.21758041,0.0012769559,0.8472979,0.21123132,2.629895,1.7783309,66.19269,-0.27345106,2.7846613,193.09015,0.19039376,0.19176346,1.0,193.09015,0.6088442,0.1527021,2.629895,0.0012769559,0.24270602,0.13574481,0.0,1.7783309,2.7846613,0.19039376,0.27345106,0.0,0.24270602,0.27345106,0.7941265,0.19176346,1.0,0.21654989,lookahead,beam_orig3_bm3-s0to50br1-s50to100br3-s100to150br0
/work/T-REX/external/Proteina-Complexa/inference/search_binder_local_pipeline_32_PDL1_ALPHA_REPACK_v7_r003_cand_v7r003_hyp_0003_01_002_a3eb57b720db7/job_0_n_176_id_41_beam_orig0_bm0-s0to50br1-s50to100br3-s100to150br1/job_0_n_176_id_41_beam_orig0_bm0-s0to50br1-s50to100br3-s100to150br1.pdb,164,"2,0,13,16,19,16,19,14,11,3,10,18,19,19,6,18,7,15,2,12,16,9,6,4,11,13,14,19,6,11,5,10,3,10,0,0,10,9,19,18,17,6,12,6,3,11,2,9,9,5,13,19,8,7,6,6,3,10,11,19,5,8,15,15,18,1,5,1,0,1,10,10,11,3,5,10,15,10,7,2,0,0,10,5,9,16,3,19,11,10,5,3,0,7,19,18,1,4,12,9,15,18,7,7,0,3,18,11,1,9,16,19,11,19,2,0,15,6,11,6,0,10,0,18,13,2,1,7,15,0,1,10,15,11,7,2,18,3,7,0,19,6,3,13,5,6,0,13,6,9,1,11,11,0,10,7,3,6,8,6,3,16,11,11,15,1,3,17,10,11,13,0,11,11,10,11,0,0,0,0,0,0,0,0,0,0,0,0,0,0,0,0,0,0,0,0,0,0,0,0,0,0,0,0,0,0,0,0,0,0,0,0,0,0,0,0,0,0,0,0,0,0,0,0,0,0,0,0,0,0,0,0,0",-0.23094696,0.09397354,3.0,0.28887418,41.880684,0.36434504,1.0,0.36434504,0.17393309,0.28887418,0.0,0.0,0.28887418,0.0016754122,0.9073173,0.17393309,2.7290165,1.3023001,41.880684,-0.23094696,2.4693477,156.13795,0.21340333,0.21340333,1.0,156.13795,0.6678134,0.09268275,2.7290165,0.0016754122,0.36434504,0.09397354,0.0,1.3023001,2.4693477,0.21340333,0.23094696,0.0,0.36434504,0.23094696,0.81872696,0.21340333,1.0,0.28887418,lookahead,beam_orig0_bm0-s0to50br1-s50to100br3-s100to150br1
/work/T-REX/external/Proteina-Complexa/inference/search_binder_local_pipeline_32_PDL1_ALPHA_REPACK_v7_r003_cand_v7r003_hyp_0003_01_002_a3eb57b720db7/job_0_n_229_id_41_beam_orig1_bm2-s0to50br1-s50to100br2-s100to150br1/job_0_n_229_id_41_beam_orig1_bm2-s0to50br1-s50to100br2-s100to150br1.pdb,165,"2,0,13,16,19,16,19,14,11,3,10,18,19,19,6,18,7,15,2,12,16,9,6,4,11,13,14,19,6,11,5,10,3,10,0,0,10,9,19,18,17,6,12,6,3,11,2,9,9,5,13,19,8,7,6,6,3,10,11,19,5,8,15,15,18,1,5,1,0,1,10,10,11,3,5,10,15,10,7,2,0,0,10,5,9,16,3,19,11,10,5,3,0,7,19,18,1,4,12,9,15,18,7,7,0,3,18,11,1,9,16,19,11,19,2,0,0,13,16,19,16,19,14,11,3,10,18,19,19,6,18,7,15,2,12,16,9,6,4,11,13,14,19,6,11,5,10,3,10,0,0,10,9,19,18,17,6,12,6,3,11,2,9,9,5,13,19,8,7,6,6,3,10,11,19,5,8,15,15,18,1,5,1,0,1,10,10,11,3,5,10,15,10,7,2,0,0,10,5,9,16,3,19,11,10,5,3,0,7,19,18,1,4,12,9,15,18,7,7,0,3,18,11,1,9,16,19,11,19,0,0,0,0",-0.5181869,0.29103193,3.0,0.049698487,64.1351,0.052385375,1.0,0.052385375,0.3069537,0.0127340015,0.0,0.0,0.049698487,0.0017656847,0.8613054,0.3069537,4.9938207,1.2735487,64.1351,-0.5181869,3.8287377,198.83998,0.01223697,0.047011595,1.0,198.83998,0.26826942,0.13869458,4.9938207,0.0017656847,0.013231034,0.29103193,0.0,1.2735487,3.8287377,0.01223697,0.5181869,0.0,0.013231034,0.5181869,0.5913672,0.047011595,1.0,0.0127340015,lookahead,beam_orig1_bm2-s0to50br1-s50to100br2-s100to150br1
/work/T-REX/external/Proteina-Complexa/inference/search_binder_local_pipeline_32_PDL1_ALPHA_REPACK_v7_r003_cand_v7r003_hyp_0003_01_002_a3eb57b720db7/job_0_n_233_id_41_beam_orig2_bm2-s0to50br2-s50to100br0-s100to150br1/job_0_n_233_id_41_beam_orig2_bm2-s0to50br2-s50to100br0-s100to150br1.pdb,166,"2,0,13,16,19,16,19,14,11,3,10,18,19,19,6,18,7,15,2,12,16,9,6,4,11,13,14,19,6,11,5,10,3,10,0,0,10,9,19,18,17,6,12,6,3,11,2,9,9,5,13,19,8,7,6,6,3,10,11,19,5,8,15,15,18,1,5,1,0,1,10,10,11,3,5,10,15,10,7,2,0,0,10,5,9,16,3,19,11,10,5,3,0,7,19,18,1,4,12,9,15,18,7,7,0,3,18,11,1,9,16,19,11,19,2,0,0,13,16,19,16,19,14,11,3,10,18,19,19,6,18,7,15,2,12,16,9,6,4,11,13,14,19,6,11,5,10,3,10,0,0,10,9,19,18,17,6,12,6,3,11,2,9,9,5,13,19,8,7,6,6,3,10,11,19,5,8,15,15,18,1,5,1,0,1,10,10,11,3,5,10,15,10,7,2,0,0,10,5,9,16,3,19,11,10,5,3,0,7,19,18,1,4,12,9,15,18,7,7,0,3,18,11,1,9,16,19,11,19,2,0,14,14",-0.5319319,0.30199152,3.0,0.044789802,63.348763,0.048206523,1.0,0.048206523,0.3143629,0.012359049,0.0,0.0,0.044789802,0.004857878,0.86014736,0.3143629,4.5584335,1.2940671,63.348763,-0.5319319,3.9322102,198.73442,0.01195744,0.04137308,1.0,198.73442,0.26033828,0.13985264,4.5584335,0.004857878,0.01276066,0.30199152,0.0,1.2940671,3.9322102,0.01195744,0.5319319,0.0,0.01276066,0.5319319,0.5862592,0.04137308,1.0,0.012359049,lookahead,beam_orig2_bm2-s0to50br2-s50to100br0-s100to150br1
/work/T-REX/external/Proteina-Complexa/inference/search_binder_local_pipeline_32_PDL1_ALPHA_REPACK_v7_r003_cand_v7r003_hyp_0003_01_002_a3eb57b720db7/job_0_n_180_id_41_beam_orig3_bm3-s0to50br1-s50to100br3-s100to150br1/job_0_n_180_id_41_beam_orig3_bm3-s0to50br1-s50to100br3-s100to150br1.pdb,167,"2,0,13,16,19,16,19,14,11,3,10,18,19,19,6,18,7,15,2,12,16,9,6,4,11,13,14,19,6,11,5,10,3,10,0,0,10,9,19,18,17,6,12,6,3,11,2,9,9,5,13,19,8,7,6,6,3,10,11,19,5,8,15,15,18,1,5,1,0,1,10,10,11,3,5,10,15,10,7,2,0,0,10,5,9,16,3,19,11,10,5,3,0,7,19,18,1,4,12,9,15,18,7,7,0,3,18,11,1,9,16,19,11,19,2,0,10,6,2,17,0,1,15,15,10,5,2,15,7,11,16,13,6,14,3,0,13,2,11,13,10,6,10,19,7,3,2,11,3,10,10,19,3,10,9,11,6,10,2,15,10,14,11,11,11,9,16,19,3,3,19,6,0,0,19,5,11,9,6,0,0,0,0,0,0,0,0,0,0,0,0,0,0,0,0,0,0,0,0,0,0,0,0,0,0,0,0,0,0,0,0,0,0,0,0,0,0,0,0,0,0,0,0,0,0,0,0,0,0,0,0,0,0",-0.27408388,0.13396284,3.0,0.22268882,66.94218,0.25159815,1.0,0.25159815,0.21198247,0.2220633,0.0,0.0,0.22268882,0.0012101056,0.852434,0.21198247,2.491253,1.7745674,66.94218,-0.27408388,2.7746353,197.56555,0.19377951,0.19377951,1.0,197.56555,0.60942507,0.147566,2.491253,0.0012101056,0.25034708,0.13396284,0.0,1.7745674,2.7746353,0.19377951,0.27408388,0.0,0.25034708,0.27408388,0.7924029,0.19377951,1.0,0.2220633,lookahead,beam_orig3_bm3-s0to50br1-s50to100br3-s100to150br1
/work/T-REX/external/Proteina-Complexa/inference/search_binder_local_pipeline_32_PDL1_ALPHA_REPACK_v7_r003_cand_v7r003_hyp_0003_01_002_a3eb57b720db7/job_0_n_176_id_42_beam_orig0_bm0-s0to50br1-s50to100br3-s100to150br2/job_0_n_176_id_42_beam_orig0_bm0-s0to50br1-s50to100br3-s100to150br2.pdb,168,"2,0,13,16,19,16,19,14,11,3,10,18,19,19,6,18,7,15,2,12,16,9,6,4,11,13,14,19,6,11,5,10,3,10,0,0,10,9,19,18,17,6,12,6,3,11,2,9,9,5,13,19,8,7,6,6,3,10,11,19,5,8,15,15,18,1,5,1,0,1,10,10,11,3,5,10,15,10,7,2,0,0,10,5,9,16,3,19,11,10,5,3,0,7,19,18,1,4,12,9,15,18,7,7,0,3,18,11,1,9,16,19,11,19,2,0,15,6,11,6,0,9,0,1,13,2,1,7,4,19,18,10,2,10,7,2,18,3,7,0,19,6,3,13,5,6,0,13,6,9,1,11,11,0,10,7,3,6,8,6,3,16,11,11,15,1,3,17,10,11,18,19,11,11,10,11,0,0,0,0,0,0,0,0,0,0,0,0,0,0,0,0,0,0,0,0,0,0,0,0,0,0,0,0,0,0,0,0,0,0,0,0,0,0,0,0,0,0,0,0,0,0,0,0,0,0,0,0,0,0,0,0,0",-0.3143527,0.14035611,3.0,0.16251159,41.865147,0.20831585,1.0,0.20831585,0.23036784,0.14891668,0.0,0.0,0.16251159,0.0016945492,0.8640755,0.23036784,2.943388,1.4024531,41.865147,-0.3143527,2.8530076,167.33746,0.10590551,0.116707325,1.0,167.33746,0.52020466,0.13592452,2.943388,0.0016945492,0.19192785,0.14035611,0.0,1.4024531,2.8530076,0.10590551,0.3143527,0.0,0.19192785,0.3143527,0.76961565,0.116707325,1.0,0.14891668,lookahead,beam_orig0_bm0-s0to50br1-s50to100br3-s100to150br2
/work/T-REX/external/Proteina-Complexa/inference/search_binder_local_pipeline_32_PDL1_ALPHA_REPACK_v7_r003_cand_v7r003_hyp_0003_01_002_a3eb57b720db7/job_0_n_229_id_42_beam_orig1_bm2-s0to50br1-s50to100br2-s100to150br2/job_0_n_229_id_42_beam_orig1_bm2-s0to50br1-s50to100br2-s100to150br2.pdb,169,"2,0,13,16,19,16,19,14,11,3,10,18,19,19,6,18,7,15,2,12,16,9,6,4,11,13,14,19,6,11,5,10,3,10,0,0,10,9,19,18,17,6,12,6,3,11,2,9,9,5,13,19,8,7,6,6,3,10,11,19,5,8,15,15,18,1,5,1,0,1,10,10,11,3,5,10,15,10,7,2,0,0,10,5,9,16,3,19,11,10,5,3,0,7,19,18,1,4,12,9,15,18,7,7,0,3,18,11,1,9,16,19,11,19,2,0,0,13,16,19,16,19,14,11,3,10,18,19,19,6,18,7,15,2,12,16,9,6,4,11,13,14,19,6,11,5,10,3,10,0,0,10,9,19,18,17,6,12,6,3,11,2,9,9,5,13,19,8,7,6,6,3,10,11,19,5,8,15,15,18,1,5,1,0,1,10,10,11,3,5,10,15,10,7,2,0,0,10,5,9,16,3,19,11,10,5,3,0,7,19,18,1,4,12,9,15,18,7,7,0,3,18,11,1,9,16,19,11,19,0,0,0,0",-0.52286655,0.29422772,3.0,0.04752005,60.17994,0.05066898,1.0,0.05066898,0.30932876,0.01244909,0.0,0.0,0.04752005,0.0017676828,0.8615148,0.30932876,4.847109,1.272339,60.17994,-0.52286655,3.8415692,202.79466,0.0120255295,0.044371113,1.0,202.79466,0.26455325,0.13848522,4.847109,0.0017676828,0.012872651,0.29422772,0.0,1.272339,3.8415692,0.0120255295,0.52286655,0.0,0.012872651,0.52286655,0.5895587,0.044371113,1.0,0.01244909,lookahead,beam_orig1_bm2-s0to50br1-s50to100br2-s100to150br2
/work/T-REX/external/Proteina-Complexa/inference/search_binder_local_pipeline_32_PDL1_ALPHA_REPACK_v7_r003_cand_v7r003_hyp_0003_01_002_a3eb57b720db7/job_0_n_233_id_42_beam_orig2_bm2-s0to50br2-s50to100br0-s100to150br2/job_0_n_233_id_42_beam_orig2_bm2-s0to50br2-s50to100br0-s100to150br2.pdb,170,"2,0,13,16,19,16,19,14,11,3,10,18,19,19,6,18,7,15,2,12,16,9,6,4,11,13,14,19,6,11,5,10,3,10,0,0,10,9,19,18,17,6,12,6,3,11,2,9,9,5,13,19,8,7,6,6,3,10,11,19,5,8,15,15,18,1,5,1,0,1,10,10,11,3,5,10,15,10,7,2,0,0,10,5,9,16,3,19,11,10,5,3,0,7,19,18,1,4,12,9,15,18,7,7,0,3,18,11,1,9,16,19,11,19,2,0,0,13,16,19,16,19,14,11,3,10,18,19,19,6,18,7,15,2,12,16,9,6,4,11,13,14,19,6,11,5,10,3,10,0,0,10,9,19,18,17,6,12,6,3,11,2,9,9,5,13,19,8,7,6,6,3,10,11,19,5,8,15,15,18,1,5,1,0,1,10,10,11,3,5,10,15,10,7,2,0,0,10,5,9,16,3,19,11,10,5,3,0,7,19,18,1,4,12,9,15,18,7,7,0,3,18,11,1,9,16,19,11,19,2,0,14,16",-0.52790797,0.297558,3.0,0.04766234,62.898952,0.05057792,1.0,0.05057792,0.3120533,0.012512172,0.0,0.0,0.04766234,0.0029284512,0.86146414,0.3120533,4.448055,1.2876015,62.898952,-0.52790797,3.923841,199.8296,0.0121614225,0.04474676,1.0,199.8296,0.2641793,0.13853587,4.448055,0.0029284512,0.012862921,0.297558,0.0,1.2876015,3.923841,0.0121614225,0.52790797,0.0,0.012862921,0.52790797,0.5891684,0.04474676,1.0,0.012512172,lookahead,beam_orig2_bm2-s0to50br2-s50to100br0-s100to150br2
/work/T-REX/external/Proteina-Complexa/inference/search_binder_local_pipeline_32_PDL1_ALPHA_REPACK_v7_r003_cand_v7r003_hyp_0003_01_002_a3eb57b720db7/job_0_n_180_id_42_beam_orig3_bm3-s0to50br1-s50to100br3-s100to150br2/job_0_n_180_id_42_beam_orig3_bm3-s0to50br1-s50to100br3-s100to150br2.pdb,171,"2,0,13,16,19,16,19,14,11,3,10,18,19,19,6,18,7,15,2,12,16,9,6,4,11,13,14,19,6,11,5,10,3,10,0,0,10,9,19,18,17,6,12,6,3,11,2,9,9,5,13,19,8,7,6,6,3,10,11,19,5,8,15,15,18,1,5,1,0,1,10,10,11,3,5,10,15,10,7,2,0,0,10,5,9,16,3,19,11,10,5,3,0,7,19,18,1,4,12,9,15,18,7,7,0,3,18,11,1,9,16,19,11,19,2,0,9,19,5,17,0,11,6,15,10,11,2,0,7,11,15,13,16,14,14,0,17,5,1,13,10,6,10,19,7,2,3,5,3,11,10,9,10,10,9,11,6,10,5,16,10,14,11,11,11,9,6,19,6,3,19,6,11,19,0,11,6,10,6,15,0,0,0,0,0,0,0,0,0,0,0,0,0,0,0,0,0,0,0,0,0,0,0,0,0,0,0,0,0,0,0,0,0,0,0,0,0,0,0,0,0,0,0,0,0,0,0,0,0,0,0,0,0",-0.24961469,0.11058969,3.0,0.25535625,44.5407,0.2936126,1.0,0.2936126,0.19077145,0.25477225,0.0,0.0,0.25535625,0.0014349446,0.8759632,0.19077145,3.1124513,1.7258489,44.5407,-0.24961469,2.7227492,171.18037,0.21593186,0.21709993,1.0,171.18037,0.6160358,0.12403676,3.1124513,0.0014349446,0.2936126,0.11058969,0.0,1.7258489,2.7227492,0.21593186,0.24961469,0.0,0.2936126,0.24961469,0.8008043,0.21709993,1.0,0.25477225,lookahead,beam_orig3_bm3-s0to50br1-s50to100br3-s100to150br2
/work/T-REX/external/Proteina-Complexa/inference/search_binder_local_pipeline_32_PDL1_ALPHA_REPACK_v7_r003_cand_v7r003_hyp_0003_01_002_a3eb57b720db7/job_0_n_176_id_43_beam_orig0_bm0-s0to50br1-s50to100br3-s100to150br3/job_0_n_176_id_43_beam_orig0_bm0-s0to50br1-s50to100br3-s100to150br3.pdb,172,"2,0,13,16,19,16,19,14,11,3,10,18,19,19,6,18,7,15,2,12,16,9,6,4,11,13,14,19,6,11,5,10,3,10,0,0,10,9,19,18,17,6,12,6,3,11,2,9,9,5,13,19,8,7,6,6,3,10,11,19,5,8,15,15,18,1,5,1,0,1,10,10,11,3,5,10,15,10,7,2,0,0,10,5,9,16,3,19,11,10,5,3,0,7,19,18,1,4,12,9,15,18,7,7,0,3,18,11,1,9,16,19,11,19,2,0,15,10,11,6,0,2,0,10,13,2,1,7,15,0,18,10,15,16,7,2,18,3,7,0,19,5,3,13,5,6,0,13,6,9,1,11,11,0,10,7,3,6,8,6,3,16,11,11,15,1,3,17,10,11,13,0,5,11,10,11,0,0,0,0,0,0,0,0,0,0,0,0,0,0,0,0,0,0,0,0,0,0,0,0,0,0,0,0,0,0,0,0,0,0,0,0,0,0,0,0,0,0,0,0,0,0,0,0,0,0,0,0,0,0,0,0,0",-0.23050171,0.095985875,3.0,0.2829361,40.89013,0.35735857,1.0,0.35735857,0.17229027,0.2829361,0.0,0.0,0.2829361,0.0011803538,0.91401714,0.17229027,2.842599,1.2698869,40.89013,-0.23050171,2.4588783,161.30093,0.20851365,0.20851365,1.0,161.30093,0.6642161,0.08598287,2.842599,0.0011803538,0.35735857,0.095985875,0.0,1.2698869,2.4588783,0.20851365,0.23050171,0.0,0.35735857,0.23050171,0.8170986,0.20851365,1.0,0.2829361,lookahead,beam_orig0_bm0-s0to50br1-s50to100br3-s100to150br3
/work/T-REX/external/Proteina-Complexa/inference/search_binder_local_pipeline_32_PDL1_ALPHA_REPACK_v7_r003_cand_v7r003_hyp_0003_01_002_a3eb57b720db7/job_0_n_229_id_43_beam_orig1_bm2-s0to50br1-s50to100br2-s100to150br3/job_0_n_229_id_43_beam_orig1_bm2-s0to50br1-s50to100br2-s100to150br3.pdb,173,"2,0,13,16,19,16,19,14,11,3,10,18,19,19,6,18,7,15,2,12,16,9,6,4,11,13,14,19,6,11,5,10,3,10,0,0,10,9,19,18,17,6,12,6,3,11,2,9,9,5,13,19,8,7,6,6,3,10,11,19,5,8,15,15,18,1,5,1,0,1,10,10,11,3,5,10,15,10,7,2,0,0,10,5,9,16,3,19,11,10,5,3,0,7,19,18,1,4,12,9,15,18,7,7,0,3,18,11,1,9,16,19,11,19,2,0,0,13,16,19,16,19,14,11,3,10,18,19,19,6,18,7,15,2,12,16,9,6,4,11,13,14,19,6,11,5,10,3,10,0,0,10,9,19,18,17,6,12,6,3,11,2,9,9,5,13,19,8,7,6,6,3,10,11,19,5,8,15,15,18,1,5,1,0,1,10,10,11,3,5,10,15,10,7,2,0,0,10,5,9,16,3,19,11,10,5,3,0,7,19,18,1,4,12,9,15,18,7,7,0,3,18,11,1,9,16,19,11,19,0,0,0,0",-0.5173206,0.28988042,3.0,0.04990903,60.148323,0.05260553,1.0,0.05260553,0.30683514,0.012689049,0.0,0.0,0.04990903,0.0017980564,0.86089253,0.30683514,4.5915895,1.2774915,60.148323,-0.5173206,3.8267472,203.40123,0.012409936,0.04721253,1.0,203.40123,0.26963636,0.13910744,4.5915895,0.0017980564,0.012968163,0.28988042,0.0,1.2774915,3.8267472,0.012409936,0.5173206,0.0,0.012968163,0.5173206,0.5919937,0.04721253,1.0,0.012689049,lookahead,beam_orig1_bm2-s0to50br1-s50to100br2-s100to150br3
/work/T-REX/external/Proteina-Complexa/inference/search_binder_local_pipeline_32_PDL1_ALPHA_REPACK_v7_r003_cand_v7r003_hyp_0003_01_002_a3eb57b720db7/job_0_n_233_id_43_beam_orig2_bm2-s0to50br2-s50to100br0-s100to150br3/job_0_n_233_id_43_beam_orig2_bm2-s0to50br2-s50to100br0-s100to150br3.pdb,174,"2,0,13,16,19,16,19,14,11,3,10,18,19,19,6,18,7,15,2,12,16,9,6,4,11,13,14,19,6,11,5,10,3,10,0,0,10,9,19,18,17,6,12,6,3,11,2,9,9,5,13,19,8,7,6,6,3,10,11,19,5,8,15,15,18,1,5,1,0,1,10,10,11,3,5,10,15,10,7,2,0,0,10,5,9,16,3,19,11,10,5,3,0,7,19,18,1,4,12,9,15,18,7,7,0,3,18,11,1,9,16,19,11,19,2,0,0,13,16,19,16,19,14,11,3,10,18,19,19,6,18,7,15,2,12,16,9,6,4,11,13,14,19,6,11,5,10,3,10,0,0,10,9,19,18,17,6,12,6,3,11,2,9,9,5,13,19,8,7,6,6,3,10,11,19,5,8,15,15,18,1,5,1,0,1,10,10,11,3,5,10,15,10,7,2,0,0,10,5,9,16,3,19,11,10,5,3,0,7,19,18,1,4,12,9,15,18,7,7,0,3,18,11,1,9,16,19,11,19,2,0,15,15",-0.52434754,0.2917781,3.0,0.04916341,59.397964,0.05125004,1.0,0.05125004,0.31223455,0.012595523,0.0,0.0,0.04916341,0.0056698928,0.85702264,0.31223455,4.359185,1.2922528,59.397964,-0.52434754,3.911658,198.94862,0.012281626,0.047076777,1.0,198.94862,0.26730445,0.14297734,4.359185,0.0056698928,0.01290942,0.2917781,0.0,1.2922528,3.911658,0.012281626,0.52434754,0.0,0.01290942,0.52434754,0.58999246,0.047076777,1.0,0.012595523,lookahead,beam_orig2_bm2-s0to50br2-s50to100br0-s100to150br3
/work/T-REX/external/Proteina-Complexa/inference/search_binder_local_pipeline_32_PDL1_ALPHA_REPACK_v7_r003_cand_v7r003_hyp_0003_01_002_a3eb57b720db7/job_0_n_180_id_43_beam_orig3_bm3-s0to50br1-s50to100br3-s100to150br3/job_0_n_180_id_43_beam_orig3_bm3-s0to50br1-s50to100br3-s100to150br3.pdb,175,"2,0,13,16,19,16,19,14,11,3,10,18,19,19,6,18,7,15,2,12,16,9,6,4,11,13,14,19,6,11,5,10,3,10,0,0,10,9,19,18,17,6,12,6,3,11,2,9,9,5,13,19,8,7,6,6,3,10,11,19,5,8,15,15,18,1,5,1,0,1,10,10,11,3,5,10,15,10,7,2,0,0,10,5,9,16,3,19,11,10,5,3,0,7,19,18,1,4,12,9,15,18,7,7,0,3,18,11,1,9,16,19,11,19,2,0,9,9,3,17,0,11,6,15,10,11,2,0,7,11,16,10,16,14,3,0,13,2,11,10,10,6,10,19,7,7,2,5,3,10,10,13,3,10,9,1,6,10,2,10,12,14,11,11,6,9,16,5,5,3,9,6,2,19,11,11,6,10,6,11,0,0,0,0,0,0,0,0,0,0,0,0,0,0,0,0,0,0,0,0,0,0,0,0,0,0,0,0,0,0,0,0,0,0,0,0,0,0,0,0,0,0,0,0,0,0,0,0,0,0,0,0,0",-0.2672432,0.12614894,3.0,0.23560025,58.289673,0.27399185,1.0,0.27399185,0.20809384,0.23435603,0.0,0.0,0.23560025,0.0012107464,0.84580207,0.20809384,4.080527,1.8508304,58.289673,-0.2672432,2.8116057,195.12769,0.19583055,0.19720864,1.0,195.12769,0.600377,0.15419793,4.080527,0.0012107464,0.2728815,0.12614894,0.0,1.8508304,2.8116057,0.19583055,0.2672432,0.0,0.2728815,0.2672432,0.79639125,0.19720864,1.0,0.23435603,lookahead,beam_orig3_bm3-s0to50br1-s50to100br3-s100to150br3
/work/T-REX/external/Proteina-Complexa/inference/search_binder_local_pipeline_32_PDL1_ALPHA_REPACK_v7_r003_cand_v7r003_hyp_0003_01_002_a3eb57b720db7/job_0_n_176_id_44_beam_orig0_bm0-s0to50br1-s50to100br2-s100to150br0/job_0_n_176_id_44_beam_orig0_bm0-s0to50br1-s50to100br2-s100to150br0.pdb,176,"2,0,13,16,19,16,19,14,11,3,10,18,19,19,6,18,7,15,2,12,16,9,6,4,11,13,14,19,6,11,5,10,3,10,0,0,10,9,19,18,17,6,12,6,3,11,2,9,9,5,13,19,8,7,6,6,3,10,11,19,5,8,15,15,18,1,5,1,0,1,10,10,11,3,5,10,15,10,7,2,0,0,10,5,9,16,3,19,11,10,5,3,0,7,19,18,1,4,12,9,15,18,7,7,0,3,18,11,1,9,16,19,11,19,2,0,15,19,6,6,0,9,11,10,3,5,6,7,4,6,6,13,1,11,7,2,18,3,6,0,19,11,10,13,5,1,0,13,6,9,1,11,11,0,10,7,14,6,8,8,3,16,11,19,15,1,3,17,10,11,18,19,11,11,10,5,0,0,0,0,0,0,0,0,0,0,0,0,0,0,0,0,0,0,0,0,0,0,0,0,0,0,0,0,0,0,0,0,0,0,0,0,0,0,0,0,0,0,0,0,0,0,0,0,0,0,0,0,0,0,0,0,0",-0.39112625,0.18347198,3.0,0.09874078,37.980087,0.12508613,1.0,0.12508613,0.2824402,0.04538979,0.0,0.0,0.09874078,0.0014460157,0.8208539,0.2824402,3.0251265,1.5026647,37.980087,-0.39112625,3.1158087,189.35393,0.029810166,0.07239543,1.0,189.35393,0.41180435,0.17914613,3.0251265,0.0014460157,0.060969412,0.18347198,0.0,1.5026647,3.1158087,0.029810166,0.39112625,0.0,0.060969412,0.39112625,0.72895485,0.07239543,1.0,0.04538979,lookahead,beam_orig0_bm0-s0to50br1-s50to100br2-s100to150br0
/work/T-REX/external/Proteina-Complexa/inference/search_binder_local_pipeline_32_PDL1_ALPHA_REPACK_v7_r003_cand_v7r003_hyp_0003_01_002_a3eb57b720db7/job_0_n_229_id_44_beam_orig1_bm2-s0to50br1-s50to100br0-s100to150br0/job_0_n_229_id_44_beam_orig1_bm2-s0to50br1-s50to100br0-s100to150br0.pdb,177,"2,0,13,16,19,16,19,14,11,3,10,18,19,19,6,18,7,15,2,12,16,9,6,4,11,13,14,19,6,11,5,10,3,10,0,0,10,9,19,18,17,6,12,6,3,11,2,9,9,5,13,19,8,7,6,6,3,10,11,19,5,8,15,15,18,1,5,1,0,1,10,10,11,3,5,10,15,10,7,2,0,0,10,5,9,16,3,19,11,10,5,3,0,7,19,18,1,4,12,9,15,18,7,7,0,3,18,11,1,9,16,19,11,19,2,0,0,13,16,19,16,19,14,11,3,10,18,19,19,6,18,7,15,2,12,16,9,6,4,11,13,14,19,6,11,5,10,3,10,0,0,10,9,19,18,17,6,12,6,3,11,2,9,9,5,13,19,8,7,6,6,3,10,11,19,5,8,15,15,18,1,5,1,0,1,10,10,11,3,5,10,15,10,7,2,0,0,10,5,9,16,3,19,11,10,5,3,0,7,19,18,1,4,12,9,15,18,7,7,0,3,18,11,1,9,16,19,11,19,0,0,0,0",-0.5227843,0.29728326,3.0,0.04818868,56.264168,0.049990986,1.0,0.049990986,0.30990058,0.0123819215,0.0,0.0,0.04818868,0.0018039446,0.8609249,0.30990058,4.170556,1.2841206,56.264168,-0.5227843,3.8410811,204.8992,0.011806168,0.046386376,1.0,204.8992,0.2675832,0.13907512,4.170556,0.0018039446,0.012957675,0.29728326,0.0,1.2841206,3.8410811,0.011806168,0.5227843,0.0,0.012957675,0.5227843,0.59101564,0.046386376,1.0,0.0123819215,lookahead,beam_orig1_bm2-s0to50br1-s50to100br0-s100to150br0
/work/T-REX/external/Proteina-Complexa/inference/search_binder_local_pipeline_32_PDL1_ALPHA_REPACK_v7_r003_cand_v7r003_hyp_0003_01_002_a3eb57b720db7/job_0_n_233_id_44_beam_orig2_bm1-s0to50br2-s50to100br1-s100to150br0/job_0_n_233_id_44_beam_orig2_bm1-s0to50br2-s50to100br1-s100to150br0.pdb,178,"2,0,13,16,19,16,19,14,11,3,10,18,19,19,6,18,7,15,2,12,16,9,6,4,11,13,14,19,6,11,5,10,3,10,0,0,10,9,19,18,17,6,12,6,3,11,2,9,9,5,13,19,8,7,6,6,3,10,11,19,5,8,15,15,18,1,5,1,0,1,10,10,11,3,5,10,15,10,7,2,0,0,10,5,9,16,3,19,11,10,5,3,0,7,19,18,1,4,12,9,15,18,7,7,0,3,18,11,1,9,16,19,11,19,2,0,2,0,13,16,19,16,19,14,11,3,10,18,19,19,6,18,7,15,2,12,16,9,6,4,11,13,14,19,6,11,5,10,3,10,0,0,10,9,19,18,17,6,12,6,3,11,2,9,9,5,13,19,8,7,6,6,3,10,11,19,5,8,15,15,18,1,5,1,0,1,10,10,11,3,5,10,15,10,7,2,0,0,10,5,9,16,3,19,11,10,5,3,0,7,19,18,1,4,12,9,15,18,7,7,0,3,18,11,1,9,16,19,11,19,2,0,14",-0.51830834,0.2844509,3.0,0.0506157,84.77114,0.05334276,1.0,0.05334276,0.3077541,0.012850051,0.0,0.0,0.0506157,0.002979157,0.8584793,0.3077541,3.070281,1.2856532,84.77114,-0.51830834,3.8771555,210.92538,0.01266678,0.047888644,1.0,210.92538,0.26665595,0.1415207,3.070281,0.002979157,0.013033322,0.2844509,0.0,1.2856532,3.8771555,0.01266678,0.51830834,0.0,0.013033322,0.51830834,0.5893811,0.047888644,1.0,0.012850051,lookahead,beam_orig2_bm1-s0to50br2-s50to100br1-s100to150br0
/work/T-REX/external/Proteina-Complexa/inference/search_binder_local_pipeline_32_PDL1_ALPHA_REPACK_v7_r003_cand_v7r003_hyp_0003_01_002_a3eb57b720db7/job_0_n_180_id_44_beam_orig3_bm3-s0to50br1-s50to100br0-s100to150br0/job_0_n_180_id_44_beam_orig3_bm3-s0to50br1-s50to100br0-s100to150br0.pdb,179,"2,0,13,16,19,16,19,14,11,3,10,18,19,19,6,18,7,15,2,12,16,9,6,4,11,13,14,19,6,11,5,10,3,10,0,0,10,9,19,18,17,6,12,6,3,11,2,9,9,5,13,19,8,7,6,6,3,10,11,19,5,8,15,15,18,1,5,1,0,1,10,10,11,3,5,10,15,10,7,2,0,0,10,5,9,16,3,19,11,10,5,3,0,7,19,18,1,4,12,9,15,18,7,7,0,3,18,11,1,9,16,19,11,19,2,0,9,5,3,17,0,1,16,16,10,11,2,15,7,11,16,13,6,14,0,0,6,5,1,13,13,6,10,19,7,2,3,15,3,10,10,13,1,19,9,1,18,10,5,10,15,14,11,11,2,9,16,19,6,3,19,6,0,0,19,11,0,19,1,7,0,0,0,0,0,0,0,0,0,0,0,0,0,0,0,0,0,0,0,0,0,0,0,0,0,0,0,0,0,0,0,0,0,0,0,0,0,0,0,0,0,0,0,0,0,0,0,0,0,0,0,0,0",-0.50840837,0.29123965,3.0,0.03227786,119.4834,0.041387573,1.0,0.041387573,0.36063042,0.013860816,0.0,0.0,0.03227786,0.0015034769,0.76781815,0.36063042,19.327585,1.6652652,119.4834,-0.50840837,3.6428976,218.41785,0.012946104,0.023168145,1.0,218.41785,0.24984115,0.23218185,19.327585,0.0015034769,0.0147755295,0.29123965,0.0,1.6652652,3.6428976,0.012946104,0.50840837,0.0,0.0147755295,0.50840837,0.6649791,0.023168145,1.0,0.013860816,lookahead,beam_orig3_bm3-s0to50br1-s50to100br0-s100to150br0
/work/T-REX/external/Proteina-Complexa/inference/search_binder_local_pipeline_32_PDL1_ALPHA_REPACK_v7_r003_cand_v7r003_hyp_0003_01_002_a3eb57b720db7/job_0_n_176_id_45_beam_orig0_bm0-s0to50br1-s50to100br2-s100to150br1/job_0_n_176_id_45_beam_orig0_bm0-s0to50br1-s50to100br2-s100to150br1.pdb,180,"2,0,13,16,19,16,19,14,11,3,10,18,19,19,6,18,7,15,2,12,16,9,6,4,11,13,14,19,6,11,5,10,3,10,0,0,10,9,19,18,17,6,12,6,3,11,2,9,9,5,13,19,8,7,6,6,3,10,11,19,5,8,15,15,18,1,5,1,0,1,10,10,11,3,5,10,15,10,7,2,0,0,10,5,9,16,3,19,11,10,5,3,0,7,19,18,1,4,12,9,15,18,7,7,0,3,18,11,1,9,16,19,11,19,2,0,15,9,6,6,0,9,1,10,3,11,6,7,15,6,6,13,16,11,7,2,18,3,6,0,6,11,10,13,5,6,0,13,6,9,1,11,11,0,10,7,14,6,8,8,3,16,11,19,15,1,3,17,10,11,13,19,5,11,15,11,0,0,0,0,0,0,0,0,0,0,0,0,0,0,0,0,0,0,0,0,0,0,0,0,0,0,0,0,0,0,0,0,0,0,0,0,0,0,0,0,0,0,0,0,0,0,0,0,0,0,0,0,0,0,0,0,0",-0.23405391,0.09111561,3.0,0.28356045,39.04723,0.36323228,1.0,0.36323228,0.17717797,0.28356045,0.0,0.0,0.28356045,0.0016260972,0.88104147,0.17717797,2.550422,1.421208,39.04723,-0.23405391,2.560133,187.31284,0.20388864,0.20388864,1.0,187.31284,0.6471869,0.11895851,2.550422,0.0016260972,0.36323228,0.09111561,0.0,1.421208,2.560133,0.20388864,0.23405391,0.0,0.36323228,0.23405391,0.815549,0.20388864,1.0,0.28356045,lookahead,beam_orig0_bm0-s0to50br1-s50to100br2-s100to150br1
/work/T-REX/external/Proteina-Complexa/inference/search_binder_local_pipeline_32_PDL1_ALPHA_REPACK_v7_r003_cand_v7r003_hyp_0003_01_002_a3eb57b720db7/job_0_n_229_id_45_beam_orig1_bm2-s0to50br1-s50to100br0-s100to150br1/job_0_n_229_id_45_beam_orig1_bm2-s0to50br1-s50to100br0-s100to150br1.pdb,181,"2,0,13,16,19,16,19,14,11,3,10,18,19,19,6,18,7,15,2,12,16,9,6,4,11,13,14,19,6,11,5,10,3,10,0,0,10,9,19,18,17,6,12,6,3,11,2,9,9,5,13,19,8,7,6,6,3,10,11,19,5,8,15,15,18,1,5,1,0,1,10,10,11,3,5,10,15,10,7,2,0,0,10,5,9,16,3,19,11,10,5,3,0,7,19,18,1,4,12,9,15,18,7,7,0,3,18,11,1,9,16,19,11,19,2,0,0,13,16,19,16,19,14,11,3,10,18,19,19,6,18,7,15,2,12,16,9,6,4,11,13,14,19,6,11,5,10,3,10,0,0,10,9,19,18,17,6,12,6,3,11,2,9,9,5,13,19,8,7,6,6,3,10,11,19,5,8,15,15,18,1,5,1,0,1,10,10,11,3,5,10,15,10,7,2,0,0,10,5,9,16,3,19,11,10,5,3,0,7,19,18,1,4,12,9,15,18,7,7,0,3,18,11,1,9,16,19,11,19,0,0,0,0",-0.51178265,0.28252456,3.0,0.05149343,65.62612,0.05424635,1.0,0.05424635,0.30390295,0.013090654,0.0,0.0,0.05149343,0.0017728462,0.86018384,0.30390295,4.718381,1.2724516,65.62612,-0.51178265,3.8008559,205.8509,0.012770617,0.04874051,1.0,205.8509,0.26951784,0.13981618,4.718381,0.0017728462,0.013410691,0.28252456,0.0,1.2724516,3.8008559,0.012770617,0.51178265,0.0,0.013410691,0.51178265,0.59217024,0.04874051,1.0,0.013090654,lookahead,beam_orig1_bm2-s0to50br1-s50to100br0-s100to150br1
/work/T-REX/external/Proteina-Complexa/inference/search_binder_local_pipeline_32_PDL1_ALPHA_REPACK_v7_r003_cand_v7r003_hyp_0003_01_002_a3eb57b720db7/job_0_n_233_id_45_beam_orig2_bm1-s0to50br2-s50to100br1-s100to150br1/job_0_n_233_id_45_beam_orig2_bm1-s0to50br2-s50to100br1-s100to150br1.pdb,182,"2,0,13,16,19,16,19,14,11,3,10,18,19,19,6,18,7,15,2,12,16,9,6,4,11,13,14,19,6,11,5,10,3,10,0,0,10,9,19,18,17,6,12,6,3,11,2,9,9,5,13,19,8,7,6,6,3,10,11,19,5,8,15,15,18,1,5,1,0,1,10,10,11,3,5,10,15,10,7,2,0,0,10,5,9,16,3,19,11,10,5,3,0,7,19,18,1,4,12,9,15,18,7,7,0,3,18,11,1,9,16,19,11,19,2,0,2,0,13,16,19,16,19,14,11,3,10,18,19,19,6,18,7,15,2,12,16,9,6,4,11,13,14,19,6,11,5,10,3,10,0,0,10,9,19,18,17,6,12,6,3,11,2,9,9,5,13,19,8,7,6,6,3,10,11,19,5,8,15,15,18,1,5,1,0,1,10,10,11,3,5,10,15,10,7,2,0,0,10,5,9,16,3,19,11,10,5,3,0,7,19,18,1,4,12,9,15,18,7,7,0,3,18,11,1,9,16,19,11,19,2,0,14",-0.5221195,0.29146525,3.0,0.048974484,82.19545,0.051883444,1.0,0.051883444,0.30962735,0.012650181,0.0,0.0,0.048974484,0.0028825505,0.8586729,0.30962735,2.9913096,1.2890837,82.19545,-0.5221195,3.8911395,208.04825,0.012401354,0.046065524,1.0,208.04825,0.26482135,0.14132707,2.9913096,0.0028825505,0.012899009,0.29146525,0.0,1.2890837,3.8911395,0.012401354,0.5221195,0.0,0.012899009,0.5221195,0.5884942,0.046065524,1.0,0.012650181,lookahead,beam_orig2_bm1-s0to50br2-s50to100br1-s100to150br1
/work/T-REX/external/Proteina-Complexa/inference/search_binder_local_pipeline_32_PDL1_ALPHA_REPACK_v7_r003_cand_v7r003_hyp_0003_01_002_a3eb57b720db7/job_0_n_180_id_45_beam_orig3_bm3-s0to50br1-s50to100br0-s100to150br1/job_0_n_180_id_45_beam_orig3_bm3-s0to50br1-s50to100br0-s100to150br1.pdb,183,"2,0,13,16,19,16,19,14,11,3,10,18,19,19,6,18,7,15,2,12,16,9,6,4,11,13,14,19,6,11,5,10,3,10,0,0,10,9,19,18,17,6,12,6,3,11,2,9,9,5,13,19,8,7,6,6,3,10,11,19,5,8,15,15,18,1,5,1,0,1,10,10,11,3,5,10,15,10,7,2,0,0,10,5,9,16,3,19,11,10,5,3,0,7,19,18,1,4,12,9,15,18,7,7,0,3,18,11,1,9,16,19,11,19,2,0,9,5,3,17,0,1,1,15,10,11,2,0,7,11,6,13,6,14,3,0,6,2,1,13,17,6,10,19,7,2,3,15,3,10,10,13,11,6,9,1,18,10,5,15,10,14,11,11,1,9,16,19,6,3,19,6,16,0,19,11,19,19,11,15,0,0,0,0,0,0,0,0,0,0,0,0,0,0,0,0,0,0,0,0,0,0,0,0,0,0,0,0,0,0,0,0,0,0,0,0,0,0,0,0,0,0,0,0,0,0,0,0,0,0,0,0,0",-0.26128334,0.10401989,3.0,0.25477636,59.009743,0.3125793,1.0,0.3125793,0.1996397,0.2539016,0.0,0.0,0.25477636,0.0021155197,0.86576706,0.1996397,4.892097,1.7347567,59.009743,-0.26128334,2.8287675,188.27333,0.19566262,0.19697344,1.0,188.27333,0.5982791,0.13423295,4.892097,0.0021155197,0.31214055,0.10401989,0.0,1.7347567,2.8287675,0.19566262,0.26128334,0.0,0.31214055,0.26128334,0.7946685,0.19697344,1.0,0.2539016,lookahead,beam_orig3_bm3-s0to50br1-s50to100br0-s100to150br1
/work/T-REX/external/Proteina-Complexa/inference/search_binder_local_pipeline_32_PDL1_ALPHA_REPACK_v7_r003_cand_v7r003_hyp_0003_01_002_a3eb57b720db7/job_0_n_176_id_46_beam_orig0_bm0-s0to50br1-s50to100br2-s100to150br2/job_0_n_176_id_46_beam_orig0_bm0-s0to50br1-s50to100br2-s100to150br2.pdb,184,"2,0,13,16,19,16,19,14,11,3,10,18,19,19,6,18,7,15,2,12,16,9,6,4,11,13,14,19,6,11,5,10,3,10,0,0,10,9,19,18,17,6,12,6,3,11,2,9,9,5,13,19,8,7,6,6,3,10,11,19,5,8,15,15,18,1,5,1,0,1,10,10,11,3,5,10,15,10,7,2,0,0,10,5,9,16,3,19,11,10,5,3,0,7,19,18,1,4,12,9,15,18,7,7,0,3,18,11,1,9,16,19,11,19,2,0,15,9,6,6,0,9,11,10,2,6,6,7,15,6,6,13,1,11,7,2,18,3,6,0,19,11,10,13,5,6,0,13,6,9,1,11,11,0,10,7,14,6,8,8,3,16,11,19,15,1,3,17,10,11,10,0,11,11,10,5,0,0,0,0,0,0,0,0,0,0,0,0,0,0,0,0,0,0,0,0,0,0,0,0,0,0,0,0,0,0,0,0,0,0,0,0,0,0,0,0,0,0,0,0,0,0,0,0,0,0,0,0,0,0,0,0,0",-0.3016772,0.12274099,3.0,0.16893116,46.565334,0.22055575,1.0,0.22055575,0.21920641,0.16161302,0.0,0.0,0.16893116,0.0014667611,0.88123345,0.21920641,3.2837837,1.3232596,46.565334,-0.3016772,2.7274256,179.66833,0.11306025,0.117306575,1.0,179.66833,0.5563369,0.11876655,3.2837837,0.0014667611,0.2101658,0.12274099,0.0,1.3232596,2.7274256,0.11306025,0.3016772,0.0,0.2101658,0.3016772,0.7773489,0.117306575,1.0,0.16161302,lookahead,beam_orig0_bm0-s0to50br1-s50to100br2-s100to150br2
/work/T-REX/external/Proteina-Complexa/inference/search_binder_local_pipeline_32_PDL1_ALPHA_REPACK_v7_r003_cand_v7r003_hyp_0003_01_002_a3eb57b720db7/job_0_n_229_id_46_beam_orig1_bm2-s0to50br1-s50to100br0-s100to150br2/job_0_n_229_id_46_beam_orig1_bm2-s0to50br1-s50to100br0-s100to150br2.pdb,185,"2,0,13,16,19,16,19,14,11,3,10,18,19,19,6,18,7,15,2,12,16,9,6,4,11,13,14,19,6,11,5,10,3,10,0,0,10,9,19,18,17,6,12,6,3,11,2,9,9,5,13,19,8,7,6,6,3,10,11,19,5,8,15,15,18,1,5,1,0,1,10,10,11,3,5,10,15,10,7,2,0,0,10,5,9,16,3,19,11,10,5,3,0,7,19,18,1,4,12,9,15,18,7,7,0,3,18,11,1,9,16,19,11,19,2,0,0,13,16,19,16,19,14,11,3,10,18,19,19,6,18,7,15,2,12,16,9,6,4,11,13,14,19,6,11,5,10,3,10,0,0,10,9,19,18,17,6,12,6,3,11,2,9,9,5,13,19,8,7,6,6,3,10,11,19,5,8,15,15,18,1,5,1,0,1,10,10,11,3,5,10,15,10,7,2,0,0,10,5,9,16,3,19,11,10,5,3,0,7,19,18,1,4,12,9,15,18,7,7,0,3,18,11,1,9,16,19,11,19,0,0,0,0",-0.5184193,0.29213357,3.0,0.049518995,58.55244,0.052364666,1.0,0.052364666,0.306994,0.012635696,0.0,0.0,0.049518995,0.0017417184,0.8619647,0.306994,4.3245664,1.2729268,58.55244,-0.5184193,3.8307738,201.27127,0.01222489,0.046673328,1.0,201.27127,0.26800352,0.13803531,4.3245664,0.0017417184,0.013046501,0.29213357,0.0,1.2729268,3.8307738,0.01222489,0.5184193,0.0,0.013046501,0.5184193,0.59121454,0.046673328,1.0,0.012635696,lookahead,beam_orig1_bm2-s0to50br1-s50to100br0-s100to150br2
/work/T-REX/external/Proteina-Complexa/inference/search_binder_local_pipeline_32_PDL1_ALPHA_REPACK_v7_r003_cand_v7r003_hyp_0003_01_002_a3eb57b720db7/job_0_n_233_id_46_beam_orig2_bm1-s0to50br2-s50to100br1-s100to150br2/job_0_n_233_id_46_beam_orig2_bm1-s0to50br2-s50to100br1-s100to150br2.pdb,186,"2,0,13,16,19,16,19,14,11,3,10,18,19,19,6,18,7,15,2,12,16,9,6,4,11,13,14,19,6,11,5,10,3,10,0,0,10,9,19,18,17,6,12,6,3,11,2,9,9,5,13,19,8,7,6,6,3,10,11,19,5,8,15,15,18,1,5,1,0,1,10,10,11,3,5,10,15,10,7,2,0,0,10,5,9,16,3,19,11,10,5,3,0,7,19,18,1,4,12,9,15,18,7,7,0,3,18,11,1,9,16,19,11,19,2,0,2,0,13,16,19,16,19,14,11,3,10,18,19,19,6,18,7,15,2,12,16,9,6,4,11,13,14,19,6,11,5,10,3,10,0,0,10,9,19,18,17,6,12,6,3,11,2,9,9,5,13,19,8,7,6,6,3,10,11,19,5,8,15,15,18,1,5,1,0,1,10,10,11,3,5,10,15,10,7,2,0,0,10,5,9,16,3,19,11,10,5,3,0,7,19,18,1,4,12,9,15,18,7,7,0,3,18,11,1,9,16,19,11,19,2,0,14",-0.51769805,0.28736028,3.0,0.051020708,85.58893,0.053381767,1.0,0.053381767,0.30732325,0.012940378,0.0,0.0,0.051020708,0.0028526215,0.85883963,0.30732325,3.100217,1.2869629,85.58893,-0.51769805,3.8787494,215.07329,0.012644304,0.04865965,1.0,215.07329,0.2696753,0.14116035,3.100217,0.0028526215,0.013236452,0.28736028,0.0,1.2869629,3.8787494,0.012644304,0.51769805,0.0,0.013236452,0.51769805,0.5909748,0.04865965,1.0,0.012940378,lookahead,beam_orig2_bm1-s0to50br2-s50to100br1-s100to150br2
/work/T-REX/external/Proteina-Complexa/inference/search_binder_local_pipeline_32_PDL1_ALPHA_REPACK_v7_r003_cand_v7r003_hyp_0003_01_002_a3eb57b720db7/job_0_n_180_id_46_beam_orig3_bm3-s0to50br1-s50to100br0-s100to150br2/job_0_n_180_id_46_beam_orig3_bm3-s0to50br1-s50to100br0-s100to150br2.pdb,187,"2,0,13,16,19,16,19,14,11,3,10,18,19,19,6,18,7,15,2,12,16,9,6,4,11,13,14,19,6,11,5,10,3,10,0,0,10,9,19,18,17,6,12,6,3,11,2,9,9,5,13,19,8,7,6,6,3,10,11,19,5,8,15,15,18,1,5,1,0,1,10,10,11,3,5,10,15,10,7,2,0,0,10,5,9,16,3,19,11,10,5,3,0,7,19,18,1,4,12,9,15,18,7,7,0,3,18,11,1,9,16,19,11,19,2,0,9,5,16,17,0,19,6,15,10,11,2,15,7,11,16,13,16,0,14,0,10,2,1,13,17,6,10,19,7,3,3,15,3,10,10,13,1,16,9,1,18,10,5,2,15,14,11,11,6,9,16,19,6,3,19,6,6,0,19,11,0,19,11,0,0,0,0,0,0,0,0,0,0,0,0,0,0,0,0,0,0,0,0,0,0,0,0,0,0,0,0,0,0,0,0,0,0,0,0,0,0,0,0,0,0,0,0,0,0,0,0,0,0,0,0,0,0",-0.26769155,0.13100171,3.0,0.21073306,65.05524,0.23998517,1.0,0.23998517,0.20373277,0.21048957,0.0,0.0,0.21073306,0.001082412,0.85916805,0.20373277,5.3534203,1.6590488,65.05524,-0.26769155,2.885487,189.34549,0.18148094,0.18148094,1.0,189.34549,0.58103085,0.14083193,5.3534203,0.001082412,0.2394982,0.13100171,0.0,1.6590488,2.885487,0.18148094,0.26769155,0.0,0.2394982,0.26769155,0.79092854,0.18148094,1.0,0.21048957,lookahead,beam_orig3_bm3-s0to50br1-s50to100br0-s100to150br2
/work/T-REX/external/Proteina-Complexa/inference/search_binder_local_pipeline_32_PDL1_ALPHA_REPACK_v7_r003_cand_v7r003_hyp_0003_01_002_a3eb57b720db7/job_0_n_176_id_47_beam_orig0_bm0-s0to50br1-s50to100br2-s100to150br3/job_0_n_176_id_47_beam_orig0_bm0-s0to50br1-s50to100br2-s100to150br3.pdb,188,"2,0,13,16,19,16,19,14,11,3,10,18,19,19,6,18,7,15,2,12,16,9,6,4,11,13,14,19,6,11,5,10,3,10,0,0,10,9,19,18,17,6,12,6,3,11,2,9,9,5,13,19,8,7,6,6,3,10,11,19,5,8,15,15,18,1,5,1,0,1,10,10,11,3,5,10,15,10,7,2,0,0,10,5,9,16,3,19,11,10,5,3,0,7,19,18,1,4,12,9,15,18,7,7,0,3,18,11,1,9,16,19,11,19,2,0,15,10,6,6,0,9,11,10,3,5,6,7,15,5,6,13,19,11,7,2,18,3,6,0,19,11,10,13,5,1,0,13,6,9,1,11,11,0,10,7,14,6,8,8,3,16,11,19,15,1,3,17,10,11,10,0,5,11,10,5,0,0,0,0,0,0,0,0,0,0,0,0,0,0,0,0,0,0,0,0,0,0,0,0,0,0,0,0,0,0,0,0,0,0,0,0,0,0,0,0,0,0,0,0,0,0,0,0,0,0,0,0,0,0,0,0,0",-0.29493138,0.11671252,3.0,0.17738757,36.166027,0.23155183,1.0,0.23155183,0.21504703,0.16953696,0.0,0.0,0.17738757,0.0010101736,0.8734032,0.21504703,2.5722835,1.3243989,36.166027,-0.29493138,2.778212,171.88832,0.11618842,0.1232233,1.0,171.88832,0.5416859,0.12659678,2.5722835,0.0010101736,0.2228855,0.11671252,0.0,1.3243989,2.778212,0.11618842,0.29493138,0.0,0.2228855,0.29493138,0.7724195,0.1232233,1.0,0.16953696,lookahead,beam_orig0_bm0-s0to50br1-s50to100br2-s100to150br3
/work/T-REX/external/Proteina-Complexa/inference/search_binder_local_pipeline_32_PDL1_ALPHA_REPACK_v7_r003_cand_v7r003_hyp_0003_01_002_a3eb57b720db7/job_0_n_229_id_47_beam_orig1_bm2-s0to50br1-s50to100br0-s100to150br3/job_0_n_229_id_47_beam_orig1_bm2-s0to50br1-s50to100br0-s100to150br3.pdb,189,"2,0,13,16,19,16,19,14,11,3,10,18,19,19,6,18,7,15,2,12,16,9,6,4,11,13,14,19,6,11,5,10,3,10,0,0,10,9,19,18,17,6,12,6,3,11,2,9,9,5,13,19,8,7,6,6,3,10,11,19,5,8,15,15,18,1,5,1,0,1,10,10,11,3,5,10,15,10,7,2,0,0,10,5,9,16,3,19,11,10,5,3,0,7,19,18,1,4,12,9,15,18,7,7,0,3,18,11,1,9,16,19,11,19,2,0,0,13,16,19,16,19,14,11,3,10,18,19,19,6,18,7,15,2,12,16,9,6,4,11,13,14,19,6,11,5,10,3,10,0,0,10,9,19,18,17,6,12,6,3,11,2,9,9,5,13,19,8,7,6,6,3,10,11,19,5,8,15,15,18,1,5,1,0,1,10,10,11,3,5,10,15,10,7,2,0,0,10,5,9,16,3,19,11,10,5,3,0,7,19,18,1,4,12,9,15,18,7,7,0,3,18,11,1,9,16,19,11,19,0,0,0,0",-0.5146149,0.2876701,3.0,0.051726915,58.591953,0.05398338,1.0,0.05398338,0.3054975,0.012814103,0.0,0.0,0.051726915,0.001776153,0.86108977,0.3054975,4.2418323,1.2757591,58.591953,-0.5146149,3.8195553,197.94867,0.012451906,0.049470447,1.0,197.94867,0.27244717,0.13891022,4.2418323,0.001776153,0.013176299,0.2876701,0.0,1.2757591,3.8195553,0.012451906,0.5146149,0.0,0.013176299,0.5146149,0.5934516,0.049470447,1.0,0.012814103,lookahead,beam_orig1_bm2-s0to50br1-s50to100br0-s100to150br3
/work/T-REX/external/Proteina-Complexa/inference/search_binder_local_pipeline_32_PDL1_ALPHA_REPACK_v7_r003_cand_v7r003_hyp_0003_01_002_a3eb57b720db7/job_0_n_233_id_47_beam_orig2_bm1-s0to50br2-s50to100br1-s100to150br3/job_0_n_233_id_47_beam_orig2_bm1-s0to50br2-s50to100br1-s100to150br3.pdb,190,"2,0,13,16,19,16,19,14,11,3,10,18,19,19,6,18,7,15,2,12,16,9,6,4,11,13,14,19,6,11,5,10,3,10,0,0,10,9,19,18,17,6,12,6,3,11,2,9,9,5,13,19,8,7,6,6,3,10,11,19,5,8,15,15,18,1,5,1,0,1,10,10,11,3,5,10,15,10,7,2,0,0,10,5,9,16,3,19,11,10,5,3,0,7,19,18,1,4,12,9,15,18,7,7,0,3,18,11,1,9,16,19,11,19,2,0,2,0,13,16,19,16,19,14,11,3,10,18,19,19,6,18,7,15,2,12,16,9,6,4,11,13,14,19,6,11,5,10,3,10,0,0,10,9,19,18,17,6,12,6,3,11,2,9,9,5,13,19,8,7,6,6,3,10,11,19,5,8,15,15,18,1,5,1,0,1,10,10,11,3,5,10,15,10,7,2,0,0,10,5,9,16,3,19,11,10,5,3,0,7,19,18,1,4,12,9,15,18,7,7,0,3,18,11,1,9,16,19,11,19,2,0,14",-0.5271312,0.29757348,3.0,0.04761693,81.3507,0.049783457,1.0,0.049783457,0.31237704,0.012438303,0.0,0.0,0.04761693,0.0029145079,0.8583932,0.31237704,2.61,1.2956823,81.3507,-0.5271312,3.9029725,212.5951,0.012261478,0.045450404,1.0,212.5951,0.26450783,0.14160682,2.61,0.0029145079,0.012615127,0.29757348,0.0,1.2956823,3.9029725,0.012261478,0.5271312,0.0,0.012615127,0.5271312,0.5877235,0.045450404,1.0,0.012438303,lookahead,beam_orig2_bm1-s0to50br2-s50to100br1-s100to150br3
/work/T-REX/external/Proteina-Complexa/inference/search_binder_local_pipeline_32_PDL1_ALPHA_REPACK_v7_r003_cand_v7r003_hyp_0003_01_002_a3eb57b720db7/job_0_n_180_id_47_beam_orig3_bm3-s0to50br1-s50to100br0-s100to150br3/job_0_n_180_id_47_beam_orig3_bm3-s0to50br1-s50to100br0-s100to150br3.pdb,191,"2,0,13,16,19,16,19,14,11,3,10,18,19,19,6,18,7,15,2,12,16,9,6,4,11,13,14,19,6,11,5,10,3,10,0,0,10,9,19,18,17,6,12,6,3,11,2,9,9,5,13,19,8,7,6,6,3,10,11,19,5,8,15,15,18,1,5,1,0,1,10,10,11,3,5,10,15,10,7,2,0,0,10,5,9,16,3,19,11,10,5,3,0,7,19,18,1,4,12,9,15,18,7,7,0,3,18,11,1,9,16,19,11,19,2,0,9,5,8,17,0,5,16,15,10,11,2,0,7,11,16,13,11,14,3,0,10,2,1,13,17,6,10,19,7,2,3,15,3,10,10,13,11,10,9,1,18,10,5,15,10,14,11,11,3,9,6,19,3,3,19,6,6,0,19,11,19,19,2,15,0,0,0,0,0,0,0,0,0,0,0,0,0,0,0,0,0,0,0,0,0,0,0,0,0,0,0,0,0,0,0,0,0,0,0,0,0,0,0,0,0,0,0,0,0,0,0,0,0,0,0,0,0",-0.26443797,0.12181093,3.0,0.2221182,65.293526,0.25585333,1.0,0.25585333,0.20019315,0.22122684,0.0,0.0,0.2221182,0.0014414964,0.86961746,0.20019315,5.494554,1.7001133,65.293526,-0.26443797,2.8934257,181.91919,0.18704666,0.18838307,1.0,181.91919,0.57496506,0.13038257,5.494554,0.0014414964,0.25540704,0.12181093,0.0,1.7001133,2.8934257,0.18704666,0.26443797,0.0,0.25540704,0.26443797,0.78653395,0.18838307,1.0,0.22122684,lookahead,beam_orig3_bm3-s0to50br1-s50to100br0-s100to150br3
/work/T-REX/external/Proteina-Complexa/inference/search_binder_local_pipeline_32_PDL1_ALPHA_REPACK_v7_r003_cand_v7r003_hyp_0003_01_002_a3eb57b720db7/job_0_n_176_id_48_beam_orig0_bm1-s0to50br2-s50to100br1-s100to150br1-s150to200br0/job_0_n_176_id_48_beam_orig0_bm1-s0to50br2-s50to100br1-s100to150br1-s150to200br0.pdb,192,"2,0,13,16,19,16,19,14,11,3,10,18,19,19,6,18,7,15,2,12,16,9,6,4,11,13,14,19,6,11,5,10,3,10,0,0,10,9,19,18,17,6,12,6,3,11,2,9,9,5,13,19,8,7,6,6,3,10,11,19,5,8,15,15,18,1,5,1,0,1,10,10,11,3,5,10,15,10,7,2,0,0,10,5,9,16,3,19,11,10,5,3,0,7,19,18,1,4,12,9,15,18,7,7,0,3,18,11,1,9,16,19,11,19,2,0,0,0,0,8,11,3,12,7,2,10,10,13,11,2,7,5,10,0,6,0,6,11,5,18,1,10,0,10,6,10,11,14,2,3,0,11,16,8,2,2,10,0,0,0,10,6,11,10,7,1,10,3,6,0,10,6,6,18,5,11,0,0,0,0,0,0,0,0,0,0,0,0,0,0,0,0,0,0,0,0,0,0,0,0,0,0,0,0,0,0,0,0,0,0,0,0,0,0,0,0,0,0,0,0,0,0,0,0,0,0,0,0,0,0,0,0,0",-0.17635337,0.068943635,3.0,0.4580782,51.20174,0.556518,1.0,0.556518,0.13598135,0.4580782,0.0,0.0,0.4580782,0.001535523,0.94624734,0.13598135,4.719367,1.2268494,51.20174,-0.17635337,2.5609977,179.01736,0.35963842,0.35963842,1.0,179.01736,0.76371443,0.053752664,4.719367,0.001535523,0.556518,0.068943635,0.0,1.2268494,2.5609977,0.35963842,0.17635337,0.0,0.556518,0.17635337,0.86156154,0.35963842,1.0,0.4580782,lookahead,beam_orig0_bm1-s0to50br2-s50to100br1-s100to150br1-s150to200br0
/work/T-REX/external/Proteina-Complexa/inference/search_binder_local_pipeline_32_PDL1_ALPHA_REPACK_v7_r003_cand_v7r003_hyp_0003_01_002_a3eb57b720db7/job_0_n_229_id_48_beam_orig1_bm2-s0to50br1-s50to100br1-s100to150br0-s150to200br0/job_0_n_229_id_48_beam_orig1_bm2-s0to50br1-s50to100br1-s100to150br0-s150to200br0.pdb,193,"2,0,13,16,19,16,19,14,11,3,10,18,19,19,6,18,7,15,2,12,16,9,6,4,11,13,14,19,6,11,5,10,3,10,0,0,10,9,19,18,17,6,12,6,3,11,2,9,9,5,13,19,8,7,6,6,3,10,11,19,5,8,15,15,18,1,5,1,0,1,10,10,11,3,5,10,15,10,7,2,0,0,10,5,9,16,3,19,11,10,5,3,0,7,19,18,1,4,12,9,15,18,7,7,0,3,18,11,1,9,16,19,11,19,2,0,0,13,16,19,16,19,14,11,3,10,18,19,19,6,18,7,15,2,12,16,9,6,4,11,13,14,19,6,11,5,10,3,10,0,0,10,9,19,18,17,6,12,6,3,11,2,9,9,5,13,19,8,7,6,6,3,10,11,19,5,8,15,15,18,1,5,1,0,1,10,10,11,3,5,10,15,10,7,2,0,0,10,5,9,16,3,19,11,10,5,3,0,7,19,18,1,4,12,9,15,18,7,7,0,3,18,11,1,9,16,19,11,19,0,0,0,0",-0.5120667,0.28410164,3.0,0.051632747,59.069008,0.053943023,1.0,0.053943023,0.30371854,0.013012193,0.0,0.0,0.051632747,0.0017767728,0.86089796,0.30371854,4.3382845,1.2690624,59.069008,-0.5120667,3.8093433,200.01181,0.012559552,0.049322475,1.0,200.01181,0.27026647,0.13910204,4.3382845,0.0017767728,0.0134648355,0.28410164,0.0,1.2690624,3.8093433,0.012559552,0.5120667,0.0,0.0134648355,0.5120667,0.59256625,0.049322475,1.0,0.013012193,lookahead,beam_orig1_bm2-s0to50br1-s50to100br1-s100to150br0-s150to200br0
/work/T-REX/external/Proteina-Complexa/inference/search_binder_local_pipeline_32_PDL1_ALPHA_REPACK_v7_r003_cand_v7r003_hyp_0003_01_002_a3eb57b720db7/job_0_n_233_id_48_beam_orig2_bm1-s0to50br2-s50to100br1-s100to150br2-s150to200br0/job_0_n_233_id_48_beam_orig2_bm1-s0to50br2-s50to100br1-s100to150br2-s150to200br0.pdb,194,"2,0,13,16,19,16,19,14,11,3,10,18,19,19,6,18,7,15,2,12,16,9,6,4,11,13,14,19,6,11,5,10,3,10,0,0,10,9,19,18,17,6,12,6,3,11,2,9,9,5,13,19,8,7,6,6,3,10,11,19,5,8,15,15,18,1,5,1,0,1,10,10,11,3,5,10,15,10,7,2,0,0,10,5,9,16,3,19,11,10,5,3,0,7,19,18,1,4,12,9,15,18,7,7,0,3,18,11,1,9,16,19,11,19,2,0,2,0,13,16,19,16,19,14,11,3,10,18,19,19,6,18,7,15,2,12,16,9,6,4,11,13,14,19,6,11,5,10,3,10,0,0,10,9,19,18,17,6,12,6,3,11,2,9,9,5,13,19,8,7,6,6,3,10,11,19,5,8,15,15,18,1,5,1,0,1,10,10,11,3,5,10,15,10,7,2,0,0,10,5,9,16,3,19,11,10,5,3,0,7,19,18,1,4,12,9,15,18,7,7,0,3,18,11,1,9,16,19,11,19,2,0,14",-0.52652586,0.29639342,3.0,0.047091443,82.89759,0.049158864,1.0,0.049158864,0.31181714,0.012355486,0.0,0.0,0.047091443,0.002775546,0.85845727,0.31181714,2.936259,1.2913961,82.89759,-0.52652586,3.903005,211.02837,0.012025373,0.045024022,1.0,211.02837,0.26189297,0.14154275,2.936259,0.002775546,0.0126856,0.29639342,0.0,1.2913961,3.903005,0.012025373,0.52652586,0.0,0.0126856,0.52652586,0.58674455,0.045024022,1.0,0.012355486,lookahead,beam_orig2_bm1-s0to50br2-s50to100br1-s100to150br2-s150to200br0
/work/T-REX/external/Proteina-Complexa/inference/search_binder_local_pipeline_32_PDL1_ALPHA_REPACK_v7_r003_cand_v7r003_hyp_0003_01_002_a3eb57b720db7/job_0_n_180_id_48_beam_orig3_bm3-s0to50br1-s50to100br1-s100to150br0-s150to200br0/job_0_n_180_id_48_beam_orig3_bm3-s0to50br1-s50to100br1-s100to150br0-s150to200br0.pdb,195,"2,0,13,16,19,16,19,14,11,3,10,18,19,19,6,18,7,15,2,12,16,9,6,4,11,13,14,19,6,11,5,10,3,10,0,0,10,9,19,18,17,6,12,6,3,11,2,9,9,5,13,19,8,7,6,6,3,10,11,19,5,8,15,15,18,1,5,1,0,1,10,10,11,3,5,10,15,10,7,2,0,0,10,5,9,16,3,19,11,10,5,3,0,7,19,18,1,4,12,9,15,18,7,7,0,3,18,11,1,9,16,19,11,19,2,0,10,10,11,13,13,6,3,15,10,11,2,19,7,11,16,13,6,14,0,0,11,6,11,10,10,6,10,19,7,2,3,15,3,11,10,13,3,10,10,11,9,10,10,2,15,14,11,11,11,9,16,19,6,3,19,6,6,0,18,11,16,10,5,11,0,0,0,0,0,0,0,0,0,0,0,0,0,0,0,0,0,0,0,0,0,0,0,0,0,0,0,0,0,0,0,0,0,0,0,0,0,0,0,0,0,0,0,0,0,0,0,0,0,0,0,0,0",-0.20847383,0.07977021,3.0,0.36560872,53.16684,0.42140293,1.0,0.42140293,0.16618904,0.36560872,0.0,0.0,0.36560872,0.0013196124,0.8852192,0.16618904,4.372041,1.7885057,53.16684,-0.20847383,2.4882784,182.98251,0.3098145,0.3098145,1.0,182.98251,0.7008171,0.11478077,4.372041,0.0013196124,0.42140293,0.07977021,0.0,1.7885057,2.4882784,0.3098145,0.20847383,0.0,0.42140293,0.20847383,0.83338106,0.3098145,1.0,0.36560872,lookahead,beam_orig3_bm3-s0to50br1-s50to100br1-s100to150br0-s150to200br0
/work/T-REX/external/Proteina-Complexa/inference/search_binder_local_pipeline_32_PDL1_ALPHA_REPACK_v7_r003_cand_v7r003_hyp_0003_01_002_a3eb57b720db7/job_0_n_176_id_49_beam_orig0_bm1-s0to50br2-s50to100br1-s100to150br1-s150to200br1/job_0_n_176_id_49_beam_orig0_bm1-s0to50br2-s50to100br1-s100to150br1-s150to200br1.pdb,196,"2,0,13,16,19,16,19,14,11,3,10,18,19,19,6,18,7,15,2,12,16,9,6,4,11,13,14,19,6,11,5,10,3,10,0,0,10,9,19,18,17,6,12,6,3,11,2,9,9,5,13,19,8,7,6,6,3,10,11,19,5,8,15,15,18,1,5,1,0,1,10,10,11,3,5,10,15,10,7,2,0,0,10,5,9,16,3,19,11,10,5,3,0,7,19,18,1,4,12,9,15,18,7,7,0,3,18,11,1,9,16,19,11,19,2,0,0,0,0,8,11,3,12,7,2,10,10,13,11,2,7,5,10,0,6,0,6,11,5,18,1,10,0,10,6,10,11,14,2,3,0,11,16,8,2,2,10,0,0,0,10,6,11,10,7,1,10,3,6,0,10,6,6,18,5,11,0,0,0,0,0,0,0,0,0,0,0,0,0,0,0,0,0,0,0,0,0,0,0,0,0,0,0,0,0,0,0,0,0,0,0,0,0,0,0,0,0,0,0,0,0,0,0,0,0,0,0,0,0,0,0,0,0",-0.1783521,0.070230015,3.0,0.45020616,55.078102,0.5478573,1.0,0.5478573,0.13747135,0.45020616,0.0,0.0,0.45020616,0.0015515586,0.9450773,0.13747135,4.849128,1.2325498,55.078102,-0.1783521,2.5747683,183.67429,0.352555,0.352555,1.0,183.67429,0.76009184,0.05492267,4.849128,0.0015515586,0.5478573,0.070230015,0.0,1.2325498,2.5747683,0.352555,0.1783521,0.0,0.5478573,0.1783521,0.8600683,0.352555,1.0,0.45020616,lookahead,beam_orig0_bm1-s0to50br2-s50to100br1-s100to150br1-s150to200br1
/work/T-REX/external/Proteina-Complexa/inference/search_binder_local_pipeline_32_PDL1_ALPHA_REPACK_v7_r003_cand_v7r003_hyp_0003_01_002_a3eb57b720db7/job_0_n_229_id_49_beam_orig1_bm2-s0to50br1-s50to100br1-s100to150br0-s150to200br1/job_0_n_229_id_49_beam_orig1_bm2-s0to50br1-s50to100br1-s100to150br0-s150to200br1.pdb,197,"2,0,13,16,19,16,19,14,11,3,10,18,19,19,6,18,7,15,2,12,16,9,6,4,11,13,14,19,6,11,5,10,3,10,0,0,10,9,19,18,17,6,12,6,3,11,2,9,9,5,13,19,8,7,6,6,3,10,11,19,5,8,15,15,18,1,5,1,0,1,10,10,11,3,5,10,15,10,7,2,0,0,10,5,9,16,3,19,11,10,5,3,0,7,19,18,1,4,12,9,15,18,7,7,0,3,18,11,1,9,16,19,11,19,2,0,0,13,16,19,16,19,14,11,3,10,18,19,19,6,18,7,15,2,12,16,9,6,4,11,13,14,19,6,11,5,10,3,10,0,0,10,9,19,18,17,6,12,6,3,11,2,9,9,5,13,19,8,7,6,6,3,10,11,19,5,8,15,15,18,1,5,1,0,1,10,10,11,3,5,10,15,10,7,2,0,0,10,5,9,16,3,19,11,10,5,3,0,7,19,18,1,4,12,9,15,18,7,7,0,3,18,11,1,9,16,19,11,19,0,0,0,0",-0.51349884,0.2800965,3.0,0.049127158,68.52639,0.051496282,1.0,0.051496282,0.304334,0.013642451,0.0,0.0,0.049127158,0.0017079173,0.8609127,0.304334,5.040843,1.2636808,68.52639,-0.51349884,3.7955182,202.11865,0.013191336,0.046758033,1.0,202.11865,0.26388538,0.1390873,5.040843,0.0017079173,0.014093565,0.2800965,0.0,1.2636808,3.7955182,0.013191336,0.51349884,0.0,0.014093565,0.51349884,0.58938813,0.046758033,1.0,0.013642451,lookahead,beam_orig1_bm2-s0to50br1-s50to100br1-s100to150br0-s150to200br1
/work/T-REX/external/Proteina-Complexa/inference/search_binder_local_pipeline_32_PDL1_ALPHA_REPACK_v7_r003_cand_v7r003_hyp_0003_01_002_a3eb57b720db7/job_0_n_233_id_49_beam_orig2_bm1-s0to50br2-s50to100br1-s100to150br2-s150to200br1/job_0_n_233_id_49_beam_orig2_bm1-s0to50br2-s50to100br1-s100to150br2-s150to200br1.pdb,198,"2,0,13,16,19,16,19,14,11,3,10,18,19,19,6,18,7,15,2,12,16,9,6,4,11,13,14,19,6,11,5,10,3,10,0,0,10,9,19,18,17,6,12,6,3,11,2,9,9,5,13,19,8,7,6,6,3,10,11,19,5,8,15,15,18,1,5,1,0,1,10,10,11,3,5,10,15,10,7,2,0,0,10,5,9,16,3,19,11,10,5,3,0,7,19,18,1,4,12,9,15,18,7,7,0,3,18,11,1,9,16,19,11,19,2,0,2,0,13,16,19,16,19,14,11,3,10,18,19,19,6,18,7,15,2,12,16,9,6,4,11,13,14,19,6,11,5,10,3,10,0,0,10,9,19,18,17,6,12,6,3,11,2,9,9,5,13,19,8,7,6,6,3,10,11,19,5,8,15,15,18,1,5,1,0,1,10,10,11,3,5,10,15,10,7,2,0,0,10,5,9,16,3,19,11,10,5,3,0,7,19,18,1,4,12,9,15,18,7,7,0,3,18,11,1,9,16,19,11,19,2,0,14",-0.52420115,0.29342768,3.0,0.048894532,84.24074,0.051370393,1.0,0.051370393,0.3109339,0.012524037,0.0,0.0,0.048894532,0.0029384673,0.8581935,0.3109339,2.9238992,1.2925601,84.24074,-0.52420115,3.8938613,210.45474,0.012078903,0.046418667,1.0,210.45474,0.26461142,0.14180648,2.9238992,0.0029384673,0.012969172,0.29342768,0.0,1.2925601,3.8938613,0.012078903,0.52420115,0.0,0.012969172,0.52420115,0.5880977,0.046418667,1.0,0.012524037,lookahead,beam_orig2_bm1-s0to50br2-s50to100br1-s100to150br2-s150to200br1
/work/T-REX/external/Proteina-Complexa/inference/search_binder_local_pipeline_32_PDL1_ALPHA_REPACK_v7_r003_cand_v7r003_hyp_0003_01_002_a3eb57b720db7/job_0_n_180_id_49_beam_orig3_bm3-s0to50br1-s50to100br1-s100to150br0-s150to200br1/job_0_n_180_id_49_beam_orig3_bm3-s0to50br1-s50to100br1-s100to150br0-s150to200br1.pdb,199,"2,0,13,16,19,16,19,14,11,3,10,18,19,19,6,18,7,15,2,12,16,9,6,4,11,13,14,19,6,11,5,10,3,10,0,0,10,9,19,18,17,6,12,6,3,11,2,9,9,5,13,19,8,7,6,6,3,10,11,19,5,8,15,15,18,1,5,1,0,1,10,10,11,3,5,10,15,10,7,2,0,0,10,5,9,16,3,19,11,10,5,3,0,7,19,18,1,4,12,9,15,18,7,7,0,3,18,11,1,9,16,19,11,19,2,0,10,10,11,13,13,6,3,15,10,11,2,19,7,11,16,13,6,14,0,0,11,6,11,10,10,6,10,19,7,2,3,15,3,11,10,13,3,10,10,11,9,10,10,2,15,14,11,11,11,9,16,19,6,3,19,6,6,0,18,11,16,10,6,11,0,0,0,0,0,0,0,0,0,0,0,0,0,0,0,0,0,0,0,0,0,0,0,0,0,0,0,0,0,0,0,0,0,0,0,0,0,0,0,0,0,0,0,0,0,0,0,0,0,0,0,0,0",-0.20797743,0.079570174,3.0,0.36800963,53.960453,0.42501646,1.0,0.42501646,0.16545863,0.36800963,0.0,0.0,0.36800963,0.0014128452,0.8886663,0.16545863,4.330118,1.7636759,53.960453,-0.20797743,2.4790359,182.4438,0.3110028,0.3110028,1.0,182.4438,0.70170313,0.11133371,4.330118,0.0014128452,0.42501646,0.079570174,0.0,1.7636759,2.4790359,0.3110028,0.20797743,0.0,0.42501646,0.20797743,0.83341753,0.3110028,1.0,0.36800963,lookahead,beam_orig3_bm3-s0to50br1-s50to100br1-s100to150br0-s150to200br1
/work/T-REX/external/Proteina-Complexa/inference/search_binder_local_pipeline_32_PDL1_ALPHA_REPACK_v7_r003_cand_v7r003_hyp_0003_01_002_a3eb57b720db7/job_0_n_176_id_50_beam_orig0_bm1-s0to50br2-s50to100br1-s100to150br1-s150to200br2/job_0_n_176_id_50_beam_orig0_bm1-s0to50br2-s50to100br1-s100to150br1-s150to200br2.pdb,200,"2,0,13,16,19,16,19,14,11,3,10,18,19,19,6,18,7,15,2,12,16,9,6,4,11,13,14,19,6,11,5,10,3,10,0,0,10,9,19,18,17,6,12,6,3,11,2,9,9,5,13,19,8,7,6,6,3,10,11,19,5,8,15,15,18,1,5,1,0,1,10,10,11,3,5,10,15,10,7,2,0,0,10,5,9,16,3,19,11,10,5,3,0,7,19,18,1,4,12,9,15,18,7,7,0,3,18,11,1,9,16,19,11,19,2,0,0,0,0,8,11,3,12,7,2,10,10,13,11,2,7,5,10,0,6,0,6,11,5,18,1,10,0,10,6,10,11,14,2,3,0,11,16,8,2,2,10,0,0,0,10,6,11,10,7,1,10,3,6,0,10,6,6,18,5,11,0,0,0,0,0,0,0,0,0,0,0,0,0,0,0,0,0,0,0,0,0,0,0,0,0,0,0,0,0,0,0,0,0,0,0,0,0,0,0,0,0,0,0,0,0,0,0,0,0,0,0,0,0,0,0,0,0",-0.17550439,0.06863169,3.0,0.45960927,53.879997,0.5585338,1.0,0.5585338,0.13545156,0.45960927,0.0,0.0,0.45960927,0.001552413,0.94607747,0.13545156,4.821294,1.2256702,53.879997,-0.17550439,2.5653775,191.74838,0.36068472,0.36068472,1.0,191.74838,0.763733,0.05392253,4.821294,0.001552413,0.5585338,0.06863169,0.0,1.2256702,2.5653775,0.36068472,0.17550439,0.0,0.5585338,0.17550439,0.8613299,0.36068472,1.0,0.45960927,lookahead,beam_orig0_bm1-s0to50br2-s50to100br1-s100to150br1-s150to200br2
/work/T-REX/external/Proteina-Complexa/inference/search_binder_local_pipeline_32_PDL1_ALPHA_REPACK_v7_r003_cand_v7r003_hyp_0003_01_002_a3eb57b720db7/job_0_n_229_id_50_beam_orig1_bm2-s0to50br1-s50to100br1-s100to150br0-s150to200br2/job_0_n_229_id_50_beam_orig1_bm2-s0to50br1-s50to100br1-s100to150br0-s150to200br2.pdb,201,"2,0,13,16,19,16,19,14,11,3,10,18,19,19,6,18,7,15,2,12,16,9,6,4,11,13,14,19,6,11,5,10,3,10,0,0,10,9,19,18,17,6,12,6,3,11,2,9,9,5,13,19,8,7,6,6,3,10,11,19,5,8,15,15,18,1,5,1,0,1,10,10,11,3,5,10,15,10,7,2,0,0,10,5,9,16,3,19,11,10,5,3,0,7,19,18,1,4,12,9,15,18,7,7,0,3,18,11,1,9,16,19,11,19,2,0,0,13,16,19,16,19,14,11,3,10,18,19,19,6,18,7,15,2,12,16,9,6,4,11,13,14,19,6,11,5,10,3,10,0,0,10,9,19,18,17,6,12,6,3,11,2,9,9,5,13,19,8,7,6,6,3,10,11,19,5,8,15,15,18,1,5,1,0,1,10,10,11,3,5,10,15,10,7,2,0,0,10,5,9,16,3,19,11,10,5,3,0,7,19,18,1,4,12,9,15,18,7,7,0,3,18,11,1,9,16,19,11,19,0,0,0,0",-0.51735955,0.28731555,3.0,0.049390726,57.971832,0.052621152,1.0,0.052621152,0.306206,0.012916134,0.0,0.0,0.049390726,0.001709554,0.86155427,0.306206,4.1301265,1.268054,57.971832,-0.51735955,3.8277895,200.68372,0.012530032,0.046160296,1.0,200.68372,0.26827058,0.13844572,4.1301265,0.001709554,0.013302236,0.28731555,0.0,1.268054,3.8277895,0.012530032,0.51735955,0.0,0.013302236,0.51735955,0.59151,0.046160296,1.0,0.012916134,lookahead,beam_orig1_bm2-s0to50br1-s50to100br1-s100to150br0-s150to200br2
/work/T-REX/external/Proteina-Complexa/inference/search_binder_local_pipeline_32_PDL1_ALPHA_REPACK_v7_r003_cand_v7r003_hyp_0003_01_002_a3eb57b720db7/job_0_n_233_id_50_beam_orig2_bm1-s0to50br2-s50to100br1-s100to150br2-s150to200br2/job_0_n_233_id_50_beam_orig2_bm1-s0to50br2-s50to100br1-s100to150br2-s150to200br2.pdb,202,"2,0,13,16,19,16,19,14,11,3,10,18,19,19,6,18,7,15,2,12,16,9,6,4,11,13,14,19,6,11,5,10,3,10,0,0,10,9,19,18,17,6,12,6,3,11,2,9,9,5,13,19,8,7,6,6,3,10,11,19,5,8,15,15,18,1,5,1,0,1,10,10,11,3,5,10,15,10,7,2,0,0,10,5,9,16,3,19,11,10,5,3,0,7,19,18,1,4,12,9,15,18,7,7,0,3,18,11,1,9,16,19,11,19,2,0,2,0,13,16,19,16,19,14,11,3,10,18,19,19,6,18,7,15,2,12,16,9,6,4,11,13,14,19,6,11,5,10,3,10,0,0,10,9,19,18,17,6,12,6,3,11,2,9,9,5,13,19,8,7,6,6,3,10,11,19,5,8,15,15,18,1,5,1,0,1,10,10,11,3,5,10,15,10,7,2,0,0,10,5,9,16,3,19,11,10,5,3,0,7,19,18,1,4,12,9,15,18,7,7,0,3,18,11,1,9,16,19,11,19,2,0,14",-0.5261289,0.29654983,3.0,0.048180584,85.1859,0.050970532,1.0,0.050970532,0.31181133,0.012575459,0.0,0.0,0.048180584,0.0028161826,0.8584798,0.31181133,2.8545656,1.29457,85.1859,-0.5261289,3.9022388,213.27138,0.012423475,0.045390636,1.0,213.27138,0.2638089,0.14152019,2.8545656,0.0028161826,0.012727441,0.29654983,0.0,1.29457,3.9022388,0.012423475,0.5261289,0.0,0.012727441,0.5261289,0.58727217,0.045390636,1.0,0.012575459,lookahead,beam_orig2_bm1-s0to50br2-s50to100br1-s100to150br2-s150to200br2
/work/T-REX/external/Proteina-Complexa/inference/search_binder_local_pipeline_32_PDL1_ALPHA_REPACK_v7_r003_cand_v7r003_hyp_0003_01_002_a3eb57b720db7/job_0_n_180_id_50_beam_orig3_bm3-s0to50br1-s50to100br1-s100to150br0-s150to200br2/job_0_n_180_id_50_beam_orig3_bm3-s0to50br1-s50to100br1-s100to150br0-s150to200br2.pdb,203,"2,0,13,16,19,16,19,14,11,3,10,18,19,19,6,18,7,15,2,12,16,9,6,4,11,13,14,19,6,11,5,10,3,10,0,0,10,9,19,18,17,6,12,6,3,11,2,9,9,5,13,19,8,7,6,6,3,10,11,19,5,8,15,15,18,1,5,1,0,1,10,10,11,3,5,10,15,10,7,2,0,0,10,5,9,16,3,19,11,10,5,3,0,7,19,18,1,4,12,9,15,18,7,7,0,3,18,11,1,9,16,19,11,19,2,0,10,10,11,13,13,6,3,15,10,11,2,19,7,11,16,13,6,14,0,0,11,5,11,10,10,6,10,19,7,2,3,15,3,11,10,13,3,10,10,11,9,10,10,2,15,14,11,11,11,9,16,19,6,3,19,6,6,0,18,11,16,10,5,11,0,0,0,0,0,0,0,0,0,0,0,0,0,0,0,0,0,0,0,0,0,0,0,0,0,0,0,0,0,0,0,0,0,0,0,0,0,0,0,0,0,0,0,0,0,0,0,0,0,0,0,0,0",-0.20999576,0.08079208,3.0,0.36188167,51.972767,0.41808298,1.0,0.41808298,0.16722792,0.36188167,0.0,0.0,0.36188167,0.0013426123,0.8848667,0.16722792,4.3352757,1.7864795,51.972767,-0.20999576,2.5014007,183.49908,0.3056804,0.3056804,1.0,183.49908,0.6974855,0.115133286,4.3352757,0.0013426123,0.41808298,0.08079208,0.0,1.7864795,2.5014007,0.3056804,0.20999576,0.0,0.41808298,0.20999576,0.8320441,0.3056804,1.0,0.36188167,lookahead,beam_orig3_bm3-s0to50br1-s50to100br1-s100to150br0-s150to200br2
/work/T-REX/external/Proteina-Complexa/inference/search_binder_local_pipeline_32_PDL1_ALPHA_REPACK_v7_r003_cand_v7r003_hyp_0003_01_002_a3eb57b720db7/job_0_n_176_id_51_beam_orig0_bm1-s0to50br2-s50to100br1-s100to150br1-s150to200br3/job_0_n_176_id_51_beam_orig0_bm1-s0to50br2-s50to100br1-s100to150br1-s150to200br3.pdb,204,"2,0,13,16,19,16,19,14,11,3,10,18,19,19,6,18,7,15,2,12,16,9,6,4,11,13,14,19,6,11,5,10,3,10,0,0,10,9,19,18,17,6,12,6,3,11,2,9,9,5,13,19,8,7,6,6,3,10,11,19,5,8,15,15,18,1,5,1,0,1,10,10,11,3,5,10,15,10,7,2,0,0,10,5,9,16,3,19,11,10,5,3,0,7,19,18,1,4,12,9,15,18,7,7,0,3,18,11,1,9,16,19,11,19,2,0,0,0,0,8,11,3,12,7,2,10,10,13,11,2,7,5,10,0,6,0,6,11,5,18,1,10,0,10,6,10,11,14,2,3,0,11,16,8,2,2,10,0,0,0,10,6,11,10,7,1,10,3,6,0,10,6,6,18,5,11,0,0,0,0,0,0,0,0,0,0,0,0,0,0,0,0,0,0,0,0,0,0,0,0,0,0,0,0,0,0,0,0,0,0,0,0,0,0,0,0,0,0,0,0,0,0,0,0,0,0,0,0,0,0,0,0,0",-0.17691119,0.06992128,3.0,0.45392182,50.57689,0.5508926,1.0,0.5508926,0.13626485,0.45392182,0.0,0.0,0.45392182,0.0014974406,0.9463996,0.13626485,4.754299,1.224473,50.57689,-0.17691119,2.5663254,183.24565,0.35695106,0.35695106,1.0,183.24565,0.76298624,0.053600345,4.754299,0.0014974406,0.5508926,0.06992128,0.0,1.224473,2.5663254,0.35695106,0.17691119,0.0,0.5508926,0.17691119,0.8608401,0.35695106,1.0,0.45392182,lookahead,beam_orig0_bm1-s0to50br2-s50to100br1-s100to150br1-s150to200br3
/work/T-REX/external/Proteina-Complexa/inference/search_binder_local_pipeline_32_PDL1_ALPHA_REPACK_v7_r003_cand_v7r003_hyp_0003_01_002_a3eb57b720db7/job_0_n_229_id_51_beam_orig1_bm2-s0to50br1-s50to100br1-s100to150br0-s150to200br3/job_0_n_229_id_51_beam_orig1_bm2-s0to50br1-s50to100br1-s100to150br0-s150to200br3.pdb,205,"2,0,13,16,19,16,19,14,11,3,10,18,19,19,6,18,7,15,2,12,16,9,6,4,11,13,14,19,6,11,5,10,3,10,0,0,10,9,19,18,17,6,12,6,3,11,2,9,9,5,13,19,8,7,6,6,3,10,11,19,5,8,15,15,18,1,5,1,0,1,10,10,11,3,5,10,15,10,7,2,0,0,10,5,9,16,3,19,11,10,5,3,0,7,19,18,1,4,12,9,15,18,7,7,0,3,18,11,1,9,16,19,11,19,2,0,0,13,16,19,16,19,14,11,3,10,18,19,19,6,18,7,15,2,12,16,9,6,4,11,13,14,19,6,11,5,10,3,10,0,0,10,9,19,18,17,6,12,6,3,11,2,9,9,5,13,19,8,7,6,6,3,10,11,19,5,8,15,15,18,1,5,1,0,1,10,10,11,3,5,10,15,10,7,2,0,0,10,5,9,16,3,19,11,10,5,3,0,7,19,18,1,4,12,9,15,18,7,7,0,3,18,11,1,9,16,19,11,19,0,0,0,0",-0.50975025,0.2815823,3.0,0.05242683,58.722874,0.055262435,1.0,0.055262435,0.3022371,0.013114698,0.0,0.0,0.05242683,0.0017601927,0.8621948,0.3022371,4.363691,1.2625146,58.722874,-0.50975025,3.8012943,198.16945,0.012745865,0.049591225,1.0,198.16945,0.27278894,0.13780521,4.363691,0.0017601927,0.013483532,0.2815823,0.0,1.2625146,3.8012943,0.012745865,0.50975025,0.0,0.013483532,0.50975025,0.5939493,0.049591225,1.0,0.013114698,lookahead,beam_orig1_bm2-s0to50br1-s50to100br1-s100to150br0-s150to200br3
/work/T-REX/external/Proteina-Complexa/inference/search_binder_local_pipeline_32_PDL1_ALPHA_REPACK_v7_r003_cand_v7r003_hyp_0003_01_002_a3eb57b720db7/job_0_n_233_id_51_beam_orig2_bm1-s0to50br2-s50to100br1-s100to150br2-s150to200br3/job_0_n_233_id_51_beam_orig2_bm1-s0to50br2-s50to100br1-s100to150br2-s150to200br3.pdb,206,"2,0,13,16,19,16,19,14,11,3,10,18,19,19,6,18,7,15,2,12,16,9,6,4,11,13,14,19,6,11,5,10,3,10,0,0,10,9,19,18,17,6,12,6,3,11,2,9,9,5,13,19,8,7,6,6,3,10,11,19,5,8,15,15,18,1,5,1,0,1,10,10,11,3,5,10,15,10,7,2,0,0,10,5,9,16,3,19,11,10,5,3,0,7,19,18,1,4,12,9,15,18,7,7,0,3,18,11,1,9,16,19,11,19,2,0,2,0,13,16,19,16,19,14,11,3,10,18,19,19,6,18,7,15,2,12,16,9,6,4,11,13,14,19,6,11,5,10,3,10,0,0,10,9,19,18,17,6,12,6,3,11,2,9,9,5,13,19,8,7,6,6,3,10,11,19,5,8,15,15,18,1,5,1,0,1,10,10,11,3,5,10,15,10,7,2,0,0,10,5,9,16,3,19,11,10,5,3,0,7,19,18,1,4,12,9,15,18,7,7,0,3,18,11,1,9,16,19,11,19,2,0,14",-0.5315844,0.30121216,3.0,0.044789024,83.10977,0.047439925,1.0,0.047439925,0.31461936,0.01225391,0.0,0.0,0.044789024,0.0029020077,0.85873497,0.31461936,2.7220821,1.2954978,83.10977,-0.5315844,3.9139338,213.82393,0.011990322,0.04213812,1.0,213.82393,0.2615063,0.141265,2.7220821,0.0029020077,0.0125175,0.30121216,0.0,1.2954978,3.9139338,0.011990322,0.5315844,0.0,0.0125175,0.5315844,0.5860269,0.04213812,1.0,0.01225391,lookahead,beam_orig2_bm1-s0to50br2-s50to100br1-s100to150br2-s150to200br3
/work/T-REX/external/Proteina-Complexa/inference/search_binder_local_pipeline_32_PDL1_ALPHA_REPACK_v7_r003_cand_v7r003_hyp_0003_01_002_a3eb57b720db7/job_0_n_180_id_51_beam_orig3_bm3-s0to50br1-s50to100br1-s100to150br0-s150to200br3/job_0_n_180_id_51_beam_orig3_bm3-s0to50br1-s50to100br1-s100to150br0-s150to200br3.pdb,207,"2,0,13,16,19,16,19,14,11,3,10,18,19,19,6,18,7,15,2,12,16,9,6,4,11,13,14,19,6,11,5,10,3,10,0,0,10,9,19,18,17,6,12,6,3,11,2,9,9,5,13,19,8,7,6,6,3,10,11,19,5,8,15,15,18,1,5,1,0,1,10,10,11,3,5,10,15,10,7,2,0,0,10,5,9,16,3,19,11,10,5,3,0,7,19,18,1,4,12,9,15,18,7,7,0,3,18,11,1,9,16,19,11,19,2,0,10,10,11,13,13,6,3,15,10,11,2,19,7,11,16,13,6,14,0,0,11,6,11,10,10,6,10,19,7,2,3,15,3,11,10,13,3,10,10,11,9,10,10,2,15,14,11,11,11,9,16,19,6,3,19,6,6,0,18,11,16,10,5,11,0,0,0,0,0,0,0,0,0,0,0,0,0,0,0,0,0,0,0,0,0,0,0,0,0,0,0,0,0,0,0,0,0,0,0,0,0,0,0,0,0,0,0,0,0,0,0,0,0,0,0,0,0",-0.2114769,0.08070452,3.0,0.35734612,54.395668,0.41349423,1.0,0.41349423,0.16818547,0.35734612,0.0,0.0,0.35734612,0.0013537202,0.88416433,0.16818547,4.3703747,1.7910962,54.395668,-0.2114769,2.506703,182.38365,0.30119798,0.30119798,1.0,182.38365,0.6948235,0.11583564,4.3703747,0.0013537202,0.41349423,0.08070452,0.0,1.7910962,2.506703,0.30119798,0.2114769,0.0,0.41349423,0.2114769,0.8307271,0.30119798,1.0,0.35734612,lookahead,beam_orig3_bm3-s0to50br1-s50to100br1-s100to150br0-s150to200br3
/work/T-REX/external/Proteina-Complexa/inference/search_binder_local_pipeline_32_PDL1_ALPHA_REPACK_v7_r003_cand_v7r003_hyp_0003_01_002_a3eb57b720db7/job_0_n_176_id_52_beam_orig0_bm1-s0to50br2-s50to100br1-s100to150br0-s150to200br0/job_0_n_176_id_52_beam_orig0_bm1-s0to50br2-s50to100br1-s100to150br0-s150to200br0.pdb,208,"2,0,13,16,19,16,19,14,11,3,10,18,19,19,6,18,7,15,2,12,16,9,6,4,11,13,14,19,6,11,5,10,3,10,0,0,10,9,19,18,17,6,12,6,3,11,2,9,9,5,13,19,8,7,6,6,3,10,11,19,5,8,15,15,18,1,5,1,0,1,10,10,11,3,5,10,15,10,7,2,0,0,10,5,9,16,3,19,11,10,5,3,0,7,19,18,1,4,12,9,15,18,7,7,0,3,18,11,1,9,16,19,11,19,2,0,0,0,0,8,11,3,12,7,2,10,10,13,11,5,7,1,10,15,6,0,6,11,5,18,1,10,0,10,6,10,11,14,2,3,0,6,16,8,2,2,10,0,0,0,10,6,11,10,7,1,10,3,6,0,10,6,6,18,6,11,0,0,0,0,0,0,0,0,0,0,0,0,0,0,0,0,0,0,0,0,0,0,0,0,0,0,0,0,0,0,0,0,0,0,0,0,0,0,0,0,0,0,0,0,0,0,0,0,0,0,0,0,0,0,0,0,0",-0.28750095,0.14102009,3.0,0.1906384,43.147915,0.24089366,1.0,0.24089366,0.21025525,0.18931755,0.0,0.0,0.1906384,0.0018780958,0.9149537,0.21025525,3.4977448,1.2539632,43.147915,-0.28750095,2.9766166,165.5463,0.14038312,0.14038312,1.0,165.5463,0.6070125,0.08504631,3.4977448,0.0018780958,0.238252,0.14102009,0.0,1.2539632,2.9766166,0.14038312,0.28750095,0.0,0.238252,0.28750095,0.79627836,0.14038312,1.0,0.18931755,lookahead,beam_orig0_bm1-s0to50br2-s50to100br1-s100to150br0-s150to200br0
/work/T-REX/external/Proteina-Complexa/inference/search_binder_local_pipeline_32_PDL1_ALPHA_REPACK_v7_r003_cand_v7r003_hyp_0003_01_002_a3eb57b720db7/job_0_n_229_id_52_beam_orig1_bm2-s0to50br1-s50to100br3-s100to150br2-s150to200br0/job_0_n_229_id_52_beam_orig1_bm2-s0to50br1-s50to100br3-s100to150br2-s150to200br0.pdb,209,"2,0,13,16,19,16,19,14,11,3,10,18,19,19,6,18,7,15,2,12,16,9,6,4,11,13,14,19,6,11,5,10,3,10,0,0,10,9,19,18,17,6,12,6,3,11,2,9,9,5,13,19,8,7,6,6,3,10,11,19,5,8,15,15,18,1,5,1,0,1,10,10,11,3,5,10,15,10,7,2,0,0,10,5,9,16,3,19,11,10,5,3,0,7,19,18,1,4,12,9,15,18,7,7,0,3,18,11,1,9,16,19,11,19,2,0,0,13,16,19,16,19,14,11,3,10,18,19,19,6,18,7,15,2,12,16,9,6,4,11,13,14,19,6,11,5,10,3,10,0,0,10,9,19,18,17,6,12,6,3,11,2,9,9,5,13,19,8,7,6,6,3,10,11,19,5,8,15,15,18,1,5,1,0,1,10,10,11,3,5,10,15,10,7,2,0,0,10,5,9,16,3,19,11,10,5,3,0,7,19,18,1,4,12,9,15,18,7,7,0,3,18,11,1,9,16,19,11,19,0,0,0,0",-0.5250835,0.27910587,3.0,0.042877726,103.33826,0.04459506,1.0,0.04459506,0.3099815,0.013669892,0.0,0.0,0.042877726,0.0016602778,0.86164,0.3099815,8.848799,1.2677156,103.33826,-0.5250835,3.790004,206.54431,0.013225779,0.04116039,1.0,206.54431,0.2536919,0.13836001,8.848799,0.0016602778,0.0141140055,0.27910587,0.0,1.2677156,3.790004,0.013225779,0.5250835,0.0,0.0141140055,0.5250835,0.58496153,0.04116039,1.0,0.013669892,lookahead,beam_orig1_bm2-s0to50br1-s50to100br3-s100to150br2-s150to200br0
/work/T-REX/external/Proteina-Complexa/inference/search_binder_local_pipeline_32_PDL1_ALPHA_REPACK_v7_r003_cand_v7r003_hyp_0003_01_002_a3eb57b720db7/job_0_n_233_id_52_beam_orig2_bm1-s0to50br2-s50to100br0-s100to150br3-s150to200br0/job_0_n_233_id_52_beam_orig2_bm1-s0to50br2-s50to100br0-s100to150br3-s150to200br0.pdb,210,"2,0,13,16,19,16,19,14,11,3,10,18,19,19,6,18,7,15,2,12,16,9,6,4,11,13,14,19,6,11,5,10,3,10,0,0,10,9,19,18,17,6,12,6,3,11,2,9,9,5,13,19,8,7,6,6,3,10,11,19,5,8,15,15,18,1,5,1,0,1,10,10,11,3,5,10,15,10,7,2,0,0,10,5,9,16,3,19,11,10,5,3,0,7,19,18,1,4,12,9,15,18,7,7,0,3,18,11,1,9,16,19,11,19,2,0,2,0,13,16,19,16,19,14,11,3,10,18,19,19,6,18,7,15,2,12,16,9,6,4,11,13,14,19,6,11,5,10,3,10,0,0,10,9,19,18,17,6,12,6,3,11,2,9,9,5,13,19,8,7,6,6,3,10,11,19,5,8,15,15,18,1,5,1,0,1,10,10,11,3,5,10,15,10,7,2,0,0,10,5,9,16,3,19,11,10,5,3,0,7,19,18,1,4,12,9,15,18,7,7,0,3,18,11,1,9,16,19,11,19,2,0,10",-0.5107206,0.27717286,3.0,0.055364817,82.70362,0.058775667,1.0,0.058775667,0.3048731,0.013404174,0.0,0.0,0.055364817,0.0028378083,0.85744333,0.3048731,3.0402203,1.2946131,82.70362,-0.5107206,3.8560798,210.13365,0.013154146,0.051953964,1.0,210.13365,0.2742374,0.14255665,3.0402203,0.0028378083,0.013654202,0.27717286,0.0,1.2946131,3.8560798,0.013154146,0.5107206,0.0,0.013654202,0.5107206,0.59236455,0.051953964,1.0,0.013404174,lookahead,beam_orig2_bm1-s0to50br2-s50to100br0-s100to150br3-s150to200br0
/work/T-REX/external/Proteina-Complexa/inference/search_binder_local_pipeline_32_PDL1_ALPHA_REPACK_v7_r003_cand_v7r003_hyp_0003_01_002_a3eb57b720db7/job_0_n_180_id_52_beam_orig3_bm3-s0to50br1-s50to100br1-s100to150br2-s150to200br0/job_0_n_180_id_52_beam_orig3_bm3-s0to50br1-s50to100br1-s100to150br2-s150to200br0.pdb,211,"2,0,13,16,19,16,19,14,11,3,10,18,19,19,6,18,7,15,2,12,16,9,6,4,11,13,14,19,6,11,5,10,3,10,0,0,10,9,19,18,17,6,12,6,3,11,2,9,9,5,13,19,8,7,6,6,3,10,11,19,5,8,15,15,18,1,5,1,0,1,10,10,11,3,5,10,15,10,7,2,0,0,10,5,9,16,3,19,11,10,5,3,0,7,19,18,1,4,12,9,15,18,7,7,0,3,18,11,1,9,16,19,11,19,2,0,9,9,2,13,13,11,5,15,10,11,2,0,7,11,16,13,6,14,0,0,6,11,11,10,10,6,10,19,7,2,3,16,3,11,10,13,3,10,10,11,9,10,10,15,15,14,11,11,1,9,16,19,6,3,19,6,6,0,18,11,16,19,6,15,0,0,0,0,0,0,0,0,0,0,0,0,0,0,0,0,0,0,0,0,0,0,0,0,0,0,0,0,0,0,0,0,0,0,0,0,0,0,0,0,0,0,0,0,0,0,0,0,0,0,0,0,0",-0.21862589,0.07400552,3.0,0.34804577,43.195282,0.4105756,1.0,0.4105756,0.17252016,0.34804577,0.0,0.0,0.34804577,0.0015556812,0.8804591,0.17252016,3.996195,1.7751031,43.195282,-0.21862589,2.5967891,179.19574,0.28551596,0.28551596,1.0,179.19574,0.6803243,0.1195409,3.996195,0.0015556812,0.4105756,0.07400552,0.0,1.7751031,2.5967891,0.28551596,0.21862589,0.0,0.4105756,0.21862589,0.82693,0.28551596,1.0,0.34804577,lookahead,beam_orig3_bm3-s0to50br1-s50to100br1-s100to150br2-s150to200br0
/work/T-REX/external/Proteina-Complexa/inference/search_binder_local_pipeline_32_PDL1_ALPHA_REPACK_v7_r003_cand_v7r003_hyp_0003_01_002_a3eb57b720db7/job_0_n_176_id_53_beam_orig0_bm1-s0to50br2-s50to100br1-s100to150br0-s150to200br1/job_0_n_176_id_53_beam_orig0_bm1-s0to50br2-s50to100br1-s100to150br0-s150to200br1.pdb,212,"2,0,13,16,19,16,19,14,11,3,10,18,19,19,6,18,7,15,2,12,16,9,6,4,11,13,14,19,6,11,5,10,3,10,0,0,10,9,19,18,17,6,12,6,3,11,2,9,9,5,13,19,8,7,6,6,3,10,11,19,5,8,15,15,18,1,5,1,0,1,10,10,11,3,5,10,15,10,7,2,0,0,10,5,9,16,3,19,11,10,5,3,0,7,19,18,1,4,12,9,15,18,7,7,0,3,18,11,1,9,16,19,11,19,2,0,0,0,0,8,11,3,12,7,2,10,10,13,11,5,7,1,10,15,6,0,6,11,5,18,1,10,0,10,6,10,11,14,2,3,0,6,16,8,2,2,10,0,0,0,10,6,11,10,7,1,10,3,6,0,10,6,6,18,5,11,0,0,0,0,0,0,0,0,0,0,0,0,0,0,0,0,0,0,0,0,0,0,0,0,0,0,0,0,0,0,0,0,0,0,0,0,0,0,0,0,0,0,0,0,0,0,0,0,0,0,0,0,0,0,0,0,0",-0.28626496,0.1409077,3.0,0.19308835,41.72101,0.2457475,1.0,0.2457475,0.20885645,0.19180965,0.0,0.0,0.19308835,0.0015139272,0.9173875,0.20885645,3.438341,1.2394077,41.72101,-0.28626496,2.982572,163.4401,0.1404292,0.1404292,1.0,163.4401,0.60706323,0.082612485,3.438341,0.0015139272,0.24319012,0.1409077,0.0,1.2394077,2.982572,0.1404292,0.28626496,0.0,0.24319012,0.28626496,0.7968618,0.1404292,1.0,0.19180965,lookahead,beam_orig0_bm1-s0to50br2-s50to100br1-s100to150br0-s150to200br1
/work/T-REX/external/Proteina-Complexa/inference/search_binder_local_pipeline_32_PDL1_ALPHA_REPACK_v7_r003_cand_v7r003_hyp_0003_01_002_a3eb57b720db7/job_0_n_229_id_53_beam_orig1_bm2-s0to50br1-s50to100br3-s100to150br2-s150to200br1/job_0_n_229_id_53_beam_orig1_bm2-s0to50br1-s50to100br3-s100to150br2-s150to200br1.pdb,213,"2,0,13,16,19,16,19,14,11,3,10,18,19,19,6,18,7,15,2,12,16,9,6,4,11,13,14,19,6,11,5,10,3,10,0,0,10,9,19,18,17,6,12,6,3,11,2,9,9,5,13,19,8,7,6,6,3,10,11,19,5,8,15,15,18,1,5,1,0,1,10,10,11,3,5,10,15,10,7,2,0,0,10,5,9,16,3,19,11,10,5,3,0,7,19,18,1,4,12,9,15,18,7,7,0,3,18,11,1,9,16,19,11,19,2,0,0,13,16,19,16,19,14,11,3,10,18,19,19,6,18,7,15,2,12,16,9,6,4,11,13,14,19,6,11,5,10,3,10,0,0,10,9,19,18,17,6,12,6,3,11,2,9,9,5,13,19,8,7,6,6,3,10,11,19,5,8,15,15,18,1,5,1,0,1,10,10,11,3,5,10,15,10,7,2,0,0,10,5,9,16,3,19,11,10,5,3,0,7,19,18,1,4,12,9,15,18,7,7,0,3,18,11,1,9,16,19,11,19,0,0,0,0",-0.50792927,0.27498293,3.0,0.052574106,67.79316,0.054583248,1.0,0.054583248,0.30181733,0.013446535,0.0,0.0,0.052574106,0.001728319,0.8605174,0.30181733,4.8597445,1.2675254,67.79316,-0.50792927,3.779925,203.40114,0.013311699,0.05056496,1.0,203.40114,0.26964924,0.13948263,4.8597445,0.001728319,0.013581371,0.27498293,0.0,1.2675254,3.779925,0.013311699,0.50792927,0.0,0.013581371,0.50792927,0.592178,0.05056496,1.0,0.013446535,lookahead,beam_orig1_bm2-s0to50br1-s50to100br3-s100to150br2-s150to200br1
/work/T-REX/external/Proteina-Complexa/inference/search_binder_local_pipeline_32_PDL1_ALPHA_REPACK_v7_r003_cand_v7r003_hyp_0003_01_002_a3eb57b720db7/job_0_n_233_id_53_beam_orig2_bm1-s0to50br2-s50to100br0-s100to150br3-s150to200br1/job_0_n_233_id_53_beam_orig2_bm1-s0to50br2-s50to100br0-s100to150br3-s150to200br1.pdb,214,"2,0,13,16,19,16,19,14,11,3,10,18,19,19,6,18,7,15,2,12,16,9,6,4,11,13,14,19,6,11,5,10,3,10,0,0,10,9,19,18,17,6,12,6,3,11,2,9,9,5,13,19,8,7,6,6,3,10,11,19,5,8,15,15,18,1,5,1,0,1,10,10,11,3,5,10,15,10,7,2,0,0,10,5,9,16,3,19,11,10,5,3,0,7,19,18,1,4,12,9,15,18,7,7,0,3,18,11,1,9,16,19,11,19,2,0,2,0,13,16,19,16,19,14,11,3,10,18,19,19,6,18,7,15,2,12,16,9,6,4,11,13,14,19,6,11,5,10,3,10,0,0,10,9,19,18,17,6,12,6,3,11,2,9,9,5,13,19,8,7,6,6,3,10,11,19,5,8,15,15,18,1,5,1,0,1,10,10,11,3,5,10,15,10,7,2,0,0,10,5,9,16,3,19,11,10,5,3,0,7,19,18,1,4,12,9,15,18,7,7,0,3,18,11,1,9,16,19,11,19,2,0,10",-0.5187652,0.286835,3.0,0.050863534,80.862976,0.054336276,1.0,0.054336276,0.30884987,0.012837007,0.0,0.0,0.050863534,0.0028049524,0.857866,0.30884987,2.6541638,1.2968175,80.862976,-0.5187652,3.8776722,209.65546,0.012646675,0.047390796,1.0,209.65546,0.27144748,0.14213403,2.6541638,0.0028049524,0.013027338,0.286835,0.0,1.2968175,3.8776722,0.012646675,0.5187652,0.0,0.013027338,0.5187652,0.59091526,0.047390796,1.0,0.012837007,lookahead,beam_orig2_bm1-s0to50br2-s50to100br0-s100to150br3-s150to200br1
/work/T-REX/external/Proteina-Complexa/inference/search_binder_local_pipeline_32_PDL1_ALPHA_REPACK_v7_r003_cand_v7r003_hyp_0003_01_002_a3eb57b720db7/job_0_n_180_id_53_beam_orig3_bm3-s0to50br1-s50to100br1-s100to150br2-s150to200br1/job_0_n_180_id_53_beam_orig3_bm3-s0to50br1-s50to100br1-s100to150br2-s150to200br1.pdb,215,"2,0,13,16,19,16,19,14,11,3,10,18,19,19,6,18,7,15,2,12,16,9,6,4,11,13,14,19,6,11,5,10,3,10,0,0,10,9,19,18,17,6,12,6,3,11,2,9,9,5,13,19,8,7,6,6,3,10,11,19,5,8,15,15,18,1,5,1,0,1,10,10,11,3,5,10,15,10,7,2,0,0,10,5,9,16,3,19,11,10,5,3,0,7,19,18,1,4,12,9,15,18,7,7,0,3,18,11,1,9,16,19,11,19,2,0,9,10,2,13,13,11,5,15,10,11,2,0,7,11,16,13,6,14,0,0,6,11,11,10,10,6,10,19,7,2,3,16,3,11,10,13,3,10,10,11,9,10,10,15,15,14,11,11,11,9,16,19,6,3,19,6,6,0,18,11,16,19,6,15,0,0,0,0,0,0,0,0,0,0,0,0,0,0,0,0,0,0,0,0,0,0,0,0,0,0,0,0,0,0,0,0,0,0,0,0,0,0,0,0,0,0,0,0,0,0,0,0,0,0,0,0,0",-0.20732829,0.06636829,3.0,0.3801867,41.962605,0.45203236,1.0,0.45203236,0.16390336,0.3801867,0.0,0.0,0.3801867,0.0014993297,0.8916441,0.16390336,3.909249,1.7179786,41.962605,-0.20732829,2.5164306,178.26843,0.30834106,0.30834106,1.0,178.26843,0.69996554,0.108355895,3.909249,0.0014993297,0.45203236,0.06636829,0.0,1.7179786,2.5164306,0.30834106,0.20732829,0.0,0.45203236,0.20732829,0.83412206,0.30834106,1.0,0.3801867,lookahead,beam_orig3_bm3-s0to50br1-s50to100br1-s100to150br2-s150to200br1
/work/T-REX/external/Proteina-Complexa/inference/search_binder_local_pipeline_32_PDL1_ALPHA_REPACK_v7_r003_cand_v7r003_hyp_0003_01_002_a3eb57b720db7/job_0_n_176_id_54_beam_orig0_bm1-s0to50br2-s50to100br1-s100to150br0-s150to200br2/job_0_n_176_id_54_beam_orig0_bm1-s0to50br2-s50to100br1-s100to150br0-s150to200br2.pdb,216,"2,0,13,16,19,16,19,14,11,3,10,18,19,19,6,18,7,15,2,12,16,9,6,4,11,13,14,19,6,11,5,10,3,10,0,0,10,9,19,18,17,6,12,6,3,11,2,9,9,5,13,19,8,7,6,6,3,10,11,19,5,8,15,15,18,1,5,1,0,1,10,10,11,3,5,10,15,10,7,2,0,0,10,5,9,16,3,19,11,10,5,3,0,7,19,18,1,4,12,9,15,18,7,7,0,3,18,11,1,9,16,19,11,19,2,0,0,0,0,8,11,3,12,7,2,10,10,13,11,5,7,1,10,15,6,0,6,11,5,18,1,10,0,10,6,10,11,14,2,3,0,6,16,8,2,2,10,0,0,0,10,6,11,10,7,1,10,3,6,0,10,6,6,18,5,11,0,0,0,0,0,0,0,0,0,0,0,0,0,0,0,0,0,0,0,0,0,0,0,0,0,0,0,0,0,0,0,0,0,0,0,0,0,0,0,0,0,0,0,0,0,0,0,0,0,0,0,0,0,0,0,0,0",-0.29108515,0.14347912,3.0,0.18771529,42.519726,0.2385722,1.0,0.2385722,0.21212709,0.18603633,0.0,0.0,0.18771529,0.0015621305,0.91622686,0.21212709,3.388123,1.2400864,42.519726,-0.29108515,2.9952102,160.85707,0.13685839,0.13685839,1.0,160.85707,0.6019653,0.083773114,3.388123,0.0015621305,0.23521428,0.14347912,0.0,1.2400864,2.9952102,0.13685839,0.29108515,0.0,0.23521428,0.29108515,0.794893,0.13685839,1.0,0.18603633,lookahead,beam_orig0_bm1-s0to50br2-s50to100br1-s100to150br0-s150to200br2
/work/T-REX/external/Proteina-Complexa/inference/search_binder_local_pipeline_32_PDL1_ALPHA_REPACK_v7_r003_cand_v7r003_hyp_0003_01_002_a3eb57b720db7/job_0_n_229_id_54_beam_orig1_bm2-s0to50br1-s50to100br3-s100to150br2-s150to200br2/job_0_n_229_id_54_beam_orig1_bm2-s0to50br1-s50to100br3-s100to150br2-s150to200br2.pdb,217,"2,0,13,16,19,16,19,14,11,3,10,18,19,19,6,18,7,15,2,12,16,9,6,4,11,13,14,19,6,11,5,10,3,10,0,0,10,9,19,18,17,6,12,6,3,11,2,9,9,5,13,19,8,7,6,6,3,10,11,19,5,8,15,15,18,1,5,1,0,1,10,10,11,3,5,10,15,10,7,2,0,0,10,5,9,16,3,19,11,10,5,3,0,7,19,18,1,4,12,9,15,18,7,7,0,3,18,11,1,9,16,19,11,19,2,0,0,13,16,19,16,19,14,11,3,10,18,19,19,6,18,7,15,2,12,16,9,6,4,11,13,14,19,6,11,5,10,3,10,0,0,10,9,19,18,17,6,12,6,3,11,2,9,9,5,13,19,8,7,6,6,3,10,11,19,5,8,15,15,18,1,5,1,0,1,10,10,11,3,5,10,15,10,7,2,0,0,10,5,9,16,3,19,11,10,5,3,0,7,19,18,1,4,12,9,15,18,7,7,0,3,18,11,1,9,16,19,11,19,0,0,0,0",-0.51231176,0.2852505,3.0,0.05170352,58.615566,0.05447471,1.0,0.05447471,0.30421373,0.012856171,0.0,0.0,0.05170352,0.0017964819,0.8608387,0.30421373,4.102424,1.2762899,58.615566,-0.51231176,3.814012,198.77634,0.012786923,0.04893233,1.0,198.77634,0.2730543,0.13916129,4.102424,0.0017964819,0.012925418,0.2852505,0.0,1.2762899,3.814012,0.012786923,0.51231176,0.0,0.012925418,0.51231176,0.59371424,0.04893233,1.0,0.012856171,lookahead,beam_orig1_bm2-s0to50br1-s50to100br3-s100to150br2-s150to200br2
/work/T-REX/external/Proteina-Complexa/inference/search_binder_local_pipeline_32_PDL1_ALPHA_REPACK_v7_r003_cand_v7r003_hyp_0003_01_002_a3eb57b720db7/job_0_n_233_id_54_beam_orig2_bm1-s0to50br2-s50to100br0-s100to150br3-s150to200br2/job_0_n_233_id_54_beam_orig2_bm1-s0to50br2-s50to100br0-s100to150br3-s150to200br2.pdb,218,"2,0,13,16,19,16,19,14,11,3,10,18,19,19,6,18,7,15,2,12,16,9,6,4,11,13,14,19,6,11,5,10,3,10,0,0,10,9,19,18,17,6,12,6,3,11,2,9,9,5,13,19,8,7,6,6,3,10,11,19,5,8,15,15,18,1,5,1,0,1,10,10,11,3,5,10,15,10,7,2,0,0,10,5,9,16,3,19,11,10,5,3,0,7,19,18,1,4,12,9,15,18,7,7,0,3,18,11,1,9,16,19,11,19,2,0,2,0,13,16,19,16,19,14,11,3,10,18,19,19,6,18,7,15,2,12,16,9,6,4,11,13,14,19,6,11,5,10,3,10,0,0,10,9,19,18,17,6,12,6,3,11,2,9,9,5,13,19,8,7,6,6,3,10,11,19,5,8,15,15,18,1,5,1,0,1,10,10,11,3,5,10,15,10,7,2,0,0,10,5,9,16,3,19,11,10,5,3,0,7,19,18,1,4,12,9,15,18,7,7,0,3,18,11,1,9,16,19,11,19,2,0,10",-0.510175,0.2795827,3.0,0.05652964,81.835075,0.05999969,1.0,0.05999969,0.30465603,0.013093328,0.0,0.0,0.05652964,0.0027966765,0.85763526,0.30465603,2.834071,1.2969296,81.835075,-0.510175,3.8613439,207.68858,0.012898502,0.053059597,1.0,207.68858,0.27625728,0.14236471,2.834071,0.0027966765,0.013288153,0.2795827,0.0,1.2969296,3.8613439,0.012898502,0.510175,0.0,0.013288153,0.510175,0.5939317,0.053059597,1.0,0.013093328,lookahead,beam_orig2_bm1-s0to50br2-s50to100br0-s100to150br3-s150to200br2
/work/T-REX/external/Proteina-Complexa/inference/search_binder_local_pipeline_32_PDL1_ALPHA_REPACK_v7_r003_cand_v7r003_hyp_0003_01_002_a3eb57b720db7/job_0_n_180_id_54_beam_orig3_bm3-s0to50br1-s50to100br1-s100to150br2-s150to200br2/job_0_n_180_id_54_beam_orig3_bm3-s0to50br1-s50to100br1-s100to150br2-s150to200br2.pdb,219,"2,0,13,16,19,16,19,14,11,3,10,18,19,19,6,18,7,15,2,12,16,9,6,4,11,13,14,19,6,11,5,10,3,10,0,0,10,9,19,18,17,6,12,6,3,11,2,9,9,5,13,19,8,7,6,6,3,10,11,19,5,8,15,15,18,1,5,1,0,1,10,10,11,3,5,10,15,10,7,2,0,0,10,5,9,16,3,19,11,10,5,3,0,7,19,18,1,4,12,9,15,18,7,7,0,3,18,11,1,9,16,19,11,19,2,0,9,9,2,13,13,11,5,15,10,11,2,0,7,11,16,13,6,14,0,0,6,11,11,10,10,6,10,19,7,2,3,16,3,11,10,13,3,10,10,11,9,10,10,15,15,14,11,11,1,9,16,19,6,3,19,6,6,0,18,11,16,19,6,15,0,0,0,0,0,0,0,0,0,0,0,0,0,0,0,0,0,0,0,0,0,0,0,0,0,0,0,0,0,0,0,0,0,0,0,0,0,0,0,0,0,0,0,0,0,0,0,0,0,0,0,0,0",-0.21726137,0.07282997,3.0,0.35273343,44.213806,0.41638166,1.0,0.41638166,0.17129341,0.35273343,0.0,0.0,0.35273343,0.0015451126,0.88271546,0.17129341,4.045244,1.7683269,44.213806,-0.21726137,2.5867343,178.43259,0.28908518,0.28908518,1.0,178.43259,0.6842461,0.117284566,4.045244,0.0015451126,0.41638166,0.07282997,0.0,1.7683269,2.5867343,0.28908518,0.21726137,0.0,0.41638166,0.21726137,0.8285781,0.28908518,1.0,0.35273343,lookahead,beam_orig3_bm3-s0to50br1-s50to100br1-s100to150br2-s150to200br2
/work/T-REX/external/Proteina-Complexa/inference/search_binder_local_pipeline_32_PDL1_ALPHA_REPACK_v7_r003_cand_v7r003_hyp_0003_01_002_a3eb57b720db7/job_0_n_176_id_55_beam_orig0_bm1-s0to50br2-s50to100br1-s100to150br0-s150to200br3/job_0_n_176_id_55_beam_orig0_bm1-s0to50br2-s50to100br1-s100to150br0-s150to200br3.pdb,220,"2,0,13,16,19,16,19,14,11,3,10,18,19,19,6,18,7,15,2,12,16,9,6,4,11,13,14,19,6,11,5,10,3,10,0,0,10,9,19,18,17,6,12,6,3,11,2,9,9,5,13,19,8,7,6,6,3,10,11,19,5,8,15,15,18,1,5,1,0,1,10,10,11,3,5,10,15,10,7,2,0,0,10,5,9,16,3,19,11,10,5,3,0,7,19,18,1,4,12,9,15,18,7,7,0,3,18,11,1,9,16,19,11,19,2,0,0,0,0,8,11,3,12,7,2,10,10,13,11,5,7,1,10,15,6,0,6,11,5,18,1,10,0,10,6,10,11,14,2,3,0,6,16,8,2,2,10,0,0,0,10,6,11,10,7,1,10,3,6,0,10,6,6,18,6,11,0,0,0,0,0,0,0,0,0,0,0,0,0,0,0,0,0,0,0,0,0,0,0,0,0,0,0,0,0,0,0,0,0,0,0,0,0,0,0,0,0,0,0,0,0,0,0,0,0,0,0,0,0,0,0,0,0",-0.29188672,0.14336435,3.0,0.18464689,41.26907,0.23382357,1.0,0.23382357,0.21310616,0.18164054,0.0,0.0,0.18464689,0.0019393346,0.9143309,0.21310616,3.427318,1.2527789,41.26907,-0.29188672,2.9908857,160.29526,0.13377163,0.13547021,1.0,160.29526,0.60114884,0.085669115,3.427318,0.0019393346,0.22950944,0.14336435,0.0,1.2527789,2.9908857,0.13377163,0.29188672,0.0,0.22950944,0.29188672,0.7946531,0.13547021,1.0,0.18164054,lookahead,beam_orig0_bm1-s0to50br2-s50to100br1-s100to150br0-s150to200br3
/work/T-REX/external/Proteina-Complexa/inference/search_binder_local_pipeline_32_PDL1_ALPHA_REPACK_v7_r003_cand_v7r003_hyp_0003_01_002_a3eb57b720db7/job_0_n_229_id_55_beam_orig1_bm2-s0to50br1-s50to100br3-s100to150br2-s150to200br3/job_0_n_229_id_55_beam_orig1_bm2-s0to50br1-s50to100br3-s100to150br2-s150to200br3.pdb,221,"2,0,13,16,19,16,19,14,11,3,10,18,19,19,6,18,7,15,2,12,16,9,6,4,11,13,14,19,6,11,5,10,3,10,0,0,10,9,19,18,17,6,12,6,3,11,2,9,9,5,13,19,8,7,6,6,3,10,11,19,5,8,15,15,18,1,5,1,0,1,10,10,11,3,5,10,15,10,7,2,0,0,10,5,9,16,3,19,11,10,5,3,0,7,19,18,1,4,12,9,15,18,7,7,0,3,18,11,1,9,16,19,11,19,2,0,0,13,16,19,16,19,14,11,3,10,18,19,19,6,18,7,15,2,12,16,9,6,4,11,13,14,19,6,11,5,10,3,10,0,0,10,9,19,18,17,6,12,6,3,11,2,9,9,5,13,19,8,7,6,6,3,10,11,19,5,8,15,15,18,1,5,1,0,1,10,10,11,3,5,10,15,10,7,2,0,0,10,5,9,16,3,19,11,10,5,3,0,7,19,18,1,4,12,9,15,18,7,7,0,3,18,11,1,9,16,19,11,19,0,0,0,0",-0.51042604,0.2821568,3.0,0.052490935,63.296803,0.055371232,1.0,0.055371232,0.3032138,0.013314071,0.0,0.0,0.052490935,0.0017336966,0.8604084,0.3032138,4.5080185,1.2721703,63.296803,-0.51042604,3.7981546,199.05753,0.012846625,0.049610637,1.0,199.05753,0.2713931,0.13959159,4.5080185,0.0017336966,0.013781517,0.2821568,0.0,1.2721703,3.7981546,0.012846625,0.51042604,0.0,0.013781517,0.51042604,0.59301484,0.049610637,1.0,0.013314071,lookahead,beam_orig1_bm2-s0to50br1-s50to100br3-s100to150br2-s150to200br3
/work/T-REX/external/Proteina-Complexa/inference/search_binder_local_pipeline_32_PDL1_ALPHA_REPACK_v7_r003_cand_v7r003_hyp_0003_01_002_a3eb57b720db7/job_0_n_233_id_55_beam_orig2_bm1-s0to50br2-s50to100br0-s100to150br3-s150to200br3/job_0_n_233_id_55_beam_orig2_bm1-s0to50br2-s50to100br0-s100to150br3-s150to200br3.pdb,222,"2,0,13,16,19,16,19,14,11,3,10,18,19,19,6,18,7,15,2,12,16,9,6,4,11,13,14,19,6,11,5,10,3,10,0,0,10,9,19,18,17,6,12,6,3,11,2,9,9,5,13,19,8,7,6,6,3,10,11,19,5,8,15,15,18,1,5,1,0,1,10,10,11,3,5,10,15,10,7,2,0,0,10,5,9,16,3,19,11,10,5,3,0,7,19,18,1,4,12,9,15,18,7,7,0,3,18,11,1,9,16,19,11,19,2,0,2,0,13,16,19,16,19,14,11,3,10,18,19,19,6,18,7,15,2,12,16,9,6,4,11,13,14,19,6,11,5,10,3,10,0,0,10,9,19,18,17,6,12,6,3,11,2,9,9,5,13,19,8,7,6,6,3,10,11,19,5,8,15,15,18,1,5,1,0,1,10,10,11,3,5,10,15,10,7,2,0,0,10,5,9,16,3,19,11,10,5,3,0,7,19,18,1,4,12,9,15,18,7,7,0,3,18,11,1,9,16,19,11,19,2,0,10",-0.5189834,0.27193794,3.0,0.048927132,91.931404,0.05039846,1.0,0.05039846,0.30845302,0.013148226,0.0,0.0,0.048927132,0.0027347459,0.8579864,0.30845302,6.2149534,1.2875785,91.931404,-0.5189834,3.8385599,210.57497,0.013017917,0.047455803,1.0,210.57497,0.25677013,0.1420136,6.2149534,0.0027347459,0.013278536,0.27193794,0.0,1.2875785,3.8385599,0.013017917,0.5189834,0.0,0.013278536,0.5189834,0.58536166,0.047455803,1.0,0.013148226,lookahead,beam_orig2_bm1-s0to50br2-s50to100br0-s100to150br3-s150to200br3
/work/T-REX/external/Proteina-Complexa/inference/search_binder_local_pipeline_32_PDL1_ALPHA_REPACK_v7_r003_cand_v7r003_hyp_0003_01_002_a3eb57b720db7/job_0_n_180_id_55_beam_orig3_bm3-s0to50br1-s50to100br1-s100to150br2-s150to200br3/job_0_n_180_id_55_beam_orig3_bm3-s0to50br1-s50to100br1-s100to150br2-s150to200br3.pdb,223,"2,0,13,16,19,16,19,14,11,3,10,18,19,19,6,18,7,15,2,12,16,9,6,4,11,13,14,19,6,11,5,10,3,10,0,0,10,9,19,18,17,6,12,6,3,11,2,9,9,5,13,19,8,7,6,6,3,10,11,19,5,8,15,15,18,1,5,1,0,1,10,10,11,3,5,10,15,10,7,2,0,0,10,5,9,16,3,19,11,10,5,3,0,7,19,18,1,4,12,9,15,18,7,7,0,3,18,11,1,9,16,19,11,19,2,0,9,10,2,13,13,11,5,15,10,11,2,0,7,11,16,13,6,14,0,0,6,11,11,10,10,6,10,19,7,2,3,16,3,11,10,13,3,10,10,11,9,10,10,15,15,14,11,11,11,9,16,19,6,3,19,6,6,0,18,11,16,19,6,15,0,0,0,0,0,0,0,0,0,0,0,0,0,0,0,0,0,0,0,0,0,0,0,0,0,0,0,0,0,0,0,0,0,0,0,0,0,0,0,0,0,0,0,0,0,0,0,0,0,0,0,0,0",-0.2088404,0.06807165,3.0,0.3768481,39.859253,0.44784376,1.0,0.44784376,0.16510996,0.3768481,0.0,0.0,0.3768481,0.0015105382,0.89016247,0.16510996,3.8483388,1.7280347,39.859253,-0.2088404,2.5232835,175.87982,0.30585247,0.30585247,1.0,175.87982,0.69822544,0.1098375,3.8483388,0.0015105382,0.44784376,0.06807165,0.0,1.7280347,2.5232835,0.30585247,0.2088404,0.0,0.44784376,0.2088404,0.8334712,0.30585247,1.0,0.3768481,lookahead,beam_orig3_bm3-s0to50br1-s50to100br1-s100to150br2-s150to200br3
/work/T-REX/external/Proteina-Complexa/inference/search_binder_local_pipeline_32_PDL1_ALPHA_REPACK_v7_r003_cand_v7r003_hyp_0003_01_002_a3eb57b720db7/job_0_n_176_id_56_beam_orig0_bm1-s0to50br2-s50to100br1-s100to150br2-s150to200br0/job_0_n_176_id_56_beam_orig0_bm1-s0to50br2-s50to100br1-s100to150br2-s150to200br0.pdb,224,"2,0,13,16,19,16,19,14,11,3,10,18,19,19,6,18,7,15,2,12,16,9,6,4,11,13,14,19,6,11,5,10,3,10,0,0,10,9,19,18,17,6,12,6,3,11,2,9,9,5,13,19,8,7,6,6,3,10,11,19,5,8,15,15,18,1,5,1,0,1,10,10,11,3,5,10,15,10,7,2,0,0,10,5,9,16,3,19,11,10,5,3,0,7,19,18,1,4,12,9,15,18,7,7,0,3,18,11,1,9,16,19,11,19,2,0,0,0,0,8,11,3,12,7,2,10,10,13,11,2,7,5,10,0,6,0,6,11,6,18,1,10,0,10,6,10,11,14,2,3,0,11,16,8,2,2,10,0,0,0,10,6,11,10,7,1,10,3,6,0,10,0,6,18,6,11,0,0,0,0,0,0,0,0,0,0,0,0,0,0,0,0,0,0,0,0,0,0,0,0,0,0,0,0,0,0,0,0,0,0,0,0,0,0,0,0,0,0,0,0,0,0,0,0,0,0,0,0,0,0,0,0,0",-0.19422632,0.07652672,3.0,0.4011647,50.884666,0.49272445,1.0,0.49272445,0.14904177,0.4011647,0.0,0.0,0.4011647,0.0018395614,0.93728364,0.14904177,4.614648,1.2549325,50.884666,-0.19422632,2.586102,173.90495,0.30960497,0.30960497,1.0,173.90495,0.7451095,0.06271635,4.614648,0.0018395614,0.49272445,0.07652672,0.0,1.2549325,2.586102,0.30960497,0.19422632,0.0,0.49272445,0.19422632,0.85363847,0.30960497,1.0,0.4011647,lookahead,beam_orig0_bm1-s0to50br2-s50to100br1-s100to150br2-s150to200br0
/work/T-REX/external/Proteina-Complexa/inference/search_binder_local_pipeline_32_PDL1_ALPHA_REPACK_v7_r003_cand_v7r003_hyp_0003_01_002_a3eb57b720db7/job_0_n_229_id_56_beam_orig1_bm2-s0to50br1-s50to100br1-s100to150br1-s150to200br0/job_0_n_229_id_56_beam_orig1_bm2-s0to50br1-s50to100br1-s100to150br1-s150to200br0.pdb,225,"2,0,13,16,19,16,19,14,11,3,10,18,19,19,6,18,7,15,2,12,16,9,6,4,11,13,14,19,6,11,5,10,3,10,0,0,10,9,19,18,17,6,12,6,3,11,2,9,9,5,13,19,8,7,6,6,3,10,11,19,5,8,15,15,18,1,5,1,0,1,10,10,11,3,5,10,15,10,7,2,0,0,10,5,9,16,3,19,11,10,5,3,0,7,19,18,1,4,12,9,15,18,7,7,0,3,18,11,1,9,16,19,11,19,2,0,0,13,16,19,16,19,14,11,3,10,18,19,19,6,18,7,15,2,12,16,9,6,4,11,13,14,19,6,11,5,10,3,10,0,0,10,9,19,18,17,6,12,6,3,11,2,9,9,5,13,19,8,7,6,6,3,10,11,19,5,8,15,15,18,1,5,1,0,1,10,10,11,3,5,10,15,10,7,2,0,0,10,5,9,16,3,19,11,10,5,3,0,7,19,18,1,4,12,9,15,18,7,7,0,3,18,11,1,9,16,19,11,19,0,0,0,0",-0.5131904,0.28112847,3.0,0.050185688,66.20058,0.052596115,1.0,0.052596115,0.30419615,0.013295911,0.0,0.0,0.050185688,0.0017508531,0.8610074,0.30419615,4.8490148,1.264393,66.20058,-0.5131904,3.801754,198.882,0.012961496,0.047775265,1.0,198.882,0.2665645,0.13899261,4.8490148,0.0017508531,0.013630327,0.28112847,0.0,1.264393,3.801754,0.012961496,0.5131904,0.0,0.013630327,0.5131904,0.590479,0.047775265,1.0,0.013295911,lookahead,beam_orig1_bm2-s0to50br1-s50to100br1-s100to150br1-s150to200br0
/work/T-REX/external/Proteina-Complexa/inference/search_binder_local_pipeline_32_PDL1_ALPHA_REPACK_v7_r003_cand_v7r003_hyp_0003_01_002_a3eb57b720db7/job_0_n_233_id_56_beam_orig2_bm1-s0to50br2-s50to100br3-s100to150br1-s150to200br0/job_0_n_233_id_56_beam_orig2_bm1-s0to50br2-s50to100br3-s100to150br1-s150to200br0.pdb,226,"2,0,13,16,19,16,19,14,11,3,10,18,19,19,6,18,7,15,2,12,16,9,6,4,11,13,14,19,6,11,5,10,3,10,0,0,10,9,19,18,17,6,12,6,3,11,2,9,9,5,13,19,8,7,6,6,3,10,11,19,5,8,15,15,18,1,5,1,0,1,10,10,11,3,5,10,15,10,7,2,0,0,10,5,9,16,3,19,11,10,5,3,0,7,19,18,1,4,12,9,15,18,7,7,0,3,18,11,1,9,16,19,11,19,2,0,2,0,13,16,19,16,19,14,11,3,10,18,19,19,6,18,7,15,2,12,16,9,6,4,11,13,14,19,6,11,5,10,3,10,0,0,10,9,19,18,17,6,12,6,3,11,2,9,9,5,13,19,8,7,6,6,3,10,11,19,5,8,15,15,18,1,5,1,0,1,10,10,11,3,5,10,15,10,7,2,0,0,10,5,9,16,3,19,11,10,5,3,0,7,19,18,1,4,12,9,15,18,7,7,0,3,18,11,1,9,16,19,11,19,2,0,14",-0.5265949,0.2954958,3.0,0.04749433,76.21875,0.05000588,1.0,0.05000588,0.31198043,0.01243305,0.0,0.0,0.04749433,0.0030359058,0.85835737,0.31198043,2.7728932,1.2903694,76.21875,-0.5265949,3.9009616,210.52046,0.012030072,0.044982776,1.0,210.52046,0.2621533,0.14164262,2.7728932,0.0030359058,0.01283603,0.2954958,0.0,1.2903694,3.9009616,0.012030072,0.5265949,0.0,0.01283603,0.5265949,0.5873809,0.044982776,1.0,0.01243305,lookahead,beam_orig2_bm1-s0to50br2-s50to100br3-s100to150br1-s150to200br0
/work/T-REX/external/Proteina-Complexa/inference/search_binder_local_pipeline_32_PDL1_ALPHA_REPACK_v7_r003_cand_v7r003_hyp_0003_01_002_a3eb57b720db7/job_0_n_180_id_56_beam_orig3_bm1-s0to50br0-s50to100br0-s100to150br3-s150to200br0/job_0_n_180_id_56_beam_orig3_bm1-s0to50br0-s50to100br0-s100to150br3-s150to200br0.pdb,227,"2,0,13,16,19,16,19,14,11,3,10,18,19,19,6,18,7,15,2,12,16,9,6,4,11,13,14,19,6,11,5,10,3,10,0,0,10,9,19,18,17,6,12,6,3,11,2,9,9,5,13,19,8,7,6,6,3,10,11,19,5,8,15,15,18,1,5,1,0,1,10,10,11,3,5,10,15,10,7,2,0,0,10,5,9,16,3,19,11,10,5,3,0,7,19,18,1,4,12,9,15,18,7,7,0,3,18,11,1,9,16,19,11,19,2,0,19,15,6,6,8,9,0,11,10,2,6,12,10,10,8,0,0,1,9,7,15,3,3,17,19,1,5,10,10,11,0,7,0,3,19,2,0,5,3,11,3,7,11,16,0,13,3,9,15,9,3,2,7,2,6,3,9,0,6,9,10,5,11,0,0,0,0,0,0,0,0,0,0,0,0,0,0,0,0,0,0,0,0,0,0,0,0,0,0,0,0,0,0,0,0,0,0,0,0,0,0,0,0,0,0,0,0,0,0,0,0,0,0,0,0,0,0",-0.23850843,0.10891857,3.0,0.28742242,34.33606,0.33506933,1.0,0.33506933,0.18092632,0.28742242,0.0,0.0,0.28742242,0.0047294376,0.8916749,0.18092632,1.3718326,1.4602875,34.33606,-0.23850843,2.553823,165.89114,0.23977548,0.23977548,1.0,165.89114,0.6397445,0.108325094,1.3718326,0.0047294376,0.33506933,0.10891857,0.0,1.4602875,2.553823,0.23977548,0.23850843,0.0,0.33506933,0.23850843,0.80768675,0.23977548,1.0,0.28742242,lookahead,beam_orig3_bm1-s0to50br0-s50to100br0-s100to150br3-s150to200br0
/work/T-REX/external/Proteina-Complexa/inference/search_binder_local_pipeline_32_PDL1_ALPHA_REPACK_v7_r003_cand_v7r003_hyp_0003_01_002_a3eb57b720db7/job_0_n_176_id_57_beam_orig0_bm1-s0to50br2-s50to100br1-s100to150br2-s150to200br1/job_0_n_176_id_57_beam_orig0_bm1-s0to50br2-s50to100br1-s100to150br2-s150to200br1.pdb,228,"2,0,13,16,19,16,19,14,11,3,10,18,19,19,6,18,7,15,2,12,16,9,6,4,11,13,14,19,6,11,5,10,3,10,0,0,10,9,19,18,17,6,12,6,3,11,2,9,9,5,13,19,8,7,6,6,3,10,11,19,5,8,15,15,18,1,5,1,0,1,10,10,11,3,5,10,15,10,7,2,0,0,10,5,9,16,3,19,11,10,5,3,0,7,19,18,1,4,12,9,15,18,7,7,0,3,18,11,1,9,16,19,11,19,2,0,0,0,0,8,11,3,12,7,2,10,10,13,11,2,7,5,10,0,6,0,6,11,6,18,1,10,0,10,6,10,11,14,2,3,0,11,16,8,2,2,10,0,0,0,10,6,11,10,7,1,10,3,6,0,10,0,6,18,6,11,0,0,0,0,0,0,0,0,0,0,0,0,0,0,0,0,0,0,0,0,0,0,0,0,0,0,0,0,0,0,0,0,0,0,0,0,0,0,0,0,0,0,0,0,0,0,0,0,0,0,0,0,0,0,0,0,0",-0.19255729,0.07518956,3.0,0.40743804,50.298744,0.50060934,1.0,0.50060934,0.1478916,0.40743804,0.0,0.0,0.40743804,0.0018867236,0.937656,0.1478916,4.5984235,1.254454,50.298744,-0.19255729,2.5810359,182.15659,0.31426677,0.31426677,1.0,182.15659,0.7474974,0.06234399,4.5984235,0.0018867236,0.50060934,0.07518956,0.0,1.254454,2.5810359,0.31426677,0.19255729,0.0,0.50060934,0.19255729,0.85372937,0.31426677,1.0,0.40743804,lookahead,beam_orig0_bm1-s0to50br2-s50to100br1-s100to150br2-s150to200br1
/work/T-REX/external/Proteina-Complexa/inference/search_binder_local_pipeline_32_PDL1_ALPHA_REPACK_v7_r003_cand_v7r003_hyp_0003_01_002_a3eb57b720db7/job_0_n_229_id_57_beam_orig1_bm2-s0to50br1-s50to100br1-s100to150br1-s150to200br1/job_0_n_229_id_57_beam_orig1_bm2-s0to50br1-s50to100br1-s100to150br1-s150to200br1.pdb,229,"2,0,13,16,19,16,19,14,11,3,10,18,19,19,6,18,7,15,2,12,16,9,6,4,11,13,14,19,6,11,5,10,3,10,0,0,10,9,19,18,17,6,12,6,3,11,2,9,9,5,13,19,8,7,6,6,3,10,11,19,5,8,15,15,18,1,5,1,0,1,10,10,11,3,5,10,15,10,7,2,0,0,10,5,9,16,3,19,11,10,5,3,0,7,19,18,1,4,12,9,15,18,7,7,0,3,18,11,1,9,16,19,11,19,2,0,0,13,16,19,16,19,14,11,3,10,18,19,19,6,18,7,15,2,12,16,9,6,4,11,13,14,19,6,11,5,10,3,10,0,0,10,9,19,18,17,6,12,6,3,11,2,9,9,5,13,19,8,7,6,6,3,10,11,19,5,8,15,15,18,1,5,1,0,1,10,10,11,3,5,10,15,10,7,2,0,0,10,5,9,16,3,19,11,10,5,3,0,7,19,18,1,4,12,9,15,18,7,7,0,3,18,11,1,9,16,19,11,19,0,0,0,0",-0.50857776,0.28180993,3.0,0.053865112,60.691345,0.05702059,1.0,0.05702059,0.3018694,0.013137795,0.0,0.0,0.053865112,0.0017968727,0.86177003,0.3018694,4.4316254,1.2655413,60.691345,-0.50857776,3.7985086,199.43156,0.012760456,0.05070963,1.0,199.43156,0.2740591,0.13822998,4.4316254,0.0017968727,0.013515135,0.28180993,0.0,1.2655413,3.7985086,0.012760456,0.50857776,0.0,0.013515135,0.50857776,0.5944243,0.05070963,1.0,0.013137795,lookahead,beam_orig1_bm2-s0to50br1-s50to100br1-s100to150br1-s150to200br1
/work/T-REX/external/Proteina-Complexa/inference/search_binder_local_pipeline_32_PDL1_ALPHA_REPACK_v7_r003_cand_v7r003_hyp_0003_01_002_a3eb57b720db7/job_0_n_233_id_57_beam_orig2_bm1-s0to50br2-s50to100br3-s100to150br1-s150to200br1/job_0_n_233_id_57_beam_orig2_bm1-s0to50br2-s50to100br3-s100to150br1-s150to200br1.pdb,230,"2,0,13,16,19,16,19,14,11,3,10,18,19,19,6,18,7,15,2,12,16,9,6,4,11,13,14,19,6,11,5,10,3,10,0,0,10,9,19,18,17,6,12,6,3,11,2,9,9,5,13,19,8,7,6,6,3,10,11,19,5,8,15,15,18,1,5,1,0,1,10,10,11,3,5,10,15,10,7,2,0,0,10,5,9,16,3,19,11,10,5,3,0,7,19,18,1,4,12,9,15,18,7,7,0,3,18,11,1,9,16,19,11,19,2,0,2,0,13,16,19,16,19,14,11,3,10,18,19,19,6,18,7,15,2,12,16,9,6,4,11,13,14,19,6,11,5,10,3,10,0,0,10,9,19,18,17,6,12,6,3,11,2,9,9,5,13,19,8,7,6,6,3,10,11,19,5,8,15,15,18,1,5,1,0,1,10,10,11,3,5,10,15,10,7,2,0,0,10,5,9,16,3,19,11,10,5,3,0,7,19,18,1,4,12,9,15,18,7,7,0,3,18,11,1,9,16,19,11,19,2,0,14",-0.5209024,0.29152444,3.0,0.049916912,78.22065,0.052830547,1.0,0.052830547,0.30898583,0.012603253,0.0,0.0,0.049916912,0.0028459951,0.8585619,0.30898583,2.9112804,1.2913938,78.22065,-0.5209024,3.8863971,207.71286,0.012373341,0.047003277,1.0,207.71286,0.2668053,0.14143811,2.9112804,0.0028459951,0.012833166,0.29152444,0.0,1.2913938,3.8863971,0.012373341,0.5209024,0.0,0.012833166,0.5209024,0.5897056,0.047003277,1.0,0.012603253,lookahead,beam_orig2_bm1-s0to50br2-s50to100br3-s100to150br1-s150to200br1
/work/T-REX/external/Proteina-Complexa/inference/search_binder_local_pipeline_32_PDL1_ALPHA_REPACK_v7_r003_cand_v7r003_hyp_0003_01_002_a3eb57b720db7/job_0_n_180_id_57_beam_orig3_bm1-s0to50br0-s50to100br0-s100to150br3-s150to200br1/job_0_n_180_id_57_beam_orig3_bm1-s0to50br0-s50to100br0-s100to150br3-s150to200br1.pdb,231,"2,0,13,16,19,16,19,14,11,3,10,18,19,19,6,18,7,15,2,12,16,9,6,4,11,13,14,19,6,11,5,10,3,10,0,0,10,9,19,18,17,6,12,6,3,11,2,9,9,5,13,19,8,7,6,6,3,10,11,19,5,8,15,15,18,1,5,1,0,1,10,10,11,3,5,10,15,10,7,2,0,0,10,5,9,16,3,19,11,10,5,3,0,7,19,18,1,4,12,9,15,18,7,7,0,3,18,11,1,9,16,19,11,19,2,0,19,15,6,6,8,9,0,11,10,2,6,12,10,10,8,0,0,1,9,7,15,3,3,17,19,1,5,10,10,11,0,7,0,3,19,2,0,5,3,11,3,7,11,16,0,13,3,9,15,9,3,2,7,2,6,3,9,0,6,9,10,5,11,0,0,0,0,0,0,0,0,0,0,0,0,0,0,0,0,0,0,0,0,0,0,0,0,0,0,0,0,0,0,0,0,0,0,0,0,0,0,0,0,0,0,0,0,0,0,0,0,0,0,0,0,0,0",-0.23934153,0.109087676,3.0,0.28642195,28.539436,0.3345621,1.0,0.3345621,0.18152831,0.28577167,0.0,0.0,0.28642195,0.0047266977,0.8907946,0.18152831,1.3541664,1.4618287,28.539436,-0.23934153,2.5620732,164.12955,0.23698123,0.23828179,1.0,164.12955,0.6372406,0.1092054,1.3541664,0.0047266977,0.3345621,0.109087676,0.0,1.4618287,2.5620732,0.23698123,0.23934153,0.0,0.3345621,0.23934153,0.8064817,0.23828179,1.0,0.28577167,lookahead,beam_orig3_bm1-s0to50br0-s50to100br0-s100to150br3-s150to200br1
/work/T-REX/external/Proteina-Complexa/inference/search_binder_local_pipeline_32_PDL1_ALPHA_REPACK_v7_r003_cand_v7r003_hyp_0003_01_002_a3eb57b720db7/job_0_n_176_id_58_beam_orig0_bm1-s0to50br2-s50to100br1-s100to150br2-s150to200br2/job_0_n_176_id_58_beam_orig0_bm1-s0to50br2-s50to100br1-s100to150br2-s150to200br2.pdb,232,"2,0,13,16,19,16,19,14,11,3,10,18,19,19,6,18,7,15,2,12,16,9,6,4,11,13,14,19,6,11,5,10,3,10,0,0,10,9,19,18,17,6,12,6,3,11,2,9,9,5,13,19,8,7,6,6,3,10,11,19,5,8,15,15,18,1,5,1,0,1,10,10,11,3,5,10,15,10,7,2,0,0,10,5,9,16,3,19,11,10,5,3,0,7,19,18,1,4,12,9,15,18,7,7,0,3,18,11,1,9,16,19,11,19,2,0,0,0,0,8,11,3,12,7,2,10,10,13,11,2,7,5,10,0,6,0,6,11,6,18,1,10,0,10,6,10,11,14,2,3,0,11,16,8,2,2,10,0,0,0,10,6,11,10,7,1,10,3,6,0,10,0,6,18,6,11,0,0,0,0,0,0,0,0,0,0,0,0,0,0,0,0,0,0,0,0,0,0,0,0,0,0,0,0,0,0,0,0,0,0,0,0,0,0,0,0,0,0,0,0,0,0,0,0,0,0,0,0,0,0,0,0,0",-0.19152504,0.07318572,3.0,0.4115813,48.954308,0.5044983,1.0,0.5044983,0.14723419,0.4115813,0.0,0.0,0.4115813,0.0018783024,0.9378008,0.14723419,4.583631,1.2542329,48.954308,-0.19152504,2.577567,173.4075,0.3186643,0.3186643,1.0,173.4075,0.74921453,0.062199187,4.583631,0.0018783024,0.5044983,0.07318572,0.0,1.2542329,2.577567,0.3186643,0.19152504,0.0,0.5044983,0.19152504,0.8541675,0.3186643,1.0,0.4115813,lookahead,beam_orig0_bm1-s0to50br2-s50to100br1-s100to150br2-s150to200br2
/work/T-REX/external/Proteina-Complexa/inference/search_binder_local_pipeline_32_PDL1_ALPHA_REPACK_v7_r003_cand_v7r003_hyp_0003_01_002_a3eb57b720db7/job_0_n_229_id_58_beam_orig1_bm2-s0to50br1-s50to100br1-s100to150br1-s150to200br2/job_0_n_229_id_58_beam_orig1_bm2-s0to50br1-s50to100br1-s100to150br1-s150to200br2.pdb,233,"2,0,13,16,19,16,19,14,11,3,10,18,19,19,6,18,7,15,2,12,16,9,6,4,11,13,14,19,6,11,5,10,3,10,0,0,10,9,19,18,17,6,12,6,3,11,2,9,9,5,13,19,8,7,6,6,3,10,11,19,5,8,15,15,18,1,5,1,0,1,10,10,11,3,5,10,15,10,7,2,0,0,10,5,9,16,3,19,11,10,5,3,0,7,19,18,1,4,12,9,15,18,7,7,0,3,18,11,1,9,16,19,11,19,2,0,0,13,16,19,16,19,14,11,3,10,18,19,19,6,18,7,15,2,12,16,9,6,4,11,13,14,19,6,11,5,10,3,10,0,0,10,9,19,18,17,6,12,6,3,11,2,9,9,5,13,19,8,7,6,6,3,10,11,19,5,8,15,15,18,1,5,1,0,1,10,10,11,3,5,10,15,10,7,2,0,0,10,5,9,16,3,19,11,10,5,3,0,7,19,18,1,4,12,9,15,18,7,7,0,3,18,11,1,9,16,19,11,19,0,0,0,0",-0.51384556,0.28461692,3.0,0.051057205,57.54788,0.053338338,1.0,0.053338338,0.30476674,0.012885299,0.0,0.0,0.051057205,0.0017597876,0.8612769,0.30476674,4.123999,1.2708508,57.54788,-0.51384556,3.8133605,198.80963,0.0123356655,0.048776068,1.0,198.80963,0.27079728,0.13872308,4.123999,0.0017597876,0.013434932,0.28461692,0.0,1.2708508,3.8133605,0.0123356655,0.51384556,0.0,0.013434932,0.51384556,0.5928245,0.048776068,1.0,0.012885299,lookahead,beam_orig1_bm2-s0to50br1-s50to100br1-s100to150br1-s150to200br2
/work/T-REX/external/Proteina-Complexa/inference/search_binder_local_pipeline_32_PDL1_ALPHA_REPACK_v7_r003_cand_v7r003_hyp_0003_01_002_a3eb57b720db7/job_0_n_233_id_58_beam_orig2_bm1-s0to50br2-s50to100br3-s100to150br1-s150to200br2/job_0_n_233_id_58_beam_orig2_bm1-s0to50br2-s50to100br3-s100to150br1-s150to200br2.pdb,234,"2,0,13,16,19,16,19,14,11,3,10,18,19,19,6,18,7,15,2,12,16,9,6,4,11,13,14,19,6,11,5,10,3,10,0,0,10,9,19,18,17,6,12,6,3,11,2,9,9,5,13,19,8,7,6,6,3,10,11,19,5,8,15,15,18,1,5,1,0,1,10,10,11,3,5,10,15,10,7,2,0,0,10,5,9,16,3,19,11,10,5,3,0,7,19,18,1,4,12,9,15,18,7,7,0,3,18,11,1,9,16,19,11,19,2,0,2,0,13,16,19,16,19,14,11,3,10,18,19,19,6,18,7,15,2,12,16,9,6,4,11,13,14,19,6,11,5,10,3,10,0,0,10,9,19,18,17,6,12,6,3,11,2,9,9,5,13,19,8,7,6,6,3,10,11,19,5,8,15,15,18,1,5,1,0,1,10,10,11,3,5,10,15,10,7,2,0,0,10,5,9,16,3,19,11,10,5,3,0,7,19,18,1,4,12,9,15,18,7,7,0,3,18,11,1,9,16,19,11,19,2,0,14",-0.51382047,0.27764308,3.0,0.051556822,75.2054,0.05318683,1.0,0.05318683,0.3049435,0.013627796,0.0,0.0,0.051556822,0.0027564175,0.8592865,0.3049435,3.3888705,1.2796769,75.2054,-0.51382047,3.8583004,206.38615,0.013259301,0.049926814,1.0,206.38615,0.26706755,0.14071351,3.3888705,0.0027564175,0.013996292,0.27764308,0.0,1.2796769,3.8583004,0.013259301,0.51382047,0.0,0.013996292,0.51382047,0.5887852,0.049926814,1.0,0.013627796,lookahead,beam_orig2_bm1-s0to50br2-s50to100br3-s100to150br1-s150to200br2
/work/T-REX/external/Proteina-Complexa/inference/search_binder_local_pipeline_32_PDL1_ALPHA_REPACK_v7_r003_cand_v7r003_hyp_0003_01_002_a3eb57b720db7/job_0_n_180_id_58_beam_orig3_bm1-s0to50br0-s50to100br0-s100to150br3-s150to200br2/job_0_n_180_id_58_beam_orig3_bm1-s0to50br0-s50to100br0-s100to150br3-s150to200br2.pdb,235,"2,0,13,16,19,16,19,14,11,3,10,18,19,19,6,18,7,15,2,12,16,9,6,4,11,13,14,19,6,11,5,10,3,10,0,0,10,9,19,18,17,6,12,6,3,11,2,9,9,5,13,19,8,7,6,6,3,10,11,19,5,8,15,15,18,1,5,1,0,1,10,10,11,3,5,10,15,10,7,2,0,0,10,5,9,16,3,19,11,10,5,3,0,7,19,18,1,4,12,9,15,18,7,7,0,3,18,11,1,9,16,19,11,19,2,0,19,15,6,6,8,9,0,11,10,2,6,12,10,10,8,0,0,1,9,7,15,3,3,17,19,1,5,10,10,11,0,7,0,3,19,2,0,5,3,11,3,7,11,16,0,13,3,9,15,9,3,2,7,2,6,3,9,0,6,9,10,5,11,0,0,0,0,0,0,0,0,0,0,0,0,0,0,0,0,0,0,0,0,0,0,0,0,0,0,0,0,0,0,0,0,0,0,0,0,0,0,0,0,0,0,0,0,0,0,0,0,0,0,0,0,0,0",-0.21536238,0.08848347,3.0,0.3419776,43.00122,0.3961868,1.0,0.3961868,0.16532008,0.3419776,0.0,0.0,0.3419776,0.0043396447,0.9036802,0.16532008,1.6247822,1.4159827,43.00122,-0.21536238,2.3813496,165.09781,0.28776836,0.28776836,1.0,165.09781,0.68189174,0.09631977,1.6247822,0.0043396447,0.3961868,0.08848347,0.0,1.4159827,2.3813496,0.28776836,0.21536238,0.0,0.3961868,0.21536238,0.82790005,0.28776836,1.0,0.3419776,lookahead,beam_orig3_bm1-s0to50br0-s50to100br0-s100to150br3-s150to200br2
/work/T-REX/external/Proteina-Complexa/inference/search_binder_local_pipeline_32_PDL1_ALPHA_REPACK_v7_r003_cand_v7r003_hyp_0003_01_002_a3eb57b720db7/job_0_n_176_id_59_beam_orig0_bm1-s0to50br2-s50to100br1-s100to150br2-s150to200br3/job_0_n_176_id_59_beam_orig0_bm1-s0to50br2-s50to100br1-s100to150br2-s150to200br3.pdb,236,"2,0,13,16,19,16,19,14,11,3,10,18,19,19,6,18,7,15,2,12,16,9,6,4,11,13,14,19,6,11,5,10,3,10,0,0,10,9,19,18,17,6,12,6,3,11,2,9,9,5,13,19,8,7,6,6,3,10,11,19,5,8,15,15,18,1,5,1,0,1,10,10,11,3,5,10,15,10,7,2,0,0,10,5,9,16,3,19,11,10,5,3,0,7,19,18,1,4,12,9,15,18,7,7,0,3,18,11,1,9,16,19,11,19,2,0,0,0,0,8,11,3,12,7,2,10,10,13,11,2,7,5,10,0,6,0,6,11,6,18,1,10,0,10,6,10,11,14,2,3,0,11,16,8,2,2,10,0,0,0,10,6,11,10,7,1,10,3,6,0,10,0,6,18,6,11,0,0,0,0,0,0,0,0,0,0,0,0,0,0,0,0,0,0,0,0,0,0,0,0,0,0,0,0,0,0,0,0,0,0,0,0,0,0,0,0,0,0,0,0,0,0,0,0,0,0,0,0,0,0,0,0,0",-0.194438,0.07687599,3.0,0.39887592,49.552948,0.4899755,1.0,0.4899755,0.14894748,0.39887592,0.0,0.0,0.39887592,0.0018346767,0.93791854,0.14894748,4.641291,1.2530035,49.552948,-0.194438,2.5893037,175.88356,0.30777633,0.30777633,1.0,175.88356,0.7442175,0.062081445,4.641291,0.0018346767,0.4899755,0.07687599,0.0,1.2530035,2.5893037,0.30777633,0.194438,0.0,0.4899755,0.194438,0.85228646,0.30777633,1.0,0.39887592,lookahead,beam_orig0_bm1-s0to50br2-s50to100br1-s100to150br2-s150to200br3
/work/T-REX/external/Proteina-Complexa/inference/search_binder_local_pipeline_32_PDL1_ALPHA_REPACK_v7_r003_cand_v7r003_hyp_0003_01_002_a3eb57b720db7/job_0_n_229_id_59_beam_orig1_bm2-s0to50br1-s50to100br1-s100to150br1-s150to200br3/job_0_n_229_id_59_beam_orig1_bm2-s0to50br1-s50to100br1-s100to150br1-s150to200br3.pdb,237,"2,0,13,16,19,16,19,14,11,3,10,18,19,19,6,18,7,15,2,12,16,9,6,4,11,13,14,19,6,11,5,10,3,10,0,0,10,9,19,18,17,6,12,6,3,11,2,9,9,5,13,19,8,7,6,6,3,10,11,19,5,8,15,15,18,1,5,1,0,1,10,10,11,3,5,10,15,10,7,2,0,0,10,5,9,16,3,19,11,10,5,3,0,7,19,18,1,4,12,9,15,18,7,7,0,3,18,11,1,9,16,19,11,19,2,0,0,13,16,19,16,19,14,11,3,10,18,19,19,6,18,7,15,2,12,16,9,6,4,11,13,14,19,6,11,5,10,3,10,0,0,10,9,19,18,17,6,12,6,3,11,2,9,9,5,13,19,8,7,6,6,3,10,11,19,5,8,15,15,18,1,5,1,0,1,10,10,11,3,5,10,15,10,7,2,0,0,10,5,9,16,3,19,11,10,5,3,0,7,19,18,1,4,12,9,15,18,7,7,0,3,18,11,1,9,16,19,11,19,0,0,0,0",-0.5124557,0.28372753,3.0,0.051970914,59.37853,0.054601226,1.0,0.054601226,0.30399388,0.013130668,0.0,0.0,0.051970914,0.001783411,0.86098564,0.30399388,4.2674937,1.2693433,59.37853,-0.5124557,3.8098307,195.71733,0.012967549,0.0493406,1.0,195.71733,0.27120003,0.1390144,4.2674937,0.001783411,0.013293786,0.28372753,0.0,1.2693433,3.8098307,0.012967549,0.5124557,0.0,0.013293786,0.5124557,0.5928633,0.0493406,1.0,0.013130668,lookahead,beam_orig1_bm2-s0to50br1-s50to100br1-s100to150br1-s150to200br3
/work/T-REX/external/Proteina-Complexa/inference/search_binder_local_pipeline_32_PDL1_ALPHA_REPACK_v7_r003_cand_v7r003_hyp_0003_01_002_a3eb57b720db7/job_0_n_233_id_59_beam_orig2_bm1-s0to50br2-s50to100br3-s100to150br1-s150to200br3/job_0_n_233_id_59_beam_orig2_bm1-s0to50br2-s50to100br3-s100to150br1-s150to200br3.pdb,238,"2,0,13,16,19,16,19,14,11,3,10,18,19,19,6,18,7,15,2,12,16,9,6,4,11,13,14,19,6,11,5,10,3,10,0,0,10,9,19,18,17,6,12,6,3,11,2,9,9,5,13,19,8,7,6,6,3,10,11,19,5,8,15,15,18,1,5,1,0,1,10,10,11,3,5,10,15,10,7,2,0,0,10,5,9,16,3,19,11,10,5,3,0,7,19,18,1,4,12,9,15,18,7,7,0,3,18,11,1,9,16,19,11,19,2,0,2,0,13,16,19,16,19,14,11,3,10,18,19,19,6,18,7,15,2,12,16,9,6,4,11,13,14,19,6,11,5,10,3,10,0,0,10,9,19,18,17,6,12,6,3,11,2,9,9,5,13,19,8,7,6,6,3,10,11,19,5,8,15,15,18,1,5,1,0,1,10,10,11,3,5,10,15,10,7,2,0,0,10,5,9,16,3,19,11,10,5,3,0,7,19,18,1,4,12,9,15,18,7,7,0,3,18,11,1,9,16,19,11,19,2,0,14",-0.52854574,0.300258,3.0,0.046099626,75.911095,0.047776066,1.0,0.047776066,0.31298158,0.01235815,0.0,0.0,0.046099626,0.0028543407,0.85891485,0.31298158,2.6097617,1.2937583,75.911095,-0.52854574,3.9070597,207.18959,0.0120806135,0.04442319,1.0,207.18959,0.2638177,0.14108516,2.6097617,0.0028543407,0.012635687,0.300258,0.0,1.2937583,3.9070597,0.0120806135,0.52854574,0.0,0.012635687,0.52854574,0.5878116,0.04442319,1.0,0.01235815,lookahead,beam_orig2_bm1-s0to50br2-s50to100br3-s100to150br1-s150to200br3
/work/T-REX/external/Proteina-Complexa/inference/search_binder_local_pipeline_32_PDL1_ALPHA_REPACK_v7_r003_cand_v7r003_hyp_0003_01_002_a3eb57b720db7/job_0_n_180_id_59_beam_orig3_bm1-s0to50br0-s50to100br0-s100to150br3-s150to200br3/job_0_n_180_id_59_beam_orig3_bm1-s0to50br0-s50to100br0-s100to150br3-s150to200br3.pdb,239,"2,0,13,16,19,16,19,14,11,3,10,18,19,19,6,18,7,15,2,12,16,9,6,4,11,13,14,19,6,11,5,10,3,10,0,0,10,9,19,18,17,6,12,6,3,11,2,9,9,5,13,19,8,7,6,6,3,10,11,19,5,8,15,15,18,1,5,1,0,1,10,10,11,3,5,10,15,10,7,2,0,0,10,5,9,16,3,19,11,10,5,3,0,7,19,18,1,4,12,9,15,18,7,7,0,3,18,11,1,9,16,19,11,19,2,0,19,15,6,6,8,9,0,11,10,2,6,12,10,10,8,0,0,1,9,7,15,3,3,17,19,1,5,10,10,11,0,7,0,3,19,2,0,5,3,11,3,7,11,16,0,13,3,9,15,9,3,2,7,2,6,3,9,0,6,9,10,5,11,0,0,0,0,0,0,0,0,0,0,0,0,0,0,0,0,0,0,0,0,0,0,0,0,0,0,0,0,0,0,0,0,0,0,0,0,0,0,0,0,0,0,0,0,0,0,0,0,0,0,0,0,0,0",-0.2198382,0.09147136,3.0,0.3317583,39.899307,0.38426435,1.0,0.38426435,0.16819416,0.3317583,0.0,0.0,0.3317583,0.004400363,0.9028411,0.16819416,1.6085783,1.4190787,39.899307,-0.2198382,2.4138865,167.60522,0.27925223,0.27925223,1.0,167.60522,0.67366344,0.09715891,1.6085783,0.004400363,0.38426435,0.09147136,0.0,1.4190787,2.4138865,0.27925223,0.2198382,0.0,0.38426435,0.2198382,0.8243625,0.27925223,1.0,0.3317583,lookahead,beam_orig3_bm1-s0to50br0-s50to100br0-s100to150br3-s150to200br3
/work/T-REX/external/Proteina-Complexa/inference/search_binder_local_pipeline_32_PDL1_ALPHA_REPACK_v7_r003_cand_v7r003_hyp_0003_01_002_a3eb57b720db7/job_0_n_176_id_60_beam_orig0_bm0-s0to50br0-s50to100br2-s100to150br1-s150to200br0/job_0_n_176_id_60_beam_orig0_bm0-s0to50br0-s50to100br2-s100to150br1-s150to200br0.pdb,240,"2,0,13,16,19,16,19,14,11,3,10,18,19,19,6,18,7,15,2,12,16,9,6,4,11,13,14,19,6,11,5,10,3,10,0,0,10,9,19,18,17,6,12,6,3,11,2,9,9,5,13,19,8,7,6,6,3,10,11,19,5,8,15,15,18,1,5,1,0,1,10,10,11,3,5,10,15,10,7,2,0,0,10,5,9,16,3,19,11,10,5,3,0,7,19,18,1,4,12,9,15,18,7,7,0,3,18,11,1,9,16,19,11,19,2,0,15,6,11,6,0,6,11,10,13,1,6,0,9,11,6,18,2,11,11,2,18,15,6,0,9,11,11,18,5,1,9,10,3,11,18,11,16,15,13,14,10,18,10,10,0,5,11,6,10,6,3,0,11,11,6,10,6,11,16,11,0,0,0,0,0,0,0,0,0,0,0,0,0,0,0,0,0,0,0,0,0,0,0,0,0,0,0,0,0,0,0,0,0,0,0,0,0,0,0,0,0,0,0,0,0,0,0,0,0,0,0,0,0,0,0,0,0",-0.2113383,0.0891887,3.0,0.3535992,54.91426,0.44033682,1.0,0.44033682,0.16932765,0.3535992,0.0,0.0,0.3535992,0.0049847537,0.8885539,0.16932765,2.8726826,1.6586114,54.91426,-0.2113383,2.4191864,183.324,0.26686153,0.26686153,1.0,183.324,0.6862811,0.1114461,2.8726826,0.0049847537,0.44033682,0.0891887,0.0,1.6586114,2.4191864,0.26686153,0.2113383,0.0,0.44033682,0.2113383,0.82845515,0.26686153,1.0,0.3535992,lookahead,beam_orig0_bm0-s0to50br0-s50to100br2-s100to150br1-s150to200br0
/work/T-REX/external/Proteina-Complexa/inference/search_binder_local_pipeline_32_PDL1_ALPHA_REPACK_v7_r003_cand_v7r003_hyp_0003_01_002_a3eb57b720db7/job_0_n_229_id_60_beam_orig1_bm2-s0to50br1-s50to100br0-s100to150br1-s150to200br0/job_0_n_229_id_60_beam_orig1_bm2-s0to50br1-s50to100br0-s100to150br1-s150to200br0.pdb,241,"2,0,13,16,19,16,19,14,11,3,10,18,19,19,6,18,7,15,2,12,16,9,6,4,11,13,14,19,6,11,5,10,3,10,0,0,10,9,19,18,17,6,12,6,3,11,2,9,9,5,13,19,8,7,6,6,3,10,11,19,5,8,15,15,18,1,5,1,0,1,10,10,11,3,5,10,15,10,7,2,0,0,10,5,9,16,3,19,11,10,5,3,0,7,19,18,1,4,12,9,15,18,7,7,0,3,18,11,1,9,16,19,11,19,2,0,0,13,16,19,16,19,14,11,3,10,18,19,19,6,18,7,15,2,12,16,9,6,4,11,13,14,19,6,11,5,10,3,10,0,0,10,9,19,18,17,6,12,6,3,11,2,9,9,5,13,19,8,7,6,6,3,10,11,19,5,8,15,15,18,1,5,1,0,1,10,10,11,3,5,10,15,10,7,2,0,0,10,5,9,16,3,19,11,10,5,3,0,7,19,18,1,4,12,9,15,18,7,7,0,3,18,11,1,9,16,19,11,19,0,0,0,0",-0.5136733,0.28587627,3.0,0.051169403,60.08443,0.05436965,1.0,0.05436965,0.30490538,0.012839364,0.0,0.0,0.051169403,0.0017315956,0.8606223,0.30490538,4.333623,1.2745278,60.08443,-0.5136733,3.8153696,197.91542,0.012709397,0.047969155,1.0,197.91542,0.27089655,0.13937774,4.333623,0.0017315956,0.01296933,0.28587627,0.0,1.2745278,3.8153696,0.012709397,0.5136733,0.0,0.01296933,0.5136733,0.5926776,0.047969155,1.0,0.012839364,lookahead,beam_orig1_bm2-s0to50br1-s50to100br0-s100to150br1-s150to200br0
/work/T-REX/external/Proteina-Complexa/inference/search_binder_local_pipeline_32_PDL1_ALPHA_REPACK_v7_r003_cand_v7r003_hyp_0003_01_002_a3eb57b720db7/job_0_n_233_id_60_beam_orig2_bm1-s0to50br2-s50to100br1-s100to150br0-s150to200br0/job_0_n_233_id_60_beam_orig2_bm1-s0to50br2-s50to100br1-s100to150br0-s150to200br0.pdb,242,"2,0,13,16,19,16,19,14,11,3,10,18,19,19,6,18,7,15,2,12,16,9,6,4,11,13,14,19,6,11,5,10,3,10,0,0,10,9,19,18,17,6,12,6,3,11,2,9,9,5,13,19,8,7,6,6,3,10,11,19,5,8,15,15,18,1,5,1,0,1,10,10,11,3,5,10,15,10,7,2,0,0,10,5,9,16,3,19,11,10,5,3,0,7,19,18,1,4,12,9,15,18,7,7,0,3,18,11,1,9,16,19,11,19,2,0,2,0,13,16,19,16,19,14,11,3,10,18,19,19,6,18,7,15,2,12,16,9,6,4,11,13,14,19,6,11,5,10,3,10,0,0,10,9,19,18,17,6,12,6,3,11,2,9,9,5,13,19,8,7,6,6,3,10,11,19,5,8,15,15,18,1,5,1,0,1,10,10,11,3,5,10,15,10,7,2,0,0,10,5,9,16,3,19,11,10,5,3,0,7,19,18,1,4,12,9,15,18,7,7,0,3,18,11,1,9,16,19,11,19,2,0,14",-0.5250935,0.29546413,3.0,0.04900077,83.45142,0.05192391,1.0,0.05192391,0.3113897,0.012407085,0.0,0.0,0.04900077,0.0029019502,0.85818136,0.3113897,2.7838385,1.2943591,83.45142,-0.5250935,3.8973281,210.38185,0.012025695,0.046077628,1.0,210.38185,0.26407588,0.14181864,2.7838385,0.0029019502,0.0127884755,0.29546413,0.0,1.2943591,3.8973281,0.012025695,0.5250935,0.0,0.0127884755,0.5250935,0.5876676,0.046077628,1.0,0.012407085,lookahead,beam_orig2_bm1-s0to50br2-s50to100br1-s100to150br0-s150to200br0
/work/T-REX/external/Proteina-Complexa/inference/search_binder_local_pipeline_32_PDL1_ALPHA_REPACK_v7_r003_cand_v7r003_hyp_0003_01_002_a3eb57b720db7/job_0_n_180_id_60_beam_orig3_bm1-s0to50br0-s50to100br0-s100to150br1-s150to200br0/job_0_n_180_id_60_beam_orig3_bm1-s0to50br0-s50to100br0-s100to150br1-s150to200br0.pdb,243,"2,0,13,16,19,16,19,14,11,3,10,18,19,19,6,18,7,15,2,12,16,9,6,4,11,13,14,19,6,11,5,10,3,10,0,0,10,9,19,18,17,6,12,6,3,11,2,9,9,5,13,19,8,7,6,6,3,10,11,19,5,8,15,15,18,1,5,1,0,1,10,10,11,3,5,10,15,10,7,2,0,0,10,5,9,16,3,19,11,10,5,3,0,7,19,18,1,4,12,9,15,18,7,7,0,3,18,11,1,9,16,19,11,19,2,0,19,15,6,6,8,9,0,11,10,2,6,12,10,10,8,0,0,1,9,7,15,3,3,17,19,1,5,10,10,11,0,7,0,3,19,2,0,5,3,11,3,7,11,16,0,13,3,9,15,9,3,2,7,2,6,3,9,0,6,9,10,5,11,0,0,0,0,0,0,0,0,0,0,0,0,0,0,0,0,0,0,0,0,0,0,0,0,0,0,0,0,0,0,0,0,0,0,0,0,0,0,0,0,0,0,0,0,0,0,0,0,0,0,0,0,0,0",-0.21930072,0.09679838,3.0,0.33438385,28.307554,0.38651535,1.0,0.38651535,0.16905452,0.33438385,0.0,0.0,0.33438385,0.0047343215,0.89585483,0.16905452,1.12736,1.4860809,28.307554,-0.21930072,2.454345,163.68747,0.2822523,0.2822523,1.0,163.68747,0.6779396,0.10414514,1.12736,0.0047343215,0.38651535,0.09679838,0.0,1.4860809,2.454345,0.2822523,0.21930072,0.0,0.38651535,0.21930072,0.82099175,0.2822523,1.0,0.33438385,lookahead,beam_orig3_bm1-s0to50br0-s50to100br0-s100to150br1-s150to200br0
/work/T-REX/external/Proteina-Complexa/inference/search_binder_local_pipeline_32_PDL1_ALPHA_REPACK_v7_r003_cand_v7r003_hyp_0003_01_002_a3eb57b720db7/job_0_n_176_id_61_beam_orig0_bm0-s0to50br0-s50to100br2-s100to150br1-s150to200br1/job_0_n_176_id_61_beam_orig0_bm0-s0to50br0-s50to100br2-s100to150br1-s150to200br1.pdb,244,"2,0,13,16,19,16,19,14,11,3,10,18,19,19,6,18,7,15,2,12,16,9,6,4,11,13,14,19,6,11,5,10,3,10,0,0,10,9,19,18,17,6,12,6,3,11,2,9,9,5,13,19,8,7,6,6,3,10,11,19,5,8,15,15,18,1,5,1,0,1,10,10,11,3,5,10,15,10,7,2,0,0,10,5,9,16,3,19,11,10,5,3,0,7,19,18,1,4,12,9,15,18,7,7,0,3,18,11,1,9,16,19,11,19,2,0,15,6,11,6,0,6,11,10,13,1,6,0,9,11,6,18,2,11,11,2,18,15,6,0,9,11,11,18,5,11,9,10,3,11,18,11,16,15,13,14,10,18,10,10,0,5,11,6,10,6,3,0,11,11,6,10,6,11,16,11,0,0,0,0,0,0,0,0,0,0,0,0,0,0,0,0,0,0,0,0,0,0,0,0,0,0,0,0,0,0,0,0,0,0,0,0,0,0,0,0,0,0,0,0,0,0,0,0,0,0,0,0,0,0,0,0,0",-0.21552563,0.09149517,3.0,0.3425445,53.329613,0.43015203,1.0,0.43015203,0.172435,0.3425445,0.0,0.0,0.3425445,0.005338389,0.8867764,0.172435,2.7355506,1.6525013,53.329613,-0.21552563,2.452515,182.45352,0.25493696,0.25493696,1.0,182.45352,0.675608,0.113223605,2.7355506,0.005338389,0.43015203,0.09149517,0.0,1.6525013,2.452515,0.25493696,0.21552563,0.0,0.43015203,0.21552563,0.8240203,0.25493696,1.0,0.3425445,lookahead,beam_orig0_bm0-s0to50br0-s50to100br2-s100to150br1-s150to200br1
/work/T-REX/external/Proteina-Complexa/inference/search_binder_local_pipeline_32_PDL1_ALPHA_REPACK_v7_r003_cand_v7r003_hyp_0003_01_002_a3eb57b720db7/job_0_n_229_id_61_beam_orig1_bm2-s0to50br1-s50to100br0-s100to150br1-s150to200br1/job_0_n_229_id_61_beam_orig1_bm2-s0to50br1-s50to100br0-s100to150br1-s150to200br1.pdb,245,"2,0,13,16,19,16,19,14,11,3,10,18,19,19,6,18,7,15,2,12,16,9,6,4,11,13,14,19,6,11,5,10,3,10,0,0,10,9,19,18,17,6,12,6,3,11,2,9,9,5,13,19,8,7,6,6,3,10,11,19,5,8,15,15,18,1,5,1,0,1,10,10,11,3,5,10,15,10,7,2,0,0,10,5,9,16,3,19,11,10,5,3,0,7,19,18,1,4,12,9,15,18,7,7,0,3,18,11,1,9,16,19,11,19,2,0,0,13,16,19,16,19,14,11,3,10,18,19,19,6,18,7,15,2,12,16,9,6,4,11,13,14,19,6,11,5,10,3,10,0,0,10,9,19,18,17,6,12,6,3,11,2,9,9,5,13,19,8,7,6,6,3,10,11,19,5,8,15,15,18,1,5,1,0,1,10,10,11,3,5,10,15,10,7,2,0,0,10,5,9,16,3,19,11,10,5,3,0,7,19,18,1,4,12,9,15,18,7,7,0,3,18,11,1,9,16,19,11,19,0,0,0,0",-0.5156419,0.28783616,3.0,0.0502887,57.988297,0.053148255,1.0,0.053148255,0.30619806,0.01283697,0.0,0.0,0.0502887,0.0017846612,0.8598019,0.30619806,4.077069,1.2801707,57.988297,-0.5156419,3.818236,200.41927,0.012490492,0.047429144,1.0,200.41927,0.2709657,0.1401981,4.077069,0.0017846612,0.013183449,0.28783616,0.0,1.2801707,3.818236,0.012490492,0.5156419,0.0,0.013183449,0.5156419,0.5927874,0.047429144,1.0,0.01283697,lookahead,beam_orig1_bm2-s0to50br1-s50to100br0-s100to150br1-s150to200br1
/work/T-REX/external/Proteina-Complexa/inference/search_binder_local_pipeline_32_PDL1_ALPHA_REPACK_v7_r003_cand_v7r003_hyp_0003_01_002_a3eb57b720db7/job_0_n_233_id_61_beam_orig2_bm1-s0to50br2-s50to100br1-s100to150br0-s150to200br1/job_0_n_233_id_61_beam_orig2_bm1-s0to50br2-s50to100br1-s100to150br0-s150to200br1.pdb,246,"2,0,13,16,19,16,19,14,11,3,10,18,19,19,6,18,7,15,2,12,16,9,6,4,11,13,14,19,6,11,5,10,3,10,0,0,10,9,19,18,17,6,12,6,3,11,2,9,9,5,13,19,8,7,6,6,3,10,11,19,5,8,15,15,18,1,5,1,0,1,10,10,11,3,5,10,15,10,7,2,0,0,10,5,9,16,3,19,11,10,5,3,0,7,19,18,1,4,12,9,15,18,7,7,0,3,18,11,1,9,16,19,11,19,2,0,2,0,13,16,19,16,19,14,11,3,10,18,19,19,6,18,7,15,2,12,16,9,6,4,11,13,14,19,6,11,5,10,3,10,0,0,10,9,19,18,17,6,12,6,3,11,2,9,9,5,13,19,8,7,6,6,3,10,11,19,5,8,15,15,18,1,5,1,0,1,10,10,11,3,5,10,15,10,7,2,0,0,10,5,9,16,3,19,11,10,5,3,0,7,19,18,1,4,12,9,15,18,7,7,0,3,18,11,1,9,16,19,11,19,2,0,14",-0.5242413,0.27899066,3.0,0.045033626,100.459656,0.046694018,1.0,0.046694018,0.30981392,0.013603744,0.0,0.0,0.045033626,0.002779484,0.8614255,0.30981392,7.6460104,1.2792327,100.459656,-0.5242413,3.8429396,212.90607,0.013422992,0.043373235,1.0,212.90607,0.25769028,0.13857447,7.6460104,0.002779484,0.013784496,0.27899066,0.0,1.2792327,3.8429396,0.013422992,0.5242413,0.0,0.013784496,0.5242413,0.58640033,0.043373235,1.0,0.013603744,lookahead,beam_orig2_bm1-s0to50br2-s50to100br1-s100to150br0-s150to200br1
/work/T-REX/external/Proteina-Complexa/inference/search_binder_local_pipeline_32_PDL1_ALPHA_REPACK_v7_r003_cand_v7r003_hyp_0003_01_002_a3eb57b720db7/job_0_n_180_id_61_beam_orig3_bm1-s0to50br0-s50to100br0-s100to150br1-s150to200br1/job_0_n_180_id_61_beam_orig3_bm1-s0to50br0-s50to100br0-s100to150br1-s150to200br1.pdb,247,"2,0,13,16,19,16,19,14,11,3,10,18,19,19,6,18,7,15,2,12,16,9,6,4,11,13,14,19,6,11,5,10,3,10,0,0,10,9,19,18,17,6,12,6,3,11,2,9,9,5,13,19,8,7,6,6,3,10,11,19,5,8,15,15,18,1,5,1,0,1,10,10,11,3,5,10,15,10,7,2,0,0,10,5,9,16,3,19,11,10,5,3,0,7,19,18,1,4,12,9,15,18,7,7,0,3,18,11,1,9,16,19,11,19,2,0,19,15,6,6,8,9,0,11,10,2,6,12,10,10,8,0,0,1,9,7,15,3,3,17,19,1,5,10,10,11,0,7,0,3,19,2,0,5,3,11,3,7,11,16,0,13,3,9,15,9,3,2,7,8,6,3,9,0,6,9,10,5,11,0,0,0,0,0,0,0,0,0,0,0,0,0,0,0,0,0,0,0,0,0,0,0,0,0,0,0,0,0,0,0,0,0,0,0,0,0,0,0,0,0,0,0,0,0,0,0,0,0,0,0,0,0,0",-0.23838484,0.10623051,3.0,0.2888309,33.96467,0.3365614,1.0,0.3365614,0.18105948,0.2888309,0.0,0.0,0.2888309,0.004000984,0.8916339,0.18105948,1.2512486,1.4667306,33.96467,-0.23838484,2.5651426,171.53247,0.2411004,0.2411004,1.0,171.53247,0.6446421,0.10836606,1.2512486,0.004000984,0.3365614,0.10623051,0.0,1.4667306,2.5651426,0.2411004,0.23838484,0.0,0.3365614,0.23838484,0.8076978,0.2411004,1.0,0.2888309,lookahead,beam_orig3_bm1-s0to50br0-s50to100br0-s100to150br1-s150to200br1
/work/T-REX/external/Proteina-Complexa/inference/search_binder_local_pipeline_32_PDL1_ALPHA_REPACK_v7_r003_cand_v7r003_hyp_0003_01_002_a3eb57b720db7/job_0_n_176_id_62_beam_orig0_bm0-s0to50br0-s50to100br2-s100to150br1-s150to200br2/job_0_n_176_id_62_beam_orig0_bm0-s0to50br0-s50to100br2-s100to150br1-s150to200br2.pdb,248,"2,0,13,16,19,16,19,14,11,3,10,18,19,19,6,18,7,15,2,12,16,9,6,4,11,13,14,19,6,11,5,10,3,10,0,0,10,9,19,18,17,6,12,6,3,11,2,9,9,5,13,19,8,7,6,6,3,10,11,19,5,8,15,15,18,1,5,1,0,1,10,10,11,3,5,10,15,10,7,2,0,0,10,5,9,16,3,19,11,10,5,3,0,7,19,18,1,4,12,9,15,18,7,7,0,3,18,11,1,9,16,19,11,19,2,0,15,6,11,6,0,6,11,10,13,1,6,0,9,11,6,18,2,11,11,2,18,15,6,0,9,11,11,18,5,1,9,10,3,11,18,11,16,15,13,14,10,18,10,10,0,5,11,6,10,6,3,0,11,11,6,10,6,11,16,11,0,0,0,0,0,0,0,0,0,0,0,0,0,0,0,0,0,0,0,0,0,0,0,0,0,0,0,0,0,0,0,0,0,0,0,0,0,0,0,0,0,0,0,0,0,0,0,0,0,0,0,0,0,0,0,0,0",-0.20944859,0.08770788,3.0,0.3588388,54.924664,0.44632235,1.0,0.44632235,0.167988,0.3588388,0.0,0.0,0.3588388,0.005096991,0.8897001,0.167988,2.778954,1.6523257,54.924664,-0.20944859,2.4054797,180.2,0.27135527,0.27135527,1.0,180.2,0.6899744,0.11029991,2.778954,0.005096991,0.44632235,0.08770788,0.0,1.6523257,2.4054797,0.27135527,0.20944859,0.0,0.44632235,0.20944859,0.82944965,0.27135527,1.0,0.3588388,lookahead,beam_orig0_bm0-s0to50br0-s50to100br2-s100to150br1-s150to200br2
/work/T-REX/external/Proteina-Complexa/inference/search_binder_local_pipeline_32_PDL1_ALPHA_REPACK_v7_r003_cand_v7r003_hyp_0003_01_002_a3eb57b720db7/job_0_n_229_id_62_beam_orig1_bm2-s0to50br1-s50to100br0-s100to150br1-s150to200br2/job_0_n_229_id_62_beam_orig1_bm2-s0to50br1-s50to100br0-s100to150br1-s150to200br2.pdb,249,"2,0,13,16,19,16,19,14,11,3,10,18,19,19,6,18,7,15,2,12,16,9,6,4,11,13,14,19,6,11,5,10,3,10,0,0,10,9,19,18,17,6,12,6,3,11,2,9,9,5,13,19,8,7,6,6,3,10,11,19,5,8,15,15,18,1,5,1,0,1,10,10,11,3,5,10,15,10,7,2,0,0,10,5,9,16,3,19,11,10,5,3,0,7,19,18,1,4,12,9,15,18,7,7,0,3,18,11,1,9,16,19,11,19,2,0,0,13,16,19,16,19,14,11,3,10,18,19,19,6,18,7,15,2,12,16,9,6,4,11,13,14,19,6,11,5,10,3,10,0,0,10,9,19,18,17,6,12,6,3,11,2,9,9,5,13,19,8,7,6,6,3,10,11,19,5,8,15,15,18,1,5,1,0,1,10,10,11,3,5,10,15,10,7,2,0,0,10,5,9,16,3,19,11,10,5,3,0,7,19,18,1,4,12,9,15,18,7,7,0,3,18,11,1,9,16,19,11,19,0,0,0,0",-0.51143974,0.28449377,3.0,0.052852668,61.32467,0.055509385,1.0,0.055509385,0.30407497,0.012978148,0.0,0.0,0.052852668,0.0017787133,0.8598238,0.30407497,4.33594,1.2776123,61.32467,-0.51143974,3.801575,199.5179,0.012832267,0.050195955,1.0,199.5179,0.2729937,0.14017616,4.33594,0.0017787133,0.013124028,0.28449377,0.0,1.2776123,3.801575,0.012832267,0.51143974,0.0,0.013124028,0.51143974,0.59370184,0.050195955,1.0,0.012978148,lookahead,beam_orig1_bm2-s0to50br1-s50to100br0-s100to150br1-s150to200br2
/work/T-REX/external/Proteina-Complexa/inference/search_binder_local_pipeline_32_PDL1_ALPHA_REPACK_v7_r003_cand_v7r003_hyp_0003_01_002_a3eb57b720db7/job_0_n_233_id_62_beam_orig2_bm1-s0to50br2-s50to100br1-s100to150br0-s150to200br2/job_0_n_233_id_62_beam_orig2_bm1-s0to50br2-s50to100br1-s100to150br0-s150to200br2.pdb,250,"2,0,13,16,19,16,19,14,11,3,10,18,19,19,6,18,7,15,2,12,16,9,6,4,11,13,14,19,6,11,5,10,3,10,0,0,10,9,19,18,17,6,12,6,3,11,2,9,9,5,13,19,8,7,6,6,3,10,11,19,5,8,15,15,18,1,5,1,0,1,10,10,11,3,5,10,15,10,7,2,0,0,10,5,9,16,3,19,11,10,5,3,0,7,19,18,1,4,12,9,15,18,7,7,0,3,18,11,1,9,16,19,11,19,2,0,2,0,13,16,19,16,19,14,11,3,10,18,19,19,6,18,7,15,2,12,16,9,6,4,11,13,14,19,6,11,5,10,3,10,0,0,10,9,19,18,17,6,12,6,3,11,2,9,9,5,13,19,8,7,6,6,3,10,11,19,5,8,15,15,18,1,5,1,0,1,10,10,11,3,5,10,15,10,7,2,0,0,10,5,9,16,3,19,11,10,5,3,0,7,19,18,1,4,12,9,15,18,7,7,0,3,18,11,1,9,16,19,11,19,2,0,14",-0.5247022,0.29426676,3.0,0.04863532,84.76166,0.051058784,1.0,0.051058784,0.31103384,0.012432497,0.0,0.0,0.04863532,0.0028900988,0.85856616,0.31103384,2.7801697,1.291804,84.76166,-0.5247022,3.8972325,212.21863,0.012050839,0.046211854,1.0,212.21863,0.26426804,0.1414338,2.7801697,0.0028900988,0.012814156,0.29426676,0.0,1.291804,3.8972325,0.012050839,0.5247022,0.0,0.012814156,0.5247022,0.58818895,0.046211854,1.0,0.012432497,lookahead,beam_orig2_bm1-s0to50br2-s50to100br1-s100to150br0-s150to200br2
/work/T-REX/external/Proteina-Complexa/inference/search_binder_local_pipeline_32_PDL1_ALPHA_REPACK_v7_r003_cand_v7r003_hyp_0003_01_002_a3eb57b720db7/job_0_n_180_id_62_beam_orig3_bm1-s0to50br0-s50to100br0-s100to150br1-s150to200br2/job_0_n_180_id_62_beam_orig3_bm1-s0to50br0-s50to100br0-s100to150br1-s150to200br2.pdb,251,"2,0,13,16,19,16,19,14,11,3,10,18,19,19,6,18,7,15,2,12,16,9,6,4,11,13,14,19,6,11,5,10,3,10,0,0,10,9,19,18,17,6,12,6,3,11,2,9,9,5,13,19,8,7,6,6,3,10,11,19,5,8,15,15,18,1,5,1,0,1,10,10,11,3,5,10,15,10,7,2,0,0,10,5,9,16,3,19,11,10,5,3,0,7,19,18,1,4,12,9,15,18,7,7,0,3,18,11,1,9,16,19,11,19,2,0,19,15,6,6,8,9,0,11,10,2,6,12,10,10,8,0,0,1,9,7,15,3,3,17,19,1,5,10,10,11,0,7,0,3,19,2,0,5,3,11,3,7,11,16,0,13,3,9,15,9,3,2,7,2,6,3,9,0,6,9,10,5,11,0,0,0,0,0,0,0,0,0,0,0,0,0,0,0,0,0,0,0,0,0,0,0,0,0,0,0,0,0,0,0,0,0,0,0,0,0,0,0,0,0,0,0,0,0,0,0,0,0,0,0,0,0,0",-0.23178995,0.103364944,3.0,0.30072582,35.799557,0.34960818,1.0,0.34960818,0.17647909,0.30072582,0.0,0.0,0.30072582,0.004656108,0.8944574,0.17647909,1.350886,1.4525973,35.799557,-0.23178995,2.5050712,169.63458,0.25184342,0.25184342,1.0,169.63458,0.6492266,0.1055426,1.350886,0.004656108,0.34960818,0.103364944,0.0,1.4525973,2.5050712,0.25184342,0.23178995,0.0,0.34960818,0.23178995,0.8130767,0.25184342,1.0,0.30072582,lookahead,beam_orig3_bm1-s0to50br0-s50to100br0-s100to150br1-s150to200br2
/work/T-REX/external/Proteina-Complexa/inference/search_binder_local_pipeline_32_PDL1_ALPHA_REPACK_v7_r003_cand_v7r003_hyp_0003_01_002_a3eb57b720db7/job_0_n_176_id_63_beam_orig0_bm0-s0to50br0-s50to100br2-s100to150br1-s150to200br3/job_0_n_176_id_63_beam_orig0_bm0-s0to50br0-s50to100br2-s100to150br1-s150to200br3.pdb,252,"2,0,13,16,19,16,19,14,11,3,10,18,19,19,6,18,7,15,2,12,16,9,6,4,11,13,14,19,6,11,5,10,3,10,0,0,10,9,19,18,17,6,12,6,3,11,2,9,9,5,13,19,8,7,6,6,3,10,11,19,5,8,15,15,18,1,5,1,0,1,10,10,11,3,5,10,15,10,7,2,0,0,10,5,9,16,3,19,11,10,5,3,0,7,19,18,1,4,12,9,15,18,7,7,0,3,18,11,1,9,16,19,11,19,2,0,15,6,11,6,0,6,11,10,13,1,6,0,9,11,6,18,2,11,11,2,18,15,6,0,9,11,11,18,5,1,9,10,3,11,18,11,16,15,13,14,10,18,10,10,0,5,11,6,10,6,3,0,11,11,6,10,6,11,16,11,0,0,0,0,0,0,0,0,0,0,0,0,0,0,0,0,0,0,0,0,0,0,0,0,0,0,0,0,0,0,0,0,0,0,0,0,0,0,0,0,0,0,0,0,0,0,0,0,0,0,0,0,0,0,0,0,0",-0.20840997,0.08633604,3.0,0.36244163,54.867935,0.4502406,1.0,0.4502406,0.16705552,0.36244163,0.0,0.0,0.36244163,0.0050619426,0.891206,0.16705552,2.8471384,1.6350482,54.867935,-0.20840997,2.3941615,180.15628,0.27464265,0.27464265,1.0,180.15628,0.69093245,0.10879397,2.8471384,0.0050619426,0.4502406,0.08633604,0.0,1.6350482,2.3941615,0.27464265,0.20840997,0.0,0.4502406,0.20840997,0.83024836,0.27464265,1.0,0.36244163,lookahead,beam_orig0_bm0-s0to50br0-s50to100br2-s100to150br1-s150to200br3
/work/T-REX/external/Proteina-Complexa/inference/search_binder_local_pipeline_32_PDL1_ALPHA_REPACK_v7_r003_cand_v7r003_hyp_0003_01_002_a3eb57b720db7/job_0_n_229_id_63_beam_orig1_bm2-s0to50br1-s50to100br0-s100to150br1-s150to200br3/job_0_n_229_id_63_beam_orig1_bm2-s0to50br1-s50to100br0-s100to150br1-s150to200br3.pdb,253,"2,0,13,16,19,16,19,14,11,3,10,18,19,19,6,18,7,15,2,12,16,9,6,4,11,13,14,19,6,11,5,10,3,10,0,0,10,9,19,18,17,6,12,6,3,11,2,9,9,5,13,19,8,7,6,6,3,10,11,19,5,8,15,15,18,1,5,1,0,1,10,10,11,3,5,10,15,10,7,2,0,0,10,5,9,16,3,19,11,10,5,3,0,7,19,18,1,4,12,9,15,18,7,7,0,3,18,11,1,9,16,19,11,19,2,0,0,13,16,19,16,19,14,11,3,10,18,19,19,6,18,7,15,2,12,16,9,6,4,11,13,14,19,6,11,5,10,3,10,0,0,10,9,19,18,17,6,12,6,3,11,2,9,9,5,13,19,8,7,6,6,3,10,11,19,5,8,15,15,18,1,5,1,0,1,10,10,11,3,5,10,15,10,7,2,0,0,10,5,9,16,3,19,11,10,5,3,0,7,19,18,1,4,12,9,15,18,7,7,0,3,18,11,1,9,16,19,11,19,0,0,0,0",-0.5157068,0.28805387,3.0,0.05059399,57.823967,0.052920636,1.0,0.052920636,0.30611125,0.0128575675,0.0,0.0,0.05059399,0.0017516328,0.860362,0.30611125,4.1250086,1.2802025,57.823967,-0.5157068,3.821554,200.1686,0.01250972,0.048267346,1.0,200.1686,0.27119285,0.13963802,4.1250086,0.0017516328,0.013205414,0.28805387,0.0,1.2802025,3.821554,0.01250972,0.5157068,0.0,0.013205414,0.5157068,0.59298855,0.048267346,1.0,0.0128575675,lookahead,beam_orig1_bm2-s0to50br1-s50to100br0-s100to150br1-s150to200br3
/work/T-REX/external/Proteina-Complexa/inference/search_binder_local_pipeline_32_PDL1_ALPHA_REPACK_v7_r003_cand_v7r003_hyp_0003_01_002_a3eb57b720db7/job_0_n_233_id_63_beam_orig2_bm1-s0to50br2-s50to100br1-s100to150br0-s150to200br3/job_0_n_233_id_63_beam_orig2_bm1-s0to50br2-s50to100br1-s100to150br0-s150to200br3.pdb,254,"2,0,13,16,19,16,19,14,11,3,10,18,19,19,6,18,7,15,2,12,16,9,6,4,11,13,14,19,6,11,5,10,3,10,0,0,10,9,19,18,17,6,12,6,3,11,2,9,9,5,13,19,8,7,6,6,3,10,11,19,5,8,15,15,18,1,5,1,0,1,10,10,11,3,5,10,15,10,7,2,0,0,10,5,9,16,3,19,11,10,5,3,0,7,19,18,1,4,12,9,15,18,7,7,0,3,18,11,1,9,16,19,11,19,2,0,2,0,13,16,19,16,19,14,11,3,10,18,19,19,6,18,7,15,2,12,16,9,6,4,11,13,14,19,6,11,5,10,3,10,0,0,10,9,19,18,17,6,12,6,3,11,2,9,9,5,13,19,8,7,6,6,3,10,11,19,5,8,15,15,18,1,5,1,0,1,10,10,11,3,5,10,15,10,7,2,0,0,10,5,9,16,3,19,11,10,5,3,0,7,19,18,1,4,12,9,15,18,7,7,0,3,18,11,1,9,16,19,11,19,2,0,14",-0.5199367,0.28935826,3.0,0.050266795,85.20048,0.05309233,1.0,0.05309233,0.30894724,0.012705582,0.0,0.0,0.050266795,0.003009598,0.85801286,0.30894724,2.893521,1.2913705,85.20048,-0.5199367,3.8858602,212.85735,0.012397098,0.047441255,1.0,212.85735,0.26864788,0.14198714,2.893521,0.003009598,0.013014066,0.28935826,0.0,1.2913705,3.8858602,0.012397098,0.5199367,0.0,0.013014066,0.5199367,0.5899047,0.047441255,1.0,0.012705582,lookahead,beam_orig2_bm1-s0to50br2-s50to100br1-s100to150br0-s150to200br3
/work/T-REX/external/Proteina-Complexa/inference/search_binder_local_pipeline_32_PDL1_ALPHA_REPACK_v7_r003_cand_v7r003_hyp_0003_01_002_a3eb57b720db7/job_0_n_180_id_63_beam_orig3_bm1-s0to50br0-s50to100br0-s100to150br1-s150to200br3/job_0_n_180_id_63_beam_orig3_bm1-s0to50br0-s50to100br0-s100to150br1-s150to200br3.pdb,255,"2,0,13,16,19,16,19,14,11,3,10,18,19,19,6,18,7,15,2,12,16,9,6,4,11,13,14,19,6,11,5,10,3,10,0,0,10,9,19,18,17,6,12,6,3,11,2,9,9,5,13,19,8,7,6,6,3,10,11,19,5,8,15,15,18,1,5,1,0,1,10,10,11,3,5,10,15,10,7,2,0,0,10,5,9,16,3,19,11,10,5,3,0,7,19,18,1,4,12,9,15,18,7,7,0,3,18,11,1,9,16,19,11,19,2,0,19,15,6,6,8,9,0,11,10,2,6,12,10,10,8,0,0,1,9,7,15,3,3,17,19,1,5,10,10,11,0,7,0,3,19,2,0,5,3,11,3,7,11,16,0,13,3,9,15,9,3,2,7,2,6,3,9,0,6,9,10,5,11,0,0,0,0,0,0,0,0,0,0,0,0,0,0,0,0,0,0,0,0,0,0,0,0,0,0,0,0,0,0,0,0,0,0,0,0,0,0,0,0,0,0,0,0,0,0,0,0,0,0,0,0,0,0",-0.22548397,0.09862938,3.0,0.31679827,36.81924,0.36657813,1.0,0.36657813,0.17253278,0.31679827,0.0,0.0,0.31679827,0.004614182,0.89583606,0.17253278,1.5046344,1.4571707,36.81924,-0.22548397,2.4696457,169.26282,0.26701838,0.26701838,1.0,169.26282,0.66004753,0.10416396,1.5046344,0.004614182,0.36657813,0.09862938,0.0,1.4571707,2.4696457,0.26701838,0.22548397,0.0,0.36657813,0.22548397,0.8178043,0.26701838,1.0,0.31679827,lookahead,beam_orig3_bm1-s0to50br0-s50to100br0-s100to150br1-s150to200br3
/work/T-REX/external/Proteina-Complexa/inference/search_binder_local_pipeline_32_PDL1_ALPHA_REPACK_v7_r003_cand_v7r003_hyp_0003_01_002_a3eb57b720db7/job_0_n_176_id_64_beam_orig0_bm1-s0to50br2-s50to100br1-s100to150br1-s150to200br2/job_0_n_176_id_64_beam_orig0_bm1-s0to50br2-s50to100br1-s100to150br1-s150to200br2.pdb,256,"2,0,13,16,19,16,19,14,11,3,10,18,19,19,6,18,7,15,2,12,16,9,6,4,11,13,14,19,6,11,5,10,3,10,0,0,10,9,19,18,17,6,12,6,3,11,2,9,9,5,13,19,8,7,6,6,3,10,11,19,5,8,15,15,18,1,5,1,0,1,10,10,11,3,5,10,15,10,7,2,0,0,10,5,9,16,3,19,11,10,5,3,0,7,19,18,1,4,12,9,15,18,7,7,0,3,18,11,1,9,16,19,11,19,2,0,0,0,0,8,11,3,12,7,2,10,10,13,11,2,7,5,10,0,6,0,6,11,5,18,1,10,0,10,6,10,11,14,2,3,0,11,16,8,2,2,10,0,0,0,10,6,11,10,7,1,10,3,6,0,10,6,6,18,5,11,0,0,0,0,0,0,0,0,0,0,0,0,0,0,0,0,0,0,0,0,0,0,0,0,0,0,0,0,0,0,0,0,0,0,0,0,0,0,0,0,0,0,0,0,0,0,0,0,0,0,0,0,0,0,0,0,0",-0.1759829,0.06908398,3.0,0.45862478,53.74772,0.55650264,1.0,0.55650264,0.135749,0.45862478,0.0,0.0,0.45862478,0.001532223,0.94628733,0.135749,4.810878,1.2247461,53.74772,-0.1759829,2.5630667,191.79366,0.36074692,0.36074692,1.0,191.79366,0.763921,0.053712644,4.810878,0.001532223,0.55650264,0.06908398,0.0,1.2247461,2.5630667,0.36074692,0.1759829,0.0,0.55650264,0.1759829,0.86111283,0.36074692,1.0,0.45862478,final,beam_orig0_bm1-s0to50br2-s50to100br1-s100to150br1-s150to200br2
/work/T-REX/external/Proteina-Complexa/inference/search_binder_local_pipeline_32_PDL1_ALPHA_REPACK_v7_r003_cand_v7r003_hyp_0003_01_002_a3eb57b720db7/job_0_n_176_id_65_beam_orig0_bm1-s0to50br2-s50to100br1-s100to150br1-s150to200br0/job_0_n_176_id_65_beam_orig0_bm1-s0to50br2-s50to100br1-s100to150br1-s150to200br0.pdb,257,"2,0,13,16,19,16,19,14,11,3,10,18,19,19,6,18,7,15,2,12,16,9,6,4,11,13,14,19,6,11,5,10,3,10,0,0,10,9,19,18,17,6,12,6,3,11,2,9,9,5,13,19,8,7,6,6,3,10,11,19,5,8,15,15,18,1,5,1,0,1,10,10,11,3,5,10,15,10,7,2,0,0,10,5,9,16,3,19,11,10,5,3,0,7,19,18,1,4,12,9,15,18,7,7,0,3,18,11,1,9,16,19,11,19,2,0,0,0,0,8,11,3,12,7,2,10,10,13,11,2,7,5,10,0,6,0,6,11,5,18,1,10,0,10,6,10,11,14,2,3,0,11,16,8,2,2,10,0,0,0,10,6,11,10,7,1,10,3,6,0,10,6,6,18,5,11,0,0,0,0,0,0,0,0,0,0,0,0,0,0,0,0,0,0,0,0,0,0,0,0,0,0,0,0,0,0,0,0,0,0,0,0,0,0,0,0,0,0,0,0,0,0,0,0,0,0,0,0,0,0,0,0,0",-0.17695937,0.06964814,3.0,0.45485651,51.563057,0.5530111,1.0,0.5530111,0.1363934,0.45485651,0.0,0.0,0.45485651,0.0015120944,0.94602275,0.1363934,4.7281713,1.2280307,51.563057,-0.17695937,2.5672536,179.08904,0.35670188,0.35670188,1.0,179.08904,0.76244456,0.053977262,4.7281713,0.0015120944,0.5530111,0.06964814,0.0,1.2280307,2.5672536,0.35670188,0.17695937,0.0,0.5530111,0.17695937,0.860821,0.35670188,1.0,0.45485651,final,beam_orig0_bm1-s0to50br2-s50to100br1-s100to150br1-s150to200br0
/work/T-REX/external/Proteina-Complexa/inference/search_binder_local_pipeline_32_PDL1_ALPHA_REPACK_v7_r003_cand_v7r003_hyp_0003_01_002_a3eb57b720db7/job_0_n_176_id_66_beam_orig0_bm1-s0to50br2-s50to100br1-s100to150br1-s150to200br3/job_0_n_176_id_66_beam_orig0_bm1-s0to50br2-s50to100br1-s100to150br1-s150to200br3.pdb,258,"2,0,13,16,19,16,19,14,11,3,10,18,19,19,6,18,7,15,2,12,16,9,6,4,11,13,14,19,6,11,5,10,3,10,0,0,10,9,19,18,17,6,12,6,3,11,2,9,9,5,13,19,8,7,6,6,3,10,11,19,5,8,15,15,18,1,5,1,0,1,10,10,11,3,5,10,15,10,7,2,0,0,10,5,9,16,3,19,11,10,5,3,0,7,19,18,1,4,12,9,15,18,7,7,0,3,18,11,1,9,16,19,11,19,2,0,0,0,0,8,11,3,12,7,2,10,10,13,11,2,7,5,10,0,6,0,6,11,5,18,1,10,0,10,6,10,11,14,2,3,0,11,16,8,2,2,10,0,0,0,10,6,11,10,7,1,10,3,6,0,10,6,6,18,5,11,0,0,0,0,0,0,0,0,0,0,0,0,0,0,0,0,0,0,0,0,0,0,0,0,0,0,0,0,0,0,0,0,0,0,0,0,0,0,0,0,0,0,0,0,0,0,0,0,0,0,0,0,0,0,0,0,0",-0.17840806,0.07059722,3.0,0.44837046,50.775562,0.54528964,1.0,0.54528964,0.13728741,0.44837046,0.0,0.0,0.44837046,0.0015009772,0.9457923,0.13728741,4.7603774,1.2272879,50.775562,-0.17840806,2.5725906,182.9665,0.35145125,0.35145125,1.0,182.9665,0.7601524,0.05420769,4.7603774,0.0015009772,0.54528964,0.07059722,0.0,1.2272879,2.5725906,0.35145125,0.17840806,0.0,0.54528964,0.17840806,0.860187,0.35145125,1.0,0.44837046,final,beam_orig0_bm1-s0to50br2-s50to100br1-s100to150br1-s150to200br3
/work/T-REX/external/Proteina-Complexa/inference/search_binder_local_pipeline_32_PDL1_ALPHA_REPACK_v7_r003_cand_v7r003_hyp_0003_01_002_a3eb57b720db7/job_0_n_176_id_67_beam_orig0_bm1-s0to50br2-s50to100br1-s100to150br1-s150to200br1/job_0_n_176_id_67_beam_orig0_bm1-s0to50br2-s50to100br1-s100to150br1-s150to200br1.pdb,259,"2,0,13,16,19,16,19,14,11,3,10,18,19,19,6,18,7,15,2,12,16,9,6,4,11,13,14,19,6,11,5,10,3,10,0,0,10,9,19,18,17,6,12,6,3,11,2,9,9,5,13,19,8,7,6,6,3,10,11,19,5,8,15,15,18,1,5,1,0,1,10,10,11,3,5,10,15,10,7,2,0,0,10,5,9,16,3,19,11,10,5,3,0,7,19,18,1,4,12,9,15,18,7,7,0,3,18,11,1,9,16,19,11,19,2,0,0,0,0,8,11,3,12,7,2,10,10,13,11,2,7,5,10,0,6,0,6,11,5,18,1,10,0,10,6,10,11,14,2,3,0,11,16,8,2,2,10,0,0,0,10,6,11,10,7,1,10,3,6,0,10,6,6,18,5,11,0,0,0,0,0,0,0,0,0,0,0,0,0,0,0,0,0,0,0,0,0,0,0,0,0,0,0,0,0,0,0,0,0,0,0,0,0,0,0,0,0,0,0,0,0,0,0,0,0,0,0,0,0,0,0,0,0",-0.17835768,0.07080485,3.0,0.44957113,55.202404,0.54640317,1.0,0.54640317,0.13747159,0.44957113,0.0,0.0,0.44957113,0.0015250396,0.94494313,0.13747159,4.861988,1.231761,55.202404,-0.17835768,2.5741482,183.42813,0.3527391,0.3527391,1.0,183.42813,0.76003337,0.055056848,4.861988,0.0015250396,0.54640317,0.07080485,0.0,1.231761,2.5741482,0.3527391,0.17835768,0.0,0.54640317,0.17835768,0.85994196,0.3527391,1.0,0.44957113,final,beam_orig0_bm1-s0to50br2-s50to100br1-s100to150br1-s150to200br1
/work/T-REX/external/Proteina-Complexa/inference/search_binder_local_pipeline_32_PDL1_ALPHA_REPACK_v7_r003_cand_v7r003_hyp_0003_01_002_a3eb57b720db7/job_0_n_229_id_64_beam_orig1_bm2-s0to50br1-s50to100br3-s100to150br2-s150to200br1/job_0_n_229_id_64_beam_orig1_bm2-s0to50br1-s50to100br3-s100to150br2-s150to200br1.pdb,260,"2,0,13,16,19,16,19,14,11,3,10,18,19,19,6,18,7,15,2,12,16,9,6,4,11,13,14,19,6,11,5,10,3,10,0,0,10,9,19,18,17,6,12,6,3,11,2,9,9,5,13,19,8,7,6,6,3,10,11,19,5,8,15,15,18,1,5,1,0,1,10,10,11,3,5,10,15,10,7,2,0,0,10,5,9,16,3,19,11,10,5,3,0,7,19,18,1,4,12,9,15,18,7,7,0,3,18,11,1,9,16,19,11,19,2,0,0,13,16,19,16,19,14,11,3,10,18,19,19,6,18,7,15,2,12,16,9,6,4,11,13,14,19,6,11,5,10,3,10,0,0,10,9,19,18,17,6,12,6,3,11,2,9,9,5,13,19,8,7,6,6,3,10,11,19,5,8,15,15,18,1,5,1,0,1,10,10,11,3,5,10,15,10,7,2,0,0,10,5,9,16,3,19,11,10,5,3,0,7,19,18,1,4,12,9,15,18,7,7,0,3,18,11,1,9,16,19,11,19,0,0,0,0",-0.5086796,0.2757594,3.0,0.0524463,66.227806,0.054153495,1.0,0.054153495,0.30228478,0.013839316,0.0,0.0,0.0524463,0.0017612914,0.86035687,0.30228478,4.722237,1.2686564,66.227806,-0.5086796,3.783331,203.11487,0.013447664,0.0507391,1.0,203.11487,0.26997453,0.13964313,4.722237,0.0017612914,0.014230968,0.2757594,0.0,1.2686564,3.783331,0.013447664,0.5086796,0.0,0.014230968,0.5086796,0.59231085,0.0507391,1.0,0.013839316,final,beam_orig1_bm2-s0to50br1-s50to100br3-s100to150br2-s150to200br1
/work/T-REX/external/Proteina-Complexa/inference/search_binder_local_pipeline_32_PDL1_ALPHA_REPACK_v7_r003_cand_v7r003_hyp_0003_01_002_a3eb57b720db7/job_0_n_229_id_65_beam_orig1_bm2-s0to50br1-s50to100br1-s100to150br1-s150to200br1/job_0_n_229_id_65_beam_orig1_bm2-s0to50br1-s50to100br1-s100to150br1-s150to200br1.pdb,261,"2,0,13,16,19,16,19,14,11,3,10,18,19,19,6,18,7,15,2,12,16,9,6,4,11,13,14,19,6,11,5,10,3,10,0,0,10,9,19,18,17,6,12,6,3,11,2,9,9,5,13,19,8,7,6,6,3,10,11,19,5,8,15,15,18,1,5,1,0,1,10,10,11,3,5,10,15,10,7,2,0,0,10,5,9,16,3,19,11,10,5,3,0,7,19,18,1,4,12,9,15,18,7,7,0,3,18,11,1,9,16,19,11,19,2,0,0,13,16,19,16,19,14,11,3,10,18,19,19,6,18,7,15,2,12,16,9,6,4,11,13,14,19,6,11,5,10,3,10,0,0,10,9,19,18,17,6,12,6,3,11,2,9,9,5,13,19,8,7,6,6,3,10,11,19,5,8,15,15,18,1,5,1,0,1,10,10,11,3,5,10,15,10,7,2,0,0,10,5,9,16,3,19,11,10,5,3,0,7,19,18,1,4,12,9,15,18,7,7,0,3,18,11,1,9,16,19,11,19,0,0,0,0",-0.5103324,0.28157684,3.0,0.052433,62.738483,0.055102125,1.0,0.055102125,0.30275646,0.013290029,0.0,0.0,0.052433,0.0017637521,0.861661,0.30275646,4.5934067,1.2643304,62.738483,-0.5103324,3.7994998,200.02945,0.012956895,0.049763873,1.0,200.02945,0.27072042,0.138339,4.5934067,0.0017637521,0.013623163,0.28157684,0.0,1.2643304,3.7994998,0.012956895,0.5103324,0.0,0.013623163,0.5103324,0.5927131,0.049763873,1.0,0.013290029,final,beam_orig1_bm2-s0to50br1-s50to100br1-s100to150br1-s150to200br1
/work/T-REX/external/Proteina-Complexa/inference/search_binder_local_pipeline_32_PDL1_ALPHA_REPACK_v7_r003_cand_v7r003_hyp_0003_01_002_a3eb57b720db7/job_0_n_229_id_66_beam_orig1_bm2-s0to50br1-s50to100br1-s100to150br0-s150to200br3/job_0_n_229_id_66_beam_orig1_bm2-s0to50br1-s50to100br1-s100to150br0-s150to200br3.pdb,262,"2,0,13,16,19,16,19,14,11,3,10,18,19,19,6,18,7,15,2,12,16,9,6,4,11,13,14,19,6,11,5,10,3,10,0,0,10,9,19,18,17,6,12,6,3,11,2,9,9,5,13,19,8,7,6,6,3,10,11,19,5,8,15,15,18,1,5,1,0,1,10,10,11,3,5,10,15,10,7,2,0,0,10,5,9,16,3,19,11,10,5,3,0,7,19,18,1,4,12,9,15,18,7,7,0,3,18,11,1,9,16,19,11,19,2,0,0,13,16,19,16,19,14,11,3,10,18,19,19,6,18,7,15,2,12,16,9,6,4,11,13,14,19,6,11,5,10,3,10,0,0,10,9,19,18,17,6,12,6,3,11,2,9,9,5,13,19,8,7,6,6,3,10,11,19,5,8,15,15,18,1,5,1,0,1,10,10,11,3,5,10,15,10,7,2,0,0,10,5,9,16,3,19,11,10,5,3,0,7,19,18,1,4,12,9,15,18,7,7,0,3,18,11,1,9,16,19,11,19,0,0,0,0",-0.5112472,0.28331763,3.0,0.052141156,59.36387,0.05494964,1.0,0.05494964,0.30289793,0.013186984,0.0,0.0,0.052141156,0.0017189125,0.86203,0.30289793,4.418857,1.2615994,59.36387,-0.5112472,3.805175,198.17007,0.012690128,0.04933267,1.0,198.17007,0.27015388,0.13796999,4.418857,0.0017189125,0.013683841,0.28331763,0.0,1.2615994,3.805175,0.012690128,0.5112472,0.0,0.013683841,0.5112472,0.5926639,0.04933267,1.0,0.013186984,final,beam_orig1_bm2-s0to50br1-s50to100br1-s100to150br0-s150to200br3
/work/T-REX/external/Proteina-Complexa/inference/search_binder_local_pipeline_32_PDL1_ALPHA_REPACK_v7_r003_cand_v7r003_hyp_0003_01_002_a3eb57b720db7/job_0_n_229_id_67_beam_orig1_bm2-s0to50br1-s50to100br3-s100to150br2-s150to200br3/job_0_n_229_id_67_beam_orig1_bm2-s0to50br1-s50to100br3-s100to150br2-s150to200br3.pdb,263,"2,0,13,16,19,16,19,14,11,3,10,18,19,19,6,18,7,15,2,12,16,9,6,4,11,13,14,19,6,11,5,10,3,10,0,0,10,9,19,18,17,6,12,6,3,11,2,9,9,5,13,19,8,7,6,6,3,10,11,19,5,8,15,15,18,1,5,1,0,1,10,10,11,3,5,10,15,10,7,2,0,0,10,5,9,16,3,19,11,10,5,3,0,7,19,18,1,4,12,9,15,18,7,7,0,3,18,11,1,9,16,19,11,19,2,0,0,13,16,19,16,19,14,11,3,10,18,19,19,6,18,7,15,2,12,16,9,6,4,11,13,14,19,6,11,5,10,3,10,0,0,10,9,19,18,17,6,12,6,3,11,2,9,9,5,13,19,8,7,6,6,3,10,11,19,5,8,15,15,18,1,5,1,0,1,10,10,11,3,5,10,15,10,7,2,0,0,10,5,9,16,3,19,11,10,5,3,0,7,19,18,1,4,12,9,15,18,7,7,0,3,18,11,1,9,16,19,11,19,0,0,0,0",-0.5120958,0.28445783,3.0,0.05229336,59.62677,0.05470361,1.0,0.05470361,0.30402243,0.012911732,0.0,0.0,0.05229336,0.0017523972,0.8606175,0.30402243,4.212728,1.2740122,59.62677,-0.5120958,3.808628,198.59856,0.012638601,0.049883112,1.0,198.59856,0.2715417,0.13938248,4.212728,0.0017523972,0.013184864,0.28445783,0.0,1.2740122,3.808628,0.012638601,0.5120958,0.0,0.013184864,0.5120958,0.59305537,0.049883112,1.0,0.012911732,final,beam_orig1_bm2-s0to50br1-s50to100br3-s100to150br2-s150to200br3
/work/T-REX/external/Proteina-Complexa/inference/search_binder_local_pipeline_32_PDL1_ALPHA_REPACK_v7_r003_cand_v7r003_hyp_0003_01_002_a3eb57b720db7/job_0_n_233_id_64_beam_orig2_bm1-s0to50br2-s50to100br0-s100to150br3-s150to200br2/job_0_n_233_id_64_beam_orig2_bm1-s0to50br2-s50to100br0-s100to150br3-s150to200br2.pdb,264,"2,0,13,16,19,16,19,14,11,3,10,18,19,19,6,18,7,15,2,12,16,9,6,4,11,13,14,19,6,11,5,10,3,10,0,0,10,9,19,18,17,6,12,6,3,11,2,9,9,5,13,19,8,7,6,6,3,10,11,19,5,8,15,15,18,1,5,1,0,1,10,10,11,3,5,10,15,10,7,2,0,0,10,5,9,16,3,19,11,10,5,3,0,7,19,18,1,4,12,9,15,18,7,7,0,3,18,11,1,9,16,19,11,19,2,0,2,0,13,16,19,16,19,14,11,3,10,18,19,19,6,18,7,15,2,12,16,9,6,4,11,13,14,19,6,11,5,10,3,10,0,0,10,9,19,18,17,6,12,6,3,11,2,9,9,5,13,19,8,7,6,6,3,10,11,19,5,8,15,15,18,1,5,1,0,1,10,10,11,3,5,10,15,10,7,2,0,0,10,5,9,16,3,19,11,10,5,3,0,7,19,18,1,4,12,9,15,18,7,7,0,3,18,11,1,9,16,19,11,19,2,0,10",-0.5134109,0.28235853,3.0,0.0540021,82.670876,0.05701171,1.0,0.05701171,0.3063303,0.013081197,0.0,0.0,0.0540021,0.0027517306,0.8572935,0.3063303,2.7808568,1.2995934,82.670876,-0.5134109,3.8683574,207.96121,0.012841396,0.05099249,1.0,207.96121,0.2740388,0.14270648,2.7808568,0.0027517306,0.013320997,0.28235853,0.0,1.2995934,3.8683574,0.012841396,0.5134109,0.0,0.013320997,0.5134109,0.59253615,0.05099249,1.0,0.013081197,final,beam_orig2_bm1-s0to50br2-s50to100br0-s100to150br3-s150to200br2
/work/T-REX/external/Proteina-Complexa/inference/search_binder_local_pipeline_32_PDL1_ALPHA_REPACK_v7_r003_cand_v7r003_hyp_0003_01_002_a3eb57b720db7/job_0_n_233_id_65_beam_orig2_bm1-s0to50br2-s50to100br0-s100to150br3-s150to200br0/job_0_n_233_id_65_beam_orig2_bm1-s0to50br2-s50to100br0-s100to150br3-s150to200br0.pdb,265,"2,0,13,16,19,16,19,14,11,3,10,18,19,19,6,18,7,15,2,12,16,9,6,4,11,13,14,19,6,11,5,10,3,10,0,0,10,9,19,18,17,6,12,6,3,11,2,9,9,5,13,19,8,7,6,6,3,10,11,19,5,8,15,15,18,1,5,1,0,1,10,10,11,3,5,10,15,10,7,2,0,0,10,5,9,16,3,19,11,10,5,3,0,7,19,18,1,4,12,9,15,18,7,7,0,3,18,11,1,9,16,19,11,19,2,0,2,0,13,16,19,16,19,14,11,3,10,18,19,19,6,18,7,15,2,12,16,9,6,4,11,13,14,19,6,11,5,10,3,10,0,0,10,9,19,18,17,6,12,6,3,11,2,9,9,5,13,19,8,7,6,6,3,10,11,19,5,8,15,15,18,1,5,1,0,1,10,10,11,3,5,10,15,10,7,2,0,0,10,5,9,16,3,19,11,10,5,3,0,7,19,18,1,4,12,9,15,18,7,7,0,3,18,11,1,9,16,19,11,19,2,0,10",-0.51447815,0.28035328,3.0,0.052890092,81.9449,0.056289196,1.0,0.056289196,0.30676126,0.01315764,0.0,0.0,0.052890092,0.0027725596,0.8568805,0.30676126,2.9663029,1.2959496,81.9449,-0.51447815,3.8673377,210.2716,0.012931542,0.049490992,1.0,210.2716,0.27111074,0.14311953,2.9663029,0.0027725596,0.013383739,0.28035328,0.0,1.2959496,3.8673377,0.012931542,0.51447815,0.0,0.013383739,0.51447815,0.5906915,0.049490992,1.0,0.01315764,final,beam_orig2_bm1-s0to50br2-s50to100br0-s100to150br3-s150to200br0
/work/T-REX/external/Proteina-Complexa/inference/search_binder_local_pipeline_32_PDL1_ALPHA_REPACK_v7_r003_cand_v7r003_hyp_0003_01_002_a3eb57b720db7/job_0_n_233_id_66_beam_orig2_bm1-s0to50br2-s50to100br3-s100to150br1-s150to200br2/job_0_n_233_id_66_beam_orig2_bm1-s0to50br2-s50to100br3-s100to150br1-s150to200br2.pdb,266,"2,0,13,16,19,16,19,14,11,3,10,18,19,19,6,18,7,15,2,12,16,9,6,4,11,13,14,19,6,11,5,10,3,10,0,0,10,9,19,18,17,6,12,6,3,11,2,9,9,5,13,19,8,7,6,6,3,10,11,19,5,8,15,15,18,1,5,1,0,1,10,10,11,3,5,10,15,10,7,2,0,0,10,5,9,16,3,19,11,10,5,3,0,7,19,18,1,4,12,9,15,18,7,7,0,3,18,11,1,9,16,19,11,19,2,0,2,0,13,16,19,16,19,14,11,3,10,18,19,19,6,18,7,15,2,12,16,9,6,4,11,13,14,19,6,11,5,10,3,10,0,0,10,9,19,18,17,6,12,6,3,11,2,9,9,5,13,19,8,7,6,6,3,10,11,19,5,8,15,15,18,1,5,1,0,1,10,10,11,3,5,10,15,10,7,2,0,0,10,5,9,16,3,19,11,10,5,3,0,7,19,18,1,4,12,9,15,18,7,7,0,3,18,11,1,9,16,19,11,19,2,0,14",-0.5130996,0.2790732,3.0,0.052668206,75.59691,0.055687673,1.0,0.055687673,0.30462387,0.013286196,0.0,0.0,0.052668206,0.0026989724,0.85938376,0.30462387,3.1536713,1.2807729,75.59691,-0.5130996,3.8618927,205.93668,0.013017256,0.049648743,1.0,205.93668,0.27004364,0.14061625,3.1536713,0.0026989724,0.013555135,0.2790732,0.0,1.2807729,3.8618927,0.013017256,0.5130996,0.0,0.013555135,0.5130996,0.5911347,0.049648743,1.0,0.013286196,final,beam_orig2_bm1-s0to50br2-s50to100br3-s100to150br1-s150to200br2
/work/T-REX/external/Proteina-Complexa/inference/search_binder_local_pipeline_32_PDL1_ALPHA_REPACK_v7_r003_cand_v7r003_hyp_0003_01_002_a3eb57b720db7/job_0_n_233_id_67_beam_orig2_bm1-s0to50br2-s50to100br0-s100to150br3-s150to200br1/job_0_n_233_id_67_beam_orig2_bm1-s0to50br2-s50to100br0-s100to150br3-s150to200br1.pdb,267,"2,0,13,16,19,16,19,14,11,3,10,18,19,19,6,18,7,15,2,12,16,9,6,4,11,13,14,19,6,11,5,10,3,10,0,0,10,9,19,18,17,6,12,6,3,11,2,9,9,5,13,19,8,7,6,6,3,10,11,19,5,8,15,15,18,1,5,1,0,1,10,10,11,3,5,10,15,10,7,2,0,0,10,5,9,16,3,19,11,10,5,3,0,7,19,18,1,4,12,9,15,18,7,7,0,3,18,11,1,9,16,19,11,19,2,0,2,0,13,16,19,16,19,14,11,3,10,18,19,19,6,18,7,15,2,12,16,9,6,4,11,13,14,19,6,11,5,10,3,10,0,0,10,9,19,18,17,6,12,6,3,11,2,9,9,5,13,19,8,7,6,6,3,10,11,19,5,8,15,15,18,1,5,1,0,1,10,10,11,3,5,10,15,10,7,2,0,0,10,5,9,16,3,19,11,10,5,3,0,7,19,18,1,4,12,9,15,18,7,7,0,3,18,11,1,9,16,19,11,19,2,0,10",-0.5208132,0.28839362,3.0,0.050392,80.206154,0.05372372,1.0,0.05372372,0.3098986,0.012749588,0.0,0.0,0.050392,0.0028016374,0.85770696,0.3098986,2.655536,1.2981696,80.206154,-0.5208132,3.8832216,209.76955,0.012541278,0.047060277,1.0,209.76955,0.2690125,0.14229302,2.655536,0.0028016374,0.012957897,0.28839362,0.0,1.2981696,3.8832216,0.012541278,0.5208132,0.0,0.012957897,0.5208132,0.5899873,0.047060277,1.0,0.012749588,final,beam_orig2_bm1-s0to50br2-s50to100br0-s100to150br3-s150to200br1
/work/T-REX/external/Proteina-Complexa/inference/search_binder_local_pipeline_32_PDL1_ALPHA_REPACK_v7_r003_cand_v7r003_hyp_0003_01_002_a3eb57b720db7/job_0_n_180_id_64_beam_orig3_bm3-s0to50br1-s50to100br1-s100to150br2-s150to200br1/job_0_n_180_id_64_beam_orig3_bm3-s0to50br1-s50to100br1-s100to150br2-s150to200br1.pdb,268,"2,0,13,16,19,16,19,14,11,3,10,18,19,19,6,18,7,15,2,12,16,9,6,4,11,13,14,19,6,11,5,10,3,10,0,0,10,9,19,18,17,6,12,6,3,11,2,9,9,5,13,19,8,7,6,6,3,10,11,19,5,8,15,15,18,1,5,1,0,1,10,10,11,3,5,10,15,10,7,2,0,0,10,5,9,16,3,19,11,10,5,3,0,7,19,18,1,4,12,9,15,18,7,7,0,3,18,11,1,9,16,19,11,19,2,0,9,10,2,13,13,11,5,15,10,11,2,0,7,11,16,13,6,14,0,0,6,11,11,10,10,6,10,19,7,2,3,16,3,11,10,13,3,10,10,11,9,10,10,15,15,14,11,11,11,9,16,19,6,3,19,6,6,0,18,11,16,19,6,15,0,0,0,0,0,0,0,0,0,0,0,0,0,0,0,0,0,0,0,0,0,0,0,0,0,0,0,0,0,0,0,0,0,0,0,0,0,0,0,0,0,0,0,0,0,0,0,0,0,0,0,0,0",-0.20714617,0.06697203,3.0,0.38040227,41.74066,0.4529498,1.0,0.4529498,0.16374902,0.38040227,0.0,0.0,0.38040227,0.0014877841,0.89176345,0.16374902,3.8955443,1.717702,41.74066,-0.20714617,2.514319,178.1582,0.30785477,0.30785477,1.0,178.1582,0.69997406,0.108236566,3.8955443,0.0014877841,0.4529498,0.06697203,0.0,1.717702,2.514319,0.30785477,0.20714617,0.0,0.4529498,0.20714617,0.8342838,0.30785477,1.0,0.38040227,final,beam_orig3_bm3-s0to50br1-s50to100br1-s100to150br2-s150to200br1
/work/T-REX/external/Proteina-Complexa/inference/search_binder_local_pipeline_32_PDL1_ALPHA_REPACK_v7_r003_cand_v7r003_hyp_0003_01_002_a3eb57b720db7/job_0_n_180_id_65_beam_orig3_bm3-s0to50br1-s50to100br1-s100to150br0-s150to200br1/job_0_n_180_id_65_beam_orig3_bm3-s0to50br1-s50to100br1-s100to150br0-s150to200br1.pdb,269,"2,0,13,16,19,16,19,14,11,3,10,18,19,19,6,18,7,15,2,12,16,9,6,4,11,13,14,19,6,11,5,10,3,10,0,0,10,9,19,18,17,6,12,6,3,11,2,9,9,5,13,19,8,7,6,6,3,10,11,19,5,8,15,15,18,1,5,1,0,1,10,10,11,3,5,10,15,10,7,2,0,0,10,5,9,16,3,19,11,10,5,3,0,7,19,18,1,4,12,9,15,18,7,7,0,3,18,11,1,9,16,19,11,19,2,0,10,10,11,13,13,6,3,15,10,11,2,19,7,11,16,13,6,14,0,0,11,6,11,10,10,6,10,19,7,2,3,15,3,11,10,13,3,10,10,11,9,10,10,2,15,14,11,11,11,9,16,19,6,3,19,6,6,0,18,11,16,10,6,11,0,0,0,0,0,0,0,0,0,0,0,0,0,0,0,0,0,0,0,0,0,0,0,0,0,0,0,0,0,0,0,0,0,0,0,0,0,0,0,0,0,0,0,0,0,0,0,0,0,0,0,0,0",-0.20762776,0.07890704,3.0,0.36941266,54.229362,0.42675984,1.0,0.42675984,0.16529521,0.36941266,0.0,0.0,0.36941266,0.0014361907,0.8882886,0.16529521,4.3457804,1.7648394,54.229362,-0.20762776,2.479467,182.5661,0.31206545,0.31206545,1.0,182.5661,0.7020233,0.1117114,4.3457804,0.0014361907,0.42675984,0.07890704,0.0,1.7648394,2.479467,0.31206545,0.20762776,0.0,0.42675984,0.20762776,0.8336643,0.31206545,1.0,0.36941266,final,beam_orig3_bm3-s0to50br1-s50to100br1-s100to150br0-s150to200br1
/work/T-REX/external/Proteina-Complexa/inference/search_binder_local_pipeline_32_PDL1_ALPHA_REPACK_v7_r003_cand_v7r003_hyp_0003_01_002_a3eb57b720db7/job_0_n_180_id_66_beam_orig3_bm3-s0to50br1-s50to100br1-s100to150br0-s150to200br0/job_0_n_180_id_66_beam_orig3_bm3-s0to50br1-s50to100br1-s100to150br0-s150to200br0.pdb,270,"2,0,13,16,19,16,19,14,11,3,10,18,19,19,6,18,7,15,2,12,16,9,6,4,11,13,14,19,6,11,5,10,3,10,0,0,10,9,19,18,17,6,12,6,3,11,2,9,9,5,13,19,8,7,6,6,3,10,11,19,5,8,15,15,18,1,5,1,0,1,10,10,11,3,5,10,15,10,7,2,0,0,10,5,9,16,3,19,11,10,5,3,0,7,19,18,1,4,12,9,15,18,7,7,0,3,18,11,1,9,16,19,11,19,2,0,10,10,11,13,13,6,3,15,10,11,2,19,7,11,16,13,6,14,0,0,11,6,11,10,10,6,10,19,7,2,3,15,3,11,10,13,3,10,10,11,9,10,10,2,15,14,11,11,11,9,16,19,6,3,19,6,6,0,18,11,16,10,5,11,0,0,0,0,0,0,0,0,0,0,0,0,0,0,0,0,0,0,0,0,0,0,0,0,0,0,0,0,0,0,0,0,0,0,0,0,0,0,0,0,0,0,0,0,0,0,0,0,0,0,0,0,0",-0.20879997,0.08070605,3.0,0.36433956,53.292435,0.42104983,1.0,0.42104983,0.16640729,0.36433956,0.0,0.0,0.36433956,0.0013317429,0.88515013,0.16640729,4.3683157,1.7895893,53.292435,-0.20879997,2.4901876,183.0998,0.3076293,0.3076293,1.0,183.0998,0.70017785,0.11484987,4.3683157,0.0013317429,0.42104983,0.08070605,0.0,1.7895893,2.4901876,0.3076293,0.20879997,0.0,0.42104983,0.20879997,0.83305776,0.3076293,1.0,0.36433956,final,beam_orig3_bm3-s0to50br1-s50to100br1-s100to150br0-s150to200br0
/work/T-REX/external/Proteina-Complexa/inference/search_binder_local_pipeline_32_PDL1_ALPHA_REPACK_v7_r003_cand_v7r003_hyp_0003_01_002_a3eb57b720db7/job_0_n_180_id_67_beam_orig3_bm3-s0to50br1-s50to100br1-s100to150br2-s150to200br3/job_0_n_180_id_67_beam_orig3_bm3-s0to50br1-s50to100br1-s100to150br2-s150to200br3.pdb,271,"2,0,13,16,19,16,19,14,11,3,10,18,19,19,6,18,7,15,2,12,16,9,6,4,11,13,14,19,6,11,5,10,3,10,0,0,10,9,19,18,17,6,12,6,3,11,2,9,9,5,13,19,8,7,6,6,3,10,11,19,5,8,15,15,18,1,5,1,0,1,10,10,11,3,5,10,15,10,7,2,0,0,10,5,9,16,3,19,11,10,5,3,0,7,19,18,1,4,12,9,15,18,7,7,0,3,18,11,1,9,16,19,11,19,2,0,9,10,2,13,13,11,5,15,10,11,2,0,7,11,16,13,6,14,0,0,6,11,11,10,10,6,10,19,7,2,3,16,3,11,10,13,3,10,10,11,9,10,10,15,15,14,11,11,11,9,16,19,6,3,19,6,6,0,18,11,16,19,6,15,0,0,0,0,0,0,0,0,0,0,0,0,0,0,0,0,0,0,0,0,0,0,0,0,0,0,0,0,0,0,0,0,0,0,0,0,0,0,0,0,0,0,0,0,0,0,0,0,0,0,0,0,0",-0.20826012,0.06732171,3.0,0.37866187,40.163033,0.44971314,1.0,0.44971314,0.16471833,0.37866187,0.0,0.0,0.37866187,0.0015006093,0.890262,0.16471833,3.8792922,1.7274303,40.163033,-0.20826012,2.520671,176.05879,0.30761063,0.30761063,1.0,176.05879,0.6986778,0.10973801,3.8792922,0.0015006093,0.44971314,0.06732171,0.0,1.7274303,2.520671,0.30761063,0.20826012,0.0,0.44971314,0.20826012,0.8336177,0.30761063,1.0,0.37866187,final,beam_orig3_bm3-s0to50br1-s50to100br1-s100to150br2-s150to200br3
