pdb_path,pdb_index,aatype,total_reward,af2folding_min_ipae,af2folding_recycles_log,af2folding_avg_ipsae,af2folding_fape_log,af2folding_max_ipsae,af2folding_seqid_log,af2folding_max_ipsae_log,af2folding_pae_log,af2folding_avg_ipsae_10,af2folding_hard_log,af2folding_models_log,af2folding_avg_ipsae_log,af2folding_exp_res_log,af2folding_plddt_log,af2folding_pae,af2folding_rmsd,af2folding_con_log,af2folding_fape,af2folding_loss_log,af2folding_i_con,af2folding_dgram_cce_log,af2folding_min_ipsae_10,af2folding_min_ipsae_log,af2folding_soft_log,af2folding_dgram_cce,af2folding_i_ptm_log,af2folding_plddt,af2folding_rmsd_log,af2folding_exp_res,af2folding_max_ipsae_10,af2folding_min_ipae_log,af2folding_seq_ent_log,af2folding_con,af2folding_i_con_log,af2folding_min_ipsae_10_log,af2folding_i_pae_log,af2folding_seq_ent,af2folding_max_ipsae_10_log,af2folding_i_pae,af2folding_ptm_log,af2folding_min_ipsae,af2folding_temp_log,af2folding_avg_ipsae_10_log,sample_type,metadata_tag
/work/T-REX/external/Proteina-Complexa/inference/search_binder_local_pipeline_32_PDL1_ALPHA_REPACK_v7_r004_cand_v7r004_hyp_0004_00_001_af7f7c76a908b/job_0_n_211_id_0_fk_orig0_bm0-s0to100br0/job_0_n_211_id_0_fk_orig0_bm0-s0to100br0.pdb,0,"2,0,13,16,19,16,19,14,11,3,10,18,19,19,6,18,7,15,2,12,16,9,6,4,11,13,14,19,6,11,5,10,3,10,0,0,10,9,19,18,17,6,12,6,3,11,2,9,9,5,13,19,8,7,6,6,3,10,11,19,5,8,15,15,18,1,5,1,0,1,10,10,11,3,5,10,15,10,7,2,0,0,10,5,9,16,3,19,11,10,5,3,0,7,19,18,1,4,12,9,15,18,7,7,0,3,18,11,1,9,16,19,11,19,2,0,14,9,10,6,13,14,11,11,16,18,15,19,16,11,7,5,15,19,16,10,16,4,16,0,11,10,10,15,15,14,10,16,11,13,6,17,1,11,3,7,19,11,9,0,14,15,3,1,13,19,13,15,16,3,7,2,16,18,18,10,16,9,11,2,16,6,19,7,3,15,7,15,18,5,4,18,7,19,2,6,8,7,7,7,18,15,6,14,0,16,10,16,19,16,6,0,0,0,0,0,0,0,0,0,0,0,0,0,0,0,0,0,0,0,0,0,0,0,0",-0.6824586,0.42303953,3.0,0.005457354,92.62159,0.00548515,1.0,0.00548515,0.41865724,0.0,0.0,0.0,0.005457354,0.0018833901,0.87099266,0.41865724,10.314503,1.3165694,92.62159,-0.6824586,4.7457185,192.19627,0.0,0.005429557,1.0,192.19627,0.17208096,0.12900732,10.314503,0.0018833901,0.0,0.42303953,0.0,1.3165694,4.7457185,0.0,0.6824586,0.0,0.0,0.6824586,0.5694837,0.005429557,1.0,0.0,lookahead,fk_orig0_bm0-s0to100br0
/work/T-REX/external/Proteina-Complexa/inference/search_binder_local_pipeline_32_PDL1_ALPHA_REPACK_v7_r004_cand_v7r004_hyp_0004_00_001_af7f7c76a908b/job_0_n_235_id_0_fk_orig1_bm0-s0to100br0/job_0_n_235_id_0_fk_orig1_bm0-s0to100br0.pdb,1,"2,0,13,16,19,16,19,14,11,3,10,18,19,19,6,18,7,15,2,12,16,9,6,4,11,13,14,19,6,11,5,10,3,10,0,0,10,9,19,18,17,6,12,6,3,11,2,9,9,5,13,19,8,7,6,6,3,10,11,19,5,8,15,15,18,1,5,1,0,1,10,10,11,3,5,10,15,10,7,2,0,0,10,5,9,16,3,19,11,10,5,3,0,7,19,18,1,4,12,9,15,18,7,7,0,3,18,11,1,9,16,19,11,19,2,0,2,0,13,16,19,16,19,14,11,3,10,18,19,19,6,18,7,15,2,12,16,9,6,4,11,13,14,19,6,11,5,10,3,10,0,0,10,9,19,18,17,6,12,6,3,11,2,9,9,5,13,19,8,7,6,6,3,10,11,19,5,8,15,15,18,1,5,1,0,1,10,10,11,3,5,10,15,10,7,2,0,0,10,5,9,16,3,19,11,10,5,3,0,7,19,18,1,4,12,9,15,18,7,7,0,3,18,11,1,9,16,19,11,19,2,0,14,11,0",-0.53178126,0.29691344,3.0,0.046646636,62.988728,0.048370607,1.0,0.048370607,0.31693634,0.012447041,0.0,0.0,0.046646636,0.0065227775,0.85487676,0.31693634,4.7448373,1.3135808,62.988728,-0.53178126,3.951779,200.37741,0.012207765,0.044922665,1.0,200.37741,0.26259908,0.14512321,4.7448373,0.0065227775,0.012686318,0.29691344,0.0,1.3135808,3.951779,0.012207765,0.53178126,0.0,0.012686318,0.53178126,0.58958846,0.044922665,1.0,0.012447041,lookahead,fk_orig1_bm0-s0to100br0
/work/T-REX/external/Proteina-Complexa/inference/search_binder_local_pipeline_32_PDL1_ALPHA_REPACK_v7_r004_cand_v7r004_hyp_0004_00_001_af7f7c76a908b/job_0_n_184_id_0_fk_orig2_bm0-s0to100br0/job_0_n_184_id_0_fk_orig2_bm0-s0to100br0.pdb,2,"2,0,13,16,19,16,19,14,11,3,10,18,19,19,6,18,7,15,2,12,16,9,6,4,11,13,14,19,6,11,5,10,3,10,0,0,10,9,19,18,17,6,12,6,3,11,2,9,9,5,13,19,8,7,6,6,3,10,11,19,5,8,15,15,18,1,5,1,0,1,10,10,11,3,5,10,15,10,7,2,0,0,10,5,9,16,3,19,11,10,5,3,0,7,19,18,1,4,12,9,15,18,7,7,0,3,18,11,1,9,16,19,11,19,2,0,15,6,1,12,6,11,0,11,6,11,0,6,2,0,9,11,11,9,19,19,11,2,10,3,7,0,1,11,3,0,11,6,0,10,11,10,10,6,16,14,6,6,1,11,6,10,6,6,18,19,1,7,10,19,15,3,6,13,18,11,3,18,11,15,9,10,13,14,0,0,0,0,0,0,0,0,0,0,0,0,0,0,0,0,0,0,0,0,0,0,0,0,0,0,0,0,0,0,0,0,0,0,0,0,0,0,0,0,0,0,0,0,0,0,0,0,0,0,0",-0.14000355,0.041434348,3.0,0.6545422,29.66385,0.7344461,1.0,0.7344461,0.110433355,0.6545422,0.0,0.0,0.6545422,0.001448896,0.95752037,0.110433355,1.0355741,1.2706517,29.66385,-0.14000355,1.9368556,136.0569,0.57463825,0.57463825,1.0,136.0569,0.8484386,0.04247961,1.0355741,0.001448896,0.7344461,0.041434348,0.0,1.2706517,1.9368556,0.57463825,0.14000355,0.0,0.7344461,0.14000355,0.8867855,0.57463825,1.0,0.6545422,lookahead,fk_orig2_bm0-s0to100br0
/work/T-REX/external/Proteina-Complexa/inference/search_binder_local_pipeline_32_PDL1_ALPHA_REPACK_v7_r004_cand_v7r004_hyp_0004_00_001_af7f7c76a908b/job_0_n_222_id_0_fk_orig3_bm0-s0to100br0/job_0_n_222_id_0_fk_orig3_bm0-s0to100br0.pdb,3,"2,0,13,16,19,16,19,14,11,3,10,18,19,19,6,18,7,15,2,12,16,9,6,4,11,13,14,19,6,11,5,10,3,10,0,0,10,9,19,18,17,6,12,6,3,11,2,9,9,5,13,19,8,7,6,6,3,10,11,19,5,8,15,15,18,1,5,1,0,1,10,10,11,3,5,10,15,10,7,2,0,0,10,5,9,16,3,19,11,10,5,3,0,7,19,18,1,4,12,9,15,18,7,7,0,3,18,11,1,9,16,19,11,19,2,0,2,0,13,16,19,16,19,14,11,3,10,18,19,19,6,18,7,15,2,12,16,9,6,4,11,13,14,19,6,11,5,10,3,10,0,0,10,9,19,18,17,6,12,6,3,11,2,9,9,5,13,19,8,7,6,6,3,10,11,19,5,8,15,15,18,1,5,1,0,1,10,10,11,3,5,10,15,10,7,2,0,0,10,5,9,16,3,19,11,10,5,3,0,7,19,18,1,4,12,9,15,18,7,7,0,3,0,0,0,0,0,0,0,0,0,0,0,0,0",-0.5343745,0.3236441,3.0,0.03780689,50.140213,0.040410355,1.0,0.040410355,0.329413,0.0062209745,0.0,0.0,0.03780689,0.0026561597,0.8435396,0.329413,3.416606,1.415591,50.140213,-0.5343745,3.900328,202.20984,0.0,0.035203427,1.0,202.20984,0.25930998,0.15646039,3.416606,0.0026561597,0.012441949,0.3236441,0.0,1.415591,3.900328,0.0,0.5343745,0.0,0.012441949,0.5343745,0.59637076,0.035203427,1.0,0.0062209745,lookahead,fk_orig3_bm0-s0to100br0
/work/T-REX/external/Proteina-Complexa/inference/search_binder_local_pipeline_32_PDL1_ALPHA_REPACK_v7_r004_cand_v7r004_hyp_0004_00_001_af7f7c76a908b/job_0_n_211_id_1_fk_orig0_bm0-s0to100br1/job_0_n_211_id_1_fk_orig0_bm0-s0to100br1.pdb,4,"2,0,13,16,19,16,19,14,11,3,10,18,19,19,6,18,7,15,2,12,16,9,6,4,11,13,14,19,6,11,5,10,3,10,0,0,10,9,19,18,17,6,12,6,3,11,2,9,9,5,13,19,8,7,6,6,3,10,11,19,5,8,15,15,18,1,5,1,0,1,10,10,11,3,5,10,15,10,7,2,0,0,10,5,9,16,3,19,11,10,5,3,0,7,19,18,1,4,12,9,15,18,7,7,0,3,18,11,1,9,16,19,11,19,2,0,15,3,19,11,9,11,0,10,6,0,10,1,11,10,11,10,1,6,3,10,9,11,9,19,3,1,13,10,1,16,7,16,10,15,3,6,3,9,6,6,10,7,11,0,16,15,3,6,9,10,0,10,10,0,19,0,3,6,13,11,10,6,6,10,11,6,11,19,1,15,19,15,8,11,0,11,11,2,0,2,14,16,19,16,9,15,3,9,2,11,19,10,1,6,13,0,0,0,0,0,0,0,0,0,0,0,0,0,0,0,0,0,0,0,0,0,0,0,0",-0.4490993,0.25659236,3.0,0.086263925,64.48564,0.08743896,1.0,0.08743896,0.29669186,0.01411565,0.0,0.0,0.086263925,0.006285861,0.81761837,0.29669186,4.6306157,1.778344,64.48564,-0.4490993,3.4861658,234.33788,0.013075936,0.08508889,1.0,234.33788,0.36261562,0.18238163,4.6306157,0.006285861,0.015155364,0.25659236,0.0,1.778344,3.4861658,0.013075936,0.4490993,0.0,0.015155364,0.4490993,0.6569115,0.08508889,1.0,0.01411565,lookahead,fk_orig0_bm0-s0to100br1
/work/T-REX/external/Proteina-Complexa/inference/search_binder_local_pipeline_32_PDL1_ALPHA_REPACK_v7_r004_cand_v7r004_hyp_0004_00_001_af7f7c76a908b/job_0_n_235_id_1_fk_orig1_bm0-s0to100br1/job_0_n_235_id_1_fk_orig1_bm0-s0to100br1.pdb,5,"2,0,13,16,19,16,19,14,11,3,10,18,19,19,6,18,7,15,2,12,16,9,6,4,11,13,14,19,6,11,5,10,3,10,0,0,10,9,19,18,17,6,12,6,3,11,2,9,9,5,13,19,8,7,6,6,3,10,11,19,5,8,15,15,18,1,5,1,0,1,10,10,11,3,5,10,15,10,7,2,0,0,10,5,9,16,3,19,11,10,5,3,0,7,19,18,1,4,12,9,15,18,7,7,0,3,18,11,1,9,16,19,11,19,2,0,2,0,13,16,19,16,19,14,11,3,10,18,19,19,6,18,7,15,2,12,16,9,6,4,11,13,14,19,6,11,5,10,3,10,0,0,10,9,19,18,17,6,12,6,3,11,2,9,9,5,13,19,8,7,6,6,3,10,11,19,5,8,15,15,18,1,5,1,0,1,10,10,11,3,5,10,15,10,7,2,0,0,10,5,9,16,3,19,11,10,5,3,0,7,19,18,1,4,12,9,15,18,7,7,0,3,18,11,1,9,16,19,11,19,2,0,6,11,14",-0.54623806,0.30721492,3.0,0.038083993,79.18602,0.04141075,1.0,0.04141075,0.32806423,0.0119823925,0.0,0.0,0.038083993,0.0137555385,0.84974486,0.32806423,3.1454396,1.3309534,79.18602,-0.54623806,3.972061,211.95537,0.011521004,0.034757234,1.0,211.95537,0.25345594,0.15025514,3.1454396,0.0137555385,0.012443781,0.30721492,0.0,1.3309534,3.972061,0.011521004,0.54623806,0.0,0.012443781,0.54623806,0.5823675,0.034757234,1.0,0.0119823925,lookahead,fk_orig1_bm0-s0to100br1
/work/T-REX/external/Proteina-Complexa/inference/search_binder_local_pipeline_32_PDL1_ALPHA_REPACK_v7_r004_cand_v7r004_hyp_0004_00_001_af7f7c76a908b/job_0_n_184_id_1_fk_orig2_bm0-s0to100br1/job_0_n_184_id_1_fk_orig2_bm0-s0to100br1.pdb,6,"2,0,13,16,19,16,19,14,11,3,10,18,19,19,6,18,7,15,2,12,16,9,6,4,11,13,14,19,6,11,5,10,3,10,0,0,10,9,19,18,17,6,12,6,3,11,2,9,9,5,13,19,8,7,6,6,3,10,11,19,5,8,15,15,18,1,5,1,0,1,10,10,11,3,5,10,15,10,7,2,0,0,10,5,9,16,3,19,11,10,5,3,0,7,19,18,1,4,12,9,15,18,7,7,0,3,18,11,1,9,16,19,11,19,2,0,11,11,9,6,9,6,7,2,16,11,19,11,3,11,19,9,1,1,6,10,19,10,11,14,7,3,18,13,13,8,14,10,10,11,19,15,6,6,1,9,12,0,10,3,18,18,6,6,19,19,9,16,0,6,18,10,3,3,3,16,10,10,10,11,19,11,6,11,0,0,0,0,0,0,0,0,0,0,0,0,0,0,0,0,0,0,0,0,0,0,0,0,0,0,0,0,0,0,0,0,0,0,0,0,0,0,0,0,0,0,0,0,0,0,0,0,0,0,0",-0.37094858,0.18488045,3.0,0.13503402,129.46483,0.14473757,1.0,0.14473757,0.2999841,0.10433237,0.0,0.0,0.13503402,0.014184829,0.7483169,0.2999841,18.939568,2.2822485,129.46483,-0.37094858,3.342563,243.99055,0.09464571,0.12533046,1.0,243.99055,0.4869936,0.25168315,18.939568,0.014184829,0.114019044,0.18488045,0.0,2.2822485,3.342563,0.09464571,0.37094858,0.0,0.114019044,0.37094858,0.7516359,0.12533046,1.0,0.10433237,lookahead,fk_orig2_bm0-s0to100br1
/work/T-REX/external/Proteina-Complexa/inference/search_binder_local_pipeline_32_PDL1_ALPHA_REPACK_v7_r004_cand_v7r004_hyp_0004_00_001_af7f7c76a908b/job_0_n_222_id_1_fk_orig3_bm0-s0to100br1/job_0_n_222_id_1_fk_orig3_bm0-s0to100br1.pdb,7,"2,0,13,16,19,16,19,14,11,3,10,18,19,19,6,18,7,15,2,12,16,9,6,4,11,13,14,19,6,11,5,10,3,10,0,0,10,9,19,18,17,6,12,6,3,11,2,9,9,5,13,19,8,7,6,6,3,10,11,19,5,8,15,15,18,1,5,1,0,1,10,10,11,3,5,10,15,10,7,2,0,0,10,5,9,16,3,19,11,10,5,3,0,7,19,18,1,4,12,9,15,18,7,7,0,3,18,11,1,9,16,19,11,19,2,0,0,13,16,19,16,19,14,11,3,10,18,19,19,6,18,7,15,2,12,16,9,6,4,11,13,14,19,6,11,5,10,3,10,0,0,10,9,19,18,17,6,12,6,3,11,2,9,9,5,13,19,8,7,6,6,3,10,11,19,5,8,15,15,18,1,5,1,0,1,10,10,11,3,5,10,15,10,7,2,0,0,10,5,9,16,3,19,11,10,5,3,0,7,19,18,1,4,12,9,15,18,7,7,0,3,18,0,0,0,0,0,0,0,0,0,0,0,0,0",-0.51809186,0.28447217,3.0,0.04545646,109.00829,0.047118526,1.0,0.047118526,0.31308654,0.013107859,0.0,0.0,0.04545646,0.0016084724,0.8620062,0.31308654,10.480495,1.3092997,109.00829,-0.51809186,3.7443945,204.63841,0.012953889,0.043794397,1.0,204.63841,0.27651155,0.13799381,10.480495,0.0016084724,0.013261828,0.28447217,0.0,1.3092997,3.7443945,0.012953889,0.51809186,0.0,0.013261828,0.51809186,0.60775423,0.043794397,1.0,0.013107859,lookahead,fk_orig3_bm0-s0to100br1
/work/T-REX/external/Proteina-Complexa/inference/search_binder_local_pipeline_32_PDL1_ALPHA_REPACK_v7_r004_cand_v7r004_hyp_0004_00_001_af7f7c76a908b/job_0_n_211_id_2_fk_orig0_bm0-s0to100br2/job_0_n_211_id_2_fk_orig0_bm0-s0to100br2.pdb,8,"2,0,13,16,19,16,19,14,11,3,10,18,19,19,6,18,7,15,2,12,16,9,6,4,11,13,14,19,6,11,5,10,3,10,0,0,10,9,19,18,17,6,12,6,3,11,2,9,9,5,13,19,8,7,6,6,3,10,11,19,5,8,15,15,18,1,5,1,0,1,10,10,11,3,5,10,15,10,7,2,0,0,10,5,9,16,3,19,11,10,5,3,0,7,19,18,1,4,12,9,15,18,7,7,0,3,18,11,1,9,16,19,11,19,2,0,14,1,13,16,5,5,14,5,15,19,16,19,16,6,7,6,16,0,16,10,1,4,11,19,6,7,3,14,11,14,16,9,16,17,11,11,7,3,5,6,9,3,10,16,3,15,1,13,11,10,10,3,14,5,2,7,3,0,16,10,5,9,16,2,0,11,14,6,3,15,7,16,18,5,4,10,0,15,2,6,18,7,7,19,13,15,11,3,0,19,10,16,19,10,0,0,0,0,0,0,0,0,0,0,0,0,0,0,0,0,0,0,0,0,0,0,0,0,0",-0.8247113,0.66099215,3.0,0.0,109.92088,0.0,1.0,0.0,0.49387935,0.0,0.0,0.0,0.0,0.0025399127,0.85865855,0.49387935,10.728894,1.359324,109.92088,-0.8247113,4.9697714,215.3667,0.0,0.0,1.0,215.3667,0.08238125,0.14134145,10.728894,0.0025399127,0.0,0.66099215,0.0,1.359324,4.9697714,0.0,0.8247113,0.0,0.0,0.8247113,0.5338206,0.0,1.0,0.0,lookahead,fk_orig0_bm0-s0to100br2
/work/T-REX/external/Proteina-Complexa/inference/search_binder_local_pipeline_32_PDL1_ALPHA_REPACK_v7_r004_cand_v7r004_hyp_0004_00_001_af7f7c76a908b/job_0_n_235_id_2_fk_orig1_bm0-s0to100br2/job_0_n_235_id_2_fk_orig1_bm0-s0to100br2.pdb,9,"2,0,13,16,19,16,19,14,11,3,10,18,19,19,6,18,7,15,2,12,16,9,6,4,11,13,14,19,6,11,5,10,3,10,0,0,10,9,19,18,17,6,12,6,3,11,2,9,9,5,13,19,8,7,6,6,3,10,11,19,5,8,15,15,18,1,5,1,0,1,10,10,11,3,5,10,15,10,7,2,0,0,10,5,9,16,3,19,11,10,5,3,0,7,19,18,1,4,12,9,15,18,7,7,0,3,18,11,1,9,16,19,11,19,2,0,0,13,16,19,16,19,14,11,3,10,18,19,19,6,18,7,15,2,12,16,9,6,4,11,13,14,19,6,11,5,10,3,10,0,0,10,9,19,18,17,6,12,6,3,11,2,9,9,5,13,19,8,7,6,6,3,10,11,19,5,8,15,15,18,1,5,1,0,1,10,10,11,3,5,10,15,10,7,2,0,0,10,5,9,16,3,19,11,10,5,3,0,7,19,18,1,4,12,9,15,18,7,7,0,3,18,11,1,9,16,19,11,19,2,0,14,3,0,13",-0.5484371,0.31341735,3.0,0.03803419,66.8257,0.040104967,1.0,0.040104967,0.32883054,0.011706154,0.0,0.0,0.03803419,0.0134044,0.8511216,0.32883054,5.0607057,1.3340777,66.8257,-0.5484371,3.991425,198.0809,0.0111072045,0.035963412,1.0,198.0809,0.25500765,0.1488784,5.0607057,0.0134044,0.012305103,0.31341735,0.0,1.3340777,3.991425,0.0111072045,0.5484371,0.0,0.012305103,0.5484371,0.5834743,0.035963412,1.0,0.011706154,lookahead,fk_orig1_bm0-s0to100br2
/work/T-REX/external/Proteina-Complexa/inference/search_binder_local_pipeline_32_PDL1_ALPHA_REPACK_v7_r004_cand_v7r004_hyp_0004_00_001_af7f7c76a908b/job_0_n_184_id_2_fk_orig2_bm0-s0to100br2/job_0_n_184_id_2_fk_orig2_bm0-s0to100br2.pdb,10,"2,0,13,16,19,16,19,14,11,3,10,18,19,19,6,18,7,15,2,12,16,9,6,4,11,13,14,19,6,11,5,10,3,10,0,0,10,9,19,18,17,6,12,6,3,11,2,9,9,5,13,19,8,7,6,6,3,10,11,19,5,8,15,15,18,1,5,1,0,1,10,10,11,3,5,10,15,10,7,2,0,0,10,5,9,16,3,19,11,10,5,3,0,7,19,18,1,4,12,9,15,18,7,7,0,3,18,11,1,9,16,19,11,19,2,0,0,3,0,11,7,3,16,14,10,8,10,0,0,10,0,7,8,3,6,9,19,6,19,10,10,11,2,7,0,3,19,2,0,0,2,11,11,7,5,16,14,10,12,10,0,15,10,2,7,8,10,6,9,19,6,19,10,10,11,18,7,0,3,19,2,9,5,2,0,0,0,0,0,0,0,0,0,0,0,0,0,0,0,0,0,0,0,0,0,0,0,0,0,0,0,0,0,0,0,0,0,0,0,0,0,0,0,0,0,0,0,0,0,0,0,0,0,0,0",-0.5713869,0.341879,3.0,0.017581888,126.936226,0.028906362,1.0,0.028906362,0.41005853,0.0065794704,0.0,0.0,0.017581888,0.03627559,0.739535,0.41005853,15.140988,1.6780093,126.936226,-0.5713869,3.7745993,289.26358,0.0,0.0062574116,1.0,289.26358,0.22615427,0.260465,15.140988,0.03627559,0.013158941,0.341879,0.0,1.6780093,3.7745993,0.0,0.5713869,0.0,0.013158941,0.5713869,0.6494521,0.0062574116,1.0,0.0065794704,lookahead,fk_orig2_bm0-s0to100br2
/work/T-REX/external/Proteina-Complexa/inference/search_binder_local_pipeline_32_PDL1_ALPHA_REPACK_v7_r004_cand_v7r004_hyp_0004_00_001_af7f7c76a908b/job_0_n_222_id_2_fk_orig3_bm0-s0to100br2/job_0_n_222_id_2_fk_orig3_bm0-s0to100br2.pdb,11,"2,0,13,16,19,16,19,14,11,3,10,18,19,19,6,18,7,15,2,12,16,9,6,4,11,13,14,19,6,11,5,10,3,10,0,0,10,9,19,18,17,6,12,6,3,11,2,9,9,5,13,19,8,7,6,6,3,10,11,19,5,8,15,15,18,1,5,1,0,1,10,10,11,3,5,10,15,10,7,2,0,0,10,5,9,16,3,19,11,10,5,3,0,7,19,18,1,4,12,9,15,18,7,7,0,3,18,11,1,9,16,19,11,19,2,0,2,0,13,16,19,16,19,14,11,3,10,18,19,19,6,18,7,15,2,12,16,9,6,4,11,13,14,19,6,11,5,10,3,10,0,0,10,9,19,18,17,6,12,6,3,11,2,9,9,5,13,19,8,7,6,6,3,10,11,19,5,8,15,15,18,1,5,1,0,1,10,10,11,3,5,10,15,10,7,2,0,0,10,5,9,16,3,19,11,10,5,3,0,7,19,18,1,4,12,9,15,18,7,7,0,3,0,0,0,0,0,0,0,0,0,0,0,0,0",-0.5379657,0.32424253,3.0,0.03470125,53.413467,0.03808009,1.0,0.03808009,0.33171532,0.006192554,0.0,0.0,0.03470125,0.0027524368,0.8427061,0.33171532,3.8907511,1.4212726,53.413467,-0.5379657,3.9114103,201.61719,0.0,0.031322416,1.0,201.61719,0.2558971,0.1572939,3.8907511,0.0027524368,0.012385108,0.32424253,0.0,1.4212726,3.9114103,0.0,0.5379657,0.0,0.012385108,0.5379657,0.59483194,0.031322416,1.0,0.006192554,lookahead,fk_orig3_bm0-s0to100br2
/work/T-REX/external/Proteina-Complexa/inference/search_binder_local_pipeline_32_PDL1_ALPHA_REPACK_v7_r004_cand_v7r004_hyp_0004_00_001_af7f7c76a908b/job_0_n_211_id_3_fk_orig0_bm0-s0to100br3/job_0_n_211_id_3_fk_orig0_bm0-s0to100br3.pdb,12,"2,0,13,16,19,16,19,14,11,3,10,18,19,19,6,18,7,15,2,12,16,9,6,4,11,13,14,19,6,11,5,10,3,10,0,0,10,9,19,18,17,6,12,6,3,11,2,9,9,5,13,19,8,7,6,6,3,10,11,19,5,8,15,15,18,1,5,1,0,1,10,10,11,3,5,10,15,10,7,2,0,0,10,5,9,16,3,19,11,10,5,3,0,7,19,18,1,4,12,9,15,18,7,7,0,3,18,11,1,9,16,19,11,19,2,0,14,5,13,16,19,5,14,11,3,19,16,19,11,6,7,0,16,0,16,10,6,4,11,19,15,7,3,14,11,14,16,9,19,17,11,11,3,3,5,14,19,6,10,11,7,1,13,11,10,10,3,14,2,11,7,3,0,16,10,5,9,16,3,16,11,10,6,3,15,7,9,18,6,4,10,0,0,2,9,18,7,9,11,0,15,0,11,0,11,10,16,19,10,0,0,0,0,0,0,0,0,0,0,0,0,0,0,0,0,0,0,0,0,0,0,0,0,0,0",-0.72370225,0.46221778,3.0,0.002514666,125.86259,0.005029332,1.0,0.005029332,0.44183078,0.0,0.0,0.0,0.002514666,0.0033611946,0.84745824,0.44183078,10.606822,1.4017245,125.86259,-0.72370225,4.5655723,211.28145,0.0,0.0,1.0,211.28145,0.12624083,0.15254174,10.606822,0.0033611946,0.0,0.46221778,0.0,1.4017245,4.5655723,0.0,0.72370225,0.0,0.0,0.72370225,0.5505585,0.0,1.0,0.0,lookahead,fk_orig0_bm0-s0to100br3
/work/T-REX/external/Proteina-Complexa/inference/search_binder_local_pipeline_32_PDL1_ALPHA_REPACK_v7_r004_cand_v7r004_hyp_0004_00_001_af7f7c76a908b/job_0_n_235_id_3_fk_orig1_bm0-s0to100br3/job_0_n_235_id_3_fk_orig1_bm0-s0to100br3.pdb,13,"2,0,13,16,19,16,19,14,11,3,10,18,19,19,6,18,7,15,2,12,16,9,6,4,11,13,14,19,6,11,5,10,3,10,0,0,10,9,19,18,17,6,12,6,3,11,2,9,9,5,13,19,8,7,6,6,3,10,11,19,5,8,15,15,18,1,5,1,0,1,10,10,11,3,5,10,15,10,7,2,0,0,10,5,9,16,3,19,11,10,5,3,0,7,19,18,1,4,12,9,15,18,7,7,0,3,18,11,1,9,16,19,11,19,2,0,0,13,16,19,16,19,14,11,3,10,18,19,19,6,18,7,15,2,12,16,9,6,4,11,13,14,19,6,11,5,10,3,10,0,0,10,9,19,18,17,6,12,6,3,11,2,9,9,5,13,19,8,7,6,6,3,10,11,19,5,8,15,15,18,1,5,1,0,1,10,10,11,3,5,10,15,10,7,2,0,0,10,5,9,16,3,19,11,10,5,3,0,7,19,18,1,4,12,9,15,18,7,7,0,3,18,11,1,9,16,19,11,19,2,0,8,8,8,8",-0.52842647,0.29277915,3.0,0.052229255,55.576675,0.05389306,1.0,0.05389306,0.32160193,0.012589301,0.0,0.0,0.052229255,0.033393715,0.8461548,0.32160193,3.993568,1.3621044,55.576675,-0.52842647,3.9393811,196.39545,0.012090831,0.050565448,1.0,196.39545,0.2713325,0.15384522,3.993568,0.033393715,0.013087771,0.29277915,0.0,1.3621044,3.9393811,0.012090831,0.52842647,0.0,0.013087771,0.52842647,0.5882992,0.050565448,1.0,0.012589301,lookahead,fk_orig1_bm0-s0to100br3
/work/T-REX/external/Proteina-Complexa/inference/search_binder_local_pipeline_32_PDL1_ALPHA_REPACK_v7_r004_cand_v7r004_hyp_0004_00_001_af7f7c76a908b/job_0_n_184_id_3_fk_orig2_bm0-s0to100br3/job_0_n_184_id_3_fk_orig2_bm0-s0to100br3.pdb,14,"2,0,13,16,19,16,19,14,11,3,10,18,19,19,6,18,7,15,2,12,16,9,6,4,11,13,14,19,6,11,5,10,3,10,0,0,10,9,19,18,17,6,12,6,3,11,2,9,9,5,13,19,8,7,6,6,3,10,11,19,5,8,15,15,18,1,5,1,0,1,10,10,11,3,5,10,15,10,7,2,0,0,10,5,9,16,3,19,11,10,5,3,0,7,19,18,1,4,12,9,15,18,7,7,0,3,18,11,1,9,16,19,11,19,2,0,0,3,0,18,13,2,10,7,19,9,18,11,0,5,11,2,10,3,6,0,6,11,2,13,10,11,0,9,6,10,7,18,14,6,0,3,11,0,18,10,6,10,15,7,9,18,15,10,5,11,2,18,3,6,0,0,11,12,10,6,6,0,1,11,0,1,10,11,0,0,0,0,0,0,0,0,0,0,0,0,0,0,0,0,0,0,0,0,0,0,0,0,0,0,0,0,0,0,0,0,0,0,0,0,0,0,0,0,0,0,0,0,0,0,0,0,0,0,0",-0.18821089,0.069018,3.0,0.44475657,48.402737,0.5248595,1.0,0.5248595,0.14467461,0.44475657,0.0,0.0,0.44475657,0.0010736664,0.9228199,0.14467461,2.0814269,1.357063,48.402737,-0.18821089,2.2744772,170.09837,0.36465365,0.36465365,1.0,170.09837,0.74201083,0.077180095,2.0814269,0.0010736664,0.5248595,0.069018,0.0,1.357063,2.2744772,0.36465365,0.18821089,0.0,0.5248595,0.18821089,0.8394301,0.36465365,1.0,0.44475657,lookahead,fk_orig2_bm0-s0to100br3
/work/T-REX/external/Proteina-Complexa/inference/search_binder_local_pipeline_32_PDL1_ALPHA_REPACK_v7_r004_cand_v7r004_hyp_0004_00_001_af7f7c76a908b/job_0_n_222_id_3_fk_orig3_bm0-s0to100br3/job_0_n_222_id_3_fk_orig3_bm0-s0to100br3.pdb,15,"2,0,13,16,19,16,19,14,11,3,10,18,19,19,6,18,7,15,2,12,16,9,6,4,11,13,14,19,6,11,5,10,3,10,0,0,10,9,19,18,17,6,12,6,3,11,2,9,9,5,13,19,8,7,6,6,3,10,11,19,5,8,15,15,18,1,5,1,0,1,10,10,11,3,5,10,15,10,7,2,0,0,10,5,9,16,3,19,11,10,5,3,0,7,19,18,1,4,12,9,15,18,7,7,0,3,18,11,1,9,16,19,11,19,2,0,0,13,16,19,16,19,14,11,3,10,18,19,19,6,18,7,15,2,12,16,9,6,4,11,13,14,19,6,11,5,10,3,10,0,0,10,9,19,18,17,6,12,6,3,11,2,9,9,5,13,19,8,7,6,6,3,10,11,19,5,8,15,15,18,1,5,1,0,1,10,10,11,3,5,10,15,10,7,2,0,0,10,5,9,16,3,19,11,10,5,3,0,7,19,18,1,4,12,9,15,18,7,7,0,3,18,0,0,0,0,0,0,0,0,0,0,0,0,0",-0.5245427,0.2965416,3.0,0.04280246,107.01065,0.043784685,1.0,0.043784685,0.3166761,0.012217056,0.0,0.0,0.04280246,0.0016097528,0.8633517,0.3166761,10.024631,1.316293,107.01065,-0.5245427,3.7533777,205.18356,0.011903429,0.04182023,1.0,205.18356,0.28036383,0.13664833,10.024631,0.0016097528,0.012530682,0.2965416,0.0,1.316293,3.7533777,0.011903429,0.5245427,0.0,0.012530682,0.5245427,0.60896325,0.04182023,1.0,0.012217056,lookahead,fk_orig3_bm0-s0to100br3
/work/T-REX/external/Proteina-Complexa/inference/search_binder_local_pipeline_32_PDL1_ALPHA_REPACK_v7_r004_cand_v7r004_hyp_0004_00_001_af7f7c76a908b/job_0_n_211_id_4_fk_orig0_bm1-s0to100br0/job_0_n_211_id_4_fk_orig0_bm1-s0to100br0.pdb,16,"2,0,13,16,19,16,19,14,11,3,10,18,19,19,6,18,7,15,2,12,16,9,6,4,11,13,14,19,6,11,5,10,3,10,0,0,10,9,19,18,17,6,12,6,3,11,2,9,9,5,13,19,8,7,6,6,3,10,11,19,5,8,15,15,18,1,5,1,0,1,10,10,11,3,5,10,15,10,7,2,0,0,10,5,9,16,3,19,11,10,5,3,0,7,19,18,1,4,12,9,15,18,7,7,0,3,18,11,1,9,16,19,11,19,2,0,10,19,19,2,0,14,0,15,19,15,7,16,11,7,0,15,19,16,10,14,4,16,19,15,3,14,15,14,16,10,8,19,16,17,1,2,14,2,3,5,6,9,11,14,7,7,1,13,16,18,10,7,3,10,16,11,7,2,0,15,10,5,9,15,15,10,6,10,15,3,15,7,19,18,5,4,10,0,7,2,16,10,7,9,3,3,11,1,9,5,10,16,19,2,0,0,0,0,0,0,0,0,0,0,0,0,0,0,0,0,0,0,0,0,0,0,0,0,0",-0.51334435,0.2551575,3.0,0.054820977,73.95614,0.06431203,1.0,0.06431203,0.32701996,0.014035145,0.0,0.0,0.054820977,0.0020796456,0.85050964,0.32701996,3.9917943,1.4276545,73.95614,-0.51334435,3.925518,198.51973,0.013868584,0.045329925,1.0,198.51973,0.30272758,0.14949033,3.9917943,0.0020796456,0.014201706,0.2551575,0.0,1.4276545,3.925518,0.013868584,0.51334435,0.0,0.014201706,0.51334435,0.629386,0.045329925,1.0,0.014035145,lookahead,fk_orig0_bm1-s0to100br0
/work/T-REX/external/Proteina-Complexa/inference/search_binder_local_pipeline_32_PDL1_ALPHA_REPACK_v7_r004_cand_v7r004_hyp_0004_00_001_af7f7c76a908b/job_0_n_235_id_4_fk_orig1_bm1-s0to100br0/job_0_n_235_id_4_fk_orig1_bm1-s0to100br0.pdb,17,"2,0,13,16,19,16,19,14,11,3,10,18,19,19,6,18,7,15,2,12,16,9,6,4,11,13,14,19,6,11,5,10,3,10,0,0,10,9,19,18,17,6,12,6,3,11,2,9,9,5,13,19,8,7,6,6,3,10,11,19,5,8,15,15,18,1,5,1,0,1,10,10,11,3,5,10,15,10,7,2,0,0,10,5,9,16,3,19,11,10,5,3,0,7,19,18,1,4,12,9,15,18,7,7,0,3,18,11,1,9,16,19,11,19,2,0,13,16,19,16,19,14,11,3,10,18,19,19,6,18,7,15,2,12,16,9,6,4,11,13,14,19,6,11,5,10,3,10,0,0,10,9,19,18,17,6,12,6,3,11,2,9,9,5,13,19,8,7,6,6,3,10,11,19,5,8,15,15,18,1,5,1,0,1,10,10,11,3,5,10,15,10,7,2,0,0,10,5,9,16,3,19,11,10,5,3,0,7,19,18,1,4,12,9,15,18,7,7,0,3,18,11,1,9,16,19,11,19,2,0,8,8,8,8,8",-0.53227985,0.29264304,3.0,0.051305994,62.129417,0.053333793,1.0,0.053333793,0.32804546,0.012559298,0.0,0.0,0.051305994,0.043600228,0.8412657,0.32804546,4.802049,1.3918669,62.129417,-0.53227985,3.9661288,201.82558,0.011997489,0.049278192,1.0,201.82558,0.26942202,0.1587343,4.802049,0.043600228,0.013121108,0.29264304,0.0,1.3918669,3.9661288,0.011997489,0.53227985,0.0,0.013121108,0.53227985,0.5841775,0.049278192,1.0,0.012559298,lookahead,fk_orig1_bm1-s0to100br0
/work/T-REX/external/Proteina-Complexa/inference/search_binder_local_pipeline_32_PDL1_ALPHA_REPACK_v7_r004_cand_v7r004_hyp_0004_00_001_af7f7c76a908b/job_0_n_184_id_4_fk_orig2_bm1-s0to100br0/job_0_n_184_id_4_fk_orig2_bm1-s0to100br0.pdb,18,"2,0,13,16,19,16,19,14,11,3,10,18,19,19,6,18,7,15,2,12,16,9,6,4,11,13,14,19,6,11,5,10,3,10,0,0,10,9,19,18,17,6,12,6,3,11,2,9,9,5,13,19,8,7,6,6,3,10,11,19,5,8,15,15,18,1,5,1,0,1,10,10,11,3,5,10,15,10,7,2,0,0,10,5,9,16,3,19,11,10,5,3,0,7,19,18,1,4,12,9,15,18,7,7,0,3,18,11,1,9,16,19,11,19,2,0,19,6,18,16,14,11,6,18,16,19,5,5,15,15,15,10,10,3,19,4,11,0,0,11,19,14,3,3,19,6,19,19,1,19,16,2,10,0,16,11,6,11,11,3,18,10,1,15,5,10,15,15,19,1,16,10,6,14,7,6,15,18,11,9,6,14,0,14,0,0,0,0,0,0,0,0,0,0,0,0,0,0,0,0,0,0,0,0,0,0,0,0,0,0,0,0,0,0,0,0,0,0,0,0,0,0,0,0,0,0,0,0,0,0,0,0,0,0,0",-0.8328559,0.72056574,3.0,0.0,115.90343,0.0,1.0,0.0,0.58100694,0.0,0.0,0.0,0.0,0.00779997,0.686519,0.58100694,10.186953,1.9757698,115.90343,-0.8328559,4.7320065,266.16226,0.0,0.0,1.0,266.16226,0.08249453,0.313481,10.186953,0.00779997,0.0,0.72056574,0.0,1.9757698,4.7320065,0.0,0.8328559,0.0,0.0,0.8328559,0.59782976,0.0,1.0,0.0,lookahead,fk_orig2_bm1-s0to100br0
/work/T-REX/external/Proteina-Complexa/inference/search_binder_local_pipeline_32_PDL1_ALPHA_REPACK_v7_r004_cand_v7r004_hyp_0004_00_001_af7f7c76a908b/job_0_n_222_id_4_fk_orig3_bm1-s0to100br0/job_0_n_222_id_4_fk_orig3_bm1-s0to100br0.pdb,19,"2,0,13,16,19,16,19,14,11,3,10,18,19,19,6,18,7,15,2,12,16,9,6,4,11,13,14,19,6,11,5,10,3,10,0,0,10,9,19,18,17,6,12,6,3,11,2,9,9,5,13,19,8,7,6,6,3,10,11,19,5,8,15,15,18,1,5,1,0,1,10,10,11,3,5,10,15,10,7,2,0,0,10,5,9,16,3,19,11,10,5,3,0,7,19,18,1,4,12,9,15,18,7,7,0,3,18,11,1,9,16,19,11,19,2,0,0,13,16,19,16,19,14,11,3,10,18,19,19,6,18,7,15,2,12,16,9,6,4,11,13,14,19,6,11,5,10,3,10,0,0,10,9,19,18,17,6,12,6,3,11,2,9,9,5,13,19,8,7,3,18,1,5,1,0,1,10,10,11,3,5,10,15,10,7,2,0,0,10,5,9,16,3,19,11,10,5,3,0,7,19,18,1,4,12,9,15,18,7,7,0,3,18,11,1,9,16,19,11,19,2,0,0,0,0,0,0,0,0,0,0,0,0,0,0",-0.60780543,0.36238793,3.0,0.010507405,131.70445,0.014885865,1.0,0.014885865,0.4125776,0.0053522293,0.0,0.0,0.010507405,0.0027860852,0.74349666,0.4125776,15.126033,1.7008791,131.70445,-0.60780543,4.0891843,241.08267,0.0,0.0061289454,1.0,241.08267,0.22696155,0.2565033,15.126033,0.0027860852,0.010704459,0.36238793,0.0,1.7008791,4.0891843,0.0,0.60780543,0.0,0.010704459,0.60780543,0.57810104,0.0061289454,1.0,0.0053522293,lookahead,fk_orig3_bm1-s0to100br0
/work/T-REX/external/Proteina-Complexa/inference/search_binder_local_pipeline_32_PDL1_ALPHA_REPACK_v7_r004_cand_v7r004_hyp_0004_00_001_af7f7c76a908b/job_0_n_211_id_5_fk_orig0_bm1-s0to100br1/job_0_n_211_id_5_fk_orig0_bm1-s0to100br1.pdb,20,"2,0,13,16,19,16,19,14,11,3,10,18,19,19,6,18,7,15,2,12,16,9,6,4,11,13,14,19,6,11,5,10,3,10,0,0,10,9,19,18,17,6,12,6,3,11,2,9,9,5,13,19,8,7,6,6,3,10,11,19,5,8,15,15,18,1,5,1,0,1,10,10,11,3,5,10,15,10,7,2,0,0,10,5,9,16,3,19,11,10,5,3,0,7,19,18,1,4,12,9,15,18,7,7,0,3,18,11,1,9,16,19,11,19,2,0,15,19,16,13,14,11,11,6,18,15,19,15,6,7,0,2,19,16,10,6,4,15,13,15,15,15,15,0,19,16,11,19,16,17,1,11,3,6,6,6,9,11,14,15,3,11,13,11,9,16,2,3,10,0,0,7,11,15,15,10,16,9,16,7,0,6,10,7,3,15,7,9,18,19,4,6,19,16,2,15,0,7,15,16,10,7,11,7,16,11,10,9,19,16,7,0,0,0,0,0,0,0,0,0,0,0,0,0,0,0,0,0,0,0,0,0,0,0,0",-0.881503,0.7868188,3.0,0.0,123.846466,0.0,1.0,0.0,0.52888113,0.0,0.0,0.0,0.0,0.0029804332,0.8477693,0.52888113,20.485449,1.3798236,123.846466,-0.881503,5.045737,238.39742,0.0,0.0,1.0,238.39742,0.06822774,0.1522307,20.485449,0.0029804332,0.0,0.7868188,0.0,1.3798236,5.045737,0.0,0.881503,0.0,0.0,0.881503,0.5300987,0.0,1.0,0.0,lookahead,fk_orig0_bm1-s0to100br1
/work/T-REX/external/Proteina-Complexa/inference/search_binder_local_pipeline_32_PDL1_ALPHA_REPACK_v7_r004_cand_v7r004_hyp_0004_00_001_af7f7c76a908b/job_0_n_235_id_5_fk_orig1_bm1-s0to100br1/job_0_n_235_id_5_fk_orig1_bm1-s0to100br1.pdb,21,"2,0,13,16,19,16,19,14,11,3,10,18,19,19,6,18,7,15,2,12,16,9,6,4,11,13,14,19,6,11,5,10,3,10,0,0,10,9,19,18,17,6,12,6,3,11,2,9,9,5,13,19,8,7,6,6,3,10,11,19,5,8,15,15,18,1,5,1,0,1,10,10,11,3,5,10,15,10,7,2,0,0,10,5,9,16,3,19,11,10,5,3,0,7,19,18,1,4,12,9,15,18,7,7,0,3,18,11,1,9,16,19,11,19,2,0,2,0,13,16,19,16,19,14,11,3,10,18,19,19,6,18,7,15,2,12,16,9,6,4,11,13,14,19,6,11,5,10,3,10,0,0,10,9,19,18,17,6,12,6,3,11,2,9,9,5,13,19,8,7,6,6,3,10,11,19,5,8,15,15,18,1,5,1,0,1,10,10,11,3,5,10,15,10,7,2,0,0,10,5,9,16,3,19,11,10,5,3,0,7,19,18,1,4,12,9,15,18,7,7,0,3,18,11,1,9,16,19,11,19,2,0,16,19,0",-0.53336954,0.29723087,3.0,0.047174923,64.76042,0.04967007,1.0,0.04967007,0.32110175,0.012496166,0.0,0.0,0.047174923,0.0067353346,0.8494112,0.32110175,5.225191,1.3205942,64.76042,-0.53336954,3.9416308,199.2379,0.012194564,0.044679772,1.0,199.2379,0.26559797,0.15058883,5.225191,0.0067353346,0.012797767,0.29723087,0.0,1.3205942,3.9416308,0.012194564,0.53336954,0.0,0.012797767,0.53336954,0.5886891,0.044679772,1.0,0.012496166,lookahead,fk_orig1_bm1-s0to100br1
/work/T-REX/external/Proteina-Complexa/inference/search_binder_local_pipeline_32_PDL1_ALPHA_REPACK_v7_r004_cand_v7r004_hyp_0004_00_001_af7f7c76a908b/job_0_n_184_id_5_fk_orig2_bm1-s0to100br1/job_0_n_184_id_5_fk_orig2_bm1-s0to100br1.pdb,22,"2,0,13,16,19,16,19,14,11,3,10,18,19,19,6,18,7,15,2,12,16,9,6,4,11,13,14,19,6,11,5,10,3,10,0,0,10,9,19,18,17,6,12,6,3,11,2,9,9,5,13,19,8,7,6,6,3,10,11,19,5,8,15,15,18,1,5,1,0,1,10,10,11,3,5,10,15,10,7,2,0,0,10,5,9,16,3,19,11,10,5,3,0,7,19,18,1,4,12,9,15,18,7,7,0,3,18,11,1,9,16,19,11,19,2,0,15,6,14,15,6,3,10,0,11,10,18,18,2,1,7,13,0,18,13,12,5,11,2,18,3,10,0,9,11,3,18,16,11,0,9,6,10,11,14,3,13,0,5,0,18,18,2,1,7,2,0,18,11,6,5,2,2,10,3,10,0,9,11,3,18,6,11,0,0,0,0,0,0,0,0,0,0,0,0,0,0,0,0,0,0,0,0,0,0,0,0,0,0,0,0,0,0,0,0,0,0,0,0,0,0,0,0,0,0,0,0,0,0,0,0,0,0,0,0",-0.49825802,0.30243024,3.0,0.046468616,111.46409,0.05182194,1.0,0.05182194,0.34647152,0.012597047,0.0,0.0,0.046468616,0.016147764,0.8393036,0.34647152,9.914187,1.2505717,111.46409,-0.49825802,3.6837447,206.04451,0.011831679,0.041115295,1.0,206.04451,0.27511895,0.16069642,9.914187,0.016147764,0.013362413,0.30243024,0.0,1.2505717,3.6837447,0.011831679,0.49825802,0.0,0.013362413,0.49825802,0.66773105,0.041115295,1.0,0.012597047,lookahead,fk_orig2_bm1-s0to100br1
/work/T-REX/external/Proteina-Complexa/inference/search_binder_local_pipeline_32_PDL1_ALPHA_REPACK_v7_r004_cand_v7r004_hyp_0004_00_001_af7f7c76a908b/job_0_n_222_id_5_fk_orig3_bm1-s0to100br1/job_0_n_222_id_5_fk_orig3_bm1-s0to100br1.pdb,23,"2,0,13,16,19,16,19,14,11,3,10,18,19,19,6,18,7,15,2,12,16,9,6,4,11,13,14,19,6,11,5,10,3,10,0,0,10,9,19,18,17,6,12,6,3,11,2,9,9,5,13,19,8,7,6,6,3,10,11,19,5,8,15,15,18,1,5,1,0,1,10,10,11,3,5,10,15,10,7,2,0,0,10,5,9,16,3,19,11,10,5,3,0,7,19,18,1,4,12,9,15,18,7,7,0,3,18,11,1,9,16,19,11,19,2,0,19,19,19,16,0,14,0,10,19,2,7,16,0,7,7,15,19,16,10,6,4,11,13,16,15,11,15,14,9,9,15,19,10,17,11,11,6,2,14,3,16,16,9,10,16,18,0,2,7,5,16,16,18,0,3,15,13,11,7,1,0,15,10,3,14,11,2,7,3,0,15,10,16,10,15,3,10,1,10,15,3,15,7,9,18,16,4,10,19,0,15,11,3,7,9,3,3,11,11,9,5,10,2,19,16,0,0,0,0,0,0,0,0,0,0,0,0,0,0",-0.30892503,0.132971,3.0,0.23273614,54.660248,0.24748775,1.0,0.24748775,0.20836648,0.22954008,0.0,0.0,0.23273614,0.0021960011,0.89078313,0.20836648,1.8467387,1.3861144,54.660248,-0.30892503,3.2615714,190.96503,0.21410532,0.21798451,1.0,190.96503,0.59627116,0.10921689,1.8467387,0.0021960011,0.24497482,0.132971,0.0,1.3861144,3.2615714,0.21410532,0.30892503,0.0,0.24497482,0.30892503,0.75233424,0.21798451,1.0,0.22954008,lookahead,fk_orig3_bm1-s0to100br1
/work/T-REX/external/Proteina-Complexa/inference/search_binder_local_pipeline_32_PDL1_ALPHA_REPACK_v7_r004_cand_v7r004_hyp_0004_00_001_af7f7c76a908b/job_0_n_211_id_6_fk_orig0_bm1-s0to100br2/job_0_n_211_id_6_fk_orig0_bm1-s0to100br2.pdb,24,"2,0,13,16,19,16,19,14,11,3,10,18,19,19,6,18,7,15,2,12,16,9,6,4,11,13,14,19,6,11,5,10,3,10,0,0,10,9,19,18,17,6,12,6,3,11,2,9,9,5,13,19,8,7,6,6,3,10,11,19,5,8,15,15,18,1,5,1,0,1,10,10,11,3,5,10,15,10,7,2,0,0,10,5,9,16,3,19,11,10,5,3,0,7,19,18,1,4,12,9,15,18,7,7,0,3,18,11,1,9,16,19,11,19,2,0,19,10,16,5,14,1,15,12,15,7,19,16,7,15,15,19,16,10,6,4,11,0,15,5,16,10,16,15,3,19,19,17,11,11,2,3,5,15,9,3,10,5,0,3,14,1,13,11,18,10,15,14,7,16,16,2,0,15,10,5,9,15,7,10,11,10,7,3,15,7,10,18,5,4,10,0,0,16,9,2,7,10,18,10,15,3,7,16,5,10,16,19,15,6,14,0,0,0,0,0,0,0,0,0,0,0,0,0,0,0,0,0,0,0,0,0,0,0,0",-0.318316,0.1394895,3.0,0.23416808,78.14201,0.23757656,1.0,0.23757656,0.23533578,0.23201957,0.0,0.0,0.23416808,0.0039190794,0.8545611,0.23533578,3.440796,1.6873478,78.14201,-0.318316,3.4762356,209.71028,0.22937411,0.2307596,1.0,209.71028,0.5770563,0.14543892,3.440796,0.0039190794,0.23466504,0.1394895,0.0,1.6873478,3.4762356,0.22937411,0.318316,0.0,0.23466504,0.318316,0.7585033,0.2307596,1.0,0.23201957,lookahead,fk_orig0_bm1-s0to100br2
/work/T-REX/external/Proteina-Complexa/inference/search_binder_local_pipeline_32_PDL1_ALPHA_REPACK_v7_r004_cand_v7r004_hyp_0004_00_001_af7f7c76a908b/job_0_n_235_id_6_fk_orig1_bm1-s0to100br2/job_0_n_235_id_6_fk_orig1_bm1-s0to100br2.pdb,25,"2,0,13,16,19,16,19,14,11,3,10,18,19,19,6,18,7,15,2,12,16,9,6,4,11,13,14,19,6,11,5,10,3,10,0,0,10,9,19,18,17,6,12,6,3,11,2,9,9,5,13,19,8,7,6,6,3,10,11,19,5,8,15,15,18,1,5,1,0,1,10,10,11,3,5,10,15,10,7,2,0,0,10,5,9,16,3,19,11,10,5,3,0,7,19,18,1,4,12,9,15,18,7,7,0,3,18,11,1,9,16,19,11,19,2,0,0,13,16,19,16,19,14,11,3,10,18,19,19,6,18,7,15,2,12,16,9,6,4,11,13,14,19,6,11,5,10,3,10,0,0,10,9,19,18,17,6,12,6,3,11,2,9,9,5,13,19,8,7,6,6,3,10,11,19,5,8,15,15,18,1,5,1,0,1,10,10,11,3,5,10,15,10,7,2,0,0,10,5,9,16,3,19,11,10,5,3,0,7,19,18,1,4,12,9,15,18,7,7,0,3,18,11,1,9,16,19,11,19,2,0,8,8,8,8",-0.5270003,0.28957263,3.0,0.05215577,60.676884,0.054266784,1.0,0.054266784,0.32105637,0.012626109,0.0,0.0,0.05215577,0.033592127,0.8455839,0.32105637,5.0942802,1.3544495,60.676884,-0.5270003,3.9412315,199.03783,0.012324366,0.05004476,1.0,199.03783,0.2723328,0.15441608,5.0942802,0.033592127,0.012927852,0.28957263,0.0,1.3544495,3.9412315,0.012324366,0.5270003,0.0,0.012927852,0.5270003,0.5886884,0.05004476,1.0,0.012626109,lookahead,fk_orig1_bm1-s0to100br2
/work/T-REX/external/Proteina-Complexa/inference/search_binder_local_pipeline_32_PDL1_ALPHA_REPACK_v7_r004_cand_v7r004_hyp_0004_00_001_af7f7c76a908b/job_0_n_184_id_6_fk_orig2_bm1-s0to100br2/job_0_n_184_id_6_fk_orig2_bm1-s0to100br2.pdb,26,"2,0,13,16,19,16,19,14,11,3,10,18,19,19,6,18,7,15,2,12,16,9,6,4,11,13,14,19,6,11,5,10,3,10,0,0,10,9,19,18,17,6,12,6,3,11,2,9,9,5,13,19,8,7,6,6,3,10,11,19,5,8,15,15,18,1,5,1,0,1,10,10,11,3,5,10,15,10,7,2,0,0,10,5,9,16,3,19,11,10,5,3,0,7,19,18,1,4,12,9,15,18,7,7,0,3,18,11,1,9,16,19,11,19,2,0,9,19,13,16,6,6,5,6,11,0,9,3,3,13,10,11,1,8,11,10,15,0,2,16,19,13,16,14,6,10,19,6,11,13,15,10,3,10,1,3,10,5,1,0,10,3,10,6,19,3,7,9,0,7,14,11,16,9,6,0,10,5,16,18,0,11,2,8,0,0,0,0,0,0,0,0,0,0,0,0,0,0,0,0,0,0,0,0,0,0,0,0,0,0,0,0,0,0,0,0,0,0,0,0,0,0,0,0,0,0,0,0,0,0,0,0,0,0,0",-0.72464466,0.52912736,3.0,0.0027155576,114.89422,0.005431115,1.0,0.005431115,0.5462804,0.0,0.0,0.0,0.0027155576,0.0068522273,0.6280513,0.5462804,8.852998,2.4225943,114.89422,-0.72464466,4.380766,249.10478,0.0,0.0,1.0,249.10478,0.12814704,0.37194875,8.852998,0.0068522273,0.0,0.52912736,0.0,2.4225943,4.380766,0.0,0.72464466,0.0,0.0,0.72464466,0.6117711,0.0,1.0,0.0,lookahead,fk_orig2_bm1-s0to100br2
/work/T-REX/external/Proteina-Complexa/inference/search_binder_local_pipeline_32_PDL1_ALPHA_REPACK_v7_r004_cand_v7r004_hyp_0004_00_001_af7f7c76a908b/job_0_n_222_id_6_fk_orig3_bm1-s0to100br2/job_0_n_222_id_6_fk_orig3_bm1-s0to100br2.pdb,27,"2,0,13,16,19,16,19,14,11,3,10,18,19,19,6,18,7,15,2,12,16,9,6,4,11,13,14,19,6,11,5,10,3,10,0,0,10,9,19,18,17,6,12,6,3,11,2,9,9,5,13,19,8,7,6,6,3,10,11,19,5,8,15,15,18,1,5,1,0,1,10,10,11,3,5,10,15,10,7,2,0,0,10,5,9,16,3,19,11,10,5,3,0,7,19,18,1,4,12,9,15,18,7,7,0,3,18,11,1,9,16,19,11,19,2,0,16,19,16,19,14,11,3,10,18,19,19,6,18,7,15,2,12,16,9,6,4,11,13,14,19,6,11,5,10,3,10,0,0,10,9,19,18,17,6,12,6,3,11,2,9,9,5,13,19,8,7,6,6,3,18,1,5,1,0,1,10,10,11,3,5,10,15,10,7,2,0,0,10,5,9,16,3,19,11,10,5,3,0,7,19,18,1,4,12,9,15,18,7,7,0,3,18,11,1,9,16,19,11,19,2,0,0,0,0,0,0,0,0,0,0,0,0,0,0",-0.56282026,0.34528497,3.0,0.02572689,84.44936,0.033713985,1.0,0.033713985,0.35497308,0.0058890623,0.0,0.0,0.02572689,0.0028465632,0.8226973,0.35497308,7.6910043,1.4760672,84.44936,-0.56282026,3.982996,211.765,0.0,0.017739795,1.0,211.765,0.25115535,0.17730272,7.6910043,0.0028465632,0.011778125,0.34528497,0.0,1.4760672,3.982996,0.0,0.56282026,0.0,0.011778125,0.56282026,0.590915,0.017739795,1.0,0.0058890623,lookahead,fk_orig3_bm1-s0to100br2
/work/T-REX/external/Proteina-Complexa/inference/search_binder_local_pipeline_32_PDL1_ALPHA_REPACK_v7_r004_cand_v7r004_hyp_0004_00_001_af7f7c76a908b/job_0_n_211_id_7_fk_orig0_bm1-s0to100br3/job_0_n_211_id_7_fk_orig0_bm1-s0to100br3.pdb,28,"2,0,13,16,19,16,19,14,11,3,10,18,19,19,6,18,7,15,2,12,16,9,6,4,11,13,14,19,6,11,5,10,3,10,0,0,10,9,19,18,17,6,12,6,3,11,2,9,9,5,13,19,8,7,6,6,3,10,11,19,5,8,15,15,18,1,5,1,0,1,10,10,11,3,5,10,15,10,7,2,0,0,10,5,9,16,3,19,11,10,5,3,0,7,19,18,1,4,12,9,15,18,7,7,0,3,18,11,1,9,16,19,11,19,2,0,15,10,11,6,16,0,10,6,10,9,15,16,6,10,11,11,16,10,15,14,6,5,15,6,0,10,19,2,0,10,11,2,11,3,11,15,16,10,9,15,6,10,11,6,10,9,11,14,15,14,6,10,6,11,3,10,6,3,10,6,11,15,2,15,3,0,6,13,18,11,10,0,16,9,9,10,15,11,18,11,10,9,3,14,11,9,10,3,8,19,10,11,0,13,7,0,0,0,0,0,0,0,0,0,0,0,0,0,0,0,0,0,0,0,0,0,0,0,0",-0.15562576,0.0535386,3.0,0.6120038,48.739403,0.6298709,1.0,0.6298709,0.11973746,0.6120038,0.0,0.0,0.6120038,0.0009200636,0.93871886,0.11973746,3.0369864,1.4604033,48.739403,-0.15562576,2.2088912,190.85762,0.5941368,0.5941368,1.0,190.85762,0.8168782,0.061281156,3.0369864,0.0009200636,0.6298709,0.0535386,0.0,1.4604033,2.2088912,0.5941368,0.15562576,0.0,0.6298709,0.15562576,0.87494314,0.5941368,1.0,0.6120038,lookahead,fk_orig0_bm1-s0to100br3
/work/T-REX/external/Proteina-Complexa/inference/search_binder_local_pipeline_32_PDL1_ALPHA_REPACK_v7_r004_cand_v7r004_hyp_0004_00_001_af7f7c76a908b/job_0_n_235_id_7_fk_orig1_bm1-s0to100br3/job_0_n_235_id_7_fk_orig1_bm1-s0to100br3.pdb,29,"2,0,13,16,19,16,19,14,11,3,10,18,19,19,6,18,7,15,2,12,16,9,6,4,11,13,14,19,6,11,5,10,3,10,0,0,10,9,19,18,17,6,12,6,3,11,2,9,9,5,13,19,8,7,6,6,3,10,11,19,5,8,15,15,18,1,5,1,0,1,10,10,11,3,5,10,15,10,7,2,0,0,10,5,9,16,3,19,11,10,5,3,0,7,19,18,1,4,12,9,15,18,7,7,0,3,18,11,1,9,16,19,11,19,2,0,0,13,16,19,16,19,14,11,3,10,18,19,19,6,18,7,15,2,12,16,9,6,4,11,13,14,19,6,11,5,10,3,10,0,0,10,9,19,18,17,6,12,6,3,11,2,9,9,5,13,19,8,7,6,6,3,10,11,19,5,8,15,15,18,1,5,1,0,1,10,10,11,3,5,10,15,10,7,2,0,0,10,5,9,16,3,19,11,10,5,3,0,7,19,18,1,4,12,9,15,18,7,7,0,3,18,11,1,9,16,19,11,19,2,0,11,0,0,15",-0.5232657,0.2831243,3.0,0.050554007,69.47626,0.0521225,1.0,0.0521225,0.31719556,0.013302772,0.0,0.0,0.050554007,0.016849514,0.84982896,0.31719556,5.306069,1.3134451,69.47626,-0.5232657,3.9272773,200.56284,0.013236204,0.048985515,1.0,200.56284,0.2680017,0.15017101,5.306069,0.016849514,0.01336934,0.2831243,0.0,1.3134451,3.9272773,0.013236204,0.5232657,0.0,0.01336934,0.5232657,0.5888132,0.048985515,1.0,0.013302772,lookahead,fk_orig1_bm1-s0to100br3
/work/T-REX/external/Proteina-Complexa/inference/search_binder_local_pipeline_32_PDL1_ALPHA_REPACK_v7_r004_cand_v7r004_hyp_0004_00_001_af7f7c76a908b/job_0_n_184_id_7_fk_orig2_bm1-s0to100br3/job_0_n_184_id_7_fk_orig2_bm1-s0to100br3.pdb,30,"2,0,13,16,19,16,19,14,11,3,10,18,19,19,6,18,7,15,2,12,16,9,6,4,11,13,14,19,6,11,5,10,3,10,0,0,10,9,19,18,17,6,12,6,3,11,2,9,9,5,13,19,8,7,6,6,3,10,11,19,5,8,15,15,18,1,5,1,0,1,10,10,11,3,5,10,15,10,7,2,0,0,10,5,9,16,3,19,11,10,5,3,0,7,19,18,1,4,12,9,15,18,7,7,0,3,18,11,1,9,16,19,11,19,2,0,13,3,6,0,9,0,0,18,6,1,0,9,6,10,2,14,2,13,0,6,0,8,2,2,10,7,2,0,10,0,0,5,2,1,10,3,6,0,9,11,6,18,6,1,0,9,6,10,2,14,2,13,6,3,0,11,2,2,10,13,10,0,16,10,11,11,2,15,0,0,0,0,0,0,0,0,0,0,0,0,0,0,0,0,0,0,0,0,0,0,0,0,0,0,0,0,0,0,0,0,0,0,0,0,0,0,0,0,0,0,0,0,0,0,0,0,0,0,0",-0.71167487,0.53708726,3.0,0.0027829434,121.613686,0.005565887,1.0,0.005565887,0.48009503,0.0,0.0,0.0,0.0027829434,0.0043199183,0.76063347,0.48009503,14.86749,1.3754796,121.613686,-0.71167487,4.097737,203.60713,0.0,0.0,1.0,203.60713,0.14272816,0.23936656,14.86749,0.0043199183,0.0,0.53708726,0.0,1.3754796,4.097737,0.0,0.71167487,0.0,0.0,0.71167487,0.62087536,0.0,1.0,0.0,lookahead,fk_orig2_bm1-s0to100br3
/work/T-REX/external/Proteina-Complexa/inference/search_binder_local_pipeline_32_PDL1_ALPHA_REPACK_v7_r004_cand_v7r004_hyp_0004_00_001_af7f7c76a908b/job_0_n_222_id_7_fk_orig3_bm1-s0to100br3/job_0_n_222_id_7_fk_orig3_bm1-s0to100br3.pdb,31,"2,0,13,16,19,16,19,14,11,3,10,18,19,19,6,18,7,15,2,12,16,9,6,4,11,13,14,19,6,11,5,10,3,10,0,0,10,9,19,18,17,6,12,6,3,11,2,9,9,5,13,19,8,7,6,6,3,10,11,19,5,8,15,15,18,1,5,1,0,1,10,10,11,3,5,10,15,10,7,2,0,0,10,5,9,16,3,19,11,10,5,3,0,7,19,18,1,4,12,9,15,18,7,7,0,3,18,11,1,9,16,19,11,19,2,0,9,19,12,16,5,15,14,15,15,10,15,0,15,19,7,3,16,19,16,9,16,4,1,0,15,5,2,9,15,15,18,10,2,17,18,5,5,11,14,7,11,15,14,11,10,10,9,18,0,0,15,16,10,5,15,7,19,14,15,1,13,15,7,15,7,15,7,16,3,13,15,10,16,9,15,15,10,5,14,6,3,13,0,16,18,18,4,5,5,18,18,15,16,10,16,13,7,0,7,16,11,10,6,9,11,1,0,0,0,0,0,0,0,0,0,0,0,0,0",-0.64748985,0.3857763,3.0,0.0059520965,121.3353,0.0059890947,1.0,0.0059890947,0.37999636,0.0,0.0,0.0,0.0059520965,0.001076438,0.86585695,0.37999636,18.459393,1.2885765,121.3353,-0.64748985,4.327745,208.97627,0.0,0.005915098,1.0,208.97627,0.16962397,0.13414305,18.459393,0.001076438,0.0,0.3857763,0.0,1.2885765,4.327745,0.0,0.64748985,0.0,0.0,0.64748985,0.5511662,0.005915098,1.0,0.0,lookahead,fk_orig3_bm1-s0to100br3
/work/T-REX/external/Proteina-Complexa/inference/search_binder_local_pipeline_32_PDL1_ALPHA_REPACK_v7_r004_cand_v7r004_hyp_0004_00_001_af7f7c76a908b/job_0_n_211_id_8_fk_orig0_bm2-s0to100br0/job_0_n_211_id_8_fk_orig0_bm2-s0to100br0.pdb,32,"2,0,13,16,19,16,19,14,11,3,10,18,19,19,6,18,7,15,2,12,16,9,6,4,11,13,14,19,6,11,5,10,3,10,0,0,10,9,19,18,17,6,12,6,3,11,2,9,9,5,13,19,8,7,6,6,3,10,11,19,5,8,15,15,18,1,5,1,0,1,10,10,11,3,5,10,15,10,7,2,0,0,10,5,9,16,3,19,11,10,5,3,0,7,19,18,1,4,12,9,15,18,7,7,0,3,18,11,1,9,16,19,11,19,2,0,0,10,15,19,16,13,14,11,11,15,18,15,19,2,0,7,0,16,19,16,10,6,4,15,13,15,7,15,14,16,14,15,15,11,19,17,11,11,2,3,19,15,9,6,14,15,3,1,13,5,13,10,6,16,6,15,15,13,15,10,11,9,5,3,0,11,14,15,3,15,7,10,18,5,4,10,19,0,2,10,6,7,9,11,15,15,3,7,0,5,10,16,19,2,0,0,0,0,0,0,0,0,0,0,0,0,0,0,0,0,0,0,0,0,0,0,0,0,0",-0.3323094,0.1516639,3.0,0.1837059,53.27013,0.19240952,1.0,0.19240952,0.23306145,0.16145124,0.0,0.0,0.1837059,0.0027057857,0.8746901,0.23306145,2.8379571,1.5615547,53.27013,-0.3323094,3.4869852,181.7012,0.15534803,0.17500229,1.0,181.7012,0.5247164,0.12530988,2.8379571,0.0027057857,0.16755444,0.1516639,0.0,1.5615547,3.4869852,0.15534803,0.3323094,0.0,0.16755444,0.3323094,0.73651576,0.17500229,1.0,0.16145124,lookahead,fk_orig0_bm2-s0to100br0
/work/T-REX/external/Proteina-Complexa/inference/search_binder_local_pipeline_32_PDL1_ALPHA_REPACK_v7_r004_cand_v7r004_hyp_0004_00_001_af7f7c76a908b/job_0_n_235_id_8_fk_orig1_bm2-s0to100br0/job_0_n_235_id_8_fk_orig1_bm2-s0to100br0.pdb,33,"2,0,13,16,19,16,19,14,11,3,10,18,19,19,6,18,7,15,2,12,16,9,6,4,11,13,14,19,6,11,5,10,3,10,0,0,10,9,19,18,17,6,12,6,3,11,2,9,9,5,13,19,8,7,6,6,3,10,11,19,5,8,15,15,18,1,5,1,0,1,10,10,11,3,5,10,15,10,7,2,0,0,10,5,9,16,3,19,11,10,5,3,0,7,19,18,1,4,12,9,15,18,7,7,0,3,18,11,1,9,16,19,11,19,2,0,0,13,16,19,16,19,14,11,3,10,18,19,19,6,18,7,15,2,12,16,9,6,4,11,13,14,19,6,11,5,10,3,10,0,0,10,9,19,18,17,6,12,6,3,11,2,9,9,5,13,19,8,7,6,6,3,10,11,19,5,8,15,15,18,1,5,1,0,1,10,10,11,3,5,10,15,10,7,2,0,0,10,5,9,16,3,19,11,10,5,3,0,7,19,18,1,4,12,9,15,18,7,7,0,3,18,11,1,9,16,19,11,19,2,0,8,8,8,8",-0.5213,0.2838846,3.0,0.056779668,58.89274,0.05821522,1.0,0.05821522,0.3184768,0.012710077,0.0,0.0,0.056779668,0.03341426,0.8455921,0.3184768,4.314916,1.3588328,58.89274,-0.5213,3.9293883,198.17181,0.012205804,0.055344116,1.0,198.17181,0.2765252,0.15440792,4.314916,0.03341426,0.01321435,0.2838846,0.0,1.3588328,3.9293883,0.012205804,0.5213,0.0,0.01321435,0.5213,0.59088564,0.055344116,1.0,0.012710077,lookahead,fk_orig1_bm2-s0to100br0
/work/T-REX/external/Proteina-Complexa/inference/search_binder_local_pipeline_32_PDL1_ALPHA_REPACK_v7_r004_cand_v7r004_hyp_0004_00_001_af7f7c76a908b/job_0_n_184_id_8_fk_orig2_bm2-s0to100br0/job_0_n_184_id_8_fk_orig2_bm2-s0to100br0.pdb,34,"2,0,13,16,19,16,19,14,11,3,10,18,19,19,6,18,7,15,2,12,16,9,6,4,11,13,14,19,6,11,5,10,3,10,0,0,10,9,19,18,17,6,12,6,3,11,2,9,9,5,13,19,8,7,6,6,3,10,11,19,5,8,15,15,18,1,5,1,0,1,10,10,11,3,5,10,15,10,7,2,0,0,10,5,9,16,3,19,11,10,5,3,0,7,19,18,1,4,12,9,15,18,7,7,0,3,18,11,1,9,16,19,11,19,2,0,11,6,0,10,0,18,13,2,1,7,2,0,18,10,0,10,11,6,18,3,10,0,9,6,3,18,16,11,0,9,6,9,11,14,3,13,0,11,0,18,13,2,1,0,0,0,18,6,10,11,2,6,11,6,10,0,6,11,3,18,3,6,0,1,1,10,15,11,0,0,0,0,0,0,0,0,0,0,0,0,0,0,0,0,0,0,0,0,0,0,0,0,0,0,0,0,0,0,0,0,0,0,0,0,0,0,0,0,0,0,0,0,0,0,0,0,0,0,0",-0.62963074,0.42659977,3.0,0.005726874,104.28825,0.0060003633,1.0,0.0060003633,0.42122632,0.0,0.0,0.0,0.005726874,0.0014929272,0.81026435,0.42122632,10.556398,1.1825595,104.28825,-0.62963074,3.8464186,226.31923,0.0,0.005453385,1.0,226.31923,0.18027423,0.18973567,10.556398,0.0014929272,0.0,0.42659977,0.0,1.1825595,3.8464186,0.0,0.62963074,0.0,0.0,0.62963074,0.6288965,0.005453385,1.0,0.0,lookahead,fk_orig2_bm2-s0to100br0
/work/T-REX/external/Proteina-Complexa/inference/search_binder_local_pipeline_32_PDL1_ALPHA_REPACK_v7_r004_cand_v7r004_hyp_0004_00_001_af7f7c76a908b/job_0_n_222_id_8_fk_orig3_bm2-s0to100br0/job_0_n_222_id_8_fk_orig3_bm2-s0to100br0.pdb,35,"2,0,13,16,19,16,19,14,11,3,10,18,19,19,6,18,7,15,2,12,16,9,6,4,11,13,14,19,6,11,5,10,3,10,0,0,10,9,19,18,17,6,12,6,3,11,2,9,9,5,13,19,8,7,6,6,3,10,11,19,5,8,15,15,18,1,5,1,0,1,10,10,11,3,5,10,15,10,7,2,0,0,10,5,9,16,3,19,11,10,5,3,0,7,19,18,1,4,12,9,15,18,7,7,0,3,18,11,1,9,16,19,11,19,2,0,10,16,19,16,19,14,11,3,10,18,19,0,6,0,7,15,2,19,16,10,6,4,11,14,19,8,6,11,5,10,3,10,15,16,10,15,19,10,17,11,11,6,3,11,2,9,9,5,13,19,0,7,6,6,16,18,3,3,15,13,11,7,1,0,11,10,10,3,2,18,15,10,5,9,16,2,10,11,10,5,3,15,7,2,18,16,4,10,19,15,2,15,18,7,9,3,3,11,16,9,16,10,11,19,2,0,0,0,0,0,0,0,0,0,0,0,0,0,0",-0.30167395,0.124595456,3.0,0.26663712,51.277546,0.26828173,1.0,0.26828173,0.22335759,0.26494813,0.0,0.0,0.26663712,0.0063374517,0.8565479,0.22335759,0.98214203,1.6539131,51.277546,-0.30167395,3.234174,193.29839,0.2623106,0.2649925,1.0,193.29839,0.6369995,0.1434521,0.98214203,0.0063374517,0.2675857,0.124595456,0.0,1.6539131,3.234174,0.2623106,0.30167395,0.0,0.2675857,0.30167395,0.77521384,0.2649925,1.0,0.26494813,lookahead,fk_orig3_bm2-s0to100br0
/work/T-REX/external/Proteina-Complexa/inference/search_binder_local_pipeline_32_PDL1_ALPHA_REPACK_v7_r004_cand_v7r004_hyp_0004_00_001_af7f7c76a908b/job_0_n_211_id_9_fk_orig0_bm2-s0to100br1/job_0_n_211_id_9_fk_orig0_bm2-s0to100br1.pdb,36,"2,0,13,16,19,16,19,14,11,3,10,18,19,19,6,18,7,15,2,12,16,9,6,4,11,13,14,19,6,11,5,10,3,10,0,0,10,9,19,18,17,6,12,6,3,11,2,9,9,5,13,19,8,7,6,6,3,10,11,19,5,8,15,15,18,1,5,1,0,1,10,10,11,3,5,10,15,10,7,2,0,0,10,5,9,16,3,19,11,10,5,3,0,7,19,18,1,4,12,9,15,18,7,7,0,3,18,11,1,9,16,19,11,19,2,0,14,19,13,16,19,11,14,11,3,19,16,19,9,11,7,7,16,0,9,10,11,4,11,19,15,7,2,14,16,14,11,9,9,17,11,11,7,3,11,6,9,19,10,11,7,1,13,11,10,10,7,3,14,15,11,7,3,0,16,10,5,9,16,3,16,11,10,15,3,15,7,9,18,16,4,10,0,15,2,11,10,7,7,0,13,0,15,0,1,10,16,19,11,6,14,0,0,0,0,0,0,0,0,0,0,0,0,0,0,0,0,0,0,0,0,0,0,0,0",-0.63778114,0.37199518,3.0,0.006036796,90.522064,0.006166344,1.0,0.006166344,0.39095908,0.0,0.0,0.0,0.006036796,0.0031384733,0.8426979,0.39095908,8.200383,1.3566895,90.522064,-0.63778114,4.1408763,215.61775,0.0,0.0059072482,1.0,215.61775,0.16640383,0.15730207,8.200383,0.0031384733,0.0,0.37199518,0.0,1.3566895,4.1408763,0.0,0.63778114,0.0,0.0,0.63778114,0.56885445,0.0059072482,1.0,0.0,lookahead,fk_orig0_bm2-s0to100br1
/work/T-REX/external/Proteina-Complexa/inference/search_binder_local_pipeline_32_PDL1_ALPHA_REPACK_v7_r004_cand_v7r004_hyp_0004_00_001_af7f7c76a908b/job_0_n_235_id_9_fk_orig1_bm2-s0to100br1/job_0_n_235_id_9_fk_orig1_bm2-s0to100br1.pdb,37,"2,0,13,16,19,16,19,14,11,3,10,18,19,19,6,18,7,15,2,12,16,9,6,4,11,13,14,19,6,11,5,10,3,10,0,0,10,9,19,18,17,6,12,6,3,11,2,9,9,5,13,19,8,7,6,6,3,10,11,19,5,8,15,15,18,1,5,1,0,1,10,10,11,3,5,10,15,10,7,2,0,0,10,5,9,16,3,19,11,10,5,3,0,7,19,18,1,4,12,9,15,18,7,7,0,3,18,11,1,9,16,19,11,19,2,0,0,13,16,19,16,19,14,11,3,10,18,19,19,6,18,7,15,2,12,16,9,6,4,11,13,14,19,6,11,5,10,3,10,0,0,10,9,19,18,17,6,12,6,3,11,2,9,9,5,13,19,8,7,6,6,3,10,11,19,5,8,15,15,18,1,5,1,0,1,10,10,11,3,5,10,15,10,7,2,0,0,10,5,9,16,3,19,11,10,5,3,0,7,19,18,1,4,12,9,15,18,7,7,0,3,18,11,1,9,16,19,11,19,2,0,14,15,15,19",-0.5333954,0.2953301,3.0,0.0468398,83.23086,0.04806705,1.0,0.04806705,0.3204477,0.01244494,0.0,0.0,0.0468398,0.014503641,0.85168254,0.3204477,3.0566647,1.3189082,83.23086,-0.5333954,3.9698164,213.03749,0.0121457605,0.04561255,1.0,213.03749,0.26287404,0.14831747,3.0566647,0.014503641,0.01274412,0.2953301,0.0,1.3189082,3.9698164,0.0121457605,0.5333954,0.0,0.01274412,0.5333954,0.5874136,0.04561255,1.0,0.01244494,lookahead,fk_orig1_bm2-s0to100br1
/work/T-REX/external/Proteina-Complexa/inference/search_binder_local_pipeline_32_PDL1_ALPHA_REPACK_v7_r004_cand_v7r004_hyp_0004_00_001_af7f7c76a908b/job_0_n_184_id_9_fk_orig2_bm2-s0to100br1/job_0_n_184_id_9_fk_orig2_bm2-s0to100br1.pdb,38,"2,0,13,16,19,16,19,14,11,3,10,18,19,19,6,18,7,15,2,12,16,9,6,4,11,13,14,19,6,11,5,10,3,10,0,0,10,9,19,18,17,6,12,6,3,11,2,9,9,5,13,19,8,7,6,6,3,10,11,19,5,8,15,15,18,1,5,1,0,1,10,10,11,3,5,10,15,10,7,2,0,0,10,5,9,16,3,19,11,10,5,3,0,7,19,18,1,4,12,9,15,18,7,7,0,3,18,11,1,9,16,19,11,19,2,0,15,0,15,3,8,18,2,1,7,2,0,10,11,0,0,7,11,10,3,3,0,6,11,6,18,1,6,0,9,1,10,3,14,1,13,0,13,0,8,2,6,10,7,2,19,10,11,6,5,7,11,10,3,6,0,6,11,6,18,1,6,0,10,1,9,12,14,15,0,0,0,0,0,0,0,0,0,0,0,0,0,0,0,0,0,0,0,0,0,0,0,0,0,0,0,0,0,0,0,0,0,0,0,0,0,0,0,0,0,0,0,0,0,0,0,0,0,0,0",-0.15603733,0.06257891,3.0,0.527531,35.434628,0.6060986,1.0,0.6060986,0.12066077,0.527531,0.0,0.0,0.527531,0.001083495,0.95382977,0.12066077,2.8855503,1.1159167,35.434628,-0.15603733,2.1982582,145.73184,0.4489635,0.4489635,1.0,145.73184,0.7822698,0.046170227,2.8855503,0.001083495,0.6060986,0.06257891,0.0,1.1159167,2.1982582,0.4489635,0.15603733,0.0,0.6060986,0.15603733,0.8641763,0.4489635,1.0,0.527531,lookahead,fk_orig2_bm2-s0to100br1
/work/T-REX/external/Proteina-Complexa/inference/search_binder_local_pipeline_32_PDL1_ALPHA_REPACK_v7_r004_cand_v7r004_hyp_0004_00_001_af7f7c76a908b/job_0_n_222_id_9_fk_orig3_bm2-s0to100br1/job_0_n_222_id_9_fk_orig3_bm2-s0to100br1.pdb,39,"2,0,13,16,19,16,19,14,11,3,10,18,19,19,6,18,7,15,2,12,16,9,6,4,11,13,14,19,6,11,5,10,3,10,0,0,10,9,19,18,17,6,12,6,3,11,2,9,9,5,13,19,8,7,6,6,3,10,11,19,5,8,15,15,18,1,5,1,0,1,10,10,11,3,5,10,15,10,7,2,0,0,10,5,9,16,3,19,11,10,5,3,0,7,19,18,1,4,12,9,15,18,7,7,0,3,18,11,1,9,16,19,11,19,2,0,3,9,19,10,16,5,15,14,15,15,10,15,0,15,10,7,3,16,19,16,9,16,4,1,0,15,5,2,9,15,15,18,10,8,17,18,5,5,11,14,2,5,15,14,1,10,10,9,18,0,0,15,16,10,5,15,7,19,14,15,1,13,15,7,15,7,15,7,16,3,13,15,10,11,9,15,15,10,5,14,6,3,13,7,16,18,13,4,5,5,15,2,15,1,13,16,15,0,16,16,11,10,6,9,11,1,0,0,0,0,0,0,0,0,0,0,0,0,0",-0.62711114,0.40025204,3.0,0.0061154305,124.291016,0.006416173,1.0,0.006416173,0.3999401,0.0,0.0,0.0,0.0061154305,0.0025031213,0.79307985,0.3999401,20.796122,1.6263726,124.291016,-0.62711114,4.316321,234.53737,0.0,0.005814688,1.0,234.53737,0.18647882,0.20692015,20.796122,0.0025031213,0.0,0.40025204,0.0,1.6263726,4.316321,0.0,0.62711114,0.0,0.0,0.62711114,0.56007695,0.005814688,1.0,0.0,lookahead,fk_orig3_bm2-s0to100br1
/work/T-REX/external/Proteina-Complexa/inference/search_binder_local_pipeline_32_PDL1_ALPHA_REPACK_v7_r004_cand_v7r004_hyp_0004_00_001_af7f7c76a908b/job_0_n_211_id_10_fk_orig0_bm2-s0to100br2/job_0_n_211_id_10_fk_orig0_bm2-s0to100br2.pdb,40,"2,0,13,16,19,16,19,14,11,3,10,18,19,19,6,18,7,15,2,12,16,9,6,4,11,13,14,19,6,11,5,10,3,10,0,0,10,9,19,18,17,6,12,6,3,11,2,9,9,5,13,19,8,7,6,6,3,10,11,19,5,8,15,15,18,1,5,1,0,1,10,10,11,3,5,10,15,10,7,2,0,0,10,5,9,16,3,19,11,10,5,3,0,7,19,18,1,4,12,9,15,18,7,7,0,3,18,11,1,9,16,19,11,19,2,0,0,13,11,5,11,15,10,15,19,15,6,7,0,2,0,15,10,16,4,19,0,15,5,14,13,16,15,3,19,16,17,10,1,16,15,2,7,5,6,16,16,9,16,15,7,7,1,13,15,9,16,11,3,7,10,6,18,16,10,16,9,16,2,15,5,19,2,3,15,7,19,18,1,4,5,7,18,19,7,16,1,10,19,10,15,3,14,0,6,10,16,19,2,14,0,0,0,0,0,0,0,0,0,0,0,0,0,0,0,0,0,0,0,0,0,0,0,0,0",-0.78090674,0.5859557,3.0,0.0,90.97981,0.0,1.0,0.0,0.4790484,0.0,0.0,0.0,0.0,0.002079733,0.8202054,0.4790484,7.9742746,1.5536728,90.97981,-0.78090674,4.709431,206.2496,0.0,0.0,1.0,206.2496,0.10621666,0.1797946,7.9742746,0.002079733,0.0,0.5859557,0.0,1.5536728,4.709431,0.0,0.78090674,0.0,0.0,0.78090674,0.544274,0.0,1.0,0.0,lookahead,fk_orig0_bm2-s0to100br2
/work/T-REX/external/Proteina-Complexa/inference/search_binder_local_pipeline_32_PDL1_ALPHA_REPACK_v7_r004_cand_v7r004_hyp_0004_00_001_af7f7c76a908b/job_0_n_235_id_10_fk_orig1_bm2-s0to100br2/job_0_n_235_id_10_fk_orig1_bm2-s0to100br2.pdb,41,"2,0,13,16,19,16,19,14,11,3,10,18,19,19,6,18,7,15,2,12,16,9,6,4,11,13,14,19,6,11,5,10,3,10,0,0,10,9,19,18,17,6,12,6,3,11,2,9,9,5,13,19,8,7,6,6,3,10,11,19,5,8,15,15,18,1,5,1,0,1,10,10,11,3,5,10,15,10,7,2,0,0,10,5,9,16,3,19,11,10,5,3,0,7,19,18,1,4,12,9,15,18,7,7,0,3,18,11,1,9,16,19,11,19,2,0,0,13,16,19,16,19,14,11,3,10,18,19,19,6,18,7,15,2,12,16,9,6,4,11,13,14,19,6,11,5,10,3,10,0,0,10,9,19,18,17,6,12,6,3,11,2,9,9,5,13,19,8,7,6,6,3,10,11,19,5,8,15,15,18,1,5,1,0,1,10,10,11,3,5,10,15,10,7,2,0,0,10,5,9,16,3,19,11,10,5,3,0,7,19,18,1,4,12,9,15,18,7,7,0,3,18,11,1,9,16,19,11,19,2,0,8,8,8,8",-0.52794385,0.29085594,3.0,0.05284537,62.270767,0.05418979,1.0,0.05418979,0.3217184,0.012685418,0.0,0.0,0.05284537,0.03357149,0.8453963,0.3217184,5.564971,1.3570458,62.270767,-0.52794385,3.9419086,197.94316,0.012130003,0.05150095,1.0,197.94316,0.2722421,0.15460369,5.564971,0.03357149,0.013240832,0.29085594,0.0,1.3570458,3.9419086,0.012130003,0.52794385,0.0,0.013240832,0.52794385,0.58877885,0.05150095,1.0,0.012685418,lookahead,fk_orig1_bm2-s0to100br2
/work/T-REX/external/Proteina-Complexa/inference/search_binder_local_pipeline_32_PDL1_ALPHA_REPACK_v7_r004_cand_v7r004_hyp_0004_00_001_af7f7c76a908b/job_0_n_184_id_10_fk_orig2_bm2-s0to100br2/job_0_n_184_id_10_fk_orig2_bm2-s0to100br2.pdb,42,"2,0,13,16,19,16,19,14,11,3,10,18,19,19,6,18,7,15,2,12,16,9,6,4,11,13,14,19,6,11,5,10,3,10,0,0,10,9,19,18,17,6,12,6,3,11,2,9,9,5,13,19,8,7,6,6,3,10,11,19,5,8,15,15,18,1,5,1,0,1,10,10,11,3,5,10,15,10,7,2,0,0,10,5,9,16,3,19,11,10,5,3,0,7,19,18,1,4,12,9,15,18,7,7,0,3,18,11,1,9,16,19,11,19,2,0,10,15,3,13,11,14,7,3,6,19,10,10,18,15,10,2,7,6,8,13,19,5,11,14,7,3,15,11,1,18,11,19,11,2,16,10,3,15,0,10,15,15,7,11,19,0,0,19,16,3,18,7,10,1,19,5,10,1,2,7,3,10,11,3,18,5,13,0,0,0,0,0,0,0,0,0,0,0,0,0,0,0,0,0,0,0,0,0,0,0,0,0,0,0,0,0,0,0,0,0,0,0,0,0,0,0,0,0,0,0,0,0,0,0,0,0,0,0,0",-0.21031107,0.085812196,3.0,0.3986007,50.65966,0.45960605,1.0,0.45960605,0.1683542,0.3986007,0.0,0.0,0.3986007,0.0028508236,0.89765733,0.1683542,1.3342876,1.4622507,50.65966,-0.21031107,2.3142219,164.19824,0.33759534,0.33759534,1.0,164.19824,0.73570025,0.10234267,1.3342876,0.0028508236,0.45960605,0.085812196,0.0,1.4622507,2.3142219,0.33759534,0.21031107,0.0,0.45960605,0.21031107,0.8413888,0.33759534,1.0,0.3986007,lookahead,fk_orig2_bm2-s0to100br2
/work/T-REX/external/Proteina-Complexa/inference/search_binder_local_pipeline_32_PDL1_ALPHA_REPACK_v7_r004_cand_v7r004_hyp_0004_00_001_af7f7c76a908b/job_0_n_222_id_10_fk_orig3_bm2-s0to100br2/job_0_n_222_id_10_fk_orig3_bm2-s0to100br2.pdb,43,"2,0,13,16,19,16,19,14,11,3,10,18,19,19,6,18,7,15,2,12,16,9,6,4,11,13,14,19,6,11,5,10,3,10,0,0,10,9,19,18,17,6,12,6,3,11,2,9,9,5,13,19,8,7,6,6,3,10,11,19,5,8,15,15,18,1,5,1,0,1,10,10,11,3,5,10,15,10,7,2,0,0,10,5,9,16,3,19,11,10,5,3,0,7,19,18,1,4,12,9,15,18,7,7,0,3,18,11,1,9,16,19,11,19,2,0,0,13,11,19,9,19,14,11,3,15,18,15,19,16,6,7,2,2,19,16,10,6,4,11,14,3,19,2,6,19,3,12,15,16,10,15,10,18,17,10,3,14,2,2,11,19,10,18,15,9,16,2,7,19,6,16,5,18,7,14,15,1,18,11,10,10,11,6,16,13,15,10,10,9,11,2,16,11,10,5,3,15,7,19,18,11,4,9,19,13,18,7,7,0,3,0,11,11,9,16,10,16,19,16,0,14,0,0,0,0,0,0,0,0,0,0,0,0,0",-0.2703157,0.113161825,3.0,0.29059863,126.10793,0.30179378,1.0,0.30179378,0.19130254,0.29059863,0.0,0.0,0.29059863,0.002915329,0.8908597,0.19130254,23.746552,1.4565845,126.10793,-0.2703157,3.1162708,269.51373,0.27940345,0.27940345,1.0,269.51373,0.64627403,0.10914029,23.746552,0.002915329,0.30179378,0.113161825,0.0,1.4565845,3.1162708,0.27940345,0.2703157,0.0,0.30179378,0.2703157,0.78875303,0.27940345,1.0,0.29059863,lookahead,fk_orig3_bm2-s0to100br2
/work/T-REX/external/Proteina-Complexa/inference/search_binder_local_pipeline_32_PDL1_ALPHA_REPACK_v7_r004_cand_v7r004_hyp_0004_00_001_af7f7c76a908b/job_0_n_211_id_11_fk_orig0_bm2-s0to100br3/job_0_n_211_id_11_fk_orig0_bm2-s0to100br3.pdb,44,"2,0,13,16,19,16,19,14,11,3,10,18,19,19,6,18,7,15,2,12,16,9,6,4,11,13,14,19,6,11,5,10,3,10,0,0,10,9,19,18,17,6,12,6,3,11,2,9,9,5,13,19,8,7,6,6,3,10,11,19,5,8,15,15,18,1,5,1,0,1,10,10,11,3,5,10,15,10,7,2,0,0,10,5,9,16,3,19,11,10,5,3,0,7,19,18,1,4,12,9,15,18,7,7,0,3,18,11,1,9,16,19,11,19,2,0,0,10,16,19,16,19,14,11,3,10,18,16,19,6,6,7,6,2,19,16,10,6,4,11,15,15,5,16,10,16,15,11,16,16,9,16,17,1,11,7,3,16,6,9,16,14,15,6,11,13,6,10,9,11,6,7,11,3,0,15,10,11,9,11,2,0,5,10,5,3,15,7,19,18,10,4,7,19,15,18,7,7,0,3,13,11,16,9,16,10,11,19,2,0,14,0,0,0,0,0,0,0,0,0,0,0,0,0,0,0,0,0,0,0,0,0,0,0,0",-0.64207613,0.37561944,3.0,0.0061947587,87.21448,0.006354706,1.0,0.006354706,0.39346373,0.0,0.0,0.0,0.0061947587,0.0022127754,0.84887815,0.39346373,7.5407925,1.2978978,87.21448,-0.64207613,4.124207,217.70355,0.0,0.0060348115,1.0,217.70355,0.17319924,0.15112185,7.5407925,0.0022127754,0.0,0.37561944,0.0,1.2978978,4.124207,0.0,0.64207613,0.0,0.0,0.64207613,0.5720655,0.0060348115,1.0,0.0,lookahead,fk_orig0_bm2-s0to100br3
/work/T-REX/external/Proteina-Complexa/inference/search_binder_local_pipeline_32_PDL1_ALPHA_REPACK_v7_r004_cand_v7r004_hyp_0004_00_001_af7f7c76a908b/job_0_n_235_id_11_fk_orig1_bm2-s0to100br3/job_0_n_235_id_11_fk_orig1_bm2-s0to100br3.pdb,45,"2,0,13,16,19,16,19,14,11,3,10,18,19,19,6,18,7,15,2,12,16,9,6,4,11,13,14,19,6,11,5,10,3,10,0,0,10,9,19,18,17,6,12,6,3,11,2,9,9,5,13,19,8,7,6,6,3,10,11,19,5,8,15,15,18,1,5,1,0,1,10,10,11,3,5,10,15,10,7,2,0,0,10,5,9,16,3,19,11,10,5,3,0,7,19,18,1,4,12,9,15,18,7,7,0,3,18,11,1,9,16,19,11,19,2,0,13,16,19,16,19,14,11,3,10,18,19,19,6,18,7,15,2,12,16,9,6,4,11,13,14,19,6,11,5,10,3,10,0,0,10,9,19,18,17,6,12,6,3,11,2,9,9,5,13,19,8,7,6,6,3,10,11,19,5,8,15,15,18,1,5,1,0,1,10,10,11,3,5,10,15,10,7,2,0,0,10,5,9,16,3,19,11,10,5,3,0,7,19,18,1,4,12,9,15,18,7,7,0,3,18,11,1,9,16,19,11,19,2,0,14,10,6,19,10",-0.55423284,0.31701905,3.0,0.033231925,60.085934,0.036721423,1.0,0.036721423,0.32848647,0.011497982,0.0,0.0,0.033231925,0.005964218,0.8577977,0.32848647,4.6870117,1.358285,60.085934,-0.55423284,4.0256376,197.1365,0.011051463,0.029742425,1.0,197.1365,0.25280115,0.14220232,4.6870117,0.005964218,0.011944501,0.31701905,0.0,1.358285,4.0256376,0.011051463,0.55423284,0.0,0.011944501,0.55423284,0.5828091,0.029742425,1.0,0.011497982,lookahead,fk_orig1_bm2-s0to100br3
/work/T-REX/external/Proteina-Complexa/inference/search_binder_local_pipeline_32_PDL1_ALPHA_REPACK_v7_r004_cand_v7r004_hyp_0004_00_001_af7f7c76a908b/job_0_n_184_id_11_fk_orig2_bm2-s0to100br3/job_0_n_184_id_11_fk_orig2_bm2-s0to100br3.pdb,46,"2,0,13,16,19,16,19,14,11,3,10,18,19,19,6,18,7,15,2,12,16,9,6,4,11,13,14,19,6,11,5,10,3,10,0,0,10,9,19,18,17,6,12,6,3,11,2,9,9,5,13,19,8,7,6,6,3,10,11,19,5,8,15,15,18,1,5,1,0,1,10,10,11,3,5,10,15,10,7,2,0,0,10,5,9,16,3,19,11,10,5,3,0,7,19,18,1,4,12,9,15,18,7,7,0,3,18,11,1,9,16,19,11,19,2,0,2,10,0,0,10,8,0,3,10,5,5,4,19,3,3,2,1,0,11,13,6,2,6,5,11,0,9,13,18,4,0,16,16,11,15,1,11,18,19,11,0,6,13,14,14,16,18,10,1,6,9,0,6,0,11,2,19,6,6,19,19,6,9,10,1,14,13,10,0,0,0,0,0,0,0,0,0,0,0,0,0,0,0,0,0,0,0,0,0,0,0,0,0,0,0,0,0,0,0,0,0,0,0,0,0,0,0,0,0,0,0,0,0,0,0,0,0,0,0",-0.48703626,0.28108802,3.0,0.049952343,101.4376,0.0519604,1.0,0.0519604,0.3553645,0.013881376,0.0,0.0,0.049952343,0.0025793638,0.7415242,0.3553645,8.189571,2.0371761,101.4376,-0.48703626,3.4996378,242.5513,0.013180492,0.04794429,1.0,242.5513,0.29366648,0.2584758,8.189571,0.0025793638,0.014582259,0.28108802,0.0,2.0371761,3.4996378,0.013180492,0.48703626,0.0,0.014582259,0.48703626,0.6720187,0.04794429,1.0,0.013881376,lookahead,fk_orig2_bm2-s0to100br3
/work/T-REX/external/Proteina-Complexa/inference/search_binder_local_pipeline_32_PDL1_ALPHA_REPACK_v7_r004_cand_v7r004_hyp_0004_00_001_af7f7c76a908b/job_0_n_222_id_11_fk_orig3_bm2-s0to100br3/job_0_n_222_id_11_fk_orig3_bm2-s0to100br3.pdb,47,"2,0,13,16,19,16,19,14,11,3,10,18,19,19,6,18,7,15,2,12,16,9,6,4,11,13,14,19,6,11,5,10,3,10,0,0,10,9,19,18,17,6,12,6,3,11,2,9,9,5,13,19,8,7,6,6,3,10,11,19,5,8,15,15,18,1,5,1,0,1,10,10,11,3,5,10,15,10,7,2,0,0,10,5,9,16,3,19,11,10,5,3,0,7,19,18,1,4,12,9,15,18,7,7,0,3,18,11,1,9,16,19,11,19,2,0,3,9,5,10,16,5,15,14,0,15,10,15,0,15,10,7,3,16,19,16,9,16,4,1,0,15,5,2,9,15,15,15,10,8,17,13,5,6,11,14,7,11,15,14,1,10,10,9,11,18,0,15,5,10,5,15,7,19,14,15,1,13,15,7,15,7,15,7,16,3,13,15,10,11,9,15,15,10,5,15,6,3,13,7,2,18,9,4,5,5,15,18,15,15,14,10,16,15,0,16,16,1,10,6,9,11,0,0,0,0,0,0,0,0,0,0,0,0,0",-0.66635317,0.43777955,3.0,0.005608408,125.53269,0.005690459,1.0,0.005690459,0.3954875,0.0,0.0,0.0,0.005608408,0.0016741039,0.8501782,0.3954875,24.819538,1.3913991,125.53269,-0.66635317,4.286,232.27846,0.0,0.0055263564,1.0,232.27846,0.16181934,0.1498218,24.819538,0.0016741039,0.0,0.43777955,0.0,1.3913991,4.286,0.0,0.66635317,0.0,0.0,0.66635317,0.545559,0.0055263564,1.0,0.0,lookahead,fk_orig3_bm2-s0to100br3
/work/T-REX/external/Proteina-Complexa/inference/search_binder_local_pipeline_32_PDL1_ALPHA_REPACK_v7_r004_cand_v7r004_hyp_0004_00_001_af7f7c76a908b/job_0_n_211_id_12_fk_orig0_bm3-s0to100br0/job_0_n_211_id_12_fk_orig0_bm3-s0to100br0.pdb,48,"2,0,13,16,19,16,19,14,11,3,10,18,19,19,6,18,7,15,2,12,16,9,6,4,11,13,14,19,6,11,5,10,3,10,0,0,10,9,19,18,17,6,12,6,3,11,2,9,9,5,13,19,8,7,6,6,3,10,11,19,5,8,15,15,18,1,5,1,0,1,10,10,11,3,5,10,15,10,7,2,0,0,10,5,9,16,3,19,11,10,5,3,0,7,19,18,1,4,12,9,15,18,7,7,0,3,18,11,1,9,16,19,11,19,2,0,14,19,19,16,19,14,11,14,10,18,15,19,6,6,7,0,2,19,16,10,6,4,11,19,15,7,15,14,16,14,15,9,9,17,11,2,14,3,3,5,16,9,16,13,7,7,1,13,5,14,0,7,3,10,15,11,7,2,0,15,10,10,9,11,3,0,11,14,6,3,15,7,16,18,16,4,10,0,7,2,11,10,7,10,3,3,11,16,9,16,10,8,19,16,0,0,0,0,0,0,0,0,0,0,0,0,0,0,0,0,0,0,0,0,0,0,0,0,0",-0.70070684,0.46812052,3.0,0.005230541,130.37592,0.0053621246,1.0,0.0053621246,0.42866433,0.0,0.0,0.0,0.005230541,0.0029356338,0.82610226,0.42866433,10.481498,1.40404,130.37592,-0.70070684,4.3929915,225.33762,0.0,0.005098957,1.0,225.33762,0.13944635,0.17389776,10.481498,0.0029356338,0.0,0.46812052,0.0,1.40404,4.3929915,0.0,0.70070684,0.0,0.0,0.70070684,0.55742234,0.005098957,1.0,0.0,lookahead,fk_orig0_bm3-s0to100br0
/work/T-REX/external/Proteina-Complexa/inference/search_binder_local_pipeline_32_PDL1_ALPHA_REPACK_v7_r004_cand_v7r004_hyp_0004_00_001_af7f7c76a908b/job_0_n_235_id_12_fk_orig1_bm3-s0to100br0/job_0_n_235_id_12_fk_orig1_bm3-s0to100br0.pdb,49,"2,0,13,16,19,16,19,14,11,3,10,18,19,19,6,18,7,15,2,12,16,9,6,4,11,13,14,19,6,11,5,10,3,10,0,0,10,9,19,18,17,6,12,6,3,11,2,9,9,5,13,19,8,7,6,6,3,10,11,19,5,8,15,15,18,1,5,1,0,1,10,10,11,3,5,10,15,10,7,2,0,0,10,5,9,16,3,19,11,10,5,3,0,7,19,18,1,4,12,9,15,18,7,7,0,3,18,11,1,9,16,19,11,19,2,0,0,13,16,19,16,19,14,11,3,10,18,19,19,6,18,7,15,2,12,16,9,6,4,11,13,14,19,6,11,5,10,3,10,0,0,10,9,19,18,17,6,12,6,3,11,2,9,9,5,13,19,8,7,6,6,3,10,11,19,5,8,15,15,18,1,5,1,0,1,10,10,11,3,5,10,15,10,7,2,0,0,10,5,9,16,3,19,11,10,5,3,0,7,19,18,1,4,12,9,15,18,7,7,0,3,18,11,1,9,16,19,11,19,2,0,8,8,8,8",-0.5295028,0.2880063,3.0,0.05164638,83.68279,0.05382911,1.0,0.05382911,0.3222588,0.0125473915,0.0,0.0,0.05164638,0.033561416,0.8457552,0.3222588,3.7146063,1.3575132,83.68279,-0.5295028,3.9484553,213.37498,0.012297003,0.04946365,1.0,213.37498,0.26838827,0.1542448,3.7146063,0.033561416,0.01279778,0.2880063,0.0,1.3575132,3.9484553,0.012297003,0.5295028,0.0,0.01279778,0.5295028,0.58635724,0.04946365,1.0,0.0125473915,lookahead,fk_orig1_bm3-s0to100br0
/work/T-REX/external/Proteina-Complexa/inference/search_binder_local_pipeline_32_PDL1_ALPHA_REPACK_v7_r004_cand_v7r004_hyp_0004_00_001_af7f7c76a908b/job_0_n_184_id_12_fk_orig2_bm3-s0to100br0/job_0_n_184_id_12_fk_orig2_bm3-s0to100br0.pdb,50,"2,0,13,16,19,16,19,14,11,3,10,18,19,19,6,18,7,15,2,12,16,9,6,4,11,13,14,19,6,11,5,10,3,10,0,0,10,9,19,18,17,6,12,6,3,11,2,9,9,5,13,19,8,7,6,6,3,10,11,19,5,8,15,15,18,1,5,1,0,1,10,10,11,3,5,10,15,10,7,2,0,0,10,5,9,16,3,19,11,10,5,3,0,7,19,18,1,4,12,9,15,18,7,7,0,3,18,11,1,9,16,19,11,19,2,0,19,10,16,7,3,3,19,11,6,0,5,5,18,10,11,6,10,7,18,18,3,7,14,19,3,7,9,18,7,10,0,16,6,0,0,19,11,11,13,5,5,6,15,7,18,15,10,14,19,3,7,9,0,7,10,6,16,11,13,0,10,11,0,0,10,1,5,11,0,0,0,0,0,0,0,0,0,0,0,0,0,0,0,0,0,0,0,0,0,0,0,0,0,0,0,0,0,0,0,0,0,0,0,0,0,0,0,0,0,0,0,0,0,0,0,0,0,0,0",-0.50467604,0.28066248,3.0,0.037123784,77.35387,0.040714644,1.0,0.040714644,0.3565605,0.013950316,0.0,0.0,0.037123784,0.0031474093,0.7962581,0.3565605,5.3251934,1.6322345,77.35387,-0.50467604,3.7337875,210.66351,0.0138433995,0.033532925,1.0,210.66351,0.26781264,0.2037419,5.3251934,0.0031474093,0.014057233,0.28066248,0.0,1.6322345,3.7337875,0.0138433995,0.50467604,0.0,0.014057233,0.50467604,0.66178507,0.033532925,1.0,0.013950316,lookahead,fk_orig2_bm3-s0to100br0
/work/T-REX/external/Proteina-Complexa/inference/search_binder_local_pipeline_32_PDL1_ALPHA_REPACK_v7_r004_cand_v7r004_hyp_0004_00_001_af7f7c76a908b/job_0_n_222_id_12_fk_orig3_bm3-s0to100br0/job_0_n_222_id_12_fk_orig3_bm3-s0to100br0.pdb,51,"2,0,13,16,19,16,19,14,11,3,10,18,19,19,6,18,7,15,2,12,16,9,6,4,11,13,14,19,6,11,5,10,3,10,0,0,10,9,19,18,17,6,12,6,3,11,2,9,9,5,13,19,8,7,6,6,3,10,11,19,5,8,15,15,18,1,5,1,0,1,10,10,11,3,5,10,15,10,7,2,0,0,10,5,9,16,3,19,11,10,5,3,0,7,19,18,1,4,12,9,15,18,7,7,0,3,18,11,1,9,16,19,11,19,2,0,13,16,19,16,19,14,11,3,10,18,19,19,6,18,7,15,2,12,16,9,6,4,11,13,14,19,6,11,5,10,3,10,0,0,10,9,19,18,17,6,12,6,3,11,2,9,9,5,13,19,8,7,6,6,3,10,11,19,5,8,15,15,18,1,5,1,0,1,10,10,11,3,5,10,15,10,7,2,0,0,10,5,9,16,3,19,11,10,5,3,0,7,19,18,1,4,12,9,15,18,7,7,0,3,18,11,0,0,0,0,0,0,0,0,0,0,0,0,0",-0.54983944,0.30847046,3.0,0.029292239,105.631386,0.029459512,1.0,0.029459512,0.3290777,0.012050455,0.0,0.0,0.029292239,0.0015776944,0.8607385,0.3290777,10.218409,1.311949,105.631386,-0.54983944,3.8460307,215.96747,0.01166524,0.029124966,1.0,215.96747,0.2440764,0.13926148,10.218409,0.0015776944,0.01243567,0.30847046,0.0,1.311949,3.8460307,0.01166524,0.54983944,0.0,0.01243567,0.54983944,0.59293354,0.029124966,1.0,0.012050455,lookahead,fk_orig3_bm3-s0to100br0
/work/T-REX/external/Proteina-Complexa/inference/search_binder_local_pipeline_32_PDL1_ALPHA_REPACK_v7_r004_cand_v7r004_hyp_0004_00_001_af7f7c76a908b/job_0_n_211_id_13_fk_orig0_bm3-s0to100br1/job_0_n_211_id_13_fk_orig0_bm3-s0to100br1.pdb,52,"2,0,13,16,19,16,19,14,11,3,10,18,19,19,6,18,7,15,2,12,16,9,6,4,11,13,14,19,6,11,5,10,3,10,0,0,10,9,19,18,17,6,12,6,3,11,2,9,9,5,13,19,8,7,6,6,3,10,11,19,5,8,15,15,18,1,5,1,0,1,10,10,11,3,5,10,15,10,7,2,0,0,10,5,9,16,3,19,11,10,5,3,0,7,19,18,1,4,12,9,15,18,7,7,0,3,18,11,1,9,16,19,11,19,2,0,13,16,19,16,19,14,11,3,10,18,15,19,19,6,7,15,2,19,16,10,6,4,11,19,15,19,15,15,14,3,10,6,19,18,17,13,11,7,3,11,5,9,10,14,15,3,11,13,11,13,16,7,3,9,16,11,7,2,0,15,10,5,9,11,2,0,16,10,5,3,15,7,10,18,16,4,13,19,11,18,7,7,0,3,18,11,16,19,16,10,15,19,11,0,14,0,0,0,0,0,0,0,0,0,0,0,0,0,0,0,0,0,0,0,0,0,0,0,0",-0.5813037,0.33328745,3.0,0.013749272,73.89612,0.02099743,1.0,0.02099743,0.3731581,0.0061222888,0.0,0.0,0.013749272,0.0026689575,0.81964815,0.3731581,3.3760161,1.539447,73.89612,-0.5813037,4.0074234,229.07489,0.0,0.006501113,1.0,229.07489,0.23714869,0.18035187,3.3760161,0.0026689575,0.0122445775,0.33328745,0.0,1.539447,4.0074234,0.0,0.5813037,0.0,0.0122445775,0.5813037,0.6020283,0.006501113,1.0,0.0061222888,lookahead,fk_orig0_bm3-s0to100br1
/work/T-REX/external/Proteina-Complexa/inference/search_binder_local_pipeline_32_PDL1_ALPHA_REPACK_v7_r004_cand_v7r004_hyp_0004_00_001_af7f7c76a908b/job_0_n_235_id_13_fk_orig1_bm3-s0to100br1/job_0_n_235_id_13_fk_orig1_bm3-s0to100br1.pdb,53,"2,0,13,16,19,16,19,14,11,3,10,18,19,19,6,18,7,15,2,12,16,9,6,4,11,13,14,19,6,11,5,10,3,10,0,0,10,9,19,18,17,6,12,6,3,11,2,9,9,5,13,19,8,7,6,6,3,10,11,19,5,8,15,15,18,1,5,1,0,1,10,10,11,3,5,10,15,10,7,2,0,0,10,5,9,16,3,19,11,10,5,3,0,7,19,18,1,4,12,9,15,18,7,7,0,3,18,11,1,9,16,19,11,19,2,0,2,0,13,16,19,16,19,14,11,3,10,18,19,19,6,18,7,15,2,12,16,9,6,4,11,13,14,19,6,11,5,10,3,10,0,0,10,9,19,18,17,6,12,6,3,11,2,9,9,5,13,19,8,7,6,6,3,10,11,19,5,8,15,15,18,1,5,1,0,1,10,10,11,3,5,10,15,10,7,2,0,0,10,5,9,16,3,19,11,10,5,3,0,7,19,18,1,4,12,9,15,18,7,7,0,3,18,11,1,9,16,19,11,19,2,0,14,11,0",-0.54458815,0.30675614,3.0,0.038590394,66.353546,0.04074605,1.0,0.04074605,0.32303977,0.011782564,0.0,0.0,0.038590394,0.006721993,0.8560059,0.32303977,3.5127254,1.3072141,66.353546,-0.54458815,3.9802341,198.56786,0.011512056,0.036434732,1.0,198.56786,0.25184447,0.14399406,3.5127254,0.006721993,0.012053072,0.30675614,0.0,1.3072141,3.9802341,0.011512056,0.54458815,0.0,0.012053072,0.54458815,0.5843427,0.036434732,1.0,0.011782564,lookahead,fk_orig1_bm3-s0to100br1
/work/T-REX/external/Proteina-Complexa/inference/search_binder_local_pipeline_32_PDL1_ALPHA_REPACK_v7_r004_cand_v7r004_hyp_0004_00_001_af7f7c76a908b/job_0_n_184_id_13_fk_orig2_bm3-s0to100br1/job_0_n_184_id_13_fk_orig2_bm3-s0to100br1.pdb,54,"2,0,13,16,19,16,19,14,11,3,10,18,19,19,6,18,7,15,2,12,16,9,6,4,11,13,14,19,6,11,5,10,3,10,0,0,10,9,19,18,17,6,12,6,3,11,2,9,9,5,13,19,8,7,6,6,3,10,11,19,5,8,15,15,18,1,5,1,0,1,10,10,11,3,5,10,15,10,7,2,0,0,10,5,9,16,3,19,11,10,5,3,0,7,19,18,1,4,12,9,15,18,7,7,0,3,18,11,1,9,16,19,11,19,2,0,0,6,15,8,14,19,19,19,0,0,11,5,0,11,3,18,0,11,1,18,2,6,16,7,11,10,6,3,10,6,6,0,1,11,5,13,6,19,0,11,8,13,15,7,18,19,11,6,6,6,19,1,5,6,0,10,11,19,10,11,6,0,6,16,6,10,2,11,0,0,0,0,0,0,0,0,0,0,0,0,0,0,0,0,0,0,0,0,0,0,0,0,0,0,0,0,0,0,0,0,0,0,0,0,0,0,0,0,0,0,0,0,0,0,0,0,0,0,0",-0.25154114,0.11329651,3.0,0.2523095,42.318638,0.29804274,1.0,0.29804274,0.18521184,0.25210083,0.0,0.0,0.2523095,0.0035938944,0.8965524,0.18521184,2.576418,1.3072132,42.318638,-0.25154114,2.5464895,157.89874,0.20657626,0.20657626,1.0,157.89874,0.61782616,0.10344762,2.576418,0.0035938944,0.2976254,0.11329651,0.0,1.3072132,2.5464895,0.20657626,0.25154114,0.0,0.2976254,0.25154114,0.7942792,0.20657626,1.0,0.25210083,lookahead,fk_orig2_bm3-s0to100br1
/work/T-REX/external/Proteina-Complexa/inference/search_binder_local_pipeline_32_PDL1_ALPHA_REPACK_v7_r004_cand_v7r004_hyp_0004_00_001_af7f7c76a908b/job_0_n_222_id_13_fk_orig3_bm3-s0to100br1/job_0_n_222_id_13_fk_orig3_bm3-s0to100br1.pdb,55,"2,0,13,16,19,16,19,14,11,3,10,18,19,19,6,18,7,15,2,12,16,9,6,4,11,13,14,19,6,11,5,10,3,10,0,0,10,9,19,18,17,6,12,6,3,11,2,9,9,5,13,19,8,7,6,6,3,10,11,19,5,8,15,15,18,1,5,1,0,1,10,10,11,3,5,10,15,10,7,2,0,0,10,5,9,16,3,19,11,10,5,3,0,7,19,18,1,4,12,9,15,18,7,7,0,3,18,11,1,9,16,19,11,19,2,0,2,0,13,16,19,16,19,14,11,3,10,18,19,19,6,18,7,15,2,12,16,9,6,4,11,13,14,19,6,11,5,10,3,10,0,0,10,9,19,18,17,6,12,6,3,11,2,9,9,5,13,19,8,7,6,6,11,5,11,8,5,1,0,1,10,2,19,15,2,0,0,10,5,9,16,3,19,11,10,5,3,0,7,19,18,1,4,12,9,15,18,7,7,0,3,18,11,1,9,16,19,11,19,2,0,14,0,0,0,0,0,0,0,0,0,0,0,0,0",-0.57170135,0.33437127,3.0,0.024256263,120.936104,0.027418757,1.0,0.027418757,0.35579666,0.0059256237,0.0,0.0,0.024256263,0.0050246525,0.83151907,0.35579666,15.821419,1.4330453,120.936104,-0.57170135,4.0243087,227.09116,0.0,0.021093767,1.0,227.09116,0.2391561,0.16848095,15.821419,0.0050246525,0.011851247,0.33437127,0.0,1.4330453,4.0243087,0.0,0.57170135,0.0,0.011851247,0.57170135,0.58505857,0.021093767,1.0,0.0059256237,lookahead,fk_orig3_bm3-s0to100br1
/work/T-REX/external/Proteina-Complexa/inference/search_binder_local_pipeline_32_PDL1_ALPHA_REPACK_v7_r004_cand_v7r004_hyp_0004_00_001_af7f7c76a908b/job_0_n_211_id_14_fk_orig0_bm3-s0to100br2/job_0_n_211_id_14_fk_orig0_bm3-s0to100br2.pdb,56,"2,0,13,16,19,16,19,14,11,3,10,18,19,19,6,18,7,15,2,12,16,9,6,4,11,13,14,19,6,11,5,10,3,10,0,0,10,9,19,18,17,6,12,6,3,11,2,9,9,5,13,19,8,7,6,6,3,10,11,19,5,8,15,15,18,1,5,1,0,1,10,10,11,3,5,10,15,10,7,2,0,0,10,5,9,16,3,19,11,10,5,3,0,7,19,18,1,4,12,9,15,18,7,7,0,3,18,11,1,9,16,19,11,19,2,0,19,10,16,13,14,11,14,15,18,15,19,16,6,7,3,15,19,16,10,6,4,11,0,15,5,6,10,16,15,3,19,19,17,11,11,7,3,2,5,16,9,6,6,15,3,1,13,11,9,10,11,2,3,14,11,3,0,15,10,10,9,11,3,0,11,14,15,3,15,7,10,18,1,4,10,7,0,16,19,6,7,10,0,3,15,3,7,0,5,10,16,19,16,10,0,0,0,0,0,0,0,0,0,0,0,0,0,0,0,0,0,0,0,0,0,0,0,0,0",-0.6708081,0.43486637,3.0,0.005640579,98.314095,0.00584555,1.0,0.00584555,0.43617457,0.0,0.0,0.0,0.005640579,0.00410299,0.77925944,0.43617457,10.679773,1.814078,98.314095,-0.6708081,4.414054,232.19775,0.0,0.005435608,1.0,232.19775,0.16253465,0.22074056,10.679773,0.00410299,0.0,0.43486637,0.0,1.814078,4.414054,0.0,0.6708081,0.0,0.0,0.6708081,0.56659317,0.005435608,1.0,0.0,lookahead,fk_orig0_bm3-s0to100br2
/work/T-REX/external/Proteina-Complexa/inference/search_binder_local_pipeline_32_PDL1_ALPHA_REPACK_v7_r004_cand_v7r004_hyp_0004_00_001_af7f7c76a908b/job_0_n_235_id_14_fk_orig1_bm3-s0to100br2/job_0_n_235_id_14_fk_orig1_bm3-s0to100br2.pdb,57,"2,0,13,16,19,16,19,14,11,3,10,18,19,19,6,18,7,15,2,12,16,9,6,4,11,13,14,19,6,11,5,10,3,10,0,0,10,9,19,18,17,6,12,6,3,11,2,9,9,5,13,19,8,7,6,6,3,10,11,19,5,8,15,15,18,1,5,1,0,1,10,10,11,3,5,10,15,10,7,2,0,0,10,5,9,16,3,19,11,10,5,3,0,7,19,18,1,4,12,9,15,18,7,7,0,3,18,11,1,9,16,19,11,19,2,0,0,13,16,19,16,19,14,11,3,10,18,19,19,6,18,7,15,2,12,16,9,6,4,11,13,14,19,6,11,5,10,3,10,0,0,10,9,19,18,17,6,12,6,3,11,2,9,9,5,13,19,8,7,6,6,3,10,11,19,5,8,15,15,18,1,5,1,0,1,10,10,11,3,5,10,15,10,7,2,0,0,10,5,9,16,3,19,11,10,5,3,0,7,19,18,1,4,12,9,15,18,7,7,0,3,18,11,1,9,16,19,11,19,2,0,14,14,10,14",-0.5440732,0.30825225,3.0,0.042191908,106.15264,0.045277108,1.0,0.045277108,0.32410288,0.011721778,0.0,0.0,0.042191908,0.012515983,0.84874165,0.32410288,9.774145,1.3407997,106.15264,-0.5440732,3.9949815,209.90761,0.011428952,0.039106708,1.0,209.90761,0.2597619,0.15125833,9.774145,0.012515983,0.012014603,0.30825225,0.0,1.3407997,3.9949815,0.011428952,0.5440732,0.0,0.012014603,0.5440732,0.5869717,0.039106708,1.0,0.011721778,lookahead,fk_orig1_bm3-s0to100br2
/work/T-REX/external/Proteina-Complexa/inference/search_binder_local_pipeline_32_PDL1_ALPHA_REPACK_v7_r004_cand_v7r004_hyp_0004_00_001_af7f7c76a908b/job_0_n_184_id_14_fk_orig2_bm3-s0to100br2/job_0_n_184_id_14_fk_orig2_bm3-s0to100br2.pdb,58,"2,0,13,16,19,16,19,14,11,3,10,18,19,19,6,18,7,15,2,12,16,9,6,4,11,13,14,19,6,11,5,10,3,10,0,0,10,9,19,18,17,6,12,6,3,11,2,9,9,5,13,19,8,7,6,6,3,10,11,19,5,8,15,15,18,1,5,1,0,1,10,10,11,3,5,10,15,10,7,2,0,0,10,5,9,16,3,19,11,10,5,3,0,7,19,18,1,4,12,9,15,18,7,7,0,3,18,11,1,9,16,19,11,19,2,0,2,15,6,9,19,7,11,11,10,9,6,3,10,11,15,15,3,6,13,19,1,10,11,0,0,10,6,10,11,3,10,9,11,11,16,7,18,5,6,7,11,6,10,10,10,6,10,10,6,11,6,16,15,6,8,19,11,2,0,9,1,5,16,10,6,6,13,15,0,0,0,0,0,0,0,0,0,0,0,0,0,0,0,0,0,0,0,0,0,0,0,0,0,0,0,0,0,0,0,0,0,0,0,0,0,0,0,0,0,0,0,0,0,0,0,0,0,0,0",-0.28881872,0.12440856,3.0,0.24113652,54.96268,0.26999757,1.0,0.26999757,0.22953343,0.24023315,0.0,0.0,0.24113652,0.004761491,0.80552423,0.22953343,1.6423723,1.982017,54.96268,-0.28881872,2.8997328,206.95215,0.2110162,0.21227549,1.0,206.95215,0.60556173,0.19447577,1.6423723,0.004761491,0.2694501,0.12440856,0.0,1.982017,2.8997328,0.2110162,0.28881872,0.0,0.2694501,0.28881872,0.7876109,0.21227549,1.0,0.24023315,lookahead,fk_orig2_bm3-s0to100br2
/work/T-REX/external/Proteina-Complexa/inference/search_binder_local_pipeline_32_PDL1_ALPHA_REPACK_v7_r004_cand_v7r004_hyp_0004_00_001_af7f7c76a908b/job_0_n_222_id_14_fk_orig3_bm3-s0to100br2/job_0_n_222_id_14_fk_orig3_bm3-s0to100br2.pdb,59,"2,0,13,16,19,16,19,14,11,3,10,18,19,19,6,18,7,15,2,12,16,9,6,4,11,13,14,19,6,11,5,10,3,10,0,0,10,9,19,18,17,6,12,6,3,11,2,9,9,5,13,19,8,7,6,6,3,10,11,19,5,8,15,15,18,1,5,1,0,1,10,10,11,3,5,10,15,10,7,2,0,0,10,5,9,16,3,19,11,10,5,3,0,7,19,18,1,4,12,9,15,18,7,7,0,3,18,11,1,9,16,19,11,19,2,0,0,13,16,19,16,19,14,11,3,10,18,19,19,6,18,7,15,2,12,16,9,6,4,11,13,14,19,6,11,5,10,3,10,0,0,10,9,19,18,17,6,12,6,3,11,2,9,9,19,8,7,6,6,5,8,15,15,18,1,5,1,0,1,10,15,10,15,10,7,2,0,0,10,5,9,16,3,19,11,10,5,3,0,7,19,18,1,4,12,9,15,18,7,7,0,3,18,11,1,9,16,19,11,19,2,0,0,0,0,0,0,0,0,0,0,0,0,0,0",-0.57408434,0.33009496,3.0,0.024096385,108.87198,0.029174399,1.0,0.029174399,0.36995926,0.005935073,0.0,0.0,0.024096385,0.0031248168,0.79533106,0.36995926,12.728497,1.5702127,108.87198,-0.57408434,4.004217,229.39294,0.0,0.019018373,1.0,229.39294,0.24861334,0.20466895,12.728497,0.0031248168,0.011870146,0.33009496,0.0,1.5702127,4.004217,0.0,0.57408434,0.0,0.011870146,0.57408434,0.5877303,0.019018373,1.0,0.005935073,lookahead,fk_orig3_bm3-s0to100br2
/work/T-REX/external/Proteina-Complexa/inference/search_binder_local_pipeline_32_PDL1_ALPHA_REPACK_v7_r004_cand_v7r004_hyp_0004_00_001_af7f7c76a908b/job_0_n_211_id_15_fk_orig0_bm3-s0to100br3/job_0_n_211_id_15_fk_orig0_bm3-s0to100br3.pdb,60,"2,0,13,16,19,16,19,14,11,3,10,18,19,19,6,18,7,15,2,12,16,9,6,4,11,13,14,19,6,11,5,10,3,10,0,0,10,9,19,18,17,6,12,6,3,11,2,9,9,5,13,19,8,7,6,6,3,10,11,19,5,8,15,15,18,1,5,1,0,1,10,10,11,3,5,10,15,10,7,2,0,0,10,5,9,16,3,19,11,10,5,3,0,7,19,18,1,4,12,9,15,18,7,7,0,3,18,11,1,9,16,19,11,19,2,0,10,19,10,16,5,14,11,11,10,18,15,19,16,6,7,0,15,19,16,10,6,4,16,0,15,6,16,10,16,15,2,19,15,17,11,11,2,3,5,14,19,3,10,15,3,14,1,13,5,3,10,16,15,7,16,2,0,15,10,5,9,15,2,19,1,14,6,3,15,7,19,18,5,4,10,0,7,15,15,11,7,10,7,15,15,0,7,0,5,10,10,19,16,0,11,0,0,0,0,0,0,0,0,0,0,0,0,0,0,0,0,0,0,0,0,0,0,0,0",-0.54558945,0.30883974,3.0,0.035102837,62.86938,0.038025934,1.0,0.038025934,0.35614833,0.012314978,0.0,0.0,0.035102837,0.0029051858,0.8214075,0.35614833,3.1952813,1.6663488,62.86938,-0.54558945,4.003599,213.52377,0.011603316,0.03217974,1.0,213.52377,0.26884812,0.17859249,3.1952813,0.0029051858,0.01302664,0.30883974,0.0,1.6663488,4.003599,0.011603316,0.54558945,0.0,0.01302664,0.54558945,0.61676675,0.03217974,1.0,0.012314978,lookahead,fk_orig0_bm3-s0to100br3
/work/T-REX/external/Proteina-Complexa/inference/search_binder_local_pipeline_32_PDL1_ALPHA_REPACK_v7_r004_cand_v7r004_hyp_0004_00_001_af7f7c76a908b/job_0_n_235_id_15_fk_orig1_bm3-s0to100br3/job_0_n_235_id_15_fk_orig1_bm3-s0to100br3.pdb,61,"2,0,13,16,19,16,19,14,11,3,10,18,19,19,6,18,7,15,2,12,16,9,6,4,11,13,14,19,6,11,5,10,3,10,0,0,10,9,19,18,17,6,12,6,3,11,2,9,9,5,13,19,8,7,6,6,3,10,11,19,5,8,15,15,18,1,5,1,0,1,10,10,11,3,5,10,15,10,7,2,0,0,10,5,9,16,3,19,11,10,5,3,0,7,19,18,1,4,12,9,15,18,7,7,0,3,18,11,1,9,16,19,11,19,2,0,2,0,13,16,19,16,19,14,11,3,10,18,19,19,6,18,7,15,2,12,16,9,6,4,11,13,14,19,6,11,5,10,3,10,0,0,10,9,19,18,17,6,12,6,3,11,2,9,9,5,13,19,8,7,6,6,3,10,11,19,5,8,15,15,18,1,5,1,0,1,10,10,11,3,5,10,15,10,7,2,0,0,10,5,9,16,3,19,11,10,5,3,0,7,19,18,1,4,12,9,15,18,7,7,0,3,18,11,1,9,16,19,11,19,2,0,19,11,16",-0.53408605,0.30032545,3.0,0.047216944,62.09373,0.05025714,1.0,0.05025714,0.32073453,0.012361984,0.0,0.0,0.047216944,0.0071310024,0.8510921,0.32073453,4.88436,1.330789,62.09373,-0.53408605,3.9464166,194.74843,0.012014393,0.04417675,1.0,194.74843,0.2655484,0.14890793,4.88436,0.0071310024,0.012709575,0.30032545,0.0,1.330789,3.9464166,0.012014393,0.53408605,0.0,0.012709575,0.53408605,0.58908063,0.04417675,1.0,0.012361984,lookahead,fk_orig1_bm3-s0to100br3
/work/T-REX/external/Proteina-Complexa/inference/search_binder_local_pipeline_32_PDL1_ALPHA_REPACK_v7_r004_cand_v7r004_hyp_0004_00_001_af7f7c76a908b/job_0_n_184_id_15_fk_orig2_bm3-s0to100br3/job_0_n_184_id_15_fk_orig2_bm3-s0to100br3.pdb,62,"2,0,13,16,19,16,19,14,11,3,10,18,19,19,6,18,7,15,2,12,16,9,6,4,11,13,14,19,6,11,5,10,3,10,0,0,10,9,19,18,17,6,12,6,3,11,2,9,9,5,13,19,8,7,6,6,3,10,11,19,5,8,15,15,18,1,5,1,0,1,10,10,11,3,5,10,15,10,7,2,0,0,10,5,9,16,3,19,11,10,5,3,0,7,19,18,1,4,12,9,15,18,7,7,0,3,18,11,1,9,16,19,11,19,2,0,15,10,0,3,10,9,6,11,6,0,2,2,5,3,11,16,13,6,14,15,0,19,6,10,10,19,3,18,10,6,11,2,14,5,13,0,2,6,1,2,10,11,0,19,9,6,12,10,15,9,6,0,11,7,14,19,9,16,6,2,3,19,1,11,19,10,2,10,0,0,0,0,0,0,0,0,0,0,0,0,0,0,0,0,0,0,0,0,0,0,0,0,0,0,0,0,0,0,0,0,0,0,0,0,0,0,0,0,0,0,0,0,0,0,0,0,0,0,0",-0.50909734,0.26255766,3.0,0.03603907,70.16523,0.038047485,1.0,0.038047485,0.35424528,0.013677072,0.0,0.0,0.03603907,0.0019741033,0.7872474,0.35424528,4.659638,1.7135425,70.16523,-0.50909734,3.4764156,218.49782,0.013040709,0.03403065,1.0,218.49782,0.2593494,0.2127526,4.659638,0.0019741033,0.014313433,0.26255766,0.0,1.7135425,3.4764156,0.013040709,0.50909734,0.0,0.014313433,0.50909734,0.658437,0.03403065,1.0,0.013677072,lookahead,fk_orig2_bm3-s0to100br3
/work/T-REX/external/Proteina-Complexa/inference/search_binder_local_pipeline_32_PDL1_ALPHA_REPACK_v7_r004_cand_v7r004_hyp_0004_00_001_af7f7c76a908b/job_0_n_222_id_15_fk_orig3_bm3-s0to100br3/job_0_n_222_id_15_fk_orig3_bm3-s0to100br3.pdb,63,"2,0,13,16,19,16,19,14,11,3,10,18,19,19,6,18,7,15,2,12,16,9,6,4,11,13,14,19,6,11,5,10,3,10,0,0,10,9,19,18,17,6,12,6,3,11,2,9,9,5,13,19,8,7,6,6,3,10,11,19,5,8,15,15,18,1,5,1,0,1,10,10,11,3,5,10,15,10,7,2,0,0,10,5,9,16,3,19,11,10,5,3,0,7,19,18,1,4,12,9,15,18,7,7,0,3,18,11,1,9,16,19,11,19,2,0,2,0,13,16,19,16,19,14,11,3,10,18,19,19,6,18,7,15,2,12,16,9,6,4,11,13,14,19,6,11,5,10,3,10,0,0,10,9,19,18,17,6,12,6,3,11,2,9,9,5,13,19,8,7,6,6,3,10,11,19,5,8,15,15,18,1,5,1,0,1,10,10,11,3,5,10,15,10,7,2,0,0,10,5,9,16,3,19,11,10,5,3,0,7,19,18,1,4,12,9,15,18,7,7,0,3,0,0,0,0,0,0,0,0,0,0,0,0,0",-0.5408919,0.32737175,3.0,0.033914234,55.240578,0.037608642,1.0,0.037608642,0.33321956,0.006211328,0.0,0.0,0.033914234,0.002693385,0.84291303,0.33321956,3.8766806,1.4203495,55.240578,-0.5408919,3.9160721,217.25346,0.0,0.030219827,1.0,217.25346,0.25356832,0.15708695,3.8766806,0.002693385,0.012422656,0.32737175,0.0,1.4203495,3.9160721,0.0,0.5408919,0.0,0.012422656,0.5408919,0.5936532,0.030219827,1.0,0.006211328,lookahead,fk_orig3_bm3-s0to100br3
/work/T-REX/external/Proteina-Complexa/inference/search_binder_local_pipeline_32_PDL1_ALPHA_REPACK_v7_r004_cand_v7r004_hyp_0004_00_001_af7f7c76a908b/job_0_n_211_id_16_fk_orig0_bm2-s0to100br0-s100to200br0/job_0_n_211_id_16_fk_orig0_bm2-s0to100br0-s100to200br0.pdb,64,"2,0,13,16,19,16,19,14,11,3,10,18,19,19,6,18,7,15,2,12,16,9,6,4,11,13,14,19,6,11,5,10,3,10,0,0,10,9,19,18,17,6,12,6,3,11,2,9,9,5,13,19,8,7,6,6,3,10,11,19,5,8,15,15,18,1,5,1,0,1,10,10,11,3,5,10,15,10,7,2,0,0,10,5,9,16,3,19,11,10,5,3,0,7,19,18,1,4,12,9,15,18,7,7,0,3,18,11,1,9,16,19,11,19,2,0,0,10,16,19,16,13,14,11,14,15,18,15,19,16,0,7,0,15,19,16,10,6,4,15,13,15,7,15,14,16,14,16,19,11,5,17,1,11,2,3,5,10,9,6,0,15,6,1,13,19,13,10,3,15,6,16,15,13,15,10,5,9,1,2,0,6,14,7,3,15,7,10,18,5,4,10,0,0,2,15,19,7,9,0,15,15,3,7,0,5,10,16,19,10,14,0,0,0,0,0,0,0,0,0,0,0,0,0,0,0,0,0,0,0,0,0,0,0,0",-0.3274577,0.14223267,3.0,0.18381092,63.75995,0.19894212,1.0,0.19894212,0.22236052,0.16559242,0.0,0.0,0.18381092,0.0014924816,0.89915574,0.22236052,3.5599527,1.4025308,63.75995,-0.3274577,3.5069935,183.02603,0.14884925,0.1686797,1.0,183.02603,0.53282666,0.100844234,3.5599527,0.0014924816,0.18233559,0.14223267,0.0,1.4025308,3.5069935,0.14884925,0.3274577,0.0,0.18233559,0.3274577,0.7403268,0.1686797,1.0,0.16559242,lookahead,fk_orig0_bm2-s0to100br0-s100to200br0
/work/T-REX/external/Proteina-Complexa/inference/search_binder_local_pipeline_32_PDL1_ALPHA_REPACK_v7_r004_cand_v7r004_hyp_0004_00_001_af7f7c76a908b/job_0_n_235_id_16_fk_orig1_bm0-s0to100br0-s100to200br0/job_0_n_235_id_16_fk_orig1_bm0-s0to100br0-s100to200br0.pdb,65,"2,0,13,16,19,16,19,14,11,3,10,18,19,19,6,18,7,15,2,12,16,9,6,4,11,13,14,19,6,11,5,10,3,10,0,0,10,9,19,18,17,6,12,6,3,11,2,9,9,5,13,19,8,7,6,6,3,10,11,19,5,8,15,15,18,1,5,1,0,1,10,10,11,3,5,10,15,10,7,2,0,0,10,5,9,16,3,19,11,10,5,3,0,7,19,18,1,4,12,9,15,18,7,7,0,3,18,11,1,9,16,19,11,19,2,0,2,0,13,16,19,16,19,14,11,3,10,18,19,19,6,18,7,15,2,12,16,9,6,4,11,13,14,19,6,11,5,10,3,10,0,0,10,9,19,18,17,6,12,6,3,11,2,9,9,5,13,19,8,7,6,6,3,10,11,19,5,8,15,15,18,1,5,1,0,1,10,10,11,3,5,10,15,10,7,2,0,0,10,5,9,16,3,19,11,10,5,3,0,7,19,18,1,4,12,9,15,18,7,7,0,3,18,11,1,9,16,19,11,19,2,0,8,8,8",-0.52002895,0.2868564,3.0,0.05616928,54.834946,0.05719295,1.0,0.05719295,0.3153026,0.012718572,0.0,0.0,0.05616928,0.023556178,0.84831536,0.3153026,4.3136816,1.3459045,54.834946,-0.52002895,3.9109514,196.25342,0.012263141,0.05514561,1.0,196.25342,0.27558917,0.15168464,4.3136816,0.023556178,0.013174004,0.2868564,0.0,1.3459045,3.9109514,0.012263141,0.52002895,0.0,0.013174004,0.52002895,0.5923062,0.05514561,1.0,0.012718572,lookahead,fk_orig1_bm0-s0to100br0-s100to200br0
/work/T-REX/external/Proteina-Complexa/inference/search_binder_local_pipeline_32_PDL1_ALPHA_REPACK_v7_r004_cand_v7r004_hyp_0004_00_001_af7f7c76a908b/job_0_n_184_id_16_fk_orig2_bm0-s0to100br3-s100to200br0/job_0_n_184_id_16_fk_orig2_bm0-s0to100br3-s100to200br0.pdb,66,"2,0,13,16,19,16,19,14,11,3,10,18,19,19,6,18,7,15,2,12,16,9,6,4,11,13,14,19,6,11,5,10,3,10,0,0,10,9,19,18,17,6,12,6,3,11,2,9,9,5,13,19,8,7,6,6,3,10,11,19,5,8,15,15,18,1,5,1,0,1,10,10,11,3,5,10,15,10,7,2,0,0,10,5,9,16,3,19,11,10,5,3,0,7,19,18,1,4,12,9,15,18,7,7,0,3,18,11,1,9,16,19,11,19,2,0,0,6,0,18,13,2,10,7,10,9,18,11,0,5,7,2,10,3,10,0,6,11,15,13,11,11,0,9,6,10,3,18,14,6,0,3,11,0,18,12,6,10,15,15,9,18,15,2,11,11,2,18,3,10,0,0,11,12,10,6,11,0,1,6,0,15,10,11,0,0,0,0,0,0,0,0,0,0,0,0,0,0,0,0,0,0,0,0,0,0,0,0,0,0,0,0,0,0,0,0,0,0,0,0,0,0,0,0,0,0,0,0,0,0,0,0,0,0,0",-0.18383847,0.06533662,3.0,0.46588328,46.386543,0.5423939,1.0,0.5423939,0.14172342,0.46588328,0.0,0.0,0.46588328,0.0014225008,0.9252682,0.14172342,2.3786252,1.3345426,46.386543,-0.18383847,2.2346344,169.25969,0.38937265,0.38937265,1.0,169.25969,0.7514982,0.07473184,2.3786252,0.0014225008,0.5423939,0.06533662,0.0,1.3345426,2.2346344,0.38937265,0.18383847,0.0,0.5423939,0.18383847,0.8436358,0.38937265,1.0,0.46588328,lookahead,fk_orig2_bm0-s0to100br3-s100to200br0
/work/T-REX/external/Proteina-Complexa/inference/search_binder_local_pipeline_32_PDL1_ALPHA_REPACK_v7_r004_cand_v7r004_hyp_0004_00_001_af7f7c76a908b/job_0_n_222_id_16_fk_orig3_bm1-s0to100br1-s100to200br0/job_0_n_222_id_16_fk_orig3_bm1-s0to100br1-s100to200br0.pdb,67,"2,0,13,16,19,16,19,14,11,3,10,18,19,19,6,18,7,15,2,12,16,9,6,4,11,13,14,19,6,11,5,10,3,10,0,0,10,9,19,18,17,6,12,6,3,11,2,9,9,5,13,19,8,7,6,6,3,10,11,19,5,8,15,15,18,1,5,1,0,1,10,10,11,3,5,10,15,10,7,2,0,0,10,5,9,16,3,19,11,10,5,3,0,7,19,18,1,4,12,9,15,18,7,7,0,3,18,11,1,9,16,19,11,19,2,0,10,16,19,16,0,14,0,15,19,15,7,15,16,7,7,15,19,16,10,14,4,11,16,15,11,16,10,15,6,14,13,15,9,19,17,11,7,14,11,3,19,11,9,10,5,18,0,7,7,11,16,16,18,13,3,3,13,11,7,1,0,15,10,16,14,15,7,16,3,0,15,10,16,10,15,2,10,1,16,6,3,15,7,16,18,16,4,12,19,0,2,19,3,7,9,0,3,11,11,9,6,10,11,19,16,7,0,0,0,0,0,0,0,0,0,0,0,0,0",-0.24476963,0.097187884,3.0,0.34155858,40.866806,0.3448349,1.0,0.3448349,0.17387326,0.34155858,0.0,0.0,0.34155858,0.0020633694,0.9109068,0.17387326,1.286093,1.3839927,40.866806,-0.24476963,3.058979,177.0206,0.33828226,0.33828226,1.0,177.0206,0.6868838,0.08909323,1.286093,0.0020633694,0.3448349,0.097187884,0.0,1.3839927,3.058979,0.33828226,0.24476963,0.0,0.3448349,0.24476963,0.801878,0.33828226,1.0,0.34155858,lookahead,fk_orig3_bm1-s0to100br1-s100to200br0
/work/T-REX/external/Proteina-Complexa/inference/search_binder_local_pipeline_32_PDL1_ALPHA_REPACK_v7_r004_cand_v7r004_hyp_0004_00_001_af7f7c76a908b/job_0_n_211_id_17_fk_orig0_bm2-s0to100br0-s100to200br1/job_0_n_211_id_17_fk_orig0_bm2-s0to100br0-s100to200br1.pdb,68,"2,0,13,16,19,16,19,14,11,3,10,18,19,19,6,18,7,15,2,12,16,9,6,4,11,13,14,19,6,11,5,10,3,10,0,0,10,9,19,18,17,6,12,6,3,11,2,9,9,5,13,19,8,7,6,6,3,10,11,19,5,8,15,15,18,1,5,1,0,1,10,10,11,3,5,10,15,10,7,2,0,0,10,5,9,16,3,19,11,10,5,3,0,7,19,18,1,4,12,9,15,18,7,7,0,3,18,11,1,9,16,19,11,19,2,0,1,14,19,19,16,13,14,11,14,15,18,15,19,16,0,7,0,2,19,16,10,6,4,16,13,16,0,3,14,3,0,16,16,13,5,17,11,11,2,2,5,15,9,6,14,15,3,1,13,9,18,10,5,15,11,7,2,0,15,10,5,9,11,3,0,5,10,15,3,15,7,19,18,6,4,10,19,7,2,3,19,7,10,7,0,15,2,7,0,5,10,16,19,16,0,0,0,0,0,0,0,0,0,0,0,0,0,0,0,0,0,0,0,0,0,0,0,0,0",-0.74290115,0.56806916,3.0,0.0,131.83134,0.0,1.0,0.0,0.456311,0.0,0.0,0.0,0.0,0.0025774895,0.8262992,0.456311,17.553177,1.5056622,131.83134,-0.74290115,4.478711,246.6333,0.0,0.0,1.0,246.6333,0.13083297,0.17370078,17.553177,0.0025774895,0.0,0.56806916,0.0,1.5056622,4.478711,0.0,0.74290115,0.0,0.0,0.74290115,0.55580765,0.0,1.0,0.0,lookahead,fk_orig0_bm2-s0to100br0-s100to200br1
/work/T-REX/external/Proteina-Complexa/inference/search_binder_local_pipeline_32_PDL1_ALPHA_REPACK_v7_r004_cand_v7r004_hyp_0004_00_001_af7f7c76a908b/job_0_n_235_id_17_fk_orig1_bm0-s0to100br0-s100to200br1/job_0_n_235_id_17_fk_orig1_bm0-s0to100br0-s100to200br1.pdb,69,"2,0,13,16,19,16,19,14,11,3,10,18,19,19,6,18,7,15,2,12,16,9,6,4,11,13,14,19,6,11,5,10,3,10,0,0,10,9,19,18,17,6,12,6,3,11,2,9,9,5,13,19,8,7,6,6,3,10,11,19,5,8,15,15,18,1,5,1,0,1,10,10,11,3,5,10,15,10,7,2,0,0,10,5,9,16,3,19,11,10,5,3,0,7,19,18,1,4,12,9,15,18,7,7,0,3,18,11,1,9,16,19,11,19,2,0,2,0,13,16,19,16,19,14,11,3,10,18,19,19,6,18,7,15,2,12,16,9,6,4,11,13,14,19,6,11,5,10,3,10,0,0,10,9,19,18,17,6,12,6,3,11,2,9,9,5,13,19,8,7,6,6,3,10,11,19,5,8,15,15,18,1,5,1,0,1,10,10,11,3,5,10,15,10,7,2,0,0,10,5,9,16,3,19,11,10,5,3,0,7,19,18,1,4,12,9,15,18,7,7,0,3,18,11,1,9,16,19,11,19,2,0,14,14,10",-0.5222908,0.28813848,3.0,0.051452972,63.50366,0.05351149,1.0,0.05351149,0.31222078,0.012779861,0.0,0.0,0.051452972,0.0063294843,0.8547113,0.31222078,5.008178,1.3229407,63.50366,-0.5222908,3.9268632,197.51776,0.012420694,0.049394455,1.0,197.51776,0.27287394,0.1452887,5.008178,0.0063294843,0.013139027,0.28813848,0.0,1.3229407,3.9268632,0.012420694,0.5222908,0.0,0.013139027,0.5222908,0.5944003,0.049394455,1.0,0.012779861,lookahead,fk_orig1_bm0-s0to100br0-s100to200br1
/work/T-REX/external/Proteina-Complexa/inference/search_binder_local_pipeline_32_PDL1_ALPHA_REPACK_v7_r004_cand_v7r004_hyp_0004_00_001_af7f7c76a908b/job_0_n_184_id_17_fk_orig2_bm0-s0to100br3-s100to200br1/job_0_n_184_id_17_fk_orig2_bm0-s0to100br3-s100to200br1.pdb,70,"2,0,13,16,19,16,19,14,11,3,10,18,19,19,6,18,7,15,2,12,16,9,6,4,11,13,14,19,6,11,5,10,3,10,0,0,10,9,19,18,17,6,12,6,3,11,2,9,9,5,13,19,8,7,6,6,3,10,11,19,5,8,15,15,18,1,5,1,0,1,10,10,11,3,5,10,15,10,7,2,0,0,10,5,9,16,3,19,11,10,5,3,0,7,19,18,1,4,12,9,15,18,7,7,0,3,18,11,1,9,16,19,11,19,2,0,0,6,0,18,13,2,10,0,2,9,18,11,0,5,7,11,10,3,6,0,6,11,12,18,11,11,0,9,6,10,7,18,14,3,0,3,11,0,18,12,6,10,15,7,19,18,15,0,11,11,6,18,3,6,0,0,11,19,12,6,6,0,1,11,0,1,10,0,0,0,0,0,0,0,0,0,0,0,0,0,0,0,0,0,0,0,0,0,0,0,0,0,0,0,0,0,0,0,0,0,0,0,0,0,0,0,0,0,0,0,0,0,0,0,0,0,0,0,0",-0.17354554,0.06308385,3.0,0.4752326,36.893257,0.53462595,1.0,0.53462595,0.13499436,0.4752326,0.0,0.0,0.4752326,0.001114506,0.92107403,0.13499436,1.9882202,1.3903528,36.893257,-0.17354554,2.2564032,164.43991,0.41583928,0.41583928,1.0,164.43991,0.7587429,0.07892599,1.9882202,0.001114506,0.53462595,0.06308385,0.0,1.3903528,2.2564032,0.41583928,0.17354554,0.0,0.53462595,0.17354554,0.84857535,0.41583928,1.0,0.4752326,lookahead,fk_orig2_bm0-s0to100br3-s100to200br1
/work/T-REX/external/Proteina-Complexa/inference/search_binder_local_pipeline_32_PDL1_ALPHA_REPACK_v7_r004_cand_v7r004_hyp_0004_00_001_af7f7c76a908b/job_0_n_222_id_17_fk_orig3_bm1-s0to100br1-s100to200br1/job_0_n_222_id_17_fk_orig3_bm1-s0to100br1-s100to200br1.pdb,71,"2,0,13,16,19,16,19,14,11,3,10,18,19,19,6,18,7,15,2,12,16,9,6,4,11,13,14,19,6,11,5,10,3,10,0,0,10,9,19,18,17,6,12,6,3,11,2,9,9,5,13,19,8,7,6,6,3,10,11,19,5,8,15,15,18,1,5,1,0,1,10,10,11,3,5,10,15,10,7,2,0,0,10,5,9,16,3,19,11,10,5,3,0,7,19,18,1,4,12,9,15,18,7,7,0,3,18,11,1,9,16,19,11,19,2,0,10,16,19,2,0,14,0,15,19,15,7,16,0,7,7,15,19,16,10,14,4,19,10,15,11,16,14,16,16,10,18,15,9,19,17,11,7,14,11,3,19,10,19,10,16,18,15,2,7,6,0,15,18,0,3,15,13,11,7,1,0,11,10,10,10,15,7,11,3,0,15,10,5,10,15,2,10,11,10,15,3,15,7,16,18,6,4,10,19,7,15,3,10,7,9,3,15,0,11,9,16,10,16,19,16,0,0,0,0,0,0,0,0,0,0,0,0,0,0",-0.6082391,0.32634547,3.0,0.009580504,121.41195,0.01084585,1.0,0.01084585,0.3595165,0.0,0.0,0.0,0.009580504,0.0016746459,0.8515922,0.3595165,19.797377,1.3155844,121.41195,-0.6082391,4.039618,228.46135,0.0,0.008315158,1.0,228.46135,0.186148,0.14840785,19.797377,0.0016746459,0.0,0.32634547,0.0,1.3155844,4.039618,0.0,0.6082391,0.0,0.0,0.6082391,0.5640489,0.008315158,1.0,0.0,lookahead,fk_orig3_bm1-s0to100br1-s100to200br1
/work/T-REX/external/Proteina-Complexa/inference/search_binder_local_pipeline_32_PDL1_ALPHA_REPACK_v7_r004_cand_v7r004_hyp_0004_00_001_af7f7c76a908b/job_0_n_211_id_18_fk_orig0_bm2-s0to100br0-s100to200br2/job_0_n_211_id_18_fk_orig0_bm2-s0to100br0-s100to200br2.pdb,72,"2,0,13,16,19,16,19,14,11,3,10,18,19,19,6,18,7,15,2,12,16,9,6,4,11,13,14,19,6,11,5,10,3,10,0,0,10,9,19,18,17,6,12,6,3,11,2,9,9,5,13,19,8,7,6,6,3,10,11,19,5,8,15,15,18,1,5,1,0,1,10,10,11,3,5,10,15,10,7,2,0,0,10,5,9,16,3,19,11,10,5,3,0,7,19,18,1,4,12,9,15,18,7,7,0,3,18,11,1,9,16,19,11,19,2,0,1,14,11,19,16,13,0,11,14,15,18,15,19,16,0,7,0,2,19,16,10,6,4,16,13,15,0,3,14,7,0,16,15,9,19,17,11,11,2,3,6,14,9,6,6,15,3,1,13,11,18,10,2,15,14,7,2,0,15,10,5,9,11,3,0,1,14,6,3,15,7,10,18,5,4,10,19,7,2,15,19,7,10,7,15,15,3,7,0,5,10,16,19,10,18,0,0,0,0,0,0,0,0,0,0,0,0,0,0,0,0,0,0,0,0,0,0,0,0",-0.51282567,0.28641805,3.0,0.05077807,76.837814,0.060153082,1.0,0.060153082,0.3476961,0.013478568,0.0,0.0,0.05077807,0.0059918845,0.799933,0.3476961,4.921261,1.7304634,76.837814,-0.51282567,3.956525,234.00871,0.012612526,0.04140305,1.0,234.00871,0.28993157,0.20006698,4.921261,0.0059918845,0.014344609,0.28641805,0.0,1.7304634,3.956525,0.012612526,0.51282567,0.0,0.014344609,0.51282567,0.6250911,0.04140305,1.0,0.013478568,lookahead,fk_orig0_bm2-s0to100br0-s100to200br2
/work/T-REX/external/Proteina-Complexa/inference/search_binder_local_pipeline_32_PDL1_ALPHA_REPACK_v7_r004_cand_v7r004_hyp_0004_00_001_af7f7c76a908b/job_0_n_235_id_18_fk_orig1_bm0-s0to100br0-s100to200br2/job_0_n_235_id_18_fk_orig1_bm0-s0to100br0-s100to200br2.pdb,73,"2,0,13,16,19,16,19,14,11,3,10,18,19,19,6,18,7,15,2,12,16,9,6,4,11,13,14,19,6,11,5,10,3,10,0,0,10,9,19,18,17,6,12,6,3,11,2,9,9,5,13,19,8,7,6,6,3,10,11,19,5,8,15,15,18,1,5,1,0,1,10,10,11,3,5,10,15,10,7,2,0,0,10,5,9,16,3,19,11,10,5,3,0,7,19,18,1,4,12,9,15,18,7,7,0,3,18,11,1,9,16,19,11,19,2,0,2,0,13,16,19,16,19,14,11,3,10,18,19,19,6,18,7,15,2,12,16,9,6,4,11,13,14,19,6,11,5,10,3,10,0,0,10,9,19,18,17,6,12,6,3,11,2,9,9,5,13,19,8,7,6,6,3,10,11,19,5,8,15,15,18,1,5,1,0,1,10,10,11,3,5,10,15,10,7,2,0,0,10,5,9,16,3,19,11,10,5,3,0,7,19,18,1,4,12,9,15,18,7,7,0,3,18,11,1,9,16,19,11,19,2,0,11,11,15",-0.5369352,0.3006235,3.0,0.045113966,58.529537,0.04719182,1.0,0.04719182,0.3215753,0.012240013,0.0,0.0,0.045113966,0.012315635,0.8515872,0.3215753,4.401857,1.326162,58.529537,-0.5369352,3.958382,198.04259,0.0119831255,0.043036107,1.0,198.04259,0.26170385,0.14841285,4.401857,0.012315635,0.012496902,0.3006235,0.0,1.326162,3.958382,0.0119831255,0.5369352,0.0,0.012496902,0.5369352,0.5873382,0.043036107,1.0,0.012240013,lookahead,fk_orig1_bm0-s0to100br0-s100to200br2
/work/T-REX/external/Proteina-Complexa/inference/search_binder_local_pipeline_32_PDL1_ALPHA_REPACK_v7_r004_cand_v7r004_hyp_0004_00_001_af7f7c76a908b/job_0_n_184_id_18_fk_orig2_bm0-s0to100br3-s100to200br2/job_0_n_184_id_18_fk_orig2_bm0-s0to100br3-s100to200br2.pdb,74,"2,0,13,16,19,16,19,14,11,3,10,18,19,19,6,18,7,15,2,12,16,9,6,4,11,13,14,19,6,11,5,10,3,10,0,0,10,9,19,18,17,6,12,6,3,11,2,9,9,5,13,19,8,7,6,6,3,10,11,19,5,8,15,15,18,1,5,1,0,1,10,10,11,3,5,10,15,10,7,2,0,0,10,5,9,16,3,19,11,10,5,3,0,7,19,18,1,4,12,9,15,18,7,7,0,3,18,11,1,9,16,19,11,19,2,0,0,15,0,18,13,2,10,7,2,9,18,11,0,5,7,2,10,3,6,0,6,11,6,18,11,11,0,9,6,10,11,8,14,3,0,3,11,0,18,10,6,9,15,0,9,18,16,5,5,11,2,18,3,6,0,0,11,5,12,6,6,0,1,11,0,15,10,0,0,0,0,0,0,0,0,0,0,0,0,0,0,0,0,0,0,0,0,0,0,0,0,0,0,0,0,0,0,0,0,0,0,0,0,0,0,0,0,0,0,0,0,0,0,0,0,0,0,0,0",-0.21928303,0.077185996,3.0,0.37004256,30.469234,0.45464334,1.0,0.45464334,0.1648426,0.37004256,0.0,0.0,0.37004256,0.0017092824,0.90381676,0.1648426,1.675971,1.3818437,30.469234,-0.21928303,2.471395,156.5507,0.2854418,0.2854418,1.0,156.5507,0.7015858,0.09618324,1.675971,0.0017092824,0.45464334,0.077185996,0.0,1.3818437,2.471395,0.2854418,0.21928303,0.0,0.45464334,0.21928303,0.8262466,0.2854418,1.0,0.37004256,lookahead,fk_orig2_bm0-s0to100br3-s100to200br2
/work/T-REX/external/Proteina-Complexa/inference/search_binder_local_pipeline_32_PDL1_ALPHA_REPACK_v7_r004_cand_v7r004_hyp_0004_00_001_af7f7c76a908b/job_0_n_222_id_18_fk_orig3_bm1-s0to100br1-s100to200br2/job_0_n_222_id_18_fk_orig3_bm1-s0to100br1-s100to200br2.pdb,75,"2,0,13,16,19,16,19,14,11,3,10,18,19,19,6,18,7,15,2,12,16,9,6,4,11,13,14,19,6,11,5,10,3,10,0,0,10,9,19,18,17,6,12,6,3,11,2,9,9,5,13,19,8,7,6,6,3,10,11,19,5,8,15,15,18,1,5,1,0,1,10,10,11,3,5,10,15,10,7,2,0,0,10,5,9,16,3,19,11,10,5,3,0,7,19,18,1,4,12,9,15,18,7,7,0,3,18,11,1,9,16,19,11,19,2,0,10,19,19,16,0,14,0,15,19,15,7,16,0,7,7,15,19,16,10,14,4,11,19,15,11,16,10,6,15,14,13,15,9,19,17,11,7,14,11,3,16,2,19,10,16,18,15,2,7,5,19,16,18,0,14,15,13,5,7,1,0,15,13,6,10,11,2,7,3,0,15,10,11,10,15,2,10,11,10,15,3,15,7,9,18,16,4,10,19,7,3,11,16,7,9,0,3,0,16,9,11,10,2,19,11,0,0,0,0,0,0,0,0,0,0,0,0,0,0",-0.25743088,0.115560465,3.0,0.31344715,53.462864,0.31829867,1.0,0.31829867,0.178444,0.31344715,0.0,0.0,0.31344715,0.0019531532,0.90582323,0.178444,2.402593,1.3565578,53.462864,-0.25743088,3.1137707,179.79956,0.30859563,0.30859563,1.0,179.79956,0.6632921,0.09417675,2.402593,0.0019531532,0.31829867,0.115560465,0.0,1.3565578,3.1137707,0.30859563,0.25743088,0.0,0.31829867,0.25743088,0.7844867,0.30859563,1.0,0.31344715,lookahead,fk_orig3_bm1-s0to100br1-s100to200br2
/work/T-REX/external/Proteina-Complexa/inference/search_binder_local_pipeline_32_PDL1_ALPHA_REPACK_v7_r004_cand_v7r004_hyp_0004_00_001_af7f7c76a908b/job_0_n_211_id_19_fk_orig0_bm2-s0to100br0-s100to200br3/job_0_n_211_id_19_fk_orig0_bm2-s0to100br0-s100to200br3.pdb,76,"2,0,13,16,19,16,19,14,11,3,10,18,19,19,6,18,7,15,2,12,16,9,6,4,11,13,14,19,6,11,5,10,3,10,0,0,10,9,19,18,17,6,12,6,3,11,2,9,9,5,13,19,8,7,6,6,3,10,11,19,5,8,15,15,18,1,5,1,0,1,10,10,11,3,5,10,15,10,7,2,0,0,10,5,9,16,3,19,11,10,5,3,0,7,19,18,1,4,12,9,15,18,7,7,0,3,18,11,1,9,16,19,11,19,2,0,1,14,19,19,16,13,14,11,3,15,18,15,19,5,6,7,0,2,19,16,10,6,4,15,13,15,0,2,14,0,14,16,15,13,19,17,11,11,2,7,5,16,9,6,0,15,3,1,13,9,18,10,2,11,3,7,2,0,15,10,5,9,1,3,0,5,14,15,3,15,7,10,18,6,4,10,19,7,2,6,19,7,10,7,0,15,3,7,0,5,10,16,19,10,0,0,0,0,0,0,0,0,0,0,0,0,0,0,0,0,0,0,0,0,0,0,0,0,0",-0.37109548,0.19345593,3.0,0.1564045,66.94484,0.16529836,1.0,0.16529836,0.2621271,0.12368812,0.0,0.0,0.1564045,0.0040840055,0.8481448,0.2621271,2.9639542,1.6934918,66.94484,-0.37109548,3.4941318,197.4669,0.10667604,0.14751065,1.0,197.4669,0.52156305,0.15185517,2.9639542,0.0040840055,0.14070019,0.19345593,0.0,1.6934918,3.4941318,0.10667604,0.37109548,0.0,0.14070019,0.37109548,0.7336137,0.14751065,1.0,0.12368812,lookahead,fk_orig0_bm2-s0to100br0-s100to200br3
/work/T-REX/external/Proteina-Complexa/inference/search_binder_local_pipeline_32_PDL1_ALPHA_REPACK_v7_r004_cand_v7r004_hyp_0004_00_001_af7f7c76a908b/job_0_n_235_id_19_fk_orig1_bm0-s0to100br0-s100to200br3/job_0_n_235_id_19_fk_orig1_bm0-s0to100br0-s100to200br3.pdb,77,"2,0,13,16,19,16,19,14,11,3,10,18,19,19,6,18,7,15,2,12,16,9,6,4,11,13,14,19,6,11,5,10,3,10,0,0,10,9,19,18,17,6,12,6,3,11,2,9,9,5,13,19,8,7,6,6,3,10,11,19,5,8,15,15,18,1,5,1,0,1,10,10,11,3,5,10,15,10,7,2,0,0,10,5,9,16,3,19,11,10,5,3,0,7,19,18,1,4,12,9,15,18,7,7,0,3,18,11,1,9,16,19,11,19,2,0,2,0,13,16,19,16,19,14,11,3,10,18,19,19,6,18,7,15,2,12,16,9,6,4,11,13,14,19,6,11,5,10,3,10,0,0,10,9,19,18,17,6,12,6,3,11,2,9,9,5,13,19,8,7,6,6,3,10,11,19,5,8,15,15,18,1,5,1,0,1,10,10,11,3,5,10,15,10,7,2,0,0,10,5,9,16,3,19,11,10,5,3,0,7,19,18,1,4,12,9,15,18,7,7,0,3,18,11,1,9,16,19,11,19,2,0,8,8,8",-0.5220227,0.28676233,3.0,0.055507906,57.358723,0.056258913,1.0,0.056258913,0.31665707,0.0127476975,0.0,0.0,0.055507906,0.023392607,0.8480112,0.31665707,4.3887296,1.3488673,57.358723,-0.5220227,3.9135172,201.60141,0.0123949,0.054756895,1.0,201.60141,0.2746315,0.15198879,4.3887296,0.023392607,0.013100495,0.28676233,0.0,1.3488673,3.9135172,0.0123949,0.5220227,0.0,0.013100495,0.5220227,0.59163064,0.054756895,1.0,0.0127476975,lookahead,fk_orig1_bm0-s0to100br0-s100to200br3
/work/T-REX/external/Proteina-Complexa/inference/search_binder_local_pipeline_32_PDL1_ALPHA_REPACK_v7_r004_cand_v7r004_hyp_0004_00_001_af7f7c76a908b/job_0_n_184_id_19_fk_orig2_bm0-s0to100br3-s100to200br3/job_0_n_184_id_19_fk_orig2_bm0-s0to100br3-s100to200br3.pdb,78,"2,0,13,16,19,16,19,14,11,3,10,18,19,19,6,18,7,15,2,12,16,9,6,4,11,13,14,19,6,11,5,10,3,10,0,0,10,9,19,18,17,6,12,6,3,11,2,9,9,5,13,19,8,7,6,6,3,10,11,19,5,8,15,15,18,1,5,1,0,1,10,10,11,3,5,10,15,10,7,2,0,0,10,5,9,16,3,19,11,10,5,3,0,7,19,18,1,4,12,9,15,18,7,7,0,3,18,11,1,9,16,19,11,19,2,0,0,6,0,8,13,2,10,7,2,19,18,11,10,5,7,2,10,3,6,0,6,11,6,18,10,11,0,9,6,10,7,18,14,2,0,3,11,0,18,10,6,9,15,7,9,18,16,5,11,11,2,18,3,6,0,0,11,5,10,6,6,0,1,11,0,1,10,11,0,0,0,0,0,0,0,0,0,0,0,0,0,0,0,0,0,0,0,0,0,0,0,0,0,0,0,0,0,0,0,0,0,0,0,0,0,0,0,0,0,0,0,0,0,0,0,0,0,0,0",-0.1869155,0.06729775,3.0,0.44659984,40.31448,0.5374379,1.0,0.5374379,0.14235719,0.44659984,0.0,0.0,0.44659984,0.0015800648,0.92828465,0.14235719,1.5828218,1.3230181,40.31448,-0.1869155,2.2152038,157.27911,0.3557618,0.3557618,1.0,157.27911,0.7521783,0.07171533,1.5828218,0.0015800648,0.5374379,0.06729775,0.0,1.3230181,2.2152038,0.3557618,0.1869155,0.0,0.5374379,0.1869155,0.84317905,0.3557618,1.0,0.44659984,lookahead,fk_orig2_bm0-s0to100br3-s100to200br3
/work/T-REX/external/Proteina-Complexa/inference/search_binder_local_pipeline_32_PDL1_ALPHA_REPACK_v7_r004_cand_v7r004_hyp_0004_00_001_af7f7c76a908b/job_0_n_222_id_19_fk_orig3_bm1-s0to100br1-s100to200br3/job_0_n_222_id_19_fk_orig3_bm1-s0to100br1-s100to200br3.pdb,79,"2,0,13,16,19,16,19,14,11,3,10,18,19,19,6,18,7,15,2,12,16,9,6,4,11,13,14,19,6,11,5,10,3,10,0,0,10,9,19,18,17,6,12,6,3,11,2,9,9,5,13,19,8,7,6,6,3,10,11,19,5,8,15,15,18,1,5,1,0,1,10,10,11,3,5,10,15,10,7,2,0,0,10,5,9,16,3,19,11,10,5,3,0,7,19,18,1,4,12,9,15,18,7,7,0,3,18,11,1,9,16,19,11,19,2,0,10,19,19,16,0,14,15,15,19,15,7,16,6,7,7,15,19,16,10,14,4,11,13,2,19,14,5,15,3,19,9,15,19,10,17,11,7,14,2,3,19,2,19,10,16,18,15,2,7,6,19,16,18,0,3,15,13,11,7,1,0,6,10,3,14,11,2,7,3,0,15,10,11,10,15,2,10,1,10,15,3,15,7,19,18,6,4,10,19,13,0,11,16,7,19,3,3,11,11,9,16,10,2,19,16,0,0,0,0,0,0,0,0,0,0,0,0,0,0",-0.23493649,0.09084063,3.0,0.39048725,54.03035,0.39117777,1.0,0.39117777,0.17033161,0.39048725,0.0,0.0,0.39048725,0.0022888167,0.8995334,0.17033161,2.907454,1.4234576,54.03035,-0.23493649,3.0283744,186.68535,0.38979676,0.38979676,1.0,186.68535,0.7016821,0.10046662,2.907454,0.0022888167,0.39117777,0.09084063,0.0,1.4234576,3.0283744,0.38979676,0.23493649,0.0,0.39117777,0.23493649,0.80937946,0.38979676,1.0,0.39048725,lookahead,fk_orig3_bm1-s0to100br1-s100to200br3
/work/T-REX/external/Proteina-Complexa/inference/search_binder_local_pipeline_32_PDL1_ALPHA_REPACK_v7_r004_cand_v7r004_hyp_0004_00_001_af7f7c76a908b/job_0_n_211_id_20_fk_orig0_bm1-s0to100br3-s100to200br0/job_0_n_211_id_20_fk_orig0_bm1-s0to100br3-s100to200br0.pdb,80,"2,0,13,16,19,16,19,14,11,3,10,18,19,19,6,18,7,15,2,12,16,9,6,4,11,13,14,19,6,11,5,10,3,10,0,0,10,9,19,18,17,6,12,6,3,11,2,9,9,5,13,19,8,7,6,6,3,10,11,19,5,8,15,15,18,1,5,1,0,1,10,10,11,3,5,10,15,10,7,2,0,0,10,5,9,16,3,19,11,10,5,3,0,7,19,18,1,4,12,9,15,18,7,7,0,3,18,11,1,9,16,19,11,19,2,0,15,2,10,6,6,0,1,6,10,10,9,6,0,15,11,11,9,11,3,3,19,9,1,2,0,10,6,11,9,9,11,7,6,3,9,3,11,2,10,6,9,10,10,11,2,2,2,10,3,15,15,16,11,11,10,10,6,3,10,11,11,0,11,16,6,6,6,1,10,16,10,10,0,13,9,10,11,5,10,11,0,9,15,15,3,3,13,0,6,9,10,11,10,16,1,0,0,0,0,0,0,0,0,0,0,0,0,0,0,0,0,0,0,0,0,0,0,0,0",-0.23012054,0.105909266,3.0,0.35349506,124.21056,0.3903195,1.0,0.3903195,0.16157317,0.35349506,0.0,0.0,0.35349506,0.0012445407,0.90940386,0.16157317,22.523666,1.4610521,124.21056,-0.23012054,2.76941,294.6773,0.31667066,0.31667066,1.0,294.6773,0.6665757,0.090596125,22.523666,0.0012445407,0.3903195,0.105909266,0.0,1.4610521,2.76941,0.31667066,0.23012054,0.0,0.3903195,0.23012054,0.79501396,0.31667066,1.0,0.35349506,lookahead,fk_orig0_bm1-s0to100br3-s100to200br0
/work/T-REX/external/Proteina-Complexa/inference/search_binder_local_pipeline_32_PDL1_ALPHA_REPACK_v7_r004_cand_v7r004_hyp_0004_00_001_af7f7c76a908b/job_0_n_235_id_20_fk_orig1_bm1-s0to100br1-s100to200br0/job_0_n_235_id_20_fk_orig1_bm1-s0to100br1-s100to200br0.pdb,81,"2,0,13,16,19,16,19,14,11,3,10,18,19,19,6,18,7,15,2,12,16,9,6,4,11,13,14,19,6,11,5,10,3,10,0,0,10,9,19,18,17,6,12,6,3,11,2,9,9,5,13,19,8,7,6,6,3,10,11,19,5,8,15,15,18,1,5,1,0,1,10,10,11,3,5,10,15,10,7,2,0,0,10,5,9,16,3,19,11,10,5,3,0,7,19,18,1,4,12,9,15,18,7,7,0,3,18,11,1,9,16,19,11,19,2,0,2,0,13,16,19,16,19,14,11,3,10,18,19,19,6,18,7,15,2,12,16,9,6,4,11,13,14,19,6,11,5,10,3,10,0,0,10,9,19,18,17,6,12,6,3,11,2,9,9,5,13,19,8,7,6,6,3,10,11,19,5,8,15,15,18,1,5,1,0,1,10,10,11,3,5,10,15,10,7,2,0,0,10,5,9,16,3,19,11,10,5,3,0,7,19,18,1,4,12,9,15,18,7,7,0,3,18,11,1,9,16,19,11,19,2,0,14,0,0",-0.52916336,0.27751368,3.0,0.044757463,99.82401,0.04617056,1.0,0.04617056,0.31390962,0.0138967,0.0,0.0,0.044757463,0.0042890785,0.8597024,0.31390962,8.800767,1.2843735,99.82401,-0.52916336,3.880799,198.59387,0.013457449,0.043344364,1.0,198.59387,0.25865865,0.14029759,8.800767,0.0042890785,0.014335952,0.27751368,0.0,1.2843735,3.880799,0.013457449,0.52916336,0.0,0.014335952,0.52916336,0.58924806,0.043344364,1.0,0.0138967,lookahead,fk_orig1_bm1-s0to100br1-s100to200br0
/work/T-REX/external/Proteina-Complexa/inference/search_binder_local_pipeline_32_PDL1_ALPHA_REPACK_v7_r004_cand_v7r004_hyp_0004_00_001_af7f7c76a908b/job_0_n_184_id_20_fk_orig2_bm3-s0to100br1-s100to200br0/job_0_n_184_id_20_fk_orig2_bm3-s0to100br1-s100to200br0.pdb,82,"2,0,13,16,19,16,19,14,11,3,10,18,19,19,6,18,7,15,2,12,16,9,6,4,11,13,14,19,6,11,5,10,3,10,0,0,10,9,19,18,17,6,12,6,3,11,2,9,9,5,13,19,8,7,6,6,3,10,11,19,5,8,15,15,18,1,5,1,0,1,10,10,11,3,5,10,15,10,7,2,0,0,10,5,9,16,3,19,11,10,5,3,0,7,19,18,1,4,12,9,15,18,7,7,0,3,18,11,1,9,16,19,11,19,2,0,0,6,11,15,14,15,19,9,0,0,11,5,0,11,3,18,0,1,1,18,2,6,16,7,0,10,6,3,10,6,6,0,11,11,5,13,6,19,0,11,13,13,0,6,1,6,11,3,6,11,19,11,5,6,0,10,11,19,10,6,6,0,11,6,6,10,6,11,0,0,0,0,0,0,0,0,0,0,0,0,0,0,0,0,0,0,0,0,0,0,0,0,0,0,0,0,0,0,0,0,0,0,0,0,0,0,0,0,0,0,0,0,0,0,0,0,0,0,0",-0.4671229,0.2466868,3.0,0.059867956,52.567593,0.07089297,1.0,0.07089297,0.32529217,0.013825437,0.0,0.0,0.059867956,0.005150518,0.8373415,0.32529217,3.5387728,1.4141946,52.567593,-0.4671229,3.3514326,208.41573,0.013668874,0.048842944,1.0,208.41573,0.33196223,0.1626585,3.5387728,0.005150518,0.013982001,0.2466868,0.0,1.4141946,3.3514326,0.013668874,0.4671229,0.0,0.013982001,0.4671229,0.68001974,0.048842944,1.0,0.013825437,lookahead,fk_orig2_bm3-s0to100br1-s100to200br0
/work/T-REX/external/Proteina-Complexa/inference/search_binder_local_pipeline_32_PDL1_ALPHA_REPACK_v7_r004_cand_v7r004_hyp_0004_00_001_af7f7c76a908b/job_0_n_222_id_20_fk_orig3_bm2-s0to100br2-s100to200br0/job_0_n_222_id_20_fk_orig3_bm2-s0to100br2-s100to200br0.pdb,83,"2,0,13,16,19,16,19,14,11,3,10,18,19,19,6,18,7,15,2,12,16,9,6,4,11,13,14,19,6,11,5,10,3,10,0,0,10,9,19,18,17,6,12,6,3,11,2,9,9,5,13,19,8,7,6,6,3,10,11,19,5,8,15,15,18,1,5,1,0,1,10,10,11,3,5,10,15,10,7,2,0,0,10,5,9,16,3,19,11,10,5,3,0,7,19,18,1,4,12,9,15,18,7,7,0,3,18,11,1,9,16,19,11,19,2,0,0,13,11,19,10,19,14,11,15,15,18,16,19,16,6,7,15,2,19,16,10,6,4,11,14,15,5,14,9,16,3,10,16,10,10,15,19,18,17,10,2,14,5,2,6,10,9,18,15,9,9,8,7,11,6,15,5,8,15,3,14,1,18,9,10,2,11,6,16,13,15,10,16,9,11,2,16,11,10,5,3,15,7,19,18,11,4,9,12,13,18,7,7,0,3,0,11,11,9,16,10,16,19,11,0,0,0,0,0,0,0,0,0,0,0,0,0,0,0",-0.4907436,0.25057852,3.0,0.06928191,128.01653,0.07869048,1.0,0.07869048,0.31024143,0.013701855,0.0,0.0,0.06928191,0.0018576715,0.83395165,0.31024143,24.451706,1.5901629,128.01653,-0.4907436,3.8045304,253.12329,0.013178766,0.059873354,1.0,253.12329,0.31588918,0.16604833,24.451706,0.0018576715,0.014224945,0.25057852,0.0,1.5901629,3.8045304,0.013178766,0.4907436,0.0,0.014224945,0.4907436,0.62143797,0.059873354,1.0,0.013701855,lookahead,fk_orig3_bm2-s0to100br2-s100to200br0
/work/T-REX/external/Proteina-Complexa/inference/search_binder_local_pipeline_32_PDL1_ALPHA_REPACK_v7_r004_cand_v7r004_hyp_0004_00_001_af7f7c76a908b/job_0_n_211_id_21_fk_orig0_bm1-s0to100br3-s100to200br1/job_0_n_211_id_21_fk_orig0_bm1-s0to100br3-s100to200br1.pdb,84,"2,0,13,16,19,16,19,14,11,3,10,18,19,19,6,18,7,15,2,12,16,9,6,4,11,13,14,19,6,11,5,10,3,10,0,0,10,9,19,18,17,6,12,6,3,11,2,9,9,5,13,19,8,7,6,6,3,10,11,19,5,8,15,15,18,1,5,1,0,1,10,10,11,3,5,10,15,10,7,2,0,0,10,5,9,16,3,19,11,10,5,3,0,7,19,18,1,4,12,9,15,18,7,7,0,3,18,11,1,9,16,19,11,19,2,0,15,11,10,6,6,0,1,11,10,10,6,6,0,9,5,11,19,6,15,14,19,19,1,3,0,10,10,11,10,10,11,5,6,2,14,3,5,0,10,0,3,10,11,15,15,7,6,19,3,3,14,16,10,11,10,10,5,3,0,0,0,15,15,15,6,11,6,1,10,1,10,10,0,13,0,10,8,15,10,7,0,9,3,0,3,16,4,7,6,9,10,11,10,16,15,0,0,0,0,0,0,0,0,0,0,0,0,0,0,0,0,0,0,0,0,0,0,0,0",-0.14896867,0.05024814,3.0,0.6419624,41.476562,0.6681088,1.0,0.6681088,0.11192005,0.6419624,0.0,0.0,0.6419624,0.0007067731,0.94785273,0.11192005,2.1199412,1.2917522,41.476562,-0.14896867,2.0675645,187.18086,0.61581594,0.61581594,1.0,187.18086,0.82383555,0.052147295,2.1199412,0.0007067731,0.6681088,0.05024814,0.0,1.2917522,2.0675645,0.61581594,0.14896867,0.0,0.6681088,0.14896867,0.879659,0.61581594,1.0,0.6419624,lookahead,fk_orig0_bm1-s0to100br3-s100to200br1
/work/T-REX/external/Proteina-Complexa/inference/search_binder_local_pipeline_32_PDL1_ALPHA_REPACK_v7_r004_cand_v7r004_hyp_0004_00_001_af7f7c76a908b/job_0_n_235_id_21_fk_orig1_bm1-s0to100br1-s100to200br1/job_0_n_235_id_21_fk_orig1_bm1-s0to100br1-s100to200br1.pdb,85,"2,0,13,16,19,16,19,14,11,3,10,18,19,19,6,18,7,15,2,12,16,9,6,4,11,13,14,19,6,11,5,10,3,10,0,0,10,9,19,18,17,6,12,6,3,11,2,9,9,5,13,19,8,7,6,6,3,10,11,19,5,8,15,15,18,1,5,1,0,1,10,10,11,3,5,10,15,10,7,2,0,0,10,5,9,16,3,19,11,10,5,3,0,7,19,18,1,4,12,9,15,18,7,7,0,3,18,11,1,9,16,19,11,19,2,0,2,0,13,16,19,16,19,14,11,3,10,18,19,19,6,18,7,15,2,12,16,9,6,4,11,13,14,19,6,11,5,10,3,10,0,0,10,9,19,18,17,6,12,6,3,11,2,9,9,5,13,19,8,7,6,6,3,10,11,19,5,8,15,15,18,1,5,1,0,1,10,10,11,3,5,10,15,10,7,2,0,0,10,5,9,16,3,19,11,10,5,3,0,7,19,18,1,4,12,9,15,18,7,7,0,3,18,11,1,9,16,19,11,19,2,0,8,8,8",-0.5233883,0.28913978,3.0,0.052949578,62.95502,0.05483318,1.0,0.05483318,0.31687412,0.012658379,0.0,0.0,0.052949578,0.023726098,0.8482869,0.31687412,4.815875,1.344592,62.95502,-0.5233883,3.918756,197.24937,0.012355919,0.051065974,1.0,197.24937,0.27290928,0.15171307,4.815875,0.023726098,0.012960839,0.28913978,0.0,1.344592,3.918756,0.012355919,0.5233883,0.0,0.012960839,0.5233883,0.59093994,0.051065974,1.0,0.012658379,lookahead,fk_orig1_bm1-s0to100br1-s100to200br1
/work/T-REX/external/Proteina-Complexa/inference/search_binder_local_pipeline_32_PDL1_ALPHA_REPACK_v7_r004_cand_v7r004_hyp_0004_00_001_af7f7c76a908b/job_0_n_184_id_21_fk_orig2_bm3-s0to100br1-s100to200br1/job_0_n_184_id_21_fk_orig2_bm3-s0to100br1-s100to200br1.pdb,86,"2,0,13,16,19,16,19,14,11,3,10,18,19,19,6,18,7,15,2,12,16,9,6,4,11,13,14,19,6,11,5,10,3,10,0,0,10,9,19,18,17,6,12,6,3,11,2,9,9,5,13,19,8,7,6,6,3,10,11,19,5,8,15,15,18,1,5,1,0,1,10,10,11,3,5,10,15,10,7,2,0,0,10,5,9,16,3,19,11,10,5,3,0,7,19,18,1,4,12,9,15,18,7,7,0,3,18,11,1,9,16,19,11,19,2,0,0,11,15,8,14,15,19,19,0,0,5,5,0,10,3,18,0,11,15,18,11,6,16,7,11,10,6,3,10,6,6,0,11,11,18,18,6,19,0,11,13,13,0,7,8,6,11,3,6,6,19,11,11,6,0,6,5,10,10,11,6,0,11,5,19,10,3,0,0,0,0,0,0,0,0,0,0,0,0,0,0,0,0,0,0,0,0,0,0,0,0,0,0,0,0,0,0,0,0,0,0,0,0,0,0,0,0,0,0,0,0,0,0,0,0,0,0,0,0",-0.44901714,0.22639574,3.0,0.06709908,41.134205,0.07417119,1.0,0.07417119,0.31473592,0.015491731,0.0,0.0,0.06709908,0.0045846314,0.8150132,0.31473592,4.0339804,1.4247018,41.134205,-0.44901714,3.3239458,192.64073,0.014711506,0.06002697,1.0,192.64073,0.32125401,0.18498684,4.0339804,0.0045846314,0.016271958,0.22639574,0.0,1.4247018,3.3239458,0.014711506,0.44901714,0.0,0.016271958,0.44901714,0.6803004,0.06002697,1.0,0.015491731,lookahead,fk_orig2_bm3-s0to100br1-s100to200br1
/work/T-REX/external/Proteina-Complexa/inference/search_binder_local_pipeline_32_PDL1_ALPHA_REPACK_v7_r004_cand_v7r004_hyp_0004_00_001_af7f7c76a908b/job_0_n_222_id_21_fk_orig3_bm2-s0to100br2-s100to200br1/job_0_n_222_id_21_fk_orig3_bm2-s0to100br2-s100to200br1.pdb,87,"2,0,13,16,19,16,19,14,11,3,10,18,19,19,6,18,7,15,2,12,16,9,6,4,11,13,14,19,6,11,5,10,3,10,0,0,10,9,19,18,17,6,12,6,3,11,2,9,9,5,13,19,8,7,6,6,3,10,11,19,5,8,15,15,18,1,5,1,0,1,10,10,11,3,5,10,15,10,7,2,0,0,10,5,9,16,3,19,11,10,5,3,0,7,19,18,1,4,12,9,15,18,7,7,0,3,18,11,1,9,16,19,11,19,2,0,0,13,16,19,2,19,14,11,3,10,18,16,19,6,6,7,2,2,19,16,10,6,4,11,14,15,5,6,9,16,2,9,15,10,10,15,13,18,17,10,2,14,5,7,5,16,10,19,5,9,19,8,7,6,6,11,19,10,15,3,3,1,13,11,10,10,11,2,2,18,15,10,10,9,5,2,16,11,10,5,3,15,7,9,18,11,4,9,12,13,18,11,7,0,3,0,11,1,9,16,10,11,19,16,14,11,0,0,0,0,0,0,0,0,0,0,0,0,0",-0.4221337,0.1942744,3.0,0.11571053,122.7024,0.11714342,1.0,0.11714342,0.2757559,0.04290965,0.0,0.0,0.11571053,0.0020839965,0.8436442,0.2757559,23.89589,1.5658782,122.7024,-0.4221337,3.6035526,242.51706,0.042808663,0.11427762,1.0,242.51706,0.38564914,0.15635578,23.89589,0.0020839965,0.043010633,0.1942744,0.0,1.5658782,3.6035526,0.042808663,0.4221337,0.0,0.043010633,0.4221337,0.655826,0.11427762,1.0,0.04290965,lookahead,fk_orig3_bm2-s0to100br2-s100to200br1
/work/T-REX/external/Proteina-Complexa/inference/search_binder_local_pipeline_32_PDL1_ALPHA_REPACK_v7_r004_cand_v7r004_hyp_0004_00_001_af7f7c76a908b/job_0_n_211_id_22_fk_orig0_bm1-s0to100br3-s100to200br2/job_0_n_211_id_22_fk_orig0_bm1-s0to100br3-s100to200br2.pdb,88,"2,0,13,16,19,16,19,14,11,3,10,18,19,19,6,18,7,15,2,12,16,9,6,4,11,13,14,19,6,11,5,10,3,10,0,0,10,9,19,18,17,6,12,6,3,11,2,9,9,5,13,19,8,7,6,6,3,10,11,19,5,8,15,15,18,1,5,1,0,1,10,10,11,3,5,10,15,10,7,2,0,0,10,5,9,16,3,19,11,10,5,3,0,7,19,18,1,4,12,9,15,18,7,7,0,3,18,11,1,9,16,19,11,19,2,0,15,11,0,11,5,10,10,6,6,0,9,2,2,15,11,7,11,9,15,6,15,16,11,2,10,10,10,11,9,9,11,7,6,2,9,6,6,2,9,2,9,10,11,11,5,6,11,10,15,6,15,16,6,2,10,10,2,3,10,0,11,6,16,15,6,15,11,5,10,9,10,10,0,13,9,10,8,2,10,11,9,9,3,15,2,6,10,0,15,9,10,11,6,0,11,0,0,0,0,0,0,0,0,0,0,0,0,0,0,0,0,0,0,0,0,0,0,0,0",-0.1947721,0.06606538,3.0,0.5216594,50.92992,0.5513142,1.0,0.5513142,0.1526406,0.5216594,0.0,0.0,0.5216594,0.0047363923,0.8869698,0.1526406,2.9227097,1.6733774,50.92992,-0.1947721,2.4928875,206.48398,0.49200457,0.49200457,1.0,206.48398,0.76595426,0.11303022,2.9227097,0.0047363923,0.5513142,0.06606538,0.0,1.6733774,2.4928875,0.49200457,0.1947721,0.0,0.5513142,0.1947721,0.84412616,0.49200457,1.0,0.5216594,lookahead,fk_orig0_bm1-s0to100br3-s100to200br2
/work/T-REX/external/Proteina-Complexa/inference/search_binder_local_pipeline_32_PDL1_ALPHA_REPACK_v7_r004_cand_v7r004_hyp_0004_00_001_af7f7c76a908b/job_0_n_235_id_22_fk_orig1_bm1-s0to100br1-s100to200br2/job_0_n_235_id_22_fk_orig1_bm1-s0to100br1-s100to200br2.pdb,89,"2,0,13,16,19,16,19,14,11,3,10,18,19,19,6,18,7,15,2,12,16,9,6,4,11,13,14,19,6,11,5,10,3,10,0,0,10,9,19,18,17,6,12,6,3,11,2,9,9,5,13,19,8,7,6,6,3,10,11,19,5,8,15,15,18,1,5,1,0,1,10,10,11,3,5,10,15,10,7,2,0,0,10,5,9,16,3,19,11,10,5,3,0,7,19,18,1,4,12,9,15,18,7,7,0,3,18,11,1,9,16,19,11,19,2,0,2,0,13,16,19,16,19,14,11,3,10,18,19,19,6,18,7,15,2,12,16,9,6,4,11,13,14,19,6,11,5,10,3,10,0,0,10,9,19,18,17,6,12,6,3,11,2,9,9,5,13,19,8,7,6,6,3,10,11,19,5,8,15,15,18,1,5,1,0,1,10,10,11,3,5,10,15,10,7,2,0,0,10,5,9,16,3,19,11,10,5,3,0,7,19,18,1,4,12,9,15,18,7,7,0,3,18,11,1,9,16,19,11,19,2,0,8,8,14",-0.52757823,0.29144785,3.0,0.0499625,60.351154,0.052847575,1.0,0.052847575,0.31862482,0.012686163,0.0,0.0,0.0499625,0.020721616,0.848579,0.31862482,4.918655,1.3336513,60.351154,-0.52757823,3.925156,197.02454,0.012170958,0.047077425,1.0,197.02454,0.27041948,0.15142101,4.918655,0.020721616,0.013201368,0.29144785,0.0,1.3336513,3.925156,0.012170958,0.52757823,0.0,0.013201368,0.52757823,0.5906759,0.047077425,1.0,0.012686163,lookahead,fk_orig1_bm1-s0to100br1-s100to200br2
/work/T-REX/external/Proteina-Complexa/inference/search_binder_local_pipeline_32_PDL1_ALPHA_REPACK_v7_r004_cand_v7r004_hyp_0004_00_001_af7f7c76a908b/job_0_n_184_id_22_fk_orig2_bm3-s0to100br1-s100to200br2/job_0_n_184_id_22_fk_orig2_bm3-s0to100br1-s100to200br2.pdb,90,"2,0,13,16,19,16,19,14,11,3,10,18,19,19,6,18,7,15,2,12,16,9,6,4,11,13,14,19,6,11,5,10,3,10,0,0,10,9,19,18,17,6,12,6,3,11,2,9,9,5,13,19,8,7,6,6,3,10,11,19,5,8,15,15,18,1,5,1,0,1,10,10,11,3,5,10,15,10,7,2,0,0,10,5,9,16,3,19,11,10,5,3,0,7,19,18,1,4,12,9,15,18,7,7,0,3,18,11,1,9,16,19,11,19,2,0,7,15,11,8,14,15,19,9,0,0,5,5,0,19,3,18,0,11,1,18,11,6,16,7,0,6,6,3,10,19,6,0,5,11,5,13,6,19,0,11,13,13,15,3,1,19,11,3,14,11,6,11,6,6,0,6,15,10,10,11,6,0,11,3,10,10,2,3,0,0,0,0,0,0,0,0,0,0,0,0,0,0,0,0,0,0,0,0,0,0,0,0,0,0,0,0,0,0,0,0,0,0,0,0,0,0,0,0,0,0,0,0,0,0,0,0,0,0,0",-0.42805237,0.21156561,3.0,0.08592028,50.943295,0.10595727,1.0,0.10595727,0.30613917,0.023280049,0.0,0.0,0.08592028,0.009370261,0.81931376,0.30613917,3.3041496,1.4504423,50.943295,-0.42805237,3.271197,210.88853,0.022271374,0.065883294,1.0,210.88853,0.3617106,0.18068627,3.3041496,0.009370261,0.024288723,0.21156561,0.0,1.4504423,3.271197,0.022271374,0.42805237,0.0,0.024288723,0.42805237,0.69372946,0.065883294,1.0,0.023280049,lookahead,fk_orig2_bm3-s0to100br1-s100to200br2
/work/T-REX/external/Proteina-Complexa/inference/search_binder_local_pipeline_32_PDL1_ALPHA_REPACK_v7_r004_cand_v7r004_hyp_0004_00_001_af7f7c76a908b/job_0_n_222_id_22_fk_orig3_bm2-s0to100br2-s100to200br2/job_0_n_222_id_22_fk_orig3_bm2-s0to100br2-s100to200br2.pdb,91,"2,0,13,16,19,16,19,14,11,3,10,18,19,19,6,18,7,15,2,12,16,9,6,4,11,13,14,19,6,11,5,10,3,10,0,0,10,9,19,18,17,6,12,6,3,11,2,9,9,5,13,19,8,7,6,6,3,10,11,19,5,8,15,15,18,1,5,1,0,1,10,10,11,3,5,10,15,10,7,2,0,0,10,5,9,16,3,19,11,10,5,3,0,7,19,18,1,4,12,9,15,18,7,7,0,3,18,11,1,9,16,19,11,19,2,0,0,13,16,19,2,19,14,11,3,10,18,19,19,6,6,7,6,2,19,16,10,6,4,11,14,15,11,11,19,6,2,10,2,10,10,16,19,16,17,10,3,14,2,11,2,16,9,9,1,13,19,8,7,6,6,11,19,2,0,15,14,1,13,11,10,10,11,3,16,13,15,10,5,9,16,2,16,11,10,5,3,15,7,19,18,11,4,13,19,13,18,7,7,0,3,0,11,1,9,16,10,11,19,16,0,14,0,0,0,0,0,0,0,0,0,0,0,0,0",-0.57946134,0.3281595,3.0,0.017882956,124.90308,0.018355114,1.0,0.018355114,0.36042228,0.0057817176,0.0,0.0,0.017882956,0.0034283828,0.81926686,0.36042228,23.598719,1.5638013,124.90308,-0.57946134,4.0886765,241.29688,0.0,0.017410798,1.0,241.29688,0.2294384,0.18073316,23.598719,0.0034283828,0.011563435,0.3281595,0.0,1.5638013,4.0886765,0.0,0.57946134,0.0,0.011563435,0.57946134,0.58061206,0.017410798,1.0,0.0057817176,lookahead,fk_orig3_bm2-s0to100br2-s100to200br2
/work/T-REX/external/Proteina-Complexa/inference/search_binder_local_pipeline_32_PDL1_ALPHA_REPACK_v7_r004_cand_v7r004_hyp_0004_00_001_af7f7c76a908b/job_0_n_211_id_23_fk_orig0_bm1-s0to100br3-s100to200br3/job_0_n_211_id_23_fk_orig0_bm1-s0to100br3-s100to200br3.pdb,92,"2,0,13,16,19,16,19,14,11,3,10,18,19,19,6,18,7,15,2,12,16,9,6,4,11,13,14,19,6,11,5,10,3,10,0,0,10,9,19,18,17,6,12,6,3,11,2,9,9,5,13,19,8,7,6,6,3,10,11,19,5,8,15,15,18,1,5,1,0,1,10,10,11,3,5,10,15,10,7,2,0,0,10,5,9,16,3,19,11,10,5,3,0,7,19,18,1,4,12,9,15,18,7,7,0,3,18,11,1,9,16,19,11,19,2,0,15,19,11,3,13,19,10,5,9,10,3,6,11,7,14,15,11,10,15,3,6,19,19,2,10,10,11,11,10,10,2,3,1,11,2,6,6,19,9,15,6,10,11,11,10,10,6,10,16,14,15,5,6,5,10,10,11,3,9,15,6,15,11,2,3,11,6,13,18,1,2,13,0,13,10,10,11,2,10,11,19,9,3,2,3,3,13,3,5,9,10,11,10,16,9,0,0,0,0,0,0,0,0,0,0,0,0,0,0,0,0,0,0,0,0,0,0,0,0",-0.24199004,0.109987676,3.0,0.32984522,44.258556,0.35278538,1.0,0.35278538,0.17617697,0.32984522,0.0,0.0,0.32984522,0.001230228,0.87556773,0.17617697,2.5934877,1.7664025,44.258556,-0.24199004,2.8811402,200.40727,0.30690506,0.30690506,1.0,200.40727,0.6400152,0.12443225,2.5934877,0.001230228,0.35278538,0.109987676,0.0,1.7664025,2.8811402,0.30690506,0.24199004,0.0,0.35278538,0.24199004,0.7904537,0.30690506,1.0,0.32984522,lookahead,fk_orig0_bm1-s0to100br3-s100to200br3
/work/T-REX/external/Proteina-Complexa/inference/search_binder_local_pipeline_32_PDL1_ALPHA_REPACK_v7_r004_cand_v7r004_hyp_0004_00_001_af7f7c76a908b/job_0_n_235_id_23_fk_orig1_bm1-s0to100br1-s100to200br3/job_0_n_235_id_23_fk_orig1_bm1-s0to100br1-s100to200br3.pdb,93,"2,0,13,16,19,16,19,14,11,3,10,18,19,19,6,18,7,15,2,12,16,9,6,4,11,13,14,19,6,11,5,10,3,10,0,0,10,9,19,18,17,6,12,6,3,11,2,9,9,5,13,19,8,7,6,6,3,10,11,19,5,8,15,15,18,1,5,1,0,1,10,10,11,3,5,10,15,10,7,2,0,0,10,5,9,16,3,19,11,10,5,3,0,7,19,18,1,4,12,9,15,18,7,7,0,3,18,11,1,9,16,19,11,19,2,0,2,0,13,16,19,16,19,14,11,3,10,18,19,19,6,18,7,15,2,12,16,9,6,4,11,13,14,19,6,11,5,10,3,10,0,0,10,9,19,18,17,6,12,6,3,11,2,9,9,5,13,19,8,7,6,6,3,10,11,19,5,8,15,15,18,1,5,1,0,1,10,10,11,3,5,10,15,10,7,2,0,0,10,5,9,16,3,19,11,10,5,3,0,7,19,18,1,4,12,9,15,18,7,7,0,3,18,11,1,9,16,19,11,19,2,0,11,0,0",-0.5315889,0.29198202,3.0,0.047310762,64.34025,0.04906179,1.0,0.04906179,0.31950742,0.012645906,0.0,0.0,0.047310762,0.0068543255,0.85029954,0.31950742,4.953147,1.3217055,64.34025,-0.5315889,3.9425647,198.66505,0.012482154,0.045559738,1.0,198.66505,0.26496762,0.14970046,4.953147,0.0068543255,0.0128096575,0.29198202,0.0,1.3217055,3.9425647,0.012482154,0.5315889,0.0,0.0128096575,0.5315889,0.5890966,0.045559738,1.0,0.012645906,lookahead,fk_orig1_bm1-s0to100br1-s100to200br3
/work/T-REX/external/Proteina-Complexa/inference/search_binder_local_pipeline_32_PDL1_ALPHA_REPACK_v7_r004_cand_v7r004_hyp_0004_00_001_af7f7c76a908b/job_0_n_184_id_23_fk_orig2_bm3-s0to100br1-s100to200br3/job_0_n_184_id_23_fk_orig2_bm3-s0to100br1-s100to200br3.pdb,94,"2,0,13,16,19,16,19,14,11,3,10,18,19,19,6,18,7,15,2,12,16,9,6,4,11,13,14,19,6,11,5,10,3,10,0,0,10,9,19,18,17,6,12,6,3,11,2,9,9,5,13,19,8,7,6,6,3,10,11,19,5,8,15,15,18,1,5,1,0,1,10,10,11,3,5,10,15,10,7,2,0,0,10,5,9,16,3,19,11,10,5,3,0,7,19,18,1,4,12,9,15,18,7,7,0,3,18,11,1,9,16,19,11,19,2,0,0,6,11,8,14,0,19,9,0,0,1,5,0,1,3,18,0,11,0,18,5,6,16,7,0,10,6,3,10,5,6,0,5,11,18,18,6,19,0,11,11,13,19,6,15,19,11,3,14,3,6,11,11,6,0,6,16,10,10,6,6,0,11,0,10,10,6,15,0,0,0,0,0,0,0,0,0,0,0,0,0,0,0,0,0,0,0,0,0,0,0,0,0,0,0,0,0,0,0,0,0,0,0,0,0,0,0,0,0,0,0,0,0,0,0,0,0,0,0",-0.45182103,0.24504103,3.0,0.06537242,54.44504,0.07109809,1.0,0.07109809,0.31549373,0.01470923,0.0,0.0,0.06537242,0.0023920115,0.83384645,0.31549373,4.086869,1.2996302,54.44504,-0.45182103,3.2868063,201.49245,0.014618119,0.059646748,1.0,201.49245,0.343578,0.16615357,4.086869,0.0023920115,0.01480034,0.24504103,0.0,1.2996302,3.2868063,0.014618119,0.45182103,0.0,0.01480034,0.45182103,0.6895615,0.059646748,1.0,0.01470923,lookahead,fk_orig2_bm3-s0to100br1-s100to200br3
/work/T-REX/external/Proteina-Complexa/inference/search_binder_local_pipeline_32_PDL1_ALPHA_REPACK_v7_r004_cand_v7r004_hyp_0004_00_001_af7f7c76a908b/job_0_n_222_id_23_fk_orig3_bm2-s0to100br2-s100to200br3/job_0_n_222_id_23_fk_orig3_bm2-s0to100br2-s100to200br3.pdb,95,"2,0,13,16,19,16,19,14,11,3,10,18,19,19,6,18,7,15,2,12,16,9,6,4,11,13,14,19,6,11,5,10,3,10,0,0,10,9,19,18,17,6,12,6,3,11,2,9,9,5,13,19,8,7,6,6,3,10,11,19,5,8,15,15,18,1,5,1,0,1,10,10,11,3,5,10,15,10,7,2,0,0,10,5,9,16,3,19,11,10,5,3,0,7,19,18,1,4,12,9,15,18,7,7,0,3,18,11,1,9,16,19,11,19,2,0,0,13,11,19,10,19,14,11,3,15,18,16,19,16,6,7,6,2,19,16,10,6,4,11,14,3,19,3,5,9,3,10,15,2,10,16,13,18,17,10,3,14,5,2,11,2,9,18,5,9,2,1,7,19,6,16,5,2,0,3,15,1,18,9,10,5,11,15,2,10,15,10,19,9,11,3,16,1,19,15,3,15,7,19,18,11,4,9,19,13,18,11,7,0,3,0,11,11,9,16,10,16,19,11,0,11,0,0,0,0,0,0,0,0,0,0,0,0,0",-0.49700847,0.22551242,3.0,0.06975481,127.43768,0.07101778,1.0,0.07101778,0.31360748,0.0145583,0.0,0.0,0.06975481,0.0023142672,0.8283781,0.31360748,24.069057,1.5848622,127.43768,-0.49700847,3.8330038,236.03725,0.0142786205,0.06849185,1.0,236.03725,0.29769745,0.17162189,24.069057,0.0023142672,0.01483798,0.22551242,0.0,1.5848622,3.8330038,0.0142786205,0.49700847,0.0,0.01483798,0.49700847,0.6131127,0.06849185,1.0,0.0145583,lookahead,fk_orig3_bm2-s0to100br2-s100to200br3
/work/T-REX/external/Proteina-Complexa/inference/search_binder_local_pipeline_32_PDL1_ALPHA_REPACK_v7_r004_cand_v7r004_hyp_0004_00_001_af7f7c76a908b/job_0_n_211_id_24_fk_orig0_bm1-s0to100br3-s100to200br0/job_0_n_211_id_24_fk_orig0_bm1-s0to100br3-s100to200br0.pdb,96,"2,0,13,16,19,16,19,14,11,3,10,18,19,19,6,18,7,15,2,12,16,9,6,4,11,13,14,19,6,11,5,10,3,10,0,0,10,9,19,18,17,6,12,6,3,11,2,9,9,5,13,19,8,7,6,6,3,10,11,19,5,8,15,15,18,1,5,1,0,1,10,10,11,3,5,10,15,10,7,2,0,0,10,5,9,16,3,19,11,10,5,3,0,7,19,18,1,4,12,9,15,18,7,7,0,3,18,11,1,9,16,19,11,19,2,0,15,5,0,11,6,10,10,9,11,0,9,6,3,2,5,15,11,19,15,2,2,19,0,2,6,10,11,11,19,9,6,7,11,15,15,0,6,2,10,9,16,0,10,11,3,15,11,0,15,0,15,16,9,2,10,0,6,6,10,11,16,19,11,15,6,15,6,11,9,1,9,10,0,13,9,10,8,2,10,11,19,9,3,15,3,16,10,7,5,9,10,11,0,15,10,0,0,0,0,0,0,0,0,0,0,0,0,0,0,0,0,0,0,0,0,0,0,0,0",-0.19363849,0.079118654,3.0,0.46409142,49.160496,0.49114838,1.0,0.49114838,0.14187008,0.46409142,0.0,0.0,0.46409142,0.001293759,0.91693133,0.14187008,2.879814,1.4194491,49.160496,-0.19363849,2.3359005,193.02055,0.43703446,0.43703446,1.0,193.02055,0.74391115,0.083068654,2.879814,0.001293759,0.49114838,0.079118654,0.0,1.4194491,2.3359005,0.43703446,0.19363849,0.0,0.49114838,0.19363849,0.84120107,0.43703446,1.0,0.46409142,lookahead,fk_orig0_bm1-s0to100br3-s100to200br0
/work/T-REX/external/Proteina-Complexa/inference/search_binder_local_pipeline_32_PDL1_ALPHA_REPACK_v7_r004_cand_v7r004_hyp_0004_00_001_af7f7c76a908b/job_0_n_235_id_24_fk_orig1_bm0-s0to100br2-s100to200br0/job_0_n_235_id_24_fk_orig1_bm0-s0to100br2-s100to200br0.pdb,97,"2,0,13,16,19,16,19,14,11,3,10,18,19,19,6,18,7,15,2,12,16,9,6,4,11,13,14,19,6,11,5,10,3,10,0,0,10,9,19,18,17,6,12,6,3,11,2,9,9,5,13,19,8,7,6,6,3,10,11,19,5,8,15,15,18,1,5,1,0,1,10,10,11,3,5,10,15,10,7,2,0,0,10,5,9,16,3,19,11,10,5,3,0,7,19,18,1,4,12,9,15,18,7,7,0,3,18,11,1,9,16,19,11,19,2,0,0,13,16,19,16,19,14,11,3,10,18,19,19,6,18,7,15,2,12,16,9,6,4,11,13,14,19,6,11,5,10,3,10,0,0,10,9,19,18,17,6,12,6,3,11,2,9,9,5,13,19,8,7,6,6,3,10,11,19,5,8,15,15,18,1,5,1,0,1,10,10,11,3,5,10,15,10,7,2,0,0,10,5,9,16,3,19,11,10,5,3,0,7,19,18,1,4,12,9,15,18,7,7,0,3,18,11,1,9,16,19,11,19,2,0,14,3,8,13",-0.54449403,0.30896738,3.0,0.03967768,59.244583,0.04137623,1.0,0.04137623,0.32552636,0.011998088,0.0,0.0,0.03967768,0.015033835,0.8528306,0.32552636,4.7524414,1.3299699,59.244583,-0.54449403,3.972986,197.6535,0.011500493,0.037979133,1.0,197.6535,0.25815395,0.1471694,4.7524414,0.015033835,0.0124956835,0.30896738,0.0,1.3299699,3.972986,0.011500493,0.54449403,0.0,0.0124956835,0.54449403,0.5851779,0.037979133,1.0,0.011998088,lookahead,fk_orig1_bm0-s0to100br2-s100to200br0
/work/T-REX/external/Proteina-Complexa/inference/search_binder_local_pipeline_32_PDL1_ALPHA_REPACK_v7_r004_cand_v7r004_hyp_0004_00_001_af7f7c76a908b/job_0_n_184_id_24_fk_orig2_bm0-s0to100br0-s100to200br0/job_0_n_184_id_24_fk_orig2_bm0-s0to100br0-s100to200br0.pdb,98,"2,0,13,16,19,16,19,14,11,3,10,18,19,19,6,18,7,15,2,12,16,9,6,4,11,13,14,19,6,11,5,10,3,10,0,0,10,9,19,18,17,6,12,6,3,11,2,9,9,5,13,19,8,7,6,6,3,10,11,19,5,8,15,15,18,1,5,1,0,1,10,10,11,3,5,10,15,10,7,2,0,0,10,5,9,16,3,19,11,10,5,3,0,7,19,18,1,4,12,9,15,18,7,7,0,3,18,11,1,9,16,19,11,19,2,0,2,14,2,10,6,6,0,11,11,10,13,6,6,7,1,3,11,10,19,15,2,2,15,15,10,0,11,11,10,13,5,11,0,18,7,11,10,11,15,6,6,3,11,11,0,13,6,6,18,19,0,15,11,16,15,7,6,10,11,11,6,19,10,15,12,19,5,0,0,0,0,0,0,0,0,0,0,0,0,0,0,0,0,0,0,0,0,0,0,0,0,0,0,0,0,0,0,0,0,0,0,0,0,0,0,0,0,0,0,0,0,0,0,0,0,0,0,0,0",-0.28953,0.12465636,3.0,0.2156046,26.106604,0.25482842,1.0,0.25482842,0.21870536,0.21532375,0.0,0.0,0.2156046,0.0028283868,0.86601996,0.21870536,0.702959,1.7833939,26.106604,-0.28953,2.7655513,157.81104,0.17638077,0.17638077,1.0,157.81104,0.62829673,0.13398002,0.702959,0.0028283868,0.25426674,0.12465636,0.0,1.7833939,2.7655513,0.17638077,0.28953,0.0,0.25426674,0.28953,0.7939109,0.17638077,1.0,0.21532375,lookahead,fk_orig2_bm0-s0to100br0-s100to200br0
/work/T-REX/external/Proteina-Complexa/inference/search_binder_local_pipeline_32_PDL1_ALPHA_REPACK_v7_r004_cand_v7r004_hyp_0004_00_001_af7f7c76a908b/job_0_n_222_id_24_fk_orig3_bm3-s0to100br3-s100to200br0/job_0_n_222_id_24_fk_orig3_bm3-s0to100br3-s100to200br0.pdb,99,"2,0,13,16,19,16,19,14,11,3,10,18,19,19,6,18,7,15,2,12,16,9,6,4,11,13,14,19,6,11,5,10,3,10,0,0,10,9,19,18,17,6,12,6,3,11,2,9,9,5,13,19,8,7,6,6,3,10,11,19,5,8,15,15,18,1,5,1,0,1,10,10,11,3,5,10,15,10,7,2,0,0,10,5,9,16,3,19,11,10,5,3,0,7,19,18,1,4,12,9,15,18,7,7,0,3,18,11,1,9,16,19,11,19,2,0,2,0,13,16,19,16,19,14,11,3,10,18,19,19,6,18,7,15,2,12,16,9,6,4,11,13,14,19,6,11,5,10,3,10,0,0,10,9,19,18,17,6,12,6,3,11,2,9,9,5,13,19,8,7,6,6,3,10,11,19,5,8,15,15,18,1,5,1,0,1,10,10,11,3,5,10,15,10,7,2,0,0,10,5,9,16,3,19,11,10,5,3,0,7,19,18,1,4,12,9,15,18,7,7,0,3,0,0,0,0,0,0,0,0,0,0,0,0,0",-0.535457,0.324079,3.0,0.037438575,53.778736,0.039639615,1.0,0.039639615,0.33001113,0.006176072,0.0,0.0,0.037438575,0.0027570203,0.8434927,0.33001113,3.8035915,1.415141,53.778736,-0.535457,3.9050593,203.45862,0.0,0.035237536,1.0,203.45862,0.2583429,0.1565073,3.8035915,0.0027570203,0.012352144,0.324079,0.0,1.415141,3.9050593,0.0,0.535457,0.0,0.012352144,0.535457,0.5960096,0.035237536,1.0,0.006176072,lookahead,fk_orig3_bm3-s0to100br3-s100to200br0
/work/T-REX/external/Proteina-Complexa/inference/search_binder_local_pipeline_32_PDL1_ALPHA_REPACK_v7_r004_cand_v7r004_hyp_0004_00_001_af7f7c76a908b/job_0_n_211_id_25_fk_orig0_bm1-s0to100br3-s100to200br1/job_0_n_211_id_25_fk_orig0_bm1-s0to100br3-s100to200br1.pdb,100,"2,0,13,16,19,16,19,14,11,3,10,18,19,19,6,18,7,15,2,12,16,9,6,4,11,13,14,19,6,11,5,10,3,10,0,0,10,9,19,18,17,6,12,6,3,11,2,9,9,5,13,19,8,7,6,6,3,10,11,19,5,8,15,15,18,1,5,1,0,1,10,10,11,3,5,10,15,10,7,2,0,0,10,5,9,16,3,19,11,10,5,3,0,7,19,18,1,4,12,9,15,18,7,7,0,3,18,11,1,9,16,19,11,19,2,0,15,19,19,3,16,19,10,6,11,0,10,11,0,0,5,6,0,11,6,3,10,11,0,6,10,19,1,11,10,11,15,7,11,0,15,6,15,6,9,10,0,10,10,16,11,10,7,0,15,0,15,19,12,3,10,0,1,3,19,19,15,6,11,18,16,16,15,11,2,1,16,10,7,13,10,10,8,15,10,11,10,0,16,19,3,3,19,0,6,10,12,11,19,11,3,0,0,0,0,0,0,0,0,0,0,0,0,0,0,0,0,0,0,0,0,0,0,0,0",-0.20522451,0.075383455,3.0,0.43463865,31.959127,0.46217796,1.0,0.46217796,0.15470484,0.43463865,0.0,0.0,0.43463865,0.0014300115,0.89706063,0.15470484,1.396118,1.5742617,31.959127,-0.20522451,2.4778216,188.7721,0.40709934,0.40709934,1.0,188.7721,0.7216826,0.10293937,1.396118,0.0014300115,0.46217796,0.075383455,0.0,1.5742617,2.4778216,0.40709934,0.20522451,0.0,0.46217796,0.20522451,0.82499826,0.40709934,1.0,0.43463865,lookahead,fk_orig0_bm1-s0to100br3-s100to200br1
/work/T-REX/external/Proteina-Complexa/inference/search_binder_local_pipeline_32_PDL1_ALPHA_REPACK_v7_r004_cand_v7r004_hyp_0004_00_001_af7f7c76a908b/job_0_n_235_id_25_fk_orig1_bm0-s0to100br2-s100to200br1/job_0_n_235_id_25_fk_orig1_bm0-s0to100br2-s100to200br1.pdb,101,"2,0,13,16,19,16,19,14,11,3,10,18,19,19,6,18,7,15,2,12,16,9,6,4,11,13,14,19,6,11,5,10,3,10,0,0,10,9,19,18,17,6,12,6,3,11,2,9,9,5,13,19,8,7,6,6,3,10,11,19,5,8,15,15,18,1,5,1,0,1,10,10,11,3,5,10,15,10,7,2,0,0,10,5,9,16,3,19,11,10,5,3,0,7,19,18,1,4,12,9,15,18,7,7,0,3,18,11,1,9,16,19,11,19,2,0,0,13,16,19,16,19,14,11,3,10,18,19,19,6,18,7,15,2,12,16,9,6,4,11,13,14,19,6,11,5,10,3,10,0,0,10,9,19,18,17,6,12,6,3,11,2,9,9,5,13,19,8,7,6,6,3,10,11,19,5,8,15,15,18,1,5,1,0,1,10,10,11,3,5,10,15,10,7,2,0,0,10,5,9,16,3,19,11,10,5,3,0,7,19,18,1,4,12,9,15,18,7,7,0,3,18,11,1,9,16,19,11,19,2,0,14,3,3,19",-0.5328887,0.29838556,3.0,0.047145203,61.83749,0.048778497,1.0,0.048778497,0.32048544,0.012546299,0.0,0.0,0.047145203,0.01631571,0.8516635,0.32048544,4.744054,1.3198378,61.83749,-0.5328887,3.9576263,195.00514,0.012253236,0.04551191,1.0,195.00514,0.26375502,0.14833653,4.744054,0.01631571,0.012839362,0.29838556,0.0,1.3198378,3.9576263,0.012253236,0.5328887,0.0,0.012839362,0.5328887,0.58793616,0.04551191,1.0,0.012546299,lookahead,fk_orig1_bm0-s0to100br2-s100to200br1
/work/T-REX/external/Proteina-Complexa/inference/search_binder_local_pipeline_32_PDL1_ALPHA_REPACK_v7_r004_cand_v7r004_hyp_0004_00_001_af7f7c76a908b/job_0_n_184_id_25_fk_orig2_bm0-s0to100br0-s100to200br1/job_0_n_184_id_25_fk_orig2_bm0-s0to100br0-s100to200br1.pdb,102,"2,0,13,16,19,16,19,14,11,3,10,18,19,19,6,18,7,15,2,12,16,9,6,4,11,13,14,19,6,11,5,10,3,10,0,0,10,9,19,18,17,6,12,6,3,11,2,9,9,5,13,19,8,7,6,6,3,10,11,19,5,8,15,15,18,1,5,1,0,1,10,10,11,3,5,10,15,10,7,2,0,0,10,5,9,16,3,19,11,10,5,3,0,7,19,18,1,4,12,9,15,18,7,7,0,3,18,11,1,9,16,19,11,19,2,0,19,10,16,5,11,6,0,19,2,1,10,11,6,19,19,1,5,13,19,0,1,2,6,6,10,0,11,11,10,13,15,6,10,11,5,11,15,15,14,6,9,13,6,8,10,10,11,6,6,9,14,11,10,10,7,6,5,10,1,6,3,13,10,11,10,19,7,19,0,0,0,0,0,0,0,0,0,0,0,0,0,0,0,0,0,0,0,0,0,0,0,0,0,0,0,0,0,0,0,0,0,0,0,0,0,0,0,0,0,0,0,0,0,0,0,0,0,0,0",-0.2968587,0.12969017,3.0,0.20061985,32.18233,0.23408179,1.0,0.23408179,0.21570218,0.19858433,0.0,0.0,0.20061985,0.0012111769,0.8882543,0.21570218,0.92407614,1.5860687,32.18233,-0.2968587,2.9329245,154.9226,0.16454361,0.1671579,1.0,154.9226,0.5691962,0.11174573,0.92407614,0.0012111769,0.23262505,0.12969017,0.0,1.5860687,2.9329245,0.16454361,0.2968587,0.0,0.23262505,0.2968587,0.7706157,0.1671579,1.0,0.19858433,lookahead,fk_orig2_bm0-s0to100br0-s100to200br1
/work/T-REX/external/Proteina-Complexa/inference/search_binder_local_pipeline_32_PDL1_ALPHA_REPACK_v7_r004_cand_v7r004_hyp_0004_00_001_af7f7c76a908b/job_0_n_222_id_25_fk_orig3_bm3-s0to100br3-s100to200br1/job_0_n_222_id_25_fk_orig3_bm3-s0to100br3-s100to200br1.pdb,103,"2,0,13,16,19,16,19,14,11,3,10,18,19,19,6,18,7,15,2,12,16,9,6,4,11,13,14,19,6,11,5,10,3,10,0,0,10,9,19,18,17,6,12,6,3,11,2,9,9,5,13,19,8,7,6,6,3,10,11,19,5,8,15,15,18,1,5,1,0,1,10,10,11,3,5,10,15,10,7,2,0,0,10,5,9,16,3,19,11,10,5,3,0,7,19,18,1,4,12,9,15,18,7,7,0,3,18,11,1,9,16,19,11,19,2,0,2,0,13,16,19,16,19,14,11,3,10,18,19,19,6,18,7,15,2,12,16,9,6,4,11,13,14,19,6,11,5,10,3,10,0,0,10,9,19,18,17,6,12,6,3,11,2,9,9,5,13,19,8,7,6,6,3,10,11,19,5,8,15,15,18,1,5,1,0,1,10,10,11,3,5,10,15,10,7,2,0,0,10,5,9,16,3,19,11,10,5,3,0,7,19,18,1,4,12,9,15,18,7,7,0,3,0,0,0,0,0,0,0,0,0,0,0,0,0",-0.5396445,0.3257631,3.0,0.03362479,51.371563,0.03787338,1.0,0.03787338,0.3326172,0.0061169793,0.0,0.0,0.03362479,0.002777071,0.8426235,0.3326172,3.4719963,1.4221147,51.371563,-0.5396445,3.9134402,201.7665,0.0,0.029376205,1.0,201.7665,0.25501913,0.15737653,3.4719963,0.002777071,0.012233959,0.3257631,0.0,1.4221147,3.9134402,0.0,0.5396445,0.0,0.012233959,0.5396445,0.59445965,0.029376205,1.0,0.0061169793,lookahead,fk_orig3_bm3-s0to100br3-s100to200br1
/work/T-REX/external/Proteina-Complexa/inference/search_binder_local_pipeline_32_PDL1_ALPHA_REPACK_v7_r004_cand_v7r004_hyp_0004_00_001_af7f7c76a908b/job_0_n_211_id_26_fk_orig0_bm1-s0to100br3-s100to200br2/job_0_n_211_id_26_fk_orig0_bm1-s0to100br3-s100to200br2.pdb,104,"2,0,13,16,19,16,19,14,11,3,10,18,19,19,6,18,7,15,2,12,16,9,6,4,11,13,14,19,6,11,5,10,3,10,0,0,10,9,19,18,17,6,12,6,3,11,2,9,9,5,13,19,8,7,6,6,3,10,11,19,5,8,15,15,18,1,5,1,0,1,10,10,11,3,5,10,15,10,7,2,0,0,10,5,9,16,3,19,11,10,5,3,0,7,19,18,1,4,12,9,15,18,7,7,0,3,18,11,1,9,16,19,11,19,2,0,15,10,10,6,11,0,11,11,10,10,10,11,6,19,11,6,11,16,3,3,3,9,18,6,10,19,10,1,10,10,2,2,14,11,3,6,9,0,10,16,16,10,10,9,1,10,11,0,6,15,15,3,6,6,10,19,8,3,9,10,2,0,11,15,3,6,6,0,10,13,10,10,0,13,10,10,8,11,18,11,10,9,15,19,15,16,10,3,10,13,15,1,0,0,1,0,0,0,0,0,0,0,0,0,0,0,0,0,0,0,0,0,0,0,0,0,0,0,0",-0.15558885,0.045074116,3.0,0.65610033,58.670486,0.7065716,1.0,0.7065716,0.122251324,0.65610033,0.0,0.0,0.65610033,0.0008567773,0.93117714,0.122251324,5.5280375,1.4394442,58.670486,-0.15558885,2.1958337,226.74821,0.6056291,0.6056291,1.0,226.74821,0.83308744,0.068822876,5.5280375,0.0008567773,0.7065716,0.045074116,0.0,1.4394442,2.1958337,0.6056291,0.15558885,0.0,0.7065716,0.15558885,0.8800794,0.6056291,1.0,0.65610033,lookahead,fk_orig0_bm1-s0to100br3-s100to200br2
/work/T-REX/external/Proteina-Complexa/inference/search_binder_local_pipeline_32_PDL1_ALPHA_REPACK_v7_r004_cand_v7r004_hyp_0004_00_001_af7f7c76a908b/job_0_n_235_id_26_fk_orig1_bm0-s0to100br2-s100to200br2/job_0_n_235_id_26_fk_orig1_bm0-s0to100br2-s100to200br2.pdb,105,"2,0,13,16,19,16,19,14,11,3,10,18,19,19,6,18,7,15,2,12,16,9,6,4,11,13,14,19,6,11,5,10,3,10,0,0,10,9,19,18,17,6,12,6,3,11,2,9,9,5,13,19,8,7,6,6,3,10,11,19,5,8,15,15,18,1,5,1,0,1,10,10,11,3,5,10,15,10,7,2,0,0,10,5,9,16,3,19,11,10,5,3,0,7,19,18,1,4,12,9,15,18,7,7,0,3,18,11,1,9,16,19,11,19,2,0,0,13,16,19,16,19,14,11,3,10,18,19,19,6,18,7,15,2,12,16,9,6,4,11,13,14,19,6,11,5,10,3,10,0,0,10,9,19,18,17,6,12,6,3,11,2,9,9,5,13,19,8,7,6,6,3,10,11,19,5,8,15,15,18,1,5,1,0,1,10,10,11,3,5,10,15,10,7,2,0,0,10,5,9,16,3,19,11,10,5,3,0,7,19,18,1,4,12,9,15,18,7,7,0,3,18,11,1,9,16,19,11,19,2,0,8,8,8,8",-0.526151,0.28902525,3.0,0.053073816,57.356728,0.05445624,1.0,0.05445624,0.32049257,0.01262914,0.0,0.0,0.053073816,0.03342365,0.8461192,0.32049257,4.678293,1.356351,57.356728,-0.526151,3.9423947,196.56503,0.01231085,0.051691387,1.0,196.56503,0.27280188,0.15388077,4.678293,0.03342365,0.012947429,0.28902525,0.0,1.356351,3.9423947,0.01231085,0.526151,0.0,0.012947429,0.526151,0.5890521,0.051691387,1.0,0.01262914,lookahead,fk_orig1_bm0-s0to100br2-s100to200br2
/work/T-REX/external/Proteina-Complexa/inference/search_binder_local_pipeline_32_PDL1_ALPHA_REPACK_v7_r004_cand_v7r004_hyp_0004_00_001_af7f7c76a908b/job_0_n_184_id_26_fk_orig2_bm0-s0to100br0-s100to200br2/job_0_n_184_id_26_fk_orig2_bm0-s0to100br0-s100to200br2.pdb,106,"2,0,13,16,19,16,19,14,11,3,10,18,19,19,6,18,7,15,2,12,16,9,6,4,11,13,14,19,6,11,5,10,3,10,0,0,10,9,19,18,17,6,12,6,3,11,2,9,9,5,13,19,8,7,6,6,3,10,11,19,5,8,15,15,18,1,5,1,0,1,10,10,11,3,5,10,15,10,7,2,0,0,10,5,9,16,3,19,11,10,5,3,0,7,19,18,1,4,12,9,15,18,7,7,0,3,18,11,1,9,16,19,11,19,2,0,19,13,3,6,6,11,0,11,2,10,0,11,3,9,9,11,5,19,19,0,8,11,14,3,10,0,6,11,13,0,11,6,10,11,0,10,15,14,16,6,6,5,1,11,6,9,6,0,18,9,11,15,10,15,7,3,6,10,18,6,6,19,11,11,9,19,13,7,0,0,0,0,0,0,0,0,0,0,0,0,0,0,0,0,0,0,0,0,0,0,0,0,0,0,0,0,0,0,0,0,0,0,0,0,0,0,0,0,0,0,0,0,0,0,0,0,0,0,0",-0.46486422,0.2595548,3.0,0.07012743,33.491398,0.0800532,1.0,0.0800532,0.3275763,0.014154492,0.0,0.0,0.07012743,0.0030128981,0.82485396,0.3275763,1.2616304,1.8064802,33.491398,-0.46486422,3.4897485,178.8777,0.0129294535,0.06020165,1.0,178.8777,0.3767292,0.17514603,1.2616304,0.0030128981,0.015379531,0.2595548,0.0,1.8064802,3.4897485,0.0129294535,0.46486422,0.0,0.015379531,0.46486422,0.6978321,0.06020165,1.0,0.014154492,lookahead,fk_orig2_bm0-s0to100br0-s100to200br2
/work/T-REX/external/Proteina-Complexa/inference/search_binder_local_pipeline_32_PDL1_ALPHA_REPACK_v7_r004_cand_v7r004_hyp_0004_00_001_af7f7c76a908b/job_0_n_222_id_26_fk_orig3_bm3-s0to100br3-s100to200br2/job_0_n_222_id_26_fk_orig3_bm3-s0to100br3-s100to200br2.pdb,107,"2,0,13,16,19,16,19,14,11,3,10,18,19,19,6,18,7,15,2,12,16,9,6,4,11,13,14,19,6,11,5,10,3,10,0,0,10,9,19,18,17,6,12,6,3,11,2,9,9,5,13,19,8,7,6,6,3,10,11,19,5,8,15,15,18,1,5,1,0,1,10,10,11,3,5,10,15,10,7,2,0,0,10,5,9,16,3,19,11,10,5,3,0,7,19,18,1,4,12,9,15,18,7,7,0,3,18,11,1,9,16,19,11,19,2,0,2,0,13,16,19,16,19,14,11,3,10,18,19,19,6,18,7,15,2,12,16,9,6,4,11,13,14,19,6,11,5,10,3,10,0,0,10,9,19,18,17,6,12,6,3,11,2,9,9,5,13,19,8,7,6,6,3,10,11,19,5,8,15,15,18,1,5,1,0,1,10,10,11,3,5,10,15,10,7,2,0,0,10,5,9,16,3,19,11,10,5,3,0,7,19,18,1,4,12,9,15,18,7,7,0,3,0,0,0,0,0,0,0,0,0,0,0,0,0",-0.53757864,0.32333505,3.0,0.03473653,52.452057,0.03723148,1.0,0.03723148,0.33112186,0.0061260792,0.0,0.0,0.03473653,0.0027531628,0.84339386,0.33112186,3.8191762,1.4165769,52.452057,-0.53757864,3.910322,201.53116,0.0,0.032241583,1.0,201.53116,0.25650573,0.15660614,3.8191762,0.0027531628,0.0122521585,0.32333505,0.0,1.4165769,3.910322,0.0,0.53757864,0.0,0.0122521585,0.53757864,0.59499586,0.032241583,1.0,0.0061260792,lookahead,fk_orig3_bm3-s0to100br3-s100to200br2
/work/T-REX/external/Proteina-Complexa/inference/search_binder_local_pipeline_32_PDL1_ALPHA_REPACK_v7_r004_cand_v7r004_hyp_0004_00_001_af7f7c76a908b/job_0_n_211_id_27_fk_orig0_bm1-s0to100br3-s100to200br3/job_0_n_211_id_27_fk_orig0_bm1-s0to100br3-s100to200br3.pdb,108,"2,0,13,16,19,16,19,14,11,3,10,18,19,19,6,18,7,15,2,12,16,9,6,4,11,13,14,19,6,11,5,10,3,10,0,0,10,9,19,18,17,6,12,6,3,11,2,9,9,5,13,19,8,7,6,6,3,10,11,19,5,8,15,15,18,1,5,1,0,1,10,10,11,3,5,10,15,10,7,2,0,0,10,5,9,16,3,19,11,10,5,3,0,7,19,18,1,4,12,9,15,18,7,7,0,3,18,11,1,9,16,19,11,19,2,0,15,11,10,3,10,0,11,11,11,10,5,0,13,9,6,11,19,11,15,6,16,19,11,2,0,10,11,15,10,10,0,3,11,15,11,15,11,6,0,13,6,12,10,11,2,0,7,0,15,0,15,19,10,11,10,19,11,3,10,14,11,0,11,3,3,11,6,18,18,1,10,10,0,13,9,10,8,2,10,11,0,4,2,15,2,6,10,0,6,19,10,11,10,19,10,0,0,0,0,0,0,0,0,0,0,0,0,0,0,0,0,0,0,0,0,0,0,0,0",-0.30996296,0.15169561,3.0,0.20501164,31.543951,0.2124452,1.0,0.2124452,0.20575112,0.19907555,0.0,0.0,0.20501164,0.0011245891,0.888906,0.20575112,1.3175257,1.4919274,31.543951,-0.30996296,2.942557,199.96518,0.19461906,0.19757807,1.0,199.96518,0.53992563,0.111094005,1.3175257,0.0011245891,0.20353206,0.15169561,0.0,1.4919274,2.942557,0.19461906,0.30996296,0.0,0.20353206,0.30996296,0.7431641,0.19757807,1.0,0.19907555,lookahead,fk_orig0_bm1-s0to100br3-s100to200br3
/work/T-REX/external/Proteina-Complexa/inference/search_binder_local_pipeline_32_PDL1_ALPHA_REPACK_v7_r004_cand_v7r004_hyp_0004_00_001_af7f7c76a908b/job_0_n_235_id_27_fk_orig1_bm0-s0to100br2-s100to200br3/job_0_n_235_id_27_fk_orig1_bm0-s0to100br2-s100to200br3.pdb,109,"2,0,13,16,19,16,19,14,11,3,10,18,19,19,6,18,7,15,2,12,16,9,6,4,11,13,14,19,6,11,5,10,3,10,0,0,10,9,19,18,17,6,12,6,3,11,2,9,9,5,13,19,8,7,6,6,3,10,11,19,5,8,15,15,18,1,5,1,0,1,10,10,11,3,5,10,15,10,7,2,0,0,10,5,9,16,3,19,11,10,5,3,0,7,19,18,1,4,12,9,15,18,7,7,0,3,18,11,1,9,16,19,11,19,2,0,0,13,16,19,16,19,14,11,3,10,18,19,19,6,18,7,15,2,12,16,9,6,4,11,13,14,19,6,11,5,10,3,10,0,0,10,9,19,18,17,6,12,6,3,11,2,9,9,5,13,19,8,7,6,6,3,10,11,19,5,8,15,15,18,1,5,1,0,1,10,10,11,3,5,10,15,10,7,2,0,0,10,5,9,16,3,19,11,10,5,3,0,7,19,18,1,4,12,9,15,18,7,7,0,3,18,11,1,9,16,19,11,19,2,0,19,16,14,14",-0.53948504,0.30362713,3.0,0.044060808,57.640327,0.046239235,1.0,0.046239235,0.3235891,0.0122497175,0.0,0.0,0.044060808,0.012832279,0.8520454,0.3235891,4.7057295,1.3270993,57.640327,-0.53948504,3.97024,195.76439,0.011908097,0.04188238,1.0,195.76439,0.26119652,0.1479546,4.7057295,0.012832279,0.012591338,0.30362713,0.0,1.3270993,3.97024,0.011908097,0.53948504,0.0,0.012591338,0.53948504,0.5862175,0.04188238,1.0,0.0122497175,lookahead,fk_orig1_bm0-s0to100br2-s100to200br3
/work/T-REX/external/Proteina-Complexa/inference/search_binder_local_pipeline_32_PDL1_ALPHA_REPACK_v7_r004_cand_v7r004_hyp_0004_00_001_af7f7c76a908b/job_0_n_184_id_27_fk_orig2_bm0-s0to100br0-s100to200br3/job_0_n_184_id_27_fk_orig2_bm0-s0to100br0-s100to200br3.pdb,110,"2,0,13,16,19,16,19,14,11,3,10,18,19,19,6,18,7,15,2,12,16,9,6,4,11,13,14,19,6,11,5,10,3,10,0,0,10,9,19,18,17,6,12,6,3,11,2,9,9,5,13,19,8,7,6,6,3,10,11,19,5,8,15,15,18,1,5,1,0,1,10,10,11,3,5,10,15,10,7,2,0,0,10,5,9,16,3,19,11,10,5,3,0,7,19,18,1,4,12,9,15,18,7,7,0,3,18,11,1,9,16,19,11,19,2,0,0,19,16,12,6,3,19,10,2,10,0,3,6,0,9,11,5,13,19,0,8,2,2,6,6,0,6,11,10,0,11,6,0,19,2,15,4,16,15,6,6,6,11,11,6,10,6,0,18,19,11,15,11,16,7,14,6,10,18,10,6,19,11,11,9,13,13,7,0,0,0,0,0,0,0,0,0,0,0,0,0,0,0,0,0,0,0,0,0,0,0,0,0,0,0,0,0,0,0,0,0,0,0,0,0,0,0,0,0,0,0,0,0,0,0,0,0,0,0",-0.24624132,0.08355438,3.0,0.298078,30.125309,0.36008632,1.0,0.36008632,0.18158358,0.29759046,0.0,0.0,0.298078,0.0019756933,0.91751367,0.18158358,0.6918577,1.4087183,30.125309,-0.24624132,2.534424,134.07231,0.2350946,0.23606971,1.0,134.07231,0.670267,0.08248634,0.6918577,0.0019756933,0.36008632,0.08355438,0.0,1.4087183,2.534424,0.2350946,0.24624132,0.0,0.36008632,0.24624132,0.80735147,0.23606971,1.0,0.29759046,lookahead,fk_orig2_bm0-s0to100br0-s100to200br3
/work/T-REX/external/Proteina-Complexa/inference/search_binder_local_pipeline_32_PDL1_ALPHA_REPACK_v7_r004_cand_v7r004_hyp_0004_00_001_af7f7c76a908b/job_0_n_222_id_27_fk_orig3_bm3-s0to100br3-s100to200br3/job_0_n_222_id_27_fk_orig3_bm3-s0to100br3-s100to200br3.pdb,111,"2,0,13,16,19,16,19,14,11,3,10,18,19,19,6,18,7,15,2,12,16,9,6,4,11,13,14,19,6,11,5,10,3,10,0,0,10,9,19,18,17,6,12,6,3,11,2,9,9,5,13,19,8,7,6,6,3,10,11,19,5,8,15,15,18,1,5,1,0,1,10,10,11,3,5,10,15,10,7,2,0,0,10,5,9,16,3,19,11,10,5,3,0,7,19,18,1,4,12,9,15,18,7,7,0,3,18,11,1,9,16,19,11,19,2,0,2,0,13,16,19,16,19,14,11,3,10,18,19,19,6,18,7,15,2,12,16,9,6,4,11,13,14,19,6,11,5,10,3,10,0,0,10,9,19,18,17,6,12,6,3,11,2,9,9,5,13,19,8,7,6,6,3,10,11,19,5,8,15,15,18,1,5,1,0,1,10,10,11,3,5,10,15,10,7,2,0,0,10,5,9,16,3,19,11,10,5,3,0,7,19,18,1,4,12,9,15,18,7,7,0,3,0,0,0,0,0,0,0,0,0,0,0,0,0",-0.5404511,0.32367048,3.0,0.033154756,53.4436,0.03701704,1.0,0.03701704,0.3330493,0.0061659436,0.0,0.0,0.033154756,0.0027531886,0.8429842,0.3330493,3.582378,1.4199204,53.4436,-0.5404511,3.9148295,200.80795,0.0,0.029292474,1.0,200.80795,0.25526416,0.1570158,3.582378,0.0027531886,0.012331887,0.32367048,0.0,1.4199204,3.9148295,0.0,0.5404511,0.0,0.012331887,0.5404511,0.59452915,0.029292474,1.0,0.0061659436,lookahead,fk_orig3_bm3-s0to100br3-s100to200br3
/work/T-REX/external/Proteina-Complexa/inference/search_binder_local_pipeline_32_PDL1_ALPHA_REPACK_v7_r004_cand_v7r004_hyp_0004_00_001_af7f7c76a908b/job_0_n_211_id_28_fk_orig0_bm1-s0to100br3-s100to200br0/job_0_n_211_id_28_fk_orig0_bm1-s0to100br3-s100to200br0.pdb,112,"2,0,13,16,19,16,19,14,11,3,10,18,19,19,6,18,7,15,2,12,16,9,6,4,11,13,14,19,6,11,5,10,3,10,0,0,10,9,19,18,17,6,12,6,3,11,2,9,9,5,13,19,8,7,6,6,3,10,11,19,5,8,15,15,18,1,5,1,0,1,10,10,11,3,5,10,15,10,7,2,0,0,10,5,9,16,3,19,11,10,5,3,0,7,19,18,1,4,12,9,15,18,7,7,0,3,18,11,1,9,16,19,11,19,2,0,15,15,10,6,11,0,12,6,16,0,10,11,6,0,11,0,11,19,14,3,2,9,18,15,10,10,2,2,10,15,11,7,6,2,9,15,6,2,9,15,11,10,11,15,10,10,3,10,15,14,15,16,6,0,10,10,6,3,10,15,11,15,16,11,6,11,3,1,1,10,10,10,0,18,19,12,8,15,10,7,17,9,15,16,5,16,10,3,6,19,16,11,0,0,18,0,0,0,0,0,0,0,0,0,0,0,0,0,0,0,0,0,0,0,0,0,0,0,0",-0.29900804,0.14143384,3.0,0.20970602,44.384533,0.22829667,1.0,0.22829667,0.20094371,0.20449717,0.0,0.0,0.20970602,0.0009023027,0.88704497,0.20094371,2.5519397,1.4772403,44.384533,-0.29900804,2.9149685,199.76501,0.18710965,0.19111538,1.0,199.76501,0.5598245,0.11295501,2.5519397,0.0009023027,0.2218847,0.14143384,0.0,1.4772403,2.9149685,0.18710965,0.29900804,0.0,0.2218847,0.29900804,0.7514336,0.19111538,1.0,0.20449717,lookahead,fk_orig0_bm1-s0to100br3-s100to200br0
/work/T-REX/external/Proteina-Complexa/inference/search_binder_local_pipeline_32_PDL1_ALPHA_REPACK_v7_r004_cand_v7r004_hyp_0004_00_001_af7f7c76a908b/job_0_n_235_id_28_fk_orig1_bm1-s0to100br2-s100to200br0/job_0_n_235_id_28_fk_orig1_bm1-s0to100br2-s100to200br0.pdb,113,"2,0,13,16,19,16,19,14,11,3,10,18,19,19,6,18,7,15,2,12,16,9,6,4,11,13,14,19,6,11,5,10,3,10,0,0,10,9,19,18,17,6,12,6,3,11,2,9,9,5,13,19,8,7,6,6,3,10,11,19,5,8,15,15,18,1,5,1,0,1,10,10,11,3,5,10,15,10,7,2,0,0,10,5,9,16,3,19,11,10,5,3,0,7,19,18,1,4,12,9,15,18,7,7,0,3,18,11,1,9,16,19,11,19,2,0,0,13,16,19,16,19,14,11,3,10,18,19,19,6,18,7,15,2,12,16,9,6,4,11,13,14,19,6,11,5,10,3,10,0,0,10,9,19,18,17,6,12,6,3,11,2,9,9,5,13,19,8,7,6,6,3,10,11,19,5,8,15,15,18,1,5,1,0,1,10,10,11,3,5,10,15,10,7,2,0,0,10,5,9,16,3,19,11,10,5,3,0,7,19,18,1,4,12,9,15,18,7,7,0,3,18,11,1,9,16,19,11,19,2,0,16,14,10,14",-0.5394781,0.30034947,3.0,0.044490337,57.665344,0.046959378,1.0,0.046959378,0.32507172,0.012276031,0.0,0.0,0.044490337,0.013714618,0.84933305,0.32507172,5.13977,1.3382521,57.665344,-0.5394781,3.9685092,194.82684,0.012018222,0.042021293,1.0,194.82684,0.26449224,0.15066695,5.13977,0.013714618,0.01253384,0.30034947,0.0,1.3382521,3.9685092,0.012018222,0.5394781,0.0,0.01253384,0.5394781,0.58727235,0.042021293,1.0,0.012276031,lookahead,fk_orig1_bm1-s0to100br2-s100to200br0
/work/T-REX/external/Proteina-Complexa/inference/search_binder_local_pipeline_32_PDL1_ALPHA_REPACK_v7_r004_cand_v7r004_hyp_0004_00_001_af7f7c76a908b/job_0_n_184_id_28_fk_orig2_bm3-s0to100br1-s100to200br0/job_0_n_184_id_28_fk_orig2_bm3-s0to100br1-s100to200br0.pdb,114,"2,0,13,16,19,16,19,14,11,3,10,18,19,19,6,18,7,15,2,12,16,9,6,4,11,13,14,19,6,11,5,10,3,10,0,0,10,9,19,18,17,6,12,6,3,11,2,9,9,5,13,19,8,7,6,6,3,10,11,19,5,8,15,15,18,1,5,1,0,1,10,10,11,3,5,10,15,10,7,2,0,0,10,5,9,16,3,19,11,10,5,3,0,7,19,18,1,4,12,9,15,18,7,7,0,3,18,11,1,9,16,19,11,19,2,0,0,6,16,8,14,15,19,1,0,0,1,10,0,1,3,18,0,11,1,18,10,6,16,7,11,6,6,3,10,5,6,0,9,11,5,18,6,19,0,11,13,13,0,7,1,19,11,15,11,3,19,1,6,6,0,6,11,6,10,5,6,0,11,3,10,10,6,11,0,0,0,0,0,0,0,0,0,0,0,0,0,0,0,0,0,0,0,0,0,0,0,0,0,0,0,0,0,0,0,0,0,0,0,0,0,0,0,0,0,0,0,0,0,0,0,0,0,0,0",-0.39714327,0.21006927,3.0,0.10311133,42.3671,0.12231233,1.0,0.12231233,0.28419587,0.047085837,0.0,0.0,0.10311133,0.0037735482,0.82549655,0.28419587,3.3828053,1.5846148,42.3671,-0.39714327,3.1920469,189.12888,0.04493038,0.083910316,1.0,189.12888,0.40186632,0.17450345,3.3828053,0.0037735482,0.049241297,0.21006927,0.0,1.5846148,3.1920469,0.04493038,0.39714327,0.0,0.049241297,0.39714327,0.7080604,0.083910316,1.0,0.047085837,lookahead,fk_orig2_bm3-s0to100br1-s100to200br0
/work/T-REX/external/Proteina-Complexa/inference/search_binder_local_pipeline_32_PDL1_ALPHA_REPACK_v7_r004_cand_v7r004_hyp_0004_00_001_af7f7c76a908b/job_0_n_222_id_28_fk_orig3_bm2-s0to100br0-s100to200br0/job_0_n_222_id_28_fk_orig3_bm2-s0to100br0-s100to200br0.pdb,115,"2,0,13,16,19,16,19,14,11,3,10,18,19,19,6,18,7,15,2,12,16,9,6,4,11,13,14,19,6,11,5,10,3,10,0,0,10,9,19,18,17,6,12,6,3,11,2,9,9,5,13,19,8,7,6,6,3,10,11,19,5,8,15,15,18,1,5,1,0,1,10,10,11,3,5,10,15,10,7,2,0,0,10,5,9,16,3,19,11,10,5,3,0,7,19,18,1,4,12,9,15,18,7,7,0,3,18,11,1,9,16,19,11,19,2,0,10,16,19,16,19,14,11,3,10,18,19,19,6,18,7,15,2,19,16,10,6,4,11,14,19,19,6,11,5,10,3,10,0,0,10,9,19,18,17,11,12,6,3,11,2,9,9,5,13,19,8,7,6,6,3,5,8,15,15,18,1,5,1,0,1,10,10,3,2,13,15,10,5,10,16,3,19,11,10,5,3,0,7,19,18,16,4,12,19,15,2,12,18,7,9,3,3,11,1,9,16,19,11,19,2,0,0,0,0,0,0,0,0,0,0,0,0,0,0",-0.60802466,0.36042556,3.0,0.01025811,116.704895,0.014503811,1.0,0.014503811,0.39776793,0.0,0.0,0.0,0.01025811,0.003909471,0.76379955,0.39776793,10.305953,1.8792764,116.704895,-0.60802466,4.1439085,248.99101,0.0,0.00601241,1.0,248.99101,0.21277004,0.23620048,10.305953,0.003909471,0.0,0.36042556,0.0,1.8792764,4.1439085,0.0,0.60802466,0.0,0.0,0.60802466,0.57043016,0.00601241,1.0,0.0,lookahead,fk_orig3_bm2-s0to100br0-s100to200br0
/work/T-REX/external/Proteina-Complexa/inference/search_binder_local_pipeline_32_PDL1_ALPHA_REPACK_v7_r004_cand_v7r004_hyp_0004_00_001_af7f7c76a908b/job_0_n_211_id_29_fk_orig0_bm1-s0to100br3-s100to200br1/job_0_n_211_id_29_fk_orig0_bm1-s0to100br3-s100to200br1.pdb,116,"2,0,13,16,19,16,19,14,11,3,10,18,19,19,6,18,7,15,2,12,16,9,6,4,11,13,14,19,6,11,5,10,3,10,0,0,10,9,19,18,17,6,12,6,3,11,2,9,9,5,13,19,8,7,6,6,3,10,11,19,5,8,15,15,18,1,5,1,0,1,10,10,11,3,5,10,15,10,7,2,0,0,10,5,9,16,3,19,11,10,5,3,0,7,19,18,1,4,12,9,15,18,7,7,0,3,18,11,1,9,16,19,11,19,2,0,15,11,9,6,10,0,11,11,10,10,5,11,18,9,14,2,9,11,15,3,15,9,1,6,15,10,6,11,9,10,11,6,6,3,19,2,6,15,10,3,6,10,10,11,15,3,6,10,16,14,15,19,11,15,10,9,11,3,10,15,11,15,11,15,10,11,6,11,9,1,10,10,0,13,9,10,8,15,10,7,0,9,2,15,3,3,10,0,6,9,10,11,10,16,2,0,0,0,0,0,0,0,0,0,0,0,0,0,0,0,0,0,0,0,0,0,0,0,0",-0.2286801,0.09788019,3.0,0.36014497,45.860077,0.39777032,1.0,0.39777032,0.16178197,0.36014497,0.0,0.0,0.36014497,0.0014639096,0.89906776,0.16178197,3.0892951,1.528932,45.860077,-0.2286801,2.711672,202.57353,0.32251966,0.32251966,1.0,202.57353,0.667106,0.10093222,3.0892951,0.0014639096,0.39777032,0.09788019,0.0,1.528932,2.711672,0.32251966,0.2286801,0.0,0.39777032,0.2286801,0.79708683,0.32251966,1.0,0.36014497,lookahead,fk_orig0_bm1-s0to100br3-s100to200br1
/work/T-REX/external/Proteina-Complexa/inference/search_binder_local_pipeline_32_PDL1_ALPHA_REPACK_v7_r004_cand_v7r004_hyp_0004_00_001_af7f7c76a908b/job_0_n_235_id_29_fk_orig1_bm1-s0to100br2-s100to200br1/job_0_n_235_id_29_fk_orig1_bm1-s0to100br2-s100to200br1.pdb,117,"2,0,13,16,19,16,19,14,11,3,10,18,19,19,6,18,7,15,2,12,16,9,6,4,11,13,14,19,6,11,5,10,3,10,0,0,10,9,19,18,17,6,12,6,3,11,2,9,9,5,13,19,8,7,6,6,3,10,11,19,5,8,15,15,18,1,5,1,0,1,10,10,11,3,5,10,15,10,7,2,0,0,10,5,9,16,3,19,11,10,5,3,0,7,19,18,1,4,12,9,15,18,7,7,0,3,18,11,1,9,16,19,11,19,2,0,0,13,16,19,16,19,14,11,3,10,18,19,19,6,18,7,15,2,12,16,9,6,4,11,13,14,19,6,11,5,10,3,10,0,0,10,9,19,18,17,6,12,6,3,11,2,9,9,5,13,19,8,7,6,6,3,10,11,19,5,8,15,15,18,1,5,1,0,1,10,10,11,3,5,10,15,10,7,2,0,0,10,5,9,16,3,19,11,10,5,3,0,7,19,18,1,4,12,9,15,18,7,7,0,3,18,11,1,9,16,19,11,19,2,0,11,19,0,0",-0.54058695,0.30178142,3.0,0.04305767,62.465054,0.044341587,1.0,0.044341587,0.32596505,0.012243642,0.0,0.0,0.04305767,0.008423124,0.8492185,0.32596505,5.2907763,1.3316087,62.465054,-0.54058695,3.9774783,200.9706,0.011975238,0.04177375,1.0,200.9706,0.2609662,0.15078148,5.2907763,0.008423124,0.012512045,0.30178142,0.0,1.3316087,3.9774783,0.011975238,0.54058695,0.0,0.012512045,0.54058695,0.58494455,0.04177375,1.0,0.012243642,lookahead,fk_orig1_bm1-s0to100br2-s100to200br1
/work/T-REX/external/Proteina-Complexa/inference/search_binder_local_pipeline_32_PDL1_ALPHA_REPACK_v7_r004_cand_v7r004_hyp_0004_00_001_af7f7c76a908b/job_0_n_184_id_29_fk_orig2_bm3-s0to100br1-s100to200br1/job_0_n_184_id_29_fk_orig2_bm3-s0to100br1-s100to200br1.pdb,118,"2,0,13,16,19,16,19,14,11,3,10,18,19,19,6,18,7,15,2,12,16,9,6,4,11,13,14,19,6,11,5,10,3,10,0,0,10,9,19,18,17,6,12,6,3,11,2,9,9,5,13,19,8,7,6,6,3,10,11,19,5,8,15,15,18,1,5,1,0,1,10,10,11,3,5,10,15,10,7,2,0,0,10,5,9,16,3,19,11,10,5,3,0,7,19,18,1,4,12,9,15,18,7,7,0,3,18,11,1,9,16,19,11,19,2,0,15,6,11,8,14,19,19,19,0,0,1,5,0,11,3,18,0,11,1,18,11,6,16,7,6,9,6,3,10,6,6,0,10,11,5,13,6,19,0,6,11,13,10,14,15,19,11,0,14,5,19,11,6,6,0,5,11,10,10,6,6,0,11,5,6,10,3,0,0,0,0,0,0,0,0,0,0,0,0,0,0,0,0,0,0,0,0,0,0,0,0,0,0,0,0,0,0,0,0,0,0,0,0,0,0,0,0,0,0,0,0,0,0,0,0,0,0,0,0",-0.34485242,0.17189188,3.0,0.14350274,53.528786,0.17577082,1.0,0.17577082,0.24919915,0.11511397,0.0,0.0,0.14350274,0.0048835496,0.8581595,0.24919915,4.1610975,1.3448814,53.528786,-0.34485242,2.9807982,189.8304,0.08537684,0.11123466,1.0,189.8304,0.46751878,0.14184052,4.1610975,0.0048835496,0.1448511,0.17189188,0.0,1.3448814,2.9807982,0.08537684,0.34485242,0.0,0.1448511,0.34485242,0.73849493,0.11123466,1.0,0.11511397,lookahead,fk_orig2_bm3-s0to100br1-s100to200br1
/work/T-REX/external/Proteina-Complexa/inference/search_binder_local_pipeline_32_PDL1_ALPHA_REPACK_v7_r004_cand_v7r004_hyp_0004_00_001_af7f7c76a908b/job_0_n_222_id_29_fk_orig3_bm2-s0to100br0-s100to200br1/job_0_n_222_id_29_fk_orig3_bm2-s0to100br0-s100to200br1.pdb,119,"2,0,13,16,19,16,19,14,11,3,10,18,19,19,6,18,7,15,2,12,16,9,6,4,11,13,14,19,6,11,5,10,3,10,0,0,10,9,19,18,17,6,12,6,3,11,2,9,9,5,13,19,8,7,6,6,3,10,11,19,5,8,15,15,18,1,5,1,0,1,10,10,11,3,5,10,15,10,7,2,0,0,10,5,9,16,3,19,11,10,5,3,0,7,19,18,1,4,12,9,15,18,7,7,0,3,18,11,1,9,16,19,11,19,2,0,10,11,19,9,19,14,11,14,10,18,19,19,6,6,7,15,2,19,16,10,6,4,11,19,15,14,14,6,13,3,14,15,16,10,19,19,10,17,11,7,14,11,3,16,10,19,9,5,13,0,2,7,6,6,5,19,8,3,15,13,11,7,1,0,1,10,10,3,2,18,15,10,5,9,11,3,10,1,11,15,3,15,7,9,18,16,4,12,19,15,2,15,8,7,9,3,3,11,16,9,16,10,10,19,16,7,0,0,0,0,0,0,0,0,0,0,0,0,0",-0.5553417,0.33820605,3.0,0.031087693,116.55235,0.03541566,1.0,0.03541566,0.3480088,0.0059891087,0.0,0.0,0.031087693,0.0035177604,0.8197487,0.3480088,11.059158,1.6145515,116.55235,-0.5553417,3.9598787,236.36548,0.0,0.026759723,1.0,236.36548,0.25299177,0.18025132,11.059158,0.0035177604,0.011978217,0.33820605,0.0,1.6145515,3.9598787,0.0,0.5553417,0.0,0.011978217,0.5553417,0.5939255,0.026759723,1.0,0.0059891087,lookahead,fk_orig3_bm2-s0to100br0-s100to200br1
/work/T-REX/external/Proteina-Complexa/inference/search_binder_local_pipeline_32_PDL1_ALPHA_REPACK_v7_r004_cand_v7r004_hyp_0004_00_001_af7f7c76a908b/job_0_n_211_id_30_fk_orig0_bm1-s0to100br3-s100to200br2/job_0_n_211_id_30_fk_orig0_bm1-s0to100br3-s100to200br2.pdb,120,"2,0,13,16,19,16,19,14,11,3,10,18,19,19,6,18,7,15,2,12,16,9,6,4,11,13,14,19,6,11,5,10,3,10,0,0,10,9,19,18,17,6,12,6,3,11,2,9,9,5,13,19,8,7,6,6,3,10,11,19,5,8,15,15,18,1,5,1,0,1,10,10,11,3,5,10,15,10,7,2,0,0,10,5,9,16,3,19,11,10,5,3,0,7,19,18,1,4,12,9,15,18,7,7,0,3,18,11,1,9,16,19,11,19,2,0,15,15,10,10,5,0,11,0,9,10,5,2,0,10,5,0,19,11,2,14,15,10,1,2,0,10,6,3,10,10,2,7,3,11,15,6,5,16,9,2,2,9,10,2,15,5,15,10,15,6,15,16,19,15,10,10,6,3,9,1,11,15,11,15,6,11,6,13,10,16,10,10,0,13,19,10,2,2,10,7,19,9,3,2,6,16,10,7,5,9,10,11,10,19,10,0,0,0,0,0,0,0,0,0,0,0,0,0,0,0,0,0,0,0,0,0,0,0,0",-0.3075975,0.14896977,3.0,0.2034015,79.330284,0.21034047,1.0,0.21034047,0.20660521,0.19494486,0.0,0.0,0.2034015,0.0013591008,0.883185,0.20660521,5.0897465,1.4838006,79.330284,-0.3075975,3.1077163,223.66544,0.19095798,0.19646254,1.0,223.66544,0.50778794,0.11681495,5.0897465,0.0013591008,0.19893174,0.14896977,0.0,1.4838006,3.1077163,0.19095798,0.3075975,0.0,0.19893174,0.3075975,0.72848976,0.19646254,1.0,0.19494486,lookahead,fk_orig0_bm1-s0to100br3-s100to200br2
/work/T-REX/external/Proteina-Complexa/inference/search_binder_local_pipeline_32_PDL1_ALPHA_REPACK_v7_r004_cand_v7r004_hyp_0004_00_001_af7f7c76a908b/job_0_n_235_id_30_fk_orig1_bm1-s0to100br2-s100to200br2/job_0_n_235_id_30_fk_orig1_bm1-s0to100br2-s100to200br2.pdb,121,"2,0,13,16,19,16,19,14,11,3,10,18,19,19,6,18,7,15,2,12,16,9,6,4,11,13,14,19,6,11,5,10,3,10,0,0,10,9,19,18,17,6,12,6,3,11,2,9,9,5,13,19,8,7,6,6,3,10,11,19,5,8,15,15,18,1,5,1,0,1,10,10,11,3,5,10,15,10,7,2,0,0,10,5,9,16,3,19,11,10,5,3,0,7,19,18,1,4,12,9,15,18,7,7,0,3,18,11,1,9,16,19,11,19,2,0,0,13,16,19,16,19,14,11,3,10,18,19,19,6,18,7,15,2,12,16,9,6,4,11,13,14,19,6,11,5,10,3,10,0,0,10,9,19,18,17,6,12,6,3,11,2,9,9,5,13,19,8,7,6,6,3,10,11,19,5,8,15,15,18,1,5,1,0,1,10,10,11,3,5,10,15,10,7,2,0,0,10,5,9,16,3,19,11,10,5,3,0,7,19,18,1,4,12,9,15,18,7,7,0,3,18,11,1,9,16,19,11,19,2,0,11,14,16,14",-0.54343385,0.30630735,3.0,0.0412983,65.006,0.042862225,1.0,0.042862225,0.32564926,0.0119800065,0.0,0.0,0.0412983,0.019942645,0.8514645,0.32564926,5.1894083,1.3330405,65.006,-0.54343385,3.9877129,196.8244,0.011582596,0.03973437,1.0,196.8244,0.25851536,0.14853548,5.1894083,0.019942645,0.012377418,0.30630735,0.0,1.3330405,3.9877129,0.011582596,0.54343385,0.0,0.012377418,0.54343385,0.5850493,0.03973437,1.0,0.0119800065,lookahead,fk_orig1_bm1-s0to100br2-s100to200br2
/work/T-REX/external/Proteina-Complexa/inference/search_binder_local_pipeline_32_PDL1_ALPHA_REPACK_v7_r004_cand_v7r004_hyp_0004_00_001_af7f7c76a908b/job_0_n_184_id_30_fk_orig2_bm3-s0to100br1-s100to200br2/job_0_n_184_id_30_fk_orig2_bm3-s0to100br1-s100to200br2.pdb,122,"2,0,13,16,19,16,19,14,11,3,10,18,19,19,6,18,7,15,2,12,16,9,6,4,11,13,14,19,6,11,5,10,3,10,0,0,10,9,19,18,17,6,12,6,3,11,2,9,9,5,13,19,8,7,6,6,3,10,11,19,5,8,15,15,18,1,5,1,0,1,10,10,11,3,5,10,15,10,7,2,0,0,10,5,9,16,3,19,11,10,5,3,0,7,19,18,1,4,12,9,15,18,7,7,0,3,18,11,1,9,16,19,11,19,2,0,14,6,11,8,14,19,19,19,0,0,1,5,0,11,3,18,0,11,1,18,10,6,16,7,11,6,6,3,10,5,6,0,10,11,5,18,6,19,0,11,11,13,10,14,15,19,11,6,6,0,19,11,5,6,0,5,11,6,10,3,6,0,11,19,10,10,6,11,0,0,0,0,0,0,0,0,0,0,0,0,0,0,0,0,0,0,0,0,0,0,0,0,0,0,0,0,0,0,0,0,0,0,0,0,0,0,0,0,0,0,0,0,0,0,0,0,0,0,0",-0.3509567,0.17800003,3.0,0.13626257,49.146465,0.1713158,1.0,0.1713158,0.24669261,0.10509071,0.0,0.0,0.13626257,0.0022343353,0.87923247,0.24669261,5.1965294,1.277944,49.146465,-0.3509567,2.9206069,175.54861,0.071580485,0.101209335,1.0,175.54861,0.47850114,0.12076754,5.1965294,0.0022343353,0.13860093,0.17800003,0.0,1.277944,2.9206069,0.071580485,0.3509567,0.0,0.13860093,0.3509567,0.7357668,0.101209335,1.0,0.10509071,lookahead,fk_orig2_bm3-s0to100br1-s100to200br2
/work/T-REX/external/Proteina-Complexa/inference/search_binder_local_pipeline_32_PDL1_ALPHA_REPACK_v7_r004_cand_v7r004_hyp_0004_00_001_af7f7c76a908b/job_0_n_222_id_30_fk_orig3_bm2-s0to100br0-s100to200br2/job_0_n_222_id_30_fk_orig3_bm2-s0to100br0-s100to200br2.pdb,123,"2,0,13,16,19,16,19,14,11,3,10,18,19,19,6,18,7,15,2,12,16,9,6,4,11,13,14,19,6,11,5,10,3,10,0,0,10,9,19,18,17,6,12,6,3,11,2,9,9,5,13,19,8,7,6,6,3,10,11,19,5,8,15,15,18,1,5,1,0,1,10,10,11,3,5,10,15,10,7,2,0,0,10,5,9,16,3,19,11,10,5,3,0,7,19,18,1,4,12,9,15,18,7,7,0,3,18,11,1,9,16,19,11,19,2,0,10,16,19,16,16,14,11,3,10,18,19,19,6,6,7,15,2,19,16,10,6,4,19,14,11,5,3,14,13,2,6,11,3,9,9,15,19,10,17,11,11,6,3,11,2,9,9,5,13,19,2,7,6,6,16,19,8,15,15,13,11,7,1,0,11,10,10,3,2,18,15,10,5,10,16,2,10,11,10,15,3,15,7,19,18,16,4,10,19,15,16,11,16,7,9,3,3,11,11,9,16,10,11,19,2,0,0,0,0,0,0,0,0,0,0,0,0,0,0",-0.51722276,0.2697066,3.0,0.05772172,48.44616,0.06547394,1.0,0.06547394,0.32956576,0.013128966,0.0,0.0,0.05772172,0.00599439,0.8256905,0.32956576,2.1991262,1.6101445,48.44616,-0.51722276,3.847087,207.12918,0.013095701,0.049969506,1.0,207.12918,0.31606364,0.17430949,2.1991262,0.00599439,0.01316223,0.2697066,0.0,1.6101445,3.847087,0.013095701,0.51722276,0.0,0.01316223,0.51722276,0.6212675,0.049969506,1.0,0.013128966,lookahead,fk_orig3_bm2-s0to100br0-s100to200br2
/work/T-REX/external/Proteina-Complexa/inference/search_binder_local_pipeline_32_PDL1_ALPHA_REPACK_v7_r004_cand_v7r004_hyp_0004_00_001_af7f7c76a908b/job_0_n_211_id_31_fk_orig0_bm1-s0to100br3-s100to200br3/job_0_n_211_id_31_fk_orig0_bm1-s0to100br3-s100to200br3.pdb,124,"2,0,13,16,19,16,19,14,11,3,10,18,19,19,6,18,7,15,2,12,16,9,6,4,11,13,14,19,6,11,5,10,3,10,0,0,10,9,19,18,17,6,12,6,3,11,2,9,9,5,13,19,8,7,6,6,3,10,11,19,5,8,15,15,18,1,5,1,0,1,10,10,11,3,5,10,15,10,7,2,0,0,10,5,9,16,3,19,11,10,5,3,0,7,19,18,1,4,12,9,15,18,7,7,0,3,18,11,1,9,16,19,11,19,2,0,15,9,13,6,11,0,11,6,9,10,11,3,3,10,11,11,9,11,3,14,15,10,1,2,0,10,10,6,10,10,11,7,2,1,15,15,6,2,10,15,9,9,1,15,15,11,5,19,16,14,15,16,15,15,10,9,3,3,10,6,11,0,3,15,3,11,6,19,19,1,10,10,0,13,9,10,8,2,10,7,19,9,3,15,6,11,13,3,6,19,10,11,10,16,2,0,0,0,0,0,0,0,0,0,0,0,0,0,0,0,0,0,0,0,0,0,0,0,0",-0.27225184,0.11827303,3.0,0.28350455,55.28044,0.30671638,1.0,0.30671638,0.20295769,0.28350455,0.0,0.0,0.28350455,0.00453222,0.8325558,0.20295769,3.3190799,1.925008,55.28044,-0.27225184,2.9667873,233.85178,0.26029274,0.26029274,1.0,233.85178,0.5875667,0.16744424,3.3190799,0.00453222,0.30671638,0.11827303,0.0,1.925008,2.9667873,0.26029274,0.27225184,0.0,0.30671638,0.27225184,0.7667153,0.26029274,1.0,0.28350455,lookahead,fk_orig0_bm1-s0to100br3-s100to200br3
/work/T-REX/external/Proteina-Complexa/inference/search_binder_local_pipeline_32_PDL1_ALPHA_REPACK_v7_r004_cand_v7r004_hyp_0004_00_001_af7f7c76a908b/job_0_n_235_id_31_fk_orig1_bm1-s0to100br2-s100to200br3/job_0_n_235_id_31_fk_orig1_bm1-s0to100br2-s100to200br3.pdb,125,"2,0,13,16,19,16,19,14,11,3,10,18,19,19,6,18,7,15,2,12,16,9,6,4,11,13,14,19,6,11,5,10,3,10,0,0,10,9,19,18,17,6,12,6,3,11,2,9,9,5,13,19,8,7,6,6,3,10,11,19,5,8,15,15,18,1,5,1,0,1,10,10,11,3,5,10,15,10,7,2,0,0,10,5,9,16,3,19,11,10,5,3,0,7,19,18,1,4,12,9,15,18,7,7,0,3,18,11,1,9,16,19,11,19,2,0,0,13,16,19,16,19,14,11,3,10,18,19,19,6,18,7,15,2,12,16,9,6,4,11,13,14,19,6,11,5,10,3,10,0,0,10,9,19,18,17,6,12,6,3,11,2,9,9,5,13,19,8,7,6,6,3,10,11,19,5,8,15,15,18,1,5,1,0,1,10,10,11,3,5,10,15,10,7,2,0,0,10,5,9,16,3,19,11,10,5,3,0,7,19,18,1,4,12,9,15,18,7,7,0,3,18,11,1,9,16,19,11,19,2,0,8,8,8,8",-0.5281761,0.29124036,3.0,0.05287216,63.072445,0.05414085,1.0,0.05414085,0.32131824,0.012704374,0.0,0.0,0.05287216,0.03349234,0.84644777,0.32131824,5.3369207,1.3539661,63.072445,-0.5281761,3.9442203,194.78993,0.012128949,0.051603463,1.0,194.78993,0.27127904,0.15355223,5.3369207,0.03349234,0.013279798,0.29124036,0.0,1.3539661,3.9442203,0.012128949,0.5281761,0.0,0.013279798,0.5281761,0.58832705,0.051603463,1.0,0.012704374,lookahead,fk_orig1_bm1-s0to100br2-s100to200br3
/work/T-REX/external/Proteina-Complexa/inference/search_binder_local_pipeline_32_PDL1_ALPHA_REPACK_v7_r004_cand_v7r004_hyp_0004_00_001_af7f7c76a908b/job_0_n_184_id_31_fk_orig2_bm3-s0to100br1-s100to200br3/job_0_n_184_id_31_fk_orig2_bm3-s0to100br1-s100to200br3.pdb,126,"2,0,13,16,19,16,19,14,11,3,10,18,19,19,6,18,7,15,2,12,16,9,6,4,11,13,14,19,6,11,5,10,3,10,0,0,10,9,19,18,17,6,12,6,3,11,2,9,9,5,13,19,8,7,6,6,3,10,11,19,5,8,15,15,18,1,5,1,0,1,10,10,11,3,5,10,15,10,7,2,0,0,10,5,9,16,3,19,11,10,5,3,0,7,19,18,1,4,12,9,15,18,7,7,0,3,18,11,1,9,16,19,11,19,2,0,0,6,11,15,14,15,19,9,0,0,5,5,0,10,3,18,0,11,0,18,11,6,16,7,11,6,6,3,10,19,6,0,1,11,18,18,6,19,0,11,13,13,0,6,1,6,11,3,14,0,19,11,5,6,0,10,2,10,10,6,6,0,11,11,10,10,3,6,0,0,0,0,0,0,0,0,0,0,0,0,0,0,0,0,0,0,0,0,0,0,0,0,0,0,0,0,0,0,0,0,0,0,0,0,0,0,0,0,0,0,0,0,0,0,0,0,0,0,0",-0.48745126,0.2566677,3.0,0.047695585,62.827164,0.055604313,1.0,0.055604313,0.33997947,0.013952415,0.0,0.0,0.047695585,0.0045499625,0.81215906,0.33997947,5.6270347,1.3463933,62.827164,-0.48745126,3.3792448,211.64899,0.01366098,0.039786857,1.0,211.64899,0.27975985,0.18784091,5.6270347,0.0045499625,0.01424385,0.2566677,0.0,1.3463933,3.3792448,0.01366098,0.48745126,0.0,0.01424385,0.48745126,0.6635194,0.039786857,1.0,0.013952415,lookahead,fk_orig2_bm3-s0to100br1-s100to200br3
/work/T-REX/external/Proteina-Complexa/inference/search_binder_local_pipeline_32_PDL1_ALPHA_REPACK_v7_r004_cand_v7r004_hyp_0004_00_001_af7f7c76a908b/job_0_n_222_id_31_fk_orig3_bm2-s0to100br0-s100to200br3/job_0_n_222_id_31_fk_orig3_bm2-s0to100br0-s100to200br3.pdb,127,"2,0,13,16,19,16,19,14,11,3,10,18,19,19,6,18,7,15,2,12,16,9,6,4,11,13,14,19,6,11,5,10,3,10,0,0,10,9,19,18,17,6,12,6,3,11,2,9,9,5,13,19,8,7,6,6,3,10,11,19,5,8,15,15,18,1,5,1,0,1,10,10,11,3,5,10,15,10,7,2,0,0,10,5,9,16,3,19,11,10,5,3,0,7,19,18,1,4,12,9,15,18,7,7,0,3,18,11,1,9,16,19,11,19,2,0,10,16,19,16,19,14,11,3,10,18,16,19,6,0,7,0,2,19,16,10,6,4,9,14,15,15,6,11,5,10,3,10,15,16,10,15,19,10,17,11,11,6,3,16,11,9,10,5,13,15,7,7,6,6,16,19,13,3,14,13,11,7,1,0,1,10,10,15,2,18,15,10,5,10,16,2,10,1,10,5,3,15,7,2,18,16,4,10,19,15,2,15,10,7,9,3,3,11,16,9,16,10,11,19,2,0,0,0,0,0,0,0,0,0,0,0,0,0,0",-0.23818941,0.08591782,3.0,0.40175647,44.30925,0.4038141,1.0,0.4038141,0.1793784,0.40175647,0.0,0.0,0.40175647,0.0069569713,0.90087515,0.1793784,0.78514737,1.4414635,44.30925,-0.23818941,3.0060937,168.67888,0.3996988,0.3996988,1.0,168.67888,0.7297644,0.09912487,0.78514737,0.0069569713,0.4038141,0.08591782,0.0,1.4414635,3.0060937,0.3996988,0.23818941,0.0,0.4038141,0.23818941,0.82414484,0.3996988,1.0,0.40175647,lookahead,fk_orig3_bm2-s0to100br0-s100to200br3
/work/T-REX/external/Proteina-Complexa/inference/search_binder_local_pipeline_32_PDL1_ALPHA_REPACK_v7_r004_cand_v7r004_hyp_0004_00_001_af7f7c76a908b/job_0_n_211_id_32_fk_orig0_bm1-s0to100br3-s100to200br2-s200to300br0/job_0_n_211_id_32_fk_orig0_bm1-s0to100br3-s100to200br2-s200to300br0.pdb,128,"2,0,13,16,19,16,19,14,11,3,10,18,19,19,6,18,7,15,2,12,16,9,6,4,11,13,14,19,6,11,5,10,3,10,0,0,10,9,19,18,17,6,12,6,3,11,2,9,9,5,13,19,8,7,6,6,3,10,11,19,5,8,15,15,18,1,5,1,0,1,10,10,11,3,5,10,15,10,7,2,0,0,10,5,9,16,3,19,11,10,5,3,0,7,19,18,1,4,12,9,15,18,7,7,0,3,18,11,1,9,16,19,11,19,2,0,15,15,10,6,9,0,11,11,11,10,10,15,6,19,11,15,11,19,3,3,6,16,18,2,13,19,10,0,10,10,2,2,14,11,3,11,6,0,10,3,10,10,10,16,11,10,11,0,6,6,15,3,2,6,10,19,2,3,9,10,2,0,11,15,2,6,6,0,10,1,2,10,0,13,10,10,8,11,18,11,10,9,15,19,19,16,13,3,2,10,10,11,0,16,15,0,0,0,0,0,0,0,0,0,0,0,0,0,0,0,0,0,0,0,0,0,0,0,0",-0.17428283,0.07133397,3.0,0.51384425,53.487923,0.55872387,1.0,0.55872387,0.13008027,0.51384425,0.0,0.0,0.51384425,0.0011083924,0.9276046,0.13008027,5.3372326,1.4289558,53.487923,-0.17428283,2.498555,204.68326,0.4689646,0.4689646,1.0,204.68326,0.76136345,0.07239541,5.3372326,0.0011083924,0.55872387,0.07133397,0.0,1.4289558,2.498555,0.4689646,0.17428283,0.0,0.55872387,0.17428283,0.8398015,0.4689646,1.0,0.51384425,lookahead,fk_orig0_bm1-s0to100br3-s100to200br2-s200to300br0
/work/T-REX/external/Proteina-Complexa/inference/search_binder_local_pipeline_32_PDL1_ALPHA_REPACK_v7_r004_cand_v7r004_hyp_0004_00_001_af7f7c76a908b/job_0_n_235_id_32_fk_orig1_bm0-s0to100br0-s100to200br3-s200to300br0/job_0_n_235_id_32_fk_orig1_bm0-s0to100br0-s100to200br3-s200to300br0.pdb,129,"2,0,13,16,19,16,19,14,11,3,10,18,19,19,6,18,7,15,2,12,16,9,6,4,11,13,14,19,6,11,5,10,3,10,0,0,10,9,19,18,17,6,12,6,3,11,2,9,9,5,13,19,8,7,6,6,3,10,11,19,5,8,15,15,18,1,5,1,0,1,10,10,11,3,5,10,15,10,7,2,0,0,10,5,9,16,3,19,11,10,5,3,0,7,19,18,1,4,12,9,15,18,7,7,0,3,18,11,1,9,16,19,11,19,2,0,2,0,13,16,19,16,19,14,11,3,10,18,19,19,6,18,7,15,2,12,16,9,6,4,11,13,14,19,6,11,5,10,3,10,0,0,10,9,19,18,17,6,12,6,3,11,2,9,9,5,13,19,8,7,6,6,3,10,11,19,5,8,15,15,18,1,5,1,0,1,10,10,11,3,5,10,15,10,7,2,0,0,10,5,9,16,3,19,11,10,5,3,0,7,19,18,1,4,12,9,15,18,7,7,0,3,18,11,1,9,16,19,11,19,2,0,19,15,3",-0.53065556,0.29934543,3.0,0.04890634,56.71191,0.05169176,1.0,0.05169176,0.31899765,0.012426605,0.0,0.0,0.04890634,0.010537344,0.8510558,0.31899765,4.1589556,1.3229241,56.71191,-0.53065556,3.9357502,196.87338,0.0121779125,0.04612092,1.0,196.87338,0.26795447,0.14894421,4.1589556,0.010537344,0.012675299,0.29934543,0.0,1.3229241,3.9357502,0.0121779125,0.53065556,0.0,0.012675299,0.53065556,0.5901219,0.04612092,1.0,0.012426605,lookahead,fk_orig1_bm0-s0to100br0-s100to200br3-s200to300br0
/work/T-REX/external/Proteina-Complexa/inference/search_binder_local_pipeline_32_PDL1_ALPHA_REPACK_v7_r004_cand_v7r004_hyp_0004_00_001_af7f7c76a908b/job_0_n_184_id_32_fk_orig2_bm3-s0to100br1-s100to200br3-s200to300br0/job_0_n_184_id_32_fk_orig2_bm3-s0to100br1-s100to200br3-s200to300br0.pdb,130,"2,0,13,16,19,16,19,14,11,3,10,18,19,19,6,18,7,15,2,12,16,9,6,4,11,13,14,19,6,11,5,10,3,10,0,0,10,9,19,18,17,6,12,6,3,11,2,9,9,5,13,19,8,7,6,6,3,10,11,19,5,8,15,15,18,1,5,1,0,1,10,10,11,3,5,10,15,10,7,2,0,0,10,5,9,16,3,19,11,10,5,3,0,7,19,18,1,4,12,9,15,18,7,7,0,3,18,11,1,9,16,19,11,19,2,0,0,2,11,8,14,0,19,10,0,0,1,5,15,1,3,18,0,5,11,18,10,6,16,7,11,5,6,3,10,6,6,0,10,11,18,18,6,19,0,11,18,13,15,15,8,19,11,3,14,0,19,11,6,6,0,6,11,6,10,11,9,0,11,3,10,10,11,11,0,0,0,0,0,0,0,0,0,0,0,0,0,0,0,0,0,0,0,0,0,0,0,0,0,0,0,0,0,0,0,0,0,0,0,0,0,0,0,0,0,0,0,0,0,0,0,0,0,0,0",-0.4991208,0.25889778,3.0,0.040831573,41.746002,0.04252335,1.0,0.04252335,0.34259626,0.014014415,0.0,0.0,0.040831573,0.0023746884,0.8235281,0.34259626,4.660693,1.3390992,41.746002,-0.4991208,3.4649665,197.3424,0.013786959,0.039139792,1.0,197.3424,0.27951342,0.17647189,4.660693,0.0023746884,0.014241871,0.25889778,0.0,1.3390992,3.4649665,0.013786959,0.4991208,0.0,0.014241871,0.4991208,0.66362774,0.039139792,1.0,0.014014415,lookahead,fk_orig2_bm3-s0to100br1-s100to200br3-s200to300br0
/work/T-REX/external/Proteina-Complexa/inference/search_binder_local_pipeline_32_PDL1_ALPHA_REPACK_v7_r004_cand_v7r004_hyp_0004_00_001_af7f7c76a908b/job_0_n_222_id_32_fk_orig3_bm1-s0to100br1-s100to200br3-s200to300br0/job_0_n_222_id_32_fk_orig3_bm1-s0to100br1-s100to200br3-s200to300br0.pdb,131,"2,0,13,16,19,16,19,14,11,3,10,18,19,19,6,18,7,15,2,12,16,9,6,4,11,13,14,19,6,11,5,10,3,10,0,0,10,9,19,18,17,6,12,6,3,11,2,9,9,5,13,19,8,7,6,6,3,10,11,19,5,8,15,15,18,1,5,1,0,1,10,10,11,3,5,10,15,10,7,2,0,0,10,5,9,16,3,19,11,10,5,3,0,7,19,18,1,4,12,9,15,18,7,7,0,3,18,11,1,9,16,19,11,19,2,0,10,11,19,16,0,14,0,10,19,15,7,16,11,7,7,15,19,16,10,14,4,11,13,2,19,15,6,11,3,19,9,15,19,19,17,11,7,14,11,3,19,2,19,10,16,18,15,2,7,6,16,16,18,8,3,15,13,11,7,1,0,15,13,3,14,11,2,7,3,0,15,10,16,10,15,2,10,11,10,6,3,15,7,19,18,6,4,10,19,13,0,11,15,7,19,3,15,0,11,9,16,10,2,19,16,0,0,0,0,0,0,0,0,0,0,0,0,0,0",-0.46104845,0.23746462,3.0,0.08670817,123.137596,0.08727622,1.0,0.08727622,0.2898589,0.013432568,0.0,0.0,0.08670817,0.0025922505,0.85672075,0.2898589,27.846693,1.4491177,123.137596,-0.46104845,3.7148638,236.14822,0.013197398,0.086140126,1.0,236.14822,0.36028296,0.14327925,27.846693,0.0025922505,0.013667737,0.23746462,0.0,1.4491177,3.7148638,0.013197398,0.46104845,0.0,0.013667737,0.46104845,0.6471083,0.086140126,1.0,0.013432568,lookahead,fk_orig3_bm1-s0to100br1-s100to200br3-s200to300br0
/work/T-REX/external/Proteina-Complexa/inference/search_binder_local_pipeline_32_PDL1_ALPHA_REPACK_v7_r004_cand_v7r004_hyp_0004_00_001_af7f7c76a908b/job_0_n_211_id_33_fk_orig0_bm1-s0to100br3-s100to200br2-s200to300br1/job_0_n_211_id_33_fk_orig0_bm1-s0to100br3-s100to200br2-s200to300br1.pdb,132,"2,0,13,16,19,16,19,14,11,3,10,18,19,19,6,18,7,15,2,12,16,9,6,4,11,13,14,19,6,11,5,10,3,10,0,0,10,9,19,18,17,6,12,6,3,11,2,9,9,5,13,19,8,7,6,6,3,10,11,19,5,8,15,15,18,1,5,1,0,1,10,10,11,3,5,10,15,10,7,2,0,0,10,5,9,16,3,19,11,10,5,3,0,7,19,18,1,4,12,9,15,18,7,7,0,3,18,11,1,9,16,19,11,19,2,0,15,10,10,6,5,0,11,11,11,10,10,6,6,19,11,5,11,16,2,3,0,9,18,2,5,19,10,0,10,10,2,6,14,11,2,6,6,0,10,2,0,10,10,9,10,10,11,0,16,14,6,3,3,6,10,19,11,3,9,10,2,0,11,15,6,6,6,0,10,10,10,10,0,18,10,10,8,11,18,11,10,9,16,19,19,16,10,3,10,13,12,11,0,0,11,0,0,0,0,0,0,0,0,0,0,0,0,0,0,0,0,0,0,0,0,0,0,0,0",-0.19809966,0.07800887,3.0,0.43404496,62.25143,0.47994244,1.0,0.47994244,0.14405894,0.43404496,0.0,0.0,0.43404496,0.0006582204,0.91984147,0.14405894,5.619659,1.4125578,62.25143,-0.19809966,2.5635169,213.89261,0.38814747,0.38814747,1.0,213.89261,0.72492355,0.080158554,5.619659,0.0006582204,0.47994244,0.07800887,0.0,1.4125578,2.5635169,0.38814747,0.19809966,0.0,0.47994244,0.19809966,0.8198173,0.38814747,1.0,0.43404496,lookahead,fk_orig0_bm1-s0to100br3-s100to200br2-s200to300br1
/work/T-REX/external/Proteina-Complexa/inference/search_binder_local_pipeline_32_PDL1_ALPHA_REPACK_v7_r004_cand_v7r004_hyp_0004_00_001_af7f7c76a908b/job_0_n_235_id_33_fk_orig1_bm0-s0to100br0-s100to200br3-s200to300br1/job_0_n_235_id_33_fk_orig1_bm0-s0to100br0-s100to200br3-s200to300br1.pdb,133,"2,0,13,16,19,16,19,14,11,3,10,18,19,19,6,18,7,15,2,12,16,9,6,4,11,13,14,19,6,11,5,10,3,10,0,0,10,9,19,18,17,6,12,6,3,11,2,9,9,5,13,19,8,7,6,6,3,10,11,19,5,8,15,15,18,1,5,1,0,1,10,10,11,3,5,10,15,10,7,2,0,0,10,5,9,16,3,19,11,10,5,3,0,7,19,18,1,4,12,9,15,18,7,7,0,3,18,11,1,9,16,19,11,19,2,0,2,0,13,16,19,16,19,14,11,3,10,18,19,19,6,18,7,15,2,12,16,9,6,4,11,13,14,19,6,11,5,10,3,10,0,0,10,9,19,18,17,6,12,6,3,11,2,9,9,5,13,19,8,7,6,6,3,10,11,19,5,8,15,15,18,1,5,1,0,1,10,10,11,3,5,10,15,10,7,2,0,0,10,5,9,16,3,19,11,10,5,3,0,7,19,18,1,4,12,9,15,18,7,7,0,3,18,11,1,9,16,19,11,19,2,0,14,10,0",-0.5334156,0.29615965,3.0,0.04788319,56.623962,0.05129462,1.0,0.05129462,0.31907672,0.012335637,0.0,0.0,0.04788319,0.0053413925,0.8538391,0.31907672,4.250702,1.3222601,56.623962,-0.5334156,3.9494452,197.94969,0.012022683,0.044471763,1.0,197.94969,0.2651829,0.1461609,4.250702,0.0053413925,0.01264859,0.29615965,0.0,1.3222601,3.9494452,0.012022683,0.5334156,0.0,0.01264859,0.5334156,0.58990145,0.044471763,1.0,0.012335637,lookahead,fk_orig1_bm0-s0to100br0-s100to200br3-s200to300br1
/work/T-REX/external/Proteina-Complexa/inference/search_binder_local_pipeline_32_PDL1_ALPHA_REPACK_v7_r004_cand_v7r004_hyp_0004_00_001_af7f7c76a908b/job_0_n_184_id_33_fk_orig2_bm3-s0to100br1-s100to200br3-s200to300br1/job_0_n_184_id_33_fk_orig2_bm3-s0to100br1-s100to200br3-s200to300br1.pdb,134,"2,0,13,16,19,16,19,14,11,3,10,18,19,19,6,18,7,15,2,12,16,9,6,4,11,13,14,19,6,11,5,10,3,10,0,0,10,9,19,18,17,6,12,6,3,11,2,9,9,5,13,19,8,7,6,6,3,10,11,19,5,8,15,15,18,1,5,1,0,1,10,10,11,3,5,10,15,10,7,2,0,0,10,5,9,16,3,19,11,10,5,3,0,7,19,18,1,4,12,9,15,18,7,7,0,3,18,11,1,9,16,19,11,19,2,0,15,6,11,8,14,0,19,9,0,0,1,5,0,11,3,18,0,11,15,18,11,6,16,7,11,6,6,3,10,5,6,0,11,11,18,18,6,19,0,11,18,13,0,7,18,19,11,3,14,11,6,11,5,6,0,10,5,10,10,5,6,0,11,3,10,10,3,0,0,0,0,0,0,0,0,0,0,0,0,0,0,0,0,0,0,0,0,0,0,0,0,0,0,0,0,0,0,0,0,0,0,0,0,0,0,0,0,0,0,0,0,0,0,0,0,0,0,0,0",-0.5099539,0.26173615,3.0,0.035290733,63.034702,0.035367146,1.0,0.035367146,0.35308066,0.013783196,0.0,0.0,0.035290733,0.0038619663,0.81520516,0.35308066,4.87395,1.3420357,63.034702,-0.5099539,3.479563,217.4142,0.0133561045,0.03521432,1.0,217.4142,0.26331946,0.18479486,4.87395,0.0038619663,0.014210288,0.26173615,0.0,1.3420357,3.479563,0.0133561045,0.5099539,0.0,0.014210288,0.5099539,0.6568321,0.03521432,1.0,0.013783196,lookahead,fk_orig2_bm3-s0to100br1-s100to200br3-s200to300br1
/work/T-REX/external/Proteina-Complexa/inference/search_binder_local_pipeline_32_PDL1_ALPHA_REPACK_v7_r004_cand_v7r004_hyp_0004_00_001_af7f7c76a908b/job_0_n_222_id_33_fk_orig3_bm1-s0to100br1-s100to200br3-s200to300br1/job_0_n_222_id_33_fk_orig3_bm1-s0to100br1-s100to200br3-s200to300br1.pdb,135,"2,0,13,16,19,16,19,14,11,3,10,18,19,19,6,18,7,15,2,12,16,9,6,4,11,13,14,19,6,11,5,10,3,10,0,0,10,9,19,18,17,6,12,6,3,11,2,9,9,5,13,19,8,7,6,6,3,10,11,19,5,8,15,15,18,1,5,1,0,1,10,10,11,3,5,10,15,10,7,2,0,0,10,5,9,16,3,19,11,10,5,3,0,7,19,18,1,4,12,9,15,18,7,7,0,3,18,11,1,9,16,19,11,19,2,0,10,16,19,16,0,14,0,15,19,15,7,16,0,7,7,15,19,16,10,14,4,11,13,15,0,10,5,15,3,19,9,15,9,10,17,11,7,14,2,3,19,2,19,10,16,18,15,2,7,5,19,16,18,8,3,15,13,11,7,1,0,6,13,3,14,11,2,7,3,0,15,10,11,10,15,2,10,11,10,6,3,15,7,19,18,6,4,10,19,13,0,11,16,7,19,3,15,11,11,9,16,10,2,19,11,0,0,0,0,0,0,0,0,0,0,0,0,0,0",-0.5494645,0.25498706,3.0,0.039859924,122.70153,0.041304342,1.0,0.041304342,0.3330976,0.013261003,0.0,0.0,0.039859924,0.0022801638,0.8341813,0.3330976,20.04365,1.4101548,122.70153,-0.5494645,3.8777063,225.29533,0.013197709,0.038415506,1.0,225.29533,0.24156606,0.1658187,20.04365,0.0022801638,0.013324297,0.25498706,0.0,1.4101548,3.8777063,0.013197709,0.5494645,0.0,0.013324297,0.5494645,0.5924225,0.038415506,1.0,0.013261003,lookahead,fk_orig3_bm1-s0to100br1-s100to200br3-s200to300br1
/work/T-REX/external/Proteina-Complexa/inference/search_binder_local_pipeline_32_PDL1_ALPHA_REPACK_v7_r004_cand_v7r004_hyp_0004_00_001_af7f7c76a908b/job_0_n_211_id_34_fk_orig0_bm1-s0to100br3-s100to200br2-s200to300br2/job_0_n_211_id_34_fk_orig0_bm1-s0to100br3-s100to200br2-s200to300br2.pdb,136,"2,0,13,16,19,16,19,14,11,3,10,18,19,19,6,18,7,15,2,12,16,9,6,4,11,13,14,19,6,11,5,10,3,10,0,0,10,9,19,18,17,6,12,6,3,11,2,9,9,5,13,19,8,7,6,6,3,10,11,19,5,8,15,15,18,1,5,1,0,1,10,10,11,3,5,10,15,10,7,2,0,0,10,5,9,16,3,19,11,10,5,3,0,7,19,18,1,4,12,9,15,18,7,7,0,3,18,11,1,9,16,19,11,19,2,0,15,15,10,6,10,0,11,6,11,10,10,5,6,19,11,6,11,16,3,3,3,9,18,2,10,19,11,11,10,10,6,2,14,11,3,0,3,0,10,2,6,10,10,10,1,10,11,0,16,14,6,3,2,6,10,19,2,3,9,10,2,0,11,15,6,6,6,0,9,19,2,10,0,13,10,10,2,11,18,11,10,9,15,16,0,16,13,3,10,19,10,11,0,0,11,0,0,0,0,0,0,0,0,0,0,0,0,0,0,0,0,0,0,0,0,0,0,0,0",-0.22878042,0.09389054,3.0,0.34797013,53.33123,0.3742193,1.0,0.3742193,0.16348322,0.34797013,0.0,0.0,0.34797013,0.0011078954,0.90878326,0.16348322,3.7523673,1.4806256,53.33123,-0.22878042,2.6000013,217.98611,0.321721,0.321721,1.0,217.98611,0.6901058,0.09121672,3.7523673,0.0011078954,0.3742193,0.09389054,0.0,1.4806256,2.6000013,0.321721,0.22878042,0.0,0.3742193,0.22878042,0.8074224,0.321721,1.0,0.34797013,lookahead,fk_orig0_bm1-s0to100br3-s100to200br2-s200to300br2
/work/T-REX/external/Proteina-Complexa/inference/search_binder_local_pipeline_32_PDL1_ALPHA_REPACK_v7_r004_cand_v7r004_hyp_0004_00_001_af7f7c76a908b/job_0_n_235_id_34_fk_orig1_bm0-s0to100br0-s100to200br3-s200to300br2/job_0_n_235_id_34_fk_orig1_bm0-s0to100br0-s100to200br3-s200to300br2.pdb,137,"2,0,13,16,19,16,19,14,11,3,10,18,19,19,6,18,7,15,2,12,16,9,6,4,11,13,14,19,6,11,5,10,3,10,0,0,10,9,19,18,17,6,12,6,3,11,2,9,9,5,13,19,8,7,6,6,3,10,11,19,5,8,15,15,18,1,5,1,0,1,10,10,11,3,5,10,15,10,7,2,0,0,10,5,9,16,3,19,11,10,5,3,0,7,19,18,1,4,12,9,15,18,7,7,0,3,18,11,1,9,16,19,11,19,2,0,2,0,13,16,19,16,19,14,11,3,10,18,19,19,6,18,7,15,2,12,16,9,6,4,11,13,14,19,6,11,5,10,3,10,0,0,10,9,19,18,17,6,12,6,3,11,2,9,9,5,13,19,8,7,6,6,3,10,11,19,5,8,15,15,18,1,5,1,0,1,10,10,11,3,5,10,15,10,7,2,0,0,10,5,9,16,3,19,11,10,5,3,0,7,19,18,1,4,12,9,15,18,7,7,0,3,18,11,1,9,16,19,11,19,2,0,11,2,15",-0.5349016,0.2990917,3.0,0.046297252,57.179363,0.048401352,1.0,0.048401352,0.32136384,0.0123275975,0.0,0.0,0.046297252,0.017028287,0.8502958,0.32136384,4.3862667,1.3249866,57.179363,-0.5349016,3.953954,197.8988,0.012114879,0.044193156,1.0,197.8988,0.2619782,0.14970423,4.3862667,0.017028287,0.012540316,0.2990917,0.0,1.3249866,3.953954,0.012114879,0.5349016,0.0,0.012540316,0.5349016,0.58711255,0.044193156,1.0,0.0123275975,lookahead,fk_orig1_bm0-s0to100br0-s100to200br3-s200to300br2
/work/T-REX/external/Proteina-Complexa/inference/search_binder_local_pipeline_32_PDL1_ALPHA_REPACK_v7_r004_cand_v7r004_hyp_0004_00_001_af7f7c76a908b/job_0_n_184_id_34_fk_orig2_bm3-s0to100br1-s100to200br3-s200to300br2/job_0_n_184_id_34_fk_orig2_bm3-s0to100br1-s100to200br3-s200to300br2.pdb,138,"2,0,13,16,19,16,19,14,11,3,10,18,19,19,6,18,7,15,2,12,16,9,6,4,11,13,14,19,6,11,5,10,3,10,0,0,10,9,19,18,17,6,12,6,3,11,2,9,9,5,13,19,8,7,6,6,3,10,11,19,5,8,15,15,18,1,5,1,0,1,10,10,11,3,5,10,15,10,7,2,0,0,10,5,9,16,3,19,11,10,5,3,0,7,19,18,1,4,12,9,15,18,7,7,0,3,18,11,1,9,16,19,11,19,2,0,0,6,11,8,14,15,19,10,0,0,1,5,0,1,3,18,0,11,11,18,6,6,16,7,11,6,6,3,10,2,6,0,11,11,18,18,6,19,0,11,18,13,0,7,18,19,11,3,6,6,19,11,5,6,0,10,11,10,10,6,6,0,11,0,10,9,6,11,0,0,0,0,0,0,0,0,0,0,0,0,0,0,0,0,0,0,0,0,0,0,0,0,0,0,0,0,0,0,0,0,0,0,0,0,0,0,0,0,0,0,0,0,0,0,0,0,0,0,0",-0.5213219,0.26852158,3.0,0.031407278,89.96914,0.032142755,1.0,0.032142755,0.35817218,0.013458184,0.0,0.0,0.031407278,0.0031441047,0.80514455,0.35817218,8.132857,1.3712903,89.96914,-0.5213219,3.5441563,207.36604,0.012931211,0.030671803,1.0,207.36604,0.23209456,0.19485544,8.132857,0.0031441047,0.013985157,0.26852158,0.0,1.3712903,3.5441563,0.012931211,0.5213219,0.0,0.013985157,0.5213219,0.6489029,0.030671803,1.0,0.013458184,lookahead,fk_orig2_bm3-s0to100br1-s100to200br3-s200to300br2
/work/T-REX/external/Proteina-Complexa/inference/search_binder_local_pipeline_32_PDL1_ALPHA_REPACK_v7_r004_cand_v7r004_hyp_0004_00_001_af7f7c76a908b/job_0_n_222_id_34_fk_orig3_bm1-s0to100br1-s100to200br3-s200to300br2/job_0_n_222_id_34_fk_orig3_bm1-s0to100br1-s100to200br3-s200to300br2.pdb,139,"2,0,13,16,19,16,19,14,11,3,10,18,19,19,6,18,7,15,2,12,16,9,6,4,11,13,14,19,6,11,5,10,3,10,0,0,10,9,19,18,17,6,12,6,3,11,2,9,9,5,13,19,8,7,6,6,3,10,11,19,5,8,15,15,18,1,5,1,0,1,10,10,11,3,5,10,15,10,7,2,0,0,10,5,9,16,3,19,11,10,5,3,0,7,19,18,1,4,12,9,15,18,7,7,0,3,18,11,1,9,16,19,11,19,2,0,10,11,19,16,0,14,0,10,19,15,7,16,19,7,7,15,19,16,10,14,4,11,13,2,19,14,5,15,3,19,9,15,19,10,17,11,7,14,2,3,19,2,19,10,16,18,15,2,7,5,19,16,18,15,3,15,13,11,7,1,0,6,13,3,14,11,2,7,3,0,15,10,11,10,15,3,10,11,10,6,3,15,7,19,18,6,4,10,19,13,0,11,16,7,19,3,15,0,11,9,16,10,3,19,11,0,0,0,0,0,0,0,0,0,0,0,0,0,0",-0.45272514,0.2165771,3.0,0.09152887,59.170124,0.09198953,1.0,0.09198953,0.28244272,0.022104463,0.0,0.0,0.09152887,0.002120401,0.86095876,0.28244272,2.6275735,1.3968406,59.170124,-0.45272514,3.6632876,204.47043,0.021699764,0.09106821,1.0,204.47043,0.34982127,0.13904126,2.6275735,0.002120401,0.022509161,0.2165771,0.0,1.3968406,3.6632876,0.021699764,0.45272514,0.0,0.022509161,0.45272514,0.6402966,0.09106821,1.0,0.022104463,lookahead,fk_orig3_bm1-s0to100br1-s100to200br3-s200to300br2
/work/T-REX/external/Proteina-Complexa/inference/search_binder_local_pipeline_32_PDL1_ALPHA_REPACK_v7_r004_cand_v7r004_hyp_0004_00_001_af7f7c76a908b/job_0_n_211_id_35_fk_orig0_bm1-s0to100br3-s100to200br2-s200to300br3/job_0_n_211_id_35_fk_orig0_bm1-s0to100br3-s100to200br2-s200to300br3.pdb,140,"2,0,13,16,19,16,19,14,11,3,10,18,19,19,6,18,7,15,2,12,16,9,6,4,11,13,14,19,6,11,5,10,3,10,0,0,10,9,19,18,17,6,12,6,3,11,2,9,9,5,13,19,8,7,6,6,3,10,11,19,5,8,15,15,18,1,5,1,0,1,10,10,11,3,5,10,15,10,7,2,0,0,10,5,9,16,3,19,11,10,5,3,0,7,19,18,1,4,12,9,15,18,7,7,0,3,18,11,1,9,16,19,11,19,2,0,15,11,10,6,9,0,11,11,2,10,10,2,6,10,11,6,11,16,15,15,15,9,18,2,6,19,6,11,10,10,2,2,14,11,3,5,2,0,10,2,16,10,10,15,10,10,11,0,16,6,6,3,19,6,10,19,2,3,9,10,2,0,15,15,6,2,6,0,10,19,2,10,0,13,10,10,5,11,18,11,10,9,15,15,15,16,13,3,16,10,18,11,0,0,11,0,0,0,0,0,0,0,0,0,0,0,0,0,0,0,0,0,0,0,0,0,0,0,0",-0.23900424,0.108066626,3.0,0.33128572,45.868023,0.35888073,1.0,0.35888073,0.17177579,0.33128572,0.0,0.0,0.33128572,0.0010996618,0.89946413,0.17177579,3.5720203,1.5441499,45.868023,-0.23900424,2.7590623,197.61786,0.3036907,0.3036907,1.0,197.61786,0.6439384,0.10053585,3.5720203,0.0010996618,0.35888073,0.108066626,0.0,1.5441499,2.7590623,0.3036907,0.23900424,0.0,0.35888073,0.23900424,0.78598964,0.3036907,1.0,0.33128572,lookahead,fk_orig0_bm1-s0to100br3-s100to200br2-s200to300br3
/work/T-REX/external/Proteina-Complexa/inference/search_binder_local_pipeline_32_PDL1_ALPHA_REPACK_v7_r004_cand_v7r004_hyp_0004_00_001_af7f7c76a908b/job_0_n_235_id_35_fk_orig1_bm0-s0to100br0-s100to200br3-s200to300br3/job_0_n_235_id_35_fk_orig1_bm0-s0to100br0-s100to200br3-s200to300br3.pdb,141,"2,0,13,16,19,16,19,14,11,3,10,18,19,19,6,18,7,15,2,12,16,9,6,4,11,13,14,19,6,11,5,10,3,10,0,0,10,9,19,18,17,6,12,6,3,11,2,9,9,5,13,19,8,7,6,6,3,10,11,19,5,8,15,15,18,1,5,1,0,1,10,10,11,3,5,10,15,10,7,2,0,0,10,5,9,16,3,19,11,10,5,3,0,7,19,18,1,4,12,9,15,18,7,7,0,3,18,11,1,9,16,19,11,19,2,0,2,0,13,16,19,16,19,14,11,3,10,18,19,19,6,18,7,15,2,12,16,9,6,4,11,13,14,19,6,11,5,10,3,10,0,0,10,9,19,18,17,6,12,6,3,11,2,9,9,5,13,19,8,7,6,6,3,10,11,19,5,8,15,15,18,1,5,1,0,1,10,10,11,3,5,10,15,10,7,2,0,0,10,5,9,16,3,19,11,10,5,3,0,7,19,18,1,4,12,9,15,18,7,7,0,3,18,11,1,9,16,19,11,19,2,0,0,14,15",-0.53683066,0.30203542,3.0,0.044274032,57.10786,0.045446843,1.0,0.045446843,0.32134184,0.01232002,0.0,0.0,0.044274032,0.010288567,0.85159993,0.32134184,4.186411,1.3174428,57.10786,-0.53683066,3.9556005,198.08437,0.012021444,0.043101225,1.0,198.08437,0.2615586,0.14840008,4.186411,0.010288567,0.012618597,0.30203542,0.0,1.3174428,3.9556005,0.012021444,0.53683066,0.0,0.012618597,0.53683066,0.5874949,0.043101225,1.0,0.01232002,lookahead,fk_orig1_bm0-s0to100br0-s100to200br3-s200to300br3
/work/T-REX/external/Proteina-Complexa/inference/search_binder_local_pipeline_32_PDL1_ALPHA_REPACK_v7_r004_cand_v7r004_hyp_0004_00_001_af7f7c76a908b/job_0_n_184_id_35_fk_orig2_bm3-s0to100br1-s100to200br3-s200to300br3/job_0_n_184_id_35_fk_orig2_bm3-s0to100br1-s100to200br3-s200to300br3.pdb,142,"2,0,13,16,19,16,19,14,11,3,10,18,19,19,6,18,7,15,2,12,16,9,6,4,11,13,14,19,6,11,5,10,3,10,0,0,10,9,19,18,17,6,12,6,3,11,2,9,9,5,13,19,8,7,6,6,3,10,11,19,5,8,15,15,18,1,5,1,0,1,10,10,11,3,5,10,15,10,7,2,0,0,10,5,9,16,3,19,11,10,5,3,0,7,19,18,1,4,12,9,15,18,7,7,0,3,18,11,1,9,16,19,11,19,2,0,0,6,11,8,14,0,19,10,0,0,1,5,0,11,3,18,0,11,1,18,10,6,16,7,11,6,6,3,10,11,5,0,1,11,18,18,6,19,0,11,8,13,0,7,11,19,11,3,6,0,0,11,6,6,0,10,8,10,10,6,6,0,11,11,10,10,3,0,0,0,0,0,0,0,0,0,0,0,0,0,0,0,0,0,0,0,0,0,0,0,0,0,0,0,0,0,0,0,0,0,0,0,0,0,0,0,0,0,0,0,0,0,0,0,0,0,0,0,0",-0.56034315,0.32506004,3.0,0.016094891,96.67677,0.016902257,1.0,0.016902257,0.38175812,0.005892425,0.0,0.0,0.016094891,0.0023463343,0.81080526,0.38175812,8.796065,1.3209743,96.67677,-0.56034315,3.7210846,205.71861,0.0,0.015287525,1.0,205.71861,0.21617845,0.18919475,8.796065,0.0023463343,0.01178485,0.32506004,0.0,1.3209743,3.7210846,0.0,0.56034315,0.0,0.01178485,0.56034315,0.6395103,0.015287525,1.0,0.005892425,lookahead,fk_orig2_bm3-s0to100br1-s100to200br3-s200to300br3
/work/T-REX/external/Proteina-Complexa/inference/search_binder_local_pipeline_32_PDL1_ALPHA_REPACK_v7_r004_cand_v7r004_hyp_0004_00_001_af7f7c76a908b/job_0_n_222_id_35_fk_orig3_bm1-s0to100br1-s100to200br3-s200to300br3/job_0_n_222_id_35_fk_orig3_bm1-s0to100br1-s100to200br3-s200to300br3.pdb,143,"2,0,13,16,19,16,19,14,11,3,10,18,19,19,6,18,7,15,2,12,16,9,6,4,11,13,14,19,6,11,5,10,3,10,0,0,10,9,19,18,17,6,12,6,3,11,2,9,9,5,13,19,8,7,6,6,3,10,11,19,5,8,15,15,18,1,5,1,0,1,10,10,11,3,5,10,15,10,7,2,0,0,10,5,9,16,3,19,11,10,5,3,0,7,19,18,1,4,12,9,15,18,7,7,0,3,18,11,1,9,16,19,11,19,2,0,10,11,19,16,0,14,0,10,19,15,7,16,6,7,7,15,19,16,10,14,4,11,13,2,0,0,5,15,3,19,9,0,19,10,17,11,7,14,11,3,19,3,19,10,16,18,15,2,7,11,19,16,18,8,3,15,13,11,7,1,0,6,13,3,14,11,2,7,3,0,15,10,11,10,15,2,10,1,10,15,3,15,7,19,18,6,4,10,19,13,0,11,15,7,19,3,15,0,11,9,5,10,6,19,11,0,0,0,0,0,0,0,0,0,0,0,0,0,0",-0.44889274,0.21858627,3.0,0.0986249,126.16344,0.1081298,1.0,0.1081298,0.2838479,0.019664425,0.0,0.0,0.0986249,0.0023399154,0.7883891,0.2838479,20.416237,1.4775736,126.16344,-0.44889274,3.5307596,226.5676,0.015035082,0.08912001,1.0,226.5676,0.36086938,0.2116109,20.416237,0.0023399154,0.02429377,0.21858627,0.0,1.4775736,3.5307596,0.015035082,0.44889274,0.0,0.02429377,0.44889274,0.64579105,0.08912001,1.0,0.019664425,lookahead,fk_orig3_bm1-s0to100br1-s100to200br3-s200to300br3
/work/T-REX/external/Proteina-Complexa/inference/search_binder_local_pipeline_32_PDL1_ALPHA_REPACK_v7_r004_cand_v7r004_hyp_0004_00_001_af7f7c76a908b/job_0_n_211_id_36_fk_orig0_bm1-s0to100br3-s100to200br3-s200to300br0/job_0_n_211_id_36_fk_orig0_bm1-s0to100br3-s100to200br3-s200to300br0.pdb,144,"2,0,13,16,19,16,19,14,11,3,10,18,19,19,6,18,7,15,2,12,16,9,6,4,11,13,14,19,6,11,5,10,3,10,0,0,10,9,19,18,17,6,12,6,3,11,2,9,9,5,13,19,8,7,6,6,3,10,11,19,5,8,15,15,18,1,5,1,0,1,10,10,11,3,5,10,15,10,7,2,0,0,10,5,9,16,3,19,11,10,5,3,0,7,19,18,1,4,12,9,15,18,7,7,0,3,18,11,1,9,16,19,11,19,2,0,15,2,10,6,9,0,11,6,11,10,6,16,18,9,7,11,19,11,15,7,19,19,11,2,0,10,10,15,10,10,11,3,1,15,11,0,3,6,0,18,6,10,10,11,2,0,7,19,15,3,15,9,10,0,10,19,11,3,10,14,15,0,11,2,3,11,6,18,13,1,10,10,0,13,9,10,2,15,10,11,0,4,16,0,15,3,19,7,3,9,10,11,10,16,15,0,0,0,0,0,0,0,0,0,0,0,0,0,0,0,0,0,0,0,0,0,0,0,0",-0.19232449,0.07496186,3.0,0.466474,44.29561,0.5004944,1.0,0.5004944,0.1397611,0.466474,0.0,0.0,0.466474,0.000749098,0.916212,0.1397611,2.4144542,1.42141,44.29561,-0.19232449,2.3424957,197.81932,0.43245354,0.43245354,1.0,197.81932,0.7408657,0.08378799,2.4144542,0.000749098,0.5004944,0.07496186,0.0,1.42141,2.3424957,0.43245354,0.19232449,0.0,0.5004944,0.19232449,0.8391793,0.43245354,1.0,0.466474,lookahead,fk_orig0_bm1-s0to100br3-s100to200br3-s200to300br0
/work/T-REX/external/Proteina-Complexa/inference/search_binder_local_pipeline_32_PDL1_ALPHA_REPACK_v7_r004_cand_v7r004_hyp_0004_00_001_af7f7c76a908b/job_0_n_235_id_36_fk_orig1_bm0-s0to100br0-s100to200br0-s200to300br0/job_0_n_235_id_36_fk_orig1_bm0-s0to100br0-s100to200br0-s200to300br0.pdb,145,"2,0,13,16,19,16,19,14,11,3,10,18,19,19,6,18,7,15,2,12,16,9,6,4,11,13,14,19,6,11,5,10,3,10,0,0,10,9,19,18,17,6,12,6,3,11,2,9,9,5,13,19,8,7,6,6,3,10,11,19,5,8,15,15,18,1,5,1,0,1,10,10,11,3,5,10,15,10,7,2,0,0,10,5,9,16,3,19,11,10,5,3,0,7,19,18,1,4,12,9,15,18,7,7,0,3,18,11,1,9,16,19,11,19,2,0,2,0,13,16,19,16,19,14,11,3,10,18,19,19,6,18,7,15,2,12,16,9,6,4,11,13,14,19,6,11,5,10,3,10,0,0,10,9,19,18,17,6,12,6,3,11,2,9,9,5,13,19,8,7,6,6,3,10,11,19,5,8,15,15,18,1,5,1,0,1,10,10,11,3,5,10,15,10,7,2,0,0,10,5,9,16,3,19,11,10,5,3,0,7,19,18,1,4,12,9,15,18,7,7,0,3,18,11,1,9,16,19,11,19,2,0,14,6,0",-0.5328575,0.29876396,3.0,0.046609465,60.58735,0.048802152,1.0,0.048802152,0.31799725,0.012379815,0.0,0.0,0.046609465,0.008857978,0.85474646,0.31799725,4.8579073,1.3135039,60.58735,-0.5328575,3.9513583,197.9062,0.0121768555,0.044416778,1.0,197.9062,0.2613021,0.14525352,4.8579073,0.008857978,0.012582774,0.29876396,0.0,1.3135039,3.9513583,0.0121768555,0.5328575,0.0,0.012582774,0.5328575,0.5881318,0.044416778,1.0,0.012379815,lookahead,fk_orig1_bm0-s0to100br0-s100to200br0-s200to300br0
/work/T-REX/external/Proteina-Complexa/inference/search_binder_local_pipeline_32_PDL1_ALPHA_REPACK_v7_r004_cand_v7r004_hyp_0004_00_001_af7f7c76a908b/job_0_n_184_id_36_fk_orig2_bm0-s0to100br3-s100to200br1-s200to300br0/job_0_n_184_id_36_fk_orig2_bm0-s0to100br3-s100to200br1-s200to300br0.pdb,146,"2,0,13,16,19,16,19,14,11,3,10,18,19,19,6,18,7,15,2,12,16,9,6,4,11,13,14,19,6,11,5,10,3,10,0,0,10,9,19,18,17,6,12,6,3,11,2,9,9,5,13,19,8,7,6,6,3,10,11,19,5,8,15,15,18,1,5,1,0,1,10,10,11,3,5,10,15,10,7,2,0,0,10,5,9,16,3,19,11,10,5,3,0,7,19,18,1,4,12,9,15,18,7,7,0,3,18,11,1,9,16,19,11,19,2,0,0,2,0,18,13,2,10,7,2,9,18,11,15,5,7,11,10,3,6,0,6,11,15,18,10,6,0,9,11,10,2,8,14,3,0,3,11,0,18,10,6,10,15,7,9,18,16,5,11,11,2,18,3,6,0,0,11,12,10,6,11,0,1,5,0,1,10,11,0,0,0,0,0,0,0,0,0,0,0,0,0,0,0,0,0,0,0,0,0,0,0,0,0,0,0,0,0,0,0,0,0,0,0,0,0,0,0,0,0,0,0,0,0,0,0,0,0,0,0",-0.164451,0.05653612,3.0,0.53865993,51.497234,0.61033183,1.0,0.61033183,0.1299921,0.53865993,0.0,0.0,0.53865993,0.0016761466,0.928351,0.1299921,2.386993,1.3910978,51.497234,-0.164451,2.056433,171.3099,0.46698806,0.46698806,1.0,171.3099,0.7965307,0.07164904,2.386993,0.0016761466,0.61033183,0.05653612,0.0,1.3910978,2.056433,0.46698806,0.164451,0.0,0.61033183,0.164451,0.8608702,0.46698806,1.0,0.53865993,lookahead,fk_orig2_bm0-s0to100br3-s100to200br1-s200to300br0
/work/T-REX/external/Proteina-Complexa/inference/search_binder_local_pipeline_32_PDL1_ALPHA_REPACK_v7_r004_cand_v7r004_hyp_0004_00_001_af7f7c76a908b/job_0_n_222_id_36_fk_orig3_bm1-s0to100br1-s100to200br0-s200to300br0/job_0_n_222_id_36_fk_orig3_bm1-s0to100br1-s100to200br0-s200to300br0.pdb,147,"2,0,13,16,19,16,19,14,11,3,10,18,19,19,6,18,7,15,2,12,16,9,6,4,11,13,14,19,6,11,5,10,3,10,0,0,10,9,19,18,17,6,12,6,3,11,2,9,9,5,13,19,8,7,6,6,3,10,11,19,5,8,15,15,18,1,5,1,0,1,10,10,11,3,5,10,15,10,7,2,0,0,10,5,9,16,3,19,11,10,5,3,0,7,19,18,1,4,12,9,15,18,7,7,0,3,18,11,1,9,16,19,11,19,2,0,10,19,19,16,0,14,0,15,19,15,7,16,19,7,7,15,19,16,10,14,4,16,16,15,11,15,10,15,0,14,13,15,9,19,17,1,7,14,11,3,16,10,9,10,16,18,15,15,7,6,0,19,18,0,3,15,13,11,7,1,0,16,10,15,14,15,7,16,3,0,15,10,16,10,15,3,10,1,10,6,3,15,7,9,18,16,4,10,19,0,2,1,3,7,9,0,3,0,11,9,15,10,16,19,16,0,0,0,0,0,0,0,0,0,0,0,0,0,0",-0.45664454,0.23117161,3.0,0.083375916,57.04985,0.08910643,1.0,0.08910643,0.2813572,0.014382397,0.0,0.0,0.083375916,0.0013721962,0.8683456,0.2813572,2.0550447,1.3458027,57.04985,-0.45664454,3.6882005,192.82153,0.014105391,0.07764539,1.0,192.82153,0.34300572,0.13165441,2.0550447,0.0013721962,0.014659403,0.23117161,0.0,1.3458027,3.6882005,0.014105391,0.45664454,0.0,0.014659403,0.45664454,0.63476574,0.07764539,1.0,0.014382397,lookahead,fk_orig3_bm1-s0to100br1-s100to200br0-s200to300br0
/work/T-REX/external/Proteina-Complexa/inference/search_binder_local_pipeline_32_PDL1_ALPHA_REPACK_v7_r004_cand_v7r004_hyp_0004_00_001_af7f7c76a908b/job_0_n_211_id_37_fk_orig0_bm1-s0to100br3-s100to200br3-s200to300br1/job_0_n_211_id_37_fk_orig0_bm1-s0to100br3-s100to200br3-s200to300br1.pdb,148,"2,0,13,16,19,16,19,14,11,3,10,18,19,19,6,18,7,15,2,12,16,9,6,4,11,13,14,19,6,11,5,10,3,10,0,0,10,9,19,18,17,6,12,6,3,11,2,9,9,5,13,19,8,7,6,6,3,10,11,19,5,8,15,15,18,1,5,1,0,1,10,10,11,3,5,10,15,10,7,2,0,0,10,5,9,16,3,19,11,10,5,3,0,7,19,18,1,4,12,9,15,18,7,7,0,3,18,11,1,9,16,19,11,19,2,0,15,11,10,6,5,0,11,6,11,10,5,16,18,9,7,11,19,5,15,6,16,19,11,6,0,10,6,19,10,10,11,3,1,15,5,15,3,11,0,19,6,12,10,11,3,0,11,19,15,0,15,19,10,2,10,19,11,3,9,14,11,0,11,15,6,11,6,18,18,1,10,10,0,13,19,10,8,15,10,11,19,4,3,15,3,3,19,0,6,9,13,11,10,19,2,0,0,0,0,0,0,0,0,0,0,0,0,0,0,0,0,0,0,0,0,0,0,0,0",-0.24179494,0.10167661,3.0,0.3260107,42.94119,0.3554252,1.0,0.3554252,0.16957079,0.3260107,0.0,0.0,0.3260107,0.0008784251,0.89145243,0.16957079,2.65847,1.534229,42.94119,-0.24179494,2.6807718,199.4116,0.29659623,0.29659623,1.0,199.4116,0.64310634,0.1085476,2.65847,0.0008784251,0.3554252,0.10167661,0.0,1.534229,2.6807718,0.29659623,0.24179494,0.0,0.3554252,0.24179494,0.78832483,0.29659623,1.0,0.3260107,lookahead,fk_orig0_bm1-s0to100br3-s100to200br3-s200to300br1
/work/T-REX/external/Proteina-Complexa/inference/search_binder_local_pipeline_32_PDL1_ALPHA_REPACK_v7_r004_cand_v7r004_hyp_0004_00_001_af7f7c76a908b/job_0_n_235_id_37_fk_orig1_bm0-s0to100br0-s100to200br0-s200to300br1/job_0_n_235_id_37_fk_orig1_bm0-s0to100br0-s100to200br0-s200to300br1.pdb,149,"2,0,13,16,19,16,19,14,11,3,10,18,19,19,6,18,7,15,2,12,16,9,6,4,11,13,14,19,6,11,5,10,3,10,0,0,10,9,19,18,17,6,12,6,3,11,2,9,9,5,13,19,8,7,6,6,3,10,11,19,5,8,15,15,18,1,5,1,0,1,10,10,11,3,5,10,15,10,7,2,0,0,10,5,9,16,3,19,11,10,5,3,0,7,19,18,1,4,12,9,15,18,7,7,0,3,18,11,1,9,16,19,11,19,2,0,2,0,13,16,19,16,19,14,11,3,10,18,19,19,6,18,7,15,2,12,16,9,6,4,11,13,14,19,6,11,5,10,3,10,0,0,10,9,19,18,17,6,12,6,3,11,2,9,9,5,13,19,8,7,6,6,3,10,11,19,5,8,15,15,18,1,5,1,0,1,10,10,11,3,5,10,15,10,7,2,0,0,10,5,9,16,3,19,11,10,5,3,0,7,19,18,1,4,12,9,15,18,7,7,0,3,18,11,1,9,16,19,11,19,2,0,11,15,10",-0.5260439,0.289734,3.0,0.050983958,60.137306,0.05350536,1.0,0.05350536,0.3166415,0.012642134,0.0,0.0,0.050983958,0.0072679017,0.84959626,0.3166415,4.7827373,1.3244894,60.137306,-0.5260439,3.9334714,197.74588,0.012355238,0.04846256,1.0,197.74588,0.2702294,0.15040374,4.7827373,0.0072679017,0.01292903,0.289734,0.0,1.3244894,3.9334714,0.012355238,0.5260439,0.0,0.01292903,0.5260439,0.59120953,0.04846256,1.0,0.012642134,lookahead,fk_orig1_bm0-s0to100br0-s100to200br0-s200to300br1
/work/T-REX/external/Proteina-Complexa/inference/search_binder_local_pipeline_32_PDL1_ALPHA_REPACK_v7_r004_cand_v7r004_hyp_0004_00_001_af7f7c76a908b/job_0_n_184_id_37_fk_orig2_bm0-s0to100br3-s100to200br1-s200to300br1/job_0_n_184_id_37_fk_orig2_bm0-s0to100br3-s100to200br1-s200to300br1.pdb,150,"2,0,13,16,19,16,19,14,11,3,10,18,19,19,6,18,7,15,2,12,16,9,6,4,11,13,14,19,6,11,5,10,3,10,0,0,10,9,19,18,17,6,12,6,3,11,2,9,9,5,13,19,8,7,6,6,3,10,11,19,5,8,15,15,18,1,5,1,0,1,10,10,11,3,5,10,15,10,7,2,0,0,10,5,9,16,3,19,11,10,5,3,0,7,19,18,1,4,12,9,15,18,7,7,0,3,18,11,1,9,16,19,11,19,2,0,0,3,0,18,13,2,10,7,11,9,18,11,0,5,7,2,10,3,6,0,6,11,2,18,11,11,0,9,6,10,7,18,14,3,0,3,11,0,18,12,6,10,15,7,19,18,15,0,11,11,2,18,3,6,0,0,11,5,12,6,6,0,1,11,0,1,10,0,0,0,0,0,0,0,0,0,0,0,0,0,0,0,0,0,0,0,0,0,0,0,0,0,0,0,0,0,0,0,0,0,0,0,0,0,0,0,0,0,0,0,0,0,0,0,0,0,0,0,0",-0.17407,0.06369078,3.0,0.4880429,33.00227,0.5797055,1.0,0.5797055,0.13305412,0.4880429,0.0,0.0,0.4880429,0.0013894772,0.9298155,0.13305412,1.9846487,1.3057559,33.00227,-0.17407,2.229526,166.19933,0.39638034,0.39638034,1.0,166.19933,0.7613592,0.070184514,1.9846487,0.0013894772,0.5797055,0.06369078,0.0,1.3057559,2.229526,0.39638034,0.17407,0.0,0.5797055,0.17407,0.84724224,0.39638034,1.0,0.4880429,lookahead,fk_orig2_bm0-s0to100br3-s100to200br1-s200to300br1
/work/T-REX/external/Proteina-Complexa/inference/search_binder_local_pipeline_32_PDL1_ALPHA_REPACK_v7_r004_cand_v7r004_hyp_0004_00_001_af7f7c76a908b/job_0_n_222_id_37_fk_orig3_bm1-s0to100br1-s100to200br0-s200to300br1/job_0_n_222_id_37_fk_orig3_bm1-s0to100br1-s100to200br0-s200to300br1.pdb,151,"2,0,13,16,19,16,19,14,11,3,10,18,19,19,6,18,7,15,2,12,16,9,6,4,11,13,14,19,6,11,5,10,3,10,0,0,10,9,19,18,17,6,12,6,3,11,2,9,9,5,13,19,8,7,6,6,3,10,11,19,5,8,15,15,18,1,5,1,0,1,10,10,11,3,5,10,15,10,7,2,0,0,10,5,9,16,3,19,11,10,5,3,0,7,19,18,1,4,12,9,15,18,7,7,0,3,18,11,1,9,16,19,11,19,2,0,10,19,19,16,0,14,16,15,19,15,7,16,0,7,7,15,19,16,10,14,4,16,16,15,11,15,10,16,14,14,13,15,9,19,17,1,7,14,11,3,19,10,19,10,16,18,0,2,7,6,0,16,18,15,3,15,13,11,7,1,0,15,10,16,14,15,7,16,3,0,15,10,16,10,15,2,10,1,14,6,3,15,7,16,18,16,4,10,19,0,2,15,3,7,9,3,3,0,11,9,5,10,16,19,2,7,0,0,0,0,0,0,0,0,0,0,0,0,0",-0.5005016,0.2593047,3.0,0.055713654,86.00506,0.05618031,1.0,0.05618031,0.30171356,0.013400735,0.0,0.0,0.055713654,0.0014741933,0.86418766,0.30171356,3.5494416,1.2647182,86.00506,-0.5005016,3.7253976,199.9919,0.013205181,0.055246998,1.0,199.9919,0.27911088,0.13581234,3.5494416,0.0014741933,0.013596289,0.2593047,0.0,1.2647182,3.7253976,0.013205181,0.5005016,0.0,0.013596289,0.5005016,0.6073824,0.055246998,1.0,0.013400735,lookahead,fk_orig3_bm1-s0to100br1-s100to200br0-s200to300br1
/work/T-REX/external/Proteina-Complexa/inference/search_binder_local_pipeline_32_PDL1_ALPHA_REPACK_v7_r004_cand_v7r004_hyp_0004_00_001_af7f7c76a908b/job_0_n_211_id_38_fk_orig0_bm1-s0to100br3-s100to200br3-s200to300br2/job_0_n_211_id_38_fk_orig0_bm1-s0to100br3-s100to200br3-s200to300br2.pdb,152,"2,0,13,16,19,16,19,14,11,3,10,18,19,19,6,18,7,15,2,12,16,9,6,4,11,13,14,19,6,11,5,10,3,10,0,0,10,9,19,18,17,6,12,6,3,11,2,9,9,5,13,19,8,7,6,6,3,10,11,19,5,8,15,15,18,1,5,1,0,1,10,10,11,3,5,10,15,10,7,2,0,0,10,5,9,16,3,19,11,10,5,3,0,7,19,18,1,4,12,9,15,18,7,7,0,3,18,11,1,9,16,19,11,19,2,0,15,11,10,3,10,0,11,6,11,10,6,19,18,9,2,11,19,11,15,3,19,19,1,2,0,10,10,0,10,10,11,3,11,15,11,0,6,5,0,13,5,6,10,11,11,0,7,0,15,14,15,19,10,11,10,19,6,3,10,11,2,0,11,2,3,11,6,18,18,1,10,10,0,13,19,10,8,15,10,11,0,4,16,15,15,3,19,0,6,9,9,11,10,16,6,0,0,0,0,0,0,0,0,0,0,0,0,0,0,0,0,0,0,0,0,0,0,0,0",-0.2395134,0.10044413,3.0,0.33049846,44.92732,0.35743755,1.0,0.35743755,0.16738644,0.33049846,0.0,0.0,0.33049846,0.0008292048,0.8977906,0.16738644,2.3011854,1.4833715,44.92732,-0.2395134,2.5843797,207.88289,0.30355933,0.30355933,1.0,207.88289,0.6623862,0.102209374,2.3011854,0.0008292048,0.35743755,0.10044413,0.0,1.4833715,2.5843797,0.30355933,0.2395134,0.0,0.35743755,0.2395134,0.8004632,0.30355933,1.0,0.33049846,lookahead,fk_orig0_bm1-s0to100br3-s100to200br3-s200to300br2
/work/T-REX/external/Proteina-Complexa/inference/search_binder_local_pipeline_32_PDL1_ALPHA_REPACK_v7_r004_cand_v7r004_hyp_0004_00_001_af7f7c76a908b/job_0_n_235_id_38_fk_orig1_bm0-s0to100br0-s100to200br0-s200to300br2/job_0_n_235_id_38_fk_orig1_bm0-s0to100br0-s100to200br0-s200to300br2.pdb,153,"2,0,13,16,19,16,19,14,11,3,10,18,19,19,6,18,7,15,2,12,16,9,6,4,11,13,14,19,6,11,5,10,3,10,0,0,10,9,19,18,17,6,12,6,3,11,2,9,9,5,13,19,8,7,6,6,3,10,11,19,5,8,15,15,18,1,5,1,0,1,10,10,11,3,5,10,15,10,7,2,0,0,10,5,9,16,3,19,11,10,5,3,0,7,19,18,1,4,12,9,15,18,7,7,0,3,18,11,1,9,16,19,11,19,2,0,2,0,13,16,19,16,19,14,11,3,10,18,19,19,6,18,7,15,2,12,16,9,6,4,11,13,14,19,6,11,5,10,3,10,0,0,10,9,19,18,17,6,12,6,3,11,2,9,9,5,13,19,8,7,6,6,3,10,11,19,5,8,15,15,18,1,5,1,0,1,10,10,11,3,5,10,15,10,7,2,0,0,10,5,9,16,3,19,11,10,5,3,0,7,19,18,1,4,12,9,15,18,7,7,0,3,18,11,1,9,16,19,11,19,2,0,14,14,0",-0.52982295,0.29818714,3.0,0.047468156,55.270454,0.049039464,1.0,0.049039464,0.3150878,0.012357207,0.0,0.0,0.047468156,0.006694014,0.8568915,0.3150878,4.3703313,1.3053108,55.270454,-0.52982295,3.9457426,195.67052,0.011866423,0.04589685,1.0,195.67052,0.26647797,0.14310847,4.3703313,0.006694014,0.01284799,0.29818714,0.0,1.3053108,3.9457426,0.011866423,0.52982295,0.0,0.01284799,0.52982295,0.59202933,0.04589685,1.0,0.012357207,lookahead,fk_orig1_bm0-s0to100br0-s100to200br0-s200to300br2
/work/T-REX/external/Proteina-Complexa/inference/search_binder_local_pipeline_32_PDL1_ALPHA_REPACK_v7_r004_cand_v7r004_hyp_0004_00_001_af7f7c76a908b/job_0_n_184_id_38_fk_orig2_bm0-s0to100br3-s100to200br1-s200to300br2/job_0_n_184_id_38_fk_orig2_bm0-s0to100br3-s100to200br1-s200to300br2.pdb,154,"2,0,13,16,19,16,19,14,11,3,10,18,19,19,6,18,7,15,2,12,16,9,6,4,11,13,14,19,6,11,5,10,3,10,0,0,10,9,19,18,17,6,12,6,3,11,2,9,9,5,13,19,8,7,6,6,3,10,11,19,5,8,15,15,18,1,5,1,0,1,10,10,11,3,5,10,15,10,7,2,0,0,10,5,9,16,3,19,11,10,5,3,0,7,19,18,1,4,12,9,15,18,7,7,0,3,18,11,1,9,16,19,11,19,2,0,0,2,16,18,13,2,10,7,2,9,18,11,0,5,11,2,10,3,6,0,6,11,5,18,11,11,0,9,6,10,7,8,14,3,0,3,11,0,18,12,6,10,15,7,9,18,15,10,11,11,3,18,3,6,0,0,11,12,12,6,6,0,1,11,0,1,10,0,0,0,0,0,0,0,0,0,0,0,0,0,0,0,0,0,0,0,0,0,0,0,0,0,0,0,0,0,0,0,0,0,0,0,0,0,0,0,0,0,0,0,0,0,0,0,0,0,0,0,0",-0.17934364,0.06745826,3.0,0.46958345,36.916992,0.5511766,1.0,0.5511766,0.13828619,0.46958345,0.0,0.0,0.46958345,0.0015709392,0.9201146,0.13828619,2.8071082,1.3782443,36.916992,-0.17934364,2.3297396,172.60121,0.38799027,0.38799027,1.0,172.60121,0.7407125,0.07988542,2.8071082,0.0015709392,0.5511766,0.06745826,0.0,1.3782443,2.3297396,0.38799027,0.17934364,0.0,0.5511766,0.17934364,0.8425484,0.38799027,1.0,0.46958345,lookahead,fk_orig2_bm0-s0to100br3-s100to200br1-s200to300br2
/work/T-REX/external/Proteina-Complexa/inference/search_binder_local_pipeline_32_PDL1_ALPHA_REPACK_v7_r004_cand_v7r004_hyp_0004_00_001_af7f7c76a908b/job_0_n_222_id_38_fk_orig3_bm1-s0to100br1-s100to200br0-s200to300br2/job_0_n_222_id_38_fk_orig3_bm1-s0to100br1-s100to200br0-s200to300br2.pdb,155,"2,0,13,16,19,16,19,14,11,3,10,18,19,19,6,18,7,15,2,12,16,9,6,4,11,13,14,19,6,11,5,10,3,10,0,0,10,9,19,18,17,6,12,6,3,11,2,9,9,5,13,19,8,7,6,6,3,10,11,19,5,8,15,15,18,1,5,1,0,1,10,10,11,3,5,10,15,10,7,2,0,0,10,5,9,16,3,19,11,10,5,3,0,7,19,18,1,4,12,9,15,18,7,7,0,3,18,11,1,9,16,19,11,19,2,0,10,16,19,16,0,14,16,15,19,15,7,16,19,7,7,15,19,16,10,14,4,11,16,15,11,15,10,15,15,14,13,15,9,19,17,11,7,14,11,3,16,11,9,10,16,18,0,7,7,6,16,16,18,13,6,14,13,11,7,1,0,15,10,5,14,15,7,16,3,0,15,10,16,10,15,3,10,1,10,6,3,15,7,19,18,16,4,10,19,0,3,11,16,7,9,0,3,0,11,9,16,10,16,19,16,7,0,0,0,0,0,0,0,0,0,0,0,0,0",-0.4717696,0.24919242,3.0,0.0752614,48.82798,0.0780529,1.0,0.0780529,0.29116276,0.013811799,0.0,0.0,0.0752614,0.0014709876,0.8701511,0.29116276,1.5598633,1.3460228,48.82798,-0.4717696,3.651275,195.89923,0.01350805,0.0724699,1.0,195.89923,0.36294755,0.12984888,1.5598633,0.0014709876,0.014115549,0.24919242,0.0,1.3460228,3.651275,0.01350805,0.4717696,0.0,0.014115549,0.4717696,0.6435106,0.0724699,1.0,0.013811799,lookahead,fk_orig3_bm1-s0to100br1-s100to200br0-s200to300br2
/work/T-REX/external/Proteina-Complexa/inference/search_binder_local_pipeline_32_PDL1_ALPHA_REPACK_v7_r004_cand_v7r004_hyp_0004_00_001_af7f7c76a908b/job_0_n_211_id_39_fk_orig0_bm1-s0to100br3-s100to200br3-s200to300br3/job_0_n_211_id_39_fk_orig0_bm1-s0to100br3-s100to200br3-s200to300br3.pdb,156,"2,0,13,16,19,16,19,14,11,3,10,18,19,19,6,18,7,15,2,12,16,9,6,4,11,13,14,19,6,11,5,10,3,10,0,0,10,9,19,18,17,6,12,6,3,11,2,9,9,5,13,19,8,7,6,6,3,10,11,19,5,8,15,15,18,1,5,1,0,1,10,10,11,3,5,10,15,10,7,2,0,0,10,5,9,16,3,19,11,10,5,3,0,7,19,18,1,4,12,9,15,18,7,7,0,3,18,11,1,9,16,19,11,19,2,0,15,15,10,6,5,0,1,6,11,10,11,16,18,9,6,2,19,11,2,6,11,9,11,2,0,10,5,15,10,10,5,3,1,15,11,15,16,6,0,13,6,9,10,11,15,0,7,19,3,6,15,9,10,11,10,19,11,3,10,14,15,0,11,15,6,0,6,18,10,11,10,10,0,13,9,10,5,15,10,11,0,4,16,15,15,6,19,7,6,9,10,11,10,19,2,0,0,0,0,0,0,0,0,0,0,0,0,0,0,0,0,0,0,0,0,0,0,0,0",-0.2051983,0.08212585,3.0,0.4255659,48.149273,0.44969755,1.0,0.44969755,0.14842454,0.4255659,0.0,0.0,0.4255659,0.00084267417,0.914772,0.14842454,2.552654,1.469588,48.149273,-0.2051983,2.3797452,198.0384,0.4014342,0.4014342,1.0,198.0384,0.7373889,0.085228,2.552654,0.00084267417,0.44969755,0.08212585,0.0,1.469588,2.3797452,0.4014342,0.2051983,0.0,0.44969755,0.2051983,0.8375451,0.4014342,1.0,0.4255659,lookahead,fk_orig0_bm1-s0to100br3-s100to200br3-s200to300br3
/work/T-REX/external/Proteina-Complexa/inference/search_binder_local_pipeline_32_PDL1_ALPHA_REPACK_v7_r004_cand_v7r004_hyp_0004_00_001_af7f7c76a908b/job_0_n_235_id_39_fk_orig1_bm0-s0to100br0-s100to200br0-s200to300br3/job_0_n_235_id_39_fk_orig1_bm0-s0to100br0-s100to200br0-s200to300br3.pdb,157,"2,0,13,16,19,16,19,14,11,3,10,18,19,19,6,18,7,15,2,12,16,9,6,4,11,13,14,19,6,11,5,10,3,10,0,0,10,9,19,18,17,6,12,6,3,11,2,9,9,5,13,19,8,7,6,6,3,10,11,19,5,8,15,15,18,1,5,1,0,1,10,10,11,3,5,10,15,10,7,2,0,0,10,5,9,16,3,19,11,10,5,3,0,7,19,18,1,4,12,9,15,18,7,7,0,3,18,11,1,9,16,19,11,19,2,0,2,0,13,16,19,16,19,14,11,3,10,18,19,19,6,18,7,15,2,12,16,9,6,4,11,13,14,19,6,11,5,10,3,10,0,0,10,9,19,18,17,6,12,6,3,11,2,9,9,5,13,19,8,7,6,6,3,10,11,19,5,8,15,15,18,1,5,1,0,1,10,10,11,3,5,10,15,10,7,2,0,0,10,5,9,16,3,19,11,10,5,3,0,7,19,18,1,4,12,9,15,18,7,7,0,3,18,11,1,9,16,19,11,19,2,0,14,15,15",-0.51340175,0.2780499,3.0,0.054921467,62.769257,0.05774313,1.0,0.05774313,0.3071786,0.013413528,0.0,0.0,0.054921467,0.009114669,0.8565806,0.3071786,4.755924,1.293488,62.769257,-0.51340175,3.8945267,195.96033,0.013071954,0.052099805,1.0,195.96033,0.2757964,0.14341941,4.755924,0.009114669,0.013755102,0.2780499,0.0,1.293488,3.8945267,0.013071954,0.51340175,0.0,0.013755102,0.51340175,0.5967488,0.052099805,1.0,0.013413528,lookahead,fk_orig1_bm0-s0to100br0-s100to200br0-s200to300br3
/work/T-REX/external/Proteina-Complexa/inference/search_binder_local_pipeline_32_PDL1_ALPHA_REPACK_v7_r004_cand_v7r004_hyp_0004_00_001_af7f7c76a908b/job_0_n_184_id_39_fk_orig2_bm0-s0to100br3-s100to200br1-s200to300br3/job_0_n_184_id_39_fk_orig2_bm0-s0to100br3-s100to200br1-s200to300br3.pdb,158,"2,0,13,16,19,16,19,14,11,3,10,18,19,19,6,18,7,15,2,12,16,9,6,4,11,13,14,19,6,11,5,10,3,10,0,0,10,9,19,18,17,6,12,6,3,11,2,9,9,5,13,19,8,7,6,6,3,10,11,19,5,8,15,15,18,1,5,1,0,1,10,10,11,3,5,10,15,10,7,2,0,0,10,5,9,16,3,19,11,10,5,3,0,7,19,18,1,4,12,9,15,18,7,7,0,3,18,11,1,9,16,19,11,19,2,0,0,3,16,18,13,2,10,7,2,9,18,11,0,5,7,11,10,3,6,0,6,11,12,18,10,11,0,9,6,10,7,18,14,6,0,3,11,0,18,12,6,10,15,7,9,18,15,0,11,11,11,18,3,6,0,0,11,5,10,6,6,0,1,11,0,1,10,11,0,0,0,0,0,0,0,0,0,0,0,0,0,0,0,0,0,0,0,0,0,0,0,0,0,0,0,0,0,0,0,0,0,0,0,0,0,0,0,0,0,0,0,0,0,0,0,0,0,0,0",-0.17309885,0.062203467,3.0,0.49231786,47.32444,0.5730579,1.0,0.5730579,0.13401239,0.49231786,0.0,0.0,0.49231786,0.0012277163,0.9301807,0.13401239,2.2387693,1.3369913,47.32444,-0.17309885,2.188825,171.56598,0.4115778,0.4115778,1.0,171.56598,0.76997083,0.069819264,2.2387693,0.0012277163,0.5730579,0.062203467,0.0,1.3369913,2.188825,0.4115778,0.17309885,0.0,0.5730579,0.17309885,0.8513176,0.4115778,1.0,0.49231786,lookahead,fk_orig2_bm0-s0to100br3-s100to200br1-s200to300br3
/work/T-REX/external/Proteina-Complexa/inference/search_binder_local_pipeline_32_PDL1_ALPHA_REPACK_v7_r004_cand_v7r004_hyp_0004_00_001_af7f7c76a908b/job_0_n_222_id_39_fk_orig3_bm1-s0to100br1-s100to200br0-s200to300br3/job_0_n_222_id_39_fk_orig3_bm1-s0to100br1-s100to200br0-s200to300br3.pdb,159,"2,0,13,16,19,16,19,14,11,3,10,18,19,19,6,18,7,15,2,12,16,9,6,4,11,13,14,19,6,11,5,10,3,10,0,0,10,9,19,18,17,6,12,6,3,11,2,9,9,5,13,19,8,7,6,6,3,10,11,19,5,8,15,15,18,1,5,1,0,1,10,10,11,3,5,10,15,10,7,2,0,0,10,5,9,16,3,19,11,10,5,3,0,7,19,18,1,4,12,9,15,18,7,7,0,3,18,11,1,9,16,19,11,19,2,0,10,19,19,16,0,14,16,15,19,15,7,16,0,7,7,15,19,16,10,14,4,11,16,15,1,16,10,15,15,14,13,15,9,19,17,11,7,14,2,3,19,2,19,10,16,18,0,2,7,6,16,16,18,15,14,15,13,11,7,1,0,15,10,2,14,15,7,16,3,0,15,10,11,10,16,3,10,1,10,6,3,15,7,19,18,16,4,10,19,0,3,15,16,7,9,3,3,11,11,9,5,10,16,19,16,7,0,0,0,0,0,0,0,0,0,0,0,0,0",-0.53369635,0.26492065,3.0,0.046243645,80.11491,0.04863414,1.0,0.04863414,0.32583997,0.013120852,0.0,0.0,0.046243645,0.0016725024,0.8433764,0.32583997,3.9408379,1.3948809,80.11491,-0.53369635,3.8922062,210.61446,0.012881057,0.043853153,1.0,210.61446,0.25646892,0.15662359,3.9408379,0.0016725024,0.013360647,0.26492065,0.0,1.3948809,3.8922062,0.012881057,0.53369635,0.0,0.013360647,0.53369635,0.5932534,0.043853153,1.0,0.013120852,lookahead,fk_orig3_bm1-s0to100br1-s100to200br0-s200to300br3
/work/T-REX/external/Proteina-Complexa/inference/search_binder_local_pipeline_32_PDL1_ALPHA_REPACK_v7_r004_cand_v7r004_hyp_0004_00_001_af7f7c76a908b/job_0_n_211_id_40_fk_orig0_bm1-s0to100br3-s100to200br1-s200to300br0/job_0_n_211_id_40_fk_orig0_bm1-s0to100br3-s100to200br1-s200to300br0.pdb,160,"2,0,13,16,19,16,19,14,11,3,10,18,19,19,6,18,7,15,2,12,16,9,6,4,11,13,14,19,6,11,5,10,3,10,0,0,10,9,19,18,17,6,12,6,3,11,2,9,9,5,13,19,8,7,6,6,3,10,11,19,5,8,15,15,18,1,5,1,0,1,10,10,11,3,5,10,15,10,7,2,0,0,10,5,9,16,3,19,11,10,5,3,0,7,19,18,1,4,12,9,15,18,7,7,0,3,18,11,1,9,16,19,11,19,2,0,15,11,10,6,9,0,1,11,11,10,10,3,13,0,5,11,19,11,15,6,19,19,1,6,0,10,6,11,9,9,10,7,6,3,14,5,6,0,10,16,16,10,9,11,16,7,19,10,3,6,15,16,9,1,10,10,1,3,0,0,6,15,14,11,6,15,6,1,10,1,10,19,0,13,0,10,8,15,10,7,19,0,16,15,3,3,19,7,6,9,10,11,10,16,0,0,0,0,0,0,0,0,0,0,0,0,0,0,0,0,0,0,0,0,0,0,0,0,0",-0.1547988,0.054928888,3.0,0.6154537,36.225113,0.6451447,1.0,0.6451447,0.11415694,0.6154537,0.0,0.0,0.6154537,0.0005434494,0.9497381,0.11415694,1.9848437,1.2531546,36.225113,-0.1547988,2.060538,177.22127,0.5857628,0.5857628,1.0,177.22127,0.8168743,0.050261922,1.9848437,0.0005434494,0.6451447,0.054928888,0.0,1.2531546,2.060538,0.5857628,0.1547988,0.0,0.6451447,0.1547988,0.8759072,0.5857628,1.0,0.6154537,lookahead,fk_orig0_bm1-s0to100br3-s100to200br1-s200to300br0
/work/T-REX/external/Proteina-Complexa/inference/search_binder_local_pipeline_32_PDL1_ALPHA_REPACK_v7_r004_cand_v7r004_hyp_0004_00_001_af7f7c76a908b/job_0_n_235_id_40_fk_orig1_bm0-s0to100br2-s100to200br2-s200to300br0/job_0_n_235_id_40_fk_orig1_bm0-s0to100br2-s100to200br2-s200to300br0.pdb,161,"2,0,13,16,19,16,19,14,11,3,10,18,19,19,6,18,7,15,2,12,16,9,6,4,11,13,14,19,6,11,5,10,3,10,0,0,10,9,19,18,17,6,12,6,3,11,2,9,9,5,13,19,8,7,6,6,3,10,11,19,5,8,15,15,18,1,5,1,0,1,10,10,11,3,5,10,15,10,7,2,0,0,10,5,9,16,3,19,11,10,5,3,0,7,19,18,1,4,12,9,15,18,7,7,0,3,18,11,1,9,16,19,11,19,2,0,0,13,16,19,16,19,14,11,3,10,18,19,19,6,18,7,15,2,12,16,9,6,4,11,13,14,19,6,11,5,10,3,10,0,0,10,9,19,18,17,6,12,6,3,11,2,9,9,5,13,19,8,7,6,6,3,10,11,19,5,8,15,15,18,1,5,1,0,1,10,10,11,3,5,10,15,10,7,2,0,0,10,5,9,16,3,19,11,10,5,3,0,7,19,18,1,4,12,9,15,18,7,7,0,3,18,11,1,9,16,19,11,19,2,0,19,16,14,14",-0.53729844,0.30259427,3.0,0.04610291,57.307663,0.048081886,1.0,0.048081886,0.3227558,0.012244843,0.0,0.0,0.04610291,0.012769044,0.85134715,0.3227558,4.762621,1.3322896,57.307663,-0.53729844,3.9657776,192.82703,0.012003459,0.044123933,1.0,192.82703,0.26344228,0.14865284,4.762621,0.012769044,0.012486227,0.30259427,0.0,1.3322896,3.9657776,0.012003459,0.53729844,0.0,0.012486227,0.53729844,0.58700377,0.044123933,1.0,0.012244843,lookahead,fk_orig1_bm0-s0to100br2-s100to200br2-s200to300br0
/work/T-REX/external/Proteina-Complexa/inference/search_binder_local_pipeline_32_PDL1_ALPHA_REPACK_v7_r004_cand_v7r004_hyp_0004_00_001_af7f7c76a908b/job_0_n_184_id_40_fk_orig2_bm0-s0to100br3-s100to200br0-s200to300br0/job_0_n_184_id_40_fk_orig2_bm0-s0to100br3-s100to200br0-s200to300br0.pdb,162,"2,0,13,16,19,16,19,14,11,3,10,18,19,19,6,18,7,15,2,12,16,9,6,4,11,13,14,19,6,11,5,10,3,10,0,0,10,9,19,18,17,6,12,6,3,11,2,9,9,5,13,19,8,7,6,6,3,10,11,19,5,8,15,15,18,1,5,1,0,1,10,10,11,3,5,10,15,10,7,2,0,0,10,5,9,16,3,19,11,10,5,3,0,7,19,18,1,4,12,9,15,18,7,7,0,3,18,11,1,9,16,19,11,19,2,0,0,6,9,8,13,2,10,7,10,9,18,11,0,5,7,2,10,3,6,0,6,11,15,18,11,1,0,9,6,10,7,18,6,3,0,3,11,0,18,12,6,10,15,16,19,18,15,10,11,11,2,18,2,6,0,0,11,12,12,6,6,0,1,11,0,0,10,11,0,0,0,0,0,0,0,0,0,0,0,0,0,0,0,0,0,0,0,0,0,0,0,0,0,0,0,0,0,0,0,0,0,0,0,0,0,0,0,0,0,0,0,0,0,0,0,0,0,0,0",-0.24366082,0.10062419,3.0,0.3035679,42.501385,0.3768561,1.0,0.3768561,0.18016192,0.3035679,0.0,0.0,0.3035679,0.0019998848,0.900413,0.18016192,3.4580631,1.3768547,42.501385,-0.24366082,2.6763911,193.20888,0.2302797,0.2302797,1.0,193.20888,0.65217805,0.09958703,3.4580631,0.0019998848,0.3768561,0.10062419,0.0,1.3768547,2.6763911,0.2302797,0.24366082,0.0,0.3768561,0.24366082,0.7997075,0.2302797,1.0,0.3035679,lookahead,fk_orig2_bm0-s0to100br3-s100to200br0-s200to300br0
/work/T-REX/external/Proteina-Complexa/inference/search_binder_local_pipeline_32_PDL1_ALPHA_REPACK_v7_r004_cand_v7r004_hyp_0004_00_001_af7f7c76a908b/job_0_n_222_id_40_fk_orig3_bm1-s0to100br1-s100to200br0-s200to300br0/job_0_n_222_id_40_fk_orig3_bm1-s0to100br1-s100to200br0-s200to300br0.pdb,163,"2,0,13,16,19,16,19,14,11,3,10,18,19,19,6,18,7,15,2,12,16,9,6,4,11,13,14,19,6,11,5,10,3,10,0,0,10,9,19,18,17,6,12,6,3,11,2,9,9,5,13,19,8,7,6,6,3,10,11,19,5,8,15,15,18,1,5,1,0,1,10,10,11,3,5,10,15,10,7,2,0,0,10,5,9,16,3,19,11,10,5,3,0,7,19,18,1,4,12,9,15,18,7,7,0,3,18,11,1,9,16,19,11,19,2,0,10,19,19,16,0,14,1,15,19,15,7,16,19,7,7,15,19,16,10,14,4,11,16,15,11,15,10,15,15,14,13,15,9,19,17,1,7,14,11,3,11,10,9,10,16,18,0,2,7,6,0,9,18,8,3,3,13,11,7,1,0,15,10,16,14,15,7,16,3,0,15,10,16,10,15,2,10,1,10,6,3,15,7,9,18,16,4,12,19,0,2,11,3,7,9,3,3,11,11,9,5,10,16,19,16,0,0,0,0,0,0,0,0,0,0,0,0,0,0",-0.5609052,0.28100425,3.0,0.029387593,110.33933,0.03139273,1.0,0.03139273,0.3357878,0.01224193,0.0,0.0,0.029387593,0.0015178267,0.846336,0.3357878,9.145564,1.3455255,110.33933,-0.5609052,3.9301035,221.27286,0.011897569,0.027382454,1.0,221.27286,0.21567166,0.15366396,9.145564,0.0015178267,0.01258629,0.28100425,0.0,1.3455255,3.9301035,0.011897569,0.5609052,0.0,0.01258629,0.5609052,0.5737692,0.027382454,1.0,0.01224193,lookahead,fk_orig3_bm1-s0to100br1-s100to200br0-s200to300br0
/work/T-REX/external/Proteina-Complexa/inference/search_binder_local_pipeline_32_PDL1_ALPHA_REPACK_v7_r004_cand_v7r004_hyp_0004_00_001_af7f7c76a908b/job_0_n_211_id_41_fk_orig0_bm1-s0to100br3-s100to200br1-s200to300br1/job_0_n_211_id_41_fk_orig0_bm1-s0to100br3-s100to200br1-s200to300br1.pdb,164,"2,0,13,16,19,16,19,14,11,3,10,18,19,19,6,18,7,15,2,12,16,9,6,4,11,13,14,19,6,11,5,10,3,10,0,0,10,9,19,18,17,6,12,6,3,11,2,9,9,5,13,19,8,7,6,6,3,10,11,19,5,8,15,15,18,1,5,1,0,1,10,10,11,3,5,10,15,10,7,2,0,0,10,5,9,16,3,19,11,10,5,3,0,7,19,18,1,4,12,9,15,18,7,7,0,3,18,11,1,9,16,19,11,19,2,0,15,11,10,6,6,0,1,16,10,10,6,2,18,9,6,11,9,11,15,14,19,9,11,6,0,10,10,11,9,10,2,11,6,3,14,6,6,0,19,0,16,10,0,11,16,7,5,19,3,15,15,16,10,11,10,10,6,3,0,0,11,15,14,15,6,11,6,1,10,11,10,10,0,13,0,10,8,15,10,11,19,9,2,15,2,3,10,7,6,9,10,11,10,19,9,0,0,0,0,0,0,0,0,0,0,0,0,0,0,0,0,0,0,0,0,0,0,0,0",-0.15546782,0.049512688,3.0,0.63658816,39.982147,0.681171,1.0,0.681171,0.118345514,0.63658816,0.0,0.0,0.63658816,0.0008903215,0.9418529,0.118345514,2.0120394,1.3473893,39.982147,-0.15546782,2.1091669,173.96175,0.5920053,0.5920053,1.0,173.96175,0.8290946,0.058147095,2.0120394,0.0008903215,0.681171,0.049512688,0.0,1.3473893,2.1091669,0.5920053,0.15546782,0.0,0.681171,0.15546782,0.8789195,0.5920053,1.0,0.63658816,lookahead,fk_orig0_bm1-s0to100br3-s100to200br1-s200to300br1
/work/T-REX/external/Proteina-Complexa/inference/search_binder_local_pipeline_32_PDL1_ALPHA_REPACK_v7_r004_cand_v7r004_hyp_0004_00_001_af7f7c76a908b/job_0_n_235_id_41_fk_orig1_bm0-s0to100br2-s100to200br2-s200to300br1/job_0_n_235_id_41_fk_orig1_bm0-s0to100br2-s100to200br2-s200to300br1.pdb,165,"2,0,13,16,19,16,19,14,11,3,10,18,19,19,6,18,7,15,2,12,16,9,6,4,11,13,14,19,6,11,5,10,3,10,0,0,10,9,19,18,17,6,12,6,3,11,2,9,9,5,13,19,8,7,6,6,3,10,11,19,5,8,15,15,18,1,5,1,0,1,10,10,11,3,5,10,15,10,7,2,0,0,10,5,9,16,3,19,11,10,5,3,0,7,19,18,1,4,12,9,15,18,7,7,0,3,18,11,1,9,16,19,11,19,2,0,0,13,16,19,16,19,14,11,3,10,18,19,19,6,18,7,15,2,12,16,9,6,4,11,13,14,19,6,11,5,10,3,10,0,0,10,9,19,18,17,6,12,6,3,11,2,9,9,5,13,19,8,7,6,6,3,10,11,19,5,8,15,15,18,1,5,1,0,1,10,10,11,3,5,10,15,10,7,2,0,0,10,5,9,16,3,19,11,10,5,3,0,7,19,18,1,4,12,9,15,18,7,7,0,3,18,11,1,9,16,19,11,19,2,0,11,19,14,3",-0.5377159,0.29986972,3.0,0.045656607,59.456944,0.04810998,1.0,0.04810998,0.32323867,0.012331171,0.0,0.0,0.045656607,0.01532545,0.85020727,0.32323867,4.997133,1.3294004,59.456944,-0.5377159,3.9642413,196.46558,0.012098689,0.04320323,1.0,196.46558,0.26142126,0.14979273,4.997133,0.01532545,0.012563654,0.29986972,0.0,1.3294004,3.9642413,0.012098689,0.5377159,0.0,0.012563654,0.5377159,0.5855415,0.04320323,1.0,0.012331171,lookahead,fk_orig1_bm0-s0to100br2-s100to200br2-s200to300br1
/work/T-REX/external/Proteina-Complexa/inference/search_binder_local_pipeline_32_PDL1_ALPHA_REPACK_v7_r004_cand_v7r004_hyp_0004_00_001_af7f7c76a908b/job_0_n_184_id_41_fk_orig2_bm0-s0to100br3-s100to200br0-s200to300br1/job_0_n_184_id_41_fk_orig2_bm0-s0to100br3-s100to200br0-s200to300br1.pdb,166,"2,0,13,16,19,16,19,14,11,3,10,18,19,19,6,18,7,15,2,12,16,9,6,4,11,13,14,19,6,11,5,10,3,10,0,0,10,9,19,18,17,6,12,6,3,11,2,9,9,5,13,19,8,7,6,6,3,10,11,19,5,8,15,15,18,1,5,1,0,1,10,10,11,3,5,10,15,10,7,2,0,0,10,5,9,16,3,19,11,10,5,3,0,7,19,18,1,4,12,9,15,18,7,7,0,3,18,11,1,9,16,19,11,19,2,0,0,6,0,18,13,2,10,7,19,9,18,11,3,10,7,2,10,3,6,0,6,11,15,18,11,11,0,9,6,10,7,18,14,3,0,3,11,0,18,12,6,10,15,15,9,18,15,10,11,11,6,18,3,6,0,0,11,12,12,6,11,0,1,5,0,1,10,0,0,0,0,0,0,0,0,0,0,0,0,0,0,0,0,0,0,0,0,0,0,0,0,0,0,0,0,0,0,0,0,0,0,0,0,0,0,0,0,0,0,0,0,0,0,0,0,0,0,0,0",-0.16672517,0.060988463,3.0,0.51001537,35.77392,0.5895582,1.0,0.5895582,0.12832098,0.51001537,0.0,0.0,0.51001537,0.0013547364,0.93450457,0.12832098,2.9420812,1.2933594,35.77392,-0.16672517,2.1944005,166.74431,0.4304725,0.4304725,1.0,166.74431,0.76554894,0.06549545,2.9420812,0.0013547364,0.5895582,0.060988463,0.0,1.2933594,2.1944005,0.4304725,0.16672517,0.0,0.5895582,0.16672517,0.85233986,0.4304725,1.0,0.51001537,lookahead,fk_orig2_bm0-s0to100br3-s100to200br0-s200to300br1
/work/T-REX/external/Proteina-Complexa/inference/search_binder_local_pipeline_32_PDL1_ALPHA_REPACK_v7_r004_cand_v7r004_hyp_0004_00_001_af7f7c76a908b/job_0_n_222_id_41_fk_orig3_bm1-s0to100br1-s100to200br0-s200to300br1/job_0_n_222_id_41_fk_orig3_bm1-s0to100br1-s100to200br0-s200to300br1.pdb,167,"2,0,13,16,19,16,19,14,11,3,10,18,19,19,6,18,7,15,2,12,16,9,6,4,11,13,14,19,6,11,5,10,3,10,0,0,10,9,19,18,17,6,12,6,3,11,2,9,9,5,13,19,8,7,6,6,3,10,11,19,5,8,15,15,18,1,5,1,0,1,10,10,11,3,5,10,15,10,7,2,0,0,10,5,9,16,3,19,11,10,5,3,0,7,19,18,1,4,12,9,15,18,7,7,0,3,18,11,1,9,16,19,11,19,2,0,10,19,19,16,0,14,11,15,19,15,7,6,19,7,7,15,19,16,10,14,4,16,16,15,11,16,10,16,6,14,10,15,9,19,17,11,7,14,11,3,19,16,19,10,16,18,15,7,7,6,0,19,18,8,3,15,13,11,7,1,0,6,10,11,14,15,7,16,3,0,15,10,16,10,15,2,10,1,14,6,3,15,7,16,18,16,4,10,19,0,2,15,6,7,9,3,3,0,11,9,5,10,16,19,16,7,0,0,0,0,0,0,0,0,0,0,0,0,0",-0.4427026,0.23685475,3.0,0.09104523,73.646736,0.09289842,1.0,0.09289842,0.27216566,0.016758779,0.0,0.0,0.09104523,0.0016453385,0.8768844,0.27216566,3.201959,1.2817554,73.646736,-0.4427026,3.6678095,200.8596,0.015455018,0.08919205,1.0,200.8596,0.3477816,0.123115614,3.201959,0.0016453385,0.01806254,0.23685475,0.0,1.2817554,3.6678095,0.015455018,0.4427026,0.0,0.01806254,0.4427026,0.6397958,0.08919205,1.0,0.016758779,lookahead,fk_orig3_bm1-s0to100br1-s100to200br0-s200to300br1
/work/T-REX/external/Proteina-Complexa/inference/search_binder_local_pipeline_32_PDL1_ALPHA_REPACK_v7_r004_cand_v7r004_hyp_0004_00_001_af7f7c76a908b/job_0_n_211_id_42_fk_orig0_bm1-s0to100br3-s100to200br1-s200to300br2/job_0_n_211_id_42_fk_orig0_bm1-s0to100br3-s100to200br1-s200to300br2.pdb,168,"2,0,13,16,19,16,19,14,11,3,10,18,19,19,6,18,7,15,2,12,16,9,6,4,11,13,14,19,6,11,5,10,3,10,0,0,10,9,19,18,17,6,12,6,3,11,2,9,9,5,13,19,8,7,6,6,3,10,11,19,5,8,15,15,18,1,5,1,0,1,10,10,11,3,5,10,15,10,7,2,0,0,10,5,9,16,3,19,11,10,5,3,0,7,19,18,1,4,12,9,15,18,7,7,0,3,18,11,1,9,16,19,11,19,2,0,15,11,10,6,6,0,11,11,9,10,6,6,0,9,5,11,9,11,15,3,19,9,11,2,2,10,10,11,9,10,2,5,5,2,14,10,10,0,10,15,2,10,11,6,16,7,10,10,3,6,15,16,10,11,10,10,6,3,0,0,11,15,11,15,6,16,6,1,9,11,10,10,0,13,0,10,8,16,10,7,19,0,15,2,3,3,19,0,11,9,10,11,10,19,9,0,0,0,0,0,0,0,0,0,0,0,0,0,0,0,0,0,0,0,0,0,0,0,0",-0.17847857,0.062667966,3.0,0.53103864,43.509335,0.56074893,1.0,0.56074893,0.13267937,0.53103864,0.0,0.0,0.53103864,0.0008257069,0.931161,0.13267937,2.6196795,1.4517606,43.509335,-0.17847857,2.3187995,191.68214,0.50132835,0.50132835,1.0,191.68214,0.77808535,0.06883901,2.6196795,0.0008257069,0.56074893,0.062667966,0.0,1.4517606,2.3187995,0.50132835,0.17847857,0.0,0.56074893,0.17847857,0.8551038,0.50132835,1.0,0.53103864,lookahead,fk_orig0_bm1-s0to100br3-s100to200br1-s200to300br2
/work/T-REX/external/Proteina-Complexa/inference/search_binder_local_pipeline_32_PDL1_ALPHA_REPACK_v7_r004_cand_v7r004_hyp_0004_00_001_af7f7c76a908b/job_0_n_235_id_42_fk_orig1_bm0-s0to100br2-s100to200br2-s200to300br2/job_0_n_235_id_42_fk_orig1_bm0-s0to100br2-s100to200br2-s200to300br2.pdb,169,"2,0,13,16,19,16,19,14,11,3,10,18,19,19,6,18,7,15,2,12,16,9,6,4,11,13,14,19,6,11,5,10,3,10,0,0,10,9,19,18,17,6,12,6,3,11,2,9,9,5,13,19,8,7,6,6,3,10,11,19,5,8,15,15,18,1,5,1,0,1,10,10,11,3,5,10,15,10,7,2,0,0,10,5,9,16,3,19,11,10,5,3,0,7,19,18,1,4,12,9,15,18,7,7,0,3,18,11,1,9,16,19,11,19,2,0,0,13,16,19,16,19,14,11,3,10,18,19,19,6,18,7,15,2,12,16,9,6,4,11,13,14,19,6,11,5,10,3,10,0,0,10,9,19,18,17,6,12,6,3,11,2,9,9,5,13,19,8,7,6,6,3,10,11,19,5,8,15,15,18,1,5,1,0,1,10,10,11,3,5,10,15,10,7,2,0,0,10,5,9,16,3,19,11,10,5,3,0,7,19,18,1,4,12,9,15,18,7,7,0,3,18,11,1,9,16,19,11,19,2,0,16,14,10,14",-0.5394141,0.30415878,3.0,0.045410346,60.230858,0.047086004,1.0,0.047086004,0.32517767,0.012147639,0.0,0.0,0.045410346,0.014851537,0.8495651,0.32517767,4.8254747,1.345769,60.230858,-0.5394141,3.970507,199.12776,0.011854308,0.04373469,1.0,199.12776,0.26551974,0.1504349,4.8254747,0.014851537,0.01244097,0.30415878,0.0,1.345769,3.970507,0.011854308,0.5394141,0.0,0.01244097,0.5394141,0.5876075,0.04373469,1.0,0.012147639,lookahead,fk_orig1_bm0-s0to100br2-s100to200br2-s200to300br2
/work/T-REX/external/Proteina-Complexa/inference/search_binder_local_pipeline_32_PDL1_ALPHA_REPACK_v7_r004_cand_v7r004_hyp_0004_00_001_af7f7c76a908b/job_0_n_184_id_42_fk_orig2_bm0-s0to100br3-s100to200br0-s200to300br2/job_0_n_184_id_42_fk_orig2_bm0-s0to100br3-s100to200br0-s200to300br2.pdb,170,"2,0,13,16,19,16,19,14,11,3,10,18,19,19,6,18,7,15,2,12,16,9,6,4,11,13,14,19,6,11,5,10,3,10,0,0,10,9,19,18,17,6,12,6,3,11,2,9,9,5,13,19,8,7,6,6,3,10,11,19,5,8,15,15,18,1,5,1,0,1,10,10,11,3,5,10,15,10,7,2,0,0,10,5,9,16,3,19,11,10,5,3,0,7,19,18,1,4,12,9,15,18,7,7,0,3,18,11,1,9,16,19,11,19,2,0,0,6,16,18,13,2,10,7,2,9,18,11,0,5,7,2,10,3,6,0,6,11,15,18,11,11,0,9,6,10,2,18,14,6,0,3,11,0,18,12,6,9,15,15,9,18,15,5,11,11,2,18,3,6,0,0,11,12,12,6,11,0,1,5,0,1,10,11,0,0,0,0,0,0,0,0,0,0,0,0,0,0,0,0,0,0,0,0,0,0,0,0,0,0,0,0,0,0,0,0,0,0,0,0,0,0,0,0,0,0,0,0,0,0,0,0,0,0,0",-0.17684604,0.066141486,3.0,0.47155645,29.552946,0.55672324,1.0,0.55672324,0.13499673,0.47155645,0.0,0.0,0.47155645,0.0015128754,0.93022186,0.13499673,2.4280689,1.2925464,29.552946,-0.17684604,2.271809,158.33145,0.38638967,0.38638967,1.0,158.33145,0.74629056,0.06977815,2.4280689,0.0015128754,0.55672324,0.066141486,0.0,1.2925464,2.271809,0.38638967,0.17684604,0.0,0.55672324,0.17684604,0.8447633,0.38638967,1.0,0.47155645,lookahead,fk_orig2_bm0-s0to100br3-s100to200br0-s200to300br2
/work/T-REX/external/Proteina-Complexa/inference/search_binder_local_pipeline_32_PDL1_ALPHA_REPACK_v7_r004_cand_v7r004_hyp_0004_00_001_af7f7c76a908b/job_0_n_222_id_42_fk_orig3_bm1-s0to100br1-s100to200br0-s200to300br2/job_0_n_222_id_42_fk_orig3_bm1-s0to100br1-s100to200br0-s200to300br2.pdb,171,"2,0,13,16,19,16,19,14,11,3,10,18,19,19,6,18,7,15,2,12,16,9,6,4,11,13,14,19,6,11,5,10,3,10,0,0,10,9,19,18,17,6,12,6,3,11,2,9,9,5,13,19,8,7,6,6,3,10,11,19,5,8,15,15,18,1,5,1,0,1,10,10,11,3,5,10,15,10,7,2,0,0,10,5,9,16,3,19,11,10,5,3,0,7,19,18,1,4,12,9,15,18,7,7,0,3,18,11,1,9,16,19,11,19,2,0,10,19,19,16,0,14,16,10,19,15,7,6,0,7,7,15,19,16,10,14,4,11,16,15,11,16,10,15,6,14,13,15,9,19,17,1,7,14,11,3,19,10,19,10,16,18,0,7,7,6,0,16,18,8,3,15,13,11,7,1,0,15,10,11,14,15,7,16,3,0,15,10,16,10,15,2,10,1,10,6,3,15,7,16,18,16,4,12,19,0,2,15,3,7,9,3,3,11,16,9,5,10,11,19,11,0,0,0,0,0,0,0,0,0,0,0,0,0,0",-0.47659498,0.24649581,3.0,0.072897345,76.32154,0.072915636,1.0,0.072915636,0.29025418,0.0137664545,0.0,0.0,0.072897345,0.0018601508,0.8628933,0.29025418,3.5107934,1.3320346,76.32154,-0.47659498,3.6999063,200.36772,0.013446501,0.072879046,1.0,200.36772,0.31163436,0.1371067,3.5107934,0.0018601508,0.014086409,0.24649581,0.0,1.3320346,3.6999063,0.013446501,0.47659498,0.0,0.014086409,0.47659498,0.62336576,0.072879046,1.0,0.0137664545,lookahead,fk_orig3_bm1-s0to100br1-s100to200br0-s200to300br2
/work/T-REX/external/Proteina-Complexa/inference/search_binder_local_pipeline_32_PDL1_ALPHA_REPACK_v7_r004_cand_v7r004_hyp_0004_00_001_af7f7c76a908b/job_0_n_211_id_43_fk_orig0_bm1-s0to100br3-s100to200br1-s200to300br3/job_0_n_211_id_43_fk_orig0_bm1-s0to100br3-s100to200br1-s200to300br3.pdb,172,"2,0,13,16,19,16,19,14,11,3,10,18,19,19,6,18,7,15,2,12,16,9,6,4,11,13,14,19,6,11,5,10,3,10,0,0,10,9,19,18,17,6,12,6,3,11,2,9,9,5,13,19,8,7,6,6,3,10,11,19,5,8,15,15,18,1,5,1,0,1,10,10,11,3,5,10,15,10,7,2,0,0,10,5,9,16,3,19,11,10,5,3,0,7,19,18,1,4,12,9,15,18,7,7,0,3,18,11,1,9,16,19,11,19,2,0,15,11,10,6,6,0,11,16,10,10,6,11,0,9,5,11,19,11,15,6,19,9,11,3,0,10,10,5,9,10,2,2,5,2,14,2,6,0,10,15,16,9,6,11,16,7,5,19,3,0,15,16,10,15,10,10,5,3,0,0,11,15,11,15,6,11,6,1,10,1,10,10,0,13,0,10,5,15,10,11,19,9,3,15,11,16,19,7,3,9,10,11,10,19,10,0,0,0,0,0,0,0,0,0,0,0,0,0,0,0,0,0,0,0,0,0,0,0,0",-0.24960841,0.10478844,3.0,0.3066019,46.49997,0.33331636,1.0,0.33331636,0.17029849,0.3066019,0.0,0.0,0.3066019,0.0011179354,0.91754764,0.17029849,2.94066,1.3959354,46.49997,-0.24960841,2.644709,194.64409,0.27988747,0.27988747,1.0,194.64409,0.65386176,0.08245238,2.94066,0.0011179354,0.33331636,0.10478844,0.0,1.3959354,2.644709,0.27988747,0.24960841,0.0,0.33331636,0.24960841,0.7862115,0.27988747,1.0,0.3066019,lookahead,fk_orig0_bm1-s0to100br3-s100to200br1-s200to300br3
/work/T-REX/external/Proteina-Complexa/inference/search_binder_local_pipeline_32_PDL1_ALPHA_REPACK_v7_r004_cand_v7r004_hyp_0004_00_001_af7f7c76a908b/job_0_n_235_id_43_fk_orig1_bm0-s0to100br2-s100to200br2-s200to300br3/job_0_n_235_id_43_fk_orig1_bm0-s0to100br2-s100to200br2-s200to300br3.pdb,173,"2,0,13,16,19,16,19,14,11,3,10,18,19,19,6,18,7,15,2,12,16,9,6,4,11,13,14,19,6,11,5,10,3,10,0,0,10,9,19,18,17,6,12,6,3,11,2,9,9,5,13,19,8,7,6,6,3,10,11,19,5,8,15,15,18,1,5,1,0,1,10,10,11,3,5,10,15,10,7,2,0,0,10,5,9,16,3,19,11,10,5,3,0,7,19,18,1,4,12,9,15,18,7,7,0,3,18,11,1,9,16,19,11,19,2,0,0,13,16,19,16,19,14,11,3,10,18,19,19,6,18,7,15,2,12,16,9,6,4,11,13,14,19,6,11,5,10,3,10,0,0,10,9,19,18,17,6,12,6,3,11,2,9,9,5,13,19,8,7,6,6,3,10,11,19,5,8,15,15,18,1,5,1,0,1,10,10,11,3,5,10,15,10,7,2,0,0,10,5,9,16,3,19,11,10,5,3,0,7,19,18,1,4,12,9,15,18,7,7,0,3,18,11,1,9,16,19,11,19,2,0,16,19,14,14",-0.5384783,0.30028546,3.0,0.045188956,58.876892,0.046267003,1.0,0.046267003,0.32472235,0.012375137,0.0,0.0,0.045188956,0.014541184,0.84886694,0.32472235,4.697126,1.3378133,58.876892,-0.5384783,3.9654686,197.02513,0.0120738605,0.044110905,1.0,197.02513,0.26444122,0.15113308,4.697126,0.014541184,0.012676412,0.30028546,0.0,1.3378133,3.9654686,0.0120738605,0.5384783,0.0,0.012676412,0.5384783,0.587096,0.044110905,1.0,0.012375137,lookahead,fk_orig1_bm0-s0to100br2-s100to200br2-s200to300br3
/work/T-REX/external/Proteina-Complexa/inference/search_binder_local_pipeline_32_PDL1_ALPHA_REPACK_v7_r004_cand_v7r004_hyp_0004_00_001_af7f7c76a908b/job_0_n_184_id_43_fk_orig2_bm0-s0to100br3-s100to200br0-s200to300br3/job_0_n_184_id_43_fk_orig2_bm0-s0to100br3-s100to200br0-s200to300br3.pdb,174,"2,0,13,16,19,16,19,14,11,3,10,18,19,19,6,18,7,15,2,12,16,9,6,4,11,13,14,19,6,11,5,10,3,10,0,0,10,9,19,18,17,6,12,6,3,11,2,9,9,5,13,19,8,7,6,6,3,10,11,19,5,8,15,15,18,1,5,1,0,1,10,10,11,3,5,10,15,10,7,2,0,0,10,5,9,16,3,19,11,10,5,3,0,7,19,18,1,4,12,9,15,18,7,7,0,3,18,11,1,9,16,19,11,19,2,0,0,6,0,18,13,2,10,7,2,0,18,11,0,10,7,2,10,3,10,0,6,11,15,18,2,11,0,9,6,10,7,18,14,3,0,3,11,0,18,12,6,10,15,15,9,18,15,5,11,11,2,18,3,10,0,0,6,12,12,6,11,0,1,5,0,1,10,11,0,0,0,0,0,0,0,0,0,0,0,0,0,0,0,0,0,0,0,0,0,0,0,0,0,0,0,0,0,0,0,0,0,0,0,0,0,0,0,0,0,0,0,0,0,0,0,0,0,0,0",-0.1682508,0.060508873,3.0,0.5082384,36.12533,0.58699924,1.0,0.58699924,0.12994133,0.5082384,0.0,0.0,0.5082384,0.0011864848,0.9335953,0.12994133,2.6054742,1.2992209,36.12533,-0.1682508,2.173268,169.994,0.42947748,0.42947748,1.0,169.994,0.77074647,0.06640472,2.6054742,0.0011864848,0.58699924,0.060508873,0.0,1.2992209,2.173268,0.42947748,0.1682508,0.0,0.58699924,0.1682508,0.8545139,0.42947748,1.0,0.5082384,lookahead,fk_orig2_bm0-s0to100br3-s100to200br0-s200to300br3
/work/T-REX/external/Proteina-Complexa/inference/search_binder_local_pipeline_32_PDL1_ALPHA_REPACK_v7_r004_cand_v7r004_hyp_0004_00_001_af7f7c76a908b/job_0_n_222_id_43_fk_orig3_bm1-s0to100br1-s100to200br0-s200to300br3/job_0_n_222_id_43_fk_orig3_bm1-s0to100br1-s100to200br0-s200to300br3.pdb,175,"2,0,13,16,19,16,19,14,11,3,10,18,19,19,6,18,7,15,2,12,16,9,6,4,11,13,14,19,6,11,5,10,3,10,0,0,10,9,19,18,17,6,12,6,3,11,2,9,9,5,13,19,8,7,6,6,3,10,11,19,5,8,15,15,18,1,5,1,0,1,10,10,11,3,5,10,15,10,7,2,0,0,10,5,9,16,3,19,11,10,5,3,0,7,19,18,1,4,12,9,15,18,7,7,0,3,18,11,1,9,16,19,11,19,2,0,10,19,19,16,0,14,16,15,19,15,7,16,0,7,7,15,19,16,10,14,4,11,16,15,11,16,10,16,14,14,13,15,9,19,17,11,7,14,2,3,19,6,19,10,1,18,0,2,7,6,16,19,18,15,3,15,13,11,7,1,0,15,10,15,14,15,7,16,3,0,15,10,15,10,15,2,10,1,10,6,3,15,7,16,18,16,4,12,19,0,2,16,3,7,9,3,3,1,11,9,5,10,15,19,16,0,0,0,0,0,0,0,0,0,0,0,0,0,0",-0.61099243,0.3140307,3.0,0.011427414,102.05879,0.015697503,1.0,0.015697503,0.36279687,0.0056302096,0.0,0.0,0.011427414,0.0017562807,0.8412367,0.36279687,10.0767975,1.3896768,102.05879,-0.61099243,4.1449723,218.98009,0.0,0.007157325,1.0,218.98009,0.1836692,0.15876327,10.0767975,0.0017562807,0.011260419,0.3140307,0.0,1.3896768,4.1449723,0.0,0.61099243,0.0,0.011260419,0.61099243,0.55882776,0.007157325,1.0,0.0056302096,lookahead,fk_orig3_bm1-s0to100br1-s100to200br0-s200to300br3
/work/T-REX/external/Proteina-Complexa/inference/search_binder_local_pipeline_32_PDL1_ALPHA_REPACK_v7_r004_cand_v7r004_hyp_0004_00_001_af7f7c76a908b/job_0_n_211_id_44_fk_orig0_bm1-s0to100br3-s100to200br1-s200to300br0/job_0_n_211_id_44_fk_orig0_bm1-s0to100br3-s100to200br1-s200to300br0.pdb,176,"2,0,13,16,19,16,19,14,11,3,10,18,19,19,6,18,7,15,2,12,16,9,6,4,11,13,14,19,6,11,5,10,3,10,0,0,10,9,19,18,17,6,12,6,3,11,2,9,9,5,13,19,8,7,6,6,3,10,11,19,5,8,15,15,18,1,5,1,0,1,10,10,11,3,5,10,15,10,7,2,0,0,10,5,9,16,3,19,11,10,5,3,0,7,19,18,1,4,12,9,15,18,7,7,0,3,18,11,1,9,16,19,11,19,2,0,15,19,19,3,2,19,10,3,11,0,9,5,1,0,11,6,0,7,2,14,19,0,0,6,10,19,1,12,10,11,15,7,11,0,15,6,15,5,9,10,0,1,10,6,5,10,7,0,15,0,15,16,5,3,10,0,1,3,19,19,11,15,11,18,6,16,16,1,9,1,15,10,7,13,10,10,8,0,10,7,10,0,16,19,3,3,19,0,0,10,12,11,18,19,14,0,0,0,0,0,0,0,0,0,0,0,0,0,0,0,0,0,0,0,0,0,0,0,0",-0.17979673,0.06210263,3.0,0.5259487,38.079403,0.56121105,1.0,0.56121105,0.13657695,0.5259487,0.0,0.0,0.5259487,0.0010493838,0.9122691,0.13657695,1.8299537,1.4902364,38.079403,-0.17979673,2.3315966,186.58463,0.49068633,0.49068633,1.0,186.58463,0.76759297,0.08773086,1.8299537,0.0010493838,0.56121105,0.06210263,0.0,1.4902364,2.3315966,0.49068633,0.17979673,0.0,0.56121105,0.17979673,0.8432808,0.49068633,1.0,0.5259487,lookahead,fk_orig0_bm1-s0to100br3-s100to200br1-s200to300br0
/work/T-REX/external/Proteina-Complexa/inference/search_binder_local_pipeline_32_PDL1_ALPHA_REPACK_v7_r004_cand_v7r004_hyp_0004_00_001_af7f7c76a908b/job_0_n_235_id_44_fk_orig1_bm1-s0to100br2-s100to200br3-s200to300br0/job_0_n_235_id_44_fk_orig1_bm1-s0to100br2-s100to200br3-s200to300br0.pdb,177,"2,0,13,16,19,16,19,14,11,3,10,18,19,19,6,18,7,15,2,12,16,9,6,4,11,13,14,19,6,11,5,10,3,10,0,0,10,9,19,18,17,6,12,6,3,11,2,9,9,5,13,19,8,7,6,6,3,10,11,19,5,8,15,15,18,1,5,1,0,1,10,10,11,3,5,10,15,10,7,2,0,0,10,5,9,16,3,19,11,10,5,3,0,7,19,18,1,4,12,9,15,18,7,7,0,3,18,11,1,9,16,19,11,19,2,0,0,13,16,19,16,19,14,11,3,10,18,19,19,6,18,7,15,2,12,16,9,6,4,11,13,14,19,6,11,5,10,3,10,0,0,10,9,19,18,17,6,12,6,3,11,2,9,9,5,13,19,8,7,6,6,3,10,11,19,5,8,15,15,18,1,5,1,0,1,10,10,11,3,5,10,15,10,7,2,0,0,10,5,9,16,3,19,11,10,5,3,0,7,19,18,1,4,12,9,15,18,7,7,0,3,18,11,1,9,16,19,11,19,2,0,8,8,8,8",-0.52519333,0.28853115,3.0,0.05463983,63.298412,0.05653046,1.0,0.05653046,0.32023582,0.0127504645,0.0,0.0,0.05463983,0.033493772,0.84537435,0.32023582,5.1851583,1.3612403,63.298412,-0.52519333,3.9391184,196.14436,0.012425719,0.052749198,1.0,196.14436,0.27394173,0.15462568,5.1851583,0.033493772,0.01307521,0.28853115,0.0,1.3612403,3.9391184,0.012425719,0.52519333,0.0,0.01307521,0.52519333,0.5893936,0.052749198,1.0,0.0127504645,lookahead,fk_orig1_bm1-s0to100br2-s100to200br3-s200to300br0
/work/T-REX/external/Proteina-Complexa/inference/search_binder_local_pipeline_32_PDL1_ALPHA_REPACK_v7_r004_cand_v7r004_hyp_0004_00_001_af7f7c76a908b/job_0_n_184_id_44_fk_orig2_bm0-s0to100br3-s100to200br1-s200to300br0/job_0_n_184_id_44_fk_orig2_bm0-s0to100br3-s100to200br1-s200to300br0.pdb,178,"2,0,13,16,19,16,19,14,11,3,10,18,19,19,6,18,7,15,2,12,16,9,6,4,11,13,14,19,6,11,5,10,3,10,0,0,10,9,19,18,17,6,12,6,3,11,2,9,9,5,13,19,8,7,6,6,3,10,11,19,5,8,15,15,18,1,5,1,0,1,10,10,11,3,5,10,15,10,7,2,0,0,10,5,9,16,3,19,11,10,5,3,0,7,19,18,1,4,12,9,15,18,7,7,0,3,18,11,1,9,16,19,11,19,2,0,0,3,9,18,13,2,10,7,2,9,18,11,0,5,7,2,10,3,6,0,6,11,6,18,11,11,0,9,6,10,7,18,14,3,0,3,11,0,18,12,6,10,15,7,19,18,15,0,11,11,2,18,3,6,0,0,11,12,10,6,6,0,1,11,0,1,10,11,0,0,0,0,0,0,0,0,0,0,0,0,0,0,0,0,0,0,0,0,0,0,0,0,0,0,0,0,0,0,0,0,0,0,0,0,0,0,0,0,0,0,0,0,0,0,0,0,0,0,0",-0.18237828,0.06768943,3.0,0.4601614,41.35913,0.5388839,1.0,0.5388839,0.14043567,0.4601614,0.0,0.0,0.4601614,0.0016267791,0.92432606,0.14043567,2.1719177,1.3739222,41.35913,-0.18237828,2.2844932,168.83199,0.38143885,0.38143885,1.0,168.83199,0.7483611,0.075673945,2.1719177,0.0016267791,0.5388839,0.06768943,0.0,1.3739222,2.2844932,0.38143885,0.18237828,0.0,0.5388839,0.18237828,0.8425734,0.38143885,1.0,0.4601614,lookahead,fk_orig2_bm0-s0to100br3-s100to200br1-s200to300br0
/work/T-REX/external/Proteina-Complexa/inference/search_binder_local_pipeline_32_PDL1_ALPHA_REPACK_v7_r004_cand_v7r004_hyp_0004_00_001_af7f7c76a908b/job_0_n_222_id_44_fk_orig3_bm1-s0to100br1-s100to200br2-s200to300br0/job_0_n_222_id_44_fk_orig3_bm1-s0to100br1-s100to200br2-s200to300br0.pdb,179,"2,0,13,16,19,16,19,14,11,3,10,18,19,19,6,18,7,15,2,12,16,9,6,4,11,13,14,19,6,11,5,10,3,10,0,0,10,9,19,18,17,6,12,6,3,11,2,9,9,5,13,19,8,7,6,6,3,10,11,19,5,8,15,15,18,1,5,1,0,1,10,10,11,3,5,10,15,10,7,2,0,0,10,5,9,16,3,19,11,10,5,3,0,7,19,18,1,4,12,9,15,18,7,7,0,3,18,11,1,9,16,19,11,19,2,0,10,16,19,16,0,14,0,15,19,15,7,5,0,7,7,15,19,16,10,14,4,11,19,15,11,16,10,6,11,14,13,15,9,19,17,11,7,14,2,3,19,2,19,10,16,18,15,2,7,6,16,16,18,15,14,15,13,11,7,1,0,15,13,3,14,11,2,7,3,0,15,10,11,10,15,2,10,11,10,15,3,15,7,9,18,16,4,10,19,0,3,11,15,7,9,0,3,11,11,9,2,10,2,19,16,0,0,0,0,0,0,0,0,0,0,0,0,0,0",-0.47170258,0.25170472,3.0,0.07740824,55.67626,0.07952278,1.0,0.07952278,0.30000862,0.01358976,0.0,0.0,0.07740824,0.0040487293,0.8362506,0.30000862,1.9276628,1.5314512,55.67626,-0.47170258,3.691779,208.0962,0.013263541,0.07529369,1.0,208.0962,0.36306405,0.1637494,1.9276628,0.0040487293,0.013915978,0.25170472,0.0,1.5314512,3.691779,0.013263541,0.47170258,0.0,0.013915978,0.47170258,0.6431804,0.07529369,1.0,0.01358976,lookahead,fk_orig3_bm1-s0to100br1-s100to200br2-s200to300br0
/work/T-REX/external/Proteina-Complexa/inference/search_binder_local_pipeline_32_PDL1_ALPHA_REPACK_v7_r004_cand_v7r004_hyp_0004_00_001_af7f7c76a908b/job_0_n_211_id_45_fk_orig0_bm1-s0to100br3-s100to200br1-s200to300br1/job_0_n_211_id_45_fk_orig0_bm1-s0to100br3-s100to200br1-s200to300br1.pdb,180,"2,0,13,16,19,16,19,14,11,3,10,18,19,19,6,18,7,15,2,12,16,9,6,4,11,13,14,19,6,11,5,10,3,10,0,0,10,9,19,18,17,6,12,6,3,11,2,9,9,5,13,19,8,7,6,6,3,10,11,19,5,8,15,15,18,1,5,1,0,1,10,10,11,3,5,10,15,10,7,2,0,0,10,5,9,16,3,19,11,10,5,3,0,7,19,18,1,4,12,9,15,18,7,7,0,3,18,11,1,9,16,19,11,19,2,0,15,19,19,3,2,19,10,3,11,0,10,11,11,0,11,6,11,11,2,7,19,0,0,6,10,19,6,10,10,11,15,7,11,0,16,19,5,5,9,10,15,10,10,3,11,10,7,0,15,14,15,19,11,3,10,0,19,3,19,9,11,6,11,13,0,15,1,1,2,1,16,10,7,13,10,10,8,15,10,7,10,0,16,19,3,3,19,0,3,10,12,11,19,16,3,0,0,0,0,0,0,0,0,0,0,0,0,0,0,0,0,0,0,0,0,0,0,0,0",-0.20293151,0.07098227,3.0,0.46156505,55.84516,0.47888893,1.0,0.47888893,0.15333974,0.46156505,0.0,0.0,0.46156505,0.0019094675,0.90038025,0.15333974,1.3014723,1.5465641,55.84516,-0.20293151,2.4641163,202.49791,0.44424117,0.44424117,1.0,202.49791,0.726559,0.09961974,1.3014723,0.0019094675,0.47888893,0.07098227,0.0,1.5465641,2.4641163,0.44424117,0.20293151,0.0,0.47888893,0.20293151,0.83163196,0.44424117,1.0,0.46156505,lookahead,fk_orig0_bm1-s0to100br3-s100to200br1-s200to300br1
/work/T-REX/external/Proteina-Complexa/inference/search_binder_local_pipeline_32_PDL1_ALPHA_REPACK_v7_r004_cand_v7r004_hyp_0004_00_001_af7f7c76a908b/job_0_n_235_id_45_fk_orig1_bm1-s0to100br2-s100to200br3-s200to300br1/job_0_n_235_id_45_fk_orig1_bm1-s0to100br2-s100to200br3-s200to300br1.pdb,181,"2,0,13,16,19,16,19,14,11,3,10,18,19,19,6,18,7,15,2,12,16,9,6,4,11,13,14,19,6,11,5,10,3,10,0,0,10,9,19,18,17,6,12,6,3,11,2,9,9,5,13,19,8,7,6,6,3,10,11,19,5,8,15,15,18,1,5,1,0,1,10,10,11,3,5,10,15,10,7,2,0,0,10,5,9,16,3,19,11,10,5,3,0,7,19,18,1,4,12,9,15,18,7,7,0,3,18,11,1,9,16,19,11,19,2,0,0,13,16,19,16,19,14,11,3,10,18,19,19,6,18,7,15,2,12,16,9,6,4,11,13,14,19,6,11,5,10,3,10,0,0,10,9,19,18,17,6,12,6,3,11,2,9,9,5,13,19,8,7,6,6,3,10,11,19,5,8,15,15,18,1,5,1,0,1,10,10,11,3,5,10,15,10,7,2,0,0,10,5,9,16,3,19,11,10,5,3,0,7,19,18,1,4,12,9,15,18,7,7,0,3,18,11,1,9,16,19,11,19,2,0,8,8,8,8",-0.5239131,0.28711382,3.0,0.054338027,62.45933,0.055836443,1.0,0.055836443,0.31917614,0.012810461,0.0,0.0,0.054338027,0.033457536,0.8459657,0.31917614,5.1427507,1.3531634,62.45933,-0.5239131,3.935644,194.86342,0.012541103,0.05283961,1.0,194.86342,0.2745981,0.15403432,5.1427507,0.033457536,0.013079818,0.28711382,0.0,1.3531634,3.935644,0.012541103,0.5239131,0.0,0.013079818,0.5239131,0.58996284,0.05283961,1.0,0.012810461,lookahead,fk_orig1_bm1-s0to100br2-s100to200br3-s200to300br1
/work/T-REX/external/Proteina-Complexa/inference/search_binder_local_pipeline_32_PDL1_ALPHA_REPACK_v7_r004_cand_v7r004_hyp_0004_00_001_af7f7c76a908b/job_0_n_184_id_45_fk_orig2_bm0-s0to100br3-s100to200br1-s200to300br1/job_0_n_184_id_45_fk_orig2_bm0-s0to100br3-s100to200br1-s200to300br1.pdb,182,"2,0,13,16,19,16,19,14,11,3,10,18,19,19,6,18,7,15,2,12,16,9,6,4,11,13,14,19,6,11,5,10,3,10,0,0,10,9,19,18,17,6,12,6,3,11,2,9,9,5,13,19,8,7,6,6,3,10,11,19,5,8,15,15,18,1,5,1,0,1,10,10,11,3,5,10,15,10,7,2,0,0,10,5,9,16,3,19,11,10,5,3,0,7,19,18,1,4,12,9,15,18,7,7,0,3,18,11,1,9,16,19,11,19,2,0,0,6,0,18,13,2,10,7,2,9,18,11,15,5,7,11,10,3,6,0,6,11,0,18,11,11,0,9,6,10,3,18,14,6,0,3,11,0,18,2,6,10,15,7,19,18,15,5,5,11,2,18,3,6,0,0,11,12,12,6,6,15,1,11,0,1,10,0,0,0,0,0,0,0,0,0,0,0,0,0,0,0,0,0,0,0,0,0,0,0,0,0,0,0,0,0,0,0,0,0,0,0,0,0,0,0,0,0,0,0,0,0,0,0,0,0,0,0,0",-0.21085006,0.089142814,3.0,0.3668927,38.206608,0.44807655,1.0,0.44807655,0.15711214,0.3668927,0.0,0.0,0.3668927,0.0015626989,0.9155069,0.15711214,2.32545,1.3418655,38.206608,-0.21085006,2.4457092,166.3889,0.2857088,0.2857088,1.0,166.3889,0.69762033,0.08449312,2.32545,0.0015626989,0.44807655,0.089142814,0.0,1.3418655,2.4457092,0.2857088,0.21085006,0.0,0.44807655,0.21085006,0.8251602,0.2857088,1.0,0.3668927,lookahead,fk_orig2_bm0-s0to100br3-s100to200br1-s200to300br1
/work/T-REX/external/Proteina-Complexa/inference/search_binder_local_pipeline_32_PDL1_ALPHA_REPACK_v7_r004_cand_v7r004_hyp_0004_00_001_af7f7c76a908b/job_0_n_222_id_45_fk_orig3_bm1-s0to100br1-s100to200br2-s200to300br1/job_0_n_222_id_45_fk_orig3_bm1-s0to100br1-s100to200br2-s200to300br1.pdb,183,"2,0,13,16,19,16,19,14,11,3,10,18,19,19,6,18,7,15,2,12,16,9,6,4,11,13,14,19,6,11,5,10,3,10,0,0,10,9,19,18,17,6,12,6,3,11,2,9,9,5,13,19,8,7,6,6,3,10,11,19,5,8,15,15,18,1,5,1,0,1,10,10,11,3,5,10,15,10,7,2,0,0,10,5,9,16,3,19,11,10,5,3,0,7,19,18,1,4,12,9,15,18,7,7,0,3,18,11,1,9,16,19,11,19,2,0,10,16,19,16,0,14,0,15,19,15,7,16,11,7,7,15,19,16,10,14,4,11,19,15,11,16,10,16,14,14,18,15,9,19,17,11,7,14,11,3,16,2,9,10,16,18,15,15,7,5,16,16,18,15,3,15,13,11,7,1,0,15,10,3,14,11,2,7,3,0,15,10,11,10,15,2,10,1,10,15,3,15,7,16,18,16,4,10,19,0,3,16,15,7,9,0,3,11,11,9,2,10,2,19,16,6,0,0,0,0,0,0,0,0,0,0,0,0,0",-0.53917694,0.29111835,3.0,0.039405473,79.330086,0.041006364,1.0,0.041006364,0.3389108,0.0127698695,0.0,0.0,0.039405473,0.0036954358,0.8112905,0.3389108,2.9506536,1.5868336,79.330086,-0.53917694,3.892421,220.63031,0.012161,0.037804577,1.0,220.63031,0.27584133,0.1887095,2.9506536,0.0036954358,0.013378739,0.29111835,0.0,1.5868336,3.892421,0.012161,0.53917694,0.0,0.013378739,0.53917694,0.60780215,0.037804577,1.0,0.0127698695,lookahead,fk_orig3_bm1-s0to100br1-s100to200br2-s200to300br1
/work/T-REX/external/Proteina-Complexa/inference/search_binder_local_pipeline_32_PDL1_ALPHA_REPACK_v7_r004_cand_v7r004_hyp_0004_00_001_af7f7c76a908b/job_0_n_211_id_46_fk_orig0_bm1-s0to100br3-s100to200br1-s200to300br2/job_0_n_211_id_46_fk_orig0_bm1-s0to100br3-s100to200br1-s200to300br2.pdb,184,"2,0,13,16,19,16,19,14,11,3,10,18,19,19,6,18,7,15,2,12,16,9,6,4,11,13,14,19,6,11,5,10,3,10,0,0,10,9,19,18,17,6,12,6,3,11,2,9,9,5,13,19,8,7,6,6,3,10,11,19,5,8,15,15,18,1,5,1,0,1,10,10,11,3,5,10,15,10,7,2,0,0,10,5,9,16,3,19,11,10,5,3,0,7,19,18,1,4,12,9,15,18,7,7,0,3,18,11,1,9,16,19,11,19,2,0,15,19,19,6,16,19,10,6,11,0,10,11,1,0,1,6,0,11,3,3,19,11,19,6,10,19,6,0,10,11,15,7,11,0,15,19,15,5,9,10,16,10,10,3,11,10,11,0,15,0,15,19,11,3,10,0,11,3,19,19,16,10,11,18,16,15,5,11,2,1,0,10,7,13,10,10,8,15,10,11,10,0,16,2,3,3,19,0,3,10,12,11,19,11,3,0,0,0,0,0,0,0,0,0,0,0,0,0,0,0,0,0,0,0,0,0,0,0,0",-0.22234419,0.09141905,3.0,0.37464786,50.635124,0.40531692,1.0,0.40531692,0.1596877,0.37464786,0.0,0.0,0.37464786,0.0012791823,0.90419513,0.1596877,1.6276354,1.4424137,50.635124,-0.22234419,2.5615742,193.69633,0.34397876,0.34397876,1.0,193.69633,0.68927765,0.09580485,1.6276354,0.0012791823,0.40531692,0.09141905,0.0,1.4424137,2.5615742,0.34397876,0.22234419,0.0,0.40531692,0.22234419,0.8074765,0.34397876,1.0,0.37464786,lookahead,fk_orig0_bm1-s0to100br3-s100to200br1-s200to300br2
/work/T-REX/external/Proteina-Complexa/inference/search_binder_local_pipeline_32_PDL1_ALPHA_REPACK_v7_r004_cand_v7r004_hyp_0004_00_001_af7f7c76a908b/job_0_n_235_id_46_fk_orig1_bm1-s0to100br2-s100to200br3-s200to300br2/job_0_n_235_id_46_fk_orig1_bm1-s0to100br2-s100to200br3-s200to300br2.pdb,185,"2,0,13,16,19,16,19,14,11,3,10,18,19,19,6,18,7,15,2,12,16,9,6,4,11,13,14,19,6,11,5,10,3,10,0,0,10,9,19,18,17,6,12,6,3,11,2,9,9,5,13,19,8,7,6,6,3,10,11,19,5,8,15,15,18,1,5,1,0,1,10,10,11,3,5,10,15,10,7,2,0,0,10,5,9,16,3,19,11,10,5,3,0,7,19,18,1,4,12,9,15,18,7,7,0,3,18,11,1,9,16,19,11,19,2,0,0,13,16,19,16,19,14,11,3,10,18,19,19,6,18,7,15,2,12,16,9,6,4,11,13,14,19,6,11,5,10,3,10,0,0,10,9,19,18,17,6,12,6,3,11,2,9,9,5,13,19,8,7,6,6,3,10,11,19,5,8,15,15,18,1,5,1,0,1,10,10,11,3,5,10,15,10,7,2,0,0,10,5,9,16,3,19,11,10,5,3,0,7,19,18,1,4,12,9,15,18,7,7,0,3,18,11,1,9,16,19,11,19,2,0,8,8,8,8",-0.52527523,0.2898847,3.0,0.0541718,66.26779,0.054635532,1.0,0.054635532,0.3200583,0.0126535315,0.0,0.0,0.0541718,0.03340886,0.8466004,0.3200583,5.3046613,1.3564049,66.26779,-0.52527523,3.935418,194.7391,0.012318964,0.05370807,1.0,194.7391,0.27524668,0.15339956,5.3046613,0.03340886,0.0129881,0.2898847,0.0,1.3564049,3.935418,0.012318964,0.52527523,0.0,0.0129881,0.52527523,0.59027576,0.05370807,1.0,0.0126535315,lookahead,fk_orig1_bm1-s0to100br2-s100to200br3-s200to300br2
/work/T-REX/external/Proteina-Complexa/inference/search_binder_local_pipeline_32_PDL1_ALPHA_REPACK_v7_r004_cand_v7r004_hyp_0004_00_001_af7f7c76a908b/job_0_n_184_id_46_fk_orig2_bm0-s0to100br3-s100to200br1-s200to300br2/job_0_n_184_id_46_fk_orig2_bm0-s0to100br3-s100to200br1-s200to300br2.pdb,186,"2,0,13,16,19,16,19,14,11,3,10,18,19,19,6,18,7,15,2,12,16,9,6,4,11,13,14,19,6,11,5,10,3,10,0,0,10,9,19,18,17,6,12,6,3,11,2,9,9,5,13,19,8,7,6,6,3,10,11,19,5,8,15,15,18,1,5,1,0,1,10,10,11,3,5,10,15,10,7,2,0,0,10,5,9,16,3,19,11,10,5,3,0,7,19,18,1,4,12,9,15,18,7,7,0,3,18,11,1,9,16,19,11,19,2,0,0,15,9,18,13,2,10,7,2,9,18,11,0,5,7,2,10,3,10,0,6,11,15,18,11,11,0,9,6,10,2,18,14,2,0,3,11,0,18,12,6,10,15,15,9,18,15,5,11,11,3,18,3,6,0,0,11,12,10,6,6,0,1,11,0,1,10,0,0,0,0,0,0,0,0,0,0,0,0,0,0,0,0,0,0,0,0,0,0,0,0,0,0,0,0,0,0,0,0,0,0,0,0,0,0,0,0,0,0,0,0,0,0,0,0,0,0,0,0",-0.17349565,0.063171476,3.0,0.49325517,37.612427,0.5712421,1.0,0.5712421,0.13341616,0.49325517,0.0,0.0,0.49325517,0.0013871605,0.9337898,0.13341616,2.3569987,1.3129758,37.612427,-0.17349565,2.168903,162.52646,0.41526824,0.41526824,1.0,162.52646,0.76837647,0.06621021,2.3569987,0.0013871605,0.5712421,0.063171476,0.0,1.3129758,2.168903,0.41526824,0.17349565,0.0,0.5712421,0.17349565,0.85086673,0.41526824,1.0,0.49325517,lookahead,fk_orig2_bm0-s0to100br3-s100to200br1-s200to300br2
/work/T-REX/external/Proteina-Complexa/inference/search_binder_local_pipeline_32_PDL1_ALPHA_REPACK_v7_r004_cand_v7r004_hyp_0004_00_001_af7f7c76a908b/job_0_n_222_id_46_fk_orig3_bm1-s0to100br1-s100to200br2-s200to300br2/job_0_n_222_id_46_fk_orig3_bm1-s0to100br1-s100to200br2-s200to300br2.pdb,187,"2,0,13,16,19,16,19,14,11,3,10,18,19,19,6,18,7,15,2,12,16,9,6,4,11,13,14,19,6,11,5,10,3,10,0,0,10,9,19,18,17,6,12,6,3,11,2,9,9,5,13,19,8,7,6,6,3,10,11,19,5,8,15,15,18,1,5,1,0,1,10,10,11,3,5,10,15,10,7,2,0,0,10,5,9,16,3,19,11,10,5,3,0,7,19,18,1,4,12,9,15,18,7,7,0,3,18,11,1,9,16,19,11,19,2,0,10,19,19,16,0,14,0,15,19,15,7,16,0,7,7,15,19,16,10,6,4,11,16,15,11,16,10,15,15,14,13,15,9,19,17,11,7,14,11,3,19,2,19,10,16,18,15,2,7,6,16,16,18,0,14,15,13,11,7,1,0,15,10,3,14,11,2,7,3,0,15,10,8,10,15,2,10,1,10,15,3,15,7,9,18,16,4,12,19,0,3,16,15,7,9,0,3,11,11,9,11,10,15,19,16,14,0,0,0,0,0,0,0,0,0,0,0,0,0",-0.47425175,0.2556125,3.0,0.07524355,62.771034,0.07745587,1.0,0.07745587,0.29944378,0.013953591,0.0,0.0,0.07524355,0.0033474744,0.83967584,0.29944378,2.4423122,1.5196319,62.771034,-0.47425175,3.749536,207.71536,0.013937067,0.07303123,1.0,207.71536,0.34974617,0.16032417,2.4423122,0.0033474744,0.013970115,0.2556125,0.0,1.5196319,3.749536,0.013937067,0.47425175,0.0,0.013970115,0.47425175,0.6397079,0.07303123,1.0,0.013953591,lookahead,fk_orig3_bm1-s0to100br1-s100to200br2-s200to300br2
/work/T-REX/external/Proteina-Complexa/inference/search_binder_local_pipeline_32_PDL1_ALPHA_REPACK_v7_r004_cand_v7r004_hyp_0004_00_001_af7f7c76a908b/job_0_n_211_id_47_fk_orig0_bm1-s0to100br3-s100to200br1-s200to300br3/job_0_n_211_id_47_fk_orig0_bm1-s0to100br3-s100to200br1-s200to300br3.pdb,188,"2,0,13,16,19,16,19,14,11,3,10,18,19,19,6,18,7,15,2,12,16,9,6,4,11,13,14,19,6,11,5,10,3,10,0,0,10,9,19,18,17,6,12,6,3,11,2,9,9,5,13,19,8,7,6,6,3,10,11,19,5,8,15,15,18,1,5,1,0,1,10,10,11,3,5,10,15,10,7,2,0,0,10,5,9,16,3,19,11,10,5,3,0,7,19,18,1,4,12,9,15,18,7,7,0,3,18,11,1,9,16,19,11,19,2,0,15,9,19,3,2,9,10,3,11,0,10,11,16,0,11,6,0,11,2,14,15,0,19,6,10,19,11,10,10,11,15,7,11,0,16,6,6,5,9,10,16,10,10,3,2,10,7,0,15,0,15,19,11,3,10,0,1,3,19,19,16,15,11,18,6,16,16,1,2,1,15,10,7,13,10,10,8,15,10,7,10,0,16,2,3,3,19,0,0,10,12,11,19,11,14,0,0,0,0,0,0,0,0,0,0,0,0,0,0,0,0,0,0,0,0,0,0,0,0",-0.22987221,0.09452595,3.0,0.36153945,54.233616,0.38593036,1.0,0.38593036,0.1669629,0.36153945,0.0,0.0,0.36153945,0.0015952738,0.8895885,0.1669629,2.0266736,1.5473446,54.233616,-0.22987221,2.6114428,199.88516,0.33714855,0.33714855,1.0,199.88516,0.6758266,0.110411495,2.0266736,0.0015952738,0.38593036,0.09452595,0.0,1.5473446,2.6114428,0.33714855,0.22987221,0.0,0.38593036,0.22987221,0.8057949,0.33714855,1.0,0.36153945,lookahead,fk_orig0_bm1-s0to100br3-s100to200br1-s200to300br3
/work/T-REX/external/Proteina-Complexa/inference/search_binder_local_pipeline_32_PDL1_ALPHA_REPACK_v7_r004_cand_v7r004_hyp_0004_00_001_af7f7c76a908b/job_0_n_235_id_47_fk_orig1_bm1-s0to100br2-s100to200br3-s200to300br3/job_0_n_235_id_47_fk_orig1_bm1-s0to100br2-s100to200br3-s200to300br3.pdb,189,"2,0,13,16,19,16,19,14,11,3,10,18,19,19,6,18,7,15,2,12,16,9,6,4,11,13,14,19,6,11,5,10,3,10,0,0,10,9,19,18,17,6,12,6,3,11,2,9,9,5,13,19,8,7,6,6,3,10,11,19,5,8,15,15,18,1,5,1,0,1,10,10,11,3,5,10,15,10,7,2,0,0,10,5,9,16,3,19,11,10,5,3,0,7,19,18,1,4,12,9,15,18,7,7,0,3,18,11,1,9,16,19,11,19,2,0,0,13,16,19,16,19,14,11,3,10,18,19,19,6,18,7,15,2,12,16,9,6,4,11,13,14,19,6,11,5,10,3,10,0,0,10,9,19,18,17,6,12,6,3,11,2,9,9,5,13,19,8,7,6,6,3,10,11,19,5,8,15,15,18,1,5,1,0,1,10,10,11,3,5,10,15,10,7,2,0,0,10,5,9,16,3,19,11,10,5,3,0,7,19,18,1,4,12,9,15,18,7,7,0,3,18,11,1,9,16,19,11,19,2,0,8,8,8,8",-0.52221507,0.28552625,3.0,0.056463942,62.307804,0.05785609,1.0,0.05785609,0.31828982,0.012860788,0.0,0.0,0.056463942,0.03349434,0.8467582,0.31828982,5.0807495,1.351342,62.307804,-0.52221507,3.931617,195.05038,0.012567746,0.055071797,1.0,195.05038,0.27741897,0.15324181,5.0807495,0.03349434,0.013153829,0.28552625,0.0,1.351342,3.931617,0.012567746,0.52221507,0.0,0.013153829,0.52221507,0.5917016,0.055071797,1.0,0.012860788,lookahead,fk_orig1_bm1-s0to100br2-s100to200br3-s200to300br3
/work/T-REX/external/Proteina-Complexa/inference/search_binder_local_pipeline_32_PDL1_ALPHA_REPACK_v7_r004_cand_v7r004_hyp_0004_00_001_af7f7c76a908b/job_0_n_184_id_47_fk_orig2_bm0-s0to100br3-s100to200br1-s200to300br3/job_0_n_184_id_47_fk_orig2_bm0-s0to100br3-s100to200br1-s200to300br3.pdb,190,"2,0,13,16,19,16,19,14,11,3,10,18,19,19,6,18,7,15,2,12,16,9,6,4,11,13,14,19,6,11,5,10,3,10,0,0,10,9,19,18,17,6,12,6,3,11,2,9,9,5,13,19,8,7,6,6,3,10,11,19,5,8,15,15,18,1,5,1,0,1,10,10,11,3,5,10,15,10,7,2,0,0,10,5,9,16,3,19,11,10,5,3,0,7,19,18,1,4,12,9,15,18,7,7,0,3,18,11,1,9,16,19,11,19,2,0,0,10,0,8,13,2,10,7,2,19,18,11,15,5,7,2,10,3,6,0,6,11,6,18,11,11,0,9,6,10,2,18,14,3,0,3,11,0,18,10,6,10,15,0,19,18,16,5,11,11,2,18,3,6,0,0,11,12,12,6,6,0,1,11,0,1,10,0,0,0,0,0,0,0,0,0,0,0,0,0,0,0,0,0,0,0,0,0,0,0,0,0,0,0,0,0,0,0,0,0,0,0,0,0,0,0,0,0,0,0,0,0,0,0,0,0,0,0,0",-0.17715153,0.068311594,3.0,0.46893921,32.4334,0.55381274,1.0,0.55381274,0.13511072,0.46893921,0.0,0.0,0.46893921,0.0012949345,0.9277566,0.13511072,2.5666564,1.3064705,32.4334,-0.17715153,2.2354584,161.39337,0.3840657,0.3840657,1.0,161.39337,0.7515435,0.072243415,2.5666564,0.0012949345,0.55381274,0.068311594,0.0,1.3064705,2.2354584,0.3840657,0.17715153,0.0,0.55381274,0.17715153,0.846557,0.3840657,1.0,0.46893921,lookahead,fk_orig2_bm0-s0to100br3-s100to200br1-s200to300br3
/work/T-REX/external/Proteina-Complexa/inference/search_binder_local_pipeline_32_PDL1_ALPHA_REPACK_v7_r004_cand_v7r004_hyp_0004_00_001_af7f7c76a908b/job_0_n_222_id_47_fk_orig3_bm1-s0to100br1-s100to200br2-s200to300br3/job_0_n_222_id_47_fk_orig3_bm1-s0to100br1-s100to200br2-s200to300br3.pdb,191,"2,0,13,16,19,16,19,14,11,3,10,18,19,19,6,18,7,15,2,12,16,9,6,4,11,13,14,19,6,11,5,10,3,10,0,0,10,9,19,18,17,6,12,6,3,11,2,9,9,5,13,19,8,7,6,6,3,10,11,19,5,8,15,15,18,1,5,1,0,1,10,10,11,3,5,10,15,10,7,2,0,0,10,5,9,16,3,19,11,10,5,3,0,7,19,18,1,4,12,9,15,18,7,7,0,3,18,11,1,9,16,19,11,19,2,0,10,19,19,16,0,14,11,15,19,15,7,16,11,7,7,15,19,16,10,14,4,11,19,15,11,16,10,16,15,14,18,15,9,15,17,11,7,14,2,3,19,2,19,10,16,18,15,15,7,5,16,16,18,13,7,3,13,11,7,1,0,15,10,2,14,11,2,7,3,0,15,10,11,10,15,2,10,11,10,15,3,15,7,16,18,16,4,10,19,0,3,0,16,7,9,0,3,11,11,9,15,10,2,19,11,0,0,0,0,0,0,0,0,0,0,0,0,0,0",-0.421652,0.20129305,3.0,0.111024775,75.109024,0.11451533,1.0,0.11451533,0.26901287,0.047193877,0.0,0.0,0.111024775,0.0028990833,0.8626286,0.26901287,4.6468053,1.4372004,75.109024,-0.421652,3.5045273,204.3294,0.042603865,0.10753422,1.0,204.3294,0.42119214,0.13737145,4.6468053,0.0028990833,0.051783893,0.20129305,0.0,1.4372004,3.5045273,0.042603865,0.421652,0.0,0.051783893,0.421652,0.6727551,0.10753422,1.0,0.047193877,lookahead,fk_orig3_bm1-s0to100br1-s100to200br2-s200to300br3
/work/T-REX/external/Proteina-Complexa/inference/search_binder_local_pipeline_32_PDL1_ALPHA_REPACK_v7_r004_cand_v7r004_hyp_0004_00_001_af7f7c76a908b/job_0_n_211_id_48_fk_orig0_bm1-s0to100br3-s100to200br3-s200to300br0-s300to400br0/job_0_n_211_id_48_fk_orig0_bm1-s0to100br3-s100to200br3-s200to300br0-s300to400br0.pdb,192,"2,0,13,16,19,16,19,14,11,3,10,18,19,19,6,18,7,15,2,12,16,9,6,4,11,13,14,19,6,11,5,10,3,10,0,0,10,9,19,18,17,6,12,6,3,11,2,9,9,5,13,19,8,7,6,6,3,10,11,19,5,8,15,15,18,1,5,1,0,1,10,10,11,3,5,10,15,10,7,2,0,0,10,5,9,16,3,19,11,10,5,3,0,7,19,18,1,4,12,9,15,18,7,7,0,3,18,11,1,9,16,19,11,19,2,0,15,2,10,6,9,0,11,6,11,10,6,16,18,9,7,11,19,11,15,14,19,19,11,2,0,10,10,15,10,10,11,3,1,15,11,0,3,6,0,18,6,16,10,11,2,0,7,19,15,3,15,9,10,19,10,19,11,3,10,14,11,0,11,2,3,11,6,18,13,1,10,10,0,13,9,10,2,15,10,11,0,4,16,0,15,3,19,7,3,9,10,11,10,16,15,0,0,0,0,0,0,0,0,0,0,0,0,0,0,0,0,0,0,0,0,0,0,0,0",-0.19926333,0.07803056,3.0,0.43994284,44.57705,0.47541246,1.0,0.47541246,0.14254957,0.43994284,0.0,0.0,0.43994284,0.0008363448,0.9211203,0.14254957,2.7088866,1.3888788,44.57705,-0.19926333,2.3383746,198.23993,0.40447322,0.40447322,1.0,198.23993,0.73919845,0.078879714,2.7088866,0.0008363448,0.47541246,0.07803056,0.0,1.3888788,2.3383746,0.40447322,0.19926333,0.0,0.47541246,0.19926333,0.83866656,0.40447322,1.0,0.43994284,lookahead,fk_orig0_bm1-s0to100br3-s100to200br3-s200to300br0-s300to400br0
/work/T-REX/external/Proteina-Complexa/inference/search_binder_local_pipeline_32_PDL1_ALPHA_REPACK_v7_r004_cand_v7r004_hyp_0004_00_001_af7f7c76a908b/job_0_n_235_id_48_fk_orig1_bm0-s0to100br2-s100to200br2-s200to300br2-s300to400br0/job_0_n_235_id_48_fk_orig1_bm0-s0to100br2-s100to200br2-s200to300br2-s300to400br0.pdb,193,"2,0,13,16,19,16,19,14,11,3,10,18,19,19,6,18,7,15,2,12,16,9,6,4,11,13,14,19,6,11,5,10,3,10,0,0,10,9,19,18,17,6,12,6,3,11,2,9,9,5,13,19,8,7,6,6,3,10,11,19,5,8,15,15,18,1,5,1,0,1,10,10,11,3,5,10,15,10,7,2,0,0,10,5,9,16,3,19,11,10,5,3,0,7,19,18,1,4,12,9,15,18,7,7,0,3,18,11,1,9,16,19,11,19,2,0,0,13,16,19,16,19,14,11,3,10,18,19,19,6,18,7,15,2,12,16,9,6,4,11,13,14,19,6,11,5,10,3,10,0,0,10,9,19,18,17,6,12,6,3,11,2,9,9,5,13,19,8,7,6,6,3,10,11,19,5,8,15,15,18,1,5,1,0,1,10,10,11,3,5,10,15,10,7,2,0,0,10,5,9,16,3,19,11,10,5,3,0,7,19,18,1,4,12,9,15,18,7,7,0,3,18,11,1,9,16,19,11,19,2,0,16,14,0,14",-0.53109884,0.29156154,3.0,0.04755956,63.229248,0.049439393,1.0,0.049439393,0.32048613,0.012671815,0.0,0.0,0.04755956,0.018773912,0.85016793,0.32048613,5.065306,1.3231682,63.229248,-0.53109884,3.953111,197.74686,0.012317397,0.045679722,1.0,197.74686,0.265297,0.14983207,5.065306,0.018773912,0.013026233,0.29156154,0.0,1.3231682,3.953111,0.012317397,0.53109884,0.0,0.013026233,0.53109884,0.5879812,0.045679722,1.0,0.012671815,lookahead,fk_orig1_bm0-s0to100br2-s100to200br2-s200to300br2-s300to400br0
/work/T-REX/external/Proteina-Complexa/inference/search_binder_local_pipeline_32_PDL1_ALPHA_REPACK_v7_r004_cand_v7r004_hyp_0004_00_001_af7f7c76a908b/job_0_n_184_id_48_fk_orig2_bm0-s0to100br3-s100to200br0-s200to300br2-s300to400br0/job_0_n_184_id_48_fk_orig2_bm0-s0to100br3-s100to200br0-s200to300br2-s300to400br0.pdb,194,"2,0,13,16,19,16,19,14,11,3,10,18,19,19,6,18,7,15,2,12,16,9,6,4,11,13,14,19,6,11,5,10,3,10,0,0,10,9,19,18,17,6,12,6,3,11,2,9,9,5,13,19,8,7,6,6,3,10,11,19,5,8,15,15,18,1,5,1,0,1,10,10,11,3,5,10,15,10,7,2,0,0,10,5,9,16,3,19,11,10,5,3,0,7,19,18,1,4,12,9,15,18,7,7,0,3,18,11,1,9,16,19,11,19,2,0,0,6,16,18,13,2,10,7,2,9,18,11,0,5,7,2,10,3,6,0,6,11,15,18,11,11,0,9,6,10,2,18,14,6,0,3,11,0,18,12,6,9,15,15,9,18,15,5,11,11,2,18,3,6,0,0,11,12,12,6,11,0,1,5,0,1,10,11,0,0,0,0,0,0,0,0,0,0,0,0,0,0,0,0,0,0,0,0,0,0,0,0,0,0,0,0,0,0,0,0,0,0,0,0,0,0,0,0,0,0,0,0,0,0,0,0,0,0,0",-0.17725538,0.06648404,3.0,0.46899027,28.735365,0.5532161,1.0,0.5532161,0.13527957,0.46899027,0.0,0.0,0.46899027,0.0014903133,0.9299833,0.13527957,2.3993628,1.293211,28.735365,-0.17725538,2.2781012,158.41338,0.3847644,0.3847644,1.0,158.41338,0.74561155,0.070016675,2.3993628,0.0014903133,0.5532161,0.06648404,0.0,1.293211,2.2781012,0.3847644,0.17725538,0.0,0.5532161,0.17725538,0.84458625,0.3847644,1.0,0.46899027,lookahead,fk_orig2_bm0-s0to100br3-s100to200br0-s200to300br2-s300to400br0
/work/T-REX/external/Proteina-Complexa/inference/search_binder_local_pipeline_32_PDL1_ALPHA_REPACK_v7_r004_cand_v7r004_hyp_0004_00_001_af7f7c76a908b/job_0_n_222_id_48_fk_orig3_bm1-s0to100br1-s100to200br0-s200to300br2-s300to400br0/job_0_n_222_id_48_fk_orig3_bm1-s0to100br1-s100to200br0-s200to300br2-s300to400br0.pdb,195,"2,0,13,16,19,16,19,14,11,3,10,18,19,19,6,18,7,15,2,12,16,9,6,4,11,13,14,19,6,11,5,10,3,10,0,0,10,9,19,18,17,6,12,6,3,11,2,9,9,5,13,19,8,7,6,6,3,10,11,19,5,8,15,15,18,1,5,1,0,1,10,10,11,3,5,10,15,10,7,2,0,0,10,5,9,16,3,19,11,10,5,3,0,7,19,18,1,4,12,9,15,18,7,7,0,3,18,11,1,9,16,19,11,19,2,0,10,16,19,16,0,14,16,15,19,15,7,16,19,7,7,15,19,16,10,14,4,11,16,15,11,15,10,15,15,14,13,15,9,19,17,11,7,14,11,3,19,11,9,10,16,18,0,7,7,6,16,16,18,13,6,14,13,11,7,1,0,15,10,5,14,15,7,16,3,0,15,10,16,10,15,3,10,1,10,6,3,15,7,19,18,16,4,10,19,0,3,11,16,7,9,0,3,0,11,9,16,10,16,19,16,7,0,0,0,0,0,0,0,0,0,0,0,0,0",-0.5758804,0.3200366,3.0,0.022647975,78.603226,0.022787256,1.0,0.022787256,0.34578532,0.011269257,0.0,0.0,0.022647975,0.0014311115,0.85354024,0.34578532,3.4948738,1.3468951,78.603226,-0.5758804,3.9934423,207.33745,0.010846293,0.022508694,1.0,207.33745,0.23515657,0.14645974,3.4948738,0.0014311115,0.011692222,0.3200366,0.0,1.3468951,3.9934423,0.010846293,0.5758804,0.0,0.011692222,0.5758804,0.5831896,0.022508694,1.0,0.011269257,lookahead,fk_orig3_bm1-s0to100br1-s100to200br0-s200to300br2-s300to400br0
/work/T-REX/external/Proteina-Complexa/inference/search_binder_local_pipeline_32_PDL1_ALPHA_REPACK_v7_r004_cand_v7r004_hyp_0004_00_001_af7f7c76a908b/job_0_n_211_id_49_fk_orig0_bm1-s0to100br3-s100to200br3-s200to300br0-s300to400br1/job_0_n_211_id_49_fk_orig0_bm1-s0to100br3-s100to200br3-s200to300br0-s300to400br1.pdb,196,"2,0,13,16,19,16,19,14,11,3,10,18,19,19,6,18,7,15,2,12,16,9,6,4,11,13,14,19,6,11,5,10,3,10,0,0,10,9,19,18,17,6,12,6,3,11,2,9,9,5,13,19,8,7,6,6,3,10,11,19,5,8,15,15,18,1,5,1,0,1,10,10,11,3,5,10,15,10,7,2,0,0,10,5,9,16,3,19,11,10,5,3,0,7,19,18,1,4,12,9,15,18,7,7,0,3,18,11,1,9,16,19,11,19,2,0,15,2,10,6,9,0,11,6,11,10,6,16,18,9,7,11,19,11,15,14,19,19,11,2,0,10,10,15,10,10,11,3,1,15,11,0,3,6,0,18,6,10,10,11,2,0,7,19,15,3,15,9,10,19,10,19,11,3,10,14,11,0,11,2,3,11,6,18,13,1,10,10,0,13,9,10,2,15,10,11,0,4,16,0,15,3,19,7,3,9,10,11,10,16,15,0,0,0,0,0,0,0,0,0,0,0,0,0,0,0,0,0,0,0,0,0,0,0,0",-0.19944926,0.07826737,3.0,0.43899074,45.255962,0.47289887,1.0,0.47289887,0.1428543,0.43899074,0.0,0.0,0.43899074,0.00081157184,0.920001,0.1428543,2.6985464,1.4008787,45.255962,-0.19944926,2.3477948,197.00342,0.4050826,0.4050826,1.0,197.00342,0.736205,0.07999902,2.6985464,0.00081157184,0.47289887,0.07826737,0.0,1.4008787,2.3477948,0.4050826,0.19944926,0.0,0.47289887,0.19944926,0.8378712,0.4050826,1.0,0.43899074,lookahead,fk_orig0_bm1-s0to100br3-s100to200br3-s200to300br0-s300to400br1
/work/T-REX/external/Proteina-Complexa/inference/search_binder_local_pipeline_32_PDL1_ALPHA_REPACK_v7_r004_cand_v7r004_hyp_0004_00_001_af7f7c76a908b/job_0_n_235_id_49_fk_orig1_bm0-s0to100br2-s100to200br2-s200to300br2-s300to400br1/job_0_n_235_id_49_fk_orig1_bm0-s0to100br2-s100to200br2-s200to300br2-s300to400br1.pdb,197,"2,0,13,16,19,16,19,14,11,3,10,18,19,19,6,18,7,15,2,12,16,9,6,4,11,13,14,19,6,11,5,10,3,10,0,0,10,9,19,18,17,6,12,6,3,11,2,9,9,5,13,19,8,7,6,6,3,10,11,19,5,8,15,15,18,1,5,1,0,1,10,10,11,3,5,10,15,10,7,2,0,0,10,5,9,16,3,19,11,10,5,3,0,7,19,18,1,4,12,9,15,18,7,7,0,3,18,11,1,9,16,19,11,19,2,0,0,13,16,19,16,19,14,11,3,10,18,19,19,6,18,7,15,2,12,16,9,6,4,11,13,14,19,6,11,5,10,3,10,0,0,10,9,19,18,17,6,12,6,3,11,2,9,9,5,13,19,8,7,6,6,3,10,11,19,5,8,15,15,18,1,5,1,0,1,10,10,11,3,5,10,15,10,7,2,0,0,10,5,9,16,3,19,11,10,5,3,0,7,19,18,1,4,12,9,15,18,7,7,0,3,18,11,1,9,16,19,11,19,2,0,16,14,15,14",-0.53075516,0.29487637,3.0,0.04863056,62.314415,0.05031129,1.0,0.05031129,0.32029352,0.01261265,0.0,0.0,0.04863056,0.019797035,0.84969777,0.32029352,5.0270333,1.3255199,62.314415,-0.53075516,3.9512978,196.96735,0.012231739,0.046949834,1.0,196.96735,0.26701522,0.15030222,5.0270333,0.019797035,0.012993561,0.29487637,0.0,1.3255199,3.9512978,0.012231739,0.53075516,0.0,0.012993561,0.53075516,0.5888007,0.046949834,1.0,0.01261265,lookahead,fk_orig1_bm0-s0to100br2-s100to200br2-s200to300br2-s300to400br1
/work/T-REX/external/Proteina-Complexa/inference/search_binder_local_pipeline_32_PDL1_ALPHA_REPACK_v7_r004_cand_v7r004_hyp_0004_00_001_af7f7c76a908b/job_0_n_184_id_49_fk_orig2_bm0-s0to100br3-s100to200br0-s200to300br2-s300to400br1/job_0_n_184_id_49_fk_orig2_bm0-s0to100br3-s100to200br0-s200to300br2-s300to400br1.pdb,198,"2,0,13,16,19,16,19,14,11,3,10,18,19,19,6,18,7,15,2,12,16,9,6,4,11,13,14,19,6,11,5,10,3,10,0,0,10,9,19,18,17,6,12,6,3,11,2,9,9,5,13,19,8,7,6,6,3,10,11,19,5,8,15,15,18,1,5,1,0,1,10,10,11,3,5,10,15,10,7,2,0,0,10,5,9,16,3,19,11,10,5,3,0,7,19,18,1,4,12,9,15,18,7,7,0,3,18,11,1,9,16,19,11,19,2,0,0,6,16,18,13,2,10,7,2,9,18,11,0,5,7,2,10,3,6,0,6,11,15,18,11,11,0,9,6,10,2,18,14,6,0,3,11,0,18,12,6,9,15,15,9,18,15,5,11,11,2,18,3,6,0,0,11,12,12,6,11,0,1,5,0,1,10,11,0,0,0,0,0,0,0,0,0,0,0,0,0,0,0,0,0,0,0,0,0,0,0,0,0,0,0,0,0,0,0,0,0,0,0,0,0,0,0,0,0,0,0,0,0,0,0,0,0,0,0",-0.17613973,0.06654299,3.0,0.47276318,29.03298,0.5577732,1.0,0.5577732,0.13450229,0.47276318,0.0,0.0,0.47276318,0.0015129737,0.9304153,0.13450229,2.3541505,1.2905837,29.03298,-0.17613973,2.272996,158.66641,0.38775322,0.38775322,1.0,158.66641,0.74616325,0.06958472,2.3541505,0.0015129737,0.5577732,0.06654299,0.0,1.2905837,2.272996,0.38775322,0.17613973,0.0,0.5577732,0.17613973,0.84486073,0.38775322,1.0,0.47276318,lookahead,fk_orig2_bm0-s0to100br3-s100to200br0-s200to300br2-s300to400br1
/work/T-REX/external/Proteina-Complexa/inference/search_binder_local_pipeline_32_PDL1_ALPHA_REPACK_v7_r004_cand_v7r004_hyp_0004_00_001_af7f7c76a908b/job_0_n_222_id_49_fk_orig3_bm1-s0to100br1-s100to200br0-s200to300br2-s300to400br1/job_0_n_222_id_49_fk_orig3_bm1-s0to100br1-s100to200br0-s200to300br2-s300to400br1.pdb,199,"2,0,13,16,19,16,19,14,11,3,10,18,19,19,6,18,7,15,2,12,16,9,6,4,11,13,14,19,6,11,5,10,3,10,0,0,10,9,19,18,17,6,12,6,3,11,2,9,9,5,13,19,8,7,6,6,3,10,11,19,5,8,15,15,18,1,5,1,0,1,10,10,11,3,5,10,15,10,7,2,0,0,10,5,9,16,3,19,11,10,5,3,0,7,19,18,1,4,12,9,15,18,7,7,0,3,18,11,1,9,16,19,11,19,2,0,10,16,19,16,0,14,16,15,19,15,7,16,19,7,7,15,19,16,10,14,4,11,16,15,11,15,10,15,15,14,13,15,9,19,17,11,7,14,11,3,16,11,9,10,16,18,0,7,7,6,16,16,18,13,6,14,13,11,7,1,0,15,10,5,14,15,7,16,3,0,15,10,16,10,15,3,10,1,10,6,3,15,7,19,18,16,4,10,19,0,3,11,16,7,9,0,3,0,11,9,16,10,16,19,16,7,0,0,0,0,0,0,0,0,0,0,0,0,0",-0.5847144,0.32201278,3.0,0.017160147,83.139496,0.017757168,1.0,0.017757168,0.35060403,0.010741479,0.0,0.0,0.017160147,0.0015495409,0.8512008,0.35060403,3.8973374,1.352529,83.139496,-0.5847144,4.039479,209.85234,0.010714998,0.016563125,1.0,209.85234,0.22262612,0.14879917,3.8973374,0.0015495409,0.01076796,0.32201278,0.0,1.352529,4.039479,0.010714998,0.5847144,0.0,0.01076796,0.5847144,0.5776954,0.016563125,1.0,0.010741479,lookahead,fk_orig3_bm1-s0to100br1-s100to200br0-s200to300br2-s300to400br1
/work/T-REX/external/Proteina-Complexa/inference/search_binder_local_pipeline_32_PDL1_ALPHA_REPACK_v7_r004_cand_v7r004_hyp_0004_00_001_af7f7c76a908b/job_0_n_211_id_50_fk_orig0_bm1-s0to100br3-s100to200br3-s200to300br0-s300to400br2/job_0_n_211_id_50_fk_orig0_bm1-s0to100br3-s100to200br3-s200to300br0-s300to400br2.pdb,200,"2,0,13,16,19,16,19,14,11,3,10,18,19,19,6,18,7,15,2,12,16,9,6,4,11,13,14,19,6,11,5,10,3,10,0,0,10,9,19,18,17,6,12,6,3,11,2,9,9,5,13,19,8,7,6,6,3,10,11,19,5,8,15,15,18,1,5,1,0,1,10,10,11,3,5,10,15,10,7,2,0,0,10,5,9,16,3,19,11,10,5,3,0,7,19,18,1,4,12,9,15,18,7,7,0,3,18,11,1,9,16,19,11,19,2,0,15,2,10,6,9,0,11,6,11,10,6,16,18,9,7,11,19,11,15,7,19,19,11,2,0,10,10,15,10,10,11,3,1,15,11,0,3,6,0,18,15,10,10,11,15,0,7,19,15,3,15,16,10,0,10,19,11,3,10,14,11,0,11,2,3,11,6,18,13,1,10,10,0,13,9,10,2,15,10,11,0,4,16,0,15,3,19,7,3,9,10,11,10,16,15,0,0,0,0,0,0,0,0,0,0,0,0,0,0,0,0,0,0,0,0,0,0,0,0",-0.1923426,0.0740554,3.0,0.46017665,43.664654,0.49734333,1.0,0.49734333,0.13806793,0.46017665,0.0,0.0,0.46017665,0.0007935254,0.92240894,0.13806793,2.6408503,1.3647754,43.664654,-0.1923426,2.292395,196.51276,0.42300996,0.42300996,1.0,196.51276,0.744732,0.077591054,2.6408503,0.0007935254,0.49734333,0.0740554,0.0,1.3647754,2.292395,0.42300996,0.1923426,0.0,0.49734333,0.1923426,0.84001184,0.42300996,1.0,0.46017665,lookahead,fk_orig0_bm1-s0to100br3-s100to200br3-s200to300br0-s300to400br2
/work/T-REX/external/Proteina-Complexa/inference/search_binder_local_pipeline_32_PDL1_ALPHA_REPACK_v7_r004_cand_v7r004_hyp_0004_00_001_af7f7c76a908b/job_0_n_235_id_50_fk_orig1_bm0-s0to100br2-s100to200br2-s200to300br2-s300to400br2/job_0_n_235_id_50_fk_orig1_bm0-s0to100br2-s100to200br2-s200to300br2-s300to400br2.pdb,201,"2,0,13,16,19,16,19,14,11,3,10,18,19,19,6,18,7,15,2,12,16,9,6,4,11,13,14,19,6,11,5,10,3,10,0,0,10,9,19,18,17,6,12,6,3,11,2,9,9,5,13,19,8,7,6,6,3,10,11,19,5,8,15,15,18,1,5,1,0,1,10,10,11,3,5,10,15,10,7,2,0,0,10,5,9,16,3,19,11,10,5,3,0,7,19,18,1,4,12,9,15,18,7,7,0,3,18,11,1,9,16,19,11,19,2,0,0,13,16,19,16,19,14,11,3,10,18,19,19,6,18,7,15,2,12,16,9,6,4,11,13,14,19,6,11,5,10,3,10,0,0,10,9,19,18,17,6,12,6,3,11,2,9,9,5,13,19,8,7,6,6,3,10,11,19,5,8,15,15,18,1,5,1,0,1,10,10,11,3,5,10,15,10,7,2,0,0,10,5,9,16,3,19,11,10,5,3,0,7,19,18,1,4,12,9,15,18,7,7,0,3,18,11,1,9,16,19,11,19,2,0,16,14,0,14",-0.53541756,0.29628912,3.0,0.045784276,63.1895,0.046879876,1.0,0.046879876,0.32281768,0.0123889595,0.0,0.0,0.045784276,0.018964216,0.84962046,0.32281768,5.03824,1.3265805,63.1895,-0.53541756,3.9641533,199.31505,0.012011588,0.044688676,1.0,199.31505,0.26219082,0.15037955,5.03824,0.018964216,0.012766332,0.29628912,0.0,1.3265805,3.9641533,0.012011588,0.53541756,0.0,0.012766332,0.53541756,0.58625996,0.044688676,1.0,0.0123889595,lookahead,fk_orig1_bm0-s0to100br2-s100to200br2-s200to300br2-s300to400br2
/work/T-REX/external/Proteina-Complexa/inference/search_binder_local_pipeline_32_PDL1_ALPHA_REPACK_v7_r004_cand_v7r004_hyp_0004_00_001_af7f7c76a908b/job_0_n_184_id_50_fk_orig2_bm0-s0to100br3-s100to200br0-s200to300br2-s300to400br2/job_0_n_184_id_50_fk_orig2_bm0-s0to100br3-s100to200br0-s200to300br2-s300to400br2.pdb,202,"2,0,13,16,19,16,19,14,11,3,10,18,19,19,6,18,7,15,2,12,16,9,6,4,11,13,14,19,6,11,5,10,3,10,0,0,10,9,19,18,17,6,12,6,3,11,2,9,9,5,13,19,8,7,6,6,3,10,11,19,5,8,15,15,18,1,5,1,0,1,10,10,11,3,5,10,15,10,7,2,0,0,10,5,9,16,3,19,11,10,5,3,0,7,19,18,1,4,12,9,15,18,7,7,0,3,18,11,1,9,16,19,11,19,2,0,0,6,16,18,13,2,10,7,2,9,18,11,0,5,7,2,10,3,6,0,6,11,15,18,11,11,0,9,6,10,2,18,14,6,0,3,11,0,18,12,6,9,15,15,9,18,15,5,11,11,2,18,3,6,0,0,11,12,12,6,11,0,1,5,0,1,10,11,0,0,0,0,0,0,0,0,0,0,0,0,0,0,0,0,0,0,0,0,0,0,0,0,0,0,0,0,0,0,0,0,0,0,0,0,0,0,0,0,0,0,0,0,0,0,0,0,0,0,0",-0.17820272,0.06677536,3.0,0.46569818,28.978588,0.55058277,1.0,0.55058277,0.13574226,0.46569818,0.0,0.0,0.46569818,0.0014923671,0.9296833,0.13574226,2.3950372,1.2903115,28.978588,-0.17820272,2.2857192,158.72998,0.3808136,0.3808136,1.0,158.72998,0.7428659,0.07031667,2.3950372,0.0014923671,0.55058277,0.06677536,0.0,1.2903115,2.2857192,0.3808136,0.17820272,0.0,0.55058277,0.17820272,0.8431614,0.3808136,1.0,0.46569818,lookahead,fk_orig2_bm0-s0to100br3-s100to200br0-s200to300br2-s300to400br2
/work/T-REX/external/Proteina-Complexa/inference/search_binder_local_pipeline_32_PDL1_ALPHA_REPACK_v7_r004_cand_v7r004_hyp_0004_00_001_af7f7c76a908b/job_0_n_222_id_50_fk_orig3_bm1-s0to100br1-s100to200br0-s200to300br2-s300to400br2/job_0_n_222_id_50_fk_orig3_bm1-s0to100br1-s100to200br0-s200to300br2-s300to400br2.pdb,203,"2,0,13,16,19,16,19,14,11,3,10,18,19,19,6,18,7,15,2,12,16,9,6,4,11,13,14,19,6,11,5,10,3,10,0,0,10,9,19,18,17,6,12,6,3,11,2,9,9,5,13,19,8,7,6,6,3,10,11,19,5,8,15,15,18,1,5,1,0,1,10,10,11,3,5,10,15,10,7,2,0,0,10,5,9,16,3,19,11,10,5,3,0,7,19,18,1,4,12,9,15,18,7,7,0,3,18,11,1,9,16,19,11,19,2,0,10,16,19,16,0,14,16,15,19,15,7,16,19,7,7,15,19,16,10,14,4,11,16,15,11,15,10,15,15,14,13,15,9,19,17,11,7,14,11,3,19,11,9,10,16,18,0,7,7,6,16,16,18,13,6,14,13,11,7,1,0,15,10,5,14,15,7,16,3,0,15,10,16,10,15,3,10,1,10,6,3,15,7,19,18,16,4,10,19,0,3,11,16,7,9,0,3,0,11,9,16,10,16,19,16,7,0,0,0,0,0,0,0,0,0,0,0,0,0",-0.49251878,0.2667838,3.0,0.06128908,50.943928,0.062753,1.0,0.062753,0.30209658,0.013300476,0.0,0.0,0.06128908,0.0014205665,0.86631644,0.30209658,1.6655685,1.3464569,50.943928,-0.49251878,3.704841,198.15012,0.01284926,0.059825156,1.0,198.15012,0.3374443,0.13368353,1.6655685,0.0014205665,0.013751691,0.2667838,0.0,1.3464569,3.704841,0.01284926,0.49251878,0.0,0.013751691,0.49251878,0.631291,0.059825156,1.0,0.013300476,lookahead,fk_orig3_bm1-s0to100br1-s100to200br0-s200to300br2-s300to400br2
/work/T-REX/external/Proteina-Complexa/inference/search_binder_local_pipeline_32_PDL1_ALPHA_REPACK_v7_r004_cand_v7r004_hyp_0004_00_001_af7f7c76a908b/job_0_n_211_id_51_fk_orig0_bm1-s0to100br3-s100to200br3-s200to300br0-s300to400br3/job_0_n_211_id_51_fk_orig0_bm1-s0to100br3-s100to200br3-s200to300br0-s300to400br3.pdb,204,"2,0,13,16,19,16,19,14,11,3,10,18,19,19,6,18,7,15,2,12,16,9,6,4,11,13,14,19,6,11,5,10,3,10,0,0,10,9,19,18,17,6,12,6,3,11,2,9,9,5,13,19,8,7,6,6,3,10,11,19,5,8,15,15,18,1,5,1,0,1,10,10,11,3,5,10,15,10,7,2,0,0,10,5,9,16,3,19,11,10,5,3,0,7,19,18,1,4,12,9,15,18,7,7,0,3,18,11,1,9,16,19,11,19,2,0,15,2,10,6,6,0,11,6,11,10,6,16,18,9,7,11,19,11,15,14,19,19,11,2,0,10,10,15,10,10,11,3,1,15,11,0,2,6,0,18,6,10,10,11,2,0,7,19,15,3,15,9,10,11,10,19,11,3,10,14,11,0,11,2,3,11,6,18,13,1,10,10,0,13,9,10,2,15,10,11,0,4,16,0,15,3,19,7,3,9,10,11,10,16,15,0,0,0,0,0,0,0,0,0,0,0,0,0,0,0,0,0,0,0,0,0,0,0,0",-0.17493765,0.06591303,3.0,0.52996135,45.29808,0.5586692,1.0,0.5586692,0.12876745,0.52996135,0.0,0.0,0.52996135,0.0007022124,0.93141156,0.12876745,2.7985024,1.365451,45.29808,-0.17493765,2.1892686,193.4269,0.50125355,0.50125355,1.0,193.4269,0.7829673,0.06858845,2.7985024,0.0007022124,0.5586692,0.06591303,0.0,1.365451,2.1892686,0.50125355,0.17493765,0.0,0.5586692,0.17493765,0.8602729,0.50125355,1.0,0.52996135,lookahead,fk_orig0_bm1-s0to100br3-s100to200br3-s200to300br0-s300to400br3
/work/T-REX/external/Proteina-Complexa/inference/search_binder_local_pipeline_32_PDL1_ALPHA_REPACK_v7_r004_cand_v7r004_hyp_0004_00_001_af7f7c76a908b/job_0_n_235_id_51_fk_orig1_bm0-s0to100br2-s100to200br2-s200to300br2-s300to400br3/job_0_n_235_id_51_fk_orig1_bm0-s0to100br2-s100to200br2-s200to300br2-s300to400br3.pdb,205,"2,0,13,16,19,16,19,14,11,3,10,18,19,19,6,18,7,15,2,12,16,9,6,4,11,13,14,19,6,11,5,10,3,10,0,0,10,9,19,18,17,6,12,6,3,11,2,9,9,5,13,19,8,7,6,6,3,10,11,19,5,8,15,15,18,1,5,1,0,1,10,10,11,3,5,10,15,10,7,2,0,0,10,5,9,16,3,19,11,10,5,3,0,7,19,18,1,4,12,9,15,18,7,7,0,3,18,11,1,9,16,19,11,19,2,0,0,13,16,19,16,19,14,11,3,10,18,19,19,6,18,7,15,2,12,16,9,6,4,11,13,14,19,6,11,5,10,3,10,0,0,10,9,19,18,17,6,12,6,3,11,2,9,9,5,13,19,8,7,6,6,3,10,11,19,5,8,15,15,18,1,5,1,0,1,10,10,11,3,5,10,15,10,7,2,0,0,10,5,9,16,3,19,11,10,5,3,0,7,19,18,1,4,12,9,15,18,7,7,0,3,18,11,1,9,16,19,11,19,2,0,16,14,10,14",-0.5387153,0.30182037,3.0,0.04602413,58.78672,0.048037034,1.0,0.048037034,0.32486913,0.012299197,0.0,0.0,0.04602413,0.015133727,0.8494526,0.32486913,4.832203,1.3461183,58.78672,-0.5387153,3.968592,196.9078,0.011980742,0.04401122,1.0,196.9078,0.26616856,0.15054739,4.832203,0.015133727,0.012617651,0.30182037,0.0,1.3461183,3.968592,0.011980742,0.5387153,0.0,0.012617651,0.5387153,0.5879186,0.04401122,1.0,0.012299197,lookahead,fk_orig1_bm0-s0to100br2-s100to200br2-s200to300br2-s300to400br3
/work/T-REX/external/Proteina-Complexa/inference/search_binder_local_pipeline_32_PDL1_ALPHA_REPACK_v7_r004_cand_v7r004_hyp_0004_00_001_af7f7c76a908b/job_0_n_184_id_51_fk_orig2_bm0-s0to100br3-s100to200br0-s200to300br2-s300to400br3/job_0_n_184_id_51_fk_orig2_bm0-s0to100br3-s100to200br0-s200to300br2-s300to400br3.pdb,206,"2,0,13,16,19,16,19,14,11,3,10,18,19,19,6,18,7,15,2,12,16,9,6,4,11,13,14,19,6,11,5,10,3,10,0,0,10,9,19,18,17,6,12,6,3,11,2,9,9,5,13,19,8,7,6,6,3,10,11,19,5,8,15,15,18,1,5,1,0,1,10,10,11,3,5,10,15,10,7,2,0,0,10,5,9,16,3,19,11,10,5,3,0,7,19,18,1,4,12,9,15,18,7,7,0,3,18,11,1,9,16,19,11,19,2,0,0,6,16,18,13,2,10,7,2,9,18,11,0,5,7,2,10,3,6,0,6,11,15,18,11,11,0,9,6,10,2,18,14,6,0,3,11,0,18,12,6,9,15,15,9,18,15,5,11,11,2,18,3,6,0,0,11,12,12,6,11,0,1,5,0,1,10,11,0,0,0,0,0,0,0,0,0,0,0,0,0,0,0,0,0,0,0,0,0,0,0,0,0,0,0,0,0,0,0,0,0,0,0,0,0,0,0,0,0,0,0,0,0,0,0,0,0,0,0",-0.17801954,0.066198595,3.0,0.46739158,30.640287,0.55229086,1.0,0.55229086,0.13591504,0.46739158,0.0,0.0,0.46739158,0.0015147179,0.92915505,0.13591504,2.3671665,1.2989668,30.640287,-0.17801954,2.2791545,160.83568,0.3824923,0.3824923,1.0,160.83568,0.7444967,0.07084497,2.3671665,0.0015147179,0.55229086,0.066198595,0.0,1.2989668,2.2791545,0.3824923,0.17801954,0.0,0.55229086,0.17801954,0.84386945,0.3824923,1.0,0.46739158,lookahead,fk_orig2_bm0-s0to100br3-s100to200br0-s200to300br2-s300to400br3
/work/T-REX/external/Proteina-Complexa/inference/search_binder_local_pipeline_32_PDL1_ALPHA_REPACK_v7_r004_cand_v7r004_hyp_0004_00_001_af7f7c76a908b/job_0_n_222_id_51_fk_orig3_bm1-s0to100br1-s100to200br0-s200to300br2-s300to400br3/job_0_n_222_id_51_fk_orig3_bm1-s0to100br1-s100to200br0-s200to300br2-s300to400br3.pdb,207,"2,0,13,16,19,16,19,14,11,3,10,18,19,19,6,18,7,15,2,12,16,9,6,4,11,13,14,19,6,11,5,10,3,10,0,0,10,9,19,18,17,6,12,6,3,11,2,9,9,5,13,19,8,7,6,6,3,10,11,19,5,8,15,15,18,1,5,1,0,1,10,10,11,3,5,10,15,10,7,2,0,0,10,5,9,16,3,19,11,10,5,3,0,7,19,18,1,4,12,9,15,18,7,7,0,3,18,11,1,9,16,19,11,19,2,0,10,16,19,16,0,14,16,15,19,15,7,16,19,7,7,15,19,16,10,14,4,11,16,15,11,15,10,15,15,14,13,15,9,19,17,11,7,14,11,3,19,11,9,10,16,18,0,7,7,6,16,16,18,13,6,14,13,11,7,1,0,15,10,5,14,15,7,16,3,0,15,10,16,10,15,3,10,1,10,6,3,15,7,19,18,16,4,10,19,0,3,11,16,7,9,0,3,0,11,9,16,10,16,19,16,7,0,0,0,0,0,0,0,0,0,0,0,0,0",-0.58862936,0.3264762,3.0,0.016308762,85.99983,0.018156923,1.0,0.018156923,0.3528435,0.0,0.0,0.0,0.016308762,0.0014819761,0.85087526,0.3528435,3.9838154,1.3539357,85.99983,-0.58862936,4.0454087,214.21054,0.0,0.014460601,1.0,214.21054,0.21986935,0.14912473,3.9838154,0.0014819761,0.0,0.3264762,0.0,1.3539357,4.0454087,0.0,0.58862936,0.0,0.0,0.58862936,0.5766023,0.014460601,1.0,0.0,lookahead,fk_orig3_bm1-s0to100br1-s100to200br0-s200to300br2-s300to400br3
/work/T-REX/external/Proteina-Complexa/inference/search_binder_local_pipeline_32_PDL1_ALPHA_REPACK_v7_r004_cand_v7r004_hyp_0004_00_001_af7f7c76a908b/job_0_n_211_id_52_fk_orig0_bm1-s0to100br3-s100to200br2-s200to300br2-s300to400br0/job_0_n_211_id_52_fk_orig0_bm1-s0to100br3-s100to200br2-s200to300br2-s300to400br0.pdb,208,"2,0,13,16,19,16,19,14,11,3,10,18,19,19,6,18,7,15,2,12,16,9,6,4,11,13,14,19,6,11,5,10,3,10,0,0,10,9,19,18,17,6,12,6,3,11,2,9,9,5,13,19,8,7,6,6,3,10,11,19,5,8,15,15,18,1,5,1,0,1,10,10,11,3,5,10,15,10,7,2,0,0,10,5,9,16,3,19,11,10,5,3,0,7,19,18,1,4,12,9,15,18,7,7,0,3,18,11,1,9,16,19,11,19,2,0,15,15,10,6,10,0,11,6,11,10,10,5,6,19,11,6,11,16,3,3,3,9,18,2,10,19,11,11,10,10,6,2,14,11,3,0,3,0,10,2,6,10,10,10,1,10,11,0,16,14,6,3,2,6,10,19,2,3,9,10,2,0,11,15,6,6,6,0,9,19,2,10,0,13,10,10,8,11,18,11,10,9,15,16,0,16,13,3,10,19,10,11,0,0,11,0,0,0,0,0,0,0,0,0,0,0,0,0,0,0,0,0,0,0,0,0,0,0,0",-0.2253744,0.09337349,3.0,0.3561431,54.879784,0.3880122,1.0,0.3880122,0.16177438,0.3561431,0.0,0.0,0.3561431,0.0011372353,0.9066369,0.16177438,4.633927,1.488355,54.879784,-0.2253744,2.6551204,220.84477,0.32427397,0.32427397,1.0,220.84477,0.6860715,0.09336309,4.633927,0.0011372353,0.3880122,0.09337349,0.0,1.488355,2.6551204,0.32427397,0.2253744,0.0,0.3880122,0.2253744,0.804806,0.32427397,1.0,0.3561431,lookahead,fk_orig0_bm1-s0to100br3-s100to200br2-s200to300br2-s300to400br0
/work/T-REX/external/Proteina-Complexa/inference/search_binder_local_pipeline_32_PDL1_ALPHA_REPACK_v7_r004_cand_v7r004_hyp_0004_00_001_af7f7c76a908b/job_0_n_235_id_52_fk_orig1_bm0-s0to100br0-s100to200br3-s200to300br0-s300to400br0/job_0_n_235_id_52_fk_orig1_bm0-s0to100br0-s100to200br3-s200to300br0-s300to400br0.pdb,209,"2,0,13,16,19,16,19,14,11,3,10,18,19,19,6,18,7,15,2,12,16,9,6,4,11,13,14,19,6,11,5,10,3,10,0,0,10,9,19,18,17,6,12,6,3,11,2,9,9,5,13,19,8,7,6,6,3,10,11,19,5,8,15,15,18,1,5,1,0,1,10,10,11,3,5,10,15,10,7,2,0,0,10,5,9,16,3,19,11,10,5,3,0,7,19,18,1,4,12,9,15,18,7,7,0,3,18,11,1,9,16,19,11,19,2,0,2,0,13,16,19,16,19,14,11,3,10,18,19,19,6,18,7,15,2,12,16,9,6,4,11,13,14,19,6,11,5,10,3,10,0,0,10,9,19,18,17,6,12,6,3,11,2,9,9,5,13,19,8,7,6,6,3,10,11,19,5,8,15,15,18,1,5,1,0,1,10,10,11,3,5,10,15,10,7,2,0,0,10,5,9,16,3,19,11,10,5,3,0,7,19,18,1,4,12,9,15,18,7,7,0,3,18,11,1,9,16,19,11,19,2,0,19,15,3",-0.53229725,0.29873422,3.0,0.048578925,57.932693,0.051452305,1.0,0.051452305,0.32004747,0.012381001,0.0,0.0,0.048578925,0.010792253,0.8502561,0.32004747,4.3455014,1.3240411,57.932693,-0.53229725,3.9377675,198.8653,0.012201098,0.045705542,1.0,198.8653,0.26570436,0.14974394,4.3455014,0.010792253,0.012560905,0.29873422,0.0,1.3240411,3.9377675,0.012201098,0.53229725,0.0,0.012560905,0.53229725,0.5886586,0.045705542,1.0,0.012381001,lookahead,fk_orig1_bm0-s0to100br0-s100to200br3-s200to300br0-s300to400br0
/work/T-REX/external/Proteina-Complexa/inference/search_binder_local_pipeline_32_PDL1_ALPHA_REPACK_v7_r004_cand_v7r004_hyp_0004_00_001_af7f7c76a908b/job_0_n_184_id_52_fk_orig2_bm0-s0to100br3-s100to200br1-s200to300br1-s300to400br0/job_0_n_184_id_52_fk_orig2_bm0-s0to100br3-s100to200br1-s200to300br1-s300to400br0.pdb,210,"2,0,13,16,19,16,19,14,11,3,10,18,19,19,6,18,7,15,2,12,16,9,6,4,11,13,14,19,6,11,5,10,3,10,0,0,10,9,19,18,17,6,12,6,3,11,2,9,9,5,13,19,8,7,6,6,3,10,11,19,5,8,15,15,18,1,5,1,0,1,10,10,11,3,5,10,15,10,7,2,0,0,10,5,9,16,3,19,11,10,5,3,0,7,19,18,1,4,12,9,15,18,7,7,0,3,18,11,1,9,16,19,11,19,2,0,0,3,0,18,13,2,10,7,11,9,18,11,0,5,7,2,10,3,6,0,6,11,2,18,11,11,0,9,6,10,7,18,14,3,0,3,11,0,18,12,6,10,15,7,19,18,15,0,11,11,2,18,3,6,0,0,11,5,12,6,6,0,1,11,0,1,10,0,0,0,0,0,0,0,0,0,0,0,0,0,0,0,0,0,0,0,0,0,0,0,0,0,0,0,0,0,0,0,0,0,0,0,0,0,0,0,0,0,0,0,0,0,0,0,0,0,0,0,0",-0.17287949,0.06284713,3.0,0.49218607,32.978237,0.5846697,1.0,0.5846697,0.13220449,0.49218607,0.0,0.0,0.49218607,0.0013652698,0.93052614,0.13220449,2.0455842,1.299594,32.978237,-0.17287949,2.2172227,170.60602,0.3997024,0.3997024,1.0,170.60602,0.76402265,0.069473885,2.0455842,0.0013652698,0.5846697,0.06284713,0.0,1.299594,2.2172227,0.3997024,0.17287949,0.0,0.5846697,0.17287949,0.8482015,0.3997024,1.0,0.49218607,lookahead,fk_orig2_bm0-s0to100br3-s100to200br1-s200to300br1-s300to400br0
/work/T-REX/external/Proteina-Complexa/inference/search_binder_local_pipeline_32_PDL1_ALPHA_REPACK_v7_r004_cand_v7r004_hyp_0004_00_001_af7f7c76a908b/job_0_n_222_id_52_fk_orig3_bm1-s0to100br1-s100to200br3-s200to300br2-s300to400br0/job_0_n_222_id_52_fk_orig3_bm1-s0to100br1-s100to200br3-s200to300br2-s300to400br0.pdb,211,"2,0,13,16,19,16,19,14,11,3,10,18,19,19,6,18,7,15,2,12,16,9,6,4,11,13,14,19,6,11,5,10,3,10,0,0,10,9,19,18,17,6,12,6,3,11,2,9,9,5,13,19,8,7,6,6,3,10,11,19,5,8,15,15,18,1,5,1,0,1,10,10,11,3,5,10,15,10,7,2,0,0,10,5,9,16,3,19,11,10,5,3,0,7,19,18,1,4,12,9,15,18,7,7,0,3,18,11,1,9,16,19,11,19,2,0,10,11,19,16,0,14,0,10,19,15,7,16,19,7,7,15,19,16,10,14,4,11,13,2,19,14,5,15,3,19,9,15,19,10,17,11,7,14,2,3,19,2,19,10,16,18,15,2,7,5,19,16,18,15,3,15,13,11,7,1,0,6,13,3,14,11,2,7,3,0,15,10,11,10,15,3,10,11,10,6,3,15,7,19,18,6,4,10,19,13,0,11,16,7,19,3,15,0,11,9,16,10,3,19,11,0,0,0,0,0,0,0,0,0,0,0,0,0,0",-0.34406275,0.15327339,3.0,0.18366419,47.406223,0.18661991,1.0,0.18661991,0.22493552,0.15500179,0.0,0.0,0.18366419,0.0020060826,0.88389695,0.22493552,1.9044299,1.3839729,47.406223,-0.34406275,3.3883564,189.04588,0.1543182,0.18070847,1.0,189.04588,0.49999762,0.11610304,1.9044299,0.0020060826,0.15568537,0.15327339,0.0,1.3839729,3.3883564,0.1543182,0.34406275,0.0,0.15568537,0.34406275,0.71481955,0.18070847,1.0,0.15500179,lookahead,fk_orig3_bm1-s0to100br1-s100to200br3-s200to300br2-s300to400br0
/work/T-REX/external/Proteina-Complexa/inference/search_binder_local_pipeline_32_PDL1_ALPHA_REPACK_v7_r004_cand_v7r004_hyp_0004_00_001_af7f7c76a908b/job_0_n_211_id_53_fk_orig0_bm1-s0to100br3-s100to200br2-s200to300br2-s300to400br1/job_0_n_211_id_53_fk_orig0_bm1-s0to100br3-s100to200br2-s200to300br2-s300to400br1.pdb,212,"2,0,13,16,19,16,19,14,11,3,10,18,19,19,6,18,7,15,2,12,16,9,6,4,11,13,14,19,6,11,5,10,3,10,0,0,10,9,19,18,17,6,12,6,3,11,2,9,9,5,13,19,8,7,6,6,3,10,11,19,5,8,15,15,18,1,5,1,0,1,10,10,11,3,5,10,15,10,7,2,0,0,10,5,9,16,3,19,11,10,5,3,0,7,19,18,1,4,12,9,15,18,7,7,0,3,18,11,1,9,16,19,11,19,2,0,15,15,10,6,10,0,11,5,11,10,10,5,6,19,11,6,11,16,3,3,3,9,18,2,10,19,11,11,10,10,6,2,14,11,3,0,3,0,10,2,6,10,10,10,1,10,11,0,16,14,6,3,2,6,10,19,2,3,9,10,2,0,11,15,6,6,6,0,9,19,2,10,0,13,10,10,2,11,18,11,10,9,15,16,0,16,13,3,10,19,10,11,0,0,11,0,0,0,0,0,0,0,0,0,0,0,0,0,0,0,0,0,0,0,0,0,0,0,0",-0.22516903,0.0922465,3.0,0.35676807,53.3776,0.3847048,1.0,0.3847048,0.16092807,0.35676807,0.0,0.0,0.35676807,0.0009942582,0.9111521,0.16092807,3.9006908,1.4676794,53.3776,-0.22516903,2.5803633,220.18604,0.32883137,0.32883137,1.0,220.18604,0.6953511,0.088847876,3.9006908,0.0009942582,0.3847048,0.0922465,0.0,1.4676794,2.5803633,0.32883137,0.22516903,0.0,0.3847048,0.22516903,0.80977595,0.32883137,1.0,0.35676807,lookahead,fk_orig0_bm1-s0to100br3-s100to200br2-s200to300br2-s300to400br1
/work/T-REX/external/Proteina-Complexa/inference/search_binder_local_pipeline_32_PDL1_ALPHA_REPACK_v7_r004_cand_v7r004_hyp_0004_00_001_af7f7c76a908b/job_0_n_235_id_53_fk_orig1_bm0-s0to100br0-s100to200br3-s200to300br0-s300to400br1/job_0_n_235_id_53_fk_orig1_bm0-s0to100br0-s100to200br3-s200to300br0-s300to400br1.pdb,213,"2,0,13,16,19,16,19,14,11,3,10,18,19,19,6,18,7,15,2,12,16,9,6,4,11,13,14,19,6,11,5,10,3,10,0,0,10,9,19,18,17,6,12,6,3,11,2,9,9,5,13,19,8,7,6,6,3,10,11,19,5,8,15,15,18,1,5,1,0,1,10,10,11,3,5,10,15,10,7,2,0,0,10,5,9,16,3,19,11,10,5,3,0,7,19,18,1,4,12,9,15,18,7,7,0,3,18,11,1,9,16,19,11,19,2,0,2,0,13,16,19,16,19,14,11,3,10,18,19,19,6,18,7,15,2,12,16,9,6,4,11,13,14,19,6,11,5,10,3,10,0,0,10,9,19,18,17,6,12,6,3,11,2,9,9,5,13,19,8,7,6,6,3,10,11,19,5,8,15,15,18,1,5,1,0,1,10,10,11,3,5,10,15,10,7,2,0,0,10,5,9,16,3,19,11,10,5,3,0,7,19,18,1,4,12,9,15,18,7,7,0,3,18,11,1,9,16,19,11,19,2,0,19,15,3",-0.532602,0.29903212,3.0,0.048120514,57.861946,0.051512707,1.0,0.051512707,0.32013822,0.01241481,0.0,0.0,0.048120514,0.010596216,0.85109806,0.32013822,4.1724467,1.3239145,57.861946,-0.532602,3.9384377,199.27205,0.012079595,0.04472832,1.0,199.27205,0.2665163,0.14890197,4.1724467,0.010596216,0.012750026,0.29903212,0.0,1.3239145,3.9384377,0.012079595,0.532602,0.0,0.012750026,0.532602,0.58930194,0.04472832,1.0,0.01241481,lookahead,fk_orig1_bm0-s0to100br0-s100to200br3-s200to300br0-s300to400br1
/work/T-REX/external/Proteina-Complexa/inference/search_binder_local_pipeline_32_PDL1_ALPHA_REPACK_v7_r004_cand_v7r004_hyp_0004_00_001_af7f7c76a908b/job_0_n_184_id_53_fk_orig2_bm0-s0to100br3-s100to200br1-s200to300br1-s300to400br1/job_0_n_184_id_53_fk_orig2_bm0-s0to100br3-s100to200br1-s200to300br1-s300to400br1.pdb,214,"2,0,13,16,19,16,19,14,11,3,10,18,19,19,6,18,7,15,2,12,16,9,6,4,11,13,14,19,6,11,5,10,3,10,0,0,10,9,19,18,17,6,12,6,3,11,2,9,9,5,13,19,8,7,6,6,3,10,11,19,5,8,15,15,18,1,5,1,0,1,10,10,11,3,5,10,15,10,7,2,0,0,10,5,9,16,3,19,11,10,5,3,0,7,19,18,1,4,12,9,15,18,7,7,0,3,18,11,1,9,16,19,11,19,2,0,0,3,0,18,13,2,10,7,11,9,18,11,0,5,7,2,10,3,6,0,6,11,2,18,11,11,0,9,6,10,7,18,14,3,0,3,11,0,18,12,6,10,15,7,19,18,15,0,11,11,2,18,3,6,0,0,11,5,12,6,6,0,1,11,0,1,10,0,0,0,0,0,0,0,0,0,0,0,0,0,0,0,0,0,0,0,0,0,0,0,0,0,0,0,0,0,0,0,0,0,0,0,0,0,0,0,0,0,0,0,0,0,0,0,0,0,0,0,0",-0.17313486,0.06297183,3.0,0.49134657,32.433804,0.5830529,1.0,0.5830529,0.13247849,0.49134657,0.0,0.0,0.49134657,0.0014129,0.9303007,0.13247849,1.9915305,1.3058171,32.433804,-0.17313486,2.2188847,168.27382,0.39964026,0.39964026,1.0,168.27382,0.7633157,0.06969929,1.9915305,0.0014129,0.5830529,0.06297183,0.0,1.3058171,2.2188847,0.39964026,0.17313486,0.0,0.5830529,0.17313486,0.84840685,0.39964026,1.0,0.49134657,lookahead,fk_orig2_bm0-s0to100br3-s100to200br1-s200to300br1-s300to400br1
/work/T-REX/external/Proteina-Complexa/inference/search_binder_local_pipeline_32_PDL1_ALPHA_REPACK_v7_r004_cand_v7r004_hyp_0004_00_001_af7f7c76a908b/job_0_n_222_id_53_fk_orig3_bm1-s0to100br1-s100to200br3-s200to300br2-s300to400br1/job_0_n_222_id_53_fk_orig3_bm1-s0to100br1-s100to200br3-s200to300br2-s300to400br1.pdb,215,"2,0,13,16,19,16,19,14,11,3,10,18,19,19,6,18,7,15,2,12,16,9,6,4,11,13,14,19,6,11,5,10,3,10,0,0,10,9,19,18,17,6,12,6,3,11,2,9,9,5,13,19,8,7,6,6,3,10,11,19,5,8,15,15,18,1,5,1,0,1,10,10,11,3,5,10,15,10,7,2,0,0,10,5,9,16,3,19,11,10,5,3,0,7,19,18,1,4,12,9,15,18,7,7,0,3,18,11,1,9,16,19,11,19,2,0,10,11,19,16,0,14,0,10,19,15,7,16,19,7,7,15,19,16,10,14,4,11,13,2,19,14,5,15,3,19,9,15,19,10,17,11,7,14,2,3,19,2,19,10,16,18,15,2,7,5,19,16,18,15,3,15,13,11,7,1,0,6,13,3,14,11,2,7,3,0,15,10,11,10,15,3,10,11,10,6,3,15,7,19,18,6,4,10,19,13,0,11,16,7,19,3,15,0,11,9,16,10,3,19,11,0,0,0,0,0,0,0,0,0,0,0,0,0,0",-0.40252504,0.19012623,3.0,0.13104703,49.29147,0.1318668,1.0,0.1318668,0.2557911,0.07107633,0.0,0.0,0.13104703,0.0020670902,0.8717208,0.2557911,2.0775828,1.3888172,49.29147,-0.40252504,3.5308373,195.796,0.0658509,0.13022725,1.0,195.796,0.4170313,0.12827922,2.0775828,0.0020670902,0.07630176,0.19012623,0.0,1.3888172,3.5308373,0.0658509,0.40252504,0.0,0.07630176,0.40252504,0.67352855,0.13022725,1.0,0.07107633,lookahead,fk_orig3_bm1-s0to100br1-s100to200br3-s200to300br2-s300to400br1
/work/T-REX/external/Proteina-Complexa/inference/search_binder_local_pipeline_32_PDL1_ALPHA_REPACK_v7_r004_cand_v7r004_hyp_0004_00_001_af7f7c76a908b/job_0_n_211_id_54_fk_orig0_bm1-s0to100br3-s100to200br2-s200to300br2-s300to400br2/job_0_n_211_id_54_fk_orig0_bm1-s0to100br3-s100to200br2-s200to300br2-s300to400br2.pdb,216,"2,0,13,16,19,16,19,14,11,3,10,18,19,19,6,18,7,15,2,12,16,9,6,4,11,13,14,19,6,11,5,10,3,10,0,0,10,9,19,18,17,6,12,6,3,11,2,9,9,5,13,19,8,7,6,6,3,10,11,19,5,8,15,15,18,1,5,1,0,1,10,10,11,3,5,10,15,10,7,2,0,0,10,5,9,16,3,19,11,10,5,3,0,7,19,18,1,4,12,9,15,18,7,7,0,3,18,11,1,9,16,19,11,19,2,0,15,15,10,6,10,0,11,6,11,10,10,5,6,19,11,6,11,16,3,3,3,9,18,2,10,19,11,11,10,10,6,2,14,11,3,0,3,0,10,2,6,10,10,10,1,10,11,0,16,14,6,3,2,6,10,19,2,3,9,10,2,0,11,15,6,6,6,0,9,19,2,10,0,13,10,10,8,11,18,11,10,9,15,16,0,16,13,3,10,19,10,11,0,0,11,0,0,0,0,0,0,0,0,0,0,0,0,0,0,0,0,0,0,0,0,0,0,0,0",-0.22528851,0.092732765,3.0,0.3569528,56.470287,0.3886653,1.0,0.3886653,0.16177772,0.3569528,0.0,0.0,0.3569528,0.0011212192,0.9066286,0.16177772,4.619139,1.489734,56.470287,-0.22528851,2.655905,226.81453,0.3252403,0.3252403,1.0,226.81453,0.6858017,0.093371384,4.619139,0.0011212192,0.3886653,0.092732765,0.0,1.489734,2.655905,0.3252403,0.22528851,0.0,0.3886653,0.22528851,0.8048862,0.3252403,1.0,0.3569528,lookahead,fk_orig0_bm1-s0to100br3-s100to200br2-s200to300br2-s300to400br2
/work/T-REX/external/Proteina-Complexa/inference/search_binder_local_pipeline_32_PDL1_ALPHA_REPACK_v7_r004_cand_v7r004_hyp_0004_00_001_af7f7c76a908b/job_0_n_235_id_54_fk_orig1_bm0-s0to100br0-s100to200br3-s200to300br0-s300to400br2/job_0_n_235_id_54_fk_orig1_bm0-s0to100br0-s100to200br3-s200to300br0-s300to400br2.pdb,217,"2,0,13,16,19,16,19,14,11,3,10,18,19,19,6,18,7,15,2,12,16,9,6,4,11,13,14,19,6,11,5,10,3,10,0,0,10,9,19,18,17,6,12,6,3,11,2,9,9,5,13,19,8,7,6,6,3,10,11,19,5,8,15,15,18,1,5,1,0,1,10,10,11,3,5,10,15,10,7,2,0,0,10,5,9,16,3,19,11,10,5,3,0,7,19,18,1,4,12,9,15,18,7,7,0,3,18,11,1,9,16,19,11,19,2,0,2,0,13,16,19,16,19,14,11,3,10,18,19,19,6,18,7,15,2,12,16,9,6,4,11,13,14,19,6,11,5,10,3,10,0,0,10,9,19,18,17,6,12,6,3,11,2,9,9,5,13,19,8,7,6,6,3,10,11,19,5,8,15,15,18,1,5,1,0,1,10,10,11,3,5,10,15,10,7,2,0,0,10,5,9,16,3,19,11,10,5,3,0,7,19,18,1,4,12,9,15,18,7,7,0,3,18,11,1,9,16,19,11,19,2,0,19,15,3",-0.5338897,0.29910806,3.0,0.04698001,57.43729,0.049418587,1.0,0.049418587,0.32056832,0.012341274,0.0,0.0,0.04698001,0.010812618,0.8510707,0.32056832,4.227711,1.3223037,57.43729,-0.5338897,3.9426353,197.71727,0.012096228,0.04454143,1.0,197.71727,0.26415163,0.14892931,4.227711,0.010812618,0.01258632,0.29910806,0.0,1.3223037,3.9426353,0.012096228,0.5338897,0.0,0.01258632,0.5338897,0.5882356,0.04454143,1.0,0.012341274,lookahead,fk_orig1_bm0-s0to100br0-s100to200br3-s200to300br0-s300to400br2
/work/T-REX/external/Proteina-Complexa/inference/search_binder_local_pipeline_32_PDL1_ALPHA_REPACK_v7_r004_cand_v7r004_hyp_0004_00_001_af7f7c76a908b/job_0_n_184_id_54_fk_orig2_bm0-s0to100br3-s100to200br1-s200to300br1-s300to400br2/job_0_n_184_id_54_fk_orig2_bm0-s0to100br3-s100to200br1-s200to300br1-s300to400br2.pdb,218,"2,0,13,16,19,16,19,14,11,3,10,18,19,19,6,18,7,15,2,12,16,9,6,4,11,13,14,19,6,11,5,10,3,10,0,0,10,9,19,18,17,6,12,6,3,11,2,9,9,5,13,19,8,7,6,6,3,10,11,19,5,8,15,15,18,1,5,1,0,1,10,10,11,3,5,10,15,10,7,2,0,0,10,5,9,16,3,19,11,10,5,3,0,7,19,18,1,4,12,9,15,18,7,7,0,3,18,11,1,9,16,19,11,19,2,0,0,3,0,18,13,2,10,7,11,9,18,11,0,5,7,2,10,3,6,0,6,11,2,18,11,11,0,9,6,10,7,18,14,3,0,3,11,0,18,12,6,10,15,7,19,18,15,0,11,11,2,18,3,6,0,0,11,5,12,6,6,0,1,11,0,1,10,0,0,0,0,0,0,0,0,0,0,0,0,0,0,0,0,0,0,0,0,0,0,0,0,0,0,0,0,0,0,0,0,0,0,0,0,0,0,0,0,0,0,0,0,0,0,0,0,0,0,0,0",-0.17083761,0.060965452,3.0,0.49867564,31.855875,0.5896649,1.0,0.5896649,0.13092236,0.49867564,0.0,0.0,0.49867564,0.0013931833,0.93119144,0.13092236,1.9257413,1.3021597,31.855875,-0.17083761,2.2055557,163.6723,0.4076864,0.4076864,1.0,163.6723,0.7661294,0.068808585,1.9257413,0.0013931833,0.5896649,0.060965452,0.0,1.3021597,2.2055557,0.4076864,0.17083761,0.0,0.5896649,0.17083761,0.8500383,0.4076864,1.0,0.49867564,lookahead,fk_orig2_bm0-s0to100br3-s100to200br1-s200to300br1-s300to400br2
/work/T-REX/external/Proteina-Complexa/inference/search_binder_local_pipeline_32_PDL1_ALPHA_REPACK_v7_r004_cand_v7r004_hyp_0004_00_001_af7f7c76a908b/job_0_n_222_id_54_fk_orig3_bm1-s0to100br1-s100to200br3-s200to300br2-s300to400br2/job_0_n_222_id_54_fk_orig3_bm1-s0to100br1-s100to200br3-s200to300br2-s300to400br2.pdb,219,"2,0,13,16,19,16,19,14,11,3,10,18,19,19,6,18,7,15,2,12,16,9,6,4,11,13,14,19,6,11,5,10,3,10,0,0,10,9,19,18,17,6,12,6,3,11,2,9,9,5,13,19,8,7,6,6,3,10,11,19,5,8,15,15,18,1,5,1,0,1,10,10,11,3,5,10,15,10,7,2,0,0,10,5,9,16,3,19,11,10,5,3,0,7,19,18,1,4,12,9,15,18,7,7,0,3,18,11,1,9,16,19,11,19,2,0,10,11,19,16,0,14,0,10,19,15,7,16,19,7,7,15,19,16,10,14,4,11,13,2,19,14,5,15,3,19,9,15,19,10,17,11,7,14,2,3,19,2,19,10,16,18,15,2,7,5,19,16,18,15,3,15,13,11,7,1,0,6,13,3,14,11,2,7,3,0,15,10,11,10,15,3,10,11,10,6,3,15,7,19,18,6,4,10,19,13,0,11,16,7,19,3,15,0,11,9,16,10,3,19,11,0,0,0,0,0,0,0,0,0,0,0,0,0,0",-0.3740333,0.16950633,3.0,0.15496545,50.457863,0.15755406,1.0,0.15755406,0.24061538,0.110117644,0.0,0.0,0.15496545,0.0020274497,0.87824816,0.24061538,1.9568888,1.3864726,50.457863,-0.3740333,3.4624572,194.03836,0.10962123,0.15237683,1.0,194.03836,0.45626962,0.12175183,1.9568888,0.0020274497,0.11061406,0.16950633,0.0,1.3864726,3.4624572,0.10962123,0.3740333,0.0,0.11061406,0.3740333,0.6924174,0.15237683,1.0,0.110117644,lookahead,fk_orig3_bm1-s0to100br1-s100to200br3-s200to300br2-s300to400br2
/work/T-REX/external/Proteina-Complexa/inference/search_binder_local_pipeline_32_PDL1_ALPHA_REPACK_v7_r004_cand_v7r004_hyp_0004_00_001_af7f7c76a908b/job_0_n_211_id_55_fk_orig0_bm1-s0to100br3-s100to200br2-s200to300br2-s300to400br3/job_0_n_211_id_55_fk_orig0_bm1-s0to100br3-s100to200br2-s200to300br2-s300to400br3.pdb,220,"2,0,13,16,19,16,19,14,11,3,10,18,19,19,6,18,7,15,2,12,16,9,6,4,11,13,14,19,6,11,5,10,3,10,0,0,10,9,19,18,17,6,12,6,3,11,2,9,9,5,13,19,8,7,6,6,3,10,11,19,5,8,15,15,18,1,5,1,0,1,10,10,11,3,5,10,15,10,7,2,0,0,10,5,9,16,3,19,11,10,5,3,0,7,19,18,1,4,12,9,15,18,7,7,0,3,18,11,1,9,16,19,11,19,2,0,15,15,10,6,10,0,11,5,11,10,10,5,6,19,11,6,11,16,3,3,3,9,18,2,10,19,11,11,10,10,6,2,14,11,3,0,3,0,10,2,6,10,10,10,1,10,11,0,16,14,6,3,2,6,10,19,2,3,9,10,2,0,11,15,6,6,6,0,9,19,2,10,0,13,10,10,2,11,18,11,10,9,15,16,0,16,13,3,10,19,10,11,0,0,11,0,0,0,0,0,0,0,0,0,0,0,0,0,0,0,0,0,0,0,0,0,0,0,0",-0.22690019,0.094235666,3.0,0.35127145,52.719597,0.37855044,1.0,0.37855044,0.16190055,0.35127145,0.0,0.0,0.35127145,0.0009940531,0.9106629,0.16190055,3.8346577,1.4678252,52.719597,-0.22690019,2.5880265,217.682,0.3239925,0.3239925,1.0,217.682,0.691702,0.08933708,3.8346577,0.0009940531,0.37855044,0.094235666,0.0,1.4678252,2.5880265,0.3239925,0.22690019,0.0,0.37855044,0.22690019,0.8078108,0.3239925,1.0,0.35127145,lookahead,fk_orig0_bm1-s0to100br3-s100to200br2-s200to300br2-s300to400br3
/work/T-REX/external/Proteina-Complexa/inference/search_binder_local_pipeline_32_PDL1_ALPHA_REPACK_v7_r004_cand_v7r004_hyp_0004_00_001_af7f7c76a908b/job_0_n_235_id_55_fk_orig1_bm0-s0to100br0-s100to200br3-s200to300br0-s300to400br3/job_0_n_235_id_55_fk_orig1_bm0-s0to100br0-s100to200br3-s200to300br0-s300to400br3.pdb,221,"2,0,13,16,19,16,19,14,11,3,10,18,19,19,6,18,7,15,2,12,16,9,6,4,11,13,14,19,6,11,5,10,3,10,0,0,10,9,19,18,17,6,12,6,3,11,2,9,9,5,13,19,8,7,6,6,3,10,11,19,5,8,15,15,18,1,5,1,0,1,10,10,11,3,5,10,15,10,7,2,0,0,10,5,9,16,3,19,11,10,5,3,0,7,19,18,1,4,12,9,15,18,7,7,0,3,18,11,1,9,16,19,11,19,2,0,2,0,13,16,19,16,19,14,11,3,10,18,19,19,6,18,7,15,2,12,16,9,6,4,11,13,14,19,6,11,5,10,3,10,0,0,10,9,19,18,17,6,12,6,3,11,2,9,9,5,13,19,8,7,6,6,3,10,11,19,5,8,15,15,18,1,5,1,0,1,10,10,11,3,5,10,15,10,7,2,0,0,10,5,9,16,3,19,11,10,5,3,0,7,19,18,1,4,12,9,15,18,7,7,0,3,18,11,1,9,16,19,11,19,2,0,19,2,3",-0.5289961,0.2947859,3.0,0.04911952,56.669777,0.051913023,1.0,0.051913023,0.31831285,0.012498336,0.0,0.0,0.04911952,0.012115706,0.85062283,0.31831285,4.1531954,1.3282243,56.669777,-0.5289961,3.9325564,197.43341,0.012308381,0.04632602,1.0,197.43341,0.26901257,0.14937717,4.1531954,0.012115706,0.012688292,0.2947859,0.0,1.3282243,3.9325564,0.012308381,0.5289961,0.0,0.012688292,0.5289961,0.5907282,0.04632602,1.0,0.012498336,lookahead,fk_orig1_bm0-s0to100br0-s100to200br3-s200to300br0-s300to400br3
/work/T-REX/external/Proteina-Complexa/inference/search_binder_local_pipeline_32_PDL1_ALPHA_REPACK_v7_r004_cand_v7r004_hyp_0004_00_001_af7f7c76a908b/job_0_n_184_id_55_fk_orig2_bm0-s0to100br3-s100to200br1-s200to300br1-s300to400br3/job_0_n_184_id_55_fk_orig2_bm0-s0to100br3-s100to200br1-s200to300br1-s300to400br3.pdb,222,"2,0,13,16,19,16,19,14,11,3,10,18,19,19,6,18,7,15,2,12,16,9,6,4,11,13,14,19,6,11,5,10,3,10,0,0,10,9,19,18,17,6,12,6,3,11,2,9,9,5,13,19,8,7,6,6,3,10,11,19,5,8,15,15,18,1,5,1,0,1,10,10,11,3,5,10,15,10,7,2,0,0,10,5,9,16,3,19,11,10,5,3,0,7,19,18,1,4,12,9,15,18,7,7,0,3,18,11,1,9,16,19,11,19,2,0,0,3,0,18,13,2,10,7,11,9,18,11,0,5,7,2,10,3,6,0,6,11,2,18,11,11,0,9,6,10,7,18,14,3,0,3,11,0,18,12,6,10,15,7,19,18,15,0,11,11,2,18,3,6,0,0,11,5,12,6,6,0,1,11,0,1,10,0,0,0,0,0,0,0,0,0,0,0,0,0,0,0,0,0,0,0,0,0,0,0,0,0,0,0,0,0,0,0,0,0,0,0,0,0,0,0,0,0,0,0,0,0,0,0,0,0,0,0,0",-0.17348413,0.06313804,3.0,0.48978558,32.865585,0.581654,1.0,0.581654,0.13263367,0.48978558,0.0,0.0,0.48978558,0.0013837,0.9301988,0.13263367,2.0120397,1.302963,32.865585,-0.17348413,2.2229714,167.15387,0.39791715,0.39791715,1.0,167.15387,0.7628619,0.06980124,2.0120397,0.0013837,0.581654,0.06313804,0.0,1.302963,2.2229714,0.39791715,0.17348413,0.0,0.581654,0.17348413,0.8480441,0.39791715,1.0,0.48978558,lookahead,fk_orig2_bm0-s0to100br3-s100to200br1-s200to300br1-s300to400br3
/work/T-REX/external/Proteina-Complexa/inference/search_binder_local_pipeline_32_PDL1_ALPHA_REPACK_v7_r004_cand_v7r004_hyp_0004_00_001_af7f7c76a908b/job_0_n_222_id_55_fk_orig3_bm1-s0to100br1-s100to200br3-s200to300br2-s300to400br3/job_0_n_222_id_55_fk_orig3_bm1-s0to100br1-s100to200br3-s200to300br2-s300to400br3.pdb,223,"2,0,13,16,19,16,19,14,11,3,10,18,19,19,6,18,7,15,2,12,16,9,6,4,11,13,14,19,6,11,5,10,3,10,0,0,10,9,19,18,17,6,12,6,3,11,2,9,9,5,13,19,8,7,6,6,3,10,11,19,5,8,15,15,18,1,5,1,0,1,10,10,11,3,5,10,15,10,7,2,0,0,10,5,9,16,3,19,11,10,5,3,0,7,19,18,1,4,12,9,15,18,7,7,0,3,18,11,1,9,16,19,11,19,2,0,10,16,19,16,0,14,0,10,19,15,7,16,19,7,7,15,19,16,10,14,4,11,13,2,19,14,5,15,3,19,9,15,19,10,17,11,7,14,2,3,19,2,19,10,16,18,15,2,7,5,19,16,18,15,3,15,13,11,7,1,0,6,13,3,14,11,2,7,3,0,15,10,11,10,15,3,10,11,10,6,3,15,7,19,18,6,4,10,19,13,0,11,16,7,19,3,15,0,11,9,16,10,3,19,11,0,0,0,0,0,0,0,0,0,0,0,0,0,0",-0.576282,0.28528693,3.0,0.027355991,109.98871,0.027570102,1.0,0.027570102,0.34699348,0.012512598,0.0,0.0,0.027355991,0.002062112,0.8439448,0.34699348,11.01096,1.3935288,109.98871,-0.576282,3.9892435,218.68288,0.0123407245,0.027141878,1.0,218.68288,0.21034712,0.1560552,11.01096,0.002062112,0.012684471,0.28528693,0.0,1.3935288,3.9892435,0.0123407245,0.576282,0.0,0.012684471,0.576282,0.575955,0.027141878,1.0,0.012512598,lookahead,fk_orig3_bm1-s0to100br1-s100to200br3-s200to300br2-s300to400br3
/work/T-REX/external/Proteina-Complexa/inference/search_binder_local_pipeline_32_PDL1_ALPHA_REPACK_v7_r004_cand_v7r004_hyp_0004_00_001_af7f7c76a908b/job_0_n_211_id_56_fk_orig0_bm1-s0to100br3-s100to200br1-s200to300br0-s300to400br0/job_0_n_211_id_56_fk_orig0_bm1-s0to100br3-s100to200br1-s200to300br0-s300to400br0.pdb,224,"2,0,13,16,19,16,19,14,11,3,10,18,19,19,6,18,7,15,2,12,16,9,6,4,11,13,14,19,6,11,5,10,3,10,0,0,10,9,19,18,17,6,12,6,3,11,2,9,9,5,13,19,8,7,6,6,3,10,11,19,5,8,15,15,18,1,5,1,0,1,10,10,11,3,5,10,15,10,7,2,0,0,10,5,9,16,3,19,11,10,5,3,0,7,19,18,1,4,12,9,15,18,7,7,0,3,18,11,1,9,16,19,11,19,2,0,15,19,19,3,2,19,10,3,11,0,9,5,1,0,11,6,0,7,2,14,19,0,0,6,10,19,1,12,9,11,15,7,11,0,15,6,15,5,9,10,0,10,10,6,5,10,7,0,15,0,15,16,5,3,10,0,1,3,19,19,11,15,11,18,6,16,16,1,9,1,15,10,7,13,10,10,8,0,10,7,10,0,16,19,3,3,19,0,0,10,12,11,18,11,14,0,0,0,0,0,0,0,0,0,0,0,0,0,0,0,0,0,0,0,0,0,0,0,0",-0.19226314,0.066757105,3.0,0.4934113,42.33026,0.52868634,1.0,0.52868634,0.14604223,0.4934113,0.0,0.0,0.4934113,0.0011997286,0.9029014,0.14604223,1.8897449,1.53088,42.33026,-0.19226314,2.3707306,192.17503,0.45813626,0.45813626,1.0,192.17503,0.7580006,0.09709857,1.8897449,0.0011997286,0.52868634,0.066757105,0.0,1.53088,2.3707306,0.45813626,0.19226314,0.0,0.52868634,0.19226314,0.8373334,0.45813626,1.0,0.4934113,lookahead,fk_orig0_bm1-s0to100br3-s100to200br1-s200to300br0-s300to400br0
/work/T-REX/external/Proteina-Complexa/inference/search_binder_local_pipeline_32_PDL1_ALPHA_REPACK_v7_r004_cand_v7r004_hyp_0004_00_001_af7f7c76a908b/job_0_n_235_id_56_fk_orig1_bm0-s0to100br0-s100to200br0-s200to300br3-s300to400br0/job_0_n_235_id_56_fk_orig1_bm0-s0to100br0-s100to200br0-s200to300br3-s300to400br0.pdb,225,"2,0,13,16,19,16,19,14,11,3,10,18,19,19,6,18,7,15,2,12,16,9,6,4,11,13,14,19,6,11,5,10,3,10,0,0,10,9,19,18,17,6,12,6,3,11,2,9,9,5,13,19,8,7,6,6,3,10,11,19,5,8,15,15,18,1,5,1,0,1,10,10,11,3,5,10,15,10,7,2,0,0,10,5,9,16,3,19,11,10,5,3,0,7,19,18,1,4,12,9,15,18,7,7,0,3,18,11,1,9,16,19,11,19,2,0,2,0,13,16,19,16,19,14,11,3,10,18,19,19,6,18,7,15,2,12,16,9,6,4,11,13,14,19,6,11,5,10,3,10,0,0,10,9,19,18,17,6,12,6,3,11,2,9,9,5,13,19,8,7,6,6,3,10,11,19,5,8,15,15,18,1,5,1,0,1,10,10,11,3,5,10,15,10,7,2,0,0,10,5,9,16,3,19,11,10,5,3,0,7,19,18,1,4,12,9,15,18,7,7,0,3,18,11,1,9,16,19,11,19,2,0,14,15,15",-0.52861005,0.29551935,3.0,0.04888761,58.632973,0.051180057,1.0,0.051180057,0.31517667,0.012500849,0.0,0.0,0.04888761,0.0091846865,0.8554281,0.31517667,4.6219797,1.3028195,58.632973,-0.52861005,3.9424436,193.48898,0.012109868,0.04659516,1.0,193.48898,0.2655467,0.14457193,4.6219797,0.0091846865,0.012891828,0.29551935,0.0,1.3028195,3.9424436,0.012109868,0.52861005,0.0,0.012891828,0.52861005,0.59106946,0.04659516,1.0,0.012500849,lookahead,fk_orig1_bm0-s0to100br0-s100to200br0-s200to300br3-s300to400br0
/work/T-REX/external/Proteina-Complexa/inference/search_binder_local_pipeline_32_PDL1_ALPHA_REPACK_v7_r004_cand_v7r004_hyp_0004_00_001_af7f7c76a908b/job_0_n_184_id_56_fk_orig2_bm0-s0to100br3-s100to200br1-s200to300br3-s300to400br0/job_0_n_184_id_56_fk_orig2_bm0-s0to100br3-s100to200br1-s200to300br3-s300to400br0.pdb,226,"2,0,13,16,19,16,19,14,11,3,10,18,19,19,6,18,7,15,2,12,16,9,6,4,11,13,14,19,6,11,5,10,3,10,0,0,10,9,19,18,17,6,12,6,3,11,2,9,9,5,13,19,8,7,6,6,3,10,11,19,5,8,15,15,18,1,5,1,0,1,10,10,11,3,5,10,15,10,7,2,0,0,10,5,9,16,3,19,11,10,5,3,0,7,19,18,1,4,12,9,15,18,7,7,0,3,18,11,1,9,16,19,11,19,2,0,0,10,0,8,13,2,10,7,2,19,18,11,15,5,7,2,10,3,6,0,6,11,6,18,11,11,0,9,6,10,2,18,14,3,0,3,11,0,18,10,6,10,15,0,19,18,15,5,11,11,2,18,3,6,0,0,11,12,12,6,6,0,1,11,0,1,10,0,0,0,0,0,0,0,0,0,0,0,0,0,0,0,0,0,0,0,0,0,0,0,0,0,0,0,0,0,0,0,0,0,0,0,0,0,0,0,0,0,0,0,0,0,0,0,0,0,0,0,0",-0.16931756,0.06288032,3.0,0.4974615,34.985157,0.5793216,1.0,0.5793216,0.1300522,0.4974615,0.0,0.0,0.4974615,0.001301712,0.93199295,0.1300522,2.3845854,1.3031225,34.985157,-0.16931756,2.211817,164.697,0.41560134,0.41560134,1.0,164.697,0.7628691,0.06800704,2.3845854,0.001301712,0.5793216,0.06288032,0.0,1.3031225,2.211817,0.41560134,0.16931756,0.0,0.5793216,0.16931756,0.8518899,0.41560134,1.0,0.4974615,lookahead,fk_orig2_bm0-s0to100br3-s100to200br1-s200to300br3-s300to400br0
/work/T-REX/external/Proteina-Complexa/inference/search_binder_local_pipeline_32_PDL1_ALPHA_REPACK_v7_r004_cand_v7r004_hyp_0004_00_001_af7f7c76a908b/job_0_n_222_id_56_fk_orig3_bm1-s0to100br1-s100to200br2-s200to300br3-s300to400br0/job_0_n_222_id_56_fk_orig3_bm1-s0to100br1-s100to200br2-s200to300br3-s300to400br0.pdb,227,"2,0,13,16,19,16,19,14,11,3,10,18,19,19,6,18,7,15,2,12,16,9,6,4,11,13,14,19,6,11,5,10,3,10,0,0,10,9,19,18,17,6,12,6,3,11,2,9,9,5,13,19,8,7,6,6,3,10,11,19,5,8,15,15,18,1,5,1,0,1,10,10,11,3,5,10,15,10,7,2,0,0,10,5,9,16,3,19,11,10,5,3,0,7,19,18,1,4,12,9,15,18,7,7,0,3,18,11,1,9,16,19,11,19,2,0,10,19,19,16,0,14,11,15,19,15,7,16,11,7,7,15,19,16,10,14,4,11,19,15,11,16,10,16,15,14,18,15,9,15,17,11,7,14,2,3,19,2,19,10,16,18,15,15,7,5,16,16,18,13,7,3,13,11,7,1,0,15,10,2,14,11,2,7,3,0,15,10,11,10,15,2,10,11,10,15,3,15,7,16,18,16,4,10,19,0,3,0,15,7,9,0,3,11,11,9,15,10,15,19,11,0,0,0,0,0,0,0,0,0,0,0,0,0,0",-0.35163438,0.16390926,3.0,0.1737677,54.019413,0.17498808,1.0,0.17498808,0.23259507,0.13860954,0.0,0.0,0.1737677,0.0030781066,0.87645006,0.23259507,1.7330308,1.4329879,54.019413,-0.35163438,3.3068843,191.75734,0.13055347,0.17254733,1.0,191.75734,0.54151297,0.123549916,1.7330308,0.0030781066,0.14666562,0.16390926,0.0,1.4329879,3.3068843,0.13055347,0.35163438,0.0,0.14666562,0.35163438,0.72688633,0.17254733,1.0,0.13860954,lookahead,fk_orig3_bm1-s0to100br1-s100to200br2-s200to300br3-s300to400br0
/work/T-REX/external/Proteina-Complexa/inference/search_binder_local_pipeline_32_PDL1_ALPHA_REPACK_v7_r004_cand_v7r004_hyp_0004_00_001_af7f7c76a908b/job_0_n_211_id_57_fk_orig0_bm1-s0to100br3-s100to200br1-s200to300br0-s300to400br1/job_0_n_211_id_57_fk_orig0_bm1-s0to100br3-s100to200br1-s200to300br0-s300to400br1.pdb,228,"2,0,13,16,19,16,19,14,11,3,10,18,19,19,6,18,7,15,2,12,16,9,6,4,11,13,14,19,6,11,5,10,3,10,0,0,10,9,19,18,17,6,12,6,3,11,2,9,9,5,13,19,8,7,6,6,3,10,11,19,5,8,15,15,18,1,5,1,0,1,10,10,11,3,5,10,15,10,7,2,0,0,10,5,9,16,3,19,11,10,5,3,0,7,19,18,1,4,12,9,15,18,7,7,0,3,18,11,1,9,16,19,11,19,2,0,15,19,19,3,2,19,10,3,11,0,9,5,1,0,11,6,0,7,2,14,19,0,0,6,10,19,1,12,10,11,15,7,11,0,15,6,15,5,9,10,0,1,10,6,5,10,7,0,15,0,15,16,5,3,10,0,1,3,19,19,11,15,11,18,6,16,16,1,9,1,15,10,7,13,10,10,8,0,10,7,10,0,16,19,3,3,19,0,0,10,12,11,18,19,14,0,0,0,0,0,0,0,0,0,0,0,0,0,0,0,0,0,0,0,0,0,0,0,0",-0.17773414,0.060927667,3.0,0.53428227,36.759964,0.56878006,1.0,0.56878006,0.13554834,0.53428227,0.0,0.0,0.53428227,0.0010473208,0.9123907,0.13554834,1.8376853,1.4958285,36.759964,-0.17773414,2.3237946,185.788,0.49978447,0.49978447,1.0,185.788,0.770983,0.08760928,1.8376853,0.0010473208,0.56878006,0.060927667,0.0,1.4958285,2.3237946,0.49978447,0.17773414,0.0,0.56878006,0.17773414,0.8453374,0.49978447,1.0,0.53428227,lookahead,fk_orig0_bm1-s0to100br3-s100to200br1-s200to300br0-s300to400br1
/work/T-REX/external/Proteina-Complexa/inference/search_binder_local_pipeline_32_PDL1_ALPHA_REPACK_v7_r004_cand_v7r004_hyp_0004_00_001_af7f7c76a908b/job_0_n_235_id_57_fk_orig1_bm0-s0to100br0-s100to200br0-s200to300br3-s300to400br1/job_0_n_235_id_57_fk_orig1_bm0-s0to100br0-s100to200br0-s200to300br3-s300to400br1.pdb,229,"2,0,13,16,19,16,19,14,11,3,10,18,19,19,6,18,7,15,2,12,16,9,6,4,11,13,14,19,6,11,5,10,3,10,0,0,10,9,19,18,17,6,12,6,3,11,2,9,9,5,13,19,8,7,6,6,3,10,11,19,5,8,15,15,18,1,5,1,0,1,10,10,11,3,5,10,15,10,7,2,0,0,10,5,9,16,3,19,11,10,5,3,0,7,19,18,1,4,12,9,15,18,7,7,0,3,18,11,1,9,16,19,11,19,2,0,2,0,13,16,19,16,19,14,11,3,10,18,19,19,6,18,7,15,2,12,16,9,6,4,11,13,14,19,6,11,5,10,3,10,0,0,10,9,19,18,17,6,12,6,3,11,2,9,9,5,13,19,8,7,6,6,3,10,11,19,5,8,15,15,18,1,5,1,0,1,10,10,11,3,5,10,15,10,7,2,0,0,10,5,9,16,3,19,11,10,5,3,0,7,19,18,1,4,12,9,15,18,7,7,0,3,18,11,1,9,16,19,11,19,2,0,14,15,15",-0.5257402,0.29240727,3.0,0.04951126,60.620804,0.051767226,1.0,0.051767226,0.31363535,0.0125820935,0.0,0.0,0.04951126,0.0094174165,0.85589063,0.31363535,4.680815,1.3010675,60.620804,-0.5257402,3.933528,196.73125,0.012302568,0.0472553,1.0,196.73125,0.26698086,0.14410938,4.680815,0.0094174165,0.012861619,0.29240727,0.0,1.3010675,3.933528,0.012302568,0.5257402,0.0,0.012861619,0.5257402,0.59193164,0.0472553,1.0,0.0125820935,lookahead,fk_orig1_bm0-s0to100br0-s100to200br0-s200to300br3-s300to400br1
/work/T-REX/external/Proteina-Complexa/inference/search_binder_local_pipeline_32_PDL1_ALPHA_REPACK_v7_r004_cand_v7r004_hyp_0004_00_001_af7f7c76a908b/job_0_n_184_id_57_fk_orig2_bm0-s0to100br3-s100to200br1-s200to300br3-s300to400br1/job_0_n_184_id_57_fk_orig2_bm0-s0to100br3-s100to200br1-s200to300br3-s300to400br1.pdb,230,"2,0,13,16,19,16,19,14,11,3,10,18,19,19,6,18,7,15,2,12,16,9,6,4,11,13,14,19,6,11,5,10,3,10,0,0,10,9,19,18,17,6,12,6,3,11,2,9,9,5,13,19,8,7,6,6,3,10,11,19,5,8,15,15,18,1,5,1,0,1,10,10,11,3,5,10,15,10,7,2,0,0,10,5,9,16,3,19,11,10,5,3,0,7,19,18,1,4,12,9,15,18,7,7,0,3,18,11,1,9,16,19,11,19,2,0,0,10,0,8,13,2,10,7,2,19,18,11,15,5,7,2,10,3,6,0,6,11,6,18,11,11,0,9,6,10,2,18,14,3,0,3,11,0,18,10,6,10,15,7,19,18,15,5,11,11,2,18,3,6,0,0,11,12,12,6,6,0,1,11,0,1,10,0,0,0,0,0,0,0,0,0,0,0,0,0,0,0,0,0,0,0,0,0,0,0,0,0,0,0,0,0,0,0,0,0,0,0,0,0,0,0,0,0,0,0,0,0,0,0,0,0,0,0,0",-0.16103095,0.058829173,3.0,0.530926,33.09813,0.61292994,1.0,0.61292994,0.12493881,0.530926,0.0,0.0,0.530926,0.0014272876,0.93445957,0.12493881,1.9473538,1.3104398,33.09813,-0.16103095,2.1363566,155.30067,0.4489221,0.4489221,1.0,155.30067,0.77995735,0.06554041,1.9473538,0.0014272876,0.61292994,0.058829173,0.0,1.3104398,2.1363566,0.4489221,0.16103095,0.0,0.61292994,0.16103095,0.8577022,0.4489221,1.0,0.530926,lookahead,fk_orig2_bm0-s0to100br3-s100to200br1-s200to300br3-s300to400br1
/work/T-REX/external/Proteina-Complexa/inference/search_binder_local_pipeline_32_PDL1_ALPHA_REPACK_v7_r004_cand_v7r004_hyp_0004_00_001_af7f7c76a908b/job_0_n_222_id_57_fk_orig3_bm1-s0to100br1-s100to200br2-s200to300br3-s300to400br1/job_0_n_222_id_57_fk_orig3_bm1-s0to100br1-s100to200br2-s200to300br3-s300to400br1.pdb,231,"2,0,13,16,19,16,19,14,11,3,10,18,19,19,6,18,7,15,2,12,16,9,6,4,11,13,14,19,6,11,5,10,3,10,0,0,10,9,19,18,17,6,12,6,3,11,2,9,9,5,13,19,8,7,6,6,3,10,11,19,5,8,15,15,18,1,5,1,0,1,10,10,11,3,5,10,15,10,7,2,0,0,10,5,9,16,3,19,11,10,5,3,0,7,19,18,1,4,12,9,15,18,7,7,0,3,18,11,1,9,16,19,11,19,2,0,10,19,19,16,0,14,11,15,19,15,7,16,11,7,7,15,19,16,10,14,4,11,19,15,11,16,10,16,15,14,18,15,9,15,17,11,7,14,2,3,19,2,19,10,16,18,15,15,7,5,16,16,18,13,7,3,13,11,7,1,0,15,10,2,14,11,2,7,3,0,15,10,11,10,15,2,10,11,10,15,3,15,7,16,18,16,4,10,19,0,3,0,15,7,9,0,3,11,11,9,15,10,2,19,11,0,0,0,0,0,0,0,0,0,0,0,0,0,0",-0.3143722,0.1375242,3.0,0.21767959,54.35161,0.22035295,1.0,0.22035295,0.21183708,0.20707682,0.0,0.0,0.21767959,0.0029335269,0.88596064,0.21183708,1.8311262,1.4245358,54.35161,-0.3143722,3.2110217,186.65227,0.20168686,0.21500623,1.0,186.65227,0.5907039,0.11403937,1.8311262,0.0029335269,0.21246676,0.1375242,0.0,1.4245358,3.2110217,0.20168686,0.3143722,0.0,0.21246676,0.3143722,0.75021905,0.21500623,1.0,0.20707682,lookahead,fk_orig3_bm1-s0to100br1-s100to200br2-s200to300br3-s300to400br1
/work/T-REX/external/Proteina-Complexa/inference/search_binder_local_pipeline_32_PDL1_ALPHA_REPACK_v7_r004_cand_v7r004_hyp_0004_00_001_af7f7c76a908b/job_0_n_211_id_58_fk_orig0_bm1-s0to100br3-s100to200br1-s200to300br0-s300to400br2/job_0_n_211_id_58_fk_orig0_bm1-s0to100br3-s100to200br1-s200to300br0-s300to400br2.pdb,232,"2,0,13,16,19,16,19,14,11,3,10,18,19,19,6,18,7,15,2,12,16,9,6,4,11,13,14,19,6,11,5,10,3,10,0,0,10,9,19,18,17,6,12,6,3,11,2,9,9,5,13,19,8,7,6,6,3,10,11,19,5,8,15,15,18,1,5,1,0,1,10,10,11,3,5,10,15,10,7,2,0,0,10,5,9,16,3,19,11,10,5,3,0,7,19,18,1,4,12,9,15,18,7,7,0,3,18,11,1,9,16,19,11,19,2,0,15,19,19,3,2,19,10,3,11,0,9,5,1,0,11,6,0,7,2,7,0,0,0,6,10,19,1,12,9,11,15,7,11,0,15,6,15,5,9,10,0,1,10,6,6,10,7,0,15,0,15,16,5,3,10,0,1,3,19,19,11,15,11,18,6,16,16,1,9,1,15,10,7,13,10,10,8,0,10,7,10,0,16,19,3,3,19,0,0,10,12,11,18,15,14,0,0,0,0,0,0,0,0,0,0,0,0,0,0,0,0,0,0,0,0,0,0,0,0",-0.18951787,0.064940885,3.0,0.5037633,40.669014,0.5371295,1.0,0.5371295,0.14612126,0.5037633,0.0,0.0,0.5037633,0.00179266,0.8970182,0.14612126,1.8274269,1.5706793,40.669014,-0.18951787,2.3968582,194.80482,0.47039717,0.47039717,1.0,194.80482,0.75798035,0.10298179,1.8274269,0.00179266,0.5371295,0.064940885,0.0,1.5706793,2.3968582,0.47039717,0.18951787,0.0,0.5371295,0.18951787,0.8383193,0.47039717,1.0,0.5037633,lookahead,fk_orig0_bm1-s0to100br3-s100to200br1-s200to300br0-s300to400br2
/work/T-REX/external/Proteina-Complexa/inference/search_binder_local_pipeline_32_PDL1_ALPHA_REPACK_v7_r004_cand_v7r004_hyp_0004_00_001_af7f7c76a908b/job_0_n_235_id_58_fk_orig1_bm0-s0to100br0-s100to200br0-s200to300br3-s300to400br2/job_0_n_235_id_58_fk_orig1_bm0-s0to100br0-s100to200br0-s200to300br3-s300to400br2.pdb,233,"2,0,13,16,19,16,19,14,11,3,10,18,19,19,6,18,7,15,2,12,16,9,6,4,11,13,14,19,6,11,5,10,3,10,0,0,10,9,19,18,17,6,12,6,3,11,2,9,9,5,13,19,8,7,6,6,3,10,11,19,5,8,15,15,18,1,5,1,0,1,10,10,11,3,5,10,15,10,7,2,0,0,10,5,9,16,3,19,11,10,5,3,0,7,19,18,1,4,12,9,15,18,7,7,0,3,18,11,1,9,16,19,11,19,2,0,2,0,13,16,19,16,19,14,11,3,10,18,19,19,6,18,7,15,2,12,16,9,6,4,11,13,14,19,6,11,5,10,3,10,0,0,10,9,19,18,17,6,12,6,3,11,2,9,9,5,13,19,8,7,6,6,3,10,11,19,5,8,15,15,18,1,5,1,0,1,10,10,11,3,5,10,15,10,7,2,0,0,10,5,9,16,3,19,11,10,5,3,0,7,19,18,1,4,12,9,15,18,7,7,0,3,18,11,1,9,16,19,11,19,2,0,14,15,15",-0.5265406,0.29105073,3.0,0.048990272,62.15219,0.051630605,1.0,0.051630605,0.31398553,0.012697635,0.0,0.0,0.048990272,0.009128665,0.85517526,0.31398553,4.8367023,1.3006148,62.15219,-0.5265406,3.9370668,194.92075,0.012345966,0.046349943,1.0,194.92075,0.26506466,0.14482473,4.8367023,0.009128665,0.013049304,0.29105073,0.0,1.3006148,3.9370668,0.012345966,0.5265406,0.0,0.013049304,0.5265406,0.59087265,0.046349943,1.0,0.012697635,lookahead,fk_orig1_bm0-s0to100br0-s100to200br0-s200to300br3-s300to400br2
/work/T-REX/external/Proteina-Complexa/inference/search_binder_local_pipeline_32_PDL1_ALPHA_REPACK_v7_r004_cand_v7r004_hyp_0004_00_001_af7f7c76a908b/job_0_n_184_id_58_fk_orig2_bm0-s0to100br3-s100to200br1-s200to300br3-s300to400br2/job_0_n_184_id_58_fk_orig2_bm0-s0to100br3-s100to200br1-s200to300br3-s300to400br2.pdb,234,"2,0,13,16,19,16,19,14,11,3,10,18,19,19,6,18,7,15,2,12,16,9,6,4,11,13,14,19,6,11,5,10,3,10,0,0,10,9,19,18,17,6,12,6,3,11,2,9,9,5,13,19,8,7,6,6,3,10,11,19,5,8,15,15,18,1,5,1,0,1,10,10,11,3,5,10,15,10,7,2,0,0,10,5,9,16,3,19,11,10,5,3,0,7,19,18,1,4,12,9,15,18,7,7,0,3,18,11,1,9,16,19,11,19,2,0,0,10,0,8,13,2,10,7,2,19,18,11,15,5,7,2,10,3,6,0,6,11,6,18,11,11,0,9,6,10,2,18,14,3,0,3,11,0,18,10,6,10,15,7,19,18,15,5,11,11,2,18,3,6,0,0,11,12,12,6,6,0,1,11,0,1,10,0,0,0,0,0,0,0,0,0,0,0,0,0,0,0,0,0,0,0,0,0,0,0,0,0,0,0,0,0,0,0,0,0,0,0,0,0,0,0,0,0,0,0,0,0,0,0,0,0,0,0,0",-0.16238047,0.059692834,3.0,0.5264728,33.184204,0.6080776,1.0,0.6080776,0.12581277,0.5264728,0.0,0.0,0.5264728,0.0014400579,0.9339695,0.12581277,1.9385548,1.3131496,33.184204,-0.16238047,2.1454005,155.71376,0.44486797,0.44486797,1.0,155.71376,0.77784324,0.06603052,1.9385548,0.0014400579,0.6080776,0.059692834,0.0,1.3131496,2.1454005,0.44486797,0.16238047,0.0,0.6080776,0.16238047,0.85656774,0.44486797,1.0,0.5264728,lookahead,fk_orig2_bm0-s0to100br3-s100to200br1-s200to300br3-s300to400br2
/work/T-REX/external/Proteina-Complexa/inference/search_binder_local_pipeline_32_PDL1_ALPHA_REPACK_v7_r004_cand_v7r004_hyp_0004_00_001_af7f7c76a908b/job_0_n_222_id_58_fk_orig3_bm1-s0to100br1-s100to200br2-s200to300br3-s300to400br2/job_0_n_222_id_58_fk_orig3_bm1-s0to100br1-s100to200br2-s200to300br3-s300to400br2.pdb,235,"2,0,13,16,19,16,19,14,11,3,10,18,19,19,6,18,7,15,2,12,16,9,6,4,11,13,14,19,6,11,5,10,3,10,0,0,10,9,19,18,17,6,12,6,3,11,2,9,9,5,13,19,8,7,6,6,3,10,11,19,5,8,15,15,18,1,5,1,0,1,10,10,11,3,5,10,15,10,7,2,0,0,10,5,9,16,3,19,11,10,5,3,0,7,19,18,1,4,12,9,15,18,7,7,0,3,18,11,1,9,16,19,11,19,2,0,10,19,19,16,0,14,11,15,19,15,7,16,11,7,7,15,19,16,10,14,4,11,19,15,11,16,10,16,15,14,18,15,9,15,17,11,7,14,2,3,19,2,19,10,16,18,15,15,7,5,16,16,18,13,7,3,13,11,7,1,0,15,10,2,14,11,2,7,3,0,15,10,11,10,15,2,10,11,10,15,3,15,7,9,18,16,4,10,19,0,3,0,15,7,9,0,3,11,11,9,15,10,2,19,11,0,0,0,0,0,0,0,0,0,0,0,0,0,0",-0.3403115,0.15620568,3.0,0.18479091,53.817837,0.1859964,1.0,0.1859964,0.22506781,0.16033621,0.0,0.0,0.18479091,0.002856762,0.88388544,0.22506781,1.8486384,1.4274417,53.817837,-0.3403115,3.2773478,190.08789,0.1575459,0.18358544,1.0,190.08789,0.5564954,0.11611457,1.8486384,0.002856762,0.16312653,0.15620568,0.0,1.4274417,3.2773478,0.1575459,0.3403115,0.0,0.16312653,0.3403115,0.7329538,0.18358544,1.0,0.16033621,lookahead,fk_orig3_bm1-s0to100br1-s100to200br2-s200to300br3-s300to400br2
/work/T-REX/external/Proteina-Complexa/inference/search_binder_local_pipeline_32_PDL1_ALPHA_REPACK_v7_r004_cand_v7r004_hyp_0004_00_001_af7f7c76a908b/job_0_n_211_id_59_fk_orig0_bm1-s0to100br3-s100to200br1-s200to300br0-s300to400br3/job_0_n_211_id_59_fk_orig0_bm1-s0to100br3-s100to200br1-s200to300br0-s300to400br3.pdb,236,"2,0,13,16,19,16,19,14,11,3,10,18,19,19,6,18,7,15,2,12,16,9,6,4,11,13,14,19,6,11,5,10,3,10,0,0,10,9,19,18,17,6,12,6,3,11,2,9,9,5,13,19,8,7,6,6,3,10,11,19,5,8,15,15,18,1,5,1,0,1,10,10,11,3,5,10,15,10,7,2,0,0,10,5,9,16,3,19,11,10,5,3,0,7,19,18,1,4,12,9,15,18,7,7,0,3,18,11,1,9,16,19,11,19,2,0,15,19,19,3,2,19,10,3,11,0,9,5,1,0,11,6,0,7,2,7,19,0,0,6,10,19,1,12,10,11,15,7,11,0,15,6,15,5,9,10,0,1,10,6,5,10,7,0,15,0,15,16,5,3,10,0,1,3,19,19,11,15,11,18,6,16,16,1,9,1,15,10,7,13,10,10,8,0,10,7,10,0,16,19,3,3,19,0,0,10,12,11,13,19,14,0,0,0,0,0,0,0,0,0,0,0,0,0,0,0,0,0,0,0,0,0,0,0,0",-0.18160628,0.06297425,3.0,0.5260481,36.64528,0.559116,1.0,0.559116,0.13933223,0.5260481,0.0,0.0,0.5260481,0.001304917,0.9080568,0.13933223,1.7985096,1.5154946,36.64528,-0.18160628,2.3395681,185.26239,0.49298024,0.49298024,1.0,185.26239,0.76644504,0.091943204,1.7985096,0.001304917,0.559116,0.06297425,0.0,1.5154946,2.3395681,0.49298024,0.18160628,0.0,0.559116,0.18160628,0.84363127,0.49298024,1.0,0.5260481,lookahead,fk_orig0_bm1-s0to100br3-s100to200br1-s200to300br0-s300to400br3
/work/T-REX/external/Proteina-Complexa/inference/search_binder_local_pipeline_32_PDL1_ALPHA_REPACK_v7_r004_cand_v7r004_hyp_0004_00_001_af7f7c76a908b/job_0_n_235_id_59_fk_orig1_bm0-s0to100br0-s100to200br0-s200to300br3-s300to400br3/job_0_n_235_id_59_fk_orig1_bm0-s0to100br0-s100to200br0-s200to300br3-s300to400br3.pdb,237,"2,0,13,16,19,16,19,14,11,3,10,18,19,19,6,18,7,15,2,12,16,9,6,4,11,13,14,19,6,11,5,10,3,10,0,0,10,9,19,18,17,6,12,6,3,11,2,9,9,5,13,19,8,7,6,6,3,10,11,19,5,8,15,15,18,1,5,1,0,1,10,10,11,3,5,10,15,10,7,2,0,0,10,5,9,16,3,19,11,10,5,3,0,7,19,18,1,4,12,9,15,18,7,7,0,3,18,11,1,9,16,19,11,19,2,0,2,0,13,16,19,16,19,14,11,3,10,18,19,19,6,18,7,15,2,12,16,9,6,4,11,13,14,19,6,11,5,10,3,10,0,0,10,9,19,18,17,6,12,6,3,11,2,9,9,5,13,19,8,7,6,6,3,10,11,19,5,8,15,15,18,1,5,1,0,1,10,10,11,3,5,10,15,10,7,2,0,0,10,5,9,16,3,19,11,10,5,3,0,7,19,18,1,4,12,9,15,18,7,7,0,3,18,11,1,9,16,19,11,19,2,0,14,15,15",-0.5226237,0.28923324,3.0,0.0514424,60.75642,0.053999826,1.0,0.053999826,0.31201497,0.01291144,0.0,0.0,0.0514424,0.008993538,0.85614955,0.31201497,4.7094035,1.3004683,60.75642,-0.5226237,3.9286904,195.70454,0.012568711,0.048884973,1.0,195.70454,0.26944298,0.14385046,4.7094035,0.008993538,0.013254168,0.28923324,0.0,1.3004683,3.9286904,0.012568711,0.5226237,0.0,0.013254168,0.5226237,0.5931221,0.048884973,1.0,0.01291144,lookahead,fk_orig1_bm0-s0to100br0-s100to200br0-s200to300br3-s300to400br3
/work/T-REX/external/Proteina-Complexa/inference/search_binder_local_pipeline_32_PDL1_ALPHA_REPACK_v7_r004_cand_v7r004_hyp_0004_00_001_af7f7c76a908b/job_0_n_184_id_59_fk_orig2_bm0-s0to100br3-s100to200br1-s200to300br3-s300to400br3/job_0_n_184_id_59_fk_orig2_bm0-s0to100br3-s100to200br1-s200to300br3-s300to400br3.pdb,238,"2,0,13,16,19,16,19,14,11,3,10,18,19,19,6,18,7,15,2,12,16,9,6,4,11,13,14,19,6,11,5,10,3,10,0,0,10,9,19,18,17,6,12,6,3,11,2,9,9,5,13,19,8,7,6,6,3,10,11,19,5,8,15,15,18,1,5,1,0,1,10,10,11,3,5,10,15,10,7,2,0,0,10,5,9,16,3,19,11,10,5,3,0,7,19,18,1,4,12,9,15,18,7,7,0,3,18,11,1,9,16,19,11,19,2,0,0,10,0,8,13,2,10,7,2,19,18,11,15,5,7,2,10,3,6,0,6,11,6,18,11,11,0,9,6,10,2,18,14,3,0,3,11,0,18,10,6,10,15,7,19,18,16,5,11,11,2,18,3,6,0,0,11,12,12,6,6,0,1,11,0,1,10,0,0,0,0,0,0,0,0,0,0,0,0,0,0,0,0,0,0,0,0,0,0,0,0,0,0,0,0,0,0,0,0,0,0,0,0,0,0,0,0,0,0,0,0,0,0,0,0,0,0,0,0",-0.17086585,0.06642851,3.0,0.49272805,32.032986,0.5798643,1.0,0.5798643,0.1311996,0.49272805,0.0,0.0,0.49272805,0.0013958277,0.9298672,0.1311996,2.125912,1.3146255,32.032986,-0.17086585,2.1863875,156.48763,0.4055918,0.4055918,1.0,156.48763,0.7628927,0.0701328,2.125912,0.0013958277,0.5798643,0.06642851,0.0,1.3146255,2.1863875,0.4055918,0.17086585,0.0,0.5798643,0.17086585,0.8512543,0.4055918,1.0,0.49272805,lookahead,fk_orig2_bm0-s0to100br3-s100to200br1-s200to300br3-s300to400br3
/work/T-REX/external/Proteina-Complexa/inference/search_binder_local_pipeline_32_PDL1_ALPHA_REPACK_v7_r004_cand_v7r004_hyp_0004_00_001_af7f7c76a908b/job_0_n_222_id_59_fk_orig3_bm1-s0to100br1-s100to200br2-s200to300br3-s300to400br3/job_0_n_222_id_59_fk_orig3_bm1-s0to100br1-s100to200br2-s200to300br3-s300to400br3.pdb,239,"2,0,13,16,19,16,19,14,11,3,10,18,19,19,6,18,7,15,2,12,16,9,6,4,11,13,14,19,6,11,5,10,3,10,0,0,10,9,19,18,17,6,12,6,3,11,2,9,9,5,13,19,8,7,6,6,3,10,11,19,5,8,15,15,18,1,5,1,0,1,10,10,11,3,5,10,15,10,7,2,0,0,10,5,9,16,3,19,11,10,5,3,0,7,19,18,1,4,12,9,15,18,7,7,0,3,18,11,1,9,16,19,11,19,2,0,10,19,19,16,0,14,11,15,19,15,7,16,11,7,7,15,19,16,10,14,4,11,19,15,11,16,10,16,15,14,18,15,9,15,17,11,7,14,2,3,19,2,19,10,16,18,15,15,7,5,16,16,18,13,7,3,13,11,7,1,0,15,10,2,14,11,2,7,3,0,15,10,11,10,15,2,10,11,10,15,3,15,7,9,18,16,4,10,19,0,3,0,15,7,9,0,3,11,11,9,15,10,2,19,11,0,0,0,0,0,0,0,0,0,0,0,0,0,0",-0.34643254,0.15868971,3.0,0.17853808,54.311634,0.17901161,1.0,0.17901161,0.2288433,0.14726321,0.0,0.0,0.17853808,0.0029917741,0.8809089,0.2288433,1.888749,1.434013,54.311634,-0.34643254,3.2917676,190.68622,0.1430588,0.17806454,1.0,190.68622,0.5478371,0.119091086,1.888749,0.0029917741,0.15146762,0.15868971,0.0,1.434013,3.2917676,0.1430588,0.34643254,0.0,0.15146762,0.34643254,0.729267,0.17806454,1.0,0.14726321,lookahead,fk_orig3_bm1-s0to100br1-s100to200br2-s200to300br3-s300to400br3
/work/T-REX/external/Proteina-Complexa/inference/search_binder_local_pipeline_32_PDL1_ALPHA_REPACK_v7_r004_cand_v7r004_hyp_0004_00_001_af7f7c76a908b/job_0_n_211_id_60_fk_orig0_bm1-s0to100br3-s100to200br1-s200to300br2-s300to400br0/job_0_n_211_id_60_fk_orig0_bm1-s0to100br3-s100to200br1-s200to300br2-s300to400br0.pdb,240,"2,0,13,16,19,16,19,14,11,3,10,18,19,19,6,18,7,15,2,12,16,9,6,4,11,13,14,19,6,11,5,10,3,10,0,0,10,9,19,18,17,6,12,6,3,11,2,9,9,5,13,19,8,7,6,6,3,10,11,19,5,8,15,15,18,1,5,1,0,1,10,10,11,3,5,10,15,10,7,2,0,0,10,5,9,16,3,19,11,10,5,3,0,7,19,18,1,4,12,9,15,18,7,7,0,3,18,11,1,9,16,19,11,19,2,0,15,11,10,6,6,0,11,11,9,10,6,6,0,9,5,11,9,11,15,3,9,9,11,2,2,10,10,11,9,10,2,5,5,2,14,3,10,0,10,15,2,10,11,5,16,7,10,10,3,6,15,16,10,11,10,10,6,3,0,0,11,15,11,15,6,16,6,1,9,11,10,10,0,13,0,10,8,16,10,7,19,0,15,2,2,3,19,0,11,9,10,15,10,19,10,0,0,0,0,0,0,0,0,0,0,0,0,0,0,0,0,0,0,0,0,0,0,0,0",-0.1913091,0.06927889,3.0,0.48104417,41.63149,0.50970066,1.0,0.50970066,0.14011282,0.48104417,0.0,0.0,0.48104417,0.0007820067,0.9261183,0.14011282,2.5389926,1.4692779,41.63149,-0.1913091,2.3928583,189.78278,0.45238766,0.45238766,1.0,189.78278,0.7548857,0.07388169,2.5389926,0.0007820067,0.50970066,0.06927889,0.0,1.4692779,2.3928583,0.45238766,0.1913091,0.0,0.50970066,0.1913091,0.8447481,0.45238766,1.0,0.48104417,lookahead,fk_orig0_bm1-s0to100br3-s100to200br1-s200to300br2-s300to400br0
/work/T-REX/external/Proteina-Complexa/inference/search_binder_local_pipeline_32_PDL1_ALPHA_REPACK_v7_r004_cand_v7r004_hyp_0004_00_001_af7f7c76a908b/job_0_n_235_id_60_fk_orig1_bm0-s0to100br2-s100to200br2-s200to300br3-s300to400br0/job_0_n_235_id_60_fk_orig1_bm0-s0to100br2-s100to200br2-s200to300br3-s300to400br0.pdb,241,"2,0,13,16,19,16,19,14,11,3,10,18,19,19,6,18,7,15,2,12,16,9,6,4,11,13,14,19,6,11,5,10,3,10,0,0,10,9,19,18,17,6,12,6,3,11,2,9,9,5,13,19,8,7,6,6,3,10,11,19,5,8,15,15,18,1,5,1,0,1,10,10,11,3,5,10,15,10,7,2,0,0,10,5,9,16,3,19,11,10,5,3,0,7,19,18,1,4,12,9,15,18,7,7,0,3,18,11,1,9,16,19,11,19,2,0,0,13,16,19,16,19,14,11,3,10,18,19,19,6,18,7,15,2,12,16,9,6,4,11,13,14,19,6,11,5,10,3,10,0,0,10,9,19,18,17,6,12,6,3,11,2,9,9,5,13,19,8,7,6,6,3,10,11,19,5,8,15,15,18,1,5,1,0,1,10,10,11,3,5,10,15,10,7,2,0,0,10,5,9,16,3,19,11,10,5,3,0,7,19,18,1,4,12,9,15,18,7,7,0,3,18,11,1,9,16,19,11,19,2,0,16,19,14,14",-0.5432294,0.30621898,3.0,0.04297018,59.307274,0.044700015,1.0,0.044700015,0.32734007,0.011917306,0.0,0.0,0.04297018,0.014365469,0.84871423,0.32734007,4.7115026,1.3441384,59.307274,-0.5432294,3.9773424,197.12576,0.0115576815,0.04124035,1.0,197.12576,0.26100394,0.15128578,4.7115026,0.014365469,0.01227693,0.30621898,0.0,1.3441384,3.9773424,0.0115576815,0.5432294,0.0,0.01227693,0.5432294,0.5850444,0.04124035,1.0,0.011917306,lookahead,fk_orig1_bm0-s0to100br2-s100to200br2-s200to300br3-s300to400br0
/work/T-REX/external/Proteina-Complexa/inference/search_binder_local_pipeline_32_PDL1_ALPHA_REPACK_v7_r004_cand_v7r004_hyp_0004_00_001_af7f7c76a908b/job_0_n_184_id_60_fk_orig2_bm0-s0to100br3-s100to200br1-s200to300br3-s300to400br0/job_0_n_184_id_60_fk_orig2_bm0-s0to100br3-s100to200br1-s200to300br3-s300to400br0.pdb,242,"2,0,13,16,19,16,19,14,11,3,10,18,19,19,6,18,7,15,2,12,16,9,6,4,11,13,14,19,6,11,5,10,3,10,0,0,10,9,19,18,17,6,12,6,3,11,2,9,9,5,13,19,8,7,6,6,3,10,11,19,5,8,15,15,18,1,5,1,0,1,10,10,11,3,5,10,15,10,7,2,0,0,10,5,9,16,3,19,11,10,5,3,0,7,19,18,1,4,12,9,15,18,7,7,0,3,18,11,1,9,16,19,11,19,2,0,0,10,0,8,13,2,10,7,2,19,18,11,15,5,7,2,10,3,6,0,6,11,6,18,11,11,0,9,6,10,2,18,14,3,0,3,11,0,18,10,6,10,15,7,19,18,15,5,11,11,2,18,3,6,0,0,11,12,12,6,6,0,1,11,0,1,10,0,0,0,0,0,0,0,0,0,0,0,0,0,0,0,0,0,0,0,0,0,0,0,0,0,0,0,0,0,0,0,0,0,0,0,0,0,0,0,0,0,0,0,0,0,0,0,0,0,0,0,0",-0.16253926,0.05958374,3.0,0.5260954,34.352657,0.6081083,1.0,0.6081083,0.12597327,0.5260954,0.0,0.0,0.5260954,0.0014130386,0.93375665,0.12597327,1.9114488,1.3122808,34.352657,-0.16253926,2.147992,157.53111,0.4440825,0.4440825,1.0,157.53111,0.7772449,0.06624334,1.9114488,0.0014130386,0.6081083,0.05958374,0.0,1.3122808,2.147992,0.4440825,0.16253926,0.0,0.6081083,0.16253926,0.856682,0.4440825,1.0,0.5260954,lookahead,fk_orig2_bm0-s0to100br3-s100to200br1-s200to300br3-s300to400br0
/work/T-REX/external/Proteina-Complexa/inference/search_binder_local_pipeline_32_PDL1_ALPHA_REPACK_v7_r004_cand_v7r004_hyp_0004_00_001_af7f7c76a908b/job_0_n_222_id_60_fk_orig3_bm1-s0to100br1-s100to200br2-s200to300br3-s300to400br0/job_0_n_222_id_60_fk_orig3_bm1-s0to100br1-s100to200br2-s200to300br3-s300to400br0.pdb,243,"2,0,13,16,19,16,19,14,11,3,10,18,19,19,6,18,7,15,2,12,16,9,6,4,11,13,14,19,6,11,5,10,3,10,0,0,10,9,19,18,17,6,12,6,3,11,2,9,9,5,13,19,8,7,6,6,3,10,11,19,5,8,15,15,18,1,5,1,0,1,10,10,11,3,5,10,15,10,7,2,0,0,10,5,9,16,3,19,11,10,5,3,0,7,19,18,1,4,12,9,15,18,7,7,0,3,18,11,1,9,16,19,11,19,2,0,10,19,19,16,0,14,11,15,19,15,7,16,11,7,7,15,19,16,10,14,4,11,19,15,11,16,10,16,15,14,18,15,9,15,17,11,7,14,2,3,19,2,19,10,16,18,15,15,7,5,16,16,18,13,7,3,13,11,7,1,0,15,10,2,14,11,2,7,3,0,15,10,11,10,15,2,10,11,10,15,3,15,7,16,18,16,4,10,19,0,3,0,15,7,9,0,3,11,11,9,15,10,2,19,11,0,0,0,0,0,0,0,0,0,0,0,0,0,0",-0.31858948,0.14158842,3.0,0.21155955,55.314644,0.21368103,1.0,0.21368103,0.21327385,0.19857365,0.0,0.0,0.21155955,0.0027964814,0.8870493,0.21327385,1.7864692,1.4176025,55.314644,-0.31858948,3.2247896,187.61697,0.19327094,0.20943807,1.0,187.61697,0.583994,0.112950705,1.7864692,0.0027964814,0.20387636,0.14158842,0.0,1.4176025,3.2247896,0.19327094,0.31858948,0.0,0.20387636,0.31858948,0.74476147,0.20943807,1.0,0.19857365,lookahead,fk_orig3_bm1-s0to100br1-s100to200br2-s200to300br3-s300to400br0
/work/T-REX/external/Proteina-Complexa/inference/search_binder_local_pipeline_32_PDL1_ALPHA_REPACK_v7_r004_cand_v7r004_hyp_0004_00_001_af7f7c76a908b/job_0_n_211_id_61_fk_orig0_bm1-s0to100br3-s100to200br1-s200to300br2-s300to400br1/job_0_n_211_id_61_fk_orig0_bm1-s0to100br3-s100to200br1-s200to300br2-s300to400br1.pdb,244,"2,0,13,16,19,16,19,14,11,3,10,18,19,19,6,18,7,15,2,12,16,9,6,4,11,13,14,19,6,11,5,10,3,10,0,0,10,9,19,18,17,6,12,6,3,11,2,9,9,5,13,19,8,7,6,6,3,10,11,19,5,8,15,15,18,1,5,1,0,1,10,10,11,3,5,10,15,10,7,2,0,0,10,5,9,16,3,19,11,10,5,3,0,7,19,18,1,4,12,9,15,18,7,7,0,3,18,11,1,9,16,19,11,19,2,0,15,11,10,6,6,0,11,11,9,10,6,6,0,9,5,11,9,11,15,3,9,9,11,2,2,10,10,11,9,10,8,5,5,2,14,10,10,0,10,15,2,10,11,5,16,7,10,10,3,6,15,16,10,11,10,10,6,3,0,0,11,15,14,15,6,16,6,1,9,11,10,10,0,13,0,10,8,16,10,7,19,0,15,2,3,3,19,0,11,9,10,15,10,19,9,0,0,0,0,0,0,0,0,0,0,0,0,0,0,0,0,0,0,0,0,0,0,0,0",-0.14747994,0.048941337,3.0,0.6711388,53.142437,0.6942102,1.0,0.6942102,0.11379031,0.6711388,0.0,0.0,0.6711388,0.0006232231,0.9461813,0.11379031,3.1912527,1.357349,53.142437,-0.14747994,2.0972984,201.58963,0.6480675,0.6480675,1.0,201.58963,0.8366289,0.053818725,3.1912527,0.0006232231,0.6942102,0.048941337,0.0,1.357349,2.0972984,0.6480675,0.14747994,0.0,0.6942102,0.14747994,0.88603663,0.6480675,1.0,0.6711388,lookahead,fk_orig0_bm1-s0to100br3-s100to200br1-s200to300br2-s300to400br1
/work/T-REX/external/Proteina-Complexa/inference/search_binder_local_pipeline_32_PDL1_ALPHA_REPACK_v7_r004_cand_v7r004_hyp_0004_00_001_af7f7c76a908b/job_0_n_235_id_61_fk_orig1_bm0-s0to100br2-s100to200br2-s200to300br3-s300to400br1/job_0_n_235_id_61_fk_orig1_bm0-s0to100br2-s100to200br2-s200to300br3-s300to400br1.pdb,245,"2,0,13,16,19,16,19,14,11,3,10,18,19,19,6,18,7,15,2,12,16,9,6,4,11,13,14,19,6,11,5,10,3,10,0,0,10,9,19,18,17,6,12,6,3,11,2,9,9,5,13,19,8,7,6,6,3,10,11,19,5,8,15,15,18,1,5,1,0,1,10,10,11,3,5,10,15,10,7,2,0,0,10,5,9,16,3,19,11,10,5,3,0,7,19,18,1,4,12,9,15,18,7,7,0,3,18,11,1,9,16,19,11,19,2,0,0,13,16,19,16,19,14,11,3,10,18,19,19,6,18,7,15,2,12,16,9,6,4,11,13,14,19,6,11,5,10,3,10,0,0,10,9,19,18,17,6,12,6,3,11,2,9,9,5,13,19,8,7,6,6,3,10,11,19,5,8,15,15,18,1,5,1,0,1,10,10,11,3,5,10,15,10,7,2,0,0,10,5,9,16,3,19,11,10,5,3,0,7,19,18,1,4,12,9,15,18,7,7,0,3,18,11,1,9,16,19,11,19,2,0,16,19,14,14",-0.5389431,0.3014612,3.0,0.045908023,59.64331,0.04802058,1.0,0.04802058,0.32486522,0.012339062,0.0,0.0,0.045908023,0.014481804,0.8491528,0.32486522,4.726044,1.3380344,59.64331,-0.5389431,3.9666052,195.53293,0.012041038,0.043795466,1.0,195.53293,0.263026,0.15084718,4.726044,0.014481804,0.012637086,0.3014612,0.0,1.3380344,3.9666052,0.012041038,0.5389431,0.0,0.012637086,0.5389431,0.5861716,0.043795466,1.0,0.012339062,lookahead,fk_orig1_bm0-s0to100br2-s100to200br2-s200to300br3-s300to400br1
/work/T-REX/external/Proteina-Complexa/inference/search_binder_local_pipeline_32_PDL1_ALPHA_REPACK_v7_r004_cand_v7r004_hyp_0004_00_001_af7f7c76a908b/job_0_n_184_id_61_fk_orig2_bm0-s0to100br3-s100to200br1-s200to300br3-s300to400br1/job_0_n_184_id_61_fk_orig2_bm0-s0to100br3-s100to200br1-s200to300br3-s300to400br1.pdb,246,"2,0,13,16,19,16,19,14,11,3,10,18,19,19,6,18,7,15,2,12,16,9,6,4,11,13,14,19,6,11,5,10,3,10,0,0,10,9,19,18,17,6,12,6,3,11,2,9,9,5,13,19,8,7,6,6,3,10,11,19,5,8,15,15,18,1,5,1,0,1,10,10,11,3,5,10,15,10,7,2,0,0,10,5,9,16,3,19,11,10,5,3,0,7,19,18,1,4,12,9,15,18,7,7,0,3,18,11,1,9,16,19,11,19,2,0,0,10,0,8,13,2,10,7,2,19,18,11,15,5,7,2,10,3,6,0,6,11,6,18,11,11,0,9,6,10,2,18,14,3,0,3,11,0,18,10,6,10,15,0,19,18,15,5,11,11,2,18,3,6,0,0,11,12,12,6,6,0,1,11,0,1,10,0,0,0,0,0,0,0,0,0,0,0,0,0,0,0,0,0,0,0,0,0,0,0,0,0,0,0,0,0,0,0,0,0,0,0,0,0,0,0,0,0,0,0,0,0,0,0,0,0,0,0,0",-0.17088261,0.062910326,3.0,0.4931711,35.537777,0.5756691,1.0,0.5756691,0.13120195,0.4931711,0.0,0.0,0.4931711,0.0013093993,0.93086874,0.13120195,2.436203,1.3086768,35.537777,-0.17088261,2.2228541,164.85963,0.41067308,0.41067308,1.0,164.85963,0.76001835,0.06913128,2.436203,0.0013093993,0.5756691,0.062910326,0.0,1.3086768,2.2228541,0.41067308,0.17088261,0.0,0.5756691,0.17088261,0.85063726,0.41067308,1.0,0.4931711,lookahead,fk_orig2_bm0-s0to100br3-s100to200br1-s200to300br3-s300to400br1
/work/T-REX/external/Proteina-Complexa/inference/search_binder_local_pipeline_32_PDL1_ALPHA_REPACK_v7_r004_cand_v7r004_hyp_0004_00_001_af7f7c76a908b/job_0_n_222_id_61_fk_orig3_bm1-s0to100br1-s100to200br2-s200to300br3-s300to400br1/job_0_n_222_id_61_fk_orig3_bm1-s0to100br1-s100to200br2-s200to300br3-s300to400br1.pdb,247,"2,0,13,16,19,16,19,14,11,3,10,18,19,19,6,18,7,15,2,12,16,9,6,4,11,13,14,19,6,11,5,10,3,10,0,0,10,9,19,18,17,6,12,6,3,11,2,9,9,5,13,19,8,7,6,6,3,10,11,19,5,8,15,15,18,1,5,1,0,1,10,10,11,3,5,10,15,10,7,2,0,0,10,5,9,16,3,19,11,10,5,3,0,7,19,18,1,4,12,9,15,18,7,7,0,3,18,11,1,9,16,19,11,19,2,0,10,19,19,16,0,14,11,15,19,15,7,16,11,7,7,15,19,16,10,14,4,11,19,15,11,16,10,16,15,14,18,15,9,15,17,11,7,14,2,3,19,2,19,10,16,18,15,15,7,5,16,16,18,13,7,3,13,11,7,1,0,15,10,2,14,11,2,7,3,0,15,10,11,10,15,2,10,11,10,15,3,15,7,16,18,16,4,10,19,0,3,0,15,7,9,0,3,11,11,9,15,10,2,19,11,0,0,0,0,0,0,0,0,0,0,0,0,0,0",-0.31392726,0.13782719,3.0,0.21948753,52.94852,0.2223641,1.0,0.2223641,0.21216467,0.21074949,0.0,0.0,0.21948753,0.0028968826,0.88481784,0.21216467,1.8044268,1.4240707,52.94852,-0.31392726,3.2095304,188.0237,0.20614158,0.21661097,1.0,188.0237,0.5955436,0.11518216,1.8044268,0.0028968826,0.21535741,0.13782719,0.0,1.4240707,3.2095304,0.20614158,0.31392726,0.0,0.21535741,0.31392726,0.7519908,0.21661097,1.0,0.21074949,lookahead,fk_orig3_bm1-s0to100br1-s100to200br2-s200to300br3-s300to400br1
/work/T-REX/external/Proteina-Complexa/inference/search_binder_local_pipeline_32_PDL1_ALPHA_REPACK_v7_r004_cand_v7r004_hyp_0004_00_001_af7f7c76a908b/job_0_n_211_id_62_fk_orig0_bm1-s0to100br3-s100to200br1-s200to300br2-s300to400br2/job_0_n_211_id_62_fk_orig0_bm1-s0to100br3-s100to200br1-s200to300br2-s300to400br2.pdb,248,"2,0,13,16,19,16,19,14,11,3,10,18,19,19,6,18,7,15,2,12,16,9,6,4,11,13,14,19,6,11,5,10,3,10,0,0,10,9,19,18,17,6,12,6,3,11,2,9,9,5,13,19,8,7,6,6,3,10,11,19,5,8,15,15,18,1,5,1,0,1,10,10,11,3,5,10,15,10,7,2,0,0,10,5,9,16,3,19,11,10,5,3,0,7,19,18,1,4,12,9,15,18,7,7,0,3,18,11,1,9,16,19,11,19,2,0,15,11,10,6,6,0,11,11,9,10,6,6,0,9,5,11,9,11,15,3,9,9,11,2,2,10,10,11,9,10,18,5,5,2,14,2,10,0,10,15,2,10,11,5,16,7,10,10,3,6,15,16,10,11,10,10,6,3,0,0,11,15,15,15,6,16,6,1,9,11,10,10,0,13,0,10,8,16,10,7,19,0,15,2,3,3,19,0,11,9,10,11,10,19,10,0,0,0,0,0,0,0,0,0,0,0,0,0,0,0,0,0,0,0,0,0,0,0,0",-0.19403252,0.07198135,3.0,0.46746585,40.952938,0.49883842,1.0,0.49883842,0.14005984,0.46746585,0.0,0.0,0.46746585,0.0006233159,0.93048996,0.14005984,2.3924098,1.4220074,40.952938,-0.19403252,2.4011264,187.2378,0.43609327,0.43609327,1.0,187.2378,0.7512729,0.069510065,2.3924098,0.0006233159,0.49883842,0.07198135,0.0,1.4220074,2.4011264,0.43609327,0.19403252,0.0,0.49883842,0.19403252,0.8415719,0.43609327,1.0,0.46746585,lookahead,fk_orig0_bm1-s0to100br3-s100to200br1-s200to300br2-s300to400br2
/work/T-REX/external/Proteina-Complexa/inference/search_binder_local_pipeline_32_PDL1_ALPHA_REPACK_v7_r004_cand_v7r004_hyp_0004_00_001_af7f7c76a908b/job_0_n_235_id_62_fk_orig1_bm0-s0to100br2-s100to200br2-s200to300br3-s300to400br2/job_0_n_235_id_62_fk_orig1_bm0-s0to100br2-s100to200br2-s200to300br3-s300to400br2.pdb,249,"2,0,13,16,19,16,19,14,11,3,10,18,19,19,6,18,7,15,2,12,16,9,6,4,11,13,14,19,6,11,5,10,3,10,0,0,10,9,19,18,17,6,12,6,3,11,2,9,9,5,13,19,8,7,6,6,3,10,11,19,5,8,15,15,18,1,5,1,0,1,10,10,11,3,5,10,15,10,7,2,0,0,10,5,9,16,3,19,11,10,5,3,0,7,19,18,1,4,12,9,15,18,7,7,0,3,18,11,1,9,16,19,11,19,2,0,0,13,16,19,16,19,14,11,3,10,18,19,19,6,18,7,15,2,12,16,9,6,4,11,13,14,19,6,11,5,10,3,10,0,0,10,9,19,18,17,6,12,6,3,11,2,9,9,5,13,19,8,7,6,6,3,10,11,19,5,8,15,15,18,1,5,1,0,1,10,10,11,3,5,10,15,10,7,2,0,0,10,5,9,16,3,19,11,10,5,3,0,7,19,18,1,4,12,9,15,18,7,7,0,3,18,11,1,9,16,19,11,19,2,0,16,19,14,14",-0.535442,0.29834688,3.0,0.04710403,59.649796,0.0495724,1.0,0.0495724,0.3229967,0.012312327,0.0,0.0,0.04710403,0.014533065,0.8492317,0.3229967,4.6963778,1.335926,59.649796,-0.535442,3.9609625,195.5709,0.012035526,0.04463566,1.0,195.5709,0.2658956,0.1507683,4.6963778,0.014533065,0.012589126,0.29834688,0.0,1.335926,3.9609625,0.012035526,0.535442,0.0,0.012589126,0.535442,0.5877698,0.04463566,1.0,0.012312327,lookahead,fk_orig1_bm0-s0to100br2-s100to200br2-s200to300br3-s300to400br2
/work/T-REX/external/Proteina-Complexa/inference/search_binder_local_pipeline_32_PDL1_ALPHA_REPACK_v7_r004_cand_v7r004_hyp_0004_00_001_af7f7c76a908b/job_0_n_184_id_62_fk_orig2_bm0-s0to100br3-s100to200br1-s200to300br3-s300to400br2/job_0_n_184_id_62_fk_orig2_bm0-s0to100br3-s100to200br1-s200to300br3-s300to400br2.pdb,250,"2,0,13,16,19,16,19,14,11,3,10,18,19,19,6,18,7,15,2,12,16,9,6,4,11,13,14,19,6,11,5,10,3,10,0,0,10,9,19,18,17,6,12,6,3,11,2,9,9,5,13,19,8,7,6,6,3,10,11,19,5,8,15,15,18,1,5,1,0,1,10,10,11,3,5,10,15,10,7,2,0,0,10,5,9,16,3,19,11,10,5,3,0,7,19,18,1,4,12,9,15,18,7,7,0,3,18,11,1,9,16,19,11,19,2,0,0,10,0,8,13,2,10,7,2,19,18,11,15,5,7,2,10,3,6,0,6,11,6,18,11,11,0,9,6,10,2,18,14,3,0,3,11,0,18,10,6,10,15,7,19,18,15,5,11,11,2,18,3,6,0,0,11,12,12,6,6,0,1,11,0,1,10,0,0,0,0,0,0,0,0,0,0,0,0,0,0,0,0,0,0,0,0,0,0,0,0,0,0,0,0,0,0,0,0,0,0,0,0,0,0,0,0,0,0,0,0,0,0,0,0,0,0,0,0",-0.16283077,0.05990963,3.0,0.5244425,33.356632,0.6065808,1.0,0.6065808,0.12613177,0.5244425,0.0,0.0,0.5244425,0.0014414989,0.93366027,0.12613177,1.9855494,1.3119924,33.356632,-0.16283077,2.1530898,159.07904,0.44230422,0.44230422,1.0,159.07904,0.776479,0.06633976,1.9855494,0.0014414989,0.6065808,0.05990963,0.0,1.3119924,2.1530898,0.44230422,0.16283077,0.0,0.6065808,0.16283077,0.85591507,0.44230422,1.0,0.5244425,lookahead,fk_orig2_bm0-s0to100br3-s100to200br1-s200to300br3-s300to400br2
/work/T-REX/external/Proteina-Complexa/inference/search_binder_local_pipeline_32_PDL1_ALPHA_REPACK_v7_r004_cand_v7r004_hyp_0004_00_001_af7f7c76a908b/job_0_n_222_id_62_fk_orig3_bm1-s0to100br1-s100to200br2-s200to300br3-s300to400br2/job_0_n_222_id_62_fk_orig3_bm1-s0to100br1-s100to200br2-s200to300br3-s300to400br2.pdb,251,"2,0,13,16,19,16,19,14,11,3,10,18,19,19,6,18,7,15,2,12,16,9,6,4,11,13,14,19,6,11,5,10,3,10,0,0,10,9,19,18,17,6,12,6,3,11,2,9,9,5,13,19,8,7,6,6,3,10,11,19,5,8,15,15,18,1,5,1,0,1,10,10,11,3,5,10,15,10,7,2,0,0,10,5,9,16,3,19,11,10,5,3,0,7,19,18,1,4,12,9,15,18,7,7,0,3,18,11,1,9,16,19,11,19,2,0,10,19,19,16,0,14,11,15,19,15,7,16,11,7,7,15,19,16,10,14,4,11,19,15,11,16,10,16,15,14,18,15,9,15,17,11,7,14,2,3,19,2,19,10,16,18,15,15,7,5,16,16,18,13,7,3,13,11,7,1,0,15,10,2,14,11,2,7,3,0,15,10,11,10,15,2,10,11,10,15,3,15,7,16,18,16,4,10,19,0,3,0,16,7,9,0,3,11,11,9,15,10,2,19,11,0,0,0,0,0,0,0,0,0,0,0,0,0,0",-0.43863273,0.20883892,3.0,0.09898301,60.78715,0.10114601,1.0,0.10114601,0.2774479,0.026476122,0.0,0.0,0.09898301,0.0028653403,0.86090696,0.2774479,2.9666042,1.4380778,60.78715,-0.43863273,3.5350287,201.44803,0.023910783,0.09682001,1.0,201.44803,0.40671417,0.13909301,2.9666042,0.0028653403,0.02904146,0.20883892,0.0,1.4380778,3.5350287,0.023910783,0.43863273,0.0,0.02904146,0.43863273,0.6643178,0.09682001,1.0,0.026476122,lookahead,fk_orig3_bm1-s0to100br1-s100to200br2-s200to300br3-s300to400br2
/work/T-REX/external/Proteina-Complexa/inference/search_binder_local_pipeline_32_PDL1_ALPHA_REPACK_v7_r004_cand_v7r004_hyp_0004_00_001_af7f7c76a908b/job_0_n_211_id_63_fk_orig0_bm1-s0to100br3-s100to200br1-s200to300br2-s300to400br3/job_0_n_211_id_63_fk_orig0_bm1-s0to100br3-s100to200br1-s200to300br2-s300to400br3.pdb,252,"2,0,13,16,19,16,19,14,11,3,10,18,19,19,6,18,7,15,2,12,16,9,6,4,11,13,14,19,6,11,5,10,3,10,0,0,10,9,19,18,17,6,12,6,3,11,2,9,9,5,13,19,8,7,6,6,3,10,11,19,5,8,15,15,18,1,5,1,0,1,10,10,11,3,5,10,15,10,7,2,0,0,10,5,9,16,3,19,11,10,5,3,0,7,19,18,1,4,12,9,15,18,7,7,0,3,18,11,1,9,16,19,11,19,2,0,15,11,10,6,6,0,11,11,9,10,6,6,0,9,5,11,9,11,15,3,9,9,11,2,2,10,10,11,9,10,2,5,5,2,14,3,10,0,10,15,2,10,11,6,16,7,10,10,3,6,15,16,10,11,10,10,6,3,0,0,11,15,11,15,6,16,6,1,9,11,10,10,0,13,0,10,8,16,10,7,19,0,15,2,3,3,19,0,11,9,10,11,10,19,10,0,0,0,0,0,0,0,0,0,0,0,0,0,0,0,0,0,0,0,0,0,0,0,0",-0.19412528,0.0714858,3.0,0.4664835,38.671036,0.49677265,1.0,0.49677265,0.14109026,0.4664835,0.0,0.0,0.4664835,0.0008902174,0.92718846,0.14109026,2.41298,1.4640695,38.671036,-0.19412528,2.4074137,183.90627,0.43619436,0.43619436,1.0,183.90627,0.75058055,0.07281156,2.41298,0.0008902174,0.49677265,0.0714858,0.0,1.4640695,2.4074137,0.43619436,0.19412528,0.0,0.49677265,0.19412528,0.84147525,0.43619436,1.0,0.4664835,lookahead,fk_orig0_bm1-s0to100br3-s100to200br1-s200to300br2-s300to400br3
/work/T-REX/external/Proteina-Complexa/inference/search_binder_local_pipeline_32_PDL1_ALPHA_REPACK_v7_r004_cand_v7r004_hyp_0004_00_001_af7f7c76a908b/job_0_n_235_id_63_fk_orig1_bm0-s0to100br2-s100to200br2-s200to300br3-s300to400br3/job_0_n_235_id_63_fk_orig1_bm0-s0to100br2-s100to200br2-s200to300br3-s300to400br3.pdb,253,"2,0,13,16,19,16,19,14,11,3,10,18,19,19,6,18,7,15,2,12,16,9,6,4,11,13,14,19,6,11,5,10,3,10,0,0,10,9,19,18,17,6,12,6,3,11,2,9,9,5,13,19,8,7,6,6,3,10,11,19,5,8,15,15,18,1,5,1,0,1,10,10,11,3,5,10,15,10,7,2,0,0,10,5,9,16,3,19,11,10,5,3,0,7,19,18,1,4,12,9,15,18,7,7,0,3,18,11,1,9,16,19,11,19,2,0,0,13,16,19,16,19,14,11,3,10,18,19,19,6,18,7,15,2,12,16,9,6,4,11,13,14,19,6,11,5,10,3,10,0,0,10,9,19,18,17,6,12,6,3,11,2,9,9,5,13,19,8,7,6,6,3,10,11,19,5,8,15,15,18,1,5,1,0,1,10,10,11,3,5,10,15,10,7,2,0,0,10,5,9,16,3,19,11,10,5,3,0,7,19,18,1,4,12,9,15,18,7,7,0,3,18,11,1,9,16,19,11,19,2,0,16,19,14,14",-0.54037154,0.30351824,3.0,0.04465785,57.52198,0.045816693,1.0,0.045816693,0.32585317,0.012197319,0.0,0.0,0.04465785,0.014557841,0.8488232,0.32585317,4.647358,1.3421423,57.52198,-0.54037154,3.9671254,196.17323,0.011860172,0.043499008,1.0,196.17323,0.2637746,0.15117684,4.647358,0.014557841,0.012534466,0.30351824,0.0,1.3421423,3.9671254,0.011860172,0.54037154,0.0,0.012534466,0.54037154,0.5864817,0.043499008,1.0,0.012197319,lookahead,fk_orig1_bm0-s0to100br2-s100to200br2-s200to300br3-s300to400br3
/work/T-REX/external/Proteina-Complexa/inference/search_binder_local_pipeline_32_PDL1_ALPHA_REPACK_v7_r004_cand_v7r004_hyp_0004_00_001_af7f7c76a908b/job_0_n_184_id_63_fk_orig2_bm0-s0to100br3-s100to200br1-s200to300br3-s300to400br3/job_0_n_184_id_63_fk_orig2_bm0-s0to100br3-s100to200br1-s200to300br3-s300to400br3.pdb,254,"2,0,13,16,19,16,19,14,11,3,10,18,19,19,6,18,7,15,2,12,16,9,6,4,11,13,14,19,6,11,5,10,3,10,0,0,10,9,19,18,17,6,12,6,3,11,2,9,9,5,13,19,8,7,6,6,3,10,11,19,5,8,15,15,18,1,5,1,0,1,10,10,11,3,5,10,15,10,7,2,0,0,10,5,9,16,3,19,11,10,5,3,0,7,19,18,1,4,12,9,15,18,7,7,0,3,18,11,1,9,16,19,11,19,2,0,0,10,0,8,13,2,10,7,2,19,18,11,15,5,7,2,10,3,6,0,6,11,6,18,11,11,0,9,6,10,2,18,14,3,0,3,11,0,18,10,6,10,15,7,19,18,15,5,11,11,2,18,3,6,0,0,11,12,12,6,6,0,1,11,0,1,10,0,0,0,0,0,0,0,0,0,0,0,0,0,0,0,0,0,0,0,0,0,0,0,0,0,0,0,0,0,0,0,0,0,0,0,0,0,0,0,0,0,0,0,0,0,0,0,0,0,0,0,0",-0.16156593,0.058974348,3.0,0.5294802,33.87057,0.6110073,1.0,0.6110073,0.12530728,0.5294802,0.0,0.0,0.5294802,0.001404892,0.93425965,0.12530728,1.9761854,1.309919,33.87057,-0.16156593,2.1383467,158.41856,0.44795316,0.44795316,1.0,158.41856,0.77956396,0.065740354,1.9761854,0.001404892,0.6110073,0.058974348,0.0,1.309919,2.1383467,0.44795316,0.16156593,0.0,0.6110073,0.16156593,0.8574196,0.44795316,1.0,0.5294802,lookahead,fk_orig2_bm0-s0to100br3-s100to200br1-s200to300br3-s300to400br3
/work/T-REX/external/Proteina-Complexa/inference/search_binder_local_pipeline_32_PDL1_ALPHA_REPACK_v7_r004_cand_v7r004_hyp_0004_00_001_af7f7c76a908b/job_0_n_222_id_63_fk_orig3_bm1-s0to100br1-s100to200br2-s200to300br3-s300to400br3/job_0_n_222_id_63_fk_orig3_bm1-s0to100br1-s100to200br2-s200to300br3-s300to400br3.pdb,255,"2,0,13,16,19,16,19,14,11,3,10,18,19,19,6,18,7,15,2,12,16,9,6,4,11,13,14,19,6,11,5,10,3,10,0,0,10,9,19,18,17,6,12,6,3,11,2,9,9,5,13,19,8,7,6,6,3,10,11,19,5,8,15,15,18,1,5,1,0,1,10,10,11,3,5,10,15,10,7,2,0,0,10,5,9,16,3,19,11,10,5,3,0,7,19,18,1,4,12,9,15,18,7,7,0,3,18,11,1,9,16,19,11,19,2,0,10,19,19,16,0,14,11,15,19,15,7,16,11,7,7,15,19,16,10,14,4,11,19,15,11,16,10,16,15,14,18,15,9,15,17,11,7,14,2,3,19,2,19,10,16,18,15,15,7,5,16,16,18,13,7,3,13,11,7,1,0,15,10,2,14,11,2,7,3,0,15,10,11,10,15,2,10,11,10,15,3,15,7,9,18,16,4,10,19,0,3,0,16,7,9,0,3,11,11,9,15,10,2,19,11,0,0,0,0,0,0,0,0,0,0,0,0,0,0",-0.34508535,0.15849607,3.0,0.1782262,52.172028,0.17830613,1.0,0.17830613,0.22714232,0.14973092,0.0,0.0,0.1782262,0.002840317,0.8840381,0.22714232,1.6114471,1.4175994,52.172028,-0.34508535,3.296427,189.72247,0.1471073,0.17814627,1.0,189.72247,0.54540944,0.1159619,1.6114471,0.002840317,0.15235452,0.15849607,0.0,1.4175994,3.296427,0.1471073,0.34508535,0.0,0.15235452,0.34508535,0.72917664,0.17814627,1.0,0.14973092,lookahead,fk_orig3_bm1-s0to100br1-s100to200br2-s200to300br3-s300to400br3
/work/T-REX/external/Proteina-Complexa/inference/search_binder_local_pipeline_32_PDL1_ALPHA_REPACK_v7_r004_cand_v7r004_hyp_0004_00_001_af7f7c76a908b/job_0_n_211_id_64_fk_orig0_bm1-s0to100br3-s100to200br1-s200to300br0-s300to400br1/job_0_n_211_id_64_fk_orig0_bm1-s0to100br3-s100to200br1-s200to300br0-s300to400br1.pdb,256,"2,0,13,16,19,16,19,14,11,3,10,18,19,19,6,18,7,15,2,12,16,9,6,4,11,13,14,19,6,11,5,10,3,10,0,0,10,9,19,18,17,6,12,6,3,11,2,9,9,5,13,19,8,7,6,6,3,10,11,19,5,8,15,15,18,1,5,1,0,1,10,10,11,3,5,10,15,10,7,2,0,0,10,5,9,16,3,19,11,10,5,3,0,7,19,18,1,4,12,9,15,18,7,7,0,3,18,11,1,9,16,19,11,19,2,0,15,19,19,3,2,13,10,3,11,0,9,5,1,0,11,6,0,7,2,14,19,0,0,6,10,19,1,12,10,11,15,7,11,0,15,6,15,5,9,10,0,1,10,6,5,10,7,0,15,0,15,16,5,3,10,0,1,3,19,19,11,15,11,18,6,16,16,1,9,1,15,10,7,13,10,10,8,0,10,7,10,0,16,19,5,3,19,0,0,10,12,11,18,19,14,0,0,0,0,0,0,0,0,0,0,0,0,0,0,0,0,0,0,0,0,0,0,0,0",-0.16925089,0.056994386,3.0,0.58283067,14.629414,0.6114603,1.0,0.6114603,0.13152641,0.58283067,0.0,0.0,0.58283067,0.0009688591,0.9142663,0.13152641,0.78393215,1.495707,14.629414,-0.16925089,2.2366707,163.34294,0.55420107,0.55420107,1.0,163.34294,0.79520696,0.08573372,0.78393215,0.0009688591,0.6114603,0.056994386,0.0,1.495707,2.2366707,0.55420107,0.16925089,0.0,0.6114603,0.16925089,0.8609892,0.55420107,1.0,0.58283067,final,fk_orig0_bm1-s0to100br3-s100to200br1-s200to300br0-s300to400br1
/work/T-REX/external/Proteina-Complexa/inference/search_binder_local_pipeline_32_PDL1_ALPHA_REPACK_v7_r004_cand_v7r004_hyp_0004_00_001_af7f7c76a908b/job_0_n_211_id_65_fk_orig0_bm1-s0to100br3-s100to200br1-s200to300br0-s300to400br3/job_0_n_211_id_65_fk_orig0_bm1-s0to100br3-s100to200br1-s200to300br0-s300to400br3.pdb,257,"2,0,13,16,19,16,19,14,11,3,10,18,19,19,6,18,7,15,2,12,16,9,6,4,11,13,14,19,6,11,5,10,3,10,0,0,10,9,19,18,17,6,12,6,3,11,2,9,9,5,13,19,8,7,6,6,3,10,11,19,5,8,15,15,18,1,5,1,0,1,10,10,11,3,5,10,15,10,7,2,0,0,10,5,9,16,3,19,11,10,5,3,0,7,19,18,1,4,12,9,15,18,7,7,0,3,18,11,1,9,16,19,11,19,2,0,15,19,19,3,2,19,10,3,11,0,9,5,1,0,11,6,0,7,2,7,19,0,0,6,10,19,1,12,10,11,15,7,11,0,15,6,15,5,9,10,14,1,10,6,5,10,7,0,15,2,15,16,5,3,10,0,1,3,19,19,11,15,11,18,6,0,16,1,18,1,11,10,7,13,10,10,8,0,10,3,10,0,16,2,3,3,19,0,0,10,12,11,13,19,14,0,0,0,0,0,0,0,0,0,0,0,0,0,0,0,0,0,0,0,0,0,0,0,0",-0.13992591,0.034895033,3.0,0.750974,7.48555,0.776628,1.0,0.776628,0.11381643,0.750974,0.0,0.0,0.750974,0.0013064649,0.9316007,0.11381643,0.22758535,1.43682,7.48555,-0.13992591,1.7815096,145.72215,0.72532,0.72532,1.0,145.72215,0.87002325,0.06839933,0.22758535,0.0013064649,0.776628,0.034895033,0.0,1.43682,1.7815096,0.72532,0.13992591,0.0,0.776628,0.13992591,0.90170586,0.72532,1.0,0.750974,final,fk_orig0_bm1-s0to100br3-s100to200br1-s200to300br0-s300to400br3
/work/T-REX/external/Proteina-Complexa/inference/search_binder_local_pipeline_32_PDL1_ALPHA_REPACK_v7_r004_cand_v7r004_hyp_0004_00_001_af7f7c76a908b/job_0_n_211_id_66_fk_orig0_bm1-s0to100br3-s100to200br2-s200to300br2-s300to400br0/job_0_n_211_id_66_fk_orig0_bm1-s0to100br3-s100to200br2-s200to300br2-s300to400br0.pdb,258,"2,0,13,16,19,16,19,14,11,3,10,18,19,19,6,18,7,15,2,12,16,9,6,4,11,13,14,19,6,11,5,10,3,10,0,0,10,9,19,18,17,6,12,6,3,11,2,9,9,5,13,19,8,7,6,6,3,10,11,19,5,8,15,15,18,1,5,1,0,1,10,10,11,3,5,10,15,10,7,2,0,0,10,5,9,16,3,19,11,10,5,3,0,7,19,18,1,4,12,9,15,18,7,7,0,3,18,11,1,9,16,19,11,19,2,0,15,15,10,6,10,0,11,6,11,10,10,5,6,19,11,6,11,16,3,3,3,9,18,2,10,19,11,11,10,10,6,2,14,11,3,0,3,0,17,2,14,10,10,14,1,10,11,0,16,14,6,3,2,6,10,19,8,3,9,5,2,0,5,0,6,6,17,0,9,19,2,10,0,13,10,10,8,11,18,11,8,9,15,16,0,16,13,7,10,19,10,4,0,0,11,0,0,0,0,0,0,0,0,0,0,0,0,0,0,0,0,0,0,0,0,0,0,0,0",-0.13019307,0.03608068,3.0,0.7468834,5.344066,0.7658503,1.0,0.7658503,0.103186846,0.7468834,0.0,0.0,0.7468834,0.0009027111,0.9526262,0.103186846,0.1647028,1.3083229,5.344066,-0.13019307,1.8687687,126.766594,0.7279165,0.7279165,1.0,126.766594,0.8738557,0.047373798,0.1647028,0.0009027111,0.7658503,0.03608068,0.0,1.3083229,1.8687687,0.7279165,0.13019307,0.0,0.7658503,0.13019307,0.9059348,0.7279165,1.0,0.7468834,final,fk_orig0_bm1-s0to100br3-s100to200br2-s200to300br2-s300to400br0
/work/T-REX/external/Proteina-Complexa/inference/search_binder_local_pipeline_32_PDL1_ALPHA_REPACK_v7_r004_cand_v7r004_hyp_0004_00_001_af7f7c76a908b/job_0_n_211_id_67_fk_orig0_bm1-s0to100br3-s100to200br1-s200to300br2-s300to400br1/job_0_n_211_id_67_fk_orig0_bm1-s0to100br3-s100to200br1-s200to300br2-s300to400br1.pdb,259,"2,0,13,16,19,16,19,14,11,3,10,18,19,19,6,18,7,15,2,12,16,9,6,4,11,13,14,19,6,11,5,10,3,10,0,0,10,9,19,18,17,6,12,6,3,11,2,9,9,5,13,19,8,7,6,6,3,10,11,19,5,8,15,15,18,1,5,1,0,1,10,10,11,3,5,10,15,10,7,2,0,0,10,5,9,16,3,19,11,10,5,3,0,7,19,18,1,4,12,9,15,18,7,7,0,3,18,11,1,9,16,19,11,19,2,0,15,11,5,6,11,0,11,11,9,10,6,6,0,9,5,11,9,11,15,3,14,9,11,2,2,10,10,11,9,10,8,5,5,0,14,10,10,0,10,15,2,10,11,15,16,7,10,10,3,14,15,16,10,11,10,10,6,3,0,0,11,15,4,9,6,16,3,1,9,11,10,10,0,13,0,10,8,16,10,7,19,0,12,2,3,3,19,0,11,9,10,15,10,19,2,0,0,0,0,0,0,0,0,0,0,0,0,0,0,0,0,0,0,0,0,0,0,0,0",-0.13135064,0.040797435,3.0,0.74434763,4.0703363,0.7669195,1.0,0.7669195,0.1032929,0.74434763,0.0,0.0,0.74434763,0.00089699036,0.95432335,0.1032929,0.07556177,1.2672136,4.0703363,-0.13135064,1.9305867,122.850975,0.72177577,0.72177577,1.0,122.850975,0.86761045,0.04567665,0.07556177,0.00089699036,0.7669195,0.040797435,0.0,1.2672136,1.9305867,0.72177577,0.13135064,0.0,0.7669195,0.13135064,0.90331995,0.72177577,1.0,0.74434763,final,fk_orig0_bm1-s0to100br3-s100to200br1-s200to300br2-s300to400br1
/work/T-REX/external/Proteina-Complexa/inference/search_binder_local_pipeline_32_PDL1_ALPHA_REPACK_v7_r004_cand_v7r004_hyp_0004_00_001_af7f7c76a908b/job_0_n_235_id_64_fk_orig1_bm0-s0to100br2-s100to200br2-s200to300br3-s300to400br1/job_0_n_235_id_64_fk_orig1_bm0-s0to100br2-s100to200br2-s200to300br3-s300to400br1.pdb,260,"2,0,13,16,19,16,19,14,11,3,10,18,19,19,6,18,7,15,2,12,16,9,6,4,11,13,14,19,6,11,5,10,3,10,0,0,10,9,19,18,17,6,12,6,3,11,2,9,9,5,13,19,8,7,6,6,3,10,11,19,5,8,15,15,18,1,5,1,0,1,10,10,11,3,5,10,15,10,7,2,0,0,10,5,9,16,3,19,11,10,5,3,0,7,19,18,1,4,12,9,15,18,7,7,0,3,18,11,1,9,16,19,11,19,2,0,0,17,16,19,16,19,14,11,3,10,18,19,19,6,18,7,15,2,12,16,9,6,4,11,13,14,19,6,11,5,10,3,10,0,18,10,9,19,10,17,2,0,2,0,11,2,9,9,5,13,19,8,7,6,6,19,10,11,19,5,8,15,15,18,1,5,1,0,1,10,10,11,3,5,10,15,10,7,2,0,0,10,5,9,16,3,19,11,6,5,3,0,7,19,11,1,4,12,9,15,18,18,7,13,3,18,11,1,9,16,19,11,19,2,0,16,16,14,8",-0.468688,0.24420169,3.0,0.09027065,16.786396,0.09469688,1.0,0.09469688,0.28867322,0.013870781,0.0,0.0,0.09027065,0.028302994,0.86931145,0.28867322,0.7183689,1.3236386,16.786396,-0.468688,3.6545074,176.57933,0.01372611,0.085844435,1.0,176.57933,0.35757083,0.13068852,0.7183689,0.028302994,0.014015452,0.24420169,0.0,1.3236386,3.6545074,0.01372611,0.468688,0.0,0.014015452,0.468688,0.63463163,0.085844435,1.0,0.013870781,final,fk_orig1_bm0-s0to100br2-s100to200br2-s200to300br3-s300to400br1
/work/T-REX/external/Proteina-Complexa/inference/search_binder_local_pipeline_32_PDL1_ALPHA_REPACK_v7_r004_cand_v7r004_hyp_0004_00_001_af7f7c76a908b/job_0_n_235_id_65_fk_orig1_bm0-s0to100br0-s100to200br3-s200to300br0-s300to400br1/job_0_n_235_id_65_fk_orig1_bm0-s0to100br0-s100to200br3-s200to300br0-s300to400br1.pdb,261,"2,0,13,16,19,16,19,14,11,3,10,18,19,19,6,18,7,15,2,12,16,9,6,4,11,13,14,19,6,11,5,10,3,10,0,0,10,9,19,18,17,6,12,6,3,11,2,9,9,5,13,19,8,7,6,6,3,10,11,19,5,8,15,15,18,1,5,1,0,1,10,10,11,3,5,10,15,10,7,2,0,0,10,5,9,16,3,19,11,10,5,3,0,7,19,18,1,4,12,9,15,18,7,7,0,3,18,11,1,9,16,19,11,19,2,0,2,4,13,16,19,2,19,14,11,3,10,18,19,19,6,18,7,15,2,12,16,9,6,4,11,13,14,19,6,11,5,10,3,10,16,0,10,13,4,18,17,6,7,6,3,11,2,9,9,5,13,19,3,7,6,6,3,10,11,19,5,8,9,15,18,1,5,1,0,1,10,10,11,3,5,10,15,10,7,2,0,0,10,5,9,16,3,19,11,10,5,3,0,7,19,18,1,2,12,9,15,18,7,7,0,3,18,11,1,9,16,19,11,19,4,0,19,8,3",-0.4943551,0.27968192,3.0,0.0735265,14.97255,0.07396512,1.0,0.07396512,0.30222255,0.0136187,0.0,0.0,0.0735265,0.012679493,0.85457593,0.30222255,0.61101615,1.373795,14.97255,-0.4943551,3.8026524,187.8688,0.0130828265,0.07308789,1.0,187.8688,0.3136587,0.14542405,0.61101615,0.012679493,0.014154574,0.27968192,0.0,1.373795,3.8026524,0.0130828265,0.4943551,0.0,0.014154574,0.4943551,0.61111045,0.07308789,1.0,0.0136187,final,fk_orig1_bm0-s0to100br0-s100to200br3-s200to300br0-s300to400br1
/work/T-REX/external/Proteina-Complexa/inference/search_binder_local_pipeline_32_PDL1_ALPHA_REPACK_v7_r004_cand_v7r004_hyp_0004_00_001_af7f7c76a908b/job_0_n_235_id_66_fk_orig1_bm0-s0to100br0-s100to200br0-s200to300br3-s300to400br0/job_0_n_235_id_66_fk_orig1_bm0-s0to100br0-s100to200br0-s200to300br3-s300to400br0.pdb,262,"2,0,13,16,19,16,19,14,11,3,10,18,19,19,6,18,7,15,2,12,16,9,6,4,11,13,14,19,6,11,5,10,3,10,0,0,10,9,19,18,17,6,12,6,3,11,2,9,9,5,13,19,8,7,6,6,3,10,11,19,5,8,15,15,18,1,5,1,0,1,10,10,11,3,5,10,15,10,7,2,0,0,10,5,9,16,3,19,11,10,5,3,0,7,19,18,1,4,12,9,15,18,7,7,0,3,18,11,1,9,16,19,11,19,2,0,2,0,13,16,19,7,19,14,11,3,10,18,19,19,6,18,7,15,2,12,16,9,6,4,11,13,14,19,6,11,5,10,3,10,0,0,10,9,19,13,17,6,12,4,3,11,2,9,9,5,13,8,1,7,6,6,3,5,11,19,5,8,15,19,18,1,5,1,0,1,10,10,11,3,5,10,15,10,7,2,0,0,10,5,9,16,3,19,11,10,5,3,0,7,19,18,1,4,12,9,15,18,7,7,0,3,18,11,3,9,16,19,11,19,2,0,14,15,2",-0.4864204,0.24634203,3.0,0.076150484,13.432813,0.07714527,1.0,0.07714527,0.29384094,0.013611749,0.0,0.0,0.076150484,0.013888125,0.8638438,0.29384094,1.0573319,1.3097014,13.432813,-0.4864204,3.76073,186.29053,0.013254334,0.0751557,1.0,186.29053,0.3119945,0.13615623,1.0573319,0.013888125,0.013969163,0.24634203,0.0,1.3097014,3.76073,0.013254334,0.4864204,0.0,0.013969163,0.4864204,0.61491036,0.0751557,1.0,0.013611749,final,fk_orig1_bm0-s0to100br0-s100to200br0-s200to300br3-s300to400br0
/work/T-REX/external/Proteina-Complexa/inference/search_binder_local_pipeline_32_PDL1_ALPHA_REPACK_v7_r004_cand_v7r004_hyp_0004_00_001_af7f7c76a908b/job_0_n_235_id_67_fk_orig1_bm0-s0to100br2-s100to200br2-s200to300br2-s300to400br3/job_0_n_235_id_67_fk_orig1_bm0-s0to100br2-s100to200br2-s200to300br2-s300to400br3.pdb,263,"2,0,13,16,19,16,19,14,11,3,10,18,19,19,6,18,7,15,2,12,16,9,6,4,11,13,14,19,6,11,5,10,3,10,0,0,10,9,19,18,17,6,12,6,3,11,2,9,9,5,13,19,8,7,6,6,3,10,11,19,5,8,15,15,18,1,5,1,0,1,10,10,11,3,5,10,15,10,7,2,0,0,10,5,9,16,3,19,11,10,5,3,0,7,19,18,1,4,12,9,15,18,7,7,0,3,18,11,1,9,16,19,11,19,2,0,10,13,16,19,16,19,14,11,3,10,18,19,19,18,18,7,15,5,12,9,9,6,4,11,13,14,19,12,11,5,10,3,10,0,0,10,9,19,18,17,6,12,6,3,11,2,9,9,5,13,19,8,7,6,6,3,10,11,9,5,8,15,15,18,10,5,1,0,1,10,10,11,3,5,10,15,10,7,2,0,0,10,5,9,16,3,19,11,10,5,6,0,7,19,18,1,4,12,9,15,18,7,16,0,3,18,11,16,9,16,19,11,19,2,0,15,14,10,14",-0.56121373,0.32053983,3.0,0.031952087,81.82598,0.035335343,1.0,0.035335343,0.33406428,0.011282413,0.0,0.0,0.031952087,0.008627621,0.8528449,0.33406428,8.259127,1.3485149,81.82598,-0.56121373,4.0089087,197.89877,0.01081263,0.02856883,1.0,197.89877,0.23743525,0.14715512,8.259127,0.008627621,0.011752197,0.32053983,0.0,1.3485149,4.0089087,0.01081263,0.56121373,0.0,0.011752197,0.56121373,0.57405686,0.02856883,1.0,0.011282413,final,fk_orig1_bm0-s0to100br2-s100to200br2-s200to300br2-s300to400br3
/work/T-REX/external/Proteina-Complexa/inference/search_binder_local_pipeline_32_PDL1_ALPHA_REPACK_v7_r004_cand_v7r004_hyp_0004_00_001_af7f7c76a908b/job_0_n_184_id_64_fk_orig2_bm0-s0to100br3-s100to200br1-s200to300br1-s300to400br0/job_0_n_184_id_64_fk_orig2_bm0-s0to100br3-s100to200br1-s200to300br1-s300to400br0.pdb,264,"2,0,13,16,19,16,19,14,11,3,10,18,19,19,6,18,7,15,2,12,16,9,6,4,11,13,14,19,6,11,5,10,3,10,0,0,10,9,19,18,17,6,12,6,3,11,2,9,9,5,13,19,8,7,6,6,3,10,11,19,5,8,15,15,18,1,5,1,0,1,10,10,11,3,5,10,15,10,7,2,0,0,10,5,9,16,3,19,11,10,5,3,0,7,19,18,1,4,12,9,15,18,7,7,0,3,18,11,1,9,16,19,11,19,2,0,14,3,4,18,13,12,10,7,0,9,10,9,0,8,7,19,10,11,11,0,6,11,2,18,11,11,0,9,6,10,7,18,14,3,0,3,11,0,18,11,16,10,15,9,19,18,15,0,11,11,3,18,3,6,0,0,9,5,12,6,6,0,1,11,0,1,10,0,0,0,0,0,0,0,0,0,0,0,0,0,0,0,0,0,0,0,0,0,0,0,0,0,0,0,0,0,0,0,0,0,0,0,0,0,0,0,0,0,0,0,0,0,0,0,0,0,0,0,0",-0.19310835,0.07473399,3.0,0.43487138,8.585386,0.5053291,1.0,0.5053291,0.14901584,0.43487138,0.0,0.0,0.43487138,0.005567486,0.9279929,0.14901584,0.36849058,1.4498222,8.585386,-0.19310835,3.1003504,117.48883,0.3644137,0.3644137,1.0,117.48883,0.7366541,0.07200714,0.36849058,0.005567486,0.5053291,0.07473399,0.0,1.4498222,3.1003504,0.3644137,0.19310835,0.0,0.5053291,0.19310835,0.8538653,0.3644137,1.0,0.43487138,final,fk_orig2_bm0-s0to100br3-s100to200br1-s200to300br1-s300to400br0
/work/T-REX/external/Proteina-Complexa/inference/search_binder_local_pipeline_32_PDL1_ALPHA_REPACK_v7_r004_cand_v7r004_hyp_0004_00_001_af7f7c76a908b/job_0_n_184_id_65_fk_orig2_bm0-s0to100br3-s100to200br1-s200to300br3-s300to400br1/job_0_n_184_id_65_fk_orig2_bm0-s0to100br3-s100to200br1-s200to300br3-s300to400br1.pdb,265,"2,0,13,16,19,16,19,14,11,3,10,18,19,19,6,18,7,15,2,12,16,9,6,4,11,13,14,19,6,11,5,10,3,10,0,0,10,9,19,18,17,6,12,6,3,11,2,9,9,5,13,19,8,7,6,6,3,10,11,19,5,8,15,15,18,1,5,1,0,1,10,10,11,3,5,10,15,10,7,2,0,0,10,5,9,16,3,19,11,10,5,3,0,7,19,18,1,4,12,9,15,18,7,7,0,3,18,11,1,9,16,19,11,19,2,0,0,10,0,8,13,2,10,7,2,19,18,11,2,5,11,2,10,3,6,0,6,11,6,18,11,11,0,9,6,10,2,18,14,3,0,5,11,0,18,10,6,10,15,7,19,18,15,5,11,11,2,18,3,6,0,0,11,12,12,6,6,15,1,0,0,1,10,0,0,0,0,0,0,0,0,0,0,0,0,0,0,0,0,0,0,0,0,0,0,0,0,0,0,0,0,0,0,0,0,0,0,0,0,0,0,0,0,0,0,0,0,0,0,0,0,0,0,0,0",-0.1492093,0.053933185,3.0,0.5666381,6.2036643,0.6358168,1.0,0.6358168,0.11643525,0.5666381,0.0,0.0,0.5666381,0.0011848492,0.9430717,0.11643525,0.20398904,1.2571517,6.2036643,-0.1492093,2.0397074,118.79199,0.4974594,0.4974594,1.0,118.79199,0.7997315,0.05692829,0.20398904,0.0011848492,0.6358168,0.053933185,0.0,1.2571517,2.0397074,0.4974594,0.1492093,0.0,0.6358168,0.1492093,0.8699824,0.4974594,1.0,0.5666381,final,fk_orig2_bm0-s0to100br3-s100to200br1-s200to300br3-s300to400br1
/work/T-REX/external/Proteina-Complexa/inference/search_binder_local_pipeline_32_PDL1_ALPHA_REPACK_v7_r004_cand_v7r004_hyp_0004_00_001_af7f7c76a908b/job_0_n_184_id_66_fk_orig2_bm0-s0to100br3-s100to200br1-s200to300br3-s300to400br2/job_0_n_184_id_66_fk_orig2_bm0-s0to100br3-s100to200br1-s200to300br3-s300to400br2.pdb,266,"2,0,13,16,19,16,19,14,11,3,10,18,19,19,6,18,7,15,2,12,16,9,6,4,11,13,14,19,6,11,5,10,3,10,0,0,10,9,19,18,17,6,12,6,3,11,2,9,9,5,13,19,8,7,6,6,3,10,11,19,5,8,15,15,18,1,5,1,0,1,10,10,11,3,5,10,15,10,7,2,0,0,10,5,9,16,3,19,11,10,5,3,0,7,19,18,1,4,12,9,15,18,7,7,0,3,18,11,1,9,16,19,11,19,2,0,0,10,0,8,13,2,10,7,2,19,18,11,15,5,7,2,10,3,6,0,6,11,6,18,11,11,0,9,6,10,2,18,14,3,0,3,11,0,18,10,6,10,15,7,19,18,15,5,11,11,2,18,3,6,0,0,11,12,12,6,17,0,1,11,0,1,10,0,0,0,0,0,0,0,0,0,0,0,0,0,0,0,0,0,0,0,0,0,0,0,0,0,0,0,0,0,0,0,0,0,0,0,0,0,0,0,0,0,0,0,0,0,0,0,0,0,0,0,0",-0.14345136,0.05118547,3.0,0.58739775,4.278052,0.6568489,1.0,0.6568489,0.11289309,0.58739775,0.0,0.0,0.58739775,0.0011678251,0.94488573,0.11289309,0.27276802,1.2603269,4.278052,-0.14345136,1.9911019,117.239716,0.5179466,0.5179466,1.0,117.239716,0.8096217,0.05511429,0.27276802,0.0011678251,0.6568489,0.05118547,0.0,1.2603269,1.9911019,0.5179466,0.14345136,0.0,0.6568489,0.14345136,0.8759857,0.5179466,1.0,0.58739775,final,fk_orig2_bm0-s0to100br3-s100to200br1-s200to300br3-s300to400br2
/work/T-REX/external/Proteina-Complexa/inference/search_binder_local_pipeline_32_PDL1_ALPHA_REPACK_v7_r004_cand_v7r004_hyp_0004_00_001_af7f7c76a908b/job_0_n_184_id_67_fk_orig2_bm0-s0to100br3-s100to200br1-s200to300br3-s300to400br0/job_0_n_184_id_67_fk_orig2_bm0-s0to100br3-s100to200br1-s200to300br3-s300to400br0.pdb,267,"2,0,13,16,19,16,19,14,11,3,10,18,19,19,6,18,7,15,2,12,16,9,6,4,11,13,14,19,6,11,5,10,3,10,0,0,10,9,19,18,17,6,12,6,3,11,2,9,9,5,13,19,8,7,6,6,3,10,11,19,5,8,15,15,18,1,5,1,0,1,10,10,11,3,5,10,15,10,7,2,0,0,10,5,9,16,3,19,11,10,5,3,0,7,19,18,1,4,12,9,15,18,7,7,0,3,18,11,1,9,16,19,11,19,2,0,0,10,0,8,13,2,10,7,2,19,18,11,15,5,7,2,10,3,6,0,6,11,6,18,11,11,0,9,6,10,2,18,14,3,0,3,11,0,18,10,6,10,15,7,19,18,15,5,11,18,2,18,3,6,0,0,11,12,12,6,6,0,1,11,0,1,10,0,0,0,0,0,0,0,0,0,0,0,0,0,0,0,0,0,0,0,0,0,0,0,0,0,0,0,0,0,0,0,0,0,0,0,0,0,0,0,0,0,0,0,0,0,0,0,0,0,0,0,0",-0.16643226,0.06477823,3.0,0.48812807,4.327617,0.574983,1.0,0.574983,0.12809747,0.48812807,0.0,0.0,0.48812807,0.0015103922,0.9343929,0.12809747,0.24272291,1.2683506,4.327617,-0.16643226,2.2040339,123.01706,0.4012731,0.4012731,1.0,123.01706,0.7704456,0.0656071,0.24272291,0.0015103922,0.574983,0.06477823,0.0,1.2683506,2.2040339,0.4012731,0.16643226,0.0,0.574983,0.16643226,0.86452854,0.4012731,1.0,0.48812807,final,fk_orig2_bm0-s0to100br3-s100to200br1-s200to300br3-s300to400br0
/work/T-REX/external/Proteina-Complexa/inference/search_binder_local_pipeline_32_PDL1_ALPHA_REPACK_v7_r004_cand_v7r004_hyp_0004_00_001_af7f7c76a908b/job_0_n_222_id_64_fk_orig3_bm1-s0to100br1-s100to200br3-s200to300br2-s300to400br0/job_0_n_222_id_64_fk_orig3_bm1-s0to100br1-s100to200br3-s200to300br2-s300to400br0.pdb,268,"2,0,13,16,19,16,19,14,11,3,10,18,19,19,6,18,7,15,2,12,16,9,6,4,11,13,14,19,6,11,5,10,3,10,0,0,10,9,19,18,17,6,12,6,3,11,2,9,9,5,13,19,8,7,6,6,3,10,11,19,5,8,15,15,18,1,5,1,0,1,10,10,11,3,5,10,15,10,7,2,0,0,10,5,9,16,3,19,11,10,5,3,0,7,19,18,1,4,12,9,15,18,7,7,0,3,18,11,1,9,16,19,11,19,2,0,10,8,19,16,0,14,0,10,19,15,7,16,19,7,7,15,19,16,10,14,4,11,13,2,19,14,5,15,3,19,9,15,19,10,17,11,7,18,2,3,19,2,19,10,16,18,15,2,7,5,19,16,18,15,3,15,13,11,7,1,0,6,13,3,14,11,2,7,3,0,15,10,11,10,15,3,10,11,10,6,3,15,7,19,18,6,4,10,19,13,0,11,16,7,19,3,15,0,11,9,16,10,3,19,11,0,0,0,0,0,0,0,0,0,0,0,0,0,0",-0.28024474,0.11771007,3.0,0.27406645,13.920959,0.28247747,1.0,0.28247747,0.1948793,0.27335125,0.0,0.0,0.27406645,0.0021518553,0.8899278,0.1948793,1.1214726,1.4604276,13.920959,-0.28024474,3.2251945,163.88481,0.26511666,0.26565546,1.0,163.88481,0.6090811,0.11007217,1.1214726,0.0021518553,0.28158587,0.11771007,0.0,1.4604276,3.2251945,0.26511666,0.28024474,0.0,0.28158587,0.28024474,0.7703941,0.26565546,1.0,0.27335125,final,fk_orig3_bm1-s0to100br1-s100to200br3-s200to300br2-s300to400br0
/work/T-REX/external/Proteina-Complexa/inference/search_binder_local_pipeline_32_PDL1_ALPHA_REPACK_v7_r004_cand_v7r004_hyp_0004_00_001_af7f7c76a908b/job_0_n_222_id_65_fk_orig3_bm1-s0to100br1-s100to200br2-s200to300br3-s300to400br3/job_0_n_222_id_65_fk_orig3_bm1-s0to100br1-s100to200br2-s200to300br3-s300to400br3.pdb,269,"2,0,13,16,19,16,19,14,11,3,10,18,19,19,6,18,7,15,2,12,16,9,6,4,11,13,14,19,6,11,5,10,3,10,0,0,10,9,19,18,17,6,12,6,3,11,2,9,9,5,13,19,8,7,6,6,3,10,11,19,5,8,15,15,18,1,5,1,0,1,10,10,11,3,5,10,15,10,7,2,0,0,10,5,9,16,3,19,11,10,5,3,0,7,19,18,1,4,12,9,15,18,7,7,0,3,18,11,1,9,16,19,11,19,2,0,10,19,9,16,0,14,11,19,19,15,7,16,11,7,7,15,19,16,10,14,4,11,19,15,11,16,8,12,5,14,18,3,9,15,17,11,7,14,2,3,19,2,19,10,16,18,15,19,7,7,16,16,18,13,7,3,13,11,7,1,0,15,10,11,14,11,2,7,3,0,15,10,11,10,15,2,10,11,10,15,3,15,7,9,18,16,16,10,19,0,3,7,6,7,9,0,3,11,11,9,15,10,2,19,11,0,0,0,0,0,0,0,0,0,0,0,0,0,0",-0.19233541,0.06343103,3.0,0.5357586,11.919694,0.5464512,1.0,0.5464512,0.14962539,0.5357586,0.0,0.0,0.5357586,0.004627512,0.9204773,0.14962539,0.4481041,1.3990182,11.919694,-0.19233541,2.8693051,145.66913,0.52506596,0.52506596,1.0,145.66913,0.78664356,0.07952271,0.4481041,0.004627512,0.5464512,0.06343103,0.0,1.3990182,2.8693051,0.52506596,0.19233541,0.0,0.5464512,0.19233541,0.85474455,0.52506596,1.0,0.5357586,final,fk_orig3_bm1-s0to100br1-s100to200br2-s200to300br3-s300to400br3
/work/T-REX/external/Proteina-Complexa/inference/search_binder_local_pipeline_32_PDL1_ALPHA_REPACK_v7_r004_cand_v7r004_hyp_0004_00_001_af7f7c76a908b/job_0_n_222_id_66_fk_orig3_bm1-s0to100br1-s100to200br2-s200to300br3-s300to400br0/job_0_n_222_id_66_fk_orig3_bm1-s0to100br1-s100to200br2-s200to300br3-s300to400br0.pdb,270,"2,0,13,16,19,16,19,14,11,3,10,18,19,19,6,18,7,15,2,12,16,9,6,4,11,13,14,19,6,11,5,10,3,10,0,0,10,9,19,18,17,6,12,6,3,11,2,9,9,5,13,19,8,7,6,6,3,10,11,19,5,8,15,15,18,1,5,1,0,1,10,10,11,3,5,10,15,10,7,2,0,0,10,5,9,16,3,19,11,10,5,3,0,7,19,18,1,4,12,9,15,18,7,7,0,3,18,11,1,9,16,19,11,19,2,0,10,19,19,16,0,14,11,15,19,15,7,16,11,7,7,15,19,16,10,14,4,11,19,15,11,16,10,16,15,14,18,15,18,15,17,11,7,14,2,3,19,2,19,10,16,18,15,15,7,5,16,16,18,13,7,3,13,11,7,1,0,15,10,2,14,11,2,7,3,0,15,10,11,10,15,2,10,11,10,15,3,15,7,16,18,16,4,10,19,0,3,0,15,7,9,0,3,11,11,9,15,10,2,19,11,0,0,0,0,0,0,0,0,0,0,0,0,0,0",-0.2524925,0.10428447,3.0,0.33667672,11.211784,0.34201372,1.0,0.34201372,0.17776342,0.33667672,0.0,0.0,0.33667672,0.0029357953,0.9050337,0.17776342,0.5257791,1.3887337,11.211784,-0.2524925,3.1049402,157.38632,0.33133975,0.33133975,1.0,157.38632,0.6890246,0.09496632,0.5257791,0.0029357953,0.34201372,0.10428447,0.0,1.3887337,3.1049402,0.33133975,0.2524925,0.0,0.34201372,0.2524925,0.7960067,0.33133975,1.0,0.33667672,final,fk_orig3_bm1-s0to100br1-s100to200br2-s200to300br3-s300to400br0
/work/T-REX/external/Proteina-Complexa/inference/search_binder_local_pipeline_32_PDL1_ALPHA_REPACK_v7_r004_cand_v7r004_hyp_0004_00_001_af7f7c76a908b/job_0_n_222_id_67_fk_orig3_bm1-s0to100br1-s100to200br0-s200to300br2-s300to400br2/job_0_n_222_id_67_fk_orig3_bm1-s0to100br1-s100to200br0-s200to300br2-s300to400br2.pdb,271,"2,0,13,16,19,16,19,14,11,3,10,18,19,19,6,18,7,15,2,12,16,9,6,4,11,13,14,19,6,11,5,10,3,10,0,0,10,9,19,18,17,6,12,6,3,11,2,9,9,5,13,19,8,7,6,6,3,10,11,19,5,8,15,15,18,1,5,1,0,1,10,10,11,3,5,10,15,10,7,2,0,0,10,5,9,16,3,19,11,10,5,3,0,7,19,18,1,4,12,9,15,18,7,7,0,3,18,11,1,9,16,19,11,19,2,0,10,16,0,16,0,14,16,15,19,15,7,16,19,7,7,15,19,16,10,14,4,11,16,15,11,15,10,15,15,14,13,15,9,19,17,11,7,14,2,3,19,11,9,10,16,18,0,7,7,6,16,16,18,13,6,14,13,11,7,1,0,15,10,5,14,15,7,16,3,0,15,10,16,10,15,3,10,1,10,6,3,15,7,19,18,2,4,10,19,0,3,11,16,7,9,0,3,0,11,9,16,10,16,19,16,7,0,0,0,0,0,0,0,0,0,0,0,0,0",-0.6398511,0.34015623,3.0,0.006119656,101.913124,0.0063713277,1.0,0.0063713277,0.37516993,0.0,0.0,0.0,0.006119656,0.0013616512,0.8617984,0.37516993,12.016723,1.2616574,101.913124,-0.6398511,4.2083426,199.07515,0.0,0.005867984,1.0,199.07515,0.18042225,0.1382016,12.016723,0.0013616512,0.0,0.34015623,0.0,1.2616574,4.2083426,0.0,0.6398511,0.0,0.0,0.6398511,0.5507742,0.005867984,1.0,0.0,final,fk_orig3_bm1-s0to100br1-s100to200br0-s200to300br2-s300to400br2
