pdb_path,pdb_index,aatype,total_reward,af2folding_min_ipae,af2folding_recycles_log,af2folding_avg_ipsae,af2folding_fape_log,af2folding_max_ipsae,af2folding_seqid_log,af2folding_max_ipsae_log,af2folding_pae_log,af2folding_avg_ipsae_10,af2folding_hard_log,af2folding_models_log,af2folding_avg_ipsae_log,af2folding_exp_res_log,af2folding_plddt_log,af2folding_pae,af2folding_rmsd,af2folding_con_log,af2folding_fape,af2folding_loss_log,af2folding_i_con,af2folding_dgram_cce_log,af2folding_min_ipsae_10,af2folding_min_ipsae_log,af2folding_soft_log,af2folding_dgram_cce,af2folding_i_ptm_log,af2folding_plddt,af2folding_rmsd_log,af2folding_exp_res,af2folding_max_ipsae_10,af2folding_min_ipae_log,af2folding_seq_ent_log,af2folding_con,af2folding_i_con_log,af2folding_min_ipsae_10_log,af2folding_i_pae_log,af2folding_seq_ent,af2folding_max_ipsae_10_log,af2folding_i_pae,af2folding_ptm_log,af2folding_min_ipsae,af2folding_temp_log,af2folding_avg_ipsae_10_log,sample_type,metadata_tag
/work/T-REX/external/Proteina-Complexa/inference/search_binder_local_pipeline_32_PDL1_ALPHA_REPACK_v7_r003_cand_v7r003_hyp_0003_01_002_a33ac9851a300/job_0_n_176_id_0_beam_orig0_bm0-s0to100br0/job_0_n_176_id_0_beam_orig0_bm0-s0to100br0.pdb,0,"2,0,13,16,19,16,19,14,11,3,10,18,19,19,6,18,7,15,2,12,16,9,6,4,11,13,14,19,6,11,5,10,3,10,0,0,10,9,19,18,17,6,12,6,3,11,2,9,9,5,13,19,8,7,6,6,3,10,11,19,5,8,15,15,18,1,5,1,0,1,10,10,11,3,5,10,15,10,7,2,0,0,10,5,9,16,3,19,11,10,5,3,0,7,19,18,1,4,12,9,15,18,7,7,0,3,18,11,1,9,16,19,11,19,2,0,0,14,10,16,3,3,14,13,5,10,9,0,2,11,16,14,13,16,19,6,5,9,0,2,11,10,7,9,16,3,19,2,2,10,16,5,6,3,11,2,1,19,19,5,18,0,1,3,10,2,10,15,6,10,3,10,15,5,9,11,0,0,0,0,0,0,0,0,0,0,0,0,0,0,0,0,0,0,0,0,0,0,0,0,0,0,0,0,0,0,0,0,0,0,0,0,0,0,0,0,0,0,0,0,0,0,0,0,0,0,0,0,0,0,0,0,0",-0.6781808,0.5075962,3.0,0.002865956,98.654724,0.005731912,1.0,0.005731912,0.5153808,0.0,0.0,0.0,0.002865956,0.019379001,0.59303975,0.5153808,7.440098,2.4906003,98.654724,-0.6781808,4.2036076,250.64182,0.0,0.0,1.0,250.64182,0.15821543,0.40696022,7.440098,0.019379001,0.0,0.5075962,0.0,2.4906003,4.2036076,0.0,0.6781808,0.0,0.0,0.6781808,0.64342856,0.0,1.0,0.0,lookahead,beam_orig0_bm0-s0to100br0
/work/T-REX/external/Proteina-Complexa/inference/search_binder_local_pipeline_32_PDL1_ALPHA_REPACK_v7_r003_cand_v7r003_hyp_0003_01_002_a33ac9851a300/job_0_n_229_id_0_beam_orig1_bm0-s0to100br0/job_0_n_229_id_0_beam_orig1_bm0-s0to100br0.pdb,1,"2,0,13,16,19,16,19,14,11,3,10,18,19,19,6,18,7,15,2,12,16,9,6,4,11,13,14,19,6,11,5,10,3,10,0,0,10,9,19,18,17,6,12,6,3,11,2,9,9,5,13,19,8,7,6,6,3,10,11,19,5,8,15,15,18,1,5,1,0,1,10,10,11,3,5,10,15,10,7,2,0,0,10,5,9,16,3,19,11,10,5,3,0,7,19,18,1,4,12,9,15,18,7,7,0,3,18,11,1,9,16,19,11,19,2,0,16,19,16,19,14,11,3,10,18,19,19,6,18,7,15,2,12,16,9,6,4,11,13,14,19,6,11,5,10,3,10,0,0,10,9,19,18,17,6,12,6,3,11,2,9,9,5,13,19,8,7,6,6,3,10,11,19,5,8,15,15,18,1,5,1,0,1,10,10,11,3,5,10,15,10,7,2,0,0,10,5,9,16,3,19,11,10,5,3,0,7,19,18,1,4,12,9,15,18,7,7,0,3,18,11,1,9,16,19,11,19,2,0,0,0,0,0",-0.53035307,0.2992262,3.0,0.039597802,68.964386,0.042194776,1.0,0.042194776,0.31393728,0.012279753,0.0,0.0,0.039597802,0.0017529293,0.8620013,0.31393728,3.037683,1.2873157,68.964386,-0.53035307,3.8985453,210.71799,0.011933271,0.037000824,1.0,210.71799,0.25429758,0.13799873,3.037683,0.0017529293,0.012626234,0.2992262,0.0,1.2873157,3.8985453,0.011933271,0.53035307,0.0,0.012626234,0.53035307,0.5842531,0.037000824,1.0,0.012279753,lookahead,beam_orig1_bm0-s0to100br0
/work/T-REX/external/Proteina-Complexa/inference/search_binder_local_pipeline_32_PDL1_ALPHA_REPACK_v7_r003_cand_v7r003_hyp_0003_01_002_a33ac9851a300/job_0_n_233_id_0_beam_orig2_bm0-s0to100br0/job_0_n_233_id_0_beam_orig2_bm0-s0to100br0.pdb,2,"2,0,13,16,19,16,19,14,11,3,10,18,19,19,6,18,7,15,2,12,16,9,6,4,11,13,14,19,6,11,5,10,3,10,0,0,10,9,19,18,17,6,12,6,3,11,2,9,9,5,13,19,8,7,6,6,3,10,11,19,5,8,15,15,18,1,5,1,0,1,10,10,11,3,5,10,15,10,7,2,0,0,10,5,9,16,3,19,11,10,5,3,0,7,19,18,1,4,12,9,15,18,7,7,0,3,18,11,1,9,16,19,11,19,2,0,2,0,13,16,19,16,19,14,11,3,10,18,19,19,6,18,7,15,2,12,16,9,6,4,11,13,14,19,6,11,5,10,3,10,0,0,10,9,19,18,17,6,12,6,3,11,2,9,9,5,13,19,8,7,6,6,3,10,11,19,5,8,15,15,18,1,5,1,0,1,10,10,11,3,5,10,15,10,7,2,0,0,10,5,9,16,3,19,11,10,5,3,0,7,19,18,1,4,12,9,15,18,7,7,0,3,18,11,1,9,16,19,11,19,2,0,14",-0.5311877,0.30160466,3.0,0.044505283,68.467766,0.047608335,1.0,0.047608335,0.31403768,0.012213325,0.0,0.0,0.044505283,0.0028234844,0.8593609,0.31403768,3.029888,1.2919849,68.467766,-0.5311877,3.9137962,208.01321,0.011956474,0.041402232,1.0,208.01321,0.25976607,0.14063913,3.029888,0.0028234844,0.012470176,0.30160466,0.0,1.2919849,3.9137962,0.011956474,0.5311877,0.0,0.012470176,0.5311877,0.5859643,0.041402232,1.0,0.012213325,lookahead,beam_orig2_bm0-s0to100br0
/work/T-REX/external/Proteina-Complexa/inference/search_binder_local_pipeline_32_PDL1_ALPHA_REPACK_v7_r003_cand_v7r003_hyp_0003_01_002_a33ac9851a300/job_0_n_180_id_0_beam_orig3_bm0-s0to100br0/job_0_n_180_id_0_beam_orig3_bm0-s0to100br0.pdb,3,"2,0,13,16,19,16,19,14,11,3,10,18,19,19,6,18,7,15,2,12,16,9,6,4,11,13,14,19,6,11,5,10,3,10,0,0,10,9,19,18,17,6,12,6,3,11,2,9,9,5,13,19,8,7,6,6,3,10,11,19,5,8,15,15,18,1,5,1,0,1,10,10,11,3,5,10,15,10,7,2,0,0,10,5,9,16,3,19,11,10,5,3,0,7,19,18,1,4,12,9,15,18,7,7,0,3,18,11,1,9,16,19,11,19,2,0,6,2,0,18,11,1,0,9,6,10,3,14,2,3,18,11,0,17,2,2,10,7,19,19,10,6,2,10,2,1,10,3,6,0,6,6,0,18,11,6,0,10,1,10,2,14,2,3,10,11,9,5,2,2,18,10,3,10,10,11,11,11,3,11,0,0,0,0,0,0,0,0,0,0,0,0,0,0,0,0,0,0,0,0,0,0,0,0,0,0,0,0,0,0,0,0,0,0,0,0,0,0,0,0,0,0,0,0,0,0,0,0,0,0,0,0,0",-0.68007255,0.49889445,3.0,0.002913951,97.559906,0.005827902,1.0,0.005827902,0.46477735,0.0,0.0,0.0,0.002913951,0.0027121892,0.8087753,0.46477735,6.5097218,1.335703,97.559906,-0.68007255,4.049261,188.71283,0.0,0.0,1.0,188.71283,0.17777663,0.19122466,6.5097218,0.0027121892,0.0,0.49889445,0.0,1.335703,4.049261,0.0,0.68007255,0.0,0.0,0.68007255,0.6367847,0.0,1.0,0.0,lookahead,beam_orig3_bm0-s0to100br0
/work/T-REX/external/Proteina-Complexa/inference/search_binder_local_pipeline_32_PDL1_ALPHA_REPACK_v7_r003_cand_v7r003_hyp_0003_01_002_a33ac9851a300/job_0_n_176_id_1_beam_orig0_bm0-s0to100br1/job_0_n_176_id_1_beam_orig0_bm0-s0to100br1.pdb,4,"2,0,13,16,19,16,19,14,11,3,10,18,19,19,6,18,7,15,2,12,16,9,6,4,11,13,14,19,6,11,5,10,3,10,0,0,10,9,19,18,17,6,12,6,3,11,2,9,9,5,13,19,8,7,6,6,3,10,11,19,5,8,15,15,18,1,5,1,0,1,10,10,11,3,5,10,15,10,7,2,0,0,10,5,9,16,3,19,11,10,5,3,0,7,19,18,1,4,12,9,15,18,7,7,0,3,18,11,1,9,16,19,11,19,2,0,0,10,6,3,10,15,2,11,6,0,6,6,10,0,5,5,13,2,10,2,5,5,5,16,3,5,10,1,15,13,16,11,0,19,10,6,1,2,2,7,6,10,16,14,6,6,1,6,0,10,19,11,18,0,11,9,10,15,15,15,0,0,0,0,0,0,0,0,0,0,0,0,0,0,0,0,0,0,0,0,0,0,0,0,0,0,0,0,0,0,0,0,0,0,0,0,0,0,0,0,0,0,0,0,0,0,0,0,0,0,0,0,0,0,0,0,0",-0.26607913,0.12728214,3.0,0.22888014,39.540188,0.27245584,1.0,0.27245584,0.20864356,0.22854808,0.0,0.0,0.22888014,0.005401866,0.838965,0.20864356,2.5336907,1.7796943,39.540188,-0.26607913,2.7459073,187.59178,0.18530442,0.18530442,1.0,187.59178,0.59720206,0.16103499,2.5336907,0.005401866,0.27179176,0.12728214,0.0,1.7796943,2.7459073,0.18530442,0.26607913,0.0,0.27179176,0.26607913,0.7984985,0.18530442,1.0,0.22854808,lookahead,beam_orig0_bm0-s0to100br1
/work/T-REX/external/Proteina-Complexa/inference/search_binder_local_pipeline_32_PDL1_ALPHA_REPACK_v7_r003_cand_v7r003_hyp_0003_01_002_a33ac9851a300/job_0_n_229_id_1_beam_orig1_bm0-s0to100br1/job_0_n_229_id_1_beam_orig1_bm0-s0to100br1.pdb,5,"2,0,13,16,19,16,19,14,11,3,10,18,19,19,6,18,7,15,2,12,16,9,6,4,11,13,14,19,6,11,5,10,3,10,0,0,10,9,19,18,17,6,12,6,3,11,2,9,9,5,13,19,8,7,6,6,3,10,11,19,5,8,15,15,18,1,5,1,0,1,10,10,11,3,5,10,15,10,7,2,0,0,10,5,9,16,3,19,11,10,5,3,0,7,19,18,1,4,12,9,15,18,7,7,0,3,18,11,1,9,16,19,11,19,2,0,16,19,16,19,14,11,3,10,18,19,19,6,18,7,15,2,12,16,9,6,4,11,13,14,19,6,11,5,10,3,10,0,0,10,9,19,18,17,6,12,6,3,11,2,9,9,5,13,19,8,7,6,6,3,10,11,19,5,8,15,15,18,1,5,1,0,1,10,10,11,3,5,10,15,10,7,2,0,0,10,5,9,16,3,19,11,10,5,3,0,7,19,18,1,4,12,9,15,18,7,7,0,3,18,11,1,9,16,19,11,19,2,0,0,0,0,0",-0.52714854,0.29409364,3.0,0.04118772,43.60492,0.042786907,1.0,0.042786907,0.3118658,0.012779756,0.0,0.0,0.04118772,0.0017696196,0.8628295,0.3118658,1.9845454,1.2797306,43.60492,-0.52714854,3.8860304,196.79106,0.012275279,0.03958853,1.0,196.79106,0.25342363,0.13717051,1.9845454,0.0017696196,0.013284234,0.29409364,0.0,1.2797306,3.8860304,0.012275279,0.52714854,0.0,0.013284234,0.52714854,0.58400106,0.03958853,1.0,0.012779756,lookahead,beam_orig1_bm0-s0to100br1
/work/T-REX/external/Proteina-Complexa/inference/search_binder_local_pipeline_32_PDL1_ALPHA_REPACK_v7_r003_cand_v7r003_hyp_0003_01_002_a33ac9851a300/job_0_n_233_id_1_beam_orig2_bm0-s0to100br1/job_0_n_233_id_1_beam_orig2_bm0-s0to100br1.pdb,6,"2,0,13,16,19,16,19,14,11,3,10,18,19,19,6,18,7,15,2,12,16,9,6,4,11,13,14,19,6,11,5,10,3,10,0,0,10,9,19,18,17,6,12,6,3,11,2,9,9,5,13,19,8,7,6,6,3,10,11,19,5,8,15,15,18,1,5,1,0,1,10,10,11,3,5,10,15,10,7,2,0,0,10,5,9,16,3,19,11,10,5,3,0,7,19,18,1,4,12,9,15,18,7,7,0,3,18,11,1,9,16,19,11,19,2,0,0,13,16,19,16,19,14,11,3,10,18,19,19,6,18,7,15,2,12,16,9,6,4,11,13,14,19,6,11,5,10,3,10,0,0,10,9,19,18,17,6,12,6,3,11,2,9,9,5,13,19,8,7,6,6,3,10,11,19,5,8,15,15,18,1,5,1,0,1,10,10,11,3,5,10,15,10,7,2,0,0,10,5,9,16,3,19,11,10,5,3,0,7,19,18,1,4,12,9,15,18,7,7,0,3,18,11,1,9,16,19,11,19,2,0,14,14",-0.53651243,0.3052008,3.0,0.042000245,77.93931,0.045054484,1.0,0.045054484,0.316778,0.012111529,0.0,0.0,0.042000245,0.004849384,0.8600967,0.316778,3.0257268,1.2947958,77.93931,-0.53651243,3.9437087,215.41537,0.01178644,0.038946006,1.0,215.41537,0.2570976,0.1399033,3.0257268,0.004849384,0.012436617,0.3052008,0.0,1.2947958,3.9437087,0.01178644,0.53651243,0.0,0.012436617,0.53651243,0.5847576,0.038946006,1.0,0.012111529,lookahead,beam_orig2_bm0-s0to100br1
/work/T-REX/external/Proteina-Complexa/inference/search_binder_local_pipeline_32_PDL1_ALPHA_REPACK_v7_r003_cand_v7r003_hyp_0003_01_002_a33ac9851a300/job_0_n_180_id_1_beam_orig3_bm0-s0to100br1/job_0_n_180_id_1_beam_orig3_bm0-s0to100br1.pdb,7,"2,0,13,16,19,16,19,14,11,3,10,18,19,19,6,18,7,15,2,12,16,9,6,4,11,13,14,19,6,11,5,10,3,10,0,0,10,9,19,18,17,6,12,6,3,11,2,9,9,5,13,19,8,7,6,6,3,10,11,19,5,8,15,15,18,1,5,1,0,1,10,10,11,3,5,10,15,10,7,2,0,0,10,5,9,16,3,19,11,10,5,3,0,7,19,18,1,4,12,9,15,18,7,7,0,3,18,11,1,9,16,19,11,19,2,0,3,19,13,18,5,11,3,11,19,6,6,0,4,1,10,13,3,13,5,2,11,7,1,19,15,19,11,3,13,7,9,0,12,1,15,10,7,5,2,14,16,6,6,6,10,11,10,10,0,3,3,3,7,18,19,6,18,11,3,13,10,11,6,13,0,0,0,0,0,0,0,0,0,0,0,0,0,0,0,0,0,0,0,0,0,0,0,0,0,0,0,0,0,0,0,0,0,0,0,0,0,0,0,0,0,0,0,0,0,0,0,0,0,0,0,0,0",-0.6034817,0.40029505,3.0,0.010576449,107.400055,0.015410519,1.0,0.015410519,0.4494407,0.005506686,0.0,0.0,0.010576449,0.0125623485,0.6608842,0.4494407,8.638616,2.2122316,107.400055,-0.6034817,3.9628003,247.9939,0.0,0.0057423785,1.0,247.9939,0.21207598,0.3391158,8.638616,0.0125623485,0.011013372,0.40029505,0.0,2.2122316,3.9628003,0.0,0.6034817,0.0,0.011013372,0.6034817,0.6531342,0.0057423785,1.0,0.005506686,lookahead,beam_orig3_bm0-s0to100br1
/work/T-REX/external/Proteina-Complexa/inference/search_binder_local_pipeline_32_PDL1_ALPHA_REPACK_v7_r003_cand_v7r003_hyp_0003_01_002_a33ac9851a300/job_0_n_176_id_2_beam_orig0_bm0-s0to100br2/job_0_n_176_id_2_beam_orig0_bm0-s0to100br2.pdb,8,"2,0,13,16,19,16,19,14,11,3,10,18,19,19,6,18,7,15,2,12,16,9,6,4,11,13,14,19,6,11,5,10,3,10,0,0,10,9,19,18,17,6,12,6,3,11,2,9,9,5,13,19,8,7,6,6,3,10,11,19,5,8,15,15,18,1,5,1,0,1,10,10,11,3,5,10,15,10,7,2,0,0,10,5,9,16,3,19,11,10,5,3,0,7,19,18,1,4,12,9,15,18,7,7,0,3,18,11,1,9,16,19,11,19,2,0,6,2,10,19,15,10,9,5,6,2,1,6,6,3,0,6,11,1,19,11,7,18,10,6,0,9,6,11,0,15,16,6,6,0,1,5,11,13,1,11,3,10,6,2,3,10,5,6,0,7,3,11,7,10,0,10,11,6,11,10,0,0,0,0,0,0,0,0,0,0,0,0,0,0,0,0,0,0,0,0,0,0,0,0,0,0,0,0,0,0,0,0,0,0,0,0,0,0,0,0,0,0,0,0,0,0,0,0,0,0,0,0,0,0,0,0,0",-0.39384457,0.1884398,3.0,0.104162216,125.53277,0.13398147,1.0,0.13398147,0.289029,0.04614499,0.0,0.0,0.104162216,0.0039079906,0.6347188,0.289029,18.141062,1.9109582,125.53277,-0.39384457,3.0662675,248.91156,0.02566593,0.07434297,1.0,248.91156,0.42060125,0.3652812,18.141062,0.0039079906,0.066624045,0.1884398,0.0,1.9109582,3.0662675,0.02566593,0.39384457,0.0,0.066624045,0.39384457,0.7306202,0.07434297,1.0,0.04614499,lookahead,beam_orig0_bm0-s0to100br2
/work/T-REX/external/Proteina-Complexa/inference/search_binder_local_pipeline_32_PDL1_ALPHA_REPACK_v7_r003_cand_v7r003_hyp_0003_01_002_a33ac9851a300/job_0_n_229_id_2_beam_orig1_bm0-s0to100br2/job_0_n_229_id_2_beam_orig1_bm0-s0to100br2.pdb,9,"2,0,13,16,19,16,19,14,11,3,10,18,19,19,6,18,7,15,2,12,16,9,6,4,11,13,14,19,6,11,5,10,3,10,0,0,10,9,19,18,17,6,12,6,3,11,2,9,9,5,13,19,8,7,6,6,3,10,11,19,5,8,15,15,18,1,5,1,0,1,10,10,11,3,5,10,15,10,7,2,0,0,10,5,9,16,3,19,11,10,5,3,0,7,19,18,1,4,12,9,15,18,7,7,0,3,18,11,1,9,16,19,11,19,2,0,13,16,19,16,19,14,11,3,10,18,19,19,6,18,7,15,2,12,16,9,6,4,11,13,14,19,6,11,5,10,3,10,0,0,10,9,19,18,17,6,12,6,3,11,2,9,9,5,13,19,8,7,6,6,3,10,11,19,5,8,15,15,18,1,5,1,0,1,10,10,11,3,5,10,15,10,7,2,0,0,10,5,9,16,3,19,11,10,5,3,0,7,19,18,1,4,12,9,15,18,7,7,0,3,18,11,1,9,16,19,11,19,2,0,0,0,0",-0.52640694,0.30040452,3.0,0.0439734,71.000175,0.046343945,1.0,0.046343945,0.3114644,0.012180564,0.0,0.0,0.0439734,0.0017841432,0.8615699,0.3114644,3.046306,1.2871032,71.000175,-0.52640694,3.8722744,214.58466,0.01199814,0.04160286,1.0,214.58466,0.2599136,0.13843013,3.046306,0.0017841432,0.012362988,0.30040452,0.0,1.2871032,3.8722744,0.01199814,0.52640694,0.0,0.012362988,0.52640694,0.58701354,0.04160286,1.0,0.012180564,lookahead,beam_orig1_bm0-s0to100br2
/work/T-REX/external/Proteina-Complexa/inference/search_binder_local_pipeline_32_PDL1_ALPHA_REPACK_v7_r003_cand_v7r003_hyp_0003_01_002_a33ac9851a300/job_0_n_233_id_2_beam_orig2_bm0-s0to100br2/job_0_n_233_id_2_beam_orig2_bm0-s0to100br2.pdb,10,"2,0,13,16,19,16,19,14,11,3,10,18,19,19,6,18,7,15,2,12,16,9,6,4,11,13,14,19,6,11,5,10,3,10,0,0,10,9,19,18,17,6,12,6,3,11,2,9,9,5,13,19,8,7,6,6,3,10,11,19,5,8,15,15,18,1,5,1,0,1,10,10,11,3,5,10,15,10,7,2,0,0,10,5,9,16,3,19,11,10,5,3,0,7,19,18,1,4,12,9,15,18,7,7,0,3,18,11,1,9,16,19,11,19,2,0,0,13,16,19,16,19,14,11,3,10,18,19,19,6,18,7,15,2,12,16,9,6,4,11,13,14,19,6,11,5,10,3,10,0,0,10,9,19,18,17,6,12,6,3,11,2,9,9,5,13,19,8,7,6,6,3,10,11,19,5,8,15,15,18,1,5,1,0,1,10,10,11,3,5,10,15,10,7,2,0,0,10,5,9,16,3,19,11,10,5,3,0,7,19,18,1,4,12,9,15,18,7,7,0,3,18,11,1,9,16,19,11,19,2,0,0,0",-0.51645297,0.28268746,3.0,0.052260123,59.15404,0.0547965,1.0,0.0547965,0.30816206,0.013156058,0.0,0.0,0.052260123,0.00274795,0.8580606,0.30816206,4.9782996,1.2879003,59.15404,-0.51645297,3.8884666,198.92024,0.013043034,0.049723744,1.0,198.92024,0.27185613,0.14193942,4.9782996,0.00274795,0.013269084,0.28268746,0.0,1.2879003,3.8884666,0.013043034,0.51645297,0.0,0.013269084,0.51645297,0.5922896,0.049723744,1.0,0.013156058,lookahead,beam_orig2_bm0-s0to100br2
/work/T-REX/external/Proteina-Complexa/inference/search_binder_local_pipeline_32_PDL1_ALPHA_REPACK_v7_r003_cand_v7r003_hyp_0003_01_002_a33ac9851a300/job_0_n_180_id_2_beam_orig3_bm0-s0to100br2/job_0_n_180_id_2_beam_orig3_bm0-s0to100br2.pdb,11,"2,0,13,16,19,16,19,14,11,3,10,18,19,19,6,18,7,15,2,12,16,9,6,4,11,13,14,19,6,11,5,10,3,10,0,0,10,9,19,18,17,6,12,6,3,11,2,9,9,5,13,19,8,7,6,6,3,10,11,19,5,8,15,15,18,1,5,1,0,1,10,10,11,3,5,10,15,10,7,2,0,0,10,5,9,16,3,19,11,10,5,3,0,7,19,18,1,4,12,9,15,18,7,7,0,3,18,11,1,9,16,19,11,19,2,0,9,18,13,2,1,7,2,16,18,10,11,10,1,2,18,3,10,0,19,6,3,18,2,1,0,9,6,9,11,14,3,13,0,11,0,18,10,2,1,7,7,0,18,12,7,10,2,6,9,3,10,0,11,11,3,13,3,6,0,6,11,10,1,2,0,0,0,0,0,0,0,0,0,0,0,0,0,0,0,0,0,0,0,0,0,0,0,0,0,0,0,0,0,0,0,0,0,0,0,0,0,0,0,0,0,0,0,0,0,0,0,0,0,0,0,0,0",-0.15557763,0.051446296,3.0,0.5687716,25.444637,0.628455,1.0,0.628455,0.12226187,0.5687716,0.0,0.0,0.5687716,0.0015191361,0.93899304,0.12226187,0.8739218,1.2726325,25.444637,-0.15557763,1.9319097,146.66495,0.5090883,0.5090883,1.0,146.66495,0.8241472,0.061006986,0.8739218,0.0015191361,0.628455,0.051446296,0.0,1.2726325,1.9319097,0.5090883,0.15557763,0.0,0.628455,0.15557763,0.87174064,0.5090883,1.0,0.5687716,lookahead,beam_orig3_bm0-s0to100br2
/work/T-REX/external/Proteina-Complexa/inference/search_binder_local_pipeline_32_PDL1_ALPHA_REPACK_v7_r003_cand_v7r003_hyp_0003_01_002_a33ac9851a300/job_0_n_176_id_3_beam_orig0_bm0-s0to100br3/job_0_n_176_id_3_beam_orig0_bm0-s0to100br3.pdb,12,"2,0,13,16,19,16,19,14,11,3,10,18,19,19,6,18,7,15,2,12,16,9,6,4,11,13,14,19,6,11,5,10,3,10,0,0,10,9,19,18,17,6,12,6,3,11,2,9,9,5,13,19,8,7,6,6,3,10,11,19,5,8,15,15,18,1,5,1,0,1,10,10,11,3,5,10,15,10,7,2,0,0,10,5,9,16,3,19,11,10,5,3,0,7,19,18,1,4,12,9,15,18,7,7,0,3,18,11,1,9,16,19,11,19,2,0,19,17,16,16,7,6,11,19,9,19,6,3,18,10,10,11,11,13,7,15,19,11,11,10,11,6,0,18,11,0,3,6,0,5,19,19,11,6,19,8,1,10,13,14,16,11,6,2,11,16,9,8,2,18,10,19,2,13,10,15,0,0,0,0,0,0,0,0,0,0,0,0,0,0,0,0,0,0,0,0,0,0,0,0,0,0,0,0,0,0,0,0,0,0,0,0,0,0,0,0,0,0,0,0,0,0,0,0,0,0,0,0,0,0,0,0,0",-0.43266076,0.23432115,3.0,0.067059316,75.26621,0.076172665,1.0,0.076172665,0.310422,0.015173622,0.0,0.0,0.067059316,0.00096860435,0.82142526,0.310422,3.9966779,1.5862554,75.26621,-0.43266076,3.367502,193.56378,0.014123447,0.05794597,1.0,193.56378,0.33666402,0.17857473,3.9966779,0.00096860435,0.016223798,0.23432115,0.0,1.5862554,3.367502,0.014123447,0.43266076,0.0,0.016223798,0.43266076,0.702366,0.05794597,1.0,0.015173622,lookahead,beam_orig0_bm0-s0to100br3
/work/T-REX/external/Proteina-Complexa/inference/search_binder_local_pipeline_32_PDL1_ALPHA_REPACK_v7_r003_cand_v7r003_hyp_0003_01_002_a33ac9851a300/job_0_n_229_id_3_beam_orig1_bm0-s0to100br3/job_0_n_229_id_3_beam_orig1_bm0-s0to100br3.pdb,13,"2,0,13,16,19,16,19,14,11,3,10,18,19,19,6,18,7,15,2,12,16,9,6,4,11,13,14,19,6,11,5,10,3,10,0,0,10,9,19,18,17,6,12,6,3,11,2,9,9,5,13,19,8,7,6,6,3,10,11,19,5,8,15,15,18,1,5,1,0,1,10,10,11,3,5,10,15,10,7,2,0,0,10,5,9,16,3,19,11,10,5,3,0,7,19,18,1,4,12,9,15,18,7,7,0,3,18,11,1,9,16,19,11,19,2,0,16,19,16,19,14,11,3,10,18,19,19,6,18,7,15,2,12,16,9,6,4,11,13,14,19,6,11,5,10,3,10,0,0,10,9,19,18,17,6,12,6,3,11,2,9,9,5,13,19,8,7,6,6,3,10,11,19,5,8,15,15,18,1,5,1,0,1,10,10,11,3,5,10,15,10,7,2,0,0,10,5,9,16,3,19,11,10,5,3,0,7,19,18,1,4,12,9,15,18,7,7,0,3,18,11,1,9,16,19,11,19,2,0,0,0,0,0",-0.53253055,0.28639796,3.0,0.039876863,65.16519,0.041238785,1.0,0.041238785,0.31404036,0.013104656,0.0,0.0,0.039876863,0.0016192709,0.8641215,0.31404036,4.3735504,1.2774441,65.16519,-0.53253055,3.850809,198.32886,0.012808453,0.038514942,1.0,198.32886,0.24528125,0.13587849,4.3735504,0.0016192709,0.013400858,0.28639796,0.0,1.2774441,3.850809,0.012808453,0.53253055,0.0,0.013400858,0.53253055,0.58146083,0.038514942,1.0,0.013104656,lookahead,beam_orig1_bm0-s0to100br3
/work/T-REX/external/Proteina-Complexa/inference/search_binder_local_pipeline_32_PDL1_ALPHA_REPACK_v7_r003_cand_v7r003_hyp_0003_01_002_a33ac9851a300/job_0_n_233_id_3_beam_orig2_bm0-s0to100br3/job_0_n_233_id_3_beam_orig2_bm0-s0to100br3.pdb,14,"2,0,13,16,19,16,19,14,11,3,10,18,19,19,6,18,7,15,2,12,16,9,6,4,11,13,14,19,6,11,5,10,3,10,0,0,10,9,19,18,17,6,12,6,3,11,2,9,9,5,13,19,8,7,6,6,3,10,11,19,5,8,15,15,18,1,5,1,0,1,10,10,11,3,5,10,15,10,7,2,0,0,10,5,9,16,3,19,11,10,5,3,0,7,19,18,1,4,12,9,15,18,7,7,0,3,18,11,1,9,16,19,11,19,2,0,0,13,16,19,16,19,14,11,3,10,18,19,19,6,18,7,15,2,12,16,9,6,4,11,13,14,19,6,11,5,10,3,10,0,0,10,9,19,18,17,6,12,6,3,11,2,9,9,5,13,19,8,7,6,6,3,10,11,19,5,8,15,15,18,1,5,1,0,1,10,10,11,3,5,10,15,10,7,2,0,0,10,5,9,16,3,19,11,10,5,3,0,7,19,18,1,4,12,9,15,18,7,7,0,3,18,11,1,9,16,19,11,19,2,0,14,14",-0.5317641,0.30220208,3.0,0.044774517,55.487114,0.047337186,1.0,0.047337186,0.3135208,0.012364082,0.0,0.0,0.044774517,0.004641333,0.8619033,0.3135208,4.4977283,1.284114,55.487114,-0.5317641,3.9338,197.41563,0.012048412,0.04221185,1.0,197.41563,0.261173,0.13809668,4.4977283,0.004641333,0.012679752,0.30220208,0.0,1.284114,3.9338,0.012048412,0.5317641,0.0,0.012679752,0.5317641,0.5871723,0.04221185,1.0,0.012364082,lookahead,beam_orig2_bm0-s0to100br3
/work/T-REX/external/Proteina-Complexa/inference/search_binder_local_pipeline_32_PDL1_ALPHA_REPACK_v7_r003_cand_v7r003_hyp_0003_01_002_a33ac9851a300/job_0_n_180_id_3_beam_orig3_bm0-s0to100br3/job_0_n_180_id_3_beam_orig3_bm0-s0to100br3.pdb,15,"2,0,13,16,19,16,19,14,11,3,10,18,19,19,6,18,7,15,2,12,16,9,6,4,11,13,14,19,6,11,5,10,3,10,0,0,10,9,19,18,17,6,12,6,3,11,2,9,9,5,13,19,8,7,6,6,3,10,11,19,5,8,15,15,18,1,5,1,0,1,10,10,11,3,5,10,15,10,7,2,0,0,10,5,9,16,3,19,11,10,5,3,0,7,19,18,1,4,12,9,15,18,7,7,0,3,18,11,1,9,16,19,11,19,2,0,0,6,6,0,18,1,1,0,9,0,10,3,14,16,13,0,10,0,8,10,6,10,19,11,19,10,6,0,10,11,11,6,0,6,0,3,11,6,1,0,13,10,6,3,10,10,11,2,14,14,19,8,0,11,10,5,19,6,9,0,1,11,10,0,0,0,0,0,0,0,0,0,0,0,0,0,0,0,0,0,0,0,0,0,0,0,0,0,0,0,0,0,0,0,0,0,0,0,0,0,0,0,0,0,0,0,0,0,0,0,0,0,0,0,0,0,0",-0.45085472,0.28780216,3.0,0.0701305,125.77046,0.072746016,1.0,0.072746016,0.35149473,0.020979712,0.0,0.0,0.0701305,0.0028589685,0.62771416,0.35149473,13.574402,2.0520282,125.77046,-0.45085472,3.4795089,247.07309,0.012334697,0.06751497,1.0,247.07309,0.36917233,0.37228584,13.574402,0.0028589685,0.029624727,0.28780216,0.0,2.0520282,3.4795089,0.012334697,0.45085472,0.0,0.029624727,0.45085472,0.7074549,0.06751497,1.0,0.020979712,lookahead,beam_orig3_bm0-s0to100br3
/work/T-REX/external/Proteina-Complexa/inference/search_binder_local_pipeline_32_PDL1_ALPHA_REPACK_v7_r003_cand_v7r003_hyp_0003_01_002_a33ac9851a300/job_0_n_176_id_4_beam_orig0_bm1-s0to100br0/job_0_n_176_id_4_beam_orig0_bm1-s0to100br0.pdb,16,"2,0,13,16,19,16,19,14,11,3,10,18,19,19,6,18,7,15,2,12,16,9,6,4,11,13,14,19,6,11,5,10,3,10,0,0,10,9,19,18,17,6,12,6,3,11,2,9,9,5,13,19,8,7,6,6,3,10,11,19,5,8,15,15,18,1,5,1,0,1,10,10,11,3,5,10,15,10,7,2,0,0,10,5,9,16,3,19,11,10,5,3,0,7,19,18,1,4,12,9,15,18,7,7,0,3,18,11,1,9,16,19,11,19,2,0,10,8,14,6,10,2,5,13,9,6,3,11,0,11,0,0,2,10,3,5,15,3,9,6,13,10,1,17,8,0,6,2,19,0,11,5,6,3,7,3,9,19,11,19,11,6,19,10,19,5,16,9,2,2,10,11,0,11,11,6,0,0,0,0,0,0,0,0,0,0,0,0,0,0,0,0,0,0,0,0,0,0,0,0,0,0,0,0,0,0,0,0,0,0,0,0,0,0,0,0,0,0,0,0,0,0,0,0,0,0,0,0,0,0,0,0,0",-0.42938456,0.23609139,3.0,0.06833598,39.193134,0.07487081,1.0,0.07487081,0.32085028,0.014902685,0.0,0.0,0.06833598,0.008547733,0.7772708,0.32085028,2.2780266,1.9619482,39.193134,-0.42938456,3.2959101,198.60332,0.013785501,0.061801158,1.0,198.60332,0.37576753,0.22272919,2.2780266,0.008547733,0.016019868,0.23609139,0.0,1.9619482,3.2959101,0.013785501,0.42938456,0.0,0.016019868,0.42938456,0.7156024,0.061801158,1.0,0.014902685,lookahead,beam_orig0_bm1-s0to100br0
/work/T-REX/external/Proteina-Complexa/inference/search_binder_local_pipeline_32_PDL1_ALPHA_REPACK_v7_r003_cand_v7r003_hyp_0003_01_002_a33ac9851a300/job_0_n_229_id_4_beam_orig1_bm1-s0to100br0/job_0_n_229_id_4_beam_orig1_bm1-s0to100br0.pdb,17,"2,0,13,16,19,16,19,14,11,3,10,18,19,19,6,18,7,15,2,12,16,9,6,4,11,13,14,19,6,11,5,10,3,10,0,0,10,9,19,18,17,6,12,6,3,11,2,9,9,5,13,19,8,7,6,6,3,10,11,19,5,8,15,15,18,1,5,1,0,1,10,10,11,3,5,10,15,10,7,2,0,0,10,5,9,16,3,19,11,10,5,3,0,7,19,18,1,4,12,9,15,18,7,7,0,3,18,11,1,9,16,19,11,19,2,0,13,16,19,16,19,14,11,3,10,18,19,19,6,18,7,15,2,12,16,9,6,4,11,13,14,19,6,11,5,10,3,10,0,0,10,9,19,18,17,6,12,6,3,11,2,9,9,5,13,19,8,7,6,6,3,10,11,19,5,8,15,15,18,1,5,1,0,1,10,10,11,3,5,10,15,10,7,2,0,0,10,5,9,16,3,19,11,10,5,3,0,7,19,18,1,4,12,9,15,18,7,7,0,3,18,11,1,9,16,19,11,19,2,0,0,0,0",-0.52196383,0.28901032,3.0,0.04311711,42.708595,0.04466642,1.0,0.04466642,0.3086385,0.012706898,0.0,0.0,0.04311711,0.0016946101,0.8617518,0.3086385,1.5095439,1.2752242,42.708595,-0.52196383,3.8483405,203.0475,0.012552014,0.0415678,1.0,203.0475,0.25623462,0.13824818,1.5095439,0.0016946101,0.012861784,0.28901032,0.0,1.2752242,3.8483405,0.012552014,0.52196383,0.0,0.012861784,0.52196383,0.5852218,0.0415678,1.0,0.012706898,lookahead,beam_orig1_bm1-s0to100br0
/work/T-REX/external/Proteina-Complexa/inference/search_binder_local_pipeline_32_PDL1_ALPHA_REPACK_v7_r003_cand_v7r003_hyp_0003_01_002_a33ac9851a300/job_0_n_233_id_4_beam_orig2_bm1-s0to100br0/job_0_n_233_id_4_beam_orig2_bm1-s0to100br0.pdb,18,"2,0,13,16,19,16,19,14,11,3,10,18,19,19,6,18,7,15,2,12,16,9,6,4,11,13,14,19,6,11,5,10,3,10,0,0,10,9,19,18,17,6,12,6,3,11,2,9,9,5,13,19,8,7,6,6,3,10,11,19,5,8,15,15,18,1,5,1,0,1,10,10,11,3,5,10,15,10,7,2,0,0,10,5,9,16,3,19,11,10,5,3,0,7,19,18,1,4,12,9,15,18,7,7,0,3,18,11,1,9,16,19,11,19,2,0,2,0,13,16,19,16,19,14,11,3,10,18,19,19,6,18,7,15,2,12,16,9,6,4,11,13,14,19,6,11,5,10,3,10,0,0,10,9,19,18,17,6,12,6,3,11,2,9,9,5,13,19,8,7,6,6,3,10,11,19,5,8,15,15,18,1,5,1,0,1,10,10,11,3,5,10,15,10,7,2,0,0,10,5,9,16,3,19,11,10,5,3,0,7,19,18,1,4,12,9,15,18,7,7,0,3,18,11,1,9,16,19,11,19,2,0,10",-0.5313981,0.29905713,3.0,0.04453092,56.01436,0.04774297,1.0,0.04774297,0.31528023,0.012238832,0.0,0.0,0.04453092,0.0028547742,0.8581095,0.31528023,2.8577633,1.297625,56.01436,-0.5313981,3.909407,200.11365,0.01202726,0.04131887,1.0,200.11365,0.26033562,0.14189051,2.8577633,0.0028547742,0.012450404,0.29905713,0.0,1.297625,3.909407,0.01202726,0.5313981,0.0,0.012450404,0.5313981,0.5855187,0.04131887,1.0,0.012238832,lookahead,beam_orig2_bm1-s0to100br0
/work/T-REX/external/Proteina-Complexa/inference/search_binder_local_pipeline_32_PDL1_ALPHA_REPACK_v7_r003_cand_v7r003_hyp_0003_01_002_a33ac9851a300/job_0_n_180_id_4_beam_orig3_bm1-s0to100br0/job_0_n_180_id_4_beam_orig3_bm1-s0to100br0.pdb,19,"2,0,13,16,19,16,19,14,11,3,10,18,19,19,6,18,7,15,2,12,16,9,6,4,11,13,14,19,6,11,5,10,3,10,0,0,10,9,19,18,17,6,12,6,3,11,2,9,9,5,13,19,8,7,6,6,3,10,11,19,5,8,15,15,18,1,5,1,0,1,10,10,11,3,5,10,15,10,7,2,0,0,10,5,9,16,3,19,11,10,5,3,0,7,19,18,1,4,12,9,15,18,7,7,0,3,18,11,1,9,16,19,11,19,2,0,0,18,18,2,1,7,13,19,18,12,9,6,11,2,18,3,10,0,9,6,3,18,2,11,0,9,6,10,11,14,3,13,0,6,0,18,11,2,1,7,2,0,18,11,6,11,2,6,10,3,10,0,9,6,3,18,2,1,0,9,6,10,3,14,0,0,0,0,0,0,0,0,0,0,0,0,0,0,0,0,0,0,0,0,0,0,0,0,0,0,0,0,0,0,0,0,0,0,0,0,0,0,0,0,0,0,0,0,0,0,0,0,0,0,0,0,0",-0.5482432,0.33794788,3.0,0.017990042,115.64606,0.026118066,1.0,0.026118066,0.37681368,0.006479457,0.0,0.0,0.017990042,0.0040600467,0.8341371,0.37681368,21.632832,1.3037393,115.64606,-0.5482432,3.8419785,218.53743,0.0,0.009862015,1.0,218.53743,0.2311345,0.16586293,21.632832,0.0040600467,0.012958914,0.33794788,0.0,1.3037393,3.8419785,0.0,0.5482432,0.0,0.012958914,0.5482432,0.6596579,0.009862015,1.0,0.006479457,lookahead,beam_orig3_bm1-s0to100br0
/work/T-REX/external/Proteina-Complexa/inference/search_binder_local_pipeline_32_PDL1_ALPHA_REPACK_v7_r003_cand_v7r003_hyp_0003_01_002_a33ac9851a300/job_0_n_176_id_5_beam_orig0_bm1-s0to100br1/job_0_n_176_id_5_beam_orig0_bm1-s0to100br1.pdb,20,"2,0,13,16,19,16,19,14,11,3,10,18,19,19,6,18,7,15,2,12,16,9,6,4,11,13,14,19,6,11,5,10,3,10,0,0,10,9,19,18,17,6,12,6,3,11,2,9,9,5,13,19,8,7,6,6,3,10,11,19,5,8,15,15,18,1,5,1,0,1,10,10,11,3,5,10,15,10,7,2,0,0,10,5,9,16,3,19,11,10,5,3,0,7,19,18,1,4,12,9,15,18,7,7,0,3,18,11,1,9,16,19,11,19,2,0,15,10,15,6,10,3,3,10,11,9,7,2,18,10,19,11,5,7,18,9,16,10,11,5,10,6,6,0,10,11,6,5,1,0,16,7,11,11,10,7,6,9,9,10,3,11,7,17,9,16,15,6,5,10,13,6,0,12,11,0,0,0,0,0,0,0,0,0,0,0,0,0,0,0,0,0,0,0,0,0,0,0,0,0,0,0,0,0,0,0,0,0,0,0,0,0,0,0,0,0,0,0,0,0,0,0,0,0,0,0,0,0,0,0,0,0,0",-0.26747224,0.1155271,3.0,0.22453529,35.685974,0.28216386,1.0,0.28216386,0.20769624,0.22422194,0.0,0.0,0.22453529,0.0043637357,0.86488116,0.20769624,2.394351,1.6489449,35.685974,-0.26747224,2.8932629,183.21545,0.16690673,0.16690673,1.0,183.21545,0.5648004,0.13511883,2.394351,0.0043637357,0.28153718,0.1155271,0.0,1.6489449,2.8932629,0.16690673,0.26747224,0.0,0.28153718,0.26747224,0.78478193,0.16690673,1.0,0.22422194,lookahead,beam_orig0_bm1-s0to100br1
/work/T-REX/external/Proteina-Complexa/inference/search_binder_local_pipeline_32_PDL1_ALPHA_REPACK_v7_r003_cand_v7r003_hyp_0003_01_002_a33ac9851a300/job_0_n_229_id_5_beam_orig1_bm1-s0to100br1/job_0_n_229_id_5_beam_orig1_bm1-s0to100br1.pdb,21,"2,0,13,16,19,16,19,14,11,3,10,18,19,19,6,18,7,15,2,12,16,9,6,4,11,13,14,19,6,11,5,10,3,10,0,0,10,9,19,18,17,6,12,6,3,11,2,9,9,5,13,19,8,7,6,6,3,10,11,19,5,8,15,15,18,1,5,1,0,1,10,10,11,3,5,10,15,10,7,2,0,0,10,5,9,16,3,19,11,10,5,3,0,7,19,18,1,4,12,9,15,18,7,7,0,3,18,11,1,9,16,19,11,19,2,0,16,19,16,19,14,11,3,10,18,19,19,6,18,7,15,2,12,16,9,6,4,11,13,14,19,6,11,5,10,3,10,0,0,10,9,19,18,17,6,12,6,3,11,2,9,9,5,13,19,8,7,6,6,3,10,11,19,5,8,15,15,18,1,5,1,0,1,10,10,11,3,5,10,15,10,7,2,0,0,10,5,9,16,3,19,11,10,5,3,0,7,19,18,1,4,12,9,15,18,7,7,0,3,18,11,1,9,16,19,11,19,2,0,0,0,0,0",-0.5302728,0.30514586,3.0,0.041555513,63.16043,0.045271855,1.0,0.045271855,0.3142915,0.011934739,0.0,0.0,0.041555513,0.0018157036,0.8622875,0.3142915,5.4903765,1.2972993,63.16043,-0.5302728,3.8990095,199.92699,0.0117771495,0.03783917,1.0,199.92699,0.25773346,0.13771251,5.4903765,0.0018157036,0.012092329,0.30514586,0.0,1.2972993,3.8990095,0.0117771495,0.5302728,0.0,0.012092329,0.5302728,0.5858527,0.03783917,1.0,0.011934739,lookahead,beam_orig1_bm1-s0to100br1
/work/T-REX/external/Proteina-Complexa/inference/search_binder_local_pipeline_32_PDL1_ALPHA_REPACK_v7_r003_cand_v7r003_hyp_0003_01_002_a33ac9851a300/job_0_n_233_id_5_beam_orig2_bm1-s0to100br1/job_0_n_233_id_5_beam_orig2_bm1-s0to100br1.pdb,22,"2,0,13,16,19,16,19,14,11,3,10,18,19,19,6,18,7,15,2,12,16,9,6,4,11,13,14,19,6,11,5,10,3,10,0,0,10,9,19,18,17,6,12,6,3,11,2,9,9,5,13,19,8,7,6,6,3,10,11,19,5,8,15,15,18,1,5,1,0,1,10,10,11,3,5,10,15,10,7,2,0,0,10,5,9,16,3,19,11,10,5,3,0,7,19,18,1,4,12,9,15,18,7,7,0,3,18,11,1,9,16,19,11,19,2,0,2,0,13,16,19,16,19,14,11,3,10,18,19,19,6,18,7,15,2,12,16,9,6,4,11,13,14,19,6,11,5,10,3,10,0,0,10,9,19,18,17,6,12,6,3,11,2,9,9,5,13,19,8,7,6,6,3,10,11,19,5,8,15,15,18,1,5,1,0,1,10,10,11,3,5,10,15,10,7,2,0,0,10,5,9,16,3,19,11,10,5,3,0,7,19,18,1,4,12,9,15,18,7,7,0,3,18,11,1,9,16,19,11,19,2,0,14",-0.5259301,0.29580736,3.0,0.047980934,79.166275,0.05016537,1.0,0.05016537,0.31122464,0.012440652,0.0,0.0,0.047980934,0.002816179,0.85899997,0.31122464,2.570898,1.2889373,79.166275,-0.5259301,3.902902,210.78821,0.012065063,0.0457965,1.0,210.78821,0.26215744,0.14100002,2.570898,0.002816179,0.012816241,0.29580736,0.0,1.2889373,3.902902,0.012065063,0.5259301,0.0,0.012816241,0.5259301,0.5870316,0.0457965,1.0,0.012440652,lookahead,beam_orig2_bm1-s0to100br1
/work/T-REX/external/Proteina-Complexa/inference/search_binder_local_pipeline_32_PDL1_ALPHA_REPACK_v7_r003_cand_v7r003_hyp_0003_01_002_a33ac9851a300/job_0_n_180_id_5_beam_orig3_bm1-s0to100br1/job_0_n_180_id_5_beam_orig3_bm1-s0to100br1.pdb,23,"2,0,13,16,19,16,19,14,11,3,10,18,19,19,6,18,7,15,2,12,16,9,6,4,11,13,14,19,6,11,5,10,3,10,0,0,10,9,19,18,17,6,12,6,3,11,2,9,9,5,13,19,8,7,6,6,3,10,11,19,5,8,15,15,18,1,5,1,0,1,10,10,11,3,5,10,15,10,7,2,0,0,10,5,9,16,3,19,11,10,5,3,0,7,19,18,1,4,12,9,15,18,7,7,0,3,18,11,1,9,16,19,11,19,2,0,12,19,10,0,11,3,16,10,10,8,10,0,0,11,3,7,5,3,3,12,19,11,19,10,10,11,8,7,0,3,19,2,0,6,3,0,13,7,8,16,14,10,8,10,0,0,2,2,7,8,10,6,9,19,6,19,10,10,11,0,7,0,3,19,0,0,0,0,0,0,0,0,0,0,0,0,0,0,0,0,0,0,0,0,0,0,0,0,0,0,0,0,0,0,0,0,0,0,0,0,0,0,0,0,0,0,0,0,0,0,0,0,0,0,0,0,0",-0.5292445,0.28890598,3.0,0.032877464,121.42102,0.038733028,1.0,0.038733028,0.38786647,0.013787873,0.0,0.0,0.032877464,0.016612235,0.7535974,0.38786647,13.660834,1.6023781,121.42102,-0.5292445,3.6126442,235.61794,0.012547716,0.0270219,1.0,235.61794,0.25130546,0.24640262,13.660834,0.016612235,0.015028031,0.28890598,0.0,1.6023781,3.6126442,0.012547716,0.5292445,0.0,0.015028031,0.5292445,0.66476595,0.0270219,1.0,0.013787873,lookahead,beam_orig3_bm1-s0to100br1
/work/T-REX/external/Proteina-Complexa/inference/search_binder_local_pipeline_32_PDL1_ALPHA_REPACK_v7_r003_cand_v7r003_hyp_0003_01_002_a33ac9851a300/job_0_n_176_id_6_beam_orig0_bm1-s0to100br2/job_0_n_176_id_6_beam_orig0_bm1-s0to100br2.pdb,24,"2,0,13,16,19,16,19,14,11,3,10,18,19,19,6,18,7,15,2,12,16,9,6,4,11,13,14,19,6,11,5,10,3,10,0,0,10,9,19,18,17,6,12,6,3,11,2,9,9,5,13,19,8,7,6,6,3,10,11,19,5,8,15,15,18,1,5,1,0,1,10,10,11,3,5,10,15,10,7,2,0,0,10,5,9,16,3,19,11,10,5,3,0,7,19,18,1,4,12,9,15,18,7,7,0,3,18,11,1,9,16,19,11,19,2,0,10,5,6,10,9,10,0,3,10,1,3,13,6,15,7,1,9,16,0,7,6,10,12,3,1,10,19,3,1,7,10,11,5,3,18,9,5,6,1,10,3,3,10,19,0,1,1,11,16,9,6,6,9,0,6,3,12,0,0,6,0,0,0,0,0,0,0,0,0,0,0,0,0,0,0,0,0,0,0,0,0,0,0,0,0,0,0,0,0,0,0,0,0,0,0,0,0,0,0,0,0,0,0,0,0,0,0,0,0,0,0,0,0,0,0,0,0",-0.5725407,0.3712564,3.0,0.010291366,111.45901,0.014238947,1.0,0.014238947,0.4094725,0.0054948083,0.0,0.0,0.010291366,0.0013915519,0.7234272,0.4094725,10.2526,1.7605408,111.45901,-0.5725407,3.8321433,231.99838,0.0,0.0063437857,1.0,231.99838,0.19724888,0.27657282,10.2526,0.0013915519,0.010989617,0.3712564,0.0,1.7605408,3.8321433,0.0,0.5725407,0.0,0.010989617,0.5725407,0.6558485,0.0063437857,1.0,0.0054948083,lookahead,beam_orig0_bm1-s0to100br2
/work/T-REX/external/Proteina-Complexa/inference/search_binder_local_pipeline_32_PDL1_ALPHA_REPACK_v7_r003_cand_v7r003_hyp_0003_01_002_a33ac9851a300/job_0_n_229_id_6_beam_orig1_bm1-s0to100br2/job_0_n_229_id_6_beam_orig1_bm1-s0to100br2.pdb,25,"2,0,13,16,19,16,19,14,11,3,10,18,19,19,6,18,7,15,2,12,16,9,6,4,11,13,14,19,6,11,5,10,3,10,0,0,10,9,19,18,17,6,12,6,3,11,2,9,9,5,13,19,8,7,6,6,3,10,11,19,5,8,15,15,18,1,5,1,0,1,10,10,11,3,5,10,15,10,7,2,0,0,10,5,9,16,3,19,11,10,5,3,0,7,19,18,1,4,12,9,15,18,7,7,0,3,18,11,1,9,16,19,11,19,2,0,0,13,16,19,16,19,14,11,3,10,18,19,19,6,18,7,15,2,12,16,9,6,4,11,13,14,19,6,11,5,10,3,10,0,0,10,9,19,18,17,6,12,6,3,11,2,9,9,5,13,19,8,7,6,6,3,10,11,19,5,8,15,15,18,1,5,1,0,1,10,10,11,3,5,10,15,10,7,2,0,0,10,5,9,16,3,19,11,10,5,3,0,7,19,18,1,4,12,9,15,18,7,7,0,3,18,11,1,9,16,19,11,19,0,0,0,0",-0.51627934,0.28772113,3.0,0.049497895,67.7516,0.052052695,1.0,0.052052695,0.30587694,0.012906754,0.0,0.0,0.049497895,0.0017827143,0.8613558,0.30587694,2.915534,1.2693714,67.7516,-0.51627934,3.8281143,211.70084,0.012603542,0.04694309,1.0,211.70084,0.26932913,0.13864419,2.915534,0.0017827143,0.013209966,0.28772113,0.0,1.2693714,3.8281143,0.012603542,0.51627934,0.0,0.013209966,0.51627934,0.5921027,0.04694309,1.0,0.012906754,lookahead,beam_orig1_bm1-s0to100br2
/work/T-REX/external/Proteina-Complexa/inference/search_binder_local_pipeline_32_PDL1_ALPHA_REPACK_v7_r003_cand_v7r003_hyp_0003_01_002_a33ac9851a300/job_0_n_233_id_6_beam_orig2_bm1-s0to100br2/job_0_n_233_id_6_beam_orig2_bm1-s0to100br2.pdb,26,"2,0,13,16,19,16,19,14,11,3,10,18,19,19,6,18,7,15,2,12,16,9,6,4,11,13,14,19,6,11,5,10,3,10,0,0,10,9,19,18,17,6,12,6,3,11,2,9,9,5,13,19,8,7,6,6,3,10,11,19,5,8,15,15,18,1,5,1,0,1,10,10,11,3,5,10,15,10,7,2,0,0,10,5,9,16,3,19,11,10,5,3,0,7,19,18,1,4,12,9,15,18,7,7,0,3,18,11,1,9,16,19,11,19,2,0,2,0,13,16,19,16,19,14,11,3,10,18,19,19,6,18,7,15,2,12,16,9,6,4,11,13,14,19,6,11,5,10,3,10,0,0,10,9,19,18,17,6,12,6,3,11,2,9,9,5,13,19,8,7,6,6,3,10,11,19,5,8,15,15,18,1,5,1,0,1,10,10,11,3,5,10,15,10,7,2,0,0,10,5,9,16,3,19,11,10,5,3,0,7,19,18,1,4,12,9,15,18,7,7,0,3,18,11,1,9,16,19,11,19,2,0,14",-0.5232479,0.29322746,3.0,0.0492564,75.39384,0.052093614,1.0,0.052093614,0.309875,0.012624869,0.0,0.0,0.0492564,0.0028220136,0.85900223,0.309875,2.8085194,1.2884997,75.39384,-0.5232479,3.896544,208.87497,0.012205916,0.04641919,1.0,208.87497,0.2643267,0.14099774,2.8085194,0.0028220136,0.013043823,0.29322746,0.0,1.2884997,3.896544,0.012205916,0.5232479,0.0,0.013043823,0.5232479,0.58849794,0.04641919,1.0,0.012624869,lookahead,beam_orig2_bm1-s0to100br2
/work/T-REX/external/Proteina-Complexa/inference/search_binder_local_pipeline_32_PDL1_ALPHA_REPACK_v7_r003_cand_v7r003_hyp_0003_01_002_a33ac9851a300/job_0_n_180_id_6_beam_orig3_bm1-s0to100br2/job_0_n_180_id_6_beam_orig3_bm1-s0to100br2.pdb,27,"2,0,13,16,19,16,19,14,11,3,10,18,19,19,6,18,7,15,2,12,16,9,6,4,11,13,14,19,6,11,5,10,3,10,0,0,10,9,19,18,17,6,12,6,3,11,2,9,9,5,13,19,8,7,6,6,3,10,11,19,5,8,15,15,18,1,5,1,0,1,10,10,11,3,5,10,15,10,7,2,0,0,10,5,9,16,3,19,11,10,5,3,0,7,19,18,1,4,12,9,15,18,7,7,0,3,18,11,1,9,16,19,11,19,2,0,10,15,0,10,2,11,3,6,11,1,1,16,10,19,11,5,17,9,10,6,7,6,11,10,16,0,6,6,10,0,1,5,19,7,19,11,14,9,6,9,10,11,6,18,7,11,10,11,3,9,11,6,11,6,7,6,6,0,9,1,11,6,10,0,0,0,0,0,0,0,0,0,0,0,0,0,0,0,0,0,0,0,0,0,0,0,0,0,0,0,0,0,0,0,0,0,0,0,0,0,0,0,0,0,0,0,0,0,0,0,0,0,0,0,0,0,0",-0.21008234,0.07280236,3.0,0.42436063,67.69734,0.49736324,1.0,0.49736324,0.17662305,0.42436063,0.0,0.0,0.42436063,0.009280193,0.8640008,0.17662305,4.5941753,1.83833,67.69734,-0.21008234,2.55553,194.83902,0.351358,0.351358,1.0,194.83902,0.72067356,0.1359992,4.5941753,0.009280193,0.49736324,0.07280236,0.0,1.83833,2.55553,0.351358,0.21008234,0.0,0.49736324,0.21008234,0.84387445,0.351358,1.0,0.42436063,lookahead,beam_orig3_bm1-s0to100br2
/work/T-REX/external/Proteina-Complexa/inference/search_binder_local_pipeline_32_PDL1_ALPHA_REPACK_v7_r003_cand_v7r003_hyp_0003_01_002_a33ac9851a300/job_0_n_176_id_7_beam_orig0_bm1-s0to100br3/job_0_n_176_id_7_beam_orig0_bm1-s0to100br3.pdb,28,"2,0,13,16,19,16,19,14,11,3,10,18,19,19,6,18,7,15,2,12,16,9,6,4,11,13,14,19,6,11,5,10,3,10,0,0,10,9,19,18,17,6,12,6,3,11,2,9,9,5,13,19,8,7,6,6,3,10,11,19,5,8,15,15,18,1,5,1,0,1,10,10,11,3,5,10,15,10,7,2,0,0,10,5,9,16,3,19,11,10,5,3,0,7,19,18,1,4,12,9,15,18,7,7,0,3,18,11,1,9,16,19,11,19,2,0,10,15,10,10,16,3,1,6,1,9,0,10,6,12,19,0,2,0,19,7,12,15,19,19,3,10,9,2,3,13,6,2,2,6,0,10,9,1,15,11,16,7,15,3,6,13,18,6,3,19,1,2,9,9,10,1,8,11,1,6,0,0,0,0,0,0,0,0,0,0,0,0,0,0,0,0,0,0,0,0,0,0,0,0,0,0,0,0,0,0,0,0,0,0,0,0,0,0,0,0,0,0,0,0,0,0,0,0,0,0,0,0,0,0,0,0,0",-0.18072306,0.051564,3.0,0.4834466,35.32055,0.53795874,1.0,0.53795874,0.15038423,0.4834466,0.0,0.0,0.4834466,0.0031992954,0.8957566,0.15038423,1.1990725,1.7165549,35.32055,-0.18072306,2.1011043,153.8533,0.42893445,0.42893445,1.0,153.8533,0.7819361,0.104243405,1.1990725,0.0031992954,0.53795874,0.051564,0.0,1.7165549,2.1011043,0.42893445,0.18072306,0.0,0.53795874,0.18072306,0.86264235,0.42893445,1.0,0.4834466,lookahead,beam_orig0_bm1-s0to100br3
/work/T-REX/external/Proteina-Complexa/inference/search_binder_local_pipeline_32_PDL1_ALPHA_REPACK_v7_r003_cand_v7r003_hyp_0003_01_002_a33ac9851a300/job_0_n_229_id_7_beam_orig1_bm1-s0to100br3/job_0_n_229_id_7_beam_orig1_bm1-s0to100br3.pdb,29,"2,0,13,16,19,16,19,14,11,3,10,18,19,19,6,18,7,15,2,12,16,9,6,4,11,13,14,19,6,11,5,10,3,10,0,0,10,9,19,18,17,6,12,6,3,11,2,9,9,5,13,19,8,7,6,6,3,10,11,19,5,8,15,15,18,1,5,1,0,1,10,10,11,3,5,10,15,10,7,2,0,0,10,5,9,16,3,19,11,10,5,3,0,7,19,18,1,4,12,9,15,18,7,7,0,3,18,11,1,9,16,19,11,19,2,0,13,16,19,16,19,14,11,3,10,18,19,19,6,18,7,15,2,12,16,9,6,4,11,13,14,19,6,11,5,10,3,10,0,0,10,9,19,18,17,6,12,6,3,11,2,9,9,5,13,19,8,7,6,6,3,10,11,19,5,8,15,15,18,1,5,1,0,1,10,10,11,3,5,10,15,10,7,2,0,0,10,5,9,16,3,19,11,10,5,3,0,7,19,18,1,4,12,9,15,18,7,7,0,3,18,11,1,9,16,19,11,19,2,0,0,0,0",-0.5243664,0.29626742,3.0,0.04244262,49.313313,0.043603018,1.0,0.043603018,0.31019998,0.012437892,0.0,0.0,0.04244262,0.0017623443,0.8617399,0.31019998,2.126849,1.2814218,49.313313,-0.5243664,3.8644288,198.83472,0.012017123,0.041282225,1.0,198.83472,0.2598281,0.13826013,2.126849,0.0017623443,0.012858661,0.29626742,0.0,1.2814218,3.8644288,0.012017123,0.5243664,0.0,0.012858661,0.5243664,0.5868614,0.041282225,1.0,0.012437892,lookahead,beam_orig1_bm1-s0to100br3
/work/T-REX/external/Proteina-Complexa/inference/search_binder_local_pipeline_32_PDL1_ALPHA_REPACK_v7_r003_cand_v7r003_hyp_0003_01_002_a33ac9851a300/job_0_n_233_id_7_beam_orig2_bm1-s0to100br3/job_0_n_233_id_7_beam_orig2_bm1-s0to100br3.pdb,30,"2,0,13,16,19,16,19,14,11,3,10,18,19,19,6,18,7,15,2,12,16,9,6,4,11,13,14,19,6,11,5,10,3,10,0,0,10,9,19,18,17,6,12,6,3,11,2,9,9,5,13,19,8,7,6,6,3,10,11,19,5,8,15,15,18,1,5,1,0,1,10,10,11,3,5,10,15,10,7,2,0,0,10,5,9,16,3,19,11,10,5,3,0,7,19,18,1,4,12,9,15,18,7,7,0,3,18,11,1,9,16,19,11,19,2,0,2,0,13,16,19,16,19,14,11,3,10,18,19,19,6,18,7,15,2,12,16,9,6,4,11,13,14,19,6,11,5,10,3,10,0,0,10,9,19,18,17,6,12,6,3,11,2,9,9,5,13,19,8,7,6,6,3,10,11,19,5,8,15,15,18,1,5,1,0,1,10,10,11,3,5,10,15,10,7,2,0,0,10,5,9,16,3,19,11,10,5,3,0,7,19,18,1,4,12,9,15,18,7,7,0,3,18,11,1,9,16,19,11,19,2,0,10",-0.5344207,0.30335426,3.0,0.04299308,59.672653,0.047220264,1.0,0.047220264,0.31683862,0.012186059,0.0,0.0,0.04299308,0.0028561202,0.85777336,0.31683862,3.0976017,1.3019463,59.672653,-0.5344207,3.9147205,198.33588,0.011895861,0.038765896,1.0,198.33588,0.25820372,0.14222665,3.0976017,0.0028561202,0.012476257,0.30335426,0.0,1.3019463,3.9147205,0.011895861,0.5344207,0.0,0.012476257,0.5344207,0.5841173,0.038765896,1.0,0.012186059,lookahead,beam_orig2_bm1-s0to100br3
/work/T-REX/external/Proteina-Complexa/inference/search_binder_local_pipeline_32_PDL1_ALPHA_REPACK_v7_r003_cand_v7r003_hyp_0003_01_002_a33ac9851a300/job_0_n_180_id_7_beam_orig3_bm1-s0to100br3/job_0_n_180_id_7_beam_orig3_bm1-s0to100br3.pdb,31,"2,0,13,16,19,16,19,14,11,3,10,18,19,19,6,18,7,15,2,12,16,9,6,4,11,13,14,19,6,11,5,10,3,10,0,0,10,9,19,18,17,6,12,6,3,11,2,9,9,5,13,19,8,7,6,6,3,10,11,19,5,8,15,15,18,1,5,1,0,1,10,10,11,3,5,10,15,10,7,2,0,0,10,5,9,16,3,19,11,10,5,3,0,7,19,18,1,4,12,9,15,18,7,7,0,3,18,11,1,9,16,19,11,19,2,0,15,11,6,3,5,10,11,6,0,3,6,10,15,11,6,0,1,6,5,6,0,10,7,2,10,6,6,0,6,15,10,18,5,1,0,13,6,9,1,11,11,10,10,7,3,16,8,14,10,16,19,3,15,5,1,6,10,6,11,19,11,0,11,10,0,0,0,0,0,0,0,0,0,0,0,0,0,0,0,0,0,0,0,0,0,0,0,0,0,0,0,0,0,0,0,0,0,0,0,0,0,0,0,0,0,0,0,0,0,0,0,0,0,0,0,0,0",-0.50296795,0.27038935,3.0,0.036758155,39.58492,0.045262326,1.0,0.045262326,0.34686345,0.013122581,0.0,0.0,0.036758155,0.0022227876,0.84606934,0.34686345,1.9646561,1.3339324,39.58492,-0.50296795,3.5968623,171.9483,0.012926772,0.02825398,1.0,171.9483,0.26102397,0.15393066,1.9646561,0.0022227876,0.01331839,0.27038935,0.0,1.3339324,3.5968623,0.012926772,0.50296795,0.0,0.01331839,0.50296795,0.6634519,0.02825398,1.0,0.013122581,lookahead,beam_orig3_bm1-s0to100br3
/work/T-REX/external/Proteina-Complexa/inference/search_binder_local_pipeline_32_PDL1_ALPHA_REPACK_v7_r003_cand_v7r003_hyp_0003_01_002_a33ac9851a300/job_0_n_176_id_8_beam_orig0_bm2-s0to100br0/job_0_n_176_id_8_beam_orig0_bm2-s0to100br0.pdb,32,"2,0,13,16,19,16,19,14,11,3,10,18,19,19,6,18,7,15,2,12,16,9,6,4,11,13,14,19,6,11,5,10,3,10,0,0,10,9,19,18,17,6,12,6,3,11,2,9,9,5,13,19,8,7,6,6,3,10,11,19,5,8,15,15,18,1,5,1,0,1,10,10,11,3,5,10,15,10,7,2,0,0,10,5,9,16,3,19,11,10,5,3,0,7,19,18,1,4,12,9,15,18,7,7,0,3,18,11,1,9,16,19,11,19,2,0,2,9,11,3,1,9,6,11,0,10,5,6,10,3,5,14,14,6,2,19,3,11,19,3,10,0,10,11,15,19,3,7,2,10,3,5,13,0,0,5,19,19,0,0,7,9,12,15,14,3,3,0,2,1,10,19,3,9,12,1,0,0,0,0,0,0,0,0,0,0,0,0,0,0,0,0,0,0,0,0,0,0,0,0,0,0,0,0,0,0,0,0,0,0,0,0,0,0,0,0,0,0,0,0,0,0,0,0,0,0,0,0,0,0,0,0,0",-0.6200295,0.43422323,3.0,0.008778658,122.891396,0.012034121,1.0,0.012034121,0.44204488,0.0,0.0,0.0,0.008778658,0.0032487225,0.74277616,0.44204488,14.873249,1.8963214,122.891396,-0.6200295,4.0555634,260.44,0.0,0.005523195,1.0,260.44,0.19675665,0.2572238,14.873249,0.0032487225,0.0,0.43422323,0.0,1.8963214,4.0555634,0.0,0.6200295,0.0,0.0,0.6200295,0.6576731,0.005523195,1.0,0.0,lookahead,beam_orig0_bm2-s0to100br0
/work/T-REX/external/Proteina-Complexa/inference/search_binder_local_pipeline_32_PDL1_ALPHA_REPACK_v7_r003_cand_v7r003_hyp_0003_01_002_a33ac9851a300/job_0_n_229_id_8_beam_orig1_bm2-s0to100br0/job_0_n_229_id_8_beam_orig1_bm2-s0to100br0.pdb,33,"2,0,13,16,19,16,19,14,11,3,10,18,19,19,6,18,7,15,2,12,16,9,6,4,11,13,14,19,6,11,5,10,3,10,0,0,10,9,19,18,17,6,12,6,3,11,2,9,9,5,13,19,8,7,6,6,3,10,11,19,5,8,15,15,18,1,5,1,0,1,10,10,11,3,5,10,15,10,7,2,0,0,10,5,9,16,3,19,11,10,5,3,0,7,19,18,1,4,12,9,15,18,7,7,0,3,18,11,1,9,16,19,11,19,2,0,16,19,16,19,14,11,3,10,18,19,19,6,18,7,15,2,12,16,9,6,4,11,13,14,19,6,11,5,10,3,10,0,0,10,9,19,18,17,6,12,6,3,11,2,9,9,5,13,19,8,7,6,6,3,10,11,19,5,8,15,15,18,1,5,1,0,1,10,10,11,3,5,10,15,10,7,2,0,0,10,5,9,16,3,19,11,10,5,3,0,7,19,18,1,4,12,9,15,18,7,7,0,3,18,11,1,9,16,19,11,19,2,0,0,0,0,0",-0.53285086,0.29814583,3.0,0.04065173,90.908615,0.043027204,1.0,0.043027204,0.31424597,0.01263459,0.0,0.0,0.04065173,0.0016361892,0.8664779,0.31424597,7.08681,1.283707,90.908615,-0.53285086,3.830634,199.28871,0.012082053,0.038276263,1.0,199.28871,0.25682816,0.1335221,7.08681,0.0016361892,0.013187127,0.29814583,0.0,1.283707,3.830634,0.012082053,0.53285086,0.0,0.013187127,0.53285086,0.5895264,0.038276263,1.0,0.01263459,lookahead,beam_orig1_bm2-s0to100br0
/work/T-REX/external/Proteina-Complexa/inference/search_binder_local_pipeline_32_PDL1_ALPHA_REPACK_v7_r003_cand_v7r003_hyp_0003_01_002_a33ac9851a300/job_0_n_233_id_8_beam_orig2_bm2-s0to100br0/job_0_n_233_id_8_beam_orig2_bm2-s0to100br0.pdb,34,"2,0,13,16,19,16,19,14,11,3,10,18,19,19,6,18,7,15,2,12,16,9,6,4,11,13,14,19,6,11,5,10,3,10,0,0,10,9,19,18,17,6,12,6,3,11,2,9,9,5,13,19,8,7,6,6,3,10,11,19,5,8,15,15,18,1,5,1,0,1,10,10,11,3,5,10,15,10,7,2,0,0,10,5,9,16,3,19,11,10,5,3,0,7,19,18,1,4,12,9,15,18,7,7,0,3,18,11,1,9,16,19,11,19,2,0,0,2,0,13,16,19,16,19,14,11,3,10,18,19,19,6,18,7,15,2,12,16,9,6,4,11,13,14,19,6,11,5,10,3,10,0,0,10,9,19,18,17,6,12,6,3,11,2,9,9,5,13,19,8,7,6,6,3,10,11,19,5,8,15,15,18,1,5,1,0,1,10,10,11,3,5,10,15,10,7,2,0,0,10,5,9,16,3,19,11,10,5,3,0,7,19,18,1,4,12,9,15,18,7,7,0,3,18,11,1,9,16,19,11,19,2,0",-0.52461994,0.29302675,3.0,0.048641007,71.76336,0.05146678,1.0,0.05146678,0.31158492,0.012518674,0.0,0.0,0.048641007,0.0052873674,0.8568502,0.31158492,3.2715838,1.2910032,71.76336,-0.52461994,3.8803651,215.24693,0.012340106,0.045815233,1.0,215.24693,0.26214352,0.14314978,3.2715838,0.0052873674,0.012697242,0.29302675,0.0,1.2910032,3.8803651,0.012340106,0.52461994,0.0,0.012697242,0.52461994,0.5860608,0.045815233,1.0,0.012518674,lookahead,beam_orig2_bm2-s0to100br0
/work/T-REX/external/Proteina-Complexa/inference/search_binder_local_pipeline_32_PDL1_ALPHA_REPACK_v7_r003_cand_v7r003_hyp_0003_01_002_a33ac9851a300/job_0_n_180_id_8_beam_orig3_bm2-s0to100br0/job_0_n_180_id_8_beam_orig3_bm2-s0to100br0.pdb,35,"2,0,13,16,19,16,19,14,11,3,10,18,19,19,6,18,7,15,2,12,16,9,6,4,11,13,14,19,6,11,5,10,3,10,0,0,10,9,19,18,17,6,12,6,3,11,2,9,9,5,13,19,8,7,6,6,3,10,11,19,5,8,15,15,18,1,5,1,0,1,10,10,11,3,5,10,15,10,7,2,0,0,10,5,9,16,3,19,11,10,5,3,0,7,19,18,1,4,12,9,15,18,7,7,0,3,18,11,1,9,16,19,11,19,2,0,0,18,13,2,1,7,10,6,11,11,9,5,7,11,10,3,6,0,10,6,3,18,2,1,0,9,6,10,11,14,2,13,0,10,0,18,0,6,1,7,2,19,18,11,15,10,7,1,10,3,6,0,10,6,3,18,2,11,0,9,6,10,3,14,0,0,0,0,0,0,0,0,0,0,0,0,0,0,0,0,0,0,0,0,0,0,0,0,0,0,0,0,0,0,0,0,0,0,0,0,0,0,0,0,0,0,0,0,0,0,0,0,0,0,0,0,0",-0.6109838,0.41576484,3.0,0.0066155163,84.99628,0.007470727,1.0,0.007470727,0.41845652,0.0,0.0,0.0,0.0066155163,0.002177285,0.790676,0.41845652,7.565636,1.3329175,84.99628,-0.6109838,3.8910992,208.38008,0.0,0.0057603056,1.0,208.38008,0.18967247,0.20932397,7.565636,0.002177285,0.0,0.41576484,0.0,1.3329175,3.8910992,0.0,0.6109838,0.0,0.0,0.6109838,0.64642704,0.0057603056,1.0,0.0,lookahead,beam_orig3_bm2-s0to100br0
/work/T-REX/external/Proteina-Complexa/inference/search_binder_local_pipeline_32_PDL1_ALPHA_REPACK_v7_r003_cand_v7r003_hyp_0003_01_002_a33ac9851a300/job_0_n_176_id_9_beam_orig0_bm2-s0to100br1/job_0_n_176_id_9_beam_orig0_bm2-s0to100br1.pdb,36,"2,0,13,16,19,16,19,14,11,3,10,18,19,19,6,18,7,15,2,12,16,9,6,4,11,13,14,19,6,11,5,10,3,10,0,0,10,9,19,18,17,6,12,6,3,11,2,9,9,5,13,19,8,7,6,6,3,10,11,19,5,8,15,15,18,1,5,1,0,1,10,10,11,3,5,10,15,10,7,2,0,0,10,5,9,16,3,19,11,10,5,3,0,7,19,18,1,4,12,9,15,18,7,7,0,3,18,11,1,9,16,19,11,19,2,0,12,10,11,3,9,13,3,5,18,0,16,3,7,19,10,2,11,2,5,9,0,9,10,10,1,3,9,11,11,6,15,11,9,13,3,19,10,1,6,12,7,3,11,5,15,9,2,13,6,6,13,19,11,9,4,11,5,13,9,10,0,0,0,0,0,0,0,0,0,0,0,0,0,0,0,0,0,0,0,0,0,0,0,0,0,0,0,0,0,0,0,0,0,0,0,0,0,0,0,0,0,0,0,0,0,0,0,0,0,0,0,0,0,0,0,0,0",-0.38835043,0.19595277,3.0,0.10178878,42.81452,0.12247338,1.0,0.12247338,0.28808945,0.036960818,0.0,0.0,0.10178878,0.0015823027,0.82222176,0.28808945,3.023315,1.7803303,42.81452,-0.38835043,3.2559786,182.57855,0.030955832,0.08110418,1.0,182.57855,0.4154443,0.17777821,3.023315,0.0015823027,0.042965807,0.19595277,0.0,1.7803303,3.2559786,0.030955832,0.38835043,0.0,0.042965807,0.38835043,0.72792804,0.08110418,1.0,0.036960818,lookahead,beam_orig0_bm2-s0to100br1
/work/T-REX/external/Proteina-Complexa/inference/search_binder_local_pipeline_32_PDL1_ALPHA_REPACK_v7_r003_cand_v7r003_hyp_0003_01_002_a33ac9851a300/job_0_n_229_id_9_beam_orig1_bm2-s0to100br1/job_0_n_229_id_9_beam_orig1_bm2-s0to100br1.pdb,37,"2,0,13,16,19,16,19,14,11,3,10,18,19,19,6,18,7,15,2,12,16,9,6,4,11,13,14,19,6,11,5,10,3,10,0,0,10,9,19,18,17,6,12,6,3,11,2,9,9,5,13,19,8,7,6,6,3,10,11,19,5,8,15,15,18,1,5,1,0,1,10,10,11,3,5,10,15,10,7,2,0,0,10,5,9,16,3,19,11,10,5,3,0,7,19,18,1,4,12,9,15,18,7,7,0,3,18,11,1,9,16,19,11,19,2,0,0,13,16,19,16,19,14,11,3,10,18,19,19,6,18,7,15,2,12,16,9,6,4,11,13,14,19,6,11,5,10,3,10,0,0,10,9,19,18,17,6,12,6,3,11,2,9,9,5,13,19,8,7,6,6,3,10,11,19,5,8,15,15,18,1,5,1,0,1,10,10,11,3,5,10,15,10,7,2,0,0,10,5,9,16,3,19,11,10,5,3,0,7,19,18,1,4,12,9,15,18,7,7,0,3,18,11,1,9,16,19,11,19,0,0,0,0",-0.5163106,0.28950635,3.0,0.049828153,59.958916,0.05230865,1.0,0.05230865,0.30645823,0.012707304,0.0,0.0,0.049828153,0.0018285671,0.8601622,0.30645823,5.2112346,1.2783723,59.958916,-0.5163106,3.8251457,201.03448,0.012505855,0.047347657,1.0,201.03448,0.26979637,0.13983779,5.2112346,0.0018285671,0.012908752,0.28950635,0.0,1.2783723,3.8251457,0.012505855,0.5163106,0.0,0.012908752,0.5163106,0.5921236,0.047347657,1.0,0.012707304,lookahead,beam_orig1_bm2-s0to100br1
/work/T-REX/external/Proteina-Complexa/inference/search_binder_local_pipeline_32_PDL1_ALPHA_REPACK_v7_r003_cand_v7r003_hyp_0003_01_002_a33ac9851a300/job_0_n_233_id_9_beam_orig2_bm2-s0to100br1/job_0_n_233_id_9_beam_orig2_bm2-s0to100br1.pdb,38,"2,0,13,16,19,16,19,14,11,3,10,18,19,19,6,18,7,15,2,12,16,9,6,4,11,13,14,19,6,11,5,10,3,10,0,0,10,9,19,18,17,6,12,6,3,11,2,9,9,5,13,19,8,7,6,6,3,10,11,19,5,8,15,15,18,1,5,1,0,1,10,10,11,3,5,10,15,10,7,2,0,0,10,5,9,16,3,19,11,10,5,3,0,7,19,18,1,4,12,9,15,18,7,7,0,3,18,11,1,9,16,19,11,19,2,0,0,13,16,19,16,19,14,11,3,10,18,19,19,6,18,7,15,2,12,16,9,6,4,11,13,14,19,6,11,5,10,3,10,0,0,10,9,19,18,17,6,12,6,3,11,2,9,9,5,13,19,8,7,6,6,3,10,11,19,5,8,15,15,18,1,5,1,0,1,10,10,11,3,5,10,15,10,7,2,0,0,10,5,9,16,3,19,11,10,5,3,0,7,19,18,1,4,12,9,15,18,7,7,0,3,18,11,1,9,16,19,11,19,2,0,14,19",-0.5196914,0.2858476,3.0,0.05071967,62.359467,0.05318311,1.0,0.05318311,0.30801457,0.0128152985,0.0,0.0,0.05071967,0.0031093406,0.8608844,0.30801457,4.833491,1.2868761,62.359467,-0.5196914,3.904438,198.4693,0.012726229,0.048256237,1.0,198.4693,0.268614,0.13911556,4.833491,0.0031093406,0.012904368,0.2858476,0.0,1.2868761,3.904438,0.012726229,0.5196914,0.0,0.012904368,0.5196914,0.5905672,0.048256237,1.0,0.0128152985,lookahead,beam_orig2_bm2-s0to100br1
/work/T-REX/external/Proteina-Complexa/inference/search_binder_local_pipeline_32_PDL1_ALPHA_REPACK_v7_r003_cand_v7r003_hyp_0003_01_002_a33ac9851a300/job_0_n_180_id_9_beam_orig3_bm2-s0to100br1/job_0_n_180_id_9_beam_orig3_bm2-s0to100br1.pdb,39,"2,0,13,16,19,16,19,14,11,3,10,18,19,19,6,18,7,15,2,12,16,9,6,4,11,13,14,19,6,11,5,10,3,10,0,0,10,9,19,18,17,6,12,6,3,11,2,9,9,5,13,19,8,7,6,6,3,10,11,19,5,8,15,15,18,1,5,1,0,1,10,10,11,3,5,10,15,10,7,2,0,0,10,5,9,16,3,19,11,10,5,3,0,7,19,18,1,4,12,9,15,18,7,7,0,3,18,11,1,9,16,19,11,19,2,0,0,5,0,18,18,2,1,7,2,0,1,13,9,11,7,2,10,3,10,0,9,6,3,18,15,1,0,9,6,10,11,14,3,13,0,12,0,18,18,2,1,7,11,0,18,6,6,11,7,2,10,3,10,0,9,6,3,18,6,16,0,10,11,10,0,0,0,0,0,0,0,0,0,0,0,0,0,0,0,0,0,0,0,0,0,0,0,0,0,0,0,0,0,0,0,0,0,0,0,0,0,0,0,0,0,0,0,0,0,0,0,0,0,0,0,0,0",-0.6581143,0.4535721,3.0,0.0056006047,120.17273,0.0057717105,1.0,0.0057717105,0.44379494,0.0,0.0,0.0,0.0056006047,0.0015626214,0.8342839,0.44379494,15.908554,1.132031,120.17273,-0.6581143,4.1918955,230.5767,0.0,0.005429499,1.0,230.5767,0.1562517,0.16571611,15.908554,0.0015626214,0.0,0.4535721,0.0,1.132031,4.1918955,0.0,0.6581143,0.0,0.0,0.6581143,0.6302136,0.005429499,1.0,0.0,lookahead,beam_orig3_bm2-s0to100br1
/work/T-REX/external/Proteina-Complexa/inference/search_binder_local_pipeline_32_PDL1_ALPHA_REPACK_v7_r003_cand_v7r003_hyp_0003_01_002_a33ac9851a300/job_0_n_176_id_10_beam_orig0_bm2-s0to100br2/job_0_n_176_id_10_beam_orig0_bm2-s0to100br2.pdb,40,"2,0,13,16,19,16,19,14,11,3,10,18,19,19,6,18,7,15,2,12,16,9,6,4,11,13,14,19,6,11,5,10,3,10,0,0,10,9,19,18,17,6,12,6,3,11,2,9,9,5,13,19,8,7,6,6,3,10,11,19,5,8,15,15,18,1,5,1,0,1,10,10,11,3,5,10,15,10,7,2,0,0,10,5,9,16,3,19,11,10,5,3,0,7,19,18,1,4,12,9,15,18,7,7,0,3,18,11,1,9,16,19,11,19,2,0,10,11,10,10,6,9,18,4,11,10,7,2,6,3,6,0,10,11,10,5,11,9,9,10,3,11,7,16,14,9,5,11,9,6,0,0,2,9,12,11,11,13,18,6,2,10,7,2,6,6,11,0,6,11,19,10,11,15,19,11,0,0,0,0,0,0,0,0,0,0,0,0,0,0,0,0,0,0,0,0,0,0,0,0,0,0,0,0,0,0,0,0,0,0,0,0,0,0,0,0,0,0,0,0,0,0,0,0,0,0,0,0,0,0,0,0,0",-0.5087246,0.30796525,3.0,0.030592004,121.451256,0.03814572,1.0,0.03814572,0.3647883,0.013613416,0.0,0.0,0.030592004,0.012067488,0.79433966,0.3647883,21.000511,1.6370063,121.451256,-0.5087246,3.8532736,262.59225,0.011703098,0.023038287,1.0,262.59225,0.276596,0.20566031,21.000511,0.012067488,0.015523733,0.30796525,0.0,1.6370063,3.8532736,0.011703098,0.5087246,0.0,0.015523733,0.5087246,0.6823492,0.023038287,1.0,0.013613416,lookahead,beam_orig0_bm2-s0to100br2
/work/T-REX/external/Proteina-Complexa/inference/search_binder_local_pipeline_32_PDL1_ALPHA_REPACK_v7_r003_cand_v7r003_hyp_0003_01_002_a33ac9851a300/job_0_n_229_id_10_beam_orig1_bm2-s0to100br2/job_0_n_229_id_10_beam_orig1_bm2-s0to100br2.pdb,41,"2,0,13,16,19,16,19,14,11,3,10,18,19,19,6,18,7,15,2,12,16,9,6,4,11,13,14,19,6,11,5,10,3,10,0,0,10,9,19,18,17,6,12,6,3,11,2,9,9,5,13,19,8,7,6,6,3,10,11,19,5,8,15,15,18,1,5,1,0,1,10,10,11,3,5,10,15,10,7,2,0,0,10,5,9,16,3,19,11,10,5,3,0,7,19,18,1,4,12,9,15,18,7,7,0,3,18,11,1,9,16,19,11,19,2,0,16,19,16,19,14,11,3,10,18,19,19,6,18,7,15,2,12,16,9,6,4,11,13,14,19,6,11,5,10,3,10,0,0,10,9,19,18,17,6,12,6,3,11,2,9,9,5,13,19,8,7,6,6,3,10,11,19,5,8,15,15,18,1,5,1,0,1,10,10,11,3,5,10,15,10,7,2,0,0,10,5,9,16,3,19,11,10,5,3,0,7,19,18,1,4,12,9,15,18,7,7,0,3,18,11,1,9,16,19,11,19,2,0,0,0,0,0",-0.5383421,0.3105108,3.0,0.03677956,69.079346,0.03863574,1.0,0.03863574,0.31824243,0.011658121,0.0,0.0,0.03677956,0.001782163,0.8616462,0.31824243,2.8363686,1.2954841,69.079346,-0.5383421,3.9189842,214.19691,0.011479184,0.03492338,1.0,214.19691,0.25012946,0.13835382,2.8363686,0.001782163,0.011837058,0.3105108,0.0,1.2954841,3.9189842,0.011479184,0.5383421,0.0,0.011837058,0.5383421,0.5822412,0.03492338,1.0,0.011658121,lookahead,beam_orig1_bm2-s0to100br2
/work/T-REX/external/Proteina-Complexa/inference/search_binder_local_pipeline_32_PDL1_ALPHA_REPACK_v7_r003_cand_v7r003_hyp_0003_01_002_a33ac9851a300/job_0_n_233_id_10_beam_orig2_bm2-s0to100br2/job_0_n_233_id_10_beam_orig2_bm2-s0to100br2.pdb,42,"2,0,13,16,19,16,19,14,11,3,10,18,19,19,6,18,7,15,2,12,16,9,6,4,11,13,14,19,6,11,5,10,3,10,0,0,10,9,19,18,17,6,12,6,3,11,2,9,9,5,13,19,8,7,6,6,3,10,11,19,5,8,15,15,18,1,5,1,0,1,10,10,11,3,5,10,15,10,7,2,0,0,10,5,9,16,3,19,11,10,5,3,0,7,19,18,1,4,12,9,15,18,7,7,0,3,18,11,1,9,16,19,11,19,2,0,2,0,13,16,19,16,19,14,11,3,10,18,19,19,6,18,7,15,2,12,16,9,6,4,11,13,14,19,6,11,5,10,3,10,0,0,10,9,19,18,17,6,12,6,3,11,2,9,9,5,13,19,8,7,6,6,3,10,11,19,5,8,15,15,18,1,5,1,0,1,10,10,11,3,5,10,15,10,7,2,0,0,10,5,9,16,3,19,11,10,5,3,0,7,19,18,1,4,12,9,15,18,7,7,0,3,18,11,1,9,16,19,11,19,2,0,14",-0.5357532,0.30486527,3.0,0.040708438,72.714165,0.044225853,1.0,0.044225853,0.3164526,0.012072294,0.0,0.0,0.040708438,0.002890557,0.8589523,0.3164526,3.1129458,1.2910992,72.714165,-0.5357532,3.9247036,213.5355,0.011803266,0.037191026,1.0,213.5355,0.2555312,0.14104772,3.1129458,0.002890557,0.012341322,0.30486527,0.0,1.2910992,3.9247036,0.011803266,0.5357532,0.0,0.012341322,0.5357532,0.5834551,0.037191026,1.0,0.012072294,lookahead,beam_orig2_bm2-s0to100br2
/work/T-REX/external/Proteina-Complexa/inference/search_binder_local_pipeline_32_PDL1_ALPHA_REPACK_v7_r003_cand_v7r003_hyp_0003_01_002_a33ac9851a300/job_0_n_180_id_10_beam_orig3_bm2-s0to100br2/job_0_n_180_id_10_beam_orig3_bm2-s0to100br2.pdb,43,"2,0,13,16,19,16,19,14,11,3,10,18,19,19,6,18,7,15,2,12,16,9,6,4,11,13,14,19,6,11,5,10,3,10,0,0,10,9,19,18,17,6,12,6,3,11,2,9,9,5,13,19,8,7,6,6,3,10,11,19,5,8,15,15,18,1,5,1,0,1,10,10,11,3,5,10,15,10,7,2,0,0,10,5,9,16,3,19,11,10,5,3,0,7,19,18,1,4,12,9,15,18,7,7,0,3,18,11,1,9,16,19,11,19,2,0,15,6,6,11,10,5,0,0,11,2,10,19,16,6,0,11,6,6,6,11,11,7,2,18,15,6,0,0,11,11,18,6,6,0,0,11,10,18,12,6,9,7,2,13,6,6,0,7,11,0,10,3,6,0,0,11,12,1,6,11,0,6,11,15,0,0,0,0,0,0,0,0,0,0,0,0,0,0,0,0,0,0,0,0,0,0,0,0,0,0,0,0,0,0,0,0,0,0,0,0,0,0,0,0,0,0,0,0,0,0,0,0,0,0,0,0,0",-0.19613601,0.06369297,3.0,0.4299202,56.234135,0.5300879,1.0,0.5300879,0.15225703,0.4299202,0.0,0.0,0.4299202,0.0067581525,0.9332387,0.15225703,3.327919,1.2503314,56.234135,-0.19613601,2.0900517,149.18765,0.3297525,0.3297525,1.0,149.18765,0.7571208,0.06676134,3.327919,0.0067581525,0.5300879,0.06369297,0.0,1.2503314,2.0900517,0.3297525,0.19613601,0.0,0.5300879,0.19613601,0.8436399,0.3297525,1.0,0.4299202,lookahead,beam_orig3_bm2-s0to100br2
/work/T-REX/external/Proteina-Complexa/inference/search_binder_local_pipeline_32_PDL1_ALPHA_REPACK_v7_r003_cand_v7r003_hyp_0003_01_002_a33ac9851a300/job_0_n_176_id_11_beam_orig0_bm2-s0to100br3/job_0_n_176_id_11_beam_orig0_bm2-s0to100br3.pdb,44,"2,0,13,16,19,16,19,14,11,3,10,18,19,19,6,18,7,15,2,12,16,9,6,4,11,13,14,19,6,11,5,10,3,10,0,0,10,9,19,18,17,6,12,6,3,11,2,9,9,5,13,19,8,7,6,6,3,10,11,19,5,8,15,15,18,1,5,1,0,1,10,10,11,3,5,10,15,10,7,2,0,0,10,5,9,16,3,19,11,10,5,3,0,7,19,18,1,4,12,9,15,18,7,7,0,3,18,11,1,9,16,19,11,19,2,0,7,14,16,1,6,6,9,16,11,15,6,5,18,10,5,2,0,11,6,13,0,15,11,10,10,3,3,11,19,15,19,11,3,0,9,11,3,19,5,9,9,13,3,10,15,18,6,2,0,10,11,19,19,5,5,19,10,5,6,1,0,0,0,0,0,0,0,0,0,0,0,0,0,0,0,0,0,0,0,0,0,0,0,0,0,0,0,0,0,0,0,0,0,0,0,0,0,0,0,0,0,0,0,0,0,0,0,0,0,0,0,0,0,0,0,0,0",-0.18708219,0.047843847,3.0,0.5558857,45.102875,0.6692618,1.0,0.6692618,0.16690268,0.5560772,0.0,0.0,0.5558857,0.030427307,0.8759958,0.16690268,1.7516377,1.6559192,45.102875,-0.18708219,2.0966842,164.6445,0.44289252,0.44250956,1.0,164.6445,0.79376477,0.12400419,1.7516377,0.030427307,0.6692618,0.047843847,0.0,1.6559192,2.0966842,0.44289252,0.18708219,0.0,0.6692618,0.18708219,0.8600697,0.44250956,1.0,0.5560772,lookahead,beam_orig0_bm2-s0to100br3
/work/T-REX/external/Proteina-Complexa/inference/search_binder_local_pipeline_32_PDL1_ALPHA_REPACK_v7_r003_cand_v7r003_hyp_0003_01_002_a33ac9851a300/job_0_n_229_id_11_beam_orig1_bm2-s0to100br3/job_0_n_229_id_11_beam_orig1_bm2-s0to100br3.pdb,45,"2,0,13,16,19,16,19,14,11,3,10,18,19,19,6,18,7,15,2,12,16,9,6,4,11,13,14,19,6,11,5,10,3,10,0,0,10,9,19,18,17,6,12,6,3,11,2,9,9,5,13,19,8,7,6,6,3,10,11,19,5,8,15,15,18,1,5,1,0,1,10,10,11,3,5,10,15,10,7,2,0,0,10,5,9,16,3,19,11,10,5,3,0,7,19,18,1,4,12,9,15,18,7,7,0,3,18,11,1,9,16,19,11,19,2,0,13,16,19,16,19,14,11,3,10,18,19,19,6,18,7,15,2,12,16,9,6,4,11,13,14,19,6,11,5,10,3,10,0,0,10,9,19,18,17,6,12,6,3,11,2,9,9,5,13,19,8,7,6,6,3,10,11,19,5,8,15,15,18,1,5,1,0,1,10,10,11,3,5,10,15,10,7,2,0,0,10,5,9,16,3,19,11,10,5,3,0,7,19,18,1,4,12,9,15,18,7,7,0,3,18,11,1,9,16,19,11,19,2,0,0,0,0",-0.519486,0.29626772,3.0,0.04857897,56.906387,0.050845217,1.0,0.050845217,0.30757236,0.012336144,0.0,0.0,0.04857897,0.0017034416,0.8635309,0.30757236,4.914696,1.2853533,56.906387,-0.519486,3.8524246,195.90305,0.011913789,0.046312727,1.0,195.90305,0.26788643,0.1364691,4.914696,0.0017034416,0.0127585,0.29626772,0.0,1.2853533,3.8524246,0.011913789,0.519486,0.0,0.0127585,0.519486,0.5909561,0.046312727,1.0,0.012336144,lookahead,beam_orig1_bm2-s0to100br3
/work/T-REX/external/Proteina-Complexa/inference/search_binder_local_pipeline_32_PDL1_ALPHA_REPACK_v7_r003_cand_v7r003_hyp_0003_01_002_a33ac9851a300/job_0_n_233_id_11_beam_orig2_bm2-s0to100br3/job_0_n_233_id_11_beam_orig2_bm2-s0to100br3.pdb,46,"2,0,13,16,19,16,19,14,11,3,10,18,19,19,6,18,7,15,2,12,16,9,6,4,11,13,14,19,6,11,5,10,3,10,0,0,10,9,19,18,17,6,12,6,3,11,2,9,9,5,13,19,8,7,6,6,3,10,11,19,5,8,15,15,18,1,5,1,0,1,10,10,11,3,5,10,15,10,7,2,0,0,10,5,9,16,3,19,11,10,5,3,0,7,19,18,1,4,12,9,15,18,7,7,0,3,18,11,1,9,16,19,11,19,2,0,0,13,16,19,16,19,14,11,3,10,18,19,19,6,18,7,15,2,12,16,9,6,4,11,13,14,19,6,11,5,10,3,10,0,0,10,9,19,18,17,6,12,6,3,11,2,9,9,5,13,19,8,7,6,6,3,10,11,19,5,8,15,15,18,1,5,1,0,1,10,10,11,3,5,10,15,10,7,2,0,0,10,5,9,16,3,19,11,10,5,3,0,7,19,18,1,4,12,9,15,18,7,7,0,3,18,11,1,9,16,19,11,19,2,0,14,15",-0.5336101,0.30364028,3.0,0.044089034,59.270935,0.04700486,1.0,0.04700486,0.3151751,0.012197539,0.0,0.0,0.044089034,0.0032331822,0.8609209,0.3151751,4.405538,1.2823591,59.270935,-0.5336101,3.9383929,195.75885,0.011892093,0.041173205,1.0,195.75885,0.25877005,0.13907912,4.405538,0.0032331822,0.012502985,0.30364028,0.0,1.2823591,3.9383929,0.011892093,0.5336101,0.0,0.012502985,0.5336101,0.5861933,0.041173205,1.0,0.012197539,lookahead,beam_orig2_bm2-s0to100br3
/work/T-REX/external/Proteina-Complexa/inference/search_binder_local_pipeline_32_PDL1_ALPHA_REPACK_v7_r003_cand_v7r003_hyp_0003_01_002_a33ac9851a300/job_0_n_180_id_11_beam_orig3_bm2-s0to100br3/job_0_n_180_id_11_beam_orig3_bm2-s0to100br3.pdb,47,"2,0,13,16,19,16,19,14,11,3,10,18,19,19,6,18,7,15,2,12,16,9,6,4,11,13,14,19,6,11,5,10,3,10,0,0,10,9,19,18,17,6,12,6,3,11,2,9,9,5,13,19,8,7,6,6,3,10,11,19,5,8,15,15,18,1,5,1,0,1,10,10,11,3,5,10,15,10,7,2,0,0,10,5,9,16,3,19,11,10,5,3,0,7,19,18,1,4,12,9,15,18,7,7,0,3,18,11,1,9,16,19,11,19,2,0,12,3,14,13,10,0,16,11,10,18,4,6,7,11,3,6,13,2,11,7,2,18,15,10,0,6,15,11,18,10,5,0,9,6,9,10,6,11,10,0,15,3,14,11,18,5,6,10,10,15,5,0,11,3,2,10,0,19,4,5,1,11,10,7,0,0,0,0,0,0,0,0,0,0,0,0,0,0,0,0,0,0,0,0,0,0,0,0,0,0,0,0,0,0,0,0,0,0,0,0,0,0,0,0,0,0,0,0,0,0,0,0,0,0,0,0,0",-0.24089722,0.09274442,3.0,0.30190545,42.426712,0.36379525,1.0,0.36379525,0.18900986,0.30190545,0.0,0.0,0.30190545,0.0016068891,0.8918499,0.18900986,2.1663423,1.5138165,42.426712,-0.24089722,2.5574622,157.3584,0.24001569,0.24001569,1.0,157.3584,0.6715117,0.10815011,2.1663423,0.0016068891,0.36379525,0.09274442,0.0,1.5138165,2.5574622,0.24001569,0.24089722,0.0,0.36379525,0.24089722,0.81563115,0.24001569,1.0,0.30190545,lookahead,beam_orig3_bm2-s0to100br3
/work/T-REX/external/Proteina-Complexa/inference/search_binder_local_pipeline_32_PDL1_ALPHA_REPACK_v7_r003_cand_v7r003_hyp_0003_01_002_a33ac9851a300/job_0_n_176_id_12_beam_orig0_bm3-s0to100br0/job_0_n_176_id_12_beam_orig0_bm3-s0to100br0.pdb,48,"2,0,13,16,19,16,19,14,11,3,10,18,19,19,6,18,7,15,2,12,16,9,6,4,11,13,14,19,6,11,5,10,3,10,0,0,10,9,19,18,17,6,12,6,3,11,2,9,9,5,13,19,8,7,6,6,3,10,11,19,5,8,15,15,18,1,5,1,0,1,10,10,11,3,5,10,15,10,7,2,0,0,10,5,9,16,3,19,11,10,5,3,0,7,19,18,1,4,12,9,15,18,7,7,0,3,18,11,1,9,16,19,11,19,2,0,15,0,3,6,10,0,13,6,7,10,11,10,11,8,6,7,11,10,3,6,0,6,11,0,18,1,1,0,10,6,10,11,14,3,13,0,9,0,8,3,6,10,7,2,19,10,11,6,5,7,11,10,3,6,0,10,11,6,18,6,0,0,0,0,0,0,0,0,0,0,0,0,0,0,0,0,0,0,0,0,0,0,0,0,0,0,0,0,0,0,0,0,0,0,0,0,0,0,0,0,0,0,0,0,0,0,0,0,0,0,0,0,0,0,0,0,0",-0.4766706,0.2623591,3.0,0.04879918,116.60648,0.058860112,1.0,0.058860112,0.34401473,0.012892128,0.0,0.0,0.04879918,0.0064382628,0.79213405,0.34401473,18.806635,1.4963298,116.60648,-0.4766706,3.4894009,227.75273,0.01245412,0.038738243,1.0,227.75273,0.28622624,0.20786595,18.806635,0.0064382628,0.0133301355,0.2623591,0.0,1.4963298,3.4894009,0.01245412,0.4766706,0.0,0.0133301355,0.4766706,0.6873867,0.038738243,1.0,0.012892128,lookahead,beam_orig0_bm3-s0to100br0
/work/T-REX/external/Proteina-Complexa/inference/search_binder_local_pipeline_32_PDL1_ALPHA_REPACK_v7_r003_cand_v7r003_hyp_0003_01_002_a33ac9851a300/job_0_n_229_id_12_beam_orig1_bm3-s0to100br0/job_0_n_229_id_12_beam_orig1_bm3-s0to100br0.pdb,49,"2,0,13,16,19,16,19,14,11,3,10,18,19,19,6,18,7,15,2,12,16,9,6,4,11,13,14,19,6,11,5,10,3,10,0,0,10,9,19,18,17,6,12,6,3,11,2,9,9,5,13,19,8,7,6,6,3,10,11,19,5,8,15,15,18,1,5,1,0,1,10,10,11,3,5,10,15,10,7,2,0,0,10,5,9,16,3,19,11,10,5,3,0,7,19,18,1,4,12,9,15,18,7,7,0,3,18,11,1,9,16,19,11,19,2,0,13,16,19,16,19,14,11,3,10,18,19,19,6,18,7,15,2,12,16,9,6,4,11,13,14,19,6,11,5,10,3,10,0,0,10,9,19,18,17,6,12,6,3,11,2,9,9,5,13,19,8,7,6,6,3,10,11,19,5,8,15,15,18,1,5,1,0,1,10,10,11,3,5,10,15,10,7,2,0,0,10,5,9,16,3,19,11,10,5,3,0,7,19,18,1,4,12,9,15,18,7,7,0,3,18,11,1,9,16,19,11,19,2,0,0,0,0",-0.531771,0.30416256,3.0,0.04097931,72.380325,0.043919273,1.0,0.043919273,0.31464785,0.0120405555,0.0,0.0,0.04097931,0.0017637548,0.8611808,0.31464785,2.7941089,1.2947392,72.380325,-0.531771,3.8830771,216.50854,0.011730087,0.038039353,1.0,216.50854,0.2582981,0.13881922,2.7941089,0.0017637548,0.012351024,0.30416256,0.0,1.2947392,3.8830771,0.011730087,0.531771,0.0,0.012351024,0.531771,0.5859103,0.038039353,1.0,0.0120405555,lookahead,beam_orig1_bm3-s0to100br0
/work/T-REX/external/Proteina-Complexa/inference/search_binder_local_pipeline_32_PDL1_ALPHA_REPACK_v7_r003_cand_v7r003_hyp_0003_01_002_a33ac9851a300/job_0_n_233_id_12_beam_orig2_bm3-s0to100br0/job_0_n_233_id_12_beam_orig2_bm3-s0to100br0.pdb,50,"2,0,13,16,19,16,19,14,11,3,10,18,19,19,6,18,7,15,2,12,16,9,6,4,11,13,14,19,6,11,5,10,3,10,0,0,10,9,19,18,17,6,12,6,3,11,2,9,9,5,13,19,8,7,6,6,3,10,11,19,5,8,15,15,18,1,5,1,0,1,10,10,11,3,5,10,15,10,7,2,0,0,10,5,9,16,3,19,11,10,5,3,0,7,19,18,1,4,12,9,15,18,7,7,0,3,18,11,1,9,16,19,11,19,2,0,13,16,19,16,19,14,11,3,10,18,19,19,6,18,7,15,2,12,16,9,6,4,11,13,14,19,6,11,5,10,3,10,0,0,10,9,19,18,17,6,12,6,3,11,2,9,9,5,13,19,8,7,6,6,3,10,11,19,5,8,15,15,18,1,5,1,0,1,10,10,11,3,5,10,15,10,7,2,0,0,10,5,9,16,3,19,11,10,5,3,0,7,19,18,1,4,12,9,15,18,7,7,0,3,18,11,1,9,16,19,11,19,2,0,14,14,15",-0.53842485,0.30804062,3.0,0.039833177,65.92311,0.042223584,1.0,0.042223584,0.3197004,0.01198742,0.0,0.0,0.039833177,0.006442331,0.85842204,0.3197004,5.811371,1.3063121,65.92311,-0.53842485,3.9719012,194.48584,0.0115750525,0.03744277,1.0,194.48584,0.25444663,0.14157796,5.811371,0.006442331,0.012399788,0.30804062,0.0,1.3063121,3.9719012,0.0115750525,0.53842485,0.0,0.012399788,0.53842485,0.58323824,0.03744277,1.0,0.01198742,lookahead,beam_orig2_bm3-s0to100br0
/work/T-REX/external/Proteina-Complexa/inference/search_binder_local_pipeline_32_PDL1_ALPHA_REPACK_v7_r003_cand_v7r003_hyp_0003_01_002_a33ac9851a300/job_0_n_180_id_12_beam_orig3_bm3-s0to100br0/job_0_n_180_id_12_beam_orig3_bm3-s0to100br0.pdb,51,"2,0,13,16,19,16,19,14,11,3,10,18,19,19,6,18,7,15,2,12,16,9,6,4,11,13,14,19,6,11,5,10,3,10,0,0,10,9,19,18,17,6,12,6,3,11,2,9,9,5,13,19,8,7,6,6,3,10,11,19,5,8,15,15,18,1,5,1,0,1,10,10,11,3,5,10,15,10,7,2,0,0,10,5,9,16,3,19,11,10,5,3,0,7,19,18,1,4,12,9,15,18,7,7,0,3,18,11,1,9,16,19,11,19,2,0,1,0,7,13,10,14,11,6,13,0,6,11,0,10,0,15,3,10,14,12,15,14,6,10,5,2,10,10,1,3,18,15,10,7,11,9,15,3,5,6,13,13,16,16,9,10,15,2,15,3,10,1,11,6,18,3,6,10,13,6,0,10,15,11,0,0,0,0,0,0,0,0,0,0,0,0,0,0,0,0,0,0,0,0,0,0,0,0,0,0,0,0,0,0,0,0,0,0,0,0,0,0,0,0,0,0,0,0,0,0,0,0,0,0,0,0,0",-0.45188802,0.24712913,3.0,0.06702652,59.794395,0.076046474,1.0,0.076046474,0.33805346,0.013719777,0.0,0.0,0.06702652,0.0048330184,0.7448487,0.33805346,2.9249775,1.9041606,59.794395,-0.45188802,3.4124043,240.37631,0.013524778,0.058006562,1.0,240.37631,0.3266592,0.25515124,2.9249775,0.0048330184,0.013914776,0.24712913,0.0,1.9041606,3.4124043,0.013524778,0.45188802,0.0,0.013914776,0.45188802,0.69350153,0.058006562,1.0,0.013719777,lookahead,beam_orig3_bm3-s0to100br0
/work/T-REX/external/Proteina-Complexa/inference/search_binder_local_pipeline_32_PDL1_ALPHA_REPACK_v7_r003_cand_v7r003_hyp_0003_01_002_a33ac9851a300/job_0_n_176_id_13_beam_orig0_bm3-s0to100br1/job_0_n_176_id_13_beam_orig0_bm3-s0to100br1.pdb,52,"2,0,13,16,19,16,19,14,11,3,10,18,19,19,6,18,7,15,2,12,16,9,6,4,11,13,14,19,6,11,5,10,3,10,0,0,10,9,19,18,17,6,12,6,3,11,2,9,9,5,13,19,8,7,6,6,3,10,11,19,5,8,15,15,18,1,5,1,0,1,10,10,11,3,5,10,15,10,7,2,0,0,10,5,9,16,3,19,11,10,5,3,0,7,19,18,1,4,12,9,15,18,7,7,0,3,18,11,1,9,16,19,11,19,2,0,15,19,0,3,9,19,5,11,10,11,11,2,4,7,10,13,11,3,0,0,18,10,11,15,0,3,5,7,16,9,5,1,0,19,5,13,0,10,8,7,10,7,9,16,10,3,3,2,16,13,5,6,19,19,5,6,19,5,11,10,0,0,0,0,0,0,0,0,0,0,0,0,0,0,0,0,0,0,0,0,0,0,0,0,0,0,0,0,0,0,0,0,0,0,0,0,0,0,0,0,0,0,0,0,0,0,0,0,0,0,0,0,0,0,0,0,0",-0.36619508,0.20330167,3.0,0.10677138,63.185837,0.130609,1.0,0.130609,0.2718913,0.053941287,0.0,0.0,0.10677138,0.0013762624,0.79589856,0.2718913,2.086912,1.8057929,63.185837,-0.36619508,3.23157,216.01427,0.04868807,0.082933754,1.0,216.01427,0.40515834,0.20410144,2.086912,0.0013762624,0.05919451,0.20330167,0.0,1.8057929,3.23157,0.04868807,0.36619508,0.0,0.05919451,0.36619508,0.7262151,0.082933754,1.0,0.053941287,lookahead,beam_orig0_bm3-s0to100br1
/work/T-REX/external/Proteina-Complexa/inference/search_binder_local_pipeline_32_PDL1_ALPHA_REPACK_v7_r003_cand_v7r003_hyp_0003_01_002_a33ac9851a300/job_0_n_229_id_13_beam_orig1_bm3-s0to100br1/job_0_n_229_id_13_beam_orig1_bm3-s0to100br1.pdb,53,"2,0,13,16,19,16,19,14,11,3,10,18,19,19,6,18,7,15,2,12,16,9,6,4,11,13,14,19,6,11,5,10,3,10,0,0,10,9,19,18,17,6,12,6,3,11,2,9,9,5,13,19,8,7,6,6,3,10,11,19,5,8,15,15,18,1,5,1,0,1,10,10,11,3,5,10,15,10,7,2,0,0,10,5,9,16,3,19,11,10,5,3,0,7,19,18,1,4,12,9,15,18,7,7,0,3,18,11,1,9,16,19,11,19,2,0,13,16,19,16,19,14,11,3,10,18,19,19,6,18,7,15,2,12,16,9,6,4,11,13,14,19,6,11,5,10,3,10,0,0,10,9,19,18,17,6,12,6,3,11,2,9,9,5,13,19,8,7,6,6,3,10,11,19,5,8,15,15,18,1,5,1,0,1,10,10,11,3,5,10,15,10,7,2,0,0,10,5,9,16,3,19,11,10,5,3,0,7,19,18,1,4,12,9,15,18,7,7,0,3,18,11,1,9,16,19,11,19,2,0,0,0,0",-0.52641934,0.29926404,3.0,0.043627977,68.89464,0.04576345,1.0,0.04576345,0.31123117,0.012249079,0.0,0.0,0.043627977,0.001766842,0.86229825,0.31123117,3.14862,1.2851795,68.89464,-0.52641934,3.8748007,215.22473,0.011980018,0.041492507,1.0,215.22473,0.26013055,0.13770173,3.14862,0.001766842,0.01251814,0.29926404,0.0,1.2851795,3.8748007,0.011980018,0.52641934,0.0,0.01251814,0.52641934,0.5871824,0.041492507,1.0,0.012249079,lookahead,beam_orig1_bm3-s0to100br1
/work/T-REX/external/Proteina-Complexa/inference/search_binder_local_pipeline_32_PDL1_ALPHA_REPACK_v7_r003_cand_v7r003_hyp_0003_01_002_a33ac9851a300/job_0_n_233_id_13_beam_orig2_bm3-s0to100br1/job_0_n_233_id_13_beam_orig2_bm3-s0to100br1.pdb,54,"2,0,13,16,19,16,19,14,11,3,10,18,19,19,6,18,7,15,2,12,16,9,6,4,11,13,14,19,6,11,5,10,3,10,0,0,10,9,19,18,17,6,12,6,3,11,2,9,9,5,13,19,8,7,6,6,3,10,11,19,5,8,15,15,18,1,5,1,0,1,10,10,11,3,5,10,15,10,7,2,0,0,10,5,9,16,3,19,11,10,5,3,0,7,19,18,1,4,12,9,15,18,7,7,0,3,18,11,1,9,16,19,11,19,2,0,13,16,19,16,19,14,11,3,10,18,19,19,6,18,7,15,2,12,16,9,6,4,11,13,14,19,6,11,5,10,3,10,0,0,10,9,19,18,17,6,12,6,3,11,2,9,9,5,13,19,8,7,6,6,3,10,11,19,5,8,15,15,18,1,5,1,0,1,10,10,11,3,5,10,15,10,7,2,0,0,10,5,9,16,3,19,11,10,5,3,0,7,19,18,1,4,12,9,15,18,7,7,0,3,18,11,1,9,16,19,11,19,2,0,14,15,2",-0.53795296,0.30674717,3.0,0.039274517,65.74503,0.04146888,1.0,0.04146888,0.3196277,0.011977265,0.0,0.0,0.039274517,0.013195851,0.8578894,0.3196277,3.3985808,1.3010175,65.74503,-0.53795296,3.9748297,205.96025,0.011667831,0.037080154,1.0,205.96025,0.25306666,0.14211062,3.3985808,0.013195851,0.012286699,0.30674717,0.0,1.3010175,3.9748297,0.011667831,0.53795296,0.0,0.012286699,0.53795296,0.5817178,0.037080154,1.0,0.011977265,lookahead,beam_orig2_bm3-s0to100br1
/work/T-REX/external/Proteina-Complexa/inference/search_binder_local_pipeline_32_PDL1_ALPHA_REPACK_v7_r003_cand_v7r003_hyp_0003_01_002_a33ac9851a300/job_0_n_180_id_13_beam_orig3_bm3-s0to100br1/job_0_n_180_id_13_beam_orig3_bm3-s0to100br1.pdb,55,"2,0,13,16,19,16,19,14,11,3,10,18,19,19,6,18,7,15,2,12,16,9,6,4,11,13,14,19,6,11,5,10,3,10,0,0,10,9,19,18,17,6,12,6,3,11,2,9,9,5,13,19,8,7,6,6,3,10,11,19,5,8,15,15,18,1,5,1,0,1,10,10,11,3,5,10,15,10,7,2,0,0,10,5,9,16,3,19,11,10,5,3,0,7,19,18,1,4,12,9,15,18,7,7,0,3,18,11,1,9,16,19,11,19,2,0,15,3,3,6,5,1,9,5,6,19,0,11,11,13,2,10,16,5,6,3,19,6,16,10,11,11,16,10,11,16,11,7,6,6,6,16,0,11,6,10,15,16,9,12,6,5,11,11,10,16,14,6,6,11,13,6,0,10,11,10,10,16,11,16,0,0,0,0,0,0,0,0,0,0,0,0,0,0,0,0,0,0,0,0,0,0,0,0,0,0,0,0,0,0,0,0,0,0,0,0,0,0,0,0,0,0,0,0,0,0,0,0,0,0,0,0,0",-0.16952375,0.05405068,3.0,0.49889755,34.392357,0.5698275,1.0,0.5698275,0.13614795,0.49889755,0.0,0.0,0.49889755,0.0024117138,0.9185731,0.13614795,1.8146535,1.5475227,34.392357,-0.16952375,2.1294441,161.27449,0.4279676,0.4279676,1.0,161.27449,0.770903,0.0814269,1.8146535,0.0024117138,0.5698275,0.05405068,0.0,1.5475227,2.1294441,0.4279676,0.16952375,0.0,0.5698275,0.16952375,0.860577,0.4279676,1.0,0.49889755,lookahead,beam_orig3_bm3-s0to100br1
/work/T-REX/external/Proteina-Complexa/inference/search_binder_local_pipeline_32_PDL1_ALPHA_REPACK_v7_r003_cand_v7r003_hyp_0003_01_002_a33ac9851a300/job_0_n_176_id_14_beam_orig0_bm3-s0to100br2/job_0_n_176_id_14_beam_orig0_bm3-s0to100br2.pdb,56,"2,0,13,16,19,16,19,14,11,3,10,18,19,19,6,18,7,15,2,12,16,9,6,4,11,13,14,19,6,11,5,10,3,10,0,0,10,9,19,18,17,6,12,6,3,11,2,9,9,5,13,19,8,7,6,6,3,10,11,19,5,8,15,15,18,1,5,1,0,1,10,10,11,3,5,10,15,10,7,2,0,0,10,5,9,16,3,19,11,10,5,3,0,7,19,18,1,4,12,9,15,18,7,7,0,3,18,11,1,9,16,19,11,19,2,0,11,16,18,11,9,11,3,9,9,3,13,13,3,11,2,11,3,7,16,10,15,13,7,6,3,19,11,6,12,5,1,0,13,3,9,3,19,3,7,9,18,7,16,11,16,13,19,0,10,1,3,18,19,2,7,1,11,14,12,14,0,0,0,0,0,0,0,0,0,0,0,0,0,0,0,0,0,0,0,0,0,0,0,0,0,0,0,0,0,0,0,0,0,0,0,0,0,0,0,0,0,0,0,0,0,0,0,0,0,0,0,0,0,0,0,0,0",-0.42742398,0.2140151,3.0,0.08194402,121.17955,0.09148622,1.0,0.09148622,0.33918244,0.020705918,0.0,0.0,0.08194402,0.00966583,0.6744446,0.33918244,16.988247,2.3372962,121.17955,-0.42742398,3.2930553,293.36212,0.014823905,0.07240181,1.0,293.36212,0.38271862,0.32555538,16.988247,0.00966583,0.02658793,0.2140151,0.0,2.3372962,3.2930553,0.014823905,0.42742398,0.0,0.02658793,0.42742398,0.7226052,0.07240181,1.0,0.020705918,lookahead,beam_orig0_bm3-s0to100br2
/work/T-REX/external/Proteina-Complexa/inference/search_binder_local_pipeline_32_PDL1_ALPHA_REPACK_v7_r003_cand_v7r003_hyp_0003_01_002_a33ac9851a300/job_0_n_229_id_14_beam_orig1_bm3-s0to100br2/job_0_n_229_id_14_beam_orig1_bm3-s0to100br2.pdb,57,"2,0,13,16,19,16,19,14,11,3,10,18,19,19,6,18,7,15,2,12,16,9,6,4,11,13,14,19,6,11,5,10,3,10,0,0,10,9,19,18,17,6,12,6,3,11,2,9,9,5,13,19,8,7,6,6,3,10,11,19,5,8,15,15,18,1,5,1,0,1,10,10,11,3,5,10,15,10,7,2,0,0,10,5,9,16,3,19,11,10,5,3,0,7,19,18,1,4,12,9,15,18,7,7,0,3,18,11,1,9,16,19,11,19,2,0,13,16,19,16,19,14,11,3,10,18,19,19,6,18,7,15,2,12,16,9,6,4,11,13,14,19,6,11,5,10,3,10,0,0,10,9,19,18,17,6,12,6,3,11,2,9,9,5,13,19,8,7,6,6,3,10,11,19,5,8,15,15,18,1,5,1,0,1,10,10,11,3,5,10,15,10,7,2,0,0,10,5,9,16,3,19,11,10,5,3,0,7,19,18,1,4,12,9,15,18,7,7,0,3,18,11,1,9,16,19,11,19,2,0,0,0,0",-0.5284899,0.30264962,3.0,0.0435376,70.98204,0.045981918,1.0,0.045981918,0.3126257,0.012051739,0.0,0.0,0.0435376,0.0017976629,0.8616433,0.3126257,3.1188173,1.2885747,70.98204,-0.5284899,3.8818524,216.17824,0.011894412,0.04109329,1.0,216.17824,0.25984967,0.13835667,3.1188173,0.0017976629,0.012209065,0.30264962,0.0,1.2885747,3.8818524,0.011894412,0.5284899,0.0,0.012209065,0.5284899,0.5865638,0.04109329,1.0,0.012051739,lookahead,beam_orig1_bm3-s0to100br2
/work/T-REX/external/Proteina-Complexa/inference/search_binder_local_pipeline_32_PDL1_ALPHA_REPACK_v7_r003_cand_v7r003_hyp_0003_01_002_a33ac9851a300/job_0_n_233_id_14_beam_orig2_bm3-s0to100br2/job_0_n_233_id_14_beam_orig2_bm3-s0to100br2.pdb,58,"2,0,13,16,19,16,19,14,11,3,10,18,19,19,6,18,7,15,2,12,16,9,6,4,11,13,14,19,6,11,5,10,3,10,0,0,10,9,19,18,17,6,12,6,3,11,2,9,9,5,13,19,8,7,6,6,3,10,11,19,5,8,15,15,18,1,5,1,0,1,10,10,11,3,5,10,15,10,7,2,0,0,10,5,9,16,3,19,11,10,5,3,0,7,19,18,1,4,12,9,15,18,7,7,0,3,18,11,1,9,16,19,11,19,2,0,13,16,19,16,19,14,11,3,10,18,19,19,6,18,7,15,2,12,16,9,6,4,11,13,14,19,6,11,5,10,3,10,0,0,10,9,19,18,17,6,12,6,3,11,2,9,9,5,13,19,8,7,6,6,3,10,11,19,5,8,15,15,18,1,5,1,0,1,10,10,11,3,5,10,15,10,7,2,0,0,10,5,9,16,3,19,11,10,5,3,0,7,19,18,1,4,12,9,15,18,7,7,0,3,18,11,1,9,16,19,11,19,2,0,8,8,8",-0.5335963,0.29964268,3.0,0.045879297,78.82042,0.048548438,1.0,0.048548438,0.3215152,0.012377495,0.0,0.0,0.045879297,0.023232466,0.8517505,0.3215152,4.173583,1.3422127,78.82042,-0.5335963,3.9491022,210.38957,0.012141821,0.04321016,1.0,210.38957,0.2627559,0.1482495,4.173583,0.023232466,0.012613169,0.29964268,0.0,1.3422127,3.9491022,0.012141821,0.5335963,0.0,0.012613169,0.5335963,0.5832291,0.04321016,1.0,0.012377495,lookahead,beam_orig2_bm3-s0to100br2
/work/T-REX/external/Proteina-Complexa/inference/search_binder_local_pipeline_32_PDL1_ALPHA_REPACK_v7_r003_cand_v7r003_hyp_0003_01_002_a33ac9851a300/job_0_n_180_id_14_beam_orig3_bm3-s0to100br2/job_0_n_180_id_14_beam_orig3_bm3-s0to100br2.pdb,59,"2,0,13,16,19,16,19,14,11,3,10,18,19,19,6,18,7,15,2,12,16,9,6,4,11,13,14,19,6,11,5,10,3,10,0,0,10,9,19,18,17,6,12,6,3,11,2,9,9,5,13,19,8,7,6,6,3,10,11,19,5,8,15,15,18,1,5,1,0,1,10,10,11,3,5,10,15,10,7,2,0,0,10,5,9,16,3,19,11,10,5,3,0,7,19,18,1,4,12,9,15,18,7,7,0,3,18,11,1,9,16,19,11,19,2,0,15,6,19,6,6,10,9,11,0,10,11,15,3,3,6,8,19,1,0,8,0,0,10,0,10,7,0,9,7,3,6,1,0,19,6,0,10,11,11,0,10,11,3,6,3,11,11,19,1,3,13,0,1,13,0,10,1,16,9,6,1,2,11,11,0,0,0,0,0,0,0,0,0,0,0,0,0,0,0,0,0,0,0,0,0,0,0,0,0,0,0,0,0,0,0,0,0,0,0,0,0,0,0,0,0,0,0,0,0,0,0,0,0,0,0,0,0",-0.19753326,0.0744983,3.0,0.39289802,53.202477,0.45208675,1.0,0.45208675,0.15545815,0.39289802,0.0,0.0,0.39289802,0.0031523881,0.89354897,0.15545815,2.4389074,1.4867393,53.202477,-0.19753326,2.3341403,183.3787,0.33370927,0.33370927,1.0,183.3787,0.7218782,0.10645104,2.4389074,0.0031523881,0.45208675,0.0744983,0.0,1.4867393,2.3341403,0.33370927,0.19753326,0.0,0.45208675,0.19753326,0.84069306,0.33370927,1.0,0.39289802,lookahead,beam_orig3_bm3-s0to100br2
/work/T-REX/external/Proteina-Complexa/inference/search_binder_local_pipeline_32_PDL1_ALPHA_REPACK_v7_r003_cand_v7r003_hyp_0003_01_002_a33ac9851a300/job_0_n_176_id_15_beam_orig0_bm3-s0to100br3/job_0_n_176_id_15_beam_orig0_bm3-s0to100br3.pdb,60,"2,0,13,16,19,16,19,14,11,3,10,18,19,19,6,18,7,15,2,12,16,9,6,4,11,13,14,19,6,11,5,10,3,10,0,0,10,9,19,18,17,6,12,6,3,11,2,9,9,5,13,19,8,7,6,6,3,10,11,19,5,8,15,15,18,1,5,1,0,1,10,10,11,3,5,10,15,10,7,2,0,0,10,5,9,16,3,19,11,10,5,3,0,7,19,18,1,4,12,9,15,18,7,7,0,3,18,11,1,9,16,19,11,19,2,0,15,11,19,6,11,10,9,6,3,10,11,15,3,2,19,3,19,5,11,13,0,0,6,6,10,19,11,9,3,15,6,6,0,11,5,0,9,15,3,0,19,11,2,15,15,14,6,11,1,6,0,9,13,11,0,12,19,11,0,11,0,0,0,0,0,0,0,0,0,0,0,0,0,0,0,0,0,0,0,0,0,0,0,0,0,0,0,0,0,0,0,0,0,0,0,0,0,0,0,0,0,0,0,0,0,0,0,0,0,0,0,0,0,0,0,0,0",-0.22056918,0.08664063,3.0,0.3545618,28.764622,0.40734357,1.0,0.40734357,0.172624,0.3545618,0.0,0.0,0.3545618,0.002243661,0.8893127,0.172624,1.0433675,1.632819,28.764622,-0.22056918,2.3544476,168.71112,0.30178002,0.30178002,1.0,168.71112,0.72677857,0.11068731,1.0433675,0.002243661,0.40734357,0.08664063,0.0,1.632819,2.3544476,0.30178002,0.22056918,0.0,0.40734357,0.22056918,0.8374088,0.30178002,1.0,0.3545618,lookahead,beam_orig0_bm3-s0to100br3
/work/T-REX/external/Proteina-Complexa/inference/search_binder_local_pipeline_32_PDL1_ALPHA_REPACK_v7_r003_cand_v7r003_hyp_0003_01_002_a33ac9851a300/job_0_n_229_id_15_beam_orig1_bm3-s0to100br3/job_0_n_229_id_15_beam_orig1_bm3-s0to100br3.pdb,61,"2,0,13,16,19,16,19,14,11,3,10,18,19,19,6,18,7,15,2,12,16,9,6,4,11,13,14,19,6,11,5,10,3,10,0,0,10,9,19,18,17,6,12,6,3,11,2,9,9,5,13,19,8,7,6,6,3,10,11,19,5,8,15,15,18,1,5,1,0,1,10,10,11,3,5,10,15,10,7,2,0,0,10,5,9,16,3,19,11,10,5,3,0,7,19,18,1,4,12,9,15,18,7,7,0,3,18,11,1,9,16,19,11,19,2,0,13,16,19,16,19,14,11,3,10,18,19,19,6,18,7,15,2,12,16,9,6,4,11,13,14,19,6,11,5,10,3,10,0,0,10,9,19,18,17,6,12,6,3,11,2,9,9,5,13,19,8,7,6,6,3,10,11,19,5,8,15,15,18,1,5,1,0,1,10,10,11,3,5,10,15,10,7,2,0,0,10,5,9,16,3,19,11,10,5,3,0,7,19,18,1,4,12,9,15,18,7,7,0,3,18,11,1,9,16,19,11,19,2,0,0,0,0",-0.52492493,0.29842857,3.0,0.045459323,72.62395,0.048304416,1.0,0.048304416,0.31054354,0.012251796,0.0,0.0,0.045459323,0.0017477939,0.8623243,0.31054354,2.910854,1.2853152,72.62395,-0.52492493,3.8680637,213.87863,0.012012554,0.04261423,1.0,213.87863,0.2627131,0.13767572,2.910854,0.0017477939,0.012491038,0.29842857,0.0,1.2853152,3.8680637,0.012012554,0.52492493,0.0,0.012491038,0.52492493,0.58834565,0.04261423,1.0,0.012251796,lookahead,beam_orig1_bm3-s0to100br3
/work/T-REX/external/Proteina-Complexa/inference/search_binder_local_pipeline_32_PDL1_ALPHA_REPACK_v7_r003_cand_v7r003_hyp_0003_01_002_a33ac9851a300/job_0_n_233_id_15_beam_orig2_bm3-s0to100br3/job_0_n_233_id_15_beam_orig2_bm3-s0to100br3.pdb,62,"2,0,13,16,19,16,19,14,11,3,10,18,19,19,6,18,7,15,2,12,16,9,6,4,11,13,14,19,6,11,5,10,3,10,0,0,10,9,19,18,17,6,12,6,3,11,2,9,9,5,13,19,8,7,6,6,3,10,11,19,5,8,15,15,18,1,5,1,0,1,10,10,11,3,5,10,15,10,7,2,0,0,10,5,9,16,3,19,11,10,5,3,0,7,19,18,1,4,12,9,15,18,7,7,0,3,18,11,1,9,16,19,11,19,2,0,13,16,19,16,19,14,11,3,10,18,19,19,6,18,7,15,2,12,16,9,6,4,11,13,14,19,6,11,5,10,3,10,0,0,10,9,19,18,17,6,12,6,3,11,2,9,9,5,13,19,8,7,6,6,3,10,11,19,5,8,15,15,18,1,5,1,0,1,10,10,11,3,5,10,15,10,7,2,0,0,10,5,9,16,3,19,11,10,5,3,0,7,19,18,1,4,12,9,15,18,7,7,0,3,18,11,1,9,16,19,11,19,2,0,11,14,7",-0.54152393,0.30622464,3.0,0.03868244,60.272106,0.041993752,1.0,0.041993752,0.32317138,0.011899902,0.0,0.0,0.03868244,0.009140925,0.8547862,0.32317138,5.27833,1.3045813,60.272106,-0.54152393,3.9740305,195.08037,0.011648722,0.03537112,1.0,195.08037,0.2524553,0.14521377,5.27833,0.009140925,0.01215108,0.30622464,0.0,1.3045813,3.9740305,0.011648722,0.54152393,0.0,0.01215108,0.54152393,0.58122987,0.03537112,1.0,0.011899902,lookahead,beam_orig2_bm3-s0to100br3
/work/T-REX/external/Proteina-Complexa/inference/search_binder_local_pipeline_32_PDL1_ALPHA_REPACK_v7_r003_cand_v7r003_hyp_0003_01_002_a33ac9851a300/job_0_n_180_id_15_beam_orig3_bm3-s0to100br3/job_0_n_180_id_15_beam_orig3_bm3-s0to100br3.pdb,63,"2,0,13,16,19,16,19,14,11,3,10,18,19,19,6,18,7,15,2,12,16,9,6,4,11,13,14,19,6,11,5,10,3,10,0,0,10,9,19,18,17,6,12,6,3,11,2,9,9,5,13,19,8,7,6,6,3,10,11,19,5,8,15,15,18,1,5,1,0,1,10,10,11,3,5,10,15,10,7,2,0,0,10,5,9,16,3,19,11,10,5,3,0,7,19,18,1,4,12,9,15,18,7,7,0,3,18,11,1,9,16,19,11,19,2,0,15,15,14,6,6,11,15,11,1,10,5,10,10,11,18,10,18,15,12,2,7,11,10,15,3,6,6,0,5,11,1,0,6,2,18,17,11,2,3,6,0,6,0,6,11,10,18,5,11,10,10,11,6,3,14,6,6,19,5,11,9,10,2,1,0,0,0,0,0,0,0,0,0,0,0,0,0,0,0,0,0,0,0,0,0,0,0,0,0,0,0,0,0,0,0,0,0,0,0,0,0,0,0,0,0,0,0,0,0,0,0,0,0,0,0,0,0",-0.6397216,0.4387256,3.0,0.005921223,79.1639,0.0060414285,1.0,0.0060414285,0.4727296,0.0,0.0,0.0,0.005921223,0.012373902,0.6655291,0.4727296,6.6628013,2.3430328,79.1639,-0.6397216,4.066983,264.71918,0.0,0.0058010183,1.0,264.71918,0.19139442,0.33447093,6.6628013,0.012373902,0.0,0.4387256,0.0,2.3430328,4.066983,0.0,0.6397216,0.0,0.0,0.6397216,0.6374917,0.0058010183,1.0,0.0,lookahead,beam_orig3_bm3-s0to100br3
/work/T-REX/external/Proteina-Complexa/inference/search_binder_local_pipeline_32_PDL1_ALPHA_REPACK_v7_r003_cand_v7r003_hyp_0003_01_002_a33ac9851a300/job_0_n_176_id_16_beam_orig0_bm1-s0to100br3-s100to200br0/job_0_n_176_id_16_beam_orig0_bm1-s0to100br3-s100to200br0.pdb,64,"2,0,13,16,19,16,19,14,11,3,10,18,19,19,6,18,7,15,2,12,16,9,6,4,11,13,14,19,6,11,5,10,3,10,0,0,10,9,19,18,17,6,12,6,3,11,2,9,9,5,13,19,8,7,6,6,3,10,11,19,5,8,15,15,18,1,5,1,0,1,10,10,11,3,5,10,15,10,7,2,0,0,10,5,9,16,3,19,11,10,5,3,0,7,19,18,1,4,12,9,15,18,7,7,0,3,18,11,1,9,16,19,11,19,2,0,0,15,9,15,15,9,19,15,0,7,6,0,0,13,10,1,15,10,7,10,16,3,19,0,15,19,11,0,10,7,11,5,0,10,6,10,9,1,5,2,19,15,2,3,3,10,1,0,16,10,6,2,0,19,10,16,10,10,0,10,0,0,0,0,0,0,0,0,0,0,0,0,0,0,0,0,0,0,0,0,0,0,0,0,0,0,0,0,0,0,0,0,0,0,0,0,0,0,0,0,0,0,0,0,0,0,0,0,0,0,0,0,0,0,0,0,0",-0.3900117,0.21703488,3.0,0.097349375,30.060755,0.11750914,1.0,0.11750914,0.2878819,0.029288556,0.0,0.0,0.097349375,0.0014207573,0.80575126,0.2878819,1.620141,1.8254436,30.060755,-0.3900117,3.3070211,189.16687,0.022076715,0.0771896,1.0,189.16687,0.4069087,0.19424872,1.620141,0.0014207573,0.036500398,0.21703488,0.0,1.8254436,3.3070211,0.022076715,0.3900117,0.0,0.036500398,0.3900117,0.7259621,0.0771896,1.0,0.029288556,lookahead,beam_orig0_bm1-s0to100br3-s100to200br0
/work/T-REX/external/Proteina-Complexa/inference/search_binder_local_pipeline_32_PDL1_ALPHA_REPACK_v7_r003_cand_v7r003_hyp_0003_01_002_a33ac9851a300/job_0_n_229_id_16_beam_orig1_bm1-s0to100br2-s100to200br0/job_0_n_229_id_16_beam_orig1_bm1-s0to100br2-s100to200br0.pdb,65,"2,0,13,16,19,16,19,14,11,3,10,18,19,19,6,18,7,15,2,12,16,9,6,4,11,13,14,19,6,11,5,10,3,10,0,0,10,9,19,18,17,6,12,6,3,11,2,9,9,5,13,19,8,7,6,6,3,10,11,19,5,8,15,15,18,1,5,1,0,1,10,10,11,3,5,10,15,10,7,2,0,0,10,5,9,16,3,19,11,10,5,3,0,7,19,18,1,4,12,9,15,18,7,7,0,3,18,11,1,9,16,19,11,19,2,0,0,13,16,19,16,19,14,11,3,10,18,19,19,6,18,7,15,2,12,16,9,6,4,11,13,14,19,6,11,5,10,3,10,0,0,10,9,19,18,17,6,12,6,3,11,2,9,9,5,13,19,8,7,6,6,3,10,11,19,5,8,15,15,18,1,5,1,0,1,10,10,11,3,5,10,15,10,7,2,0,0,10,5,9,16,3,19,11,10,5,3,0,7,19,18,1,4,12,9,15,18,7,7,0,3,18,11,1,9,16,19,11,19,0,0,0,0",-0.52755487,0.300208,3.0,0.044158373,55.31263,0.04738723,1.0,0.04738723,0.3120808,0.012211114,0.0,0.0,0.044158373,0.001813438,0.8608692,0.3120808,2.782807,1.2755927,55.31263,-0.52755487,3.854944,202.69843,0.011922339,0.040929515,1.0,202.69843,0.2603698,0.13913079,2.782807,0.001813438,0.012499889,0.300208,0.0,1.2755927,3.854944,0.011922339,0.52755487,0.0,0.012499889,0.52755487,0.58770025,0.040929515,1.0,0.012211114,lookahead,beam_orig1_bm1-s0to100br2-s100to200br0
/work/T-REX/external/Proteina-Complexa/inference/search_binder_local_pipeline_32_PDL1_ALPHA_REPACK_v7_r003_cand_v7r003_hyp_0003_01_002_a33ac9851a300/job_0_n_233_id_16_beam_orig2_bm0-s0to100br2-s100to200br0/job_0_n_233_id_16_beam_orig2_bm0-s0to100br2-s100to200br0.pdb,66,"2,0,13,16,19,16,19,14,11,3,10,18,19,19,6,18,7,15,2,12,16,9,6,4,11,13,14,19,6,11,5,10,3,10,0,0,10,9,19,18,17,6,12,6,3,11,2,9,9,5,13,19,8,7,6,6,3,10,11,19,5,8,15,15,18,1,5,1,0,1,10,10,11,3,5,10,15,10,7,2,0,0,10,5,9,16,3,19,11,10,5,3,0,7,19,18,1,4,12,9,15,18,7,7,0,3,18,11,1,9,16,19,11,19,2,0,0,13,16,19,16,19,14,11,3,10,18,19,19,6,18,7,15,2,12,16,9,6,4,11,13,14,19,6,11,5,10,3,10,0,0,10,9,19,18,17,6,12,6,3,11,2,9,9,5,13,19,8,7,6,6,3,10,11,19,5,8,15,15,18,1,5,1,0,1,10,10,11,3,5,10,15,10,7,2,0,0,10,5,9,16,3,19,11,10,5,3,0,7,19,18,1,4,12,9,15,18,7,7,0,3,18,11,1,9,16,19,11,19,2,0,10,19",-0.51999885,0.28734335,3.0,0.0511391,52.02029,0.05346418,1.0,0.05346418,0.30939588,0.012746416,0.0,0.0,0.0511391,0.0031340627,0.85852283,0.30939588,4.2074347,1.3026943,52.02029,-0.51999885,3.8991218,198.88719,0.012615404,0.048814025,1.0,198.88719,0.2728107,0.14147715,4.2074347,0.0031340627,0.012877427,0.28734335,0.0,1.3026943,3.8991218,0.012615404,0.51999885,0.0,0.012877427,0.51999885,0.591132,0.048814025,1.0,0.012746416,lookahead,beam_orig2_bm0-s0to100br2-s100to200br0
/work/T-REX/external/Proteina-Complexa/inference/search_binder_local_pipeline_32_PDL1_ALPHA_REPACK_v7_r003_cand_v7r003_hyp_0003_01_002_a33ac9851a300/job_0_n_180_id_16_beam_orig3_bm0-s0to100br2-s100to200br0/job_0_n_180_id_16_beam_orig3_bm0-s0to100br2-s100to200br0.pdb,67,"2,0,13,16,19,16,19,14,11,3,10,18,19,19,6,18,7,15,2,12,16,9,6,4,11,13,14,19,6,11,5,10,3,10,0,0,10,9,19,18,17,6,12,6,3,11,2,9,9,5,13,19,8,7,6,6,3,10,11,19,5,8,15,15,18,1,5,1,0,1,10,10,11,3,5,10,15,10,7,2,0,0,10,5,9,16,3,19,11,10,5,3,0,7,19,18,1,4,12,9,15,18,7,7,0,3,18,11,1,9,16,19,11,19,2,0,9,8,11,2,1,7,2,9,10,13,2,10,1,1,18,3,6,0,6,11,6,18,1,1,0,9,6,9,2,14,2,13,0,11,0,8,2,2,10,0,0,0,10,12,7,10,7,1,9,3,6,0,15,11,6,13,3,9,18,6,11,10,11,2,0,0,0,0,0,0,0,0,0,0,0,0,0,0,0,0,0,0,0,0,0,0,0,0,0,0,0,0,0,0,0,0,0,0,0,0,0,0,0,0,0,0,0,0,0,0,0,0,0,0,0,0,0",-0.22741339,0.08777727,3.0,0.32213038,26.308826,0.39317092,1.0,0.39317092,0.17201263,0.32213038,0.0,0.0,0.32213038,0.0016646395,0.8947173,0.17201263,2.1736794,1.3980358,26.308826,-0.22741339,2.4893136,165.43027,0.2510898,0.2510898,1.0,165.43027,0.663738,0.105282724,2.1736794,0.0016646395,0.39317092,0.08777727,0.0,1.3980358,2.4893136,0.2510898,0.22741339,0.0,0.39317092,0.22741339,0.8128946,0.2510898,1.0,0.32213038,lookahead,beam_orig3_bm0-s0to100br2-s100to200br0
/work/T-REX/external/Proteina-Complexa/inference/search_binder_local_pipeline_32_PDL1_ALPHA_REPACK_v7_r003_cand_v7r003_hyp_0003_01_002_a33ac9851a300/job_0_n_176_id_17_beam_orig0_bm1-s0to100br3-s100to200br1/job_0_n_176_id_17_beam_orig0_bm1-s0to100br3-s100to200br1.pdb,68,"2,0,13,16,19,16,19,14,11,3,10,18,19,19,6,18,7,15,2,12,16,9,6,4,11,13,14,19,6,11,5,10,3,10,0,0,10,9,19,18,17,6,12,6,3,11,2,9,9,5,13,19,8,7,6,6,3,10,11,19,5,8,15,15,18,1,5,1,0,1,10,10,11,3,5,10,15,10,7,2,0,0,10,5,9,16,3,19,11,10,5,3,0,7,19,18,1,4,12,9,15,18,7,7,0,3,18,11,1,9,16,19,11,19,2,0,10,15,10,10,16,5,7,6,9,16,10,10,5,12,19,0,3,2,10,2,4,11,19,15,6,10,14,5,11,18,1,3,3,6,0,11,9,1,2,19,19,7,15,3,6,13,18,5,3,19,19,11,9,10,6,11,12,3,11,4,0,0,0,0,0,0,0,0,0,0,0,0,0,0,0,0,0,0,0,0,0,0,0,0,0,0,0,0,0,0,0,0,0,0,0,0,0,0,0,0,0,0,0,0,0,0,0,0,0,0,0,0,0,0,0,0,0",-0.24298395,0.09265452,3.0,0.28100872,29.266674,0.33267406,1.0,0.33267406,0.19599147,0.28100872,0.0,0.0,0.28100872,0.0030207536,0.849631,0.19599147,0.8178877,1.8928603,29.266674,-0.24298395,2.598283,170.98369,0.22934337,0.22934337,1.0,170.98369,0.65592587,0.150369,0.8178877,0.0030207536,0.33267406,0.09265452,0.0,1.8928603,2.598283,0.22934337,0.24298395,0.0,0.33267406,0.24298395,0.8133701,0.22934337,1.0,0.28100872,lookahead,beam_orig0_bm1-s0to100br3-s100to200br1
/work/T-REX/external/Proteina-Complexa/inference/search_binder_local_pipeline_32_PDL1_ALPHA_REPACK_v7_r003_cand_v7r003_hyp_0003_01_002_a33ac9851a300/job_0_n_229_id_17_beam_orig1_bm1-s0to100br2-s100to200br1/job_0_n_229_id_17_beam_orig1_bm1-s0to100br2-s100to200br1.pdb,69,"2,0,13,16,19,16,19,14,11,3,10,18,19,19,6,18,7,15,2,12,16,9,6,4,11,13,14,19,6,11,5,10,3,10,0,0,10,9,19,18,17,6,12,6,3,11,2,9,9,5,13,19,8,7,6,6,3,10,11,19,5,8,15,15,18,1,5,1,0,1,10,10,11,3,5,10,15,10,7,2,0,0,10,5,9,16,3,19,11,10,5,3,0,7,19,18,1,4,12,9,15,18,7,7,0,3,18,11,1,9,16,19,11,19,2,0,0,13,16,19,16,19,14,11,3,10,18,19,19,6,18,7,15,2,12,16,9,6,4,11,13,14,19,6,11,5,10,3,10,0,0,10,9,19,18,17,6,12,6,3,11,2,9,9,5,13,19,8,7,6,6,3,10,11,19,5,8,15,15,18,1,5,1,0,1,10,10,11,3,5,10,15,10,7,2,0,0,10,5,9,16,3,19,11,10,5,3,0,7,19,18,1,4,12,9,15,18,7,7,0,3,18,11,1,9,16,19,11,19,0,0,0,0",-0.52296436,0.2959437,3.0,0.04619716,54.17455,0.04911613,1.0,0.04911613,0.30966485,0.012372001,0.0,0.0,0.04619716,0.0018484044,0.8607478,0.30966485,2.5610132,1.2745225,54.17455,-0.52296436,3.8452349,201.50804,0.012052327,0.04327819,1.0,201.50804,0.26266018,0.13925219,2.5610132,0.0018484044,0.012691675,0.2959437,0.0,1.2745225,3.8452349,0.012052327,0.52296436,0.0,0.012691675,0.52296436,0.58872885,0.04327819,1.0,0.012372001,lookahead,beam_orig1_bm1-s0to100br2-s100to200br1
/work/T-REX/external/Proteina-Complexa/inference/search_binder_local_pipeline_32_PDL1_ALPHA_REPACK_v7_r003_cand_v7r003_hyp_0003_01_002_a33ac9851a300/job_0_n_233_id_17_beam_orig2_bm0-s0to100br2-s100to200br1/job_0_n_233_id_17_beam_orig2_bm0-s0to100br2-s100to200br1.pdb,70,"2,0,13,16,19,16,19,14,11,3,10,18,19,19,6,18,7,15,2,12,16,9,6,4,11,13,14,19,6,11,5,10,3,10,0,0,10,9,19,18,17,6,12,6,3,11,2,9,9,5,13,19,8,7,6,6,3,10,11,19,5,8,15,15,18,1,5,1,0,1,10,10,11,3,5,10,15,10,7,2,0,0,10,5,9,16,3,19,11,10,5,3,0,7,19,18,1,4,12,9,15,18,7,7,0,3,18,11,1,9,16,19,11,19,2,0,0,13,16,19,16,19,14,11,3,10,18,19,19,6,18,7,15,2,12,16,9,6,4,11,13,14,19,6,11,5,10,3,10,0,0,10,9,19,18,17,6,12,6,3,11,2,9,9,5,13,19,8,7,6,6,3,10,11,19,5,8,15,15,18,1,5,1,0,1,10,10,11,3,5,10,15,10,7,2,0,0,10,5,9,16,3,19,11,10,5,3,0,7,19,18,1,4,12,9,15,18,7,7,0,3,18,11,1,9,16,19,11,19,2,0,14,0",-0.5306761,0.29745725,3.0,0.04579491,124.150276,0.047506526,1.0,0.047506526,0.3135236,0.012412261,0.0,0.0,0.04579491,0.002650468,0.8069142,0.3135236,20.499443,1.2775648,124.150276,-0.5306761,3.9319732,199.8739,0.012199751,0.044083294,1.0,199.8739,0.2615603,0.1930858,20.499443,0.002650468,0.012624772,0.29745725,0.0,1.2775648,3.9319732,0.012199751,0.5306761,0.0,0.012624772,0.5306761,0.58749264,0.044083294,1.0,0.012412261,lookahead,beam_orig2_bm0-s0to100br2-s100to200br1
/work/T-REX/external/Proteina-Complexa/inference/search_binder_local_pipeline_32_PDL1_ALPHA_REPACK_v7_r003_cand_v7r003_hyp_0003_01_002_a33ac9851a300/job_0_n_180_id_17_beam_orig3_bm0-s0to100br2-s100to200br1/job_0_n_180_id_17_beam_orig3_bm0-s0to100br2-s100to200br1.pdb,71,"2,0,13,16,19,16,19,14,11,3,10,18,19,19,6,18,7,15,2,12,16,9,6,4,11,13,14,19,6,11,5,10,3,10,0,0,10,9,19,18,17,6,12,6,3,11,2,9,9,5,13,19,8,7,6,6,3,10,11,19,5,8,15,15,18,1,5,1,0,1,10,10,11,3,5,10,15,10,7,2,0,0,10,5,9,16,3,19,11,10,5,3,0,7,19,18,1,4,12,9,15,18,7,7,0,3,18,11,1,9,16,19,11,19,2,0,10,8,11,2,10,7,2,9,10,13,15,5,7,11,18,3,6,0,19,6,6,18,11,11,0,9,6,9,3,14,2,13,0,11,0,8,18,2,10,0,0,0,10,12,0,5,7,11,13,3,6,0,7,11,6,13,3,9,18,6,11,10,11,2,0,0,0,0,0,0,0,0,0,0,0,0,0,0,0,0,0,0,0,0,0,0,0,0,0,0,0,0,0,0,0,0,0,0,0,0,0,0,0,0,0,0,0,0,0,0,0,0,0,0,0,0,0",-0.32966626,0.16383478,3.0,0.15278536,41.743645,0.18041559,1.0,0.18041559,0.23733656,0.13440335,0.0,0.0,0.15278536,0.0017599519,0.87301975,0.23733656,4.190845,1.3363385,41.743645,-0.32966626,2.979083,176.23418,0.11567073,0.12515515,1.0,176.23418,0.49493635,0.12698025,4.190845,0.0017599519,0.15313597,0.16383478,0.0,1.3363385,2.979083,0.11567073,0.32966626,0.0,0.15313597,0.32966626,0.7528383,0.12515515,1.0,0.13440335,lookahead,beam_orig3_bm0-s0to100br2-s100to200br1
/work/T-REX/external/Proteina-Complexa/inference/search_binder_local_pipeline_32_PDL1_ALPHA_REPACK_v7_r003_cand_v7r003_hyp_0003_01_002_a33ac9851a300/job_0_n_176_id_18_beam_orig0_bm1-s0to100br3-s100to200br2/job_0_n_176_id_18_beam_orig0_bm1-s0to100br3-s100to200br2.pdb,72,"2,0,13,16,19,16,19,14,11,3,10,18,19,19,6,18,7,15,2,12,16,9,6,4,11,13,14,19,6,11,5,10,3,10,0,0,10,9,19,18,17,6,12,6,3,11,2,9,9,5,13,19,8,7,6,6,3,10,11,19,5,8,15,15,18,1,5,1,0,1,10,10,11,3,5,10,15,10,7,2,0,0,10,5,9,16,3,19,11,10,5,3,0,7,19,18,1,4,12,9,15,18,7,7,0,3,18,11,1,9,16,19,11,19,2,0,10,15,15,10,16,6,15,6,1,11,16,10,6,10,0,0,2,0,10,7,19,5,19,19,3,10,9,2,2,18,3,2,10,11,0,6,10,16,11,11,19,7,15,6,6,13,10,11,3,19,6,2,9,9,5,3,18,11,15,15,0,0,0,0,0,0,0,0,0,0,0,0,0,0,0,0,0,0,0,0,0,0,0,0,0,0,0,0,0,0,0,0,0,0,0,0,0,0,0,0,0,0,0,0,0,0,0,0,0,0,0,0,0,0,0,0,0",-0.15185009,0.037657037,3.0,0.6229477,33.813976,0.7173728,1.0,0.7173728,0.12737285,0.6229477,0.0,0.0,0.6229477,0.0014240235,0.92410207,0.12737285,1.8881686,1.4515404,33.813976,-0.15185009,1.7840239,153.10466,0.5285227,0.5285227,1.0,153.10466,0.8329674,0.0758979,1.8881686,0.0014240235,0.7173728,0.037657037,0.0,1.4515404,1.7840239,0.5285227,0.15185009,0.0,0.7173728,0.15185009,0.88384473,0.5285227,1.0,0.6229477,lookahead,beam_orig0_bm1-s0to100br3-s100to200br2
/work/T-REX/external/Proteina-Complexa/inference/search_binder_local_pipeline_32_PDL1_ALPHA_REPACK_v7_r003_cand_v7r003_hyp_0003_01_002_a33ac9851a300/job_0_n_229_id_18_beam_orig1_bm1-s0to100br2-s100to200br2/job_0_n_229_id_18_beam_orig1_bm1-s0to100br2-s100to200br2.pdb,73,"2,0,13,16,19,16,19,14,11,3,10,18,19,19,6,18,7,15,2,12,16,9,6,4,11,13,14,19,6,11,5,10,3,10,0,0,10,9,19,18,17,6,12,6,3,11,2,9,9,5,13,19,8,7,6,6,3,10,11,19,5,8,15,15,18,1,5,1,0,1,10,10,11,3,5,10,15,10,7,2,0,0,10,5,9,16,3,19,11,10,5,3,0,7,19,18,1,4,12,9,15,18,7,7,0,3,18,11,1,9,16,19,11,19,2,0,0,13,16,19,16,19,14,11,3,10,18,19,19,6,18,7,15,2,12,16,9,6,4,11,13,14,19,6,11,5,10,3,10,0,0,10,9,19,18,17,6,12,6,3,11,2,9,9,5,13,19,8,7,6,6,3,10,11,19,5,8,15,15,18,1,5,1,0,1,10,10,11,3,5,10,15,10,7,2,0,0,10,5,9,16,3,19,11,10,5,3,0,7,19,18,1,4,12,9,15,18,7,7,0,3,18,11,1,9,16,19,11,19,0,0,0,0",-0.5230089,0.29598957,3.0,0.046963327,70.135345,0.048893612,1.0,0.048893612,0.3094154,0.012306942,0.0,0.0,0.046963327,0.0017779744,0.861725,0.3094154,3.0506713,1.2723094,70.135345,-0.5230089,3.8445537,212.00816,0.011871181,0.04503304,1.0,212.00816,0.26503474,0.138275,3.0506713,0.0017779744,0.012742701,0.29598957,0.0,1.2723094,3.8445537,0.011871181,0.5230089,0.0,0.012742701,0.5230089,0.5899485,0.04503304,1.0,0.012306942,lookahead,beam_orig1_bm1-s0to100br2-s100to200br2
/work/T-REX/external/Proteina-Complexa/inference/search_binder_local_pipeline_32_PDL1_ALPHA_REPACK_v7_r003_cand_v7r003_hyp_0003_01_002_a33ac9851a300/job_0_n_233_id_18_beam_orig2_bm0-s0to100br2-s100to200br2/job_0_n_233_id_18_beam_orig2_bm0-s0to100br2-s100to200br2.pdb,74,"2,0,13,16,19,16,19,14,11,3,10,18,19,19,6,18,7,15,2,12,16,9,6,4,11,13,14,19,6,11,5,10,3,10,0,0,10,9,19,18,17,6,12,6,3,11,2,9,9,5,13,19,8,7,6,6,3,10,11,19,5,8,15,15,18,1,5,1,0,1,10,10,11,3,5,10,15,10,7,2,0,0,10,5,9,16,3,19,11,10,5,3,0,7,19,18,1,4,12,9,15,18,7,7,0,3,18,11,1,9,16,19,11,19,2,0,0,13,16,19,16,19,14,11,3,10,18,19,19,6,18,7,15,2,12,16,9,6,4,11,13,14,19,6,11,5,10,3,10,0,0,10,9,19,18,17,6,12,6,3,11,2,9,9,5,13,19,8,7,6,6,3,10,11,19,5,8,15,15,18,1,5,1,0,1,10,10,11,3,5,10,15,10,7,2,0,0,10,5,9,16,3,19,11,10,5,3,0,7,19,18,1,4,12,9,15,18,7,7,0,3,18,11,1,9,16,19,11,19,2,0,14,14",-0.52904373,0.30034056,3.0,0.046668258,59.175377,0.048783414,1.0,0.048783414,0.3124753,0.012592611,0.0,0.0,0.046668258,0.004806912,0.8608627,0.3124753,4.5167246,1.2864528,59.175377,-0.52904373,3.9285486,197.23866,0.012246892,0.0445531,1.0,197.23866,0.262606,0.13913731,4.5167246,0.004806912,0.01293833,0.30034056,0.0,1.2864528,3.9285486,0.012246892,0.52904373,0.0,0.01293833,0.52904373,0.5880177,0.0445531,1.0,0.012592611,lookahead,beam_orig2_bm0-s0to100br2-s100to200br2
/work/T-REX/external/Proteina-Complexa/inference/search_binder_local_pipeline_32_PDL1_ALPHA_REPACK_v7_r003_cand_v7r003_hyp_0003_01_002_a33ac9851a300/job_0_n_180_id_18_beam_orig3_bm0-s0to100br2-s100to200br2/job_0_n_180_id_18_beam_orig3_bm0-s0to100br2-s100to200br2.pdb,75,"2,0,13,16,19,16,19,14,11,3,10,18,19,19,6,18,7,15,2,12,16,9,6,4,11,13,14,19,6,11,5,10,3,10,0,0,10,9,19,18,17,6,12,6,3,11,2,9,9,5,13,19,8,7,6,6,3,10,11,19,5,8,15,15,18,1,5,1,0,1,10,10,11,3,5,10,15,10,7,2,0,0,10,5,9,16,3,19,11,10,5,3,0,7,19,18,1,4,12,9,15,18,7,7,0,3,18,11,1,9,16,19,11,19,2,0,0,18,11,2,1,7,2,16,18,13,15,10,1,11,18,3,10,0,19,6,3,18,2,1,0,9,6,9,11,14,2,13,0,11,0,18,18,2,1,0,0,0,10,12,7,10,15,11,13,3,6,0,11,11,3,13,3,6,18,6,11,10,16,2,0,0,0,0,0,0,0,0,0,0,0,0,0,0,0,0,0,0,0,0,0,0,0,0,0,0,0,0,0,0,0,0,0,0,0,0,0,0,0,0,0,0,0,0,0,0,0,0,0,0,0,0,0",-0.37813792,0.19645649,3.0,0.116463564,26.667027,0.14239107,1.0,0.14239107,0.267763,0.0664818,0.0,0.0,0.116463564,0.0020288443,0.85221845,0.267763,2.7773879,1.3659437,26.667027,-0.37813792,3.0672433,174.60425,0.053090572,0.09053606,1.0,174.60425,0.43608296,0.14778157,2.7773879,0.0020288443,0.079873025,0.19645649,0.0,1.3659437,3.0672433,0.053090572,0.37813792,0.0,0.079873025,0.37813792,0.73135555,0.09053606,1.0,0.0664818,lookahead,beam_orig3_bm0-s0to100br2-s100to200br2
/work/T-REX/external/Proteina-Complexa/inference/search_binder_local_pipeline_32_PDL1_ALPHA_REPACK_v7_r003_cand_v7r003_hyp_0003_01_002_a33ac9851a300/job_0_n_176_id_19_beam_orig0_bm1-s0to100br3-s100to200br3/job_0_n_176_id_19_beam_orig0_bm1-s0to100br3-s100to200br3.pdb,76,"2,0,13,16,19,16,19,14,11,3,10,18,19,19,6,18,7,15,2,12,16,9,6,4,11,13,14,19,6,11,5,10,3,10,0,0,10,9,19,18,17,6,12,6,3,11,2,9,9,5,13,19,8,7,6,6,3,10,11,19,5,8,15,15,18,1,5,1,0,1,10,10,11,3,5,10,15,10,7,2,0,0,10,5,9,16,3,19,11,10,5,3,0,7,19,18,1,4,12,9,15,18,7,7,0,3,18,11,1,9,16,19,11,19,2,0,10,16,15,9,18,7,10,15,5,7,6,0,15,9,10,11,2,5,10,7,9,11,2,10,11,6,10,11,6,11,0,2,2,9,6,2,13,11,11,19,13,7,3,14,6,13,0,6,6,10,18,2,11,4,5,3,18,13,15,11,0,0,0,0,0,0,0,0,0,0,0,0,0,0,0,0,0,0,0,0,0,0,0,0,0,0,0,0,0,0,0,0,0,0,0,0,0,0,0,0,0,0,0,0,0,0,0,0,0,0,0,0,0,0,0,0,0",-0.31140694,0.15267904,3.0,0.19717294,59.32466,0.2295457,1.0,0.2295457,0.26224008,0.19535798,0.0,0.0,0.19717294,0.0057412917,0.734097,0.26224008,2.781907,2.4327343,59.32466,-0.31140694,3.0336356,224.76744,0.16332339,0.16480017,1.0,224.76744,0.5510956,0.26590297,2.781907,0.0057412917,0.22739255,0.15267904,0.0,2.4327343,3.0336356,0.16332339,0.31140694,0.0,0.22739255,0.31140694,0.7777014,0.16480017,1.0,0.19535798,lookahead,beam_orig0_bm1-s0to100br3-s100to200br3
/work/T-REX/external/Proteina-Complexa/inference/search_binder_local_pipeline_32_PDL1_ALPHA_REPACK_v7_r003_cand_v7r003_hyp_0003_01_002_a33ac9851a300/job_0_n_229_id_19_beam_orig1_bm1-s0to100br2-s100to200br3/job_0_n_229_id_19_beam_orig1_bm1-s0to100br2-s100to200br3.pdb,77,"2,0,13,16,19,16,19,14,11,3,10,18,19,19,6,18,7,15,2,12,16,9,6,4,11,13,14,19,6,11,5,10,3,10,0,0,10,9,19,18,17,6,12,6,3,11,2,9,9,5,13,19,8,7,6,6,3,10,11,19,5,8,15,15,18,1,5,1,0,1,10,10,11,3,5,10,15,10,7,2,0,0,10,5,9,16,3,19,11,10,5,3,0,7,19,18,1,4,12,9,15,18,7,7,0,3,18,11,1,9,16,19,11,19,2,0,0,13,16,19,16,19,14,11,3,10,18,19,19,6,18,7,15,2,12,16,9,6,4,11,13,14,19,6,11,5,10,3,10,0,0,10,9,19,18,17,6,12,6,3,11,2,9,9,5,13,19,8,7,6,6,3,10,11,19,5,8,15,15,18,1,5,1,0,1,10,10,11,3,5,10,15,10,7,2,0,0,10,5,9,16,3,19,11,10,5,3,0,7,19,18,1,4,12,9,15,18,7,7,0,3,18,11,1,9,16,19,11,19,0,0,0,0",-0.5281685,0.30243227,3.0,0.04397182,51.89828,0.047222268,1.0,0.047222268,0.3122218,0.012203384,0.0,0.0,0.04397182,0.0018061051,0.86117005,0.3122218,2.841563,1.2745988,51.89828,-0.5281685,3.8587933,200.67021,0.0119165,0.04072137,1.0,200.67021,0.25903195,0.13882993,2.841563,0.0018061051,0.01249027,0.30243227,0.0,1.2745988,3.8587933,0.0119165,0.5281685,0.0,0.01249027,0.5281685,0.5870129,0.04072137,1.0,0.012203384,lookahead,beam_orig1_bm1-s0to100br2-s100to200br3
/work/T-REX/external/Proteina-Complexa/inference/search_binder_local_pipeline_32_PDL1_ALPHA_REPACK_v7_r003_cand_v7r003_hyp_0003_01_002_a33ac9851a300/job_0_n_233_id_19_beam_orig2_bm0-s0to100br2-s100to200br3/job_0_n_233_id_19_beam_orig2_bm0-s0to100br2-s100to200br3.pdb,78,"2,0,13,16,19,16,19,14,11,3,10,18,19,19,6,18,7,15,2,12,16,9,6,4,11,13,14,19,6,11,5,10,3,10,0,0,10,9,19,18,17,6,12,6,3,11,2,9,9,5,13,19,8,7,6,6,3,10,11,19,5,8,15,15,18,1,5,1,0,1,10,10,11,3,5,10,15,10,7,2,0,0,10,5,9,16,3,19,11,10,5,3,0,7,19,18,1,4,12,9,15,18,7,7,0,3,18,11,1,9,16,19,11,19,2,0,0,13,16,19,16,19,14,11,3,10,18,19,19,6,18,7,15,2,12,16,9,6,4,11,13,14,19,6,11,5,10,3,10,0,0,10,9,19,18,17,6,12,6,3,11,2,9,9,5,13,19,8,7,6,6,3,10,11,19,5,8,15,15,18,1,5,1,0,1,10,10,11,3,5,10,15,10,7,2,0,0,10,5,9,16,3,19,11,10,5,3,0,7,19,18,1,4,12,9,15,18,7,7,0,3,18,11,1,9,16,19,11,19,2,0,2,16",-0.519703,0.28608033,3.0,0.051008344,62.13422,0.053139545,1.0,0.053139545,0.31042197,0.0128917955,0.0,0.0,0.051008344,0.0066311266,0.85586953,0.31042197,5.017209,1.2916597,62.13422,-0.519703,3.8935611,198.06215,0.012712198,0.048877146,1.0,198.06215,0.27049705,0.14413048,5.017209,0.0066311266,0.013071393,0.28608033,0.0,1.2916597,3.8935611,0.012712198,0.519703,0.0,0.013071393,0.519703,0.59043217,0.048877146,1.0,0.0128917955,lookahead,beam_orig2_bm0-s0to100br2-s100to200br3
/work/T-REX/external/Proteina-Complexa/inference/search_binder_local_pipeline_32_PDL1_ALPHA_REPACK_v7_r003_cand_v7r003_hyp_0003_01_002_a33ac9851a300/job_0_n_180_id_19_beam_orig3_bm0-s0to100br2-s100to200br3/job_0_n_180_id_19_beam_orig3_bm0-s0to100br2-s100to200br3.pdb,79,"2,0,13,16,19,16,19,14,11,3,10,18,19,19,6,18,7,15,2,12,16,9,6,4,11,13,14,19,6,11,5,10,3,10,0,0,10,9,19,18,17,6,12,6,3,11,2,9,9,5,13,19,8,7,6,6,3,10,11,19,5,8,15,15,18,1,5,1,0,1,10,10,11,3,5,10,15,10,7,2,0,0,10,5,9,16,3,19,11,10,5,3,0,7,19,18,1,4,12,9,15,18,7,7,0,3,18,11,1,9,16,19,11,19,2,0,9,8,11,2,10,7,2,9,18,13,2,10,1,1,18,3,6,0,6,11,6,18,11,1,0,9,6,9,2,14,2,13,0,11,0,8,2,2,10,0,0,0,10,12,7,5,7,1,9,3,6,0,15,11,6,13,3,9,0,6,11,10,1,2,0,0,0,0,0,0,0,0,0,0,0,0,0,0,0,0,0,0,0,0,0,0,0,0,0,0,0,0,0,0,0,0,0,0,0,0,0,0,0,0,0,0,0,0,0,0,0,0,0,0,0,0,0",-0.24532887,0.09931875,3.0,0.27467728,32.016808,0.33254817,1.0,0.33254817,0.18284439,0.27452126,0.0,0.0,0.27467728,0.0020552706,0.88771784,0.18284439,2.836114,1.3870349,32.016808,-0.24532887,2.6071696,173.5368,0.21680637,0.21680637,1.0,173.5368,0.6229566,0.11228214,2.836114,0.0020552706,0.33223614,0.09931875,0.0,1.3870349,2.6071696,0.21680637,0.24532887,0.0,0.33223614,0.24532887,0.7985555,0.21680637,1.0,0.27452126,lookahead,beam_orig3_bm0-s0to100br2-s100to200br3
/work/T-REX/external/Proteina-Complexa/inference/search_binder_local_pipeline_32_PDL1_ALPHA_REPACK_v7_r003_cand_v7r003_hyp_0003_01_002_a33ac9851a300/job_0_n_176_id_20_beam_orig0_bm2-s0to100br3-s100to200br0/job_0_n_176_id_20_beam_orig0_bm2-s0to100br3-s100to200br0.pdb,80,"2,0,13,16,19,16,19,14,11,3,10,18,19,19,6,18,7,15,2,12,16,9,6,4,11,13,14,19,6,11,5,10,3,10,0,0,10,9,19,18,17,6,12,6,3,11,2,9,9,5,13,19,8,7,6,6,3,10,11,19,5,8,15,15,18,1,5,1,0,1,10,10,11,3,5,10,15,10,7,2,0,0,10,5,9,16,3,19,11,10,5,3,0,7,19,18,1,4,12,9,15,18,7,7,0,3,18,11,1,9,16,19,11,19,2,0,19,16,15,6,6,1,10,11,2,3,6,6,13,15,2,2,19,11,2,13,0,15,11,10,10,3,3,11,11,15,19,6,6,0,0,1,3,19,5,9,9,13,3,10,2,13,6,3,0,10,2,19,19,11,5,19,10,5,3,1,0,0,0,0,0,0,0,0,0,0,0,0,0,0,0,0,0,0,0,0,0,0,0,0,0,0,0,0,0,0,0,0,0,0,0,0,0,0,0,0,0,0,0,0,0,0,0,0,0,0,0,0,0,0,0,0,0",-0.14240736,0.046000503,3.0,0.619802,65.86267,0.71717894,1.0,0.71717894,0.11709556,0.619802,0.0,0.0,0.619802,0.004136164,0.94058144,0.11709556,3.267209,1.3665266,65.86267,-0.14240736,1.8178176,196.02725,0.52242506,0.52242506,1.0,196.02725,0.82744527,0.05941857,3.267209,0.004136164,0.71717894,0.046000503,0.0,1.3665266,1.8178176,0.52242506,0.14240736,0.0,0.71717894,0.14240736,0.8847061,0.52242506,1.0,0.619802,lookahead,beam_orig0_bm2-s0to100br3-s100to200br0
/work/T-REX/external/Proteina-Complexa/inference/search_binder_local_pipeline_32_PDL1_ALPHA_REPACK_v7_r003_cand_v7r003_hyp_0003_01_002_a33ac9851a300/job_0_n_229_id_20_beam_orig1_bm2-s0to100br1-s100to200br0/job_0_n_229_id_20_beam_orig1_bm2-s0to100br1-s100to200br0.pdb,81,"2,0,13,16,19,16,19,14,11,3,10,18,19,19,6,18,7,15,2,12,16,9,6,4,11,13,14,19,6,11,5,10,3,10,0,0,10,9,19,18,17,6,12,6,3,11,2,9,9,5,13,19,8,7,6,6,3,10,11,19,5,8,15,15,18,1,5,1,0,1,10,10,11,3,5,10,15,10,7,2,0,0,10,5,9,16,3,19,11,10,5,3,0,7,19,18,1,4,12,9,15,18,7,7,0,3,18,11,1,9,16,19,11,19,2,0,0,13,16,19,16,19,14,11,3,10,18,19,19,6,18,7,15,2,12,16,9,6,4,11,13,14,19,6,11,5,10,3,10,0,0,10,9,19,18,17,6,12,6,3,11,2,9,9,5,13,19,8,7,6,6,3,10,11,19,5,8,15,15,18,1,5,1,0,1,10,10,11,3,5,10,15,10,7,2,0,0,10,5,9,16,3,19,11,10,5,3,0,7,19,18,1,4,12,9,15,18,7,7,0,3,18,11,1,9,16,19,11,19,0,0,0,0",-0.51938725,0.29055256,3.0,0.04947374,55.14928,0.05224839,1.0,0.05224839,0.30799702,0.012545238,0.0,0.0,0.04947374,0.0017966243,0.860379,0.30799702,4.8679743,1.2797682,55.14928,-0.51938725,3.8334355,199.5402,0.012198662,0.046699088,1.0,199.5402,0.2685868,0.13962102,4.8679743,0.0017966243,0.012891814,0.29055256,0.0,1.2797682,3.8334355,0.012198662,0.51938725,0.0,0.012891814,0.51938725,0.5913941,0.046699088,1.0,0.012545238,lookahead,beam_orig1_bm2-s0to100br1-s100to200br0
/work/T-REX/external/Proteina-Complexa/inference/search_binder_local_pipeline_32_PDL1_ALPHA_REPACK_v7_r003_cand_v7r003_hyp_0003_01_002_a33ac9851a300/job_0_n_233_id_20_beam_orig2_bm2-s0to100br1-s100to200br0/job_0_n_233_id_20_beam_orig2_bm2-s0to100br1-s100to200br0.pdb,82,"2,0,13,16,19,16,19,14,11,3,10,18,19,19,6,18,7,15,2,12,16,9,6,4,11,13,14,19,6,11,5,10,3,10,0,0,10,9,19,18,17,6,12,6,3,11,2,9,9,5,13,19,8,7,6,6,3,10,11,19,5,8,15,15,18,1,5,1,0,1,10,10,11,3,5,10,15,10,7,2,0,0,10,5,9,16,3,19,11,10,5,3,0,7,19,18,1,4,12,9,15,18,7,7,0,3,18,11,1,9,16,19,11,19,2,0,0,13,16,19,16,19,14,11,3,10,18,19,19,6,18,7,15,2,12,16,9,6,4,11,13,14,19,6,11,5,10,3,10,0,0,10,9,19,18,17,6,12,6,3,11,2,9,9,5,13,19,8,7,6,6,3,10,11,19,5,8,15,15,18,1,5,1,0,1,10,10,11,3,5,10,15,10,7,2,0,0,10,5,9,16,3,19,11,10,5,3,0,7,19,18,1,4,12,9,15,18,7,7,0,3,18,11,1,9,16,19,11,19,2,0,11,10",-0.52703416,0.2934006,3.0,0.04852131,53.68892,0.05163539,1.0,0.05163539,0.3137907,0.012377301,0.0,0.0,0.04852131,0.0033773954,0.8563843,0.3137907,4.650175,1.3064325,53.68892,-0.52703416,3.9186013,196.67264,0.012006759,0.045407236,1.0,196.67264,0.26758838,0.14361571,4.650175,0.0033773954,0.012747845,0.2934006,0.0,1.3064325,3.9186013,0.012006759,0.52703416,0.0,0.012747845,0.52703416,0.5888369,0.045407236,1.0,0.012377301,lookahead,beam_orig2_bm2-s0to100br1-s100to200br0
/work/T-REX/external/Proteina-Complexa/inference/search_binder_local_pipeline_32_PDL1_ALPHA_REPACK_v7_r003_cand_v7r003_hyp_0003_01_002_a33ac9851a300/job_0_n_180_id_20_beam_orig3_bm3-s0to100br1-s100to200br0/job_0_n_180_id_20_beam_orig3_bm3-s0to100br1-s100to200br0.pdb,83,"2,0,13,16,19,16,19,14,11,3,10,18,19,19,6,18,7,15,2,12,16,9,6,4,11,13,14,19,6,11,5,10,3,10,0,0,10,9,19,18,17,6,12,6,3,11,2,9,9,5,13,19,8,7,6,6,3,10,11,19,5,8,15,15,18,1,5,1,0,1,10,10,11,3,5,10,15,10,7,2,0,0,10,5,9,16,3,19,11,10,5,3,0,7,19,18,1,4,12,9,15,18,7,7,0,3,18,11,1,9,16,19,11,19,2,0,15,2,9,11,2,11,19,11,6,0,0,6,11,13,2,10,15,19,6,3,15,11,1,10,0,15,19,10,6,11,7,15,5,6,6,9,15,15,6,9,2,6,10,7,3,11,18,2,10,2,2,6,5,11,13,6,10,10,11,9,19,15,15,6,0,0,0,0,0,0,0,0,0,0,0,0,0,0,0,0,0,0,0,0,0,0,0,0,0,0,0,0,0,0,0,0,0,0,0,0,0,0,0,0,0,0,0,0,0,0,0,0,0,0,0,0,0",-0.15813458,0.049675692,3.0,0.5668239,32.01227,0.6436589,1.0,0.6436589,0.12841168,0.5668239,0.0,0.0,0.5668239,0.0028258367,0.9277023,0.12841168,1.8945082,1.5019531,32.01227,-0.15813458,1.9934652,149.58206,0.48998895,0.48998895,1.0,149.58206,0.80763656,0.07229766,1.8945082,0.0028258367,0.6436589,0.049675692,0.0,1.5019531,1.9934652,0.48998895,0.15813458,0.0,0.6436589,0.15813458,0.870605,0.48998895,1.0,0.5668239,lookahead,beam_orig3_bm3-s0to100br1-s100to200br0
/work/T-REX/external/Proteina-Complexa/inference/search_binder_local_pipeline_32_PDL1_ALPHA_REPACK_v7_r003_cand_v7r003_hyp_0003_01_002_a33ac9851a300/job_0_n_176_id_21_beam_orig0_bm2-s0to100br3-s100to200br1/job_0_n_176_id_21_beam_orig0_bm2-s0to100br3-s100to200br1.pdb,84,"2,0,13,16,19,16,19,14,11,3,10,18,19,19,6,18,7,15,2,12,16,9,6,4,11,13,14,19,6,11,5,10,3,10,0,0,10,9,19,18,17,6,12,6,3,11,2,9,9,5,13,19,8,7,6,6,3,10,11,19,5,8,15,15,18,1,5,1,0,1,10,10,11,3,5,10,15,10,7,2,0,0,10,5,9,16,3,19,11,10,5,3,0,7,19,18,1,4,12,9,15,18,7,7,0,3,18,11,1,9,16,19,11,19,2,0,0,0,16,7,19,6,19,10,6,3,14,6,10,10,6,2,0,11,2,13,0,1,11,10,10,1,3,7,11,15,19,0,0,0,0,1,3,10,5,9,12,18,2,10,2,18,6,3,0,10,11,19,19,1,5,19,10,11,6,6,0,0,0,0,0,0,0,0,0,0,0,0,0,0,0,0,0,0,0,0,0,0,0,0,0,0,0,0,0,0,0,0,0,0,0,0,0,0,0,0,0,0,0,0,0,0,0,0,0,0,0,0,0,0,0,0,0",-0.17276932,0.052583456,3.0,0.53794855,73.47287,0.6297278,1.0,0.6297278,0.14893635,0.53794855,0.0,0.0,0.53794855,0.00820522,0.89817476,0.14893635,3.2801175,1.5359485,73.47287,-0.17276932,2.03766,208.77977,0.44616935,0.44616935,1.0,208.77977,0.78268147,0.10182523,3.2801175,0.00820522,0.6297278,0.052583456,0.0,1.5359485,2.03766,0.44616935,0.17276932,0.0,0.6297278,0.17276932,0.86890596,0.44616935,1.0,0.53794855,lookahead,beam_orig0_bm2-s0to100br3-s100to200br1
/work/T-REX/external/Proteina-Complexa/inference/search_binder_local_pipeline_32_PDL1_ALPHA_REPACK_v7_r003_cand_v7r003_hyp_0003_01_002_a33ac9851a300/job_0_n_229_id_21_beam_orig1_bm2-s0to100br1-s100to200br1/job_0_n_229_id_21_beam_orig1_bm2-s0to100br1-s100to200br1.pdb,85,"2,0,13,16,19,16,19,14,11,3,10,18,19,19,6,18,7,15,2,12,16,9,6,4,11,13,14,19,6,11,5,10,3,10,0,0,10,9,19,18,17,6,12,6,3,11,2,9,9,5,13,19,8,7,6,6,3,10,11,19,5,8,15,15,18,1,5,1,0,1,10,10,11,3,5,10,15,10,7,2,0,0,10,5,9,16,3,19,11,10,5,3,0,7,19,18,1,4,12,9,15,18,7,7,0,3,18,11,1,9,16,19,11,19,2,0,0,13,16,19,16,19,14,11,3,10,18,19,19,6,18,7,15,2,12,16,9,6,4,11,13,14,19,6,11,5,10,3,10,0,0,10,9,19,18,17,6,12,6,3,11,2,9,9,5,13,19,8,7,6,6,3,10,11,19,5,8,15,15,18,1,5,1,0,1,10,10,11,3,5,10,15,10,7,2,0,0,10,5,9,16,3,19,11,10,5,3,0,7,19,18,1,4,12,9,15,18,7,7,0,3,18,11,1,9,16,19,11,19,0,0,0,0",-0.5208127,0.29239345,3.0,0.04853703,57.130905,0.050978478,1.0,0.050978478,0.30818087,0.012589743,0.0,0.0,0.04853703,0.0017477522,0.86162925,0.30818087,4.8059998,1.2700449,57.130905,-0.5208127,3.835909,198.42201,0.012148334,0.046095587,1.0,198.42201,0.26574242,0.13837078,4.8059998,0.0017477522,0.013031154,0.29239345,0.0,1.2700449,3.835909,0.012148334,0.5208127,0.0,0.013031154,0.5208127,0.59033823,0.046095587,1.0,0.012589743,lookahead,beam_orig1_bm2-s0to100br1-s100to200br1
/work/T-REX/external/Proteina-Complexa/inference/search_binder_local_pipeline_32_PDL1_ALPHA_REPACK_v7_r003_cand_v7r003_hyp_0003_01_002_a33ac9851a300/job_0_n_233_id_21_beam_orig2_bm2-s0to100br1-s100to200br1/job_0_n_233_id_21_beam_orig2_bm2-s0to100br1-s100to200br1.pdb,86,"2,0,13,16,19,16,19,14,11,3,10,18,19,19,6,18,7,15,2,12,16,9,6,4,11,13,14,19,6,11,5,10,3,10,0,0,10,9,19,18,17,6,12,6,3,11,2,9,9,5,13,19,8,7,6,6,3,10,11,19,5,8,15,15,18,1,5,1,0,1,10,10,11,3,5,10,15,10,7,2,0,0,10,5,9,16,3,19,11,10,5,3,0,7,19,18,1,4,12,9,15,18,7,7,0,3,18,11,1,9,16,19,11,19,2,0,0,13,16,19,16,19,14,11,3,10,18,19,19,6,18,7,15,2,12,16,9,6,4,11,13,14,19,6,11,5,10,3,10,0,0,10,9,19,18,17,6,12,6,3,11,2,9,9,5,13,19,8,7,6,6,3,10,11,19,5,8,15,15,18,1,5,1,0,1,10,10,11,3,5,10,15,10,7,2,0,0,10,5,9,16,3,19,11,10,5,3,0,7,19,18,1,4,12,9,15,18,7,7,0,3,18,11,1,9,16,19,11,19,2,0,14,16",-0.5241842,0.29460412,3.0,0.049286023,57.616535,0.052069508,1.0,0.052069508,0.30971438,0.012480457,0.0,0.0,0.049286023,0.0030346408,0.86199015,0.30971438,4.874463,1.2761153,57.616535,-0.5241842,3.915308,195.11871,0.012058478,0.04650254,1.0,195.11871,0.26614314,0.13800985,4.874463,0.0030346408,0.012902437,0.29460412,0.0,1.2761153,3.915308,0.012058478,0.5241842,0.0,0.012902437,0.5241842,0.59021705,0.04650254,1.0,0.012480457,lookahead,beam_orig2_bm2-s0to100br1-s100to200br1
/work/T-REX/external/Proteina-Complexa/inference/search_binder_local_pipeline_32_PDL1_ALPHA_REPACK_v7_r003_cand_v7r003_hyp_0003_01_002_a33ac9851a300/job_0_n_180_id_21_beam_orig3_bm3-s0to100br1-s100to200br1/job_0_n_180_id_21_beam_orig3_bm3-s0to100br1-s100to200br1.pdb,87,"2,0,13,16,19,16,19,14,11,3,10,18,19,19,6,18,7,15,2,12,16,9,6,4,11,13,14,19,6,11,5,10,3,10,0,0,10,9,19,18,17,6,12,6,3,11,2,9,9,5,13,19,8,7,6,6,3,10,11,19,5,8,15,15,18,1,5,1,0,1,10,10,11,3,5,10,15,10,7,2,0,0,10,5,9,16,3,19,11,10,5,3,0,7,19,18,1,4,12,9,15,18,7,7,0,3,18,11,1,9,16,19,11,19,2,0,2,11,1,10,6,2,10,11,6,0,15,6,11,13,11,10,15,3,11,3,19,6,16,10,11,10,19,10,6,11,7,2,3,6,6,10,15,0,0,19,2,6,19,0,3,1,18,11,10,2,2,6,5,11,18,6,10,10,11,10,10,16,11,6,0,0,0,0,0,0,0,0,0,0,0,0,0,0,0,0,0,0,0,0,0,0,0,0,0,0,0,0,0,0,0,0,0,0,0,0,0,0,0,0,0,0,0,0,0,0,0,0,0,0,0,0,0",-0.15677008,0.04819532,3.0,0.5920621,50.543777,0.66110027,1.0,0.66110027,0.13044682,0.5920621,0.0,0.0,0.5920621,0.002466919,0.91483974,0.13044682,2.0762851,1.6700473,50.543777,-0.15677008,1.9870057,186.01758,0.52302396,0.52302396,1.0,186.01758,0.81507325,0.085160285,2.0762851,0.002466919,0.66110027,0.04819532,0.0,1.6700473,1.9870057,0.52302396,0.15677008,0.0,0.66110027,0.15677008,0.8690864,0.52302396,1.0,0.5920621,lookahead,beam_orig3_bm3-s0to100br1-s100to200br1
/work/T-REX/external/Proteina-Complexa/inference/search_binder_local_pipeline_32_PDL1_ALPHA_REPACK_v7_r003_cand_v7r003_hyp_0003_01_002_a33ac9851a300/job_0_n_176_id_22_beam_orig0_bm2-s0to100br3-s100to200br2/job_0_n_176_id_22_beam_orig0_bm2-s0to100br3-s100to200br2.pdb,88,"2,0,13,16,19,16,19,14,11,3,10,18,19,19,6,18,7,15,2,12,16,9,6,4,11,13,14,19,6,11,5,10,3,10,0,0,10,9,19,18,17,6,12,6,3,11,2,9,9,5,13,19,8,7,6,6,3,10,11,19,5,8,15,15,18,1,5,1,0,1,10,10,11,3,5,10,15,10,7,2,0,0,10,5,9,16,3,19,11,10,5,3,0,7,19,18,1,4,12,9,15,18,7,7,0,3,18,11,1,9,16,19,11,19,2,0,0,10,19,7,9,6,18,10,11,16,6,6,7,10,0,2,0,11,2,13,0,1,11,10,10,11,3,7,11,15,19,19,7,0,0,11,3,10,5,9,12,10,3,9,14,13,11,3,0,10,2,19,19,11,5,19,10,1,6,6,0,0,0,0,0,0,0,0,0,0,0,0,0,0,0,0,0,0,0,0,0,0,0,0,0,0,0,0,0,0,0,0,0,0,0,0,0,0,0,0,0,0,0,0,0,0,0,0,0,0,0,0,0,0,0,0,0",-0.19597395,0.07112844,3.0,0.45713228,56.35456,0.56001157,1.0,0.56001157,0.16592708,0.45713228,0.0,0.0,0.45713228,0.004488348,0.8757881,0.16592708,3.0701487,1.6310529,56.35456,-0.19597395,2.263422,197.83134,0.354253,0.354253,1.0,197.83134,0.74530935,0.12421194,3.0701487,0.004488348,0.56001157,0.07112844,0.0,1.6310529,2.263422,0.354253,0.19597395,0.0,0.56001157,0.19597395,0.8517062,0.354253,1.0,0.45713228,lookahead,beam_orig0_bm2-s0to100br3-s100to200br2
/work/T-REX/external/Proteina-Complexa/inference/search_binder_local_pipeline_32_PDL1_ALPHA_REPACK_v7_r003_cand_v7r003_hyp_0003_01_002_a33ac9851a300/job_0_n_229_id_22_beam_orig1_bm2-s0to100br1-s100to200br2/job_0_n_229_id_22_beam_orig1_bm2-s0to100br1-s100to200br2.pdb,89,"2,0,13,16,19,16,19,14,11,3,10,18,19,19,6,18,7,15,2,12,16,9,6,4,11,13,14,19,6,11,5,10,3,10,0,0,10,9,19,18,17,6,12,6,3,11,2,9,9,5,13,19,8,7,6,6,3,10,11,19,5,8,15,15,18,1,5,1,0,1,10,10,11,3,5,10,15,10,7,2,0,0,10,5,9,16,3,19,11,10,5,3,0,7,19,18,1,4,12,9,15,18,7,7,0,3,18,11,1,9,16,19,11,19,2,0,0,13,16,19,16,19,14,11,3,10,18,19,19,6,18,7,15,2,12,16,9,6,4,11,13,14,19,6,11,5,10,3,10,0,0,10,9,19,18,17,6,12,6,3,11,2,9,9,5,13,19,8,7,6,6,3,10,11,19,5,8,15,15,18,1,5,1,0,1,10,10,11,3,5,10,15,10,7,2,0,0,10,5,9,16,3,19,11,10,5,3,0,7,19,18,1,4,12,9,15,18,7,7,0,3,18,11,1,9,16,19,11,19,0,0,0,0",-0.516325,0.2887897,3.0,0.050038755,56.90694,0.052885786,1.0,0.052885786,0.3060838,0.012779759,0.0,0.0,0.050038755,0.0017547259,0.8612962,0.3060838,5.0683355,1.2749289,56.90694,-0.516325,3.826805,198.13033,0.012415233,0.047191724,1.0,198.13033,0.2709794,0.13870384,5.0683355,0.0017547259,0.013144285,0.2887897,0.0,1.2749289,3.826805,0.012415233,0.516325,0.0,0.013144285,0.516325,0.59285647,0.047191724,1.0,0.012779759,lookahead,beam_orig1_bm2-s0to100br1-s100to200br2
/work/T-REX/external/Proteina-Complexa/inference/search_binder_local_pipeline_32_PDL1_ALPHA_REPACK_v7_r003_cand_v7r003_hyp_0003_01_002_a33ac9851a300/job_0_n_233_id_22_beam_orig2_bm2-s0to100br1-s100to200br2/job_0_n_233_id_22_beam_orig2_bm2-s0to100br1-s100to200br2.pdb,90,"2,0,13,16,19,16,19,14,11,3,10,18,19,19,6,18,7,15,2,12,16,9,6,4,11,13,14,19,6,11,5,10,3,10,0,0,10,9,19,18,17,6,12,6,3,11,2,9,9,5,13,19,8,7,6,6,3,10,11,19,5,8,15,15,18,1,5,1,0,1,10,10,11,3,5,10,15,10,7,2,0,0,10,5,9,16,3,19,11,10,5,3,0,7,19,18,1,4,12,9,15,18,7,7,0,3,18,11,1,9,16,19,11,19,2,0,0,13,16,19,16,19,14,11,3,10,18,19,19,6,18,7,15,2,12,16,9,6,4,11,13,14,19,6,11,5,10,3,10,0,0,10,9,19,18,17,6,12,6,3,11,2,9,9,5,13,19,8,7,6,6,3,10,11,19,5,8,15,15,18,1,5,1,0,1,10,10,11,3,5,10,15,10,7,2,0,0,10,5,9,16,3,19,11,10,5,3,0,7,19,18,1,4,12,9,15,18,7,7,0,3,18,11,1,9,16,19,11,19,2,0,14,14",-0.5199625,0.2886892,3.0,0.050887786,59.661705,0.053027876,1.0,0.053027876,0.30737984,0.012839243,0.0,0.0,0.050887786,0.00467824,0.861713,0.30737984,4.858923,1.2785399,59.661705,-0.5199625,3.9022157,196.7556,0.012637801,0.048747692,1.0,196.7556,0.2678429,0.13828702,4.858923,0.00467824,0.013040685,0.2886892,0.0,1.2785399,3.9022157,0.012637801,0.5199625,0.0,0.013040685,0.5199625,0.5916201,0.048747692,1.0,0.012839243,lookahead,beam_orig2_bm2-s0to100br1-s100to200br2
/work/T-REX/external/Proteina-Complexa/inference/search_binder_local_pipeline_32_PDL1_ALPHA_REPACK_v7_r003_cand_v7r003_hyp_0003_01_002_a33ac9851a300/job_0_n_180_id_22_beam_orig3_bm3-s0to100br1-s100to200br2/job_0_n_180_id_22_beam_orig3_bm3-s0to100br1-s100to200br2.pdb,91,"2,0,13,16,19,16,19,14,11,3,10,18,19,19,6,18,7,15,2,12,16,9,6,4,11,13,14,19,6,11,5,10,3,10,0,0,10,9,19,18,17,6,12,6,3,11,2,9,9,5,13,19,8,7,6,6,3,10,11,19,5,8,15,15,18,1,5,1,0,1,10,10,11,3,5,10,15,10,7,2,0,0,10,5,9,16,3,19,11,10,5,3,0,7,19,18,1,4,12,9,15,18,7,7,0,3,18,11,1,9,16,19,11,19,2,0,2,15,1,10,6,15,10,3,6,0,19,11,11,13,11,10,15,10,6,3,6,11,9,10,1,19,0,10,6,11,7,2,3,6,6,9,15,0,0,19,2,3,19,0,16,11,13,2,10,15,2,6,3,11,13,6,10,10,11,10,19,16,11,6,0,0,0,0,0,0,0,0,0,0,0,0,0,0,0,0,0,0,0,0,0,0,0,0,0,0,0,0,0,0,0,0,0,0,0,0,0,0,0,0,0,0,0,0,0,0,0,0,0,0,0,0,0",-0.17376097,0.04958557,3.0,0.5689677,47.14525,0.64834124,1.0,0.64834124,0.14862464,0.5689677,0.0,0.0,0.5689677,0.008952655,0.8864745,0.14862464,1.885876,1.79604,47.14525,-0.17376097,2.0638726,175.69257,0.48959416,0.48959416,1.0,175.69257,0.7997299,0.113525495,1.885876,0.008952655,0.64834124,0.04958557,0.0,1.79604,2.0638726,0.48959416,0.17376097,0.0,0.64834124,0.17376097,0.8723601,0.48959416,1.0,0.5689677,lookahead,beam_orig3_bm3-s0to100br1-s100to200br2
/work/T-REX/external/Proteina-Complexa/inference/search_binder_local_pipeline_32_PDL1_ALPHA_REPACK_v7_r003_cand_v7r003_hyp_0003_01_002_a33ac9851a300/job_0_n_176_id_23_beam_orig0_bm2-s0to100br3-s100to200br3/job_0_n_176_id_23_beam_orig0_bm2-s0to100br3-s100to200br3.pdb,92,"2,0,13,16,19,16,19,14,11,3,10,18,19,19,6,18,7,15,2,12,16,9,6,4,11,13,14,19,6,11,5,10,3,10,0,0,10,9,19,18,17,6,12,6,3,11,2,9,9,5,13,19,8,7,6,6,3,10,11,19,5,8,15,15,18,1,5,1,0,1,10,10,11,3,5,10,15,10,7,2,0,0,10,5,9,16,3,19,11,10,5,3,0,7,19,18,1,4,12,9,15,18,7,7,0,3,18,11,1,9,16,19,11,19,2,0,0,11,16,1,6,6,9,16,11,15,6,6,18,10,5,2,0,5,6,13,0,11,11,10,10,1,3,6,11,15,9,19,6,0,0,1,3,9,5,9,9,13,3,10,15,13,6,6,0,10,11,19,19,11,11,0,11,11,6,10,0,0,0,0,0,0,0,0,0,0,0,0,0,0,0,0,0,0,0,0,0,0,0,0,0,0,0,0,0,0,0,0,0,0,0,0,0,0,0,0,0,0,0,0,0,0,0,0,0,0,0,0,0,0,0,0,0",-0.18684797,0.05478493,3.0,0.51931953,63.535255,0.6292474,1.0,0.6292474,0.16317496,0.519527,0.0,0.0,0.51931953,0.032032687,0.8810707,0.16317496,3.3539453,1.6624612,63.535255,-0.18684797,2.1291811,194.26602,0.40980658,0.40939167,1.0,194.26602,0.79334176,0.11892934,3.3539453,0.032032687,0.6292474,0.05478493,0.0,1.6624612,2.1291811,0.40980658,0.18684797,0.0,0.6292474,0.18684797,0.8608993,0.40939167,1.0,0.519527,lookahead,beam_orig0_bm2-s0to100br3-s100to200br3
/work/T-REX/external/Proteina-Complexa/inference/search_binder_local_pipeline_32_PDL1_ALPHA_REPACK_v7_r003_cand_v7r003_hyp_0003_01_002_a33ac9851a300/job_0_n_229_id_23_beam_orig1_bm2-s0to100br1-s100to200br3/job_0_n_229_id_23_beam_orig1_bm2-s0to100br1-s100to200br3.pdb,93,"2,0,13,16,19,16,19,14,11,3,10,18,19,19,6,18,7,15,2,12,16,9,6,4,11,13,14,19,6,11,5,10,3,10,0,0,10,9,19,18,17,6,12,6,3,11,2,9,9,5,13,19,8,7,6,6,3,10,11,19,5,8,15,15,18,1,5,1,0,1,10,10,11,3,5,10,15,10,7,2,0,0,10,5,9,16,3,19,11,10,5,3,0,7,19,18,1,4,12,9,15,18,7,7,0,3,18,11,1,9,16,19,11,19,2,0,0,13,16,19,16,19,14,11,3,10,18,19,19,6,18,7,15,2,12,16,9,6,4,11,13,14,19,6,11,5,10,3,10,0,0,10,9,19,18,17,6,12,6,3,11,2,9,9,5,13,19,8,7,6,6,3,10,11,19,5,8,15,15,18,1,5,1,0,1,10,10,11,3,5,10,15,10,7,2,0,0,10,5,9,16,3,19,11,10,5,3,0,7,19,18,1,4,12,9,15,18,7,7,0,3,18,11,1,9,16,19,11,19,0,0,0,0",-0.51941675,0.29295123,3.0,0.04930876,57.333694,0.052072957,1.0,0.052072957,0.30775335,0.012465453,0.0,0.0,0.04930876,0.0017869762,0.86175483,0.30775335,4.7259383,1.2780495,57.333694,-0.51941675,3.8323536,198.10847,0.0120862005,0.04654456,1.0,198.10847,0.26990026,0.13824515,4.7259383,0.0017869762,0.012844705,0.29295123,0.0,1.2780495,3.8323536,0.0120862005,0.51941675,0.0,0.012844705,0.51941675,0.59223056,0.04654456,1.0,0.012465453,lookahead,beam_orig1_bm2-s0to100br1-s100to200br3
/work/T-REX/external/Proteina-Complexa/inference/search_binder_local_pipeline_32_PDL1_ALPHA_REPACK_v7_r003_cand_v7r003_hyp_0003_01_002_a33ac9851a300/job_0_n_233_id_23_beam_orig2_bm2-s0to100br1-s100to200br3/job_0_n_233_id_23_beam_orig2_bm2-s0to100br1-s100to200br3.pdb,94,"2,0,13,16,19,16,19,14,11,3,10,18,19,19,6,18,7,15,2,12,16,9,6,4,11,13,14,19,6,11,5,10,3,10,0,0,10,9,19,18,17,6,12,6,3,11,2,9,9,5,13,19,8,7,6,6,3,10,11,19,5,8,15,15,18,1,5,1,0,1,10,10,11,3,5,10,15,10,7,2,0,0,10,5,9,16,3,19,11,10,5,3,0,7,19,18,1,4,12,9,15,18,7,7,0,3,18,11,1,9,16,19,11,19,2,0,0,13,16,19,16,19,14,11,3,10,18,19,19,6,18,7,15,2,12,16,9,6,4,11,13,14,19,6,11,5,10,3,10,0,0,10,9,19,18,17,6,12,6,3,11,2,9,9,5,13,19,8,7,6,6,3,10,11,19,5,8,15,15,18,1,5,1,0,1,10,10,11,3,5,10,15,10,7,2,0,0,10,5,9,16,3,19,11,10,5,3,0,7,19,18,1,4,12,9,15,18,7,7,0,3,18,11,1,9,16,19,11,19,2,0,14,0",-0.5287812,0.29773945,3.0,0.0465774,58.2751,0.047785368,1.0,0.047785368,0.31237915,0.012498568,0.0,0.0,0.0465774,0.0025755363,0.8616357,0.31237915,4.992322,1.2775134,58.2751,-0.5287812,3.9255779,193.70801,0.012293177,0.04536943,1.0,193.70801,0.26156113,0.1383643,4.992322,0.0025755363,0.012703959,0.29773945,0.0,1.2775134,3.9255779,0.012293177,0.5287812,0.0,0.012703959,0.5287812,0.58792067,0.04536943,1.0,0.012498568,lookahead,beam_orig2_bm2-s0to100br1-s100to200br3
/work/T-REX/external/Proteina-Complexa/inference/search_binder_local_pipeline_32_PDL1_ALPHA_REPACK_v7_r003_cand_v7r003_hyp_0003_01_002_a33ac9851a300/job_0_n_180_id_23_beam_orig3_bm3-s0to100br1-s100to200br3/job_0_n_180_id_23_beam_orig3_bm3-s0to100br1-s100to200br3.pdb,95,"2,0,13,16,19,16,19,14,11,3,10,18,19,19,6,18,7,15,2,12,16,9,6,4,11,13,14,19,6,11,5,10,3,10,0,0,10,9,19,18,17,6,12,6,3,11,2,9,9,5,13,19,8,7,6,6,3,10,11,19,5,8,15,15,18,1,5,1,0,1,10,10,11,3,5,10,15,10,7,2,0,0,10,5,9,16,3,19,11,10,5,3,0,7,19,18,1,4,12,9,15,18,7,7,0,3,18,11,1,9,16,19,11,19,2,0,12,19,15,10,5,11,9,6,6,10,15,11,11,10,2,10,15,5,6,3,16,5,9,10,11,2,0,9,14,16,11,16,6,6,6,10,0,5,9,13,2,5,9,0,3,11,11,2,10,15,14,6,11,11,13,6,7,10,11,9,10,16,15,5,0,0,0,0,0,0,0,0,0,0,0,0,0,0,0,0,0,0,0,0,0,0,0,0,0,0,0,0,0,0,0,0,0,0,0,0,0,0,0,0,0,0,0,0,0,0,0,0,0,0,0,0,0",-0.1920721,0.06270738,3.0,0.4414298,30.877594,0.51519746,1.0,0.51519746,0.15303357,0.4414298,0.0,0.0,0.4414298,0.0058870213,0.90013975,0.15303357,1.7082897,1.6850877,30.877594,-0.1920721,2.373964,164.93999,0.36766216,0.36766216,1.0,164.93999,0.7271455,0.099860266,1.7082897,0.0058870213,0.51519746,0.06270738,0.0,1.6850877,2.373964,0.36766216,0.1920721,0.0,0.51519746,0.1920721,0.8435414,0.36766216,1.0,0.4414298,lookahead,beam_orig3_bm3-s0to100br1-s100to200br3
/work/T-REX/external/Proteina-Complexa/inference/search_binder_local_pipeline_32_PDL1_ALPHA_REPACK_v7_r003_cand_v7r003_hyp_0003_01_002_a33ac9851a300/job_0_n_176_id_24_beam_orig0_bm3-s0to100br3-s100to200br0/job_0_n_176_id_24_beam_orig0_bm3-s0to100br3-s100to200br0.pdb,96,"2,0,13,16,19,16,19,14,11,3,10,18,19,19,6,18,7,15,2,12,16,9,6,4,11,13,14,19,6,11,5,10,3,10,0,0,10,9,19,18,17,6,12,6,3,11,2,9,9,5,13,19,8,7,6,6,3,10,11,19,5,8,15,15,18,1,5,1,0,1,10,10,11,3,5,10,15,10,7,2,0,0,10,5,9,16,3,19,11,10,5,3,0,7,19,18,1,4,12,9,15,18,7,7,0,3,18,11,1,9,16,19,11,19,2,0,15,19,19,6,7,13,9,6,0,10,11,15,3,2,19,3,19,5,0,10,0,0,6,7,10,19,11,9,7,15,6,6,0,11,5,0,9,2,6,0,19,15,15,15,15,14,6,11,1,6,0,9,13,11,0,12,12,11,0,1,0,0,0,0,0,0,0,0,0,0,0,0,0,0,0,0,0,0,0,0,0,0,0,0,0,0,0,0,0,0,0,0,0,0,0,0,0,0,0,0,0,0,0,0,0,0,0,0,0,0,0,0,0,0,0,0,0",-0.3330304,0.15076126,3.0,0.16057158,39.13716,0.19019051,1.0,0.19019051,0.25266296,0.14950413,0.0,0.0,0.16057158,0.0045504137,0.813895,0.25266296,1.6230419,1.8422098,39.13716,-0.3330304,3.053701,187.82504,0.12658592,0.13095263,1.0,187.82504,0.5202303,0.18610501,1.6230419,0.0045504137,0.17242233,0.15076126,0.0,1.8422098,3.053701,0.12658592,0.3330304,0.0,0.17242233,0.3330304,0.76488245,0.13095263,1.0,0.14950413,lookahead,beam_orig0_bm3-s0to100br3-s100to200br0
/work/T-REX/external/Proteina-Complexa/inference/search_binder_local_pipeline_32_PDL1_ALPHA_REPACK_v7_r003_cand_v7r003_hyp_0003_01_002_a33ac9851a300/job_0_n_229_id_24_beam_orig1_bm2-s0to100br3-s100to200br0/job_0_n_229_id_24_beam_orig1_bm2-s0to100br3-s100to200br0.pdb,97,"2,0,13,16,19,16,19,14,11,3,10,18,19,19,6,18,7,15,2,12,16,9,6,4,11,13,14,19,6,11,5,10,3,10,0,0,10,9,19,18,17,6,12,6,3,11,2,9,9,5,13,19,8,7,6,6,3,10,11,19,5,8,15,15,18,1,5,1,0,1,10,10,11,3,5,10,15,10,7,2,0,0,10,5,9,16,3,19,11,10,5,3,0,7,19,18,1,4,12,9,15,18,7,7,0,3,18,11,1,9,16,19,11,19,2,0,13,16,19,16,19,14,11,3,10,18,19,19,6,18,7,15,2,12,16,9,6,4,11,13,14,19,6,11,5,10,3,10,0,0,10,9,19,18,17,6,12,6,3,11,2,9,9,5,13,19,8,7,6,6,3,10,11,19,5,8,15,15,18,1,5,1,0,1,10,10,11,3,5,10,15,10,7,2,0,0,10,5,9,16,3,19,11,10,5,3,0,7,19,18,1,4,12,9,15,18,7,7,0,3,18,11,1,9,16,19,11,19,2,0,0,0,0",-0.52697045,0.3020103,3.0,0.04351294,62.24138,0.04634691,1.0,0.04634691,0.311809,0.012140559,0.0,0.0,0.04351294,0.0017697663,0.8622186,0.311809,5.290899,1.292003,62.24138,-0.52697045,3.8720207,201.47423,0.011926603,0.040678967,1.0,201.47423,0.26167893,0.13778138,5.290899,0.0017697663,0.0123545155,0.3020103,0.0,1.292003,3.8720207,0.011926603,0.52697045,0.0,0.0123545155,0.52697045,0.58770704,0.040678967,1.0,0.012140559,lookahead,beam_orig1_bm2-s0to100br3-s100to200br0
/work/T-REX/external/Proteina-Complexa/inference/search_binder_local_pipeline_32_PDL1_ALPHA_REPACK_v7_r003_cand_v7r003_hyp_0003_01_002_a33ac9851a300/job_0_n_233_id_24_beam_orig2_bm1-s0to100br2-s100to200br0/job_0_n_233_id_24_beam_orig2_bm1-s0to100br2-s100to200br0.pdb,98,"2,0,13,16,19,16,19,14,11,3,10,18,19,19,6,18,7,15,2,12,16,9,6,4,11,13,14,19,6,11,5,10,3,10,0,0,10,9,19,18,17,6,12,6,3,11,2,9,9,5,13,19,8,7,6,6,3,10,11,19,5,8,15,15,18,1,5,1,0,1,10,10,11,3,5,10,15,10,7,2,0,0,10,5,9,16,3,19,11,10,5,3,0,7,19,18,1,4,12,9,15,18,7,7,0,3,18,11,1,9,16,19,11,19,2,0,2,0,13,16,19,16,19,14,11,3,10,18,19,19,6,18,7,15,2,12,16,9,6,4,11,13,14,19,6,11,5,10,3,10,0,0,10,9,19,18,17,6,12,6,3,11,2,9,9,5,13,19,8,7,6,6,3,10,11,19,5,8,15,15,18,1,5,1,0,1,10,10,11,3,5,10,15,10,7,2,0,0,10,5,9,16,3,19,11,10,5,3,0,7,19,18,1,4,12,9,15,18,7,7,0,3,18,11,1,9,16,19,11,19,2,0,10",-0.5286941,0.29777277,3.0,0.04759601,76.79221,0.050730724,1.0,0.050730724,0.3146818,0.012473936,0.0,0.0,0.04759601,0.0029470765,0.8563518,0.3146818,2.3987024,1.3096598,76.79221,-0.5286941,3.9014049,213.25728,0.012171414,0.0444613,1.0,213.25728,0.26511055,0.14364822,2.3987024,0.0029470765,0.012776459,0.29777277,0.0,1.3096598,3.9014049,0.012171414,0.5286941,0.0,0.012776459,0.5286941,0.58746135,0.0444613,1.0,0.012473936,lookahead,beam_orig2_bm1-s0to100br2-s100to200br0
/work/T-REX/external/Proteina-Complexa/inference/search_binder_local_pipeline_32_PDL1_ALPHA_REPACK_v7_r003_cand_v7r003_hyp_0003_01_002_a33ac9851a300/job_0_n_180_id_24_beam_orig3_bm2-s0to100br2-s100to200br0/job_0_n_180_id_24_beam_orig3_bm2-s0to100br2-s100to200br0.pdb,99,"2,0,13,16,19,16,19,14,11,3,10,18,19,19,6,18,7,15,2,12,16,9,6,4,11,13,14,19,6,11,5,10,3,10,0,0,10,9,19,18,17,6,12,6,3,11,2,9,9,5,13,19,8,7,6,6,3,10,11,19,5,8,15,15,18,1,5,1,0,1,10,10,11,3,5,10,15,10,7,2,0,0,10,5,9,16,3,19,11,10,5,3,0,7,19,18,1,4,12,9,15,18,7,7,0,3,18,11,1,9,16,19,11,19,2,0,15,15,7,11,10,2,10,0,10,6,1,6,11,6,0,11,6,0,6,11,0,7,2,10,6,6,0,19,11,11,18,6,6,0,0,11,9,18,12,6,9,7,2,18,3,6,0,7,11,0,10,3,6,0,0,11,10,11,6,11,10,5,6,11,0,0,0,0,0,0,0,0,0,0,0,0,0,0,0,0,0,0,0,0,0,0,0,0,0,0,0,0,0,0,0,0,0,0,0,0,0,0,0,0,0,0,0,0,0,0,0,0,0,0,0,0,0",-0.17071606,0.05121928,3.0,0.54336596,39.626717,0.64250207,1.0,0.64250207,0.1404238,0.54336596,0.0,0.0,0.54336596,0.010014244,0.932056,0.1404238,2.3390613,1.2951593,39.626717,-0.17071606,1.945672,138.89905,0.44422978,0.44422978,1.0,138.89905,0.8067698,0.06794399,2.3390613,0.010014244,0.64250207,0.05121928,0.0,1.2951593,1.945672,0.44422978,0.17071606,0.0,0.64250207,0.17071606,0.867885,0.44422978,1.0,0.54336596,lookahead,beam_orig3_bm2-s0to100br2-s100to200br0
/work/T-REX/external/Proteina-Complexa/inference/search_binder_local_pipeline_32_PDL1_ALPHA_REPACK_v7_r003_cand_v7r003_hyp_0003_01_002_a33ac9851a300/job_0_n_176_id_25_beam_orig0_bm3-s0to100br3-s100to200br1/job_0_n_176_id_25_beam_orig0_bm3-s0to100br3-s100to200br1.pdb,100,"2,0,13,16,19,16,19,14,11,3,10,18,19,19,6,18,7,15,2,12,16,9,6,4,11,13,14,19,6,11,5,10,3,10,0,0,10,9,19,18,17,6,12,6,3,11,2,9,9,5,13,19,8,7,6,6,3,10,11,19,5,8,15,15,18,1,5,1,0,1,10,10,11,3,5,10,15,10,7,2,0,0,10,5,9,16,3,19,11,10,5,3,0,7,19,18,1,4,12,9,15,18,7,7,0,3,18,11,1,9,16,19,11,19,2,0,15,19,19,6,7,13,9,11,0,10,11,15,14,3,6,3,19,19,19,18,0,0,6,7,10,16,11,9,7,16,6,6,0,11,5,0,9,15,6,0,19,15,11,15,3,3,3,16,1,6,11,9,13,11,0,12,16,11,0,11,0,0,0,0,0,0,0,0,0,0,0,0,0,0,0,0,0,0,0,0,0,0,0,0,0,0,0,0,0,0,0,0,0,0,0,0,0,0,0,0,0,0,0,0,0,0,0,0,0,0,0,0,0,0,0,0,0",-0.5170007,0.3091446,3.0,0.0270379,80.90427,0.03721847,1.0,0.03721847,0.37062028,0.013168164,0.0,0.0,0.0270379,0.005058149,0.7603208,0.37062028,3.5890117,1.64854,80.90427,-0.5170007,3.5988243,221.7431,0.011615012,0.016857332,1.0,221.7431,0.28425974,0.23967923,3.5890117,0.005058149,0.014721315,0.3091446,0.0,1.64854,3.5988243,0.011615012,0.5170007,0.0,0.014721315,0.5170007,0.6853179,0.016857332,1.0,0.013168164,lookahead,beam_orig0_bm3-s0to100br3-s100to200br1
/work/T-REX/external/Proteina-Complexa/inference/search_binder_local_pipeline_32_PDL1_ALPHA_REPACK_v7_r003_cand_v7r003_hyp_0003_01_002_a33ac9851a300/job_0_n_229_id_25_beam_orig1_bm2-s0to100br3-s100to200br1/job_0_n_229_id_25_beam_orig1_bm2-s0to100br3-s100to200br1.pdb,101,"2,0,13,16,19,16,19,14,11,3,10,18,19,19,6,18,7,15,2,12,16,9,6,4,11,13,14,19,6,11,5,10,3,10,0,0,10,9,19,18,17,6,12,6,3,11,2,9,9,5,13,19,8,7,6,6,3,10,11,19,5,8,15,15,18,1,5,1,0,1,10,10,11,3,5,10,15,10,7,2,0,0,10,5,9,16,3,19,11,10,5,3,0,7,19,18,1,4,12,9,15,18,7,7,0,3,18,11,1,9,16,19,11,19,2,0,13,16,19,16,19,14,11,3,10,18,19,19,6,18,7,15,2,12,16,9,6,4,11,13,14,19,6,11,5,10,3,10,0,0,10,9,19,18,17,6,12,6,3,11,2,9,9,5,13,19,8,7,6,6,3,10,11,19,5,8,15,15,18,1,5,1,0,1,10,10,11,3,5,10,15,10,7,2,0,0,10,5,9,16,3,19,11,10,5,3,0,7,19,18,1,4,12,9,15,18,7,7,0,3,18,11,1,9,16,19,11,19,2,0,0,0,0",-0.5287727,0.30377007,3.0,0.043282807,58.788307,0.0461128,1.0,0.0461128,0.31322467,0.012203745,0.0,0.0,0.043282807,0.001846314,0.86111295,0.31322467,4.7884383,1.2998395,58.788307,-0.5287727,3.875161,198.55917,0.011928691,0.040452816,1.0,198.55917,0.2607618,0.13888702,4.7884383,0.001846314,0.012478799,0.30377007,0.0,1.2998395,3.875161,0.011928691,0.5287727,0.0,0.012478799,0.5287727,0.58714056,0.040452816,1.0,0.012203745,lookahead,beam_orig1_bm2-s0to100br3-s100to200br1
/work/T-REX/external/Proteina-Complexa/inference/search_binder_local_pipeline_32_PDL1_ALPHA_REPACK_v7_r003_cand_v7r003_hyp_0003_01_002_a33ac9851a300/job_0_n_233_id_25_beam_orig2_bm1-s0to100br2-s100to200br1/job_0_n_233_id_25_beam_orig2_bm1-s0to100br2-s100to200br1.pdb,102,"2,0,13,16,19,16,19,14,11,3,10,18,19,19,6,18,7,15,2,12,16,9,6,4,11,13,14,19,6,11,5,10,3,10,0,0,10,9,19,18,17,6,12,6,3,11,2,9,9,5,13,19,8,7,6,6,3,10,11,19,5,8,15,15,18,1,5,1,0,1,10,10,11,3,5,10,15,10,7,2,0,0,10,5,9,16,3,19,11,10,5,3,0,7,19,18,1,4,12,9,15,18,7,7,0,3,18,11,1,9,16,19,11,19,2,0,2,0,13,16,19,16,19,14,11,3,10,18,19,19,6,18,7,15,2,12,16,9,6,4,11,13,14,19,6,11,5,10,3,10,0,0,10,9,19,18,17,6,12,6,3,11,2,9,9,5,13,19,8,7,6,6,3,10,11,19,5,8,15,15,18,1,5,1,0,1,10,10,11,3,5,10,15,10,7,2,0,0,10,5,9,16,3,19,11,10,5,3,0,7,19,18,1,4,12,9,15,18,7,7,0,3,18,11,1,9,16,19,11,19,2,0,14",-0.52196336,0.29215953,3.0,0.049661003,78.92524,0.052578766,1.0,0.052578766,0.30925113,0.012580741,0.0,0.0,0.049661003,0.0028374074,0.8594891,0.30925113,2.6183467,1.2885857,78.92524,-0.52196336,3.8912184,208.90187,0.012288248,0.04674324,1.0,208.90187,0.26776594,0.14051089,2.6183467,0.0028374074,0.012873235,0.29215953,0.0,1.2885857,3.8912184,0.012288248,0.52196336,0.0,0.012873235,0.52196336,0.59037936,0.04674324,1.0,0.012580741,lookahead,beam_orig2_bm1-s0to100br2-s100to200br1
/work/T-REX/external/Proteina-Complexa/inference/search_binder_local_pipeline_32_PDL1_ALPHA_REPACK_v7_r003_cand_v7r003_hyp_0003_01_002_a33ac9851a300/job_0_n_180_id_25_beam_orig3_bm2-s0to100br2-s100to200br1/job_0_n_180_id_25_beam_orig3_bm2-s0to100br2-s100to200br1.pdb,103,"2,0,13,16,19,16,19,14,11,3,10,18,19,19,6,18,7,15,2,12,16,9,6,4,11,13,14,19,6,11,5,10,3,10,0,0,10,9,19,18,17,6,12,6,3,11,2,9,9,5,13,19,8,7,6,6,3,10,11,19,5,8,15,15,18,1,5,1,0,1,10,10,11,3,5,10,15,10,7,2,0,0,10,5,9,16,3,19,11,10,5,3,0,7,19,18,1,4,12,9,15,18,7,7,0,3,18,11,1,9,16,19,11,19,2,0,11,6,0,10,10,2,10,0,10,15,1,19,6,6,0,11,11,6,6,0,6,7,2,10,6,6,0,0,11,11,18,6,6,0,0,11,9,18,12,6,9,7,2,18,3,6,0,7,11,0,10,3,6,0,11,11,10,1,6,11,0,6,11,0,0,0,0,0,0,0,0,0,0,0,0,0,0,0,0,0,0,0,0,0,0,0,0,0,0,0,0,0,0,0,0,0,0,0,0,0,0,0,0,0,0,0,0,0,0,0,0,0,0,0,0,0,0",-0.16644573,0.052532863,3.0,0.53219116,36.47174,0.6257344,1.0,0.6257344,0.13213487,0.53219116,0.0,0.0,0.53219116,0.005599604,0.942133,0.13213487,2.0720916,1.272166,36.47174,-0.16644573,2.005837,130.56136,0.438648,0.438648,1.0,130.56136,0.7961396,0.057866987,2.0720916,0.005599604,0.6257344,0.052532863,0.0,1.272166,2.005837,0.438648,0.16644573,0.0,0.6257344,0.16644573,0.86473227,0.438648,1.0,0.53219116,lookahead,beam_orig3_bm2-s0to100br2-s100to200br1
/work/T-REX/external/Proteina-Complexa/inference/search_binder_local_pipeline_32_PDL1_ALPHA_REPACK_v7_r003_cand_v7r003_hyp_0003_01_002_a33ac9851a300/job_0_n_176_id_26_beam_orig0_bm3-s0to100br3-s100to200br2/job_0_n_176_id_26_beam_orig0_bm3-s0to100br3-s100to200br2.pdb,104,"2,0,13,16,19,16,19,14,11,3,10,18,19,19,6,18,7,15,2,12,16,9,6,4,11,13,14,19,6,11,5,10,3,10,0,0,10,9,19,18,17,6,12,6,3,11,2,9,9,5,13,19,8,7,6,6,3,10,11,19,5,8,15,15,18,1,5,1,0,1,10,10,11,3,5,10,15,10,7,2,0,0,10,5,9,16,3,19,11,10,5,3,0,7,19,18,1,4,12,9,15,18,7,7,0,3,18,11,1,9,16,19,11,19,2,0,6,3,6,0,16,10,9,6,2,10,11,15,3,3,12,3,19,1,19,18,0,0,11,6,10,16,11,9,7,15,6,6,0,11,11,0,9,15,6,0,19,15,15,15,15,14,6,6,1,6,0,9,13,11,0,12,9,2,0,11,0,0,0,0,0,0,0,0,0,0,0,0,0,0,0,0,0,0,0,0,0,0,0,0,0,0,0,0,0,0,0,0,0,0,0,0,0,0,0,0,0,0,0,0,0,0,0,0,0,0,0,0,0,0,0,0,0",-0.20160346,0.07397212,3.0,0.39500445,30.953474,0.46091494,1.0,0.46091494,0.15773892,0.39500445,0.0,0.0,0.39500445,0.00347194,0.90567195,0.15773892,1.0190167,1.5022252,30.953474,-0.20160346,2.2299898,152.36488,0.32909396,0.32909396,1.0,152.36488,0.74909294,0.09432802,1.0190167,0.00347194,0.46091494,0.07397212,0.0,1.5022252,2.2299898,0.32909396,0.20160346,0.0,0.46091494,0.20160346,0.84834266,0.32909396,1.0,0.39500445,lookahead,beam_orig0_bm3-s0to100br3-s100to200br2
/work/T-REX/external/Proteina-Complexa/inference/search_binder_local_pipeline_32_PDL1_ALPHA_REPACK_v7_r003_cand_v7r003_hyp_0003_01_002_a33ac9851a300/job_0_n_229_id_26_beam_orig1_bm2-s0to100br3-s100to200br2/job_0_n_229_id_26_beam_orig1_bm2-s0to100br3-s100to200br2.pdb,105,"2,0,13,16,19,16,19,14,11,3,10,18,19,19,6,18,7,15,2,12,16,9,6,4,11,13,14,19,6,11,5,10,3,10,0,0,10,9,19,18,17,6,12,6,3,11,2,9,9,5,13,19,8,7,6,6,3,10,11,19,5,8,15,15,18,1,5,1,0,1,10,10,11,3,5,10,15,10,7,2,0,0,10,5,9,16,3,19,11,10,5,3,0,7,19,18,1,4,12,9,15,18,7,7,0,3,18,11,1,9,16,19,11,19,2,0,13,16,19,16,19,14,11,3,10,18,19,19,6,18,7,15,2,12,16,9,6,4,11,13,14,19,6,11,5,10,3,10,0,0,10,9,19,18,17,6,12,6,3,11,2,9,9,5,13,19,8,7,6,6,3,10,11,19,5,8,15,15,18,1,5,1,0,1,10,10,11,3,5,10,15,10,7,2,0,0,10,5,9,16,3,19,11,10,5,3,0,7,19,18,1,4,12,9,15,18,7,7,0,3,18,11,1,9,16,19,11,19,2,0,0,0,0",-0.52850235,0.302556,3.0,0.042891476,60.145206,0.045156848,1.0,0.045156848,0.31226972,0.012249829,0.0,0.0,0.042891476,0.001784244,0.86239004,0.31226972,5.1125765,1.2854655,60.145206,-0.52850235,3.8729322,195.05357,0.012039053,0.040626105,1.0,195.05357,0.25929138,0.13760993,5.1125765,0.001784244,0.012460605,0.302556,0.0,1.2854655,3.8729322,0.012039053,0.52850235,0.0,0.012460605,0.52850235,0.5865233,0.040626105,1.0,0.012249829,lookahead,beam_orig1_bm2-s0to100br3-s100to200br2
/work/T-REX/external/Proteina-Complexa/inference/search_binder_local_pipeline_32_PDL1_ALPHA_REPACK_v7_r003_cand_v7r003_hyp_0003_01_002_a33ac9851a300/job_0_n_233_id_26_beam_orig2_bm1-s0to100br2-s100to200br2/job_0_n_233_id_26_beam_orig2_bm1-s0to100br2-s100to200br2.pdb,106,"2,0,13,16,19,16,19,14,11,3,10,18,19,19,6,18,7,15,2,12,16,9,6,4,11,13,14,19,6,11,5,10,3,10,0,0,10,9,19,18,17,6,12,6,3,11,2,9,9,5,13,19,8,7,6,6,3,10,11,19,5,8,15,15,18,1,5,1,0,1,10,10,11,3,5,10,15,10,7,2,0,0,10,5,9,16,3,19,11,10,5,3,0,7,19,18,1,4,12,9,15,18,7,7,0,3,18,11,1,9,16,19,11,19,2,0,2,0,13,16,19,16,19,14,11,3,10,18,19,19,6,18,7,15,2,12,16,9,6,4,11,13,14,19,6,11,5,10,3,10,0,0,10,9,19,18,17,6,12,6,3,11,2,9,9,5,13,19,8,7,6,6,3,10,11,19,5,8,15,15,18,1,5,1,0,1,10,10,11,3,5,10,15,10,7,2,0,0,10,5,9,16,3,19,11,10,5,3,0,7,19,18,1,4,12,9,15,18,7,7,0,3,18,11,1,9,16,19,11,19,2,0,14",-0.52637184,0.29706302,3.0,0.0479045,79.004944,0.050820407,1.0,0.050820407,0.31203452,0.012473477,0.0,0.0,0.0479045,0.0029004477,0.85835373,0.31203452,2.6486435,1.2942125,79.004944,-0.52637184,3.9005845,211.49138,0.012389881,0.04498859,1.0,211.49138,0.26407892,0.14164627,2.6486435,0.0029004477,0.012557074,0.29706302,0.0,1.2942125,3.9005845,0.012389881,0.52637184,0.0,0.012557074,0.52637184,0.5878943,0.04498859,1.0,0.012473477,lookahead,beam_orig2_bm1-s0to100br2-s100to200br2
/work/T-REX/external/Proteina-Complexa/inference/search_binder_local_pipeline_32_PDL1_ALPHA_REPACK_v7_r003_cand_v7r003_hyp_0003_01_002_a33ac9851a300/job_0_n_180_id_26_beam_orig3_bm2-s0to100br2-s100to200br2/job_0_n_180_id_26_beam_orig3_bm2-s0to100br2-s100to200br2.pdb,107,"2,0,13,16,19,16,19,14,11,3,10,18,19,19,6,18,7,15,2,12,16,9,6,4,11,13,14,19,6,11,5,10,3,10,0,0,10,9,19,18,17,6,12,6,3,11,2,9,9,5,13,19,8,7,6,6,3,10,11,19,5,8,15,15,18,1,5,1,0,1,10,10,11,3,5,10,15,10,7,2,0,0,10,5,9,16,3,19,11,10,5,3,0,7,19,18,1,4,12,9,15,18,7,7,0,3,18,11,1,9,16,19,11,19,2,0,15,0,2,2,10,2,10,0,10,6,11,6,11,6,0,11,6,6,6,11,0,7,2,10,0,6,0,19,15,11,18,11,6,0,0,11,10,18,12,6,9,7,2,13,3,6,0,7,11,0,10,3,1,0,11,6,10,6,6,11,9,0,6,0,0,0,0,0,0,0,0,0,0,0,0,0,0,0,0,0,0,0,0,0,0,0,0,0,0,0,0,0,0,0,0,0,0,0,0,0,0,0,0,0,0,0,0,0,0,0,0,0,0,0,0,0,0",-0.16809374,0.05088288,3.0,0.55105746,48.597874,0.65370053,1.0,0.65370053,0.13713264,0.55105746,0.0,0.0,0.55105746,0.01187611,0.9358628,0.13713264,3.2065022,1.299305,48.597874,-0.16809374,1.9088912,145.10506,0.44841444,0.44841444,1.0,145.10506,0.8061689,0.06413725,3.2065022,0.01187611,0.65370053,0.05088288,0.0,1.299305,1.9088912,0.44841444,0.16809374,0.0,0.65370053,0.16809374,0.8683575,0.44841444,1.0,0.55105746,lookahead,beam_orig3_bm2-s0to100br2-s100to200br2
/work/T-REX/external/Proteina-Complexa/inference/search_binder_local_pipeline_32_PDL1_ALPHA_REPACK_v7_r003_cand_v7r003_hyp_0003_01_002_a33ac9851a300/job_0_n_176_id_27_beam_orig0_bm3-s0to100br3-s100to200br3/job_0_n_176_id_27_beam_orig0_bm3-s0to100br3-s100to200br3.pdb,108,"2,0,13,16,19,16,19,14,11,3,10,18,19,19,6,18,7,15,2,12,16,9,6,4,11,13,14,19,6,11,5,10,3,10,0,0,10,9,19,18,17,6,12,6,3,11,2,9,9,5,13,19,8,7,6,6,3,10,11,19,5,8,15,15,18,1,5,1,0,1,10,10,11,3,5,10,15,10,7,2,0,0,10,5,9,16,3,19,11,10,5,3,0,7,19,18,1,4,12,9,15,18,7,7,0,3,18,11,1,9,16,19,11,19,2,0,15,19,19,16,6,10,0,6,0,10,5,15,3,3,6,3,19,19,5,2,0,0,6,0,10,12,11,9,3,15,6,6,0,11,11,0,9,15,3,0,19,11,16,0,15,0,6,11,1,6,19,9,13,11,0,12,5,11,19,11,0,0,0,0,0,0,0,0,0,0,0,0,0,0,0,0,0,0,0,0,0,0,0,0,0,0,0,0,0,0,0,0,0,0,0,0,0,0,0,0,0,0,0,0,0,0,0,0,0,0,0,0,0,0,0,0,0",-0.31115624,0.14977185,3.0,0.17039284,27.18744,0.20307383,1.0,0.20307383,0.23222476,0.16346651,0.0,0.0,0.17039284,0.002344379,0.8596322,0.23222476,1.5610687,1.5874788,27.18744,-0.31115624,2.815486,175.55818,0.1363192,0.13771184,1.0,175.55818,0.57788277,0.14036779,1.5610687,0.002344379,0.19061384,0.14977185,0.0,1.5874788,2.815486,0.1363192,0.31115624,0.0,0.19061384,0.31115624,0.77873135,0.13771184,1.0,0.16346651,lookahead,beam_orig0_bm3-s0to100br3-s100to200br3
/work/T-REX/external/Proteina-Complexa/inference/search_binder_local_pipeline_32_PDL1_ALPHA_REPACK_v7_r003_cand_v7r003_hyp_0003_01_002_a33ac9851a300/job_0_n_229_id_27_beam_orig1_bm2-s0to100br3-s100to200br3/job_0_n_229_id_27_beam_orig1_bm2-s0to100br3-s100to200br3.pdb,109,"2,0,13,16,19,16,19,14,11,3,10,18,19,19,6,18,7,15,2,12,16,9,6,4,11,13,14,19,6,11,5,10,3,10,0,0,10,9,19,18,17,6,12,6,3,11,2,9,9,5,13,19,8,7,6,6,3,10,11,19,5,8,15,15,18,1,5,1,0,1,10,10,11,3,5,10,15,10,7,2,0,0,10,5,9,16,3,19,11,10,5,3,0,7,19,18,1,4,12,9,15,18,7,7,0,3,18,11,1,9,16,19,11,19,2,0,13,16,19,16,19,14,11,3,10,18,19,19,6,18,7,15,2,12,16,9,6,4,11,13,14,19,6,11,5,10,3,10,0,0,10,9,19,18,17,6,12,6,3,11,2,9,9,5,13,19,8,7,6,6,3,10,11,19,5,8,15,15,18,1,5,1,0,1,10,10,11,3,5,10,15,10,7,2,0,0,10,5,9,16,3,19,11,10,5,3,0,7,19,18,1,4,12,9,15,18,7,7,0,3,18,11,1,9,16,19,11,19,2,0,0,0,0",-0.5200268,0.29761207,3.0,0.04774207,57.918324,0.049256895,1.0,0.049256895,0.30839512,0.012388745,0.0,0.0,0.04774207,0.0017791828,0.86221,0.30839512,4.9092355,1.2919691,57.918324,-0.5200268,3.850796,199.93883,0.011958885,0.04622724,1.0,199.93883,0.2678818,0.13779004,4.9092355,0.0017791828,0.012818606,0.29761207,0.0,1.2919691,3.850796,0.011958885,0.5200268,0.0,0.012818606,0.5200268,0.5907865,0.04622724,1.0,0.012388745,lookahead,beam_orig1_bm2-s0to100br3-s100to200br3
/work/T-REX/external/Proteina-Complexa/inference/search_binder_local_pipeline_32_PDL1_ALPHA_REPACK_v7_r003_cand_v7r003_hyp_0003_01_002_a33ac9851a300/job_0_n_233_id_27_beam_orig2_bm1-s0to100br2-s100to200br3/job_0_n_233_id_27_beam_orig2_bm1-s0to100br2-s100to200br3.pdb,110,"2,0,13,16,19,16,19,14,11,3,10,18,19,19,6,18,7,15,2,12,16,9,6,4,11,13,14,19,6,11,5,10,3,10,0,0,10,9,19,18,17,6,12,6,3,11,2,9,9,5,13,19,8,7,6,6,3,10,11,19,5,8,15,15,18,1,5,1,0,1,10,10,11,3,5,10,15,10,7,2,0,0,10,5,9,16,3,19,11,10,5,3,0,7,19,18,1,4,12,9,15,18,7,7,0,3,18,11,1,9,16,19,11,19,2,0,2,0,13,16,19,16,19,14,11,3,10,18,19,19,6,18,7,15,2,12,16,9,6,4,11,13,14,19,6,11,5,10,3,10,0,0,10,9,19,18,17,6,12,6,3,11,2,9,9,5,13,19,8,7,6,6,3,10,11,19,5,8,15,15,18,1,5,1,0,1,10,10,11,3,5,10,15,10,7,2,0,0,10,5,9,16,3,19,11,10,5,3,0,7,19,18,1,4,12,9,15,18,7,7,0,3,18,11,1,9,16,19,11,19,2,0,14",-0.5281376,0.29830262,3.0,0.047098566,83.62824,0.049724646,1.0,0.049724646,0.3131266,0.012252718,0.0,0.0,0.047098566,0.0028554718,0.8574724,0.3131266,2.7074425,1.3009969,83.62824,-0.5281376,3.905869,214.43599,0.011907672,0.044472486,1.0,214.43599,0.2618739,0.1425276,2.7074425,0.0028554718,0.012597764,0.29830262,0.0,1.3009969,3.905869,0.011907672,0.5281376,0.0,0.012597764,0.5281376,0.5861181,0.044472486,1.0,0.012252718,lookahead,beam_orig2_bm1-s0to100br2-s100to200br3
/work/T-REX/external/Proteina-Complexa/inference/search_binder_local_pipeline_32_PDL1_ALPHA_REPACK_v7_r003_cand_v7r003_hyp_0003_01_002_a33ac9851a300/job_0_n_180_id_27_beam_orig3_bm2-s0to100br2-s100to200br3/job_0_n_180_id_27_beam_orig3_bm2-s0to100br2-s100to200br3.pdb,111,"2,0,13,16,19,16,19,14,11,3,10,18,19,19,6,18,7,15,2,12,16,9,6,4,11,13,14,19,6,11,5,10,3,10,0,0,10,9,19,18,17,6,12,6,3,11,2,9,9,5,13,19,8,7,6,6,3,10,11,19,5,8,15,15,18,1,5,1,0,1,10,10,11,3,5,10,15,10,7,2,0,0,10,5,9,16,3,19,11,10,5,3,0,7,19,18,1,4,12,9,15,18,7,7,0,3,18,11,1,9,16,19,11,19,2,0,15,6,10,10,2,2,10,0,10,15,18,19,6,1,0,11,10,1,6,11,10,7,2,10,6,7,0,19,11,3,18,6,6,0,0,11,9,8,12,1,10,7,2,13,3,6,0,7,11,3,10,3,11,0,11,6,10,1,6,11,10,6,6,11,0,0,0,0,0,0,0,0,0,0,0,0,0,0,0,0,0,0,0,0,0,0,0,0,0,0,0,0,0,0,0,0,0,0,0,0,0,0,0,0,0,0,0,0,0,0,0,0,0,0,0,0,0",-0.19707413,0.060634743,3.0,0.43550962,46.865067,0.52890223,1.0,0.52890223,0.15548651,0.43550962,0.0,0.0,0.43550962,0.0059968475,0.9267773,0.15548651,2.8615427,1.3558451,46.865067,-0.19707413,2.2780252,147.5483,0.342117,0.342117,1.0,147.5483,0.7442568,0.07322268,2.8615427,0.0059968475,0.52890223,0.060634743,0.0,1.3558451,2.2780252,0.342117,0.19707413,0.0,0.52890223,0.19707413,0.8451235,0.342117,1.0,0.43550962,lookahead,beam_orig3_bm2-s0to100br2-s100to200br3
/work/T-REX/external/Proteina-Complexa/inference/search_binder_local_pipeline_32_PDL1_ALPHA_REPACK_v7_r003_cand_v7r003_hyp_0003_01_002_a33ac9851a300/job_0_n_176_id_28_beam_orig0_bm0-s0to100br1-s100to200br0/job_0_n_176_id_28_beam_orig0_bm0-s0to100br1-s100to200br0.pdb,112,"2,0,13,16,19,16,19,14,11,3,10,18,19,19,6,18,7,15,2,12,16,9,6,4,11,13,14,19,6,11,5,10,3,10,0,0,10,9,19,18,17,6,12,6,3,11,2,9,9,5,13,19,8,7,6,6,3,10,11,19,5,8,15,15,18,1,5,1,0,1,10,10,11,3,5,10,15,10,7,2,0,0,10,5,9,16,3,19,11,10,5,3,0,7,19,18,1,4,12,9,15,18,7,7,0,3,18,11,1,9,16,19,11,19,2,0,0,10,10,3,9,0,2,11,6,0,5,5,10,9,11,6,0,2,10,1,5,3,19,10,7,11,19,1,3,13,9,10,0,6,10,6,11,2,3,7,6,10,16,14,5,9,1,5,3,0,10,11,13,0,11,9,10,6,11,7,0,0,0,0,0,0,0,0,0,0,0,0,0,0,0,0,0,0,0,0,0,0,0,0,0,0,0,0,0,0,0,0,0,0,0,0,0,0,0,0,0,0,0,0,0,0,0,0,0,0,0,0,0,0,0,0,0",-0.3384457,0.18034603,3.0,0.1344615,42.784832,0.16586941,1.0,0.16586941,0.2533255,0.10928301,0.0,0.0,0.1344615,0.0025506348,0.8435547,0.2533255,3.9570801,1.6142895,42.784832,-0.3384457,3.0700965,193.52791,0.08577727,0.10305361,1.0,193.52791,0.47062543,0.15644532,3.9570801,0.0025506348,0.13278875,0.18034603,0.0,1.6142895,3.0700965,0.08577727,0.3384457,0.0,0.13278875,0.3384457,0.75485283,0.10305361,1.0,0.10928301,lookahead,beam_orig0_bm0-s0to100br1-s100to200br0
/work/T-REX/external/Proteina-Complexa/inference/search_binder_local_pipeline_32_PDL1_ALPHA_REPACK_v7_r003_cand_v7r003_hyp_0003_01_002_a33ac9851a300/job_0_n_229_id_28_beam_orig1_bm1-s0to100br0-s100to200br0/job_0_n_229_id_28_beam_orig1_bm1-s0to100br0-s100to200br0.pdb,113,"2,0,13,16,19,16,19,14,11,3,10,18,19,19,6,18,7,15,2,12,16,9,6,4,11,13,14,19,6,11,5,10,3,10,0,0,10,9,19,18,17,6,12,6,3,11,2,9,9,5,13,19,8,7,6,6,3,10,11,19,5,8,15,15,18,1,5,1,0,1,10,10,11,3,5,10,15,10,7,2,0,0,10,5,9,16,3,19,11,10,5,3,0,7,19,18,1,4,12,9,15,18,7,7,0,3,18,11,1,9,16,19,11,19,2,0,13,16,19,16,19,14,11,3,10,18,19,19,6,18,7,15,2,12,16,9,6,4,11,13,14,19,6,11,5,10,3,10,0,0,10,9,19,18,17,6,12,6,3,11,2,9,9,5,13,19,8,7,6,6,3,10,11,19,5,8,15,15,18,1,5,1,0,1,10,10,11,3,5,10,15,10,7,2,0,0,10,5,9,16,3,19,11,10,5,3,0,7,19,18,1,4,12,9,15,18,7,7,0,3,18,11,1,9,16,19,11,19,2,0,0,0,0",-0.52234983,0.29456723,3.0,0.043049023,47.526306,0.044223744,1.0,0.044223744,0.3087747,0.012821832,0.0,0.0,0.043049023,0.0017277382,0.8622667,0.3087747,1.9721818,1.2759899,47.526306,-0.52234983,3.8560147,198.98409,0.012447555,0.0418743,1.0,198.98409,0.25950265,0.13773328,1.9721818,0.0017277382,0.013196109,0.29456723,0.0,1.2759899,3.8560147,0.012447555,0.52234983,0.0,0.013196109,0.52234983,0.5868648,0.0418743,1.0,0.012821832,lookahead,beam_orig1_bm1-s0to100br0-s100to200br0
/work/T-REX/external/Proteina-Complexa/inference/search_binder_local_pipeline_32_PDL1_ALPHA_REPACK_v7_r003_cand_v7r003_hyp_0003_01_002_a33ac9851a300/job_0_n_233_id_28_beam_orig2_bm2-s0to100br0-s100to200br0/job_0_n_233_id_28_beam_orig2_bm2-s0to100br0-s100to200br0.pdb,114,"2,0,13,16,19,16,19,14,11,3,10,18,19,19,6,18,7,15,2,12,16,9,6,4,11,13,14,19,6,11,5,10,3,10,0,0,10,9,19,18,17,6,12,6,3,11,2,9,9,5,13,19,8,7,6,6,3,10,11,19,5,8,15,15,18,1,5,1,0,1,10,10,11,3,5,10,15,10,7,2,0,0,10,5,9,16,3,19,11,10,5,3,0,7,19,18,1,4,12,9,15,18,7,7,0,3,18,11,1,9,16,19,11,19,2,0,0,2,0,13,16,19,16,19,14,11,3,10,18,19,19,6,18,7,15,2,12,16,9,6,4,11,13,14,19,6,11,5,10,3,10,0,0,10,9,19,18,17,6,12,6,3,11,2,9,9,5,13,19,8,7,6,6,3,10,11,19,5,8,15,15,18,1,5,1,0,1,10,10,11,3,5,10,15,10,7,2,0,0,10,5,9,16,3,19,11,10,5,3,0,7,19,18,1,4,12,9,15,18,7,7,0,3,18,11,1,9,16,19,11,19,2,0",-0.53244096,0.29886293,3.0,0.043011863,79.22354,0.046702534,1.0,0.046702534,0.31627527,0.012199373,0.0,0.0,0.043011863,0.0058107977,0.855691,0.31627527,3.1012235,1.3010249,79.22354,-0.53244096,3.8955867,215.35406,0.011961136,0.03932119,1.0,215.35406,0.25967062,0.14430898,3.1012235,0.0058107977,0.01243761,0.29886293,0.0,1.3010249,3.8955867,0.011961136,0.53244096,0.0,0.01243761,0.53244096,0.5838921,0.03932119,1.0,0.012199373,lookahead,beam_orig2_bm2-s0to100br0-s100to200br0
/work/T-REX/external/Proteina-Complexa/inference/search_binder_local_pipeline_32_PDL1_ALPHA_REPACK_v7_r003_cand_v7r003_hyp_0003_01_002_a33ac9851a300/job_0_n_180_id_28_beam_orig3_bm3-s0to100br2-s100to200br0/job_0_n_180_id_28_beam_orig3_bm3-s0to100br2-s100to200br0.pdb,115,"2,0,13,16,19,16,19,14,11,3,10,18,19,19,6,18,7,15,2,12,16,9,6,4,11,13,14,19,6,11,5,10,3,10,0,0,10,9,19,18,17,6,12,6,3,11,2,9,9,5,13,19,8,7,6,6,3,10,11,19,5,8,15,15,18,1,5,1,0,1,10,10,11,3,5,10,15,10,7,2,0,0,10,5,9,16,3,19,11,10,5,3,0,7,19,18,1,4,12,9,15,18,7,7,0,3,18,11,1,9,16,19,11,19,2,0,15,6,19,6,6,10,9,11,0,10,5,15,6,3,5,2,19,1,1,18,0,0,13,2,10,7,2,9,7,3,6,1,0,19,6,0,10,11,11,0,10,11,3,6,3,11,11,19,1,3,18,0,5,18,0,10,3,11,9,6,1,2,11,11,0,0,0,0,0,0,0,0,0,0,0,0,0,0,0,0,0,0,0,0,0,0,0,0,0,0,0,0,0,0,0,0,0,0,0,0,0,0,0,0,0,0,0,0,0,0,0,0,0,0,0,0,0",-0.5263747,0.33761796,3.0,0.026641238,127.8097,0.03310677,1.0,0.03310677,0.37043437,0.0070323045,0.0,0.0,0.026641238,0.006362656,0.7953296,0.37043437,10.024012,1.5307012,127.8097,-0.5263747,3.6393542,286.27637,0.0,0.020175705,1.0,286.27637,0.25946584,0.20467044,10.024012,0.006362656,0.014064609,0.33761796,0.0,1.5307012,3.6393542,0.0,0.5263747,0.0,0.014064609,0.5263747,0.66498107,0.020175705,1.0,0.0070323045,lookahead,beam_orig3_bm3-s0to100br2-s100to200br0
/work/T-REX/external/Proteina-Complexa/inference/search_binder_local_pipeline_32_PDL1_ALPHA_REPACK_v7_r003_cand_v7r003_hyp_0003_01_002_a33ac9851a300/job_0_n_176_id_29_beam_orig0_bm0-s0to100br1-s100to200br1/job_0_n_176_id_29_beam_orig0_bm0-s0to100br1-s100to200br1.pdb,116,"2,0,13,16,19,16,19,14,11,3,10,18,19,19,6,18,7,15,2,12,16,9,6,4,11,13,14,19,6,11,5,10,3,10,0,0,10,9,19,18,17,6,12,6,3,11,2,9,9,5,13,19,8,7,6,6,3,10,11,19,5,8,15,15,18,1,5,1,0,1,10,10,11,3,5,10,15,10,7,2,0,0,10,5,9,16,3,19,11,10,5,3,0,7,19,18,1,4,12,9,15,18,7,7,0,3,18,11,1,9,16,19,11,19,2,0,0,15,10,3,10,0,6,11,6,16,5,6,10,0,1,6,13,2,10,2,6,5,5,16,0,5,10,1,8,13,9,5,15,6,10,5,1,2,2,7,6,10,16,14,6,9,1,6,3,9,19,11,18,0,11,9,10,15,15,15,0,0,0,0,0,0,0,0,0,0,0,0,0,0,0,0,0,0,0,0,0,0,0,0,0,0,0,0,0,0,0,0,0,0,0,0,0,0,0,0,0,0,0,0,0,0,0,0,0,0,0,0,0,0,0,0,0",-0.48196763,0.23948263,3.0,0.043367296,77.784836,0.04675883,1.0,0.04675883,0.35322404,0.0148749035,0.0,0.0,0.043367296,0.0104158325,0.7717319,0.35322404,6.5780935,1.7232946,77.784836,-0.48196763,3.3963554,215.9673,0.014519995,0.03997576,1.0,215.9673,0.3047883,0.2282681,6.5780935,0.0104158325,0.015229811,0.23948263,0.0,1.7232946,3.3963554,0.014519995,0.48196763,0.0,0.015229811,0.48196763,0.69251025,0.03997576,1.0,0.0148749035,lookahead,beam_orig0_bm0-s0to100br1-s100to200br1
/work/T-REX/external/Proteina-Complexa/inference/search_binder_local_pipeline_32_PDL1_ALPHA_REPACK_v7_r003_cand_v7r003_hyp_0003_01_002_a33ac9851a300/job_0_n_229_id_29_beam_orig1_bm1-s0to100br0-s100to200br1/job_0_n_229_id_29_beam_orig1_bm1-s0to100br0-s100to200br1.pdb,117,"2,0,13,16,19,16,19,14,11,3,10,18,19,19,6,18,7,15,2,12,16,9,6,4,11,13,14,19,6,11,5,10,3,10,0,0,10,9,19,18,17,6,12,6,3,11,2,9,9,5,13,19,8,7,6,6,3,10,11,19,5,8,15,15,18,1,5,1,0,1,10,10,11,3,5,10,15,10,7,2,0,0,10,5,9,16,3,19,11,10,5,3,0,7,19,18,1,4,12,9,15,18,7,7,0,3,18,11,1,9,16,19,11,19,2,0,13,16,19,16,19,14,11,3,10,18,19,19,6,18,7,15,2,12,16,9,6,4,11,13,14,19,6,11,5,10,3,10,0,0,10,9,19,18,17,6,12,6,3,11,2,9,9,5,13,19,8,7,6,6,3,10,11,19,5,8,15,15,18,1,5,1,0,1,10,10,11,3,5,10,15,10,7,2,0,0,10,5,9,16,3,19,11,10,5,3,0,7,19,18,1,4,12,9,15,18,7,7,0,3,18,11,1,9,16,19,11,19,2,0,0,0,0",-0.5263402,0.30099696,3.0,0.043963306,65.77911,0.04573942,1.0,0.04573942,0.31139752,0.012122437,0.0,0.0,0.043963306,0.0017719727,0.8617217,0.31139752,3.1036868,1.2866734,65.77911,-0.5263402,3.873256,213.73558,0.011950582,0.042187195,1.0,213.73558,0.26129982,0.1382783,3.1036868,0.0017719727,0.012294292,0.30099696,0.0,1.2866734,3.873256,0.011950582,0.5263402,0.0,0.012294292,0.5263402,0.5878032,0.042187195,1.0,0.012122437,lookahead,beam_orig1_bm1-s0to100br0-s100to200br1
/work/T-REX/external/Proteina-Complexa/inference/search_binder_local_pipeline_32_PDL1_ALPHA_REPACK_v7_r003_cand_v7r003_hyp_0003_01_002_a33ac9851a300/job_0_n_233_id_29_beam_orig2_bm2-s0to100br0-s100to200br1/job_0_n_233_id_29_beam_orig2_bm2-s0to100br0-s100to200br1.pdb,118,"2,0,13,16,19,16,19,14,11,3,10,18,19,19,6,18,7,15,2,12,16,9,6,4,11,13,14,19,6,11,5,10,3,10,0,0,10,9,19,18,17,6,12,6,3,11,2,9,9,5,13,19,8,7,6,6,3,10,11,19,5,8,15,15,18,1,5,1,0,1,10,10,11,3,5,10,15,10,7,2,0,0,10,5,9,16,3,19,11,10,5,3,0,7,19,18,1,4,12,9,15,18,7,7,0,3,18,11,1,9,16,19,11,19,2,0,7,2,0,13,16,19,16,19,14,11,3,10,18,19,19,6,18,7,15,2,12,16,9,6,4,11,13,14,19,6,11,5,10,3,10,0,0,10,9,19,18,17,6,12,6,3,11,2,9,9,5,13,19,8,7,6,6,3,10,11,19,5,8,15,15,18,1,5,1,0,1,10,10,11,3,5,10,15,10,7,2,0,0,10,5,9,16,3,19,11,10,5,3,0,7,19,18,1,4,12,9,15,18,7,7,0,3,18,11,1,9,16,19,11,19,2,0",-0.53022534,0.29898825,3.0,0.047259614,71.22461,0.05042214,1.0,0.05042214,0.3149925,0.012398532,0.0,0.0,0.047259614,0.0070268377,0.8563699,0.3149925,3.1729894,1.287025,71.22461,-0.53022534,3.8856068,209.56146,0.012243532,0.044097085,1.0,209.56146,0.26021826,0.14363007,3.1729894,0.0070268377,0.012553533,0.29898825,0.0,1.287025,3.8856068,0.012243532,0.53022534,0.0,0.012553533,0.53022534,0.5853513,0.044097085,1.0,0.012398532,lookahead,beam_orig2_bm2-s0to100br0-s100to200br1
/work/T-REX/external/Proteina-Complexa/inference/search_binder_local_pipeline_32_PDL1_ALPHA_REPACK_v7_r003_cand_v7r003_hyp_0003_01_002_a33ac9851a300/job_0_n_180_id_29_beam_orig3_bm3-s0to100br2-s100to200br1/job_0_n_180_id_29_beam_orig3_bm3-s0to100br2-s100to200br1.pdb,119,"2,0,13,16,19,16,19,14,11,3,10,18,19,19,6,18,7,15,2,12,16,9,6,4,11,13,14,19,6,11,5,10,3,10,0,0,10,9,19,18,17,6,12,6,3,11,2,9,9,5,13,19,8,7,6,6,3,10,11,19,5,8,15,15,18,1,5,1,0,1,10,10,11,3,5,10,15,10,7,2,0,0,10,5,9,16,3,19,11,10,5,3,0,7,19,18,1,4,12,9,15,18,7,7,0,3,18,11,1,9,16,19,11,19,2,0,2,6,19,6,5,10,9,11,3,10,6,15,3,3,5,2,9,1,1,18,0,0,13,2,10,7,12,9,7,3,6,1,0,19,6,0,10,11,11,0,10,11,3,6,3,6,11,19,1,3,18,0,5,18,0,10,3,11,9,6,1,2,11,11,0,0,0,0,0,0,0,0,0,0,0,0,0,0,0,0,0,0,0,0,0,0,0,0,0,0,0,0,0,0,0,0,0,0,0,0,0,0,0,0,0,0,0,0,0,0,0,0,0,0,0,0,0",-0.37507725,0.18751,3.0,0.11105118,29.047644,0.1295261,1.0,0.1295261,0.26881316,0.059730165,0.0,0.0,0.11105118,0.004313926,0.8604409,0.26881316,0.92681605,1.4561363,29.047644,-0.37507725,2.9769228,181.66925,0.058102947,0.092576265,1.0,181.66925,0.47870135,0.13955909,0.92681605,0.004313926,0.061357386,0.18751,0.0,1.4561363,2.9769228,0.058102947,0.37507725,0.0,0.061357386,0.37507725,0.7453693,0.092576265,1.0,0.059730165,lookahead,beam_orig3_bm3-s0to100br2-s100to200br1
/work/T-REX/external/Proteina-Complexa/inference/search_binder_local_pipeline_32_PDL1_ALPHA_REPACK_v7_r003_cand_v7r003_hyp_0003_01_002_a33ac9851a300/job_0_n_176_id_30_beam_orig0_bm0-s0to100br1-s100to200br2/job_0_n_176_id_30_beam_orig0_bm0-s0to100br1-s100to200br2.pdb,120,"2,0,13,16,19,16,19,14,11,3,10,18,19,19,6,18,7,15,2,12,16,9,6,4,11,13,14,19,6,11,5,10,3,10,0,0,10,9,19,18,17,6,12,6,3,11,2,9,9,5,13,19,8,7,6,6,3,10,11,19,5,8,15,15,18,1,5,1,0,1,10,10,11,3,5,10,15,10,7,2,0,0,10,5,9,16,3,19,11,10,5,3,0,7,19,18,1,4,12,9,15,18,7,7,0,3,18,11,1,9,16,19,11,19,2,0,0,15,6,3,10,0,2,11,9,0,3,5,10,15,5,6,13,2,10,2,5,11,5,11,3,5,10,1,15,13,0,16,15,9,10,6,1,2,2,7,5,10,16,14,6,3,6,6,0,10,11,11,18,0,6,9,10,11,15,15,0,0,0,0,0,0,0,0,0,0,0,0,0,0,0,0,0,0,0,0,0,0,0,0,0,0,0,0,0,0,0,0,0,0,0,0,0,0,0,0,0,0,0,0,0,0,0,0,0,0,0,0,0,0,0,0,0",-0.18629701,0.06112216,3.0,0.4856466,44.255413,0.59941655,1.0,0.59941655,0.15161122,0.4856466,0.0,0.0,0.4856466,0.0040931804,0.9008277,0.15161122,2.4262636,1.5138708,44.255413,-0.18629701,2.2219794,176.22475,0.3718767,0.3718767,1.0,176.22475,0.75986737,0.09917231,2.4262636,0.0040931804,0.59941655,0.06112216,0.0,1.5138708,2.2219794,0.3718767,0.18629701,0.0,0.59941655,0.18629701,0.85757434,0.3718767,1.0,0.4856466,lookahead,beam_orig0_bm0-s0to100br1-s100to200br2
/work/T-REX/external/Proteina-Complexa/inference/search_binder_local_pipeline_32_PDL1_ALPHA_REPACK_v7_r003_cand_v7r003_hyp_0003_01_002_a33ac9851a300/job_0_n_229_id_30_beam_orig1_bm1-s0to100br0-s100to200br2/job_0_n_229_id_30_beam_orig1_bm1-s0to100br0-s100to200br2.pdb,121,"2,0,13,16,19,16,19,14,11,3,10,18,19,19,6,18,7,15,2,12,16,9,6,4,11,13,14,19,6,11,5,10,3,10,0,0,10,9,19,18,17,6,12,6,3,11,2,9,9,5,13,19,8,7,6,6,3,10,11,19,5,8,15,15,18,1,5,1,0,1,10,10,11,3,5,10,15,10,7,2,0,0,10,5,9,16,3,19,11,10,5,3,0,7,19,18,1,4,12,9,15,18,7,7,0,3,18,11,1,9,16,19,11,19,2,0,13,16,19,16,19,14,11,3,10,18,19,19,6,18,7,15,2,12,16,9,6,4,11,13,14,19,6,11,5,10,3,10,0,0,10,9,19,18,17,6,12,6,3,11,2,9,9,5,13,19,8,7,6,6,3,10,11,19,5,8,15,15,18,1,5,1,0,1,10,10,11,3,5,10,15,10,7,2,0,0,10,5,9,16,3,19,11,10,5,3,0,7,19,18,1,4,12,9,15,18,7,7,0,3,18,11,1,9,16,19,11,19,2,0,0,0,0",-0.52521795,0.29902637,3.0,0.044205494,54.450108,0.046661615,1.0,0.046661615,0.31055242,0.012225483,0.0,0.0,0.044205494,0.0017405105,0.8620442,0.31055242,2.8045874,1.282722,54.450108,-0.52521795,3.8689106,200.11275,0.011985142,0.041749373,1.0,200.11275,0.2601685,0.13795575,2.8045874,0.0017405105,0.0124658225,0.29902637,0.0,1.282722,3.8689106,0.011985142,0.52521795,0.0,0.0124658225,0.52521795,0.5868942,0.041749373,1.0,0.012225483,lookahead,beam_orig1_bm1-s0to100br0-s100to200br2
/work/T-REX/external/Proteina-Complexa/inference/search_binder_local_pipeline_32_PDL1_ALPHA_REPACK_v7_r003_cand_v7r003_hyp_0003_01_002_a33ac9851a300/job_0_n_233_id_30_beam_orig2_bm2-s0to100br0-s100to200br2/job_0_n_233_id_30_beam_orig2_bm2-s0to100br0-s100to200br2.pdb,122,"2,0,13,16,19,16,19,14,11,3,10,18,19,19,6,18,7,15,2,12,16,9,6,4,11,13,14,19,6,11,5,10,3,10,0,0,10,9,19,18,17,6,12,6,3,11,2,9,9,5,13,19,8,7,6,6,3,10,11,19,5,8,15,15,18,1,5,1,0,1,10,10,11,3,5,10,15,10,7,2,0,0,10,5,9,16,3,19,11,10,5,3,0,7,19,18,1,4,12,9,15,18,7,7,0,3,18,11,1,9,16,19,11,19,2,0,0,2,0,13,16,19,16,19,14,11,3,10,18,19,19,6,18,7,15,2,12,16,9,6,4,11,13,14,19,6,11,5,10,3,10,0,0,10,9,19,18,17,6,12,6,3,11,2,9,9,5,13,19,8,7,6,6,3,10,11,19,5,8,15,15,18,1,5,1,0,1,10,10,11,3,5,10,15,10,7,2,0,0,10,5,9,16,3,19,11,10,5,3,0,7,19,18,1,4,12,9,15,18,7,7,0,3,18,11,1,9,16,19,11,19,2,0",-0.52958417,0.29482865,3.0,0.04605277,73.99807,0.04966919,1.0,0.04966919,0.31444293,0.012255682,0.0,0.0,0.04605277,0.0057418286,0.8561883,0.31444293,3.330706,1.2947391,73.99807,-0.52958417,3.89255,211.87321,0.012142861,0.042436343,1.0,211.87321,0.25932452,0.14381172,3.330706,0.0057418286,0.012368501,0.29482865,0.0,1.2947391,3.89255,0.012142861,0.52958417,0.0,0.012368501,0.52958417,0.58443505,0.042436343,1.0,0.012255682,lookahead,beam_orig2_bm2-s0to100br0-s100to200br2
/work/T-REX/external/Proteina-Complexa/inference/search_binder_local_pipeline_32_PDL1_ALPHA_REPACK_v7_r003_cand_v7r003_hyp_0003_01_002_a33ac9851a300/job_0_n_180_id_30_beam_orig3_bm3-s0to100br2-s100to200br2/job_0_n_180_id_30_beam_orig3_bm3-s0to100br2-s100to200br2.pdb,123,"2,0,13,16,19,16,19,14,11,3,10,18,19,19,6,18,7,15,2,12,16,9,6,4,11,13,14,19,6,11,5,10,3,10,0,0,10,9,19,18,17,6,12,6,3,11,2,9,9,5,13,19,8,7,6,6,3,10,11,19,5,8,15,15,18,1,5,1,0,1,10,10,11,3,5,10,15,10,7,2,0,0,10,5,9,16,3,19,11,10,5,3,0,7,19,18,1,4,12,9,15,18,7,7,0,3,18,11,1,9,16,19,11,19,2,0,15,6,19,6,6,10,9,11,7,10,6,15,3,3,5,2,9,1,1,3,0,0,13,11,10,7,12,9,7,3,6,1,0,19,6,0,10,11,11,0,10,11,3,6,3,6,11,19,1,3,18,0,0,18,0,10,11,11,9,6,1,2,11,11,0,0,0,0,0,0,0,0,0,0,0,0,0,0,0,0,0,0,0,0,0,0,0,0,0,0,0,0,0,0,0,0,0,0,0,0,0,0,0,0,0,0,0,0,0,0,0,0,0,0,0,0,0",-0.23221616,0.100581504,3.0,0.3009821,30.698639,0.3544516,1.0,0.3544516,0.17637151,0.30090898,0.0,0.0,0.3009821,0.0053704847,0.9027326,0.17637151,1.2686408,1.417428,30.698639,-0.23221616,2.4113407,169.7764,0.24751258,0.24751258,1.0,169.7764,0.6835355,0.0972674,1.2686408,0.0053704847,0.35430536,0.100581504,0.0,1.417428,2.4113407,0.24751258,0.23221616,0.0,0.35430536,0.23221616,0.82461923,0.24751258,1.0,0.30090898,lookahead,beam_orig3_bm3-s0to100br2-s100to200br2
/work/T-REX/external/Proteina-Complexa/inference/search_binder_local_pipeline_32_PDL1_ALPHA_REPACK_v7_r003_cand_v7r003_hyp_0003_01_002_a33ac9851a300/job_0_n_176_id_31_beam_orig0_bm0-s0to100br1-s100to200br3/job_0_n_176_id_31_beam_orig0_bm0-s0to100br1-s100to200br3.pdb,124,"2,0,13,16,19,16,19,14,11,3,10,18,19,19,6,18,7,15,2,12,16,9,6,4,11,13,14,19,6,11,5,10,3,10,0,0,10,9,19,18,17,6,12,6,3,11,2,9,9,5,13,19,8,7,6,6,3,10,11,19,5,8,15,15,18,1,5,1,0,1,10,10,11,3,5,10,15,10,7,2,0,0,10,5,9,16,3,19,11,10,5,3,0,7,19,18,1,4,12,9,15,18,7,7,0,3,18,11,1,9,16,19,11,19,2,0,12,10,15,19,6,0,9,11,13,0,6,2,10,19,11,6,2,11,10,11,5,6,19,9,3,19,9,0,6,5,18,6,11,10,1,10,6,2,11,7,16,19,16,3,6,3,9,5,3,9,19,11,10,0,11,12,1,6,0,19,0,0,0,0,0,0,0,0,0,0,0,0,0,0,0,0,0,0,0,0,0,0,0,0,0,0,0,0,0,0,0,0,0,0,0,0,0,0,0,0,0,0,0,0,0,0,0,0,0,0,0,0,0,0,0,0,0",-0.20476432,0.06339664,3.0,0.46661222,48.464157,0.55051845,1.0,0.55051845,0.17266594,0.46661222,0.0,0.0,0.46661222,0.012436341,0.87895066,0.17266594,3.9793015,1.7557417,48.464157,-0.20476432,2.2794607,208.08292,0.38270596,0.38270596,1.0,208.08292,0.7545283,0.121049345,3.9793015,0.012436341,0.55051845,0.06339664,0.0,1.7557417,2.2794607,0.38270596,0.20476432,0.0,0.55051845,0.20476432,0.846966,0.38270596,1.0,0.46661222,lookahead,beam_orig0_bm0-s0to100br1-s100to200br3
/work/T-REX/external/Proteina-Complexa/inference/search_binder_local_pipeline_32_PDL1_ALPHA_REPACK_v7_r003_cand_v7r003_hyp_0003_01_002_a33ac9851a300/job_0_n_229_id_31_beam_orig1_bm1-s0to100br0-s100to200br3/job_0_n_229_id_31_beam_orig1_bm1-s0to100br0-s100to200br3.pdb,125,"2,0,13,16,19,16,19,14,11,3,10,18,19,19,6,18,7,15,2,12,16,9,6,4,11,13,14,19,6,11,5,10,3,10,0,0,10,9,19,18,17,6,12,6,3,11,2,9,9,5,13,19,8,7,6,6,3,10,11,19,5,8,15,15,18,1,5,1,0,1,10,10,11,3,5,10,15,10,7,2,0,0,10,5,9,16,3,19,11,10,5,3,0,7,19,18,1,4,12,9,15,18,7,7,0,3,18,11,1,9,16,19,11,19,2,0,13,16,19,16,19,14,11,3,10,18,19,19,6,18,7,15,2,12,16,9,6,4,11,13,14,19,6,11,5,10,3,10,0,0,10,9,19,18,17,6,12,6,3,11,2,9,9,5,13,19,8,7,6,6,3,10,11,19,5,8,15,15,18,1,5,1,0,1,10,10,11,3,5,10,15,10,7,2,0,0,10,5,9,16,3,19,11,10,5,3,0,7,19,18,1,4,12,9,15,18,7,7,0,3,18,11,1,9,16,19,11,19,2,0,0,0,0",-0.52609295,0.29760045,3.0,0.043747842,71.36375,0.04578277,1.0,0.04578277,0.31111267,0.012304969,0.0,0.0,0.043747842,0.0017738653,0.86168355,0.31111267,3.1638713,1.2830724,71.36375,-0.52609295,3.8723977,209.47968,0.011983361,0.04171291,1.0,209.47968,0.2590567,0.13831644,3.1638713,0.0017738653,0.012626578,0.29760045,0.0,1.2830724,3.8723977,0.011983361,0.52609295,0.0,0.012626578,0.52609295,0.58655524,0.04171291,1.0,0.012304969,lookahead,beam_orig1_bm1-s0to100br0-s100to200br3
/work/T-REX/external/Proteina-Complexa/inference/search_binder_local_pipeline_32_PDL1_ALPHA_REPACK_v7_r003_cand_v7r003_hyp_0003_01_002_a33ac9851a300/job_0_n_233_id_31_beam_orig2_bm2-s0to100br0-s100to200br3/job_0_n_233_id_31_beam_orig2_bm2-s0to100br0-s100to200br3.pdb,126,"2,0,13,16,19,16,19,14,11,3,10,18,19,19,6,18,7,15,2,12,16,9,6,4,11,13,14,19,6,11,5,10,3,10,0,0,10,9,19,18,17,6,12,6,3,11,2,9,9,5,13,19,8,7,6,6,3,10,11,19,5,8,15,15,18,1,5,1,0,1,10,10,11,3,5,10,15,10,7,2,0,0,10,5,9,16,3,19,11,10,5,3,0,7,19,18,1,4,12,9,15,18,7,7,0,3,18,11,1,9,16,19,11,19,2,0,7,2,0,13,16,19,16,19,14,11,3,10,18,19,19,6,18,7,15,2,12,16,9,6,4,11,13,14,19,6,11,5,10,3,10,0,0,10,9,19,18,17,6,12,6,3,11,2,9,9,5,13,19,8,7,6,6,3,10,11,19,5,8,15,15,18,1,5,1,0,1,10,10,11,3,5,10,15,10,7,2,0,0,10,5,9,16,3,19,11,10,5,3,0,7,19,18,1,4,12,9,15,18,7,7,0,3,18,11,1,9,16,19,11,19,2,0",-0.52401,0.29444507,3.0,0.049425848,72.973335,0.052609682,1.0,0.052609682,0.31209257,0.012496585,0.0,0.0,0.049425848,0.0069192615,0.8558203,0.31209257,2.9611034,1.2887926,72.973335,-0.52401,3.8729765,211.56387,0.01207318,0.046242014,1.0,211.56387,0.2654117,0.14417969,2.9611034,0.0069192615,0.012919991,0.29444507,0.0,1.2887926,3.8729765,0.01207318,0.52401,0.0,0.012919991,0.52401,0.5877658,0.046242014,1.0,0.012496585,lookahead,beam_orig2_bm2-s0to100br0-s100to200br3
/work/T-REX/external/Proteina-Complexa/inference/search_binder_local_pipeline_32_PDL1_ALPHA_REPACK_v7_r003_cand_v7r003_hyp_0003_01_002_a33ac9851a300/job_0_n_180_id_31_beam_orig3_bm3-s0to100br2-s100to200br3/job_0_n_180_id_31_beam_orig3_bm3-s0to100br2-s100to200br3.pdb,127,"2,0,13,16,19,16,19,14,11,3,10,18,19,19,6,18,7,15,2,12,16,9,6,4,11,13,14,19,6,11,5,10,3,10,0,0,10,9,19,18,17,6,12,6,3,11,2,9,9,5,13,19,8,7,6,6,3,10,11,19,5,8,15,15,18,1,5,1,0,1,10,10,11,3,5,10,15,10,7,2,0,0,10,5,9,16,3,19,11,10,5,3,0,7,19,18,1,4,12,9,15,18,7,7,0,3,18,11,1,9,16,19,11,19,2,0,12,6,19,6,6,10,9,11,0,10,11,15,3,3,6,2,9,1,0,2,0,0,13,1,10,7,15,9,7,3,6,1,0,19,6,0,10,11,11,0,10,11,3,6,15,11,11,19,1,3,18,0,1,13,0,10,1,19,9,6,1,2,11,11,0,0,0,0,0,0,0,0,0,0,0,0,0,0,0,0,0,0,0,0,0,0,0,0,0,0,0,0,0,0,0,0,0,0,0,0,0,0,0,0,0,0,0,0,0,0,0,0,0,0,0,0,0",-0.21572442,0.089553274,3.0,0.3582242,65.9375,0.40497544,1.0,0.40497544,0.17444268,0.3582242,0.0,0.0,0.3582242,0.00346182,0.87077814,0.17444268,2.1952634,1.6554424,65.9375,-0.21572442,2.4715617,223.31975,0.31147295,0.31147295,1.0,223.31975,0.7112925,0.12922186,2.1952634,0.00346182,0.40497544,0.089553274,0.0,1.6554424,2.4715617,0.31147295,0.21572442,0.0,0.40497544,0.21572442,0.83767533,0.31147295,1.0,0.3582242,lookahead,beam_orig3_bm3-s0to100br2-s100to200br3
/work/T-REX/external/Proteina-Complexa/inference/search_binder_local_pipeline_32_PDL1_ALPHA_REPACK_v7_r003_cand_v7r003_hyp_0003_01_002_a33ac9851a300/job_0_n_176_id_32_beam_orig0_bm2-s0to100br3-s100to200br0-s200to300br0/job_0_n_176_id_32_beam_orig0_bm2-s0to100br3-s100to200br0-s200to300br0.pdb,128,"2,0,13,16,19,16,19,14,11,3,10,18,19,19,6,18,7,15,2,12,16,9,6,4,11,13,14,19,6,11,5,10,3,10,0,0,10,9,19,18,17,6,12,6,3,11,2,9,9,5,13,19,8,7,6,6,3,10,11,19,5,8,15,15,18,1,5,1,0,1,10,10,11,3,5,10,15,10,7,2,0,0,10,5,9,16,3,19,11,10,5,3,0,7,19,18,1,4,12,9,15,18,7,7,0,3,18,11,1,9,16,19,11,19,2,0,19,16,15,6,6,1,10,11,16,3,6,6,13,15,2,2,19,11,6,13,0,15,11,10,10,3,3,6,11,15,19,0,6,0,0,1,3,19,5,9,19,13,3,10,2,13,6,3,0,10,2,19,19,11,5,19,10,11,3,1,0,0,0,0,0,0,0,0,0,0,0,0,0,0,0,0,0,0,0,0,0,0,0,0,0,0,0,0,0,0,0,0,0,0,0,0,0,0,0,0,0,0,0,0,0,0,0,0,0,0,0,0,0,0,0,0,0",-0.1378579,0.043917555,3.0,0.6325258,64.3082,0.7303929,1.0,0.7303929,0.11360809,0.6325258,0.0,0.0,0.6325258,0.0043326053,0.9432675,0.11360809,3.3330333,1.345102,64.3082,-0.1378579,1.7759756,193.63501,0.5346587,0.5346587,1.0,193.63501,0.83567774,0.056732472,3.3330333,0.0043326053,0.7303929,0.043917555,0.0,1.345102,1.7759756,0.5346587,0.1378579,0.0,0.7303929,0.1378579,0.889017,0.5346587,1.0,0.6325258,lookahead,beam_orig0_bm2-s0to100br3-s100to200br0-s200to300br0
/work/T-REX/external/Proteina-Complexa/inference/search_binder_local_pipeline_32_PDL1_ALPHA_REPACK_v7_r003_cand_v7r003_hyp_0003_01_002_a33ac9851a300/job_0_n_229_id_32_beam_orig1_bm2-s0to100br1-s100to200br2-s200to300br0/job_0_n_229_id_32_beam_orig1_bm2-s0to100br1-s100to200br2-s200to300br0.pdb,129,"2,0,13,16,19,16,19,14,11,3,10,18,19,19,6,18,7,15,2,12,16,9,6,4,11,13,14,19,6,11,5,10,3,10,0,0,10,9,19,18,17,6,12,6,3,11,2,9,9,5,13,19,8,7,6,6,3,10,11,19,5,8,15,15,18,1,5,1,0,1,10,10,11,3,5,10,15,10,7,2,0,0,10,5,9,16,3,19,11,10,5,3,0,7,19,18,1,4,12,9,15,18,7,7,0,3,18,11,1,9,16,19,11,19,2,0,0,13,16,19,16,19,14,11,3,10,18,19,19,6,18,7,15,2,12,16,9,6,4,11,13,14,19,6,11,5,10,3,10,0,0,10,9,19,18,17,6,12,6,3,11,2,9,9,5,13,19,8,7,6,6,3,10,11,19,5,8,15,15,18,1,5,1,0,1,10,10,11,3,5,10,15,10,7,2,0,0,10,5,9,16,3,19,11,10,5,3,0,7,19,18,1,4,12,9,15,18,7,7,0,3,18,11,1,9,16,19,11,19,0,0,0,0",-0.51979077,0.29311076,3.0,0.049173437,55.52265,0.05121356,1.0,0.05121356,0.3078938,0.012526246,0.0,0.0,0.049173437,0.0017356087,0.8615929,0.3078938,4.662682,1.2751815,55.52265,-0.51979077,3.8330808,200.60219,0.012059133,0.04713332,1.0,200.60219,0.26883107,0.13840711,4.662682,0.0017356087,0.012993359,0.29311076,0.0,1.2751815,3.8330808,0.012059133,0.51979077,0.0,0.012993359,0.51979077,0.59173477,0.04713332,1.0,0.012526246,lookahead,beam_orig1_bm2-s0to100br1-s100to200br2-s200to300br0
/work/T-REX/external/Proteina-Complexa/inference/search_binder_local_pipeline_32_PDL1_ALPHA_REPACK_v7_r003_cand_v7r003_hyp_0003_01_002_a33ac9851a300/job_0_n_233_id_32_beam_orig2_bm0-s0to100br2-s100to200br3-s200to300br0/job_0_n_233_id_32_beam_orig2_bm0-s0to100br2-s100to200br3-s200to300br0.pdb,130,"2,0,13,16,19,16,19,14,11,3,10,18,19,19,6,18,7,15,2,12,16,9,6,4,11,13,14,19,6,11,5,10,3,10,0,0,10,9,19,18,17,6,12,6,3,11,2,9,9,5,13,19,8,7,6,6,3,10,11,19,5,8,15,15,18,1,5,1,0,1,10,10,11,3,5,10,15,10,7,2,0,0,10,5,9,16,3,19,11,10,5,3,0,7,19,18,1,4,12,9,15,18,7,7,0,3,18,11,1,9,16,19,11,19,2,0,0,13,16,19,16,19,14,11,3,10,18,19,19,6,18,7,15,2,12,16,9,6,4,11,13,14,19,6,11,5,10,3,10,0,0,10,9,19,18,17,6,12,6,3,11,2,9,9,5,13,19,8,7,6,6,3,10,11,19,5,8,15,15,18,1,5,1,0,1,10,10,11,3,5,10,15,10,7,2,0,0,10,5,9,16,3,19,11,10,5,3,0,7,19,18,1,4,12,9,15,18,7,7,0,3,18,11,1,9,16,19,11,19,2,0,2,0",-0.5258681,0.29317853,3.0,0.048510112,60.121933,0.050736472,1.0,0.050736472,0.31371295,0.012571823,0.0,0.0,0.048510112,0.006098161,0.8582511,0.31371295,4.941088,1.2861886,60.121933,-0.5258681,3.910952,201.03593,0.012220465,0.04628375,1.0,201.03593,0.2644928,0.1417489,4.941088,0.006098161,0.01292318,0.29317853,0.0,1.2861886,3.910952,0.012220465,0.5258681,0.0,0.01292318,0.5258681,0.58825296,0.04628375,1.0,0.012571823,lookahead,beam_orig2_bm0-s0to100br2-s100to200br3-s200to300br0
/work/T-REX/external/Proteina-Complexa/inference/search_binder_local_pipeline_32_PDL1_ALPHA_REPACK_v7_r003_cand_v7r003_hyp_0003_01_002_a33ac9851a300/job_0_n_180_id_32_beam_orig3_bm3-s0to100br1-s100to200br1-s200to300br0/job_0_n_180_id_32_beam_orig3_bm3-s0to100br1-s100to200br1-s200to300br0.pdb,131,"2,0,13,16,19,16,19,14,11,3,10,18,19,19,6,18,7,15,2,12,16,9,6,4,11,13,14,19,6,11,5,10,3,10,0,0,10,9,19,18,17,6,12,6,3,11,2,9,9,5,13,19,8,7,6,6,3,10,11,19,5,8,15,15,18,1,5,1,0,1,10,10,11,3,5,10,15,10,7,2,0,0,10,5,9,16,3,19,11,10,5,3,0,7,19,18,1,4,12,9,15,18,7,7,0,3,18,11,1,9,16,19,11,19,2,0,2,16,1,10,6,2,10,11,10,0,15,6,11,13,11,10,15,3,6,3,19,6,16,10,11,3,19,10,6,11,7,16,6,6,6,10,15,11,5,9,2,9,19,0,3,11,18,2,10,2,2,6,5,11,13,6,10,10,11,10,19,16,6,6,0,0,0,0,0,0,0,0,0,0,0,0,0,0,0,0,0,0,0,0,0,0,0,0,0,0,0,0,0,0,0,0,0,0,0,0,0,0,0,0,0,0,0,0,0,0,0,0,0,0,0,0,0",-0.15455206,0.04233393,3.0,0.6245863,38.316795,0.703488,1.0,0.703488,0.13016316,0.6245863,0.0,0.0,0.6245863,0.0037902882,0.9160445,0.13016316,1.4044967,1.6253582,38.316795,-0.15455206,1.9230638,157.88702,0.5456846,0.5456846,1.0,157.88702,0.82272255,0.083955534,1.4044967,0.0037902882,0.703488,0.04233393,0.0,1.6253582,1.9230638,0.5456846,0.15455206,0.0,0.703488,0.15455206,0.8792178,0.5456846,1.0,0.6245863,lookahead,beam_orig3_bm3-s0to100br1-s100to200br1-s200to300br0
/work/T-REX/external/Proteina-Complexa/inference/search_binder_local_pipeline_32_PDL1_ALPHA_REPACK_v7_r003_cand_v7r003_hyp_0003_01_002_a33ac9851a300/job_0_n_176_id_33_beam_orig0_bm2-s0to100br3-s100to200br0-s200to300br1/job_0_n_176_id_33_beam_orig0_bm2-s0to100br3-s100to200br0-s200to300br1.pdb,132,"2,0,13,16,19,16,19,14,11,3,10,18,19,19,6,18,7,15,2,12,16,9,6,4,11,13,14,19,6,11,5,10,3,10,0,0,10,9,19,18,17,6,12,6,3,11,2,9,9,5,13,19,8,7,6,6,3,10,11,19,5,8,15,15,18,1,5,1,0,1,10,10,11,3,5,10,15,10,7,2,0,0,10,5,9,16,3,19,11,10,5,3,0,7,19,18,1,4,12,9,15,18,7,7,0,3,18,11,1,9,16,19,11,19,2,0,7,16,15,6,6,1,10,11,2,3,6,6,13,15,2,2,0,11,2,13,0,10,11,10,10,2,3,7,11,15,19,11,6,0,0,1,3,19,5,9,9,13,3,9,2,13,11,3,0,10,2,19,19,11,11,19,10,5,6,1,0,0,0,0,0,0,0,0,0,0,0,0,0,0,0,0,0,0,0,0,0,0,0,0,0,0,0,0,0,0,0,0,0,0,0,0,0,0,0,0,0,0,0,0,0,0,0,0,0,0,0,0,0,0,0,0,0",-0.14218518,0.04197597,3.0,0.6460217,56.69679,0.73839235,1.0,0.73839235,0.11916532,0.6460217,0.0,0.0,0.6460217,0.009573435,0.93485904,0.11916532,2.6176472,1.3760694,56.69679,-0.14218518,1.7847173,186.75082,0.5536511,0.5536511,1.0,186.75082,0.8371273,0.06514094,2.6176472,0.009573435,0.73839235,0.04197597,0.0,1.3760694,1.7847173,0.5536511,0.14218518,0.0,0.73839235,0.14218518,0.8886949,0.5536511,1.0,0.6460217,lookahead,beam_orig0_bm2-s0to100br3-s100to200br0-s200to300br1
/work/T-REX/external/Proteina-Complexa/inference/search_binder_local_pipeline_32_PDL1_ALPHA_REPACK_v7_r003_cand_v7r003_hyp_0003_01_002_a33ac9851a300/job_0_n_229_id_33_beam_orig1_bm2-s0to100br1-s100to200br2-s200to300br1/job_0_n_229_id_33_beam_orig1_bm2-s0to100br1-s100to200br2-s200to300br1.pdb,133,"2,0,13,16,19,16,19,14,11,3,10,18,19,19,6,18,7,15,2,12,16,9,6,4,11,13,14,19,6,11,5,10,3,10,0,0,10,9,19,18,17,6,12,6,3,11,2,9,9,5,13,19,8,7,6,6,3,10,11,19,5,8,15,15,18,1,5,1,0,1,10,10,11,3,5,10,15,10,7,2,0,0,10,5,9,16,3,19,11,10,5,3,0,7,19,18,1,4,12,9,15,18,7,7,0,3,18,11,1,9,16,19,11,19,2,0,0,13,16,19,16,19,14,11,3,10,18,19,19,6,18,7,15,2,12,16,9,6,4,11,13,14,19,6,11,5,10,3,10,0,0,10,9,19,18,17,6,12,6,3,11,2,9,9,5,13,19,8,7,6,6,3,10,11,19,5,8,15,15,18,1,5,1,0,1,10,10,11,3,5,10,15,10,7,2,0,0,10,5,9,16,3,19,11,10,5,3,0,7,19,18,1,4,12,9,15,18,7,7,0,3,18,11,1,9,16,19,11,19,0,0,0,0",-0.5200946,0.2923041,3.0,0.048723307,55.437996,0.05098519,1.0,0.05098519,0.30791607,0.012400946,0.0,0.0,0.048723307,0.0017973253,0.86190355,0.30791607,4.8131895,1.2738482,55.437996,-0.5200946,3.8384345,196.89238,0.0120813325,0.046461422,1.0,196.89238,0.26883465,0.13809642,4.8131895,0.0017973253,0.012720559,0.2923041,0.0,1.2738482,3.8384345,0.0120813325,0.5200946,0.0,0.012720559,0.5200946,0.591856,0.046461422,1.0,0.012400946,lookahead,beam_orig1_bm2-s0to100br1-s100to200br2-s200to300br1
/work/T-REX/external/Proteina-Complexa/inference/search_binder_local_pipeline_32_PDL1_ALPHA_REPACK_v7_r003_cand_v7r003_hyp_0003_01_002_a33ac9851a300/job_0_n_233_id_33_beam_orig2_bm0-s0to100br2-s100to200br3-s200to300br1/job_0_n_233_id_33_beam_orig2_bm0-s0to100br2-s100to200br3-s200to300br1.pdb,134,"2,0,13,16,19,16,19,14,11,3,10,18,19,19,6,18,7,15,2,12,16,9,6,4,11,13,14,19,6,11,5,10,3,10,0,0,10,9,19,18,17,6,12,6,3,11,2,9,9,5,13,19,8,7,6,6,3,10,11,19,5,8,15,15,18,1,5,1,0,1,10,10,11,3,5,10,15,10,7,2,0,0,10,5,9,16,3,19,11,10,5,3,0,7,19,18,1,4,12,9,15,18,7,7,0,3,18,11,1,9,16,19,11,19,2,0,0,13,16,19,16,19,14,11,3,10,18,19,19,6,18,7,15,2,12,16,9,6,4,11,13,14,19,6,11,5,10,3,10,0,0,10,9,19,18,17,6,12,6,3,11,2,9,9,5,13,19,8,7,6,6,3,10,11,19,5,8,15,15,18,1,5,1,0,1,10,10,11,3,5,10,15,10,7,2,0,0,10,5,9,16,3,19,11,10,5,3,0,7,19,18,1,4,12,9,15,18,7,7,0,3,18,11,1,9,16,19,11,19,2,0,8,8",-0.5231268,0.29301193,3.0,0.05155354,55.85652,0.053456396,1.0,0.053456396,0.3130993,0.012596134,0.0,0.0,0.05155354,0.012413513,0.8557933,0.3130993,4.737552,1.3085072,55.85652,-0.5231268,3.9057178,194.3485,0.0120950695,0.04965068,1.0,194.3485,0.27076545,0.14420672,4.737552,0.012413513,0.013097198,0.29301193,0.0,1.3085072,3.9057178,0.0120950695,0.5231268,0.0,0.013097198,0.5231268,0.5903373,0.04965068,1.0,0.012596134,lookahead,beam_orig2_bm0-s0to100br2-s100to200br3-s200to300br1
/work/T-REX/external/Proteina-Complexa/inference/search_binder_local_pipeline_32_PDL1_ALPHA_REPACK_v7_r003_cand_v7r003_hyp_0003_01_002_a33ac9851a300/job_0_n_180_id_33_beam_orig3_bm3-s0to100br1-s100to200br1-s200to300br1/job_0_n_180_id_33_beam_orig3_bm3-s0to100br1-s100to200br1-s200to300br1.pdb,135,"2,0,13,16,19,16,19,14,11,3,10,18,19,19,6,18,7,15,2,12,16,9,6,4,11,13,14,19,6,11,5,10,3,10,0,0,10,9,19,18,17,6,12,6,3,11,2,9,9,5,13,19,8,7,6,6,3,10,11,19,5,8,15,15,18,1,5,1,0,1,10,10,11,3,5,10,15,10,7,2,0,0,10,5,9,16,3,19,11,10,5,3,0,7,19,18,1,4,12,9,15,18,7,7,0,3,18,11,1,9,16,19,11,19,2,0,2,15,1,10,11,2,19,11,6,0,0,6,11,13,11,10,15,5,0,3,16,5,16,10,11,3,0,19,10,11,7,2,3,6,5,9,15,5,19,19,2,6,9,0,16,11,18,11,10,16,14,6,5,11,13,6,10,10,11,10,19,16,11,19,0,0,0,0,0,0,0,0,0,0,0,0,0,0,0,0,0,0,0,0,0,0,0,0,0,0,0,0,0,0,0,0,0,0,0,0,0,0,0,0,0,0,0,0,0,0,0,0,0,0,0,0,0",-0.17010935,0.053568985,3.0,0.52055085,45.515797,0.5943582,1.0,0.5943582,0.14031255,0.52055085,0.0,0.0,0.52055085,0.002742486,0.9100448,0.14031255,2.0015678,1.6189182,45.515797,-0.17010935,2.129424,180.12497,0.44674343,0.44674343,1.0,180.12497,0.7832272,0.08995519,2.0015678,0.002742486,0.5943582,0.053568985,0.0,1.6189182,2.129424,0.44674343,0.17010935,0.0,0.5943582,0.17010935,0.8657718,0.44674343,1.0,0.52055085,lookahead,beam_orig3_bm3-s0to100br1-s100to200br1-s200to300br1
/work/T-REX/external/Proteina-Complexa/inference/search_binder_local_pipeline_32_PDL1_ALPHA_REPACK_v7_r003_cand_v7r003_hyp_0003_01_002_a33ac9851a300/job_0_n_176_id_34_beam_orig0_bm2-s0to100br3-s100to200br0-s200to300br2/job_0_n_176_id_34_beam_orig0_bm2-s0to100br3-s100to200br0-s200to300br2.pdb,136,"2,0,13,16,19,16,19,14,11,3,10,18,19,19,6,18,7,15,2,12,16,9,6,4,11,13,14,19,6,11,5,10,3,10,0,0,10,9,19,18,17,6,12,6,3,11,2,9,9,5,13,19,8,7,6,6,3,10,11,19,5,8,15,15,18,1,5,1,0,1,10,10,11,3,5,10,15,10,7,2,0,0,10,5,9,16,3,19,11,10,5,3,0,7,19,18,1,4,12,9,15,18,7,7,0,3,18,11,1,9,16,19,11,19,2,0,7,16,15,6,6,1,10,11,2,3,5,6,13,15,2,2,19,11,10,13,0,15,11,10,10,3,3,7,11,15,19,11,6,0,0,1,3,19,5,9,9,18,3,10,2,13,6,3,0,10,2,19,19,1,5,19,10,5,3,1,0,0,0,0,0,0,0,0,0,0,0,0,0,0,0,0,0,0,0,0,0,0,0,0,0,0,0,0,0,0,0,0,0,0,0,0,0,0,0,0,0,0,0,0,0,0,0,0,0,0,0,0,0,0,0,0,0",-0.1444544,0.047723718,3.0,0.6189366,69.64477,0.71721715,1.0,0.71721715,0.11962389,0.6189366,0.0,0.0,0.6189366,0.0080344,0.9351386,0.11962389,3.4984534,1.379701,69.64477,-0.1444544,1.839775,196.79083,0.52065605,0.52065605,1.0,196.79083,0.8246191,0.06486145,3.4984534,0.0080344,0.71721715,0.047723718,0.0,1.379701,1.839775,0.52065605,0.1444544,0.0,0.71721715,0.1444544,0.884283,0.52065605,1.0,0.6189366,lookahead,beam_orig0_bm2-s0to100br3-s100to200br0-s200to300br2
/work/T-REX/external/Proteina-Complexa/inference/search_binder_local_pipeline_32_PDL1_ALPHA_REPACK_v7_r003_cand_v7r003_hyp_0003_01_002_a33ac9851a300/job_0_n_229_id_34_beam_orig1_bm2-s0to100br1-s100to200br2-s200to300br2/job_0_n_229_id_34_beam_orig1_bm2-s0to100br1-s100to200br2-s200to300br2.pdb,137,"2,0,13,16,19,16,19,14,11,3,10,18,19,19,6,18,7,15,2,12,16,9,6,4,11,13,14,19,6,11,5,10,3,10,0,0,10,9,19,18,17,6,12,6,3,11,2,9,9,5,13,19,8,7,6,6,3,10,11,19,5,8,15,15,18,1,5,1,0,1,10,10,11,3,5,10,15,10,7,2,0,0,10,5,9,16,3,19,11,10,5,3,0,7,19,18,1,4,12,9,15,18,7,7,0,3,18,11,1,9,16,19,11,19,2,0,0,13,16,19,16,19,14,11,3,10,18,19,19,6,18,7,15,2,12,16,9,6,4,11,13,14,19,6,11,5,10,3,10,0,0,10,9,19,18,17,6,12,6,3,11,2,9,9,5,13,19,8,7,6,6,3,10,11,19,5,8,15,15,18,1,5,1,0,1,10,10,11,3,5,10,15,10,7,2,0,0,10,5,9,16,3,19,11,10,5,3,0,7,19,18,1,4,12,9,15,18,7,7,0,3,18,11,1,9,16,19,11,19,0,0,0,0",-0.5229245,0.29511538,3.0,0.047755644,58.256596,0.049880512,1.0,0.049880512,0.30987027,0.012538591,0.0,0.0,0.047755644,0.0018034076,0.8608203,0.30987027,4.8751216,1.2797946,58.256596,-0.5229245,3.8424952,201.25975,0.012337968,0.045630775,1.0,201.25975,0.26645267,0.1391797,4.8751216,0.0018034076,0.012739215,0.29511538,0.0,1.2797946,3.8424952,0.012337968,0.5229245,0.0,0.012739215,0.5229245,0.59060836,0.045630775,1.0,0.012538591,lookahead,beam_orig1_bm2-s0to100br1-s100to200br2-s200to300br2
/work/T-REX/external/Proteina-Complexa/inference/search_binder_local_pipeline_32_PDL1_ALPHA_REPACK_v7_r003_cand_v7r003_hyp_0003_01_002_a33ac9851a300/job_0_n_233_id_34_beam_orig2_bm0-s0to100br2-s100to200br3-s200to300br2/job_0_n_233_id_34_beam_orig2_bm0-s0to100br2-s100to200br3-s200to300br2.pdb,138,"2,0,13,16,19,16,19,14,11,3,10,18,19,19,6,18,7,15,2,12,16,9,6,4,11,13,14,19,6,11,5,10,3,10,0,0,10,9,19,18,17,6,12,6,3,11,2,9,9,5,13,19,8,7,6,6,3,10,11,19,5,8,15,15,18,1,5,1,0,1,10,10,11,3,5,10,15,10,7,2,0,0,10,5,9,16,3,19,11,10,5,3,0,7,19,18,1,4,12,9,15,18,7,7,0,3,18,11,1,9,16,19,11,19,2,0,0,13,16,19,16,19,14,11,3,10,18,19,19,6,18,7,15,2,12,16,9,6,4,11,13,14,19,6,11,5,10,3,10,0,0,10,9,19,18,17,6,12,6,3,11,2,9,9,5,13,19,8,7,6,6,3,10,11,19,5,8,15,15,18,1,5,1,0,1,10,10,11,3,5,10,15,10,7,2,0,0,10,5,9,16,3,19,11,10,5,3,0,7,19,18,1,4,12,9,15,18,7,7,0,3,18,11,1,9,16,19,11,19,2,0,2,0",-0.5269982,0.29450914,3.0,0.047579087,60.957176,0.05000368,1.0,0.05000368,0.31447425,0.012509177,0.0,0.0,0.047579087,0.0059279227,0.8579192,0.31447425,4.897101,1.2919613,60.957176,-0.5269982,3.9140685,197.69945,0.0123036085,0.045154497,1.0,197.69945,0.26561636,0.14208075,4.897101,0.0059279227,0.012714746,0.29450914,0.0,1.2919613,3.9140685,0.0123036085,0.5269982,0.0,0.012714746,0.5269982,0.58871645,0.045154497,1.0,0.012509177,lookahead,beam_orig2_bm0-s0to100br2-s100to200br3-s200to300br2
/work/T-REX/external/Proteina-Complexa/inference/search_binder_local_pipeline_32_PDL1_ALPHA_REPACK_v7_r003_cand_v7r003_hyp_0003_01_002_a33ac9851a300/job_0_n_180_id_34_beam_orig3_bm3-s0to100br1-s100to200br1-s200to300br2/job_0_n_180_id_34_beam_orig3_bm3-s0to100br1-s100to200br1-s200to300br2.pdb,139,"2,0,13,16,19,16,19,14,11,3,10,18,19,19,6,18,7,15,2,12,16,9,6,4,11,13,14,19,6,11,5,10,3,10,0,0,10,9,19,18,17,6,12,6,3,11,2,9,9,5,13,19,8,7,6,6,3,10,11,19,5,8,15,15,18,1,5,1,0,1,10,10,11,3,5,10,15,10,7,2,0,0,10,5,9,16,3,19,11,10,5,3,0,7,19,18,1,4,12,9,15,18,7,7,0,3,18,11,1,9,16,19,11,19,2,0,2,15,11,10,16,2,10,6,6,0,15,11,11,13,2,10,15,5,6,3,19,2,9,10,1,16,0,10,6,11,7,2,3,5,6,9,15,6,0,9,2,10,19,0,3,1,10,2,10,2,2,6,5,11,13,6,10,10,11,10,19,16,6,3,0,0,0,0,0,0,0,0,0,0,0,0,0,0,0,0,0,0,0,0,0,0,0,0,0,0,0,0,0,0,0,0,0,0,0,0,0,0,0,0,0,0,0,0,0,0,0,0,0,0,0,0,0",-0.17012884,0.045420393,3.0,0.5846281,49.254066,0.66184974,1.0,0.66184974,0.14507318,0.5846281,0.0,0.0,0.5846281,0.013012842,0.8993106,0.14507318,1.9454509,1.6653869,49.254066,-0.17012884,1.9970199,184.60413,0.5074064,0.5074064,1.0,184.60413,0.80547357,0.100689426,1.9454509,0.013012842,0.66184974,0.045420393,0.0,1.6653869,1.9970199,0.5074064,0.17012884,0.0,0.66184974,0.17012884,0.87265825,0.5074064,1.0,0.5846281,lookahead,beam_orig3_bm3-s0to100br1-s100to200br1-s200to300br2
/work/T-REX/external/Proteina-Complexa/inference/search_binder_local_pipeline_32_PDL1_ALPHA_REPACK_v7_r003_cand_v7r003_hyp_0003_01_002_a33ac9851a300/job_0_n_176_id_35_beam_orig0_bm2-s0to100br3-s100to200br0-s200to300br3/job_0_n_176_id_35_beam_orig0_bm2-s0to100br3-s100to200br0-s200to300br3.pdb,140,"2,0,13,16,19,16,19,14,11,3,10,18,19,19,6,18,7,15,2,12,16,9,6,4,11,13,14,19,6,11,5,10,3,10,0,0,10,9,19,18,17,6,12,6,3,11,2,9,9,5,13,19,8,7,6,6,3,10,11,19,5,8,15,15,18,1,5,1,0,1,10,10,11,3,5,10,15,10,7,2,0,0,10,5,9,16,3,19,11,10,5,3,0,7,19,18,1,4,12,9,15,18,7,7,0,3,18,11,1,9,16,19,11,19,2,0,19,16,15,5,6,1,10,11,2,3,6,6,13,0,5,2,19,11,9,13,0,15,11,10,10,3,3,7,11,15,19,11,6,0,0,1,3,19,5,9,9,13,3,10,2,13,6,3,0,10,2,19,19,11,5,19,10,11,3,1,0,0,0,0,0,0,0,0,0,0,0,0,0,0,0,0,0,0,0,0,0,0,0,0,0,0,0,0,0,0,0,0,0,0,0,0,0,0,0,0,0,0,0,0,0,0,0,0,0,0,0,0,0,0,0,0,0",-0.14053701,0.04725937,3.0,0.62947464,70.8677,0.72498727,1.0,0.72498727,0.11593477,0.62947464,0.0,0.0,0.62947464,0.0032132836,0.94054663,0.11593477,3.4380794,1.3687527,70.8677,-0.14053701,1.8240095,207.32358,0.533962,0.533962,1.0,207.32358,0.8320623,0.059453357,3.4380794,0.0032132836,0.72498727,0.04725937,0.0,1.3687527,1.8240095,0.533962,0.14053701,0.0,0.72498727,0.14053701,0.8867815,0.533962,1.0,0.62947464,lookahead,beam_orig0_bm2-s0to100br3-s100to200br0-s200to300br3
/work/T-REX/external/Proteina-Complexa/inference/search_binder_local_pipeline_32_PDL1_ALPHA_REPACK_v7_r003_cand_v7r003_hyp_0003_01_002_a33ac9851a300/job_0_n_229_id_35_beam_orig1_bm2-s0to100br1-s100to200br2-s200to300br3/job_0_n_229_id_35_beam_orig1_bm2-s0to100br1-s100to200br2-s200to300br3.pdb,141,"2,0,13,16,19,16,19,14,11,3,10,18,19,19,6,18,7,15,2,12,16,9,6,4,11,13,14,19,6,11,5,10,3,10,0,0,10,9,19,18,17,6,12,6,3,11,2,9,9,5,13,19,8,7,6,6,3,10,11,19,5,8,15,15,18,1,5,1,0,1,10,10,11,3,5,10,15,10,7,2,0,0,10,5,9,16,3,19,11,10,5,3,0,7,19,18,1,4,12,9,15,18,7,7,0,3,18,11,1,9,16,19,11,19,2,0,0,13,16,19,16,19,14,11,3,10,18,19,19,6,18,7,15,2,12,16,9,6,4,11,13,14,19,6,11,5,10,3,10,0,0,10,9,19,18,17,6,12,6,3,11,2,9,9,5,13,19,8,7,6,6,3,10,11,19,5,8,15,15,18,1,5,1,0,1,10,10,11,3,5,10,15,10,7,2,0,0,10,5,9,16,3,19,11,10,5,3,0,7,19,18,1,4,12,9,15,18,7,7,0,3,18,11,1,9,16,19,11,19,0,0,0,0",-0.52104014,0.29155004,3.0,0.048679084,55.205868,0.05117558,1.0,0.05117558,0.30865765,0.012616135,0.0,0.0,0.048679084,0.0018458783,0.8605278,0.30865765,4.666245,1.2790244,55.205868,-0.52104014,3.8366675,199.33092,0.012203125,0.04618259,1.0,199.33092,0.2661853,0.1394722,4.666245,0.0018458783,0.013029144,0.29155004,0.0,1.2790244,3.8366675,0.012203125,0.52104014,0.0,0.013029144,0.52104014,0.5903727,0.04618259,1.0,0.012616135,lookahead,beam_orig1_bm2-s0to100br1-s100to200br2-s200to300br3
/work/T-REX/external/Proteina-Complexa/inference/search_binder_local_pipeline_32_PDL1_ALPHA_REPACK_v7_r003_cand_v7r003_hyp_0003_01_002_a33ac9851a300/job_0_n_233_id_35_beam_orig2_bm0-s0to100br2-s100to200br3-s200to300br3/job_0_n_233_id_35_beam_orig2_bm0-s0to100br2-s100to200br3-s200to300br3.pdb,142,"2,0,13,16,19,16,19,14,11,3,10,18,19,19,6,18,7,15,2,12,16,9,6,4,11,13,14,19,6,11,5,10,3,10,0,0,10,9,19,18,17,6,12,6,3,11,2,9,9,5,13,19,8,7,6,6,3,10,11,19,5,8,15,15,18,1,5,1,0,1,10,10,11,3,5,10,15,10,7,2,0,0,10,5,9,16,3,19,11,10,5,3,0,7,19,18,1,4,12,9,15,18,7,7,0,3,18,11,1,9,16,19,11,19,2,0,0,13,16,19,16,19,14,11,3,10,18,19,19,6,18,7,15,2,12,16,9,6,4,11,13,14,19,6,11,5,10,3,10,0,0,10,9,19,18,17,6,12,6,3,11,2,9,9,5,13,19,8,7,6,6,3,10,11,19,5,8,15,15,18,1,5,1,0,1,10,10,11,3,5,10,15,10,7,2,0,0,10,5,9,16,3,19,11,10,5,3,0,7,19,18,1,4,12,9,15,18,7,7,0,3,18,11,1,9,16,19,11,19,2,0,2,15",-0.52533966,0.29323453,3.0,0.049336776,59.977757,0.05202208,1.0,0.05202208,0.313641,0.012570078,0.0,0.0,0.049336776,0.0080140205,0.85516447,0.313641,4.902051,1.2966076,59.977757,-0.52533966,3.9115186,198.8418,0.012183393,0.046651468,1.0,198.8418,0.2657861,0.14483552,4.902051,0.0080140205,0.012956761,0.29323453,0.0,1.2966076,3.9115186,0.012183393,0.52533966,0.0,0.012956761,0.52533966,0.5879238,0.046651468,1.0,0.012570078,lookahead,beam_orig2_bm0-s0to100br2-s100to200br3-s200to300br3
/work/T-REX/external/Proteina-Complexa/inference/search_binder_local_pipeline_32_PDL1_ALPHA_REPACK_v7_r003_cand_v7r003_hyp_0003_01_002_a33ac9851a300/job_0_n_180_id_35_beam_orig3_bm3-s0to100br1-s100to200br1-s200to300br3/job_0_n_180_id_35_beam_orig3_bm3-s0to100br1-s100to200br1-s200to300br3.pdb,143,"2,0,13,16,19,16,19,14,11,3,10,18,19,19,6,18,7,15,2,12,16,9,6,4,11,13,14,19,6,11,5,10,3,10,0,0,10,9,19,18,17,6,12,6,3,11,2,9,9,5,13,19,8,7,6,6,3,10,11,19,5,8,15,15,18,1,5,1,0,1,10,10,11,3,5,10,15,10,7,2,0,0,10,5,9,16,3,19,11,10,5,3,0,7,19,18,1,4,12,9,15,18,7,7,0,3,18,11,1,9,16,19,11,19,2,0,2,10,1,10,11,2,10,6,11,0,15,11,6,13,2,10,15,0,6,3,19,2,16,10,1,16,0,10,6,11,7,2,6,5,6,10,2,6,0,9,2,2,19,0,2,6,11,2,10,2,2,6,5,11,13,6,10,10,11,10,19,16,2,1,0,0,0,0,0,0,0,0,0,0,0,0,0,0,0,0,0,0,0,0,0,0,0,0,0,0,0,0,0,0,0,0,0,0,0,0,0,0,0,0,0,0,0,0,0,0,0,0,0,0,0,0,0",-0.16879429,0.0485832,3.0,0.55328405,50.756454,0.63890535,1.0,0.63890535,0.13991785,0.55328405,0.0,0.0,0.55328405,0.003952774,0.90668213,0.13991785,2.1014824,1.6776441,50.756454,-0.16879429,2.0681672,182.46327,0.4676627,0.4676627,1.0,182.46327,0.79201686,0.093317896,2.1014824,0.003952774,0.63890535,0.0485832,0.0,1.6776441,2.0681672,0.4676627,0.16879429,0.0,0.63890535,0.16879429,0.8691677,0.4676627,1.0,0.55328405,lookahead,beam_orig3_bm3-s0to100br1-s100to200br1-s200to300br3
/work/T-REX/external/Proteina-Complexa/inference/search_binder_local_pipeline_32_PDL1_ALPHA_REPACK_v7_r003_cand_v7r003_hyp_0003_01_002_a33ac9851a300/job_0_n_176_id_36_beam_orig0_bm1-s0to100br3-s100to200br2-s200to300br0/job_0_n_176_id_36_beam_orig0_bm1-s0to100br3-s100to200br2-s200to300br0.pdb,144,"2,0,13,16,19,16,19,14,11,3,10,18,19,19,6,18,7,15,2,12,16,9,6,4,11,13,14,19,6,11,5,10,3,10,0,0,10,9,19,18,17,6,12,6,3,11,2,9,9,5,13,19,8,7,6,6,3,10,11,19,5,8,15,15,18,1,5,1,0,1,10,10,11,3,5,10,15,10,7,2,0,0,10,5,9,16,3,19,11,10,5,3,0,7,19,18,1,4,12,9,15,18,7,7,0,3,18,11,1,9,16,19,11,19,2,0,10,15,15,10,16,5,7,6,1,11,16,10,6,12,0,0,3,15,9,7,16,15,19,19,6,10,9,2,2,18,6,5,10,11,0,6,10,6,11,11,19,7,15,3,6,13,10,11,3,19,6,2,9,9,11,2,18,11,0,11,0,0,0,0,0,0,0,0,0,0,0,0,0,0,0,0,0,0,0,0,0,0,0,0,0,0,0,0,0,0,0,0,0,0,0,0,0,0,0,0,0,0,0,0,0,0,0,0,0,0,0,0,0,0,0,0,0",-0.15066612,0.04896293,3.0,0.5849433,30.09196,0.668625,1.0,0.668625,0.1251366,0.5849433,0.0,0.0,0.5849433,0.0015214136,0.92620695,0.1251366,0.7666659,1.4404882,30.09196,-0.15066612,1.9241977,143.43376,0.50126165,0.50126165,1.0,143.43376,0.8160372,0.073793046,0.7666659,0.0015214136,0.668625,0.04896293,0.0,1.4404882,1.9241977,0.50126165,0.15066612,0.0,0.668625,0.15066612,0.88045937,0.50126165,1.0,0.5849433,lookahead,beam_orig0_bm1-s0to100br3-s100to200br2-s200to300br0
/work/T-REX/external/Proteina-Complexa/inference/search_binder_local_pipeline_32_PDL1_ALPHA_REPACK_v7_r003_cand_v7r003_hyp_0003_01_002_a33ac9851a300/job_0_n_229_id_36_beam_orig1_bm2-s0to100br1-s100to200br0-s200to300br0/job_0_n_229_id_36_beam_orig1_bm2-s0to100br1-s100to200br0-s200to300br0.pdb,145,"2,0,13,16,19,16,19,14,11,3,10,18,19,19,6,18,7,15,2,12,16,9,6,4,11,13,14,19,6,11,5,10,3,10,0,0,10,9,19,18,17,6,12,6,3,11,2,9,9,5,13,19,8,7,6,6,3,10,11,19,5,8,15,15,18,1,5,1,0,1,10,10,11,3,5,10,15,10,7,2,0,0,10,5,9,16,3,19,11,10,5,3,0,7,19,18,1,4,12,9,15,18,7,7,0,3,18,11,1,9,16,19,11,19,2,0,0,13,16,19,16,19,14,11,3,10,18,19,19,6,18,7,15,2,12,16,9,6,4,11,13,14,19,6,11,5,10,3,10,0,0,10,9,19,18,17,6,12,6,3,11,2,9,9,5,13,19,8,7,6,6,3,10,11,19,5,8,15,15,18,1,5,1,0,1,10,10,11,3,5,10,15,10,7,2,0,0,10,5,9,16,3,19,11,10,5,3,0,7,19,18,1,4,12,9,15,18,7,7,0,3,18,11,1,9,16,19,11,19,0,0,0,0",-0.51811916,0.2892592,3.0,0.04958802,59.257,0.05247824,1.0,0.05247824,0.30725494,0.012712156,0.0,0.0,0.04958802,0.0017647543,0.86054647,0.30725494,5.082829,1.2786415,59.257,-0.51811916,3.83293,198.77608,0.01230685,0.046697803,1.0,198.77608,0.26863998,0.13945355,5.082829,0.0017647543,0.013117461,0.2892592,0.0,1.2786415,3.83293,0.01230685,0.51811916,0.0,0.013117461,0.51811916,0.5916108,0.046697803,1.0,0.012712156,lookahead,beam_orig1_bm2-s0to100br1-s100to200br0-s200to300br0
/work/T-REX/external/Proteina-Complexa/inference/search_binder_local_pipeline_32_PDL1_ALPHA_REPACK_v7_r003_cand_v7r003_hyp_0003_01_002_a33ac9851a300/job_0_n_233_id_36_beam_orig2_bm2-s0to100br1-s100to200br2-s200to300br0/job_0_n_233_id_36_beam_orig2_bm2-s0to100br1-s100to200br2-s200to300br0.pdb,146,"2,0,13,16,19,16,19,14,11,3,10,18,19,19,6,18,7,15,2,12,16,9,6,4,11,13,14,19,6,11,5,10,3,10,0,0,10,9,19,18,17,6,12,6,3,11,2,9,9,5,13,19,8,7,6,6,3,10,11,19,5,8,15,15,18,1,5,1,0,1,10,10,11,3,5,10,15,10,7,2,0,0,10,5,9,16,3,19,11,10,5,3,0,7,19,18,1,4,12,9,15,18,7,7,0,3,18,11,1,9,16,19,11,19,2,0,0,13,16,19,16,19,14,11,3,10,18,19,19,6,18,7,15,2,12,16,9,6,4,11,13,14,19,6,11,5,10,3,10,0,0,10,9,19,18,17,6,12,6,3,11,2,9,9,5,13,19,8,7,6,6,3,10,11,19,5,8,15,15,18,1,5,1,0,1,10,10,11,3,5,10,15,10,7,2,0,0,10,5,9,16,3,19,11,10,5,3,0,7,19,18,1,4,12,9,15,18,7,7,0,3,18,11,1,9,16,19,11,19,2,0,14,14",-0.52563965,0.2962939,3.0,0.048186414,60.56631,0.050147716,1.0,0.050147716,0.31075656,0.012480426,0.0,0.0,0.048186414,0.0048170504,0.8608471,0.31075656,4.89179,1.286348,60.56631,-0.52563965,3.9233894,197.10483,0.012058698,0.046225116,1.0,197.10483,0.26430726,0.1391529,4.89179,0.0048170504,0.012902154,0.2962939,0.0,1.286348,3.9233894,0.012058698,0.52563965,0.0,0.012902154,0.52563965,0.5890104,0.046225116,1.0,0.012480426,lookahead,beam_orig2_bm2-s0to100br1-s100to200br2-s200to300br0
/work/T-REX/external/Proteina-Complexa/inference/search_binder_local_pipeline_32_PDL1_ALPHA_REPACK_v7_r003_cand_v7r003_hyp_0003_01_002_a33ac9851a300/job_0_n_180_id_36_beam_orig3_bm3-s0to100br1-s100to200br0-s200to300br0/job_0_n_180_id_36_beam_orig3_bm3-s0to100br1-s100to200br0-s200to300br0.pdb,147,"2,0,13,16,19,16,19,14,11,3,10,18,19,19,6,18,7,15,2,12,16,9,6,4,11,13,14,19,6,11,5,10,3,10,0,0,10,9,19,18,17,6,12,6,3,11,2,9,9,5,13,19,8,7,6,6,3,10,11,19,5,8,15,15,18,1,5,1,0,1,10,10,11,3,5,10,15,10,7,2,0,0,10,5,9,16,3,19,11,10,5,3,0,7,19,18,1,4,12,9,15,18,7,7,0,3,18,11,1,9,16,19,11,19,2,0,15,10,2,6,5,1,9,11,6,0,15,6,11,13,11,10,2,16,6,3,9,11,11,10,11,16,9,10,6,2,7,15,6,6,6,10,15,16,6,9,2,2,9,7,3,11,18,11,10,2,2,6,5,11,13,6,10,10,11,9,10,16,11,6,0,0,0,0,0,0,0,0,0,0,0,0,0,0,0,0,0,0,0,0,0,0,0,0,0,0,0,0,0,0,0,0,0,0,0,0,0,0,0,0,0,0,0,0,0,0,0,0,0,0,0,0,0",-0.14092314,0.041089125,3.0,0.64073265,34.89614,0.7142289,1.0,0.7142289,0.11461106,0.64073265,0.0,0.0,0.64073265,0.0017941091,0.94327515,0.11461106,1.4604893,1.4511006,34.89614,-0.14092314,1.8383216,156.12766,0.56723636,0.56723636,1.0,156.12766,0.8394626,0.056724846,1.4604893,0.0017941091,0.7142289,0.041089125,0.0,1.4511006,1.8383216,0.56723636,0.14092314,0.0,0.7142289,0.14092314,0.8827795,0.56723636,1.0,0.64073265,lookahead,beam_orig3_bm3-s0to100br1-s100to200br0-s200to300br0
/work/T-REX/external/Proteina-Complexa/inference/search_binder_local_pipeline_32_PDL1_ALPHA_REPACK_v7_r003_cand_v7r003_hyp_0003_01_002_a33ac9851a300/job_0_n_176_id_37_beam_orig0_bm1-s0to100br3-s100to200br2-s200to300br1/job_0_n_176_id_37_beam_orig0_bm1-s0to100br3-s100to200br2-s200to300br1.pdb,148,"2,0,13,16,19,16,19,14,11,3,10,18,19,19,6,18,7,15,2,12,16,9,6,4,11,13,14,19,6,11,5,10,3,10,0,0,10,9,19,18,17,6,12,6,3,11,2,9,9,5,13,19,8,7,6,6,3,10,11,19,5,8,15,15,18,1,5,1,0,1,10,10,11,3,5,10,15,10,7,2,0,0,10,5,9,16,3,19,11,10,5,3,0,7,19,18,1,4,12,9,15,18,7,7,0,3,18,11,1,9,16,19,11,19,2,0,10,15,10,10,16,5,7,6,1,11,0,10,6,12,0,0,3,0,9,7,11,15,19,19,3,10,19,2,2,13,6,6,10,1,6,6,10,6,15,11,19,7,15,14,6,13,10,11,3,19,6,3,9,19,11,11,8,5,0,0,0,0,0,0,0,0,0,0,0,0,0,0,0,0,0,0,0,0,0,0,0,0,0,0,0,0,0,0,0,0,0,0,0,0,0,0,0,0,0,0,0,0,0,0,0,0,0,0,0,0,0,0,0,0,0,0,0",-0.17175959,0.05835291,3.0,0.5134361,26.207125,0.59356284,1.0,0.59356284,0.14293146,0.5134361,0.0,0.0,0.5134361,0.0024440081,0.8992988,0.14293146,0.61569285,1.66415,26.207125,-0.17175959,2.1519833,153.7944,0.43330932,0.43330932,1.0,153.7944,0.7783842,0.100701205,0.61569285,0.0024440081,0.59356284,0.05835291,0.0,1.66415,2.1519833,0.43330932,0.17175959,0.0,0.59356284,0.17175959,0.86402273,0.43330932,1.0,0.5134361,lookahead,beam_orig0_bm1-s0to100br3-s100to200br2-s200to300br1
/work/T-REX/external/Proteina-Complexa/inference/search_binder_local_pipeline_32_PDL1_ALPHA_REPACK_v7_r003_cand_v7r003_hyp_0003_01_002_a33ac9851a300/job_0_n_229_id_37_beam_orig1_bm2-s0to100br1-s100to200br0-s200to300br1/job_0_n_229_id_37_beam_orig1_bm2-s0to100br1-s100to200br0-s200to300br1.pdb,149,"2,0,13,16,19,16,19,14,11,3,10,18,19,19,6,18,7,15,2,12,16,9,6,4,11,13,14,19,6,11,5,10,3,10,0,0,10,9,19,18,17,6,12,6,3,11,2,9,9,5,13,19,8,7,6,6,3,10,11,19,5,8,15,15,18,1,5,1,0,1,10,10,11,3,5,10,15,10,7,2,0,0,10,5,9,16,3,19,11,10,5,3,0,7,19,18,1,4,12,9,15,18,7,7,0,3,18,11,1,9,16,19,11,19,2,0,0,13,16,19,16,19,14,11,3,10,18,19,19,6,18,7,15,2,12,16,9,6,4,11,13,14,19,6,11,5,10,3,10,0,0,10,9,19,18,17,6,12,6,3,11,2,9,9,5,13,19,8,7,6,6,3,10,11,19,5,8,15,15,18,1,5,1,0,1,10,10,11,3,5,10,15,10,7,2,0,0,10,5,9,16,3,19,11,10,5,3,0,7,19,18,1,4,12,9,15,18,7,7,0,3,18,11,1,9,16,19,11,19,0,0,0,0",-0.51402086,0.2854611,3.0,0.05058445,56.735134,0.05341285,1.0,0.05341285,0.30456087,0.012863312,0.0,0.0,0.05058445,0.0017528471,0.862152,0.30456087,4.879838,1.2666098,56.735134,-0.51402086,3.8177614,194.63182,0.012759449,0.04775605,1.0,194.63182,0.27160102,0.13784799,4.879838,0.0017528471,0.012967176,0.2854611,0.0,1.2666098,3.8177614,0.012759449,0.51402086,0.0,0.012967176,0.51402086,0.5931089,0.04775605,1.0,0.012863312,lookahead,beam_orig1_bm2-s0to100br1-s100to200br0-s200to300br1
/work/T-REX/external/Proteina-Complexa/inference/search_binder_local_pipeline_32_PDL1_ALPHA_REPACK_v7_r003_cand_v7r003_hyp_0003_01_002_a33ac9851a300/job_0_n_233_id_37_beam_orig2_bm2-s0to100br1-s100to200br2-s200to300br1/job_0_n_233_id_37_beam_orig2_bm2-s0to100br1-s100to200br2-s200to300br1.pdb,150,"2,0,13,16,19,16,19,14,11,3,10,18,19,19,6,18,7,15,2,12,16,9,6,4,11,13,14,19,6,11,5,10,3,10,0,0,10,9,19,18,17,6,12,6,3,11,2,9,9,5,13,19,8,7,6,6,3,10,11,19,5,8,15,15,18,1,5,1,0,1,10,10,11,3,5,10,15,10,7,2,0,0,10,5,9,16,3,19,11,10,5,3,0,7,19,18,1,4,12,9,15,18,7,7,0,3,18,11,1,9,16,19,11,19,2,0,0,13,16,19,16,19,14,11,3,10,18,19,19,6,18,7,15,2,12,16,9,6,4,11,13,14,19,6,11,5,10,3,10,0,0,10,9,19,18,17,6,12,6,3,11,2,9,9,5,13,19,8,7,6,6,3,10,11,19,5,8,15,15,18,1,5,1,0,1,10,10,11,3,5,10,15,10,7,2,0,0,10,5,9,16,3,19,11,10,5,3,0,7,19,18,1,4,12,9,15,18,7,7,0,3,18,11,1,9,16,19,11,19,2,0,14,14",-0.53095174,0.3019698,3.0,0.04614096,57.732826,0.048008986,1.0,0.048008986,0.31314796,0.012349755,0.0,0.0,0.04614096,0.004771831,0.8619317,0.31314796,4.7345257,1.2818421,57.732826,-0.53095174,3.9339058,194.95602,0.012088804,0.044272933,1.0,194.95602,0.26218444,0.13806832,4.7345257,0.004771831,0.0126107065,0.3019698,0.0,1.2818421,3.9339058,0.012088804,0.53095174,0.0,0.0126107065,0.53095174,0.58862203,0.044272933,1.0,0.012349755,lookahead,beam_orig2_bm2-s0to100br1-s100to200br2-s200to300br1
/work/T-REX/external/Proteina-Complexa/inference/search_binder_local_pipeline_32_PDL1_ALPHA_REPACK_v7_r003_cand_v7r003_hyp_0003_01_002_a33ac9851a300/job_0_n_180_id_37_beam_orig3_bm3-s0to100br1-s100to200br0-s200to300br1/job_0_n_180_id_37_beam_orig3_bm3-s0to100br1-s100to200br0-s200to300br1.pdb,151,"2,0,13,16,19,16,19,14,11,3,10,18,19,19,6,18,7,15,2,12,16,9,6,4,11,13,14,19,6,11,5,10,3,10,0,0,10,9,19,18,17,6,12,6,3,11,2,9,9,5,13,19,8,7,6,6,3,10,11,19,5,8,15,15,18,1,5,1,0,1,10,10,11,3,5,10,15,10,7,2,0,0,10,5,9,16,3,19,11,10,5,3,0,7,19,18,1,4,12,9,15,18,7,7,0,3,18,11,1,9,16,19,11,19,2,0,2,3,9,15,6,11,19,11,10,0,15,6,11,13,2,10,15,0,6,3,15,5,0,10,18,2,0,10,6,13,7,15,6,6,6,16,15,6,19,9,2,6,9,0,3,11,18,2,10,2,2,6,5,11,13,6,10,10,11,9,19,16,15,6,0,0,0,0,0,0,0,0,0,0,0,0,0,0,0,0,0,0,0,0,0,0,0,0,0,0,0,0,0,0,0,0,0,0,0,0,0,0,0,0,0,0,0,0,0,0,0,0,0,0,0,0,0",-0.1710869,0.05703121,3.0,0.51217324,27.12754,0.58875024,1.0,0.58875024,0.1369157,0.51217324,0.0,0.0,0.51217324,0.0021909531,0.924028,0.1369157,1.2393421,1.4969662,27.12754,-0.1710869,2.1193492,144.96078,0.43559626,0.43559626,1.0,144.96078,0.7805223,0.075972036,1.2393421,0.0021909531,0.58875024,0.05703121,0.0,1.4969662,2.1193492,0.43559626,0.1710869,0.0,0.58875024,0.1710869,0.8603485,0.43559626,1.0,0.51217324,lookahead,beam_orig3_bm3-s0to100br1-s100to200br0-s200to300br1
/work/T-REX/external/Proteina-Complexa/inference/search_binder_local_pipeline_32_PDL1_ALPHA_REPACK_v7_r003_cand_v7r003_hyp_0003_01_002_a33ac9851a300/job_0_n_176_id_38_beam_orig0_bm1-s0to100br3-s100to200br2-s200to300br2/job_0_n_176_id_38_beam_orig0_bm1-s0to100br3-s100to200br2-s200to300br2.pdb,152,"2,0,13,16,19,16,19,14,11,3,10,18,19,19,6,18,7,15,2,12,16,9,6,4,11,13,14,19,6,11,5,10,3,10,0,0,10,9,19,18,17,6,12,6,3,11,2,9,9,5,13,19,8,7,6,6,3,10,11,19,5,8,15,15,18,1,5,1,0,1,10,10,11,3,5,10,15,10,7,2,0,0,10,5,9,16,3,19,11,10,5,3,0,7,19,18,1,4,12,9,15,18,7,7,0,3,18,11,1,9,16,19,11,19,2,0,10,15,15,10,15,6,15,6,1,11,16,10,6,10,0,0,3,15,10,7,19,15,19,19,6,10,9,6,2,13,3,5,10,11,0,6,10,6,11,1,19,7,15,0,7,13,10,11,3,19,6,2,9,19,11,11,8,11,0,15,0,0,0,0,0,0,0,0,0,0,0,0,0,0,0,0,0,0,0,0,0,0,0,0,0,0,0,0,0,0,0,0,0,0,0,0,0,0,0,0,0,0,0,0,0,0,0,0,0,0,0,0,0,0,0,0,0",-0.16448997,0.056418594,3.0,0.54135215,22.673388,0.62520987,1.0,0.62520987,0.13744655,0.54135215,0.0,0.0,0.54135215,0.003321927,0.9108304,0.13744655,0.714402,1.5000194,22.673388,-0.16448997,1.9900175,138.5158,0.4574944,0.4574944,1.0,138.5158,0.8001787,0.08916965,0.714402,0.003321927,0.62520987,0.056418594,0.0,1.5000194,1.9900175,0.4574944,0.16448997,0.0,0.62520987,0.16448997,0.8704523,0.4574944,1.0,0.54135215,lookahead,beam_orig0_bm1-s0to100br3-s100to200br2-s200to300br2
/work/T-REX/external/Proteina-Complexa/inference/search_binder_local_pipeline_32_PDL1_ALPHA_REPACK_v7_r003_cand_v7r003_hyp_0003_01_002_a33ac9851a300/job_0_n_229_id_38_beam_orig1_bm2-s0to100br1-s100to200br0-s200to300br2/job_0_n_229_id_38_beam_orig1_bm2-s0to100br1-s100to200br0-s200to300br2.pdb,153,"2,0,13,16,19,16,19,14,11,3,10,18,19,19,6,18,7,15,2,12,16,9,6,4,11,13,14,19,6,11,5,10,3,10,0,0,10,9,19,18,17,6,12,6,3,11,2,9,9,5,13,19,8,7,6,6,3,10,11,19,5,8,15,15,18,1,5,1,0,1,10,10,11,3,5,10,15,10,7,2,0,0,10,5,9,16,3,19,11,10,5,3,0,7,19,18,1,4,12,9,15,18,7,7,0,3,18,11,1,9,16,19,11,19,2,0,0,13,16,19,16,19,14,11,3,10,18,19,19,6,18,7,15,2,12,16,9,6,4,11,13,14,19,6,11,5,10,3,10,0,0,10,9,19,18,17,6,12,6,3,11,2,9,9,5,13,19,8,7,6,6,3,10,11,19,5,8,15,15,18,1,5,1,0,1,10,10,11,3,5,10,15,10,7,2,0,0,10,5,9,16,3,19,11,10,5,3,0,7,19,18,1,4,12,9,15,18,7,7,0,3,18,11,1,9,16,19,11,19,0,0,0,0",-0.50910395,0.2800689,3.0,0.05351892,64.189445,0.05712568,1.0,0.05712568,0.30248407,0.013184566,0.0,0.0,0.05351892,0.0018029503,0.8608345,0.30248407,5.29302,1.2706572,64.189445,-0.50910395,3.7994182,202.92566,0.012927372,0.049912166,1.0,202.92566,0.27311382,0.13916552,5.29302,0.0018029503,0.01344176,0.2800689,0.0,1.2706572,3.7994182,0.012927372,0.50910395,0.0,0.01344176,0.50910395,0.5937823,0.049912166,1.0,0.013184566,lookahead,beam_orig1_bm2-s0to100br1-s100to200br0-s200to300br2
/work/T-REX/external/Proteina-Complexa/inference/search_binder_local_pipeline_32_PDL1_ALPHA_REPACK_v7_r003_cand_v7r003_hyp_0003_01_002_a33ac9851a300/job_0_n_233_id_38_beam_orig2_bm2-s0to100br1-s100to200br2-s200to300br2/job_0_n_233_id_38_beam_orig2_bm2-s0to100br1-s100to200br2-s200to300br2.pdb,154,"2,0,13,16,19,16,19,14,11,3,10,18,19,19,6,18,7,15,2,12,16,9,6,4,11,13,14,19,6,11,5,10,3,10,0,0,10,9,19,18,17,6,12,6,3,11,2,9,9,5,13,19,8,7,6,6,3,10,11,19,5,8,15,15,18,1,5,1,0,1,10,10,11,3,5,10,15,10,7,2,0,0,10,5,9,16,3,19,11,10,5,3,0,7,19,18,1,4,12,9,15,18,7,7,0,3,18,11,1,9,16,19,11,19,2,0,0,13,16,19,16,19,14,11,3,10,18,19,19,6,18,7,15,2,12,16,9,6,4,11,13,14,19,6,11,5,10,3,10,0,0,10,9,19,18,17,6,12,6,3,11,2,9,9,5,13,19,8,7,6,6,3,10,11,19,5,8,15,15,18,1,5,1,0,1,10,10,11,3,5,10,15,10,7,2,0,0,10,5,9,16,3,19,11,10,5,3,0,7,19,18,1,4,12,9,15,18,7,7,0,3,18,11,1,9,16,19,11,19,2,0,14,15",-0.5239628,0.29424137,3.0,0.048433214,60.13732,0.050349317,1.0,0.050349317,0.3099373,0.012624953,0.0,0.0,0.048433214,0.0031258008,0.86110014,0.3099373,5.0578256,1.2790186,60.13732,-0.5239628,3.9176948,194.31404,0.012164346,0.04651711,1.0,194.31404,0.2652272,0.13889986,5.0578256,0.0031258008,0.01308556,0.29424137,0.0,1.2790186,3.9176948,0.012164346,0.5239628,0.0,0.01308556,0.5239628,0.58935386,0.04651711,1.0,0.012624953,lookahead,beam_orig2_bm2-s0to100br1-s100to200br2-s200to300br2
/work/T-REX/external/Proteina-Complexa/inference/search_binder_local_pipeline_32_PDL1_ALPHA_REPACK_v7_r003_cand_v7r003_hyp_0003_01_002_a33ac9851a300/job_0_n_180_id_38_beam_orig3_bm3-s0to100br1-s100to200br0-s200to300br2/job_0_n_180_id_38_beam_orig3_bm3-s0to100br1-s100to200br0-s200to300br2.pdb,155,"2,0,13,16,19,16,19,14,11,3,10,18,19,19,6,18,7,15,2,12,16,9,6,4,11,13,14,19,6,11,5,10,3,10,0,0,10,9,19,18,17,6,12,6,3,11,2,9,9,5,13,19,8,7,6,6,3,10,11,19,5,8,15,15,18,1,5,1,0,1,10,10,11,3,5,10,15,10,7,2,0,0,10,5,9,16,3,19,11,10,5,3,0,7,19,18,1,4,12,9,15,18,7,7,0,3,18,11,1,9,16,19,11,19,2,0,15,15,9,3,6,0,19,11,6,0,15,6,11,13,11,10,2,0,6,3,16,11,6,10,11,16,19,10,6,2,7,15,3,6,6,1,16,6,13,9,2,2,10,7,3,11,18,11,10,16,2,6,5,11,13,6,10,10,11,9,19,15,11,6,0,0,0,0,0,0,0,0,0,0,0,0,0,0,0,0,0,0,0,0,0,0,0,0,0,0,0,0,0,0,0,0,0,0,0,0,0,0,0,0,0,0,0,0,0,0,0,0,0,0,0,0,0",-0.19078718,0.06548523,3.0,0.44491726,53.23665,0.5091648,1.0,0.5091648,0.1551601,0.44491726,0.0,0.0,0.44491726,0.0033113714,0.8917821,0.1551601,2.5195644,1.6915662,53.23665,-0.19078718,2.2584145,188.54082,0.38066968,0.38066968,1.0,188.54082,0.7502562,0.10821788,2.5195644,0.0033113714,0.5091648,0.06548523,0.0,1.6915662,2.2584145,0.38066968,0.19078718,0.0,0.5091648,0.19078718,0.8486197,0.38066968,1.0,0.44491726,lookahead,beam_orig3_bm3-s0to100br1-s100to200br0-s200to300br2
/work/T-REX/external/Proteina-Complexa/inference/search_binder_local_pipeline_32_PDL1_ALPHA_REPACK_v7_r003_cand_v7r003_hyp_0003_01_002_a33ac9851a300/job_0_n_176_id_39_beam_orig0_bm1-s0to100br3-s100to200br2-s200to300br3/job_0_n_176_id_39_beam_orig0_bm1-s0to100br3-s100to200br2-s200to300br3.pdb,156,"2,0,13,16,19,16,19,14,11,3,10,18,19,19,6,18,7,15,2,12,16,9,6,4,11,13,14,19,6,11,5,10,3,10,0,0,10,9,19,18,17,6,12,6,3,11,2,9,9,5,13,19,8,7,6,6,3,10,11,19,5,8,15,15,18,1,5,1,0,1,10,10,11,3,5,10,15,10,7,2,0,0,10,5,9,16,3,19,11,10,5,3,0,7,19,18,1,4,12,9,15,18,7,7,0,3,18,11,1,9,16,19,11,19,2,0,10,15,15,10,16,6,7,5,1,1,16,10,6,12,0,0,3,0,10,7,19,11,19,19,6,10,9,6,2,18,3,5,10,11,0,6,10,6,15,11,19,7,15,0,6,13,10,11,3,19,6,2,16,9,11,3,18,11,0,15,0,0,0,0,0,0,0,0,0,0,0,0,0,0,0,0,0,0,0,0,0,0,0,0,0,0,0,0,0,0,0,0,0,0,0,0,0,0,0,0,0,0,0,0,0,0,0,0,0,0,0,0,0,0,0,0,0",-0.17264901,0.065720834,3.0,0.4737379,21.954613,0.5537954,1.0,0.5537954,0.14009897,0.4737379,0.0,0.0,0.4737379,0.0010437032,0.9095271,0.14009897,0.66190267,1.4667999,21.954613,-0.17264901,2.1573699,146.64659,0.3936804,0.3936804,1.0,146.64659,0.76353836,0.09047286,0.66190267,0.0010437032,0.5537954,0.065720834,0.0,1.4667999,2.1573699,0.3936804,0.17264901,0.0,0.5537954,0.17264901,0.8521215,0.3936804,1.0,0.4737379,lookahead,beam_orig0_bm1-s0to100br3-s100to200br2-s200to300br3
/work/T-REX/external/Proteina-Complexa/inference/search_binder_local_pipeline_32_PDL1_ALPHA_REPACK_v7_r003_cand_v7r003_hyp_0003_01_002_a33ac9851a300/job_0_n_229_id_39_beam_orig1_bm2-s0to100br1-s100to200br0-s200to300br3/job_0_n_229_id_39_beam_orig1_bm2-s0to100br1-s100to200br0-s200to300br3.pdb,157,"2,0,13,16,19,16,19,14,11,3,10,18,19,19,6,18,7,15,2,12,16,9,6,4,11,13,14,19,6,11,5,10,3,10,0,0,10,9,19,18,17,6,12,6,3,11,2,9,9,5,13,19,8,7,6,6,3,10,11,19,5,8,15,15,18,1,5,1,0,1,10,10,11,3,5,10,15,10,7,2,0,0,10,5,9,16,3,19,11,10,5,3,0,7,19,18,1,4,12,9,15,18,7,7,0,3,18,11,1,9,16,19,11,19,2,0,0,13,16,19,16,19,14,11,3,10,18,19,19,6,18,7,15,2,12,16,9,6,4,11,13,14,19,6,11,5,10,3,10,0,0,10,9,19,18,17,6,12,6,3,11,2,9,9,5,13,19,8,7,6,6,3,10,11,19,5,8,15,15,18,1,5,1,0,1,10,10,11,3,5,10,15,10,7,2,0,0,10,5,9,16,3,19,11,10,5,3,0,7,19,18,1,4,12,9,15,18,7,7,0,3,18,11,1,9,16,19,11,19,0,0,0,0",-0.52442056,0.29658228,3.0,0.047007114,54.705296,0.05041397,1.0,0.05041397,0.3102888,0.012519876,0.0,0.0,0.047007114,0.0018247925,0.8616736,0.3102888,4.6592994,1.2761194,54.705296,-0.52442056,3.846841,199.19847,0.0122047765,0.043600254,1.0,199.19847,0.26571596,0.13832638,4.6592994,0.0018247925,0.012834974,0.29658228,0.0,1.2761194,3.846841,0.0122047765,0.52442056,0.0,0.012834974,0.52442056,0.59032273,0.043600254,1.0,0.012519876,lookahead,beam_orig1_bm2-s0to100br1-s100to200br0-s200to300br3
/work/T-REX/external/Proteina-Complexa/inference/search_binder_local_pipeline_32_PDL1_ALPHA_REPACK_v7_r003_cand_v7r003_hyp_0003_01_002_a33ac9851a300/job_0_n_233_id_39_beam_orig2_bm2-s0to100br1-s100to200br2-s200to300br3/job_0_n_233_id_39_beam_orig2_bm2-s0to100br1-s100to200br2-s200to300br3.pdb,158,"2,0,13,16,19,16,19,14,11,3,10,18,19,19,6,18,7,15,2,12,16,9,6,4,11,13,14,19,6,11,5,10,3,10,0,0,10,9,19,18,17,6,12,6,3,11,2,9,9,5,13,19,8,7,6,6,3,10,11,19,5,8,15,15,18,1,5,1,0,1,10,10,11,3,5,10,15,10,7,2,0,0,10,5,9,16,3,19,11,10,5,3,0,7,19,18,1,4,12,9,15,18,7,7,0,3,18,11,1,9,16,19,11,19,2,0,0,13,16,19,16,19,14,11,3,10,18,19,19,6,18,7,15,2,12,16,9,6,4,11,13,14,19,6,11,5,10,3,10,0,0,10,9,19,18,17,6,12,6,3,11,2,9,9,5,13,19,8,7,6,6,3,10,11,19,5,8,15,15,18,1,5,1,0,1,10,10,11,3,5,10,15,10,7,2,0,0,10,5,9,16,3,19,11,10,5,3,0,7,19,18,1,4,12,9,15,18,7,7,0,3,18,11,1,9,16,19,11,19,2,0,14,15",-0.5180272,0.28774542,3.0,0.05119407,62.945183,0.05329621,1.0,0.05329621,0.30648974,0.012844086,0.0,0.0,0.05119407,0.0030945286,0.8617041,0.30648974,5.315152,1.2689891,62.945183,-0.5180272,3.8952434,196.6145,0.012476866,0.049091935,1.0,196.6145,0.2675174,0.13829586,5.315152,0.0030945286,0.013211304,0.28774542,0.0,1.2689891,3.8952434,0.012476866,0.5180272,0.0,0.013211304,0.5180272,0.5908876,0.049091935,1.0,0.012844086,lookahead,beam_orig2_bm2-s0to100br1-s100to200br2-s200to300br3
/work/T-REX/external/Proteina-Complexa/inference/search_binder_local_pipeline_32_PDL1_ALPHA_REPACK_v7_r003_cand_v7r003_hyp_0003_01_002_a33ac9851a300/job_0_n_180_id_39_beam_orig3_bm3-s0to100br1-s100to200br0-s200to300br3/job_0_n_180_id_39_beam_orig3_bm3-s0to100br1-s100to200br0-s200to300br3.pdb,159,"2,0,13,16,19,16,19,14,11,3,10,18,19,19,6,18,7,15,2,12,16,9,6,4,11,13,14,19,6,11,5,10,3,10,0,0,10,9,19,18,17,6,12,6,3,11,2,9,9,5,13,19,8,7,6,6,3,10,11,19,5,8,15,15,18,1,5,1,0,1,10,10,11,3,5,10,15,10,7,2,0,0,10,5,9,16,3,19,11,10,5,3,0,7,19,18,1,4,12,9,15,18,7,7,0,3,18,11,1,9,16,19,11,19,2,0,15,3,9,3,10,11,19,5,6,0,15,6,11,13,11,10,15,3,6,3,11,6,0,10,18,11,0,10,2,2,7,15,6,5,6,11,15,3,19,19,2,6,9,0,3,11,18,11,10,2,3,6,5,11,13,6,10,10,11,9,19,15,5,15,0,0,0,0,0,0,0,0,0,0,0,0,0,0,0,0,0,0,0,0,0,0,0,0,0,0,0,0,0,0,0,0,0,0,0,0,0,0,0,0,0,0,0,0,0,0,0,0,0,0,0,0,0",-0.151326,0.045511436,3.0,0.59198475,29.58181,0.66016835,1.0,0.66016835,0.12415981,0.59198475,0.0,0.0,0.59198475,0.001905676,0.9295819,0.12415981,1.4262763,1.5016277,29.58181,-0.151326,1.9496937,151.95355,0.5238012,0.5238012,1.0,151.95355,0.82231677,0.07041812,1.4262763,0.001905676,0.66016835,0.045511436,0.0,1.5016277,1.9496937,0.5238012,0.151326,0.0,0.66016835,0.151326,0.8755826,0.5238012,1.0,0.59198475,lookahead,beam_orig3_bm3-s0to100br1-s100to200br0-s200to300br3
/work/T-REX/external/Proteina-Complexa/inference/search_binder_local_pipeline_32_PDL1_ALPHA_REPACK_v7_r003_cand_v7r003_hyp_0003_01_002_a33ac9851a300/job_0_n_176_id_40_beam_orig0_bm2-s0to100br3-s100to200br1-s200to300br0/job_0_n_176_id_40_beam_orig0_bm2-s0to100br3-s100to200br1-s200to300br0.pdb,160,"2,0,13,16,19,16,19,14,11,3,10,18,19,19,6,18,7,15,2,12,16,9,6,4,11,13,14,19,6,11,5,10,3,10,0,0,10,9,19,18,17,6,12,6,3,11,2,9,9,5,13,19,8,7,6,6,3,10,11,19,5,8,15,15,18,1,5,1,0,1,10,10,11,3,5,10,15,10,7,2,0,0,10,5,9,16,3,19,11,10,5,3,0,7,19,18,1,4,12,9,15,18,7,7,0,3,18,11,1,9,16,19,11,19,2,0,0,11,5,7,9,6,19,10,6,3,14,6,10,10,6,2,0,11,2,13,0,11,11,10,10,1,3,7,11,15,19,19,6,0,0,11,3,10,5,9,10,18,2,10,2,13,11,3,0,10,16,19,19,11,6,0,10,11,6,5,0,0,0,0,0,0,0,0,0,0,0,0,0,0,0,0,0,0,0,0,0,0,0,0,0,0,0,0,0,0,0,0,0,0,0,0,0,0,0,0,0,0,0,0,0,0,0,0,0,0,0,0,0,0,0,0,0",-0.22229096,0.08283379,3.0,0.37926242,68.57977,0.45916188,1.0,0.45916188,0.18852168,0.37839925,0.0,0.0,0.37926242,0.025046786,0.86179864,0.18852168,3.370144,1.6439714,68.57977,-0.22229096,2.35468,207.06093,0.29763663,0.29936296,1.0,207.06093,0.7050134,0.13820133,3.370144,0.025046786,0.45916188,0.08283379,0.0,1.6439714,2.35468,0.29763663,0.22229096,0.0,0.45916188,0.22229096,0.83636355,0.29936296,1.0,0.37839925,lookahead,beam_orig0_bm2-s0to100br3-s100to200br1-s200to300br0
/work/T-REX/external/Proteina-Complexa/inference/search_binder_local_pipeline_32_PDL1_ALPHA_REPACK_v7_r003_cand_v7r003_hyp_0003_01_002_a33ac9851a300/job_0_n_229_id_40_beam_orig1_bm2-s0to100br1-s100to200br3-s200to300br0/job_0_n_229_id_40_beam_orig1_bm2-s0to100br1-s100to200br3-s200to300br0.pdb,161,"2,0,13,16,19,16,19,14,11,3,10,18,19,19,6,18,7,15,2,12,16,9,6,4,11,13,14,19,6,11,5,10,3,10,0,0,10,9,19,18,17,6,12,6,3,11,2,9,9,5,13,19,8,7,6,6,3,10,11,19,5,8,15,15,18,1,5,1,0,1,10,10,11,3,5,10,15,10,7,2,0,0,10,5,9,16,3,19,11,10,5,3,0,7,19,18,1,4,12,9,15,18,7,7,0,3,18,11,1,9,16,19,11,19,2,0,0,13,16,19,16,19,14,11,3,10,18,19,19,6,18,7,15,2,12,16,9,6,4,11,13,14,19,6,11,5,10,3,10,0,0,10,9,19,18,17,6,12,6,3,11,2,9,9,5,13,19,8,7,6,6,3,10,11,19,5,8,15,15,18,1,5,1,0,1,10,10,11,3,5,10,15,10,7,2,0,0,10,5,9,16,3,19,11,10,5,3,0,7,19,18,1,4,12,9,15,18,7,7,0,3,18,11,1,9,16,19,11,19,0,0,0,0",-0.5199001,0.29232493,3.0,0.04874024,58.830807,0.051116563,1.0,0.051116563,0.30784187,0.012567248,0.0,0.0,0.04874024,0.0017528338,0.86159635,0.30784187,4.858749,1.2718836,58.830807,-0.5199001,3.8338017,199.20956,0.012182194,0.04636392,1.0,199.20956,0.26814073,0.13840362,4.858749,0.0017528338,0.0129523035,0.29232493,0.0,1.2718836,3.8338017,0.012182194,0.5199001,0.0,0.0129523035,0.5199001,0.5914251,0.04636392,1.0,0.012567248,lookahead,beam_orig1_bm2-s0to100br1-s100to200br3-s200to300br0
/work/T-REX/external/Proteina-Complexa/inference/search_binder_local_pipeline_32_PDL1_ALPHA_REPACK_v7_r003_cand_v7r003_hyp_0003_01_002_a33ac9851a300/job_0_n_233_id_40_beam_orig2_bm0-s0to100br2-s100to200br0-s200to300br0/job_0_n_233_id_40_beam_orig2_bm0-s0to100br2-s100to200br0-s200to300br0.pdb,162,"2,0,13,16,19,16,19,14,11,3,10,18,19,19,6,18,7,15,2,12,16,9,6,4,11,13,14,19,6,11,5,10,3,10,0,0,10,9,19,18,17,6,12,6,3,11,2,9,9,5,13,19,8,7,6,6,3,10,11,19,5,8,15,15,18,1,5,1,0,1,10,10,11,3,5,10,15,10,7,2,0,0,10,5,9,16,3,19,11,10,5,3,0,7,19,18,1,4,12,9,15,18,7,7,0,3,18,11,1,9,16,19,11,19,2,0,0,13,16,19,16,19,14,11,3,10,18,19,19,6,18,7,15,2,12,16,9,6,4,11,13,14,19,6,11,5,10,3,10,0,0,10,9,19,18,17,6,12,6,3,11,2,9,9,5,13,19,8,7,6,6,3,10,11,19,5,8,15,15,18,1,5,1,0,1,10,10,11,3,5,10,15,10,7,2,0,0,10,5,9,16,3,19,11,10,5,3,0,7,19,18,1,4,12,9,15,18,7,7,0,3,18,11,1,9,16,19,11,19,2,0,14,0",-0.5225376,0.28878957,3.0,0.048587065,56.47182,0.050898824,1.0,0.050898824,0.30921662,0.012777129,0.0,0.0,0.048587065,0.002591639,0.8607357,0.30921662,4.3353696,1.2753634,56.47182,-0.5225376,3.9091642,196.36502,0.012583531,0.046275306,1.0,196.36502,0.26416343,0.1392643,4.3353696,0.002591639,0.012970726,0.28878957,0.0,1.2753634,3.9091642,0.012583531,0.5225376,0.0,0.012970726,0.5225376,0.5889927,0.046275306,1.0,0.012777129,lookahead,beam_orig2_bm0-s0to100br2-s100to200br0-s200to300br0
/work/T-REX/external/Proteina-Complexa/inference/search_binder_local_pipeline_32_PDL1_ALPHA_REPACK_v7_r003_cand_v7r003_hyp_0003_01_002_a33ac9851a300/job_0_n_180_id_40_beam_orig3_bm2-s0to100br2-s100to200br1-s200to300br0/job_0_n_180_id_40_beam_orig3_bm2-s0to100br2-s100to200br1-s200to300br0.pdb,163,"2,0,13,16,19,16,19,14,11,3,10,18,19,19,6,18,7,15,2,12,16,9,6,4,11,13,14,19,6,11,5,10,3,10,0,0,10,9,19,18,17,6,12,6,3,11,2,9,9,5,13,19,8,7,6,6,3,10,11,19,5,8,15,15,18,1,5,1,0,1,10,10,11,3,5,10,15,10,7,2,0,0,10,5,9,16,3,19,11,10,5,3,0,7,19,18,1,4,12,9,15,18,7,7,0,3,18,11,1,9,16,19,11,19,2,0,15,15,6,2,10,2,10,0,11,15,1,6,6,6,0,11,11,6,6,0,0,7,2,18,6,6,0,0,11,11,18,6,6,0,0,11,9,18,12,6,9,7,2,18,3,6,0,7,11,0,10,3,1,0,11,6,12,1,5,11,0,6,6,0,0,0,0,0,0,0,0,0,0,0,0,0,0,0,0,0,0,0,0,0,0,0,0,0,0,0,0,0,0,0,0,0,0,0,0,0,0,0,0,0,0,0,0,0,0,0,0,0,0,0,0,0,0",-0.1917333,0.061112724,3.0,0.45552704,39.980705,0.55239004,1.0,0.55239004,0.15043335,0.45552704,0.0,0.0,0.45552704,0.021121042,0.9327681,0.15043335,2.074679,1.2907724,39.980705,-0.1917333,2.1208205,135.6412,0.35866404,0.35866404,1.0,135.6412,0.7681551,0.06723189,2.074679,0.021121042,0.55239004,0.061112724,0.0,1.2907724,2.1208205,0.35866404,0.1917333,0.0,0.55239004,0.1917333,0.84981513,0.35866404,1.0,0.45552704,lookahead,beam_orig3_bm2-s0to100br2-s100to200br1-s200to300br0
/work/T-REX/external/Proteina-Complexa/inference/search_binder_local_pipeline_32_PDL1_ALPHA_REPACK_v7_r003_cand_v7r003_hyp_0003_01_002_a33ac9851a300/job_0_n_176_id_41_beam_orig0_bm2-s0to100br3-s100to200br1-s200to300br1/job_0_n_176_id_41_beam_orig0_bm2-s0to100br3-s100to200br1-s200to300br1.pdb,164,"2,0,13,16,19,16,19,14,11,3,10,18,19,19,6,18,7,15,2,12,16,9,6,4,11,13,14,19,6,11,5,10,3,10,0,0,10,9,19,18,17,6,12,6,3,11,2,9,9,5,13,19,8,7,6,6,3,10,11,19,5,8,15,15,18,1,5,1,0,1,10,10,11,3,5,10,15,10,7,2,0,0,10,5,9,16,3,19,11,10,5,3,0,7,19,18,1,4,12,9,15,18,7,7,0,3,18,11,1,9,16,19,11,19,2,0,0,19,19,7,19,6,19,10,11,3,14,19,0,10,6,2,0,11,2,13,0,1,11,10,10,1,3,7,11,15,19,0,0,0,0,1,3,10,5,9,12,18,2,10,2,18,5,3,0,10,11,19,19,11,12,19,10,6,6,6,0,0,0,0,0,0,0,0,0,0,0,0,0,0,0,0,0,0,0,0,0,0,0,0,0,0,0,0,0,0,0,0,0,0,0,0,0,0,0,0,0,0,0,0,0,0,0,0,0,0,0,0,0,0,0,0,0",-0.17637928,0.05564633,3.0,0.5044097,55.69093,0.5978849,1.0,0.5978849,0.14929067,0.5044097,0.0,0.0,0.5044097,0.0036258232,0.8982409,0.14929067,3.1368086,1.5187478,55.69093,-0.17637928,2.073052,191.99788,0.41093442,0.41093442,1.0,191.99788,0.77088153,0.101759106,3.1368086,0.0036258232,0.5978849,0.05564633,0.0,1.5187478,2.073052,0.41093442,0.17637928,0.0,0.5978849,0.17637928,0.8634919,0.41093442,1.0,0.5044097,lookahead,beam_orig0_bm2-s0to100br3-s100to200br1-s200to300br1
/work/T-REX/external/Proteina-Complexa/inference/search_binder_local_pipeline_32_PDL1_ALPHA_REPACK_v7_r003_cand_v7r003_hyp_0003_01_002_a33ac9851a300/job_0_n_229_id_41_beam_orig1_bm2-s0to100br1-s100to200br3-s200to300br1/job_0_n_229_id_41_beam_orig1_bm2-s0to100br1-s100to200br3-s200to300br1.pdb,165,"2,0,13,16,19,16,19,14,11,3,10,18,19,19,6,18,7,15,2,12,16,9,6,4,11,13,14,19,6,11,5,10,3,10,0,0,10,9,19,18,17,6,12,6,3,11,2,9,9,5,13,19,8,7,6,6,3,10,11,19,5,8,15,15,18,1,5,1,0,1,10,10,11,3,5,10,15,10,7,2,0,0,10,5,9,16,3,19,11,10,5,3,0,7,19,18,1,4,12,9,15,18,7,7,0,3,18,11,1,9,16,19,11,19,2,0,0,13,16,19,16,19,14,11,3,10,18,19,19,6,18,7,15,2,12,16,9,6,4,11,13,14,19,6,11,5,10,3,10,0,0,10,9,19,18,17,6,12,6,3,11,2,9,9,5,13,19,8,7,6,6,3,10,11,19,5,8,15,15,18,1,5,1,0,1,10,10,11,3,5,10,15,10,7,2,0,0,10,5,9,16,3,19,11,10,5,3,0,7,19,18,1,4,12,9,15,18,7,7,0,3,18,11,1,9,16,19,11,19,0,0,0,0",-0.518032,0.2901869,3.0,0.04964317,59.447704,0.052369125,1.0,0.052369125,0.3068548,0.012643574,0.0,0.0,0.04964317,0.0017477326,0.8614301,0.3068548,4.9584756,1.2730213,59.447704,-0.518032,3.8301308,195.13945,0.012351092,0.046917215,1.0,195.13945,0.2687732,0.13856989,4.9584756,0.0017477326,0.012936055,0.2901869,0.0,1.2730213,3.8301308,0.012351092,0.518032,0.0,0.012936055,0.518032,0.5916754,0.046917215,1.0,0.012643574,lookahead,beam_orig1_bm2-s0to100br1-s100to200br3-s200to300br1
/work/T-REX/external/Proteina-Complexa/inference/search_binder_local_pipeline_32_PDL1_ALPHA_REPACK_v7_r003_cand_v7r003_hyp_0003_01_002_a33ac9851a300/job_0_n_233_id_41_beam_orig2_bm0-s0to100br2-s100to200br0-s200to300br1/job_0_n_233_id_41_beam_orig2_bm0-s0to100br2-s100to200br0-s200to300br1.pdb,166,"2,0,13,16,19,16,19,14,11,3,10,18,19,19,6,18,7,15,2,12,16,9,6,4,11,13,14,19,6,11,5,10,3,10,0,0,10,9,19,18,17,6,12,6,3,11,2,9,9,5,13,19,8,7,6,6,3,10,11,19,5,8,15,15,18,1,5,1,0,1,10,10,11,3,5,10,15,10,7,2,0,0,10,5,9,16,3,19,11,10,5,3,0,7,19,18,1,4,12,9,15,18,7,7,0,3,18,11,1,9,16,19,11,19,2,0,0,13,16,19,16,19,14,11,3,10,18,19,19,6,18,7,15,2,12,16,9,6,4,11,13,14,19,6,11,5,10,3,10,0,0,10,9,19,18,17,6,12,6,3,11,2,9,9,5,13,19,8,7,6,6,3,10,11,19,5,8,15,15,18,1,5,1,0,1,10,10,11,3,5,10,15,10,7,2,0,0,10,5,9,16,3,19,11,10,5,3,0,7,19,18,1,4,12,9,15,18,7,7,0,3,18,11,1,9,16,19,11,19,2,0,14,0",-0.5336623,0.30086905,3.0,0.044084534,54.928337,0.045277573,1.0,0.045277573,0.31525314,0.012230493,0.0,0.0,0.044084534,0.002663752,0.86130667,0.31525314,4.01071,1.2834554,54.928337,-0.5336623,3.9362307,198.14635,0.011990237,0.0428915,1.0,198.14635,0.259271,0.13869333,4.01071,0.002663752,0.01247075,0.30086905,0.0,1.2834554,3.9362307,0.011990237,0.5336623,0.0,0.01247075,0.5336623,0.586566,0.0428915,1.0,0.012230493,lookahead,beam_orig2_bm0-s0to100br2-s100to200br0-s200to300br1
/work/T-REX/external/Proteina-Complexa/inference/search_binder_local_pipeline_32_PDL1_ALPHA_REPACK_v7_r003_cand_v7r003_hyp_0003_01_002_a33ac9851a300/job_0_n_180_id_41_beam_orig3_bm2-s0to100br2-s100to200br1-s200to300br1/job_0_n_180_id_41_beam_orig3_bm2-s0to100br2-s100to200br1-s200to300br1.pdb,167,"2,0,13,16,19,16,19,14,11,3,10,18,19,19,6,18,7,15,2,12,16,9,6,4,11,13,14,19,6,11,5,10,3,10,0,0,10,9,19,18,17,6,12,6,3,11,2,9,9,5,13,19,8,7,6,6,3,10,11,19,5,8,15,15,18,1,5,1,0,1,10,10,11,3,5,10,15,10,7,2,0,0,10,5,9,16,3,19,11,10,5,3,0,7,19,18,1,4,12,9,15,18,7,7,0,3,18,11,1,9,16,19,11,19,2,0,15,3,0,2,10,2,10,0,10,15,1,6,5,6,0,11,6,6,6,0,11,7,2,18,0,6,0,0,11,11,18,6,6,0,0,11,9,18,12,5,10,7,2,18,3,6,0,7,11,10,10,3,11,0,11,6,10,1,6,11,0,0,5,11,0,0,0,0,0,0,0,0,0,0,0,0,0,0,0,0,0,0,0,0,0,0,0,0,0,0,0,0,0,0,0,0,0,0,0,0,0,0,0,0,0,0,0,0,0,0,0,0,0,0,0,0,0",-0.17986123,0.05508642,3.0,0.50003254,38.824604,0.6003864,1.0,0.6003864,0.14469025,0.50003254,0.0,0.0,0.50003254,0.01069012,0.930059,0.14469025,2.0131285,1.3573666,38.824604,-0.17986123,2.106559,135.62871,0.39967877,0.39967877,1.0,135.62871,0.77541655,0.06994098,2.0131285,0.01069012,0.6003864,0.05508642,0.0,1.3573666,2.106559,0.39967877,0.17986123,0.0,0.6003864,0.17986123,0.86073077,0.39967877,1.0,0.50003254,lookahead,beam_orig3_bm2-s0to100br2-s100to200br1-s200to300br1
/work/T-REX/external/Proteina-Complexa/inference/search_binder_local_pipeline_32_PDL1_ALPHA_REPACK_v7_r003_cand_v7r003_hyp_0003_01_002_a33ac9851a300/job_0_n_176_id_42_beam_orig0_bm2-s0to100br3-s100to200br1-s200to300br2/job_0_n_176_id_42_beam_orig0_bm2-s0to100br3-s100to200br1-s200to300br2.pdb,168,"2,0,13,16,19,16,19,14,11,3,10,18,19,19,6,18,7,15,2,12,16,9,6,4,11,13,14,19,6,11,5,10,3,10,0,0,10,9,19,18,17,6,12,6,3,11,2,9,9,5,13,19,8,7,6,6,3,10,11,19,5,8,15,15,18,1,5,1,0,1,10,10,11,3,5,10,15,10,7,2,0,0,10,5,9,16,3,19,11,10,5,3,0,7,19,18,1,4,12,9,15,18,7,7,0,3,18,11,1,9,16,19,11,19,2,0,0,11,5,7,16,6,19,10,6,3,14,19,10,10,6,2,0,11,2,13,0,1,11,10,10,1,3,7,11,15,19,0,7,0,0,1,3,10,5,9,12,18,2,10,2,13,11,3,0,10,11,19,19,1,5,19,10,5,6,6,0,0,0,0,0,0,0,0,0,0,0,0,0,0,0,0,0,0,0,0,0,0,0,0,0,0,0,0,0,0,0,0,0,0,0,0,0,0,0,0,0,0,0,0,0,0,0,0,0,0,0,0,0,0,0,0,0",-0.18345807,0.05574791,3.0,0.50975704,59.066357,0.60077995,1.0,0.60077995,0.15903047,0.50994617,0.0,0.0,0.50975704,0.019001266,0.8861548,0.15903047,2.8918445,1.5919971,59.066357,-0.18345807,2.0970452,193.69481,0.4191124,0.41873413,1.0,193.69481,0.764868,0.113845214,2.8918445,0.019001266,0.60077995,0.05574791,0.0,1.5919971,2.0970452,0.4191124,0.18345807,0.0,0.60077995,0.18345807,0.8622879,0.41873413,1.0,0.50994617,lookahead,beam_orig0_bm2-s0to100br3-s100to200br1-s200to300br2
/work/T-REX/external/Proteina-Complexa/inference/search_binder_local_pipeline_32_PDL1_ALPHA_REPACK_v7_r003_cand_v7r003_hyp_0003_01_002_a33ac9851a300/job_0_n_229_id_42_beam_orig1_bm2-s0to100br1-s100to200br3-s200to300br2/job_0_n_229_id_42_beam_orig1_bm2-s0to100br1-s100to200br3-s200to300br2.pdb,169,"2,0,13,16,19,16,19,14,11,3,10,18,19,19,6,18,7,15,2,12,16,9,6,4,11,13,14,19,6,11,5,10,3,10,0,0,10,9,19,18,17,6,12,6,3,11,2,9,9,5,13,19,8,7,6,6,3,10,11,19,5,8,15,15,18,1,5,1,0,1,10,10,11,3,5,10,15,10,7,2,0,0,10,5,9,16,3,19,11,10,5,3,0,7,19,18,1,4,12,9,15,18,7,7,0,3,18,11,1,9,16,19,11,19,2,0,0,13,16,19,16,19,14,11,3,10,18,19,19,6,18,7,15,2,12,16,9,6,4,11,13,14,19,6,11,5,10,3,10,0,0,10,9,19,18,17,6,12,6,3,11,2,9,9,5,13,19,8,7,6,6,3,10,11,19,5,8,15,15,18,1,5,1,0,1,10,10,11,3,5,10,15,10,7,2,0,0,10,5,9,16,3,19,11,10,5,3,0,7,19,18,1,4,12,9,15,18,7,7,0,3,18,11,1,9,16,19,11,19,0,0,0,0",-0.51529974,0.2892234,3.0,0.051124543,57.68383,0.0539999,1.0,0.0539999,0.30589202,0.012715811,0.0,0.0,0.051124543,0.0017874452,0.8606326,0.30589202,4.7105775,1.2798531,57.68383,-0.51529974,3.8226006,199.0943,0.01230889,0.04824919,1.0,199.0943,0.2721106,0.1393674,4.7105775,0.0017874452,0.013122731,0.2892234,0.0,1.2798531,3.8226006,0.01230889,0.51529974,0.0,0.013122731,0.51529974,0.5930599,0.04824919,1.0,0.012715811,lookahead,beam_orig1_bm2-s0to100br1-s100to200br3-s200to300br2
/work/T-REX/external/Proteina-Complexa/inference/search_binder_local_pipeline_32_PDL1_ALPHA_REPACK_v7_r003_cand_v7r003_hyp_0003_01_002_a33ac9851a300/job_0_n_233_id_42_beam_orig2_bm0-s0to100br2-s100to200br0-s200to300br2/job_0_n_233_id_42_beam_orig2_bm0-s0to100br2-s100to200br0-s200to300br2.pdb,170,"2,0,13,16,19,16,19,14,11,3,10,18,19,19,6,18,7,15,2,12,16,9,6,4,11,13,14,19,6,11,5,10,3,10,0,0,10,9,19,18,17,6,12,6,3,11,2,9,9,5,13,19,8,7,6,6,3,10,11,19,5,8,15,15,18,1,5,1,0,1,10,10,11,3,5,10,15,10,7,2,0,0,10,5,9,16,3,19,11,10,5,3,0,7,19,18,1,4,12,9,15,18,7,7,0,3,18,11,1,9,16,19,11,19,2,0,0,13,16,19,16,19,14,11,3,10,18,19,19,6,18,7,15,2,12,16,9,6,4,11,13,14,19,6,11,5,10,3,10,0,0,10,9,19,18,17,6,12,6,3,11,2,9,9,5,13,19,8,7,6,6,3,10,11,19,5,8,15,15,18,1,5,1,0,1,10,10,11,3,5,10,15,10,7,2,0,0,10,5,9,16,3,19,11,10,5,3,0,7,19,18,1,4,12,9,15,18,7,7,0,3,18,11,1,9,16,19,11,19,2,0,10,0",-0.5316635,0.2985851,3.0,0.045144036,51.385944,0.04612704,1.0,0.04612704,0.3160046,0.012433933,0.0,0.0,0.045144036,0.002662879,0.8578745,0.3160046,3.9877958,1.3015208,51.385944,-0.5316635,3.9249685,197.57022,0.012078205,0.044161033,1.0,197.57022,0.2616279,0.14212552,3.9877958,0.002662879,0.012789662,0.2985851,0.0,1.3015208,3.9249685,0.012078205,0.5316635,0.0,0.012789662,0.5316635,0.5865482,0.044161033,1.0,0.012433933,lookahead,beam_orig2_bm0-s0to100br2-s100to200br0-s200to300br2
/work/T-REX/external/Proteina-Complexa/inference/search_binder_local_pipeline_32_PDL1_ALPHA_REPACK_v7_r003_cand_v7r003_hyp_0003_01_002_a33ac9851a300/job_0_n_180_id_42_beam_orig3_bm2-s0to100br2-s100to200br1-s200to300br2/job_0_n_180_id_42_beam_orig3_bm2-s0to100br2-s100to200br1-s200to300br2.pdb,171,"2,0,13,16,19,16,19,14,11,3,10,18,19,19,6,18,7,15,2,12,16,9,6,4,11,13,14,19,6,11,5,10,3,10,0,0,10,9,19,18,17,6,12,6,3,11,2,9,9,5,13,19,8,7,6,6,3,10,11,19,5,8,15,15,18,1,5,1,0,1,10,10,11,3,5,10,15,10,7,2,0,0,10,5,9,16,3,19,11,10,5,3,0,7,19,18,1,4,12,9,15,18,7,7,0,3,18,11,1,9,16,19,11,19,2,0,15,6,0,2,10,3,10,0,11,5,1,6,6,6,0,11,11,6,6,0,0,7,2,10,6,6,0,0,11,11,18,6,6,0,0,11,9,18,12,6,9,7,2,18,3,6,0,7,11,10,10,3,11,0,0,6,10,1,5,11,0,15,6,0,0,0,0,0,0,0,0,0,0,0,0,0,0,0,0,0,0,0,0,0,0,0,0,0,0,0,0,0,0,0,0,0,0,0,0,0,0,0,0,0,0,0,0,0,0,0,0,0,0,0,0,0,0",-0.17433031,0.05365667,3.0,0.5129399,49.52397,0.61193174,1.0,0.61193174,0.13979274,0.5129399,0.0,0.0,0.5129399,0.0071238857,0.9336348,0.13979274,2.7186453,1.3134842,49.52397,-0.17433031,2.0188441,140.74199,0.413948,0.413948,1.0,140.74199,0.78622365,0.066365205,2.7186453,0.0071238857,0.61193174,0.05365667,0.0,1.3134842,2.0188441,0.413948,0.17433031,0.0,0.61193174,0.17433031,0.862455,0.413948,1.0,0.5129399,lookahead,beam_orig3_bm2-s0to100br2-s100to200br1-s200to300br2
/work/T-REX/external/Proteina-Complexa/inference/search_binder_local_pipeline_32_PDL1_ALPHA_REPACK_v7_r003_cand_v7r003_hyp_0003_01_002_a33ac9851a300/job_0_n_176_id_43_beam_orig0_bm2-s0to100br3-s100to200br1-s200to300br3/job_0_n_176_id_43_beam_orig0_bm2-s0to100br3-s100to200br1-s200to300br3.pdb,172,"2,0,13,16,19,16,19,14,11,3,10,18,19,19,6,18,7,15,2,12,16,9,6,4,11,13,14,19,6,11,5,10,3,10,0,0,10,9,19,18,17,6,12,6,3,11,2,9,9,5,13,19,8,7,6,6,3,10,11,19,5,8,15,15,18,1,5,1,0,1,10,10,11,3,5,10,15,10,7,2,0,0,10,5,9,16,3,19,11,10,5,3,0,7,19,18,1,4,12,9,15,18,7,7,0,3,18,11,1,9,16,19,11,19,2,0,0,11,5,7,19,6,19,10,6,3,14,6,10,10,6,2,0,11,2,13,0,11,11,10,10,11,3,7,11,15,19,0,6,0,0,1,3,10,5,9,9,18,2,10,2,18,11,3,0,10,11,19,19,11,12,0,10,11,6,5,0,0,0,0,0,0,0,0,0,0,0,0,0,0,0,0,0,0,0,0,0,0,0,0,0,0,0,0,0,0,0,0,0,0,0,0,0,0,0,0,0,0,0,0,0,0,0,0,0,0,0,0,0,0,0,0,0",-0.18425556,0.058805894,3.0,0.49336135,57.242622,0.5885378,1.0,0.5885378,0.15849212,0.4933356,0.0,0.0,0.49336135,0.008942189,0.8858482,0.15849212,2.878446,1.6055697,57.242622,-0.18425556,2.1468139,189.60484,0.39813337,0.39818487,1.0,189.60484,0.76248294,0.11415177,2.878446,0.008942189,0.5885378,0.058805894,0.0,1.6055697,2.1468139,0.39813337,0.18425556,0.0,0.5885378,0.18425556,0.86114097,0.39818487,1.0,0.4933356,lookahead,beam_orig0_bm2-s0to100br3-s100to200br1-s200to300br3
/work/T-REX/external/Proteina-Complexa/inference/search_binder_local_pipeline_32_PDL1_ALPHA_REPACK_v7_r003_cand_v7r003_hyp_0003_01_002_a33ac9851a300/job_0_n_229_id_43_beam_orig1_bm2-s0to100br1-s100to200br3-s200to300br3/job_0_n_229_id_43_beam_orig1_bm2-s0to100br1-s100to200br3-s200to300br3.pdb,173,"2,0,13,16,19,16,19,14,11,3,10,18,19,19,6,18,7,15,2,12,16,9,6,4,11,13,14,19,6,11,5,10,3,10,0,0,10,9,19,18,17,6,12,6,3,11,2,9,9,5,13,19,8,7,6,6,3,10,11,19,5,8,15,15,18,1,5,1,0,1,10,10,11,3,5,10,15,10,7,2,0,0,10,5,9,16,3,19,11,10,5,3,0,7,19,18,1,4,12,9,15,18,7,7,0,3,18,11,1,9,16,19,11,19,2,0,0,13,16,19,16,19,14,11,3,10,18,19,19,6,18,7,15,2,12,16,9,6,4,11,13,14,19,6,11,5,10,3,10,0,0,10,9,19,18,17,6,12,6,3,11,2,9,9,5,13,19,8,7,6,6,3,10,11,19,5,8,15,15,18,1,5,1,0,1,10,10,11,3,5,10,15,10,7,2,0,0,10,5,9,16,3,19,11,10,5,3,0,7,19,18,1,4,12,9,15,18,7,7,0,3,18,11,1,9,16,19,11,19,0,0,0,0",-0.52089244,0.29483542,3.0,0.04855752,60.97555,0.051007118,1.0,0.051007118,0.3086749,0.012417484,0.0,0.0,0.04855752,0.0018353377,0.8608472,0.3086749,4.9937806,1.2788609,60.97555,-0.52089244,3.8354232,201.8538,0.01204671,0.046107918,1.0,201.8538,0.26733646,0.13915282,4.9937806,0.0018353377,0.012788259,0.29483542,0.0,1.2788609,3.8354232,0.01204671,0.52089244,0.0,0.012788259,0.52089244,0.59111893,0.046107918,1.0,0.012417484,lookahead,beam_orig1_bm2-s0to100br1-s100to200br3-s200to300br3
/work/T-REX/external/Proteina-Complexa/inference/search_binder_local_pipeline_32_PDL1_ALPHA_REPACK_v7_r003_cand_v7r003_hyp_0003_01_002_a33ac9851a300/job_0_n_233_id_43_beam_orig2_bm0-s0to100br2-s100to200br0-s200to300br3/job_0_n_233_id_43_beam_orig2_bm0-s0to100br2-s100to200br0-s200to300br3.pdb,174,"2,0,13,16,19,16,19,14,11,3,10,18,19,19,6,18,7,15,2,12,16,9,6,4,11,13,14,19,6,11,5,10,3,10,0,0,10,9,19,18,17,6,12,6,3,11,2,9,9,5,13,19,8,7,6,6,3,10,11,19,5,8,15,15,18,1,5,1,0,1,10,10,11,3,5,10,15,10,7,2,0,0,10,5,9,16,3,19,11,10,5,3,0,7,19,18,1,4,12,9,15,18,7,7,0,3,18,11,1,9,16,19,11,19,2,0,0,13,16,19,16,19,14,11,3,10,18,19,19,6,18,7,15,2,12,16,9,6,4,11,13,14,19,6,11,5,10,3,10,0,0,10,9,19,18,17,6,12,6,3,11,2,9,9,5,13,19,8,7,6,6,3,10,11,19,5,8,15,15,18,1,5,1,0,1,10,10,11,3,5,10,15,10,7,2,0,0,10,5,9,16,3,19,11,10,5,3,0,7,19,18,1,4,12,9,15,18,7,7,0,3,18,11,1,9,16,19,11,19,2,0,10,14",-0.5251732,0.29319942,3.0,0.049035117,53.896946,0.052101985,1.0,0.052101985,0.3112094,0.012549663,0.0,0.0,0.049035117,0.0035768403,0.8600977,0.3112094,4.3012185,1.2946113,53.896946,-0.5251732,3.9161055,195.7241,0.012224797,0.045968246,1.0,195.7241,0.26580766,0.1399023,4.3012185,0.0035768403,0.012874528,0.29319942,0.0,1.2946113,3.9161055,0.012224797,0.5251732,0.0,0.012874528,0.5251732,0.5887325,0.045968246,1.0,0.012549663,lookahead,beam_orig2_bm0-s0to100br2-s100to200br0-s200to300br3
/work/T-REX/external/Proteina-Complexa/inference/search_binder_local_pipeline_32_PDL1_ALPHA_REPACK_v7_r003_cand_v7r003_hyp_0003_01_002_a33ac9851a300/job_0_n_180_id_43_beam_orig3_bm2-s0to100br2-s100to200br1-s200to300br3/job_0_n_180_id_43_beam_orig3_bm2-s0to100br2-s100to200br1-s200to300br3.pdb,175,"2,0,13,16,19,16,19,14,11,3,10,18,19,19,6,18,7,15,2,12,16,9,6,4,11,13,14,19,6,11,5,10,3,10,0,0,10,9,19,18,17,6,12,6,3,11,2,9,9,5,13,19,8,7,6,6,3,10,11,19,5,8,15,15,18,1,5,1,0,1,10,10,11,3,5,10,15,10,7,2,0,0,10,5,9,16,3,19,11,10,5,3,0,7,19,18,1,4,12,9,15,18,7,7,0,3,18,11,1,9,16,19,11,19,2,0,15,6,6,10,10,2,10,0,10,2,18,19,6,6,0,11,11,6,6,11,0,7,2,10,6,6,0,0,11,11,18,6,6,0,0,11,19,18,12,5,9,7,2,18,3,6,0,7,11,10,10,3,11,0,11,6,10,1,6,11,0,11,11,11,0,0,0,0,0,0,0,0,0,0,0,0,0,0,0,0,0,0,0,0,0,0,0,0,0,0,0,0,0,0,0,0,0,0,0,0,0,0,0,0,0,0,0,0,0,0,0,0,0,0,0,0,0",-0.16989139,0.05152051,3.0,0.5375794,33.15872,0.6406283,1.0,0.6406283,0.13689043,0.5375794,0.0,0.0,0.5375794,0.006556686,0.9393441,0.13689043,1.7822965,1.2842982,33.15872,-0.16989139,2.0135782,125.839096,0.43453062,0.43453062,1.0,125.839096,0.7925128,0.060655884,1.7822965,0.006556686,0.6406283,0.05152051,0.0,1.2842982,2.0135782,0.43453062,0.16989139,0.0,0.6406283,0.16989139,0.863922,0.43453062,1.0,0.5375794,lookahead,beam_orig3_bm2-s0to100br2-s100to200br1-s200to300br3
/work/T-REX/external/Proteina-Complexa/inference/search_binder_local_pipeline_32_PDL1_ALPHA_REPACK_v7_r003_cand_v7r003_hyp_0003_01_002_a33ac9851a300/job_0_n_176_id_44_beam_orig0_bm0-s0to100br1-s100to200br2-s200to300br0/job_0_n_176_id_44_beam_orig0_bm0-s0to100br1-s100to200br2-s200to300br0.pdb,176,"2,0,13,16,19,16,19,14,11,3,10,18,19,19,6,18,7,15,2,12,16,9,6,4,11,13,14,19,6,11,5,10,3,10,0,0,10,9,19,18,17,6,12,6,3,11,2,9,9,5,13,19,8,7,6,6,3,10,11,19,5,8,15,15,18,1,5,1,0,1,10,10,11,3,5,10,15,10,7,2,0,0,10,5,9,16,3,19,11,10,5,3,0,7,19,18,1,4,12,9,15,18,7,7,0,3,18,11,1,9,16,19,11,19,2,0,0,10,6,3,10,0,2,11,9,0,5,6,13,7,10,6,13,2,10,2,5,11,5,9,2,5,10,11,15,13,15,10,15,9,10,5,1,2,2,7,6,10,11,14,6,3,10,6,0,10,11,11,18,0,6,9,10,0,2,15,0,0,0,0,0,0,0,0,0,0,0,0,0,0,0,0,0,0,0,0,0,0,0,0,0,0,0,0,0,0,0,0,0,0,0,0,0,0,0,0,0,0,0,0,0,0,0,0,0,0,0,0,0,0,0,0,0",-0.20663251,0.07416393,3.0,0.4048047,43.267826,0.5137118,1.0,0.5137118,0.16175842,0.4048047,0.0,0.0,0.4048047,0.0020245286,0.9046247,0.16175842,2.0885682,1.4654064,43.267826,-0.20663251,2.3309808,175.55457,0.2958976,0.2958976,1.0,175.55457,0.7212366,0.09537529,2.0885682,0.0020245286,0.5137118,0.07416393,0.0,1.4654064,2.3309808,0.2958976,0.20663251,0.0,0.5137118,0.20663251,0.84064436,0.2958976,1.0,0.4048047,lookahead,beam_orig0_bm0-s0to100br1-s100to200br2-s200to300br0
/work/T-REX/external/Proteina-Complexa/inference/search_binder_local_pipeline_32_PDL1_ALPHA_REPACK_v7_r003_cand_v7r003_hyp_0003_01_002_a33ac9851a300/job_0_n_229_id_44_beam_orig1_bm2-s0to100br3-s100to200br3-s200to300br0/job_0_n_229_id_44_beam_orig1_bm2-s0to100br3-s100to200br3-s200to300br0.pdb,177,"2,0,13,16,19,16,19,14,11,3,10,18,19,19,6,18,7,15,2,12,16,9,6,4,11,13,14,19,6,11,5,10,3,10,0,0,10,9,19,18,17,6,12,6,3,11,2,9,9,5,13,19,8,7,6,6,3,10,11,19,5,8,15,15,18,1,5,1,0,1,10,10,11,3,5,10,15,10,7,2,0,0,10,5,9,16,3,19,11,10,5,3,0,7,19,18,1,4,12,9,15,18,7,7,0,3,18,11,1,9,16,19,11,19,2,0,13,16,19,16,19,14,11,3,10,18,19,19,6,18,7,15,2,12,16,9,6,4,11,13,14,19,6,11,5,10,3,10,0,0,10,9,19,18,17,6,12,6,3,11,2,9,9,5,13,19,8,7,6,6,3,10,11,19,5,8,15,15,18,1,5,1,0,1,10,10,11,3,5,10,15,10,7,2,0,0,10,5,9,16,3,19,11,10,5,3,0,7,19,18,1,4,12,9,15,18,7,7,0,3,18,11,1,9,16,19,11,19,2,0,0,0,0",-0.5260024,0.30024427,3.0,0.04476835,56.590553,0.04713489,1.0,0.04713489,0.31099385,0.012265466,0.0,0.0,0.04476835,0.0017665171,0.86280084,0.31099385,4.949018,1.2851605,56.590553,-0.5260024,3.866479,196.03645,0.012101537,0.0424018,1.0,196.03645,0.26283628,0.13719918,4.949018,0.0017665171,0.012429395,0.30024427,0.0,1.2851605,3.866479,0.012101537,0.5260024,0.0,0.012429395,0.5260024,0.5885995,0.0424018,1.0,0.012265466,lookahead,beam_orig1_bm2-s0to100br3-s100to200br3-s200to300br0
/work/T-REX/external/Proteina-Complexa/inference/search_binder_local_pipeline_32_PDL1_ALPHA_REPACK_v7_r003_cand_v7r003_hyp_0003_01_002_a33ac9851a300/job_0_n_233_id_44_beam_orig2_bm1-s0to100br2-s100to200br1-s200to300br0/job_0_n_233_id_44_beam_orig2_bm1-s0to100br2-s100to200br1-s200to300br0.pdb,178,"2,0,13,16,19,16,19,14,11,3,10,18,19,19,6,18,7,15,2,12,16,9,6,4,11,13,14,19,6,11,5,10,3,10,0,0,10,9,19,18,17,6,12,6,3,11,2,9,9,5,13,19,8,7,6,6,3,10,11,19,5,8,15,15,18,1,5,1,0,1,10,10,11,3,5,10,15,10,7,2,0,0,10,5,9,16,3,19,11,10,5,3,0,7,19,18,1,4,12,9,15,18,7,7,0,3,18,11,1,9,16,19,11,19,2,0,2,0,13,16,19,16,19,14,11,3,10,18,19,19,6,18,7,15,2,12,16,9,6,4,11,13,14,19,6,11,5,10,3,10,0,0,10,9,19,18,17,6,12,6,3,11,2,9,9,5,13,19,8,7,6,6,3,10,11,19,5,8,15,15,18,1,5,1,0,1,10,10,11,3,5,10,15,10,7,2,0,0,10,5,9,16,3,19,11,10,5,3,0,7,19,18,1,4,12,9,15,18,7,7,0,3,18,11,1,9,16,19,11,19,2,0,14",-0.5278331,0.29857585,3.0,0.046708368,81.261475,0.049723122,1.0,0.049723122,0.3127395,0.012439176,0.0,0.0,0.046708368,0.0029601492,0.8580865,0.3127395,2.6702616,1.2966897,81.261475,-0.5278331,3.9054806,210.29085,0.012246015,0.043693617,1.0,210.29085,0.26316667,0.14191347,2.6702616,0.0029601492,0.012632339,0.29857585,0.0,1.2966897,3.9054806,0.012246015,0.5278331,0.0,0.012632339,0.5278331,0.5870737,0.043693617,1.0,0.012439176,lookahead,beam_orig2_bm1-s0to100br2-s100to200br1-s200to300br0
/work/T-REX/external/Proteina-Complexa/inference/search_binder_local_pipeline_32_PDL1_ALPHA_REPACK_v7_r003_cand_v7r003_hyp_0003_01_002_a33ac9851a300/job_0_n_180_id_44_beam_orig3_bm2-s0to100br2-s100to200br2-s200to300br0/job_0_n_180_id_44_beam_orig3_bm2-s0to100br2-s100to200br2-s200to300br0.pdb,179,"2,0,13,16,19,16,19,14,11,3,10,18,19,19,6,18,7,15,2,12,16,9,6,4,11,13,14,19,6,11,5,10,3,10,0,0,10,9,19,18,17,6,12,6,3,11,2,9,9,5,13,19,8,7,6,6,3,10,11,19,5,8,15,15,18,1,5,1,0,1,10,10,11,3,5,10,15,10,7,2,0,0,10,5,9,16,3,19,11,10,5,3,0,7,19,18,1,4,12,9,15,18,7,7,0,3,18,11,1,9,16,19,11,19,2,0,15,14,6,6,10,6,6,0,11,5,10,6,11,6,0,11,6,6,6,11,0,7,2,10,0,6,0,6,15,11,18,11,6,0,0,11,9,18,12,11,9,7,2,13,3,6,0,7,11,15,10,3,11,0,11,6,9,1,6,11,9,6,6,11,0,0,0,0,0,0,0,0,0,0,0,0,0,0,0,0,0,0,0,0,0,0,0,0,0,0,0,0,0,0,0,0,0,0,0,0,0,0,0,0,0,0,0,0,0,0,0,0,0,0,0,0,0",-0.16988052,0.054248206,3.0,0.5314929,49.14969,0.6348741,1.0,0.6348741,0.13529402,0.5314929,0.0,0.0,0.5314929,0.006102235,0.94426674,0.13529402,2.9094584,1.2478862,49.14969,-0.16988052,1.9000269,149.13507,0.42811167,0.42811167,1.0,149.13507,0.80828154,0.055733275,2.9094584,0.006102235,0.6348741,0.054248206,0.0,1.2478862,1.9000269,0.42811167,0.16988052,0.0,0.6348741,0.16988052,0.8649514,0.42811167,1.0,0.5314929,lookahead,beam_orig3_bm2-s0to100br2-s100to200br2-s200to300br0
/work/T-REX/external/Proteina-Complexa/inference/search_binder_local_pipeline_32_PDL1_ALPHA_REPACK_v7_r003_cand_v7r003_hyp_0003_01_002_a33ac9851a300/job_0_n_176_id_45_beam_orig0_bm0-s0to100br1-s100to200br2-s200to300br1/job_0_n_176_id_45_beam_orig0_bm0-s0to100br1-s100to200br2-s200to300br1.pdb,180,"2,0,13,16,19,16,19,14,11,3,10,18,19,19,6,18,7,15,2,12,16,9,6,4,11,13,14,19,6,11,5,10,3,10,0,0,10,9,19,18,17,6,12,6,3,11,2,9,9,5,13,19,8,7,6,6,3,10,11,19,5,8,15,15,18,1,5,1,0,1,10,10,11,3,5,10,15,10,7,2,0,0,10,5,9,16,3,19,11,10,5,3,0,7,19,18,1,4,12,9,15,18,7,7,0,3,18,11,1,9,16,19,11,19,2,0,12,10,10,3,10,15,5,11,9,0,5,6,10,15,5,6,13,2,10,2,5,5,5,16,3,5,10,1,15,13,16,10,15,19,10,6,1,2,2,7,15,10,16,14,6,3,6,6,0,10,19,11,18,0,11,9,10,11,15,15,0,0,0,0,0,0,0,0,0,0,0,0,0,0,0,0,0,0,0,0,0,0,0,0,0,0,0,0,0,0,0,0,0,0,0,0,0,0,0,0,0,0,0,0,0,0,0,0,0,0,0,0,0,0,0,0,0",-0.23511682,0.10353596,3.0,0.28966814,34.401905,0.34936944,1.0,0.34936944,0.18346713,0.28966814,0.0,0.0,0.28966814,0.003304604,0.87635046,0.18346713,1.784695,1.5624369,34.401905,-0.23511682,2.541124,175.65201,0.22996685,0.22996685,1.0,175.65201,0.6497797,0.12364954,1.784695,0.003304604,0.34936944,0.10353596,0.0,1.5624369,2.541124,0.22996685,0.23511682,0.0,0.34936944,0.23511682,0.8170022,0.22996685,1.0,0.28966814,lookahead,beam_orig0_bm0-s0to100br1-s100to200br2-s200to300br1
/work/T-REX/external/Proteina-Complexa/inference/search_binder_local_pipeline_32_PDL1_ALPHA_REPACK_v7_r003_cand_v7r003_hyp_0003_01_002_a33ac9851a300/job_0_n_229_id_45_beam_orig1_bm2-s0to100br3-s100to200br3-s200to300br1/job_0_n_229_id_45_beam_orig1_bm2-s0to100br3-s100to200br3-s200to300br1.pdb,181,"2,0,13,16,19,16,19,14,11,3,10,18,19,19,6,18,7,15,2,12,16,9,6,4,11,13,14,19,6,11,5,10,3,10,0,0,10,9,19,18,17,6,12,6,3,11,2,9,9,5,13,19,8,7,6,6,3,10,11,19,5,8,15,15,18,1,5,1,0,1,10,10,11,3,5,10,15,10,7,2,0,0,10,5,9,16,3,19,11,10,5,3,0,7,19,18,1,4,12,9,15,18,7,7,0,3,18,11,1,9,16,19,11,19,2,0,13,16,19,16,19,14,11,3,10,18,19,19,6,18,7,15,2,12,16,9,6,4,11,13,14,19,6,11,5,10,3,10,0,0,10,9,19,18,17,6,12,6,3,11,2,9,9,5,13,19,8,7,6,6,3,10,11,19,5,8,15,15,18,1,5,1,0,1,10,10,11,3,5,10,15,10,7,2,0,0,10,5,9,16,3,19,11,10,5,3,0,7,19,18,1,4,12,9,15,18,7,7,0,3,18,11,1,9,16,19,11,19,2,0,0,0,0",-0.53077894,0.30469844,3.0,0.04158344,58.650124,0.043984085,1.0,0.043984085,0.31382635,0.0120086055,0.0,0.0,0.04158344,0.0017983349,0.86193824,0.31382635,5.07868,1.2927078,58.650124,-0.53077894,3.8810382,197.79506,0.011712456,0.039182793,1.0,197.79506,0.2593563,0.13806176,5.07868,0.0017983349,0.012304755,0.30469844,0.0,1.2927078,3.8810382,0.011712456,0.53077894,0.0,0.012304755,0.53077894,0.58671933,0.039182793,1.0,0.0120086055,lookahead,beam_orig1_bm2-s0to100br3-s100to200br3-s200to300br1
/work/T-REX/external/Proteina-Complexa/inference/search_binder_local_pipeline_32_PDL1_ALPHA_REPACK_v7_r003_cand_v7r003_hyp_0003_01_002_a33ac9851a300/job_0_n_233_id_45_beam_orig2_bm1-s0to100br2-s100to200br1-s200to300br1/job_0_n_233_id_45_beam_orig2_bm1-s0to100br2-s100to200br1-s200to300br1.pdb,182,"2,0,13,16,19,16,19,14,11,3,10,18,19,19,6,18,7,15,2,12,16,9,6,4,11,13,14,19,6,11,5,10,3,10,0,0,10,9,19,18,17,6,12,6,3,11,2,9,9,5,13,19,8,7,6,6,3,10,11,19,5,8,15,15,18,1,5,1,0,1,10,10,11,3,5,10,15,10,7,2,0,0,10,5,9,16,3,19,11,10,5,3,0,7,19,18,1,4,12,9,15,18,7,7,0,3,18,11,1,9,16,19,11,19,2,0,2,0,13,16,19,16,19,14,11,3,10,18,19,19,6,18,7,15,2,12,16,9,6,4,11,13,14,19,6,11,5,10,3,10,0,0,10,9,19,18,17,6,12,6,3,11,2,9,9,5,13,19,8,7,6,6,3,10,11,19,5,8,15,15,18,1,5,1,0,1,10,10,11,3,5,10,15,10,7,2,0,0,10,5,9,16,3,19,11,10,5,3,0,7,19,18,1,4,12,9,15,18,7,7,0,3,18,11,1,9,16,19,11,19,2,0,14",-0.52013254,0.2888463,3.0,0.050089873,78.24167,0.052984547,1.0,0.052984547,0.30835012,0.012818596,0.0,0.0,0.050089873,0.0028040537,0.85919875,0.30835012,2.7258124,1.2884684,78.24167,-0.52013254,3.8866343,209.13379,0.012505945,0.047195204,1.0,209.13379,0.26740193,0.14080127,2.7258124,0.0028040537,0.013131248,0.2888463,0.0,1.2884684,3.8866343,0.012505945,0.52013254,0.0,0.013131248,0.52013254,0.58987117,0.047195204,1.0,0.012818596,lookahead,beam_orig2_bm1-s0to100br2-s100to200br1-s200to300br1
/work/T-REX/external/Proteina-Complexa/inference/search_binder_local_pipeline_32_PDL1_ALPHA_REPACK_v7_r003_cand_v7r003_hyp_0003_01_002_a33ac9851a300/job_0_n_180_id_45_beam_orig3_bm2-s0to100br2-s100to200br2-s200to300br1/job_0_n_180_id_45_beam_orig3_bm2-s0to100br2-s100to200br2-s200to300br1.pdb,183,"2,0,13,16,19,16,19,14,11,3,10,18,19,19,6,18,7,15,2,12,16,9,6,4,11,13,14,19,6,11,5,10,3,10,0,0,10,9,19,18,17,6,12,6,3,11,2,9,9,5,13,19,8,7,6,6,3,10,11,19,5,8,15,15,18,1,5,1,0,1,10,10,11,3,5,10,15,10,7,2,0,0,10,5,9,16,3,19,11,10,5,3,0,7,19,18,1,4,12,9,15,18,7,7,0,3,18,11,1,9,16,19,11,19,2,0,15,6,6,6,10,5,10,0,10,10,1,6,11,6,0,11,6,6,6,11,0,7,2,10,6,6,0,15,11,11,18,11,6,0,0,1,9,18,12,11,9,7,2,13,3,6,0,7,11,12,10,3,11,0,11,11,9,6,6,11,9,11,11,5,0,0,0,0,0,0,0,0,0,0,0,0,0,0,0,0,0,0,0,0,0,0,0,0,0,0,0,0,0,0,0,0,0,0,0,0,0,0,0,0,0,0,0,0,0,0,0,0,0,0,0,0,0",-0.15473178,0.047126584,3.0,0.58355004,37.463,0.671486,1.0,0.671486,0.123675056,0.58355004,0.0,0.0,0.58355004,0.003175227,0.94852144,0.123675056,2.4081943,1.2762303,37.463,-0.15473178,1.8447449,138.5888,0.49561405,0.49561405,1.0,138.5888,0.82116276,0.05147859,2.4081943,0.003175227,0.671486,0.047126584,0.0,1.2762303,1.8447449,0.49561405,0.15473178,0.0,0.671486,0.15473178,0.8738134,0.49561405,1.0,0.58355004,lookahead,beam_orig3_bm2-s0to100br2-s100to200br2-s200to300br1
/work/T-REX/external/Proteina-Complexa/inference/search_binder_local_pipeline_32_PDL1_ALPHA_REPACK_v7_r003_cand_v7r003_hyp_0003_01_002_a33ac9851a300/job_0_n_176_id_46_beam_orig0_bm0-s0to100br1-s100to200br2-s200to300br2/job_0_n_176_id_46_beam_orig0_bm0-s0to100br1-s100to200br2-s200to300br2.pdb,184,"2,0,13,16,19,16,19,14,11,3,10,18,19,19,6,18,7,15,2,12,16,9,6,4,11,13,14,19,6,11,5,10,3,10,0,0,10,9,19,18,17,6,12,6,3,11,2,9,9,5,13,19,8,7,6,6,3,10,11,19,5,8,15,15,18,1,5,1,0,1,10,10,11,3,5,10,15,10,7,2,0,0,10,5,9,16,3,19,11,10,5,3,0,7,19,18,1,4,12,9,15,18,7,7,0,3,18,11,1,9,16,19,11,19,2,0,7,10,3,3,10,15,5,11,9,0,6,6,13,15,11,5,13,2,10,2,5,5,5,16,2,5,10,18,8,13,19,11,15,19,10,6,1,2,2,7,15,10,16,15,6,3,6,6,0,10,6,11,18,0,11,9,10,15,6,15,0,0,0,0,0,0,0,0,0,0,0,0,0,0,0,0,0,0,0,0,0,0,0,0,0,0,0,0,0,0,0,0,0,0,0,0,0,0,0,0,0,0,0,0,0,0,0,0,0,0,0,0,0,0,0,0,0",-0.23806307,0.10728215,3.0,0.2848739,37.229836,0.35166258,1.0,0.35166258,0.18272473,0.2848739,0.0,0.0,0.2848739,0.0029524148,0.87863326,0.18272473,2.6452904,1.481747,37.229836,-0.23806307,2.5425484,176.79713,0.21808523,0.21808523,1.0,176.79713,0.6398318,0.12136674,2.6452904,0.0029524148,0.35166258,0.10728215,0.0,1.481747,2.5425484,0.21808523,0.23806307,0.0,0.35166258,0.23806307,0.8145584,0.21808523,1.0,0.2848739,lookahead,beam_orig0_bm0-s0to100br1-s100to200br2-s200to300br2
/work/T-REX/external/Proteina-Complexa/inference/search_binder_local_pipeline_32_PDL1_ALPHA_REPACK_v7_r003_cand_v7r003_hyp_0003_01_002_a33ac9851a300/job_0_n_229_id_46_beam_orig1_bm2-s0to100br3-s100to200br3-s200to300br2/job_0_n_229_id_46_beam_orig1_bm2-s0to100br3-s100to200br3-s200to300br2.pdb,185,"2,0,13,16,19,16,19,14,11,3,10,18,19,19,6,18,7,15,2,12,16,9,6,4,11,13,14,19,6,11,5,10,3,10,0,0,10,9,19,18,17,6,12,6,3,11,2,9,9,5,13,19,8,7,6,6,3,10,11,19,5,8,15,15,18,1,5,1,0,1,10,10,11,3,5,10,15,10,7,2,0,0,10,5,9,16,3,19,11,10,5,3,0,7,19,18,1,4,12,9,15,18,7,7,0,3,18,11,1,9,16,19,11,19,2,0,13,16,19,16,19,14,11,3,10,18,19,19,6,18,7,15,2,12,16,9,6,4,11,13,14,19,6,11,5,10,3,10,0,0,10,9,19,18,17,6,12,6,3,11,2,9,9,5,13,19,8,7,6,6,3,10,11,19,5,8,15,15,18,1,5,1,0,1,10,10,11,3,5,10,15,10,7,2,0,0,10,5,9,16,3,19,11,10,5,3,0,7,19,18,1,4,12,9,15,18,7,7,0,3,18,11,1,9,16,19,11,19,2,0,0,0,0",-0.52963233,0.30388275,3.0,0.042137083,58.468296,0.04486237,1.0,0.04486237,0.31275728,0.012155148,0.0,0.0,0.042137083,0.0017565114,0.8627381,0.31275728,4.649228,1.2857358,58.468296,-0.52963233,3.8749988,196.28038,0.011909036,0.039411794,1.0,196.28038,0.25955498,0.13726193,4.649228,0.0017565114,0.01240126,0.30388275,0.0,1.2857358,3.8749988,0.011909036,0.52963233,0.0,0.01240126,0.52963233,0.5867291,0.039411794,1.0,0.012155148,lookahead,beam_orig1_bm2-s0to100br3-s100to200br3-s200to300br2
/work/T-REX/external/Proteina-Complexa/inference/search_binder_local_pipeline_32_PDL1_ALPHA_REPACK_v7_r003_cand_v7r003_hyp_0003_01_002_a33ac9851a300/job_0_n_233_id_46_beam_orig2_bm1-s0to100br2-s100to200br1-s200to300br2/job_0_n_233_id_46_beam_orig2_bm1-s0to100br2-s100to200br1-s200to300br2.pdb,186,"2,0,13,16,19,16,19,14,11,3,10,18,19,19,6,18,7,15,2,12,16,9,6,4,11,13,14,19,6,11,5,10,3,10,0,0,10,9,19,18,17,6,12,6,3,11,2,9,9,5,13,19,8,7,6,6,3,10,11,19,5,8,15,15,18,1,5,1,0,1,10,10,11,3,5,10,15,10,7,2,0,0,10,5,9,16,3,19,11,10,5,3,0,7,19,18,1,4,12,9,15,18,7,7,0,3,18,11,1,9,16,19,11,19,2,0,2,0,13,16,19,16,19,14,11,3,10,18,19,19,6,18,7,15,2,12,16,9,6,4,11,13,14,19,6,11,5,10,3,10,0,0,10,9,19,18,17,6,12,6,3,11,2,9,9,5,13,19,8,7,6,6,3,10,11,19,5,8,15,15,18,1,5,1,0,1,10,10,11,3,5,10,15,10,7,2,0,0,10,5,9,16,3,19,11,10,5,3,0,7,19,18,1,4,12,9,15,18,7,7,0,3,18,11,1,9,16,19,11,19,2,0,14",-0.5266066,0.29632095,3.0,0.04748732,79.09178,0.04936092,1.0,0.04936092,0.31222993,0.012587037,0.0,0.0,0.04748732,0.0029267492,0.85764253,0.31222993,2.5323076,1.2938272,79.09178,-0.5266066,3.9026387,209.46863,0.0123592075,0.045613714,1.0,209.46863,0.26264256,0.14235747,2.5323076,0.0029267492,0.012814867,0.29632095,0.0,1.2938272,3.9026387,0.0123592075,0.5266066,0.0,0.012814867,0.5266066,0.58681536,0.045613714,1.0,0.012587037,lookahead,beam_orig2_bm1-s0to100br2-s100to200br1-s200to300br2
/work/T-REX/external/Proteina-Complexa/inference/search_binder_local_pipeline_32_PDL1_ALPHA_REPACK_v7_r003_cand_v7r003_hyp_0003_01_002_a33ac9851a300/job_0_n_180_id_46_beam_orig3_bm2-s0to100br2-s100to200br2-s200to300br2/job_0_n_180_id_46_beam_orig3_bm2-s0to100br2-s100to200br2-s200to300br2.pdb,187,"2,0,13,16,19,16,19,14,11,3,10,18,19,19,6,18,7,15,2,12,16,9,6,4,11,13,14,19,6,11,5,10,3,10,0,0,10,9,19,18,17,6,12,6,3,11,2,9,9,5,13,19,8,7,6,6,3,10,11,19,5,8,15,15,18,1,5,1,0,1,10,10,11,3,5,10,15,10,7,2,0,0,10,5,9,16,3,19,11,10,5,3,0,7,19,18,1,4,12,9,15,18,7,7,0,3,18,11,1,9,16,19,11,19,2,0,15,6,6,11,10,11,10,0,10,15,10,6,11,6,0,11,6,6,6,0,0,7,2,10,0,6,0,19,15,11,18,11,6,0,0,11,9,18,12,6,9,7,2,13,3,6,0,7,11,10,10,3,1,0,11,6,10,6,6,11,10,11,6,11,0,0,0,0,0,0,0,0,0,0,0,0,0,0,0,0,0,0,0,0,0,0,0,0,0,0,0,0,0,0,0,0,0,0,0,0,0,0,0,0,0,0,0,0,0,0,0,0,0,0,0,0,0",-0.16530138,0.050821096,3.0,0.5536897,46.850395,0.6540355,1.0,0.6540355,0.13341029,0.5536897,0.0,0.0,0.5536897,0.003748848,0.9409896,0.13341029,2.8711567,1.2847197,46.850395,-0.16530138,1.8910468,141.8088,0.45334387,0.45334387,1.0,141.8088,0.8061048,0.059010357,2.8711567,0.003748848,0.6540355,0.050821096,0.0,1.2847197,1.8910468,0.45334387,0.16530138,0.0,0.6540355,0.16530138,0.8684472,0.45334387,1.0,0.5536897,lookahead,beam_orig3_bm2-s0to100br2-s100to200br2-s200to300br2
/work/T-REX/external/Proteina-Complexa/inference/search_binder_local_pipeline_32_PDL1_ALPHA_REPACK_v7_r003_cand_v7r003_hyp_0003_01_002_a33ac9851a300/job_0_n_176_id_47_beam_orig0_bm0-s0to100br1-s100to200br2-s200to300br3/job_0_n_176_id_47_beam_orig0_bm0-s0to100br1-s100to200br2-s200to300br3.pdb,188,"2,0,13,16,19,16,19,14,11,3,10,18,19,19,6,18,7,15,2,12,16,9,6,4,11,13,14,19,6,11,5,10,3,10,0,0,10,9,19,18,17,6,12,6,3,11,2,9,9,5,13,19,8,7,6,6,3,10,11,19,5,8,15,15,18,1,5,1,0,1,10,10,11,3,5,10,15,10,7,2,0,0,10,5,9,16,3,19,11,10,5,3,0,7,19,18,1,4,12,9,15,18,7,7,0,3,18,11,1,9,16,19,11,19,2,0,0,10,6,3,11,0,6,11,9,0,5,11,10,0,6,6,13,11,10,2,5,11,5,16,3,5,10,11,15,13,16,10,15,19,10,5,1,2,2,7,6,10,11,14,6,3,13,6,0,10,11,11,18,0,11,9,10,15,6,15,0,0,0,0,0,0,0,0,0,0,0,0,0,0,0,0,0,0,0,0,0,0,0,0,0,0,0,0,0,0,0,0,0,0,0,0,0,0,0,0,0,0,0,0,0,0,0,0,0,0,0,0,0,0,0,0,0",-0.24243343,0.111112714,3.0,0.2730613,37.52895,0.33935395,1.0,0.33935395,0.18486708,0.2730613,0.0,0.0,0.2730613,0.0026525767,0.8883089,0.18486708,1.9569733,1.4394889,37.52895,-0.24243343,2.5469646,176.6937,0.20676868,0.20676868,1.0,176.6937,0.6367673,0.11169115,1.9569733,0.0026525767,0.33935395,0.111112714,0.0,1.4394889,2.5469646,0.20676868,0.24243343,0.0,0.33935395,0.24243343,0.80869687,0.20676868,1.0,0.2730613,lookahead,beam_orig0_bm0-s0to100br1-s100to200br2-s200to300br3
/work/T-REX/external/Proteina-Complexa/inference/search_binder_local_pipeline_32_PDL1_ALPHA_REPACK_v7_r003_cand_v7r003_hyp_0003_01_002_a33ac9851a300/job_0_n_229_id_47_beam_orig1_bm2-s0to100br3-s100to200br3-s200to300br3/job_0_n_229_id_47_beam_orig1_bm2-s0to100br3-s100to200br3-s200to300br3.pdb,189,"2,0,13,16,19,16,19,14,11,3,10,18,19,19,6,18,7,15,2,12,16,9,6,4,11,13,14,19,6,11,5,10,3,10,0,0,10,9,19,18,17,6,12,6,3,11,2,9,9,5,13,19,8,7,6,6,3,10,11,19,5,8,15,15,18,1,5,1,0,1,10,10,11,3,5,10,15,10,7,2,0,0,10,5,9,16,3,19,11,10,5,3,0,7,19,18,1,4,12,9,15,18,7,7,0,3,18,11,1,9,16,19,11,19,2,0,13,16,19,16,19,14,11,3,10,18,19,19,6,18,7,15,2,12,16,9,6,4,11,13,14,19,6,11,5,10,3,10,0,0,10,9,19,18,17,6,12,6,3,11,2,9,9,5,13,19,8,7,6,6,3,10,11,19,5,8,15,15,18,1,5,1,0,1,10,10,11,3,5,10,15,10,7,2,0,0,10,5,9,16,3,19,11,10,5,3,0,7,19,18,1,4,12,9,15,18,7,7,0,3,18,11,1,9,16,19,11,19,2,0,0,0,0",-0.52651554,0.29940495,3.0,0.04403926,58.654774,0.046499267,1.0,0.046499267,0.31129387,0.012315198,0.0,0.0,0.04403926,0.0017786179,0.8631165,0.31129387,4.916471,1.2869779,58.654774,-0.52651554,3.8709755,198.681,0.012055609,0.041579254,1.0,198.681,0.26291856,0.13688351,4.916471,0.0017786179,0.012574786,0.29940495,0.0,1.2869779,3.8709755,0.012055609,0.52651554,0.0,0.012574786,0.52651554,0.58849084,0.041579254,1.0,0.012315198,lookahead,beam_orig1_bm2-s0to100br3-s100to200br3-s200to300br3
/work/T-REX/external/Proteina-Complexa/inference/search_binder_local_pipeline_32_PDL1_ALPHA_REPACK_v7_r003_cand_v7r003_hyp_0003_01_002_a33ac9851a300/job_0_n_233_id_47_beam_orig2_bm1-s0to100br2-s100to200br1-s200to300br3/job_0_n_233_id_47_beam_orig2_bm1-s0to100br2-s100to200br1-s200to300br3.pdb,190,"2,0,13,16,19,16,19,14,11,3,10,18,19,19,6,18,7,15,2,12,16,9,6,4,11,13,14,19,6,11,5,10,3,10,0,0,10,9,19,18,17,6,12,6,3,11,2,9,9,5,13,19,8,7,6,6,3,10,11,19,5,8,15,15,18,1,5,1,0,1,10,10,11,3,5,10,15,10,7,2,0,0,10,5,9,16,3,19,11,10,5,3,0,7,19,18,1,4,12,9,15,18,7,7,0,3,18,11,1,9,16,19,11,19,2,0,2,0,13,16,19,16,19,14,11,3,10,18,19,19,6,18,7,15,2,12,16,9,6,4,11,13,14,19,6,11,5,10,3,10,0,0,10,9,19,18,17,6,12,6,3,11,2,9,9,5,13,19,8,7,6,6,3,10,11,19,5,8,15,15,18,1,5,1,0,1,10,10,11,3,5,10,15,10,7,2,0,0,10,5,9,16,3,19,11,10,5,3,0,7,19,18,1,4,12,9,15,18,7,7,0,3,18,11,1,9,16,19,11,19,2,0,14",-0.51430404,0.28253573,3.0,0.05250302,78.923065,0.05539934,1.0,0.05539934,0.30572993,0.013124492,0.0,0.0,0.05250302,0.002800645,0.858209,0.30572993,2.99382,1.2893267,78.923065,-0.51430404,3.8699498,213.94576,0.012877857,0.049606703,1.0,213.94576,0.26976943,0.14179097,2.99382,0.002800645,0.013371128,0.28253573,0.0,1.2893267,3.8699498,0.012877857,0.51430404,0.0,0.013371128,0.51430404,0.5907518,0.049606703,1.0,0.013124492,lookahead,beam_orig2_bm1-s0to100br2-s100to200br1-s200to300br3
/work/T-REX/external/Proteina-Complexa/inference/search_binder_local_pipeline_32_PDL1_ALPHA_REPACK_v7_r003_cand_v7r003_hyp_0003_01_002_a33ac9851a300/job_0_n_180_id_47_beam_orig3_bm2-s0to100br2-s100to200br2-s200to300br3/job_0_n_180_id_47_beam_orig3_bm2-s0to100br2-s100to200br2-s200to300br3.pdb,191,"2,0,13,16,19,16,19,14,11,3,10,18,19,19,6,18,7,15,2,12,16,9,6,4,11,13,14,19,6,11,5,10,3,10,0,0,10,9,19,18,17,6,12,6,3,11,2,9,9,5,13,19,8,7,6,6,3,10,11,19,5,8,15,15,18,1,5,1,0,1,10,10,11,3,5,10,15,10,7,2,0,0,10,5,9,16,3,19,11,10,5,3,0,7,19,18,1,4,12,9,15,18,7,7,0,3,18,11,1,9,16,19,11,19,2,0,15,0,0,10,10,6,6,0,10,11,10,6,11,6,0,11,6,6,6,11,0,7,2,10,6,6,0,10,15,11,18,10,6,0,0,11,9,18,12,5,9,7,2,13,11,6,0,7,11,10,10,3,6,0,11,11,9,11,6,11,9,6,6,11,0,0,0,0,0,0,0,0,0,0,0,0,0,0,0,0,0,0,0,0,0,0,0,0,0,0,0,0,0,0,0,0,0,0,0,0,0,0,0,0,0,0,0,0,0,0,0,0,0,0,0,0,0",-0.17303282,0.052949436,3.0,0.5237453,40.679787,0.6255912,1.0,0.6255912,0.13889715,0.5237453,0.0,0.0,0.5237453,0.0034860661,0.9358053,0.13889715,2.502925,1.3177154,40.679787,-0.17303282,2.0690985,143.9943,0.42189932,0.42189932,1.0,143.9943,0.7845048,0.06419468,2.502925,0.0034860661,0.6255912,0.052949436,0.0,1.3177154,2.0690985,0.42189932,0.17303282,0.0,0.6255912,0.17303282,0.8584465,0.42189932,1.0,0.5237453,lookahead,beam_orig3_bm2-s0to100br2-s100to200br2-s200to300br3
/work/T-REX/external/Proteina-Complexa/inference/search_binder_local_pipeline_32_PDL1_ALPHA_REPACK_v7_r003_cand_v7r003_hyp_0003_01_002_a33ac9851a300/job_0_n_176_id_48_beam_orig0_bm2-s0to100br3-s100to200br0-s200to300br0-s300to400br0/job_0_n_176_id_48_beam_orig0_bm2-s0to100br3-s100to200br0-s200to300br0-s300to400br0.pdb,192,"2,0,13,16,19,16,19,14,11,3,10,18,19,19,6,18,7,15,2,12,16,9,6,4,11,13,14,19,6,11,5,10,3,10,0,0,10,9,19,18,17,6,12,6,3,11,2,9,9,5,13,19,8,7,6,6,3,10,11,19,5,8,15,15,18,1,5,1,0,1,10,10,11,3,5,10,15,10,7,2,0,0,10,5,9,16,3,19,11,10,5,3,0,7,19,18,1,4,12,9,15,18,7,7,0,3,18,11,1,9,16,19,11,19,2,0,19,16,15,6,6,1,10,11,16,3,6,6,13,15,2,2,19,11,6,13,0,15,11,10,10,3,3,6,11,15,19,0,6,0,0,1,3,19,5,9,19,13,3,10,2,13,6,3,0,10,2,19,19,11,5,19,10,11,3,1,0,0,0,0,0,0,0,0,0,0,0,0,0,0,0,0,0,0,0,0,0,0,0,0,0,0,0,0,0,0,0,0,0,0,0,0,0,0,0,0,0,0,0,0,0,0,0,0,0,0,0,0,0,0,0,0,0",-0.1378067,0.043508377,3.0,0.63370687,63.09769,0.7319821,1.0,0.7319821,0.11367835,0.63370687,0.0,0.0,0.63370687,0.0044803163,0.9433133,0.11367835,3.3881602,1.345329,63.09769,-0.1378067,1.7714183,198.8546,0.5354316,0.5354316,1.0,198.8546,0.83616734,0.056686707,3.3881602,0.0044803163,0.7319821,0.043508377,0.0,1.345329,1.7714183,0.5354316,0.1378067,0.0,0.7319821,0.1378067,0.8890322,0.5354316,1.0,0.63370687,lookahead,beam_orig0_bm2-s0to100br3-s100to200br0-s200to300br0-s300to400br0
/work/T-REX/external/Proteina-Complexa/inference/search_binder_local_pipeline_32_PDL1_ALPHA_REPACK_v7_r003_cand_v7r003_hyp_0003_01_002_a33ac9851a300/job_0_n_229_id_48_beam_orig1_bm2-s0to100br1-s100to200br0-s200to300br2-s300to400br0/job_0_n_229_id_48_beam_orig1_bm2-s0to100br1-s100to200br0-s200to300br2-s300to400br0.pdb,193,"2,0,13,16,19,16,19,14,11,3,10,18,19,19,6,18,7,15,2,12,16,9,6,4,11,13,14,19,6,11,5,10,3,10,0,0,10,9,19,18,17,6,12,6,3,11,2,9,9,5,13,19,8,7,6,6,3,10,11,19,5,8,15,15,18,1,5,1,0,1,10,10,11,3,5,10,15,10,7,2,0,0,10,5,9,16,3,19,11,10,5,3,0,7,19,18,1,4,12,9,15,18,7,7,0,3,18,11,1,9,16,19,11,19,2,0,0,13,16,19,16,19,14,11,3,10,18,19,19,6,18,7,15,2,12,16,9,6,4,11,13,14,19,6,11,5,10,3,10,0,0,10,9,19,18,17,6,12,6,3,11,2,9,9,5,13,19,8,7,6,6,3,10,11,19,5,8,15,15,18,1,5,1,0,1,10,10,11,3,5,10,15,10,7,2,0,0,10,5,9,16,3,19,11,10,5,3,0,7,19,18,1,4,12,9,15,18,7,7,0,3,18,11,1,9,16,19,11,19,0,0,0,0",-0.5153006,0.28625354,3.0,0.05016246,62.622433,0.052536704,1.0,0.052536704,0.3058717,0.012908561,0.0,0.0,0.05016246,0.0018295498,0.86029285,0.3058717,5.149928,1.2758993,62.622433,-0.5153006,3.8202336,204.30685,0.012668128,0.047788218,1.0,204.30685,0.26897013,0.13970716,5.149928,0.0018295498,0.013148995,0.28625354,0.0,1.2758993,3.8202336,0.012668128,0.5153006,0.0,0.013148995,0.5153006,0.5916108,0.047788218,1.0,0.012908561,lookahead,beam_orig1_bm2-s0to100br1-s100to200br0-s200to300br2-s300to400br0
/work/T-REX/external/Proteina-Complexa/inference/search_binder_local_pipeline_32_PDL1_ALPHA_REPACK_v7_r003_cand_v7r003_hyp_0003_01_002_a33ac9851a300/job_0_n_233_id_48_beam_orig2_bm1-s0to100br2-s100to200br1-s200to300br3-s300to400br0/job_0_n_233_id_48_beam_orig2_bm1-s0to100br2-s100to200br1-s200to300br3-s300to400br0.pdb,194,"2,0,13,16,19,16,19,14,11,3,10,18,19,19,6,18,7,15,2,12,16,9,6,4,11,13,14,19,6,11,5,10,3,10,0,0,10,9,19,18,17,6,12,6,3,11,2,9,9,5,13,19,8,7,6,6,3,10,11,19,5,8,15,15,18,1,5,1,0,1,10,10,11,3,5,10,15,10,7,2,0,0,10,5,9,16,3,19,11,10,5,3,0,7,19,18,1,4,12,9,15,18,7,7,0,3,18,11,1,9,16,19,11,19,2,0,2,0,13,16,19,16,19,14,11,3,10,18,19,19,6,18,7,15,2,12,16,9,6,4,11,13,14,19,6,11,5,10,3,10,0,0,10,9,19,18,17,6,12,6,3,11,2,9,9,5,13,19,8,7,6,6,3,10,11,19,5,8,15,15,18,1,5,1,0,1,10,10,11,3,5,10,15,10,7,2,0,0,10,5,9,16,3,19,11,10,5,3,0,7,19,18,1,4,12,9,15,18,7,7,0,3,18,11,1,9,16,19,11,19,2,0,14",-0.52146447,0.2910743,3.0,0.050088614,78.32428,0.053469058,1.0,0.053469058,0.30907443,0.012654904,0.0,0.0,0.050088614,0.0028141483,0.8588949,0.30907443,2.6841109,1.2882966,78.32428,-0.52146447,3.8922768,209.78893,0.012385878,0.046708167,1.0,209.78893,0.266654,0.14110513,2.6841109,0.0028141483,0.012923931,0.2910743,0.0,1.2882966,3.8922768,0.012385878,0.52146447,0.0,0.012923931,0.52146447,0.5892269,0.046708167,1.0,0.012654904,lookahead,beam_orig2_bm1-s0to100br2-s100to200br1-s200to300br3-s300to400br0
/work/T-REX/external/Proteina-Complexa/inference/search_binder_local_pipeline_32_PDL1_ALPHA_REPACK_v7_r003_cand_v7r003_hyp_0003_01_002_a33ac9851a300/job_0_n_180_id_48_beam_orig3_bm3-s0to100br1-s100to200br0-s200to300br0-s300to400br0/job_0_n_180_id_48_beam_orig3_bm3-s0to100br1-s100to200br0-s200to300br0-s300to400br0.pdb,195,"2,0,13,16,19,16,19,14,11,3,10,18,19,19,6,18,7,15,2,12,16,9,6,4,11,13,14,19,6,11,5,10,3,10,0,0,10,9,19,18,17,6,12,6,3,11,2,9,9,5,13,19,8,7,6,6,3,10,11,19,5,8,15,15,18,1,5,1,0,1,10,10,11,3,5,10,15,10,7,2,0,0,10,5,9,16,3,19,11,10,5,3,0,7,19,18,1,4,12,9,15,18,7,7,0,3,18,11,1,9,16,19,11,19,2,0,15,10,2,6,5,1,9,11,6,0,15,6,11,13,11,10,2,6,6,3,9,11,11,10,11,16,9,10,6,2,7,15,6,6,6,10,15,16,6,9,2,2,9,7,3,11,18,11,10,2,2,6,5,11,13,6,10,10,11,9,10,16,11,6,0,0,0,0,0,0,0,0,0,0,0,0,0,0,0,0,0,0,0,0,0,0,0,0,0,0,0,0,0,0,0,0,0,0,0,0,0,0,0,0,0,0,0,0,0,0,0,0,0,0,0,0,0",-0.141195,0.04150187,3.0,0.6389253,33.596878,0.711685,1.0,0.711685,0.114832416,0.6389253,0.0,0.0,0.6389253,0.0018718606,0.94290936,0.114832416,1.4788095,1.4558594,33.596878,-0.141195,1.8372381,152.19157,0.56616557,0.56616557,1.0,152.19157,0.8393632,0.05709064,1.4788095,0.0018718606,0.711685,0.04150187,0.0,1.4558594,1.8372381,0.56616557,0.141195,0.0,0.711685,0.141195,0.8825168,0.56616557,1.0,0.6389253,lookahead,beam_orig3_bm3-s0to100br1-s100to200br0-s200to300br0-s300to400br0
/work/T-REX/external/Proteina-Complexa/inference/search_binder_local_pipeline_32_PDL1_ALPHA_REPACK_v7_r003_cand_v7r003_hyp_0003_01_002_a33ac9851a300/job_0_n_176_id_49_beam_orig0_bm2-s0to100br3-s100to200br0-s200to300br0-s300to400br1/job_0_n_176_id_49_beam_orig0_bm2-s0to100br3-s100to200br0-s200to300br0-s300to400br1.pdb,196,"2,0,13,16,19,16,19,14,11,3,10,18,19,19,6,18,7,15,2,12,16,9,6,4,11,13,14,19,6,11,5,10,3,10,0,0,10,9,19,18,17,6,12,6,3,11,2,9,9,5,13,19,8,7,6,6,3,10,11,19,5,8,15,15,18,1,5,1,0,1,10,10,11,3,5,10,15,10,7,2,0,0,10,5,9,16,3,19,11,10,5,3,0,7,19,18,1,4,12,9,15,18,7,7,0,3,18,11,1,9,16,19,11,19,2,0,19,16,15,6,6,1,10,11,16,3,6,6,13,15,2,2,19,11,6,13,0,15,11,10,10,3,3,6,11,15,19,0,6,0,0,1,3,19,5,9,19,13,3,10,2,13,6,3,0,10,2,19,19,11,5,19,10,11,3,1,0,0,0,0,0,0,0,0,0,0,0,0,0,0,0,0,0,0,0,0,0,0,0,0,0,0,0,0,0,0,0,0,0,0,0,0,0,0,0,0,0,0,0,0,0,0,0,0,0,0,0,0,0,0,0,0,0",-0.13761623,0.04368294,3.0,0.6342234,65.00189,0.7330363,1.0,0.7330363,0.113460936,0.6342234,0.0,0.0,0.6342234,0.0044294936,0.94339716,0.113460936,3.3745828,1.3434875,65.00189,-0.13761623,1.7717434,200.86317,0.5354105,0.5354105,1.0,200.86317,0.83598316,0.056602832,3.3745828,0.0044294936,0.7330363,0.04368294,0.0,1.3434875,1.7717434,0.5354105,0.13761623,0.0,0.7330363,0.13761623,0.8889997,0.5354105,1.0,0.6342234,lookahead,beam_orig0_bm2-s0to100br3-s100to200br0-s200to300br0-s300to400br1
/work/T-REX/external/Proteina-Complexa/inference/search_binder_local_pipeline_32_PDL1_ALPHA_REPACK_v7_r003_cand_v7r003_hyp_0003_01_002_a33ac9851a300/job_0_n_229_id_49_beam_orig1_bm2-s0to100br1-s100to200br0-s200to300br2-s300to400br1/job_0_n_229_id_49_beam_orig1_bm2-s0to100br1-s100to200br0-s200to300br2-s300to400br1.pdb,197,"2,0,13,16,19,16,19,14,11,3,10,18,19,19,6,18,7,15,2,12,16,9,6,4,11,13,14,19,6,11,5,10,3,10,0,0,10,9,19,18,17,6,12,6,3,11,2,9,9,5,13,19,8,7,6,6,3,10,11,19,5,8,15,15,18,1,5,1,0,1,10,10,11,3,5,10,15,10,7,2,0,0,10,5,9,16,3,19,11,10,5,3,0,7,19,18,1,4,12,9,15,18,7,7,0,3,18,11,1,9,16,19,11,19,2,0,0,13,16,19,16,19,14,11,3,10,18,19,19,6,18,7,15,2,12,16,9,6,4,11,13,14,19,6,11,5,10,3,10,0,0,10,9,19,18,17,6,12,6,3,11,2,9,9,5,13,19,8,7,6,6,3,10,11,19,5,8,15,15,18,1,5,1,0,1,10,10,11,3,5,10,15,10,7,2,0,0,10,5,9,16,3,19,11,10,5,3,0,7,19,18,1,4,12,9,15,18,7,7,0,3,18,11,1,9,16,19,11,19,0,0,0,0",-0.5137805,0.28698894,3.0,0.051444493,57.9857,0.054183204,1.0,0.054183204,0.30469444,0.013048439,0.0,0.0,0.051444493,0.0017935386,0.86137646,0.30469444,4.885693,1.2709806,57.9857,-0.5137805,3.8204637,200.04953,0.01259983,0.04870578,1.0,200.04953,0.2710643,0.13862354,4.885693,0.0017935386,0.013497049,0.28698894,0.0,1.2709806,3.8204637,0.01259983,0.5137805,0.0,0.013497049,0.5137805,0.59286696,0.04870578,1.0,0.013048439,lookahead,beam_orig1_bm2-s0to100br1-s100to200br0-s200to300br2-s300to400br1
/work/T-REX/external/Proteina-Complexa/inference/search_binder_local_pipeline_32_PDL1_ALPHA_REPACK_v7_r003_cand_v7r003_hyp_0003_01_002_a33ac9851a300/job_0_n_233_id_49_beam_orig2_bm1-s0to100br2-s100to200br1-s200to300br3-s300to400br1/job_0_n_233_id_49_beam_orig2_bm1-s0to100br2-s100to200br1-s200to300br3-s300to400br1.pdb,198,"2,0,13,16,19,16,19,14,11,3,10,18,19,19,6,18,7,15,2,12,16,9,6,4,11,13,14,19,6,11,5,10,3,10,0,0,10,9,19,18,17,6,12,6,3,11,2,9,9,5,13,19,8,7,6,6,3,10,11,19,5,8,15,15,18,1,5,1,0,1,10,10,11,3,5,10,15,10,7,2,0,0,10,5,9,16,3,19,11,10,5,3,0,7,19,18,1,4,12,9,15,18,7,7,0,3,18,11,1,9,16,19,11,19,2,0,2,0,13,16,19,16,19,14,11,3,10,18,19,19,6,18,7,15,2,12,16,9,6,4,11,13,14,19,6,11,5,10,3,10,0,0,10,9,19,18,17,6,12,6,3,11,2,9,9,5,13,19,8,7,6,6,3,10,11,19,5,8,15,15,18,1,5,1,0,1,10,10,11,3,5,10,15,10,7,2,0,0,10,5,9,16,3,19,11,10,5,3,0,7,19,18,1,4,12,9,15,18,7,7,0,3,18,11,1,9,16,19,11,19,2,0,14",-0.5300741,0.30004358,3.0,0.045085624,78.80477,0.0475329,1.0,0.0475329,0.3136158,0.012434942,0.0,0.0,0.045085624,0.0028815272,0.8591943,0.3136158,2.5654233,1.2928556,78.80477,-0.5300741,3.9115973,213.70972,0.012192405,0.042638343,1.0,213.70972,0.26122922,0.1408057,2.5654233,0.0028815272,0.012677479,0.30004358,0.0,1.2928556,3.9115973,0.012192405,0.5300741,0.0,0.012677479,0.5300741,0.58689535,0.042638343,1.0,0.012434942,lookahead,beam_orig2_bm1-s0to100br2-s100to200br1-s200to300br3-s300to400br1
/work/T-REX/external/Proteina-Complexa/inference/search_binder_local_pipeline_32_PDL1_ALPHA_REPACK_v7_r003_cand_v7r003_hyp_0003_01_002_a33ac9851a300/job_0_n_180_id_49_beam_orig3_bm3-s0to100br1-s100to200br0-s200to300br0-s300to400br1/job_0_n_180_id_49_beam_orig3_bm3-s0to100br1-s100to200br0-s200to300br0-s300to400br1.pdb,199,"2,0,13,16,19,16,19,14,11,3,10,18,19,19,6,18,7,15,2,12,16,9,6,4,11,13,14,19,6,11,5,10,3,10,0,0,10,9,19,18,17,6,12,6,3,11,2,9,9,5,13,19,8,7,6,6,3,10,11,19,5,8,15,15,18,1,5,1,0,1,10,10,11,3,5,10,15,10,7,2,0,0,10,5,9,16,3,19,11,10,5,3,0,7,19,18,1,4,12,9,15,18,7,7,0,3,18,11,1,9,16,19,11,19,2,0,15,10,9,6,5,1,9,11,6,0,15,6,11,13,11,10,2,6,6,3,9,11,11,10,11,16,9,10,6,2,7,15,6,6,6,10,15,16,6,9,2,10,9,7,3,11,18,11,10,2,2,6,5,11,13,6,10,10,11,9,10,16,11,6,0,0,0,0,0,0,0,0,0,0,0,0,0,0,0,0,0,0,0,0,0,0,0,0,0,0,0,0,0,0,0,0,0,0,0,0,0,0,0,0,0,0,0,0,0,0,0,0,0,0,0,0,0",-0.15040101,0.045175996,3.0,0.60928774,39.189255,0.68156385,1.0,0.68156385,0.122975476,0.60928774,0.0,0.0,0.60928774,0.0015641525,0.93115443,0.122975476,1.6561075,1.565376,39.189255,-0.15040101,1.9272127,162.54218,0.5370116,0.5370116,1.0,162.54218,0.82432246,0.068845555,1.6561075,0.0015641525,0.68156385,0.045175996,0.0,1.565376,1.9272127,0.5370116,0.15040101,0.0,0.68156385,0.15040101,0.87703824,0.5370116,1.0,0.60928774,lookahead,beam_orig3_bm3-s0to100br1-s100to200br0-s200to300br0-s300to400br1
/work/T-REX/external/Proteina-Complexa/inference/search_binder_local_pipeline_32_PDL1_ALPHA_REPACK_v7_r003_cand_v7r003_hyp_0003_01_002_a33ac9851a300/job_0_n_176_id_50_beam_orig0_bm2-s0to100br3-s100to200br0-s200to300br0-s300to400br2/job_0_n_176_id_50_beam_orig0_bm2-s0to100br3-s100to200br0-s200to300br0-s300to400br2.pdb,200,"2,0,13,16,19,16,19,14,11,3,10,18,19,19,6,18,7,15,2,12,16,9,6,4,11,13,14,19,6,11,5,10,3,10,0,0,10,9,19,18,17,6,12,6,3,11,2,9,9,5,13,19,8,7,6,6,3,10,11,19,5,8,15,15,18,1,5,1,0,1,10,10,11,3,5,10,15,10,7,2,0,0,10,5,9,16,3,19,11,10,5,3,0,7,19,18,1,4,12,9,15,18,7,7,0,3,18,11,1,9,16,19,11,19,2,0,19,16,15,6,6,1,10,11,16,3,6,6,13,15,2,2,19,11,6,13,0,15,11,10,10,3,3,6,11,15,19,0,6,0,0,1,3,19,5,9,19,13,3,10,2,13,6,3,0,10,2,19,19,11,5,19,10,11,3,1,0,0,0,0,0,0,0,0,0,0,0,0,0,0,0,0,0,0,0,0,0,0,0,0,0,0,0,0,0,0,0,0,0,0,0,0,0,0,0,0,0,0,0,0,0,0,0,0,0,0,0,0,0,0,0,0,0",-0.13792314,0.04385475,3.0,0.6314937,62.264816,0.7307029,1.0,0.7307029,0.113606244,0.6314937,0.0,0.0,0.6314937,0.0043552015,0.9434412,0.113606244,3.3615365,1.342778,62.264816,-0.13792314,1.7734922,196.83047,0.53228444,0.53228444,1.0,196.83047,0.83530927,0.056558803,3.3615365,0.0043552015,0.7307029,0.04385475,0.0,1.342778,1.7734922,0.53228444,0.13792314,0.0,0.7307029,0.13792314,0.88860595,0.53228444,1.0,0.6314937,lookahead,beam_orig0_bm2-s0to100br3-s100to200br0-s200to300br0-s300to400br2
/work/T-REX/external/Proteina-Complexa/inference/search_binder_local_pipeline_32_PDL1_ALPHA_REPACK_v7_r003_cand_v7r003_hyp_0003_01_002_a33ac9851a300/job_0_n_229_id_50_beam_orig1_bm2-s0to100br1-s100to200br0-s200to300br2-s300to400br2/job_0_n_229_id_50_beam_orig1_bm2-s0to100br1-s100to200br0-s200to300br2-s300to400br2.pdb,201,"2,0,13,16,19,16,19,14,11,3,10,18,19,19,6,18,7,15,2,12,16,9,6,4,11,13,14,19,6,11,5,10,3,10,0,0,10,9,19,18,17,6,12,6,3,11,2,9,9,5,13,19,8,7,6,6,3,10,11,19,5,8,15,15,18,1,5,1,0,1,10,10,11,3,5,10,15,10,7,2,0,0,10,5,9,16,3,19,11,10,5,3,0,7,19,18,1,4,12,9,15,18,7,7,0,3,18,11,1,9,16,19,11,19,2,0,0,13,16,19,16,19,14,11,3,10,18,19,19,6,18,7,15,2,12,16,9,6,4,11,13,14,19,6,11,5,10,3,10,0,0,10,9,19,18,17,6,12,6,3,11,2,9,9,5,13,19,8,7,6,6,3,10,11,19,5,8,15,15,18,1,5,1,0,1,10,10,11,3,5,10,15,10,7,2,0,0,10,5,9,16,3,19,11,10,5,3,0,7,19,18,1,4,12,9,15,18,7,7,0,3,18,11,1,9,16,19,11,19,0,0,0,0",-0.5151756,0.28632352,3.0,0.05054788,61.80981,0.05329258,1.0,0.05329258,0.30535707,0.012792982,0.0,0.0,0.05054788,0.0017846696,0.8612842,0.30535707,5.0637383,1.2700227,61.80981,-0.5151756,3.8217313,203.95882,0.012710954,0.04780318,1.0,203.95882,0.2689258,0.13871579,5.0637383,0.0017846696,0.012875011,0.28632352,0.0,1.2700227,3.8217313,0.012710954,0.5151756,0.0,0.012875011,0.5151756,0.5918003,0.04780318,1.0,0.012792982,lookahead,beam_orig1_bm2-s0to100br1-s100to200br0-s200to300br2-s300to400br2
/work/T-REX/external/Proteina-Complexa/inference/search_binder_local_pipeline_32_PDL1_ALPHA_REPACK_v7_r003_cand_v7r003_hyp_0003_01_002_a33ac9851a300/job_0_n_233_id_50_beam_orig2_bm1-s0to100br2-s100to200br1-s200to300br3-s300to400br2/job_0_n_233_id_50_beam_orig2_bm1-s0to100br2-s100to200br1-s200to300br3-s300to400br2.pdb,202,"2,0,13,16,19,16,19,14,11,3,10,18,19,19,6,18,7,15,2,12,16,9,6,4,11,13,14,19,6,11,5,10,3,10,0,0,10,9,19,18,17,6,12,6,3,11,2,9,9,5,13,19,8,7,6,6,3,10,11,19,5,8,15,15,18,1,5,1,0,1,10,10,11,3,5,10,15,10,7,2,0,0,10,5,9,16,3,19,11,10,5,3,0,7,19,18,1,4,12,9,15,18,7,7,0,3,18,11,1,9,16,19,11,19,2,0,2,0,13,16,19,16,19,14,11,3,10,18,19,19,6,18,7,15,2,12,16,9,6,4,11,13,14,19,6,11,5,10,3,10,0,0,10,9,19,18,17,6,12,6,3,11,2,9,9,5,13,19,8,7,6,6,3,10,11,19,5,8,15,15,18,1,5,1,0,1,10,10,11,3,5,10,15,10,7,2,0,0,10,5,9,16,3,19,11,10,5,3,0,7,19,18,1,4,12,9,15,18,7,7,0,3,18,11,1,9,16,19,11,19,2,0,14",-0.5254824,0.2952084,3.0,0.04814997,77.11942,0.050254337,1.0,0.050254337,0.31122434,0.012308994,0.0,0.0,0.04814997,0.002878993,0.8591944,0.31122434,2.64777,1.2901051,77.11942,-0.5254824,3.8996556,210.51143,0.011995373,0.0460456,1.0,210.51143,0.2640983,0.14080563,2.64777,0.002878993,0.012622616,0.2952084,0.0,1.2901051,3.8996556,0.011995373,0.5254824,0.0,0.012622616,0.5254824,0.5880406,0.0460456,1.0,0.012308994,lookahead,beam_orig2_bm1-s0to100br2-s100to200br1-s200to300br3-s300to400br2
/work/T-REX/external/Proteina-Complexa/inference/search_binder_local_pipeline_32_PDL1_ALPHA_REPACK_v7_r003_cand_v7r003_hyp_0003_01_002_a33ac9851a300/job_0_n_180_id_50_beam_orig3_bm3-s0to100br1-s100to200br0-s200to300br0-s300to400br2/job_0_n_180_id_50_beam_orig3_bm3-s0to100br1-s100to200br0-s200to300br0-s300to400br2.pdb,203,"2,0,13,16,19,16,19,14,11,3,10,18,19,19,6,18,7,15,2,12,16,9,6,4,11,13,14,19,6,11,5,10,3,10,0,0,10,9,19,18,17,6,12,6,3,11,2,9,9,5,13,19,8,7,6,6,3,10,11,19,5,8,15,15,18,1,5,1,0,1,10,10,11,3,5,10,15,10,7,2,0,0,10,5,9,16,3,19,11,10,5,3,0,7,19,18,1,4,12,9,15,18,7,7,0,3,18,11,1,9,16,19,11,19,2,0,15,10,10,6,5,1,9,11,6,0,15,6,11,13,11,10,2,10,6,3,9,11,11,10,11,16,9,10,6,2,7,15,6,6,6,10,15,16,6,9,2,2,9,7,3,11,13,11,10,2,2,6,5,11,13,6,10,10,11,9,10,16,11,6,0,0,0,0,0,0,0,0,0,0,0,0,0,0,0,0,0,0,0,0,0,0,0,0,0,0,0,0,0,0,0,0,0,0,0,0,0,0,0,0,0,0,0,0,0,0,0,0,0,0,0,0,0",-0.15516752,0.044508256,3.0,0.60494614,41.495842,0.67689633,1.0,0.67689633,0.12869269,0.60494614,0.0,0.0,0.60494614,0.0016144803,0.919337,0.12869269,1.7780501,1.6859777,41.495842,-0.15516752,1.9767172,165.22937,0.53299594,0.53299594,1.0,165.22937,0.81951296,0.08066304,1.7780501,0.0016144803,0.67689633,0.044508256,0.0,1.6859777,1.9767172,0.53299594,0.15516752,0.0,0.67689633,0.15516752,0.8767435,0.53299594,1.0,0.60494614,lookahead,beam_orig3_bm3-s0to100br1-s100to200br0-s200to300br0-s300to400br2
/work/T-REX/external/Proteina-Complexa/inference/search_binder_local_pipeline_32_PDL1_ALPHA_REPACK_v7_r003_cand_v7r003_hyp_0003_01_002_a33ac9851a300/job_0_n_176_id_51_beam_orig0_bm2-s0to100br3-s100to200br0-s200to300br0-s300to400br3/job_0_n_176_id_51_beam_orig0_bm2-s0to100br3-s100to200br0-s200to300br0-s300to400br3.pdb,204,"2,0,13,16,19,16,19,14,11,3,10,18,19,19,6,18,7,15,2,12,16,9,6,4,11,13,14,19,6,11,5,10,3,10,0,0,10,9,19,18,17,6,12,6,3,11,2,9,9,5,13,19,8,7,6,6,3,10,11,19,5,8,15,15,18,1,5,1,0,1,10,10,11,3,5,10,15,10,7,2,0,0,10,5,9,16,3,19,11,10,5,3,0,7,19,18,1,4,12,9,15,18,7,7,0,3,18,11,1,9,16,19,11,19,2,0,19,16,15,6,6,1,10,11,16,3,6,6,13,15,2,2,19,11,6,13,0,15,11,10,10,3,3,6,11,15,19,0,6,0,0,1,3,19,5,9,19,13,3,10,2,13,6,3,0,10,2,19,19,11,5,19,10,11,3,1,0,0,0,0,0,0,0,0,0,0,0,0,0,0,0,0,0,0,0,0,0,0,0,0,0,0,0,0,0,0,0,0,0,0,0,0,0,0,0,0,0,0,0,0,0,0,0,0,0,0,0,0,0,0,0,0,0",-0.13762166,0.04320024,3.0,0.6334799,64.07243,0.7316339,1.0,0.7316339,0.11349504,0.6334799,0.0,0.0,0.6334799,0.004415434,0.9433597,0.11349504,3.341084,1.3444386,64.07243,-0.13762166,1.7705497,198.89389,0.5353259,0.5353259,1.0,198.89389,0.8360021,0.056640346,3.341084,0.004415434,0.7316339,0.04320024,0.0,1.3444386,1.7705497,0.5353259,0.13762166,0.0,0.7316339,0.13762166,0.88901967,0.5353259,1.0,0.6334799,lookahead,beam_orig0_bm2-s0to100br3-s100to200br0-s200to300br0-s300to400br3
/work/T-REX/external/Proteina-Complexa/inference/search_binder_local_pipeline_32_PDL1_ALPHA_REPACK_v7_r003_cand_v7r003_hyp_0003_01_002_a33ac9851a300/job_0_n_229_id_51_beam_orig1_bm2-s0to100br1-s100to200br0-s200to300br2-s300to400br3/job_0_n_229_id_51_beam_orig1_bm2-s0to100br1-s100to200br0-s200to300br2-s300to400br3.pdb,205,"2,0,13,16,19,16,19,14,11,3,10,18,19,19,6,18,7,15,2,12,16,9,6,4,11,13,14,19,6,11,5,10,3,10,0,0,10,9,19,18,17,6,12,6,3,11,2,9,9,5,13,19,8,7,6,6,3,10,11,19,5,8,15,15,18,1,5,1,0,1,10,10,11,3,5,10,15,10,7,2,0,0,10,5,9,16,3,19,11,10,5,3,0,7,19,18,1,4,12,9,15,18,7,7,0,3,18,11,1,9,16,19,11,19,2,0,0,13,16,19,16,19,14,11,3,10,18,19,19,6,18,7,15,2,12,16,9,6,4,11,13,14,19,6,11,5,10,3,10,0,0,10,9,19,18,17,6,12,6,3,11,2,9,9,5,13,19,8,7,6,6,3,10,11,19,5,8,15,15,18,1,5,1,0,1,10,10,11,3,5,10,15,10,7,2,0,0,10,5,9,16,3,19,11,10,5,3,0,7,19,18,1,4,12,9,15,18,7,7,0,3,18,11,1,9,16,19,11,19,0,0,0,0",-0.5110189,0.27597174,3.0,0.049991034,68.987335,0.05209888,1.0,0.05209888,0.30306563,0.013801122,0.0,0.0,0.049991034,0.0016748009,0.86100894,0.30306563,5.564836,1.2652093,68.987335,-0.5110189,3.7904215,203.51384,0.013457815,0.04788319,1.0,203.51384,0.2657995,0.13899107,5.564836,0.0016748009,0.014144428,0.27597174,0.0,1.2652093,3.7904215,0.013457815,0.5110189,0.0,0.014144428,0.5110189,0.590255,0.04788319,1.0,0.013801122,lookahead,beam_orig1_bm2-s0to100br1-s100to200br0-s200to300br2-s300to400br3
/work/T-REX/external/Proteina-Complexa/inference/search_binder_local_pipeline_32_PDL1_ALPHA_REPACK_v7_r003_cand_v7r003_hyp_0003_01_002_a33ac9851a300/job_0_n_233_id_51_beam_orig2_bm1-s0to100br2-s100to200br1-s200to300br3-s300to400br3/job_0_n_233_id_51_beam_orig2_bm1-s0to100br2-s100to200br1-s200to300br3-s300to400br3.pdb,206,"2,0,13,16,19,16,19,14,11,3,10,18,19,19,6,18,7,15,2,12,16,9,6,4,11,13,14,19,6,11,5,10,3,10,0,0,10,9,19,18,17,6,12,6,3,11,2,9,9,5,13,19,8,7,6,6,3,10,11,19,5,8,15,15,18,1,5,1,0,1,10,10,11,3,5,10,15,10,7,2,0,0,10,5,9,16,3,19,11,10,5,3,0,7,19,18,1,4,12,9,15,18,7,7,0,3,18,11,1,9,16,19,11,19,2,0,2,0,13,16,19,16,19,14,11,3,10,18,19,19,6,18,7,15,2,12,16,9,6,4,11,13,14,19,6,11,5,10,3,10,0,0,10,9,19,18,17,6,12,6,3,11,2,9,9,5,13,19,8,7,6,6,3,10,11,19,5,8,15,15,18,1,5,1,0,1,10,10,11,3,5,10,15,10,7,2,0,0,10,5,9,16,3,19,11,10,5,3,0,7,19,18,1,4,12,9,15,18,7,7,0,3,18,11,1,9,16,19,11,19,2,0,14",-0.5208775,0.292037,3.0,0.049836867,78.28202,0.052729324,1.0,0.052729324,0.30883154,0.01261059,0.0,0.0,0.049836867,0.0028125767,0.8590872,0.30883154,2.7127671,1.2880982,78.28202,-0.5208775,3.886255,212.308,0.01230268,0.04694441,1.0,212.308,0.2668668,0.1409128,2.7127671,0.0028125767,0.012918499,0.292037,0.0,1.2880982,3.886255,0.01230268,0.5208775,0.0,0.012918499,0.5208775,0.589633,0.04694441,1.0,0.01261059,lookahead,beam_orig2_bm1-s0to100br2-s100to200br1-s200to300br3-s300to400br3
/work/T-REX/external/Proteina-Complexa/inference/search_binder_local_pipeline_32_PDL1_ALPHA_REPACK_v7_r003_cand_v7r003_hyp_0003_01_002_a33ac9851a300/job_0_n_180_id_51_beam_orig3_bm3-s0to100br1-s100to200br0-s200to300br0-s300to400br3/job_0_n_180_id_51_beam_orig3_bm3-s0to100br1-s100to200br0-s200to300br0-s300to400br3.pdb,207,"2,0,13,16,19,16,19,14,11,3,10,18,19,19,6,18,7,15,2,12,16,9,6,4,11,13,14,19,6,11,5,10,3,10,0,0,10,9,19,18,17,6,12,6,3,11,2,9,9,5,13,19,8,7,6,6,3,10,11,19,5,8,15,15,18,1,5,1,0,1,10,10,11,3,5,10,15,10,7,2,0,0,10,5,9,16,3,19,11,10,5,3,0,7,19,18,1,4,12,9,15,18,7,7,0,3,18,11,1,9,16,19,11,19,2,0,15,6,2,6,5,1,9,11,6,0,15,6,11,13,11,10,2,3,6,3,9,11,11,10,11,16,9,10,6,2,7,15,6,6,6,10,15,16,6,9,2,2,9,7,3,11,18,11,10,2,2,6,5,11,13,6,10,10,11,9,10,16,11,6,0,0,0,0,0,0,0,0,0,0,0,0,0,0,0,0,0,0,0,0,0,0,0,0,0,0,0,0,0,0,0,0,0,0,0,0,0,0,0,0,0,0,0,0,0,0,0,0,0,0,0,0,0",-0.14137256,0.04101258,3.0,0.64182425,36.22165,0.71422535,1.0,0.71422535,0.11548558,0.64182425,0.0,0.0,0.64182425,0.00250033,0.94122916,0.11548558,1.512317,1.4629865,36.22165,-0.14137256,1.8395241,153.44687,0.5694232,0.5694232,1.0,153.44687,0.8396707,0.05877082,1.512317,0.00250033,0.71422535,0.04101258,0.0,1.4629865,1.8395241,0.5694232,0.14137256,0.0,0.71422535,0.14137256,0.8831745,0.5694232,1.0,0.64182425,lookahead,beam_orig3_bm3-s0to100br1-s100to200br0-s200to300br0-s300to400br3
/work/T-REX/external/Proteina-Complexa/inference/search_binder_local_pipeline_32_PDL1_ALPHA_REPACK_v7_r003_cand_v7r003_hyp_0003_01_002_a33ac9851a300/job_0_n_176_id_52_beam_orig0_bm2-s0to100br3-s100to200br0-s200to300br3-s300to400br0/job_0_n_176_id_52_beam_orig0_bm2-s0to100br3-s100to200br0-s200to300br3-s300to400br0.pdb,208,"2,0,13,16,19,16,19,14,11,3,10,18,19,19,6,18,7,15,2,12,16,9,6,4,11,13,14,19,6,11,5,10,3,10,0,0,10,9,19,18,17,6,12,6,3,11,2,9,9,5,13,19,8,7,6,6,3,10,11,19,5,8,15,15,18,1,5,1,0,1,10,10,11,3,5,10,15,10,7,2,0,0,10,5,9,16,3,19,11,10,5,3,0,7,19,18,1,4,12,9,15,18,7,7,0,3,18,11,1,9,16,19,11,19,2,0,19,16,15,5,6,1,10,11,2,3,6,6,13,0,5,2,19,11,9,13,0,15,11,10,10,3,3,7,11,15,19,11,6,0,0,1,3,19,5,9,9,13,3,10,2,13,6,3,0,10,2,19,19,11,5,19,10,11,3,1,0,0,0,0,0,0,0,0,0,0,0,0,0,0,0,0,0,0,0,0,0,0,0,0,0,0,0,0,0,0,0,0,0,0,0,0,0,0,0,0,0,0,0,0,0,0,0,0,0,0,0,0,0,0,0,0,0",-0.14113031,0.04723874,3.0,0.6276685,70.54021,0.7234355,1.0,0.7234355,0.11639992,0.6276685,0.0,0.0,0.6276685,0.0032077602,0.94008124,0.11639992,3.3790412,1.3704634,70.54021,-0.14113031,1.8284178,201.20294,0.53190154,0.53190154,1.0,201.20294,0.83148813,0.05991873,3.3790412,0.0032077602,0.7234355,0.04723874,0.0,1.3704634,1.8284178,0.53190154,0.14113031,0.0,0.7234355,0.14113031,0.88644326,0.53190154,1.0,0.6276685,lookahead,beam_orig0_bm2-s0to100br3-s100to200br0-s200to300br3-s300to400br0
/work/T-REX/external/Proteina-Complexa/inference/search_binder_local_pipeline_32_PDL1_ALPHA_REPACK_v7_r003_cand_v7r003_hyp_0003_01_002_a33ac9851a300/job_0_n_229_id_52_beam_orig1_bm2-s0to100br1-s100to200br0-s200to300br1-s300to400br0/job_0_n_229_id_52_beam_orig1_bm2-s0to100br1-s100to200br0-s200to300br1-s300to400br0.pdb,209,"2,0,13,16,19,16,19,14,11,3,10,18,19,19,6,18,7,15,2,12,16,9,6,4,11,13,14,19,6,11,5,10,3,10,0,0,10,9,19,18,17,6,12,6,3,11,2,9,9,5,13,19,8,7,6,6,3,10,11,19,5,8,15,15,18,1,5,1,0,1,10,10,11,3,5,10,15,10,7,2,0,0,10,5,9,16,3,19,11,10,5,3,0,7,19,18,1,4,12,9,15,18,7,7,0,3,18,11,1,9,16,19,11,19,2,0,0,13,16,19,16,19,14,11,3,10,18,19,19,6,18,7,15,2,12,16,9,6,4,11,13,14,19,6,11,5,10,3,10,0,0,10,9,19,18,17,6,12,6,3,11,2,9,9,5,13,19,8,7,6,6,3,10,11,19,5,8,15,15,18,1,5,1,0,1,10,10,11,3,5,10,15,10,7,2,0,0,10,5,9,16,3,19,11,10,5,3,0,7,19,18,1,4,12,9,15,18,7,7,0,3,18,11,1,9,16,19,11,19,0,0,0,0",-0.51573926,0.28596652,3.0,0.04954458,60.900585,0.05226938,1.0,0.05226938,0.30539253,0.012816432,0.0,0.0,0.04954458,0.0017699283,0.86141413,0.30539253,5.2006474,1.2653874,60.900585,-0.51573926,3.8207977,195.4708,0.012717366,0.046819776,1.0,195.4708,0.2677037,0.13858587,5.2006474,0.0017699283,0.012915498,0.28596652,0.0,1.2653874,3.8207977,0.012717366,0.51573926,0.0,0.012915498,0.51573926,0.5910982,0.046819776,1.0,0.012816432,lookahead,beam_orig1_bm2-s0to100br1-s100to200br0-s200to300br1-s300to400br0
/work/T-REX/external/Proteina-Complexa/inference/search_binder_local_pipeline_32_PDL1_ALPHA_REPACK_v7_r003_cand_v7r003_hyp_0003_01_002_a33ac9851a300/job_0_n_233_id_52_beam_orig2_bm2-s0to100br1-s100to200br2-s200to300br3-s300to400br0/job_0_n_233_id_52_beam_orig2_bm2-s0to100br1-s100to200br2-s200to300br3-s300to400br0.pdb,210,"2,0,13,16,19,16,19,14,11,3,10,18,19,19,6,18,7,15,2,12,16,9,6,4,11,13,14,19,6,11,5,10,3,10,0,0,10,9,19,18,17,6,12,6,3,11,2,9,9,5,13,19,8,7,6,6,3,10,11,19,5,8,15,15,18,1,5,1,0,1,10,10,11,3,5,10,15,10,7,2,0,0,10,5,9,16,3,19,11,10,5,3,0,7,19,18,1,4,12,9,15,18,7,7,0,3,18,11,1,9,16,19,11,19,2,0,0,13,16,19,16,19,14,11,3,10,18,19,19,6,18,7,15,2,12,16,9,6,4,11,13,14,19,6,11,5,10,3,10,0,0,10,9,19,18,17,6,12,6,3,11,2,9,9,5,13,19,8,7,6,6,3,10,11,19,5,8,15,15,18,1,5,1,0,1,10,10,11,3,5,10,15,10,7,2,0,0,10,5,9,16,3,19,11,10,5,3,0,7,19,18,1,4,12,9,15,18,7,7,0,3,18,11,1,9,16,19,11,19,2,0,14,15",-0.5183553,0.2887013,3.0,0.050402135,64.60364,0.052626923,1.0,0.052626923,0.30698565,0.012854889,0.0,0.0,0.050402135,0.0032526974,0.8614173,0.30698565,5.2256756,1.2714945,64.60364,-0.5183553,3.8958154,195.82301,0.012457955,0.048177343,1.0,195.82301,0.26767015,0.1385827,5.2256756,0.0032526974,0.013251824,0.2887013,0.0,1.2714945,3.8958154,0.012457955,0.5183553,0.0,0.013251824,0.5183553,0.59071755,0.048177343,1.0,0.012854889,lookahead,beam_orig2_bm2-s0to100br1-s100to200br2-s200to300br3-s300to400br0
/work/T-REX/external/Proteina-Complexa/inference/search_binder_local_pipeline_32_PDL1_ALPHA_REPACK_v7_r003_cand_v7r003_hyp_0003_01_002_a33ac9851a300/job_0_n_180_id_52_beam_orig3_bm3-s0to100br1-s100to200br0-s200to300br3-s300to400br0/job_0_n_180_id_52_beam_orig3_bm3-s0to100br1-s100to200br0-s200to300br3-s300to400br0.pdb,211,"2,0,13,16,19,16,19,14,11,3,10,18,19,19,6,18,7,15,2,12,16,9,6,4,11,13,14,19,6,11,5,10,3,10,0,0,10,9,19,18,17,6,12,6,3,11,2,9,9,5,13,19,8,7,6,6,3,10,11,19,5,8,15,15,18,1,5,1,0,1,10,10,11,3,5,10,15,10,7,2,0,0,10,5,9,16,3,19,11,10,5,3,0,7,19,18,1,4,12,9,15,18,7,7,0,3,18,11,1,9,16,19,11,19,2,0,15,3,9,3,10,11,19,5,6,0,15,6,11,13,11,10,15,3,6,3,11,6,0,10,18,11,0,10,2,2,7,15,6,5,6,11,15,3,19,19,2,6,9,0,3,11,18,11,10,2,3,6,5,11,13,6,10,10,11,9,19,15,11,15,0,0,0,0,0,0,0,0,0,0,0,0,0,0,0,0,0,0,0,0,0,0,0,0,0,0,0,0,0,0,0,0,0,0,0,0,0,0,0,0,0,0,0,0,0,0,0,0,0,0,0,0,0",-0.1511186,0.046205666,3.0,0.58591354,29.71186,0.65322113,1.0,0.65322113,0.12290726,0.58591354,0.0,0.0,0.58591354,0.0017668009,0.93365765,0.12290726,1.4625517,1.4865687,29.71186,-0.1511186,1.9609516,153.73695,0.5186059,0.5186059,1.0,153.73695,0.82140493,0.066342324,1.4625517,0.0017668009,0.65322113,0.046205666,0.0,1.4865687,1.9609516,0.5186059,0.1511186,0.0,0.65322113,0.1511186,0.87452507,0.5186059,1.0,0.58591354,lookahead,beam_orig3_bm3-s0to100br1-s100to200br0-s200to300br3-s300to400br0
/work/T-REX/external/Proteina-Complexa/inference/search_binder_local_pipeline_32_PDL1_ALPHA_REPACK_v7_r003_cand_v7r003_hyp_0003_01_002_a33ac9851a300/job_0_n_176_id_53_beam_orig0_bm2-s0to100br3-s100to200br0-s200to300br3-s300to400br1/job_0_n_176_id_53_beam_orig0_bm2-s0to100br3-s100to200br0-s200to300br3-s300to400br1.pdb,212,"2,0,13,16,19,16,19,14,11,3,10,18,19,19,6,18,7,15,2,12,16,9,6,4,11,13,14,19,6,11,5,10,3,10,0,0,10,9,19,18,17,6,12,6,3,11,2,9,9,5,13,19,8,7,6,6,3,10,11,19,5,8,15,15,18,1,5,1,0,1,10,10,11,3,5,10,15,10,7,2,0,0,10,5,9,16,3,19,11,10,5,3,0,7,19,18,1,4,12,9,15,18,7,7,0,3,18,11,1,9,16,19,11,19,2,0,19,16,15,5,6,1,10,11,2,3,6,6,13,0,5,2,19,11,9,13,0,15,11,10,10,3,3,7,11,15,19,11,6,0,0,1,3,19,5,9,9,13,3,10,2,13,6,3,0,10,2,19,19,11,5,19,10,11,3,1,0,0,0,0,0,0,0,0,0,0,0,0,0,0,0,0,0,0,0,0,0,0,0,0,0,0,0,0,0,0,0,0,0,0,0,0,0,0,0,0,0,0,0,0,0,0,0,0,0,0,0,0,0,0,0,0,0",-0.1413093,0.04770214,3.0,0.6263087,71.647804,0.72223926,1.0,0.72223926,0.11645802,0.6263087,0.0,0.0,0.6263087,0.0031483194,0.9400692,0.11645802,3.453234,1.3710872,71.647804,-0.1413093,1.8323698,208.93988,0.53037804,0.53037804,1.0,208.93988,0.8308933,0.059930775,3.453234,0.0031483194,0.72223926,0.04770214,0.0,1.3710872,1.8323698,0.53037804,0.1413093,0.0,0.72223926,0.1413093,0.8862656,0.53037804,1.0,0.6263087,lookahead,beam_orig0_bm2-s0to100br3-s100to200br0-s200to300br3-s300to400br1
/work/T-REX/external/Proteina-Complexa/inference/search_binder_local_pipeline_32_PDL1_ALPHA_REPACK_v7_r003_cand_v7r003_hyp_0003_01_002_a33ac9851a300/job_0_n_229_id_53_beam_orig1_bm2-s0to100br1-s100to200br0-s200to300br1-s300to400br1/job_0_n_229_id_53_beam_orig1_bm2-s0to100br1-s100to200br0-s200to300br1-s300to400br1.pdb,213,"2,0,13,16,19,16,19,14,11,3,10,18,19,19,6,18,7,15,2,12,16,9,6,4,11,13,14,19,6,11,5,10,3,10,0,0,10,9,19,18,17,6,12,6,3,11,2,9,9,5,13,19,8,7,6,6,3,10,11,19,5,8,15,15,18,1,5,1,0,1,10,10,11,3,5,10,15,10,7,2,0,0,10,5,9,16,3,19,11,10,5,3,0,7,19,18,1,4,12,9,15,18,7,7,0,3,18,11,1,9,16,19,11,19,2,0,0,13,16,19,16,19,14,11,3,10,18,19,19,6,18,7,15,2,12,16,9,6,4,11,13,14,19,6,11,5,10,3,10,0,0,10,9,19,18,17,6,12,6,3,11,2,9,9,5,13,19,8,7,6,6,3,10,11,19,5,8,15,15,18,1,5,1,0,1,10,10,11,3,5,10,15,10,7,2,0,0,10,5,9,16,3,19,11,10,5,3,0,7,19,18,1,4,12,9,15,18,7,7,0,3,18,11,1,9,16,19,11,19,0,0,0,0",-0.51107705,0.28183636,3.0,0.05162268,61.164513,0.053858254,1.0,0.053858254,0.30286688,0.013078643,0.0,0.0,0.05162268,0.001725517,0.8624288,0.30286688,5.1540875,1.2605879,61.164513,-0.51107705,3.8048878,198.51434,0.012752314,0.049387105,1.0,198.51434,0.2714623,0.1375712,5.1540875,0.001725517,0.013404971,0.28183636,0.0,1.2605879,3.8048878,0.012752314,0.51107705,0.0,0.013404971,0.51107705,0.59303164,0.049387105,1.0,0.013078643,lookahead,beam_orig1_bm2-s0to100br1-s100to200br0-s200to300br1-s300to400br1
/work/T-REX/external/Proteina-Complexa/inference/search_binder_local_pipeline_32_PDL1_ALPHA_REPACK_v7_r003_cand_v7r003_hyp_0003_01_002_a33ac9851a300/job_0_n_233_id_53_beam_orig2_bm2-s0to100br1-s100to200br2-s200to300br3-s300to400br1/job_0_n_233_id_53_beam_orig2_bm2-s0to100br1-s100to200br2-s200to300br3-s300to400br1.pdb,214,"2,0,13,16,19,16,19,14,11,3,10,18,19,19,6,18,7,15,2,12,16,9,6,4,11,13,14,19,6,11,5,10,3,10,0,0,10,9,19,18,17,6,12,6,3,11,2,9,9,5,13,19,8,7,6,6,3,10,11,19,5,8,15,15,18,1,5,1,0,1,10,10,11,3,5,10,15,10,7,2,0,0,10,5,9,16,3,19,11,10,5,3,0,7,19,18,1,4,12,9,15,18,7,7,0,3,18,11,1,9,16,19,11,19,2,0,0,13,16,19,16,19,14,11,3,10,18,19,19,6,18,7,15,2,12,16,9,6,4,11,13,14,19,6,11,5,10,3,10,0,0,10,9,19,18,17,6,12,6,3,11,2,9,9,5,13,19,8,7,6,6,3,10,11,19,5,8,15,15,18,1,5,1,0,1,10,10,11,3,5,10,15,10,7,2,0,0,10,5,9,16,3,19,11,10,5,3,0,7,19,18,1,4,12,9,15,18,7,7,0,3,18,11,1,9,16,19,11,19,2,0,14,15",-0.51454127,0.27910158,3.0,0.052044325,68.02265,0.054099314,1.0,0.054099314,0.3048502,0.013074767,0.0,0.0,0.052044325,0.003062201,0.8615029,0.3048502,5.4413395,1.266226,68.02265,-0.51454127,3.873954,198.39801,0.013070761,0.049989335,1.0,198.39801,0.26746768,0.13849713,5.4413395,0.003062201,0.0130787715,0.27910158,0.0,1.266226,3.873954,0.013070761,0.51454127,0.0,0.0130787715,0.51454127,0.5906865,0.049989335,1.0,0.013074767,lookahead,beam_orig2_bm2-s0to100br1-s100to200br2-s200to300br3-s300to400br1
/work/T-REX/external/Proteina-Complexa/inference/search_binder_local_pipeline_32_PDL1_ALPHA_REPACK_v7_r003_cand_v7r003_hyp_0003_01_002_a33ac9851a300/job_0_n_180_id_53_beam_orig3_bm3-s0to100br1-s100to200br0-s200to300br3-s300to400br1/job_0_n_180_id_53_beam_orig3_bm3-s0to100br1-s100to200br0-s200to300br3-s300to400br1.pdb,215,"2,0,13,16,19,16,19,14,11,3,10,18,19,19,6,18,7,15,2,12,16,9,6,4,11,13,14,19,6,11,5,10,3,10,0,0,10,9,19,18,17,6,12,6,3,11,2,9,9,5,13,19,8,7,6,6,3,10,11,19,5,8,15,15,18,1,5,1,0,1,10,10,11,3,5,10,15,10,7,2,0,0,10,5,9,16,3,19,11,10,5,3,0,7,19,18,1,4,12,9,15,18,7,7,0,3,18,11,1,9,16,19,11,19,2,0,15,3,9,3,2,11,19,5,6,0,15,6,11,13,11,10,15,3,6,3,11,6,0,10,18,11,0,10,2,2,7,15,6,5,6,11,15,3,19,19,2,6,9,0,3,11,18,11,10,2,3,6,5,11,13,6,10,10,11,9,19,15,11,0,0,0,0,0,0,0,0,0,0,0,0,0,0,0,0,0,0,0,0,0,0,0,0,0,0,0,0,0,0,0,0,0,0,0,0,0,0,0,0,0,0,0,0,0,0,0,0,0,0,0,0,0,0",-0.15017565,0.046961214,3.0,0.5927585,39.240448,0.66032225,1.0,0.66032225,0.12259636,0.5927585,0.0,0.0,0.5927585,0.0018407917,0.9311219,0.12259636,1.6410635,1.5251863,39.240448,-0.15017565,1.9617656,163.562,0.5251947,0.5251947,1.0,163.562,0.8243439,0.0688781,1.6410635,0.0018407917,0.66032225,0.046961214,0.0,1.5251863,1.9617656,0.5251947,0.15017565,0.0,0.66032225,0.15017565,0.87439346,0.5251947,1.0,0.5927585,lookahead,beam_orig3_bm3-s0to100br1-s100to200br0-s200to300br3-s300to400br1
/work/T-REX/external/Proteina-Complexa/inference/search_binder_local_pipeline_32_PDL1_ALPHA_REPACK_v7_r003_cand_v7r003_hyp_0003_01_002_a33ac9851a300/job_0_n_176_id_54_beam_orig0_bm2-s0to100br3-s100to200br0-s200to300br3-s300to400br2/job_0_n_176_id_54_beam_orig0_bm2-s0to100br3-s100to200br0-s200to300br3-s300to400br2.pdb,216,"2,0,13,16,19,16,19,14,11,3,10,18,19,19,6,18,7,15,2,12,16,9,6,4,11,13,14,19,6,11,5,10,3,10,0,0,10,9,19,18,17,6,12,6,3,11,2,9,9,5,13,19,8,7,6,6,3,10,11,19,5,8,15,15,18,1,5,1,0,1,10,10,11,3,5,10,15,10,7,2,0,0,10,5,9,16,3,19,11,10,5,3,0,7,19,18,1,4,12,9,15,18,7,7,0,3,18,11,1,9,16,19,11,19,2,0,19,16,15,5,6,1,10,11,2,3,6,6,13,0,5,2,19,11,9,13,0,15,11,10,10,3,3,7,11,15,19,11,6,0,0,1,3,19,5,9,9,13,3,10,2,13,6,3,0,10,2,19,19,11,5,19,10,11,3,1,0,0,0,0,0,0,0,0,0,0,0,0,0,0,0,0,0,0,0,0,0,0,0,0,0,0,0,0,0,0,0,0,0,0,0,0,0,0,0,0,0,0,0,0,0,0,0,0,0,0,0,0,0,0,0,0,0",-0.14117211,0.047408387,3.0,0.62795734,70.10233,0.7233422,1.0,0.7233422,0.11640542,0.62795734,0.0,0.0,0.62795734,0.0032632502,0.94001484,0.11640542,3.3651893,1.3710825,70.10233,-0.14117211,1.8308316,202.39522,0.53257245,0.53257245,1.0,202.39522,0.8313926,0.059985157,3.3651893,0.0032632502,0.7233422,0.047408387,0.0,1.3710825,1.8308316,0.53257245,0.14117211,0.0,0.7233422,0.14117211,0.8864911,0.53257245,1.0,0.62795734,lookahead,beam_orig0_bm2-s0to100br3-s100to200br0-s200to300br3-s300to400br2
/work/T-REX/external/Proteina-Complexa/inference/search_binder_local_pipeline_32_PDL1_ALPHA_REPACK_v7_r003_cand_v7r003_hyp_0003_01_002_a33ac9851a300/job_0_n_229_id_54_beam_orig1_bm2-s0to100br1-s100to200br0-s200to300br1-s300to400br2/job_0_n_229_id_54_beam_orig1_bm2-s0to100br1-s100to200br0-s200to300br1-s300to400br2.pdb,217,"2,0,13,16,19,16,19,14,11,3,10,18,19,19,6,18,7,15,2,12,16,9,6,4,11,13,14,19,6,11,5,10,3,10,0,0,10,9,19,18,17,6,12,6,3,11,2,9,9,5,13,19,8,7,6,6,3,10,11,19,5,8,15,15,18,1,5,1,0,1,10,10,11,3,5,10,15,10,7,2,0,0,10,5,9,16,3,19,11,10,5,3,0,7,19,18,1,4,12,9,15,18,7,7,0,3,18,11,1,9,16,19,11,19,2,0,0,13,16,19,16,19,14,11,3,10,18,19,19,6,18,7,15,2,12,16,9,6,4,11,13,14,19,6,11,5,10,3,10,0,0,10,9,19,18,17,6,12,6,3,11,2,9,9,5,13,19,8,7,6,6,3,10,11,19,5,8,15,15,18,1,5,1,0,1,10,10,11,3,5,10,15,10,7,2,0,0,10,5,9,16,3,19,11,10,5,3,0,7,19,18,1,4,12,9,15,18,7,7,0,3,18,11,1,9,16,19,11,19,0,0,0,0",-0.5131767,0.28419235,3.0,0.05122226,55.618706,0.05359191,1.0,0.05359191,0.30394733,0.012934529,0.0,0.0,0.05122226,0.0017683886,0.86234593,0.30394733,4.8273892,1.2637815,55.618706,-0.5131767,3.8176997,194.3974,0.012850799,0.04885261,1.0,194.3974,0.27225885,0.13765407,4.8273892,0.0017683886,0.01301826,0.28419235,0.0,1.2637815,3.8176997,0.012850799,0.5131767,0.0,0.01301826,0.5131767,0.59341466,0.04885261,1.0,0.012934529,lookahead,beam_orig1_bm2-s0to100br1-s100to200br0-s200to300br1-s300to400br2
/work/T-REX/external/Proteina-Complexa/inference/search_binder_local_pipeline_32_PDL1_ALPHA_REPACK_v7_r003_cand_v7r003_hyp_0003_01_002_a33ac9851a300/job_0_n_233_id_54_beam_orig2_bm2-s0to100br1-s100to200br2-s200to300br3-s300to400br2/job_0_n_233_id_54_beam_orig2_bm2-s0to100br1-s100to200br2-s200to300br3-s300to400br2.pdb,218,"2,0,13,16,19,16,19,14,11,3,10,18,19,19,6,18,7,15,2,12,16,9,6,4,11,13,14,19,6,11,5,10,3,10,0,0,10,9,19,18,17,6,12,6,3,11,2,9,9,5,13,19,8,7,6,6,3,10,11,19,5,8,15,15,18,1,5,1,0,1,10,10,11,3,5,10,15,10,7,2,0,0,10,5,9,16,3,19,11,10,5,3,0,7,19,18,1,4,12,9,15,18,7,7,0,3,18,11,1,9,16,19,11,19,2,0,0,13,16,19,16,19,14,11,3,10,18,19,19,6,18,7,15,2,12,16,9,6,4,11,13,14,19,6,11,5,10,3,10,0,0,10,9,19,18,17,6,12,6,3,11,2,9,9,5,13,19,8,7,6,6,3,10,11,19,5,8,15,15,18,1,5,1,0,1,10,10,11,3,5,10,15,10,7,2,0,0,10,5,9,16,3,19,11,10,5,3,0,7,19,18,1,4,12,9,15,18,7,7,0,3,18,11,1,9,16,19,11,19,2,0,14,15",-0.5222732,0.29119492,3.0,0.04891919,61.798237,0.051621538,1.0,0.051621538,0.30892417,0.012792805,0.0,0.0,0.04891919,0.003013854,0.86126363,0.30892417,5.0841928,1.2728685,61.798237,-0.5222732,3.9099123,196.72667,0.012464745,0.04621684,1.0,196.72667,0.26477873,0.13873638,5.0841928,0.003013854,0.0131208645,0.29119492,0.0,1.2728685,3.9099123,0.012464745,0.5222732,0.0,0.0131208645,0.5222732,0.58951724,0.04621684,1.0,0.012792805,lookahead,beam_orig2_bm2-s0to100br1-s100to200br2-s200to300br3-s300to400br2
/work/T-REX/external/Proteina-Complexa/inference/search_binder_local_pipeline_32_PDL1_ALPHA_REPACK_v7_r003_cand_v7r003_hyp_0003_01_002_a33ac9851a300/job_0_n_180_id_54_beam_orig3_bm3-s0to100br1-s100to200br0-s200to300br3-s300to400br2/job_0_n_180_id_54_beam_orig3_bm3-s0to100br1-s100to200br0-s200to300br3-s300to400br2.pdb,219,"2,0,13,16,19,16,19,14,11,3,10,18,19,19,6,18,7,15,2,12,16,9,6,4,11,13,14,19,6,11,5,10,3,10,0,0,10,9,19,18,17,6,12,6,3,11,2,9,9,5,13,19,8,7,6,6,3,10,11,19,5,8,15,15,18,1,5,1,0,1,10,10,11,3,5,10,15,10,7,2,0,0,10,5,9,16,3,19,11,10,5,3,0,7,19,18,1,4,12,9,15,18,7,7,0,3,18,11,1,9,16,19,11,19,2,0,15,3,9,3,10,11,19,5,6,0,15,6,11,13,11,10,16,3,6,3,11,6,0,10,18,11,0,10,2,2,7,15,6,5,6,11,15,3,19,19,2,6,9,0,3,11,18,11,10,2,2,6,5,11,13,6,10,10,11,9,19,15,11,15,0,0,0,0,0,0,0,0,0,0,0,0,0,0,0,0,0,0,0,0,0,0,0,0,0,0,0,0,0,0,0,0,0,0,0,0,0,0,0,0,0,0,0,0,0,0,0,0,0,0,0,0,0",-0.14818235,0.04516834,3.0,0.60097426,29.915264,0.66966957,1.0,0.66966957,0.12108234,0.60097426,0.0,0.0,0.60097426,0.0017054584,0.9351024,0.12108234,1.3472428,1.4940192,29.915264,-0.14818235,1.9305346,150.46126,0.53227895,0.53227895,1.0,150.46126,0.8270472,0.06489759,1.3472428,0.0017054584,0.66966957,0.04516834,0.0,1.4940192,1.9305346,0.53227895,0.14818235,0.0,0.66966957,0.14818235,0.87942564,0.53227895,1.0,0.60097426,lookahead,beam_orig3_bm3-s0to100br1-s100to200br0-s200to300br3-s300to400br2
/work/T-REX/external/Proteina-Complexa/inference/search_binder_local_pipeline_32_PDL1_ALPHA_REPACK_v7_r003_cand_v7r003_hyp_0003_01_002_a33ac9851a300/job_0_n_176_id_55_beam_orig0_bm2-s0to100br3-s100to200br0-s200to300br3-s300to400br3/job_0_n_176_id_55_beam_orig0_bm2-s0to100br3-s100to200br0-s200to300br3-s300to400br3.pdb,220,"2,0,13,16,19,16,19,14,11,3,10,18,19,19,6,18,7,15,2,12,16,9,6,4,11,13,14,19,6,11,5,10,3,10,0,0,10,9,19,18,17,6,12,6,3,11,2,9,9,5,13,19,8,7,6,6,3,10,11,19,5,8,15,15,18,1,5,1,0,1,10,10,11,3,5,10,15,10,7,2,0,0,10,5,9,16,3,19,11,10,5,3,0,7,19,18,1,4,12,9,15,18,7,7,0,3,18,11,1,9,16,19,11,19,2,0,19,16,15,5,6,1,10,11,2,3,6,6,13,0,5,2,19,11,9,13,0,15,11,10,10,3,3,7,11,15,19,11,6,0,0,1,3,19,5,9,9,13,3,10,2,13,6,3,0,10,2,19,19,11,5,19,10,11,3,1,0,0,0,0,0,0,0,0,0,0,0,0,0,0,0,0,0,0,0,0,0,0,0,0,0,0,0,0,0,0,0,0,0,0,0,0,0,0,0,0,0,0,0,0,0,0,0,0,0,0,0,0,0,0,0,0,0",-0.14078191,0.047036123,3.0,0.62943447,70.42923,0.7247981,1.0,0.7247981,0.11616452,0.62943447,0.0,0.0,0.62943447,0.0032697679,0.94022286,0.11616452,3.372401,1.3720083,70.42923,-0.14078191,1.8273972,204.3251,0.53407085,0.53407085,1.0,204.3251,0.83212507,0.059777126,3.372401,0.0032697679,0.7247981,0.047036123,0.0,1.3720083,1.8273972,0.53407085,0.14078191,0.0,0.7247981,0.14078191,0.8868729,0.53407085,1.0,0.62943447,lookahead,beam_orig0_bm2-s0to100br3-s100to200br0-s200to300br3-s300to400br3
/work/T-REX/external/Proteina-Complexa/inference/search_binder_local_pipeline_32_PDL1_ALPHA_REPACK_v7_r003_cand_v7r003_hyp_0003_01_002_a33ac9851a300/job_0_n_229_id_55_beam_orig1_bm2-s0to100br1-s100to200br0-s200to300br1-s300to400br3/job_0_n_229_id_55_beam_orig1_bm2-s0to100br1-s100to200br0-s200to300br1-s300to400br3.pdb,221,"2,0,13,16,19,16,19,14,11,3,10,18,19,19,6,18,7,15,2,12,16,9,6,4,11,13,14,19,6,11,5,10,3,10,0,0,10,9,19,18,17,6,12,6,3,11,2,9,9,5,13,19,8,7,6,6,3,10,11,19,5,8,15,15,18,1,5,1,0,1,10,10,11,3,5,10,15,10,7,2,0,0,10,5,9,16,3,19,11,10,5,3,0,7,19,18,1,4,12,9,15,18,7,7,0,3,18,11,1,9,16,19,11,19,2,0,0,13,16,19,16,19,14,11,3,10,18,19,19,6,18,7,15,2,12,16,9,6,4,11,13,14,19,6,11,5,10,3,10,0,0,10,9,19,18,17,6,12,6,3,11,2,9,9,5,13,19,8,7,6,6,3,10,11,19,5,8,15,15,18,1,5,1,0,1,10,10,11,3,5,10,15,10,7,2,0,0,10,5,9,16,3,19,11,10,5,3,0,7,19,18,1,4,12,9,15,18,7,7,0,3,18,11,1,9,16,19,11,19,0,0,0,0",-0.5198436,0.29357657,3.0,0.04886443,57.174328,0.05113921,1.0,0.05113921,0.30751002,0.012525089,0.0,0.0,0.04886443,0.0017871044,0.8621999,0.30751002,4.9304447,1.2687857,57.174328,-0.5198436,3.8370755,199.4283,0.012161285,0.046589654,1.0,199.4283,0.26732087,0.13780008,4.9304447,0.0017871044,0.012888894,0.29357657,0.0,1.2687857,3.8370755,0.012161285,0.5198436,0.0,0.012888894,0.5198436,0.59107935,0.046589654,1.0,0.012525089,lookahead,beam_orig1_bm2-s0to100br1-s100to200br0-s200to300br1-s300to400br3
/work/T-REX/external/Proteina-Complexa/inference/search_binder_local_pipeline_32_PDL1_ALPHA_REPACK_v7_r003_cand_v7r003_hyp_0003_01_002_a33ac9851a300/job_0_n_233_id_55_beam_orig2_bm2-s0to100br1-s100to200br2-s200to300br3-s300to400br3/job_0_n_233_id_55_beam_orig2_bm2-s0to100br1-s100to200br2-s200to300br3-s300to400br3.pdb,222,"2,0,13,16,19,16,19,14,11,3,10,18,19,19,6,18,7,15,2,12,16,9,6,4,11,13,14,19,6,11,5,10,3,10,0,0,10,9,19,18,17,6,12,6,3,11,2,9,9,5,13,19,8,7,6,6,3,10,11,19,5,8,15,15,18,1,5,1,0,1,10,10,11,3,5,10,15,10,7,2,0,0,10,5,9,16,3,19,11,10,5,3,0,7,19,18,1,4,12,9,15,18,7,7,0,3,18,11,1,9,16,19,11,19,2,0,0,13,16,19,16,19,14,11,3,10,18,19,19,6,18,7,15,2,12,16,9,6,4,11,13,14,19,6,11,5,10,3,10,0,0,10,9,19,18,17,6,12,6,3,11,2,9,9,5,13,19,8,7,6,6,3,10,11,19,5,8,15,15,18,1,5,1,0,1,10,10,11,3,5,10,15,10,7,2,0,0,10,5,9,16,3,19,11,10,5,3,0,7,19,18,1,4,12,9,15,18,7,7,0,3,18,11,1,9,16,19,11,19,2,0,14,15",-0.5199626,0.2877354,3.0,0.050654948,60.027657,0.052929305,1.0,0.052929305,0.3077403,0.0128505565,0.0,0.0,0.050654948,0.0031623521,0.86138046,0.3077403,5.109303,1.2743301,60.027657,-0.5199626,3.9025662,195.27664,0.012682664,0.04838059,1.0,195.27664,0.26764023,0.13861951,5.109303,0.0031623521,0.01301845,0.2877354,0.0,1.2743301,3.9025662,0.012682664,0.5199626,0.0,0.01301845,0.5199626,0.5908388,0.04838059,1.0,0.0128505565,lookahead,beam_orig2_bm2-s0to100br1-s100to200br2-s200to300br3-s300to400br3
/work/T-REX/external/Proteina-Complexa/inference/search_binder_local_pipeline_32_PDL1_ALPHA_REPACK_v7_r003_cand_v7r003_hyp_0003_01_002_a33ac9851a300/job_0_n_180_id_55_beam_orig3_bm3-s0to100br1-s100to200br0-s200to300br3-s300to400br3/job_0_n_180_id_55_beam_orig3_bm3-s0to100br1-s100to200br0-s200to300br3-s300to400br3.pdb,223,"2,0,13,16,19,16,19,14,11,3,10,18,19,19,6,18,7,15,2,12,16,9,6,4,11,13,14,19,6,11,5,10,3,10,0,0,10,9,19,18,17,6,12,6,3,11,2,9,9,5,13,19,8,7,6,6,3,10,11,19,5,8,15,15,18,1,5,1,0,1,10,10,11,3,5,10,15,10,7,2,0,0,10,5,9,16,3,19,11,10,5,3,0,7,19,18,1,4,12,9,15,18,7,7,0,3,18,11,1,9,16,19,11,19,2,0,15,3,9,3,10,11,19,5,6,0,15,6,11,13,11,10,15,3,6,3,11,6,0,10,18,11,0,10,2,2,7,15,6,5,6,11,15,3,19,19,2,6,9,0,3,11,18,11,10,2,3,6,5,11,13,6,10,10,11,9,19,15,11,15,0,0,0,0,0,0,0,0,0,0,0,0,0,0,0,0,0,0,0,0,0,0,0,0,0,0,0,0,0,0,0,0,0,0,0,0,0,0,0,0,0,0,0,0,0,0,0,0,0,0,0,0,0",-0.15050684,0.04612574,3.0,0.58891034,31.398115,0.6559522,1.0,0.6559522,0.12233725,0.58891034,0.0,0.0,0.58891034,0.0017374232,0.9345606,0.12233725,1.3716059,1.4811682,31.398115,-0.15050684,1.9531142,152.5675,0.5218684,0.5218684,1.0,152.5675,0.8228415,0.0654394,1.3716059,0.0017374232,0.6559522,0.04612574,0.0,1.4811682,1.9531142,0.5218684,0.15050684,0.0,0.6559522,0.15050684,0.8748336,0.5218684,1.0,0.58891034,lookahead,beam_orig3_bm3-s0to100br1-s100to200br0-s200to300br3-s300to400br3
/work/T-REX/external/Proteina-Complexa/inference/search_binder_local_pipeline_32_PDL1_ALPHA_REPACK_v7_r003_cand_v7r003_hyp_0003_01_002_a33ac9851a300/job_0_n_176_id_56_beam_orig0_bm2-s0to100br3-s100to200br0-s200to300br1-s300to400br0/job_0_n_176_id_56_beam_orig0_bm2-s0to100br3-s100to200br0-s200to300br1-s300to400br0.pdb,224,"2,0,13,16,19,16,19,14,11,3,10,18,19,19,6,18,7,15,2,12,16,9,6,4,11,13,14,19,6,11,5,10,3,10,0,0,10,9,19,18,17,6,12,6,3,11,2,9,9,5,13,19,8,7,6,6,3,10,11,19,5,8,15,15,18,1,5,1,0,1,10,10,11,3,5,10,15,10,7,2,0,0,10,5,9,16,3,19,11,10,5,3,0,7,19,18,1,4,12,9,15,18,7,7,0,3,18,11,1,9,16,19,11,19,2,0,7,16,15,6,6,1,10,11,2,3,6,6,13,15,2,2,19,11,2,13,0,10,11,10,10,2,3,7,11,15,19,11,6,0,0,1,3,19,5,9,9,13,3,9,2,13,11,3,0,10,2,19,19,11,11,19,10,5,6,1,0,0,0,0,0,0,0,0,0,0,0,0,0,0,0,0,0,0,0,0,0,0,0,0,0,0,0,0,0,0,0,0,0,0,0,0,0,0,0,0,0,0,0,0,0,0,0,0,0,0,0,0,0,0,0,0,0",-0.14618443,0.04399521,3.0,0.6372585,64.8517,0.7361777,1.0,0.7361777,0.12368688,0.6372585,0.0,0.0,0.6372585,0.014541278,0.9290052,0.12368688,3.0872653,1.4351776,64.8517,-0.14618443,1.8204542,198.75032,0.5383394,0.5383394,1.0,198.75032,0.8321892,0.070994794,3.0872653,0.014541278,0.7361777,0.04399521,0.0,1.4351776,1.8204542,0.5383394,0.14618443,0.0,0.7361777,0.14618443,0.8853017,0.5383394,1.0,0.6372585,lookahead,beam_orig0_bm2-s0to100br3-s100to200br0-s200to300br1-s300to400br0
/work/T-REX/external/Proteina-Complexa/inference/search_binder_local_pipeline_32_PDL1_ALPHA_REPACK_v7_r003_cand_v7r003_hyp_0003_01_002_a33ac9851a300/job_0_n_229_id_56_beam_orig1_bm2-s0to100br1-s100to200br3-s200to300br2-s300to400br0/job_0_n_229_id_56_beam_orig1_bm2-s0to100br1-s100to200br3-s200to300br2-s300to400br0.pdb,225,"2,0,13,16,19,16,19,14,11,3,10,18,19,19,6,18,7,15,2,12,16,9,6,4,11,13,14,19,6,11,5,10,3,10,0,0,10,9,19,18,17,6,12,6,3,11,2,9,9,5,13,19,8,7,6,6,3,10,11,19,5,8,15,15,18,1,5,1,0,1,10,10,11,3,5,10,15,10,7,2,0,0,10,5,9,16,3,19,11,10,5,3,0,7,19,18,1,4,12,9,15,18,7,7,0,3,18,11,1,9,16,19,11,19,2,0,0,13,16,19,16,19,14,11,3,10,18,19,19,6,18,7,15,2,12,16,9,6,4,11,13,14,19,6,11,5,10,3,10,0,0,10,9,19,18,17,6,12,6,3,11,2,9,9,5,13,19,8,7,6,6,3,10,11,19,5,8,15,15,18,1,5,1,0,1,10,10,11,3,5,10,15,10,7,2,0,0,10,5,9,16,3,19,11,10,5,3,0,7,19,18,1,4,12,9,15,18,7,7,0,3,18,11,1,9,16,19,11,19,0,0,0,0",-0.51919967,0.29216692,3.0,0.04938265,56.59252,0.052116096,1.0,0.052116096,0.30767223,0.012535274,0.0,0.0,0.04938265,0.0017994063,0.86119765,0.30767223,4.597404,1.277687,56.59252,-0.51919967,3.8306317,199.61053,0.012162682,0.0466492,1.0,199.61053,0.26892793,0.13880236,4.597404,0.0017994063,0.012907866,0.29216692,0.0,1.277687,3.8306317,0.012162682,0.51919967,0.0,0.012907866,0.51919967,0.59174705,0.0466492,1.0,0.012535274,lookahead,beam_orig1_bm2-s0to100br1-s100to200br3-s200to300br2-s300to400br0
/work/T-REX/external/Proteina-Complexa/inference/search_binder_local_pipeline_32_PDL1_ALPHA_REPACK_v7_r003_cand_v7r003_hyp_0003_01_002_a33ac9851a300/job_0_n_233_id_56_beam_orig2_bm1-s0to100br2-s100to200br1-s200to300br1-s300to400br0/job_0_n_233_id_56_beam_orig2_bm1-s0to100br2-s100to200br1-s200to300br1-s300to400br0.pdb,226,"2,0,13,16,19,16,19,14,11,3,10,18,19,19,6,18,7,15,2,12,16,9,6,4,11,13,14,19,6,11,5,10,3,10,0,0,10,9,19,18,17,6,12,6,3,11,2,9,9,5,13,19,8,7,6,6,3,10,11,19,5,8,15,15,18,1,5,1,0,1,10,10,11,3,5,10,15,10,7,2,0,0,10,5,9,16,3,19,11,10,5,3,0,7,19,18,1,4,12,9,15,18,7,7,0,3,18,11,1,9,16,19,11,19,2,0,2,0,13,16,19,16,19,14,11,3,10,18,19,19,6,18,7,15,2,12,16,9,6,4,11,13,14,19,6,11,5,10,3,10,0,0,10,9,19,18,17,6,12,6,3,11,2,9,9,5,13,19,8,7,6,6,3,10,11,19,5,8,15,15,18,1,5,1,0,1,10,10,11,3,5,10,15,10,7,2,0,0,10,5,9,16,3,19,11,10,5,3,0,7,19,18,1,4,12,9,15,18,7,7,0,3,18,11,1,9,16,19,11,19,2,0,14",-0.52062035,0.29216748,3.0,0.049957745,79.69782,0.052954424,1.0,0.052954424,0.30886406,0.012614859,0.0,0.0,0.049957745,0.0028801847,0.85872406,0.30886406,2.7238748,1.2912241,79.69782,-0.52062035,3.8905945,205.91408,0.012330972,0.04696106,1.0,205.91408,0.26723462,0.14127593,2.7238748,0.0028801847,0.012898746,0.29216748,0.0,1.2912241,3.8905945,0.012330972,0.52062035,0.0,0.012898746,0.52062035,0.5893117,0.04696106,1.0,0.012614859,lookahead,beam_orig2_bm1-s0to100br2-s100to200br1-s200to300br1-s300to400br0
/work/T-REX/external/Proteina-Complexa/inference/search_binder_local_pipeline_32_PDL1_ALPHA_REPACK_v7_r003_cand_v7r003_hyp_0003_01_002_a33ac9851a300/job_0_n_180_id_56_beam_orig3_bm3-s0to100br1-s100to200br1-s200to300br0-s300to400br0/job_0_n_180_id_56_beam_orig3_bm3-s0to100br1-s100to200br1-s200to300br0-s300to400br0.pdb,227,"2,0,13,16,19,16,19,14,11,3,10,18,19,19,6,18,7,15,2,12,16,9,6,4,11,13,14,19,6,11,5,10,3,10,0,0,10,9,19,18,17,6,12,6,3,11,2,9,9,5,13,19,8,7,6,6,3,10,11,19,5,8,15,15,18,1,5,1,0,1,10,10,11,3,5,10,15,10,7,2,0,0,10,5,9,16,3,19,11,10,5,3,0,7,19,18,1,4,12,9,15,18,7,7,0,3,18,11,1,9,16,19,11,19,2,0,2,16,1,10,6,2,10,11,10,0,15,6,11,13,11,10,15,3,6,3,19,5,16,10,11,3,19,10,6,11,7,16,6,6,6,10,15,11,5,9,2,9,19,0,3,11,18,2,10,2,2,6,5,11,13,6,10,10,11,10,19,16,6,6,0,0,0,0,0,0,0,0,0,0,0,0,0,0,0,0,0,0,0,0,0,0,0,0,0,0,0,0,0,0,0,0,0,0,0,0,0,0,0,0,0,0,0,0,0,0,0,0,0,0,0,0,0",-0.15523063,0.042679764,3.0,0.6230068,38.22855,0.7013334,1.0,0.7013334,0.13112669,0.6230068,0.0,0.0,0.6230068,0.0035996782,0.913923,0.13112669,1.4166579,1.6357926,38.22855,-0.15523063,1.9324136,159.70908,0.54468024,0.54468024,1.0,159.70908,0.82148135,0.086077,1.4166579,0.0035996782,0.7013334,0.042679764,0.0,1.6357926,1.9324136,0.54468024,0.15523063,0.0,0.7013334,0.15523063,0.87930316,0.54468024,1.0,0.6230068,lookahead,beam_orig3_bm3-s0to100br1-s100to200br1-s200to300br0-s300to400br0
/work/T-REX/external/Proteina-Complexa/inference/search_binder_local_pipeline_32_PDL1_ALPHA_REPACK_v7_r003_cand_v7r003_hyp_0003_01_002_a33ac9851a300/job_0_n_176_id_57_beam_orig0_bm2-s0to100br3-s100to200br0-s200to300br1-s300to400br1/job_0_n_176_id_57_beam_orig0_bm2-s0to100br3-s100to200br0-s200to300br1-s300to400br1.pdb,228,"2,0,13,16,19,16,19,14,11,3,10,18,19,19,6,18,7,15,2,12,16,9,6,4,11,13,14,19,6,11,5,10,3,10,0,0,10,9,19,18,17,6,12,6,3,11,2,9,9,5,13,19,8,7,6,6,3,10,11,19,5,8,15,15,18,1,5,1,0,1,10,10,11,3,5,10,15,10,7,2,0,0,10,5,9,16,3,19,11,10,5,3,0,7,19,18,1,4,12,9,15,18,7,7,0,3,18,11,1,9,16,19,11,19,2,0,7,16,15,6,6,1,10,11,2,3,6,6,13,15,2,2,0,11,2,13,0,10,11,10,10,2,3,7,11,15,19,11,6,0,0,1,3,19,5,9,9,13,3,9,2,13,11,3,0,10,2,19,19,11,11,19,10,5,6,1,0,0,0,0,0,0,0,0,0,0,0,0,0,0,0,0,0,0,0,0,0,0,0,0,0,0,0,0,0,0,0,0,0,0,0,0,0,0,0,0,0,0,0,0,0,0,0,0,0,0,0,0,0,0,0,0,0",-0.14217776,0.042051077,3.0,0.6451084,56.207306,0.7381267,1.0,0.7381267,0.11920274,0.6451084,0.0,0.0,0.6451084,0.00938144,0.93465805,0.11920274,2.6160736,1.3771355,56.207306,-0.14217776,1.7865164,184.13155,0.5520901,0.5520901,1.0,184.13155,0.8369378,0.06534192,2.6160736,0.00938144,0.7381267,0.042051077,0.0,1.3771355,1.7865164,0.5520901,0.14217776,0.0,0.7381267,0.14217776,0.8887405,0.5520901,1.0,0.6451084,lookahead,beam_orig0_bm2-s0to100br3-s100to200br0-s200to300br1-s300to400br1
/work/T-REX/external/Proteina-Complexa/inference/search_binder_local_pipeline_32_PDL1_ALPHA_REPACK_v7_r003_cand_v7r003_hyp_0003_01_002_a33ac9851a300/job_0_n_229_id_57_beam_orig1_bm2-s0to100br1-s100to200br3-s200to300br2-s300to400br1/job_0_n_229_id_57_beam_orig1_bm2-s0to100br1-s100to200br3-s200to300br2-s300to400br1.pdb,229,"2,0,13,16,19,16,19,14,11,3,10,18,19,19,6,18,7,15,2,12,16,9,6,4,11,13,14,19,6,11,5,10,3,10,0,0,10,9,19,18,17,6,12,6,3,11,2,9,9,5,13,19,8,7,6,6,3,10,11,19,5,8,15,15,18,1,5,1,0,1,10,10,11,3,5,10,15,10,7,2,0,0,10,5,9,16,3,19,11,10,5,3,0,7,19,18,1,4,12,9,15,18,7,7,0,3,18,11,1,9,16,19,11,19,2,0,0,13,16,19,16,19,14,11,3,10,18,19,19,6,18,7,15,2,12,16,9,6,4,11,13,14,19,6,11,5,10,3,10,0,0,10,9,19,18,17,6,12,6,3,11,2,9,9,5,13,19,8,7,6,6,3,10,11,19,5,8,15,15,18,1,5,1,0,1,10,10,11,3,5,10,15,10,7,2,0,0,10,5,9,16,3,19,11,10,5,3,0,7,19,18,1,4,12,9,15,18,7,7,0,3,18,11,1,9,16,19,11,19,0,0,0,0",-0.5196021,0.29399306,3.0,0.049480624,57.78786,0.052295316,1.0,0.052295316,0.30817315,0.012494575,0.0,0.0,0.049480624,0.0018027546,0.8607268,0.30817315,4.68762,1.2815266,57.78786,-0.5196021,3.8351965,200.03894,0.012044758,0.04666593,1.0,200.03894,0.26851833,0.13927323,4.68762,0.0018027546,0.012944392,0.29399306,0.0,1.2815266,3.8351965,0.012044758,0.5196021,0.0,0.012944392,0.5196021,0.591627,0.04666593,1.0,0.012494575,lookahead,beam_orig1_bm2-s0to100br1-s100to200br3-s200to300br2-s300to400br1
/work/T-REX/external/Proteina-Complexa/inference/search_binder_local_pipeline_32_PDL1_ALPHA_REPACK_v7_r003_cand_v7r003_hyp_0003_01_002_a33ac9851a300/job_0_n_233_id_57_beam_orig2_bm1-s0to100br2-s100to200br1-s200to300br1-s300to400br1/job_0_n_233_id_57_beam_orig2_bm1-s0to100br2-s100to200br1-s200to300br1-s300to400br1.pdb,230,"2,0,13,16,19,16,19,14,11,3,10,18,19,19,6,18,7,15,2,12,16,9,6,4,11,13,14,19,6,11,5,10,3,10,0,0,10,9,19,18,17,6,12,6,3,11,2,9,9,5,13,19,8,7,6,6,3,10,11,19,5,8,15,15,18,1,5,1,0,1,10,10,11,3,5,10,15,10,7,2,0,0,10,5,9,16,3,19,11,10,5,3,0,7,19,18,1,4,12,9,15,18,7,7,0,3,18,11,1,9,16,19,11,19,2,0,2,0,13,16,19,16,19,14,11,3,10,18,19,19,6,18,7,15,2,12,16,9,6,4,11,13,14,19,6,11,5,10,3,10,0,0,10,9,19,18,17,6,12,6,3,11,2,9,9,5,13,19,8,7,6,6,3,10,11,19,5,8,15,15,18,1,5,1,0,1,10,10,11,3,5,10,15,10,7,2,0,0,10,5,9,16,3,19,11,10,5,3,0,7,19,18,1,4,12,9,15,18,7,7,0,3,18,11,1,9,16,19,11,19,2,0,14",-0.5176858,0.28806895,3.0,0.051015623,77.94618,0.053519383,1.0,0.053519383,0.30720276,0.01284131,0.0,0.0,0.051015623,0.0028426414,0.85927814,0.30720276,2.6659362,1.2870578,77.94618,-0.5176858,3.8815012,207.63225,0.012418367,0.04851186,1.0,207.63225,0.26965114,0.14072187,2.6659362,0.0028426414,0.013264253,0.28806895,0.0,1.2870578,3.8815012,0.012418367,0.5176858,0.0,0.013264253,0.5176858,0.59098136,0.04851186,1.0,0.01284131,lookahead,beam_orig2_bm1-s0to100br2-s100to200br1-s200to300br1-s300to400br1
/work/T-REX/external/Proteina-Complexa/inference/search_binder_local_pipeline_32_PDL1_ALPHA_REPACK_v7_r003_cand_v7r003_hyp_0003_01_002_a33ac9851a300/job_0_n_180_id_57_beam_orig3_bm3-s0to100br1-s100to200br1-s200to300br0-s300to400br1/job_0_n_180_id_57_beam_orig3_bm3-s0to100br1-s100to200br1-s200to300br0-s300to400br1.pdb,231,"2,0,13,16,19,16,19,14,11,3,10,18,19,19,6,18,7,15,2,12,16,9,6,4,11,13,14,19,6,11,5,10,3,10,0,0,10,9,19,18,17,6,12,6,3,11,2,9,9,5,13,19,8,7,6,6,3,10,11,19,5,8,15,15,18,1,5,1,0,1,10,10,11,3,5,10,15,10,7,2,0,0,10,5,9,16,3,19,11,10,5,3,0,7,19,18,1,4,12,9,15,18,7,7,0,3,18,11,1,9,16,19,11,19,2,0,2,16,1,10,6,2,10,11,10,0,15,6,11,13,11,10,15,3,6,3,19,6,16,10,11,3,19,10,6,11,7,16,6,6,6,10,15,11,5,9,2,9,19,0,3,11,18,2,10,2,2,6,5,11,13,6,10,10,11,10,19,16,6,6,0,0,0,0,0,0,0,0,0,0,0,0,0,0,0,0,0,0,0,0,0,0,0,0,0,0,0,0,0,0,0,0,0,0,0,0,0,0,0,0,0,0,0,0,0,0,0,0,0,0,0,0,0",-0.15414985,0.04205758,3.0,0.6266276,35.48095,0.7051386,1.0,0.7051386,0.12986876,0.6266276,0.0,0.0,0.6266276,0.0038474035,0.9163833,0.12986876,1.4422953,1.6252235,35.48095,-0.15414985,1.9199667,155.14792,0.5481166,0.5481166,1.0,155.14792,0.8231324,0.08361665,1.4422953,0.0038474035,0.7051386,0.04205758,0.0,1.6252235,1.9199667,0.5481166,0.15414985,0.0,0.7051386,0.15414985,0.879721,0.5481166,1.0,0.6266276,lookahead,beam_orig3_bm3-s0to100br1-s100to200br1-s200to300br0-s300to400br1
/work/T-REX/external/Proteina-Complexa/inference/search_binder_local_pipeline_32_PDL1_ALPHA_REPACK_v7_r003_cand_v7r003_hyp_0003_01_002_a33ac9851a300/job_0_n_176_id_58_beam_orig0_bm2-s0to100br3-s100to200br0-s200to300br1-s300to400br2/job_0_n_176_id_58_beam_orig0_bm2-s0to100br3-s100to200br0-s200to300br1-s300to400br2.pdb,232,"2,0,13,16,19,16,19,14,11,3,10,18,19,19,6,18,7,15,2,12,16,9,6,4,11,13,14,19,6,11,5,10,3,10,0,0,10,9,19,18,17,6,12,6,3,11,2,9,9,5,13,19,8,7,6,6,3,10,11,19,5,8,15,15,18,1,5,1,0,1,10,10,11,3,5,10,15,10,7,2,0,0,10,5,9,16,3,19,11,10,5,3,0,7,19,18,1,4,12,9,15,18,7,7,0,3,18,11,1,9,16,19,11,19,2,0,7,16,15,6,6,1,10,11,2,3,6,6,13,15,2,2,0,11,2,13,0,10,11,10,10,2,3,7,11,15,19,11,6,0,0,1,3,19,5,9,9,13,3,9,2,13,11,3,0,10,2,19,19,11,11,19,10,5,6,1,0,0,0,0,0,0,0,0,0,0,0,0,0,0,0,0,0,0,0,0,0,0,0,0,0,0,0,0,0,0,0,0,0,0,0,0,0,0,0,0,0,0,0,0,0,0,0,0,0,0,0,0,0,0,0,0,0",-0.1421988,0.04226972,3.0,0.64630836,55.130447,0.73942435,1.0,0.73942435,0.119332045,0.64630836,0.0,0.0,0.64630836,0.00992118,0.9344301,0.119332045,2.623852,1.3793936,55.130447,-0.1421988,1.7823337,185.365,0.5531924,0.5531924,1.0,185.365,0.83756065,0.06556991,2.623852,0.00992118,0.73942435,0.04226972,0.0,1.3793936,1.7823337,0.5531924,0.1421988,0.0,0.73942435,0.1421988,0.888953,0.5531924,1.0,0.64630836,lookahead,beam_orig0_bm2-s0to100br3-s100to200br0-s200to300br1-s300to400br2
/work/T-REX/external/Proteina-Complexa/inference/search_binder_local_pipeline_32_PDL1_ALPHA_REPACK_v7_r003_cand_v7r003_hyp_0003_01_002_a33ac9851a300/job_0_n_229_id_58_beam_orig1_bm2-s0to100br1-s100to200br3-s200to300br2-s300to400br2/job_0_n_229_id_58_beam_orig1_bm2-s0to100br1-s100to200br3-s200to300br2-s300to400br2.pdb,233,"2,0,13,16,19,16,19,14,11,3,10,18,19,19,6,18,7,15,2,12,16,9,6,4,11,13,14,19,6,11,5,10,3,10,0,0,10,9,19,18,17,6,12,6,3,11,2,9,9,5,13,19,8,7,6,6,3,10,11,19,5,8,15,15,18,1,5,1,0,1,10,10,11,3,5,10,15,10,7,2,0,0,10,5,9,16,3,19,11,10,5,3,0,7,19,18,1,4,12,9,15,18,7,7,0,3,18,11,1,9,16,19,11,19,2,0,0,13,16,19,16,19,14,11,3,10,18,19,19,6,18,7,15,2,12,16,9,6,4,11,13,14,19,6,11,5,10,3,10,0,0,10,9,19,18,17,6,12,6,3,11,2,9,9,5,13,19,8,7,6,6,3,10,11,19,5,8,15,15,18,1,5,1,0,1,10,10,11,3,5,10,15,10,7,2,0,0,10,5,9,16,3,19,11,10,5,3,0,7,19,18,1,4,12,9,15,18,7,7,0,3,18,11,1,9,16,19,11,19,0,0,0,0",-0.51758873,0.29105052,3.0,0.04980857,58.127136,0.05274447,1.0,0.05274447,0.30716497,0.012652783,0.0,0.0,0.04980857,0.0017948209,0.8604415,0.30716497,4.727251,1.2802008,58.127136,-0.51758873,3.8309557,202.37335,0.012267614,0.04687267,1.0,202.37335,0.26956588,0.1395585,4.727251,0.0017948209,0.013037953,0.29105052,0.0,1.2802008,3.8309557,0.012267614,0.51758873,0.0,0.013037953,0.51758873,0.5918951,0.04687267,1.0,0.012652783,lookahead,beam_orig1_bm2-s0to100br1-s100to200br3-s200to300br2-s300to400br2
/work/T-REX/external/Proteina-Complexa/inference/search_binder_local_pipeline_32_PDL1_ALPHA_REPACK_v7_r003_cand_v7r003_hyp_0003_01_002_a33ac9851a300/job_0_n_233_id_58_beam_orig2_bm1-s0to100br2-s100to200br1-s200to300br1-s300to400br2/job_0_n_233_id_58_beam_orig2_bm1-s0to100br2-s100to200br1-s200to300br1-s300to400br2.pdb,234,"2,0,13,16,19,16,19,14,11,3,10,18,19,19,6,18,7,15,2,12,16,9,6,4,11,13,14,19,6,11,5,10,3,10,0,0,10,9,19,18,17,6,12,6,3,11,2,9,9,5,13,19,8,7,6,6,3,10,11,19,5,8,15,15,18,1,5,1,0,1,10,10,11,3,5,10,15,10,7,2,0,0,10,5,9,16,3,19,11,10,5,3,0,7,19,18,1,4,12,9,15,18,7,7,0,3,18,11,1,9,16,19,11,19,2,0,2,0,13,16,19,16,19,14,11,3,10,18,19,19,6,18,7,15,2,12,16,9,6,4,11,13,14,19,6,11,5,10,3,10,0,0,10,9,19,18,17,6,12,6,3,11,2,9,9,5,13,19,8,7,6,6,3,10,11,19,5,8,15,15,18,1,5,1,0,1,10,10,11,3,5,10,15,10,7,2,0,0,10,5,9,16,3,19,11,10,5,3,0,7,19,18,1,4,12,9,15,18,7,7,0,3,18,11,1,9,16,19,11,19,2,0,14",-0.53087616,0.29957744,3.0,0.04385183,76.9134,0.047743678,1.0,0.047743678,0.31405744,0.012153555,0.0,0.0,0.04385183,0.002866244,0.85830885,0.31405744,2.6046643,1.2929027,76.9134,-0.53087616,3.9111648,209.18764,0.012003293,0.039959982,1.0,209.18764,0.2588786,0.14169116,2.6046643,0.002866244,0.012303815,0.29957744,0.0,1.2929027,3.9111648,0.012003293,0.53087616,0.0,0.012303815,0.53087616,0.5847714,0.039959982,1.0,0.012153555,lookahead,beam_orig2_bm1-s0to100br2-s100to200br1-s200to300br1-s300to400br2
/work/T-REX/external/Proteina-Complexa/inference/search_binder_local_pipeline_32_PDL1_ALPHA_REPACK_v7_r003_cand_v7r003_hyp_0003_01_002_a33ac9851a300/job_0_n_180_id_58_beam_orig3_bm3-s0to100br1-s100to200br1-s200to300br0-s300to400br2/job_0_n_180_id_58_beam_orig3_bm3-s0to100br1-s100to200br1-s200to300br0-s300to400br2.pdb,235,"2,0,13,16,19,16,19,14,11,3,10,18,19,19,6,18,7,15,2,12,16,9,6,4,11,13,14,19,6,11,5,10,3,10,0,0,10,9,19,18,17,6,12,6,3,11,2,9,9,5,13,19,8,7,6,6,3,10,11,19,5,8,15,15,18,1,5,1,0,1,10,10,11,3,5,10,15,10,7,2,0,0,10,5,9,16,3,19,11,10,5,3,0,7,19,18,1,4,12,9,15,18,7,7,0,3,18,11,1,9,16,19,11,19,2,0,2,16,1,10,6,2,10,11,10,0,15,6,11,13,11,10,15,3,6,3,19,5,16,10,11,3,19,10,6,11,7,16,6,6,6,10,15,11,5,9,2,9,19,0,3,11,18,2,10,2,2,6,5,11,13,6,10,10,11,10,19,16,6,6,0,0,0,0,0,0,0,0,0,0,0,0,0,0,0,0,0,0,0,0,0,0,0,0,0,0,0,0,0,0,0,0,0,0,0,0,0,0,0,0,0,0,0,0,0,0,0,0,0,0,0,0,0",-0.15494908,0.04225205,3.0,0.62466633,36.356674,0.7029239,1.0,0.7029239,0.13081399,0.62466633,0.0,0.0,0.62466633,0.0036744364,0.91476655,0.13081399,1.427464,1.6295726,36.356674,-0.15494908,1.9283506,157.49231,0.5464088,0.5464088,1.0,157.49231,0.82224625,0.08523348,1.427464,0.0036744364,0.7029239,0.04225205,0.0,1.6295726,1.9283506,0.5464088,0.15494908,0.0,0.7029239,0.15494908,0.8795005,0.5464088,1.0,0.62466633,lookahead,beam_orig3_bm3-s0to100br1-s100to200br1-s200to300br0-s300to400br2
/work/T-REX/external/Proteina-Complexa/inference/search_binder_local_pipeline_32_PDL1_ALPHA_REPACK_v7_r003_cand_v7r003_hyp_0003_01_002_a33ac9851a300/job_0_n_176_id_59_beam_orig0_bm2-s0to100br3-s100to200br0-s200to300br1-s300to400br3/job_0_n_176_id_59_beam_orig0_bm2-s0to100br3-s100to200br0-s200to300br1-s300to400br3.pdb,236,"2,0,13,16,19,16,19,14,11,3,10,18,19,19,6,18,7,15,2,12,16,9,6,4,11,13,14,19,6,11,5,10,3,10,0,0,10,9,19,18,17,6,12,6,3,11,2,9,9,5,13,19,8,7,6,6,3,10,11,19,5,8,15,15,18,1,5,1,0,1,10,10,11,3,5,10,15,10,7,2,0,0,10,5,9,16,3,19,11,10,5,3,0,7,19,18,1,4,12,9,15,18,7,7,0,3,18,11,1,9,16,19,11,19,2,0,7,16,15,6,6,1,10,11,2,3,6,6,13,15,2,2,0,11,2,13,0,10,11,10,10,2,3,7,11,15,19,11,6,0,0,1,3,19,5,9,9,13,3,9,2,13,11,3,0,10,2,19,19,11,11,19,10,5,6,1,0,0,0,0,0,0,0,0,0,0,0,0,0,0,0,0,0,0,0,0,0,0,0,0,0,0,0,0,0,0,0,0,0,0,0,0,0,0,0,0,0,0,0,0,0,0,0,0,0,0,0,0,0,0,0,0,0",-0.14233439,0.042406008,3.0,0.6444694,56.738483,0.73758423,1.0,0.73758423,0.11938593,0.6444694,0.0,0.0,0.6444694,0.009499668,0.9345729,0.11938593,2.6655755,1.3786393,56.738483,-0.14233439,1.78654,185.6023,0.5513546,0.5513546,1.0,185.6023,0.83696556,0.06542711,2.6655755,0.009499668,0.73758423,0.042406008,0.0,1.3786393,1.78654,0.5513546,0.14233439,0.0,0.73758423,0.14233439,0.88859546,0.5513546,1.0,0.6444694,lookahead,beam_orig0_bm2-s0to100br3-s100to200br0-s200to300br1-s300to400br3
/work/T-REX/external/Proteina-Complexa/inference/search_binder_local_pipeline_32_PDL1_ALPHA_REPACK_v7_r003_cand_v7r003_hyp_0003_01_002_a33ac9851a300/job_0_n_229_id_59_beam_orig1_bm2-s0to100br1-s100to200br3-s200to300br2-s300to400br3/job_0_n_229_id_59_beam_orig1_bm2-s0to100br1-s100to200br3-s200to300br2-s300to400br3.pdb,237,"2,0,13,16,19,16,19,14,11,3,10,18,19,19,6,18,7,15,2,12,16,9,6,4,11,13,14,19,6,11,5,10,3,10,0,0,10,9,19,18,17,6,12,6,3,11,2,9,9,5,13,19,8,7,6,6,3,10,11,19,5,8,15,15,18,1,5,1,0,1,10,10,11,3,5,10,15,10,7,2,0,0,10,5,9,16,3,19,11,10,5,3,0,7,19,18,1,4,12,9,15,18,7,7,0,3,18,11,1,9,16,19,11,19,2,0,0,13,16,19,16,19,14,11,3,10,18,19,19,6,18,7,15,2,12,16,9,6,4,11,13,14,19,6,11,5,10,3,10,0,0,10,9,19,18,17,6,12,6,3,11,2,9,9,5,13,19,8,7,6,6,3,10,11,19,5,8,15,15,18,1,5,1,0,1,10,10,11,3,5,10,15,10,7,2,0,0,10,5,9,16,3,19,11,10,5,3,0,7,19,18,1,4,12,9,15,18,7,7,0,3,18,11,1,9,16,19,11,19,0,0,0,0",-0.5139121,0.28795278,3.0,0.0514037,59.268738,0.054101527,1.0,0.054101527,0.30515864,0.0128986845,0.0,0.0,0.0514037,0.0018521874,0.86074084,0.30515864,4.72459,1.2779992,59.268738,-0.5139121,3.818927,201.5916,0.012500554,0.048705876,1.0,201.5916,0.2721516,0.13925917,4.72459,0.0018521874,0.013296815,0.28795278,0.0,1.2779992,3.818927,0.012500554,0.5139121,0.0,0.013296815,0.5139121,0.59329724,0.048705876,1.0,0.0128986845,lookahead,beam_orig1_bm2-s0to100br1-s100to200br3-s200to300br2-s300to400br3
/work/T-REX/external/Proteina-Complexa/inference/search_binder_local_pipeline_32_PDL1_ALPHA_REPACK_v7_r003_cand_v7r003_hyp_0003_01_002_a33ac9851a300/job_0_n_233_id_59_beam_orig2_bm1-s0to100br2-s100to200br1-s200to300br1-s300to400br3/job_0_n_233_id_59_beam_orig2_bm1-s0to100br2-s100to200br1-s200to300br1-s300to400br3.pdb,238,"2,0,13,16,19,16,19,14,11,3,10,18,19,19,6,18,7,15,2,12,16,9,6,4,11,13,14,19,6,11,5,10,3,10,0,0,10,9,19,18,17,6,12,6,3,11,2,9,9,5,13,19,8,7,6,6,3,10,11,19,5,8,15,15,18,1,5,1,0,1,10,10,11,3,5,10,15,10,7,2,0,0,10,5,9,16,3,19,11,10,5,3,0,7,19,18,1,4,12,9,15,18,7,7,0,3,18,11,1,9,16,19,11,19,2,0,2,0,13,16,19,16,19,14,11,3,10,18,19,19,6,18,7,15,2,12,16,9,6,4,11,13,14,19,6,11,5,10,3,10,0,0,10,9,19,18,17,6,12,6,3,11,2,9,9,5,13,19,8,7,6,6,3,10,11,19,5,8,15,15,18,1,5,1,0,1,10,10,11,3,5,10,15,10,7,2,0,0,10,5,9,16,3,19,11,10,5,3,0,7,19,18,1,4,12,9,15,18,7,7,0,3,18,11,1,9,16,19,11,19,2,0,14",-0.5122494,0.28043315,3.0,0.053814188,78.89215,0.05739933,1.0,0.05739933,0.3046196,0.013279007,0.0,0.0,0.053814188,0.0027855595,0.8586566,0.3046196,3.1124146,1.2867398,78.89215,-0.5122494,3.8590677,211.66411,0.013029678,0.05022905,1.0,211.66411,0.27047458,0.14134343,3.1124146,0.0027855595,0.013528336,0.28043315,0.0,1.2867398,3.8590677,0.013029678,0.5122494,0.0,0.013528336,0.5122494,0.5907204,0.05022905,1.0,0.013279007,lookahead,beam_orig2_bm1-s0to100br2-s100to200br1-s200to300br1-s300to400br3
/work/T-REX/external/Proteina-Complexa/inference/search_binder_local_pipeline_32_PDL1_ALPHA_REPACK_v7_r003_cand_v7r003_hyp_0003_01_002_a33ac9851a300/job_0_n_180_id_59_beam_orig3_bm3-s0to100br1-s100to200br1-s200to300br0-s300to400br3/job_0_n_180_id_59_beam_orig3_bm3-s0to100br1-s100to200br1-s200to300br0-s300to400br3.pdb,239,"2,0,13,16,19,16,19,14,11,3,10,18,19,19,6,18,7,15,2,12,16,9,6,4,11,13,14,19,6,11,5,10,3,10,0,0,10,9,19,18,17,6,12,6,3,11,2,9,9,5,13,19,8,7,6,6,3,10,11,19,5,8,15,15,18,1,5,1,0,1,10,10,11,3,5,10,15,10,7,2,0,0,10,5,9,16,3,19,11,10,5,3,0,7,19,18,1,4,12,9,15,18,7,7,0,3,18,11,1,9,16,19,11,19,2,0,12,16,1,10,6,2,10,11,10,0,15,6,11,13,11,10,15,3,6,3,19,5,16,10,11,3,19,10,6,11,7,16,6,6,6,10,15,11,5,9,2,9,19,0,3,11,18,2,10,2,2,6,5,11,13,6,10,10,11,10,19,16,6,6,0,0,0,0,0,0,0,0,0,0,0,0,0,0,0,0,0,0,0,0,0,0,0,0,0,0,0,0,0,0,0,0,0,0,0,0,0,0,0,0,0,0,0,0,0,0,0,0,0,0,0,0,0",-0.15414649,0.04344597,3.0,0.61673725,41.27893,0.69394696,1.0,0.69394696,0.12964253,0.61673725,0.0,0.0,0.61673725,0.006788319,0.91638213,0.12964253,1.853587,1.6283809,41.27893,-0.15414649,1.9445827,164.52112,0.53952754,0.53952754,1.0,164.52112,0.81896377,0.08361786,1.853587,0.006788319,0.69394696,0.04344597,0.0,1.6283809,1.9445827,0.53952754,0.15414649,0.0,0.69394696,0.15414649,0.8785577,0.53952754,1.0,0.61673725,lookahead,beam_orig3_bm3-s0to100br1-s100to200br1-s200to300br0-s300to400br3
/work/T-REX/external/Proteina-Complexa/inference/search_binder_local_pipeline_32_PDL1_ALPHA_REPACK_v7_r003_cand_v7r003_hyp_0003_01_002_a33ac9851a300/job_0_n_176_id_60_beam_orig0_bm2-s0to100br3-s100to200br0-s200to300br2-s300to400br0/job_0_n_176_id_60_beam_orig0_bm2-s0to100br3-s100to200br0-s200to300br2-s300to400br0.pdb,240,"2,0,13,16,19,16,19,14,11,3,10,18,19,19,6,18,7,15,2,12,16,9,6,4,11,13,14,19,6,11,5,10,3,10,0,0,10,9,19,18,17,6,12,6,3,11,2,9,9,5,13,19,8,7,6,6,3,10,11,19,5,8,15,15,18,1,5,1,0,1,10,10,11,3,5,10,15,10,7,2,0,0,10,5,9,16,3,19,11,10,5,3,0,7,19,18,1,4,12,9,15,18,7,7,0,3,18,11,1,9,16,19,11,19,2,0,7,16,15,6,6,1,10,11,2,3,11,6,13,15,2,2,19,11,10,13,0,15,11,10,10,3,3,7,11,15,19,11,6,0,0,1,3,19,5,9,9,13,3,10,2,13,6,3,0,10,2,19,19,1,5,19,10,5,3,1,0,0,0,0,0,0,0,0,0,0,0,0,0,0,0,0,0,0,0,0,0,0,0,0,0,0,0,0,0,0,0,0,0,0,0,0,0,0,0,0,0,0,0,0,0,0,0,0,0,0,0,0,0,0,0,0,0",-0.1424701,0.046274543,3.0,0.63142383,67.66759,0.72759527,1.0,0.72759527,0.118444934,0.63142383,0.0,0.0,0.63142383,0.009849982,0.93624985,0.118444934,3.3665671,1.376145,67.66759,-0.1424701,1.8191597,194.81812,0.53525245,0.53525245,1.0,194.81812,0.82948977,0.06375018,3.3665671,0.009849982,0.72759527,0.046274543,0.0,1.376145,1.8191597,0.53525245,0.1424701,0.0,0.72759527,0.1424701,0.88619494,0.53525245,1.0,0.63142383,lookahead,beam_orig0_bm2-s0to100br3-s100to200br0-s200to300br2-s300to400br0
/work/T-REX/external/Proteina-Complexa/inference/search_binder_local_pipeline_32_PDL1_ALPHA_REPACK_v7_r003_cand_v7r003_hyp_0003_01_002_a33ac9851a300/job_0_n_229_id_60_beam_orig1_bm2-s0to100br1-s100to200br3-s200to300br1-s300to400br0/job_0_n_229_id_60_beam_orig1_bm2-s0to100br1-s100to200br3-s200to300br1-s300to400br0.pdb,241,"2,0,13,16,19,16,19,14,11,3,10,18,19,19,6,18,7,15,2,12,16,9,6,4,11,13,14,19,6,11,5,10,3,10,0,0,10,9,19,18,17,6,12,6,3,11,2,9,9,5,13,19,8,7,6,6,3,10,11,19,5,8,15,15,18,1,5,1,0,1,10,10,11,3,5,10,15,10,7,2,0,0,10,5,9,16,3,19,11,10,5,3,0,7,19,18,1,4,12,9,15,18,7,7,0,3,18,11,1,9,16,19,11,19,2,0,0,13,16,19,16,19,14,11,3,10,18,19,19,6,18,7,15,2,12,16,9,6,4,11,13,14,19,6,11,5,10,3,10,0,0,10,9,19,18,17,6,12,6,3,11,2,9,9,5,13,19,8,7,6,6,3,10,11,19,5,8,15,15,18,1,5,1,0,1,10,10,11,3,5,10,15,10,7,2,0,0,10,5,9,16,3,19,11,10,5,3,0,7,19,18,1,4,12,9,15,18,7,7,0,3,18,11,1,9,16,19,11,19,0,0,0,0",-0.5142618,0.2864587,3.0,0.050917353,61.191544,0.054057036,1.0,0.054057036,0.30472574,0.012890993,0.0,0.0,0.050917353,0.001738907,0.8613978,0.30472574,5.0614953,1.2680874,61.191544,-0.5142618,3.818839,196.13045,0.012720178,0.04777767,1.0,196.13045,0.2691882,0.13860221,5.0614953,0.001738907,0.013061808,0.2864587,0.0,1.2680874,3.818839,0.012720178,0.5142618,0.0,0.013061808,0.5142618,0.59197044,0.04777767,1.0,0.012890993,lookahead,beam_orig1_bm2-s0to100br1-s100to200br3-s200to300br1-s300to400br0
/work/T-REX/external/Proteina-Complexa/inference/search_binder_local_pipeline_32_PDL1_ALPHA_REPACK_v7_r003_cand_v7r003_hyp_0003_01_002_a33ac9851a300/job_0_n_233_id_60_beam_orig2_bm0-s0to100br2-s100to200br0-s200to300br0-s300to400br0/job_0_n_233_id_60_beam_orig2_bm0-s0to100br2-s100to200br0-s200to300br0-s300to400br0.pdb,242,"2,0,13,16,19,16,19,14,11,3,10,18,19,19,6,18,7,15,2,12,16,9,6,4,11,13,14,19,6,11,5,10,3,10,0,0,10,9,19,18,17,6,12,6,3,11,2,9,9,5,13,19,8,7,6,6,3,10,11,19,5,8,15,15,18,1,5,1,0,1,10,10,11,3,5,10,15,10,7,2,0,0,10,5,9,16,3,19,11,10,5,3,0,7,19,18,1,4,12,9,15,18,7,7,0,3,18,11,1,9,16,19,11,19,2,0,0,13,16,19,16,19,14,11,3,10,18,19,19,6,18,7,15,2,12,16,9,6,4,11,13,14,19,6,11,5,10,3,10,0,0,10,9,19,18,17,6,12,6,3,11,2,9,9,5,13,19,8,7,6,6,3,10,11,19,5,8,15,15,18,1,5,1,0,1,10,10,11,3,5,10,15,10,7,2,0,0,10,5,9,16,3,19,11,10,5,3,0,7,19,18,1,4,12,9,15,18,7,7,0,3,18,11,1,9,16,19,11,19,2,0,14,0",-0.53223157,0.30069232,3.0,0.045547668,54.938705,0.047064524,1.0,0.047064524,0.3139774,0.012159904,0.0,0.0,0.045547668,0.0025617213,0.8602637,0.3139774,4.961219,1.2772479,54.938705,-0.53223157,3.9362354,193.4723,0.011843872,0.04403081,1.0,193.4723,0.26018488,0.13973628,4.961219,0.0025617213,0.012475936,0.30069232,0.0,1.2772479,3.9362354,0.011843872,0.53223157,0.0,0.012475936,0.53223157,0.5876261,0.04403081,1.0,0.012159904,lookahead,beam_orig2_bm0-s0to100br2-s100to200br0-s200to300br0-s300to400br0
/work/T-REX/external/Proteina-Complexa/inference/search_binder_local_pipeline_32_PDL1_ALPHA_REPACK_v7_r003_cand_v7r003_hyp_0003_01_002_a33ac9851a300/job_0_n_180_id_60_beam_orig3_bm2-s0to100br2-s100to200br2-s200to300br1-s300to400br0/job_0_n_180_id_60_beam_orig3_bm2-s0to100br2-s100to200br2-s200to300br1-s300to400br0.pdb,243,"2,0,13,16,19,16,19,14,11,3,10,18,19,19,6,18,7,15,2,12,16,9,6,4,11,13,14,19,6,11,5,10,3,10,0,0,10,9,19,18,17,6,12,6,3,11,2,9,9,5,13,19,8,7,6,6,3,10,11,19,5,8,15,15,18,1,5,1,0,1,10,10,11,3,5,10,15,10,7,2,0,0,10,5,9,16,3,19,11,10,5,3,0,7,19,18,1,4,12,9,15,18,7,7,0,3,18,11,1,9,16,19,11,19,2,0,15,6,6,6,10,5,10,0,10,10,1,6,11,6,0,11,6,6,6,11,0,7,2,10,6,6,0,15,11,11,18,11,6,0,0,11,9,18,12,11,9,7,2,13,3,6,0,7,11,12,10,3,11,0,11,11,9,6,6,11,9,11,11,5,0,0,0,0,0,0,0,0,0,0,0,0,0,0,0,0,0,0,0,0,0,0,0,0,0,0,0,0,0,0,0,0,0,0,0,0,0,0,0,0,0,0,0,0,0,0,0,0,0,0,0,0,0",-0.15842101,0.048691567,3.0,0.5662475,39.80028,0.6572308,1.0,0.6572308,0.12613893,0.5662475,0.0,0.0,0.5662475,0.0031006206,0.9478232,0.12613893,2.5091329,1.2790227,39.80028,-0.15842101,1.8647768,139.91382,0.47526422,0.47526422,1.0,139.91382,0.8168483,0.052176796,2.5091329,0.0031006206,0.6572308,0.048691567,0.0,1.2790227,1.8647768,0.47526422,0.15842101,0.0,0.6572308,0.15842101,0.8712329,0.47526422,1.0,0.5662475,lookahead,beam_orig3_bm2-s0to100br2-s100to200br2-s200to300br1-s300to400br0
/work/T-REX/external/Proteina-Complexa/inference/search_binder_local_pipeline_32_PDL1_ALPHA_REPACK_v7_r003_cand_v7r003_hyp_0003_01_002_a33ac9851a300/job_0_n_176_id_61_beam_orig0_bm2-s0to100br3-s100to200br0-s200to300br2-s300to400br1/job_0_n_176_id_61_beam_orig0_bm2-s0to100br3-s100to200br0-s200to300br2-s300to400br1.pdb,244,"2,0,13,16,19,16,19,14,11,3,10,18,19,19,6,18,7,15,2,12,16,9,6,4,11,13,14,19,6,11,5,10,3,10,0,0,10,9,19,18,17,6,12,6,3,11,2,9,9,5,13,19,8,7,6,6,3,10,11,19,5,8,15,15,18,1,5,1,0,1,10,10,11,3,5,10,15,10,7,2,0,0,10,5,9,16,3,19,11,10,5,3,0,7,19,18,1,4,12,9,15,18,7,7,0,3,18,11,1,9,16,19,11,19,2,0,7,16,15,6,6,1,10,11,2,3,5,6,13,15,2,2,19,11,10,13,0,15,11,10,10,3,3,7,11,15,19,11,6,0,0,1,3,19,5,9,9,18,3,10,2,13,6,3,0,10,2,19,19,1,5,19,10,5,3,1,0,0,0,0,0,0,0,0,0,0,0,0,0,0,0,0,0,0,0,0,0,0,0,0,0,0,0,0,0,0,0,0,0,0,0,0,0,0,0,0,0,0,0,0,0,0,0,0,0,0,0,0,0,0,0,0,0",-0.14470063,0.04810969,3.0,0.618673,70.20119,0.71763587,1.0,0.71763587,0.119917765,0.618673,0.0,0.0,0.618673,0.00831542,0.93479854,0.119917765,3.5817742,1.382084,70.20119,-0.14470063,1.8425446,199.19168,0.5197102,0.5197102,1.0,199.19168,0.82436824,0.06520147,3.5817742,0.00831542,0.71763587,0.04810969,0.0,1.382084,1.8425446,0.5197102,0.14470063,0.0,0.71763587,0.14470063,0.8842008,0.5197102,1.0,0.618673,lookahead,beam_orig0_bm2-s0to100br3-s100to200br0-s200to300br2-s300to400br1
/work/T-REX/external/Proteina-Complexa/inference/search_binder_local_pipeline_32_PDL1_ALPHA_REPACK_v7_r003_cand_v7r003_hyp_0003_01_002_a33ac9851a300/job_0_n_229_id_61_beam_orig1_bm2-s0to100br1-s100to200br3-s200to300br1-s300to400br1/job_0_n_229_id_61_beam_orig1_bm2-s0to100br1-s100to200br3-s200to300br1-s300to400br1.pdb,245,"2,0,13,16,19,16,19,14,11,3,10,18,19,19,6,18,7,15,2,12,16,9,6,4,11,13,14,19,6,11,5,10,3,10,0,0,10,9,19,18,17,6,12,6,3,11,2,9,9,5,13,19,8,7,6,6,3,10,11,19,5,8,15,15,18,1,5,1,0,1,10,10,11,3,5,10,15,10,7,2,0,0,10,5,9,16,3,19,11,10,5,3,0,7,19,18,1,4,12,9,15,18,7,7,0,3,18,11,1,9,16,19,11,19,2,0,0,13,16,19,16,19,14,11,3,10,18,19,19,6,18,7,15,2,12,16,9,6,4,11,13,14,19,6,11,5,10,3,10,0,0,10,9,19,18,17,6,12,6,3,11,2,9,9,5,13,19,8,7,6,6,3,10,11,19,5,8,15,15,18,1,5,1,0,1,10,10,11,3,5,10,15,10,7,2,0,0,10,5,9,16,3,19,11,10,5,3,0,7,19,18,1,4,12,9,15,18,7,7,0,3,18,11,1,9,16,19,11,19,0,0,0,0",-0.5192238,0.29308337,3.0,0.048880927,58.624794,0.05136528,1.0,0.05136528,0.30744466,0.012454421,0.0,0.0,0.048880927,0.0017015311,0.86184114,0.30744466,4.925634,1.2743962,58.624794,-0.5192238,3.835225,193.06892,0.012112059,0.046396572,1.0,193.06892,0.26869035,0.13815886,4.925634,0.0017015311,0.012796784,0.29308337,0.0,1.2743962,3.835225,0.012112059,0.5192238,0.0,0.012796784,0.5192238,0.59177226,0.046396572,1.0,0.012454421,lookahead,beam_orig1_bm2-s0to100br1-s100to200br3-s200to300br1-s300to400br1
/work/T-REX/external/Proteina-Complexa/inference/search_binder_local_pipeline_32_PDL1_ALPHA_REPACK_v7_r003_cand_v7r003_hyp_0003_01_002_a33ac9851a300/job_0_n_233_id_61_beam_orig2_bm0-s0to100br2-s100to200br0-s200to300br0-s300to400br1/job_0_n_233_id_61_beam_orig2_bm0-s0to100br2-s100to200br0-s200to300br0-s300to400br1.pdb,246,"2,0,13,16,19,16,19,14,11,3,10,18,19,19,6,18,7,15,2,12,16,9,6,4,11,13,14,19,6,11,5,10,3,10,0,0,10,9,19,18,17,6,12,6,3,11,2,9,9,5,13,19,8,7,6,6,3,10,11,19,5,8,15,15,18,1,5,1,0,1,10,10,11,3,5,10,15,10,7,2,0,0,10,5,9,16,3,19,11,10,5,3,0,7,19,18,1,4,12,9,15,18,7,7,0,3,18,11,1,9,16,19,11,19,2,0,0,13,16,19,16,19,14,11,3,10,18,19,19,6,18,7,15,2,12,16,9,6,4,11,13,14,19,6,11,5,10,3,10,0,0,10,9,19,18,17,6,12,6,3,11,2,9,9,5,13,19,8,7,6,6,3,10,11,19,5,8,15,15,18,1,5,1,0,1,10,10,11,3,5,10,15,10,7,2,0,0,10,5,9,16,3,19,11,10,5,3,0,7,19,18,1,4,12,9,15,18,7,7,0,3,18,11,1,9,16,19,11,19,2,0,14,0",-0.52284956,0.28968662,3.0,0.049275503,56.870613,0.051534064,1.0,0.051534064,0.30930123,0.01271772,0.0,0.0,0.049275503,0.002562277,0.86113906,0.30930123,4.313127,1.2741443,56.870613,-0.52284956,3.9124951,198.05109,0.012490499,0.047016945,1.0,198.05109,0.26425493,0.13886093,4.313127,0.002562277,0.0129449405,0.28968662,0.0,1.2741443,3.9124951,0.012490499,0.52284956,0.0,0.0129449405,0.52284956,0.5893834,0.047016945,1.0,0.01271772,lookahead,beam_orig2_bm0-s0to100br2-s100to200br0-s200to300br0-s300to400br1
/work/T-REX/external/Proteina-Complexa/inference/search_binder_local_pipeline_32_PDL1_ALPHA_REPACK_v7_r003_cand_v7r003_hyp_0003_01_002_a33ac9851a300/job_0_n_180_id_61_beam_orig3_bm2-s0to100br2-s100to200br2-s200to300br1-s300to400br1/job_0_n_180_id_61_beam_orig3_bm2-s0to100br2-s100to200br2-s200to300br1-s300to400br1.pdb,247,"2,0,13,16,19,16,19,14,11,3,10,18,19,19,6,18,7,15,2,12,16,9,6,4,11,13,14,19,6,11,5,10,3,10,0,0,10,9,19,18,17,6,12,6,3,11,2,9,9,5,13,19,8,7,6,6,3,10,11,19,5,8,15,15,18,1,5,1,0,1,10,10,11,3,5,10,15,10,7,2,0,0,10,5,9,16,3,19,11,10,5,3,0,7,19,18,1,4,12,9,15,18,7,7,0,3,18,11,1,9,16,19,11,19,2,0,15,6,6,6,10,5,10,0,10,10,1,6,11,6,0,11,6,6,6,11,0,7,2,10,6,6,0,15,11,11,18,11,6,0,0,11,9,18,12,11,9,7,2,13,3,6,0,7,11,12,10,3,11,0,11,11,9,6,6,11,9,11,11,5,0,0,0,0,0,0,0,0,0,0,0,0,0,0,0,0,0,0,0,0,0,0,0,0,0,0,0,0,0,0,0,0,0,0,0,0,0,0,0,0,0,0,0,0,0,0,0,0,0,0,0,0,0",-0.15793549,0.047947858,3.0,0.5704068,40.756905,0.6612944,1.0,0.6612944,0.12593256,0.5704068,0.0,0.0,0.5704068,0.0031419927,0.9478138,0.12593256,2.538197,1.2799094,40.756905,-0.15793549,1.8591642,137.61423,0.4795192,0.4795192,1.0,137.61423,0.81813186,0.0521862,2.538197,0.0031419927,0.6612944,0.047947858,0.0,1.2799094,1.8591642,0.4795192,0.15793549,0.0,0.6612944,0.15793549,0.8716606,0.4795192,1.0,0.5704068,lookahead,beam_orig3_bm2-s0to100br2-s100to200br2-s200to300br1-s300to400br1
/work/T-REX/external/Proteina-Complexa/inference/search_binder_local_pipeline_32_PDL1_ALPHA_REPACK_v7_r003_cand_v7r003_hyp_0003_01_002_a33ac9851a300/job_0_n_176_id_62_beam_orig0_bm2-s0to100br3-s100to200br0-s200to300br2-s300to400br2/job_0_n_176_id_62_beam_orig0_bm2-s0to100br3-s100to200br0-s200to300br2-s300to400br2.pdb,248,"2,0,13,16,19,16,19,14,11,3,10,18,19,19,6,18,7,15,2,12,16,9,6,4,11,13,14,19,6,11,5,10,3,10,0,0,10,9,19,18,17,6,12,6,3,11,2,9,9,5,13,19,8,7,6,6,3,10,11,19,5,8,15,15,18,1,5,1,0,1,10,10,11,3,5,10,15,10,7,2,0,0,10,5,9,16,3,19,11,10,5,3,0,7,19,18,1,4,12,9,15,18,7,7,0,3,18,11,1,9,16,19,11,19,2,0,7,16,15,6,6,1,10,11,2,3,5,6,13,15,2,2,19,11,10,13,0,15,11,10,10,3,3,7,11,15,19,11,6,0,0,1,3,19,5,9,9,13,3,10,2,13,6,3,0,10,2,19,19,1,5,19,10,5,3,1,0,0,0,0,0,0,0,0,0,0,0,0,0,0,0,0,0,0,0,0,0,0,0,0,0,0,0,0,0,0,0,0,0,0,0,0,0,0,0,0,0,0,0,0,0,0,0,0,0,0,0,0,0,0,0,0,0",-0.14265364,0.046361025,3.0,0.6349901,67.626724,0.7298071,1.0,0.7298071,0.11893011,0.6349901,0.0,0.0,0.6349901,0.009295291,0.9353724,0.11893011,3.3656347,1.3819126,67.626724,-0.14265364,1.8167255,198.16685,0.5401732,0.5401732,1.0,198.16685,0.83066475,0.0646276,3.3656347,0.009295291,0.7298071,0.046361025,0.0,1.3819126,1.8167255,0.5401732,0.14265364,0.0,0.7298071,0.14265364,0.8864255,0.5401732,1.0,0.6349901,lookahead,beam_orig0_bm2-s0to100br3-s100to200br0-s200to300br2-s300to400br2
/work/T-REX/external/Proteina-Complexa/inference/search_binder_local_pipeline_32_PDL1_ALPHA_REPACK_v7_r003_cand_v7r003_hyp_0003_01_002_a33ac9851a300/job_0_n_229_id_62_beam_orig1_bm2-s0to100br1-s100to200br3-s200to300br1-s300to400br2/job_0_n_229_id_62_beam_orig1_bm2-s0to100br1-s100to200br3-s200to300br1-s300to400br2.pdb,249,"2,0,13,16,19,16,19,14,11,3,10,18,19,19,6,18,7,15,2,12,16,9,6,4,11,13,14,19,6,11,5,10,3,10,0,0,10,9,19,18,17,6,12,6,3,11,2,9,9,5,13,19,8,7,6,6,3,10,11,19,5,8,15,15,18,1,5,1,0,1,10,10,11,3,5,10,15,10,7,2,0,0,10,5,9,16,3,19,11,10,5,3,0,7,19,18,1,4,12,9,15,18,7,7,0,3,18,11,1,9,16,19,11,19,2,0,0,13,16,19,16,19,14,11,3,10,18,19,19,6,18,7,15,2,12,16,9,6,4,11,13,14,19,6,11,5,10,3,10,0,0,10,9,19,18,17,6,12,6,3,11,2,9,9,5,13,19,8,7,6,6,3,10,11,19,5,8,15,15,18,1,5,1,0,1,10,10,11,3,5,10,15,10,7,2,0,0,10,5,9,16,3,19,11,10,5,3,0,7,19,18,1,4,12,9,15,18,7,7,0,3,18,11,1,9,16,19,11,19,0,0,0,0",-0.516442,0.28804746,3.0,0.050324693,61.66553,0.05267977,1.0,0.05267977,0.30589023,0.012945754,0.0,0.0,0.050324693,0.0017153515,0.861556,0.30589023,4.9469657,1.2691385,61.66553,-0.516442,3.8237536,198.49962,0.012541356,0.047969617,1.0,198.49962,0.2685832,0.13844402,4.9469657,0.0017153515,0.013350154,0.28804746,0.0,1.2691385,3.8237536,0.012541356,0.516442,0.0,0.013350154,0.516442,0.59181035,0.047969617,1.0,0.012945754,lookahead,beam_orig1_bm2-s0to100br1-s100to200br3-s200to300br1-s300to400br2
/work/T-REX/external/Proteina-Complexa/inference/search_binder_local_pipeline_32_PDL1_ALPHA_REPACK_v7_r003_cand_v7r003_hyp_0003_01_002_a33ac9851a300/job_0_n_233_id_62_beam_orig2_bm0-s0to100br2-s100to200br0-s200to300br0-s300to400br2/job_0_n_233_id_62_beam_orig2_bm0-s0to100br2-s100to200br0-s200to300br0-s300to400br2.pdb,250,"2,0,13,16,19,16,19,14,11,3,10,18,19,19,6,18,7,15,2,12,16,9,6,4,11,13,14,19,6,11,5,10,3,10,0,0,10,9,19,18,17,6,12,6,3,11,2,9,9,5,13,19,8,7,6,6,3,10,11,19,5,8,15,15,18,1,5,1,0,1,10,10,11,3,5,10,15,10,7,2,0,0,10,5,9,16,3,19,11,10,5,3,0,7,19,18,1,4,12,9,15,18,7,7,0,3,18,11,1,9,16,19,11,19,2,0,0,13,16,19,16,19,14,11,3,10,18,19,19,6,18,7,15,2,12,16,9,6,4,11,13,14,19,6,11,5,10,3,10,0,0,10,9,19,18,17,6,12,6,3,11,2,9,9,5,13,19,8,7,6,6,3,10,11,19,5,8,15,15,18,1,5,1,0,1,10,10,11,3,5,10,15,10,7,2,0,0,10,5,9,16,3,19,11,10,5,3,0,7,19,18,1,4,12,9,15,18,7,7,0,3,18,11,1,9,16,19,11,19,2,0,14,0",-0.5203799,0.2893884,3.0,0.050734438,54.37954,0.05278737,1.0,0.05278737,0.3079118,0.0128771085,0.0,0.0,0.050734438,0.002569051,0.86206686,0.3079118,4.200295,1.2722846,54.37954,-0.5203799,3.90214,196.43121,0.012594715,0.04868151,1.0,196.43121,0.26852757,0.13793316,4.200295,0.002569051,0.013159502,0.2893884,0.0,1.2722846,3.90214,0.012594715,0.5203799,0.0,0.013159502,0.5203799,0.5918306,0.04868151,1.0,0.0128771085,lookahead,beam_orig2_bm0-s0to100br2-s100to200br0-s200to300br0-s300to400br2
/work/T-REX/external/Proteina-Complexa/inference/search_binder_local_pipeline_32_PDL1_ALPHA_REPACK_v7_r003_cand_v7r003_hyp_0003_01_002_a33ac9851a300/job_0_n_180_id_62_beam_orig3_bm2-s0to100br2-s100to200br2-s200to300br1-s300to400br2/job_0_n_180_id_62_beam_orig3_bm2-s0to100br2-s100to200br2-s200to300br1-s300to400br2.pdb,251,"2,0,13,16,19,16,19,14,11,3,10,18,19,19,6,18,7,15,2,12,16,9,6,4,11,13,14,19,6,11,5,10,3,10,0,0,10,9,19,18,17,6,12,6,3,11,2,9,9,5,13,19,8,7,6,6,3,10,11,19,5,8,15,15,18,1,5,1,0,1,10,10,11,3,5,10,15,10,7,2,0,0,10,5,9,16,3,19,11,10,5,3,0,7,19,18,1,4,12,9,15,18,7,7,0,3,18,11,1,9,16,19,11,19,2,0,15,6,6,6,10,5,10,0,10,10,1,6,11,6,0,11,6,6,6,11,0,7,2,10,6,6,0,15,11,11,18,11,6,0,0,11,9,18,12,11,9,7,2,13,3,6,0,7,11,12,10,3,11,0,11,11,9,6,6,11,9,11,11,5,0,0,0,0,0,0,0,0,0,0,0,0,0,0,0,0,0,0,0,0,0,0,0,0,0,0,0,0,0,0,0,0,0,0,0,0,0,0,0,0,0,0,0,0,0,0,0,0,0,0,0,0,0",-0.15808207,0.048507933,3.0,0.5685478,41.103825,0.6596269,1.0,0.6596269,0.12593052,0.5685478,0.0,0.0,0.5685478,0.0031594858,0.94789827,0.12593052,2.5732718,1.277666,41.103825,-0.15808207,1.8640063,137.67114,0.47746864,0.47746864,1.0,137.67114,0.81737417,0.052101724,2.5732718,0.0031594858,0.6596269,0.048507933,0.0,1.277666,1.8640063,0.47746864,0.15808207,0.0,0.6596269,0.15808207,0.87111783,0.47746864,1.0,0.5685478,lookahead,beam_orig3_bm2-s0to100br2-s100to200br2-s200to300br1-s300to400br2
/work/T-REX/external/Proteina-Complexa/inference/search_binder_local_pipeline_32_PDL1_ALPHA_REPACK_v7_r003_cand_v7r003_hyp_0003_01_002_a33ac9851a300/job_0_n_176_id_63_beam_orig0_bm2-s0to100br3-s100to200br0-s200to300br2-s300to400br3/job_0_n_176_id_63_beam_orig0_bm2-s0to100br3-s100to200br0-s200to300br2-s300to400br3.pdb,252,"2,0,13,16,19,16,19,14,11,3,10,18,19,19,6,18,7,15,2,12,16,9,6,4,11,13,14,19,6,11,5,10,3,10,0,0,10,9,19,18,17,6,12,6,3,11,2,9,9,5,13,19,8,7,6,6,3,10,11,19,5,8,15,15,18,1,5,1,0,1,10,10,11,3,5,10,15,10,7,2,0,0,10,5,9,16,3,19,11,10,5,3,0,7,19,18,1,4,12,9,15,18,7,7,0,3,18,11,1,9,16,19,11,19,2,0,7,16,15,6,6,1,10,11,2,3,5,6,13,15,2,2,19,11,10,13,0,15,11,10,10,3,3,7,11,15,19,11,6,0,0,1,3,19,5,9,9,13,3,10,2,13,6,3,0,10,2,19,19,1,5,19,10,5,3,1,0,0,0,0,0,0,0,0,0,0,0,0,0,0,0,0,0,0,0,0,0,0,0,0,0,0,0,0,0,0,0,0,0,0,0,0,0,0,0,0,0,0,0,0,0,0,0,0,0,0,0,0,0,0,0,0,0",-0.14270988,0.046253145,3.0,0.6342633,66.484184,0.7288954,1.0,0.7288954,0.11891825,0.6342633,0.0,0.0,0.6342633,0.0091211805,0.9354236,0.11891825,3.274469,1.3821038,66.484184,-0.14270988,1.8167993,194.7449,0.5396312,0.5396312,1.0,194.7449,0.83039224,0.0645764,3.274469,0.0091211805,0.7288954,0.046253145,0.0,1.3821038,1.8167993,0.5396312,0.14270988,0.0,0.7288954,0.14270988,0.88636065,0.5396312,1.0,0.6342633,lookahead,beam_orig0_bm2-s0to100br3-s100to200br0-s200to300br2-s300to400br3
/work/T-REX/external/Proteina-Complexa/inference/search_binder_local_pipeline_32_PDL1_ALPHA_REPACK_v7_r003_cand_v7r003_hyp_0003_01_002_a33ac9851a300/job_0_n_229_id_63_beam_orig1_bm2-s0to100br1-s100to200br3-s200to300br1-s300to400br3/job_0_n_229_id_63_beam_orig1_bm2-s0to100br1-s100to200br3-s200to300br1-s300to400br3.pdb,253,"2,0,13,16,19,16,19,14,11,3,10,18,19,19,6,18,7,15,2,12,16,9,6,4,11,13,14,19,6,11,5,10,3,10,0,0,10,9,19,18,17,6,12,6,3,11,2,9,9,5,13,19,8,7,6,6,3,10,11,19,5,8,15,15,18,1,5,1,0,1,10,10,11,3,5,10,15,10,7,2,0,0,10,5,9,16,3,19,11,10,5,3,0,7,19,18,1,4,12,9,15,18,7,7,0,3,18,11,1,9,16,19,11,19,2,0,0,13,16,19,16,19,14,11,3,10,18,19,19,6,18,7,15,2,12,16,9,6,4,11,13,14,19,6,11,5,10,3,10,0,0,10,9,19,18,17,6,12,6,3,11,2,9,9,5,13,19,8,7,6,6,3,10,11,19,5,8,15,15,18,1,5,1,0,1,10,10,11,3,5,10,15,10,7,2,0,0,10,5,9,16,3,19,11,10,5,3,0,7,19,18,1,4,12,9,15,18,7,7,0,3,18,11,1,9,16,19,11,19,0,0,0,0",-0.5198285,0.29186141,3.0,0.04887463,58.743862,0.051247273,1.0,0.051247273,0.30763802,0.012582591,0.0,0.0,0.04887463,0.0017802832,0.86212945,0.30763802,4.7917585,1.2719384,58.743862,-0.5198285,3.8368793,195.8415,0.012183577,0.046501994,1.0,195.8415,0.26804233,0.13787058,4.7917585,0.0017802832,0.012981605,0.29186141,0.0,1.2719384,3.8368793,0.012183577,0.5198285,0.0,0.012981605,0.5198285,0.59135056,0.046501994,1.0,0.012582591,lookahead,beam_orig1_bm2-s0to100br1-s100to200br3-s200to300br1-s300to400br3
/work/T-REX/external/Proteina-Complexa/inference/search_binder_local_pipeline_32_PDL1_ALPHA_REPACK_v7_r003_cand_v7r003_hyp_0003_01_002_a33ac9851a300/job_0_n_233_id_63_beam_orig2_bm0-s0to100br2-s100to200br0-s200to300br0-s300to400br3/job_0_n_233_id_63_beam_orig2_bm0-s0to100br2-s100to200br0-s200to300br0-s300to400br3.pdb,254,"2,0,13,16,19,16,19,14,11,3,10,18,19,19,6,18,7,15,2,12,16,9,6,4,11,13,14,19,6,11,5,10,3,10,0,0,10,9,19,18,17,6,12,6,3,11,2,9,9,5,13,19,8,7,6,6,3,10,11,19,5,8,15,15,18,1,5,1,0,1,10,10,11,3,5,10,15,10,7,2,0,0,10,5,9,16,3,19,11,10,5,3,0,7,19,18,1,4,12,9,15,18,7,7,0,3,18,11,1,9,16,19,11,19,2,0,0,13,16,19,16,19,14,11,3,10,18,19,19,6,18,7,15,2,12,16,9,6,4,11,13,14,19,6,11,5,10,3,10,0,0,10,9,19,18,17,6,12,6,3,11,2,9,9,5,13,19,8,7,6,6,3,10,11,19,5,8,15,15,18,1,5,1,0,1,10,10,11,3,5,10,15,10,7,2,0,0,10,5,9,16,3,19,11,10,5,3,0,7,19,18,1,4,12,9,15,18,7,7,0,3,18,11,1,9,16,19,11,19,2,0,14,0",-0.53012234,0.29550555,3.0,0.045654595,55.117638,0.0477405,1.0,0.0477405,0.31312042,0.012331,0.0,0.0,0.045654595,0.0025723558,0.86112034,0.31312042,4.245273,1.2782185,55.117638,-0.53012234,3.9296615,196.18987,0.012115866,0.043568686,1.0,196.18987,0.260333,0.13887966,4.245273,0.0025723558,0.012546132,0.29550555,0.0,1.2782185,3.9296615,0.012115866,0.53012234,0.0,0.012546132,0.53012234,0.58676374,0.043568686,1.0,0.012331,lookahead,beam_orig2_bm0-s0to100br2-s100to200br0-s200to300br0-s300to400br3
/work/T-REX/external/Proteina-Complexa/inference/search_binder_local_pipeline_32_PDL1_ALPHA_REPACK_v7_r003_cand_v7r003_hyp_0003_01_002_a33ac9851a300/job_0_n_180_id_63_beam_orig3_bm2-s0to100br2-s100to200br2-s200to300br1-s300to400br3/job_0_n_180_id_63_beam_orig3_bm2-s0to100br2-s100to200br2-s200to300br1-s300to400br3.pdb,255,"2,0,13,16,19,16,19,14,11,3,10,18,19,19,6,18,7,15,2,12,16,9,6,4,11,13,14,19,6,11,5,10,3,10,0,0,10,9,19,18,17,6,12,6,3,11,2,9,9,5,13,19,8,7,6,6,3,10,11,19,5,8,15,15,18,1,5,1,0,1,10,10,11,3,5,10,15,10,7,2,0,0,10,5,9,16,3,19,11,10,5,3,0,7,19,18,1,4,12,9,15,18,7,7,0,3,18,11,1,9,16,19,11,19,2,0,15,6,6,6,10,5,10,0,10,10,1,6,11,6,0,11,6,6,6,11,0,7,2,10,6,6,0,15,11,11,18,11,6,0,0,11,9,18,12,11,9,7,2,13,3,6,0,7,11,12,10,3,11,0,11,11,9,6,6,11,9,11,11,5,0,0,0,0,0,0,0,0,0,0,0,0,0,0,0,0,0,0,0,0,0,0,0,0,0,0,0,0,0,0,0,0,0,0,0,0,0,0,0,0,0,0,0,0,0,0,0,0,0,0,0,0,0",-0.15916601,0.048588265,3.0,0.5651634,40.487045,0.6556724,1.0,0.6556724,0.12673865,0.5651634,0.0,0.0,0.5651634,0.0032035504,0.94745344,0.12673865,2.56978,1.2813613,40.487045,-0.15916601,1.8678527,138.70241,0.47465432,0.47465432,1.0,138.70241,0.81674623,0.05254654,2.56978,0.0032035504,0.6556724,0.048588265,0.0,1.2813613,1.8678527,0.47465432,0.15916601,0.0,0.6556724,0.15916601,0.8706113,0.47465432,1.0,0.5651634,lookahead,beam_orig3_bm2-s0to100br2-s100to200br2-s200to300br1-s300to400br3
/work/T-REX/external/Proteina-Complexa/inference/search_binder_local_pipeline_32_PDL1_ALPHA_REPACK_v7_r003_cand_v7r003_hyp_0003_01_002_a33ac9851a300/job_0_n_176_id_64_beam_orig0_bm2-s0to100br3-s100to200br0-s200to300br0-s300to400br1/job_0_n_176_id_64_beam_orig0_bm2-s0to100br3-s100to200br0-s200to300br0-s300to400br1.pdb,256,"2,0,13,16,19,16,19,14,11,3,10,18,19,19,6,18,7,15,2,12,16,9,6,4,11,13,14,19,6,11,5,10,3,10,0,0,10,9,19,18,17,6,12,6,3,11,2,9,9,5,13,19,8,7,6,6,3,10,11,19,5,8,15,15,18,1,5,1,0,1,10,10,11,3,5,10,15,10,7,2,0,0,10,5,9,16,3,19,11,10,5,3,0,7,19,18,1,4,12,9,15,18,7,7,0,3,18,11,1,9,16,19,11,19,2,0,19,16,15,6,6,1,10,11,16,3,6,6,13,15,2,2,19,11,6,13,0,15,11,10,10,3,3,6,11,15,19,0,6,0,0,1,3,19,5,9,19,13,3,10,2,13,6,3,0,10,2,19,19,11,5,19,10,11,3,1,0,0,0,0,0,0,0,0,0,0,0,0,0,0,0,0,0,0,0,0,0,0,0,0,0,0,0,0,0,0,0,0,0,0,0,0,0,0,0,0,0,0,0,0,0,0,0,0,0,0,0,0,0,0,0,0,0",-0.13809709,0.043652024,3.0,0.63113403,65.11912,0.7300121,1.0,0.7300121,0.11384395,0.63113403,0.0,0.0,0.63113403,0.0045541935,0.9430185,0.11384395,3.380191,1.3458469,65.11912,-0.13809709,1.7766615,200.78699,0.5322559,0.5322559,1.0,200.78699,0.8346368,0.056981497,3.380191,0.0045541935,0.7300121,0.043652024,0.0,1.3458469,1.7766615,0.5322559,0.13809709,0.0,0.7300121,0.13809709,0.8882996,0.5322559,1.0,0.63113403,final,beam_orig0_bm2-s0to100br3-s100to200br0-s200to300br0-s300to400br1
/work/T-REX/external/Proteina-Complexa/inference/search_binder_local_pipeline_32_PDL1_ALPHA_REPACK_v7_r003_cand_v7r003_hyp_0003_01_002_a33ac9851a300/job_0_n_176_id_65_beam_orig0_bm2-s0to100br3-s100to200br0-s200to300br0-s300to400br3/job_0_n_176_id_65_beam_orig0_bm2-s0to100br3-s100to200br0-s200to300br0-s300to400br3.pdb,257,"2,0,13,16,19,16,19,14,11,3,10,18,19,19,6,18,7,15,2,12,16,9,6,4,11,13,14,19,6,11,5,10,3,10,0,0,10,9,19,18,17,6,12,6,3,11,2,9,9,5,13,19,8,7,6,6,3,10,11,19,5,8,15,15,18,1,5,1,0,1,10,10,11,3,5,10,15,10,7,2,0,0,10,5,9,16,3,19,11,10,5,3,0,7,19,18,1,4,12,9,15,18,7,7,0,3,18,11,1,9,16,19,11,19,2,0,19,16,15,6,6,1,10,11,16,3,6,6,13,15,2,2,19,11,6,13,0,15,11,10,10,3,3,6,11,15,19,0,6,0,0,1,3,19,5,9,19,13,3,10,2,13,6,3,0,10,2,19,19,11,5,19,10,11,3,1,0,0,0,0,0,0,0,0,0,0,0,0,0,0,0,0,0,0,0,0,0,0,0,0,0,0,0,0,0,0,0,0,0,0,0,0,0,0,0,0,0,0,0,0,0,0,0,0,0,0,0,0,0,0,0,0,0",-0.13820066,0.04393391,3.0,0.63171923,63.894897,0.73091394,1.0,0.73091394,0.1139578,0.63171923,0.0,0.0,0.63171923,0.004513141,0.94283414,0.1139578,3.3304327,1.3480494,63.894897,-0.13820066,1.7766914,198.36626,0.53252447,0.53252447,1.0,198.36626,0.834998,0.05716585,3.3304327,0.004513141,0.73091394,0.04393391,0.0,1.3480494,1.7766914,0.53252447,0.13820066,0.0,0.73091394,0.13820066,0.8885556,0.53252447,1.0,0.63171923,final,beam_orig0_bm2-s0to100br3-s100to200br0-s200to300br0-s300to400br3
/work/T-REX/external/Proteina-Complexa/inference/search_binder_local_pipeline_32_PDL1_ALPHA_REPACK_v7_r003_cand_v7r003_hyp_0003_01_002_a33ac9851a300/job_0_n_176_id_66_beam_orig0_bm2-s0to100br3-s100to200br0-s200to300br0-s300to400br0/job_0_n_176_id_66_beam_orig0_bm2-s0to100br3-s100to200br0-s200to300br0-s300to400br0.pdb,258,"2,0,13,16,19,16,19,14,11,3,10,18,19,19,6,18,7,15,2,12,16,9,6,4,11,13,14,19,6,11,5,10,3,10,0,0,10,9,19,18,17,6,12,6,3,11,2,9,9,5,13,19,8,7,6,6,3,10,11,19,5,8,15,15,18,1,5,1,0,1,10,10,11,3,5,10,15,10,7,2,0,0,10,5,9,16,3,19,11,10,5,3,0,7,19,18,1,4,12,9,15,18,7,7,0,3,18,11,1,9,16,19,11,19,2,0,19,16,15,6,6,1,10,11,16,3,6,6,13,15,2,2,19,11,6,13,0,15,11,10,10,3,3,6,11,15,19,0,6,0,0,1,3,19,5,9,19,13,3,10,2,13,6,3,0,10,2,19,19,11,5,19,10,11,3,1,0,0,0,0,0,0,0,0,0,0,0,0,0,0,0,0,0,0,0,0,0,0,0,0,0,0,0,0,0,0,0,0,0,0,0,0,0,0,0,0,0,0,0,0,0,0,0,0,0,0,0,0,0,0,0,0,0",-0.13820976,0.043876648,3.0,0.63168085,63.30171,0.7303605,1.0,0.7303605,0.11401777,0.63168085,0.0,0.0,0.63168085,0.0045330646,0.94280195,0.11401777,3.3907857,1.3482203,63.30171,-0.13820976,1.7777805,198.79434,0.53300124,0.53300124,1.0,198.79434,0.83520776,0.057198025,3.3907857,0.0045330646,0.7303605,0.043876648,0.0,1.3482203,1.7777805,0.53300124,0.13820976,0.0,0.7303605,0.13820976,0.88879275,0.53300124,1.0,0.63168085,final,beam_orig0_bm2-s0to100br3-s100to200br0-s200to300br0-s300to400br0
/work/T-REX/external/Proteina-Complexa/inference/search_binder_local_pipeline_32_PDL1_ALPHA_REPACK_v7_r003_cand_v7r003_hyp_0003_01_002_a33ac9851a300/job_0_n_176_id_67_beam_orig0_bm2-s0to100br3-s100to200br0-s200to300br0-s300to400br2/job_0_n_176_id_67_beam_orig0_bm2-s0to100br3-s100to200br0-s200to300br0-s300to400br2.pdb,259,"2,0,13,16,19,16,19,14,11,3,10,18,19,19,6,18,7,15,2,12,16,9,6,4,11,13,14,19,6,11,5,10,3,10,0,0,10,9,19,18,17,6,12,6,3,11,2,9,9,5,13,19,8,7,6,6,3,10,11,19,5,8,15,15,18,1,5,1,0,1,10,10,11,3,5,10,15,10,7,2,0,0,10,5,9,16,3,19,11,10,5,3,0,7,19,18,1,4,12,9,15,18,7,7,0,3,18,11,1,9,16,19,11,19,2,0,19,16,15,6,6,1,10,11,16,3,6,6,13,15,2,2,19,11,6,13,0,15,11,10,10,3,3,6,11,15,19,0,6,0,0,1,3,19,5,9,19,13,3,10,2,13,6,3,0,10,2,19,19,11,5,19,10,11,3,1,0,0,0,0,0,0,0,0,0,0,0,0,0,0,0,0,0,0,0,0,0,0,0,0,0,0,0,0,0,0,0,0,0,0,0,0,0,0,0,0,0,0,0,0,0,0,0,0,0,0,0,0,0,0,0,0,0",-0.13792466,0.043607224,3.0,0.6323998,62.16903,0.7306453,1.0,0.7306453,0.11371523,0.6323998,0.0,0.0,0.6323998,0.004501473,0.94316703,0.11371523,3.3479187,1.3457345,62.16903,-0.13792466,1.7742314,196.57214,0.53415424,0.53415424,1.0,196.57214,0.8356458,0.056832977,3.3479187,0.004501473,0.7306453,0.043607224,0.0,1.3457345,1.7742314,0.53415424,0.13792466,0.0,0.7306453,0.13792466,0.88883877,0.53415424,1.0,0.6323998,final,beam_orig0_bm2-s0to100br3-s100to200br0-s200to300br0-s300to400br2
/work/T-REX/external/Proteina-Complexa/inference/search_binder_local_pipeline_32_PDL1_ALPHA_REPACK_v7_r003_cand_v7r003_hyp_0003_01_002_a33ac9851a300/job_0_n_229_id_64_beam_orig1_bm2-s0to100br1-s100to200br0-s200to300br2-s300to400br3/job_0_n_229_id_64_beam_orig1_bm2-s0to100br1-s100to200br0-s200to300br2-s300to400br3.pdb,260,"2,0,13,16,19,16,19,14,11,3,10,18,19,19,6,18,7,15,2,12,16,9,6,4,11,13,14,19,6,11,5,10,3,10,0,0,10,9,19,18,17,6,12,6,3,11,2,9,9,5,13,19,8,7,6,6,3,10,11,19,5,8,15,15,18,1,5,1,0,1,10,10,11,3,5,10,15,10,7,2,0,0,10,5,9,16,3,19,11,10,5,3,0,7,19,18,1,4,12,9,15,18,7,7,0,3,18,11,1,9,16,19,11,19,2,0,0,13,16,19,16,19,14,11,3,10,18,19,19,6,18,7,15,2,12,16,9,6,4,11,13,14,19,6,11,5,10,3,10,0,0,10,9,19,18,17,6,12,6,3,11,2,9,9,5,13,19,8,7,6,6,3,10,11,19,5,8,15,15,18,1,5,1,0,1,10,10,11,3,5,10,15,10,7,2,0,0,10,5,9,16,3,19,11,10,5,3,0,7,19,18,1,4,12,9,15,18,7,7,0,3,18,11,1,9,16,19,11,19,0,0,0,0",-0.5148711,0.2880767,3.0,0.050447308,57.6388,0.05326103,1.0,0.05326103,0.3052465,0.012669173,0.0,0.0,0.050447308,0.0017897165,0.86132634,0.3052465,4.8549404,1.2731497,57.6388,-0.5148711,3.8230896,201.44722,0.012481313,0.047633585,1.0,201.44722,0.27048254,0.1386737,4.8549404,0.0017897165,0.012857033,0.2880767,0.0,1.2731497,3.8230896,0.012481313,0.5148711,0.0,0.012857033,0.5148711,0.5926876,0.047633585,1.0,0.012669173,final,beam_orig1_bm2-s0to100br1-s100to200br0-s200to300br2-s300to400br3
/work/T-REX/external/Proteina-Complexa/inference/search_binder_local_pipeline_32_PDL1_ALPHA_REPACK_v7_r003_cand_v7r003_hyp_0003_01_002_a33ac9851a300/job_0_n_229_id_65_beam_orig1_bm2-s0to100br1-s100to200br0-s200to300br1-s300to400br1/job_0_n_229_id_65_beam_orig1_bm2-s0to100br1-s100to200br0-s200to300br1-s300to400br1.pdb,261,"2,0,13,16,19,16,19,14,11,3,10,18,19,19,6,18,7,15,2,12,16,9,6,4,11,13,14,19,6,11,5,10,3,10,0,0,10,9,19,18,17,6,12,6,3,11,2,9,9,5,13,19,8,7,6,6,3,10,11,19,5,8,15,15,18,1,5,1,0,1,10,10,11,3,5,10,15,10,7,2,0,0,10,5,9,16,3,19,11,10,5,3,0,7,19,18,1,4,12,9,15,18,7,7,0,3,18,11,1,9,16,19,11,19,2,0,0,13,16,19,16,19,14,11,3,10,18,19,19,6,18,7,15,2,12,16,9,6,4,11,13,14,19,6,11,5,10,3,10,0,0,10,9,19,18,17,6,12,6,3,11,2,9,9,5,13,19,8,7,6,6,3,10,11,19,5,8,15,15,18,1,5,1,0,1,10,10,11,3,5,10,15,10,7,2,0,0,10,5,9,16,3,19,11,10,5,3,0,7,19,18,1,4,12,9,15,18,7,7,0,3,18,11,1,9,16,19,11,19,0,0,0,0",-0.5123234,0.28363508,3.0,0.0511425,59.857674,0.05375346,1.0,0.05375346,0.303518,0.012955042,0.0,0.0,0.0511425,0.00173887,0.86220753,0.303518,5.111713,1.2612691,59.857674,-0.5123234,3.8079176,198.53384,0.012666937,0.048531536,1.0,198.53384,0.27046847,0.13779248,5.111713,0.00173887,0.013243146,0.28363508,0.0,1.2612691,3.8079176,0.012666937,0.5123234,0.0,0.013243146,0.5123234,0.5924825,0.048531536,1.0,0.012955042,final,beam_orig1_bm2-s0to100br1-s100to200br0-s200to300br1-s300to400br1
/work/T-REX/external/Proteina-Complexa/inference/search_binder_local_pipeline_32_PDL1_ALPHA_REPACK_v7_r003_cand_v7r003_hyp_0003_01_002_a33ac9851a300/job_0_n_229_id_66_beam_orig1_bm2-s0to100br1-s100to200br0-s200to300br1-s300to400br2/job_0_n_229_id_66_beam_orig1_bm2-s0to100br1-s100to200br0-s200to300br1-s300to400br2.pdb,262,"2,0,13,16,19,16,19,14,11,3,10,18,19,19,6,18,7,15,2,12,16,9,6,4,11,13,14,19,6,11,5,10,3,10,0,0,10,9,19,18,17,6,12,6,3,11,2,9,9,5,13,19,8,7,6,6,3,10,11,19,5,8,15,15,18,1,5,1,0,1,10,10,11,3,5,10,15,10,7,2,0,0,10,5,9,16,3,19,11,10,5,3,0,7,19,18,1,4,12,9,15,18,7,7,0,3,18,11,1,9,16,19,11,19,2,0,0,13,16,19,16,19,14,11,3,10,18,19,19,6,18,7,15,2,12,16,9,6,4,11,13,14,19,6,11,5,10,3,10,0,0,10,9,19,18,17,6,12,6,3,11,2,9,9,5,13,19,8,7,6,6,3,10,11,19,5,8,15,15,18,1,5,1,0,1,10,10,11,3,5,10,15,10,7,2,0,0,10,5,9,16,3,19,11,10,5,3,0,7,19,18,1,4,12,9,15,18,7,7,0,3,18,11,1,9,16,19,11,19,0,0,0,0",-0.51566803,0.2886761,3.0,0.0503011,56.28119,0.053023625,1.0,0.053023625,0.3053154,0.012793903,0.0,0.0,0.0503011,0.0017815791,0.8623456,0.3053154,4.8701854,1.2654517,56.28119,-0.51566803,3.8253806,194.44626,0.012527252,0.047578577,1.0,194.44626,0.27045664,0.13765441,4.8701854,0.0017815791,0.013060555,0.2886761,0.0,1.2654517,3.8253806,0.012527252,0.51566803,0.0,0.013060555,0.51566803,0.5925317,0.047578577,1.0,0.012793903,final,beam_orig1_bm2-s0to100br1-s100to200br0-s200to300br1-s300to400br2
/work/T-REX/external/Proteina-Complexa/inference/search_binder_local_pipeline_32_PDL1_ALPHA_REPACK_v7_r003_cand_v7r003_hyp_0003_01_002_a33ac9851a300/job_0_n_229_id_67_beam_orig1_bm2-s0to100br1-s100to200br0-s200to300br2-s300to400br1/job_0_n_229_id_67_beam_orig1_bm2-s0to100br1-s100to200br0-s200to300br2-s300to400br1.pdb,263,"2,0,13,16,19,16,19,14,11,3,10,18,19,19,6,18,7,15,2,12,16,9,6,4,11,13,14,19,6,11,5,10,3,10,0,0,10,9,19,18,17,6,12,6,3,11,2,9,9,5,13,19,8,7,6,6,3,10,11,19,5,8,15,15,18,1,5,1,0,1,10,10,11,3,5,10,15,10,7,2,0,0,10,5,9,16,3,19,11,10,5,3,0,7,19,18,1,4,12,9,15,18,7,7,0,3,18,11,1,9,16,19,11,19,2,0,0,13,16,19,16,19,14,11,3,10,18,19,19,6,18,7,15,2,12,16,9,6,4,11,13,14,19,6,11,5,10,3,10,0,0,10,9,19,18,17,6,12,6,3,11,2,9,9,5,13,19,8,7,6,6,3,10,11,19,5,8,15,15,18,1,5,1,0,1,10,10,11,3,5,10,15,10,7,2,0,0,10,5,9,16,3,19,11,10,5,3,0,7,19,18,1,4,12,9,15,18,7,7,0,3,18,11,1,9,16,19,11,19,0,0,0,0",-0.51513517,0.28800967,3.0,0.050744496,58.61982,0.053956144,1.0,0.053956144,0.30542058,0.012884966,0.0,0.0,0.050744496,0.0017998113,0.86128235,0.30542058,4.920884,1.2717781,58.61982,-0.51513517,3.8254614,200.17838,0.012558185,0.04753285,1.0,200.17838,0.2708744,0.13871768,4.920884,0.0017998113,0.013211748,0.28800967,0.0,1.2717781,3.8254614,0.012558185,0.51513517,0.0,0.013211748,0.51513517,0.5926442,0.04753285,1.0,0.012884966,final,beam_orig1_bm2-s0to100br1-s100to200br0-s200to300br2-s300to400br1
/work/T-REX/external/Proteina-Complexa/inference/search_binder_local_pipeline_32_PDL1_ALPHA_REPACK_v7_r003_cand_v7r003_hyp_0003_01_002_a33ac9851a300/job_0_n_233_id_64_beam_orig2_bm1-s0to100br2-s100to200br1-s200to300br1-s300to400br3/job_0_n_233_id_64_beam_orig2_bm1-s0to100br2-s100to200br1-s200to300br1-s300to400br3.pdb,264,"2,0,13,16,19,16,19,14,11,3,10,18,19,19,6,18,7,15,2,12,16,9,6,4,11,13,14,19,6,11,5,10,3,10,0,0,10,9,19,18,17,6,12,6,3,11,2,9,9,5,13,19,8,7,6,6,3,10,11,19,5,8,15,15,18,1,5,1,0,1,10,10,11,3,5,10,15,10,7,2,0,0,10,5,9,16,3,19,11,10,5,3,0,7,19,18,1,4,12,9,15,18,7,7,0,3,18,11,1,9,16,19,11,19,2,0,2,0,13,16,19,16,19,14,11,3,10,18,19,19,6,18,7,15,2,12,16,9,6,4,11,13,14,19,6,11,5,10,3,10,0,0,10,9,19,18,17,6,12,6,3,11,2,9,9,5,13,19,8,7,6,6,3,10,11,19,5,8,15,15,18,1,5,1,0,1,10,10,11,3,5,10,15,10,7,2,0,0,10,5,9,16,3,19,11,10,5,3,0,7,19,18,1,4,12,9,15,18,7,7,0,3,18,11,1,9,16,19,11,19,2,0,14",-0.51179755,0.2769315,3.0,0.05356092,78.65561,0.05606595,1.0,0.05606595,0.3042824,0.013241399,0.0,0.0,0.05356092,0.0027401408,0.8585166,0.3042824,3.188969,1.2845957,78.65561,-0.51179755,3.855225,211.64545,0.0132314,0.051055893,1.0,211.64545,0.26948395,0.14148341,3.188969,0.0027401408,0.013251399,0.2769315,0.0,1.2845957,3.855225,0.0132314,0.51179755,0.0,0.013251399,0.51179755,0.59050715,0.051055893,1.0,0.013241399,final,beam_orig2_bm1-s0to100br2-s100to200br1-s200to300br1-s300to400br3
/work/T-REX/external/Proteina-Complexa/inference/search_binder_local_pipeline_32_PDL1_ALPHA_REPACK_v7_r003_cand_v7r003_hyp_0003_01_002_a33ac9851a300/job_0_n_233_id_65_beam_orig2_bm2-s0to100br1-s100to200br2-s200to300br3-s300to400br1/job_0_n_233_id_65_beam_orig2_bm2-s0to100br1-s100to200br2-s200to300br3-s300to400br1.pdb,265,"2,0,13,16,19,16,19,14,11,3,10,18,19,19,6,18,7,15,2,12,16,9,6,4,11,13,14,19,6,11,5,10,3,10,0,0,10,9,19,18,17,6,12,6,3,11,2,9,9,5,13,19,8,7,6,6,3,10,11,19,5,8,15,15,18,1,5,1,0,1,10,10,11,3,5,10,15,10,7,2,0,0,10,5,9,16,3,19,11,10,5,3,0,7,19,18,1,4,12,9,15,18,7,7,0,3,18,11,1,9,16,19,11,19,2,0,0,13,16,19,16,19,14,11,3,10,18,19,19,6,18,7,15,2,12,16,9,6,4,11,13,14,19,6,11,5,10,3,10,0,0,10,9,19,18,17,6,12,6,3,11,2,9,9,5,13,19,8,7,6,6,3,10,11,19,5,8,15,15,18,1,5,1,0,1,10,10,11,3,5,10,15,10,7,2,0,0,10,5,9,16,3,19,11,10,5,3,0,7,19,18,1,4,12,9,15,18,7,7,0,3,18,11,1,9,16,19,11,19,2,0,14,15",-0.51776963,0.28775454,3.0,0.051331133,63.010323,0.053331967,1.0,0.053331967,0.30667093,0.012886267,0.0,0.0,0.051331133,0.0031446582,0.8615374,0.30667093,5.1927266,1.2717035,63.010323,-0.51776963,3.8973322,197.13492,0.012777401,0.049330294,1.0,197.13492,0.26892573,0.13846259,5.1927266,0.0031446582,0.012995134,0.28775454,0.0,1.2717035,3.8973322,0.012777401,0.51776963,0.0,0.012995134,0.51776963,0.59183514,0.049330294,1.0,0.012886267,final,beam_orig2_bm2-s0to100br1-s100to200br2-s200to300br3-s300to400br1
/work/T-REX/external/Proteina-Complexa/inference/search_binder_local_pipeline_32_PDL1_ALPHA_REPACK_v7_r003_cand_v7r003_hyp_0003_01_002_a33ac9851a300/job_0_n_233_id_66_beam_orig2_bm1-s0to100br2-s100to200br1-s200to300br1-s300to400br1/job_0_n_233_id_66_beam_orig2_bm1-s0to100br2-s100to200br1-s200to300br1-s300to400br1.pdb,266,"2,0,13,16,19,16,19,14,11,3,10,18,19,19,6,18,7,15,2,12,16,9,6,4,11,13,14,19,6,11,5,10,3,10,0,0,10,9,19,18,17,6,12,6,3,11,2,9,9,5,13,19,8,7,6,6,3,10,11,19,5,8,15,15,18,1,5,1,0,1,10,10,11,3,5,10,15,10,7,2,0,0,10,5,9,16,3,19,11,10,5,3,0,7,19,18,1,4,12,9,15,18,7,7,0,3,18,11,1,9,16,19,11,19,2,0,2,0,13,16,19,16,19,14,11,3,10,18,19,19,6,18,7,15,2,12,16,9,6,4,11,13,14,19,6,11,5,10,3,10,0,0,10,9,19,18,17,6,12,6,3,11,2,9,9,5,13,19,8,7,6,6,3,10,11,19,5,8,15,15,18,1,5,1,0,1,10,10,11,3,5,10,15,10,7,2,0,0,10,5,9,16,3,19,11,10,5,3,0,7,19,18,1,4,12,9,15,18,7,7,0,3,18,11,1,9,16,19,11,19,2,0,14",-0.50996983,0.2759485,3.0,0.05441325,78.22832,0.057492785,1.0,0.057492785,0.3031401,0.013551816,0.0,0.0,0.05441325,0.0027862575,0.8593668,0.3031401,3.0874054,1.2803293,78.22832,-0.50996983,3.849224,207.7603,0.0132302465,0.051333714,1.0,207.7603,0.27191037,0.14063323,3.0874054,0.0027862575,0.013873387,0.2759485,0.0,1.2803293,3.849224,0.0132302465,0.50996983,0.0,0.013873387,0.50996983,0.591508,0.051333714,1.0,0.013551816,final,beam_orig2_bm1-s0to100br2-s100to200br1-s200to300br1-s300to400br1
/work/T-REX/external/Proteina-Complexa/inference/search_binder_local_pipeline_32_PDL1_ALPHA_REPACK_v7_r003_cand_v7r003_hyp_0003_01_002_a33ac9851a300/job_0_n_233_id_67_beam_orig2_bm2-s0to100br1-s100to200br2-s200to300br3-s300to400br0/job_0_n_233_id_67_beam_orig2_bm2-s0to100br1-s100to200br2-s200to300br3-s300to400br0.pdb,267,"2,0,13,16,19,16,19,14,11,3,10,18,19,19,6,18,7,15,2,12,16,9,6,4,11,13,14,19,6,11,5,10,3,10,0,0,10,9,19,18,17,6,12,6,3,11,2,9,9,5,13,19,8,7,6,6,3,10,11,19,5,8,15,15,18,1,5,1,0,1,10,10,11,3,5,10,15,10,7,2,0,0,10,5,9,16,3,19,11,10,5,3,0,7,19,18,1,4,12,9,15,18,7,7,0,3,18,11,1,9,16,19,11,19,2,0,0,13,16,19,16,19,14,11,3,10,18,19,19,6,18,7,15,2,12,16,9,6,4,11,13,14,19,6,11,5,10,3,10,0,0,10,9,19,18,17,6,12,6,3,11,2,9,9,5,13,19,8,7,6,6,3,10,11,19,5,8,15,15,18,1,5,1,0,1,10,10,11,3,5,10,15,10,7,2,0,0,10,5,9,16,3,19,11,10,5,3,0,7,19,18,1,4,12,9,15,18,7,7,0,3,18,11,1,9,16,19,11,19,2,0,14,15",-0.52098334,0.29039094,3.0,0.05006351,63.059933,0.052763678,1.0,0.052763678,0.30832157,0.012770468,0.0,0.0,0.05006351,0.0031514373,0.86127734,0.30832157,5.1370206,1.2733084,63.059933,-0.52098334,3.9063518,195.75035,0.012509061,0.04736334,1.0,195.75035,0.2657772,0.13872263,5.1370206,0.0031514373,0.013031876,0.29039094,0.0,1.2733084,3.9063518,0.012509061,0.52098334,0.0,0.013031876,0.52098334,0.5898982,0.04736334,1.0,0.012770468,final,beam_orig2_bm2-s0to100br1-s100to200br2-s200to300br3-s300to400br0
/work/T-REX/external/Proteina-Complexa/inference/search_binder_local_pipeline_32_PDL1_ALPHA_REPACK_v7_r003_cand_v7r003_hyp_0003_01_002_a33ac9851a300/job_0_n_180_id_64_beam_orig3_bm3-s0to100br1-s100to200br0-s200to300br0-s300to400br0/job_0_n_180_id_64_beam_orig3_bm3-s0to100br1-s100to200br0-s200to300br0-s300to400br0.pdb,268,"2,0,13,16,19,16,19,14,11,3,10,18,19,19,6,18,7,15,2,12,16,9,6,4,11,13,14,19,6,11,5,10,3,10,0,0,10,9,19,18,17,6,12,6,3,11,2,9,9,5,13,19,8,7,6,6,3,10,11,19,5,8,15,15,18,1,5,1,0,1,10,10,11,3,5,10,15,10,7,2,0,0,10,5,9,16,3,19,11,10,5,3,0,7,19,18,1,4,12,9,15,18,7,7,0,3,18,11,1,9,16,19,11,19,2,0,15,10,2,6,5,1,9,11,6,0,15,6,11,13,11,10,2,6,6,3,9,11,11,10,11,16,9,10,6,2,7,15,6,6,6,10,15,16,6,9,2,2,9,7,3,11,18,11,10,2,2,6,5,11,13,6,10,10,11,9,10,16,11,6,0,0,0,0,0,0,0,0,0,0,0,0,0,0,0,0,0,0,0,0,0,0,0,0,0,0,0,0,0,0,0,0,0,0,0,0,0,0,0,0,0,0,0,0,0,0,0,0,0,0,0,0,0",-0.14097399,0.041517645,3.0,0.638937,33.6345,0.71126753,1.0,0.71126753,0.11457086,0.638937,0.0,0.0,0.638937,0.00182503,0.94319296,0.11457086,1.4835147,1.4551384,33.6345,-0.14097399,1.838795,152.30222,0.5666064,0.5666064,1.0,152.30222,0.839394,0.056807026,1.4835147,0.00182503,0.71126753,0.041517645,0.0,1.4551384,1.838795,0.5666064,0.14097399,0.0,0.71126753,0.14097399,0.8824165,0.5666064,1.0,0.638937,final,beam_orig3_bm3-s0to100br1-s100to200br0-s200to300br0-s300to400br0
/work/T-REX/external/Proteina-Complexa/inference/search_binder_local_pipeline_32_PDL1_ALPHA_REPACK_v7_r003_cand_v7r003_hyp_0003_01_002_a33ac9851a300/job_0_n_180_id_65_beam_orig3_bm3-s0to100br1-s100to200br0-s200to300br0-s300to400br3/job_0_n_180_id_65_beam_orig3_bm3-s0to100br1-s100to200br0-s200to300br0-s300to400br3.pdb,269,"2,0,13,16,19,16,19,14,11,3,10,18,19,19,6,18,7,15,2,12,16,9,6,4,11,13,14,19,6,11,5,10,3,10,0,0,10,9,19,18,17,6,12,6,3,11,2,9,9,5,13,19,8,7,6,6,3,10,11,19,5,8,15,15,18,1,5,1,0,1,10,10,11,3,5,10,15,10,7,2,0,0,10,5,9,16,3,19,11,10,5,3,0,7,19,18,1,4,12,9,15,18,7,7,0,3,18,11,1,9,16,19,11,19,2,0,15,6,2,6,5,1,9,11,6,0,15,6,11,13,11,10,2,3,6,3,9,11,11,10,11,16,9,10,6,2,7,15,6,6,6,10,15,16,6,9,2,2,9,7,3,11,18,11,10,2,2,6,5,11,13,6,10,10,11,9,10,16,11,6,0,0,0,0,0,0,0,0,0,0,0,0,0,0,0,0,0,0,0,0,0,0,0,0,0,0,0,0,0,0,0,0,0,0,0,0,0,0,0,0,0,0,0,0,0,0,0,0,0,0,0,0,0",-0.14105508,0.04111995,3.0,0.64347744,36.292896,0.7160066,1.0,0.7160066,0.11527081,0.64347744,0.0,0.0,0.64347744,0.002453898,0.94150734,0.11527081,1.5280796,1.4610822,36.292896,-0.14105508,1.8346488,153.53976,0.57094836,0.57094836,1.0,153.53976,0.83999795,0.058492646,1.5280796,0.002453898,0.7160066,0.04111995,0.0,1.4610822,1.8346488,0.57094836,0.14105508,0.0,0.7160066,0.14105508,0.88329417,0.57094836,1.0,0.64347744,final,beam_orig3_bm3-s0to100br1-s100to200br0-s200to300br0-s300to400br3
/work/T-REX/external/Proteina-Complexa/inference/search_binder_local_pipeline_32_PDL1_ALPHA_REPACK_v7_r003_cand_v7r003_hyp_0003_01_002_a33ac9851a300/job_0_n_180_id_66_beam_orig3_bm3-s0to100br1-s100to200br0-s200to300br3-s300to400br2/job_0_n_180_id_66_beam_orig3_bm3-s0to100br1-s100to200br0-s200to300br3-s300to400br2.pdb,270,"2,0,13,16,19,16,19,14,11,3,10,18,19,19,6,18,7,15,2,12,16,9,6,4,11,13,14,19,6,11,5,10,3,10,0,0,10,9,19,18,17,6,12,6,3,11,2,9,9,5,13,19,8,7,6,6,3,10,11,19,5,8,15,15,18,1,5,1,0,1,10,10,11,3,5,10,15,10,7,2,0,0,10,5,9,16,3,19,11,10,5,3,0,7,19,18,1,4,12,9,15,18,7,7,0,3,18,11,1,9,16,19,11,19,2,0,15,3,9,3,10,11,19,5,6,0,15,6,11,13,11,10,16,3,6,3,11,6,0,10,18,11,0,10,2,2,7,15,6,5,6,11,15,3,19,19,2,6,9,0,3,11,18,11,10,2,2,6,5,11,13,6,10,10,11,9,19,15,11,15,0,0,0,0,0,0,0,0,0,0,0,0,0,0,0,0,0,0,0,0,0,0,0,0,0,0,0,0,0,0,0,0,0,0,0,0,0,0,0,0,0,0,0,0,0,0,0,0,0,0,0,0,0",-0.1476267,0.044986334,3.0,0.60485744,30.046276,0.67364,1.0,0.67364,0.120694436,0.60485744,0.0,0.0,0.60485744,0.0017203111,0.9356074,0.120694436,1.3424529,1.4915508,30.046276,-0.1476267,1.9230794,150.47891,0.5360749,0.5360749,1.0,150.47891,0.82853115,0.064392604,1.3424529,0.0017203111,0.67364,0.044986334,0.0,1.4915508,1.9230794,0.5360749,0.1476267,0.0,0.67364,0.1476267,0.880308,0.5360749,1.0,0.60485744,final,beam_orig3_bm3-s0to100br1-s100to200br0-s200to300br3-s300to400br2
/work/T-REX/external/Proteina-Complexa/inference/search_binder_local_pipeline_32_PDL1_ALPHA_REPACK_v7_r003_cand_v7r003_hyp_0003_01_002_a33ac9851a300/job_0_n_180_id_67_beam_orig3_bm3-s0to100br1-s100to200br0-s200to300br3-s300to400br1/job_0_n_180_id_67_beam_orig3_bm3-s0to100br1-s100to200br0-s200to300br3-s300to400br1.pdb,271,"2,0,13,16,19,16,19,14,11,3,10,18,19,19,6,18,7,15,2,12,16,9,6,4,11,13,14,19,6,11,5,10,3,10,0,0,10,9,19,18,17,6,12,6,3,11,2,9,9,5,13,19,8,7,6,6,3,10,11,19,5,8,15,15,18,1,5,1,0,1,10,10,11,3,5,10,15,10,7,2,0,0,10,5,9,16,3,19,11,10,5,3,0,7,19,18,1,4,12,9,15,18,7,7,0,3,18,11,1,9,16,19,11,19,2,0,15,3,9,3,2,11,19,5,6,0,15,6,11,13,11,10,15,3,6,3,11,6,0,10,18,11,0,10,2,2,7,15,6,5,6,11,15,3,19,19,2,6,9,0,3,11,18,11,10,2,3,6,5,11,13,6,10,10,11,9,19,15,11,0,0,0,0,0,0,0,0,0,0,0,0,0,0,0,0,0,0,0,0,0,0,0,0,0,0,0,0,0,0,0,0,0,0,0,0,0,0,0,0,0,0,0,0,0,0,0,0,0,0,0,0,0,0",-0.15067416,0.046643745,3.0,0.5898864,39.179,0.6583169,1.0,0.6583169,0.12299413,0.5898864,0.0,0.0,0.5898864,0.0018429263,0.9307604,0.12299413,1.6539516,1.527746,39.179,-0.15067416,1.9666678,163.52458,0.5214559,0.5214559,1.0,163.52458,0.82307124,0.06923962,1.6539516,0.0018429263,0.6583169,0.046643745,0.0,1.527746,1.9666678,0.5214559,0.15067416,0.0,0.6583169,0.15067416,0.87402695,0.5214559,1.0,0.5898864,final,beam_orig3_bm3-s0to100br1-s100to200br0-s200to300br3-s300to400br1
