pdb_path,pdb_index,aatype,total_reward,af2folding_min_ipae,af2folding_recycles_log,af2folding_avg_ipsae,af2folding_fape_log,af2folding_max_ipsae,af2folding_seqid_log,af2folding_max_ipsae_log,af2folding_pae_log,af2folding_avg_ipsae_10,af2folding_hard_log,af2folding_models_log,af2folding_avg_ipsae_log,af2folding_exp_res_log,af2folding_plddt_log,af2folding_pae,af2folding_rmsd,af2folding_con_log,af2folding_fape,af2folding_loss_log,af2folding_i_con,af2folding_dgram_cce_log,af2folding_min_ipsae_10,af2folding_min_ipsae_log,af2folding_soft_log,af2folding_dgram_cce,af2folding_i_ptm_log,af2folding_plddt,af2folding_rmsd_log,af2folding_exp_res,af2folding_max_ipsae_10,af2folding_min_ipae_log,af2folding_seq_ent_log,af2folding_con,af2folding_i_con_log,af2folding_min_ipsae_10_log,af2folding_i_pae_log,af2folding_seq_ent,af2folding_max_ipsae_10_log,af2folding_i_pae,af2folding_ptm_log,af2folding_min_ipsae,af2folding_temp_log,af2folding_avg_ipsae_10_log,sample_type,metadata_tag
/work/T-REX/external/Proteina-Complexa/inference/search_binder_local_pipeline_32_PDL1_ALPHA_REPACK_v7_r003_cand_v7r003_hyp_0003_01_002_a2b1ae63664a8/job_0_n_176_id_0_beam_orig0_bm0-s0to100br0/job_0_n_176_id_0_beam_orig0_bm0-s0to100br0.pdb,0,"2,0,13,16,19,16,19,14,11,3,10,18,19,19,6,18,7,15,2,12,16,9,6,4,11,13,14,19,6,11,5,10,3,10,0,0,10,9,19,18,17,6,12,6,3,11,2,9,9,5,13,19,8,7,6,6,3,10,11,19,5,8,15,15,18,1,5,1,0,1,10,10,11,3,5,10,15,10,7,2,0,0,10,5,9,16,3,19,11,10,5,3,0,7,19,18,1,4,12,9,15,18,7,7,0,3,18,11,1,9,16,19,11,19,2,0,10,5,3,11,10,3,9,19,6,11,18,4,11,10,1,7,13,16,10,11,3,19,7,2,18,9,7,16,15,3,9,1,7,9,9,1,2,7,11,6,6,18,10,2,11,9,0,3,13,10,15,9,14,6,6,3,10,6,11,10,0,0,0,0,0,0,0,0,0,0,0,0,0,0,0,0,0,0,0,0,0,0,0,0,0,0,0,0,0,0,0,0,0,0,0,0,0,0,0,0,0,0,0,0,0,0,0,0,0,0,0,0,0,0,0,0,0",-0.1981119,0.08614401,3.0,0.4105755,42.741302,0.46592152,1.0,0.46592152,0.16333425,0.4105755,0.0,0.0,0.4105755,0.0024163148,0.87721574,0.16333425,3.6052377,1.8760154,42.741302,-0.1981119,2.350478,181.7695,0.3552295,0.3552295,1.0,181.7695,0.76306677,0.12278423,3.6052377,0.0024163148,0.46592152,0.08614401,0.0,1.8760154,2.350478,0.3552295,0.1981119,0.0,0.46592152,0.1981119,0.8622467,0.3552295,1.0,0.4105755,lookahead,beam_orig0_bm0-s0to100br0
/work/T-REX/external/Proteina-Complexa/inference/search_binder_local_pipeline_32_PDL1_ALPHA_REPACK_v7_r003_cand_v7r003_hyp_0003_01_002_a2b1ae63664a8/job_0_n_229_id_0_beam_orig1_bm0-s0to100br0/job_0_n_229_id_0_beam_orig1_bm0-s0to100br0.pdb,1,"2,0,13,16,19,16,19,14,11,3,10,18,19,19,6,18,7,15,2,12,16,9,6,4,11,13,14,19,6,11,5,10,3,10,0,0,10,9,19,18,17,6,12,6,3,11,2,9,9,5,13,19,8,7,6,6,3,10,11,19,5,8,15,15,18,1,5,1,0,1,10,10,11,3,5,10,15,10,7,2,0,0,10,5,9,16,3,19,11,10,5,3,0,7,19,18,1,4,12,9,15,18,7,7,0,3,18,11,1,9,16,19,11,19,2,0,16,19,16,19,14,11,3,10,18,19,19,6,18,7,15,2,12,16,9,6,4,11,13,14,19,6,11,5,10,3,10,0,0,10,9,19,18,17,6,12,6,3,11,2,9,9,5,13,19,8,7,6,6,3,10,11,19,5,8,15,15,18,1,5,1,0,1,10,10,11,3,5,10,15,10,7,2,0,0,10,5,9,16,3,19,11,10,5,3,0,7,19,18,1,4,12,9,15,18,7,7,0,3,18,11,1,9,16,19,11,19,2,0,0,0,0,0",-0.5252057,0.29304597,3.0,0.042699553,69.17399,0.04454375,1.0,0.04454375,0.3111773,0.012523869,0.0,0.0,0.042699553,0.0017045198,0.8623941,0.3111773,3.0851579,1.2827804,69.17399,-0.5252057,3.8815954,211.1839,0.0124993045,0.04085536,1.0,211.1839,0.25517315,0.13760588,3.0851579,0.0017045198,0.012548435,0.29304597,0.0,1.2827804,3.8815954,0.0124993045,0.5252057,0.0,0.012548435,0.5252057,0.5847294,0.04085536,1.0,0.012523869,lookahead,beam_orig1_bm0-s0to100br0
/work/T-REX/external/Proteina-Complexa/inference/search_binder_local_pipeline_32_PDL1_ALPHA_REPACK_v7_r003_cand_v7r003_hyp_0003_01_002_a2b1ae63664a8/job_0_n_233_id_0_beam_orig2_bm0-s0to100br0/job_0_n_233_id_0_beam_orig2_bm0-s0to100br0.pdb,2,"2,0,13,16,19,16,19,14,11,3,10,18,19,19,6,18,7,15,2,12,16,9,6,4,11,13,14,19,6,11,5,10,3,10,0,0,10,9,19,18,17,6,12,6,3,11,2,9,9,5,13,19,8,7,6,6,3,10,11,19,5,8,15,15,18,1,5,1,0,1,10,10,11,3,5,10,15,10,7,2,0,0,10,5,9,16,3,19,11,10,5,3,0,7,19,18,1,4,12,9,15,18,7,7,0,3,18,11,1,9,16,19,11,19,2,0,2,0,13,16,19,16,19,14,11,3,10,18,19,19,6,18,7,15,2,12,16,9,6,4,11,13,14,19,6,11,5,10,3,10,0,0,10,9,19,18,17,6,12,6,3,11,2,9,9,5,13,19,8,7,6,6,3,10,11,19,5,8,15,15,18,1,5,1,0,1,10,10,11,3,5,10,15,10,7,2,0,0,10,5,9,16,3,19,11,10,5,3,0,7,19,18,1,4,12,9,15,18,7,7,0,3,18,11,1,9,16,19,11,19,2,0,2",-0.5295411,0.29907227,3.0,0.045392334,70.05811,0.048341457,1.0,0.048341457,0.31448522,0.012276182,0.0,0.0,0.045392334,0.0057710493,0.85745025,0.31448522,2.9572222,1.2912345,70.05811,-0.5295411,3.9119496,208.1885,0.012071781,0.042443212,1.0,208.1885,0.2618997,0.14254978,2.9572222,0.0057710493,0.012480584,0.29907227,0.0,1.2912345,3.9119496,0.012071781,0.5295411,0.0,0.012480584,0.5295411,0.586303,0.042443212,1.0,0.012276182,lookahead,beam_orig2_bm0-s0to100br0
/work/T-REX/external/Proteina-Complexa/inference/search_binder_local_pipeline_32_PDL1_ALPHA_REPACK_v7_r003_cand_v7r003_hyp_0003_01_002_a2b1ae63664a8/job_0_n_180_id_0_beam_orig3_bm0-s0to100br0/job_0_n_180_id_0_beam_orig3_bm0-s0to100br0.pdb,3,"2,0,13,16,19,16,19,14,11,3,10,18,19,19,6,18,7,15,2,12,16,9,6,4,11,13,14,19,6,11,5,10,3,10,0,0,10,9,19,18,17,6,12,6,3,11,2,9,9,5,13,19,8,7,6,6,3,10,11,19,5,8,15,15,18,1,5,1,0,1,10,10,11,3,5,10,15,10,7,2,0,0,10,5,9,16,3,19,11,10,5,3,0,7,19,18,1,4,12,9,15,18,7,7,0,3,18,11,1,9,16,19,11,19,2,0,6,2,0,18,11,1,0,9,6,10,3,14,2,18,13,6,0,17,2,2,10,7,9,19,10,11,2,10,2,1,10,3,6,0,6,6,0,18,11,6,0,10,1,10,11,14,11,3,9,11,16,5,2,2,18,10,3,10,10,11,6,11,3,11,0,0,0,0,0,0,0,0,0,0,0,0,0,0,0,0,0,0,0,0,0,0,0,0,0,0,0,0,0,0,0,0,0,0,0,0,0,0,0,0,0,0,0,0,0,0,0,0,0,0,0,0,0",-0.31963772,0.16749881,3.0,0.16686799,28.80523,0.21410666,1.0,0.21410666,0.22886641,0.16073117,0.0,0.0,0.16686799,0.0016047712,0.91341954,0.22886641,2.4440546,1.3273866,28.80523,-0.31963772,3.1110952,133.30817,0.11049214,0.119629316,1.0,133.30817,0.5599918,0.086580455,2.4440546,0.0016047712,0.21097018,0.16749881,0.0,1.3273866,3.1110952,0.11049214,0.31963772,0.0,0.21097018,0.31963772,0.7697654,0.119629316,1.0,0.16073117,lookahead,beam_orig3_bm0-s0to100br0
/work/T-REX/external/Proteina-Complexa/inference/search_binder_local_pipeline_32_PDL1_ALPHA_REPACK_v7_r003_cand_v7r003_hyp_0003_01_002_a2b1ae63664a8/job_0_n_176_id_1_beam_orig0_bm0-s0to100br1/job_0_n_176_id_1_beam_orig0_bm0-s0to100br1.pdb,4,"2,0,13,16,19,16,19,14,11,3,10,18,19,19,6,18,7,15,2,12,16,9,6,4,11,13,14,19,6,11,5,10,3,10,0,0,10,9,19,18,17,6,12,6,3,11,2,9,9,5,13,19,8,7,6,6,3,10,11,19,5,8,15,15,18,1,5,1,0,1,10,10,11,3,5,10,15,10,7,2,0,0,10,5,9,16,3,19,11,10,5,3,0,7,19,18,1,4,12,9,15,18,7,7,0,3,18,11,1,9,16,19,11,19,2,0,0,10,6,3,10,15,2,11,6,0,6,6,10,0,5,6,13,2,10,2,5,5,5,16,3,5,10,1,15,13,19,11,0,19,10,6,1,2,2,7,6,10,16,14,6,6,1,6,0,10,19,11,18,0,11,10,10,15,15,15,0,0,0,0,0,0,0,0,0,0,0,0,0,0,0,0,0,0,0,0,0,0,0,0,0,0,0,0,0,0,0,0,0,0,0,0,0,0,0,0,0,0,0,0,0,0,0,0,0,0,0,0,0,0,0,0,0",-0.2829427,0.14775206,3.0,0.19642219,44.620045,0.23017505,1.0,0.23017505,0.2180028,0.19420822,0.0,0.0,0.19642219,0.0041853064,0.84186304,0.2180028,2.5729325,1.7247219,44.620045,-0.2829427,2.792234,190.85927,0.16097258,0.16266935,1.0,190.85927,0.5738796,0.15813695,2.5729325,0.0041853064,0.22744386,0.14775206,0.0,1.7247219,2.792234,0.16097258,0.2829427,0.0,0.22744386,0.2829427,0.78644025,0.16266935,1.0,0.19420822,lookahead,beam_orig0_bm0-s0to100br1
/work/T-REX/external/Proteina-Complexa/inference/search_binder_local_pipeline_32_PDL1_ALPHA_REPACK_v7_r003_cand_v7r003_hyp_0003_01_002_a2b1ae63664a8/job_0_n_229_id_1_beam_orig1_bm0-s0to100br1/job_0_n_229_id_1_beam_orig1_bm0-s0to100br1.pdb,5,"2,0,13,16,19,16,19,14,11,3,10,18,19,19,6,18,7,15,2,12,16,9,6,4,11,13,14,19,6,11,5,10,3,10,0,0,10,9,19,18,17,6,12,6,3,11,2,9,9,5,13,19,8,7,6,6,3,10,11,19,5,8,15,15,18,1,5,1,0,1,10,10,11,3,5,10,15,10,7,2,0,0,10,5,9,16,3,19,11,10,5,3,0,7,19,18,1,4,12,9,15,18,7,7,0,3,18,11,1,9,16,19,11,19,2,0,16,19,16,19,14,11,3,10,18,19,19,6,18,7,15,2,12,16,9,6,4,11,13,14,19,6,11,5,10,3,10,0,0,10,9,19,18,17,6,12,6,3,11,2,9,9,5,13,19,8,7,6,6,3,10,11,19,5,8,15,15,18,1,5,1,0,1,10,10,11,3,5,10,15,10,7,2,0,0,10,5,9,16,3,19,11,10,5,3,0,7,19,18,1,4,12,9,15,18,7,7,0,3,18,11,1,9,16,19,11,19,2,0,0,0,0,0",-0.524528,0.2904687,3.0,0.042449974,41.762806,0.04374586,1.0,0.04374586,0.31044638,0.012465244,0.0,0.0,0.042449974,0.0017010738,0.862865,0.31044638,1.8220732,1.2780322,41.762806,-0.524528,3.8754191,197.31383,0.01221879,0.04115409,1.0,197.31383,0.25412273,0.13713503,1.8220732,0.0017010738,0.012711698,0.2904687,0.0,1.2780322,3.8754191,0.01221879,0.524528,0.0,0.012711698,0.524528,0.5843693,0.04115409,1.0,0.012465244,lookahead,beam_orig1_bm0-s0to100br1
/work/T-REX/external/Proteina-Complexa/inference/search_binder_local_pipeline_32_PDL1_ALPHA_REPACK_v7_r003_cand_v7r003_hyp_0003_01_002_a2b1ae63664a8/job_0_n_233_id_1_beam_orig2_bm0-s0to100br1/job_0_n_233_id_1_beam_orig2_bm0-s0to100br1.pdb,6,"2,0,13,16,19,16,19,14,11,3,10,18,19,19,6,18,7,15,2,12,16,9,6,4,11,13,14,19,6,11,5,10,3,10,0,0,10,9,19,18,17,6,12,6,3,11,2,9,9,5,13,19,8,7,6,6,3,10,11,19,5,8,15,15,18,1,5,1,0,1,10,10,11,3,5,10,15,10,7,2,0,0,10,5,9,16,3,19,11,10,5,3,0,7,19,18,1,4,12,9,15,18,7,7,0,3,18,11,1,9,16,19,11,19,2,0,0,13,16,19,16,19,14,11,3,10,18,19,19,6,18,7,15,2,12,16,9,6,4,11,13,14,19,6,11,5,10,3,10,0,0,10,9,19,18,17,6,12,6,3,11,2,9,9,5,13,19,8,7,6,6,3,10,11,19,5,8,15,15,18,1,5,1,0,1,10,10,11,3,5,10,15,10,7,2,0,0,10,5,9,16,3,19,11,10,5,3,0,7,19,18,1,4,12,9,15,18,7,7,0,3,18,11,1,9,16,19,11,19,2,0,14,14",-0.5310326,0.30092934,3.0,0.044653963,77.04801,0.047650795,1.0,0.047650795,0.31411082,0.012460498,0.0,0.0,0.044653963,0.0048276163,0.85969573,0.31411082,2.9731717,1.2962749,77.04801,-0.5310326,3.9329784,215.6648,0.012174493,0.04165713,1.0,215.6648,0.26054484,0.14030428,2.9731717,0.0048276163,0.012746504,0.30092934,0.0,1.2962749,3.9329784,0.012174493,0.5310326,0.0,0.012746504,0.5310326,0.58630234,0.04165713,1.0,0.012460498,lookahead,beam_orig2_bm0-s0to100br1
/work/T-REX/external/Proteina-Complexa/inference/search_binder_local_pipeline_32_PDL1_ALPHA_REPACK_v7_r003_cand_v7r003_hyp_0003_01_002_a2b1ae63664a8/job_0_n_180_id_1_beam_orig3_bm0-s0to100br1/job_0_n_180_id_1_beam_orig3_bm0-s0to100br1.pdb,7,"2,0,13,16,19,16,19,14,11,3,10,18,19,19,6,18,7,15,2,12,16,9,6,4,11,13,14,19,6,11,5,10,3,10,0,0,10,9,19,18,17,6,12,6,3,11,2,9,9,5,13,19,8,7,6,6,3,10,11,19,5,8,15,15,18,1,5,1,0,1,10,10,11,3,5,10,15,10,7,2,0,0,10,5,9,16,3,19,11,10,5,3,0,7,19,18,1,4,12,9,15,18,7,7,0,3,18,11,1,9,16,19,11,19,2,0,15,15,6,3,11,6,11,19,0,0,18,10,1,3,11,13,7,19,7,10,2,3,3,9,16,11,10,14,19,15,15,19,2,10,19,11,0,9,1,6,6,10,7,19,6,10,11,6,5,3,9,15,1,15,14,16,19,5,0,10,10,3,2,10,0,0,0,0,0,0,0,0,0,0,0,0,0,0,0,0,0,0,0,0,0,0,0,0,0,0,0,0,0,0,0,0,0,0,0,0,0,0,0,0,0,0,0,0,0,0,0,0,0,0,0,0,0",-0.73691124,0.59383327,3.0,0.0024212578,124.33349,0.0048425156,1.0,0.0048425156,0.5147555,0.0,0.0,0.0,0.0024212578,0.0036286144,0.7117872,0.5147555,9.24702,1.9167994,124.33349,-0.73691124,4.380667,249.48427,0.0,0.0,1.0,249.48427,0.12238586,0.28821275,9.24702,0.0036286144,0.0,0.59383327,0.0,1.9167994,4.380667,0.0,0.73691124,0.0,0.0,0.73691124,0.6212468,0.0,1.0,0.0,lookahead,beam_orig3_bm0-s0to100br1
/work/T-REX/external/Proteina-Complexa/inference/search_binder_local_pipeline_32_PDL1_ALPHA_REPACK_v7_r003_cand_v7r003_hyp_0003_01_002_a2b1ae63664a8/job_0_n_176_id_2_beam_orig0_bm0-s0to100br2/job_0_n_176_id_2_beam_orig0_bm0-s0to100br2.pdb,8,"2,0,13,16,19,16,19,14,11,3,10,18,19,19,6,18,7,15,2,12,16,9,6,4,11,13,14,19,6,11,5,10,3,10,0,0,10,9,19,18,17,6,12,6,3,11,2,9,9,5,13,19,8,7,6,6,3,10,11,19,5,8,15,15,18,1,5,1,0,1,10,10,11,3,5,10,15,10,7,2,0,0,10,5,9,16,3,19,11,10,5,3,0,7,19,18,1,4,12,9,15,18,7,7,0,3,18,11,1,9,16,19,11,19,2,0,5,7,10,18,5,16,19,10,6,11,7,2,10,10,15,3,11,3,18,2,3,10,1,3,10,10,16,7,15,14,11,18,14,11,0,13,9,6,0,0,5,11,5,14,6,0,19,10,0,10,6,1,10,11,5,9,6,6,6,1,0,0,0,0,0,0,0,0,0,0,0,0,0,0,0,0,0,0,0,0,0,0,0,0,0,0,0,0,0,0,0,0,0,0,0,0,0,0,0,0,0,0,0,0,0,0,0,0,0,0,0,0,0,0,0,0,0",-0.25307232,0.10382818,3.0,0.27969274,63.202667,0.34096324,1.0,0.34096324,0.20726901,0.27969274,0.0,0.0,0.27969274,0.0037646682,0.81806123,0.20726901,2.555461,2.1306489,63.202667,-0.25307232,2.8453035,211.90358,0.21842222,0.21842222,1.0,211.90358,0.6336999,0.18193875,2.555461,0.0037646682,0.34096324,0.10382818,0.0,2.1306489,2.8453035,0.21842222,0.25307232,0.0,0.34096324,0.25307232,0.81062216,0.21842222,1.0,0.27969274,lookahead,beam_orig0_bm0-s0to100br2
/work/T-REX/external/Proteina-Complexa/inference/search_binder_local_pipeline_32_PDL1_ALPHA_REPACK_v7_r003_cand_v7r003_hyp_0003_01_002_a2b1ae63664a8/job_0_n_229_id_2_beam_orig1_bm0-s0to100br2/job_0_n_229_id_2_beam_orig1_bm0-s0to100br2.pdb,9,"2,0,13,16,19,16,19,14,11,3,10,18,19,19,6,18,7,15,2,12,16,9,6,4,11,13,14,19,6,11,5,10,3,10,0,0,10,9,19,18,17,6,12,6,3,11,2,9,9,5,13,19,8,7,6,6,3,10,11,19,5,8,15,15,18,1,5,1,0,1,10,10,11,3,5,10,15,10,7,2,0,0,10,5,9,16,3,19,11,10,5,3,0,7,19,18,1,4,12,9,15,18,7,7,0,3,18,11,1,9,16,19,11,19,2,0,13,16,19,16,19,14,11,3,10,18,19,19,6,18,7,15,2,12,16,9,6,4,11,13,14,19,6,11,5,10,3,10,0,0,10,9,19,18,17,6,12,6,3,11,2,9,9,5,13,19,8,7,6,6,3,10,11,19,5,8,15,15,18,1,5,1,0,1,10,10,11,3,5,10,15,10,7,2,0,0,10,5,9,16,3,19,11,10,5,3,0,7,19,18,1,4,12,9,15,18,7,7,0,3,18,11,1,9,16,19,11,19,2,0,0,0,0",-0.5290311,0.30395514,3.0,0.042462315,71.302925,0.045244236,1.0,0.045244236,0.313049,0.012027111,0.0,0.0,0.042462315,0.0018157663,0.8612252,0.313049,3.0366926,1.2895905,71.302925,-0.5290311,3.8779495,215.37927,0.01187385,0.039680395,1.0,215.37927,0.2589669,0.13877483,3.0366926,0.0018157663,0.012180372,0.30395514,0.0,1.2895905,3.8779495,0.01187385,0.5290311,0.0,0.012180372,0.5290311,0.5864146,0.039680395,1.0,0.012027111,lookahead,beam_orig1_bm0-s0to100br2
/work/T-REX/external/Proteina-Complexa/inference/search_binder_local_pipeline_32_PDL1_ALPHA_REPACK_v7_r003_cand_v7r003_hyp_0003_01_002_a2b1ae63664a8/job_0_n_233_id_2_beam_orig2_bm0-s0to100br2/job_0_n_233_id_2_beam_orig2_bm0-s0to100br2.pdb,10,"2,0,13,16,19,16,19,14,11,3,10,18,19,19,6,18,7,15,2,12,16,9,6,4,11,13,14,19,6,11,5,10,3,10,0,0,10,9,19,18,17,6,12,6,3,11,2,9,9,5,13,19,8,7,6,6,3,10,11,19,5,8,15,15,18,1,5,1,0,1,10,10,11,3,5,10,15,10,7,2,0,0,10,5,9,16,3,19,11,10,5,3,0,7,19,18,1,4,12,9,15,18,7,7,0,3,18,11,1,9,16,19,11,19,2,0,0,13,16,19,16,19,14,11,3,10,18,19,19,6,18,7,15,2,12,16,9,6,4,11,13,14,19,6,11,5,10,3,10,0,0,10,9,19,18,17,6,12,6,3,11,2,9,9,5,13,19,8,7,6,6,3,10,11,19,5,8,15,15,18,1,5,1,0,1,10,10,11,3,5,10,15,10,7,2,0,0,10,5,9,16,3,19,11,10,5,3,0,7,19,18,1,4,12,9,15,18,7,7,0,3,18,11,1,9,16,19,11,19,2,0,0,0",-0.52517015,0.2917617,3.0,0.048407443,55.4608,0.050342508,1.0,0.050342508,0.3125151,0.012580899,0.0,0.0,0.048407443,0.002717731,0.8584645,0.3125151,4.449083,1.2894012,55.4608,-0.52517015,3.9111013,199.373,0.012452973,0.046472378,1.0,199.373,0.26635152,0.14153552,4.449083,0.002717731,0.012708824,0.2917617,0.0,1.2894012,3.9111013,0.012452973,0.52517015,0.0,0.012708824,0.52517015,0.589366,0.046472378,1.0,0.012580899,lookahead,beam_orig2_bm0-s0to100br2
/work/T-REX/external/Proteina-Complexa/inference/search_binder_local_pipeline_32_PDL1_ALPHA_REPACK_v7_r003_cand_v7r003_hyp_0003_01_002_a2b1ae63664a8/job_0_n_180_id_2_beam_orig3_bm0-s0to100br2/job_0_n_180_id_2_beam_orig3_bm0-s0to100br2.pdb,11,"2,0,13,16,19,16,19,14,11,3,10,18,19,19,6,18,7,15,2,12,16,9,6,4,11,13,14,19,6,11,5,10,3,10,0,0,10,9,19,18,17,6,12,6,3,11,2,9,9,5,13,19,8,7,6,6,3,10,11,19,5,8,15,15,18,1,5,1,0,1,10,10,11,3,5,10,15,10,7,2,0,0,10,5,9,16,3,19,11,10,5,3,0,7,19,18,1,4,12,9,15,18,7,7,0,3,18,11,1,9,16,19,11,19,2,0,9,8,11,2,10,7,2,9,18,10,15,5,2,11,10,3,6,0,6,11,15,18,11,1,0,9,6,9,11,14,3,13,0,11,0,8,18,2,10,0,16,19,10,12,11,5,2,11,10,3,6,0,7,11,6,10,3,6,18,6,11,10,11,2,0,0,0,0,0,0,0,0,0,0,0,0,0,0,0,0,0,0,0,0,0,0,0,0,0,0,0,0,0,0,0,0,0,0,0,0,0,0,0,0,0,0,0,0,0,0,0,0,0,0,0,0,0",-0.39291915,0.20271209,3.0,0.10689168,48.253685,0.12964284,1.0,0.12964284,0.28360838,0.05216132,0.0,0.0,0.10689168,0.004457552,0.83717424,0.28360838,5.5544186,1.5410249,48.253685,-0.39291915,3.2392864,191.09894,0.044991348,0.0841405,1.0,191.09894,0.40616572,0.16282578,5.5544186,0.004457552,0.059331298,0.20271209,0.0,1.5410249,3.2392864,0.044991348,0.39291915,0.0,0.059331298,0.39291915,0.71813595,0.0841405,1.0,0.05216132,lookahead,beam_orig3_bm0-s0to100br2
/work/T-REX/external/Proteina-Complexa/inference/search_binder_local_pipeline_32_PDL1_ALPHA_REPACK_v7_r003_cand_v7r003_hyp_0003_01_002_a2b1ae63664a8/job_0_n_176_id_3_beam_orig0_bm0-s0to100br3/job_0_n_176_id_3_beam_orig0_bm0-s0to100br3.pdb,12,"2,0,13,16,19,16,19,14,11,3,10,18,19,19,6,18,7,15,2,12,16,9,6,4,11,13,14,19,6,11,5,10,3,10,0,0,10,9,19,18,17,6,12,6,3,11,2,9,9,5,13,19,8,7,6,6,3,10,11,19,5,8,15,15,18,1,5,1,0,1,10,10,11,3,5,10,15,10,7,2,0,0,10,5,9,16,3,19,11,10,5,3,0,7,19,18,1,4,12,9,15,18,7,7,0,3,18,11,1,9,16,19,11,19,2,0,19,17,16,16,7,6,11,19,9,19,6,3,18,10,10,11,11,13,7,3,9,6,11,10,11,11,0,18,11,0,3,6,0,0,19,19,11,6,19,8,1,10,13,14,16,11,6,2,11,16,9,8,2,18,10,19,2,13,10,15,0,0,0,0,0,0,0,0,0,0,0,0,0,0,0,0,0,0,0,0,0,0,0,0,0,0,0,0,0,0,0,0,0,0,0,0,0,0,0,0,0,0,0,0,0,0,0,0,0,0,0,0,0,0,0,0,0",-0.4311765,0.23147953,3.0,0.071468934,66.76471,0.083095804,1.0,0.083095804,0.30867344,0.015317406,0.0,0.0,0.071468934,0.0007477651,0.82667625,0.30867344,3.642501,1.5368991,66.76471,-0.4311765,3.3303034,188.34709,0.014287267,0.059842058,1.0,188.34709,0.33687365,0.17332374,3.642501,0.0007477651,0.016347544,0.23147953,0.0,1.5368991,3.3303034,0.014287267,0.4311765,0.0,0.016347544,0.4311765,0.7028973,0.059842058,1.0,0.015317406,lookahead,beam_orig0_bm0-s0to100br3
/work/T-REX/external/Proteina-Complexa/inference/search_binder_local_pipeline_32_PDL1_ALPHA_REPACK_v7_r003_cand_v7r003_hyp_0003_01_002_a2b1ae63664a8/job_0_n_229_id_3_beam_orig1_bm0-s0to100br3/job_0_n_229_id_3_beam_orig1_bm0-s0to100br3.pdb,13,"2,0,13,16,19,16,19,14,11,3,10,18,19,19,6,18,7,15,2,12,16,9,6,4,11,13,14,19,6,11,5,10,3,10,0,0,10,9,19,18,17,6,12,6,3,11,2,9,9,5,13,19,8,7,6,6,3,10,11,19,5,8,15,15,18,1,5,1,0,1,10,10,11,3,5,10,15,10,7,2,0,0,10,5,9,16,3,19,11,10,5,3,0,7,19,18,1,4,12,9,15,18,7,7,0,3,18,11,1,9,16,19,11,19,2,0,16,19,16,19,14,11,3,10,18,19,19,6,18,7,15,2,12,16,9,6,4,11,13,14,19,6,11,5,10,3,10,0,0,10,9,19,18,17,6,12,6,3,11,2,9,9,5,13,19,8,7,6,6,3,10,11,19,5,8,15,15,18,1,5,1,0,1,10,10,11,3,5,10,15,10,7,2,0,0,10,5,9,16,3,19,11,10,5,3,0,7,19,18,1,4,12,9,15,18,7,7,0,3,18,11,1,9,16,19,11,19,2,0,0,0,0,0",-0.52755684,0.2948297,3.0,0.041424513,44.4932,0.04355437,1.0,0.04355437,0.31220222,0.012594575,0.0,0.0,0.041424513,0.0017470617,0.8624959,0.31220222,1.9900376,1.2835757,44.4932,-0.52755684,3.8872573,198.9816,0.012207548,0.039294656,1.0,198.9816,0.2541151,0.13750407,1.9900376,0.0017470617,0.012981602,0.2948297,0.0,1.2835757,3.8872573,0.012207548,0.52755684,0.0,0.012981602,0.52755684,0.58426964,0.039294656,1.0,0.012594575,lookahead,beam_orig1_bm0-s0to100br3
/work/T-REX/external/Proteina-Complexa/inference/search_binder_local_pipeline_32_PDL1_ALPHA_REPACK_v7_r003_cand_v7r003_hyp_0003_01_002_a2b1ae63664a8/job_0_n_233_id_3_beam_orig2_bm0-s0to100br3/job_0_n_233_id_3_beam_orig2_bm0-s0to100br3.pdb,14,"2,0,13,16,19,16,19,14,11,3,10,18,19,19,6,18,7,15,2,12,16,9,6,4,11,13,14,19,6,11,5,10,3,10,0,0,10,9,19,18,17,6,12,6,3,11,2,9,9,5,13,19,8,7,6,6,3,10,11,19,5,8,15,15,18,1,5,1,0,1,10,10,11,3,5,10,15,10,7,2,0,0,10,5,9,16,3,19,11,10,5,3,0,7,19,18,1,4,12,9,15,18,7,7,0,3,18,11,1,9,16,19,11,19,2,0,0,13,16,19,16,19,14,11,3,10,18,19,19,6,18,7,15,2,12,16,9,6,4,11,13,14,19,6,11,5,10,3,10,0,0,10,9,19,18,17,6,12,6,3,11,2,9,9,5,13,19,8,7,6,6,3,10,11,19,5,8,15,15,18,1,5,1,0,1,10,10,11,3,5,10,15,10,7,2,0,0,10,5,9,16,3,19,11,10,5,3,0,7,19,18,1,4,12,9,15,18,7,7,0,3,18,11,1,9,16,19,11,19,2,0,14,14",-0.5330389,0.30315223,3.0,0.04379554,56.40567,0.047157615,1.0,0.047157615,0.31419677,0.012260672,0.0,0.0,0.04379554,0.004752761,0.8616675,0.31419677,4.528451,1.2848904,56.40567,-0.5330389,3.9378679,198.2403,0.011976751,0.04043347,1.0,198.2403,0.25938177,0.13833246,4.528451,0.004752761,0.012544593,0.30315223,0.0,1.2848904,3.9378679,0.011976751,0.5330389,0.0,0.012544593,0.5330389,0.5863983,0.04043347,1.0,0.012260672,lookahead,beam_orig2_bm0-s0to100br3
/work/T-REX/external/Proteina-Complexa/inference/search_binder_local_pipeline_32_PDL1_ALPHA_REPACK_v7_r003_cand_v7r003_hyp_0003_01_002_a2b1ae63664a8/job_0_n_180_id_3_beam_orig3_bm0-s0to100br3/job_0_n_180_id_3_beam_orig3_bm0-s0to100br3.pdb,15,"2,0,13,16,19,16,19,14,11,3,10,18,19,19,6,18,7,15,2,12,16,9,6,4,11,13,14,19,6,11,5,10,3,10,0,0,10,9,19,18,17,6,12,6,3,11,2,9,9,5,13,19,8,7,6,6,3,10,11,19,5,8,15,15,18,1,5,1,0,1,10,10,11,3,5,10,15,10,7,2,0,0,10,5,9,16,3,19,11,10,5,3,0,7,19,18,1,4,12,9,15,18,7,7,0,3,18,11,1,9,16,19,11,19,2,0,15,10,6,6,11,10,3,16,10,11,11,15,15,14,15,9,18,11,10,10,16,0,11,3,6,11,6,1,0,11,10,12,11,6,10,3,9,15,11,11,16,13,8,1,5,10,6,19,19,4,11,10,10,2,9,14,11,11,16,10,10,15,10,19,0,0,0,0,0,0,0,0,0,0,0,0,0,0,0,0,0,0,0,0,0,0,0,0,0,0,0,0,0,0,0,0,0,0,0,0,0,0,0,0,0,0,0,0,0,0,0,0,0,0,0,0,0",-0.2893207,0.12638493,3.0,0.20222491,24.860619,0.24229333,1.0,0.24229333,0.22206,0.1996175,0.0,0.0,0.20222491,0.0034348555,0.84992504,0.22206,1.1925709,1.9747155,24.860619,-0.2893207,2.7628193,164.70334,0.1582939,0.16215649,1.0,164.70334,0.62116736,0.15007496,1.1925709,0.0034348555,0.24094109,0.12638493,0.0,1.9747155,2.7628193,0.1582939,0.2893207,0.0,0.24094109,0.2893207,0.79661155,0.16215649,1.0,0.1996175,lookahead,beam_orig3_bm0-s0to100br3
/work/T-REX/external/Proteina-Complexa/inference/search_binder_local_pipeline_32_PDL1_ALPHA_REPACK_v7_r003_cand_v7r003_hyp_0003_01_002_a2b1ae63664a8/job_0_n_176_id_4_beam_orig0_bm1-s0to100br0/job_0_n_176_id_4_beam_orig0_bm1-s0to100br0.pdb,16,"2,0,13,16,19,16,19,14,11,3,10,18,19,19,6,18,7,15,2,12,16,9,6,4,11,13,14,19,6,11,5,10,3,10,0,0,10,9,19,18,17,6,12,6,3,11,2,9,9,5,13,19,8,7,6,6,3,10,11,19,5,8,15,15,18,1,5,1,0,1,10,10,11,3,5,10,15,10,7,2,0,0,10,5,9,16,3,19,11,10,5,3,0,7,19,18,1,4,12,9,15,18,7,7,0,3,18,11,1,9,16,19,11,19,2,0,15,0,13,19,3,11,12,19,5,1,18,10,14,14,1,13,5,11,3,6,15,10,10,11,8,10,5,17,10,13,3,15,10,1,0,11,2,6,15,2,3,18,9,15,16,19,10,5,11,0,9,19,3,10,15,1,2,11,6,6,0,0,0,0,0,0,0,0,0,0,0,0,0,0,0,0,0,0,0,0,0,0,0,0,0,0,0,0,0,0,0,0,0,0,0,0,0,0,0,0,0,0,0,0,0,0,0,0,0,0,0,0,0,0,0,0,0",-0.5510666,0.3282947,3.0,0.018136874,56.221283,0.029858302,1.0,0.029858302,0.410082,0.0068185036,0.0,0.0,0.018136874,0.014154123,0.68560076,0.410082,5.0687237,2.1644573,56.221283,-0.5510666,3.6872983,233.6655,0.0,0.0064154454,1.0,233.6655,0.26360458,0.3143992,5.0687237,0.014154123,0.013637007,0.3282947,0.0,2.1644573,3.6872983,0.0,0.5510666,0.0,0.013637007,0.5510666,0.6767013,0.0064154454,1.0,0.0068185036,lookahead,beam_orig0_bm1-s0to100br0
/work/T-REX/external/Proteina-Complexa/inference/search_binder_local_pipeline_32_PDL1_ALPHA_REPACK_v7_r003_cand_v7r003_hyp_0003_01_002_a2b1ae63664a8/job_0_n_229_id_4_beam_orig1_bm1-s0to100br0/job_0_n_229_id_4_beam_orig1_bm1-s0to100br0.pdb,17,"2,0,13,16,19,16,19,14,11,3,10,18,19,19,6,18,7,15,2,12,16,9,6,4,11,13,14,19,6,11,5,10,3,10,0,0,10,9,19,18,17,6,12,6,3,11,2,9,9,5,13,19,8,7,6,6,3,10,11,19,5,8,15,15,18,1,5,1,0,1,10,10,11,3,5,10,15,10,7,2,0,0,10,5,9,16,3,19,11,10,5,3,0,7,19,18,1,4,12,9,15,18,7,7,0,3,18,11,1,9,16,19,11,19,2,0,13,16,19,16,19,14,11,3,10,18,19,19,6,18,7,15,2,12,16,9,6,4,11,13,14,19,6,11,5,10,3,10,0,0,10,9,19,18,17,6,12,6,3,11,2,9,9,5,13,19,8,7,6,6,3,10,11,19,5,8,15,15,18,1,5,1,0,1,10,10,11,3,5,10,15,10,7,2,0,0,10,5,9,16,3,19,11,10,5,3,0,7,19,18,1,4,12,9,15,18,7,7,0,3,18,11,1,9,16,19,11,19,2,0,0,0,0",-0.5208864,0.29026073,3.0,0.04489827,49.777435,0.046141576,1.0,0.046141576,0.30807862,0.012867254,0.0,0.0,0.04489827,0.0017200677,0.86216754,0.30807862,2.155646,1.2762359,49.777435,-0.5208864,3.8547182,204.16916,0.012365717,0.043654963,1.0,204.16916,0.2611251,0.13783246,2.155646,0.0017200677,0.013368791,0.29026073,0.0,1.2762359,3.8547182,0.012365717,0.5208864,0.0,0.013368791,0.5208864,0.5876161,0.043654963,1.0,0.012867254,lookahead,beam_orig1_bm1-s0to100br0
/work/T-REX/external/Proteina-Complexa/inference/search_binder_local_pipeline_32_PDL1_ALPHA_REPACK_v7_r003_cand_v7r003_hyp_0003_01_002_a2b1ae63664a8/job_0_n_233_id_4_beam_orig2_bm1-s0to100br0/job_0_n_233_id_4_beam_orig2_bm1-s0to100br0.pdb,18,"2,0,13,16,19,16,19,14,11,3,10,18,19,19,6,18,7,15,2,12,16,9,6,4,11,13,14,19,6,11,5,10,3,10,0,0,10,9,19,18,17,6,12,6,3,11,2,9,9,5,13,19,8,7,6,6,3,10,11,19,5,8,15,15,18,1,5,1,0,1,10,10,11,3,5,10,15,10,7,2,0,0,10,5,9,16,3,19,11,10,5,3,0,7,19,18,1,4,12,9,15,18,7,7,0,3,18,11,1,9,16,19,11,19,2,0,2,0,13,16,19,16,19,14,11,3,10,18,19,19,6,18,7,15,2,12,16,9,6,4,11,13,14,19,6,11,5,10,3,10,0,0,10,9,19,18,17,6,12,6,3,11,2,9,9,5,13,19,8,7,6,6,3,10,11,19,5,8,15,15,18,1,5,1,0,1,10,10,11,3,5,10,15,10,7,2,0,0,10,5,9,16,3,19,11,10,5,3,0,7,19,18,1,4,12,9,15,18,7,7,0,3,18,11,1,9,16,19,11,19,2,0,10",-0.534792,0.30371457,3.0,0.042261094,56.098568,0.046090018,1.0,0.046090018,0.31713924,0.012068573,0.0,0.0,0.042261094,0.0028402633,0.85776806,0.31713924,2.876968,1.3013988,56.098568,-0.534792,3.9177442,201.18106,0.011735806,0.03843217,1.0,201.18106,0.25860983,0.14223191,2.876968,0.0028402633,0.0124013405,0.30371457,0.0,1.3013988,3.9177442,0.011735806,0.534792,0.0,0.0124013405,0.534792,0.5844135,0.03843217,1.0,0.012068573,lookahead,beam_orig2_bm1-s0to100br0
/work/T-REX/external/Proteina-Complexa/inference/search_binder_local_pipeline_32_PDL1_ALPHA_REPACK_v7_r003_cand_v7r003_hyp_0003_01_002_a2b1ae63664a8/job_0_n_180_id_4_beam_orig3_bm1-s0to100br0/job_0_n_180_id_4_beam_orig3_bm1-s0to100br0.pdb,19,"2,0,13,16,19,16,19,14,11,3,10,18,19,19,6,18,7,15,2,12,16,9,6,4,11,13,14,19,6,11,5,10,3,10,0,0,10,9,19,18,17,6,12,6,3,11,2,9,9,5,13,19,8,7,6,6,3,10,11,19,5,8,15,15,18,1,5,1,0,1,10,10,11,3,5,10,15,10,7,2,0,0,10,5,9,16,3,19,11,10,5,3,0,7,19,18,1,4,12,9,15,18,7,7,0,3,18,11,1,9,16,19,11,19,2,0,0,18,0,2,1,7,13,19,18,11,9,10,11,6,18,3,10,0,9,6,3,18,2,1,0,9,6,10,11,14,3,13,0,6,0,18,11,2,1,7,3,19,18,11,6,10,11,1,18,3,10,0,9,6,3,18,2,1,0,10,6,10,3,14,0,0,0,0,0,0,0,0,0,0,0,0,0,0,0,0,0,0,0,0,0,0,0,0,0,0,0,0,0,0,0,0,0,0,0,0,0,0,0,0,0,0,0,0,0,0,0,0,0,0,0,0,0",-0.45717773,0.25077704,3.0,0.065498,117.99501,0.0714005,1.0,0.0714005,0.3202139,0.014734969,0.0,0.0,0.065498,0.0039357804,0.86398536,0.3202139,24.556322,1.4362404,117.99501,-0.45717773,3.7905548,231.13345,0.012916145,0.059595503,1.0,231.13345,0.3282087,0.13601463,24.556322,0.0039357804,0.016553793,0.25077704,0.0,1.4362404,3.7905548,0.012916145,0.45717773,0.0,0.016553793,0.45717773,0.6936796,0.059595503,1.0,0.014734969,lookahead,beam_orig3_bm1-s0to100br0
/work/T-REX/external/Proteina-Complexa/inference/search_binder_local_pipeline_32_PDL1_ALPHA_REPACK_v7_r003_cand_v7r003_hyp_0003_01_002_a2b1ae63664a8/job_0_n_176_id_5_beam_orig0_bm1-s0to100br1/job_0_n_176_id_5_beam_orig0_bm1-s0to100br1.pdb,20,"2,0,13,16,19,16,19,14,11,3,10,18,19,19,6,18,7,15,2,12,16,9,6,4,11,13,14,19,6,11,5,10,3,10,0,0,10,9,19,18,17,6,12,6,3,11,2,9,9,5,13,19,8,7,6,6,3,10,11,19,5,8,15,15,18,1,5,1,0,1,10,10,11,3,5,10,15,10,7,2,0,0,10,5,9,16,3,19,11,10,5,3,0,7,19,18,1,4,12,9,15,18,7,7,0,3,18,11,1,9,16,19,11,19,2,0,2,3,13,3,9,9,2,11,12,16,0,6,3,10,16,11,19,6,7,9,7,14,19,10,0,5,11,9,19,3,18,1,2,11,11,1,9,6,15,0,2,6,10,16,6,9,3,7,19,16,14,0,0,19,13,15,10,10,11,18,0,0,0,0,0,0,0,0,0,0,0,0,0,0,0,0,0,0,0,0,0,0,0,0,0,0,0,0,0,0,0,0,0,0,0,0,0,0,0,0,0,0,0,0,0,0,0,0,0,0,0,0,0,0,0,0,0",-0.24879442,0.11988201,3.0,0.25150385,66.34744,0.29508737,1.0,0.29508737,0.189796,0.25150385,0.0,0.0,0.25150385,0.0017731101,0.8940917,0.189796,3.5473704,1.6522863,66.34744,-0.24879442,2.6447258,181.65834,0.20792033,0.20792033,1.0,181.65834,0.6365365,0.10590826,3.5473704,0.0017731101,0.29508737,0.11988201,0.0,1.6522863,2.6447258,0.20792033,0.24879442,0.0,0.29508737,0.24879442,0.8036289,0.20792033,1.0,0.25150385,lookahead,beam_orig0_bm1-s0to100br1
/work/T-REX/external/Proteina-Complexa/inference/search_binder_local_pipeline_32_PDL1_ALPHA_REPACK_v7_r003_cand_v7r003_hyp_0003_01_002_a2b1ae63664a8/job_0_n_229_id_5_beam_orig1_bm1-s0to100br1/job_0_n_229_id_5_beam_orig1_bm1-s0to100br1.pdb,21,"2,0,13,16,19,16,19,14,11,3,10,18,19,19,6,18,7,15,2,12,16,9,6,4,11,13,14,19,6,11,5,10,3,10,0,0,10,9,19,18,17,6,12,6,3,11,2,9,9,5,13,19,8,7,6,6,3,10,11,19,5,8,15,15,18,1,5,1,0,1,10,10,11,3,5,10,15,10,7,2,0,0,10,5,9,16,3,19,11,10,5,3,0,7,19,18,1,4,12,9,15,18,7,7,0,3,18,11,1,9,16,19,11,19,2,0,16,19,16,19,14,11,3,10,18,19,19,6,18,7,15,2,12,16,9,6,4,11,13,14,19,6,11,5,10,3,10,0,0,10,9,19,18,17,6,12,6,3,11,2,9,9,5,13,19,8,7,6,6,3,10,11,19,5,8,15,15,18,1,5,1,0,1,10,10,11,3,5,10,15,10,7,2,0,0,10,5,9,16,3,19,11,10,5,3,0,7,19,18,1,4,12,9,15,18,7,7,0,3,18,11,1,9,16,19,11,19,2,0,0,0,0,0",-0.5351644,0.30734664,3.0,0.03901448,63.05346,0.041826557,1.0,0.041826557,0.31655526,0.011802174,0.0,0.0,0.03901448,0.001795859,0.8624329,0.31655526,5.396951,1.2958405,63.05346,-0.5351644,3.9103103,200.47484,0.01155911,0.036202405,1.0,200.47484,0.25407904,0.13756712,5.396951,0.001795859,0.012045238,0.30734664,0.0,1.2958405,3.9103103,0.01155911,0.5351644,0.0,0.012045238,0.5351644,0.58421147,0.036202405,1.0,0.011802174,lookahead,beam_orig1_bm1-s0to100br1
/work/T-REX/external/Proteina-Complexa/inference/search_binder_local_pipeline_32_PDL1_ALPHA_REPACK_v7_r003_cand_v7r003_hyp_0003_01_002_a2b1ae63664a8/job_0_n_233_id_5_beam_orig2_bm1-s0to100br1/job_0_n_233_id_5_beam_orig2_bm1-s0to100br1.pdb,22,"2,0,13,16,19,16,19,14,11,3,10,18,19,19,6,18,7,15,2,12,16,9,6,4,11,13,14,19,6,11,5,10,3,10,0,0,10,9,19,18,17,6,12,6,3,11,2,9,9,5,13,19,8,7,6,6,3,10,11,19,5,8,15,15,18,1,5,1,0,1,10,10,11,3,5,10,15,10,7,2,0,0,10,5,9,16,3,19,11,10,5,3,0,7,19,18,1,4,12,9,15,18,7,7,0,3,18,11,1,9,16,19,11,19,2,0,2,0,13,16,19,16,19,14,11,3,10,18,19,19,6,18,7,15,2,12,16,9,6,4,11,13,14,19,6,11,5,10,3,10,0,0,10,9,19,18,17,6,12,6,3,11,2,9,9,5,13,19,8,7,6,6,3,10,11,19,5,8,15,15,18,1,5,1,0,1,10,10,11,3,5,10,15,10,7,2,0,0,10,5,9,16,3,19,11,10,5,3,0,7,19,18,1,4,12,9,15,18,7,7,0,3,18,11,1,9,16,19,11,19,2,0,14",-0.52651525,0.2976423,3.0,0.04694172,63.060192,0.048993547,1.0,0.048993547,0.31144923,0.012290575,0.0,0.0,0.04694172,0.0028394936,0.8599311,0.31144923,3.1511507,1.2864485,63.060192,-0.52651525,3.90458,198.09425,0.011906724,0.044889893,1.0,198.09425,0.2633757,0.14006892,3.1511507,0.0028394936,0.012674424,0.2976423,0.0,1.2864485,3.90458,0.011906724,0.52651525,0.0,0.012674424,0.52651525,0.5879892,0.044889893,1.0,0.012290575,lookahead,beam_orig2_bm1-s0to100br1
/work/T-REX/external/Proteina-Complexa/inference/search_binder_local_pipeline_32_PDL1_ALPHA_REPACK_v7_r003_cand_v7r003_hyp_0003_01_002_a2b1ae63664a8/job_0_n_180_id_5_beam_orig3_bm1-s0to100br1/job_0_n_180_id_5_beam_orig3_bm1-s0to100br1.pdb,23,"2,0,13,16,19,16,19,14,11,3,10,18,19,19,6,18,7,15,2,12,16,9,6,4,11,13,14,19,6,11,5,10,3,10,0,0,10,9,19,18,17,6,12,6,3,11,2,9,9,5,13,19,8,7,6,6,3,10,11,19,5,8,15,15,18,1,5,1,0,1,10,10,11,3,5,10,15,10,7,2,0,0,10,5,9,16,3,19,11,10,5,3,0,7,19,18,1,4,12,9,15,18,7,7,0,3,18,11,1,9,16,19,11,19,2,0,12,15,19,7,3,16,10,10,8,10,0,0,11,2,7,8,10,6,10,19,11,19,10,10,11,8,7,0,3,19,2,0,9,3,11,18,7,11,16,14,10,8,10,0,0,2,2,7,8,10,6,9,19,6,6,10,10,11,8,7,0,3,19,2,0,0,0,0,0,0,0,0,0,0,0,0,0,0,0,0,0,0,0,0,0,0,0,0,0,0,0,0,0,0,0,0,0,0,0,0,0,0,0,0,0,0,0,0,0,0,0,0,0,0,0,0,0",-0.4499455,0.2510234,3.0,0.067353,95.05644,0.06917781,1.0,0.06917781,0.3175854,0.015513323,0.0,0.0,0.067353,0.005735322,0.8286329,0.3175854,5.708786,1.4070482,95.05644,-0.4499455,3.387692,245.22762,0.013307174,0.0655282,1.0,245.22762,0.32747418,0.17136712,5.708786,0.005735322,0.017719474,0.2510234,0.0,1.4070482,3.387692,0.013307174,0.4499455,0.0,0.017719474,0.4499455,0.69002944,0.0655282,1.0,0.015513323,lookahead,beam_orig3_bm1-s0to100br1
/work/T-REX/external/Proteina-Complexa/inference/search_binder_local_pipeline_32_PDL1_ALPHA_REPACK_v7_r003_cand_v7r003_hyp_0003_01_002_a2b1ae63664a8/job_0_n_176_id_6_beam_orig0_bm1-s0to100br2/job_0_n_176_id_6_beam_orig0_bm1-s0to100br2.pdb,24,"2,0,13,16,19,16,19,14,11,3,10,18,19,19,6,18,7,15,2,12,16,9,6,4,11,13,14,19,6,11,5,10,3,10,0,0,10,9,19,18,17,6,12,6,3,11,2,9,9,5,13,19,8,7,6,6,3,10,11,19,5,8,15,15,18,1,5,1,0,1,10,10,11,3,5,10,15,10,7,2,0,0,10,5,9,16,3,19,11,10,5,3,0,7,19,18,1,4,12,9,15,18,7,7,0,3,18,11,1,9,16,19,11,19,2,0,3,5,0,1,10,6,0,9,9,16,3,13,10,15,7,1,9,16,0,0,6,10,1,3,1,10,1,3,6,3,5,2,6,6,11,9,5,17,10,10,2,15,9,19,16,1,11,18,16,19,6,6,10,16,5,11,10,19,0,18,0,0,0,0,0,0,0,0,0,0,0,0,0,0,0,0,0,0,0,0,0,0,0,0,0,0,0,0,0,0,0,0,0,0,0,0,0,0,0,0,0,0,0,0,0,0,0,0,0,0,0,0,0,0,0,0,0",-0.5899226,0.37413046,3.0,0.009468944,79.39271,0.013050262,1.0,0.013050262,0.43472403,0.0,0.0,0.0,0.009468944,0.0013872465,0.68985915,0.43472403,9.291685,2.0119054,79.39271,-0.5899226,3.9148505,235.7968,0.0,0.0058876253,1.0,235.7968,0.19566971,0.31014082,9.291685,0.0013872465,0.0,0.37413046,0.0,2.0119054,3.9148505,0.0,0.5899226,0.0,0.0,0.5899226,0.65526456,0.0058876253,1.0,0.0,lookahead,beam_orig0_bm1-s0to100br2
/work/T-REX/external/Proteina-Complexa/inference/search_binder_local_pipeline_32_PDL1_ALPHA_REPACK_v7_r003_cand_v7r003_hyp_0003_01_002_a2b1ae63664a8/job_0_n_229_id_6_beam_orig1_bm1-s0to100br2/job_0_n_229_id_6_beam_orig1_bm1-s0to100br2.pdb,25,"2,0,13,16,19,16,19,14,11,3,10,18,19,19,6,18,7,15,2,12,16,9,6,4,11,13,14,19,6,11,5,10,3,10,0,0,10,9,19,18,17,6,12,6,3,11,2,9,9,5,13,19,8,7,6,6,3,10,11,19,5,8,15,15,18,1,5,1,0,1,10,10,11,3,5,10,15,10,7,2,0,0,10,5,9,16,3,19,11,10,5,3,0,7,19,18,1,4,12,9,15,18,7,7,0,3,18,11,1,9,16,19,11,19,2,0,0,13,16,19,16,19,14,11,3,10,18,19,19,6,18,7,15,2,12,16,9,6,4,11,13,14,19,6,11,5,10,3,10,0,0,10,9,19,18,17,6,12,6,3,11,2,9,9,5,13,19,8,7,6,6,3,10,11,19,5,8,15,15,18,1,5,1,0,1,10,10,11,3,5,10,15,10,7,2,0,0,10,5,9,16,3,19,11,10,5,3,0,7,19,18,1,4,12,9,15,18,7,7,0,3,18,11,1,9,16,19,11,19,0,0,0,0",-0.5176612,0.28862017,3.0,0.048902117,67.703865,0.05113766,1.0,0.05113766,0.30678272,0.012831965,0.0,0.0,0.048902117,0.0017852746,0.86116344,0.30678272,3.0092428,1.2733458,67.703865,-0.5176612,3.832209,212.29477,0.012453262,0.046666574,1.0,212.29477,0.26811928,0.13883656,3.0092428,0.0017852746,0.013210668,0.28862017,0.0,1.2733458,3.832209,0.012453262,0.5176612,0.0,0.013210668,0.5176612,0.5915557,0.046666574,1.0,0.012831965,lookahead,beam_orig1_bm1-s0to100br2
/work/T-REX/external/Proteina-Complexa/inference/search_binder_local_pipeline_32_PDL1_ALPHA_REPACK_v7_r003_cand_v7r003_hyp_0003_01_002_a2b1ae63664a8/job_0_n_233_id_6_beam_orig2_bm1-s0to100br2/job_0_n_233_id_6_beam_orig2_bm1-s0to100br2.pdb,26,"2,0,13,16,19,16,19,14,11,3,10,18,19,19,6,18,7,15,2,12,16,9,6,4,11,13,14,19,6,11,5,10,3,10,0,0,10,9,19,18,17,6,12,6,3,11,2,9,9,5,13,19,8,7,6,6,3,10,11,19,5,8,15,15,18,1,5,1,0,1,10,10,11,3,5,10,15,10,7,2,0,0,10,5,9,16,3,19,11,10,5,3,0,7,19,18,1,4,12,9,15,18,7,7,0,3,18,11,1,9,16,19,11,19,2,0,2,0,13,16,19,16,19,14,11,3,10,18,19,19,6,18,7,15,2,12,16,9,6,4,11,13,14,19,6,11,5,10,3,10,0,0,10,9,19,18,17,6,12,6,3,11,2,9,9,5,13,19,8,7,6,6,3,10,11,19,5,8,15,15,18,1,5,1,0,1,10,10,11,3,5,10,15,10,7,2,0,0,10,5,9,16,3,19,11,10,5,3,0,7,19,18,1,4,12,9,15,18,7,7,0,3,18,11,1,9,16,19,11,19,2,0,14",-0.52818733,0.30007824,3.0,0.047520295,57.48772,0.050539892,1.0,0.050539892,0.3124702,0.012438676,0.0,0.0,0.047520295,0.0028333273,0.8597524,0.3124702,3.911007,1.2911748,57.48772,-0.52818733,3.906617,196.98766,0.012235664,0.044500694,1.0,196.98766,0.26337904,0.14024755,3.911007,0.0028333273,0.012641689,0.30007824,0.0,1.2911748,3.906617,0.012235664,0.52818733,0.0,0.012641689,0.52818733,0.5877067,0.044500694,1.0,0.012438676,lookahead,beam_orig2_bm1-s0to100br2
/work/T-REX/external/Proteina-Complexa/inference/search_binder_local_pipeline_32_PDL1_ALPHA_REPACK_v7_r003_cand_v7r003_hyp_0003_01_002_a2b1ae63664a8/job_0_n_180_id_6_beam_orig3_bm1-s0to100br2/job_0_n_180_id_6_beam_orig3_bm1-s0to100br2.pdb,27,"2,0,13,16,19,16,19,14,11,3,10,18,19,19,6,18,7,15,2,12,16,9,6,4,11,13,14,19,6,11,5,10,3,10,0,0,10,9,19,18,17,6,12,6,3,11,2,9,9,5,13,19,8,7,6,6,3,10,11,19,5,8,15,15,18,1,5,1,0,1,10,10,11,3,5,10,15,10,7,2,0,0,10,5,9,16,3,19,11,10,5,3,0,7,19,18,1,4,12,9,15,18,7,7,0,3,18,11,1,9,16,19,11,19,2,0,6,19,3,6,19,9,6,11,1,3,19,3,10,10,0,0,10,13,10,6,3,2,14,10,19,5,7,18,19,13,15,11,10,10,5,6,3,1,19,13,10,2,11,19,10,3,1,0,6,6,10,1,11,6,7,11,16,9,6,6,19,13,14,0,0,0,0,0,0,0,0,0,0,0,0,0,0,0,0,0,0,0,0,0,0,0,0,0,0,0,0,0,0,0,0,0,0,0,0,0,0,0,0,0,0,0,0,0,0,0,0,0,0,0,0,0,0",-0.34492242,0.14461197,3.0,0.15896027,44.76823,0.20554413,1.0,0.20554413,0.26652238,0.14102808,0.0,0.0,0.15896027,0.008645956,0.79170513,0.26652238,2.1809537,1.867091,44.76823,-0.34492242,3.0611236,201.05922,0.0960832,0.1123764,1.0,201.05922,0.4784933,0.20829484,2.1809537,0.008645956,0.18597296,0.14461197,0.0,1.867091,3.0611236,0.0960832,0.34492242,0.0,0.18597296,0.34492242,0.75239503,0.1123764,1.0,0.14102808,lookahead,beam_orig3_bm1-s0to100br2
/work/T-REX/external/Proteina-Complexa/inference/search_binder_local_pipeline_32_PDL1_ALPHA_REPACK_v7_r003_cand_v7r003_hyp_0003_01_002_a2b1ae63664a8/job_0_n_176_id_7_beam_orig0_bm1-s0to100br3/job_0_n_176_id_7_beam_orig0_bm1-s0to100br3.pdb,28,"2,0,13,16,19,16,19,14,11,3,10,18,19,19,6,18,7,15,2,12,16,9,6,4,11,13,14,19,6,11,5,10,3,10,0,0,10,9,19,18,17,6,12,6,3,11,2,9,9,5,13,19,8,7,6,6,3,10,11,19,5,8,15,15,18,1,5,1,0,1,10,10,11,3,5,10,15,10,7,2,0,0,10,5,9,16,3,19,11,10,5,3,0,7,19,18,1,4,12,9,15,18,7,7,0,3,18,11,1,9,16,19,11,19,2,0,7,15,9,6,15,18,13,16,5,7,6,10,0,9,10,11,5,5,10,11,10,6,11,19,6,6,10,10,2,10,15,2,6,3,10,9,11,13,1,7,19,19,15,3,3,13,18,5,3,12,19,11,11,9,11,0,0,11,6,13,0,0,0,0,0,0,0,0,0,0,0,0,0,0,0,0,0,0,0,0,0,0,0,0,0,0,0,0,0,0,0,0,0,0,0,0,0,0,0,0,0,0,0,0,0,0,0,0,0,0,0,0,0,0,0,0,0",-0.21247894,0.07970241,3.0,0.3877886,33.190643,0.46880525,1.0,0.46880525,0.17362331,0.3877886,0.0,0.0,0.3877886,0.003745856,0.8705085,0.17362331,1.2675763,1.8743112,33.190643,-0.21247894,2.3493664,168.76276,0.30677193,0.30677193,1.0,168.76276,0.71047235,0.12949152,1.2675763,0.003745856,0.46880525,0.07970241,0.0,1.8743112,2.3493664,0.30677193,0.21247894,0.0,0.46880525,0.21247894,0.8322767,0.30677193,1.0,0.3877886,lookahead,beam_orig0_bm1-s0to100br3
/work/T-REX/external/Proteina-Complexa/inference/search_binder_local_pipeline_32_PDL1_ALPHA_REPACK_v7_r003_cand_v7r003_hyp_0003_01_002_a2b1ae63664a8/job_0_n_229_id_7_beam_orig1_bm1-s0to100br3/job_0_n_229_id_7_beam_orig1_bm1-s0to100br3.pdb,29,"2,0,13,16,19,16,19,14,11,3,10,18,19,19,6,18,7,15,2,12,16,9,6,4,11,13,14,19,6,11,5,10,3,10,0,0,10,9,19,18,17,6,12,6,3,11,2,9,9,5,13,19,8,7,6,6,3,10,11,19,5,8,15,15,18,1,5,1,0,1,10,10,11,3,5,10,15,10,7,2,0,0,10,5,9,16,3,19,11,10,5,3,0,7,19,18,1,4,12,9,15,18,7,7,0,3,18,11,1,9,16,19,11,19,2,0,13,16,19,16,19,14,11,3,10,18,19,19,6,18,7,15,2,12,16,9,6,4,11,13,14,19,6,11,5,10,3,10,0,0,10,9,19,18,17,6,12,6,3,11,2,9,9,5,13,19,8,7,6,6,3,10,11,19,5,8,15,15,18,1,5,1,0,1,10,10,11,3,5,10,15,10,7,2,0,0,10,5,9,16,3,19,11,10,5,3,0,7,19,18,1,4,12,9,15,18,7,7,0,3,18,11,1,9,16,19,11,19,2,0,0,0,0",-0.5244008,0.2929839,3.0,0.04225492,42.947586,0.043372605,1.0,0.043372605,0.3101098,0.012560118,0.0,0.0,0.04225492,0.0016889261,0.86114585,0.3101098,1.4200721,1.2778591,42.947586,-0.5244008,3.8514836,198.97395,0.012451893,0.041137237,1.0,198.97395,0.25481156,0.13885418,1.4200721,0.0016889261,0.012668344,0.2929839,0.0,1.2778591,3.8514836,0.012451893,0.5244008,0.0,0.012668344,0.5244008,0.584436,0.041137237,1.0,0.012560118,lookahead,beam_orig1_bm1-s0to100br3
/work/T-REX/external/Proteina-Complexa/inference/search_binder_local_pipeline_32_PDL1_ALPHA_REPACK_v7_r003_cand_v7r003_hyp_0003_01_002_a2b1ae63664a8/job_0_n_233_id_7_beam_orig2_bm1-s0to100br3/job_0_n_233_id_7_beam_orig2_bm1-s0to100br3.pdb,30,"2,0,13,16,19,16,19,14,11,3,10,18,19,19,6,18,7,15,2,12,16,9,6,4,11,13,14,19,6,11,5,10,3,10,0,0,10,9,19,18,17,6,12,6,3,11,2,9,9,5,13,19,8,7,6,6,3,10,11,19,5,8,15,15,18,1,5,1,0,1,10,10,11,3,5,10,15,10,7,2,0,0,10,5,9,16,3,19,11,10,5,3,0,7,19,18,1,4,12,9,15,18,7,7,0,3,18,11,1,9,16,19,11,19,2,0,2,0,13,16,19,16,19,14,11,3,10,18,19,19,6,18,7,15,2,12,16,9,6,4,11,13,14,19,6,11,5,10,3,10,0,0,10,9,19,18,17,6,12,6,3,11,2,9,9,5,13,19,8,7,6,6,3,10,11,19,5,8,15,15,18,1,5,1,0,1,10,10,11,3,5,10,15,10,7,2,0,0,10,5,9,16,3,19,11,10,5,3,0,7,19,18,1,4,12,9,15,18,7,7,0,3,18,11,1,9,16,19,11,19,2,0,10",-0.52919984,0.2971851,3.0,0.04654706,59.827133,0.049761467,1.0,0.049761467,0.3141744,0.012349168,0.0,0.0,0.04654706,0.0028952193,0.8581004,0.3141744,3.0566332,1.2990893,59.827133,-0.52919984,3.9033325,198.65363,0.012130677,0.04333265,1.0,198.65363,0.2621322,0.14189957,3.0566332,0.0028952193,0.012567658,0.2971851,0.0,1.2990893,3.9033325,0.012130677,0.52919984,0.0,0.012567658,0.52919984,0.58665985,0.04333265,1.0,0.012349168,lookahead,beam_orig2_bm1-s0to100br3
/work/T-REX/external/Proteina-Complexa/inference/search_binder_local_pipeline_32_PDL1_ALPHA_REPACK_v7_r003_cand_v7r003_hyp_0003_01_002_a2b1ae63664a8/job_0_n_180_id_7_beam_orig3_bm1-s0to100br3/job_0_n_180_id_7_beam_orig3_bm1-s0to100br3.pdb,31,"2,0,13,16,19,16,19,14,11,3,10,18,19,19,6,18,7,15,2,12,16,9,6,4,11,13,14,19,6,11,5,10,3,10,0,0,10,9,19,18,17,6,12,6,3,11,2,9,9,5,13,19,8,7,6,6,3,10,11,19,5,8,15,15,18,1,5,1,0,1,10,10,11,3,5,10,15,10,7,2,0,0,10,5,9,16,3,19,11,10,5,3,0,7,19,18,1,4,12,9,15,18,7,7,0,3,18,11,1,9,16,19,11,19,2,0,15,11,6,3,10,11,11,6,0,3,6,1,12,15,6,7,1,6,0,13,6,0,7,3,10,3,10,0,6,11,11,13,10,6,0,1,3,9,18,11,15,10,7,3,1,19,7,6,9,13,15,10,5,6,10,9,11,19,18,6,0,5,7,11,0,0,0,0,0,0,0,0,0,0,0,0,0,0,0,0,0,0,0,0,0,0,0,0,0,0,0,0,0,0,0,0,0,0,0,0,0,0,0,0,0,0,0,0,0,0,0,0,0,0,0,0,0",-0.6066688,0.3463747,3.0,0.006894711,115.34459,0.0074373893,1.0,0.0074373893,0.41490927,0.0061797234,0.0,0.0,0.006894711,0.004836155,0.8075222,0.41490927,21.307707,1.3337936,115.34459,-0.6066688,3.8845158,216.77075,0.0,0.0063520325,1.0,216.77075,0.17313607,0.1924778,21.307707,0.004836155,0.012359447,0.3463747,0.0,1.3337936,3.8845158,0.0,0.6066688,0.0,0.012359447,0.6066688,0.6365521,0.0063520325,1.0,0.0061797234,lookahead,beam_orig3_bm1-s0to100br3
/work/T-REX/external/Proteina-Complexa/inference/search_binder_local_pipeline_32_PDL1_ALPHA_REPACK_v7_r003_cand_v7r003_hyp_0003_01_002_a2b1ae63664a8/job_0_n_176_id_8_beam_orig0_bm2-s0to100br0/job_0_n_176_id_8_beam_orig0_bm2-s0to100br0.pdb,32,"2,0,13,16,19,16,19,14,11,3,10,18,19,19,6,18,7,15,2,12,16,9,6,4,11,13,14,19,6,11,5,10,3,10,0,0,10,9,19,18,17,6,12,6,3,11,2,9,9,5,13,19,8,7,6,6,3,10,11,19,5,8,15,15,18,1,5,1,0,1,10,10,11,3,5,10,15,10,7,2,0,0,10,5,9,16,3,19,11,10,5,3,0,7,19,18,1,4,12,9,15,18,7,7,0,3,18,11,1,9,16,19,11,19,2,0,15,10,1,3,11,19,5,11,0,13,6,6,10,3,10,14,14,6,2,9,3,11,0,19,13,10,10,11,15,10,3,7,2,9,3,0,13,0,16,6,12,19,11,5,7,13,19,11,14,6,3,11,3,6,10,11,1,10,10,15,0,0,0,0,0,0,0,0,0,0,0,0,0,0,0,0,0,0,0,0,0,0,0,0,0,0,0,0,0,0,0,0,0,0,0,0,0,0,0,0,0,0,0,0,0,0,0,0,0,0,0,0,0,0,0,0,0",-0.5061287,0.29356056,3.0,0.030099638,72.3091,0.038478766,1.0,0.038478766,0.35805473,0.014003338,0.0,0.0,0.030099638,0.0014085353,0.8087677,0.35805473,7.9784164,1.5799313,72.3091,-0.5061287,3.615504,193.74176,0.012618897,0.021720508,1.0,193.74176,0.26038587,0.1912323,7.9784164,0.0014085353,0.015387779,0.29356056,0.0,1.5799313,3.615504,0.012618897,0.5061287,0.0,0.015387779,0.5061287,0.67731154,0.021720508,1.0,0.014003338,lookahead,beam_orig0_bm2-s0to100br0
/work/T-REX/external/Proteina-Complexa/inference/search_binder_local_pipeline_32_PDL1_ALPHA_REPACK_v7_r003_cand_v7r003_hyp_0003_01_002_a2b1ae63664a8/job_0_n_229_id_8_beam_orig1_bm2-s0to100br0/job_0_n_229_id_8_beam_orig1_bm2-s0to100br0.pdb,33,"2,0,13,16,19,16,19,14,11,3,10,18,19,19,6,18,7,15,2,12,16,9,6,4,11,13,14,19,6,11,5,10,3,10,0,0,10,9,19,18,17,6,12,6,3,11,2,9,9,5,13,19,8,7,6,6,3,10,11,19,5,8,15,15,18,1,5,1,0,1,10,10,11,3,5,10,15,10,7,2,0,0,10,5,9,16,3,19,11,10,5,3,0,7,19,18,1,4,12,9,15,18,7,7,0,3,18,11,1,9,16,19,11,19,2,0,16,19,16,19,14,11,3,10,18,19,19,6,18,7,15,2,12,16,9,6,4,11,13,14,19,6,11,5,10,3,10,0,0,10,9,19,18,17,6,12,6,3,11,2,9,9,5,13,19,8,7,6,6,3,10,11,19,5,8,15,15,18,1,5,1,0,1,10,10,11,3,5,10,15,10,7,2,0,0,10,5,9,16,3,19,11,10,5,3,0,7,19,18,1,4,12,9,15,18,7,7,0,3,18,11,1,9,16,19,11,19,2,0,0,0,0,0",-0.52948195,0.2920757,3.0,0.04191613,85.01569,0.04356667,1.0,0.04356667,0.31249544,0.012709671,0.0,0.0,0.04191613,0.0016054711,0.8663055,0.31249544,6.340748,1.2815851,85.01569,-0.52948195,3.8260589,198.92508,0.0123952,0.040265586,1.0,198.92508,0.25766087,0.13369454,6.340748,0.0016054711,0.013024141,0.2920757,0.0,1.2815851,3.8260589,0.0123952,0.52948195,0.0,0.013024141,0.52948195,0.5900054,0.040265586,1.0,0.012709671,lookahead,beam_orig1_bm2-s0to100br0
/work/T-REX/external/Proteina-Complexa/inference/search_binder_local_pipeline_32_PDL1_ALPHA_REPACK_v7_r003_cand_v7r003_hyp_0003_01_002_a2b1ae63664a8/job_0_n_233_id_8_beam_orig2_bm2-s0to100br0/job_0_n_233_id_8_beam_orig2_bm2-s0to100br0.pdb,34,"2,0,13,16,19,16,19,14,11,3,10,18,19,19,6,18,7,15,2,12,16,9,6,4,11,13,14,19,6,11,5,10,3,10,0,0,10,9,19,18,17,6,12,6,3,11,2,9,9,5,13,19,8,7,6,6,3,10,11,19,5,8,15,15,18,1,5,1,0,1,10,10,11,3,5,10,15,10,7,2,0,0,10,5,9,16,3,19,11,10,5,3,0,7,19,18,1,4,12,9,15,18,7,7,0,3,18,11,1,9,16,19,11,19,2,0,0,2,0,13,16,19,16,19,14,11,3,10,18,19,19,6,18,7,15,2,12,16,9,6,4,11,13,14,19,6,11,5,10,3,10,0,0,10,9,19,18,17,6,12,6,3,11,2,9,9,5,13,19,8,7,6,6,3,10,11,19,5,8,15,15,18,1,5,1,0,1,10,10,11,3,5,10,15,10,7,2,0,0,10,5,9,16,3,19,11,10,5,3,0,7,19,18,1,4,12,9,15,18,7,7,0,3,18,11,1,9,16,19,11,19,2,0",-0.53402805,0.29867995,3.0,0.042892657,74.998024,0.046349116,1.0,0.046349116,0.31664655,0.012180772,0.0,0.0,0.042892657,0.005367245,0.85628766,0.31664655,3.2163754,1.297958,74.998024,-0.53402805,3.9017675,217.69946,0.011913313,0.039436195,1.0,217.69946,0.2582965,0.14371233,3.2163754,0.005367245,0.012448232,0.29867995,0.0,1.297958,3.9017675,0.011913313,0.53402805,0.0,0.012448232,0.53402805,0.58390176,0.039436195,1.0,0.012180772,lookahead,beam_orig2_bm2-s0to100br0
/work/T-REX/external/Proteina-Complexa/inference/search_binder_local_pipeline_32_PDL1_ALPHA_REPACK_v7_r003_cand_v7r003_hyp_0003_01_002_a2b1ae63664a8/job_0_n_180_id_8_beam_orig3_bm2-s0to100br0/job_0_n_180_id_8_beam_orig3_bm2-s0to100br0.pdb,35,"2,0,13,16,19,16,19,14,11,3,10,18,19,19,6,18,7,15,2,12,16,9,6,4,11,13,14,19,6,11,5,10,3,10,0,0,10,9,19,18,17,6,12,6,3,11,2,9,9,5,13,19,8,7,6,6,3,10,11,19,5,8,15,15,18,1,5,1,0,1,10,10,11,3,5,10,15,10,7,2,0,0,10,5,9,16,3,19,11,10,5,3,0,7,19,18,1,4,12,9,15,18,7,7,0,3,18,11,1,9,16,19,11,19,2,0,10,3,18,13,2,1,7,9,19,1,11,9,5,2,11,10,3,10,0,9,6,3,13,2,1,0,9,6,10,11,14,2,13,0,6,0,18,0,6,1,7,2,9,18,11,6,5,2,11,10,3,10,0,10,11,3,18,6,6,0,10,11,10,15,0,0,0,0,0,0,0,0,0,0,0,0,0,0,0,0,0,0,0,0,0,0,0,0,0,0,0,0,0,0,0,0,0,0,0,0,0,0,0,0,0,0,0,0,0,0,0,0,0,0,0,0,0",-0.5887686,0.35961175,3.0,0.010131081,86.57592,0.013929804,1.0,0.013929804,0.40405914,0.0061750873,0.0,0.0,0.010131081,0.002632833,0.80994344,0.40405914,8.79605,1.3320563,86.57592,-0.5887686,3.904307,197.91028,0.0,0.0063323574,1.0,197.91028,0.18549064,0.19005656,8.79605,0.002632833,0.012350175,0.35961175,0.0,1.3320563,3.904307,0.0,0.5887686,0.0,0.012350175,0.5887686,0.64561707,0.0063323574,1.0,0.0061750873,lookahead,beam_orig3_bm2-s0to100br0
/work/T-REX/external/Proteina-Complexa/inference/search_binder_local_pipeline_32_PDL1_ALPHA_REPACK_v7_r003_cand_v7r003_hyp_0003_01_002_a2b1ae63664a8/job_0_n_176_id_9_beam_orig0_bm2-s0to100br1/job_0_n_176_id_9_beam_orig0_bm2-s0to100br1.pdb,36,"2,0,13,16,19,16,19,14,11,3,10,18,19,19,6,18,7,15,2,12,16,9,6,4,11,13,14,19,6,11,5,10,3,10,0,0,10,9,19,18,17,6,12,6,3,11,2,9,9,5,13,19,8,7,6,6,3,10,11,19,5,8,15,15,18,1,5,1,0,1,10,10,11,3,5,10,15,10,7,2,0,0,10,5,9,16,3,19,11,10,5,3,0,7,19,18,1,4,12,9,15,18,7,7,0,3,18,11,1,9,16,19,11,19,2,0,12,10,11,3,9,13,3,11,18,0,16,3,7,19,10,2,11,2,5,9,0,9,10,10,1,3,9,11,11,6,15,11,9,13,3,19,10,1,6,12,7,3,11,5,15,9,2,13,6,6,13,19,11,9,4,11,5,13,9,10,0,0,0,0,0,0,0,0,0,0,0,0,0,0,0,0,0,0,0,0,0,0,0,0,0,0,0,0,0,0,0,0,0,0,0,0,0,0,0,0,0,0,0,0,0,0,0,0,0,0,0,0,0,0,0,0,0",-0.3944619,0.19621325,3.0,0.09933062,42.33958,0.12190768,1.0,0.12190768,0.2916802,0.03269087,0.0,0.0,0.09933062,0.0017010322,0.8234162,0.2916802,3.1217241,1.7764663,42.33958,-0.3944619,3.281819,182.94814,0.028489968,0.076753564,1.0,182.94814,0.40701163,0.17658383,3.1217241,0.0017010322,0.036891777,0.19621325,0.0,1.7764663,3.281819,0.028489968,0.3944619,0.0,0.036891777,0.3944619,0.72479945,0.076753564,1.0,0.03269087,lookahead,beam_orig0_bm2-s0to100br1
/work/T-REX/external/Proteina-Complexa/inference/search_binder_local_pipeline_32_PDL1_ALPHA_REPACK_v7_r003_cand_v7r003_hyp_0003_01_002_a2b1ae63664a8/job_0_n_229_id_9_beam_orig1_bm2-s0to100br1/job_0_n_229_id_9_beam_orig1_bm2-s0to100br1.pdb,37,"2,0,13,16,19,16,19,14,11,3,10,18,19,19,6,18,7,15,2,12,16,9,6,4,11,13,14,19,6,11,5,10,3,10,0,0,10,9,19,18,17,6,12,6,3,11,2,9,9,5,13,19,8,7,6,6,3,10,11,19,5,8,15,15,18,1,5,1,0,1,10,10,11,3,5,10,15,10,7,2,0,0,10,5,9,16,3,19,11,10,5,3,0,7,19,18,1,4,12,9,15,18,7,7,0,3,18,11,1,9,16,19,11,19,2,0,0,13,16,19,16,19,14,11,3,10,18,19,19,6,18,7,15,2,12,16,9,6,4,11,13,14,19,6,11,5,10,3,10,0,0,10,9,19,18,17,6,12,6,3,11,2,9,9,5,13,19,8,7,6,6,3,10,11,19,5,8,15,15,18,1,5,1,0,1,10,10,11,3,5,10,15,10,7,2,0,0,10,5,9,16,3,19,11,10,5,3,0,7,19,18,1,4,12,9,15,18,7,7,0,3,18,11,1,9,16,19,11,19,0,0,0,0",-0.5204505,0.29315177,3.0,0.049064096,58.404583,0.05205899,1.0,0.05205899,0.30860424,0.0125067495,0.0,0.0,0.049064096,0.0017965304,0.86051095,0.30860424,5.120825,1.2810847,58.404583,-0.5204505,3.8381505,201.85367,0.012141388,0.0460692,1.0,201.85367,0.26785392,0.13948904,5.120825,0.0017965304,0.01287211,0.29315177,0.0,1.2810847,3.8381505,0.012141388,0.5204505,0.0,0.01287211,0.5204505,0.59125924,0.0460692,1.0,0.0125067495,lookahead,beam_orig1_bm2-s0to100br1
/work/T-REX/external/Proteina-Complexa/inference/search_binder_local_pipeline_32_PDL1_ALPHA_REPACK_v7_r003_cand_v7r003_hyp_0003_01_002_a2b1ae63664a8/job_0_n_233_id_9_beam_orig2_bm2-s0to100br1/job_0_n_233_id_9_beam_orig2_bm2-s0to100br1.pdb,38,"2,0,13,16,19,16,19,14,11,3,10,18,19,19,6,18,7,15,2,12,16,9,6,4,11,13,14,19,6,11,5,10,3,10,0,0,10,9,19,18,17,6,12,6,3,11,2,9,9,5,13,19,8,7,6,6,3,10,11,19,5,8,15,15,18,1,5,1,0,1,10,10,11,3,5,10,15,10,7,2,0,0,10,5,9,16,3,19,11,10,5,3,0,7,19,18,1,4,12,9,15,18,7,7,0,3,18,11,1,9,16,19,11,19,2,0,0,13,16,19,16,19,14,11,3,10,18,19,19,6,18,7,15,2,12,16,9,6,4,11,13,14,19,6,11,5,10,3,10,0,0,10,9,19,18,17,6,12,6,3,11,2,9,9,5,13,19,8,7,6,6,3,10,11,19,5,8,15,15,18,1,5,1,0,1,10,10,11,3,5,10,15,10,7,2,0,0,10,5,9,16,3,19,11,10,5,3,0,7,19,18,1,4,12,9,15,18,7,7,0,3,18,11,1,9,16,19,11,19,2,0,14,19",-0.52559227,0.29293656,3.0,0.049019076,60.548664,0.051763143,1.0,0.051763143,0.3110873,0.012535978,0.0,0.0,0.049019076,0.0030415575,0.86059487,0.3110873,4.674241,1.2897266,60.548664,-0.52559227,3.9204488,198.8371,0.01218727,0.04627501,1.0,198.8371,0.26461083,0.13940513,4.674241,0.0030415575,0.012884685,0.29293656,0.0,1.2897266,3.9204488,0.01218727,0.52559227,0.0,0.012884685,0.52559227,0.5892495,0.04627501,1.0,0.012535978,lookahead,beam_orig2_bm2-s0to100br1
/work/T-REX/external/Proteina-Complexa/inference/search_binder_local_pipeline_32_PDL1_ALPHA_REPACK_v7_r003_cand_v7r003_hyp_0003_01_002_a2b1ae63664a8/job_0_n_180_id_9_beam_orig3_bm2-s0to100br1/job_0_n_180_id_9_beam_orig3_bm2-s0to100br1.pdb,39,"2,0,13,16,19,16,19,14,11,3,10,18,19,19,6,18,7,15,2,12,16,9,6,4,11,13,14,19,6,11,5,10,3,10,0,0,10,9,19,18,17,6,12,6,3,11,2,9,9,5,13,19,8,7,6,6,3,10,11,19,5,8,15,15,18,1,5,1,0,1,10,10,11,3,5,10,15,10,7,2,0,0,10,5,9,16,3,19,11,10,5,3,0,7,19,18,1,4,12,9,15,18,7,7,0,3,18,11,1,9,16,19,11,19,2,0,0,5,0,18,18,2,1,7,2,0,1,13,9,11,7,2,10,3,10,0,9,6,3,18,15,1,0,9,6,10,11,14,3,13,0,12,0,18,18,2,1,7,2,0,18,11,6,11,7,2,10,3,10,0,9,6,3,18,6,16,0,10,11,10,0,0,0,0,0,0,0,0,0,0,0,0,0,0,0,0,0,0,0,0,0,0,0,0,0,0,0,0,0,0,0,0,0,0,0,0,0,0,0,0,0,0,0,0,0,0,0,0,0,0,0,0,0",-0.6742488,0.48720586,3.0,0.002900121,120.27467,0.005800242,1.0,0.005800242,0.45414564,0.0,0.0,0.0,0.002900121,0.0016877288,0.8348512,0.45414564,13.492606,1.1341456,120.27467,-0.6742488,4.2472625,226.67378,0.0,0.0,1.0,226.67378,0.15137324,0.1651488,13.492606,0.0016877288,0.0,0.48720586,0.0,1.1341456,4.2472625,0.0,0.6742488,0.0,0.0,0.6742488,0.628204,0.0,1.0,0.0,lookahead,beam_orig3_bm2-s0to100br1
/work/T-REX/external/Proteina-Complexa/inference/search_binder_local_pipeline_32_PDL1_ALPHA_REPACK_v7_r003_cand_v7r003_hyp_0003_01_002_a2b1ae63664a8/job_0_n_176_id_10_beam_orig0_bm2-s0to100br2/job_0_n_176_id_10_beam_orig0_bm2-s0to100br2.pdb,40,"2,0,13,16,19,16,19,14,11,3,10,18,19,19,6,18,7,15,2,12,16,9,6,4,11,13,14,19,6,11,5,10,3,10,0,0,10,9,19,18,17,6,12,6,3,11,2,9,9,5,13,19,8,7,6,6,3,10,11,19,5,8,15,15,18,1,5,1,0,1,10,10,11,3,5,10,15,10,7,2,0,0,10,5,9,16,3,19,11,10,5,3,0,7,19,18,1,4,12,9,15,18,7,7,0,3,18,11,1,9,16,19,11,19,2,0,10,11,10,19,11,9,18,10,11,10,7,2,6,3,11,0,6,11,10,10,11,10,15,19,6,11,7,3,19,19,16,0,10,6,9,0,0,10,10,15,11,18,18,6,15,9,7,2,6,6,11,0,11,0,0,7,0,10,10,16,0,0,0,0,0,0,0,0,0,0,0,0,0,0,0,0,0,0,0,0,0,0,0,0,0,0,0,0,0,0,0,0,0,0,0,0,0,0,0,0,0,0,0,0,0,0,0,0,0,0,0,0,0,0,0,0,0",-0.44938263,0.28191492,3.0,0.06146496,73.19078,0.064664155,1.0,0.064664155,0.32596445,0.013810197,0.0,0.0,0.06146496,0.0028494329,0.80288094,0.32596445,3.8678174,1.6998675,73.19078,-0.44938263,3.3531063,209.32214,0.012963886,0.058265768,1.0,209.32214,0.367351,0.19711906,3.8678174,0.0028494329,0.014656507,0.28191492,0.0,1.6998675,3.3531063,0.012963886,0.44938263,0.0,0.014656507,0.44938263,0.71412826,0.058265768,1.0,0.013810197,lookahead,beam_orig0_bm2-s0to100br2
/work/T-REX/external/Proteina-Complexa/inference/search_binder_local_pipeline_32_PDL1_ALPHA_REPACK_v7_r003_cand_v7r003_hyp_0003_01_002_a2b1ae63664a8/job_0_n_229_id_10_beam_orig1_bm2-s0to100br2/job_0_n_229_id_10_beam_orig1_bm2-s0to100br2.pdb,41,"2,0,13,16,19,16,19,14,11,3,10,18,19,19,6,18,7,15,2,12,16,9,6,4,11,13,14,19,6,11,5,10,3,10,0,0,10,9,19,18,17,6,12,6,3,11,2,9,9,5,13,19,8,7,6,6,3,10,11,19,5,8,15,15,18,1,5,1,0,1,10,10,11,3,5,10,15,10,7,2,0,0,10,5,9,16,3,19,11,10,5,3,0,7,19,18,1,4,12,9,15,18,7,7,0,3,18,11,1,9,16,19,11,19,2,0,13,16,19,16,19,14,11,3,10,18,19,19,6,18,7,15,2,12,16,9,6,4,11,13,14,19,6,11,5,10,3,10,0,0,10,9,19,18,17,6,12,6,3,11,2,9,9,5,13,19,8,7,6,6,3,10,11,19,5,8,15,15,18,1,5,1,0,1,10,10,11,3,5,10,15,10,7,2,0,0,10,5,9,16,3,19,11,10,5,3,0,7,19,18,1,4,12,9,15,18,7,7,0,3,18,11,1,9,16,19,11,19,2,0,0,0,0",-0.5252964,0.30067495,3.0,0.04398477,54.18197,0.046798106,1.0,0.046798106,0.31116936,0.012375173,0.0,0.0,0.04398477,0.0017674997,0.86147165,0.31116936,3.7723265,1.293699,54.18197,-0.5252964,3.8639095,204.466,0.01220163,0.041171435,1.0,204.466,0.26302963,0.13852836,3.7723265,0.0017674997,0.012548717,0.30067495,0.0,1.293699,3.8639095,0.01220163,0.5252964,0.0,0.012548717,0.5252964,0.58842444,0.041171435,1.0,0.012375173,lookahead,beam_orig1_bm2-s0to100br2
/work/T-REX/external/Proteina-Complexa/inference/search_binder_local_pipeline_32_PDL1_ALPHA_REPACK_v7_r003_cand_v7r003_hyp_0003_01_002_a2b1ae63664a8/job_0_n_233_id_10_beam_orig2_bm2-s0to100br2/job_0_n_233_id_10_beam_orig2_bm2-s0to100br2.pdb,42,"2,0,13,16,19,16,19,14,11,3,10,18,19,19,6,18,7,15,2,12,16,9,6,4,11,13,14,19,6,11,5,10,3,10,0,0,10,9,19,18,17,6,12,6,3,11,2,9,9,5,13,19,8,7,6,6,3,10,11,19,5,8,15,15,18,1,5,1,0,1,10,10,11,3,5,10,15,10,7,2,0,0,10,5,9,16,3,19,11,10,5,3,0,7,19,18,1,4,12,9,15,18,7,7,0,3,18,11,1,9,16,19,11,19,2,0,2,0,13,16,19,16,19,14,11,3,10,18,19,19,6,18,7,15,2,12,16,9,6,4,11,13,14,19,6,11,5,10,3,10,0,0,10,9,19,18,17,6,12,6,3,11,2,9,9,5,13,19,8,7,6,6,3,10,11,19,5,8,15,15,18,1,5,1,0,1,10,10,11,3,5,10,15,10,7,2,0,0,10,5,9,16,3,19,11,10,5,3,0,7,19,18,1,4,12,9,15,18,7,7,0,3,18,11,1,9,16,19,11,19,2,0,14",-0.5342841,0.3022665,3.0,0.041898817,72.820274,0.045255046,1.0,0.045255046,0.3157227,0.012132761,0.0,0.0,0.041898817,0.0029206772,0.85913503,0.3157227,3.1451075,1.2909434,72.820274,-0.5342841,3.9202185,214.2611,0.011859298,0.03854259,1.0,214.2611,0.2569707,0.14086497,3.1451075,0.0029206772,0.012406224,0.3022665,0.0,1.2909434,3.9202185,0.011859298,0.5342841,0.0,0.012406224,0.5342841,0.5841012,0.03854259,1.0,0.012132761,lookahead,beam_orig2_bm2-s0to100br2
/work/T-REX/external/Proteina-Complexa/inference/search_binder_local_pipeline_32_PDL1_ALPHA_REPACK_v7_r003_cand_v7r003_hyp_0003_01_002_a2b1ae63664a8/job_0_n_180_id_10_beam_orig3_bm2-s0to100br2/job_0_n_180_id_10_beam_orig3_bm2-s0to100br2.pdb,43,"2,0,13,16,19,16,19,14,11,3,10,18,19,19,6,18,7,15,2,12,16,9,6,4,11,13,14,19,6,11,5,10,3,10,0,0,10,9,19,18,17,6,12,6,3,11,2,9,9,5,13,19,8,7,6,6,3,10,11,19,5,8,15,15,18,1,5,1,0,1,10,10,11,3,5,10,15,10,7,2,0,0,10,5,9,16,3,19,11,10,5,3,0,7,19,18,1,4,12,9,15,18,7,7,0,3,18,11,1,9,16,19,11,19,2,0,15,6,6,11,10,5,0,0,11,2,10,19,16,6,0,11,6,6,6,11,11,7,2,18,15,6,0,0,11,11,18,6,6,0,0,11,10,18,12,6,9,7,2,13,6,6,0,7,11,0,10,3,6,0,0,11,12,1,6,11,0,6,11,15,0,0,0,0,0,0,0,0,0,0,0,0,0,0,0,0,0,0,0,0,0,0,0,0,0,0,0,0,0,0,0,0,0,0,0,0,0,0,0,0,0,0,0,0,0,0,0,0,0,0,0,0,0",-0.19616725,0.06363367,3.0,0.43070087,56.702744,0.5295051,1.0,0.5295051,0.15234192,0.43070087,0.0,0.0,0.43070087,0.006755784,0.9330929,0.15234192,3.3605716,1.2509857,56.702744,-0.19616725,2.0910153,149.83832,0.33189666,0.33189666,1.0,149.83832,0.7572486,0.066907085,3.3605716,0.006755784,0.5295051,0.06363367,0.0,1.2509857,2.0910153,0.33189666,0.19616725,0.0,0.5295051,0.19616725,0.84334713,0.33189666,1.0,0.43070087,lookahead,beam_orig3_bm2-s0to100br2
/work/T-REX/external/Proteina-Complexa/inference/search_binder_local_pipeline_32_PDL1_ALPHA_REPACK_v7_r003_cand_v7r003_hyp_0003_01_002_a2b1ae63664a8/job_0_n_176_id_11_beam_orig0_bm2-s0to100br3/job_0_n_176_id_11_beam_orig0_bm2-s0to100br3.pdb,44,"2,0,13,16,19,16,19,14,11,3,10,18,19,19,6,18,7,15,2,12,16,9,6,4,11,13,14,19,6,11,5,10,3,10,0,0,10,9,19,18,17,6,12,6,3,11,2,9,9,5,13,19,8,7,6,6,3,10,11,19,5,8,15,15,18,1,5,1,0,1,10,10,11,3,5,10,15,10,7,2,0,0,10,5,9,16,3,19,11,10,5,3,0,7,19,18,1,4,12,9,15,18,7,7,0,3,18,11,1,9,16,19,11,19,2,0,15,10,0,11,5,6,5,9,19,15,5,0,11,19,13,9,15,15,10,10,3,11,7,19,3,0,11,16,0,13,11,3,0,19,2,13,13,1,15,11,10,2,2,11,5,9,11,9,10,11,3,13,19,11,5,11,0,0,5,1,0,0,0,0,0,0,0,0,0,0,0,0,0,0,0,0,0,0,0,0,0,0,0,0,0,0,0,0,0,0,0,0,0,0,0,0,0,0,0,0,0,0,0,0,0,0,0,0,0,0,0,0,0,0,0,0,0",-0.4737387,0.2965214,3.0,0.046903256,41.488163,0.047582027,1.0,0.047582027,0.35437503,0.013100949,0.0,0.0,0.046903256,0.0065871323,0.7440939,0.35437503,1.7917697,1.9979693,41.488163,-0.4737387,3.5430346,221.42978,0.012197485,0.046224486,1.0,221.42978,0.31971833,0.2559061,1.7917697,0.0065871323,0.014004413,0.2965214,0.0,1.9979693,3.5430346,0.012197485,0.4737387,0.0,0.014004413,0.4737387,0.69545114,0.046224486,1.0,0.013100949,lookahead,beam_orig0_bm2-s0to100br3
/work/T-REX/external/Proteina-Complexa/inference/search_binder_local_pipeline_32_PDL1_ALPHA_REPACK_v7_r003_cand_v7r003_hyp_0003_01_002_a2b1ae63664a8/job_0_n_229_id_11_beam_orig1_bm2-s0to100br3/job_0_n_229_id_11_beam_orig1_bm2-s0to100br3.pdb,45,"2,0,13,16,19,16,19,14,11,3,10,18,19,19,6,18,7,15,2,12,16,9,6,4,11,13,14,19,6,11,5,10,3,10,0,0,10,9,19,18,17,6,12,6,3,11,2,9,9,5,13,19,8,7,6,6,3,10,11,19,5,8,15,15,18,1,5,1,0,1,10,10,11,3,5,10,15,10,7,2,0,0,10,5,9,16,3,19,11,10,5,3,0,7,19,18,1,4,12,9,15,18,7,7,0,3,18,11,1,9,16,19,11,19,2,0,13,16,19,16,19,14,11,3,10,18,19,19,6,18,7,15,2,12,16,9,6,4,11,13,14,19,6,11,5,10,3,10,0,0,10,9,19,18,17,6,12,6,3,11,2,9,9,5,13,19,8,7,6,6,3,10,11,19,5,8,15,15,18,1,5,1,0,1,10,10,11,3,5,10,15,10,7,2,0,0,10,5,9,16,3,19,11,10,5,3,0,7,19,18,1,4,12,9,15,18,7,7,0,3,18,11,1,9,16,19,11,19,2,0,0,0,0",-0.5250547,0.29968187,3.0,0.044521894,56.441948,0.04653888,1.0,0.04653888,0.3104264,0.012370251,0.0,0.0,0.044521894,0.001700269,0.863427,0.3104264,4.869992,1.2860014,56.441948,-0.5250547,3.868119,196.852,0.012249257,0.04250491,1.0,196.852,0.26393807,0.13657303,4.869992,0.001700269,0.012491246,0.29968187,0.0,1.2860014,3.868119,0.012249257,0.5250547,0.0,0.012491246,0.5250547,0.58887243,0.04250491,1.0,0.012370251,lookahead,beam_orig1_bm2-s0to100br3
/work/T-REX/external/Proteina-Complexa/inference/search_binder_local_pipeline_32_PDL1_ALPHA_REPACK_v7_r003_cand_v7r003_hyp_0003_01_002_a2b1ae63664a8/job_0_n_233_id_11_beam_orig2_bm2-s0to100br3/job_0_n_233_id_11_beam_orig2_bm2-s0to100br3.pdb,46,"2,0,13,16,19,16,19,14,11,3,10,18,19,19,6,18,7,15,2,12,16,9,6,4,11,13,14,19,6,11,5,10,3,10,0,0,10,9,19,18,17,6,12,6,3,11,2,9,9,5,13,19,8,7,6,6,3,10,11,19,5,8,15,15,18,1,5,1,0,1,10,10,11,3,5,10,15,10,7,2,0,0,10,5,9,16,3,19,11,10,5,3,0,7,19,18,1,4,12,9,15,18,7,7,0,3,18,11,1,9,16,19,11,19,2,0,0,13,16,19,16,19,14,11,3,10,18,19,19,6,18,7,15,2,12,16,9,6,4,11,13,14,19,6,11,5,10,3,10,0,0,10,9,19,18,17,6,12,6,3,11,2,9,9,5,13,19,8,7,6,6,3,10,11,19,5,8,15,15,18,1,5,1,0,1,10,10,11,3,5,10,15,10,7,2,0,0,10,5,9,16,3,19,11,10,5,3,0,7,19,18,1,4,12,9,15,18,7,7,0,3,18,11,1,9,16,19,11,19,2,0,14,15",-0.53361315,0.30390972,3.0,0.043731492,60.767353,0.046851255,1.0,0.046851255,0.3152233,0.012232946,0.0,0.0,0.043731492,0.0033512234,0.8605501,0.3152233,4.39785,1.2832347,60.767353,-0.53361315,3.937714,196.00792,0.011883791,0.04061173,1.0,196.00792,0.25863317,0.1394499,4.39785,0.0033512234,0.012582101,0.30390972,0.0,1.2832347,3.937714,0.011883791,0.53361315,0.0,0.012582101,0.53361315,0.5862874,0.04061173,1.0,0.012232946,lookahead,beam_orig2_bm2-s0to100br3
/work/T-REX/external/Proteina-Complexa/inference/search_binder_local_pipeline_32_PDL1_ALPHA_REPACK_v7_r003_cand_v7r003_hyp_0003_01_002_a2b1ae63664a8/job_0_n_180_id_11_beam_orig3_bm2-s0to100br3/job_0_n_180_id_11_beam_orig3_bm2-s0to100br3.pdb,47,"2,0,13,16,19,16,19,14,11,3,10,18,19,19,6,18,7,15,2,12,16,9,6,4,11,13,14,19,6,11,5,10,3,10,0,0,10,9,19,18,17,6,12,6,3,11,2,9,9,5,13,19,8,7,6,6,3,10,11,19,5,8,15,15,18,1,5,1,0,1,10,10,11,3,5,10,15,10,7,2,0,0,10,5,9,16,3,19,11,10,5,3,0,7,19,18,1,4,12,9,15,18,7,7,0,3,18,11,1,9,16,19,11,19,2,0,12,3,14,13,10,9,16,11,13,18,4,6,7,11,3,6,13,2,11,7,2,18,15,10,0,11,2,11,18,10,11,0,10,6,9,10,3,11,10,6,15,3,11,1,13,0,6,10,11,15,5,16,6,3,2,10,0,19,4,6,1,11,10,7,0,0,0,0,0,0,0,0,0,0,0,0,0,0,0,0,0,0,0,0,0,0,0,0,0,0,0,0,0,0,0,0,0,0,0,0,0,0,0,0,0,0,0,0,0,0,0,0,0,0,0,0,0",-0.3028765,0.13878967,3.0,0.19128318,38.469593,0.23317409,1.0,0.23317409,0.23726536,0.18863639,0.0,0.0,0.19128318,0.005551151,0.8478287,0.23726536,2.3827832,1.6929091,38.469593,-0.3028765,2.895569,174.0924,0.14529598,0.14939228,1.0,174.0924,0.56505245,0.15217131,2.3827832,0.005551151,0.23197682,0.13878967,0.0,1.6929091,2.895569,0.14529598,0.3028765,0.0,0.23197682,0.3028765,0.7737571,0.14939228,1.0,0.18863639,lookahead,beam_orig3_bm2-s0to100br3
/work/T-REX/external/Proteina-Complexa/inference/search_binder_local_pipeline_32_PDL1_ALPHA_REPACK_v7_r003_cand_v7r003_hyp_0003_01_002_a2b1ae63664a8/job_0_n_176_id_12_beam_orig0_bm3-s0to100br0/job_0_n_176_id_12_beam_orig0_bm3-s0to100br0.pdb,48,"2,0,13,16,19,16,19,14,11,3,10,18,19,19,6,18,7,15,2,12,16,9,6,4,11,13,14,19,6,11,5,10,3,10,0,0,10,9,19,18,17,6,12,6,3,11,2,9,9,5,13,19,8,7,6,6,3,10,11,19,5,8,15,15,18,1,5,1,0,1,10,10,11,3,5,10,15,10,7,2,0,0,10,5,9,16,3,19,11,10,5,3,0,7,19,18,1,4,12,9,15,18,7,7,0,3,18,11,1,9,16,19,11,19,2,0,15,0,3,6,10,0,13,6,7,10,11,10,11,8,6,7,11,10,3,6,0,6,11,19,18,1,1,0,10,6,10,11,14,3,13,0,9,0,8,3,6,10,7,2,19,10,11,6,5,7,11,10,3,6,0,10,11,6,18,6,0,0,0,0,0,0,0,0,0,0,0,0,0,0,0,0,0,0,0,0,0,0,0,0,0,0,0,0,0,0,0,0,0,0,0,0,0,0,0,0,0,0,0,0,0,0,0,0,0,0,0,0,0,0,0,0,0",-0.5209002,0.29951128,3.0,0.025136068,39.097614,0.025809234,1.0,0.025809234,0.37316352,0.012604985,0.0,0.0,0.025136068,0.0074949535,0.7545501,0.37316352,2.975231,1.4960011,39.097614,-0.5209002,3.5750964,216.7889,0.012109887,0.024462901,1.0,216.7889,0.2355043,0.2454499,2.975231,0.0074949535,0.013100084,0.29951128,0.0,1.4960011,3.5750964,0.012109887,0.5209002,0.0,0.013100084,0.5209002,0.66948056,0.024462901,1.0,0.012604985,lookahead,beam_orig0_bm3-s0to100br0
/work/T-REX/external/Proteina-Complexa/inference/search_binder_local_pipeline_32_PDL1_ALPHA_REPACK_v7_r003_cand_v7r003_hyp_0003_01_002_a2b1ae63664a8/job_0_n_229_id_12_beam_orig1_bm3-s0to100br0/job_0_n_229_id_12_beam_orig1_bm3-s0to100br0.pdb,49,"2,0,13,16,19,16,19,14,11,3,10,18,19,19,6,18,7,15,2,12,16,9,6,4,11,13,14,19,6,11,5,10,3,10,0,0,10,9,19,18,17,6,12,6,3,11,2,9,9,5,13,19,8,7,6,6,3,10,11,19,5,8,15,15,18,1,5,1,0,1,10,10,11,3,5,10,15,10,7,2,0,0,10,5,9,16,3,19,11,10,5,3,0,7,19,18,1,4,12,9,15,18,7,7,0,3,18,11,1,9,16,19,11,19,2,0,13,16,19,16,19,14,11,3,10,18,19,19,6,18,7,15,2,12,16,9,6,4,11,13,14,19,6,11,5,10,3,10,0,0,10,9,19,18,17,6,12,6,3,11,2,9,9,5,13,19,8,7,6,6,3,10,11,19,5,8,15,15,18,1,5,1,0,1,10,10,11,3,5,10,15,10,7,2,0,0,10,5,9,16,3,19,11,10,5,3,0,7,19,18,1,4,12,9,15,18,7,7,0,3,18,11,1,9,16,19,11,19,2,0,0,0,0",-0.5270893,0.30061352,3.0,0.043104492,73.631165,0.046477053,1.0,0.046477053,0.312213,0.012277183,0.0,0.0,0.043104492,0.0017782175,0.8610206,0.312213,2.7749128,1.2926792,73.631165,-0.5270893,3.8718698,217.4262,0.012032496,0.03973193,1.0,217.4262,0.26050037,0.13897939,2.7749128,0.0017782175,0.01252187,0.30061352,0.0,1.2926792,3.8718698,0.012032496,0.5270893,0.0,0.01252187,0.5270893,0.5869412,0.03973193,1.0,0.012277183,lookahead,beam_orig1_bm3-s0to100br0
/work/T-REX/external/Proteina-Complexa/inference/search_binder_local_pipeline_32_PDL1_ALPHA_REPACK_v7_r003_cand_v7r003_hyp_0003_01_002_a2b1ae63664a8/job_0_n_233_id_12_beam_orig2_bm3-s0to100br0/job_0_n_233_id_12_beam_orig2_bm3-s0to100br0.pdb,50,"2,0,13,16,19,16,19,14,11,3,10,18,19,19,6,18,7,15,2,12,16,9,6,4,11,13,14,19,6,11,5,10,3,10,0,0,10,9,19,18,17,6,12,6,3,11,2,9,9,5,13,19,8,7,6,6,3,10,11,19,5,8,15,15,18,1,5,1,0,1,10,10,11,3,5,10,15,10,7,2,0,0,10,5,9,16,3,19,11,10,5,3,0,7,19,18,1,4,12,9,15,18,7,7,0,3,18,11,1,9,16,19,11,19,2,0,13,16,19,16,19,14,11,3,10,18,19,19,6,18,7,15,2,12,16,9,6,4,11,13,14,19,6,11,5,10,3,10,0,0,10,9,19,18,17,6,12,6,3,11,2,9,9,5,13,19,8,7,6,6,3,10,11,19,5,8,15,15,18,1,5,1,0,1,10,10,11,3,5,10,15,10,7,2,0,0,10,5,9,16,3,19,11,10,5,3,0,7,19,18,1,4,12,9,15,18,7,7,0,3,18,11,1,9,16,19,11,19,2,0,14,14,15",-0.5392829,0.30787787,3.0,0.038960073,74.61037,0.041629408,1.0,0.041629408,0.31994832,0.011962572,0.0,0.0,0.038960073,0.006446332,0.85822296,0.31994832,3.2490268,1.3043944,74.61037,-0.5392829,3.9750884,209.84207,0.01161818,0.03629074,1.0,209.84207,0.25113952,0.14177704,3.2490268,0.006446332,0.012306963,0.30787787,0.0,1.3043944,3.9750884,0.01161818,0.5392829,0.0,0.012306963,0.5392829,0.5814514,0.03629074,1.0,0.011962572,lookahead,beam_orig2_bm3-s0to100br0
/work/T-REX/external/Proteina-Complexa/inference/search_binder_local_pipeline_32_PDL1_ALPHA_REPACK_v7_r003_cand_v7r003_hyp_0003_01_002_a2b1ae63664a8/job_0_n_180_id_12_beam_orig3_bm3-s0to100br0/job_0_n_180_id_12_beam_orig3_bm3-s0to100br0.pdb,51,"2,0,13,16,19,16,19,14,11,3,10,18,19,19,6,18,7,15,2,12,16,9,6,4,11,13,14,19,6,11,5,10,3,10,0,0,10,9,19,18,17,6,12,6,3,11,2,9,9,5,13,19,8,7,6,6,3,10,11,19,5,8,15,15,18,1,5,1,0,1,10,10,11,3,5,10,15,10,7,2,0,0,10,5,9,16,3,19,11,10,5,3,0,7,19,18,1,4,12,9,15,18,7,7,0,3,18,11,1,9,16,19,11,19,2,0,11,0,7,13,10,14,11,6,13,0,6,11,0,10,0,15,3,10,14,10,15,14,6,10,6,2,10,10,1,3,18,15,6,7,11,9,15,3,5,6,13,13,16,16,9,10,15,2,3,3,10,1,11,6,18,15,6,10,10,3,0,10,11,11,0,0,0,0,0,0,0,0,0,0,0,0,0,0,0,0,0,0,0,0,0,0,0,0,0,0,0,0,0,0,0,0,0,0,0,0,0,0,0,0,0,0,0,0,0,0,0,0,0,0,0,0,0",-0.35248625,0.18721093,3.0,0.13779804,50.995758,0.17087443,1.0,0.17087443,0.27622795,0.11799799,0.0,0.0,0.13779804,0.008703545,0.7696523,0.27622795,2.6060512,1.9805834,50.995758,-0.35248625,3.1363578,230.0464,0.0957777,0.10472166,1.0,230.0464,0.45458987,0.23034768,2.6060512,0.008703545,0.14021829,0.18721093,0.0,1.9805834,3.1363578,0.0957777,0.35248625,0.0,0.14021829,0.35248625,0.7412604,0.10472166,1.0,0.11799799,lookahead,beam_orig3_bm3-s0to100br0
/work/T-REX/external/Proteina-Complexa/inference/search_binder_local_pipeline_32_PDL1_ALPHA_REPACK_v7_r003_cand_v7r003_hyp_0003_01_002_a2b1ae63664a8/job_0_n_176_id_13_beam_orig0_bm3-s0to100br1/job_0_n_176_id_13_beam_orig0_bm3-s0to100br1.pdb,52,"2,0,13,16,19,16,19,14,11,3,10,18,19,19,6,18,7,15,2,12,16,9,6,4,11,13,14,19,6,11,5,10,3,10,0,0,10,9,19,18,17,6,12,6,3,11,2,9,9,5,13,19,8,7,6,6,3,10,11,19,5,8,15,15,18,1,5,1,0,1,10,10,11,3,5,10,15,10,7,2,0,0,10,5,9,16,3,19,11,10,5,3,0,7,19,18,1,4,12,9,15,18,7,7,0,3,18,11,1,9,16,19,11,19,2,0,11,7,0,6,10,0,11,11,4,15,7,4,8,15,10,6,15,11,6,19,6,10,11,5,12,2,6,7,5,1,11,1,10,19,6,10,12,11,11,15,10,2,14,14,10,2,3,5,6,0,5,3,10,10,6,18,10,11,16,10,0,0,0,0,0,0,0,0,0,0,0,0,0,0,0,0,0,0,0,0,0,0,0,0,0,0,0,0,0,0,0,0,0,0,0,0,0,0,0,0,0,0,0,0,0,0,0,0,0,0,0,0,0,0,0,0,0",-0.3446551,0.15453003,3.0,0.16817985,73.768456,0.21451254,1.0,0.21451254,0.28977618,0.16652212,0.0,0.0,0.16817985,0.037069466,0.7126148,0.28977618,3.6833503,2.3072858,73.768456,-0.3446551,3.0656347,230.5313,0.12029578,0.121847175,1.0,230.5313,0.51402915,0.2873852,3.6833503,0.037069466,0.21274847,0.15453003,0.0,2.3072858,3.0656347,0.12029578,0.3446551,0.0,0.21274847,0.3446551,0.7638366,0.121847175,1.0,0.16652212,lookahead,beam_orig0_bm3-s0to100br1
/work/T-REX/external/Proteina-Complexa/inference/search_binder_local_pipeline_32_PDL1_ALPHA_REPACK_v7_r003_cand_v7r003_hyp_0003_01_002_a2b1ae63664a8/job_0_n_229_id_13_beam_orig1_bm3-s0to100br1/job_0_n_229_id_13_beam_orig1_bm3-s0to100br1.pdb,53,"2,0,13,16,19,16,19,14,11,3,10,18,19,19,6,18,7,15,2,12,16,9,6,4,11,13,14,19,6,11,5,10,3,10,0,0,10,9,19,18,17,6,12,6,3,11,2,9,9,5,13,19,8,7,6,6,3,10,11,19,5,8,15,15,18,1,5,1,0,1,10,10,11,3,5,10,15,10,7,2,0,0,10,5,9,16,3,19,11,10,5,3,0,7,19,18,1,4,12,9,15,18,7,7,0,3,18,11,1,9,16,19,11,19,2,0,13,16,19,16,19,14,11,3,10,18,19,19,6,18,7,15,2,12,16,9,6,4,11,13,14,19,6,11,5,10,3,10,0,0,10,9,19,18,17,6,12,6,3,11,2,9,9,5,13,19,8,7,6,6,3,10,11,19,5,8,15,15,18,1,5,1,0,1,10,10,11,3,5,10,15,10,7,2,0,0,10,5,9,16,3,19,11,10,5,3,0,7,19,18,1,4,12,9,15,18,7,7,0,3,18,11,1,9,16,19,11,19,2,0,0,0,0",-0.52571684,0.3013633,3.0,0.043592587,72.33928,0.04565115,1.0,0.04565115,0.3109453,0.012203585,0.0,0.0,0.043592587,0.0017667576,0.86216044,0.3109453,3.0733402,1.2859467,72.33928,-0.52571684,3.8742697,214.49834,0.011941489,0.041534025,1.0,214.49834,0.26065826,0.13783959,3.0733402,0.0017667576,0.012465681,0.3013633,0.0,1.2859467,3.8742697,0.011941489,0.52571684,0.0,0.012465681,0.52571684,0.5874579,0.041534025,1.0,0.012203585,lookahead,beam_orig1_bm3-s0to100br1
/work/T-REX/external/Proteina-Complexa/inference/search_binder_local_pipeline_32_PDL1_ALPHA_REPACK_v7_r003_cand_v7r003_hyp_0003_01_002_a2b1ae63664a8/job_0_n_233_id_13_beam_orig2_bm3-s0to100br1/job_0_n_233_id_13_beam_orig2_bm3-s0to100br1.pdb,54,"2,0,13,16,19,16,19,14,11,3,10,18,19,19,6,18,7,15,2,12,16,9,6,4,11,13,14,19,6,11,5,10,3,10,0,0,10,9,19,18,17,6,12,6,3,11,2,9,9,5,13,19,8,7,6,6,3,10,11,19,5,8,15,15,18,1,5,1,0,1,10,10,11,3,5,10,15,10,7,2,0,0,10,5,9,16,3,19,11,10,5,3,0,7,19,18,1,4,12,9,15,18,7,7,0,3,18,11,1,9,16,19,11,19,2,0,13,16,19,16,19,14,11,3,10,18,19,19,6,18,7,15,2,12,16,9,6,4,11,13,14,19,6,11,5,10,3,10,0,0,10,9,19,18,17,6,12,6,3,11,2,9,9,5,13,19,8,7,6,6,3,10,11,19,5,8,15,15,18,1,5,1,0,1,10,10,11,3,5,10,15,10,7,2,0,0,10,5,9,16,3,19,11,10,5,3,0,7,19,18,1,4,12,9,15,18,7,7,0,3,18,11,1,9,16,19,11,19,2,0,14,15,2",-0.5384712,0.3086613,3.0,0.040030066,60.148876,0.043073848,1.0,0.043073848,0.31990454,0.011932412,0.0,0.0,0.040030066,0.0129770525,0.8577843,0.31990454,3.65948,1.3024414,60.148876,-0.5384712,3.9763968,202.58755,0.011545482,0.036986284,1.0,202.58755,0.25218487,0.14221571,3.65948,0.0129770525,0.012319343,0.3086613,0.0,1.3024414,3.9763968,0.011545482,0.5384712,0.0,0.012319343,0.5384712,0.58073175,0.036986284,1.0,0.011932412,lookahead,beam_orig2_bm3-s0to100br1
/work/T-REX/external/Proteina-Complexa/inference/search_binder_local_pipeline_32_PDL1_ALPHA_REPACK_v7_r003_cand_v7r003_hyp_0003_01_002_a2b1ae63664a8/job_0_n_180_id_13_beam_orig3_bm3-s0to100br1/job_0_n_180_id_13_beam_orig3_bm3-s0to100br1.pdb,55,"2,0,13,16,19,16,19,14,11,3,10,18,19,19,6,18,7,15,2,12,16,9,6,4,11,13,14,19,6,11,5,10,3,10,0,0,10,9,19,18,17,6,12,6,3,11,2,9,9,5,13,19,8,7,6,6,3,10,11,19,5,8,15,15,18,1,5,1,0,1,10,10,11,3,5,10,15,10,7,2,0,0,10,5,9,16,3,19,11,10,5,3,0,7,19,18,1,4,12,9,15,18,7,7,0,3,18,11,1,9,16,19,11,19,2,0,19,19,15,3,6,5,9,6,11,0,7,11,15,10,2,10,16,6,6,5,9,11,9,19,11,11,11,19,11,6,2,7,7,11,10,15,0,10,8,3,0,9,6,3,19,10,7,1,11,10,16,16,6,6,11,11,9,9,10,6,0,4,11,15,0,0,0,0,0,0,0,0,0,0,0,0,0,0,0,0,0,0,0,0,0,0,0,0,0,0,0,0,0,0,0,0,0,0,0,0,0,0,0,0,0,0,0,0,0,0,0,0,0,0,0,0,0",-0.7423427,0.60067767,3.0,0.0,118.311035,0.0,1.0,0.0,0.5177898,0.0,0.0,0.0,0.0,0.005010168,0.74117947,0.5177898,19.405216,1.8395278,118.311035,-0.7423427,4.399908,261.3195,0.0,0.0,1.0,261.3195,0.12365998,0.25882053,19.405216,0.005010168,0.0,0.60067767,0.0,1.8395278,4.399908,0.0,0.7423427,0.0,0.0,0.7423427,0.61725783,0.0,1.0,0.0,lookahead,beam_orig3_bm3-s0to100br1
/work/T-REX/external/Proteina-Complexa/inference/search_binder_local_pipeline_32_PDL1_ALPHA_REPACK_v7_r003_cand_v7r003_hyp_0003_01_002_a2b1ae63664a8/job_0_n_176_id_14_beam_orig0_bm3-s0to100br2/job_0_n_176_id_14_beam_orig0_bm3-s0to100br2.pdb,56,"2,0,13,16,19,16,19,14,11,3,10,18,19,19,6,18,7,15,2,12,16,9,6,4,11,13,14,19,6,11,5,10,3,10,0,0,10,9,19,18,17,6,12,6,3,11,2,9,9,5,13,19,8,7,6,6,3,10,11,19,5,8,15,15,18,1,5,1,0,1,10,10,11,3,5,10,15,10,7,2,0,0,10,5,9,16,3,19,11,10,5,3,0,7,19,18,1,4,12,9,15,18,7,7,0,3,18,11,1,9,16,19,11,19,2,0,11,16,18,11,9,11,3,19,10,11,8,13,3,11,2,7,16,10,15,10,15,3,0,6,16,2,11,2,13,5,1,0,0,3,10,5,19,3,7,2,2,3,19,6,16,13,19,0,10,1,3,18,19,2,7,1,11,14,12,14,0,0,0,0,0,0,0,0,0,0,0,0,0,0,0,0,0,0,0,0,0,0,0,0,0,0,0,0,0,0,0,0,0,0,0,0,0,0,0,0,0,0,0,0,0,0,0,0,0,0,0,0,0,0,0,0,0",-0.36916575,0.17820634,3.0,0.1132078,118.67552,0.13788293,1.0,0.13788293,0.27628905,0.06824808,0.0,0.0,0.1132078,0.0066105407,0.7804276,0.27628905,20.704346,1.7550923,118.67552,-0.36916575,3.1083794,273.42047,0.058190525,0.08853267,1.0,273.42047,0.42970386,0.21957242,20.704346,0.0066105407,0.078305624,0.17820634,0.0,1.7550923,3.1083794,0.058190525,0.36916575,0.0,0.078305624,0.36916575,0.7366508,0.08853267,1.0,0.06824808,lookahead,beam_orig0_bm3-s0to100br2
/work/T-REX/external/Proteina-Complexa/inference/search_binder_local_pipeline_32_PDL1_ALPHA_REPACK_v7_r003_cand_v7r003_hyp_0003_01_002_a2b1ae63664a8/job_0_n_229_id_14_beam_orig1_bm3-s0to100br2/job_0_n_229_id_14_beam_orig1_bm3-s0to100br2.pdb,57,"2,0,13,16,19,16,19,14,11,3,10,18,19,19,6,18,7,15,2,12,16,9,6,4,11,13,14,19,6,11,5,10,3,10,0,0,10,9,19,18,17,6,12,6,3,11,2,9,9,5,13,19,8,7,6,6,3,10,11,19,5,8,15,15,18,1,5,1,0,1,10,10,11,3,5,10,15,10,7,2,0,0,10,5,9,16,3,19,11,10,5,3,0,7,19,18,1,4,12,9,15,18,7,7,0,3,18,11,1,9,16,19,11,19,2,0,13,16,19,16,19,14,11,3,10,18,19,19,6,18,7,15,2,12,16,9,6,4,11,13,14,19,6,11,5,10,3,10,0,0,10,9,19,18,17,6,12,6,3,11,2,9,9,5,13,19,8,7,6,6,3,10,11,19,5,8,15,15,18,1,5,1,0,1,10,10,11,3,5,10,15,10,7,2,0,0,10,5,9,16,3,19,11,10,5,3,0,7,19,18,1,4,12,9,15,18,7,7,0,3,18,11,1,9,16,19,11,19,2,0,0,0,0",-0.5283644,0.30051792,3.0,0.042373024,71.41003,0.044371814,1.0,0.044371814,0.31270415,0.012107938,0.0,0.0,0.042373024,0.0018398287,0.8610405,0.31270415,3.1516771,1.2899381,71.41003,-0.5283644,3.8794053,216.9593,0.011977555,0.040374238,1.0,216.9593,0.25938976,0.13895953,3.1516771,0.0018398287,0.01223832,0.30051792,0.0,1.2899381,3.8794053,0.011977555,0.5283644,0.0,0.01223832,0.5283644,0.5865265,0.040374238,1.0,0.012107938,lookahead,beam_orig1_bm3-s0to100br2
/work/T-REX/external/Proteina-Complexa/inference/search_binder_local_pipeline_32_PDL1_ALPHA_REPACK_v7_r003_cand_v7r003_hyp_0003_01_002_a2b1ae63664a8/job_0_n_233_id_14_beam_orig2_bm3-s0to100br2/job_0_n_233_id_14_beam_orig2_bm3-s0to100br2.pdb,58,"2,0,13,16,19,16,19,14,11,3,10,18,19,19,6,18,7,15,2,12,16,9,6,4,11,13,14,19,6,11,5,10,3,10,0,0,10,9,19,18,17,6,12,6,3,11,2,9,9,5,13,19,8,7,6,6,3,10,11,19,5,8,15,15,18,1,5,1,0,1,10,10,11,3,5,10,15,10,7,2,0,0,10,5,9,16,3,19,11,10,5,3,0,7,19,18,1,4,12,9,15,18,7,7,0,3,18,11,1,9,16,19,11,19,2,0,13,16,19,16,19,14,11,3,10,18,19,19,6,18,7,15,2,12,16,9,6,4,11,13,14,19,6,11,5,10,3,10,0,0,10,9,19,18,17,6,12,6,3,11,2,9,9,5,13,19,8,7,6,6,3,10,11,19,5,8,15,15,18,1,5,1,0,1,10,10,11,3,5,10,15,10,7,2,0,0,10,5,9,16,3,19,11,10,5,3,0,7,19,18,1,4,12,9,15,18,7,7,0,3,18,11,1,9,16,19,11,19,2,0,8,8,8",-0.5288663,0.29490796,3.0,0.048992343,81.717255,0.052026287,1.0,0.052026287,0.31911314,0.012545627,0.0,0.0,0.048992343,0.023153896,0.8521621,0.31911314,5.1360536,1.341302,81.717255,-0.5288663,3.9392786,207.94246,0.012409527,0.045958403,1.0,207.94246,0.26622456,0.14783788,5.1360536,0.023153896,0.012681727,0.29490796,0.0,1.341302,3.9392786,0.012409527,0.5288663,0.0,0.012681727,0.5288663,0.58494914,0.045958403,1.0,0.012545627,lookahead,beam_orig2_bm3-s0to100br2
/work/T-REX/external/Proteina-Complexa/inference/search_binder_local_pipeline_32_PDL1_ALPHA_REPACK_v7_r003_cand_v7r003_hyp_0003_01_002_a2b1ae63664a8/job_0_n_180_id_14_beam_orig3_bm3-s0to100br2/job_0_n_180_id_14_beam_orig3_bm3-s0to100br2.pdb,59,"2,0,13,16,19,16,19,14,11,3,10,18,19,19,6,18,7,15,2,12,16,9,6,4,11,13,14,19,6,11,5,10,3,10,0,0,10,9,19,18,17,6,12,6,3,11,2,9,9,5,13,19,8,7,6,6,3,10,11,19,5,8,15,15,18,1,5,1,0,1,10,10,11,3,5,10,15,10,7,2,0,0,10,5,9,16,3,19,11,10,5,3,0,7,19,18,1,4,12,9,15,18,7,7,0,3,18,11,1,9,16,19,11,19,2,0,12,15,6,11,4,10,11,10,9,7,15,9,16,5,6,14,18,11,15,10,19,6,3,13,19,2,7,11,9,16,2,6,19,8,13,19,10,11,0,11,6,10,2,19,14,14,6,11,18,6,9,19,10,17,8,4,11,16,9,19,11,0,4,15,0,0,0,0,0,0,0,0,0,0,0,0,0,0,0,0,0,0,0,0,0,0,0,0,0,0,0,0,0,0,0,0,0,0,0,0,0,0,0,0,0,0,0,0,0,0,0,0,0,0,0,0,0",-0.3711519,0.20617884,3.0,0.11141622,70.43694,0.13137004,1.0,0.13137004,0.2753179,0.06450671,0.0,0.0,0.11141622,0.0036110925,0.81514394,0.2753179,2.422877,1.8306222,70.43694,-0.3711519,3.1545324,212.23376,0.061649553,0.0914624,1.0,212.23376,0.4481656,0.18485606,2.422877,0.0036110925,0.067363866,0.20617884,0.0,1.8306222,3.1545324,0.061649553,0.3711519,0.0,0.067363866,0.3711519,0.7385999,0.0914624,1.0,0.06450671,lookahead,beam_orig3_bm3-s0to100br2
/work/T-REX/external/Proteina-Complexa/inference/search_binder_local_pipeline_32_PDL1_ALPHA_REPACK_v7_r003_cand_v7r003_hyp_0003_01_002_a2b1ae63664a8/job_0_n_176_id_15_beam_orig0_bm3-s0to100br3/job_0_n_176_id_15_beam_orig0_bm3-s0to100br3.pdb,60,"2,0,13,16,19,16,19,14,11,3,10,18,19,19,6,18,7,15,2,12,16,9,6,4,11,13,14,19,6,11,5,10,3,10,0,0,10,9,19,18,17,6,12,6,3,11,2,9,9,5,13,19,8,7,6,6,3,10,11,19,5,8,15,15,18,1,5,1,0,1,10,10,11,3,5,10,15,10,7,2,0,0,10,5,9,16,3,19,11,10,5,3,0,7,19,18,1,4,12,9,15,18,7,7,0,3,18,11,1,9,16,19,11,19,2,0,12,6,19,9,19,11,13,1,5,6,16,3,13,0,1,12,1,3,9,19,11,11,18,11,7,3,9,10,11,13,9,2,1,15,11,19,11,0,10,9,13,14,15,6,19,6,15,10,1,11,3,14,6,19,0,18,19,3,10,14,0,0,0,0,0,0,0,0,0,0,0,0,0,0,0,0,0,0,0,0,0,0,0,0,0,0,0,0,0,0,0,0,0,0,0,0,0,0,0,0,0,0,0,0,0,0,0,0,0,0,0,0,0,0,0,0,0",-0.4001754,0.21456747,3.0,0.09298822,62.957165,0.113061756,1.0,0.113061756,0.28810814,0.02947814,0.0,0.0,0.09298822,0.001204593,0.8600427,0.28810814,4.41373,1.4347434,62.957165,-0.4001754,3.307986,178.7807,0.02247482,0.0729147,1.0,178.7807,0.39510542,0.13995728,4.41373,0.001204593,0.036481462,0.21456747,0.0,1.4347434,3.307986,0.02247482,0.4001754,0.0,0.036481462,0.4001754,0.7212368,0.0729147,1.0,0.02947814,lookahead,beam_orig0_bm3-s0to100br3
/work/T-REX/external/Proteina-Complexa/inference/search_binder_local_pipeline_32_PDL1_ALPHA_REPACK_v7_r003_cand_v7r003_hyp_0003_01_002_a2b1ae63664a8/job_0_n_229_id_15_beam_orig1_bm3-s0to100br3/job_0_n_229_id_15_beam_orig1_bm3-s0to100br3.pdb,61,"2,0,13,16,19,16,19,14,11,3,10,18,19,19,6,18,7,15,2,12,16,9,6,4,11,13,14,19,6,11,5,10,3,10,0,0,10,9,19,18,17,6,12,6,3,11,2,9,9,5,13,19,8,7,6,6,3,10,11,19,5,8,15,15,18,1,5,1,0,1,10,10,11,3,5,10,15,10,7,2,0,0,10,5,9,16,3,19,11,10,5,3,0,7,19,18,1,4,12,9,15,18,7,7,0,3,18,11,1,9,16,19,11,19,2,0,13,16,19,16,19,14,11,3,10,18,19,19,6,18,7,15,2,12,16,9,6,4,11,13,14,19,6,11,5,10,3,10,0,0,10,9,19,18,17,6,12,6,3,11,2,9,9,5,13,19,8,7,6,6,3,10,11,19,5,8,15,15,18,1,5,1,0,1,10,10,11,3,5,10,15,10,7,2,0,0,10,5,9,16,3,19,11,10,5,3,0,7,19,18,1,4,12,9,15,18,7,7,0,3,18,11,1,9,16,19,11,19,2,0,0,0,0",-0.52771914,0.30134514,3.0,0.043380015,71.27776,0.045510054,1.0,0.045510054,0.31199145,0.012175016,0.0,0.0,0.043380015,0.0017394819,0.86181164,0.31199145,2.8576367,1.2860671,71.27776,-0.52771914,3.8770957,214.64459,0.011926924,0.04124997,1.0,214.64459,0.2591437,0.13818839,2.8576367,0.0017394819,0.012423109,0.30134514,0.0,1.2860671,3.8770957,0.011926924,0.52771914,0.0,0.012423109,0.52771914,0.58660793,0.04124997,1.0,0.012175016,lookahead,beam_orig1_bm3-s0to100br3
/work/T-REX/external/Proteina-Complexa/inference/search_binder_local_pipeline_32_PDL1_ALPHA_REPACK_v7_r003_cand_v7r003_hyp_0003_01_002_a2b1ae63664a8/job_0_n_233_id_15_beam_orig2_bm3-s0to100br3/job_0_n_233_id_15_beam_orig2_bm3-s0to100br3.pdb,62,"2,0,13,16,19,16,19,14,11,3,10,18,19,19,6,18,7,15,2,12,16,9,6,4,11,13,14,19,6,11,5,10,3,10,0,0,10,9,19,18,17,6,12,6,3,11,2,9,9,5,13,19,8,7,6,6,3,10,11,19,5,8,15,15,18,1,5,1,0,1,10,10,11,3,5,10,15,10,7,2,0,0,10,5,9,16,3,19,11,10,5,3,0,7,19,18,1,4,12,9,15,18,7,7,0,3,18,11,1,9,16,19,11,19,2,0,13,16,19,16,19,14,11,3,10,18,19,19,6,18,7,15,2,12,16,9,6,4,11,13,14,19,6,11,5,10,3,10,0,0,10,9,19,18,17,6,12,6,3,11,2,9,9,5,13,19,8,7,6,6,3,10,11,19,5,8,15,15,18,1,5,1,0,1,10,10,11,3,5,10,15,10,7,2,0,0,10,5,9,16,3,19,11,10,5,3,0,7,19,18,1,4,12,9,15,18,7,7,0,3,18,11,1,9,16,19,11,19,2,0,11,14,7",-0.5382877,0.30238587,3.0,0.039777517,62.976364,0.041729376,1.0,0.041729376,0.32138363,0.0121687,0.0,0.0,0.039777517,0.009153628,0.85485816,0.32138363,5.430113,1.3003767,62.976364,-0.5382877,3.9647074,195.66614,0.011743267,0.037825663,1.0,195.66614,0.25277358,0.14514184,5.430113,0.009153628,0.012594133,0.30238587,0.0,1.3003767,3.9647074,0.011743267,0.5382877,0.0,0.012594133,0.5382877,0.58174354,0.037825663,1.0,0.0121687,lookahead,beam_orig2_bm3-s0to100br3
/work/T-REX/external/Proteina-Complexa/inference/search_binder_local_pipeline_32_PDL1_ALPHA_REPACK_v7_r003_cand_v7r003_hyp_0003_01_002_a2b1ae63664a8/job_0_n_180_id_15_beam_orig3_bm3-s0to100br3/job_0_n_180_id_15_beam_orig3_bm3-s0to100br3.pdb,63,"2,0,13,16,19,16,19,14,11,3,10,18,19,19,6,18,7,15,2,12,16,9,6,4,11,13,14,19,6,11,5,10,3,10,0,0,10,9,19,18,17,6,12,6,3,11,2,9,9,5,13,19,8,7,6,6,3,10,11,19,5,8,15,15,18,1,5,1,0,1,10,10,11,3,5,10,15,10,7,2,0,0,10,5,9,16,3,19,11,10,5,3,0,7,19,18,1,4,12,9,15,18,7,7,0,3,18,11,1,9,16,19,11,19,2,0,7,15,6,6,6,1,2,9,19,1,0,18,18,1,3,13,18,10,11,10,7,10,15,6,6,6,0,6,11,11,0,5,2,10,19,11,15,3,6,2,13,5,5,6,10,5,11,10,11,6,2,14,6,6,10,11,11,0,11,6,0,0,6,11,0,0,0,0,0,0,0,0,0,0,0,0,0,0,0,0,0,0,0,0,0,0,0,0,0,0,0,0,0,0,0,0,0,0,0,0,0,0,0,0,0,0,0,0,0,0,0,0,0,0,0,0,0",-0.36497012,0.19971244,3.0,0.12420652,87.885635,0.15720212,1.0,0.15720212,0.27094188,0.09238483,0.0,0.0,0.12420652,0.009095386,0.82266504,0.27094188,6.116609,1.6748111,87.885635,-0.36497012,3.1476264,210.92117,0.0687225,0.09121092,1.0,210.92117,0.46804565,0.17733496,6.116609,0.009095386,0.11604715,0.19971244,0.0,1.6748111,3.1476264,0.0687225,0.36497012,0.0,0.11604715,0.36497012,0.7394872,0.09121092,1.0,0.09238483,lookahead,beam_orig3_bm3-s0to100br3
/work/T-REX/external/Proteina-Complexa/inference/search_binder_local_pipeline_32_PDL1_ALPHA_REPACK_v7_r003_cand_v7r003_hyp_0003_01_002_a2b1ae63664a8/job_0_n_176_id_16_beam_orig0_bm0-s0to100br0-s100to200br0/job_0_n_176_id_16_beam_orig0_bm0-s0to100br0-s100to200br0.pdb,64,"2,0,13,16,19,16,19,14,11,3,10,18,19,19,6,18,7,15,2,12,16,9,6,4,11,13,14,19,6,11,5,10,3,10,0,0,10,9,19,18,17,6,12,6,3,11,2,9,9,5,13,19,8,7,6,6,3,10,11,19,5,8,15,15,18,1,5,1,0,1,10,10,11,3,5,10,15,10,7,2,0,0,10,5,9,16,3,19,11,10,5,3,0,7,19,18,1,4,12,9,15,18,7,7,0,3,18,11,1,9,16,19,11,19,2,0,12,9,14,10,15,16,10,9,6,11,0,0,1,3,1,7,13,1,19,11,3,19,10,0,18,19,7,19,15,15,10,19,6,10,15,11,2,14,11,14,6,19,9,6,16,10,0,3,13,10,15,15,6,3,10,11,11,18,10,10,0,0,0,0,0,0,0,0,0,0,0,0,0,0,0,0,0,0,0,0,0,0,0,0,0,0,0,0,0,0,0,0,0,0,0,0,0,0,0,0,0,0,0,0,0,0,0,0,0,0,0,0,0,0,0,0,0",-0.5374519,0.34760118,3.0,0.020546947,95.39843,0.031321518,1.0,0.031321518,0.38706267,0.0062704724,0.0,0.0,0.020546947,0.008348688,0.75690204,0.38706267,6.5269647,1.8329245,95.39843,-0.5374519,3.7646506,214.4339,0.0,0.009772375,1.0,214.4339,0.23552938,0.24309798,6.5269647,0.008348688,0.012540945,0.34760118,0.0,1.8329245,3.7646506,0.0,0.5374519,0.0,0.012540945,0.5374519,0.6703695,0.009772375,1.0,0.0062704724,lookahead,beam_orig0_bm0-s0to100br0-s100to200br0
/work/T-REX/external/Proteina-Complexa/inference/search_binder_local_pipeline_32_PDL1_ALPHA_REPACK_v7_r003_cand_v7r003_hyp_0003_01_002_a2b1ae63664a8/job_0_n_229_id_16_beam_orig1_bm1-s0to100br2-s100to200br0/job_0_n_229_id_16_beam_orig1_bm1-s0to100br2-s100to200br0.pdb,65,"2,0,13,16,19,16,19,14,11,3,10,18,19,19,6,18,7,15,2,12,16,9,6,4,11,13,14,19,6,11,5,10,3,10,0,0,10,9,19,18,17,6,12,6,3,11,2,9,9,5,13,19,8,7,6,6,3,10,11,19,5,8,15,15,18,1,5,1,0,1,10,10,11,3,5,10,15,10,7,2,0,0,10,5,9,16,3,19,11,10,5,3,0,7,19,18,1,4,12,9,15,18,7,7,0,3,18,11,1,9,16,19,11,19,2,0,0,13,16,19,16,19,14,11,3,10,18,19,19,6,18,7,15,2,12,16,9,6,4,11,13,14,19,6,11,5,10,3,10,0,0,10,9,19,18,17,6,12,6,3,11,2,9,9,5,13,19,8,7,6,6,3,10,11,19,5,8,15,15,18,1,5,1,0,1,10,10,11,3,5,10,15,10,7,2,0,0,10,5,9,16,3,19,11,10,5,3,0,7,19,18,1,4,12,9,15,18,7,7,0,3,18,11,1,9,16,19,11,19,0,0,0,0",-0.5217046,0.2941625,3.0,0.046385232,55.425568,0.048374206,1.0,0.048374206,0.30887023,0.012583625,0.0,0.0,0.046385232,0.0017544596,0.8610468,0.30887023,2.7168455,1.271067,55.425568,-0.5217046,3.842371,202.55826,0.012239017,0.04439626,1.0,202.55826,0.2639791,0.13895322,2.7168455,0.0017544596,0.012928233,0.2941625,0.0,1.271067,3.842371,0.012239017,0.5217046,0.0,0.012928233,0.5217046,0.58952373,0.04439626,1.0,0.012583625,lookahead,beam_orig1_bm1-s0to100br2-s100to200br0
/work/T-REX/external/Proteina-Complexa/inference/search_binder_local_pipeline_32_PDL1_ALPHA_REPACK_v7_r003_cand_v7r003_hyp_0003_01_002_a2b1ae63664a8/job_0_n_233_id_16_beam_orig2_bm0-s0to100br2-s100to200br0/job_0_n_233_id_16_beam_orig2_bm0-s0to100br2-s100to200br0.pdb,66,"2,0,13,16,19,16,19,14,11,3,10,18,19,19,6,18,7,15,2,12,16,9,6,4,11,13,14,19,6,11,5,10,3,10,0,0,10,9,19,18,17,6,12,6,3,11,2,9,9,5,13,19,8,7,6,6,3,10,11,19,5,8,15,15,18,1,5,1,0,1,10,10,11,3,5,10,15,10,7,2,0,0,10,5,9,16,3,19,11,10,5,3,0,7,19,18,1,4,12,9,15,18,7,7,0,3,18,11,1,9,16,19,11,19,2,0,0,13,16,19,16,19,14,11,3,10,18,19,19,6,18,7,15,2,12,16,9,6,4,11,13,14,19,6,11,5,10,3,10,0,0,10,9,19,18,17,6,12,6,3,11,2,9,9,5,13,19,8,7,6,6,3,10,11,19,5,8,15,15,18,1,5,1,0,1,10,10,11,3,5,10,15,10,7,2,0,0,10,5,9,16,3,19,11,10,5,3,0,7,19,18,1,4,12,9,15,18,7,7,0,3,18,11,1,9,16,19,11,19,2,0,10,19",-0.51741076,0.2834324,3.0,0.0521368,50.43611,0.053851422,1.0,0.053851422,0.3080572,0.012712296,0.0,0.0,0.0521368,0.0031685687,0.85831016,0.3080572,3.771346,1.3010622,50.43611,-0.51741076,3.8922796,199.0547,0.012458262,0.050422184,1.0,199.0547,0.27355224,0.14168982,3.771346,0.0031685687,0.01296633,0.2834324,0.0,1.3010622,3.8922796,0.012458262,0.51741076,0.0,0.01296633,0.51741076,0.5917343,0.050422184,1.0,0.012712296,lookahead,beam_orig2_bm0-s0to100br2-s100to200br0
/work/T-REX/external/Proteina-Complexa/inference/search_binder_local_pipeline_32_PDL1_ALPHA_REPACK_v7_r003_cand_v7r003_hyp_0003_01_002_a2b1ae63664a8/job_0_n_180_id_16_beam_orig3_bm2-s0to100br2-s100to200br0/job_0_n_180_id_16_beam_orig3_bm2-s0to100br2-s100to200br0.pdb,67,"2,0,13,16,19,16,19,14,11,3,10,18,19,19,6,18,7,15,2,12,16,9,6,4,11,13,14,19,6,11,5,10,3,10,0,0,10,9,19,18,17,6,12,6,3,11,2,9,9,5,13,19,8,7,6,6,3,10,11,19,5,8,15,15,18,1,5,1,0,1,10,10,11,3,5,10,15,10,7,2,0,0,10,5,9,16,3,19,11,10,5,3,0,7,19,18,1,4,12,9,15,18,7,7,0,3,18,11,1,9,16,19,11,19,2,0,15,6,10,5,2,2,10,0,10,15,18,6,6,10,0,11,19,18,6,11,10,7,2,10,6,6,0,19,11,15,18,11,6,0,0,11,9,18,12,11,9,7,2,13,3,6,0,7,11,0,10,3,6,0,11,11,10,6,6,11,9,11,6,11,0,0,0,0,0,0,0,0,0,0,0,0,0,0,0,0,0,0,0,0,0,0,0,0,0,0,0,0,0,0,0,0,0,0,0,0,0,0,0,0,0,0,0,0,0,0,0,0,0,0,0,0,0",-0.15524818,0.046214975,3.0,0.59791756,44.149857,0.6854836,1.0,0.6854836,0.12601012,0.59791756,0.0,0.0,0.59791756,0.0027480489,0.9482577,0.12601012,2.7194896,1.2419991,44.149857,-0.15524818,1.82936,140.44537,0.51035154,0.51035154,1.0,140.44537,0.8244574,0.051742304,2.7194896,0.0027480489,0.6854836,0.046214975,0.0,1.2419991,1.82936,0.51035154,0.15524818,0.0,0.6854836,0.15524818,0.8766564,0.51035154,1.0,0.59791756,lookahead,beam_orig3_bm2-s0to100br2-s100to200br0
/work/T-REX/external/Proteina-Complexa/inference/search_binder_local_pipeline_32_PDL1_ALPHA_REPACK_v7_r003_cand_v7r003_hyp_0003_01_002_a2b1ae63664a8/job_0_n_176_id_17_beam_orig0_bm0-s0to100br0-s100to200br1/job_0_n_176_id_17_beam_orig0_bm0-s0to100br0-s100to200br1.pdb,68,"2,0,13,16,19,16,19,14,11,3,10,18,19,19,6,18,7,15,2,12,16,9,6,4,11,13,14,19,6,11,5,10,3,10,0,0,10,9,19,18,17,6,12,6,3,11,2,9,9,5,13,19,8,7,6,6,3,10,11,19,5,8,15,15,18,1,5,1,0,1,10,10,11,3,5,10,15,10,7,2,0,0,10,5,9,16,3,19,11,10,5,3,0,7,19,18,1,4,12,9,15,18,7,7,0,3,18,11,1,9,16,19,11,19,2,0,11,12,2,10,11,16,0,9,6,10,0,4,1,3,1,7,13,16,19,11,3,19,0,9,18,10,7,18,15,15,0,15,8,10,10,2,18,0,11,11,6,3,9,6,6,10,0,3,13,10,2,1,6,3,10,11,5,13,10,6,0,0,0,0,0,0,0,0,0,0,0,0,0,0,0,0,0,0,0,0,0,0,0,0,0,0,0,0,0,0,0,0,0,0,0,0,0,0,0,0,0,0,0,0,0,0,0,0,0,0,0,0,0,0,0,0,0",-0.59771013,0.377723,3.0,0.010273129,119.25053,0.0137724215,1.0,0.0137724215,0.43415374,0.0,0.0,0.0,0.010273129,0.0035407674,0.71583605,0.43415374,15.718378,2.0267713,119.25053,-0.59771013,3.917037,237.04045,0.0,0.0067738364,1.0,237.04045,0.19525057,0.28416395,15.718378,0.0035407674,0.0,0.377723,0.0,2.0267713,3.917037,0.0,0.59771013,0.0,0.0,0.59771013,0.65775675,0.0067738364,1.0,0.0,lookahead,beam_orig0_bm0-s0to100br0-s100to200br1
/work/T-REX/external/Proteina-Complexa/inference/search_binder_local_pipeline_32_PDL1_ALPHA_REPACK_v7_r003_cand_v7r003_hyp_0003_01_002_a2b1ae63664a8/job_0_n_229_id_17_beam_orig1_bm1-s0to100br2-s100to200br1/job_0_n_229_id_17_beam_orig1_bm1-s0to100br2-s100to200br1.pdb,69,"2,0,13,16,19,16,19,14,11,3,10,18,19,19,6,18,7,15,2,12,16,9,6,4,11,13,14,19,6,11,5,10,3,10,0,0,10,9,19,18,17,6,12,6,3,11,2,9,9,5,13,19,8,7,6,6,3,10,11,19,5,8,15,15,18,1,5,1,0,1,10,10,11,3,5,10,15,10,7,2,0,0,10,5,9,16,3,19,11,10,5,3,0,7,19,18,1,4,12,9,15,18,7,7,0,3,18,11,1,9,16,19,11,19,2,0,0,13,16,19,16,19,14,11,3,10,18,19,19,6,18,7,15,2,12,16,9,6,4,11,13,14,19,6,11,5,10,3,10,0,0,10,9,19,18,17,6,12,6,3,11,2,9,9,5,13,19,8,7,6,6,3,10,11,19,5,8,15,15,18,1,5,1,0,1,10,10,11,3,5,10,15,10,7,2,0,0,10,5,9,16,3,19,11,10,5,3,0,7,19,18,1,4,12,9,15,18,7,7,0,3,18,11,1,9,16,19,11,19,0,0,0,0",-0.5287346,0.30006248,3.0,0.04355789,53.72868,0.04720009,1.0,0.04720009,0.31269324,0.012332877,0.0,0.0,0.04355789,0.0017994188,0.860399,0.31269324,2.6339767,1.2779206,53.72868,-0.5287346,3.8599923,201.96083,0.012032861,0.039915692,1.0,201.96083,0.25836027,0.13960102,2.6339767,0.0017994188,0.012632893,0.30006248,0.0,1.2779206,3.8599923,0.012032861,0.5287346,0.0,0.012632893,0.5287346,0.5864576,0.039915692,1.0,0.012332877,lookahead,beam_orig1_bm1-s0to100br2-s100to200br1
/work/T-REX/external/Proteina-Complexa/inference/search_binder_local_pipeline_32_PDL1_ALPHA_REPACK_v7_r003_cand_v7r003_hyp_0003_01_002_a2b1ae63664a8/job_0_n_233_id_17_beam_orig2_bm0-s0to100br2-s100to200br1/job_0_n_233_id_17_beam_orig2_bm0-s0to100br2-s100to200br1.pdb,70,"2,0,13,16,19,16,19,14,11,3,10,18,19,19,6,18,7,15,2,12,16,9,6,4,11,13,14,19,6,11,5,10,3,10,0,0,10,9,19,18,17,6,12,6,3,11,2,9,9,5,13,19,8,7,6,6,3,10,11,19,5,8,15,15,18,1,5,1,0,1,10,10,11,3,5,10,15,10,7,2,0,0,10,5,9,16,3,19,11,10,5,3,0,7,19,18,1,4,12,9,15,18,7,7,0,3,18,11,1,9,16,19,11,19,2,0,0,13,16,19,16,19,14,11,3,10,18,19,19,6,18,7,15,2,12,16,9,6,4,11,13,14,19,6,11,5,10,3,10,0,0,10,9,19,18,17,6,12,6,3,11,2,9,9,5,13,19,8,7,6,6,3,10,11,19,5,8,15,15,18,1,5,1,0,1,10,10,11,3,5,10,15,10,7,2,0,0,10,5,9,16,3,19,11,10,5,3,0,7,19,18,1,4,12,9,15,18,7,7,0,3,18,11,1,9,16,19,11,19,2,0,14,0",-0.5304161,0.29831937,3.0,0.04609237,59.479904,0.047731895,1.0,0.047731895,0.3134105,0.012306286,0.0,0.0,0.04609237,0.0026314133,0.8612852,0.3134105,4.445654,1.2789443,59.479904,-0.5304161,3.9281437,200.31325,0.012107521,0.044452846,1.0,200.31325,0.26040664,0.13871479,4.445654,0.0026314133,0.012505051,0.29831937,0.0,1.2789443,3.9281437,0.012107521,0.5304161,0.0,0.012505051,0.5304161,0.58741677,0.044452846,1.0,0.012306286,lookahead,beam_orig2_bm0-s0to100br2-s100to200br1
/work/T-REX/external/Proteina-Complexa/inference/search_binder_local_pipeline_32_PDL1_ALPHA_REPACK_v7_r003_cand_v7r003_hyp_0003_01_002_a2b1ae63664a8/job_0_n_180_id_17_beam_orig3_bm2-s0to100br2-s100to200br1/job_0_n_180_id_17_beam_orig3_bm2-s0to100br2-s100to200br1.pdb,71,"2,0,13,16,19,16,19,14,11,3,10,18,19,19,6,18,7,15,2,12,16,9,6,4,11,13,14,19,6,11,5,10,3,10,0,0,10,9,19,18,17,6,12,6,3,11,2,9,9,5,13,19,8,7,6,6,3,10,11,19,5,8,15,15,18,1,5,1,0,1,10,10,11,3,5,10,15,10,7,2,0,0,10,5,9,16,3,19,11,10,5,3,0,7,19,18,1,4,12,9,15,18,7,7,0,3,18,11,1,9,16,19,11,19,2,0,0,6,6,2,10,5,10,0,10,3,11,6,11,6,0,11,6,6,6,0,11,7,2,18,6,6,0,0,11,11,18,6,6,0,0,1,10,18,12,6,9,7,0,18,3,6,0,0,11,0,10,3,11,0,11,0,10,1,6,11,0,0,11,5,0,0,0,0,0,0,0,0,0,0,0,0,0,0,0,0,0,0,0,0,0,0,0,0,0,0,0,0,0,0,0,0,0,0,0,0,0,0,0,0,0,0,0,0,0,0,0,0,0,0,0,0,0",-0.16905972,0.05372814,3.0,0.5362749,30.72665,0.63620037,1.0,0.63620037,0.13581325,0.5362749,0.0,0.0,0.5362749,0.0032401923,0.9400894,0.13581325,1.5101972,1.2909559,30.72665,-0.16905972,2.0124235,128.73189,0.43634948,0.43634948,1.0,128.73189,0.7957073,0.0599106,1.5101972,0.0032401923,0.63620037,0.05372814,0.0,1.2909559,2.0124235,0.43634948,0.16905972,0.0,0.63620037,0.16905972,0.8652784,0.43634948,1.0,0.5362749,lookahead,beam_orig3_bm2-s0to100br2-s100to200br1
/work/T-REX/external/Proteina-Complexa/inference/search_binder_local_pipeline_32_PDL1_ALPHA_REPACK_v7_r003_cand_v7r003_hyp_0003_01_002_a2b1ae63664a8/job_0_n_176_id_18_beam_orig0_bm0-s0to100br0-s100to200br2/job_0_n_176_id_18_beam_orig0_bm0-s0to100br0-s100to200br2.pdb,72,"2,0,13,16,19,16,19,14,11,3,10,18,19,19,6,18,7,15,2,12,16,9,6,4,11,13,14,19,6,11,5,10,3,10,0,0,10,9,19,18,17,6,12,6,3,11,2,9,9,5,13,19,8,7,6,6,3,10,11,19,5,8,15,15,18,1,5,1,0,1,10,10,11,3,5,10,15,10,7,2,0,0,10,5,9,16,3,19,11,10,5,3,0,7,19,18,1,4,12,9,15,18,7,7,0,3,18,11,1,9,16,19,11,19,2,0,12,6,14,10,8,2,10,10,11,1,11,0,11,6,1,7,13,15,19,11,3,19,0,19,18,19,7,18,15,15,19,15,6,10,0,2,8,7,15,3,6,8,9,1,16,0,0,3,13,10,7,4,6,11,6,13,6,5,13,9,0,0,0,0,0,0,0,0,0,0,0,0,0,0,0,0,0,0,0,0,0,0,0,0,0,0,0,0,0,0,0,0,0,0,0,0,0,0,0,0,0,0,0,0,0,0,0,0,0,0,0,0,0,0,0,0,0",-0.5813621,0.37221104,3.0,0.011204042,118.578766,0.016462848,1.0,0.016462848,0.4179605,0.0055659586,0.0,0.0,0.011204042,0.006098103,0.7383932,0.4179605,16.759148,1.9150783,118.578766,-0.5813621,3.8720286,229.70897,0.0,0.0059452346,1.0,229.70897,0.20199418,0.26160678,16.759148,0.006098103,0.011131917,0.37221104,0.0,1.9150783,3.8720286,0.0,0.5813621,0.0,0.011131917,0.5813621,0.6595998,0.0059452346,1.0,0.0055659586,lookahead,beam_orig0_bm0-s0to100br0-s100to200br2
/work/T-REX/external/Proteina-Complexa/inference/search_binder_local_pipeline_32_PDL1_ALPHA_REPACK_v7_r003_cand_v7r003_hyp_0003_01_002_a2b1ae63664a8/job_0_n_229_id_18_beam_orig1_bm1-s0to100br2-s100to200br2/job_0_n_229_id_18_beam_orig1_bm1-s0to100br2-s100to200br2.pdb,73,"2,0,13,16,19,16,19,14,11,3,10,18,19,19,6,18,7,15,2,12,16,9,6,4,11,13,14,19,6,11,5,10,3,10,0,0,10,9,19,18,17,6,12,6,3,11,2,9,9,5,13,19,8,7,6,6,3,10,11,19,5,8,15,15,18,1,5,1,0,1,10,10,11,3,5,10,15,10,7,2,0,0,10,5,9,16,3,19,11,10,5,3,0,7,19,18,1,4,12,9,15,18,7,7,0,3,18,11,1,9,16,19,11,19,2,0,0,13,16,19,16,19,14,11,3,10,18,19,19,6,18,7,15,2,12,16,9,6,4,11,13,14,19,6,11,5,10,3,10,0,0,10,9,19,18,17,6,12,6,3,11,2,9,9,5,13,19,8,7,6,6,3,10,11,19,5,8,15,15,18,1,5,1,0,1,10,10,11,3,5,10,15,10,7,2,0,0,10,5,9,16,3,19,11,10,5,3,0,7,19,18,1,4,12,9,15,18,7,7,0,3,18,11,1,9,16,19,11,19,0,0,0,0",-0.5225136,0.2964326,3.0,0.0481641,70.37867,0.050762154,1.0,0.050762154,0.30916297,0.012506427,0.0,0.0,0.0481641,0.0017911427,0.8622272,0.30916297,3.0471833,1.2725588,70.37867,-0.5225136,3.8439019,211.82649,0.0122973155,0.04556605,1.0,211.82649,0.26675653,0.13777277,3.0471833,0.0017911427,0.012715538,0.2964326,0.0,1.2725588,3.8439019,0.0122973155,0.5225136,0.0,0.012715538,0.5225136,0.59090495,0.04556605,1.0,0.012506427,lookahead,beam_orig1_bm1-s0to100br2-s100to200br2
/work/T-REX/external/Proteina-Complexa/inference/search_binder_local_pipeline_32_PDL1_ALPHA_REPACK_v7_r003_cand_v7r003_hyp_0003_01_002_a2b1ae63664a8/job_0_n_233_id_18_beam_orig2_bm0-s0to100br2-s100to200br2/job_0_n_233_id_18_beam_orig2_bm0-s0to100br2-s100to200br2.pdb,74,"2,0,13,16,19,16,19,14,11,3,10,18,19,19,6,18,7,15,2,12,16,9,6,4,11,13,14,19,6,11,5,10,3,10,0,0,10,9,19,18,17,6,12,6,3,11,2,9,9,5,13,19,8,7,6,6,3,10,11,19,5,8,15,15,18,1,5,1,0,1,10,10,11,3,5,10,15,10,7,2,0,0,10,5,9,16,3,19,11,10,5,3,0,7,19,18,1,4,12,9,15,18,7,7,0,3,18,11,1,9,16,19,11,19,2,0,0,13,16,19,16,19,14,11,3,10,18,19,19,6,18,7,15,2,12,16,9,6,4,11,13,14,19,6,11,5,10,3,10,0,0,10,9,19,18,17,6,12,6,3,11,2,9,9,5,13,19,8,7,6,6,3,10,11,19,5,8,15,15,18,1,5,1,0,1,10,10,11,3,5,10,15,10,7,2,0,0,10,5,9,16,3,19,11,10,5,3,0,7,19,18,1,4,12,9,15,18,7,7,0,3,18,11,1,9,16,19,11,19,2,0,14,14",-0.5324033,0.3031822,3.0,0.045165204,57.760136,0.047312774,1.0,0.047312774,0.3144075,0.0122563215,0.0,0.0,0.045165204,0.0046630306,0.8607388,0.3144075,4.2112503,1.2916003,57.760136,-0.5324033,3.9360275,198.00977,0.011970147,0.04301763,1.0,198.00977,0.26091737,0.13926117,4.2112503,0.0046630306,0.012542496,0.3031822,0.0,1.2916003,3.9360275,0.011970147,0.5324033,0.0,0.012542496,0.5324033,0.5870122,0.04301763,1.0,0.0122563215,lookahead,beam_orig2_bm0-s0to100br2-s100to200br2
/work/T-REX/external/Proteina-Complexa/inference/search_binder_local_pipeline_32_PDL1_ALPHA_REPACK_v7_r003_cand_v7r003_hyp_0003_01_002_a2b1ae63664a8/job_0_n_180_id_18_beam_orig3_bm2-s0to100br2-s100to200br2/job_0_n_180_id_18_beam_orig3_bm2-s0to100br2-s100to200br2.pdb,75,"2,0,13,16,19,16,19,14,11,3,10,18,19,19,6,18,7,15,2,12,16,9,6,4,11,13,14,19,6,11,5,10,3,10,0,0,10,9,19,18,17,6,12,6,3,11,2,9,9,5,13,19,8,7,6,6,3,10,11,19,5,8,15,15,18,1,5,1,0,1,10,10,11,3,5,10,15,10,7,2,0,0,10,5,9,16,3,19,11,10,5,3,0,7,19,18,1,4,12,9,15,18,7,7,0,3,18,11,1,9,16,19,11,19,2,0,15,6,6,10,10,11,6,0,11,11,10,6,11,6,0,11,6,6,6,0,11,7,2,13,6,6,0,0,11,11,18,6,6,0,0,11,19,18,12,11,9,7,2,13,3,6,0,7,11,0,10,3,11,0,11,0,10,1,6,11,0,0,11,0,0,0,0,0,0,0,0,0,0,0,0,0,0,0,0,0,0,0,0,0,0,0,0,0,0,0,0,0,0,0,0,0,0,0,0,0,0,0,0,0,0,0,0,0,0,0,0,0,0,0,0,0,0",-0.19504462,0.066202335,3.0,0.44251403,43.909245,0.5422357,1.0,0.5422357,0.15293346,0.44251403,0.0,0.0,0.44251403,0.003666834,0.9305569,0.15293346,2.5242,1.3092299,43.909245,-0.19504462,2.1170187,141.02454,0.3427924,0.3427924,1.0,141.02454,0.7619451,0.06944313,2.5242,0.003666834,0.5422357,0.066202335,0.0,1.3092299,2.1170187,0.3427924,0.19504462,0.0,0.5422357,0.19504462,0.84751445,0.3427924,1.0,0.44251403,lookahead,beam_orig3_bm2-s0to100br2-s100to200br2
/work/T-REX/external/Proteina-Complexa/inference/search_binder_local_pipeline_32_PDL1_ALPHA_REPACK_v7_r003_cand_v7r003_hyp_0003_01_002_a2b1ae63664a8/job_0_n_176_id_19_beam_orig0_bm0-s0to100br0-s100to200br3/job_0_n_176_id_19_beam_orig0_bm0-s0to100br0-s100to200br3.pdb,76,"2,0,13,16,19,16,19,14,11,3,10,18,19,19,6,18,7,15,2,12,16,9,6,4,11,13,14,19,6,11,5,10,3,10,0,0,10,9,19,18,17,6,12,6,3,11,2,9,9,5,13,19,8,7,6,6,3,10,11,19,5,8,15,15,18,1,5,1,0,1,10,10,11,3,5,10,15,10,7,2,0,0,10,5,9,16,3,19,11,10,5,3,0,7,19,18,1,4,12,9,15,18,7,7,0,3,18,11,1,9,16,19,11,19,2,0,18,14,16,19,8,0,10,9,11,3,11,0,6,11,1,7,13,15,19,6,3,19,10,15,0,4,6,9,0,3,0,2,11,15,14,11,15,10,15,0,11,5,1,11,1,10,0,3,13,10,7,19,15,6,19,13,9,6,6,0,0,0,0,0,0,0,0,0,0,0,0,0,0,0,0,0,0,0,0,0,0,0,0,0,0,0,0,0,0,0,0,0,0,0,0,0,0,0,0,0,0,0,0,0,0,0,0,0,0,0,0,0,0,0,0,0,0",-0.28113452,0.14161865,3.0,0.2032874,36.74523,0.23218094,1.0,0.23218094,0.21248521,0.20217355,0.0,0.0,0.2032874,0.0031014672,0.8801078,0.21248521,2.7864468,1.6234646,36.74523,-0.28113452,2.7876768,171.27992,0.17439386,0.17439386,1.0,171.27992,0.6139324,0.11989217,2.7864468,0.0031014672,0.22995323,0.14161865,0.0,1.6234646,2.7876768,0.17439386,0.28113452,0.0,0.22995323,0.28113452,0.8019977,0.17439386,1.0,0.20217355,lookahead,beam_orig0_bm0-s0to100br0-s100to200br3
/work/T-REX/external/Proteina-Complexa/inference/search_binder_local_pipeline_32_PDL1_ALPHA_REPACK_v7_r003_cand_v7r003_hyp_0003_01_002_a2b1ae63664a8/job_0_n_229_id_19_beam_orig1_bm1-s0to100br2-s100to200br3/job_0_n_229_id_19_beam_orig1_bm1-s0to100br2-s100to200br3.pdb,77,"2,0,13,16,19,16,19,14,11,3,10,18,19,19,6,18,7,15,2,12,16,9,6,4,11,13,14,19,6,11,5,10,3,10,0,0,10,9,19,18,17,6,12,6,3,11,2,9,9,5,13,19,8,7,6,6,3,10,11,19,5,8,15,15,18,1,5,1,0,1,10,10,11,3,5,10,15,10,7,2,0,0,10,5,9,16,3,19,11,10,5,3,0,7,19,18,1,4,12,9,15,18,7,7,0,3,18,11,1,9,16,19,11,19,2,0,0,13,16,19,16,19,14,11,3,10,18,19,19,6,18,7,15,2,12,16,9,6,4,11,13,14,19,6,11,5,10,3,10,0,0,10,9,19,18,17,6,12,6,3,11,2,9,9,5,13,19,8,7,6,6,3,10,11,19,5,8,15,15,18,1,5,1,0,1,10,10,11,3,5,10,15,10,7,2,0,0,10,5,9,16,3,19,11,10,5,3,0,7,19,18,1,4,12,9,15,18,7,7,0,3,18,11,1,9,16,19,11,19,0,0,0,0",-0.5268142,0.3005537,3.0,0.044385925,50.66944,0.047695138,1.0,0.047695138,0.31157354,0.012358408,0.0,0.0,0.044385925,0.0018164553,0.86108947,0.31157354,2.7471733,1.2731475,50.66944,-0.5268142,3.8559067,201.4417,0.012082924,0.041076716,1.0,201.4417,0.25989923,0.13891052,2.7471733,0.0018164553,0.012633893,0.3005537,0.0,1.2731475,3.8559067,0.012082924,0.5268142,0.0,0.012633893,0.5268142,0.5872575,0.041076716,1.0,0.012358408,lookahead,beam_orig1_bm1-s0to100br2-s100to200br3
/work/T-REX/external/Proteina-Complexa/inference/search_binder_local_pipeline_32_PDL1_ALPHA_REPACK_v7_r003_cand_v7r003_hyp_0003_01_002_a2b1ae63664a8/job_0_n_233_id_19_beam_orig2_bm0-s0to100br2-s100to200br3/job_0_n_233_id_19_beam_orig2_bm0-s0to100br2-s100to200br3.pdb,78,"2,0,13,16,19,16,19,14,11,3,10,18,19,19,6,18,7,15,2,12,16,9,6,4,11,13,14,19,6,11,5,10,3,10,0,0,10,9,19,18,17,6,12,6,3,11,2,9,9,5,13,19,8,7,6,6,3,10,11,19,5,8,15,15,18,1,5,1,0,1,10,10,11,3,5,10,15,10,7,2,0,0,10,5,9,16,3,19,11,10,5,3,0,7,19,18,1,4,12,9,15,18,7,7,0,3,18,11,1,9,16,19,11,19,2,0,0,13,16,19,16,19,14,11,3,10,18,19,19,6,18,7,15,2,12,16,9,6,4,11,13,14,19,6,11,5,10,3,10,0,0,10,9,19,18,17,6,12,6,3,11,2,9,9,5,13,19,8,7,6,6,3,10,11,19,5,8,15,15,18,1,5,1,0,1,10,10,11,3,5,10,15,10,7,2,0,0,10,5,9,16,3,19,11,10,5,3,0,7,19,18,1,4,12,9,15,18,7,7,0,3,18,11,1,9,16,19,11,19,2,0,2,16",-0.51766974,0.28507423,3.0,0.051595017,63.910923,0.053742707,1.0,0.053742707,0.3093704,0.013047211,0.0,0.0,0.051595017,0.006562382,0.8559197,0.3093704,5.075757,1.2901661,63.910923,-0.51766974,3.8881352,199.3576,0.0127423955,0.049447324,1.0,199.3576,0.27026308,0.14408031,5.075757,0.006562382,0.013352027,0.28507423,0.0,1.2901661,3.8881352,0.0127423955,0.51766974,0.0,0.013352027,0.51766974,0.59067905,0.049447324,1.0,0.013047211,lookahead,beam_orig2_bm0-s0to100br2-s100to200br3
/work/T-REX/external/Proteina-Complexa/inference/search_binder_local_pipeline_32_PDL1_ALPHA_REPACK_v7_r003_cand_v7r003_hyp_0003_01_002_a2b1ae63664a8/job_0_n_180_id_19_beam_orig3_bm2-s0to100br2-s100to200br3/job_0_n_180_id_19_beam_orig3_bm2-s0to100br2-s100to200br3.pdb,79,"2,0,13,16,19,16,19,14,11,3,10,18,19,19,6,18,7,15,2,12,16,9,6,4,11,13,14,19,6,11,5,10,3,10,0,0,10,9,19,18,17,6,12,6,3,11,2,9,9,5,13,19,8,7,6,6,3,10,11,19,5,8,15,15,18,1,5,1,0,1,10,10,11,3,5,10,15,10,7,2,0,0,10,5,9,16,3,19,11,10,5,3,0,7,19,18,1,4,12,9,15,18,7,7,0,3,18,11,1,9,16,19,11,19,2,0,11,6,19,2,10,11,10,0,10,5,1,6,11,6,0,11,6,0,6,11,0,7,2,18,0,6,0,0,15,11,18,6,6,0,0,11,2,18,12,11,9,7,2,13,11,6,0,7,11,0,10,3,11,0,11,6,12,1,6,11,0,6,11,0,0,0,0,0,0,0,0,0,0,0,0,0,0,0,0,0,0,0,0,0,0,0,0,0,0,0,0,0,0,0,0,0,0,0,0,0,0,0,0,0,0,0,0,0,0,0,0,0,0,0,0,0,0",-0.18047667,0.059910044,3.0,0.47924426,43.215508,0.5793432,1.0,0.5793432,0.14178844,0.47924426,0.0,0.0,0.47924426,0.0042821243,0.93631345,0.14178844,2.6057875,1.3098845,43.215508,-0.18047667,2.0464916,149.8158,0.37914532,0.37914532,1.0,149.8158,0.7795794,0.06368655,2.6057875,0.0042821243,0.5793432,0.059910044,0.0,1.3098845,2.0464916,0.37914532,0.18047667,0.0,0.5793432,0.18047667,0.85532486,0.37914532,1.0,0.47924426,lookahead,beam_orig3_bm2-s0to100br2-s100to200br3
/work/T-REX/external/Proteina-Complexa/inference/search_binder_local_pipeline_32_PDL1_ALPHA_REPACK_v7_r003_cand_v7r003_hyp_0003_01_002_a2b1ae63664a8/job_0_n_176_id_20_beam_orig0_bm1-s0to100br3-s100to200br0/job_0_n_176_id_20_beam_orig0_bm1-s0to100br3-s100to200br0.pdb,80,"2,0,13,16,19,16,19,14,11,3,10,18,19,19,6,18,7,15,2,12,16,9,6,4,11,13,14,19,6,11,5,10,3,10,0,0,10,9,19,18,17,6,12,6,3,11,2,9,9,5,13,19,8,7,6,6,3,10,11,19,5,8,15,15,18,1,5,1,0,1,10,10,11,3,5,10,15,10,7,2,0,0,10,5,9,16,3,19,11,10,5,3,0,7,19,18,1,4,12,9,15,18,7,7,0,3,18,11,1,9,16,19,11,19,2,0,10,15,11,10,15,6,1,6,11,19,0,10,6,10,0,0,8,0,10,7,19,11,19,19,15,10,19,2,3,14,5,11,13,6,6,10,10,1,6,11,16,7,15,6,6,13,19,11,6,19,10,6,9,4,5,11,0,11,6,5,0,0,0,0,0,0,0,0,0,0,0,0,0,0,0,0,0,0,0,0,0,0,0,0,0,0,0,0,0,0,0,0,0,0,0,0,0,0,0,0,0,0,0,0,0,0,0,0,0,0,0,0,0,0,0,0,0",-0.17946097,0.06672539,3.0,0.46635786,32.006695,0.5313163,1.0,0.5313163,0.14740065,0.46635786,0.0,0.0,0.46635786,0.0019702415,0.90216905,0.14740065,0.7424815,1.6172051,32.006695,-0.17946097,2.128964,164.32707,0.40139943,0.40139943,1.0,164.32707,0.77205074,0.09783094,0.7424815,0.0019702415,0.5313163,0.06672539,0.0,1.6172051,2.128964,0.40139943,0.17946097,0.0,0.5313163,0.17946097,0.86001146,0.40139943,1.0,0.46635786,lookahead,beam_orig0_bm1-s0to100br3-s100to200br0
/work/T-REX/external/Proteina-Complexa/inference/search_binder_local_pipeline_32_PDL1_ALPHA_REPACK_v7_r003_cand_v7r003_hyp_0003_01_002_a2b1ae63664a8/job_0_n_229_id_20_beam_orig1_bm2-s0to100br1-s100to200br0/job_0_n_229_id_20_beam_orig1_bm2-s0to100br1-s100to200br0.pdb,81,"2,0,13,16,19,16,19,14,11,3,10,18,19,19,6,18,7,15,2,12,16,9,6,4,11,13,14,19,6,11,5,10,3,10,0,0,10,9,19,18,17,6,12,6,3,11,2,9,9,5,13,19,8,7,6,6,3,10,11,19,5,8,15,15,18,1,5,1,0,1,10,10,11,3,5,10,15,10,7,2,0,0,10,5,9,16,3,19,11,10,5,3,0,7,19,18,1,4,12,9,15,18,7,7,0,3,18,11,1,9,16,19,11,19,2,0,0,13,16,19,16,19,14,11,3,10,18,19,19,6,18,7,15,2,12,16,9,6,4,11,13,14,19,6,11,5,10,3,10,0,0,10,9,19,18,17,6,12,6,3,11,2,9,9,5,13,19,8,7,6,6,3,10,11,19,5,8,15,15,18,1,5,1,0,1,10,10,11,3,5,10,15,10,7,2,0,0,10,5,9,16,3,19,11,10,5,3,0,7,19,18,1,4,12,9,15,18,7,7,0,3,18,11,1,9,16,19,11,19,0,0,0,0",-0.51744175,0.2877108,3.0,0.050025955,57.20901,0.052916896,1.0,0.052916896,0.3071081,0.012883633,0.0,0.0,0.050025955,0.0017918786,0.8601025,0.3071081,4.9879675,1.2788227,57.20901,-0.51744175,3.8291073,200.30946,0.012434508,0.047135018,1.0,200.30946,0.26950458,0.13989753,4.9879675,0.0017918786,0.013332758,0.2877108,0.0,1.2788227,3.8291073,0.012434508,0.51744175,0.0,0.013332758,0.51744175,0.5917802,0.047135018,1.0,0.012883633,lookahead,beam_orig1_bm2-s0to100br1-s100to200br0
/work/T-REX/external/Proteina-Complexa/inference/search_binder_local_pipeline_32_PDL1_ALPHA_REPACK_v7_r003_cand_v7r003_hyp_0003_01_002_a2b1ae63664a8/job_0_n_233_id_20_beam_orig2_bm2-s0to100br1-s100to200br0/job_0_n_233_id_20_beam_orig2_bm2-s0to100br1-s100to200br0.pdb,82,"2,0,13,16,19,16,19,14,11,3,10,18,19,19,6,18,7,15,2,12,16,9,6,4,11,13,14,19,6,11,5,10,3,10,0,0,10,9,19,18,17,6,12,6,3,11,2,9,9,5,13,19,8,7,6,6,3,10,11,19,5,8,15,15,18,1,5,1,0,1,10,10,11,3,5,10,15,10,7,2,0,0,10,5,9,16,3,19,11,10,5,3,0,7,19,18,1,4,12,9,15,18,7,7,0,3,18,11,1,9,16,19,11,19,2,0,0,13,16,19,16,19,14,11,3,10,18,19,19,6,18,7,15,2,12,16,9,6,4,11,13,14,19,6,11,5,10,3,10,0,0,10,9,19,18,17,6,12,6,3,11,2,9,9,5,13,19,8,7,6,6,3,10,11,19,5,8,15,15,18,1,5,1,0,1,10,10,11,3,5,10,15,10,7,2,0,0,10,5,9,16,3,19,11,10,5,3,0,7,19,18,1,4,12,9,15,18,7,7,0,3,18,11,1,9,16,19,11,19,2,0,11,10",-0.5283358,0.29628584,3.0,0.047812484,54.158474,0.05054572,1.0,0.05054572,0.31440797,0.012387773,0.0,0.0,0.047812484,0.0034379284,0.85658395,0.31440797,4.5764527,1.3051184,54.158474,-0.5283358,3.9209843,197.3042,0.011888243,0.045079246,1.0,197.3042,0.26611662,0.14341603,4.5764527,0.0034379284,0.012887304,0.29628584,0.0,1.3051184,3.9209843,0.011888243,0.5283358,0.0,0.012887304,0.5283358,0.5881875,0.045079246,1.0,0.012387773,lookahead,beam_orig2_bm2-s0to100br1-s100to200br0
/work/T-REX/external/Proteina-Complexa/inference/search_binder_local_pipeline_32_PDL1_ALPHA_REPACK_v7_r003_cand_v7r003_hyp_0003_01_002_a2b1ae63664a8/job_0_n_180_id_20_beam_orig3_bm0-s0to100br3-s100to200br0/job_0_n_180_id_20_beam_orig3_bm0-s0to100br3-s100to200br0.pdb,83,"2,0,13,16,19,16,19,14,11,3,10,18,19,19,6,18,7,15,2,12,16,9,6,4,11,13,14,19,6,11,5,10,3,10,0,0,10,9,19,18,17,6,12,6,3,11,2,9,9,5,13,19,8,7,6,6,3,10,11,19,5,8,15,15,18,1,5,1,0,1,10,10,11,3,5,10,15,10,7,2,0,0,10,5,9,16,3,19,11,10,5,3,0,7,19,18,1,4,12,9,15,18,7,7,0,3,18,11,1,9,16,19,11,19,2,0,15,19,10,3,10,5,11,6,0,0,1,15,10,7,19,15,19,1,16,10,15,1,0,10,1,7,6,6,16,11,6,12,1,3,10,7,10,16,5,6,16,19,10,11,1,10,6,3,18,0,11,10,11,7,19,14,19,15,16,10,16,0,7,10,0,0,0,0,0,0,0,0,0,0,0,0,0,0,0,0,0,0,0,0,0,0,0,0,0,0,0,0,0,0,0,0,0,0,0,0,0,0,0,0,0,0,0,0,0,0,0,0,0,0,0,0,0",-0.64596164,0.46909678,3.0,0.0055830465,126.1867,0.00608823,1.0,0.00608823,0.45397437,0.0,0.0,0.0,0.0055830465,0.0021550842,0.71289855,0.45397437,20.348642,1.9775007,126.1867,-0.64596164,4.0952177,252.00237,0.0,0.005077863,1.0,252.00237,0.17249599,0.28710145,20.348642,0.0021550842,0.0,0.46909678,0.0,1.9775007,4.0952177,0.0,0.64596164,0.0,0.0,0.64596164,0.63576996,0.005077863,1.0,0.0,lookahead,beam_orig3_bm0-s0to100br3-s100to200br0
/work/T-REX/external/Proteina-Complexa/inference/search_binder_local_pipeline_32_PDL1_ALPHA_REPACK_v7_r003_cand_v7r003_hyp_0003_01_002_a2b1ae63664a8/job_0_n_176_id_21_beam_orig0_bm1-s0to100br3-s100to200br1/job_0_n_176_id_21_beam_orig0_bm1-s0to100br3-s100to200br1.pdb,84,"2,0,13,16,19,16,19,14,11,3,10,18,19,19,6,18,7,15,2,12,16,9,6,4,11,13,14,19,6,11,5,10,3,10,0,0,10,9,19,18,17,6,12,6,3,11,2,9,9,5,13,19,8,7,6,6,3,10,11,19,5,8,15,15,18,1,5,1,0,1,10,10,11,3,5,10,15,10,7,2,0,0,10,5,9,16,3,19,11,10,5,3,0,7,19,18,1,4,12,9,15,18,7,7,0,3,18,11,1,9,16,19,11,19,2,0,15,15,18,10,14,10,10,2,2,7,6,0,0,9,13,10,15,12,0,2,11,15,19,15,6,9,14,15,10,16,6,3,3,9,5,3,19,10,7,11,19,15,3,3,3,13,1,11,11,9,6,6,2,19,11,9,0,10,15,12,0,0,0,0,0,0,0,0,0,0,0,0,0,0,0,0,0,0,0,0,0,0,0,0,0,0,0,0,0,0,0,0,0,0,0,0,0,0,0,0,0,0,0,0,0,0,0,0,0,0,0,0,0,0,0,0,0",-0.454257,0.25278366,3.0,0.06278889,53.309,0.06678727,1.0,0.06678727,0.35016507,0.014928762,0.0,0.0,0.06278889,0.0089915255,0.6949003,0.35016507,2.5690162,2.4318264,53.309,-0.454257,3.5365498,231.7705,0.012668548,0.058790512,1.0,231.7705,0.34557483,0.30509976,2.5690162,0.0089915255,0.017188976,0.25278366,0.0,2.4318264,3.5365498,0.012668548,0.454257,0.0,0.017188976,0.454257,0.7086321,0.058790512,1.0,0.014928762,lookahead,beam_orig0_bm1-s0to100br3-s100to200br1
/work/T-REX/external/Proteina-Complexa/inference/search_binder_local_pipeline_32_PDL1_ALPHA_REPACK_v7_r003_cand_v7r003_hyp_0003_01_002_a2b1ae63664a8/job_0_n_229_id_21_beam_orig1_bm2-s0to100br1-s100to200br1/job_0_n_229_id_21_beam_orig1_bm2-s0to100br1-s100to200br1.pdb,85,"2,0,13,16,19,16,19,14,11,3,10,18,19,19,6,18,7,15,2,12,16,9,6,4,11,13,14,19,6,11,5,10,3,10,0,0,10,9,19,18,17,6,12,6,3,11,2,9,9,5,13,19,8,7,6,6,3,10,11,19,5,8,15,15,18,1,5,1,0,1,10,10,11,3,5,10,15,10,7,2,0,0,10,5,9,16,3,19,11,10,5,3,0,7,19,18,1,4,12,9,15,18,7,7,0,3,18,11,1,9,16,19,11,19,2,0,0,13,16,19,16,19,14,11,3,10,18,19,19,6,18,7,15,2,12,16,9,6,4,11,13,14,19,6,11,5,10,3,10,0,0,10,9,19,18,17,6,12,6,3,11,2,9,9,5,13,19,8,7,6,6,3,10,11,19,5,8,15,15,18,1,5,1,0,1,10,10,11,3,5,10,15,10,7,2,0,0,10,5,9,16,3,19,11,10,5,3,0,7,19,18,1,4,12,9,15,18,7,7,0,3,18,11,1,9,16,19,11,19,0,0,0,0",-0.5206027,0.2936378,3.0,0.049459897,55.17602,0.051789775,1.0,0.051789775,0.30827793,0.0124684805,0.0,0.0,0.049459897,0.0018375379,0.86159277,0.30827793,4.641998,1.27489,55.17602,-0.5206027,3.8368855,198.69664,0.012018773,0.047130022,1.0,198.69664,0.26802912,0.13840725,4.641998,0.0018375379,0.012918188,0.2936378,0.0,1.27489,3.8368855,0.012018773,0.5206027,0.0,0.012918188,0.5206027,0.5914633,0.047130022,1.0,0.0124684805,lookahead,beam_orig1_bm2-s0to100br1-s100to200br1
/work/T-REX/external/Proteina-Complexa/inference/search_binder_local_pipeline_32_PDL1_ALPHA_REPACK_v7_r003_cand_v7r003_hyp_0003_01_002_a2b1ae63664a8/job_0_n_233_id_21_beam_orig2_bm2-s0to100br1-s100to200br1/job_0_n_233_id_21_beam_orig2_bm2-s0to100br1-s100to200br1.pdb,86,"2,0,13,16,19,16,19,14,11,3,10,18,19,19,6,18,7,15,2,12,16,9,6,4,11,13,14,19,6,11,5,10,3,10,0,0,10,9,19,18,17,6,12,6,3,11,2,9,9,5,13,19,8,7,6,6,3,10,11,19,5,8,15,15,18,1,5,1,0,1,10,10,11,3,5,10,15,10,7,2,0,0,10,5,9,16,3,19,11,10,5,3,0,7,19,18,1,4,12,9,15,18,7,7,0,3,18,11,1,9,16,19,11,19,2,0,0,13,16,19,16,19,14,11,3,10,18,19,19,6,18,7,15,2,12,16,9,6,4,11,13,14,19,6,11,5,10,3,10,0,0,10,9,19,18,17,6,12,6,3,11,2,9,9,5,13,19,8,7,6,6,3,10,11,19,5,8,15,15,18,1,5,1,0,1,10,10,11,3,5,10,15,10,7,2,0,0,10,5,9,16,3,19,11,10,5,3,0,7,19,18,1,4,12,9,15,18,7,7,0,3,18,11,1,9,16,19,11,19,2,0,14,16",-0.52664405,0.29657498,3.0,0.047888853,57.162594,0.050621256,1.0,0.050621256,0.31100273,0.012635981,0.0,0.0,0.047888853,0.0030573194,0.86202085,0.31100273,4.7932167,1.2777681,57.162594,-0.52664405,3.92266,195.31474,0.012357958,0.045156445,1.0,195.31474,0.2654737,0.13797913,4.7932167,0.0030573194,0.012914004,0.29657498,0.0,1.2777681,3.92266,0.012357958,0.52664405,0.0,0.012914004,0.52664405,0.58971876,0.045156445,1.0,0.012635981,lookahead,beam_orig2_bm2-s0to100br1-s100to200br1
/work/T-REX/external/Proteina-Complexa/inference/search_binder_local_pipeline_32_PDL1_ALPHA_REPACK_v7_r003_cand_v7r003_hyp_0003_01_002_a2b1ae63664a8/job_0_n_180_id_21_beam_orig3_bm0-s0to100br3-s100to200br1/job_0_n_180_id_21_beam_orig3_bm0-s0to100br3-s100to200br1.pdb,87,"2,0,13,16,19,16,19,14,11,3,10,18,19,19,6,18,7,15,2,12,16,9,6,4,11,13,14,19,6,11,5,10,3,10,0,0,10,9,19,18,17,6,12,6,3,11,2,9,9,5,13,19,8,7,6,6,3,10,11,19,5,8,15,15,18,1,5,1,0,1,10,10,11,3,5,10,15,10,7,2,0,0,10,5,9,16,3,19,11,10,5,3,0,7,19,18,1,4,12,9,15,18,7,7,0,3,18,11,1,9,16,19,11,19,2,0,2,19,7,6,10,5,11,12,19,0,3,0,10,7,12,15,19,11,3,0,15,1,0,9,1,7,10,3,19,6,6,14,14,18,2,16,17,14,0,6,6,1,6,11,1,19,11,3,0,4,1,10,10,7,19,3,19,3,6,10,1,16,0,10,0,0,0,0,0,0,0,0,0,0,0,0,0,0,0,0,0,0,0,0,0,0,0,0,0,0,0,0,0,0,0,0,0,0,0,0,0,0,0,0,0,0,0,0,0,0,0,0,0,0,0,0,0",-0.6575407,0.4746094,3.0,0.0055600936,111.043655,0.006159017,1.0,0.006159017,0.45391643,0.0,0.0,0.0,0.0055600936,0.0021602567,0.76347053,0.45391643,12.027734,1.7286448,111.043655,-0.6575407,4.149144,216.56252,0.0,0.0049611707,1.0,216.56252,0.16130975,0.23652947,12.027734,0.0021602567,0.0,0.4746094,0.0,1.7286448,4.149144,0.0,0.6575407,0.0,0.0,0.6575407,0.63368577,0.0049611707,1.0,0.0,lookahead,beam_orig3_bm0-s0to100br3-s100to200br1
/work/T-REX/external/Proteina-Complexa/inference/search_binder_local_pipeline_32_PDL1_ALPHA_REPACK_v7_r003_cand_v7r003_hyp_0003_01_002_a2b1ae63664a8/job_0_n_176_id_22_beam_orig0_bm1-s0to100br3-s100to200br2/job_0_n_176_id_22_beam_orig0_bm1-s0to100br3-s100to200br2.pdb,88,"2,0,13,16,19,16,19,14,11,3,10,18,19,19,6,18,7,15,2,12,16,9,6,4,11,13,14,19,6,11,5,10,3,10,0,0,10,9,19,18,17,6,12,6,3,11,2,9,9,5,13,19,8,7,6,6,3,10,11,19,5,8,15,15,18,1,5,1,0,1,10,10,11,3,5,10,15,10,7,2,0,0,10,5,9,16,3,19,11,10,5,3,0,7,19,18,1,4,12,9,15,18,7,7,0,3,18,11,1,9,16,19,11,19,2,0,15,0,10,6,15,19,13,16,11,7,6,10,0,9,19,1,15,16,10,11,19,2,15,19,6,3,4,6,11,10,10,0,3,14,15,9,10,11,6,11,16,7,15,6,6,13,1,5,3,9,11,11,11,10,5,1,0,19,3,6,0,0,0,0,0,0,0,0,0,0,0,0,0,0,0,0,0,0,0,0,0,0,0,0,0,0,0,0,0,0,0,0,0,0,0,0,0,0,0,0,0,0,0,0,0,0,0,0,0,0,0,0,0,0,0,0,0",-0.17863145,0.06263846,3.0,0.434336,28.85834,0.49784192,1.0,0.49784192,0.14480102,0.434336,0.0,0.0,0.434336,0.0018166205,0.90368706,0.14480102,0.98617506,1.6801847,28.85834,-0.17863145,2.1761599,156.1689,0.37083012,0.37083012,1.0,156.1689,0.7529437,0.09631294,0.98617506,0.0018166205,0.49784192,0.06263846,0.0,1.6801847,2.1761599,0.37083012,0.17863145,0.0,0.49784192,0.17863145,0.84530985,0.37083012,1.0,0.434336,lookahead,beam_orig0_bm1-s0to100br3-s100to200br2
/work/T-REX/external/Proteina-Complexa/inference/search_binder_local_pipeline_32_PDL1_ALPHA_REPACK_v7_r003_cand_v7r003_hyp_0003_01_002_a2b1ae63664a8/job_0_n_229_id_22_beam_orig1_bm2-s0to100br1-s100to200br2/job_0_n_229_id_22_beam_orig1_bm2-s0to100br1-s100to200br2.pdb,89,"2,0,13,16,19,16,19,14,11,3,10,18,19,19,6,18,7,15,2,12,16,9,6,4,11,13,14,19,6,11,5,10,3,10,0,0,10,9,19,18,17,6,12,6,3,11,2,9,9,5,13,19,8,7,6,6,3,10,11,19,5,8,15,15,18,1,5,1,0,1,10,10,11,3,5,10,15,10,7,2,0,0,10,5,9,16,3,19,11,10,5,3,0,7,19,18,1,4,12,9,15,18,7,7,0,3,18,11,1,9,16,19,11,19,2,0,0,13,16,19,16,19,14,11,3,10,18,19,19,6,18,7,15,2,12,16,9,6,4,11,13,14,19,6,11,5,10,3,10,0,0,10,9,19,18,17,6,12,6,3,11,2,9,9,5,13,19,8,7,6,6,3,10,11,19,5,8,15,15,18,1,5,1,0,1,10,10,11,3,5,10,15,10,7,2,0,0,10,5,9,16,3,19,11,10,5,3,0,7,19,18,1,4,12,9,15,18,7,7,0,3,18,11,1,9,16,19,11,19,0,0,0,0",-0.52071536,0.293976,3.0,0.048658982,55.73123,0.051133238,1.0,0.051133238,0.3083611,0.0124564385,0.0,0.0,0.048658982,0.001785463,0.8617138,0.3083611,4.9777656,1.2766029,55.73123,-0.52071536,3.8378074,198.47006,0.0120673105,0.046184722,1.0,198.47006,0.26837033,0.13828617,4.9777656,0.001785463,0.0128455665,0.293976,0.0,1.2766029,3.8378074,0.0120673105,0.52071536,0.0,0.0128455665,0.52071536,0.59152246,0.046184722,1.0,0.0124564385,lookahead,beam_orig1_bm2-s0to100br1-s100to200br2
/work/T-REX/external/Proteina-Complexa/inference/search_binder_local_pipeline_32_PDL1_ALPHA_REPACK_v7_r003_cand_v7r003_hyp_0003_01_002_a2b1ae63664a8/job_0_n_233_id_22_beam_orig2_bm2-s0to100br1-s100to200br2/job_0_n_233_id_22_beam_orig2_bm2-s0to100br1-s100to200br2.pdb,90,"2,0,13,16,19,16,19,14,11,3,10,18,19,19,6,18,7,15,2,12,16,9,6,4,11,13,14,19,6,11,5,10,3,10,0,0,10,9,19,18,17,6,12,6,3,11,2,9,9,5,13,19,8,7,6,6,3,10,11,19,5,8,15,15,18,1,5,1,0,1,10,10,11,3,5,10,15,10,7,2,0,0,10,5,9,16,3,19,11,10,5,3,0,7,19,18,1,4,12,9,15,18,7,7,0,3,18,11,1,9,16,19,11,19,2,0,0,13,16,19,16,19,14,11,3,10,18,19,19,6,18,7,15,2,12,16,9,6,4,11,13,14,19,6,11,5,10,3,10,0,0,10,9,19,18,17,6,12,6,3,11,2,9,9,5,13,19,8,7,6,6,3,10,11,19,5,8,15,15,18,1,5,1,0,1,10,10,11,3,5,10,15,10,7,2,0,0,10,5,9,16,3,19,11,10,5,3,0,7,19,18,1,4,12,9,15,18,7,7,0,3,18,11,1,9,16,19,11,19,2,0,14,14",-0.52747023,0.2991317,3.0,0.047798496,58.68642,0.049769398,1.0,0.049769398,0.31130746,0.012532903,0.0,0.0,0.047798496,0.0046828254,0.861777,0.31130746,4.6706424,1.2834582,58.68642,-0.52747023,3.92662,197.43694,0.012331183,0.045827594,1.0,197.43694,0.26324168,0.13822299,4.6706424,0.0046828254,0.012734622,0.2991317,0.0,1.2834582,3.92662,0.012331183,0.52747023,0.0,0.012734622,0.52747023,0.58909875,0.045827594,1.0,0.012532903,lookahead,beam_orig2_bm2-s0to100br1-s100to200br2
/work/T-REX/external/Proteina-Complexa/inference/search_binder_local_pipeline_32_PDL1_ALPHA_REPACK_v7_r003_cand_v7r003_hyp_0003_01_002_a2b1ae63664a8/job_0_n_180_id_22_beam_orig3_bm0-s0to100br3-s100to200br2/job_0_n_180_id_22_beam_orig3_bm0-s0to100br3-s100to200br2.pdb,91,"2,0,13,16,19,16,19,14,11,3,10,18,19,19,6,18,7,15,2,12,16,9,6,4,11,13,14,19,6,11,5,10,3,10,0,0,10,9,19,18,17,6,12,6,3,11,2,9,9,5,13,19,8,7,6,6,3,10,11,19,5,8,15,15,18,1,5,1,0,1,10,10,11,3,5,10,15,10,7,2,0,0,10,5,9,16,3,19,11,10,5,3,0,7,19,18,1,4,12,9,15,18,7,7,0,3,18,11,1,9,16,19,11,19,2,0,19,11,10,16,19,6,6,19,0,11,2,10,7,19,15,19,11,16,9,19,1,0,10,11,3,11,14,10,3,0,6,0,10,6,11,13,7,15,1,6,7,10,10,11,1,9,6,3,18,4,11,10,10,7,11,11,10,15,3,10,9,0,10,10,0,0,0,0,0,0,0,0,0,0,0,0,0,0,0,0,0,0,0,0,0,0,0,0,0,0,0,0,0,0,0,0,0,0,0,0,0,0,0,0,0,0,0,0,0,0,0,0,0,0,0,0,0",-0.6616541,0.46391073,3.0,0.005704661,98.18414,0.006217886,1.0,0.006217886,0.4624411,0.0,0.0,0.0,0.005704661,0.002216937,0.7453676,0.4624411,9.558337,1.808146,98.18414,-0.6616541,4.1319675,231.79291,0.0,0.0051914356,1.0,231.79291,0.16739848,0.2546324,9.558337,0.002216937,0.0,0.46391073,0.0,1.808146,4.1319675,0.0,0.6616541,0.0,0.0,0.6616541,0.63641334,0.0051914356,1.0,0.0,lookahead,beam_orig3_bm0-s0to100br3-s100to200br2
/work/T-REX/external/Proteina-Complexa/inference/search_binder_local_pipeline_32_PDL1_ALPHA_REPACK_v7_r003_cand_v7r003_hyp_0003_01_002_a2b1ae63664a8/job_0_n_176_id_23_beam_orig0_bm1-s0to100br3-s100to200br3/job_0_n_176_id_23_beam_orig0_bm1-s0to100br3-s100to200br3.pdb,92,"2,0,13,16,19,16,19,14,11,3,10,18,19,19,6,18,7,15,2,12,16,9,6,4,11,13,14,19,6,11,5,10,3,10,0,0,10,9,19,18,17,6,12,6,3,11,2,9,9,5,13,19,8,7,6,6,3,10,11,19,5,8,15,15,18,1,5,1,0,1,10,10,11,3,5,10,15,10,7,2,0,0,10,5,9,16,3,19,11,10,5,3,0,7,19,18,1,4,12,9,15,18,7,7,0,3,18,11,1,9,16,19,11,19,2,0,10,15,19,10,16,6,15,6,1,11,0,10,6,12,19,0,3,15,0,7,10,15,19,11,3,13,9,11,0,19,6,6,3,14,15,9,10,3,11,18,16,7,15,3,14,13,11,6,3,9,11,11,0,19,6,11,19,11,0,15,0,0,0,0,0,0,0,0,0,0,0,0,0,0,0,0,0,0,0,0,0,0,0,0,0,0,0,0,0,0,0,0,0,0,0,0,0,0,0,0,0,0,0,0,0,0,0,0,0,0,0,0,0,0,0,0,0",-0.15563436,0.05198661,3.0,0.5422003,45.504894,0.6387124,1.0,0.6387124,0.12542702,0.5422003,0.0,0.0,0.5422003,0.0013682763,0.93017256,0.12542702,0.9131424,1.4997534,45.504894,-0.15563436,1.9529732,175.392,0.44568822,0.44568822,1.0,175.392,0.8027634,0.06982747,0.9131424,0.0013682763,0.6387124,0.05198661,0.0,1.4997534,1.9529732,0.44568822,0.15563436,0.0,0.6387124,0.15563436,0.87123895,0.44568822,1.0,0.5422003,lookahead,beam_orig0_bm1-s0to100br3-s100to200br3
/work/T-REX/external/Proteina-Complexa/inference/search_binder_local_pipeline_32_PDL1_ALPHA_REPACK_v7_r003_cand_v7r003_hyp_0003_01_002_a2b1ae63664a8/job_0_n_229_id_23_beam_orig1_bm2-s0to100br1-s100to200br3/job_0_n_229_id_23_beam_orig1_bm2-s0to100br1-s100to200br3.pdb,93,"2,0,13,16,19,16,19,14,11,3,10,18,19,19,6,18,7,15,2,12,16,9,6,4,11,13,14,19,6,11,5,10,3,10,0,0,10,9,19,18,17,6,12,6,3,11,2,9,9,5,13,19,8,7,6,6,3,10,11,19,5,8,15,15,18,1,5,1,0,1,10,10,11,3,5,10,15,10,7,2,0,0,10,5,9,16,3,19,11,10,5,3,0,7,19,18,1,4,12,9,15,18,7,7,0,3,18,11,1,9,16,19,11,19,2,0,0,13,16,19,16,19,14,11,3,10,18,19,19,6,18,7,15,2,12,16,9,6,4,11,13,14,19,6,11,5,10,3,10,0,0,10,9,19,18,17,6,12,6,3,11,2,9,9,5,13,19,8,7,6,6,3,10,11,19,5,8,15,15,18,1,5,1,0,1,10,10,11,3,5,10,15,10,7,2,0,0,10,5,9,16,3,19,11,10,5,3,0,7,19,18,1,4,12,9,15,18,7,7,0,3,18,11,1,9,16,19,11,19,0,0,0,0",-0.5135037,0.2873828,3.0,0.05118398,60.721207,0.05354966,1.0,0.05354966,0.30451438,0.012939686,0.0,0.0,0.05118398,0.0017745801,0.86196697,0.30451438,4.9537196,1.2720634,60.721207,-0.5135037,3.8160675,198.22456,0.012577666,0.0488183,1.0,198.22456,0.27289677,0.138033,4.9537196,0.0017745801,0.013301707,0.2873828,0.0,1.2720634,3.8160675,0.012577666,0.5135037,0.0,0.013301707,0.5135037,0.59381825,0.0488183,1.0,0.012939686,lookahead,beam_orig1_bm2-s0to100br1-s100to200br3
/work/T-REX/external/Proteina-Complexa/inference/search_binder_local_pipeline_32_PDL1_ALPHA_REPACK_v7_r003_cand_v7r003_hyp_0003_01_002_a2b1ae63664a8/job_0_n_233_id_23_beam_orig2_bm2-s0to100br1-s100to200br3/job_0_n_233_id_23_beam_orig2_bm2-s0to100br1-s100to200br3.pdb,94,"2,0,13,16,19,16,19,14,11,3,10,18,19,19,6,18,7,15,2,12,16,9,6,4,11,13,14,19,6,11,5,10,3,10,0,0,10,9,19,18,17,6,12,6,3,11,2,9,9,5,13,19,8,7,6,6,3,10,11,19,5,8,15,15,18,1,5,1,0,1,10,10,11,3,5,10,15,10,7,2,0,0,10,5,9,16,3,19,11,10,5,3,0,7,19,18,1,4,12,9,15,18,7,7,0,3,18,11,1,9,16,19,11,19,2,0,0,13,16,19,16,19,14,11,3,10,18,19,19,6,18,7,15,2,12,16,9,6,4,11,13,14,19,6,11,5,10,3,10,0,0,10,9,19,18,17,6,12,6,3,11,2,9,9,5,13,19,8,7,6,6,3,10,11,19,5,8,15,15,18,1,5,1,0,1,10,10,11,3,5,10,15,10,7,2,0,0,10,5,9,16,3,19,11,10,5,3,0,7,19,18,1,4,12,9,15,18,7,7,0,3,18,11,1,9,16,19,11,19,2,0,10,0",-0.5243034,0.290686,3.0,0.049648244,57.542904,0.05247859,1.0,0.05247859,0.31310195,0.01264626,0.0,0.0,0.049648244,0.0026866759,0.856176,0.31310195,4.965414,1.2998773,57.542904,-0.5243034,3.905559,195.63358,0.012332635,0.0468179,1.0,195.63358,0.2678694,0.14382401,4.965414,0.0026866759,0.012959885,0.290686,0.0,1.2998773,3.905559,0.012332635,0.5243034,0.0,0.012959885,0.5243034,0.5893612,0.0468179,1.0,0.01264626,lookahead,beam_orig2_bm2-s0to100br1-s100to200br3
/work/T-REX/external/Proteina-Complexa/inference/search_binder_local_pipeline_32_PDL1_ALPHA_REPACK_v7_r003_cand_v7r003_hyp_0003_01_002_a2b1ae63664a8/job_0_n_180_id_23_beam_orig3_bm0-s0to100br3-s100to200br3/job_0_n_180_id_23_beam_orig3_bm0-s0to100br3-s100to200br3.pdb,95,"2,0,13,16,19,16,19,14,11,3,10,18,19,19,6,18,7,15,2,12,16,9,6,4,11,13,14,19,6,11,5,10,3,10,0,0,10,9,19,18,17,6,12,6,3,11,2,9,9,5,13,19,8,7,6,6,3,10,11,19,5,8,15,15,18,1,5,1,0,1,10,10,11,3,5,10,15,10,7,2,0,0,10,5,9,16,3,19,11,10,5,3,0,7,19,18,1,4,12,9,15,18,7,7,0,3,18,11,1,9,16,19,11,19,2,0,15,11,6,6,9,6,5,10,10,11,11,8,15,14,6,18,10,6,18,10,11,16,3,3,3,19,5,11,16,11,9,10,5,11,10,7,18,15,6,19,16,13,2,1,11,10,6,3,18,0,1,10,10,2,19,11,19,6,3,10,10,0,10,11,0,0,0,0,0,0,0,0,0,0,0,0,0,0,0,0,0,0,0,0,0,0,0,0,0,0,0,0,0,0,0,0,0,0,0,0,0,0,0,0,0,0,0,0,0,0,0,0,0,0,0,0,0",-0.5777588,0.32983163,3.0,0.009063264,54.862747,0.010125793,1.0,0.010125793,0.40562716,0.0063891704,0.0,0.0,0.009063264,0.0027697338,0.76627076,0.40562716,5.459424,1.8685131,54.862747,-0.5777588,3.9519231,217.3107,0.0,0.008000735,1.0,217.3107,0.18704222,0.23372921,5.459424,0.0027697338,0.012778341,0.32983163,0.0,1.8685131,3.9519231,0.0,0.5777588,0.0,0.012778341,0.5777588,0.64166903,0.008000735,1.0,0.0063891704,lookahead,beam_orig3_bm0-s0to100br3-s100to200br3
/work/T-REX/external/Proteina-Complexa/inference/search_binder_local_pipeline_32_PDL1_ALPHA_REPACK_v7_r003_cand_v7r003_hyp_0003_01_002_a2b1ae63664a8/job_0_n_176_id_24_beam_orig0_bm1-s0to100br1-s100to200br0/job_0_n_176_id_24_beam_orig0_bm1-s0to100br1-s100to200br0.pdb,96,"2,0,13,16,19,16,19,14,11,3,10,18,19,19,6,18,7,15,2,12,16,9,6,4,11,13,14,19,6,11,5,10,3,10,0,0,10,9,19,18,17,6,12,6,3,11,2,9,9,5,13,19,8,7,6,6,3,10,11,19,5,8,15,15,18,1,5,1,0,1,10,10,11,3,5,10,15,10,7,2,0,0,10,5,9,16,3,19,11,10,5,3,0,7,19,18,1,4,12,9,15,18,7,7,0,3,18,11,1,9,16,19,11,19,2,0,15,3,9,6,1,9,2,11,12,16,0,6,3,10,16,11,19,5,7,9,7,14,19,10,0,5,1,9,19,3,8,1,2,6,11,14,13,6,15,19,3,6,10,16,11,19,3,7,19,10,14,15,0,19,13,6,10,10,11,0,0,0,0,0,0,0,0,0,0,0,0,0,0,0,0,0,0,0,0,0,0,0,0,0,0,0,0,0,0,0,0,0,0,0,0,0,0,0,0,0,0,0,0,0,0,0,0,0,0,0,0,0,0,0,0,0,0",-0.27582288,0.13020884,3.0,0.20007154,81.58096,0.23788567,1.0,0.23788567,0.20869935,0.19850689,0.0,0.0,0.20007154,0.002339853,0.87819505,0.20869935,3.6379,1.6932962,81.58096,-0.27582288,2.7898607,182.54144,0.16225743,0.16225743,1.0,182.54144,0.5775662,0.12180497,3.6379,0.002339853,0.23475637,0.13020884,0.0,1.6932962,2.7898607,0.16225743,0.27582288,0.0,0.23475637,0.27582288,0.78525543,0.16225743,1.0,0.19850689,lookahead,beam_orig0_bm1-s0to100br1-s100to200br0
/work/T-REX/external/Proteina-Complexa/inference/search_binder_local_pipeline_32_PDL1_ALPHA_REPACK_v7_r003_cand_v7r003_hyp_0003_01_002_a2b1ae63664a8/job_0_n_229_id_24_beam_orig1_bm1-s0to100br0-s100to200br0/job_0_n_229_id_24_beam_orig1_bm1-s0to100br0-s100to200br0.pdb,97,"2,0,13,16,19,16,19,14,11,3,10,18,19,19,6,18,7,15,2,12,16,9,6,4,11,13,14,19,6,11,5,10,3,10,0,0,10,9,19,18,17,6,12,6,3,11,2,9,9,5,13,19,8,7,6,6,3,10,11,19,5,8,15,15,18,1,5,1,0,1,10,10,11,3,5,10,15,10,7,2,0,0,10,5,9,16,3,19,11,10,5,3,0,7,19,18,1,4,12,9,15,18,7,7,0,3,18,11,1,9,16,19,11,19,2,0,13,16,19,16,19,14,11,3,10,18,19,19,6,18,7,15,2,12,16,9,6,4,11,13,14,19,6,11,5,10,3,10,0,0,10,9,19,18,17,6,12,6,3,11,2,9,9,5,13,19,8,7,6,6,3,10,11,19,5,8,15,15,18,1,5,1,0,1,10,10,11,3,5,10,15,10,7,2,0,0,10,5,9,16,3,19,11,10,5,3,0,7,19,18,1,4,12,9,15,18,7,7,0,3,18,11,1,9,16,19,11,19,2,0,0,0,0",-0.526946,0.300498,3.0,0.04269708,71.85657,0.045666225,1.0,0.045666225,0.31173274,0.012160301,0.0,0.0,0.04269708,0.0017778003,0.8615444,0.31173274,3.401135,1.2877289,71.85657,-0.526946,3.8764906,216.23389,0.011884285,0.039727934,1.0,216.23389,0.25921243,0.13845563,3.401135,0.0017778003,0.012436316,0.300498,0.0,1.2877289,3.8764906,0.011884285,0.526946,0.0,0.012436316,0.526946,0.5866046,0.039727934,1.0,0.012160301,lookahead,beam_orig1_bm1-s0to100br0-s100to200br0
/work/T-REX/external/Proteina-Complexa/inference/search_binder_local_pipeline_32_PDL1_ALPHA_REPACK_v7_r003_cand_v7r003_hyp_0003_01_002_a2b1ae63664a8/job_0_n_233_id_24_beam_orig2_bm1-s0to100br1-s100to200br0/job_0_n_233_id_24_beam_orig2_bm1-s0to100br1-s100to200br0.pdb,98,"2,0,13,16,19,16,19,14,11,3,10,18,19,19,6,18,7,15,2,12,16,9,6,4,11,13,14,19,6,11,5,10,3,10,0,0,10,9,19,18,17,6,12,6,3,11,2,9,9,5,13,19,8,7,6,6,3,10,11,19,5,8,15,15,18,1,5,1,0,1,10,10,11,3,5,10,15,10,7,2,0,0,10,5,9,16,3,19,11,10,5,3,0,7,19,18,1,4,12,9,15,18,7,7,0,3,18,11,1,9,16,19,11,19,2,0,2,0,13,16,19,16,19,14,11,3,10,18,19,19,6,18,7,15,2,12,16,9,6,4,11,13,14,19,6,11,5,10,3,10,0,0,10,9,19,18,17,6,12,6,3,11,2,9,9,5,13,19,8,7,6,6,3,10,11,19,5,8,15,15,18,1,5,1,0,1,10,10,11,3,5,10,15,10,7,2,0,0,10,5,9,16,3,19,11,10,5,3,0,7,19,18,1,4,12,9,15,18,7,7,0,3,18,11,1,9,16,19,11,19,2,0,10",-0.53451914,0.30248845,3.0,0.04357642,58.23203,0.047307223,1.0,0.047307223,0.31707487,0.012253497,0.0,0.0,0.04357642,0.002860717,0.8574416,0.31707487,3.1322842,1.3009998,58.23203,-0.53451914,3.9160533,203.80278,0.011838475,0.039845616,1.0,203.80278,0.25774604,0.1425584,3.1322842,0.002860717,0.012668518,0.30248845,0.0,1.3009998,3.9160533,0.011838475,0.53451914,0.0,0.012668518,0.53451914,0.5840293,0.039845616,1.0,0.012253497,lookahead,beam_orig2_bm1-s0to100br1-s100to200br0
/work/T-REX/external/Proteina-Complexa/inference/search_binder_local_pipeline_32_PDL1_ALPHA_REPACK_v7_r003_cand_v7r003_hyp_0003_01_002_a2b1ae63664a8/job_0_n_180_id_24_beam_orig3_bm2-s0to100br3-s100to200br0/job_0_n_180_id_24_beam_orig3_bm2-s0to100br3-s100to200br0.pdb,99,"2,0,13,16,19,16,19,14,11,3,10,18,19,19,6,18,7,15,2,12,16,9,6,4,11,13,14,19,6,11,5,10,3,10,0,0,10,9,19,18,17,6,12,6,3,11,2,9,9,5,13,19,8,7,6,6,3,10,11,19,5,8,15,15,18,1,5,1,0,1,10,10,11,3,5,10,15,10,7,2,0,0,10,5,9,16,3,19,11,10,5,3,0,7,19,18,1,4,12,9,15,18,7,7,0,3,18,11,1,9,16,19,11,19,2,0,15,3,12,19,6,0,19,11,10,18,12,6,7,11,3,6,13,3,11,7,2,18,0,7,0,19,15,11,18,11,5,0,9,6,9,10,6,11,10,14,5,16,6,19,2,5,11,10,10,6,5,0,11,0,3,13,6,6,0,11,11,11,10,6,0,0,0,0,0,0,0,0,0,0,0,0,0,0,0,0,0,0,0,0,0,0,0,0,0,0,0,0,0,0,0,0,0,0,0,0,0,0,0,0,0,0,0,0,0,0,0,0,0,0,0,0,0",-0.32218492,0.15443385,3.0,0.16378056,43.964508,0.2113072,1.0,0.2113072,0.23284067,0.14994512,0.0,0.0,0.16378056,0.0014734576,0.8755181,0.23284067,2.8642015,1.433547,43.964508,-0.32218492,2.986342,174.65753,0.10048472,0.116253905,1.0,174.65753,0.49653763,0.124481946,2.8642015,0.0014734576,0.19940554,0.15443385,0.0,1.433547,2.986342,0.10048472,0.32218492,0.0,0.19940554,0.32218492,0.7487544,0.116253905,1.0,0.14994512,lookahead,beam_orig3_bm2-s0to100br3-s100to200br0
/work/T-REX/external/Proteina-Complexa/inference/search_binder_local_pipeline_32_PDL1_ALPHA_REPACK_v7_r003_cand_v7r003_hyp_0003_01_002_a2b1ae63664a8/job_0_n_176_id_25_beam_orig0_bm1-s0to100br1-s100to200br1/job_0_n_176_id_25_beam_orig0_bm1-s0to100br1-s100to200br1.pdb,100,"2,0,13,16,19,16,19,14,11,3,10,18,19,19,6,18,7,15,2,12,16,9,6,4,11,13,14,19,6,11,5,10,3,10,0,0,10,9,19,18,17,6,12,6,3,11,2,9,9,5,13,19,8,7,6,6,3,10,11,19,5,8,15,15,18,1,5,1,0,1,10,10,11,3,5,10,15,10,7,2,0,0,10,5,9,16,3,19,11,10,5,3,0,7,19,18,1,4,12,9,15,18,7,7,0,3,18,11,1,9,16,19,11,19,2,0,15,3,10,3,8,19,2,11,12,16,0,6,3,10,16,11,19,6,7,19,7,14,19,10,0,5,11,9,19,3,8,1,2,6,11,14,13,5,15,0,3,6,10,15,1,19,15,7,19,16,14,0,0,19,13,15,10,10,11,18,0,0,0,0,0,0,0,0,0,0,0,0,0,0,0,0,0,0,0,0,0,0,0,0,0,0,0,0,0,0,0,0,0,0,0,0,0,0,0,0,0,0,0,0,0,0,0,0,0,0,0,0,0,0,0,0,0",-0.5448015,0.31751004,3.0,0.015621772,110.11562,0.024757173,1.0,0.024757173,0.39150572,0.012278923,0.0,0.0,0.015621772,0.0045505674,0.762773,0.39150572,4.9767737,1.7341202,110.11562,-0.5448015,3.7401586,219.58434,0.011017686,0.006486371,1.0,219.58434,0.22073326,0.23722701,4.9767737,0.0045505674,0.01354016,0.31751004,0.0,1.7341202,3.7401586,0.011017686,0.5448015,0.0,0.01354016,0.5448015,0.6667018,0.006486371,1.0,0.012278923,lookahead,beam_orig0_bm1-s0to100br1-s100to200br1
/work/T-REX/external/Proteina-Complexa/inference/search_binder_local_pipeline_32_PDL1_ALPHA_REPACK_v7_r003_cand_v7r003_hyp_0003_01_002_a2b1ae63664a8/job_0_n_229_id_25_beam_orig1_bm1-s0to100br0-s100to200br1/job_0_n_229_id_25_beam_orig1_bm1-s0to100br0-s100to200br1.pdb,101,"2,0,13,16,19,16,19,14,11,3,10,18,19,19,6,18,7,15,2,12,16,9,6,4,11,13,14,19,6,11,5,10,3,10,0,0,10,9,19,18,17,6,12,6,3,11,2,9,9,5,13,19,8,7,6,6,3,10,11,19,5,8,15,15,18,1,5,1,0,1,10,10,11,3,5,10,15,10,7,2,0,0,10,5,9,16,3,19,11,10,5,3,0,7,19,18,1,4,12,9,15,18,7,7,0,3,18,11,1,9,16,19,11,19,2,0,13,16,19,16,19,14,11,3,10,18,19,19,6,18,7,15,2,12,16,9,6,4,11,13,14,19,6,11,5,10,3,10,0,0,10,9,19,18,17,6,12,6,3,11,2,9,9,5,13,19,8,7,6,6,3,10,11,19,5,8,15,15,18,1,5,1,0,1,10,10,11,3,5,10,15,10,7,2,0,0,10,5,9,16,3,19,11,10,5,3,0,7,19,18,1,4,12,9,15,18,7,7,0,3,18,11,1,9,16,19,11,19,2,0,0,0,0",-0.53309035,0.30615592,3.0,0.038649276,52.262012,0.03920293,1.0,0.03920293,0.31459254,0.011964453,0.0,0.0,0.038649276,0.0017932537,0.86240315,0.31459254,2.676548,1.2835255,52.262012,-0.53309035,3.888375,205.3077,0.011667499,0.038095623,1.0,205.3077,0.2543424,0.13759682,2.676548,0.0017932537,0.0122614065,0.30615592,0.0,1.2835255,3.888375,0.011667499,0.53309035,0.0,0.0122614065,0.53309035,0.58444685,0.038095623,1.0,0.011964453,lookahead,beam_orig1_bm1-s0to100br0-s100to200br1
/work/T-REX/external/Proteina-Complexa/inference/search_binder_local_pipeline_32_PDL1_ALPHA_REPACK_v7_r003_cand_v7r003_hyp_0003_01_002_a2b1ae63664a8/job_0_n_233_id_25_beam_orig2_bm1-s0to100br1-s100to200br1/job_0_n_233_id_25_beam_orig2_bm1-s0to100br1-s100to200br1.pdb,102,"2,0,13,16,19,16,19,14,11,3,10,18,19,19,6,18,7,15,2,12,16,9,6,4,11,13,14,19,6,11,5,10,3,10,0,0,10,9,19,18,17,6,12,6,3,11,2,9,9,5,13,19,8,7,6,6,3,10,11,19,5,8,15,15,18,1,5,1,0,1,10,10,11,3,5,10,15,10,7,2,0,0,10,5,9,16,3,19,11,10,5,3,0,7,19,18,1,4,12,9,15,18,7,7,0,3,18,11,1,9,16,19,11,19,2,0,2,0,13,16,19,16,19,14,11,3,10,18,19,19,6,18,7,15,2,12,16,9,6,4,11,13,14,19,6,11,5,10,3,10,0,0,10,9,19,18,17,6,12,6,3,11,2,9,9,5,13,19,8,7,6,6,3,10,11,19,5,8,15,15,18,1,5,1,0,1,10,10,11,3,5,10,15,10,7,2,0,0,10,5,9,16,3,19,11,10,5,3,0,7,19,18,1,4,12,9,15,18,7,7,0,3,18,11,1,9,16,19,11,19,2,0,14",-0.53586715,0.30425975,3.0,0.041145444,58.375328,0.0440711,1.0,0.0440711,0.31605595,0.012047321,0.0,0.0,0.041145444,0.0028364584,0.8600368,0.31605595,3.0717363,1.2877401,58.375328,-0.53586715,3.925006,198.97911,0.0117469225,0.03821979,1.0,198.97911,0.25503805,0.13996322,3.0717363,0.0028364584,0.01234772,0.30425975,0.0,1.2877401,3.925006,0.0117469225,0.53586715,0.0,0.01234772,0.53586715,0.5839972,0.03821979,1.0,0.012047321,lookahead,beam_orig2_bm1-s0to100br1-s100to200br1
/work/T-REX/external/Proteina-Complexa/inference/search_binder_local_pipeline_32_PDL1_ALPHA_REPACK_v7_r003_cand_v7r003_hyp_0003_01_002_a2b1ae63664a8/job_0_n_180_id_25_beam_orig3_bm2-s0to100br3-s100to200br1/job_0_n_180_id_25_beam_orig3_bm2-s0to100br3-s100to200br1.pdb,103,"2,0,13,16,19,16,19,14,11,3,10,18,19,19,6,18,7,15,2,12,16,9,6,4,11,13,14,19,6,11,5,10,3,10,0,0,10,9,19,18,17,6,12,6,3,11,2,9,9,5,13,19,8,7,6,6,3,10,11,19,5,8,15,15,18,1,5,1,0,1,10,10,11,3,5,10,15,10,7,2,0,0,10,5,9,16,3,19,11,10,5,3,0,7,19,18,1,4,12,9,15,18,7,7,0,3,18,11,1,9,16,19,11,19,2,0,12,16,10,13,6,0,16,11,10,18,4,6,7,11,3,6,18,2,11,7,2,18,6,7,0,19,11,11,18,6,11,0,9,6,9,10,6,11,10,6,5,16,14,16,2,5,11,10,10,6,5,18,11,0,3,13,6,6,0,11,11,11,10,11,0,0,0,0,0,0,0,0,0,0,0,0,0,0,0,0,0,0,0,0,0,0,0,0,0,0,0,0,0,0,0,0,0,0,0,0,0,0,0,0,0,0,0,0,0,0,0,0,0,0,0,0,0",-0.19208577,0.07370057,3.0,0.42804432,48.714294,0.5079652,1.0,0.5079652,0.14977369,0.42804432,0.0,0.0,0.42804432,0.0017841049,0.92542356,0.14977369,2.487648,1.4392118,48.714294,-0.19208577,2.2696724,159.12323,0.34812346,0.34812346,1.0,159.12323,0.7490794,0.07457644,2.487648,0.0017841049,0.5079652,0.07370057,0.0,1.4392118,2.2696724,0.34812346,0.19208577,0.0,0.5079652,0.19208577,0.8337837,0.34812346,1.0,0.42804432,lookahead,beam_orig3_bm2-s0to100br3-s100to200br1
/work/T-REX/external/Proteina-Complexa/inference/search_binder_local_pipeline_32_PDL1_ALPHA_REPACK_v7_r003_cand_v7r003_hyp_0003_01_002_a2b1ae63664a8/job_0_n_176_id_26_beam_orig0_bm1-s0to100br1-s100to200br2/job_0_n_176_id_26_beam_orig0_bm1-s0to100br1-s100to200br2.pdb,104,"2,0,13,16,19,16,19,14,11,3,10,18,19,19,6,18,7,15,2,12,16,9,6,4,11,13,14,19,6,11,5,10,3,10,0,0,10,9,19,18,17,6,12,6,3,11,2,9,9,5,13,19,8,7,6,6,3,10,11,19,5,8,15,15,18,1,5,1,0,1,10,10,11,3,5,10,15,10,7,2,0,0,10,5,9,16,3,19,11,10,5,3,0,7,19,18,1,4,12,9,15,18,7,7,0,3,18,11,1,9,16,19,11,19,2,0,15,3,10,6,13,9,2,16,0,15,0,6,3,10,15,11,19,6,7,19,11,14,6,10,0,5,11,9,19,2,8,1,11,6,11,11,9,6,15,0,3,6,10,15,11,9,3,7,19,16,14,0,0,19,13,15,10,10,11,18,0,0,0,0,0,0,0,0,0,0,0,0,0,0,0,0,0,0,0,0,0,0,0,0,0,0,0,0,0,0,0,0,0,0,0,0,0,0,0,0,0,0,0,0,0,0,0,0,0,0,0,0,0,0,0,0,0",-0.38461247,0.22181618,3.0,0.09548949,74.750275,0.113021195,1.0,0.113021195,0.28390664,0.03276257,0.0,0.0,0.09548949,0.004516713,0.8329191,0.28390664,3.7734494,1.7028334,74.750275,-0.38461247,3.2242064,214.5472,0.025699114,0.07795778,1.0,214.5472,0.40284413,0.16708085,3.7734494,0.004516713,0.03982602,0.22181618,0.0,1.7028334,3.2242064,0.025699114,0.38461247,0.0,0.03982602,0.38461247,0.7249755,0.07795778,1.0,0.03276257,lookahead,beam_orig0_bm1-s0to100br1-s100to200br2
/work/T-REX/external/Proteina-Complexa/inference/search_binder_local_pipeline_32_PDL1_ALPHA_REPACK_v7_r003_cand_v7r003_hyp_0003_01_002_a2b1ae63664a8/job_0_n_229_id_26_beam_orig1_bm1-s0to100br0-s100to200br2/job_0_n_229_id_26_beam_orig1_bm1-s0to100br0-s100to200br2.pdb,105,"2,0,13,16,19,16,19,14,11,3,10,18,19,19,6,18,7,15,2,12,16,9,6,4,11,13,14,19,6,11,5,10,3,10,0,0,10,9,19,18,17,6,12,6,3,11,2,9,9,5,13,19,8,7,6,6,3,10,11,19,5,8,15,15,18,1,5,1,0,1,10,10,11,3,5,10,15,10,7,2,0,0,10,5,9,16,3,19,11,10,5,3,0,7,19,18,1,4,12,9,15,18,7,7,0,3,18,11,1,9,16,19,11,19,2,0,13,16,19,16,19,14,11,3,10,18,19,19,6,18,7,15,2,12,16,9,6,4,11,13,14,19,6,11,5,10,3,10,0,0,10,9,19,18,17,6,12,6,3,11,2,9,9,5,13,19,8,7,6,6,3,10,11,19,5,8,15,15,18,1,5,1,0,1,10,10,11,3,5,10,15,10,7,2,0,0,10,5,9,16,3,19,11,10,5,3,0,7,19,18,1,4,12,9,15,18,7,7,0,3,18,11,1,9,16,19,11,19,2,0,0,0,0",-0.5255662,0.29853252,3.0,0.044990078,74.350914,0.04826314,1.0,0.04826314,0.31097242,0.012168927,0.0,0.0,0.044990078,0.0017616147,0.8619152,0.31097242,3.2859697,1.2868507,74.350914,-0.5255662,3.8709977,212.10233,0.01197847,0.04171702,1.0,212.10233,0.26200676,0.13808484,3.2859697,0.0017616147,0.012359385,0.29853252,0.0,1.2868507,3.8709977,0.01197847,0.5255662,0.0,0.012359385,0.5255662,0.58794403,0.04171702,1.0,0.012168927,lookahead,beam_orig1_bm1-s0to100br0-s100to200br2
/work/T-REX/external/Proteina-Complexa/inference/search_binder_local_pipeline_32_PDL1_ALPHA_REPACK_v7_r003_cand_v7r003_hyp_0003_01_002_a2b1ae63664a8/job_0_n_233_id_26_beam_orig2_bm1-s0to100br1-s100to200br2/job_0_n_233_id_26_beam_orig2_bm1-s0to100br1-s100to200br2.pdb,106,"2,0,13,16,19,16,19,14,11,3,10,18,19,19,6,18,7,15,2,12,16,9,6,4,11,13,14,19,6,11,5,10,3,10,0,0,10,9,19,18,17,6,12,6,3,11,2,9,9,5,13,19,8,7,6,6,3,10,11,19,5,8,15,15,18,1,5,1,0,1,10,10,11,3,5,10,15,10,7,2,0,0,10,5,9,16,3,19,11,10,5,3,0,7,19,18,1,4,12,9,15,18,7,7,0,3,18,11,1,9,16,19,11,19,2,0,2,0,13,16,19,16,19,14,11,3,10,18,19,19,6,18,7,15,2,12,16,9,6,4,11,13,14,19,6,11,5,10,3,10,0,0,10,9,19,18,17,6,12,6,3,11,2,9,9,5,13,19,8,7,6,6,3,10,11,19,5,8,15,15,18,1,5,1,0,1,10,10,11,3,5,10,15,10,7,2,0,0,10,5,9,16,3,19,11,10,5,3,0,7,19,18,1,4,12,9,15,18,7,7,0,3,18,11,1,9,16,19,11,19,2,0,14",-0.53824085,0.30577153,3.0,0.039863206,58.862007,0.042696085,1.0,0.042696085,0.3175292,0.011843759,0.0,0.0,0.039863206,0.0028684926,0.85996985,0.3175292,3.0103145,1.2879019,58.862007,-0.53824085,3.9313805,199.73973,0.01158479,0.03703033,1.0,199.73973,0.25471264,0.14003015,3.0103145,0.0028684926,0.012102727,0.30577153,0.0,1.2879019,3.9313805,0.01158479,0.53824085,0.0,0.012102727,0.53824085,0.58327127,0.03703033,1.0,0.011843759,lookahead,beam_orig2_bm1-s0to100br1-s100to200br2
/work/T-REX/external/Proteina-Complexa/inference/search_binder_local_pipeline_32_PDL1_ALPHA_REPACK_v7_r003_cand_v7r003_hyp_0003_01_002_a2b1ae63664a8/job_0_n_180_id_26_beam_orig3_bm2-s0to100br3-s100to200br2/job_0_n_180_id_26_beam_orig3_bm2-s0to100br3-s100to200br2.pdb,107,"2,0,13,16,19,16,19,14,11,3,10,18,19,19,6,18,7,15,2,12,16,9,6,4,11,13,14,19,6,11,5,10,3,10,0,0,10,9,19,18,17,6,12,6,3,11,2,9,9,5,13,19,8,7,6,6,3,10,11,19,5,8,15,15,18,1,5,1,0,1,10,10,11,3,5,10,15,10,7,2,0,0,10,5,9,16,3,19,11,10,5,3,0,7,19,18,1,4,12,9,15,18,7,7,0,3,18,11,1,9,16,19,11,19,2,0,15,3,10,9,6,0,16,11,10,18,13,6,7,11,3,6,13,3,11,7,2,18,3,10,0,6,11,11,13,11,6,0,9,6,9,10,6,11,10,14,5,16,14,18,9,5,11,10,10,6,2,18,11,0,6,10,6,11,4,11,11,11,10,0,0,0,0,0,0,0,0,0,0,0,0,0,0,0,0,0,0,0,0,0,0,0,0,0,0,0,0,0,0,0,0,0,0,0,0,0,0,0,0,0,0,0,0,0,0,0,0,0,0,0,0,0,0",-0.3803905,0.20552187,3.0,0.11008555,69.95661,0.14308491,1.0,0.14308491,0.26855138,0.05553208,0.0,0.0,0.11008555,0.0010259906,0.87575793,0.26855138,4.3670263,1.4158275,69.95661,-0.3803905,3.198953,186.64569,0.03169512,0.07708618,1.0,186.64569,0.41079146,0.12424207,4.3670263,0.0010259906,0.07936904,0.20552187,0.0,1.4158275,3.198953,0.03169512,0.3803905,0.0,0.07936904,0.3803905,0.71577764,0.07708618,1.0,0.05553208,lookahead,beam_orig3_bm2-s0to100br3-s100to200br2
/work/T-REX/external/Proteina-Complexa/inference/search_binder_local_pipeline_32_PDL1_ALPHA_REPACK_v7_r003_cand_v7r003_hyp_0003_01_002_a2b1ae63664a8/job_0_n_176_id_27_beam_orig0_bm1-s0to100br1-s100to200br3/job_0_n_176_id_27_beam_orig0_bm1-s0to100br1-s100to200br3.pdb,108,"2,0,13,16,19,16,19,14,11,3,10,18,19,19,6,18,7,15,2,12,16,9,6,4,11,13,14,19,6,11,5,10,3,10,0,0,10,9,19,18,17,6,12,6,3,11,2,9,9,5,13,19,8,7,6,6,3,10,11,19,5,8,15,15,18,1,5,1,0,1,10,10,11,3,5,10,15,10,7,2,0,0,10,5,9,16,3,19,11,10,5,3,0,7,19,18,1,4,12,9,15,18,7,7,0,3,18,11,1,9,16,19,11,19,2,0,15,3,10,3,13,19,2,16,0,15,0,6,3,10,16,11,19,6,7,19,7,14,19,10,0,5,11,9,19,3,8,1,2,11,5,14,9,6,15,0,6,5,10,15,11,19,3,7,19,15,14,0,0,19,13,15,10,10,11,18,0,0,0,0,0,0,0,0,0,0,0,0,0,0,0,0,0,0,0,0,0,0,0,0,0,0,0,0,0,0,0,0,0,0,0,0,0,0,0,0,0,0,0,0,0,0,0,0,0,0,0,0,0,0,0,0,0",-0.43029246,0.25370106,3.0,0.06589648,73.51687,0.07164486,1.0,0.07164486,0.31248674,0.015232481,0.0,0.0,0.06589648,0.0043044835,0.8220254,0.31248674,3.2687914,1.6074334,73.51687,-0.43029246,3.4335685,209.08308,0.0140173705,0.0601481,1.0,209.08308,0.33846653,0.17797457,3.2687914,0.0043044835,0.01644759,0.25370106,0.0,1.6074334,3.4335685,0.0140173705,0.43029246,0.0,0.01644759,0.43029246,0.7065535,0.0601481,1.0,0.015232481,lookahead,beam_orig0_bm1-s0to100br1-s100to200br3
/work/T-REX/external/Proteina-Complexa/inference/search_binder_local_pipeline_32_PDL1_ALPHA_REPACK_v7_r003_cand_v7r003_hyp_0003_01_002_a2b1ae63664a8/job_0_n_229_id_27_beam_orig1_bm1-s0to100br0-s100to200br3/job_0_n_229_id_27_beam_orig1_bm1-s0to100br0-s100to200br3.pdb,109,"2,0,13,16,19,16,19,14,11,3,10,18,19,19,6,18,7,15,2,12,16,9,6,4,11,13,14,19,6,11,5,10,3,10,0,0,10,9,19,18,17,6,12,6,3,11,2,9,9,5,13,19,8,7,6,6,3,10,11,19,5,8,15,15,18,1,5,1,0,1,10,10,11,3,5,10,15,10,7,2,0,0,10,5,9,16,3,19,11,10,5,3,0,7,19,18,1,4,12,9,15,18,7,7,0,3,18,11,1,9,16,19,11,19,2,0,13,16,19,16,19,14,11,3,10,18,19,19,6,18,7,15,2,12,16,9,6,4,11,13,14,19,6,11,5,10,3,10,0,0,10,9,19,18,17,6,12,6,3,11,2,9,9,5,13,19,8,7,6,6,3,10,11,19,5,8,15,15,18,1,5,1,0,1,10,10,11,3,5,10,15,10,7,2,0,0,10,5,9,16,3,19,11,10,5,3,0,7,19,18,1,4,12,9,15,18,7,7,0,3,18,11,1,9,16,19,11,19,2,0,0,0,0",-0.523897,0.29452777,3.0,0.042894542,46.511856,0.044032615,1.0,0.044032615,0.30965602,0.0128852455,0.0,0.0,0.042894542,0.0017805316,0.86188954,0.30965602,1.8389353,1.2747821,46.511856,-0.523897,3.858077,202.52148,0.012437026,0.041756473,1.0,202.52148,0.25682285,0.13811044,1.8389353,0.0017805316,0.013333465,0.29452777,0.0,1.2747821,3.858077,0.012437026,0.523897,0.0,0.013333465,0.523897,0.58546233,0.041756473,1.0,0.0128852455,lookahead,beam_orig1_bm1-s0to100br0-s100to200br3
/work/T-REX/external/Proteina-Complexa/inference/search_binder_local_pipeline_32_PDL1_ALPHA_REPACK_v7_r003_cand_v7r003_hyp_0003_01_002_a2b1ae63664a8/job_0_n_233_id_27_beam_orig2_bm1-s0to100br1-s100to200br3/job_0_n_233_id_27_beam_orig2_bm1-s0to100br1-s100to200br3.pdb,110,"2,0,13,16,19,16,19,14,11,3,10,18,19,19,6,18,7,15,2,12,16,9,6,4,11,13,14,19,6,11,5,10,3,10,0,0,10,9,19,18,17,6,12,6,3,11,2,9,9,5,13,19,8,7,6,6,3,10,11,19,5,8,15,15,18,1,5,1,0,1,10,10,11,3,5,10,15,10,7,2,0,0,10,5,9,16,3,19,11,10,5,3,0,7,19,18,1,4,12,9,15,18,7,7,0,3,18,11,1,9,16,19,11,19,2,0,2,0,13,16,19,16,19,14,11,3,10,18,19,19,6,18,7,15,2,12,16,9,6,4,11,13,14,19,6,11,5,10,3,10,0,0,10,9,19,18,17,6,12,6,3,11,2,9,9,5,13,19,8,7,6,6,3,10,11,19,5,8,15,15,18,1,5,1,0,1,10,10,11,3,5,10,15,10,7,2,0,0,10,5,9,16,3,19,11,10,5,3,0,7,19,18,1,4,12,9,15,18,7,7,0,3,18,11,1,9,16,19,11,19,2,0,14",-0.5401431,0.3065259,3.0,0.03828907,60.29678,0.039958164,1.0,0.039958164,0.31828845,0.0117671015,0.0,0.0,0.03828907,0.002852552,0.8599497,0.31828845,3.1302226,1.2872643,60.29678,-0.5401431,3.9347928,200.33975,0.011497288,0.036619972,1.0,200.33975,0.2510187,0.14005032,3.1302226,0.002852552,0.012036915,0.3065259,0.0,1.2872643,3.9347928,0.011497288,0.5401431,0.0,0.012036915,0.5401431,0.58203125,0.036619972,1.0,0.0117671015,lookahead,beam_orig2_bm1-s0to100br1-s100to200br3
/work/T-REX/external/Proteina-Complexa/inference/search_binder_local_pipeline_32_PDL1_ALPHA_REPACK_v7_r003_cand_v7r003_hyp_0003_01_002_a2b1ae63664a8/job_0_n_180_id_27_beam_orig3_bm2-s0to100br3-s100to200br3/job_0_n_180_id_27_beam_orig3_bm2-s0to100br3-s100to200br3.pdb,111,"2,0,13,16,19,16,19,14,11,3,10,18,19,19,6,18,7,15,2,12,16,9,6,4,11,13,14,19,6,11,5,10,3,10,0,0,10,9,19,18,17,6,12,6,3,11,2,9,9,5,13,19,8,7,6,6,3,10,11,19,5,8,15,15,18,1,5,1,0,1,10,10,11,3,5,10,15,10,7,2,0,0,10,5,9,16,3,19,11,10,5,3,0,7,19,18,1,4,12,9,15,18,7,7,0,3,18,11,1,9,16,19,11,19,2,0,7,16,10,5,6,0,16,11,10,18,13,6,7,11,3,6,13,3,11,7,2,18,15,7,0,19,19,11,18,5,5,0,9,3,9,10,6,11,10,14,14,16,11,5,2,5,11,10,10,6,5,0,11,0,3,10,6,6,0,11,5,11,10,0,0,0,0,0,0,0,0,0,0,0,0,0,0,0,0,0,0,0,0,0,0,0,0,0,0,0,0,0,0,0,0,0,0,0,0,0,0,0,0,0,0,0,0,0,0,0,0,0,0,0,0,0,0",-0.2423943,0.09918739,3.0,0.27331007,48.801445,0.34419551,1.0,0.34419551,0.1798488,0.27331007,0.0,0.0,0.27331007,0.0010522585,0.91571844,0.1798488,3.4956691,1.2562311,48.801445,-0.2423943,2.5883732,155.99432,0.2024246,0.2024246,1.0,155.99432,0.6072278,0.08428155,3.4956691,0.0010522585,0.34419551,0.09918739,0.0,1.2562311,2.5883732,0.2024246,0.2423943,0.0,0.34419551,0.2423943,0.7911442,0.2024246,1.0,0.27331007,lookahead,beam_orig3_bm2-s0to100br3-s100to200br3
/work/T-REX/external/Proteina-Complexa/inference/search_binder_local_pipeline_32_PDL1_ALPHA_REPACK_v7_r003_cand_v7r003_hyp_0003_01_002_a2b1ae63664a8/job_0_n_176_id_28_beam_orig0_bm0-s0to100br2-s100to200br0/job_0_n_176_id_28_beam_orig0_bm0-s0to100br2-s100to200br0.pdb,112,"2,0,13,16,19,16,19,14,11,3,10,18,19,19,6,18,7,15,2,12,16,9,6,4,11,13,14,19,6,11,5,10,3,10,0,0,10,9,19,18,17,6,12,6,3,11,2,9,9,5,13,19,8,7,6,6,3,10,11,19,5,8,15,15,18,1,5,1,0,1,10,10,11,3,5,10,15,10,7,2,0,0,10,5,9,16,3,19,11,10,5,3,0,7,19,18,1,4,12,9,15,18,7,7,0,3,18,11,1,9,16,19,11,19,2,0,16,3,18,19,5,10,10,6,6,7,11,14,3,6,0,6,6,0,18,5,1,10,11,9,9,16,3,7,15,11,5,13,14,0,11,3,18,6,10,16,12,3,14,6,18,10,11,11,0,11,6,0,19,11,15,18,6,11,11,8,0,0,0,0,0,0,0,0,0,0,0,0,0,0,0,0,0,0,0,0,0,0,0,0,0,0,0,0,0,0,0,0,0,0,0,0,0,0,0,0,0,0,0,0,0,0,0,0,0,0,0,0,0,0,0,0,0",-0.65760064,0.4297114,3.0,0.0058526164,72.457184,0.0059197163,1.0,0.0059197163,0.4716933,0.0,0.0,0.0,0.0058526164,0.010933973,0.7156191,0.4716933,7.959178,1.919562,72.457184,-0.65760064,4.116441,243.35628,0.0,0.0057855165,1.0,243.35628,0.1451915,0.2843809,7.959178,0.010933973,0.0,0.4297114,0.0,1.919562,4.116441,0.0,0.65760064,0.0,0.0,0.65760064,0.6393971,0.0057855165,1.0,0.0,lookahead,beam_orig0_bm0-s0to100br2-s100to200br0
/work/T-REX/external/Proteina-Complexa/inference/search_binder_local_pipeline_32_PDL1_ALPHA_REPACK_v7_r003_cand_v7r003_hyp_0003_01_002_a2b1ae63664a8/job_0_n_229_id_28_beam_orig1_bm1-s0to100br3-s100to200br0/job_0_n_229_id_28_beam_orig1_bm1-s0to100br3-s100to200br0.pdb,113,"2,0,13,16,19,16,19,14,11,3,10,18,19,19,6,18,7,15,2,12,16,9,6,4,11,13,14,19,6,11,5,10,3,10,0,0,10,9,19,18,17,6,12,6,3,11,2,9,9,5,13,19,8,7,6,6,3,10,11,19,5,8,15,15,18,1,5,1,0,1,10,10,11,3,5,10,15,10,7,2,0,0,10,5,9,16,3,19,11,10,5,3,0,7,19,18,1,4,12,9,15,18,7,7,0,3,18,11,1,9,16,19,11,19,2,0,13,16,19,16,19,14,11,3,10,18,19,19,6,18,7,15,2,12,16,9,6,4,11,13,14,19,6,11,5,10,3,10,0,0,10,9,19,18,17,6,12,6,3,11,2,9,9,5,13,19,8,7,6,6,3,10,11,19,5,8,15,15,18,1,5,1,0,1,10,10,11,3,5,10,15,10,7,2,0,0,10,5,9,16,3,19,11,10,5,3,0,7,19,18,1,4,12,9,15,18,7,7,0,3,18,11,1,9,16,19,11,19,2,0,0,0,0",-0.5237114,0.2979262,3.0,0.04443451,53.354027,0.04685087,1.0,0.04685087,0.3095426,0.012462756,0.0,0.0,0.04443451,0.001750245,0.8629457,0.3095426,2.6407344,1.2782328,53.354027,-0.5237114,3.8649092,199.57066,0.012142539,0.042018145,1.0,199.57066,0.26189297,0.13705435,2.6407344,0.001750245,0.012782971,0.2979262,0.0,1.2782328,3.8649092,0.012142539,0.5237114,0.0,0.012782971,0.5237114,0.58800757,0.042018145,1.0,0.012462756,lookahead,beam_orig1_bm1-s0to100br3-s100to200br0
/work/T-REX/external/Proteina-Complexa/inference/search_binder_local_pipeline_32_PDL1_ALPHA_REPACK_v7_r003_cand_v7r003_hyp_0003_01_002_a2b1ae63664a8/job_0_n_233_id_28_beam_orig2_bm1-s0to100br2-s100to200br0/job_0_n_233_id_28_beam_orig2_bm1-s0to100br2-s100to200br0.pdb,114,"2,0,13,16,19,16,19,14,11,3,10,18,19,19,6,18,7,15,2,12,16,9,6,4,11,13,14,19,6,11,5,10,3,10,0,0,10,9,19,18,17,6,12,6,3,11,2,9,9,5,13,19,8,7,6,6,3,10,11,19,5,8,15,15,18,1,5,1,0,1,10,10,11,3,5,10,15,10,7,2,0,0,10,5,9,16,3,19,11,10,5,3,0,7,19,18,1,4,12,9,15,18,7,7,0,3,18,11,1,9,16,19,11,19,2,0,2,0,13,16,19,16,19,14,11,3,10,18,19,19,6,18,7,15,2,12,16,9,6,4,11,13,14,19,6,11,5,10,3,10,0,0,10,9,19,18,17,6,12,6,3,11,2,9,9,5,13,19,8,7,6,6,3,10,11,19,5,8,15,15,18,1,5,1,0,1,10,10,11,3,5,10,15,10,7,2,0,0,10,5,9,16,3,19,11,10,5,3,0,7,19,18,1,4,12,9,15,18,7,7,0,3,18,11,1,9,16,19,11,19,2,0,14",-0.52597797,0.29655632,3.0,0.048301462,57.911404,0.050939932,1.0,0.050939932,0.31148413,0.012624949,0.0,0.0,0.048301462,0.0028314479,0.8596721,0.31148413,4.4269757,1.2945154,57.911404,-0.52597797,3.8973172,195.04256,0.012299325,0.04566299,1.0,195.04256,0.26563004,0.14032786,4.4269757,0.0028314479,0.012950574,0.29655632,0.0,1.2945154,3.8973172,0.012299325,0.52597797,0.0,0.012950574,0.52597797,0.5891067,0.04566299,1.0,0.012624949,lookahead,beam_orig2_bm1-s0to100br2-s100to200br0
/work/T-REX/external/Proteina-Complexa/inference/search_binder_local_pipeline_32_PDL1_ALPHA_REPACK_v7_r003_cand_v7r003_hyp_0003_01_002_a2b1ae63664a8/job_0_n_180_id_28_beam_orig3_bm0-s0to100br0-s100to200br0/job_0_n_180_id_28_beam_orig3_bm0-s0to100br0-s100to200br0.pdb,115,"2,0,13,16,19,16,19,14,11,3,10,18,19,19,6,18,7,15,2,12,16,9,6,4,11,13,14,19,6,11,5,10,3,10,0,0,10,9,19,18,17,6,12,6,3,11,2,9,9,5,13,19,8,7,6,6,3,10,11,19,5,8,15,15,18,1,5,1,0,1,10,10,11,3,5,10,15,10,7,2,0,0,10,5,9,16,3,19,11,10,5,3,0,7,19,18,1,4,12,9,15,18,7,7,0,3,18,11,1,9,16,19,11,19,2,0,9,6,0,18,11,1,0,9,6,10,3,14,2,13,0,6,0,17,11,2,10,7,2,0,10,11,3,10,2,1,10,3,6,0,6,6,0,18,11,5,0,10,6,9,11,14,11,3,10,5,9,5,15,3,18,10,3,10,10,11,0,11,3,6,0,0,0,0,0,0,0,0,0,0,0,0,0,0,0,0,0,0,0,0,0,0,0,0,0,0,0,0,0,0,0,0,0,0,0,0,0,0,0,0,0,0,0,0,0,0,0,0,0,0,0,0,0",-0.22349374,0.079575166,3.0,0.34072506,31.645267,0.42186922,1.0,0.42186922,0.16765603,0.34072506,0.0,0.0,0.34072506,0.0013329173,0.93247926,0.16765603,2.458719,1.3538737,31.645267,-0.22349374,2.7240667,135.7263,0.2595809,0.2595809,1.0,135.7263,0.7023337,0.06752073,2.458719,0.0013329173,0.42186922,0.079575166,0.0,1.3538737,2.7240667,0.2595809,0.22349374,0.0,0.42186922,0.22349374,0.8231772,0.2595809,1.0,0.34072506,lookahead,beam_orig3_bm0-s0to100br0-s100to200br0
/work/T-REX/external/Proteina-Complexa/inference/search_binder_local_pipeline_32_PDL1_ALPHA_REPACK_v7_r003_cand_v7r003_hyp_0003_01_002_a2b1ae63664a8/job_0_n_176_id_29_beam_orig0_bm0-s0to100br2-s100to200br1/job_0_n_176_id_29_beam_orig0_bm0-s0to100br2-s100to200br1.pdb,116,"2,0,13,16,19,16,19,14,11,3,10,18,19,19,6,18,7,15,2,12,16,9,6,4,11,13,14,19,6,11,5,10,3,10,0,0,10,9,19,18,17,6,12,6,3,11,2,9,9,5,13,19,8,7,6,6,3,10,11,19,5,8,15,15,18,1,5,1,0,1,10,10,11,3,5,10,15,10,7,2,0,0,10,5,9,16,3,19,11,10,5,3,0,7,19,18,1,4,12,9,15,18,7,7,0,3,18,11,1,9,16,19,11,19,2,0,6,16,19,19,6,11,9,6,2,7,6,16,3,10,2,15,15,3,10,6,13,10,1,16,9,19,3,7,7,11,7,18,15,14,6,3,19,1,6,11,19,3,11,7,10,1,6,11,0,1,19,10,10,11,11,18,6,10,1,5,0,0,0,0,0,0,0,0,0,0,0,0,0,0,0,0,0,0,0,0,0,0,0,0,0,0,0,0,0,0,0,0,0,0,0,0,0,0,0,0,0,0,0,0,0,0,0,0,0,0,0,0,0,0,0,0,0",-0.6947353,0.5171467,3.0,0.0028351876,62.522156,0.005670375,1.0,0.005670375,0.50910956,0.0,0.0,0.0,0.0028351876,0.012553915,0.65377223,0.50910956,8.079706,2.2356381,62.522156,-0.6947353,4.203103,277.74695,0.0,0.0,1.0,277.74695,0.1425711,0.34622777,8.079706,0.012553915,0.0,0.5171467,0.0,2.2356381,4.203103,0.0,0.6947353,0.0,0.0,0.6947353,0.6357809,0.0,1.0,0.0,lookahead,beam_orig0_bm0-s0to100br2-s100to200br1
/work/T-REX/external/Proteina-Complexa/inference/search_binder_local_pipeline_32_PDL1_ALPHA_REPACK_v7_r003_cand_v7r003_hyp_0003_01_002_a2b1ae63664a8/job_0_n_229_id_29_beam_orig1_bm1-s0to100br3-s100to200br1/job_0_n_229_id_29_beam_orig1_bm1-s0to100br3-s100to200br1.pdb,117,"2,0,13,16,19,16,19,14,11,3,10,18,19,19,6,18,7,15,2,12,16,9,6,4,11,13,14,19,6,11,5,10,3,10,0,0,10,9,19,18,17,6,12,6,3,11,2,9,9,5,13,19,8,7,6,6,3,10,11,19,5,8,15,15,18,1,5,1,0,1,10,10,11,3,5,10,15,10,7,2,0,0,10,5,9,16,3,19,11,10,5,3,0,7,19,18,1,4,12,9,15,18,7,7,0,3,18,11,1,9,16,19,11,19,2,0,13,16,19,16,19,14,11,3,10,18,19,19,6,18,7,15,2,12,16,9,6,4,11,13,14,19,6,11,5,10,3,10,0,0,10,9,19,18,17,6,12,6,3,11,2,9,9,5,13,19,8,7,6,6,3,10,11,19,5,8,15,15,18,1,5,1,0,1,10,10,11,3,5,10,15,10,7,2,0,0,10,5,9,16,3,19,11,10,5,3,0,7,19,18,1,4,12,9,15,18,7,7,0,3,18,11,1,9,16,19,11,19,2,0,0,0,0",-0.52279395,0.2970727,3.0,0.04590059,66.908005,0.048048977,1.0,0.048048977,0.30959016,0.0124091245,0.0,0.0,0.04590059,0.0017131625,0.8617722,0.30959016,3.0348954,1.2866935,66.908005,-0.52279395,3.8640206,213.8152,0.012190873,0.04375221,1.0,213.8152,0.2640389,0.13822785,3.0348954,0.0017131625,0.012627375,0.2970727,0.0,1.2866935,3.8640206,0.012190873,0.52279395,0.0,0.012627375,0.52279395,0.5890793,0.04375221,1.0,0.0124091245,lookahead,beam_orig1_bm1-s0to100br3-s100to200br1
/work/T-REX/external/Proteina-Complexa/inference/search_binder_local_pipeline_32_PDL1_ALPHA_REPACK_v7_r003_cand_v7r003_hyp_0003_01_002_a2b1ae63664a8/job_0_n_233_id_29_beam_orig2_bm1-s0to100br2-s100to200br1/job_0_n_233_id_29_beam_orig2_bm1-s0to100br2-s100to200br1.pdb,118,"2,0,13,16,19,16,19,14,11,3,10,18,19,19,6,18,7,15,2,12,16,9,6,4,11,13,14,19,6,11,5,10,3,10,0,0,10,9,19,18,17,6,12,6,3,11,2,9,9,5,13,19,8,7,6,6,3,10,11,19,5,8,15,15,18,1,5,1,0,1,10,10,11,3,5,10,15,10,7,2,0,0,10,5,9,16,3,19,11,10,5,3,0,7,19,18,1,4,12,9,15,18,7,7,0,3,18,11,1,9,16,19,11,19,2,0,2,0,13,16,19,16,19,14,11,3,10,18,19,19,6,18,7,15,2,12,16,9,6,4,11,13,14,19,6,11,5,10,3,10,0,0,10,9,19,18,17,6,12,6,3,11,2,9,9,5,13,19,8,7,6,6,3,10,11,19,5,8,15,15,18,1,5,1,0,1,10,10,11,3,5,10,15,10,7,2,0,0,10,5,9,16,3,19,11,10,5,3,0,7,19,18,1,4,12,9,15,18,7,7,0,3,18,11,1,9,16,19,11,19,2,0,14",-0.5314694,0.3002314,3.0,0.04478267,57.745094,0.04651174,1.0,0.04651174,0.31440064,0.012330753,0.0,0.0,0.04478267,0.0028977452,0.8592084,0.31440064,3.8365052,1.296278,57.745094,-0.5314694,3.9108222,192.56885,0.012090076,0.043053593,1.0,192.56885,0.26149824,0.14079161,3.8365052,0.0028977452,0.01257143,0.3002314,0.0,1.296278,3.9108222,0.012090076,0.5314694,0.0,0.01257143,0.5314694,0.5874194,0.043053593,1.0,0.012330753,lookahead,beam_orig2_bm1-s0to100br2-s100to200br1
/work/T-REX/external/Proteina-Complexa/inference/search_binder_local_pipeline_32_PDL1_ALPHA_REPACK_v7_r003_cand_v7r003_hyp_0003_01_002_a2b1ae63664a8/job_0_n_180_id_29_beam_orig3_bm0-s0to100br0-s100to200br1/job_0_n_180_id_29_beam_orig3_bm0-s0to100br0-s100to200br1.pdb,119,"2,0,13,16,19,16,19,14,11,3,10,18,19,19,6,18,7,15,2,12,16,9,6,4,11,13,14,19,6,11,5,10,3,10,0,0,10,9,19,18,17,6,12,6,3,11,2,9,9,5,13,19,8,7,6,6,3,10,11,19,5,8,15,15,18,1,5,1,0,1,10,10,11,3,5,10,15,10,7,2,0,0,10,5,9,16,3,19,11,10,5,3,0,7,19,18,1,4,12,9,15,18,7,7,0,3,18,11,1,9,16,19,11,19,2,0,9,6,0,18,11,6,0,9,1,10,3,14,2,13,13,3,0,8,18,2,10,7,11,0,10,6,0,10,2,1,10,3,6,0,6,11,0,18,11,6,0,10,1,10,2,14,11,2,10,3,9,5,11,3,18,10,2,10,10,11,11,11,3,6,0,0,0,0,0,0,0,0,0,0,0,0,0,0,0,0,0,0,0,0,0,0,0,0,0,0,0,0,0,0,0,0,0,0,0,0,0,0,0,0,0,0,0,0,0,0,0,0,0,0,0,0,0",-0.28119344,0.12598749,3.0,0.21266118,39.812164,0.2693239,1.0,0.2693239,0.20486242,0.21206485,0.0,0.0,0.21266118,0.0015008962,0.9127929,0.20486242,2.275232,1.353539,39.812164,-0.28119344,3.0348616,145.6865,0.15599847,0.15599847,1.0,145.6865,0.59213805,0.08720711,2.275232,0.0015008962,0.26813123,0.12598749,0.0,1.353539,3.0348616,0.15599847,0.28119344,0.0,0.26813123,0.28119344,0.7779781,0.15599847,1.0,0.21206485,lookahead,beam_orig3_bm0-s0to100br0-s100to200br1
/work/T-REX/external/Proteina-Complexa/inference/search_binder_local_pipeline_32_PDL1_ALPHA_REPACK_v7_r003_cand_v7r003_hyp_0003_01_002_a2b1ae63664a8/job_0_n_176_id_30_beam_orig0_bm0-s0to100br2-s100to200br2/job_0_n_176_id_30_beam_orig0_bm0-s0to100br2-s100to200br2.pdb,120,"2,0,13,16,19,16,19,14,11,3,10,18,19,19,6,18,7,15,2,12,16,9,6,4,11,13,14,19,6,11,5,10,3,10,0,0,10,9,19,18,17,6,12,6,3,11,2,9,9,5,13,19,8,7,6,6,3,10,11,19,5,8,15,15,18,1,5,1,0,1,10,10,11,3,5,10,15,10,7,2,0,0,10,5,9,16,3,19,11,10,5,3,0,7,19,18,1,4,12,9,15,18,7,7,0,3,18,11,1,9,16,19,11,19,2,0,15,19,5,3,10,9,11,0,7,11,10,3,6,9,3,14,11,3,10,6,3,12,18,2,13,18,2,7,15,11,7,13,15,11,6,3,19,5,11,16,12,11,14,6,3,18,6,10,13,11,11,0,18,6,6,18,11,11,2,2,0,0,0,0,0,0,0,0,0,0,0,0,0,0,0,0,0,0,0,0,0,0,0,0,0,0,0,0,0,0,0,0,0,0,0,0,0,0,0,0,0,0,0,0,0,0,0,0,0,0,0,0,0,0,0,0,0",-0.28914937,0.13927603,3.0,0.19657844,62.51978,0.23754136,1.0,0.23754136,0.23790513,0.19437917,0.0,0.0,0.19657844,0.009617475,0.7756922,0.23790513,3.807736,2.263971,62.51978,-0.28914937,2.9880354,212.6755,0.15561554,0.15561554,1.0,212.6755,0.5699494,0.22430778,3.807736,0.009617475,0.2331428,0.13927603,0.0,2.263971,2.9880354,0.15561554,0.28914937,0.0,0.2331428,0.28914937,0.789752,0.15561554,1.0,0.19437917,lookahead,beam_orig0_bm0-s0to100br2-s100to200br2
/work/T-REX/external/Proteina-Complexa/inference/search_binder_local_pipeline_32_PDL1_ALPHA_REPACK_v7_r003_cand_v7r003_hyp_0003_01_002_a2b1ae63664a8/job_0_n_229_id_30_beam_orig1_bm1-s0to100br3-s100to200br2/job_0_n_229_id_30_beam_orig1_bm1-s0to100br3-s100to200br2.pdb,121,"2,0,13,16,19,16,19,14,11,3,10,18,19,19,6,18,7,15,2,12,16,9,6,4,11,13,14,19,6,11,5,10,3,10,0,0,10,9,19,18,17,6,12,6,3,11,2,9,9,5,13,19,8,7,6,6,3,10,11,19,5,8,15,15,18,1,5,1,0,1,10,10,11,3,5,10,15,10,7,2,0,0,10,5,9,16,3,19,11,10,5,3,0,7,19,18,1,4,12,9,15,18,7,7,0,3,18,11,1,9,16,19,11,19,2,0,13,16,19,16,19,14,11,3,10,18,19,19,6,18,7,15,2,12,16,9,6,4,11,13,14,19,6,11,5,10,3,10,0,0,10,9,19,18,17,6,12,6,3,11,2,9,9,5,13,19,8,7,6,6,3,10,11,19,5,8,15,15,18,1,5,1,0,1,10,10,11,3,5,10,15,10,7,2,0,0,10,5,9,16,3,19,11,10,5,3,0,7,19,18,1,4,12,9,15,18,7,7,0,3,18,11,1,9,16,19,11,19,2,0,0,0,0",-0.52187574,0.29199693,3.0,0.045534194,51.972652,0.04748313,1.0,0.04748313,0.30875078,0.0127601735,0.0,0.0,0.045534194,0.0017449581,0.8617294,0.30875078,2.423701,1.2785978,51.972652,-0.52187574,3.8567564,200.15169,0.012346287,0.043585256,1.0,200.15169,0.26065353,0.13827065,2.423701,0.0017449581,0.01317406,0.29199693,0.0,1.2785978,3.8567564,0.012346287,0.52187574,0.0,0.01317406,0.52187574,0.5873952,0.043585256,1.0,0.0127601735,lookahead,beam_orig1_bm1-s0to100br3-s100to200br2
/work/T-REX/external/Proteina-Complexa/inference/search_binder_local_pipeline_32_PDL1_ALPHA_REPACK_v7_r003_cand_v7r003_hyp_0003_01_002_a2b1ae63664a8/job_0_n_233_id_30_beam_orig2_bm1-s0to100br2-s100to200br2/job_0_n_233_id_30_beam_orig2_bm1-s0to100br2-s100to200br2.pdb,122,"2,0,13,16,19,16,19,14,11,3,10,18,19,19,6,18,7,15,2,12,16,9,6,4,11,13,14,19,6,11,5,10,3,10,0,0,10,9,19,18,17,6,12,6,3,11,2,9,9,5,13,19,8,7,6,6,3,10,11,19,5,8,15,15,18,1,5,1,0,1,10,10,11,3,5,10,15,10,7,2,0,0,10,5,9,16,3,19,11,10,5,3,0,7,19,18,1,4,12,9,15,18,7,7,0,3,18,11,1,9,16,19,11,19,2,0,2,0,13,16,19,16,19,14,11,3,10,18,19,19,6,18,7,15,2,12,16,9,6,4,11,13,14,19,6,11,5,10,3,10,0,0,10,9,19,18,17,6,12,6,3,11,2,9,9,5,13,19,8,7,6,6,3,10,11,19,5,8,15,15,18,1,5,1,0,1,10,10,11,3,5,10,15,10,7,2,0,0,10,5,9,16,3,19,11,10,5,3,0,7,19,18,1,4,12,9,15,18,7,7,0,3,18,11,1,9,16,19,11,19,2,0,14",-0.52377284,0.29377088,3.0,0.0492604,57.213203,0.052262396,1.0,0.052262396,0.3108094,0.012488705,0.0,0.0,0.0492604,0.0028632612,0.8585769,0.3108094,3.9959137,1.2972543,57.213203,-0.52377284,3.8937356,199.60074,0.012130683,0.046258405,1.0,199.60074,0.26636052,0.14142309,3.9959137,0.0028632612,0.012846727,0.29377088,0.0,1.2972543,3.8937356,0.012130683,0.52377284,0.0,0.012846727,0.52377284,0.58912927,0.046258405,1.0,0.012488705,lookahead,beam_orig2_bm1-s0to100br2-s100to200br2
/work/T-REX/external/Proteina-Complexa/inference/search_binder_local_pipeline_32_PDL1_ALPHA_REPACK_v7_r003_cand_v7r003_hyp_0003_01_002_a2b1ae63664a8/job_0_n_180_id_30_beam_orig3_bm0-s0to100br0-s100to200br2/job_0_n_180_id_30_beam_orig3_bm0-s0to100br0-s100to200br2.pdb,123,"2,0,13,16,19,16,19,14,11,3,10,18,19,19,6,18,7,15,2,12,16,9,6,4,11,13,14,19,6,11,5,10,3,10,0,0,10,9,19,18,17,6,12,6,3,11,2,9,9,5,13,19,8,7,6,6,3,10,11,19,5,8,15,15,18,1,5,1,0,1,10,10,11,3,5,10,15,10,7,2,0,0,10,5,9,16,3,19,11,10,5,3,0,7,19,18,1,4,12,9,15,18,7,7,0,3,18,11,1,9,16,19,11,19,2,0,19,6,0,18,11,1,0,9,6,10,3,14,2,18,0,6,0,17,11,6,10,7,11,0,10,6,0,10,2,1,10,3,6,0,6,6,0,18,11,6,0,19,1,10,11,14,11,3,0,3,9,5,11,3,18,10,2,13,10,11,11,11,3,6,0,0,0,0,0,0,0,0,0,0,0,0,0,0,0,0,0,0,0,0,0,0,0,0,0,0,0,0,0,0,0,0,0,0,0,0,0,0,0,0,0,0,0,0,0,0,0,0,0,0,0,0,0",-0.22518493,0.079758845,3.0,0.32720536,48.38441,0.40791452,1.0,0.40791452,0.16845566,0.32720536,0.0,0.0,0.32720536,0.0014624558,0.9241999,0.16845566,3.6737204,1.3588538,48.38441,-0.22518493,2.8027482,147.62704,0.2464962,0.2464962,1.0,147.62704,0.6709547,0.07580012,3.6737204,0.0014624558,0.40791452,0.079758845,0.0,1.3588538,2.8027482,0.2464962,0.22518493,0.0,0.40791452,0.22518493,0.80999315,0.2464962,1.0,0.32720536,lookahead,beam_orig3_bm0-s0to100br0-s100to200br2
/work/T-REX/external/Proteina-Complexa/inference/search_binder_local_pipeline_32_PDL1_ALPHA_REPACK_v7_r003_cand_v7r003_hyp_0003_01_002_a2b1ae63664a8/job_0_n_176_id_31_beam_orig0_bm0-s0to100br2-s100to200br3/job_0_n_176_id_31_beam_orig0_bm0-s0to100br2-s100to200br3.pdb,124,"2,0,13,16,19,16,19,14,11,3,10,18,19,19,6,18,7,15,2,12,16,9,6,4,11,13,14,19,6,11,5,10,3,10,0,0,10,9,19,18,17,6,12,6,3,11,2,9,9,5,13,19,8,7,6,6,3,10,11,19,5,8,15,15,18,1,5,1,0,1,10,10,11,3,5,10,15,10,7,2,0,0,10,5,9,16,3,19,11,10,5,3,0,7,19,18,1,4,12,9,15,18,7,7,0,3,18,11,1,9,16,19,11,19,2,0,15,2,9,18,2,18,16,19,6,2,0,2,10,10,2,15,3,3,10,6,12,10,11,9,9,16,3,7,7,11,7,18,2,14,6,3,10,9,11,2,10,7,5,6,2,19,6,8,13,11,11,9,9,11,6,18,6,1,10,5,0,0,0,0,0,0,0,0,0,0,0,0,0,0,0,0,0,0,0,0,0,0,0,0,0,0,0,0,0,0,0,0,0,0,0,0,0,0,0,0,0,0,0,0,0,0,0,0,0,0,0,0,0,0,0,0,0",-0.5828165,0.37458807,3.0,0.0077256616,72.90732,0.009360004,1.0,0.009360004,0.43495873,0.0063789133,0.0,0.0,0.0077256616,0.0074192975,0.68655163,0.43495873,7.78185,2.10771,72.90732,-0.5828165,3.8810441,242.2311,0.0,0.0060913195,1.0,242.2311,0.20976585,0.31344837,7.78185,0.0074192975,0.012757827,0.37458807,0.0,2.10771,3.8810441,0.0,0.5828165,0.0,0.012757827,0.5828165,0.6603301,0.0060913195,1.0,0.0063789133,lookahead,beam_orig0_bm0-s0to100br2-s100to200br3
/work/T-REX/external/Proteina-Complexa/inference/search_binder_local_pipeline_32_PDL1_ALPHA_REPACK_v7_r003_cand_v7r003_hyp_0003_01_002_a2b1ae63664a8/job_0_n_229_id_31_beam_orig1_bm1-s0to100br3-s100to200br3/job_0_n_229_id_31_beam_orig1_bm1-s0to100br3-s100to200br3.pdb,125,"2,0,13,16,19,16,19,14,11,3,10,18,19,19,6,18,7,15,2,12,16,9,6,4,11,13,14,19,6,11,5,10,3,10,0,0,10,9,19,18,17,6,12,6,3,11,2,9,9,5,13,19,8,7,6,6,3,10,11,19,5,8,15,15,18,1,5,1,0,1,10,10,11,3,5,10,15,10,7,2,0,0,10,5,9,16,3,19,11,10,5,3,0,7,19,18,1,4,12,9,15,18,7,7,0,3,18,11,1,9,16,19,11,19,2,0,13,16,19,16,19,14,11,3,10,18,19,19,6,18,7,15,2,12,16,9,6,4,11,13,14,19,6,11,5,10,3,10,0,0,10,9,19,18,17,6,12,6,3,11,2,9,9,5,13,19,8,7,6,6,3,10,11,19,5,8,15,15,18,1,5,1,0,1,10,10,11,3,5,10,15,10,7,2,0,0,10,5,9,16,3,19,11,10,5,3,0,7,19,18,1,4,12,9,15,18,7,7,0,3,18,11,1,9,16,19,11,19,2,0,0,0,0",-0.52605814,0.29787505,3.0,0.043744795,72.68013,0.045732636,1.0,0.045732636,0.3112055,0.012338132,0.0,0.0,0.043744795,0.0017725746,0.8617368,0.3112055,3.107428,1.2855328,72.68013,-0.52605814,3.8728056,210.05142,0.012102455,0.041756958,1.0,210.05142,0.26040745,0.13826323,3.107428,0.0017725746,0.0125738075,0.29787505,0.0,1.2855328,3.8728056,0.012102455,0.52605814,0.0,0.0125738075,0.52605814,0.5871285,0.041756958,1.0,0.012338132,lookahead,beam_orig1_bm1-s0to100br3-s100to200br3
/work/T-REX/external/Proteina-Complexa/inference/search_binder_local_pipeline_32_PDL1_ALPHA_REPACK_v7_r003_cand_v7r003_hyp_0003_01_002_a2b1ae63664a8/job_0_n_233_id_31_beam_orig2_bm1-s0to100br2-s100to200br3/job_0_n_233_id_31_beam_orig2_bm1-s0to100br2-s100to200br3.pdb,126,"2,0,13,16,19,16,19,14,11,3,10,18,19,19,6,18,7,15,2,12,16,9,6,4,11,13,14,19,6,11,5,10,3,10,0,0,10,9,19,18,17,6,12,6,3,11,2,9,9,5,13,19,8,7,6,6,3,10,11,19,5,8,15,15,18,1,5,1,0,1,10,10,11,3,5,10,15,10,7,2,0,0,10,5,9,16,3,19,11,10,5,3,0,7,19,18,1,4,12,9,15,18,7,7,0,3,18,11,1,9,16,19,11,19,2,0,2,0,13,16,19,16,19,14,11,3,10,18,19,19,6,18,7,15,2,12,16,9,6,4,11,13,14,19,6,11,5,10,3,10,0,0,10,9,19,18,17,6,12,6,3,11,2,9,9,5,13,19,8,7,6,6,3,10,11,19,5,8,15,15,18,1,5,1,0,1,10,10,11,3,5,10,15,10,7,2,0,0,10,5,9,16,3,19,11,10,5,3,0,7,19,18,1,4,12,9,15,18,7,7,0,3,18,11,1,9,16,19,11,19,2,0,14",-0.52778465,0.2989031,3.0,0.04755622,57.351433,0.05056287,1.0,0.05056287,0.31264707,0.012327675,0.0,0.0,0.04755622,0.002905316,0.8591455,0.31264707,3.8155868,1.296566,57.351433,-0.52778465,3.9038343,197.8192,0.011856329,0.04454957,1.0,197.8192,0.26424313,0.14085451,3.8155868,0.002905316,0.012799022,0.2989031,0.0,1.296566,3.9038343,0.011856329,0.52778465,0.0,0.012799022,0.52778465,0.58858716,0.04454957,1.0,0.012327675,lookahead,beam_orig2_bm1-s0to100br2-s100to200br3
/work/T-REX/external/Proteina-Complexa/inference/search_binder_local_pipeline_32_PDL1_ALPHA_REPACK_v7_r003_cand_v7r003_hyp_0003_01_002_a2b1ae63664a8/job_0_n_180_id_31_beam_orig3_bm0-s0to100br0-s100to200br3/job_0_n_180_id_31_beam_orig3_bm0-s0to100br0-s100to200br3.pdb,127,"2,0,13,16,19,16,19,14,11,3,10,18,19,19,6,18,7,15,2,12,16,9,6,4,11,13,14,19,6,11,5,10,3,10,0,0,10,9,19,18,17,6,12,6,3,11,2,9,9,5,13,19,8,7,6,6,3,10,11,19,5,8,15,15,18,1,5,1,0,1,10,10,11,3,5,10,15,10,7,2,0,0,10,5,9,16,3,19,11,10,5,3,0,7,19,18,1,4,12,9,15,18,7,7,0,3,18,11,1,9,16,19,11,19,2,0,6,3,0,18,11,1,0,9,6,10,3,14,2,3,0,6,0,17,11,2,10,7,2,19,10,11,2,10,2,1,10,3,6,0,6,6,0,18,11,6,0,10,1,10,11,14,11,3,0,3,9,5,15,2,18,10,3,10,10,11,0,11,3,6,0,0,0,0,0,0,0,0,0,0,0,0,0,0,0,0,0,0,0,0,0,0,0,0,0,0,0,0,0,0,0,0,0,0,0,0,0,0,0,0,0,0,0,0,0,0,0,0,0,0,0,0,0",-0.19841614,0.064316146,3.0,0.3992462,45.17879,0.48621106,1.0,0.48621106,0.15068817,0.3992462,0.0,0.0,0.3992462,0.0018362822,0.938751,0.15068817,2.8920062,1.2930765,45.17879,-0.19841614,2.6853375,143.95355,0.3122813,0.3122813,1.0,143.95355,0.72748077,0.061249018,2.8920062,0.0018362822,0.48621106,0.064316146,0.0,1.2930765,2.6853375,0.3122813,0.19841614,0.0,0.48621106,0.19841614,0.8330264,0.3122813,1.0,0.3992462,lookahead,beam_orig3_bm0-s0to100br0-s100to200br3
/work/T-REX/external/Proteina-Complexa/inference/search_binder_local_pipeline_32_PDL1_ALPHA_REPACK_v7_r003_cand_v7r003_hyp_0003_01_002_a2b1ae63664a8/job_0_n_176_id_32_beam_orig0_bm1-s0to100br3-s100to200br3-s200to300br0/job_0_n_176_id_32_beam_orig0_bm1-s0to100br3-s100to200br3-s200to300br0.pdb,128,"2,0,13,16,19,16,19,14,11,3,10,18,19,19,6,18,7,15,2,12,16,9,6,4,11,13,14,19,6,11,5,10,3,10,0,0,10,9,19,18,17,6,12,6,3,11,2,9,9,5,13,19,8,7,6,6,3,10,11,19,5,8,15,15,18,1,5,1,0,1,10,10,11,3,5,10,15,10,7,2,0,0,10,5,9,16,3,19,11,10,5,3,0,7,19,18,1,4,12,9,15,18,7,7,0,3,18,11,1,9,16,19,11,19,2,0,10,15,19,10,15,3,15,6,1,9,0,10,6,12,19,0,7,15,0,7,10,15,19,11,3,13,9,11,0,19,6,0,3,14,15,9,10,3,11,18,16,7,15,3,14,13,11,2,3,9,11,1,9,19,6,11,19,11,0,15,0,0,0,0,0,0,0,0,0,0,0,0,0,0,0,0,0,0,0,0,0,0,0,0,0,0,0,0,0,0,0,0,0,0,0,0,0,0,0,0,0,0,0,0,0,0,0,0,0,0,0,0,0,0,0,0,0",-0.17745414,0.063389786,3.0,0.4361751,42.147392,0.5130603,1.0,0.5130603,0.14118484,0.4361751,0.0,0.0,0.4361751,0.0012312145,0.9152066,0.14118484,1.0935317,1.5060817,42.147392,-0.17745414,2.1334424,163.48422,0.35928994,0.35928994,1.0,163.48422,0.7610845,0.084793404,1.0935317,0.0012312145,0.5130603,0.063389786,0.0,1.5060817,2.1334424,0.35928994,0.17745414,0.0,0.5130603,0.17745414,0.85095716,0.35928994,1.0,0.4361751,lookahead,beam_orig0_bm1-s0to100br3-s100to200br3-s200to300br0
/work/T-REX/external/Proteina-Complexa/inference/search_binder_local_pipeline_32_PDL1_ALPHA_REPACK_v7_r003_cand_v7r003_hyp_0003_01_002_a2b1ae63664a8/job_0_n_229_id_32_beam_orig1_bm2-s0to100br1-s100to200br3-s200to300br0/job_0_n_229_id_32_beam_orig1_bm2-s0to100br1-s100to200br3-s200to300br0.pdb,129,"2,0,13,16,19,16,19,14,11,3,10,18,19,19,6,18,7,15,2,12,16,9,6,4,11,13,14,19,6,11,5,10,3,10,0,0,10,9,19,18,17,6,12,6,3,11,2,9,9,5,13,19,8,7,6,6,3,10,11,19,5,8,15,15,18,1,5,1,0,1,10,10,11,3,5,10,15,10,7,2,0,0,10,5,9,16,3,19,11,10,5,3,0,7,19,18,1,4,12,9,15,18,7,7,0,3,18,11,1,9,16,19,11,19,2,0,0,13,16,19,16,19,14,11,3,10,18,19,19,6,18,7,15,2,12,16,9,6,4,11,13,14,19,6,11,5,10,3,10,0,0,10,9,19,18,17,6,12,6,3,11,2,9,9,5,13,19,8,7,6,6,3,10,11,19,5,8,15,15,18,1,5,1,0,1,10,10,11,3,5,10,15,10,7,2,0,0,10,5,9,16,3,19,11,10,5,3,0,7,19,18,1,4,12,9,15,18,7,7,0,3,18,11,1,9,16,19,11,19,0,0,0,0",-0.5221736,0.29389718,3.0,0.0479526,58.282963,0.049989704,1.0,0.049989704,0.30918762,0.01238741,0.0,0.0,0.0479526,0.0017684909,0.8615889,0.30918762,4.6482344,1.2767946,58.282963,-0.5221736,3.8384123,199.55876,0.012016589,0.045915492,1.0,199.55876,0.26725382,0.1384111,4.6482344,0.0017684909,0.012758232,0.29389718,0.0,1.2767946,3.8384123,0.012016589,0.5221736,0.0,0.012758232,0.5221736,0.5909973,0.045915492,1.0,0.01238741,lookahead,beam_orig1_bm2-s0to100br1-s100to200br3-s200to300br0
/work/T-REX/external/Proteina-Complexa/inference/search_binder_local_pipeline_32_PDL1_ALPHA_REPACK_v7_r003_cand_v7r003_hyp_0003_01_002_a2b1ae63664a8/job_0_n_233_id_32_beam_orig2_bm0-s0to100br2-s100to200br0-s200to300br0/job_0_n_233_id_32_beam_orig2_bm0-s0to100br2-s100to200br0-s200to300br0.pdb,130,"2,0,13,16,19,16,19,14,11,3,10,18,19,19,6,18,7,15,2,12,16,9,6,4,11,13,14,19,6,11,5,10,3,10,0,0,10,9,19,18,17,6,12,6,3,11,2,9,9,5,13,19,8,7,6,6,3,10,11,19,5,8,15,15,18,1,5,1,0,1,10,10,11,3,5,10,15,10,7,2,0,0,10,5,9,16,3,19,11,10,5,3,0,7,19,18,1,4,12,9,15,18,7,7,0,3,18,11,1,9,16,19,11,19,2,0,0,13,16,19,16,19,14,11,3,10,18,19,19,6,18,7,15,2,12,16,9,6,4,11,13,14,19,6,11,5,10,3,10,0,0,10,9,19,18,17,6,12,6,3,11,2,9,9,5,13,19,8,7,6,6,3,10,11,19,5,8,15,15,18,1,5,1,0,1,10,10,11,3,5,10,15,10,7,2,0,0,10,5,9,16,3,19,11,10,5,3,0,7,19,18,1,4,12,9,15,18,7,7,0,3,18,11,1,9,16,19,11,19,2,0,14,0",-0.5144686,0.28255272,3.0,0.052969746,56.24518,0.055076297,1.0,0.055076297,0.30487764,0.013092393,0.0,0.0,0.052969746,0.0025633967,0.86178625,0.30487764,4.155086,1.2705117,56.24518,-0.5144686,3.8849552,198.54994,0.012794097,0.0508632,1.0,198.54994,0.2713375,0.13821372,4.155086,0.0025633967,0.013390688,0.28255272,0.0,1.2705117,3.8849552,0.012794097,0.5144686,0.0,0.013390688,0.5144686,0.59328175,0.0508632,1.0,0.013092393,lookahead,beam_orig2_bm0-s0to100br2-s100to200br0-s200to300br0
/work/T-REX/external/Proteina-Complexa/inference/search_binder_local_pipeline_32_PDL1_ALPHA_REPACK_v7_r003_cand_v7r003_hyp_0003_01_002_a2b1ae63664a8/job_0_n_180_id_32_beam_orig3_bm2-s0to100br2-s100to200br0-s200to300br0/job_0_n_180_id_32_beam_orig3_bm2-s0to100br2-s100to200br0-s200to300br0.pdb,131,"2,0,13,16,19,16,19,14,11,3,10,18,19,19,6,18,7,15,2,12,16,9,6,4,11,13,14,19,6,11,5,10,3,10,0,0,10,9,19,18,17,6,12,6,3,11,2,9,9,5,13,19,8,7,6,6,3,10,11,19,5,8,15,15,18,1,5,1,0,1,10,10,11,3,5,10,15,10,7,2,0,0,10,5,9,16,3,19,11,10,5,3,0,7,19,18,1,4,12,9,15,18,7,7,0,3,18,11,1,9,16,19,11,19,2,0,15,15,10,11,2,2,10,0,10,15,18,2,2,10,7,10,9,18,6,11,10,7,2,10,6,6,0,19,11,15,18,11,6,0,0,11,9,18,12,6,10,7,2,13,3,6,0,7,11,15,10,3,6,0,11,11,10,6,6,11,9,11,6,11,0,0,0,0,0,0,0,0,0,0,0,0,0,0,0,0,0,0,0,0,0,0,0,0,0,0,0,0,0,0,0,0,0,0,0,0,0,0,0,0,0,0,0,0,0,0,0,0,0,0,0,0,0",-0.16292197,0.047210246,3.0,0.5851735,48.740025,0.6819762,1.0,0.6819762,0.13334931,0.5851735,0.0,0.0,0.5851735,0.0043531144,0.94302785,0.13334931,2.7099175,1.2769966,48.740025,-0.16292197,1.8355471,146.14105,0.48837078,0.48837078,1.0,146.14105,0.8205544,0.05697217,2.7099175,0.0043531144,0.6819762,0.047210246,0.0,1.2769966,1.8355471,0.48837078,0.16292197,0.0,0.6819762,0.16292197,0.8753506,0.48837078,1.0,0.5851735,lookahead,beam_orig3_bm2-s0to100br2-s100to200br0-s200to300br0
/work/T-REX/external/Proteina-Complexa/inference/search_binder_local_pipeline_32_PDL1_ALPHA_REPACK_v7_r003_cand_v7r003_hyp_0003_01_002_a2b1ae63664a8/job_0_n_176_id_33_beam_orig0_bm1-s0to100br3-s100to200br3-s200to300br1/job_0_n_176_id_33_beam_orig0_bm1-s0to100br3-s100to200br3-s200to300br1.pdb,132,"2,0,13,16,19,16,19,14,11,3,10,18,19,19,6,18,7,15,2,12,16,9,6,4,11,13,14,19,6,11,5,10,3,10,0,0,10,9,19,18,17,6,12,6,3,11,2,9,9,5,13,19,8,7,6,6,3,10,11,19,5,8,15,15,18,1,5,1,0,1,10,10,11,3,5,10,15,10,7,2,0,0,10,5,9,16,3,19,11,10,5,3,0,7,19,18,1,4,12,9,15,18,7,7,0,3,18,11,1,9,16,19,11,19,2,0,10,15,19,10,16,3,0,6,1,11,0,10,6,12,0,0,8,15,0,7,10,15,19,11,3,13,9,11,0,10,6,0,3,14,15,9,10,3,5,18,16,7,15,10,14,13,11,6,3,9,11,11,9,19,6,11,19,11,0,15,0,0,0,0,0,0,0,0,0,0,0,0,0,0,0,0,0,0,0,0,0,0,0,0,0,0,0,0,0,0,0,0,0,0,0,0,0,0,0,0,0,0,0,0,0,0,0,0,0,0,0,0,0,0,0,0,0",-0.18858229,0.06675918,3.0,0.442828,28.671984,0.52406913,1.0,0.52406913,0.15467682,0.442828,0.0,0.0,0.442828,0.0014945656,0.8860736,0.15467682,0.55241525,1.7371907,28.671984,-0.18858229,2.250005,160.52478,0.3615869,0.3615869,1.0,160.52478,0.7581097,0.11392639,0.55241525,0.0014945656,0.52406913,0.06675918,0.0,1.7371907,2.250005,0.3615869,0.18858229,0.0,0.52406913,0.18858229,0.8575604,0.3615869,1.0,0.442828,lookahead,beam_orig0_bm1-s0to100br3-s100to200br3-s200to300br1
/work/T-REX/external/Proteina-Complexa/inference/search_binder_local_pipeline_32_PDL1_ALPHA_REPACK_v7_r003_cand_v7r003_hyp_0003_01_002_a2b1ae63664a8/job_0_n_229_id_33_beam_orig1_bm2-s0to100br1-s100to200br3-s200to300br1/job_0_n_229_id_33_beam_orig1_bm2-s0to100br1-s100to200br3-s200to300br1.pdb,133,"2,0,13,16,19,16,19,14,11,3,10,18,19,19,6,18,7,15,2,12,16,9,6,4,11,13,14,19,6,11,5,10,3,10,0,0,10,9,19,18,17,6,12,6,3,11,2,9,9,5,13,19,8,7,6,6,3,10,11,19,5,8,15,15,18,1,5,1,0,1,10,10,11,3,5,10,15,10,7,2,0,0,10,5,9,16,3,19,11,10,5,3,0,7,19,18,1,4,12,9,15,18,7,7,0,3,18,11,1,9,16,19,11,19,2,0,0,13,16,19,16,19,14,11,3,10,18,19,19,6,18,7,15,2,12,16,9,6,4,11,13,14,19,6,11,5,10,3,10,0,0,10,9,19,18,17,6,12,6,3,11,2,9,9,5,13,19,8,7,6,6,3,10,11,19,5,8,15,15,18,1,5,1,0,1,10,10,11,3,5,10,15,10,7,2,0,0,10,5,9,16,3,19,11,10,5,3,0,7,19,18,1,4,12,9,15,18,7,7,0,3,18,11,1,9,16,19,11,19,0,0,0,0",-0.51986307,0.29257974,3.0,0.0489406,60.731945,0.051254425,1.0,0.051254425,0.30833822,0.012556671,0.0,0.0,0.0489406,0.0018760093,0.8601778,0.30833822,4.9691772,1.2815735,60.731945,-0.51986307,3.835726,198.50516,0.0121680405,0.04662677,1.0,198.50516,0.26734346,0.13982219,4.9691772,0.0018760093,0.012945302,0.29257974,0.0,1.2815735,3.835726,0.0121680405,0.51986307,0.0,0.012945302,0.51986307,0.5910034,0.04662677,1.0,0.012556671,lookahead,beam_orig1_bm2-s0to100br1-s100to200br3-s200to300br1
/work/T-REX/external/Proteina-Complexa/inference/search_binder_local_pipeline_32_PDL1_ALPHA_REPACK_v7_r003_cand_v7r003_hyp_0003_01_002_a2b1ae63664a8/job_0_n_233_id_33_beam_orig2_bm0-s0to100br2-s100to200br0-s200to300br1/job_0_n_233_id_33_beam_orig2_bm0-s0to100br2-s100to200br0-s200to300br1.pdb,134,"2,0,13,16,19,16,19,14,11,3,10,18,19,19,6,18,7,15,2,12,16,9,6,4,11,13,14,19,6,11,5,10,3,10,0,0,10,9,19,18,17,6,12,6,3,11,2,9,9,5,13,19,8,7,6,6,3,10,11,19,5,8,15,15,18,1,5,1,0,1,10,10,11,3,5,10,15,10,7,2,0,0,10,5,9,16,3,19,11,10,5,3,0,7,19,18,1,4,12,9,15,18,7,7,0,3,18,11,1,9,16,19,11,19,2,0,0,13,16,19,16,19,14,11,3,10,18,19,19,6,18,7,15,2,12,16,9,6,4,11,13,14,19,6,11,5,10,3,10,0,0,10,9,19,18,17,6,12,6,3,11,2,9,9,5,13,19,8,7,6,6,3,10,11,19,5,8,15,15,18,1,5,1,0,1,10,10,11,3,5,10,15,10,7,2,0,0,10,5,9,16,3,19,11,10,5,3,0,7,19,18,1,4,12,9,15,18,7,7,0,3,18,11,1,9,16,19,11,19,2,0,14,14",-0.5293558,0.29902482,3.0,0.047016088,56.07366,0.049547497,1.0,0.049547497,0.3124758,0.012516595,0.0,0.0,0.047016088,0.004830621,0.8610891,0.3124758,3.977445,1.2828485,56.07366,-0.5293558,3.9297457,195.0019,0.01211833,0.04448468,1.0,195.0019,0.26086962,0.13891086,3.977445,0.004830621,0.012914861,0.29902482,0.0,1.2828485,3.9297457,0.01211833,0.5293558,0.0,0.012914861,0.5293558,0.5874417,0.04448468,1.0,0.012516595,lookahead,beam_orig2_bm0-s0to100br2-s100to200br0-s200to300br1
/work/T-REX/external/Proteina-Complexa/inference/search_binder_local_pipeline_32_PDL1_ALPHA_REPACK_v7_r003_cand_v7r003_hyp_0003_01_002_a2b1ae63664a8/job_0_n_180_id_33_beam_orig3_bm2-s0to100br2-s100to200br0-s200to300br1/job_0_n_180_id_33_beam_orig3_bm2-s0to100br2-s100to200br0-s200to300br1.pdb,135,"2,0,13,16,19,16,19,14,11,3,10,18,19,19,6,18,7,15,2,12,16,9,6,4,11,13,14,19,6,11,5,10,3,10,0,0,10,9,19,18,17,6,12,6,3,11,2,9,9,5,13,19,8,7,6,6,3,10,11,19,5,8,15,15,18,1,5,1,0,1,10,10,11,3,5,10,15,10,7,2,0,0,10,5,9,16,3,19,11,10,5,3,0,7,19,18,1,4,12,9,15,18,7,7,0,3,18,11,1,9,16,19,11,19,2,0,15,6,0,10,8,10,10,0,10,15,18,6,6,10,0,11,10,18,6,11,10,7,2,10,6,6,0,19,11,2,18,11,6,0,0,11,9,18,12,11,9,7,2,13,11,6,0,7,11,10,10,3,11,0,11,6,10,6,6,11,10,11,5,11,0,0,0,0,0,0,0,0,0,0,0,0,0,0,0,0,0,0,0,0,0,0,0,0,0,0,0,0,0,0,0,0,0,0,0,0,0,0,0,0,0,0,0,0,0,0,0,0,0,0,0,0,0",-0.15721592,0.047548223,3.0,0.5924638,43.996605,0.684077,1.0,0.684077,0.12812638,0.5924638,0.0,0.0,0.5924638,0.0019531157,0.94483566,0.12812638,2.4772975,1.291409,43.996605,-0.15721592,1.8710177,140.08522,0.50085056,0.50085056,1.0,140.08522,0.81708616,0.055164315,2.4772975,0.0019531157,0.684077,0.047548223,0.0,1.291409,1.8710177,0.50085056,0.15721592,0.0,0.684077,0.15721592,0.87456155,0.50085056,1.0,0.5924638,lookahead,beam_orig3_bm2-s0to100br2-s100to200br0-s200to300br1
/work/T-REX/external/Proteina-Complexa/inference/search_binder_local_pipeline_32_PDL1_ALPHA_REPACK_v7_r003_cand_v7r003_hyp_0003_01_002_a2b1ae63664a8/job_0_n_176_id_34_beam_orig0_bm1-s0to100br3-s100to200br3-s200to300br2/job_0_n_176_id_34_beam_orig0_bm1-s0to100br3-s100to200br3-s200to300br2.pdb,136,"2,0,13,16,19,16,19,14,11,3,10,18,19,19,6,18,7,15,2,12,16,9,6,4,11,13,14,19,6,11,5,10,3,10,0,0,10,9,19,18,17,6,12,6,3,11,2,9,9,5,13,19,8,7,6,6,3,10,11,19,5,8,15,15,18,1,5,1,0,1,10,10,11,3,5,10,15,10,7,2,0,0,10,5,9,16,3,19,11,10,5,3,0,7,19,18,1,4,12,9,15,18,7,7,0,3,18,11,1,9,16,19,11,19,2,0,10,15,19,10,16,6,0,6,1,11,0,10,6,12,0,0,8,15,0,7,10,15,19,11,3,13,9,11,6,19,3,11,3,14,15,9,10,6,1,19,16,7,15,3,3,13,1,2,3,9,11,11,0,19,10,11,19,11,0,15,0,0,0,0,0,0,0,0,0,0,0,0,0,0,0,0,0,0,0,0,0,0,0,0,0,0,0,0,0,0,0,0,0,0,0,0,0,0,0,0,0,0,0,0,0,0,0,0,0,0,0,0,0,0,0,0,0",-0.1639915,0.057675544,3.0,0.51164794,31.509459,0.5871332,1.0,0.5871332,0.13277341,0.51164794,0.0,0.0,0.51164794,0.0017850678,0.9180515,0.13277341,0.81231314,1.585853,31.509459,-0.1639915,2.0443904,155.11247,0.4361626,0.4361626,1.0,155.11247,0.7955797,0.081948526,0.81231314,0.0017850678,0.5871332,0.057675544,0.0,1.585853,2.0443904,0.4361626,0.1639915,0.0,0.5871332,0.1639915,0.8722139,0.4361626,1.0,0.51164794,lookahead,beam_orig0_bm1-s0to100br3-s100to200br3-s200to300br2
/work/T-REX/external/Proteina-Complexa/inference/search_binder_local_pipeline_32_PDL1_ALPHA_REPACK_v7_r003_cand_v7r003_hyp_0003_01_002_a2b1ae63664a8/job_0_n_229_id_34_beam_orig1_bm2-s0to100br1-s100to200br3-s200to300br2/job_0_n_229_id_34_beam_orig1_bm2-s0to100br1-s100to200br3-s200to300br2.pdb,137,"2,0,13,16,19,16,19,14,11,3,10,18,19,19,6,18,7,15,2,12,16,9,6,4,11,13,14,19,6,11,5,10,3,10,0,0,10,9,19,18,17,6,12,6,3,11,2,9,9,5,13,19,8,7,6,6,3,10,11,19,5,8,15,15,18,1,5,1,0,1,10,10,11,3,5,10,15,10,7,2,0,0,10,5,9,16,3,19,11,10,5,3,0,7,19,18,1,4,12,9,15,18,7,7,0,3,18,11,1,9,16,19,11,19,2,0,0,13,16,19,16,19,14,11,3,10,18,19,19,6,18,7,15,2,12,16,9,6,4,11,13,14,19,6,11,5,10,3,10,0,0,10,9,19,18,17,6,12,6,3,11,2,9,9,5,13,19,8,7,6,6,3,10,11,19,5,8,15,15,18,1,5,1,0,1,10,10,11,3,5,10,15,10,7,2,0,0,10,5,9,16,3,19,11,10,5,3,0,7,19,18,1,4,12,9,15,18,7,7,0,3,18,11,1,9,16,19,11,19,0,0,0,0",-0.52295697,0.2951443,3.0,0.04769101,60.057663,0.050647512,1.0,0.050647512,0.309661,0.012355226,0.0,0.0,0.04769101,0.0018040607,0.8612883,0.309661,4.864994,1.277374,60.057663,-0.52295697,3.8405335,200.4513,0.011916815,0.044734504,1.0,200.4513,0.26614493,0.1387117,4.864994,0.0018040607,0.012793637,0.2951443,0.0,1.277374,3.8405335,0.011916815,0.52295697,0.0,0.012793637,0.52295697,0.5905447,0.044734504,1.0,0.012355226,lookahead,beam_orig1_bm2-s0to100br1-s100to200br3-s200to300br2
/work/T-REX/external/Proteina-Complexa/inference/search_binder_local_pipeline_32_PDL1_ALPHA_REPACK_v7_r003_cand_v7r003_hyp_0003_01_002_a2b1ae63664a8/job_0_n_233_id_34_beam_orig2_bm0-s0to100br2-s100to200br0-s200to300br2/job_0_n_233_id_34_beam_orig2_bm0-s0to100br2-s100to200br0-s200to300br2.pdb,138,"2,0,13,16,19,16,19,14,11,3,10,18,19,19,6,18,7,15,2,12,16,9,6,4,11,13,14,19,6,11,5,10,3,10,0,0,10,9,19,18,17,6,12,6,3,11,2,9,9,5,13,19,8,7,6,6,3,10,11,19,5,8,15,15,18,1,5,1,0,1,10,10,11,3,5,10,15,10,7,2,0,0,10,5,9,16,3,19,11,10,5,3,0,7,19,18,1,4,12,9,15,18,7,7,0,3,18,11,1,9,16,19,11,19,2,0,0,13,16,19,16,19,14,11,3,10,18,19,19,6,18,7,15,2,12,16,9,6,4,11,13,14,19,6,11,5,10,3,10,0,0,10,9,19,18,17,6,12,6,3,11,2,9,9,5,13,19,8,7,6,6,3,10,11,19,5,8,15,15,18,1,5,1,0,1,10,10,11,3,5,10,15,10,7,2,0,0,10,5,9,16,3,19,11,10,5,3,0,7,19,18,1,4,12,9,15,18,7,7,0,3,18,11,1,9,16,19,11,19,2,0,14,0",-0.52376467,0.29251426,3.0,0.048554383,52.151394,0.050499793,1.0,0.050499793,0.30967075,0.012505712,0.0,0.0,0.048554383,0.0025266558,0.8617538,0.30967075,3.6479516,1.2764723,52.151394,-0.52376467,3.9160295,198.44283,0.012182457,0.046608977,1.0,198.44283,0.26482552,0.13824615,3.6479516,0.0025266558,0.012828966,0.29251426,0.0,1.2764723,3.9160295,0.012182457,0.52376467,0.0,0.012828966,0.52376467,0.58965206,0.046608977,1.0,0.012505712,lookahead,beam_orig2_bm0-s0to100br2-s100to200br0-s200to300br2
/work/T-REX/external/Proteina-Complexa/inference/search_binder_local_pipeline_32_PDL1_ALPHA_REPACK_v7_r003_cand_v7r003_hyp_0003_01_002_a2b1ae63664a8/job_0_n_180_id_34_beam_orig3_bm2-s0to100br2-s100to200br0-s200to300br2/job_0_n_180_id_34_beam_orig3_bm2-s0to100br2-s100to200br0-s200to300br2.pdb,139,"2,0,13,16,19,16,19,14,11,3,10,18,19,19,6,18,7,15,2,12,16,9,6,4,11,13,14,19,6,11,5,10,3,10,0,0,10,9,19,18,17,6,12,6,3,11,2,9,9,5,13,19,8,7,6,6,3,10,11,19,5,8,15,15,18,1,5,1,0,1,10,10,11,3,5,10,15,10,7,2,0,0,10,5,9,16,3,19,11,10,5,3,0,7,19,18,1,4,12,9,15,18,7,7,0,3,18,11,1,9,16,19,11,19,2,0,15,15,10,11,10,2,10,0,10,15,1,6,2,10,7,11,10,18,6,11,10,7,2,10,6,6,0,19,11,2,18,11,6,0,0,11,9,18,12,6,10,7,2,18,3,6,0,7,11,10,10,3,11,0,11,6,10,6,6,11,10,11,6,11,0,0,0,0,0,0,0,0,0,0,0,0,0,0,0,0,0,0,0,0,0,0,0,0,0,0,0,0,0,0,0,0,0,0,0,0,0,0,0,0,0,0,0,0,0,0,0,0,0,0,0,0,0",-0.1622599,0.046535235,3.0,0.58966684,45.883682,0.6868103,1.0,0.6868103,0.13414912,0.58966684,0.0,0.0,0.58966684,0.005579803,0.93958324,0.13414912,2.536682,1.3359697,45.883682,-0.1622599,1.8783884,148.21269,0.49252334,0.49252334,1.0,148.21269,0.81780297,0.06041675,2.536682,0.005579803,0.6868103,0.046535235,0.0,1.3359697,1.8783884,0.49252334,0.1622599,0.0,0.6868103,0.1622599,0.87567854,0.49252334,1.0,0.58966684,lookahead,beam_orig3_bm2-s0to100br2-s100to200br0-s200to300br2
/work/T-REX/external/Proteina-Complexa/inference/search_binder_local_pipeline_32_PDL1_ALPHA_REPACK_v7_r003_cand_v7r003_hyp_0003_01_002_a2b1ae63664a8/job_0_n_176_id_35_beam_orig0_bm1-s0to100br3-s100to200br3-s200to300br3/job_0_n_176_id_35_beam_orig0_bm1-s0to100br3-s100to200br3-s200to300br3.pdb,140,"2,0,13,16,19,16,19,14,11,3,10,18,19,19,6,18,7,15,2,12,16,9,6,4,11,13,14,19,6,11,5,10,3,10,0,0,10,9,19,18,17,6,12,6,3,11,2,9,9,5,13,19,8,7,6,6,3,10,11,19,5,8,15,15,18,1,5,1,0,1,10,10,11,3,5,10,15,10,7,2,0,0,10,5,9,16,3,19,11,10,5,3,0,7,19,18,1,4,12,9,15,18,7,7,0,3,18,11,1,9,16,19,11,19,2,0,10,15,19,10,16,3,15,6,1,11,0,10,6,12,0,0,2,0,0,7,10,15,19,11,6,13,9,19,0,19,3,11,3,14,15,9,10,3,11,18,16,7,15,6,14,13,1,5,3,9,1,11,9,19,5,11,19,11,0,15,0,0,0,0,0,0,0,0,0,0,0,0,0,0,0,0,0,0,0,0,0,0,0,0,0,0,0,0,0,0,0,0,0,0,0,0,0,0,0,0,0,0,0,0,0,0,0,0,0,0,0,0,0,0,0,0,0",-0.14652348,0.043706402,3.0,0.60363543,40.745354,0.68501645,1.0,0.68501645,0.1208862,0.60363543,0.0,0.0,0.60363543,0.0013652713,0.92732733,0.1208862,1.0317159,1.4913415,40.745354,-0.14652348,1.868897,162.3697,0.5222544,0.5222544,1.0,162.3697,0.8268147,0.07267265,1.0317159,0.0013652713,0.68501645,0.043706402,0.0,1.4913415,1.868897,0.5222544,0.14652348,0.0,0.68501645,0.14652348,0.8829092,0.5222544,1.0,0.60363543,lookahead,beam_orig0_bm1-s0to100br3-s100to200br3-s200to300br3
/work/T-REX/external/Proteina-Complexa/inference/search_binder_local_pipeline_32_PDL1_ALPHA_REPACK_v7_r003_cand_v7r003_hyp_0003_01_002_a2b1ae63664a8/job_0_n_229_id_35_beam_orig1_bm2-s0to100br1-s100to200br3-s200to300br3/job_0_n_229_id_35_beam_orig1_bm2-s0to100br1-s100to200br3-s200to300br3.pdb,141,"2,0,13,16,19,16,19,14,11,3,10,18,19,19,6,18,7,15,2,12,16,9,6,4,11,13,14,19,6,11,5,10,3,10,0,0,10,9,19,18,17,6,12,6,3,11,2,9,9,5,13,19,8,7,6,6,3,10,11,19,5,8,15,15,18,1,5,1,0,1,10,10,11,3,5,10,15,10,7,2,0,0,10,5,9,16,3,19,11,10,5,3,0,7,19,18,1,4,12,9,15,18,7,7,0,3,18,11,1,9,16,19,11,19,2,0,0,13,16,19,16,19,14,11,3,10,18,19,19,6,18,7,15,2,12,16,9,6,4,11,13,14,19,6,11,5,10,3,10,0,0,10,9,19,18,17,6,12,6,3,11,2,9,9,5,13,19,8,7,6,6,3,10,11,19,5,8,15,15,18,1,5,1,0,1,10,10,11,3,5,10,15,10,7,2,0,0,10,5,9,16,3,19,11,10,5,3,0,7,19,18,1,4,12,9,15,18,7,7,0,3,18,11,1,9,16,19,11,19,0,0,0,0",-0.52127075,0.29306373,3.0,0.048543803,56.544956,0.05080568,1.0,0.05080568,0.30875385,0.012494296,0.0,0.0,0.048543803,0.0017822168,0.86059463,0.30875385,4.6442657,1.2796025,56.544956,-0.52127075,3.8380837,199.02008,0.012110397,0.046281926,1.0,199.02008,0.26726556,0.13940537,4.6442657,0.0017822168,0.012878194,0.29306373,0.0,1.2796025,3.8380837,0.012110397,0.52127075,0.0,0.012878194,0.52127075,0.59093195,0.046281926,1.0,0.012494296,lookahead,beam_orig1_bm2-s0to100br1-s100to200br3-s200to300br3
/work/T-REX/external/Proteina-Complexa/inference/search_binder_local_pipeline_32_PDL1_ALPHA_REPACK_v7_r003_cand_v7r003_hyp_0003_01_002_a2b1ae63664a8/job_0_n_233_id_35_beam_orig2_bm0-s0to100br2-s100to200br0-s200to300br3/job_0_n_233_id_35_beam_orig2_bm0-s0to100br2-s100to200br0-s200to300br3.pdb,142,"2,0,13,16,19,16,19,14,11,3,10,18,19,19,6,18,7,15,2,12,16,9,6,4,11,13,14,19,6,11,5,10,3,10,0,0,10,9,19,18,17,6,12,6,3,11,2,9,9,5,13,19,8,7,6,6,3,10,11,19,5,8,15,15,18,1,5,1,0,1,10,10,11,3,5,10,15,10,7,2,0,0,10,5,9,16,3,19,11,10,5,3,0,7,19,18,1,4,12,9,15,18,7,7,0,3,18,11,1,9,16,19,11,19,2,0,0,13,16,19,16,19,14,11,3,10,18,19,19,6,18,7,15,2,12,16,9,6,4,11,13,14,19,6,11,5,10,3,10,0,0,10,9,19,18,17,6,12,6,3,11,2,9,9,5,13,19,8,7,6,6,3,10,11,19,5,8,15,15,18,1,5,1,0,1,10,10,11,3,5,10,15,10,7,2,0,0,10,5,9,16,3,19,11,10,5,3,0,7,19,18,1,4,12,9,15,18,7,7,0,3,18,11,1,9,16,19,11,19,2,0,14,15",-0.52644914,0.29731417,3.0,0.048364352,58.013527,0.050771296,1.0,0.050771296,0.31156293,0.01247149,0.0,0.0,0.048364352,0.0031179492,0.8603804,0.31156293,3.9647691,1.2831537,58.013527,-0.52644914,3.9210494,197.11603,0.012262909,0.04595741,1.0,197.11603,0.26352906,0.13961957,3.9647691,0.0031179492,0.01268007,0.29731417,0.0,1.2831537,3.9210494,0.012262909,0.52644914,0.0,0.01268007,0.52644914,0.5884819,0.04595741,1.0,0.01247149,lookahead,beam_orig2_bm0-s0to100br2-s100to200br0-s200to300br3
/work/T-REX/external/Proteina-Complexa/inference/search_binder_local_pipeline_32_PDL1_ALPHA_REPACK_v7_r003_cand_v7r003_hyp_0003_01_002_a2b1ae63664a8/job_0_n_180_id_35_beam_orig3_bm2-s0to100br2-s100to200br0-s200to300br3/job_0_n_180_id_35_beam_orig3_bm2-s0to100br2-s100to200br0-s200to300br3.pdb,143,"2,0,13,16,19,16,19,14,11,3,10,18,19,19,6,18,7,15,2,12,16,9,6,4,11,13,14,19,6,11,5,10,3,10,0,0,10,9,19,18,17,6,12,6,3,11,2,9,9,5,13,19,8,7,6,6,3,10,11,19,5,8,15,15,18,1,5,1,0,1,10,10,11,3,5,10,15,10,7,2,0,0,10,5,9,16,3,19,11,10,5,3,0,7,19,18,1,4,12,9,15,18,7,7,0,3,18,11,1,9,16,19,11,19,2,0,15,10,13,10,8,2,10,0,10,10,1,6,6,6,0,11,10,18,6,15,10,7,2,10,6,6,0,19,11,11,18,11,6,0,0,11,9,18,12,6,10,7,2,18,3,6,0,7,11,10,10,3,11,0,11,11,10,6,6,11,10,6,2,11,0,0,0,0,0,0,0,0,0,0,0,0,0,0,0,0,0,0,0,0,0,0,0,0,0,0,0,0,0,0,0,0,0,0,0,0,0,0,0,0,0,0,0,0,0,0,0,0,0,0,0,0,0",-0.15443268,0.04373718,3.0,0.6167016,41.87621,0.7056052,1.0,0.7056052,0.12754773,0.6167016,0.0,0.0,0.6167016,0.00710324,0.9425994,0.12754773,2.4960444,1.3358533,41.87621,-0.15443268,1.8366418,139.88867,0.52779794,0.52779794,1.0,139.88867,0.8262075,0.05740056,2.4960444,0.00710324,0.7056052,0.04373718,0.0,1.3358533,1.8366418,0.52779794,0.15443268,0.0,0.7056052,0.15443268,0.88097227,0.52779794,1.0,0.6167016,lookahead,beam_orig3_bm2-s0to100br2-s100to200br0-s200to300br3
/work/T-REX/external/Proteina-Complexa/inference/search_binder_local_pipeline_32_PDL1_ALPHA_REPACK_v7_r003_cand_v7r003_hyp_0003_01_002_a2b1ae63664a8/job_0_n_176_id_36_beam_orig0_bm1-s0to100br3-s100to200br2-s200to300br0/job_0_n_176_id_36_beam_orig0_bm1-s0to100br3-s100to200br2-s200to300br0.pdb,144,"2,0,13,16,19,16,19,14,11,3,10,18,19,19,6,18,7,15,2,12,16,9,6,4,11,13,14,19,6,11,5,10,3,10,0,0,10,9,19,18,17,6,12,6,3,11,2,9,9,5,13,19,8,7,6,6,3,10,11,19,5,8,15,15,18,1,5,1,0,1,10,10,11,3,5,10,15,10,7,2,0,0,10,5,9,16,3,19,11,10,5,3,0,7,19,18,1,4,12,9,15,18,7,7,0,3,18,11,1,9,16,19,11,19,2,0,15,9,10,6,11,19,13,16,11,7,6,13,0,9,4,11,6,5,10,11,19,16,2,19,6,3,4,11,11,10,10,11,3,14,15,9,10,11,11,11,16,7,15,6,6,13,1,6,3,9,11,11,11,10,5,11,0,10,11,6,0,0,0,0,0,0,0,0,0,0,0,0,0,0,0,0,0,0,0,0,0,0,0,0,0,0,0,0,0,0,0,0,0,0,0,0,0,0,0,0,0,0,0,0,0,0,0,0,0,0,0,0,0,0,0,0,0",-0.19726047,0.06876639,3.0,0.39808574,27.70601,0.4559929,1.0,0.4559929,0.16129775,0.39808574,0.0,0.0,0.39808574,0.0023554575,0.8746199,0.16129775,1.4500351,1.9924353,27.70601,-0.19726047,2.379986,170.6865,0.34017858,0.34017858,1.0,170.6865,0.72771734,0.12538011,1.4500351,0.0023554575,0.4559929,0.06876639,0.0,1.9924353,2.379986,0.34017858,0.19726047,0.0,0.4559929,0.19726047,0.83223605,0.34017858,1.0,0.39808574,lookahead,beam_orig0_bm1-s0to100br3-s100to200br2-s200to300br0
/work/T-REX/external/Proteina-Complexa/inference/search_binder_local_pipeline_32_PDL1_ALPHA_REPACK_v7_r003_cand_v7r003_hyp_0003_01_002_a2b1ae63664a8/job_0_n_229_id_36_beam_orig1_bm2-s0to100br1-s100to200br0-s200to300br0/job_0_n_229_id_36_beam_orig1_bm2-s0to100br1-s100to200br0-s200to300br0.pdb,145,"2,0,13,16,19,16,19,14,11,3,10,18,19,19,6,18,7,15,2,12,16,9,6,4,11,13,14,19,6,11,5,10,3,10,0,0,10,9,19,18,17,6,12,6,3,11,2,9,9,5,13,19,8,7,6,6,3,10,11,19,5,8,15,15,18,1,5,1,0,1,10,10,11,3,5,10,15,10,7,2,0,0,10,5,9,16,3,19,11,10,5,3,0,7,19,18,1,4,12,9,15,18,7,7,0,3,18,11,1,9,16,19,11,19,2,0,0,13,16,19,16,19,14,11,3,10,18,19,19,6,18,7,15,2,12,16,9,6,4,11,13,14,19,6,11,5,10,3,10,0,0,10,9,19,18,17,6,12,6,3,11,2,9,9,5,13,19,8,7,6,6,3,10,11,19,5,8,15,15,18,1,5,1,0,1,10,10,11,3,5,10,15,10,7,2,0,0,10,5,9,16,3,19,11,10,5,3,0,7,19,18,1,4,12,9,15,18,7,7,0,3,18,11,1,9,16,19,11,19,0,0,0,0",-0.51322865,0.2840732,3.0,0.051305432,62.38193,0.054700986,1.0,0.054700986,0.30479792,0.01297719,0.0,0.0,0.051305432,0.0017435915,0.86037964,0.30479792,5.256979,1.275521,62.38193,-0.51322865,3.811868,199.68336,0.012828386,0.04790988,1.0,199.68336,0.27110723,0.13962038,5.256979,0.0017435915,0.013125993,0.2840732,0.0,1.275521,3.811868,0.012828386,0.51322865,0.0,0.013125993,0.51322865,0.59291106,0.04790988,1.0,0.01297719,lookahead,beam_orig1_bm2-s0to100br1-s100to200br0-s200to300br0
/work/T-REX/external/Proteina-Complexa/inference/search_binder_local_pipeline_32_PDL1_ALPHA_REPACK_v7_r003_cand_v7r003_hyp_0003_01_002_a2b1ae63664a8/job_0_n_233_id_36_beam_orig2_bm0-s0to100br2-s100to200br3-s200to300br0/job_0_n_233_id_36_beam_orig2_bm0-s0to100br2-s100to200br3-s200to300br0.pdb,146,"2,0,13,16,19,16,19,14,11,3,10,18,19,19,6,18,7,15,2,12,16,9,6,4,11,13,14,19,6,11,5,10,3,10,0,0,10,9,19,18,17,6,12,6,3,11,2,9,9,5,13,19,8,7,6,6,3,10,11,19,5,8,15,15,18,1,5,1,0,1,10,10,11,3,5,10,15,10,7,2,0,0,10,5,9,16,3,19,11,10,5,3,0,7,19,18,1,4,12,9,15,18,7,7,0,3,18,11,1,9,16,19,11,19,2,0,0,13,16,19,16,19,14,11,3,10,18,19,19,6,18,7,15,2,12,16,9,6,4,11,13,14,19,6,11,5,10,3,10,0,0,10,9,19,18,17,6,12,6,3,11,2,9,9,5,13,19,8,7,6,6,3,10,11,19,5,8,15,15,18,1,5,1,0,1,10,10,11,3,5,10,15,10,7,2,0,0,10,5,9,16,3,19,11,10,5,3,0,7,19,18,1,4,12,9,15,18,7,7,0,3,18,11,1,9,16,19,11,19,2,0,2,15",-0.5220324,0.29099137,3.0,0.050210413,59.699852,0.052731797,1.0,0.052731797,0.31158888,0.012733051,0.0,0.0,0.050210413,0.007997553,0.85645837,0.31158888,4.7380304,1.2931454,59.699852,-0.5220324,3.908126,199.37007,0.01236623,0.047689028,1.0,199.37007,0.2682043,0.14354162,4.7380304,0.007997553,0.013099872,0.29099137,0.0,1.2931454,3.908126,0.01236623,0.5220324,0.0,0.013099872,0.5220324,0.5894299,0.047689028,1.0,0.012733051,lookahead,beam_orig2_bm0-s0to100br2-s100to200br3-s200to300br0
/work/T-REX/external/Proteina-Complexa/inference/search_binder_local_pipeline_32_PDL1_ALPHA_REPACK_v7_r003_cand_v7r003_hyp_0003_01_002_a2b1ae63664a8/job_0_n_180_id_36_beam_orig3_bm2-s0to100br2-s100to200br1-s200to300br0/job_0_n_180_id_36_beam_orig3_bm2-s0to100br2-s100to200br1-s200to300br0.pdb,147,"2,0,13,16,19,16,19,14,11,3,10,18,19,19,6,18,7,15,2,12,16,9,6,4,11,13,14,19,6,11,5,10,3,10,0,0,10,9,19,18,17,6,12,6,3,11,2,9,9,5,13,19,8,7,6,6,3,10,11,19,5,8,15,15,18,1,5,1,0,1,10,10,11,3,5,10,15,10,7,2,0,0,10,5,9,16,3,19,11,10,5,3,0,7,19,18,1,4,12,9,15,18,7,7,0,3,18,11,1,9,16,19,11,19,2,0,15,6,6,11,6,11,10,0,10,2,11,19,6,6,0,11,11,6,6,6,0,7,2,10,6,6,0,0,11,11,18,6,6,0,0,11,10,18,12,6,9,7,2,18,3,6,0,7,11,5,10,3,6,0,11,10,10,1,6,11,0,0,6,11,0,0,0,0,0,0,0,0,0,0,0,0,0,0,0,0,0,0,0,0,0,0,0,0,0,0,0,0,0,0,0,0,0,0,0,0,0,0,0,0,0,0,0,0,0,0,0,0,0,0,0,0,0",-0.17275293,0.04995655,3.0,0.52716506,35.819187,0.63767546,1.0,0.63767546,0.13848974,0.52716506,0.0,0.0,0.52716506,0.008463022,0.9393484,0.13848974,1.7061622,1.2799038,35.819187,-0.17275293,1.9947238,127.837425,0.41665468,0.41665468,1.0,127.837425,0.7927104,0.060651615,1.7061622,0.008463022,0.63767546,0.04995655,0.0,1.2799038,1.9947238,0.41665468,0.17275293,0.0,0.63767546,0.17275293,0.86254346,0.41665468,1.0,0.52716506,lookahead,beam_orig3_bm2-s0to100br2-s100to200br1-s200to300br0
/work/T-REX/external/Proteina-Complexa/inference/search_binder_local_pipeline_32_PDL1_ALPHA_REPACK_v7_r003_cand_v7r003_hyp_0003_01_002_a2b1ae63664a8/job_0_n_176_id_37_beam_orig0_bm1-s0to100br3-s100to200br2-s200to300br1/job_0_n_176_id_37_beam_orig0_bm1-s0to100br3-s100to200br2-s200to300br1.pdb,148,"2,0,13,16,19,16,19,14,11,3,10,18,19,19,6,18,7,15,2,12,16,9,6,4,11,13,14,19,6,11,5,10,3,10,0,0,10,9,19,18,17,6,12,6,3,11,2,9,9,5,13,19,8,7,6,6,3,10,11,19,5,8,15,15,18,1,5,1,0,1,10,10,11,3,5,10,15,10,7,2,0,0,10,5,9,16,3,19,11,10,5,3,0,7,19,18,1,4,12,9,15,18,7,7,0,3,18,11,1,9,16,19,11,19,2,0,15,14,10,6,15,19,10,16,14,7,6,13,0,9,4,11,11,6,10,7,19,6,15,19,6,3,0,1,11,10,10,6,2,14,6,10,10,11,6,11,16,7,15,6,6,13,1,6,3,9,11,11,11,10,6,11,0,10,6,10,0,0,0,0,0,0,0,0,0,0,0,0,0,0,0,0,0,0,0,0,0,0,0,0,0,0,0,0,0,0,0,0,0,0,0,0,0,0,0,0,0,0,0,0,0,0,0,0,0,0,0,0,0,0,0,0,0",-0.17898014,0.059727993,3.0,0.4406104,32.253834,0.51334214,1.0,0.51334214,0.14358753,0.4406104,0.0,0.0,0.4406104,0.0017339658,0.90767473,0.14358753,1.7101812,1.6969802,32.253834,-0.17898014,2.1787102,162.64284,0.3678787,0.3678787,1.0,162.64284,0.753583,0.092325285,1.7101812,0.0017339658,0.51334214,0.059727993,0.0,1.6969802,2.1787102,0.3678787,0.17898014,0.0,0.51334214,0.17898014,0.83971465,0.3678787,1.0,0.4406104,lookahead,beam_orig0_bm1-s0to100br3-s100to200br2-s200to300br1
/work/T-REX/external/Proteina-Complexa/inference/search_binder_local_pipeline_32_PDL1_ALPHA_REPACK_v7_r003_cand_v7r003_hyp_0003_01_002_a2b1ae63664a8/job_0_n_229_id_37_beam_orig1_bm2-s0to100br1-s100to200br0-s200to300br1/job_0_n_229_id_37_beam_orig1_bm2-s0to100br1-s100to200br0-s200to300br1.pdb,149,"2,0,13,16,19,16,19,14,11,3,10,18,19,19,6,18,7,15,2,12,16,9,6,4,11,13,14,19,6,11,5,10,3,10,0,0,10,9,19,18,17,6,12,6,3,11,2,9,9,5,13,19,8,7,6,6,3,10,11,19,5,8,15,15,18,1,5,1,0,1,10,10,11,3,5,10,15,10,7,2,0,0,10,5,9,16,3,19,11,10,5,3,0,7,19,18,1,4,12,9,15,18,7,7,0,3,18,11,1,9,16,19,11,19,2,0,0,13,16,19,16,19,14,11,3,10,18,19,19,6,18,7,15,2,12,16,9,6,4,11,13,14,19,6,11,5,10,3,10,0,0,10,9,19,18,17,6,12,6,3,11,2,9,9,5,13,19,8,7,6,6,3,10,11,19,5,8,15,15,18,1,5,1,0,1,10,10,11,3,5,10,15,10,7,2,0,0,10,5,9,16,3,19,11,10,5,3,0,7,19,18,1,4,12,9,15,18,7,7,0,3,18,11,1,9,16,19,11,19,0,0,0,0",-0.5198585,0.291814,3.0,0.049122177,54.747383,0.052070275,1.0,0.052070275,0.30757475,0.012607356,0.0,0.0,0.049122177,0.0017733447,0.86225486,0.30757475,4.6616697,1.268734,54.747383,-0.5198585,3.834747,194.65742,0.012276746,0.046174075,1.0,194.65742,0.26901323,0.13774514,4.6616697,0.0017733447,0.012937965,0.291814,0.0,1.268734,3.834747,0.012276746,0.5198585,0.0,0.012937965,0.5198585,0.59191424,0.046174075,1.0,0.012607356,lookahead,beam_orig1_bm2-s0to100br1-s100to200br0-s200to300br1
/work/T-REX/external/Proteina-Complexa/inference/search_binder_local_pipeline_32_PDL1_ALPHA_REPACK_v7_r003_cand_v7r003_hyp_0003_01_002_a2b1ae63664a8/job_0_n_233_id_37_beam_orig2_bm0-s0to100br2-s100to200br3-s200to300br1/job_0_n_233_id_37_beam_orig2_bm0-s0to100br2-s100to200br3-s200to300br1.pdb,150,"2,0,13,16,19,16,19,14,11,3,10,18,19,19,6,18,7,15,2,12,16,9,6,4,11,13,14,19,6,11,5,10,3,10,0,0,10,9,19,18,17,6,12,6,3,11,2,9,9,5,13,19,8,7,6,6,3,10,11,19,5,8,15,15,18,1,5,1,0,1,10,10,11,3,5,10,15,10,7,2,0,0,10,5,9,16,3,19,11,10,5,3,0,7,19,18,1,4,12,9,15,18,7,7,0,3,18,11,1,9,16,19,11,19,2,0,0,13,16,19,16,19,14,11,3,10,18,19,19,6,18,7,15,2,12,16,9,6,4,11,13,14,19,6,11,5,10,3,10,0,0,10,9,19,18,17,6,12,6,3,11,2,9,9,5,13,19,8,7,6,6,3,10,11,19,5,8,15,15,18,1,5,1,0,1,10,10,11,3,5,10,15,10,7,2,0,0,10,5,9,16,3,19,11,10,5,3,0,7,19,18,1,4,12,9,15,18,7,7,0,3,18,11,1,9,16,19,11,19,2,0,2,8",-0.5191959,0.2878607,3.0,0.05337327,56.30764,0.05505989,1.0,0.05505989,0.3110266,0.012689633,0.0,0.0,0.05337327,0.012655866,0.85618234,0.3110266,4.6257377,1.301515,56.30764,-0.5191959,3.8948205,195.90826,0.012427627,0.05168665,1.0,195.90826,0.27260298,0.14381763,4.6257377,0.012655866,0.0129516395,0.2878607,0.0,1.301515,3.8948205,0.012427627,0.5191959,0.0,0.0129516395,0.5191959,0.5912411,0.05168665,1.0,0.012689633,lookahead,beam_orig2_bm0-s0to100br2-s100to200br3-s200to300br1
/work/T-REX/external/Proteina-Complexa/inference/search_binder_local_pipeline_32_PDL1_ALPHA_REPACK_v7_r003_cand_v7r003_hyp_0003_01_002_a2b1ae63664a8/job_0_n_180_id_37_beam_orig3_bm2-s0to100br2-s100to200br1-s200to300br1/job_0_n_180_id_37_beam_orig3_bm2-s0to100br2-s100to200br1-s200to300br1.pdb,151,"2,0,13,16,19,16,19,14,11,3,10,18,19,19,6,18,7,15,2,12,16,9,6,4,11,13,14,19,6,11,5,10,3,10,0,0,10,9,19,18,17,6,12,6,3,11,2,9,9,5,13,19,8,7,6,6,3,10,11,19,5,8,15,15,18,1,5,1,0,1,10,10,11,3,5,10,15,10,7,2,0,0,10,5,9,16,3,19,11,10,5,3,0,7,19,18,1,4,12,9,15,18,7,7,0,3,18,11,1,9,16,19,11,19,2,0,3,6,6,11,10,11,10,0,10,2,11,6,6,6,0,11,11,6,6,0,0,7,2,10,3,6,0,0,15,11,18,6,6,0,0,11,9,18,12,6,10,7,2,13,3,6,0,7,11,10,10,3,11,0,11,11,10,1,6,11,0,0,5,11,0,0,0,0,0,0,0,0,0,0,0,0,0,0,0,0,0,0,0,0,0,0,0,0,0,0,0,0,0,0,0,0,0,0,0,0,0,0,0,0,0,0,0,0,0,0,0,0,0,0,0,0,0",-0.19185962,0.062895484,3.0,0.44666323,37.679596,0.5505278,1.0,0.5505278,0.15044132,0.44666323,0.0,0.0,0.44666323,0.0052406825,0.93317854,0.15044132,2.2900236,1.3394237,37.679596,-0.19185962,2.1320076,139.53227,0.34279865,0.34279865,1.0,139.53227,0.7585896,0.06682144,2.2900236,0.0052406825,0.5505278,0.062895484,0.0,1.3394237,2.1320076,0.34279865,0.19185962,0.0,0.5505278,0.19185962,0.8483694,0.34279865,1.0,0.44666323,lookahead,beam_orig3_bm2-s0to100br2-s100to200br1-s200to300br1
/work/T-REX/external/Proteina-Complexa/inference/search_binder_local_pipeline_32_PDL1_ALPHA_REPACK_v7_r003_cand_v7r003_hyp_0003_01_002_a2b1ae63664a8/job_0_n_176_id_38_beam_orig0_bm1-s0to100br3-s100to200br2-s200to300br2/job_0_n_176_id_38_beam_orig0_bm1-s0to100br3-s100to200br2-s200to300br2.pdb,152,"2,0,13,16,19,16,19,14,11,3,10,18,19,19,6,18,7,15,2,12,16,9,6,4,11,13,14,19,6,11,5,10,3,10,0,0,10,9,19,18,17,6,12,6,3,11,2,9,9,5,13,19,8,7,6,6,3,10,11,19,5,8,15,15,18,1,5,1,0,1,10,10,11,3,5,10,15,10,7,2,0,0,10,5,9,16,3,19,11,10,5,3,0,7,19,18,1,4,12,9,15,18,7,7,0,3,18,11,1,9,16,19,11,19,2,0,15,14,10,6,15,19,13,16,11,7,6,13,0,9,19,11,3,5,10,11,19,16,15,19,5,3,4,5,11,10,10,5,2,14,6,9,10,11,5,11,16,7,15,6,14,13,1,5,3,9,11,11,11,10,5,11,0,10,2,15,0,0,0,0,0,0,0,0,0,0,0,0,0,0,0,0,0,0,0,0,0,0,0,0,0,0,0,0,0,0,0,0,0,0,0,0,0,0,0,0,0,0,0,0,0,0,0,0,0,0,0,0,0,0,0,0,0",-0.22832456,0.09148543,3.0,0.29630777,26.825212,0.3458765,1.0,0.3458765,0.18306288,0.29630777,0.0,0.0,0.29630777,0.0022900752,0.85841334,0.18306288,0.9048916,1.9479425,26.825212,-0.22832456,2.5290213,173.17621,0.24673904,0.24673904,1.0,173.17621,0.66865456,0.14158665,0.9048916,0.0022900752,0.3458765,0.09148543,0.0,1.9479425,2.5290213,0.24673904,0.22832456,0.0,0.3458765,0.22832456,0.8107145,0.24673904,1.0,0.29630777,lookahead,beam_orig0_bm1-s0to100br3-s100to200br2-s200to300br2
/work/T-REX/external/Proteina-Complexa/inference/search_binder_local_pipeline_32_PDL1_ALPHA_REPACK_v7_r003_cand_v7r003_hyp_0003_01_002_a2b1ae63664a8/job_0_n_229_id_38_beam_orig1_bm2-s0to100br1-s100to200br0-s200to300br2/job_0_n_229_id_38_beam_orig1_bm2-s0to100br1-s100to200br0-s200to300br2.pdb,153,"2,0,13,16,19,16,19,14,11,3,10,18,19,19,6,18,7,15,2,12,16,9,6,4,11,13,14,19,6,11,5,10,3,10,0,0,10,9,19,18,17,6,12,6,3,11,2,9,9,5,13,19,8,7,6,6,3,10,11,19,5,8,15,15,18,1,5,1,0,1,10,10,11,3,5,10,15,10,7,2,0,0,10,5,9,16,3,19,11,10,5,3,0,7,19,18,1,4,12,9,15,18,7,7,0,3,18,11,1,9,16,19,11,19,2,0,0,13,16,19,16,19,14,11,3,10,18,19,19,6,18,7,15,2,12,16,9,6,4,11,13,14,19,6,11,5,10,3,10,0,0,10,9,19,18,17,6,12,6,3,11,2,9,9,5,13,19,8,7,6,6,3,10,11,19,5,8,15,15,18,1,5,1,0,1,10,10,11,3,5,10,15,10,7,2,0,0,10,5,9,16,3,19,11,10,5,3,0,7,19,18,1,4,12,9,15,18,7,7,0,3,18,11,1,9,16,19,11,19,0,0,0,0",-0.5105878,0.28205398,3.0,0.05282976,66.92641,0.056044586,1.0,0.056044586,0.30316818,0.013306185,0.0,0.0,0.05282976,0.0017333917,0.8606424,0.30316818,5.3849387,1.2679746,66.92641,-0.5105878,3.801644,204.4056,0.01287622,0.049614936,1.0,204.4056,0.27101538,0.13935761,5.3849387,0.0017333917,0.013736149,0.28205398,0.0,1.2679746,3.801644,0.01287622,0.5105878,0.0,0.013736149,0.5105878,0.592685,0.049614936,1.0,0.013306185,lookahead,beam_orig1_bm2-s0to100br1-s100to200br0-s200to300br2
/work/T-REX/external/Proteina-Complexa/inference/search_binder_local_pipeline_32_PDL1_ALPHA_REPACK_v7_r003_cand_v7r003_hyp_0003_01_002_a2b1ae63664a8/job_0_n_233_id_38_beam_orig2_bm0-s0to100br2-s100to200br3-s200to300br2/job_0_n_233_id_38_beam_orig2_bm0-s0to100br2-s100to200br3-s200to300br2.pdb,154,"2,0,13,16,19,16,19,14,11,3,10,18,19,19,6,18,7,15,2,12,16,9,6,4,11,13,14,19,6,11,5,10,3,10,0,0,10,9,19,18,17,6,12,6,3,11,2,9,9,5,13,19,8,7,6,6,3,10,11,19,5,8,15,15,18,1,5,1,0,1,10,10,11,3,5,10,15,10,7,2,0,0,10,5,9,16,3,19,11,10,5,3,0,7,19,18,1,4,12,9,15,18,7,7,0,3,18,11,1,9,16,19,11,19,2,0,0,13,16,19,16,19,14,11,3,10,18,19,19,6,18,7,15,2,12,16,9,6,4,11,13,14,19,6,11,5,10,3,10,0,0,10,9,19,18,17,6,12,6,3,11,2,9,9,5,13,19,8,7,6,6,3,10,11,19,5,8,15,15,18,1,5,1,0,1,10,10,11,3,5,10,15,10,7,2,0,0,10,5,9,16,3,19,11,10,5,3,0,7,19,18,1,4,12,9,15,18,7,7,0,3,18,11,1,9,16,19,11,19,2,0,10,15",-0.5289961,0.29741418,3.0,0.047778107,59.517605,0.05068776,1.0,0.05068776,0.31548488,0.012255854,0.0,0.0,0.047778107,0.0032053026,0.8554156,0.31548488,4.918339,1.3044063,59.517605,-0.5289961,3.9200292,195.53966,0.011938813,0.04486845,1.0,195.53966,0.26412883,0.14458445,4.918339,0.0032053026,0.012572895,0.29741418,0.0,1.3044063,3.9200292,0.011938813,0.5289961,0.0,0.012572895,0.5289961,0.5865718,0.04486845,1.0,0.012255854,lookahead,beam_orig2_bm0-s0to100br2-s100to200br3-s200to300br2
/work/T-REX/external/Proteina-Complexa/inference/search_binder_local_pipeline_32_PDL1_ALPHA_REPACK_v7_r003_cand_v7r003_hyp_0003_01_002_a2b1ae63664a8/job_0_n_180_id_38_beam_orig3_bm2-s0to100br2-s100to200br1-s200to300br2/job_0_n_180_id_38_beam_orig3_bm2-s0to100br2-s100to200br1-s200to300br2.pdb,155,"2,0,13,16,19,16,19,14,11,3,10,18,19,19,6,18,7,15,2,12,16,9,6,4,11,13,14,19,6,11,5,10,3,10,0,0,10,9,19,18,17,6,12,6,3,11,2,9,9,5,13,19,8,7,6,6,3,10,11,19,5,8,15,15,18,1,5,1,0,1,10,10,11,3,5,10,15,10,7,2,0,0,10,5,9,16,3,19,11,10,5,3,0,7,19,18,1,4,12,9,15,18,7,7,0,3,18,11,1,9,16,19,11,19,2,0,2,15,6,11,10,5,10,0,10,5,11,6,11,6,0,11,6,6,6,0,0,7,2,10,6,6,0,0,11,11,18,6,6,0,0,1,10,18,12,6,9,7,0,18,3,6,0,7,11,0,10,3,11,0,11,15,10,1,6,11,0,11,11,15,0,0,0,0,0,0,0,0,0,0,0,0,0,0,0,0,0,0,0,0,0,0,0,0,0,0,0,0,0,0,0,0,0,0,0,0,0,0,0,0,0,0,0,0,0,0,0,0,0,0,0,0,0",-0.17557515,0.05339143,3.0,0.51288545,33.558865,0.61140627,1.0,0.61140627,0.14112505,0.51288545,0.0,0.0,0.51288545,0.0077127963,0.93544805,0.14112505,1.781518,1.3056824,33.558865,-0.17557515,2.0326407,128.91144,0.41436458,0.41436458,1.0,128.91144,0.7885207,0.06455198,1.781518,0.0077127963,0.61140627,0.05339143,0.0,1.3056824,2.0326407,0.41436458,0.17557515,0.0,0.61140627,0.17557515,0.8620489,0.41436458,1.0,0.51288545,lookahead,beam_orig3_bm2-s0to100br2-s100to200br1-s200to300br2
/work/T-REX/external/Proteina-Complexa/inference/search_binder_local_pipeline_32_PDL1_ALPHA_REPACK_v7_r003_cand_v7r003_hyp_0003_01_002_a2b1ae63664a8/job_0_n_176_id_39_beam_orig0_bm1-s0to100br3-s100to200br2-s200to300br3/job_0_n_176_id_39_beam_orig0_bm1-s0to100br3-s100to200br2-s200to300br3.pdb,156,"2,0,13,16,19,16,19,14,11,3,10,18,19,19,6,18,7,15,2,12,16,9,6,4,11,13,14,19,6,11,5,10,3,10,0,0,10,9,19,18,17,6,12,6,3,11,2,9,9,5,13,19,8,7,6,6,3,10,11,19,5,8,15,15,18,1,5,1,0,1,10,10,11,3,5,10,15,10,7,2,0,0,10,5,9,16,3,19,11,10,5,3,0,7,19,18,1,4,12,9,15,18,7,7,0,3,18,11,1,9,16,19,11,19,2,0,15,14,10,6,15,19,13,15,11,7,6,10,15,9,19,1,15,19,10,7,19,11,15,19,11,3,4,5,16,10,10,0,3,14,15,10,10,1,15,11,16,7,15,6,6,13,18,5,3,9,11,11,11,10,5,16,0,19,15,15,0,0,0,0,0,0,0,0,0,0,0,0,0,0,0,0,0,0,0,0,0,0,0,0,0,0,0,0,0,0,0,0,0,0,0,0,0,0,0,0,0,0,0,0,0,0,0,0,0,0,0,0,0,0,0,0,0",-0.19402654,0.062259294,3.0,0.4116577,36.95051,0.48391625,1.0,0.48391625,0.15867153,0.4116577,0.0,0.0,0.4116577,0.001808106,0.8785567,0.15867153,1.4750097,1.8250252,36.95051,-0.19402654,2.3310184,170.9777,0.3393991,0.3393991,1.0,170.9777,0.72773546,0.12144328,1.4750097,0.001808106,0.48391625,0.062259294,0.0,1.8250252,2.3310184,0.3393991,0.19402654,0.0,0.48391625,0.19402654,0.8357315,0.3393991,1.0,0.4116577,lookahead,beam_orig0_bm1-s0to100br3-s100to200br2-s200to300br3
/work/T-REX/external/Proteina-Complexa/inference/search_binder_local_pipeline_32_PDL1_ALPHA_REPACK_v7_r003_cand_v7r003_hyp_0003_01_002_a2b1ae63664a8/job_0_n_229_id_39_beam_orig1_bm2-s0to100br1-s100to200br0-s200to300br3/job_0_n_229_id_39_beam_orig1_bm2-s0to100br1-s100to200br0-s200to300br3.pdb,157,"2,0,13,16,19,16,19,14,11,3,10,18,19,19,6,18,7,15,2,12,16,9,6,4,11,13,14,19,6,11,5,10,3,10,0,0,10,9,19,18,17,6,12,6,3,11,2,9,9,5,13,19,8,7,6,6,3,10,11,19,5,8,15,15,18,1,5,1,0,1,10,10,11,3,5,10,15,10,7,2,0,0,10,5,9,16,3,19,11,10,5,3,0,7,19,18,1,4,12,9,15,18,7,7,0,3,18,11,1,9,16,19,11,19,2,0,0,13,16,19,16,19,14,11,3,10,18,19,19,6,18,7,15,2,12,16,9,6,4,11,13,14,19,6,11,5,10,3,10,0,0,10,9,19,18,17,6,12,6,3,11,2,9,9,5,13,19,8,7,6,6,3,10,11,19,5,8,15,15,18,1,5,1,0,1,10,10,11,3,5,10,15,10,7,2,0,0,10,5,9,16,3,19,11,10,5,3,0,7,19,18,1,4,12,9,15,18,7,7,0,3,18,11,1,9,16,19,11,19,0,0,0,0",-0.5226321,0.29676872,3.0,0.04786779,56.718132,0.05081866,1.0,0.05081866,0.30930367,0.012337506,0.0,0.0,0.04786779,0.0017817996,0.8613517,0.30930367,4.728458,1.2739409,56.718132,-0.5226321,3.8412635,199.60014,0.011890708,0.04491692,1.0,199.60014,0.2658645,0.13864824,4.728458,0.0017817996,0.012784303,0.29676872,0.0,1.2739409,3.8412635,0.011890708,0.5226321,0.0,0.012784303,0.5226321,0.59050995,0.04491692,1.0,0.012337506,lookahead,beam_orig1_bm2-s0to100br1-s100to200br0-s200to300br3
/work/T-REX/external/Proteina-Complexa/inference/search_binder_local_pipeline_32_PDL1_ALPHA_REPACK_v7_r003_cand_v7r003_hyp_0003_01_002_a2b1ae63664a8/job_0_n_233_id_39_beam_orig2_bm0-s0to100br2-s100to200br3-s200to300br3/job_0_n_233_id_39_beam_orig2_bm0-s0to100br2-s100to200br3-s200to300br3.pdb,158,"2,0,13,16,19,16,19,14,11,3,10,18,19,19,6,18,7,15,2,12,16,9,6,4,11,13,14,19,6,11,5,10,3,10,0,0,10,9,19,18,17,6,12,6,3,11,2,9,9,5,13,19,8,7,6,6,3,10,11,19,5,8,15,15,18,1,5,1,0,1,10,10,11,3,5,10,15,10,7,2,0,0,10,5,9,16,3,19,11,10,5,3,0,7,19,18,1,4,12,9,15,18,7,7,0,3,18,11,1,9,16,19,11,19,2,0,0,13,16,19,16,19,14,11,3,10,18,19,19,6,18,7,15,2,12,16,9,6,4,11,13,14,19,6,11,5,10,3,10,0,0,10,9,19,18,17,6,12,6,3,11,2,9,9,5,13,19,8,7,6,6,3,10,11,19,5,8,15,15,18,1,5,1,0,1,10,10,11,3,5,10,15,10,7,2,0,0,10,5,9,16,3,19,11,10,5,3,0,7,19,18,1,4,12,9,15,18,7,7,0,3,18,11,1,9,16,19,11,19,2,0,2,0",-0.5260008,0.2941206,3.0,0.048075356,57.92766,0.050766323,1.0,0.050766323,0.3135745,0.012503287,0.0,0.0,0.048075356,0.0058568404,0.8586583,0.3135745,4.7664256,1.2853988,57.92766,-0.5260008,3.9120648,199.52339,0.012372712,0.04538439,1.0,199.52339,0.2650213,0.14134172,4.7664256,0.0058568404,0.012633862,0.2941206,0.0,1.2853988,3.9120648,0.012372712,0.5260008,0.0,0.012633862,0.5260008,0.58865994,0.04538439,1.0,0.012503287,lookahead,beam_orig2_bm0-s0to100br2-s100to200br3-s200to300br3
/work/T-REX/external/Proteina-Complexa/inference/search_binder_local_pipeline_32_PDL1_ALPHA_REPACK_v7_r003_cand_v7r003_hyp_0003_01_002_a2b1ae63664a8/job_0_n_180_id_39_beam_orig3_bm2-s0to100br2-s100to200br1-s200to300br3/job_0_n_180_id_39_beam_orig3_bm2-s0to100br2-s100to200br1-s200to300br3.pdb,159,"2,0,13,16,19,16,19,14,11,3,10,18,19,19,6,18,7,15,2,12,16,9,6,4,11,13,14,19,6,11,5,10,3,10,0,0,10,9,19,18,17,6,12,6,3,11,2,9,9,5,13,19,8,7,6,6,3,10,11,19,5,8,15,15,18,1,5,1,0,1,10,10,11,3,5,10,15,10,7,2,0,0,10,5,9,16,3,19,11,10,5,3,0,7,19,18,1,4,12,9,15,18,7,7,0,3,18,11,1,9,16,19,11,19,2,0,15,6,6,11,10,2,10,0,10,6,1,6,11,6,0,11,6,6,6,11,0,7,2,18,0,6,0,0,11,11,18,6,6,0,0,11,9,18,12,6,10,7,2,13,3,6,0,7,11,0,10,3,11,0,11,6,12,1,6,11,0,0,6,0,0,0,0,0,0,0,0,0,0,0,0,0,0,0,0,0,0,0,0,0,0,0,0,0,0,0,0,0,0,0,0,0,0,0,0,0,0,0,0,0,0,0,0,0,0,0,0,0,0,0,0,0,0",-0.23210457,0.07826327,3.0,0.33994523,45.368725,0.43137744,1.0,0.43137744,0.17531875,0.33994523,0.0,0.0,0.33994523,0.005778795,0.92397374,0.17531875,2.8818696,1.2909559,45.368725,-0.23210457,2.301884,149.99245,0.24851301,0.24851301,1.0,149.99245,0.7021646,0.076026276,2.8818696,0.005778795,0.43137744,0.07826327,0.0,1.2909559,2.301884,0.24851301,0.23210457,0.0,0.43137744,0.23210457,0.8214897,0.24851301,1.0,0.33994523,lookahead,beam_orig3_bm2-s0to100br2-s100to200br1-s200to300br3
/work/T-REX/external/Proteina-Complexa/inference/search_binder_local_pipeline_32_PDL1_ALPHA_REPACK_v7_r003_cand_v7r003_hyp_0003_01_002_a2b1ae63664a8/job_0_n_176_id_40_beam_orig0_bm1-s0to100br3-s100to200br0-s200to300br0/job_0_n_176_id_40_beam_orig0_bm1-s0to100br3-s100to200br0-s200to300br0.pdb,160,"2,0,13,16,19,16,19,14,11,3,10,18,19,19,6,18,7,15,2,12,16,9,6,4,11,13,14,19,6,11,5,10,3,10,0,0,10,9,19,18,17,6,12,6,3,11,2,9,9,5,13,19,8,7,6,6,3,10,11,19,5,8,15,15,18,1,5,1,0,1,10,10,11,3,5,10,15,10,7,2,0,0,10,5,9,16,3,19,11,10,5,3,0,7,19,18,1,4,12,9,15,18,7,7,0,3,18,11,1,9,16,19,11,19,2,0,10,15,11,10,11,6,1,6,11,5,0,9,11,10,0,0,8,0,10,7,4,11,19,5,15,10,19,2,3,14,6,11,13,6,6,10,10,1,5,11,16,7,15,3,3,13,19,11,3,19,10,15,13,4,11,11,0,11,0,6,0,0,0,0,0,0,0,0,0,0,0,0,0,0,0,0,0,0,0,0,0,0,0,0,0,0,0,0,0,0,0,0,0,0,0,0,0,0,0,0,0,0,0,0,0,0,0,0,0,0,0,0,0,0,0,0,0",-0.15867138,0.051440895,3.0,0.55934703,30.879093,0.6417733,1.0,0.6417733,0.13194144,0.55934703,0.0,0.0,0.55934703,0.0017511677,0.91801035,0.13194144,0.7517846,1.5013107,30.879093,-0.15867138,1.9580997,161.57477,0.47692075,0.47692075,1.0,161.57477,0.81581867,0.08198965,0.7517846,0.0017511677,0.6417733,0.051440895,0.0,1.5013107,1.9580997,0.47692075,0.15867138,0.0,0.6417733,0.15867138,0.87936515,0.47692075,1.0,0.55934703,lookahead,beam_orig0_bm1-s0to100br3-s100to200br0-s200to300br0
/work/T-REX/external/Proteina-Complexa/inference/search_binder_local_pipeline_32_PDL1_ALPHA_REPACK_v7_r003_cand_v7r003_hyp_0003_01_002_a2b1ae63664a8/job_0_n_229_id_40_beam_orig1_bm2-s0to100br1-s100to200br1-s200to300br0/job_0_n_229_id_40_beam_orig1_bm2-s0to100br1-s100to200br1-s200to300br0.pdb,161,"2,0,13,16,19,16,19,14,11,3,10,18,19,19,6,18,7,15,2,12,16,9,6,4,11,13,14,19,6,11,5,10,3,10,0,0,10,9,19,18,17,6,12,6,3,11,2,9,9,5,13,19,8,7,6,6,3,10,11,19,5,8,15,15,18,1,5,1,0,1,10,10,11,3,5,10,15,10,7,2,0,0,10,5,9,16,3,19,11,10,5,3,0,7,19,18,1,4,12,9,15,18,7,7,0,3,18,11,1,9,16,19,11,19,2,0,0,13,16,19,16,19,14,11,3,10,18,19,19,6,18,7,15,2,12,16,9,6,4,11,13,14,19,6,11,5,10,3,10,0,0,10,9,19,18,17,6,12,6,3,11,2,9,9,5,13,19,8,7,6,6,3,10,11,19,5,8,15,15,18,1,5,1,0,1,10,10,11,3,5,10,15,10,7,2,0,0,10,5,9,16,3,19,11,10,5,3,0,7,19,18,1,4,12,9,15,18,7,7,0,3,18,11,1,9,16,19,11,19,0,0,0,0",-0.5250271,0.29638967,3.0,0.047262907,56.235577,0.050050408,1.0,0.050050408,0.3109379,0.012460997,0.0,0.0,0.047262907,0.001773233,0.86089355,0.3109379,4.608721,1.2816423,56.235577,-0.5250271,3.8458436,201.69908,0.012234333,0.044475406,1.0,201.69908,0.2652277,0.13910645,4.608721,0.001773233,0.012687663,0.29638967,0.0,1.2816423,3.8458436,0.012234333,0.5250271,0.0,0.012687663,0.5250271,0.58970505,0.044475406,1.0,0.012460997,lookahead,beam_orig1_bm2-s0to100br1-s100to200br1-s200to300br0
/work/T-REX/external/Proteina-Complexa/inference/search_binder_local_pipeline_32_PDL1_ALPHA_REPACK_v7_r003_cand_v7r003_hyp_0003_01_002_a2b1ae63664a8/job_0_n_233_id_40_beam_orig2_bm1-s0to100br2-s100to200br2-s200to300br0/job_0_n_233_id_40_beam_orig2_bm1-s0to100br2-s100to200br2-s200to300br0.pdb,162,"2,0,13,16,19,16,19,14,11,3,10,18,19,19,6,18,7,15,2,12,16,9,6,4,11,13,14,19,6,11,5,10,3,10,0,0,10,9,19,18,17,6,12,6,3,11,2,9,9,5,13,19,8,7,6,6,3,10,11,19,5,8,15,15,18,1,5,1,0,1,10,10,11,3,5,10,15,10,7,2,0,0,10,5,9,16,3,19,11,10,5,3,0,7,19,18,1,4,12,9,15,18,7,7,0,3,18,11,1,9,16,19,11,19,2,0,2,0,13,16,19,16,19,14,11,3,10,18,19,19,6,18,7,15,2,12,16,9,6,4,11,13,14,19,6,11,5,10,3,10,0,0,10,9,19,18,17,6,12,6,3,11,2,9,9,5,13,19,8,7,6,6,3,10,11,19,5,8,15,15,18,1,5,1,0,1,10,10,11,3,5,10,15,10,7,2,0,0,10,5,9,16,3,19,11,10,5,3,0,7,19,18,1,4,12,9,15,18,7,7,0,3,18,11,1,9,16,19,11,19,2,0,14",-0.5251538,0.2978355,3.0,0.049021192,54.393436,0.052108716,1.0,0.052108716,0.31126395,0.012365539,0.0,0.0,0.049021192,0.0028566425,0.85859364,0.31126395,3.7692862,1.2961432,54.393436,-0.5251538,3.898675,197.51039,0.011917338,0.045933668,1.0,197.51039,0.26408234,0.14140634,3.7692862,0.0028566425,0.01281374,0.2978355,0.0,1.2961432,3.898675,0.011917338,0.5251538,0.0,0.01281374,0.5251538,0.587967,0.045933668,1.0,0.012365539,lookahead,beam_orig2_bm1-s0to100br2-s100to200br2-s200to300br0
/work/T-REX/external/Proteina-Complexa/inference/search_binder_local_pipeline_32_PDL1_ALPHA_REPACK_v7_r003_cand_v7r003_hyp_0003_01_002_a2b1ae63664a8/job_0_n_180_id_40_beam_orig3_bm2-s0to100br2-s100to200br3-s200to300br0/job_0_n_180_id_40_beam_orig3_bm2-s0to100br2-s100to200br3-s200to300br0.pdb,163,"2,0,13,16,19,16,19,14,11,3,10,18,19,19,6,18,7,15,2,12,16,9,6,4,11,13,14,19,6,11,5,10,3,10,0,0,10,9,19,18,17,6,12,6,3,11,2,9,9,5,13,19,8,7,6,6,3,10,11,19,5,8,15,15,18,1,5,1,0,1,10,10,11,3,5,10,15,10,7,2,0,0,10,5,9,16,3,19,11,10,5,3,0,7,19,18,1,4,12,9,15,18,7,7,0,3,18,11,1,9,16,19,11,19,2,0,15,6,6,2,10,2,10,0,10,15,1,6,6,6,0,11,11,6,6,0,0,7,2,18,0,6,0,0,11,11,18,6,6,0,0,11,0,18,12,6,9,7,0,13,3,6,0,7,11,0,10,3,11,0,11,6,12,1,6,11,0,6,6,0,0,0,0,0,0,0,0,0,0,0,0,0,0,0,0,0,0,0,0,0,0,0,0,0,0,0,0,0,0,0,0,0,0,0,0,0,0,0,0,0,0,0,0,0,0,0,0,0,0,0,0,0,0",-0.2293796,0.07773833,3.0,0.360197,46.045433,0.443578,1.0,0.443578,0.17711975,0.360197,0.0,0.0,0.360197,0.014184498,0.9093091,0.17711975,2.754382,1.4136696,46.045433,-0.2293796,2.3518152,153.11282,0.276816,0.276816,1.0,153.11282,0.7077131,0.09069091,2.754382,0.014184498,0.443578,0.07773833,0.0,1.4136696,2.3518152,0.276816,0.2293796,0.0,0.443578,0.2293796,0.82421196,0.276816,1.0,0.360197,lookahead,beam_orig3_bm2-s0to100br2-s100to200br3-s200to300br0
/work/T-REX/external/Proteina-Complexa/inference/search_binder_local_pipeline_32_PDL1_ALPHA_REPACK_v7_r003_cand_v7r003_hyp_0003_01_002_a2b1ae63664a8/job_0_n_176_id_41_beam_orig0_bm1-s0to100br3-s100to200br0-s200to300br1/job_0_n_176_id_41_beam_orig0_bm1-s0to100br3-s100to200br0-s200to300br1.pdb,164,"2,0,13,16,19,16,19,14,11,3,10,18,19,19,6,18,7,15,2,12,16,9,6,4,11,13,14,19,6,11,5,10,3,10,0,0,10,9,19,18,17,6,12,6,3,11,2,9,9,5,13,19,8,7,6,6,3,10,11,19,5,8,15,15,18,1,5,1,0,1,10,10,11,3,5,10,15,10,7,2,0,0,10,5,9,16,3,19,11,10,5,3,0,7,19,18,1,4,12,9,15,18,7,7,0,3,18,11,1,9,16,19,11,19,2,0,10,15,15,10,16,6,1,6,11,5,0,10,11,10,0,0,8,0,10,7,19,11,19,19,15,10,19,2,3,14,5,11,13,6,2,10,10,1,6,11,9,7,15,6,3,13,1,5,6,19,10,6,9,4,5,11,0,11,0,6,0,0,0,0,0,0,0,0,0,0,0,0,0,0,0,0,0,0,0,0,0,0,0,0,0,0,0,0,0,0,0,0,0,0,0,0,0,0,0,0,0,0,0,0,0,0,0,0,0,0,0,0,0,0,0,0,0",-0.16998926,0.054782987,3.0,0.5194064,35.475006,0.59323823,1.0,0.59323823,0.14166044,0.5194064,0.0,0.0,0.5194064,0.0029611788,0.90427506,0.14166044,0.8724652,1.6369884,35.475006,-0.16998926,2.038102,163.4306,0.4455745,0.4455745,1.0,163.4306,0.7968792,0.095724955,0.8724652,0.0029611788,0.59323823,0.054782987,0.0,1.6369884,2.038102,0.4455745,0.16998926,0.0,0.59323823,0.16998926,0.8725286,0.4455745,1.0,0.5194064,lookahead,beam_orig0_bm1-s0to100br3-s100to200br0-s200to300br1
/work/T-REX/external/Proteina-Complexa/inference/search_binder_local_pipeline_32_PDL1_ALPHA_REPACK_v7_r003_cand_v7r003_hyp_0003_01_002_a2b1ae63664a8/job_0_n_229_id_41_beam_orig1_bm2-s0to100br1-s100to200br1-s200to300br1/job_0_n_229_id_41_beam_orig1_bm2-s0to100br1-s100to200br1-s200to300br1.pdb,165,"2,0,13,16,19,16,19,14,11,3,10,18,19,19,6,18,7,15,2,12,16,9,6,4,11,13,14,19,6,11,5,10,3,10,0,0,10,9,19,18,17,6,12,6,3,11,2,9,9,5,13,19,8,7,6,6,3,10,11,19,5,8,15,15,18,1,5,1,0,1,10,10,11,3,5,10,15,10,7,2,0,0,10,5,9,16,3,19,11,10,5,3,0,7,19,18,1,4,12,9,15,18,7,7,0,3,18,11,1,9,16,19,11,19,2,0,0,13,16,19,16,19,14,11,3,10,18,19,19,6,18,7,15,2,12,16,9,6,4,11,13,14,19,6,11,5,10,3,10,0,0,10,9,19,18,17,6,12,6,3,11,2,9,9,5,13,19,8,7,6,6,3,10,11,19,5,8,15,15,18,1,5,1,0,1,10,10,11,3,5,10,15,10,7,2,0,0,10,5,9,16,3,19,11,10,5,3,0,7,19,18,1,4,12,9,15,18,7,7,0,3,18,11,1,9,16,19,11,19,0,0,0,0",-0.516105,0.28813225,3.0,0.050210092,59.10919,0.05303389,1.0,0.05303389,0.30565456,0.012687579,0.0,0.0,0.050210092,0.0017707454,0.8620826,0.30565456,4.8808084,1.2686046,59.10919,-0.516105,3.824975,196.3803,0.012471445,0.047386296,1.0,196.3803,0.26972115,0.13791738,4.8808084,0.0017707454,0.012903712,0.28813225,0.0,1.2686046,3.824975,0.012471445,0.516105,0.0,0.012903712,0.516105,0.59234643,0.047386296,1.0,0.012687579,lookahead,beam_orig1_bm2-s0to100br1-s100to200br1-s200to300br1
/work/T-REX/external/Proteina-Complexa/inference/search_binder_local_pipeline_32_PDL1_ALPHA_REPACK_v7_r003_cand_v7r003_hyp_0003_01_002_a2b1ae63664a8/job_0_n_233_id_41_beam_orig2_bm1-s0to100br2-s100to200br2-s200to300br1/job_0_n_233_id_41_beam_orig2_bm1-s0to100br2-s100to200br2-s200to300br1.pdb,166,"2,0,13,16,19,16,19,14,11,3,10,18,19,19,6,18,7,15,2,12,16,9,6,4,11,13,14,19,6,11,5,10,3,10,0,0,10,9,19,18,17,6,12,6,3,11,2,9,9,5,13,19,8,7,6,6,3,10,11,19,5,8,15,15,18,1,5,1,0,1,10,10,11,3,5,10,15,10,7,2,0,0,10,5,9,16,3,19,11,10,5,3,0,7,19,18,1,4,12,9,15,18,7,7,0,3,18,11,1,9,16,19,11,19,2,0,2,0,13,16,19,16,19,14,11,3,10,18,19,19,6,18,7,15,2,12,16,9,6,4,11,13,14,19,6,11,5,10,3,10,0,0,10,9,19,18,17,6,12,6,3,11,2,9,9,5,13,19,8,7,6,6,3,10,11,19,5,8,15,15,18,1,5,1,0,1,10,10,11,3,5,10,15,10,7,2,0,0,10,5,9,16,3,19,11,10,5,3,0,7,19,18,1,4,12,9,15,18,7,7,0,3,18,11,1,9,16,19,11,19,2,0,14",-0.5212003,0.28978565,3.0,0.049654946,60.950573,0.05297935,1.0,0.05297935,0.30930007,0.012849636,0.0,0.0,0.049654946,0.0028873016,0.8581879,0.30930007,4.164209,1.2912767,60.950573,-0.5212003,3.884138,202.0804,0.012461608,0.04633054,1.0,202.0804,0.2660668,0.1418121,4.164209,0.0028873016,0.013237664,0.28978565,0.0,1.2912767,3.884138,0.012461608,0.5212003,0.0,0.013237664,0.5212003,0.5891117,0.04633054,1.0,0.012849636,lookahead,beam_orig2_bm1-s0to100br2-s100to200br2-s200to300br1
/work/T-REX/external/Proteina-Complexa/inference/search_binder_local_pipeline_32_PDL1_ALPHA_REPACK_v7_r003_cand_v7r003_hyp_0003_01_002_a2b1ae63664a8/job_0_n_180_id_41_beam_orig3_bm2-s0to100br2-s100to200br3-s200to300br1/job_0_n_180_id_41_beam_orig3_bm2-s0to100br2-s100to200br3-s200to300br1.pdb,167,"2,0,13,16,19,16,19,14,11,3,10,18,19,19,6,18,7,15,2,12,16,9,6,4,11,13,14,19,6,11,5,10,3,10,0,0,10,9,19,18,17,6,12,6,3,11,2,9,9,5,13,19,8,7,6,6,3,10,11,19,5,8,15,15,18,1,5,1,0,1,10,10,11,3,5,10,15,10,7,2,0,0,10,5,9,16,3,19,11,10,5,3,0,7,19,18,1,4,12,9,15,18,7,7,0,3,18,11,1,9,16,19,11,19,2,0,15,3,6,3,10,6,10,0,10,11,1,6,5,6,0,11,6,6,6,11,11,7,2,18,0,6,0,0,11,11,18,6,6,0,0,11,9,18,12,11,9,7,2,13,2,6,0,7,11,10,10,3,11,0,11,6,12,1,6,11,0,3,11,11,0,0,0,0,0,0,0,0,0,0,0,0,0,0,0,0,0,0,0,0,0,0,0,0,0,0,0,0,0,0,0,0,0,0,0,0,0,0,0,0,0,0,0,0,0,0,0,0,0,0,0,0,0",-0.19386351,0.06459382,3.0,0.44373345,41.760365,0.5414994,1.0,0.5414994,0.15209901,0.44373345,0.0,0.0,0.44373345,0.01194024,0.932225,0.15209901,2.62697,1.3452301,41.760365,-0.19386351,2.146537,144.43225,0.34596753,0.34596753,1.0,144.43225,0.7584791,0.067774996,2.62697,0.01194024,0.5414994,0.06459382,0.0,1.3452301,2.146537,0.34596753,0.19386351,0.0,0.5414994,0.19386351,0.8453169,0.34596753,1.0,0.44373345,lookahead,beam_orig3_bm2-s0to100br2-s100to200br3-s200to300br1
/work/T-REX/external/Proteina-Complexa/inference/search_binder_local_pipeline_32_PDL1_ALPHA_REPACK_v7_r003_cand_v7r003_hyp_0003_01_002_a2b1ae63664a8/job_0_n_176_id_42_beam_orig0_bm1-s0to100br3-s100to200br0-s200to300br2/job_0_n_176_id_42_beam_orig0_bm1-s0to100br3-s100to200br0-s200to300br2.pdb,168,"2,0,13,16,19,16,19,14,11,3,10,18,19,19,6,18,7,15,2,12,16,9,6,4,11,13,14,19,6,11,5,10,3,10,0,0,10,9,19,18,17,6,12,6,3,11,2,9,9,5,13,19,8,7,6,6,3,10,11,19,5,8,15,15,18,1,5,1,0,1,10,10,11,3,5,10,15,10,7,2,0,0,10,5,9,16,3,19,11,10,5,3,0,7,19,18,1,4,12,9,15,18,7,7,0,3,18,11,1,9,16,19,11,19,2,0,10,15,10,10,16,6,1,6,11,5,16,10,11,10,0,0,8,0,10,7,19,11,19,19,15,10,19,2,3,14,5,11,13,6,6,6,10,1,11,11,16,7,15,3,6,13,1,2,6,19,10,6,9,4,5,11,0,11,3,6,0,0,0,0,0,0,0,0,0,0,0,0,0,0,0,0,0,0,0,0,0,0,0,0,0,0,0,0,0,0,0,0,0,0,0,0,0,0,0,0,0,0,0,0,0,0,0,0,0,0,0,0,0,0,0,0,0",-0.1621509,0.049920283,3.0,0.5819497,32.5427,0.66078144,1.0,0.66078144,0.1381897,0.5819497,0.0,0.0,0.5819497,0.0036759786,0.9029545,0.1381897,1.0623302,1.6059053,32.5427,-0.1621509,1.9371878,170.44975,0.5031179,0.5031179,1.0,170.44975,0.8215835,0.097045474,1.0623302,0.0036759786,0.66078144,0.049920283,0.0,1.6059053,1.9371878,0.5031179,0.1621509,0.0,0.66078144,0.1621509,0.88332355,0.5031179,1.0,0.5819497,lookahead,beam_orig0_bm1-s0to100br3-s100to200br0-s200to300br2
/work/T-REX/external/Proteina-Complexa/inference/search_binder_local_pipeline_32_PDL1_ALPHA_REPACK_v7_r003_cand_v7r003_hyp_0003_01_002_a2b1ae63664a8/job_0_n_229_id_42_beam_orig1_bm2-s0to100br1-s100to200br1-s200to300br2/job_0_n_229_id_42_beam_orig1_bm2-s0to100br1-s100to200br1-s200to300br2.pdb,169,"2,0,13,16,19,16,19,14,11,3,10,18,19,19,6,18,7,15,2,12,16,9,6,4,11,13,14,19,6,11,5,10,3,10,0,0,10,9,19,18,17,6,12,6,3,11,2,9,9,5,13,19,8,7,6,6,3,10,11,19,5,8,15,15,18,1,5,1,0,1,10,10,11,3,5,10,15,10,7,2,0,0,10,5,9,16,3,19,11,10,5,3,0,7,19,18,1,4,12,9,15,18,7,7,0,3,18,11,1,9,16,19,11,19,2,0,0,13,16,19,16,19,14,11,3,10,18,19,19,6,18,7,15,2,12,16,9,6,4,11,13,14,19,6,11,5,10,3,10,0,0,10,9,19,18,17,6,12,6,3,11,2,9,9,5,13,19,8,7,6,6,3,10,11,19,5,8,15,15,18,1,5,1,0,1,10,10,11,3,5,10,15,10,7,2,0,0,10,5,9,16,3,19,11,10,5,3,0,7,19,18,1,4,12,9,15,18,7,7,0,3,18,11,1,9,16,19,11,19,0,0,0,0",-0.514572,0.28773624,3.0,0.05084032,56.47258,0.053242516,1.0,0.053242516,0.3053926,0.012882084,0.0,0.0,0.05084032,0.0018075815,0.8608779,0.3053926,4.6471944,1.2772576,56.47258,-0.514572,3.8189778,199.67606,0.012482356,0.04843812,1.0,199.67606,0.27219054,0.13912214,4.6471944,0.0018075815,0.013281812,0.28773624,0.0,1.2772576,3.8189778,0.012482356,0.514572,0.0,0.013281812,0.514572,0.59325254,0.04843812,1.0,0.012882084,lookahead,beam_orig1_bm2-s0to100br1-s100to200br1-s200to300br2
/work/T-REX/external/Proteina-Complexa/inference/search_binder_local_pipeline_32_PDL1_ALPHA_REPACK_v7_r003_cand_v7r003_hyp_0003_01_002_a2b1ae63664a8/job_0_n_233_id_42_beam_orig2_bm1-s0to100br2-s100to200br2-s200to300br2/job_0_n_233_id_42_beam_orig2_bm1-s0to100br2-s100to200br2-s200to300br2.pdb,170,"2,0,13,16,19,16,19,14,11,3,10,18,19,19,6,18,7,15,2,12,16,9,6,4,11,13,14,19,6,11,5,10,3,10,0,0,10,9,19,18,17,6,12,6,3,11,2,9,9,5,13,19,8,7,6,6,3,10,11,19,5,8,15,15,18,1,5,1,0,1,10,10,11,3,5,10,15,10,7,2,0,0,10,5,9,16,3,19,11,10,5,3,0,7,19,18,1,4,12,9,15,18,7,7,0,3,18,11,1,9,16,19,11,19,2,0,2,0,13,16,19,16,19,14,11,3,10,18,19,19,6,18,7,15,2,12,16,9,6,4,11,13,14,19,6,11,5,10,3,10,0,0,10,9,19,18,17,6,12,6,3,11,2,9,9,5,13,19,8,7,6,6,3,10,11,19,5,8,15,15,18,1,5,1,0,1,10,10,11,3,5,10,15,10,7,2,0,0,10,5,9,16,3,19,11,10,5,3,0,7,19,18,1,4,12,9,15,18,7,7,0,3,18,11,1,9,16,19,11,19,2,0,14",-0.53230053,0.30355954,3.0,0.043712683,57.11135,0.047611102,1.0,0.047611102,0.31517774,0.012234568,0.0,0.0,0.043712683,0.0028910795,0.85793704,0.31517774,3.6850457,1.3026001,57.11135,-0.53230053,3.915819,200.49039,0.011863038,0.039814267,1.0,200.49039,0.25978577,0.14206296,3.6850457,0.0028910795,0.012606097,0.30355954,0.0,1.3026001,3.915819,0.011863038,0.53230053,0.0,0.012606097,0.53230053,0.58582735,0.039814267,1.0,0.012234568,lookahead,beam_orig2_bm1-s0to100br2-s100to200br2-s200to300br2
/work/T-REX/external/Proteina-Complexa/inference/search_binder_local_pipeline_32_PDL1_ALPHA_REPACK_v7_r003_cand_v7r003_hyp_0003_01_002_a2b1ae63664a8/job_0_n_180_id_42_beam_orig3_bm2-s0to100br2-s100to200br3-s200to300br2/job_0_n_180_id_42_beam_orig3_bm2-s0to100br2-s100to200br3-s200to300br2.pdb,171,"2,0,13,16,19,16,19,14,11,3,10,18,19,19,6,18,7,15,2,12,16,9,6,4,11,13,14,19,6,11,5,10,3,10,0,0,10,9,19,18,17,6,12,6,3,11,2,9,9,5,13,19,8,7,6,6,3,10,11,19,5,8,15,15,18,1,5,1,0,1,10,10,11,3,5,10,15,10,7,2,0,0,10,5,9,16,3,19,11,10,5,3,0,7,19,18,1,4,12,9,15,18,7,7,0,3,18,11,1,9,16,19,11,19,2,0,15,6,6,2,10,2,10,0,10,5,1,6,11,6,0,11,6,6,6,0,0,7,2,18,0,6,0,0,11,11,18,6,6,0,0,11,9,18,12,6,9,7,2,18,3,6,0,7,11,5,10,3,11,0,11,6,12,1,6,11,0,2,6,0,0,0,0,0,0,0,0,0,0,0,0,0,0,0,0,0,0,0,0,0,0,0,0,0,0,0,0,0,0,0,0,0,0,0,0,0,0,0,0,0,0,0,0,0,0,0,0,0,0,0,0,0,0",-0.19105181,0.06094927,3.0,0.4659408,41.533775,0.5793649,1.0,0.5793649,0.15002096,0.4659408,0.0,0.0,0.4659408,0.009313947,0.9339392,0.15002096,2.259602,1.289715,41.533775,-0.19105181,2.1083467,138.43614,0.3525167,0.3525167,1.0,138.43614,0.76858807,0.06606077,2.259602,0.009313947,0.5793649,0.06094927,0.0,1.289715,2.1083467,0.3525167,0.19105181,0.0,0.5793649,0.19105181,0.8500998,0.3525167,1.0,0.4659408,lookahead,beam_orig3_bm2-s0to100br2-s100to200br3-s200to300br2
/work/T-REX/external/Proteina-Complexa/inference/search_binder_local_pipeline_32_PDL1_ALPHA_REPACK_v7_r003_cand_v7r003_hyp_0003_01_002_a2b1ae63664a8/job_0_n_176_id_43_beam_orig0_bm1-s0to100br3-s100to200br0-s200to300br3/job_0_n_176_id_43_beam_orig0_bm1-s0to100br3-s100to200br0-s200to300br3.pdb,172,"2,0,13,16,19,16,19,14,11,3,10,18,19,19,6,18,7,15,2,12,16,9,6,4,11,13,14,19,6,11,5,10,3,10,0,0,10,9,19,18,17,6,12,6,3,11,2,9,9,5,13,19,8,7,6,6,3,10,11,19,5,8,15,15,18,1,5,1,0,1,10,10,11,3,5,10,15,10,7,2,0,0,10,5,9,16,3,19,11,10,5,3,0,7,19,18,1,4,12,9,15,18,7,7,0,3,18,11,1,9,16,19,11,19,2,0,10,15,11,10,16,6,1,6,11,19,0,10,6,10,0,0,8,0,10,7,19,11,19,19,15,10,19,2,3,14,6,11,13,6,0,10,10,1,6,11,16,7,15,6,3,13,1,2,6,19,10,6,9,4,11,1,0,11,0,6,0,0,0,0,0,0,0,0,0,0,0,0,0,0,0,0,0,0,0,0,0,0,0,0,0,0,0,0,0,0,0,0,0,0,0,0,0,0,0,0,0,0,0,0,0,0,0,0,0,0,0,0,0,0,0,0,0",-0.1818133,0.070542194,3.0,0.44318956,26.147552,0.50084215,1.0,0.50084215,0.14784244,0.44318956,0.0,0.0,0.44318956,0.0023290694,0.90051866,0.14784244,0.7679837,1.626779,26.147552,-0.1818133,2.1260076,158.20323,0.38553697,0.38553697,1.0,158.20323,0.7685015,0.09948134,0.7679837,0.0023290694,0.50084215,0.070542194,0.0,1.626779,2.1260076,0.38553697,0.1818133,0.0,0.50084215,0.1818133,0.86022073,0.38553697,1.0,0.44318956,lookahead,beam_orig0_bm1-s0to100br3-s100to200br0-s200to300br3
/work/T-REX/external/Proteina-Complexa/inference/search_binder_local_pipeline_32_PDL1_ALPHA_REPACK_v7_r003_cand_v7r003_hyp_0003_01_002_a2b1ae63664a8/job_0_n_229_id_43_beam_orig1_bm2-s0to100br1-s100to200br1-s200to300br3/job_0_n_229_id_43_beam_orig1_bm2-s0to100br1-s100to200br1-s200to300br3.pdb,173,"2,0,13,16,19,16,19,14,11,3,10,18,19,19,6,18,7,15,2,12,16,9,6,4,11,13,14,19,6,11,5,10,3,10,0,0,10,9,19,18,17,6,12,6,3,11,2,9,9,5,13,19,8,7,6,6,3,10,11,19,5,8,15,15,18,1,5,1,0,1,10,10,11,3,5,10,15,10,7,2,0,0,10,5,9,16,3,19,11,10,5,3,0,7,19,18,1,4,12,9,15,18,7,7,0,3,18,11,1,9,16,19,11,19,2,0,0,13,16,19,16,19,14,11,3,10,18,19,19,6,18,7,15,2,12,16,9,6,4,11,13,14,19,6,11,5,10,3,10,0,0,10,9,19,18,17,6,12,6,3,11,2,9,9,5,13,19,8,7,6,6,3,10,11,19,5,8,15,15,18,1,5,1,0,1,10,10,11,3,5,10,15,10,7,2,0,0,10,5,9,16,3,19,11,10,5,3,0,7,19,18,1,4,12,9,15,18,7,7,0,3,18,11,1,9,16,19,11,19,0,0,0,0",-0.51638824,0.28939426,3.0,0.050074264,61.274586,0.052992392,1.0,0.052992392,0.30628887,0.012760072,0.0,0.0,0.050074264,0.0017997527,0.86114067,0.30628887,4.991617,1.2757481,61.274586,-0.51638824,3.8252952,202.85364,0.012391968,0.04715614,1.0,202.85364,0.2708143,0.13885935,4.991617,0.0017997527,0.013128176,0.28939426,0.0,1.2757481,3.8252952,0.012391968,0.51638824,0.0,0.013128176,0.51638824,0.5928268,0.04715614,1.0,0.012760072,lookahead,beam_orig1_bm2-s0to100br1-s100to200br1-s200to300br3
/work/T-REX/external/Proteina-Complexa/inference/search_binder_local_pipeline_32_PDL1_ALPHA_REPACK_v7_r003_cand_v7r003_hyp_0003_01_002_a2b1ae63664a8/job_0_n_233_id_43_beam_orig2_bm1-s0to100br2-s100to200br2-s200to300br3/job_0_n_233_id_43_beam_orig2_bm1-s0to100br2-s100to200br2-s200to300br3.pdb,174,"2,0,13,16,19,16,19,14,11,3,10,18,19,19,6,18,7,15,2,12,16,9,6,4,11,13,14,19,6,11,5,10,3,10,0,0,10,9,19,18,17,6,12,6,3,11,2,9,9,5,13,19,8,7,6,6,3,10,11,19,5,8,15,15,18,1,5,1,0,1,10,10,11,3,5,10,15,10,7,2,0,0,10,5,9,16,3,19,11,10,5,3,0,7,19,18,1,4,12,9,15,18,7,7,0,3,18,11,1,9,16,19,11,19,2,0,2,0,13,16,19,16,19,14,11,3,10,18,19,19,6,18,7,15,2,12,16,9,6,4,11,13,14,19,6,11,5,10,3,10,0,0,10,9,19,18,17,6,12,6,3,11,2,9,9,5,13,19,8,7,6,6,3,10,11,19,5,8,15,15,18,1,5,1,0,1,10,10,11,3,5,10,15,10,7,2,0,0,10,5,9,16,3,19,11,10,5,3,0,7,19,18,1,4,12,9,15,18,7,7,0,3,18,11,1,9,16,19,11,19,2,0,14",-0.5251518,0.29584068,3.0,0.04817695,59.91319,0.051055897,1.0,0.051055897,0.31082422,0.012441207,0.0,0.0,0.04817695,0.0028356335,0.85916483,0.31082422,4.159584,1.2867092,59.91319,-0.5251518,3.8954432,197.78888,0.012143186,0.045298003,1.0,197.78888,0.26384425,0.14083515,4.159584,0.0028356335,0.012739226,0.29584068,0.0,1.2867092,3.8954432,0.012143186,0.5251518,0.0,0.012739226,0.5251518,0.58828205,0.045298003,1.0,0.012441207,lookahead,beam_orig2_bm1-s0to100br2-s100to200br2-s200to300br3
/work/T-REX/external/Proteina-Complexa/inference/search_binder_local_pipeline_32_PDL1_ALPHA_REPACK_v7_r003_cand_v7r003_hyp_0003_01_002_a2b1ae63664a8/job_0_n_180_id_43_beam_orig3_bm2-s0to100br2-s100to200br3-s200to300br3/job_0_n_180_id_43_beam_orig3_bm2-s0to100br2-s100to200br3-s200to300br3.pdb,175,"2,0,13,16,19,16,19,14,11,3,10,18,19,19,6,18,7,15,2,12,16,9,6,4,11,13,14,19,6,11,5,10,3,10,0,0,10,9,19,18,17,6,12,6,3,11,2,9,9,5,13,19,8,7,6,6,3,10,11,19,5,8,15,15,18,1,5,1,0,1,10,10,11,3,5,10,15,10,7,2,0,0,10,5,9,16,3,19,11,10,5,3,0,7,19,18,1,4,12,9,15,18,7,7,0,3,18,11,1,9,16,19,11,19,2,0,15,6,6,2,10,11,10,0,10,6,1,19,11,6,0,11,6,6,6,11,0,7,2,18,0,6,0,0,11,11,18,6,6,0,0,11,10,18,12,6,9,7,2,18,3,6,0,7,11,10,10,3,11,0,6,6,12,1,6,11,0,11,11,11,0,0,0,0,0,0,0,0,0,0,0,0,0,0,0,0,0,0,0,0,0,0,0,0,0,0,0,0,0,0,0,0,0,0,0,0,0,0,0,0,0,0,0,0,0,0,0,0,0,0,0,0,0",-0.18244278,0.056628894,3.0,0.48391354,44.83695,0.5824928,1.0,0.5824928,0.14452204,0.48391354,0.0,0.0,0.48391354,0.0057590613,0.93437934,0.14452204,2.739787,1.3370484,44.83695,-0.18244278,2.0214334,139.18385,0.38533422,0.38533422,1.0,139.18385,0.7808773,0.06562063,2.739787,0.0057590613,0.5824928,0.056628894,0.0,1.3370484,2.0214334,0.38533422,0.18244278,0.0,0.5824928,0.18244278,0.8572923,0.38533422,1.0,0.48391354,lookahead,beam_orig3_bm2-s0to100br2-s100to200br3-s200to300br3
/work/T-REX/external/Proteina-Complexa/inference/search_binder_local_pipeline_32_PDL1_ALPHA_REPACK_v7_r003_cand_v7r003_hyp_0003_01_002_a2b1ae63664a8/job_0_n_176_id_44_beam_orig0_bm1-s0to100br1-s100to200br0-s200to300br0/job_0_n_176_id_44_beam_orig0_bm1-s0to100br1-s100to200br0-s200to300br0.pdb,176,"2,0,13,16,19,16,19,14,11,3,10,18,19,19,6,18,7,15,2,12,16,9,6,4,11,13,14,19,6,11,5,10,3,10,0,0,10,9,19,18,17,6,12,6,3,11,2,9,9,5,13,19,8,7,6,6,3,10,11,19,5,8,15,15,18,1,5,1,0,1,10,10,11,3,5,10,15,10,7,2,0,0,10,5,9,16,3,19,11,10,5,3,0,7,19,18,1,4,12,9,15,18,7,7,0,3,18,11,1,9,16,19,11,19,2,0,15,3,9,6,1,9,2,11,12,16,0,6,3,10,16,11,19,2,7,19,7,14,19,10,0,5,11,9,19,3,8,1,2,6,11,14,13,6,15,19,3,6,10,16,11,19,3,7,19,10,14,15,0,19,13,6,10,10,11,0,0,0,0,0,0,0,0,0,0,0,0,0,0,0,0,0,0,0,0,0,0,0,0,0,0,0,0,0,0,0,0,0,0,0,0,0,0,0,0,0,0,0,0,0,0,0,0,0,0,0,0,0,0,0,0,0,0",-0.2725378,0.12935816,3.0,0.20396328,76.43968,0.24524488,1.0,0.24524488,0.2065673,0.20220788,0.0,0.0,0.20396328,0.0028823696,0.8784127,0.2065673,3.747552,1.691651,76.43968,-0.2725378,2.7827663,181.71573,0.16268167,0.16268167,1.0,181.71573,0.5744437,0.121587254,3.747552,0.0028823696,0.24173409,0.12935816,0.0,1.691651,2.7827663,0.16268167,0.2725378,0.0,0.24173409,0.2725378,0.78426796,0.16268167,1.0,0.20220788,lookahead,beam_orig0_bm1-s0to100br1-s100to200br0-s200to300br0
/work/T-REX/external/Proteina-Complexa/inference/search_binder_local_pipeline_32_PDL1_ALPHA_REPACK_v7_r003_cand_v7r003_hyp_0003_01_002_a2b1ae63664a8/job_0_n_229_id_44_beam_orig1_bm2-s0to100br1-s100to200br2-s200to300br0/job_0_n_229_id_44_beam_orig1_bm2-s0to100br1-s100to200br2-s200to300br0.pdb,177,"2,0,13,16,19,16,19,14,11,3,10,18,19,19,6,18,7,15,2,12,16,9,6,4,11,13,14,19,6,11,5,10,3,10,0,0,10,9,19,18,17,6,12,6,3,11,2,9,9,5,13,19,8,7,6,6,3,10,11,19,5,8,15,15,18,1,5,1,0,1,10,10,11,3,5,10,15,10,7,2,0,0,10,5,9,16,3,19,11,10,5,3,0,7,19,18,1,4,12,9,15,18,7,7,0,3,18,11,1,9,16,19,11,19,2,0,0,13,16,19,16,19,14,11,3,10,18,19,19,6,18,7,15,2,12,16,9,6,4,11,13,14,19,6,11,5,10,3,10,0,0,10,9,19,18,17,6,12,6,3,11,2,9,9,5,13,19,8,7,6,6,3,10,11,19,5,8,15,15,18,1,5,1,0,1,10,10,11,3,5,10,15,10,7,2,0,0,10,5,9,16,3,19,11,10,5,3,0,7,19,18,1,4,12,9,15,18,7,7,0,3,18,11,1,9,16,19,11,19,0,0,0,0",-0.5227266,0.2932285,3.0,0.047897816,56.30983,0.049880944,1.0,0.049880944,0.30969787,0.012365868,0.0,0.0,0.047897816,0.001801525,0.8607365,0.30969787,4.826328,1.2797357,56.30983,-0.5227266,3.842199,201.33076,0.012036039,0.045914687,1.0,201.33076,0.2660069,0.13926351,4.826328,0.001801525,0.012695697,0.2932285,0.0,1.2797357,3.842199,0.012036039,0.5227266,0.0,0.012695697,0.5227266,0.5901687,0.045914687,1.0,0.012365868,lookahead,beam_orig1_bm2-s0to100br1-s100to200br2-s200to300br0
/work/T-REX/external/Proteina-Complexa/inference/search_binder_local_pipeline_32_PDL1_ALPHA_REPACK_v7_r003_cand_v7r003_hyp_0003_01_002_a2b1ae63664a8/job_0_n_233_id_44_beam_orig2_bm2-s0to100br1-s100to200br3-s200to300br0/job_0_n_233_id_44_beam_orig2_bm2-s0to100br1-s100to200br3-s200to300br0.pdb,178,"2,0,13,16,19,16,19,14,11,3,10,18,19,19,6,18,7,15,2,12,16,9,6,4,11,13,14,19,6,11,5,10,3,10,0,0,10,9,19,18,17,6,12,6,3,11,2,9,9,5,13,19,8,7,6,6,3,10,11,19,5,8,15,15,18,1,5,1,0,1,10,10,11,3,5,10,15,10,7,2,0,0,10,5,9,16,3,19,11,10,5,3,0,7,19,18,1,4,12,9,15,18,7,7,0,3,18,11,1,9,16,19,11,19,2,0,0,13,16,19,16,19,14,11,3,10,18,19,19,6,18,7,15,2,12,16,9,6,4,11,13,14,19,6,11,5,10,3,10,0,0,10,9,19,18,17,6,12,6,3,11,2,9,9,5,13,19,8,7,6,6,3,10,11,19,5,8,15,15,18,1,5,1,0,1,10,10,11,3,5,10,15,10,7,2,0,0,10,5,9,16,3,19,11,10,5,3,0,7,19,18,1,4,12,9,15,18,7,7,0,3,18,11,1,9,16,19,11,19,2,0,0,0",-0.52573687,0.29089597,3.0,0.04848121,58.728577,0.050264966,1.0,0.050264966,0.3133076,0.012477711,0.0,0.0,0.04848121,0.002861154,0.857651,0.3133076,4.785461,1.2885064,58.728577,-0.52573687,3.9070172,198.42116,0.012309539,0.046697453,1.0,198.42116,0.2667503,0.14234899,4.785461,0.002861154,0.012645882,0.29089597,0.0,1.2885064,3.9070172,0.012309539,0.52573687,0.0,0.012645882,0.52573687,0.5895225,0.046697453,1.0,0.012477711,lookahead,beam_orig2_bm2-s0to100br1-s100to200br3-s200to300br0
/work/T-REX/external/Proteina-Complexa/inference/search_binder_local_pipeline_32_PDL1_ALPHA_REPACK_v7_r003_cand_v7r003_hyp_0003_01_002_a2b1ae63664a8/job_0_n_180_id_44_beam_orig3_bm2-s0to100br3-s100to200br1-s200to300br0/job_0_n_180_id_44_beam_orig3_bm2-s0to100br3-s100to200br1-s200to300br0.pdb,179,"2,0,13,16,19,16,19,14,11,3,10,18,19,19,6,18,7,15,2,12,16,9,6,4,11,13,14,19,6,11,5,10,3,10,0,0,10,9,19,18,17,6,12,6,3,11,2,9,9,5,13,19,8,7,6,6,3,10,11,19,5,8,15,15,18,1,5,1,0,1,10,10,11,3,5,10,15,10,7,2,0,0,10,5,9,16,3,19,11,10,5,3,0,7,19,18,1,4,12,9,15,18,7,7,0,3,18,11,1,9,16,19,11,19,2,0,12,16,10,18,6,0,16,11,10,18,4,6,7,11,3,6,13,2,11,7,2,18,15,7,0,19,19,11,18,6,6,0,9,6,9,12,6,11,10,6,5,16,14,19,2,5,11,0,10,6,5,18,11,0,3,10,6,6,0,11,6,11,10,15,0,0,0,0,0,0,0,0,0,0,0,0,0,0,0,0,0,0,0,0,0,0,0,0,0,0,0,0,0,0,0,0,0,0,0,0,0,0,0,0,0,0,0,0,0,0,0,0,0,0,0,0,0",-0.30347702,0.13693088,3.0,0.18597525,44.896835,0.24034898,1.0,0.24034898,0.22380169,0.18273327,0.0,0.0,0.18597525,0.0020482019,0.86681175,0.22380169,2.4171586,1.5380859,44.896835,-0.30347702,2.8187404,173.18845,0.1288942,0.13160154,1.0,173.18845,0.52703094,0.13318822,2.4171586,0.0020482019,0.23657236,0.13693088,0.0,1.5380859,2.8187404,0.1288942,0.30347702,0.0,0.23657236,0.30347702,0.75317025,0.13160154,1.0,0.18273327,lookahead,beam_orig3_bm2-s0to100br3-s100to200br1-s200to300br0
/work/T-REX/external/Proteina-Complexa/inference/search_binder_local_pipeline_32_PDL1_ALPHA_REPACK_v7_r003_cand_v7r003_hyp_0003_01_002_a2b1ae63664a8/job_0_n_176_id_45_beam_orig0_bm1-s0to100br1-s100to200br0-s200to300br1/job_0_n_176_id_45_beam_orig0_bm1-s0to100br1-s100to200br0-s200to300br1.pdb,180,"2,0,13,16,19,16,19,14,11,3,10,18,19,19,6,18,7,15,2,12,16,9,6,4,11,13,14,19,6,11,5,10,3,10,0,0,10,9,19,18,17,6,12,6,3,11,2,9,9,5,13,19,8,7,6,6,3,10,11,19,5,8,15,15,18,1,5,1,0,1,10,10,11,3,5,10,15,10,7,2,0,0,10,5,9,16,3,19,11,10,5,3,0,7,19,18,1,4,12,9,15,18,7,7,0,3,18,11,1,9,16,19,11,19,2,0,15,3,9,3,1,9,2,11,12,16,11,6,3,10,16,11,19,6,7,19,7,14,19,10,0,5,11,9,19,3,8,1,2,6,11,14,13,6,15,19,3,6,10,16,11,19,3,7,19,10,14,15,0,19,13,6,10,10,11,0,0,0,0,0,0,0,0,0,0,0,0,0,0,0,0,0,0,0,0,0,0,0,0,0,0,0,0,0,0,0,0,0,0,0,0,0,0,0,0,0,0,0,0,0,0,0,0,0,0,0,0,0,0,0,0,0,0",-0.2780143,0.13592798,3.0,0.19554193,84.36049,0.23595731,1.0,0.23595731,0.21012262,0.19252074,0.0,0.0,0.19554193,0.0028247726,0.87694395,0.21012262,3.6988447,1.6841464,84.36049,-0.2780143,2.804312,190.54308,0.15512656,0.15512656,1.0,190.54308,0.5623037,0.123056084,3.6988447,0.0028247726,0.22991493,0.13592798,0.0,1.6841464,2.804312,0.15512656,0.2780143,0.0,0.22991493,0.2780143,0.7789609,0.15512656,1.0,0.19252074,lookahead,beam_orig0_bm1-s0to100br1-s100to200br0-s200to300br1
/work/T-REX/external/Proteina-Complexa/inference/search_binder_local_pipeline_32_PDL1_ALPHA_REPACK_v7_r003_cand_v7r003_hyp_0003_01_002_a2b1ae63664a8/job_0_n_229_id_45_beam_orig1_bm2-s0to100br1-s100to200br2-s200to300br1/job_0_n_229_id_45_beam_orig1_bm2-s0to100br1-s100to200br2-s200to300br1.pdb,181,"2,0,13,16,19,16,19,14,11,3,10,18,19,19,6,18,7,15,2,12,16,9,6,4,11,13,14,19,6,11,5,10,3,10,0,0,10,9,19,18,17,6,12,6,3,11,2,9,9,5,13,19,8,7,6,6,3,10,11,19,5,8,15,15,18,1,5,1,0,1,10,10,11,3,5,10,15,10,7,2,0,0,10,5,9,16,3,19,11,10,5,3,0,7,19,18,1,4,12,9,15,18,7,7,0,3,18,11,1,9,16,19,11,19,2,0,0,13,16,19,16,19,14,11,3,10,18,19,19,6,18,7,15,2,12,16,9,6,4,11,13,14,19,6,11,5,10,3,10,0,0,10,9,19,18,17,6,12,6,3,11,2,9,9,5,13,19,8,7,6,6,3,10,11,19,5,8,15,15,18,1,5,1,0,1,10,10,11,3,5,10,15,10,7,2,0,0,10,5,9,16,3,19,11,10,5,3,0,7,19,18,1,4,12,9,15,18,7,7,0,3,18,11,1,9,16,19,11,19,0,0,0,0",-0.51759535,0.29032603,3.0,0.049199834,56.172405,0.05156623,1.0,0.05156623,0.30651084,0.012685455,0.0,0.0,0.049199834,0.0017478439,0.8616886,0.30651084,4.9695773,1.2718892,56.172405,-0.51759535,3.8297431,200.1806,0.012330985,0.04683344,1.0,200.1806,0.2691468,0.13831139,4.9695773,0.0017478439,0.013039927,0.29032603,0.0,1.2718892,3.8297431,0.012330985,0.51759535,0.0,0.013039927,0.51759535,0.5921346,0.04683344,1.0,0.012685455,lookahead,beam_orig1_bm2-s0to100br1-s100to200br2-s200to300br1
/work/T-REX/external/Proteina-Complexa/inference/search_binder_local_pipeline_32_PDL1_ALPHA_REPACK_v7_r003_cand_v7r003_hyp_0003_01_002_a2b1ae63664a8/job_0_n_233_id_45_beam_orig2_bm2-s0to100br1-s100to200br3-s200to300br1/job_0_n_233_id_45_beam_orig2_bm2-s0to100br1-s100to200br3-s200to300br1.pdb,182,"2,0,13,16,19,16,19,14,11,3,10,18,19,19,6,18,7,15,2,12,16,9,6,4,11,13,14,19,6,11,5,10,3,10,0,0,10,9,19,18,17,6,12,6,3,11,2,9,9,5,13,19,8,7,6,6,3,10,11,19,5,8,15,15,18,1,5,1,0,1,10,10,11,3,5,10,15,10,7,2,0,0,10,5,9,16,3,19,11,10,5,3,0,7,19,18,1,4,12,9,15,18,7,7,0,3,18,11,1,9,16,19,11,19,2,0,0,13,16,19,16,19,14,11,3,10,18,19,19,6,18,7,15,2,12,16,9,6,4,11,13,14,19,6,11,5,10,3,10,0,0,10,9,19,18,17,6,12,6,3,11,2,9,9,5,13,19,8,7,6,6,3,10,11,19,5,8,15,15,18,1,5,1,0,1,10,10,11,3,5,10,15,10,7,2,0,0,10,5,9,16,3,19,11,10,5,3,0,7,19,18,1,4,12,9,15,18,7,7,0,3,18,11,1,9,16,19,11,19,2,0,2,0",-0.51508063,0.2843607,3.0,0.05264061,58.15092,0.054642692,1.0,0.054642692,0.30797875,0.013008537,0.0,0.0,0.05264061,0.0059565254,0.85921,0.30797875,4.8784375,1.2808421,58.15092,-0.51508063,3.8828304,195.17325,0.012725792,0.050638527,1.0,195.17325,0.27407545,0.14078999,4.8784375,0.0059565254,0.013291283,0.2843607,0.0,1.2808421,3.8828304,0.012725792,0.51508063,0.0,0.013291283,0.51508063,0.59346217,0.050638527,1.0,0.013008537,lookahead,beam_orig2_bm2-s0to100br1-s100to200br3-s200to300br1
/work/T-REX/external/Proteina-Complexa/inference/search_binder_local_pipeline_32_PDL1_ALPHA_REPACK_v7_r003_cand_v7r003_hyp_0003_01_002_a2b1ae63664a8/job_0_n_180_id_45_beam_orig3_bm2-s0to100br3-s100to200br1-s200to300br1/job_0_n_180_id_45_beam_orig3_bm2-s0to100br3-s100to200br1-s200to300br1.pdb,183,"2,0,13,16,19,16,19,14,11,3,10,18,19,19,6,18,7,15,2,12,16,9,6,4,11,13,14,19,6,11,5,10,3,10,0,0,10,9,19,18,17,6,12,6,3,11,2,9,9,5,13,19,8,7,6,6,3,10,11,19,5,8,15,15,18,1,5,1,0,1,10,10,11,3,5,10,15,10,7,2,0,0,10,5,9,16,3,19,11,10,5,3,0,7,19,18,1,4,12,9,15,18,7,7,0,3,18,11,1,9,16,19,11,19,2,0,12,16,10,13,6,0,16,11,10,18,4,6,7,11,3,6,18,2,11,7,2,18,6,7,0,19,11,11,18,6,6,0,9,6,9,10,5,11,10,6,5,16,3,18,2,19,11,0,10,6,5,18,11,0,3,10,6,6,0,11,10,11,10,6,0,0,0,0,0,0,0,0,0,0,0,0,0,0,0,0,0,0,0,0,0,0,0,0,0,0,0,0,0,0,0,0,0,0,0,0,0,0,0,0,0,0,0,0,0,0,0,0,0,0,0,0,0",-0.18061619,0.067453556,3.0,0.46355832,37.010666,0.55381316,1.0,0.55381316,0.14311302,0.46355832,0.0,0.0,0.46355832,0.0019229772,0.923772,0.14311302,1.6552414,1.4584391,37.010666,-0.18061619,2.1970437,153.87283,0.37330347,0.37330347,1.0,153.87283,0.75702256,0.07622799,1.6552414,0.0019229772,0.55381316,0.067453556,0.0,1.4584391,2.1970437,0.37330347,0.18061619,0.0,0.55381316,0.18061619,0.8450343,0.37330347,1.0,0.46355832,lookahead,beam_orig3_bm2-s0to100br3-s100to200br1-s200to300br1
/work/T-REX/external/Proteina-Complexa/inference/search_binder_local_pipeline_32_PDL1_ALPHA_REPACK_v7_r003_cand_v7r003_hyp_0003_01_002_a2b1ae63664a8/job_0_n_176_id_46_beam_orig0_bm1-s0to100br1-s100to200br0-s200to300br2/job_0_n_176_id_46_beam_orig0_bm1-s0to100br1-s100to200br0-s200to300br2.pdb,184,"2,0,13,16,19,16,19,14,11,3,10,18,19,19,6,18,7,15,2,12,16,9,6,4,11,13,14,19,6,11,5,10,3,10,0,0,10,9,19,18,17,6,12,6,3,11,2,9,9,5,13,19,8,7,6,6,3,10,11,19,5,8,15,15,18,1,5,1,0,1,10,10,11,3,5,10,15,10,7,2,0,0,10,5,9,16,3,19,11,10,5,3,0,7,19,18,1,4,12,9,15,18,7,7,0,3,18,11,1,9,16,19,11,19,2,0,15,3,9,6,1,9,2,11,12,16,0,6,3,10,16,11,19,8,7,19,7,14,19,10,0,5,11,9,19,3,8,1,2,6,11,14,13,6,15,19,3,6,10,15,11,19,3,7,19,10,14,15,0,19,13,6,10,10,11,0,0,0,0,0,0,0,0,0,0,0,0,0,0,0,0,0,0,0,0,0,0,0,0,0,0,0,0,0,0,0,0,0,0,0,0,0,0,0,0,0,0,0,0,0,0,0,0,0,0,0,0,0,0,0,0,0,0",-0.24224438,0.1108932,3.0,0.25504002,88.29171,0.29644027,1.0,0.29644027,0.18576132,0.25504002,0.0,0.0,0.25504002,0.0028826625,0.8932721,0.18576132,3.7895448,1.6579998,88.29171,-0.24224438,2.6210034,183.55463,0.21363975,0.21363975,1.0,183.55463,0.6310468,0.10672792,3.7895448,0.0028826625,0.29644027,0.1108932,0.0,1.6579998,2.6210034,0.21363975,0.24224438,0.0,0.29644027,0.24224438,0.80635273,0.21363975,1.0,0.25504002,lookahead,beam_orig0_bm1-s0to100br1-s100to200br0-s200to300br2
/work/T-REX/external/Proteina-Complexa/inference/search_binder_local_pipeline_32_PDL1_ALPHA_REPACK_v7_r003_cand_v7r003_hyp_0003_01_002_a2b1ae63664a8/job_0_n_229_id_46_beam_orig1_bm2-s0to100br1-s100to200br2-s200to300br2/job_0_n_229_id_46_beam_orig1_bm2-s0to100br1-s100to200br2-s200to300br2.pdb,185,"2,0,13,16,19,16,19,14,11,3,10,18,19,19,6,18,7,15,2,12,16,9,6,4,11,13,14,19,6,11,5,10,3,10,0,0,10,9,19,18,17,6,12,6,3,11,2,9,9,5,13,19,8,7,6,6,3,10,11,19,5,8,15,15,18,1,5,1,0,1,10,10,11,3,5,10,15,10,7,2,0,0,10,5,9,16,3,19,11,10,5,3,0,7,19,18,1,4,12,9,15,18,7,7,0,3,18,11,1,9,16,19,11,19,2,0,0,13,16,19,16,19,14,11,3,10,18,19,19,6,18,7,15,2,12,16,9,6,4,11,13,14,19,6,11,5,10,3,10,0,0,10,9,19,18,17,6,12,6,3,11,2,9,9,5,13,19,8,7,6,6,3,10,11,19,5,8,15,15,18,1,5,1,0,1,10,10,11,3,5,10,15,10,7,2,0,0,10,5,9,16,3,19,11,10,5,3,0,7,19,18,1,4,12,9,15,18,7,7,0,3,18,11,1,9,16,19,11,19,0,0,0,0",-0.5187218,0.29099765,3.0,0.049572278,54.556778,0.052298743,1.0,0.052298743,0.30752346,0.012621669,0.0,0.0,0.049572278,0.0018113999,0.8609367,0.30752346,4.4327345,1.2770908,54.556778,-0.5187218,3.8303146,199.20929,0.0122432895,0.046845812,1.0,199.20929,0.26972306,0.13906328,4.4327345,0.0018113999,0.01300005,0.29099765,0.0,1.2770908,3.8303146,0.0122432895,0.5187218,0.0,0.01300005,0.5187218,0.59209204,0.046845812,1.0,0.012621669,lookahead,beam_orig1_bm2-s0to100br1-s100to200br2-s200to300br2
/work/T-REX/external/Proteina-Complexa/inference/search_binder_local_pipeline_32_PDL1_ALPHA_REPACK_v7_r003_cand_v7r003_hyp_0003_01_002_a2b1ae63664a8/job_0_n_233_id_46_beam_orig2_bm2-s0to100br1-s100to200br3-s200to300br2/job_0_n_233_id_46_beam_orig2_bm2-s0to100br1-s100to200br3-s200to300br2.pdb,186,"2,0,13,16,19,16,19,14,11,3,10,18,19,19,6,18,7,15,2,12,16,9,6,4,11,13,14,19,6,11,5,10,3,10,0,0,10,9,19,18,17,6,12,6,3,11,2,9,9,5,13,19,8,7,6,6,3,10,11,19,5,8,15,15,18,1,5,1,0,1,10,10,11,3,5,10,15,10,7,2,0,0,10,5,9,16,3,19,11,10,5,3,0,7,19,18,1,4,12,9,15,18,7,7,0,3,18,11,1,9,16,19,11,19,2,0,0,13,16,19,16,19,14,11,3,10,18,19,19,6,18,7,15,2,12,16,9,6,4,11,13,14,19,6,11,5,10,3,10,0,0,10,9,19,18,17,6,12,6,3,11,2,9,9,5,13,19,8,7,6,6,3,10,11,19,5,8,15,15,18,1,5,1,0,1,10,10,11,3,5,10,15,10,7,2,0,0,10,5,9,16,3,19,11,10,5,3,0,7,19,18,1,4,12,9,15,18,7,7,0,3,18,11,1,9,16,19,11,19,2,0,0,15",-0.5227193,0.2899499,3.0,0.049853023,60.576843,0.05221147,1.0,0.05221147,0.31152034,0.012738261,0.0,0.0,0.049853023,0.0042515364,0.85666054,0.31152034,5.0743513,1.2880589,60.576843,-0.5227193,3.905899,198.9464,0.012449054,0.047494575,1.0,198.9464,0.26651144,0.14333947,5.0743513,0.0042515364,0.01302747,0.2899499,0.0,1.2880589,3.905899,0.012449054,0.5227193,0.0,0.01302747,0.5227193,0.58951473,0.047494575,1.0,0.012738261,lookahead,beam_orig2_bm2-s0to100br1-s100to200br3-s200to300br2
/work/T-REX/external/Proteina-Complexa/inference/search_binder_local_pipeline_32_PDL1_ALPHA_REPACK_v7_r003_cand_v7r003_hyp_0003_01_002_a2b1ae63664a8/job_0_n_180_id_46_beam_orig3_bm2-s0to100br3-s100to200br1-s200to300br2/job_0_n_180_id_46_beam_orig3_bm2-s0to100br3-s100to200br1-s200to300br2.pdb,187,"2,0,13,16,19,16,19,14,11,3,10,18,19,19,6,18,7,15,2,12,16,9,6,4,11,13,14,19,6,11,5,10,3,10,0,0,10,9,19,18,17,6,12,6,3,11,2,9,9,5,13,19,8,7,6,6,3,10,11,19,5,8,15,15,18,1,5,1,0,1,10,10,11,3,5,10,15,10,7,2,0,0,10,5,9,16,3,19,11,10,5,3,0,7,19,18,1,4,12,9,15,18,7,7,0,3,18,11,1,9,16,19,11,19,2,0,7,16,10,18,6,0,16,11,10,18,10,6,7,11,3,6,13,2,11,7,2,18,15,7,0,19,15,11,18,5,5,0,9,3,9,10,6,11,10,6,5,16,14,5,2,10,0,10,10,6,5,0,11,0,3,10,6,6,0,11,6,11,10,11,0,0,0,0,0,0,0,0,0,0,0,0,0,0,0,0,0,0,0,0,0,0,0,0,0,0,0,0,0,0,0,0,0,0,0,0,0,0,0,0,0,0,0,0,0,0,0,0,0,0,0,0,0",-0.30188707,0.14313944,3.0,0.18051982,52.453484,0.22936387,1.0,0.22936387,0.21949933,0.17304836,0.0,0.0,0.18051982,0.0010642819,0.88492364,0.21949933,3.5559149,1.3573204,52.453484,-0.30188707,2.9005158,176.02444,0.12211189,0.13167578,1.0,176.02444,0.5023881,0.11507634,3.5559149,0.0010642819,0.22398484,0.14313944,0.0,1.3573204,2.9005158,0.12211189,0.30188707,0.0,0.22398484,0.30188707,0.74516857,0.13167578,1.0,0.17304836,lookahead,beam_orig3_bm2-s0to100br3-s100to200br1-s200to300br2
/work/T-REX/external/Proteina-Complexa/inference/search_binder_local_pipeline_32_PDL1_ALPHA_REPACK_v7_r003_cand_v7r003_hyp_0003_01_002_a2b1ae63664a8/job_0_n_176_id_47_beam_orig0_bm1-s0to100br1-s100to200br0-s200to300br3/job_0_n_176_id_47_beam_orig0_bm1-s0to100br1-s100to200br0-s200to300br3.pdb,188,"2,0,13,16,19,16,19,14,11,3,10,18,19,19,6,18,7,15,2,12,16,9,6,4,11,13,14,19,6,11,5,10,3,10,0,0,10,9,19,18,17,6,12,6,3,11,2,9,9,5,13,19,8,7,6,6,3,10,11,19,5,8,15,15,18,1,5,1,0,1,10,10,11,3,5,10,15,10,7,2,0,0,10,5,9,16,3,19,11,10,5,3,0,7,19,18,1,4,12,9,15,18,7,7,0,3,18,11,1,9,16,19,11,19,2,0,15,3,9,3,1,9,2,1,12,16,0,6,3,10,16,11,19,5,7,9,7,14,19,10,0,5,11,9,19,3,8,1,2,6,11,14,13,6,15,19,3,6,10,16,11,19,3,7,19,16,14,15,0,19,13,6,10,10,11,0,0,0,0,0,0,0,0,0,0,0,0,0,0,0,0,0,0,0,0,0,0,0,0,0,0,0,0,0,0,0,0,0,0,0,0,0,0,0,0,0,0,0,0,0,0,0,0,0,0,0,0,0,0,0,0,0,0",-0.28465334,0.13449854,3.0,0.18412,78.83322,0.2236881,1.0,0.2236881,0.21309714,0.17818561,0.0,0.0,0.18412,0.0022033534,0.8807979,0.21309714,3.426441,1.6274064,78.83322,-0.28465334,2.8180783,178.47375,0.14123791,0.14455189,1.0,178.47375,0.5525135,0.11920206,3.426441,0.0022033534,0.21513332,0.13449854,0.0,1.6274064,2.8180783,0.14123791,0.28465334,0.0,0.21513332,0.28465334,0.7767759,0.14455189,1.0,0.17818561,lookahead,beam_orig0_bm1-s0to100br1-s100to200br0-s200to300br3
/work/T-REX/external/Proteina-Complexa/inference/search_binder_local_pipeline_32_PDL1_ALPHA_REPACK_v7_r003_cand_v7r003_hyp_0003_01_002_a2b1ae63664a8/job_0_n_229_id_47_beam_orig1_bm2-s0to100br1-s100to200br2-s200to300br3/job_0_n_229_id_47_beam_orig1_bm2-s0to100br1-s100to200br2-s200to300br3.pdb,189,"2,0,13,16,19,16,19,14,11,3,10,18,19,19,6,18,7,15,2,12,16,9,6,4,11,13,14,19,6,11,5,10,3,10,0,0,10,9,19,18,17,6,12,6,3,11,2,9,9,5,13,19,8,7,6,6,3,10,11,19,5,8,15,15,18,1,5,1,0,1,10,10,11,3,5,10,15,10,7,2,0,0,10,5,9,16,3,19,11,10,5,3,0,7,19,18,1,4,12,9,15,18,7,7,0,3,18,11,1,9,16,19,11,19,2,0,0,13,16,19,16,19,14,11,3,10,18,19,19,6,18,7,15,2,12,16,9,6,4,11,13,14,19,6,11,5,10,3,10,0,0,10,9,19,18,17,6,12,6,3,11,2,9,9,5,13,19,8,7,6,6,3,10,11,19,5,8,15,15,18,1,5,1,0,1,10,10,11,3,5,10,15,10,7,2,0,0,10,5,9,16,3,19,11,10,5,3,0,7,19,18,1,4,12,9,15,18,7,7,0,3,18,11,1,9,16,19,11,19,0,0,0,0",-0.5233352,0.29212102,3.0,0.04697384,59.401447,0.049057186,1.0,0.049057186,0.30953455,0.012608976,0.0,0.0,0.04697384,0.0017818892,0.8612293,0.30953455,5.0077724,1.2726074,59.401447,-0.5233352,3.844157,201.36992,0.0124379145,0.04489049,1.0,201.36992,0.26361996,0.13877067,5.0077724,0.0017818892,0.012780038,0.29212102,0.0,1.2726074,3.844157,0.0124379145,0.5233352,0.0,0.012780038,0.5233352,0.58920026,0.04489049,1.0,0.012608976,lookahead,beam_orig1_bm2-s0to100br1-s100to200br2-s200to300br3
/work/T-REX/external/Proteina-Complexa/inference/search_binder_local_pipeline_32_PDL1_ALPHA_REPACK_v7_r003_cand_v7r003_hyp_0003_01_002_a2b1ae63664a8/job_0_n_233_id_47_beam_orig2_bm2-s0to100br1-s100to200br3-s200to300br3/job_0_n_233_id_47_beam_orig2_bm2-s0to100br1-s100to200br3-s200to300br3.pdb,190,"2,0,13,16,19,16,19,14,11,3,10,18,19,19,6,18,7,15,2,12,16,9,6,4,11,13,14,19,6,11,5,10,3,10,0,0,10,9,19,18,17,6,12,6,3,11,2,9,9,5,13,19,8,7,6,6,3,10,11,19,5,8,15,15,18,1,5,1,0,1,10,10,11,3,5,10,15,10,7,2,0,0,10,5,9,16,3,19,11,10,5,3,0,7,19,18,1,4,12,9,15,18,7,7,0,3,18,11,1,9,16,19,11,19,2,0,0,13,16,19,16,19,14,11,3,10,18,19,19,6,18,7,15,2,12,16,9,6,4,11,13,14,19,6,11,5,10,3,10,0,0,10,9,19,18,17,6,12,6,3,11,2,9,9,5,13,19,8,7,6,6,3,10,11,19,5,8,15,15,18,1,5,1,0,1,10,10,11,3,5,10,15,10,7,2,0,0,10,5,9,16,3,19,11,10,5,3,0,7,19,18,1,4,12,9,15,18,7,7,0,3,18,11,1,9,16,19,11,19,2,0,2,0",-0.5189224,0.2867322,3.0,0.05046578,58.84322,0.053227365,1.0,0.053227365,0.3103692,0.012885128,0.0,0.0,0.05046578,0.006198761,0.8579568,0.3103692,5.089356,1.288837,58.84322,-0.5189224,3.8974345,200.08064,0.012647992,0.047704197,1.0,200.08064,0.27041838,0.14204319,5.089356,0.006198761,0.013122264,0.2867322,0.0,1.288837,3.8974345,0.012647992,0.5189224,0.0,0.013122264,0.5189224,0.59090483,0.047704197,1.0,0.012885128,lookahead,beam_orig2_bm2-s0to100br1-s100to200br3-s200to300br3
/work/T-REX/external/Proteina-Complexa/inference/search_binder_local_pipeline_32_PDL1_ALPHA_REPACK_v7_r003_cand_v7r003_hyp_0003_01_002_a2b1ae63664a8/job_0_n_180_id_47_beam_orig3_bm2-s0to100br3-s100to200br1-s200to300br3/job_0_n_180_id_47_beam_orig3_bm2-s0to100br3-s100to200br1-s200to300br3.pdb,191,"2,0,13,16,19,16,19,14,11,3,10,18,19,19,6,18,7,15,2,12,16,9,6,4,11,13,14,19,6,11,5,10,3,10,0,0,10,9,19,18,17,6,12,6,3,11,2,9,9,5,13,19,8,7,6,6,3,10,11,19,5,8,15,15,18,1,5,1,0,1,10,10,11,3,5,10,15,10,7,2,0,0,10,5,9,16,3,19,11,10,5,3,0,7,19,18,1,4,12,9,15,18,7,7,0,3,18,11,1,9,16,19,11,19,2,0,7,16,10,18,6,0,16,11,10,18,4,6,7,11,3,6,13,2,11,7,2,18,3,6,0,19,11,11,18,5,11,0,9,3,9,12,6,11,10,6,5,16,14,0,2,5,11,10,10,6,5,18,11,0,3,10,6,6,0,11,6,11,10,11,0,0,0,0,0,0,0,0,0,0,0,0,0,0,0,0,0,0,0,0,0,0,0,0,0,0,0,0,0,0,0,0,0,0,0,0,0,0,0,0,0,0,0,0,0,0,0,0,0,0,0,0,0",-0.28008324,0.12150313,3.0,0.20539396,52.83913,0.26731884,1.0,0.26731884,0.20492029,0.20321491,0.0,0.0,0.20539396,0.0014507407,0.8862504,0.20492029,3.4723985,1.4260983,52.83913,-0.28008324,2.7670844,180.11684,0.14067084,0.14346907,1.0,180.11684,0.5294432,0.1137496,3.4723985,0.0014507407,0.265759,0.12150313,0.0,1.4260983,2.7670844,0.14067084,0.28008324,0.0,0.265759,0.28008324,0.75999194,0.14346907,1.0,0.20321491,lookahead,beam_orig3_bm2-s0to100br3-s100to200br1-s200to300br3
/work/T-REX/external/Proteina-Complexa/inference/search_binder_local_pipeline_32_PDL1_ALPHA_REPACK_v7_r003_cand_v7r003_hyp_0003_01_002_a2b1ae63664a8/job_0_n_176_id_48_beam_orig0_bm1-s0to100br3-s100to200br3-s200to300br3-s300to400br0/job_0_n_176_id_48_beam_orig0_bm1-s0to100br3-s100to200br3-s200to300br3-s300to400br0.pdb,192,"2,0,13,16,19,16,19,14,11,3,10,18,19,19,6,18,7,15,2,12,16,9,6,4,11,13,14,19,6,11,5,10,3,10,0,0,10,9,19,18,17,6,12,6,3,11,2,9,9,5,13,19,8,7,6,6,3,10,11,19,5,8,15,15,18,1,5,1,0,1,10,10,11,3,5,10,15,10,7,2,0,0,10,5,9,16,3,19,11,10,5,3,0,7,19,18,1,4,12,9,15,18,7,7,0,3,18,11,1,9,16,19,11,19,2,0,10,15,19,10,16,3,15,6,1,11,0,10,6,12,0,0,3,0,0,7,10,15,19,11,6,13,9,19,0,19,3,11,3,14,15,9,10,3,11,18,16,7,15,6,14,13,1,5,3,9,1,11,9,19,5,11,19,11,0,15,0,0,0,0,0,0,0,0,0,0,0,0,0,0,0,0,0,0,0,0,0,0,0,0,0,0,0,0,0,0,0,0,0,0,0,0,0,0,0,0,0,0,0,0,0,0,0,0,0,0,0,0,0,0,0,0,0",-0.15880613,0.05163643,3.0,0.5531367,34.605396,0.64664763,1.0,0.64664763,0.12985438,0.5531367,0.0,0.0,0.5531367,0.0013920278,0.9183689,0.12985438,0.6819501,1.533215,34.605396,-0.15880613,2.0099447,153.83868,0.4596258,0.4596258,1.0,153.83868,0.80033094,0.08163111,0.6819501,0.0013920278,0.64664763,0.05163643,0.0,1.533215,2.0099447,0.4596258,0.15880613,0.0,0.64664763,0.15880613,0.8723182,0.4596258,1.0,0.5531367,lookahead,beam_orig0_bm1-s0to100br3-s100to200br3-s200to300br3-s300to400br0
/work/T-REX/external/Proteina-Complexa/inference/search_binder_local_pipeline_32_PDL1_ALPHA_REPACK_v7_r003_cand_v7r003_hyp_0003_01_002_a2b1ae63664a8/job_0_n_229_id_48_beam_orig1_bm2-s0to100br1-s100to200br0-s200to300br2-s300to400br0/job_0_n_229_id_48_beam_orig1_bm2-s0to100br1-s100to200br0-s200to300br2-s300to400br0.pdb,193,"2,0,13,16,19,16,19,14,11,3,10,18,19,19,6,18,7,15,2,12,16,9,6,4,11,13,14,19,6,11,5,10,3,10,0,0,10,9,19,18,17,6,12,6,3,11,2,9,9,5,13,19,8,7,6,6,3,10,11,19,5,8,15,15,18,1,5,1,0,1,10,10,11,3,5,10,15,10,7,2,0,0,10,5,9,16,3,19,11,10,5,3,0,7,19,18,1,4,12,9,15,18,7,7,0,3,18,11,1,9,16,19,11,19,2,0,0,13,16,19,16,19,14,11,3,10,18,19,19,6,18,7,15,2,12,16,9,6,4,11,13,14,19,6,11,5,10,3,10,0,0,10,9,19,18,17,6,12,6,3,11,2,9,9,5,13,19,8,7,6,6,3,10,11,19,5,8,15,15,18,1,5,1,0,1,10,10,11,3,5,10,15,10,7,2,0,0,10,5,9,16,3,19,11,10,5,3,0,7,19,18,1,4,12,9,15,18,7,7,0,3,18,11,1,9,16,19,11,19,0,0,0,0",-0.5124496,0.2813956,3.0,0.050022453,70.49165,0.05133335,1.0,0.05133335,0.30411655,0.013453571,0.0,0.0,0.050022453,0.0017271126,0.860535,0.30411655,5.566045,1.2673649,70.49165,-0.5124496,3.801088,206.60008,0.013097454,0.048711553,1.0,206.60008,0.2665257,0.13946494,5.566045,0.0017271126,0.013809689,0.2813956,0.0,1.2673649,3.801088,0.013097454,0.5124496,0.0,0.013809689,0.5124496,0.59057206,0.048711553,1.0,0.013453571,lookahead,beam_orig1_bm2-s0to100br1-s100to200br0-s200to300br2-s300to400br0
/work/T-REX/external/Proteina-Complexa/inference/search_binder_local_pipeline_32_PDL1_ALPHA_REPACK_v7_r003_cand_v7r003_hyp_0003_01_002_a2b1ae63664a8/job_0_n_233_id_48_beam_orig2_bm0-s0to100br2-s100to200br0-s200to300br0-s300to400br0/job_0_n_233_id_48_beam_orig2_bm0-s0to100br2-s100to200br0-s200to300br0-s300to400br0.pdb,194,"2,0,13,16,19,16,19,14,11,3,10,18,19,19,6,18,7,15,2,12,16,9,6,4,11,13,14,19,6,11,5,10,3,10,0,0,10,9,19,18,17,6,12,6,3,11,2,9,9,5,13,19,8,7,6,6,3,10,11,19,5,8,15,15,18,1,5,1,0,1,10,10,11,3,5,10,15,10,7,2,0,0,10,5,9,16,3,19,11,10,5,3,0,7,19,18,1,4,12,9,15,18,7,7,0,3,18,11,1,9,16,19,11,19,2,0,0,13,16,19,16,19,14,11,3,10,18,19,19,6,18,7,15,2,12,16,9,6,4,11,13,14,19,6,11,5,10,3,10,0,0,10,9,19,18,17,6,12,6,3,11,2,9,9,5,13,19,8,7,6,6,3,10,11,19,5,8,15,15,18,1,5,1,0,1,10,10,11,3,5,10,15,10,7,2,0,0,10,5,9,16,3,19,11,10,5,3,0,7,19,18,1,4,12,9,15,18,7,7,0,3,18,11,1,9,16,19,11,19,2,0,14,0",-0.5202442,0.28591433,3.0,0.049922734,58.04362,0.052094832,1.0,0.052094832,0.30793747,0.012916418,0.0,0.0,0.049922734,0.0025465433,0.86157805,0.30793747,4.19956,1.2712119,58.04362,-0.5202442,3.898203,200.5608,0.012849058,0.047750633,1.0,200.5608,0.2664134,0.13842194,4.19956,0.0025465433,0.0129837785,0.28591433,0.0,1.2712119,3.898203,0.012849058,0.5202442,0.0,0.0129837785,0.5202442,0.5906257,0.047750633,1.0,0.012916418,lookahead,beam_orig2_bm0-s0to100br2-s100to200br0-s200to300br0-s300to400br0
/work/T-REX/external/Proteina-Complexa/inference/search_binder_local_pipeline_32_PDL1_ALPHA_REPACK_v7_r003_cand_v7r003_hyp_0003_01_002_a2b1ae63664a8/job_0_n_180_id_48_beam_orig3_bm2-s0to100br2-s100to200br0-s200to300br3-s300to400br0/job_0_n_180_id_48_beam_orig3_bm2-s0to100br2-s100to200br0-s200to300br3-s300to400br0.pdb,195,"2,0,13,16,19,16,19,14,11,3,10,18,19,19,6,18,7,15,2,12,16,9,6,4,11,13,14,19,6,11,5,10,3,10,0,0,10,9,19,18,17,6,12,6,3,11,2,9,9,5,13,19,8,7,6,6,3,10,11,19,5,8,15,15,18,1,5,1,0,1,10,10,11,3,5,10,15,10,7,2,0,0,10,5,9,16,3,19,11,10,5,3,0,7,19,18,1,4,12,9,15,18,7,7,0,3,18,11,1,9,16,19,11,19,2,0,15,2,13,10,8,2,10,0,10,10,1,6,6,6,0,11,10,18,6,15,10,7,2,10,6,6,0,19,11,11,18,11,6,0,0,11,9,18,12,6,10,7,2,18,3,6,0,7,11,10,10,3,11,0,11,11,10,6,6,11,10,6,2,11,0,0,0,0,0,0,0,0,0,0,0,0,0,0,0,0,0,0,0,0,0,0,0,0,0,0,0,0,0,0,0,0,0,0,0,0,0,0,0,0,0,0,0,0,0,0,0,0,0,0,0,0,0",-0.1573806,0.04424305,3.0,0.6112603,41.574284,0.704643,1.0,0.704643,0.13024253,0.6112603,0.0,0.0,0.6112603,0.007839411,0.94147146,0.13024253,2.4480498,1.3256662,41.574284,-0.1573806,1.8375293,138.76157,0.51787764,0.51787764,1.0,138.76157,0.823521,0.058528572,2.4480498,0.007839411,0.704643,0.04424305,0.0,1.3256662,1.8375293,0.51787764,0.1573806,0.0,0.704643,0.1573806,0.8792833,0.51787764,1.0,0.6112603,lookahead,beam_orig3_bm2-s0to100br2-s100to200br0-s200to300br3-s300to400br0
/work/T-REX/external/Proteina-Complexa/inference/search_binder_local_pipeline_32_PDL1_ALPHA_REPACK_v7_r003_cand_v7r003_hyp_0003_01_002_a2b1ae63664a8/job_0_n_176_id_49_beam_orig0_bm1-s0to100br3-s100to200br3-s200to300br3-s300to400br1/job_0_n_176_id_49_beam_orig0_bm1-s0to100br3-s100to200br3-s200to300br3-s300to400br1.pdb,196,"2,0,13,16,19,16,19,14,11,3,10,18,19,19,6,18,7,15,2,12,16,9,6,4,11,13,14,19,6,11,5,10,3,10,0,0,10,9,19,18,17,6,12,6,3,11,2,9,9,5,13,19,8,7,6,6,3,10,11,19,5,8,15,15,18,1,5,1,0,1,10,10,11,3,5,10,15,10,7,2,0,0,10,5,9,16,3,19,11,10,5,3,0,7,19,18,1,4,12,9,15,18,7,7,0,3,18,11,1,9,16,19,11,19,2,0,10,15,19,10,16,3,15,6,1,11,0,10,6,12,0,0,3,0,0,7,10,15,19,11,6,13,9,19,0,19,3,11,3,14,15,9,10,3,11,18,16,7,15,6,14,13,1,5,3,9,1,11,9,19,5,11,19,11,0,15,0,0,0,0,0,0,0,0,0,0,0,0,0,0,0,0,0,0,0,0,0,0,0,0,0,0,0,0,0,0,0,0,0,0,0,0,0,0,0,0,0,0,0,0,0,0,0,0,0,0,0,0,0,0,0,0,0",-0.15815999,0.05162474,3.0,0.55499476,35.79118,0.6475228,1.0,0.6475228,0.12928009,0.55499476,0.0,0.0,0.55499476,0.0014279127,0.9193971,0.12928009,0.7468298,1.5265816,35.79118,-0.15815999,2.0022712,157.40515,0.4624667,0.4624667,1.0,157.40515,0.80161,0.080602854,0.7468298,0.0014279127,0.6475228,0.05162474,0.0,1.5265816,2.0022712,0.4624667,0.15815999,0.0,0.6475228,0.15815999,0.872699,0.4624667,1.0,0.55499476,lookahead,beam_orig0_bm1-s0to100br3-s100to200br3-s200to300br3-s300to400br1
/work/T-REX/external/Proteina-Complexa/inference/search_binder_local_pipeline_32_PDL1_ALPHA_REPACK_v7_r003_cand_v7r003_hyp_0003_01_002_a2b1ae63664a8/job_0_n_229_id_49_beam_orig1_bm2-s0to100br1-s100to200br0-s200to300br2-s300to400br1/job_0_n_229_id_49_beam_orig1_bm2-s0to100br1-s100to200br0-s200to300br2-s300to400br1.pdb,197,"2,0,13,16,19,16,19,14,11,3,10,18,19,19,6,18,7,15,2,12,16,9,6,4,11,13,14,19,6,11,5,10,3,10,0,0,10,9,19,18,17,6,12,6,3,11,2,9,9,5,13,19,8,7,6,6,3,10,11,19,5,8,15,15,18,1,5,1,0,1,10,10,11,3,5,10,15,10,7,2,0,0,10,5,9,16,3,19,11,10,5,3,0,7,19,18,1,4,12,9,15,18,7,7,0,3,18,11,1,9,16,19,11,19,2,0,0,13,16,19,16,19,14,11,3,10,18,19,19,6,18,7,15,2,12,16,9,6,4,11,13,14,19,6,11,5,10,3,10,0,0,10,9,19,18,17,6,12,6,3,11,2,9,9,5,13,19,8,7,6,6,3,10,11,19,5,8,15,15,18,1,5,1,0,1,10,10,11,3,5,10,15,10,7,2,0,0,10,5,9,16,3,19,11,10,5,3,0,7,19,18,1,4,12,9,15,18,7,7,0,3,18,11,1,9,16,19,11,19,0,0,0,0",-0.5089712,0.278797,3.0,0.053037576,67.281,0.05607989,1.0,0.05607989,0.30220196,0.013179753,0.0,0.0,0.053037576,0.0017417136,0.86095417,0.30220196,5.4109426,1.2652422,67.281,-0.5089712,3.7933862,201.6482,0.013089994,0.049995266,1.0,201.6482,0.26988602,0.13904582,5.4109426,0.0017417136,0.013269512,0.278797,0.0,1.2652422,3.7933862,0.013089994,0.5089712,0.0,0.013269512,0.5089712,0.59224653,0.049995266,1.0,0.013179753,lookahead,beam_orig1_bm2-s0to100br1-s100to200br0-s200to300br2-s300to400br1
/work/T-REX/external/Proteina-Complexa/inference/search_binder_local_pipeline_32_PDL1_ALPHA_REPACK_v7_r003_cand_v7r003_hyp_0003_01_002_a2b1ae63664a8/job_0_n_233_id_49_beam_orig2_bm0-s0to100br2-s100to200br0-s200to300br0-s300to400br1/job_0_n_233_id_49_beam_orig2_bm0-s0to100br2-s100to200br0-s200to300br0-s300to400br1.pdb,198,"2,0,13,16,19,16,19,14,11,3,10,18,19,19,6,18,7,15,2,12,16,9,6,4,11,13,14,19,6,11,5,10,3,10,0,0,10,9,19,18,17,6,12,6,3,11,2,9,9,5,13,19,8,7,6,6,3,10,11,19,5,8,15,15,18,1,5,1,0,1,10,10,11,3,5,10,15,10,7,2,0,0,10,5,9,16,3,19,11,10,5,3,0,7,19,18,1,4,12,9,15,18,7,7,0,3,18,11,1,9,16,19,11,19,2,0,0,13,16,19,16,19,14,11,3,10,18,19,19,6,18,7,15,2,12,16,9,6,4,11,13,14,19,6,11,5,10,3,10,0,0,10,9,19,18,17,6,12,6,3,11,2,9,9,5,13,19,8,7,6,6,3,10,11,19,5,8,15,15,18,1,5,1,0,1,10,10,11,3,5,10,15,10,7,2,0,0,10,5,9,16,3,19,11,10,5,3,0,7,19,18,1,4,12,9,15,18,7,7,0,3,18,11,1,9,16,19,11,19,2,0,14,0",-0.53093135,0.2981232,3.0,0.044945303,52.799767,0.046501238,1.0,0.046501238,0.31344703,0.012374404,0.0,0.0,0.044945303,0.0026126588,0.86152834,0.31344703,3.9111938,1.2776603,52.799767,-0.53093135,3.929731,201.24054,0.011998714,0.04338937,1.0,201.24054,0.25984794,0.13847166,3.9111938,0.0026126588,0.012750094,0.2981232,0.0,1.2776603,3.929731,0.011998714,0.53093135,0.0,0.012750094,0.53093135,0.5873425,0.04338937,1.0,0.012374404,lookahead,beam_orig2_bm0-s0to100br2-s100to200br0-s200to300br0-s300to400br1
/work/T-REX/external/Proteina-Complexa/inference/search_binder_local_pipeline_32_PDL1_ALPHA_REPACK_v7_r003_cand_v7r003_hyp_0003_01_002_a2b1ae63664a8/job_0_n_180_id_49_beam_orig3_bm2-s0to100br2-s100to200br0-s200to300br3-s300to400br1/job_0_n_180_id_49_beam_orig3_bm2-s0to100br2-s100to200br0-s200to300br3-s300to400br1.pdb,199,"2,0,13,16,19,16,19,14,11,3,10,18,19,19,6,18,7,15,2,12,16,9,6,4,11,13,14,19,6,11,5,10,3,10,0,0,10,9,19,18,17,6,12,6,3,11,2,9,9,5,13,19,8,7,6,6,3,10,11,19,5,8,15,15,18,1,5,1,0,1,10,10,11,3,5,10,15,10,7,2,0,0,10,5,9,16,3,19,11,10,5,3,0,7,19,18,1,4,12,9,15,18,7,7,0,3,18,11,1,9,16,19,11,19,2,0,15,2,13,10,8,2,10,0,10,10,1,6,6,6,0,11,10,18,6,15,10,7,2,10,6,6,0,19,11,11,18,11,6,0,0,11,9,18,12,6,10,7,2,18,3,6,0,7,11,10,10,3,11,0,11,11,10,6,6,11,10,6,2,11,0,0,0,0,0,0,0,0,0,0,0,0,0,0,0,0,0,0,0,0,0,0,0,0,0,0,0,0,0,0,0,0,0,0,0,0,0,0,0,0,0,0,0,0,0,0,0,0,0,0,0,0,0",-0.15672399,0.044154126,3.0,0.61446476,41.937214,0.70605576,1.0,0.70605576,0.12983361,0.61446476,0.0,0.0,0.61446476,0.007903955,0.9416331,0.12983361,2.4764497,1.3245227,41.937214,-0.15672399,1.831826,137.82901,0.5228738,0.5228738,1.0,137.82901,0.8250124,0.058366917,2.4764497,0.007903955,0.70605576,0.044154126,0.0,1.3245227,1.831826,0.5228738,0.15672399,0.0,0.70605576,0.15672399,0.88021076,0.5228738,1.0,0.61446476,lookahead,beam_orig3_bm2-s0to100br2-s100to200br0-s200to300br3-s300to400br1
/work/T-REX/external/Proteina-Complexa/inference/search_binder_local_pipeline_32_PDL1_ALPHA_REPACK_v7_r003_cand_v7r003_hyp_0003_01_002_a2b1ae63664a8/job_0_n_176_id_50_beam_orig0_bm1-s0to100br3-s100to200br3-s200to300br3-s300to400br2/job_0_n_176_id_50_beam_orig0_bm1-s0to100br3-s100to200br3-s200to300br3-s300to400br2.pdb,200,"2,0,13,16,19,16,19,14,11,3,10,18,19,19,6,18,7,15,2,12,16,9,6,4,11,13,14,19,6,11,5,10,3,10,0,0,10,9,19,18,17,6,12,6,3,11,2,9,9,5,13,19,8,7,6,6,3,10,11,19,5,8,15,15,18,1,5,1,0,1,10,10,11,3,5,10,15,10,7,2,0,0,10,5,9,16,3,19,11,10,5,3,0,7,19,18,1,4,12,9,15,18,7,7,0,3,18,11,1,9,16,19,11,19,2,0,10,15,19,10,16,3,15,6,1,11,0,10,6,12,0,0,2,0,0,7,10,15,19,11,6,13,9,19,0,19,3,11,3,14,15,9,10,3,11,18,16,7,15,6,14,13,1,5,3,9,1,11,9,19,5,11,19,11,0,15,0,0,0,0,0,0,0,0,0,0,0,0,0,0,0,0,0,0,0,0,0,0,0,0,0,0,0,0,0,0,0,0,0,0,0,0,0,0,0,0,0,0,0,0,0,0,0,0,0,0,0,0,0,0,0,0,0",-0.14664087,0.043218687,3.0,0.6059445,37.63738,0.6878296,1.0,0.6878296,0.12109862,0.6059445,0.0,0.0,0.6059445,0.001377531,0.92684346,0.12109862,0.95740294,1.4928402,37.63738,-0.14664087,1.868394,155.10158,0.5240594,0.5240594,1.0,155.10158,0.8270363,0.07315651,0.95740294,0.001377531,0.6878296,0.043218687,0.0,1.4928402,1.868394,0.5240594,0.14664087,0.0,0.6878296,0.14664087,0.8834464,0.5240594,1.0,0.6059445,lookahead,beam_orig0_bm1-s0to100br3-s100to200br3-s200to300br3-s300to400br2
/work/T-REX/external/Proteina-Complexa/inference/search_binder_local_pipeline_32_PDL1_ALPHA_REPACK_v7_r003_cand_v7r003_hyp_0003_01_002_a2b1ae63664a8/job_0_n_229_id_50_beam_orig1_bm2-s0to100br1-s100to200br0-s200to300br2-s300to400br2/job_0_n_229_id_50_beam_orig1_bm2-s0to100br1-s100to200br0-s200to300br2-s300to400br2.pdb,201,"2,0,13,16,19,16,19,14,11,3,10,18,19,19,6,18,7,15,2,12,16,9,6,4,11,13,14,19,6,11,5,10,3,10,0,0,10,9,19,18,17,6,12,6,3,11,2,9,9,5,13,19,8,7,6,6,3,10,11,19,5,8,15,15,18,1,5,1,0,1,10,10,11,3,5,10,15,10,7,2,0,0,10,5,9,16,3,19,11,10,5,3,0,7,19,18,1,4,12,9,15,18,7,7,0,3,18,11,1,9,16,19,11,19,2,0,0,13,16,19,16,19,14,11,3,10,18,19,19,6,18,7,15,2,12,16,9,6,4,11,13,14,19,6,11,5,10,3,10,0,0,10,9,19,18,17,6,12,6,3,11,2,9,9,5,13,19,8,7,6,6,3,10,11,19,5,8,15,15,18,1,5,1,0,1,10,10,11,3,5,10,15,10,7,2,0,0,10,5,9,16,3,19,11,10,5,3,0,7,19,18,1,4,12,9,15,18,7,7,0,3,18,11,1,9,16,19,11,19,0,0,0,0",-0.51583725,0.2861085,3.0,0.050291624,62.857716,0.053123027,1.0,0.053123027,0.30588558,0.01276274,0.0,0.0,0.050291624,0.001794747,0.8606776,0.30588558,5.0771713,1.2724901,62.857716,-0.51583725,3.8219755,205.21951,0.012695807,0.04746022,1.0,205.21951,0.26850715,0.13932239,5.0771713,0.001794747,0.012829673,0.2861085,0.0,1.2724901,3.8219755,0.012695807,0.51583725,0.0,0.012829673,0.51583725,0.59149885,0.04746022,1.0,0.01276274,lookahead,beam_orig1_bm2-s0to100br1-s100to200br0-s200to300br2-s300to400br2
/work/T-REX/external/Proteina-Complexa/inference/search_binder_local_pipeline_32_PDL1_ALPHA_REPACK_v7_r003_cand_v7r003_hyp_0003_01_002_a2b1ae63664a8/job_0_n_233_id_50_beam_orig2_bm0-s0to100br2-s100to200br0-s200to300br0-s300to400br2/job_0_n_233_id_50_beam_orig2_bm0-s0to100br2-s100to200br0-s200to300br0-s300to400br2.pdb,202,"2,0,13,16,19,16,19,14,11,3,10,18,19,19,6,18,7,15,2,12,16,9,6,4,11,13,14,19,6,11,5,10,3,10,0,0,10,9,19,18,17,6,12,6,3,11,2,9,9,5,13,19,8,7,6,6,3,10,11,19,5,8,15,15,18,1,5,1,0,1,10,10,11,3,5,10,15,10,7,2,0,0,10,5,9,16,3,19,11,10,5,3,0,7,19,18,1,4,12,9,15,18,7,7,0,3,18,11,1,9,16,19,11,19,2,0,0,13,16,19,16,19,14,11,3,10,18,19,19,6,18,7,15,2,12,16,9,6,4,11,13,14,19,6,11,5,10,3,10,0,0,10,9,19,18,17,6,12,6,3,11,2,9,9,5,13,19,8,7,6,6,3,10,11,19,5,8,15,15,18,1,5,1,0,1,10,10,11,3,5,10,15,10,7,2,0,0,10,5,9,16,3,19,11,10,5,3,0,7,19,18,1,4,12,9,15,18,7,7,0,3,18,11,1,9,16,19,11,19,2,0,14,0",-0.5280575,0.29353982,3.0,0.04690382,53.608994,0.04879368,1.0,0.04879368,0.31214508,0.0125080645,0.0,0.0,0.04690382,0.0026117798,0.8612409,0.31214508,3.938884,1.2809982,53.608994,-0.5280575,3.9205241,200.51363,0.012268897,0.045013953,1.0,200.51363,0.26248872,0.13875906,3.938884,0.0026117798,0.012747231,0.29353982,0.0,1.2809982,3.9205241,0.012268897,0.5280575,0.0,0.012747231,0.5280575,0.5883899,0.045013953,1.0,0.0125080645,lookahead,beam_orig2_bm0-s0to100br2-s100to200br0-s200to300br0-s300to400br2
/work/T-REX/external/Proteina-Complexa/inference/search_binder_local_pipeline_32_PDL1_ALPHA_REPACK_v7_r003_cand_v7r003_hyp_0003_01_002_a2b1ae63664a8/job_0_n_180_id_50_beam_orig3_bm2-s0to100br2-s100to200br0-s200to300br3-s300to400br2/job_0_n_180_id_50_beam_orig3_bm2-s0to100br2-s100to200br0-s200to300br3-s300to400br2.pdb,203,"2,0,13,16,19,16,19,14,11,3,10,18,19,19,6,18,7,15,2,12,16,9,6,4,11,13,14,19,6,11,5,10,3,10,0,0,10,9,19,18,17,6,12,6,3,11,2,9,9,5,13,19,8,7,6,6,3,10,11,19,5,8,15,15,18,1,5,1,0,1,10,10,11,3,5,10,15,10,7,2,0,0,10,5,9,16,3,19,11,10,5,3,0,7,19,18,1,4,12,9,15,18,7,7,0,3,18,11,1,9,16,19,11,19,2,0,15,2,13,10,8,2,10,0,10,10,1,6,6,6,0,11,10,18,6,15,10,7,2,10,6,6,0,19,11,11,18,11,6,0,0,11,9,18,12,6,10,7,2,18,3,6,0,7,11,10,10,3,11,0,11,11,10,6,6,11,10,6,2,11,0,0,0,0,0,0,0,0,0,0,0,0,0,0,0,0,0,0,0,0,0,0,0,0,0,0,0,0,0,0,0,0,0,0,0,0,0,0,0,0,0,0,0,0,0,0,0,0,0,0,0,0,0",-0.15602382,0.04386148,3.0,0.618042,43.459843,0.7100011,1.0,0.7100011,0.12936716,0.618042,0.0,0.0,0.618042,0.007807133,0.9419123,0.12936716,2.468347,1.3236444,43.459843,-0.15602382,1.8269098,142.19333,0.5260828,0.5260828,1.0,142.19333,0.8258443,0.058087733,2.468347,0.007807133,0.7100011,0.04386148,0.0,1.3236444,1.8269098,0.5260828,0.15602382,0.0,0.7100011,0.15602382,0.88078225,0.5260828,1.0,0.618042,lookahead,beam_orig3_bm2-s0to100br2-s100to200br0-s200to300br3-s300to400br2
/work/T-REX/external/Proteina-Complexa/inference/search_binder_local_pipeline_32_PDL1_ALPHA_REPACK_v7_r003_cand_v7r003_hyp_0003_01_002_a2b1ae63664a8/job_0_n_176_id_51_beam_orig0_bm1-s0to100br3-s100to200br3-s200to300br3-s300to400br3/job_0_n_176_id_51_beam_orig0_bm1-s0to100br3-s100to200br3-s200to300br3-s300to400br3.pdb,204,"2,0,13,16,19,16,19,14,11,3,10,18,19,19,6,18,7,15,2,12,16,9,6,4,11,13,14,19,6,11,5,10,3,10,0,0,10,9,19,18,17,6,12,6,3,11,2,9,9,5,13,19,8,7,6,6,3,10,11,19,5,8,15,15,18,1,5,1,0,1,10,10,11,3,5,10,15,10,7,2,0,0,10,5,9,16,3,19,11,10,5,3,0,7,19,18,1,4,12,9,15,18,7,7,0,3,18,11,1,9,16,19,11,19,2,0,10,15,19,10,16,3,15,6,1,11,0,10,6,12,0,0,2,0,0,7,10,15,19,11,6,13,9,19,0,19,3,11,3,14,15,9,10,3,11,18,16,7,15,6,14,13,1,5,3,9,1,11,9,19,5,11,19,11,0,15,0,0,0,0,0,0,0,0,0,0,0,0,0,0,0,0,0,0,0,0,0,0,0,0,0,0,0,0,0,0,0,0,0,0,0,0,0,0,0,0,0,0,0,0,0,0,0,0,0,0,0,0,0,0,0,0,0",-0.14554341,0.042692054,3.0,0.6088338,38.655277,0.6905702,1.0,0.6905702,0.12009609,0.6088338,0.0,0.0,0.6088338,0.0013463041,0.92843515,0.12009609,1.0741843,1.4863482,38.655277,-0.14554341,1.8571682,158.11758,0.52709746,0.52709746,1.0,158.11758,0.8296555,0.07156484,1.0741843,0.0013463041,0.6905702,0.042692054,0.0,1.4863482,1.8571682,0.52709746,0.14554341,0.0,0.6905702,0.14554341,0.8837153,0.52709746,1.0,0.6088338,lookahead,beam_orig0_bm1-s0to100br3-s100to200br3-s200to300br3-s300to400br3
/work/T-REX/external/Proteina-Complexa/inference/search_binder_local_pipeline_32_PDL1_ALPHA_REPACK_v7_r003_cand_v7r003_hyp_0003_01_002_a2b1ae63664a8/job_0_n_229_id_51_beam_orig1_bm2-s0to100br1-s100to200br0-s200to300br2-s300to400br3/job_0_n_229_id_51_beam_orig1_bm2-s0to100br1-s100to200br0-s200to300br2-s300to400br3.pdb,205,"2,0,13,16,19,16,19,14,11,3,10,18,19,19,6,18,7,15,2,12,16,9,6,4,11,13,14,19,6,11,5,10,3,10,0,0,10,9,19,18,17,6,12,6,3,11,2,9,9,5,13,19,8,7,6,6,3,10,11,19,5,8,15,15,18,1,5,1,0,1,10,10,11,3,5,10,15,10,7,2,0,0,10,5,9,16,3,19,11,10,5,3,0,7,19,18,1,4,12,9,15,18,7,7,0,3,18,11,1,9,16,19,11,19,2,0,0,13,16,19,16,19,14,11,3,10,18,19,19,6,18,7,15,2,12,16,9,6,4,11,13,14,19,6,11,5,10,3,10,0,0,10,9,19,18,17,6,12,6,3,11,2,9,9,5,13,19,8,7,6,6,3,10,11,19,5,8,15,15,18,1,5,1,0,1,10,10,11,3,5,10,15,10,7,2,0,0,10,5,9,16,3,19,11,10,5,3,0,7,19,18,1,4,12,9,15,18,7,7,0,3,18,11,1,9,16,19,11,19,0,0,0,0",-0.51939243,0.28992134,3.0,0.048961215,57.445847,0.05144988,1.0,0.05144988,0.30761674,0.012646366,0.0,0.0,0.048961215,0.0018038206,0.8611069,0.30761674,4.8214927,1.2745013,57.445847,-0.51939243,3.833845,202.50722,0.012306619,0.04647255,1.0,202.50722,0.2668292,0.13889316,4.8214927,0.0018038206,0.012986111,0.28992134,0.0,1.2745013,3.833845,0.012306619,0.51939243,0.0,0.012986111,0.51939243,0.5908989,0.04647255,1.0,0.012646366,lookahead,beam_orig1_bm2-s0to100br1-s100to200br0-s200to300br2-s300to400br3
/work/T-REX/external/Proteina-Complexa/inference/search_binder_local_pipeline_32_PDL1_ALPHA_REPACK_v7_r003_cand_v7r003_hyp_0003_01_002_a2b1ae63664a8/job_0_n_233_id_51_beam_orig2_bm0-s0to100br2-s100to200br0-s200to300br0-s300to400br3/job_0_n_233_id_51_beam_orig2_bm0-s0to100br2-s100to200br0-s200to300br0-s300to400br3.pdb,206,"2,0,13,16,19,16,19,14,11,3,10,18,19,19,6,18,7,15,2,12,16,9,6,4,11,13,14,19,6,11,5,10,3,10,0,0,10,9,19,18,17,6,12,6,3,11,2,9,9,5,13,19,8,7,6,6,3,10,11,19,5,8,15,15,18,1,5,1,0,1,10,10,11,3,5,10,15,10,7,2,0,0,10,5,9,16,3,19,11,10,5,3,0,7,19,18,1,4,12,9,15,18,7,7,0,3,18,11,1,9,16,19,11,19,2,0,0,13,16,19,16,19,14,11,3,10,18,19,19,6,18,7,15,2,12,16,9,6,4,11,13,14,19,6,11,5,10,3,10,0,0,10,9,19,18,17,6,12,6,3,11,2,9,9,5,13,19,8,7,6,6,3,10,11,19,5,8,15,15,18,1,5,1,0,1,10,10,11,3,5,10,15,10,7,2,0,0,10,5,9,16,3,19,11,10,5,3,0,7,19,18,1,4,12,9,15,18,7,7,0,3,18,11,1,9,16,19,11,19,2,0,14,0",-0.5295856,0.29645208,3.0,0.046968415,54.891922,0.048670907,1.0,0.048670907,0.3128996,0.012413969,0.0,0.0,0.046968415,0.0025900584,0.8611115,0.3128996,4.0161347,1.2807544,54.891922,-0.5295856,3.928219,200.3489,0.01215087,0.04526592,1.0,200.3489,0.26056033,0.13888848,4.0161347,0.0025900584,0.01267707,0.29645208,0.0,1.2807544,3.928219,0.01215087,0.5295856,0.0,0.01267707,0.5295856,0.58730483,0.04526592,1.0,0.012413969,lookahead,beam_orig2_bm0-s0to100br2-s100to200br0-s200to300br0-s300to400br3
/work/T-REX/external/Proteina-Complexa/inference/search_binder_local_pipeline_32_PDL1_ALPHA_REPACK_v7_r003_cand_v7r003_hyp_0003_01_002_a2b1ae63664a8/job_0_n_180_id_51_beam_orig3_bm2-s0to100br2-s100to200br0-s200to300br3-s300to400br3/job_0_n_180_id_51_beam_orig3_bm2-s0to100br2-s100to200br0-s200to300br3-s300to400br3.pdb,207,"2,0,13,16,19,16,19,14,11,3,10,18,19,19,6,18,7,15,2,12,16,9,6,4,11,13,14,19,6,11,5,10,3,10,0,0,10,9,19,18,17,6,12,6,3,11,2,9,9,5,13,19,8,7,6,6,3,10,11,19,5,8,15,15,18,1,5,1,0,1,10,10,11,3,5,10,15,10,7,2,0,0,10,5,9,16,3,19,11,10,5,3,0,7,19,18,1,4,12,9,15,18,7,7,0,3,18,11,1,9,16,19,11,19,2,0,15,2,6,10,8,2,10,0,10,10,1,6,6,6,0,11,10,18,6,15,10,7,2,10,6,6,0,19,11,11,18,11,6,0,0,11,9,18,12,6,10,7,2,18,3,6,0,7,11,10,10,3,11,0,11,11,10,6,6,11,10,6,2,11,0,0,0,0,0,0,0,0,0,0,0,0,0,0,0,0,0,0,0,0,0,0,0,0,0,0,0,0,0,0,0,0,0,0,0,0,0,0,0,0,0,0,0,0,0,0,0,0,0,0,0,0,0",-0.15692157,0.043387618,3.0,0.619141,38.77539,0.7120806,1.0,0.7120806,0.13090856,0.619141,0.0,0.0,0.619141,0.012530065,0.94022524,0.13090856,2.3863668,1.3253555,38.77539,-0.15692157,1.8272295,134.3867,0.52620137,0.52620137,1.0,134.3867,0.82730865,0.059774745,2.3863668,0.012530065,0.7120806,0.043387618,0.0,1.3253555,1.8272295,0.52620137,0.15692157,0.0,0.7120806,0.15692157,0.8799185,0.52620137,1.0,0.619141,lookahead,beam_orig3_bm2-s0to100br2-s100to200br0-s200to300br3-s300to400br3
/work/T-REX/external/Proteina-Complexa/inference/search_binder_local_pipeline_32_PDL1_ALPHA_REPACK_v7_r003_cand_v7r003_hyp_0003_01_002_a2b1ae63664a8/job_0_n_176_id_52_beam_orig0_bm1-s0to100br3-s100to200br0-s200to300br0-s300to400br0/job_0_n_176_id_52_beam_orig0_bm1-s0to100br3-s100to200br0-s200to300br0-s300to400br0.pdb,208,"2,0,13,16,19,16,19,14,11,3,10,18,19,19,6,18,7,15,2,12,16,9,6,4,11,13,14,19,6,11,5,10,3,10,0,0,10,9,19,18,17,6,12,6,3,11,2,9,9,5,13,19,8,7,6,6,3,10,11,19,5,8,15,15,18,1,5,1,0,1,10,10,11,3,5,10,15,10,7,2,0,0,10,5,9,16,3,19,11,10,5,3,0,7,19,18,1,4,12,9,15,18,7,7,0,3,18,11,1,9,16,19,11,19,2,0,10,15,11,10,11,6,1,6,11,5,0,9,11,10,0,0,8,0,10,7,4,11,19,5,15,10,19,2,3,14,6,11,13,6,6,10,10,1,5,11,16,7,15,3,3,13,19,11,3,19,10,15,13,4,11,11,0,11,0,6,0,0,0,0,0,0,0,0,0,0,0,0,0,0,0,0,0,0,0,0,0,0,0,0,0,0,0,0,0,0,0,0,0,0,0,0,0,0,0,0,0,0,0,0,0,0,0,0,0,0,0,0,0,0,0,0,0",-0.16184431,0.051938802,3.0,0.55404836,32.09781,0.6369236,1.0,0.6369236,0.13503885,0.55404836,0.0,0.0,0.55404836,0.0024119776,0.9146353,0.13503885,0.8585722,1.509961,32.09781,-0.16184431,1.9707859,167.15521,0.4711731,0.4711731,1.0,167.15521,0.81287515,0.0853647,0.8585722,0.0024119776,0.6369236,0.051938802,0.0,1.509961,1.9707859,0.4711731,0.16184431,0.0,0.6369236,0.16184431,0.8782753,0.4711731,1.0,0.55404836,lookahead,beam_orig0_bm1-s0to100br3-s100to200br0-s200to300br0-s300to400br0
/work/T-REX/external/Proteina-Complexa/inference/search_binder_local_pipeline_32_PDL1_ALPHA_REPACK_v7_r003_cand_v7r003_hyp_0003_01_002_a2b1ae63664a8/job_0_n_229_id_52_beam_orig1_bm2-s0to100br1-s100to200br0-s200to300br0-s300to400br0/job_0_n_229_id_52_beam_orig1_bm2-s0to100br1-s100to200br0-s200to300br0-s300to400br0.pdb,209,"2,0,13,16,19,16,19,14,11,3,10,18,19,19,6,18,7,15,2,12,16,9,6,4,11,13,14,19,6,11,5,10,3,10,0,0,10,9,19,18,17,6,12,6,3,11,2,9,9,5,13,19,8,7,6,6,3,10,11,19,5,8,15,15,18,1,5,1,0,1,10,10,11,3,5,10,15,10,7,2,0,0,10,5,9,16,3,19,11,10,5,3,0,7,19,18,1,4,12,9,15,18,7,7,0,3,18,11,1,9,16,19,11,19,2,0,0,13,16,19,16,19,14,11,3,10,18,19,19,6,18,7,15,2,12,16,9,6,4,11,13,14,19,6,11,5,10,3,10,0,0,10,9,19,18,17,6,12,6,3,11,2,9,9,5,13,19,8,7,6,6,3,10,11,19,5,8,15,15,18,1,5,1,0,1,10,10,11,3,5,10,15,10,7,2,0,0,10,5,9,16,3,19,11,10,5,3,0,7,19,18,1,4,12,9,15,18,7,7,0,3,18,11,1,9,16,19,11,19,0,0,0,0",-0.51722544,0.2891421,3.0,0.04964036,60.864017,0.052837912,1.0,0.052837912,0.30671367,0.012946506,0.0,0.0,0.04964036,0.0017541362,0.86059487,0.30671367,5.2113247,1.2749763,60.864017,-0.51722544,3.8251057,198.27759,0.012368053,0.04644281,1.0,198.27759,0.26781207,0.13940513,5.2113247,0.0017541362,0.013524959,0.2891421,0.0,1.2749763,3.8251057,0.012368053,0.51722544,0.0,0.013524959,0.51722544,0.59125143,0.04644281,1.0,0.012946506,lookahead,beam_orig1_bm2-s0to100br1-s100to200br0-s200to300br0-s300to400br0
/work/T-REX/external/Proteina-Complexa/inference/search_binder_local_pipeline_32_PDL1_ALPHA_REPACK_v7_r003_cand_v7r003_hyp_0003_01_002_a2b1ae63664a8/job_0_n_233_id_52_beam_orig2_bm2-s0to100br1-s100to200br3-s200to300br1-s300to400br0/job_0_n_233_id_52_beam_orig2_bm2-s0to100br1-s100to200br3-s200to300br1-s300to400br0.pdb,210,"2,0,13,16,19,16,19,14,11,3,10,18,19,19,6,18,7,15,2,12,16,9,6,4,11,13,14,19,6,11,5,10,3,10,0,0,10,9,19,18,17,6,12,6,3,11,2,9,9,5,13,19,8,7,6,6,3,10,11,19,5,8,15,15,18,1,5,1,0,1,10,10,11,3,5,10,15,10,7,2,0,0,10,5,9,16,3,19,11,10,5,3,0,7,19,18,1,4,12,9,15,18,7,7,0,3,18,11,1,9,16,19,11,19,2,0,0,13,16,19,16,19,14,11,3,10,18,19,19,6,18,7,15,2,12,16,9,6,4,11,13,14,19,6,11,5,10,3,10,0,0,10,9,19,18,17,6,12,6,3,11,2,9,9,5,13,19,8,7,6,6,3,10,11,19,5,8,15,15,18,1,5,1,0,1,10,10,11,3,5,10,15,10,7,2,0,0,10,5,9,16,3,19,11,10,5,3,0,7,19,18,1,4,12,9,15,18,7,7,0,3,18,11,1,9,16,19,11,19,2,0,2,0",-0.51989067,0.28718615,3.0,0.050572455,58.509678,0.05286508,1.0,0.05286508,0.31043196,0.012714427,0.0,0.0,0.050572455,0.005824841,0.85880506,0.31043196,4.8261423,1.2825104,58.509678,-0.51989067,3.896219,195.61073,0.012515478,0.04827983,1.0,195.61073,0.27013743,0.14119495,4.8261423,0.005824841,0.012913375,0.28718615,0.0,1.2825104,3.896219,0.012515478,0.51989067,0.0,0.012913375,0.51989067,0.5907462,0.04827983,1.0,0.012714427,lookahead,beam_orig2_bm2-s0to100br1-s100to200br3-s200to300br1-s300to400br0
/work/T-REX/external/Proteina-Complexa/inference/search_binder_local_pipeline_32_PDL1_ALPHA_REPACK_v7_r003_cand_v7r003_hyp_0003_01_002_a2b1ae63664a8/job_0_n_180_id_52_beam_orig3_bm2-s0to100br2-s100to200br0-s200to300br1-s300to400br0/job_0_n_180_id_52_beam_orig3_bm2-s0to100br2-s100to200br0-s200to300br1-s300to400br0.pdb,211,"2,0,13,16,19,16,19,14,11,3,10,18,19,19,6,18,7,15,2,12,16,9,6,4,11,13,14,19,6,11,5,10,3,10,0,0,10,9,19,18,17,6,12,6,3,11,2,9,9,5,13,19,8,7,6,6,3,10,11,19,5,8,15,15,18,1,5,1,0,1,10,10,11,3,5,10,15,10,7,2,0,0,10,5,9,16,3,19,11,10,5,3,0,7,19,18,1,4,12,9,15,18,7,7,0,3,18,11,1,9,16,19,11,19,2,0,15,6,0,10,8,10,10,0,10,15,18,6,6,10,0,11,10,18,6,11,10,7,2,10,6,6,0,19,11,12,18,11,6,0,0,11,9,18,12,11,9,7,2,13,11,6,0,7,11,10,10,3,11,0,11,6,10,6,6,11,10,11,5,11,0,0,0,0,0,0,0,0,0,0,0,0,0,0,0,0,0,0,0,0,0,0,0,0,0,0,0,0,0,0,0,0,0,0,0,0,0,0,0,0,0,0,0,0,0,0,0,0,0,0,0,0,0",-0.1583615,0.04836654,3.0,0.58676773,45.219116,0.6767065,1.0,0.6767065,0.1289861,0.58676773,0.0,0.0,0.58676773,0.001773552,0.94391805,0.1289861,2.6304064,1.3014134,45.219116,-0.1583615,1.8839173,138.3909,0.49682894,0.49682894,1.0,138.3909,0.8154513,0.056081973,2.6304064,0.001773552,0.6767065,0.04836654,0.0,1.3014134,1.8839173,0.49682894,0.1583615,0.0,0.6767065,0.1583615,0.8735486,0.49682894,1.0,0.58676773,lookahead,beam_orig3_bm2-s0to100br2-s100to200br0-s200to300br1-s300to400br0
/work/T-REX/external/Proteina-Complexa/inference/search_binder_local_pipeline_32_PDL1_ALPHA_REPACK_v7_r003_cand_v7r003_hyp_0003_01_002_a2b1ae63664a8/job_0_n_176_id_53_beam_orig0_bm1-s0to100br3-s100to200br0-s200to300br0-s300to400br1/job_0_n_176_id_53_beam_orig0_bm1-s0to100br3-s100to200br0-s200to300br0-s300to400br1.pdb,212,"2,0,13,16,19,16,19,14,11,3,10,18,19,19,6,18,7,15,2,12,16,9,6,4,11,13,14,19,6,11,5,10,3,10,0,0,10,9,19,18,17,6,12,6,3,11,2,9,9,5,13,19,8,7,6,6,3,10,11,19,5,8,15,15,18,1,5,1,0,1,10,10,11,3,5,10,15,10,7,2,0,0,10,5,9,16,3,19,11,10,5,3,0,7,19,18,1,4,12,9,15,18,7,7,0,3,18,11,1,9,16,19,11,19,2,0,10,15,11,10,15,6,1,6,11,5,0,9,11,10,0,0,8,0,10,7,4,11,19,5,15,10,19,2,3,14,6,11,13,6,6,10,10,1,5,11,16,7,15,3,3,13,19,11,3,19,10,15,13,4,11,11,0,11,0,6,0,0,0,0,0,0,0,0,0,0,0,0,0,0,0,0,0,0,0,0,0,0,0,0,0,0,0,0,0,0,0,0,0,0,0,0,0,0,0,0,0,0,0,0,0,0,0,0,0,0,0,0,0,0,0,0,0",-0.15998295,0.048983227,3.0,0.5695465,30.966885,0.652821,1.0,0.652821,0.13383934,0.5695465,0.0,0.0,0.5695465,0.0024412575,0.915493,0.13383934,0.83571386,1.5099165,30.966885,-0.15998295,1.9607294,164.42856,0.486272,0.486272,1.0,164.42856,0.81764156,0.08450701,0.83571386,0.0024412575,0.652821,0.048983227,0.0,1.5099165,1.9607294,0.486272,0.15998295,0.0,0.652821,0.15998295,0.87989205,0.486272,1.0,0.5695465,lookahead,beam_orig0_bm1-s0to100br3-s100to200br0-s200to300br0-s300to400br1
/work/T-REX/external/Proteina-Complexa/inference/search_binder_local_pipeline_32_PDL1_ALPHA_REPACK_v7_r003_cand_v7r003_hyp_0003_01_002_a2b1ae63664a8/job_0_n_229_id_53_beam_orig1_bm2-s0to100br1-s100to200br0-s200to300br0-s300to400br1/job_0_n_229_id_53_beam_orig1_bm2-s0to100br1-s100to200br0-s200to300br0-s300to400br1.pdb,213,"2,0,13,16,19,16,19,14,11,3,10,18,19,19,6,18,7,15,2,12,16,9,6,4,11,13,14,19,6,11,5,10,3,10,0,0,10,9,19,18,17,6,12,6,3,11,2,9,9,5,13,19,8,7,6,6,3,10,11,19,5,8,15,15,18,1,5,1,0,1,10,10,11,3,5,10,15,10,7,2,0,0,10,5,9,16,3,19,11,10,5,3,0,7,19,18,1,4,12,9,15,18,7,7,0,3,18,11,1,9,16,19,11,19,2,0,0,13,16,19,16,19,14,11,3,10,18,19,19,6,18,7,15,2,12,16,9,6,4,11,13,14,19,6,11,5,10,3,10,0,0,10,9,19,18,17,6,12,6,3,11,2,9,9,5,13,19,8,7,6,6,3,10,11,19,5,8,15,15,18,1,5,1,0,1,10,10,11,3,5,10,15,10,7,2,0,0,10,5,9,16,3,19,11,10,5,3,0,7,19,18,1,4,12,9,15,18,7,7,0,3,18,11,1,9,16,19,11,19,0,0,0,0",-0.5131771,0.2876425,3.0,0.051582634,58.547077,0.05351738,1.0,0.05351738,0.3044328,0.012959806,0.0,0.0,0.051582634,0.0017403729,0.86157656,0.3044328,5.0221977,1.272957,58.547077,-0.5131771,3.81542,200.803,0.012616045,0.049647886,1.0,200.803,0.27255955,0.13842341,5.0221977,0.0017403729,0.013303567,0.2876425,0.0,1.272957,3.81542,0.012616045,0.5131771,0.0,0.013303567,0.5131771,0.59339786,0.049647886,1.0,0.012959806,lookahead,beam_orig1_bm2-s0to100br1-s100to200br0-s200to300br0-s300to400br1
/work/T-REX/external/Proteina-Complexa/inference/search_binder_local_pipeline_32_PDL1_ALPHA_REPACK_v7_r003_cand_v7r003_hyp_0003_01_002_a2b1ae63664a8/job_0_n_233_id_53_beam_orig2_bm2-s0to100br1-s100to200br3-s200to300br1-s300to400br1/job_0_n_233_id_53_beam_orig2_bm2-s0to100br1-s100to200br3-s200to300br1-s300to400br1.pdb,214,"2,0,13,16,19,16,19,14,11,3,10,18,19,19,6,18,7,15,2,12,16,9,6,4,11,13,14,19,6,11,5,10,3,10,0,0,10,9,19,18,17,6,12,6,3,11,2,9,9,5,13,19,8,7,6,6,3,10,11,19,5,8,15,15,18,1,5,1,0,1,10,10,11,3,5,10,15,10,7,2,0,0,10,5,9,16,3,19,11,10,5,3,0,7,19,18,1,4,12,9,15,18,7,7,0,3,18,11,1,9,16,19,11,19,2,0,0,13,16,19,16,19,14,11,3,10,18,19,19,6,18,7,15,2,12,16,9,6,4,11,13,14,19,6,11,5,10,3,10,0,0,10,9,19,18,17,6,12,6,3,11,2,9,9,5,13,19,8,7,6,6,3,10,11,19,5,8,15,15,18,1,5,1,0,1,10,10,11,3,5,10,15,10,7,2,0,0,10,5,9,16,3,19,11,10,5,3,0,7,19,18,1,4,12,9,15,18,7,7,0,3,18,11,1,9,16,19,11,19,2,0,2,0",-0.5150605,0.28394723,3.0,0.052747823,62.559345,0.055709045,1.0,0.055709045,0.30815285,0.013022665,0.0,0.0,0.052747823,0.0058820667,0.8582705,0.30815285,5.1409345,1.2803296,62.559345,-0.5150605,3.879052,197.15753,0.012737692,0.049786605,1.0,197.15753,0.271219,0.1417295,5.1409345,0.0058820667,0.0133076385,0.28394723,0.0,1.2803296,3.879052,0.012737692,0.5150605,0.0,0.0133076385,0.5150605,0.591611,0.049786605,1.0,0.013022665,lookahead,beam_orig2_bm2-s0to100br1-s100to200br3-s200to300br1-s300to400br1
/work/T-REX/external/Proteina-Complexa/inference/search_binder_local_pipeline_32_PDL1_ALPHA_REPACK_v7_r003_cand_v7r003_hyp_0003_01_002_a2b1ae63664a8/job_0_n_180_id_53_beam_orig3_bm2-s0to100br2-s100to200br0-s200to300br1-s300to400br1/job_0_n_180_id_53_beam_orig3_bm2-s0to100br2-s100to200br0-s200to300br1-s300to400br1.pdb,215,"2,0,13,16,19,16,19,14,11,3,10,18,19,19,6,18,7,15,2,12,16,9,6,4,11,13,14,19,6,11,5,10,3,10,0,0,10,9,19,18,17,6,12,6,3,11,2,9,9,5,13,19,8,7,6,6,3,10,11,19,5,8,15,15,18,1,5,1,0,1,10,10,11,3,5,10,15,10,7,2,0,0,10,5,9,16,3,19,11,10,5,3,0,7,19,18,1,4,12,9,15,18,7,7,0,3,18,11,1,9,16,19,11,19,2,0,15,6,0,10,8,10,10,0,10,15,18,6,6,10,0,11,10,18,6,11,10,7,2,10,6,6,0,19,11,8,18,11,6,0,0,11,9,18,12,11,9,7,2,13,11,6,0,7,11,10,10,3,11,0,11,6,10,6,6,11,10,11,5,11,0,0,0,0,0,0,0,0,0,0,0,0,0,0,0,0,0,0,0,0,0,0,0,0,0,0,0,0,0,0,0,0,0,0,0,0,0,0,0,0,0,0,0,0,0,0,0,0,0,0,0,0,0",-0.1556648,0.047516067,3.0,0.596951,43.233044,0.68567145,1.0,0.68567145,0.1269203,0.596951,0.0,0.0,0.596951,0.0018175216,0.94599056,0.1269203,2.5005026,1.2920383,43.233044,-0.1556648,1.8586624,136.74852,0.5082305,0.5082305,1.0,136.74852,0.8200294,0.05400941,2.5005026,0.0018175216,0.68567145,0.047516067,0.0,1.2920383,1.8586624,0.5082305,0.1556648,0.0,0.68567145,0.1556648,0.87622917,0.5082305,1.0,0.596951,lookahead,beam_orig3_bm2-s0to100br2-s100to200br0-s200to300br1-s300to400br1
/work/T-REX/external/Proteina-Complexa/inference/search_binder_local_pipeline_32_PDL1_ALPHA_REPACK_v7_r003_cand_v7r003_hyp_0003_01_002_a2b1ae63664a8/job_0_n_176_id_54_beam_orig0_bm1-s0to100br3-s100to200br0-s200to300br0-s300to400br2/job_0_n_176_id_54_beam_orig0_bm1-s0to100br3-s100to200br0-s200to300br0-s300to400br2.pdb,216,"2,0,13,16,19,16,19,14,11,3,10,18,19,19,6,18,7,15,2,12,16,9,6,4,11,13,14,19,6,11,5,10,3,10,0,0,10,9,19,18,17,6,12,6,3,11,2,9,9,5,13,19,8,7,6,6,3,10,11,19,5,8,15,15,18,1,5,1,0,1,10,10,11,3,5,10,15,10,7,2,0,0,10,5,9,16,3,19,11,10,5,3,0,7,19,18,1,4,12,9,15,18,7,7,0,3,18,11,1,9,16,19,11,19,2,0,10,15,11,10,11,6,1,6,11,5,0,9,11,10,0,0,8,0,10,7,4,11,19,5,15,10,19,2,3,14,6,11,13,6,6,10,10,1,6,11,16,7,15,3,3,13,19,11,3,19,10,15,13,4,11,11,0,11,0,6,0,0,0,0,0,0,0,0,0,0,0,0,0,0,0,0,0,0,0,0,0,0,0,0,0,0,0,0,0,0,0,0,0,0,0,0,0,0,0,0,0,0,0,0,0,0,0,0,0,0,0,0,0,0,0,0,0",-0.16160612,0.05326827,3.0,0.5461168,30.760386,0.6272484,1.0,0.6272484,0.13428056,0.5461168,0.0,0.0,0.5461168,0.0018599491,0.9149424,0.13428056,0.7900935,1.5168014,30.760386,-0.16160612,1.9811984,163.21404,0.4649853,0.4649853,1.0,163.21404,0.8115022,0.08505763,0.7900935,0.0018599491,0.6272484,0.05326827,0.0,1.5168014,1.9811984,0.4649853,0.16160612,0.0,0.6272484,0.16160612,0.87781906,0.4649853,1.0,0.5461168,lookahead,beam_orig0_bm1-s0to100br3-s100to200br0-s200to300br0-s300to400br2
/work/T-REX/external/Proteina-Complexa/inference/search_binder_local_pipeline_32_PDL1_ALPHA_REPACK_v7_r003_cand_v7r003_hyp_0003_01_002_a2b1ae63664a8/job_0_n_229_id_54_beam_orig1_bm2-s0to100br1-s100to200br0-s200to300br0-s300to400br2/job_0_n_229_id_54_beam_orig1_bm2-s0to100br1-s100to200br0-s200to300br0-s300to400br2.pdb,217,"2,0,13,16,19,16,19,14,11,3,10,18,19,19,6,18,7,15,2,12,16,9,6,4,11,13,14,19,6,11,5,10,3,10,0,0,10,9,19,18,17,6,12,6,3,11,2,9,9,5,13,19,8,7,6,6,3,10,11,19,5,8,15,15,18,1,5,1,0,1,10,10,11,3,5,10,15,10,7,2,0,0,10,5,9,16,3,19,11,10,5,3,0,7,19,18,1,4,12,9,15,18,7,7,0,3,18,11,1,9,16,19,11,19,2,0,0,13,16,19,16,19,14,11,3,10,18,19,19,6,18,7,15,2,12,16,9,6,4,11,13,14,19,6,11,5,10,3,10,0,0,10,9,19,18,17,6,12,6,3,11,2,9,9,5,13,19,8,7,6,6,3,10,11,19,5,8,15,15,18,1,5,1,0,1,10,10,11,3,5,10,15,10,7,2,0,0,10,5,9,16,3,19,11,10,5,3,0,7,19,18,1,4,12,9,15,18,7,7,0,3,18,11,1,9,16,19,11,19,0,0,0,0",-0.51039886,0.28439048,3.0,0.053627353,58.93942,0.056414265,1.0,0.056414265,0.3031187,0.012933857,0.0,0.0,0.053627353,0.0017271384,0.8610642,0.3031187,5.0580096,1.2734097,58.93942,-0.51039886,3.8097472,197.72954,0.012832515,0.05084044,1.0,197.72954,0.27538905,0.13893582,5.0580096,0.0017271384,0.013035199,0.28439048,0.0,1.2734097,3.8097472,0.012832515,0.51039886,0.0,0.013035199,0.51039886,0.5947789,0.05084044,1.0,0.012933857,lookahead,beam_orig1_bm2-s0to100br1-s100to200br0-s200to300br0-s300to400br2
/work/T-REX/external/Proteina-Complexa/inference/search_binder_local_pipeline_32_PDL1_ALPHA_REPACK_v7_r003_cand_v7r003_hyp_0003_01_002_a2b1ae63664a8/job_0_n_233_id_54_beam_orig2_bm2-s0to100br1-s100to200br3-s200to300br1-s300to400br2/job_0_n_233_id_54_beam_orig2_bm2-s0to100br1-s100to200br3-s200to300br1-s300to400br2.pdb,218,"2,0,13,16,19,16,19,14,11,3,10,18,19,19,6,18,7,15,2,12,16,9,6,4,11,13,14,19,6,11,5,10,3,10,0,0,10,9,19,18,17,6,12,6,3,11,2,9,9,5,13,19,8,7,6,6,3,10,11,19,5,8,15,15,18,1,5,1,0,1,10,10,11,3,5,10,15,10,7,2,0,0,10,5,9,16,3,19,11,10,5,3,0,7,19,18,1,4,12,9,15,18,7,7,0,3,18,11,1,9,16,19,11,19,2,0,0,13,16,19,16,19,14,11,3,10,18,19,19,6,18,7,15,2,12,16,9,6,4,11,13,14,19,6,11,5,10,3,10,0,0,10,9,19,18,17,6,12,6,3,11,2,9,9,5,13,19,8,7,6,6,3,10,11,19,5,8,15,15,18,1,5,1,0,1,10,10,11,3,5,10,15,10,7,2,0,0,10,5,9,16,3,19,11,10,5,3,0,7,19,18,1,4,12,9,15,18,7,7,0,3,18,11,1,9,16,19,11,19,2,0,2,0",-0.5270402,0.2946372,3.0,0.046978816,58.22219,0.04895928,1.0,0.04895928,0.31421426,0.0124434205,0.0,0.0,0.046978816,0.006044326,0.85836434,0.31421426,4.832653,1.285551,58.22219,-0.5270402,3.9141595,196.18918,0.01223621,0.044998355,1.0,196.18918,0.26435643,0.14163569,4.832653,0.006044326,0.012650631,0.2946372,0.0,1.285551,3.9141595,0.01223621,0.5270402,0.0,0.012650631,0.5270402,0.58821034,0.044998355,1.0,0.0124434205,lookahead,beam_orig2_bm2-s0to100br1-s100to200br3-s200to300br1-s300to400br2
/work/T-REX/external/Proteina-Complexa/inference/search_binder_local_pipeline_32_PDL1_ALPHA_REPACK_v7_r003_cand_v7r003_hyp_0003_01_002_a2b1ae63664a8/job_0_n_180_id_54_beam_orig3_bm2-s0to100br2-s100to200br0-s200to300br1-s300to400br2/job_0_n_180_id_54_beam_orig3_bm2-s0to100br2-s100to200br0-s200to300br1-s300to400br2.pdb,219,"2,0,13,16,19,16,19,14,11,3,10,18,19,19,6,18,7,15,2,12,16,9,6,4,11,13,14,19,6,11,5,10,3,10,0,0,10,9,19,18,17,6,12,6,3,11,2,9,9,5,13,19,8,7,6,6,3,10,11,19,5,8,15,15,18,1,5,1,0,1,10,10,11,3,5,10,15,10,7,2,0,0,10,5,9,16,3,19,11,10,5,3,0,7,19,18,1,4,12,9,15,18,7,7,0,3,18,11,1,9,16,19,11,19,2,0,15,6,0,10,8,10,10,0,10,15,18,6,6,10,0,11,10,18,6,11,10,7,2,10,6,6,0,19,11,2,18,11,6,0,0,11,9,18,12,11,9,7,2,13,11,6,0,7,11,10,10,3,11,0,11,6,10,6,6,11,10,11,5,11,0,0,0,0,0,0,0,0,0,0,0,0,0,0,0,0,0,0,0,0,0,0,0,0,0,0,0,0,0,0,0,0,0,0,0,0,0,0,0,0,0,0,0,0,0,0,0,0,0,0,0,0,0",-0.15724216,0.04700543,3.0,0.5923869,42.371983,0.68490905,1.0,0.68490905,0.12816593,0.5923869,0.0,0.0,0.5923869,0.0018936358,0.94461286,0.12816593,2.4639056,1.291089,42.371983,-0.15724216,1.8728101,134.94183,0.49986473,0.49986473,1.0,134.94183,0.81686544,0.05538712,2.4639056,0.0018936358,0.68490905,0.04700543,0.0,1.291089,1.8728101,0.49986473,0.15724216,0.0,0.68490905,0.15724216,0.8742982,0.49986473,1.0,0.5923869,lookahead,beam_orig3_bm2-s0to100br2-s100to200br0-s200to300br1-s300to400br2
/work/T-REX/external/Proteina-Complexa/inference/search_binder_local_pipeline_32_PDL1_ALPHA_REPACK_v7_r003_cand_v7r003_hyp_0003_01_002_a2b1ae63664a8/job_0_n_176_id_55_beam_orig0_bm1-s0to100br3-s100to200br0-s200to300br0-s300to400br3/job_0_n_176_id_55_beam_orig0_bm1-s0to100br3-s100to200br0-s200to300br0-s300to400br3.pdb,220,"2,0,13,16,19,16,19,14,11,3,10,18,19,19,6,18,7,15,2,12,16,9,6,4,11,13,14,19,6,11,5,10,3,10,0,0,10,9,19,18,17,6,12,6,3,11,2,9,9,5,13,19,8,7,6,6,3,10,11,19,5,8,15,15,18,1,5,1,0,1,10,10,11,3,5,10,15,10,7,2,0,0,10,5,9,16,3,19,11,10,5,3,0,7,19,18,1,4,12,9,15,18,7,7,0,3,18,11,1,9,16,19,11,19,2,0,10,15,11,10,11,6,1,6,11,5,0,9,11,10,0,0,8,0,10,7,4,11,19,5,15,10,19,2,3,14,6,11,13,6,6,10,10,1,6,11,16,7,15,3,3,13,19,11,3,19,10,15,13,4,11,11,0,11,0,6,0,0,0,0,0,0,0,0,0,0,0,0,0,0,0,0,0,0,0,0,0,0,0,0,0,0,0,0,0,0,0,0,0,0,0,0,0,0,0,0,0,0,0,0,0,0,0,0,0,0,0,0,0,0,0,0,0",-0.16443475,0.055060167,3.0,0.5386928,28.740955,0.6191172,1.0,0.6191172,0.13684222,0.5386928,0.0,0.0,0.5386928,0.0022375565,0.9119053,0.13684222,0.80036855,1.5287257,28.740955,-0.16443475,2.0006,160.90834,0.45826837,0.45826837,1.0,160.90834,0.8082838,0.088094726,0.80036855,0.0022375565,0.6191172,0.055060167,0.0,1.5287257,2.0006,0.45826837,0.16443475,0.0,0.6191172,0.16443475,0.8764459,0.45826837,1.0,0.5386928,lookahead,beam_orig0_bm1-s0to100br3-s100to200br0-s200to300br0-s300to400br3
/work/T-REX/external/Proteina-Complexa/inference/search_binder_local_pipeline_32_PDL1_ALPHA_REPACK_v7_r003_cand_v7r003_hyp_0003_01_002_a2b1ae63664a8/job_0_n_229_id_55_beam_orig1_bm2-s0to100br1-s100to200br0-s200to300br0-s300to400br3/job_0_n_229_id_55_beam_orig1_bm2-s0to100br1-s100to200br0-s200to300br0-s300to400br3.pdb,221,"2,0,13,16,19,16,19,14,11,3,10,18,19,19,6,18,7,15,2,12,16,9,6,4,11,13,14,19,6,11,5,10,3,10,0,0,10,9,19,18,17,6,12,6,3,11,2,9,9,5,13,19,8,7,6,6,3,10,11,19,5,8,15,15,18,1,5,1,0,1,10,10,11,3,5,10,15,10,7,2,0,0,10,5,9,16,3,19,11,10,5,3,0,7,19,18,1,4,12,9,15,18,7,7,0,3,18,11,1,9,16,19,11,19,2,0,0,13,16,19,16,19,14,11,3,10,18,19,19,6,18,7,15,2,12,16,9,6,4,11,13,14,19,6,11,5,10,3,10,0,0,10,9,19,18,17,6,12,6,3,11,2,9,9,5,13,19,8,7,6,6,3,10,11,19,5,8,15,15,18,1,5,1,0,1,10,10,11,3,5,10,15,10,7,2,0,0,10,5,9,16,3,19,11,10,5,3,0,7,19,18,1,4,12,9,15,18,7,7,0,3,18,11,1,9,16,19,11,19,0,0,0,0",-0.5174177,0.2915074,3.0,0.04949209,59.59903,0.05182648,1.0,0.05182648,0.30682945,0.012701461,0.0,0.0,0.04949209,0.0017508258,0.86114734,0.30682945,5.1424365,1.2763809,59.59903,-0.5174177,3.8264377,201.0454,0.012290447,0.047157697,1.0,201.0454,0.2701391,0.13885267,5.1424365,0.0017508258,0.013112476,0.2915074,0.0,1.2763809,3.8264377,0.012290447,0.5174177,0.0,0.013112476,0.5174177,0.59226656,0.047157697,1.0,0.012701461,lookahead,beam_orig1_bm2-s0to100br1-s100to200br0-s200to300br0-s300to400br3
/work/T-REX/external/Proteina-Complexa/inference/search_binder_local_pipeline_32_PDL1_ALPHA_REPACK_v7_r003_cand_v7r003_hyp_0003_01_002_a2b1ae63664a8/job_0_n_233_id_55_beam_orig2_bm2-s0to100br1-s100to200br3-s200to300br1-s300to400br3/job_0_n_233_id_55_beam_orig2_bm2-s0to100br1-s100to200br3-s200to300br1-s300to400br3.pdb,222,"2,0,13,16,19,16,19,14,11,3,10,18,19,19,6,18,7,15,2,12,16,9,6,4,11,13,14,19,6,11,5,10,3,10,0,0,10,9,19,18,17,6,12,6,3,11,2,9,9,5,13,19,8,7,6,6,3,10,11,19,5,8,15,15,18,1,5,1,0,1,10,10,11,3,5,10,15,10,7,2,0,0,10,5,9,16,3,19,11,10,5,3,0,7,19,18,1,4,12,9,15,18,7,7,0,3,18,11,1,9,16,19,11,19,2,0,0,13,16,19,16,19,14,11,3,10,18,19,19,6,18,7,15,2,12,16,9,6,4,11,13,14,19,6,11,5,10,3,10,0,0,10,9,19,18,17,6,12,6,3,11,2,9,9,5,13,19,8,7,6,6,3,10,11,19,5,8,15,15,18,1,5,1,0,1,10,10,11,3,5,10,15,10,7,2,0,0,10,5,9,16,3,19,11,10,5,3,0,7,19,18,1,4,12,9,15,18,7,7,0,3,18,11,1,9,16,19,11,19,2,0,2,0",-0.5252238,0.2957223,3.0,0.049059242,55.594948,0.051814865,1.0,0.051814865,0.31370395,0.012394535,0.0,0.0,0.049059242,0.0062346538,0.85776895,0.31370395,4.8246126,1.2917902,55.594948,-0.5252238,3.907316,196.80537,0.012061438,0.046303615,1.0,196.80537,0.26744187,0.14223105,4.8246126,0.0062346538,0.012727633,0.2957223,0.0,1.2917902,3.907316,0.012061438,0.5252238,0.0,0.012727633,0.5252238,0.58961266,0.046303615,1.0,0.012394535,lookahead,beam_orig2_bm2-s0to100br1-s100to200br3-s200to300br1-s300to400br3
/work/T-REX/external/Proteina-Complexa/inference/search_binder_local_pipeline_32_PDL1_ALPHA_REPACK_v7_r003_cand_v7r003_hyp_0003_01_002_a2b1ae63664a8/job_0_n_180_id_55_beam_orig3_bm2-s0to100br2-s100to200br0-s200to300br1-s300to400br3/job_0_n_180_id_55_beam_orig3_bm2-s0to100br2-s100to200br0-s200to300br1-s300to400br3.pdb,223,"2,0,13,16,19,16,19,14,11,3,10,18,19,19,6,18,7,15,2,12,16,9,6,4,11,13,14,19,6,11,5,10,3,10,0,0,10,9,19,18,17,6,12,6,3,11,2,9,9,5,13,19,8,7,6,6,3,10,11,19,5,8,15,15,18,1,5,1,0,1,10,10,11,3,5,10,15,10,7,2,0,0,10,5,9,16,3,19,11,10,5,3,0,7,19,18,1,4,12,9,15,18,7,7,0,3,18,11,1,9,16,19,11,19,2,0,15,6,0,10,8,10,10,0,10,15,18,6,6,10,0,11,10,18,6,11,10,7,2,10,6,6,0,19,11,11,18,11,6,0,0,11,9,18,12,11,9,7,2,13,11,6,0,7,11,10,10,3,11,0,11,6,10,6,6,11,10,11,5,11,0,0,0,0,0,0,0,0,0,0,0,0,0,0,0,0,0,0,0,0,0,0,0,0,0,0,0,0,0,0,0,0,0,0,0,0,0,0,0,0,0,0,0,0,0,0,0,0,0,0,0,0,0",-0.15637825,0.04746878,3.0,0.5941045,44.964798,0.68507206,1.0,0.68507206,0.12754415,0.5941045,0.0,0.0,0.5941045,0.0018688673,0.9448948,0.12754415,2.546654,1.2992041,44.964798,-0.15637825,1.8671093,141.18535,0.50313693,0.50313693,1.0,141.18535,0.81795585,0.055105224,2.546654,0.0018688673,0.68507206,0.04746878,0.0,1.2992041,1.8671093,0.50313693,0.15637825,0.0,0.68507206,0.15637825,0.87495136,0.50313693,1.0,0.5941045,lookahead,beam_orig3_bm2-s0to100br2-s100to200br0-s200to300br1-s300to400br3
/work/T-REX/external/Proteina-Complexa/inference/search_binder_local_pipeline_32_PDL1_ALPHA_REPACK_v7_r003_cand_v7r003_hyp_0003_01_002_a2b1ae63664a8/job_0_n_176_id_56_beam_orig0_bm1-s0to100br3-s100to200br0-s200to300br2-s300to400br0/job_0_n_176_id_56_beam_orig0_bm1-s0to100br3-s100to200br0-s200to300br2-s300to400br0.pdb,224,"2,0,13,16,19,16,19,14,11,3,10,18,19,19,6,18,7,15,2,12,16,9,6,4,11,13,14,19,6,11,5,10,3,10,0,0,10,9,19,18,17,6,12,6,3,11,2,9,9,5,13,19,8,7,6,6,3,10,11,19,5,8,15,15,18,1,5,1,0,1,10,10,11,3,5,10,15,10,7,2,0,0,10,5,9,16,3,19,11,10,5,3,0,7,19,18,1,4,12,9,15,18,7,7,0,3,18,11,1,9,16,19,11,19,2,0,10,15,10,10,16,6,1,6,11,5,16,10,11,10,0,0,8,0,10,7,19,11,19,19,15,10,19,2,3,14,5,11,13,6,6,6,10,1,11,11,16,7,15,3,6,13,1,2,6,19,10,6,9,4,5,11,0,11,3,6,0,0,0,0,0,0,0,0,0,0,0,0,0,0,0,0,0,0,0,0,0,0,0,0,0,0,0,0,0,0,0,0,0,0,0,0,0,0,0,0,0,0,0,0,0,0,0,0,0,0,0,0,0,0,0,0,0",-0.16396116,0.05111507,3.0,0.57303655,32.244106,0.6526104,1.0,0.6526104,0.13963252,0.57303655,0.0,0.0,0.57303655,0.003689171,0.9009961,0.13963252,1.0546188,1.6199075,32.244106,-0.16396116,1.9556222,171.46771,0.49346262,0.49346262,1.0,171.46771,0.81774074,0.099003926,1.0546188,0.003689171,0.6526104,0.05111507,0.0,1.6199075,1.9556222,0.49346262,0.16396116,0.0,0.6526104,0.16396116,0.8816317,0.49346262,1.0,0.57303655,lookahead,beam_orig0_bm1-s0to100br3-s100to200br0-s200to300br2-s300to400br0
/work/T-REX/external/Proteina-Complexa/inference/search_binder_local_pipeline_32_PDL1_ALPHA_REPACK_v7_r003_cand_v7r003_hyp_0003_01_002_a2b1ae63664a8/job_0_n_229_id_56_beam_orig1_bm2-s0to100br1-s100to200br1-s200to300br2-s300to400br0/job_0_n_229_id_56_beam_orig1_bm2-s0to100br1-s100to200br1-s200to300br2-s300to400br0.pdb,225,"2,0,13,16,19,16,19,14,11,3,10,18,19,19,6,18,7,15,2,12,16,9,6,4,11,13,14,19,6,11,5,10,3,10,0,0,10,9,19,18,17,6,12,6,3,11,2,9,9,5,13,19,8,7,6,6,3,10,11,19,5,8,15,15,18,1,5,1,0,1,10,10,11,3,5,10,15,10,7,2,0,0,10,5,9,16,3,19,11,10,5,3,0,7,19,18,1,4,12,9,15,18,7,7,0,3,18,11,1,9,16,19,11,19,2,0,0,13,16,19,16,19,14,11,3,10,18,19,19,6,18,7,15,2,12,16,9,6,4,11,13,14,19,6,11,5,10,3,10,0,0,10,9,19,18,17,6,12,6,3,11,2,9,9,5,13,19,8,7,6,6,3,10,11,19,5,8,15,15,18,1,5,1,0,1,10,10,11,3,5,10,15,10,7,2,0,0,10,5,9,16,3,19,11,10,5,3,0,7,19,18,1,4,12,9,15,18,7,7,0,3,18,11,1,9,16,19,11,19,0,0,0,0",-0.51794034,0.29160824,3.0,0.05014597,54.885136,0.052544195,1.0,0.052544195,0.30716875,0.012544325,0.0,0.0,0.05014597,0.0018153565,0.8612475,0.30716875,4.4659853,1.279699,54.885136,-0.51794034,3.826497,200.2494,0.012178887,0.047747746,1.0,200.2494,0.27075326,0.13875253,4.4659853,0.0018153565,0.012909762,0.29160824,0.0,1.279699,3.826497,0.012178887,0.51794034,0.0,0.012909762,0.51794034,0.5924703,0.047747746,1.0,0.012544325,lookahead,beam_orig1_bm2-s0to100br1-s100to200br1-s200to300br2-s300to400br0
/work/T-REX/external/Proteina-Complexa/inference/search_binder_local_pipeline_32_PDL1_ALPHA_REPACK_v7_r003_cand_v7r003_hyp_0003_01_002_a2b1ae63664a8/job_0_n_233_id_56_beam_orig2_bm2-s0to100br1-s100to200br3-s200to300br3-s300to400br0/job_0_n_233_id_56_beam_orig2_bm2-s0to100br1-s100to200br3-s200to300br3-s300to400br0.pdb,226,"2,0,13,16,19,16,19,14,11,3,10,18,19,19,6,18,7,15,2,12,16,9,6,4,11,13,14,19,6,11,5,10,3,10,0,0,10,9,19,18,17,6,12,6,3,11,2,9,9,5,13,19,8,7,6,6,3,10,11,19,5,8,15,15,18,1,5,1,0,1,10,10,11,3,5,10,15,10,7,2,0,0,10,5,9,16,3,19,11,10,5,3,0,7,19,18,1,4,12,9,15,18,7,7,0,3,18,11,1,9,16,19,11,19,2,0,0,13,16,19,16,19,14,11,3,10,18,19,19,6,18,7,15,2,12,16,9,6,4,11,13,14,19,6,11,5,10,3,10,0,0,10,9,19,18,17,6,12,6,3,11,2,9,9,5,13,19,8,7,6,6,3,10,11,19,5,8,15,15,18,1,5,1,0,1,10,10,11,3,5,10,15,10,7,2,0,0,10,5,9,16,3,19,11,10,5,3,0,7,19,18,1,4,12,9,15,18,7,7,0,3,18,11,1,9,16,19,11,19,2,0,2,0",-0.5242623,0.29136196,3.0,0.049060702,56.06527,0.05103255,1.0,0.05103255,0.31276944,0.012509774,0.0,0.0,0.049060702,0.005954994,0.8585931,0.31276944,4.98513,1.2864733,56.06527,-0.5242623,3.9085112,194.61713,0.0122791305,0.047088854,1.0,194.61713,0.26616275,0.14140686,4.98513,0.005954994,0.012740418,0.29136196,0.0,1.2864733,3.9085112,0.0122791305,0.5242623,0.0,0.012740418,0.5242623,0.58963764,0.047088854,1.0,0.012509774,lookahead,beam_orig2_bm2-s0to100br1-s100to200br3-s200to300br3-s300to400br0
/work/T-REX/external/Proteina-Complexa/inference/search_binder_local_pipeline_32_PDL1_ALPHA_REPACK_v7_r003_cand_v7r003_hyp_0003_01_002_a2b1ae63664a8/job_0_n_180_id_56_beam_orig3_bm2-s0to100br2-s100to200br0-s200to300br2-s300to400br0/job_0_n_180_id_56_beam_orig3_bm2-s0to100br2-s100to200br0-s200to300br2-s300to400br0.pdb,227,"2,0,13,16,19,16,19,14,11,3,10,18,19,19,6,18,7,15,2,12,16,9,6,4,11,13,14,19,6,11,5,10,3,10,0,0,10,9,19,18,17,6,12,6,3,11,2,9,9,5,13,19,8,7,6,6,3,10,11,19,5,8,15,15,18,1,5,1,0,1,10,10,11,3,5,10,15,10,7,2,0,0,10,5,9,16,3,19,11,10,5,3,0,7,19,18,1,4,12,9,15,18,7,7,0,3,18,11,1,9,16,19,11,19,2,0,15,15,10,11,10,2,10,0,10,15,1,6,2,10,7,11,10,18,6,11,10,7,2,10,6,6,0,19,11,2,18,11,6,0,0,11,9,18,12,6,10,7,2,18,3,6,0,7,11,10,10,3,11,0,11,6,10,6,6,11,10,11,6,11,0,0,0,0,0,0,0,0,0,0,0,0,0,0,0,0,0,0,0,0,0,0,0,0,0,0,0,0,0,0,0,0,0,0,0,0,0,0,0,0,0,0,0,0,0,0,0,0,0,0,0,0,0",-0.16094095,0.04632946,3.0,0.5948024,44.101364,0.69064015,1.0,0.69064015,0.1332292,0.5948024,0.0,0.0,0.5948024,0.0053989943,0.93995863,0.1332292,2.467085,1.3337135,44.101364,-0.16094095,1.8700395,145.22432,0.49896467,0.49896467,1.0,145.22432,0.8190867,0.060041375,2.467085,0.0053989943,0.69064015,0.04632946,0.0,1.3337135,1.8700395,0.49896467,0.16094095,0.0,0.69064015,0.16094095,0.87695605,0.49896467,1.0,0.5948024,lookahead,beam_orig3_bm2-s0to100br2-s100to200br0-s200to300br2-s300to400br0
/work/T-REX/external/Proteina-Complexa/inference/search_binder_local_pipeline_32_PDL1_ALPHA_REPACK_v7_r003_cand_v7r003_hyp_0003_01_002_a2b1ae63664a8/job_0_n_176_id_57_beam_orig0_bm1-s0to100br3-s100to200br0-s200to300br2-s300to400br1/job_0_n_176_id_57_beam_orig0_bm1-s0to100br3-s100to200br0-s200to300br2-s300to400br1.pdb,228,"2,0,13,16,19,16,19,14,11,3,10,18,19,19,6,18,7,15,2,12,16,9,6,4,11,13,14,19,6,11,5,10,3,10,0,0,10,9,19,18,17,6,12,6,3,11,2,9,9,5,13,19,8,7,6,6,3,10,11,19,5,8,15,15,18,1,5,1,0,1,10,10,11,3,5,10,15,10,7,2,0,0,10,5,9,16,3,19,11,10,5,3,0,7,19,18,1,4,12,9,15,18,7,7,0,3,18,11,1,9,16,19,11,19,2,0,10,15,10,10,16,6,1,6,11,5,16,10,11,10,0,0,8,0,10,7,19,11,19,19,15,10,19,2,3,14,5,11,13,6,6,6,10,1,11,11,16,7,15,3,6,13,1,2,6,19,10,6,9,4,5,11,0,11,3,6,0,0,0,0,0,0,0,0,0,0,0,0,0,0,0,0,0,0,0,0,0,0,0,0,0,0,0,0,0,0,0,0,0,0,0,0,0,0,0,0,0,0,0,0,0,0,0,0,0,0,0,0,0,0,0,0,0",-0.1631615,0.050098702,3.0,0.5776391,33.47677,0.657493,1.0,0.657493,0.13903363,0.5776391,0.0,0.0,0.5776391,0.0037821524,0.90198284,0.13903363,1.0507367,1.6094202,33.47677,-0.1631615,1.9489027,171.25703,0.4977852,0.4977852,1.0,171.25703,0.81909966,0.09801717,1.0507367,0.0037821524,0.657493,0.050098702,0.0,1.6094202,1.9489027,0.4977852,0.1631615,0.0,0.657493,0.1631615,0.88211834,0.4977852,1.0,0.5776391,lookahead,beam_orig0_bm1-s0to100br3-s100to200br0-s200to300br2-s300to400br1
/work/T-REX/external/Proteina-Complexa/inference/search_binder_local_pipeline_32_PDL1_ALPHA_REPACK_v7_r003_cand_v7r003_hyp_0003_01_002_a2b1ae63664a8/job_0_n_229_id_57_beam_orig1_bm2-s0to100br1-s100to200br1-s200to300br2-s300to400br1/job_0_n_229_id_57_beam_orig1_bm2-s0to100br1-s100to200br1-s200to300br2-s300to400br1.pdb,229,"2,0,13,16,19,16,19,14,11,3,10,18,19,19,6,18,7,15,2,12,16,9,6,4,11,13,14,19,6,11,5,10,3,10,0,0,10,9,19,18,17,6,12,6,3,11,2,9,9,5,13,19,8,7,6,6,3,10,11,19,5,8,15,15,18,1,5,1,0,1,10,10,11,3,5,10,15,10,7,2,0,0,10,5,9,16,3,19,11,10,5,3,0,7,19,18,1,4,12,9,15,18,7,7,0,3,18,11,1,9,16,19,11,19,2,0,0,13,16,19,16,19,14,11,3,10,18,19,19,6,18,7,15,2,12,16,9,6,4,11,13,14,19,6,11,5,10,3,10,0,0,10,9,19,18,17,6,12,6,3,11,2,9,9,5,13,19,8,7,6,6,3,10,11,19,5,8,15,15,18,1,5,1,0,1,10,10,11,3,5,10,15,10,7,2,0,0,10,5,9,16,3,19,11,10,5,3,0,7,19,18,1,4,12,9,15,18,7,7,0,3,18,11,1,9,16,19,11,19,0,0,0,0",-0.5228289,0.29520544,3.0,0.04800316,55.284073,0.050819077,1.0,0.050819077,0.30977368,0.012632322,0.0,0.0,0.04800316,0.0018092911,0.86099195,0.30977368,4.573391,1.2817705,55.284073,-0.5228289,3.8421452,200.23956,0.012241974,0.04518724,1.0,200.23956,0.26610926,0.13900806,4.573391,0.0018092911,0.01302267,0.29520544,0.0,1.2817705,3.8421452,0.012241974,0.5228289,0.0,0.01302267,0.5228289,0.5903212,0.04518724,1.0,0.012632322,lookahead,beam_orig1_bm2-s0to100br1-s100to200br1-s200to300br2-s300to400br1
/work/T-REX/external/Proteina-Complexa/inference/search_binder_local_pipeline_32_PDL1_ALPHA_REPACK_v7_r003_cand_v7r003_hyp_0003_01_002_a2b1ae63664a8/job_0_n_233_id_57_beam_orig2_bm2-s0to100br1-s100to200br3-s200to300br3-s300to400br1/job_0_n_233_id_57_beam_orig2_bm2-s0to100br1-s100to200br3-s200to300br3-s300to400br1.pdb,230,"2,0,13,16,19,16,19,14,11,3,10,18,19,19,6,18,7,15,2,12,16,9,6,4,11,13,14,19,6,11,5,10,3,10,0,0,10,9,19,18,17,6,12,6,3,11,2,9,9,5,13,19,8,7,6,6,3,10,11,19,5,8,15,15,18,1,5,1,0,1,10,10,11,3,5,10,15,10,7,2,0,0,10,5,9,16,3,19,11,10,5,3,0,7,19,18,1,4,12,9,15,18,7,7,0,3,18,11,1,9,16,19,11,19,2,0,0,13,16,19,16,19,14,11,3,10,18,19,19,6,18,7,15,2,12,16,9,6,4,11,13,14,19,6,11,5,10,3,10,0,0,10,9,19,18,17,6,12,6,3,11,2,9,9,5,13,19,8,7,6,6,3,10,11,19,5,8,15,15,18,1,5,1,0,1,10,10,11,3,5,10,15,10,7,2,0,0,10,5,9,16,3,19,11,10,5,3,0,7,19,18,1,4,12,9,15,18,7,7,0,3,18,11,1,9,16,19,11,19,2,0,2,0",-0.519904,0.28939536,3.0,0.050496332,58.10172,0.052879892,1.0,0.052879892,0.31077692,0.012764263,0.0,0.0,0.050496332,0.005920304,0.85808396,0.31077692,5.078222,1.2860878,58.10172,-0.519904,3.8983402,194.82463,0.012495466,0.048112776,1.0,194.82463,0.26946574,0.14191602,5.078222,0.005920304,0.01303306,0.28939536,0.0,1.2860878,3.8983402,0.012495466,0.519904,0.0,0.01303306,0.519904,0.5907717,0.048112776,1.0,0.012764263,lookahead,beam_orig2_bm2-s0to100br1-s100to200br3-s200to300br3-s300to400br1
/work/T-REX/external/Proteina-Complexa/inference/search_binder_local_pipeline_32_PDL1_ALPHA_REPACK_v7_r003_cand_v7r003_hyp_0003_01_002_a2b1ae63664a8/job_0_n_180_id_57_beam_orig3_bm2-s0to100br2-s100to200br0-s200to300br2-s300to400br1/job_0_n_180_id_57_beam_orig3_bm2-s0to100br2-s100to200br0-s200to300br2-s300to400br1.pdb,231,"2,0,13,16,19,16,19,14,11,3,10,18,19,19,6,18,7,15,2,12,16,9,6,4,11,13,14,19,6,11,5,10,3,10,0,0,10,9,19,18,17,6,12,6,3,11,2,9,9,5,13,19,8,7,6,6,3,10,11,19,5,8,15,15,18,1,5,1,0,1,10,10,11,3,5,10,15,10,7,2,0,0,10,5,9,16,3,19,11,10,5,3,0,7,19,18,1,4,12,9,15,18,7,7,0,3,18,11,1,9,16,19,11,19,2,0,15,15,10,11,10,2,10,0,10,15,1,6,2,10,7,11,10,18,6,11,10,7,2,10,6,6,0,19,11,2,18,11,6,0,0,11,9,18,12,6,10,7,2,18,3,6,0,7,11,10,10,3,11,0,11,6,10,6,6,11,10,11,6,11,0,0,0,0,0,0,0,0,0,0,0,0,0,0,0,0,0,0,0,0,0,0,0,0,0,0,0,0,0,0,0,0,0,0,0,0,0,0,0,0,0,0,0,0,0,0,0,0,0,0,0,0,0",-0.16099131,0.045917258,3.0,0.594483,43.695656,0.69136137,1.0,0.69136137,0.1332715,0.594483,0.0,0.0,0.594483,0.0057065915,0.94007766,0.1332715,2.5387862,1.33344,43.695656,-0.16099131,1.8706846,143.17429,0.4976046,0.4976046,1.0,143.17429,0.8194947,0.059922315,2.5387862,0.0057065915,0.69136137,0.045917258,0.0,1.33344,1.8706846,0.4976046,0.16099131,0.0,0.69136137,0.16099131,0.876648,0.4976046,1.0,0.594483,lookahead,beam_orig3_bm2-s0to100br2-s100to200br0-s200to300br2-s300to400br1
/work/T-REX/external/Proteina-Complexa/inference/search_binder_local_pipeline_32_PDL1_ALPHA_REPACK_v7_r003_cand_v7r003_hyp_0003_01_002_a2b1ae63664a8/job_0_n_176_id_58_beam_orig0_bm1-s0to100br3-s100to200br0-s200to300br2-s300to400br2/job_0_n_176_id_58_beam_orig0_bm1-s0to100br3-s100to200br0-s200to300br2-s300to400br2.pdb,232,"2,0,13,16,19,16,19,14,11,3,10,18,19,19,6,18,7,15,2,12,16,9,6,4,11,13,14,19,6,11,5,10,3,10,0,0,10,9,19,18,17,6,12,6,3,11,2,9,9,5,13,19,8,7,6,6,3,10,11,19,5,8,15,15,18,1,5,1,0,1,10,10,11,3,5,10,15,10,7,2,0,0,10,5,9,16,3,19,11,10,5,3,0,7,19,18,1,4,12,9,15,18,7,7,0,3,18,11,1,9,16,19,11,19,2,0,10,15,10,10,16,6,1,6,11,5,16,10,11,10,0,0,8,0,10,7,19,11,19,19,15,10,19,2,3,14,5,11,13,6,6,6,10,1,11,11,16,7,15,3,6,13,1,2,6,19,10,6,9,4,5,11,0,11,3,6,0,0,0,0,0,0,0,0,0,0,0,0,0,0,0,0,0,0,0,0,0,0,0,0,0,0,0,0,0,0,0,0,0,0,0,0,0,0,0,0,0,0,0,0,0,0,0,0,0,0,0,0,0,0,0,0,0",-0.16398196,0.05172148,3.0,0.57441115,34.04561,0.65356666,1.0,0.65356666,0.13979031,0.57441115,0.0,0.0,0.57441115,0.003870253,0.90072966,0.13979031,1.0985901,1.6159849,34.04561,-0.16398196,1.9561785,173.09021,0.4952557,0.4952557,1.0,173.09021,0.81813383,0.09927036,1.0985901,0.003870253,0.65356666,0.05172148,0.0,1.6159849,1.9561785,0.4952557,0.16398196,0.0,0.65356666,0.16398196,0.8817674,0.4952557,1.0,0.57441115,lookahead,beam_orig0_bm1-s0to100br3-s100to200br0-s200to300br2-s300to400br2
/work/T-REX/external/Proteina-Complexa/inference/search_binder_local_pipeline_32_PDL1_ALPHA_REPACK_v7_r003_cand_v7r003_hyp_0003_01_002_a2b1ae63664a8/job_0_n_229_id_58_beam_orig1_bm2-s0to100br1-s100to200br1-s200to300br2-s300to400br2/job_0_n_229_id_58_beam_orig1_bm2-s0to100br1-s100to200br1-s200to300br2-s300to400br2.pdb,233,"2,0,13,16,19,16,19,14,11,3,10,18,19,19,6,18,7,15,2,12,16,9,6,4,11,13,14,19,6,11,5,10,3,10,0,0,10,9,19,18,17,6,12,6,3,11,2,9,9,5,13,19,8,7,6,6,3,10,11,19,5,8,15,15,18,1,5,1,0,1,10,10,11,3,5,10,15,10,7,2,0,0,10,5,9,16,3,19,11,10,5,3,0,7,19,18,1,4,12,9,15,18,7,7,0,3,18,11,1,9,16,19,11,19,2,0,0,13,16,19,16,19,14,11,3,10,18,19,19,6,18,7,15,2,12,16,9,6,4,11,13,14,19,6,11,5,10,3,10,0,0,10,9,19,18,17,6,12,6,3,11,2,9,9,5,13,19,8,7,6,6,3,10,11,19,5,8,15,15,18,1,5,1,0,1,10,10,11,3,5,10,15,10,7,2,0,0,10,5,9,16,3,19,11,10,5,3,0,7,19,18,1,4,12,9,15,18,7,7,0,3,18,11,1,9,16,19,11,19,0,0,0,0",-0.5173533,0.29072884,3.0,0.049962174,56.15983,0.052958723,1.0,0.052958723,0.30731347,0.012655843,0.0,0.0,0.049962174,0.0018385944,0.85985196,0.30731347,4.618441,1.2844903,56.15983,-0.5173533,3.8310347,203.50153,0.012259604,0.046965625,1.0,203.50153,0.2709592,0.14014806,4.618441,0.0018385944,0.013052082,0.29072884,0.0,1.2844903,3.8310347,0.012259604,0.5173533,0.0,0.013052082,0.5173533,0.59281564,0.046965625,1.0,0.012655843,lookahead,beam_orig1_bm2-s0to100br1-s100to200br1-s200to300br2-s300to400br2
/work/T-REX/external/Proteina-Complexa/inference/search_binder_local_pipeline_32_PDL1_ALPHA_REPACK_v7_r003_cand_v7r003_hyp_0003_01_002_a2b1ae63664a8/job_0_n_233_id_58_beam_orig2_bm2-s0to100br1-s100to200br3-s200to300br3-s300to400br2/job_0_n_233_id_58_beam_orig2_bm2-s0to100br1-s100to200br3-s200to300br3-s300to400br2.pdb,234,"2,0,13,16,19,16,19,14,11,3,10,18,19,19,6,18,7,15,2,12,16,9,6,4,11,13,14,19,6,11,5,10,3,10,0,0,10,9,19,18,17,6,12,6,3,11,2,9,9,5,13,19,8,7,6,6,3,10,11,19,5,8,15,15,18,1,5,1,0,1,10,10,11,3,5,10,15,10,7,2,0,0,10,5,9,16,3,19,11,10,5,3,0,7,19,18,1,4,12,9,15,18,7,7,0,3,18,11,1,9,16,19,11,19,2,0,0,13,16,19,16,19,14,11,3,10,18,19,19,6,18,7,15,2,12,16,9,6,4,11,13,14,19,6,11,5,10,3,10,0,0,10,9,19,18,17,6,12,6,3,11,2,9,9,5,13,19,8,7,6,6,3,10,11,19,5,8,15,15,18,1,5,1,0,1,10,10,11,3,5,10,15,10,7,2,0,0,10,5,9,16,3,19,11,10,5,3,0,7,19,18,1,4,12,9,15,18,7,7,0,3,18,11,1,9,16,19,11,19,2,0,2,0",-0.5247254,0.29219183,3.0,0.04874633,54.666245,0.05106207,1.0,0.05106207,0.31318197,0.01246332,0.0,0.0,0.04874633,0.0061856173,0.85807955,0.31318197,4.940984,1.2873831,54.666245,-0.5247254,3.9083047,192.43866,0.012161571,0.046430588,1.0,192.43866,0.2662105,0.14192042,4.940984,0.0061856173,0.01276507,0.29219183,0.0,1.2873831,3.9083047,0.012161571,0.5247254,0.0,0.01276507,0.5247254,0.58938634,0.046430588,1.0,0.01246332,lookahead,beam_orig2_bm2-s0to100br1-s100to200br3-s200to300br3-s300to400br2
/work/T-REX/external/Proteina-Complexa/inference/search_binder_local_pipeline_32_PDL1_ALPHA_REPACK_v7_r003_cand_v7r003_hyp_0003_01_002_a2b1ae63664a8/job_0_n_180_id_58_beam_orig3_bm2-s0to100br2-s100to200br0-s200to300br2-s300to400br2/job_0_n_180_id_58_beam_orig3_bm2-s0to100br2-s100to200br0-s200to300br2-s300to400br2.pdb,235,"2,0,13,16,19,16,19,14,11,3,10,18,19,19,6,18,7,15,2,12,16,9,6,4,11,13,14,19,6,11,5,10,3,10,0,0,10,9,19,18,17,6,12,6,3,11,2,9,9,5,13,19,8,7,6,6,3,10,11,19,5,8,15,15,18,1,5,1,0,1,10,10,11,3,5,10,15,10,7,2,0,0,10,5,9,16,3,19,11,10,5,3,0,7,19,18,1,4,12,9,15,18,7,7,0,3,18,11,1,9,16,19,11,19,2,0,15,15,10,11,10,2,10,0,10,15,1,6,2,10,7,11,10,18,6,11,10,7,2,10,6,6,0,19,11,2,18,11,6,0,0,11,9,18,12,6,10,7,2,18,3,6,0,7,11,10,10,3,11,0,11,6,10,6,6,11,10,11,6,11,0,0,0,0,0,0,0,0,0,0,0,0,0,0,0,0,0,0,0,0,0,0,0,0,0,0,0,0,0,0,0,0,0,0,0,0,0,0,0,0,0,0,0,0,0,0,0,0,0,0,0,0,0",-0.16243622,0.046367645,3.0,0.58902234,44.504936,0.6851548,1.0,0.6851548,0.13426644,0.58902234,0.0,0.0,0.58902234,0.0055371923,0.9393156,0.13426644,2.4822917,1.335813,44.504936,-0.16243622,1.8805962,145.46631,0.4928899,0.4928899,1.0,145.46631,0.81722236,0.060684405,2.4822917,0.0055371923,0.6851548,0.046367645,0.0,1.335813,1.8805962,0.4928899,0.16243622,0.0,0.6851548,0.16243622,0.8757546,0.4928899,1.0,0.58902234,lookahead,beam_orig3_bm2-s0to100br2-s100to200br0-s200to300br2-s300to400br2
/work/T-REX/external/Proteina-Complexa/inference/search_binder_local_pipeline_32_PDL1_ALPHA_REPACK_v7_r003_cand_v7r003_hyp_0003_01_002_a2b1ae63664a8/job_0_n_176_id_59_beam_orig0_bm1-s0to100br3-s100to200br0-s200to300br2-s300to400br3/job_0_n_176_id_59_beam_orig0_bm1-s0to100br3-s100to200br0-s200to300br2-s300to400br3.pdb,236,"2,0,13,16,19,16,19,14,11,3,10,18,19,19,6,18,7,15,2,12,16,9,6,4,11,13,14,19,6,11,5,10,3,10,0,0,10,9,19,18,17,6,12,6,3,11,2,9,9,5,13,19,8,7,6,6,3,10,11,19,5,8,15,15,18,1,5,1,0,1,10,10,11,3,5,10,15,10,7,2,0,0,10,5,9,16,3,19,11,10,5,3,0,7,19,18,1,4,12,9,15,18,7,7,0,3,18,11,1,9,16,19,11,19,2,0,10,15,10,10,16,6,1,6,11,5,16,10,11,10,0,0,8,0,10,7,19,11,19,19,15,10,19,2,3,14,5,11,13,6,6,6,10,1,11,11,16,7,15,3,6,13,1,2,6,19,10,6,9,4,5,11,0,11,3,6,0,0,0,0,0,0,0,0,0,0,0,0,0,0,0,0,0,0,0,0,0,0,0,0,0,0,0,0,0,0,0,0,0,0,0,0,0,0,0,0,0,0,0,0,0,0,0,0,0,0,0,0,0,0,0,0,0",-0.16298431,0.05049371,3.0,0.57917655,32.396294,0.65908617,1.0,0.65908617,0.1389747,0.57917655,0.0,0.0,0.57917655,0.003799853,0.90194345,0.1389747,1.0141419,1.6111743,32.396294,-0.16298431,1.9438033,169.05287,0.4992669,0.4992669,1.0,169.05287,0.8197459,0.09805658,1.0141419,0.003799853,0.65908617,0.05049371,0.0,1.6111743,1.9438033,0.4992669,0.16298431,0.0,0.65908617,0.16298431,0.88242006,0.4992669,1.0,0.57917655,lookahead,beam_orig0_bm1-s0to100br3-s100to200br0-s200to300br2-s300to400br3
/work/T-REX/external/Proteina-Complexa/inference/search_binder_local_pipeline_32_PDL1_ALPHA_REPACK_v7_r003_cand_v7r003_hyp_0003_01_002_a2b1ae63664a8/job_0_n_229_id_59_beam_orig1_bm2-s0to100br1-s100to200br1-s200to300br2-s300to400br3/job_0_n_229_id_59_beam_orig1_bm2-s0to100br1-s100to200br1-s200to300br2-s300to400br3.pdb,237,"2,0,13,16,19,16,19,14,11,3,10,18,19,19,6,18,7,15,2,12,16,9,6,4,11,13,14,19,6,11,5,10,3,10,0,0,10,9,19,18,17,6,12,6,3,11,2,9,9,5,13,19,8,7,6,6,3,10,11,19,5,8,15,15,18,1,5,1,0,1,10,10,11,3,5,10,15,10,7,2,0,0,10,5,9,16,3,19,11,10,5,3,0,7,19,18,1,4,12,9,15,18,7,7,0,3,18,11,1,9,16,19,11,19,2,0,0,13,16,19,16,19,14,11,3,10,18,19,19,6,18,7,15,2,12,16,9,6,4,11,13,14,19,6,11,5,10,3,10,0,0,10,9,19,18,17,6,12,6,3,11,2,9,9,5,13,19,8,7,6,6,3,10,11,19,5,8,15,15,18,1,5,1,0,1,10,10,11,3,5,10,15,10,7,2,0,0,10,5,9,16,3,19,11,10,5,3,0,7,19,18,1,4,12,9,15,18,7,7,0,3,18,11,1,9,16,19,11,19,0,0,0,0",-0.5190583,0.29366082,3.0,0.049433254,56.875923,0.052258965,1.0,0.052258965,0.30791503,0.012462222,0.0,0.0,0.049433254,0.0018054906,0.8603723,0.30791503,4.570119,1.2819594,56.875923,-0.5190583,3.833083,202.55696,0.01207882,0.046607543,1.0,202.55696,0.26996765,0.1396277,4.570119,0.0018054906,0.012845624,0.29366082,0.0,1.2819594,3.833083,0.01207882,0.5190583,0.0,0.012845624,0.5190583,0.59207094,0.046607543,1.0,0.012462222,lookahead,beam_orig1_bm2-s0to100br1-s100to200br1-s200to300br2-s300to400br3
/work/T-REX/external/Proteina-Complexa/inference/search_binder_local_pipeline_32_PDL1_ALPHA_REPACK_v7_r003_cand_v7r003_hyp_0003_01_002_a2b1ae63664a8/job_0_n_233_id_59_beam_orig2_bm2-s0to100br1-s100to200br3-s200to300br3-s300to400br3/job_0_n_233_id_59_beam_orig2_bm2-s0to100br1-s100to200br3-s200to300br3-s300to400br3.pdb,238,"2,0,13,16,19,16,19,14,11,3,10,18,19,19,6,18,7,15,2,12,16,9,6,4,11,13,14,19,6,11,5,10,3,10,0,0,10,9,19,18,17,6,12,6,3,11,2,9,9,5,13,19,8,7,6,6,3,10,11,19,5,8,15,15,18,1,5,1,0,1,10,10,11,3,5,10,15,10,7,2,0,0,10,5,9,16,3,19,11,10,5,3,0,7,19,18,1,4,12,9,15,18,7,7,0,3,18,11,1,9,16,19,11,19,2,0,0,13,16,19,16,19,14,11,3,10,18,19,19,6,18,7,15,2,12,16,9,6,4,11,13,14,19,6,11,5,10,3,10,0,0,10,9,19,18,17,6,12,6,3,11,2,9,9,5,13,19,8,7,6,6,3,10,11,19,5,8,15,15,18,1,5,1,0,1,10,10,11,3,5,10,15,10,7,2,0,0,10,5,9,16,3,19,11,10,5,3,0,7,19,18,1,4,12,9,15,18,7,7,0,3,18,11,1,9,16,19,11,19,2,0,2,0",-0.5193229,0.28663185,3.0,0.05095967,58.30288,0.05319392,1.0,0.05319392,0.31052285,0.012842158,0.0,0.0,0.05095967,0.006041901,0.85802853,0.31052285,5.1531825,1.2860548,58.30288,-0.5193229,3.8934805,198.61775,0.012661681,0.048725422,1.0,198.61775,0.2700103,0.1419715,5.1531825,0.006041901,0.013022635,0.28663185,0.0,1.2860548,3.8934805,0.012661681,0.5193229,0.0,0.013022635,0.5193229,0.5914417,0.048725422,1.0,0.012842158,lookahead,beam_orig2_bm2-s0to100br1-s100to200br3-s200to300br3-s300to400br3
/work/T-REX/external/Proteina-Complexa/inference/search_binder_local_pipeline_32_PDL1_ALPHA_REPACK_v7_r003_cand_v7r003_hyp_0003_01_002_a2b1ae63664a8/job_0_n_180_id_59_beam_orig3_bm2-s0to100br2-s100to200br0-s200to300br2-s300to400br3/job_0_n_180_id_59_beam_orig3_bm2-s0to100br2-s100to200br0-s200to300br2-s300to400br3.pdb,239,"2,0,13,16,19,16,19,14,11,3,10,18,19,19,6,18,7,15,2,12,16,9,6,4,11,13,14,19,6,11,5,10,3,10,0,0,10,9,19,18,17,6,12,6,3,11,2,9,9,5,13,19,8,7,6,6,3,10,11,19,5,8,15,15,18,1,5,1,0,1,10,10,11,3,5,10,15,10,7,2,0,0,10,5,9,16,3,19,11,10,5,3,0,7,19,18,1,4,12,9,15,18,7,7,0,3,18,11,1,9,16,19,11,19,2,0,15,15,10,11,10,2,10,0,10,15,1,6,2,10,7,11,10,18,6,11,10,7,2,10,6,6,0,19,11,2,18,11,6,0,0,11,9,18,12,6,10,7,2,18,3,6,0,7,11,10,10,3,11,0,11,6,10,6,6,11,10,11,6,11,0,0,0,0,0,0,0,0,0,0,0,0,0,0,0,0,0,0,0,0,0,0,0,0,0,0,0,0,0,0,0,0,0,0,0,0,0,0,0,0,0,0,0,0,0,0,0,0,0,0,0,0,0",-0.16135292,0.04662132,3.0,0.59250087,44.036446,0.6882924,1.0,0.6882924,0.13352183,0.59250087,0.0,0.0,0.59250087,0.0057160817,0.9399911,0.13352183,2.5504103,1.3337088,44.036446,-0.16135292,1.8729239,144.18591,0.49670935,0.49670935,1.0,144.18591,0.8183346,0.060008883,2.5504103,0.0057160817,0.6882924,0.04662132,0.0,1.3337088,1.8729239,0.49670935,0.16135292,0.0,0.6882924,0.16135292,0.87655365,0.49670935,1.0,0.59250087,lookahead,beam_orig3_bm2-s0to100br2-s100to200br0-s200to300br2-s300to400br3
/work/T-REX/external/Proteina-Complexa/inference/search_binder_local_pipeline_32_PDL1_ALPHA_REPACK_v7_r003_cand_v7r003_hyp_0003_01_002_a2b1ae63664a8/job_0_n_176_id_60_beam_orig0_bm1-s0to100br3-s100to200br3-s200to300br2-s300to400br0/job_0_n_176_id_60_beam_orig0_bm1-s0to100br3-s100to200br3-s200to300br2-s300to400br0.pdb,240,"2,0,13,16,19,16,19,14,11,3,10,18,19,19,6,18,7,15,2,12,16,9,6,4,11,13,14,19,6,11,5,10,3,10,0,0,10,9,19,18,17,6,12,6,3,11,2,9,9,5,13,19,8,7,6,6,3,10,11,19,5,8,15,15,18,1,5,1,0,1,10,10,11,3,5,10,15,10,7,2,0,0,10,5,9,16,3,19,11,10,5,3,0,7,19,18,1,4,12,9,15,18,7,7,0,3,18,11,1,9,16,19,11,19,2,0,10,15,19,10,16,6,0,6,1,11,0,10,6,12,0,0,8,15,0,7,10,15,19,11,3,13,9,11,6,19,3,11,3,14,15,9,10,6,1,19,16,7,15,3,3,13,1,2,3,9,11,11,0,19,10,11,19,11,0,15,0,0,0,0,0,0,0,0,0,0,0,0,0,0,0,0,0,0,0,0,0,0,0,0,0,0,0,0,0,0,0,0,0,0,0,0,0,0,0,0,0,0,0,0,0,0,0,0,0,0,0,0,0,0,0,0,0",-0.16489746,0.058398675,3.0,0.5081934,30.848782,0.5834151,1.0,0.5834151,0.13349867,0.5081934,0.0,0.0,0.5081934,0.0018241883,0.9171249,0.13349867,0.7792338,1.5925564,30.848782,-0.16489746,2.0546207,153.88124,0.43297172,0.43297172,1.0,153.88124,0.7935729,0.08287505,0.7792338,0.0018241883,0.5834151,0.058398675,0.0,1.5925564,2.0546207,0.43297172,0.16489746,0.0,0.5834151,0.16489746,0.8715149,0.43297172,1.0,0.5081934,lookahead,beam_orig0_bm1-s0to100br3-s100to200br3-s200to300br2-s300to400br0
/work/T-REX/external/Proteina-Complexa/inference/search_binder_local_pipeline_32_PDL1_ALPHA_REPACK_v7_r003_cand_v7r003_hyp_0003_01_002_a2b1ae63664a8/job_0_n_229_id_60_beam_orig1_bm2-s0to100br1-s100to200br1-s200to300br1-s300to400br0/job_0_n_229_id_60_beam_orig1_bm2-s0to100br1-s100to200br1-s200to300br1-s300to400br0.pdb,241,"2,0,13,16,19,16,19,14,11,3,10,18,19,19,6,18,7,15,2,12,16,9,6,4,11,13,14,19,6,11,5,10,3,10,0,0,10,9,19,18,17,6,12,6,3,11,2,9,9,5,13,19,8,7,6,6,3,10,11,19,5,8,15,15,18,1,5,1,0,1,10,10,11,3,5,10,15,10,7,2,0,0,10,5,9,16,3,19,11,10,5,3,0,7,19,18,1,4,12,9,15,18,7,7,0,3,18,11,1,9,16,19,11,19,2,0,0,13,16,19,16,19,14,11,3,10,18,19,19,6,18,7,15,2,12,16,9,6,4,11,13,14,19,6,11,5,10,3,10,0,0,10,9,19,18,17,6,12,6,3,11,2,9,9,5,13,19,8,7,6,6,3,10,11,19,5,8,15,15,18,1,5,1,0,1,10,10,11,3,5,10,15,10,7,2,0,0,10,5,9,16,3,19,11,10,5,3,0,7,19,18,1,4,12,9,15,18,7,7,0,3,18,11,1,9,16,19,11,19,0,0,0,0",-0.5157799,0.28861016,3.0,0.050588258,58.696606,0.052951593,1.0,0.052951593,0.30552888,0.012831081,0.0,0.0,0.050588258,0.0017321031,0.86198056,0.30552888,4.8084803,1.2690542,58.696606,-0.5157799,3.822689,196.93843,0.012508338,0.04822492,1.0,196.93843,0.27066284,0.13801944,4.8084803,0.0017321031,0.013153822,0.28861016,0.0,1.2690542,3.822689,0.012508338,0.5157799,0.0,0.013153822,0.5157799,0.5927068,0.04822492,1.0,0.012831081,lookahead,beam_orig1_bm2-s0to100br1-s100to200br1-s200to300br1-s300to400br0
/work/T-REX/external/Proteina-Complexa/inference/search_binder_local_pipeline_32_PDL1_ALPHA_REPACK_v7_r003_cand_v7r003_hyp_0003_01_002_a2b1ae63664a8/job_0_n_233_id_60_beam_orig2_bm0-s0to100br2-s100to200br3-s200to300br1-s300to400br0/job_0_n_233_id_60_beam_orig2_bm0-s0to100br2-s100to200br3-s200to300br1-s300to400br0.pdb,242,"2,0,13,16,19,16,19,14,11,3,10,18,19,19,6,18,7,15,2,12,16,9,6,4,11,13,14,19,6,11,5,10,3,10,0,0,10,9,19,18,17,6,12,6,3,11,2,9,9,5,13,19,8,7,6,6,3,10,11,19,5,8,15,15,18,1,5,1,0,1,10,10,11,3,5,10,15,10,7,2,0,0,10,5,9,16,3,19,11,10,5,3,0,7,19,18,1,4,12,9,15,18,7,7,0,3,18,11,1,9,16,19,11,19,2,0,0,13,16,19,16,19,14,11,3,10,18,19,19,6,18,7,15,2,12,16,9,6,4,11,13,14,19,6,11,5,10,3,10,0,0,10,9,19,18,17,6,12,6,3,11,2,9,9,5,13,19,8,7,6,6,3,10,11,19,5,8,15,15,18,1,5,1,0,1,10,10,11,3,5,10,15,10,7,2,0,0,10,5,9,16,3,19,11,10,5,3,0,7,19,18,1,4,12,9,15,18,7,7,0,3,18,11,1,9,16,19,11,19,2,0,2,8",-0.5239411,0.29198167,3.0,0.050421312,57.560978,0.053241253,1.0,0.053241253,0.31330794,0.012638788,0.0,0.0,0.050421312,0.012570178,0.8564141,0.31330794,4.651305,1.3004305,57.560978,-0.5239411,3.9065204,194.83488,0.012212304,0.047601372,1.0,194.83488,0.26842397,0.14358594,4.651305,0.012570178,0.013065271,0.29198167,0.0,1.3004305,3.9065204,0.012212304,0.5239411,0.0,0.013065271,0.5239411,0.5892085,0.047601372,1.0,0.012638788,lookahead,beam_orig2_bm0-s0to100br2-s100to200br3-s200to300br1-s300to400br0
/work/T-REX/external/Proteina-Complexa/inference/search_binder_local_pipeline_32_PDL1_ALPHA_REPACK_v7_r003_cand_v7r003_hyp_0003_01_002_a2b1ae63664a8/job_0_n_180_id_60_beam_orig3_bm2-s0to100br2-s100to200br0-s200to300br0-s300to400br0/job_0_n_180_id_60_beam_orig3_bm2-s0to100br2-s100to200br0-s200to300br0-s300to400br0.pdb,243,"2,0,13,16,19,16,19,14,11,3,10,18,19,19,6,18,7,15,2,12,16,9,6,4,11,13,14,19,6,11,5,10,3,10,0,0,10,9,19,18,17,6,12,6,3,11,2,9,9,5,13,19,8,7,6,6,3,10,11,19,5,8,15,15,18,1,5,1,0,1,10,10,11,3,5,10,15,10,7,2,0,0,10,5,9,16,3,19,11,10,5,3,0,7,19,18,1,4,12,9,15,18,7,7,0,3,18,11,1,9,16,19,11,19,2,0,15,15,10,11,2,2,10,0,10,15,18,2,2,10,7,10,9,18,6,11,10,7,2,10,6,6,0,19,11,15,18,11,6,0,0,11,9,18,12,6,10,7,2,13,3,6,0,7,11,15,10,3,6,0,11,11,10,6,6,11,9,11,6,11,0,0,0,0,0,0,0,0,0,0,0,0,0,0,0,0,0,0,0,0,0,0,0,0,0,0,0,0,0,0,0,0,0,0,0,0,0,0,0,0,0,0,0,0,0,0,0,0,0,0,0,0,0",-0.1625378,0.04784896,3.0,0.587078,48.014664,0.6828934,1.0,0.6828934,0.13307841,0.587078,0.0,0.0,0.587078,0.0042863116,0.94303215,0.13307841,2.769712,1.278033,48.014664,-0.1625378,1.8329469,147.19046,0.49126258,0.49126258,1.0,147.19046,0.8206823,0.056967847,2.769712,0.0042863116,0.6828934,0.04784896,0.0,1.278033,1.8329469,0.49126258,0.1625378,0.0,0.6828934,0.1625378,0.8754519,0.49126258,1.0,0.587078,lookahead,beam_orig3_bm2-s0to100br2-s100to200br0-s200to300br0-s300to400br0
/work/T-REX/external/Proteina-Complexa/inference/search_binder_local_pipeline_32_PDL1_ALPHA_REPACK_v7_r003_cand_v7r003_hyp_0003_01_002_a2b1ae63664a8/job_0_n_176_id_61_beam_orig0_bm1-s0to100br3-s100to200br3-s200to300br2-s300to400br1/job_0_n_176_id_61_beam_orig0_bm1-s0to100br3-s100to200br3-s200to300br2-s300to400br1.pdb,244,"2,0,13,16,19,16,19,14,11,3,10,18,19,19,6,18,7,15,2,12,16,9,6,4,11,13,14,19,6,11,5,10,3,10,0,0,10,9,19,18,17,6,12,6,3,11,2,9,9,5,13,19,8,7,6,6,3,10,11,19,5,8,15,15,18,1,5,1,0,1,10,10,11,3,5,10,15,10,7,2,0,0,10,5,9,16,3,19,11,10,5,3,0,7,19,18,1,4,12,9,15,18,7,7,0,3,18,11,1,9,16,19,11,19,2,0,10,15,19,10,16,6,0,6,1,11,0,10,6,12,0,0,8,15,0,7,10,15,19,11,3,13,9,11,6,19,3,11,3,14,15,9,10,6,1,19,16,7,15,3,3,13,1,2,3,9,11,11,0,19,10,11,19,11,0,15,0,0,0,0,0,0,0,0,0,0,0,0,0,0,0,0,0,0,0,0,0,0,0,0,0,0,0,0,0,0,0,0,0,0,0,0,0,0,0,0,0,0,0,0,0,0,0,0,0,0,0,0,0,0,0,0,0",-0.16481178,0.058243226,3.0,0.5077904,28.071987,0.5846247,1.0,0.5846247,0.13333939,0.5077904,0.0,0.0,0.5077904,0.0017844589,0.9176799,0.13333939,0.77914363,1.5893614,28.071987,-0.16481178,2.0549316,153.4452,0.43095607,0.43095607,1.0,153.4452,0.792851,0.08232011,0.77914363,0.0017844589,0.5846247,0.058243226,0.0,1.5893614,2.0549316,0.43095607,0.16481178,0.0,0.5846247,0.16481178,0.8712405,0.43095607,1.0,0.5077904,lookahead,beam_orig0_bm1-s0to100br3-s100to200br3-s200to300br2-s300to400br1
/work/T-REX/external/Proteina-Complexa/inference/search_binder_local_pipeline_32_PDL1_ALPHA_REPACK_v7_r003_cand_v7r003_hyp_0003_01_002_a2b1ae63664a8/job_0_n_229_id_61_beam_orig1_bm2-s0to100br1-s100to200br1-s200to300br1-s300to400br1/job_0_n_229_id_61_beam_orig1_bm2-s0to100br1-s100to200br1-s200to300br1-s300to400br1.pdb,245,"2,0,13,16,19,16,19,14,11,3,10,18,19,19,6,18,7,15,2,12,16,9,6,4,11,13,14,19,6,11,5,10,3,10,0,0,10,9,19,18,17,6,12,6,3,11,2,9,9,5,13,19,8,7,6,6,3,10,11,19,5,8,15,15,18,1,5,1,0,1,10,10,11,3,5,10,15,10,7,2,0,0,10,5,9,16,3,19,11,10,5,3,0,7,19,18,1,4,12,9,15,18,7,7,0,3,18,11,1,9,16,19,11,19,2,0,0,13,16,19,16,19,14,11,3,10,18,19,19,6,18,7,15,2,12,16,9,6,4,11,13,14,19,6,11,5,10,3,10,0,0,10,9,19,18,17,6,12,6,3,11,2,9,9,5,13,19,8,7,6,6,3,10,11,19,5,8,15,15,18,1,5,1,0,1,10,10,11,3,5,10,15,10,7,2,0,0,10,5,9,16,3,19,11,10,5,3,0,7,19,18,1,4,12,9,15,18,7,7,0,3,18,11,1,9,16,19,11,19,0,0,0,0",-0.5247937,0.29550263,3.0,0.046108693,58.601887,0.04860075,1.0,0.04860075,0.31039613,0.01246628,0.0,0.0,0.046108693,0.0017556105,0.86178005,0.31039613,4.7939763,1.2754673,58.601887,-0.5247937,3.8510227,194.24774,0.012174608,0.04361664,1.0,194.24774,0.2646969,0.13821997,4.7939763,0.0017556105,0.01275795,0.29550263,0.0,1.2754673,3.8510227,0.012174608,0.5247937,0.0,0.01275795,0.5247937,0.5897714,0.04361664,1.0,0.01246628,lookahead,beam_orig1_bm2-s0to100br1-s100to200br1-s200to300br1-s300to400br1
/work/T-REX/external/Proteina-Complexa/inference/search_binder_local_pipeline_32_PDL1_ALPHA_REPACK_v7_r003_cand_v7r003_hyp_0003_01_002_a2b1ae63664a8/job_0_n_233_id_61_beam_orig2_bm0-s0to100br2-s100to200br3-s200to300br1-s300to400br1/job_0_n_233_id_61_beam_orig2_bm0-s0to100br2-s100to200br3-s200to300br1-s300to400br1.pdb,246,"2,0,13,16,19,16,19,14,11,3,10,18,19,19,6,18,7,15,2,12,16,9,6,4,11,13,14,19,6,11,5,10,3,10,0,0,10,9,19,18,17,6,12,6,3,11,2,9,9,5,13,19,8,7,6,6,3,10,11,19,5,8,15,15,18,1,5,1,0,1,10,10,11,3,5,10,15,10,7,2,0,0,10,5,9,16,3,19,11,10,5,3,0,7,19,18,1,4,12,9,15,18,7,7,0,3,18,11,1,9,16,19,11,19,2,0,0,13,16,19,16,19,14,11,3,10,18,19,19,6,18,7,15,2,12,16,9,6,4,11,13,14,19,6,11,5,10,3,10,0,0,10,9,19,18,17,6,12,6,3,11,2,9,9,5,13,19,8,7,6,6,3,10,11,19,5,8,15,15,18,1,5,1,0,1,10,10,11,3,5,10,15,10,7,2,0,0,10,5,9,16,3,19,11,10,5,3,0,7,19,18,1,4,12,9,15,18,7,7,0,3,18,11,1,9,16,19,11,19,2,0,2,8",-0.5240403,0.29070646,3.0,0.050272368,57.158295,0.053165577,1.0,0.053165577,0.31374985,0.012755228,0.0,0.0,0.050272368,0.012359222,0.8553308,0.31374985,4.5969625,1.3079417,57.158295,-0.5240403,3.9085615,200.79822,0.012576231,0.047379162,1.0,200.79822,0.2683648,0.14466915,4.5969625,0.012359222,0.012934226,0.29070646,0.0,1.3079417,3.9085615,0.012576231,0.5240403,0.0,0.012934226,0.5240403,0.5885265,0.047379162,1.0,0.012755228,lookahead,beam_orig2_bm0-s0to100br2-s100to200br3-s200to300br1-s300to400br1
/work/T-REX/external/Proteina-Complexa/inference/search_binder_local_pipeline_32_PDL1_ALPHA_REPACK_v7_r003_cand_v7r003_hyp_0003_01_002_a2b1ae63664a8/job_0_n_180_id_61_beam_orig3_bm2-s0to100br2-s100to200br0-s200to300br0-s300to400br1/job_0_n_180_id_61_beam_orig3_bm2-s0to100br2-s100to200br0-s200to300br0-s300to400br1.pdb,247,"2,0,13,16,19,16,19,14,11,3,10,18,19,19,6,18,7,15,2,12,16,9,6,4,11,13,14,19,6,11,5,10,3,10,0,0,10,9,19,18,17,6,12,6,3,11,2,9,9,5,13,19,8,7,6,6,3,10,11,19,5,8,15,15,18,1,5,1,0,1,10,10,11,3,5,10,15,10,7,2,0,0,10,5,9,16,3,19,11,10,5,3,0,7,19,18,1,4,12,9,15,18,7,7,0,3,18,11,1,9,16,19,11,19,2,0,15,15,10,11,2,2,10,0,10,15,18,2,2,10,7,10,9,18,6,11,10,7,2,10,6,6,0,19,11,15,18,11,6,0,0,11,9,18,12,6,10,7,2,13,3,6,0,7,11,15,10,3,6,0,11,11,10,6,6,11,9,11,6,11,0,0,0,0,0,0,0,0,0,0,0,0,0,0,0,0,0,0,0,0,0,0,0,0,0,0,0,0,0,0,0,0,0,0,0,0,0,0,0,0,0,0,0,0,0,0,0,0,0,0,0,0,0",-0.16298527,0.048123594,3.0,0.58638436,48.732384,0.6827856,1.0,0.6827856,0.13347416,0.58638436,0.0,0.0,0.58638436,0.0045647947,0.9427042,0.13347416,2.7322845,1.2781671,48.732384,-0.16298527,1.8332107,145.9173,0.48998314,0.48998314,1.0,145.9173,0.82110393,0.057295784,2.7322845,0.0045647947,0.6827856,0.048123594,0.0,1.2781671,1.8332107,0.48998314,0.16298527,0.0,0.6827856,0.16298527,0.8755313,0.48998314,1.0,0.58638436,lookahead,beam_orig3_bm2-s0to100br2-s100to200br0-s200to300br0-s300to400br1
/work/T-REX/external/Proteina-Complexa/inference/search_binder_local_pipeline_32_PDL1_ALPHA_REPACK_v7_r003_cand_v7r003_hyp_0003_01_002_a2b1ae63664a8/job_0_n_176_id_62_beam_orig0_bm1-s0to100br3-s100to200br3-s200to300br2-s300to400br2/job_0_n_176_id_62_beam_orig0_bm1-s0to100br3-s100to200br3-s200to300br2-s300to400br2.pdb,248,"2,0,13,16,19,16,19,14,11,3,10,18,19,19,6,18,7,15,2,12,16,9,6,4,11,13,14,19,6,11,5,10,3,10,0,0,10,9,19,18,17,6,12,6,3,11,2,9,9,5,13,19,8,7,6,6,3,10,11,19,5,8,15,15,18,1,5,1,0,1,10,10,11,3,5,10,15,10,7,2,0,0,10,5,9,16,3,19,11,10,5,3,0,7,19,18,1,4,12,9,15,18,7,7,0,3,18,11,1,9,16,19,11,19,2,0,10,15,19,10,16,6,0,6,1,11,0,10,6,12,0,0,8,15,0,7,10,15,19,11,3,13,9,11,6,19,3,11,3,14,15,9,10,6,1,19,16,7,15,3,3,13,1,2,3,9,11,11,0,19,10,11,19,11,0,15,0,0,0,0,0,0,0,0,0,0,0,0,0,0,0,0,0,0,0,0,0,0,0,0,0,0,0,0,0,0,0,0,0,0,0,0,0,0,0,0,0,0,0,0,0,0,0,0,0,0,0,0,0,0,0,0,0",-0.16490012,0.057857204,3.0,0.51090145,31.355047,0.5860922,1.0,0.5860922,0.13356704,0.51090145,0.0,0.0,0.51090145,0.0018834175,0.9171733,0.13356704,0.7847988,1.5925162,31.355047,-0.16490012,2.0515287,152.07794,0.4357108,0.4357108,1.0,152.07794,0.79482996,0.082826674,0.7847988,0.0018834175,0.5860922,0.057857204,0.0,1.5925162,2.0515287,0.4357108,0.16490012,0.0,0.5860922,0.16490012,0.87214637,0.4357108,1.0,0.51090145,lookahead,beam_orig0_bm1-s0to100br3-s100to200br3-s200to300br2-s300to400br2
/work/T-REX/external/Proteina-Complexa/inference/search_binder_local_pipeline_32_PDL1_ALPHA_REPACK_v7_r003_cand_v7r003_hyp_0003_01_002_a2b1ae63664a8/job_0_n_229_id_62_beam_orig1_bm2-s0to100br1-s100to200br1-s200to300br1-s300to400br2/job_0_n_229_id_62_beam_orig1_bm2-s0to100br1-s100to200br1-s200to300br1-s300to400br2.pdb,249,"2,0,13,16,19,16,19,14,11,3,10,18,19,19,6,18,7,15,2,12,16,9,6,4,11,13,14,19,6,11,5,10,3,10,0,0,10,9,19,18,17,6,12,6,3,11,2,9,9,5,13,19,8,7,6,6,3,10,11,19,5,8,15,15,18,1,5,1,0,1,10,10,11,3,5,10,15,10,7,2,0,0,10,5,9,16,3,19,11,10,5,3,0,7,19,18,1,4,12,9,15,18,7,7,0,3,18,11,1,9,16,19,11,19,2,0,0,13,16,19,16,19,14,11,3,10,18,19,19,6,18,7,15,2,12,16,9,6,4,11,13,14,19,6,11,5,10,3,10,0,0,10,9,19,18,17,6,12,6,3,11,2,9,9,5,13,19,8,7,6,6,3,10,11,19,5,8,15,15,18,1,5,1,0,1,10,10,11,3,5,10,15,10,7,2,0,0,10,5,9,16,3,19,11,10,5,3,0,7,19,18,1,4,12,9,15,18,7,7,0,3,18,11,1,9,16,19,11,19,0,0,0,0",-0.5225912,0.29495662,3.0,0.047569208,58.36536,0.04899822,1.0,0.04899822,0.309084,0.012351733,0.0,0.0,0.047569208,0.0017306911,0.86160076,0.309084,4.7388372,1.2719212,58.36536,-0.5225912,3.8389351,199.59953,0.011980725,0.04614019,1.0,199.59953,0.26534843,0.13839923,4.7388372,0.0017306911,0.012722739,0.29495662,0.0,1.2719212,3.8389351,0.011980725,0.5225912,0.0,0.012722739,0.5225912,0.5900146,0.04614019,1.0,0.012351733,lookahead,beam_orig1_bm2-s0to100br1-s100to200br1-s200to300br1-s300to400br2
/work/T-REX/external/Proteina-Complexa/inference/search_binder_local_pipeline_32_PDL1_ALPHA_REPACK_v7_r003_cand_v7r003_hyp_0003_01_002_a2b1ae63664a8/job_0_n_233_id_62_beam_orig2_bm0-s0to100br2-s100to200br3-s200to300br1-s300to400br2/job_0_n_233_id_62_beam_orig2_bm0-s0to100br2-s100to200br3-s200to300br1-s300to400br2.pdb,250,"2,0,13,16,19,16,19,14,11,3,10,18,19,19,6,18,7,15,2,12,16,9,6,4,11,13,14,19,6,11,5,10,3,10,0,0,10,9,19,18,17,6,12,6,3,11,2,9,9,5,13,19,8,7,6,6,3,10,11,19,5,8,15,15,18,1,5,1,0,1,10,10,11,3,5,10,15,10,7,2,0,0,10,5,9,16,3,19,11,10,5,3,0,7,19,18,1,4,12,9,15,18,7,7,0,3,18,11,1,9,16,19,11,19,2,0,0,13,16,19,16,19,14,11,3,10,18,19,19,6,18,7,15,2,12,16,9,6,4,11,13,14,19,6,11,5,10,3,10,0,0,10,9,19,18,17,6,12,6,3,11,2,9,9,5,13,19,8,7,6,6,3,10,11,19,5,8,15,15,18,1,5,1,0,1,10,10,11,3,5,10,15,10,7,2,0,0,10,5,9,16,3,19,11,10,5,3,0,7,19,18,1,4,12,9,15,18,7,7,0,3,18,11,1,9,16,19,11,19,2,0,2,0",-0.5224646,0.2923637,3.0,0.04972073,56.90082,0.05232682,1.0,0.05232682,0.31174585,0.012630818,0.0,0.0,0.04972073,0.00605875,0.858454,0.31174585,4.685837,1.2835515,56.90082,-0.5224646,3.8994117,197.75938,0.012326468,0.04711464,1.0,197.75938,0.26799107,0.14154598,4.685837,0.00605875,0.012935169,0.2923637,0.0,1.2835515,3.8994117,0.012326468,0.5224646,0.0,0.012935169,0.5224646,0.5903301,0.04711464,1.0,0.012630818,lookahead,beam_orig2_bm0-s0to100br2-s100to200br3-s200to300br1-s300to400br2
/work/T-REX/external/Proteina-Complexa/inference/search_binder_local_pipeline_32_PDL1_ALPHA_REPACK_v7_r003_cand_v7r003_hyp_0003_01_002_a2b1ae63664a8/job_0_n_180_id_62_beam_orig3_bm2-s0to100br2-s100to200br0-s200to300br0-s300to400br2/job_0_n_180_id_62_beam_orig3_bm2-s0to100br2-s100to200br0-s200to300br0-s300to400br2.pdb,251,"2,0,13,16,19,16,19,14,11,3,10,18,19,19,6,18,7,15,2,12,16,9,6,4,11,13,14,19,6,11,5,10,3,10,0,0,10,9,19,18,17,6,12,6,3,11,2,9,9,5,13,19,8,7,6,6,3,10,11,19,5,8,15,15,18,1,5,1,0,1,10,10,11,3,5,10,15,10,7,2,0,0,10,5,9,16,3,19,11,10,5,3,0,7,19,18,1,4,12,9,15,18,7,7,0,3,18,11,1,9,16,19,11,19,2,0,15,15,10,11,2,2,10,0,10,15,18,2,2,10,7,10,9,18,6,11,10,7,2,10,6,6,0,19,11,15,18,11,6,0,0,11,9,18,12,6,10,7,2,13,3,6,0,7,11,15,10,3,6,0,11,11,10,6,6,11,9,11,6,11,0,0,0,0,0,0,0,0,0,0,0,0,0,0,0,0,0,0,0,0,0,0,0,0,0,0,0,0,0,0,0,0,0,0,0,0,0,0,0,0,0,0,0,0,0,0,0,0,0,0,0,0,0",-0.16289395,0.047686066,3.0,0.5856483,49.664078,0.6816782,1.0,0.6816782,0.13335301,0.5856483,0.0,0.0,0.5856483,0.004458694,0.94282585,0.13335301,2.7663636,1.2777607,49.664078,-0.16289395,1.8381807,146.43658,0.48961842,0.48961842,1.0,146.43658,0.8209475,0.05717416,2.7663636,0.004458694,0.6816782,0.047686066,0.0,1.2777607,1.8381807,0.48961842,0.16289395,0.0,0.6816782,0.16289395,0.8754966,0.48961842,1.0,0.5856483,lookahead,beam_orig3_bm2-s0to100br2-s100to200br0-s200to300br0-s300to400br2
/work/T-REX/external/Proteina-Complexa/inference/search_binder_local_pipeline_32_PDL1_ALPHA_REPACK_v7_r003_cand_v7r003_hyp_0003_01_002_a2b1ae63664a8/job_0_n_176_id_63_beam_orig0_bm1-s0to100br3-s100to200br3-s200to300br2-s300to400br3/job_0_n_176_id_63_beam_orig0_bm1-s0to100br3-s100to200br3-s200to300br2-s300to400br3.pdb,252,"2,0,13,16,19,16,19,14,11,3,10,18,19,19,6,18,7,15,2,12,16,9,6,4,11,13,14,19,6,11,5,10,3,10,0,0,10,9,19,18,17,6,12,6,3,11,2,9,9,5,13,19,8,7,6,6,3,10,11,19,5,8,15,15,18,1,5,1,0,1,10,10,11,3,5,10,15,10,7,2,0,0,10,5,9,16,3,19,11,10,5,3,0,7,19,18,1,4,12,9,15,18,7,7,0,3,18,11,1,9,16,19,11,19,2,0,10,15,19,10,16,6,0,6,1,11,0,10,6,12,0,0,8,15,0,7,10,15,19,11,3,13,9,11,6,19,3,11,3,14,15,9,10,6,1,19,16,7,15,3,3,13,1,2,3,9,11,11,0,19,10,11,19,11,0,15,0,0,0,0,0,0,0,0,0,0,0,0,0,0,0,0,0,0,0,0,0,0,0,0,0,0,0,0,0,0,0,0,0,0,0,0,0,0,0,0,0,0,0,0,0,0,0,0,0,0,0,0,0,0,0,0,0",-0.16466916,0.057968516,3.0,0.50961053,33.69149,0.5852894,1.0,0.5852894,0.13335331,0.50961053,0.0,0.0,0.50961053,0.0018267116,0.9170535,0.13335331,0.7404969,1.5914583,33.69149,-0.16466916,2.0542006,154.80173,0.4339317,0.4339317,1.0,154.80173,0.79398406,0.08294648,0.7404969,0.0018267116,0.5852894,0.057968516,0.0,1.5914583,2.0542006,0.4339317,0.16466916,0.0,0.5852894,0.16466916,0.8715134,0.4339317,1.0,0.50961053,lookahead,beam_orig0_bm1-s0to100br3-s100to200br3-s200to300br2-s300to400br3
/work/T-REX/external/Proteina-Complexa/inference/search_binder_local_pipeline_32_PDL1_ALPHA_REPACK_v7_r003_cand_v7r003_hyp_0003_01_002_a2b1ae63664a8/job_0_n_229_id_63_beam_orig1_bm2-s0to100br1-s100to200br1-s200to300br1-s300to400br3/job_0_n_229_id_63_beam_orig1_bm2-s0to100br1-s100to200br1-s200to300br1-s300to400br3.pdb,253,"2,0,13,16,19,16,19,14,11,3,10,18,19,19,6,18,7,15,2,12,16,9,6,4,11,13,14,19,6,11,5,10,3,10,0,0,10,9,19,18,17,6,12,6,3,11,2,9,9,5,13,19,8,7,6,6,3,10,11,19,5,8,15,15,18,1,5,1,0,1,10,10,11,3,5,10,15,10,7,2,0,0,10,5,9,16,3,19,11,10,5,3,0,7,19,18,1,4,12,9,15,18,7,7,0,3,18,11,1,9,16,19,11,19,2,0,0,13,16,19,16,19,14,11,3,10,18,19,19,6,18,7,15,2,12,16,9,6,4,11,13,14,19,6,11,5,10,3,10,0,0,10,9,19,18,17,6,12,6,3,11,2,9,9,5,13,19,8,7,6,6,3,10,11,19,5,8,15,15,18,1,5,1,0,1,10,10,11,3,5,10,15,10,7,2,0,0,10,5,9,16,3,19,11,10,5,3,0,7,19,18,1,4,12,9,15,18,7,7,0,3,18,11,1,9,16,19,11,19,0,0,0,0",-0.51240546,0.28508604,3.0,0.052529015,61.246616,0.05527805,1.0,0.05527805,0.30373958,0.012908669,0.0,0.0,0.052529015,0.0017189552,0.86200666,0.30373958,4.9482436,1.267076,61.246616,-0.51240546,3.814933,196.49901,0.012800037,0.049779974,1.0,196.49901,0.27331805,0.13799335,4.9482436,0.0017189552,0.013017302,0.28508604,0.0,1.267076,3.814933,0.012800037,0.51240546,0.0,0.013017302,0.51240546,0.59397507,0.049779974,1.0,0.012908669,lookahead,beam_orig1_bm2-s0to100br1-s100to200br1-s200to300br1-s300to400br3
/work/T-REX/external/Proteina-Complexa/inference/search_binder_local_pipeline_32_PDL1_ALPHA_REPACK_v7_r003_cand_v7r003_hyp_0003_01_002_a2b1ae63664a8/job_0_n_233_id_63_beam_orig2_bm0-s0to100br2-s100to200br3-s200to300br1-s300to400br3/job_0_n_233_id_63_beam_orig2_bm0-s0to100br2-s100to200br3-s200to300br1-s300to400br3.pdb,254,"2,0,13,16,19,16,19,14,11,3,10,18,19,19,6,18,7,15,2,12,16,9,6,4,11,13,14,19,6,11,5,10,3,10,0,0,10,9,19,18,17,6,12,6,3,11,2,9,9,5,13,19,8,7,6,6,3,10,11,19,5,8,15,15,18,1,5,1,0,1,10,10,11,3,5,10,15,10,7,2,0,0,10,5,9,16,3,19,11,10,5,3,0,7,19,18,1,4,12,9,15,18,7,7,0,3,18,11,1,9,16,19,11,19,2,0,0,13,16,19,16,19,14,11,3,10,18,19,19,6,18,7,15,2,12,16,9,6,4,11,13,14,19,6,11,5,10,3,10,0,0,10,9,19,18,17,6,12,6,3,11,2,9,9,5,13,19,8,7,6,6,3,10,11,19,5,8,15,15,18,1,5,1,0,1,10,10,11,3,5,10,15,10,7,2,0,0,10,5,9,16,3,19,11,10,5,3,0,7,19,18,1,4,12,9,15,18,7,7,0,3,18,11,1,9,16,19,11,19,2,0,2,8",-0.51989627,0.2881384,3.0,0.051418915,57.36653,0.054367993,1.0,0.054367993,0.3115284,0.012825379,0.0,0.0,0.051418915,0.012361823,0.85505956,0.3115284,4.7244577,1.3039186,57.36653,-0.51989627,3.8954277,196.88213,0.012539166,0.048469834,1.0,196.88213,0.2710547,0.14494045,4.7244577,0.012361823,0.013111592,0.2881384,0.0,1.3039186,3.8954277,0.012539166,0.51989627,0.0,0.013111592,0.51989627,0.5900358,0.048469834,1.0,0.012825379,lookahead,beam_orig2_bm0-s0to100br2-s100to200br3-s200to300br1-s300to400br3
/work/T-REX/external/Proteina-Complexa/inference/search_binder_local_pipeline_32_PDL1_ALPHA_REPACK_v7_r003_cand_v7r003_hyp_0003_01_002_a2b1ae63664a8/job_0_n_180_id_63_beam_orig3_bm2-s0to100br2-s100to200br0-s200to300br0-s300to400br3/job_0_n_180_id_63_beam_orig3_bm2-s0to100br2-s100to200br0-s200to300br0-s300to400br3.pdb,255,"2,0,13,16,19,16,19,14,11,3,10,18,19,19,6,18,7,15,2,12,16,9,6,4,11,13,14,19,6,11,5,10,3,10,0,0,10,9,19,18,17,6,12,6,3,11,2,9,9,5,13,19,8,7,6,6,3,10,11,19,5,8,15,15,18,1,5,1,0,1,10,10,11,3,5,10,15,10,7,2,0,0,10,5,9,16,3,19,11,10,5,3,0,7,19,18,1,4,12,9,15,18,7,7,0,3,18,11,1,9,16,19,11,19,2,0,15,15,10,11,2,2,10,0,10,15,18,2,2,10,7,10,9,18,6,11,10,7,2,10,6,6,0,19,11,15,18,11,6,0,0,11,9,18,12,6,10,7,2,13,3,6,0,7,11,15,10,3,6,0,11,11,10,6,6,11,9,11,6,11,0,0,0,0,0,0,0,0,0,0,0,0,0,0,0,0,0,0,0,0,0,0,0,0,0,0,0,0,0,0,0,0,0,0,0,0,0,0,0,0,0,0,0,0,0,0,0,0,0,0,0,0,0",-0.1636182,0.047944196,3.0,0.58235145,49.45454,0.6797182,1.0,0.6797182,0.13383088,0.58235145,0.0,0.0,0.58235145,0.0042321393,0.94266105,0.13383088,2.7698724,1.2784522,49.45454,-0.1636182,1.839123,148.25854,0.48498476,0.48498476,1.0,148.25854,0.8199659,0.057338946,2.7698724,0.0042321393,0.6797182,0.047944196,0.0,1.2784522,1.839123,0.48498476,0.1636182,0.0,0.6797182,0.1636182,0.8748014,0.48498476,1.0,0.58235145,lookahead,beam_orig3_bm2-s0to100br2-s100to200br0-s200to300br0-s300to400br3
/work/T-REX/external/Proteina-Complexa/inference/search_binder_local_pipeline_32_PDL1_ALPHA_REPACK_v7_r003_cand_v7r003_hyp_0003_01_002_a2b1ae63664a8/job_0_n_176_id_64_beam_orig0_bm1-s0to100br3-s100to200br3-s200to300br3-s300to400br3/job_0_n_176_id_64_beam_orig0_bm1-s0to100br3-s100to200br3-s200to300br3-s300to400br3.pdb,256,"2,0,13,16,19,16,19,14,11,3,10,18,19,19,6,18,7,15,2,12,16,9,6,4,11,13,14,19,6,11,5,10,3,10,0,0,10,9,19,18,17,6,12,6,3,11,2,9,9,5,13,19,8,7,6,6,3,10,11,19,5,8,15,15,18,1,5,1,0,1,10,10,11,3,5,10,15,10,7,2,0,0,10,5,9,16,3,19,11,10,5,3,0,7,19,18,1,4,12,9,15,18,7,7,0,3,18,11,1,9,16,19,11,19,2,0,10,15,19,10,16,3,15,6,1,11,0,10,6,12,0,0,2,0,0,7,10,15,19,11,6,13,9,19,0,19,3,11,3,14,15,9,10,3,11,18,16,7,15,6,14,13,1,5,3,9,1,11,9,19,5,11,19,11,0,15,0,0,0,0,0,0,0,0,0,0,0,0,0,0,0,0,0,0,0,0,0,0,0,0,0,0,0,0,0,0,0,0,0,0,0,0,0,0,0,0,0,0,0,0,0,0,0,0,0,0,0,0,0,0,0,0,0",-0.14596863,0.04252368,3.0,0.6070931,38.653347,0.6884151,1.0,0.6884151,0.120451406,0.6070931,0.0,0.0,0.6070931,0.0013244213,0.92768407,0.120451406,1.0691435,1.4904809,38.653347,-0.14596863,1.8629363,158.18861,0.5257711,0.5257711,1.0,158.18861,0.8285693,0.07231595,1.0691435,0.0013244213,0.6884151,0.04252368,0.0,1.4904809,1.8629363,0.5257711,0.14596863,0.0,0.6884151,0.14596863,0.8834419,0.5257711,1.0,0.6070931,final,beam_orig0_bm1-s0to100br3-s100to200br3-s200to300br3-s300to400br3
/work/T-REX/external/Proteina-Complexa/inference/search_binder_local_pipeline_32_PDL1_ALPHA_REPACK_v7_r003_cand_v7r003_hyp_0003_01_002_a2b1ae63664a8/job_0_n_176_id_65_beam_orig0_bm1-s0to100br3-s100to200br3-s200to300br3-s300to400br2/job_0_n_176_id_65_beam_orig0_bm1-s0to100br3-s100to200br3-s200to300br3-s300to400br2.pdb,257,"2,0,13,16,19,16,19,14,11,3,10,18,19,19,6,18,7,15,2,12,16,9,6,4,11,13,14,19,6,11,5,10,3,10,0,0,10,9,19,18,17,6,12,6,3,11,2,9,9,5,13,19,8,7,6,6,3,10,11,19,5,8,15,15,18,1,5,1,0,1,10,10,11,3,5,10,15,10,7,2,0,0,10,5,9,16,3,19,11,10,5,3,0,7,19,18,1,4,12,9,15,18,7,7,0,3,18,11,1,9,16,19,11,19,2,0,10,15,19,10,16,3,15,6,1,11,0,10,6,12,0,0,2,0,0,7,10,15,19,11,6,13,9,19,0,19,3,11,3,14,15,9,10,3,11,18,16,7,15,6,14,13,1,5,3,9,1,11,9,19,5,11,19,11,0,15,0,0,0,0,0,0,0,0,0,0,0,0,0,0,0,0,0,0,0,0,0,0,0,0,0,0,0,0,0,0,0,0,0,0,0,0,0,0,0,0,0,0,0,0,0,0,0,0,0,0,0,0,0,0,0,0,0",-0.14648207,0.042694107,3.0,0.6059041,37.981926,0.68823737,1.0,0.68823737,0.12089301,0.6059041,0.0,0.0,0.6059041,0.0013611387,0.9272971,0.12089301,0.97496694,1.4905205,37.981926,-0.14648207,1.8685411,155.12022,0.52357084,0.52357084,1.0,155.12022,0.8271394,0.0727029,0.97496694,0.0013611387,0.68823737,0.042694107,0.0,1.4905205,1.8685411,0.52357084,0.14648207,0.0,0.68823737,0.14648207,0.88324815,0.52357084,1.0,0.6059041,final,beam_orig0_bm1-s0to100br3-s100to200br3-s200to300br3-s300to400br2
/work/T-REX/external/Proteina-Complexa/inference/search_binder_local_pipeline_32_PDL1_ALPHA_REPACK_v7_r003_cand_v7r003_hyp_0003_01_002_a2b1ae63664a8/job_0_n_176_id_66_beam_orig0_bm1-s0to100br3-s100to200br3-s200to300br3-s300to400br1/job_0_n_176_id_66_beam_orig0_bm1-s0to100br3-s100to200br3-s200to300br3-s300to400br1.pdb,258,"2,0,13,16,19,16,19,14,11,3,10,18,19,19,6,18,7,15,2,12,16,9,6,4,11,13,14,19,6,11,5,10,3,10,0,0,10,9,19,18,17,6,12,6,3,11,2,9,9,5,13,19,8,7,6,6,3,10,11,19,5,8,15,15,18,1,5,1,0,1,10,10,11,3,5,10,15,10,7,2,0,0,10,5,9,16,3,19,11,10,5,3,0,7,19,18,1,4,12,9,15,18,7,7,0,3,18,11,1,9,16,19,11,19,2,0,10,15,19,10,16,3,15,6,1,11,0,10,6,12,0,0,3,0,0,7,10,15,19,11,6,13,9,19,0,19,3,11,3,14,15,9,10,3,11,18,16,7,15,6,14,13,1,5,3,9,1,11,9,19,5,11,19,11,0,15,0,0,0,0,0,0,0,0,0,0,0,0,0,0,0,0,0,0,0,0,0,0,0,0,0,0,0,0,0,0,0,0,0,0,0,0,0,0,0,0,0,0,0,0,0,0,0,0,0,0,0,0,0,0,0,0,0",-0.15903457,0.051812142,3.0,0.55211467,35.53116,0.6461224,1.0,0.6461224,0.1299674,0.55211467,0.0,0.0,0.55211467,0.0014568955,0.91850644,0.1299674,0.73117787,1.5317854,35.53116,-0.15903457,2.0127075,157.453,0.45810696,0.45810696,1.0,157.453,0.7999992,0.08149354,0.73117787,0.0014568955,0.6461224,0.051812142,0.0,1.5317854,2.0127075,0.45810696,0.15903457,0.0,0.6461224,0.15903457,0.87197876,0.45810696,1.0,0.55211467,final,beam_orig0_bm1-s0to100br3-s100to200br3-s200to300br3-s300to400br1
/work/T-REX/external/Proteina-Complexa/inference/search_binder_local_pipeline_32_PDL1_ALPHA_REPACK_v7_r003_cand_v7r003_hyp_0003_01_002_a2b1ae63664a8/job_0_n_176_id_67_beam_orig0_bm1-s0to100br3-s100to200br3-s200to300br3-s300to400br0/job_0_n_176_id_67_beam_orig0_bm1-s0to100br3-s100to200br3-s200to300br3-s300to400br0.pdb,259,"2,0,13,16,19,16,19,14,11,3,10,18,19,19,6,18,7,15,2,12,16,9,6,4,11,13,14,19,6,11,5,10,3,10,0,0,10,9,19,18,17,6,12,6,3,11,2,9,9,5,13,19,8,7,6,6,3,10,11,19,5,8,15,15,18,1,5,1,0,1,10,10,11,3,5,10,15,10,7,2,0,0,10,5,9,16,3,19,11,10,5,3,0,7,19,18,1,4,12,9,15,18,7,7,0,3,18,11,1,9,16,19,11,19,2,0,10,15,19,10,16,3,15,6,1,11,0,10,6,12,0,0,3,0,0,7,10,15,19,11,6,13,9,19,0,19,3,11,3,14,15,9,10,3,11,18,16,7,15,6,14,13,1,5,3,9,1,11,9,19,5,11,19,11,0,15,0,0,0,0,0,0,0,0,0,0,0,0,0,0,0,0,0,0,0,0,0,0,0,0,0,0,0,0,0,0,0,0,0,0,0,0,0,0,0,0,0,0,0,0,0,0,0,0,0,0,0,0,0,0,0,0,0",-0.15932178,0.051956035,3.0,0.5512484,34.524143,0.6455584,1.0,0.6455584,0.13018432,0.5512484,0.0,0.0,0.5512484,0.0013778886,0.9182938,0.13018432,0.67997706,1.53312,34.524143,-0.15932178,2.0126178,153.77914,0.45693833,0.45693833,1.0,153.77914,0.79989207,0.08170621,0.67997706,0.0013778886,0.6455584,0.051956035,0.0,1.53312,2.0126178,0.45693833,0.15932178,0.0,0.6455584,0.15932178,0.87186253,0.45693833,1.0,0.5512484,final,beam_orig0_bm1-s0to100br3-s100to200br3-s200to300br3-s300to400br0
/work/T-REX/external/Proteina-Complexa/inference/search_binder_local_pipeline_32_PDL1_ALPHA_REPACK_v7_r003_cand_v7r003_hyp_0003_01_002_a2b1ae63664a8/job_0_n_229_id_64_beam_orig1_bm2-s0to100br1-s100to200br0-s200to300br2-s300to400br1/job_0_n_229_id_64_beam_orig1_bm2-s0to100br1-s100to200br0-s200to300br2-s300to400br1.pdb,260,"2,0,13,16,19,16,19,14,11,3,10,18,19,19,6,18,7,15,2,12,16,9,6,4,11,13,14,19,6,11,5,10,3,10,0,0,10,9,19,18,17,6,12,6,3,11,2,9,9,5,13,19,8,7,6,6,3,10,11,19,5,8,15,15,18,1,5,1,0,1,10,10,11,3,5,10,15,10,7,2,0,0,10,5,9,16,3,19,11,10,5,3,0,7,19,18,1,4,12,9,15,18,7,7,0,3,18,11,1,9,16,19,11,19,2,0,0,13,16,19,16,19,14,11,3,10,18,19,19,6,18,7,15,2,12,16,9,6,4,11,13,14,19,6,11,5,10,3,10,0,0,10,9,19,18,17,6,12,6,3,11,2,9,9,5,13,19,8,7,6,6,3,10,11,19,5,8,15,15,18,1,5,1,0,1,10,10,11,3,5,10,15,10,7,2,0,0,10,5,9,16,3,19,11,10,5,3,0,7,19,18,1,4,12,9,15,18,7,7,0,3,18,11,1,9,16,19,11,19,0,0,0,0",-0.5133523,0.28221515,3.0,0.051686883,61.54423,0.054329317,1.0,0.054329317,0.30445042,0.013046367,0.0,0.0,0.051686883,0.0017626596,0.8609489,0.30445042,5.066056,1.2695059,61.54423,-0.5133523,3.817601,200.77534,0.0129331015,0.04904445,1.0,200.77534,0.26896456,0.13905111,5.066056,0.0017626596,0.013159633,0.28221515,0.0,1.2695059,3.817601,0.0129331015,0.5133523,0.0,0.013159633,0.5133523,0.59176636,0.04904445,1.0,0.013046367,final,beam_orig1_bm2-s0to100br1-s100to200br0-s200to300br2-s300to400br1
/work/T-REX/external/Proteina-Complexa/inference/search_binder_local_pipeline_32_PDL1_ALPHA_REPACK_v7_r003_cand_v7r003_hyp_0003_01_002_a2b1ae63664a8/job_0_n_229_id_65_beam_orig1_bm2-s0to100br1-s100to200br0-s200to300br0-s300to400br2/job_0_n_229_id_65_beam_orig1_bm2-s0to100br1-s100to200br0-s200to300br0-s300to400br2.pdb,261,"2,0,13,16,19,16,19,14,11,3,10,18,19,19,6,18,7,15,2,12,16,9,6,4,11,13,14,19,6,11,5,10,3,10,0,0,10,9,19,18,17,6,12,6,3,11,2,9,9,5,13,19,8,7,6,6,3,10,11,19,5,8,15,15,18,1,5,1,0,1,10,10,11,3,5,10,15,10,7,2,0,0,10,5,9,16,3,19,11,10,5,3,0,7,19,18,1,4,12,9,15,18,7,7,0,3,18,11,1,9,16,19,11,19,2,0,0,13,16,19,16,19,14,11,3,10,18,19,19,6,18,7,15,2,12,16,9,6,4,11,13,14,19,6,11,5,10,3,10,0,0,10,9,19,18,17,6,12,6,3,11,2,9,9,5,13,19,8,7,6,6,3,10,11,19,5,8,15,15,18,1,5,1,0,1,10,10,11,3,5,10,15,10,7,2,0,0,10,5,9,16,3,19,11,10,5,3,0,7,19,18,1,4,12,9,15,18,7,7,0,3,18,11,1,9,16,19,11,19,0,0,0,0",-0.5122903,0.28499418,3.0,0.052165873,58.222435,0.05462083,1.0,0.05462083,0.30416167,0.012918353,0.0,0.0,0.052165873,0.0017779939,0.8609375,0.30416167,5.007225,1.2750449,58.222435,-0.5122903,3.814647,197.78528,0.012692612,0.04971092,1.0,197.78528,0.27402872,0.13906251,5.007225,0.0017779939,0.013144094,0.28499418,0.0,1.2750449,3.814647,0.012692612,0.5122903,0.0,0.013144094,0.5122903,0.594193,0.04971092,1.0,0.012918353,final,beam_orig1_bm2-s0to100br1-s100to200br0-s200to300br0-s300to400br2
/work/T-REX/external/Proteina-Complexa/inference/search_binder_local_pipeline_32_PDL1_ALPHA_REPACK_v7_r003_cand_v7r003_hyp_0003_01_002_a2b1ae63664a8/job_0_n_229_id_66_beam_orig1_bm2-s0to100br1-s100to200br1-s200to300br1-s300to400br3/job_0_n_229_id_66_beam_orig1_bm2-s0to100br1-s100to200br1-s200to300br1-s300to400br3.pdb,262,"2,0,13,16,19,16,19,14,11,3,10,18,19,19,6,18,7,15,2,12,16,9,6,4,11,13,14,19,6,11,5,10,3,10,0,0,10,9,19,18,17,6,12,6,3,11,2,9,9,5,13,19,8,7,6,6,3,10,11,19,5,8,15,15,18,1,5,1,0,1,10,10,11,3,5,10,15,10,7,2,0,0,10,5,9,16,3,19,11,10,5,3,0,7,19,18,1,4,12,9,15,18,7,7,0,3,18,11,1,9,16,19,11,19,2,0,0,13,16,19,16,19,14,11,3,10,18,19,19,6,18,7,15,2,12,16,9,6,4,11,13,14,19,6,11,5,10,3,10,0,0,10,9,19,18,17,6,12,6,3,11,2,9,9,5,13,19,8,7,6,6,3,10,11,19,5,8,15,15,18,1,5,1,0,1,10,10,11,3,5,10,15,10,7,2,0,0,10,5,9,16,3,19,11,10,5,3,0,7,19,18,1,4,12,9,15,18,7,7,0,3,18,11,1,9,16,19,11,19,0,0,0,0",-0.518383,0.29074252,3.0,0.049549073,58.180084,0.052313253,1.0,0.052313253,0.30693474,0.012606906,0.0,0.0,0.049549073,0.0017864573,0.86208767,0.30693474,4.710238,1.2712165,58.180084,-0.518383,3.8309467,196.47327,0.012367199,0.04678489,1.0,196.47327,0.26938915,0.13791233,4.710238,0.0017864573,0.012846612,0.29074252,0.0,1.2712165,3.8309467,0.012367199,0.518383,0.0,0.012846612,0.518383,0.59203625,0.04678489,1.0,0.012606906,final,beam_orig1_bm2-s0to100br1-s100to200br1-s200to300br1-s300to400br3
/work/T-REX/external/Proteina-Complexa/inference/search_binder_local_pipeline_32_PDL1_ALPHA_REPACK_v7_r003_cand_v7r003_hyp_0003_01_002_a2b1ae63664a8/job_0_n_229_id_67_beam_orig1_bm2-s0to100br1-s100to200br0-s200to300br2-s300to400br0/job_0_n_229_id_67_beam_orig1_bm2-s0to100br1-s100to200br0-s200to300br2-s300to400br0.pdb,263,"2,0,13,16,19,16,19,14,11,3,10,18,19,19,6,18,7,15,2,12,16,9,6,4,11,13,14,19,6,11,5,10,3,10,0,0,10,9,19,18,17,6,12,6,3,11,2,9,9,5,13,19,8,7,6,6,3,10,11,19,5,8,15,15,18,1,5,1,0,1,10,10,11,3,5,10,15,10,7,2,0,0,10,5,9,16,3,19,11,10,5,3,0,7,19,18,1,4,12,9,15,18,7,7,0,3,18,11,1,9,16,19,11,19,2,0,0,13,16,19,16,19,14,11,3,10,18,19,19,6,18,7,15,2,12,16,9,6,4,11,13,14,19,6,11,5,10,3,10,0,0,10,9,19,18,17,6,12,6,3,11,2,9,9,5,13,19,8,7,6,6,3,10,11,19,5,8,15,15,18,1,5,1,0,1,10,10,11,3,5,10,15,10,7,2,0,0,10,5,9,16,3,19,11,10,5,3,0,7,19,18,1,4,12,9,15,18,7,7,0,3,18,11,1,9,16,19,11,19,0,0,0,0",-0.5142003,0.2861052,3.0,0.051163957,63.11699,0.05439657,1.0,0.05439657,0.30515006,0.012997296,0.0,0.0,0.051163957,0.0018025979,0.86025226,0.30515006,5.1284723,1.2746482,63.11699,-0.5142003,3.8166153,205.51112,0.012785463,0.047931347,1.0,205.51112,0.26923102,0.13974777,5.1284723,0.0018025979,0.013209129,0.2861052,0.0,1.2746482,3.8166153,0.012785463,0.5142003,0.0,0.013209129,0.5142003,0.5918788,0.047931347,1.0,0.012997296,final,beam_orig1_bm2-s0to100br1-s100to200br0-s200to300br2-s300to400br0
/work/T-REX/external/Proteina-Complexa/inference/search_binder_local_pipeline_32_PDL1_ALPHA_REPACK_v7_r003_cand_v7r003_hyp_0003_01_002_a2b1ae63664a8/job_0_n_233_id_64_beam_orig2_bm2-s0to100br1-s100to200br3-s200to300br1-s300to400br1/job_0_n_233_id_64_beam_orig2_bm2-s0to100br1-s100to200br3-s200to300br1-s300to400br1.pdb,264,"2,0,13,16,19,16,19,14,11,3,10,18,19,19,6,18,7,15,2,12,16,9,6,4,11,13,14,19,6,11,5,10,3,10,0,0,10,9,19,18,17,6,12,6,3,11,2,9,9,5,13,19,8,7,6,6,3,10,11,19,5,8,15,15,18,1,5,1,0,1,10,10,11,3,5,10,15,10,7,2,0,0,10,5,9,16,3,19,11,10,5,3,0,7,19,18,1,4,12,9,15,18,7,7,0,3,18,11,1,9,16,19,11,19,2,0,0,13,16,19,16,19,14,11,3,10,18,19,19,6,18,7,15,2,12,16,9,6,4,11,13,14,19,6,11,5,10,3,10,0,0,10,9,19,18,17,6,12,6,3,11,2,9,9,5,13,19,8,7,6,6,3,10,11,19,5,8,15,15,18,1,5,1,0,1,10,10,11,3,5,10,15,10,7,2,0,0,10,5,9,16,3,19,11,10,5,3,0,7,19,18,1,4,12,9,15,18,7,7,0,3,18,11,1,9,16,19,11,19,2,0,2,0",-0.51276547,0.28191254,3.0,0.053679667,61.539356,0.056050245,1.0,0.056050245,0.30687523,0.013224127,0.0,0.0,0.053679667,0.0060543986,0.85870826,0.30687523,5.0717087,1.2786577,61.539356,-0.51276547,3.873958,196.79282,0.012990353,0.051309086,1.0,196.79282,0.27385956,0.14129174,5.0717087,0.0060543986,0.013457902,0.28191254,0.0,1.2786577,3.873958,0.012990353,0.51276547,0.0,0.013457902,0.51276547,0.5932551,0.051309086,1.0,0.013224127,final,beam_orig2_bm2-s0to100br1-s100to200br3-s200to300br1-s300to400br1
/work/T-REX/external/Proteina-Complexa/inference/search_binder_local_pipeline_32_PDL1_ALPHA_REPACK_v7_r003_cand_v7r003_hyp_0003_01_002_a2b1ae63664a8/job_0_n_233_id_65_beam_orig2_bm2-s0to100br1-s100to200br3-s200to300br3-s300to400br3/job_0_n_233_id_65_beam_orig2_bm2-s0to100br1-s100to200br3-s200to300br3-s300to400br3.pdb,265,"2,0,13,16,19,16,19,14,11,3,10,18,19,19,6,18,7,15,2,12,16,9,6,4,11,13,14,19,6,11,5,10,3,10,0,0,10,9,19,18,17,6,12,6,3,11,2,9,9,5,13,19,8,7,6,6,3,10,11,19,5,8,15,15,18,1,5,1,0,1,10,10,11,3,5,10,15,10,7,2,0,0,10,5,9,16,3,19,11,10,5,3,0,7,19,18,1,4,12,9,15,18,7,7,0,3,18,11,1,9,16,19,11,19,2,0,0,13,16,19,16,19,14,11,3,10,18,19,19,6,18,7,15,2,12,16,9,6,4,11,13,14,19,6,11,5,10,3,10,0,0,10,9,19,18,17,6,12,6,3,11,2,9,9,5,13,19,8,7,6,6,3,10,11,19,5,8,15,15,18,1,5,1,0,1,10,10,11,3,5,10,15,10,7,2,0,0,10,5,9,16,3,19,11,10,5,3,0,7,19,18,1,4,12,9,15,18,7,7,0,3,18,11,1,9,16,19,11,19,2,0,2,0",-0.5180325,0.28870016,3.0,0.05117809,57.241707,0.053379226,1.0,0.053379226,0.30976728,0.012792363,0.0,0.0,0.05117809,0.0060639824,0.8584133,0.30976728,5.07705,1.2862619,57.241707,-0.5180325,3.8902228,198.24019,0.012535309,0.048976954,1.0,198.24019,0.2722931,0.1415867,5.07705,0.0060639824,0.013049416,0.28870016,0.0,1.2862619,3.8902228,0.012535309,0.5180325,0.0,0.013049416,0.5180325,0.59251153,0.048976954,1.0,0.012792363,final,beam_orig2_bm2-s0to100br1-s100to200br3-s200to300br3-s300to400br3
/work/T-REX/external/Proteina-Complexa/inference/search_binder_local_pipeline_32_PDL1_ALPHA_REPACK_v7_r003_cand_v7r003_hyp_0003_01_002_a2b1ae63664a8/job_0_n_233_id_66_beam_orig2_bm2-s0to100br1-s100to200br3-s200to300br1-s300to400br0/job_0_n_233_id_66_beam_orig2_bm2-s0to100br1-s100to200br3-s200to300br1-s300to400br0.pdb,266,"2,0,13,16,19,16,19,14,11,3,10,18,19,19,6,18,7,15,2,12,16,9,6,4,11,13,14,19,6,11,5,10,3,10,0,0,10,9,19,18,17,6,12,6,3,11,2,9,9,5,13,19,8,7,6,6,3,10,11,19,5,8,15,15,18,1,5,1,0,1,10,10,11,3,5,10,15,10,7,2,0,0,10,5,9,16,3,19,11,10,5,3,0,7,19,18,1,4,12,9,15,18,7,7,0,3,18,11,1,9,16,19,11,19,2,0,0,13,16,19,16,19,14,11,3,10,18,19,19,6,18,7,15,2,12,16,9,6,4,11,13,14,19,6,11,5,10,3,10,0,0,10,9,19,18,17,6,12,6,3,11,2,9,9,5,13,19,8,7,6,6,3,10,11,19,5,8,15,15,18,1,5,1,0,1,10,10,11,3,5,10,15,10,7,2,0,0,10,5,9,16,3,19,11,10,5,3,0,7,19,18,1,4,12,9,15,18,7,7,0,3,18,11,1,9,16,19,11,19,2,0,2,0",-0.5197638,0.28746572,3.0,0.05075892,59.73048,0.053217627,1.0,0.053217627,0.3105529,0.012766529,0.0,0.0,0.05075892,0.005835101,0.8583455,0.3105529,4.91143,1.2849518,59.73048,-0.5197638,3.8989165,195.90048,0.012571104,0.048300214,1.0,195.90048,0.2701323,0.14165452,4.91143,0.005835101,0.012961955,0.28746572,0.0,1.2849518,3.8989165,0.012571104,0.5197638,0.0,0.012961955,0.5197638,0.59065825,0.048300214,1.0,0.012766529,final,beam_orig2_bm2-s0to100br1-s100to200br3-s200to300br1-s300to400br0
/work/T-REX/external/Proteina-Complexa/inference/search_binder_local_pipeline_32_PDL1_ALPHA_REPACK_v7_r003_cand_v7r003_hyp_0003_01_002_a2b1ae63664a8/job_0_n_233_id_67_beam_orig2_bm0-s0to100br2-s100to200br3-s200to300br1-s300to400br3/job_0_n_233_id_67_beam_orig2_bm0-s0to100br2-s100to200br3-s200to300br1-s300to400br3.pdb,267,"2,0,13,16,19,16,19,14,11,3,10,18,19,19,6,18,7,15,2,12,16,9,6,4,11,13,14,19,6,11,5,10,3,10,0,0,10,9,19,18,17,6,12,6,3,11,2,9,9,5,13,19,8,7,6,6,3,10,11,19,5,8,15,15,18,1,5,1,0,1,10,10,11,3,5,10,15,10,7,2,0,0,10,5,9,16,3,19,11,10,5,3,0,7,19,18,1,4,12,9,15,18,7,7,0,3,18,11,1,9,16,19,11,19,2,0,0,13,16,19,16,19,14,11,3,10,18,19,19,6,18,7,15,2,12,16,9,6,4,11,13,14,19,6,11,5,10,3,10,0,0,10,9,19,18,17,6,12,6,3,11,2,9,9,5,13,19,8,7,6,6,3,10,11,19,5,8,15,15,18,1,5,1,0,1,10,10,11,3,5,10,15,10,7,2,0,0,10,5,9,16,3,19,11,10,5,3,0,7,19,18,1,4,12,9,15,18,7,7,0,3,18,11,1,9,16,19,11,19,2,0,2,8",-0.5207278,0.28897062,3.0,0.051563513,56.702976,0.053970847,1.0,0.053970847,0.31199113,0.012823167,0.0,0.0,0.051563513,0.012388123,0.8552098,0.31199113,4.681251,1.3055193,56.702976,-0.5207278,3.896612,196.88365,0.012484012,0.049156178,1.0,196.88365,0.27098173,0.14479017,4.681251,0.012388123,0.013162322,0.28897062,0.0,1.3055193,3.896612,0.012484012,0.5207278,0.0,0.013162322,0.5207278,0.58953,0.049156178,1.0,0.012823167,final,beam_orig2_bm0-s0to100br2-s100to200br3-s200to300br1-s300to400br3
/work/T-REX/external/Proteina-Complexa/inference/search_binder_local_pipeline_32_PDL1_ALPHA_REPACK_v7_r003_cand_v7r003_hyp_0003_01_002_a2b1ae63664a8/job_0_n_180_id_64_beam_orig3_bm2-s0to100br2-s100to200br0-s200to300br1-s300to400br1/job_0_n_180_id_64_beam_orig3_bm2-s0to100br2-s100to200br0-s200to300br1-s300to400br1.pdb,268,"2,0,13,16,19,16,19,14,11,3,10,18,19,19,6,18,7,15,2,12,16,9,6,4,11,13,14,19,6,11,5,10,3,10,0,0,10,9,19,18,17,6,12,6,3,11,2,9,9,5,13,19,8,7,6,6,3,10,11,19,5,8,15,15,18,1,5,1,0,1,10,10,11,3,5,10,15,10,7,2,0,0,10,5,9,16,3,19,11,10,5,3,0,7,19,18,1,4,12,9,15,18,7,7,0,3,18,11,1,9,16,19,11,19,2,0,15,6,0,10,8,10,10,0,10,15,18,6,6,10,0,11,10,18,6,11,10,7,2,10,6,6,0,19,11,8,18,11,6,0,0,11,9,18,12,11,9,7,2,13,11,6,0,7,11,10,10,3,11,0,11,6,10,6,6,11,10,11,5,11,0,0,0,0,0,0,0,0,0,0,0,0,0,0,0,0,0,0,0,0,0,0,0,0,0,0,0,0,0,0,0,0,0,0,0,0,0,0,0,0,0,0,0,0,0,0,0,0,0,0,0,0,0",-0.15534592,0.047227096,3.0,0.59863836,43.35286,0.6873138,1.0,0.6873138,0.12674597,0.59863836,0.0,0.0,0.59863836,0.0018801214,0.9459873,0.12674597,2.5157115,1.2897711,43.35286,-0.15534592,1.8545305,136.80829,0.5099629,0.5099629,1.0,136.80829,0.82053363,0.054012734,2.5157115,0.0018801214,0.6873138,0.047227096,0.0,1.2897711,1.8545305,0.5099629,0.15534592,0.0,0.6873138,0.15534592,0.8766864,0.5099629,1.0,0.59863836,final,beam_orig3_bm2-s0to100br2-s100to200br0-s200to300br1-s300to400br1
/work/T-REX/external/Proteina-Complexa/inference/search_binder_local_pipeline_32_PDL1_ALPHA_REPACK_v7_r003_cand_v7r003_hyp_0003_01_002_a2b1ae63664a8/job_0_n_180_id_65_beam_orig3_bm2-s0to100br2-s100to200br0-s200to300br3-s300to400br2/job_0_n_180_id_65_beam_orig3_bm2-s0to100br2-s100to200br0-s200to300br3-s300to400br2.pdb,269,"2,0,13,16,19,16,19,14,11,3,10,18,19,19,6,18,7,15,2,12,16,9,6,4,11,13,14,19,6,11,5,10,3,10,0,0,10,9,19,18,17,6,12,6,3,11,2,9,9,5,13,19,8,7,6,6,3,10,11,19,5,8,15,15,18,1,5,1,0,1,10,10,11,3,5,10,15,10,7,2,0,0,10,5,9,16,3,19,11,10,5,3,0,7,19,18,1,4,12,9,15,18,7,7,0,3,18,11,1,9,16,19,11,19,2,0,15,2,13,10,8,2,10,0,10,10,1,6,6,6,0,11,10,18,6,15,10,7,2,10,6,6,0,19,11,11,18,11,6,0,0,11,9,18,12,6,10,7,2,18,3,6,0,7,11,10,10,3,11,0,11,11,10,6,6,11,10,6,2,11,0,0,0,0,0,0,0,0,0,0,0,0,0,0,0,0,0,0,0,0,0,0,0,0,0,0,0,0,0,0,0,0,0,0,0,0,0,0,0,0,0,0,0,0,0,0,0,0,0,0,0,0,0",-0.15668572,0.044253424,3.0,0.61482227,43.4839,0.7071876,1.0,0.7071876,0.1298725,0.61482227,0.0,0.0,0.61482227,0.00797027,0.94149137,0.1298725,2.4629219,1.3276477,43.4839,-0.15668572,1.8299277,142.357,0.5224569,0.5224569,1.0,142.357,0.82496345,0.058508653,2.4629219,0.00797027,0.7071876,0.044253424,0.0,1.3276477,1.8299277,0.5224569,0.15668572,0.0,0.7071876,0.15668572,0.88047147,0.5224569,1.0,0.61482227,final,beam_orig3_bm2-s0to100br2-s100to200br0-s200to300br3-s300to400br2
/work/T-REX/external/Proteina-Complexa/inference/search_binder_local_pipeline_32_PDL1_ALPHA_REPACK_v7_r003_cand_v7r003_hyp_0003_01_002_a2b1ae63664a8/job_0_n_180_id_66_beam_orig3_bm2-s0to100br2-s100to200br0-s200to300br1-s300to400br3/job_0_n_180_id_66_beam_orig3_bm2-s0to100br2-s100to200br0-s200to300br1-s300to400br3.pdb,270,"2,0,13,16,19,16,19,14,11,3,10,18,19,19,6,18,7,15,2,12,16,9,6,4,11,13,14,19,6,11,5,10,3,10,0,0,10,9,19,18,17,6,12,6,3,11,2,9,9,5,13,19,8,7,6,6,3,10,11,19,5,8,15,15,18,1,5,1,0,1,10,10,11,3,5,10,15,10,7,2,0,0,10,5,9,16,3,19,11,10,5,3,0,7,19,18,1,4,12,9,15,18,7,7,0,3,18,11,1,9,16,19,11,19,2,0,15,6,0,10,8,10,10,0,10,15,18,6,6,10,0,11,10,18,6,11,10,7,2,10,6,6,0,19,11,11,18,11,6,0,0,11,9,18,12,11,9,7,2,13,11,6,0,7,11,10,10,3,11,0,11,6,10,6,6,11,10,11,5,11,0,0,0,0,0,0,0,0,0,0,0,0,0,0,0,0,0,0,0,0,0,0,0,0,0,0,0,0,0,0,0,0,0,0,0,0,0,0,0,0,0,0,0,0,0,0,0,0,0,0,0,0,0",-0.1557395,0.047204185,3.0,0.5967433,44.83588,0.68717384,1.0,0.68717384,0.12714653,0.5967433,0.0,0.0,0.5967433,0.0018646484,0.94510317,0.12714653,2.5382779,1.2976155,44.83588,-0.1557395,1.8605355,141.14914,0.5063127,0.5063127,1.0,141.14914,0.8192675,0.054896817,2.5382779,0.0018646484,0.68717384,0.047204185,0.0,1.2976155,1.8605355,0.5063127,0.1557395,0.0,0.68717384,0.1557395,0.8756088,0.5063127,1.0,0.5967433,final,beam_orig3_bm2-s0to100br2-s100to200br0-s200to300br1-s300to400br3
/work/T-REX/external/Proteina-Complexa/inference/search_binder_local_pipeline_32_PDL1_ALPHA_REPACK_v7_r003_cand_v7r003_hyp_0003_01_002_a2b1ae63664a8/job_0_n_180_id_67_beam_orig3_bm2-s0to100br2-s100to200br0-s200to300br3-s300to400br1/job_0_n_180_id_67_beam_orig3_bm2-s0to100br2-s100to200br0-s200to300br3-s300to400br1.pdb,271,"2,0,13,16,19,16,19,14,11,3,10,18,19,19,6,18,7,15,2,12,16,9,6,4,11,13,14,19,6,11,5,10,3,10,0,0,10,9,19,18,17,6,12,6,3,11,2,9,9,5,13,19,8,7,6,6,3,10,11,19,5,8,15,15,18,1,5,1,0,1,10,10,11,3,5,10,15,10,7,2,0,0,10,5,9,16,3,19,11,10,5,3,0,7,19,18,1,4,12,9,15,18,7,7,0,3,18,11,1,9,16,19,11,19,2,0,15,2,13,10,8,2,10,0,10,10,1,6,6,6,0,11,10,18,6,15,10,7,2,10,6,6,0,19,11,11,18,11,6,0,0,11,9,18,12,6,10,7,2,18,3,6,0,7,11,10,10,3,11,0,11,11,10,6,6,11,10,6,2,11,0,0,0,0,0,0,0,0,0,0,0,0,0,0,0,0,0,0,0,0,0,0,0,0,0,0,0,0,0,0,0,0,0,0,0,0,0,0,0,0,0,0,0,0,0,0,0,0,0,0,0,0,0",-0.15753287,0.04431678,3.0,0.6119046,41.573055,0.70448965,1.0,0.70448965,0.130327,0.6119046,0.0,0.0,0.6119046,0.008042473,0.9414076,0.130327,2.4381914,1.3248221,41.573055,-0.15753287,1.838702,136.92392,0.51931965,0.51931965,1.0,136.92392,0.8235813,0.0585924,2.4381914,0.008042473,0.70448965,0.04431678,0.0,1.3248221,1.838702,0.51931965,0.15753287,0.0,0.70448965,0.15753287,0.87914735,0.51931965,1.0,0.6119046,final,beam_orig3_bm2-s0to100br2-s100to200br0-s200to300br3-s300to400br1
