pdb_path,pdb_index,aatype,total_reward,af2folding_min_ipae,af2folding_recycles_log,af2folding_avg_ipsae,af2folding_fape_log,af2folding_max_ipsae,af2folding_seqid_log,af2folding_max_ipsae_log,af2folding_pae_log,af2folding_avg_ipsae_10,af2folding_hard_log,af2folding_models_log,af2folding_avg_ipsae_log,af2folding_exp_res_log,af2folding_plddt_log,af2folding_pae,af2folding_rmsd,af2folding_con_log,af2folding_fape,af2folding_loss_log,af2folding_i_con,af2folding_dgram_cce_log,af2folding_min_ipsae_10,af2folding_min_ipsae_log,af2folding_soft_log,af2folding_dgram_cce,af2folding_i_ptm_log,af2folding_plddt,af2folding_rmsd_log,af2folding_exp_res,af2folding_max_ipsae_10,af2folding_min_ipae_log,af2folding_seq_ent_log,af2folding_con,af2folding_i_con_log,af2folding_min_ipsae_10_log,af2folding_i_pae_log,af2folding_seq_ent,af2folding_max_ipsae_10_log,af2folding_i_pae,af2folding_ptm_log,af2folding_min_ipsae,af2folding_temp_log,af2folding_avg_ipsae_10_log,sample_type,metadata_tag
/work/T-REX/external/Proteina-Complexa/inference/search_binder_local_pipeline_32_PDL1_ALPHA_REPACK_v7_r004_cand_v7r004_hyp_0004_02_003_ae5b6dc63e53e/job_0_n_233_id_0_fk_orig0_bm0-s0to100br0/job_0_n_233_id_0_fk_orig0_bm0-s0to100br0.pdb,0,"2,0,13,16,19,16,19,14,11,3,10,18,19,19,6,18,7,15,2,12,16,9,6,4,11,13,14,19,6,11,5,10,3,10,0,0,10,9,19,18,17,6,12,6,3,11,2,9,9,5,13,19,8,7,6,6,3,10,11,19,5,8,15,15,18,1,5,1,0,1,10,10,11,3,5,10,15,10,7,2,0,0,10,5,9,16,3,19,11,10,5,3,0,7,19,18,1,4,12,9,15,18,7,7,0,3,18,11,1,9,16,19,11,19,2,0,2,0,13,16,19,16,19,14,11,3,10,18,19,19,6,18,7,15,2,12,16,9,6,4,11,13,14,19,6,11,5,10,3,10,0,0,10,9,19,18,17,6,12,6,3,11,2,9,9,5,13,19,8,7,6,6,3,10,11,19,5,8,15,15,18,1,5,1,0,1,10,10,11,3,5,10,15,10,7,2,0,0,10,5,9,16,3,19,11,10,5,3,0,7,19,18,1,4,12,9,15,18,7,7,0,3,18,11,1,9,16,19,11,19,2,0,14",-0.5261292,0.29534078,3.0,0.046673276,56.38978,0.048458442,1.0,0.048458442,0.31127658,0.012365043,0.0,0.0,0.046673276,0.0028335536,0.85965073,0.31127658,2.9274254,1.285037,56.38978,-0.5261292,3.9000273,198.49156,0.012084204,0.044888113,1.0,198.49156,0.26097634,0.14034927,2.9274254,0.0028335536,0.0126458835,0.29534078,0.0,1.285037,3.9000273,0.012084204,0.5261292,0.0,0.0126458835,0.5261292,0.58652997,0.044888113,1.0,0.012365043,lookahead,fk_orig0_bm0-s0to100br0
/work/T-REX/external/Proteina-Complexa/inference/search_binder_local_pipeline_32_PDL1_ALPHA_REPACK_v7_r004_cand_v7r004_hyp_0004_02_003_ae5b6dc63e53e/job_0_n_211_id_0_fk_orig1_bm0-s0to100br0/job_0_n_211_id_0_fk_orig1_bm0-s0to100br0.pdb,1,"2,0,13,16,19,16,19,14,11,3,10,18,19,19,6,18,7,15,2,12,16,9,6,4,11,13,14,19,6,11,5,10,3,10,0,0,10,9,19,18,17,6,12,6,3,11,2,9,9,5,13,19,8,7,6,6,3,10,11,19,5,8,15,15,18,1,5,1,0,1,10,10,11,3,5,10,15,10,7,2,0,0,10,5,9,16,3,19,11,10,5,3,0,7,19,18,1,4,12,9,15,18,7,7,0,3,18,11,1,9,16,19,11,19,2,0,10,16,13,14,11,16,15,18,16,19,16,6,7,0,2,19,16,10,6,4,11,0,15,5,16,10,16,15,3,19,19,17,11,11,7,15,3,6,16,9,3,10,15,15,2,15,1,13,11,9,10,7,15,7,16,3,0,15,10,5,9,11,2,0,11,10,15,3,15,7,15,18,6,4,10,7,0,2,15,10,7,10,0,0,15,3,14,0,5,10,16,19,10,15,14,0,0,0,0,0,0,0,0,0,0,0,0,0,0,0,0,0,0,0,0,0,0",-0.3288362,0.14538065,3.0,0.20891985,73.25287,0.21479654,1.0,0.21479654,0.24739741,0.19989336,0.0,0.0,0.20891985,0.0030891276,0.8431717,0.24739741,3.571405,1.7728021,73.25287,-0.3288362,3.5042553,196.84314,0.19165647,0.20304316,1.0,196.84314,0.56926537,0.1568283,3.571405,0.0030891276,0.20813023,0.14538065,0.0,1.7728021,3.5042553,0.19165647,0.3288362,0.0,0.20813023,0.3288362,0.7527174,0.20304316,1.0,0.19989336,lookahead,fk_orig1_bm0-s0to100br0
/work/T-REX/external/Proteina-Complexa/inference/search_binder_local_pipeline_32_PDL1_ALPHA_REPACK_v7_r004_cand_v7r004_hyp_0004_02_003_ae5b6dc63e53e/job_0_n_198_id_0_fk_orig2_bm0-s0to100br0/job_0_n_198_id_0_fk_orig2_bm0-s0to100br0.pdb,2,"2,0,13,16,19,16,19,14,11,3,10,18,19,19,6,18,7,15,2,12,16,9,6,4,11,13,14,19,6,11,5,10,3,10,0,0,10,9,19,18,17,6,12,6,3,11,2,9,9,5,13,19,8,7,6,6,3,10,11,19,5,8,15,15,18,1,5,1,0,1,10,10,11,3,5,10,15,10,7,2,0,0,10,5,9,16,3,19,11,10,5,3,0,7,19,18,1,4,12,9,15,18,7,7,0,3,18,11,1,9,16,19,11,19,2,0,0,0,11,0,7,2,10,6,10,19,11,11,3,2,19,2,19,2,0,9,2,9,3,7,10,16,14,10,8,10,0,0,10,6,7,8,10,6,9,19,6,19,10,10,11,11,7,0,3,19,2,11,7,0,11,13,16,14,10,8,10,0,0,10,6,7,8,10,6,9,19,6,19,10,10,11,0,7,0,3,19,2,0,0,0,0,0,0,0,0,0,0,0,0,0,0,0,0,0,0,0,0,0,0,0,0,0,0,0,0,0,0,0,0,0,0,0",-0.7315547,0.54375947,3.0,0.002904256,126.54892,0.005808512,1.0,0.005808512,0.5267267,0.0,0.0,0.0,0.002904256,0.03256375,0.6516454,0.5267267,20.382914,2.2711594,126.54892,-0.7315547,4.3986435,262.0785,0.0,0.0,1.0,262.0785,0.13627571,0.3483546,20.382914,0.03256375,0.0,0.54375947,0.0,2.2711594,4.3986435,0.0,0.7315547,0.0,0.0,0.7315547,0.58485854,0.0,1.0,0.0,lookahead,fk_orig2_bm0-s0to100br0
/work/T-REX/external/Proteina-Complexa/inference/search_binder_local_pipeline_32_PDL1_ALPHA_REPACK_v7_r004_cand_v7r004_hyp_0004_02_003_ae5b6dc63e53e/job_0_n_220_id_0_fk_orig3_bm0-s0to100br0/job_0_n_220_id_0_fk_orig3_bm0-s0to100br0.pdb,3,"2,0,13,16,19,16,19,14,11,3,10,18,19,19,6,18,7,15,2,12,16,9,6,4,11,13,14,19,6,11,5,10,3,10,0,0,10,9,19,18,17,6,12,6,3,11,2,9,9,5,13,19,8,7,6,6,3,10,11,19,5,8,15,15,18,1,5,1,0,1,10,10,11,3,5,10,15,10,7,2,0,0,10,5,9,16,3,19,11,10,5,3,0,7,19,18,1,4,12,9,15,18,7,7,0,3,18,11,1,9,16,19,11,19,2,0,10,16,0,14,11,14,10,18,15,0,5,0,7,15,15,19,16,10,6,4,11,0,15,15,16,10,16,8,19,5,17,11,15,14,5,11,6,3,19,10,9,18,5,2,7,6,19,15,18,14,2,3,15,18,11,7,1,0,11,10,10,10,11,3,7,2,0,15,10,5,10,15,2,10,11,10,15,3,15,7,19,18,5,4,9,7,13,15,16,11,7,0,7,3,0,11,9,16,10,2,19,16,0,11,0,0,0,0,0,0,0,0,0,0,0,0,0",-0.49220166,0.2686765,3.0,0.063531026,85.75952,0.07073225,1.0,0.07073225,0.30540505,0.013084475,0.0,0.0,0.063531026,0.0026363495,0.8668815,0.30540505,5.7131715,1.4026495,85.75952,-0.49220166,3.9244046,205.78482,0.012859775,0.05632981,1.0,205.78482,0.31997684,0.13311854,5.7131715,0.0026363495,0.013309175,0.2686765,0.0,1.4026495,3.9244046,0.012859775,0.49220166,0.0,0.013309175,0.49220166,0.6251389,0.05632981,1.0,0.013084475,lookahead,fk_orig3_bm0-s0to100br0
/work/T-REX/external/Proteina-Complexa/inference/search_binder_local_pipeline_32_PDL1_ALPHA_REPACK_v7_r004_cand_v7r004_hyp_0004_02_003_ae5b6dc63e53e/job_0_n_233_id_1_fk_orig0_bm0-s0to100br1/job_0_n_233_id_1_fk_orig0_bm0-s0to100br1.pdb,4,"2,0,13,16,19,16,19,14,11,3,10,18,19,19,6,18,7,15,2,12,16,9,6,4,11,13,14,19,6,11,5,10,3,10,0,0,10,9,19,18,17,6,12,6,3,11,2,9,9,5,13,19,8,7,6,6,3,10,11,19,5,8,15,15,18,1,5,1,0,1,10,10,11,3,5,10,15,10,7,2,0,0,10,5,9,16,3,19,11,10,5,3,0,7,19,18,1,4,12,9,15,18,7,7,0,3,18,11,1,9,16,19,11,19,2,0,2,0,13,16,19,16,19,14,11,3,10,18,19,19,6,18,7,15,2,12,16,9,6,4,11,13,14,19,6,11,5,10,3,10,0,0,10,9,19,18,17,6,12,6,3,11,2,9,9,5,13,19,8,7,6,6,3,10,11,19,5,8,15,15,18,1,5,1,0,1,10,10,11,3,5,10,15,10,7,2,0,0,10,5,9,16,3,19,11,10,5,3,0,7,19,18,1,4,12,9,15,18,7,7,0,3,18,11,1,9,16,19,11,19,2,0,14",-0.53471833,0.3046375,3.0,0.041691937,60.719837,0.04500706,1.0,0.04500706,0.31567374,0.012071576,0.0,0.0,0.041691937,0.0028184063,0.86011535,0.31567374,3.28476,1.2885692,60.719837,-0.53471833,3.9239788,198.8189,0.011769764,0.03837681,1.0,198.8189,0.25703466,0.13988467,3.28476,0.0028184063,0.012373389,0.3046375,0.0,1.2885692,3.9239788,0.011769764,0.53471833,0.0,0.012373389,0.53471833,0.5845325,0.03837681,1.0,0.012071576,lookahead,fk_orig0_bm0-s0to100br1
/work/T-REX/external/Proteina-Complexa/inference/search_binder_local_pipeline_32_PDL1_ALPHA_REPACK_v7_r004_cand_v7r004_hyp_0004_02_003_ae5b6dc63e53e/job_0_n_211_id_1_fk_orig1_bm0-s0to100br1/job_0_n_211_id_1_fk_orig1_bm0-s0to100br1.pdb,5,"2,0,13,16,19,16,19,14,11,3,10,18,19,19,6,18,7,15,2,12,16,9,6,4,11,13,14,19,6,11,5,10,3,10,0,0,10,9,19,18,17,6,12,6,3,11,2,9,9,5,13,19,8,7,6,6,3,10,11,19,5,8,15,15,18,1,5,1,0,1,10,10,11,3,5,10,15,10,7,2,0,0,10,5,9,16,3,19,11,10,5,3,0,7,19,18,1,4,12,9,15,18,7,7,0,3,18,11,1,9,16,19,11,19,2,0,14,1,13,16,19,5,14,5,15,10,16,19,16,0,7,15,16,0,16,10,16,4,11,19,3,7,2,14,11,14,16,9,15,15,17,1,11,3,3,5,14,9,16,10,15,7,1,13,15,10,10,3,14,0,15,7,3,0,15,10,5,9,16,2,16,5,14,15,3,15,7,15,18,6,4,9,0,15,2,6,6,7,10,0,19,15,0,14,0,16,10,16,19,16,0,0,0,0,0,0,0,0,0,0,0,0,0,0,0,0,0,0,0,0,0,0,0",-0.3319656,0.14077424,3.0,0.22640906,77.470535,0.22668594,1.0,0.22668594,0.25747177,0.22010879,0.0,0.0,0.22640906,0.0047945464,0.79748714,0.25747177,3.5852265,1.8054078,77.470535,-0.3319656,3.4433188,213.81194,0.21648997,0.22613218,1.0,213.81194,0.5335591,0.20251285,3.5852265,0.0047945464,0.22372761,0.14077424,0.0,1.8054078,3.4433188,0.21648997,0.3319656,0.0,0.22372761,0.3319656,0.73863184,0.22613218,1.0,0.22010879,lookahead,fk_orig1_bm0-s0to100br1
/work/T-REX/external/Proteina-Complexa/inference/search_binder_local_pipeline_32_PDL1_ALPHA_REPACK_v7_r004_cand_v7r004_hyp_0004_02_003_ae5b6dc63e53e/job_0_n_198_id_1_fk_orig2_bm0-s0to100br1/job_0_n_198_id_1_fk_orig2_bm0-s0to100br1.pdb,6,"2,0,13,16,19,16,19,14,11,3,10,18,19,19,6,18,7,15,2,12,16,9,6,4,11,13,14,19,6,11,5,10,3,10,0,0,10,9,19,18,17,6,12,6,3,11,2,9,9,5,13,19,8,7,6,6,3,10,11,19,5,8,15,15,18,1,5,1,0,1,10,10,11,3,5,10,15,10,7,2,0,0,10,5,9,16,3,19,11,10,5,3,0,7,19,18,1,4,12,9,15,18,7,7,0,3,18,11,1,9,16,19,11,19,2,0,2,3,11,6,9,15,6,13,9,2,15,9,14,3,10,11,14,16,10,11,10,0,13,10,8,19,10,15,7,15,2,0,14,19,0,6,19,7,14,19,16,10,5,7,10,1,6,11,4,14,2,10,6,16,10,11,2,0,16,0,6,6,10,16,15,19,8,7,9,7,14,19,16,0,5,11,9,9,0,0,1,2,0,0,0,0,0,0,0,0,0,0,0,0,0,0,0,0,0,0,0,0,0,0,0,0,0,0,0,0,0,0,0,0,0,0,0",-0.17078644,0.051850155,3.0,0.5659846,52.992744,0.5996946,1.0,0.5996946,0.14176589,0.5659846,0.0,0.0,0.5659846,0.002999871,0.9008638,0.14176589,2.8382578,1.7080444,52.992744,-0.17078644,2.2637942,216.29196,0.5322746,0.5322746,1.0,216.29196,0.8021034,0.099136196,2.8382578,0.002999871,0.5996946,0.051850155,0.0,1.7080444,2.2637942,0.5322746,0.17078644,0.0,0.5996946,0.17078644,0.86904866,0.5322746,1.0,0.5659846,lookahead,fk_orig2_bm0-s0to100br1
/work/T-REX/external/Proteina-Complexa/inference/search_binder_local_pipeline_32_PDL1_ALPHA_REPACK_v7_r004_cand_v7r004_hyp_0004_02_003_ae5b6dc63e53e/job_0_n_220_id_1_fk_orig3_bm0-s0to100br1/job_0_n_220_id_1_fk_orig3_bm0-s0to100br1.pdb,7,"2,0,13,16,19,16,19,14,11,3,10,18,19,19,6,18,7,15,2,12,16,9,6,4,11,13,14,19,6,11,5,10,3,10,0,0,10,9,19,18,17,6,12,6,3,11,2,9,9,5,13,19,8,7,6,6,3,10,11,19,5,8,15,15,18,1,5,1,0,1,10,10,11,3,5,10,15,10,7,2,0,0,10,5,9,16,3,19,11,10,5,3,0,7,19,18,1,4,12,9,15,18,7,7,0,3,18,11,1,9,16,19,11,19,2,0,19,12,16,5,15,14,0,15,10,15,0,15,10,7,6,16,19,16,9,15,4,1,0,15,5,2,9,7,16,18,10,15,17,18,5,5,11,14,7,5,15,14,11,10,10,9,18,7,0,15,16,10,0,15,7,19,14,15,1,13,15,7,15,7,15,7,16,3,13,16,10,16,9,15,15,10,5,14,6,3,13,0,16,18,18,4,5,5,18,3,15,19,10,16,13,7,0,7,16,11,10,6,9,11,0,0,0,0,0,0,0,0,0,0,0,0,0",-0.6461993,0.38611004,3.0,0.0059852013,122.63823,0.006011938,1.0,0.006011938,0.40586847,0.0,0.0,0.0,0.0059852013,0.0016444727,0.80095655,0.40586847,18.984346,1.5575905,122.63823,-0.6461993,4.30686,226.41856,0.0,0.005958464,1.0,226.41856,0.16980737,0.19904347,18.984346,0.0016444727,0.0,0.38611004,0.0,1.5575905,4.30686,0.0,0.6461993,0.0,0.0,0.6461993,0.5532453,0.005958464,1.0,0.0,lookahead,fk_orig3_bm0-s0to100br1
/work/T-REX/external/Proteina-Complexa/inference/search_binder_local_pipeline_32_PDL1_ALPHA_REPACK_v7_r004_cand_v7r004_hyp_0004_02_003_ae5b6dc63e53e/job_0_n_233_id_2_fk_orig0_bm0-s0to100br2/job_0_n_233_id_2_fk_orig0_bm0-s0to100br2.pdb,8,"2,0,13,16,19,16,19,14,11,3,10,18,19,19,6,18,7,15,2,12,16,9,6,4,11,13,14,19,6,11,5,10,3,10,0,0,10,9,19,18,17,6,12,6,3,11,2,9,9,5,13,19,8,7,6,6,3,10,11,19,5,8,15,15,18,1,5,1,0,1,10,10,11,3,5,10,15,10,7,2,0,0,10,5,9,16,3,19,11,10,5,3,0,7,19,18,1,4,12,9,15,18,7,7,0,3,18,11,1,9,16,19,11,19,2,0,2,0,13,16,19,16,19,14,11,3,10,18,19,19,6,18,7,15,2,12,16,9,6,4,11,13,14,19,6,11,5,10,3,10,0,0,10,9,19,18,17,6,12,6,3,11,2,9,9,5,13,19,8,7,6,6,3,10,11,19,5,8,15,15,18,1,5,1,0,1,10,10,11,3,5,10,15,10,7,2,0,0,10,5,9,16,3,19,11,10,5,3,0,7,19,18,1,4,12,9,15,18,7,7,0,3,18,11,1,9,16,19,11,19,2,0,14",-0.53954536,0.30741507,3.0,0.038939677,57.242157,0.040969357,1.0,0.040969357,0.3181539,0.011829925,0.0,0.0,0.038939677,0.0027933826,0.8597052,0.3181539,3.0432212,1.2885511,57.242157,-0.53954536,3.934431,198.1837,0.011607124,0.03691,1.0,198.1837,0.25214618,0.14029478,3.0432212,0.0027933826,0.012052726,0.30741507,0.0,1.2885511,3.934431,0.011607124,0.53954536,0.0,0.012052726,0.53954536,0.5820931,0.03691,1.0,0.011829925,lookahead,fk_orig0_bm0-s0to100br2
/work/T-REX/external/Proteina-Complexa/inference/search_binder_local_pipeline_32_PDL1_ALPHA_REPACK_v7_r004_cand_v7r004_hyp_0004_02_003_ae5b6dc63e53e/job_0_n_211_id_2_fk_orig1_bm0-s0to100br2/job_0_n_211_id_2_fk_orig1_bm0-s0to100br2.pdb,9,"2,0,13,16,19,16,19,14,11,3,10,18,19,19,6,18,7,15,2,12,16,9,6,4,11,13,14,19,6,11,5,10,3,10,0,0,10,9,19,18,17,6,12,6,3,11,2,9,9,5,13,19,8,7,6,6,3,10,11,19,5,8,15,15,18,1,5,1,0,1,10,10,11,3,5,10,15,10,7,2,0,0,10,5,9,16,3,19,11,10,5,3,0,7,19,18,1,4,12,9,15,18,7,7,0,3,18,11,1,9,16,19,11,19,2,0,15,6,0,10,11,10,8,10,6,7,10,6,6,11,11,11,7,2,10,3,6,0,6,11,11,18,11,6,0,10,6,9,0,5,11,9,7,3,11,19,7,6,0,2,15,10,11,7,10,7,3,19,6,6,0,11,7,2,10,3,6,0,10,11,8,18,11,6,0,10,6,9,18,5,11,9,7,3,11,19,7,19,11,10,4,11,6,6,9,6,11,9,6,0,11,0,0,0,0,0,0,0,0,0,0,0,0,0,0,0,0,0,0,0,0,0,0",-0.22902076,0.09873269,3.0,0.34107366,58.79577,0.374707,1.0,0.374707,0.15801032,0.34107366,0.0,0.0,0.34107366,0.0017023684,0.9242997,0.15801032,4.9383917,1.2493632,58.79577,-0.22902076,2.583288,195.80734,0.3074403,0.3074403,1.0,195.80734,0.654127,0.07570027,4.9383917,0.0017023684,0.374707,0.09873269,0.0,1.2493632,2.583288,0.3074403,0.22902076,0.0,0.374707,0.22902076,0.7820588,0.3074403,1.0,0.34107366,lookahead,fk_orig1_bm0-s0to100br2
/work/T-REX/external/Proteina-Complexa/inference/search_binder_local_pipeline_32_PDL1_ALPHA_REPACK_v7_r004_cand_v7r004_hyp_0004_02_003_ae5b6dc63e53e/job_0_n_198_id_2_fk_orig2_bm0-s0to100br2/job_0_n_198_id_2_fk_orig2_bm0-s0to100br2.pdb,10,"2,0,13,16,19,16,19,14,11,3,10,18,19,19,6,18,7,15,2,12,16,9,6,4,11,13,14,19,6,11,5,10,3,10,0,0,10,9,19,18,17,6,12,6,3,11,2,9,9,5,13,19,8,7,6,6,3,10,11,19,5,8,15,15,18,1,5,1,0,1,10,10,11,3,5,10,15,10,7,2,0,0,10,5,9,16,3,19,11,10,5,3,0,7,19,18,1,4,12,9,15,18,7,7,0,3,18,11,1,9,16,19,11,19,2,0,15,16,19,16,13,16,3,6,5,1,6,6,10,10,15,10,0,1,10,16,6,7,15,15,9,4,7,10,4,5,16,7,15,1,0,10,1,1,10,9,6,3,6,0,14,19,3,19,9,9,6,13,0,6,0,10,6,7,0,15,9,4,7,10,7,5,16,7,14,1,1,9,9,15,18,10,11,0,10,5,6,11,0,0,0,0,0,0,0,0,0,0,0,0,0,0,0,0,0,0,0,0,0,0,0,0,0,0,0,0,0,0,0,0,0,0,0",-0.2751833,0.06814278,3.0,0.42984655,179.11057,0.49357086,1.0,0.49357086,0.2519168,0.43002313,0.0,0.0,0.42984655,0.017178338,0.47015882,0.2519168,16.060495,2.439657,179.11057,-0.2751833,2.7299287,329.67667,0.36647537,0.36612225,1.0,329.67667,0.74670255,0.5298412,16.060495,0.017178338,0.49357086,0.06814278,0.0,2.439657,2.7299287,0.36647537,0.2751833,0.0,0.49357086,0.2751833,0.8123714,0.36612225,1.0,0.43002313,lookahead,fk_orig2_bm0-s0to100br2
/work/T-REX/external/Proteina-Complexa/inference/search_binder_local_pipeline_32_PDL1_ALPHA_REPACK_v7_r004_cand_v7r004_hyp_0004_02_003_ae5b6dc63e53e/job_0_n_220_id_2_fk_orig3_bm0-s0to100br2/job_0_n_220_id_2_fk_orig3_bm0-s0to100br2.pdb,11,"2,0,13,16,19,16,19,14,11,3,10,18,19,19,6,18,7,15,2,12,16,9,6,4,11,13,14,19,6,11,5,10,3,10,0,0,10,9,19,18,17,6,12,6,3,11,2,9,9,5,13,19,8,7,6,6,3,10,11,19,5,8,15,15,18,1,5,1,0,1,10,10,11,3,5,10,15,10,7,2,0,0,10,5,9,16,3,19,11,10,5,3,0,7,19,18,1,4,12,9,15,18,7,7,0,3,18,11,1,9,16,19,11,19,2,0,0,13,16,19,2,19,14,11,3,10,18,15,19,5,6,7,0,2,19,16,10,6,4,11,14,15,16,0,9,16,15,16,11,3,10,15,19,10,17,11,2,14,5,3,5,11,19,9,5,18,15,11,7,6,19,16,16,18,3,15,1,13,15,10,1,16,15,3,13,15,10,9,9,15,3,0,1,14,6,3,15,7,19,18,6,4,19,19,13,18,7,7,0,3,15,11,16,9,16,10,3,19,11,7,0,0,0,0,0,0,0,0,0,0,0,0,0",-0.522884,0.26093838,3.0,0.046283547,59.862953,0.04772449,1.0,0.04772449,0.32484227,0.012908291,0.0,0.0,0.046283547,0.0015544726,0.84821105,0.32484227,4.302729,1.4681864,59.862953,-0.522884,3.859048,221.76668,0.012776093,0.044842605,1.0,221.76668,0.325118,0.15178898,4.302729,0.0015544726,0.013040489,0.26093838,0.0,1.4681864,3.859048,0.012776093,0.522884,0.0,0.013040489,0.522884,0.6289805,0.044842605,1.0,0.012908291,lookahead,fk_orig3_bm0-s0to100br2
/work/T-REX/external/Proteina-Complexa/inference/search_binder_local_pipeline_32_PDL1_ALPHA_REPACK_v7_r004_cand_v7r004_hyp_0004_02_003_ae5b6dc63e53e/job_0_n_233_id_3_fk_orig0_bm0-s0to100br3/job_0_n_233_id_3_fk_orig0_bm0-s0to100br3.pdb,12,"2,0,13,16,19,16,19,14,11,3,10,18,19,19,6,18,7,15,2,12,16,9,6,4,11,13,14,19,6,11,5,10,3,10,0,0,10,9,19,18,17,6,12,6,3,11,2,9,9,5,13,19,8,7,6,6,3,10,11,19,5,8,15,15,18,1,5,1,0,1,10,10,11,3,5,10,15,10,7,2,0,0,10,5,9,16,3,19,11,10,5,3,0,7,19,18,1,4,12,9,15,18,7,7,0,3,18,11,1,9,16,19,11,19,2,0,2,0,13,16,19,16,19,14,11,3,10,18,19,19,6,18,7,15,2,12,16,9,6,4,11,13,14,19,6,11,5,10,3,10,0,0,10,9,19,18,17,6,12,6,3,11,2,9,9,5,13,19,8,7,6,6,3,10,11,19,5,8,15,15,18,1,5,1,0,1,10,10,11,3,5,10,15,10,7,2,0,0,10,5,9,16,3,19,11,10,5,3,0,7,19,18,1,4,12,9,15,18,7,7,0,3,18,11,1,9,16,19,11,19,2,0,14",-0.5374789,0.30564472,3.0,0.040508326,57.394283,0.04390253,1.0,0.04390253,0.31723714,0.0119241215,0.0,0.0,0.040508326,0.0028567442,0.8590973,0.31723714,2.9879599,1.2910596,57.394283,-0.5374789,3.926895,199.05457,0.011609677,0.03711412,1.0,199.05457,0.2533145,0.14090268,2.9879599,0.0028567442,0.012238566,0.30564472,0.0,1.2910596,3.926895,0.011609677,0.5374789,0.0,0.012238566,0.5374789,0.58276963,0.03711412,1.0,0.0119241215,lookahead,fk_orig0_bm0-s0to100br3
/work/T-REX/external/Proteina-Complexa/inference/search_binder_local_pipeline_32_PDL1_ALPHA_REPACK_v7_r004_cand_v7r004_hyp_0004_02_003_ae5b6dc63e53e/job_0_n_211_id_3_fk_orig1_bm0-s0to100br3/job_0_n_211_id_3_fk_orig1_bm0-s0to100br3.pdb,13,"2,0,13,16,19,16,19,14,11,3,10,18,19,19,6,18,7,15,2,12,16,9,6,4,11,13,14,19,6,11,5,10,3,10,0,0,10,9,19,18,17,6,12,6,3,11,2,9,9,5,13,19,8,7,6,6,3,10,11,19,5,8,15,15,18,1,5,1,0,1,10,10,11,3,5,10,15,10,7,2,0,0,10,5,9,16,3,19,11,10,5,3,0,7,19,18,1,4,12,9,15,18,7,7,0,3,18,11,1,9,16,19,11,19,2,0,15,19,16,5,14,11,15,15,18,15,0,16,0,7,15,15,19,16,10,6,4,9,19,2,15,11,18,14,9,19,15,9,11,17,16,11,2,7,19,10,10,3,10,15,2,14,1,13,11,9,10,3,14,6,11,7,2,0,15,10,5,9,16,3,19,11,10,5,3,0,7,16,18,5,4,9,19,5,16,10,0,7,6,18,16,15,15,15,0,16,10,16,19,2,0,0,0,0,0,0,0,0,0,0,0,0,0,0,0,0,0,0,0,0,0,0,0",-0.40492448,0.1643512,3.0,0.13091314,99.35472,0.1498297,1.0,0.1498297,0.27161172,0.069899574,0.0,0.0,0.13091314,0.0024622371,0.8868388,0.27161172,15.275747,1.5200703,99.35472,-0.40492448,4.6684785,156.89795,0.050499555,0.11199659,1.0,156.89795,0.46541783,0.113161236,15.275747,0.0024622371,0.08929959,0.1643512,0.0,1.5200703,4.6684785,0.050499555,0.40492448,0.0,0.08929959,0.40492448,0.691784,0.11199659,1.0,0.069899574,lookahead,fk_orig1_bm0-s0to100br3
/work/T-REX/external/Proteina-Complexa/inference/search_binder_local_pipeline_32_PDL1_ALPHA_REPACK_v7_r004_cand_v7r004_hyp_0004_02_003_ae5b6dc63e53e/job_0_n_198_id_3_fk_orig2_bm0-s0to100br3/job_0_n_198_id_3_fk_orig2_bm0-s0to100br3.pdb,14,"2,0,13,16,19,16,19,14,11,3,10,18,19,19,6,18,7,15,2,12,16,9,6,4,11,13,14,19,6,11,5,10,3,10,0,0,10,9,19,18,17,6,12,6,3,11,2,9,9,5,13,19,8,7,6,6,3,10,11,19,5,8,15,15,18,1,5,1,0,1,10,10,11,3,5,10,15,10,7,2,0,0,10,5,9,16,3,19,11,10,5,3,0,7,19,18,1,4,12,9,15,18,7,7,0,3,18,11,1,9,16,19,11,19,2,0,12,16,10,6,3,0,6,11,13,9,15,14,6,9,2,6,10,3,11,14,19,15,4,13,8,4,3,11,10,9,5,14,7,6,5,12,18,11,19,15,11,13,19,16,7,5,14,15,3,19,18,10,4,15,14,11,4,1,3,19,13,11,5,0,10,19,6,2,18,16,16,3,5,9,10,11,10,14,11,19,5,10,0,0,0,0,0,0,0,0,0,0,0,0,0,0,0,0,0,0,0,0,0,0,0,0,0,0,0,0,0,0,0,0,0,0,0",-0.68597615,0.47010058,3.0,0.0053523798,129.53322,0.0056484495,1.0,0.0056484495,0.4656476,0.0,0.0,0.0,0.0053523798,0.008304435,0.7275731,0.4656476,17.836803,1.9689674,129.53322,-0.68597615,4.3809566,262.01743,0.0,0.0050563104,1.0,262.01743,0.15101972,0.2724269,17.836803,0.008304435,0.0,0.47010058,0.0,1.9689674,4.3809566,0.0,0.68597615,0.0,0.0,0.68597615,0.58864737,0.0050563104,1.0,0.0,lookahead,fk_orig2_bm0-s0to100br3
/work/T-REX/external/Proteina-Complexa/inference/search_binder_local_pipeline_32_PDL1_ALPHA_REPACK_v7_r004_cand_v7r004_hyp_0004_02_003_ae5b6dc63e53e/job_0_n_220_id_3_fk_orig3_bm0-s0to100br3/job_0_n_220_id_3_fk_orig3_bm0-s0to100br3.pdb,15,"2,0,13,16,19,16,19,14,11,3,10,18,19,19,6,18,7,15,2,12,16,9,6,4,11,13,14,19,6,11,5,10,3,10,0,0,10,9,19,18,17,6,12,6,3,11,2,9,9,5,13,19,8,7,6,6,3,10,11,19,5,8,15,15,18,1,5,1,0,1,10,10,11,3,5,10,15,10,7,2,0,0,10,5,9,16,3,19,11,10,5,3,0,7,19,18,1,4,12,9,15,18,7,7,0,3,18,11,1,9,16,19,11,19,2,0,13,16,19,16,19,14,11,3,10,18,19,19,6,18,7,15,2,12,16,9,6,4,11,13,14,19,6,11,5,10,3,10,0,0,10,9,19,18,17,6,12,6,3,11,2,9,9,5,13,19,8,7,6,6,3,10,11,19,5,8,15,15,18,1,5,1,0,1,10,10,11,3,5,10,15,10,7,2,0,0,10,5,9,16,3,19,11,10,5,3,0,7,19,18,1,4,12,9,15,18,7,7,0,3,0,0,0,0,0,0,0,0,0,0,0,0,0",-0.5589695,0.3430429,3.0,0.02224488,75.38873,0.025090516,1.0,0.025090516,0.3416588,0.0057669682,0.0,0.0,0.02224488,0.001993395,0.84969056,0.3416588,5.7689357,1.4016466,75.38873,-0.5589695,3.9554398,209.46507,0.0,0.019399244,1.0,209.46507,0.24160688,0.15030943,5.7689357,0.001993395,0.0115339365,0.3430429,0.0,1.4016466,3.9554398,0.0,0.5589695,0.0,0.0115339365,0.5589695,0.5904544,0.019399244,1.0,0.0057669682,lookahead,fk_orig3_bm0-s0to100br3
/work/T-REX/external/Proteina-Complexa/inference/search_binder_local_pipeline_32_PDL1_ALPHA_REPACK_v7_r004_cand_v7r004_hyp_0004_02_003_ae5b6dc63e53e/job_0_n_233_id_4_fk_orig0_bm1-s0to100br0/job_0_n_233_id_4_fk_orig0_bm1-s0to100br0.pdb,16,"2,0,13,16,19,16,19,14,11,3,10,18,19,19,6,18,7,15,2,12,16,9,6,4,11,13,14,19,6,11,5,10,3,10,0,0,10,9,19,18,17,6,12,6,3,11,2,9,9,5,13,19,8,7,6,6,3,10,11,19,5,8,15,15,18,1,5,1,0,1,10,10,11,3,5,10,15,10,7,2,0,0,10,5,9,16,3,19,11,10,5,3,0,7,19,18,1,4,12,9,15,18,7,7,0,3,18,11,1,9,16,19,11,19,2,0,0,13,16,19,16,19,14,11,3,10,18,19,19,6,18,7,15,2,12,16,9,6,4,11,13,14,19,6,11,5,10,3,10,0,0,10,9,19,18,17,6,12,6,3,11,2,9,9,5,13,19,8,7,6,6,3,10,11,19,5,8,15,15,18,1,5,1,0,1,10,10,11,3,5,10,15,10,7,2,0,0,10,5,9,16,3,19,11,10,5,3,0,7,19,18,1,4,12,9,15,18,7,7,0,3,18,11,1,9,16,19,11,19,2,0,14,0",-0.53205657,0.29867092,3.0,0.04411397,79.70226,0.047487516,1.0,0.047487516,0.31449905,0.012371279,0.0,0.0,0.04411397,0.0026703398,0.8605749,0.31449905,3.2235873,1.281874,79.70226,-0.53205657,3.9324505,214.77118,0.012050607,0.04074043,1.0,214.77118,0.25847232,0.13942508,3.2235873,0.0026703398,0.01269195,0.29867092,0.0,1.281874,3.9324505,0.012050607,0.53205657,0.0,0.01269195,0.53205657,0.58585453,0.04074043,1.0,0.012371279,lookahead,fk_orig0_bm1-s0to100br0
/work/T-REX/external/Proteina-Complexa/inference/search_binder_local_pipeline_32_PDL1_ALPHA_REPACK_v7_r004_cand_v7r004_hyp_0004_02_003_ae5b6dc63e53e/job_0_n_211_id_4_fk_orig1_bm1-s0to100br0/job_0_n_211_id_4_fk_orig1_bm1-s0to100br0.pdb,17,"2,0,13,16,19,16,19,14,11,3,10,18,19,19,6,18,7,15,2,12,16,9,6,4,11,13,14,19,6,11,5,10,3,10,0,0,10,9,19,18,17,6,12,6,3,11,2,9,9,5,13,19,8,7,6,6,3,10,11,19,5,8,15,15,18,1,5,1,0,1,10,10,11,3,5,10,15,10,7,2,0,0,10,5,9,16,3,19,11,10,5,3,0,7,19,18,1,4,12,9,15,18,7,7,0,3,18,11,1,9,16,19,11,19,2,0,0,13,6,11,3,15,18,15,19,16,6,7,0,2,19,16,10,14,4,15,13,13,7,15,14,16,14,11,9,16,17,18,11,3,7,5,6,9,3,10,11,0,3,14,1,13,11,15,10,16,5,14,11,11,5,2,0,15,10,5,9,16,3,0,1,10,6,3,15,7,19,18,5,4,11,0,6,15,7,7,9,19,15,13,15,11,7,0,11,10,16,19,16,7,7,0,0,0,0,0,0,0,0,0,0,0,0,0,0,0,0,0,0,0,0,0,0",-0.7649005,0.55495775,3.0,0.0,107.29147,0.0,1.0,0.0,0.4834184,0.0,0.0,0.0,0.0,0.009508187,0.79580307,0.4834184,9.23215,1.643009,107.29147,-0.7649005,4.822125,237.23056,0.0,0.0,1.0,237.23056,0.10582098,0.2041969,9.23215,0.009508187,0.0,0.55495775,0.0,1.643009,4.822125,0.0,0.7649005,0.0,0.0,0.7649005,0.54526997,0.0,1.0,0.0,lookahead,fk_orig1_bm1-s0to100br0
/work/T-REX/external/Proteina-Complexa/inference/search_binder_local_pipeline_32_PDL1_ALPHA_REPACK_v7_r004_cand_v7r004_hyp_0004_02_003_ae5b6dc63e53e/job_0_n_198_id_4_fk_orig2_bm1-s0to100br0/job_0_n_198_id_4_fk_orig2_bm1-s0to100br0.pdb,18,"2,0,13,16,19,16,19,14,11,3,10,18,19,19,6,18,7,15,2,12,16,9,6,4,11,13,14,19,6,11,5,10,3,10,0,0,10,9,19,18,17,6,12,6,3,11,2,9,9,5,13,19,8,7,6,6,3,10,11,19,5,8,15,15,18,1,5,1,0,1,10,10,11,3,5,10,15,10,7,2,0,0,10,5,9,16,3,19,11,10,5,3,0,7,19,18,1,4,12,9,15,18,7,7,0,3,18,11,1,9,16,19,11,19,2,0,15,2,10,12,11,11,1,10,1,6,0,6,9,10,10,11,7,19,19,11,3,14,7,6,19,18,15,10,0,11,13,19,19,7,5,15,6,6,10,2,10,2,3,6,11,13,2,0,19,10,3,6,9,11,15,11,1,3,6,10,15,11,10,15,3,6,6,10,11,11,6,9,19,11,9,9,5,6,19,15,6,11,0,0,0,0,0,0,0,0,0,0,0,0,0,0,0,0,0,0,0,0,0,0,0,0,0,0,0,0,0,0,0,0,0,0,0",-0.7680173,0.6368184,3.0,0.0,127.14137,0.0,1.0,0.0,0.4950229,0.0,0.0,0.0,0.0,0.005378166,0.7742515,0.4950229,13.772447,1.7497728,127.14137,-0.7680173,4.513918,259.92377,0.0,0.0,1.0,259.92377,0.111651056,0.22574848,13.772447,0.005378166,0.0,0.6368184,0.0,1.7497728,4.513918,0.0,0.7680173,0.0,0.0,0.7680173,0.5732832,0.0,1.0,0.0,lookahead,fk_orig2_bm1-s0to100br0
/work/T-REX/external/Proteina-Complexa/inference/search_binder_local_pipeline_32_PDL1_ALPHA_REPACK_v7_r004_cand_v7r004_hyp_0004_02_003_ae5b6dc63e53e/job_0_n_220_id_4_fk_orig3_bm1-s0to100br0/job_0_n_220_id_4_fk_orig3_bm1-s0to100br0.pdb,19,"2,0,13,16,19,16,19,14,11,3,10,18,19,19,6,18,7,15,2,12,16,9,6,4,11,13,14,19,6,11,5,10,3,10,0,0,10,9,19,18,17,6,12,6,3,11,2,9,9,5,13,19,8,7,6,6,3,10,11,19,5,8,15,15,18,1,5,1,0,1,10,10,11,3,5,10,15,10,7,2,0,0,10,5,9,16,3,19,11,10,5,3,0,7,19,18,1,4,12,9,15,18,7,7,0,3,18,11,1,9,16,19,11,19,2,0,0,13,16,19,16,19,14,11,3,10,18,19,19,6,18,7,15,2,12,16,9,6,4,11,13,14,19,6,11,5,10,3,10,0,0,10,9,19,18,17,6,12,6,3,11,2,9,9,5,13,19,8,7,6,6,3,10,11,19,5,8,15,15,18,1,5,1,0,1,10,10,11,3,5,10,15,10,7,2,0,0,10,5,9,16,3,19,11,10,5,3,0,7,19,18,1,4,12,9,15,18,7,7,0,0,0,0,0,0,0,0,0,0,0,0,0,0",-0.5348507,0.31306824,3.0,0.034450665,40.073555,0.035378374,1.0,0.035378374,0.32826415,0.012389218,0.0,0.0,0.034450665,0.0018797832,0.8482879,0.32826415,2.5377944,1.3674338,40.073555,-0.5348507,3.8950648,200.57614,0.011328976,0.03352296,1.0,200.57614,0.24980126,0.15171213,2.5377944,0.0018797832,0.01344946,0.31306824,0.0,1.3674338,3.8950648,0.011328976,0.5348507,0.0,0.01344946,0.5348507,0.5950719,0.03352296,1.0,0.012389218,lookahead,fk_orig3_bm1-s0to100br0
/work/T-REX/external/Proteina-Complexa/inference/search_binder_local_pipeline_32_PDL1_ALPHA_REPACK_v7_r004_cand_v7r004_hyp_0004_02_003_ae5b6dc63e53e/job_0_n_233_id_5_fk_orig0_bm1-s0to100br1/job_0_n_233_id_5_fk_orig0_bm1-s0to100br1.pdb,20,"2,0,13,16,19,16,19,14,11,3,10,18,19,19,6,18,7,15,2,12,16,9,6,4,11,13,14,19,6,11,5,10,3,10,0,0,10,9,19,18,17,6,12,6,3,11,2,9,9,5,13,19,8,7,6,6,3,10,11,19,5,8,15,15,18,1,5,1,0,1,10,10,11,3,5,10,15,10,7,2,0,0,10,5,9,16,3,19,11,10,5,3,0,7,19,18,1,4,12,9,15,18,7,7,0,3,18,11,1,9,16,19,11,19,2,0,0,13,16,19,16,19,14,11,3,10,18,19,19,6,18,7,15,2,12,16,9,6,4,11,13,14,19,6,11,5,10,3,10,0,0,10,9,19,18,17,6,12,6,3,11,2,9,9,5,13,19,8,7,6,6,3,10,11,19,5,8,15,15,18,1,5,1,0,1,10,10,11,3,5,10,15,10,7,2,0,0,10,5,9,16,3,19,11,10,5,3,0,7,19,18,1,4,12,9,15,18,7,7,0,3,18,11,1,9,16,19,11,19,2,0,8,0",-0.52189994,0.28910238,3.0,0.05099099,56.764633,0.05371933,1.0,0.05371933,0.31191686,0.012751737,0.0,0.0,0.05099099,0.0072285654,0.85633314,0.31191686,4.8382163,1.2984798,56.764633,-0.52189994,3.9006245,196.39458,0.012526179,0.04826265,1.0,196.39458,0.26976004,0.14366685,4.8382163,0.0072285654,0.012977295,0.28910238,0.0,1.2984798,3.9006245,0.012526179,0.52189994,0.0,0.012977295,0.52189994,0.59049004,0.04826265,1.0,0.012751737,lookahead,fk_orig0_bm1-s0to100br1
/work/T-REX/external/Proteina-Complexa/inference/search_binder_local_pipeline_32_PDL1_ALPHA_REPACK_v7_r004_cand_v7r004_hyp_0004_02_003_ae5b6dc63e53e/job_0_n_211_id_5_fk_orig1_bm1-s0to100br1/job_0_n_211_id_5_fk_orig1_bm1-s0to100br1.pdb,21,"2,0,13,16,19,16,19,14,11,3,10,18,19,19,6,18,7,15,2,12,16,9,6,4,11,13,14,19,6,11,5,10,3,10,0,0,10,9,19,18,17,6,12,6,3,11,2,9,9,5,13,19,8,7,6,6,3,10,11,19,5,8,15,15,18,1,5,1,0,1,10,10,11,3,5,10,15,10,7,2,0,0,10,5,9,16,3,19,11,10,5,3,0,7,19,18,1,4,12,9,15,18,7,7,0,3,18,11,1,9,16,19,11,19,2,0,19,16,5,14,0,15,19,15,19,16,0,7,0,2,19,16,10,14,4,16,13,15,15,15,15,14,10,10,15,19,5,17,1,11,3,7,5,10,9,6,10,15,3,1,13,11,13,0,7,3,14,16,5,7,2,0,15,10,5,9,16,3,0,1,10,15,3,15,7,10,18,6,4,10,19,15,15,10,16,3,7,9,1,0,15,15,7,16,16,10,16,19,16,0,0,0,0,0,0,0,0,0,0,0,0,0,0,0,0,0,0,0,0,0,0,0,0",-0.7622418,0.54405075,3.0,0.0,123.979385,0.0,1.0,0.0,0.47207952,0.0,0.0,0.0,0.0,0.0017098534,0.80325305,0.47207952,23.827667,1.5736341,123.979385,-0.7622418,4.674091,227.27122,0.0,0.0,1.0,227.27122,0.111086175,0.19674692,23.827667,0.0017098534,0.0,0.54405075,0.0,1.5736341,4.674091,0.0,0.7622418,0.0,0.0,0.7622418,0.5477812,0.0,1.0,0.0,lookahead,fk_orig1_bm1-s0to100br1
/work/T-REX/external/Proteina-Complexa/inference/search_binder_local_pipeline_32_PDL1_ALPHA_REPACK_v7_r004_cand_v7r004_hyp_0004_02_003_ae5b6dc63e53e/job_0_n_198_id_5_fk_orig2_bm1-s0to100br1/job_0_n_198_id_5_fk_orig2_bm1-s0to100br1.pdb,22,"2,0,13,16,19,16,19,14,11,3,10,18,19,19,6,18,7,15,2,12,16,9,6,4,11,13,14,19,6,11,5,10,3,10,0,0,10,9,19,18,17,6,12,6,3,11,2,9,9,5,13,19,8,7,6,6,3,10,11,19,5,8,15,15,18,1,5,1,0,1,10,10,11,3,5,10,15,10,7,2,0,0,10,5,9,16,3,19,11,10,5,3,0,7,19,18,1,4,12,9,15,18,7,7,0,3,18,11,1,9,16,19,11,19,2,0,5,14,19,13,15,15,6,5,9,11,6,0,13,15,6,13,3,11,3,7,3,7,16,9,16,16,11,6,10,7,16,19,12,1,15,10,7,10,11,2,14,16,6,0,6,10,5,3,12,9,2,6,0,3,9,3,7,3,7,16,9,3,13,13,6,13,19,0,12,12,16,3,14,2,15,11,10,19,5,1,12,12,0,0,0,0,0,0,0,0,0,0,0,0,0,0,0,0,0,0,0,0,0,0,0,0,0,0,0,0,0,0,0,0,0,0,0",-0.56695503,0.35933462,3.0,0.016168218,121.58074,0.026113093,1.0,0.026113093,0.38404867,0.0062009385,0.0,0.0,0.016168218,0.008743129,0.7636195,0.38404867,19.17613,1.9226274,121.58074,-0.56695503,3.9870477,238.4874,0.0,0.0062233447,1.0,238.4874,0.23360202,0.23638052,19.17613,0.008743129,0.012401877,0.35933462,0.0,1.9226274,3.9870477,0.0,0.56695503,0.0,0.012401877,0.56695503,0.62474203,0.0062233447,1.0,0.0062009385,lookahead,fk_orig2_bm1-s0to100br1
/work/T-REX/external/Proteina-Complexa/inference/search_binder_local_pipeline_32_PDL1_ALPHA_REPACK_v7_r004_cand_v7r004_hyp_0004_02_003_ae5b6dc63e53e/job_0_n_220_id_5_fk_orig3_bm1-s0to100br1/job_0_n_220_id_5_fk_orig3_bm1-s0to100br1.pdb,23,"2,0,13,16,19,16,19,14,11,3,10,18,19,19,6,18,7,15,2,12,16,9,6,4,11,13,14,19,6,11,5,10,3,10,0,0,10,9,19,18,17,6,12,6,3,11,2,9,9,5,13,19,8,7,6,6,3,10,11,19,5,8,15,15,18,1,5,1,0,1,10,10,11,3,5,10,15,10,7,2,0,0,10,5,9,16,3,19,11,10,5,3,0,7,19,18,1,4,12,9,15,18,7,7,0,3,18,11,1,9,16,19,11,19,2,0,0,13,16,19,16,19,14,11,3,10,18,19,19,6,18,7,15,2,12,16,9,6,4,11,13,14,19,6,11,5,10,3,10,0,0,10,9,19,18,17,6,12,6,3,11,2,9,9,5,13,19,8,7,6,6,3,10,11,19,5,8,15,15,18,1,5,1,0,1,10,10,11,3,5,10,15,10,7,2,0,0,10,5,9,16,3,19,11,10,5,3,0,7,19,18,1,4,12,9,15,18,7,7,0,0,0,0,0,0,0,0,0,0,0,0,0,0",-0.5323331,0.3077017,3.0,0.035400104,40.249363,0.03658527,1.0,0.03658527,0.32671225,0.012206387,0.0,0.0,0.035400104,0.0018611803,0.8489969,0.32671225,2.5824265,1.3631272,40.249363,-0.5323331,3.8820567,200.49893,0.011290326,0.034214936,1.0,200.49893,0.25169024,0.15100309,2.5824265,0.0018611803,0.013122449,0.3077017,0.0,1.3631272,3.8820567,0.011290326,0.5323331,0.0,0.013122449,0.5323331,0.59599036,0.034214936,1.0,0.012206387,lookahead,fk_orig3_bm1-s0to100br1
/work/T-REX/external/Proteina-Complexa/inference/search_binder_local_pipeline_32_PDL1_ALPHA_REPACK_v7_r004_cand_v7r004_hyp_0004_02_003_ae5b6dc63e53e/job_0_n_233_id_6_fk_orig0_bm1-s0to100br2/job_0_n_233_id_6_fk_orig0_bm1-s0to100br2.pdb,24,"2,0,13,16,19,16,19,14,11,3,10,18,19,19,6,18,7,15,2,12,16,9,6,4,11,13,14,19,6,11,5,10,3,10,0,0,10,9,19,18,17,6,12,6,3,11,2,9,9,5,13,19,8,7,6,6,3,10,11,19,5,8,15,15,18,1,5,1,0,1,10,10,11,3,5,10,15,10,7,2,0,0,10,5,9,16,3,19,11,10,5,3,0,7,19,18,1,4,12,9,15,18,7,7,0,3,18,11,1,9,16,19,11,19,2,0,2,0,13,16,19,16,19,14,11,3,10,18,19,19,6,18,7,15,2,12,16,9,6,4,11,13,14,19,6,11,5,10,3,10,0,0,10,9,19,18,17,6,12,6,3,11,2,9,9,5,13,19,8,7,6,6,3,10,11,19,5,8,15,15,18,1,5,1,0,1,10,10,11,3,5,10,15,10,7,2,0,0,10,5,9,16,3,19,11,10,5,3,0,7,19,18,1,4,12,9,15,18,7,7,0,3,18,11,1,9,16,19,11,19,2,0,14",-0.5355599,0.30357125,3.0,0.04152496,75.045395,0.04430496,1.0,0.04430496,0.31663325,0.01209593,0.0,0.0,0.04152496,0.0029242595,0.8586834,0.31663325,2.833576,1.2961307,75.045395,-0.5355599,3.923361,210.26491,0.011789291,0.038744964,1.0,210.26491,0.2572558,0.14131661,2.833576,0.0029242595,0.012402568,0.30357125,0.0,1.2961307,3.923361,0.011789291,0.5355599,0.0,0.012402568,0.5355599,0.5839763,0.038744964,1.0,0.01209593,lookahead,fk_orig0_bm1-s0to100br2
/work/T-REX/external/Proteina-Complexa/inference/search_binder_local_pipeline_32_PDL1_ALPHA_REPACK_v7_r004_cand_v7r004_hyp_0004_02_003_ae5b6dc63e53e/job_0_n_211_id_6_fk_orig1_bm1-s0to100br2/job_0_n_211_id_6_fk_orig1_bm1-s0to100br2.pdb,25,"2,0,13,16,19,16,19,14,11,3,10,18,19,19,6,18,7,15,2,12,16,9,6,4,11,13,14,19,6,11,5,10,3,10,0,0,10,9,19,18,17,6,12,6,3,11,2,9,9,5,13,19,8,7,6,6,3,10,11,19,5,8,15,15,18,1,5,1,0,1,10,10,11,3,5,10,15,10,7,2,0,0,10,5,9,16,3,19,11,10,5,3,0,7,19,18,1,4,12,9,15,18,7,7,0,3,18,11,1,9,16,19,11,19,2,0,10,16,5,14,11,15,12,15,0,16,1,7,15,15,19,16,10,16,4,11,0,15,5,15,9,10,14,2,16,10,16,17,11,11,2,3,5,15,9,3,10,15,3,14,1,18,11,19,10,14,7,10,3,15,7,3,0,15,10,5,9,16,3,10,1,10,15,3,15,7,10,18,5,4,10,0,7,13,5,15,7,19,1,0,15,0,7,16,5,10,16,19,16,0,14,0,0,0,0,0,0,0,0,0,0,0,0,0,0,0,0,0,0,0,0,0,0",-0.5125586,0.28743544,3.0,0.049346894,50.864544,0.05380327,1.0,0.05380327,0.33150783,0.013601838,0.0,0.0,0.049346894,0.0023892566,0.8408346,0.33150783,3.42313,1.5545692,50.864544,-0.5125586,3.9690547,188.96802,0.013070432,0.04489052,1.0,188.96802,0.3035671,0.15916535,3.42313,0.0023892566,0.014133245,0.28743544,0.0,1.5545692,3.9690547,0.013070432,0.5125586,0.0,0.014133245,0.5125586,0.6343125,0.04489052,1.0,0.013601838,lookahead,fk_orig1_bm1-s0to100br2
/work/T-REX/external/Proteina-Complexa/inference/search_binder_local_pipeline_32_PDL1_ALPHA_REPACK_v7_r004_cand_v7r004_hyp_0004_02_003_ae5b6dc63e53e/job_0_n_198_id_6_fk_orig2_bm1-s0to100br2/job_0_n_198_id_6_fk_orig2_bm1-s0to100br2.pdb,26,"2,0,13,16,19,16,19,14,11,3,10,18,19,19,6,18,7,15,2,12,16,9,6,4,11,13,14,19,6,11,5,10,3,10,0,0,10,9,19,18,17,6,12,6,3,11,2,9,9,5,13,19,8,7,6,6,3,10,11,19,5,8,15,15,18,1,5,1,0,1,10,10,11,3,5,10,15,10,7,2,0,0,10,5,9,16,3,19,11,10,5,3,0,7,19,18,1,4,12,9,15,18,7,7,0,3,18,11,1,9,16,19,11,19,2,0,15,11,6,6,10,19,11,6,10,19,11,6,12,16,11,3,7,3,9,8,6,9,19,0,5,18,19,18,0,18,10,16,15,11,0,19,0,3,3,19,18,0,0,10,14,5,11,10,1,6,5,9,3,0,16,11,2,14,11,7,0,0,14,15,14,1,19,9,6,10,9,11,11,10,16,11,9,6,11,6,6,0,0,0,0,0,0,0,0,0,0,0,0,0,0,0,0,0,0,0,0,0,0,0,0,0,0,0,0,0,0,0,0,0,0,0,0",-0.35583127,0.16018641,3.0,0.16734466,36.316338,0.18253067,1.0,0.18253067,0.24616244,0.1428391,0.0,0.0,0.16734466,0.0056317206,0.8789927,0.24616244,1.2955164,1.6249864,36.316338,-0.35583127,2.9975355,187.17833,0.13823658,0.15215865,1.0,187.17833,0.5580206,0.12100732,1.2955164,0.0056317206,0.14744164,0.16018641,0.0,1.6249864,2.9975355,0.13823658,0.35583127,0.0,0.14744164,0.35583127,0.7571769,0.15215865,1.0,0.1428391,lookahead,fk_orig2_bm1-s0to100br2
/work/T-REX/external/Proteina-Complexa/inference/search_binder_local_pipeline_32_PDL1_ALPHA_REPACK_v7_r004_cand_v7r004_hyp_0004_02_003_ae5b6dc63e53e/job_0_n_220_id_6_fk_orig3_bm1-s0to100br2/job_0_n_220_id_6_fk_orig3_bm1-s0to100br2.pdb,27,"2,0,13,16,19,16,19,14,11,3,10,18,19,19,6,18,7,15,2,12,16,9,6,4,11,13,14,19,6,11,5,10,3,10,0,0,10,9,19,18,17,6,12,6,3,11,2,9,9,5,13,19,8,7,6,6,3,10,11,19,5,8,15,15,18,1,5,1,0,1,10,10,11,3,5,10,15,10,7,2,0,0,10,5,9,16,3,19,11,10,5,3,0,7,19,18,1,4,12,9,15,18,7,7,0,3,18,11,1,9,16,19,11,19,2,0,13,16,19,16,19,14,11,3,10,18,19,19,6,18,7,15,2,12,16,9,6,4,11,13,14,19,6,11,5,10,3,10,0,0,10,9,19,18,17,6,12,6,3,11,2,9,9,5,13,19,8,7,6,6,3,10,11,19,5,8,15,15,18,1,5,1,0,1,10,10,11,3,5,10,15,10,7,2,0,0,10,5,9,16,3,19,11,10,5,3,0,7,19,18,1,4,12,9,15,18,7,7,0,3,0,0,0,0,0,0,0,0,0,0,0,0,0",-0.5562994,0.3403615,3.0,0.024008352,51.766098,0.027044762,1.0,0.027044762,0.3403026,0.0058350735,0.0,0.0,0.024008352,0.001983383,0.84906745,0.3403026,3.682791,1.4020827,51.766098,-0.5562994,3.954637,203.91315,0.0,0.020971943,1.0,203.91315,0.2431438,0.15093254,3.682791,0.001983383,0.011670147,0.3403615,0.0,1.4020827,3.954637,0.0,0.5562994,0.0,0.011670147,0.5562994,0.5912725,0.020971943,1.0,0.0058350735,lookahead,fk_orig3_bm1-s0to100br2
/work/T-REX/external/Proteina-Complexa/inference/search_binder_local_pipeline_32_PDL1_ALPHA_REPACK_v7_r004_cand_v7r004_hyp_0004_02_003_ae5b6dc63e53e/job_0_n_233_id_7_fk_orig0_bm1-s0to100br3/job_0_n_233_id_7_fk_orig0_bm1-s0to100br3.pdb,28,"2,0,13,16,19,16,19,14,11,3,10,18,19,19,6,18,7,15,2,12,16,9,6,4,11,13,14,19,6,11,5,10,3,10,0,0,10,9,19,18,17,6,12,6,3,11,2,9,9,5,13,19,8,7,6,6,3,10,11,19,5,8,15,15,18,1,5,1,0,1,10,10,11,3,5,10,15,10,7,2,0,0,10,5,9,16,3,19,11,10,5,3,0,7,19,18,1,4,12,9,15,18,7,7,0,3,18,11,1,9,16,19,11,19,2,0,0,13,16,19,16,19,14,11,3,10,18,19,19,6,18,7,15,2,12,16,9,6,4,11,13,14,19,6,11,5,10,3,10,0,0,10,9,19,18,17,6,12,6,3,11,2,9,9,5,13,19,8,7,6,6,3,10,11,19,5,8,15,15,18,1,5,1,0,1,10,10,11,3,5,10,15,10,7,2,0,0,10,5,9,16,3,19,11,10,5,3,0,7,19,18,1,4,12,9,15,18,7,7,0,3,18,11,1,9,16,19,11,19,2,0,14,0",-0.5270331,0.29535875,3.0,0.047556672,57.799267,0.049007963,1.0,0.049007963,0.31133196,0.012339298,0.0,0.0,0.047556672,0.0026036971,0.86173034,0.31133196,4.5759926,1.2741675,57.799267,-0.5270331,3.9232078,194.72704,0.012076533,0.04610538,1.0,194.72704,0.26299918,0.1382697,4.5759926,0.0026036971,0.012602063,0.29535875,0.0,1.2741675,3.9232078,0.012076533,0.5270331,0.0,0.012602063,0.5270331,0.5889964,0.04610538,1.0,0.012339298,lookahead,fk_orig0_bm1-s0to100br3
/work/T-REX/external/Proteina-Complexa/inference/search_binder_local_pipeline_32_PDL1_ALPHA_REPACK_v7_r004_cand_v7r004_hyp_0004_02_003_ae5b6dc63e53e/job_0_n_211_id_7_fk_orig1_bm1-s0to100br3/job_0_n_211_id_7_fk_orig1_bm1-s0to100br3.pdb,29,"2,0,13,16,19,16,19,14,11,3,10,18,19,19,6,18,7,15,2,12,16,9,6,4,11,13,14,19,6,11,5,10,3,10,0,0,10,9,19,18,17,6,12,6,3,11,2,9,9,5,13,19,8,7,6,6,3,10,11,19,5,8,15,15,18,1,5,1,0,1,10,10,11,3,5,10,15,10,7,2,0,0,10,5,9,16,3,19,11,10,5,3,0,7,19,18,1,4,12,9,15,18,7,7,0,3,18,11,1,9,16,19,11,19,2,0,13,15,19,16,10,15,14,11,15,11,16,19,15,0,7,0,15,19,15,13,16,4,15,0,15,8,16,10,15,15,10,16,17,11,11,19,19,2,7,11,6,6,14,19,6,10,11,7,1,13,15,10,10,2,5,2,15,16,10,5,9,16,3,10,5,14,6,3,15,7,19,18,10,4,10,7,7,3,1,19,18,7,10,11,15,15,0,7,0,5,10,16,19,10,0,0,0,0,0,0,0,0,0,0,0,0,0,0,0,0,0,0,0,0,0,0,0",-0.648311,0.39933664,3.0,0.006053588,63.102543,0.006077054,1.0,0.006077054,0.40800852,0.0,0.0,0.0,0.006053588,0.0024498908,0.8245089,0.40800852,3.6736274,1.5781977,63.102543,-0.648311,4.283227,202.0672,0.0,0.006030122,1.0,202.0672,0.19687301,0.1754911,3.6736274,0.0024498908,0.0,0.39933664,0.0,1.5781977,4.283227,0.0,0.648311,0.0,0.0,0.648311,0.58206356,0.006030122,1.0,0.0,lookahead,fk_orig1_bm1-s0to100br3
/work/T-REX/external/Proteina-Complexa/inference/search_binder_local_pipeline_32_PDL1_ALPHA_REPACK_v7_r004_cand_v7r004_hyp_0004_02_003_ae5b6dc63e53e/job_0_n_198_id_7_fk_orig2_bm1-s0to100br3/job_0_n_198_id_7_fk_orig2_bm1-s0to100br3.pdb,30,"2,0,13,16,19,16,19,14,11,3,10,18,19,19,6,18,7,15,2,12,16,9,6,4,11,13,14,19,6,11,5,10,3,10,0,0,10,9,19,18,17,6,12,6,3,11,2,9,9,5,13,19,8,7,6,6,3,10,11,19,5,8,15,15,18,1,5,1,0,1,10,10,11,3,5,10,15,10,7,2,0,0,10,5,9,16,3,19,11,10,5,3,0,7,19,18,1,4,12,9,15,18,7,7,0,3,18,11,1,9,16,19,11,19,2,0,15,15,6,3,10,0,11,6,9,9,6,9,10,11,0,10,14,0,11,3,0,6,11,19,6,15,19,10,11,13,19,10,3,9,11,6,19,16,19,6,2,10,15,11,19,10,14,11,19,11,15,18,5,9,11,13,10,6,3,15,10,11,0,10,11,19,14,5,3,14,0,3,1,9,19,0,10,10,11,11,0,5,0,0,0,0,0,0,0,0,0,0,0,0,0,0,0,0,0,0,0,0,0,0,0,0,0,0,0,0,0,0,0,0,0,0,0",-0.29610234,0.14395235,3.0,0.19831575,36.68592,0.2234444,1.0,0.2234444,0.20140588,0.1947492,0.0,0.0,0.19831575,0.0009222626,0.90513426,0.20140588,2.962063,1.4359486,36.68592,-0.29610234,2.9939728,168.64496,0.16995506,0.1731871,1.0,168.64496,0.53931165,0.09486574,2.962063,0.0009222626,0.21954335,0.14395235,0.0,1.4359486,2.9939728,0.16995506,0.29610234,0.0,0.21954335,0.29610234,0.75051856,0.1731871,1.0,0.1947492,lookahead,fk_orig2_bm1-s0to100br3
/work/T-REX/external/Proteina-Complexa/inference/search_binder_local_pipeline_32_PDL1_ALPHA_REPACK_v7_r004_cand_v7r004_hyp_0004_02_003_ae5b6dc63e53e/job_0_n_220_id_7_fk_orig3_bm1-s0to100br3/job_0_n_220_id_7_fk_orig3_bm1-s0to100br3.pdb,31,"2,0,13,16,19,16,19,14,11,3,10,18,19,19,6,18,7,15,2,12,16,9,6,4,11,13,14,19,6,11,5,10,3,10,0,0,10,9,19,18,17,6,12,6,3,11,2,9,9,5,13,19,8,7,6,6,3,10,11,19,5,8,15,15,18,1,5,1,0,1,10,10,11,3,5,10,15,10,7,2,0,0,10,5,9,16,3,19,11,10,5,3,0,7,19,18,1,4,12,9,15,18,7,7,0,3,18,11,1,9,16,19,11,19,2,0,2,0,13,16,19,16,19,14,11,3,10,18,19,19,6,18,7,15,2,12,16,9,6,4,11,13,14,19,6,11,5,10,3,10,0,0,10,9,19,18,17,6,12,6,3,11,2,9,9,5,13,19,8,7,6,6,3,10,11,19,5,8,15,15,18,1,5,1,0,1,10,10,11,3,5,10,15,10,7,2,0,0,10,5,9,16,3,19,11,10,5,3,0,7,19,18,1,4,12,9,15,18,7,7,0,0,0,0,0,0,0,0,0,0,0,0,0",-0.56598055,0.3367165,3.0,0.020723514,43.149693,0.021553818,1.0,0.021553818,0.34691134,0.0061042546,0.0,0.0,0.020723514,0.0026013772,0.8474487,0.34691134,3.2261205,1.3825815,43.149693,-0.56598055,3.9695413,195.3844,0.0,0.019893209,1.0,195.3844,0.22402819,0.15255128,3.2261205,0.0026013772,0.012208509,0.3367165,0.0,1.3825815,3.9695413,0.0,0.56598055,0.0,0.012208509,0.56598055,0.5831714,0.019893209,1.0,0.0061042546,lookahead,fk_orig3_bm1-s0to100br3
/work/T-REX/external/Proteina-Complexa/inference/search_binder_local_pipeline_32_PDL1_ALPHA_REPACK_v7_r004_cand_v7r004_hyp_0004_02_003_ae5b6dc63e53e/job_0_n_233_id_8_fk_orig0_bm2-s0to100br0/job_0_n_233_id_8_fk_orig0_bm2-s0to100br0.pdb,32,"2,0,13,16,19,16,19,14,11,3,10,18,19,19,6,18,7,15,2,12,16,9,6,4,11,13,14,19,6,11,5,10,3,10,0,0,10,9,19,18,17,6,12,6,3,11,2,9,9,5,13,19,8,7,6,6,3,10,11,19,5,8,15,15,18,1,5,1,0,1,10,10,11,3,5,10,15,10,7,2,0,0,10,5,9,16,3,19,11,10,5,3,0,7,19,18,1,4,12,9,15,18,7,7,0,3,18,11,1,9,16,19,11,19,2,0,13,16,19,16,19,14,11,3,10,18,19,19,6,18,7,15,2,12,16,9,6,4,11,13,14,19,6,11,5,10,3,10,0,0,10,9,19,18,17,6,12,6,3,11,2,9,9,5,13,19,8,7,6,6,3,10,11,19,5,8,15,15,18,1,5,1,0,1,10,10,11,3,5,10,15,10,7,2,0,0,10,5,9,16,3,19,11,10,5,3,0,7,19,18,1,4,12,9,15,18,7,7,0,3,18,11,1,9,16,19,11,19,2,0,11,14,15",-0.541455,0.30793318,3.0,0.03723029,54.676643,0.03838066,1.0,0.03838066,0.32303882,0.012001896,0.0,0.0,0.03723029,0.009447303,0.85497385,0.32303882,3.795177,1.3162907,54.676643,-0.541455,3.9713256,195.02478,0.011650285,0.036079925,1.0,195.02478,0.25253075,0.14502616,3.795177,0.009447303,0.012353509,0.30793318,0.0,1.3162907,3.9713256,0.011650285,0.541455,0.0,0.012353509,0.541455,0.5810814,0.036079925,1.0,0.012001896,lookahead,fk_orig0_bm2-s0to100br0
/work/T-REX/external/Proteina-Complexa/inference/search_binder_local_pipeline_32_PDL1_ALPHA_REPACK_v7_r004_cand_v7r004_hyp_0004_02_003_ae5b6dc63e53e/job_0_n_211_id_8_fk_orig1_bm2-s0to100br0/job_0_n_211_id_8_fk_orig1_bm2-s0to100br0.pdb,33,"2,0,13,16,19,16,19,14,11,3,10,18,19,19,6,18,7,15,2,12,16,9,6,4,11,13,14,19,6,11,5,10,3,10,0,0,10,9,19,18,17,6,12,6,3,11,2,9,9,5,13,19,8,7,6,6,3,10,11,19,5,8,15,15,18,1,5,1,0,1,10,10,11,3,5,10,15,10,7,2,0,0,10,5,9,16,3,19,11,10,5,3,0,7,19,18,1,4,12,9,15,18,7,7,0,3,18,11,1,9,16,19,11,19,2,0,0,10,19,19,16,5,14,0,15,12,15,0,19,11,7,0,15,19,16,10,6,4,16,0,15,5,9,19,6,2,0,0,19,5,17,11,11,2,2,5,16,10,6,10,3,3,1,13,11,9,10,18,3,11,11,2,13,15,10,5,9,15,2,10,5,10,5,3,15,7,10,18,5,4,10,19,7,15,15,10,7,9,0,0,15,0,7,16,1,10,16,19,16,6,14,0,0,0,0,0,0,0,0,0,0,0,0,0,0,0,0,0,0,0,0,0,0",-0.7094467,0.48362094,3.0,0.0051479694,125.812195,0.0055170576,1.0,0.0055170576,0.4389601,0.0,0.0,0.0,0.0051479694,0.0017732169,0.81905544,0.4389601,9.162005,1.5209335,125.812195,-0.7094467,4.473129,225.09882,0.0,0.004778881,1.0,225.09882,0.13670959,0.18094459,9.162005,0.0017732169,0.0,0.48362094,0.0,1.5209335,4.473129,0.0,0.7094467,0.0,0.0,0.7094467,0.5582082,0.004778881,1.0,0.0,lookahead,fk_orig1_bm2-s0to100br0
/work/T-REX/external/Proteina-Complexa/inference/search_binder_local_pipeline_32_PDL1_ALPHA_REPACK_v7_r004_cand_v7r004_hyp_0004_02_003_ae5b6dc63e53e/job_0_n_198_id_8_fk_orig2_bm2-s0to100br0/job_0_n_198_id_8_fk_orig2_bm2-s0to100br0.pdb,34,"2,0,13,16,19,16,19,14,11,3,10,18,19,19,6,18,7,15,2,12,16,9,6,4,11,13,14,19,6,11,5,10,3,10,0,0,10,9,19,18,17,6,12,6,3,11,2,9,9,5,13,19,8,7,6,6,3,10,11,19,5,8,15,15,18,1,5,1,0,1,10,10,11,3,5,10,15,10,7,2,0,0,10,5,9,16,3,19,11,10,5,3,0,7,19,18,1,4,12,9,15,18,7,7,0,3,18,11,1,9,16,19,11,19,2,0,15,6,9,15,10,15,14,0,15,10,16,19,15,6,7,15,15,19,16,13,11,4,15,19,15,11,11,19,10,14,19,1,17,13,11,2,7,11,6,9,11,0,7,7,1,13,11,9,10,14,2,3,15,10,5,9,16,3,16,1,19,15,3,15,7,19,18,5,4,5,18,0,15,11,16,0,16,0,16,10,16,19,0,0,0,0,0,0,0,0,0,0,0,0,0,0,0,0,0,0,0,0,0,0,0,0,0,0,0,0,0,0,0,0,0,0,0",-0.8268431,0.61688155,3.0,0.0,123.35544,0.0,1.0,0.0,0.54035044,0.0,0.0,0.0,0.0,0.0030058993,0.7826936,0.54035044,19.084099,1.6345557,123.35544,-0.8268431,4.947271,212.24709,0.0,0.0,1.0,212.24709,0.084028274,0.21730635,19.084099,0.0030058993,0.0,0.61688155,0.0,1.6345557,4.947271,0.0,0.8268431,0.0,0.0,0.8268431,0.5603519,0.0,1.0,0.0,lookahead,fk_orig2_bm2-s0to100br0
/work/T-REX/external/Proteina-Complexa/inference/search_binder_local_pipeline_32_PDL1_ALPHA_REPACK_v7_r004_cand_v7r004_hyp_0004_02_003_ae5b6dc63e53e/job_0_n_220_id_8_fk_orig3_bm2-s0to100br0/job_0_n_220_id_8_fk_orig3_bm2-s0to100br0.pdb,35,"2,0,13,16,19,16,19,14,11,3,10,18,19,19,6,18,7,15,2,12,16,9,6,4,11,13,14,19,6,11,5,10,3,10,0,0,10,9,19,18,17,6,12,6,3,11,2,9,9,5,13,19,8,7,6,6,3,10,11,19,5,8,15,15,18,1,5,1,0,1,10,10,11,3,5,10,15,10,7,2,0,0,10,5,9,16,3,19,11,10,5,3,0,7,19,18,1,4,12,9,15,18,7,7,0,3,18,11,1,9,16,19,11,19,2,0,16,16,10,15,16,16,14,14,14,7,0,11,16,0,10,5,10,0,0,6,7,7,8,6,6,9,19,6,12,10,10,11,0,14,14,3,11,6,11,18,18,3,11,3,7,8,16,0,10,8,10,0,0,10,7,7,8,11,6,9,19,6,11,10,10,11,15,7,18,9,14,11,6,7,3,3,2,7,11,16,0,10,8,10,0,0,10,7,7,8,10,6,9,19,6,19,10,10,11,15,10,1,3,16,0,0,0,0,0,0,0,0,0,0,0,0,0",-0.52380925,0.32938212,3.0,0.055890866,135.44827,0.07742317,1.0,0.07742317,0.35967422,0.0066538495,0.0,0.0,0.055890866,0.018751485,0.7446147,0.35967422,21.980349,2.0755336,135.44827,-0.52380925,3.9576888,292.97632,0.0,0.034358565,1.0,292.97632,0.33801135,0.2553853,21.980349,0.018751485,0.013307699,0.32938212,0.0,2.0755336,3.9576888,0.0,0.52380925,0.0,0.013307699,0.52380925,0.63548625,0.034358565,1.0,0.0066538495,lookahead,fk_orig3_bm2-s0to100br0
/work/T-REX/external/Proteina-Complexa/inference/search_binder_local_pipeline_32_PDL1_ALPHA_REPACK_v7_r004_cand_v7r004_hyp_0004_02_003_ae5b6dc63e53e/job_0_n_233_id_9_fk_orig0_bm2-s0to100br1/job_0_n_233_id_9_fk_orig0_bm2-s0to100br1.pdb,36,"2,0,13,16,19,16,19,14,11,3,10,18,19,19,6,18,7,15,2,12,16,9,6,4,11,13,14,19,6,11,5,10,3,10,0,0,10,9,19,18,17,6,12,6,3,11,2,9,9,5,13,19,8,7,6,6,3,10,11,19,5,8,15,15,18,1,5,1,0,1,10,10,11,3,5,10,15,10,7,2,0,0,10,5,9,16,3,19,11,10,5,3,0,7,19,18,1,4,12,9,15,18,7,7,0,3,18,11,1,9,16,19,11,19,2,0,0,13,16,19,16,19,14,11,3,10,18,19,19,6,18,7,15,2,12,16,9,6,4,11,13,14,19,6,11,5,10,3,10,0,0,10,9,19,18,17,6,12,6,3,11,2,9,9,5,13,19,8,7,6,6,3,10,11,19,5,8,15,15,18,1,5,1,0,1,10,10,11,3,5,10,15,10,7,2,0,0,10,5,9,16,3,19,11,10,5,3,0,7,19,18,1,4,12,9,15,18,7,7,0,3,18,11,1,9,16,19,11,19,2,0,14,0",-0.52749646,0.29482287,3.0,0.046180278,58.6599,0.047388498,1.0,0.047388498,0.31152418,0.012386782,0.0,0.0,0.046180278,0.0025615036,0.8614766,0.31152418,5.004787,1.2751453,58.6599,-0.52749646,3.923513,194.80853,0.012087751,0.044972062,1.0,194.80853,0.2613477,0.13852338,5.004787,0.0025615036,0.012685813,0.29482287,0.0,1.2751453,3.923513,0.012087751,0.52749646,0.0,0.012685813,0.52749646,0.58805543,0.044972062,1.0,0.012386782,lookahead,fk_orig0_bm2-s0to100br1
/work/T-REX/external/Proteina-Complexa/inference/search_binder_local_pipeline_32_PDL1_ALPHA_REPACK_v7_r004_cand_v7r004_hyp_0004_02_003_ae5b6dc63e53e/job_0_n_211_id_9_fk_orig1_bm2-s0to100br1/job_0_n_211_id_9_fk_orig1_bm2-s0to100br1.pdb,37,"2,0,13,16,19,16,19,14,11,3,10,18,19,19,6,18,7,15,2,12,16,9,6,4,11,13,14,19,6,11,5,10,3,10,0,0,10,9,19,18,17,6,12,6,3,11,2,9,9,5,13,19,8,7,6,6,3,10,11,19,5,8,15,15,18,1,5,1,0,1,10,10,11,3,5,10,15,10,7,2,0,0,10,5,9,16,3,19,11,10,5,3,0,7,19,18,1,4,12,9,15,18,7,7,0,3,18,11,1,9,16,19,11,19,2,0,10,16,5,14,14,15,19,16,7,19,19,7,15,15,19,16,10,6,4,11,0,15,6,16,10,16,15,16,19,15,17,11,11,2,1,6,15,9,3,10,15,0,15,6,7,1,13,11,5,10,16,2,3,11,16,3,0,15,10,5,9,15,2,10,11,10,15,3,15,7,10,18,6,4,10,0,0,16,15,11,7,10,0,0,15,14,7,16,5,10,16,19,16,6,14,0,0,0,0,0,0,0,0,0,0,0,0,0,0,0,0,0,0,0,0,0,0",-0.35151806,0.16633765,3.0,0.18793628,88.62439,0.1931025,1.0,0.1931025,0.25551295,0.16940913,0.0,0.0,0.18793628,0.005527289,0.8490092,0.25551295,4.485459,1.6803243,88.62439,-0.35151806,3.43134,203.62285,0.16543081,0.18277004,1.0,203.62285,0.51923156,0.1509908,4.485459,0.005527289,0.17338744,0.16633765,0.0,1.6803243,3.43134,0.16543081,0.35151806,0.0,0.17338744,0.35151806,0.72418827,0.18277004,1.0,0.16940913,lookahead,fk_orig1_bm2-s0to100br1
/work/T-REX/external/Proteina-Complexa/inference/search_binder_local_pipeline_32_PDL1_ALPHA_REPACK_v7_r004_cand_v7r004_hyp_0004_02_003_ae5b6dc63e53e/job_0_n_198_id_9_fk_orig2_bm2-s0to100br1/job_0_n_198_id_9_fk_orig2_bm2-s0to100br1.pdb,38,"2,0,13,16,19,16,19,14,11,3,10,18,19,19,6,18,7,15,2,12,16,9,6,4,11,13,14,19,6,11,5,10,3,10,0,0,10,9,19,18,17,6,12,6,3,11,2,9,9,5,13,19,8,7,6,6,3,10,11,19,5,8,15,15,18,1,5,1,0,1,10,10,11,3,5,10,15,10,7,2,0,0,10,5,9,16,3,19,11,10,5,3,0,7,19,18,1,4,12,9,15,18,7,7,0,3,18,11,1,9,16,19,11,19,2,0,11,10,6,19,19,0,0,16,14,16,15,10,10,10,15,17,3,0,19,0,1,0,16,15,18,15,9,6,12,11,6,15,7,0,3,15,17,6,11,19,0,6,19,16,15,16,16,0,10,9,15,7,10,11,14,7,19,3,18,16,13,1,19,18,0,12,18,11,3,10,14,5,6,14,15,14,0,9,16,8,1,16,0,0,0,0,0,0,0,0,0,0,0,0,0,0,0,0,0,0,0,0,0,0,0,0,0,0,0,0,0,0,0,0,0,0,0",-0.58771807,0.33303174,3.0,0.009338928,100.908714,0.010292374,1.0,0.010292374,0.38546258,0.0076068356,0.0,0.0,0.009338928,0.0017325354,0.86809194,0.38546258,7.039405,1.4012395,100.908714,-0.58771807,4.532483,165.13847,0.0,0.008385483,1.0,165.13847,0.21619718,0.13190804,7.039405,0.0017325354,0.015213671,0.33303174,0.0,1.4012395,4.532483,0.0,0.58771807,0.0,0.015213671,0.58771807,0.6126323,0.008385483,1.0,0.0076068356,lookahead,fk_orig2_bm2-s0to100br1
/work/T-REX/external/Proteina-Complexa/inference/search_binder_local_pipeline_32_PDL1_ALPHA_REPACK_v7_r004_cand_v7r004_hyp_0004_02_003_ae5b6dc63e53e/job_0_n_220_id_9_fk_orig3_bm2-s0to100br1/job_0_n_220_id_9_fk_orig3_bm2-s0to100br1.pdb,39,"2,0,13,16,19,16,19,14,11,3,10,18,19,19,6,18,7,15,2,12,16,9,6,4,11,13,14,19,6,11,5,10,3,10,0,0,10,9,19,18,17,6,12,6,3,11,2,9,9,5,13,19,8,7,6,6,3,10,11,19,5,8,15,15,18,1,5,1,0,1,10,10,11,3,5,10,15,10,7,2,0,0,10,5,9,16,3,19,11,10,5,3,0,7,19,18,1,4,12,9,15,18,7,7,0,3,18,11,1,9,16,19,11,19,2,0,0,13,16,19,16,19,14,11,3,10,18,19,19,6,18,7,15,2,12,16,9,6,4,11,13,14,19,6,11,5,10,3,10,0,0,10,9,19,18,17,6,12,6,3,11,2,9,9,5,13,19,8,7,6,6,3,10,11,19,5,8,15,15,18,1,5,1,0,1,10,10,11,3,5,10,15,10,7,2,0,0,10,5,9,16,3,19,11,10,5,3,0,7,19,18,1,4,12,9,15,18,7,7,0,0,0,0,0,0,0,0,0,0,0,0,0,0",-0.53425187,0.31202447,3.0,0.034434035,39.94286,0.036078867,1.0,0.036078867,0.32787174,0.012413364,0.0,0.0,0.034434035,0.0018956673,0.84849447,0.32787174,2.3402064,1.3664343,39.94286,-0.53425187,3.8958776,201.66452,0.011340005,0.032789208,1.0,201.66452,0.24994975,0.15150551,2.3402064,0.0018956673,0.013486723,0.31202447,0.0,1.3664343,3.8958776,0.011340005,0.53425187,0.0,0.013486723,0.53425187,0.5950402,0.032789208,1.0,0.012413364,lookahead,fk_orig3_bm2-s0to100br1
/work/T-REX/external/Proteina-Complexa/inference/search_binder_local_pipeline_32_PDL1_ALPHA_REPACK_v7_r004_cand_v7r004_hyp_0004_02_003_ae5b6dc63e53e/job_0_n_233_id_10_fk_orig0_bm2-s0to100br2/job_0_n_233_id_10_fk_orig0_bm2-s0to100br2.pdb,40,"2,0,13,16,19,16,19,14,11,3,10,18,19,19,6,18,7,15,2,12,16,9,6,4,11,13,14,19,6,11,5,10,3,10,0,0,10,9,19,18,17,6,12,6,3,11,2,9,9,5,13,19,8,7,6,6,3,10,11,19,5,8,15,15,18,1,5,1,0,1,10,10,11,3,5,10,15,10,7,2,0,0,10,5,9,16,3,19,11,10,5,3,0,7,19,18,1,4,12,9,15,18,7,7,0,3,18,11,1,9,16,19,11,19,2,0,2,0,13,16,19,16,19,14,11,3,10,18,19,19,6,18,7,15,2,12,16,9,6,4,11,13,14,19,6,11,5,10,3,10,0,0,10,9,19,18,17,6,12,6,3,11,2,9,9,5,13,19,8,7,6,6,3,10,11,19,5,8,15,15,18,1,5,1,0,1,10,10,11,3,5,10,15,10,7,2,0,0,10,5,9,16,3,19,11,10,5,3,0,7,19,18,1,4,12,9,15,18,7,7,0,3,18,11,1,9,16,19,11,19,2,0,14",-0.5247166,0.29191804,3.0,0.04862996,75.44918,0.05129376,1.0,0.05129376,0.31100288,0.012535778,0.0,0.0,0.04862996,0.0029257268,0.8579994,0.31100288,2.9615293,1.2923983,75.44918,-0.5247166,3.8974953,212.9754,0.012232101,0.045966156,1.0,212.9754,0.26311406,0.14200062,2.9615293,0.0029257268,0.012839455,0.29191804,0.0,1.2923983,3.8974953,0.012232101,0.5247166,0.0,0.012839455,0.5247166,0.58716357,0.045966156,1.0,0.012535778,lookahead,fk_orig0_bm2-s0to100br2
/work/T-REX/external/Proteina-Complexa/inference/search_binder_local_pipeline_32_PDL1_ALPHA_REPACK_v7_r004_cand_v7r004_hyp_0004_02_003_ae5b6dc63e53e/job_0_n_211_id_10_fk_orig1_bm2-s0to100br2/job_0_n_211_id_10_fk_orig1_bm2-s0to100br2.pdb,41,"2,0,13,16,19,16,19,14,11,3,10,18,19,19,6,18,7,15,2,12,16,9,6,4,11,13,14,19,6,11,5,10,3,10,0,0,10,9,19,18,17,6,12,6,3,11,2,9,9,5,13,19,8,7,6,6,3,10,11,19,5,8,15,15,18,1,5,1,0,1,10,10,11,3,5,10,15,10,7,2,0,0,10,5,9,16,3,19,11,10,5,3,0,7,19,18,1,4,12,9,15,18,7,7,0,3,18,11,1,9,16,19,11,19,2,0,13,16,19,16,5,14,11,0,10,18,15,19,5,0,7,0,15,19,16,10,6,4,16,16,15,11,16,10,16,2,14,19,19,19,17,1,13,2,1,15,5,16,9,3,10,15,2,14,11,18,11,10,10,11,15,7,15,2,18,15,10,5,9,2,15,19,16,10,15,3,15,7,10,18,6,4,10,19,0,3,15,16,7,9,0,0,15,3,7,0,5,10,15,19,10,0,0,0,0,0,0,0,0,0,0,0,0,0,0,0,0,0,0,0,0,0,0",-0.18571278,0.062201045,3.0,0.5103024,44.988922,0.5418259,1.0,0.5418259,0.13875923,0.5103024,0.0,0.0,0.5103024,0.00082094985,0.9406118,0.13875923,1.6218419,1.2995446,44.988922,-0.18571278,2.8722372,143.43729,0.478779,0.478779,1.0,143.43729,0.77476406,0.059388235,1.6218419,0.00082094985,0.5418259,0.062201045,0.0,1.2995446,2.8722372,0.478779,0.18571278,0.0,0.5418259,0.18571278,0.85251635,0.478779,1.0,0.5103024,lookahead,fk_orig1_bm2-s0to100br2
/work/T-REX/external/Proteina-Complexa/inference/search_binder_local_pipeline_32_PDL1_ALPHA_REPACK_v7_r004_cand_v7r004_hyp_0004_02_003_ae5b6dc63e53e/job_0_n_198_id_10_fk_orig2_bm2-s0to100br2/job_0_n_198_id_10_fk_orig2_bm2-s0to100br2.pdb,42,"2,0,13,16,19,16,19,14,11,3,10,18,19,19,6,18,7,15,2,12,16,9,6,4,11,13,14,19,6,11,5,10,3,10,0,0,10,9,19,18,17,6,12,6,3,11,2,9,9,5,13,19,8,7,6,6,3,10,11,19,5,8,15,15,18,1,5,1,0,1,10,10,11,3,5,10,15,10,7,2,0,0,10,5,9,16,3,19,11,10,5,3,0,7,19,18,1,4,12,9,15,18,7,7,0,3,18,11,1,9,16,19,11,19,2,0,15,15,15,10,3,6,0,10,10,17,0,0,6,16,7,2,10,3,0,19,11,11,10,10,0,3,7,0,3,19,2,0,5,3,0,11,6,7,11,16,14,10,8,10,0,0,3,0,7,8,10,6,9,19,6,19,10,10,11,2,7,0,3,19,2,0,5,3,11,3,7,11,16,14,13,8,10,0,0,3,15,10,0,0,0,0,0,0,0,0,0,0,0,0,0,0,0,0,0,0,0,0,0,0,0,0,0,0,0,0,0,0,0,0,0,0,0",-0.71035326,0.6035117,3.0,0.0029118622,79.18958,0.0058237244,1.0,0.0058237244,0.46284902,0.0,0.0,0.0,0.0029118622,0.012179212,0.7982549,0.46284902,8.129421,1.4764832,79.18958,-0.71035326,4.187231,221.21669,0.0,0.0,1.0,221.21669,0.16729334,0.2017451,8.129421,0.012179212,0.0,0.6035117,0.0,1.4764832,4.187231,0.0,0.71035326,0.0,0.0,0.71035326,0.5970293,0.0,1.0,0.0,lookahead,fk_orig2_bm2-s0to100br2
/work/T-REX/external/Proteina-Complexa/inference/search_binder_local_pipeline_32_PDL1_ALPHA_REPACK_v7_r004_cand_v7r004_hyp_0004_02_003_ae5b6dc63e53e/job_0_n_220_id_10_fk_orig3_bm2-s0to100br2/job_0_n_220_id_10_fk_orig3_bm2-s0to100br2.pdb,43,"2,0,13,16,19,16,19,14,11,3,10,18,19,19,6,18,7,15,2,12,16,9,6,4,11,13,14,19,6,11,5,10,3,10,0,0,10,9,19,18,17,6,12,6,3,11,2,9,9,5,13,19,8,7,6,6,3,10,11,19,5,8,15,15,18,1,5,1,0,1,10,10,11,3,5,10,15,10,7,2,0,0,10,5,9,16,3,19,11,10,5,3,0,7,19,18,1,4,12,9,15,18,7,7,0,3,18,11,1,9,16,19,11,19,2,0,16,19,16,19,14,11,3,10,18,19,19,6,18,7,15,2,12,16,9,6,4,11,13,14,19,6,11,5,10,3,10,0,0,10,9,19,18,17,6,12,6,3,11,2,9,9,5,13,19,8,7,6,6,3,10,11,19,5,8,15,15,18,1,5,1,0,1,10,10,11,3,5,10,15,10,7,2,0,0,10,5,9,16,3,19,11,10,5,3,0,7,19,18,1,4,12,9,15,18,7,7,0,3,18,0,0,0,0,0,0,0,0,0,0,0,0,0",-0.51720506,0.3029216,3.0,0.044828765,114.80952,0.04582431,1.0,0.04582431,0.31612226,0.011826579,0.0,0.0,0.044828765,0.0017152108,0.8626557,0.31612226,14.328097,1.365468,114.80952,-0.51720506,3.7347403,212.90573,0.011396408,0.04383322,1.0,212.90573,0.29231316,0.13734429,14.328097,0.0017152108,0.012256751,0.3029216,0.0,1.365468,3.7347403,0.011396408,0.51720506,0.0,0.012256751,0.51720506,0.61689293,0.04383322,1.0,0.011826579,lookahead,fk_orig3_bm2-s0to100br2
/work/T-REX/external/Proteina-Complexa/inference/search_binder_local_pipeline_32_PDL1_ALPHA_REPACK_v7_r004_cand_v7r004_hyp_0004_02_003_ae5b6dc63e53e/job_0_n_233_id_11_fk_orig0_bm2-s0to100br3/job_0_n_233_id_11_fk_orig0_bm2-s0to100br3.pdb,44,"2,0,13,16,19,16,19,14,11,3,10,18,19,19,6,18,7,15,2,12,16,9,6,4,11,13,14,19,6,11,5,10,3,10,0,0,10,9,19,18,17,6,12,6,3,11,2,9,9,5,13,19,8,7,6,6,3,10,11,19,5,8,15,15,18,1,5,1,0,1,10,10,11,3,5,10,15,10,7,2,0,0,10,5,9,16,3,19,11,10,5,3,0,7,19,18,1,4,12,9,15,18,7,7,0,3,18,11,1,9,16,19,11,19,2,0,0,13,16,19,16,19,14,11,3,10,18,19,19,6,18,7,15,2,12,16,9,6,4,11,13,14,19,6,11,5,10,3,10,0,0,10,9,19,18,17,6,12,6,3,11,2,9,9,5,13,19,8,7,6,6,3,10,11,19,5,8,15,15,18,1,5,1,0,1,10,10,11,3,5,10,15,10,7,2,0,0,10,5,9,16,3,19,11,10,5,3,0,7,19,18,1,4,12,9,15,18,7,7,0,3,18,11,1,9,16,19,11,19,2,0,14,3",-0.52541095,0.293983,3.0,0.047805414,77.245224,0.049837194,1.0,0.049837194,0.31031114,0.012469455,0.0,0.0,0.047805414,0.004740414,0.8627211,0.31031114,2.9672792,1.2696029,77.245224,-0.52541095,3.9177263,207.23259,0.012161575,0.045773637,1.0,207.23259,0.2624763,0.13727891,2.9672792,0.004740414,0.012777334,0.293983,0.0,1.2696029,3.9177263,0.012161575,0.52541095,0.0,0.012777334,0.52541095,0.58774066,0.045773637,1.0,0.012469455,lookahead,fk_orig0_bm2-s0to100br3
/work/T-REX/external/Proteina-Complexa/inference/search_binder_local_pipeline_32_PDL1_ALPHA_REPACK_v7_r004_cand_v7r004_hyp_0004_02_003_ae5b6dc63e53e/job_0_n_211_id_11_fk_orig1_bm2-s0to100br3/job_0_n_211_id_11_fk_orig1_bm2-s0to100br3.pdb,45,"2,0,13,16,19,16,19,14,11,3,10,18,19,19,6,18,7,15,2,12,16,9,6,4,11,13,14,19,6,11,5,10,3,10,0,0,10,9,19,18,17,6,12,6,3,11,2,9,9,5,13,19,8,7,6,6,3,10,11,19,5,8,15,15,18,1,5,1,0,1,10,10,11,3,5,10,15,10,7,2,0,0,10,5,9,16,3,19,11,10,5,3,0,7,19,18,1,4,12,9,15,18,7,7,0,3,18,11,1,9,16,19,11,19,2,0,10,19,19,16,0,14,0,15,19,15,7,16,10,7,7,16,19,16,10,14,4,16,16,15,8,16,0,15,15,19,19,17,11,3,14,2,3,5,16,9,3,10,5,15,3,15,1,13,11,10,19,15,11,3,7,11,2,13,15,10,5,9,15,15,10,5,10,15,3,0,7,16,18,16,4,10,0,7,15,16,10,7,10,3,3,11,11,9,15,10,16,19,16,19,14,0,0,0,0,0,0,0,0,0,0,0,0,0,0,0,0,0,0,0,0,0,0",-0.26111358,0.10013845,3.0,0.32369462,62.98708,0.34552732,1.0,0.34552732,0.19060215,0.32358158,0.0,0.0,0.32369462,0.0026201406,0.9041057,0.19060215,2.5492399,1.4185742,62.98708,-0.26111358,3.2805207,168.09431,0.3018619,0.3018619,1.0,168.09431,0.66502935,0.095894255,2.5492399,0.0026201406,0.34530127,0.10013845,0.0,1.4185742,3.2805207,0.3018619,0.26111358,0.0,0.34530127,0.26111358,0.79913986,0.3018619,1.0,0.32358158,lookahead,fk_orig1_bm2-s0to100br3
/work/T-REX/external/Proteina-Complexa/inference/search_binder_local_pipeline_32_PDL1_ALPHA_REPACK_v7_r004_cand_v7r004_hyp_0004_02_003_ae5b6dc63e53e/job_0_n_198_id_11_fk_orig2_bm2-s0to100br3/job_0_n_198_id_11_fk_orig2_bm2-s0to100br3.pdb,46,"2,0,13,16,19,16,19,14,11,3,10,18,19,19,6,18,7,15,2,12,16,9,6,4,11,13,14,19,6,11,5,10,3,10,0,0,10,9,19,18,17,6,12,6,3,11,2,9,9,5,13,19,8,7,6,6,3,10,11,19,5,8,15,15,18,1,5,1,0,1,10,10,11,3,5,10,15,10,7,2,0,0,10,5,9,16,3,19,11,10,5,3,0,7,19,18,1,4,12,9,15,18,7,7,0,3,18,11,1,9,16,19,11,19,2,0,19,6,11,13,6,15,18,2,6,6,6,11,10,10,13,0,6,0,19,10,10,13,15,10,7,0,3,6,5,1,9,10,16,19,10,11,11,1,11,2,15,11,3,13,15,0,0,6,11,10,10,6,3,6,6,16,10,10,11,16,18,2,15,10,15,11,3,11,1,11,16,9,6,11,9,19,11,5,19,10,6,6,0,0,0,0,0,0,0,0,0,0,0,0,0,0,0,0,0,0,0,0,0,0,0,0,0,0,0,0,0,0,0,0,0,0,0",-0.58711845,0.37524605,3.0,0.009290707,119.97976,0.012700185,1.0,0.012700185,0.38297966,0.0056969095,0.0,0.0,0.009290707,0.003298558,0.80377054,0.38297966,21.452509,1.6631309,119.97976,-0.58711845,3.934493,243.14365,0.0,0.00588123,1.0,243.14365,0.21293914,0.19622949,21.452509,0.003298558,0.011393819,0.37524605,0.0,1.6631309,3.934493,0.0,0.58711845,0.0,0.011393819,0.58711845,0.61086196,0.00588123,1.0,0.0056969095,lookahead,fk_orig2_bm2-s0to100br3
/work/T-REX/external/Proteina-Complexa/inference/search_binder_local_pipeline_32_PDL1_ALPHA_REPACK_v7_r004_cand_v7r004_hyp_0004_02_003_ae5b6dc63e53e/job_0_n_220_id_11_fk_orig3_bm2-s0to100br3/job_0_n_220_id_11_fk_orig3_bm2-s0to100br3.pdb,47,"2,0,13,16,19,16,19,14,11,3,10,18,19,19,6,18,7,15,2,12,16,9,6,4,11,13,14,19,6,11,5,10,3,10,0,0,10,9,19,18,17,6,12,6,3,11,2,9,9,5,13,19,8,7,6,6,3,10,11,19,5,8,15,15,18,1,5,1,0,1,10,10,11,3,5,10,15,10,7,2,0,0,10,5,9,16,3,19,11,10,5,3,0,7,19,18,1,4,12,9,15,18,7,7,0,3,18,11,1,9,16,19,11,19,2,0,13,16,19,16,19,14,11,3,10,18,19,19,6,18,7,15,2,12,16,9,6,4,11,13,14,19,6,11,5,10,3,10,0,0,10,9,19,18,17,6,12,6,3,11,2,9,9,5,13,19,8,7,6,6,3,10,11,19,5,8,15,15,18,1,5,1,0,1,10,10,11,3,5,10,15,10,7,2,0,0,10,5,9,16,3,19,11,10,5,3,0,7,19,18,1,4,12,9,15,18,7,7,0,3,0,0,0,0,0,0,0,0,0,0,0,0,0",-0.55859846,0.3425742,3.0,0.022971269,82.24536,0.026157787,1.0,0.026157787,0.34143725,0.0056990557,0.0,0.0,0.022971269,0.0020002162,0.8493792,0.34143725,7.264136,1.4035449,82.24536,-0.55859846,3.9538577,204.94885,0.0,0.019784749,1.0,204.94885,0.24220791,0.15062082,7.264136,0.0020002162,0.0113981115,0.3425742,0.0,1.4035449,3.9538577,0.0,0.55859846,0.0,0.0113981115,0.55859846,0.5907968,0.019784749,1.0,0.0056990557,lookahead,fk_orig3_bm2-s0to100br3
/work/T-REX/external/Proteina-Complexa/inference/search_binder_local_pipeline_32_PDL1_ALPHA_REPACK_v7_r004_cand_v7r004_hyp_0004_02_003_ae5b6dc63e53e/job_0_n_233_id_12_fk_orig0_bm3-s0to100br0/job_0_n_233_id_12_fk_orig0_bm3-s0to100br0.pdb,48,"2,0,13,16,19,16,19,14,11,3,10,18,19,19,6,18,7,15,2,12,16,9,6,4,11,13,14,19,6,11,5,10,3,10,0,0,10,9,19,18,17,6,12,6,3,11,2,9,9,5,13,19,8,7,6,6,3,10,11,19,5,8,15,15,18,1,5,1,0,1,10,10,11,3,5,10,15,10,7,2,0,0,10,5,9,16,3,19,11,10,5,3,0,7,19,18,1,4,12,9,15,18,7,7,0,3,18,11,1,9,16,19,11,19,2,0,0,13,16,19,16,19,14,11,3,10,18,19,19,6,18,7,15,2,12,16,9,6,4,11,13,14,19,6,11,5,10,3,10,0,0,10,9,19,18,17,6,12,6,3,11,2,9,9,5,13,19,8,7,6,6,3,10,11,19,5,8,15,15,18,1,5,1,0,1,10,10,11,3,5,10,15,10,7,2,0,0,10,5,9,16,3,19,11,10,5,3,0,7,19,18,1,4,12,9,15,18,7,7,0,3,18,11,1,9,16,19,11,19,2,0,14,0",-0.52473354,0.29024684,3.0,0.04842353,77.615105,0.050563645,1.0,0.050563645,0.31077796,0.012704097,0.0,0.0,0.04842353,0.0026893204,0.8602608,0.31077796,2.987098,1.2797853,77.615105,-0.52473354,3.9177692,210.74178,0.012270513,0.046283413,1.0,210.74178,0.26342762,0.13973922,2.987098,0.0026893204,0.0131376805,0.29024684,0.0,1.2797853,3.9177692,0.012270513,0.52473354,0.0,0.0131376805,0.52473354,0.58795214,0.046283413,1.0,0.012704097,lookahead,fk_orig0_bm3-s0to100br0
/work/T-REX/external/Proteina-Complexa/inference/search_binder_local_pipeline_32_PDL1_ALPHA_REPACK_v7_r004_cand_v7r004_hyp_0004_02_003_ae5b6dc63e53e/job_0_n_211_id_12_fk_orig1_bm3-s0to100br0/job_0_n_211_id_12_fk_orig1_bm3-s0to100br0.pdb,49,"2,0,13,16,19,16,19,14,11,3,10,18,19,19,6,18,7,15,2,12,16,9,6,4,11,13,14,19,6,11,5,10,3,10,0,0,10,9,19,18,17,6,12,6,3,11,2,9,9,5,13,19,8,7,6,6,3,10,11,19,5,8,15,15,18,1,5,1,0,1,10,10,11,3,5,10,15,10,7,2,0,0,10,5,9,16,3,19,11,10,5,3,0,7,19,18,1,4,12,9,15,18,7,7,0,3,18,11,1,9,16,19,11,19,2,0,10,19,19,13,6,5,6,14,5,15,10,16,19,16,6,7,3,16,0,9,10,14,4,11,19,15,15,10,7,7,16,14,19,9,16,17,10,11,2,7,5,14,10,16,10,3,3,1,13,11,19,10,14,2,13,15,10,5,9,16,2,16,5,10,15,3,15,7,9,18,5,4,5,0,16,9,14,6,16,7,0,16,11,16,15,11,14,0,5,10,16,19,10,14,11,0,0,0,0,0,0,0,0,0,0,0,0,0,0,0,0,0,0,0,0,0,0",-0.8638751,0.7525215,3.0,0.0,123.09013,0.0,1.0,0.0,0.5334098,0.0,0.0,0.0,0.0,0.004234547,0.79365695,0.5334098,14.01718,1.6338605,123.09013,-0.8638751,4.9483557,212.2827,0.0,0.0,1.0,212.2827,0.07493287,0.20634304,14.01718,0.004234547,0.0,0.7525215,0.0,1.6338605,4.9483557,0.0,0.8638751,0.0,0.0,0.8638751,0.53155375,0.0,1.0,0.0,lookahead,fk_orig1_bm3-s0to100br0
/work/T-REX/external/Proteina-Complexa/inference/search_binder_local_pipeline_32_PDL1_ALPHA_REPACK_v7_r004_cand_v7r004_hyp_0004_02_003_ae5b6dc63e53e/job_0_n_198_id_12_fk_orig2_bm3-s0to100br0/job_0_n_198_id_12_fk_orig2_bm3-s0to100br0.pdb,50,"2,0,13,16,19,16,19,14,11,3,10,18,19,19,6,18,7,15,2,12,16,9,6,4,11,13,14,19,6,11,5,10,3,10,0,0,10,9,19,18,17,6,12,6,3,11,2,9,9,5,13,19,8,7,6,6,3,10,11,19,5,8,15,15,18,1,5,1,0,1,10,10,11,3,5,10,15,10,7,2,0,0,10,5,9,16,3,19,11,10,5,3,0,7,19,18,1,4,12,9,15,18,7,7,0,3,18,11,1,9,16,19,11,19,2,0,10,15,10,6,11,11,6,10,10,6,11,19,0,10,11,10,11,5,9,6,11,6,1,14,6,10,10,16,6,9,7,19,11,3,19,3,3,0,10,10,0,10,1,6,2,15,11,0,11,14,0,16,11,11,0,19,1,6,10,10,6,10,14,6,3,13,6,10,16,3,10,6,18,10,6,10,0,0,10,19,11,6,0,0,0,0,0,0,0,0,0,0,0,0,0,0,0,0,0,0,0,0,0,0,0,0,0,0,0,0,0,0,0,0,0,0,0",-0.63588506,0.3933384,3.0,0.0059522623,118.18649,0.0060703773,1.0,0.0060703773,0.4086734,0.0,0.0,0.0,0.0059522623,0.0022374245,0.8452392,0.4086734,20.372015,1.6141807,118.18649,-0.63588506,4.1151714,218.71562,0.0,0.005834147,1.0,218.71562,0.1717727,0.15476078,20.372015,0.0022374245,0.0,0.3933384,0.0,1.6141807,4.1151714,0.0,0.63588506,0.0,0.0,0.63588506,0.59370804,0.005834147,1.0,0.0,lookahead,fk_orig2_bm3-s0to100br0
/work/T-REX/external/Proteina-Complexa/inference/search_binder_local_pipeline_32_PDL1_ALPHA_REPACK_v7_r004_cand_v7r004_hyp_0004_02_003_ae5b6dc63e53e/job_0_n_220_id_12_fk_orig3_bm3-s0to100br0/job_0_n_220_id_12_fk_orig3_bm3-s0to100br0.pdb,51,"2,0,13,16,19,16,19,14,11,3,10,18,19,19,6,18,7,15,2,12,16,9,6,4,11,13,14,19,6,11,5,10,3,10,0,0,10,9,19,18,17,6,12,6,3,11,2,9,9,5,13,19,8,7,6,6,3,10,11,19,5,8,15,15,18,1,5,1,0,1,10,10,11,3,5,10,15,10,7,2,0,0,10,5,9,16,3,19,11,10,5,3,0,7,19,18,1,4,12,9,15,18,7,7,0,3,18,11,1,9,16,19,11,19,2,0,2,0,13,16,19,16,19,14,11,3,10,18,19,19,6,18,7,15,2,12,16,9,6,4,11,13,14,19,6,11,5,10,3,10,0,0,10,9,19,18,17,6,12,6,3,11,2,9,9,5,13,19,8,7,6,6,3,10,11,19,5,8,15,15,18,1,5,1,0,1,10,10,11,3,5,10,15,10,7,2,0,0,10,5,9,16,3,19,11,10,5,3,0,7,19,18,1,4,12,9,15,18,7,7,0,0,0,0,0,0,0,0,0,0,0,0,0",-0.57002777,0.3405572,3.0,0.01899093,42.249912,0.020281339,1.0,0.020281339,0.3489841,0.0059571867,0.0,0.0,0.01899093,0.0026307015,0.84687006,0.3489841,3.2185814,1.385644,42.249912,-0.57002777,3.9819891,198.48462,0.0,0.01770052,1.0,198.48462,0.22099662,0.15312994,3.2185814,0.0026307015,0.011914373,0.3405572,0.0,1.385644,3.9819891,0.0,0.57002777,0.0,0.011914373,0.57002777,0.58147985,0.01770052,1.0,0.0059571867,lookahead,fk_orig3_bm3-s0to100br0
/work/T-REX/external/Proteina-Complexa/inference/search_binder_local_pipeline_32_PDL1_ALPHA_REPACK_v7_r004_cand_v7r004_hyp_0004_02_003_ae5b6dc63e53e/job_0_n_233_id_13_fk_orig0_bm3-s0to100br1/job_0_n_233_id_13_fk_orig0_bm3-s0to100br1.pdb,52,"2,0,13,16,19,16,19,14,11,3,10,18,19,19,6,18,7,15,2,12,16,9,6,4,11,13,14,19,6,11,5,10,3,10,0,0,10,9,19,18,17,6,12,6,3,11,2,9,9,5,13,19,8,7,6,6,3,10,11,19,5,8,15,15,18,1,5,1,0,1,10,10,11,3,5,10,15,10,7,2,0,0,10,5,9,16,3,19,11,10,5,3,0,7,19,18,1,4,12,9,15,18,7,7,0,3,18,11,1,9,16,19,11,19,2,0,13,16,19,16,19,14,11,3,10,18,19,19,6,18,7,15,2,12,16,9,6,4,11,13,14,19,6,11,5,10,3,10,0,0,10,9,19,18,17,6,12,6,3,11,2,9,9,5,13,19,8,7,6,6,3,10,11,19,5,8,15,15,18,1,5,1,0,1,10,10,11,3,5,10,15,10,7,2,0,0,10,5,9,16,3,19,11,10,5,3,0,7,19,18,1,4,12,9,15,18,7,7,0,3,18,11,1,9,16,19,11,19,2,0,14,11,19",-0.5431344,0.31056085,3.0,0.038012654,60.78389,0.041447237,1.0,0.041447237,0.3229701,0.011631024,0.0,0.0,0.038012654,0.0068714325,0.8572434,0.3229701,4.884749,1.3294704,60.78389,-0.5431344,3.9849648,198.97653,0.011313274,0.03457807,1.0,198.97653,0.2533252,0.14275655,4.884749,0.0068714325,0.011948775,0.31056085,0.0,1.3294704,3.9849648,0.011313274,0.5431344,0.0,0.011948775,0.5431344,0.5817534,0.03457807,1.0,0.011631024,lookahead,fk_orig0_bm3-s0to100br1
/work/T-REX/external/Proteina-Complexa/inference/search_binder_local_pipeline_32_PDL1_ALPHA_REPACK_v7_r004_cand_v7r004_hyp_0004_02_003_ae5b6dc63e53e/job_0_n_211_id_13_fk_orig1_bm3-s0to100br1/job_0_n_211_id_13_fk_orig1_bm3-s0to100br1.pdb,53,"2,0,13,16,19,16,19,14,11,3,10,18,19,19,6,18,7,15,2,12,16,9,6,4,11,13,14,19,6,11,5,10,3,10,0,0,10,9,19,18,17,6,12,6,3,11,2,9,9,5,13,19,8,7,6,6,3,10,11,19,5,8,15,15,18,1,5,1,0,1,10,10,11,3,5,10,15,10,7,2,0,0,10,5,9,16,3,19,11,10,5,3,0,7,19,18,1,4,12,9,15,18,7,7,0,3,18,11,1,9,16,19,11,19,2,0,14,1,13,9,6,5,14,5,2,19,16,19,6,6,7,0,16,0,16,10,11,4,19,19,6,7,2,14,11,14,11,19,9,17,11,11,3,3,7,7,16,10,11,6,19,14,16,3,1,13,1,5,7,6,18,14,3,13,15,10,13,9,13,7,0,11,14,15,3,15,7,6,18,10,4,10,0,16,2,19,10,7,16,0,10,15,16,14,0,11,10,16,19,10,0,0,0,0,0,0,0,0,0,0,0,0,0,0,0,0,0,0,0,0,0,0,0",-0.6365395,0.40378803,3.0,0.0059002107,71.43327,0.0061293794,1.0,0.0061293794,0.40189978,0.0,0.0,0.0,0.0059002107,0.0038727762,0.81448007,0.40189978,5.970202,1.5514898,71.43327,-0.6365395,4.124622,222.72784,0.0,0.005671042,1.0,222.72784,0.19324175,0.1855199,5.970202,0.0038727762,0.0,0.40378803,0.0,1.5514898,4.124622,0.0,0.6365395,0.0,0.0,0.6365395,0.5815837,0.005671042,1.0,0.0,lookahead,fk_orig1_bm3-s0to100br1
/work/T-REX/external/Proteina-Complexa/inference/search_binder_local_pipeline_32_PDL1_ALPHA_REPACK_v7_r004_cand_v7r004_hyp_0004_02_003_ae5b6dc63e53e/job_0_n_198_id_13_fk_orig2_bm3-s0to100br1/job_0_n_198_id_13_fk_orig2_bm3-s0to100br1.pdb,54,"2,0,13,16,19,16,19,14,11,3,10,18,19,19,6,18,7,15,2,12,16,9,6,4,11,13,14,19,6,11,5,10,3,10,0,0,10,9,19,18,17,6,12,6,3,11,2,9,9,5,13,19,8,7,6,6,3,10,11,19,5,8,15,15,18,1,5,1,0,1,10,10,11,3,5,10,15,10,7,2,0,0,10,5,9,16,3,19,11,10,5,3,0,7,19,18,1,4,12,9,15,18,7,7,0,3,18,11,1,9,16,19,11,19,2,0,8,10,11,9,15,7,0,2,14,11,0,14,6,9,13,19,5,11,7,11,7,19,3,15,14,3,6,0,10,16,6,3,10,2,11,11,10,2,6,7,11,3,19,3,19,3,10,15,5,16,14,19,16,13,1,19,14,6,3,10,18,6,2,0,9,11,5,10,11,6,16,2,7,15,10,3,9,6,9,14,11,18,0,0,0,0,0,0,0,0,0,0,0,0,0,0,0,0,0,0,0,0,0,0,0,0,0,0,0,0,0,0,0,0,0,0,0",-0.67231613,0.45365304,3.0,0.005169579,107.86066,0.0052475976,1.0,0.0052475976,0.43518427,0.0,0.0,0.0,0.005169579,0.008226549,0.8086761,0.43518427,10.822878,1.7403154,107.86066,-0.67231613,4.1976366,244.39029,0.0,0.0050915596,1.0,244.39029,0.14575273,0.19132388,10.822878,0.008226549,0.0,0.45365304,0.0,1.7403154,4.1976366,0.0,0.67231613,0.0,0.0,0.67231613,0.58503616,0.0050915596,1.0,0.0,lookahead,fk_orig2_bm3-s0to100br1
/work/T-REX/external/Proteina-Complexa/inference/search_binder_local_pipeline_32_PDL1_ALPHA_REPACK_v7_r004_cand_v7r004_hyp_0004_02_003_ae5b6dc63e53e/job_0_n_220_id_13_fk_orig3_bm3-s0to100br1/job_0_n_220_id_13_fk_orig3_bm3-s0to100br1.pdb,55,"2,0,13,16,19,16,19,14,11,3,10,18,19,19,6,18,7,15,2,12,16,9,6,4,11,13,14,19,6,11,5,10,3,10,0,0,10,9,19,18,17,6,12,6,3,11,2,9,9,5,13,19,8,7,6,6,3,10,11,19,5,8,15,15,18,1,5,1,0,1,10,10,11,3,5,10,15,10,7,2,0,0,10,5,9,16,3,19,11,10,5,3,0,7,19,18,1,4,12,9,15,18,7,7,0,3,18,11,1,9,16,19,11,19,2,0,2,0,13,16,19,16,19,14,11,3,10,18,19,19,6,18,7,15,2,12,16,9,6,4,11,13,14,19,6,11,5,10,3,10,0,0,10,9,19,18,17,6,12,6,3,11,2,9,9,5,13,19,8,7,6,6,3,10,11,19,5,8,15,15,18,1,5,1,0,1,10,10,11,3,5,10,15,10,7,2,0,0,10,5,9,16,3,19,11,10,5,3,0,7,19,18,1,4,12,9,15,18,7,7,0,0,0,0,0,0,0,0,0,0,0,0,0",-0.5662356,0.3365616,3.0,0.019938156,43.74419,0.021509748,1.0,0.021509748,0.34716198,0.005788449,0.0,0.0,0.019938156,0.0026677733,0.8468295,0.34716198,3.234996,1.3865818,43.74419,-0.5662356,3.9703307,199.94705,0.0,0.018366566,1.0,199.94705,0.2236245,0.15317053,3.234996,0.0026677733,0.011576898,0.3365616,0.0,1.3865818,3.9703307,0.0,0.5662356,0.0,0.011576898,0.5662356,0.58281153,0.018366566,1.0,0.005788449,lookahead,fk_orig3_bm3-s0to100br1
/work/T-REX/external/Proteina-Complexa/inference/search_binder_local_pipeline_32_PDL1_ALPHA_REPACK_v7_r004_cand_v7r004_hyp_0004_02_003_ae5b6dc63e53e/job_0_n_233_id_14_fk_orig0_bm3-s0to100br2/job_0_n_233_id_14_fk_orig0_bm3-s0to100br2.pdb,56,"2,0,13,16,19,16,19,14,11,3,10,18,19,19,6,18,7,15,2,12,16,9,6,4,11,13,14,19,6,11,5,10,3,10,0,0,10,9,19,18,17,6,12,6,3,11,2,9,9,5,13,19,8,7,6,6,3,10,11,19,5,8,15,15,18,1,5,1,0,1,10,10,11,3,5,10,15,10,7,2,0,0,10,5,9,16,3,19,11,10,5,3,0,7,19,18,1,4,12,9,15,18,7,7,0,3,18,11,1,9,16,19,11,19,2,0,0,13,16,19,16,19,14,11,3,10,18,19,19,6,18,7,15,2,12,16,9,6,4,11,13,14,19,6,11,5,10,3,10,0,0,10,9,19,18,17,6,12,6,3,11,2,9,9,5,13,19,8,7,6,6,3,10,11,19,5,8,15,15,18,1,5,1,0,1,10,10,11,3,5,10,15,10,7,2,0,0,10,5,9,16,3,19,11,10,5,3,0,7,19,18,1,4,12,9,15,18,7,7,0,3,18,11,1,9,16,19,11,19,2,0,11,6",-0.53632116,0.30088964,3.0,0.04130321,77.479324,0.044052854,1.0,0.044052854,0.31885362,0.012083754,0.0,0.0,0.04130321,0.007067046,0.85616076,0.31885362,3.4563868,1.3062383,77.479324,-0.53632116,3.941904,214.3585,0.011901587,0.038553566,1.0,214.3585,0.25597653,0.14383925,3.4563868,0.007067046,0.012265921,0.30088964,0.0,1.3062383,3.941904,0.011901587,0.53632116,0.0,0.012265921,0.53632116,0.58262014,0.038553566,1.0,0.012083754,lookahead,fk_orig0_bm3-s0to100br2
/work/T-REX/external/Proteina-Complexa/inference/search_binder_local_pipeline_32_PDL1_ALPHA_REPACK_v7_r004_cand_v7r004_hyp_0004_02_003_ae5b6dc63e53e/job_0_n_211_id_14_fk_orig1_bm3-s0to100br2/job_0_n_211_id_14_fk_orig1_bm3-s0to100br2.pdb,57,"2,0,13,16,19,16,19,14,11,3,10,18,19,19,6,18,7,15,2,12,16,9,6,4,11,13,14,19,6,11,5,10,3,10,0,0,10,9,19,18,17,6,12,6,3,11,2,9,9,5,13,19,8,7,6,6,3,10,11,19,5,8,15,15,18,1,5,1,0,1,10,10,11,3,5,10,15,10,7,2,0,0,10,5,9,16,3,19,11,10,5,3,0,7,19,18,1,4,12,9,15,18,7,7,0,3,18,11,1,9,16,19,11,19,2,0,15,19,16,13,14,11,11,15,18,15,19,6,11,7,7,2,19,16,10,6,4,9,0,15,6,15,19,14,11,15,11,19,16,17,11,11,2,3,5,14,9,3,10,15,3,14,1,18,5,13,10,2,2,15,7,16,3,8,15,10,5,9,11,2,19,11,16,6,3,0,7,6,18,5,4,10,19,7,16,2,15,7,9,11,3,15,3,11,0,5,10,16,19,11,15,0,0,0,0,0,0,0,0,0,0,0,0,0,0,0,0,0,0,0,0,0,0",-0.819979,0.65999866,3.0,0.0,120.10953,0.0,1.0,0.0,0.50928485,0.0,0.0,0.0,0.0,0.00415076,0.7917762,0.50928485,12.015437,1.7422076,120.10953,-0.819979,4.7847023,242.4418,0.0,0.0,1.0,242.4418,0.095948815,0.20822382,12.015437,0.00415076,0.0,0.65999866,0.0,1.7422076,4.7847023,0.0,0.819979,0.0,0.0,0.819979,0.54101133,0.0,1.0,0.0,lookahead,fk_orig1_bm3-s0to100br2
/work/T-REX/external/Proteina-Complexa/inference/search_binder_local_pipeline_32_PDL1_ALPHA_REPACK_v7_r004_cand_v7r004_hyp_0004_02_003_ae5b6dc63e53e/job_0_n_198_id_14_fk_orig2_bm3-s0to100br2/job_0_n_198_id_14_fk_orig2_bm3-s0to100br2.pdb,58,"2,0,13,16,19,16,19,14,11,3,10,18,19,19,6,18,7,15,2,12,16,9,6,4,11,13,14,19,6,11,5,10,3,10,0,0,10,9,19,18,17,6,12,6,3,11,2,9,9,5,13,19,8,7,6,6,3,10,11,19,5,8,15,15,18,1,5,1,0,1,10,10,11,3,5,10,15,10,7,2,0,0,10,5,9,16,3,19,11,10,5,3,0,7,19,18,1,4,12,9,15,18,7,7,0,3,18,11,1,9,16,19,11,19,2,0,12,6,2,5,9,0,16,6,9,10,11,9,10,12,11,11,10,15,3,15,3,10,10,1,11,9,15,6,6,7,11,5,10,11,10,15,5,0,3,19,6,10,19,18,5,6,10,10,11,0,11,11,7,6,5,11,14,16,3,19,0,11,16,10,15,6,11,0,15,3,14,6,11,19,10,11,10,10,5,1,9,15,0,0,0,0,0,0,0,0,0,0,0,0,0,0,0,0,0,0,0,0,0,0,0,0,0,0,0,0,0,0,0,0,0,0,0",-0.47699705,0.25116596,3.0,0.05748096,51.463375,0.06086301,1.0,0.06086301,0.30679035,0.014424164,0.0,0.0,0.05748096,0.0012626371,0.8784296,0.30679035,2.6569924,1.3714828,51.463375,-0.47699705,3.7160044,192.83138,0.013730763,0.05409891,1.0,192.83138,0.284819,0.12157039,2.6569924,0.0012626371,0.015117564,0.25116596,0.0,1.3714828,3.7160044,0.013730763,0.47699705,0.0,0.015117564,0.47699705,0.64214134,0.05409891,1.0,0.014424164,lookahead,fk_orig2_bm3-s0to100br2
/work/T-REX/external/Proteina-Complexa/inference/search_binder_local_pipeline_32_PDL1_ALPHA_REPACK_v7_r004_cand_v7r004_hyp_0004_02_003_ae5b6dc63e53e/job_0_n_220_id_14_fk_orig3_bm3-s0to100br2/job_0_n_220_id_14_fk_orig3_bm3-s0to100br2.pdb,59,"2,0,13,16,19,16,19,14,11,3,10,18,19,19,6,18,7,15,2,12,16,9,6,4,11,13,14,19,6,11,5,10,3,10,0,0,10,9,19,18,17,6,12,6,3,11,2,9,9,5,13,19,8,7,6,6,3,10,11,19,5,8,15,15,18,1,5,1,0,1,10,10,11,3,5,10,15,10,7,2,0,0,10,5,9,16,3,19,11,10,5,3,0,7,19,18,1,4,12,9,15,18,7,7,0,3,18,11,1,9,16,19,11,19,2,0,2,0,13,16,19,16,19,14,11,3,10,18,19,19,6,18,7,15,2,12,16,9,6,4,11,13,14,19,6,11,5,10,3,10,0,0,10,9,19,18,17,6,12,6,3,11,2,9,9,5,13,19,8,7,6,6,3,10,11,19,5,8,15,15,18,1,5,1,0,1,10,10,11,3,5,10,15,10,7,2,0,0,10,5,9,16,3,19,11,10,5,3,0,7,19,18,1,4,12,9,15,18,7,7,0,0,0,0,0,0,0,0,0,0,0,0,0",-0.5665376,0.33818927,3.0,0.019442467,45.20755,0.020537743,1.0,0.020537743,0.34721437,0.0061163856,0.0,0.0,0.019442467,0.0026185575,0.8466981,0.34721437,3.2678573,1.3862443,45.20755,-0.5665376,3.971978,198.414,0.0,0.01834719,1.0,198.414,0.22268099,0.15330191,3.2678573,0.0026185575,0.012232771,0.33818927,0.0,1.3862443,3.971978,0.0,0.5665376,0.0,0.012232771,0.5665376,0.5823984,0.01834719,1.0,0.0061163856,lookahead,fk_orig3_bm3-s0to100br2
/work/T-REX/external/Proteina-Complexa/inference/search_binder_local_pipeline_32_PDL1_ALPHA_REPACK_v7_r004_cand_v7r004_hyp_0004_02_003_ae5b6dc63e53e/job_0_n_233_id_15_fk_orig0_bm3-s0to100br3/job_0_n_233_id_15_fk_orig0_bm3-s0to100br3.pdb,60,"2,0,13,16,19,16,19,14,11,3,10,18,19,19,6,18,7,15,2,12,16,9,6,4,11,13,14,19,6,11,5,10,3,10,0,0,10,9,19,18,17,6,12,6,3,11,2,9,9,5,13,19,8,7,6,6,3,10,11,19,5,8,15,15,18,1,5,1,0,1,10,10,11,3,5,10,15,10,7,2,0,0,10,5,9,16,3,19,11,10,5,3,0,7,19,18,1,4,12,9,15,18,7,7,0,3,18,11,1,9,16,19,11,19,2,0,2,0,13,16,19,16,19,14,11,3,10,18,19,19,6,18,7,15,2,12,16,9,6,4,11,13,14,19,6,11,5,10,3,10,0,0,10,9,19,18,17,6,12,6,3,11,2,9,9,5,13,19,8,7,6,6,3,10,11,19,5,8,15,15,18,1,5,1,0,1,10,10,11,3,5,10,15,10,7,2,0,0,10,5,9,16,3,19,11,10,5,3,0,7,19,18,1,4,12,9,15,18,7,7,0,3,18,11,1,9,16,19,11,19,2,0,14",-0.53983486,0.3073876,3.0,0.038374975,59.703243,0.040900473,1.0,0.040900473,0.3184846,0.011808895,0.0,0.0,0.038374975,0.0028787735,0.8590444,0.3184846,3.514107,1.2906644,59.703243,-0.53983486,3.934747,199.07681,0.0114651555,0.03584948,1.0,199.07681,0.2516113,0.14095561,3.514107,0.0028787735,0.012152634,0.3073876,0.0,1.2906644,3.934747,0.0114651555,0.53983486,0.0,0.012152634,0.53983486,0.5817419,0.03584948,1.0,0.011808895,lookahead,fk_orig0_bm3-s0to100br3
/work/T-REX/external/Proteina-Complexa/inference/search_binder_local_pipeline_32_PDL1_ALPHA_REPACK_v7_r004_cand_v7r004_hyp_0004_02_003_ae5b6dc63e53e/job_0_n_211_id_15_fk_orig1_bm3-s0to100br3/job_0_n_211_id_15_fk_orig1_bm3-s0to100br3.pdb,61,"2,0,13,16,19,16,19,14,11,3,10,18,19,19,6,18,7,15,2,12,16,9,6,4,11,13,14,19,6,11,5,10,3,10,0,0,10,9,19,18,17,6,12,6,3,11,2,9,9,5,13,19,8,7,6,6,3,10,11,19,5,8,15,15,18,1,5,1,0,1,10,10,11,3,5,10,15,10,7,2,0,0,10,5,9,16,3,19,11,10,5,3,0,7,19,18,1,4,12,9,15,18,7,7,0,3,18,11,1,9,16,19,11,19,2,0,15,19,16,13,14,11,14,15,18,15,19,16,0,7,0,15,19,16,10,6,4,16,13,3,0,2,14,0,14,16,15,19,5,17,11,11,3,7,5,10,9,3,10,15,3,14,1,18,11,10,10,2,14,11,6,7,2,0,15,10,5,9,15,2,16,1,10,7,3,15,7,10,18,5,4,19,19,5,2,6,19,7,19,0,13,7,3,7,16,5,10,16,19,16,7,0,0,0,0,0,0,0,0,0,0,0,0,0,0,0,0,0,0,0,0,0,0",-0.74368036,0.5240555,3.0,0.0026207597,123.55712,0.0052415193,1.0,0.0052415193,0.47171283,0.0,0.0,0.0,0.0026207597,0.0046783914,0.7816433,0.47171283,16.46956,1.6422969,123.55712,-0.74368036,4.583432,234.0003,0.0,0.0,1.0,234.0003,0.124495536,0.21835676,16.46956,0.0046783914,0.0,0.5240555,0.0,1.6422969,4.583432,0.0,0.74368036,0.0,0.0,0.74368036,0.55373585,0.0,1.0,0.0,lookahead,fk_orig1_bm3-s0to100br3
/work/T-REX/external/Proteina-Complexa/inference/search_binder_local_pipeline_32_PDL1_ALPHA_REPACK_v7_r004_cand_v7r004_hyp_0004_02_003_ae5b6dc63e53e/job_0_n_198_id_15_fk_orig2_bm3-s0to100br3/job_0_n_198_id_15_fk_orig2_bm3-s0to100br3.pdb,62,"2,0,13,16,19,16,19,14,11,3,10,18,19,19,6,18,7,15,2,12,16,9,6,4,11,13,14,19,6,11,5,10,3,10,0,0,10,9,19,18,17,6,12,6,3,11,2,9,9,5,13,19,8,7,6,6,3,10,11,19,5,8,15,15,18,1,5,1,0,1,10,10,11,3,5,10,15,10,7,2,0,0,10,5,9,16,3,19,11,10,5,3,0,7,19,18,1,4,12,9,15,18,7,7,0,3,18,11,1,9,16,19,11,19,2,0,9,0,18,13,2,1,7,13,3,1,11,9,11,7,2,18,3,6,0,9,6,3,18,2,6,0,9,1,10,11,14,3,13,0,6,0,18,4,2,1,7,2,0,1,11,6,11,7,2,18,3,6,0,9,6,3,18,2,6,0,9,1,10,11,14,3,13,0,15,0,18,3,6,1,0,11,0,10,11,6,11,10,0,0,0,0,0,0,0,0,0,0,0,0,0,0,0,0,0,0,0,0,0,0,0,0,0,0,0,0,0,0,0,0,0,0,0",-0.69287276,0.5176105,3.0,0.0027988115,122.39093,0.005597623,1.0,0.005597623,0.43452582,0.0,0.0,0.0,0.0027988115,0.0031465474,0.8464771,0.43452582,18.36755,1.2829282,122.39093,-0.69287276,4.3373585,244.47691,0.0,0.0,1.0,244.47691,0.15880935,0.15352292,18.36755,0.0031465474,0.0,0.5176105,0.0,1.2829282,4.3373585,0.0,0.69287276,0.0,0.0,0.69287276,0.589797,0.0,1.0,0.0,lookahead,fk_orig2_bm3-s0to100br3
/work/T-REX/external/Proteina-Complexa/inference/search_binder_local_pipeline_32_PDL1_ALPHA_REPACK_v7_r004_cand_v7r004_hyp_0004_02_003_ae5b6dc63e53e/job_0_n_220_id_15_fk_orig3_bm3-s0to100br3/job_0_n_220_id_15_fk_orig3_bm3-s0to100br3.pdb,63,"2,0,13,16,19,16,19,14,11,3,10,18,19,19,6,18,7,15,2,12,16,9,6,4,11,13,14,19,6,11,5,10,3,10,0,0,10,9,19,18,17,6,12,6,3,11,2,9,9,5,13,19,8,7,6,6,3,10,11,19,5,8,15,15,18,1,5,1,0,1,10,10,11,3,5,10,15,10,7,2,0,0,10,5,9,16,3,19,11,10,5,3,0,7,19,18,1,4,12,9,15,18,7,7,0,3,18,11,1,9,16,19,11,19,2,0,2,0,13,16,19,16,19,14,11,3,10,18,19,19,6,18,7,15,2,12,16,9,6,4,11,13,14,19,6,11,5,10,3,10,0,0,10,9,19,18,17,6,12,6,3,11,2,9,9,5,13,19,8,7,6,6,3,10,11,19,5,8,15,15,18,1,5,1,0,1,10,10,11,3,5,10,15,10,7,2,0,0,10,5,9,16,3,19,11,10,5,3,0,7,19,18,1,4,12,9,15,18,7,7,0,0,0,0,0,0,0,0,0,0,0,0,0",-0.56842524,0.3377271,3.0,0.018732354,43.699013,0.019515367,1.0,0.019515367,0.34841675,0.0060150935,0.0,0.0,0.018732354,0.0026809168,0.8462752,0.34841675,3.119419,1.3903041,43.699013,-0.56842524,3.9766166,200.88628,0.0,0.017949343,1.0,200.88628,0.22136289,0.15372479,3.119419,0.0026809168,0.012030187,0.3377271,0.0,1.3903041,3.9766166,0.0,0.56842524,0.0,0.012030187,0.56842524,0.5817482,0.017949343,1.0,0.0060150935,lookahead,fk_orig3_bm3-s0to100br3
/work/T-REX/external/Proteina-Complexa/inference/search_binder_local_pipeline_32_PDL1_ALPHA_REPACK_v7_r004_cand_v7r004_hyp_0004_02_003_ae5b6dc63e53e/job_0_n_233_id_16_fk_orig0_bm3-s0to100br1-s100to200br0/job_0_n_233_id_16_fk_orig0_bm3-s0to100br1-s100to200br0.pdb,64,"2,0,13,16,19,16,19,14,11,3,10,18,19,19,6,18,7,15,2,12,16,9,6,4,11,13,14,19,6,11,5,10,3,10,0,0,10,9,19,18,17,6,12,6,3,11,2,9,9,5,13,19,8,7,6,6,3,10,11,19,5,8,15,15,18,1,5,1,0,1,10,10,11,3,5,10,15,10,7,2,0,0,10,5,9,16,3,19,11,10,5,3,0,7,19,18,1,4,12,9,15,18,7,7,0,3,18,11,1,9,16,19,11,19,2,0,13,16,19,16,19,14,11,3,10,18,19,19,6,18,7,15,2,12,16,9,6,4,11,13,14,19,6,11,5,10,3,10,0,0,10,9,19,18,17,6,12,6,3,11,2,9,9,5,13,19,8,7,6,6,3,10,11,19,5,8,15,15,18,1,5,1,0,1,10,10,11,3,5,10,15,10,7,2,0,0,10,5,9,16,3,19,11,10,5,3,0,7,19,18,1,4,12,9,15,18,7,7,0,3,18,11,1,9,16,19,11,19,2,0,14,14,0",-0.54141325,0.30959374,3.0,0.03793078,65.004875,0.03992735,1.0,0.03992735,0.32099238,0.011813149,0.0,0.0,0.03793078,0.006199521,0.8593699,0.32099238,5.4042215,1.3060124,65.004875,-0.54141325,3.9794273,196.99974,0.011513671,0.035934214,1.0,196.99974,0.2522969,0.14063011,5.4042215,0.006199521,0.012112626,0.30959374,0.0,1.3060124,3.9794273,0.011513671,0.54141325,0.0,0.012112626,0.54141325,0.58265185,0.035934214,1.0,0.011813149,lookahead,fk_orig0_bm3-s0to100br1-s100to200br0
/work/T-REX/external/Proteina-Complexa/inference/search_binder_local_pipeline_32_PDL1_ALPHA_REPACK_v7_r004_cand_v7r004_hyp_0004_02_003_ae5b6dc63e53e/job_0_n_211_id_16_fk_orig1_bm2-s0to100br3-s100to200br0/job_0_n_211_id_16_fk_orig1_bm2-s0to100br3-s100to200br0.pdb,65,"2,0,13,16,19,16,19,14,11,3,10,18,19,19,6,18,7,15,2,12,16,9,6,4,11,13,14,19,6,11,5,10,3,10,0,0,10,9,19,18,17,6,12,6,3,11,2,9,9,5,13,19,8,7,6,6,3,10,11,19,5,8,15,15,18,1,5,1,0,1,10,10,11,3,5,10,15,10,7,2,0,0,10,5,9,16,3,19,11,10,5,3,0,7,19,18,1,4,12,9,15,18,7,7,0,3,18,11,1,9,16,19,11,19,2,0,10,19,19,16,0,14,11,16,19,16,7,16,18,7,7,16,19,16,10,6,4,16,16,15,11,16,0,16,15,19,19,17,11,3,14,2,3,5,16,9,3,10,6,11,3,14,1,13,11,10,10,11,15,15,3,16,2,13,15,10,5,9,15,3,19,1,10,6,3,0,7,16,18,16,4,10,0,0,2,15,3,7,9,2,3,0,1,9,11,10,15,19,16,10,14,0,0,0,0,0,0,0,0,0,0,0,0,0,0,0,0,0,0,0,0,0,0",-0.19028689,0.06477917,3.0,0.52325094,58.961052,0.5563677,1.0,0.5563677,0.14630328,0.52325094,0.0,0.0,0.52325094,0.0020864587,0.92990434,0.14630328,2.575674,1.3936096,58.961052,-0.19028689,3.0474353,169.03835,0.49013418,0.49013418,1.0,169.03835,0.7729895,0.07009567,2.575674,0.0020864587,0.5563677,0.06477917,0.0,1.3936096,3.0474353,0.49013418,0.19028689,0.0,0.5563677,0.19028689,0.84929705,0.49013418,1.0,0.52325094,lookahead,fk_orig1_bm2-s0to100br3-s100to200br0
/work/T-REX/external/Proteina-Complexa/inference/search_binder_local_pipeline_32_PDL1_ALPHA_REPACK_v7_r004_cand_v7r004_hyp_0004_02_003_ae5b6dc63e53e/job_0_n_198_id_16_fk_orig2_bm0-s0to100br1-s100to200br0/job_0_n_198_id_16_fk_orig2_bm0-s0to100br1-s100to200br0.pdb,66,"2,0,13,16,19,16,19,14,11,3,10,18,19,19,6,18,7,15,2,12,16,9,6,4,11,13,14,19,6,11,5,10,3,10,0,0,10,9,19,18,17,6,12,6,3,11,2,9,9,5,13,19,8,7,6,6,3,10,11,19,5,8,15,15,18,1,5,1,0,1,10,10,11,3,5,10,15,10,7,2,0,0,10,5,9,16,3,19,11,10,5,3,0,7,19,18,1,4,12,9,15,18,7,7,0,3,18,11,1,9,16,19,11,19,2,0,15,3,6,6,9,15,5,13,9,2,15,9,14,11,10,7,15,19,10,1,10,0,13,10,0,8,13,15,7,15,11,0,11,9,14,6,13,7,6,19,11,0,6,15,10,1,11,18,19,14,2,10,6,15,10,5,2,0,16,14,6,6,10,16,11,19,8,7,9,7,14,19,10,0,6,2,9,19,0,8,1,15,0,0,0,0,0,0,0,0,0,0,0,0,0,0,0,0,0,0,0,0,0,0,0,0,0,0,0,0,0,0,0,0,0,0,0",-0.19904576,0.06637276,3.0,0.46522856,44.64484,0.46991497,1.0,0.46991497,0.16028814,0.46522856,0.0,0.0,0.46522856,0.0032855736,0.87763757,0.16028814,1.570331,1.7723354,44.64484,-0.19904576,2.5890381,186.37695,0.4605421,0.4605421,1.0,186.37695,0.7365781,0.12236246,1.570331,0.0032855736,0.46991497,0.06637276,0.0,1.7723354,2.5890381,0.4605421,0.19904576,0.0,0.46991497,0.19904576,0.83676934,0.4605421,1.0,0.46522856,lookahead,fk_orig2_bm0-s0to100br1-s100to200br0
/work/T-REX/external/Proteina-Complexa/inference/search_binder_local_pipeline_32_PDL1_ALPHA_REPACK_v7_r004_cand_v7r004_hyp_0004_02_003_ae5b6dc63e53e/job_0_n_220_id_16_fk_orig3_bm3-s0to100br0-s100to200br0/job_0_n_220_id_16_fk_orig3_bm3-s0to100br0-s100to200br0.pdb,67,"2,0,13,16,19,16,19,14,11,3,10,18,19,19,6,18,7,15,2,12,16,9,6,4,11,13,14,19,6,11,5,10,3,10,0,0,10,9,19,18,17,6,12,6,3,11,2,9,9,5,13,19,8,7,6,6,3,10,11,19,5,8,15,15,18,1,5,1,0,1,10,10,11,3,5,10,15,10,7,2,0,0,10,5,9,16,3,19,11,10,5,3,0,7,19,18,1,4,12,9,15,18,7,7,0,3,18,11,1,9,16,19,11,19,2,0,2,0,13,16,19,16,19,14,11,3,10,18,19,19,6,18,7,15,2,12,16,9,6,4,11,13,14,19,6,11,5,10,3,10,0,0,10,9,19,18,17,6,12,6,3,11,2,9,9,5,13,19,8,7,6,6,3,10,11,19,5,8,15,15,18,1,5,1,0,1,10,10,11,3,5,10,15,10,7,2,0,0,10,5,9,16,3,19,11,10,5,3,0,7,19,18,1,4,12,9,15,18,7,7,0,0,0,0,0,0,0,0,0,0,0,0,0",-0.5702766,0.3429128,3.0,0.018946644,42.256783,0.020257963,1.0,0.020257963,0.34931043,0.005943644,0.0,0.0,0.018946644,0.002682745,0.84667087,0.34931043,2.9440594,1.3868172,42.256783,-0.5702766,3.982963,197.44678,0.0,0.017635323,1.0,197.44678,0.22050443,0.15332913,2.9440594,0.002682745,0.011887288,0.3429128,0.0,1.3868172,3.982963,0.0,0.5702766,0.0,0.011887288,0.5702766,0.5813607,0.017635323,1.0,0.005943644,lookahead,fk_orig3_bm3-s0to100br0-s100to200br0
/work/T-REX/external/Proteina-Complexa/inference/search_binder_local_pipeline_32_PDL1_ALPHA_REPACK_v7_r004_cand_v7r004_hyp_0004_02_003_ae5b6dc63e53e/job_0_n_233_id_17_fk_orig0_bm3-s0to100br1-s100to200br1/job_0_n_233_id_17_fk_orig0_bm3-s0to100br1-s100to200br1.pdb,68,"2,0,13,16,19,16,19,14,11,3,10,18,19,19,6,18,7,15,2,12,16,9,6,4,11,13,14,19,6,11,5,10,3,10,0,0,10,9,19,18,17,6,12,6,3,11,2,9,9,5,13,19,8,7,6,6,3,10,11,19,5,8,15,15,18,1,5,1,0,1,10,10,11,3,5,10,15,10,7,2,0,0,10,5,9,16,3,19,11,10,5,3,0,7,19,18,1,4,12,9,15,18,7,7,0,3,18,11,1,9,16,19,11,19,2,0,13,16,19,16,19,14,11,3,10,18,19,19,6,18,7,15,2,12,16,9,6,4,11,13,14,19,6,11,5,10,3,10,0,0,10,9,19,18,17,6,12,6,3,11,2,9,9,5,13,19,8,7,6,6,3,10,11,19,5,8,15,15,18,1,5,1,0,1,10,10,11,3,5,10,15,10,7,2,0,0,10,5,9,16,3,19,11,10,5,3,0,7,19,18,1,4,12,9,15,18,7,7,0,3,18,11,1,9,16,19,11,19,2,0,11,15,0",-0.53612924,0.30200267,3.0,0.04033493,71.30866,0.042399462,1.0,0.042399462,0.32062867,0.012350248,0.0,0.0,0.04033493,0.008935363,0.8540381,0.32062867,6.0694346,1.3080857,71.30866,-0.53612924,3.9547768,198.23416,0.011954794,0.038270395,1.0,198.23416,0.25141042,0.1459619,6.0694346,0.008935363,0.012745703,0.30200267,0.0,1.3080857,3.9547768,0.011954794,0.53612924,0.0,0.012745703,0.53612924,0.5801735,0.038270395,1.0,0.012350248,lookahead,fk_orig0_bm3-s0to100br1-s100to200br1
/work/T-REX/external/Proteina-Complexa/inference/search_binder_local_pipeline_32_PDL1_ALPHA_REPACK_v7_r004_cand_v7r004_hyp_0004_02_003_ae5b6dc63e53e/job_0_n_211_id_17_fk_orig1_bm2-s0to100br3-s100to200br1/job_0_n_211_id_17_fk_orig1_bm2-s0to100br3-s100to200br1.pdb,69,"2,0,13,16,19,16,19,14,11,3,10,18,19,19,6,18,7,15,2,12,16,9,6,4,11,13,14,19,6,11,5,10,3,10,0,0,10,9,19,18,17,6,12,6,3,11,2,9,9,5,13,19,8,7,6,6,3,10,11,19,5,8,15,15,18,1,5,1,0,1,10,10,11,3,5,10,15,10,7,2,0,0,10,5,9,16,3,19,11,10,5,3,0,7,19,18,1,4,12,9,15,18,7,7,0,3,18,11,1,9,16,19,11,19,2,0,10,19,19,16,0,14,11,15,19,15,19,10,0,7,6,16,0,16,10,14,4,16,16,2,11,16,0,16,15,19,19,17,11,3,14,2,3,5,16,9,3,10,15,3,14,15,15,1,13,11,10,10,7,16,7,16,2,10,15,10,5,9,15,2,0,1,10,15,3,15,7,16,18,16,4,10,0,0,15,19,3,7,10,0,3,0,11,9,11,10,16,19,16,6,14,0,0,0,0,0,0,0,0,0,0,0,0,0,0,0,0,0,0,0,0,0,0",-0.1986964,0.06814806,3.0,0.48001602,53.022602,0.5182446,1.0,0.5182446,0.1481076,0.48001602,0.0,0.0,0.48001602,0.0017784383,0.9396046,0.1481076,1.8142564,1.3060699,53.022602,-0.1986964,3.0456421,157.27519,0.44178742,0.44178742,1.0,157.27519,0.74614084,0.060395416,1.8142564,0.0017784383,0.5182446,0.06814806,0.0,1.3060699,3.0456421,0.44178742,0.1986964,0.0,0.5182446,0.1986964,0.8371199,0.44178742,1.0,0.48001602,lookahead,fk_orig1_bm2-s0to100br3-s100to200br1
/work/T-REX/external/Proteina-Complexa/inference/search_binder_local_pipeline_32_PDL1_ALPHA_REPACK_v7_r004_cand_v7r004_hyp_0004_02_003_ae5b6dc63e53e/job_0_n_198_id_17_fk_orig2_bm0-s0to100br1-s100to200br1/job_0_n_198_id_17_fk_orig2_bm0-s0to100br1-s100to200br1.pdb,70,"2,0,13,16,19,16,19,14,11,3,10,18,19,19,6,18,7,15,2,12,16,9,6,4,11,13,14,19,6,11,5,10,3,10,0,0,10,9,19,18,17,6,12,6,3,11,2,9,9,5,13,19,8,7,6,6,3,10,11,19,5,8,15,15,18,1,5,1,0,1,10,10,11,3,5,10,15,10,7,2,0,0,10,5,9,16,3,19,11,10,5,3,0,7,19,18,1,4,12,9,15,18,7,7,0,3,18,11,1,9,16,19,11,19,2,0,15,3,6,6,9,1,6,13,9,2,15,9,14,1,10,7,5,19,10,1,2,0,13,10,16,8,13,15,7,0,11,8,14,13,0,6,19,7,6,19,16,10,6,15,10,1,11,18,0,14,15,10,6,19,10,11,2,0,16,6,6,6,10,16,11,19,8,7,9,7,14,19,16,0,5,2,9,10,0,0,1,0,0,0,0,0,0,0,0,0,0,0,0,0,0,0,0,0,0,0,0,0,0,0,0,0,0,0,0,0,0,0,0,0,0,0,0",-0.23199543,0.103946514,3.0,0.34090653,40.126213,0.35631606,1.0,0.35631606,0.17357321,0.34090653,0.0,0.0,0.34090653,0.0018231868,0.8962338,0.17357321,2.1513488,1.6042688,40.126213,-0.23199543,2.824999,173.42424,0.325497,0.325497,1.0,173.42424,0.6746205,0.10376618,2.1513488,0.0018231868,0.35631606,0.103946514,0.0,1.6042688,2.824999,0.325497,0.23199543,0.0,0.35631606,0.23199543,0.8073242,0.325497,1.0,0.34090653,lookahead,fk_orig2_bm0-s0to100br1-s100to200br1
/work/T-REX/external/Proteina-Complexa/inference/search_binder_local_pipeline_32_PDL1_ALPHA_REPACK_v7_r004_cand_v7r004_hyp_0004_02_003_ae5b6dc63e53e/job_0_n_220_id_17_fk_orig3_bm3-s0to100br0-s100to200br1/job_0_n_220_id_17_fk_orig3_bm3-s0to100br0-s100to200br1.pdb,71,"2,0,13,16,19,16,19,14,11,3,10,18,19,19,6,18,7,15,2,12,16,9,6,4,11,13,14,19,6,11,5,10,3,10,0,0,10,9,19,18,17,6,12,6,3,11,2,9,9,5,13,19,8,7,6,6,3,10,11,19,5,8,15,15,18,1,5,1,0,1,10,10,11,3,5,10,15,10,7,2,0,0,10,5,9,16,3,19,11,10,5,3,0,7,19,18,1,4,12,9,15,18,7,7,0,3,18,11,1,9,16,19,11,19,2,0,2,0,13,16,19,16,19,14,11,3,10,18,19,19,6,18,7,15,2,12,16,9,6,4,11,13,14,19,6,11,5,10,3,10,0,0,10,9,19,18,17,6,12,6,3,11,2,9,9,5,13,19,8,7,6,6,3,10,11,19,5,8,15,15,18,1,5,1,0,1,10,10,11,3,5,10,15,10,7,2,0,0,10,5,9,16,3,19,11,10,5,3,0,7,19,18,1,4,12,9,15,18,7,7,0,0,0,0,0,0,0,0,0,0,0,0,0",-0.56912476,0.3411328,3.0,0.018583763,42.869698,0.019426502,1.0,0.019426502,0.34846392,0.006049157,0.0,0.0,0.018583763,0.0026285008,0.84682906,0.34846392,2.8830783,1.3846592,42.869698,-0.56912476,3.980738,197.39534,0.0,0.017741023,1.0,197.39534,0.22098336,0.15317097,2.8830783,0.0026285008,0.012098314,0.3411328,0.0,1.3846592,3.980738,0.0,0.56912476,0.0,0.012098314,0.56912476,0.58158475,0.017741023,1.0,0.006049157,lookahead,fk_orig3_bm3-s0to100br0-s100to200br1
/work/T-REX/external/Proteina-Complexa/inference/search_binder_local_pipeline_32_PDL1_ALPHA_REPACK_v7_r004_cand_v7r004_hyp_0004_02_003_ae5b6dc63e53e/job_0_n_233_id_18_fk_orig0_bm3-s0to100br1-s100to200br2/job_0_n_233_id_18_fk_orig0_bm3-s0to100br1-s100to200br2.pdb,72,"2,0,13,16,19,16,19,14,11,3,10,18,19,19,6,18,7,15,2,12,16,9,6,4,11,13,14,19,6,11,5,10,3,10,0,0,10,9,19,18,17,6,12,6,3,11,2,9,9,5,13,19,8,7,6,6,3,10,11,19,5,8,15,15,18,1,5,1,0,1,10,10,11,3,5,10,15,10,7,2,0,0,10,5,9,16,3,19,11,10,5,3,0,7,19,18,1,4,12,9,15,18,7,7,0,3,18,11,1,9,16,19,11,19,2,0,13,16,19,16,19,14,11,3,10,18,19,19,6,18,7,15,2,12,16,9,6,4,11,13,14,19,6,11,5,10,3,10,0,0,10,9,19,18,17,6,12,6,3,11,2,9,9,5,13,19,8,7,6,6,3,10,11,19,5,8,15,15,18,1,5,1,0,1,10,10,11,3,5,10,15,10,7,2,0,0,10,5,9,16,3,19,11,10,5,3,0,7,19,18,1,4,12,9,15,18,7,7,0,3,18,11,1,9,16,19,11,19,2,0,14,14,15",-0.5395879,0.3089349,3.0,0.039852135,63.94952,0.042711623,1.0,0.042711623,0.3203475,0.011915683,0.0,0.0,0.039852135,0.006388953,0.8585795,0.3203475,5.0108275,1.3121816,63.94952,-0.5395879,3.9746532,196.77785,0.011541111,0.036992647,1.0,196.77785,0.25397968,0.14142045,5.0108275,0.006388953,0.012290254,0.3089349,0.0,1.3121816,3.9746532,0.011541111,0.5395879,0.0,0.012290254,0.5395879,0.58336824,0.036992647,1.0,0.011915683,lookahead,fk_orig0_bm3-s0to100br1-s100to200br2
/work/T-REX/external/Proteina-Complexa/inference/search_binder_local_pipeline_32_PDL1_ALPHA_REPACK_v7_r004_cand_v7r004_hyp_0004_02_003_ae5b6dc63e53e/job_0_n_211_id_18_fk_orig1_bm2-s0to100br3-s100to200br2/job_0_n_211_id_18_fk_orig1_bm2-s0to100br3-s100to200br2.pdb,73,"2,0,13,16,19,16,19,14,11,3,10,18,19,19,6,18,7,15,2,12,16,9,6,4,11,13,14,19,6,11,5,10,3,10,0,0,10,9,19,18,17,6,12,6,3,11,2,9,9,5,13,19,8,7,6,6,3,10,11,19,5,8,15,15,18,1,5,1,0,1,10,10,11,3,5,10,15,10,7,2,0,0,10,5,9,16,3,19,11,10,5,3,0,7,19,18,1,4,12,9,15,18,7,7,0,3,18,11,1,9,16,19,11,19,2,0,10,19,19,16,0,14,0,15,19,15,7,16,19,7,7,16,19,16,10,14,4,11,16,15,8,16,14,16,15,19,19,17,11,2,14,5,3,6,16,9,3,10,0,0,3,14,1,13,11,10,9,3,14,15,5,7,3,0,15,10,5,9,15,3,10,1,10,6,3,0,7,16,18,16,4,10,0,7,15,16,10,7,10,3,3,0,11,9,5,10,2,19,16,19,14,0,0,0,0,0,0,0,0,0,0,0,0,0,0,0,0,0,0,0,0,0,0",-0.38479984,0.20087641,3.0,0.13479003,49.426727,0.13996556,1.0,0.13996556,0.25878984,0.07794179,0.0,0.0,0.13479003,0.0033759233,0.88137,0.25878984,2.4152248,1.4533255,49.426727,-0.38479984,3.5533783,170.36711,0.074779525,0.12961452,1.0,170.36711,0.50385076,0.118629985,2.4152248,0.0033759233,0.08110405,0.20087641,0.0,1.4533255,3.5533783,0.074779525,0.38479984,0.0,0.08110405,0.38479984,0.7232456,0.12961452,1.0,0.07794179,lookahead,fk_orig1_bm2-s0to100br3-s100to200br2
/work/T-REX/external/Proteina-Complexa/inference/search_binder_local_pipeline_32_PDL1_ALPHA_REPACK_v7_r004_cand_v7r004_hyp_0004_02_003_ae5b6dc63e53e/job_0_n_198_id_18_fk_orig2_bm0-s0to100br1-s100to200br2/job_0_n_198_id_18_fk_orig2_bm0-s0to100br1-s100to200br2.pdb,74,"2,0,13,16,19,16,19,14,11,3,10,18,19,19,6,18,7,15,2,12,16,9,6,4,11,13,14,19,6,11,5,10,3,10,0,0,10,9,19,18,17,6,12,6,3,11,2,9,9,5,13,19,8,7,6,6,3,10,11,19,5,8,15,15,18,1,5,1,0,1,10,10,11,3,5,10,15,10,7,2,0,0,10,5,9,16,3,19,11,10,5,3,0,7,19,18,1,4,12,9,15,18,7,7,0,3,18,11,1,9,16,19,11,19,2,0,2,3,6,6,9,15,6,13,9,2,15,9,14,6,10,7,14,19,10,11,10,0,13,10,15,8,13,15,7,15,11,8,15,19,0,7,19,7,3,11,10,12,6,15,10,1,11,18,19,14,15,10,6,19,10,11,2,0,16,0,6,6,10,16,11,19,8,7,9,7,14,11,16,0,6,15,9,19,0,8,1,15,0,0,0,0,0,0,0,0,0,0,0,0,0,0,0,0,0,0,0,0,0,0,0,0,0,0,0,0,0,0,0,0,0,0,0",-0.22606559,0.0799594,3.0,0.4190162,54.10841,0.432207,1.0,0.432207,0.19046652,0.4190162,0.0,0.0,0.4190162,0.0060137957,0.83599824,0.19046652,4.4554954,1.9401494,54.10841,-0.22606559,2.5884182,220.49403,0.40582544,0.40582544,1.0,220.49403,0.711923,0.16400178,4.4554954,0.0060137957,0.432207,0.0799594,0.0,1.9401494,2.5884182,0.40582544,0.22606559,0.0,0.432207,0.22606559,0.82814074,0.40582544,1.0,0.4190162,lookahead,fk_orig2_bm0-s0to100br1-s100to200br2
/work/T-REX/external/Proteina-Complexa/inference/search_binder_local_pipeline_32_PDL1_ALPHA_REPACK_v7_r004_cand_v7r004_hyp_0004_02_003_ae5b6dc63e53e/job_0_n_220_id_18_fk_orig3_bm3-s0to100br0-s100to200br2/job_0_n_220_id_18_fk_orig3_bm3-s0to100br0-s100to200br2.pdb,75,"2,0,13,16,19,16,19,14,11,3,10,18,19,19,6,18,7,15,2,12,16,9,6,4,11,13,14,19,6,11,5,10,3,10,0,0,10,9,19,18,17,6,12,6,3,11,2,9,9,5,13,19,8,7,6,6,3,10,11,19,5,8,15,15,18,1,5,1,0,1,10,10,11,3,5,10,15,10,7,2,0,0,10,5,9,16,3,19,11,10,5,3,0,7,19,18,1,4,12,9,15,18,7,7,0,3,18,11,1,9,16,19,11,19,2,0,2,0,13,16,19,16,19,14,11,3,10,18,19,19,6,18,7,15,2,12,16,9,6,4,11,13,14,19,6,11,5,10,3,10,0,0,10,9,19,18,17,6,12,6,3,11,2,9,9,5,13,19,8,7,6,6,3,10,11,19,5,8,15,15,18,1,5,1,0,1,10,10,11,3,5,10,15,10,7,2,0,0,10,5,9,16,3,19,11,10,5,3,0,7,19,18,1,4,12,9,15,18,7,7,0,0,0,0,0,0,0,0,0,0,0,0,0",-0.5720192,0.34062967,3.0,0.017859738,40.47016,0.018134577,1.0,0.018134577,0.35014555,0.005938543,0.0,0.0,0.017859738,0.002650304,0.8465047,0.35014555,3.0066762,1.38644,40.47016,-0.5720192,3.9855788,199.67084,0.0,0.017584898,1.0,199.67084,0.2192031,0.1534953,3.0066762,0.002650304,0.011877086,0.34062967,0.0,1.38644,3.9855788,0.0,0.5720192,0.0,0.011877086,0.5720192,0.5805063,0.017584898,1.0,0.005938543,lookahead,fk_orig3_bm3-s0to100br0-s100to200br2
/work/T-REX/external/Proteina-Complexa/inference/search_binder_local_pipeline_32_PDL1_ALPHA_REPACK_v7_r004_cand_v7r004_hyp_0004_02_003_ae5b6dc63e53e/job_0_n_233_id_19_fk_orig0_bm3-s0to100br1-s100to200br3/job_0_n_233_id_19_fk_orig0_bm3-s0to100br1-s100to200br3.pdb,76,"2,0,13,16,19,16,19,14,11,3,10,18,19,19,6,18,7,15,2,12,16,9,6,4,11,13,14,19,6,11,5,10,3,10,0,0,10,9,19,18,17,6,12,6,3,11,2,9,9,5,13,19,8,7,6,6,3,10,11,19,5,8,15,15,18,1,5,1,0,1,10,10,11,3,5,10,15,10,7,2,0,0,10,5,9,16,3,19,11,10,5,3,0,7,19,18,1,4,12,9,15,18,7,7,0,3,18,11,1,9,16,19,11,19,2,0,13,16,19,16,19,14,11,3,10,18,19,19,6,18,7,15,2,12,16,9,6,4,11,13,14,19,6,11,5,10,3,10,0,0,10,9,19,18,17,6,12,6,3,11,2,9,9,5,13,19,8,7,6,6,3,10,11,19,5,8,15,15,18,1,5,1,0,1,10,10,11,3,5,10,15,10,7,2,0,0,10,5,9,16,3,19,11,10,5,3,0,7,19,18,1,4,12,9,15,18,7,7,0,3,18,11,1,9,16,19,11,19,2,0,10,2,8",-0.53589123,0.30291465,3.0,0.044783592,57.852417,0.047910236,1.0,0.047910236,0.3217653,0.012274718,0.0,0.0,0.044783592,0.013249654,0.85260636,0.3217653,4.6447654,1.3411031,57.852417,-0.53589123,3.9519634,199.06694,0.012021137,0.04165695,1.0,199.06694,0.25966683,0.14739363,4.6447654,0.013249654,0.012528298,0.30291465,0.0,1.3411031,3.9519634,0.012021137,0.53589123,0.0,0.012528298,0.53589123,0.5828047,0.04165695,1.0,0.012274718,lookahead,fk_orig0_bm3-s0to100br1-s100to200br3
/work/T-REX/external/Proteina-Complexa/inference/search_binder_local_pipeline_32_PDL1_ALPHA_REPACK_v7_r004_cand_v7r004_hyp_0004_02_003_ae5b6dc63e53e/job_0_n_211_id_19_fk_orig1_bm2-s0to100br3-s100to200br3/job_0_n_211_id_19_fk_orig1_bm2-s0to100br3-s100to200br3.pdb,77,"2,0,13,16,19,16,19,14,11,3,10,18,19,19,6,18,7,15,2,12,16,9,6,4,11,13,14,19,6,11,5,10,3,10,0,0,10,9,19,18,17,6,12,6,3,11,2,9,9,5,13,19,8,7,6,6,3,10,11,19,5,8,15,15,18,1,5,1,0,1,10,10,11,3,5,10,15,10,7,2,0,0,10,5,9,16,3,19,11,10,5,3,0,7,19,18,1,4,12,9,15,18,7,7,0,3,18,11,1,9,16,19,11,19,2,0,10,19,19,16,0,14,11,15,19,15,7,16,19,7,7,15,19,16,10,6,4,19,15,2,5,15,0,16,15,13,19,17,11,3,14,2,3,5,14,9,3,10,15,0,2,15,1,13,5,10,0,15,15,3,14,11,2,10,15,10,11,9,15,2,10,11,10,6,3,15,7,9,18,16,4,10,0,7,15,3,13,7,10,2,3,0,11,9,15,10,16,19,16,6,14,0,0,0,0,0,0,0,0,0,0,0,0,0,0,0,0,0,0,0,0,0,0",-0.6845742,0.45638022,3.0,0.0055167647,126.16571,0.0057297945,1.0,0.0057297945,0.43231997,0.0,0.0,0.0,0.0055167647,0.003615212,0.798636,0.43231997,12.280943,1.6457951,126.16571,-0.6845742,4.3578234,221.15906,0.0,0.0053037344,1.0,221.15906,0.15522185,0.20136397,12.280943,0.003615212,0.0,0.45638022,0.0,1.6457951,4.3578234,0.0,0.6845742,0.0,0.0,0.6845742,0.5625212,0.0053037344,1.0,0.0,lookahead,fk_orig1_bm2-s0to100br3-s100to200br3
/work/T-REX/external/Proteina-Complexa/inference/search_binder_local_pipeline_32_PDL1_ALPHA_REPACK_v7_r004_cand_v7r004_hyp_0004_02_003_ae5b6dc63e53e/job_0_n_198_id_19_fk_orig2_bm0-s0to100br1-s100to200br3/job_0_n_198_id_19_fk_orig2_bm0-s0to100br1-s100to200br3.pdb,78,"2,0,13,16,19,16,19,14,11,3,10,18,19,19,6,18,7,15,2,12,16,9,6,4,11,13,14,19,6,11,5,10,3,10,0,0,10,9,19,18,17,6,12,6,3,11,2,9,9,5,13,19,8,7,6,6,3,10,11,19,5,8,15,15,18,1,5,1,0,1,10,10,11,3,5,10,15,10,7,2,0,0,10,5,9,16,3,19,11,10,5,3,0,7,19,18,1,4,12,9,15,18,7,7,0,3,18,11,1,9,16,19,11,19,2,0,15,6,3,6,9,1,6,13,9,2,15,9,14,11,10,7,14,19,10,1,10,0,13,10,0,8,13,15,7,15,14,0,9,9,0,6,19,7,5,19,16,19,6,15,10,11,11,18,19,14,3,10,6,16,10,5,2,0,16,0,6,6,10,16,11,19,8,7,9,7,5,19,10,0,6,2,9,10,0,8,1,5,0,0,0,0,0,0,0,0,0,0,0,0,0,0,0,0,0,0,0,0,0,0,0,0,0,0,0,0,0,0,0,0,0,0,0",-0.23698376,0.07749231,3.0,0.4164198,67.94662,0.43553615,1.0,0.43553615,0.20599236,0.4164198,0.0,0.0,0.4164198,0.003721203,0.7993615,0.20599236,2.9939227,2.1510186,67.94662,-0.23698376,2.728999,228.52838,0.39730346,0.39730346,1.0,228.52838,0.7033663,0.20063846,2.9939227,0.003721203,0.43553615,0.07749231,0.0,2.1510186,2.728999,0.39730346,0.23698376,0.0,0.43553615,0.23698376,0.8270364,0.39730346,1.0,0.4164198,lookahead,fk_orig2_bm0-s0to100br1-s100to200br3
/work/T-REX/external/Proteina-Complexa/inference/search_binder_local_pipeline_32_PDL1_ALPHA_REPACK_v7_r004_cand_v7r004_hyp_0004_02_003_ae5b6dc63e53e/job_0_n_220_id_19_fk_orig3_bm3-s0to100br0-s100to200br3/job_0_n_220_id_19_fk_orig3_bm3-s0to100br0-s100to200br3.pdb,79,"2,0,13,16,19,16,19,14,11,3,10,18,19,19,6,18,7,15,2,12,16,9,6,4,11,13,14,19,6,11,5,10,3,10,0,0,10,9,19,18,17,6,12,6,3,11,2,9,9,5,13,19,8,7,6,6,3,10,11,19,5,8,15,15,18,1,5,1,0,1,10,10,11,3,5,10,15,10,7,2,0,0,10,5,9,16,3,19,11,10,5,3,0,7,19,18,1,4,12,9,15,18,7,7,0,3,18,11,1,9,16,19,11,19,2,0,2,0,13,16,19,16,19,14,11,3,10,18,19,19,6,18,7,15,2,12,16,9,6,4,11,13,14,19,6,11,5,10,3,10,0,0,10,9,19,18,17,6,12,6,3,11,2,9,9,5,13,19,8,7,6,6,3,10,11,19,5,8,15,15,18,1,5,1,0,1,10,10,11,3,5,10,15,10,7,2,0,0,10,5,9,16,3,19,11,10,5,3,0,7,19,18,1,4,12,9,15,18,7,7,0,0,0,0,0,0,0,0,0,0,0,0,0",-0.57040995,0.34163994,3.0,0.018884495,41.8758,0.020121077,1.0,0.020121077,0.3491787,0.005989574,0.0,0.0,0.018884495,0.0026341958,0.8468543,0.3491787,3.069302,1.384286,41.8758,-0.57040995,3.9818096,198.37129,0.0,0.017647913,1.0,198.37129,0.2202146,0.15314567,3.069302,0.0026341958,0.011979148,0.34163994,0.0,1.384286,3.9818096,0.0,0.57040995,0.0,0.011979148,0.57040995,0.58138037,0.017647913,1.0,0.005989574,lookahead,fk_orig3_bm3-s0to100br0-s100to200br3
/work/T-REX/external/Proteina-Complexa/inference/search_binder_local_pipeline_32_PDL1_ALPHA_REPACK_v7_r004_cand_v7r004_hyp_0004_02_003_ae5b6dc63e53e/job_0_n_233_id_20_fk_orig0_bm0-s0to100br2-s100to200br0/job_0_n_233_id_20_fk_orig0_bm0-s0to100br2-s100to200br0.pdb,80,"2,0,13,16,19,16,19,14,11,3,10,18,19,19,6,18,7,15,2,12,16,9,6,4,11,13,14,19,6,11,5,10,3,10,0,0,10,9,19,18,17,6,12,6,3,11,2,9,9,5,13,19,8,7,6,6,3,10,11,19,5,8,15,15,18,1,5,1,0,1,10,10,11,3,5,10,15,10,7,2,0,0,10,5,9,16,3,19,11,10,5,3,0,7,19,18,1,4,12,9,15,18,7,7,0,3,18,11,1,9,16,19,11,19,2,0,2,0,13,16,19,16,19,14,11,3,10,18,19,19,6,18,7,15,2,12,16,9,6,4,11,13,14,19,6,11,5,10,3,10,0,0,10,9,19,18,17,6,12,6,3,11,2,9,9,5,13,19,8,7,6,6,3,10,11,19,5,8,15,15,18,1,5,1,0,1,10,10,11,3,5,10,15,10,7,2,0,0,10,5,9,16,3,19,11,10,5,3,0,7,19,18,1,4,12,9,15,18,7,7,0,3,18,11,1,9,16,19,11,19,2,0,14",-0.5304034,0.29966527,3.0,0.044186607,55.284023,0.047587465,1.0,0.047587465,0.31347364,0.012233756,0.0,0.0,0.044186607,0.002915677,0.8595944,0.31347364,2.8427408,1.2867856,55.284023,-0.5304034,3.9111845,198.04825,0.011925831,0.040785745,1.0,198.04825,0.25878328,0.14040558,2.8427408,0.002915677,0.01254168,0.29966527,0.0,1.2867856,3.9111845,0.011925831,0.5304034,0.0,0.01254168,0.5304034,0.585462,0.040785745,1.0,0.012233756,lookahead,fk_orig0_bm0-s0to100br2-s100to200br0
/work/T-REX/external/Proteina-Complexa/inference/search_binder_local_pipeline_32_PDL1_ALPHA_REPACK_v7_r004_cand_v7r004_hyp_0004_02_003_ae5b6dc63e53e/job_0_n_211_id_20_fk_orig1_bm0-s0to100br2-s100to200br0/job_0_n_211_id_20_fk_orig1_bm0-s0to100br2-s100to200br0.pdb,81,"2,0,13,16,19,16,19,14,11,3,10,18,19,19,6,18,7,15,2,12,16,9,6,4,11,13,14,19,6,11,5,10,3,10,0,0,10,9,19,18,17,6,12,6,3,11,2,9,9,5,13,19,8,7,6,6,3,10,11,19,5,8,15,15,18,1,5,1,0,1,10,10,11,3,5,10,15,10,7,2,0,0,10,5,9,16,3,19,11,10,5,3,0,7,19,18,1,4,12,9,15,18,7,7,0,3,18,11,1,9,16,19,11,19,2,0,15,6,0,10,11,10,18,10,6,7,19,6,6,5,11,2,7,2,10,3,6,0,11,11,11,13,6,6,0,10,6,9,15,11,11,9,7,3,11,9,19,6,0,2,15,10,11,7,10,7,3,19,6,5,0,1,7,2,10,3,6,0,11,11,18,18,6,6,0,10,6,9,1,11,11,9,7,3,11,19,7,19,11,6,2,6,6,0,10,6,11,9,6,11,0,0,0,0,0,0,0,0,0,0,0,0,0,0,0,0,0,0,0,0,0,0,0",-0.23227789,0.099221826,3.0,0.33192307,47.190804,0.37869704,1.0,0.37869704,0.16038015,0.33192307,0.0,0.0,0.33192307,0.003281675,0.9175361,0.16038015,4.330367,1.2606477,47.190804,-0.23227789,2.6050644,209.69249,0.28514907,0.28514907,1.0,209.69249,0.6404991,0.08246391,4.330367,0.003281675,0.37869704,0.099221826,0.0,1.2606477,2.6050644,0.28514907,0.23227789,0.0,0.37869704,0.23227789,0.78049576,0.28514907,1.0,0.33192307,lookahead,fk_orig1_bm0-s0to100br2-s100to200br0
/work/T-REX/external/Proteina-Complexa/inference/search_binder_local_pipeline_32_PDL1_ALPHA_REPACK_v7_r004_cand_v7r004_hyp_0004_02_003_ae5b6dc63e53e/job_0_n_198_id_20_fk_orig2_bm0-s0to100br2-s100to200br0/job_0_n_198_id_20_fk_orig2_bm0-s0to100br2-s100to200br0.pdb,82,"2,0,13,16,19,16,19,14,11,3,10,18,19,19,6,18,7,15,2,12,16,9,6,4,11,13,14,19,6,11,5,10,3,10,0,0,10,9,19,18,17,6,12,6,3,11,2,9,9,5,13,19,8,7,6,6,3,10,11,19,5,8,15,15,18,1,5,1,0,1,10,10,11,3,5,10,15,10,7,2,0,0,10,5,9,16,3,19,11,10,5,3,0,7,19,18,1,4,12,9,15,18,7,7,0,3,18,11,1,9,16,19,11,19,2,0,0,15,19,16,13,16,3,3,5,1,10,6,10,6,6,10,15,6,3,9,6,7,0,15,9,4,7,10,7,5,15,7,15,11,10,10,1,7,10,9,11,3,7,11,0,10,16,3,0,8,1,5,9,10,19,15,0,13,15,7,5,4,16,18,4,14,11,0,15,5,14,9,10,3,18,10,6,11,10,5,6,6,0,0,0,0,0,0,0,0,0,0,0,0,0,0,0,0,0,0,0,0,0,0,0,0,0,0,0,0,0,0,0,0,0,0,0",-0.47996247,0.22244899,3.0,0.103388935,88.26292,0.112050205,1.0,0.112050205,0.41660175,0.027301205,0.0,0.0,0.103388935,0.022155022,0.58555466,0.41660175,3.844439,2.9899123,88.26292,-0.47996247,3.555961,300.71854,0.014453296,0.094727665,1.0,300.71854,0.4406367,0.41444534,3.844439,0.022155022,0.040149115,0.22244899,0.0,2.9899123,3.555961,0.014453296,0.47996247,0.0,0.040149115,0.47996247,0.6974447,0.094727665,1.0,0.027301205,lookahead,fk_orig2_bm0-s0to100br2-s100to200br0
/work/T-REX/external/Proteina-Complexa/inference/search_binder_local_pipeline_32_PDL1_ALPHA_REPACK_v7_r004_cand_v7r004_hyp_0004_02_003_ae5b6dc63e53e/job_0_n_220_id_20_fk_orig3_bm3-s0to100br3-s100to200br0/job_0_n_220_id_20_fk_orig3_bm3-s0to100br3-s100to200br0.pdb,83,"2,0,13,16,19,16,19,14,11,3,10,18,19,19,6,18,7,15,2,12,16,9,6,4,11,13,14,19,6,11,5,10,3,10,0,0,10,9,19,18,17,6,12,6,3,11,2,9,9,5,13,19,8,7,6,6,3,10,11,19,5,8,15,15,18,1,5,1,0,1,10,10,11,3,5,10,15,10,7,2,0,0,10,5,9,16,3,19,11,10,5,3,0,7,19,18,1,4,12,9,15,18,7,7,0,3,18,11,1,9,16,19,11,19,2,0,2,0,13,16,19,16,19,14,11,3,10,18,19,19,6,18,7,15,2,12,16,9,6,4,11,13,14,19,6,11,5,10,3,10,0,0,10,9,19,18,17,6,12,6,3,11,2,9,9,5,13,19,8,7,6,6,3,10,11,19,5,8,15,15,18,1,5,1,0,1,10,10,11,3,5,10,15,10,7,2,0,0,10,5,9,16,3,19,11,10,5,3,0,7,19,18,1,4,12,9,15,18,7,7,0,0,0,0,0,0,0,0,0,0,0,0,0",-0.5676338,0.33997753,3.0,0.01957255,42.08488,0.021297693,1.0,0.021297693,0.34776708,0.0059782867,0.0,0.0,0.01957255,0.0026425605,0.8468938,0.34776708,2.9826114,1.3831471,42.08488,-0.5676338,3.9764695,196.73167,0.0,0.017847408,1.0,196.73167,0.22252052,0.15310624,2.9826114,0.0026425605,0.011956573,0.33997753,0.0,1.3831471,3.9764695,0.0,0.5676338,0.0,0.011956573,0.5676338,0.5821534,0.017847408,1.0,0.0059782867,lookahead,fk_orig3_bm3-s0to100br3-s100to200br0
/work/T-REX/external/Proteina-Complexa/inference/search_binder_local_pipeline_32_PDL1_ALPHA_REPACK_v7_r004_cand_v7r004_hyp_0004_02_003_ae5b6dc63e53e/job_0_n_233_id_21_fk_orig0_bm0-s0to100br2-s100to200br1/job_0_n_233_id_21_fk_orig0_bm0-s0to100br2-s100to200br1.pdb,84,"2,0,13,16,19,16,19,14,11,3,10,18,19,19,6,18,7,15,2,12,16,9,6,4,11,13,14,19,6,11,5,10,3,10,0,0,10,9,19,18,17,6,12,6,3,11,2,9,9,5,13,19,8,7,6,6,3,10,11,19,5,8,15,15,18,1,5,1,0,1,10,10,11,3,5,10,15,10,7,2,0,0,10,5,9,16,3,19,11,10,5,3,0,7,19,18,1,4,12,9,15,18,7,7,0,3,18,11,1,9,16,19,11,19,2,0,2,0,13,16,19,16,19,14,11,3,10,18,19,19,6,18,7,15,2,12,16,9,6,4,11,13,14,19,6,11,5,10,3,10,0,0,10,9,19,18,17,6,12,6,3,11,2,9,9,5,13,19,8,7,6,6,3,10,11,19,5,8,15,15,18,1,5,1,0,1,10,10,11,3,5,10,15,10,7,2,0,0,10,5,9,16,3,19,11,10,5,3,0,7,19,18,1,4,12,9,15,18,7,7,0,3,18,11,1,9,16,19,11,19,2,0,11",-0.53645575,0.30362865,3.0,0.041718513,57.16945,0.044962686,1.0,0.044962686,0.31751332,0.0120783895,0.0,0.0,0.041718513,0.0031093513,0.85843515,0.31751332,2.9908228,1.290338,57.16945,-0.53645575,3.925659,200.30673,0.011803837,0.038474336,1.0,200.30673,0.2544552,0.14156486,2.9908228,0.0031093513,0.012352942,0.30362865,0.0,1.290338,3.925659,0.011803837,0.53645575,0.0,0.012352942,0.53645575,0.58351344,0.038474336,1.0,0.0120783895,lookahead,fk_orig0_bm0-s0to100br2-s100to200br1
/work/T-REX/external/Proteina-Complexa/inference/search_binder_local_pipeline_32_PDL1_ALPHA_REPACK_v7_r004_cand_v7r004_hyp_0004_02_003_ae5b6dc63e53e/job_0_n_211_id_21_fk_orig1_bm0-s0to100br2-s100to200br1/job_0_n_211_id_21_fk_orig1_bm0-s0to100br2-s100to200br1.pdb,85,"2,0,13,16,19,16,19,14,11,3,10,18,19,19,6,18,7,15,2,12,16,9,6,4,11,13,14,19,6,11,5,10,3,10,0,0,10,9,19,18,17,6,12,6,3,11,2,9,9,5,13,19,8,7,6,6,3,10,11,19,5,8,15,15,18,1,5,1,0,1,10,10,11,3,5,10,15,10,7,2,0,0,10,5,9,16,3,19,11,10,5,3,0,7,19,18,1,4,12,9,15,18,7,7,0,3,18,11,1,9,16,19,11,19,2,0,12,6,0,10,11,10,2,10,6,7,9,6,6,10,11,11,7,2,10,3,6,0,6,11,10,18,5,6,0,10,6,9,0,11,11,9,7,3,11,1,0,6,0,2,15,10,2,7,10,7,2,19,6,6,0,1,7,2,10,3,6,0,6,11,18,18,5,6,0,10,3,9,18,11,6,10,7,3,11,9,7,19,11,10,19,6,11,2,10,6,19,19,11,11,11,0,0,0,0,0,0,0,0,0,0,0,0,0,0,0,0,0,0,0,0,0,0",-0.2729538,0.1282274,3.0,0.25461823,26.598341,0.2810673,1.0,0.2810673,0.18395777,0.2525888,0.0,0.0,0.25461823,0.003266083,0.909073,0.18395777,1.5826573,1.3378808,26.598341,-0.2729538,2.9202366,175.70312,0.22592837,0.22816916,1.0,175.70312,0.5588182,0.09092702,1.5826573,0.003266083,0.27924922,0.1282274,0.0,1.3378808,2.9202366,0.22592837,0.2729538,0.0,0.27924922,0.2729538,0.7427961,0.22816916,1.0,0.2525888,lookahead,fk_orig1_bm0-s0to100br2-s100to200br1
/work/T-REX/external/Proteina-Complexa/inference/search_binder_local_pipeline_32_PDL1_ALPHA_REPACK_v7_r004_cand_v7r004_hyp_0004_02_003_ae5b6dc63e53e/job_0_n_198_id_21_fk_orig2_bm0-s0to100br2-s100to200br1/job_0_n_198_id_21_fk_orig2_bm0-s0to100br2-s100to200br1.pdb,86,"2,0,13,16,19,16,19,14,11,3,10,18,19,19,6,18,7,15,2,12,16,9,6,4,11,13,14,19,6,11,5,10,3,10,0,0,10,9,19,18,17,6,12,6,3,11,2,9,9,5,13,19,8,7,6,6,3,10,11,19,5,8,15,15,18,1,5,1,0,1,10,10,11,3,5,10,15,10,7,2,0,0,10,5,9,16,3,19,11,10,5,3,0,7,19,18,1,4,12,9,15,18,7,7,0,3,18,11,1,9,16,19,11,19,2,0,0,15,0,13,11,16,6,7,3,1,6,6,10,6,3,10,0,1,6,18,6,7,15,15,9,4,7,10,4,5,15,7,16,15,18,10,1,11,10,9,1,3,6,0,14,13,3,16,9,6,9,13,0,11,0,9,6,7,0,15,9,4,7,10,7,5,15,0,14,11,14,9,10,15,1,10,11,0,10,10,6,0,0,0,0,0,0,0,0,0,0,0,0,0,0,0,0,0,0,0,0,0,0,0,0,0,0,0,0,0,0,0,0,0,0,0,0",-0.61261094,0.39345816,3.0,0.019390967,126.69713,0.032756712,1.0,0.032756712,0.47619292,0.0061159935,0.0,0.0,0.019390967,0.011277678,0.5622411,0.47619292,18.881235,2.913642,126.69713,-0.61261094,4.063245,312.42346,0.0,0.0060252203,1.0,312.42346,0.22338843,0.43775892,18.881235,0.011277678,0.012231987,0.39345816,0.0,2.913642,4.063245,0.0,0.61261094,0.0,0.012231987,0.61261094,0.62082523,0.0060252203,1.0,0.0061159935,lookahead,fk_orig2_bm0-s0to100br2-s100to200br1
/work/T-REX/external/Proteina-Complexa/inference/search_binder_local_pipeline_32_PDL1_ALPHA_REPACK_v7_r004_cand_v7r004_hyp_0004_02_003_ae5b6dc63e53e/job_0_n_220_id_21_fk_orig3_bm3-s0to100br3-s100to200br1/job_0_n_220_id_21_fk_orig3_bm3-s0to100br3-s100to200br1.pdb,87,"2,0,13,16,19,16,19,14,11,3,10,18,19,19,6,18,7,15,2,12,16,9,6,4,11,13,14,19,6,11,5,10,3,10,0,0,10,9,19,18,17,6,12,6,3,11,2,9,9,5,13,19,8,7,6,6,3,10,11,19,5,8,15,15,18,1,5,1,0,1,10,10,11,3,5,10,15,10,7,2,0,0,10,5,9,16,3,19,11,10,5,3,0,7,19,18,1,4,12,9,15,18,7,7,0,3,18,11,1,9,16,19,11,19,2,0,2,0,13,16,19,16,19,14,11,3,10,18,19,19,6,18,7,15,2,12,16,9,6,4,11,13,14,19,6,11,5,10,3,10,0,0,10,9,19,18,17,6,12,6,3,11,2,9,9,5,13,19,8,7,6,6,3,10,11,19,5,8,15,15,18,1,5,1,0,1,10,10,11,3,5,10,15,10,7,2,0,0,10,5,9,16,3,19,11,10,5,3,0,7,19,18,1,4,12,9,15,18,7,7,0,0,0,0,0,0,0,0,0,0,0,0,0",-0.5714961,0.3417273,3.0,0.018340329,43.393585,0.019120816,1.0,0.019120816,0.34994605,0.005880012,0.0,0.0,0.018340329,0.0026201939,0.84693664,0.34994605,3.2722669,1.3868642,43.393585,-0.5714961,3.9859462,200.20332,0.0,0.017559841,1.0,200.20332,0.22011827,0.15306337,3.2722669,0.0026201939,0.011760024,0.3417273,0.0,1.3868642,3.9859462,0.0,0.5714961,0.0,0.011760024,0.5714961,0.5811351,0.017559841,1.0,0.005880012,lookahead,fk_orig3_bm3-s0to100br3-s100to200br1
/work/T-REX/external/Proteina-Complexa/inference/search_binder_local_pipeline_32_PDL1_ALPHA_REPACK_v7_r004_cand_v7r004_hyp_0004_02_003_ae5b6dc63e53e/job_0_n_233_id_22_fk_orig0_bm0-s0to100br2-s100to200br2/job_0_n_233_id_22_fk_orig0_bm0-s0to100br2-s100to200br2.pdb,88,"2,0,13,16,19,16,19,14,11,3,10,18,19,19,6,18,7,15,2,12,16,9,6,4,11,13,14,19,6,11,5,10,3,10,0,0,10,9,19,18,17,6,12,6,3,11,2,9,9,5,13,19,8,7,6,6,3,10,11,19,5,8,15,15,18,1,5,1,0,1,10,10,11,3,5,10,15,10,7,2,0,0,10,5,9,16,3,19,11,10,5,3,0,7,19,18,1,4,12,9,15,18,7,7,0,3,18,11,1,9,16,19,11,19,2,0,2,0,13,16,19,16,19,14,11,3,10,18,19,19,6,18,7,15,2,12,16,9,6,4,11,13,14,19,6,11,5,10,3,10,0,0,10,9,19,18,17,6,12,6,3,11,2,9,9,5,13,19,8,7,6,6,3,10,11,19,5,8,15,15,18,1,5,1,0,1,10,10,11,3,5,10,15,10,7,2,0,0,10,5,9,16,3,19,11,10,5,3,0,7,19,18,1,4,12,9,15,18,7,7,0,3,18,11,1,9,16,19,11,19,2,0,14",-0.5313927,0.30088934,3.0,0.04411853,61.51461,0.047348402,1.0,0.047348402,0.31408462,0.012330674,0.0,0.0,0.04411853,0.0028645576,0.85927564,0.31408462,2.99559,1.2893873,61.51461,-0.5313927,3.9151587,199.17128,0.012121275,0.04088866,1.0,199.17128,0.25776827,0.14072435,2.99559,0.0028645576,0.012540071,0.30088934,0.0,1.2893873,3.9151587,0.012121275,0.5313927,0.0,0.012540071,0.5313927,0.58539426,0.04088866,1.0,0.012330674,lookahead,fk_orig0_bm0-s0to100br2-s100to200br2
/work/T-REX/external/Proteina-Complexa/inference/search_binder_local_pipeline_32_PDL1_ALPHA_REPACK_v7_r004_cand_v7r004_hyp_0004_02_003_ae5b6dc63e53e/job_0_n_211_id_22_fk_orig1_bm0-s0to100br2-s100to200br2/job_0_n_211_id_22_fk_orig1_bm0-s0to100br2-s100to200br2.pdb,89,"2,0,13,16,19,16,19,14,11,3,10,18,19,19,6,18,7,15,2,12,16,9,6,4,11,13,14,19,6,11,5,10,3,10,0,0,10,9,19,18,17,6,12,6,3,11,2,9,9,5,13,19,8,7,6,6,3,10,11,19,5,8,15,15,18,1,5,1,0,1,10,10,11,3,5,10,15,10,7,2,0,0,10,5,9,16,3,19,11,10,5,3,0,7,19,18,1,4,12,9,15,18,7,7,0,3,18,11,1,9,16,19,11,19,2,0,19,6,0,10,11,10,2,10,6,7,9,6,6,10,11,11,7,2,10,3,6,0,6,11,11,18,5,6,0,10,6,9,15,11,11,9,7,3,11,8,7,6,0,2,15,10,2,7,10,7,2,19,6,6,0,11,7,2,10,3,6,0,10,11,8,18,5,6,0,10,6,9,1,5,0,9,7,3,11,10,7,9,0,6,15,11,11,6,9,6,11,9,11,0,11,0,0,0,0,0,0,0,0,0,0,0,0,0,0,0,0,0,0,0,0,0,0",-0.1745018,0.057847615,3.0,0.5576422,41.3902,0.61025727,1.0,0.61025727,0.12727606,0.5576422,0.0,0.0,0.5576422,0.0017252616,0.9412448,0.12727606,2.08153,1.2681998,41.3902,-0.1745018,2.218008,180.27039,0.50502723,0.50502723,1.0,180.27039,0.7876452,0.058755215,2.08153,0.0017252616,0.61025727,0.057847615,0.0,1.2681998,2.218008,0.50502723,0.1745018,0.0,0.61025727,0.1745018,0.84699786,0.50502723,1.0,0.5576422,lookahead,fk_orig1_bm0-s0to100br2-s100to200br2
/work/T-REX/external/Proteina-Complexa/inference/search_binder_local_pipeline_32_PDL1_ALPHA_REPACK_v7_r004_cand_v7r004_hyp_0004_02_003_ae5b6dc63e53e/job_0_n_198_id_22_fk_orig2_bm0-s0to100br2-s100to200br2/job_0_n_198_id_22_fk_orig2_bm0-s0to100br2-s100to200br2.pdb,90,"2,0,13,16,19,16,19,14,11,3,10,18,19,19,6,18,7,15,2,12,16,9,6,4,11,13,14,19,6,11,5,10,3,10,0,0,10,9,19,18,17,6,12,6,3,11,2,9,9,5,13,19,8,7,6,6,3,10,11,19,5,8,15,15,18,1,5,1,0,1,10,10,11,3,5,10,15,10,7,2,0,0,10,5,9,16,3,19,11,10,5,3,0,7,19,18,1,4,12,9,15,18,7,7,0,3,18,11,1,9,16,19,11,19,2,0,11,11,10,16,3,10,7,7,11,0,10,6,13,6,11,6,0,1,16,9,5,7,0,15,9,4,7,10,4,5,16,7,15,17,15,10,6,5,15,9,11,3,7,16,0,16,6,3,19,10,6,13,13,15,1,15,9,7,7,15,9,4,7,14,4,5,16,7,15,19,8,10,9,6,1,0,11,0,0,10,5,0,0,0,0,0,0,0,0,0,0,0,0,0,0,0,0,0,0,0,0,0,0,0,0,0,0,0,0,0,0,0,0,0,0,0,0",-0.61769015,0.42987195,3.0,0.015426181,121.554016,0.02518183,1.0,0.02518183,0.4409415,0.0059838346,0.0,0.0,0.015426181,0.0053757727,0.6516316,0.4409415,20.15899,2.498934,121.554016,-0.61769015,4.021445,307.55103,0.0,0.0056705335,1.0,307.55103,0.20853794,0.34836844,20.15899,0.0053757727,0.011967669,0.42987195,0.0,2.498934,4.021445,0.0,0.61769015,0.0,0.011967669,0.61769015,0.61436296,0.0056705335,1.0,0.0059838346,lookahead,fk_orig2_bm0-s0to100br2-s100to200br2
/work/T-REX/external/Proteina-Complexa/inference/search_binder_local_pipeline_32_PDL1_ALPHA_REPACK_v7_r004_cand_v7r004_hyp_0004_02_003_ae5b6dc63e53e/job_0_n_220_id_22_fk_orig3_bm3-s0to100br3-s100to200br2/job_0_n_220_id_22_fk_orig3_bm3-s0to100br3-s100to200br2.pdb,91,"2,0,13,16,19,16,19,14,11,3,10,18,19,19,6,18,7,15,2,12,16,9,6,4,11,13,14,19,6,11,5,10,3,10,0,0,10,9,19,18,17,6,12,6,3,11,2,9,9,5,13,19,8,7,6,6,3,10,11,19,5,8,15,15,18,1,5,1,0,1,10,10,11,3,5,10,15,10,7,2,0,0,10,5,9,16,3,19,11,10,5,3,0,7,19,18,1,4,12,9,15,18,7,7,0,3,18,11,1,9,16,19,11,19,2,0,2,0,13,16,19,16,19,14,11,3,10,18,19,19,6,18,7,15,2,12,16,9,6,4,11,13,14,19,6,11,5,10,3,10,0,0,10,9,19,18,17,6,12,6,3,11,2,9,9,5,13,19,8,7,6,6,3,10,11,19,5,8,15,15,18,1,5,1,0,1,10,10,11,3,5,10,15,10,7,2,0,0,10,5,9,16,3,19,11,10,5,3,0,7,19,18,1,4,12,9,15,18,7,7,0,0,0,0,0,0,0,0,0,0,0,0,0",-0.5669918,0.34148726,3.0,0.019167248,47.370785,0.020471025,1.0,0.020471025,0.34746796,0.0057386137,0.0,0.0,0.019167248,0.002665293,0.8474161,0.34746796,3.6174712,1.3849055,47.370785,-0.5669918,3.9744062,197.84023,0.0,0.01786347,1.0,197.84023,0.22302574,0.15258391,3.6174712,0.002665293,0.011477227,0.34148726,0.0,1.3849055,3.9744062,0.0,0.5669918,0.0,0.011477227,0.5669918,0.5827229,0.01786347,1.0,0.0057386137,lookahead,fk_orig3_bm3-s0to100br3-s100to200br2
/work/T-REX/external/Proteina-Complexa/inference/search_binder_local_pipeline_32_PDL1_ALPHA_REPACK_v7_r004_cand_v7r004_hyp_0004_02_003_ae5b6dc63e53e/job_0_n_233_id_23_fk_orig0_bm0-s0to100br2-s100to200br3/job_0_n_233_id_23_fk_orig0_bm0-s0to100br2-s100to200br3.pdb,92,"2,0,13,16,19,16,19,14,11,3,10,18,19,19,6,18,7,15,2,12,16,9,6,4,11,13,14,19,6,11,5,10,3,10,0,0,10,9,19,18,17,6,12,6,3,11,2,9,9,5,13,19,8,7,6,6,3,10,11,19,5,8,15,15,18,1,5,1,0,1,10,10,11,3,5,10,15,10,7,2,0,0,10,5,9,16,3,19,11,10,5,3,0,7,19,18,1,4,12,9,15,18,7,7,0,3,18,11,1,9,16,19,11,19,2,0,2,0,13,16,19,16,19,14,11,3,10,18,19,19,6,18,7,15,2,12,16,9,6,4,11,13,14,19,6,11,5,10,3,10,0,0,10,9,19,18,17,6,12,6,3,11,2,9,9,5,13,19,8,7,6,6,3,10,11,19,5,8,15,15,18,1,5,1,0,1,10,10,11,3,5,10,15,10,7,2,0,0,10,5,9,16,3,19,11,10,5,3,0,7,19,18,1,4,12,9,15,18,7,7,0,3,18,11,1,9,16,19,11,19,2,0,14",-0.5348218,0.30383936,3.0,0.04274407,57.677708,0.046993762,1.0,0.046993762,0.31593692,0.01209205,0.0,0.0,0.04274407,0.0029054433,0.8590637,0.31593692,3.0522056,1.2905682,57.677708,-0.5348218,3.9220364,201.14294,0.011854685,0.038494375,1.0,201.14294,0.25458175,0.1409363,3.0522056,0.0029054433,0.0123294145,0.30383936,0.0,1.2905682,3.9220364,0.011854685,0.5348218,0.0,0.0123294145,0.5348218,0.58374524,0.038494375,1.0,0.01209205,lookahead,fk_orig0_bm0-s0to100br2-s100to200br3
/work/T-REX/external/Proteina-Complexa/inference/search_binder_local_pipeline_32_PDL1_ALPHA_REPACK_v7_r004_cand_v7r004_hyp_0004_02_003_ae5b6dc63e53e/job_0_n_211_id_23_fk_orig1_bm0-s0to100br2-s100to200br3/job_0_n_211_id_23_fk_orig1_bm0-s0to100br2-s100to200br3.pdb,93,"2,0,13,16,19,16,19,14,11,3,10,18,19,19,6,18,7,15,2,12,16,9,6,4,11,13,14,19,6,11,5,10,3,10,0,0,10,9,19,18,17,6,12,6,3,11,2,9,9,5,13,19,8,7,6,6,3,10,11,19,5,8,15,15,18,1,5,1,0,1,10,10,11,3,5,10,15,10,7,2,0,0,10,5,9,16,3,19,11,10,5,3,0,7,19,18,1,4,12,9,15,18,7,7,0,3,18,11,1,9,16,19,11,19,2,0,12,6,0,10,11,10,2,10,6,7,9,6,6,5,11,11,7,2,10,3,6,0,11,11,11,18,6,11,0,10,6,9,0,5,11,15,7,3,11,11,19,6,0,10,15,18,5,7,10,7,2,9,6,6,11,1,7,2,10,3,6,0,11,11,18,18,6,11,0,10,6,9,18,11,11,9,7,3,11,19,7,19,11,10,9,6,6,6,10,11,11,9,6,6,11,0,0,0,0,0,0,0,0,0,0,0,0,0,0,0,0,0,0,0,0,0,0",-0.23934999,0.104583755,3.0,0.30985114,33.0795,0.35777736,1.0,0.35777736,0.1650035,0.30955416,0.0,0.0,0.30985114,0.0030586545,0.9175614,0.1650035,2.7346141,1.3172932,33.0795,-0.23934999,2.6500793,181.96542,0.261331,0.26192492,1.0,181.96542,0.62797433,0.0824386,2.7346141,0.0030586545,0.35777736,0.104583755,0.0,1.3172932,2.6500793,0.261331,0.23934999,0.0,0.35777736,0.23934999,0.76939386,0.26192492,1.0,0.30955416,lookahead,fk_orig1_bm0-s0to100br2-s100to200br3
/work/T-REX/external/Proteina-Complexa/inference/search_binder_local_pipeline_32_PDL1_ALPHA_REPACK_v7_r004_cand_v7r004_hyp_0004_02_003_ae5b6dc63e53e/job_0_n_198_id_23_fk_orig2_bm0-s0to100br2-s100to200br3/job_0_n_198_id_23_fk_orig2_bm0-s0to100br2-s100to200br3.pdb,94,"2,0,13,16,19,16,19,14,11,3,10,18,19,19,6,18,7,15,2,12,16,9,6,4,11,13,14,19,6,11,5,10,3,10,0,0,10,9,19,18,17,6,12,6,3,11,2,9,9,5,13,19,8,7,6,6,3,10,11,19,5,8,15,15,18,1,5,1,0,1,10,10,11,3,5,10,15,10,7,2,0,0,10,5,9,16,3,19,11,10,5,3,0,7,19,18,1,4,12,9,15,18,7,7,0,3,18,11,1,9,16,19,11,19,2,0,0,19,9,16,18,16,14,6,5,11,6,9,10,1,3,6,13,1,0,9,6,7,0,15,9,4,7,2,4,5,15,7,15,1,0,10,10,1,12,10,2,3,7,16,0,16,3,1,9,9,3,13,0,6,16,10,6,7,0,15,9,4,7,15,4,5,19,14,15,1,15,9,9,1,1,10,11,0,10,5,6,0,0,0,0,0,0,0,0,0,0,0,0,0,0,0,0,0,0,0,0,0,0,0,0,0,0,0,0,0,0,0,0,0,0,0,0",-0.6461448,0.44120046,3.0,0.016915454,123.83699,0.02840838,1.0,0.02840838,0.4883865,0.0062920246,0.0,0.0,0.016915454,0.008157616,0.5420847,0.4883865,14.450984,3.0061686,123.83699,-0.6461448,4.052688,326.07425,0.0,0.0054225274,1.0,326.07425,0.20984241,0.4579153,14.450984,0.008157616,0.012584049,0.44120046,0.0,3.0061686,4.052688,0.0,0.6461448,0.0,0.012584049,0.6461448,0.6153778,0.0054225274,1.0,0.0062920246,lookahead,fk_orig2_bm0-s0to100br2-s100to200br3
/work/T-REX/external/Proteina-Complexa/inference/search_binder_local_pipeline_32_PDL1_ALPHA_REPACK_v7_r004_cand_v7r004_hyp_0004_02_003_ae5b6dc63e53e/job_0_n_220_id_23_fk_orig3_bm3-s0to100br3-s100to200br3/job_0_n_220_id_23_fk_orig3_bm3-s0to100br3-s100to200br3.pdb,95,"2,0,13,16,19,16,19,14,11,3,10,18,19,19,6,18,7,15,2,12,16,9,6,4,11,13,14,19,6,11,5,10,3,10,0,0,10,9,19,18,17,6,12,6,3,11,2,9,9,5,13,19,8,7,6,6,3,10,11,19,5,8,15,15,18,1,5,1,0,1,10,10,11,3,5,10,15,10,7,2,0,0,10,5,9,16,3,19,11,10,5,3,0,7,19,18,1,4,12,9,15,18,7,7,0,3,18,11,1,9,16,19,11,19,2,0,2,0,13,16,19,16,19,14,11,3,10,18,19,19,6,18,7,15,2,12,16,9,6,4,11,13,14,19,6,11,5,10,3,10,0,0,10,9,19,18,17,6,12,6,3,11,2,9,9,5,13,19,8,7,6,6,3,10,11,19,5,8,15,15,18,1,5,1,0,1,10,10,11,3,5,10,15,10,7,2,0,0,10,5,9,16,3,19,11,10,5,3,0,7,19,18,1,4,12,9,15,18,7,7,0,0,0,0,0,0,0,0,0,0,0,0,0",-0.5687749,0.34099,3.0,0.019078758,42.480267,0.020363132,1.0,0.020363132,0.34837195,0.0059356536,0.0,0.0,0.019078758,0.0026146518,0.8467897,0.34837195,3.14626,1.3858169,42.480267,-0.5687749,3.9785175,201.12791,0.0,0.017794382,1.0,201.12791,0.22079568,0.1532103,3.14626,0.0026146518,0.011871307,0.34099,0.0,1.3858169,3.9785175,0.0,0.5687749,0.0,0.011871307,0.5687749,0.58143085,0.017794382,1.0,0.0059356536,lookahead,fk_orig3_bm3-s0to100br3-s100to200br3
/work/T-REX/external/Proteina-Complexa/inference/search_binder_local_pipeline_32_PDL1_ALPHA_REPACK_v7_r004_cand_v7r004_hyp_0004_02_003_ae5b6dc63e53e/job_0_n_233_id_24_fk_orig0_bm1-s0to100br2-s100to200br0/job_0_n_233_id_24_fk_orig0_bm1-s0to100br2-s100to200br0.pdb,96,"2,0,13,16,19,16,19,14,11,3,10,18,19,19,6,18,7,15,2,12,16,9,6,4,11,13,14,19,6,11,5,10,3,10,0,0,10,9,19,18,17,6,12,6,3,11,2,9,9,5,13,19,8,7,6,6,3,10,11,19,5,8,15,15,18,1,5,1,0,1,10,10,11,3,5,10,15,10,7,2,0,0,10,5,9,16,3,19,11,10,5,3,0,7,19,18,1,4,12,9,15,18,7,7,0,3,18,11,1,9,16,19,11,19,2,0,2,0,13,16,19,16,19,14,11,3,10,18,19,19,6,18,7,15,2,12,16,9,6,4,11,13,14,19,6,11,5,10,3,10,0,0,10,9,19,18,17,6,12,6,3,11,2,9,9,5,13,19,8,7,6,6,3,10,11,19,5,8,15,15,18,1,5,1,0,1,10,10,11,3,5,10,15,10,7,2,0,0,10,5,9,16,3,19,11,10,5,3,0,7,19,18,1,4,12,9,15,18,7,7,0,3,18,11,1,9,16,19,11,19,2,0,14",-0.52753454,0.29713282,3.0,0.047536965,75.098625,0.04981814,1.0,0.04981814,0.3124548,0.012467755,0.0,0.0,0.047536965,0.0028236331,0.85858226,0.3124548,2.7397122,1.2936951,75.098625,-0.52753454,3.9054878,211.50722,0.012340162,0.04525579,1.0,211.50722,0.26246366,0.14141771,2.7397122,0.0028236331,0.012595349,0.29713282,0.0,1.2936951,3.9054878,0.012340162,0.52753454,0.0,0.012595349,0.52753454,0.58698475,0.04525579,1.0,0.012467755,lookahead,fk_orig0_bm1-s0to100br2-s100to200br0
/work/T-REX/external/Proteina-Complexa/inference/search_binder_local_pipeline_32_PDL1_ALPHA_REPACK_v7_r004_cand_v7r004_hyp_0004_02_003_ae5b6dc63e53e/job_0_n_211_id_24_fk_orig1_bm0-s0to100br3-s100to200br0/job_0_n_211_id_24_fk_orig1_bm0-s0to100br3-s100to200br0.pdb,97,"2,0,13,16,19,16,19,14,11,3,10,18,19,19,6,18,7,15,2,12,16,9,6,4,11,13,14,19,6,11,5,10,3,10,0,0,10,9,19,18,17,6,12,6,3,11,2,9,9,5,13,19,8,7,6,6,3,10,11,19,5,8,15,15,18,1,5,1,0,1,10,10,11,3,5,10,15,10,7,2,0,0,10,5,9,16,3,19,11,10,5,3,0,7,19,18,1,4,12,9,15,18,7,7,0,3,18,11,1,9,16,19,11,19,2,0,15,19,16,5,14,11,16,6,18,16,7,15,19,7,7,15,19,16,10,6,4,11,19,11,15,11,18,14,9,16,5,19,16,17,16,11,2,7,5,10,10,3,10,15,3,14,1,18,11,10,10,3,14,5,11,7,2,0,15,10,5,9,15,2,10,11,10,6,3,15,7,19,18,5,4,9,19,5,16,10,0,7,16,8,16,15,7,16,0,16,10,16,19,15,0,0,0,0,0,0,0,0,0,0,0,0,0,0,0,0,0,0,0,0,0,0,0",-0.5478989,0.27214393,3.0,0.045701914,103.89839,0.060699135,1.0,0.060699135,0.35500476,0.01238418,0.0,0.0,0.045701914,0.0039537903,0.856169,0.35500476,15.033346,1.5806329,103.89839,-0.5478989,4.772351,166.79338,0.011790479,0.030704694,1.0,166.79338,0.32462597,0.143831,15.033346,0.0039537903,0.01297788,0.27214393,0.0,1.5806329,4.772351,0.011790479,0.5478989,0.0,0.01297788,0.5478989,0.6281889,0.030704694,1.0,0.01238418,lookahead,fk_orig1_bm0-s0to100br3-s100to200br0
/work/T-REX/external/Proteina-Complexa/inference/search_binder_local_pipeline_32_PDL1_ALPHA_REPACK_v7_r004_cand_v7r004_hyp_0004_02_003_ae5b6dc63e53e/job_0_n_198_id_24_fk_orig2_bm0-s0to100br1-s100to200br0/job_0_n_198_id_24_fk_orig2_bm0-s0to100br1-s100to200br0.pdb,98,"2,0,13,16,19,16,19,14,11,3,10,18,19,19,6,18,7,15,2,12,16,9,6,4,11,13,14,19,6,11,5,10,3,10,0,0,10,9,19,18,17,6,12,6,3,11,2,9,9,5,13,19,8,7,6,6,3,10,11,19,5,8,15,15,18,1,5,1,0,1,10,10,11,3,5,10,15,10,7,2,0,0,10,5,9,16,3,19,11,10,5,3,0,7,19,18,1,4,12,9,15,18,7,7,0,3,18,11,1,9,16,19,11,19,2,0,15,3,6,6,9,15,6,13,9,2,15,9,14,11,10,7,15,19,10,1,10,0,13,10,15,8,13,15,7,15,3,18,9,19,8,6,13,7,6,11,15,0,5,15,10,1,6,11,19,14,15,10,6,16,10,11,2,0,16,0,6,6,10,16,15,19,1,7,9,7,14,19,10,0,5,15,9,19,3,8,1,2,0,0,0,0,0,0,0,0,0,0,0,0,0,0,0,0,0,0,0,0,0,0,0,0,0,0,0,0,0,0,0,0,0,0,0",-0.19890465,0.06093445,3.0,0.4963461,58.908363,0.50560325,1.0,0.50560325,0.16617966,0.4963461,0.0,0.0,0.4963461,0.0046396456,0.8510859,0.16617966,3.245424,1.9307306,58.908363,-0.19890465,2.5526233,239.49103,0.48708892,0.48708892,1.0,239.49103,0.75493264,0.14891413,3.245424,0.0046396456,0.50560325,0.06093445,0.0,1.9307306,2.5526233,0.48708892,0.19890465,0.0,0.50560325,0.19890465,0.85003334,0.48708892,1.0,0.4963461,lookahead,fk_orig2_bm0-s0to100br1-s100to200br0
/work/T-REX/external/Proteina-Complexa/inference/search_binder_local_pipeline_32_PDL1_ALPHA_REPACK_v7_r004_cand_v7r004_hyp_0004_02_003_ae5b6dc63e53e/job_0_n_220_id_24_fk_orig3_bm0-s0to100br2-s100to200br0/job_0_n_220_id_24_fk_orig3_bm0-s0to100br2-s100to200br0.pdb,99,"2,0,13,16,19,16,19,14,11,3,10,18,19,19,6,18,7,15,2,12,16,9,6,4,11,13,14,19,6,11,5,10,3,10,0,0,10,9,19,18,17,6,12,6,3,11,2,9,9,5,13,19,8,7,6,6,3,10,11,19,5,8,15,15,18,1,5,1,0,1,10,10,11,3,5,10,15,10,7,2,0,0,10,5,9,16,3,19,11,10,5,3,0,7,19,18,1,4,12,9,15,18,7,7,0,3,18,11,1,9,16,19,11,19,2,0,0,13,11,19,2,19,14,11,14,10,18,16,19,6,6,7,0,2,19,16,10,6,4,11,14,15,11,15,19,3,10,15,7,2,13,15,19,16,17,11,2,14,5,11,16,16,19,19,5,13,15,15,7,11,6,16,19,18,3,14,1,13,11,10,10,11,15,2,13,15,10,10,9,16,3,16,1,10,15,3,15,7,9,18,6,4,9,19,13,18,7,7,0,3,0,11,16,9,5,10,2,19,2,14,0,0,0,0,0,0,0,0,0,0,0,0,0",-0.3412139,0.14298815,3.0,0.1950137,82.1866,0.19854663,1.0,0.19854663,0.23573785,0.17831117,0.0,0.0,0.1950137,0.0029757414,0.86792636,0.23573785,5.287533,1.5658832,82.1866,-0.3412139,3.2076194,219.4392,0.177957,0.19148076,1.0,219.4392,0.58910793,0.13207367,5.287533,0.0029757414,0.17866534,0.14298815,0.0,1.5658832,3.2076194,0.177957,0.3412139,0.0,0.17866534,0.3412139,0.7488588,0.19148076,1.0,0.17831117,lookahead,fk_orig3_bm0-s0to100br2-s100to200br0
/work/T-REX/external/Proteina-Complexa/inference/search_binder_local_pipeline_32_PDL1_ALPHA_REPACK_v7_r004_cand_v7r004_hyp_0004_02_003_ae5b6dc63e53e/job_0_n_233_id_25_fk_orig0_bm1-s0to100br2-s100to200br1/job_0_n_233_id_25_fk_orig0_bm1-s0to100br2-s100to200br1.pdb,100,"2,0,13,16,19,16,19,14,11,3,10,18,19,19,6,18,7,15,2,12,16,9,6,4,11,13,14,19,6,11,5,10,3,10,0,0,10,9,19,18,17,6,12,6,3,11,2,9,9,5,13,19,8,7,6,6,3,10,11,19,5,8,15,15,18,1,5,1,0,1,10,10,11,3,5,10,15,10,7,2,0,0,10,5,9,16,3,19,11,10,5,3,0,7,19,18,1,4,12,9,15,18,7,7,0,3,18,11,1,9,16,19,11,19,2,0,2,0,13,16,19,16,19,14,11,3,10,18,19,19,6,18,7,15,2,12,16,9,6,4,11,13,14,19,6,11,5,10,3,10,0,0,10,9,19,18,17,6,12,6,3,11,2,9,9,5,13,19,8,7,6,6,3,10,11,19,5,8,15,15,18,1,5,1,0,1,10,10,11,3,5,10,15,10,7,2,0,0,10,5,9,16,3,19,11,10,5,3,0,7,19,18,1,4,12,9,15,18,7,7,0,3,18,11,1,9,16,19,11,19,2,0,14",-0.5354522,0.30523387,3.0,0.04093378,77.70998,0.044429902,1.0,0.044429902,0.316775,0.012110282,0.0,0.0,0.04093378,0.0028732966,0.85822487,0.316775,2.860012,1.2992324,77.70998,-0.5354522,3.9235702,211.25854,0.01177693,0.037437662,1.0,211.25854,0.25685334,0.1417751,2.860012,0.0028732966,0.012443634,0.30523387,0.0,1.2992324,3.9235702,0.01177693,0.5354522,0.0,0.012443634,0.5354522,0.5838301,0.037437662,1.0,0.012110282,lookahead,fk_orig0_bm1-s0to100br2-s100to200br1
/work/T-REX/external/Proteina-Complexa/inference/search_binder_local_pipeline_32_PDL1_ALPHA_REPACK_v7_r004_cand_v7r004_hyp_0004_02_003_ae5b6dc63e53e/job_0_n_211_id_25_fk_orig1_bm0-s0to100br3-s100to200br1/job_0_n_211_id_25_fk_orig1_bm0-s0to100br3-s100to200br1.pdb,101,"2,0,13,16,19,16,19,14,11,3,10,18,19,19,6,18,7,15,2,12,16,9,6,4,11,13,14,19,6,11,5,10,3,10,0,0,10,9,19,18,17,6,12,6,3,11,2,9,9,5,13,19,8,7,6,6,3,10,11,19,5,8,15,15,18,1,5,1,0,1,10,10,11,3,5,10,15,10,7,2,0,0,10,5,9,16,3,19,11,10,5,3,0,7,19,18,1,4,12,9,15,18,7,7,0,3,18,11,1,9,16,19,11,19,2,0,15,19,16,5,14,11,11,15,18,15,0,0,0,7,0,15,19,16,10,6,4,11,19,15,15,1,18,14,9,16,11,19,16,17,16,11,2,7,5,10,10,3,10,15,2,14,1,18,11,10,10,2,19,0,6,7,2,0,15,10,5,9,16,3,10,1,10,6,3,15,7,2,18,5,4,19,19,6,16,10,3,7,16,13,16,15,6,15,0,16,10,16,19,16,0,0,0,0,0,0,0,0,0,0,0,0,0,0,0,0,0,0,0,0,0,0,0",-0.53967583,0.2671406,3.0,0.046993107,107.62301,0.060774077,1.0,0.060774077,0.3496722,0.012555098,0.0,0.0,0.046993107,0.002653909,0.85723054,0.3496722,16.171824,1.5972847,107.62301,-0.53967583,4.8063188,164.94772,0.012418614,0.033212133,1.0,164.94772,0.30705327,0.14276949,16.171824,0.002653909,0.012691582,0.2671406,0.0,1.5972847,4.8063188,0.012418614,0.53967583,0.0,0.012691582,0.53967583,0.6209818,0.033212133,1.0,0.012555098,lookahead,fk_orig1_bm0-s0to100br3-s100to200br1
/work/T-REX/external/Proteina-Complexa/inference/search_binder_local_pipeline_32_PDL1_ALPHA_REPACK_v7_r004_cand_v7r004_hyp_0004_02_003_ae5b6dc63e53e/job_0_n_198_id_25_fk_orig2_bm0-s0to100br1-s100to200br1/job_0_n_198_id_25_fk_orig2_bm0-s0to100br1-s100to200br1.pdb,102,"2,0,13,16,19,16,19,14,11,3,10,18,19,19,6,18,7,15,2,12,16,9,6,4,11,13,14,19,6,11,5,10,3,10,0,0,10,9,19,18,17,6,12,6,3,11,2,9,9,5,13,19,8,7,6,6,3,10,11,19,5,8,15,15,18,1,5,1,0,1,10,10,11,3,5,10,15,10,7,2,0,0,10,5,9,16,3,19,11,10,5,3,0,7,19,18,1,4,12,9,15,18,7,7,0,3,18,11,1,9,16,19,11,19,2,0,15,6,6,6,9,1,6,13,9,2,15,9,14,11,10,7,1,19,10,1,10,0,13,10,10,8,13,15,7,0,11,2,0,19,0,6,19,7,6,16,10,10,5,15,10,1,6,11,19,14,15,10,6,19,10,11,2,0,16,0,6,6,10,16,6,19,8,7,9,7,14,19,10,0,5,2,9,19,3,8,1,0,0,0,0,0,0,0,0,0,0,0,0,0,0,0,0,0,0,0,0,0,0,0,0,0,0,0,0,0,0,0,0,0,0,0,0",-0.35218713,0.1647694,3.0,0.18124571,79.37066,0.18264812,1.0,0.18264812,0.28610817,0.16838792,0.0,0.0,0.18124571,0.00474374,0.7367531,0.28610817,3.4287498,2.2110312,79.37066,-0.35218713,3.2689538,255.76756,0.16269758,0.17984329,1.0,255.76756,0.5428716,0.26324686,3.4287498,0.00474374,0.17407827,0.1647694,0.0,2.2110312,3.2689538,0.16269758,0.35218713,0.0,0.17407827,0.35218713,0.75641143,0.17984329,1.0,0.16838792,lookahead,fk_orig2_bm0-s0to100br1-s100to200br1
/work/T-REX/external/Proteina-Complexa/inference/search_binder_local_pipeline_32_PDL1_ALPHA_REPACK_v7_r004_cand_v7r004_hyp_0004_02_003_ae5b6dc63e53e/job_0_n_220_id_25_fk_orig3_bm0-s0to100br2-s100to200br1/job_0_n_220_id_25_fk_orig3_bm0-s0to100br2-s100to200br1.pdb,103,"2,0,13,16,19,16,19,14,11,3,10,18,19,19,6,18,7,15,2,12,16,9,6,4,11,13,14,19,6,11,5,10,3,10,0,0,10,9,19,18,17,6,12,6,3,11,2,9,9,5,13,19,8,7,6,6,3,10,11,19,5,8,15,15,18,1,5,1,0,1,10,10,11,3,5,10,15,10,7,2,0,0,10,5,9,16,3,19,11,10,5,3,0,7,19,18,1,4,12,9,15,18,7,7,0,3,18,11,1,9,16,19,11,19,2,0,0,13,11,19,9,16,14,11,3,10,18,16,19,16,6,7,2,2,19,16,10,6,4,11,14,15,11,11,9,6,2,11,11,3,10,15,9,10,17,11,2,14,5,3,5,11,19,9,5,18,15,11,7,6,19,16,16,18,3,14,1,13,3,10,2,6,3,16,13,15,10,9,9,11,3,0,11,14,15,3,15,7,9,18,6,4,10,19,13,18,7,7,0,3,15,0,16,19,6,10,2,19,16,13,0,0,0,0,0,0,0,0,0,0,0,0,0",-0.31125468,0.13812691,3.0,0.21507004,58.1637,0.22193784,1.0,0.22193784,0.21144263,0.2093952,0.0,0.0,0.21507004,0.00233772,0.89188313,0.21144263,3.3837209,1.4874076,58.1637,-0.31125468,3.3415387,199.4906,0.20257656,0.20820226,1.0,199.4906,0.59585476,0.10811687,3.3837209,0.00233772,0.21621385,0.13812691,0.0,1.4874076,3.3415387,0.20257656,0.31125468,0.0,0.21621385,0.31125468,0.75836354,0.20820226,1.0,0.2093952,lookahead,fk_orig3_bm0-s0to100br2-s100to200br1
/work/T-REX/external/Proteina-Complexa/inference/search_binder_local_pipeline_32_PDL1_ALPHA_REPACK_v7_r004_cand_v7r004_hyp_0004_02_003_ae5b6dc63e53e/job_0_n_233_id_26_fk_orig0_bm1-s0to100br2-s100to200br2/job_0_n_233_id_26_fk_orig0_bm1-s0to100br2-s100to200br2.pdb,104,"2,0,13,16,19,16,19,14,11,3,10,18,19,19,6,18,7,15,2,12,16,9,6,4,11,13,14,19,6,11,5,10,3,10,0,0,10,9,19,18,17,6,12,6,3,11,2,9,9,5,13,19,8,7,6,6,3,10,11,19,5,8,15,15,18,1,5,1,0,1,10,10,11,3,5,10,15,10,7,2,0,0,10,5,9,16,3,19,11,10,5,3,0,7,19,18,1,4,12,9,15,18,7,7,0,3,18,11,1,9,16,19,11,19,2,0,2,0,13,16,19,16,19,14,11,3,10,18,19,19,6,18,7,15,2,12,16,9,6,4,11,13,14,19,6,11,5,10,3,10,0,0,10,9,19,18,17,6,12,6,3,11,2,9,9,5,13,19,8,7,6,6,3,10,11,19,5,8,15,15,18,1,5,1,0,1,10,10,11,3,5,10,15,10,7,2,0,0,10,5,9,16,3,19,11,10,5,3,0,7,19,18,1,4,12,9,15,18,7,7,0,3,18,11,1,9,16,19,11,19,2,0,14",-0.5307654,0.29852098,3.0,0.043840352,75.30287,0.04678596,1.0,0.04678596,0.31399402,0.012352121,0.0,0.0,0.043840352,0.002962249,0.8583759,0.31399402,2.8535721,1.2917155,75.30287,-0.5307654,3.9137323,209.993,0.012133802,0.040894743,1.0,209.993,0.2585414,0.14162406,2.8535721,0.002962249,0.01257044,0.29852098,0.0,1.2917155,3.9137323,0.012133802,0.5307654,0.0,0.01257044,0.5307654,0.585229,0.040894743,1.0,0.012352121,lookahead,fk_orig0_bm1-s0to100br2-s100to200br2
/work/T-REX/external/Proteina-Complexa/inference/search_binder_local_pipeline_32_PDL1_ALPHA_REPACK_v7_r004_cand_v7r004_hyp_0004_02_003_ae5b6dc63e53e/job_0_n_211_id_26_fk_orig1_bm0-s0to100br3-s100to200br2/job_0_n_211_id_26_fk_orig1_bm0-s0to100br3-s100to200br2.pdb,105,"2,0,13,16,19,16,19,14,11,3,10,18,19,19,6,18,7,15,2,12,16,9,6,4,11,13,14,19,6,11,5,10,3,10,0,0,10,9,19,18,17,6,12,6,3,11,2,9,9,5,13,19,8,7,6,6,3,10,11,19,5,8,15,15,18,1,5,1,0,1,10,10,11,3,5,10,15,10,7,2,0,0,10,5,9,16,3,19,11,10,5,3,0,7,19,18,1,4,12,9,15,18,7,7,0,3,18,11,1,9,16,19,11,19,2,0,15,19,16,19,14,11,16,6,18,15,0,15,19,7,15,15,19,16,10,6,4,11,13,15,15,11,18,14,19,19,15,19,16,17,16,11,2,7,11,10,9,16,6,15,3,1,13,11,13,10,11,5,18,15,15,7,2,0,15,10,5,9,15,2,10,5,10,15,3,15,7,19,18,5,4,19,19,11,16,10,7,7,16,13,16,15,0,2,9,16,10,16,19,10,0,0,0,0,0,0,0,0,0,0,0,0,0,0,0,0,0,0,0,0,0,0,0",-0.29382697,0.0992956,3.0,0.2607779,97.35519,0.31008127,1.0,0.31008127,0.2082844,0.25829002,0.0,0.0,0.2607779,0.0016794412,0.90716976,0.2082844,15.159295,1.4585662,97.35519,-0.29382697,4.6885085,159.1572,0.20649879,0.21147452,1.0,159.1572,0.62317485,0.09283024,15.159295,0.0016794412,0.31008127,0.0992956,0.0,1.4585662,4.6885085,0.20649879,0.29382697,0.0,0.31008127,0.29382697,0.75722146,0.21147452,1.0,0.25829002,lookahead,fk_orig1_bm0-s0to100br3-s100to200br2
/work/T-REX/external/Proteina-Complexa/inference/search_binder_local_pipeline_32_PDL1_ALPHA_REPACK_v7_r004_cand_v7r004_hyp_0004_02_003_ae5b6dc63e53e/job_0_n_198_id_26_fk_orig2_bm0-s0to100br1-s100to200br2/job_0_n_198_id_26_fk_orig2_bm0-s0to100br1-s100to200br2.pdb,106,"2,0,13,16,19,16,19,14,11,3,10,18,19,19,6,18,7,15,2,12,16,9,6,4,11,13,14,19,6,11,5,10,3,10,0,0,10,9,19,18,17,6,12,6,3,11,2,9,9,5,13,19,8,7,6,6,3,10,11,19,5,8,15,15,18,1,5,1,0,1,10,10,11,3,5,10,15,10,7,2,0,0,10,5,9,16,3,19,11,10,5,3,0,7,19,18,1,4,12,9,15,18,7,7,0,3,18,11,1,9,16,19,11,19,2,0,15,3,6,6,9,1,6,13,9,2,15,9,14,3,10,11,15,19,10,11,10,0,13,10,9,8,13,7,7,7,11,8,15,19,0,7,19,7,3,11,10,10,6,15,10,1,6,11,19,14,15,10,3,19,10,11,15,0,16,6,6,6,10,16,5,19,18,7,9,7,14,19,16,0,5,11,9,19,0,8,1,5,0,0,0,0,0,0,0,0,0,0,0,0,0,0,0,0,0,0,0,0,0,0,0,0,0,0,0,0,0,0,0,0,0,0,0",-0.2966848,0.11517721,3.0,0.27624503,92.024925,0.2772645,1.0,0.2772645,0.25315988,0.2756699,0.0,0.0,0.27624503,0.0055901436,0.7497612,0.25315988,5.1294074,2.3030455,92.024925,-0.2966848,3.0258543,268.75623,0.27522555,0.27522555,1.0,268.75623,0.6183949,0.25023875,5.1294074,0.0055901436,0.27611426,0.11517721,0.0,2.3030455,3.0258543,0.27522555,0.2966848,0.0,0.27611426,0.2966848,0.7895794,0.27522555,1.0,0.2756699,lookahead,fk_orig2_bm0-s0to100br1-s100to200br2
/work/T-REX/external/Proteina-Complexa/inference/search_binder_local_pipeline_32_PDL1_ALPHA_REPACK_v7_r004_cand_v7r004_hyp_0004_02_003_ae5b6dc63e53e/job_0_n_220_id_26_fk_orig3_bm0-s0to100br2-s100to200br2/job_0_n_220_id_26_fk_orig3_bm0-s0to100br2-s100to200br2.pdb,107,"2,0,13,16,19,16,19,14,11,3,10,18,19,19,6,18,7,15,2,12,16,9,6,4,11,13,14,19,6,11,5,10,3,10,0,0,10,9,19,18,17,6,12,6,3,11,2,9,9,5,13,19,8,7,6,6,3,10,11,19,5,8,15,15,18,1,5,1,0,1,10,10,11,3,5,10,15,10,7,2,0,0,10,5,9,16,3,19,11,10,5,3,0,7,19,18,1,4,12,9,15,18,7,7,0,3,18,11,1,9,16,19,11,19,2,0,0,13,16,19,2,19,14,11,14,15,18,16,19,5,0,7,15,2,19,16,10,6,4,11,14,15,11,0,9,16,3,11,15,10,10,15,19,10,17,11,2,14,5,3,5,11,10,19,5,18,15,11,7,11,19,16,19,18,3,15,1,13,10,10,3,16,11,16,13,15,10,16,9,11,3,16,11,14,15,3,15,7,19,18,6,4,19,19,13,18,7,7,0,3,15,11,16,9,5,10,2,19,10,0,0,0,0,0,0,0,0,0,0,0,0,0,0",-0.28917274,0.1140317,3.0,0.26402086,64.32981,0.27190718,1.0,0.27190718,0.20082165,0.2635861,0.0,0.0,0.26402086,0.0014166741,0.8854146,0.20082165,3.7413676,1.4795122,64.32981,-0.28917274,3.228568,195.47488,0.25565693,0.25613457,1.0,195.47488,0.63078564,0.11458543,3.7413676,0.0014166741,0.27151525,0.1140317,0.0,1.4795122,3.228568,0.25565693,0.28917274,0.0,0.27151525,0.28917274,0.7765313,0.25613457,1.0,0.2635861,lookahead,fk_orig3_bm0-s0to100br2-s100to200br2
/work/T-REX/external/Proteina-Complexa/inference/search_binder_local_pipeline_32_PDL1_ALPHA_REPACK_v7_r004_cand_v7r004_hyp_0004_02_003_ae5b6dc63e53e/job_0_n_233_id_27_fk_orig0_bm1-s0to100br2-s100to200br3/job_0_n_233_id_27_fk_orig0_bm1-s0to100br2-s100to200br3.pdb,108,"2,0,13,16,19,16,19,14,11,3,10,18,19,19,6,18,7,15,2,12,16,9,6,4,11,13,14,19,6,11,5,10,3,10,0,0,10,9,19,18,17,6,12,6,3,11,2,9,9,5,13,19,8,7,6,6,3,10,11,19,5,8,15,15,18,1,5,1,0,1,10,10,11,3,5,10,15,10,7,2,0,0,10,5,9,16,3,19,11,10,5,3,0,7,19,18,1,4,12,9,15,18,7,7,0,3,18,11,1,9,16,19,11,19,2,0,2,0,13,16,19,16,19,14,11,3,10,18,19,19,6,18,7,15,2,12,16,9,6,4,11,13,14,19,6,11,5,10,3,10,0,0,10,9,19,18,17,6,12,6,3,11,2,9,9,5,13,19,8,7,6,6,3,10,11,19,5,8,15,15,18,1,5,1,0,1,10,10,11,3,5,10,15,10,7,2,0,0,10,5,9,16,3,19,11,10,5,3,0,7,19,18,1,4,12,9,15,18,7,7,0,3,18,11,1,9,16,19,11,19,2,0,11",-0.5288932,0.29666865,3.0,0.047013007,74.10444,0.04969156,1.0,0.04969156,0.31402445,0.012438411,0.0,0.0,0.047013007,0.0030646927,0.8576215,0.31402445,2.9580965,1.295057,74.10444,-0.5288932,3.9081078,211.27422,0.012297079,0.044334453,1.0,211.27422,0.26244414,0.1423785,2.9580965,0.0030646927,0.012579742,0.29666865,0.0,1.295057,3.9081078,0.012297079,0.5288932,0.0,0.012579742,0.5288932,0.5867486,0.044334453,1.0,0.012438411,lookahead,fk_orig0_bm1-s0to100br2-s100to200br3
/work/T-REX/external/Proteina-Complexa/inference/search_binder_local_pipeline_32_PDL1_ALPHA_REPACK_v7_r004_cand_v7r004_hyp_0004_02_003_ae5b6dc63e53e/job_0_n_211_id_27_fk_orig1_bm0-s0to100br3-s100to200br3/job_0_n_211_id_27_fk_orig1_bm0-s0to100br3-s100to200br3.pdb,109,"2,0,13,16,19,16,19,14,11,3,10,18,19,19,6,18,7,15,2,12,16,9,6,4,11,13,14,19,6,11,5,10,3,10,0,0,10,9,19,18,17,6,12,6,3,11,2,9,9,5,13,19,8,7,6,6,3,10,11,19,5,8,15,15,18,1,5,1,0,1,10,10,11,3,5,10,15,10,7,2,0,0,10,5,9,16,3,19,11,10,5,3,0,7,19,18,1,4,12,9,15,18,7,7,0,3,18,11,1,9,16,19,11,19,2,0,15,19,16,5,14,11,16,6,18,15,0,2,9,7,15,15,19,16,10,6,4,2,19,15,15,1,18,14,9,16,11,19,16,17,16,11,2,7,5,16,10,3,10,15,2,14,1,18,11,10,10,2,19,15,5,7,2,0,15,10,5,9,15,2,10,11,14,6,3,0,7,19,18,5,4,19,19,6,16,10,0,7,16,13,16,15,2,16,0,11,10,16,19,2,0,0,0,0,0,0,0,0,0,0,0,0,0,0,0,0,0,0,0,0,0,0,0",-0.49953353,0.226647,3.0,0.07230989,106.565956,0.090035245,1.0,0.090035245,0.32797733,0.014843701,0.0,0.0,0.07230989,0.0026303574,0.86190736,0.32797733,17.373463,1.5801579,106.565956,-0.49953353,4.801111,163.31688,0.013971247,0.054584533,1.0,163.31688,0.34497774,0.13809265,17.373463,0.0026303574,0.015716156,0.226647,0.0,1.5801579,4.801111,0.013971247,0.49953353,0.0,0.015716156,0.49953353,0.6370591,0.054584533,1.0,0.014843701,lookahead,fk_orig1_bm0-s0to100br3-s100to200br3
/work/T-REX/external/Proteina-Complexa/inference/search_binder_local_pipeline_32_PDL1_ALPHA_REPACK_v7_r004_cand_v7r004_hyp_0004_02_003_ae5b6dc63e53e/job_0_n_198_id_27_fk_orig2_bm0-s0to100br1-s100to200br3/job_0_n_198_id_27_fk_orig2_bm0-s0to100br1-s100to200br3.pdb,110,"2,0,13,16,19,16,19,14,11,3,10,18,19,19,6,18,7,15,2,12,16,9,6,4,11,13,14,19,6,11,5,10,3,10,0,0,10,9,19,18,17,6,12,6,3,11,2,9,9,5,13,19,8,7,6,6,3,10,11,19,5,8,15,15,18,1,5,1,0,1,10,10,11,3,5,10,15,10,7,2,0,0,10,5,9,16,3,19,11,10,5,3,0,7,19,18,1,4,12,9,15,18,7,7,0,3,18,11,1,9,16,19,11,19,2,0,15,3,6,6,9,1,6,13,9,2,15,9,14,11,10,7,5,19,10,1,16,0,13,10,12,8,13,15,7,0,11,18,0,12,7,6,19,7,6,11,16,10,6,15,10,1,11,18,19,14,15,10,6,19,10,11,2,0,16,0,6,6,10,16,11,19,8,7,9,7,14,19,9,0,5,2,9,9,3,8,1,0,0,0,0,0,0,0,0,0,0,0,0,0,0,0,0,0,0,0,0,0,0,0,0,0,0,0,0,0,0,0,0,0,0,0,0",-0.33273306,0.18266825,3.0,0.16965225,51.59371,0.17063768,1.0,0.17063768,0.24645168,0.15474966,0.0,0.0,0.16965225,0.0028504096,0.82441556,0.24645168,2.939954,1.8775965,51.59371,-0.33273306,3.2551193,207.94177,0.14276105,0.16866682,1.0,207.94177,0.52468526,0.17558444,2.939954,0.0028504096,0.16673827,0.18266825,0.0,1.8775965,3.2551193,0.14276105,0.33273306,0.0,0.16673827,0.33273306,0.7397914,0.16866682,1.0,0.15474966,lookahead,fk_orig2_bm0-s0to100br1-s100to200br3
/work/T-REX/external/Proteina-Complexa/inference/search_binder_local_pipeline_32_PDL1_ALPHA_REPACK_v7_r004_cand_v7r004_hyp_0004_02_003_ae5b6dc63e53e/job_0_n_220_id_27_fk_orig3_bm0-s0to100br2-s100to200br3/job_0_n_220_id_27_fk_orig3_bm0-s0to100br2-s100to200br3.pdb,111,"2,0,13,16,19,16,19,14,11,3,10,18,19,19,6,18,7,15,2,12,16,9,6,4,11,13,14,19,6,11,5,10,3,10,0,0,10,9,19,18,17,6,12,6,3,11,2,9,9,5,13,19,8,7,6,6,3,10,11,19,5,8,15,15,18,1,5,1,0,1,10,10,11,3,5,10,15,10,7,2,0,0,10,5,9,16,3,19,11,10,5,3,0,7,19,18,1,4,12,9,15,18,7,7,0,3,18,11,1,9,16,19,11,19,2,0,0,10,19,19,16,16,14,11,3,10,18,15,19,5,0,7,0,2,19,16,10,6,4,11,14,15,11,14,10,15,11,10,15,2,13,15,10,10,17,11,2,14,5,3,5,11,19,19,5,18,15,15,7,6,19,16,19,18,3,14,1,13,11,10,3,16,15,16,7,15,10,9,9,15,3,16,11,14,15,3,15,7,19,18,6,4,10,19,13,7,3,7,0,3,15,11,11,9,16,10,2,19,16,7,0,0,0,0,0,0,0,0,0,0,0,0,0",-0.658108,0.3921649,3.0,0.005969642,107.79235,0.0062296945,1.0,0.0062296945,0.40047225,0.0,0.0,0.0,0.005969642,0.002375276,0.8248907,0.40047225,10.744753,1.5244482,107.79235,-0.658108,4.3391075,234.76184,0.0,0.00570959,1.0,234.76184,0.16952468,0.17510933,10.744753,0.002375276,0.0,0.3921649,0.0,1.5244482,4.3391075,0.0,0.658108,0.0,0.0,0.658108,0.55799115,0.00570959,1.0,0.0,lookahead,fk_orig3_bm0-s0to100br2-s100to200br3
/work/T-REX/external/Proteina-Complexa/inference/search_binder_local_pipeline_32_PDL1_ALPHA_REPACK_v7_r004_cand_v7r004_hyp_0004_02_003_ae5b6dc63e53e/job_0_n_233_id_28_fk_orig0_bm0-s0to100br2-s100to200br0/job_0_n_233_id_28_fk_orig0_bm0-s0to100br2-s100to200br0.pdb,112,"2,0,13,16,19,16,19,14,11,3,10,18,19,19,6,18,7,15,2,12,16,9,6,4,11,13,14,19,6,11,5,10,3,10,0,0,10,9,19,18,17,6,12,6,3,11,2,9,9,5,13,19,8,7,6,6,3,10,11,19,5,8,15,15,18,1,5,1,0,1,10,10,11,3,5,10,15,10,7,2,0,0,10,5,9,16,3,19,11,10,5,3,0,7,19,18,1,4,12,9,15,18,7,7,0,3,18,11,1,9,16,19,11,19,2,0,2,0,13,16,19,16,19,14,11,3,10,18,19,19,6,18,7,15,2,12,16,9,6,4,11,13,14,19,6,11,5,10,3,10,0,0,10,9,19,18,17,6,12,6,3,11,2,9,9,5,13,19,8,7,6,6,3,10,11,19,5,8,15,15,18,1,5,1,0,1,10,10,11,3,5,10,15,10,7,2,0,0,10,5,9,16,3,19,11,10,5,3,0,7,19,18,1,4,12,9,15,18,7,7,0,3,18,11,1,9,16,19,11,19,2,0,14",-0.5365924,0.30578798,3.0,0.041408032,57.385498,0.04574481,1.0,0.04574481,0.31679678,0.012001348,0.0,0.0,0.041408032,0.002942848,0.8593687,0.31679678,3.1580646,1.291179,57.385498,-0.5365924,3.9275208,199.41487,0.011673581,0.037071258,1.0,199.41487,0.2543122,0.14063135,3.1580646,0.002942848,0.012329115,0.30578798,0.0,1.291179,3.9275208,0.011673581,0.5365924,0.0,0.012329115,0.5365924,0.5832157,0.037071258,1.0,0.012001348,lookahead,fk_orig0_bm0-s0to100br2-s100to200br0
/work/T-REX/external/Proteina-Complexa/inference/search_binder_local_pipeline_32_PDL1_ALPHA_REPACK_v7_r004_cand_v7r004_hyp_0004_02_003_ae5b6dc63e53e/job_0_n_211_id_28_fk_orig1_bm0-s0to100br0-s100to200br0/job_0_n_211_id_28_fk_orig1_bm0-s0to100br0-s100to200br0.pdb,113,"2,0,13,16,19,16,19,14,11,3,10,18,19,19,6,18,7,15,2,12,16,9,6,4,11,13,14,19,6,11,5,10,3,10,0,0,10,9,19,18,17,6,12,6,3,11,2,9,9,5,13,19,8,7,6,6,3,10,11,19,5,8,15,15,18,1,5,1,0,1,10,10,11,3,5,10,15,10,7,2,0,0,10,5,9,16,3,19,11,10,5,3,0,7,19,18,1,4,12,9,15,18,7,7,0,3,18,11,1,9,16,19,11,19,2,0,10,16,13,14,11,11,15,18,15,19,16,6,7,15,15,19,16,10,6,4,11,0,15,6,16,10,16,15,15,19,19,17,11,11,2,3,19,15,9,3,10,6,15,6,15,15,1,13,11,10,10,3,15,7,16,2,0,15,10,5,9,16,2,16,1,19,7,3,15,7,10,18,5,4,10,7,0,2,15,11,7,10,0,0,15,3,7,0,5,10,16,19,16,6,14,0,0,0,0,0,0,0,0,0,0,0,0,0,0,0,0,0,0,0,0,0,0",-0.60535914,0.34197393,3.0,0.00882698,126.64955,0.01157929,1.0,0.01157929,0.40040877,0.005825354,0.0,0.0,0.00882698,0.005119505,0.7465714,0.40040877,22.093111,1.7599663,126.64955,-0.60535914,4.175379,229.96841,0.0,0.006074671,1.0,229.96841,0.2127645,0.2534286,22.093111,0.005119505,0.011650708,0.34197393,0.0,1.7599663,4.175379,0.0,0.60535914,0.0,0.011650708,0.60535914,0.59045506,0.006074671,1.0,0.005825354,lookahead,fk_orig1_bm0-s0to100br0-s100to200br0
/work/T-REX/external/Proteina-Complexa/inference/search_binder_local_pipeline_32_PDL1_ALPHA_REPACK_v7_r004_cand_v7r004_hyp_0004_02_003_ae5b6dc63e53e/job_0_n_198_id_28_fk_orig2_bm0-s0to100br1-s100to200br0/job_0_n_198_id_28_fk_orig2_bm0-s0to100br1-s100to200br0.pdb,114,"2,0,13,16,19,16,19,14,11,3,10,18,19,19,6,18,7,15,2,12,16,9,6,4,11,13,14,19,6,11,5,10,3,10,0,0,10,9,19,18,17,6,12,6,3,11,2,9,9,5,13,19,8,7,6,6,3,10,11,19,5,8,15,15,18,1,5,1,0,1,10,10,11,3,5,10,15,10,7,2,0,0,10,5,9,16,3,19,11,10,5,3,0,7,19,18,1,4,12,9,15,18,7,7,0,3,18,11,1,9,16,19,11,19,2,0,16,6,6,6,9,1,6,13,9,2,15,9,14,1,19,7,5,16,10,1,16,0,13,10,10,8,13,15,7,0,11,8,16,12,0,7,19,7,6,15,10,12,6,15,10,1,11,8,19,14,15,19,3,19,10,1,2,0,16,19,6,6,10,16,11,19,3,7,19,7,14,19,16,0,5,2,9,19,3,13,13,5,0,0,0,0,0,0,0,0,0,0,0,0,0,0,0,0,0,0,0,0,0,0,0,0,0,0,0,0,0,0,0,0,0,0,0",-0.2852405,0.14124869,3.0,0.23722604,77.90222,0.23929982,1.0,0.23929982,0.22390267,0.23664087,0.0,0.0,0.23722604,0.002475878,0.8092135,0.22390267,3.5708234,1.9372053,77.90222,-0.2852405,3.0706506,229.58507,0.23398192,0.23515224,1.0,229.58507,0.60332906,0.1907865,3.5708234,0.002475878,0.23929982,0.14124869,0.0,1.9372053,3.0706506,0.23398192,0.2852405,0.0,0.23929982,0.2852405,0.77838933,0.23515224,1.0,0.23664087,lookahead,fk_orig2_bm0-s0to100br1-s100to200br0
/work/T-REX/external/Proteina-Complexa/inference/search_binder_local_pipeline_32_PDL1_ALPHA_REPACK_v7_r004_cand_v7r004_hyp_0004_02_003_ae5b6dc63e53e/job_0_n_220_id_28_fk_orig3_bm2-s0to100br0-s100to200br0/job_0_n_220_id_28_fk_orig3_bm2-s0to100br0-s100to200br0.pdb,115,"2,0,13,16,19,16,19,14,11,3,10,18,19,19,6,18,7,15,2,12,16,9,6,4,11,13,14,19,6,11,5,10,3,10,0,0,10,9,19,18,17,6,12,6,3,11,2,9,9,5,13,19,8,7,6,6,3,10,11,19,5,8,15,15,18,1,5,1,0,1,10,10,11,3,5,10,15,10,7,2,0,0,10,5,9,16,3,19,11,10,5,3,0,7,19,18,1,4,12,9,15,18,7,7,0,3,18,11,1,9,16,19,11,19,2,0,19,16,10,11,11,9,2,11,6,9,16,11,16,14,10,8,10,0,0,3,7,7,8,10,6,9,19,6,11,10,10,11,15,15,18,3,6,2,19,14,7,3,11,2,7,18,16,0,10,8,10,0,0,8,7,7,8,10,6,9,19,6,11,10,10,11,15,15,0,19,13,11,6,7,3,8,2,7,18,16,0,10,8,10,0,0,8,7,7,8,10,6,9,19,6,18,10,10,11,15,10,11,3,2,0,0,0,0,0,0,0,0,0,0,0,0,0",-0.6330012,0.39315033,3.0,0.012950683,133.77652,0.019939618,1.0,0.019939618,0.42475498,0.005588485,0.0,0.0,0.012950683,0.019958753,0.70011246,0.42475498,19.273558,2.1529274,133.77652,-0.6330012,4.1967454,280.6758,0.0,0.005961747,1.0,280.6758,0.20763332,0.2998875,19.273558,0.019958753,0.01117697,0.39315033,0.0,2.1529274,4.1967454,0.0,0.6330012,0.0,0.01117697,0.6330012,0.57500833,0.005961747,1.0,0.005588485,lookahead,fk_orig3_bm2-s0to100br0-s100to200br0
/work/T-REX/external/Proteina-Complexa/inference/search_binder_local_pipeline_32_PDL1_ALPHA_REPACK_v7_r004_cand_v7r004_hyp_0004_02_003_ae5b6dc63e53e/job_0_n_233_id_29_fk_orig0_bm0-s0to100br2-s100to200br1/job_0_n_233_id_29_fk_orig0_bm0-s0to100br2-s100to200br1.pdb,116,"2,0,13,16,19,16,19,14,11,3,10,18,19,19,6,18,7,15,2,12,16,9,6,4,11,13,14,19,6,11,5,10,3,10,0,0,10,9,19,18,17,6,12,6,3,11,2,9,9,5,13,19,8,7,6,6,3,10,11,19,5,8,15,15,18,1,5,1,0,1,10,10,11,3,5,10,15,10,7,2,0,0,10,5,9,16,3,19,11,10,5,3,0,7,19,18,1,4,12,9,15,18,7,7,0,3,18,11,1,9,16,19,11,19,2,0,2,0,13,16,19,16,19,14,11,3,10,18,19,19,6,18,7,15,2,12,16,9,6,4,11,13,14,19,6,11,5,10,3,10,0,0,10,9,19,18,17,6,12,6,3,11,2,9,9,5,13,19,8,7,6,6,3,10,11,19,5,8,15,15,18,1,5,1,0,1,10,10,11,3,5,10,15,10,7,2,0,0,10,5,9,16,3,19,11,10,5,3,0,7,19,18,1,4,12,9,15,18,7,7,0,3,18,11,1,9,16,19,11,19,2,0,14",-0.527494,0.2975235,3.0,0.04763385,59.672447,0.04983429,1.0,0.04983429,0.31218818,0.012447366,0.0,0.0,0.04763385,0.0029245717,0.8590756,0.31218818,3.0669088,1.2875766,59.672447,-0.527494,3.9068925,199.32242,0.012186708,0.04543341,1.0,199.32242,0.2607988,0.14092441,3.0669088,0.0029245717,0.012708023,0.2975235,0.0,1.2875766,3.9068925,0.012186708,0.527494,0.0,0.012708023,0.527494,0.5865948,0.04543341,1.0,0.012447366,lookahead,fk_orig0_bm0-s0to100br2-s100to200br1
/work/T-REX/external/Proteina-Complexa/inference/search_binder_local_pipeline_32_PDL1_ALPHA_REPACK_v7_r004_cand_v7r004_hyp_0004_02_003_ae5b6dc63e53e/job_0_n_211_id_29_fk_orig1_bm0-s0to100br0-s100to200br1/job_0_n_211_id_29_fk_orig1_bm0-s0to100br0-s100to200br1.pdb,117,"2,0,13,16,19,16,19,14,11,3,10,18,19,19,6,18,7,15,2,12,16,9,6,4,11,13,14,19,6,11,5,10,3,10,0,0,10,9,19,18,17,6,12,6,3,11,2,9,9,5,13,19,8,7,6,6,3,10,11,19,5,8,15,15,18,1,5,1,0,1,10,10,11,3,5,10,15,10,7,2,0,0,10,5,9,16,3,19,11,10,5,3,0,7,19,18,1,4,12,9,15,18,7,7,0,3,18,11,1,9,16,19,11,19,2,0,10,16,13,3,11,14,16,18,15,19,16,6,7,0,2,19,16,10,16,4,16,0,15,5,6,10,16,16,14,9,19,17,11,11,2,6,5,15,9,3,10,6,0,15,6,7,1,13,11,19,16,2,15,7,16,6,8,18,10,16,9,16,3,16,1,10,15,3,15,7,15,18,6,4,10,7,0,2,12,3,7,9,0,0,15,2,14,0,5,10,16,19,16,15,0,0,0,0,0,0,0,0,0,0,0,0,0,0,0,0,0,0,0,0,0,0,0",-0.19120033,0.062025115,3.0,0.5191965,72.99772,0.5328285,1.0,0.5328285,0.14917754,0.5191965,0.0,0.0,0.5191965,0.0019599895,0.9275025,0.14917754,3.6428037,1.346334,72.99772,-0.19120033,3.0525572,165.99272,0.5055646,0.5055646,1.0,165.99272,0.76225585,0.07249751,3.6428037,0.0019599895,0.5328285,0.062025115,0.0,1.346334,3.0525572,0.5055646,0.19120033,0.0,0.5328285,0.19120033,0.848512,0.5055646,1.0,0.5191965,lookahead,fk_orig1_bm0-s0to100br0-s100to200br1
/work/T-REX/external/Proteina-Complexa/inference/search_binder_local_pipeline_32_PDL1_ALPHA_REPACK_v7_r004_cand_v7r004_hyp_0004_02_003_ae5b6dc63e53e/job_0_n_198_id_29_fk_orig2_bm0-s0to100br1-s100to200br1/job_0_n_198_id_29_fk_orig2_bm0-s0to100br1-s100to200br1.pdb,118,"2,0,13,16,19,16,19,14,11,3,10,18,19,19,6,18,7,15,2,12,16,9,6,4,11,13,14,19,6,11,5,10,3,10,0,0,10,9,19,18,17,6,12,6,3,11,2,9,9,5,13,19,8,7,6,6,3,10,11,19,5,8,15,15,18,1,5,1,0,1,10,10,11,3,5,10,15,10,7,2,0,0,10,5,9,16,3,19,11,10,5,3,0,7,19,18,1,4,12,9,15,18,7,7,0,3,18,11,1,9,16,19,11,19,2,0,15,3,11,6,9,15,16,13,9,2,15,9,14,6,10,11,5,19,10,1,2,7,13,10,15,19,10,15,7,15,11,8,14,13,7,6,19,7,14,19,10,18,5,15,10,11,6,11,19,14,2,10,6,16,10,5,2,0,16,0,6,5,10,16,15,19,8,7,9,7,14,19,16,0,6,11,9,9,0,0,1,2,0,0,0,0,0,0,0,0,0,0,0,0,0,0,0,0,0,0,0,0,0,0,0,0,0,0,0,0,0,0,0,0,0,0,0",-0.1387825,0.042067125,3.0,0.70678496,38.94031,0.73387885,1.0,0.73387885,0.11413101,0.70678496,0.0,0.0,0.70678496,0.0017089226,0.94295293,0.11413101,1.64523,1.4261746,38.94031,-0.1387825,2.085399,169.14836,0.679691,0.679691,1.0,169.14836,0.85585845,0.05704705,1.64523,0.0017089226,0.73387885,0.042067125,0.0,1.4261746,2.085399,0.679691,0.1387825,0.0,0.73387885,0.1387825,0.8959704,0.679691,1.0,0.70678496,lookahead,fk_orig2_bm0-s0to100br1-s100to200br1
/work/T-REX/external/Proteina-Complexa/inference/search_binder_local_pipeline_32_PDL1_ALPHA_REPACK_v7_r004_cand_v7r004_hyp_0004_02_003_ae5b6dc63e53e/job_0_n_220_id_29_fk_orig3_bm2-s0to100br0-s100to200br1/job_0_n_220_id_29_fk_orig3_bm2-s0to100br0-s100to200br1.pdb,119,"2,0,13,16,19,16,19,14,11,3,10,18,19,19,6,18,7,15,2,12,16,9,6,4,11,13,14,19,6,11,5,10,3,10,0,0,10,9,19,18,17,6,12,6,3,11,2,9,9,5,13,19,8,7,6,6,3,10,11,19,5,8,15,15,18,1,5,1,0,1,10,10,11,3,5,10,15,10,7,2,0,0,10,5,9,16,3,19,11,10,5,3,0,7,19,18,1,4,12,9,15,18,7,7,0,3,18,11,1,9,16,19,11,19,2,0,19,11,10,15,10,11,1,14,3,7,16,10,16,14,10,8,10,0,0,1,6,7,8,10,6,9,19,6,19,10,10,11,15,2,11,19,2,16,18,11,0,3,11,3,7,18,16,14,10,8,10,0,0,1,6,7,8,10,6,9,19,6,0,10,10,11,15,8,0,5,14,10,6,7,3,8,2,7,10,16,14,10,8,10,0,0,11,7,7,8,10,6,9,19,6,13,10,10,11,15,19,2,5,16,0,0,0,0,0,0,0,0,0,0,0,0,0",-0.60832286,0.36791044,3.0,0.023265522,156.26195,0.040618237,1.0,0.040618237,0.44352356,0.0061511886,0.0,0.0,0.023265522,0.09095904,0.6809286,0.44352356,21.079168,2.1075702,156.26195,-0.60832286,4.208961,329.9265,0.0,0.005912807,1.0,329.9265,0.24690709,0.3190714,21.079168,0.09095904,0.012302377,0.36791044,0.0,2.1075702,4.208961,0.0,0.60832286,0.0,0.012302377,0.60832286,0.5909323,0.005912807,1.0,0.0061511886,lookahead,fk_orig3_bm2-s0to100br0-s100to200br1
/work/T-REX/external/Proteina-Complexa/inference/search_binder_local_pipeline_32_PDL1_ALPHA_REPACK_v7_r004_cand_v7r004_hyp_0004_02_003_ae5b6dc63e53e/job_0_n_233_id_30_fk_orig0_bm0-s0to100br2-s100to200br2/job_0_n_233_id_30_fk_orig0_bm0-s0to100br2-s100to200br2.pdb,120,"2,0,13,16,19,16,19,14,11,3,10,18,19,19,6,18,7,15,2,12,16,9,6,4,11,13,14,19,6,11,5,10,3,10,0,0,10,9,19,18,17,6,12,6,3,11,2,9,9,5,13,19,8,7,6,6,3,10,11,19,5,8,15,15,18,1,5,1,0,1,10,10,11,3,5,10,15,10,7,2,0,0,10,5,9,16,3,19,11,10,5,3,0,7,19,18,1,4,12,9,15,18,7,7,0,3,18,11,1,9,16,19,11,19,2,0,2,0,13,16,19,16,19,14,11,3,10,18,19,19,6,18,7,15,2,12,16,9,6,4,11,13,14,19,6,11,5,10,3,10,0,0,10,9,19,18,17,6,12,6,3,11,2,9,9,5,13,19,8,7,6,6,3,10,11,19,5,8,15,15,18,1,5,1,0,1,10,10,11,3,5,10,15,10,7,2,0,0,10,5,9,16,3,19,11,10,5,3,0,7,19,18,1,4,12,9,15,18,7,7,0,3,18,11,1,9,16,19,11,19,2,0,14",-0.5328849,0.30405107,3.0,0.04328001,60.865105,0.04705446,1.0,0.04705446,0.3150093,0.012136417,0.0,0.0,0.04328001,0.0028721178,0.8593917,0.3150093,3.178904,1.2903461,60.865105,-0.5328849,3.9177206,196.75949,0.011865014,0.03950556,1.0,196.75949,0.2582435,0.14060831,3.178904,0.0028721178,0.012407821,0.30405107,0.0,1.2903461,3.9177206,0.011865014,0.5328849,0.0,0.012407821,0.5328849,0.58520097,0.03950556,1.0,0.012136417,lookahead,fk_orig0_bm0-s0to100br2-s100to200br2
/work/T-REX/external/Proteina-Complexa/inference/search_binder_local_pipeline_32_PDL1_ALPHA_REPACK_v7_r004_cand_v7r004_hyp_0004_02_003_ae5b6dc63e53e/job_0_n_211_id_30_fk_orig1_bm0-s0to100br0-s100to200br2/job_0_n_211_id_30_fk_orig1_bm0-s0to100br0-s100to200br2.pdb,121,"2,0,13,16,19,16,19,14,11,3,10,18,19,19,6,18,7,15,2,12,16,9,6,4,11,13,14,19,6,11,5,10,3,10,0,0,10,9,19,18,17,6,12,6,3,11,2,9,9,5,13,19,8,7,6,6,3,10,11,19,5,8,15,15,18,1,5,1,0,1,10,10,11,3,5,10,15,10,7,2,0,0,10,5,9,16,3,19,11,10,5,3,0,7,19,18,1,4,12,9,15,18,7,7,0,3,18,11,1,9,16,19,11,19,2,0,10,16,13,14,11,15,15,18,16,19,16,6,7,6,2,19,16,10,6,4,19,0,15,6,16,10,16,15,14,19,19,17,11,11,7,11,3,16,14,9,3,10,5,0,3,15,1,13,11,10,10,2,2,7,10,2,8,15,10,10,9,5,2,16,11,10,15,3,15,7,15,18,5,4,10,7,0,2,2,13,7,9,0,0,15,3,16,0,5,10,16,19,11,0,14,0,0,0,0,0,0,0,0,0,0,0,0,0,0,0,0,0,0,0,0,0,0",-0.59938693,0.36438075,3.0,0.008802998,112.636314,0.011409879,1.0,0.011409879,0.38942984,0.0055084527,0.0,0.0,0.008802998,0.0033298312,0.7975074,0.38942984,9.202884,1.6703231,112.636314,-0.59938693,4.173692,221.97156,0.0,0.0061961166,1.0,221.97156,0.21147227,0.20249261,9.202884,0.0033298312,0.011016905,0.36438075,0.0,1.6703231,4.173692,0.0,0.59938693,0.0,0.011016905,0.59938693,0.58940077,0.0061961166,1.0,0.0055084527,lookahead,fk_orig1_bm0-s0to100br0-s100to200br2
/work/T-REX/external/Proteina-Complexa/inference/search_binder_local_pipeline_32_PDL1_ALPHA_REPACK_v7_r004_cand_v7r004_hyp_0004_02_003_ae5b6dc63e53e/job_0_n_198_id_30_fk_orig2_bm0-s0to100br1-s100to200br2/job_0_n_198_id_30_fk_orig2_bm0-s0to100br1-s100to200br2.pdb,122,"2,0,13,16,19,16,19,14,11,3,10,18,19,19,6,18,7,15,2,12,16,9,6,4,11,13,14,19,6,11,5,10,3,10,0,0,10,9,19,18,17,6,12,6,3,11,2,9,9,5,13,19,8,7,6,6,3,10,11,19,5,8,15,15,18,1,5,1,0,1,10,10,11,3,5,10,15,10,7,2,0,0,10,5,9,16,3,19,11,10,5,3,0,7,19,18,1,4,12,9,15,18,7,7,0,3,18,11,1,9,16,19,11,19,2,0,10,15,16,6,6,11,6,18,9,2,15,9,14,8,10,7,15,19,10,11,10,2,13,10,0,8,13,15,7,15,15,18,9,16,0,6,7,3,6,11,16,19,5,15,10,1,6,11,19,14,15,19,6,19,10,11,2,0,16,19,6,6,10,16,6,19,8,7,9,7,14,19,9,0,5,15,9,19,3,15,1,2,0,0,0,0,0,0,0,0,0,0,0,0,0,0,0,0,0,0,0,0,0,0,0,0,0,0,0,0,0,0,0,0,0,0,0",-0.20859466,0.071868956,3.0,0.45513725,46.01442,0.45691195,1.0,0.45691195,0.17338601,0.45513725,0.0,0.0,0.45513725,0.0055665686,0.85817105,0.17338601,3.135101,1.8497561,46.01442,-0.20859466,2.6223757,201.02888,0.45336255,0.45336255,1.0,201.02888,0.7518767,0.14182895,3.135101,0.0055665686,0.45691195,0.071868956,0.0,1.8497561,2.6223757,0.45336255,0.20859466,0.0,0.45691195,0.20859466,0.8427292,0.45336255,1.0,0.45513725,lookahead,fk_orig2_bm0-s0to100br1-s100to200br2
/work/T-REX/external/Proteina-Complexa/inference/search_binder_local_pipeline_32_PDL1_ALPHA_REPACK_v7_r004_cand_v7r004_hyp_0004_02_003_ae5b6dc63e53e/job_0_n_220_id_30_fk_orig3_bm2-s0to100br0-s100to200br2/job_0_n_220_id_30_fk_orig3_bm2-s0to100br0-s100to200br2.pdb,123,"2,0,13,16,19,16,19,14,11,3,10,18,19,19,6,18,7,15,2,12,16,9,6,4,11,13,14,19,6,11,5,10,3,10,0,0,10,9,19,18,17,6,12,6,3,11,2,9,9,5,13,19,8,7,6,6,3,10,11,19,5,8,15,15,18,1,5,1,0,1,10,10,11,3,5,10,15,10,7,2,0,0,10,5,9,16,3,19,11,10,5,3,0,7,19,18,1,4,12,9,15,18,7,7,0,3,18,11,1,9,16,19,11,19,2,0,19,11,10,15,14,9,14,3,15,6,11,11,2,14,6,3,10,0,1,3,0,7,8,6,6,4,19,6,19,10,15,11,4,14,3,8,10,12,6,18,7,3,11,5,7,18,16,0,10,8,10,0,0,11,6,7,8,10,6,4,19,6,19,10,4,11,15,8,0,10,9,8,9,7,3,11,2,7,18,16,0,10,8,10,0,0,10,7,7,8,10,6,4,19,6,19,10,15,11,15,0,2,14,16,0,0,0,0,0,0,0,0,0,0,0,0,0",-0.5585849,0.36479533,3.0,0.030794034,139.9888,0.055533107,1.0,0.055533107,0.3909899,0.0064023035,0.0,0.0,0.030794034,0.018630609,0.7057297,0.3909899,19.460836,2.178977,139.9888,-0.5585849,4.081725,297.1738,0.0,0.0060549616,1.0,297.1738,0.27602163,0.29427028,19.460836,0.018630609,0.012804607,0.36479533,0.0,2.178977,4.081725,0.0,0.5585849,0.0,0.012804607,0.5585849,0.6070275,0.0060549616,1.0,0.0064023035,lookahead,fk_orig3_bm2-s0to100br0-s100to200br2
/work/T-REX/external/Proteina-Complexa/inference/search_binder_local_pipeline_32_PDL1_ALPHA_REPACK_v7_r004_cand_v7r004_hyp_0004_02_003_ae5b6dc63e53e/job_0_n_233_id_31_fk_orig0_bm0-s0to100br2-s100to200br3/job_0_n_233_id_31_fk_orig0_bm0-s0to100br2-s100to200br3.pdb,124,"2,0,13,16,19,16,19,14,11,3,10,18,19,19,6,18,7,15,2,12,16,9,6,4,11,13,14,19,6,11,5,10,3,10,0,0,10,9,19,18,17,6,12,6,3,11,2,9,9,5,13,19,8,7,6,6,3,10,11,19,5,8,15,15,18,1,5,1,0,1,10,10,11,3,5,10,15,10,7,2,0,0,10,5,9,16,3,19,11,10,5,3,0,7,19,18,1,4,12,9,15,18,7,7,0,3,18,11,1,9,16,19,11,19,2,0,2,0,13,16,19,16,19,14,11,3,10,18,19,19,6,18,7,15,2,12,16,9,6,4,11,13,14,19,6,11,5,10,3,10,0,0,10,9,19,18,17,6,12,6,3,11,2,9,9,5,13,19,8,7,6,6,3,10,11,19,5,8,15,15,18,1,5,1,0,1,10,10,11,3,5,10,15,10,7,2,0,0,10,5,9,16,3,19,11,10,5,3,0,7,19,18,1,4,12,9,15,18,7,7,0,3,18,11,1,9,16,19,11,19,2,0,14",-0.53537244,0.30398116,3.0,0.041642282,60.820324,0.04499061,1.0,0.04499061,0.31621227,0.012022487,0.0,0.0,0.041642282,0.0028886069,0.8592409,0.31621227,3.4212344,1.2903135,60.820324,-0.53537244,3.924148,201.47726,0.011787095,0.038293954,1.0,201.47726,0.25484025,0.14075908,3.4212344,0.0028886069,0.012257879,0.30398116,0.0,1.2903135,3.924148,0.011787095,0.53537244,0.0,0.012257879,0.53537244,0.5836541,0.038293954,1.0,0.012022487,lookahead,fk_orig0_bm0-s0to100br2-s100to200br3
/work/T-REX/external/Proteina-Complexa/inference/search_binder_local_pipeline_32_PDL1_ALPHA_REPACK_v7_r004_cand_v7r004_hyp_0004_02_003_ae5b6dc63e53e/job_0_n_211_id_31_fk_orig1_bm0-s0to100br0-s100to200br3/job_0_n_211_id_31_fk_orig1_bm0-s0to100br0-s100to200br3.pdb,125,"2,0,13,16,19,16,19,14,11,3,10,18,19,19,6,18,7,15,2,12,16,9,6,4,11,13,14,19,6,11,5,10,3,10,0,0,10,9,19,18,17,6,12,6,3,11,2,9,9,5,13,19,8,7,6,6,3,10,11,19,5,8,15,15,18,1,5,1,0,1,10,10,11,3,5,10,15,10,7,2,0,0,10,5,9,16,3,19,11,10,5,3,0,7,19,18,1,4,12,9,15,18,7,7,0,3,18,11,1,9,16,19,11,19,2,0,10,16,13,14,11,14,15,18,15,0,16,6,7,15,15,19,16,10,6,4,16,0,15,5,16,10,16,8,14,19,19,17,11,11,2,3,5,16,9,3,10,6,0,6,11,7,1,13,11,15,10,2,16,7,16,2,0,15,10,5,9,15,2,10,11,14,7,3,15,7,10,18,5,4,10,7,0,2,15,10,7,9,0,0,15,0,7,0,16,10,16,19,16,0,14,0,0,0,0,0,0,0,0,0,0,0,0,0,0,0,0,0,0,0,0,0,0",-0.35121238,0.17032519,3.0,0.16833004,68.30436,0.17435946,1.0,0.17435946,0.2465001,0.13641234,0.0,0.0,0.16833004,0.00346271,0.8667329,0.2465001,3.276373,1.5563482,68.30436,-0.35121238,3.5613697,193.59035,0.13439414,0.16230063,1.0,193.59035,0.49445987,0.13326709,3.276373,0.00346271,0.13843054,0.17032519,0.0,1.5563482,3.5613697,0.13439414,0.35121238,0.0,0.13843054,0.35121238,0.7233236,0.16230063,1.0,0.13641234,lookahead,fk_orig1_bm0-s0to100br0-s100to200br3
/work/T-REX/external/Proteina-Complexa/inference/search_binder_local_pipeline_32_PDL1_ALPHA_REPACK_v7_r004_cand_v7r004_hyp_0004_02_003_ae5b6dc63e53e/job_0_n_198_id_31_fk_orig2_bm0-s0to100br1-s100to200br3/job_0_n_198_id_31_fk_orig2_bm0-s0to100br1-s100to200br3.pdb,126,"2,0,13,16,19,16,19,14,11,3,10,18,19,19,6,18,7,15,2,12,16,9,6,4,11,13,14,19,6,11,5,10,3,10,0,0,10,9,19,18,17,6,12,6,3,11,2,9,9,5,13,19,8,7,6,6,3,10,11,19,5,8,15,15,18,1,5,1,0,1,10,10,11,3,5,10,15,10,7,2,0,0,10,5,9,16,3,19,11,10,5,3,0,7,19,18,1,4,12,9,15,18,7,7,0,3,18,11,1,9,16,19,11,19,2,0,15,6,3,6,9,1,6,13,9,2,15,9,14,6,10,7,5,19,10,1,10,0,13,10,0,8,13,15,7,18,3,11,14,9,0,6,19,7,6,19,16,0,5,15,10,1,6,8,19,14,3,10,6,16,10,5,2,0,16,0,6,6,10,16,11,19,8,7,9,7,14,19,16,0,5,11,9,9,0,0,1,3,0,0,0,0,0,0,0,0,0,0,0,0,0,0,0,0,0,0,0,0,0,0,0,0,0,0,0,0,0,0,0,0,0,0,0",-0.44451916,0.26294985,3.0,0.076106474,41.98248,0.08609458,1.0,0.08609458,0.30638456,0.01406111,0.0,0.0,0.076106474,0.0032362137,0.80373883,0.30638456,2.438631,1.837451,41.98248,-0.44451916,3.529384,216.02686,0.013089195,0.06611837,1.0,216.02686,0.373792,0.19626114,2.438631,0.0032362137,0.015033025,0.26294985,0.0,1.837451,3.529384,0.013089195,0.44451916,0.0,0.015033025,0.44451916,0.681401,0.06611837,1.0,0.01406111,lookahead,fk_orig2_bm0-s0to100br1-s100to200br3
/work/T-REX/external/Proteina-Complexa/inference/search_binder_local_pipeline_32_PDL1_ALPHA_REPACK_v7_r004_cand_v7r004_hyp_0004_02_003_ae5b6dc63e53e/job_0_n_220_id_31_fk_orig3_bm2-s0to100br0-s100to200br3/job_0_n_220_id_31_fk_orig3_bm2-s0to100br0-s100to200br3.pdb,127,"2,0,13,16,19,16,19,14,11,3,10,18,19,19,6,18,7,15,2,12,16,9,6,4,11,13,14,19,6,11,5,10,3,10,0,0,10,9,19,18,17,6,12,6,3,11,2,9,9,5,13,19,8,7,6,6,3,10,11,19,5,8,15,15,18,1,5,1,0,1,10,10,11,3,5,10,15,10,7,2,0,0,10,5,9,16,3,19,11,10,5,3,0,7,19,18,1,4,12,9,15,18,7,7,0,3,18,11,1,9,16,19,11,19,2,0,19,11,10,5,14,16,11,14,2,11,13,16,11,16,14,10,5,10,0,0,3,7,7,8,10,6,9,19,6,19,10,10,11,15,16,11,5,10,10,18,18,3,11,6,7,8,15,0,10,8,10,0,0,1,6,7,8,10,6,9,19,6,0,10,10,11,15,15,0,6,14,10,6,7,3,11,2,7,11,16,0,10,8,10,0,0,11,7,7,8,10,6,9,19,6,18,10,10,11,15,10,11,16,16,0,0,0,0,0,0,0,0,0,0,0,0,0",-0.6622081,0.4719003,3.0,0.011000125,133.76018,0.016982239,1.0,0.016982239,0.43564898,0.005342974,0.0,0.0,0.011000125,0.02508487,0.72525144,0.43564898,19.793295,2.0564497,133.76018,-0.6622081,4.18573,278.0755,0.0,0.0050180103,1.0,278.0755,0.21254313,0.2747486,19.793295,0.02508487,0.010685948,0.4719003,0.0,2.0564497,4.18573,0.0,0.6622081,0.0,0.010685948,0.6622081,0.5742248,0.0050180103,1.0,0.005342974,lookahead,fk_orig3_bm2-s0to100br0-s100to200br3
/work/T-REX/external/Proteina-Complexa/inference/search_binder_local_pipeline_32_PDL1_ALPHA_REPACK_v7_r004_cand_v7r004_hyp_0004_02_003_ae5b6dc63e53e/job_0_n_233_id_32_fk_orig0_bm0-s0to100br2-s100to200br1-s200to300br0/job_0_n_233_id_32_fk_orig0_bm0-s0to100br2-s100to200br1-s200to300br0.pdb,128,"2,0,13,16,19,16,19,14,11,3,10,18,19,19,6,18,7,15,2,12,16,9,6,4,11,13,14,19,6,11,5,10,3,10,0,0,10,9,19,18,17,6,12,6,3,11,2,9,9,5,13,19,8,7,6,6,3,10,11,19,5,8,15,15,18,1,5,1,0,1,10,10,11,3,5,10,15,10,7,2,0,0,10,5,9,16,3,19,11,10,5,3,0,7,19,18,1,4,12,9,15,18,7,7,0,3,18,11,1,9,16,19,11,19,2,0,2,0,13,16,19,16,19,14,11,3,10,18,19,19,6,18,7,15,2,12,16,9,6,4,11,13,14,19,6,11,5,10,3,10,0,0,10,9,19,18,17,6,12,6,3,11,2,9,9,5,13,19,8,7,6,6,3,10,11,19,5,8,15,15,18,1,5,1,0,1,10,10,11,3,5,10,15,10,7,2,0,0,10,5,9,16,3,19,11,10,5,3,0,7,19,18,1,4,12,9,15,18,7,7,0,3,18,11,1,9,16,19,11,19,2,0,14",-0.53105974,0.2999748,3.0,0.043702975,58.54303,0.047461294,1.0,0.047461294,0.31405985,0.012261068,0.0,0.0,0.043702975,0.0028442645,0.858736,0.31405985,2.955672,1.2905569,58.54303,-0.53105974,3.9131594,200.40703,0.012056114,0.039944652,1.0,200.40703,0.2576097,0.14126402,2.955672,0.0028442645,0.012466022,0.2999748,0.0,1.2905569,3.9131594,0.012056114,0.53105974,0.0,0.012466022,0.53105974,0.5851351,0.039944652,1.0,0.012261068,lookahead,fk_orig0_bm0-s0to100br2-s100to200br1-s200to300br0
/work/T-REX/external/Proteina-Complexa/inference/search_binder_local_pipeline_32_PDL1_ALPHA_REPACK_v7_r004_cand_v7r004_hyp_0004_02_003_ae5b6dc63e53e/job_0_n_211_id_32_fk_orig1_bm0-s0to100br2-s100to200br2-s200to300br0/job_0_n_211_id_32_fk_orig1_bm0-s0to100br2-s100to200br2-s200to300br0.pdb,129,"2,0,13,16,19,16,19,14,11,3,10,18,19,19,6,18,7,15,2,12,16,9,6,4,11,13,14,19,6,11,5,10,3,10,0,0,10,9,19,18,17,6,12,6,3,11,2,9,9,5,13,19,8,7,6,6,3,10,11,19,5,8,15,15,18,1,5,1,0,1,10,10,11,3,5,10,15,10,7,2,0,0,10,5,9,16,3,19,11,10,5,3,0,7,19,18,1,4,12,9,15,18,7,7,0,3,18,11,1,9,16,19,11,19,2,0,19,6,0,10,11,10,2,2,6,7,9,6,6,5,11,2,7,2,10,3,6,0,10,11,2,18,5,5,0,10,6,9,15,11,11,9,7,3,11,19,7,6,0,2,15,10,2,7,10,7,10,19,6,6,0,11,7,2,10,3,6,0,10,11,18,18,5,5,0,10,6,9,1,11,11,9,7,3,11,11,7,19,0,3,15,10,0,6,9,0,11,9,5,0,11,0,0,0,0,0,0,0,0,0,0,0,0,0,0,0,0,0,0,0,0,0,0",-0.24492627,0.114887364,3.0,0.31183577,38.496002,0.3354307,1.0,0.3354307,0.16931486,0.31157947,0.0,0.0,0.31183577,0.0017665883,0.9133651,0.16931486,1.1677017,1.3324966,38.496002,-0.24492627,2.6146524,190.17766,0.28772825,0.28824085,1.0,190.17766,0.6546973,0.08663485,1.1677017,0.0017665883,0.3354307,0.114887364,0.0,1.3324966,2.6146524,0.28772825,0.24492627,0.0,0.3354307,0.24492627,0.7908311,0.28824085,1.0,0.31157947,lookahead,fk_orig1_bm0-s0to100br2-s100to200br2-s200to300br0
/work/T-REX/external/Proteina-Complexa/inference/search_binder_local_pipeline_32_PDL1_ALPHA_REPACK_v7_r004_cand_v7r004_hyp_0004_02_003_ae5b6dc63e53e/job_0_n_198_id_32_fk_orig2_bm0-s0to100br1-s100to200br0-s200to300br0/job_0_n_198_id_32_fk_orig2_bm0-s0to100br1-s100to200br0-s200to300br0.pdb,130,"2,0,13,16,19,16,19,14,11,3,10,18,19,19,6,18,7,15,2,12,16,9,6,4,11,13,14,19,6,11,5,10,3,10,0,0,10,9,19,18,17,6,12,6,3,11,2,9,9,5,13,19,8,7,6,6,3,10,11,19,5,8,15,15,18,1,5,1,0,1,10,10,11,3,5,10,15,10,7,2,0,0,10,5,9,16,3,19,11,10,5,3,0,7,19,18,1,4,12,9,15,18,7,7,0,3,18,11,1,9,16,19,11,19,2,0,15,6,6,6,9,1,6,13,9,2,15,9,14,11,10,7,11,19,10,1,10,0,13,10,2,8,13,15,7,15,3,16,9,19,0,6,19,7,6,19,16,0,6,15,10,1,11,18,19,14,3,10,6,16,10,11,2,0,16,0,6,6,10,16,11,19,8,7,9,7,14,19,10,0,5,2,9,9,0,0,1,2,0,0,0,0,0,0,0,0,0,0,0,0,0,0,0,0,0,0,0,0,0,0,0,0,0,0,0,0,0,0,0,0,0,0,0",-0.71707624,0.5283123,3.0,0.0026217962,131.17519,0.0052435924,1.0,0.0052435924,0.48041865,0.0,0.0,0.0,0.0026217962,0.0068116086,0.73669755,0.48041865,15.105488,1.9259014,131.17519,-0.71707624,4.4128466,278.42697,0.0,0.0,1.0,278.42697,0.12902677,0.26330242,15.105488,0.0068116086,0.0,0.5283123,0.0,1.9259014,4.4128466,0.0,0.71707624,0.0,0.0,0.71707624,0.57977617,0.0,1.0,0.0,lookahead,fk_orig2_bm0-s0to100br1-s100to200br0-s200to300br0
/work/T-REX/external/Proteina-Complexa/inference/search_binder_local_pipeline_32_PDL1_ALPHA_REPACK_v7_r004_cand_v7r004_hyp_0004_02_003_ae5b6dc63e53e/job_0_n_220_id_32_fk_orig3_bm0-s0to100br2-s100to200br3-s200to300br0/job_0_n_220_id_32_fk_orig3_bm0-s0to100br2-s100to200br3-s200to300br0.pdb,131,"2,0,13,16,19,16,19,14,11,3,10,18,19,19,6,18,7,15,2,12,16,9,6,4,11,13,14,19,6,11,5,10,3,10,0,0,10,9,19,18,17,6,12,6,3,11,2,9,9,5,13,19,8,7,6,6,3,10,11,19,5,8,15,15,18,1,5,1,0,1,10,10,11,3,5,10,15,10,7,2,0,0,10,5,9,16,3,19,11,10,5,3,0,7,19,18,1,4,12,9,15,18,7,7,0,3,18,11,1,9,16,19,11,19,2,0,0,10,16,19,16,16,14,11,3,10,18,15,19,5,11,7,0,15,19,16,10,6,4,11,14,15,11,14,10,15,5,10,5,2,13,15,10,10,17,11,2,14,5,3,5,11,19,19,5,18,15,15,7,11,19,16,19,18,3,14,1,13,15,10,2,16,0,16,7,15,10,16,9,15,3,0,11,14,6,3,15,7,19,18,6,4,10,19,13,7,3,7,0,3,15,11,16,9,6,10,3,19,11,13,0,0,0,0,0,0,0,0,0,0,0,0,0",-0.23277839,0.0912837,3.0,0.39112413,50.678986,0.39529932,1.0,0.39529932,0.1737217,0.39112413,0.0,0.0,0.39112413,0.0020148032,0.8909936,0.1737217,2.5704045,1.5083706,50.678986,-0.23277839,3.1081948,180.87651,0.38694897,0.38694897,1.0,180.87651,0.69766235,0.109006375,2.5704045,0.0020148032,0.39529932,0.0912837,0.0,1.5083706,3.1081948,0.38694897,0.23277839,0.0,0.39529932,0.23277839,0.8148265,0.38694897,1.0,0.39112413,lookahead,fk_orig3_bm0-s0to100br2-s100to200br3-s200to300br0
/work/T-REX/external/Proteina-Complexa/inference/search_binder_local_pipeline_32_PDL1_ALPHA_REPACK_v7_r004_cand_v7r004_hyp_0004_02_003_ae5b6dc63e53e/job_0_n_233_id_33_fk_orig0_bm0-s0to100br2-s100to200br1-s200to300br1/job_0_n_233_id_33_fk_orig0_bm0-s0to100br2-s100to200br1-s200to300br1.pdb,132,"2,0,13,16,19,16,19,14,11,3,10,18,19,19,6,18,7,15,2,12,16,9,6,4,11,13,14,19,6,11,5,10,3,10,0,0,10,9,19,18,17,6,12,6,3,11,2,9,9,5,13,19,8,7,6,6,3,10,11,19,5,8,15,15,18,1,5,1,0,1,10,10,11,3,5,10,15,10,7,2,0,0,10,5,9,16,3,19,11,10,5,3,0,7,19,18,1,4,12,9,15,18,7,7,0,3,18,11,1,9,16,19,11,19,2,0,2,0,13,16,19,16,19,14,11,3,10,18,19,19,6,18,7,15,2,12,16,9,6,4,11,13,14,19,6,11,5,10,3,10,0,0,10,9,19,18,17,6,12,6,3,11,2,9,9,5,13,19,8,7,6,6,3,10,11,19,5,8,15,15,18,1,5,1,0,1,10,10,11,3,5,10,15,10,7,2,0,0,10,5,9,16,3,19,11,10,5,3,0,7,19,18,1,4,12,9,15,18,7,7,0,3,18,11,1,9,16,19,11,19,2,0,14",-0.5405458,0.30948266,3.0,0.039712824,57.51379,0.042534534,1.0,0.042534534,0.31883112,0.011731679,0.0,0.0,0.039712824,0.0028636626,0.85932374,0.31883112,3.086285,1.2924525,57.51379,-0.5405458,3.9354343,199.22588,0.011497133,0.036891118,1.0,199.22588,0.25058597,0.14067626,3.086285,0.0028636626,0.011966224,0.30948266,0.0,1.2924525,3.9354343,0.011497133,0.5405458,0.0,0.011966224,0.5405458,0.58134246,0.036891118,1.0,0.011731679,lookahead,fk_orig0_bm0-s0to100br2-s100to200br1-s200to300br1
/work/T-REX/external/Proteina-Complexa/inference/search_binder_local_pipeline_32_PDL1_ALPHA_REPACK_v7_r004_cand_v7r004_hyp_0004_02_003_ae5b6dc63e53e/job_0_n_211_id_33_fk_orig1_bm0-s0to100br2-s100to200br2-s200to300br1/job_0_n_211_id_33_fk_orig1_bm0-s0to100br2-s100to200br2-s200to300br1.pdb,133,"2,0,13,16,19,16,19,14,11,3,10,18,19,19,6,18,7,15,2,12,16,9,6,4,11,13,14,19,6,11,5,10,3,10,0,0,10,9,19,18,17,6,12,6,3,11,2,9,9,5,13,19,8,7,6,6,3,10,11,19,5,8,15,15,18,1,5,1,0,1,10,10,11,3,5,10,15,10,7,2,0,0,10,5,9,16,3,19,11,10,5,3,0,7,19,18,1,4,12,9,15,18,7,7,0,3,18,11,1,9,16,19,11,19,2,0,19,6,0,10,11,10,16,10,6,7,11,6,6,10,11,11,7,2,10,3,6,0,6,11,10,18,11,6,0,10,6,9,15,11,11,9,7,3,11,8,7,6,0,2,15,10,15,7,10,7,2,19,6,6,0,11,7,2,10,3,6,0,10,11,18,18,11,6,0,10,6,9,1,11,11,9,7,3,11,9,7,9,15,6,16,6,11,0,9,6,11,19,6,15,11,0,0,0,0,0,0,0,0,0,0,0,0,0,0,0,0,0,0,0,0,0,0",-0.174815,0.055861063,3.0,0.56210154,40.725296,0.6056133,1.0,0.6056133,0.12605117,0.56210154,0.0,0.0,0.56210154,0.0026419784,0.94695234,0.12605117,2.282304,1.2312316,40.725296,-0.174815,2.1790287,178.4503,0.5185898,0.5185898,1.0,178.4503,0.7888269,0.053047683,2.282304,0.0026419784,0.6056133,0.055861063,0.0,1.2312316,2.1790287,0.5185898,0.174815,0.0,0.6056133,0.174815,0.85118794,0.5185898,1.0,0.56210154,lookahead,fk_orig1_bm0-s0to100br2-s100to200br2-s200to300br1
/work/T-REX/external/Proteina-Complexa/inference/search_binder_local_pipeline_32_PDL1_ALPHA_REPACK_v7_r004_cand_v7r004_hyp_0004_02_003_ae5b6dc63e53e/job_0_n_198_id_33_fk_orig2_bm0-s0to100br1-s100to200br0-s200to300br1/job_0_n_198_id_33_fk_orig2_bm0-s0to100br1-s100to200br0-s200to300br1.pdb,134,"2,0,13,16,19,16,19,14,11,3,10,18,19,19,6,18,7,15,2,12,16,9,6,4,11,13,14,19,6,11,5,10,3,10,0,0,10,9,19,18,17,6,12,6,3,11,2,9,9,5,13,19,8,7,6,6,3,10,11,19,5,8,15,15,18,1,5,1,0,1,10,10,11,3,5,10,15,10,7,2,0,0,10,5,9,16,3,19,11,10,5,3,0,7,19,18,1,4,12,9,15,18,7,7,0,3,18,11,1,9,16,19,11,19,2,0,16,6,5,6,9,1,6,18,9,2,15,9,14,11,10,7,1,19,10,1,10,0,13,10,8,8,13,15,7,15,3,11,9,19,0,6,19,7,6,19,16,10,6,15,10,1,11,18,19,14,3,10,6,16,10,11,2,0,16,0,6,6,10,16,11,19,8,7,9,7,14,19,10,0,5,2,9,9,0,8,1,2,0,0,0,0,0,0,0,0,0,0,0,0,0,0,0,0,0,0,0,0,0,0,0,0,0,0,0,0,0,0,0,0,0,0,0",-0.40621385,0.2176624,3.0,0.11194843,46.737755,0.1125305,1.0,0.1125305,0.29848117,0.04539097,0.0,0.0,0.11194843,0.0034867094,0.79008174,0.29848117,3.5192165,2.0592718,46.737755,-0.40621385,3.3681445,219.99652,0.0151223065,0.11136636,1.0,219.99652,0.46054304,0.20991828,3.5192165,0.0034867094,0.07565963,0.2176624,0.0,2.0592718,3.3681445,0.0151223065,0.40621385,0.0,0.07565963,0.40621385,0.7216089,0.11136636,1.0,0.04539097,lookahead,fk_orig2_bm0-s0to100br1-s100to200br0-s200to300br1
/work/T-REX/external/Proteina-Complexa/inference/search_binder_local_pipeline_32_PDL1_ALPHA_REPACK_v7_r004_cand_v7r004_hyp_0004_02_003_ae5b6dc63e53e/job_0_n_220_id_33_fk_orig3_bm0-s0to100br2-s100to200br3-s200to300br1/job_0_n_220_id_33_fk_orig3_bm0-s0to100br2-s100to200br3-s200to300br1.pdb,135,"2,0,13,16,19,16,19,14,11,3,10,18,19,19,6,18,7,15,2,12,16,9,6,4,11,13,14,19,6,11,5,10,3,10,0,0,10,9,19,18,17,6,12,6,3,11,2,9,9,5,13,19,8,7,6,6,3,10,11,19,5,8,15,15,18,1,5,1,0,1,10,10,11,3,5,10,15,10,7,2,0,0,10,5,9,16,3,19,11,10,5,3,0,7,19,18,1,4,12,9,15,18,7,7,0,3,18,11,1,9,16,19,11,19,2,0,0,10,19,19,16,16,14,11,3,10,18,15,19,6,15,7,0,2,19,16,10,6,4,11,14,15,11,14,10,15,11,10,6,2,13,15,10,10,17,11,2,14,5,3,5,11,19,19,5,18,0,15,7,11,0,16,19,18,3,14,1,13,15,10,3,16,15,16,7,15,10,16,9,15,2,0,11,14,15,3,15,7,19,18,6,4,10,19,13,7,3,7,0,3,15,11,11,9,16,10,2,19,16,6,0,0,0,0,0,0,0,0,0,0,0,0,0",-0.6428844,0.3731344,3.0,0.006123259,116.71685,0.0063316994,1.0,0.0063316994,0.39661393,0.0,0.0,0.0,0.006123259,0.0034801795,0.81236553,0.39661393,13.828693,1.6158934,116.71685,-0.6428844,4.301305,237.81664,0.0,0.005914819,1.0,237.81664,0.1760986,0.18763444,13.828693,0.0034801795,0.0,0.3731344,0.0,1.6158934,4.301305,0.0,0.6428844,0.0,0.0,0.6428844,0.56020707,0.005914819,1.0,0.0,lookahead,fk_orig3_bm0-s0to100br2-s100to200br3-s200to300br1
/work/T-REX/external/Proteina-Complexa/inference/search_binder_local_pipeline_32_PDL1_ALPHA_REPACK_v7_r004_cand_v7r004_hyp_0004_02_003_ae5b6dc63e53e/job_0_n_233_id_34_fk_orig0_bm0-s0to100br2-s100to200br1-s200to300br2/job_0_n_233_id_34_fk_orig0_bm0-s0to100br2-s100to200br1-s200to300br2.pdb,136,"2,0,13,16,19,16,19,14,11,3,10,18,19,19,6,18,7,15,2,12,16,9,6,4,11,13,14,19,6,11,5,10,3,10,0,0,10,9,19,18,17,6,12,6,3,11,2,9,9,5,13,19,8,7,6,6,3,10,11,19,5,8,15,15,18,1,5,1,0,1,10,10,11,3,5,10,15,10,7,2,0,0,10,5,9,16,3,19,11,10,5,3,0,7,19,18,1,4,12,9,15,18,7,7,0,3,18,11,1,9,16,19,11,19,2,0,2,0,13,16,19,16,19,14,11,3,10,18,19,19,6,18,7,15,2,12,16,9,6,4,11,13,14,19,6,11,5,10,3,10,0,0,10,9,19,18,17,6,12,6,3,11,2,9,9,5,13,19,8,7,6,6,3,10,11,19,5,8,15,15,18,1,5,1,0,1,10,10,11,3,5,10,15,10,7,2,0,0,10,5,9,16,3,19,11,10,5,3,0,7,19,18,1,4,12,9,15,18,7,7,0,3,18,11,1,9,16,19,11,19,2,0,14",-0.530403,0.29958808,3.0,0.044239275,56.219017,0.04758695,1.0,0.04758695,0.31354606,0.012185048,0.0,0.0,0.044239275,0.0028350386,0.859327,0.31354606,2.8004618,1.2868096,56.219017,-0.530403,3.9122515,198.02943,0.012039335,0.0408916,1.0,198.02943,0.25846523,0.14067297,2.8004618,0.0028350386,0.012330762,0.29958808,0.0,1.2868096,3.9122515,0.012039335,0.530403,0.0,0.012330762,0.530403,0.58523357,0.0408916,1.0,0.012185048,lookahead,fk_orig0_bm0-s0to100br2-s100to200br1-s200to300br2
/work/T-REX/external/Proteina-Complexa/inference/search_binder_local_pipeline_32_PDL1_ALPHA_REPACK_v7_r004_cand_v7r004_hyp_0004_02_003_ae5b6dc63e53e/job_0_n_211_id_34_fk_orig1_bm0-s0to100br2-s100to200br2-s200to300br2/job_0_n_211_id_34_fk_orig1_bm0-s0to100br2-s100to200br2-s200to300br2.pdb,137,"2,0,13,16,19,16,19,14,11,3,10,18,19,19,6,18,7,15,2,12,16,9,6,4,11,13,14,19,6,11,5,10,3,10,0,0,10,9,19,18,17,6,12,6,3,11,2,9,9,5,13,19,8,7,6,6,3,10,11,19,5,8,15,15,18,1,5,1,0,1,10,10,11,3,5,10,15,10,7,2,0,0,10,5,9,16,3,19,11,10,5,3,0,7,19,18,1,4,12,9,15,18,7,7,0,3,18,11,1,9,16,19,11,19,2,0,19,6,0,10,11,10,2,10,6,7,9,6,6,11,11,11,7,2,10,3,6,0,10,11,11,18,11,5,0,10,6,9,15,11,11,9,7,3,11,5,7,6,0,2,15,10,2,7,10,7,3,19,6,6,0,1,7,2,10,3,6,0,10,11,18,18,5,5,0,10,6,9,1,5,0,9,7,3,11,10,7,19,0,6,15,5,11,6,9,6,11,19,11,0,11,0,0,0,0,0,0,0,0,0,0,0,0,0,0,0,0,0,0,0,0,0,0",-0.18435341,0.06695338,3.0,0.5016972,40.924152,0.55302405,1.0,0.55302405,0.1321985,0.5016972,0.0,0.0,0.5016972,0.0015818571,0.93931836,0.1321985,2.0970135,1.2640443,40.924152,-0.18435341,2.322727,187.97874,0.45037025,0.45037025,1.0,187.97874,0.7609884,0.060681626,2.0970135,0.0015818571,0.55302405,0.06695338,0.0,1.2640443,2.322727,0.45037025,0.18435341,0.0,0.55302405,0.18435341,0.8351813,0.45037025,1.0,0.5016972,lookahead,fk_orig1_bm0-s0to100br2-s100to200br2-s200to300br2
/work/T-REX/external/Proteina-Complexa/inference/search_binder_local_pipeline_32_PDL1_ALPHA_REPACK_v7_r004_cand_v7r004_hyp_0004_02_003_ae5b6dc63e53e/job_0_n_198_id_34_fk_orig2_bm0-s0to100br1-s100to200br0-s200to300br2/job_0_n_198_id_34_fk_orig2_bm0-s0to100br1-s100to200br0-s200to300br2.pdb,138,"2,0,13,16,19,16,19,14,11,3,10,18,19,19,6,18,7,15,2,12,16,9,6,4,11,13,14,19,6,11,5,10,3,10,0,0,10,9,19,18,17,6,12,6,3,11,2,9,9,5,13,19,8,7,6,6,3,10,11,19,5,8,15,15,18,1,5,1,0,1,10,10,11,3,5,10,15,10,7,2,0,0,10,5,9,16,3,19,11,10,5,3,0,7,19,18,1,4,12,9,15,18,7,7,0,3,18,11,1,9,16,19,11,19,2,0,15,6,6,6,9,1,6,13,9,2,15,9,14,11,10,7,14,19,10,1,10,0,13,10,0,8,13,15,7,15,3,19,16,9,14,6,13,7,6,11,0,0,5,15,10,1,6,18,19,14,3,10,6,16,10,11,2,0,16,14,6,6,10,16,11,19,1,7,9,7,14,19,10,0,6,2,9,19,0,8,1,2,0,0,0,0,0,0,0,0,0,0,0,0,0,0,0,0,0,0,0,0,0,0,0,0,0,0,0,0,0,0,0,0,0,0,0",-0.24238811,0.09162435,3.0,0.34295237,50.563213,0.3596659,1.0,0.3596659,0.19305423,0.34295237,0.0,0.0,0.34295237,0.0034860496,0.8377346,0.19305423,3.6451004,1.9676055,50.563213,-0.24238811,2.8024766,206.87575,0.32623884,0.32623884,1.0,206.87575,0.6697493,0.1622654,3.6451004,0.0034860496,0.3596659,0.09162435,0.0,1.9676055,2.8024766,0.32623884,0.24238811,0.0,0.3596659,0.24238811,0.8077587,0.32623884,1.0,0.34295237,lookahead,fk_orig2_bm0-s0to100br1-s100to200br0-s200to300br2
/work/T-REX/external/Proteina-Complexa/inference/search_binder_local_pipeline_32_PDL1_ALPHA_REPACK_v7_r004_cand_v7r004_hyp_0004_02_003_ae5b6dc63e53e/job_0_n_220_id_34_fk_orig3_bm0-s0to100br2-s100to200br3-s200to300br2/job_0_n_220_id_34_fk_orig3_bm0-s0to100br2-s100to200br3-s200to300br2.pdb,139,"2,0,13,16,19,16,19,14,11,3,10,18,19,19,6,18,7,15,2,12,16,9,6,4,11,13,14,19,6,11,5,10,3,10,0,0,10,9,19,18,17,6,12,6,3,11,2,9,9,5,13,19,8,7,6,6,3,10,11,19,5,8,15,15,18,1,5,1,0,1,10,10,11,3,5,10,15,10,7,2,0,0,10,5,9,16,3,19,11,10,5,3,0,7,19,18,1,4,12,9,15,18,7,7,0,3,18,11,1,9,16,19,11,19,2,0,0,10,16,19,16,16,14,11,14,10,18,15,19,6,0,7,0,2,19,16,10,6,4,11,14,15,11,14,10,15,11,10,2,2,13,15,10,10,17,11,2,14,5,3,5,11,19,19,5,18,15,15,7,11,19,16,11,18,3,14,1,13,3,10,5,16,15,16,7,15,10,9,9,15,3,16,11,14,15,3,15,7,19,18,6,4,10,19,13,7,3,7,0,3,15,11,16,9,5,10,2,19,10,13,0,0,0,0,0,0,0,0,0,0,0,0,0",-0.23511066,0.09189223,3.0,0.39174277,55.18122,0.3950418,1.0,0.3950418,0.1756441,0.39174277,0.0,0.0,0.39174277,0.0024912318,0.89376724,0.1756441,2.8724525,1.5078324,55.18122,-0.23511066,3.0608578,184.91591,0.38844374,0.38844374,1.0,184.91591,0.70854336,0.10623275,2.8724525,0.0024912318,0.3950418,0.09189223,0.0,1.5078324,3.0608578,0.38844374,0.23511066,0.0,0.3950418,0.23511066,0.8202107,0.38844374,1.0,0.39174277,lookahead,fk_orig3_bm0-s0to100br2-s100to200br3-s200to300br2
/work/T-REX/external/Proteina-Complexa/inference/search_binder_local_pipeline_32_PDL1_ALPHA_REPACK_v7_r004_cand_v7r004_hyp_0004_02_003_ae5b6dc63e53e/job_0_n_233_id_35_fk_orig0_bm0-s0to100br2-s100to200br1-s200to300br3/job_0_n_233_id_35_fk_orig0_bm0-s0to100br2-s100to200br1-s200to300br3.pdb,140,"2,0,13,16,19,16,19,14,11,3,10,18,19,19,6,18,7,15,2,12,16,9,6,4,11,13,14,19,6,11,5,10,3,10,0,0,10,9,19,18,17,6,12,6,3,11,2,9,9,5,13,19,8,7,6,6,3,10,11,19,5,8,15,15,18,1,5,1,0,1,10,10,11,3,5,10,15,10,7,2,0,0,10,5,9,16,3,19,11,10,5,3,0,7,19,18,1,4,12,9,15,18,7,7,0,3,18,11,1,9,16,19,11,19,2,0,2,0,13,16,19,16,19,14,11,3,10,18,19,19,6,18,7,15,2,12,16,9,6,4,11,13,14,19,6,11,5,10,3,10,0,0,10,9,19,18,17,6,12,6,3,11,2,9,9,5,13,19,8,7,6,6,3,10,11,19,5,8,15,15,18,1,5,1,0,1,10,10,11,3,5,10,15,10,7,2,0,0,10,5,9,16,3,19,11,10,5,3,0,7,19,18,1,4,12,9,15,18,7,7,0,3,18,11,1,9,16,19,11,19,2,0,14",-0.5407604,0.30935532,3.0,0.038272522,57.56576,0.040821187,1.0,0.040821187,0.31898242,0.011766172,0.0,0.0,0.038272522,0.002829831,0.8589643,0.31898242,3.1526518,1.292778,57.56576,-0.5407604,3.9379895,197.62263,0.0114216525,0.03572386,1.0,197.62263,0.2517238,0.14103568,3.1526518,0.002829831,0.0121106915,0.30935532,0.0,1.292778,3.9379895,0.0114216525,0.5407604,0.0,0.0121106915,0.5407604,0.5813687,0.03572386,1.0,0.011766172,lookahead,fk_orig0_bm0-s0to100br2-s100to200br1-s200to300br3
/work/T-REX/external/Proteina-Complexa/inference/search_binder_local_pipeline_32_PDL1_ALPHA_REPACK_v7_r004_cand_v7r004_hyp_0004_02_003_ae5b6dc63e53e/job_0_n_211_id_35_fk_orig1_bm0-s0to100br2-s100to200br2-s200to300br3/job_0_n_211_id_35_fk_orig1_bm0-s0to100br2-s100to200br2-s200to300br3.pdb,141,"2,0,13,16,19,16,19,14,11,3,10,18,19,19,6,18,7,15,2,12,16,9,6,4,11,13,14,19,6,11,5,10,3,10,0,0,10,9,19,18,17,6,12,6,3,11,2,9,9,5,13,19,8,7,6,6,3,10,11,19,5,8,15,15,18,1,5,1,0,1,10,10,11,3,5,10,15,10,7,2,0,0,10,5,9,16,3,19,11,10,5,3,0,7,19,18,1,4,12,9,15,18,7,7,0,3,18,11,1,9,16,19,11,19,2,0,19,6,0,10,11,10,2,10,6,7,10,6,6,6,11,11,7,2,10,3,6,0,6,11,10,18,11,6,0,10,6,9,15,11,11,9,7,3,11,9,7,6,0,2,15,10,2,7,10,7,2,19,6,6,0,1,7,2,10,3,6,0,10,11,8,18,11,6,0,10,6,9,1,11,6,9,7,3,11,9,7,9,11,5,15,6,6,6,9,6,11,9,11,11,11,0,0,0,0,0,0,0,0,0,0,0,0,0,0,0,0,0,0,0,0,0,0",-0.22759739,0.086303785,3.0,0.36641663,35.90099,0.40121338,1.0,0.40121338,0.1606946,0.36641663,0.0,0.0,0.36641663,0.0031374174,0.913649,0.1606946,1.6909734,1.4007385,35.90099,-0.22759739,2.6215603,187.58118,0.33161992,0.33161992,1.0,187.58118,0.6727209,0.086350955,1.6909734,0.0031374174,0.40121338,0.086303785,0.0,1.4007385,2.6215603,0.33161992,0.22759739,0.0,0.40121338,0.22759739,0.79118985,0.33161992,1.0,0.36641663,lookahead,fk_orig1_bm0-s0to100br2-s100to200br2-s200to300br3
/work/T-REX/external/Proteina-Complexa/inference/search_binder_local_pipeline_32_PDL1_ALPHA_REPACK_v7_r004_cand_v7r004_hyp_0004_02_003_ae5b6dc63e53e/job_0_n_198_id_35_fk_orig2_bm0-s0to100br1-s100to200br0-s200to300br3/job_0_n_198_id_35_fk_orig2_bm0-s0to100br1-s100to200br0-s200to300br3.pdb,142,"2,0,13,16,19,16,19,14,11,3,10,18,19,19,6,18,7,15,2,12,16,9,6,4,11,13,14,19,6,11,5,10,3,10,0,0,10,9,19,18,17,6,12,6,3,11,2,9,9,5,13,19,8,7,6,6,3,10,11,19,5,8,15,15,18,1,5,1,0,1,10,10,11,3,5,10,15,10,7,2,0,0,10,5,9,16,3,19,11,10,5,3,0,7,19,18,1,4,12,9,15,18,7,7,0,3,18,11,1,9,16,19,11,19,2,0,15,6,5,6,9,1,6,18,9,2,15,9,14,11,10,7,11,19,10,1,10,0,13,10,8,8,13,15,7,7,11,2,14,9,0,6,19,7,14,11,10,19,6,15,10,5,11,18,19,14,3,10,6,16,10,11,2,0,16,0,6,6,10,16,11,19,8,7,9,7,14,19,10,0,6,2,9,19,0,8,1,2,0,0,0,0,0,0,0,0,0,0,0,0,0,0,0,0,0,0,0,0,0,0,0,0,0,0,0,0,0,0,0,0,0,0,0",-0.23826441,0.10678396,3.0,0.32264853,33.76875,0.33852386,1.0,0.33852386,0.18033089,0.32264853,0.0,0.0,0.32264853,0.0023403487,0.8836043,0.18033089,2.239403,1.6864725,33.76875,-0.23826441,2.7128417,184.74452,0.30677322,0.30677322,1.0,184.74452,0.6826962,0.116395734,2.239403,0.0023403487,0.33852386,0.10678396,0.0,1.6864725,2.7128417,0.30677322,0.23826441,0.0,0.33852386,0.23826441,0.8160601,0.30677322,1.0,0.32264853,lookahead,fk_orig2_bm0-s0to100br1-s100to200br0-s200to300br3
/work/T-REX/external/Proteina-Complexa/inference/search_binder_local_pipeline_32_PDL1_ALPHA_REPACK_v7_r004_cand_v7r004_hyp_0004_02_003_ae5b6dc63e53e/job_0_n_220_id_35_fk_orig3_bm0-s0to100br2-s100to200br3-s200to300br3/job_0_n_220_id_35_fk_orig3_bm0-s0to100br2-s100to200br3-s200to300br3.pdb,143,"2,0,13,16,19,16,19,14,11,3,10,18,19,19,6,18,7,15,2,12,16,9,6,4,11,13,14,19,6,11,5,10,3,10,0,0,10,9,19,18,17,6,12,6,3,11,2,9,9,5,13,19,8,7,6,6,3,10,11,19,5,8,15,15,18,1,5,1,0,1,10,10,11,3,5,10,15,10,7,2,0,0,10,5,9,16,3,19,11,10,5,3,0,7,19,18,1,4,12,9,15,18,7,7,0,3,18,11,1,9,16,19,11,19,2,0,0,10,9,19,16,16,14,11,3,10,18,15,19,5,0,7,0,2,19,16,10,6,4,11,14,15,11,14,10,15,11,10,6,2,13,15,10,10,17,11,2,14,5,3,5,11,19,9,5,18,15,15,7,11,16,16,19,18,3,14,1,13,15,10,3,16,15,16,7,15,10,9,9,15,2,16,1,14,15,3,15,7,19,18,6,4,10,19,13,7,3,7,0,3,15,11,16,9,5,10,3,19,16,13,0,0,0,0,0,0,0,0,0,0,0,0,0",-0.2608638,0.10057276,3.0,0.32586965,55.699886,0.33694503,1.0,0.33694503,0.19100764,0.3257498,0.0,0.0,0.32586965,0.002691732,0.880779,0.19100764,3.1904035,1.5545118,55.699886,-0.2608638,3.2227502,192.5113,0.31479427,0.31479427,1.0,192.5113,0.65783596,0.119220994,3.1904035,0.002691732,0.3367054,0.10057276,0.0,1.5545118,3.2227502,0.31479427,0.2608638,0.0,0.3367054,0.2608638,0.7929894,0.31479427,1.0,0.3257498,lookahead,fk_orig3_bm0-s0to100br2-s100to200br3-s200to300br3
/work/T-REX/external/Proteina-Complexa/inference/search_binder_local_pipeline_32_PDL1_ALPHA_REPACK_v7_r004_cand_v7r004_hyp_0004_02_003_ae5b6dc63e53e/job_0_n_233_id_36_fk_orig0_bm0-s0to100br2-s100to200br1-s200to300br0/job_0_n_233_id_36_fk_orig0_bm0-s0to100br2-s100to200br1-s200to300br0.pdb,144,"2,0,13,16,19,16,19,14,11,3,10,18,19,19,6,18,7,15,2,12,16,9,6,4,11,13,14,19,6,11,5,10,3,10,0,0,10,9,19,18,17,6,12,6,3,11,2,9,9,5,13,19,8,7,6,6,3,10,11,19,5,8,15,15,18,1,5,1,0,1,10,10,11,3,5,10,15,10,7,2,0,0,10,5,9,16,3,19,11,10,5,3,0,7,19,18,1,4,12,9,15,18,7,7,0,3,18,11,1,9,16,19,11,19,2,0,2,0,13,16,19,16,19,14,11,3,10,18,19,19,6,18,7,15,2,12,16,9,6,4,11,13,14,19,6,11,5,10,3,10,0,0,10,9,19,18,17,6,12,6,3,11,2,9,9,5,13,19,8,7,6,6,3,10,11,19,5,8,15,15,18,1,5,1,0,1,10,10,11,3,5,10,15,10,7,2,0,0,10,5,9,16,3,19,11,10,5,3,0,7,19,18,1,4,12,9,15,18,7,7,0,3,18,11,1,9,16,19,11,19,2,0,11",-0.5341628,0.30137786,3.0,0.04315442,61.018764,0.04690821,1.0,0.04690821,0.31680107,0.012156505,0.0,0.0,0.04315442,0.0032031212,0.8574727,0.31680107,3.3002207,1.2952605,61.018764,-0.5341628,3.9240353,201.15265,0.011875469,0.03940063,1.0,201.15265,0.25719833,0.14252727,3.3002207,0.0032031212,0.012437542,0.30137786,0.0,1.2952605,3.9240353,0.011875469,0.5341628,0.0,0.012437542,0.5341628,0.58428454,0.03940063,1.0,0.012156505,lookahead,fk_orig0_bm0-s0to100br2-s100to200br1-s200to300br0
/work/T-REX/external/Proteina-Complexa/inference/search_binder_local_pipeline_32_PDL1_ALPHA_REPACK_v7_r004_cand_v7r004_hyp_0004_02_003_ae5b6dc63e53e/job_0_n_211_id_36_fk_orig1_bm0-s0to100br2-s100to200br3-s200to300br0/job_0_n_211_id_36_fk_orig1_bm0-s0to100br2-s100to200br3-s200to300br0.pdb,145,"2,0,13,16,19,16,19,14,11,3,10,18,19,19,6,18,7,15,2,12,16,9,6,4,11,13,14,19,6,11,5,10,3,10,0,0,10,9,19,18,17,6,12,6,3,11,2,9,9,5,13,19,8,7,6,6,3,10,11,19,5,8,15,15,18,1,5,1,0,1,10,10,11,3,5,10,15,10,7,2,0,0,10,5,9,16,3,19,11,10,5,3,0,7,19,18,1,4,12,9,15,18,7,7,0,3,18,11,1,9,16,19,11,19,2,0,10,6,0,10,11,10,2,10,6,7,9,6,6,11,11,11,7,2,10,3,6,0,11,11,11,18,5,6,0,10,6,9,0,11,11,9,7,3,11,19,7,6,0,2,15,10,11,7,10,7,3,19,6,6,0,1,7,2,10,3,6,0,11,11,18,18,5,6,0,10,6,9,18,11,15,9,7,3,11,19,7,19,11,10,19,5,6,0,10,0,0,9,6,5,11,0,0,0,0,0,0,0,0,0,0,0,0,0,0,0,0,0,0,0,0,0,0",-0.2345849,0.095037505,3.0,0.33423543,33.780895,0.37112442,1.0,0.37112442,0.16179195,0.33402818,0.0,0.0,0.33423543,0.0020015824,0.9226312,0.16179195,2.3627665,1.3018034,33.780895,-0.2345849,2.563231,176.93045,0.29693198,0.29734644,1.0,176.93045,0.6488412,0.07736879,2.3627665,0.0020015824,0.37112442,0.095037505,0.0,1.3018034,2.563231,0.29693198,0.2345849,0.0,0.37112442,0.2345849,0.7837122,0.29734644,1.0,0.33402818,lookahead,fk_orig1_bm0-s0to100br2-s100to200br3-s200to300br0
/work/T-REX/external/Proteina-Complexa/inference/search_binder_local_pipeline_32_PDL1_ALPHA_REPACK_v7_r004_cand_v7r004_hyp_0004_02_003_ae5b6dc63e53e/job_0_n_198_id_36_fk_orig2_bm0-s0to100br1-s100to200br0-s200to300br0/job_0_n_198_id_36_fk_orig2_bm0-s0to100br1-s100to200br0-s200to300br0.pdb,146,"2,0,13,16,19,16,19,14,11,3,10,18,19,19,6,18,7,15,2,12,16,9,6,4,11,13,14,19,6,11,5,10,3,10,0,0,10,9,19,18,17,6,12,6,3,11,2,9,9,5,13,19,8,7,6,6,3,10,11,19,5,8,15,15,18,1,5,1,0,1,10,10,11,3,5,10,15,10,7,2,0,0,10,5,9,16,3,19,11,10,5,3,0,7,19,18,1,4,12,9,15,18,7,7,0,3,18,11,1,9,16,19,11,19,2,0,16,6,6,6,9,1,6,13,9,2,15,9,14,11,10,7,5,16,10,1,16,0,13,10,10,8,13,15,7,0,11,18,0,12,7,2,19,7,10,11,16,10,6,15,10,1,11,18,19,14,15,19,6,19,10,11,2,0,16,6,6,6,10,16,11,19,3,7,9,7,14,19,16,0,5,2,9,19,0,8,13,11,0,0,0,0,0,0,0,0,0,0,0,0,0,0,0,0,0,0,0,0,0,0,0,0,0,0,0,0,0,0,0,0,0,0,0",-0.48008582,0.28483403,3.0,0.05906096,54.11453,0.072559744,1.0,0.072559744,0.34220955,0.013423663,0.0,0.0,0.05906096,0.0042653163,0.7596844,0.34220955,4.056114,1.9783914,54.11453,-0.48008582,3.740305,234.90257,0.012312304,0.045562178,1.0,234.90257,0.33449584,0.24031562,4.056114,0.0042653163,0.014535022,0.28483403,0.0,1.9783914,3.740305,0.012312304,0.48008582,0.0,0.014535022,0.48008582,0.66268295,0.045562178,1.0,0.013423663,lookahead,fk_orig2_bm0-s0to100br1-s100to200br0-s200to300br0
/work/T-REX/external/Proteina-Complexa/inference/search_binder_local_pipeline_32_PDL1_ALPHA_REPACK_v7_r004_cand_v7r004_hyp_0004_02_003_ae5b6dc63e53e/job_0_n_220_id_36_fk_orig3_bm3-s0to100br3-s100to200br3-s200to300br0/job_0_n_220_id_36_fk_orig3_bm3-s0to100br3-s100to200br3-s200to300br0.pdb,147,"2,0,13,16,19,16,19,14,11,3,10,18,19,19,6,18,7,15,2,12,16,9,6,4,11,13,14,19,6,11,5,10,3,10,0,0,10,9,19,18,17,6,12,6,3,11,2,9,9,5,13,19,8,7,6,6,3,10,11,19,5,8,15,15,18,1,5,1,0,1,10,10,11,3,5,10,15,10,7,2,0,0,10,5,9,16,3,19,11,10,5,3,0,7,19,18,1,4,12,9,15,18,7,7,0,3,18,11,1,9,16,19,11,19,2,0,2,0,13,16,19,16,19,14,11,3,10,18,19,19,6,18,7,15,2,12,16,9,6,4,11,13,14,19,6,11,5,10,3,10,0,0,10,9,19,18,17,6,12,6,3,11,2,9,9,5,13,19,8,7,6,6,3,10,11,19,5,8,15,15,18,1,5,1,0,1,10,10,11,3,5,10,15,10,7,2,0,0,10,5,9,16,3,19,11,10,5,3,0,7,19,18,1,4,12,9,15,18,7,7,0,0,0,0,0,0,0,0,0,0,0,0,0",-0.5710589,0.341306,3.0,0.018472683,43.099808,0.019254621,1.0,0.019254621,0.34944516,0.005982367,0.0,0.0,0.018472683,0.0025948505,0.84727615,0.34944516,2.9002943,1.3834437,43.099808,-0.5710589,3.9864163,199.54636,0.0,0.017690744,1.0,199.54636,0.21932006,0.15272386,2.9002943,0.0025948505,0.011964734,0.341306,0.0,1.3834437,3.9864163,0.0,0.5710589,0.0,0.011964734,0.5710589,0.5806083,0.017690744,1.0,0.005982367,lookahead,fk_orig3_bm3-s0to100br3-s100to200br3-s200to300br0
/work/T-REX/external/Proteina-Complexa/inference/search_binder_local_pipeline_32_PDL1_ALPHA_REPACK_v7_r004_cand_v7r004_hyp_0004_02_003_ae5b6dc63e53e/job_0_n_233_id_37_fk_orig0_bm0-s0to100br2-s100to200br1-s200to300br1/job_0_n_233_id_37_fk_orig0_bm0-s0to100br2-s100to200br1-s200to300br1.pdb,148,"2,0,13,16,19,16,19,14,11,3,10,18,19,19,6,18,7,15,2,12,16,9,6,4,11,13,14,19,6,11,5,10,3,10,0,0,10,9,19,18,17,6,12,6,3,11,2,9,9,5,13,19,8,7,6,6,3,10,11,19,5,8,15,15,18,1,5,1,0,1,10,10,11,3,5,10,15,10,7,2,0,0,10,5,9,16,3,19,11,10,5,3,0,7,19,18,1,4,12,9,15,18,7,7,0,3,18,11,1,9,16,19,11,19,2,0,2,0,13,16,19,16,19,14,11,3,10,18,19,19,6,18,7,15,2,12,16,9,6,4,11,13,14,19,6,11,5,10,3,10,0,0,10,9,19,18,17,6,12,6,3,11,2,9,9,5,13,19,8,7,6,6,3,10,11,19,5,8,15,15,18,1,5,1,0,1,10,10,11,3,5,10,15,10,7,2,0,0,10,5,9,16,3,19,11,10,5,3,0,7,19,18,1,4,12,9,15,18,7,7,0,3,18,11,1,9,16,19,11,19,2,0,14",-0.534029,0.30316973,3.0,0.042158835,63.247417,0.04615252,1.0,0.04615252,0.3152205,0.012110125,0.0,0.0,0.042158835,0.0027529404,0.86011446,0.3152205,3.2998931,1.286254,63.247417,-0.534029,3.921882,198.4262,0.011856046,0.038165152,1.0,198.4262,0.25652996,0.13988554,3.2998931,0.0027529404,0.012364206,0.30316973,0.0,1.286254,3.921882,0.011856046,0.534029,0.0,0.012364206,0.534029,0.5840138,0.038165152,1.0,0.012110125,lookahead,fk_orig0_bm0-s0to100br2-s100to200br1-s200to300br1
/work/T-REX/external/Proteina-Complexa/inference/search_binder_local_pipeline_32_PDL1_ALPHA_REPACK_v7_r004_cand_v7r004_hyp_0004_02_003_ae5b6dc63e53e/job_0_n_211_id_37_fk_orig1_bm0-s0to100br2-s100to200br3-s200to300br1/job_0_n_211_id_37_fk_orig1_bm0-s0to100br2-s100to200br3-s200to300br1.pdb,149,"2,0,13,16,19,16,19,14,11,3,10,18,19,19,6,18,7,15,2,12,16,9,6,4,11,13,14,19,6,11,5,10,3,10,0,0,10,9,19,18,17,6,12,6,3,11,2,9,9,5,13,19,8,7,6,6,3,10,11,19,5,8,15,15,18,1,5,1,0,1,10,10,11,3,5,10,15,10,7,2,0,0,10,5,9,16,3,19,11,10,5,3,0,7,19,18,1,4,12,9,15,18,7,7,0,3,18,11,1,9,16,19,11,19,2,0,13,6,0,10,11,10,16,12,6,7,2,6,6,10,11,11,7,2,10,3,6,0,6,11,11,18,11,6,0,10,6,9,0,11,11,15,7,3,11,11,19,6,0,10,15,10,11,7,10,7,3,19,6,6,0,11,7,2,10,3,6,0,6,11,18,18,11,6,0,10,6,9,18,11,11,10,7,3,11,19,7,9,11,10,9,6,6,15,10,6,11,9,11,0,11,0,0,0,0,0,0,0,0,0,0,0,0,0,0,0,0,0,0,0,0,0,0",-0.23066336,0.099123284,3.0,0.34388757,34.551632,0.38711554,1.0,0.38711554,0.15990554,0.34388757,0.0,0.0,0.34388757,0.0024858557,0.9211207,0.15990554,2.6357057,1.3207979,34.551632,-0.23066336,2.5751462,177.80766,0.30065963,0.30065963,1.0,177.80766,0.63999724,0.07887932,2.6357057,0.0024858557,0.38711554,0.099123284,0.0,1.3207979,2.5751462,0.30065963,0.23066336,0.0,0.38711554,0.23066336,0.7754303,0.30065963,1.0,0.34388757,lookahead,fk_orig1_bm0-s0to100br2-s100to200br3-s200to300br1
/work/T-REX/external/Proteina-Complexa/inference/search_binder_local_pipeline_32_PDL1_ALPHA_REPACK_v7_r004_cand_v7r004_hyp_0004_02_003_ae5b6dc63e53e/job_0_n_198_id_37_fk_orig2_bm0-s0to100br1-s100to200br0-s200to300br1/job_0_n_198_id_37_fk_orig2_bm0-s0to100br1-s100to200br0-s200to300br1.pdb,150,"2,0,13,16,19,16,19,14,11,3,10,18,19,19,6,18,7,15,2,12,16,9,6,4,11,13,14,19,6,11,5,10,3,10,0,0,10,9,19,18,17,6,12,6,3,11,2,9,9,5,13,19,8,7,6,6,3,10,11,19,5,8,15,15,18,1,5,1,0,1,10,10,11,3,5,10,15,10,7,2,0,0,10,5,9,16,3,19,11,10,5,3,0,7,19,18,1,4,12,9,15,18,7,7,0,3,18,11,1,9,16,19,11,19,2,0,16,6,5,6,9,1,6,13,9,2,15,10,14,1,19,7,5,16,10,1,16,0,10,10,4,8,13,15,7,0,11,8,0,12,0,2,19,7,6,11,12,12,6,15,10,1,5,18,19,14,15,19,3,19,10,1,2,0,16,19,6,6,10,16,11,19,3,7,9,7,5,19,16,0,6,2,9,19,0,13,13,5,0,0,0,0,0,0,0,0,0,0,0,0,0,0,0,0,0,0,0,0,0,0,0,0,0,0,0,0,0,0,0,0,0,0,0",-0.27226868,0.13690059,3.0,0.25442946,58.732502,0.26079082,1.0,0.26079082,0.21383186,0.25407135,0.0,0.0,0.25442946,0.0017450851,0.8190563,0.21383186,3.6168005,1.8863949,58.732502,-0.27226868,3.1028638,215.65396,0.24806808,0.24806808,1.0,215.65396,0.6006274,0.1809437,3.6168005,0.0017450851,0.26007462,0.13690059,0.0,1.8863949,3.1028638,0.24806808,0.27226868,0.0,0.26007462,0.27226868,0.7811562,0.24806808,1.0,0.25407135,lookahead,fk_orig2_bm0-s0to100br1-s100to200br0-s200to300br1
/work/T-REX/external/Proteina-Complexa/inference/search_binder_local_pipeline_32_PDL1_ALPHA_REPACK_v7_r004_cand_v7r004_hyp_0004_02_003_ae5b6dc63e53e/job_0_n_220_id_37_fk_orig3_bm3-s0to100br3-s100to200br3-s200to300br1/job_0_n_220_id_37_fk_orig3_bm3-s0to100br3-s100to200br3-s200to300br1.pdb,151,"2,0,13,16,19,16,19,14,11,3,10,18,19,19,6,18,7,15,2,12,16,9,6,4,11,13,14,19,6,11,5,10,3,10,0,0,10,9,19,18,17,6,12,6,3,11,2,9,9,5,13,19,8,7,6,6,3,10,11,19,5,8,15,15,18,1,5,1,0,1,10,10,11,3,5,10,15,10,7,2,0,0,10,5,9,16,3,19,11,10,5,3,0,7,19,18,1,4,12,9,15,18,7,7,0,3,18,11,1,9,16,19,11,19,2,0,2,0,13,16,19,16,19,14,11,3,10,18,19,19,6,18,7,15,2,12,16,9,6,4,11,13,14,19,6,11,5,10,3,10,0,0,10,9,19,18,17,6,12,6,3,11,2,9,9,5,13,19,8,7,6,6,3,10,11,19,5,8,15,15,18,1,5,1,0,1,10,10,11,3,5,10,15,10,7,2,0,0,10,5,9,16,3,19,11,10,5,3,0,7,19,18,1,4,12,9,15,18,7,7,0,0,0,0,0,0,0,0,0,0,0,0,0",-0.5707626,0.34000936,3.0,0.017990429,44.458363,0.01829591,1.0,0.01829591,0.34955525,0.005885549,0.0,0.0,0.017990429,0.0026521047,0.8462827,0.34955525,2.9481833,1.3879886,44.458363,-0.5707626,3.9841795,201.25255,0.0,0.01768495,1.0,201.25255,0.21935849,0.15371731,2.9481833,0.0026521047,0.011771098,0.34000936,0.0,1.3879886,3.9841795,0.0,0.5707626,0.0,0.011771098,0.5707626,0.5806204,0.01768495,1.0,0.005885549,lookahead,fk_orig3_bm3-s0to100br3-s100to200br3-s200to300br1
/work/T-REX/external/Proteina-Complexa/inference/search_binder_local_pipeline_32_PDL1_ALPHA_REPACK_v7_r004_cand_v7r004_hyp_0004_02_003_ae5b6dc63e53e/job_0_n_233_id_38_fk_orig0_bm0-s0to100br2-s100to200br1-s200to300br2/job_0_n_233_id_38_fk_orig0_bm0-s0to100br2-s100to200br1-s200to300br2.pdb,152,"2,0,13,16,19,16,19,14,11,3,10,18,19,19,6,18,7,15,2,12,16,9,6,4,11,13,14,19,6,11,5,10,3,10,0,0,10,9,19,18,17,6,12,6,3,11,2,9,9,5,13,19,8,7,6,6,3,10,11,19,5,8,15,15,18,1,5,1,0,1,10,10,11,3,5,10,15,10,7,2,0,0,10,5,9,16,3,19,11,10,5,3,0,7,19,18,1,4,12,9,15,18,7,7,0,3,18,11,1,9,16,19,11,19,2,0,2,0,13,16,19,16,19,14,11,3,10,18,19,19,6,18,7,15,2,12,16,9,6,4,11,13,14,19,6,11,5,10,3,10,0,0,10,9,19,18,17,6,12,6,3,11,2,9,9,5,13,19,8,7,6,6,3,10,11,19,5,8,15,15,18,1,5,1,0,1,10,10,11,3,5,10,15,10,7,2,0,0,10,5,9,16,3,19,11,10,5,3,0,7,19,18,1,4,12,9,15,18,7,7,0,3,18,11,1,9,16,19,11,19,2,0,10",-0.5217168,0.28837192,3.0,0.0496868,60.912075,0.052792747,1.0,0.052792747,0.31053853,0.012700144,0.0,0.0,0.0496868,0.0028211547,0.85735184,0.31053853,3.1486552,1.2990718,60.912075,-0.5217168,3.8878853,198.5643,0.012426911,0.046580855,1.0,198.5643,0.26705897,0.14264815,3.1486552,0.0028211547,0.0129733775,0.28837192,0.0,1.2990718,3.8878853,0.012426911,0.5217168,0.0,0.0129733775,0.5217168,0.5884112,0.046580855,1.0,0.012700144,lookahead,fk_orig0_bm0-s0to100br2-s100to200br1-s200to300br2
/work/T-REX/external/Proteina-Complexa/inference/search_binder_local_pipeline_32_PDL1_ALPHA_REPACK_v7_r004_cand_v7r004_hyp_0004_02_003_ae5b6dc63e53e/job_0_n_211_id_38_fk_orig1_bm0-s0to100br2-s100to200br3-s200to300br2/job_0_n_211_id_38_fk_orig1_bm0-s0to100br2-s100to200br3-s200to300br2.pdb,153,"2,0,13,16,19,16,19,14,11,3,10,18,19,19,6,18,7,15,2,12,16,9,6,4,11,13,14,19,6,11,5,10,3,10,0,0,10,9,19,18,17,6,12,6,3,11,2,9,9,5,13,19,8,7,6,6,3,10,11,19,5,8,15,15,18,1,5,1,0,1,10,10,11,3,5,10,15,10,7,2,0,0,10,5,9,16,3,19,11,10,5,3,0,7,19,18,1,4,12,9,15,18,7,7,0,3,18,11,1,9,16,19,11,19,2,0,15,6,0,10,11,10,2,10,6,7,9,6,6,11,11,11,7,2,10,3,6,0,11,11,11,18,5,6,0,10,6,9,15,5,11,9,7,3,11,1,0,6,0,10,15,10,11,7,10,7,3,19,6,6,0,11,7,2,10,3,6,0,11,11,8,18,5,6,0,10,6,9,18,5,11,10,11,3,16,19,7,9,11,10,9,5,6,6,10,6,11,9,6,11,11,0,0,0,0,0,0,0,0,0,0,0,0,0,0,0,0,0,0,0,0,0,0",-0.3175949,0.15516622,3.0,0.190766,47.925476,0.22222029,1.0,0.22222029,0.2090797,0.18170542,0.0,0.0,0.190766,0.0026964496,0.8970349,0.2090797,3.22805,1.3283552,47.925476,-0.3175949,2.9924195,200.43521,0.14655007,0.15931174,1.0,200.43521,0.511472,0.10296513,3.22805,0.0026964496,0.21686074,0.15516622,0.0,1.3283552,2.9924195,0.14655007,0.3175949,0.0,0.21686074,0.3175949,0.71021724,0.15931174,1.0,0.18170542,lookahead,fk_orig1_bm0-s0to100br2-s100to200br3-s200to300br2
/work/T-REX/external/Proteina-Complexa/inference/search_binder_local_pipeline_32_PDL1_ALPHA_REPACK_v7_r004_cand_v7r004_hyp_0004_02_003_ae5b6dc63e53e/job_0_n_198_id_38_fk_orig2_bm0-s0to100br1-s100to200br0-s200to300br2/job_0_n_198_id_38_fk_orig2_bm0-s0to100br1-s100to200br0-s200to300br2.pdb,154,"2,0,13,16,19,16,19,14,11,3,10,18,19,19,6,18,7,15,2,12,16,9,6,4,11,13,14,19,6,11,5,10,3,10,0,0,10,9,19,18,17,6,12,6,3,11,2,9,9,5,13,19,8,7,6,6,3,10,11,19,5,8,15,15,18,1,5,1,0,1,10,10,11,3,5,10,15,10,7,2,0,0,10,5,9,16,3,19,11,10,5,3,0,7,19,18,1,4,12,9,15,18,7,7,0,3,18,11,1,9,16,19,11,19,2,0,16,6,6,6,9,1,6,13,9,2,15,10,14,1,19,7,5,16,10,1,16,0,13,10,4,8,13,15,7,0,11,18,14,12,7,2,19,7,10,11,16,10,6,15,10,1,11,18,19,14,15,19,3,19,10,1,2,0,16,19,6,6,10,16,11,19,8,7,19,7,14,19,16,0,5,15,9,18,3,8,13,8,0,0,0,0,0,0,0,0,0,0,0,0,0,0,0,0,0,0,0,0,0,0,0,0,0,0,0,0,0,0,0,0,0,0,0",-0.21517849,0.08538949,3.0,0.4011806,67.49669,0.41081086,1.0,0.41081086,0.17395246,0.4011806,0.0,0.0,0.4011806,0.0017255261,0.8603148,0.17395246,3.1517396,1.8347273,67.49669,-0.21517849,2.7687173,210.75671,0.39155033,0.39155033,1.0,210.75671,0.71118903,0.13968521,3.1517396,0.0017255261,0.41081086,0.08538949,0.0,1.8347273,2.7687173,0.39155033,0.21517849,0.0,0.41081086,0.21517849,0.82572615,0.39155033,1.0,0.4011806,lookahead,fk_orig2_bm0-s0to100br1-s100to200br0-s200to300br2
/work/T-REX/external/Proteina-Complexa/inference/search_binder_local_pipeline_32_PDL1_ALPHA_REPACK_v7_r004_cand_v7r004_hyp_0004_02_003_ae5b6dc63e53e/job_0_n_220_id_38_fk_orig3_bm3-s0to100br3-s100to200br3-s200to300br2/job_0_n_220_id_38_fk_orig3_bm3-s0to100br3-s100to200br3-s200to300br2.pdb,155,"2,0,13,16,19,16,19,14,11,3,10,18,19,19,6,18,7,15,2,12,16,9,6,4,11,13,14,19,6,11,5,10,3,10,0,0,10,9,19,18,17,6,12,6,3,11,2,9,9,5,13,19,8,7,6,6,3,10,11,19,5,8,15,15,18,1,5,1,0,1,10,10,11,3,5,10,15,10,7,2,0,0,10,5,9,16,3,19,11,10,5,3,0,7,19,18,1,4,12,9,15,18,7,7,0,3,18,11,1,9,16,19,11,19,2,0,2,0,13,16,19,16,19,14,11,3,10,18,19,19,6,18,7,15,2,12,16,9,6,4,11,13,14,19,6,11,5,10,3,10,0,0,10,9,19,18,17,6,12,6,3,11,2,9,9,5,13,19,8,7,6,6,3,10,11,19,5,8,15,15,18,1,5,1,0,1,10,10,11,3,5,10,15,10,7,2,0,0,10,5,9,16,3,19,11,10,5,3,0,7,19,18,1,4,12,9,15,18,7,7,0,0,0,0,0,0,0,0,0,0,0,0,0",-0.5684722,0.33988294,3.0,0.019123888,44.647266,0.02046136,1.0,0.02046136,0.34831282,0.0059631043,0.0,0.0,0.019123888,0.0026237364,0.8469713,0.34831282,3.0505254,1.3846823,44.647266,-0.5684722,3.977778,200.60773,0.0,0.017786415,1.0,200.60773,0.22111666,0.1530287,3.0505254,0.0026237364,0.011926209,0.33988294,0.0,1.3846823,3.977778,0.0,0.5684722,0.0,0.011926209,0.5684722,0.5815902,0.017786415,1.0,0.0059631043,lookahead,fk_orig3_bm3-s0to100br3-s100to200br3-s200to300br2
/work/T-REX/external/Proteina-Complexa/inference/search_binder_local_pipeline_32_PDL1_ALPHA_REPACK_v7_r004_cand_v7r004_hyp_0004_02_003_ae5b6dc63e53e/job_0_n_233_id_39_fk_orig0_bm0-s0to100br2-s100to200br1-s200to300br3/job_0_n_233_id_39_fk_orig0_bm0-s0to100br2-s100to200br1-s200to300br3.pdb,156,"2,0,13,16,19,16,19,14,11,3,10,18,19,19,6,18,7,15,2,12,16,9,6,4,11,13,14,19,6,11,5,10,3,10,0,0,10,9,19,18,17,6,12,6,3,11,2,9,9,5,13,19,8,7,6,6,3,10,11,19,5,8,15,15,18,1,5,1,0,1,10,10,11,3,5,10,15,10,7,2,0,0,10,5,9,16,3,19,11,10,5,3,0,7,19,18,1,4,12,9,15,18,7,7,0,3,18,11,1,9,16,19,11,19,2,0,2,0,13,16,19,16,19,14,11,3,10,18,19,19,6,18,7,15,2,12,16,9,6,4,11,13,14,19,6,11,5,10,3,10,0,0,10,9,19,18,17,6,12,6,3,11,2,9,9,5,13,19,8,7,6,6,3,10,11,19,5,8,15,15,18,1,5,1,0,1,10,10,11,3,5,10,15,10,7,2,0,0,10,5,9,16,3,19,11,10,5,3,0,7,19,18,1,4,12,9,15,18,7,7,0,3,18,11,1,9,16,19,11,19,2,0,14",-0.50862515,0.2736475,3.0,0.05495429,56.213608,0.058020398,1.0,0.058020398,0.30232355,0.013968439,0.0,0.0,0.05495429,0.0027572722,0.8596337,0.30232355,2.5435176,1.2784384,56.213608,-0.50862515,3.8452842,196.347,0.013743391,0.05188818,1.0,196.347,0.2713849,0.14036635,2.5435176,0.0027572722,0.014193486,0.2736475,0.0,1.2784384,3.8452842,0.013743391,0.50862515,0.0,0.014193486,0.50862515,0.59084773,0.05188818,1.0,0.013968439,lookahead,fk_orig0_bm0-s0to100br2-s100to200br1-s200to300br3
/work/T-REX/external/Proteina-Complexa/inference/search_binder_local_pipeline_32_PDL1_ALPHA_REPACK_v7_r004_cand_v7r004_hyp_0004_02_003_ae5b6dc63e53e/job_0_n_211_id_39_fk_orig1_bm0-s0to100br2-s100to200br3-s200to300br3/job_0_n_211_id_39_fk_orig1_bm0-s0to100br2-s100to200br3-s200to300br3.pdb,157,"2,0,13,16,19,16,19,14,11,3,10,18,19,19,6,18,7,15,2,12,16,9,6,4,11,13,14,19,6,11,5,10,3,10,0,0,10,9,19,18,17,6,12,6,3,11,2,9,9,5,13,19,8,7,6,6,3,10,11,19,5,8,15,15,18,1,5,1,0,1,10,10,11,3,5,10,15,10,7,2,0,0,10,5,9,16,3,19,11,10,5,3,0,7,19,18,1,4,12,9,15,18,7,7,0,3,18,11,1,9,16,19,11,19,2,0,9,6,0,10,11,10,2,10,6,7,9,6,6,6,11,11,7,2,10,3,6,0,11,11,11,18,6,6,0,10,6,9,0,11,11,15,7,3,11,11,9,6,0,2,15,10,11,7,10,7,3,19,6,6,11,1,7,2,10,3,6,0,11,11,18,18,6,6,0,10,6,9,18,11,6,10,2,3,11,19,7,9,11,10,19,6,6,0,10,11,11,9,6,11,11,0,0,0,0,0,0,0,0,0,0,0,0,0,0,0,0,0,0,0,0,0,0",-0.2513932,0.110970445,3.0,0.29228562,45.986465,0.3367453,1.0,0.3367453,0.17202958,0.2915193,0.0,0.0,0.29228562,0.0039478596,0.91524684,0.17202958,4.505246,1.3552419,45.986465,-0.2513932,2.733342,189.56117,0.24661915,0.24782592,1.0,189.56117,0.6025243,0.08475316,4.505246,0.0039478596,0.3364195,0.110970445,0.0,1.3552419,2.733342,0.24661915,0.2513932,0.0,0.3364195,0.2513932,0.76115537,0.24782592,1.0,0.2915193,lookahead,fk_orig1_bm0-s0to100br2-s100to200br3-s200to300br3
/work/T-REX/external/Proteina-Complexa/inference/search_binder_local_pipeline_32_PDL1_ALPHA_REPACK_v7_r004_cand_v7r004_hyp_0004_02_003_ae5b6dc63e53e/job_0_n_198_id_39_fk_orig2_bm0-s0to100br1-s100to200br0-s200to300br3/job_0_n_198_id_39_fk_orig2_bm0-s0to100br1-s100to200br0-s200to300br3.pdb,158,"2,0,13,16,19,16,19,14,11,3,10,18,19,19,6,18,7,15,2,12,16,9,6,4,11,13,14,19,6,11,5,10,3,10,0,0,10,9,19,18,17,6,12,6,3,11,2,9,9,5,13,19,8,7,6,6,3,10,11,19,5,8,15,15,18,1,5,1,0,1,10,10,11,3,5,10,15,10,7,2,0,0,10,5,9,16,3,19,11,10,5,3,0,7,19,18,1,4,12,9,15,18,7,7,0,3,18,11,1,9,16,19,11,19,2,0,16,6,6,6,9,1,6,13,9,2,15,10,14,11,19,7,5,16,10,1,16,0,13,10,10,8,13,15,7,0,11,8,8,13,0,2,19,7,3,15,19,12,6,15,10,1,11,18,19,14,15,19,3,19,10,1,2,0,16,19,6,6,10,16,11,19,8,7,9,7,14,19,16,0,5,2,9,19,3,13,13,11,0,0,0,0,0,0,0,0,0,0,0,0,0,0,0,0,0,0,0,0,0,0,0,0,0,0,0,0,0,0,0,0,0,0,0",-0.41028917,0.2439651,3.0,0.107285194,58.861637,0.10992636,1.0,0.10992636,0.30795726,0.038889438,0.0,0.0,0.107285194,0.003880801,0.7482753,0.30795726,3.3404512,2.1145504,58.861637,-0.41028917,3.5692532,231.51653,0.013542691,0.10464403,1.0,231.51653,0.41622195,0.25172475,3.3404512,0.003880801,0.06423619,0.2439651,0.0,2.1145504,3.5692532,0.013542691,0.41028917,0.0,0.06423619,0.41028917,0.6990085,0.10464403,1.0,0.038889438,lookahead,fk_orig2_bm0-s0to100br1-s100to200br0-s200to300br3
/work/T-REX/external/Proteina-Complexa/inference/search_binder_local_pipeline_32_PDL1_ALPHA_REPACK_v7_r004_cand_v7r004_hyp_0004_02_003_ae5b6dc63e53e/job_0_n_220_id_39_fk_orig3_bm3-s0to100br3-s100to200br3-s200to300br3/job_0_n_220_id_39_fk_orig3_bm3-s0to100br3-s100to200br3-s200to300br3.pdb,159,"2,0,13,16,19,16,19,14,11,3,10,18,19,19,6,18,7,15,2,12,16,9,6,4,11,13,14,19,6,11,5,10,3,10,0,0,10,9,19,18,17,6,12,6,3,11,2,9,9,5,13,19,8,7,6,6,3,10,11,19,5,8,15,15,18,1,5,1,0,1,10,10,11,3,5,10,15,10,7,2,0,0,10,5,9,16,3,19,11,10,5,3,0,7,19,18,1,4,12,9,15,18,7,7,0,3,18,11,1,9,16,19,11,19,2,0,2,0,13,16,19,16,19,14,11,3,10,18,19,19,6,18,7,15,2,12,16,9,6,4,11,13,14,19,6,11,5,10,3,10,0,0,10,9,19,18,17,6,12,6,3,11,2,9,9,5,13,19,8,7,6,6,3,10,11,19,5,8,15,15,18,1,5,1,0,1,10,10,11,3,5,10,15,10,7,2,0,0,10,5,9,16,3,19,11,10,5,3,0,7,19,18,1,4,12,9,15,18,7,7,0,0,0,0,0,0,0,0,0,0,0,0,0",-0.5691562,0.34012014,3.0,0.01896888,43.8002,0.02026312,1.0,0.02026312,0.34866375,0.006007713,0.0,0.0,0.01896888,0.00265539,0.84681094,0.34866375,3.2160888,1.3871357,43.8002,-0.5691562,3.9770262,202.5553,0.0,0.01767464,1.0,202.5553,0.22225681,0.15318908,3.2160888,0.00265539,0.012015426,0.34012014,0.0,1.3871357,3.9770262,0.0,0.5691562,0.0,0.012015426,0.5691562,0.58205616,0.01767464,1.0,0.006007713,lookahead,fk_orig3_bm3-s0to100br3-s100to200br3-s200to300br3
/work/T-REX/external/Proteina-Complexa/inference/search_binder_local_pipeline_32_PDL1_ALPHA_REPACK_v7_r004_cand_v7r004_hyp_0004_02_003_ae5b6dc63e53e/job_0_n_233_id_40_fk_orig0_bm0-s0to100br2-s100to200br3-s200to300br0/job_0_n_233_id_40_fk_orig0_bm0-s0to100br2-s100to200br3-s200to300br0.pdb,160,"2,0,13,16,19,16,19,14,11,3,10,18,19,19,6,18,7,15,2,12,16,9,6,4,11,13,14,19,6,11,5,10,3,10,0,0,10,9,19,18,17,6,12,6,3,11,2,9,9,5,13,19,8,7,6,6,3,10,11,19,5,8,15,15,18,1,5,1,0,1,10,10,11,3,5,10,15,10,7,2,0,0,10,5,9,16,3,19,11,10,5,3,0,7,19,18,1,4,12,9,15,18,7,7,0,3,18,11,1,9,16,19,11,19,2,0,2,0,13,16,19,16,19,14,11,3,10,18,19,19,6,18,7,15,2,12,16,9,6,4,11,13,14,19,6,11,5,10,3,10,0,0,10,9,19,18,17,6,12,6,3,11,2,9,9,5,13,19,8,7,6,6,3,10,11,19,5,8,15,15,18,1,5,1,0,1,10,10,11,3,5,10,15,10,7,2,0,0,10,5,9,16,3,19,11,10,5,3,0,7,19,18,1,4,12,9,15,18,7,7,0,3,18,11,1,9,16,19,11,19,2,0,14",-0.5394044,0.30692118,3.0,0.038678266,58.40963,0.041130185,1.0,0.041130185,0.31804076,0.01192327,0.0,0.0,0.038678266,0.0028511044,0.85982645,0.31804076,3.2842417,1.2888894,58.40963,-0.5394044,3.9334528,197.72516,0.011716747,0.036226343,1.0,197.72516,0.2524553,0.14017352,3.2842417,0.0028511044,0.012129793,0.30692118,0.0,1.2888894,3.9334528,0.011716747,0.5394044,0.0,0.012129793,0.5394044,0.5819682,0.036226343,1.0,0.01192327,lookahead,fk_orig0_bm0-s0to100br2-s100to200br3-s200to300br0
/work/T-REX/external/Proteina-Complexa/inference/search_binder_local_pipeline_32_PDL1_ALPHA_REPACK_v7_r004_cand_v7r004_hyp_0004_02_003_ae5b6dc63e53e/job_0_n_211_id_40_fk_orig1_bm0-s0to100br2-s100to200br0-s200to300br0/job_0_n_211_id_40_fk_orig1_bm0-s0to100br2-s100to200br0-s200to300br0.pdb,161,"2,0,13,16,19,16,19,14,11,3,10,18,19,19,6,18,7,15,2,12,16,9,6,4,11,13,14,19,6,11,5,10,3,10,0,0,10,9,19,18,17,6,12,6,3,11,2,9,9,5,13,19,8,7,6,6,3,10,11,19,5,8,15,15,18,1,5,1,0,1,10,10,11,3,5,10,15,10,7,2,0,0,10,5,9,16,3,19,11,10,5,3,0,7,19,18,1,4,12,9,15,18,7,7,0,3,18,11,1,9,16,19,11,19,2,0,12,6,0,10,11,10,18,4,6,7,11,6,6,5,11,11,7,2,10,3,6,0,6,11,11,18,5,6,0,10,6,9,0,11,5,2,2,3,11,19,9,6,0,2,15,10,2,7,10,7,3,19,6,6,0,11,7,2,10,3,6,0,10,11,18,18,5,6,0,10,6,9,1,11,5,10,11,3,16,9,7,9,11,6,15,5,6,0,9,6,11,9,11,15,11,0,0,0,0,0,0,0,0,0,0,0,0,0,0,0,0,0,0,0,0,0,0",-0.20942065,0.07760248,3.0,0.41447586,42.202118,0.46653888,1.0,0.46653888,0.14897813,0.41447586,0.0,0.0,0.41447586,0.0023698632,0.9252312,0.14897813,2.9485478,1.2999558,42.202118,-0.20942065,2.4449978,185.50473,0.3624128,0.3624128,1.0,185.50473,0.7037683,0.07476879,2.9485478,0.0023698632,0.46653888,0.07760248,0.0,1.2999558,2.4449978,0.3624128,0.20942065,0.0,0.46653888,0.20942065,0.80967,0.3624128,1.0,0.41447586,lookahead,fk_orig1_bm0-s0to100br2-s100to200br0-s200to300br0
/work/T-REX/external/Proteina-Complexa/inference/search_binder_local_pipeline_32_PDL1_ALPHA_REPACK_v7_r004_cand_v7r004_hyp_0004_02_003_ae5b6dc63e53e/job_0_n_198_id_40_fk_orig2_bm0-s0to100br1-s100to200br1-s200to300br0/job_0_n_198_id_40_fk_orig2_bm0-s0to100br1-s100to200br1-s200to300br0.pdb,162,"2,0,13,16,19,16,19,14,11,3,10,18,19,19,6,18,7,15,2,12,16,9,6,4,11,13,14,19,6,11,5,10,3,10,0,0,10,9,19,18,17,6,12,6,3,11,2,9,9,5,13,19,8,7,6,6,3,10,11,19,5,8,15,15,18,1,5,1,0,1,10,10,11,3,5,10,15,10,7,2,0,0,10,5,9,16,3,19,11,10,5,3,0,7,19,18,1,4,12,9,15,18,7,7,0,3,18,11,1,9,16,19,11,19,2,0,12,3,11,6,9,15,6,13,10,2,15,9,14,6,10,11,5,19,10,1,2,0,13,10,15,19,10,15,7,0,14,8,14,13,0,6,19,7,14,19,10,10,5,15,10,11,6,11,19,14,3,10,6,16,10,11,2,0,16,0,6,6,10,16,8,19,8,7,9,7,14,19,16,0,6,11,9,19,0,0,1,2,0,0,0,0,0,0,0,0,0,0,0,0,0,0,0,0,0,0,0,0,0,0,0,0,0,0,0,0,0,0,0,0,0,0,0",-0.21026248,0.087962404,3.0,0.41231072,35.889755,0.44016516,1.0,0.44016516,0.16091,0.41231072,0.0,0.0,0.41231072,0.0032469977,0.9075756,0.16091,1.2892975,1.6115179,35.889755,-0.21026248,2.5858395,170.91058,0.3844563,0.3844563,1.0,170.91058,0.72359586,0.09242436,1.2892975,0.0032469977,0.44016516,0.087962404,0.0,1.6115179,2.5858395,0.3844563,0.21026248,0.0,0.44016516,0.21026248,0.8310156,0.3844563,1.0,0.41231072,lookahead,fk_orig2_bm0-s0to100br1-s100to200br1-s200to300br0
/work/T-REX/external/Proteina-Complexa/inference/search_binder_local_pipeline_32_PDL1_ALPHA_REPACK_v7_r004_cand_v7r004_hyp_0004_02_003_ae5b6dc63e53e/job_0_n_220_id_40_fk_orig3_bm0-s0to100br2-s100to200br0-s200to300br0/job_0_n_220_id_40_fk_orig3_bm0-s0to100br2-s100to200br0-s200to300br0.pdb,163,"2,0,13,16,19,16,19,14,11,3,10,18,19,19,6,18,7,15,2,12,16,9,6,4,11,13,14,19,6,11,5,10,3,10,0,0,10,9,19,18,17,6,12,6,3,11,2,9,9,5,13,19,8,7,6,6,3,10,11,19,5,8,15,15,18,1,5,1,0,1,10,10,11,3,5,10,15,10,7,2,0,0,10,5,9,16,3,19,11,10,5,3,0,7,19,18,1,4,12,9,15,18,7,7,0,3,18,11,1,9,16,19,11,19,2,0,0,13,11,19,9,16,14,11,3,10,18,16,19,16,6,7,15,2,19,16,10,6,4,11,14,15,11,15,19,3,10,15,11,2,13,15,10,16,17,11,2,14,5,11,5,16,19,19,5,18,0,11,7,6,19,16,16,18,3,14,1,13,11,10,10,16,2,16,13,15,10,5,9,16,2,0,11,14,15,3,15,7,19,18,6,4,9,19,13,18,7,7,0,3,15,11,16,9,16,10,2,19,10,18,0,0,0,0,0,0,0,0,0,0,0,0,0",-0.48221165,0.22872688,3.0,0.07674106,54.576614,0.084152274,1.0,0.084152274,0.30814436,0.014329793,0.0,0.0,0.07674106,0.0020908192,0.8467816,0.30814436,2.8847067,1.5616913,54.576614,-0.48221165,3.6558971,210.5553,0.014109277,0.06932985,1.0,210.5553,0.38497233,0.15321836,2.8847067,0.0020908192,0.014550309,0.22872688,0.0,1.5616913,3.6558971,0.014109277,0.48221165,0.0,0.014550309,0.48221165,0.65521264,0.06932985,1.0,0.014329793,lookahead,fk_orig3_bm0-s0to100br2-s100to200br0-s200to300br0
/work/T-REX/external/Proteina-Complexa/inference/search_binder_local_pipeline_32_PDL1_ALPHA_REPACK_v7_r004_cand_v7r004_hyp_0004_02_003_ae5b6dc63e53e/job_0_n_233_id_41_fk_orig0_bm0-s0to100br2-s100to200br3-s200to300br1/job_0_n_233_id_41_fk_orig0_bm0-s0to100br2-s100to200br3-s200to300br1.pdb,164,"2,0,13,16,19,16,19,14,11,3,10,18,19,19,6,18,7,15,2,12,16,9,6,4,11,13,14,19,6,11,5,10,3,10,0,0,10,9,19,18,17,6,12,6,3,11,2,9,9,5,13,19,8,7,6,6,3,10,11,19,5,8,15,15,18,1,5,1,0,1,10,10,11,3,5,10,15,10,7,2,0,0,10,5,9,16,3,19,11,10,5,3,0,7,19,18,1,4,12,9,15,18,7,7,0,3,18,11,1,9,16,19,11,19,2,0,2,0,13,16,19,16,19,14,11,3,10,18,19,19,6,18,7,15,2,12,16,9,6,4,11,13,14,19,6,11,5,10,3,10,0,0,10,9,19,18,17,6,12,6,3,11,2,9,9,5,13,19,8,7,6,6,3,10,11,19,5,8,15,15,18,1,5,1,0,1,10,10,11,3,5,10,15,10,7,2,0,0,10,5,9,16,3,19,11,10,5,3,0,7,19,18,1,4,12,9,15,18,7,7,0,3,18,11,1,9,16,19,11,19,2,0,10",-0.51681805,0.28449503,3.0,0.052005798,59.39535,0.055415917,1.0,0.055415917,0.30770734,0.012589323,0.0,0.0,0.052005798,0.002801149,0.8583894,0.30770734,3.2231019,1.2938162,59.39535,-0.51681805,3.8773057,197.42479,0.012337739,0.048595678,1.0,197.42479,0.27197236,0.14161065,3.2231019,0.002801149,0.012840908,0.28449503,0.0,1.2938162,3.8773057,0.012337739,0.51681805,0.0,0.012840908,0.51681805,0.59121805,0.048595678,1.0,0.012589323,lookahead,fk_orig0_bm0-s0to100br2-s100to200br3-s200to300br1
/work/T-REX/external/Proteina-Complexa/inference/search_binder_local_pipeline_32_PDL1_ALPHA_REPACK_v7_r004_cand_v7r004_hyp_0004_02_003_ae5b6dc63e53e/job_0_n_211_id_41_fk_orig1_bm0-s0to100br2-s100to200br0-s200to300br1/job_0_n_211_id_41_fk_orig1_bm0-s0to100br2-s100to200br0-s200to300br1.pdb,165,"2,0,13,16,19,16,19,14,11,3,10,18,19,19,6,18,7,15,2,12,16,9,6,4,11,13,14,19,6,11,5,10,3,10,0,0,10,9,19,18,17,6,12,6,3,11,2,9,9,5,13,19,8,7,6,6,3,10,11,19,5,8,15,15,18,1,5,1,0,1,10,10,11,3,5,10,15,10,7,2,0,0,10,5,9,16,3,19,11,10,5,3,0,7,19,18,1,4,12,9,15,18,7,7,0,3,18,11,1,9,16,19,11,19,2,0,12,6,0,10,11,10,2,10,6,7,11,6,6,10,11,11,7,2,10,3,6,0,11,11,11,18,6,6,0,10,6,9,15,11,11,10,7,3,11,19,7,6,0,2,15,10,2,7,10,7,3,19,6,6,0,11,7,2,10,3,6,0,11,11,18,18,6,6,0,10,6,9,11,11,11,9,7,3,11,9,7,19,11,5,9,11,6,6,10,6,11,9,6,0,11,0,0,0,0,0,0,0,0,0,0,0,0,0,0,0,0,0,0,0,0,0,0",-0.20922075,0.07979051,3.0,0.41333196,35.767384,0.44999686,1.0,0.44999686,0.1500362,0.41333196,0.0,0.0,0.41333196,0.0033602032,0.9257011,0.1500362,2.2149794,1.3388562,35.767384,-0.20922075,2.4069147,181.47665,0.37666705,0.37666705,1.0,181.47665,0.707253,0.0742989,2.2149794,0.0033602032,0.44999686,0.07979051,0.0,1.3388562,2.4069147,0.37666705,0.20922075,0.0,0.44999686,0.20922075,0.8121833,0.37666705,1.0,0.41333196,lookahead,fk_orig1_bm0-s0to100br2-s100to200br0-s200to300br1
/work/T-REX/external/Proteina-Complexa/inference/search_binder_local_pipeline_32_PDL1_ALPHA_REPACK_v7_r004_cand_v7r004_hyp_0004_02_003_ae5b6dc63e53e/job_0_n_198_id_41_fk_orig2_bm0-s0to100br1-s100to200br1-s200to300br1/job_0_n_198_id_41_fk_orig2_bm0-s0to100br1-s100to200br1-s200to300br1.pdb,166,"2,0,13,16,19,16,19,14,11,3,10,18,19,19,6,18,7,15,2,12,16,9,6,4,11,13,14,19,6,11,5,10,3,10,0,0,10,9,19,18,17,6,12,6,3,11,2,9,9,5,13,19,8,7,6,6,3,10,11,19,5,8,15,15,18,1,5,1,0,1,10,10,11,3,5,10,15,10,7,2,0,0,10,5,9,16,3,19,11,10,5,3,0,7,19,18,1,4,12,9,15,18,7,7,0,3,18,11,1,9,16,19,11,19,2,0,15,3,11,6,9,15,6,13,9,2,15,9,14,3,10,11,5,9,10,1,2,7,13,10,15,19,10,15,7,0,11,8,14,13,7,6,19,7,3,19,10,18,5,15,10,11,3,11,19,14,2,10,6,16,10,11,2,0,16,0,6,6,10,16,15,19,8,7,9,7,14,19,16,0,5,11,9,19,0,0,1,2,0,0,0,0,0,0,0,0,0,0,0,0,0,0,0,0,0,0,0,0,0,0,0,0,0,0,0,0,0,0,0,0,0,0,0",-0.14258385,0.042469982,3.0,0.6904028,40.22626,0.71948516,1.0,0.71948516,0.11741202,0.6904028,0.0,0.0,0.6904028,0.0019102939,0.93759114,0.11741202,1.613269,1.4561015,40.22626,-0.14258385,2.1073804,174.0449,0.66132045,0.66132045,1.0,174.0449,0.8467239,0.062408853,1.613269,0.0019102939,0.71948516,0.042469982,0.0,1.4561015,2.1073804,0.66132045,0.14258385,0.0,0.71948516,0.14258385,0.8912255,0.66132045,1.0,0.6904028,lookahead,fk_orig2_bm0-s0to100br1-s100to200br1-s200to300br1
/work/T-REX/external/Proteina-Complexa/inference/search_binder_local_pipeline_32_PDL1_ALPHA_REPACK_v7_r004_cand_v7r004_hyp_0004_02_003_ae5b6dc63e53e/job_0_n_220_id_41_fk_orig3_bm0-s0to100br2-s100to200br0-s200to300br1/job_0_n_220_id_41_fk_orig3_bm0-s0to100br2-s100to200br0-s200to300br1.pdb,167,"2,0,13,16,19,16,19,14,11,3,10,18,19,19,6,18,7,15,2,12,16,9,6,4,11,13,14,19,6,11,5,10,3,10,0,0,10,9,19,18,17,6,12,6,3,11,2,9,9,5,13,19,8,7,6,6,3,10,11,19,5,8,15,15,18,1,5,1,0,1,10,10,11,3,5,10,15,10,7,2,0,0,10,5,9,16,3,19,11,10,5,3,0,7,19,18,1,4,12,9,15,18,7,7,0,3,18,11,1,9,16,19,11,19,2,0,0,13,11,19,10,19,14,11,14,10,18,15,19,6,0,7,15,15,19,16,10,6,4,11,14,15,11,14,9,3,16,15,11,2,13,15,9,16,17,11,2,14,5,11,5,16,19,19,5,13,15,15,7,6,6,16,16,18,3,14,1,13,11,10,9,11,15,16,13,15,10,10,9,15,3,19,11,14,15,3,15,7,19,18,6,4,9,19,13,18,7,7,0,3,0,11,16,9,16,10,3,19,11,18,0,0,0,0,0,0,0,0,0,0,0,0,0",-0.27548182,0.10432423,3.0,0.31215188,83.07156,0.31699002,1.0,0.31699002,0.201111,0.31215188,0.0,0.0,0.31215188,0.0028209756,0.88334274,0.201111,5.953456,1.5536189,83.07156,-0.27548182,2.9731703,221.48367,0.30731374,0.30731374,1.0,221.48367,0.67872524,0.11665729,5.953456,0.0028209756,0.31699002,0.10432423,0.0,1.5536189,2.9731703,0.30731374,0.27548182,0.0,0.31699002,0.27548182,0.79405034,0.30731374,1.0,0.31215188,lookahead,fk_orig3_bm0-s0to100br2-s100to200br0-s200to300br1
/work/T-REX/external/Proteina-Complexa/inference/search_binder_local_pipeline_32_PDL1_ALPHA_REPACK_v7_r004_cand_v7r004_hyp_0004_02_003_ae5b6dc63e53e/job_0_n_233_id_42_fk_orig0_bm0-s0to100br2-s100to200br3-s200to300br2/job_0_n_233_id_42_fk_orig0_bm0-s0to100br2-s100to200br3-s200to300br2.pdb,168,"2,0,13,16,19,16,19,14,11,3,10,18,19,19,6,18,7,15,2,12,16,9,6,4,11,13,14,19,6,11,5,10,3,10,0,0,10,9,19,18,17,6,12,6,3,11,2,9,9,5,13,19,8,7,6,6,3,10,11,19,5,8,15,15,18,1,5,1,0,1,10,10,11,3,5,10,15,10,7,2,0,0,10,5,9,16,3,19,11,10,5,3,0,7,19,18,1,4,12,9,15,18,7,7,0,3,18,11,1,9,16,19,11,19,2,0,2,0,13,16,19,16,19,14,11,3,10,18,19,19,6,18,7,15,2,12,16,9,6,4,11,13,14,19,6,11,5,10,3,10,0,0,10,9,19,18,17,6,12,6,3,11,2,9,9,5,13,19,8,7,6,6,3,10,11,19,5,8,15,15,18,1,5,1,0,1,10,10,11,3,5,10,15,10,7,2,0,0,10,5,9,16,3,19,11,10,5,3,0,7,19,18,1,4,12,9,15,18,7,7,0,3,18,11,1,9,16,19,11,19,2,0,10",-0.52245903,0.28900677,3.0,0.049747296,56.175106,0.05270283,1.0,0.05270283,0.31049415,0.012742611,0.0,0.0,0.049747296,0.0027689547,0.8578759,0.31049415,2.7720232,1.2948349,56.175106,-0.52245903,3.8897653,198.27983,0.012420128,0.04679176,1.0,198.27983,0.26546156,0.1421241,2.7720232,0.0027689547,0.013065094,0.28900677,0.0,1.2948349,3.8897653,0.012420128,0.52245903,0.0,0.013065094,0.52245903,0.5881388,0.04679176,1.0,0.012742611,lookahead,fk_orig0_bm0-s0to100br2-s100to200br3-s200to300br2
/work/T-REX/external/Proteina-Complexa/inference/search_binder_local_pipeline_32_PDL1_ALPHA_REPACK_v7_r004_cand_v7r004_hyp_0004_02_003_ae5b6dc63e53e/job_0_n_211_id_42_fk_orig1_bm0-s0to100br2-s100to200br0-s200to300br2/job_0_n_211_id_42_fk_orig1_bm0-s0to100br2-s100to200br0-s200to300br2.pdb,169,"2,0,13,16,19,16,19,14,11,3,10,18,19,19,6,18,7,15,2,12,16,9,6,4,11,13,14,19,6,11,5,10,3,10,0,0,10,9,19,18,17,6,12,6,3,11,2,9,9,5,13,19,8,7,6,6,3,10,11,19,5,8,15,15,18,1,5,1,0,1,10,10,11,3,5,10,15,10,7,2,0,0,10,5,9,16,3,19,11,10,5,3,0,7,19,18,1,4,12,9,15,18,7,7,0,3,18,11,1,9,16,19,11,19,2,0,12,6,0,10,11,10,18,10,6,7,11,6,6,10,11,11,7,2,10,3,6,0,11,11,11,13,6,6,0,10,6,9,0,11,11,2,2,3,11,10,0,6,0,2,15,10,2,7,10,7,3,19,6,6,0,11,7,2,10,3,6,0,11,11,8,18,6,6,0,10,6,9,18,11,11,9,7,3,11,19,7,19,11,5,9,11,6,0,10,6,11,9,6,0,11,0,0,0,0,0,0,0,0,0,0,0,0,0,0,0,0,0,0,0,0,0,0",-0.26053432,0.120622076,3.0,0.2741148,41.625908,0.3055095,1.0,0.3055095,0.1775827,0.27371418,0.0,0.0,0.2741148,0.0028303694,0.9151221,0.1775827,4.166306,1.3350129,41.625908,-0.26053432,2.7262588,183.03987,0.24191886,0.24272004,1.0,183.03987,0.61356974,0.08487789,4.166306,0.0028303694,0.3055095,0.120622076,0.0,1.3350129,2.7262588,0.24191886,0.26053432,0.0,0.3055095,0.26053432,0.7626388,0.24272004,1.0,0.27371418,lookahead,fk_orig1_bm0-s0to100br2-s100to200br0-s200to300br2
/work/T-REX/external/Proteina-Complexa/inference/search_binder_local_pipeline_32_PDL1_ALPHA_REPACK_v7_r004_cand_v7r004_hyp_0004_02_003_ae5b6dc63e53e/job_0_n_198_id_42_fk_orig2_bm0-s0to100br1-s100to200br1-s200to300br2/job_0_n_198_id_42_fk_orig2_bm0-s0to100br1-s100to200br1-s200to300br2.pdb,170,"2,0,13,16,19,16,19,14,11,3,10,18,19,19,6,18,7,15,2,12,16,9,6,4,11,13,14,19,6,11,5,10,3,10,0,0,10,9,19,18,17,6,12,6,3,11,2,9,9,5,13,19,8,7,6,6,3,10,11,19,5,8,15,15,18,1,5,1,0,1,10,10,11,3,5,10,15,10,7,2,0,0,10,5,9,16,3,19,11,10,5,3,0,7,19,18,1,4,12,9,15,18,7,7,0,3,18,11,1,9,16,19,11,19,2,0,15,3,8,6,9,15,16,13,9,2,15,9,14,6,10,11,5,19,10,1,2,0,13,10,15,19,10,15,7,0,11,8,14,13,0,6,19,7,14,19,10,10,5,15,10,11,6,11,19,14,2,10,6,16,10,5,2,0,16,0,6,6,10,16,15,19,8,7,9,7,14,19,16,0,5,11,9,9,0,0,1,2,0,0,0,0,0,0,0,0,0,0,0,0,0,0,0,0,0,0,0,0,0,0,0,0,0,0,0,0,0,0,0,0,0,0,0",-0.16340303,0.05137759,3.0,0.60932696,37.361515,0.6424763,1.0,0.6424763,0.13149956,0.60932696,0.0,0.0,0.60932696,0.0022733856,0.924714,0.13149956,1.4198288,1.5756847,37.361515,-0.16340303,2.2859087,164.6143,0.5761776,0.5761776,1.0,164.6143,0.8140204,0.07528596,1.4198288,0.0022733856,0.6424763,0.05137759,0.0,1.5756847,2.2859087,0.5761776,0.16340303,0.0,0.6424763,0.16340303,0.8656989,0.5761776,1.0,0.60932696,lookahead,fk_orig2_bm0-s0to100br1-s100to200br1-s200to300br2
/work/T-REX/external/Proteina-Complexa/inference/search_binder_local_pipeline_32_PDL1_ALPHA_REPACK_v7_r004_cand_v7r004_hyp_0004_02_003_ae5b6dc63e53e/job_0_n_220_id_42_fk_orig3_bm0-s0to100br2-s100to200br0-s200to300br2/job_0_n_220_id_42_fk_orig3_bm0-s0to100br2-s100to200br0-s200to300br2.pdb,171,"2,0,13,16,19,16,19,14,11,3,10,18,19,19,6,18,7,15,2,12,16,9,6,4,11,13,14,19,6,11,5,10,3,10,0,0,10,9,19,18,17,6,12,6,3,11,2,9,9,5,13,19,8,7,6,6,3,10,11,19,5,8,15,15,18,1,5,1,0,1,10,10,11,3,5,10,15,10,7,2,0,0,10,5,9,16,3,19,11,10,5,3,0,7,19,18,1,4,12,9,15,18,7,7,0,3,18,11,1,9,16,19,11,19,2,0,0,13,16,19,16,19,14,11,3,10,18,16,19,6,6,7,15,2,19,16,10,6,4,11,14,15,11,14,9,3,10,15,11,14,13,15,9,16,17,11,2,14,5,11,5,16,19,19,5,13,15,15,7,19,6,16,2,18,3,14,1,13,11,10,10,11,3,16,13,15,10,10,9,16,2,16,11,10,15,3,15,7,19,18,6,4,9,19,13,18,7,7,0,3,15,11,11,9,16,10,2,19,11,0,0,0,0,0,0,0,0,0,0,0,0,0,0",-0.35481825,0.17070198,3.0,0.16973525,127.430916,0.1751227,1.0,0.1751227,0.2347413,0.1414417,0.0,0.0,0.16973525,0.0013694878,0.8677581,0.2347413,25.578285,1.4648749,127.430916,-0.35481825,3.3568094,262.97314,0.13473721,0.16434781,1.0,262.97314,0.50268567,0.13224189,25.578285,0.0013694878,0.14814618,0.17070198,0.0,1.4648749,3.3568094,0.13473721,0.35481825,0.0,0.14814618,0.35481825,0.7182169,0.16434781,1.0,0.1414417,lookahead,fk_orig3_bm0-s0to100br2-s100to200br0-s200to300br2
/work/T-REX/external/Proteina-Complexa/inference/search_binder_local_pipeline_32_PDL1_ALPHA_REPACK_v7_r004_cand_v7r004_hyp_0004_02_003_ae5b6dc63e53e/job_0_n_233_id_43_fk_orig0_bm0-s0to100br2-s100to200br3-s200to300br3/job_0_n_233_id_43_fk_orig0_bm0-s0to100br2-s100to200br3-s200to300br3.pdb,172,"2,0,13,16,19,16,19,14,11,3,10,18,19,19,6,18,7,15,2,12,16,9,6,4,11,13,14,19,6,11,5,10,3,10,0,0,10,9,19,18,17,6,12,6,3,11,2,9,9,5,13,19,8,7,6,6,3,10,11,19,5,8,15,15,18,1,5,1,0,1,10,10,11,3,5,10,15,10,7,2,0,0,10,5,9,16,3,19,11,10,5,3,0,7,19,18,1,4,12,9,15,18,7,7,0,3,18,11,1,9,16,19,11,19,2,0,2,0,13,16,19,16,19,14,11,3,10,18,19,19,6,18,7,15,2,12,16,9,6,4,11,13,14,19,6,11,5,10,3,10,0,0,10,9,19,18,17,6,12,6,3,11,2,9,9,5,13,19,8,7,6,6,3,10,11,19,5,8,15,15,18,1,5,1,0,1,10,10,11,3,5,10,15,10,7,2,0,0,10,5,9,16,3,19,11,10,5,3,0,7,19,18,1,4,12,9,15,18,7,7,0,3,18,11,1,9,16,19,11,19,2,0,14",-0.515005,0.2842002,3.0,0.05211913,57.441338,0.05472575,1.0,0.05472575,0.3055634,0.012989048,0.0,0.0,0.05211913,0.0028376398,0.8599375,0.3055634,2.8268473,1.2803164,57.441338,-0.515005,3.8725488,196.81773,0.012759088,0.04951251,1.0,196.81773,0.26987943,0.1400625,2.8268473,0.0028376398,0.013219008,0.2842002,0.0,1.2803164,3.8725488,0.012759088,0.515005,0.0,0.013219008,0.515005,0.591071,0.04951251,1.0,0.012989048,lookahead,fk_orig0_bm0-s0to100br2-s100to200br3-s200to300br3
/work/T-REX/external/Proteina-Complexa/inference/search_binder_local_pipeline_32_PDL1_ALPHA_REPACK_v7_r004_cand_v7r004_hyp_0004_02_003_ae5b6dc63e53e/job_0_n_211_id_43_fk_orig1_bm0-s0to100br2-s100to200br0-s200to300br3/job_0_n_211_id_43_fk_orig1_bm0-s0to100br2-s100to200br0-s200to300br3.pdb,173,"2,0,13,16,19,16,19,14,11,3,10,18,19,19,6,18,7,15,2,12,16,9,6,4,11,13,14,19,6,11,5,10,3,10,0,0,10,9,19,18,17,6,12,6,3,11,2,9,9,5,13,19,8,7,6,6,3,10,11,19,5,8,15,15,18,1,5,1,0,1,10,10,11,3,5,10,15,10,7,2,0,0,10,5,9,16,3,19,11,10,5,3,0,7,19,18,1,4,12,9,15,18,7,7,0,3,18,11,1,9,16,19,11,19,2,0,19,6,0,10,11,10,2,10,6,7,11,6,6,10,11,11,7,2,10,3,6,0,11,11,10,18,6,6,0,10,6,9,15,11,11,9,7,3,11,19,7,6,0,2,15,10,2,7,10,7,3,19,6,5,0,11,7,2,10,3,6,0,11,11,18,18,6,6,0,10,6,9,18,11,6,9,7,3,11,9,7,9,11,10,15,5,6,7,9,11,11,9,6,6,0,0,0,0,0,0,0,0,0,0,0,0,0,0,0,0,0,0,0,0,0,0,0",-0.20659685,0.073595315,3.0,0.4328796,32.699196,0.47777954,1.0,0.47777954,0.14500369,0.4328796,0.0,0.0,0.4328796,0.0023893972,0.9322942,0.14500369,1.815423,1.2591035,32.699196,-0.20659685,2.368202,168.37982,0.38797966,0.38797966,1.0,168.37982,0.7301582,0.06770581,1.815423,0.0023893972,0.47777954,0.073595315,0.0,1.2591035,2.368202,0.38797966,0.20659685,0.0,0.47777954,0.20659685,0.82014585,0.38797966,1.0,0.4328796,lookahead,fk_orig1_bm0-s0to100br2-s100to200br0-s200to300br3
/work/T-REX/external/Proteina-Complexa/inference/search_binder_local_pipeline_32_PDL1_ALPHA_REPACK_v7_r004_cand_v7r004_hyp_0004_02_003_ae5b6dc63e53e/job_0_n_198_id_43_fk_orig2_bm0-s0to100br1-s100to200br1-s200to300br3/job_0_n_198_id_43_fk_orig2_bm0-s0to100br1-s100to200br1-s200to300br3.pdb,174,"2,0,13,16,19,16,19,14,11,3,10,18,19,19,6,18,7,15,2,12,16,9,6,4,11,13,14,19,6,11,5,10,3,10,0,0,10,9,19,18,17,6,12,6,3,11,2,9,9,5,13,19,8,7,6,6,3,10,11,19,5,8,15,15,18,1,5,1,0,1,10,10,11,3,5,10,15,10,7,2,0,0,10,5,9,16,3,19,11,10,5,3,0,7,19,18,1,4,12,9,15,18,7,7,0,3,18,11,1,9,16,19,11,19,2,0,15,3,11,6,9,15,6,13,9,2,15,9,14,6,10,11,5,19,10,1,2,7,13,10,15,19,10,15,7,0,14,1,14,13,0,6,19,7,14,19,10,18,5,15,10,11,6,11,19,14,2,10,6,16,10,11,2,0,16,0,6,6,10,16,15,19,8,7,9,7,14,19,16,0,5,11,9,9,0,0,1,2,0,0,0,0,0,0,0,0,0,0,0,0,0,0,0,0,0,0,0,0,0,0,0,0,0,0,0,0,0,0,0,0,0,0,0",-0.15845759,0.051126815,3.0,0.60782826,32.205067,0.63809544,1.0,0.63809544,0.124941915,0.60782826,0.0,0.0,0.60782826,0.0019932215,0.93440527,0.124941915,1.5321662,1.4621085,32.205067,-0.15845759,2.2380016,162.1064,0.57756114,0.57756114,1.0,162.1064,0.8158467,0.06559473,1.5321662,0.0019932215,0.63809544,0.051126815,0.0,1.4621085,2.2380016,0.57756114,0.15845759,0.0,0.63809544,0.15845759,0.87302434,0.57756114,1.0,0.60782826,lookahead,fk_orig2_bm0-s0to100br1-s100to200br1-s200to300br3
/work/T-REX/external/Proteina-Complexa/inference/search_binder_local_pipeline_32_PDL1_ALPHA_REPACK_v7_r004_cand_v7r004_hyp_0004_02_003_ae5b6dc63e53e/job_0_n_220_id_43_fk_orig3_bm0-s0to100br2-s100to200br0-s200to300br3/job_0_n_220_id_43_fk_orig3_bm0-s0to100br2-s100to200br0-s200to300br3.pdb,175,"2,0,13,16,19,16,19,14,11,3,10,18,19,19,6,18,7,15,2,12,16,9,6,4,11,13,14,19,6,11,5,10,3,10,0,0,10,9,19,18,17,6,12,6,3,11,2,9,9,5,13,19,8,7,6,6,3,10,11,19,5,8,15,15,18,1,5,1,0,1,10,10,11,3,5,10,15,10,7,2,0,0,10,5,9,16,3,19,11,10,5,3,0,7,19,18,1,4,12,9,15,18,7,7,0,3,18,11,1,9,16,19,11,19,2,0,0,13,16,19,2,16,14,11,14,10,18,15,19,6,6,7,15,15,19,16,10,6,4,11,14,15,11,14,19,3,10,15,2,2,13,15,9,16,17,11,2,14,5,2,5,16,19,9,5,18,15,11,7,6,16,11,15,18,3,14,1,13,11,10,10,11,2,16,13,15,10,5,9,15,3,16,11,10,15,3,15,7,19,18,6,4,9,19,13,18,7,7,0,3,15,11,16,9,16,10,2,19,11,0,0,0,0,0,0,0,0,0,0,0,0,0,0",-0.48711023,0.23703893,3.0,0.07033478,85.52819,0.07278244,1.0,0.07278244,0.3108814,0.014039157,0.0,0.0,0.07033478,0.0028476561,0.8470723,0.3108814,7.1101027,1.5526097,85.52819,-0.48711023,3.677226,220.61276,0.013546621,0.06788712,1.0,220.61276,0.36578113,0.15292768,7.1101027,0.0028476561,0.0145316925,0.23703893,0.0,1.5526097,3.677226,0.013546621,0.48711023,0.0,0.0145316925,0.48711023,0.6464459,0.06788712,1.0,0.014039157,lookahead,fk_orig3_bm0-s0to100br2-s100to200br0-s200to300br3
/work/T-REX/external/Proteina-Complexa/inference/search_binder_local_pipeline_32_PDL1_ALPHA_REPACK_v7_r004_cand_v7r004_hyp_0004_02_003_ae5b6dc63e53e/job_0_n_233_id_44_fk_orig0_bm0-s0to100br2-s100to200br2-s200to300br0/job_0_n_233_id_44_fk_orig0_bm0-s0to100br2-s100to200br2-s200to300br0.pdb,176,"2,0,13,16,19,16,19,14,11,3,10,18,19,19,6,18,7,15,2,12,16,9,6,4,11,13,14,19,6,11,5,10,3,10,0,0,10,9,19,18,17,6,12,6,3,11,2,9,9,5,13,19,8,7,6,6,3,10,11,19,5,8,15,15,18,1,5,1,0,1,10,10,11,3,5,10,15,10,7,2,0,0,10,5,9,16,3,19,11,10,5,3,0,7,19,18,1,4,12,9,15,18,7,7,0,3,18,11,1,9,16,19,11,19,2,0,2,0,13,16,19,16,19,14,11,3,10,18,19,19,6,18,7,15,2,12,16,9,6,4,11,13,14,19,6,11,5,10,3,10,0,0,10,9,19,18,17,6,12,6,3,11,2,9,9,5,13,19,8,7,6,6,3,10,11,19,5,8,15,15,18,1,5,1,0,1,10,10,11,3,5,10,15,10,7,2,0,0,10,5,9,16,3,19,11,10,5,3,0,7,19,18,1,4,12,9,15,18,7,7,0,3,18,11,1,9,16,19,11,19,2,0,14",-0.53633446,0.3047876,3.0,0.041506037,58.975655,0.04478123,1.0,0.04478123,0.31647193,0.011954724,0.0,0.0,0.041506037,0.0027885016,0.85974115,0.31647193,3.057138,1.2878573,58.975655,-0.53633446,3.924557,199.11604,0.0116793215,0.038230844,1.0,199.11604,0.25455874,0.14025883,3.057138,0.0027885016,0.012230126,0.3047876,0.0,1.2878573,3.924557,0.0116793215,0.53633446,0.0,0.012230126,0.53633446,0.5832415,0.038230844,1.0,0.011954724,lookahead,fk_orig0_bm0-s0to100br2-s100to200br2-s200to300br0
/work/T-REX/external/Proteina-Complexa/inference/search_binder_local_pipeline_32_PDL1_ALPHA_REPACK_v7_r004_cand_v7r004_hyp_0004_02_003_ae5b6dc63e53e/job_0_n_211_id_44_fk_orig1_bm0-s0to100br0-s100to200br1-s200to300br0/job_0_n_211_id_44_fk_orig1_bm0-s0to100br0-s100to200br1-s200to300br0.pdb,177,"2,0,13,16,19,16,19,14,11,3,10,18,19,19,6,18,7,15,2,12,16,9,6,4,11,13,14,19,6,11,5,10,3,10,0,0,10,9,19,18,17,6,12,6,3,11,2,9,9,5,13,19,8,7,6,6,3,10,11,19,5,8,15,15,18,1,5,1,0,1,10,10,11,3,5,10,15,10,7,2,0,0,10,5,9,16,3,19,11,10,5,3,0,7,19,18,1,4,12,9,15,18,7,7,0,3,18,11,1,9,16,19,11,19,2,0,10,16,13,3,11,15,16,18,15,7,16,16,7,15,15,19,16,10,16,4,16,0,15,5,16,10,16,16,2,19,16,17,11,11,2,3,19,15,9,3,10,15,15,15,3,7,1,13,15,9,16,15,15,7,16,19,8,2,10,16,9,16,2,10,1,10,3,3,15,7,19,18,6,4,10,7,0,2,15,10,7,9,0,0,15,3,14,0,16,10,16,19,16,6,0,0,0,0,0,0,0,0,0,0,0,0,0,0,0,0,0,0,0,0,0,0,0",-0.1868784,0.0631614,3.0,0.54153204,59.54873,0.5604213,1.0,0.5604213,0.1485744,0.54153204,0.0,0.0,0.54153204,0.0026544395,0.9225295,0.1485744,2.761407,1.3795696,59.54873,-0.1868784,2.9676147,157.25911,0.52264273,0.52264273,1.0,157.25911,0.7694938,0.077470504,2.761407,0.0026544395,0.5604213,0.0631614,0.0,1.3795696,2.9676147,0.52264273,0.1868784,0.0,0.5604213,0.1868784,0.8517597,0.52264273,1.0,0.54153204,lookahead,fk_orig1_bm0-s0to100br0-s100to200br1-s200to300br0
/work/T-REX/external/Proteina-Complexa/inference/search_binder_local_pipeline_32_PDL1_ALPHA_REPACK_v7_r004_cand_v7r004_hyp_0004_02_003_ae5b6dc63e53e/job_0_n_198_id_44_fk_orig2_bm0-s0to100br1-s100to200br3-s200to300br0/job_0_n_198_id_44_fk_orig2_bm0-s0to100br1-s100to200br3-s200to300br0.pdb,178,"2,0,13,16,19,16,19,14,11,3,10,18,19,19,6,18,7,15,2,12,16,9,6,4,11,13,14,19,6,11,5,10,3,10,0,0,10,9,19,18,17,6,12,6,3,11,2,9,9,5,13,19,8,7,6,6,3,10,11,19,5,8,15,15,18,1,5,1,0,1,10,10,11,3,5,10,15,10,7,2,0,0,10,5,9,16,3,19,11,10,5,3,0,7,19,18,1,4,12,9,15,18,7,7,0,3,18,11,1,9,16,19,11,19,2,0,15,6,5,6,9,1,6,13,9,2,15,9,14,11,10,7,14,19,10,1,10,2,13,10,0,8,13,15,7,15,3,13,19,0,0,6,7,15,6,11,10,11,6,15,10,1,11,18,4,14,3,10,6,16,10,11,2,0,16,0,6,6,10,16,11,19,8,7,9,7,14,19,16,0,6,15,9,10,11,0,1,15,0,0,0,0,0,0,0,0,0,0,0,0,0,0,0,0,0,0,0,0,0,0,0,0,0,0,0,0,0,0,0,0,0,0,0",-0.19508792,0.060747933,3.0,0.5004537,53.335423,0.52700454,1.0,0.52700454,0.16265073,0.5004537,0.0,0.0,0.5004537,0.0031691818,0.87363595,0.16265073,3.6843305,1.8363769,53.335423,-0.19508792,2.469399,211.75395,0.47390288,0.47390288,1.0,211.75395,0.76526797,0.12636407,3.6843305,0.0031691818,0.52700454,0.060747933,0.0,1.8363769,2.469399,0.47390288,0.19508792,0.0,0.52700454,0.19508792,0.8531016,0.47390288,1.0,0.5004537,lookahead,fk_orig2_bm0-s0to100br1-s100to200br3-s200to300br0
/work/T-REX/external/Proteina-Complexa/inference/search_binder_local_pipeline_32_PDL1_ALPHA_REPACK_v7_r004_cand_v7r004_hyp_0004_02_003_ae5b6dc63e53e/job_0_n_220_id_44_fk_orig3_bm0-s0to100br2-s100to200br2-s200to300br0/job_0_n_220_id_44_fk_orig3_bm0-s0to100br2-s100to200br2-s200to300br0.pdb,179,"2,0,13,16,19,16,19,14,11,3,10,18,19,19,6,18,7,15,2,12,16,9,6,4,11,13,14,19,6,11,5,10,3,10,0,0,10,9,19,18,17,6,12,6,3,11,2,9,9,5,13,19,8,7,6,6,3,10,11,19,5,8,15,15,18,1,5,1,0,1,10,10,11,3,5,10,15,10,7,2,0,0,10,5,9,16,3,19,11,10,5,3,0,7,19,18,1,4,12,9,15,18,7,7,0,3,18,11,1,9,16,19,11,19,2,0,0,13,5,19,10,16,14,11,3,10,18,15,19,16,6,7,3,2,19,16,10,6,4,11,14,15,5,16,9,16,2,11,2,10,10,15,19,10,17,11,2,14,5,3,5,11,19,19,5,18,15,11,7,6,19,16,18,18,3,14,1,13,9,10,5,16,15,2,13,15,10,9,9,11,3,0,11,14,15,3,15,7,9,18,6,4,9,19,13,18,7,7,0,3,15,11,16,9,16,10,2,19,16,0,0,0,0,0,0,0,0,0,0,0,0,0,0",-0.32038546,0.120600045,3.0,0.21466565,69.396996,0.23406799,1.0,0.23406799,0.21681409,0.20706135,0.0,0.0,0.21466565,0.0015085243,0.88637316,0.21681409,5.1204267,1.470386,69.396996,-0.32038546,3.3363345,204.29572,0.18761183,0.1952633,1.0,204.29572,0.58243513,0.113626815,5.1204267,0.0015085243,0.22651087,0.120600045,0.0,1.470386,3.3363345,0.18761183,0.32038546,0.0,0.22651087,0.32038546,0.75240254,0.1952633,1.0,0.20706135,lookahead,fk_orig3_bm0-s0to100br2-s100to200br2-s200to300br0
/work/T-REX/external/Proteina-Complexa/inference/search_binder_local_pipeline_32_PDL1_ALPHA_REPACK_v7_r004_cand_v7r004_hyp_0004_02_003_ae5b6dc63e53e/job_0_n_233_id_45_fk_orig0_bm0-s0to100br2-s100to200br2-s200to300br1/job_0_n_233_id_45_fk_orig0_bm0-s0to100br2-s100to200br2-s200to300br1.pdb,180,"2,0,13,16,19,16,19,14,11,3,10,18,19,19,6,18,7,15,2,12,16,9,6,4,11,13,14,19,6,11,5,10,3,10,0,0,10,9,19,18,17,6,12,6,3,11,2,9,9,5,13,19,8,7,6,6,3,10,11,19,5,8,15,15,18,1,5,1,0,1,10,10,11,3,5,10,15,10,7,2,0,0,10,5,9,16,3,19,11,10,5,3,0,7,19,18,1,4,12,9,15,18,7,7,0,3,18,11,1,9,16,19,11,19,2,0,2,0,13,16,19,16,19,14,11,3,10,18,19,19,6,18,7,15,2,12,16,9,6,4,11,13,14,19,6,11,5,10,3,10,0,0,10,9,19,18,17,6,12,6,3,11,2,9,9,5,13,19,8,7,6,6,3,10,11,19,5,8,15,15,18,1,5,1,0,1,10,10,11,3,5,10,15,10,7,2,0,0,10,5,9,16,3,19,11,10,5,3,0,7,19,18,1,4,12,9,15,18,7,7,0,3,18,11,1,9,16,19,11,19,2,0,14",-0.5141999,0.27796054,3.0,0.05017846,49.97796,0.05227556,1.0,0.05227556,0.30486566,0.013866534,0.0,0.0,0.05017846,0.0027334273,0.8596214,0.30486566,2.0815473,1.2749455,49.97796,-0.5141999,3.852044,197.2806,0.013659681,0.04808136,1.0,197.2806,0.2643031,0.14037858,2.0815473,0.0027334273,0.014073389,0.27796054,0.0,1.2749455,3.852044,0.013659681,0.5141999,0.0,0.014073389,0.5141999,0.5877744,0.04808136,1.0,0.013866534,lookahead,fk_orig0_bm0-s0to100br2-s100to200br2-s200to300br1
/work/T-REX/external/Proteina-Complexa/inference/search_binder_local_pipeline_32_PDL1_ALPHA_REPACK_v7_r004_cand_v7r004_hyp_0004_02_003_ae5b6dc63e53e/job_0_n_211_id_45_fk_orig1_bm0-s0to100br0-s100to200br1-s200to300br1/job_0_n_211_id_45_fk_orig1_bm0-s0to100br0-s100to200br1-s200to300br1.pdb,181,"2,0,13,16,19,16,19,14,11,3,10,18,19,19,6,18,7,15,2,12,16,9,6,4,11,13,14,19,6,11,5,10,3,10,0,0,10,9,19,18,17,6,12,6,3,11,2,9,9,5,13,19,8,7,6,6,3,10,11,19,5,8,15,15,18,1,5,1,0,1,10,10,11,3,5,10,15,10,7,2,0,0,10,5,9,16,3,19,11,10,5,3,0,7,19,18,1,4,12,9,15,18,7,7,0,3,18,11,1,9,16,19,11,19,2,0,10,16,13,3,11,14,16,18,15,19,6,19,7,2,2,19,16,10,16,4,16,0,15,6,16,10,16,8,14,9,19,17,11,11,2,3,5,15,9,3,13,0,15,6,15,2,1,13,15,5,16,15,3,7,10,6,8,18,10,16,9,16,2,16,11,10,6,3,15,7,10,18,6,4,10,7,0,2,15,11,7,9,0,0,15,3,14,0,5,10,16,19,16,6,14,0,0,0,0,0,0,0,0,0,0,0,0,0,0,0,0,0,0,0,0,0,0",-0.22331929,0.084611274,3.0,0.40350872,59.972057,0.42216483,1.0,0.42216483,0.16898781,0.40350872,0.0,0.0,0.40350872,0.0034249783,0.91594213,0.16898781,3.0876389,1.3848777,59.972057,-0.22331929,3.1248612,161.85852,0.38485262,0.38485262,1.0,161.85852,0.6954272,0.08405789,3.0876389,0.0034249783,0.42216483,0.084611274,0.0,1.3848777,3.1248612,0.38485262,0.22331929,0.0,0.42216483,0.22331929,0.8155493,0.38485262,1.0,0.40350872,lookahead,fk_orig1_bm0-s0to100br0-s100to200br1-s200to300br1
/work/T-REX/external/Proteina-Complexa/inference/search_binder_local_pipeline_32_PDL1_ALPHA_REPACK_v7_r004_cand_v7r004_hyp_0004_02_003_ae5b6dc63e53e/job_0_n_198_id_45_fk_orig2_bm0-s0to100br1-s100to200br3-s200to300br1/job_0_n_198_id_45_fk_orig2_bm0-s0to100br1-s100to200br3-s200to300br1.pdb,182,"2,0,13,16,19,16,19,14,11,3,10,18,19,19,6,18,7,15,2,12,16,9,6,4,11,13,14,19,6,11,5,10,3,10,0,0,10,9,19,18,17,6,12,6,3,11,2,9,9,5,13,19,8,7,6,6,3,10,11,19,5,8,15,15,18,1,5,1,0,1,10,10,11,3,5,10,15,10,7,2,0,0,10,5,9,16,3,19,11,10,5,3,0,7,19,18,1,4,12,9,15,18,7,7,0,3,18,11,1,9,16,19,11,19,2,0,2,6,16,6,9,1,6,13,9,2,15,9,14,11,10,7,15,19,10,1,10,0,13,10,0,8,13,15,7,15,2,18,9,14,0,6,0,7,6,19,16,0,11,15,10,1,6,18,19,14,3,10,6,16,10,11,2,0,16,10,6,6,10,16,11,19,8,7,9,7,14,19,16,0,5,2,9,10,0,0,1,2,0,0,0,0,0,0,0,0,0,0,0,0,0,0,0,0,0,0,0,0,0,0,0,0,0,0,0,0,0,0,0,0,0,0,0",-0.18453453,0.059415065,3.0,0.5409618,48.273052,0.5514565,1.0,0.5514565,0.15540013,0.5409618,0.0,0.0,0.5409618,0.0034110653,0.8815433,0.15540013,3.0485935,1.801814,48.273052,-0.18453453,2.3980172,197.74828,0.5304671,0.5304671,1.0,197.74828,0.7900412,0.11845675,3.0485935,0.0034110653,0.5514565,0.059415065,0.0,1.801814,2.3980172,0.5304671,0.18453453,0.0,0.5514565,0.18453453,0.86682034,0.5304671,1.0,0.5409618,lookahead,fk_orig2_bm0-s0to100br1-s100to200br3-s200to300br1
/work/T-REX/external/Proteina-Complexa/inference/search_binder_local_pipeline_32_PDL1_ALPHA_REPACK_v7_r004_cand_v7r004_hyp_0004_02_003_ae5b6dc63e53e/job_0_n_220_id_45_fk_orig3_bm0-s0to100br2-s100to200br2-s200to300br1/job_0_n_220_id_45_fk_orig3_bm0-s0to100br2-s100to200br2-s200to300br1.pdb,183,"2,0,13,16,19,16,19,14,11,3,10,18,19,19,6,18,7,15,2,12,16,9,6,4,11,13,14,19,6,11,5,10,3,10,0,0,10,9,19,18,17,6,12,6,3,11,2,9,9,5,13,19,8,7,6,6,3,10,11,19,5,8,15,15,18,1,5,1,0,1,10,10,11,3,5,10,15,10,7,2,0,0,10,5,9,16,3,19,11,10,5,3,0,7,19,18,1,4,12,9,15,18,7,7,0,3,18,11,1,9,16,19,11,19,2,0,0,13,16,19,2,19,14,11,14,10,18,16,19,6,0,7,15,2,19,16,10,6,4,11,14,15,11,16,19,16,2,1,11,6,10,15,19,10,17,11,2,14,5,3,5,11,19,19,5,18,15,11,7,11,19,16,2,18,3,15,1,13,15,10,3,16,6,16,13,15,10,9,9,15,3,0,11,14,15,3,15,7,9,18,6,4,9,19,13,18,7,7,0,3,15,11,16,9,5,10,2,19,11,6,0,0,0,0,0,0,0,0,0,0,0,0,0",-0.65278137,0.37634012,3.0,0.005969949,72.62288,0.0059940293,1.0,0.0059940293,0.39048153,0.0,0.0,0.0,0.005969949,0.002019446,0.8452904,0.39048153,5.9419875,1.434426,72.62288,-0.65278137,4.2726727,228.82803,0.0,0.0059458693,1.0,228.82803,0.18268093,0.15470956,5.9419875,0.002019446,0.0,0.37634012,0.0,1.434426,4.2726727,0.0,0.65278137,0.0,0.0,0.65278137,0.5601572,0.0059458693,1.0,0.0,lookahead,fk_orig3_bm0-s0to100br2-s100to200br2-s200to300br1
/work/T-REX/external/Proteina-Complexa/inference/search_binder_local_pipeline_32_PDL1_ALPHA_REPACK_v7_r004_cand_v7r004_hyp_0004_02_003_ae5b6dc63e53e/job_0_n_233_id_46_fk_orig0_bm0-s0to100br2-s100to200br2-s200to300br2/job_0_n_233_id_46_fk_orig0_bm0-s0to100br2-s100to200br2-s200to300br2.pdb,184,"2,0,13,16,19,16,19,14,11,3,10,18,19,19,6,18,7,15,2,12,16,9,6,4,11,13,14,19,6,11,5,10,3,10,0,0,10,9,19,18,17,6,12,6,3,11,2,9,9,5,13,19,8,7,6,6,3,10,11,19,5,8,15,15,18,1,5,1,0,1,10,10,11,3,5,10,15,10,7,2,0,0,10,5,9,16,3,19,11,10,5,3,0,7,19,18,1,4,12,9,15,18,7,7,0,3,18,11,1,9,16,19,11,19,2,0,2,0,13,16,19,16,19,14,11,3,10,18,19,19,6,18,7,15,2,12,16,9,6,4,11,13,14,19,6,11,5,10,3,10,0,0,10,9,19,18,17,6,12,6,3,11,2,9,9,5,13,19,8,7,6,6,3,10,11,19,5,8,15,15,18,1,5,1,0,1,10,10,11,3,5,10,15,10,7,2,0,0,10,5,9,16,3,19,11,10,5,3,0,7,19,18,1,4,12,9,15,18,7,7,0,3,18,11,1,9,16,19,11,19,2,0,14",-0.52851796,0.2971275,3.0,0.04505277,57.934574,0.04807978,1.0,0.04807978,0.3125878,0.01235015,0.0,0.0,0.04505277,0.0027914369,0.8592176,0.3125878,2.9030898,1.2874228,57.934574,-0.52851796,3.9060094,196.22343,0.012189113,0.04202576,1.0,196.22343,0.2603114,0.14078242,2.9030898,0.0027914369,0.012511188,0.2971275,0.0,1.2874228,3.9060094,0.012189113,0.52851796,0.0,0.012511188,0.52851796,0.5864664,0.04202576,1.0,0.01235015,lookahead,fk_orig0_bm0-s0to100br2-s100to200br2-s200to300br2
/work/T-REX/external/Proteina-Complexa/inference/search_binder_local_pipeline_32_PDL1_ALPHA_REPACK_v7_r004_cand_v7r004_hyp_0004_02_003_ae5b6dc63e53e/job_0_n_211_id_46_fk_orig1_bm0-s0to100br0-s100to200br1-s200to300br2/job_0_n_211_id_46_fk_orig1_bm0-s0to100br0-s100to200br1-s200to300br2.pdb,185,"2,0,13,16,19,16,19,14,11,3,10,18,19,19,6,18,7,15,2,12,16,9,6,4,11,13,14,19,6,11,5,10,3,10,0,0,10,9,19,18,17,6,12,6,3,11,2,9,9,5,13,19,8,7,6,6,3,10,11,19,5,8,15,15,18,1,5,1,0,1,10,10,11,3,5,10,15,10,7,2,0,0,10,5,9,16,3,19,11,10,5,3,0,7,19,18,1,4,12,9,15,18,7,7,0,3,18,11,1,9,16,19,11,19,2,0,10,16,13,3,11,0,16,18,15,19,19,0,7,15,2,19,16,10,16,4,16,0,15,5,5,10,16,16,14,9,16,17,11,11,2,7,6,16,9,3,10,0,15,15,2,7,1,13,16,19,16,15,15,7,10,2,8,18,10,11,9,6,2,16,1,10,15,3,15,7,15,18,6,4,10,7,0,2,15,2,7,9,0,0,15,3,14,0,5,10,16,19,16,6,14,0,0,0,0,0,0,0,0,0,0,0,0,0,0,0,0,0,0,0,0,0,0",-0.20005888,0.06956141,3.0,0.46298903,45.442158,0.48250845,1.0,0.48250845,0.15202475,0.46298903,0.0,0.0,0.46298903,0.0023604238,0.9284966,0.15202475,1.9848485,1.3302664,45.442158,-0.20005888,2.9333286,146.44333,0.44346958,0.44346958,1.0,146.44333,0.7408891,0.071503386,1.9848485,0.0023604238,0.48250845,0.06956141,0.0,1.3302664,2.9333286,0.44346958,0.20005888,0.0,0.48250845,0.20005888,0.8390962,0.44346958,1.0,0.46298903,lookahead,fk_orig1_bm0-s0to100br0-s100to200br1-s200to300br2
/work/T-REX/external/Proteina-Complexa/inference/search_binder_local_pipeline_32_PDL1_ALPHA_REPACK_v7_r004_cand_v7r004_hyp_0004_02_003_ae5b6dc63e53e/job_0_n_198_id_46_fk_orig2_bm0-s0to100br1-s100to200br3-s200to300br2/job_0_n_198_id_46_fk_orig2_bm0-s0to100br1-s100to200br3-s200to300br2.pdb,186,"2,0,13,16,19,16,19,14,11,3,10,18,19,19,6,18,7,15,2,12,16,9,6,4,11,13,14,19,6,11,5,10,3,10,0,0,10,9,19,18,17,6,12,6,3,11,2,9,9,5,13,19,8,7,6,6,3,10,11,19,5,8,15,15,18,1,5,1,0,1,10,10,11,3,5,10,15,10,7,2,0,0,10,5,9,16,3,19,11,10,5,3,0,7,19,18,1,4,12,9,15,18,7,7,0,3,18,11,1,9,16,19,11,19,2,0,15,3,15,6,9,16,6,13,9,2,15,9,14,11,10,7,2,19,10,1,10,0,13,10,0,8,13,15,7,15,3,0,9,9,14,6,19,7,6,19,16,5,5,15,10,1,11,18,19,14,3,10,6,16,10,11,2,0,16,0,6,6,10,16,11,19,8,7,9,7,14,19,10,0,6,2,9,10,11,0,1,2,0,0,0,0,0,0,0,0,0,0,0,0,0,0,0,0,0,0,0,0,0,0,0,0,0,0,0,0,0,0,0,0,0,0,0",-0.20125152,0.063789286,3.0,0.470075,65.02575,0.48567516,1.0,0.48567516,0.16360635,0.470075,0.0,0.0,0.470075,0.0027734512,0.87144476,0.16360635,2.6244497,1.8183745,65.02575,-0.20125152,2.5782087,211.41129,0.45447487,0.45447487,1.0,211.41129,0.7460857,0.12855522,2.6244497,0.0027734512,0.48567516,0.063789286,0.0,1.8183745,2.5782087,0.45447487,0.20125152,0.0,0.48567516,0.20125152,0.8414357,0.45447487,1.0,0.470075,lookahead,fk_orig2_bm0-s0to100br1-s100to200br3-s200to300br2
/work/T-REX/external/Proteina-Complexa/inference/search_binder_local_pipeline_32_PDL1_ALPHA_REPACK_v7_r004_cand_v7r004_hyp_0004_02_003_ae5b6dc63e53e/job_0_n_220_id_46_fk_orig3_bm0-s0to100br2-s100to200br2-s200to300br2/job_0_n_220_id_46_fk_orig3_bm0-s0to100br2-s100to200br2-s200to300br2.pdb,187,"2,0,13,16,19,16,19,14,11,3,10,18,19,19,6,18,7,15,2,12,16,9,6,4,11,13,14,19,6,11,5,10,3,10,0,0,10,9,19,18,17,6,12,6,3,11,2,9,9,5,13,19,8,7,6,6,3,10,11,19,5,8,15,15,18,1,5,1,0,1,10,10,11,3,5,10,15,10,7,2,0,0,10,5,9,16,3,19,11,10,5,3,0,7,19,18,1,4,12,9,15,18,7,7,0,3,18,11,1,9,16,19,11,19,2,0,0,13,11,19,10,19,14,11,3,10,18,15,19,5,6,7,15,2,19,16,10,6,4,11,14,15,11,16,9,16,2,12,2,3,10,15,19,10,17,11,2,14,5,3,5,11,19,19,5,13,15,11,7,6,19,16,19,18,3,14,1,13,3,10,5,16,15,2,13,15,10,9,9,11,3,16,11,14,15,3,15,7,9,18,6,4,9,19,13,18,7,7,0,3,15,11,16,9,16,10,2,19,2,0,0,0,0,0,0,0,0,0,0,0,0,0,0",-0.31746915,0.12649088,3.0,0.22107393,59.021683,0.23631333,1.0,0.23631333,0.2124599,0.21394424,0.0,0.0,0.22107393,0.001509326,0.895114,0.2124599,3.7274115,1.423425,59.021683,-0.31746915,3.297114,193.81451,0.19350137,0.20583454,1.0,193.81451,0.590663,0.10488599,3.7274115,0.001509326,0.23438711,0.12649088,0.0,1.423425,3.297114,0.19350137,0.31746915,0.0,0.23438711,0.31746915,0.75668055,0.20583454,1.0,0.21394424,lookahead,fk_orig3_bm0-s0to100br2-s100to200br2-s200to300br2
/work/T-REX/external/Proteina-Complexa/inference/search_binder_local_pipeline_32_PDL1_ALPHA_REPACK_v7_r004_cand_v7r004_hyp_0004_02_003_ae5b6dc63e53e/job_0_n_233_id_47_fk_orig0_bm0-s0to100br2-s100to200br2-s200to300br3/job_0_n_233_id_47_fk_orig0_bm0-s0to100br2-s100to200br2-s200to300br3.pdb,188,"2,0,13,16,19,16,19,14,11,3,10,18,19,19,6,18,7,15,2,12,16,9,6,4,11,13,14,19,6,11,5,10,3,10,0,0,10,9,19,18,17,6,12,6,3,11,2,9,9,5,13,19,8,7,6,6,3,10,11,19,5,8,15,15,18,1,5,1,0,1,10,10,11,3,5,10,15,10,7,2,0,0,10,5,9,16,3,19,11,10,5,3,0,7,19,18,1,4,12,9,15,18,7,7,0,3,18,11,1,9,16,19,11,19,2,0,2,0,13,16,19,16,19,14,11,3,10,18,19,19,6,18,7,15,2,12,16,9,6,4,11,13,14,19,6,11,5,10,3,10,0,0,10,9,19,18,17,6,12,6,3,11,2,9,9,5,13,19,8,7,6,6,3,10,11,19,5,8,15,15,18,1,5,1,0,1,10,10,11,3,5,10,15,10,7,2,0,0,10,5,9,16,3,19,11,10,5,3,0,7,19,18,1,4,12,9,15,18,7,7,0,3,18,11,1,9,16,19,11,19,2,0,14",-0.52125114,0.28857625,3.0,0.049718976,62.164543,0.05273342,1.0,0.05273342,0.30863827,0.012828309,0.0,0.0,0.049718976,0.0027531676,0.85972524,0.30863827,2.946261,1.2822287,62.164543,-0.52125114,3.8886242,198.19981,0.012523147,0.04670453,1.0,198.19981,0.26488972,0.14027476,2.946261,0.0027531676,0.013133471,0.28857625,0.0,1.2822287,3.8886242,0.012523147,0.52125114,0.0,0.013133471,0.52125114,0.5886147,0.04670453,1.0,0.012828309,lookahead,fk_orig0_bm0-s0to100br2-s100to200br2-s200to300br3
/work/T-REX/external/Proteina-Complexa/inference/search_binder_local_pipeline_32_PDL1_ALPHA_REPACK_v7_r004_cand_v7r004_hyp_0004_02_003_ae5b6dc63e53e/job_0_n_211_id_47_fk_orig1_bm0-s0to100br0-s100to200br1-s200to300br3/job_0_n_211_id_47_fk_orig1_bm0-s0to100br0-s100to200br1-s200to300br3.pdb,189,"2,0,13,16,19,16,19,14,11,3,10,18,19,19,6,18,7,15,2,12,16,9,6,4,11,13,14,19,6,11,5,10,3,10,0,0,10,9,19,18,17,6,12,6,3,11,2,9,9,5,13,19,8,7,6,6,3,10,11,19,5,8,15,15,18,1,5,1,0,1,10,10,11,3,5,10,15,10,7,2,0,0,10,5,9,16,3,19,11,10,5,3,0,7,19,18,1,4,12,9,15,18,7,7,0,3,18,11,1,9,16,19,11,19,2,0,10,16,13,3,11,16,15,18,15,0,19,11,7,15,15,19,16,10,16,4,16,0,15,5,16,10,16,16,14,19,19,17,11,11,2,7,19,16,9,3,10,15,5,15,2,7,1,13,16,16,16,2,15,7,16,19,8,2,10,16,9,15,2,10,5,10,15,3,15,7,15,18,6,4,10,7,0,2,15,19,7,9,0,0,15,3,14,0,19,10,16,19,16,6,0,0,0,0,0,0,0,0,0,0,0,0,0,0,0,0,0,0,0,0,0,0,0",-0.20567758,0.07215409,3.0,0.4552292,68.43722,0.4829865,1.0,0.4829865,0.15660124,0.4552292,0.0,0.0,0.4552292,0.0021200406,0.92371273,0.15660124,3.5052114,1.3739843,68.43722,-0.20567758,3.0412214,159.44878,0.42747188,0.42747188,1.0,159.44878,0.73048246,0.07628728,3.5052114,0.0021200406,0.4829865,0.07215409,0.0,1.3739843,3.0412214,0.42747188,0.20567758,0.0,0.4829865,0.20567758,0.83344764,0.42747188,1.0,0.4552292,lookahead,fk_orig1_bm0-s0to100br0-s100to200br1-s200to300br3
/work/T-REX/external/Proteina-Complexa/inference/search_binder_local_pipeline_32_PDL1_ALPHA_REPACK_v7_r004_cand_v7r004_hyp_0004_02_003_ae5b6dc63e53e/job_0_n_198_id_47_fk_orig2_bm0-s0to100br1-s100to200br3-s200to300br3/job_0_n_198_id_47_fk_orig2_bm0-s0to100br1-s100to200br3-s200to300br3.pdb,190,"2,0,13,16,19,16,19,14,11,3,10,18,19,19,6,18,7,15,2,12,16,9,6,4,11,13,14,19,6,11,5,10,3,10,0,0,10,9,19,18,17,6,12,6,3,11,2,9,9,5,13,19,8,7,6,6,3,10,11,19,5,8,15,15,18,1,5,1,0,1,10,10,11,3,5,10,15,10,7,2,0,0,10,5,9,16,3,19,11,10,5,3,0,7,19,18,1,4,12,9,15,18,7,7,0,3,18,11,1,9,16,19,11,19,2,0,15,6,5,6,9,1,6,13,9,2,15,9,14,11,10,7,14,19,10,1,10,0,13,10,10,8,13,15,7,15,3,11,9,10,0,6,19,7,6,19,16,19,6,15,10,1,11,18,4,14,3,10,6,16,10,11,2,0,16,0,6,6,10,16,11,19,8,7,9,7,5,19,16,0,6,2,9,10,11,0,1,5,0,0,0,0,0,0,0,0,0,0,0,0,0,0,0,0,0,0,0,0,0,0,0,0,0,0,0,0,0,0,0,0,0,0,0",-0.33007228,0.15742052,3.0,0.18414728,51.38593,0.19711442,1.0,0.19711442,0.24952646,0.17729276,0.0,0.0,0.18414728,0.0030251334,0.811001,0.24952646,3.2588282,2.0376773,51.38593,-0.33007228,3.0882406,220.5969,0.17026809,0.17118014,1.0,220.5969,0.5556377,0.18899901,3.2588282,0.0030251334,0.18431744,0.15742052,0.0,2.0376773,3.0882406,0.17026809,0.33007228,0.0,0.18431744,0.33007228,0.7581989,0.17118014,1.0,0.17729276,lookahead,fk_orig2_bm0-s0to100br1-s100to200br3-s200to300br3
/work/T-REX/external/Proteina-Complexa/inference/search_binder_local_pipeline_32_PDL1_ALPHA_REPACK_v7_r004_cand_v7r004_hyp_0004_02_003_ae5b6dc63e53e/job_0_n_220_id_47_fk_orig3_bm0-s0to100br2-s100to200br2-s200to300br3/job_0_n_220_id_47_fk_orig3_bm0-s0to100br2-s100to200br2-s200to300br3.pdb,191,"2,0,13,16,19,16,19,14,11,3,10,18,19,19,6,18,7,15,2,12,16,9,6,4,11,13,14,19,6,11,5,10,3,10,0,0,10,9,19,18,17,6,12,6,3,11,2,9,9,5,13,19,8,7,6,6,3,10,11,19,5,8,15,15,18,1,5,1,0,1,10,10,11,3,5,10,15,10,7,2,0,0,10,5,9,16,3,19,11,10,5,3,0,7,19,18,1,4,12,9,15,18,7,7,0,3,18,11,1,9,16,19,11,19,2,0,0,13,16,19,16,16,14,11,3,10,18,15,19,5,0,7,15,2,19,16,10,6,4,11,14,15,11,14,9,16,3,1,15,10,10,15,19,10,17,11,2,14,5,3,5,11,19,9,5,18,15,11,7,11,19,16,5,18,3,14,1,13,9,10,3,16,15,16,13,15,10,16,9,5,3,16,1,10,15,3,15,7,9,18,6,4,9,10,13,18,7,7,0,3,15,11,16,9,5,10,2,19,16,0,0,0,0,0,0,0,0,0,0,0,0,0,0",-0.5720766,0.3003744,3.0,0.022870472,52.151585,0.025060695,1.0,0.025060695,0.3481474,0.011222897,0.0,0.0,0.022870472,0.001244122,0.8428923,0.3481474,4.3315153,1.4982262,52.151585,-0.5720766,4.0055976,219.48964,0.010945274,0.020680249,1.0,219.48964,0.26543427,0.15710774,4.3315153,0.001244122,0.011500521,0.3003744,0.0,1.4982262,4.0055976,0.010945274,0.5720766,0.0,0.011500521,0.5720766,0.60161257,0.020680249,1.0,0.011222897,lookahead,fk_orig3_bm0-s0to100br2-s100to200br2-s200to300br3
/work/T-REX/external/Proteina-Complexa/inference/search_binder_local_pipeline_32_PDL1_ALPHA_REPACK_v7_r004_cand_v7r004_hyp_0004_02_003_ae5b6dc63e53e/job_0_n_233_id_48_fk_orig0_bm0-s0to100br2-s100to200br1-s200to300br1-s300to400br0/job_0_n_233_id_48_fk_orig0_bm0-s0to100br2-s100to200br1-s200to300br1-s300to400br0.pdb,192,"2,0,13,16,19,16,19,14,11,3,10,18,19,19,6,18,7,15,2,12,16,9,6,4,11,13,14,19,6,11,5,10,3,10,0,0,10,9,19,18,17,6,12,6,3,11,2,9,9,5,13,19,8,7,6,6,3,10,11,19,5,8,15,15,18,1,5,1,0,1,10,10,11,3,5,10,15,10,7,2,0,0,10,5,9,16,3,19,11,10,5,3,0,7,19,18,1,4,12,9,15,18,7,7,0,3,18,11,1,9,16,19,11,19,2,0,2,0,13,16,19,16,19,14,11,3,10,18,19,19,6,18,7,15,2,12,16,9,6,4,11,13,14,19,6,11,5,10,3,10,0,0,10,9,19,18,17,6,12,6,3,11,2,9,9,5,13,19,8,7,6,6,3,10,11,19,5,8,15,15,18,1,5,1,0,1,10,10,11,3,5,10,15,10,7,2,0,0,10,5,9,16,3,19,11,10,5,3,0,7,19,18,1,4,12,9,15,18,7,7,0,3,18,11,1,9,16,19,11,19,2,0,14",-0.5337431,0.30408335,3.0,0.041473936,57.233887,0.045289565,1.0,0.045289565,0.31539226,0.012085101,0.0,0.0,0.041473936,0.0028600104,0.85940874,0.31539226,3.07224,1.2906215,57.233887,-0.5337431,3.921095,197.80083,0.0117854215,0.037658308,1.0,197.80083,0.25661868,0.1405913,3.07224,0.0028600104,0.01238478,0.30408335,0.0,1.2906215,3.921095,0.0117854215,0.5337431,0.0,0.01238478,0.5337431,0.58396155,0.037658308,1.0,0.012085101,lookahead,fk_orig0_bm0-s0to100br2-s100to200br1-s200to300br1-s300to400br0
/work/T-REX/external/Proteina-Complexa/inference/search_binder_local_pipeline_32_PDL1_ALPHA_REPACK_v7_r004_cand_v7r004_hyp_0004_02_003_ae5b6dc63e53e/job_0_n_211_id_48_fk_orig1_bm0-s0to100br0-s100to200br1-s200to300br0-s300to400br0/job_0_n_211_id_48_fk_orig1_bm0-s0to100br0-s100to200br1-s200to300br0-s300to400br0.pdb,193,"2,0,13,16,19,16,19,14,11,3,10,18,19,19,6,18,7,15,2,12,16,9,6,4,11,13,14,19,6,11,5,10,3,10,0,0,10,9,19,18,17,6,12,6,3,11,2,9,9,5,13,19,8,7,6,6,3,10,11,19,5,8,15,15,18,1,5,1,0,1,10,10,11,3,5,10,15,10,7,2,0,0,10,5,9,16,3,19,11,10,5,3,0,7,19,18,1,4,12,9,15,18,7,7,0,3,18,11,1,9,16,19,11,19,2,0,10,16,13,3,11,15,16,18,15,7,16,16,7,15,15,19,16,10,16,4,16,0,15,6,16,10,16,16,2,19,16,17,11,11,2,3,19,15,9,3,10,15,15,15,3,7,1,13,15,9,16,15,15,7,16,19,8,2,10,16,9,16,2,10,1,10,3,3,15,7,19,18,6,4,10,7,0,2,15,10,7,9,0,0,15,3,14,0,16,10,16,19,16,6,0,0,0,0,0,0,0,0,0,0,0,0,0,0,0,0,0,0,0,0,0,0,0",-0.18904456,0.06367799,3.0,0.53266025,60.48455,0.5529168,1.0,0.5529168,0.15002745,0.53266025,0.0,0.0,0.53266025,0.0029265003,0.92200994,0.15002745,2.7531044,1.3825572,60.48455,-0.18904456,2.9842162,157.61612,0.51240367,0.51240367,1.0,157.61612,0.7656355,0.07799003,2.7531044,0.0029265003,0.5529168,0.06367799,0.0,1.3825572,2.9842162,0.51240367,0.18904456,0.0,0.5529168,0.18904456,0.8499853,0.51240367,1.0,0.53266025,lookahead,fk_orig1_bm0-s0to100br0-s100to200br1-s200to300br0-s300to400br0
/work/T-REX/external/Proteina-Complexa/inference/search_binder_local_pipeline_32_PDL1_ALPHA_REPACK_v7_r004_cand_v7r004_hyp_0004_02_003_ae5b6dc63e53e/job_0_n_198_id_48_fk_orig2_bm0-s0to100br1-s100to200br0-s200to300br2-s300to400br0/job_0_n_198_id_48_fk_orig2_bm0-s0to100br1-s100to200br0-s200to300br2-s300to400br0.pdb,194,"2,0,13,16,19,16,19,14,11,3,10,18,19,19,6,18,7,15,2,12,16,9,6,4,11,13,14,19,6,11,5,10,3,10,0,0,10,9,19,18,17,6,12,6,3,11,2,9,9,5,13,19,8,7,6,6,3,10,11,19,5,8,15,15,18,1,5,1,0,1,10,10,11,3,5,10,15,10,7,2,0,0,10,5,9,16,3,19,11,10,5,3,0,7,19,18,1,4,12,9,15,18,7,7,0,3,18,11,1,9,16,19,11,19,2,0,16,6,6,6,9,1,6,13,9,2,15,10,14,1,19,7,5,16,10,1,16,0,13,10,4,8,13,15,7,0,11,18,14,12,7,2,19,7,10,11,16,10,6,15,10,1,11,18,19,14,15,19,3,19,10,1,2,0,16,19,6,6,10,16,11,19,8,7,19,7,14,19,16,0,5,15,9,18,3,8,13,8,0,0,0,0,0,0,0,0,0,0,0,0,0,0,0,0,0,0,0,0,0,0,0,0,0,0,0,0,0,0,0,0,0,0,0",-0.20871782,0.08258216,3.0,0.42078298,66.878914,0.43344545,1.0,0.43344545,0.16920021,0.42078298,0.0,0.0,0.42078298,0.0017051558,0.86556065,0.16920021,3.1208885,1.8179197,66.878914,-0.20871782,2.7286708,209.95697,0.40812054,0.40812054,1.0,209.95697,0.7206006,0.13443936,3.1208885,0.0017051558,0.43344545,0.08258216,0.0,1.8179197,2.7286708,0.40812054,0.20871782,0.0,0.43344545,0.20871782,0.8304611,0.40812054,1.0,0.42078298,lookahead,fk_orig2_bm0-s0to100br1-s100to200br0-s200to300br2-s300to400br0
/work/T-REX/external/Proteina-Complexa/inference/search_binder_local_pipeline_32_PDL1_ALPHA_REPACK_v7_r004_cand_v7r004_hyp_0004_02_003_ae5b6dc63e53e/job_0_n_220_id_48_fk_orig3_bm0-s0to100br2-s100to200br3-s200to300br3-s300to400br0/job_0_n_220_id_48_fk_orig3_bm0-s0to100br2-s100to200br3-s200to300br3-s300to400br0.pdb,195,"2,0,13,16,19,16,19,14,11,3,10,18,19,19,6,18,7,15,2,12,16,9,6,4,11,13,14,19,6,11,5,10,3,10,0,0,10,9,19,18,17,6,12,6,3,11,2,9,9,5,13,19,8,7,6,6,3,10,11,19,5,8,15,15,18,1,5,1,0,1,10,10,11,3,5,10,15,10,7,2,0,0,10,5,9,16,3,19,11,10,5,3,0,7,19,18,1,4,12,9,15,18,7,7,0,3,18,11,1,9,16,19,11,19,2,0,0,10,19,19,16,16,14,11,3,10,18,15,19,5,0,7,0,2,19,16,10,6,4,11,14,15,11,14,10,15,11,10,6,2,13,15,10,10,17,11,2,14,5,3,5,11,19,9,5,18,15,15,7,11,16,16,19,18,3,14,1,13,15,10,3,16,15,16,7,15,10,9,9,15,2,16,1,14,15,3,15,7,19,18,6,4,10,19,13,7,3,7,0,3,15,11,11,9,5,10,3,19,16,13,0,0,0,0,0,0,0,0,0,0,0,0,0",-0.64973503,0.39268985,3.0,0.006060515,119.92769,0.0062291664,1.0,0.0062291664,0.401005,0.0,0.0,0.0,0.006060515,0.0031875763,0.8095386,0.401005,14.323004,1.6342862,119.92769,-0.64973503,4.308546,244.57777,0.0,0.0058918637,1.0,244.57777,0.17778544,0.19046138,14.323004,0.0031875763,0.0,0.39268985,0.0,1.6342862,4.308546,0.0,0.64973503,0.0,0.0,0.64973503,0.5609705,0.0058918637,1.0,0.0,lookahead,fk_orig3_bm0-s0to100br2-s100to200br3-s200to300br3-s300to400br0
/work/T-REX/external/Proteina-Complexa/inference/search_binder_local_pipeline_32_PDL1_ALPHA_REPACK_v7_r004_cand_v7r004_hyp_0004_02_003_ae5b6dc63e53e/job_0_n_233_id_49_fk_orig0_bm0-s0to100br2-s100to200br1-s200to300br1-s300to400br1/job_0_n_233_id_49_fk_orig0_bm0-s0to100br2-s100to200br1-s200to300br1-s300to400br1.pdb,196,"2,0,13,16,19,16,19,14,11,3,10,18,19,19,6,18,7,15,2,12,16,9,6,4,11,13,14,19,6,11,5,10,3,10,0,0,10,9,19,18,17,6,12,6,3,11,2,9,9,5,13,19,8,7,6,6,3,10,11,19,5,8,15,15,18,1,5,1,0,1,10,10,11,3,5,10,15,10,7,2,0,0,10,5,9,16,3,19,11,10,5,3,0,7,19,18,1,4,12,9,15,18,7,7,0,3,18,11,1,9,16,19,11,19,2,0,2,0,13,16,19,16,19,14,11,3,10,18,19,19,6,18,7,15,2,12,16,9,6,4,11,13,14,19,6,11,5,10,3,10,0,0,10,9,19,18,17,6,12,6,3,11,2,9,9,5,13,19,8,7,6,6,3,10,11,19,5,8,15,15,18,1,5,1,0,1,10,10,11,3,5,10,15,10,7,2,0,0,10,5,9,16,3,19,11,10,5,3,0,7,19,18,1,4,12,9,15,18,7,7,0,3,18,11,1,9,16,19,11,19,2,0,14",-0.5372184,0.3061257,3.0,0.04054581,57.09252,0.042969115,1.0,0.042969115,0.31693622,0.011944894,0.0,0.0,0.04054581,0.0029127498,0.859673,0.31693622,3.0451994,1.2875012,57.09252,-0.5372184,3.9285626,199.9383,0.011651484,0.038122505,1.0,199.9383,0.25359616,0.140327,3.0451994,0.0029127498,0.012238303,0.3061257,0.0,1.2875012,3.9285626,0.011651484,0.5372184,0.0,0.012238303,0.5372184,0.5826948,0.038122505,1.0,0.011944894,lookahead,fk_orig0_bm0-s0to100br2-s100to200br1-s200to300br1-s300to400br1
/work/T-REX/external/Proteina-Complexa/inference/search_binder_local_pipeline_32_PDL1_ALPHA_REPACK_v7_r004_cand_v7r004_hyp_0004_02_003_ae5b6dc63e53e/job_0_n_211_id_49_fk_orig1_bm0-s0to100br0-s100to200br1-s200to300br0-s300to400br1/job_0_n_211_id_49_fk_orig1_bm0-s0to100br0-s100to200br1-s200to300br0-s300to400br1.pdb,197,"2,0,13,16,19,16,19,14,11,3,10,18,19,19,6,18,7,15,2,12,16,9,6,4,11,13,14,19,6,11,5,10,3,10,0,0,10,9,19,18,17,6,12,6,3,11,2,9,9,5,13,19,8,7,6,6,3,10,11,19,5,8,15,15,18,1,5,1,0,1,10,10,11,3,5,10,15,10,7,2,0,0,10,5,9,16,3,19,11,10,5,3,0,7,19,18,1,4,12,9,15,18,7,7,0,3,18,11,1,9,16,19,11,19,2,0,10,16,13,3,11,15,16,18,15,7,16,19,7,15,15,19,16,10,16,4,16,0,15,5,16,10,16,16,2,19,16,17,11,11,2,3,19,15,9,3,10,15,15,15,3,7,1,13,15,9,16,15,15,7,16,19,8,2,10,16,9,16,2,10,1,10,3,3,15,7,19,18,6,4,10,7,0,2,15,10,7,9,0,0,15,3,14,0,16,10,16,19,16,6,0,0,0,0,0,0,0,0,0,0,0,0,0,0,0,0,0,0,0,0,0,0,0",-0.19004993,0.06395097,3.0,0.53459156,59.879017,0.5542292,1.0,0.5542292,0.15138507,0.53459156,0.0,0.0,0.53459156,0.002685335,0.9202977,0.15138507,2.8379166,1.389989,59.879017,-0.19004993,2.9755828,156.89139,0.514954,0.514954,1.0,156.89139,0.7655481,0.07970231,2.8379166,0.002685335,0.5542292,0.06395097,0.0,1.389989,2.9755828,0.514954,0.19004993,0.0,0.5542292,0.19004993,0.849776,0.514954,1.0,0.53459156,lookahead,fk_orig1_bm0-s0to100br0-s100to200br1-s200to300br0-s300to400br1
/work/T-REX/external/Proteina-Complexa/inference/search_binder_local_pipeline_32_PDL1_ALPHA_REPACK_v7_r004_cand_v7r004_hyp_0004_02_003_ae5b6dc63e53e/job_0_n_198_id_49_fk_orig2_bm0-s0to100br1-s100to200br0-s200to300br2-s300to400br1/job_0_n_198_id_49_fk_orig2_bm0-s0to100br1-s100to200br0-s200to300br2-s300to400br1.pdb,198,"2,0,13,16,19,16,19,14,11,3,10,18,19,19,6,18,7,15,2,12,16,9,6,4,11,13,14,19,6,11,5,10,3,10,0,0,10,9,19,18,17,6,12,6,3,11,2,9,9,5,13,19,8,7,6,6,3,10,11,19,5,8,15,15,18,1,5,1,0,1,10,10,11,3,5,10,15,10,7,2,0,0,10,5,9,16,3,19,11,10,5,3,0,7,19,18,1,4,12,9,15,18,7,7,0,3,18,11,1,9,16,19,11,19,2,0,16,6,6,6,9,1,6,13,9,2,15,10,14,1,19,7,5,16,10,1,16,0,13,10,4,8,13,15,7,0,11,18,14,12,7,2,19,7,10,11,16,10,6,15,10,1,5,18,19,14,15,19,3,19,10,1,2,0,16,19,6,6,10,16,11,19,8,7,19,7,14,19,16,0,5,15,9,18,3,8,13,8,0,0,0,0,0,0,0,0,0,0,0,0,0,0,0,0,0,0,0,0,0,0,0,0,0,0,0,0,0,0,0,0,0,0,0",-0.21623172,0.08736215,3.0,0.39667356,65.45466,0.40683362,1.0,0.40683362,0.17481495,0.39667356,0.0,0.0,0.39667356,0.0017385242,0.8591724,0.17481495,3.1346307,1.835252,65.45466,-0.21623172,2.769169,209.37352,0.38651347,0.38651347,1.0,209.37352,0.7076813,0.1408276,3.1346307,0.0017385242,0.40683362,0.08736215,0.0,1.835252,2.769169,0.38651347,0.21623172,0.0,0.40683362,0.21623172,0.82437277,0.38651347,1.0,0.39667356,lookahead,fk_orig2_bm0-s0to100br1-s100to200br0-s200to300br2-s300to400br1
/work/T-REX/external/Proteina-Complexa/inference/search_binder_local_pipeline_32_PDL1_ALPHA_REPACK_v7_r004_cand_v7r004_hyp_0004_02_003_ae5b6dc63e53e/job_0_n_220_id_49_fk_orig3_bm0-s0to100br2-s100to200br3-s200to300br3-s300to400br1/job_0_n_220_id_49_fk_orig3_bm0-s0to100br2-s100to200br3-s200to300br3-s300to400br1.pdb,199,"2,0,13,16,19,16,19,14,11,3,10,18,19,19,6,18,7,15,2,12,16,9,6,4,11,13,14,19,6,11,5,10,3,10,0,0,10,9,19,18,17,6,12,6,3,11,2,9,9,5,13,19,8,7,6,6,3,10,11,19,5,8,15,15,18,1,5,1,0,1,10,10,11,3,5,10,15,10,7,2,0,0,10,5,9,16,3,19,11,10,5,3,0,7,19,18,1,4,12,9,15,18,7,7,0,3,18,11,1,9,16,19,11,19,2,0,0,10,9,19,16,16,14,11,3,10,18,15,19,5,0,7,0,2,19,16,10,6,4,11,14,15,11,14,10,15,11,10,6,2,13,15,10,10,17,11,2,14,5,3,5,11,19,9,5,18,15,15,7,11,16,16,19,18,3,14,1,13,15,10,3,16,15,16,7,15,10,9,9,15,2,16,1,14,15,3,15,7,19,18,6,4,10,19,13,7,3,7,0,3,15,11,11,9,5,10,3,19,16,13,0,0,0,0,0,0,0,0,0,0,0,0,0",-0.6474086,0.3885611,3.0,0.006198192,119.41547,0.0063137133,1.0,0.0063137133,0.40044323,0.0,0.0,0.0,0.006198192,0.0033991854,0.809227,0.40044323,14.263636,1.6427202,119.41547,-0.6474086,4.316228,245.20538,0.0,0.0060826703,1.0,245.20538,0.18173432,0.19077298,14.263636,0.0033991854,0.0,0.3885611,0.0,1.6427202,4.316228,0.0,0.6474086,0.0,0.0,0.6474086,0.5620006,0.0060826703,1.0,0.0,lookahead,fk_orig3_bm0-s0to100br2-s100to200br3-s200to300br3-s300to400br1
/work/T-REX/external/Proteina-Complexa/inference/search_binder_local_pipeline_32_PDL1_ALPHA_REPACK_v7_r004_cand_v7r004_hyp_0004_02_003_ae5b6dc63e53e/job_0_n_233_id_50_fk_orig0_bm0-s0to100br2-s100to200br1-s200to300br1-s300to400br2/job_0_n_233_id_50_fk_orig0_bm0-s0to100br2-s100to200br1-s200to300br1-s300to400br2.pdb,200,"2,0,13,16,19,16,19,14,11,3,10,18,19,19,6,18,7,15,2,12,16,9,6,4,11,13,14,19,6,11,5,10,3,10,0,0,10,9,19,18,17,6,12,6,3,11,2,9,9,5,13,19,8,7,6,6,3,10,11,19,5,8,15,15,18,1,5,1,0,1,10,10,11,3,5,10,15,10,7,2,0,0,10,5,9,16,3,19,11,10,5,3,0,7,19,18,1,4,12,9,15,18,7,7,0,3,18,11,1,9,16,19,11,19,2,0,2,0,13,16,19,16,19,14,11,3,10,18,19,19,6,18,7,15,2,12,16,9,6,4,11,13,14,19,6,11,5,10,3,10,0,0,10,9,19,18,17,6,12,6,3,11,2,9,9,5,13,19,8,7,6,6,3,10,11,19,5,8,15,15,18,1,5,1,0,1,10,10,11,3,5,10,15,10,7,2,0,0,10,5,9,16,3,19,11,10,5,3,0,7,19,18,1,4,12,9,15,18,7,7,0,3,18,11,1,9,16,19,11,19,2,0,14",-0.5361203,0.303513,3.0,0.04180643,56.242607,0.045660466,1.0,0.045660466,0.31665334,0.012013737,0.0,0.0,0.04180643,0.0028680498,0.8591093,0.31665334,3.0006905,1.2925632,56.242607,-0.5361203,3.9271107,197.02707,0.011729121,0.037952397,1.0,197.02707,0.25553206,0.14089073,3.0006905,0.0028680498,0.012298352,0.303513,0.0,1.2925632,3.9271107,0.011729121,0.5361203,0.0,0.012298352,0.5361203,0.5834646,0.037952397,1.0,0.012013737,lookahead,fk_orig0_bm0-s0to100br2-s100to200br1-s200to300br1-s300to400br2
/work/T-REX/external/Proteina-Complexa/inference/search_binder_local_pipeline_32_PDL1_ALPHA_REPACK_v7_r004_cand_v7r004_hyp_0004_02_003_ae5b6dc63e53e/job_0_n_211_id_50_fk_orig1_bm0-s0to100br0-s100to200br1-s200to300br0-s300to400br2/job_0_n_211_id_50_fk_orig1_bm0-s0to100br0-s100to200br1-s200to300br0-s300to400br2.pdb,201,"2,0,13,16,19,16,19,14,11,3,10,18,19,19,6,18,7,15,2,12,16,9,6,4,11,13,14,19,6,11,5,10,3,10,0,0,10,9,19,18,17,6,12,6,3,11,2,9,9,5,13,19,8,7,6,6,3,10,11,19,5,8,15,15,18,1,5,1,0,1,10,10,11,3,5,10,15,10,7,2,0,0,10,5,9,16,3,19,11,10,5,3,0,7,19,18,1,4,12,9,15,18,7,7,0,3,18,11,1,9,16,19,11,19,2,0,10,16,13,3,11,15,16,18,15,7,16,19,7,15,15,19,16,10,16,4,16,0,15,6,16,10,16,16,2,19,16,17,11,11,2,3,19,15,9,3,10,15,15,15,3,7,1,13,15,9,16,15,15,7,16,19,8,2,10,16,9,16,2,10,1,10,3,3,15,7,19,18,6,4,10,7,0,2,15,10,7,9,0,0,15,3,14,0,16,10,16,19,16,6,0,0,0,0,0,0,0,0,0,0,0,0,0,0,0,0,0,0,0,0,0,0,0",-0.1900356,0.06370426,3.0,0.53511274,59.17419,0.556192,1.0,0.556192,0.1514192,0.53511274,0.0,0.0,0.53511274,0.0030148425,0.9203543,0.1514192,2.7579296,1.3839878,59.17419,-0.1900356,2.9715533,157.72159,0.5140335,0.5140335,1.0,157.72159,0.76534927,0.0796457,2.7579296,0.0030148425,0.556192,0.06370426,0.0,1.3839878,2.9715533,0.5140335,0.1900356,0.0,0.556192,0.1900356,0.849754,0.5140335,1.0,0.53511274,lookahead,fk_orig1_bm0-s0to100br0-s100to200br1-s200to300br0-s300to400br2
/work/T-REX/external/Proteina-Complexa/inference/search_binder_local_pipeline_32_PDL1_ALPHA_REPACK_v7_r004_cand_v7r004_hyp_0004_02_003_ae5b6dc63e53e/job_0_n_198_id_50_fk_orig2_bm0-s0to100br1-s100to200br0-s200to300br2-s300to400br2/job_0_n_198_id_50_fk_orig2_bm0-s0to100br1-s100to200br0-s200to300br2-s300to400br2.pdb,202,"2,0,13,16,19,16,19,14,11,3,10,18,19,19,6,18,7,15,2,12,16,9,6,4,11,13,14,19,6,11,5,10,3,10,0,0,10,9,19,18,17,6,12,6,3,11,2,9,9,5,13,19,8,7,6,6,3,10,11,19,5,8,15,15,18,1,5,1,0,1,10,10,11,3,5,10,15,10,7,2,0,0,10,5,9,16,3,19,11,10,5,3,0,7,19,18,1,4,12,9,15,18,7,7,0,3,18,11,1,9,16,19,11,19,2,0,16,6,6,6,9,1,6,13,9,2,15,10,14,1,19,7,5,16,10,1,16,0,13,10,4,8,13,15,7,0,11,18,14,12,7,2,19,7,10,11,16,10,6,15,10,1,11,18,19,14,15,19,3,19,10,1,2,0,16,19,6,6,10,16,11,19,8,7,19,7,14,19,16,0,5,15,9,18,3,8,13,8,0,0,0,0,0,0,0,0,0,0,0,0,0,0,0,0,0,0,0,0,0,0,0,0,0,0,0,0,0,0,0,0,0,0,0",-0.21965522,0.09126541,3.0,0.38720018,68.35942,0.39755884,1.0,0.39755884,0.17695753,0.38720018,0.0,0.0,0.38720018,0.0018209269,0.85877305,0.17695753,3.1774883,1.8370712,68.35942,-0.21965522,2.7951112,213.2479,0.37684152,0.37684152,1.0,213.2479,0.7032578,0.14122695,3.1774883,0.0018209269,0.39755884,0.09126541,0.0,1.8370712,2.7951112,0.37684152,0.21965522,0.0,0.39755884,0.21965522,0.82126945,0.37684152,1.0,0.38720018,lookahead,fk_orig2_bm0-s0to100br1-s100to200br0-s200to300br2-s300to400br2
/work/T-REX/external/Proteina-Complexa/inference/search_binder_local_pipeline_32_PDL1_ALPHA_REPACK_v7_r004_cand_v7r004_hyp_0004_02_003_ae5b6dc63e53e/job_0_n_220_id_50_fk_orig3_bm0-s0to100br2-s100to200br3-s200to300br3-s300to400br2/job_0_n_220_id_50_fk_orig3_bm0-s0to100br2-s100to200br3-s200to300br3-s300to400br2.pdb,203,"2,0,13,16,19,16,19,14,11,3,10,18,19,19,6,18,7,15,2,12,16,9,6,4,11,13,14,19,6,11,5,10,3,10,0,0,10,9,19,18,17,6,12,6,3,11,2,9,9,5,13,19,8,7,6,6,3,10,11,19,5,8,15,15,18,1,5,1,0,1,10,10,11,3,5,10,15,10,7,2,0,0,10,5,9,16,3,19,11,10,5,3,0,7,19,18,1,4,12,9,15,18,7,7,0,3,18,11,1,9,16,19,11,19,2,0,0,10,9,19,16,16,14,11,3,10,18,15,19,5,0,7,0,2,19,16,10,6,4,11,14,15,11,14,10,15,11,10,6,2,13,15,10,10,17,11,2,14,5,3,5,11,19,9,5,18,15,15,7,11,16,16,19,18,3,14,1,13,15,10,3,16,15,16,7,15,10,9,9,15,2,16,1,14,15,3,15,7,19,18,6,4,10,19,13,7,3,7,0,3,15,11,11,9,5,10,3,19,16,13,0,0,0,0,0,0,0,0,0,0,0,0,0",-0.6425649,0.38278782,3.0,0.0059926817,119.18512,0.0062006717,1.0,0.0062006717,0.39740354,0.0,0.0,0.0,0.0059926817,0.0033662177,0.8114561,0.39740354,14.523762,1.6364733,119.18512,-0.6425649,4.3031793,242.43839,0.0,0.005784692,1.0,242.43839,0.18458948,0.18854395,14.523762,0.0033662177,0.0,0.38278782,0.0,1.6364733,4.3031793,0.0,0.6425649,0.0,0.0,0.6425649,0.563763,0.005784692,1.0,0.0,lookahead,fk_orig3_bm0-s0to100br2-s100to200br3-s200to300br3-s300to400br2
/work/T-REX/external/Proteina-Complexa/inference/search_binder_local_pipeline_32_PDL1_ALPHA_REPACK_v7_r004_cand_v7r004_hyp_0004_02_003_ae5b6dc63e53e/job_0_n_233_id_51_fk_orig0_bm0-s0to100br2-s100to200br1-s200to300br1-s300to400br3/job_0_n_233_id_51_fk_orig0_bm0-s0to100br2-s100to200br1-s200to300br1-s300to400br3.pdb,204,"2,0,13,16,19,16,19,14,11,3,10,18,19,19,6,18,7,15,2,12,16,9,6,4,11,13,14,19,6,11,5,10,3,10,0,0,10,9,19,18,17,6,12,6,3,11,2,9,9,5,13,19,8,7,6,6,3,10,11,19,5,8,15,15,18,1,5,1,0,1,10,10,11,3,5,10,15,10,7,2,0,0,10,5,9,16,3,19,11,10,5,3,0,7,19,18,1,4,12,9,15,18,7,7,0,3,18,11,1,9,16,19,11,19,2,0,2,0,13,16,19,16,19,14,11,3,10,18,19,19,6,18,7,15,2,12,16,9,6,4,11,13,14,19,6,11,5,10,3,10,0,0,10,9,19,18,17,6,12,6,3,11,2,9,9,5,13,19,8,7,6,6,3,10,11,19,5,8,15,15,18,1,5,1,0,1,10,10,11,3,5,10,15,10,7,2,0,0,10,5,9,16,3,19,11,10,5,3,0,7,19,18,1,4,12,9,15,18,7,7,0,3,18,11,1,9,16,19,11,19,2,0,14",-0.54076296,0.30813986,3.0,0.038707756,58.969616,0.041673042,1.0,0.041673042,0.31888828,0.011823228,0.0,0.0,0.038707756,0.0028937154,0.85945886,0.31888828,3.1660995,1.2889676,58.969616,-0.54076296,3.9339828,197.65146,0.011540987,0.03574247,1.0,197.65146,0.25195068,0.14054115,3.1660995,0.0028937154,0.012105468,0.30813986,0.0,1.2889676,3.9339828,0.011540987,0.54076296,0.0,0.012105468,0.54076296,0.5816116,0.03574247,1.0,0.011823228,lookahead,fk_orig0_bm0-s0to100br2-s100to200br1-s200to300br1-s300to400br3
/work/T-REX/external/Proteina-Complexa/inference/search_binder_local_pipeline_32_PDL1_ALPHA_REPACK_v7_r004_cand_v7r004_hyp_0004_02_003_ae5b6dc63e53e/job_0_n_211_id_51_fk_orig1_bm0-s0to100br0-s100to200br1-s200to300br0-s300to400br3/job_0_n_211_id_51_fk_orig1_bm0-s0to100br0-s100to200br1-s200to300br0-s300to400br3.pdb,205,"2,0,13,16,19,16,19,14,11,3,10,18,19,19,6,18,7,15,2,12,16,9,6,4,11,13,14,19,6,11,5,10,3,10,0,0,10,9,19,18,17,6,12,6,3,11,2,9,9,5,13,19,8,7,6,6,3,10,11,19,5,8,15,15,18,1,5,1,0,1,10,10,11,3,5,10,15,10,7,2,0,0,10,5,9,16,3,19,11,10,5,3,0,7,19,18,1,4,12,9,15,18,7,7,0,3,18,11,1,9,16,19,11,19,2,0,10,16,13,3,11,15,16,18,15,7,16,19,7,15,15,19,16,10,16,4,16,0,15,6,16,10,16,16,2,19,16,17,11,11,2,3,19,15,9,3,10,15,15,15,3,7,1,13,15,9,16,15,15,7,16,19,8,2,10,16,9,16,2,10,1,10,3,3,15,7,19,18,6,4,10,7,0,2,15,18,7,9,0,0,15,3,14,0,16,10,16,19,16,6,0,0,0,0,0,0,0,0,0,0,0,0,0,0,0,0,0,0,0,0,0,0,0",-0.18949306,0.06469766,3.0,0.5390246,58.505863,0.56079614,1.0,0.56079614,0.15185937,0.5390246,0.0,0.0,0.5390246,0.0030877327,0.9191226,0.15185937,2.7687469,1.3947501,58.505863,-0.18949306,2.9723942,155.69403,0.517253,0.517253,1.0,155.69403,0.7669805,0.080877446,2.7687469,0.0030877327,0.56079614,0.06469766,0.0,1.3947501,2.9723942,0.517253,0.18949306,0.0,0.56079614,0.18949306,0.850909,0.517253,1.0,0.5390246,lookahead,fk_orig1_bm0-s0to100br0-s100to200br1-s200to300br0-s300to400br3
/work/T-REX/external/Proteina-Complexa/inference/search_binder_local_pipeline_32_PDL1_ALPHA_REPACK_v7_r004_cand_v7r004_hyp_0004_02_003_ae5b6dc63e53e/job_0_n_198_id_51_fk_orig2_bm0-s0to100br1-s100to200br0-s200to300br2-s300to400br3/job_0_n_198_id_51_fk_orig2_bm0-s0to100br1-s100to200br0-s200to300br2-s300to400br3.pdb,206,"2,0,13,16,19,16,19,14,11,3,10,18,19,19,6,18,7,15,2,12,16,9,6,4,11,13,14,19,6,11,5,10,3,10,0,0,10,9,19,18,17,6,12,6,3,11,2,9,9,5,13,19,8,7,6,6,3,10,11,19,5,8,15,15,18,1,5,1,0,1,10,10,11,3,5,10,15,10,7,2,0,0,10,5,9,16,3,19,11,10,5,3,0,7,19,18,1,4,12,9,15,18,7,7,0,3,18,11,1,9,16,19,11,19,2,0,16,6,6,6,9,1,6,13,9,2,15,10,14,1,19,7,5,16,10,1,16,0,13,10,4,8,13,15,7,0,11,18,14,12,7,2,19,7,10,11,16,10,6,15,10,1,5,18,19,14,15,19,3,19,10,1,2,0,16,19,6,6,10,16,11,19,8,7,19,7,14,19,16,0,5,15,9,18,3,8,13,8,0,0,0,0,0,0,0,0,0,0,0,0,0,0,0,0,0,0,0,0,0,0,0,0,0,0,0,0,0,0,0,0,0,0,0",-0.21120195,0.08355791,3.0,0.41241384,68.02911,0.425009,1.0,0.425009,0.17094149,0.41241384,0.0,0.0,0.41241384,0.0017030748,0.8633779,0.17094149,3.0853279,1.8190345,68.02911,-0.21120195,2.7381985,210.0468,0.3998187,0.3998187,1.0,210.0468,0.71501887,0.1366221,3.0853279,0.0017030748,0.425009,0.08355791,0.0,1.8190345,2.7381985,0.3998187,0.21120195,0.0,0.425009,0.21120195,0.8283856,0.3998187,1.0,0.41241384,lookahead,fk_orig2_bm0-s0to100br1-s100to200br0-s200to300br2-s300to400br3
/work/T-REX/external/Proteina-Complexa/inference/search_binder_local_pipeline_32_PDL1_ALPHA_REPACK_v7_r004_cand_v7r004_hyp_0004_02_003_ae5b6dc63e53e/job_0_n_220_id_51_fk_orig3_bm0-s0to100br2-s100to200br3-s200to300br3-s300to400br3/job_0_n_220_id_51_fk_orig3_bm0-s0to100br2-s100to200br3-s200to300br3-s300to400br3.pdb,207,"2,0,13,16,19,16,19,14,11,3,10,18,19,19,6,18,7,15,2,12,16,9,6,4,11,13,14,19,6,11,5,10,3,10,0,0,10,9,19,18,17,6,12,6,3,11,2,9,9,5,13,19,8,7,6,6,3,10,11,19,5,8,15,15,18,1,5,1,0,1,10,10,11,3,5,10,15,10,7,2,0,0,10,5,9,16,3,19,11,10,5,3,0,7,19,18,1,4,12,9,15,18,7,7,0,3,18,11,1,9,16,19,11,19,2,0,0,10,19,19,16,16,14,11,3,10,18,15,19,5,0,7,0,2,19,16,10,6,4,11,14,15,11,14,10,15,11,10,6,2,13,15,10,10,17,11,2,14,5,3,5,11,19,9,5,18,15,15,7,11,16,16,19,18,3,14,1,13,15,10,3,16,15,16,7,15,10,9,9,15,2,16,1,14,15,3,15,7,19,18,6,4,10,19,13,7,3,7,0,3,15,11,16,9,5,10,3,19,16,13,0,0,0,0,0,0,0,0,0,0,0,0,0",-0.5500124,0.28504094,3.0,0.03173583,52.20754,0.03185389,1.0,0.03185389,0.34569785,0.012254774,0.0,0.0,0.03173583,0.0026697414,0.8235037,0.34569785,3.5742123,1.600758,52.20754,-0.5500124,4.020744,222.69545,0.011819467,0.031617768,1.0,222.69545,0.2729202,0.17649633,3.5742123,0.0026697414,0.01269008,0.28504094,0.0,1.600758,4.020744,0.011819467,0.5500124,0.0,0.01269008,0.5500124,0.60474324,0.031617768,1.0,0.012254774,lookahead,fk_orig3_bm0-s0to100br2-s100to200br3-s200to300br3-s300to400br3
/work/T-REX/external/Proteina-Complexa/inference/search_binder_local_pipeline_32_PDL1_ALPHA_REPACK_v7_r004_cand_v7r004_hyp_0004_02_003_ae5b6dc63e53e/job_0_n_233_id_52_fk_orig0_bm0-s0to100br2-s100to200br3-s200to300br1-s300to400br0/job_0_n_233_id_52_fk_orig0_bm0-s0to100br2-s100to200br3-s200to300br1-s300to400br0.pdb,208,"2,0,13,16,19,16,19,14,11,3,10,18,19,19,6,18,7,15,2,12,16,9,6,4,11,13,14,19,6,11,5,10,3,10,0,0,10,9,19,18,17,6,12,6,3,11,2,9,9,5,13,19,8,7,6,6,3,10,11,19,5,8,15,15,18,1,5,1,0,1,10,10,11,3,5,10,15,10,7,2,0,0,10,5,9,16,3,19,11,10,5,3,0,7,19,18,1,4,12,9,15,18,7,7,0,3,18,11,1,9,16,19,11,19,2,0,2,0,13,16,19,16,19,14,11,3,10,18,19,19,6,18,7,15,2,12,16,9,6,4,11,13,14,19,6,11,5,10,3,10,0,0,10,9,19,18,17,6,12,6,3,11,2,9,9,5,13,19,8,7,6,6,3,10,11,19,5,8,15,15,18,1,5,1,0,1,10,10,11,3,5,10,15,10,7,2,0,0,10,5,9,16,3,19,11,10,5,3,0,7,19,18,1,4,12,9,15,18,7,7,0,3,18,11,1,9,16,19,11,19,2,0,10",-0.52492195,0.29188573,3.0,0.048919715,59.010212,0.052105915,1.0,0.052105915,0.31200066,0.012490686,0.0,0.0,0.048919715,0.0028510645,0.85759854,0.31200066,3.2578266,1.2984167,59.010212,-0.52492195,3.8963485,197.79001,0.012258103,0.04573351,1.0,197.79001,0.26448128,0.14240149,3.2578266,0.0028510645,0.012723268,0.29188573,0.0,1.2984167,3.8963485,0.012258103,0.52492195,0.0,0.012723268,0.52492195,0.5872647,0.04573351,1.0,0.012490686,lookahead,fk_orig0_bm0-s0to100br2-s100to200br3-s200to300br1-s300to400br0
/work/T-REX/external/Proteina-Complexa/inference/search_binder_local_pipeline_32_PDL1_ALPHA_REPACK_v7_r004_cand_v7r004_hyp_0004_02_003_ae5b6dc63e53e/job_0_n_211_id_52_fk_orig1_bm0-s0to100br0-s100to200br1-s200to300br1-s300to400br0/job_0_n_211_id_52_fk_orig1_bm0-s0to100br0-s100to200br1-s200to300br1-s300to400br0.pdb,209,"2,0,13,16,19,16,19,14,11,3,10,18,19,19,6,18,7,15,2,12,16,9,6,4,11,13,14,19,6,11,5,10,3,10,0,0,10,9,19,18,17,6,12,6,3,11,2,9,9,5,13,19,8,7,6,6,3,10,11,19,5,8,15,15,18,1,5,1,0,1,10,10,11,3,5,10,15,10,7,2,0,0,10,5,9,16,3,19,11,10,5,3,0,7,19,18,1,4,12,9,15,18,7,7,0,3,18,11,1,9,16,19,11,19,2,0,10,16,13,3,11,14,16,18,15,19,6,19,7,2,2,19,16,10,16,4,16,0,15,6,16,10,16,8,14,9,19,17,11,11,2,3,5,15,9,3,13,0,15,6,2,2,1,13,15,5,16,15,3,7,10,6,8,18,10,16,9,16,2,16,11,10,6,3,15,7,10,18,6,4,10,7,0,2,15,11,7,9,0,0,15,3,14,0,5,10,16,19,16,6,14,0,0,0,0,0,0,0,0,0,0,0,0,0,0,0,0,0,0,0,0,0,0",-0.20950599,0.07648922,3.0,0.44571114,61.716785,0.46703997,1.0,0.46703997,0.16054244,0.44571114,0.0,0.0,0.44571114,0.002777628,0.92025316,0.16054244,3.0844965,1.3819107,61.716785,-0.20950599,3.0693855,162.6536,0.42438227,0.42438227,1.0,162.6536,0.722179,0.07974682,3.0844965,0.002777628,0.46703997,0.07648922,0.0,1.3819107,3.0693855,0.42438227,0.20950599,0.0,0.46703997,0.20950599,0.82855684,0.42438227,1.0,0.44571114,lookahead,fk_orig1_bm0-s0to100br0-s100to200br1-s200to300br1-s300to400br0
/work/T-REX/external/Proteina-Complexa/inference/search_binder_local_pipeline_32_PDL1_ALPHA_REPACK_v7_r004_cand_v7r004_hyp_0004_02_003_ae5b6dc63e53e/job_0_n_198_id_52_fk_orig2_bm0-s0to100br1-s100to200br0-s200to300br3-s300to400br0/job_0_n_198_id_52_fk_orig2_bm0-s0to100br1-s100to200br0-s200to300br3-s300to400br0.pdb,210,"2,0,13,16,19,16,19,14,11,3,10,18,19,19,6,18,7,15,2,12,16,9,6,4,11,13,14,19,6,11,5,10,3,10,0,0,10,9,19,18,17,6,12,6,3,11,2,9,9,5,13,19,8,7,6,6,3,10,11,19,5,8,15,15,18,1,5,1,0,1,10,10,11,3,5,10,15,10,7,2,0,0,10,5,9,16,3,19,11,10,5,3,0,7,19,18,1,4,12,9,15,18,7,7,0,3,18,11,1,9,16,19,11,19,2,0,15,6,5,6,9,1,6,18,9,2,15,9,14,11,10,7,11,19,10,1,10,0,13,10,8,8,13,15,7,7,11,2,14,9,0,6,19,7,14,11,10,19,6,15,10,5,11,18,19,14,3,10,6,16,10,11,2,0,16,0,6,6,10,16,11,19,8,7,9,7,14,19,10,0,6,2,9,19,0,8,1,2,0,0,0,0,0,0,0,0,0,0,0,0,0,0,0,0,0,0,0,0,0,0,0,0,0,0,0,0,0,0,0,0,0,0,0",-0.26942465,0.1259291,3.0,0.25717354,35.21031,0.26911205,1.0,0.26911205,0.19980042,0.25697,0.0,0.0,0.25717354,0.002431748,0.8741025,0.19980042,2.337711,1.717575,35.21031,-0.26942465,2.830708,190.40622,0.24523506,0.24523506,1.0,190.40622,0.6407884,0.12589751,2.337711,0.002431748,0.26870492,0.1259291,0.0,1.717575,2.830708,0.24523506,0.26942465,0.0,0.26870492,0.26942465,0.79749835,0.24523506,1.0,0.25697,lookahead,fk_orig2_bm0-s0to100br1-s100to200br0-s200to300br3-s300to400br0
/work/T-REX/external/Proteina-Complexa/inference/search_binder_local_pipeline_32_PDL1_ALPHA_REPACK_v7_r004_cand_v7r004_hyp_0004_02_003_ae5b6dc63e53e/job_0_n_220_id_52_fk_orig3_bm0-s0to100br2-s100to200br3-s200to300br2-s300to400br0/job_0_n_220_id_52_fk_orig3_bm0-s0to100br2-s100to200br3-s200to300br2-s300to400br0.pdb,211,"2,0,13,16,19,16,19,14,11,3,10,18,19,19,6,18,7,15,2,12,16,9,6,4,11,13,14,19,6,11,5,10,3,10,0,0,10,9,19,18,17,6,12,6,3,11,2,9,9,5,13,19,8,7,6,6,3,10,11,19,5,8,15,15,18,1,5,1,0,1,10,10,11,3,5,10,15,10,7,2,0,0,10,5,9,16,3,19,11,10,5,3,0,7,19,18,1,4,12,9,15,18,7,7,0,3,18,11,1,9,16,19,11,19,2,0,0,10,16,19,16,16,14,11,14,10,18,15,19,5,0,7,0,2,19,16,10,6,4,11,14,15,11,14,10,15,11,10,2,2,13,15,10,10,17,11,2,14,5,3,5,11,19,19,5,18,15,15,7,11,19,16,11,18,3,14,1,13,3,10,5,16,15,16,7,15,10,9,9,15,3,16,11,14,15,3,15,7,19,18,6,4,10,19,13,7,3,7,0,3,15,11,16,9,5,10,2,19,10,13,0,0,0,0,0,0,0,0,0,0,0,0,0",-0.22872107,0.08640547,3.0,0.41211414,53.61201,0.41743216,1.0,0.41743216,0.17176937,0.41211414,0.0,0.0,0.41211414,0.0026093968,0.8960603,0.17176937,2.9234245,1.5101798,53.61201,-0.22872107,3.0492609,182.43185,0.4067961,0.4067961,1.0,182.43185,0.71949106,0.103939705,2.9234245,0.0026093968,0.41743216,0.08640547,0.0,1.5101798,3.0492609,0.4067961,0.22872107,0.0,0.41743216,0.22872107,0.8252716,0.4067961,1.0,0.41211414,lookahead,fk_orig3_bm0-s0to100br2-s100to200br3-s200to300br2-s300to400br0
/work/T-REX/external/Proteina-Complexa/inference/search_binder_local_pipeline_32_PDL1_ALPHA_REPACK_v7_r004_cand_v7r004_hyp_0004_02_003_ae5b6dc63e53e/job_0_n_233_id_53_fk_orig0_bm0-s0to100br2-s100to200br3-s200to300br1-s300to400br1/job_0_n_233_id_53_fk_orig0_bm0-s0to100br2-s100to200br3-s200to300br1-s300to400br1.pdb,212,"2,0,13,16,19,16,19,14,11,3,10,18,19,19,6,18,7,15,2,12,16,9,6,4,11,13,14,19,6,11,5,10,3,10,0,0,10,9,19,18,17,6,12,6,3,11,2,9,9,5,13,19,8,7,6,6,3,10,11,19,5,8,15,15,18,1,5,1,0,1,10,10,11,3,5,10,15,10,7,2,0,0,10,5,9,16,3,19,11,10,5,3,0,7,19,18,1,4,12,9,15,18,7,7,0,3,18,11,1,9,16,19,11,19,2,0,2,0,13,16,19,16,19,14,11,3,10,18,19,19,6,18,7,15,2,12,16,9,6,4,11,13,14,19,6,11,5,10,3,10,0,0,10,9,19,18,17,6,12,6,3,11,2,9,9,5,13,19,8,7,6,6,3,10,11,19,5,8,15,15,18,1,5,1,0,1,10,10,11,3,5,10,15,10,7,2,0,0,10,5,9,16,3,19,11,10,5,3,0,7,19,18,1,4,12,9,15,18,7,7,0,3,18,11,1,9,16,19,11,19,2,0,10",-0.5312744,0.29845402,3.0,0.04412295,60.45251,0.047884494,1.0,0.047884494,0.3150226,0.01234211,0.0,0.0,0.04412295,0.0028658195,0.8584118,0.3150226,3.4122562,1.2971865,60.45251,-0.5312744,3.9097934,199.17569,0.0121643245,0.040361404,1.0,199.17569,0.26107287,0.1415882,3.4122562,0.0028658195,0.012519897,0.29845402,0.0,1.2971865,3.9097934,0.0121643245,0.5312744,0.0,0.012519897,0.5312744,0.5856496,0.040361404,1.0,0.01234211,lookahead,fk_orig0_bm0-s0to100br2-s100to200br3-s200to300br1-s300to400br1
/work/T-REX/external/Proteina-Complexa/inference/search_binder_local_pipeline_32_PDL1_ALPHA_REPACK_v7_r004_cand_v7r004_hyp_0004_02_003_ae5b6dc63e53e/job_0_n_211_id_53_fk_orig1_bm0-s0to100br0-s100to200br1-s200to300br1-s300to400br1/job_0_n_211_id_53_fk_orig1_bm0-s0to100br0-s100to200br1-s200to300br1-s300to400br1.pdb,213,"2,0,13,16,19,16,19,14,11,3,10,18,19,19,6,18,7,15,2,12,16,9,6,4,11,13,14,19,6,11,5,10,3,10,0,0,10,9,19,18,17,6,12,6,3,11,2,9,9,5,13,19,8,7,6,6,3,10,11,19,5,8,15,15,18,1,5,1,0,1,10,10,11,3,5,10,15,10,7,2,0,0,10,5,9,16,3,19,11,10,5,3,0,7,19,18,1,4,12,9,15,18,7,7,0,3,18,11,1,9,16,19,11,19,2,0,10,16,13,3,11,14,16,18,15,19,6,19,7,2,2,19,16,10,16,4,16,0,15,6,16,10,16,8,14,9,19,17,11,11,2,3,5,15,9,3,13,0,15,6,15,2,1,13,15,5,16,15,3,7,10,6,8,18,10,16,9,16,2,16,11,10,2,3,15,7,10,18,6,4,10,7,0,2,15,11,7,9,0,0,15,3,14,0,5,10,16,19,16,6,14,0,0,0,0,0,0,0,0,0,0,0,0,0,0,0,0,0,0,0,0,0,0",-0.21201587,0.0776708,3.0,0.4388172,61.73701,0.45848063,1.0,0.45848063,0.1621808,0.4388172,0.0,0.0,0.4388172,0.0029935203,0.9194322,0.1621808,3.131893,1.3767796,61.73701,-0.21201587,3.0763037,162.91978,0.4191538,0.4191538,1.0,162.91978,0.71837044,0.08056777,3.131893,0.0029935203,0.45848063,0.0776708,0.0,1.3767796,3.0763037,0.4191538,0.21201587,0.0,0.45848063,0.21201587,0.8267543,0.4191538,1.0,0.4388172,lookahead,fk_orig1_bm0-s0to100br0-s100to200br1-s200to300br1-s300to400br1
/work/T-REX/external/Proteina-Complexa/inference/search_binder_local_pipeline_32_PDL1_ALPHA_REPACK_v7_r004_cand_v7r004_hyp_0004_02_003_ae5b6dc63e53e/job_0_n_198_id_53_fk_orig2_bm0-s0to100br1-s100to200br0-s200to300br3-s300to400br1/job_0_n_198_id_53_fk_orig2_bm0-s0to100br1-s100to200br0-s200to300br3-s300to400br1.pdb,214,"2,0,13,16,19,16,19,14,11,3,10,18,19,19,6,18,7,15,2,12,16,9,6,4,11,13,14,19,6,11,5,10,3,10,0,0,10,9,19,18,17,6,12,6,3,11,2,9,9,5,13,19,8,7,6,6,3,10,11,19,5,8,15,15,18,1,5,1,0,1,10,10,11,3,5,10,15,10,7,2,0,0,10,5,9,16,3,19,11,10,5,3,0,7,19,18,1,4,12,9,15,18,7,7,0,3,18,11,1,9,16,19,11,19,2,0,15,6,5,6,9,1,6,18,9,2,15,9,14,11,10,7,11,19,10,1,10,0,13,10,8,8,13,15,7,7,11,2,14,9,0,6,19,7,14,11,16,19,6,15,10,5,11,18,19,14,3,10,6,16,10,11,2,0,16,0,6,6,10,16,11,19,8,7,9,7,14,19,10,0,6,2,9,19,0,8,1,2,0,0,0,0,0,0,0,0,0,0,0,0,0,0,0,0,0,0,0,0,0,0,0,0,0,0,0,0,0,0,0,0,0,0,0",-0.6614571,0.48070702,3.0,0.0055188676,126.04369,0.0062010232,1.0,0.0062010232,0.45070302,0.0,0.0,0.0,0.0055188676,0.0070932694,0.72740436,0.45070302,20.12353,2.018566,126.04369,-0.6614571,4.2045655,267.41037,0.0,0.004836712,1.0,267.41037,0.17295307,0.2725956,20.12353,0.0070932694,0.0,0.48070702,0.0,2.018566,4.2045655,0.0,0.6614571,0.0,0.0,0.6614571,0.59873575,0.004836712,1.0,0.0,lookahead,fk_orig2_bm0-s0to100br1-s100to200br0-s200to300br3-s300to400br1
/work/T-REX/external/Proteina-Complexa/inference/search_binder_local_pipeline_32_PDL1_ALPHA_REPACK_v7_r004_cand_v7r004_hyp_0004_02_003_ae5b6dc63e53e/job_0_n_220_id_53_fk_orig3_bm0-s0to100br2-s100to200br3-s200to300br2-s300to400br1/job_0_n_220_id_53_fk_orig3_bm0-s0to100br2-s100to200br3-s200to300br2-s300to400br1.pdb,215,"2,0,13,16,19,16,19,14,11,3,10,18,19,19,6,18,7,15,2,12,16,9,6,4,11,13,14,19,6,11,5,10,3,10,0,0,10,9,19,18,17,6,12,6,3,11,2,9,9,5,13,19,8,7,6,6,3,10,11,19,5,8,15,15,18,1,5,1,0,1,10,10,11,3,5,10,15,10,7,2,0,0,10,5,9,16,3,19,11,10,5,3,0,7,19,18,1,4,12,9,15,18,7,7,0,3,18,11,1,9,16,19,11,19,2,0,0,10,16,19,16,16,14,11,14,10,18,15,19,6,0,7,0,2,19,16,10,6,4,11,14,15,11,14,10,15,11,10,2,2,13,15,10,10,17,11,2,14,5,3,5,11,19,19,5,18,15,15,7,11,19,16,11,18,3,14,1,13,3,10,5,16,15,16,7,15,10,9,9,15,3,16,11,14,15,3,15,7,19,18,6,4,10,19,13,7,3,7,0,3,15,11,16,9,5,10,2,19,10,13,0,0,0,0,0,0,0,0,0,0,0,0,0",-0.231681,0.08922197,3.0,0.40131676,52.245033,0.40495268,1.0,0.40495268,0.17318402,0.40131676,0.0,0.0,0.40131676,0.002641926,0.89670026,0.17318402,2.8595374,1.5029694,52.245033,-0.231681,3.0472713,183.24295,0.39768082,0.39768082,1.0,183.24295,0.7149435,0.103299715,2.8595374,0.002641926,0.40495268,0.08922197,0.0,1.5029694,3.0472713,0.39768082,0.231681,0.0,0.40495268,0.231681,0.8228959,0.39768082,1.0,0.40131676,lookahead,fk_orig3_bm0-s0to100br2-s100to200br3-s200to300br2-s300to400br1
/work/T-REX/external/Proteina-Complexa/inference/search_binder_local_pipeline_32_PDL1_ALPHA_REPACK_v7_r004_cand_v7r004_hyp_0004_02_003_ae5b6dc63e53e/job_0_n_233_id_54_fk_orig0_bm0-s0to100br2-s100to200br3-s200to300br1-s300to400br2/job_0_n_233_id_54_fk_orig0_bm0-s0to100br2-s100to200br3-s200to300br1-s300to400br2.pdb,216,"2,0,13,16,19,16,19,14,11,3,10,18,19,19,6,18,7,15,2,12,16,9,6,4,11,13,14,19,6,11,5,10,3,10,0,0,10,9,19,18,17,6,12,6,3,11,2,9,9,5,13,19,8,7,6,6,3,10,11,19,5,8,15,15,18,1,5,1,0,1,10,10,11,3,5,10,15,10,7,2,0,0,10,5,9,16,3,19,11,10,5,3,0,7,19,18,1,4,12,9,15,18,7,7,0,3,18,11,1,9,16,19,11,19,2,0,2,0,13,16,19,16,19,14,11,3,10,18,19,19,6,18,7,15,2,12,16,9,6,4,11,13,14,19,6,11,5,10,3,10,0,0,10,9,19,18,17,6,12,6,3,11,2,9,9,5,13,19,8,7,6,6,3,10,11,19,5,8,15,15,18,1,5,1,0,1,10,10,11,3,5,10,15,10,7,2,0,0,10,5,9,16,3,19,11,10,5,3,0,7,19,18,1,4,12,9,15,18,7,7,0,3,18,11,1,9,16,19,11,19,2,0,10",-0.52468807,0.29166842,3.0,0.04922996,58.733356,0.05245579,1.0,0.05245579,0.3120211,0.012490466,0.0,0.0,0.04922996,0.0028123225,0.8567774,0.3120211,3.155204,1.2984458,58.733356,-0.52468807,3.8952303,199.95828,0.0122795245,0.04600413,1.0,199.95828,0.263788,0.1432226,3.155204,0.0028123225,0.012701409,0.29166842,0.0,1.2984458,3.8952303,0.0122795245,0.52468807,0.0,0.012701409,0.52468807,0.5872068,0.04600413,1.0,0.012490466,lookahead,fk_orig0_bm0-s0to100br2-s100to200br3-s200to300br1-s300to400br2
/work/T-REX/external/Proteina-Complexa/inference/search_binder_local_pipeline_32_PDL1_ALPHA_REPACK_v7_r004_cand_v7r004_hyp_0004_02_003_ae5b6dc63e53e/job_0_n_211_id_54_fk_orig1_bm0-s0to100br0-s100to200br1-s200to300br1-s300to400br2/job_0_n_211_id_54_fk_orig1_bm0-s0to100br0-s100to200br1-s200to300br1-s300to400br2.pdb,217,"2,0,13,16,19,16,19,14,11,3,10,18,19,19,6,18,7,15,2,12,16,9,6,4,11,13,14,19,6,11,5,10,3,10,0,0,10,9,19,18,17,6,12,6,3,11,2,9,9,5,13,19,8,7,6,6,3,10,11,19,5,8,15,15,18,1,5,1,0,1,10,10,11,3,5,10,15,10,7,2,0,0,10,5,9,16,3,19,11,10,5,3,0,7,19,18,1,4,12,9,15,18,7,7,0,3,18,11,1,9,16,19,11,19,2,0,10,16,13,3,11,14,16,18,15,19,6,5,7,2,2,19,16,10,16,4,16,0,15,6,16,10,16,8,14,9,19,17,11,11,2,3,5,15,9,3,13,0,15,6,2,2,1,13,15,5,16,15,3,7,10,6,8,18,10,16,9,16,2,16,11,10,2,3,15,7,10,18,6,4,10,7,0,2,15,11,7,9,0,0,15,3,14,0,5,10,16,19,16,6,14,0,0,0,0,0,0,0,0,0,0,0,0,0,0,0,0,0,0,0,0,0,0",-0.2166877,0.08013781,3.0,0.42290026,60.56091,0.4431639,1.0,0.4431639,0.16460942,0.42290026,0.0,0.0,0.42290026,0.0026373619,0.9178597,0.16460942,3.0732682,1.3835071,60.56091,-0.2166877,3.100482,161.9684,0.40263665,0.40263665,1.0,161.9684,0.7082429,0.0821403,3.0732682,0.0026373619,0.4431639,0.08013781,0.0,1.3835071,3.100482,0.40263665,0.2166877,0.0,0.4431639,0.2166877,0.8218992,0.40263665,1.0,0.42290026,lookahead,fk_orig1_bm0-s0to100br0-s100to200br1-s200to300br1-s300to400br2
/work/T-REX/external/Proteina-Complexa/inference/search_binder_local_pipeline_32_PDL1_ALPHA_REPACK_v7_r004_cand_v7r004_hyp_0004_02_003_ae5b6dc63e53e/job_0_n_198_id_54_fk_orig2_bm0-s0to100br1-s100to200br0-s200to300br3-s300to400br2/job_0_n_198_id_54_fk_orig2_bm0-s0to100br1-s100to200br0-s200to300br3-s300to400br2.pdb,218,"2,0,13,16,19,16,19,14,11,3,10,18,19,19,6,18,7,15,2,12,16,9,6,4,11,13,14,19,6,11,5,10,3,10,0,0,10,9,19,18,17,6,12,6,3,11,2,9,9,5,13,19,8,7,6,6,3,10,11,19,5,8,15,15,18,1,5,1,0,1,10,10,11,3,5,10,15,10,7,2,0,0,10,5,9,16,3,19,11,10,5,3,0,7,19,18,1,4,12,9,15,18,7,7,0,3,18,11,1,9,16,19,11,19,2,0,15,6,5,6,9,1,6,18,9,2,15,9,14,11,10,7,11,19,10,1,10,0,13,10,8,8,13,15,7,7,11,2,14,9,0,6,19,7,14,11,16,19,6,15,10,5,11,18,19,14,3,10,6,16,10,11,2,0,16,0,6,6,10,16,11,19,8,7,9,7,14,19,10,0,6,2,9,19,0,8,1,2,0,0,0,0,0,0,0,0,0,0,0,0,0,0,0,0,0,0,0,0,0,0,0,0,0,0,0,0,0,0,0,0,0,0,0",-0.66471535,0.4827317,3.0,0.005483844,125.510605,0.006171269,1.0,0.006171269,0.45194897,0.0,0.0,0.0,0.005483844,0.0075707687,0.72982544,0.45194897,20.279713,2.0106668,125.510605,-0.66471535,4.2198315,265.7379,0.0,0.004796419,1.0,265.7379,0.17151977,0.27017456,20.279713,0.0075707687,0.0,0.4827317,0.0,2.0106668,4.2198315,0.0,0.66471535,0.0,0.0,0.66471535,0.59764266,0.004796419,1.0,0.0,lookahead,fk_orig2_bm0-s0to100br1-s100to200br0-s200to300br3-s300to400br2
/work/T-REX/external/Proteina-Complexa/inference/search_binder_local_pipeline_32_PDL1_ALPHA_REPACK_v7_r004_cand_v7r004_hyp_0004_02_003_ae5b6dc63e53e/job_0_n_220_id_54_fk_orig3_bm0-s0to100br2-s100to200br3-s200to300br2-s300to400br2/job_0_n_220_id_54_fk_orig3_bm0-s0to100br2-s100to200br3-s200to300br2-s300to400br2.pdb,219,"2,0,13,16,19,16,19,14,11,3,10,18,19,19,6,18,7,15,2,12,16,9,6,4,11,13,14,19,6,11,5,10,3,10,0,0,10,9,19,18,17,6,12,6,3,11,2,9,9,5,13,19,8,7,6,6,3,10,11,19,5,8,15,15,18,1,5,1,0,1,10,10,11,3,5,10,15,10,7,2,0,0,10,5,9,16,3,19,11,10,5,3,0,7,19,18,1,4,12,9,15,18,7,7,0,3,18,11,1,9,16,19,11,19,2,0,0,10,16,19,16,16,14,11,14,10,18,15,19,5,0,7,0,2,19,16,10,6,4,11,14,15,11,14,10,15,11,10,2,2,13,15,10,10,17,11,2,14,5,3,5,11,19,19,5,18,15,15,7,11,19,16,11,18,3,14,1,13,3,10,5,16,15,16,7,15,10,9,9,15,3,16,11,14,15,3,15,7,19,18,6,4,10,19,13,7,3,7,0,3,15,11,16,9,5,10,2,19,10,13,0,0,0,0,0,0,0,0,0,0,0,0,0",-0.23128532,0.08814369,3.0,0.4064685,51.86956,0.41067907,1.0,0.41067907,0.1733933,0.4064685,0.0,0.0,0.4064685,0.002563076,0.8950641,0.1733933,2.8698509,1.5039461,51.86956,-0.23128532,3.0611486,182.06052,0.40225798,0.40225798,1.0,182.06052,0.7156019,0.10493588,2.8698509,0.002563076,0.41067907,0.08814369,0.0,1.5039461,3.0611486,0.40225798,0.23128532,0.0,0.41067907,0.23128532,0.82329726,0.40225798,1.0,0.4064685,lookahead,fk_orig3_bm0-s0to100br2-s100to200br3-s200to300br2-s300to400br2
/work/T-REX/external/Proteina-Complexa/inference/search_binder_local_pipeline_32_PDL1_ALPHA_REPACK_v7_r004_cand_v7r004_hyp_0004_02_003_ae5b6dc63e53e/job_0_n_233_id_55_fk_orig0_bm0-s0to100br2-s100to200br3-s200to300br1-s300to400br3/job_0_n_233_id_55_fk_orig0_bm0-s0to100br2-s100to200br3-s200to300br1-s300to400br3.pdb,220,"2,0,13,16,19,16,19,14,11,3,10,18,19,19,6,18,7,15,2,12,16,9,6,4,11,13,14,19,6,11,5,10,3,10,0,0,10,9,19,18,17,6,12,6,3,11,2,9,9,5,13,19,8,7,6,6,3,10,11,19,5,8,15,15,18,1,5,1,0,1,10,10,11,3,5,10,15,10,7,2,0,0,10,5,9,16,3,19,11,10,5,3,0,7,19,18,1,4,12,9,15,18,7,7,0,3,18,11,1,9,16,19,11,19,2,0,2,0,13,16,19,16,19,14,11,3,10,18,19,19,6,18,7,15,2,12,16,9,6,4,11,13,14,19,6,11,5,10,3,10,0,0,10,9,19,18,17,6,12,6,3,11,2,9,9,5,13,19,8,7,6,6,3,10,11,19,5,8,15,15,18,1,5,1,0,1,10,10,11,3,5,10,15,10,7,2,0,0,10,5,9,16,3,19,11,10,5,3,0,7,19,18,1,4,12,9,15,18,7,7,0,3,18,11,1,9,16,19,11,19,2,0,10",-0.52051795,0.2885279,3.0,0.050179638,60.021595,0.05327281,1.0,0.05327281,0.30988055,0.012732051,0.0,0.0,0.050179638,0.0028396454,0.8577239,0.30988055,3.183897,1.2966888,60.021595,-0.52051795,3.8830028,199.40363,0.012474958,0.047086466,1.0,199.40363,0.2678616,0.1422761,3.183897,0.0028396454,0.012989146,0.2885279,0.0,1.2966888,3.8830028,0.012474958,0.52051795,0.0,0.012989146,0.52051795,0.58939266,0.047086466,1.0,0.012732051,lookahead,fk_orig0_bm0-s0to100br2-s100to200br3-s200to300br1-s300to400br3
/work/T-REX/external/Proteina-Complexa/inference/search_binder_local_pipeline_32_PDL1_ALPHA_REPACK_v7_r004_cand_v7r004_hyp_0004_02_003_ae5b6dc63e53e/job_0_n_211_id_55_fk_orig1_bm0-s0to100br0-s100to200br1-s200to300br1-s300to400br3/job_0_n_211_id_55_fk_orig1_bm0-s0to100br0-s100to200br1-s200to300br1-s300to400br3.pdb,221,"2,0,13,16,19,16,19,14,11,3,10,18,19,19,6,18,7,15,2,12,16,9,6,4,11,13,14,19,6,11,5,10,3,10,0,0,10,9,19,18,17,6,12,6,3,11,2,9,9,5,13,19,8,7,6,6,3,10,11,19,5,8,15,15,18,1,5,1,0,1,10,10,11,3,5,10,15,10,7,2,0,0,10,5,9,16,3,19,11,10,5,3,0,7,19,18,1,4,12,9,15,18,7,7,0,3,18,11,1,9,16,19,11,19,2,0,10,16,13,3,11,14,16,18,15,19,6,19,7,2,2,19,16,10,16,4,16,0,15,6,16,10,16,8,14,9,19,17,11,11,2,3,5,15,9,3,13,0,15,6,15,2,1,13,15,5,16,15,3,7,10,6,8,18,10,16,9,16,2,16,11,10,2,3,15,7,10,18,6,4,10,7,0,2,15,11,7,9,0,0,15,3,14,0,5,10,16,19,16,6,14,0,0,0,0,0,0,0,0,0,0,0,0,0,0,0,0,0,0,0,0,0,0",-0.20453492,0.072940394,3.0,0.46316376,60.095337,0.483804,1.0,0.483804,0.1576768,0.46316376,0.0,0.0,0.46316376,0.0029384282,0.9220567,0.1576768,3.078459,1.3695428,60.095337,-0.20453492,3.048845,160.901,0.44252354,0.44252354,1.0,160.901,0.7334411,0.07794335,3.078459,0.0029384282,0.483804,0.072940394,0.0,1.3695428,3.048845,0.44252354,0.20453492,0.0,0.483804,0.20453492,0.8340906,0.44252354,1.0,0.46316376,lookahead,fk_orig1_bm0-s0to100br0-s100to200br1-s200to300br1-s300to400br3
/work/T-REX/external/Proteina-Complexa/inference/search_binder_local_pipeline_32_PDL1_ALPHA_REPACK_v7_r004_cand_v7r004_hyp_0004_02_003_ae5b6dc63e53e/job_0_n_198_id_55_fk_orig2_bm0-s0to100br1-s100to200br0-s200to300br3-s300to400br3/job_0_n_198_id_55_fk_orig2_bm0-s0to100br1-s100to200br0-s200to300br3-s300to400br3.pdb,222,"2,0,13,16,19,16,19,14,11,3,10,18,19,19,6,18,7,15,2,12,16,9,6,4,11,13,14,19,6,11,5,10,3,10,0,0,10,9,19,18,17,6,12,6,3,11,2,9,9,5,13,19,8,7,6,6,3,10,11,19,5,8,15,15,18,1,5,1,0,1,10,10,11,3,5,10,15,10,7,2,0,0,10,5,9,16,3,19,11,10,5,3,0,7,19,18,1,4,12,9,15,18,7,7,0,3,18,11,1,9,16,19,11,19,2,0,15,6,5,6,9,1,6,18,9,2,15,9,14,11,10,7,11,19,10,1,10,0,13,10,8,8,13,15,7,7,11,2,14,9,0,6,19,7,14,11,10,19,6,15,10,5,11,18,19,14,3,10,6,16,10,11,2,0,16,0,6,6,10,16,11,19,8,7,9,7,14,19,10,0,6,2,9,19,0,8,1,2,0,0,0,0,0,0,0,0,0,0,0,0,0,0,0,0,0,0,0,0,0,0,0,0,0,0,0,0,0,0,0,0,0,0,0",-0.25279114,0.114565626,3.0,0.2887271,34.427826,0.30154413,1.0,0.30154413,0.18941766,0.2885232,0.0,0.0,0.2887271,0.002394789,0.87854844,0.18941766,2.2988439,1.7041222,34.427826,-0.25279114,2.7756188,187.81311,0.27591008,0.27591008,1.0,187.81311,0.66148525,0.12145158,2.2988439,0.002394789,0.3011363,0.114565626,0.0,1.7041222,2.7756188,0.27591008,0.25279114,0.0,0.3011363,0.25279114,0.80690306,0.27591008,1.0,0.2885232,lookahead,fk_orig2_bm0-s0to100br1-s100to200br0-s200to300br3-s300to400br3
/work/T-REX/external/Proteina-Complexa/inference/search_binder_local_pipeline_32_PDL1_ALPHA_REPACK_v7_r004_cand_v7r004_hyp_0004_02_003_ae5b6dc63e53e/job_0_n_220_id_55_fk_orig3_bm0-s0to100br2-s100to200br3-s200to300br2-s300to400br3/job_0_n_220_id_55_fk_orig3_bm0-s0to100br2-s100to200br3-s200to300br2-s300to400br3.pdb,223,"2,0,13,16,19,16,19,14,11,3,10,18,19,19,6,18,7,15,2,12,16,9,6,4,11,13,14,19,6,11,5,10,3,10,0,0,10,9,19,18,17,6,12,6,3,11,2,9,9,5,13,19,8,7,6,6,3,10,11,19,5,8,15,15,18,1,5,1,0,1,10,10,11,3,5,10,15,10,7,2,0,0,10,5,9,16,3,19,11,10,5,3,0,7,19,18,1,4,12,9,15,18,7,7,0,3,18,11,1,9,16,19,11,19,2,0,0,10,16,19,16,16,14,11,14,10,18,15,19,6,0,7,0,2,19,16,10,6,4,11,14,15,11,14,10,15,11,10,2,2,13,15,10,10,17,11,2,14,5,3,5,11,19,19,5,18,15,15,7,11,19,16,11,18,3,14,1,13,3,10,5,16,15,16,7,15,10,9,9,15,3,16,11,14,15,3,15,7,19,18,6,4,10,19,13,7,3,7,0,3,15,11,16,9,5,10,2,19,10,13,0,0,0,0,0,0,0,0,0,0,0,0,0",-0.23149922,0.08836134,3.0,0.40295312,54.13016,0.4071727,1.0,0.4071727,0.17344238,0.40295312,0.0,0.0,0.40295312,0.0025126103,0.895323,0.17344238,2.9022734,1.504066,54.13016,-0.23149922,3.0483906,183.78648,0.39873353,0.39873353,1.0,183.78648,0.7156342,0.104677014,2.9022734,0.0025126103,0.4071727,0.08836134,0.0,1.504066,3.0483906,0.39873353,0.23149922,0.0,0.4071727,0.23149922,0.823647,0.39873353,1.0,0.40295312,lookahead,fk_orig3_bm0-s0to100br2-s100to200br3-s200to300br2-s300to400br3
/work/T-REX/external/Proteina-Complexa/inference/search_binder_local_pipeline_32_PDL1_ALPHA_REPACK_v7_r004_cand_v7r004_hyp_0004_02_003_ae5b6dc63e53e/job_0_n_233_id_56_fk_orig0_bm0-s0to100br2-s100to200br1-s200to300br3-s300to400br0/job_0_n_233_id_56_fk_orig0_bm0-s0to100br2-s100to200br1-s200to300br3-s300to400br0.pdb,224,"2,0,13,16,19,16,19,14,11,3,10,18,19,19,6,18,7,15,2,12,16,9,6,4,11,13,14,19,6,11,5,10,3,10,0,0,10,9,19,18,17,6,12,6,3,11,2,9,9,5,13,19,8,7,6,6,3,10,11,19,5,8,15,15,18,1,5,1,0,1,10,10,11,3,5,10,15,10,7,2,0,0,10,5,9,16,3,19,11,10,5,3,0,7,19,18,1,4,12,9,15,18,7,7,0,3,18,11,1,9,16,19,11,19,2,0,2,0,13,16,19,16,19,14,11,3,10,18,19,19,6,18,7,15,2,12,16,9,6,4,11,13,14,19,6,11,5,10,3,10,0,0,10,9,19,18,17,6,12,6,3,11,2,9,9,5,13,19,8,7,6,6,3,10,11,19,5,8,15,15,18,1,5,1,0,1,10,10,11,3,5,10,15,10,7,2,0,0,10,5,9,16,3,19,11,10,5,3,0,7,19,18,1,4,12,9,15,18,7,7,0,3,18,11,1,9,16,19,11,19,2,0,14",-0.5380825,0.30637905,3.0,0.03909404,62.392868,0.041211095,1.0,0.041211095,0.31734416,0.011895182,0.0,0.0,0.03909404,0.002832093,0.85974205,0.31734416,3.476638,1.2865236,62.392868,-0.5380825,3.9302657,198.52846,0.011591131,0.036976982,1.0,198.52846,0.2530086,0.14025797,3.476638,0.002832093,0.012199233,0.30637905,0.0,1.2865236,3.9302657,0.011591131,0.5380825,0.0,0.012199233,0.5380825,0.5824002,0.036976982,1.0,0.011895182,lookahead,fk_orig0_bm0-s0to100br2-s100to200br1-s200to300br3-s300to400br0
/work/T-REX/external/Proteina-Complexa/inference/search_binder_local_pipeline_32_PDL1_ALPHA_REPACK_v7_r004_cand_v7r004_hyp_0004_02_003_ae5b6dc63e53e/job_0_n_211_id_56_fk_orig1_bm0-s0to100br0-s100to200br1-s200to300br3-s300to400br0/job_0_n_211_id_56_fk_orig1_bm0-s0to100br0-s100to200br1-s200to300br3-s300to400br0.pdb,225,"2,0,13,16,19,16,19,14,11,3,10,18,19,19,6,18,7,15,2,12,16,9,6,4,11,13,14,19,6,11,5,10,3,10,0,0,10,9,19,18,17,6,12,6,3,11,2,9,9,5,13,19,8,7,6,6,3,10,11,19,5,8,15,15,18,1,5,1,0,1,10,10,11,3,5,10,15,10,7,2,0,0,10,5,9,16,3,19,11,10,5,3,0,7,19,18,1,4,12,9,15,18,7,7,0,3,18,11,1,9,16,19,11,19,2,0,10,16,13,3,11,16,15,18,15,0,19,11,7,15,15,19,16,10,16,4,16,0,15,5,16,10,16,16,14,19,19,17,11,11,2,7,19,16,9,3,10,15,5,15,2,7,1,13,16,16,16,15,15,7,16,19,8,2,10,16,9,15,2,10,6,10,15,3,15,7,16,18,6,4,10,7,0,2,15,19,7,9,0,0,15,3,14,0,19,10,16,19,16,6,0,0,0,0,0,0,0,0,0,0,0,0,0,0,0,0,0,0,0,0,0,0,0",-0.20032792,0.07067003,3.0,0.46905452,67.45223,0.4978411,1.0,0.4978411,0.15270376,0.46905452,0.0,0.0,0.46905452,0.0020166957,0.92849797,0.15270376,3.4236119,1.3433888,67.45223,-0.20032792,3.0084898,158.47626,0.44026795,0.44026795,1.0,158.47626,0.73934066,0.071502015,3.4236119,0.0020166957,0.4978411,0.07067003,0.0,1.3433888,3.0084898,0.44026795,0.20032792,0.0,0.4978411,0.20032792,0.837985,0.44026795,1.0,0.46905452,lookahead,fk_orig1_bm0-s0to100br0-s100to200br1-s200to300br3-s300to400br0
/work/T-REX/external/Proteina-Complexa/inference/search_binder_local_pipeline_32_PDL1_ALPHA_REPACK_v7_r004_cand_v7r004_hyp_0004_02_003_ae5b6dc63e53e/job_0_n_198_id_56_fk_orig2_bm0-s0to100br1-s100to200br1-s200to300br2-s300to400br0/job_0_n_198_id_56_fk_orig2_bm0-s0to100br1-s100to200br1-s200to300br2-s300to400br0.pdb,226,"2,0,13,16,19,16,19,14,11,3,10,18,19,19,6,18,7,15,2,12,16,9,6,4,11,13,14,19,6,11,5,10,3,10,0,0,10,9,19,18,17,6,12,6,3,11,2,9,9,5,13,19,8,7,6,6,3,10,11,19,5,8,15,15,18,1,5,1,0,1,10,10,11,3,5,10,15,10,7,2,0,0,10,5,9,16,3,19,11,10,5,3,0,7,19,18,1,4,12,9,15,18,7,7,0,3,18,11,1,9,16,19,11,19,2,0,15,3,8,6,9,15,16,13,9,2,15,9,14,6,10,11,5,19,10,1,2,0,13,10,15,19,10,15,7,0,11,8,14,13,0,6,19,7,14,19,10,10,5,15,10,11,6,11,19,14,3,10,6,16,10,5,2,0,16,0,6,6,10,16,15,19,8,7,9,7,14,19,16,0,5,11,9,9,0,0,1,2,0,0,0,0,0,0,0,0,0,0,0,0,0,0,0,0,0,0,0,0,0,0,0,0,0,0,0,0,0,0,0,0,0,0,0",-0.1642057,0.052520424,3.0,0.60130084,36.595833,0.63376117,1.0,0.63376117,0.13149555,0.60130084,0.0,0.0,0.60130084,0.0022058769,0.9261358,0.13149555,1.4381435,1.5654006,36.595833,-0.1642057,2.302305,162.451,0.5688405,0.5688405,1.0,162.451,0.81128526,0.07386425,1.4381435,0.0022058769,0.63376117,0.052520424,0.0,1.5654006,2.302305,0.5688405,0.1642057,0.0,0.63376117,0.1642057,0.8644539,0.5688405,1.0,0.60130084,lookahead,fk_orig2_bm0-s0to100br1-s100to200br1-s200to300br2-s300to400br0
/work/T-REX/external/Proteina-Complexa/inference/search_binder_local_pipeline_32_PDL1_ALPHA_REPACK_v7_r004_cand_v7r004_hyp_0004_02_003_ae5b6dc63e53e/job_0_n_220_id_56_fk_orig3_bm0-s0to100br2-s100to200br3-s200to300br2-s300to400br0/job_0_n_220_id_56_fk_orig3_bm0-s0to100br2-s100to200br3-s200to300br2-s300to400br0.pdb,227,"2,0,13,16,19,16,19,14,11,3,10,18,19,19,6,18,7,15,2,12,16,9,6,4,11,13,14,19,6,11,5,10,3,10,0,0,10,9,19,18,17,6,12,6,3,11,2,9,9,5,13,19,8,7,6,6,3,10,11,19,5,8,15,15,18,1,5,1,0,1,10,10,11,3,5,10,15,10,7,2,0,0,10,5,9,16,3,19,11,10,5,3,0,7,19,18,1,4,12,9,15,18,7,7,0,3,18,11,1,9,16,19,11,19,2,0,0,10,16,19,16,16,14,11,14,10,18,15,19,6,0,7,0,2,19,16,10,6,4,11,14,15,11,14,10,15,11,10,2,2,13,15,10,10,17,11,2,14,5,3,5,11,19,19,5,18,15,15,7,11,19,16,11,18,3,14,1,13,3,10,5,16,15,16,7,15,10,9,9,15,3,16,1,14,15,3,15,7,19,18,6,4,10,19,13,7,3,7,0,3,15,11,16,9,5,10,2,19,10,13,0,0,0,0,0,0,0,0,0,0,0,0,0",-0.23440458,0.09084306,3.0,0.39441705,53.34364,0.39863014,1.0,0.39863014,0.17481093,0.39441705,0.0,0.0,0.39441705,0.002669616,0.8962473,0.17481093,2.974421,1.511651,53.34364,-0.23440458,3.050378,181.81802,0.39020392,0.39020392,1.0,181.81802,0.7120864,0.10375265,2.974421,0.002669616,0.39863014,0.09084306,0.0,1.511651,3.050378,0.39020392,0.23440458,0.0,0.39863014,0.23440458,0.8216509,0.39020392,1.0,0.39441705,lookahead,fk_orig3_bm0-s0to100br2-s100to200br3-s200to300br2-s300to400br0
/work/T-REX/external/Proteina-Complexa/inference/search_binder_local_pipeline_32_PDL1_ALPHA_REPACK_v7_r004_cand_v7r004_hyp_0004_02_003_ae5b6dc63e53e/job_0_n_233_id_57_fk_orig0_bm0-s0to100br2-s100to200br1-s200to300br3-s300to400br1/job_0_n_233_id_57_fk_orig0_bm0-s0to100br2-s100to200br1-s200to300br3-s300to400br1.pdb,228,"2,0,13,16,19,16,19,14,11,3,10,18,19,19,6,18,7,15,2,12,16,9,6,4,11,13,14,19,6,11,5,10,3,10,0,0,10,9,19,18,17,6,12,6,3,11,2,9,9,5,13,19,8,7,6,6,3,10,11,19,5,8,15,15,18,1,5,1,0,1,10,10,11,3,5,10,15,10,7,2,0,0,10,5,9,16,3,19,11,10,5,3,0,7,19,18,1,4,12,9,15,18,7,7,0,3,18,11,1,9,16,19,11,19,2,0,2,0,13,16,19,16,19,14,11,3,10,18,19,19,6,18,7,15,2,12,16,9,6,4,11,13,14,19,6,11,5,10,3,10,0,0,10,9,19,18,17,6,12,6,3,11,2,9,9,5,13,19,8,7,6,6,3,10,11,19,5,8,15,15,18,1,5,1,0,1,10,10,11,3,5,10,15,10,7,2,0,0,10,5,9,16,3,19,11,10,5,3,0,7,19,18,1,4,12,9,15,18,7,7,0,3,18,11,1,9,16,19,11,19,2,0,14",-0.53503597,0.3026883,3.0,0.0413213,61.703712,0.044337664,1.0,0.044337664,0.31594378,0.012059035,0.0,0.0,0.0413213,0.002950834,0.85909295,0.31594378,3.2435539,1.2884754,61.703712,-0.53503597,3.9223316,198.83205,0.011683031,0.038304932,1.0,198.83205,0.25505793,0.14090705,3.2435539,0.002950834,0.012435038,0.3026883,0.0,1.2884754,3.9223316,0.011683031,0.53503597,0.0,0.012435038,0.53503597,0.5835668,0.038304932,1.0,0.012059035,lookahead,fk_orig0_bm0-s0to100br2-s100to200br1-s200to300br3-s300to400br1
/work/T-REX/external/Proteina-Complexa/inference/search_binder_local_pipeline_32_PDL1_ALPHA_REPACK_v7_r004_cand_v7r004_hyp_0004_02_003_ae5b6dc63e53e/job_0_n_211_id_57_fk_orig1_bm0-s0to100br0-s100to200br1-s200to300br3-s300to400br1/job_0_n_211_id_57_fk_orig1_bm0-s0to100br0-s100to200br1-s200to300br3-s300to400br1.pdb,229,"2,0,13,16,19,16,19,14,11,3,10,18,19,19,6,18,7,15,2,12,16,9,6,4,11,13,14,19,6,11,5,10,3,10,0,0,10,9,19,18,17,6,12,6,3,11,2,9,9,5,13,19,8,7,6,6,3,10,11,19,5,8,15,15,18,1,5,1,0,1,10,10,11,3,5,10,15,10,7,2,0,0,10,5,9,16,3,19,11,10,5,3,0,7,19,18,1,4,12,9,15,18,7,7,0,3,18,11,1,9,16,19,11,19,2,0,10,16,13,3,11,16,15,18,15,0,19,11,7,15,15,19,16,10,16,4,16,0,15,5,16,10,16,16,14,19,19,17,11,11,2,7,19,16,9,3,10,15,5,15,2,7,1,13,16,16,16,15,15,7,16,19,8,2,10,16,9,15,2,10,6,10,15,3,15,7,15,18,6,4,10,7,0,2,15,19,7,9,0,0,15,3,14,0,19,10,16,19,16,6,0,0,0,0,0,0,0,0,0,0,0,0,0,0,0,0,0,0,0,0,0,0,0",-0.20009536,0.070464194,3.0,0.46946502,66.22244,0.49825117,1.0,0.49825117,0.15225069,0.46946502,0.0,0.0,0.46946502,0.0020047263,0.92875826,0.15225069,3.4173741,1.3362708,66.22244,-0.20009536,3.0069666,157.08322,0.4406789,0.4406789,1.0,157.08322,0.7373198,0.07124173,3.4173741,0.0020047263,0.49825117,0.070464194,0.0,1.3362708,3.0069666,0.4406789,0.20009536,0.0,0.49825117,0.20009536,0.8367521,0.4406789,1.0,0.46946502,lookahead,fk_orig1_bm0-s0to100br0-s100to200br1-s200to300br3-s300to400br1
/work/T-REX/external/Proteina-Complexa/inference/search_binder_local_pipeline_32_PDL1_ALPHA_REPACK_v7_r004_cand_v7r004_hyp_0004_02_003_ae5b6dc63e53e/job_0_n_198_id_57_fk_orig2_bm0-s0to100br1-s100to200br1-s200to300br2-s300to400br1/job_0_n_198_id_57_fk_orig2_bm0-s0to100br1-s100to200br1-s200to300br2-s300to400br1.pdb,230,"2,0,13,16,19,16,19,14,11,3,10,18,19,19,6,18,7,15,2,12,16,9,6,4,11,13,14,19,6,11,5,10,3,10,0,0,10,9,19,18,17,6,12,6,3,11,2,9,9,5,13,19,8,7,6,6,3,10,11,19,5,8,15,15,18,1,5,1,0,1,10,10,11,3,5,10,15,10,7,2,0,0,10,5,9,16,3,19,11,10,5,3,0,7,19,18,1,4,12,9,15,18,7,7,0,3,18,11,1,9,16,19,11,19,2,0,15,3,8,6,9,15,16,13,9,2,15,9,14,6,10,11,5,19,10,1,2,0,13,10,15,19,10,15,7,0,11,8,14,13,0,6,19,7,14,19,10,10,5,15,10,11,6,11,19,14,3,10,6,16,10,5,2,0,16,0,6,6,10,16,15,19,8,7,9,7,14,19,16,0,5,11,9,9,0,0,1,2,0,0,0,0,0,0,0,0,0,0,0,0,0,0,0,0,0,0,0,0,0,0,0,0,0,0,0,0,0,0,0,0,0,0,0",-0.1620571,0.051239185,3.0,0.6130618,36.366768,0.6472252,1.0,0.6472252,0.13013043,0.6130618,0.0,0.0,0.6130618,0.0022201638,0.927409,0.13013043,1.4285288,1.5587271,36.366768,-0.1620571,2.2833693,161.54915,0.5788983,0.5788983,1.0,161.54915,0.81508636,0.07259103,1.4285288,0.0022201638,0.6472252,0.051239185,0.0,1.5587271,2.2833693,0.5788983,0.1620571,0.0,0.6472252,0.1620571,0.8665676,0.5788983,1.0,0.6130618,lookahead,fk_orig2_bm0-s0to100br1-s100to200br1-s200to300br2-s300to400br1
/work/T-REX/external/Proteina-Complexa/inference/search_binder_local_pipeline_32_PDL1_ALPHA_REPACK_v7_r004_cand_v7r004_hyp_0004_02_003_ae5b6dc63e53e/job_0_n_220_id_57_fk_orig3_bm0-s0to100br2-s100to200br3-s200to300br2-s300to400br1/job_0_n_220_id_57_fk_orig3_bm0-s0to100br2-s100to200br3-s200to300br2-s300to400br1.pdb,231,"2,0,13,16,19,16,19,14,11,3,10,18,19,19,6,18,7,15,2,12,16,9,6,4,11,13,14,19,6,11,5,10,3,10,0,0,10,9,19,18,17,6,12,6,3,11,2,9,9,5,13,19,8,7,6,6,3,10,11,19,5,8,15,15,18,1,5,1,0,1,10,10,11,3,5,10,15,10,7,2,0,0,10,5,9,16,3,19,11,10,5,3,0,7,19,18,1,4,12,9,15,18,7,7,0,3,18,11,1,9,16,19,11,19,2,0,0,10,16,19,16,16,14,11,14,10,18,15,19,6,0,7,0,2,19,16,10,6,4,11,14,15,11,14,10,15,11,10,2,2,13,15,10,10,17,11,2,14,5,3,5,11,19,19,5,18,15,15,7,11,19,16,11,18,3,14,1,13,3,10,5,16,15,16,7,15,10,9,9,15,3,16,1,14,15,3,15,7,19,18,6,4,10,19,13,7,3,7,0,3,15,11,16,9,5,10,2,19,10,13,0,0,0,0,0,0,0,0,0,0,0,0,0",-0.23502967,0.09192451,3.0,0.38584208,54.07124,0.39153033,1.0,0.39153033,0.17450722,0.38584208,0.0,0.0,0.38584208,0.0024090335,0.89739984,0.17450722,3.2150252,1.504836,54.07124,-0.23502967,3.0491948,181.01314,0.38015386,0.38015386,1.0,181.01314,0.7056892,0.10260016,3.2150252,0.0024090335,0.39153033,0.09192451,0.0,1.504836,3.0491948,0.38015386,0.23502967,0.0,0.39153033,0.23502967,0.8177573,0.38015386,1.0,0.38584208,lookahead,fk_orig3_bm0-s0to100br2-s100to200br3-s200to300br2-s300to400br1
/work/T-REX/external/Proteina-Complexa/inference/search_binder_local_pipeline_32_PDL1_ALPHA_REPACK_v7_r004_cand_v7r004_hyp_0004_02_003_ae5b6dc63e53e/job_0_n_233_id_58_fk_orig0_bm0-s0to100br2-s100to200br1-s200to300br3-s300to400br2/job_0_n_233_id_58_fk_orig0_bm0-s0to100br2-s100to200br1-s200to300br3-s300to400br2.pdb,232,"2,0,13,16,19,16,19,14,11,3,10,18,19,19,6,18,7,15,2,12,16,9,6,4,11,13,14,19,6,11,5,10,3,10,0,0,10,9,19,18,17,6,12,6,3,11,2,9,9,5,13,19,8,7,6,6,3,10,11,19,5,8,15,15,18,1,5,1,0,1,10,10,11,3,5,10,15,10,7,2,0,0,10,5,9,16,3,19,11,10,5,3,0,7,19,18,1,4,12,9,15,18,7,7,0,3,18,11,1,9,16,19,11,19,2,0,2,0,13,16,19,16,19,14,11,3,10,18,19,19,6,18,7,15,2,12,16,9,6,4,11,13,14,19,6,11,5,10,3,10,0,0,10,9,19,18,17,6,12,6,3,11,2,9,9,5,13,19,8,7,6,6,3,10,11,19,5,8,15,15,18,1,5,1,0,1,10,10,11,3,5,10,15,10,7,2,0,0,10,5,9,16,3,19,11,10,5,3,0,7,19,18,1,4,12,9,15,18,7,7,0,3,18,11,1,9,16,19,11,19,2,0,14",-0.5296227,0.2968065,3.0,0.044352267,59.686275,0.04765415,1.0,0.04765415,0.3132517,0.012237519,0.0,0.0,0.044352267,0.002886458,0.85891217,0.3132517,3.0530312,1.2872295,59.686275,-0.5296227,3.9106936,199.10597,0.012065132,0.041050386,1.0,199.10597,0.2584381,0.14108782,3.0530312,0.002886458,0.012409905,0.2968065,0.0,1.2872295,3.9106936,0.012065132,0.5296227,0.0,0.012409905,0.5296227,0.5853703,0.041050386,1.0,0.012237519,lookahead,fk_orig0_bm0-s0to100br2-s100to200br1-s200to300br3-s300to400br2
/work/T-REX/external/Proteina-Complexa/inference/search_binder_local_pipeline_32_PDL1_ALPHA_REPACK_v7_r004_cand_v7r004_hyp_0004_02_003_ae5b6dc63e53e/job_0_n_211_id_58_fk_orig1_bm0-s0to100br0-s100to200br1-s200to300br3-s300to400br2/job_0_n_211_id_58_fk_orig1_bm0-s0to100br0-s100to200br1-s200to300br3-s300to400br2.pdb,233,"2,0,13,16,19,16,19,14,11,3,10,18,19,19,6,18,7,15,2,12,16,9,6,4,11,13,14,19,6,11,5,10,3,10,0,0,10,9,19,18,17,6,12,6,3,11,2,9,9,5,13,19,8,7,6,6,3,10,11,19,5,8,15,15,18,1,5,1,0,1,10,10,11,3,5,10,15,10,7,2,0,0,10,5,9,16,3,19,11,10,5,3,0,7,19,18,1,4,12,9,15,18,7,7,0,3,18,11,1,9,16,19,11,19,2,0,10,16,13,3,11,16,15,18,15,0,19,11,7,15,15,19,16,10,16,4,16,0,15,5,16,10,16,16,14,19,19,17,11,11,2,7,19,16,9,3,10,15,5,15,2,7,1,13,16,16,16,2,15,7,16,19,8,2,10,16,9,15,2,10,5,10,15,3,15,7,16,18,6,4,10,7,0,2,15,19,7,9,0,0,15,3,14,0,19,10,16,19,16,6,0,0,0,0,0,0,0,0,0,0,0,0,0,0,0,0,0,0,0,0,0,0,0",-0.21000785,0.07439238,3.0,0.4401229,66.79836,0.46782237,1.0,0.46782237,0.15958068,0.4401229,0.0,0.0,0.4401229,0.0020970202,0.9215435,0.15958068,3.4802988,1.3868015,66.79836,-0.21000785,3.0606897,159.35681,0.4124234,0.4124234,1.0,159.35681,0.7217567,0.07845654,3.4802988,0.0020970202,0.46782237,0.07439238,0.0,1.3868015,3.0606897,0.4124234,0.21000785,0.0,0.46782237,0.21000785,0.8294476,0.4124234,1.0,0.4401229,lookahead,fk_orig1_bm0-s0to100br0-s100to200br1-s200to300br3-s300to400br2
/work/T-REX/external/Proteina-Complexa/inference/search_binder_local_pipeline_32_PDL1_ALPHA_REPACK_v7_r004_cand_v7r004_hyp_0004_02_003_ae5b6dc63e53e/job_0_n_198_id_58_fk_orig2_bm0-s0to100br1-s100to200br1-s200to300br2-s300to400br2/job_0_n_198_id_58_fk_orig2_bm0-s0to100br1-s100to200br1-s200to300br2-s300to400br2.pdb,234,"2,0,13,16,19,16,19,14,11,3,10,18,19,19,6,18,7,15,2,12,16,9,6,4,11,13,14,19,6,11,5,10,3,10,0,0,10,9,19,18,17,6,12,6,3,11,2,9,9,5,13,19,8,7,6,6,3,10,11,19,5,8,15,15,18,1,5,1,0,1,10,10,11,3,5,10,15,10,7,2,0,0,10,5,9,16,3,19,11,10,5,3,0,7,19,18,1,4,12,9,15,18,7,7,0,3,18,11,1,9,16,19,11,19,2,0,15,3,8,6,9,15,16,13,9,2,15,9,14,6,10,11,5,19,10,1,2,0,13,10,15,19,10,15,7,0,11,8,14,13,0,6,19,7,14,19,10,10,5,15,10,11,6,11,19,14,3,10,6,16,10,5,2,0,16,0,6,6,10,16,15,19,8,7,9,7,14,19,16,0,5,11,9,9,0,0,1,2,0,0,0,0,0,0,0,0,0,0,0,0,0,0,0,0,0,0,0,0,0,0,0,0,0,0,0,0,0,0,0,0,0,0,0",-0.16294631,0.05177884,3.0,0.60760987,36.198025,0.64050156,1.0,0.64050156,0.1305688,0.60760987,0.0,0.0,0.60760987,0.0022090252,0.9269285,0.1305688,1.3679867,1.5616289,36.198025,-0.16294631,2.2939537,162.69058,0.5747181,0.5747181,1.0,162.69058,0.81355876,0.07307148,1.3679867,0.0022090252,0.64050156,0.05177884,0.0,1.5616289,2.2939537,0.5747181,0.16294631,0.0,0.64050156,0.16294631,0.8649609,0.5747181,1.0,0.60760987,lookahead,fk_orig2_bm0-s0to100br1-s100to200br1-s200to300br2-s300to400br2
/work/T-REX/external/Proteina-Complexa/inference/search_binder_local_pipeline_32_PDL1_ALPHA_REPACK_v7_r004_cand_v7r004_hyp_0004_02_003_ae5b6dc63e53e/job_0_n_220_id_58_fk_orig3_bm0-s0to100br2-s100to200br3-s200to300br2-s300to400br2/job_0_n_220_id_58_fk_orig3_bm0-s0to100br2-s100to200br3-s200to300br2-s300to400br2.pdb,235,"2,0,13,16,19,16,19,14,11,3,10,18,19,19,6,18,7,15,2,12,16,9,6,4,11,13,14,19,6,11,5,10,3,10,0,0,10,9,19,18,17,6,12,6,3,11,2,9,9,5,13,19,8,7,6,6,3,10,11,19,5,8,15,15,18,1,5,1,0,1,10,10,11,3,5,10,15,10,7,2,0,0,10,5,9,16,3,19,11,10,5,3,0,7,19,18,1,4,12,9,15,18,7,7,0,3,18,11,1,9,16,19,11,19,2,0,0,10,16,19,16,16,14,11,14,10,18,15,19,5,0,7,0,2,19,16,10,6,4,11,14,15,11,14,10,15,11,10,2,2,13,15,10,10,17,11,2,14,5,3,5,11,19,19,5,18,15,15,7,11,19,16,11,18,3,14,1,13,3,10,5,16,15,16,7,15,10,9,9,15,3,16,11,14,15,3,15,7,19,18,6,4,10,19,13,7,3,7,0,3,15,11,16,9,5,10,2,19,10,13,0,0,0,0,0,0,0,0,0,0,0,0,0",-0.23357251,0.08856232,3.0,0.40116125,53.691547,0.40545303,1.0,0.40545303,0.17518176,0.40116125,0.0,0.0,0.40116125,0.0027436146,0.89267516,0.17518176,2.9040427,1.5157894,53.691547,-0.23357251,3.0706263,184.16768,0.39686945,0.39686945,1.0,184.16768,0.7102613,0.107324824,2.9040427,0.0027436146,0.40545303,0.08856232,0.0,1.5157894,3.0706263,0.39686945,0.23357251,0.0,0.40545303,0.23357251,0.8208048,0.39686945,1.0,0.40116125,lookahead,fk_orig3_bm0-s0to100br2-s100to200br3-s200to300br2-s300to400br2
/work/T-REX/external/Proteina-Complexa/inference/search_binder_local_pipeline_32_PDL1_ALPHA_REPACK_v7_r004_cand_v7r004_hyp_0004_02_003_ae5b6dc63e53e/job_0_n_233_id_59_fk_orig0_bm0-s0to100br2-s100to200br1-s200to300br3-s300to400br3/job_0_n_233_id_59_fk_orig0_bm0-s0to100br2-s100to200br1-s200to300br3-s300to400br3.pdb,236,"2,0,13,16,19,16,19,14,11,3,10,18,19,19,6,18,7,15,2,12,16,9,6,4,11,13,14,19,6,11,5,10,3,10,0,0,10,9,19,18,17,6,12,6,3,11,2,9,9,5,13,19,8,7,6,6,3,10,11,19,5,8,15,15,18,1,5,1,0,1,10,10,11,3,5,10,15,10,7,2,0,0,10,5,9,16,3,19,11,10,5,3,0,7,19,18,1,4,12,9,15,18,7,7,0,3,18,11,1,9,16,19,11,19,2,0,2,0,13,16,19,16,19,14,11,3,10,18,19,19,6,18,7,15,2,12,16,9,6,4,11,13,14,19,6,11,5,10,3,10,0,0,10,9,19,18,17,6,12,6,3,11,2,9,9,5,13,19,8,7,6,6,3,10,11,19,5,8,15,15,18,1,5,1,0,1,10,10,11,3,5,10,15,10,7,2,0,0,10,5,9,16,3,19,11,10,5,3,0,7,19,18,1,4,12,9,15,18,7,7,0,3,18,11,1,9,16,19,11,19,2,0,14",-0.5345166,0.30486056,3.0,0.041381635,61.50136,0.045086987,1.0,0.045086987,0.3156267,0.012082012,0.0,0.0,0.041381635,0.0028437392,0.8594638,0.3156267,3.249577,1.2889773,61.50136,-0.5345166,3.9204845,197.59624,0.011783598,0.037676286,1.0,197.59624,0.2559737,0.14053616,3.249577,0.0028437392,0.012380428,0.30486056,0.0,1.2889773,3.9204845,0.011783598,0.5345166,0.0,0.012380428,0.5345166,0.58427507,0.037676286,1.0,0.012082012,lookahead,fk_orig0_bm0-s0to100br2-s100to200br1-s200to300br3-s300to400br3
/work/T-REX/external/Proteina-Complexa/inference/search_binder_local_pipeline_32_PDL1_ALPHA_REPACK_v7_r004_cand_v7r004_hyp_0004_02_003_ae5b6dc63e53e/job_0_n_211_id_59_fk_orig1_bm0-s0to100br0-s100to200br1-s200to300br3-s300to400br3/job_0_n_211_id_59_fk_orig1_bm0-s0to100br0-s100to200br1-s200to300br3-s300to400br3.pdb,237,"2,0,13,16,19,16,19,14,11,3,10,18,19,19,6,18,7,15,2,12,16,9,6,4,11,13,14,19,6,11,5,10,3,10,0,0,10,9,19,18,17,6,12,6,3,11,2,9,9,5,13,19,8,7,6,6,3,10,11,19,5,8,15,15,18,1,5,1,0,1,10,10,11,3,5,10,15,10,7,2,0,0,10,5,9,16,3,19,11,10,5,3,0,7,19,18,1,4,12,9,15,18,7,7,0,3,18,11,1,9,16,19,11,19,2,0,10,16,13,3,11,16,15,18,15,0,19,11,7,15,15,19,16,10,16,4,16,0,15,5,16,10,16,16,14,19,19,17,11,11,2,7,19,16,9,3,10,15,5,15,2,7,1,13,16,16,16,15,15,7,16,19,8,2,10,16,9,15,2,10,1,10,15,3,15,7,16,18,6,4,10,7,0,2,15,19,7,9,0,0,15,3,14,0,19,10,16,19,16,6,0,0,0,0,0,0,0,0,0,0,0,0,0,0,0,0,0,0,0,0,0,0,0",-0.20218031,0.07246899,3.0,0.4584069,65.14089,0.48474446,1.0,0.48474446,0.15319431,0.4584069,0.0,0.0,0.4584069,0.0017710485,0.92844474,0.15319431,3.4260895,1.3451806,65.14089,-0.20218031,3.0143852,156.9702,0.43206933,0.43206933,1.0,156.9702,0.7334058,0.07155528,3.4260895,0.0017710485,0.48474446,0.07246899,0.0,1.3451806,3.0143852,0.43206933,0.20218031,0.0,0.48474446,0.20218031,0.8352832,0.43206933,1.0,0.4584069,lookahead,fk_orig1_bm0-s0to100br0-s100to200br1-s200to300br3-s300to400br3
/work/T-REX/external/Proteina-Complexa/inference/search_binder_local_pipeline_32_PDL1_ALPHA_REPACK_v7_r004_cand_v7r004_hyp_0004_02_003_ae5b6dc63e53e/job_0_n_198_id_59_fk_orig2_bm0-s0to100br1-s100to200br1-s200to300br2-s300to400br3/job_0_n_198_id_59_fk_orig2_bm0-s0to100br1-s100to200br1-s200to300br2-s300to400br3.pdb,238,"2,0,13,16,19,16,19,14,11,3,10,18,19,19,6,18,7,15,2,12,16,9,6,4,11,13,14,19,6,11,5,10,3,10,0,0,10,9,19,18,17,6,12,6,3,11,2,9,9,5,13,19,8,7,6,6,3,10,11,19,5,8,15,15,18,1,5,1,0,1,10,10,11,3,5,10,15,10,7,2,0,0,10,5,9,16,3,19,11,10,5,3,0,7,19,18,1,4,12,9,15,18,7,7,0,3,18,11,1,9,16,19,11,19,2,0,15,3,8,6,9,15,16,13,9,2,15,9,14,6,10,11,5,19,10,1,2,0,13,10,15,19,10,15,7,0,11,8,14,13,0,6,19,7,14,19,10,10,5,15,10,11,6,11,19,14,2,10,6,16,10,5,2,0,16,0,6,6,10,16,15,19,8,7,9,7,14,19,16,0,5,11,9,9,0,0,1,2,0,0,0,0,0,0,0,0,0,0,0,0,0,0,0,0,0,0,0,0,0,0,0,0,0,0,0,0,0,0,0,0,0,0,0",-0.16256398,0.051022027,3.0,0.6111819,36.409756,0.64513427,1.0,0.64513427,0.13085724,0.6111819,0.0,0.0,0.6111819,0.002248341,0.9259326,0.13085724,1.3993543,1.5672413,36.409756,-0.16256398,2.2801225,162.14568,0.57722956,0.57722956,1.0,162.14568,0.81446505,0.074067414,1.3993543,0.002248341,0.64513427,0.051022027,0.0,1.5672413,2.2801225,0.57722956,0.16256398,0.0,0.64513427,0.16256398,0.8664508,0.57722956,1.0,0.6111819,lookahead,fk_orig2_bm0-s0to100br1-s100to200br1-s200to300br2-s300to400br3
/work/T-REX/external/Proteina-Complexa/inference/search_binder_local_pipeline_32_PDL1_ALPHA_REPACK_v7_r004_cand_v7r004_hyp_0004_02_003_ae5b6dc63e53e/job_0_n_220_id_59_fk_orig3_bm0-s0to100br2-s100to200br3-s200to300br2-s300to400br3/job_0_n_220_id_59_fk_orig3_bm0-s0to100br2-s100to200br3-s200to300br2-s300to400br3.pdb,239,"2,0,13,16,19,16,19,14,11,3,10,18,19,19,6,18,7,15,2,12,16,9,6,4,11,13,14,19,6,11,5,10,3,10,0,0,10,9,19,18,17,6,12,6,3,11,2,9,9,5,13,19,8,7,6,6,3,10,11,19,5,8,15,15,18,1,5,1,0,1,10,10,11,3,5,10,15,10,7,2,0,0,10,5,9,16,3,19,11,10,5,3,0,7,19,18,1,4,12,9,15,18,7,7,0,3,18,11,1,9,16,19,11,19,2,0,0,10,16,19,16,16,14,11,14,10,18,15,19,5,0,7,0,2,19,16,10,6,4,11,14,15,11,14,10,15,11,10,2,2,13,15,10,10,17,11,2,14,5,3,5,11,19,19,5,18,15,15,7,11,19,16,11,18,3,14,1,13,3,10,5,16,15,16,7,15,10,9,9,15,3,16,1,14,15,3,15,7,19,18,6,4,10,19,13,7,3,7,0,3,15,11,16,9,5,10,2,19,10,13,0,0,0,0,0,0,0,0,0,0,0,0,0",-0.2311307,0.09055794,3.0,0.39811915,55.120243,0.40384498,1.0,0.40384498,0.17252576,0.39811915,0.0,0.0,0.39811915,0.0022949348,0.8972701,0.17252576,3.074448,1.5059718,55.120243,-0.2311307,3.046999,183.84747,0.39239335,0.39239335,1.0,183.84747,0.7106274,0.10272991,3.074448,0.0022949348,0.40384498,0.09055794,0.0,1.5059718,3.046999,0.39239335,0.2311307,0.0,0.40384498,0.2311307,0.82087815,0.39239335,1.0,0.39811915,lookahead,fk_orig3_bm0-s0to100br2-s100to200br3-s200to300br2-s300to400br3
/work/T-REX/external/Proteina-Complexa/inference/search_binder_local_pipeline_32_PDL1_ALPHA_REPACK_v7_r004_cand_v7r004_hyp_0004_02_003_ae5b6dc63e53e/job_0_n_233_id_60_fk_orig0_bm0-s0to100br2-s100to200br2-s200to300br2-s300to400br0/job_0_n_233_id_60_fk_orig0_bm0-s0to100br2-s100to200br2-s200to300br2-s300to400br0.pdb,240,"2,0,13,16,19,16,19,14,11,3,10,18,19,19,6,18,7,15,2,12,16,9,6,4,11,13,14,19,6,11,5,10,3,10,0,0,10,9,19,18,17,6,12,6,3,11,2,9,9,5,13,19,8,7,6,6,3,10,11,19,5,8,15,15,18,1,5,1,0,1,10,10,11,3,5,10,15,10,7,2,0,0,10,5,9,16,3,19,11,10,5,3,0,7,19,18,1,4,12,9,15,18,7,7,0,3,18,11,1,9,16,19,11,19,2,0,2,0,13,16,19,16,19,14,11,3,10,18,19,19,6,18,7,15,2,12,16,9,6,4,11,13,14,19,6,11,5,10,3,10,0,0,10,9,19,18,17,6,12,6,3,11,2,9,9,5,13,19,8,7,6,6,3,10,11,19,5,8,15,15,18,1,5,1,0,1,10,10,11,3,5,10,15,10,7,2,0,0,10,5,9,16,3,19,11,10,5,3,0,7,19,18,1,4,12,9,15,18,7,7,0,3,18,11,1,9,16,19,11,19,2,0,14",-0.534286,0.30336854,3.0,0.04239107,57.542263,0.046245858,1.0,0.046245858,0.31560418,0.012086387,0.0,0.0,0.04239107,0.0028715797,0.8589497,0.31560418,2.9178987,1.290036,57.542263,-0.534286,3.9211123,197.33897,0.0118432045,0.038536277,1.0,197.33897,0.2553454,0.1410503,2.9178987,0.0028715797,0.012329569,0.30336854,0.0,1.290036,3.9211123,0.0118432045,0.534286,0.0,0.012329569,0.534286,0.5833977,0.038536277,1.0,0.012086387,lookahead,fk_orig0_bm0-s0to100br2-s100to200br2-s200to300br2-s300to400br0
/work/T-REX/external/Proteina-Complexa/inference/search_binder_local_pipeline_32_PDL1_ALPHA_REPACK_v7_r004_cand_v7r004_hyp_0004_02_003_ae5b6dc63e53e/job_0_n_211_id_60_fk_orig1_bm0-s0to100br2-s100to200br0-s200to300br0-s300to400br0/job_0_n_211_id_60_fk_orig1_bm0-s0to100br2-s100to200br0-s200to300br0-s300to400br0.pdb,241,"2,0,13,16,19,16,19,14,11,3,10,18,19,19,6,18,7,15,2,12,16,9,6,4,11,13,14,19,6,11,5,10,3,10,0,0,10,9,19,18,17,6,12,6,3,11,2,9,9,5,13,19,8,7,6,6,3,10,11,19,5,8,15,15,18,1,5,1,0,1,10,10,11,3,5,10,15,10,7,2,0,0,10,5,9,16,3,19,11,10,5,3,0,7,19,18,1,4,12,9,15,18,7,7,0,3,18,11,1,9,16,19,11,19,2,0,12,6,0,10,11,10,18,4,6,7,11,6,6,5,11,11,7,2,10,3,6,0,6,11,11,18,5,6,0,10,6,9,0,11,11,2,2,3,11,19,9,6,0,2,15,10,2,7,10,7,3,19,6,6,0,11,7,2,10,3,6,0,10,11,18,18,5,6,0,10,6,9,1,11,5,10,11,3,15,9,7,9,11,6,15,5,6,0,9,6,11,9,11,15,11,0,0,0,0,0,0,0,0,0,0,0,0,0,0,0,0,0,0,0,0,0,0",-0.21001504,0.07781464,3.0,0.41114324,42.30092,0.4615497,1.0,0.4615497,0.14934358,0.41114324,0.0,0.0,0.41114324,0.0024882902,0.92493325,0.14934358,2.9750512,1.3037927,42.30092,-0.21001504,2.4431052,183.5155,0.36073682,0.36073682,1.0,183.5155,0.700148,0.07506677,2.9750512,0.0024882902,0.4615497,0.07781464,0.0,1.3037927,2.4431052,0.36073682,0.21001504,0.0,0.4615497,0.21001504,0.8084183,0.36073682,1.0,0.41114324,lookahead,fk_orig1_bm0-s0to100br2-s100to200br0-s200to300br0-s300to400br0
/work/T-REX/external/Proteina-Complexa/inference/search_binder_local_pipeline_32_PDL1_ALPHA_REPACK_v7_r004_cand_v7r004_hyp_0004_02_003_ae5b6dc63e53e/job_0_n_198_id_60_fk_orig2_bm0-s0to100br1-s100to200br0-s200to300br3-s300to400br0/job_0_n_198_id_60_fk_orig2_bm0-s0to100br1-s100to200br0-s200to300br3-s300to400br0.pdb,242,"2,0,13,16,19,16,19,14,11,3,10,18,19,19,6,18,7,15,2,12,16,9,6,4,11,13,14,19,6,11,5,10,3,10,0,0,10,9,19,18,17,6,12,6,3,11,2,9,9,5,13,19,8,7,6,6,3,10,11,19,5,8,15,15,18,1,5,1,0,1,10,10,11,3,5,10,15,10,7,2,0,0,10,5,9,16,3,19,11,10,5,3,0,7,19,18,1,4,12,9,15,18,7,7,0,3,18,11,1,9,16,19,11,19,2,0,15,6,5,6,9,1,6,18,9,2,15,9,14,11,10,7,11,19,10,1,10,0,13,10,8,8,13,15,7,7,11,2,14,10,0,6,19,7,14,11,10,19,6,15,10,5,11,18,19,14,3,10,6,16,10,11,2,0,16,0,6,6,10,16,11,19,8,7,9,7,14,19,10,0,6,2,9,19,0,8,1,2,0,0,0,0,0,0,0,0,0,0,0,0,0,0,0,0,0,0,0,0,0,0,0,0,0,0,0,0,0,0,0,0,0,0,0",-0.702258,0.5215816,3.0,0.0030392006,118.10265,0.006078401,1.0,0.006078401,0.47600874,0.0,0.0,0.0,0.0030392006,0.009645776,0.71687627,0.47600874,10.448018,1.9292591,118.10265,-0.702258,4.3023624,265.49902,0.0,0.0,1.0,265.49902,0.14681496,0.2831237,10.448018,0.009645776,0.0,0.5215816,0.0,1.9292591,4.3023624,0.0,0.702258,0.0,0.0,0.702258,0.588057,0.0,1.0,0.0,lookahead,fk_orig2_bm0-s0to100br1-s100to200br0-s200to300br3-s300to400br0
/work/T-REX/external/Proteina-Complexa/inference/search_binder_local_pipeline_32_PDL1_ALPHA_REPACK_v7_r004_cand_v7r004_hyp_0004_02_003_ae5b6dc63e53e/job_0_n_220_id_60_fk_orig3_bm0-s0to100br2-s100to200br3-s200to300br3-s300to400br0/job_0_n_220_id_60_fk_orig3_bm0-s0to100br2-s100to200br3-s200to300br3-s300to400br0.pdb,243,"2,0,13,16,19,16,19,14,11,3,10,18,19,19,6,18,7,15,2,12,16,9,6,4,11,13,14,19,6,11,5,10,3,10,0,0,10,9,19,18,17,6,12,6,3,11,2,9,9,5,13,19,8,7,6,6,3,10,11,19,5,8,15,15,18,1,5,1,0,1,10,10,11,3,5,10,15,10,7,2,0,0,10,5,9,16,3,19,11,10,5,3,0,7,19,18,1,4,12,9,15,18,7,7,0,3,18,11,1,9,16,19,11,19,2,0,0,10,19,19,16,16,14,11,3,10,18,15,19,5,0,7,0,2,19,16,10,6,4,11,14,15,11,14,10,15,11,10,6,2,13,15,10,10,17,11,2,14,5,3,5,11,19,9,5,18,15,15,7,11,16,16,19,18,3,14,1,13,15,10,3,16,15,16,7,15,10,9,9,15,2,16,1,14,15,3,15,7,19,18,6,4,10,19,13,7,3,7,0,3,15,11,16,9,5,10,3,19,16,13,0,0,0,0,0,0,0,0,0,0,0,0,0",-0.57032007,0.303652,3.0,0.024226638,52.04038,0.025176287,1.0,0.025176287,0.35689497,0.011970695,0.0,0.0,0.024226638,0.0027625859,0.82051075,0.35689497,3.5058699,1.599375,52.04038,-0.57032007,4.074624,225.91177,0.011907484,0.023276988,1.0,225.91177,0.25347385,0.17948924,3.5058699,0.0027625859,0.012033906,0.303652,0.0,1.599375,4.074624,0.011907484,0.57032007,0.0,0.012033906,0.57032007,0.5956373,0.023276988,1.0,0.011970695,lookahead,fk_orig3_bm0-s0to100br2-s100to200br3-s200to300br3-s300to400br0
/work/T-REX/external/Proteina-Complexa/inference/search_binder_local_pipeline_32_PDL1_ALPHA_REPACK_v7_r004_cand_v7r004_hyp_0004_02_003_ae5b6dc63e53e/job_0_n_233_id_61_fk_orig0_bm0-s0to100br2-s100to200br2-s200to300br2-s300to400br1/job_0_n_233_id_61_fk_orig0_bm0-s0to100br2-s100to200br2-s200to300br2-s300to400br1.pdb,244,"2,0,13,16,19,16,19,14,11,3,10,18,19,19,6,18,7,15,2,12,16,9,6,4,11,13,14,19,6,11,5,10,3,10,0,0,10,9,19,18,17,6,12,6,3,11,2,9,9,5,13,19,8,7,6,6,3,10,11,19,5,8,15,15,18,1,5,1,0,1,10,10,11,3,5,10,15,10,7,2,0,0,10,5,9,16,3,19,11,10,5,3,0,7,19,18,1,4,12,9,15,18,7,7,0,3,18,11,1,9,16,19,11,19,2,0,2,0,13,16,19,16,19,14,11,3,10,18,19,19,6,18,7,15,2,12,16,9,6,4,11,13,14,19,6,11,5,10,3,10,0,0,10,9,19,18,17,6,12,6,3,11,2,9,9,5,13,19,8,7,6,6,3,10,11,19,5,8,15,15,18,1,5,1,0,1,10,10,11,3,5,10,15,10,7,2,0,0,10,5,9,16,3,19,11,10,5,3,0,7,19,18,1,4,12,9,15,18,7,7,0,3,18,11,1,9,16,19,11,19,2,0,14",-0.53569907,0.30522722,3.0,0.04134365,58.21628,0.044270527,1.0,0.044270527,0.31621954,0.012041728,0.0,0.0,0.04134365,0.002921624,0.8589805,0.31621954,2.7599142,1.2875643,58.21628,-0.53569907,3.925335,198.29431,0.011881914,0.03841678,1.0,198.29431,0.2540914,0.14101952,2.7599142,0.002921624,0.012201542,0.30522722,0.0,1.2875643,3.925335,0.011881914,0.53569907,0.0,0.012201542,0.53569907,0.5827371,0.03841678,1.0,0.012041728,lookahead,fk_orig0_bm0-s0to100br2-s100to200br2-s200to300br2-s300to400br1
/work/T-REX/external/Proteina-Complexa/inference/search_binder_local_pipeline_32_PDL1_ALPHA_REPACK_v7_r004_cand_v7r004_hyp_0004_02_003_ae5b6dc63e53e/job_0_n_211_id_61_fk_orig1_bm0-s0to100br2-s100to200br0-s200to300br0-s300to400br1/job_0_n_211_id_61_fk_orig1_bm0-s0to100br2-s100to200br0-s200to300br0-s300to400br1.pdb,245,"2,0,13,16,19,16,19,14,11,3,10,18,19,19,6,18,7,15,2,12,16,9,6,4,11,13,14,19,6,11,5,10,3,10,0,0,10,9,19,18,17,6,12,6,3,11,2,9,9,5,13,19,8,7,6,6,3,10,11,19,5,8,15,15,18,1,5,1,0,1,10,10,11,3,5,10,15,10,7,2,0,0,10,5,9,16,3,19,11,10,5,3,0,7,19,18,1,4,12,9,15,18,7,7,0,3,18,11,1,9,16,19,11,19,2,0,12,6,0,10,11,10,18,4,6,7,11,6,6,5,11,11,7,2,10,3,6,0,6,11,11,18,5,6,0,10,6,9,0,11,5,2,2,3,11,19,9,6,0,2,15,10,2,7,10,7,3,19,6,6,0,11,7,2,10,3,6,0,10,11,18,18,5,6,0,10,6,9,1,11,5,10,11,3,16,9,7,9,11,6,15,5,6,0,9,6,11,9,11,15,11,0,0,0,0,0,0,0,0,0,0,0,0,0,0,0,0,0,0,0,0,0,0",-0.21084432,0.07765206,3.0,0.40689164,40.72666,0.45899773,1.0,0.45899773,0.14958182,0.40689164,0.0,0.0,0.40689164,0.0023448016,0.92523766,0.14958182,2.951293,1.2955835,40.72666,-0.21084432,2.45254,179.48624,0.35478556,0.35478556,1.0,179.48624,0.70012045,0.07476234,2.951293,0.0023448016,0.45899773,0.07765206,0.0,1.2955835,2.45254,0.35478556,0.21084432,0.0,0.45899773,0.21084432,0.8083914,0.35478556,1.0,0.40689164,lookahead,fk_orig1_bm0-s0to100br2-s100to200br0-s200to300br0-s300to400br1
/work/T-REX/external/Proteina-Complexa/inference/search_binder_local_pipeline_32_PDL1_ALPHA_REPACK_v7_r004_cand_v7r004_hyp_0004_02_003_ae5b6dc63e53e/job_0_n_198_id_61_fk_orig2_bm0-s0to100br1-s100to200br0-s200to300br3-s300to400br1/job_0_n_198_id_61_fk_orig2_bm0-s0to100br1-s100to200br0-s200to300br3-s300to400br1.pdb,246,"2,0,13,16,19,16,19,14,11,3,10,18,19,19,6,18,7,15,2,12,16,9,6,4,11,13,14,19,6,11,5,10,3,10,0,0,10,9,19,18,17,6,12,6,3,11,2,9,9,5,13,19,8,7,6,6,3,10,11,19,5,8,15,15,18,1,5,1,0,1,10,10,11,3,5,10,15,10,7,2,0,0,10,5,9,16,3,19,11,10,5,3,0,7,19,18,1,4,12,9,15,18,7,7,0,3,18,11,1,9,16,19,11,19,2,0,15,6,5,6,9,1,6,18,9,2,15,9,14,11,10,7,11,19,10,1,10,0,13,10,8,8,13,15,7,7,11,2,14,9,0,6,19,7,14,11,16,19,6,15,10,5,11,18,19,14,3,10,6,16,10,11,2,0,16,0,6,6,10,16,11,19,8,7,9,7,14,19,10,0,6,2,9,19,0,8,1,2,0,0,0,0,0,0,0,0,0,0,0,0,0,0,0,0,0,0,0,0,0,0,0,0,0,0,0,0,0,0,0,0,0,0,0",-0.65185046,0.466419,3.0,0.005705142,125.37176,0.006274248,1.0,0.006274248,0.4438965,0.0,0.0,0.0,0.005705142,0.0066027376,0.7306989,0.4438965,20.271896,2.0094342,125.37176,-0.65185046,4.178967,266.21146,0.0,0.005136036,1.0,266.21146,0.17971894,0.26930112,20.271896,0.0066027376,0.0,0.466419,0.0,2.0094342,4.178967,0.0,0.65185046,0.0,0.0,0.65185046,0.60067403,0.005136036,1.0,0.0,lookahead,fk_orig2_bm0-s0to100br1-s100to200br0-s200to300br3-s300to400br1
/work/T-REX/external/Proteina-Complexa/inference/search_binder_local_pipeline_32_PDL1_ALPHA_REPACK_v7_r004_cand_v7r004_hyp_0004_02_003_ae5b6dc63e53e/job_0_n_220_id_61_fk_orig3_bm0-s0to100br2-s100to200br3-s200to300br3-s300to400br1/job_0_n_220_id_61_fk_orig3_bm0-s0to100br2-s100to200br3-s200to300br3-s300to400br1.pdb,247,"2,0,13,16,19,16,19,14,11,3,10,18,19,19,6,18,7,15,2,12,16,9,6,4,11,13,14,19,6,11,5,10,3,10,0,0,10,9,19,18,17,6,12,6,3,11,2,9,9,5,13,19,8,7,6,6,3,10,11,19,5,8,15,15,18,1,5,1,0,1,10,10,11,3,5,10,15,10,7,2,0,0,10,5,9,16,3,19,11,10,5,3,0,7,19,18,1,4,12,9,15,18,7,7,0,3,18,11,1,9,16,19,11,19,2,0,0,10,19,19,16,16,14,11,3,10,18,15,19,5,0,7,0,2,19,16,10,6,4,11,14,15,11,14,10,15,11,10,6,2,13,15,10,10,17,11,2,14,5,3,5,11,19,9,5,18,15,15,7,11,16,16,19,18,3,14,1,13,15,10,3,16,15,16,7,15,10,9,9,15,2,16,1,14,15,3,15,7,19,18,6,4,10,19,13,7,3,7,0,3,15,11,11,9,5,10,3,19,16,13,0,0,0,0,0,0,0,0,0,0,0,0,0",-0.64336306,0.38484,3.0,0.006010413,120.06572,0.0062796115,1.0,0.0062796115,0.39782372,0.0,0.0,0.0,0.006010413,0.0032294984,0.80993485,0.39782372,14.939865,1.6411937,120.06572,-0.64336306,4.301228,243.11978,0.0,0.0057412153,1.0,243.11978,0.18348497,0.19006515,14.939865,0.0032294984,0.0,0.38484,0.0,1.6411937,4.301228,0.0,0.64336306,0.0,0.0,0.64336306,0.56305254,0.0057412153,1.0,0.0,lookahead,fk_orig3_bm0-s0to100br2-s100to200br3-s200to300br3-s300to400br1
/work/T-REX/external/Proteina-Complexa/inference/search_binder_local_pipeline_32_PDL1_ALPHA_REPACK_v7_r004_cand_v7r004_hyp_0004_02_003_ae5b6dc63e53e/job_0_n_233_id_62_fk_orig0_bm0-s0to100br2-s100to200br2-s200to300br2-s300to400br2/job_0_n_233_id_62_fk_orig0_bm0-s0to100br2-s100to200br2-s200to300br2-s300to400br2.pdb,248,"2,0,13,16,19,16,19,14,11,3,10,18,19,19,6,18,7,15,2,12,16,9,6,4,11,13,14,19,6,11,5,10,3,10,0,0,10,9,19,18,17,6,12,6,3,11,2,9,9,5,13,19,8,7,6,6,3,10,11,19,5,8,15,15,18,1,5,1,0,1,10,10,11,3,5,10,15,10,7,2,0,0,10,5,9,16,3,19,11,10,5,3,0,7,19,18,1,4,12,9,15,18,7,7,0,3,18,11,1,9,16,19,11,19,2,0,2,0,13,16,19,16,19,14,11,3,10,18,19,19,6,18,7,15,2,12,16,9,6,4,11,13,14,19,6,11,5,10,3,10,0,0,10,9,19,18,17,6,12,6,3,11,2,9,9,5,13,19,8,7,6,6,3,10,11,19,5,8,15,15,18,1,5,1,0,1,10,10,11,3,5,10,15,10,7,2,0,0,10,5,9,16,3,19,11,10,5,3,0,7,19,18,1,4,12,9,15,18,7,7,0,3,18,11,1,9,16,19,11,19,2,0,14",-0.53475773,0.30290177,3.0,0.042650603,56.312527,0.04683488,1.0,0.04683488,0.3158583,0.012096086,0.0,0.0,0.042650603,0.0028630695,0.8587769,0.3158583,2.7233663,1.289827,56.312527,-0.53475773,3.9246767,198.81343,0.011886893,0.038466323,1.0,198.81343,0.25449526,0.1412231,2.7233663,0.0028630695,0.012305278,0.30290177,0.0,1.289827,3.9246767,0.011886893,0.53475773,0.0,0.012305278,0.53475773,0.58299726,0.038466323,1.0,0.012096086,lookahead,fk_orig0_bm0-s0to100br2-s100to200br2-s200to300br2-s300to400br2
/work/T-REX/external/Proteina-Complexa/inference/search_binder_local_pipeline_32_PDL1_ALPHA_REPACK_v7_r004_cand_v7r004_hyp_0004_02_003_ae5b6dc63e53e/job_0_n_211_id_62_fk_orig1_bm0-s0to100br2-s100to200br0-s200to300br0-s300to400br2/job_0_n_211_id_62_fk_orig1_bm0-s0to100br2-s100to200br0-s200to300br0-s300to400br2.pdb,249,"2,0,13,16,19,16,19,14,11,3,10,18,19,19,6,18,7,15,2,12,16,9,6,4,11,13,14,19,6,11,5,10,3,10,0,0,10,9,19,18,17,6,12,6,3,11,2,9,9,5,13,19,8,7,6,6,3,10,11,19,5,8,15,15,18,1,5,1,0,1,10,10,11,3,5,10,15,10,7,2,0,0,10,5,9,16,3,19,11,10,5,3,0,7,19,18,1,4,12,9,15,18,7,7,0,3,18,11,1,9,16,19,11,19,2,0,12,6,0,10,11,10,18,4,6,7,11,6,6,5,11,11,7,2,10,3,6,0,6,11,11,18,5,6,0,10,6,9,0,11,5,2,2,3,11,19,9,6,0,2,15,10,2,7,10,7,3,19,6,6,0,11,7,2,10,3,6,0,10,11,18,18,5,6,0,10,6,9,1,11,5,10,11,3,16,9,7,9,11,6,15,5,6,0,9,6,11,9,11,15,11,0,0,0,0,0,0,0,0,0,0,0,0,0,0,0,0,0,0,0,0,0,0",-0.21169102,0.07863037,3.0,0.4065047,41.218403,0.45805556,1.0,0.45805556,0.15023254,0.4065047,0.0,0.0,0.4065047,0.0023704153,0.92441505,0.15023254,2.9051464,1.3023448,41.218403,-0.21169102,2.4590755,179.37451,0.3549538,0.3549538,1.0,179.37451,0.6988071,0.075584926,2.9051464,0.0023704153,0.45805556,0.07863037,0.0,1.3023448,2.4590755,0.3549538,0.21169102,0.0,0.45805556,0.21169102,0.807217,0.3549538,1.0,0.4065047,lookahead,fk_orig1_bm0-s0to100br2-s100to200br0-s200to300br0-s300to400br2
/work/T-REX/external/Proteina-Complexa/inference/search_binder_local_pipeline_32_PDL1_ALPHA_REPACK_v7_r004_cand_v7r004_hyp_0004_02_003_ae5b6dc63e53e/job_0_n_198_id_62_fk_orig2_bm0-s0to100br1-s100to200br0-s200to300br3-s300to400br2/job_0_n_198_id_62_fk_orig2_bm0-s0to100br1-s100to200br0-s200to300br3-s300to400br2.pdb,250,"2,0,13,16,19,16,19,14,11,3,10,18,19,19,6,18,7,15,2,12,16,9,6,4,11,13,14,19,6,11,5,10,3,10,0,0,10,9,19,18,17,6,12,6,3,11,2,9,9,5,13,19,8,7,6,6,3,10,11,19,5,8,15,15,18,1,5,1,0,1,10,10,11,3,5,10,15,10,7,2,0,0,10,5,9,16,3,19,11,10,5,3,0,7,19,18,1,4,12,9,15,18,7,7,0,3,18,11,1,9,16,19,11,19,2,0,15,6,5,6,9,1,6,18,9,2,15,9,14,11,10,7,11,19,10,1,10,0,13,10,8,8,13,15,7,7,11,2,14,9,0,6,19,7,14,11,10,19,6,15,10,5,11,18,19,14,3,10,6,16,10,11,2,0,16,0,6,6,10,16,11,19,8,7,9,7,14,19,10,0,6,2,9,19,0,8,1,2,0,0,0,0,0,0,0,0,0,0,0,0,0,0,0,0,0,0,0,0,0,0,0,0,0,0,0,0,0,0,0,0,0,0,0",-0.24470678,0.11018385,3.0,0.30655152,33.08286,0.3199088,1.0,0.3199088,0.18454045,0.30634373,0.0,0.0,0.30655152,0.002323794,0.8804336,0.18454045,2.2858036,1.7026188,33.08286,-0.24470678,2.740809,186.06024,0.29319426,0.29319426,1.0,186.06024,0.6730876,0.1195664,2.2858036,0.002323794,0.31949323,0.11018385,0.0,1.7026188,2.740809,0.29319426,0.24470678,0.0,0.31949323,0.24470678,0.8120912,0.29319426,1.0,0.30634373,lookahead,fk_orig2_bm0-s0to100br1-s100to200br0-s200to300br3-s300to400br2
/work/T-REX/external/Proteina-Complexa/inference/search_binder_local_pipeline_32_PDL1_ALPHA_REPACK_v7_r004_cand_v7r004_hyp_0004_02_003_ae5b6dc63e53e/job_0_n_220_id_62_fk_orig3_bm0-s0to100br2-s100to200br3-s200to300br3-s300to400br2/job_0_n_220_id_62_fk_orig3_bm0-s0to100br2-s100to200br3-s200to300br3-s300to400br2.pdb,251,"2,0,13,16,19,16,19,14,11,3,10,18,19,19,6,18,7,15,2,12,16,9,6,4,11,13,14,19,6,11,5,10,3,10,0,0,10,9,19,18,17,6,12,6,3,11,2,9,9,5,13,19,8,7,6,6,3,10,11,19,5,8,15,15,18,1,5,1,0,1,10,10,11,3,5,10,15,10,7,2,0,0,10,5,9,16,3,19,11,10,5,3,0,7,19,18,1,4,12,9,15,18,7,7,0,3,18,11,1,9,16,19,11,19,2,0,0,10,19,19,16,16,14,11,3,10,18,15,19,5,0,7,0,2,19,16,10,6,4,11,14,15,11,14,10,15,11,10,6,2,13,15,10,10,17,11,2,14,5,3,5,11,19,9,5,18,15,15,7,11,16,16,19,18,3,14,1,13,15,10,3,16,15,16,7,15,10,9,9,15,2,16,1,14,15,3,15,7,19,18,6,4,10,19,13,7,3,7,0,3,15,11,16,9,5,10,3,19,16,13,0,0,0,0,0,0,0,0,0,0,0,0,0",-0.4476476,0.21490939,3.0,0.09971173,54.769672,0.10007941,1.0,0.10007941,0.29085296,0.015887717,0.0,0.0,0.09971173,0.0026231098,0.8413726,0.29085296,3.7308524,1.5903758,54.769672,-0.4476476,3.7504876,209.86385,0.015269436,0.09934405,1.0,209.86385,0.38533574,0.1586274,3.7308524,0.0026231098,0.016505998,0.21490939,0.0,1.5903758,3.7504876,0.015269436,0.4476476,0.0,0.016505998,0.4476476,0.6590527,0.09934405,1.0,0.015887717,lookahead,fk_orig3_bm0-s0to100br2-s100to200br3-s200to300br3-s300to400br2
/work/T-REX/external/Proteina-Complexa/inference/search_binder_local_pipeline_32_PDL1_ALPHA_REPACK_v7_r004_cand_v7r004_hyp_0004_02_003_ae5b6dc63e53e/job_0_n_233_id_63_fk_orig0_bm0-s0to100br2-s100to200br2-s200to300br2-s300to400br3/job_0_n_233_id_63_fk_orig0_bm0-s0to100br2-s100to200br2-s200to300br2-s300to400br3.pdb,252,"2,0,13,16,19,16,19,14,11,3,10,18,19,19,6,18,7,15,2,12,16,9,6,4,11,13,14,19,6,11,5,10,3,10,0,0,10,9,19,18,17,6,12,6,3,11,2,9,9,5,13,19,8,7,6,6,3,10,11,19,5,8,15,15,18,1,5,1,0,1,10,10,11,3,5,10,15,10,7,2,0,0,10,5,9,16,3,19,11,10,5,3,0,7,19,18,1,4,12,9,15,18,7,7,0,3,18,11,1,9,16,19,11,19,2,0,2,0,13,16,19,16,19,14,11,3,10,18,19,19,6,18,7,15,2,12,16,9,6,4,11,13,14,19,6,11,5,10,3,10,0,0,10,9,19,18,17,6,12,6,3,11,2,9,9,5,13,19,8,7,6,6,3,10,11,19,5,8,15,15,18,1,5,1,0,1,10,10,11,3,5,10,15,10,7,2,0,0,10,5,9,16,3,19,11,10,5,3,0,7,19,18,1,4,12,9,15,18,7,7,0,3,18,11,1,9,16,19,11,19,2,0,14",-0.52723765,0.2959228,3.0,0.046046674,58.540424,0.048194025,1.0,0.048194025,0.3119461,0.012403418,0.0,0.0,0.046046674,0.0028645566,0.85910296,0.3119461,2.8668382,1.2862595,58.540424,-0.52723765,3.9029694,198.475,0.012086851,0.043899324,1.0,198.475,0.26044458,0.14089704,2.8668382,0.0028645566,0.012719986,0.2959228,0.0,1.2862595,3.9029694,0.012086851,0.52723765,0.0,0.012719986,0.52723765,0.58638906,0.043899324,1.0,0.012403418,lookahead,fk_orig0_bm0-s0to100br2-s100to200br2-s200to300br2-s300to400br3
/work/T-REX/external/Proteina-Complexa/inference/search_binder_local_pipeline_32_PDL1_ALPHA_REPACK_v7_r004_cand_v7r004_hyp_0004_02_003_ae5b6dc63e53e/job_0_n_211_id_63_fk_orig1_bm0-s0to100br2-s100to200br0-s200to300br0-s300to400br3/job_0_n_211_id_63_fk_orig1_bm0-s0to100br2-s100to200br0-s200to300br0-s300to400br3.pdb,253,"2,0,13,16,19,16,19,14,11,3,10,18,19,19,6,18,7,15,2,12,16,9,6,4,11,13,14,19,6,11,5,10,3,10,0,0,10,9,19,18,17,6,12,6,3,11,2,9,9,5,13,19,8,7,6,6,3,10,11,19,5,8,15,15,18,1,5,1,0,1,10,10,11,3,5,10,15,10,7,2,0,0,10,5,9,16,3,19,11,10,5,3,0,7,19,18,1,4,12,9,15,18,7,7,0,3,18,11,1,9,16,19,11,19,2,0,12,6,0,10,11,10,18,4,6,7,11,6,6,5,11,11,7,2,10,3,6,0,6,11,11,18,5,6,0,10,6,9,0,11,5,2,2,3,11,19,9,6,0,2,15,10,2,7,10,7,3,19,6,6,0,11,7,2,10,3,6,0,10,11,18,18,5,6,0,10,6,9,1,11,5,10,11,3,15,9,7,9,11,6,15,5,6,0,9,6,11,9,11,15,11,0,0,0,0,0,0,0,0,0,0,0,0,0,0,0,0,0,0,0,0,0,0",-0.20849803,0.07654534,3.0,0.41664433,43.980923,0.46631166,1.0,0.46631166,0.14850973,0.41664433,0.0,0.0,0.41664433,0.0023584184,0.92560077,0.14850973,3.1475842,1.2984413,43.980923,-0.20849803,2.4320607,184.24896,0.36697704,0.36697704,1.0,184.24896,0.7020252,0.074399255,3.1475842,0.0023584184,0.46631166,0.07654534,0.0,1.2984413,2.4320607,0.36697704,0.20849803,0.0,0.46631166,0.20849803,0.8104075,0.36697704,1.0,0.41664433,lookahead,fk_orig1_bm0-s0to100br2-s100to200br0-s200to300br0-s300to400br3
/work/T-REX/external/Proteina-Complexa/inference/search_binder_local_pipeline_32_PDL1_ALPHA_REPACK_v7_r004_cand_v7r004_hyp_0004_02_003_ae5b6dc63e53e/job_0_n_198_id_63_fk_orig2_bm0-s0to100br1-s100to200br0-s200to300br3-s300to400br3/job_0_n_198_id_63_fk_orig2_bm0-s0to100br1-s100to200br0-s200to300br3-s300to400br3.pdb,254,"2,0,13,16,19,16,19,14,11,3,10,18,19,19,6,18,7,15,2,12,16,9,6,4,11,13,14,19,6,11,5,10,3,10,0,0,10,9,19,18,17,6,12,6,3,11,2,9,9,5,13,19,8,7,6,6,3,10,11,19,5,8,15,15,18,1,5,1,0,1,10,10,11,3,5,10,15,10,7,2,0,0,10,5,9,16,3,19,11,10,5,3,0,7,19,18,1,4,12,9,15,18,7,7,0,3,18,11,1,9,16,19,11,19,2,0,15,6,5,6,9,1,6,18,9,2,15,9,14,11,10,7,11,19,10,1,10,0,13,10,8,8,13,15,7,7,11,2,14,10,0,6,19,7,14,11,10,19,6,15,10,5,11,18,19,14,3,10,6,16,10,11,2,0,16,0,6,6,10,16,11,19,8,7,9,7,14,19,10,0,6,2,9,19,0,8,1,2,0,0,0,0,0,0,0,0,0,0,0,0,0,0,0,0,0,0,0,0,0,0,0,0,0,0,0,0,0,0,0,0,0,0,0",-0.70187145,0.5198935,3.0,0.0030558622,124.54185,0.0061117243,1.0,0.0061117243,0.47725615,0.0,0.0,0.0,0.0030558622,0.010776322,0.71658707,0.47725615,13.317983,1.9306331,124.54185,-0.70187145,4.3026204,270.28323,0.0,0.0,1.0,270.28323,0.14558455,0.2834129,13.317983,0.010776322,0.0,0.5198935,0.0,1.9306331,4.3026204,0.0,0.70187145,0.0,0.0,0.70187145,0.5877658,0.0,1.0,0.0,lookahead,fk_orig2_bm0-s0to100br1-s100to200br0-s200to300br3-s300to400br3
/work/T-REX/external/Proteina-Complexa/inference/search_binder_local_pipeline_32_PDL1_ALPHA_REPACK_v7_r004_cand_v7r004_hyp_0004_02_003_ae5b6dc63e53e/job_0_n_220_id_63_fk_orig3_bm0-s0to100br2-s100to200br3-s200to300br3-s300to400br3/job_0_n_220_id_63_fk_orig3_bm0-s0to100br2-s100to200br3-s200to300br3-s300to400br3.pdb,255,"2,0,13,16,19,16,19,14,11,3,10,18,19,19,6,18,7,15,2,12,16,9,6,4,11,13,14,19,6,11,5,10,3,10,0,0,10,9,19,18,17,6,12,6,3,11,2,9,9,5,13,19,8,7,6,6,3,10,11,19,5,8,15,15,18,1,5,1,0,1,10,10,11,3,5,10,15,10,7,2,0,0,10,5,9,16,3,19,11,10,5,3,0,7,19,18,1,4,12,9,15,18,7,7,0,3,18,11,1,9,16,19,11,19,2,0,0,10,19,19,16,16,14,11,3,10,18,15,19,5,0,7,0,2,19,16,10,6,4,11,14,15,11,14,10,15,11,10,6,2,13,15,10,10,17,11,2,14,5,3,5,11,19,9,5,18,15,15,7,11,16,16,19,18,3,14,1,13,15,10,3,16,15,16,7,15,10,9,9,15,2,16,1,14,15,3,15,7,19,18,6,4,10,19,13,7,3,7,0,3,15,11,11,9,5,10,3,19,16,13,0,0,0,0,0,0,0,0,0,0,0,0,0",-0.64122707,0.38372487,3.0,0.00602632,121.75506,0.006156534,1.0,0.006156534,0.39652938,0.0,0.0,0.0,0.00602632,0.0031237844,0.81010854,0.39652938,15.833281,1.6401597,121.75506,-0.64122707,4.295292,242.9199,0.0,0.005896106,1.0,242.9199,0.18462688,0.18989146,15.833281,0.0031237844,0.0,0.38372487,0.0,1.6401597,4.295292,0.0,0.64122707,0.0,0.0,0.64122707,0.5637285,0.005896106,1.0,0.0,lookahead,fk_orig3_bm0-s0to100br2-s100to200br3-s200to300br3-s300to400br3
/work/T-REX/external/Proteina-Complexa/inference/search_binder_local_pipeline_32_PDL1_ALPHA_REPACK_v7_r004_cand_v7r004_hyp_0004_02_003_ae5b6dc63e53e/job_0_n_233_id_64_fk_orig0_bm0-s0to100br2-s100to200br2-s200to300br2-s300to400br3/job_0_n_233_id_64_fk_orig0_bm0-s0to100br2-s100to200br2-s200to300br2-s300to400br3.pdb,256,"2,0,13,16,19,16,19,14,11,3,10,18,19,19,6,18,7,15,2,12,16,9,6,4,11,13,14,19,6,11,5,10,3,10,0,0,10,9,19,18,17,6,12,6,3,11,2,9,9,5,13,19,8,7,6,6,3,10,11,19,5,8,15,15,18,1,5,1,0,1,10,10,11,3,5,10,15,10,7,2,0,0,10,5,9,16,3,19,11,10,5,3,0,7,19,18,1,4,12,9,15,18,7,7,0,3,18,11,1,9,16,19,11,19,2,0,2,0,13,16,19,16,19,14,11,3,10,18,19,19,6,18,7,15,2,12,16,9,6,4,11,13,14,19,6,11,5,10,3,10,0,0,10,9,19,18,17,6,12,6,3,11,2,9,9,5,13,19,8,7,6,6,3,10,11,19,5,8,15,15,18,1,5,1,0,1,10,10,11,3,5,10,15,10,7,2,0,0,10,5,9,16,3,19,11,10,5,3,0,7,19,18,1,4,12,9,15,18,7,7,0,3,18,11,1,9,16,19,11,19,2,0,14",-0.5345144,0.3022067,3.0,0.041867267,56.577644,0.04601005,1.0,0.04601005,0.31566212,0.012125152,0.0,0.0,0.041867267,0.0029093472,0.85888296,0.31566212,2.7567067,1.2882098,56.577644,-0.5345144,3.9212759,198.93791,0.011864139,0.037724484,1.0,198.93791,0.25412112,0.14111704,2.7567067,0.0029093472,0.012386166,0.3022067,0.0,1.2882098,3.9212759,0.011864139,0.5345144,0.0,0.012386166,0.5345144,0.58303237,0.037724484,1.0,0.012125152,final,fk_orig0_bm0-s0to100br2-s100to200br2-s200to300br2-s300to400br3
/work/T-REX/external/Proteina-Complexa/inference/search_binder_local_pipeline_32_PDL1_ALPHA_REPACK_v7_r004_cand_v7r004_hyp_0004_02_003_ae5b6dc63e53e/job_0_n_233_id_65_fk_orig0_bm0-s0to100br2-s100to200br2-s200to300br2-s300to400br2/job_0_n_233_id_65_fk_orig0_bm0-s0to100br2-s100to200br2-s200to300br2-s300to400br2.pdb,257,"2,0,13,16,19,16,19,14,11,3,10,18,19,19,6,18,7,15,2,12,16,9,6,4,11,13,14,19,6,11,5,10,3,10,0,0,10,9,19,18,17,6,12,6,3,11,2,9,9,5,13,19,8,7,6,6,3,10,11,19,5,8,15,15,18,1,5,1,0,1,10,10,11,3,5,10,15,10,7,2,0,0,10,5,9,16,3,19,11,10,5,3,0,7,19,18,1,4,12,9,15,18,7,7,0,3,18,11,1,9,16,19,11,19,2,0,2,0,13,16,19,16,19,14,11,3,10,18,19,19,6,18,7,15,2,12,16,9,6,4,11,13,14,19,6,11,5,10,3,10,0,0,10,9,19,18,17,6,12,6,3,11,2,9,9,5,13,19,8,7,6,6,3,10,11,19,5,8,15,15,18,1,5,1,0,1,10,10,11,3,5,10,15,10,7,2,0,0,10,5,9,16,3,19,11,10,5,3,0,7,19,18,1,4,12,9,15,18,7,7,0,3,18,11,1,9,16,19,11,19,2,0,14",-0.5353115,0.3032092,3.0,0.042038728,56.636242,0.045869723,1.0,0.045869723,0.31608146,0.012064448,0.0,0.0,0.042038728,0.0028430852,0.8593838,0.31608146,2.7915304,1.2895991,56.636242,-0.5353115,3.9266722,198.8928,0.011795839,0.038207732,1.0,198.8928,0.2544749,0.14061621,2.7915304,0.0028430852,0.012333056,0.3032092,0.0,1.2895991,3.9266722,0.011795839,0.5353115,0.0,0.012333056,0.5353115,0.5832057,0.038207732,1.0,0.012064448,final,fk_orig0_bm0-s0to100br2-s100to200br2-s200to300br2-s300to400br2
/work/T-REX/external/Proteina-Complexa/inference/search_binder_local_pipeline_32_PDL1_ALPHA_REPACK_v7_r004_cand_v7r004_hyp_0004_02_003_ae5b6dc63e53e/job_0_n_233_id_66_fk_orig0_bm0-s0to100br2-s100to200br2-s200to300br2-s300to400br0/job_0_n_233_id_66_fk_orig0_bm0-s0to100br2-s100to200br2-s200to300br2-s300to400br0.pdb,258,"2,0,13,16,19,16,19,14,11,3,10,18,19,19,6,18,7,15,2,12,16,9,6,4,11,13,14,19,6,11,5,10,3,10,0,0,10,9,19,18,17,6,12,6,3,11,2,9,9,5,13,19,8,7,6,6,3,10,11,19,5,8,15,15,18,1,5,1,0,1,10,10,11,3,5,10,15,10,7,2,0,0,10,5,9,16,3,19,11,10,5,3,0,7,19,18,1,4,12,9,15,18,7,7,0,3,18,11,1,9,16,19,11,19,2,0,2,0,13,16,19,16,19,14,11,3,10,18,19,19,6,18,7,15,2,12,16,9,6,4,11,13,14,19,6,11,5,10,3,10,0,0,10,9,19,18,17,6,12,6,3,11,2,9,9,5,13,19,8,7,6,6,3,10,11,19,5,8,15,15,18,1,5,1,0,1,10,10,11,3,5,10,15,10,7,2,0,0,10,5,9,16,3,19,11,10,5,3,0,7,19,18,1,4,12,9,15,18,7,7,0,3,18,11,1,9,16,19,11,19,2,0,14",-0.5370335,0.30509415,3.0,0.040994175,57.933247,0.044893853,1.0,0.044893853,0.3169555,0.012001597,0.0,0.0,0.040994175,0.0028578818,0.85939586,0.3169555,3.077229,1.2897378,57.933247,-0.5370335,3.9282405,197.50323,0.011645863,0.037094496,1.0,197.50323,0.25394493,0.14060414,3.077229,0.0028578818,0.012357332,0.30509415,0.0,1.2897378,3.9282405,0.011645863,0.5370335,0.0,0.012357332,0.5370335,0.582544,0.037094496,1.0,0.012001597,final,fk_orig0_bm0-s0to100br2-s100to200br2-s200to300br2-s300to400br0
/work/T-REX/external/Proteina-Complexa/inference/search_binder_local_pipeline_32_PDL1_ALPHA_REPACK_v7_r004_cand_v7r004_hyp_0004_02_003_ae5b6dc63e53e/job_0_n_233_id_67_fk_orig0_bm0-s0to100br2-s100to200br1-s200to300br1-s300to400br0/job_0_n_233_id_67_fk_orig0_bm0-s0to100br2-s100to200br1-s200to300br1-s300to400br0.pdb,259,"2,0,13,16,19,16,19,14,11,3,10,18,19,19,6,18,7,15,2,12,16,9,6,4,11,13,14,19,6,11,5,10,3,10,0,0,10,9,19,18,17,6,12,6,3,11,2,9,9,5,13,19,8,7,6,6,3,10,11,19,5,8,15,15,18,1,5,1,0,1,10,10,11,3,5,10,15,10,7,2,0,0,10,5,9,16,3,19,11,10,5,3,0,7,19,18,1,4,12,9,15,18,7,7,0,3,18,11,1,9,16,19,11,19,2,0,2,0,13,16,19,16,19,14,11,3,10,18,19,19,6,18,7,15,2,12,16,9,6,4,11,13,14,19,6,11,5,10,3,10,0,0,10,9,19,18,17,6,12,6,3,11,2,9,9,5,13,19,8,7,6,6,3,10,11,19,5,8,15,15,18,1,5,1,0,1,10,10,11,3,5,10,15,10,7,2,0,0,10,5,9,16,3,19,11,10,5,3,0,7,19,18,1,4,12,9,15,18,7,7,0,3,18,11,1,9,16,19,11,19,2,0,14",-0.53620577,0.30489773,3.0,0.041101754,57.403957,0.04489468,1.0,0.04489468,0.3165964,0.011992726,0.0,0.0,0.041101754,0.0028537167,0.8595955,0.3165964,3.139647,1.2900652,57.403957,-0.53620577,3.9268744,197.94359,0.011719601,0.037308823,1.0,197.94359,0.25508046,0.14040451,3.139647,0.0028537167,0.01226585,0.30489773,0.0,1.2900652,3.9268744,0.011719601,0.53620577,0.0,0.01226585,0.53620577,0.5832665,0.037308823,1.0,0.011992726,final,fk_orig0_bm0-s0to100br2-s100to200br1-s200to300br1-s300to400br0
/work/T-REX/external/Proteina-Complexa/inference/search_binder_local_pipeline_32_PDL1_ALPHA_REPACK_v7_r004_cand_v7r004_hyp_0004_02_003_ae5b6dc63e53e/job_0_n_211_id_64_fk_orig1_bm0-s0to100br0-s100to200br1-s200to300br0-s300to400br2/job_0_n_211_id_64_fk_orig1_bm0-s0to100br0-s100to200br1-s200to300br0-s300to400br2.pdb,260,"2,0,13,16,19,16,19,14,11,3,10,18,19,19,6,18,7,15,2,12,16,9,6,4,11,13,14,19,6,11,5,10,3,10,0,0,10,9,19,18,17,6,12,6,3,11,2,9,9,5,13,19,8,7,6,6,3,10,11,19,5,8,15,15,18,1,5,1,0,1,10,10,11,3,5,10,15,10,7,2,0,0,10,5,9,16,3,19,11,10,5,3,0,7,19,18,1,4,12,9,15,18,7,7,0,3,18,11,1,9,16,19,11,19,2,0,10,16,13,3,11,15,16,18,15,7,16,19,7,15,15,19,16,10,16,4,16,0,15,6,16,10,16,16,2,19,16,17,11,11,2,3,19,15,9,3,10,15,15,15,3,7,1,13,15,9,16,15,15,7,16,19,8,2,10,16,9,16,2,10,1,10,3,3,15,7,19,18,6,4,10,7,0,2,15,10,7,9,0,0,15,3,14,0,16,10,16,19,16,6,0,0,0,0,0,0,0,0,0,0,0,0,0,0,0,0,0,0,0,0,0,0,0",-0.18975888,0.063765235,3.0,0.53590035,58.406017,0.55695593,1.0,0.55695593,0.15116267,0.53590035,0.0,0.0,0.53590035,0.0029456303,0.9206755,0.15116267,2.7077794,1.3839985,58.406017,-0.18975888,2.9720864,157.04172,0.5148448,0.5148448,1.0,157.04172,0.7655466,0.07932446,2.7077794,0.0029456303,0.55695593,0.063765235,0.0,1.3839985,2.9720864,0.5148448,0.18975888,0.0,0.55695593,0.18975888,0.8497497,0.5148448,1.0,0.53590035,final,fk_orig1_bm0-s0to100br0-s100to200br1-s200to300br0-s300to400br2
/work/T-REX/external/Proteina-Complexa/inference/search_binder_local_pipeline_32_PDL1_ALPHA_REPACK_v7_r004_cand_v7r004_hyp_0004_02_003_ae5b6dc63e53e/job_0_n_211_id_65_fk_orig1_bm0-s0to100br0-s100to200br1-s200to300br0-s300to400br3/job_0_n_211_id_65_fk_orig1_bm0-s0to100br0-s100to200br1-s200to300br0-s300to400br3.pdb,261,"2,0,13,16,19,16,19,14,11,3,10,18,19,19,6,18,7,15,2,12,16,9,6,4,11,13,14,19,6,11,5,10,3,10,0,0,10,9,19,18,17,6,12,6,3,11,2,9,9,5,13,19,8,7,6,6,3,10,11,19,5,8,15,15,18,1,5,1,0,1,10,10,11,3,5,10,15,10,7,2,0,0,10,5,9,16,3,19,11,10,5,3,0,7,19,18,1,4,12,9,15,18,7,7,0,3,18,11,1,9,16,19,11,19,2,0,10,16,13,3,11,15,16,18,15,7,16,19,7,15,15,19,16,10,16,4,16,0,15,6,16,10,16,16,2,19,16,17,11,11,2,3,19,15,9,3,10,15,15,15,3,7,1,13,15,9,16,15,15,7,16,19,8,2,10,16,9,16,2,10,1,10,3,3,15,7,19,18,6,4,10,7,0,2,15,18,7,9,0,0,15,3,14,0,16,10,16,19,16,6,0,0,0,0,0,0,0,0,0,0,0,0,0,0,0,0,0,0,0,0,0,0,0",-0.19078802,0.065034695,3.0,0.5340098,58.700764,0.5559558,1.0,0.5559558,0.15262574,0.5340098,0.0,0.0,0.5340098,0.003072673,0.9186765,0.15262574,2.7926676,1.3963724,58.700764,-0.19078802,2.981766,156.06993,0.51206386,0.51206386,1.0,156.06993,0.7645182,0.081323504,2.7926676,0.003072673,0.5559558,0.065034695,0.0,1.3963724,2.981766,0.51206386,0.19078802,0.0,0.5559558,0.19078802,0.8495562,0.51206386,1.0,0.5340098,final,fk_orig1_bm0-s0to100br0-s100to200br1-s200to300br0-s300to400br3
/work/T-REX/external/Proteina-Complexa/inference/search_binder_local_pipeline_32_PDL1_ALPHA_REPACK_v7_r004_cand_v7r004_hyp_0004_02_003_ae5b6dc63e53e/job_0_n_211_id_66_fk_orig1_bm0-s0to100br0-s100to200br1-s200to300br0-s300to400br3/job_0_n_211_id_66_fk_orig1_bm0-s0to100br0-s100to200br1-s200to300br0-s300to400br3.pdb,262,"2,0,13,16,19,16,19,14,11,3,10,18,19,19,6,18,7,15,2,12,16,9,6,4,11,13,14,19,6,11,5,10,3,10,0,0,10,9,19,18,17,6,12,6,3,11,2,9,9,5,13,19,8,7,6,6,3,10,11,19,5,8,15,15,18,1,5,1,0,1,10,10,11,3,5,10,15,10,7,2,0,0,10,5,9,16,3,19,11,10,5,3,0,7,19,18,1,4,12,9,15,18,7,7,0,3,18,11,1,9,16,19,11,19,2,0,10,16,13,3,11,15,16,18,15,7,16,19,7,15,15,19,16,10,16,4,16,0,15,6,16,10,16,16,2,19,16,17,11,11,2,3,19,15,9,3,10,15,15,15,3,7,1,13,15,9,16,15,15,7,16,19,8,2,10,16,9,16,2,10,1,10,3,3,15,7,19,18,6,4,10,7,0,2,15,18,7,9,0,0,15,3,14,0,16,10,16,19,16,6,0,0,0,0,0,0,0,0,0,0,0,0,0,0,0,0,0,0,0,0,0,0,0",-0.19078802,0.065034695,3.0,0.5340098,58.700764,0.5559558,1.0,0.5559558,0.15262574,0.5340098,0.0,0.0,0.5340098,0.003072673,0.9186765,0.15262574,2.7926676,1.3963724,58.700764,-0.19078802,2.981766,156.06993,0.51206386,0.51206386,1.0,156.06993,0.7645182,0.081323504,2.7926676,0.003072673,0.5559558,0.065034695,0.0,1.3963724,2.981766,0.51206386,0.19078802,0.0,0.5559558,0.19078802,0.8495562,0.51206386,1.0,0.5340098,final,fk_orig1_bm0-s0to100br0-s100to200br1-s200to300br0-s300to400br3
/work/T-REX/external/Proteina-Complexa/inference/search_binder_local_pipeline_32_PDL1_ALPHA_REPACK_v7_r004_cand_v7r004_hyp_0004_02_003_ae5b6dc63e53e/job_0_n_211_id_67_fk_orig1_bm0-s0to100br0-s100to200br1-s200to300br0-s300to400br2/job_0_n_211_id_67_fk_orig1_bm0-s0to100br0-s100to200br1-s200to300br0-s300to400br2.pdb,263,"2,0,13,16,19,16,19,14,11,3,10,18,19,19,6,18,7,15,2,12,16,9,6,4,11,13,14,19,6,11,5,10,3,10,0,0,10,9,19,18,17,6,12,6,3,11,2,9,9,5,13,19,8,7,6,6,3,10,11,19,5,8,15,15,18,1,5,1,0,1,10,10,11,3,5,10,15,10,7,2,0,0,10,5,9,16,3,19,11,10,5,3,0,7,19,18,1,4,12,9,15,18,7,7,0,3,18,11,1,9,16,19,11,19,2,0,10,16,13,3,11,15,16,18,15,7,16,19,7,15,15,19,16,10,16,4,16,0,15,6,16,10,16,16,2,19,16,17,11,11,2,3,19,15,9,3,10,15,15,15,3,7,1,13,15,9,16,15,15,7,16,19,8,2,10,16,9,16,2,10,1,10,3,3,15,7,19,18,6,4,10,7,0,2,15,10,7,9,0,0,15,3,14,0,16,10,16,19,16,6,0,0,0,0,0,0,0,0,0,0,0,0,0,0,0,0,0,0,0,0,0,0,0",-0.18975888,0.063765235,3.0,0.53590035,58.406017,0.55695593,1.0,0.55695593,0.15116267,0.53590035,0.0,0.0,0.53590035,0.0029456303,0.9206755,0.15116267,2.7077794,1.3839985,58.406017,-0.18975888,2.9720864,157.04172,0.5148448,0.5148448,1.0,157.04172,0.7655466,0.07932446,2.7077794,0.0029456303,0.55695593,0.063765235,0.0,1.3839985,2.9720864,0.5148448,0.18975888,0.0,0.55695593,0.18975888,0.8497497,0.5148448,1.0,0.53590035,final,fk_orig1_bm0-s0to100br0-s100to200br1-s200to300br0-s300to400br2
/work/T-REX/external/Proteina-Complexa/inference/search_binder_local_pipeline_32_PDL1_ALPHA_REPACK_v7_r004_cand_v7r004_hyp_0004_02_003_ae5b6dc63e53e/job_0_n_198_id_64_fk_orig2_bm0-s0to100br1-s100to200br1-s200to300br2-s300to400br2/job_0_n_198_id_64_fk_orig2_bm0-s0to100br1-s100to200br1-s200to300br2-s300to400br2.pdb,264,"2,0,13,16,19,16,19,14,11,3,10,18,19,19,6,18,7,15,2,12,16,9,6,4,11,13,14,19,6,11,5,10,3,10,0,0,10,9,19,18,17,6,12,6,3,11,2,9,9,5,13,19,8,7,6,6,3,10,11,19,5,8,15,15,18,1,5,1,0,1,10,10,11,3,5,10,15,10,7,2,0,0,10,5,9,16,3,19,11,10,5,3,0,7,19,18,1,4,12,9,15,18,7,7,0,3,18,11,1,9,16,19,11,19,2,0,15,3,8,6,9,15,16,13,9,2,15,9,14,6,10,11,5,19,10,1,2,0,13,10,15,19,10,15,7,0,11,8,14,13,0,6,19,7,14,19,10,10,5,15,10,11,6,11,19,14,3,10,6,16,10,5,2,0,16,0,6,6,10,16,15,19,8,7,9,7,14,19,16,0,5,11,9,9,0,0,1,2,0,0,0,0,0,0,0,0,0,0,0,0,0,0,0,0,0,0,0,0,0,0,0,0,0,0,0,0,0,0,0,0,0,0,0",-0.16292106,0.051934745,3.0,0.60661054,36.14455,0.6391818,1.0,0.6391818,0.13052629,0.60661054,0.0,0.0,0.60661054,0.0021893417,0.9268986,0.13052629,1.3687367,1.5600064,36.14455,-0.16292106,2.296369,162.6233,0.5740393,0.5740393,1.0,162.6233,0.81312084,0.07310139,1.3687367,0.0021893417,0.6391818,0.051934745,0.0,1.5600064,2.296369,0.5740393,0.16292106,0.0,0.6391818,0.16292106,0.8650417,0.5740393,1.0,0.60661054,final,fk_orig2_bm0-s0to100br1-s100to200br1-s200to300br2-s300to400br2
/work/T-REX/external/Proteina-Complexa/inference/search_binder_local_pipeline_32_PDL1_ALPHA_REPACK_v7_r004_cand_v7r004_hyp_0004_02_003_ae5b6dc63e53e/job_0_n_198_id_65_fk_orig2_bm0-s0to100br1-s100to200br0-s200to300br2-s300to400br3/job_0_n_198_id_65_fk_orig2_bm0-s0to100br1-s100to200br0-s200to300br2-s300to400br3.pdb,265,"2,0,13,16,19,16,19,14,11,3,10,18,19,19,6,18,7,15,2,12,16,9,6,4,11,13,14,19,6,11,5,10,3,10,0,0,10,9,19,18,17,6,12,6,3,11,2,9,9,5,13,19,8,7,6,6,3,10,11,19,5,8,15,15,18,1,5,1,0,1,10,10,11,3,5,10,15,10,7,2,0,0,10,5,9,16,3,19,11,10,5,3,0,7,19,18,1,4,12,9,15,18,7,7,0,3,18,11,1,9,16,19,11,19,2,0,16,6,6,6,9,1,6,13,9,2,15,10,14,1,19,7,5,16,10,1,16,0,13,10,4,8,13,15,7,0,11,18,14,12,7,2,19,7,10,11,16,10,6,15,10,1,5,18,19,14,15,19,3,19,10,1,2,0,16,19,6,6,10,16,11,19,8,7,19,7,14,19,16,0,5,15,9,18,3,8,13,8,0,0,0,0,0,0,0,0,0,0,0,0,0,0,0,0,0,0,0,0,0,0,0,0,0,0,0,0,0,0,0,0,0,0,0",-0.21408507,0.08605878,3.0,0.402318,67.192924,0.4139752,1.0,0.4139752,0.17277794,0.402318,0.0,0.0,0.402318,0.0017189252,0.86229074,0.17277794,3.1361845,1.8210046,67.192924,-0.21408507,2.7632394,209.70781,0.3906608,0.3906608,1.0,209.70781,0.7089746,0.13770925,3.1361845,0.0017189252,0.4139752,0.08605878,0.0,1.8210046,2.7632394,0.3906608,0.21408507,0.0,0.4139752,0.21408507,0.82527053,0.3906608,1.0,0.402318,final,fk_orig2_bm0-s0to100br1-s100to200br0-s200to300br2-s300to400br3
/work/T-REX/external/Proteina-Complexa/inference/search_binder_local_pipeline_32_PDL1_ALPHA_REPACK_v7_r004_cand_v7r004_hyp_0004_02_003_ae5b6dc63e53e/job_0_n_198_id_66_fk_orig2_bm0-s0to100br1-s100to200br1-s200to300br2-s300to400br2/job_0_n_198_id_66_fk_orig2_bm0-s0to100br1-s100to200br1-s200to300br2-s300to400br2.pdb,266,"2,0,13,16,19,16,19,14,11,3,10,18,19,19,6,18,7,15,2,12,16,9,6,4,11,13,14,19,6,11,5,10,3,10,0,0,10,9,19,18,17,6,12,6,3,11,2,9,9,5,13,19,8,7,6,6,3,10,11,19,5,8,15,15,18,1,5,1,0,1,10,10,11,3,5,10,15,10,7,2,0,0,10,5,9,16,3,19,11,10,5,3,0,7,19,18,1,4,12,9,15,18,7,7,0,3,18,11,1,9,16,19,11,19,2,0,15,3,8,6,9,15,16,13,9,2,15,9,14,6,10,11,5,19,10,1,2,0,13,10,15,19,10,15,7,0,11,8,14,13,0,6,19,7,14,19,10,10,5,15,10,11,6,11,19,14,3,10,6,16,10,5,2,0,16,0,6,6,10,16,15,19,8,7,9,7,14,19,16,0,5,11,9,9,0,0,1,2,0,0,0,0,0,0,0,0,0,0,0,0,0,0,0,0,0,0,0,0,0,0,0,0,0,0,0,0,0,0,0,0,0,0,0",-0.16292106,0.051934745,3.0,0.60661054,36.14455,0.6391818,1.0,0.6391818,0.13052629,0.60661054,0.0,0.0,0.60661054,0.0021893417,0.9268986,0.13052629,1.3687367,1.5600064,36.14455,-0.16292106,2.296369,162.6233,0.5740393,0.5740393,1.0,162.6233,0.81312084,0.07310139,1.3687367,0.0021893417,0.6391818,0.051934745,0.0,1.5600064,2.296369,0.5740393,0.16292106,0.0,0.6391818,0.16292106,0.8650417,0.5740393,1.0,0.60661054,final,fk_orig2_bm0-s0to100br1-s100to200br1-s200to300br2-s300to400br2
/work/T-REX/external/Proteina-Complexa/inference/search_binder_local_pipeline_32_PDL1_ALPHA_REPACK_v7_r004_cand_v7r004_hyp_0004_02_003_ae5b6dc63e53e/job_0_n_198_id_67_fk_orig2_bm0-s0to100br1-s100to200br1-s200to300br2-s300to400br1/job_0_n_198_id_67_fk_orig2_bm0-s0to100br1-s100to200br1-s200to300br2-s300to400br1.pdb,267,"2,0,13,16,19,16,19,14,11,3,10,18,19,19,6,18,7,15,2,12,16,9,6,4,11,13,14,19,6,11,5,10,3,10,0,0,10,9,19,18,17,6,12,6,3,11,2,9,9,5,13,19,8,7,6,6,3,10,11,19,5,8,15,15,18,1,5,1,0,1,10,10,11,3,5,10,15,10,7,2,0,0,10,5,9,16,3,19,11,10,5,3,0,7,19,18,1,4,12,9,15,18,7,7,0,3,18,11,1,9,16,19,11,19,2,0,15,3,8,6,9,15,16,13,9,2,15,9,14,6,10,11,5,19,10,1,2,0,13,10,15,19,10,15,7,0,11,8,14,13,0,6,19,7,14,19,10,10,5,15,10,11,6,11,19,14,3,10,6,16,10,5,2,0,16,0,6,6,10,16,15,19,8,7,9,7,14,19,16,0,5,11,9,9,0,0,1,2,0,0,0,0,0,0,0,0,0,0,0,0,0,0,0,0,0,0,0,0,0,0,0,0,0,0,0,0,0,0,0,0,0,0,0",-0.1623754,0.051086333,3.0,0.61287105,36.494728,0.6464109,1.0,0.6464109,0.13044192,0.61287105,0.0,0.0,0.61287105,0.0022515631,0.9269868,0.13044192,1.4276465,1.5617988,36.494728,-0.1623754,2.287699,161.89763,0.5793313,0.5793313,1.0,161.89763,0.8150381,0.0730132,1.4276465,0.0022515631,0.6464109,0.051086333,0.0,1.5617988,2.287699,0.5793313,0.1623754,0.0,0.6464109,0.1623754,0.86593235,0.5793313,1.0,0.61287105,final,fk_orig2_bm0-s0to100br1-s100to200br1-s200to300br2-s300to400br1
/work/T-REX/external/Proteina-Complexa/inference/search_binder_local_pipeline_32_PDL1_ALPHA_REPACK_v7_r004_cand_v7r004_hyp_0004_02_003_ae5b6dc63e53e/job_0_n_220_id_64_fk_orig3_bm0-s0to100br2-s100to200br3-s200to300br2-s300to400br3/job_0_n_220_id_64_fk_orig3_bm0-s0to100br2-s100to200br3-s200to300br2-s300to400br3.pdb,268,"2,0,13,16,19,16,19,14,11,3,10,18,19,19,6,18,7,15,2,12,16,9,6,4,11,13,14,19,6,11,5,10,3,10,0,0,10,9,19,18,17,6,12,6,3,11,2,9,9,5,13,19,8,7,6,6,3,10,11,19,5,8,15,15,18,1,5,1,0,1,10,10,11,3,5,10,15,10,7,2,0,0,10,5,9,16,3,19,11,10,5,3,0,7,19,18,1,4,12,9,15,18,7,7,0,3,18,11,1,9,16,19,11,19,2,0,0,10,16,19,16,16,14,11,14,10,18,15,19,5,0,7,0,2,19,16,10,6,4,11,14,15,11,14,10,15,11,10,2,2,13,15,10,10,17,11,2,14,5,3,5,11,19,19,5,18,15,15,7,11,19,16,11,18,3,14,1,13,3,10,5,16,15,16,7,15,10,9,9,15,3,16,1,14,15,3,15,7,19,18,6,4,10,19,13,7,3,7,0,3,15,11,16,9,5,10,2,19,10,13,0,0,0,0,0,0,0,0,0,0,0,0,0",-0.2285087,0.08762741,3.0,0.41166002,54.269646,0.41808417,1.0,0.41808417,0.17124997,0.41166002,0.0,0.0,0.41166002,0.0024029126,0.89793766,0.17124997,2.91817,1.5036789,54.269646,-0.2285087,3.0397089,182.7074,0.40523583,0.40523583,1.0,182.7074,0.720185,0.10206234,2.91817,0.0024029126,0.41808417,0.08762741,0.0,1.5036789,3.0397089,0.40523583,0.2285087,0.0,0.41808417,0.2285087,0.8255327,0.40523583,1.0,0.41166002,final,fk_orig3_bm0-s0to100br2-s100to200br3-s200to300br2-s300to400br3
/work/T-REX/external/Proteina-Complexa/inference/search_binder_local_pipeline_32_PDL1_ALPHA_REPACK_v7_r004_cand_v7r004_hyp_0004_02_003_ae5b6dc63e53e/job_0_n_220_id_65_fk_orig3_bm0-s0to100br2-s100to200br3-s200to300br2-s300to400br2/job_0_n_220_id_65_fk_orig3_bm0-s0to100br2-s100to200br3-s200to300br2-s300to400br2.pdb,269,"2,0,13,16,19,16,19,14,11,3,10,18,19,19,6,18,7,15,2,12,16,9,6,4,11,13,14,19,6,11,5,10,3,10,0,0,10,9,19,18,17,6,12,6,3,11,2,9,9,5,13,19,8,7,6,6,3,10,11,19,5,8,15,15,18,1,5,1,0,1,10,10,11,3,5,10,15,10,7,2,0,0,10,5,9,16,3,19,11,10,5,3,0,7,19,18,1,4,12,9,15,18,7,7,0,3,18,11,1,9,16,19,11,19,2,0,0,10,16,19,16,16,14,11,14,10,18,15,19,5,0,7,0,2,19,16,10,6,4,11,14,15,11,14,10,15,11,10,2,2,13,15,10,10,17,11,2,14,5,3,5,11,19,19,5,18,15,15,7,11,19,16,11,18,3,14,1,13,3,10,5,16,15,16,7,15,10,9,9,15,3,16,11,14,15,3,15,7,19,18,6,4,10,19,13,7,3,7,0,3,15,11,16,9,5,10,2,19,10,13,0,0,0,0,0,0,0,0,0,0,0,0,0",-0.23144406,0.08806666,3.0,0.4053442,53.640778,0.41116098,1.0,0.41116098,0.17341764,0.4053442,0.0,0.0,0.4053442,0.0026190665,0.894609,0.17341764,2.977047,1.5089772,53.640778,-0.23144406,3.060615,183.70453,0.39952743,0.39952743,1.0,183.70453,0.71316165,0.105391055,2.977047,0.0026190665,0.41116098,0.08806666,0.0,1.5089772,3.060615,0.39952743,0.23144406,0.0,0.41116098,0.23144406,0.82240486,0.39952743,1.0,0.4053442,final,fk_orig3_bm0-s0to100br2-s100to200br3-s200to300br2-s300to400br2
/work/T-REX/external/Proteina-Complexa/inference/search_binder_local_pipeline_32_PDL1_ALPHA_REPACK_v7_r004_cand_v7r004_hyp_0004_02_003_ae5b6dc63e53e/job_0_n_220_id_66_fk_orig3_bm0-s0to100br2-s100to200br3-s200to300br2-s300to400br0/job_0_n_220_id_66_fk_orig3_bm0-s0to100br2-s100to200br3-s200to300br2-s300to400br0.pdb,270,"2,0,13,16,19,16,19,14,11,3,10,18,19,19,6,18,7,15,2,12,16,9,6,4,11,13,14,19,6,11,5,10,3,10,0,0,10,9,19,18,17,6,12,6,3,11,2,9,9,5,13,19,8,7,6,6,3,10,11,19,5,8,15,15,18,1,5,1,0,1,10,10,11,3,5,10,15,10,7,2,0,0,10,5,9,16,3,19,11,10,5,3,0,7,19,18,1,4,12,9,15,18,7,7,0,3,18,11,1,9,16,19,11,19,2,0,0,10,16,19,16,16,14,11,14,10,18,15,19,6,0,7,0,2,19,16,10,6,4,11,14,15,11,14,10,15,11,10,2,2,13,15,10,10,17,11,2,14,5,3,5,11,19,19,5,18,15,15,7,11,19,16,11,18,3,14,1,13,3,10,5,16,15,16,7,15,10,9,9,15,3,16,1,14,15,3,15,7,19,18,6,4,10,19,13,7,3,7,0,3,15,11,16,9,5,10,2,19,10,13,0,0,0,0,0,0,0,0,0,0,0,0,0",-0.23472466,0.09141629,3.0,0.39252105,53.5863,0.397049,1.0,0.397049,0.1750041,0.39252105,0.0,0.0,0.39252105,0.0026411146,0.8958519,0.1750041,3.0157712,1.5119258,53.5863,-0.23472466,3.0506687,182.16309,0.3879931,0.3879931,1.0,182.16309,0.71082926,0.10414808,3.0157712,0.0026411146,0.397049,0.09141629,0.0,1.5119258,3.0506687,0.3879931,0.23472466,0.0,0.397049,0.23472466,0.82073754,0.3879931,1.0,0.39252105,final,fk_orig3_bm0-s0to100br2-s100to200br3-s200to300br2-s300to400br0
/work/T-REX/external/Proteina-Complexa/inference/search_binder_local_pipeline_32_PDL1_ALPHA_REPACK_v7_r004_cand_v7r004_hyp_0004_02_003_ae5b6dc63e53e/job_0_n_220_id_67_fk_orig3_bm0-s0to100br2-s100to200br3-s200to300br2-s300to400br1/job_0_n_220_id_67_fk_orig3_bm0-s0to100br2-s100to200br3-s200to300br2-s300to400br1.pdb,271,"2,0,13,16,19,16,19,14,11,3,10,18,19,19,6,18,7,15,2,12,16,9,6,4,11,13,14,19,6,11,5,10,3,10,0,0,10,9,19,18,17,6,12,6,3,11,2,9,9,5,13,19,8,7,6,6,3,10,11,19,5,8,15,15,18,1,5,1,0,1,10,10,11,3,5,10,15,10,7,2,0,0,10,5,9,16,3,19,11,10,5,3,0,7,19,18,1,4,12,9,15,18,7,7,0,3,18,11,1,9,16,19,11,19,2,0,0,10,16,19,16,16,14,11,14,10,18,15,19,6,0,7,0,2,19,16,10,6,4,11,14,15,11,14,10,15,11,10,2,2,13,15,10,10,17,11,2,14,5,3,5,11,19,19,5,18,15,15,7,11,19,16,11,18,3,14,1,13,3,10,5,16,15,16,7,15,10,9,9,15,3,16,1,14,15,3,15,7,19,18,6,4,10,19,13,7,3,7,0,3,15,11,16,9,5,10,2,19,10,13,0,0,0,0,0,0,0,0,0,0,0,0,0",-0.23387049,0.090183176,3.0,0.39529008,52.88441,0.4000915,1.0,0.4000915,0.17453532,0.39529008,0.0,0.0,0.39529008,0.0025827186,0.8958088,0.17453532,2.9964952,1.5068642,52.88441,-0.23387049,3.0523336,180.45454,0.39048862,0.39048862,1.0,180.45454,0.7112875,0.104191214,2.9964952,0.0025827186,0.4000915,0.090183176,0.0,1.5068642,3.0523336,0.39048862,0.23387049,0.0,0.4000915,0.23387049,0.82075775,0.39048862,1.0,0.39529008,final,fk_orig3_bm0-s0to100br2-s100to200br3-s200to300br2-s300to400br1
