pdb_path,pdb_index,aatype,total_reward,af2folding_min_ipae,af2folding_recycles_log,af2folding_avg_ipsae,af2folding_fape_log,af2folding_max_ipsae,af2folding_seqid_log,af2folding_max_ipsae_log,af2folding_pae_log,af2folding_avg_ipsae_10,af2folding_hard_log,af2folding_models_log,af2folding_avg_ipsae_log,af2folding_exp_res_log,af2folding_plddt_log,af2folding_pae,af2folding_rmsd,af2folding_con_log,af2folding_fape,af2folding_loss_log,af2folding_i_con,af2folding_dgram_cce_log,af2folding_min_ipsae_10,af2folding_min_ipsae_log,af2folding_soft_log,af2folding_dgram_cce,af2folding_i_ptm_log,af2folding_plddt,af2folding_rmsd_log,af2folding_exp_res,af2folding_max_ipsae_10,af2folding_min_ipae_log,af2folding_seq_ent_log,af2folding_con,af2folding_i_con_log,af2folding_min_ipsae_10_log,af2folding_i_pae_log,af2folding_seq_ent,af2folding_max_ipsae_10_log,af2folding_i_pae,af2folding_ptm_log,af2folding_min_ipsae,af2folding_temp_log,af2folding_avg_ipsae_10_log,sample_type,metadata_tag
/work/T-REX/external/Proteina-Complexa/inference/search_binder_local_pipeline_32_PDL1_ALPHA_REPACK_v7_r006_cand_v7r006_hyp_0006_01_002_a778160daa715/job_0_n_230_id_0_beam_orig0_bm0-s0to50br0/job_0_n_230_id_0_beam_orig0_bm0-s0to50br0.pdb,0,"2,0,13,16,19,16,19,14,11,3,10,18,19,19,6,18,7,15,2,12,16,9,6,4,11,13,14,19,6,11,5,10,3,10,0,0,10,9,19,18,17,6,12,6,3,11,2,9,9,5,13,19,8,7,6,6,3,10,11,19,5,8,15,15,18,1,5,1,0,1,10,10,11,3,5,10,15,10,7,2,0,0,10,5,9,16,3,19,11,10,5,3,0,7,19,18,1,4,12,9,15,18,7,7,0,3,18,11,1,9,16,19,11,19,2,0,13,16,19,16,19,14,11,3,10,18,19,19,6,18,7,15,2,12,16,9,6,4,11,13,14,19,6,11,5,10,3,10,0,0,10,9,19,18,17,6,12,6,3,11,2,9,9,5,13,19,8,7,6,6,3,10,11,19,5,8,15,15,18,1,5,1,0,1,10,10,11,3,5,10,15,10,7,2,0,0,10,5,9,16,3,19,11,10,5,3,0,7,19,18,1,4,12,9,15,18,7,7,0,3,18,11,1,9,16,19,11,19,2,0",-0.5270743,0.2986169,3.0,0.04383018,72.88821,0.047749985,1.0,0.047749985,0.31140357,0.01223596,0.0,0.0,0.04383018,0.0017477886,0.8626476,0.31140357,3.066874,1.2815092,72.88821,-0.5270743,3.8933961,216.18842,0.0119788265,0.03991037,1.0,216.18842,0.2595558,0.13735242,3.066874,0.0017477886,0.0124930935,0.2986169,0.0,1.2815092,3.8933961,0.0119788265,0.5270743,0.0,0.0124930935,0.5270743,0.5858822,0.03991037,1.0,0.01223596,lookahead,beam_orig0_bm0-s0to50br0
/work/T-REX/external/Proteina-Complexa/inference/search_binder_local_pipeline_32_PDL1_ALPHA_REPACK_v7_r006_cand_v7r006_hyp_0006_01_002_a778160daa715/job_0_n_186_id_0_beam_orig1_bm0-s0to50br0/job_0_n_186_id_0_beam_orig1_bm0-s0to50br0.pdb,1,"2,0,13,16,19,16,19,14,11,3,10,18,19,19,6,18,7,15,2,12,16,9,6,4,11,13,14,19,6,11,5,10,3,10,0,0,10,9,19,18,17,6,12,6,3,11,2,9,9,5,13,19,8,7,6,6,3,10,11,19,5,8,15,15,18,1,5,1,0,1,10,10,11,3,5,10,15,10,7,2,0,0,10,5,9,16,3,19,11,10,5,3,0,7,19,18,1,4,12,9,15,18,7,7,0,3,18,11,1,9,16,19,11,19,2,0,14,2,15,6,6,10,0,1,11,0,0,5,11,15,11,10,15,9,14,7,10,1,13,10,6,6,18,19,11,6,11,5,14,15,11,11,6,10,10,1,19,19,5,10,10,6,11,0,6,11,6,10,7,14,2,0,14,19,6,3,18,11,11,18,19,6,5,2,10,11,0,0,0,0,0,0,0,0,0,0,0,0,0,0,0,0,0,0,0,0,0,0,0,0,0,0,0,0,0,0,0,0,0,0,0,0,0,0,0,0,0,0,0,0",-0.59069777,0.34576625,3.0,0.006339585,57.77236,0.0065270085,1.0,0.0065270085,0.41850847,0.0,0.0,0.0,0.006339585,0.008814095,0.73767424,0.41850847,4.589779,1.9467599,57.77236,-0.59069777,3.9379241,258.30865,0.0,0.0061521614,1.0,258.30865,0.198127,0.2623258,4.589779,0.008814095,0.0,0.34576625,0.0,1.9467599,3.9379241,0.0,0.59069777,0.0,0.0,0.59069777,0.6288444,0.0061521614,1.0,0.0,lookahead,beam_orig1_bm0-s0to50br0
/work/T-REX/external/Proteina-Complexa/inference/search_binder_local_pipeline_32_PDL1_ALPHA_REPACK_v7_r006_cand_v7r006_hyp_0006_01_002_a778160daa715/job_0_n_197_id_0_beam_orig2_bm0-s0to50br0/job_0_n_197_id_0_beam_orig2_bm0-s0to50br0.pdb,2,"2,0,13,16,19,16,19,14,11,3,10,18,19,19,6,18,7,15,2,12,16,9,6,4,11,13,14,19,6,11,5,10,3,10,0,0,10,9,19,18,17,6,12,6,3,11,2,9,9,5,13,19,8,7,6,6,3,10,11,19,5,8,15,15,18,1,5,1,0,1,10,10,11,3,5,10,15,10,7,2,0,0,10,5,9,16,3,19,11,10,5,3,0,7,19,18,1,4,12,9,15,18,7,7,0,3,18,11,1,9,16,19,11,19,2,0,15,15,0,9,10,15,4,7,19,15,18,14,19,14,3,11,3,9,15,17,11,11,19,0,14,19,19,5,3,19,19,19,2,7,19,14,5,7,3,13,6,7,1,16,11,19,10,14,2,7,15,10,6,9,15,3,10,11,14,15,3,15,7,19,18,5,4,9,19,6,7,11,11,1,10,19,6,10,2,19,15,0,0,0,0,0,0,0,0,0,0,0,0,0,0,0,0,0,0,0,0,0,0,0,0,0,0,0,0,0,0,0,0,0",-0.66466105,0.4774827,3.0,0.00551702,128.15297,0.006132106,1.0,0.006132106,0.43241948,0.0,0.0,0.0,0.00551702,0.0029159682,0.80418074,0.43241948,18.70042,1.5273302,128.15297,-0.66466105,4.176373,228.17525,0.0,0.0049019335,1.0,228.17525,0.17581137,0.19581929,18.70042,0.0029159682,0.0,0.4774827,0.0,1.5273302,4.176373,0.0,0.66466105,0.0,0.0,0.66466105,0.604281,0.0049019335,1.0,0.0,lookahead,beam_orig2_bm0-s0to50br0
/work/T-REX/external/Proteina-Complexa/inference/search_binder_local_pipeline_32_PDL1_ALPHA_REPACK_v7_r006_cand_v7r006_hyp_0006_01_002_a778160daa715/job_0_n_224_id_0_beam_orig3_bm0-s0to50br0/job_0_n_224_id_0_beam_orig3_bm0-s0to50br0.pdb,3,"2,0,13,16,19,16,19,14,11,3,10,18,19,19,6,18,7,15,2,12,16,9,6,4,11,13,14,19,6,11,5,10,3,10,0,0,10,9,19,18,17,6,12,6,3,11,2,9,9,5,13,19,8,7,6,6,3,10,11,19,5,8,15,15,18,1,5,1,0,1,10,10,11,3,5,10,15,10,7,2,0,0,10,5,9,16,3,19,11,10,5,3,0,7,19,18,1,4,12,9,15,18,7,7,0,3,18,11,1,9,16,19,11,19,2,0,19,12,16,5,15,14,0,15,12,15,0,15,14,7,6,1,19,16,10,15,4,1,0,15,5,15,19,7,15,15,15,18,10,8,17,18,5,5,11,14,2,5,15,14,1,10,10,9,18,7,0,15,16,10,0,3,7,19,14,15,1,13,15,7,15,7,15,7,16,3,13,16,10,16,9,15,15,10,6,15,6,3,13,0,16,18,18,4,5,5,18,2,8,0,14,10,16,13,7,0,7,16,11,10,6,9,11,1,0,0,0,0,0,0",-0.64968425,0.4072159,3.0,0.006002129,120.59625,0.0063080257,1.0,0.0063080257,0.4116334,0.0,0.0,0.0,0.006002129,0.002770154,0.7794179,0.4116334,16.686031,1.8068681,120.59625,-0.64968425,4.2879148,243.04396,0.0,0.005696232,1.0,243.04396,0.16952962,0.22058216,16.686031,0.002770154,0.0,0.4072159,0.0,1.8068681,4.2879148,0.0,0.64968425,0.0,0.0,0.64968425,0.5500342,0.005696232,1.0,0.0,lookahead,beam_orig3_bm0-s0to50br0
/work/T-REX/external/Proteina-Complexa/inference/search_binder_local_pipeline_32_PDL1_ALPHA_REPACK_v7_r006_cand_v7r006_hyp_0006_01_002_a778160daa715/job_0_n_230_id_1_beam_orig0_bm0-s0to50br1/job_0_n_230_id_1_beam_orig0_bm0-s0to50br1.pdb,4,"2,0,13,16,19,16,19,14,11,3,10,18,19,19,6,18,7,15,2,12,16,9,6,4,11,13,14,19,6,11,5,10,3,10,0,0,10,9,19,18,17,6,12,6,3,11,2,9,9,5,13,19,8,7,6,6,3,10,11,19,5,8,15,15,18,1,5,1,0,1,10,10,11,3,5,10,15,10,7,2,0,0,10,5,9,16,3,19,11,10,5,3,0,7,19,18,1,4,12,9,15,18,7,7,0,3,18,11,1,9,16,19,11,19,2,0,13,16,19,16,19,14,11,3,10,18,19,19,6,18,7,15,2,12,16,9,6,4,11,13,14,19,6,11,5,10,3,10,0,0,10,9,19,18,17,6,12,6,3,11,2,9,9,5,13,19,8,7,6,6,3,10,11,19,5,8,15,15,18,1,5,1,0,1,10,10,11,3,5,10,15,10,7,2,0,0,10,5,9,16,3,19,11,10,5,3,0,7,19,18,1,4,12,9,15,18,7,7,0,3,18,11,1,9,16,19,11,19,2,0",-0.52541256,0.300633,3.0,0.0463695,63.218235,0.0478514,1.0,0.0478514,0.31097105,0.012321383,0.0,0.0,0.0463695,0.0017387365,0.8620695,0.31097105,5.2352324,1.2903973,63.218235,-0.52541256,3.8826818,203.19624,0.012230523,0.044887606,1.0,203.19624,0.26394898,0.13793054,5.2352324,0.0017387365,0.012412243,0.300633,0.0,1.2903973,3.8826818,0.012230523,0.52541256,0.0,0.012412243,0.52541256,0.5876522,0.044887606,1.0,0.012321383,lookahead,beam_orig0_bm0-s0to50br1
/work/T-REX/external/Proteina-Complexa/inference/search_binder_local_pipeline_32_PDL1_ALPHA_REPACK_v7_r006_cand_v7r006_hyp_0006_01_002_a778160daa715/job_0_n_186_id_1_beam_orig1_bm0-s0to50br1/job_0_n_186_id_1_beam_orig1_bm0-s0to50br1.pdb,5,"2,0,13,16,19,16,19,14,11,3,10,18,19,19,6,18,7,15,2,12,16,9,6,4,11,13,14,19,6,11,5,10,3,10,0,0,10,9,19,18,17,6,12,6,3,11,2,9,9,5,13,19,8,7,6,6,3,10,11,19,5,8,15,15,18,1,5,1,0,1,10,10,11,3,5,10,15,10,7,2,0,0,10,5,9,16,3,19,11,10,5,3,0,7,19,18,1,4,12,9,15,18,7,7,0,3,18,11,1,9,16,19,11,19,2,0,2,2,14,13,6,10,9,11,9,7,12,15,11,6,6,0,9,11,9,12,6,3,0,7,18,6,10,5,16,11,6,6,3,0,7,9,10,16,13,19,11,6,3,6,16,19,16,10,13,13,1,5,3,16,10,9,15,11,19,18,1,2,15,16,6,10,11,16,6,5,0,0,0,0,0,0,0,0,0,0,0,0,0,0,0,0,0,0,0,0,0,0,0,0,0,0,0,0,0,0,0,0,0,0,0,0,0,0,0,0,0,0,0,0",-0.4681949,0.24997407,3.0,0.06804454,98.06454,0.074395634,1.0,0.074395634,0.35044155,0.014040912,0.0,0.0,0.06804454,0.012074541,0.7493422,0.35044155,6.720825,1.848324,98.06454,-0.4681949,3.4514985,249.44905,0.01376184,0.06169346,1.0,249.44905,0.31482947,0.2506578,6.720825,0.012074541,0.014319982,0.24997407,0.0,1.848324,3.4514985,0.01376184,0.4681949,0.0,0.014319982,0.4681949,0.6772543,0.06169346,1.0,0.014040912,lookahead,beam_orig1_bm0-s0to50br1
/work/T-REX/external/Proteina-Complexa/inference/search_binder_local_pipeline_32_PDL1_ALPHA_REPACK_v7_r006_cand_v7r006_hyp_0006_01_002_a778160daa715/job_0_n_197_id_1_beam_orig2_bm0-s0to50br1/job_0_n_197_id_1_beam_orig2_bm0-s0to50br1.pdb,6,"2,0,13,16,19,16,19,14,11,3,10,18,19,19,6,18,7,15,2,12,16,9,6,4,11,13,14,19,6,11,5,10,3,10,0,0,10,9,19,18,17,6,12,6,3,11,2,9,9,5,13,19,8,7,6,6,3,10,11,19,5,8,15,15,18,1,5,1,0,1,10,10,11,3,5,10,15,10,7,2,0,0,10,5,9,16,3,19,11,10,5,3,0,7,19,18,1,4,12,9,15,18,7,7,0,3,18,11,1,9,16,19,11,19,2,0,6,6,0,0,0,0,18,11,1,0,9,6,10,3,14,2,13,0,6,0,17,11,6,10,7,11,19,10,11,11,10,2,11,10,6,6,0,0,6,0,18,11,5,0,9,6,10,11,14,2,13,0,6,0,17,11,6,10,7,11,19,10,11,5,10,11,11,3,6,6,0,7,6,0,13,11,6,18,9,11,10,0,0,0,0,0,0,0,0,0,0,0,0,0,0,0,0,0,0,0,0,0,0,0,0,0,0,0,0,0,0,0,0,0",-0.59142375,0.374469,3.0,0.012827049,122.24701,0.016246269,1.0,0.016246269,0.37637284,0.0,0.0,0.0,0.012827049,0.0011679832,0.86743695,0.37637284,17.995083,1.2567593,122.24701,-0.59142375,4.1457314,210.59886,0.0,0.0094078295,1.0,210.59886,0.21935818,0.13256304,17.995083,0.0011679832,0.0,0.374469,0.0,1.2567593,4.1457314,0.0,0.59142375,0.0,0.0,0.59142375,0.61272305,0.0094078295,1.0,0.0,lookahead,beam_orig2_bm0-s0to50br1
/work/T-REX/external/Proteina-Complexa/inference/search_binder_local_pipeline_32_PDL1_ALPHA_REPACK_v7_r006_cand_v7r006_hyp_0006_01_002_a778160daa715/job_0_n_224_id_1_beam_orig3_bm0-s0to50br1/job_0_n_224_id_1_beam_orig3_bm0-s0to50br1.pdb,7,"2,0,13,16,19,16,19,14,11,3,10,18,19,19,6,18,7,15,2,12,16,9,6,4,11,13,14,19,6,11,5,10,3,10,0,0,10,9,19,18,17,6,12,6,3,11,2,9,9,5,13,19,8,7,6,6,3,10,11,19,5,8,15,15,18,1,5,1,0,1,10,10,11,3,5,10,15,10,7,2,0,0,10,5,9,16,3,19,11,10,5,3,0,7,19,18,1,4,12,9,15,18,7,7,0,3,18,11,1,9,16,19,11,19,2,0,0,10,16,19,16,19,14,11,14,10,18,15,19,6,19,7,0,15,19,16,10,6,4,11,14,15,1,16,10,15,15,14,18,15,19,10,17,11,7,14,11,3,19,11,9,0,5,10,15,7,7,19,0,16,18,18,0,14,13,11,7,1,0,16,10,6,11,15,14,14,13,15,10,16,9,15,2,10,11,10,15,3,15,7,16,18,5,4,10,19,12,3,6,8,7,0,3,3,0,16,19,6,10,10,19,11,0,14,0,0,0,0,0,0",-0.26116106,0.107898444,3.0,0.3141369,48.08591,0.31532118,1.0,0.31532118,0.17988965,0.31384358,0.0,0.0,0.3141369,0.0016330668,0.917672,0.17988965,1.0212103,1.3568819,48.08591,-0.26116106,3.1634943,180.95235,0.31236598,0.3129526,1.0,180.95235,0.6683035,0.082328044,1.0212103,0.0016330668,0.31532118,0.107898444,0.0,1.3568819,3.1634943,0.31236598,0.26116106,0.0,0.31532118,0.26116106,0.79362637,0.3129526,1.0,0.31384358,lookahead,beam_orig3_bm0-s0to50br1
/work/T-REX/external/Proteina-Complexa/inference/search_binder_local_pipeline_32_PDL1_ALPHA_REPACK_v7_r006_cand_v7r006_hyp_0006_01_002_a778160daa715/job_0_n_230_id_2_beam_orig0_bm0-s0to50br2/job_0_n_230_id_2_beam_orig0_bm0-s0to50br2.pdb,8,"2,0,13,16,19,16,19,14,11,3,10,18,19,19,6,18,7,15,2,12,16,9,6,4,11,13,14,19,6,11,5,10,3,10,0,0,10,9,19,18,17,6,12,6,3,11,2,9,9,5,13,19,8,7,6,6,3,10,11,19,5,8,15,15,18,1,5,1,0,1,10,10,11,3,5,10,15,10,7,2,0,0,10,5,9,16,3,19,11,10,5,3,0,7,19,18,1,4,12,9,15,18,7,7,0,3,18,11,1,9,16,19,11,19,2,0,13,16,19,16,19,14,11,3,10,18,19,19,6,18,7,15,2,12,16,9,6,4,11,13,14,19,6,11,5,10,3,10,0,0,10,9,19,18,17,6,12,6,3,11,2,9,9,5,13,19,8,7,6,6,3,10,11,19,5,8,15,15,18,1,5,1,0,1,10,10,11,3,5,10,15,10,7,2,0,0,10,5,9,16,3,19,11,10,5,3,0,7,19,18,1,4,12,9,15,18,7,7,0,3,18,11,1,9,16,19,11,19,2,0",-0.5278405,0.29986098,3.0,0.04451362,71.08347,0.047498237,1.0,0.047498237,0.31179133,0.012149482,0.0,0.0,0.04451362,0.0016983136,0.8626646,0.31179133,3.7294059,1.2855749,71.08347,-0.5278405,3.8904402,212.86044,0.011922858,0.041529004,1.0,212.86044,0.2598251,0.13733542,3.7294059,0.0016983136,0.012376106,0.29986098,0.0,1.2855749,3.8904402,0.011922858,0.5278405,0.0,0.012376106,0.5278405,0.58587873,0.041529004,1.0,0.012149482,lookahead,beam_orig0_bm0-s0to50br2
/work/T-REX/external/Proteina-Complexa/inference/search_binder_local_pipeline_32_PDL1_ALPHA_REPACK_v7_r006_cand_v7r006_hyp_0006_01_002_a778160daa715/job_0_n_186_id_2_beam_orig1_bm0-s0to50br2/job_0_n_186_id_2_beam_orig1_bm0-s0to50br2.pdb,9,"2,0,13,16,19,16,19,14,11,3,10,18,19,19,6,18,7,15,2,12,16,9,6,4,11,13,14,19,6,11,5,10,3,10,0,0,10,9,19,18,17,6,12,6,3,11,2,9,9,5,13,19,8,7,6,6,3,10,11,19,5,8,15,15,18,1,5,1,0,1,10,10,11,3,5,10,15,10,7,2,0,0,10,5,9,16,3,19,11,10,5,3,0,7,19,18,1,4,12,9,15,18,7,7,0,3,18,11,1,9,16,19,11,19,2,0,15,6,10,19,11,6,0,10,10,9,15,1,8,10,19,3,7,10,6,15,7,1,13,16,10,16,14,2,3,6,0,13,19,1,3,12,10,6,1,0,11,0,7,1,19,16,6,0,3,10,5,12,10,11,3,19,5,0,1,10,19,6,5,18,7,15,11,0,0,10,0,0,0,0,0,0,0,0,0,0,0,0,0,0,0,0,0,0,0,0,0,0,0,0,0,0,0,0,0,0,0,0,0,0,0,0,0,0,0,0,0,0,0,0",-0.4346788,0.22811761,3.0,0.08526359,77.95754,0.102512,1.0,0.102512,0.30193305,0.018149525,0.0,0.0,0.08526359,0.0016903605,0.8276566,0.30193305,5.3004327,1.5929267,77.95754,-0.4346788,3.3316436,204.33412,0.014325395,0.06801517,1.0,204.33412,0.3469436,0.17234339,5.3004327,0.0016903605,0.021973653,0.22811761,0.0,1.5929267,3.3316436,0.014325395,0.4346788,0.0,0.021973653,0.4346788,0.68612754,0.06801517,1.0,0.018149525,lookahead,beam_orig1_bm0-s0to50br2
/work/T-REX/external/Proteina-Complexa/inference/search_binder_local_pipeline_32_PDL1_ALPHA_REPACK_v7_r006_cand_v7r006_hyp_0006_01_002_a778160daa715/job_0_n_197_id_2_beam_orig2_bm0-s0to50br2/job_0_n_197_id_2_beam_orig2_bm0-s0to50br2.pdb,10,"2,0,13,16,19,16,19,14,11,3,10,18,19,19,6,18,7,15,2,12,16,9,6,4,11,13,14,19,6,11,5,10,3,10,0,0,10,9,19,18,17,6,12,6,3,11,2,9,9,5,13,19,8,7,6,6,3,10,11,19,5,8,15,15,18,1,5,1,0,1,10,10,11,3,5,10,15,10,7,2,0,0,10,5,9,16,3,19,11,10,5,3,0,7,19,18,1,4,12,9,15,18,7,7,0,3,18,11,1,9,16,19,11,19,2,0,19,10,5,6,19,10,11,2,10,6,11,0,1,16,19,15,6,13,5,18,2,15,6,17,19,11,11,10,19,11,15,10,6,6,0,2,6,0,3,7,0,10,5,16,13,10,11,2,18,16,16,18,4,11,6,5,2,11,6,3,14,6,6,6,5,5,10,19,6,6,19,11,11,10,11,0,18,10,0,16,13,0,0,0,0,0,0,0,0,0,0,0,0,0,0,0,0,0,0,0,0,0,0,0,0,0,0,0,0,0,0,0,0,0",-0.7055069,0.4971181,3.0,0.0028182333,99.70894,0.0056364667,1.0,0.0056364667,0.4517797,0.0,0.0,0.0,0.0028182333,0.006266061,0.81349,0.4517797,9.0764265,1.6502959,99.70894,-0.7055069,4.2544,237.71576,0.0,0.0,1.0,237.71576,0.16437545,0.18651001,9.0764265,0.006266061,0.0,0.4971181,0.0,1.6502959,4.2544,0.0,0.7055069,0.0,0.0,0.7055069,0.5949482,0.0,1.0,0.0,lookahead,beam_orig2_bm0-s0to50br2
/work/T-REX/external/Proteina-Complexa/inference/search_binder_local_pipeline_32_PDL1_ALPHA_REPACK_v7_r006_cand_v7r006_hyp_0006_01_002_a778160daa715/job_0_n_224_id_2_beam_orig3_bm0-s0to50br2/job_0_n_224_id_2_beam_orig3_bm0-s0to50br2.pdb,11,"2,0,13,16,19,16,19,14,11,3,10,18,19,19,6,18,7,15,2,12,16,9,6,4,11,13,14,19,6,11,5,10,3,10,0,0,10,9,19,18,17,6,12,6,3,11,2,9,9,5,13,19,8,7,6,6,3,10,11,19,5,8,15,15,18,1,5,1,0,1,10,10,11,3,5,10,15,10,7,2,0,0,10,5,9,16,3,19,11,10,5,3,0,7,19,18,1,4,12,9,15,18,7,7,0,3,18,11,1,9,16,19,11,19,2,0,3,2,19,10,16,10,15,14,0,16,10,15,19,15,10,7,7,1,0,16,10,15,4,1,0,15,5,15,19,15,15,15,1,13,15,17,18,5,6,11,14,2,5,15,14,1,1,10,9,18,7,0,15,2,10,0,15,7,19,14,15,1,13,15,7,15,7,15,7,16,3,13,15,10,15,9,2,14,19,6,0,6,3,0,7,9,18,16,4,10,5,7,15,2,7,10,1,15,0,15,0,1,10,6,9,11,10,14,0,0,0,0,0,0",-0.6120366,0.36089948,3.0,0.008474195,127.40144,0.010703325,1.0,0.010703325,0.37436593,0.0,0.0,0.0,0.008474195,0.0024582848,0.8181305,0.37436593,27.988468,1.5257726,127.40144,-0.6120366,4.132531,239.6154,0.0,0.0062450655,1.0,239.6154,0.1886301,0.18186948,27.988468,0.0024582848,0.0,0.36089948,0.0,1.5257726,4.132531,0.0,0.6120366,0.0,0.0,0.6120366,0.5571208,0.0062450655,1.0,0.0,lookahead,beam_orig3_bm0-s0to50br2
/work/T-REX/external/Proteina-Complexa/inference/search_binder_local_pipeline_32_PDL1_ALPHA_REPACK_v7_r006_cand_v7r006_hyp_0006_01_002_a778160daa715/job_0_n_230_id_3_beam_orig0_bm0-s0to50br3/job_0_n_230_id_3_beam_orig0_bm0-s0to50br3.pdb,12,"2,0,13,16,19,16,19,14,11,3,10,18,19,19,6,18,7,15,2,12,16,9,6,4,11,13,14,19,6,11,5,10,3,10,0,0,10,9,19,18,17,6,12,6,3,11,2,9,9,5,13,19,8,7,6,6,3,10,11,19,5,8,15,15,18,1,5,1,0,1,10,10,11,3,5,10,15,10,7,2,0,0,10,5,9,16,3,19,11,10,5,3,0,7,19,18,1,4,12,9,15,18,7,7,0,3,18,11,1,9,16,19,11,19,2,0,16,19,16,19,14,11,3,10,18,19,19,6,18,7,15,2,12,16,9,6,4,11,13,14,19,6,11,5,10,3,10,0,0,10,9,19,18,17,6,12,6,3,11,2,9,9,5,13,19,8,7,6,6,3,10,11,19,5,8,15,15,18,1,5,1,0,1,10,10,11,3,5,10,15,10,7,2,0,0,10,5,9,16,3,19,11,10,5,3,0,7,19,18,1,4,12,9,15,18,7,7,0,3,18,11,1,9,16,19,11,19,2,0,14",-0.54581064,0.31483895,3.0,0.034059264,62.896072,0.03592468,1.0,0.03592468,0.32251802,0.011585765,0.0,0.0,0.034059264,0.0022007877,0.86091924,0.32251802,5.4686933,1.3051376,62.896072,-0.54581064,3.950046,197.4309,0.010981547,0.03219385,1.0,197.4309,0.2459736,0.13908078,5.4686933,0.0022007877,0.012189983,0.31483895,0.0,1.3051376,3.950046,0.010981547,0.54581064,0.0,0.012189983,0.54581064,0.5787463,0.03219385,1.0,0.011585765,lookahead,beam_orig0_bm0-s0to50br3
/work/T-REX/external/Proteina-Complexa/inference/search_binder_local_pipeline_32_PDL1_ALPHA_REPACK_v7_r006_cand_v7r006_hyp_0006_01_002_a778160daa715/job_0_n_186_id_3_beam_orig1_bm0-s0to50br3/job_0_n_186_id_3_beam_orig1_bm0-s0to50br3.pdb,13,"2,0,13,16,19,16,19,14,11,3,10,18,19,19,6,18,7,15,2,12,16,9,6,4,11,13,14,19,6,11,5,10,3,10,0,0,10,9,19,18,17,6,12,6,3,11,2,9,9,5,13,19,8,7,6,6,3,10,11,19,5,8,15,15,18,1,5,1,0,1,10,10,11,3,5,10,15,10,7,2,0,0,10,5,9,16,3,19,11,10,5,3,0,7,19,18,1,4,12,9,15,18,7,7,0,3,18,11,1,9,16,19,11,19,2,0,15,12,11,14,6,6,9,9,6,17,9,11,15,5,14,3,6,13,11,2,0,10,11,6,10,6,11,19,3,14,11,3,19,11,6,19,5,15,9,10,11,11,12,7,9,16,19,2,6,6,16,0,5,11,9,13,3,0,13,9,9,15,11,9,16,11,11,14,9,18,0,0,0,0,0,0,0,0,0,0,0,0,0,0,0,0,0,0,0,0,0,0,0,0,0,0,0,0,0,0,0,0,0,0,0,0,0,0,0,0,0,0,0,0",-0.47168761,0.2642886,3.0,0.056715637,38.535217,0.060467433,1.0,0.060467433,0.34233892,0.015542221,0.0,0.0,0.056715637,0.0032167921,0.75833416,0.34233892,3.5286148,2.1047556,38.535217,-0.47168761,3.4776158,224.30511,0.013655335,0.052963845,1.0,224.30511,0.329516,0.24166584,3.5286148,0.0032167921,0.017429108,0.2642886,0.0,2.1047556,3.4776158,0.013655335,0.47168761,0.0,0.017429108,0.47168761,0.67828816,0.052963845,1.0,0.015542221,lookahead,beam_orig1_bm0-s0to50br3
/work/T-REX/external/Proteina-Complexa/inference/search_binder_local_pipeline_32_PDL1_ALPHA_REPACK_v7_r006_cand_v7r006_hyp_0006_01_002_a778160daa715/job_0_n_197_id_3_beam_orig2_bm0-s0to50br3/job_0_n_197_id_3_beam_orig2_bm0-s0to50br3.pdb,14,"2,0,13,16,19,16,19,14,11,3,10,18,19,19,6,18,7,15,2,12,16,9,6,4,11,13,14,19,6,11,5,10,3,10,0,0,10,9,19,18,17,6,12,6,3,11,2,9,9,5,13,19,8,7,6,6,3,10,11,19,5,8,15,15,18,1,5,1,0,1,10,10,11,3,5,10,15,10,7,2,0,0,10,5,9,16,3,19,11,10,5,3,0,7,19,18,1,4,12,9,15,18,7,7,0,3,18,11,1,9,16,19,11,19,2,0,0,14,15,11,2,9,2,15,6,3,18,13,11,0,9,11,10,2,13,6,7,3,3,6,18,2,11,7,2,10,3,6,0,6,15,11,18,11,6,0,10,6,9,18,1,11,10,2,3,1,18,7,6,0,2,15,10,15,7,10,7,2,19,0,11,0,11,7,2,10,3,6,0,10,11,18,18,11,6,0,10,0,0,0,0,0,0,0,0,0,0,0,0,0,0,0,0,0,0,0,0,0,0,0,0,0,0,0,0,0,0,0,0,0",-0.47032422,0.24473283,3.0,0.07885207,48.16448,0.09286916,1.0,0.09286916,0.3326498,0.014002449,0.0,0.0,0.07885207,0.056420162,0.81765354,0.3326498,3.6917598,1.5221504,48.16448,-0.47032422,3.6821592,195.79716,0.01348217,0.064834975,1.0,195.79716,0.31164485,0.18234646,3.6917598,0.056420162,0.014522728,0.24473283,0.0,1.5221504,3.6821592,0.01348217,0.47032422,0.0,0.014522728,0.47032422,0.65540266,0.064834975,1.0,0.014002449,lookahead,beam_orig2_bm0-s0to50br3
/work/T-REX/external/Proteina-Complexa/inference/search_binder_local_pipeline_32_PDL1_ALPHA_REPACK_v7_r006_cand_v7r006_hyp_0006_01_002_a778160daa715/job_0_n_224_id_3_beam_orig3_bm0-s0to50br3/job_0_n_224_id_3_beam_orig3_bm0-s0to50br3.pdb,15,"2,0,13,16,19,16,19,14,11,3,10,18,19,19,6,18,7,15,2,12,16,9,6,4,11,13,14,19,6,11,5,10,3,10,0,0,10,9,19,18,17,6,12,6,3,11,2,9,9,5,13,19,8,7,6,6,3,10,11,19,5,8,15,15,18,1,5,1,0,1,10,10,11,3,5,10,15,10,7,2,0,0,10,5,9,16,3,19,11,10,5,3,0,7,19,18,1,4,12,9,15,18,7,7,0,3,18,11,1,9,16,19,11,19,2,0,11,3,10,18,19,19,6,18,7,15,2,12,16,9,6,4,11,13,14,19,6,11,5,10,3,10,0,0,10,9,19,18,17,6,12,6,3,11,2,9,9,5,13,19,8,7,6,6,3,10,11,19,5,8,15,15,18,1,5,1,0,1,10,10,11,3,5,10,15,10,7,2,0,0,10,5,9,16,3,19,11,10,5,3,0,7,19,18,1,4,12,9,15,18,7,7,0,3,18,11,1,9,16,19,11,19,2,0,0,0,0,0,0,0",-0.52785486,0.30118862,3.0,0.043301303,60.5965,0.044145618,1.0,0.044145618,0.32048446,0.012590021,0.0,0.0,0.043301303,0.0020711664,0.85393035,0.32048446,4.8285594,1.3554044,60.5965,-0.52785486,3.9101472,194.37695,0.012217221,0.04245699,1.0,194.37695,0.25571066,0.14606965,4.8285594,0.0020711664,0.01296282,0.30118862,0.0,1.3554044,3.9101472,0.012217221,0.52785486,0.0,0.01296282,0.52785486,0.59151864,0.04245699,1.0,0.012590021,lookahead,beam_orig3_bm0-s0to50br3
/work/T-REX/external/Proteina-Complexa/inference/search_binder_local_pipeline_32_PDL1_ALPHA_REPACK_v7_r006_cand_v7r006_hyp_0006_01_002_a778160daa715/job_0_n_230_id_4_beam_orig0_bm1-s0to50br0/job_0_n_230_id_4_beam_orig0_bm1-s0to50br0.pdb,16,"2,0,13,16,19,16,19,14,11,3,10,18,19,19,6,18,7,15,2,12,16,9,6,4,11,13,14,19,6,11,5,10,3,10,0,0,10,9,19,18,17,6,12,6,3,11,2,9,9,5,13,19,8,7,6,6,3,10,11,19,5,8,15,15,18,1,5,1,0,1,10,10,11,3,5,10,15,10,7,2,0,0,10,5,9,16,3,19,11,10,5,3,0,7,19,18,1,4,12,9,15,18,7,7,0,3,18,11,1,9,16,19,11,19,2,0,13,16,19,16,19,14,11,3,10,18,19,19,6,18,7,15,2,12,16,9,6,4,11,13,14,19,6,11,5,10,3,10,0,0,10,9,19,18,17,6,12,6,3,11,2,9,9,5,13,19,8,7,6,6,3,10,11,19,5,8,15,15,18,1,5,1,0,1,10,10,11,3,5,10,15,10,7,2,0,0,10,5,9,16,3,19,11,10,5,3,0,7,19,18,1,4,12,9,15,18,7,7,0,3,18,11,1,9,16,19,11,19,2,0",-0.52557665,0.29508632,3.0,0.04380957,55.44933,0.045700792,1.0,0.045700792,0.3103632,0.012421689,0.0,0.0,0.04380957,0.0016950484,0.86260384,0.3103632,3.1371722,1.2772262,55.44933,-0.52557665,3.8842006,204.10698,0.012066927,0.041918352,1.0,204.10698,0.25859565,0.13739616,3.1371722,0.0016950484,0.012776451,0.29508632,0.0,1.2772262,3.8842006,0.012066927,0.52557665,0.0,0.012776451,0.52557665,0.58527005,0.041918352,1.0,0.012421689,lookahead,beam_orig0_bm1-s0to50br0
/work/T-REX/external/Proteina-Complexa/inference/search_binder_local_pipeline_32_PDL1_ALPHA_REPACK_v7_r006_cand_v7r006_hyp_0006_01_002_a778160daa715/job_0_n_186_id_4_beam_orig1_bm1-s0to50br0/job_0_n_186_id_4_beam_orig1_bm1-s0to50br0.pdb,17,"2,0,13,16,19,16,19,14,11,3,10,18,19,19,6,18,7,15,2,12,16,9,6,4,11,13,14,19,6,11,5,10,3,10,0,0,10,9,19,18,17,6,12,6,3,11,2,9,9,5,13,19,8,7,6,6,3,10,11,19,5,8,15,15,18,1,5,1,0,1,10,10,11,3,5,10,15,10,7,2,0,0,10,5,9,16,3,19,11,10,5,3,0,7,19,18,1,4,12,9,15,18,7,7,0,3,18,11,1,9,16,19,11,19,2,0,6,0,8,2,2,10,7,2,19,18,10,16,5,7,11,18,3,6,0,9,6,6,18,11,11,0,10,6,9,11,14,3,13,19,11,0,8,2,2,10,9,10,0,18,5,0,15,7,11,10,3,6,0,6,11,6,11,5,9,10,11,6,10,3,14,2,3,7,10,19,0,0,0,0,0,0,0,0,0,0,0,0,0,0,0,0,0,0,0,0,0,0,0,0,0,0,0,0,0,0,0,0,0,0,0,0,0,0,0,0,0,0,0,0",-0.693237,0.4859592,3.0,0.0029050082,137.34828,0.0058100163,1.0,0.0058100163,0.5674219,0.0,0.0,0.0,0.0029050082,0.025077872,0.58410096,0.5674219,16.593954,1.9793653,137.34828,-0.693237,4.2683907,342.33215,0.0,0.0,1.0,342.33215,0.14550331,0.415899,16.593954,0.025077872,0.0,0.4859592,0.0,1.9793653,4.2683907,0.0,0.693237,0.0,0.0,0.693237,0.61119854,0.0,1.0,0.0,lookahead,beam_orig1_bm1-s0to50br0
/work/T-REX/external/Proteina-Complexa/inference/search_binder_local_pipeline_32_PDL1_ALPHA_REPACK_v7_r006_cand_v7r006_hyp_0006_01_002_a778160daa715/job_0_n_197_id_4_beam_orig2_bm1-s0to50br0/job_0_n_197_id_4_beam_orig2_bm1-s0to50br0.pdb,18,"2,0,13,16,19,16,19,14,11,3,10,18,19,19,6,18,7,15,2,12,16,9,6,4,11,13,14,19,6,11,5,10,3,10,0,0,10,9,19,18,17,6,12,6,3,11,2,9,9,5,13,19,8,7,6,6,3,10,11,19,5,8,15,15,18,1,5,1,0,1,10,10,11,3,5,10,15,10,7,2,0,0,10,5,9,16,3,19,11,10,5,3,0,7,19,18,1,4,12,9,15,18,7,7,0,3,18,11,1,9,16,19,11,19,2,0,19,10,2,2,10,7,10,19,18,6,15,10,2,5,11,11,6,0,0,11,15,18,6,11,0,9,11,9,3,14,18,3,10,11,0,17,2,2,18,10,11,19,9,11,5,6,3,11,9,2,6,19,8,6,0,9,9,11,0,11,2,7,3,11,15,19,13,6,6,10,19,11,6,10,16,6,9,1,2,11,10,0,0,0,0,0,0,0,0,0,0,0,0,0,0,0,0,0,0,0,0,0,0,0,0,0,0,0,0,0,0,0,0,0",-0.57670027,0.34094644,3.0,0.016547956,123.41049,0.023380235,1.0,0.023380235,0.39264852,0.006843985,0.0,0.0,0.016547956,0.0056312424,0.78484166,0.39264852,20.465006,2.0101566,123.41049,-0.57670027,4.351003,282.7974,0.0,0.009715676,1.0,282.7974,0.23698565,0.21515834,20.465006,0.0056312424,0.01368797,0.34094644,0.0,2.0101566,4.351003,0.0,0.57670027,0.0,0.01368797,0.57670027,0.6245469,0.009715676,1.0,0.006843985,lookahead,beam_orig2_bm1-s0to50br0
/work/T-REX/external/Proteina-Complexa/inference/search_binder_local_pipeline_32_PDL1_ALPHA_REPACK_v7_r006_cand_v7r006_hyp_0006_01_002_a778160daa715/job_0_n_224_id_4_beam_orig3_bm1-s0to50br0/job_0_n_224_id_4_beam_orig3_bm1-s0to50br0.pdb,19,"2,0,13,16,19,16,19,14,11,3,10,18,19,19,6,18,7,15,2,12,16,9,6,4,11,13,14,19,6,11,5,10,3,10,0,0,10,9,19,18,17,6,12,6,3,11,2,9,9,5,13,19,8,7,6,6,3,10,11,19,5,8,15,15,18,1,5,1,0,1,10,10,11,3,5,10,15,10,7,2,0,0,10,5,9,16,3,19,11,10,5,3,0,7,19,18,1,4,12,9,15,18,7,7,0,3,18,11,1,9,16,19,11,19,2,0,2,0,10,16,19,16,19,14,11,3,10,18,19,19,6,6,7,6,2,19,16,10,6,4,11,13,3,15,7,7,9,14,13,15,2,10,16,9,19,17,11,11,7,3,16,19,19,18,2,15,11,3,2,18,10,8,14,15,18,11,7,1,0,11,10,10,15,6,6,7,2,0,15,10,5,10,16,2,10,11,10,15,3,15,7,19,18,11,4,5,19,16,0,7,7,19,16,11,6,0,16,9,6,10,11,19,2,0,0,0,0,0,0,0",-0.88409436,0.7321633,3.0,0.0,136.07678,0.0,1.0,0.0,0.5213281,0.0,0.0,0.0,0.0,0.004032272,0.80491644,0.5213281,26.54218,1.6076864,136.07678,-0.88409436,5.044205,251.82443,0.0,0.0,1.0,251.82443,0.0640893,0.19508354,26.54218,0.004032272,0.0,0.7321633,0.0,1.6076864,5.044205,0.0,0.88409436,0.0,0.0,0.88409436,0.49948272,0.0,1.0,0.0,lookahead,beam_orig3_bm1-s0to50br0
/work/T-REX/external/Proteina-Complexa/inference/search_binder_local_pipeline_32_PDL1_ALPHA_REPACK_v7_r006_cand_v7r006_hyp_0006_01_002_a778160daa715/job_0_n_230_id_5_beam_orig0_bm1-s0to50br1/job_0_n_230_id_5_beam_orig0_bm1-s0to50br1.pdb,20,"2,0,13,16,19,16,19,14,11,3,10,18,19,19,6,18,7,15,2,12,16,9,6,4,11,13,14,19,6,11,5,10,3,10,0,0,10,9,19,18,17,6,12,6,3,11,2,9,9,5,13,19,8,7,6,6,3,10,11,19,5,8,15,15,18,1,5,1,0,1,10,10,11,3,5,10,15,10,7,2,0,0,10,5,9,16,3,19,11,10,5,3,0,7,19,18,1,4,12,9,15,18,7,7,0,3,18,11,1,9,16,19,11,19,2,0,13,16,19,16,19,14,11,3,10,18,19,19,6,18,7,15,2,12,16,9,6,4,11,13,14,19,6,11,5,10,3,10,0,0,10,9,19,18,17,6,12,6,3,11,2,9,9,5,13,19,8,7,6,6,3,10,11,19,5,8,15,15,18,1,5,1,0,1,10,10,11,3,5,10,15,10,7,2,0,0,10,5,9,16,3,19,11,10,5,3,0,7,19,18,1,4,12,9,15,18,7,7,0,3,18,11,1,9,16,19,11,19,2,0",-0.52249944,0.29914743,3.0,0.048035465,62.583786,0.050616663,1.0,0.050616663,0.3087957,0.01225477,0.0,0.0,0.048035465,0.0016783283,0.86421347,0.3087957,5.286696,1.2802392,62.583786,-0.52249944,3.8765757,196.38057,0.011936134,0.045454267,1.0,196.38057,0.26636878,0.13578653,5.286696,0.0016783283,0.012573406,0.29914743,0.0,1.2802392,3.8765757,0.011936134,0.52249944,0.0,0.012573406,0.52249944,0.58929086,0.045454267,1.0,0.01225477,lookahead,beam_orig0_bm1-s0to50br1
/work/T-REX/external/Proteina-Complexa/inference/search_binder_local_pipeline_32_PDL1_ALPHA_REPACK_v7_r006_cand_v7r006_hyp_0006_01_002_a778160daa715/job_0_n_186_id_5_beam_orig1_bm1-s0to50br1/job_0_n_186_id_5_beam_orig1_bm1-s0to50br1.pdb,21,"2,0,13,16,19,16,19,14,11,3,10,18,19,19,6,18,7,15,2,12,16,9,6,4,11,13,14,19,6,11,5,10,3,10,0,0,10,9,19,18,17,6,12,6,3,11,2,9,9,5,13,19,8,7,6,6,3,10,11,19,5,8,15,15,18,1,5,1,0,1,10,10,11,3,5,10,15,10,7,2,0,0,10,5,9,16,3,19,11,10,5,3,0,7,19,18,1,4,12,9,15,18,7,7,0,3,18,11,1,9,16,19,11,19,2,0,15,10,6,3,10,11,2,6,12,12,1,9,15,10,11,19,7,0,18,3,16,13,3,11,9,11,11,15,15,3,3,0,3,6,10,6,15,10,0,11,3,10,6,15,16,10,1,15,10,7,1,6,3,10,0,6,6,19,11,6,10,7,11,5,10,11,16,10,11,3,0,0,0,0,0,0,0,0,0,0,0,0,0,0,0,0,0,0,0,0,0,0,0,0,0,0,0,0,0,0,0,0,0,0,0,0,0,0,0,0,0,0,0,0",-0.28906423,0.13168485,3.0,0.20918357,87.558876,0.23262502,1.0,0.23262502,0.2147346,0.20763406,0.0,0.0,0.20918357,0.0029053364,0.87188405,0.2147346,4.8482637,1.6524676,87.558876,-0.28906423,2.8677273,206.89369,0.18442143,0.18574211,1.0,206.89369,0.57778966,0.12811595,4.8482637,0.0029053364,0.23084667,0.13168485,0.0,1.6524676,2.8677273,0.18442143,0.28906423,0.0,0.23084667,0.28906423,0.7730353,0.18574211,1.0,0.20763406,lookahead,beam_orig1_bm1-s0to50br1
/work/T-REX/external/Proteina-Complexa/inference/search_binder_local_pipeline_32_PDL1_ALPHA_REPACK_v7_r006_cand_v7r006_hyp_0006_01_002_a778160daa715/job_0_n_197_id_5_beam_orig2_bm1-s0to50br1/job_0_n_197_id_5_beam_orig2_bm1-s0to50br1.pdb,22,"2,0,13,16,19,16,19,14,11,3,10,18,19,19,6,18,7,15,2,12,16,9,6,4,11,13,14,19,6,11,5,10,3,10,0,0,10,9,19,18,17,6,12,6,3,11,2,9,9,5,13,19,8,7,6,6,3,10,11,19,5,8,15,15,18,1,5,1,0,1,10,10,11,3,5,10,15,10,7,2,0,0,10,5,9,16,3,19,11,10,5,3,0,7,19,18,1,4,12,9,15,18,7,7,0,3,18,11,1,9,16,19,11,19,2,0,0,0,10,2,16,2,19,13,11,5,0,19,18,10,10,11,6,7,6,6,9,9,9,6,10,11,19,18,13,14,2,16,16,18,16,9,9,8,16,11,10,3,7,16,11,6,6,9,9,10,2,16,2,11,10,19,9,14,11,0,6,11,2,3,15,7,9,18,16,4,11,6,10,7,7,0,0,19,19,15,19,0,0,0,0,0,0,0,0,0,0,0,0,0,0,0,0,0,0,0,0,0,0,0,0,0,0,0,0,0,0,0,0,0",-0.2783681,0.11469653,3.0,0.26696503,133.8228,0.30527908,1.0,0.30527908,0.2238437,0.26593512,0.0,0.0,0.26696503,0.009222958,0.84188867,0.2238437,20.006132,1.6645079,133.8228,-0.2783681,2.6481931,307.6261,0.22659115,0.22865096,1.0,307.6261,0.6500063,0.15811132,20.006132,0.009222958,0.30527908,0.11469653,0.0,1.6645079,2.6481931,0.22659115,0.2783681,0.0,0.30527908,0.2783681,0.7984987,0.22865096,1.0,0.26593512,lookahead,beam_orig2_bm1-s0to50br1
/work/T-REX/external/Proteina-Complexa/inference/search_binder_local_pipeline_32_PDL1_ALPHA_REPACK_v7_r006_cand_v7r006_hyp_0006_01_002_a778160daa715/job_0_n_224_id_5_beam_orig3_bm1-s0to50br1/job_0_n_224_id_5_beam_orig3_bm1-s0to50br1.pdb,23,"2,0,13,16,19,16,19,14,11,3,10,18,19,19,6,18,7,15,2,12,16,9,6,4,11,13,14,19,6,11,5,10,3,10,0,0,10,9,19,18,17,6,12,6,3,11,2,9,9,5,13,19,8,7,6,6,3,10,11,19,5,8,15,15,18,1,5,1,0,1,10,10,11,3,5,10,15,10,7,2,0,0,10,5,9,16,3,19,11,10,5,3,0,7,19,18,1,4,12,9,15,18,7,7,0,3,18,11,1,9,16,19,11,19,2,0,16,19,16,19,14,11,3,10,18,19,19,6,18,7,15,2,12,16,9,6,4,11,13,14,19,6,3,0,0,10,9,19,18,17,6,12,6,3,11,2,9,9,5,13,19,8,7,6,6,3,10,11,19,5,8,15,15,18,1,5,1,0,1,10,10,11,3,5,10,15,10,7,2,0,0,10,5,9,16,3,19,11,10,5,3,0,7,19,18,1,4,12,9,15,18,7,7,0,3,18,11,1,9,16,19,11,19,2,0,0,0,0,0,0",-0.5533936,0.32088056,3.0,0.029437166,99.88705,0.03214704,1.0,0.03214704,0.33138737,0.011288449,0.0,0.0,0.029437166,0.0016861773,0.8491604,0.33138737,8.531386,1.3284988,99.88705,-0.5533936,3.938788,207.08905,0.010789927,0.02672729,1.0,207.08905,0.23370562,0.15083963,8.531386,0.0016861773,0.011786971,0.32088056,0.0,1.3284988,3.938788,0.010789927,0.5533936,0.0,0.011786971,0.5533936,0.5814981,0.02672729,1.0,0.011288449,lookahead,beam_orig3_bm1-s0to50br1
/work/T-REX/external/Proteina-Complexa/inference/search_binder_local_pipeline_32_PDL1_ALPHA_REPACK_v7_r006_cand_v7r006_hyp_0006_01_002_a778160daa715/job_0_n_230_id_6_beam_orig0_bm1-s0to50br2/job_0_n_230_id_6_beam_orig0_bm1-s0to50br2.pdb,24,"2,0,13,16,19,16,19,14,11,3,10,18,19,19,6,18,7,15,2,12,16,9,6,4,11,13,14,19,6,11,5,10,3,10,0,0,10,9,19,18,17,6,12,6,3,11,2,9,9,5,13,19,8,7,6,6,3,10,11,19,5,8,15,15,18,1,5,1,0,1,10,10,11,3,5,10,15,10,7,2,0,0,10,5,9,16,3,19,11,10,5,3,0,7,19,18,1,4,12,9,15,18,7,7,0,3,18,11,1,9,16,19,11,19,2,0,13,16,19,16,19,14,11,3,10,18,19,19,6,18,7,15,2,12,16,9,6,4,11,13,14,19,6,11,5,10,3,10,0,0,10,9,19,18,17,6,12,6,3,11,2,9,9,5,13,19,8,7,6,6,3,10,11,19,5,8,15,15,18,1,5,1,0,1,10,10,11,3,5,10,15,10,7,2,0,0,10,5,9,16,3,19,11,10,5,3,0,7,19,18,1,4,12,9,15,18,7,7,0,3,18,11,1,9,16,19,11,19,2,0",-0.52476525,0.2941746,3.0,0.04251491,46.941998,0.044554107,1.0,0.044554107,0.3095187,0.012707772,0.0,0.0,0.04251491,0.0016123323,0.86337864,0.3095187,1.939958,1.2689286,46.941998,-0.52476525,3.8688235,204.22461,0.012547783,0.04047571,1.0,204.22461,0.2543664,0.13662134,1.939958,0.0016123323,0.01286776,0.2941746,0.0,1.2689286,3.8688235,0.012547783,0.52476525,0.0,0.01286776,0.52476525,0.5830187,0.04047571,1.0,0.012707772,lookahead,beam_orig0_bm1-s0to50br2
/work/T-REX/external/Proteina-Complexa/inference/search_binder_local_pipeline_32_PDL1_ALPHA_REPACK_v7_r006_cand_v7r006_hyp_0006_01_002_a778160daa715/job_0_n_186_id_6_beam_orig1_bm1-s0to50br2/job_0_n_186_id_6_beam_orig1_bm1-s0to50br2.pdb,25,"2,0,13,16,19,16,19,14,11,3,10,18,19,19,6,18,7,15,2,12,16,9,6,4,11,13,14,19,6,11,5,10,3,10,0,0,10,9,19,18,17,6,12,6,3,11,2,9,9,5,13,19,8,7,6,6,3,10,11,19,5,8,15,15,18,1,5,1,0,1,10,10,11,3,5,10,15,10,7,2,0,0,10,5,9,16,3,19,11,10,5,3,0,7,19,18,1,4,12,9,15,18,7,7,0,3,18,11,1,9,16,19,11,19,2,0,15,2,6,0,6,13,0,11,1,13,12,6,7,11,3,5,11,2,11,7,2,10,3,10,0,19,11,11,13,1,16,0,10,6,10,2,14,2,14,14,0,18,10,10,16,6,10,6,2,10,19,19,10,10,11,11,2,7,1,6,3,10,0,6,6,19,11,15,10,10,0,0,0,0,0,0,0,0,0,0,0,0,0,0,0,0,0,0,0,0,0,0,0,0,0,0,0,0,0,0,0,0,0,0,0,0,0,0,0,0,0,0,0,0",-0.34769088,0.18789755,3.0,0.13917506,119.84651,0.1611309,1.0,0.1611309,0.2488839,0.1048207,0.0,0.0,0.13917506,0.0014790646,0.8422904,0.2488839,23.022182,1.5581762,119.84651,-0.34769088,3.2208014,233.4542,0.09731063,0.11721922,1.0,233.4542,0.45597205,0.15770963,23.022182,0.0014790646,0.11233077,0.18789755,0.0,1.5581762,3.2208014,0.09731063,0.34769088,0.0,0.11233077,0.34769088,0.72840524,0.11721922,1.0,0.1048207,lookahead,beam_orig1_bm1-s0to50br2
/work/T-REX/external/Proteina-Complexa/inference/search_binder_local_pipeline_32_PDL1_ALPHA_REPACK_v7_r006_cand_v7r006_hyp_0006_01_002_a778160daa715/job_0_n_197_id_6_beam_orig2_bm1-s0to50br2/job_0_n_197_id_6_beam_orig2_bm1-s0to50br2.pdb,26,"2,0,13,16,19,16,19,14,11,3,10,18,19,19,6,18,7,15,2,12,16,9,6,4,11,13,14,19,6,11,5,10,3,10,0,0,10,9,19,18,17,6,12,6,3,11,2,9,9,5,13,19,8,7,6,6,3,10,11,19,5,8,15,15,18,1,5,1,0,1,10,10,11,3,5,10,15,10,7,2,0,0,10,5,9,16,3,19,11,10,5,3,0,7,19,18,1,4,12,9,15,18,7,7,0,3,18,11,1,9,16,19,11,19,2,0,19,15,13,14,2,19,16,19,6,14,7,6,16,0,1,10,16,4,5,16,10,10,16,14,3,15,19,16,17,10,11,7,7,5,16,0,5,7,11,19,9,15,3,7,10,2,8,16,10,6,9,14,2,0,16,10,7,3,15,7,9,18,16,4,5,0,11,13,7,15,3,16,10,15,0,15,0,16,10,16,19,0,0,0,0,0,0,0,0,0,0,0,0,0,0,0,0,0,0,0,0,0,0,0,0,0,0,0,0,0,0,0,0,0",-0.73385584,0.511,3.0,0.002441983,110.71969,0.004883966,1.0,0.004883966,0.4745279,0.0,0.0,0.0,0.002441983,0.002320384,0.81151795,0.4745279,9.311683,1.4542441,110.71969,-0.73385584,4.7385836,186.72345,0.0,0.0,1.0,186.72345,0.11829564,0.18848205,9.311683,0.002320384,0.0,0.511,0.0,1.4542441,4.7385836,0.0,0.73385584,0.0,0.0,0.73385584,0.576791,0.0,1.0,0.0,lookahead,beam_orig2_bm1-s0to50br2
/work/T-REX/external/Proteina-Complexa/inference/search_binder_local_pipeline_32_PDL1_ALPHA_REPACK_v7_r006_cand_v7r006_hyp_0006_01_002_a778160daa715/job_0_n_224_id_6_beam_orig3_bm1-s0to50br2/job_0_n_224_id_6_beam_orig3_bm1-s0to50br2.pdb,27,"2,0,13,16,19,16,19,14,11,3,10,18,19,19,6,18,7,15,2,12,16,9,6,4,11,13,14,19,6,11,5,10,3,10,0,0,10,9,19,18,17,6,12,6,3,11,2,9,9,5,13,19,8,7,6,6,3,10,11,19,5,8,15,15,18,1,5,1,0,1,10,10,11,3,5,10,15,10,7,2,0,0,10,5,9,16,3,19,11,10,5,3,0,7,19,18,1,4,12,9,15,18,7,7,0,3,18,11,1,9,16,19,11,19,2,0,5,0,0,10,16,5,15,14,0,15,10,15,0,15,14,7,6,1,19,16,9,15,4,11,0,15,15,15,19,2,15,11,18,13,0,17,18,5,5,11,14,7,5,15,14,1,10,10,9,18,7,0,15,16,10,0,15,7,19,14,15,1,13,15,7,15,7,15,7,16,3,13,16,10,16,9,15,15,10,5,14,6,3,13,0,19,18,13,4,5,5,18,6,7,15,10,10,16,13,7,7,7,16,11,10,6,9,11,0,0,0,0,0,0",-0.63810027,0.37218454,3.0,0.0061133,130.14182,0.006130703,1.0,0.006130703,0.38699225,0.0,0.0,0.0,0.0061133,0.00314483,0.8328244,0.38699225,20.668293,1.4720787,130.14182,-0.63810027,4.1802406,207.04128,0.0,0.0060958974,1.0,207.04128,0.17877394,0.1671756,20.668293,0.00314483,0.0,0.37218454,0.0,1.4720787,4.1802406,0.0,0.63810027,0.0,0.0,0.63810027,0.5520953,0.0060958974,1.0,0.0,lookahead,beam_orig3_bm1-s0to50br2
/work/T-REX/external/Proteina-Complexa/inference/search_binder_local_pipeline_32_PDL1_ALPHA_REPACK_v7_r006_cand_v7r006_hyp_0006_01_002_a778160daa715/job_0_n_230_id_7_beam_orig0_bm1-s0to50br3/job_0_n_230_id_7_beam_orig0_bm1-s0to50br3.pdb,28,"2,0,13,16,19,16,19,14,11,3,10,18,19,19,6,18,7,15,2,12,16,9,6,4,11,13,14,19,6,11,5,10,3,10,0,0,10,9,19,18,17,6,12,6,3,11,2,9,9,5,13,19,8,7,6,6,3,10,11,19,5,8,15,15,18,1,5,1,0,1,10,10,11,3,5,10,15,10,7,2,0,0,10,5,9,16,3,19,11,10,5,3,0,7,19,18,1,4,12,9,15,18,7,7,0,3,18,11,1,9,16,19,11,19,2,0,0,13,16,19,16,19,14,11,3,10,18,19,19,6,18,7,15,2,12,16,9,6,4,11,13,14,19,6,11,5,10,3,10,0,0,10,9,19,18,17,6,12,6,3,11,2,9,9,5,13,19,8,7,6,6,3,10,11,19,5,8,15,15,18,1,5,1,0,1,10,10,11,3,5,10,15,10,7,2,0,0,10,5,9,16,3,19,11,10,5,3,0,7,19,18,1,4,12,9,15,18,7,7,0,3,18,11,1,9,16,19,11,19,2",-0.5259583,0.29882297,3.0,0.045850158,70.74121,0.047769148,1.0,0.047769148,0.3102511,0.012563193,0.0,0.0,0.045850158,0.0018130583,0.86206216,0.3102511,2.8981307,1.2734922,70.74121,-0.5259583,3.866614,211.23244,0.01237558,0.043931168,1.0,211.23244,0.26199496,0.13793784,2.8981307,0.0018130583,0.012750807,0.29882297,0.0,1.2734922,3.866614,0.01237558,0.5259583,0.0,0.012750807,0.5259583,0.58713734,0.043931168,1.0,0.012563193,lookahead,beam_orig0_bm1-s0to50br3
/work/T-REX/external/Proteina-Complexa/inference/search_binder_local_pipeline_32_PDL1_ALPHA_REPACK_v7_r006_cand_v7r006_hyp_0006_01_002_a778160daa715/job_0_n_186_id_7_beam_orig1_bm1-s0to50br3/job_0_n_186_id_7_beam_orig1_bm1-s0to50br3.pdb,29,"2,0,13,16,19,16,19,14,11,3,10,18,19,19,6,18,7,15,2,12,16,9,6,4,11,13,14,19,6,11,5,10,3,10,0,0,10,9,19,18,17,6,12,6,3,11,2,9,9,5,13,19,8,7,6,6,3,10,11,19,5,8,15,15,18,1,5,1,0,1,10,10,11,3,5,10,15,10,7,2,0,0,10,5,9,16,3,19,11,10,5,3,0,7,19,18,1,4,12,9,15,18,7,7,0,3,18,11,1,9,16,19,11,19,2,0,7,0,3,6,6,11,10,11,6,0,10,6,11,6,11,6,7,18,6,6,10,11,11,7,2,18,5,7,0,10,11,8,13,5,6,0,10,6,9,18,5,11,10,14,3,16,14,6,19,5,6,11,9,6,10,10,5,11,2,9,3,13,4,5,1,12,12,6,9,16,0,0,0,0,0,0,0,0,0,0,0,0,0,0,0,0,0,0,0,0,0,0,0,0,0,0,0,0,0,0,0,0,0,0,0,0,0,0,0,0,0,0,0,0",-0.3601509,0.16818662,3.0,0.15101266,36.31177,0.20044506,1.0,0.20044506,0.2548481,0.1331138,0.0,0.0,0.15101266,0.010308556,0.8758798,0.2548481,2.2367165,1.4256185,36.31177,-0.3601509,3.176823,158.3673,0.07497473,0.101580255,1.0,158.3673,0.48807746,0.12412017,2.2367165,0.010308556,0.19125286,0.16818662,0.0,1.4256185,3.176823,0.07497473,0.3601509,0.0,0.19125286,0.3601509,0.7235322,0.101580255,1.0,0.1331138,lookahead,beam_orig1_bm1-s0to50br3
/work/T-REX/external/Proteina-Complexa/inference/search_binder_local_pipeline_32_PDL1_ALPHA_REPACK_v7_r006_cand_v7r006_hyp_0006_01_002_a778160daa715/job_0_n_197_id_7_beam_orig2_bm1-s0to50br3/job_0_n_197_id_7_beam_orig2_bm1-s0to50br3.pdb,30,"2,0,13,16,19,16,19,14,11,3,10,18,19,19,6,18,7,15,2,12,16,9,6,4,11,13,14,19,6,11,5,10,3,10,0,0,10,9,19,18,17,6,12,6,3,11,2,9,9,5,13,19,8,7,6,6,3,10,11,19,5,8,15,15,18,1,5,1,0,1,10,10,11,3,5,10,15,10,7,2,0,0,10,5,9,16,3,19,11,10,5,3,0,7,19,18,1,4,12,9,15,18,7,7,0,3,18,11,1,9,16,19,11,19,2,0,15,10,6,0,9,0,17,2,2,10,7,19,19,18,5,2,5,7,11,10,3,6,0,6,11,4,18,11,11,0,10,6,10,11,14,3,13,0,6,0,17,2,2,10,7,19,19,18,13,11,5,7,11,10,3,6,0,6,11,4,18,11,11,0,10,6,10,11,14,3,13,6,6,0,1,3,2,10,11,13,19,0,0,0,0,0,0,0,0,0,0,0,0,0,0,0,0,0,0,0,0,0,0,0,0,0,0,0,0,0,0,0,0,0",-0.5637468,0.34504887,3.0,0.017645061,123.39833,0.018090967,1.0,0.018090967,0.35922652,0.0058055967,0.0,0.0,0.017645061,0.0013444019,0.876056,0.35922652,19.651684,1.1819583,123.39833,-0.5637468,4.1045594,219.72757,0.0,0.017199155,1.0,219.72757,0.22811016,0.123944,19.651684,0.0013444019,0.011611193,0.34504887,0.0,1.1819583,4.1045594,0.0,0.5637468,0.0,0.011611193,0.5637468,0.62156844,0.017199155,1.0,0.0058055967,lookahead,beam_orig2_bm1-s0to50br3
/work/T-REX/external/Proteina-Complexa/inference/search_binder_local_pipeline_32_PDL1_ALPHA_REPACK_v7_r006_cand_v7r006_hyp_0006_01_002_a778160daa715/job_0_n_224_id_7_beam_orig3_bm1-s0to50br3/job_0_n_224_id_7_beam_orig3_bm1-s0to50br3.pdb,31,"2,0,13,16,19,16,19,14,11,3,10,18,19,19,6,18,7,15,2,12,16,9,6,4,11,13,14,19,6,11,5,10,3,10,0,0,10,9,19,18,17,6,12,6,3,11,2,9,9,5,13,19,8,7,6,6,3,10,11,19,5,8,15,15,18,1,5,1,0,1,10,10,11,3,5,10,15,10,7,2,0,0,10,5,9,16,3,19,11,10,5,3,0,7,19,18,1,4,12,9,15,18,7,7,0,3,18,11,1,9,16,19,11,19,2,0,7,19,11,19,2,5,14,11,11,10,18,16,19,5,15,7,0,2,19,16,10,6,4,9,19,15,7,19,11,3,10,15,6,9,10,1,19,6,17,1,11,6,7,11,7,15,9,19,15,18,0,2,7,6,6,11,14,7,6,13,15,3,1,13,11,10,10,11,15,2,13,15,10,5,9,15,15,16,5,14,15,3,15,7,10,18,18,4,15,19,16,16,11,11,7,10,13,13,7,3,7,16,5,10,2,19,10,0,0,0,0,0,0,0",-0.65304536,0.43275827,3.0,0.006203666,99.97353,0.0069840513,1.0,0.0069840513,0.41306835,0.0,0.0,0.0,0.006203666,0.0059272023,0.7830226,0.41306835,7.056506,1.693289,99.97353,-0.65304536,4.2679567,245.68233,0.0,0.0054232804,1.0,245.68233,0.19346389,0.2169774,7.056506,0.0059272023,0.0,0.43275827,0.0,1.693289,4.2679567,0.0,0.65304536,0.0,0.0,0.65304536,0.5597105,0.0054232804,1.0,0.0,lookahead,beam_orig3_bm1-s0to50br3
/work/T-REX/external/Proteina-Complexa/inference/search_binder_local_pipeline_32_PDL1_ALPHA_REPACK_v7_r006_cand_v7r006_hyp_0006_01_002_a778160daa715/job_0_n_230_id_8_beam_orig0_bm2-s0to50br0/job_0_n_230_id_8_beam_orig0_bm2-s0to50br0.pdb,32,"2,0,13,16,19,16,19,14,11,3,10,18,19,19,6,18,7,15,2,12,16,9,6,4,11,13,14,19,6,11,5,10,3,10,0,0,10,9,19,18,17,6,12,6,3,11,2,9,9,5,13,19,8,7,6,6,3,10,11,19,5,8,15,15,18,1,5,1,0,1,10,10,11,3,5,10,15,10,7,2,0,0,10,5,9,16,3,19,11,10,5,3,0,7,19,18,1,4,12,9,15,18,7,7,0,3,18,11,1,9,16,19,11,19,2,0,0,13,16,19,16,19,14,11,3,10,18,19,19,6,18,7,15,2,12,16,9,6,4,11,13,14,19,6,11,5,10,3,10,0,0,10,9,19,18,17,6,12,6,3,11,2,9,9,5,13,19,8,7,6,6,3,10,11,19,5,8,15,15,18,1,5,1,0,1,10,10,11,3,5,10,15,10,7,2,0,0,10,5,9,16,3,19,11,10,5,3,0,7,19,18,1,4,12,9,15,18,7,7,0,3,18,11,1,9,16,19,11,19,2",-0.52004117,0.29182255,3.0,0.048437882,77.29501,0.05050206,1.0,0.05050206,0.30734602,0.012566011,0.0,0.0,0.048437882,0.0017473996,0.86144185,0.30734602,2.5408611,1.2752696,77.29501,-0.52004117,3.8517582,220.16096,0.012168419,0.046373703,1.0,220.16096,0.26584244,0.13855812,2.5408611,0.0017473996,0.012963605,0.29182255,0.0,1.2752696,3.8517582,0.012168419,0.52004117,0.0,0.012963605,0.52004117,0.58910906,0.046373703,1.0,0.012566011,lookahead,beam_orig0_bm2-s0to50br0
/work/T-REX/external/Proteina-Complexa/inference/search_binder_local_pipeline_32_PDL1_ALPHA_REPACK_v7_r006_cand_v7r006_hyp_0006_01_002_a778160daa715/job_0_n_186_id_8_beam_orig1_bm2-s0to50br0/job_0_n_186_id_8_beam_orig1_bm2-s0to50br0.pdb,33,"2,0,13,16,19,16,19,14,11,3,10,18,19,19,6,18,7,15,2,12,16,9,6,4,11,13,14,19,6,11,5,10,3,10,0,0,10,9,19,18,17,6,12,6,3,11,2,9,9,5,13,19,8,7,6,6,3,10,11,19,5,8,15,15,18,1,5,1,0,1,10,10,11,3,5,10,15,10,7,2,0,0,10,5,9,16,3,19,11,10,5,3,0,7,19,18,1,4,12,9,15,18,7,7,0,3,18,11,1,9,16,19,11,19,2,0,15,19,2,6,0,9,5,10,19,10,7,3,11,1,6,3,10,0,11,0,10,7,11,14,9,15,6,19,11,14,11,6,10,9,6,0,12,11,0,19,13,11,19,15,10,16,6,6,6,0,5,10,19,10,3,18,10,19,12,16,11,5,11,6,10,10,3,11,18,19,0,0,0,0,0,0,0,0,0,0,0,0,0,0,0,0,0,0,0,0,0,0,0,0,0,0,0,0,0,0,0,0,0,0,0,0,0,0,0,0,0,0,0,0",-0.48020977,0.29610553,3.0,0.049151644,112.69757,0.05856539,1.0,0.05856539,0.34613988,0.013221647,0.0,0.0,0.049151644,0.0013547565,0.7672447,0.34613988,10.891156,2.0870574,112.69757,-0.48020977,3.6237934,222.73521,0.012149951,0.039737903,1.0,222.73521,0.32105806,0.23275527,10.891156,0.0013547565,0.014293342,0.29610553,0.0,2.0870574,3.6237934,0.012149951,0.48020977,0.0,0.014293342,0.48020977,0.6751139,0.039737903,1.0,0.013221647,lookahead,beam_orig1_bm2-s0to50br0
/work/T-REX/external/Proteina-Complexa/inference/search_binder_local_pipeline_32_PDL1_ALPHA_REPACK_v7_r006_cand_v7r006_hyp_0006_01_002_a778160daa715/job_0_n_197_id_8_beam_orig2_bm2-s0to50br0/job_0_n_197_id_8_beam_orig2_bm2-s0to50br0.pdb,34,"2,0,13,16,19,16,19,14,11,3,10,18,19,19,6,18,7,15,2,12,16,9,6,4,11,13,14,19,6,11,5,10,3,10,0,0,10,9,19,18,17,6,12,6,3,11,2,9,9,5,13,19,8,7,6,6,3,10,11,19,5,8,15,15,18,1,5,1,0,1,10,10,11,3,5,10,15,10,7,2,0,0,10,5,9,16,3,19,11,10,5,3,0,7,19,18,1,4,12,9,15,18,7,7,0,3,18,11,1,9,16,19,11,19,2,0,7,9,2,13,15,3,6,0,6,10,11,0,10,10,2,15,16,6,0,8,15,14,11,6,11,13,18,0,18,10,5,10,7,13,10,15,10,5,11,11,3,18,0,6,0,0,11,18,18,5,11,0,10,3,9,19,11,11,2,14,6,10,11,6,18,10,3,16,19,6,11,10,10,0,3,0,11,11,5,0,0,0,0,0,0,0,0,0,0,0,0,0,0,0,0,0,0,0,0,0,0,0,0,0,0,0,0,0,0,0,0,0,0,0",-0.6229771,0.36139947,3.0,0.0062413444,118.68397,0.0063634478,1.0,0.0063634478,0.4099296,0.0,0.0,0.0,0.0062413444,0.005686002,0.7860174,0.4099296,13.016883,1.5208137,118.68397,-0.6229771,3.8802783,236.6762,0.0,0.006119241,1.0,236.6762,0.17176662,0.21398261,13.016883,0.005686002,0.0,0.36139947,0.0,1.5208137,3.8802783,0.0,0.6229771,0.0,0.0,0.6229771,0.59547675,0.006119241,1.0,0.0,lookahead,beam_orig2_bm2-s0to50br0
/work/T-REX/external/Proteina-Complexa/inference/search_binder_local_pipeline_32_PDL1_ALPHA_REPACK_v7_r006_cand_v7r006_hyp_0006_01_002_a778160daa715/job_0_n_224_id_8_beam_orig3_bm2-s0to50br0/job_0_n_224_id_8_beam_orig3_bm2-s0to50br0.pdb,35,"2,0,13,16,19,16,19,14,11,3,10,18,19,19,6,18,7,15,2,12,16,9,6,4,11,13,14,19,6,11,5,10,3,10,0,0,10,9,19,18,17,6,12,6,3,11,2,9,9,5,13,19,8,7,6,6,3,10,11,19,5,8,15,15,18,1,5,1,0,1,10,10,11,3,5,10,15,10,7,2,0,0,10,5,9,16,3,19,11,10,5,3,0,7,19,18,1,4,12,9,15,18,7,7,0,3,18,11,1,9,16,19,11,19,2,0,19,19,16,5,15,14,0,16,10,15,0,15,14,7,6,16,19,16,9,16,4,0,0,15,5,16,9,16,16,15,2,18,0,15,17,18,5,6,11,14,7,5,7,14,11,10,10,9,18,7,19,2,11,1,14,15,7,19,14,0,1,13,15,7,15,10,19,7,3,11,0,0,10,16,9,15,7,10,5,14,6,3,6,0,2,18,10,4,10,19,1,19,7,7,11,10,19,0,7,7,7,16,11,10,16,19,2,7,0,0,0,0,0,0",-0.57886714,0.31363836,3.0,0.023575306,126.533745,0.02538204,1.0,0.02538204,0.34798074,0.011122812,0.0,0.0,0.023575306,0.0017892636,0.83893126,0.34798074,27.699997,1.3915049,126.533745,-0.57886714,3.9435627,229.14934,0.010962397,0.02176857,1.0,229.14934,0.20704505,0.16106872,27.699997,0.0017892636,0.011283226,0.31363836,0.0,1.3915049,3.9435627,0.010962397,0.57886714,0.0,0.011283226,0.57886714,0.56667185,0.02176857,1.0,0.011122812,lookahead,beam_orig3_bm2-s0to50br0
/work/T-REX/external/Proteina-Complexa/inference/search_binder_local_pipeline_32_PDL1_ALPHA_REPACK_v7_r006_cand_v7r006_hyp_0006_01_002_a778160daa715/job_0_n_230_id_9_beam_orig0_bm2-s0to50br1/job_0_n_230_id_9_beam_orig0_bm2-s0to50br1.pdb,36,"2,0,13,16,19,16,19,14,11,3,10,18,19,19,6,18,7,15,2,12,16,9,6,4,11,13,14,19,6,11,5,10,3,10,0,0,10,9,19,18,17,6,12,6,3,11,2,9,9,5,13,19,8,7,6,6,3,10,11,19,5,8,15,15,18,1,5,1,0,1,10,10,11,3,5,10,15,10,7,2,0,0,10,5,9,16,3,19,11,10,5,3,0,7,19,18,1,4,12,9,15,18,7,7,0,3,18,11,1,9,16,19,11,19,2,0,13,16,19,16,19,14,11,3,10,18,19,19,6,18,7,15,2,12,16,9,6,4,11,13,14,19,6,11,5,10,3,10,0,0,10,9,19,18,17,6,12,6,3,11,2,9,9,5,13,19,8,7,6,6,3,10,11,19,5,8,15,15,18,1,5,1,0,1,10,10,11,3,5,10,15,10,7,2,0,0,10,5,9,16,3,19,11,10,5,3,0,7,19,18,1,4,12,9,15,18,7,7,0,3,18,11,1,9,16,19,11,19,2,0",-0.5229461,0.2972913,3.0,0.047399864,69.174446,0.049974788,1.0,0.049974788,0.3093371,0.012345323,0.0,0.0,0.047399864,0.0016686153,0.8628599,0.3093371,5.967343,1.2859256,69.174446,-0.5229461,3.876212,200.08601,0.011980005,0.044824935,1.0,200.08601,0.2648344,0.13714011,5.967343,0.0016686153,0.012710642,0.2972913,0.0,1.2859256,3.876212,0.011980005,0.5229461,0.0,0.012710642,0.5229461,0.588235,0.044824935,1.0,0.012345323,lookahead,beam_orig0_bm2-s0to50br1
/work/T-REX/external/Proteina-Complexa/inference/search_binder_local_pipeline_32_PDL1_ALPHA_REPACK_v7_r006_cand_v7r006_hyp_0006_01_002_a778160daa715/job_0_n_186_id_9_beam_orig1_bm2-s0to50br1/job_0_n_186_id_9_beam_orig1_bm2-s0to50br1.pdb,37,"2,0,13,16,19,16,19,14,11,3,10,18,19,19,6,18,7,15,2,12,16,9,6,4,11,13,14,19,6,11,5,10,3,10,0,0,10,9,19,18,17,6,12,6,3,11,2,9,9,5,13,19,8,7,6,6,3,10,11,19,5,8,15,15,18,1,5,1,0,1,10,10,11,3,5,10,15,10,7,2,0,0,10,5,9,16,3,19,11,10,5,3,0,7,19,18,1,4,12,9,15,18,7,7,0,3,18,11,1,9,16,19,11,19,2,0,15,11,13,15,6,0,6,10,1,3,0,13,15,8,13,3,11,3,7,2,7,16,9,15,15,11,6,10,19,14,10,12,19,15,10,11,10,2,14,16,3,6,5,12,0,6,10,2,5,0,19,3,3,0,7,7,19,10,3,13,6,16,13,10,11,9,19,15,15,13,0,0,0,0,0,0,0,0,0,0,0,0,0,0,0,0,0,0,0,0,0,0,0,0,0,0,0,0,0,0,0,0,0,0,0,0,0,0,0,0,0,0,0,0",-0.4444924,0.2355656,3.0,0.07404396,64.53788,0.08312663,1.0,0.08312663,0.31986037,0.015078614,0.0,0.0,0.07404396,0.009239932,0.7818265,0.31986037,3.8278186,1.9349139,64.53788,-0.4444924,3.3833687,233.55553,0.014549,0.06496129,1.0,233.55553,0.35016477,0.21817349,3.8278186,0.009239932,0.015608227,0.2355656,0.0,1.9349139,3.3833687,0.014549,0.4444924,0.0,0.015608227,0.4444924,0.69369817,0.06496129,1.0,0.015078614,lookahead,beam_orig1_bm2-s0to50br1
/work/T-REX/external/Proteina-Complexa/inference/search_binder_local_pipeline_32_PDL1_ALPHA_REPACK_v7_r006_cand_v7r006_hyp_0006_01_002_a778160daa715/job_0_n_197_id_9_beam_orig2_bm2-s0to50br1/job_0_n_197_id_9_beam_orig2_bm2-s0to50br1.pdb,38,"2,0,13,16,19,16,19,14,11,3,10,18,19,19,6,18,7,15,2,12,16,9,6,4,11,13,14,19,6,11,5,10,3,10,0,0,10,9,19,18,17,6,12,6,3,11,2,9,9,5,13,19,8,7,6,6,3,10,11,19,5,8,15,15,18,1,5,1,0,1,10,10,11,3,5,10,15,10,7,2,0,0,10,5,9,16,3,19,11,10,5,3,0,7,19,18,1,4,12,9,15,18,7,7,0,3,18,11,1,9,16,19,11,19,2,0,15,6,19,11,10,11,11,9,19,6,3,0,18,1,19,0,15,15,10,10,16,15,11,3,6,11,6,1,5,2,13,15,11,13,10,18,11,6,10,11,3,2,7,13,2,9,11,5,15,8,9,3,3,0,19,5,6,0,0,11,6,11,3,14,11,6,9,14,11,19,10,10,11,16,10,2,11,0,10,2,15,0,0,0,0,0,0,0,0,0,0,0,0,0,0,0,0,0,0,0,0,0,0,0,0,0,0,0,0,0,0,0,0,0",-0.1616117,0.051542167,3.0,0.5862768,39.358917,0.63198465,1.0,0.63198465,0.12573464,0.5862768,0.0,0.0,0.5862768,0.002670851,0.93587273,0.12573464,0.8699064,1.4872998,39.358917,-0.1616117,2.1420174,168.06337,0.540569,0.540569,1.0,168.06337,0.8091942,0.06412727,0.8699064,0.002670851,0.63198465,0.051542167,0.0,1.4872998,2.1420174,0.540569,0.1616117,0.0,0.63198465,0.1616117,0.87250125,0.540569,1.0,0.5862768,lookahead,beam_orig2_bm2-s0to50br1
/work/T-REX/external/Proteina-Complexa/inference/search_binder_local_pipeline_32_PDL1_ALPHA_REPACK_v7_r006_cand_v7r006_hyp_0006_01_002_a778160daa715/job_0_n_224_id_9_beam_orig3_bm2-s0to50br1/job_0_n_224_id_9_beam_orig3_bm2-s0to50br1.pdb,39,"2,0,13,16,19,16,19,14,11,3,10,18,19,19,6,18,7,15,2,12,16,9,6,4,11,13,14,19,6,11,5,10,3,10,0,0,10,9,19,18,17,6,12,6,3,11,2,9,9,5,13,19,8,7,6,6,3,10,11,19,5,8,15,15,18,1,5,1,0,1,10,10,11,3,5,10,15,10,7,2,0,0,10,5,9,16,3,19,11,10,5,3,0,7,19,18,1,4,12,9,15,18,7,7,0,3,18,11,1,9,16,19,11,19,2,0,9,5,14,11,7,10,6,10,11,11,16,7,6,16,10,15,9,15,4,15,19,14,5,15,10,3,2,10,16,9,16,17,18,1,5,0,14,7,11,7,10,6,17,9,7,18,9,5,0,7,15,2,16,16,15,18,0,5,14,13,5,7,1,0,16,9,15,11,3,1,16,16,0,16,10,5,10,2,2,10,11,10,6,3,16,0,19,18,18,4,18,19,3,6,10,11,18,13,7,14,7,16,16,19,16,19,15,15,0,0,0,0,0,0",-0.7018659,0.4843127,3.0,0.0029548,138.54721,0.0059096,1.0,0.0059096,0.42671198,0.0,0.0,0.0,0.0029548,0.0059999772,0.8137461,0.42671198,12.614438,1.4872197,138.54721,-0.7018659,4.381385,249.61012,0.0,0.0,1.0,249.61012,0.15009639,0.18625394,12.614438,0.0059999772,0.0,0.4843127,0.0,1.4872197,4.381385,0.0,0.7018659,0.0,0.0,0.7018659,0.5405796,0.0,1.0,0.0,lookahead,beam_orig3_bm2-s0to50br1
/work/T-REX/external/Proteina-Complexa/inference/search_binder_local_pipeline_32_PDL1_ALPHA_REPACK_v7_r006_cand_v7r006_hyp_0006_01_002_a778160daa715/job_0_n_230_id_10_beam_orig0_bm2-s0to50br2/job_0_n_230_id_10_beam_orig0_bm2-s0to50br2.pdb,40,"2,0,13,16,19,16,19,14,11,3,10,18,19,19,6,18,7,15,2,12,16,9,6,4,11,13,14,19,6,11,5,10,3,10,0,0,10,9,19,18,17,6,12,6,3,11,2,9,9,5,13,19,8,7,6,6,3,10,11,19,5,8,15,15,18,1,5,1,0,1,10,10,11,3,5,10,15,10,7,2,0,0,10,5,9,16,3,19,11,10,5,3,0,7,19,18,1,4,12,9,15,18,7,7,0,3,18,11,1,9,16,19,11,19,2,0,0,13,16,19,16,19,14,11,3,10,18,19,19,6,18,7,15,2,12,16,9,6,4,11,13,14,19,6,11,5,10,3,10,0,0,10,9,19,18,17,6,12,6,3,11,2,9,9,5,13,19,8,7,6,6,3,10,11,19,5,8,15,15,18,1,5,1,0,1,10,10,11,3,5,10,15,10,7,2,0,0,10,5,9,16,3,19,11,10,5,3,0,7,19,18,1,4,12,9,15,18,7,7,0,3,18,11,1,9,16,19,11,19,2",-0.5165313,0.28842017,3.0,0.049149312,60.521538,0.05110179,1.0,0.05110179,0.30536616,0.012677901,0.0,0.0,0.049149312,0.0017721177,0.8618118,0.30536616,3.1061618,1.2679932,60.521538,-0.5165313,3.8415349,201.66058,0.012403543,0.04719683,1.0,201.66058,0.2675903,0.1381882,3.1061618,0.0017721177,0.01295226,0.28842017,0.0,1.2679932,3.8415349,0.012403543,0.5165313,0.0,0.01295226,0.5165313,0.5899567,0.04719683,1.0,0.012677901,lookahead,beam_orig0_bm2-s0to50br2
/work/T-REX/external/Proteina-Complexa/inference/search_binder_local_pipeline_32_PDL1_ALPHA_REPACK_v7_r006_cand_v7r006_hyp_0006_01_002_a778160daa715/job_0_n_186_id_10_beam_orig1_bm2-s0to50br2/job_0_n_186_id_10_beam_orig1_bm2-s0to50br2.pdb,41,"2,0,13,16,19,16,19,14,11,3,10,18,19,19,6,18,7,15,2,12,16,9,6,4,11,13,14,19,6,11,5,10,3,10,0,0,10,9,19,18,17,6,12,6,3,11,2,9,9,5,13,19,8,7,6,6,3,10,11,19,5,8,15,15,18,1,5,1,0,1,10,10,11,3,5,10,15,10,7,2,0,0,10,5,9,16,3,19,11,10,5,3,0,7,19,18,1,4,12,9,15,18,7,7,0,3,18,11,1,9,16,19,11,19,2,0,15,14,6,3,6,9,6,3,18,9,11,6,7,1,11,0,11,2,5,6,6,11,3,3,18,18,15,11,0,9,6,10,0,19,11,2,2,2,6,11,18,10,3,9,0,9,13,6,7,11,2,2,7,19,2,19,11,16,10,6,2,0,9,11,11,7,6,11,6,11,0,0,0,0,0,0,0,0,0,0,0,0,0,0,0,0,0,0,0,0,0,0,0,0,0,0,0,0,0,0,0,0,0,0,0,0,0,0,0,0,0,0,0,0",-0.5278678,0.3130628,3.0,0.025654033,48.594105,0.0318354,1.0,0.0318354,0.35424405,0.012392113,0.0,0.0,0.025654033,0.008109416,0.84569806,0.35424405,3.7574553,1.3014877,48.594105,-0.5278678,3.7150233,197.55095,0.011329365,0.019472664,1.0,197.55095,0.2505861,0.15430194,3.7574553,0.008109416,0.013454862,0.3130628,0.0,1.3014877,3.7150233,0.011329365,0.5278678,0.0,0.013454862,0.5278678,0.649894,0.019472664,1.0,0.012392113,lookahead,beam_orig1_bm2-s0to50br2
/work/T-REX/external/Proteina-Complexa/inference/search_binder_local_pipeline_32_PDL1_ALPHA_REPACK_v7_r006_cand_v7r006_hyp_0006_01_002_a778160daa715/job_0_n_197_id_10_beam_orig2_bm2-s0to50br2/job_0_n_197_id_10_beam_orig2_bm2-s0to50br2.pdb,42,"2,0,13,16,19,16,19,14,11,3,10,18,19,19,6,18,7,15,2,12,16,9,6,4,11,13,14,19,6,11,5,10,3,10,0,0,10,9,19,18,17,6,12,6,3,11,2,9,9,5,13,19,8,7,6,6,3,10,11,19,5,8,15,15,18,1,5,1,0,1,10,10,11,3,5,10,15,10,7,2,0,0,10,5,9,16,3,19,11,10,5,3,0,7,19,18,1,4,12,9,15,18,7,7,0,3,18,11,1,9,16,19,11,19,2,0,16,19,15,14,0,15,11,16,19,15,6,7,0,15,19,16,13,16,4,15,19,15,15,7,16,2,10,16,18,5,17,1,11,2,7,19,15,10,15,7,6,16,2,5,2,10,16,9,15,15,0,11,10,15,3,15,7,10,18,3,4,10,19,15,2,3,3,7,9,11,0,15,0,6,0,5,10,16,19,16,7,0,0,0,0,0,0,0,0,0,0,0,0,0,0,0,0,0,0,0,0,0,0,0,0,0,0,0,0,0,0,0,0,0",-0.21871455,0.07774161,3.0,0.41943064,57.50321,0.47812247,1.0,0.47812247,0.17293869,0.41943064,0.0,0.0,0.41943064,0.001592592,0.903055,0.17293869,1.8590223,1.4321353,57.50321,-0.21871455,3.1155124,154.33723,0.3607388,0.3607388,1.0,154.33723,0.7230551,0.09694497,1.8590223,0.001592592,0.47812247,0.07774161,0.0,1.4321353,3.1155124,0.3607388,0.21871455,0.0,0.47812247,0.21871455,0.82667804,0.3607388,1.0,0.41943064,lookahead,beam_orig2_bm2-s0to50br2
/work/T-REX/external/Proteina-Complexa/inference/search_binder_local_pipeline_32_PDL1_ALPHA_REPACK_v7_r006_cand_v7r006_hyp_0006_01_002_a778160daa715/job_0_n_224_id_10_beam_orig3_bm2-s0to50br2/job_0_n_224_id_10_beam_orig3_bm2-s0to50br2.pdb,43,"2,0,13,16,19,16,19,14,11,3,10,18,19,19,6,18,7,15,2,12,16,9,6,4,11,13,14,19,6,11,5,10,3,10,0,0,10,9,19,18,17,6,12,6,3,11,2,9,9,5,13,19,8,7,6,6,3,10,11,19,5,8,15,15,18,1,5,1,0,1,10,10,11,3,5,10,15,10,7,2,0,0,10,5,9,16,3,19,11,10,5,3,0,7,19,18,1,4,12,9,15,18,7,7,0,3,18,11,1,9,16,19,11,19,2,0,11,3,10,18,19,19,6,18,7,15,2,12,16,9,6,4,11,13,14,19,6,11,5,10,3,10,0,0,10,9,19,18,17,6,12,6,3,11,2,9,9,5,13,19,8,7,6,6,3,10,11,19,5,8,15,15,18,1,5,1,0,1,10,10,11,3,5,10,15,10,7,2,0,0,10,5,9,16,3,19,11,10,5,3,0,7,19,18,1,4,12,9,15,18,7,7,0,3,18,11,1,9,16,19,11,19,2,0,0,0,0,0,0,0",-0.5300564,0.30182967,3.0,0.04326696,60.79024,0.044542003,1.0,0.044542003,0.32181498,0.012568061,0.0,0.0,0.04326696,0.0020810985,0.85339403,0.32181498,5.019759,1.3615934,60.79024,-0.5300564,3.9134007,202.42525,0.01199564,0.041991916,1.0,202.42525,0.25484043,0.14660595,5.019759,0.0020810985,0.013140483,0.30182967,0.0,1.3615934,3.9134007,0.01199564,0.5300564,0.0,0.013140483,0.5300564,0.59136987,0.041991916,1.0,0.012568061,lookahead,beam_orig3_bm2-s0to50br2
/work/T-REX/external/Proteina-Complexa/inference/search_binder_local_pipeline_32_PDL1_ALPHA_REPACK_v7_r006_cand_v7r006_hyp_0006_01_002_a778160daa715/job_0_n_230_id_11_beam_orig0_bm2-s0to50br3/job_0_n_230_id_11_beam_orig0_bm2-s0to50br3.pdb,44,"2,0,13,16,19,16,19,14,11,3,10,18,19,19,6,18,7,15,2,12,16,9,6,4,11,13,14,19,6,11,5,10,3,10,0,0,10,9,19,18,17,6,12,6,3,11,2,9,9,5,13,19,8,7,6,6,3,10,11,19,5,8,15,15,18,1,5,1,0,1,10,10,11,3,5,10,15,10,7,2,0,0,10,5,9,16,3,19,11,10,5,3,0,7,19,18,1,4,12,9,15,18,7,7,0,3,18,11,1,9,16,19,11,19,2,0,13,16,19,16,19,14,11,3,10,18,19,19,6,18,7,15,2,12,16,9,6,4,11,13,14,19,6,11,5,10,3,10,0,0,10,9,19,18,17,6,12,6,3,11,2,9,9,5,13,19,8,7,6,6,3,10,11,19,5,8,15,15,18,1,5,1,0,1,10,10,11,3,5,10,15,10,7,2,0,0,10,5,9,16,3,19,11,10,5,3,0,7,19,18,1,4,12,9,15,18,7,7,0,3,18,11,1,9,16,19,11,19,2,0",-0.52818096,0.30252403,3.0,0.043933176,72.10902,0.046416525,1.0,0.046416525,0.31180224,0.0120080635,0.0,0.0,0.043933176,0.0016770023,0.8632957,0.31180224,3.0155802,1.2827079,72.10902,-0.52818096,3.8920813,213.20465,0.011878775,0.041449822,1.0,213.20465,0.2612872,0.13670433,3.0155802,0.0016770023,0.012137352,0.30252403,0.0,1.2827079,3.8920813,0.011878775,0.52818096,0.0,0.012137352,0.52818096,0.58636343,0.041449822,1.0,0.0120080635,lookahead,beam_orig0_bm2-s0to50br3
/work/T-REX/external/Proteina-Complexa/inference/search_binder_local_pipeline_32_PDL1_ALPHA_REPACK_v7_r006_cand_v7r006_hyp_0006_01_002_a778160daa715/job_0_n_186_id_11_beam_orig1_bm2-s0to50br3/job_0_n_186_id_11_beam_orig1_bm2-s0to50br3.pdb,45,"2,0,13,16,19,16,19,14,11,3,10,18,19,19,6,18,7,15,2,12,16,9,6,4,11,13,14,19,6,11,5,10,3,10,0,0,10,9,19,18,17,6,12,6,3,11,2,9,9,5,13,19,8,7,6,6,3,10,11,19,5,8,15,15,18,1,5,1,0,1,10,10,11,3,5,10,15,10,7,2,0,0,10,5,9,16,3,19,11,10,5,3,0,7,19,18,1,4,12,9,15,18,7,7,0,3,18,11,1,9,16,19,11,19,2,0,15,6,10,0,1,0,18,2,2,1,7,19,9,18,13,2,10,7,2,18,3,10,0,9,6,3,18,2,1,0,9,6,10,3,14,2,13,0,11,0,18,2,2,1,7,0,0,1,13,0,11,1,5,7,3,10,0,11,6,3,18,3,1,0,9,6,10,3,14,15,0,0,0,0,0,0,0,0,0,0,0,0,0,0,0,0,0,0,0,0,0,0,0,0,0,0,0,0,0,0,0,0,0,0,0,0,0,0,0,0,0,0,0,0",-0.56712174,0.37614802,3.0,0.014938576,112.68852,0.021274917,1.0,0.021274917,0.38122982,0.0,0.0,0.0,0.014938576,0.002904731,0.80441624,0.38122982,11.284677,1.2448264,112.68852,-0.56712174,3.8034215,197.75957,0.0,0.008602236,1.0,197.75957,0.21897723,0.19558376,11.284677,0.002904731,0.0,0.37614802,0.0,1.2448264,3.8034215,0.0,0.56712174,0.0,0.0,0.56712174,0.6400177,0.008602236,1.0,0.0,lookahead,beam_orig1_bm2-s0to50br3
/work/T-REX/external/Proteina-Complexa/inference/search_binder_local_pipeline_32_PDL1_ALPHA_REPACK_v7_r006_cand_v7r006_hyp_0006_01_002_a778160daa715/job_0_n_197_id_11_beam_orig2_bm2-s0to50br3/job_0_n_197_id_11_beam_orig2_bm2-s0to50br3.pdb,46,"2,0,13,16,19,16,19,14,11,3,10,18,19,19,6,18,7,15,2,12,16,9,6,4,11,13,14,19,6,11,5,10,3,10,0,0,10,9,19,18,17,6,12,6,3,11,2,9,9,5,13,19,8,7,6,6,3,10,11,19,5,8,15,15,18,1,5,1,0,1,10,10,11,3,5,10,15,10,7,2,0,0,10,5,9,16,3,19,11,10,5,3,0,7,19,18,1,4,12,9,15,18,7,7,0,3,18,11,1,9,16,19,11,19,2,0,15,0,13,3,11,19,11,15,0,10,15,6,2,11,15,11,9,19,7,3,2,11,11,5,19,5,6,0,10,5,2,13,13,11,3,10,13,3,11,3,14,5,10,6,16,6,19,11,0,12,2,6,0,5,11,16,10,13,18,5,10,19,0,3,6,0,7,19,15,19,16,16,19,15,1,0,19,11,15,10,10,0,0,0,0,0,0,0,0,0,0,0,0,0,0,0,0,0,0,0,0,0,0,0,0,0,0,0,0,0,0,0,0,0",-0.565095,0.3081831,3.0,0.01872139,125.53041,0.026883367,1.0,0.026883367,0.3717678,0.011992371,0.0,0.0,0.01872139,0.0031063887,0.7946044,0.3717678,20.428991,1.7749695,125.53041,-0.565095,3.9747126,241.49696,0.011686751,0.0105594145,1.0,241.49696,0.22314864,0.20539555,20.428991,0.0031063887,0.01229799,0.3081831,0.0,1.7749695,3.9747126,0.011686751,0.565095,0.0,0.01229799,0.565095,0.621565,0.0105594145,1.0,0.011992371,lookahead,beam_orig2_bm2-s0to50br3
/work/T-REX/external/Proteina-Complexa/inference/search_binder_local_pipeline_32_PDL1_ALPHA_REPACK_v7_r006_cand_v7r006_hyp_0006_01_002_a778160daa715/job_0_n_224_id_11_beam_orig3_bm2-s0to50br3/job_0_n_224_id_11_beam_orig3_bm2-s0to50br3.pdb,47,"2,0,13,16,19,16,19,14,11,3,10,18,19,19,6,18,7,15,2,12,16,9,6,4,11,13,14,19,6,11,5,10,3,10,0,0,10,9,19,18,17,6,12,6,3,11,2,9,9,5,13,19,8,7,6,6,3,10,11,19,5,8,15,15,18,1,5,1,0,1,10,10,11,3,5,10,15,10,7,2,0,0,10,5,9,16,3,19,11,10,5,3,0,7,19,18,1,4,12,9,15,18,7,7,0,3,18,11,1,9,16,19,11,19,2,0,7,11,6,3,19,10,6,14,7,19,16,10,2,19,11,4,19,10,2,18,6,11,6,10,14,11,16,9,16,9,13,9,11,19,19,7,3,11,19,6,9,18,18,19,2,7,6,6,2,15,11,10,5,14,15,16,0,0,2,7,10,11,19,3,14,11,10,16,2,9,13,18,4,16,18,11,10,16,14,19,16,15,10,4,15,7,7,16,16,9,4,15,15,13,7,11,13,16,18,16,8,16,0,9,16,4,15,0,0,0,0,0,0,0",-0.5378229,0.33353594,3.0,0.059248872,178.75157,0.081318825,1.0,0.081318825,0.44423166,0.0069409884,0.0,0.0,0.059248872,0.01641532,0.5575867,0.44423166,26.640451,2.6141188,178.75157,-0.5378229,3.7879322,364.52866,0.0,0.037178915,1.0,364.52866,0.3361664,0.44241327,26.640451,0.01641532,0.013881977,0.33353594,0.0,2.6141188,3.7879322,0.0,0.5378229,0.0,0.013881977,0.5378229,0.6341091,0.037178915,1.0,0.0069409884,lookahead,beam_orig3_bm2-s0to50br3
/work/T-REX/external/Proteina-Complexa/inference/search_binder_local_pipeline_32_PDL1_ALPHA_REPACK_v7_r006_cand_v7r006_hyp_0006_01_002_a778160daa715/job_0_n_230_id_12_beam_orig0_bm3-s0to50br0/job_0_n_230_id_12_beam_orig0_bm3-s0to50br0.pdb,48,"2,0,13,16,19,16,19,14,11,3,10,18,19,19,6,18,7,15,2,12,16,9,6,4,11,13,14,19,6,11,5,10,3,10,0,0,10,9,19,18,17,6,12,6,3,11,2,9,9,5,13,19,8,7,6,6,3,10,11,19,5,8,15,15,18,1,5,1,0,1,10,10,11,3,5,10,15,10,7,2,0,0,10,5,9,16,3,19,11,10,5,3,0,7,19,18,1,4,12,9,15,18,7,7,0,3,18,11,1,9,16,19,11,19,2,0,0,13,16,19,16,19,14,11,3,10,18,19,19,6,18,7,15,2,12,16,9,6,4,11,13,14,19,6,11,5,10,3,10,0,0,10,9,19,18,17,6,12,6,3,11,2,9,9,5,13,19,8,7,6,6,3,10,11,19,5,8,15,15,18,1,5,1,0,1,10,10,11,3,5,10,15,10,7,2,0,0,10,5,9,16,3,19,11,10,5,3,0,7,19,18,1,4,12,9,15,18,7,7,0,3,18,11,1,9,16,19,11,19,2",-0.5288417,0.30251268,3.0,0.043624774,60.884365,0.046351444,1.0,0.046351444,0.31194395,0.012335589,0.0,0.0,0.043624774,0.0018198129,0.8612229,0.31194395,2.958477,1.2782615,60.884365,-0.5288417,3.8762639,214.62808,0.01208221,0.040898103,1.0,214.62808,0.25970393,0.13877706,2.958477,0.0018198129,0.012588968,0.30251268,0.0,1.2782615,3.8762639,0.01208221,0.5288417,0.0,0.012588968,0.5288417,0.585851,0.040898103,1.0,0.012335589,lookahead,beam_orig0_bm3-s0to50br0
/work/T-REX/external/Proteina-Complexa/inference/search_binder_local_pipeline_32_PDL1_ALPHA_REPACK_v7_r006_cand_v7r006_hyp_0006_01_002_a778160daa715/job_0_n_186_id_12_beam_orig1_bm3-s0to50br0/job_0_n_186_id_12_beam_orig1_bm3-s0to50br0.pdb,49,"2,0,13,16,19,16,19,14,11,3,10,18,19,19,6,18,7,15,2,12,16,9,6,4,11,13,14,19,6,11,5,10,3,10,0,0,10,9,19,18,17,6,12,6,3,11,2,9,9,5,13,19,8,7,6,6,3,10,11,19,5,8,15,15,18,1,5,1,0,1,10,10,11,3,5,10,15,10,7,2,0,0,10,5,9,16,3,19,11,10,5,3,0,7,19,18,1,4,12,9,15,18,7,7,0,3,18,11,1,9,16,19,11,19,2,0,15,5,9,0,6,18,11,6,0,13,15,1,13,3,9,3,7,2,7,16,9,10,16,15,6,10,7,3,19,12,1,15,10,7,10,3,14,14,16,6,6,6,9,2,6,19,3,9,3,7,2,7,16,9,3,13,14,6,13,10,16,10,12,0,1,11,12,11,3,15,0,0,0,0,0,0,0,0,0,0,0,0,0,0,0,0,0,0,0,0,0,0,0,0,0,0,0,0,0,0,0,0,0,0,0,0,0,0,0,0,0,0,0,0",-0.540561,0.33133197,3.0,0.022555683,124.56592,0.03842477,1.0,0.03842477,0.38685742,0.00687796,0.0,0.0,0.022555683,0.015023012,0.7313442,0.38685742,18.551046,2.0640259,124.56592,-0.540561,3.7087023,246.82321,0.0,0.0066865957,1.0,246.82321,0.2556886,0.26865575,18.551046,0.015023012,0.01375592,0.33133197,0.0,2.0640259,3.7087023,0.0,0.540561,0.0,0.01375592,0.540561,0.65852726,0.0066865957,1.0,0.00687796,lookahead,beam_orig1_bm3-s0to50br0
/work/T-REX/external/Proteina-Complexa/inference/search_binder_local_pipeline_32_PDL1_ALPHA_REPACK_v7_r006_cand_v7r006_hyp_0006_01_002_a778160daa715/job_0_n_197_id_12_beam_orig2_bm3-s0to50br0/job_0_n_197_id_12_beam_orig2_bm3-s0to50br0.pdb,50,"2,0,13,16,19,16,19,14,11,3,10,18,19,19,6,18,7,15,2,12,16,9,6,4,11,13,14,19,6,11,5,10,3,10,0,0,10,9,19,18,17,6,12,6,3,11,2,9,9,5,13,19,8,7,6,6,3,10,11,19,5,8,15,15,18,1,5,1,0,1,10,10,11,3,5,10,15,10,7,2,0,0,10,5,9,16,3,19,11,10,5,3,0,7,19,18,1,4,12,9,15,18,7,7,0,3,18,11,1,9,16,19,11,19,2,0,15,11,6,6,10,11,6,11,18,0,13,5,10,9,15,0,19,6,7,11,3,18,3,10,0,10,6,0,0,5,6,10,11,11,13,15,15,2,5,6,6,0,19,2,16,9,10,2,19,7,1,11,12,2,10,1,5,16,16,9,6,11,0,19,11,0,19,11,16,13,13,6,16,7,6,19,14,11,15,10,10,0,0,0,0,0,0,0,0,0,0,0,0,0,0,0,0,0,0,0,0,0,0,0,0,0,0,0,0,0,0,0,0,0",-0.24185942,0.122564904,3.0,0.2881466,121.48967,0.30956912,1.0,0.30956912,0.17405768,0.28792995,0.0,0.0,0.2881466,0.0011076442,0.89434206,0.17405768,16.459667,1.460774,121.48967,-0.24185942,2.7147877,278.48538,0.26672405,0.26672405,1.0,278.48538,0.64570904,0.105657965,16.459667,0.0011076442,0.30913582,0.122564904,0.0,1.460774,2.7147877,0.26672405,0.24185942,0.0,0.30913582,0.24185942,0.80225366,0.26672405,1.0,0.28792995,lookahead,beam_orig2_bm3-s0to50br0
/work/T-REX/external/Proteina-Complexa/inference/search_binder_local_pipeline_32_PDL1_ALPHA_REPACK_v7_r006_cand_v7r006_hyp_0006_01_002_a778160daa715/job_0_n_224_id_12_beam_orig3_bm3-s0to50br0/job_0_n_224_id_12_beam_orig3_bm3-s0to50br0.pdb,51,"2,0,13,16,19,16,19,14,11,3,10,18,19,19,6,18,7,15,2,12,16,9,6,4,11,13,14,19,6,11,5,10,3,10,0,0,10,9,19,18,17,6,12,6,3,11,2,9,9,5,13,19,8,7,6,6,3,10,11,19,5,8,15,15,18,1,5,1,0,1,10,10,11,3,5,10,15,10,7,2,0,0,10,5,9,16,3,19,11,10,5,3,0,7,19,18,1,4,12,9,15,18,7,7,0,3,18,11,1,9,16,19,11,19,2,0,3,10,18,19,19,6,18,7,15,2,12,16,9,6,4,11,13,14,19,6,11,5,10,3,10,0,0,10,9,19,18,17,6,12,6,3,11,2,9,9,5,13,19,8,7,6,6,3,10,11,19,5,8,15,15,18,1,5,1,0,1,10,10,11,3,5,10,15,10,7,2,0,0,10,5,9,16,3,19,11,10,5,3,0,7,19,18,1,4,12,9,15,18,7,7,0,3,18,11,1,9,16,19,11,19,2,0,2,0,0,0,0,0,0",-0.5219807,0.2954539,3.0,0.047238857,69.45174,0.047499448,1.0,0.047499448,0.31850415,0.012938898,0.0,0.0,0.047238857,0.0053043864,0.85280293,0.31850415,3.153868,1.3338248,69.45174,-0.5219807,3.9075627,208.39156,0.012603657,0.04697826,1.0,208.39156,0.25756878,0.14719708,3.153868,0.0053043864,0.013274138,0.2954539,0.0,1.3338248,3.9075627,0.012603657,0.5219807,0.0,0.013274138,0.5219807,0.59296983,0.04697826,1.0,0.012938898,lookahead,beam_orig3_bm3-s0to50br0
/work/T-REX/external/Proteina-Complexa/inference/search_binder_local_pipeline_32_PDL1_ALPHA_REPACK_v7_r006_cand_v7r006_hyp_0006_01_002_a778160daa715/job_0_n_230_id_13_beam_orig0_bm3-s0to50br1/job_0_n_230_id_13_beam_orig0_bm3-s0to50br1.pdb,52,"2,0,13,16,19,16,19,14,11,3,10,18,19,19,6,18,7,15,2,12,16,9,6,4,11,13,14,19,6,11,5,10,3,10,0,0,10,9,19,18,17,6,12,6,3,11,2,9,9,5,13,19,8,7,6,6,3,10,11,19,5,8,15,15,18,1,5,1,0,1,10,10,11,3,5,10,15,10,7,2,0,0,10,5,9,16,3,19,11,10,5,3,0,7,19,18,1,4,12,9,15,18,7,7,0,3,18,11,1,9,16,19,11,19,2,0,0,13,16,19,16,19,14,11,3,10,18,19,19,6,18,7,15,2,12,16,9,6,4,11,13,14,19,6,11,5,10,3,10,0,0,10,9,19,18,17,6,12,6,3,11,2,9,9,5,13,19,8,7,6,6,3,10,11,19,5,8,15,15,18,1,5,1,0,1,10,10,11,3,5,10,15,10,7,2,0,0,10,5,9,16,3,19,11,10,5,3,0,7,19,18,1,4,12,9,15,18,7,7,0,3,18,11,1,9,16,19,11,19,2",-0.5228922,0.29583392,3.0,0.047519147,58.161674,0.049682066,1.0,0.049682066,0.30879897,0.012391025,0.0,0.0,0.047519147,0.0018002177,0.86158925,0.30879897,4.9851174,1.2769041,58.161674,-0.5228922,3.8605933,201.42493,0.011992453,0.045356233,1.0,201.42493,0.26556975,0.13841073,4.9851174,0.0018002177,0.012789599,0.29583392,0.0,1.2769041,3.8605933,0.011992453,0.5228922,0.0,0.012789599,0.5228922,0.58859307,0.045356233,1.0,0.012391025,lookahead,beam_orig0_bm3-s0to50br1
/work/T-REX/external/Proteina-Complexa/inference/search_binder_local_pipeline_32_PDL1_ALPHA_REPACK_v7_r006_cand_v7r006_hyp_0006_01_002_a778160daa715/job_0_n_186_id_13_beam_orig1_bm3-s0to50br1/job_0_n_186_id_13_beam_orig1_bm3-s0to50br1.pdb,53,"2,0,13,16,19,16,19,14,11,3,10,18,19,19,6,18,7,15,2,12,16,9,6,4,11,13,14,19,6,11,5,10,3,10,0,0,10,9,19,18,17,6,12,6,3,11,2,9,9,5,13,19,8,7,6,6,3,10,11,19,5,8,15,15,18,1,5,1,0,1,10,10,11,3,5,10,15,10,7,2,0,0,10,5,9,16,3,19,11,10,5,3,0,7,19,18,1,4,12,9,15,18,7,7,0,3,18,11,1,9,16,19,11,19,2,0,15,15,5,6,6,11,5,10,19,11,11,0,19,6,11,7,19,6,11,10,11,7,11,16,10,15,3,3,6,10,13,5,6,15,2,11,9,19,5,15,19,10,11,6,6,3,11,15,19,15,5,15,16,18,6,10,10,19,10,11,19,18,4,7,10,11,6,11,10,7,0,0,0,0,0,0,0,0,0,0,0,0,0,0,0,0,0,0,0,0,0,0,0,0,0,0,0,0,0,0,0,0,0,0,0,0,0,0,0,0,0,0,0,0",-0.15225595,0.04069725,3.0,0.6441487,61.55078,0.7386819,1.0,0.7386819,0.12458636,0.6441487,0.0,0.0,0.6441487,0.0038512333,0.9297068,0.12458636,3.4003572,1.3575838,61.55078,-0.15225595,1.9466928,182.27829,0.5496155,0.5496155,1.0,182.27829,0.84084,0.070293166,3.4003572,0.0038512333,0.7386819,0.04069725,0.0,1.3575838,1.9466928,0.5496155,0.15225595,0.0,0.7386819,0.15225595,0.8775106,0.5496155,1.0,0.6441487,lookahead,beam_orig1_bm3-s0to50br1
/work/T-REX/external/Proteina-Complexa/inference/search_binder_local_pipeline_32_PDL1_ALPHA_REPACK_v7_r006_cand_v7r006_hyp_0006_01_002_a778160daa715/job_0_n_197_id_13_beam_orig2_bm3-s0to50br1/job_0_n_197_id_13_beam_orig2_bm3-s0to50br1.pdb,54,"2,0,13,16,19,16,19,14,11,3,10,18,19,19,6,18,7,15,2,12,16,9,6,4,11,13,14,19,6,11,5,10,3,10,0,0,10,9,19,18,17,6,12,6,3,11,2,9,9,5,13,19,8,7,6,6,3,10,11,19,5,8,15,15,18,1,5,1,0,1,10,10,11,3,5,10,15,10,7,2,0,0,10,5,9,16,3,19,11,10,5,3,0,7,19,18,1,4,12,9,15,18,7,7,0,3,18,11,1,9,16,19,11,19,2,0,11,10,3,6,0,6,0,3,18,11,11,0,10,6,10,11,14,2,3,0,10,0,8,0,2,10,7,2,19,18,11,0,5,7,11,10,3,6,0,6,11,6,18,11,16,0,10,11,10,3,14,6,15,14,10,19,6,3,10,0,10,2,7,10,7,2,19,18,11,0,5,7,2,10,3,6,0,6,11,0,18,0,0,0,0,0,0,0,0,0,0,0,0,0,0,0,0,0,0,0,0,0,0,0,0,0,0,0,0,0,0,0,0,0",-0.7218309,0.52233607,3.0,0.0024100987,124.525246,0.0048201974,1.0,0.0048201974,0.4576358,0.0,0.0,0.0,0.0024100987,0.0037926377,0.8230796,0.4576358,17.364542,1.3470832,124.525246,-0.7218309,4.383424,228.11078,0.0,0.0,1.0,228.11078,0.123662025,0.17692041,17.364542,0.0037926377,0.0,0.52233607,0.0,1.3470832,4.383424,0.0,0.7218309,0.0,0.0,0.7218309,0.57514244,0.0,1.0,0.0,lookahead,beam_orig2_bm3-s0to50br1
/work/T-REX/external/Proteina-Complexa/inference/search_binder_local_pipeline_32_PDL1_ALPHA_REPACK_v7_r006_cand_v7r006_hyp_0006_01_002_a778160daa715/job_0_n_224_id_13_beam_orig3_bm3-s0to50br1/job_0_n_224_id_13_beam_orig3_bm3-s0to50br1.pdb,55,"2,0,13,16,19,16,19,14,11,3,10,18,19,19,6,18,7,15,2,12,16,9,6,4,11,13,14,19,6,11,5,10,3,10,0,0,10,9,19,18,17,6,12,6,3,11,2,9,9,5,13,19,8,7,6,6,3,10,11,19,5,8,15,15,18,1,5,1,0,1,10,10,11,3,5,10,15,10,7,2,0,0,10,5,9,16,3,19,11,10,5,3,0,7,19,18,1,4,12,9,15,18,7,7,0,3,18,11,1,9,16,19,11,19,2,0,0,19,16,5,15,14,0,15,10,15,0,15,14,7,5,15,19,16,9,15,4,15,13,15,16,15,15,16,15,3,19,18,19,8,17,18,5,5,11,14,7,5,0,14,11,10,10,9,18,3,3,15,16,10,0,15,7,19,14,15,1,13,15,7,15,1,15,7,2,16,0,15,10,16,9,15,7,10,5,16,6,3,6,0,3,18,13,4,5,19,5,10,7,14,9,10,10,13,7,7,7,16,11,10,16,19,2,7,0,0,0,0,0,0",-0.6868221,0.4247087,3.0,0.0057146708,133.17453,0.005944999,1.0,0.005944999,0.40615636,0.0,0.0,0.0,0.0057146708,0.0018805034,0.838426,0.40615636,22.207323,1.364123,133.17453,-0.6868221,4.360549,205.72,0.0,0.005484342,1.0,205.72,0.14092597,0.16157398,22.207323,0.0018805034,0.0,0.4247087,0.0,1.364123,4.360549,0.0,0.6868221,0.0,0.0,0.6868221,0.5359393,0.005484342,1.0,0.0,lookahead,beam_orig3_bm3-s0to50br1
/work/T-REX/external/Proteina-Complexa/inference/search_binder_local_pipeline_32_PDL1_ALPHA_REPACK_v7_r006_cand_v7r006_hyp_0006_01_002_a778160daa715/job_0_n_230_id_14_beam_orig0_bm3-s0to50br2/job_0_n_230_id_14_beam_orig0_bm3-s0to50br2.pdb,56,"2,0,13,16,19,16,19,14,11,3,10,18,19,19,6,18,7,15,2,12,16,9,6,4,11,13,14,19,6,11,5,10,3,10,0,0,10,9,19,18,17,6,12,6,3,11,2,9,9,5,13,19,8,7,6,6,3,10,11,19,5,8,15,15,18,1,5,1,0,1,10,10,11,3,5,10,15,10,7,2,0,0,10,5,9,16,3,19,11,10,5,3,0,7,19,18,1,4,12,9,15,18,7,7,0,3,18,11,1,9,16,19,11,19,2,0,0,13,16,19,16,19,14,11,3,10,18,19,19,6,18,7,15,2,12,16,9,6,4,11,13,14,19,6,11,5,10,3,10,0,0,10,9,19,18,17,6,12,6,3,11,2,9,9,5,13,19,8,7,6,6,3,10,11,19,5,8,15,15,18,1,5,1,0,1,10,10,11,3,5,10,15,10,7,2,0,0,10,5,9,16,3,19,11,10,5,3,0,7,19,18,1,4,12,9,15,18,7,7,0,3,18,11,1,9,16,19,11,19,2",-0.5257108,0.29583028,3.0,0.045630924,79.391975,0.048469197,1.0,0.048469197,0.31044352,0.0123442365,0.0,0.0,0.045630924,0.001750775,0.86114687,0.31044352,2.9557505,1.2772361,79.391975,-0.5257108,3.8689067,221.51053,0.012256274,0.04279265,1.0,221.51053,0.261236,0.13885313,2.9557505,0.001750775,0.012432199,0.29583028,0.0,1.2772361,3.8689067,0.012256274,0.5257108,0.0,0.012432199,0.5257108,0.5865896,0.04279265,1.0,0.0123442365,lookahead,beam_orig0_bm3-s0to50br2
/work/T-REX/external/Proteina-Complexa/inference/search_binder_local_pipeline_32_PDL1_ALPHA_REPACK_v7_r006_cand_v7r006_hyp_0006_01_002_a778160daa715/job_0_n_186_id_14_beam_orig1_bm3-s0to50br2/job_0_n_186_id_14_beam_orig1_bm3-s0to50br2.pdb,57,"2,0,13,16,19,16,19,14,11,3,10,18,19,19,6,18,7,15,2,12,16,9,6,4,11,13,14,19,6,11,5,10,3,10,0,0,10,9,19,18,17,6,12,6,3,11,2,9,9,5,13,19,8,7,6,6,3,10,11,19,5,8,15,15,18,1,5,1,0,1,10,10,11,3,5,10,15,10,7,2,0,0,10,5,9,16,3,19,11,10,5,3,0,7,19,18,1,4,12,9,15,18,7,7,0,3,18,11,1,9,16,19,11,19,2,0,19,5,5,0,0,3,3,10,7,9,2,10,15,11,7,16,10,3,8,10,11,1,12,6,10,3,2,14,6,9,19,19,1,10,7,6,11,13,13,19,0,0,19,10,11,16,11,6,9,15,6,6,3,0,5,11,10,18,5,6,10,11,11,1,10,6,11,6,5,0,0,0,0,0,0,0,0,0,0,0,0,0,0,0,0,0,0,0,0,0,0,0,0,0,0,0,0,0,0,0,0,0,0,0,0,0,0,0,0,0,0,0,0,0",-0.5086622,0.29617825,3.0,0.03732763,84.18325,0.049111776,1.0,0.049111776,0.36759117,0.013103424,0.0,0.0,0.03732763,0.005920553,0.7361162,0.36759117,5.2776256,2.237098,84.18325,-0.5086622,3.7316148,234.67902,0.011657353,0.025543483,1.0,234.67902,0.26442483,0.26388386,5.2776256,0.005920553,0.014549494,0.29617825,0.0,2.237098,3.7316148,0.011657353,0.5086622,0.0,0.014549494,0.5086622,0.6564147,0.025543483,1.0,0.013103424,lookahead,beam_orig1_bm3-s0to50br2
/work/T-REX/external/Proteina-Complexa/inference/search_binder_local_pipeline_32_PDL1_ALPHA_REPACK_v7_r006_cand_v7r006_hyp_0006_01_002_a778160daa715/job_0_n_197_id_14_beam_orig2_bm3-s0to50br2/job_0_n_197_id_14_beam_orig2_bm3-s0to50br2.pdb,58,"2,0,13,16,19,16,19,14,11,3,10,18,19,19,6,18,7,15,2,12,16,9,6,4,11,13,14,19,6,11,5,10,3,10,0,0,10,9,19,18,17,6,12,6,3,11,2,9,9,5,13,19,8,7,6,6,3,10,11,19,5,8,15,15,18,1,5,1,0,1,10,10,11,3,5,10,15,10,7,2,0,0,10,5,9,16,3,19,11,10,5,3,0,7,19,18,1,4,12,9,15,18,7,7,0,3,18,11,1,9,16,19,11,19,2,0,6,19,10,18,13,6,3,7,11,9,6,9,14,14,6,10,5,6,11,9,10,16,0,10,11,2,7,7,16,19,11,19,18,10,0,3,9,11,6,9,3,14,19,1,3,13,13,3,15,11,2,9,14,14,2,1,18,6,9,10,15,10,14,16,19,14,6,15,6,0,17,11,0,1,1,19,6,9,11,19,15,0,0,0,0,0,0,0,0,0,0,0,0,0,0,0,0,0,0,0,0,0,0,0,0,0,0,0,0,0,0,0,0,0",-0.30874732,0.11492542,3.0,0.25997946,62.05071,0.2981047,1.0,0.2981047,0.24200699,0.25962186,0.0,0.0,0.25997946,0.0047231624,0.8154514,0.24200699,3.916002,2.0999756,62.05071,-0.30874732,3.0104854,202.11295,0.221139,0.22185422,1.0,202.11295,0.58748895,0.18454863,3.916002,0.0047231624,0.2981047,0.11492542,0.0,2.0999756,3.0104854,0.221139,0.30874732,0.0,0.2981047,0.30874732,0.77830786,0.22185422,1.0,0.25962186,lookahead,beam_orig2_bm3-s0to50br2
/work/T-REX/external/Proteina-Complexa/inference/search_binder_local_pipeline_32_PDL1_ALPHA_REPACK_v7_r006_cand_v7r006_hyp_0006_01_002_a778160daa715/job_0_n_224_id_14_beam_orig3_bm3-s0to50br2/job_0_n_224_id_14_beam_orig3_bm3-s0to50br2.pdb,59,"2,0,13,16,19,16,19,14,11,3,10,18,19,19,6,18,7,15,2,12,16,9,6,4,11,13,14,19,6,11,5,10,3,10,0,0,10,9,19,18,17,6,12,6,3,11,2,9,9,5,13,19,8,7,6,6,3,10,11,19,5,8,15,15,18,1,5,1,0,1,10,10,11,3,5,10,15,10,7,2,0,0,10,5,9,16,3,19,11,10,5,3,0,7,19,18,1,4,12,9,15,18,7,7,0,3,18,11,1,9,16,19,11,19,2,0,19,10,16,5,16,8,15,10,12,15,0,15,14,7,6,1,19,16,10,15,4,15,0,15,15,15,19,15,15,15,18,10,8,17,18,5,5,11,14,7,11,15,14,11,10,17,9,18,15,16,15,2,10,0,15,7,19,14,0,1,13,15,7,15,7,15,7,16,15,18,15,10,16,9,15,15,19,6,0,6,3,0,0,16,18,13,4,5,5,17,15,8,15,14,14,16,13,7,7,7,16,11,10,6,9,11,1,10,0,0,0,0,0,0",-0.57977974,0.34357253,3.0,0.020379584,127.12675,0.034477156,1.0,0.034477156,0.367451,0.006021668,0.0,0.0,0.020379584,0.0036449952,0.804248,0.367451,25.363495,1.7005944,127.12675,-0.57977974,4.1952233,235.47917,0.0,0.006282015,1.0,235.47917,0.22045171,0.19575202,25.363495,0.0036449952,0.012043336,0.34357253,0.0,1.7005944,4.1952233,0.0,0.57977974,0.0,0.012043336,0.57977974,0.57398933,0.006282015,1.0,0.006021668,lookahead,beam_orig3_bm3-s0to50br2
/work/T-REX/external/Proteina-Complexa/inference/search_binder_local_pipeline_32_PDL1_ALPHA_REPACK_v7_r006_cand_v7r006_hyp_0006_01_002_a778160daa715/job_0_n_230_id_15_beam_orig0_bm3-s0to50br3/job_0_n_230_id_15_beam_orig0_bm3-s0to50br3.pdb,60,"2,0,13,16,19,16,19,14,11,3,10,18,19,19,6,18,7,15,2,12,16,9,6,4,11,13,14,19,6,11,5,10,3,10,0,0,10,9,19,18,17,6,12,6,3,11,2,9,9,5,13,19,8,7,6,6,3,10,11,19,5,8,15,15,18,1,5,1,0,1,10,10,11,3,5,10,15,10,7,2,0,0,10,5,9,16,3,19,11,10,5,3,0,7,19,18,1,4,12,9,15,18,7,7,0,3,18,11,1,9,16,19,11,19,2,0,13,16,19,16,19,14,11,3,10,18,19,19,6,18,7,15,2,12,16,9,6,4,11,13,14,19,6,11,5,10,3,10,0,0,10,9,19,18,17,6,12,6,3,11,2,9,9,5,13,19,8,7,6,6,3,10,11,19,5,8,15,15,18,1,5,1,0,1,10,10,11,3,5,10,15,10,7,2,0,0,10,5,9,16,3,19,11,10,5,3,0,7,19,18,1,4,12,9,15,18,7,7,0,3,18,11,1,9,16,19,11,19,2,0",-0.5234179,0.29419905,3.0,0.044139504,55.45328,0.045864835,1.0,0.045864835,0.30927503,0.012567315,0.0,0.0,0.044139504,0.0016675999,0.8630843,0.30927503,3.0066898,1.2772685,55.45328,-0.5234179,3.8797667,199.50775,0.012153501,0.042414177,1.0,199.50775,0.26046163,0.13691568,3.0066898,0.0016675999,0.012981129,0.29419905,0.0,1.2772685,3.8797667,0.012153501,0.5234179,0.0,0.012981129,0.5234179,0.58629525,0.042414177,1.0,0.012567315,lookahead,beam_orig0_bm3-s0to50br3
/work/T-REX/external/Proteina-Complexa/inference/search_binder_local_pipeline_32_PDL1_ALPHA_REPACK_v7_r006_cand_v7r006_hyp_0006_01_002_a778160daa715/job_0_n_186_id_15_beam_orig1_bm3-s0to50br3/job_0_n_186_id_15_beam_orig1_bm3-s0to50br3.pdb,61,"2,0,13,16,19,16,19,14,11,3,10,18,19,19,6,18,7,15,2,12,16,9,6,4,11,13,14,19,6,11,5,10,3,10,0,0,10,9,19,18,17,6,12,6,3,11,2,9,9,5,13,19,8,7,6,6,3,10,11,19,5,8,15,15,18,1,5,1,0,1,10,10,11,3,5,10,15,10,7,2,0,0,10,5,9,16,3,19,11,10,5,3,0,7,19,18,1,4,12,9,15,18,7,7,0,3,18,11,1,9,16,19,11,19,2,0,7,3,1,6,6,19,6,5,13,9,0,6,10,11,0,6,11,3,14,10,0,0,18,14,9,0,0,12,5,8,6,10,3,6,2,2,14,15,7,0,10,5,19,1,11,6,13,10,6,10,11,0,1,7,0,2,15,10,6,18,5,1,10,18,0,11,16,12,3,7,0,0,0,0,0,0,0,0,0,0,0,0,0,0,0,0,0,0,0,0,0,0,0,0,0,0,0,0,0,0,0,0,0,0,0,0,0,0,0,0,0,0,0,0",-0.31554738,0.17713217,3.0,0.16840386,44.565983,0.18619606,1.0,0.18619606,0.23018992,0.15837444,0.0,0.0,0.16840386,0.003483143,0.8613318,0.23018992,3.1713269,1.6085554,44.565983,-0.31554738,2.8887708,184.83977,0.1449509,0.15061165,1.0,184.83977,0.53139853,0.13866821,3.1713269,0.003483143,0.17179799,0.17713217,0.0,1.6085554,2.8887708,0.1449509,0.31554738,0.0,0.17179799,0.31554738,0.7625562,0.15061165,1.0,0.15837444,lookahead,beam_orig1_bm3-s0to50br3
/work/T-REX/external/Proteina-Complexa/inference/search_binder_local_pipeline_32_PDL1_ALPHA_REPACK_v7_r006_cand_v7r006_hyp_0006_01_002_a778160daa715/job_0_n_197_id_15_beam_orig2_bm3-s0to50br3/job_0_n_197_id_15_beam_orig2_bm3-s0to50br3.pdb,62,"2,0,13,16,19,16,19,14,11,3,10,18,19,19,6,18,7,15,2,12,16,9,6,4,11,13,14,19,6,11,5,10,3,10,0,0,10,9,19,18,17,6,12,6,3,11,2,9,9,5,13,19,8,7,6,6,3,10,11,19,5,8,15,15,18,1,5,1,0,1,10,10,11,3,5,10,15,10,7,2,0,0,10,5,9,16,3,19,11,10,5,3,0,7,19,18,1,4,12,9,15,18,7,7,0,3,18,11,1,9,16,19,11,19,2,0,15,15,11,3,11,10,2,5,10,10,11,3,10,2,11,0,18,11,6,2,11,18,8,10,19,19,3,18,0,5,6,9,11,11,10,10,3,11,3,15,6,10,11,16,6,13,3,11,11,0,0,6,19,6,11,11,6,14,15,16,10,11,0,18,10,5,12,0,7,13,16,6,11,6,0,3,0,19,9,0,12,0,0,0,0,0,0,0,0,0,0,0,0,0,0,0,0,0,0,0,0,0,0,0,0,0,0,0,0,0,0,0,0,0",-0.46232125,0.26697743,3.0,0.07107574,64.46117,0.08138705,1.0,0.08138705,0.3075291,0.013067437,0.0,0.0,0.07107574,0.0050467416,0.85595864,0.3075291,4.0995336,1.5132216,64.46117,-0.46232125,3.849612,197.9524,0.0128989825,0.060764417,1.0,197.9524,0.30586094,0.14404134,4.0995336,0.0050467416,0.013235892,0.26697743,0.0,1.5132216,3.849612,0.0128989825,0.46232125,0.0,0.013235892,0.46232125,0.6542138,0.060764417,1.0,0.013067437,lookahead,beam_orig2_bm3-s0to50br3
/work/T-REX/external/Proteina-Complexa/inference/search_binder_local_pipeline_32_PDL1_ALPHA_REPACK_v7_r006_cand_v7r006_hyp_0006_01_002_a778160daa715/job_0_n_224_id_15_beam_orig3_bm3-s0to50br3/job_0_n_224_id_15_beam_orig3_bm3-s0to50br3.pdb,63,"2,0,13,16,19,16,19,14,11,3,10,18,19,19,6,18,7,15,2,12,16,9,6,4,11,13,14,19,6,11,5,10,3,10,0,0,10,9,19,18,17,6,12,6,3,11,2,9,9,5,13,19,8,7,6,6,3,10,11,19,5,8,15,15,18,1,5,1,0,1,10,10,11,3,5,10,15,10,7,2,0,0,10,5,9,16,3,19,11,10,5,3,0,7,19,18,1,4,12,9,15,18,7,7,0,3,18,11,1,9,16,19,11,19,2,0,0,11,10,10,19,14,0,15,19,15,7,16,16,7,7,16,19,16,10,14,4,19,19,6,0,3,1,3,10,16,6,3,6,11,0,15,10,16,17,11,7,14,11,3,19,16,9,9,8,1,7,5,19,19,2,14,3,18,11,7,1,0,11,3,10,19,15,7,11,3,0,15,10,5,9,15,3,10,1,14,6,3,0,7,19,18,6,4,12,19,15,18,6,7,16,10,10,15,7,11,16,5,10,16,19,11,3,14,0,0,0,0,0,0",-0.3601587,0.16322844,3.0,0.17141005,132.56052,0.18573226,1.0,0.18573226,0.23366348,0.14010331,0.0,0.0,0.17141005,0.0027984409,0.8747115,0.23366348,26.417578,1.4713217,132.56052,-0.3601587,3.114497,285.56815,0.108606145,0.15708783,1.0,285.56815,0.5044818,0.12528846,26.417578,0.0027984409,0.17160049,0.16322844,0.0,1.4713217,3.114497,0.108606145,0.3601587,0.0,0.17160049,0.3601587,0.70638335,0.15708783,1.0,0.14010331,lookahead,beam_orig3_bm3-s0to50br3
/work/T-REX/external/Proteina-Complexa/inference/search_binder_local_pipeline_32_PDL1_ALPHA_REPACK_v7_r006_cand_v7r006_hyp_0006_01_002_a778160daa715/job_0_n_230_id_16_beam_orig0_bm2-s0to50br2-s50to100br0/job_0_n_230_id_16_beam_orig0_bm2-s0to50br2-s50to100br0.pdb,64,"2,0,13,16,19,16,19,14,11,3,10,18,19,19,6,18,7,15,2,12,16,9,6,4,11,13,14,19,6,11,5,10,3,10,0,0,10,9,19,18,17,6,12,6,3,11,2,9,9,5,13,19,8,7,6,6,3,10,11,19,5,8,15,15,18,1,5,1,0,1,10,10,11,3,5,10,15,10,7,2,0,0,10,5,9,16,3,19,11,10,5,3,0,7,19,18,1,4,12,9,15,18,7,7,0,3,18,11,1,9,16,19,11,19,2,0,0,13,16,19,16,19,14,11,3,10,18,19,19,6,18,7,15,2,12,16,9,6,4,11,13,14,19,6,11,5,10,3,10,0,0,10,9,19,18,17,6,12,6,3,11,2,9,9,5,13,19,8,7,6,6,3,10,11,19,5,8,15,15,18,1,5,1,0,1,10,10,11,3,5,10,15,10,7,2,0,0,10,5,9,16,3,19,11,10,5,3,0,7,19,18,1,4,12,9,15,18,7,7,0,3,18,11,1,9,16,19,11,19,2",-0.52735966,0.2996306,3.0,0.044162393,55.47331,0.047227856,1.0,0.047227856,0.31111893,0.012287671,0.0,0.0,0.044162393,0.0017868459,0.8614826,0.31111893,2.7191498,1.273095,55.47331,-0.52735966,3.870515,204.94025,0.012051058,0.041096933,1.0,204.94025,0.26025182,0.13851736,2.7191498,0.0017868459,0.012524284,0.2996306,0.0,1.273095,3.870515,0.012051058,0.52735966,0.0,0.012524284,0.52735966,0.5859764,0.041096933,1.0,0.012287671,lookahead,beam_orig0_bm2-s0to50br2-s50to100br0
/work/T-REX/external/Proteina-Complexa/inference/search_binder_local_pipeline_32_PDL1_ALPHA_REPACK_v7_r006_cand_v7r006_hyp_0006_01_002_a778160daa715/job_0_n_186_id_16_beam_orig1_bm3-s0to50br1-s50to100br0/job_0_n_186_id_16_beam_orig1_bm3-s0to50br1-s50to100br0.pdb,65,"2,0,13,16,19,16,19,14,11,3,10,18,19,19,6,18,7,15,2,12,16,9,6,4,11,13,14,19,6,11,5,10,3,10,0,0,10,9,19,18,17,6,12,6,3,11,2,9,9,5,13,19,8,7,6,6,3,10,11,19,5,8,15,15,18,1,5,1,0,1,10,10,11,3,5,10,15,10,7,2,0,0,10,5,9,16,3,19,11,10,5,3,0,7,19,18,1,4,12,9,15,18,7,7,0,3,18,11,1,9,16,19,11,19,2,0,15,14,6,6,6,5,11,9,19,6,11,0,19,5,11,10,10,0,6,16,11,7,11,16,10,15,15,6,6,0,8,11,11,15,5,11,9,19,11,3,19,4,6,6,6,7,10,16,10,15,3,15,16,18,15,11,9,19,10,11,19,13,0,0,18,11,3,10,16,0,0,0,0,0,0,0,0,0,0,0,0,0,0,0,0,0,0,0,0,0,0,0,0,0,0,0,0,0,0,0,0,0,0,0,0,0,0,0,0,0,0,0,0,0",-0.17422819,0.059637133,3.0,0.52450585,64.75497,0.594826,1.0,0.594826,0.13947622,0.52450585,0.0,0.0,0.52450585,0.003923109,0.9133155,0.13947622,3.14578,1.4450898,64.75497,-0.17422819,2.146488,186.71844,0.45418575,0.45418575,1.0,186.71844,0.7893206,0.08668451,3.14578,0.003923109,0.594826,0.059637133,0.0,1.4450898,2.146488,0.45418575,0.17422819,0.0,0.594826,0.17422819,0.8612951,0.45418575,1.0,0.52450585,lookahead,beam_orig1_bm3-s0to50br1-s50to100br0
/work/T-REX/external/Proteina-Complexa/inference/search_binder_local_pipeline_32_PDL1_ALPHA_REPACK_v7_r006_cand_v7r006_hyp_0006_01_002_a778160daa715/job_0_n_197_id_16_beam_orig2_bm2-s0to50br1-s50to100br0/job_0_n_197_id_16_beam_orig2_bm2-s0to50br1-s50to100br0.pdb,66,"2,0,13,16,19,16,19,14,11,3,10,18,19,19,6,18,7,15,2,12,16,9,6,4,11,13,14,19,6,11,5,10,3,10,0,0,10,9,19,18,17,6,12,6,3,11,2,9,9,5,13,19,8,7,6,6,3,10,11,19,5,8,15,15,18,1,5,1,0,1,10,10,11,3,5,10,15,10,7,2,0,0,10,5,9,16,3,19,11,10,5,3,0,7,19,18,1,4,12,9,15,18,7,7,0,3,18,11,1,9,16,19,11,19,2,0,15,10,6,11,9,0,2,15,9,6,11,0,10,19,10,18,7,3,11,19,16,16,10,3,6,11,7,1,5,5,13,0,6,13,9,7,11,6,10,1,3,6,7,6,2,14,14,5,3,1,9,2,10,0,19,5,18,0,19,6,11,0,7,5,10,11,14,5,6,19,0,11,6,0,0,11,9,9,16,6,7,0,0,0,0,0,0,0,0,0,0,0,0,0,0,0,0,0,0,0,0,0,0,0,0,0,0,0,0,0,0,0,0,0",-0.34964633,0.1913633,3.0,0.15098256,51.731384,0.15379946,1.0,0.15379946,0.2472171,0.122810006,0.0,0.0,0.15098256,0.003382869,0.846256,0.2472171,2.0844898,1.7622191,51.731384,-0.34964633,3.139805,204.01326,0.0989336,0.14816567,1.0,204.01326,0.5219362,0.15374398,2.0844898,0.003382869,0.14668642,0.1913633,0.0,1.7622191,3.139805,0.0989336,0.34964633,0.0,0.14668642,0.34964633,0.74097425,0.14816567,1.0,0.122810006,lookahead,beam_orig2_bm2-s0to50br1-s50to100br0
/work/T-REX/external/Proteina-Complexa/inference/search_binder_local_pipeline_32_PDL1_ALPHA_REPACK_v7_r006_cand_v7r006_hyp_0006_01_002_a778160daa715/job_0_n_224_id_16_beam_orig3_bm0-s0to50br1-s50to100br0/job_0_n_224_id_16_beam_orig3_bm0-s0to50br1-s50to100br0.pdb,67,"2,0,13,16,19,16,19,14,11,3,10,18,19,19,6,18,7,15,2,12,16,9,6,4,11,13,14,19,6,11,5,10,3,10,0,0,10,9,19,18,17,6,12,6,3,11,2,9,9,5,13,19,8,7,6,6,3,10,11,19,5,8,15,15,18,1,5,1,0,1,10,10,11,3,5,10,15,10,7,2,0,0,10,5,9,16,3,19,11,10,5,3,0,7,19,18,1,4,12,9,15,18,7,7,0,3,18,11,1,9,16,19,11,19,2,0,0,10,16,19,16,0,14,11,14,10,18,16,19,15,6,7,0,2,19,16,10,6,4,11,14,15,1,16,10,16,15,16,16,16,19,10,17,11,7,14,15,11,6,11,19,10,5,13,0,7,7,11,0,16,16,18,7,6,13,11,7,1,0,16,10,19,15,16,2,2,0,15,10,5,9,16,15,16,11,14,15,3,15,7,19,18,6,4,10,19,13,3,16,10,7,0,3,3,0,11,9,6,10,2,19,10,0,14,0,0,0,0,0,0",-0.6351591,0.3588414,3.0,0.006114208,105.004845,0.006177782,1.0,0.006177782,0.38362625,0.0,0.0,0.0,0.006114208,0.0020095971,0.83162236,0.38362625,9.750136,1.521599,105.004845,-0.6351591,4.2464466,236.67432,0.0,0.006050634,1.0,236.67432,0.18465704,0.16837767,9.750136,0.0020095971,0.0,0.3588414,0.0,1.521599,4.2464466,0.0,0.6351591,0.0,0.0,0.6351591,0.55789304,0.006050634,1.0,0.0,lookahead,beam_orig3_bm0-s0to50br1-s50to100br0
/work/T-REX/external/Proteina-Complexa/inference/search_binder_local_pipeline_32_PDL1_ALPHA_REPACK_v7_r006_cand_v7r006_hyp_0006_01_002_a778160daa715/job_0_n_230_id_17_beam_orig0_bm2-s0to50br2-s50to100br1/job_0_n_230_id_17_beam_orig0_bm2-s0to50br2-s50to100br1.pdb,68,"2,0,13,16,19,16,19,14,11,3,10,18,19,19,6,18,7,15,2,12,16,9,6,4,11,13,14,19,6,11,5,10,3,10,0,0,10,9,19,18,17,6,12,6,3,11,2,9,9,5,13,19,8,7,6,6,3,10,11,19,5,8,15,15,18,1,5,1,0,1,10,10,11,3,5,10,15,10,7,2,0,0,10,5,9,16,3,19,11,10,5,3,0,7,19,18,1,4,12,9,15,18,7,7,0,3,18,11,1,9,16,19,11,19,2,0,0,13,16,19,16,19,14,11,3,10,18,19,19,6,18,7,15,2,12,16,9,6,4,11,13,14,19,6,11,5,10,3,10,0,0,10,9,19,18,17,6,12,6,3,11,2,9,9,5,13,19,8,7,6,6,3,10,11,19,5,8,15,15,18,1,5,1,0,1,10,10,11,3,5,10,15,10,7,2,0,0,10,5,9,16,3,19,11,10,5,3,0,7,19,18,1,4,12,9,15,18,7,7,0,3,18,11,1,9,16,19,11,19,2",-0.51618075,0.28642198,3.0,0.04943969,61.92312,0.05146722,1.0,0.05146722,0.3052303,0.012817202,0.0,0.0,0.04943969,0.00182707,0.8615415,0.3052303,2.2269182,1.2688599,61.92312,-0.51618075,3.839715,209.1268,0.01260984,0.047412165,1.0,209.1268,0.26563364,0.1384585,2.2269182,0.00182707,0.013024563,0.28642198,0.0,1.2688599,3.839715,0.01260984,0.51618075,0.0,0.013024563,0.51618075,0.588706,0.047412165,1.0,0.012817202,lookahead,beam_orig0_bm2-s0to50br2-s50to100br1
/work/T-REX/external/Proteina-Complexa/inference/search_binder_local_pipeline_32_PDL1_ALPHA_REPACK_v7_r006_cand_v7r006_hyp_0006_01_002_a778160daa715/job_0_n_186_id_17_beam_orig1_bm3-s0to50br1-s50to100br1/job_0_n_186_id_17_beam_orig1_bm3-s0to50br1-s50to100br1.pdb,69,"2,0,13,16,19,16,19,14,11,3,10,18,19,19,6,18,7,15,2,12,16,9,6,4,11,13,14,19,6,11,5,10,3,10,0,0,10,9,19,18,17,6,12,6,3,11,2,9,9,5,13,19,8,7,6,6,3,10,11,19,5,8,15,15,18,1,5,1,0,1,10,10,11,3,5,10,15,10,7,2,0,0,10,5,9,16,3,19,11,10,5,3,0,7,19,18,1,4,12,9,15,18,7,7,0,3,18,11,1,9,16,19,11,19,2,0,10,15,14,6,19,11,6,0,19,6,9,0,11,2,9,19,6,6,11,11,2,3,16,16,10,16,3,6,3,10,13,5,10,19,18,5,6,19,9,10,6,10,1,6,11,3,9,16,10,16,15,15,6,10,15,16,10,11,10,8,9,13,7,9,9,11,6,15,1,6,0,0,0,0,0,0,0,0,0,0,0,0,0,0,0,0,0,0,0,0,0,0,0,0,0,0,0,0,0,0,0,0,0,0,0,0,0,0,0,0,0,0,0,0",-0.5495163,0.32909343,3.0,0.01868115,119.58733,0.029799283,1.0,0.029799283,0.3800422,0.0072202147,0.0,0.0,0.01868115,0.008358532,0.7546009,0.3800422,7.694974,1.6010096,119.58733,-0.5495163,3.6963222,223.4554,0.0,0.0075630164,1.0,223.4554,0.23403811,0.24539909,7.694974,0.008358532,0.014440429,0.32909343,0.0,1.6010096,3.6963222,0.0,0.5495163,0.0,0.014440429,0.5495163,0.6490407,0.0075630164,1.0,0.0072202147,lookahead,beam_orig1_bm3-s0to50br1-s50to100br1
/work/T-REX/external/Proteina-Complexa/inference/search_binder_local_pipeline_32_PDL1_ALPHA_REPACK_v7_r006_cand_v7r006_hyp_0006_01_002_a778160daa715/job_0_n_197_id_17_beam_orig2_bm2-s0to50br1-s50to100br1/job_0_n_197_id_17_beam_orig2_bm2-s0to50br1-s50to100br1.pdb,70,"2,0,13,16,19,16,19,14,11,3,10,18,19,19,6,18,7,15,2,12,16,9,6,4,11,13,14,19,6,11,5,10,3,10,0,0,10,9,19,18,17,6,12,6,3,11,2,9,9,5,13,19,8,7,6,6,3,10,11,19,5,8,15,15,18,1,5,1,0,1,10,10,11,3,5,10,15,10,7,2,0,0,10,5,9,16,3,19,11,10,5,3,0,7,19,18,1,4,12,9,15,18,7,7,0,3,18,11,1,9,16,19,11,19,2,0,15,11,6,11,9,19,2,3,9,18,1,0,10,19,19,4,7,15,14,16,0,11,15,15,11,6,19,10,19,0,0,19,6,10,19,7,11,19,10,1,3,2,7,18,2,14,16,6,3,3,10,5,1,13,10,6,9,10,11,3,14,11,2,3,5,11,16,14,11,6,9,0,5,6,10,19,5,0,13,6,15,0,0,0,0,0,0,0,0,0,0,0,0,0,0,0,0,0,0,0,0,0,0,0,0,0,0,0,0,0,0,0,0,0",-0.21625783,0.08915582,3.0,0.3653019,27.053,0.39437,1.0,0.39437,0.15747944,0.3653019,0.0,0.0,0.3653019,0.001637408,0.9138026,0.15747944,0.5257241,1.4422939,27.053,-0.21625783,2.562609,166.6713,0.33623382,0.33623382,1.0,166.6713,0.6836363,0.08619738,0.5257241,0.001637408,0.39437,0.08915582,0.0,1.4422939,2.562609,0.33623382,0.21625783,0.0,0.39437,0.21625783,0.8094788,0.33623382,1.0,0.3653019,lookahead,beam_orig2_bm2-s0to50br1-s50to100br1
/work/T-REX/external/Proteina-Complexa/inference/search_binder_local_pipeline_32_PDL1_ALPHA_REPACK_v7_r006_cand_v7r006_hyp_0006_01_002_a778160daa715/job_0_n_224_id_17_beam_orig3_bm0-s0to50br1-s50to100br1/job_0_n_224_id_17_beam_orig3_bm0-s0to50br1-s50to100br1.pdb,71,"2,0,13,16,19,16,19,14,11,3,10,18,19,19,6,18,7,15,2,12,16,9,6,4,11,13,14,19,6,11,5,10,3,10,0,0,10,9,19,18,17,6,12,6,3,11,2,9,9,5,13,19,8,7,6,6,3,10,11,19,5,8,15,15,18,1,5,1,0,1,10,10,11,3,5,10,15,10,7,2,0,0,10,5,9,16,3,19,11,10,5,3,0,7,19,18,1,4,12,9,15,18,7,7,0,3,18,11,1,9,16,19,11,19,2,0,0,10,16,19,16,0,14,11,14,10,18,15,0,11,0,7,0,15,19,16,10,6,4,11,10,15,1,15,10,16,15,0,16,15,19,10,17,11,7,14,11,2,16,11,19,10,5,13,0,15,7,6,6,16,19,18,3,14,13,11,7,1,0,1,10,10,7,7,5,3,0,15,10,5,9,16,3,10,1,10,15,3,15,7,19,18,6,4,10,19,13,3,15,8,7,19,3,3,0,11,9,16,10,2,19,16,0,14,0,0,0,0,0,0",-0.5953646,0.31720123,3.0,0.015796058,87.833824,0.01686418,1.0,0.01686418,0.36232886,0.011324091,0.0,0.0,0.015796058,0.0021481453,0.834074,0.36232886,6.3987584,1.4385879,87.833824,-0.5953646,4.191807,230.31258,0.011038912,0.014727933,1.0,230.31258,0.20294982,0.16592598,6.3987584,0.0021481453,0.01160927,0.31720123,0.0,1.4385879,4.191807,0.011038912,0.5953646,0.0,0.01160927,0.5953646,0.564138,0.014727933,1.0,0.011324091,lookahead,beam_orig3_bm0-s0to50br1-s50to100br1
/work/T-REX/external/Proteina-Complexa/inference/search_binder_local_pipeline_32_PDL1_ALPHA_REPACK_v7_r006_cand_v7r006_hyp_0006_01_002_a778160daa715/job_0_n_230_id_18_beam_orig0_bm2-s0to50br2-s50to100br2/job_0_n_230_id_18_beam_orig0_bm2-s0to50br2-s50to100br2.pdb,72,"2,0,13,16,19,16,19,14,11,3,10,18,19,19,6,18,7,15,2,12,16,9,6,4,11,13,14,19,6,11,5,10,3,10,0,0,10,9,19,18,17,6,12,6,3,11,2,9,9,5,13,19,8,7,6,6,3,10,11,19,5,8,15,15,18,1,5,1,0,1,10,10,11,3,5,10,15,10,7,2,0,0,10,5,9,16,3,19,11,10,5,3,0,7,19,18,1,4,12,9,15,18,7,7,0,3,18,11,1,9,16,19,11,19,2,0,0,13,16,19,16,19,14,11,3,10,18,19,19,6,18,7,15,2,12,16,9,6,4,11,13,14,19,6,11,5,10,3,10,0,0,10,9,19,18,17,6,12,6,3,11,2,9,9,5,13,19,8,7,6,6,3,10,11,19,5,8,15,15,18,1,5,1,0,1,10,10,11,3,5,10,15,10,7,2,0,0,10,5,9,16,3,19,11,10,5,3,0,7,19,18,1,4,12,9,15,18,7,7,0,3,18,11,1,9,16,19,11,19,2",-0.5210824,0.29261717,3.0,0.048194714,62.35779,0.050175246,1.0,0.050175246,0.30774218,0.01246865,0.0,0.0,0.048194714,0.0017655179,0.8618457,0.30774218,3.2804184,1.2693967,62.35779,-0.5210824,3.8586507,204.80078,0.0120751485,0.04621418,1.0,204.80078,0.26492223,0.13815433,3.2804184,0.0017655179,0.0128621515,0.29261717,0.0,1.2693967,3.8586507,0.0120751485,0.5210824,0.0,0.0128621515,0.5210824,0.58863926,0.04621418,1.0,0.01246865,lookahead,beam_orig0_bm2-s0to50br2-s50to100br2
/work/T-REX/external/Proteina-Complexa/inference/search_binder_local_pipeline_32_PDL1_ALPHA_REPACK_v7_r006_cand_v7r006_hyp_0006_01_002_a778160daa715/job_0_n_186_id_18_beam_orig1_bm3-s0to50br1-s50to100br2/job_0_n_186_id_18_beam_orig1_bm3-s0to50br1-s50to100br2.pdb,73,"2,0,13,16,19,16,19,14,11,3,10,18,19,19,6,18,7,15,2,12,16,9,6,4,11,13,14,19,6,11,5,10,3,10,0,0,10,9,19,18,17,6,12,6,3,11,2,9,9,5,13,19,8,7,6,6,3,10,11,19,5,8,15,15,18,1,5,1,0,1,10,10,11,3,5,10,15,10,7,2,0,0,10,5,9,16,3,19,11,10,5,3,0,7,19,18,1,4,12,9,15,18,7,7,0,3,18,11,1,9,16,19,11,19,2,0,15,2,6,3,19,5,11,0,19,6,0,0,11,2,18,9,11,6,2,10,3,11,18,11,7,2,1,6,11,10,9,5,7,0,11,11,5,10,1,3,18,12,1,3,2,2,10,16,10,16,14,15,5,6,0,1,19,6,10,6,9,5,4,13,19,19,6,11,16,15,0,0,0,0,0,0,0,0,0,0,0,0,0,0,0,0,0,0,0,0,0,0,0,0,0,0,0,0,0,0,0,0,0,0,0,0,0,0,0,0,0,0,0,0",-0.16665767,0.04680974,3.0,0.5839122,67.37955,0.6493383,1.0,0.6493383,0.13739704,0.5839122,0.0,0.0,0.5839122,0.0026127414,0.9062392,0.13739704,2.6699677,1.6488769,67.37955,-0.16665767,2.132395,195.45116,0.5184861,0.5184861,1.0,195.45116,0.79905,0.09376077,2.6699677,0.0026127414,0.6493383,0.04680974,0.0,1.6488769,2.132395,0.5184861,0.16665767,0.0,0.6493383,0.16665767,0.8738469,0.5184861,1.0,0.5839122,lookahead,beam_orig1_bm3-s0to50br1-s50to100br2
/work/T-REX/external/Proteina-Complexa/inference/search_binder_local_pipeline_32_PDL1_ALPHA_REPACK_v7_r006_cand_v7r006_hyp_0006_01_002_a778160daa715/job_0_n_197_id_18_beam_orig2_bm2-s0to50br1-s50to100br2/job_0_n_197_id_18_beam_orig2_bm2-s0to50br1-s50to100br2.pdb,74,"2,0,13,16,19,16,19,14,11,3,10,18,19,19,6,18,7,15,2,12,16,9,6,4,11,13,14,19,6,11,5,10,3,10,0,0,10,9,19,18,17,6,12,6,3,11,2,9,9,5,13,19,8,7,6,6,3,10,11,19,5,8,15,15,18,1,5,1,0,1,10,10,11,3,5,10,15,10,7,2,0,0,10,5,9,16,3,19,11,10,5,3,0,7,19,18,1,4,12,9,15,18,7,7,0,3,18,11,1,9,16,19,11,19,2,0,15,6,6,11,10,5,1,9,9,13,1,16,10,5,19,16,19,11,3,9,11,2,14,16,6,11,6,9,10,2,13,16,16,10,10,5,11,6,10,11,3,6,7,13,13,10,15,6,6,11,9,5,6,9,16,3,13,9,10,11,2,1,11,11,13,11,3,18,6,6,10,15,5,0,10,10,14,9,19,10,0,0,0,0,0,0,0,0,0,0,0,0,0,0,0,0,0,0,0,0,0,0,0,0,0,0,0,0,0,0,0,0,0,0",-0.1959294,0.07419604,3.0,0.45987105,35.48871,0.48701164,1.0,0.48701164,0.15207636,0.45987105,0.0,0.0,0.45987105,0.0010596425,0.9047646,0.15207636,1.0950239,1.6271067,35.48871,-0.1959294,2.3469298,172.77058,0.43273047,0.43273047,1.0,172.77058,0.7491924,0.09523543,1.0950239,0.0010596425,0.48701164,0.07419604,0.0,1.6271067,2.3469298,0.43273047,0.1959294,0.0,0.48701164,0.1959294,0.84342337,0.43273047,1.0,0.45987105,lookahead,beam_orig2_bm2-s0to50br1-s50to100br2
/work/T-REX/external/Proteina-Complexa/inference/search_binder_local_pipeline_32_PDL1_ALPHA_REPACK_v7_r006_cand_v7r006_hyp_0006_01_002_a778160daa715/job_0_n_224_id_18_beam_orig3_bm0-s0to50br1-s50to100br2/job_0_n_224_id_18_beam_orig3_bm0-s0to50br1-s50to100br2.pdb,75,"2,0,13,16,19,16,19,14,11,3,10,18,19,19,6,18,7,15,2,12,16,9,6,4,11,13,14,19,6,11,5,10,3,10,0,0,10,9,19,18,17,6,12,6,3,11,2,9,9,5,13,19,8,7,6,6,3,10,11,19,5,8,15,15,18,1,5,1,0,1,10,10,11,3,5,10,15,10,7,2,0,0,10,5,9,16,3,19,11,10,5,3,0,7,19,18,1,4,12,9,15,18,7,7,0,3,18,11,1,9,16,19,11,19,2,0,0,10,16,19,16,16,14,11,3,10,18,16,0,16,6,7,0,2,19,16,10,6,4,11,19,15,8,15,10,16,15,16,16,15,19,10,17,11,15,14,11,3,6,11,19,10,5,13,15,15,7,19,15,16,16,18,7,3,13,11,7,1,0,11,10,10,7,7,11,3,0,15,10,5,10,16,15,10,11,10,15,3,15,7,19,18,5,4,10,19,12,2,6,13,7,0,3,3,11,16,9,5,10,6,19,11,0,14,0,0,0,0,0,0",-0.2398609,0.08771647,3.0,0.3987971,44.49346,0.40643862,1.0,0.40643862,0.18108399,0.3987971,0.0,0.0,0.3987971,0.002340701,0.88499093,0.18108399,1.4226439,1.524147,44.49346,-0.2398609,3.193139,190.77678,0.3911556,0.3911556,1.0,190.77678,0.7039056,0.11500906,1.4226439,0.002340701,0.40643862,0.08771647,0.0,1.524147,3.193139,0.3911556,0.2398609,0.0,0.40643862,0.2398609,0.815595,0.3911556,1.0,0.3987971,lookahead,beam_orig3_bm0-s0to50br1-s50to100br2
/work/T-REX/external/Proteina-Complexa/inference/search_binder_local_pipeline_32_PDL1_ALPHA_REPACK_v7_r006_cand_v7r006_hyp_0006_01_002_a778160daa715/job_0_n_230_id_19_beam_orig0_bm2-s0to50br2-s50to100br3/job_0_n_230_id_19_beam_orig0_bm2-s0to50br2-s50to100br3.pdb,76,"2,0,13,16,19,16,19,14,11,3,10,18,19,19,6,18,7,15,2,12,16,9,6,4,11,13,14,19,6,11,5,10,3,10,0,0,10,9,19,18,17,6,12,6,3,11,2,9,9,5,13,19,8,7,6,6,3,10,11,19,5,8,15,15,18,1,5,1,0,1,10,10,11,3,5,10,15,10,7,2,0,0,10,5,9,16,3,19,11,10,5,3,0,7,19,18,1,4,12,9,15,18,7,7,0,3,18,11,1,9,16,19,11,19,2,0,0,13,16,19,16,19,14,11,3,10,18,19,19,6,18,7,15,2,12,16,9,6,4,11,13,14,19,6,11,5,10,3,10,0,0,10,9,19,18,17,6,12,6,3,11,2,9,9,5,13,19,8,7,6,6,3,10,11,19,5,8,15,15,18,1,5,1,0,1,10,10,11,3,5,10,15,10,7,2,0,0,10,5,9,16,3,19,11,10,5,3,0,7,19,18,1,4,12,9,15,18,7,7,0,3,18,11,1,9,16,19,11,19,2",-0.52826065,0.29977506,3.0,0.044477694,73.539925,0.04803107,1.0,0.04803107,0.3115527,0.012345221,0.0,0.0,0.044477694,0.00174242,0.86196214,0.3115527,3.4743505,1.2760354,73.539925,-0.52826065,3.8738813,215.7072,0.012022564,0.040924318,1.0,215.7072,0.26014394,0.13803785,3.4743505,0.00174242,0.012667878,0.29977506,0.0,1.2760354,3.8738813,0.012022564,0.52826065,0.0,0.012667878,0.52826065,0.58622867,0.040924318,1.0,0.012345221,lookahead,beam_orig0_bm2-s0to50br2-s50to100br3
/work/T-REX/external/Proteina-Complexa/inference/search_binder_local_pipeline_32_PDL1_ALPHA_REPACK_v7_r006_cand_v7r006_hyp_0006_01_002_a778160daa715/job_0_n_186_id_19_beam_orig1_bm3-s0to50br1-s50to100br3/job_0_n_186_id_19_beam_orig1_bm3-s0to50br1-s50to100br3.pdb,77,"2,0,13,16,19,16,19,14,11,3,10,18,19,19,6,18,7,15,2,12,16,9,6,4,11,13,14,19,6,11,5,10,3,10,0,0,10,9,19,18,17,6,12,6,3,11,2,9,9,5,13,19,8,7,6,6,3,10,11,19,5,8,15,15,18,1,5,1,0,1,10,10,11,3,5,10,15,10,7,2,0,0,10,5,9,16,3,19,11,10,5,3,0,7,19,18,1,4,12,9,15,18,7,7,0,3,18,11,1,9,16,19,11,19,2,0,15,15,11,6,1,6,11,10,19,6,6,9,19,6,6,10,19,6,5,8,11,7,11,16,13,16,2,6,6,10,18,5,19,0,2,11,7,19,5,3,18,10,11,0,11,3,9,16,19,15,3,7,6,18,15,10,9,19,10,5,19,13,7,11,10,11,6,11,10,19,0,0,0,0,0,0,0,0,0,0,0,0,0,0,0,0,0,0,0,0,0,0,0,0,0,0,0,0,0,0,0,0,0,0,0,0,0,0,0,0,0,0,0,0",-0.27850875,0.12435447,3.0,0.21617171,131.10167,0.25540748,1.0,0.25540748,0.20443496,0.21359643,0.0,0.0,0.21617171,0.0034312343,0.64090925,0.20443496,16.693995,1.4501299,131.10167,-0.27850875,2.7553742,221.94185,0.17585644,0.17693593,1.0,221.94185,0.54143304,0.35909075,16.693995,0.0034312343,0.25133643,0.12435447,0.0,1.4501299,2.7553742,0.17585644,0.27850875,0.0,0.25133643,0.27850875,0.76379573,0.17693593,1.0,0.21359643,lookahead,beam_orig1_bm3-s0to50br1-s50to100br3
/work/T-REX/external/Proteina-Complexa/inference/search_binder_local_pipeline_32_PDL1_ALPHA_REPACK_v7_r006_cand_v7r006_hyp_0006_01_002_a778160daa715/job_0_n_197_id_19_beam_orig2_bm2-s0to50br1-s50to100br3/job_0_n_197_id_19_beam_orig2_bm2-s0to50br1-s50to100br3.pdb,78,"2,0,13,16,19,16,19,14,11,3,10,18,19,19,6,18,7,15,2,12,16,9,6,4,11,13,14,19,6,11,5,10,3,10,0,0,10,9,19,18,17,6,12,6,3,11,2,9,9,5,13,19,8,7,6,6,3,10,11,19,5,8,15,15,18,1,5,1,0,1,10,10,11,3,5,10,15,10,7,2,0,0,10,5,9,16,3,19,11,10,5,3,0,7,19,18,1,4,12,9,15,18,7,7,0,3,18,11,1,9,16,19,11,19,2,0,15,6,6,11,9,0,3,9,9,1,11,19,18,2,13,13,7,3,11,0,16,15,15,2,3,11,3,1,19,0,13,19,3,10,10,19,11,6,10,1,3,6,7,18,6,10,16,5,7,5,9,11,6,9,3,3,13,9,11,11,2,0,6,11,10,11,2,6,3,18,0,19,11,6,10,16,11,9,19,10,0,0,0,0,0,0,0,0,0,0,0,0,0,0,0,0,0,0,0,0,0,0,0,0,0,0,0,0,0,0,0,0,0,0",-0.2826544,0.13219844,3.0,0.24128202,41.85235,0.2506426,1.0,0.2506426,0.20363836,0.241023,0.0,0.0,0.24128202,0.0014110627,0.87703085,0.20363836,1.4275262,1.685921,41.85235,-0.2826544,2.9095347,191.32408,0.23192145,0.23192145,1.0,191.32408,0.6038172,0.122969165,1.4275262,0.0014110627,0.25012454,0.13219844,0.0,1.685921,2.9095347,0.23192145,0.2826544,0.0,0.25012454,0.2826544,0.7748672,0.23192145,1.0,0.241023,lookahead,beam_orig2_bm2-s0to50br1-s50to100br3
/work/T-REX/external/Proteina-Complexa/inference/search_binder_local_pipeline_32_PDL1_ALPHA_REPACK_v7_r006_cand_v7r006_hyp_0006_01_002_a778160daa715/job_0_n_224_id_19_beam_orig3_bm0-s0to50br1-s50to100br3/job_0_n_224_id_19_beam_orig3_bm0-s0to50br1-s50to100br3.pdb,79,"2,0,13,16,19,16,19,14,11,3,10,18,19,19,6,18,7,15,2,12,16,9,6,4,11,13,14,19,6,11,5,10,3,10,0,0,10,9,19,18,17,6,12,6,3,11,2,9,9,5,13,19,8,7,6,6,3,10,11,19,5,8,15,15,18,1,5,1,0,1,10,10,11,3,5,10,15,10,7,2,0,0,10,5,9,16,3,19,11,10,5,3,0,7,19,18,1,4,12,9,15,18,7,7,0,3,18,11,1,9,16,19,11,19,2,0,0,10,5,19,16,16,14,11,14,10,18,16,19,16,0,7,0,15,19,16,10,6,4,11,14,15,8,14,10,16,15,0,16,16,19,10,17,11,7,14,11,3,16,11,9,10,5,18,15,11,7,6,19,16,18,13,6,14,18,11,7,1,0,16,10,16,3,10,15,15,0,15,10,11,10,15,15,10,11,10,15,3,15,7,16,18,6,4,10,19,13,2,15,10,7,19,7,15,0,11,9,5,10,2,19,16,6,14,0,0,0,0,0,0",-0.18411542,0.060213983,3.0,0.59866744,54.23388,0.61575556,1.0,0.61575556,0.14500119,0.59866744,0.0,0.0,0.59866744,0.0022281276,0.91661763,0.14500119,2.0806491,1.4116858,54.23388,-0.18411542,2.8653843,187.21011,0.5815793,0.5815793,1.0,187.21011,0.8020853,0.08338236,2.0806491,0.0022281276,0.61575556,0.060213983,0.0,1.4116858,2.8653843,0.5815793,0.18411542,0.0,0.61575556,0.18411542,0.86632437,0.5815793,1.0,0.59866744,lookahead,beam_orig3_bm0-s0to50br1-s50to100br3
/work/T-REX/external/Proteina-Complexa/inference/search_binder_local_pipeline_32_PDL1_ALPHA_REPACK_v7_r006_cand_v7r006_hyp_0006_01_002_a778160daa715/job_0_n_230_id_20_beam_orig0_bm2-s0to50br0-s50to100br0/job_0_n_230_id_20_beam_orig0_bm2-s0to50br0-s50to100br0.pdb,80,"2,0,13,16,19,16,19,14,11,3,10,18,19,19,6,18,7,15,2,12,16,9,6,4,11,13,14,19,6,11,5,10,3,10,0,0,10,9,19,18,17,6,12,6,3,11,2,9,9,5,13,19,8,7,6,6,3,10,11,19,5,8,15,15,18,1,5,1,0,1,10,10,11,3,5,10,15,10,7,2,0,0,10,5,9,16,3,19,11,10,5,3,0,7,19,18,1,4,12,9,15,18,7,7,0,3,18,11,1,9,16,19,11,19,2,0,0,13,16,19,16,19,14,11,3,10,18,19,19,6,18,7,15,2,12,16,9,6,4,11,13,14,19,6,11,5,10,3,10,0,0,10,9,19,18,17,6,12,6,3,11,2,9,9,5,13,19,8,7,6,6,3,10,11,19,5,8,15,15,18,1,5,1,0,1,10,10,11,3,5,10,15,10,7,2,0,0,10,5,9,16,3,19,11,10,5,3,0,7,19,18,1,4,12,9,15,18,7,7,0,3,18,11,1,9,16,19,11,19,2",-0.52821434,0.298918,3.0,0.043895163,67.990326,0.047285378,1.0,0.047285378,0.3116335,0.012292344,0.0,0.0,0.043895163,0.0017625459,0.8617808,0.3116335,2.7086196,1.278545,67.990326,-0.52821434,3.8768013,212.98605,0.012093566,0.040504947,1.0,212.98605,0.26043102,0.13821916,2.7086196,0.0017625459,0.012491123,0.298918,0.0,1.278545,3.8768013,0.012093566,0.52821434,0.0,0.012491123,0.52821434,0.5863296,0.040504947,1.0,0.012292344,lookahead,beam_orig0_bm2-s0to50br0-s50to100br0
/work/T-REX/external/Proteina-Complexa/inference/search_binder_local_pipeline_32_PDL1_ALPHA_REPACK_v7_r006_cand_v7r006_hyp_0006_01_002_a778160daa715/job_0_n_186_id_20_beam_orig1_bm1-s0to50br1-s50to100br0/job_0_n_186_id_20_beam_orig1_bm1-s0to50br1-s50to100br0.pdb,81,"2,0,13,16,19,16,19,14,11,3,10,18,19,19,6,18,7,15,2,12,16,9,6,4,11,13,14,19,6,11,5,10,3,10,0,0,10,9,19,18,17,6,12,6,3,11,2,9,9,5,13,19,8,7,6,6,3,10,11,19,5,8,15,15,18,1,5,1,0,1,10,10,11,3,5,10,15,10,7,2,0,0,10,5,9,16,3,19,11,10,5,3,0,7,19,18,1,4,12,9,15,18,7,7,0,3,18,11,1,9,16,19,11,19,2,0,16,0,6,6,9,0,11,6,0,7,3,10,0,10,11,10,7,3,7,3,10,13,6,6,19,11,11,0,7,3,3,0,19,11,5,0,6,10,10,0,1,0,18,11,9,6,0,0,11,7,7,3,14,11,11,0,6,6,0,6,11,6,0,6,5,10,11,5,6,0,0,0,0,0,0,0,0,0,0,0,0,0,0,0,0,0,0,0,0,0,0,0,0,0,0,0,0,0,0,0,0,0,0,0,0,0,0,0,0,0,0,0,0,0",-0.6669942,0.46638906,3.0,0.005451398,44.238438,0.0058598216,1.0,0.0058598216,0.4494629,0.0,0.0,0.0,0.005451398,0.012046802,0.8012047,0.4494629,3.4484048,1.5974745,44.238438,-0.6669942,4.2598095,208.51208,0.0,0.005042974,1.0,208.51208,0.1741581,0.19879535,3.4484048,0.012046802,0.0,0.46638906,0.0,1.5974745,4.2598095,0.0,0.6669942,0.0,0.0,0.6669942,0.6224563,0.005042974,1.0,0.0,lookahead,beam_orig1_bm1-s0to50br1-s50to100br0
/work/T-REX/external/Proteina-Complexa/inference/search_binder_local_pipeline_32_PDL1_ALPHA_REPACK_v7_r006_cand_v7r006_hyp_0006_01_002_a778160daa715/job_0_n_197_id_20_beam_orig2_bm2-s0to50br2-s50to100br0/job_0_n_197_id_20_beam_orig2_bm2-s0to50br2-s50to100br0.pdb,82,"2,0,13,16,19,16,19,14,11,3,10,18,19,19,6,18,7,15,2,12,16,9,6,4,11,13,14,19,6,11,5,10,3,10,0,0,10,9,19,18,17,6,12,6,3,11,2,9,9,5,13,19,8,7,6,6,3,10,11,19,5,8,15,15,18,1,5,1,0,1,10,10,11,3,5,10,15,10,7,2,0,0,10,5,9,16,3,19,11,10,5,3,0,7,19,18,1,4,12,9,15,18,7,7,0,3,18,11,1,9,16,19,11,19,2,0,16,9,15,14,15,15,11,15,19,15,15,7,15,15,19,16,13,16,4,15,0,15,7,15,14,0,14,16,18,5,17,1,11,2,7,5,10,10,15,7,6,16,15,15,16,18,16,9,15,15,0,11,14,15,3,15,7,2,18,5,4,10,0,16,2,6,19,7,9,0,0,15,3,14,0,5,10,16,19,16,7,0,0,0,0,0,0,0,0,0,0,0,0,0,0,0,0,0,0,0,0,0,0,0,0,0,0,0,0,0,0,0,0,0",-0.64636344,0.38495636,3.0,0.0062367776,103.20053,0.0064713825,1.0,0.0064713825,0.43243015,0.0,0.0,0.0,0.0062367776,0.0030864337,0.7864593,0.43243015,8.85005,1.5574254,103.20053,-0.64636344,4.2810197,203.14497,0.0,0.0060021733,1.0,203.14497,0.159696,0.21354067,8.85005,0.0030864337,0.0,0.38495636,0.0,1.5574254,4.2810197,0.0,0.64636344,0.0,0.0,0.64636344,0.59664166,0.0060021733,1.0,0.0,lookahead,beam_orig2_bm2-s0to50br2-s50to100br0
/work/T-REX/external/Proteina-Complexa/inference/search_binder_local_pipeline_32_PDL1_ALPHA_REPACK_v7_r006_cand_v7r006_hyp_0006_01_002_a778160daa715/job_0_n_224_id_20_beam_orig3_bm3-s0to50br3-s50to100br0/job_0_n_224_id_20_beam_orig3_bm3-s0to50br3-s50to100br0.pdb,83,"2,0,13,16,19,16,19,14,11,3,10,18,19,19,6,18,7,15,2,12,16,9,6,4,11,13,14,19,6,11,5,10,3,10,0,0,10,9,19,18,17,6,12,6,3,11,2,9,9,5,13,19,8,7,6,6,3,10,11,19,5,8,15,15,18,1,5,1,0,1,10,10,11,3,5,10,15,10,7,2,0,0,10,5,9,16,3,19,11,10,5,3,0,7,19,18,1,4,12,9,15,18,7,7,0,3,18,11,1,9,16,19,11,19,2,0,13,15,19,16,0,14,14,15,19,16,7,16,19,7,7,15,19,16,10,14,4,11,10,15,11,14,0,15,3,10,15,3,14,11,11,13,16,19,16,17,11,13,6,7,11,16,19,18,8,15,15,7,18,19,8,14,15,13,11,7,1,0,11,10,10,10,15,7,16,3,0,15,10,5,10,15,3,10,1,10,5,3,0,7,19,18,6,4,10,19,15,18,6,7,7,10,0,3,0,16,9,11,10,16,19,2,19,14,0,0,0,0,0,0",-0.7195947,0.51905566,3.0,0.002575025,118.03846,0.00515005,1.0,0.00515005,0.4301782,0.0,0.0,0.0,0.002575025,0.004114655,0.8220625,0.4301782,13.574018,1.5417624,118.03846,-0.7195947,4.4572864,244.97957,0.0,0.0,1.0,244.97957,0.1420488,0.17793754,13.574018,0.004114655,0.0,0.51905566,0.0,1.5417624,4.4572864,0.0,0.7195947,0.0,0.0,0.7195947,0.53473127,0.0,1.0,0.0,lookahead,beam_orig3_bm3-s0to50br3-s50to100br0
/work/T-REX/external/Proteina-Complexa/inference/search_binder_local_pipeline_32_PDL1_ALPHA_REPACK_v7_r006_cand_v7r006_hyp_0006_01_002_a778160daa715/job_0_n_230_id_21_beam_orig0_bm2-s0to50br0-s50to100br1/job_0_n_230_id_21_beam_orig0_bm2-s0to50br0-s50to100br1.pdb,84,"2,0,13,16,19,16,19,14,11,3,10,18,19,19,6,18,7,15,2,12,16,9,6,4,11,13,14,19,6,11,5,10,3,10,0,0,10,9,19,18,17,6,12,6,3,11,2,9,9,5,13,19,8,7,6,6,3,10,11,19,5,8,15,15,18,1,5,1,0,1,10,10,11,3,5,10,15,10,7,2,0,0,10,5,9,16,3,19,11,10,5,3,0,7,19,18,1,4,12,9,15,18,7,7,0,3,18,11,1,9,16,19,11,19,2,0,0,13,16,19,16,19,14,11,3,10,18,19,19,6,18,7,15,2,12,16,9,6,4,11,13,14,19,6,11,5,10,3,10,0,0,10,9,19,18,17,6,12,6,3,11,2,9,9,5,13,19,8,7,6,6,3,10,11,19,5,8,15,15,18,1,5,1,0,1,10,10,11,3,5,10,15,10,7,2,0,0,10,5,9,16,3,19,11,10,5,3,0,7,19,18,1,4,12,9,15,18,7,7,0,3,18,11,1,9,16,19,11,19,2",-0.5161878,0.28444484,3.0,0.049879745,74.64661,0.05240123,1.0,0.05240123,0.30555868,0.0127331,0.0,0.0,0.049879745,0.0017630819,0.86088467,0.30555868,3.0268905,1.2747464,74.64661,-0.5161878,3.8400578,218.59021,0.012491474,0.04735826,1.0,218.59021,0.26715988,0.13911532,3.0268905,0.0017630819,0.012974727,0.28444484,0.0,1.2747464,3.8400578,0.012491474,0.5161878,0.0,0.012974727,0.5161878,0.5894834,0.04735826,1.0,0.0127331,lookahead,beam_orig0_bm2-s0to50br0-s50to100br1
/work/T-REX/external/Proteina-Complexa/inference/search_binder_local_pipeline_32_PDL1_ALPHA_REPACK_v7_r006_cand_v7r006_hyp_0006_01_002_a778160daa715/job_0_n_186_id_21_beam_orig1_bm1-s0to50br1-s50to100br1/job_0_n_186_id_21_beam_orig1_bm1-s0to50br1-s50to100br1.pdb,85,"2,0,13,16,19,16,19,14,11,3,10,18,19,19,6,18,7,15,2,12,16,9,6,4,11,13,14,19,6,11,5,10,3,10,0,0,10,9,19,18,17,6,12,6,3,11,2,9,9,5,13,19,8,7,6,6,3,10,11,19,5,8,15,15,18,1,5,1,0,1,10,10,11,3,5,10,15,10,7,2,0,0,10,5,9,16,3,19,11,10,5,3,0,7,19,18,1,4,12,9,15,18,7,7,0,3,18,11,1,9,16,19,11,19,2,0,15,6,6,6,3,13,0,6,0,7,1,10,0,10,15,10,7,3,15,2,10,13,6,6,19,11,11,10,18,6,6,16,7,15,7,11,0,0,18,18,18,0,10,11,11,11,0,6,11,6,7,2,10,0,10,0,6,11,18,6,11,11,10,11,6,6,10,0,11,10,0,0,0,0,0,0,0,0,0,0,0,0,0,0,0,0,0,0,0,0,0,0,0,0,0,0,0,0,0,0,0,0,0,0,0,0,0,0,0,0,0,0,0,0",-0.42762172,0.22774954,3.0,0.08884177,51.85039,0.105377905,1.0,0.105377905,0.29319233,0.016163625,0.0,0.0,0.08884177,0.0018045749,0.8650012,0.29319233,2.0392723,1.4020452,51.85039,-0.42762172,3.542642,176.91605,0.014422524,0.07230564,1.0,176.91605,0.39004594,0.13499881,2.0392723,0.0018045749,0.017904725,0.22774954,0.0,1.4020452,3.542642,0.014422524,0.42762172,0.0,0.017904725,0.42762172,0.70017356,0.07230564,1.0,0.016163625,lookahead,beam_orig1_bm1-s0to50br1-s50to100br1
/work/T-REX/external/Proteina-Complexa/inference/search_binder_local_pipeline_32_PDL1_ALPHA_REPACK_v7_r006_cand_v7r006_hyp_0006_01_002_a778160daa715/job_0_n_197_id_21_beam_orig2_bm2-s0to50br2-s50to100br1/job_0_n_197_id_21_beam_orig2_bm2-s0to50br2-s50to100br1.pdb,86,"2,0,13,16,19,16,19,14,11,3,10,18,19,19,6,18,7,15,2,12,16,9,6,4,11,13,14,19,6,11,5,10,3,10,0,0,10,9,19,18,17,6,12,6,3,11,2,9,9,5,13,19,8,7,6,6,3,10,11,19,5,8,15,15,18,1,5,1,0,1,10,10,11,3,5,10,15,10,7,2,0,0,10,5,9,16,3,19,11,10,5,3,0,7,19,18,1,4,12,9,15,18,7,7,0,3,18,11,1,9,16,19,11,19,2,0,15,13,15,14,15,15,5,16,19,16,6,7,0,15,19,16,13,16,4,15,0,15,7,3,14,0,14,16,18,5,17,1,11,2,7,19,15,10,15,7,6,16,15,15,16,10,8,9,15,15,0,16,14,15,3,15,7,10,18,3,4,10,19,15,2,11,0,7,9,11,0,15,0,6,0,15,10,16,19,10,0,0,0,0,0,0,0,0,0,0,0,0,0,0,0,0,0,0,0,0,0,0,0,0,0,0,0,0,0,0,0,0,0,0",-0.20042574,0.05562021,3.0,0.5289053,68.277534,0.58873796,1.0,0.58873796,0.16465089,0.5289053,0.0,0.0,0.5289053,0.0036932612,0.90266085,0.16465089,3.5214684,1.5517237,68.277534,-0.20042574,3.2443833,163.84865,0.4690726,0.4690726,1.0,163.84865,0.7821411,0.09733912,3.5214684,0.0036932612,0.58873796,0.05562021,0.0,1.5517237,3.2443833,0.4690726,0.20042574,0.0,0.58873796,0.20042574,0.85229856,0.4690726,1.0,0.5289053,lookahead,beam_orig2_bm2-s0to50br2-s50to100br1
/work/T-REX/external/Proteina-Complexa/inference/search_binder_local_pipeline_32_PDL1_ALPHA_REPACK_v7_r006_cand_v7r006_hyp_0006_01_002_a778160daa715/job_0_n_224_id_21_beam_orig3_bm3-s0to50br3-s50to100br1/job_0_n_224_id_21_beam_orig3_bm3-s0to50br3-s50to100br1.pdb,87,"2,0,13,16,19,16,19,14,11,3,10,18,19,19,6,18,7,15,2,12,16,9,6,4,11,13,14,19,6,11,5,10,3,10,0,0,10,9,19,18,17,6,12,6,3,11,2,9,9,5,13,19,8,7,6,6,3,10,11,19,5,8,15,15,18,1,5,1,0,1,10,10,11,3,5,10,15,10,7,2,0,0,10,5,9,16,3,19,11,10,5,3,0,7,19,18,1,4,12,9,15,18,7,7,0,3,18,11,1,9,16,19,11,19,2,0,10,5,19,10,19,14,11,15,19,16,7,16,19,7,11,15,19,16,9,14,4,11,10,15,5,14,10,3,10,15,10,14,1,2,11,14,9,19,16,17,11,18,5,2,11,16,9,9,18,2,2,2,15,9,5,14,3,13,5,7,11,13,11,10,10,11,11,7,2,3,13,15,10,5,9,15,2,19,5,14,6,3,0,7,9,18,16,4,10,19,15,18,2,7,15,10,13,3,7,16,16,16,10,6,19,11,10,14,0,0,0,0,0,0",-0.68810004,0.45933965,3.0,0.005450543,118.899536,0.0057232543,1.0,0.0057232543,0.44343385,0.0,0.0,0.0,0.005450543,0.00847172,0.77034515,0.44343385,10.866099,1.9066688,118.899536,-0.68810004,4.423787,246.04239,0.0,0.0051778313,1.0,246.04239,0.1608634,0.22965485,10.866099,0.00847172,0.0,0.45933965,0.0,1.9066688,4.423787,0.0,0.68810004,0.0,0.0,0.68810004,0.54360354,0.0051778313,1.0,0.0,lookahead,beam_orig3_bm3-s0to50br3-s50to100br1
/work/T-REX/external/Proteina-Complexa/inference/search_binder_local_pipeline_32_PDL1_ALPHA_REPACK_v7_r006_cand_v7r006_hyp_0006_01_002_a778160daa715/job_0_n_230_id_22_beam_orig0_bm2-s0to50br0-s50to100br2/job_0_n_230_id_22_beam_orig0_bm2-s0to50br0-s50to100br2.pdb,88,"2,0,13,16,19,16,19,14,11,3,10,18,19,19,6,18,7,15,2,12,16,9,6,4,11,13,14,19,6,11,5,10,3,10,0,0,10,9,19,18,17,6,12,6,3,11,2,9,9,5,13,19,8,7,6,6,3,10,11,19,5,8,15,15,18,1,5,1,0,1,10,10,11,3,5,10,15,10,7,2,0,0,10,5,9,16,3,19,11,10,5,3,0,7,19,18,1,4,12,9,15,18,7,7,0,3,18,11,1,9,16,19,11,19,2,0,0,13,16,19,16,19,14,11,3,10,18,19,19,6,18,7,15,2,12,16,9,6,4,11,13,14,19,6,11,5,10,3,10,0,0,10,9,19,18,17,6,12,6,3,11,2,9,9,5,13,19,8,7,6,6,3,10,11,19,5,8,15,15,18,1,5,1,0,1,10,10,11,3,5,10,15,10,7,2,0,0,10,5,9,16,3,19,11,10,5,3,0,7,19,18,1,4,12,9,15,18,7,7,0,3,18,11,1,9,16,19,11,19,2",-0.5250733,0.29625663,3.0,0.045179576,74.49513,0.048095312,1.0,0.048095312,0.30965227,0.01240254,0.0,0.0,0.045179576,0.0017791705,0.8618953,0.30965227,2.4327781,1.2713358,74.49513,-0.5250733,3.8664856,216.4857,0.012269833,0.04226384,1.0,216.4857,0.26204294,0.1381047,2.4327781,0.0017791705,0.012535246,0.29625663,0.0,1.2713358,3.8664856,0.012269833,0.5250733,0.0,0.012535246,0.5250733,0.58712244,0.04226384,1.0,0.01240254,lookahead,beam_orig0_bm2-s0to50br0-s50to100br2
/work/T-REX/external/Proteina-Complexa/inference/search_binder_local_pipeline_32_PDL1_ALPHA_REPACK_v7_r006_cand_v7r006_hyp_0006_01_002_a778160daa715/job_0_n_186_id_22_beam_orig1_bm1-s0to50br1-s50to100br2/job_0_n_186_id_22_beam_orig1_bm1-s0to50br1-s50to100br2.pdb,89,"2,0,13,16,19,16,19,14,11,3,10,18,19,19,6,18,7,15,2,12,16,9,6,4,11,13,14,19,6,11,5,10,3,10,0,0,10,9,19,18,17,6,12,6,3,11,2,9,9,5,13,19,8,7,6,6,3,10,11,19,5,8,15,15,18,1,5,1,0,1,10,10,11,3,5,10,15,10,7,2,0,0,10,5,9,16,3,19,11,10,5,3,0,7,19,18,1,4,12,9,15,18,7,7,0,3,18,11,1,9,16,19,11,19,2,0,12,1,6,6,10,0,11,6,10,12,1,6,0,10,10,16,7,3,7,3,10,10,6,6,0,11,5,10,5,0,11,2,14,15,14,6,19,10,5,10,11,10,6,0,9,11,5,11,11,0,7,2,10,6,10,0,6,11,18,10,11,6,0,6,5,10,6,0,5,6,0,0,0,0,0,0,0,0,0,0,0,0,0,0,0,0,0,0,0,0,0,0,0,0,0,0,0,0,0,0,0,0,0,0,0,0,0,0,0,0,0,0,0,0",-0.61093163,0.34599683,3.0,0.008221816,127.666214,0.010406415,1.0,0.010406415,0.48560688,0.0070218598,0.0,0.0,0.008221816,0.013200329,0.65269345,0.48560688,15.819464,2.1638374,127.666214,-0.61093163,4.1501093,268.32504,0.0,0.006037217,1.0,268.32504,0.21414082,0.34730655,15.819464,0.013200329,0.0140437195,0.34599683,0.0,2.1638374,4.1501093,0.0,0.61093163,0.0,0.0140437195,0.61093163,0.6339487,0.006037217,1.0,0.0070218598,lookahead,beam_orig1_bm1-s0to50br1-s50to100br2
/work/T-REX/external/Proteina-Complexa/inference/search_binder_local_pipeline_32_PDL1_ALPHA_REPACK_v7_r006_cand_v7r006_hyp_0006_01_002_a778160daa715/job_0_n_197_id_22_beam_orig2_bm2-s0to50br2-s50to100br2/job_0_n_197_id_22_beam_orig2_bm2-s0to50br2-s50to100br2.pdb,90,"2,0,13,16,19,16,19,14,11,3,10,18,19,19,6,18,7,15,2,12,16,9,6,4,11,13,14,19,6,11,5,10,3,10,0,0,10,9,19,18,17,6,12,6,3,11,2,9,9,5,13,19,8,7,6,6,3,10,11,19,5,8,15,15,18,1,5,1,0,1,10,10,11,3,5,10,15,10,7,2,0,0,10,5,9,16,3,19,11,10,5,3,0,7,19,18,1,4,12,9,15,18,7,7,0,3,18,11,1,9,16,19,11,19,2,0,16,9,15,14,0,15,11,15,19,15,6,7,15,11,19,16,13,16,4,15,0,15,7,15,14,0,14,16,18,5,17,1,11,2,6,5,19,10,15,7,6,16,15,15,16,10,16,9,15,15,0,11,19,15,3,15,7,2,18,3,4,10,0,16,2,15,10,7,9,11,0,15,0,6,0,5,10,16,19,10,7,0,0,0,0,0,0,0,0,0,0,0,0,0,0,0,0,0,0,0,0,0,0,0,0,0,0,0,0,0,0,0,0,0",-0.16530064,0.04787026,3.0,0.6241815,40.542225,0.6583244,1.0,0.6583244,0.13693424,0.6241815,0.0,0.0,0.6241815,0.0017190981,0.9322283,0.13693424,1.2981372,1.3556613,40.542225,-0.16530064,2.7213256,136.3432,0.59003854,0.59003854,1.0,136.3432,0.82554674,0.06777164,1.2981372,0.0017190981,0.6583244,0.04787026,0.0,1.3556613,2.7213256,0.59003854,0.16530064,0.0,0.6583244,0.16530064,0.87883055,0.59003854,1.0,0.6241815,lookahead,beam_orig2_bm2-s0to50br2-s50to100br2
/work/T-REX/external/Proteina-Complexa/inference/search_binder_local_pipeline_32_PDL1_ALPHA_REPACK_v7_r006_cand_v7r006_hyp_0006_01_002_a778160daa715/job_0_n_224_id_22_beam_orig3_bm3-s0to50br3-s50to100br2/job_0_n_224_id_22_beam_orig3_bm3-s0to50br3-s50to100br2.pdb,91,"2,0,13,16,19,16,19,14,11,3,10,18,19,19,6,18,7,15,2,12,16,9,6,4,11,13,14,19,6,11,5,10,3,10,0,0,10,9,19,18,17,6,12,6,3,11,2,9,9,5,13,19,8,7,6,6,3,10,11,19,5,8,15,15,18,1,5,1,0,1,10,10,11,3,5,10,15,10,7,2,0,0,10,5,9,16,3,19,11,10,5,3,0,7,19,18,1,4,12,9,15,18,7,7,0,3,18,11,1,9,16,19,11,19,2,0,0,11,10,6,0,14,3,15,19,16,7,16,10,7,7,15,19,16,10,14,4,11,10,19,15,3,6,3,10,15,11,0,16,14,14,10,19,19,2,17,11,11,6,3,11,16,9,9,15,7,3,11,19,19,2,14,3,18,11,7,1,0,11,10,10,11,15,7,16,3,0,15,10,5,10,15,2,10,6,10,15,3,0,7,19,18,6,4,10,19,15,18,7,3,5,10,10,3,11,11,9,16,10,15,19,11,19,14,0,0,0,0,0,0",-0.7250304,0.5121725,3.0,0.0024491341,131.84383,0.0048982683,1.0,0.0048982683,0.4412288,0.0,0.0,0.0,0.0024491341,0.006359198,0.80396897,0.4412288,24.209623,1.6727464,131.84383,-0.7250304,4.5436306,244.2386,0.0,0.0,1.0,244.2386,0.14080307,0.19603105,24.209623,0.006359198,0.0,0.5121725,0.0,1.6727464,4.5436306,0.0,0.7250304,0.0,0.0,0.7250304,0.5299284,0.0,1.0,0.0,lookahead,beam_orig3_bm3-s0to50br3-s50to100br2
/work/T-REX/external/Proteina-Complexa/inference/search_binder_local_pipeline_32_PDL1_ALPHA_REPACK_v7_r006_cand_v7r006_hyp_0006_01_002_a778160daa715/job_0_n_230_id_23_beam_orig0_bm2-s0to50br0-s50to100br3/job_0_n_230_id_23_beam_orig0_bm2-s0to50br0-s50to100br3.pdb,92,"2,0,13,16,19,16,19,14,11,3,10,18,19,19,6,18,7,15,2,12,16,9,6,4,11,13,14,19,6,11,5,10,3,10,0,0,10,9,19,18,17,6,12,6,3,11,2,9,9,5,13,19,8,7,6,6,3,10,11,19,5,8,15,15,18,1,5,1,0,1,10,10,11,3,5,10,15,10,7,2,0,0,10,5,9,16,3,19,11,10,5,3,0,7,19,18,1,4,12,9,15,18,7,7,0,3,18,11,1,9,16,19,11,19,2,0,0,13,16,19,16,19,14,11,3,10,18,19,19,6,18,7,15,2,12,16,9,6,4,11,13,14,19,6,11,5,10,3,10,0,0,10,9,19,18,17,6,12,6,3,11,2,9,9,5,13,19,8,7,6,6,3,10,11,19,5,8,15,15,18,1,5,1,0,1,10,10,11,3,5,10,15,10,7,2,0,0,10,5,9,16,3,19,11,10,5,3,0,7,19,18,1,4,12,9,15,18,7,7,0,3,18,11,1,9,16,19,11,19,2",-0.5265734,0.29853454,3.0,0.04428432,73.23293,0.046681322,1.0,0.046681322,0.3108376,0.012319099,0.0,0.0,0.04428432,0.0017499741,0.8614943,0.3108376,2.7522273,1.2770656,73.23293,-0.5265734,3.8730807,221.94907,0.012160613,0.041887324,1.0,221.94907,0.26189467,0.13850571,2.7522273,0.0017499741,0.012477585,0.29853454,0.0,1.2770656,3.8730807,0.012160613,0.5265734,0.0,0.012477585,0.5265734,0.58695495,0.041887324,1.0,0.012319099,lookahead,beam_orig0_bm2-s0to50br0-s50to100br3
/work/T-REX/external/Proteina-Complexa/inference/search_binder_local_pipeline_32_PDL1_ALPHA_REPACK_v7_r006_cand_v7r006_hyp_0006_01_002_a778160daa715/job_0_n_186_id_23_beam_orig1_bm1-s0to50br1-s50to100br3/job_0_n_186_id_23_beam_orig1_bm1-s0to50br1-s50to100br3.pdb,93,"2,0,13,16,19,16,19,14,11,3,10,18,19,19,6,18,7,15,2,12,16,9,6,4,11,13,14,19,6,11,5,10,3,10,0,0,10,9,19,18,17,6,12,6,3,11,2,9,9,5,13,19,8,7,6,6,3,10,11,19,5,8,15,15,18,1,5,1,0,1,10,10,11,3,5,10,15,10,7,2,0,0,10,5,9,16,3,19,11,10,5,3,0,7,19,18,1,4,12,9,15,18,7,7,0,3,18,11,1,9,16,19,11,19,2,0,16,10,6,6,19,11,2,6,0,10,11,6,0,9,11,16,11,3,7,3,13,13,6,5,10,11,11,15,19,2,11,0,11,15,19,6,15,0,6,11,18,11,6,0,0,11,6,11,11,11,7,2,3,0,6,0,10,11,11,10,11,6,0,11,11,9,3,6,6,0,0,0,0,0,0,0,0,0,0,0,0,0,0,0,0,0,0,0,0,0,0,0,0,0,0,0,0,0,0,0,0,0,0,0,0,0,0,0,0,0,0,0,0,0",-0.3561433,0.18415305,3.0,0.13995805,57.992455,0.17853102,1.0,0.17853102,0.24750905,0.112218104,0.0,0.0,0.13995805,0.0061090086,0.9073055,0.24750905,4.149832,1.465684,57.992455,-0.3561433,3.0117252,181.2858,0.06537855,0.10138509,1.0,181.2858,0.537911,0.09269455,4.149832,0.0061090086,0.15905766,0.18415305,0.0,1.465684,3.0117252,0.06537855,0.3561433,0.0,0.15905766,0.3561433,0.75268936,0.10138509,1.0,0.112218104,lookahead,beam_orig1_bm1-s0to50br1-s50to100br3
/work/T-REX/external/Proteina-Complexa/inference/search_binder_local_pipeline_32_PDL1_ALPHA_REPACK_v7_r006_cand_v7r006_hyp_0006_01_002_a778160daa715/job_0_n_197_id_23_beam_orig2_bm2-s0to50br2-s50to100br3/job_0_n_197_id_23_beam_orig2_bm2-s0to50br2-s50to100br3.pdb,94,"2,0,13,16,19,16,19,14,11,3,10,18,19,19,6,18,7,15,2,12,16,9,6,4,11,13,14,19,6,11,5,10,3,10,0,0,10,9,19,18,17,6,12,6,3,11,2,9,9,5,13,19,8,7,6,6,3,10,11,19,5,8,15,15,18,1,5,1,0,1,10,10,11,3,5,10,15,10,7,2,0,0,10,5,9,16,3,19,11,10,5,3,0,7,19,18,1,4,12,9,15,18,7,7,0,3,18,11,1,9,16,19,11,19,2,0,16,19,15,14,0,15,11,15,19,16,6,7,15,15,19,16,13,16,4,15,19,15,2,0,15,15,14,16,18,5,17,1,11,2,3,19,15,10,15,7,6,16,15,15,2,10,9,9,15,15,0,11,14,15,3,15,7,2,18,3,4,10,19,15,2,2,13,7,9,11,0,15,15,19,0,16,10,16,19,2,7,0,0,0,0,0,0,0,0,0,0,0,0,0,0,0,0,0,0,0,0,0,0,0,0,0,0,0,0,0,0,0,0,0",-0.20605569,0.06281796,3.0,0.48732507,70.60389,0.5477135,1.0,0.5477135,0.16703658,0.48732507,0.0,0.0,0.48732507,0.0028647177,0.9057713,0.16703658,3.3192713,1.4656551,70.60389,-0.20605569,3.1435626,163.64888,0.4269366,0.4269366,1.0,163.64888,0.75564635,0.09422871,3.3192713,0.0028647177,0.5477135,0.06281796,0.0,1.4656551,3.1435626,0.4269366,0.20605569,0.0,0.5477135,0.20605569,0.8396728,0.4269366,1.0,0.48732507,lookahead,beam_orig2_bm2-s0to50br2-s50to100br3
/work/T-REX/external/Proteina-Complexa/inference/search_binder_local_pipeline_32_PDL1_ALPHA_REPACK_v7_r006_cand_v7r006_hyp_0006_01_002_a778160daa715/job_0_n_224_id_23_beam_orig3_bm3-s0to50br3-s50to100br3/job_0_n_224_id_23_beam_orig3_bm3-s0to50br3-s50to100br3.pdb,95,"2,0,13,16,19,16,19,14,11,3,10,18,19,19,6,18,7,15,2,12,16,9,6,4,11,13,14,19,6,11,5,10,3,10,0,0,10,9,19,18,17,6,12,6,3,11,2,9,9,5,13,19,8,7,6,6,3,10,11,19,5,8,15,15,18,1,5,1,0,1,10,10,11,3,5,10,15,10,7,2,0,0,10,5,9,16,3,19,11,10,5,3,0,7,19,18,1,4,12,9,15,18,7,7,0,3,18,11,1,9,16,19,11,19,2,0,0,8,10,6,19,14,6,16,19,16,7,16,1,7,7,15,19,16,10,14,4,11,19,9,0,14,16,6,10,14,3,8,19,10,6,1,7,9,16,17,11,11,7,3,11,15,9,19,19,7,1,6,19,19,2,14,3,13,11,7,1,0,11,10,10,10,6,7,2,3,0,15,10,5,9,15,3,10,11,10,6,3,15,7,6,18,6,4,10,19,2,18,6,7,11,10,10,15,7,11,16,1,10,6,19,11,19,14,0,0,0,0,0,0",-0.746486,0.57037205,3.0,0.002503116,137.25714,0.005006232,1.0,0.005006232,0.45782018,0.0,0.0,0.0,0.002503116,0.0052884314,0.7885898,0.45782018,13.733839,1.7224991,137.25714,-0.746486,4.5891643,255.34476,0.0,0.0,1.0,255.34476,0.13104627,0.21141024,13.733839,0.0052884314,0.0,0.57037205,0.0,1.7224991,4.5891643,0.0,0.746486,0.0,0.0,0.746486,0.5291348,0.0,1.0,0.0,lookahead,beam_orig3_bm3-s0to50br3-s50to100br3
/work/T-REX/external/Proteina-Complexa/inference/search_binder_local_pipeline_32_PDL1_ALPHA_REPACK_v7_r006_cand_v7r006_hyp_0006_01_002_a778160daa715/job_0_n_230_id_24_beam_orig0_bm1-s0to50br1-s50to100br0/job_0_n_230_id_24_beam_orig0_bm1-s0to50br1-s50to100br0.pdb,96,"2,0,13,16,19,16,19,14,11,3,10,18,19,19,6,18,7,15,2,12,16,9,6,4,11,13,14,19,6,11,5,10,3,10,0,0,10,9,19,18,17,6,12,6,3,11,2,9,9,5,13,19,8,7,6,6,3,10,11,19,5,8,15,15,18,1,5,1,0,1,10,10,11,3,5,10,15,10,7,2,0,0,10,5,9,16,3,19,11,10,5,3,0,7,19,18,1,4,12,9,15,18,7,7,0,3,18,11,1,9,16,19,11,19,2,0,13,16,19,16,19,14,11,3,10,18,19,19,6,18,7,15,2,12,16,9,6,4,11,13,14,19,6,11,5,10,3,10,0,0,10,9,19,18,17,6,12,6,3,11,2,9,9,5,13,19,8,7,6,6,3,10,11,19,5,8,15,15,18,1,5,1,0,1,10,10,11,3,5,10,15,10,7,2,0,0,10,5,9,16,3,19,11,10,5,3,0,7,19,18,1,4,12,9,15,18,7,7,0,3,18,11,1,9,16,19,11,19,2,0",-0.5289681,0.30228227,3.0,0.04279562,60.38525,0.044801276,1.0,0.044801276,0.31259733,0.012377414,0.0,0.0,0.04279562,0.0017486021,0.86208785,0.31259733,5.01175,1.2899671,60.38525,-0.5289681,3.8899648,199.71655,0.012004165,0.04078996,1.0,199.71655,0.25963962,0.13791215,5.01175,0.0017486021,0.012750663,0.30228227,0.0,1.2899671,3.8899648,0.012004165,0.5289681,0.0,0.012750663,0.5289681,0.58551705,0.04078996,1.0,0.012377414,lookahead,beam_orig0_bm1-s0to50br1-s50to100br0
/work/T-REX/external/Proteina-Complexa/inference/search_binder_local_pipeline_32_PDL1_ALPHA_REPACK_v7_r006_cand_v7r006_hyp_0006_01_002_a778160daa715/job_0_n_186_id_24_beam_orig1_bm3-s0to50br3-s50to100br0/job_0_n_186_id_24_beam_orig1_bm3-s0to50br3-s50to100br0.pdb,97,"2,0,13,16,19,16,19,14,11,3,10,18,19,19,6,18,7,15,2,12,16,9,6,4,11,13,14,19,6,11,5,10,3,10,0,0,10,9,19,18,17,6,12,6,3,11,2,9,9,5,13,19,8,7,6,6,3,10,11,19,5,8,15,15,18,1,5,1,0,1,10,10,11,3,5,10,15,10,7,2,0,0,10,5,9,16,3,19,11,10,5,3,0,7,19,18,1,4,12,9,15,18,7,7,0,3,18,11,1,9,16,19,11,19,2,0,15,3,6,19,6,11,0,9,11,6,0,11,6,9,0,11,11,2,14,15,0,0,13,18,19,11,0,12,6,8,18,0,2,11,2,2,0,3,11,0,10,6,19,18,11,6,12,11,6,0,10,0,15,11,0,14,16,16,6,9,10,11,10,18,7,11,2,12,3,0,0,0,0,0,0,0,0,0,0,0,0,0,0,0,0,0,0,0,0,0,0,0,0,0,0,0,0,0,0,0,0,0,0,0,0,0,0,0,0,0,0,0,0,0",-0.19094154,0.060703173,3.0,0.43772745,29.967672,0.48967355,1.0,0.48967355,0.1547312,0.43772745,0.0,0.0,0.43772745,0.004342591,0.8922992,0.1547312,1.5352839,1.6316513,29.967672,-0.19094154,2.1810927,168.86192,0.38578138,0.38578138,1.0,168.86192,0.752711,0.107700825,1.5352839,0.004342591,0.48967355,0.060703173,0.0,1.6316513,2.1810927,0.38578138,0.19094154,0.0,0.48967355,0.19094154,0.85194796,0.38578138,1.0,0.43772745,lookahead,beam_orig1_bm3-s0to50br3-s50to100br0
/work/T-REX/external/Proteina-Complexa/inference/search_binder_local_pipeline_32_PDL1_ALPHA_REPACK_v7_r006_cand_v7r006_hyp_0006_01_002_a778160daa715/job_0_n_197_id_24_beam_orig2_bm3-s0to50br0-s50to100br0/job_0_n_197_id_24_beam_orig2_bm3-s0to50br0-s50to100br0.pdb,98,"2,0,13,16,19,16,19,14,11,3,10,18,19,19,6,18,7,15,2,12,16,9,6,4,11,13,14,19,6,11,5,10,3,10,0,0,10,9,19,18,17,6,12,6,3,11,2,9,9,5,13,19,8,7,6,6,3,10,11,19,5,8,15,15,18,1,5,1,0,1,10,10,11,3,5,10,15,10,7,2,0,0,10,5,9,16,3,19,11,10,5,3,0,7,19,18,1,4,12,9,15,18,7,7,0,3,18,11,1,9,16,19,11,19,2,0,15,11,6,3,10,9,6,11,18,0,13,5,9,19,16,15,19,3,11,11,2,3,3,0,10,9,0,0,10,2,6,10,11,11,9,11,0,2,6,0,10,16,10,11,11,9,6,6,9,7,1,11,12,8,10,11,5,0,16,9,6,11,0,19,11,9,19,11,16,13,13,6,16,7,3,0,11,11,0,10,6,0,0,0,0,0,0,0,0,0,0,0,0,0,0,0,0,0,0,0,0,0,0,0,0,0,0,0,0,0,0,0,0,0",-0.16565855,0.05924246,3.0,0.5329959,35.460583,0.6023312,1.0,0.6023312,0.122965455,0.5329959,0.0,0.0,0.5329959,0.0008838567,0.9418915,0.122965455,1.7595433,1.3162098,35.460583,-0.16565855,2.181057,161.36992,0.46366054,0.46366054,1.0,161.36992,0.77965647,0.05810852,1.7595433,0.0008838567,0.6023312,0.05924246,0.0,1.3162098,2.181057,0.46366054,0.16565855,0.0,0.6023312,0.16565855,0.8556225,0.46366054,1.0,0.5329959,lookahead,beam_orig2_bm3-s0to50br0-s50to100br0
/work/T-REX/external/Proteina-Complexa/inference/search_binder_local_pipeline_32_PDL1_ALPHA_REPACK_v7_r006_cand_v7r006_hyp_0006_01_002_a778160daa715/job_0_n_224_id_24_beam_orig3_bm3-s0to50br0-s50to100br0/job_0_n_224_id_24_beam_orig3_bm3-s0to50br0-s50to100br0.pdb,99,"2,0,13,16,19,16,19,14,11,3,10,18,19,19,6,18,7,15,2,12,16,9,6,4,11,13,14,19,6,11,5,10,3,10,0,0,10,9,19,18,17,6,12,6,3,11,2,9,9,5,13,19,8,7,6,6,3,10,11,19,5,8,15,15,18,1,5,1,0,1,10,10,11,3,5,10,15,10,7,2,0,0,10,5,9,16,3,19,11,10,5,3,0,7,19,18,1,4,12,9,15,18,7,7,0,3,18,11,1,9,16,19,11,19,2,0,3,10,18,19,19,6,18,7,15,2,12,16,9,6,4,11,13,14,19,6,11,5,10,3,10,0,0,10,9,19,18,17,6,12,6,3,11,2,9,9,5,13,19,8,7,6,6,3,10,11,19,5,8,15,15,18,1,5,1,0,1,10,10,11,3,5,10,15,10,7,2,0,0,10,5,9,16,3,19,11,10,5,3,0,7,19,18,1,4,12,9,15,18,7,7,0,3,18,11,1,9,16,19,11,19,2,0,14,0,0,0,0,0,0",-0.52788365,0.3017367,3.0,0.04453581,73.37364,0.04510457,1.0,0.04510457,0.32088444,0.012413381,0.0,0.0,0.04453581,0.0023526456,0.85409474,0.32088444,3.2391062,1.3443956,73.37364,-0.52788365,3.9260898,218.57173,0.011961555,0.043967042,1.0,218.57173,0.25335383,0.14590526,3.2391062,0.0023526456,0.012865206,0.3017367,0.0,1.3443956,3.9260898,0.011961555,0.52788365,0.0,0.012865206,0.52788365,0.59072345,0.043967042,1.0,0.012413381,lookahead,beam_orig3_bm3-s0to50br0-s50to100br0
/work/T-REX/external/Proteina-Complexa/inference/search_binder_local_pipeline_32_PDL1_ALPHA_REPACK_v7_r006_cand_v7r006_hyp_0006_01_002_a778160daa715/job_0_n_230_id_25_beam_orig0_bm1-s0to50br1-s50to100br1/job_0_n_230_id_25_beam_orig0_bm1-s0to50br1-s50to100br1.pdb,100,"2,0,13,16,19,16,19,14,11,3,10,18,19,19,6,18,7,15,2,12,16,9,6,4,11,13,14,19,6,11,5,10,3,10,0,0,10,9,19,18,17,6,12,6,3,11,2,9,9,5,13,19,8,7,6,6,3,10,11,19,5,8,15,15,18,1,5,1,0,1,10,10,11,3,5,10,15,10,7,2,0,0,10,5,9,16,3,19,11,10,5,3,0,7,19,18,1,4,12,9,15,18,7,7,0,3,18,11,1,9,16,19,11,19,2,0,13,16,19,16,19,14,11,3,10,18,19,19,6,18,7,15,2,12,16,9,6,4,11,13,14,19,6,11,5,10,3,10,0,0,10,9,19,18,17,6,12,6,3,11,2,9,9,5,13,19,8,7,6,6,3,10,11,19,5,8,15,15,18,1,5,1,0,1,10,10,11,3,5,10,15,10,7,2,0,0,10,5,9,16,3,19,11,10,5,3,0,7,19,18,1,4,12,9,15,18,7,7,0,3,18,11,1,9,16,19,11,19,2,0",-0.5193359,0.29554096,3.0,0.04870048,67.93855,0.051570456,1.0,0.051570456,0.3076333,0.01257332,0.0,0.0,0.04870048,0.0017213519,0.86268604,0.3076333,5.484338,1.2865924,67.93855,-0.5193359,3.865582,201.979,0.012069939,0.045830503,1.0,201.979,0.26638582,0.13731393,5.484338,0.0017213519,0.013076702,0.29554096,0.0,1.2865924,3.865582,0.012069939,0.5193359,0.0,0.013076702,0.5193359,0.5889591,0.045830503,1.0,0.01257332,lookahead,beam_orig0_bm1-s0to50br1-s50to100br1
/work/T-REX/external/Proteina-Complexa/inference/search_binder_local_pipeline_32_PDL1_ALPHA_REPACK_v7_r006_cand_v7r006_hyp_0006_01_002_a778160daa715/job_0_n_186_id_25_beam_orig1_bm3-s0to50br3-s50to100br1/job_0_n_186_id_25_beam_orig1_bm3-s0to50br3-s50to100br1.pdb,101,"2,0,13,16,19,16,19,14,11,3,10,18,19,19,6,18,7,15,2,12,16,9,6,4,11,13,14,19,6,11,5,10,3,10,0,0,10,9,19,18,17,6,12,6,3,11,2,9,9,5,13,19,8,7,6,6,3,10,11,19,5,8,15,15,18,1,5,1,0,1,10,10,11,3,5,10,15,10,7,2,0,0,10,5,9,16,3,19,11,10,5,3,0,7,19,18,1,4,12,9,15,18,7,7,0,3,18,11,1,9,16,19,11,19,2,0,19,3,16,0,6,10,6,11,0,10,6,6,10,1,11,15,0,3,14,1,0,0,13,14,10,11,0,0,6,3,5,1,2,11,2,2,14,15,10,0,10,11,19,0,11,6,0,10,6,10,10,11,11,7,0,0,16,15,6,13,9,3,10,18,11,11,19,12,3,7,0,0,0,0,0,0,0,0,0,0,0,0,0,0,0,0,0,0,0,0,0,0,0,0,0,0,0,0,0,0,0,0,0,0,0,0,0,0,0,0,0,0,0,0",-0.17839289,0.06576284,3.0,0.4969207,27.67885,0.5607398,1.0,0.5607398,0.14154059,0.4969207,0.0,0.0,0.4969207,0.0020167802,0.9233136,0.14154059,1.5276201,1.3996319,27.67885,-0.17839289,2.3092647,149.92767,0.4331016,0.4331016,1.0,149.92767,0.76245326,0.07668641,1.5276201,0.0020167802,0.5607398,0.06576284,0.0,1.3996319,2.3092647,0.4331016,0.17839289,0.0,0.5607398,0.17839289,0.85874665,0.4331016,1.0,0.4969207,lookahead,beam_orig1_bm3-s0to50br3-s50to100br1
/work/T-REX/external/Proteina-Complexa/inference/search_binder_local_pipeline_32_PDL1_ALPHA_REPACK_v7_r006_cand_v7r006_hyp_0006_01_002_a778160daa715/job_0_n_197_id_25_beam_orig2_bm3-s0to50br0-s50to100br1/job_0_n_197_id_25_beam_orig2_bm3-s0to50br0-s50to100br1.pdb,102,"2,0,13,16,19,16,19,14,11,3,10,18,19,19,6,18,7,15,2,12,16,9,6,4,11,13,14,19,6,11,5,10,3,10,0,0,10,9,19,18,17,6,12,6,3,11,2,9,9,5,13,19,8,7,6,6,3,10,11,19,5,8,15,15,18,1,5,1,0,1,10,10,11,3,5,10,15,10,7,2,0,0,10,5,9,16,3,19,11,10,5,3,0,7,19,18,1,4,12,9,15,18,7,7,0,3,18,11,1,9,16,19,11,19,2,0,15,11,6,3,5,9,6,11,10,15,13,5,10,19,15,0,19,6,11,6,3,6,6,0,0,19,0,0,10,11,6,10,7,11,10,3,19,15,5,3,16,19,2,0,11,9,9,3,19,7,1,11,12,2,10,11,5,15,16,9,6,11,0,19,11,18,15,1,16,13,13,6,16,7,3,19,15,0,9,11,13,0,0,0,0,0,0,0,0,0,0,0,0,0,0,0,0,0,0,0,0,0,0,0,0,0,0,0,0,0,0,0,0,0",-0.23282486,0.09310965,3.0,0.35632336,49.548992,0.41198507,1.0,0.41198507,0.17255905,0.35632336,0.0,0.0,0.35632336,0.0031156724,0.888955,0.17255905,1.7975979,1.4910228,49.548992,-0.23282486,2.5737488,191.81133,0.30066162,0.30066162,1.0,191.81133,0.69026315,0.11104501,1.7975979,0.0031156724,0.41198507,0.09310965,0.0,1.4910228,2.5737488,0.30066162,0.23282486,0.0,0.41198507,0.23282486,0.8191222,0.30066162,1.0,0.35632336,lookahead,beam_orig2_bm3-s0to50br0-s50to100br1
/work/T-REX/external/Proteina-Complexa/inference/search_binder_local_pipeline_32_PDL1_ALPHA_REPACK_v7_r006_cand_v7r006_hyp_0006_01_002_a778160daa715/job_0_n_224_id_25_beam_orig3_bm3-s0to50br0-s50to100br1/job_0_n_224_id_25_beam_orig3_bm3-s0to50br0-s50to100br1.pdb,103,"2,0,13,16,19,16,19,14,11,3,10,18,19,19,6,18,7,15,2,12,16,9,6,4,11,13,14,19,6,11,5,10,3,10,0,0,10,9,19,18,17,6,12,6,3,11,2,9,9,5,13,19,8,7,6,6,3,10,11,19,5,8,15,15,18,1,5,1,0,1,10,10,11,3,5,10,15,10,7,2,0,0,10,5,9,16,3,19,11,10,5,3,0,7,19,18,1,4,12,9,15,18,7,7,0,3,18,11,1,9,16,19,11,19,2,0,3,10,18,19,19,6,18,7,15,2,12,16,9,6,4,11,13,14,19,6,11,5,10,3,10,0,0,10,9,19,18,17,6,12,6,3,11,2,9,9,5,13,19,8,7,6,6,3,10,11,19,5,8,15,15,18,1,5,1,0,1,10,10,11,3,5,10,15,10,7,2,0,0,10,5,9,16,3,19,11,10,5,3,0,7,19,18,1,4,12,9,15,18,7,7,0,3,18,11,1,9,16,19,11,19,2,0,14,0,0,0,0,0,0",-0.5357624,0.30968273,3.0,0.03903547,75.29762,0.03926299,1.0,0.03926299,0.325056,0.012031447,0.0,0.0,0.03903547,0.0023473303,0.8539181,0.325056,3.3445268,1.3434994,75.29762,-0.5357624,3.9441743,217.47188,0.011523848,0.038807943,1.0,217.47188,0.24720263,0.1460819,3.3445268,0.0023473303,0.012539047,0.30968273,0.0,1.3434994,3.9441743,0.011523848,0.5357624,0.0,0.012539047,0.5357624,0.5876093,0.038807943,1.0,0.012031447,lookahead,beam_orig3_bm3-s0to50br0-s50to100br1
/work/T-REX/external/Proteina-Complexa/inference/search_binder_local_pipeline_32_PDL1_ALPHA_REPACK_v7_r006_cand_v7r006_hyp_0006_01_002_a778160daa715/job_0_n_230_id_26_beam_orig0_bm1-s0to50br1-s50to100br2/job_0_n_230_id_26_beam_orig0_bm1-s0to50br1-s50to100br2.pdb,104,"2,0,13,16,19,16,19,14,11,3,10,18,19,19,6,18,7,15,2,12,16,9,6,4,11,13,14,19,6,11,5,10,3,10,0,0,10,9,19,18,17,6,12,6,3,11,2,9,9,5,13,19,8,7,6,6,3,10,11,19,5,8,15,15,18,1,5,1,0,1,10,10,11,3,5,10,15,10,7,2,0,0,10,5,9,16,3,19,11,10,5,3,0,7,19,18,1,4,12,9,15,18,7,7,0,3,18,11,1,9,16,19,11,19,2,0,13,16,19,16,19,14,11,3,10,18,19,19,6,18,7,15,2,12,16,9,6,4,11,13,14,19,6,11,5,10,3,10,0,0,10,9,19,18,17,6,12,6,3,11,2,9,9,5,13,19,8,7,6,6,3,10,11,19,5,8,15,15,18,1,5,1,0,1,10,10,11,3,5,10,15,10,7,2,0,0,10,5,9,16,3,19,11,10,5,3,0,7,19,18,1,4,12,9,15,18,7,7,0,3,18,11,1,9,16,19,11,19,2,0",-0.5316528,0.3036899,3.0,0.042405844,56.836735,0.045136206,1.0,0.045136206,0.31392792,0.012050197,0.0,0.0,0.042405844,0.0017503636,0.8632747,0.31392792,4.486349,1.2911816,56.836735,-0.5316528,3.8960354,199.52708,0.011761038,0.039675478,1.0,199.52708,0.25942433,0.13672534,4.486349,0.0017503636,0.012339357,0.3036899,0.0,1.2911816,3.8960354,0.011761038,0.5316528,0.0,0.012339357,0.5316528,0.5856263,0.039675478,1.0,0.012050197,lookahead,beam_orig0_bm1-s0to50br1-s50to100br2
/work/T-REX/external/Proteina-Complexa/inference/search_binder_local_pipeline_32_PDL1_ALPHA_REPACK_v7_r006_cand_v7r006_hyp_0006_01_002_a778160daa715/job_0_n_186_id_26_beam_orig1_bm3-s0to50br3-s50to100br2/job_0_n_186_id_26_beam_orig1_bm3-s0to50br3-s50to100br2.pdb,105,"2,0,13,16,19,16,19,14,11,3,10,18,19,19,6,18,7,15,2,12,16,9,6,4,11,13,14,19,6,11,5,10,3,10,0,0,10,9,19,18,17,6,12,6,3,11,2,9,9,5,13,19,8,7,6,6,3,10,11,19,5,8,15,15,18,1,5,1,0,1,10,10,11,3,5,10,15,10,7,2,0,0,10,5,9,16,3,19,11,10,5,3,0,7,19,18,1,4,12,9,15,18,7,7,0,3,18,11,1,9,16,19,11,19,2,0,12,2,1,3,5,9,6,0,12,9,6,3,19,1,11,15,15,8,14,0,0,14,13,13,6,11,0,12,5,9,5,10,3,2,2,2,10,3,6,0,0,11,9,8,1,6,0,19,9,0,10,11,11,3,0,14,19,15,6,0,9,3,10,13,11,11,0,15,2,6,0,0,0,0,0,0,0,0,0,0,0,0,0,0,0,0,0,0,0,0,0,0,0,0,0,0,0,0,0,0,0,0,0,0,0,0,0,0,0,0,0,0,0,0",-0.20080864,0.058628976,3.0,0.44817847,42.958035,0.48508045,1.0,0.48508045,0.1642455,0.44817847,0.0,0.0,0.44817847,0.006491559,0.8786147,0.1642455,1.2876931,1.8396146,42.958035,-0.20080864,2.3598752,174.36688,0.41127652,0.41127652,1.0,174.36688,0.75428855,0.12138528,1.2876931,0.006491559,0.48508045,0.058628976,0.0,1.8396146,2.3598752,0.41127652,0.20080864,0.0,0.48508045,0.20080864,0.8549924,0.41127652,1.0,0.44817847,lookahead,beam_orig1_bm3-s0to50br3-s50to100br2
/work/T-REX/external/Proteina-Complexa/inference/search_binder_local_pipeline_32_PDL1_ALPHA_REPACK_v7_r006_cand_v7r006_hyp_0006_01_002_a778160daa715/job_0_n_197_id_26_beam_orig2_bm3-s0to50br0-s50to100br2/job_0_n_197_id_26_beam_orig2_bm3-s0to50br0-s50to100br2.pdb,106,"2,0,13,16,19,16,19,14,11,3,10,18,19,19,6,18,7,15,2,12,16,9,6,4,11,13,14,19,6,11,5,10,3,10,0,0,10,9,19,18,17,6,12,6,3,11,2,9,9,5,13,19,8,7,6,6,3,10,11,19,5,8,15,15,18,1,5,1,0,1,10,10,11,3,5,10,15,10,7,2,0,0,10,5,9,16,3,19,11,10,5,3,0,7,19,18,1,4,12,9,15,18,7,7,0,3,18,11,1,9,16,19,11,19,2,0,15,2,6,3,5,10,6,11,3,0,13,5,10,19,15,15,19,6,1,11,3,11,6,0,19,9,11,9,10,6,11,13,11,11,6,6,19,14,13,11,16,10,6,11,6,9,10,16,19,7,1,11,12,8,10,11,5,6,0,9,5,6,0,9,5,19,0,11,3,18,10,6,7,11,11,6,0,11,3,9,11,0,0,0,0,0,0,0,0,0,0,0,0,0,0,0,0,0,0,0,0,0,0,0,0,0,0,0,0,0,0,0,0,0",-0.34293467,0.17325136,3.0,0.15952215,51.338223,0.17182285,1.0,0.17182285,0.2484077,0.13796397,0.0,0.0,0.15952215,0.01363543,0.84589124,0.2484077,2.6572552,1.7762214,51.338223,-0.34293467,3.1162536,197.70782,0.12834574,0.14722143,1.0,197.70782,0.5243274,0.15410876,2.6572552,0.01363543,0.14758219,0.17325136,0.0,1.7762214,3.1162536,0.12834574,0.34293467,0.0,0.14758219,0.34293467,0.7395506,0.14722143,1.0,0.13796397,lookahead,beam_orig2_bm3-s0to50br0-s50to100br2
/work/T-REX/external/Proteina-Complexa/inference/search_binder_local_pipeline_32_PDL1_ALPHA_REPACK_v7_r006_cand_v7r006_hyp_0006_01_002_a778160daa715/job_0_n_224_id_26_beam_orig3_bm3-s0to50br0-s50to100br2/job_0_n_224_id_26_beam_orig3_bm3-s0to50br0-s50to100br2.pdb,107,"2,0,13,16,19,16,19,14,11,3,10,18,19,19,6,18,7,15,2,12,16,9,6,4,11,13,14,19,6,11,5,10,3,10,0,0,10,9,19,18,17,6,12,6,3,11,2,9,9,5,13,19,8,7,6,6,3,10,11,19,5,8,15,15,18,1,5,1,0,1,10,10,11,3,5,10,15,10,7,2,0,0,10,5,9,16,3,19,11,10,5,3,0,7,19,18,1,4,12,9,15,18,7,7,0,3,18,11,1,9,16,19,11,19,2,0,3,10,18,19,19,6,18,7,15,2,12,16,9,6,4,11,13,14,19,6,11,5,10,3,10,0,0,10,9,19,18,17,6,12,6,3,11,2,9,9,5,13,19,8,7,6,6,3,10,11,19,5,8,15,15,18,1,5,1,0,1,10,10,11,3,5,10,15,10,7,2,0,0,10,5,9,16,3,19,11,10,5,3,0,7,19,18,1,4,12,9,15,18,7,7,0,3,18,11,1,9,16,19,11,19,2,0,14,0,0,0,0,0,0",-0.53544414,0.30913052,3.0,0.040756904,76.813995,0.041324645,1.0,0.041324645,0.32491574,0.011998152,0.0,0.0,0.040756904,0.002393599,0.8544925,0.32491574,4.0577016,1.346808,76.813995,-0.53544414,3.9404066,212.8855,0.011509314,0.04018916,1.0,212.8855,0.25072894,0.1455075,4.0577016,0.002393599,0.012486991,0.30913052,0.0,1.346808,3.9404066,0.011509314,0.53544414,0.0,0.012486991,0.53544414,0.5893153,0.04018916,1.0,0.011998152,lookahead,beam_orig3_bm3-s0to50br0-s50to100br2
/work/T-REX/external/Proteina-Complexa/inference/search_binder_local_pipeline_32_PDL1_ALPHA_REPACK_v7_r006_cand_v7r006_hyp_0006_01_002_a778160daa715/job_0_n_230_id_27_beam_orig0_bm1-s0to50br1-s50to100br3/job_0_n_230_id_27_beam_orig0_bm1-s0to50br1-s50to100br3.pdb,108,"2,0,13,16,19,16,19,14,11,3,10,18,19,19,6,18,7,15,2,12,16,9,6,4,11,13,14,19,6,11,5,10,3,10,0,0,10,9,19,18,17,6,12,6,3,11,2,9,9,5,13,19,8,7,6,6,3,10,11,19,5,8,15,15,18,1,5,1,0,1,10,10,11,3,5,10,15,10,7,2,0,0,10,5,9,16,3,19,11,10,5,3,0,7,19,18,1,4,12,9,15,18,7,7,0,3,18,11,1,9,16,19,11,19,2,0,13,16,19,16,19,14,11,3,10,18,19,19,6,18,7,15,2,12,16,9,6,4,11,13,14,19,6,11,5,10,3,10,0,0,10,9,19,18,17,6,12,6,3,11,2,9,9,5,13,19,8,7,6,6,3,10,11,19,5,8,15,15,18,1,5,1,0,1,10,10,11,3,5,10,15,10,7,2,0,0,10,5,9,16,3,19,11,10,5,3,0,7,19,18,1,4,12,9,15,18,7,7,0,3,18,11,1,9,16,19,11,19,2,0",-0.5306916,0.3045726,3.0,0.04240436,54.994194,0.04496427,1.0,0.04496427,0.31307608,0.012059158,0.0,0.0,0.04240436,0.0017373526,0.863603,0.31307608,4.6076775,1.2852225,54.994194,-0.5306916,3.8965874,202.55748,0.011830715,0.039844457,1.0,202.55748,0.25997397,0.136397,4.6076775,0.0017373526,0.012287601,0.3045726,0.0,1.2852225,3.8965874,0.011830715,0.5306916,0.0,0.012287601,0.5306916,0.5858987,0.039844457,1.0,0.012059158,lookahead,beam_orig0_bm1-s0to50br1-s50to100br3
/work/T-REX/external/Proteina-Complexa/inference/search_binder_local_pipeline_32_PDL1_ALPHA_REPACK_v7_r006_cand_v7r006_hyp_0006_01_002_a778160daa715/job_0_n_186_id_27_beam_orig1_bm3-s0to50br3-s50to100br3/job_0_n_186_id_27_beam_orig1_bm3-s0to50br3-s50to100br3.pdb,109,"2,0,13,16,19,16,19,14,11,3,10,18,19,19,6,18,7,15,2,12,16,9,6,4,11,13,14,19,6,11,5,10,3,10,0,0,10,9,19,18,17,6,12,6,3,11,2,9,9,5,13,19,8,7,6,6,3,10,11,19,5,8,15,15,18,1,5,1,0,1,10,10,11,3,5,10,15,10,7,2,0,0,10,5,9,16,3,19,11,10,5,3,0,7,19,18,1,4,12,9,15,18,7,7,0,3,18,11,1,9,16,19,11,19,2,0,15,3,10,1,9,5,0,6,6,0,10,0,11,10,3,14,2,3,14,19,0,0,18,18,1,11,10,12,5,0,18,10,3,5,2,2,14,15,6,0,10,11,19,18,11,2,18,5,6,0,11,11,2,7,16,0,10,6,5,0,19,15,3,13,11,11,10,3,2,10,0,0,0,0,0,0,0,0,0,0,0,0,0,0,0,0,0,0,0,0,0,0,0,0,0,0,0,0,0,0,0,0,0,0,0,0,0,0,0,0,0,0,0,0",-0.15049258,0.03755077,3.0,0.61037505,49.729374,0.6567924,1.0,0.6567924,0.12272023,0.61037505,0.0,0.0,0.61037505,0.0019449787,0.93764293,0.12272023,2.5253246,1.4748108,49.729374,-0.15049258,2.0473897,173.2488,0.56395763,0.56395763,1.0,173.2488,0.8241212,0.062357046,2.5253246,0.0019449787,0.6567924,0.03755077,0.0,1.4748108,2.0473897,0.56395763,0.15049258,0.0,0.6567924,0.15049258,0.88122475,0.56395763,1.0,0.61037505,lookahead,beam_orig1_bm3-s0to50br3-s50to100br3
/work/T-REX/external/Proteina-Complexa/inference/search_binder_local_pipeline_32_PDL1_ALPHA_REPACK_v7_r006_cand_v7r006_hyp_0006_01_002_a778160daa715/job_0_n_197_id_27_beam_orig2_bm3-s0to50br0-s50to100br3/job_0_n_197_id_27_beam_orig2_bm3-s0to50br0-s50to100br3.pdb,110,"2,0,13,16,19,16,19,14,11,3,10,18,19,19,6,18,7,15,2,12,16,9,6,4,11,13,14,19,6,11,5,10,3,10,0,0,10,9,19,18,17,6,12,6,3,11,2,9,9,5,13,19,8,7,6,6,3,10,11,19,5,8,15,15,18,1,5,1,0,1,10,10,11,3,5,10,15,10,7,2,0,0,10,5,9,16,3,19,11,10,5,3,0,7,19,18,1,4,12,9,15,18,7,7,0,3,18,11,1,9,16,19,11,19,2,0,0,6,6,6,11,10,6,11,3,0,13,5,10,19,15,0,19,18,1,11,3,0,3,10,9,9,16,19,10,2,11,10,11,11,6,2,19,2,6,11,10,10,10,11,11,9,19,19,19,7,1,11,12,15,10,14,5,3,19,9,6,6,0,19,1,9,0,11,16,13,13,6,16,7,3,0,6,6,0,19,11,0,0,0,0,0,0,0,0,0,0,0,0,0,0,0,0,0,0,0,0,0,0,0,0,0,0,0,0,0,0,0,0,0",-0.19470355,0.07502128,3.0,0.43133855,43.250553,0.49214876,1.0,0.49214876,0.14560363,0.43133855,0.0,0.0,0.43133855,0.0014707182,0.9146399,0.14560363,3.2004457,1.4219033,43.250553,-0.19470355,2.4223719,182.25632,0.37052837,0.37052837,1.0,182.25632,0.72737277,0.08536013,3.2004457,0.0014707182,0.49214876,0.07502128,0.0,1.4219033,2.4223719,0.37052837,0.19470355,0.0,0.49214876,0.19470355,0.8339887,0.37052837,1.0,0.43133855,lookahead,beam_orig2_bm3-s0to50br0-s50to100br3
/work/T-REX/external/Proteina-Complexa/inference/search_binder_local_pipeline_32_PDL1_ALPHA_REPACK_v7_r006_cand_v7r006_hyp_0006_01_002_a778160daa715/job_0_n_224_id_27_beam_orig3_bm3-s0to50br0-s50to100br3/job_0_n_224_id_27_beam_orig3_bm3-s0to50br0-s50to100br3.pdb,111,"2,0,13,16,19,16,19,14,11,3,10,18,19,19,6,18,7,15,2,12,16,9,6,4,11,13,14,19,6,11,5,10,3,10,0,0,10,9,19,18,17,6,12,6,3,11,2,9,9,5,13,19,8,7,6,6,3,10,11,19,5,8,15,15,18,1,5,1,0,1,10,10,11,3,5,10,15,10,7,2,0,0,10,5,9,16,3,19,11,10,5,3,0,7,19,18,1,4,12,9,15,18,7,7,0,3,18,11,1,9,16,19,11,19,2,0,3,10,18,19,19,6,18,7,15,2,12,16,9,6,4,11,13,14,19,6,11,5,10,3,10,0,0,10,9,19,18,17,6,12,6,3,11,2,9,9,5,13,19,8,7,6,6,3,10,11,19,5,8,15,15,18,1,5,1,0,1,10,10,11,3,5,10,15,10,7,2,0,0,10,5,9,16,3,19,11,10,5,3,0,7,19,18,1,4,12,9,15,18,7,7,0,3,18,11,1,9,16,19,11,19,2,0,14,0,0,0,0,0,0",-0.54169536,0.3133278,3.0,0.035812702,77.12754,0.03612199,1.0,0.03612199,0.3281895,0.011825423,0.0,0.0,0.035812702,0.0023896315,0.85395294,0.3281895,3.6192963,1.3485662,77.12754,-0.54169536,3.9560206,216.52402,0.01122633,0.035503414,1.0,216.52402,0.24374913,0.14604707,3.6192963,0.0023896315,0.012424516,0.3133278,0.0,1.3485662,3.9560206,0.01122633,0.54169536,0.0,0.012424516,0.54169536,0.585745,0.035503414,1.0,0.011825423,lookahead,beam_orig3_bm3-s0to50br0-s50to100br3
/work/T-REX/external/Proteina-Complexa/inference/search_binder_local_pipeline_32_PDL1_ALPHA_REPACK_v7_r006_cand_v7r006_hyp_0006_01_002_a778160daa715/job_0_n_230_id_28_beam_orig0_bm3-s0to50br1-s50to100br0/job_0_n_230_id_28_beam_orig0_bm3-s0to50br1-s50to100br0.pdb,112,"2,0,13,16,19,16,19,14,11,3,10,18,19,19,6,18,7,15,2,12,16,9,6,4,11,13,14,19,6,11,5,10,3,10,0,0,10,9,19,18,17,6,12,6,3,11,2,9,9,5,13,19,8,7,6,6,3,10,11,19,5,8,15,15,18,1,5,1,0,1,10,10,11,3,5,10,15,10,7,2,0,0,10,5,9,16,3,19,11,10,5,3,0,7,19,18,1,4,12,9,15,18,7,7,0,3,18,11,1,9,16,19,11,19,2,0,0,13,16,19,16,19,14,11,3,10,18,19,19,6,18,7,15,2,12,16,9,6,4,11,13,14,19,6,11,5,10,3,10,0,0,10,9,19,18,17,6,12,6,3,11,2,9,9,5,13,19,8,7,6,6,3,10,11,19,5,8,15,15,18,1,5,1,0,1,10,10,11,3,5,10,15,10,7,2,0,0,10,5,9,16,3,19,11,10,5,3,0,7,19,18,1,4,12,9,15,18,7,7,0,3,18,11,1,9,16,19,11,19,2",-0.52697474,0.29903156,3.0,0.04466421,53.084396,0.04757792,1.0,0.04757792,0.31141356,0.0124839,0.0,0.0,0.04466421,0.0018083166,0.86052734,0.31141356,4.413414,1.2861855,53.084396,-0.52697474,3.8685048,202.66669,0.0121803805,0.041750506,1.0,202.66669,0.26207763,0.13947268,4.413414,0.0018083166,0.012787419,0.29903156,0.0,1.2861855,3.8685048,0.0121803805,0.52697474,0.0,0.012787419,0.52697474,0.5871882,0.041750506,1.0,0.0124839,lookahead,beam_orig0_bm3-s0to50br1-s50to100br0
/work/T-REX/external/Proteina-Complexa/inference/search_binder_local_pipeline_32_PDL1_ALPHA_REPACK_v7_r006_cand_v7r006_hyp_0006_01_002_a778160daa715/job_0_n_186_id_28_beam_orig1_bm1-s0to50br2-s50to100br0/job_0_n_186_id_28_beam_orig1_bm1-s0to50br2-s50to100br0.pdb,113,"2,0,13,16,19,16,19,14,11,3,10,18,19,19,6,18,7,15,2,12,16,9,6,4,11,13,14,19,6,11,5,10,3,10,0,0,10,9,19,18,17,6,12,6,3,11,2,9,9,5,13,19,8,7,6,6,3,10,11,19,5,8,15,15,18,1,5,1,0,1,10,10,11,3,5,10,15,10,7,2,0,0,10,5,9,16,3,19,11,10,5,3,0,7,19,18,1,4,12,9,15,18,7,7,0,3,18,11,1,9,16,19,11,19,2,0,15,11,11,19,11,10,13,18,10,18,2,5,7,11,3,6,6,6,11,7,2,9,3,6,0,10,11,2,18,6,6,19,10,11,10,0,14,14,3,15,19,9,1,11,6,0,19,6,19,10,11,2,10,11,6,11,18,14,3,2,6,11,9,16,11,9,10,6,11,13,0,0,0,0,0,0,0,0,0,0,0,0,0,0,0,0,0,0,0,0,0,0,0,0,0,0,0,0,0,0,0,0,0,0,0,0,0,0,0,0,0,0,0,0",-0.38491714,0.21094906,3.0,0.107906654,39.471176,0.1332026,1.0,0.1332026,0.26753432,0.04517038,0.0,0.0,0.107906654,0.002536714,0.88557625,0.26753432,3.9287567,1.4688804,39.471176,-0.38491714,3.4994833,176.40413,0.03167156,0.082610704,1.0,176.40413,0.4146551,0.11442377,3.9287567,0.002536714,0.058669202,0.21094906,0.0,1.4688804,3.4994833,0.03167156,0.38491714,0.0,0.058669202,0.38491714,0.71448565,0.082610704,1.0,0.04517038,lookahead,beam_orig1_bm1-s0to50br2-s50to100br0
/work/T-REX/external/Proteina-Complexa/inference/search_binder_local_pipeline_32_PDL1_ALPHA_REPACK_v7_r006_cand_v7r006_hyp_0006_01_002_a778160daa715/job_0_n_197_id_28_beam_orig2_bm1-s0to50br1-s50to100br0/job_0_n_197_id_28_beam_orig2_bm1-s0to50br1-s50to100br0.pdb,114,"2,0,13,16,19,16,19,14,11,3,10,18,19,19,6,18,7,15,2,12,16,9,6,4,11,13,14,19,6,11,5,10,3,10,0,0,10,9,19,18,17,6,12,6,3,11,2,9,9,5,13,19,8,7,6,6,3,10,11,19,5,8,15,15,18,1,5,1,0,1,10,10,11,3,5,10,15,10,7,2,0,0,10,5,9,16,3,19,11,10,5,3,0,7,19,18,1,4,12,9,15,18,7,7,0,3,18,11,1,9,16,19,11,19,2,0,2,14,2,16,11,2,16,9,10,14,0,15,10,16,19,11,14,7,6,6,9,19,10,16,10,6,19,18,13,14,2,19,14,11,16,10,11,13,16,15,10,3,7,6,19,1,16,13,6,19,16,15,14,16,13,16,9,14,15,0,16,10,15,3,15,7,9,18,6,10,10,7,18,7,7,1,15,19,19,16,19,0,0,0,0,0,0,0,0,0,0,0,0,0,0,0,0,0,0,0,0,0,0,0,0,0,0,0,0,0,0,0,0,0",-0.31904653,0.12630558,3.0,0.20985997,54.046947,0.22842494,1.0,0.22842494,0.24491858,0.20538732,0.0,0.0,0.20985997,0.024243401,0.8600803,0.24491858,3.30028,1.6775641,54.046947,-0.31904653,3.918274,171.97743,0.18605407,0.19129501,1.0,171.97743,0.539418,0.13991971,3.30028,0.024243401,0.2247206,0.12630558,0.0,1.6775641,3.918274,0.18605407,0.31904653,0.0,0.2247206,0.31904653,0.7586967,0.19129501,1.0,0.20538732,lookahead,beam_orig2_bm1-s0to50br1-s50to100br0
/work/T-REX/external/Proteina-Complexa/inference/search_binder_local_pipeline_32_PDL1_ALPHA_REPACK_v7_r006_cand_v7r006_hyp_0006_01_002_a778160daa715/job_0_n_224_id_28_beam_orig3_bm0-s0to50br3-s50to100br0/job_0_n_224_id_28_beam_orig3_bm0-s0to50br3-s50to100br0.pdb,115,"2,0,13,16,19,16,19,14,11,3,10,18,19,19,6,18,7,15,2,12,16,9,6,4,11,13,14,19,6,11,5,10,3,10,0,0,10,9,19,18,17,6,12,6,3,11,2,9,9,5,13,19,8,7,6,6,3,10,11,19,5,8,15,15,18,1,5,1,0,1,10,10,11,3,5,10,15,10,7,2,0,0,10,5,9,16,3,19,11,10,5,3,0,7,19,18,1,4,12,9,15,18,7,7,0,3,18,11,1,9,16,19,11,19,2,0,11,3,10,18,19,19,6,18,7,15,2,12,16,9,6,4,11,13,14,19,6,11,5,10,3,10,0,0,10,9,19,18,17,6,12,6,3,11,2,9,9,5,13,19,8,7,6,6,3,10,11,19,5,8,15,15,18,1,5,1,0,1,10,10,11,3,5,10,15,10,7,2,0,0,10,5,9,16,3,19,11,10,5,3,0,7,19,18,1,4,12,9,15,18,7,7,0,3,18,11,1,9,16,19,11,19,2,0,0,0,0,0,0,0",-0.53540415,0.30781597,3.0,0.039009906,54.38117,0.04013948,1.0,0.04013948,0.3242949,0.01224528,0.0,0.0,0.039009906,0.0020653505,0.85371864,0.3242949,4.9701614,1.3556359,54.38117,-0.53540415,3.9247675,197.86794,0.011653909,0.037880328,1.0,197.86794,0.2512096,0.14628139,4.9701614,0.0020653505,0.01283665,0.30781597,0.0,1.3556359,3.9247675,0.011653909,0.53540415,0.0,0.01283665,0.53540415,0.5895555,0.037880328,1.0,0.01224528,lookahead,beam_orig3_bm0-s0to50br3-s50to100br0
/work/T-REX/external/Proteina-Complexa/inference/search_binder_local_pipeline_32_PDL1_ALPHA_REPACK_v7_r006_cand_v7r006_hyp_0006_01_002_a778160daa715/job_0_n_230_id_29_beam_orig0_bm3-s0to50br1-s50to100br1/job_0_n_230_id_29_beam_orig0_bm3-s0to50br1-s50to100br1.pdb,116,"2,0,13,16,19,16,19,14,11,3,10,18,19,19,6,18,7,15,2,12,16,9,6,4,11,13,14,19,6,11,5,10,3,10,0,0,10,9,19,18,17,6,12,6,3,11,2,9,9,5,13,19,8,7,6,6,3,10,11,19,5,8,15,15,18,1,5,1,0,1,10,10,11,3,5,10,15,10,7,2,0,0,10,5,9,16,3,19,11,10,5,3,0,7,19,18,1,4,12,9,15,18,7,7,0,3,18,11,1,9,16,19,11,19,2,0,0,13,16,19,16,19,14,11,3,10,18,19,19,6,18,7,15,2,12,16,9,6,4,11,13,14,19,6,11,5,10,3,10,0,0,10,9,19,18,17,6,12,6,3,11,2,9,9,5,13,19,8,7,6,6,3,10,11,19,5,8,15,15,18,1,5,1,0,1,10,10,11,3,5,10,15,10,7,2,0,0,10,5,9,16,3,19,11,10,5,3,0,7,19,18,1,4,12,9,15,18,7,7,0,3,18,11,1,9,16,19,11,19,2",-0.5220679,0.2944849,3.0,0.04779619,55.80758,0.05014608,1.0,0.05014608,0.30861053,0.012403229,0.0,0.0,0.04779619,0.0018494981,0.86184096,0.30861053,4.964579,1.2791227,55.80758,-0.5220679,3.8582244,199.84908,0.01199879,0.045446295,1.0,199.84908,0.2669762,0.13815905,4.964579,0.0018494981,0.012807668,0.2944849,0.0,1.2791227,3.8582244,0.01199879,0.5220679,0.0,0.012807668,0.5220679,0.58932483,0.045446295,1.0,0.012403229,lookahead,beam_orig0_bm3-s0to50br1-s50to100br1
/work/T-REX/external/Proteina-Complexa/inference/search_binder_local_pipeline_32_PDL1_ALPHA_REPACK_v7_r006_cand_v7r006_hyp_0006_01_002_a778160daa715/job_0_n_186_id_29_beam_orig1_bm1-s0to50br2-s50to100br1/job_0_n_186_id_29_beam_orig1_bm1-s0to50br2-s50to100br1.pdb,117,"2,0,13,16,19,16,19,14,11,3,10,18,19,19,6,18,7,15,2,12,16,9,6,4,11,13,14,19,6,11,5,10,3,10,0,0,10,9,19,18,17,6,12,6,3,11,2,9,9,5,13,19,8,7,6,6,3,10,11,19,5,8,15,15,18,1,5,1,0,1,10,10,11,3,5,10,15,10,7,2,0,0,10,5,9,16,3,19,11,10,5,3,0,7,19,18,1,4,12,9,15,18,7,7,0,3,18,11,1,9,16,19,11,19,2,0,15,2,6,19,6,0,19,1,8,18,10,6,7,11,3,6,11,2,1,7,2,10,3,6,0,6,11,11,13,11,11,0,9,6,10,15,14,14,2,15,15,9,1,2,5,0,10,6,6,10,0,11,19,18,6,10,5,7,11,10,6,6,0,6,11,19,1,5,5,9,0,0,0,0,0,0,0,0,0,0,0,0,0,0,0,0,0,0,0,0,0,0,0,0,0,0,0,0,0,0,0,0,0,0,0,0,0,0,0,0,0,0,0,0",-0.16738448,0.053452965,3.0,0.5443388,65.90278,0.6385194,1.0,0.6385194,0.12909831,0.5443388,0.0,0.0,0.5443388,0.0018550353,0.9493258,0.12909831,3.8188572,1.2680385,65.90278,-0.16738448,2.5054107,158.09837,0.4501583,0.4501583,1.0,158.09837,0.7925333,0.05067421,3.8188572,0.0018550353,0.6385194,0.053452965,0.0,1.2680385,2.5054107,0.4501583,0.16738448,0.0,0.6385194,0.16738448,0.85869884,0.4501583,1.0,0.5443388,lookahead,beam_orig1_bm1-s0to50br2-s50to100br1
/work/T-REX/external/Proteina-Complexa/inference/search_binder_local_pipeline_32_PDL1_ALPHA_REPACK_v7_r006_cand_v7r006_hyp_0006_01_002_a778160daa715/job_0_n_197_id_29_beam_orig2_bm1-s0to50br1-s50to100br1/job_0_n_197_id_29_beam_orig2_bm1-s0to50br1-s50to100br1.pdb,118,"2,0,13,16,19,16,19,14,11,3,10,18,19,19,6,18,7,15,2,12,16,9,6,4,11,13,14,19,6,11,5,10,3,10,0,0,10,9,19,18,17,6,12,6,3,11,2,9,9,5,13,19,8,7,6,6,3,10,11,19,5,8,15,15,18,1,5,1,0,1,10,10,11,3,5,10,15,10,7,2,0,0,10,5,9,16,3,19,11,10,5,3,0,7,19,18,1,4,12,9,15,18,7,7,0,3,18,11,1,9,16,19,11,19,2,0,11,9,19,18,15,14,13,13,6,11,3,10,18,16,9,11,6,7,6,3,9,9,10,11,16,11,9,18,13,14,1,5,11,18,3,9,9,13,16,15,11,3,7,15,5,11,11,10,16,10,3,15,11,11,10,19,9,14,11,0,16,11,15,3,15,7,19,18,6,9,11,15,10,1,0,11,0,19,19,10,19,0,0,0,0,0,0,0,0,0,0,0,0,0,0,0,0,0,0,0,0,0,0,0,0,0,0,0,0,0,0,0,0,0",-0.21998882,0.069582775,3.0,0.40247774,36.004932,0.44763574,1.0,0.44763574,0.17249945,0.40244496,0.0,0.0,0.40247774,0.006022316,0.90867025,0.17249945,1.4819841,1.5815055,36.004932,-0.21998882,3.8257458,146.31703,0.35725418,0.35731974,1.0,146.31703,0.68156993,0.091329776,1.4819841,0.006022316,0.44763574,0.069582775,0.0,1.5815055,3.8257458,0.35725418,0.21998882,0.0,0.44763574,0.21998882,0.8185583,0.35731974,1.0,0.40244496,lookahead,beam_orig2_bm1-s0to50br1-s50to100br1
/work/T-REX/external/Proteina-Complexa/inference/search_binder_local_pipeline_32_PDL1_ALPHA_REPACK_v7_r006_cand_v7r006_hyp_0006_01_002_a778160daa715/job_0_n_224_id_29_beam_orig3_bm0-s0to50br3-s50to100br1/job_0_n_224_id_29_beam_orig3_bm0-s0to50br3-s50to100br1.pdb,119,"2,0,13,16,19,16,19,14,11,3,10,18,19,19,6,18,7,15,2,12,16,9,6,4,11,13,14,19,6,11,5,10,3,10,0,0,10,9,19,18,17,6,12,6,3,11,2,9,9,5,13,19,8,7,6,6,3,10,11,19,5,8,15,15,18,1,5,1,0,1,10,10,11,3,5,10,15,10,7,2,0,0,10,5,9,16,3,19,11,10,5,3,0,7,19,18,1,4,12,9,15,18,7,7,0,3,18,11,1,9,16,19,11,19,2,0,11,3,10,18,19,19,6,18,7,15,2,12,16,9,6,4,11,13,14,19,6,11,5,10,3,10,0,0,10,9,19,18,17,6,12,6,3,11,2,9,9,5,13,19,8,7,6,6,3,10,11,19,5,8,15,15,18,1,5,1,0,1,10,10,11,3,5,10,15,10,7,2,0,0,10,5,9,16,3,19,11,10,5,3,0,7,19,18,1,4,12,9,15,18,7,7,0,3,18,11,1,9,16,19,11,19,2,0,0,0,0,0,0,0",-0.5304421,0.30216733,3.0,0.041845407,60.318596,0.04354169,1.0,0.04354169,0.32182434,0.012504349,0.0,0.0,0.041845407,0.002081403,0.85387623,0.32182434,4.8865643,1.3584286,60.318596,-0.5304421,3.9178586,203.94608,0.011984285,0.040149126,1.0,203.94608,0.25401175,0.14612378,4.8865643,0.002081403,0.013024414,0.30216733,0.0,1.3584286,3.9178586,0.011984285,0.5304421,0.0,0.013024414,0.5304421,0.59065074,0.040149126,1.0,0.012504349,lookahead,beam_orig3_bm0-s0to50br3-s50to100br1
/work/T-REX/external/Proteina-Complexa/inference/search_binder_local_pipeline_32_PDL1_ALPHA_REPACK_v7_r006_cand_v7r006_hyp_0006_01_002_a778160daa715/job_0_n_230_id_30_beam_orig0_bm3-s0to50br1-s50to100br2/job_0_n_230_id_30_beam_orig0_bm3-s0to50br1-s50to100br2.pdb,120,"2,0,13,16,19,16,19,14,11,3,10,18,19,19,6,18,7,15,2,12,16,9,6,4,11,13,14,19,6,11,5,10,3,10,0,0,10,9,19,18,17,6,12,6,3,11,2,9,9,5,13,19,8,7,6,6,3,10,11,19,5,8,15,15,18,1,5,1,0,1,10,10,11,3,5,10,15,10,7,2,0,0,10,5,9,16,3,19,11,10,5,3,0,7,19,18,1,4,12,9,15,18,7,7,0,3,18,11,1,9,16,19,11,19,2,0,0,13,16,19,16,19,14,11,3,10,18,19,19,6,18,7,15,2,12,16,9,6,4,11,13,14,19,6,11,5,10,3,10,0,0,10,9,19,18,17,6,12,6,3,11,2,9,9,5,13,19,8,7,6,6,3,10,11,19,5,8,15,15,18,1,5,1,0,1,10,10,11,3,5,10,15,10,7,2,0,0,10,5,9,16,3,19,11,10,5,3,0,7,19,18,1,4,12,9,15,18,7,7,0,3,18,11,1,9,16,19,11,19,2",-0.51816565,0.2898277,3.0,0.049290232,57.09937,0.05165511,1.0,0.05165511,0.30632102,0.012681877,0.0,0.0,0.049290232,0.001766804,0.8618626,0.30632102,4.976031,1.2745084,57.09937,-0.51816565,3.8455307,201.20761,0.012316659,0.04692535,1.0,201.20761,0.26878476,0.13813742,4.976031,0.001766804,0.013047094,0.2898277,0.0,1.2745084,3.8455307,0.012316659,0.51816565,0.0,0.013047094,0.51816565,0.59067166,0.04692535,1.0,0.012681877,lookahead,beam_orig0_bm3-s0to50br1-s50to100br2
/work/T-REX/external/Proteina-Complexa/inference/search_binder_local_pipeline_32_PDL1_ALPHA_REPACK_v7_r006_cand_v7r006_hyp_0006_01_002_a778160daa715/job_0_n_186_id_30_beam_orig1_bm1-s0to50br2-s50to100br2/job_0_n_186_id_30_beam_orig1_bm1-s0to50br2-s50to100br2.pdb,121,"2,0,13,16,19,16,19,14,11,3,10,18,19,19,6,18,7,15,2,12,16,9,6,4,11,13,14,19,6,11,5,10,3,10,0,0,10,9,19,18,17,6,12,6,3,11,2,9,9,5,13,19,8,7,6,6,3,10,11,19,5,8,15,15,18,1,5,1,0,1,10,10,11,3,5,10,15,10,7,2,0,0,10,5,9,16,3,19,11,10,5,3,0,7,19,18,1,4,12,9,15,18,7,7,0,3,18,11,1,9,16,19,11,19,2,0,15,15,6,0,6,0,19,11,10,13,12,6,7,11,3,6,11,0,11,7,2,10,0,6,0,6,19,11,13,1,6,0,10,6,10,10,14,14,2,8,14,10,1,14,6,0,10,3,6,10,0,11,19,10,6,0,10,7,11,6,0,6,0,6,11,19,1,5,6,0,0,0,0,0,0,0,0,0,0,0,0,0,0,0,0,0,0,0,0,0,0,0,0,0,0,0,0,0,0,0,0,0,0,0,0,0,0,0,0,0,0,0,0,0",-0.26252615,0.11846819,3.0,0.26758078,51.45129,0.32845268,1.0,0.32845268,0.19163848,0.26758078,0.0,0.0,0.26758078,0.0024982188,0.9144181,0.19163848,3.0552857,1.3268925,51.45129,-0.26252615,2.8932161,162.727,0.2067089,0.2067089,1.0,162.727,0.6193236,0.085581906,3.0552857,0.0024982188,0.32845268,0.11846819,0.0,1.3268925,2.8932161,0.2067089,0.26252615,0.0,0.32845268,0.26252615,0.7881617,0.2067089,1.0,0.26758078,lookahead,beam_orig1_bm1-s0to50br2-s50to100br2
/work/T-REX/external/Proteina-Complexa/inference/search_binder_local_pipeline_32_PDL1_ALPHA_REPACK_v7_r006_cand_v7r006_hyp_0006_01_002_a778160daa715/job_0_n_197_id_30_beam_orig2_bm1-s0to50br1-s50to100br2/job_0_n_197_id_30_beam_orig2_bm1-s0to50br1-s50to100br2.pdb,122,"2,0,13,16,19,16,19,14,11,3,10,18,19,19,6,18,7,15,2,12,16,9,6,4,11,13,14,19,6,11,5,10,3,10,0,0,10,9,19,18,17,6,12,6,3,11,2,9,9,5,13,19,8,7,6,6,3,10,11,19,5,8,15,15,18,1,5,1,0,1,10,10,11,3,5,10,15,10,7,2,0,0,10,5,9,16,3,19,11,10,5,3,0,7,19,18,1,4,12,9,15,18,7,7,0,3,18,11,1,9,16,19,11,19,2,0,7,15,15,16,7,9,11,9,16,14,0,10,10,15,19,15,14,7,6,6,0,19,13,11,0,2,19,13,13,14,15,5,16,18,16,17,10,11,6,6,2,7,11,12,19,19,11,5,11,7,5,16,2,16,13,16,9,14,11,0,16,19,15,3,15,7,19,18,18,10,5,14,10,7,7,11,0,16,10,9,19,0,0,0,0,0,0,0,0,0,0,0,0,0,0,0,0,0,0,0,0,0,0,0,0,0,0,0,0,0,0,0,0,0",-0.535512,0.315635,3.0,0.033707738,128.68471,0.039393276,1.0,0.039393276,0.3729895,0.012557399,0.0,0.0,0.033707738,0.014503717,0.8035291,0.3729895,22.907791,1.5674,128.68471,-0.535512,4.2425313,218.78053,0.011147514,0.0280222,1.0,218.78053,0.2571692,0.19647092,22.907791,0.014503717,0.013967285,0.315635,0.0,1.5674,4.2425313,0.011147514,0.535512,0.0,0.013967285,0.535512,0.633196,0.0280222,1.0,0.012557399,lookahead,beam_orig2_bm1-s0to50br1-s50to100br2
/work/T-REX/external/Proteina-Complexa/inference/search_binder_local_pipeline_32_PDL1_ALPHA_REPACK_v7_r006_cand_v7r006_hyp_0006_01_002_a778160daa715/job_0_n_224_id_30_beam_orig3_bm0-s0to50br3-s50to100br2/job_0_n_224_id_30_beam_orig3_bm0-s0to50br3-s50to100br2.pdb,123,"2,0,13,16,19,16,19,14,11,3,10,18,19,19,6,18,7,15,2,12,16,9,6,4,11,13,14,19,6,11,5,10,3,10,0,0,10,9,19,18,17,6,12,6,3,11,2,9,9,5,13,19,8,7,6,6,3,10,11,19,5,8,15,15,18,1,5,1,0,1,10,10,11,3,5,10,15,10,7,2,0,0,10,5,9,16,3,19,11,10,5,3,0,7,19,18,1,4,12,9,15,18,7,7,0,3,18,11,1,9,16,19,11,19,2,0,11,3,10,18,19,19,6,18,7,15,2,12,16,9,6,4,11,13,14,19,6,11,5,10,3,10,0,0,10,9,19,18,17,6,12,6,3,11,2,9,9,5,13,19,8,7,6,6,3,10,11,19,5,8,15,15,18,1,5,1,0,1,10,10,11,3,5,10,15,10,7,2,0,0,10,5,9,16,3,19,11,10,5,3,0,7,19,18,1,4,12,9,15,18,7,7,0,3,18,11,1,9,16,19,11,19,2,0,0,0,0,0,0,0",-0.53176564,0.30488038,3.0,0.04248768,56.31415,0.043385103,1.0,0.043385103,0.3222713,0.012348708,0.0,0.0,0.04248768,0.0020712928,0.8545258,0.3222713,5.301571,1.3557061,56.31415,-0.53176564,3.9216747,194.1365,0.011889452,0.041590255,1.0,194.1365,0.25360048,0.14547417,5.301571,0.0020712928,0.012807964,0.30488038,0.0,1.3557061,3.9216747,0.011889452,0.53176564,0.0,0.012807964,0.53176564,0.59073615,0.041590255,1.0,0.012348708,lookahead,beam_orig3_bm0-s0to50br3-s50to100br2
/work/T-REX/external/Proteina-Complexa/inference/search_binder_local_pipeline_32_PDL1_ALPHA_REPACK_v7_r006_cand_v7r006_hyp_0006_01_002_a778160daa715/job_0_n_230_id_31_beam_orig0_bm3-s0to50br1-s50to100br3/job_0_n_230_id_31_beam_orig0_bm3-s0to50br1-s50to100br3.pdb,124,"2,0,13,16,19,16,19,14,11,3,10,18,19,19,6,18,7,15,2,12,16,9,6,4,11,13,14,19,6,11,5,10,3,10,0,0,10,9,19,18,17,6,12,6,3,11,2,9,9,5,13,19,8,7,6,6,3,10,11,19,5,8,15,15,18,1,5,1,0,1,10,10,11,3,5,10,15,10,7,2,0,0,10,5,9,16,3,19,11,10,5,3,0,7,19,18,1,4,12,9,15,18,7,7,0,3,18,11,1,9,16,19,11,19,2,0,0,13,16,19,16,19,14,11,3,10,18,19,19,6,18,7,15,2,12,16,9,6,4,11,13,14,19,6,11,5,10,3,10,0,0,10,9,19,18,17,6,12,6,3,11,2,9,9,5,13,19,8,7,6,6,3,10,11,19,5,8,15,15,18,1,5,1,0,1,10,10,11,3,5,10,15,10,7,2,0,0,10,5,9,16,3,19,11,10,5,3,0,7,19,18,1,4,12,9,15,18,7,7,0,3,18,11,1,9,16,19,11,19,2",-0.5165369,0.28763863,3.0,0.05036553,56.544632,0.052827314,1.0,0.052827314,0.3055611,0.012825025,0.0,0.0,0.05036553,0.0018191657,0.8615964,0.3055611,4.8091044,1.2745016,56.544632,-0.5165369,3.8397593,204.68681,0.012531238,0.047903746,1.0,204.68681,0.27017736,0.13840361,4.8091044,0.0018191657,0.013118812,0.28763863,0.0,1.2745016,3.8397593,0.012531238,0.5165369,0.0,0.013118812,0.5165369,0.5910506,0.047903746,1.0,0.012825025,lookahead,beam_orig0_bm3-s0to50br1-s50to100br3
/work/T-REX/external/Proteina-Complexa/inference/search_binder_local_pipeline_32_PDL1_ALPHA_REPACK_v7_r006_cand_v7r006_hyp_0006_01_002_a778160daa715/job_0_n_186_id_31_beam_orig1_bm1-s0to50br2-s50to100br3/job_0_n_186_id_31_beam_orig1_bm1-s0to50br2-s50to100br3.pdb,125,"2,0,13,16,19,16,19,14,11,3,10,18,19,19,6,18,7,15,2,12,16,9,6,4,11,13,14,19,6,11,5,10,3,10,0,0,10,9,19,18,17,6,12,6,3,11,2,9,9,5,13,19,8,7,6,6,3,10,11,19,5,8,15,15,18,1,5,1,0,1,10,10,11,3,5,10,15,10,7,2,0,0,10,5,9,16,3,19,11,10,5,3,0,7,19,18,1,4,12,9,15,18,7,7,0,3,18,11,1,9,16,19,11,19,2,0,19,3,6,13,6,19,19,11,10,13,2,6,7,11,3,6,11,0,0,7,11,10,3,6,0,6,11,11,13,1,1,19,10,6,10,15,14,14,16,8,14,10,1,14,5,0,10,6,6,10,0,11,19,18,6,0,5,7,11,6,3,6,0,6,11,19,1,5,6,1,0,0,0,0,0,0,0,0,0,0,0,0,0,0,0,0,0,0,0,0,0,0,0,0,0,0,0,0,0,0,0,0,0,0,0,0,0,0,0,0,0,0,0,0",-0.3402942,0.17773631,3.0,0.15384027,45.518215,0.18672583,1.0,0.18672583,0.24507412,0.13268249,0.0,0.0,0.15384027,0.0047734175,0.8790315,0.24507412,1.4790841,1.5594741,45.518215,-0.3402942,3.1028132,158.13799,0.09515292,0.12095473,1.0,158.13799,0.4972962,0.120968536,1.4790841,0.0047734175,0.17021206,0.17773631,0.0,1.5594741,3.1028132,0.09515292,0.3402942,0.0,0.17021206,0.3402942,0.73901975,0.12095473,1.0,0.13268249,lookahead,beam_orig1_bm1-s0to50br2-s50to100br3
/work/T-REX/external/Proteina-Complexa/inference/search_binder_local_pipeline_32_PDL1_ALPHA_REPACK_v7_r006_cand_v7r006_hyp_0006_01_002_a778160daa715/job_0_n_197_id_31_beam_orig2_bm1-s0to50br1-s50to100br3/job_0_n_197_id_31_beam_orig2_bm1-s0to50br1-s50to100br3.pdb,126,"2,0,13,16,19,16,19,14,11,3,10,18,19,19,6,18,7,15,2,12,16,9,6,4,11,13,14,19,6,11,5,10,3,10,0,0,10,9,19,18,17,6,12,6,3,11,2,9,9,5,13,19,8,7,6,6,3,10,11,19,5,8,15,15,18,1,5,1,0,1,10,10,11,3,5,10,15,10,7,2,0,0,10,5,9,16,3,19,11,10,5,3,0,7,19,18,1,4,12,9,15,18,7,7,0,3,18,11,1,9,16,19,11,19,2,0,0,18,16,14,11,2,16,9,16,14,0,19,10,15,19,15,6,7,6,6,0,19,13,11,4,6,19,13,13,14,8,5,6,9,16,17,16,11,6,9,2,7,11,6,9,19,10,5,11,7,11,16,2,15,13,16,9,14,15,0,11,11,15,3,15,7,19,18,1,4,11,14,13,2,7,11,0,19,10,16,19,0,0,0,0,0,0,0,0,0,0,0,0,0,0,0,0,0,0,0,0,0,0,0,0,0,0,0,0,0,0,0,0,0",-0.5413935,0.2942148,3.0,0.024633573,116.50989,0.02570452,1.0,0.02570452,0.37040213,0.012590052,0.0,0.0,0.024633573,0.004626935,0.81365055,0.37040213,14.553634,1.661225,116.50989,-0.5413935,4.360206,194.65765,0.011813969,0.023562627,1.0,194.65765,0.23407355,0.18634945,14.553634,0.004626935,0.013366134,0.2942148,0.0,1.661225,4.360206,0.011813969,0.5413935,0.0,0.013366134,0.5413935,0.62441236,0.023562627,1.0,0.012590052,lookahead,beam_orig2_bm1-s0to50br1-s50to100br3
/work/T-REX/external/Proteina-Complexa/inference/search_binder_local_pipeline_32_PDL1_ALPHA_REPACK_v7_r006_cand_v7r006_hyp_0006_01_002_a778160daa715/job_0_n_224_id_31_beam_orig3_bm0-s0to50br3-s50to100br3/job_0_n_224_id_31_beam_orig3_bm0-s0to50br3-s50to100br3.pdb,127,"2,0,13,16,19,16,19,14,11,3,10,18,19,19,6,18,7,15,2,12,16,9,6,4,11,13,14,19,6,11,5,10,3,10,0,0,10,9,19,18,17,6,12,6,3,11,2,9,9,5,13,19,8,7,6,6,3,10,11,19,5,8,15,15,18,1,5,1,0,1,10,10,11,3,5,10,15,10,7,2,0,0,10,5,9,16,3,19,11,10,5,3,0,7,19,18,1,4,12,9,15,18,7,7,0,3,18,11,1,9,16,19,11,19,2,0,11,3,10,18,19,19,6,18,7,15,2,12,16,9,6,4,11,13,14,19,6,11,5,10,3,10,0,0,10,9,19,18,17,6,12,6,3,11,2,9,9,5,13,19,8,7,6,6,3,10,11,19,5,8,15,15,18,1,5,1,0,1,10,10,11,3,5,10,15,10,7,2,0,0,10,5,9,16,3,19,11,10,5,3,0,7,19,18,1,4,12,9,15,18,7,7,0,3,18,11,1,9,16,19,11,19,2,0,0,0,0,0,0,0",-0.53168964,0.30271813,3.0,0.042073555,55.31949,0.042641878,1.0,0.042641878,0.32299843,0.012559649,0.0,0.0,0.042073555,0.0021199358,0.8533962,0.32299843,4.738446,1.3645078,55.31949,-0.53168964,3.917796,200.81883,0.011988938,0.041505232,1.0,200.81883,0.2546348,0.14660381,4.738446,0.0021199358,0.013130358,0.30271813,0.0,1.3645078,3.917796,0.011988938,0.53168964,0.0,0.013130358,0.53168964,0.59107846,0.041505232,1.0,0.012559649,lookahead,beam_orig3_bm0-s0to50br3-s50to100br3
/work/T-REX/external/Proteina-Complexa/inference/search_binder_local_pipeline_32_PDL1_ALPHA_REPACK_v7_r006_cand_v7r006_hyp_0006_01_002_a778160daa715/job_0_n_230_id_32_beam_orig0_bm2-s0to50br2-s50to100br1-s100to150br0/job_0_n_230_id_32_beam_orig0_bm2-s0to50br2-s50to100br1-s100to150br0.pdb,128,"2,0,13,16,19,16,19,14,11,3,10,18,19,19,6,18,7,15,2,12,16,9,6,4,11,13,14,19,6,11,5,10,3,10,0,0,10,9,19,18,17,6,12,6,3,11,2,9,9,5,13,19,8,7,6,6,3,10,11,19,5,8,15,15,18,1,5,1,0,1,10,10,11,3,5,10,15,10,7,2,0,0,10,5,9,16,3,19,11,10,5,3,0,7,19,18,1,4,12,9,15,18,7,7,0,3,18,11,1,9,16,19,11,19,2,0,0,13,16,19,16,19,14,11,3,10,18,19,19,6,18,7,15,2,12,16,9,6,4,11,13,14,19,6,11,5,10,3,10,0,0,10,9,19,18,17,6,12,6,3,11,2,9,9,5,13,19,8,7,6,6,3,10,11,19,5,8,15,15,18,1,5,1,0,1,10,10,11,3,5,10,15,10,7,2,0,0,10,5,9,16,3,19,11,10,5,3,0,7,19,18,1,4,12,9,15,18,7,7,0,3,18,11,1,9,16,19,11,19,2",-0.52812654,0.29817122,3.0,0.043606333,64.145996,0.046458066,1.0,0.046458066,0.3116544,0.012348164,0.0,0.0,0.043606333,0.0017477593,0.861259,0.3116544,3.0624456,1.278085,64.145996,-0.52812654,3.8717148,212.80595,0.012060108,0.0407546,1.0,212.80595,0.2596193,0.13874105,3.0624456,0.0017477593,0.012636219,0.29817122,0.0,1.278085,3.8717148,0.012060108,0.52812654,0.0,0.012636219,0.52812654,0.58596253,0.0407546,1.0,0.012348164,lookahead,beam_orig0_bm2-s0to50br2-s50to100br1-s100to150br0
/work/T-REX/external/Proteina-Complexa/inference/search_binder_local_pipeline_32_PDL1_ALPHA_REPACK_v7_r006_cand_v7r006_hyp_0006_01_002_a778160daa715/job_0_n_186_id_32_beam_orig1_bm3-s0to50br3-s50to100br3-s100to150br0/job_0_n_186_id_32_beam_orig1_bm3-s0to50br3-s50to100br3-s100to150br0.pdb,129,"2,0,13,16,19,16,19,14,11,3,10,18,19,19,6,18,7,15,2,12,16,9,6,4,11,13,14,19,6,11,5,10,3,10,0,0,10,9,19,18,17,6,12,6,3,11,2,9,9,5,13,19,8,7,6,6,3,10,11,19,5,8,15,15,18,1,5,1,0,1,10,10,11,3,5,10,15,10,7,2,0,0,10,5,9,16,3,19,11,10,5,3,0,7,19,18,1,4,12,9,15,18,7,7,0,3,18,11,1,9,16,19,11,19,2,0,15,5,10,11,10,6,0,6,6,0,10,0,11,10,3,14,2,3,14,0,0,15,18,18,1,11,9,12,5,0,18,10,3,5,7,2,0,15,6,0,10,11,19,18,1,2,18,5,6,0,11,0,15,7,16,0,19,6,5,0,19,19,3,13,11,6,10,3,11,10,0,0,0,0,0,0,0,0,0,0,0,0,0,0,0,0,0,0,0,0,0,0,0,0,0,0,0,0,0,0,0,0,0,0,0,0,0,0,0,0,0,0,0,0",-0.38379768,0.19486305,3.0,0.11768107,48.96109,0.13627578,1.0,0.13627578,0.27629924,0.059123006,0.0,0.0,0.11768107,0.0019331549,0.84299713,0.27629924,2.4924889,1.7275349,48.96109,-0.38379768,3.2016287,198.40446,0.054236382,0.09908636,1.0,198.40446,0.48991853,0.15700285,2.4924889,0.0019331549,0.06400963,0.19486305,0.0,1.7275349,3.2016287,0.054236382,0.38379768,0.0,0.06400963,0.38379768,0.7442166,0.09908636,1.0,0.059123006,lookahead,beam_orig1_bm3-s0to50br3-s50to100br3-s100to150br0
/work/T-REX/external/Proteina-Complexa/inference/search_binder_local_pipeline_32_PDL1_ALPHA_REPACK_v7_r006_cand_v7r006_hyp_0006_01_002_a778160daa715/job_0_n_197_id_32_beam_orig2_bm2-s0to50br2-s50to100br2-s100to150br0/job_0_n_197_id_32_beam_orig2_bm2-s0to50br2-s50to100br2-s100to150br0.pdb,130,"2,0,13,16,19,16,19,14,11,3,10,18,19,19,6,18,7,15,2,12,16,9,6,4,11,13,14,19,6,11,5,10,3,10,0,0,10,9,19,18,17,6,12,6,3,11,2,9,9,5,13,19,8,7,6,6,3,10,11,19,5,8,15,15,18,1,5,1,0,1,10,10,11,3,5,10,15,10,7,2,0,0,10,5,9,16,3,19,11,10,5,3,0,7,19,18,1,4,12,9,15,18,7,7,0,3,18,11,1,9,16,19,11,19,2,0,16,9,15,14,15,15,16,15,19,15,6,7,0,11,19,16,13,16,4,15,0,15,7,15,14,16,14,16,18,5,17,1,11,2,7,19,15,9,15,7,6,16,15,15,16,13,16,9,15,15,0,16,19,15,3,15,7,10,18,3,4,10,0,16,2,15,10,7,9,11,0,15,16,6,0,15,10,16,19,2,0,0,0,0,0,0,0,0,0,0,0,0,0,0,0,0,0,0,0,0,0,0,0,0,0,0,0,0,0,0,0,0,0,0",-0.18831767,0.060282104,3.0,0.53390354,63.509693,0.5932096,1.0,0.5932096,0.15185966,0.53390354,0.0,0.0,0.53390354,0.0021382952,0.92019266,0.15185966,2.3652449,1.4102508,63.509693,-0.18831767,3.1008692,151.23524,0.47459742,0.47459742,1.0,151.23524,0.7855278,0.079807326,2.3652449,0.0021382952,0.5932096,0.060282104,0.0,1.4102508,3.1008692,0.47459742,0.18831767,0.0,0.5932096,0.18831767,0.85493743,0.47459742,1.0,0.53390354,lookahead,beam_orig2_bm2-s0to50br2-s50to100br2-s100to150br0
/work/T-REX/external/Proteina-Complexa/inference/search_binder_local_pipeline_32_PDL1_ALPHA_REPACK_v7_r006_cand_v7r006_hyp_0006_01_002_a778160daa715/job_0_n_224_id_32_beam_orig3_bm0-s0to50br1-s50to100br3-s100to150br0/job_0_n_224_id_32_beam_orig3_bm0-s0to50br1-s50to100br3-s100to150br0.pdb,131,"2,0,13,16,19,16,19,14,11,3,10,18,19,19,6,18,7,15,2,12,16,9,6,4,11,13,14,19,6,11,5,10,3,10,0,0,10,9,19,18,17,6,12,6,3,11,2,9,9,5,13,19,8,7,6,6,3,10,11,19,5,8,15,15,18,1,5,1,0,1,10,10,11,3,5,10,15,10,7,2,0,0,10,5,9,16,3,19,11,10,5,3,0,7,19,18,1,4,12,9,15,18,7,7,0,3,18,11,1,9,16,19,11,19,2,0,0,10,16,19,16,0,14,11,14,10,18,15,0,5,6,7,0,15,19,16,10,6,4,11,14,15,19,0,10,16,15,11,16,19,9,10,17,11,7,14,11,3,16,11,19,10,5,18,0,7,7,11,16,16,10,13,6,14,13,11,7,1,0,15,10,19,3,3,11,15,0,15,10,18,10,11,2,10,1,10,15,3,15,7,16,18,6,4,10,19,13,2,3,10,7,19,7,15,0,11,9,5,10,6,19,11,0,0,0,0,0,0,0,0",-0.5579788,0.2896467,3.0,0.03217631,120.926,0.03401508,1.0,0.03401508,0.33913782,0.012243522,0.0,0.0,0.03217631,0.0017666342,0.84753215,0.33913782,18.625572,1.4735758,120.926,-0.5579788,4.065788,230.01839,0.012233133,0.030337537,1.0,230.01839,0.23831257,0.15246788,18.625572,0.0017666342,0.012253912,0.2896467,0.0,1.4735758,4.065788,0.012233133,0.5579788,0.0,0.012253912,0.5579788,0.58553773,0.030337537,1.0,0.012243522,lookahead,beam_orig3_bm0-s0to50br1-s50to100br3-s100to150br0
/work/T-REX/external/Proteina-Complexa/inference/search_binder_local_pipeline_32_PDL1_ALPHA_REPACK_v7_r006_cand_v7r006_hyp_0006_01_002_a778160daa715/job_0_n_230_id_33_beam_orig0_bm2-s0to50br2-s50to100br1-s100to150br1/job_0_n_230_id_33_beam_orig0_bm2-s0to50br2-s50to100br1-s100to150br1.pdb,132,"2,0,13,16,19,16,19,14,11,3,10,18,19,19,6,18,7,15,2,12,16,9,6,4,11,13,14,19,6,11,5,10,3,10,0,0,10,9,19,18,17,6,12,6,3,11,2,9,9,5,13,19,8,7,6,6,3,10,11,19,5,8,15,15,18,1,5,1,0,1,10,10,11,3,5,10,15,10,7,2,0,0,10,5,9,16,3,19,11,10,5,3,0,7,19,18,1,4,12,9,15,18,7,7,0,3,18,11,1,9,16,19,11,19,2,0,0,13,16,19,16,19,14,11,3,10,18,19,19,6,18,7,15,2,12,16,9,6,4,11,13,14,19,6,11,5,10,3,10,0,0,10,9,19,18,17,6,12,6,3,11,2,9,9,5,13,19,8,7,6,6,3,10,11,19,5,8,15,15,18,1,5,1,0,1,10,10,11,3,5,10,15,10,7,2,0,0,10,5,9,16,3,19,11,10,5,3,0,7,19,18,1,4,12,9,15,18,7,7,0,3,18,11,1,9,16,19,11,19,2",-0.52961475,0.29874763,3.0,0.04337925,59.58283,0.046214692,1.0,0.046214692,0.31217712,0.012226567,0.0,0.0,0.04337925,0.0017869462,0.86152613,0.31217712,3.3238301,1.2719839,59.58283,-0.52961475,3.8780005,201.3196,0.011990169,0.04054381,1.0,201.3196,0.2565784,0.1384739,3.3238301,0.0017869462,0.012462964,0.29874763,0.0,1.2719839,3.8780005,0.011990169,0.52961475,0.0,0.012462964,0.52961475,0.5843545,0.04054381,1.0,0.012226567,lookahead,beam_orig0_bm2-s0to50br2-s50to100br1-s100to150br1
/work/T-REX/external/Proteina-Complexa/inference/search_binder_local_pipeline_32_PDL1_ALPHA_REPACK_v7_r006_cand_v7r006_hyp_0006_01_002_a778160daa715/job_0_n_186_id_33_beam_orig1_bm3-s0to50br3-s50to100br3-s100to150br1/job_0_n_186_id_33_beam_orig1_bm3-s0to50br3-s50to100br3-s100to150br1.pdb,133,"2,0,13,16,19,16,19,14,11,3,10,18,19,19,6,18,7,15,2,12,16,9,6,4,11,13,14,19,6,11,5,10,3,10,0,0,10,9,19,18,17,6,12,6,3,11,2,9,9,5,13,19,8,7,6,6,3,10,11,19,5,8,15,15,18,1,5,1,0,1,10,10,11,3,5,10,15,10,7,2,0,0,10,5,9,16,3,19,11,10,5,3,0,7,19,18,1,4,12,9,15,18,7,7,0,3,18,11,1,9,16,19,11,19,2,0,15,3,10,1,9,5,0,6,6,0,10,0,6,10,3,14,11,3,14,0,0,0,18,18,1,11,10,12,5,0,18,10,3,5,2,2,14,15,6,0,10,11,19,18,11,2,18,5,2,0,11,11,15,7,16,19,10,6,5,0,9,9,3,10,11,11,10,3,2,10,0,0,0,0,0,0,0,0,0,0,0,0,0,0,0,0,0,0,0,0,0,0,0,0,0,0,0,0,0,0,0,0,0,0,0,0,0,0,0,0,0,0,0,0",-0.18980798,0.07021066,3.0,0.4481909,42.037815,0.50070214,1.0,0.50070214,0.15000603,0.4481909,0.0,0.0,0.4481909,0.0021881028,0.91603583,0.15000603,2.0067897,1.5921342,42.037815,-0.18980798,2.303239,163.86064,0.39567965,0.39567965,1.0,163.86064,0.76812667,0.083964184,2.0067897,0.0021881028,0.50070214,0.07021066,0.0,1.5921342,2.303239,0.39567965,0.18980798,0.0,0.50070214,0.18980798,0.85954106,0.39567965,1.0,0.4481909,lookahead,beam_orig1_bm3-s0to50br3-s50to100br3-s100to150br1
/work/T-REX/external/Proteina-Complexa/inference/search_binder_local_pipeline_32_PDL1_ALPHA_REPACK_v7_r006_cand_v7r006_hyp_0006_01_002_a778160daa715/job_0_n_197_id_33_beam_orig2_bm2-s0to50br2-s50to100br2-s100to150br1/job_0_n_197_id_33_beam_orig2_bm2-s0to50br2-s50to100br2-s100to150br1.pdb,134,"2,0,13,16,19,16,19,14,11,3,10,18,19,19,6,18,7,15,2,12,16,9,6,4,11,13,14,19,6,11,5,10,3,10,0,0,10,9,19,18,17,6,12,6,3,11,2,9,9,5,13,19,8,7,6,6,3,10,11,19,5,8,15,15,18,1,5,1,0,1,10,10,11,3,5,10,15,10,7,2,0,0,10,5,9,16,3,19,11,10,5,3,0,7,19,18,1,4,12,9,15,18,7,7,0,3,18,11,1,9,16,19,11,19,2,0,16,9,15,14,0,15,11,16,19,15,6,7,0,15,19,16,13,16,4,15,0,15,7,15,14,16,14,16,18,5,17,1,11,2,3,19,15,10,15,7,6,16,15,15,15,13,16,9,15,15,0,16,0,15,3,15,7,10,18,3,4,10,0,15,2,15,19,7,9,11,0,15,0,6,0,5,10,16,19,2,7,0,0,0,0,0,0,0,0,0,0,0,0,0,0,0,0,0,0,0,0,0,0,0,0,0,0,0,0,0,0,0,0,0",-0.18044896,0.05150941,3.0,0.58870566,52.777584,0.6500891,1.0,0.6500891,0.1484334,0.58870566,0.0,0.0,0.58870566,0.0020230368,0.9169285,0.1484334,3.1908484,1.4016421,52.777584,-0.18044896,3.118351,151.76776,0.5273222,0.5273222,1.0,151.76776,0.8022075,0.0830715,3.1908484,0.0020230368,0.6500891,0.05150941,0.0,1.4016421,3.118351,0.5273222,0.18044896,0.0,0.6500891,0.18044896,0.8626307,0.5273222,1.0,0.58870566,lookahead,beam_orig2_bm2-s0to50br2-s50to100br2-s100to150br1
/work/T-REX/external/Proteina-Complexa/inference/search_binder_local_pipeline_32_PDL1_ALPHA_REPACK_v7_r006_cand_v7r006_hyp_0006_01_002_a778160daa715/job_0_n_224_id_33_beam_orig3_bm0-s0to50br1-s50to100br3-s100to150br1/job_0_n_224_id_33_beam_orig3_bm0-s0to50br1-s50to100br3-s100to150br1.pdb,135,"2,0,13,16,19,16,19,14,11,3,10,18,19,19,6,18,7,15,2,12,16,9,6,4,11,13,14,19,6,11,5,10,3,10,0,0,10,9,19,18,17,6,12,6,3,11,2,9,9,5,13,19,8,7,6,6,3,10,11,19,5,8,15,15,18,1,5,1,0,1,10,10,11,3,5,10,15,10,7,2,0,0,10,5,9,16,3,19,11,10,5,3,0,7,19,18,1,4,12,9,15,18,7,7,0,3,18,11,1,9,16,19,11,19,2,0,0,10,16,19,16,16,14,11,14,10,18,16,0,6,6,7,0,15,19,16,10,6,4,11,14,15,19,16,10,16,16,15,16,16,19,10,17,11,7,14,11,3,16,11,19,10,5,18,0,15,7,6,19,16,10,13,3,14,18,11,7,1,0,1,10,9,3,16,15,16,0,15,10,5,10,15,2,10,1,10,15,3,15,7,16,18,6,4,10,19,13,3,15,15,7,19,7,15,0,11,9,5,10,2,19,16,0,14,0,0,0,0,0,0",-0.53307205,0.29623124,3.0,0.041250482,126.6124,0.045525655,1.0,0.045525655,0.32684064,0.012729956,0.0,0.0,0.041250482,0.0016049003,0.85055643,0.32684064,27.50659,1.4761337,126.6124,-0.53307205,4.014807,246.36423,0.012636655,0.036975306,1.0,246.36423,0.28415692,0.14944358,27.50659,0.0016049003,0.012823258,0.29623124,0.0,1.4761337,4.014807,0.012636655,0.53307205,0.0,0.012823258,0.53307205,0.6033877,0.036975306,1.0,0.012729956,lookahead,beam_orig3_bm0-s0to50br1-s50to100br3-s100to150br1
/work/T-REX/external/Proteina-Complexa/inference/search_binder_local_pipeline_32_PDL1_ALPHA_REPACK_v7_r006_cand_v7r006_hyp_0006_01_002_a778160daa715/job_0_n_230_id_34_beam_orig0_bm2-s0to50br2-s50to100br1-s100to150br2/job_0_n_230_id_34_beam_orig0_bm2-s0to50br2-s50to100br1-s100to150br2.pdb,136,"2,0,13,16,19,16,19,14,11,3,10,18,19,19,6,18,7,15,2,12,16,9,6,4,11,13,14,19,6,11,5,10,3,10,0,0,10,9,19,18,17,6,12,6,3,11,2,9,9,5,13,19,8,7,6,6,3,10,11,19,5,8,15,15,18,1,5,1,0,1,10,10,11,3,5,10,15,10,7,2,0,0,10,5,9,16,3,19,11,10,5,3,0,7,19,18,1,4,12,9,15,18,7,7,0,3,18,11,1,9,16,19,11,19,2,0,0,13,16,19,16,19,14,11,3,10,18,19,19,6,18,7,15,2,12,16,9,6,4,11,13,14,19,6,11,5,10,3,10,0,0,10,9,19,18,17,6,12,6,3,11,2,9,9,5,13,19,8,7,6,6,3,10,11,19,5,8,15,15,18,1,5,1,0,1,10,10,11,3,5,10,15,10,7,2,0,0,10,5,9,16,3,19,11,10,5,3,0,7,19,18,1,4,12,9,15,18,7,7,0,3,18,11,1,9,16,19,11,19,2",-0.5245438,0.29551288,3.0,0.045471217,57.32278,0.047881998,1.0,0.047881998,0.3094825,0.012340558,0.0,0.0,0.045471217,0.0017980536,0.8617438,0.3094825,2.460177,1.2725669,57.32278,-0.5245438,3.864622,205.30086,0.012005916,0.043060437,1.0,205.30086,0.2615981,0.13825622,2.460177,0.0017980536,0.0126752,0.29551288,0.0,1.2725669,3.864622,0.012005916,0.5245438,0.0,0.0126752,0.5245438,0.587039,0.043060437,1.0,0.012340558,lookahead,beam_orig0_bm2-s0to50br2-s50to100br1-s100to150br2
/work/T-REX/external/Proteina-Complexa/inference/search_binder_local_pipeline_32_PDL1_ALPHA_REPACK_v7_r006_cand_v7r006_hyp_0006_01_002_a778160daa715/job_0_n_186_id_34_beam_orig1_bm3-s0to50br3-s50to100br3-s100to150br2/job_0_n_186_id_34_beam_orig1_bm3-s0to50br3-s50to100br3-s100to150br2.pdb,137,"2,0,13,16,19,16,19,14,11,3,10,18,19,19,6,18,7,15,2,12,16,9,6,4,11,13,14,19,6,11,5,10,3,10,0,0,10,9,19,18,17,6,12,6,3,11,2,9,9,5,13,19,8,7,6,6,3,10,11,19,5,8,15,15,18,1,5,1,0,1,10,10,11,3,5,10,15,10,7,2,0,0,10,5,9,16,3,19,11,10,5,3,0,7,19,18,1,4,12,9,15,18,7,7,0,3,18,11,1,9,16,19,11,19,2,0,15,6,10,11,1,6,0,6,6,0,10,0,6,10,3,14,2,3,14,10,0,0,18,18,1,11,19,12,1,0,18,10,3,11,3,2,14,15,6,0,10,11,19,18,11,3,18,5,6,0,19,0,15,7,16,19,6,6,11,0,1,6,0,10,11,10,10,3,2,10,0,0,0,0,0,0,0,0,0,0,0,0,0,0,0,0,0,0,0,0,0,0,0,0,0,0,0,0,0,0,0,0,0,0,0,0,0,0,0,0,0,0,0,0",-0.2048019,0.080219254,3.0,0.38511026,39.699894,0.43633258,1.0,0.43633258,0.15691908,0.38511026,0.0,0.0,0.38511026,0.0014520927,0.9186142,0.15691908,1.6472479,1.5231636,39.699894,-0.2048019,2.4177241,168.60277,0.3338879,0.3338879,1.0,168.60277,0.7354348,0.081385784,1.6472479,0.0014520927,0.43633258,0.080219254,0.0,1.5231636,2.4177241,0.3338879,0.2048019,0.0,0.43633258,0.2048019,0.8384505,0.3338879,1.0,0.38511026,lookahead,beam_orig1_bm3-s0to50br3-s50to100br3-s100to150br2
/work/T-REX/external/Proteina-Complexa/inference/search_binder_local_pipeline_32_PDL1_ALPHA_REPACK_v7_r006_cand_v7r006_hyp_0006_01_002_a778160daa715/job_0_n_197_id_34_beam_orig2_bm2-s0to50br2-s50to100br2-s100to150br2/job_0_n_197_id_34_beam_orig2_bm2-s0to50br2-s50to100br2-s100to150br2.pdb,138,"2,0,13,16,19,16,19,14,11,3,10,18,19,19,6,18,7,15,2,12,16,9,6,4,11,13,14,19,6,11,5,10,3,10,0,0,10,9,19,18,17,6,12,6,3,11,2,9,9,5,13,19,8,7,6,6,3,10,11,19,5,8,15,15,18,1,5,1,0,1,10,10,11,3,5,10,15,10,7,2,0,0,10,5,9,16,3,19,11,10,5,3,0,7,19,18,1,4,12,9,15,18,7,7,0,3,18,11,1,9,16,19,11,19,2,0,16,9,15,14,0,15,5,15,19,15,6,7,0,15,19,16,13,16,4,15,0,15,7,15,14,0,14,16,18,5,17,1,11,2,7,19,15,10,15,7,6,16,15,15,16,10,16,9,15,15,0,11,14,15,3,15,7,10,18,3,4,10,0,16,2,15,0,7,9,11,0,15,16,6,0,15,10,16,19,15,0,0,0,0,0,0,0,0,0,0,0,0,0,0,0,0,0,0,0,0,0,0,0,0,0,0,0,0,0,0,0,0,0,0",-0.18000452,0.05163138,3.0,0.5745224,46.537952,0.63589174,1.0,0.63589174,0.14668101,0.5745224,0.0,0.0,0.5745224,0.002238008,0.9225208,0.14668101,1.7931476,1.3807197,46.537952,-0.18000452,3.0037694,144.60118,0.513153,0.513153,1.0,144.60118,0.8045244,0.0774792,1.7931476,0.002238008,0.63589174,0.05163138,0.0,1.3807197,3.0037694,0.513153,0.18000452,0.0,0.63589174,0.18000452,0.8634826,0.513153,1.0,0.5745224,lookahead,beam_orig2_bm2-s0to50br2-s50to100br2-s100to150br2
/work/T-REX/external/Proteina-Complexa/inference/search_binder_local_pipeline_32_PDL1_ALPHA_REPACK_v7_r006_cand_v7r006_hyp_0006_01_002_a778160daa715/job_0_n_224_id_34_beam_orig3_bm0-s0to50br1-s50to100br3-s100to150br2/job_0_n_224_id_34_beam_orig3_bm0-s0to50br1-s50to100br3-s100to150br2.pdb,139,"2,0,13,16,19,16,19,14,11,3,10,18,19,19,6,18,7,15,2,12,16,9,6,4,11,13,14,19,6,11,5,10,3,10,0,0,10,9,19,18,17,6,12,6,3,11,2,9,9,5,13,19,8,7,6,6,3,10,11,19,5,8,15,15,18,1,5,1,0,1,10,10,11,3,5,10,15,10,7,2,0,0,10,5,9,16,3,19,11,10,5,3,0,7,19,18,1,4,12,9,15,18,7,7,0,3,18,11,1,9,16,19,11,19,2,0,0,10,6,19,16,16,14,11,14,10,18,16,19,5,0,7,0,15,19,16,10,6,4,11,14,15,8,15,10,16,15,15,16,16,19,10,17,11,7,14,11,3,19,11,19,10,5,18,0,15,7,11,0,16,14,13,3,14,13,11,3,1,0,15,13,16,3,9,15,16,0,0,10,5,10,16,2,10,1,10,7,3,15,7,16,18,6,4,10,19,13,2,15,10,7,19,7,15,0,11,9,5,10,6,19,16,6,14,0,0,0,0,0,0",-0.6087506,0.36990568,3.0,0.0070795584,125.15449,0.008124647,1.0,0.008124647,0.36917633,0.0,0.0,0.0,0.0070795584,0.002536405,0.83709365,0.36917633,24.25986,1.52088,125.15449,-0.6087506,4.2472653,241.02008,0.0,0.0060344706,1.0,241.02008,0.21527429,0.16290633,24.25986,0.002536405,0.0,0.36990568,0.0,1.52088,4.2472653,0.0,0.6087506,0.0,0.0,0.6087506,0.57318807,0.0060344706,1.0,0.0,lookahead,beam_orig3_bm0-s0to50br1-s50to100br3-s100to150br2
/work/T-REX/external/Proteina-Complexa/inference/search_binder_local_pipeline_32_PDL1_ALPHA_REPACK_v7_r006_cand_v7r006_hyp_0006_01_002_a778160daa715/job_0_n_230_id_35_beam_orig0_bm2-s0to50br2-s50to100br1-s100to150br3/job_0_n_230_id_35_beam_orig0_bm2-s0to50br2-s50to100br1-s100to150br3.pdb,140,"2,0,13,16,19,16,19,14,11,3,10,18,19,19,6,18,7,15,2,12,16,9,6,4,11,13,14,19,6,11,5,10,3,10,0,0,10,9,19,18,17,6,12,6,3,11,2,9,9,5,13,19,8,7,6,6,3,10,11,19,5,8,15,15,18,1,5,1,0,1,10,10,11,3,5,10,15,10,7,2,0,0,10,5,9,16,3,19,11,10,5,3,0,7,19,18,1,4,12,9,15,18,7,7,0,3,18,11,1,9,16,19,11,19,2,0,0,13,16,19,16,19,14,11,3,10,18,19,19,6,18,7,15,2,12,16,9,6,4,11,13,14,19,6,11,5,10,3,10,0,0,10,9,19,18,17,6,12,6,3,11,2,9,9,5,13,19,8,7,6,6,3,10,11,19,5,8,15,15,18,1,5,1,0,1,10,10,11,3,5,10,15,10,7,2,0,0,10,5,9,16,3,19,11,10,5,3,0,7,19,18,1,4,12,9,15,18,7,7,0,3,18,11,1,9,16,19,11,19,2",-0.5324671,0.30300158,3.0,0.04204265,57.480118,0.044768702,1.0,0.044768702,0.31334165,0.012118481,0.0,0.0,0.04204265,0.0017971894,0.8623341,0.31334165,3.0174181,1.2721614,57.480118,-0.5324671,3.8851075,204.19603,0.01185842,0.039316595,1.0,204.19603,0.2553761,0.13766591,3.0174181,0.0017971894,0.012378543,0.30300158,0.0,1.2721614,3.8851075,0.01185842,0.5324671,0.0,0.012378543,0.5324671,0.58378375,0.039316595,1.0,0.012118481,lookahead,beam_orig0_bm2-s0to50br2-s50to100br1-s100to150br3
/work/T-REX/external/Proteina-Complexa/inference/search_binder_local_pipeline_32_PDL1_ALPHA_REPACK_v7_r006_cand_v7r006_hyp_0006_01_002_a778160daa715/job_0_n_186_id_35_beam_orig1_bm3-s0to50br3-s50to100br3-s100to150br3/job_0_n_186_id_35_beam_orig1_bm3-s0to50br3-s50to100br3-s100to150br3.pdb,141,"2,0,13,16,19,16,19,14,11,3,10,18,19,19,6,18,7,15,2,12,16,9,6,4,11,13,14,19,6,11,5,10,3,10,0,0,10,9,19,18,17,6,12,6,3,11,2,9,9,5,13,19,8,7,6,6,3,10,11,19,5,8,15,15,18,1,5,1,0,1,10,10,11,3,5,10,15,10,7,2,0,0,10,5,9,16,3,19,11,10,5,3,0,7,19,18,1,4,12,9,15,18,7,7,0,3,18,11,1,9,16,19,11,19,2,0,15,3,10,11,10,5,0,6,6,0,10,0,11,9,3,14,11,3,14,2,0,0,13,18,1,11,19,12,5,0,18,10,3,6,2,2,14,15,6,0,10,11,19,18,11,6,18,10,9,0,11,11,0,7,16,19,6,6,11,0,1,6,10,10,11,16,10,3,2,12,0,0,0,0,0,0,0,0,0,0,0,0,0,0,0,0,0,0,0,0,0,0,0,0,0,0,0,0,0,0,0,0,0,0,0,0,0,0,0,0,0,0,0,0",-0.23961724,0.09418683,3.0,0.31618416,45.95793,0.3491999,1.0,0.3491999,0.18855561,0.31618416,0.0,0.0,0.31618416,0.0034076376,0.86443484,0.18855561,1.9765052,1.7777994,45.95793,-0.23961724,2.7291625,179.24944,0.2831684,0.2831684,1.0,179.24944,0.6567514,0.13556515,1.9765052,0.0034076376,0.3491999,0.09418683,0.0,1.7777994,2.7291625,0.2831684,0.23961724,0.0,0.3491999,0.23961724,0.80941886,0.2831684,1.0,0.31618416,lookahead,beam_orig1_bm3-s0to50br3-s50to100br3-s100to150br3
/work/T-REX/external/Proteina-Complexa/inference/search_binder_local_pipeline_32_PDL1_ALPHA_REPACK_v7_r006_cand_v7r006_hyp_0006_01_002_a778160daa715/job_0_n_197_id_35_beam_orig2_bm2-s0to50br2-s50to100br2-s100to150br3/job_0_n_197_id_35_beam_orig2_bm2-s0to50br2-s50to100br2-s100to150br3.pdb,142,"2,0,13,16,19,16,19,14,11,3,10,18,19,19,6,18,7,15,2,12,16,9,6,4,11,13,14,19,6,11,5,10,3,10,0,0,10,9,19,18,17,6,12,6,3,11,2,9,9,5,13,19,8,7,6,6,3,10,11,19,5,8,15,15,18,1,5,1,0,1,10,10,11,3,5,10,15,10,7,2,0,0,10,5,9,16,3,19,11,10,5,3,0,7,19,18,1,4,12,9,15,18,7,7,0,3,18,11,1,9,16,19,11,19,2,0,16,9,15,14,0,15,5,15,19,15,6,7,15,11,19,16,13,16,4,15,0,15,7,15,14,0,14,16,18,5,17,1,11,2,3,19,15,10,15,7,6,16,15,15,16,10,16,9,15,15,0,16,19,15,3,15,7,2,18,3,4,10,0,16,2,15,19,7,9,11,0,15,15,6,0,16,10,16,19,2,0,0,0,0,0,0,0,0,0,0,0,0,0,0,0,0,0,0,0,0,0,0,0,0,0,0,0,0,0,0,0,0,0,0",-0.1766091,0.049963348,3.0,0.58897597,55.120888,0.65106493,1.0,0.65106493,0.14433268,0.58897597,0.0,0.0,0.58897597,0.0019738977,0.92363137,0.14433268,1.5814195,1.3716265,55.120888,-0.1766091,3.0257647,147.46558,0.526887,0.526887,1.0,147.46558,0.8064226,0.076368615,1.5814195,0.0019738977,0.65106493,0.049963348,0.0,1.3716265,3.0257647,0.526887,0.1766091,0.0,0.65106493,0.1766091,0.8637313,0.526887,1.0,0.58897597,lookahead,beam_orig2_bm2-s0to50br2-s50to100br2-s100to150br3
/work/T-REX/external/Proteina-Complexa/inference/search_binder_local_pipeline_32_PDL1_ALPHA_REPACK_v7_r006_cand_v7r006_hyp_0006_01_002_a778160daa715/job_0_n_224_id_35_beam_orig3_bm0-s0to50br1-s50to100br3-s100to150br3/job_0_n_224_id_35_beam_orig3_bm0-s0to50br1-s50to100br3-s100to150br3.pdb,143,"2,0,13,16,19,16,19,14,11,3,10,18,19,19,6,18,7,15,2,12,16,9,6,4,11,13,14,19,6,11,5,10,3,10,0,0,10,9,19,18,17,6,12,6,3,11,2,9,9,5,13,19,8,7,6,6,3,10,11,19,5,8,15,15,18,1,5,1,0,1,10,10,11,3,5,10,15,10,7,2,0,0,10,5,9,16,3,19,11,10,5,3,0,7,19,18,1,4,12,9,15,18,7,7,0,3,18,11,1,9,16,19,11,19,2,0,0,10,16,19,16,0,14,11,14,10,18,16,19,16,0,7,0,15,19,16,10,6,4,11,14,15,19,0,10,16,15,3,16,16,19,10,17,11,7,14,11,3,19,11,19,10,5,18,15,15,7,11,19,16,10,13,3,14,13,11,7,1,0,15,10,19,2,12,15,15,0,15,10,11,10,15,2,10,11,14,6,3,15,7,10,18,6,4,10,19,13,2,15,10,7,19,7,15,0,11,9,6,10,6,19,11,6,14,0,0,0,0,0,0",-0.17620124,0.051020935,3.0,0.63073385,44.927155,0.6363636,1.0,0.6363636,0.14046116,0.63073385,0.0,0.0,0.63073385,0.002119097,0.9180306,0.14046116,2.0139828,1.380985,44.927155,-0.17620124,2.8978357,168.85995,0.62510407,0.62510407,1.0,168.85995,0.81440496,0.08196939,2.0139828,0.002119097,0.6363636,0.051020935,0.0,1.380985,2.8978357,0.62510407,0.17620124,0.0,0.6363636,0.17620124,0.8711213,0.62510407,1.0,0.63073385,lookahead,beam_orig3_bm0-s0to50br1-s50to100br3-s100to150br3
/work/T-REX/external/Proteina-Complexa/inference/search_binder_local_pipeline_32_PDL1_ALPHA_REPACK_v7_r006_cand_v7r006_hyp_0006_01_002_a778160daa715/job_0_n_230_id_36_beam_orig0_bm2-s0to50br0-s50to100br1-s100to150br0/job_0_n_230_id_36_beam_orig0_bm2-s0to50br0-s50to100br1-s100to150br0.pdb,144,"2,0,13,16,19,16,19,14,11,3,10,18,19,19,6,18,7,15,2,12,16,9,6,4,11,13,14,19,6,11,5,10,3,10,0,0,10,9,19,18,17,6,12,6,3,11,2,9,9,5,13,19,8,7,6,6,3,10,11,19,5,8,15,15,18,1,5,1,0,1,10,10,11,3,5,10,15,10,7,2,0,0,10,5,9,16,3,19,11,10,5,3,0,7,19,18,1,4,12,9,15,18,7,7,0,3,18,11,1,9,16,19,11,19,2,0,0,13,16,19,16,19,14,11,3,10,18,19,19,6,18,7,15,2,12,16,9,6,4,11,13,14,19,6,11,5,10,3,10,0,0,10,9,19,18,17,6,12,6,3,11,2,9,9,5,13,19,8,7,6,6,3,10,11,19,5,8,15,15,18,1,5,1,0,1,10,10,11,3,5,10,15,10,7,2,0,0,10,5,9,16,3,19,11,10,5,3,0,7,19,18,1,4,12,9,15,18,7,7,0,3,18,11,1,9,16,19,11,19,2",-0.5246246,0.29616198,3.0,0.0466784,73.45052,0.049444687,1.0,0.049444687,0.3099024,0.012436856,0.0,0.0,0.0466784,0.0018135953,0.8613798,0.3099024,2.6423004,1.2802683,73.45052,-0.5246246,3.864863,213.09654,0.012217024,0.04391212,1.0,213.09654,0.26441395,0.13862021,2.6423004,0.0018135953,0.012656688,0.29616198,0.0,1.2802683,3.864863,0.012217024,0.5246246,0.0,0.012656688,0.5246246,0.5883301,0.04391212,1.0,0.012436856,lookahead,beam_orig0_bm2-s0to50br0-s50to100br1-s100to150br0
/work/T-REX/external/Proteina-Complexa/inference/search_binder_local_pipeline_32_PDL1_ALPHA_REPACK_v7_r006_cand_v7r006_hyp_0006_01_002_a778160daa715/job_0_n_186_id_36_beam_orig1_bm3-s0to50br1-s50to100br2-s100to150br0/job_0_n_186_id_36_beam_orig1_bm3-s0to50br1-s50to100br2-s100to150br0.pdb,145,"2,0,13,16,19,16,19,14,11,3,10,18,19,19,6,18,7,15,2,12,16,9,6,4,11,13,14,19,6,11,5,10,3,10,0,0,10,9,19,18,17,6,12,6,3,11,2,9,9,5,13,19,8,7,6,6,3,10,11,19,5,8,15,15,18,1,5,1,0,1,10,10,11,3,5,10,15,10,7,2,0,0,10,5,9,16,3,19,11,10,5,3,0,7,19,18,1,4,12,9,15,18,7,7,0,3,18,11,1,9,16,19,11,19,2,0,15,6,6,3,6,11,11,0,19,6,19,0,11,2,13,19,11,6,2,0,6,11,13,11,7,2,6,6,10,10,18,5,10,0,19,11,6,19,11,2,18,4,1,3,2,3,9,16,10,16,3,15,5,12,0,1,19,6,10,6,9,5,4,16,19,11,6,19,16,15,0,0,0,0,0,0,0,0,0,0,0,0,0,0,0,0,0,0,0,0,0,0,0,0,0,0,0,0,0,0,0,0,0,0,0,0,0,0,0,0,0,0,0,0",-0.16461973,0.06129571,3.0,0.5098508,57.15971,0.58135855,1.0,0.58135855,0.1284848,0.5098508,0.0,0.0,0.5098508,0.0021960088,0.9339028,0.1284848,3.2535393,1.391829,57.15971,-0.16461973,2.0340915,179.6672,0.43834305,0.43834305,1.0,179.6672,0.7777575,0.06609722,3.2535393,0.0021960088,0.58135855,0.06129571,0.0,1.391829,2.0340915,0.43834305,0.16461973,0.0,0.58135855,0.16461973,0.86498857,0.43834305,1.0,0.5098508,lookahead,beam_orig1_bm3-s0to50br1-s50to100br2-s100to150br0
/work/T-REX/external/Proteina-Complexa/inference/search_binder_local_pipeline_32_PDL1_ALPHA_REPACK_v7_r006_cand_v7r006_hyp_0006_01_002_a778160daa715/job_0_n_197_id_36_beam_orig2_bm3-s0to50br0-s50to100br0-s100to150br0/job_0_n_197_id_36_beam_orig2_bm3-s0to50br0-s50to100br0-s100to150br0.pdb,146,"2,0,13,16,19,16,19,14,11,3,10,18,19,19,6,18,7,15,2,12,16,9,6,4,11,13,14,19,6,11,5,10,3,10,0,0,10,9,19,18,17,6,12,6,3,11,2,9,9,5,13,19,8,7,6,6,3,10,11,19,5,8,15,15,18,1,5,1,0,1,10,10,11,3,5,10,15,10,7,2,0,0,10,5,9,16,3,19,11,10,5,3,0,7,19,18,1,4,12,9,15,18,7,7,0,3,18,11,1,9,16,19,11,19,2,0,15,11,6,3,16,9,6,11,10,0,13,5,9,19,16,15,19,6,11,6,2,3,3,0,10,10,0,0,10,2,6,9,11,11,11,7,13,15,6,11,3,16,10,16,5,9,2,9,19,7,1,11,12,11,10,11,5,15,16,9,6,11,0,19,11,9,19,1,16,13,13,6,15,7,3,0,11,11,0,9,0,0,0,0,0,0,0,0,0,0,0,0,0,0,0,0,0,0,0,0,0,0,0,0,0,0,0,0,0,0,0,0,0,0",-0.17385207,0.066298835,3.0,0.50324684,37.592342,0.56704515,1.0,0.56704515,0.12996499,0.50324684,0.0,0.0,0.50324684,0.0009728729,0.93392104,0.12996499,2.0482094,1.3870726,37.592342,-0.17385207,2.2249196,179.9895,0.43944857,0.43944857,1.0,179.9895,0.7731401,0.066078946,2.0482094,0.0009728729,0.56704515,0.066298835,0.0,1.3870726,2.2249196,0.43944857,0.17385207,0.0,0.56704515,0.17385207,0.8575544,0.43944857,1.0,0.50324684,lookahead,beam_orig2_bm3-s0to50br0-s50to100br0-s100to150br0
/work/T-REX/external/Proteina-Complexa/inference/search_binder_local_pipeline_32_PDL1_ALPHA_REPACK_v7_r006_cand_v7r006_hyp_0006_01_002_a778160daa715/job_0_n_224_id_36_beam_orig3_bm0-s0to50br1-s50to100br2-s100to150br0/job_0_n_224_id_36_beam_orig3_bm0-s0to50br1-s50to100br2-s100to150br0.pdb,147,"2,0,13,16,19,16,19,14,11,3,10,18,19,19,6,18,7,15,2,12,16,9,6,4,11,13,14,19,6,11,5,10,3,10,0,0,10,9,19,18,17,6,12,6,3,11,2,9,9,5,13,19,8,7,6,6,3,10,11,19,5,8,15,15,18,1,5,1,0,1,10,10,11,3,5,10,15,10,7,2,0,0,10,5,9,16,3,19,11,10,5,3,0,7,19,18,1,4,12,9,15,18,7,7,0,3,18,11,1,9,16,19,11,19,2,0,0,10,16,19,16,0,14,11,14,10,18,16,19,6,1,7,0,15,19,16,10,6,4,11,16,15,8,15,10,16,15,11,16,15,19,10,17,11,7,14,11,3,19,11,19,10,5,18,0,15,7,6,15,16,16,18,7,6,13,11,7,1,0,11,10,10,7,7,5,3,0,15,10,5,9,15,3,10,1,10,15,3,15,7,19,18,5,4,10,19,12,2,6,18,7,0,3,3,16,16,9,5,10,2,19,11,0,14,0,0,0,0,0,0",-0.54524744,0.2712215,3.0,0.03519225,77.488945,0.03787731,1.0,0.03787731,0.33206767,0.013475122,0.0,0.0,0.03519225,0.0023489639,0.8429032,0.33206767,4.745166,1.3641394,77.488945,-0.54524744,3.973326,214.6509,0.013142939,0.032507196,1.0,214.6509,0.26804155,0.15709679,4.745166,0.0023489639,0.013807306,0.2712215,0.0,1.3641394,3.973326,0.013142939,0.54524744,0.0,0.013807306,0.54524744,0.5897534,0.032507196,1.0,0.013475122,lookahead,beam_orig3_bm0-s0to50br1-s50to100br2-s100to150br0
/work/T-REX/external/Proteina-Complexa/inference/search_binder_local_pipeline_32_PDL1_ALPHA_REPACK_v7_r006_cand_v7r006_hyp_0006_01_002_a778160daa715/job_0_n_230_id_37_beam_orig0_bm2-s0to50br0-s50to100br1-s100to150br1/job_0_n_230_id_37_beam_orig0_bm2-s0to50br0-s50to100br1-s100to150br1.pdb,148,"2,0,13,16,19,16,19,14,11,3,10,18,19,19,6,18,7,15,2,12,16,9,6,4,11,13,14,19,6,11,5,10,3,10,0,0,10,9,19,18,17,6,12,6,3,11,2,9,9,5,13,19,8,7,6,6,3,10,11,19,5,8,15,15,18,1,5,1,0,1,10,10,11,3,5,10,15,10,7,2,0,0,10,5,9,16,3,19,11,10,5,3,0,7,19,18,1,4,12,9,15,18,7,7,0,3,18,11,1,9,16,19,11,19,2,0,0,13,16,19,16,19,14,11,3,10,18,19,19,6,18,7,15,2,12,16,9,6,4,11,13,14,19,6,11,5,10,3,10,0,0,10,9,19,18,17,6,12,6,3,11,2,9,9,5,13,19,8,7,6,6,3,10,11,19,5,8,15,15,18,1,5,1,0,1,10,10,11,3,5,10,15,10,7,2,0,0,10,5,9,16,3,19,11,10,5,3,0,7,19,18,1,4,12,9,15,18,7,7,0,3,18,11,1,9,16,19,11,19,2",-0.52648526,0.2972351,3.0,0.04512875,68.09377,0.046768524,1.0,0.046768524,0.3107902,0.012457681,0.0,0.0,0.04512875,0.0017683898,0.8614601,0.3107902,2.990111,1.2774656,68.09377,-0.52648526,3.8678985,215.45604,0.012252122,0.04348898,1.0,215.45604,0.26162258,0.13853991,2.990111,0.0017683898,0.01266324,0.2972351,0.0,1.2774656,3.8678985,0.012252122,0.52648526,0.0,0.01266324,0.52648526,0.58688235,0.04348898,1.0,0.012457681,lookahead,beam_orig0_bm2-s0to50br0-s50to100br1-s100to150br1
/work/T-REX/external/Proteina-Complexa/inference/search_binder_local_pipeline_32_PDL1_ALPHA_REPACK_v7_r006_cand_v7r006_hyp_0006_01_002_a778160daa715/job_0_n_186_id_37_beam_orig1_bm3-s0to50br1-s50to100br2-s100to150br1/job_0_n_186_id_37_beam_orig1_bm3-s0to50br1-s50to100br2-s100to150br1.pdb,149,"2,0,13,16,19,16,19,14,11,3,10,18,19,19,6,18,7,15,2,12,16,9,6,4,11,13,14,19,6,11,5,10,3,10,0,0,10,9,19,18,17,6,12,6,3,11,2,9,9,5,13,19,8,7,6,6,3,10,11,19,5,8,15,15,18,1,5,1,0,1,10,10,11,3,5,10,15,10,7,2,0,0,10,5,9,16,3,19,11,10,5,3,0,7,19,18,1,4,12,9,15,18,7,7,0,3,18,11,1,9,16,19,11,19,2,0,15,6,6,3,19,2,11,0,19,6,8,0,11,2,18,19,11,6,2,10,15,11,18,15,7,2,5,3,11,0,19,5,3,0,19,11,6,10,5,2,18,12,1,3,2,2,9,16,10,16,3,15,5,5,0,1,19,11,10,6,9,6,4,9,19,11,6,10,16,15,0,0,0,0,0,0,0,0,0,0,0,0,0,0,0,0,0,0,0,0,0,0,0,0,0,0,0,0,0,0,0,0,0,0,0,0,0,0,0,0,0,0,0,0",-0.16822307,0.054563,3.0,0.55071926,51.01173,0.6199133,1.0,0.6199133,0.1366552,0.55071926,0.0,0.0,0.55071926,0.0024372858,0.90871006,0.1366552,3.177278,1.6528565,51.01173,-0.16822307,2.1554086,179.45868,0.4815253,0.4815253,1.0,179.45868,0.7931101,0.091289915,3.177278,0.0024372858,0.6199133,0.054563,0.0,1.6528565,2.1554086,0.4815253,0.16822307,0.0,0.6199133,0.16822307,0.869254,0.4815253,1.0,0.55071926,lookahead,beam_orig1_bm3-s0to50br1-s50to100br2-s100to150br1
/work/T-REX/external/Proteina-Complexa/inference/search_binder_local_pipeline_32_PDL1_ALPHA_REPACK_v7_r006_cand_v7r006_hyp_0006_01_002_a778160daa715/job_0_n_197_id_37_beam_orig2_bm3-s0to50br0-s50to100br0-s100to150br1/job_0_n_197_id_37_beam_orig2_bm3-s0to50br0-s50to100br0-s100to150br1.pdb,150,"2,0,13,16,19,16,19,14,11,3,10,18,19,19,6,18,7,15,2,12,16,9,6,4,11,13,14,19,6,11,5,10,3,10,0,0,10,9,19,18,17,6,12,6,3,11,2,9,9,5,13,19,8,7,6,6,3,10,11,19,5,8,15,15,18,1,5,1,0,1,10,10,11,3,5,10,15,10,7,2,0,0,10,5,9,16,3,19,11,10,5,3,0,7,19,18,1,4,12,9,15,18,7,7,0,3,18,11,1,9,16,19,11,19,2,0,15,11,6,3,16,9,6,11,18,0,13,5,9,19,16,15,19,6,11,6,2,6,3,0,10,9,0,0,10,2,6,10,11,11,9,2,0,15,6,6,3,16,10,1,11,9,6,9,19,7,1,11,12,2,10,11,5,15,16,9,6,11,0,19,11,19,19,11,16,13,13,6,16,7,3,0,11,11,0,10,0,0,0,0,0,0,0,0,0,0,0,0,0,0,0,0,0,0,0,0,0,0,0,0,0,0,0,0,0,0,0,0,0,0",-0.1673678,0.059297737,3.0,0.5419106,34.036476,0.6054358,1.0,0.6054358,0.12599033,0.5419106,0.0,0.0,0.5419106,0.0010656258,0.9358588,0.12599033,1.7249097,1.371559,34.036476,-0.1673678,2.1729004,162.24988,0.47838536,0.47838536,1.0,162.24988,0.78779393,0.064141214,1.7249097,0.0010656258,0.6054358,0.059297737,0.0,1.371559,2.1729004,0.47838536,0.1673678,0.0,0.6054358,0.1673678,0.8625351,0.47838536,1.0,0.5419106,lookahead,beam_orig2_bm3-s0to50br0-s50to100br0-s100to150br1
/work/T-REX/external/Proteina-Complexa/inference/search_binder_local_pipeline_32_PDL1_ALPHA_REPACK_v7_r006_cand_v7r006_hyp_0006_01_002_a778160daa715/job_0_n_224_id_37_beam_orig3_bm0-s0to50br1-s50to100br2-s100to150br1/job_0_n_224_id_37_beam_orig3_bm0-s0to50br1-s50to100br2-s100to150br1.pdb,151,"2,0,13,16,19,16,19,14,11,3,10,18,19,19,6,18,7,15,2,12,16,9,6,4,11,13,14,19,6,11,5,10,3,10,0,0,10,9,19,18,17,6,12,6,3,11,2,9,9,5,13,19,8,7,6,6,3,10,11,19,5,8,15,15,18,1,5,1,0,1,10,10,11,3,5,10,15,10,7,2,0,0,10,5,9,16,3,19,11,10,5,3,0,7,19,18,1,4,12,9,15,18,7,7,0,3,18,11,1,9,16,19,11,19,2,0,0,10,19,19,16,16,14,11,3,10,18,16,19,5,0,7,0,2,19,16,10,6,4,11,16,15,8,16,10,16,15,15,16,0,19,10,17,11,2,14,5,3,5,11,19,10,5,18,15,0,7,6,0,16,16,18,7,3,13,11,7,1,0,16,10,10,7,7,5,3,0,15,10,5,9,16,3,16,1,10,15,3,15,7,19,18,5,4,10,19,12,2,6,13,7,0,3,3,11,16,9,16,10,3,19,11,0,14,0,0,0,0,0,0",-0.26513726,0.1079447,3.0,0.31978047,47.754402,0.32307774,1.0,0.32307774,0.19005811,0.31939355,0.0,0.0,0.31978047,0.0022558945,0.8884166,0.19005811,1.4568164,1.4575993,47.754402,-0.26513726,3.2802458,184.41905,0.31610432,0.31648323,1.0,184.41905,0.6571045,0.11158339,1.4568164,0.0022558945,0.32268277,0.1079447,0.0,1.4575993,3.2802458,0.31610432,0.26513726,0.0,0.32268277,0.26513726,0.78780025,0.31648323,1.0,0.31939355,lookahead,beam_orig3_bm0-s0to50br1-s50to100br2-s100to150br1
/work/T-REX/external/Proteina-Complexa/inference/search_binder_local_pipeline_32_PDL1_ALPHA_REPACK_v7_r006_cand_v7r006_hyp_0006_01_002_a778160daa715/job_0_n_230_id_38_beam_orig0_bm2-s0to50br0-s50to100br1-s100to150br2/job_0_n_230_id_38_beam_orig0_bm2-s0to50br0-s50to100br1-s100to150br2.pdb,152,"2,0,13,16,19,16,19,14,11,3,10,18,19,19,6,18,7,15,2,12,16,9,6,4,11,13,14,19,6,11,5,10,3,10,0,0,10,9,19,18,17,6,12,6,3,11,2,9,9,5,13,19,8,7,6,6,3,10,11,19,5,8,15,15,18,1,5,1,0,1,10,10,11,3,5,10,15,10,7,2,0,0,10,5,9,16,3,19,11,10,5,3,0,7,19,18,1,4,12,9,15,18,7,7,0,3,18,11,1,9,16,19,11,19,2,0,0,13,16,19,16,19,14,11,3,10,18,19,19,6,18,7,15,2,12,16,9,6,4,11,13,14,19,6,11,5,10,3,10,0,0,10,9,19,18,17,6,12,6,3,11,2,9,9,5,13,19,8,7,6,6,3,10,11,19,5,8,15,15,18,1,5,1,0,1,10,10,11,3,5,10,15,10,7,2,0,0,10,5,9,16,3,19,11,10,5,3,0,7,19,18,1,4,12,9,15,18,7,7,0,3,18,11,1,9,16,19,11,19,2",-0.52395654,0.29557467,3.0,0.04678431,72.47204,0.048772227,1.0,0.048772227,0.3093921,0.012471277,0.0,0.0,0.04678431,0.0018133076,0.8616961,0.3093921,2.7006798,1.275726,72.47204,-0.52395654,3.8623214,216.28362,0.012251905,0.0447964,1.0,216.28362,0.26499033,0.13830389,2.7006798,0.0018133076,0.01269065,0.29557467,0.0,1.275726,3.8623214,0.012251905,0.52395654,0.0,0.01269065,0.52395654,0.58835113,0.0447964,1.0,0.012471277,lookahead,beam_orig0_bm2-s0to50br0-s50to100br1-s100to150br2
/work/T-REX/external/Proteina-Complexa/inference/search_binder_local_pipeline_32_PDL1_ALPHA_REPACK_v7_r006_cand_v7r006_hyp_0006_01_002_a778160daa715/job_0_n_186_id_38_beam_orig1_bm3-s0to50br1-s50to100br2-s100to150br2/job_0_n_186_id_38_beam_orig1_bm3-s0to50br1-s50to100br2-s100to150br2.pdb,153,"2,0,13,16,19,16,19,14,11,3,10,18,19,19,6,18,7,15,2,12,16,9,6,4,11,13,14,19,6,11,5,10,3,10,0,0,10,9,19,18,17,6,12,6,3,11,2,9,9,5,13,19,8,7,6,6,3,10,11,19,5,8,15,15,18,1,5,1,0,1,10,10,11,3,5,10,15,10,7,2,0,0,10,5,9,16,3,19,11,10,5,3,0,7,19,18,1,4,12,9,15,18,7,7,0,3,18,11,1,9,16,19,11,19,2,0,15,15,6,3,19,11,11,0,19,6,16,0,11,2,18,10,11,6,2,10,6,11,18,11,7,2,14,6,11,0,13,5,3,0,19,11,5,19,5,2,18,9,11,3,2,3,10,16,10,16,0,15,5,5,0,1,19,6,10,6,9,7,4,9,19,11,6,10,15,0,0,0,0,0,0,0,0,0,0,0,0,0,0,0,0,0,0,0,0,0,0,0,0,0,0,0,0,0,0,0,0,0,0,0,0,0,0,0,0,0,0,0,0,0",-0.16175267,0.053432114,3.0,0.54298943,46.71204,0.607878,1.0,0.607878,0.13046707,0.54298943,0.0,0.0,0.54298943,0.0022064226,0.9240686,0.13046707,1.5873244,1.4708357,46.71204,-0.16175267,2.088141,167.77048,0.47810087,0.47810087,1.0,167.77048,0.79680765,0.07593137,1.5873244,0.0022064226,0.607878,0.053432114,0.0,1.4708357,2.088141,0.47810087,0.16175267,0.0,0.607878,0.16175267,0.8741212,0.47810087,1.0,0.54298943,lookahead,beam_orig1_bm3-s0to50br1-s50to100br2-s100to150br2
/work/T-REX/external/Proteina-Complexa/inference/search_binder_local_pipeline_32_PDL1_ALPHA_REPACK_v7_r006_cand_v7r006_hyp_0006_01_002_a778160daa715/job_0_n_197_id_38_beam_orig2_bm3-s0to50br0-s50to100br0-s100to150br2/job_0_n_197_id_38_beam_orig2_bm3-s0to50br0-s50to100br0-s100to150br2.pdb,154,"2,0,13,16,19,16,19,14,11,3,10,18,19,19,6,18,7,15,2,12,16,9,6,4,11,13,14,19,6,11,5,10,3,10,0,0,10,9,19,18,17,6,12,6,3,11,2,9,9,5,13,19,8,7,6,6,3,10,11,19,5,8,15,15,18,1,5,1,0,1,10,10,11,3,5,10,15,10,7,2,0,0,10,5,9,16,3,19,11,10,5,3,0,7,19,18,1,4,12,9,15,18,7,7,0,3,18,11,1,9,16,19,11,19,2,0,15,11,6,3,10,9,6,11,18,0,13,5,9,19,15,15,19,18,10,11,3,3,3,0,10,9,19,0,10,2,6,10,11,11,9,7,0,15,6,6,2,16,2,2,1,9,9,6,9,7,1,11,12,2,10,14,5,3,19,9,6,11,0,19,11,19,15,1,16,13,13,6,16,7,3,0,11,11,0,19,0,0,0,0,0,0,0,0,0,0,0,0,0,0,0,0,0,0,0,0,0,0,0,0,0,0,0,0,0,0,0,0,0,0",-0.15219179,0.051531557,3.0,0.5944786,34.242348,0.64851683,1.0,0.64851683,0.115118355,0.5944786,0.0,0.0,0.5944786,0.00091647956,0.94716305,0.115118355,1.6810186,1.3009053,34.242348,-0.15219179,2.080404,166.18213,0.5404404,0.5404404,1.0,166.18213,0.80781317,0.052836947,1.6810186,0.00091647956,0.64851683,0.051531557,0.0,1.3009053,2.080404,0.5404404,0.15219179,0.0,0.64851683,0.15219179,0.8743539,0.5404404,1.0,0.5944786,lookahead,beam_orig2_bm3-s0to50br0-s50to100br0-s100to150br2
/work/T-REX/external/Proteina-Complexa/inference/search_binder_local_pipeline_32_PDL1_ALPHA_REPACK_v7_r006_cand_v7r006_hyp_0006_01_002_a778160daa715/job_0_n_224_id_38_beam_orig3_bm0-s0to50br1-s50to100br2-s100to150br2/job_0_n_224_id_38_beam_orig3_bm0-s0to50br1-s50to100br2-s100to150br2.pdb,155,"2,0,13,16,19,16,19,14,11,3,10,18,19,19,6,18,7,15,2,12,16,9,6,4,11,13,14,19,6,11,5,10,3,10,0,0,10,9,19,18,17,6,12,6,3,11,2,9,9,5,13,19,8,7,6,6,3,10,11,19,5,8,15,15,18,1,5,1,0,1,10,10,11,3,5,10,15,10,7,2,0,0,10,5,9,16,3,19,11,10,5,3,0,7,19,18,1,4,12,9,15,18,7,7,0,3,18,11,1,9,16,19,11,19,2,0,0,10,16,19,16,0,14,11,14,10,18,16,7,16,8,7,7,2,19,16,10,6,4,11,19,15,1,16,10,16,15,11,16,15,19,10,17,11,15,14,2,2,6,11,19,10,5,18,0,7,7,6,15,16,16,18,7,6,13,11,7,1,0,1,10,10,7,7,5,3,0,15,10,5,10,15,2,10,1,10,15,3,15,7,19,18,5,4,10,19,12,2,0,18,7,0,3,3,11,16,9,6,10,2,19,11,6,14,0,0,0,0,0,0",-0.32042152,0.13567634,3.0,0.22149138,50.447113,0.2233178,1.0,0.2233178,0.21710089,0.21204965,0.0,0.0,0.22149138,0.0027553025,0.8869414,0.21710089,1.5528336,1.4252014,50.447113,-0.32042152,3.3564854,188.87665,0.21093296,0.21966496,1.0,188.87665,0.5960779,0.11305862,1.5528336,0.0027553025,0.21316634,0.13567634,0.0,1.4252014,3.3564854,0.21093296,0.32042152,0.0,0.21316634,0.32042152,0.7564409,0.21966496,1.0,0.21204965,lookahead,beam_orig3_bm0-s0to50br1-s50to100br2-s100to150br2
/work/T-REX/external/Proteina-Complexa/inference/search_binder_local_pipeline_32_PDL1_ALPHA_REPACK_v7_r006_cand_v7r006_hyp_0006_01_002_a778160daa715/job_0_n_230_id_39_beam_orig0_bm2-s0to50br0-s50to100br1-s100to150br3/job_0_n_230_id_39_beam_orig0_bm2-s0to50br0-s50to100br1-s100to150br3.pdb,156,"2,0,13,16,19,16,19,14,11,3,10,18,19,19,6,18,7,15,2,12,16,9,6,4,11,13,14,19,6,11,5,10,3,10,0,0,10,9,19,18,17,6,12,6,3,11,2,9,9,5,13,19,8,7,6,6,3,10,11,19,5,8,15,15,18,1,5,1,0,1,10,10,11,3,5,10,15,10,7,2,0,0,10,5,9,16,3,19,11,10,5,3,0,7,19,18,1,4,12,9,15,18,7,7,0,3,18,11,1,9,16,19,11,19,2,0,0,13,16,19,16,19,14,11,3,10,18,19,19,6,18,7,15,2,12,16,9,6,4,11,13,14,19,6,11,5,10,3,10,0,0,10,9,19,18,17,6,12,6,3,11,2,9,9,5,13,19,8,7,6,6,3,10,11,19,5,8,15,15,18,1,5,1,0,1,10,10,11,3,5,10,15,10,7,2,0,0,10,5,9,16,3,19,11,10,5,3,0,7,19,18,1,4,12,9,15,18,7,7,0,3,18,11,1,9,16,19,11,19,2",-0.52308494,0.29303354,3.0,0.04702746,75.77855,0.049109567,1.0,0.049109567,0.30913872,0.012409104,0.0,0.0,0.04702746,0.0017996907,0.8612784,0.30913872,2.6650646,1.276414,75.77855,-0.52308494,3.8601944,211.01923,0.012057151,0.04494535,1.0,211.01923,0.26444566,0.13872156,2.6650646,0.0017996907,0.012761056,0.29303354,0.0,1.276414,3.8601944,0.012057151,0.52308494,0.0,0.012761056,0.52308494,0.58836305,0.04494535,1.0,0.012409104,lookahead,beam_orig0_bm2-s0to50br0-s50to100br1-s100to150br3
/work/T-REX/external/Proteina-Complexa/inference/search_binder_local_pipeline_32_PDL1_ALPHA_REPACK_v7_r006_cand_v7r006_hyp_0006_01_002_a778160daa715/job_0_n_186_id_39_beam_orig1_bm3-s0to50br1-s50to100br2-s100to150br3/job_0_n_186_id_39_beam_orig1_bm3-s0to50br1-s50to100br2-s100to150br3.pdb,157,"2,0,13,16,19,16,19,14,11,3,10,18,19,19,6,18,7,15,2,12,16,9,6,4,11,13,14,19,6,11,5,10,3,10,0,0,10,9,19,18,17,6,12,6,3,11,2,9,9,5,13,19,8,7,6,6,3,10,11,19,5,8,15,15,18,1,5,1,0,1,10,10,11,3,5,10,15,10,7,2,0,0,10,5,9,16,3,19,11,10,5,3,0,7,19,18,1,4,12,9,15,18,7,7,0,3,18,11,1,9,16,19,11,19,2,0,15,15,6,3,19,11,11,0,19,6,0,0,11,11,18,19,6,6,2,10,15,11,18,11,7,2,5,3,11,0,9,6,3,0,19,11,6,19,11,2,18,19,11,3,2,2,10,16,10,16,14,15,5,6,0,1,19,11,10,6,19,6,4,9,19,11,6,11,16,15,0,0,0,0,0,0,0,0,0,0,0,0,0,0,0,0,0,0,0,0,0,0,0,0,0,0,0,0,0,0,0,0,0,0,0,0,0,0,0,0,0,0,0,0",-0.17195405,0.06253515,3.0,0.49533093,63.759872,0.5628363,1.0,0.5628363,0.13626559,0.49533093,0.0,0.0,0.49533093,0.0026895762,0.9237435,0.13626559,2.9291813,1.4554101,63.759872,-0.17195405,2.1430337,209.80821,0.42782554,0.42782554,1.0,209.80821,0.7682038,0.07625649,2.9291813,0.0026895762,0.5628363,0.06253515,0.0,1.4554101,2.1430337,0.42782554,0.17195405,0.0,0.5628363,0.17195405,0.8614534,0.42782554,1.0,0.49533093,lookahead,beam_orig1_bm3-s0to50br1-s50to100br2-s100to150br3
/work/T-REX/external/Proteina-Complexa/inference/search_binder_local_pipeline_32_PDL1_ALPHA_REPACK_v7_r006_cand_v7r006_hyp_0006_01_002_a778160daa715/job_0_n_197_id_39_beam_orig2_bm3-s0to50br0-s50to100br0-s100to150br3/job_0_n_197_id_39_beam_orig2_bm3-s0to50br0-s50to100br0-s100to150br3.pdb,158,"2,0,13,16,19,16,19,14,11,3,10,18,19,19,6,18,7,15,2,12,16,9,6,4,11,13,14,19,6,11,5,10,3,10,0,0,10,9,19,18,17,6,12,6,3,11,2,9,9,5,13,19,8,7,6,6,3,10,11,19,5,8,15,15,18,1,5,1,0,1,10,10,11,3,5,10,15,10,7,2,0,0,10,5,9,16,3,19,11,10,5,3,0,7,19,18,1,4,12,9,15,18,7,7,0,3,18,11,1,9,16,19,11,19,2,0,15,11,6,3,6,9,6,11,18,0,13,5,9,19,16,15,19,18,11,2,2,3,3,0,10,9,0,0,10,2,6,10,11,11,9,11,0,3,6,3,10,16,10,15,11,9,6,6,19,7,1,11,12,11,10,14,5,0,3,9,6,11,0,19,11,9,19,1,16,13,13,6,16,7,3,0,11,11,0,10,0,0,0,0,0,0,0,0,0,0,0,0,0,0,0,0,0,0,0,0,0,0,0,0,0,0,0,0,0,0,0,0,0,0",-0.14331356,0.04906352,3.0,0.6344085,36.987724,0.6914684,1.0,0.6914684,0.109628,0.6344085,0.0,0.0,0.6344085,0.00070743577,0.9507335,0.109628,2.0809536,1.2791715,36.987724,-0.14331356,2.0221312,179.55423,0.57734853,0.57734853,1.0,179.55423,0.82093245,0.04926649,2.0809536,0.00070743577,0.6914684,0.04906352,0.0,1.2791715,2.0221312,0.57734853,0.14331356,0.0,0.6914684,0.14331356,0.88094544,0.57734853,1.0,0.6344085,lookahead,beam_orig2_bm3-s0to50br0-s50to100br0-s100to150br3
/work/T-REX/external/Proteina-Complexa/inference/search_binder_local_pipeline_32_PDL1_ALPHA_REPACK_v7_r006_cand_v7r006_hyp_0006_01_002_a778160daa715/job_0_n_224_id_39_beam_orig3_bm0-s0to50br1-s50to100br2-s100to150br3/job_0_n_224_id_39_beam_orig3_bm0-s0to50br1-s50to100br2-s100to150br3.pdb,159,"2,0,13,16,19,16,19,14,11,3,10,18,19,19,6,18,7,15,2,12,16,9,6,4,11,13,14,19,6,11,5,10,3,10,0,0,10,9,19,18,17,6,12,6,3,11,2,9,9,5,13,19,8,7,6,6,3,10,11,19,5,8,15,15,18,1,5,1,0,1,10,10,11,3,5,10,15,10,7,2,0,0,10,5,9,16,3,19,11,10,5,3,0,7,19,18,1,4,12,9,15,18,7,7,0,3,18,11,1,9,16,19,11,19,2,0,0,10,16,19,16,16,14,11,14,10,18,16,19,16,10,7,0,2,19,16,10,6,4,11,16,15,8,15,10,16,15,15,16,15,19,10,17,11,7,14,11,2,16,11,19,10,5,18,15,15,7,11,15,16,16,18,7,3,13,11,7,1,0,1,10,10,7,7,5,3,0,15,10,5,10,16,2,10,1,10,15,3,15,7,19,18,5,4,12,19,12,2,6,13,7,0,3,3,11,16,9,5,10,6,19,11,0,14,0,0,0,0,0,0",-0.57320964,0.32397285,3.0,0.023654496,126.063614,0.025648484,1.0,0.025648484,0.34824476,0.005444489,0.0,0.0,0.023654496,0.0025111118,0.8391374,0.34824476,26.37456,1.4236422,126.063614,-0.57320964,4.115342,236.60808,0.0,0.021660509,1.0,236.60808,0.23194951,0.16086261,26.37456,0.0025111118,0.010888978,0.32397285,0.0,1.4236422,4.115342,0.0,0.57320964,0.0,0.010888978,0.57320964,0.5781714,0.021660509,1.0,0.005444489,lookahead,beam_orig3_bm0-s0to50br1-s50to100br2-s100to150br3
/work/T-REX/external/Proteina-Complexa/inference/search_binder_local_pipeline_32_PDL1_ALPHA_REPACK_v7_r006_cand_v7r006_hyp_0006_01_002_a778160daa715/job_0_n_230_id_40_beam_orig0_bm3-s0to50br1-s50to100br3-s100to150br0/job_0_n_230_id_40_beam_orig0_bm3-s0to50br1-s50to100br3-s100to150br0.pdb,160,"2,0,13,16,19,16,19,14,11,3,10,18,19,19,6,18,7,15,2,12,16,9,6,4,11,13,14,19,6,11,5,10,3,10,0,0,10,9,19,18,17,6,12,6,3,11,2,9,9,5,13,19,8,7,6,6,3,10,11,19,5,8,15,15,18,1,5,1,0,1,10,10,11,3,5,10,15,10,7,2,0,0,10,5,9,16,3,19,11,10,5,3,0,7,19,18,1,4,12,9,15,18,7,7,0,3,18,11,1,9,16,19,11,19,2,0,0,13,16,19,16,19,14,11,3,10,18,19,19,6,18,7,15,2,12,16,9,6,4,11,13,14,19,6,11,5,10,3,10,0,0,10,9,19,18,17,6,12,6,3,11,2,9,9,5,13,19,8,7,6,6,3,10,11,19,5,8,15,15,18,1,5,1,0,1,10,10,11,3,5,10,15,10,7,2,0,0,10,5,9,16,3,19,11,10,5,3,0,7,19,18,1,4,12,9,15,18,7,7,0,3,18,11,1,9,16,19,11,19,2",-0.51878196,0.29187718,3.0,0.048891198,61.38785,0.05093408,1.0,0.05093408,0.30683112,0.012735086,0.0,0.0,0.048891198,0.0017601696,0.86103225,0.30683112,5.0975823,1.2778101,61.38785,-0.51878196,3.8451464,200.71776,0.012347296,0.046848316,1.0,200.71776,0.26877764,0.13896772,5.0975823,0.0017601696,0.013122875,0.29187718,0.0,1.2778101,3.8451464,0.012347296,0.51878196,0.0,0.013122875,0.51878196,0.5903832,0.046848316,1.0,0.012735086,lookahead,beam_orig0_bm3-s0to50br1-s50to100br3-s100to150br0
/work/T-REX/external/Proteina-Complexa/inference/search_binder_local_pipeline_32_PDL1_ALPHA_REPACK_v7_r006_cand_v7r006_hyp_0006_01_002_a778160daa715/job_0_n_186_id_40_beam_orig1_bm1-s0to50br2-s50to100br1-s100to150br0/job_0_n_186_id_40_beam_orig1_bm1-s0to50br2-s50to100br1-s100to150br0.pdb,161,"2,0,13,16,19,16,19,14,11,3,10,18,19,19,6,18,7,15,2,12,16,9,6,4,11,13,14,19,6,11,5,10,3,10,0,0,10,9,19,18,17,6,12,6,3,11,2,9,9,5,13,19,8,7,6,6,3,10,11,19,5,8,15,15,18,1,5,1,0,1,10,10,11,3,5,10,15,10,7,2,0,0,10,5,9,16,3,19,11,10,5,3,0,7,19,18,1,4,12,9,15,18,7,7,0,3,18,11,1,9,16,19,11,19,2,0,15,2,6,19,6,0,19,1,18,13,10,6,7,11,3,6,11,3,11,7,2,10,3,6,0,6,11,11,13,11,11,0,9,6,10,15,15,14,2,15,15,9,1,16,5,0,10,6,6,10,0,11,19,18,6,10,5,7,11,10,3,6,0,6,11,19,1,0,5,10,0,0,0,0,0,0,0,0,0,0,0,0,0,0,0,0,0,0,0,0,0,0,0,0,0,0,0,0,0,0,0,0,0,0,0,0,0,0,0,0,0,0,0,0",-0.17443322,0.058402453,3.0,0.5164995,67.89407,0.6098221,1.0,0.6098221,0.13341789,0.5164995,0.0,0.0,0.5164995,0.0013434486,0.9481691,0.13341789,3.9277,1.2598048,67.89407,-0.17443322,2.576776,154.4663,0.4231769,0.4231769,1.0,154.4663,0.7777363,0.051830858,3.9277,0.0013434486,0.6098221,0.058402453,0.0,1.2598048,2.576776,0.4231769,0.17443322,0.0,0.6098221,0.17443322,0.8517748,0.4231769,1.0,0.5164995,lookahead,beam_orig1_bm1-s0to50br2-s50to100br1-s100to150br0
/work/T-REX/external/Proteina-Complexa/inference/search_binder_local_pipeline_32_PDL1_ALPHA_REPACK_v7_r006_cand_v7r006_hyp_0006_01_002_a778160daa715/job_0_n_197_id_40_beam_orig2_bm3-s0to50br0-s50to100br3-s100to150br0/job_0_n_197_id_40_beam_orig2_bm3-s0to50br0-s50to100br3-s100to150br0.pdb,162,"2,0,13,16,19,16,19,14,11,3,10,18,19,19,6,18,7,15,2,12,16,9,6,4,11,13,14,19,6,11,5,10,3,10,0,0,10,9,19,18,17,6,12,6,3,11,2,9,9,5,13,19,8,7,6,6,3,10,11,19,5,8,15,15,18,1,5,1,0,1,10,10,11,3,5,10,15,10,7,2,0,0,10,5,9,16,3,19,11,10,5,3,0,7,19,18,1,4,12,9,15,18,7,7,0,3,18,11,1,9,16,19,11,19,2,0,15,0,6,6,11,9,6,11,3,0,13,5,10,19,15,0,19,18,11,6,3,2,3,10,9,9,11,19,10,2,11,13,11,11,9,11,0,2,6,11,10,16,10,1,11,9,19,19,19,7,1,11,12,11,10,14,5,3,19,9,6,11,0,19,11,9,0,11,16,13,13,6,16,7,3,0,2,6,0,19,11,0,0,0,0,0,0,0,0,0,0,0,0,0,0,0,0,0,0,0,0,0,0,0,0,0,0,0,0,0,0,0,0,0",-0.23752174,0.10212464,3.0,0.30570874,39.20007,0.3485993,1.0,0.3485993,0.16751577,0.30566323,0.0,0.0,0.30570874,0.0014650277,0.9177072,0.16751577,2.4806879,1.3500549,39.20007,-0.23752174,2.584746,170.9019,0.26281816,0.26281816,1.0,170.9019,0.66445124,0.08229277,2.4806879,0.0014650277,0.34850833,0.10212464,0.0,1.3500549,2.584746,0.26281816,0.23752174,0.0,0.34850833,0.23752174,0.8045089,0.26281816,1.0,0.30566323,lookahead,beam_orig2_bm3-s0to50br0-s50to100br3-s100to150br0
/work/T-REX/external/Proteina-Complexa/inference/search_binder_local_pipeline_32_PDL1_ALPHA_REPACK_v7_r006_cand_v7r006_hyp_0006_01_002_a778160daa715/job_0_n_224_id_40_beam_orig3_bm3-s0to50br0-s50to100br0-s100to150br0/job_0_n_224_id_40_beam_orig3_bm3-s0to50br0-s50to100br0-s100to150br0.pdb,163,"2,0,13,16,19,16,19,14,11,3,10,18,19,19,6,18,7,15,2,12,16,9,6,4,11,13,14,19,6,11,5,10,3,10,0,0,10,9,19,18,17,6,12,6,3,11,2,9,9,5,13,19,8,7,6,6,3,10,11,19,5,8,15,15,18,1,5,1,0,1,10,10,11,3,5,10,15,10,7,2,0,0,10,5,9,16,3,19,11,10,5,3,0,7,19,18,1,4,12,9,15,18,7,7,0,3,18,11,1,9,16,19,11,19,2,0,3,10,18,19,19,6,18,7,15,2,12,16,9,6,4,11,13,14,19,6,11,5,10,3,10,0,0,10,9,19,18,17,6,12,6,3,11,2,9,9,5,13,19,8,7,6,6,3,10,11,19,5,8,15,15,18,1,5,1,0,1,10,10,11,3,5,10,15,10,7,2,0,0,10,5,9,16,3,19,11,10,5,3,0,7,19,18,1,4,12,9,15,18,7,7,0,3,18,11,1,9,16,19,11,19,2,0,11,0,0,0,0,0,0",-0.53454113,0.30436134,3.0,0.039253425,80.05064,0.039997287,1.0,0.039997287,0.32533365,0.012198705,0.0,0.0,0.039253425,0.0025958833,0.85261536,0.32533365,3.6009908,1.3509705,80.05064,-0.53454113,3.9392362,215.95465,0.01176582,0.038509563,1.0,215.95465,0.24966142,0.14738461,3.6009908,0.0025958833,0.01263159,0.30436134,0.0,1.3509705,3.9392362,0.01176582,0.53454113,0.0,0.01263159,0.53454113,0.5889567,0.038509563,1.0,0.012198705,lookahead,beam_orig3_bm3-s0to50br0-s50to100br0-s100to150br0
/work/T-REX/external/Proteina-Complexa/inference/search_binder_local_pipeline_32_PDL1_ALPHA_REPACK_v7_r006_cand_v7r006_hyp_0006_01_002_a778160daa715/job_0_n_230_id_41_beam_orig0_bm3-s0to50br1-s50to100br3-s100to150br1/job_0_n_230_id_41_beam_orig0_bm3-s0to50br1-s50to100br3-s100to150br1.pdb,164,"2,0,13,16,19,16,19,14,11,3,10,18,19,19,6,18,7,15,2,12,16,9,6,4,11,13,14,19,6,11,5,10,3,10,0,0,10,9,19,18,17,6,12,6,3,11,2,9,9,5,13,19,8,7,6,6,3,10,11,19,5,8,15,15,18,1,5,1,0,1,10,10,11,3,5,10,15,10,7,2,0,0,10,5,9,16,3,19,11,10,5,3,0,7,19,18,1,4,12,9,15,18,7,7,0,3,18,11,1,9,16,19,11,19,2,0,0,13,16,19,16,19,14,11,3,10,18,19,19,6,18,7,15,2,12,16,9,6,4,11,13,14,19,6,11,5,10,3,10,0,0,10,9,19,18,17,6,12,6,3,11,2,9,9,5,13,19,8,7,6,6,3,10,11,19,5,8,15,15,18,1,5,1,0,1,10,10,11,3,5,10,15,10,7,2,0,0,10,5,9,16,3,19,11,10,5,3,0,7,19,18,1,4,12,9,15,18,7,7,0,3,18,11,1,9,16,19,11,19,2",-0.5187741,0.29228956,3.0,0.049505718,64.25888,0.051430907,1.0,0.051430907,0.30663443,0.012532552,0.0,0.0,0.049505718,0.0017442771,0.86213535,0.30663443,4.912531,1.2753303,64.25888,-0.5187741,3.847137,199.8644,0.012082129,0.047580533,1.0,199.8644,0.2697217,0.13786463,4.912531,0.0017442771,0.012982975,0.29228956,0.0,1.2753303,3.847137,0.012082129,0.5187741,0.0,0.012982975,0.5187741,0.5908898,0.047580533,1.0,0.012532552,lookahead,beam_orig0_bm3-s0to50br1-s50to100br3-s100to150br1
/work/T-REX/external/Proteina-Complexa/inference/search_binder_local_pipeline_32_PDL1_ALPHA_REPACK_v7_r006_cand_v7r006_hyp_0006_01_002_a778160daa715/job_0_n_186_id_41_beam_orig1_bm1-s0to50br2-s50to100br1-s100to150br1/job_0_n_186_id_41_beam_orig1_bm1-s0to50br2-s50to100br1-s100to150br1.pdb,165,"2,0,13,16,19,16,19,14,11,3,10,18,19,19,6,18,7,15,2,12,16,9,6,4,11,13,14,19,6,11,5,10,3,10,0,0,10,9,19,18,17,6,12,6,3,11,2,9,9,5,13,19,8,7,6,6,3,10,11,19,5,8,15,15,18,1,5,1,0,1,10,10,11,3,5,10,15,10,7,2,0,0,10,5,9,16,3,19,11,10,5,3,0,7,19,18,1,4,12,9,15,18,7,7,0,3,18,11,1,9,16,19,11,19,2,0,15,2,6,19,6,0,19,11,0,13,12,6,7,11,3,6,11,0,11,7,2,10,3,6,0,6,11,11,13,11,11,0,9,6,10,15,14,14,16,15,15,9,1,16,5,0,10,6,6,10,0,11,19,18,6,0,11,7,2,10,3,6,0,6,11,19,1,5,5,10,0,0,0,0,0,0,0,0,0,0,0,0,0,0,0,0,0,0,0,0,0,0,0,0,0,0,0,0,0,0,0,0,0,0,0,0,0,0,0,0,0,0,0,0",-0.23529348,0.09210473,3.0,0.3291824,57.242786,0.399853,1.0,0.399853,0.17238878,0.3291824,0.0,0.0,0.3291824,0.0019378143,0.9274524,0.17238878,2.9667745,1.3168825,57.242786,-0.23529348,2.890362,154.47212,0.25851178,0.25851178,1.0,154.47212,0.67329186,0.072547615,2.9667745,0.0019378143,0.399853,0.09210473,0.0,1.3168825,2.890362,0.25851178,0.23529348,0.0,0.399853,0.23529348,0.8058121,0.25851178,1.0,0.3291824,lookahead,beam_orig1_bm1-s0to50br2-s50to100br1-s100to150br1
/work/T-REX/external/Proteina-Complexa/inference/search_binder_local_pipeline_32_PDL1_ALPHA_REPACK_v7_r006_cand_v7r006_hyp_0006_01_002_a778160daa715/job_0_n_197_id_41_beam_orig2_bm3-s0to50br0-s50to100br3-s100to150br1/job_0_n_197_id_41_beam_orig2_bm3-s0to50br0-s50to100br3-s100to150br1.pdb,166,"2,0,13,16,19,16,19,14,11,3,10,18,19,19,6,18,7,15,2,12,16,9,6,4,11,13,14,19,6,11,5,10,3,10,0,0,10,9,19,18,17,6,12,6,3,11,2,9,9,5,13,19,8,7,6,6,3,10,11,19,5,8,15,15,18,1,5,1,0,1,10,10,11,3,5,10,15,10,7,2,0,0,10,5,9,16,3,19,11,10,5,3,0,7,19,18,1,4,12,9,15,18,7,7,0,3,18,11,1,9,16,19,11,19,2,0,12,11,6,6,5,10,6,11,3,0,13,5,10,19,15,0,19,18,1,2,3,11,3,0,9,9,11,19,10,6,11,10,11,11,2,2,0,2,6,0,10,10,10,1,11,9,19,16,19,7,1,11,12,11,10,14,5,14,19,9,6,6,0,19,11,9,0,11,16,13,13,6,16,7,3,0,6,11,0,19,11,0,0,0,0,0,0,0,0,0,0,0,0,0,0,0,0,0,0,0,0,0,0,0,0,0,0,0,0,0,0,0,0,0",-0.210099,0.08240583,3.0,0.39630383,41.55533,0.4559791,1.0,0.4559791,0.15643999,0.39630383,0.0,0.0,0.39630383,0.0029583992,0.91764843,0.15643999,2.0871644,1.4359174,41.55533,-0.210099,2.4447527,175.43164,0.3366286,0.3366286,1.0,175.43164,0.72468793,0.08235156,2.0871644,0.0029583992,0.4559791,0.08240583,0.0,1.4359174,2.4447527,0.3366286,0.210099,0.0,0.4559791,0.210099,0.83093274,0.3366286,1.0,0.39630383,lookahead,beam_orig2_bm3-s0to50br0-s50to100br3-s100to150br1
/work/T-REX/external/Proteina-Complexa/inference/search_binder_local_pipeline_32_PDL1_ALPHA_REPACK_v7_r006_cand_v7r006_hyp_0006_01_002_a778160daa715/job_0_n_224_id_41_beam_orig3_bm3-s0to50br0-s50to100br0-s100to150br1/job_0_n_224_id_41_beam_orig3_bm3-s0to50br0-s50to100br0-s100to150br1.pdb,167,"2,0,13,16,19,16,19,14,11,3,10,18,19,19,6,18,7,15,2,12,16,9,6,4,11,13,14,19,6,11,5,10,3,10,0,0,10,9,19,18,17,6,12,6,3,11,2,9,9,5,13,19,8,7,6,6,3,10,11,19,5,8,15,15,18,1,5,1,0,1,10,10,11,3,5,10,15,10,7,2,0,0,10,5,9,16,3,19,11,10,5,3,0,7,19,18,1,4,12,9,15,18,7,7,0,3,18,11,1,9,16,19,11,19,2,0,3,10,18,19,19,6,18,7,15,2,12,16,9,6,4,11,13,14,19,6,11,5,10,3,10,0,0,10,9,19,18,17,6,12,6,3,11,2,9,9,5,13,19,8,7,6,6,3,10,11,19,5,8,15,15,18,1,5,1,0,1,10,10,11,3,5,10,15,10,7,2,0,0,10,5,9,16,3,19,11,10,5,3,0,7,19,18,1,4,12,9,15,18,7,7,0,3,18,11,1,9,16,19,11,19,2,0,10,0,0,0,0,0,0",-0.5173901,0.2947827,3.0,0.051152244,79.026405,0.051729627,1.0,0.051729627,0.31646064,0.012861798,0.0,0.0,0.051152244,0.0023020594,0.8528986,0.31646064,3.3452406,1.3534759,79.026405,-0.5173901,3.8968759,214.53,0.012020109,0.05057486,1.0,214.53,0.26449108,0.14710142,3.3452406,0.0023020594,0.013703485,0.2947827,0.0,1.3534759,3.8968759,0.012020109,0.5173901,0.0,0.013703485,0.5173901,0.59593225,0.05057486,1.0,0.012861798,lookahead,beam_orig3_bm3-s0to50br0-s50to100br0-s100to150br1
/work/T-REX/external/Proteina-Complexa/inference/search_binder_local_pipeline_32_PDL1_ALPHA_REPACK_v7_r006_cand_v7r006_hyp_0006_01_002_a778160daa715/job_0_n_230_id_42_beam_orig0_bm3-s0to50br1-s50to100br3-s100to150br2/job_0_n_230_id_42_beam_orig0_bm3-s0to50br1-s50to100br3-s100to150br2.pdb,168,"2,0,13,16,19,16,19,14,11,3,10,18,19,19,6,18,7,15,2,12,16,9,6,4,11,13,14,19,6,11,5,10,3,10,0,0,10,9,19,18,17,6,12,6,3,11,2,9,9,5,13,19,8,7,6,6,3,10,11,19,5,8,15,15,18,1,5,1,0,1,10,10,11,3,5,10,15,10,7,2,0,0,10,5,9,16,3,19,11,10,5,3,0,7,19,18,1,4,12,9,15,18,7,7,0,3,18,11,1,9,16,19,11,19,2,0,0,13,16,19,16,19,14,11,3,10,18,19,19,6,18,7,15,2,12,16,9,6,4,11,13,14,19,6,11,5,10,3,10,0,0,10,9,19,18,17,6,12,6,3,11,2,9,9,5,13,19,8,7,6,6,3,10,11,19,5,8,15,15,18,1,5,1,0,1,10,10,11,3,5,10,15,10,7,2,0,0,10,5,9,16,3,19,11,10,5,3,0,7,19,18,1,4,12,9,15,18,7,7,0,3,18,11,1,9,16,19,11,19,2",-0.515544,0.28661436,3.0,0.05034876,61.03742,0.052892033,1.0,0.052892033,0.30462736,0.012991077,0.0,0.0,0.05034876,0.0017011944,0.862511,0.30462736,4.9144516,1.2668762,61.03742,-0.515544,3.8390005,198.09193,0.0126356855,0.047805484,1.0,198.09193,0.27019605,0.13748902,4.9144516,0.0017011944,0.013346469,0.28661436,0.0,1.2668762,3.8390005,0.0126356855,0.515544,0.0,0.013346469,0.515544,0.5910643,0.047805484,1.0,0.012991077,lookahead,beam_orig0_bm3-s0to50br1-s50to100br3-s100to150br2
/work/T-REX/external/Proteina-Complexa/inference/search_binder_local_pipeline_32_PDL1_ALPHA_REPACK_v7_r006_cand_v7r006_hyp_0006_01_002_a778160daa715/job_0_n_186_id_42_beam_orig1_bm1-s0to50br2-s50to100br1-s100to150br2/job_0_n_186_id_42_beam_orig1_bm1-s0to50br2-s50to100br1-s100to150br2.pdb,169,"2,0,13,16,19,16,19,14,11,3,10,18,19,19,6,18,7,15,2,12,16,9,6,4,11,13,14,19,6,11,5,10,3,10,0,0,10,9,19,18,17,6,12,6,3,11,2,9,9,5,13,19,8,7,6,6,3,10,11,19,5,8,15,15,18,1,5,1,0,1,10,10,11,3,5,10,15,10,7,2,0,0,10,5,9,16,3,19,11,10,5,3,0,7,19,18,1,4,12,9,15,18,7,7,0,3,18,11,1,9,16,19,11,19,2,0,12,16,6,9,6,0,19,11,0,13,10,6,7,11,3,6,11,2,11,7,2,10,3,6,0,6,11,11,13,11,11,0,9,6,10,15,15,14,3,15,15,9,1,2,5,0,10,6,6,10,0,11,19,18,6,0,11,7,2,10,6,6,0,6,11,19,1,5,1,10,0,0,0,0,0,0,0,0,0,0,0,0,0,0,0,0,0,0,0,0,0,0,0,0,0,0,0,0,0,0,0,0,0,0,0,0,0,0,0,0,0,0,0,0",-0.17833327,0.0562423,3.0,0.5407783,58.392277,0.6392684,1.0,0.6392684,0.14170517,0.5407783,0.0,0.0,0.5407783,0.0037092413,0.9348089,0.14170517,3.4975538,1.3819164,58.392277,-0.17833327,2.584704,156.09604,0.44228816,0.44228816,1.0,156.09604,0.7870891,0.065191075,3.4975538,0.0037092413,0.6392684,0.0562423,0.0,1.3819164,2.584704,0.44228816,0.17833327,0.0,0.6392684,0.17833327,0.8533148,0.44228816,1.0,0.5407783,lookahead,beam_orig1_bm1-s0to50br2-s50to100br1-s100to150br2
/work/T-REX/external/Proteina-Complexa/inference/search_binder_local_pipeline_32_PDL1_ALPHA_REPACK_v7_r006_cand_v7r006_hyp_0006_01_002_a778160daa715/job_0_n_197_id_42_beam_orig2_bm3-s0to50br0-s50to100br3-s100to150br2/job_0_n_197_id_42_beam_orig2_bm3-s0to50br0-s50to100br3-s100to150br2.pdb,170,"2,0,13,16,19,16,19,14,11,3,10,18,19,19,6,18,7,15,2,12,16,9,6,4,11,13,14,19,6,11,5,10,3,10,0,0,10,9,19,18,17,6,12,6,3,11,2,9,9,5,13,19,8,7,6,6,3,10,11,19,5,8,15,15,18,1,5,1,0,1,10,10,11,3,5,10,15,10,7,2,0,0,10,5,9,16,3,19,11,10,5,3,0,7,19,18,1,4,12,9,15,18,7,7,0,3,18,11,1,9,16,19,11,19,2,0,15,16,6,6,5,10,6,11,3,0,13,5,10,19,15,0,19,8,10,6,2,0,3,10,9,9,16,19,10,2,11,10,11,6,9,11,0,2,6,3,10,10,10,11,5,9,9,9,19,7,1,1,12,2,10,14,5,3,16,9,6,1,0,19,11,9,0,1,16,13,13,6,16,7,3,0,11,6,0,19,1,0,0,0,0,0,0,0,0,0,0,0,0,0,0,0,0,0,0,0,0,0,0,0,0,0,0,0,0,0,0,0,0,0",-0.19439828,0.07284773,3.0,0.43702483,41.50119,0.49792814,1.0,0.49792814,0.14413264,0.43702483,0.0,0.0,0.43702483,0.001127795,0.9209109,0.14413264,2.4785588,1.4034218,41.50119,-0.19439828,2.4082277,171.82951,0.37612152,0.37612152,1.0,171.82951,0.72584057,0.07908909,2.4785588,0.001127795,0.49792814,0.07284773,0.0,1.4034218,2.4082277,0.37612152,0.19439828,0.0,0.49792814,0.19439828,0.83035266,0.37612152,1.0,0.43702483,lookahead,beam_orig2_bm3-s0to50br0-s50to100br3-s100to150br2
/work/T-REX/external/Proteina-Complexa/inference/search_binder_local_pipeline_32_PDL1_ALPHA_REPACK_v7_r006_cand_v7r006_hyp_0006_01_002_a778160daa715/job_0_n_224_id_42_beam_orig3_bm3-s0to50br0-s50to100br0-s100to150br2/job_0_n_224_id_42_beam_orig3_bm3-s0to50br0-s50to100br0-s100to150br2.pdb,171,"2,0,13,16,19,16,19,14,11,3,10,18,19,19,6,18,7,15,2,12,16,9,6,4,11,13,14,19,6,11,5,10,3,10,0,0,10,9,19,18,17,6,12,6,3,11,2,9,9,5,13,19,8,7,6,6,3,10,11,19,5,8,15,15,18,1,5,1,0,1,10,10,11,3,5,10,15,10,7,2,0,0,10,5,9,16,3,19,11,10,5,3,0,7,19,18,1,4,12,9,15,18,7,7,0,3,18,11,1,9,16,19,11,19,2,0,3,10,18,19,19,6,18,7,15,2,12,16,9,6,4,11,13,14,19,6,11,5,10,3,10,0,0,10,9,19,18,17,6,12,6,3,11,2,9,9,5,13,19,8,7,6,6,3,10,11,19,5,8,15,15,18,1,5,1,0,1,10,10,11,3,5,10,15,10,7,2,0,0,10,5,9,16,3,19,11,10,5,3,0,7,19,18,1,4,12,9,15,18,7,7,0,3,18,11,1,9,16,19,11,19,2,0,14,0,0,0,0,0,0",-0.52471924,0.29917422,3.0,0.046189234,75.64132,0.046437953,1.0,0.046437953,0.31930882,0.012550833,0.0,0.0,0.046189234,0.0023890503,0.8539264,0.31930882,3.2847412,1.3473588,75.64132,-0.52471924,3.9187279,211.48038,0.011987275,0.04594051,1.0,211.48038,0.25600335,0.14607358,3.2847412,0.0023890503,0.013114389,0.29917422,0.0,1.3473588,3.9187279,0.011987275,0.52471924,0.0,0.013114389,0.52471924,0.59182,0.04594051,1.0,0.012550833,lookahead,beam_orig3_bm3-s0to50br0-s50to100br0-s100to150br2
/work/T-REX/external/Proteina-Complexa/inference/search_binder_local_pipeline_32_PDL1_ALPHA_REPACK_v7_r006_cand_v7r006_hyp_0006_01_002_a778160daa715/job_0_n_230_id_43_beam_orig0_bm3-s0to50br1-s50to100br3-s100to150br3/job_0_n_230_id_43_beam_orig0_bm3-s0to50br1-s50to100br3-s100to150br3.pdb,172,"2,0,13,16,19,16,19,14,11,3,10,18,19,19,6,18,7,15,2,12,16,9,6,4,11,13,14,19,6,11,5,10,3,10,0,0,10,9,19,18,17,6,12,6,3,11,2,9,9,5,13,19,8,7,6,6,3,10,11,19,5,8,15,15,18,1,5,1,0,1,10,10,11,3,5,10,15,10,7,2,0,0,10,5,9,16,3,19,11,10,5,3,0,7,19,18,1,4,12,9,15,18,7,7,0,3,18,11,1,9,16,19,11,19,2,0,0,13,16,19,16,19,14,11,3,10,18,19,19,6,18,7,15,2,12,16,9,6,4,11,13,14,19,6,11,5,10,3,10,0,0,10,9,19,18,17,6,12,6,3,11,2,9,9,5,13,19,8,7,6,6,3,10,11,19,5,8,15,15,18,1,5,1,0,1,10,10,11,3,5,10,15,10,7,2,0,0,10,5,9,16,3,19,11,10,5,3,0,7,19,18,1,4,12,9,15,18,7,7,0,3,18,11,1,9,16,19,11,19,2",-0.52338415,0.28056663,3.0,0.04373464,105.362885,0.044264324,1.0,0.044264324,0.30797535,0.01382477,0.0,0.0,0.04373464,0.0015775776,0.86393166,0.30797535,9.719932,1.265336,105.362885,-0.52338415,3.797622,209.07373,0.013373165,0.043204952,1.0,209.07373,0.25728956,0.13606837,9.719932,0.0015775776,0.014276376,0.28056663,0.0,1.265336,3.797622,0.013373165,0.52338415,0.0,0.014276376,0.52338415,0.58640254,0.043204952,1.0,0.01382477,lookahead,beam_orig0_bm3-s0to50br1-s50to100br3-s100to150br3
/work/T-REX/external/Proteina-Complexa/inference/search_binder_local_pipeline_32_PDL1_ALPHA_REPACK_v7_r006_cand_v7r006_hyp_0006_01_002_a778160daa715/job_0_n_186_id_43_beam_orig1_bm1-s0to50br2-s50to100br1-s100to150br3/job_0_n_186_id_43_beam_orig1_bm1-s0to50br2-s50to100br1-s100to150br3.pdb,173,"2,0,13,16,19,16,19,14,11,3,10,18,19,19,6,18,7,15,2,12,16,9,6,4,11,13,14,19,6,11,5,10,3,10,0,0,10,9,19,18,17,6,12,6,3,11,2,9,9,5,13,19,8,7,6,6,3,10,11,19,5,8,15,15,18,1,5,1,0,1,10,10,11,3,5,10,15,10,7,2,0,0,10,5,9,16,3,19,11,10,5,3,0,7,19,18,1,4,12,9,15,18,7,7,0,3,18,11,1,9,16,19,11,19,2,0,15,3,6,19,5,0,16,1,1,13,10,6,7,11,3,6,11,2,11,7,2,10,3,6,0,6,11,11,18,11,6,4,10,11,10,0,14,14,3,15,15,9,1,2,5,0,10,6,6,10,0,11,19,18,6,0,5,7,11,10,6,6,0,6,11,19,1,5,5,9,0,0,0,0,0,0,0,0,0,0,0,0,0,0,0,0,0,0,0,0,0,0,0,0,0,0,0,0,0,0,0,0,0,0,0,0,0,0,0,0,0,0,0,0",-0.18726681,0.06639914,3.0,0.46799445,69.76517,0.5622024,1.0,0.5622024,0.14174607,0.46799445,0.0,0.0,0.46799445,0.0018204646,0.9404042,0.14174607,4.269467,1.3032671,69.76517,-0.18726681,2.6352923,157.72914,0.37378648,0.37378648,1.0,157.72914,0.7575189,0.059595846,4.269467,0.0018204646,0.5622024,0.06639914,0.0,1.3032671,2.6352923,0.37378648,0.18726681,0.0,0.5622024,0.18726681,0.8400313,0.37378648,1.0,0.46799445,lookahead,beam_orig1_bm1-s0to50br2-s50to100br1-s100to150br3
/work/T-REX/external/Proteina-Complexa/inference/search_binder_local_pipeline_32_PDL1_ALPHA_REPACK_v7_r006_cand_v7r006_hyp_0006_01_002_a778160daa715/job_0_n_197_id_43_beam_orig2_bm3-s0to50br0-s50to100br3-s100to150br3/job_0_n_197_id_43_beam_orig2_bm3-s0to50br0-s50to100br3-s100to150br3.pdb,174,"2,0,13,16,19,16,19,14,11,3,10,18,19,19,6,18,7,15,2,12,16,9,6,4,11,13,14,19,6,11,5,10,3,10,0,0,10,9,19,18,17,6,12,6,3,11,2,9,9,5,13,19,8,7,6,6,3,10,11,19,5,8,15,15,18,1,5,1,0,1,10,10,11,3,5,10,15,10,7,2,0,0,10,5,9,16,3,19,11,10,5,3,0,7,19,18,1,4,12,9,15,18,7,7,0,3,18,11,1,9,16,19,11,19,2,0,0,0,6,6,5,10,6,11,3,0,13,5,10,19,15,0,19,18,5,6,2,1,3,10,9,9,11,19,10,2,11,13,11,0,6,6,0,2,6,6,10,10,10,1,11,9,19,19,19,7,1,11,12,11,10,14,5,14,19,9,6,11,0,19,11,9,0,11,16,13,13,6,16,7,3,0,6,6,0,19,0,0,0,0,0,0,0,0,0,0,0,0,0,0,0,0,0,0,0,0,0,0,0,0,0,0,0,0,0,0,0,0,0,0",-0.22258642,0.08634866,3.0,0.35501772,40.99171,0.41735372,1.0,0.41735372,0.16498265,0.3551306,0.0,0.0,0.35501772,0.001419361,0.9006397,0.16498265,2.6328073,1.4500602,40.99171,-0.22258642,2.5267015,178.66206,0.29268175,0.29268175,1.0,178.66206,0.69560206,0.09936028,2.6328073,0.001419361,0.4175795,0.08634866,0.0,1.4500602,2.5267015,0.29268175,0.22258642,0.0,0.4175795,0.22258642,0.81638646,0.29268175,1.0,0.3551306,lookahead,beam_orig2_bm3-s0to50br0-s50to100br3-s100to150br3
/work/T-REX/external/Proteina-Complexa/inference/search_binder_local_pipeline_32_PDL1_ALPHA_REPACK_v7_r006_cand_v7r006_hyp_0006_01_002_a778160daa715/job_0_n_224_id_43_beam_orig3_bm3-s0to50br0-s50to100br0-s100to150br3/job_0_n_224_id_43_beam_orig3_bm3-s0to50br0-s50to100br0-s100to150br3.pdb,175,"2,0,13,16,19,16,19,14,11,3,10,18,19,19,6,18,7,15,2,12,16,9,6,4,11,13,14,19,6,11,5,10,3,10,0,0,10,9,19,18,17,6,12,6,3,11,2,9,9,5,13,19,8,7,6,6,3,10,11,19,5,8,15,15,18,1,5,1,0,1,10,10,11,3,5,10,15,10,7,2,0,0,10,5,9,16,3,19,11,10,5,3,0,7,19,18,1,4,12,9,15,18,7,7,0,3,18,11,1,9,16,19,11,19,2,0,3,10,18,19,19,6,18,7,15,2,12,16,9,6,4,11,13,14,19,6,11,5,10,3,10,0,0,10,9,19,18,17,6,12,6,3,11,2,9,9,5,13,19,8,7,6,6,3,10,11,19,5,8,15,15,18,1,5,1,0,1,10,10,11,3,5,10,15,10,7,2,0,0,10,5,9,16,3,19,11,10,5,3,0,7,19,18,1,4,12,9,15,18,7,7,0,3,18,11,1,9,16,19,11,19,2,0,14,0,0,0,0,0,0",-0.5311944,0.3052245,3.0,0.043230392,75.318054,0.04431397,1.0,0.04431397,0.3228625,0.012339392,0.0,0.0,0.043230392,0.0024020378,0.85378915,0.3228625,3.742601,1.350035,75.318054,-0.5311944,3.9298735,217.09152,0.011809385,0.042146817,1.0,217.09152,0.25211334,0.14621086,3.742601,0.0024020378,0.012869398,0.3052245,0.0,1.350035,3.9298735,0.011809385,0.5311944,0.0,0.012869398,0.5311944,0.59017223,0.042146817,1.0,0.012339392,lookahead,beam_orig3_bm3-s0to50br0-s50to100br0-s100to150br3
/work/T-REX/external/Proteina-Complexa/inference/search_binder_local_pipeline_32_PDL1_ALPHA_REPACK_v7_r006_cand_v7r006_hyp_0006_01_002_a778160daa715/job_0_n_230_id_44_beam_orig0_bm3-s0to50br1-s50to100br2-s100to150br0/job_0_n_230_id_44_beam_orig0_bm3-s0to50br1-s50to100br2-s100to150br0.pdb,176,"2,0,13,16,19,16,19,14,11,3,10,18,19,19,6,18,7,15,2,12,16,9,6,4,11,13,14,19,6,11,5,10,3,10,0,0,10,9,19,18,17,6,12,6,3,11,2,9,9,5,13,19,8,7,6,6,3,10,11,19,5,8,15,15,18,1,5,1,0,1,10,10,11,3,5,10,15,10,7,2,0,0,10,5,9,16,3,19,11,10,5,3,0,7,19,18,1,4,12,9,15,18,7,7,0,3,18,11,1,9,16,19,11,19,2,0,0,13,16,19,16,19,14,11,3,10,18,19,19,6,18,7,15,2,12,16,9,6,4,11,13,14,19,6,11,5,10,3,10,0,0,10,9,19,18,17,6,12,6,3,11,2,9,9,5,13,19,8,7,6,6,3,10,11,19,5,8,15,15,18,1,5,1,0,1,10,10,11,3,5,10,15,10,7,2,0,0,10,5,9,16,3,19,11,10,5,3,0,7,19,18,1,4,12,9,15,18,7,7,0,3,18,11,1,9,16,19,11,19,2",-0.5125989,0.28396752,3.0,0.051178776,59.959682,0.052969687,1.0,0.052969687,0.3028844,0.013033026,0.0,0.0,0.051178776,0.0016951023,0.8623024,0.3028844,5.1327863,1.2641197,59.959682,-0.5125989,3.828481,196.62753,0.012766351,0.049387865,1.0,196.62753,0.27002245,0.1376976,5.1327863,0.0016951023,0.013299701,0.28396752,0.0,1.2641197,3.828481,0.012766351,0.5125989,0.0,0.013299701,0.5125989,0.59109175,0.049387865,1.0,0.013033026,lookahead,beam_orig0_bm3-s0to50br1-s50to100br2-s100to150br0
/work/T-REX/external/Proteina-Complexa/inference/search_binder_local_pipeline_32_PDL1_ALPHA_REPACK_v7_r006_cand_v7r006_hyp_0006_01_002_a778160daa715/job_0_n_186_id_44_beam_orig1_bm3-s0to50br1-s50to100br0-s100to150br0/job_0_n_186_id_44_beam_orig1_bm3-s0to50br1-s50to100br0-s100to150br0.pdb,177,"2,0,13,16,19,16,19,14,11,3,10,18,19,19,6,18,7,15,2,12,16,9,6,4,11,13,14,19,6,11,5,10,3,10,0,0,10,9,19,18,17,6,12,6,3,11,2,9,9,5,13,19,8,7,6,6,3,10,11,19,5,8,15,15,18,1,5,1,0,1,10,10,11,3,5,10,15,10,7,2,0,0,10,5,9,16,3,19,11,10,5,3,0,7,19,18,1,4,12,9,15,18,7,7,0,3,18,11,1,9,16,19,11,19,2,0,15,11,6,6,11,5,5,9,9,6,1,0,19,11,1,10,5,15,6,16,0,7,11,16,10,16,5,6,6,9,18,5,11,0,5,11,9,19,6,3,19,0,11,6,12,7,10,0,10,15,3,15,6,10,2,1,9,19,10,6,16,13,0,0,18,11,3,10,16,11,0,0,0,0,0,0,0,0,0,0,0,0,0,0,0,0,0,0,0,0,0,0,0,0,0,0,0,0,0,0,0,0,0,0,0,0,0,0,0,0,0,0,0,0",-0.4572035,0.25649375,3.0,0.06655155,35.37236,0.07319283,1.0,0.07319283,0.31566775,0.013732836,0.0,0.0,0.06655155,0.0019022363,0.8444999,0.31566775,1.7460202,1.4715737,35.37236,-0.4572035,3.298803,184.55345,0.013170091,0.059910282,1.0,184.55345,0.37702525,0.15550011,1.7460202,0.0019022363,0.014295579,0.25649375,0.0,1.4715737,3.298803,0.013170091,0.4572035,0.0,0.014295579,0.4572035,0.6972215,0.059910282,1.0,0.013732836,lookahead,beam_orig1_bm3-s0to50br1-s50to100br0-s100to150br0
/work/T-REX/external/Proteina-Complexa/inference/search_binder_local_pipeline_32_PDL1_ALPHA_REPACK_v7_r006_cand_v7r006_hyp_0006_01_002_a778160daa715/job_0_n_197_id_44_beam_orig2_bm2-s0to50br1-s50to100br2-s100to150br0/job_0_n_197_id_44_beam_orig2_bm2-s0to50br1-s50to100br2-s100to150br0.pdb,178,"2,0,13,16,19,16,19,14,11,3,10,18,19,19,6,18,7,15,2,12,16,9,6,4,11,13,14,19,6,11,5,10,3,10,0,0,10,9,19,18,17,6,12,6,3,11,2,9,9,5,13,19,8,7,6,6,3,10,11,19,5,8,15,15,18,1,5,1,0,1,10,10,11,3,5,10,15,10,7,2,0,0,10,5,9,16,3,19,11,10,5,3,0,7,19,18,1,4,12,9,15,18,7,7,0,3,18,11,1,9,16,19,11,19,2,0,15,11,10,11,9,5,3,10,9,18,11,16,10,10,19,16,19,11,3,9,11,2,9,16,6,11,6,9,15,2,13,9,11,10,10,11,11,6,10,11,3,6,7,9,3,10,15,3,6,11,19,5,6,9,19,3,13,9,16,16,2,1,11,11,13,11,3,18,6,5,10,15,5,6,10,16,11,9,9,6,0,0,0,0,0,0,0,0,0,0,0,0,0,0,0,0,0,0,0,0,0,0,0,0,0,0,0,0,0,0,0,0,0,0",-0.3420589,0.1757427,3.0,0.16664368,37.324924,0.1668324,1.0,0.1668324,0.24373172,0.15037204,0.0,0.0,0.16664368,0.0018356921,0.86138636,0.24373172,1.2856461,1.7840261,37.324924,-0.3420589,3.0671782,191.55484,0.13616498,0.16645497,1.0,191.55484,0.56837785,0.13861363,1.2856461,0.0018356921,0.16457911,0.1757427,0.0,1.7840261,3.0671782,0.13616498,0.3420589,0.0,0.16457911,0.3420589,0.75885665,0.16645497,1.0,0.15037204,lookahead,beam_orig2_bm2-s0to50br1-s50to100br2-s100to150br0
/work/T-REX/external/Proteina-Complexa/inference/search_binder_local_pipeline_32_PDL1_ALPHA_REPACK_v7_r006_cand_v7r006_hyp_0006_01_002_a778160daa715/job_0_n_224_id_44_beam_orig3_bm0-s0to50br3-s50to100br1-s100to150br0/job_0_n_224_id_44_beam_orig3_bm0-s0to50br3-s50to100br1-s100to150br0.pdb,179,"2,0,13,16,19,16,19,14,11,3,10,18,19,19,6,18,7,15,2,12,16,9,6,4,11,13,14,19,6,11,5,10,3,10,0,0,10,9,19,18,17,6,12,6,3,11,2,9,9,5,13,19,8,7,6,6,3,10,11,19,5,8,15,15,18,1,5,1,0,1,10,10,11,3,5,10,15,10,7,2,0,0,10,5,9,16,3,19,11,10,5,3,0,7,19,18,1,4,12,9,15,18,7,7,0,3,18,11,1,9,16,19,11,19,2,0,11,3,10,18,19,19,6,18,7,15,2,12,16,9,6,4,11,13,14,19,6,11,5,10,3,10,0,0,10,9,19,18,17,6,12,6,3,11,2,9,9,5,13,19,8,7,6,6,3,10,11,19,5,8,15,15,18,1,5,1,0,1,10,10,11,3,5,10,15,10,7,2,0,0,10,5,9,16,3,19,11,10,5,3,0,7,19,18,1,4,12,9,15,18,7,7,0,3,18,11,1,9,16,19,11,19,2,0,0,0,0,0,0,0",-0.5354025,0.30815557,3.0,0.039379843,57.769684,0.040284313,1.0,0.040284313,0.32468706,0.01227537,0.0,0.0,0.039379843,0.0021481812,0.85391283,0.32468706,4.9141097,1.3616325,57.769684,-0.5354025,3.9269397,207.58112,0.011664155,0.038475372,1.0,207.58112,0.25258297,0.1460872,4.9141097,0.0021481812,0.012886586,0.30815557,0.0,1.3616325,3.9269397,0.011664155,0.5354025,0.0,0.012886586,0.5354025,0.5901197,0.038475372,1.0,0.01227537,lookahead,beam_orig3_bm0-s0to50br3-s50to100br1-s100to150br0
/work/T-REX/external/Proteina-Complexa/inference/search_binder_local_pipeline_32_PDL1_ALPHA_REPACK_v7_r006_cand_v7r006_hyp_0006_01_002_a778160daa715/job_0_n_230_id_45_beam_orig0_bm3-s0to50br1-s50to100br2-s100to150br1/job_0_n_230_id_45_beam_orig0_bm3-s0to50br1-s50to100br2-s100to150br1.pdb,180,"2,0,13,16,19,16,19,14,11,3,10,18,19,19,6,18,7,15,2,12,16,9,6,4,11,13,14,19,6,11,5,10,3,10,0,0,10,9,19,18,17,6,12,6,3,11,2,9,9,5,13,19,8,7,6,6,3,10,11,19,5,8,15,15,18,1,5,1,0,1,10,10,11,3,5,10,15,10,7,2,0,0,10,5,9,16,3,19,11,10,5,3,0,7,19,18,1,4,12,9,15,18,7,7,0,3,18,11,1,9,16,19,11,19,2,0,0,13,16,19,16,19,14,11,3,10,18,19,19,6,18,7,15,2,12,16,9,6,4,11,13,14,19,6,11,5,10,3,10,0,0,10,9,19,18,17,6,12,6,3,11,2,9,9,5,13,19,8,7,6,6,3,10,11,19,5,8,15,15,18,1,5,1,0,1,10,10,11,3,5,10,15,10,7,2,0,0,10,5,9,16,3,19,11,10,5,3,0,7,19,18,1,4,12,9,15,18,7,7,0,3,18,11,1,9,16,19,11,19,2",-0.5230939,0.2961554,3.0,0.047308803,57.25681,0.048865303,1.0,0.048865303,0.3088764,0.012599761,0.0,0.0,0.047308803,0.0016871869,0.86137486,0.3088764,5.065265,1.2761012,57.25681,-0.5230939,3.8580158,204.48022,0.012438934,0.045752298,1.0,204.48022,0.26553264,0.13862512,5.065265,0.0016871869,0.012760588,0.2961554,0.0,1.2761012,3.8580158,0.012438934,0.5230939,0.0,0.012760588,0.5230939,0.58879924,0.045752298,1.0,0.012599761,lookahead,beam_orig0_bm3-s0to50br1-s50to100br2-s100to150br1
/work/T-REX/external/Proteina-Complexa/inference/search_binder_local_pipeline_32_PDL1_ALPHA_REPACK_v7_r006_cand_v7r006_hyp_0006_01_002_a778160daa715/job_0_n_186_id_45_beam_orig1_bm3-s0to50br1-s50to100br0-s100to150br1/job_0_n_186_id_45_beam_orig1_bm3-s0to50br1-s50to100br0-s100to150br1.pdb,181,"2,0,13,16,19,16,19,14,11,3,10,18,19,19,6,18,7,15,2,12,16,9,6,4,11,13,14,19,6,11,5,10,3,10,0,0,10,9,19,18,17,6,12,6,3,11,2,9,9,5,13,19,8,7,6,6,3,10,11,19,5,8,15,15,18,1,5,1,0,1,10,10,11,3,5,10,15,10,7,2,0,0,10,5,9,16,3,19,11,10,5,3,0,7,19,18,1,4,12,9,15,18,7,7,0,3,18,11,1,9,16,19,11,19,2,0,15,15,6,5,6,5,5,9,19,5,11,0,16,6,1,10,19,0,6,16,11,7,5,15,10,15,15,2,6,10,8,5,1,15,19,11,9,19,5,6,19,0,1,3,6,7,10,16,10,15,5,15,16,10,3,10,10,19,10,11,19,13,0,15,18,11,3,10,2,19,0,0,0,0,0,0,0,0,0,0,0,0,0,0,0,0,0,0,0,0,0,0,0,0,0,0,0,0,0,0,0,0,0,0,0,0,0,0,0,0,0,0,0,0",-0.25580615,0.09733899,3.0,0.28914034,80.51244,0.34210956,1.0,0.34210956,0.19840334,0.28900465,0.0,0.0,0.28914034,0.0046594366,0.8579552,0.19840334,4.19726,1.6138661,80.51244,-0.25580615,2.696984,198.96696,0.23617113,0.23617113,1.0,198.96696,0.6257431,0.14204481,4.19726,0.0046594366,0.34183818,0.09733899,0.0,1.6138661,2.696984,0.23617113,0.25580615,0.0,0.34183818,0.25580615,0.79521155,0.23617113,1.0,0.28900465,lookahead,beam_orig1_bm3-s0to50br1-s50to100br0-s100to150br1
/work/T-REX/external/Proteina-Complexa/inference/search_binder_local_pipeline_32_PDL1_ALPHA_REPACK_v7_r006_cand_v7r006_hyp_0006_01_002_a778160daa715/job_0_n_197_id_45_beam_orig2_bm2-s0to50br1-s50to100br2-s100to150br1/job_0_n_197_id_45_beam_orig2_bm2-s0to50br1-s50to100br2-s100to150br1.pdb,182,"2,0,13,16,19,16,19,14,11,3,10,18,19,19,6,18,7,15,2,12,16,9,6,4,11,13,14,19,6,11,5,10,3,10,0,0,10,9,19,18,17,6,12,6,3,11,2,9,9,5,13,19,8,7,6,6,3,10,11,19,5,8,15,15,18,1,5,1,0,1,10,10,11,3,5,10,15,10,7,2,0,0,10,5,9,16,3,19,11,10,5,3,0,7,19,18,1,4,12,9,15,18,7,7,0,3,18,11,1,9,16,19,11,19,2,0,15,6,5,5,9,11,2,9,9,10,8,16,10,11,19,16,19,11,3,13,11,15,14,16,14,6,6,9,6,1,13,9,6,10,10,19,11,6,10,11,3,6,7,9,6,10,15,2,6,11,9,6,6,9,1,2,13,9,9,5,2,1,16,15,13,6,15,18,6,6,10,15,11,6,10,16,11,9,19,10,0,0,0,0,0,0,0,0,0,0,0,0,0,0,0,0,0,0,0,0,0,0,0,0,0,0,0,0,0,0,0,0,0,0",-0.25353718,0.10809795,3.0,0.2949049,43.78898,0.30317023,1.0,0.30317023,0.18667504,0.2949049,0.0,0.0,0.2949049,0.001176556,0.8829684,0.18667504,1.6644692,1.6524327,43.78898,-0.25353718,2.7444854,184.87534,0.2866395,0.2866395,1.0,184.87534,0.6530875,0.11703159,1.6644692,0.001176556,0.30317023,0.10809795,0.0,1.6524327,2.7444854,0.2866395,0.25353718,0.0,0.30317023,0.25353718,0.79959035,0.2866395,1.0,0.2949049,lookahead,beam_orig2_bm2-s0to50br1-s50to100br2-s100to150br1
/work/T-REX/external/Proteina-Complexa/inference/search_binder_local_pipeline_32_PDL1_ALPHA_REPACK_v7_r006_cand_v7r006_hyp_0006_01_002_a778160daa715/job_0_n_224_id_45_beam_orig3_bm0-s0to50br3-s50to100br1-s100to150br1/job_0_n_224_id_45_beam_orig3_bm0-s0to50br3-s50to100br1-s100to150br1.pdb,183,"2,0,13,16,19,16,19,14,11,3,10,18,19,19,6,18,7,15,2,12,16,9,6,4,11,13,14,19,6,11,5,10,3,10,0,0,10,9,19,18,17,6,12,6,3,11,2,9,9,5,13,19,8,7,6,6,3,10,11,19,5,8,15,15,18,1,5,1,0,1,10,10,11,3,5,10,15,10,7,2,0,0,10,5,9,16,3,19,11,10,5,3,0,7,19,18,1,4,12,9,15,18,7,7,0,3,18,11,1,9,16,19,11,19,2,0,11,3,10,18,19,19,6,18,7,15,2,12,16,9,6,4,11,13,14,19,6,11,5,10,3,10,0,0,10,9,19,18,17,6,12,6,3,11,2,9,9,5,13,19,8,7,6,6,3,10,11,19,5,8,15,15,18,1,5,1,0,1,10,10,11,3,5,10,15,10,7,2,0,0,10,5,9,16,3,19,11,10,5,3,0,7,19,18,1,4,12,9,15,18,7,7,0,3,18,11,1,9,16,19,11,19,2,0,0,0,0,0,0,0",-0.5335066,0.30610093,3.0,0.039748147,60.814663,0.041235927,1.0,0.041235927,0.3233108,0.01235289,0.0,0.0,0.039748147,0.002093916,0.8538251,0.3233108,5.614152,1.3546058,60.814663,-0.5335066,3.9152906,203.97038,0.011781856,0.038260367,1.0,203.97038,0.25173613,0.1461749,5.614152,0.002093916,0.012923924,0.30610093,0.0,1.3546058,3.9152906,0.011781856,0.5335066,0.0,0.012923924,0.5335066,0.5898104,0.038260367,1.0,0.01235289,lookahead,beam_orig3_bm0-s0to50br3-s50to100br1-s100to150br1
/work/T-REX/external/Proteina-Complexa/inference/search_binder_local_pipeline_32_PDL1_ALPHA_REPACK_v7_r006_cand_v7r006_hyp_0006_01_002_a778160daa715/job_0_n_230_id_46_beam_orig0_bm3-s0to50br1-s50to100br2-s100to150br2/job_0_n_230_id_46_beam_orig0_bm3-s0to50br1-s50to100br2-s100to150br2.pdb,184,"2,0,13,16,19,16,19,14,11,3,10,18,19,19,6,18,7,15,2,12,16,9,6,4,11,13,14,19,6,11,5,10,3,10,0,0,10,9,19,18,17,6,12,6,3,11,2,9,9,5,13,19,8,7,6,6,3,10,11,19,5,8,15,15,18,1,5,1,0,1,10,10,11,3,5,10,15,10,7,2,0,0,10,5,9,16,3,19,11,10,5,3,0,7,19,18,1,4,12,9,15,18,7,7,0,3,18,11,1,9,16,19,11,19,2,0,0,13,16,19,16,19,14,11,3,10,18,19,19,6,18,7,15,2,12,16,9,6,4,11,13,14,19,6,11,5,10,3,10,0,0,10,9,19,18,17,6,12,6,3,11,2,9,9,5,13,19,8,7,6,6,3,10,11,19,5,8,15,15,18,1,5,1,0,1,10,10,11,3,5,10,15,10,7,2,0,0,10,5,9,16,3,19,11,10,5,3,0,7,19,18,1,4,12,9,15,18,7,7,0,3,18,11,1,9,16,19,11,19,2",-0.5119631,0.28421634,3.0,0.05198758,62.09627,0.054721978,1.0,0.054721978,0.3030285,0.012996733,0.0,0.0,0.05198758,0.0017210098,0.8616062,0.3030285,5.28273,1.2698568,62.09627,-0.5119631,3.826469,205.41362,0.012757486,0.04925318,1.0,205.41362,0.27122566,0.1383938,5.28273,0.0017210098,0.013235981,0.28421634,0.0,1.2698568,3.826469,0.012757486,0.5119631,0.0,0.013235981,0.5119631,0.5916914,0.04925318,1.0,0.012996733,lookahead,beam_orig0_bm3-s0to50br1-s50to100br2-s100to150br2
/work/T-REX/external/Proteina-Complexa/inference/search_binder_local_pipeline_32_PDL1_ALPHA_REPACK_v7_r006_cand_v7r006_hyp_0006_01_002_a778160daa715/job_0_n_186_id_46_beam_orig1_bm3-s0to50br1-s50to100br0-s100to150br2/job_0_n_186_id_46_beam_orig1_bm3-s0to50br1-s50to100br0-s100to150br2.pdb,185,"2,0,13,16,19,16,19,14,11,3,10,18,19,19,6,18,7,15,2,12,16,9,6,4,11,13,14,19,6,11,5,10,3,10,0,0,10,9,19,18,17,6,12,6,3,11,2,9,9,5,13,19,8,7,6,6,3,10,11,19,5,8,15,15,18,1,5,1,0,1,10,10,11,3,5,10,15,10,7,2,0,0,10,5,9,16,3,19,11,10,5,3,0,7,19,18,1,4,12,9,15,18,7,7,0,3,18,11,1,9,16,19,11,19,2,0,15,0,6,6,6,5,11,10,19,6,11,0,19,11,1,10,19,0,6,16,11,7,5,15,10,15,3,6,6,9,8,5,1,9,5,11,9,19,5,3,9,4,11,6,6,7,10,16,10,15,0,15,16,13,2,10,9,19,10,11,19,18,0,0,18,11,3,10,16,6,0,0,0,0,0,0,0,0,0,0,0,0,0,0,0,0,0,0,0,0,0,0,0,0,0,0,0,0,0,0,0,0,0,0,0,0,0,0,0,0,0,0,0,0",-0.34305397,0.16705196,3.0,0.14391682,94.01867,0.16360724,1.0,0.16360724,0.24604645,0.112670705,0.0,0.0,0.14391682,0.0023014026,0.8595167,0.24604645,5.2902017,1.5087136,94.01867,-0.34305397,3.023138,213.18842,0.102741756,0.12422639,1.0,213.18842,0.49591437,0.1404833,5.2902017,0.0023014026,0.122599654,0.16705196,0.0,1.5087136,3.023138,0.102741756,0.34305397,0.0,0.122599654,0.34305397,0.7476525,0.12422639,1.0,0.112670705,lookahead,beam_orig1_bm3-s0to50br1-s50to100br0-s100to150br2
/work/T-REX/external/Proteina-Complexa/inference/search_binder_local_pipeline_32_PDL1_ALPHA_REPACK_v7_r006_cand_v7r006_hyp_0006_01_002_a778160daa715/job_0_n_197_id_46_beam_orig2_bm2-s0to50br1-s50to100br2-s100to150br2/job_0_n_197_id_46_beam_orig2_bm2-s0to50br1-s50to100br2-s100to150br2.pdb,186,"2,0,13,16,19,16,19,14,11,3,10,18,19,19,6,18,7,15,2,12,16,9,6,4,11,13,14,19,6,11,5,10,3,10,0,0,10,9,19,18,17,6,12,6,3,11,2,9,9,5,13,19,8,7,6,6,3,10,11,19,5,8,15,15,18,1,5,1,0,1,10,10,11,3,5,10,15,10,7,2,0,0,10,5,9,16,3,19,11,10,5,3,0,7,19,18,1,4,12,9,15,18,7,7,0,3,18,11,1,9,16,19,11,19,2,0,15,6,10,11,10,11,3,9,9,18,11,16,10,10,19,16,19,11,3,9,11,15,14,15,11,6,6,9,7,1,13,9,15,10,10,11,11,6,10,11,3,6,7,6,6,10,15,6,6,11,6,11,6,9,9,3,10,10,10,11,11,1,2,11,13,11,3,1,6,8,10,15,6,6,10,16,11,9,9,15,0,0,0,0,0,0,0,0,0,0,0,0,0,0,0,0,0,0,0,0,0,0,0,0,0,0,0,0,0,0,0,0,0,0",-0.33163926,0.17350788,3.0,0.17760165,29.080145,0.18025829,1.0,0.18025829,0.23614557,0.16453224,0.0,0.0,0.17760165,0.00369643,0.86860836,0.23614557,1.0464032,1.6658193,29.080145,-0.33163926,2.9876764,182.77214,0.1564602,0.17494501,1.0,182.77214,0.5784412,0.13139161,1.0464032,0.00369643,0.17260431,0.17350788,0.0,1.6658193,2.9876764,0.1564602,0.33163926,0.0,0.17260431,0.33163926,0.75901103,0.17494501,1.0,0.16453224,lookahead,beam_orig2_bm2-s0to50br1-s50to100br2-s100to150br2
/work/T-REX/external/Proteina-Complexa/inference/search_binder_local_pipeline_32_PDL1_ALPHA_REPACK_v7_r006_cand_v7r006_hyp_0006_01_002_a778160daa715/job_0_n_224_id_46_beam_orig3_bm0-s0to50br3-s50to100br1-s100to150br2/job_0_n_224_id_46_beam_orig3_bm0-s0to50br3-s50to100br1-s100to150br2.pdb,187,"2,0,13,16,19,16,19,14,11,3,10,18,19,19,6,18,7,15,2,12,16,9,6,4,11,13,14,19,6,11,5,10,3,10,0,0,10,9,19,18,17,6,12,6,3,11,2,9,9,5,13,19,8,7,6,6,3,10,11,19,5,8,15,15,18,1,5,1,0,1,10,10,11,3,5,10,15,10,7,2,0,0,10,5,9,16,3,19,11,10,5,3,0,7,19,18,1,4,12,9,15,18,7,7,0,3,18,11,1,9,16,19,11,19,2,0,11,3,10,18,19,19,6,18,7,15,2,12,16,9,6,4,11,13,14,19,6,11,5,10,3,10,0,0,10,9,19,18,17,6,12,6,3,11,2,9,9,5,13,19,8,7,6,6,3,10,11,19,5,8,15,15,18,1,5,1,0,1,10,10,11,3,5,10,15,10,7,2,0,0,10,5,9,16,3,19,11,10,5,3,0,7,19,18,1,4,12,9,15,18,7,7,0,3,18,11,1,9,16,19,11,19,2,0,0,0,0,0,0,0",-0.5316409,0.30381435,3.0,0.042602845,58.023773,0.04333746,1.0,0.04333746,0.32234156,0.012489668,0.0,0.0,0.042602845,0.0021115344,0.85416317,0.32234156,5.099254,1.3545773,58.023773,-0.5316409,3.9147012,203.83112,0.011821002,0.04186823,1.0,203.83112,0.25407356,0.1458368,5.099254,0.0021115344,0.013158334,0.30381435,0.0,1.3545773,3.9147012,0.011821002,0.5316409,0.0,0.013158334,0.5316409,0.5911367,0.04186823,1.0,0.012489668,lookahead,beam_orig3_bm0-s0to50br3-s50to100br1-s100to150br2
/work/T-REX/external/Proteina-Complexa/inference/search_binder_local_pipeline_32_PDL1_ALPHA_REPACK_v7_r006_cand_v7r006_hyp_0006_01_002_a778160daa715/job_0_n_230_id_47_beam_orig0_bm3-s0to50br1-s50to100br2-s100to150br3/job_0_n_230_id_47_beam_orig0_bm3-s0to50br1-s50to100br2-s100to150br3.pdb,188,"2,0,13,16,19,16,19,14,11,3,10,18,19,19,6,18,7,15,2,12,16,9,6,4,11,13,14,19,6,11,5,10,3,10,0,0,10,9,19,18,17,6,12,6,3,11,2,9,9,5,13,19,8,7,6,6,3,10,11,19,5,8,15,15,18,1,5,1,0,1,10,10,11,3,5,10,15,10,7,2,0,0,10,5,9,16,3,19,11,10,5,3,0,7,19,18,1,4,12,9,15,18,7,7,0,3,18,11,1,9,16,19,11,19,2,0,0,13,16,19,16,19,14,11,3,10,18,19,19,6,18,7,15,2,12,16,9,6,4,11,13,14,19,6,11,5,10,3,10,0,0,10,9,19,18,17,6,12,6,3,11,2,9,9,5,13,19,8,7,6,6,3,10,11,19,5,8,15,15,18,1,5,1,0,1,10,10,11,3,5,10,15,10,7,2,0,0,10,5,9,16,3,19,11,10,5,3,0,7,19,18,1,4,12,9,15,18,7,7,0,3,18,11,1,9,16,19,11,19,2",-0.5155988,0.28969932,3.0,0.05131962,57.300217,0.05408895,1.0,0.05408895,0.30571035,0.012721316,0.0,0.0,0.05131962,0.0018391521,0.86082673,0.30571035,4.9985623,1.2864233,57.300217,-0.5155988,3.839536,202.6285,0.012353385,0.048550297,1.0,202.6285,0.2726514,0.13917327,4.9985623,0.0018391521,0.013089247,0.28969932,0.0,1.2864233,3.839536,0.012353385,0.5155988,0.0,0.013089247,0.5155988,0.5921285,0.048550297,1.0,0.012721316,lookahead,beam_orig0_bm3-s0to50br1-s50to100br2-s100to150br3
/work/T-REX/external/Proteina-Complexa/inference/search_binder_local_pipeline_32_PDL1_ALPHA_REPACK_v7_r006_cand_v7r006_hyp_0006_01_002_a778160daa715/job_0_n_186_id_47_beam_orig1_bm3-s0to50br1-s50to100br0-s100to150br3/job_0_n_186_id_47_beam_orig1_bm3-s0to50br1-s50to100br0-s100to150br3.pdb,189,"2,0,13,16,19,16,19,14,11,3,10,18,19,19,6,18,7,15,2,12,16,9,6,4,11,13,14,19,6,11,5,10,3,10,0,0,10,9,19,18,17,6,12,6,3,11,2,9,9,5,13,19,8,7,6,6,3,10,11,19,5,8,15,15,18,1,5,1,0,1,10,10,11,3,5,10,15,10,7,2,0,0,10,5,9,16,3,19,11,10,5,3,0,7,19,18,1,4,12,9,15,18,7,7,0,3,18,11,1,9,16,19,11,19,2,0,15,0,5,5,6,6,6,9,19,11,1,0,19,0,1,10,5,6,6,16,11,7,11,16,10,15,3,6,6,9,8,5,1,9,5,11,9,19,11,3,19,0,6,6,12,7,10,16,10,15,0,15,16,6,15,10,9,19,10,11,16,13,0,0,18,11,3,10,15,19,0,0,0,0,0,0,0,0,0,0,0,0,0,0,0,0,0,0,0,0,0,0,0,0,0,0,0,0,0,0,0,0,0,0,0,0,0,0,0,0,0,0,0,0",-0.26537246,0.10737366,3.0,0.25230917,83.511894,0.29907036,1.0,0.29907036,0.19833516,0.25186723,0.0,0.0,0.25230917,0.0029066894,0.8762309,0.19833516,4.3786287,1.4987552,83.511894,-0.26537246,2.7063508,197.35747,0.205548,0.205548,1.0,197.35747,0.6184086,0.12376912,4.3786287,0.0029066894,0.29818645,0.10737366,0.0,1.4987552,2.7063508,0.205548,0.26537246,0.0,0.29818645,0.26537246,0.791384,0.205548,1.0,0.25186723,lookahead,beam_orig1_bm3-s0to50br1-s50to100br0-s100to150br3
/work/T-REX/external/Proteina-Complexa/inference/search_binder_local_pipeline_32_PDL1_ALPHA_REPACK_v7_r006_cand_v7r006_hyp_0006_01_002_a778160daa715/job_0_n_197_id_47_beam_orig2_bm2-s0to50br1-s50to100br2-s100to150br3/job_0_n_197_id_47_beam_orig2_bm2-s0to50br1-s50to100br2-s100to150br3.pdb,190,"2,0,13,16,19,16,19,14,11,3,10,18,19,19,6,18,7,15,2,12,16,9,6,4,11,13,14,19,6,11,5,10,3,10,0,0,10,9,19,18,17,6,12,6,3,11,2,9,9,5,13,19,8,7,6,6,3,10,11,19,5,8,15,15,18,1,5,1,0,1,10,10,11,3,5,10,15,10,7,2,0,0,10,5,9,16,3,19,11,10,5,3,0,7,19,18,1,4,12,9,15,18,7,7,0,3,18,11,1,9,16,19,11,19,2,0,15,15,15,11,9,1,11,0,9,18,1,16,10,10,19,16,19,11,3,9,11,2,9,15,11,6,6,19,7,1,13,9,15,10,10,11,11,6,10,11,3,10,7,6,6,10,15,3,6,11,19,5,6,9,16,6,13,9,10,11,2,1,16,15,13,11,3,1,6,6,10,0,19,6,10,16,11,9,19,10,7,0,0,0,0,0,0,0,0,0,0,0,0,0,0,0,0,0,0,0,0,0,0,0,0,0,0,0,0,0,0,0,0,0",-0.18926463,0.0682024,3.0,0.5141921,32.7887,0.5521635,1.0,0.5521635,0.14949623,0.5141921,0.0,0.0,0.5141921,0.0014740302,0.9074471,0.14949623,1.0891138,1.5831156,32.7887,-0.18926463,2.2364614,168.10335,0.47622073,0.47622073,1.0,168.10335,0.7730789,0.09255288,1.0891138,0.0014740302,0.5521635,0.0682024,0.0,1.5831156,2.2364614,0.47622073,0.18926463,0.0,0.5521635,0.18926463,0.8565798,0.47622073,1.0,0.5141921,lookahead,beam_orig2_bm2-s0to50br1-s50to100br2-s100to150br3
/work/T-REX/external/Proteina-Complexa/inference/search_binder_local_pipeline_32_PDL1_ALPHA_REPACK_v7_r006_cand_v7r006_hyp_0006_01_002_a778160daa715/job_0_n_224_id_47_beam_orig3_bm0-s0to50br3-s50to100br1-s100to150br3/job_0_n_224_id_47_beam_orig3_bm0-s0to50br3-s50to100br1-s100to150br3.pdb,191,"2,0,13,16,19,16,19,14,11,3,10,18,19,19,6,18,7,15,2,12,16,9,6,4,11,13,14,19,6,11,5,10,3,10,0,0,10,9,19,18,17,6,12,6,3,11,2,9,9,5,13,19,8,7,6,6,3,10,11,19,5,8,15,15,18,1,5,1,0,1,10,10,11,3,5,10,15,10,7,2,0,0,10,5,9,16,3,19,11,10,5,3,0,7,19,18,1,4,12,9,15,18,7,7,0,3,18,11,1,9,16,19,11,19,2,0,11,3,10,18,19,19,6,18,7,15,2,12,16,9,6,4,11,13,14,19,6,11,5,10,3,10,0,0,10,9,19,18,17,6,12,6,3,11,2,9,9,5,13,19,8,7,6,6,3,10,11,19,5,8,15,15,18,1,5,1,0,1,10,10,11,3,5,10,15,10,7,2,0,0,10,5,9,16,3,19,11,10,5,3,0,7,19,18,1,4,12,9,15,18,7,7,0,3,18,11,1,9,16,19,11,19,2,0,0,0,0,0,0,0",-0.5338353,0.3052397,3.0,0.039668664,58.24152,0.041255757,1.0,0.041255757,0.32367817,0.012367916,0.0,0.0,0.039668664,0.0021591159,0.853493,0.32367817,4.850946,1.3598927,58.24152,-0.5338353,3.9216263,204.11563,0.011744853,0.03808157,1.0,204.11563,0.25152302,0.14650705,4.850946,0.0021591159,0.0129909795,0.3052397,0.0,1.3598927,3.9216263,0.011744853,0.5338353,0.0,0.0129909795,0.5338353,0.5895402,0.03808157,1.0,0.012367916,lookahead,beam_orig3_bm0-s0to50br3-s50to100br1-s100to150br3
/work/T-REX/external/Proteina-Complexa/inference/search_binder_local_pipeline_32_PDL1_ALPHA_REPACK_v7_r006_cand_v7r006_hyp_0006_01_002_a778160daa715/job_0_n_230_id_48_beam_orig0_bm3-s0to50br1-s50to100br2-s100to150br2-s150to200br0/job_0_n_230_id_48_beam_orig0_bm3-s0to50br1-s50to100br2-s100to150br2-s150to200br0.pdb,192,"2,0,13,16,19,16,19,14,11,3,10,18,19,19,6,18,7,15,2,12,16,9,6,4,11,13,14,19,6,11,5,10,3,10,0,0,10,9,19,18,17,6,12,6,3,11,2,9,9,5,13,19,8,7,6,6,3,10,11,19,5,8,15,15,18,1,5,1,0,1,10,10,11,3,5,10,15,10,7,2,0,0,10,5,9,16,3,19,11,10,5,3,0,7,19,18,1,4,12,9,15,18,7,7,0,3,18,11,1,9,16,19,11,19,2,0,0,13,16,19,16,19,14,11,3,10,18,19,19,6,18,7,15,2,12,16,9,6,4,11,13,14,19,6,11,5,10,3,10,0,0,10,9,19,18,17,6,12,6,3,11,2,9,9,5,13,19,8,7,6,6,3,10,11,19,5,8,15,15,18,1,5,1,0,1,10,10,11,3,5,10,15,10,7,2,0,0,10,5,9,16,3,19,11,10,5,3,0,7,19,18,1,4,12,9,15,18,7,7,0,3,18,11,1,9,16,19,11,19,2",-0.522338,0.29545045,3.0,0.04834015,52.413437,0.050802987,1.0,0.050802987,0.30868086,0.012406177,0.0,0.0,0.04834015,0.00179835,0.8620938,0.30868086,4.7368097,1.2819136,52.413437,-0.522338,3.8567934,198.7157,0.011868174,0.04587731,1.0,198.7157,0.26808482,0.13790616,4.7368097,0.00179835,0.01294418,0.29545045,0.0,1.2819136,3.8567934,0.011868174,0.522338,0.0,0.01294418,0.522338,0.58999765,0.04587731,1.0,0.012406177,lookahead,beam_orig0_bm3-s0to50br1-s50to100br2-s100to150br2-s150to200br0
/work/T-REX/external/Proteina-Complexa/inference/search_binder_local_pipeline_32_PDL1_ALPHA_REPACK_v7_r006_cand_v7r006_hyp_0006_01_002_a778160daa715/job_0_n_186_id_48_beam_orig1_bm3-s0to50br1-s50to100br2-s100to150br2-s150to200br0/job_0_n_186_id_48_beam_orig1_bm3-s0to50br1-s50to100br2-s100to150br2-s150to200br0.pdb,193,"2,0,13,16,19,16,19,14,11,3,10,18,19,19,6,18,7,15,2,12,16,9,6,4,11,13,14,19,6,11,5,10,3,10,0,0,10,9,19,18,17,6,12,6,3,11,2,9,9,5,13,19,8,7,6,6,3,10,11,19,5,8,15,15,18,1,5,1,0,1,10,10,11,3,5,10,15,10,7,2,0,0,10,5,9,16,3,19,11,10,5,3,0,7,19,18,1,4,12,9,15,18,7,7,0,3,18,11,1,9,16,19,11,19,2,0,15,15,6,3,19,11,11,0,19,6,16,0,11,2,18,10,11,6,2,10,6,11,18,11,7,2,14,6,11,0,13,5,3,0,19,11,6,19,5,2,18,9,11,3,2,3,10,16,10,16,0,15,5,6,0,1,19,6,10,6,9,7,4,9,19,11,6,10,15,0,0,0,0,0,0,0,0,0,0,0,0,0,0,0,0,0,0,0,0,0,0,0,0,0,0,0,0,0,0,0,0,0,0,0,0,0,0,0,0,0,0,0,0,0",-0.161024,0.05168038,3.0,0.5407913,51.964767,0.6021768,1.0,0.6021768,0.12975815,0.5407913,0.0,0.0,0.5407913,0.002275839,0.92504853,0.12975815,1.5789021,1.4505198,51.964767,-0.161024,2.0804827,168.37897,0.47940582,0.47940582,1.0,168.37897,0.7968699,0.07495148,1.5789021,0.002275839,0.6021768,0.05168038,0.0,1.4505198,2.0804827,0.47940582,0.161024,0.0,0.6021768,0.161024,0.87421215,0.47940582,1.0,0.5407913,lookahead,beam_orig1_bm3-s0to50br1-s50to100br2-s100to150br2-s150to200br0
/work/T-REX/external/Proteina-Complexa/inference/search_binder_local_pipeline_32_PDL1_ALPHA_REPACK_v7_r006_cand_v7r006_hyp_0006_01_002_a778160daa715/job_0_n_197_id_48_beam_orig2_bm3-s0to50br0-s50to100br0-s100to150br3-s150to200br0/job_0_n_197_id_48_beam_orig2_bm3-s0to50br0-s50to100br0-s100to150br3-s150to200br0.pdb,194,"2,0,13,16,19,16,19,14,11,3,10,18,19,19,6,18,7,15,2,12,16,9,6,4,11,13,14,19,6,11,5,10,3,10,0,0,10,9,19,18,17,6,12,6,3,11,2,9,9,5,13,19,8,7,6,6,3,10,11,19,5,8,15,15,18,1,5,1,0,1,10,10,11,3,5,10,15,10,7,2,0,0,10,5,9,16,3,19,11,10,5,3,0,7,19,18,1,4,12,9,15,18,7,7,0,3,18,11,1,9,16,19,11,19,2,0,15,11,6,3,6,9,6,11,18,0,13,5,9,19,16,15,19,18,11,2,3,3,3,0,10,9,0,0,10,2,6,10,11,11,9,11,0,3,6,3,10,16,10,15,11,9,6,6,19,7,1,11,12,11,10,14,5,0,3,9,6,11,0,19,11,9,19,1,16,13,13,6,16,7,3,0,11,11,0,10,0,0,0,0,0,0,0,0,0,0,0,0,0,0,0,0,0,0,0,0,0,0,0,0,0,0,0,0,0,0,0,0,0,0",-0.13947314,0.04745014,3.0,0.6529367,36.550697,0.7061704,1.0,0.7061704,0.10745278,0.6529367,0.0,0.0,0.6529367,0.0007312114,0.95214224,0.10745278,2.2051766,1.2801313,36.550697,-0.13947314,1.9843373,179.88443,0.5997031,0.5997031,1.0,179.88443,0.8288676,0.047857773,2.2051766,0.0007312114,0.7061704,0.04745014,0.0,1.2801313,1.9843373,0.5997031,0.13947314,0.0,0.7061704,0.13947314,0.88477314,0.5997031,1.0,0.6529367,lookahead,beam_orig2_bm3-s0to50br0-s50to100br0-s100to150br3-s150to200br0
/work/T-REX/external/Proteina-Complexa/inference/search_binder_local_pipeline_32_PDL1_ALPHA_REPACK_v7_r006_cand_v7r006_hyp_0006_01_002_a778160daa715/job_0_n_224_id_48_beam_orig3_bm0-s0to50br1-s50to100br3-s100to150br3-s150to200br0/job_0_n_224_id_48_beam_orig3_bm0-s0to50br1-s50to100br3-s100to150br3-s150to200br0.pdb,195,"2,0,13,16,19,16,19,14,11,3,10,18,19,19,6,18,7,15,2,12,16,9,6,4,11,13,14,19,6,11,5,10,3,10,0,0,10,9,19,18,17,6,12,6,3,11,2,9,9,5,13,19,8,7,6,6,3,10,11,19,5,8,15,15,18,1,5,1,0,1,10,10,11,3,5,10,15,10,7,2,0,0,10,5,9,16,3,19,11,10,5,3,0,7,19,18,1,4,12,9,15,18,7,7,0,3,18,11,1,9,16,19,11,19,2,0,0,10,16,19,16,0,14,11,14,10,18,16,19,16,0,7,0,15,19,16,10,6,4,11,14,15,19,0,10,16,15,3,16,16,19,10,17,11,7,14,11,3,16,11,19,10,5,18,15,15,7,11,19,16,10,13,3,14,13,11,7,1,0,15,10,19,2,11,15,15,0,15,10,11,10,15,2,10,11,14,6,3,15,7,10,18,6,4,10,19,13,2,15,10,7,19,7,15,0,11,9,6,10,6,19,11,6,14,0,0,0,0,0,0",-0.5941001,0.3252217,3.0,0.0139897475,124.40709,0.014281436,1.0,0.014281436,0.36029214,0.0056004217,0.0,0.0,0.0139897475,0.0026179447,0.8390547,0.36029214,25.051868,1.4990847,124.40709,-0.5941001,4.1688166,233.82635,0.0,0.013698059,1.0,233.82635,0.21048278,0.16094533,25.051868,0.0026179447,0.011200843,0.3252217,0.0,1.4990847,4.1688166,0.0,0.5941001,0.0,0.011200843,0.5941001,0.57262486,0.013698059,1.0,0.0056004217,lookahead,beam_orig3_bm0-s0to50br1-s50to100br3-s100to150br3-s150to200br0
/work/T-REX/external/Proteina-Complexa/inference/search_binder_local_pipeline_32_PDL1_ALPHA_REPACK_v7_r006_cand_v7r006_hyp_0006_01_002_a778160daa715/job_0_n_230_id_49_beam_orig0_bm3-s0to50br1-s50to100br2-s100to150br2-s150to200br1/job_0_n_230_id_49_beam_orig0_bm3-s0to50br1-s50to100br2-s100to150br2-s150to200br1.pdb,196,"2,0,13,16,19,16,19,14,11,3,10,18,19,19,6,18,7,15,2,12,16,9,6,4,11,13,14,19,6,11,5,10,3,10,0,0,10,9,19,18,17,6,12,6,3,11,2,9,9,5,13,19,8,7,6,6,3,10,11,19,5,8,15,15,18,1,5,1,0,1,10,10,11,3,5,10,15,10,7,2,0,0,10,5,9,16,3,19,11,10,5,3,0,7,19,18,1,4,12,9,15,18,7,7,0,3,18,11,1,9,16,19,11,19,2,0,0,13,16,19,16,19,14,11,3,10,18,19,19,6,18,7,15,2,12,16,9,6,4,11,13,14,19,6,11,5,10,3,10,0,0,10,9,19,18,17,6,12,6,3,11,2,9,9,5,13,19,8,7,6,6,3,10,11,19,5,8,15,15,18,1,5,1,0,1,10,10,11,3,5,10,15,10,7,2,0,0,10,5,9,16,3,19,11,10,5,3,0,7,19,18,1,4,12,9,15,18,7,7,0,3,18,11,1,9,16,19,11,19,2",-0.5150055,0.28658706,3.0,0.050123267,60.954277,0.052365083,1.0,0.052365083,0.30437595,0.012935661,0.0,0.0,0.050123267,0.0017084479,0.86212087,0.30437595,5.1946883,1.2672759,60.954277,-0.5150055,3.8382502,210.13339,0.012816645,0.047881454,1.0,210.13339,0.26830292,0.13787913,5.1946883,0.0017084479,0.013054676,0.28658706,0.0,1.2672759,3.8382502,0.012816645,0.5150055,0.0,0.013054676,0.5150055,0.59032863,0.047881454,1.0,0.012935661,lookahead,beam_orig0_bm3-s0to50br1-s50to100br2-s100to150br2-s150to200br1
/work/T-REX/external/Proteina-Complexa/inference/search_binder_local_pipeline_32_PDL1_ALPHA_REPACK_v7_r006_cand_v7r006_hyp_0006_01_002_a778160daa715/job_0_n_186_id_49_beam_orig1_bm3-s0to50br1-s50to100br2-s100to150br2-s150to200br1/job_0_n_186_id_49_beam_orig1_bm3-s0to50br1-s50to100br2-s100to150br2-s150to200br1.pdb,197,"2,0,13,16,19,16,19,14,11,3,10,18,19,19,6,18,7,15,2,12,16,9,6,4,11,13,14,19,6,11,5,10,3,10,0,0,10,9,19,18,17,6,12,6,3,11,2,9,9,5,13,19,8,7,6,6,3,10,11,19,5,8,15,15,18,1,5,1,0,1,10,10,11,3,5,10,15,10,7,2,0,0,10,5,9,16,3,19,11,10,5,3,0,7,19,18,1,4,12,9,15,18,7,7,0,3,18,11,1,9,16,19,11,19,2,0,15,15,6,3,19,11,11,0,19,6,16,0,11,2,18,10,11,6,2,10,6,11,18,11,7,2,14,6,11,0,13,5,3,0,19,11,5,19,11,2,18,9,11,3,2,3,10,16,10,16,0,15,5,5,0,1,19,6,10,6,9,7,4,9,19,11,6,10,15,0,0,0,0,0,0,0,0,0,0,0,0,0,0,0,0,0,0,0,0,0,0,0,0,0,0,0,0,0,0,0,0,0,0,0,0,0,0,0,0,0,0,0,0,0",-0.15915643,0.052232094,3.0,0.55208606,48.40926,0.6167901,1.0,0.6167901,0.12840179,0.55208606,0.0,0.0,0.55208606,0.0022268142,0.9263539,0.12840179,1.5582416,1.4614629,48.40926,-0.15915643,2.0664756,167.37773,0.48738196,0.48738196,1.0,167.37773,0.8010262,0.07364612,1.5582416,0.0022268142,0.6167901,0.052232094,0.0,1.4614629,2.0664756,0.48738196,0.15915643,0.0,0.6167901,0.15915643,0.8762145,0.48738196,1.0,0.55208606,lookahead,beam_orig1_bm3-s0to50br1-s50to100br2-s100to150br2-s150to200br1
/work/T-REX/external/Proteina-Complexa/inference/search_binder_local_pipeline_32_PDL1_ALPHA_REPACK_v7_r006_cand_v7r006_hyp_0006_01_002_a778160daa715/job_0_n_197_id_49_beam_orig2_bm3-s0to50br0-s50to100br0-s100to150br3-s150to200br1/job_0_n_197_id_49_beam_orig2_bm3-s0to50br0-s50to100br0-s100to150br3-s150to200br1.pdb,198,"2,0,13,16,19,16,19,14,11,3,10,18,19,19,6,18,7,15,2,12,16,9,6,4,11,13,14,19,6,11,5,10,3,10,0,0,10,9,19,18,17,6,12,6,3,11,2,9,9,5,13,19,8,7,6,6,3,10,11,19,5,8,15,15,18,1,5,1,0,1,10,10,11,3,5,10,15,10,7,2,0,0,10,5,9,16,3,19,11,10,5,3,0,7,19,18,1,4,12,9,15,18,7,7,0,3,18,11,1,9,16,19,11,19,2,0,15,11,6,3,5,9,6,11,18,0,13,5,9,19,16,15,19,18,11,2,2,3,3,0,10,9,0,0,10,2,6,10,11,11,9,11,0,3,6,3,10,16,10,15,11,9,6,6,19,7,1,11,12,11,10,14,5,0,3,9,6,11,0,19,11,9,19,1,16,13,13,6,16,7,3,0,11,11,0,10,0,0,0,0,0,0,0,0,0,0,0,0,0,0,0,0,0,0,0,0,0,0,0,0,0,0,0,0,0,0,0,0,0,0",-0.14275663,0.048356105,3.0,0.6381265,39.961674,0.6944491,1.0,0.6944491,0.109056346,0.6381265,0.0,0.0,0.6381265,0.00067819783,0.95188767,0.109056346,2.0522783,1.2763773,39.961674,-0.14275663,2.0103893,178.53423,0.5818039,0.5818039,1.0,178.53423,0.8237486,0.04811233,2.0522783,0.00067819783,0.6944491,0.048356105,0.0,1.2763773,2.0103893,0.5818039,0.14275663,0.0,0.6944491,0.14275663,0.8823596,0.5818039,1.0,0.6381265,lookahead,beam_orig2_bm3-s0to50br0-s50to100br0-s100to150br3-s150to200br1
/work/T-REX/external/Proteina-Complexa/inference/search_binder_local_pipeline_32_PDL1_ALPHA_REPACK_v7_r006_cand_v7r006_hyp_0006_01_002_a778160daa715/job_0_n_224_id_49_beam_orig3_bm0-s0to50br1-s50to100br3-s100to150br3-s150to200br1/job_0_n_224_id_49_beam_orig3_bm0-s0to50br1-s50to100br3-s100to150br3-s150to200br1.pdb,199,"2,0,13,16,19,16,19,14,11,3,10,18,19,19,6,18,7,15,2,12,16,9,6,4,11,13,14,19,6,11,5,10,3,10,0,0,10,9,19,18,17,6,12,6,3,11,2,9,9,5,13,19,8,7,6,6,3,10,11,19,5,8,15,15,18,1,5,1,0,1,10,10,11,3,5,10,15,10,7,2,0,0,10,5,9,16,3,19,11,10,5,3,0,7,19,18,1,4,12,9,15,18,7,7,0,3,18,11,1,9,16,19,11,19,2,0,0,10,16,19,16,0,14,11,14,10,18,16,19,16,0,7,0,15,19,16,10,6,4,11,14,15,19,0,10,16,15,3,16,16,19,10,17,11,7,14,11,3,19,11,19,10,5,18,15,15,7,11,19,16,10,13,3,14,13,11,7,1,0,15,10,19,2,11,15,15,0,15,10,11,10,15,2,10,11,14,6,3,15,7,10,18,6,4,10,19,13,2,15,10,7,19,7,15,0,11,9,6,10,6,19,11,6,14,0,0,0,0,0,0",-0.6340978,0.35113645,3.0,0.006229521,117.48194,0.0062443586,1.0,0.0062443586,0.38104686,0.0,0.0,0.0,0.006229521,0.0026044669,0.8346327,0.38104686,15.9017105,1.5038642,117.48194,-0.6340978,4.2596354,229.15253,0.0,0.006214683,1.0,229.15253,0.18050486,0.1653673,15.9017105,0.0026044669,0.0,0.35113645,0.0,1.5038642,4.2596354,0.0,0.6340978,0.0,0.0,0.6340978,0.55880886,0.006214683,1.0,0.0,lookahead,beam_orig3_bm0-s0to50br1-s50to100br3-s100to150br3-s150to200br1
/work/T-REX/external/Proteina-Complexa/inference/search_binder_local_pipeline_32_PDL1_ALPHA_REPACK_v7_r006_cand_v7r006_hyp_0006_01_002_a778160daa715/job_0_n_230_id_50_beam_orig0_bm3-s0to50br1-s50to100br2-s100to150br2-s150to200br2/job_0_n_230_id_50_beam_orig0_bm3-s0to50br1-s50to100br2-s100to150br2-s150to200br2.pdb,200,"2,0,13,16,19,16,19,14,11,3,10,18,19,19,6,18,7,15,2,12,16,9,6,4,11,13,14,19,6,11,5,10,3,10,0,0,10,9,19,18,17,6,12,6,3,11,2,9,9,5,13,19,8,7,6,6,3,10,11,19,5,8,15,15,18,1,5,1,0,1,10,10,11,3,5,10,15,10,7,2,0,0,10,5,9,16,3,19,11,10,5,3,0,7,19,18,1,4,12,9,15,18,7,7,0,3,18,11,1,9,16,19,11,19,2,0,0,13,16,19,16,19,14,11,3,10,18,19,19,6,18,7,15,2,12,16,9,6,4,11,13,14,19,6,11,5,10,3,10,0,0,10,9,19,18,17,6,12,6,3,11,2,9,9,5,13,19,8,7,6,6,3,10,11,19,5,8,15,15,18,1,5,1,0,1,10,10,11,3,5,10,15,10,7,2,0,0,10,5,9,16,3,19,11,10,5,3,0,7,19,18,1,4,12,9,15,18,7,7,0,3,18,11,1,9,16,19,11,19,2",-0.5141688,0.28783476,3.0,0.051091924,59.82934,0.05353581,1.0,0.05353581,0.3043191,0.013020642,0.0,0.0,0.051091924,0.0017336963,0.86152935,0.3043191,4.991484,1.271635,59.82934,-0.5141688,3.8320682,206.82086,0.012624305,0.048648037,1.0,206.82086,0.27140728,0.13847065,4.991484,0.0017336963,0.01341698,0.28783476,0.0,1.271635,3.8320682,0.012624305,0.5141688,0.0,0.01341698,0.5141688,0.59172094,0.048648037,1.0,0.013020642,lookahead,beam_orig0_bm3-s0to50br1-s50to100br2-s100to150br2-s150to200br2
/work/T-REX/external/Proteina-Complexa/inference/search_binder_local_pipeline_32_PDL1_ALPHA_REPACK_v7_r006_cand_v7r006_hyp_0006_01_002_a778160daa715/job_0_n_186_id_50_beam_orig1_bm3-s0to50br1-s50to100br2-s100to150br2-s150to200br2/job_0_n_186_id_50_beam_orig1_bm3-s0to50br1-s50to100br2-s100to150br2-s150to200br2.pdb,201,"2,0,13,16,19,16,19,14,11,3,10,18,19,19,6,18,7,15,2,12,16,9,6,4,11,13,14,19,6,11,5,10,3,10,0,0,10,9,19,18,17,6,12,6,3,11,2,9,9,5,13,19,8,7,6,6,3,10,11,19,5,8,15,15,18,1,5,1,0,1,10,10,11,3,5,10,15,10,7,2,0,0,10,5,9,16,3,19,11,10,5,3,0,7,19,18,1,4,12,9,15,18,7,7,0,3,18,11,1,9,16,19,11,19,2,0,15,15,6,3,19,11,11,0,19,6,16,0,11,2,18,10,11,6,2,10,6,11,18,11,7,2,14,6,11,0,13,5,3,0,19,11,6,19,5,2,18,9,11,3,2,3,10,16,10,16,0,15,5,5,0,1,19,6,10,6,9,7,4,9,19,11,6,10,15,0,0,0,0,0,0,0,0,0,0,0,0,0,0,0,0,0,0,0,0,0,0,0,0,0,0,0,0,0,0,0,0,0,0,0,0,0,0,0,0,0,0,0,0,0",-0.16073635,0.05245579,3.0,0.5471825,54.8632,0.61326957,1.0,0.61326957,0.12982412,0.5471825,0.0,0.0,0.5471825,0.0023261046,0.9244365,0.12982412,1.6505586,1.4521871,54.8632,-0.16073635,2.0774195,178.72993,0.48109546,0.48109546,1.0,178.72993,0.79759514,0.0755635,1.6505586,0.0023261046,0.61326957,0.05245579,0.0,1.4521871,2.0774195,0.48109546,0.16073635,0.0,0.61326957,0.16073635,0.874416,0.48109546,1.0,0.5471825,lookahead,beam_orig1_bm3-s0to50br1-s50to100br2-s100to150br2-s150to200br2
/work/T-REX/external/Proteina-Complexa/inference/search_binder_local_pipeline_32_PDL1_ALPHA_REPACK_v7_r006_cand_v7r006_hyp_0006_01_002_a778160daa715/job_0_n_197_id_50_beam_orig2_bm3-s0to50br0-s50to100br0-s100to150br3-s150to200br2/job_0_n_197_id_50_beam_orig2_bm3-s0to50br0-s50to100br0-s100to150br3-s150to200br2.pdb,202,"2,0,13,16,19,16,19,14,11,3,10,18,19,19,6,18,7,15,2,12,16,9,6,4,11,13,14,19,6,11,5,10,3,10,0,0,10,9,19,18,17,6,12,6,3,11,2,9,9,5,13,19,8,7,6,6,3,10,11,19,5,8,15,15,18,1,5,1,0,1,10,10,11,3,5,10,15,10,7,2,0,0,10,5,9,16,3,19,11,10,5,3,0,7,19,18,1,4,12,9,15,18,7,7,0,3,18,11,1,9,16,19,11,19,2,0,15,11,6,3,5,9,6,11,18,0,13,5,9,19,16,15,19,18,11,2,2,3,3,0,10,9,0,0,10,2,6,10,11,11,9,11,0,3,6,3,10,16,10,15,11,9,6,6,19,7,1,11,12,11,10,14,5,0,3,9,6,11,0,19,11,9,19,1,16,13,13,6,16,7,3,0,11,11,0,10,0,0,0,0,0,0,0,0,0,0,0,0,0,0,0,0,0,0,0,0,0,0,0,0,0,0,0,0,0,0,0,0,0,0",-0.14254393,0.048521627,3.0,0.6393098,36.791183,0.69526154,1.0,0.69526154,0.10878416,0.6393098,0.0,0.0,0.6393098,0.0006798601,0.9525238,0.10878416,1.9841385,1.270888,36.791183,-0.14254393,2.0086496,174.8593,0.5833581,0.5833581,1.0,174.8593,0.82478976,0.047476146,1.9841385,0.0006798601,0.69526154,0.048521627,0.0,1.270888,2.0086496,0.5833581,0.14254393,0.0,0.69526154,0.14254393,0.8829396,0.5833581,1.0,0.6393098,lookahead,beam_orig2_bm3-s0to50br0-s50to100br0-s100to150br3-s150to200br2
/work/T-REX/external/Proteina-Complexa/inference/search_binder_local_pipeline_32_PDL1_ALPHA_REPACK_v7_r006_cand_v7r006_hyp_0006_01_002_a778160daa715/job_0_n_224_id_50_beam_orig3_bm0-s0to50br1-s50to100br3-s100to150br3-s150to200br2/job_0_n_224_id_50_beam_orig3_bm0-s0to50br1-s50to100br3-s100to150br3-s150to200br2.pdb,203,"2,0,13,16,19,16,19,14,11,3,10,18,19,19,6,18,7,15,2,12,16,9,6,4,11,13,14,19,6,11,5,10,3,10,0,0,10,9,19,18,17,6,12,6,3,11,2,9,9,5,13,19,8,7,6,6,3,10,11,19,5,8,15,15,18,1,5,1,0,1,10,10,11,3,5,10,15,10,7,2,0,0,10,5,9,16,3,19,11,10,5,3,0,7,19,18,1,4,12,9,15,18,7,7,0,3,18,11,1,9,16,19,11,19,2,0,0,10,16,19,16,0,14,11,14,10,18,16,19,16,0,7,0,15,19,16,10,6,4,11,14,15,19,0,10,16,15,3,16,16,19,10,17,11,7,14,11,3,19,11,19,10,5,18,15,15,7,11,19,16,10,13,3,14,13,11,7,1,0,15,10,19,2,12,15,15,0,15,10,11,10,15,2,10,11,14,6,3,15,7,16,18,6,4,10,19,13,2,15,10,7,19,7,15,0,11,9,6,10,6,19,11,6,14,0,0,0,0,0,0",-0.1752386,0.051768795,3.0,0.63495886,46.589764,0.64163285,1.0,0.64163285,0.13995236,0.63495886,0.0,0.0,0.63495886,0.0022128616,0.91814893,0.13995236,2.0787256,1.3828918,46.589764,-0.1752386,2.9013894,170.91243,0.6282849,0.6282849,1.0,170.91243,0.81656456,0.08185106,2.0787256,0.0022128616,0.64163285,0.051768795,0.0,1.3828918,2.9013894,0.6282849,0.1752386,0.0,0.64163285,0.1752386,0.87290776,0.6282849,1.0,0.63495886,lookahead,beam_orig3_bm0-s0to50br1-s50to100br3-s100to150br3-s150to200br2
/work/T-REX/external/Proteina-Complexa/inference/search_binder_local_pipeline_32_PDL1_ALPHA_REPACK_v7_r006_cand_v7r006_hyp_0006_01_002_a778160daa715/job_0_n_230_id_51_beam_orig0_bm3-s0to50br1-s50to100br2-s100to150br2-s150to200br3/job_0_n_230_id_51_beam_orig0_bm3-s0to50br1-s50to100br2-s100to150br2-s150to200br3.pdb,204,"2,0,13,16,19,16,19,14,11,3,10,18,19,19,6,18,7,15,2,12,16,9,6,4,11,13,14,19,6,11,5,10,3,10,0,0,10,9,19,18,17,6,12,6,3,11,2,9,9,5,13,19,8,7,6,6,3,10,11,19,5,8,15,15,18,1,5,1,0,1,10,10,11,3,5,10,15,10,7,2,0,0,10,5,9,16,3,19,11,10,5,3,0,7,19,18,1,4,12,9,15,18,7,7,0,3,18,11,1,9,16,19,11,19,2,0,0,13,16,19,16,19,14,11,3,10,18,19,19,6,18,7,15,2,12,16,9,6,4,11,13,14,19,6,11,5,10,3,10,0,0,10,9,19,18,17,6,12,6,3,11,2,9,9,5,13,19,8,7,6,6,3,10,11,19,5,8,15,15,18,1,5,1,0,1,10,10,11,3,5,10,15,10,7,2,0,0,10,5,9,16,3,19,11,10,5,3,0,7,19,18,1,4,12,9,15,18,7,7,0,3,18,11,1,9,16,19,11,19,2",-0.5164508,0.2897065,3.0,0.04967556,56.597363,0.051782127,1.0,0.051782127,0.30518705,0.012791196,0.0,0.0,0.04967556,0.0017278163,0.86207974,0.30518705,4.956833,1.272771,56.597363,-0.5164508,3.8424919,201.78741,0.01251684,0.047569,1.0,201.78741,0.26990196,0.13792026,4.956833,0.0017278163,0.013065551,0.2897065,0.0,1.272771,3.8424919,0.01251684,0.5164508,0.0,0.013065551,0.5164508,0.59084743,0.047569,1.0,0.012791196,lookahead,beam_orig0_bm3-s0to50br1-s50to100br2-s100to150br2-s150to200br3
/work/T-REX/external/Proteina-Complexa/inference/search_binder_local_pipeline_32_PDL1_ALPHA_REPACK_v7_r006_cand_v7r006_hyp_0006_01_002_a778160daa715/job_0_n_186_id_51_beam_orig1_bm3-s0to50br1-s50to100br2-s100to150br2-s150to200br3/job_0_n_186_id_51_beam_orig1_bm3-s0to50br1-s50to100br2-s100to150br2-s150to200br3.pdb,205,"2,0,13,16,19,16,19,14,11,3,10,18,19,19,6,18,7,15,2,12,16,9,6,4,11,13,14,19,6,11,5,10,3,10,0,0,10,9,19,18,17,6,12,6,3,11,2,9,9,5,13,19,8,7,6,6,3,10,11,19,5,8,15,15,18,1,5,1,0,1,10,10,11,3,5,10,15,10,7,2,0,0,10,5,9,16,3,19,11,10,5,3,0,7,19,18,1,4,12,9,15,18,7,7,0,3,18,11,1,9,16,19,11,19,2,0,15,15,6,3,19,11,11,0,19,6,16,0,11,2,18,10,11,6,2,10,6,11,18,11,7,2,14,6,11,0,13,5,3,0,19,11,6,19,5,2,18,9,11,3,2,3,10,16,10,16,0,15,5,5,0,1,19,6,10,6,9,7,4,9,19,11,6,10,15,0,0,0,0,0,0,0,0,0,0,0,0,0,0,0,0,0,0,0,0,0,0,0,0,0,0,0,0,0,0,0,0,0,0,0,0,0,0,0,0,0,0,0,0,0",-0.16094369,0.05343457,3.0,0.5438442,43.70421,0.6094683,1.0,0.6094683,0.1296356,0.5438442,0.0,0.0,0.5438442,0.0022461677,0.9254119,0.1296356,1.489987,1.4495589,43.70421,-0.16094369,2.0785868,167.28905,0.4782201,0.4782201,1.0,167.28905,0.797354,0.07458812,1.489987,0.0022461677,0.6094683,0.05343457,0.0,1.4495589,2.0785868,0.4782201,0.16094369,0.0,0.6094683,0.16094369,0.8743874,0.4782201,1.0,0.5438442,lookahead,beam_orig1_bm3-s0to50br1-s50to100br2-s100to150br2-s150to200br3
/work/T-REX/external/Proteina-Complexa/inference/search_binder_local_pipeline_32_PDL1_ALPHA_REPACK_v7_r006_cand_v7r006_hyp_0006_01_002_a778160daa715/job_0_n_197_id_51_beam_orig2_bm3-s0to50br0-s50to100br0-s100to150br3-s150to200br3/job_0_n_197_id_51_beam_orig2_bm3-s0to50br0-s50to100br0-s100to150br3-s150to200br3.pdb,206,"2,0,13,16,19,16,19,14,11,3,10,18,19,19,6,18,7,15,2,12,16,9,6,4,11,13,14,19,6,11,5,10,3,10,0,0,10,9,19,18,17,6,12,6,3,11,2,9,9,5,13,19,8,7,6,6,3,10,11,19,5,8,15,15,18,1,5,1,0,1,10,10,11,3,5,10,15,10,7,2,0,0,10,5,9,16,3,19,11,10,5,3,0,7,19,18,1,4,12,9,15,18,7,7,0,3,18,11,1,9,16,19,11,19,2,0,15,11,6,3,5,9,6,11,18,0,13,5,9,19,16,15,19,18,11,2,2,3,3,0,10,9,0,0,10,2,6,10,11,11,9,11,0,3,6,3,10,16,10,15,11,9,6,6,19,7,1,11,12,11,10,14,5,0,3,9,6,11,0,19,11,9,19,1,16,13,13,6,16,7,3,0,11,11,0,10,0,0,0,0,0,0,0,0,0,0,0,0,0,0,0,0,0,0,0,0,0,0,0,0,0,0,0,0,0,0,0,0,0,0",-0.1412908,0.047206584,3.0,0.6456884,36.6011,0.70082563,1.0,0.70082563,0.10803702,0.6456884,0.0,0.0,0.6456884,0.00066768756,0.95274615,0.10803702,1.9908772,1.2725424,36.6011,-0.1412908,1.9954635,183.42221,0.5905512,0.5905512,1.0,183.42221,0.8271101,0.04725387,1.9908772,0.00066768756,0.70082563,0.047206584,0.0,1.2725424,1.9954635,0.5905512,0.1412908,0.0,0.70082563,0.1412908,0.88386846,0.5905512,1.0,0.6456884,lookahead,beam_orig2_bm3-s0to50br0-s50to100br0-s100to150br3-s150to200br3
/work/T-REX/external/Proteina-Complexa/inference/search_binder_local_pipeline_32_PDL1_ALPHA_REPACK_v7_r006_cand_v7r006_hyp_0006_01_002_a778160daa715/job_0_n_224_id_51_beam_orig3_bm0-s0to50br1-s50to100br3-s100to150br3-s150to200br3/job_0_n_224_id_51_beam_orig3_bm0-s0to50br1-s50to100br3-s100to150br3-s150to200br3.pdb,207,"2,0,13,16,19,16,19,14,11,3,10,18,19,19,6,18,7,15,2,12,16,9,6,4,11,13,14,19,6,11,5,10,3,10,0,0,10,9,19,18,17,6,12,6,3,11,2,9,9,5,13,19,8,7,6,6,3,10,11,19,5,8,15,15,18,1,5,1,0,1,10,10,11,3,5,10,15,10,7,2,0,0,10,5,9,16,3,19,11,10,5,3,0,7,19,18,1,4,12,9,15,18,7,7,0,3,18,11,1,9,16,19,11,19,2,0,0,10,16,19,16,0,14,11,14,10,18,16,19,16,0,7,0,15,19,16,10,6,4,11,14,15,19,0,10,16,15,3,16,16,19,10,17,11,7,14,11,3,19,11,19,10,5,18,15,15,7,11,19,16,10,13,3,14,13,11,7,1,0,15,10,19,2,16,15,15,0,15,10,11,10,15,2,10,11,14,6,3,15,7,10,18,6,4,10,19,13,2,15,10,7,19,7,15,0,11,9,6,10,6,19,11,6,14,0,0,0,0,0,0",-0.1828014,0.054701123,3.0,0.595093,51.25317,0.6030664,1.0,0.6030664,0.14382641,0.595093,0.0,0.0,0.595093,0.0020891412,0.9160321,0.14382641,2.2097538,1.3892666,51.25317,-0.1828014,2.9261854,179.1383,0.5871197,0.5871197,1.0,179.1383,0.79745984,0.08396792,2.2097538,0.0020891412,0.6030664,0.054701123,0.0,1.3892666,2.9261854,0.5871197,0.1828014,0.0,0.6030664,0.1828014,0.86248106,0.5871197,1.0,0.595093,lookahead,beam_orig3_bm0-s0to50br1-s50to100br3-s100to150br3-s150to200br3
/work/T-REX/external/Proteina-Complexa/inference/search_binder_local_pipeline_32_PDL1_ALPHA_REPACK_v7_r006_cand_v7r006_hyp_0006_01_002_a778160daa715/job_0_n_230_id_52_beam_orig0_bm3-s0to50br1-s50to100br2-s100to150br0-s150to200br0/job_0_n_230_id_52_beam_orig0_bm3-s0to50br1-s50to100br2-s100to150br0-s150to200br0.pdb,208,"2,0,13,16,19,16,19,14,11,3,10,18,19,19,6,18,7,15,2,12,16,9,6,4,11,13,14,19,6,11,5,10,3,10,0,0,10,9,19,18,17,6,12,6,3,11,2,9,9,5,13,19,8,7,6,6,3,10,11,19,5,8,15,15,18,1,5,1,0,1,10,10,11,3,5,10,15,10,7,2,0,0,10,5,9,16,3,19,11,10,5,3,0,7,19,18,1,4,12,9,15,18,7,7,0,3,18,11,1,9,16,19,11,19,2,0,0,13,16,19,16,19,14,11,3,10,18,19,19,6,18,7,15,2,12,16,9,6,4,11,13,14,19,6,11,5,10,3,10,0,0,10,9,19,18,17,6,12,6,3,11,2,9,9,5,13,19,8,7,6,6,3,10,11,19,5,8,15,15,18,1,5,1,0,1,10,10,11,3,5,10,15,10,7,2,0,0,10,5,9,16,3,19,11,10,5,3,0,7,19,18,1,4,12,9,15,18,7,7,0,3,18,11,1,9,16,19,11,19,2",-0.5136303,0.28624752,3.0,0.05113113,56.222836,0.0534387,1.0,0.0534387,0.30376515,0.012981187,0.0,0.0,0.05113113,0.0017620529,0.8623518,0.30376515,4.814341,1.269455,56.222836,-0.5136303,3.8347201,196.8091,0.012671194,0.04882356,1.0,196.8091,0.27217084,0.13764821,4.814341,0.0017620529,0.013291179,0.28624752,0.0,1.269455,3.8347201,0.012671194,0.5136303,0.0,0.013291179,0.5136303,0.59226906,0.04882356,1.0,0.012981187,lookahead,beam_orig0_bm3-s0to50br1-s50to100br2-s100to150br0-s150to200br0
/work/T-REX/external/Proteina-Complexa/inference/search_binder_local_pipeline_32_PDL1_ALPHA_REPACK_v7_r006_cand_v7r006_hyp_0006_01_002_a778160daa715/job_0_n_186_id_52_beam_orig1_bm3-s0to50br1-s50to100br2-s100to150br0-s150to200br0/job_0_n_186_id_52_beam_orig1_bm3-s0to50br1-s50to100br2-s100to150br0-s150to200br0.pdb,209,"2,0,13,16,19,16,19,14,11,3,10,18,19,19,6,18,7,15,2,12,16,9,6,4,11,13,14,19,6,11,5,10,3,10,0,0,10,9,19,18,17,6,12,6,3,11,2,9,9,5,13,19,8,7,6,6,3,10,11,19,5,8,15,15,18,1,5,1,0,1,10,10,11,3,5,10,15,10,7,2,0,0,10,5,9,16,3,19,11,10,5,3,0,7,19,18,1,4,12,9,15,18,7,7,0,3,18,11,1,9,16,19,11,19,2,0,15,6,6,3,19,11,11,0,19,6,19,0,11,2,13,19,11,6,2,0,6,11,18,11,7,2,6,6,10,10,18,5,10,0,19,11,6,19,11,2,18,4,1,3,2,3,9,16,10,16,3,15,5,12,0,1,19,6,10,6,9,5,4,16,19,11,6,19,16,15,0,0,0,0,0,0,0,0,0,0,0,0,0,0,0,0,0,0,0,0,0,0,0,0,0,0,0,0,0,0,0,0,0,0,0,0,0,0,0,0,0,0,0,0",-0.159456,0.058748934,3.0,0.53150475,49.656075,0.59864885,1.0,0.59864885,0.12384027,0.53150475,0.0,0.0,0.53150475,0.001852944,0.94039714,0.12384027,2.6471953,1.3394897,49.656075,-0.159456,2.0143106,165.63368,0.4643606,0.4643606,1.0,165.63368,0.79607815,0.059602875,2.6471953,0.001852944,0.59864885,0.058748934,0.0,1.3394897,2.0143106,0.4643606,0.159456,0.0,0.59864885,0.159456,0.87019396,0.4643606,1.0,0.53150475,lookahead,beam_orig1_bm3-s0to50br1-s50to100br2-s100to150br0-s150to200br0
/work/T-REX/external/Proteina-Complexa/inference/search_binder_local_pipeline_32_PDL1_ALPHA_REPACK_v7_r006_cand_v7r006_hyp_0006_01_002_a778160daa715/job_0_n_197_id_52_beam_orig2_bm3-s0to50br0-s50to100br0-s100to150br2-s150to200br0/job_0_n_197_id_52_beam_orig2_bm3-s0to50br0-s50to100br0-s100to150br2-s150to200br0.pdb,210,"2,0,13,16,19,16,19,14,11,3,10,18,19,19,6,18,7,15,2,12,16,9,6,4,11,13,14,19,6,11,5,10,3,10,0,0,10,9,19,18,17,6,12,6,3,11,2,9,9,5,13,19,8,7,6,6,3,10,11,19,5,8,15,15,18,1,5,1,0,1,10,10,11,3,5,10,15,10,7,2,0,0,10,5,9,16,3,19,11,10,5,3,0,7,19,18,1,4,12,9,15,18,7,7,0,3,18,11,1,9,16,19,11,19,2,0,15,11,6,3,10,9,6,11,18,0,13,5,9,19,15,15,19,18,10,11,3,3,3,0,10,9,0,0,10,2,6,10,11,11,9,7,0,15,6,6,2,16,2,2,1,9,9,9,9,7,1,11,12,2,10,14,5,3,19,9,6,11,0,19,11,19,15,1,16,13,13,6,16,7,3,0,11,11,0,19,0,0,0,0,0,0,0,0,0,0,0,0,0,0,0,0,0,0,0,0,0,0,0,0,0,0,0,0,0,0,0,0,0,0",-0.15328114,0.052028146,3.0,0.58712816,35.64801,0.6439334,1.0,0.6439334,0.11574198,0.58712816,0.0,0.0,0.58712816,0.000873643,0.9470533,0.11574198,1.6392717,1.2884986,35.64801,-0.15328114,2.087923,167.61508,0.5303229,0.5303229,1.0,167.61508,0.80470514,0.05294669,1.6392717,0.000873643,0.6439334,0.052028146,0.0,1.2884986,2.087923,0.5303229,0.15328114,0.0,0.6439334,0.15328114,0.8730817,0.5303229,1.0,0.58712816,lookahead,beam_orig2_bm3-s0to50br0-s50to100br0-s100to150br2-s150to200br0
/work/T-REX/external/Proteina-Complexa/inference/search_binder_local_pipeline_32_PDL1_ALPHA_REPACK_v7_r006_cand_v7r006_hyp_0006_01_002_a778160daa715/job_0_n_224_id_52_beam_orig3_bm0-s0to50br1-s50to100br2-s100to150br1-s150to200br0/job_0_n_224_id_52_beam_orig3_bm0-s0to50br1-s50to100br2-s100to150br1-s150to200br0.pdb,211,"2,0,13,16,19,16,19,14,11,3,10,18,19,19,6,18,7,15,2,12,16,9,6,4,11,13,14,19,6,11,5,10,3,10,0,0,10,9,19,18,17,6,12,6,3,11,2,9,9,5,13,19,8,7,6,6,3,10,11,19,5,8,15,15,18,1,5,1,0,1,10,10,11,3,5,10,15,10,7,2,0,0,10,5,9,16,3,19,11,10,5,3,0,7,19,18,1,4,12,9,15,18,7,7,0,3,18,11,1,9,16,19,11,19,2,0,0,10,19,19,16,16,14,11,3,10,18,16,19,5,0,7,0,2,19,16,10,6,4,11,16,15,8,16,10,16,15,15,16,0,19,10,17,11,2,14,5,3,5,11,19,10,5,18,15,0,7,5,0,16,16,18,7,3,13,11,7,1,0,16,10,10,7,7,5,3,0,15,10,5,9,16,3,16,1,10,15,3,15,7,19,18,5,4,10,19,12,2,6,13,7,0,3,3,11,16,9,16,10,3,19,11,0,14,0,0,0,0,0,0",-0.27755946,0.115193166,3.0,0.29636145,46.8486,0.29805973,1.0,0.29805973,0.19848453,0.2957143,0.0,0.0,0.29636145,0.0021245987,0.88051033,0.19848453,1.2888845,1.4850134,46.8486,-0.27755946,3.3167255,188.49857,0.29379284,0.29466316,1.0,188.49857,0.63916945,0.11948965,1.2888845,0.0021245987,0.29763573,0.115193166,0.0,1.4850134,3.3167255,0.29379284,0.27755946,0.0,0.29763573,0.27755946,0.77858305,0.29466316,1.0,0.2957143,lookahead,beam_orig3_bm0-s0to50br1-s50to100br2-s100to150br1-s150to200br0
/work/T-REX/external/Proteina-Complexa/inference/search_binder_local_pipeline_32_PDL1_ALPHA_REPACK_v7_r006_cand_v7r006_hyp_0006_01_002_a778160daa715/job_0_n_230_id_53_beam_orig0_bm3-s0to50br1-s50to100br2-s100to150br0-s150to200br1/job_0_n_230_id_53_beam_orig0_bm3-s0to50br1-s50to100br2-s100to150br0-s150to200br1.pdb,212,"2,0,13,16,19,16,19,14,11,3,10,18,19,19,6,18,7,15,2,12,16,9,6,4,11,13,14,19,6,11,5,10,3,10,0,0,10,9,19,18,17,6,12,6,3,11,2,9,9,5,13,19,8,7,6,6,3,10,11,19,5,8,15,15,18,1,5,1,0,1,10,10,11,3,5,10,15,10,7,2,0,0,10,5,9,16,3,19,11,10,5,3,0,7,19,18,1,4,12,9,15,18,7,7,0,3,18,11,1,9,16,19,11,19,2,0,0,13,16,19,16,19,14,11,3,10,18,19,19,6,18,7,15,2,12,16,9,6,4,11,13,14,19,6,11,5,10,3,10,0,0,10,9,19,18,17,6,12,6,3,11,2,9,9,5,13,19,8,7,6,6,3,10,11,19,5,8,15,15,18,1,5,1,0,1,10,10,11,3,5,10,15,10,7,2,0,0,10,5,9,16,3,19,11,10,5,3,0,7,19,18,1,4,12,9,15,18,7,7,0,3,18,11,1,9,16,19,11,19,2",-0.5098287,0.27833512,3.0,0.05257158,65.220116,0.05501747,1.0,0.05501747,0.30158427,0.013557944,0.0,0.0,0.05257158,0.0017156099,0.8623653,0.30158427,5.426386,1.2618157,65.220116,-0.5098287,3.8101995,197.39952,0.013165182,0.05012569,1.0,197.39952,0.26943624,0.13763471,5.426386,0.0017156099,0.0139507055,0.27833512,0.0,1.2618157,3.8101995,0.013165182,0.5098287,0.0,0.0139507055,0.5098287,0.5907518,0.05012569,1.0,0.013557944,lookahead,beam_orig0_bm3-s0to50br1-s50to100br2-s100to150br0-s150to200br1
/work/T-REX/external/Proteina-Complexa/inference/search_binder_local_pipeline_32_PDL1_ALPHA_REPACK_v7_r006_cand_v7r006_hyp_0006_01_002_a778160daa715/job_0_n_186_id_53_beam_orig1_bm3-s0to50br1-s50to100br2-s100to150br0-s150to200br1/job_0_n_186_id_53_beam_orig1_bm3-s0to50br1-s50to100br2-s100to150br0-s150to200br1.pdb,213,"2,0,13,16,19,16,19,14,11,3,10,18,19,19,6,18,7,15,2,12,16,9,6,4,11,13,14,19,6,11,5,10,3,10,0,0,10,9,19,18,17,6,12,6,3,11,2,9,9,5,13,19,8,7,6,6,3,10,11,19,5,8,15,15,18,1,5,1,0,1,10,10,11,3,5,10,15,10,7,2,0,0,10,5,9,16,3,19,11,10,5,3,0,7,19,18,1,4,12,9,15,18,7,7,0,3,18,11,1,9,16,19,11,19,2,0,15,6,6,3,6,11,11,0,19,6,19,0,11,2,13,19,11,6,2,0,6,11,18,11,7,2,6,6,10,10,18,5,10,0,19,11,6,19,11,2,18,4,1,3,2,3,9,16,10,16,3,15,5,12,0,1,19,6,10,6,9,5,4,16,19,11,6,19,16,15,0,0,0,0,0,0,0,0,0,0,0,0,0,0,0,0,0,0,0,0,0,0,0,0,0,0,0,0,0,0,0,0,0,0,0,0,0,0,0,0,0,0,0,0",-0.1636965,0.06012466,3.0,0.50974536,57.33613,0.5866981,1.0,0.5866981,0.12705222,0.50974536,0.0,0.0,0.50974536,0.0019979307,0.9366676,0.12705222,3.2956984,1.3563343,57.33613,-0.1636965,2.025812,181.952,0.4327926,0.4327926,1.0,181.952,0.7784667,0.06333238,3.2956984,0.0019979307,0.5866981,0.06012466,0.0,1.3563343,2.025812,0.4327926,0.1636965,0.0,0.5866981,0.1636965,0.86379576,0.4327926,1.0,0.50974536,lookahead,beam_orig1_bm3-s0to50br1-s50to100br2-s100to150br0-s150to200br1
/work/T-REX/external/Proteina-Complexa/inference/search_binder_local_pipeline_32_PDL1_ALPHA_REPACK_v7_r006_cand_v7r006_hyp_0006_01_002_a778160daa715/job_0_n_197_id_53_beam_orig2_bm3-s0to50br0-s50to100br0-s100to150br2-s150to200br1/job_0_n_197_id_53_beam_orig2_bm3-s0to50br0-s50to100br0-s100to150br2-s150to200br1.pdb,214,"2,0,13,16,19,16,19,14,11,3,10,18,19,19,6,18,7,15,2,12,16,9,6,4,11,13,14,19,6,11,5,10,3,10,0,0,10,9,19,18,17,6,12,6,3,11,2,9,9,5,13,19,8,7,6,6,3,10,11,19,5,8,15,15,18,1,5,1,0,1,10,10,11,3,5,10,15,10,7,2,0,0,10,5,9,16,3,19,11,10,5,3,0,7,19,18,1,4,12,9,15,18,7,7,0,3,18,11,1,9,16,19,11,19,2,0,15,11,6,3,10,9,6,11,18,0,13,5,9,19,15,15,19,18,10,11,3,3,3,0,10,9,19,0,10,2,6,10,11,11,9,7,0,15,6,6,2,16,2,2,1,9,9,9,9,7,1,11,12,2,10,14,5,3,19,9,6,11,0,19,11,19,15,1,16,13,13,6,16,7,3,0,11,11,0,19,0,0,0,0,0,0,0,0,0,0,0,0,0,0,0,0,0,0,0,0,0,0,0,0,0,0,0,0,0,0,0,0,0,0",-0.15227096,0.05143635,3.0,0.5922419,35.794464,0.6478811,1.0,0.6478811,0.11518383,0.5922419,0.0,0.0,0.5922419,0.0009437917,0.9472749,0.11518383,1.5760756,1.2992443,35.794464,-0.15227096,2.0855422,172.66106,0.53660274,0.53660274,1.0,172.66106,0.8064565,0.052725073,1.5760756,0.0009437917,0.6478811,0.05143635,0.0,1.2992443,2.0855422,0.53660274,0.15227096,0.0,0.6478811,0.15227096,0.87388456,0.53660274,1.0,0.5922419,lookahead,beam_orig2_bm3-s0to50br0-s50to100br0-s100to150br2-s150to200br1
/work/T-REX/external/Proteina-Complexa/inference/search_binder_local_pipeline_32_PDL1_ALPHA_REPACK_v7_r006_cand_v7r006_hyp_0006_01_002_a778160daa715/job_0_n_224_id_53_beam_orig3_bm0-s0to50br1-s50to100br2-s100to150br1-s150to200br1/job_0_n_224_id_53_beam_orig3_bm0-s0to50br1-s50to100br2-s100to150br1-s150to200br1.pdb,215,"2,0,13,16,19,16,19,14,11,3,10,18,19,19,6,18,7,15,2,12,16,9,6,4,11,13,14,19,6,11,5,10,3,10,0,0,10,9,19,18,17,6,12,6,3,11,2,9,9,5,13,19,8,7,6,6,3,10,11,19,5,8,15,15,18,1,5,1,0,1,10,10,11,3,5,10,15,10,7,2,0,0,10,5,9,16,3,19,11,10,5,3,0,7,19,18,1,4,12,9,15,18,7,7,0,3,18,11,1,9,16,19,11,19,2,0,0,10,19,19,16,16,14,11,3,10,18,16,19,5,0,7,0,2,19,16,10,6,4,11,16,15,8,16,10,16,15,15,16,0,19,10,17,11,2,14,5,3,5,11,19,10,5,18,15,0,7,6,0,16,16,18,7,3,13,11,7,1,0,16,10,10,7,7,5,3,0,15,10,5,9,16,3,16,1,10,15,3,15,7,19,18,5,4,10,19,12,2,6,13,7,0,3,3,11,16,9,16,10,3,19,11,0,14,0,0,0,0,0,0",-0.26977688,0.10995391,3.0,0.31096172,42.14281,0.31427613,1.0,0.31427613,0.19285597,0.3105759,0.0,0.0,0.31096172,0.0022401025,0.8868197,0.19285597,1.412703,1.4640769,42.14281,-0.26977688,3.2910836,183.65593,0.30728027,0.30764735,1.0,183.65593,0.6516714,0.11318028,1.412703,0.0022401025,0.31387153,0.10995391,0.0,1.4640769,3.2910836,0.30728027,0.26977688,0.0,0.31387153,0.26977688,0.7852565,0.30764735,1.0,0.3105759,lookahead,beam_orig3_bm0-s0to50br1-s50to100br2-s100to150br1-s150to200br1
/work/T-REX/external/Proteina-Complexa/inference/search_binder_local_pipeline_32_PDL1_ALPHA_REPACK_v7_r006_cand_v7r006_hyp_0006_01_002_a778160daa715/job_0_n_230_id_54_beam_orig0_bm3-s0to50br1-s50to100br2-s100to150br0-s150to200br2/job_0_n_230_id_54_beam_orig0_bm3-s0to50br1-s50to100br2-s100to150br0-s150to200br2.pdb,216,"2,0,13,16,19,16,19,14,11,3,10,18,19,19,6,18,7,15,2,12,16,9,6,4,11,13,14,19,6,11,5,10,3,10,0,0,10,9,19,18,17,6,12,6,3,11,2,9,9,5,13,19,8,7,6,6,3,10,11,19,5,8,15,15,18,1,5,1,0,1,10,10,11,3,5,10,15,10,7,2,0,0,10,5,9,16,3,19,11,10,5,3,0,7,19,18,1,4,12,9,15,18,7,7,0,3,18,11,1,9,16,19,11,19,2,0,0,13,16,19,16,19,14,11,3,10,18,19,19,6,18,7,15,2,12,16,9,6,4,11,13,14,19,6,11,5,10,3,10,0,0,10,9,19,18,17,6,12,6,3,11,2,9,9,5,13,19,8,7,6,6,3,10,11,19,5,8,15,15,18,1,5,1,0,1,10,10,11,3,5,10,15,10,7,2,0,0,10,5,9,16,3,19,11,10,5,3,0,7,19,18,1,4,12,9,15,18,7,7,0,3,18,11,1,9,16,19,11,19,2",-0.52055913,0.29414114,3.0,0.048848227,55.497604,0.051310208,1.0,0.051310208,0.3075336,0.012479086,0.0,0.0,0.048848227,0.0017630422,0.8623768,0.3075336,4.668336,1.276217,55.497604,-0.52055913,3.8531356,203.60425,0.0120962765,0.046386246,1.0,203.60425,0.26800779,0.13762322,4.668336,0.0017630422,0.012861896,0.29414114,0.0,1.276217,3.8531356,0.0120962765,0.52055913,0.0,0.012861896,0.52055913,0.58997333,0.046386246,1.0,0.012479086,lookahead,beam_orig0_bm3-s0to50br1-s50to100br2-s100to150br0-s150to200br2
/work/T-REX/external/Proteina-Complexa/inference/search_binder_local_pipeline_32_PDL1_ALPHA_REPACK_v7_r006_cand_v7r006_hyp_0006_01_002_a778160daa715/job_0_n_186_id_54_beam_orig1_bm3-s0to50br1-s50to100br2-s100to150br0-s150to200br2/job_0_n_186_id_54_beam_orig1_bm3-s0to50br1-s50to100br2-s100to150br0-s150to200br2.pdb,217,"2,0,13,16,19,16,19,14,11,3,10,18,19,19,6,18,7,15,2,12,16,9,6,4,11,13,14,19,6,11,5,10,3,10,0,0,10,9,19,18,17,6,12,6,3,11,2,9,9,5,13,19,8,7,6,6,3,10,11,19,5,8,15,15,18,1,5,1,0,1,10,10,11,3,5,10,15,10,7,2,0,0,10,5,9,16,3,19,11,10,5,3,0,7,19,18,1,4,12,9,15,18,7,7,0,3,18,11,1,9,16,19,11,19,2,0,15,6,6,3,6,11,11,0,19,6,19,0,11,2,13,19,11,6,2,0,6,11,18,11,7,2,6,6,10,10,18,5,10,0,19,11,6,19,11,2,18,4,1,3,2,3,9,16,10,16,3,15,5,12,0,1,19,6,10,6,9,5,4,16,19,11,6,19,16,15,0,0,0,0,0,0,0,0,0,0,0,0,0,0,0,0,0,0,0,0,0,0,0,0,0,0,0,0,0,0,0,0,0,0,0,0,0,0,0,0,0,0,0,0",-0.16708267,0.0633858,3.0,0.4948057,57.64295,0.56714934,1.0,0.56714934,0.12961863,0.4948057,0.0,0.0,0.4948057,0.0021267184,0.9336915,0.12961863,3.2046337,1.3794016,57.64295,-0.16708267,2.0618064,181.12369,0.42246202,0.42246202,1.0,181.12369,0.7692215,0.06630848,3.2046337,0.0021267184,0.56714934,0.0633858,0.0,1.3794016,2.0618064,0.42246202,0.16708267,0.0,0.56714934,0.16708267,0.86081314,0.42246202,1.0,0.4948057,lookahead,beam_orig1_bm3-s0to50br1-s50to100br2-s100to150br0-s150to200br2
/work/T-REX/external/Proteina-Complexa/inference/search_binder_local_pipeline_32_PDL1_ALPHA_REPACK_v7_r006_cand_v7r006_hyp_0006_01_002_a778160daa715/job_0_n_197_id_54_beam_orig2_bm3-s0to50br0-s50to100br0-s100to150br2-s150to200br2/job_0_n_197_id_54_beam_orig2_bm3-s0to50br0-s50to100br0-s100to150br2-s150to200br2.pdb,218,"2,0,13,16,19,16,19,14,11,3,10,18,19,19,6,18,7,15,2,12,16,9,6,4,11,13,14,19,6,11,5,10,3,10,0,0,10,9,19,18,17,6,12,6,3,11,2,9,9,5,13,19,8,7,6,6,3,10,11,19,5,8,15,15,18,1,5,1,0,1,10,10,11,3,5,10,15,10,7,2,0,0,10,5,9,16,3,19,11,10,5,3,0,7,19,18,1,4,12,9,15,18,7,7,0,3,18,11,1,9,16,19,11,19,2,0,15,11,6,3,10,9,6,11,18,0,13,5,9,19,15,15,19,18,10,11,3,3,3,0,10,9,19,0,10,2,6,10,11,11,9,7,0,15,6,6,3,16,2,2,1,9,9,9,9,7,1,11,12,2,10,14,5,3,19,9,6,11,0,19,11,19,15,1,16,13,13,6,16,7,3,0,11,11,0,19,0,0,0,0,0,0,0,0,0,0,0,0,0,0,0,0,0,0,0,0,0,0,0,0,0,0,0,0,0,0,0,0,0,0",-0.15145682,0.050811794,3.0,0.59652853,34.563328,0.65132755,1.0,0.65132755,0.11471859,0.59652853,0.0,0.0,0.59652853,0.00092830777,0.94760525,0.11471859,1.6149402,1.2977182,34.563328,-0.15145682,2.077191,173.84183,0.54172957,0.54172957,1.0,173.84183,0.8079268,0.052394763,1.6149402,0.00092830777,0.65132755,0.050811794,0.0,1.2977182,2.077191,0.54172957,0.15145682,0.0,0.65132755,0.15145682,0.8746121,0.54172957,1.0,0.59652853,lookahead,beam_orig2_bm3-s0to50br0-s50to100br0-s100to150br2-s150to200br2
/work/T-REX/external/Proteina-Complexa/inference/search_binder_local_pipeline_32_PDL1_ALPHA_REPACK_v7_r006_cand_v7r006_hyp_0006_01_002_a778160daa715/job_0_n_224_id_54_beam_orig3_bm0-s0to50br1-s50to100br2-s100to150br1-s150to200br2/job_0_n_224_id_54_beam_orig3_bm0-s0to50br1-s50to100br2-s100to150br1-s150to200br2.pdb,219,"2,0,13,16,19,16,19,14,11,3,10,18,19,19,6,18,7,15,2,12,16,9,6,4,11,13,14,19,6,11,5,10,3,10,0,0,10,9,19,18,17,6,12,6,3,11,2,9,9,5,13,19,8,7,6,6,3,10,11,19,5,8,15,15,18,1,5,1,0,1,10,10,11,3,5,10,15,10,7,2,0,0,10,5,9,16,3,19,11,10,5,3,0,7,19,18,1,4,12,9,15,18,7,7,0,3,18,11,1,9,16,19,11,19,2,0,0,10,19,19,16,16,14,11,3,10,18,16,19,5,0,7,0,2,19,16,10,6,4,11,16,15,8,16,10,16,15,15,16,0,19,10,17,11,2,14,5,3,5,11,19,10,5,18,15,0,7,19,0,16,16,18,7,3,13,11,7,1,0,16,10,10,7,7,5,3,0,15,10,5,9,16,3,16,1,10,15,3,15,7,19,18,5,4,10,19,12,2,6,13,7,0,3,3,11,16,9,16,10,3,19,11,0,14,0,0,0,0,0,0",-0.26538944,0.10751418,3.0,0.31995112,47.35267,0.32380077,1.0,0.32380077,0.19061412,0.31956446,0.0,0.0,0.31995112,0.0018853446,0.88701606,0.19061412,1.403955,1.4603493,47.35267,-0.26538944,3.276363,187.7288,0.3157263,0.3161015,1.0,187.7288,0.6569399,0.11298397,1.403955,0.0018853446,0.32340264,0.10751418,0.0,1.4603493,3.276363,0.3157263,0.26538944,0.0,0.32340264,0.26538944,0.7876741,0.3161015,1.0,0.31956446,lookahead,beam_orig3_bm0-s0to50br1-s50to100br2-s100to150br1-s150to200br2
/work/T-REX/external/Proteina-Complexa/inference/search_binder_local_pipeline_32_PDL1_ALPHA_REPACK_v7_r006_cand_v7r006_hyp_0006_01_002_a778160daa715/job_0_n_230_id_55_beam_orig0_bm3-s0to50br1-s50to100br2-s100to150br0-s150to200br3/job_0_n_230_id_55_beam_orig0_bm3-s0to50br1-s50to100br2-s100to150br0-s150to200br3.pdb,220,"2,0,13,16,19,16,19,14,11,3,10,18,19,19,6,18,7,15,2,12,16,9,6,4,11,13,14,19,6,11,5,10,3,10,0,0,10,9,19,18,17,6,12,6,3,11,2,9,9,5,13,19,8,7,6,6,3,10,11,19,5,8,15,15,18,1,5,1,0,1,10,10,11,3,5,10,15,10,7,2,0,0,10,5,9,16,3,19,11,10,5,3,0,7,19,18,1,4,12,9,15,18,7,7,0,3,18,11,1,9,16,19,11,19,2,0,0,13,16,19,16,19,14,11,3,10,18,19,19,6,18,7,15,2,12,16,9,6,4,11,13,14,19,6,11,5,10,3,10,0,0,10,9,19,18,17,6,12,6,3,11,2,9,9,5,13,19,8,7,6,6,3,10,11,19,5,8,15,15,18,1,5,1,0,1,10,10,11,3,5,10,15,10,7,2,0,0,10,5,9,16,3,19,11,10,5,3,0,7,19,18,1,4,12,9,15,18,7,7,0,3,18,11,1,9,16,19,11,19,2",-0.50898385,0.2798139,3.0,0.05347013,59.87645,0.056869052,1.0,0.056869052,0.30125967,0.013280753,0.0,0.0,0.05347013,0.0017172553,0.86205816,0.30125967,5.092367,1.2656783,59.87645,-0.50898385,3.8188806,200.19553,0.013117495,0.05007121,1.0,200.19553,0.27283585,0.13794187,5.092367,0.0017172553,0.013444011,0.2798139,0.0,1.2656783,3.8188806,0.013117495,0.50898385,0.0,0.013444011,0.50898385,0.59273064,0.05007121,1.0,0.013280753,lookahead,beam_orig0_bm3-s0to50br1-s50to100br2-s100to150br0-s150to200br3
/work/T-REX/external/Proteina-Complexa/inference/search_binder_local_pipeline_32_PDL1_ALPHA_REPACK_v7_r006_cand_v7r006_hyp_0006_01_002_a778160daa715/job_0_n_186_id_55_beam_orig1_bm3-s0to50br1-s50to100br2-s100to150br0-s150to200br3/job_0_n_186_id_55_beam_orig1_bm3-s0to50br1-s50to100br2-s100to150br0-s150to200br3.pdb,221,"2,0,13,16,19,16,19,14,11,3,10,18,19,19,6,18,7,15,2,12,16,9,6,4,11,13,14,19,6,11,5,10,3,10,0,0,10,9,19,18,17,6,12,6,3,11,2,9,9,5,13,19,8,7,6,6,3,10,11,19,5,8,15,15,18,1,5,1,0,1,10,10,11,3,5,10,15,10,7,2,0,0,10,5,9,16,3,19,11,10,5,3,0,7,19,18,1,4,12,9,15,18,7,7,0,3,18,11,1,9,16,19,11,19,2,0,15,6,6,3,6,11,11,0,19,6,19,0,11,2,13,19,11,6,2,0,6,11,18,11,7,2,6,6,10,10,18,5,10,0,19,11,6,19,11,2,18,4,1,3,2,3,9,16,10,16,3,15,5,12,0,1,19,6,10,6,9,5,4,16,19,11,6,19,16,15,0,0,0,0,0,0,0,0,0,0,0,0,0,0,0,0,0,0,0,0,0,0,0,0,0,0,0,0,0,0,0,0,0,0,0,0,0,0,0,0,0,0,0,0",-0.1644397,0.060620677,3.0,0.5039102,52.46565,0.5775803,1.0,0.5775803,0.1276527,0.5039102,0.0,0.0,0.5039102,0.0020115555,0.9359342,0.1276527,3.1538804,1.3633502,52.46565,-0.1644397,2.0332983,172.88095,0.4302401,0.4302401,1.0,172.88095,0.7757474,0.064065814,3.1538804,0.0020115555,0.5775803,0.060620677,0.0,1.3633502,2.0332983,0.4302401,0.1644397,0.0,0.5775803,0.1644397,0.863079,0.4302401,1.0,0.5039102,lookahead,beam_orig1_bm3-s0to50br1-s50to100br2-s100to150br0-s150to200br3
/work/T-REX/external/Proteina-Complexa/inference/search_binder_local_pipeline_32_PDL1_ALPHA_REPACK_v7_r006_cand_v7r006_hyp_0006_01_002_a778160daa715/job_0_n_197_id_55_beam_orig2_bm3-s0to50br0-s50to100br0-s100to150br2-s150to200br3/job_0_n_197_id_55_beam_orig2_bm3-s0to50br0-s50to100br0-s100to150br2-s150to200br3.pdb,222,"2,0,13,16,19,16,19,14,11,3,10,18,19,19,6,18,7,15,2,12,16,9,6,4,11,13,14,19,6,11,5,10,3,10,0,0,10,9,19,18,17,6,12,6,3,11,2,9,9,5,13,19,8,7,6,6,3,10,11,19,5,8,15,15,18,1,5,1,0,1,10,10,11,3,5,10,15,10,7,2,0,0,10,5,9,16,3,19,11,10,5,3,0,7,19,18,1,4,12,9,15,18,7,7,0,3,18,11,1,9,16,19,11,19,2,0,15,11,6,3,10,9,6,11,18,0,13,5,9,19,15,15,19,18,10,11,3,3,3,0,10,9,19,0,10,2,6,10,11,11,9,7,0,15,6,6,3,16,2,2,1,9,9,9,9,7,1,11,12,2,10,14,5,3,19,9,6,11,0,19,11,19,15,1,16,13,13,6,16,7,3,0,11,11,0,19,0,0,0,0,0,0,0,0,0,0,0,0,0,0,0,0,0,0,0,0,0,0,0,0,0,0,0,0,0,0,0,0,0,0",-0.15274389,0.0517821,3.0,0.5899408,35.23233,0.6454623,1.0,0.6454623,0.115418725,0.5899408,0.0,0.0,0.5899408,0.0009248058,0.94722754,0.115418725,1.5887406,1.303904,35.23233,-0.15274389,2.0886326,170.03564,0.53441936,0.53441936,1.0,170.03564,0.8053851,0.05277248,1.5887406,0.0009248058,0.6454623,0.0517821,0.0,1.303904,2.0886326,0.53441936,0.15274389,0.0,0.6454623,0.15274389,0.87329525,0.53441936,1.0,0.5899408,lookahead,beam_orig2_bm3-s0to50br0-s50to100br0-s100to150br2-s150to200br3
/work/T-REX/external/Proteina-Complexa/inference/search_binder_local_pipeline_32_PDL1_ALPHA_REPACK_v7_r006_cand_v7r006_hyp_0006_01_002_a778160daa715/job_0_n_224_id_55_beam_orig3_bm0-s0to50br1-s50to100br2-s100to150br1-s150to200br3/job_0_n_224_id_55_beam_orig3_bm0-s0to50br1-s50to100br2-s100to150br1-s150to200br3.pdb,223,"2,0,13,16,19,16,19,14,11,3,10,18,19,19,6,18,7,15,2,12,16,9,6,4,11,13,14,19,6,11,5,10,3,10,0,0,10,9,19,18,17,6,12,6,3,11,2,9,9,5,13,19,8,7,6,6,3,10,11,19,5,8,15,15,18,1,5,1,0,1,10,10,11,3,5,10,15,10,7,2,0,0,10,5,9,16,3,19,11,10,5,3,0,7,19,18,1,4,12,9,15,18,7,7,0,3,18,11,1,9,16,19,11,19,2,0,0,10,19,19,16,16,14,11,3,10,18,16,19,5,0,7,0,2,19,16,10,6,4,11,16,15,8,16,10,16,15,15,16,0,19,10,17,11,2,14,5,3,5,11,19,10,5,18,15,0,7,6,0,16,16,18,7,3,13,11,7,1,0,16,10,10,7,7,5,3,0,15,10,5,9,16,3,16,1,10,15,3,15,7,19,18,5,4,10,19,12,2,6,13,7,0,3,3,11,16,9,16,10,3,19,11,0,14,0,0,0,0,0,0",-0.26830044,0.10990851,3.0,0.31663468,45.63815,0.3199202,1.0,0.3199202,0.19289935,0.31625217,0.0,0.0,0.31663468,0.0022789605,0.8849562,0.19289935,1.430145,1.4748614,45.63815,-0.26830044,3.2902129,186.71875,0.31298983,0.31334916,1.0,186.71875,0.65412474,0.115043834,1.430145,0.0022789605,0.3195145,0.10990851,0.0,1.4748614,3.2902129,0.31298983,0.26830044,0.0,0.3195145,0.26830044,0.78624463,0.31334916,1.0,0.31625217,lookahead,beam_orig3_bm0-s0to50br1-s50to100br2-s100to150br1-s150to200br3
/work/T-REX/external/Proteina-Complexa/inference/search_binder_local_pipeline_32_PDL1_ALPHA_REPACK_v7_r006_cand_v7r006_hyp_0006_01_002_a778160daa715/job_0_n_230_id_56_beam_orig0_bm3-s0to50br1-s50to100br3-s100to150br2-s150to200br0/job_0_n_230_id_56_beam_orig0_bm3-s0to50br1-s50to100br3-s100to150br2-s150to200br0.pdb,224,"2,0,13,16,19,16,19,14,11,3,10,18,19,19,6,18,7,15,2,12,16,9,6,4,11,13,14,19,6,11,5,10,3,10,0,0,10,9,19,18,17,6,12,6,3,11,2,9,9,5,13,19,8,7,6,6,3,10,11,19,5,8,15,15,18,1,5,1,0,1,10,10,11,3,5,10,15,10,7,2,0,0,10,5,9,16,3,19,11,10,5,3,0,7,19,18,1,4,12,9,15,18,7,7,0,3,18,11,1,9,16,19,11,19,2,0,0,13,16,19,16,19,14,11,3,10,18,19,19,6,18,7,15,2,12,16,9,6,4,11,13,14,19,6,11,5,10,3,10,0,0,10,9,19,18,17,6,12,6,3,11,2,9,9,5,13,19,8,7,6,6,3,10,11,19,5,8,15,15,18,1,5,1,0,1,10,10,11,3,5,10,15,10,7,2,0,0,10,5,9,16,3,19,11,10,5,3,0,7,19,18,1,4,12,9,15,18,7,7,0,3,18,11,1,9,16,19,11,19,2",-0.5196407,0.29140735,3.0,0.048475824,60.250336,0.050453097,1.0,0.050453097,0.30701736,0.012699993,0.0,0.0,0.048475824,0.0017312906,0.86165464,0.30701736,4.822534,1.2735243,60.250336,-0.5196407,3.84969,198.25833,0.012223696,0.046498556,1.0,198.25833,0.26741323,0.13834533,4.822534,0.0017312906,0.013176291,0.29140735,0.0,1.2735243,3.84969,0.012223696,0.5196407,0.0,0.013176291,0.5196407,0.58992314,0.046498556,1.0,0.012699993,lookahead,beam_orig0_bm3-s0to50br1-s50to100br3-s100to150br2-s150to200br0
/work/T-REX/external/Proteina-Complexa/inference/search_binder_local_pipeline_32_PDL1_ALPHA_REPACK_v7_r006_cand_v7r006_hyp_0006_01_002_a778160daa715/job_0_n_186_id_56_beam_orig1_bm3-s0to50br1-s50to100br2-s100to150br1-s150to200br0/job_0_n_186_id_56_beam_orig1_bm3-s0to50br1-s50to100br2-s100to150br1-s150to200br0.pdb,225,"2,0,13,16,19,16,19,14,11,3,10,18,19,19,6,18,7,15,2,12,16,9,6,4,11,13,14,19,6,11,5,10,3,10,0,0,10,9,19,18,17,6,12,6,3,11,2,9,9,5,13,19,8,7,6,6,3,10,11,19,5,8,15,15,18,1,5,1,0,1,10,10,11,3,5,10,15,10,7,2,0,0,10,5,9,16,3,19,11,10,5,3,0,7,19,18,1,4,12,9,15,18,7,7,0,3,18,11,1,9,16,19,11,19,2,0,15,6,6,3,19,2,11,0,19,6,8,0,11,2,18,19,11,6,2,10,15,11,18,15,7,2,5,3,11,0,19,5,3,0,19,11,6,10,5,2,18,12,1,3,2,2,9,16,10,16,3,15,5,6,0,1,19,11,10,6,9,6,4,9,19,11,6,10,16,15,0,0,0,0,0,0,0,0,0,0,0,0,0,0,0,0,0,0,0,0,0,0,0,0,0,0,0,0,0,0,0,0,0,0,0,0,0,0,0,0,0,0,0,0",-0.17319924,0.056978885,3.0,0.5318201,52.683815,0.60032654,1.0,0.60032654,0.14050442,0.5318201,0.0,0.0,0.5318201,0.002654366,0.9037346,0.14050442,3.1985333,1.6904813,52.683815,-0.17319924,2.1874774,178.40689,0.46331373,0.46331373,1.0,178.40689,0.7852296,0.09626536,3.1985333,0.002654366,0.60032654,0.056978885,0.0,1.6904813,2.1874774,0.46331373,0.17319924,0.0,0.60032654,0.17319924,0.8654329,0.46331373,1.0,0.5318201,lookahead,beam_orig1_bm3-s0to50br1-s50to100br2-s100to150br1-s150to200br0
/work/T-REX/external/Proteina-Complexa/inference/search_binder_local_pipeline_32_PDL1_ALPHA_REPACK_v7_r006_cand_v7r006_hyp_0006_01_002_a778160daa715/job_0_n_197_id_56_beam_orig2_bm3-s0to50br0-s50to100br0-s100to150br1-s150to200br0/job_0_n_197_id_56_beam_orig2_bm3-s0to50br0-s50to100br0-s100to150br1-s150to200br0.pdb,226,"2,0,13,16,19,16,19,14,11,3,10,18,19,19,6,18,7,15,2,12,16,9,6,4,11,13,14,19,6,11,5,10,3,10,0,0,10,9,19,18,17,6,12,6,3,11,2,9,9,5,13,19,8,7,6,6,3,10,11,19,5,8,15,15,18,1,5,1,0,1,10,10,11,3,5,10,15,10,7,2,0,0,10,5,9,16,3,19,11,10,5,3,0,7,19,18,1,4,12,9,15,18,7,7,0,3,18,11,1,9,16,19,11,19,2,0,15,11,6,3,16,9,6,11,18,0,13,5,9,19,16,15,19,6,11,6,2,6,3,0,10,9,0,0,10,2,6,10,11,11,9,2,0,15,6,6,3,16,10,1,11,9,6,9,19,7,1,11,12,2,10,11,5,15,16,9,6,11,0,19,11,19,19,11,16,13,13,6,16,7,3,0,11,11,0,10,0,0,0,0,0,0,0,0,0,0,0,0,0,0,0,0,0,0,0,0,0,0,0,0,0,0,0,0,0,0,0,0,0,0",-0.16715,0.05851303,3.0,0.54245114,35.637165,0.60751617,1.0,0.60751617,0.12585065,0.54245114,0.0,0.0,0.54245114,0.0010369052,0.9359815,0.12585065,1.6733598,1.3709849,35.637165,-0.16715,2.1682382,167.62358,0.47738606,0.47738606,1.0,167.62358,0.7888763,0.064018495,1.6733598,0.0010369052,0.60751617,0.05851303,0.0,1.3709849,2.1682382,0.47738606,0.16715,0.0,0.60751617,0.16715,0.86262906,0.47738606,1.0,0.54245114,lookahead,beam_orig2_bm3-s0to50br0-s50to100br0-s100to150br1-s150to200br0
/work/T-REX/external/Proteina-Complexa/inference/search_binder_local_pipeline_32_PDL1_ALPHA_REPACK_v7_r006_cand_v7r006_hyp_0006_01_002_a778160daa715/job_0_n_224_id_56_beam_orig3_bm0-s0to50br1-s50to100br2-s100to150br2-s150to200br0/job_0_n_224_id_56_beam_orig3_bm0-s0to50br1-s50to100br2-s100to150br2-s150to200br0.pdb,227,"2,0,13,16,19,16,19,14,11,3,10,18,19,19,6,18,7,15,2,12,16,9,6,4,11,13,14,19,6,11,5,10,3,10,0,0,10,9,19,18,17,6,12,6,3,11,2,9,9,5,13,19,8,7,6,6,3,10,11,19,5,8,15,15,18,1,5,1,0,1,10,10,11,3,5,10,15,10,7,2,0,0,10,5,9,16,3,19,11,10,5,3,0,7,19,18,1,4,12,9,15,18,7,7,0,3,18,11,1,9,16,19,11,19,2,0,0,10,16,19,16,0,14,11,14,10,18,16,7,16,1,7,7,2,19,16,10,6,4,11,19,15,11,16,10,16,15,11,16,15,19,10,17,11,15,14,2,2,6,11,19,10,5,18,0,7,7,6,15,16,16,18,7,6,13,11,7,1,0,1,10,10,7,7,5,3,0,15,10,5,10,15,2,10,1,10,15,3,15,7,19,18,5,4,10,19,12,2,0,3,7,0,3,3,11,16,9,6,10,2,19,11,6,14,0,0,0,0,0,0",-0.65131575,0.37169215,3.0,0.0058303485,109.173256,0.0059531108,1.0,0.0059531108,0.3896001,0.0,0.0,0.0,0.0058303485,0.0027576447,0.8324941,0.3896001,11.598227,1.4422125,109.173256,-0.65131575,4.2806787,231.91066,0.0,0.0057075857,1.0,231.91066,0.17785722,0.16750593,11.598227,0.0027576447,0.0,0.37169215,0.0,1.4422125,4.2806787,0.0,0.65131575,0.0,0.0,0.65131575,0.5570062,0.0057075857,1.0,0.0,lookahead,beam_orig3_bm0-s0to50br1-s50to100br2-s100to150br2-s150to200br0
/work/T-REX/external/Proteina-Complexa/inference/search_binder_local_pipeline_32_PDL1_ALPHA_REPACK_v7_r006_cand_v7r006_hyp_0006_01_002_a778160daa715/job_0_n_230_id_57_beam_orig0_bm3-s0to50br1-s50to100br3-s100to150br2-s150to200br1/job_0_n_230_id_57_beam_orig0_bm3-s0to50br1-s50to100br3-s100to150br2-s150to200br1.pdb,228,"2,0,13,16,19,16,19,14,11,3,10,18,19,19,6,18,7,15,2,12,16,9,6,4,11,13,14,19,6,11,5,10,3,10,0,0,10,9,19,18,17,6,12,6,3,11,2,9,9,5,13,19,8,7,6,6,3,10,11,19,5,8,15,15,18,1,5,1,0,1,10,10,11,3,5,10,15,10,7,2,0,0,10,5,9,16,3,19,11,10,5,3,0,7,19,18,1,4,12,9,15,18,7,7,0,3,18,11,1,9,16,19,11,19,2,0,0,13,16,19,16,19,14,11,3,10,18,19,19,6,18,7,15,2,12,16,9,6,4,11,13,14,19,6,11,5,10,3,10,0,0,10,9,19,18,17,6,12,6,3,11,2,9,9,5,13,19,8,7,6,6,3,10,11,19,5,8,15,15,18,1,5,1,0,1,10,10,11,3,5,10,15,10,7,2,0,0,10,5,9,16,3,19,11,10,5,3,0,7,19,18,1,4,12,9,15,18,7,7,0,3,18,11,1,9,16,19,11,19,2",-0.51119477,0.28555027,3.0,0.05332826,59.04284,0.055589616,1.0,0.055589616,0.3027629,0.012922259,0.0,0.0,0.05332826,0.0017905073,0.86190796,0.3027629,4.8415866,1.2738018,59.04284,-0.51119477,3.8299694,202.41888,0.012647739,0.051066905,1.0,202.41888,0.2738395,0.13809204,4.8415866,0.0017905073,0.01319678,0.28555027,0.0,1.2738018,3.8299694,0.012647739,0.51119477,0.0,0.01319678,0.51119477,0.59304684,0.051066905,1.0,0.012922259,lookahead,beam_orig0_bm3-s0to50br1-s50to100br3-s100to150br2-s150to200br1
/work/T-REX/external/Proteina-Complexa/inference/search_binder_local_pipeline_32_PDL1_ALPHA_REPACK_v7_r006_cand_v7r006_hyp_0006_01_002_a778160daa715/job_0_n_186_id_57_beam_orig1_bm3-s0to50br1-s50to100br2-s100to150br1-s150to200br1/job_0_n_186_id_57_beam_orig1_bm3-s0to50br1-s50to100br2-s100to150br1-s150to200br1.pdb,229,"2,0,13,16,19,16,19,14,11,3,10,18,19,19,6,18,7,15,2,12,16,9,6,4,11,13,14,19,6,11,5,10,3,10,0,0,10,9,19,18,17,6,12,6,3,11,2,9,9,5,13,19,8,7,6,6,3,10,11,19,5,8,15,15,18,1,5,1,0,1,10,10,11,3,5,10,15,10,7,2,0,0,10,5,9,16,3,19,11,10,5,3,0,7,19,18,1,4,12,9,15,18,7,7,0,3,18,11,1,9,16,19,11,19,2,0,15,6,6,3,19,2,11,0,19,6,8,0,11,2,18,19,11,6,2,10,15,11,18,15,7,2,19,3,11,0,19,5,3,0,19,11,6,10,5,2,18,12,11,3,2,2,9,16,10,16,3,15,5,6,0,1,19,11,10,6,9,6,4,9,19,11,6,10,16,15,0,0,0,0,0,0,0,0,0,0,0,0,0,0,0,0,0,0,0,0,0,0,0,0,0,0,0,0,0,0,0,0,0,0,0,0,0,0,0,0,0,0,0,0",-0.1854939,0.06096435,3.0,0.4963437,53.835865,0.56519634,1.0,0.56519634,0.1513863,0.4963437,0.0,0.0,0.4963437,0.0028622602,0.8816053,0.1513863,3.3052373,1.8432052,53.835865,-0.1854939,2.304994,179.17097,0.42749107,0.42749107,1.0,179.17097,0.76881576,0.11839469,3.3052373,0.0028622602,0.56519634,0.06096435,0.0,1.8432052,2.304994,0.42749107,0.1854939,0.0,0.56519634,0.1854939,0.8570256,0.42749107,1.0,0.4963437,lookahead,beam_orig1_bm3-s0to50br1-s50to100br2-s100to150br1-s150to200br1
/work/T-REX/external/Proteina-Complexa/inference/search_binder_local_pipeline_32_PDL1_ALPHA_REPACK_v7_r006_cand_v7r006_hyp_0006_01_002_a778160daa715/job_0_n_197_id_57_beam_orig2_bm3-s0to50br0-s50to100br0-s100to150br1-s150to200br1/job_0_n_197_id_57_beam_orig2_bm3-s0to50br0-s50to100br0-s100to150br1-s150to200br1.pdb,230,"2,0,13,16,19,16,19,14,11,3,10,18,19,19,6,18,7,15,2,12,16,9,6,4,11,13,14,19,6,11,5,10,3,10,0,0,10,9,19,18,17,6,12,6,3,11,2,9,9,5,13,19,8,7,6,6,3,10,11,19,5,8,15,15,18,1,5,1,0,1,10,10,11,3,5,10,15,10,7,2,0,0,10,5,9,16,3,19,11,10,5,3,0,7,19,18,1,4,12,9,15,18,7,7,0,3,18,11,1,9,16,19,11,19,2,0,15,1,6,3,16,9,6,11,18,0,13,5,9,19,16,15,19,6,11,6,2,6,3,0,10,9,0,0,10,2,6,10,11,11,9,2,0,15,6,6,3,16,10,1,11,9,6,9,19,7,1,11,12,2,10,11,5,15,16,9,6,11,0,19,11,19,19,11,16,13,13,6,16,7,3,0,11,11,0,10,0,0,0,0,0,0,0,0,0,0,0,0,0,0,0,0,0,0,0,0,0,0,0,0,0,0,0,0,0,0,0,0,0,0",-0.17216481,0.061273973,3.0,0.52710664,37.23217,0.5916766,1.0,0.5916766,0.12958518,0.52710664,0.0,0.0,0.52710664,0.0010727938,0.93189794,0.12958518,1.8500204,1.3945454,37.23217,-0.17216481,2.2060487,170.25072,0.46253666,0.46253666,1.0,170.25072,0.78263414,0.068102084,1.8500204,0.0010727938,0.5916766,0.061273973,0.0,1.3945454,2.2060487,0.46253666,0.17216481,0.0,0.5916766,0.17216481,0.85973907,0.46253666,1.0,0.52710664,lookahead,beam_orig2_bm3-s0to50br0-s50to100br0-s100to150br1-s150to200br1
/work/T-REX/external/Proteina-Complexa/inference/search_binder_local_pipeline_32_PDL1_ALPHA_REPACK_v7_r006_cand_v7r006_hyp_0006_01_002_a778160daa715/job_0_n_224_id_57_beam_orig3_bm0-s0to50br1-s50to100br2-s100to150br2-s150to200br1/job_0_n_224_id_57_beam_orig3_bm0-s0to50br1-s50to100br2-s100to150br2-s150to200br1.pdb,231,"2,0,13,16,19,16,19,14,11,3,10,18,19,19,6,18,7,15,2,12,16,9,6,4,11,13,14,19,6,11,5,10,3,10,0,0,10,9,19,18,17,6,12,6,3,11,2,9,9,5,13,19,8,7,6,6,3,10,11,19,5,8,15,15,18,1,5,1,0,1,10,10,11,3,5,10,15,10,7,2,0,0,10,5,9,16,3,19,11,10,5,3,0,7,19,18,1,4,12,9,15,18,7,7,0,3,18,11,1,9,16,19,11,19,2,0,0,10,16,19,16,0,14,11,14,10,18,16,7,16,1,7,7,2,19,16,10,6,4,11,19,15,1,16,10,16,15,11,16,15,19,10,17,11,15,14,2,2,6,11,19,10,5,18,0,7,7,6,15,16,16,18,7,6,18,11,7,1,0,1,10,10,7,7,5,3,0,15,10,5,10,15,2,10,1,10,15,3,15,7,19,18,5,4,10,19,12,2,19,3,7,0,3,3,11,16,9,6,10,2,19,11,10,14,0,0,0,0,0,0",-0.61821496,0.33247942,3.0,0.0086633265,83.300514,0.011003606,1.0,0.011003606,0.3738922,0.0,0.0,0.0,0.0086633265,0.002282333,0.8319858,0.3738922,6.5850253,1.4689215,83.300514,-0.61821496,4.211231,226.76309,0.0,0.006323046,1.0,226.76309,0.20692694,0.16801421,6.5850253,0.002282333,0.0,0.33247942,0.0,1.4689215,4.211231,0.0,0.61821496,0.0,0.0,0.61821496,0.5635885,0.006323046,1.0,0.0,lookahead,beam_orig3_bm0-s0to50br1-s50to100br2-s100to150br2-s150to200br1
/work/T-REX/external/Proteina-Complexa/inference/search_binder_local_pipeline_32_PDL1_ALPHA_REPACK_v7_r006_cand_v7r006_hyp_0006_01_002_a778160daa715/job_0_n_230_id_58_beam_orig0_bm3-s0to50br1-s50to100br3-s100to150br2-s150to200br2/job_0_n_230_id_58_beam_orig0_bm3-s0to50br1-s50to100br3-s100to150br2-s150to200br2.pdb,232,"2,0,13,16,19,16,19,14,11,3,10,18,19,19,6,18,7,15,2,12,16,9,6,4,11,13,14,19,6,11,5,10,3,10,0,0,10,9,19,18,17,6,12,6,3,11,2,9,9,5,13,19,8,7,6,6,3,10,11,19,5,8,15,15,18,1,5,1,0,1,10,10,11,3,5,10,15,10,7,2,0,0,10,5,9,16,3,19,11,10,5,3,0,7,19,18,1,4,12,9,15,18,7,7,0,3,18,11,1,9,16,19,11,19,2,0,0,13,16,19,16,19,14,11,3,10,18,19,19,6,18,7,15,2,12,16,9,6,4,11,13,14,19,6,11,5,10,3,10,0,0,10,9,19,18,17,6,12,6,3,11,2,9,9,5,13,19,8,7,6,6,3,10,11,19,5,8,15,15,18,1,5,1,0,1,10,10,11,3,5,10,15,10,7,2,0,0,10,5,9,16,3,19,11,10,5,3,0,7,19,18,1,4,12,9,15,18,7,7,0,3,18,11,1,9,16,19,11,19,2",-0.518693,0.28998816,3.0,0.04961954,59.056496,0.052281063,1.0,0.052281063,0.30621293,0.012601808,0.0,0.0,0.04961954,0.0017606224,0.8625382,0.30621293,4.8629518,1.2689805,59.056496,-0.518693,3.8461788,199.16595,0.012345731,0.046958014,1.0,199.16595,0.26827082,0.13746178,4.8629518,0.0017606224,0.012857884,0.28998816,0.0,1.2689805,3.8461788,0.012345731,0.518693,0.0,0.012857884,0.518693,0.5902978,0.046958014,1.0,0.012601808,lookahead,beam_orig0_bm3-s0to50br1-s50to100br3-s100to150br2-s150to200br2
/work/T-REX/external/Proteina-Complexa/inference/search_binder_local_pipeline_32_PDL1_ALPHA_REPACK_v7_r006_cand_v7r006_hyp_0006_01_002_a778160daa715/job_0_n_186_id_58_beam_orig1_bm3-s0to50br1-s50to100br2-s100to150br1-s150to200br2/job_0_n_186_id_58_beam_orig1_bm3-s0to50br1-s50to100br2-s100to150br1-s150to200br2.pdb,233,"2,0,13,16,19,16,19,14,11,3,10,18,19,19,6,18,7,15,2,12,16,9,6,4,11,13,14,19,6,11,5,10,3,10,0,0,10,9,19,18,17,6,12,6,3,11,2,9,9,5,13,19,8,7,6,6,3,10,11,19,5,8,15,15,18,1,5,1,0,1,10,10,11,3,5,10,15,10,7,2,0,0,10,5,9,16,3,19,11,10,5,3,0,7,19,18,1,4,12,9,15,18,7,7,0,3,18,11,1,9,16,19,11,19,2,0,15,6,6,3,19,2,11,0,19,6,8,0,11,2,18,19,11,6,2,10,15,11,18,15,7,2,5,3,11,0,19,5,3,0,19,11,6,10,5,2,18,12,1,3,2,2,9,16,10,16,3,15,5,6,0,1,19,11,10,6,9,6,4,9,19,11,6,10,16,15,0,0,0,0,0,0,0,0,0,0,0,0,0,0,0,0,0,0,0,0,0,0,0,0,0,0,0,0,0,0,0,0,0,0,0,0,0,0,0,0,0,0,0,0",-0.17488924,0.057066638,3.0,0.5288583,51.216778,0.59719205,1.0,0.59719205,0.14236586,0.5288583,0.0,0.0,0.5288583,0.0027970152,0.8989025,0.14236586,3.270614,1.7264897,51.216778,-0.17488924,2.2020202,181.05165,0.46052453,0.46052453,1.0,181.05165,0.78367186,0.10109753,3.270614,0.0027970152,0.59719205,0.057066638,0.0,1.7264897,2.2020202,0.46052453,0.17488924,0.0,0.59719205,0.17488924,0.8650516,0.46052453,1.0,0.5288583,lookahead,beam_orig1_bm3-s0to50br1-s50to100br2-s100to150br1-s150to200br2
/work/T-REX/external/Proteina-Complexa/inference/search_binder_local_pipeline_32_PDL1_ALPHA_REPACK_v7_r006_cand_v7r006_hyp_0006_01_002_a778160daa715/job_0_n_197_id_58_beam_orig2_bm3-s0to50br0-s50to100br0-s100to150br1-s150to200br2/job_0_n_197_id_58_beam_orig2_bm3-s0to50br0-s50to100br0-s100to150br1-s150to200br2.pdb,234,"2,0,13,16,19,16,19,14,11,3,10,18,19,19,6,18,7,15,2,12,16,9,6,4,11,13,14,19,6,11,5,10,3,10,0,0,10,9,19,18,17,6,12,6,3,11,2,9,9,5,13,19,8,7,6,6,3,10,11,19,5,8,15,15,18,1,5,1,0,1,10,10,11,3,5,10,15,10,7,2,0,0,10,5,9,16,3,19,11,10,5,3,0,7,19,18,1,4,12,9,15,18,7,7,0,3,18,11,1,9,16,19,11,19,2,0,15,1,6,3,16,9,6,11,18,0,13,5,9,19,16,15,19,6,11,6,2,6,3,0,10,9,0,0,10,2,6,10,11,11,9,2,0,15,6,6,3,16,10,1,11,9,6,9,19,7,1,11,12,2,10,11,5,15,16,9,6,11,0,19,11,19,19,11,16,13,13,6,16,7,3,0,11,11,0,10,0,0,0,0,0,0,0,0,0,0,0,0,0,0,0,0,0,0,0,0,0,0,0,0,0,0,0,0,0,0,0,0,0,0",-0.17067559,0.060335323,3.0,0.5325089,35.33042,0.59755534,1.0,0.59755534,0.1286204,0.5325089,0.0,0.0,0.5325089,0.0010501742,0.9324802,0.1286204,1.8447969,1.3929048,35.33042,-0.17067559,2.1950443,164.33218,0.4674625,0.4674625,1.0,164.33218,0.78430474,0.06751978,1.8447969,0.0010501742,0.59755534,0.060335323,0.0,1.3929048,2.1950443,0.4674625,0.17067559,0.0,0.59755534,0.17067559,0.86065257,0.4674625,1.0,0.5325089,lookahead,beam_orig2_bm3-s0to50br0-s50to100br0-s100to150br1-s150to200br2
/work/T-REX/external/Proteina-Complexa/inference/search_binder_local_pipeline_32_PDL1_ALPHA_REPACK_v7_r006_cand_v7r006_hyp_0006_01_002_a778160daa715/job_0_n_224_id_58_beam_orig3_bm0-s0to50br1-s50to100br2-s100to150br2-s150to200br2/job_0_n_224_id_58_beam_orig3_bm0-s0to50br1-s50to100br2-s100to150br2-s150to200br2.pdb,235,"2,0,13,16,19,16,19,14,11,3,10,18,19,19,6,18,7,15,2,12,16,9,6,4,11,13,14,19,6,11,5,10,3,10,0,0,10,9,19,18,17,6,12,6,3,11,2,9,9,5,13,19,8,7,6,6,3,10,11,19,5,8,15,15,18,1,5,1,0,1,10,10,11,3,5,10,15,10,7,2,0,0,10,5,9,16,3,19,11,10,5,3,0,7,19,18,1,4,12,9,15,18,7,7,0,3,18,11,1,9,16,19,11,19,2,0,0,10,16,19,16,0,14,11,14,10,18,16,7,16,1,7,7,2,19,16,10,6,4,11,19,15,1,16,10,16,15,11,16,15,19,10,17,11,15,14,2,2,6,11,19,10,5,18,0,7,7,6,15,16,16,18,7,6,13,11,7,1,0,1,10,10,7,7,5,3,0,15,10,5,10,15,2,10,1,10,15,3,15,7,19,18,5,4,10,19,12,2,0,3,7,0,3,3,11,16,9,6,10,2,19,11,6,14,0,0,0,0,0,0",-0.64265805,0.36060858,3.0,0.0059131533,100.79784,0.00600089,1.0,0.00600089,0.38676503,0.0,0.0,0.0,0.0059131533,0.0027339016,0.82983124,0.38676503,10.133404,1.4653014,100.79784,-0.64265805,4.2780933,229.00046,0.0,0.0058254167,1.0,229.00046,0.18151453,0.17016877,10.133404,0.0027339016,0.0,0.36060858,0.0,1.4653014,4.2780933,0.0,0.64265805,0.0,0.0,0.64265805,0.557467,0.0058254167,1.0,0.0,lookahead,beam_orig3_bm0-s0to50br1-s50to100br2-s100to150br2-s150to200br2
/work/T-REX/external/Proteina-Complexa/inference/search_binder_local_pipeline_32_PDL1_ALPHA_REPACK_v7_r006_cand_v7r006_hyp_0006_01_002_a778160daa715/job_0_n_230_id_59_beam_orig0_bm3-s0to50br1-s50to100br3-s100to150br2-s150to200br3/job_0_n_230_id_59_beam_orig0_bm3-s0to50br1-s50to100br3-s100to150br2-s150to200br3.pdb,236,"2,0,13,16,19,16,19,14,11,3,10,18,19,19,6,18,7,15,2,12,16,9,6,4,11,13,14,19,6,11,5,10,3,10,0,0,10,9,19,18,17,6,12,6,3,11,2,9,9,5,13,19,8,7,6,6,3,10,11,19,5,8,15,15,18,1,5,1,0,1,10,10,11,3,5,10,15,10,7,2,0,0,10,5,9,16,3,19,11,10,5,3,0,7,19,18,1,4,12,9,15,18,7,7,0,3,18,11,1,9,16,19,11,19,2,0,0,13,16,19,16,19,14,11,3,10,18,19,19,6,18,7,15,2,12,16,9,6,4,11,13,14,19,6,11,5,10,3,10,0,0,10,9,19,18,17,6,12,6,3,11,2,9,9,5,13,19,8,7,6,6,3,10,11,19,5,8,15,15,18,1,5,1,0,1,10,10,11,3,5,10,15,10,7,2,0,0,10,5,9,16,3,19,11,10,5,3,0,7,19,18,1,4,12,9,15,18,7,7,0,3,18,11,1,9,16,19,11,19,2",-0.5227533,0.294747,3.0,0.04748448,57.74839,0.049755678,1.0,0.049755678,0.30853048,0.012338925,0.0,0.0,0.04748448,0.0017877597,0.86236936,0.30853048,4.69982,1.2741435,57.74839,-0.5227533,3.857426,196.16864,0.012015719,0.04521328,1.0,196.16864,0.26637095,0.13763063,4.69982,0.0017877597,0.012662131,0.294747,0.0,1.2741435,3.857426,0.012015719,0.5227533,0.0,0.012662131,0.5227533,0.5891389,0.04521328,1.0,0.012338925,lookahead,beam_orig0_bm3-s0to50br1-s50to100br3-s100to150br2-s150to200br3
/work/T-REX/external/Proteina-Complexa/inference/search_binder_local_pipeline_32_PDL1_ALPHA_REPACK_v7_r006_cand_v7r006_hyp_0006_01_002_a778160daa715/job_0_n_186_id_59_beam_orig1_bm3-s0to50br1-s50to100br2-s100to150br1-s150to200br3/job_0_n_186_id_59_beam_orig1_bm3-s0to50br1-s50to100br2-s100to150br1-s150to200br3.pdb,237,"2,0,13,16,19,16,19,14,11,3,10,18,19,19,6,18,7,15,2,12,16,9,6,4,11,13,14,19,6,11,5,10,3,10,0,0,10,9,19,18,17,6,12,6,3,11,2,9,9,5,13,19,8,7,6,6,3,10,11,19,5,8,15,15,18,1,5,1,0,1,10,10,11,3,5,10,15,10,7,2,0,0,10,5,9,16,3,19,11,10,5,3,0,7,19,18,1,4,12,9,15,18,7,7,0,3,18,11,1,9,16,19,11,19,2,0,15,6,6,3,19,2,11,0,19,6,8,0,11,2,18,19,11,6,2,10,15,11,18,15,7,2,5,3,11,0,19,5,3,0,19,11,6,10,5,2,18,12,1,3,2,2,9,16,10,16,3,15,5,6,0,1,19,11,10,6,9,6,4,9,19,11,6,10,16,15,0,0,0,0,0,0,0,0,0,0,0,0,0,0,0,0,0,0,0,0,0,0,0,0,0,0,0,0,0,0,0,0,0,0,0,0,0,0,0,0,0,0,0,0",-0.17212501,0.05576387,3.0,0.53595006,51.814495,0.605117,1.0,0.605117,0.13970849,0.53595006,0.0,0.0,0.53595006,0.0026878628,0.90490884,0.13970849,3.1220376,1.685059,51.814495,-0.17212501,2.1796687,175.23895,0.46678314,0.46678314,1.0,175.23895,0.7876631,0.09509114,3.1220376,0.0026878628,0.605117,0.05576387,0.0,1.685059,2.1796687,0.46678314,0.17212501,0.0,0.605117,0.17212501,0.866776,0.46678314,1.0,0.53595006,lookahead,beam_orig1_bm3-s0to50br1-s50to100br2-s100to150br1-s150to200br3
/work/T-REX/external/Proteina-Complexa/inference/search_binder_local_pipeline_32_PDL1_ALPHA_REPACK_v7_r006_cand_v7r006_hyp_0006_01_002_a778160daa715/job_0_n_197_id_59_beam_orig2_bm3-s0to50br0-s50to100br0-s100to150br1-s150to200br3/job_0_n_197_id_59_beam_orig2_bm3-s0to50br0-s50to100br0-s100to150br1-s150to200br3.pdb,238,"2,0,13,16,19,16,19,14,11,3,10,18,19,19,6,18,7,15,2,12,16,9,6,4,11,13,14,19,6,11,5,10,3,10,0,0,10,9,19,18,17,6,12,6,3,11,2,9,9,5,13,19,8,7,6,6,3,10,11,19,5,8,15,15,18,1,5,1,0,1,10,10,11,3,5,10,15,10,7,2,0,0,10,5,9,16,3,19,11,10,5,3,0,7,19,18,1,4,12,9,15,18,7,7,0,3,18,11,1,9,16,19,11,19,2,0,15,1,6,3,16,9,6,11,18,0,13,5,9,19,16,15,19,6,11,6,2,6,3,0,10,9,0,0,10,2,6,10,11,11,9,2,0,15,6,6,3,16,10,1,11,9,6,9,19,7,1,11,12,2,10,11,5,15,16,9,6,11,0,19,11,19,19,11,16,13,13,6,16,7,3,0,11,11,0,10,0,0,0,0,0,0,0,0,0,0,0,0,0,0,0,0,0,0,0,0,0,0,0,0,0,0,0,0,0,0,0,0,0,0",-0.17159867,0.06090493,3.0,0.52771044,34.45869,0.5916857,1.0,0.5916857,0.12918305,0.52771044,0.0,0.0,0.52771044,0.0010861821,0.9319136,0.12918305,1.8104289,1.3962122,34.45869,-0.17159867,2.2006602,160.2846,0.46373513,0.46373513,1.0,160.2846,0.7816103,0.06808636,1.8104289,0.0010861821,0.5916857,0.06090493,0.0,1.3962122,2.2006602,0.46373513,0.17159867,0.0,0.5916857,0.17159867,0.8597436,0.46373513,1.0,0.52771044,lookahead,beam_orig2_bm3-s0to50br0-s50to100br0-s100to150br1-s150to200br3
/work/T-REX/external/Proteina-Complexa/inference/search_binder_local_pipeline_32_PDL1_ALPHA_REPACK_v7_r006_cand_v7r006_hyp_0006_01_002_a778160daa715/job_0_n_224_id_59_beam_orig3_bm0-s0to50br1-s50to100br2-s100to150br2-s150to200br3/job_0_n_224_id_59_beam_orig3_bm0-s0to50br1-s50to100br2-s100to150br2-s150to200br3.pdb,239,"2,0,13,16,19,16,19,14,11,3,10,18,19,19,6,18,7,15,2,12,16,9,6,4,11,13,14,19,6,11,5,10,3,10,0,0,10,9,19,18,17,6,12,6,3,11,2,9,9,5,13,19,8,7,6,6,3,10,11,19,5,8,15,15,18,1,5,1,0,1,10,10,11,3,5,10,15,10,7,2,0,0,10,5,9,16,3,19,11,10,5,3,0,7,19,18,1,4,12,9,15,18,7,7,0,3,18,11,1,9,16,19,11,19,2,0,0,10,16,19,16,0,14,11,14,10,18,16,7,16,1,7,7,2,19,16,10,6,4,11,19,15,1,16,10,16,15,11,16,15,19,10,17,11,15,14,2,2,6,11,19,10,5,18,0,7,7,6,15,16,16,18,7,6,13,11,7,1,0,1,10,10,7,7,5,3,0,15,10,5,10,15,2,10,1,10,15,3,15,7,19,18,5,4,10,19,12,2,0,3,7,0,3,3,11,16,9,6,10,2,19,11,6,14,0,0,0,0,0,0",-0.63988256,0.35768515,3.0,0.006020166,99.330605,0.0060920785,1.0,0.0060920785,0.3849619,0.0,0.0,0.0,0.006020166,0.0026234686,0.82989585,0.3849619,9.626343,1.462367,99.330605,-0.63988256,4.263187,233.2209,0.0,0.005948253,1.0,233.2209,0.18205634,0.17010415,9.626343,0.0026234686,0.0,0.35768515,0.0,1.462367,4.263187,0.0,0.63988256,0.0,0.0,0.63988256,0.5582205,0.005948253,1.0,0.0,lookahead,beam_orig3_bm0-s0to50br1-s50to100br2-s100to150br2-s150to200br3
/work/T-REX/external/Proteina-Complexa/inference/search_binder_local_pipeline_32_PDL1_ALPHA_REPACK_v7_r006_cand_v7r006_hyp_0006_01_002_a778160daa715/job_0_n_230_id_60_beam_orig0_bm3-s0to50br1-s50to100br2-s100to150br3-s150to200br0/job_0_n_230_id_60_beam_orig0_bm3-s0to50br1-s50to100br2-s100to150br3-s150to200br0.pdb,240,"2,0,13,16,19,16,19,14,11,3,10,18,19,19,6,18,7,15,2,12,16,9,6,4,11,13,14,19,6,11,5,10,3,10,0,0,10,9,19,18,17,6,12,6,3,11,2,9,9,5,13,19,8,7,6,6,3,10,11,19,5,8,15,15,18,1,5,1,0,1,10,10,11,3,5,10,15,10,7,2,0,0,10,5,9,16,3,19,11,10,5,3,0,7,19,18,1,4,12,9,15,18,7,7,0,3,18,11,1,9,16,19,11,19,2,0,0,13,16,19,16,19,14,11,3,10,18,19,19,6,18,7,15,2,12,16,9,6,4,11,13,14,19,6,11,5,10,3,10,0,0,10,9,19,18,17,6,12,6,3,11,2,9,9,5,13,19,8,7,6,6,3,10,11,19,5,8,15,15,18,1,5,1,0,1,10,10,11,3,5,10,15,10,7,2,0,0,10,5,9,16,3,19,11,10,5,3,0,7,19,18,1,4,12,9,15,18,7,7,0,3,18,11,1,9,16,19,11,19,2",-0.51812184,0.28835183,3.0,0.049484223,57.764633,0.051607404,1.0,0.051607404,0.30629796,0.012738224,0.0,0.0,0.049484223,0.0017542547,0.861626,0.30629796,5.1172113,1.2749443,57.764633,-0.51812184,3.8481286,202.2292,0.012491897,0.04736104,1.0,202.2292,0.26809126,0.13837397,5.1172113,0.0017542547,0.012984551,0.28835183,0.0,1.2749443,3.8481286,0.012491897,0.51812184,0.0,0.012984551,0.51812184,0.5899577,0.04736104,1.0,0.012738224,lookahead,beam_orig0_bm3-s0to50br1-s50to100br2-s100to150br3-s150to200br0
/work/T-REX/external/Proteina-Complexa/inference/search_binder_local_pipeline_32_PDL1_ALPHA_REPACK_v7_r006_cand_v7r006_hyp_0006_01_002_a778160daa715/job_0_n_186_id_60_beam_orig1_bm3-s0to50br1-s50to100br2-s100to150br3-s150to200br0/job_0_n_186_id_60_beam_orig1_bm3-s0to50br1-s50to100br2-s100to150br3-s150to200br0.pdb,241,"2,0,13,16,19,16,19,14,11,3,10,18,19,19,6,18,7,15,2,12,16,9,6,4,11,13,14,19,6,11,5,10,3,10,0,0,10,9,19,18,17,6,12,6,3,11,2,9,9,5,13,19,8,7,6,6,3,10,11,19,5,8,15,15,18,1,5,1,0,1,10,10,11,3,5,10,15,10,7,2,0,0,10,5,9,16,3,19,11,10,5,3,0,7,19,18,1,4,12,9,15,18,7,7,0,3,18,11,1,9,16,19,11,19,2,0,15,15,6,3,19,11,11,0,19,6,0,0,11,11,18,19,6,6,2,10,15,11,18,11,7,2,5,3,11,0,9,6,3,0,19,11,6,19,11,2,18,19,11,3,2,2,10,16,10,16,14,15,5,6,0,1,19,11,10,6,19,6,4,9,19,11,6,11,16,15,0,0,0,0,0,0,0,0,0,0,0,0,0,0,0,0,0,0,0,0,0,0,0,0,0,0,0,0,0,0,0,0,0,0,0,0,0,0,0,0,0,0,0,0",-0.17232473,0.06189335,3.0,0.4951008,61.982277,0.56126004,1.0,0.56126004,0.13650744,0.4951008,0.0,0.0,0.4951008,0.0026683474,0.92373425,0.13650744,2.8602555,1.454533,61.982277,-0.17232473,2.1439855,200.9058,0.42894152,0.42894152,1.0,200.9058,0.7674882,0.076265745,2.8602555,0.0026683474,0.56126004,0.06189335,0.0,1.454533,2.1439855,0.42894152,0.17232473,0.0,0.56126004,0.17232473,0.8610102,0.42894152,1.0,0.4951008,lookahead,beam_orig1_bm3-s0to50br1-s50to100br2-s100to150br3-s150to200br0
/work/T-REX/external/Proteina-Complexa/inference/search_binder_local_pipeline_32_PDL1_ALPHA_REPACK_v7_r006_cand_v7r006_hyp_0006_01_002_a778160daa715/job_0_n_197_id_60_beam_orig2_bm3-s0to50br0-s50to100br0-s100to150br0-s150to200br0/job_0_n_197_id_60_beam_orig2_bm3-s0to50br0-s50to100br0-s100to150br0-s150to200br0.pdb,242,"2,0,13,16,19,16,19,14,11,3,10,18,19,19,6,18,7,15,2,12,16,9,6,4,11,13,14,19,6,11,5,10,3,10,0,0,10,9,19,18,17,6,12,6,3,11,2,9,9,5,13,19,8,7,6,6,3,10,11,19,5,8,15,15,18,1,5,1,0,1,10,10,11,3,5,10,15,10,7,2,0,0,10,5,9,16,3,19,11,10,5,3,0,7,19,18,1,4,12,9,15,18,7,7,0,3,18,11,1,9,16,19,11,19,2,0,15,11,6,3,16,9,6,11,10,0,13,5,9,19,16,15,19,6,11,6,2,3,3,0,10,10,0,0,10,2,6,9,11,11,11,7,13,15,6,11,3,16,10,16,5,9,2,9,19,7,1,11,12,11,10,11,5,15,16,9,6,11,0,19,11,9,19,1,16,13,13,6,15,7,3,0,11,11,0,9,0,0,0,0,0,0,0,0,0,0,0,0,0,0,0,0,0,0,0,0,0,0,0,0,0,0,0,0,0,0,0,0,0,0",-0.1747925,0.066863656,3.0,0.49987566,39.368496,0.5629154,1.0,0.5629154,0.13059007,0.49987566,0.0,0.0,0.49987566,0.0009724461,0.9334449,0.13059007,2.1921487,1.3891507,39.368496,-0.1747925,2.2312815,180.4886,0.43683597,0.43683597,1.0,180.4886,0.77163863,0.06655507,2.1921487,0.0009724461,0.5629154,0.066863656,0.0,1.3891507,2.2312815,0.43683597,0.1747925,0.0,0.5629154,0.1747925,0.8574784,0.43683597,1.0,0.49987566,lookahead,beam_orig2_bm3-s0to50br0-s50to100br0-s100to150br0-s150to200br0
/work/T-REX/external/Proteina-Complexa/inference/search_binder_local_pipeline_32_PDL1_ALPHA_REPACK_v7_r006_cand_v7r006_hyp_0006_01_002_a778160daa715/job_0_n_224_id_60_beam_orig3_bm3-s0to50br0-s50to100br0-s100to150br1-s150to200br0/job_0_n_224_id_60_beam_orig3_bm3-s0to50br0-s50to100br0-s100to150br1-s150to200br0.pdb,243,"2,0,13,16,19,16,19,14,11,3,10,18,19,19,6,18,7,15,2,12,16,9,6,4,11,13,14,19,6,11,5,10,3,10,0,0,10,9,19,18,17,6,12,6,3,11,2,9,9,5,13,19,8,7,6,6,3,10,11,19,5,8,15,15,18,1,5,1,0,1,10,10,11,3,5,10,15,10,7,2,0,0,10,5,9,16,3,19,11,10,5,3,0,7,19,18,1,4,12,9,15,18,7,7,0,3,18,11,1,9,16,19,11,19,2,0,3,10,18,19,19,6,18,7,15,2,12,16,9,6,4,11,13,14,19,6,11,5,10,3,10,0,0,10,9,19,18,17,6,12,6,3,11,2,9,9,5,13,19,8,7,6,6,3,10,11,19,5,8,15,15,18,1,5,1,0,1,10,10,11,3,5,10,15,10,7,2,0,0,10,5,9,16,3,19,11,10,5,3,0,7,19,18,1,4,12,9,15,18,7,7,0,3,18,11,1,9,16,19,11,19,2,0,10,0,0,0,0,0,0",-0.51113874,0.2898495,3.0,0.055191793,78.14199,0.05534107,1.0,0.05534107,0.31334877,0.0127063105,0.0,0.0,0.055191793,0.0023170372,0.85296786,0.31334877,3.3100002,1.3558495,78.14199,-0.51113874,3.8827667,212.52359,0.012427615,0.055042513,1.0,212.52359,0.26904598,0.14703217,3.3100002,0.0023170372,0.012985006,0.2898495,0.0,1.3558495,3.8827667,0.012427615,0.51113874,0.0,0.012985006,0.51113874,0.5980015,0.055042513,1.0,0.0127063105,lookahead,beam_orig3_bm3-s0to50br0-s50to100br0-s100to150br1-s150to200br0
/work/T-REX/external/Proteina-Complexa/inference/search_binder_local_pipeline_32_PDL1_ALPHA_REPACK_v7_r006_cand_v7r006_hyp_0006_01_002_a778160daa715/job_0_n_230_id_61_beam_orig0_bm3-s0to50br1-s50to100br2-s100to150br3-s150to200br1/job_0_n_230_id_61_beam_orig0_bm3-s0to50br1-s50to100br2-s100to150br3-s150to200br1.pdb,244,"2,0,13,16,19,16,19,14,11,3,10,18,19,19,6,18,7,15,2,12,16,9,6,4,11,13,14,19,6,11,5,10,3,10,0,0,10,9,19,18,17,6,12,6,3,11,2,9,9,5,13,19,8,7,6,6,3,10,11,19,5,8,15,15,18,1,5,1,0,1,10,10,11,3,5,10,15,10,7,2,0,0,10,5,9,16,3,19,11,10,5,3,0,7,19,18,1,4,12,9,15,18,7,7,0,3,18,11,1,9,16,19,11,19,2,0,0,13,16,19,16,19,14,11,3,10,18,19,19,6,18,7,15,2,12,16,9,6,4,11,13,14,19,6,11,5,10,3,10,0,0,10,9,19,18,17,6,12,6,3,11,2,9,9,5,13,19,8,7,6,6,3,10,11,19,5,8,15,15,18,1,5,1,0,1,10,10,11,3,5,10,15,10,7,2,0,0,10,5,9,16,3,19,11,10,5,3,0,7,19,18,1,4,12,9,15,18,7,7,0,3,18,11,1,9,16,19,11,19,2",-0.5112518,0.28125435,3.0,0.05220621,66.60027,0.054618657,1.0,0.054618657,0.30268675,0.013377678,0.0,0.0,0.05220621,0.0017041826,0.8613317,0.30268675,5.7180834,1.2682192,66.60027,-0.5112518,3.8151839,199.99704,0.013031098,0.04979377,1.0,199.99704,0.26911795,0.13866827,5.7180834,0.0017041826,0.013724256,0.28125435,0.0,1.2682192,3.8151839,0.013031098,0.5112518,0.0,0.013724256,0.5112518,0.5906391,0.04979377,1.0,0.013377678,lookahead,beam_orig0_bm3-s0to50br1-s50to100br2-s100to150br3-s150to200br1
/work/T-REX/external/Proteina-Complexa/inference/search_binder_local_pipeline_32_PDL1_ALPHA_REPACK_v7_r006_cand_v7r006_hyp_0006_01_002_a778160daa715/job_0_n_186_id_61_beam_orig1_bm3-s0to50br1-s50to100br2-s100to150br3-s150to200br1/job_0_n_186_id_61_beam_orig1_bm3-s0to50br1-s50to100br2-s100to150br3-s150to200br1.pdb,245,"2,0,13,16,19,16,19,14,11,3,10,18,19,19,6,18,7,15,2,12,16,9,6,4,11,13,14,19,6,11,5,10,3,10,0,0,10,9,19,18,17,6,12,6,3,11,2,9,9,5,13,19,8,7,6,6,3,10,11,19,5,8,15,15,18,1,5,1,0,1,10,10,11,3,5,10,15,10,7,2,0,0,10,5,9,16,3,19,11,10,5,3,0,7,19,18,1,4,12,9,15,18,7,7,0,3,18,11,1,9,16,19,11,19,2,0,15,15,6,3,19,11,11,0,19,6,0,0,11,11,18,19,6,6,2,10,15,11,18,11,7,2,5,3,11,0,9,6,3,0,19,11,6,19,11,2,18,19,11,3,2,2,10,16,10,16,14,15,5,6,0,1,19,11,10,6,19,6,4,9,19,11,6,11,16,15,0,0,0,0,0,0,0,0,0,0,0,0,0,0,0,0,0,0,0,0,0,0,0,0,0,0,0,0,0,0,0,0,0,0,0,0,0,0,0,0,0,0,0,0",-0.17317203,0.06243791,3.0,0.49176878,62.668926,0.5581227,1.0,0.5581227,0.13719212,0.49176878,0.0,0.0,0.49176878,0.0026997013,0.9229525,0.13719212,2.9807537,1.4560091,62.668926,-0.17317203,2.1453502,206.63506,0.4254149,0.4254149,1.0,206.63506,0.76678336,0.07704755,2.9807537,0.0026997013,0.5581227,0.06243791,0.0,1.4560091,2.1453502,0.4254149,0.17317203,0.0,0.5581227,0.17317203,0.8606192,0.4254149,1.0,0.49176878,lookahead,beam_orig1_bm3-s0to50br1-s50to100br2-s100to150br3-s150to200br1
/work/T-REX/external/Proteina-Complexa/inference/search_binder_local_pipeline_32_PDL1_ALPHA_REPACK_v7_r006_cand_v7r006_hyp_0006_01_002_a778160daa715/job_0_n_197_id_61_beam_orig2_bm3-s0to50br0-s50to100br0-s100to150br0-s150to200br1/job_0_n_197_id_61_beam_orig2_bm3-s0to50br0-s50to100br0-s100to150br0-s150to200br1.pdb,246,"2,0,13,16,19,16,19,14,11,3,10,18,19,19,6,18,7,15,2,12,16,9,6,4,11,13,14,19,6,11,5,10,3,10,0,0,10,9,19,18,17,6,12,6,3,11,2,9,9,5,13,19,8,7,6,6,3,10,11,19,5,8,15,15,18,1,5,1,0,1,10,10,11,3,5,10,15,10,7,2,0,0,10,5,9,16,3,19,11,10,5,3,0,7,19,18,1,4,12,9,15,18,7,7,0,3,18,11,1,9,16,19,11,19,2,0,15,11,6,3,16,9,6,11,10,0,13,5,9,19,16,15,19,6,11,6,2,3,3,0,10,10,0,0,10,2,6,9,11,11,11,7,13,15,6,11,3,16,10,16,5,9,2,9,19,7,1,11,12,11,10,11,5,15,16,9,6,11,0,19,11,9,19,1,16,13,13,6,15,7,3,0,11,11,0,9,0,0,0,0,0,0,0,0,0,0,0,0,0,0,0,0,0,0,0,0,0,0,0,0,0,0,0,0,0,0,0,0,0,0",-0.17468232,0.06628445,3.0,0.4996671,39.870518,0.56297094,1.0,0.56297094,0.13051063,0.4996671,0.0,0.0,0.4996671,0.00095621526,0.9335978,0.13051063,2.1360528,1.3888526,39.870518,-0.17468232,2.2320006,185.05013,0.4363633,0.4363633,1.0,185.05013,0.7713202,0.06640217,2.1360528,0.00095621526,0.56297094,0.06628445,0.0,1.3888526,2.2320006,0.4363633,0.17468232,0.0,0.56297094,0.17468232,0.85730964,0.4363633,1.0,0.4996671,lookahead,beam_orig2_bm3-s0to50br0-s50to100br0-s100to150br0-s150to200br1
/work/T-REX/external/Proteina-Complexa/inference/search_binder_local_pipeline_32_PDL1_ALPHA_REPACK_v7_r006_cand_v7r006_hyp_0006_01_002_a778160daa715/job_0_n_224_id_61_beam_orig3_bm3-s0to50br0-s50to100br0-s100to150br1-s150to200br1/job_0_n_224_id_61_beam_orig3_bm3-s0to50br0-s50to100br0-s100to150br1-s150to200br1.pdb,247,"2,0,13,16,19,16,19,14,11,3,10,18,19,19,6,18,7,15,2,12,16,9,6,4,11,13,14,19,6,11,5,10,3,10,0,0,10,9,19,18,17,6,12,6,3,11,2,9,9,5,13,19,8,7,6,6,3,10,11,19,5,8,15,15,18,1,5,1,0,1,10,10,11,3,5,10,15,10,7,2,0,0,10,5,9,16,3,19,11,10,5,3,0,7,19,18,1,4,12,9,15,18,7,7,0,3,18,11,1,9,16,19,11,19,2,0,3,10,18,19,19,6,18,7,15,2,12,16,9,6,4,11,13,14,19,6,11,5,10,3,10,0,0,10,9,19,18,17,6,12,6,3,11,2,9,9,5,13,19,8,7,6,6,3,10,11,19,5,8,15,15,18,1,5,1,0,1,10,10,11,3,5,10,15,10,7,2,0,0,10,5,9,16,3,19,11,10,5,3,0,7,19,18,1,4,12,9,15,18,7,7,0,3,18,11,1,9,16,19,11,19,2,0,10,0,0,0,0,0,0",-0.52280766,0.29878914,3.0,0.04773584,80.07886,0.04871533,1.0,0.04871533,0.319277,0.012695064,0.0,0.0,0.04773584,0.0022848188,0.8528677,0.319277,3.3943772,1.3529187,80.07886,-0.52280766,3.9083526,217.08841,0.012241539,0.046756346,1.0,217.08841,0.25944543,0.14713228,3.3943772,0.0022848188,0.013148589,0.29878914,0.0,1.3529187,3.9083526,0.012241539,0.52280766,0.0,0.013148589,0.52280766,0.5935219,0.046756346,1.0,0.012695064,lookahead,beam_orig3_bm3-s0to50br0-s50to100br0-s100to150br1-s150to200br1
/work/T-REX/external/Proteina-Complexa/inference/search_binder_local_pipeline_32_PDL1_ALPHA_REPACK_v7_r006_cand_v7r006_hyp_0006_01_002_a778160daa715/job_0_n_230_id_62_beam_orig0_bm3-s0to50br1-s50to100br2-s100to150br3-s150to200br2/job_0_n_230_id_62_beam_orig0_bm3-s0to50br1-s50to100br2-s100to150br3-s150to200br2.pdb,248,"2,0,13,16,19,16,19,14,11,3,10,18,19,19,6,18,7,15,2,12,16,9,6,4,11,13,14,19,6,11,5,10,3,10,0,0,10,9,19,18,17,6,12,6,3,11,2,9,9,5,13,19,8,7,6,6,3,10,11,19,5,8,15,15,18,1,5,1,0,1,10,10,11,3,5,10,15,10,7,2,0,0,10,5,9,16,3,19,11,10,5,3,0,7,19,18,1,4,12,9,15,18,7,7,0,3,18,11,1,9,16,19,11,19,2,0,0,13,16,19,16,19,14,11,3,10,18,19,19,6,18,7,15,2,12,16,9,6,4,11,13,14,19,6,11,5,10,3,10,0,0,10,9,19,18,17,6,12,6,3,11,2,9,9,5,13,19,8,7,6,6,3,10,11,19,5,8,15,15,18,1,5,1,0,1,10,10,11,3,5,10,15,10,7,2,0,0,10,5,9,16,3,19,11,10,5,3,0,7,19,18,1,4,12,9,15,18,7,7,0,3,18,11,1,9,16,19,11,19,2",-0.51144594,0.28531012,3.0,0.052669607,58.432343,0.054917917,1.0,0.054917917,0.3034,0.012877708,0.0,0.0,0.052669607,0.0017936334,0.86049354,0.3034,5.052573,1.2806582,58.432343,-0.51144594,3.827047,204.5611,0.012636445,0.0504213,1.0,204.5611,0.27371627,0.13950643,5.052573,0.0017936334,0.013118972,0.28531012,0.0,1.2806582,3.827047,0.012636445,0.51144594,0.0,0.013118972,0.51144594,0.5927955,0.0504213,1.0,0.012877708,lookahead,beam_orig0_bm3-s0to50br1-s50to100br2-s100to150br3-s150to200br2
/work/T-REX/external/Proteina-Complexa/inference/search_binder_local_pipeline_32_PDL1_ALPHA_REPACK_v7_r006_cand_v7r006_hyp_0006_01_002_a778160daa715/job_0_n_186_id_62_beam_orig1_bm3-s0to50br1-s50to100br2-s100to150br3-s150to200br2/job_0_n_186_id_62_beam_orig1_bm3-s0to50br1-s50to100br2-s100to150br3-s150to200br2.pdb,249,"2,0,13,16,19,16,19,14,11,3,10,18,19,19,6,18,7,15,2,12,16,9,6,4,11,13,14,19,6,11,5,10,3,10,0,0,10,9,19,18,17,6,12,6,3,11,2,9,9,5,13,19,8,7,6,6,3,10,11,19,5,8,15,15,18,1,5,1,0,1,10,10,11,3,5,10,15,10,7,2,0,0,10,5,9,16,3,19,11,10,5,3,0,7,19,18,1,4,12,9,15,18,7,7,0,3,18,11,1,9,16,19,11,19,2,0,15,15,6,3,19,11,11,0,19,6,0,0,11,11,18,19,6,6,2,10,15,11,18,11,7,2,5,3,11,0,9,6,3,0,19,11,6,19,11,2,18,19,11,3,2,2,10,16,10,16,14,15,5,6,0,1,19,11,10,6,19,6,4,9,19,11,6,11,16,15,0,0,0,0,0,0,0,0,0,0,0,0,0,0,0,0,0,0,0,0,0,0,0,0,0,0,0,0,0,0,0,0,0,0,0,0,0,0,0,0,0,0,0,0",-0.17484637,0.06416367,3.0,0.48513448,59.487904,0.55168325,1.0,0.55168325,0.13832985,0.48513448,0.0,0.0,0.48513448,0.0027278066,0.9217855,0.13832985,2.9327607,1.4638416,59.487904,-0.17484637,2.1614165,199.19644,0.41858575,0.41858575,1.0,199.19644,0.7631367,0.07821451,2.9327607,0.0027278066,0.55168325,0.06416367,0.0,1.4638416,2.1614165,0.41858575,0.17484637,0.0,0.55168325,0.17484637,0.8593295,0.41858575,1.0,0.48513448,lookahead,beam_orig1_bm3-s0to50br1-s50to100br2-s100to150br3-s150to200br2
/work/T-REX/external/Proteina-Complexa/inference/search_binder_local_pipeline_32_PDL1_ALPHA_REPACK_v7_r006_cand_v7r006_hyp_0006_01_002_a778160daa715/job_0_n_197_id_62_beam_orig2_bm3-s0to50br0-s50to100br0-s100to150br0-s150to200br2/job_0_n_197_id_62_beam_orig2_bm3-s0to50br0-s50to100br0-s100to150br0-s150to200br2.pdb,250,"2,0,13,16,19,16,19,14,11,3,10,18,19,19,6,18,7,15,2,12,16,9,6,4,11,13,14,19,6,11,5,10,3,10,0,0,10,9,19,18,17,6,12,6,3,11,2,9,9,5,13,19,8,7,6,6,3,10,11,19,5,8,15,15,18,1,5,1,0,1,10,10,11,3,5,10,15,10,7,2,0,0,10,5,9,16,3,19,11,10,5,3,0,7,19,18,1,4,12,9,15,18,7,7,0,3,18,11,1,9,16,19,11,19,2,0,15,11,6,3,16,9,6,11,10,0,13,5,9,19,16,15,19,6,11,6,2,3,3,0,10,10,0,0,10,2,6,9,11,11,11,7,13,15,6,11,3,16,10,16,5,9,2,9,19,7,1,11,12,11,10,11,5,15,16,9,6,11,0,19,11,9,19,1,16,13,13,6,16,7,3,0,11,11,0,9,0,0,0,0,0,0,0,0,0,0,0,0,0,0,0,0,0,0,0,0,0,0,0,0,0,0,0,0,0,0,0,0,0,0",-0.1750477,0.06711918,3.0,0.49516279,36.763664,0.55693114,1.0,0.55693114,0.1303221,0.49516279,0.0,0.0,0.49516279,0.00087866816,0.93431175,0.1303221,2.0947268,1.3829595,36.763664,-0.1750477,2.241883,172.28159,0.43339446,0.43339446,1.0,172.28159,0.7691779,0.06568825,2.0947268,0.00087866816,0.55693114,0.06711918,0.0,1.3829595,2.241883,0.43339446,0.1750477,0.0,0.55693114,0.1750477,0.85659856,0.43339446,1.0,0.49516279,lookahead,beam_orig2_bm3-s0to50br0-s50to100br0-s100to150br0-s150to200br2
/work/T-REX/external/Proteina-Complexa/inference/search_binder_local_pipeline_32_PDL1_ALPHA_REPACK_v7_r006_cand_v7r006_hyp_0006_01_002_a778160daa715/job_0_n_224_id_62_beam_orig3_bm3-s0to50br0-s50to100br0-s100to150br1-s150to200br2/job_0_n_224_id_62_beam_orig3_bm3-s0to50br0-s50to100br0-s100to150br1-s150to200br2.pdb,251,"2,0,13,16,19,16,19,14,11,3,10,18,19,19,6,18,7,15,2,12,16,9,6,4,11,13,14,19,6,11,5,10,3,10,0,0,10,9,19,18,17,6,12,6,3,11,2,9,9,5,13,19,8,7,6,6,3,10,11,19,5,8,15,15,18,1,5,1,0,1,10,10,11,3,5,10,15,10,7,2,0,0,10,5,9,16,3,19,11,10,5,3,0,7,19,18,1,4,12,9,15,18,7,7,0,3,18,11,1,9,16,19,11,19,2,0,3,10,18,19,19,6,18,7,15,2,12,16,9,6,4,11,13,14,19,6,11,5,10,3,10,0,0,10,9,19,18,17,6,12,6,3,11,2,9,9,5,13,19,8,7,6,6,3,10,11,19,5,8,15,15,18,1,5,1,0,1,10,10,11,3,5,10,15,10,7,2,0,0,10,5,9,16,3,19,11,10,5,3,0,7,19,18,1,4,12,9,15,18,7,7,0,3,18,11,1,9,16,19,11,19,2,0,10,0,0,0,0,0,0",-0.524483,0.29908943,3.0,0.04668002,81.10431,0.047506154,1.0,0.047506154,0.32017672,0.012613309,0.0,0.0,0.04668002,0.0022901688,0.85263264,0.32017672,3.414732,1.352751,81.10431,-0.524483,3.9115503,212.7542,0.012200856,0.045853883,1.0,212.7542,0.25839424,0.14736736,3.414732,0.0022901688,0.013025762,0.29908943,0.0,1.352751,3.9115503,0.012200856,0.524483,0.0,0.013025762,0.524483,0.59299576,0.045853883,1.0,0.012613309,lookahead,beam_orig3_bm3-s0to50br0-s50to100br0-s100to150br1-s150to200br2
/work/T-REX/external/Proteina-Complexa/inference/search_binder_local_pipeline_32_PDL1_ALPHA_REPACK_v7_r006_cand_v7r006_hyp_0006_01_002_a778160daa715/job_0_n_230_id_63_beam_orig0_bm3-s0to50br1-s50to100br2-s100to150br3-s150to200br3/job_0_n_230_id_63_beam_orig0_bm3-s0to50br1-s50to100br2-s100to150br3-s150to200br3.pdb,252,"2,0,13,16,19,16,19,14,11,3,10,18,19,19,6,18,7,15,2,12,16,9,6,4,11,13,14,19,6,11,5,10,3,10,0,0,10,9,19,18,17,6,12,6,3,11,2,9,9,5,13,19,8,7,6,6,3,10,11,19,5,8,15,15,18,1,5,1,0,1,10,10,11,3,5,10,15,10,7,2,0,0,10,5,9,16,3,19,11,10,5,3,0,7,19,18,1,4,12,9,15,18,7,7,0,3,18,11,1,9,16,19,11,19,2,0,0,13,16,19,16,19,14,11,3,10,18,19,19,6,18,7,15,2,12,16,9,6,4,11,13,14,19,6,11,5,10,3,10,0,0,10,9,19,18,17,6,12,6,3,11,2,9,9,5,13,19,8,7,6,6,3,10,11,19,5,8,15,15,18,1,5,1,0,1,10,10,11,3,5,10,15,10,7,2,0,0,10,5,9,16,3,19,11,10,5,3,0,7,19,18,1,4,12,9,15,18,7,7,0,3,18,11,1,9,16,19,11,19,2",-0.5087888,0.28209084,3.0,0.053727623,59.894535,0.056336425,1.0,0.056336425,0.30174574,0.013206376,0.0,0.0,0.053727623,0.0017828759,0.8608088,0.30174574,5.279187,1.2757123,59.894535,-0.5087888,3.8170114,201.05745,0.01290152,0.05111882,1.0,201.05745,0.27418727,0.13919123,5.279187,0.0017828759,0.013511231,0.28209084,0.0,1.2757123,3.8170114,0.01290152,0.5087888,0.0,0.013511231,0.5087888,0.5930233,0.05111882,1.0,0.013206376,lookahead,beam_orig0_bm3-s0to50br1-s50to100br2-s100to150br3-s150to200br3
/work/T-REX/external/Proteina-Complexa/inference/search_binder_local_pipeline_32_PDL1_ALPHA_REPACK_v7_r006_cand_v7r006_hyp_0006_01_002_a778160daa715/job_0_n_186_id_63_beam_orig1_bm3-s0to50br1-s50to100br2-s100to150br3-s150to200br3/job_0_n_186_id_63_beam_orig1_bm3-s0to50br1-s50to100br2-s100to150br3-s150to200br3.pdb,253,"2,0,13,16,19,16,19,14,11,3,10,18,19,19,6,18,7,15,2,12,16,9,6,4,11,13,14,19,6,11,5,10,3,10,0,0,10,9,19,18,17,6,12,6,3,11,2,9,9,5,13,19,8,7,6,6,3,10,11,19,5,8,15,15,18,1,5,1,0,1,10,10,11,3,5,10,15,10,7,2,0,0,10,5,9,16,3,19,11,10,5,3,0,7,19,18,1,4,12,9,15,18,7,7,0,3,18,11,1,9,16,19,11,19,2,0,15,15,6,3,19,11,11,0,19,6,0,0,11,11,18,19,6,6,2,10,15,11,18,11,7,2,5,3,11,0,9,6,3,0,19,11,6,19,11,2,18,19,11,3,2,2,10,16,10,16,14,15,5,6,0,1,19,11,10,6,19,6,4,9,19,11,6,11,16,15,0,0,0,0,0,0,0,0,0,0,0,0,0,0,0,0,0,0,0,0,0,0,0,0,0,0,0,0,0,0,0,0,0,0,0,0,0,0,0,0,0,0,0,0",-0.17183112,0.06220975,3.0,0.49438018,59.609585,0.56025684,1.0,0.56025684,0.1361121,0.49438018,0.0,0.0,0.49438018,0.0027006958,0.9241558,0.1361121,2.9228508,1.456494,59.609585,-0.17183112,2.1393363,201.69183,0.42850354,0.42850354,1.0,201.69183,0.7683343,0.07584425,2.9228508,0.0027006958,0.56025684,0.06220975,0.0,1.456494,2.1393363,0.42850354,0.17183112,0.0,0.56025684,0.17183112,0.8611562,0.42850354,1.0,0.49438018,lookahead,beam_orig1_bm3-s0to50br1-s50to100br2-s100to150br3-s150to200br3
/work/T-REX/external/Proteina-Complexa/inference/search_binder_local_pipeline_32_PDL1_ALPHA_REPACK_v7_r006_cand_v7r006_hyp_0006_01_002_a778160daa715/job_0_n_197_id_63_beam_orig2_bm3-s0to50br0-s50to100br0-s100to150br0-s150to200br3/job_0_n_197_id_63_beam_orig2_bm3-s0to50br0-s50to100br0-s100to150br0-s150to200br3.pdb,254,"2,0,13,16,19,16,19,14,11,3,10,18,19,19,6,18,7,15,2,12,16,9,6,4,11,13,14,19,6,11,5,10,3,10,0,0,10,9,19,18,17,6,12,6,3,11,2,9,9,5,13,19,8,7,6,6,3,10,11,19,5,8,15,15,18,1,5,1,0,1,10,10,11,3,5,10,15,10,7,2,0,0,10,5,9,16,3,19,11,10,5,3,0,7,19,18,1,4,12,9,15,18,7,7,0,3,18,11,1,9,16,19,11,19,2,0,15,11,6,3,16,9,6,11,10,0,13,5,9,19,16,15,19,6,11,5,2,3,3,0,10,10,0,0,10,2,6,9,11,11,11,7,13,15,6,11,3,16,10,16,5,9,2,9,19,7,1,11,12,11,10,11,5,15,16,9,6,11,0,19,11,9,19,1,16,13,13,6,16,7,3,0,11,11,0,9,0,0,0,0,0,0,0,0,0,0,0,0,0,0,0,0,0,0,0,0,0,0,0,0,0,0,0,0,0,0,0,0,0,0",-0.17558211,0.06742243,3.0,0.49478722,34.256695,0.555786,1.0,0.555786,0.13109294,0.49478722,0.0,0.0,0.49478722,0.00086827116,0.9319528,0.13109294,2.0690742,1.4004264,34.256695,-0.17558211,2.253862,172.66862,0.43378845,0.43378845,1.0,172.66862,0.76771,0.06804722,2.0690742,0.00086827116,0.555786,0.06742243,0.0,1.4004264,2.253862,0.43378845,0.17558211,0.0,0.555786,0.17558211,0.8560255,0.43378845,1.0,0.49478722,lookahead,beam_orig2_bm3-s0to50br0-s50to100br0-s100to150br0-s150to200br3
/work/T-REX/external/Proteina-Complexa/inference/search_binder_local_pipeline_32_PDL1_ALPHA_REPACK_v7_r006_cand_v7r006_hyp_0006_01_002_a778160daa715/job_0_n_224_id_63_beam_orig3_bm3-s0to50br0-s50to100br0-s100to150br1-s150to200br3/job_0_n_224_id_63_beam_orig3_bm3-s0to50br0-s50to100br0-s100to150br1-s150to200br3.pdb,255,"2,0,13,16,19,16,19,14,11,3,10,18,19,19,6,18,7,15,2,12,16,9,6,4,11,13,14,19,6,11,5,10,3,10,0,0,10,9,19,18,17,6,12,6,3,11,2,9,9,5,13,19,8,7,6,6,3,10,11,19,5,8,15,15,18,1,5,1,0,1,10,10,11,3,5,10,15,10,7,2,0,0,10,5,9,16,3,19,11,10,5,3,0,7,19,18,1,4,12,9,15,18,7,7,0,3,18,11,1,9,16,19,11,19,2,0,3,10,18,19,19,6,18,7,15,2,12,16,9,6,4,11,13,14,19,6,11,5,10,3,10,0,0,10,9,19,18,17,6,12,6,3,11,2,9,9,5,13,19,8,7,6,6,3,10,11,19,5,8,15,15,18,1,5,1,0,1,10,10,11,3,5,10,15,10,7,2,0,0,10,5,9,16,3,19,11,10,5,3,0,7,19,18,1,4,12,9,15,18,7,7,0,3,18,11,1,9,16,19,11,19,2,0,10,0,0,0,0,0,0",-0.51379836,0.29045743,3.0,0.053418756,74.00205,0.054016102,1.0,0.054016102,0.3147856,0.012585344,0.0,0.0,0.053418756,0.002306617,0.8528897,0.3147856,3.1826756,1.3535814,74.00205,-0.51379836,3.8894315,216.16666,0.012239045,0.052821413,1.0,216.16666,0.26676422,0.14711027,3.1826756,0.002306617,0.012931641,0.29045743,0.0,1.3535814,3.8894315,0.012239045,0.51379836,0.0,0.012931641,0.51379836,0.59716517,0.052821413,1.0,0.012585344,lookahead,beam_orig3_bm3-s0to50br0-s50to100br0-s100to150br1-s150to200br3
/work/T-REX/external/Proteina-Complexa/inference/search_binder_local_pipeline_32_PDL1_ALPHA_REPACK_v7_r006_cand_v7r006_hyp_0006_01_002_a778160daa715/job_0_n_230_id_64_beam_orig0_bm3-s0to50br1-s50to100br2-s100to150br3-s150to200br3/job_0_n_230_id_64_beam_orig0_bm3-s0to50br1-s50to100br2-s100to150br3-s150to200br3.pdb,256,"2,0,13,16,19,16,19,14,11,3,10,18,19,19,6,18,7,15,2,12,16,9,6,4,11,13,14,19,6,11,5,10,3,10,0,0,10,9,19,18,17,6,12,6,3,11,2,9,9,5,13,19,8,7,6,6,3,10,11,19,5,8,15,15,18,1,5,1,0,1,10,10,11,3,5,10,15,10,7,2,0,0,10,5,9,16,3,19,11,10,5,3,0,7,19,18,1,4,12,9,15,18,7,7,0,3,18,11,1,9,16,19,11,19,2,0,0,13,16,19,16,19,14,11,3,10,18,19,19,6,18,7,15,2,12,16,9,6,4,11,13,14,19,6,11,5,10,3,10,0,0,10,9,19,18,17,6,12,6,3,11,2,9,9,5,13,19,8,7,6,6,3,10,11,19,5,8,15,15,18,1,5,1,0,1,10,10,11,3,5,10,15,10,7,2,0,0,10,5,9,16,3,19,11,10,5,3,0,7,19,18,1,4,12,9,15,18,7,7,0,3,18,11,1,9,16,19,11,19,2",-0.5072809,0.28075796,3.0,0.055324584,58.287136,0.057669014,1.0,0.057669014,0.30109,0.013185972,0.0,0.0,0.055324584,0.0018196891,0.86097044,0.30109,5.164856,1.2777067,58.287136,-0.5072809,3.8180392,200.77608,0.012814915,0.05298016,1.0,200.77608,0.27696526,0.13902955,5.164856,0.0018196891,0.01355703,0.28075796,0.0,1.2777067,3.8180392,0.012814915,0.5072809,0.0,0.01355703,0.5072809,0.59447664,0.05298016,1.0,0.013185972,final,beam_orig0_bm3-s0to50br1-s50to100br2-s100to150br3-s150to200br3
/work/T-REX/external/Proteina-Complexa/inference/search_binder_local_pipeline_32_PDL1_ALPHA_REPACK_v7_r006_cand_v7r006_hyp_0006_01_002_a778160daa715/job_0_n_230_id_65_beam_orig0_bm3-s0to50br1-s50to100br2-s100to150br0-s150to200br3/job_0_n_230_id_65_beam_orig0_bm3-s0to50br1-s50to100br2-s100to150br0-s150to200br3.pdb,257,"2,0,13,16,19,16,19,14,11,3,10,18,19,19,6,18,7,15,2,12,16,9,6,4,11,13,14,19,6,11,5,10,3,10,0,0,10,9,19,18,17,6,12,6,3,11,2,9,9,5,13,19,8,7,6,6,3,10,11,19,5,8,15,15,18,1,5,1,0,1,10,10,11,3,5,10,15,10,7,2,0,0,10,5,9,16,3,19,11,10,5,3,0,7,19,18,1,4,12,9,15,18,7,7,0,3,18,11,1,9,16,19,11,19,2,0,0,13,16,19,16,19,14,11,3,10,18,19,19,6,18,7,15,2,12,16,9,6,4,11,13,14,19,6,11,5,10,3,10,0,0,10,9,19,18,17,6,12,6,3,11,2,9,9,5,13,19,8,7,6,6,3,10,11,19,5,8,15,15,18,1,5,1,0,1,10,10,11,3,5,10,15,10,7,2,0,0,10,5,9,16,3,19,11,10,5,3,0,7,19,18,1,4,12,9,15,18,7,7,0,3,18,11,1,9,16,19,11,19,2",-0.5193141,0.28931054,3.0,0.049047202,54.997,0.051496632,1.0,0.051496632,0.30673036,0.012749568,0.0,0.0,0.049047202,0.0017859931,0.861807,0.30673036,4.8081756,1.2735815,54.997,-0.5193141,3.849225,200.07277,0.012373618,0.04659777,1.0,200.07277,0.26687247,0.138193,4.8081756,0.0017859931,0.0131255165,0.28931054,0.0,1.2735815,3.849225,0.012373618,0.5193141,0.0,0.0131255165,0.5193141,0.5897557,0.04659777,1.0,0.012749568,final,beam_orig0_bm3-s0to50br1-s50to100br2-s100to150br0-s150to200br3
/work/T-REX/external/Proteina-Complexa/inference/search_binder_local_pipeline_32_PDL1_ALPHA_REPACK_v7_r006_cand_v7r006_hyp_0006_01_002_a778160daa715/job_0_n_230_id_66_beam_orig0_bm3-s0to50br1-s50to100br2-s100to150br0-s150to200br1/job_0_n_230_id_66_beam_orig0_bm3-s0to50br1-s50to100br2-s100to150br0-s150to200br1.pdb,258,"2,0,13,16,19,16,19,14,11,3,10,18,19,19,6,18,7,15,2,12,16,9,6,4,11,13,14,19,6,11,5,10,3,10,0,0,10,9,19,18,17,6,12,6,3,11,2,9,9,5,13,19,8,7,6,6,3,10,11,19,5,8,15,15,18,1,5,1,0,1,10,10,11,3,5,10,15,10,7,2,0,0,10,5,9,16,3,19,11,10,5,3,0,7,19,18,1,4,12,9,15,18,7,7,0,3,18,11,1,9,16,19,11,19,2,0,0,13,16,19,16,19,14,11,3,10,18,19,19,6,18,7,15,2,12,16,9,6,4,11,13,14,19,6,11,5,10,3,10,0,0,10,9,19,18,17,6,12,6,3,11,2,9,9,5,13,19,8,7,6,6,3,10,11,19,5,8,15,15,18,1,5,1,0,1,10,10,11,3,5,10,15,10,7,2,0,0,10,5,9,16,3,19,11,10,5,3,0,7,19,18,1,4,12,9,15,18,7,7,0,3,18,11,1,9,16,19,11,19,2",-0.51188594,0.28382224,3.0,0.05227436,59.50623,0.055012684,1.0,0.055012684,0.30286846,0.012978293,0.0,0.0,0.05227436,0.0017108812,0.8620433,0.30286846,5.0596986,1.2671772,59.50623,-0.51188594,3.8254626,196.53981,0.012678131,0.04953604,1.0,196.53981,0.27231932,0.13795666,5.0596986,0.0017108812,0.013278455,0.28382224,0.0,1.2671772,3.8254626,0.012678131,0.51188594,0.0,0.013278455,0.51188594,0.5920889,0.04953604,1.0,0.012978293,final,beam_orig0_bm3-s0to50br1-s50to100br2-s100to150br0-s150to200br1
/work/T-REX/external/Proteina-Complexa/inference/search_binder_local_pipeline_32_PDL1_ALPHA_REPACK_v7_r006_cand_v7r006_hyp_0006_01_002_a778160daa715/job_0_n_230_id_67_beam_orig0_bm3-s0to50br1-s50to100br3-s100to150br2-s150to200br1/job_0_n_230_id_67_beam_orig0_bm3-s0to50br1-s50to100br3-s100to150br2-s150to200br1.pdb,259,"2,0,13,16,19,16,19,14,11,3,10,18,19,19,6,18,7,15,2,12,16,9,6,4,11,13,14,19,6,11,5,10,3,10,0,0,10,9,19,18,17,6,12,6,3,11,2,9,9,5,13,19,8,7,6,6,3,10,11,19,5,8,15,15,18,1,5,1,0,1,10,10,11,3,5,10,15,10,7,2,0,0,10,5,9,16,3,19,11,10,5,3,0,7,19,18,1,4,12,9,15,18,7,7,0,3,18,11,1,9,16,19,11,19,2,0,0,13,16,19,16,19,14,11,3,10,18,19,19,6,18,7,15,2,12,16,9,6,4,11,13,14,19,6,11,5,10,3,10,0,0,10,9,19,18,17,6,12,6,3,11,2,9,9,5,13,19,8,7,6,6,3,10,11,19,5,8,15,15,18,1,5,1,0,1,10,10,11,3,5,10,15,10,7,2,0,0,10,5,9,16,3,19,11,10,5,3,0,7,19,18,1,4,12,9,15,18,7,7,0,3,18,11,1,9,16,19,11,19,2",-0.5182198,0.291403,3.0,0.049841955,58.83862,0.0525278,1.0,0.0525278,0.30646497,0.012656888,0.0,0.0,0.049841955,0.0018079705,0.8615991,0.30646497,4.8503003,1.2770373,58.83862,-0.5182198,3.847983,202.68164,0.0122835,0.04715611,1.0,202.68164,0.26857316,0.13840094,4.8503003,0.0018079705,0.013030275,0.291403,0.0,1.2770373,3.847983,0.0122835,0.5182198,0.0,0.013030275,0.5182198,0.59039265,0.04715611,1.0,0.012656888,final,beam_orig0_bm3-s0to50br1-s50to100br3-s100to150br2-s150to200br1
/work/T-REX/external/Proteina-Complexa/inference/search_binder_local_pipeline_32_PDL1_ALPHA_REPACK_v7_r006_cand_v7r006_hyp_0006_01_002_a778160daa715/job_0_n_186_id_64_beam_orig1_bm3-s0to50br1-s50to100br2-s100to150br2-s150to200br1/job_0_n_186_id_64_beam_orig1_bm3-s0to50br1-s50to100br2-s100to150br2-s150to200br1.pdb,260,"2,0,13,16,19,16,19,14,11,3,10,18,19,19,6,18,7,15,2,12,16,9,6,4,11,13,14,19,6,11,5,10,3,10,0,0,10,9,19,18,17,6,12,6,3,11,2,9,9,5,13,19,8,7,6,6,3,10,11,19,5,8,15,15,18,1,5,1,0,1,10,10,11,3,5,10,15,10,7,2,0,0,10,5,9,16,3,19,11,10,5,3,0,7,19,18,1,4,12,9,15,18,7,7,0,3,18,11,1,9,16,19,11,19,2,0,15,15,6,3,19,11,11,0,19,6,16,0,11,2,18,10,11,6,2,10,6,11,18,11,7,2,14,6,11,0,13,5,3,0,19,11,5,19,11,2,18,9,11,3,2,3,10,16,10,16,0,15,5,5,0,1,19,6,10,6,9,7,4,9,19,11,6,10,15,0,0,0,0,0,0,0,0,0,0,0,0,0,0,0,0,0,0,0,0,0,0,0,0,0,0,0,0,0,0,0,0,0,0,0,0,0,0,0,0,0,0,0,0,0",-0.15955934,0.05224537,3.0,0.5501011,48.39124,0.616122,1.0,0.616122,0.12863714,0.5501011,0.0,0.0,0.5501011,0.002250748,0.926245,0.12863714,1.5632099,1.461938,48.39124,-0.15955934,2.069819,167.25478,0.4840802,0.4840802,1.0,167.25478,0.79977334,0.073755056,1.5632099,0.002250748,0.616122,0.05224537,0.0,1.461938,2.069819,0.4840802,0.15955934,0.0,0.616122,0.15955934,0.87565386,0.4840802,1.0,0.5501011,final,beam_orig1_bm3-s0to50br1-s50to100br2-s100to150br2-s150to200br1
/work/T-REX/external/Proteina-Complexa/inference/search_binder_local_pipeline_32_PDL1_ALPHA_REPACK_v7_r006_cand_v7r006_hyp_0006_01_002_a778160daa715/job_0_n_186_id_65_beam_orig1_bm3-s0to50br1-s50to100br2-s100to150br0-s150to200br0/job_0_n_186_id_65_beam_orig1_bm3-s0to50br1-s50to100br2-s100to150br0-s150to200br0.pdb,261,"2,0,13,16,19,16,19,14,11,3,10,18,19,19,6,18,7,15,2,12,16,9,6,4,11,13,14,19,6,11,5,10,3,10,0,0,10,9,19,18,17,6,12,6,3,11,2,9,9,5,13,19,8,7,6,6,3,10,11,19,5,8,15,15,18,1,5,1,0,1,10,10,11,3,5,10,15,10,7,2,0,0,10,5,9,16,3,19,11,10,5,3,0,7,19,18,1,4,12,9,15,18,7,7,0,3,18,11,1,9,16,19,11,19,2,0,15,6,6,3,19,11,11,0,19,6,19,0,11,2,13,19,11,6,2,0,6,11,18,11,7,2,6,6,10,10,18,5,10,0,19,11,6,19,11,2,18,4,1,3,2,3,9,16,10,16,3,15,5,12,0,1,19,6,10,6,9,5,4,16,19,11,6,19,16,15,0,0,0,0,0,0,0,0,0,0,0,0,0,0,0,0,0,0,0,0,0,0,0,0,0,0,0,0,0,0,0,0,0,0,0,0,0,0,0,0,0,0,0,0",-0.15961334,0.05899061,3.0,0.53070396,49.620556,0.5974721,1.0,0.5974721,0.1239591,0.53070396,0.0,0.0,0.53070396,0.001835749,0.94011533,0.1239591,2.6578426,1.3409022,49.620556,-0.15961334,2.0163774,165.56767,0.46393585,0.46393585,1.0,165.56767,0.7957484,0.059884645,2.6578426,0.001835749,0.5974721,0.05899061,0.0,1.3409022,2.0163774,0.46393585,0.15961334,0.0,0.5974721,0.15961334,0.86998457,0.46393585,1.0,0.53070396,final,beam_orig1_bm3-s0to50br1-s50to100br2-s100to150br0-s150to200br0
/work/T-REX/external/Proteina-Complexa/inference/search_binder_local_pipeline_32_PDL1_ALPHA_REPACK_v7_r006_cand_v7r006_hyp_0006_01_002_a778160daa715/job_0_n_186_id_66_beam_orig1_bm3-s0to50br1-s50to100br2-s100to150br2-s150to200br2/job_0_n_186_id_66_beam_orig1_bm3-s0to50br1-s50to100br2-s100to150br2-s150to200br2.pdb,262,"2,0,13,16,19,16,19,14,11,3,10,18,19,19,6,18,7,15,2,12,16,9,6,4,11,13,14,19,6,11,5,10,3,10,0,0,10,9,19,18,17,6,12,6,3,11,2,9,9,5,13,19,8,7,6,6,3,10,11,19,5,8,15,15,18,1,5,1,0,1,10,10,11,3,5,10,15,10,7,2,0,0,10,5,9,16,3,19,11,10,5,3,0,7,19,18,1,4,12,9,15,18,7,7,0,3,18,11,1,9,16,19,11,19,2,0,15,15,6,3,19,11,11,0,19,6,16,0,11,2,18,10,11,6,2,10,6,11,18,11,7,2,14,6,11,0,13,5,3,0,19,11,6,19,5,2,18,9,11,3,2,3,10,16,10,16,0,15,5,5,0,1,19,6,10,6,9,7,4,9,19,11,6,10,15,0,0,0,0,0,0,0,0,0,0,0,0,0,0,0,0,0,0,0,0,0,0,0,0,0,0,0,0,0,0,0,0,0,0,0,0,0,0,0,0,0,0,0,0,0",-0.1614183,0.052544624,3.0,0.5431741,54.813694,0.6088926,1.0,0.6088926,0.13024527,0.5431741,0.0,0.0,0.5431741,0.0023167848,0.92419004,0.13024527,1.6485198,1.4534941,54.813694,-0.1614183,2.0828164,178.81633,0.47745553,0.47745553,1.0,178.81633,0.7959944,0.075809956,1.6485198,0.0023167848,0.6088926,0.052544624,0.0,1.4534941,2.0828164,0.47745553,0.1614183,0.0,0.6088926,0.1614183,0.8736833,0.47745553,1.0,0.5431741,final,beam_orig1_bm3-s0to50br1-s50to100br2-s100to150br2-s150to200br2
/work/T-REX/external/Proteina-Complexa/inference/search_binder_local_pipeline_32_PDL1_ALPHA_REPACK_v7_r006_cand_v7r006_hyp_0006_01_002_a778160daa715/job_0_n_186_id_67_beam_orig1_bm3-s0to50br1-s50to100br2-s100to150br2-s150to200br3/job_0_n_186_id_67_beam_orig1_bm3-s0to50br1-s50to100br2-s100to150br2-s150to200br3.pdb,263,"2,0,13,16,19,16,19,14,11,3,10,18,19,19,6,18,7,15,2,12,16,9,6,4,11,13,14,19,6,11,5,10,3,10,0,0,10,9,19,18,17,6,12,6,3,11,2,9,9,5,13,19,8,7,6,6,3,10,11,19,5,8,15,15,18,1,5,1,0,1,10,10,11,3,5,10,15,10,7,2,0,0,10,5,9,16,3,19,11,10,5,3,0,7,19,18,1,4,12,9,15,18,7,7,0,3,18,11,1,9,16,19,11,19,2,0,15,15,6,3,19,11,11,0,19,6,16,0,11,2,18,10,11,6,2,10,6,11,18,11,7,2,14,6,11,0,13,5,3,0,19,11,6,19,5,2,18,9,11,3,2,3,10,16,10,16,0,15,5,5,0,1,19,6,10,6,9,7,4,9,19,11,6,10,15,0,0,0,0,0,0,0,0,0,0,0,0,0,0,0,0,0,0,0,0,0,0,0,0,0,0,0,0,0,0,0,0,0,0,0,0,0,0,0,0,0,0,0,0,0",-0.16098353,0.052876458,3.0,0.5444249,43.86295,0.61110353,1.0,0.61110353,0.12970395,0.5444249,0.0,0.0,0.5444249,0.0022364582,0.9251959,0.12970395,1.4876937,1.4495987,43.86295,-0.16098353,2.0808785,167.7112,0.47774625,0.47774625,1.0,167.7112,0.79693264,0.07480415,1.4876937,0.0022364582,0.61110353,0.052876458,0.0,1.4495987,2.0808785,0.47774625,0.16098353,0.0,0.61110353,0.16098353,0.87423384,0.47774625,1.0,0.5444249,final,beam_orig1_bm3-s0to50br1-s50to100br2-s100to150br2-s150to200br3
/work/T-REX/external/Proteina-Complexa/inference/search_binder_local_pipeline_32_PDL1_ALPHA_REPACK_v7_r006_cand_v7r006_hyp_0006_01_002_a778160daa715/job_0_n_197_id_64_beam_orig2_bm3-s0to50br0-s50to100br0-s100to150br3-s150to200br0/job_0_n_197_id_64_beam_orig2_bm3-s0to50br0-s50to100br0-s100to150br3-s150to200br0.pdb,264,"2,0,13,16,19,16,19,14,11,3,10,18,19,19,6,18,7,15,2,12,16,9,6,4,11,13,14,19,6,11,5,10,3,10,0,0,10,9,19,18,17,6,12,6,3,11,2,9,9,5,13,19,8,7,6,6,3,10,11,19,5,8,15,15,18,1,5,1,0,1,10,10,11,3,5,10,15,10,7,2,0,0,10,5,9,16,3,19,11,10,5,3,0,7,19,18,1,4,12,9,15,18,7,7,0,3,18,11,1,9,16,19,11,19,2,0,15,11,6,3,6,9,6,11,18,0,13,5,9,19,16,15,19,18,11,2,3,3,3,0,10,9,0,0,10,2,6,10,11,11,9,11,0,3,6,3,10,16,10,15,11,9,6,6,19,7,1,11,12,11,10,14,5,0,3,9,6,11,0,19,11,9,19,1,16,13,13,6,16,7,3,0,11,11,0,10,0,0,0,0,0,0,0,0,0,0,0,0,0,0,0,0,0,0,0,0,0,0,0,0,0,0,0,0,0,0,0,0,0,0",-0.13917074,0.047098782,3.0,0.6548928,36.599785,0.70800126,1.0,0.70800126,0.10724548,0.6548928,0.0,0.0,0.6548928,0.0007372447,0.9523446,0.10724548,2.2008817,1.2796342,36.599785,-0.13917074,1.981165,179.93759,0.6017844,0.6017844,1.0,179.93759,0.8297746,0.047655378,2.2008817,0.0007372447,0.70800126,0.047098782,0.0,1.2796342,1.981165,0.6017844,0.13917074,0.0,0.70800126,0.13917074,0.88511026,0.6017844,1.0,0.6548928,final,beam_orig2_bm3-s0to50br0-s50to100br0-s100to150br3-s150to200br0
/work/T-REX/external/Proteina-Complexa/inference/search_binder_local_pipeline_32_PDL1_ALPHA_REPACK_v7_r006_cand_v7r006_hyp_0006_01_002_a778160daa715/job_0_n_197_id_65_beam_orig2_bm3-s0to50br0-s50to100br0-s100to150br3-s150to200br3/job_0_n_197_id_65_beam_orig2_bm3-s0to50br0-s50to100br0-s100to150br3-s150to200br3.pdb,265,"2,0,13,16,19,16,19,14,11,3,10,18,19,19,6,18,7,15,2,12,16,9,6,4,11,13,14,19,6,11,5,10,3,10,0,0,10,9,19,18,17,6,12,6,3,11,2,9,9,5,13,19,8,7,6,6,3,10,11,19,5,8,15,15,18,1,5,1,0,1,10,10,11,3,5,10,15,10,7,2,0,0,10,5,9,16,3,19,11,10,5,3,0,7,19,18,1,4,12,9,15,18,7,7,0,3,18,11,1,9,16,19,11,19,2,0,15,11,6,3,5,9,6,11,18,0,13,5,9,19,16,15,19,18,11,2,2,3,3,0,10,9,0,0,10,2,6,10,11,11,9,11,0,3,6,3,10,16,10,15,11,9,6,6,19,7,1,11,12,11,10,14,5,0,3,9,6,11,0,19,11,9,19,1,16,13,13,6,16,7,3,0,11,11,0,10,0,0,0,0,0,0,0,0,0,0,0,0,0,0,0,0,0,0,0,0,0,0,0,0,0,0,0,0,0,0,0,0,0,0",-0.14135723,0.04783659,3.0,0.6453041,36.505104,0.7000523,1.0,0.7000523,0.10808391,0.6453041,0.0,0.0,0.6453041,0.0006862305,0.9527465,0.10808391,1.980748,1.2734067,36.505104,-0.14135723,1.9993279,182.95644,0.5905558,0.5905558,1.0,182.95644,0.8272569,0.047253475,1.980748,0.0006862305,0.7000523,0.04783659,0.0,1.2734067,1.9993279,0.5905558,0.14135723,0.0,0.7000523,0.14135723,0.8840129,0.5905558,1.0,0.6453041,final,beam_orig2_bm3-s0to50br0-s50to100br0-s100to150br3-s150to200br3
/work/T-REX/external/Proteina-Complexa/inference/search_binder_local_pipeline_32_PDL1_ALPHA_REPACK_v7_r006_cand_v7r006_hyp_0006_01_002_a778160daa715/job_0_n_197_id_66_beam_orig2_bm3-s0to50br0-s50to100br0-s100to150br3-s150to200br2/job_0_n_197_id_66_beam_orig2_bm3-s0to50br0-s50to100br0-s100to150br3-s150to200br2.pdb,266,"2,0,13,16,19,16,19,14,11,3,10,18,19,19,6,18,7,15,2,12,16,9,6,4,11,13,14,19,6,11,5,10,3,10,0,0,10,9,19,18,17,6,12,6,3,11,2,9,9,5,13,19,8,7,6,6,3,10,11,19,5,8,15,15,18,1,5,1,0,1,10,10,11,3,5,10,15,10,7,2,0,0,10,5,9,16,3,19,11,10,5,3,0,7,19,18,1,4,12,9,15,18,7,7,0,3,18,11,1,9,16,19,11,19,2,0,15,11,6,3,5,9,6,11,18,0,13,5,9,19,16,15,19,18,11,2,2,3,3,0,10,9,0,0,10,2,6,10,11,11,9,11,0,3,6,3,10,16,10,15,11,9,6,6,19,7,1,11,12,11,10,14,5,0,3,9,6,11,0,19,11,9,19,1,16,13,13,6,16,7,3,0,11,11,0,10,0,0,0,0,0,0,0,0,0,0,0,0,0,0,0,0,0,0,0,0,0,0,0,0,0,0,0,0,0,0,0,0,0,0",-0.14338009,0.048862517,3.0,0.6358421,36.84824,0.69178843,1.0,0.69178843,0.10932382,0.6358421,0.0,0.0,0.6358421,0.0006823253,0.9521022,0.10932382,1.9916948,1.2728758,36.84824,-0.14338009,2.012514,174.93784,0.5798957,0.5798957,1.0,174.93784,0.8235966,0.047897834,1.9916948,0.0006823253,0.69178843,0.048862517,0.0,1.2728758,2.012514,0.5798957,0.14338009,0.0,0.69178843,0.14338009,0.8822398,0.5798957,1.0,0.6358421,final,beam_orig2_bm3-s0to50br0-s50to100br0-s100to150br3-s150to200br2
/work/T-REX/external/Proteina-Complexa/inference/search_binder_local_pipeline_32_PDL1_ALPHA_REPACK_v7_r006_cand_v7r006_hyp_0006_01_002_a778160daa715/job_0_n_197_id_67_beam_orig2_bm3-s0to50br0-s50to100br0-s100to150br3-s150to200br1/job_0_n_197_id_67_beam_orig2_bm3-s0to50br0-s50to100br0-s100to150br3-s150to200br1.pdb,267,"2,0,13,16,19,16,19,14,11,3,10,18,19,19,6,18,7,15,2,12,16,9,6,4,11,13,14,19,6,11,5,10,3,10,0,0,10,9,19,18,17,6,12,6,3,11,2,9,9,5,13,19,8,7,6,6,3,10,11,19,5,8,15,15,18,1,5,1,0,1,10,10,11,3,5,10,15,10,7,2,0,0,10,5,9,16,3,19,11,10,5,3,0,7,19,18,1,4,12,9,15,18,7,7,0,3,18,11,1,9,16,19,11,19,2,0,15,11,6,3,5,9,6,11,18,0,13,5,9,19,16,15,19,18,11,2,2,3,3,0,10,9,0,0,10,2,6,10,11,11,9,11,0,3,6,3,10,16,10,15,11,9,6,6,19,7,1,11,12,11,10,14,5,0,3,9,6,11,0,19,11,9,19,1,16,13,13,6,16,7,3,0,11,11,0,10,0,0,0,0,0,0,0,0,0,0,0,0,0,0,0,0,0,0,0,0,0,0,0,0,0,0,0,0,0,0,0,0,0,0",-0.14318481,0.048500527,3.0,0.6377907,39.879265,0.69408023,1.0,0.69408023,0.109330624,0.6377907,0.0,0.0,0.6377907,0.0006836439,0.9518017,0.109330624,2.0357084,1.2775329,39.879265,-0.14318481,2.0122266,178.13448,0.5815011,0.5815011,1.0,178.13448,0.823776,0.04819827,2.0357084,0.0006836439,0.69408023,0.048500527,0.0,1.2775329,2.0122266,0.5815011,0.14318481,0.0,0.69408023,0.14318481,0.8823136,0.5815011,1.0,0.6377907,final,beam_orig2_bm3-s0to50br0-s50to100br0-s100to150br3-s150to200br1
/work/T-REX/external/Proteina-Complexa/inference/search_binder_local_pipeline_32_PDL1_ALPHA_REPACK_v7_r006_cand_v7r006_hyp_0006_01_002_a778160daa715/job_0_n_224_id_64_beam_orig3_bm0-s0to50br1-s50to100br3-s100to150br3-s150to200br2/job_0_n_224_id_64_beam_orig3_bm0-s0to50br1-s50to100br3-s100to150br3-s150to200br2.pdb,268,"2,0,13,16,19,16,19,14,11,3,10,18,19,19,6,18,7,15,2,12,16,9,6,4,11,13,14,19,6,11,5,10,3,10,0,0,10,9,19,18,17,6,12,6,3,11,2,9,9,5,13,19,8,7,6,6,3,10,11,19,5,8,15,15,18,1,5,1,0,1,10,10,11,3,5,10,15,10,7,2,0,0,10,5,9,16,3,19,11,10,5,3,0,7,19,18,1,4,12,9,15,18,7,7,0,3,18,11,1,9,16,19,11,19,2,0,0,10,16,19,16,0,14,11,14,10,18,16,19,16,0,7,0,15,19,16,10,6,4,11,14,15,19,0,10,16,15,3,16,16,19,10,17,11,7,14,11,3,19,11,19,10,5,18,15,15,7,11,19,16,10,13,3,14,13,11,7,1,0,15,10,19,2,12,15,15,0,15,10,11,10,15,2,10,11,14,6,3,15,7,16,18,6,4,10,19,13,2,15,10,7,19,7,15,0,11,9,6,10,6,19,11,6,14,0,0,0,0,0,0",-0.17632759,0.051799256,3.0,0.6304821,46.25436,0.63572705,1.0,0.63572705,0.14053921,0.6304821,0.0,0.0,0.6304821,0.002204107,0.91779846,0.14053921,2.0482676,1.3843782,46.25436,-0.17632759,2.9081478,170.68604,0.62523717,0.62523717,1.0,170.68604,0.8144771,0.082201555,2.0482676,0.002204107,0.63572705,0.051799256,0.0,1.3843782,2.9081478,0.62523717,0.17632759,0.0,0.63572705,0.17632759,0.87085813,0.62523717,1.0,0.6304821,final,beam_orig3_bm0-s0to50br1-s50to100br3-s100to150br3-s150to200br2
/work/T-REX/external/Proteina-Complexa/inference/search_binder_local_pipeline_32_PDL1_ALPHA_REPACK_v7_r006_cand_v7r006_hyp_0006_01_002_a778160daa715/job_0_n_224_id_65_beam_orig3_bm0-s0to50br1-s50to100br3-s100to150br3-s150to200br3/job_0_n_224_id_65_beam_orig3_bm0-s0to50br1-s50to100br3-s100to150br3-s150to200br3.pdb,269,"2,0,13,16,19,16,19,14,11,3,10,18,19,19,6,18,7,15,2,12,16,9,6,4,11,13,14,19,6,11,5,10,3,10,0,0,10,9,19,18,17,6,12,6,3,11,2,9,9,5,13,19,8,7,6,6,3,10,11,19,5,8,15,15,18,1,5,1,0,1,10,10,11,3,5,10,15,10,7,2,0,0,10,5,9,16,3,19,11,10,5,3,0,7,19,18,1,4,12,9,15,18,7,7,0,3,18,11,1,9,16,19,11,19,2,0,0,10,16,19,16,0,14,11,14,10,18,16,19,16,0,7,0,15,19,16,10,6,4,11,14,15,19,0,10,16,15,3,16,16,19,10,17,11,7,14,11,3,19,11,19,10,5,18,15,15,7,11,19,16,10,13,3,14,13,11,7,1,0,15,10,19,2,16,15,15,0,15,10,11,10,15,2,10,11,14,6,3,15,7,10,18,6,4,10,19,13,2,15,10,7,19,7,15,0,11,9,6,10,6,19,11,6,14,0,0,0,0,0,0",-0.18486758,0.056416735,3.0,0.58617616,51.16643,0.5943195,1.0,0.5943195,0.1450806,0.58617616,0.0,0.0,0.58617616,0.0020837083,0.9152688,0.1450806,2.1861389,1.3931943,51.16643,-0.18486758,2.9344466,179.25467,0.57803273,0.57803273,1.0,179.25467,0.7939229,0.08473119,2.1861389,0.0020837083,0.5943195,0.056416735,0.0,1.3931943,2.9344466,0.57803273,0.18486758,0.0,0.5943195,0.18486758,0.8607248,0.57803273,1.0,0.58617616,final,beam_orig3_bm0-s0to50br1-s50to100br3-s100to150br3-s150to200br3
/work/T-REX/external/Proteina-Complexa/inference/search_binder_local_pipeline_32_PDL1_ALPHA_REPACK_v7_r006_cand_v7r006_hyp_0006_01_002_a778160daa715/job_0_n_224_id_66_beam_orig3_bm0-s0to50br1-s50to100br2-s100to150br1-s150to200br2/job_0_n_224_id_66_beam_orig3_bm0-s0to50br1-s50to100br2-s100to150br1-s150to200br2.pdb,270,"2,0,13,16,19,16,19,14,11,3,10,18,19,19,6,18,7,15,2,12,16,9,6,4,11,13,14,19,6,11,5,10,3,10,0,0,10,9,19,18,17,6,12,6,3,11,2,9,9,5,13,19,8,7,6,6,3,10,11,19,5,8,15,15,18,1,5,1,0,1,10,10,11,3,5,10,15,10,7,2,0,0,10,5,9,16,3,19,11,10,5,3,0,7,19,18,1,4,12,9,15,18,7,7,0,3,18,11,1,9,16,19,11,19,2,0,0,10,19,19,16,16,14,11,3,10,18,16,19,5,0,7,0,2,19,16,10,6,4,11,16,15,8,16,10,16,15,15,16,0,19,10,17,11,2,14,5,3,5,11,19,10,5,18,15,0,7,19,0,16,16,18,7,3,13,11,7,1,0,16,10,10,7,7,5,3,0,15,10,5,9,16,3,16,1,10,15,3,15,7,19,18,5,4,10,19,12,2,6,13,7,0,3,3,11,16,9,16,10,3,19,11,0,14,0,0,0,0,0,0",-0.26287413,0.10758215,3.0,0.3263137,47.403587,0.32977906,1.0,0.32977906,0.18915361,0.32613325,0.0,0.0,0.3263137,0.0018841012,0.8880144,0.18915361,1.3962774,1.4571388,47.403587,-0.26287413,3.265863,187.15826,0.3224874,0.32284835,1.0,187.15826,0.66112906,0.1119856,1.3962774,0.0018841012,0.32977906,0.10758215,0.0,1.4571388,3.265863,0.3224874,0.26287413,0.0,0.32977906,0.26287413,0.7898439,0.32284835,1.0,0.32613325,final,beam_orig3_bm0-s0to50br1-s50to100br2-s100to150br1-s150to200br2
/work/T-REX/external/Proteina-Complexa/inference/search_binder_local_pipeline_32_PDL1_ALPHA_REPACK_v7_r006_cand_v7r006_hyp_0006_01_002_a778160daa715/job_0_n_224_id_67_beam_orig3_bm0-s0to50br1-s50to100br2-s100to150br1-s150to200br3/job_0_n_224_id_67_beam_orig3_bm0-s0to50br1-s50to100br2-s100to150br1-s150to200br3.pdb,271,"2,0,13,16,19,16,19,14,11,3,10,18,19,19,6,18,7,15,2,12,16,9,6,4,11,13,14,19,6,11,5,10,3,10,0,0,10,9,19,18,17,6,12,6,3,11,2,9,9,5,13,19,8,7,6,6,3,10,11,19,5,8,15,15,18,1,5,1,0,1,10,10,11,3,5,10,15,10,7,2,0,0,10,5,9,16,3,19,11,10,5,3,0,7,19,18,1,4,12,9,15,18,7,7,0,3,18,11,1,9,16,19,11,19,2,0,0,10,19,19,16,16,14,11,3,10,18,16,19,5,0,7,0,2,19,16,10,6,4,11,16,15,8,16,10,16,15,15,16,0,19,10,17,11,2,14,5,3,5,11,19,10,5,18,15,0,7,6,0,16,16,18,7,3,13,11,7,1,0,16,10,10,7,7,5,3,0,15,10,5,9,16,3,16,1,10,15,3,15,7,19,18,5,4,10,19,12,2,6,13,7,0,3,3,11,16,9,16,10,3,19,11,0,14,0,0,0,0,0,0",-0.26645973,0.109081194,3.0,0.32079852,45.796135,0.32374483,1.0,0.32374483,0.19161698,0.32043356,0.0,0.0,0.32079852,0.0022470613,0.8860471,0.19161698,1.4251143,1.4680082,45.796135,-0.26645973,3.2835808,186.62129,0.31750444,0.31785223,1.0,186.62129,0.6565474,0.11395287,1.4251143,0.0022470613,0.3233627,0.109081194,0.0,1.4680082,3.2835808,0.31750444,0.26645973,0.0,0.3233627,0.26645973,0.7874368,0.31785223,1.0,0.32043356,final,beam_orig3_bm0-s0to50br1-s50to100br2-s100to150br1-s150to200br3
