pdb_path,pdb_index,aatype,total_reward,af2folding_min_ipae,af2folding_i_ptm,af2folding_recycles_log,af2folding_avg_ipsae,af2folding_fape_log,af2folding_max_ipsae,af2folding_seqid_log,af2folding_max_ipsae_log,af2folding_pae_log,af2folding_avg_ipsae_10,af2folding_hard_log,af2folding_models_log,af2folding_avg_ipsae_log,af2folding_exp_res_log,af2folding_plddt_log,af2folding_pae,af2folding_rmsd,af2folding_con_log,af2folding_fape,af2folding_loss_log,af2folding_i_con,af2folding_dgram_cce_log,af2folding_min_ipsae_10,af2folding_min_ipsae_log,af2folding_soft_log,af2folding_dgram_cce,af2folding_i_ptm_log,af2folding_plddt,af2folding_rmsd_log,af2folding_exp_res,af2folding_max_ipsae_10,af2folding_min_ipae_log,af2folding_seq_ent_log,af2folding_con,af2folding_i_con_log,af2folding_min_ipsae_10_log,af2folding_i_pae_log,af2folding_seq_ent,af2folding_max_ipsae_10_log,af2folding_i_pae,af2folding_ptm_log,af2folding_min_ipsae,af2folding_temp_log,af2folding_avg_ipsae_10_log,sample_type,metadata_tag
/work/T-REX/external/Proteina-Complexa/inference/search_binder_local_pipeline_32_PDL1_ALPHA_REPACK_v7_r005_cand_v7r005_hyp_0005_01_002_a224316cffb43/job_0_n_194_id_0_fk_orig0_bm0-s0to100br0/job_0_n_194_id_0_fk_orig0_bm0-s0to100br0.pdb,0,"2,0,13,16,19,16,19,14,11,3,10,18,19,19,6,18,7,15,2,12,16,9,6,4,11,13,14,19,6,11,5,10,3,10,0,0,10,9,19,18,17,6,12,6,3,11,2,9,9,5,13,19,8,7,6,6,3,10,11,19,5,8,15,15,18,1,5,1,0,1,10,10,11,3,5,10,15,10,7,2,0,0,10,5,9,16,3,19,11,10,5,3,0,7,19,18,1,4,12,9,15,18,7,7,0,3,18,11,1,9,16,19,11,19,2,0,0,11,11,6,6,0,10,15,10,6,11,6,0,0,6,5,6,11,0,7,11,10,15,9,0,0,12,10,18,6,11,0,7,6,9,18,6,15,10,7,2,2,3,10,0,0,11,15,18,6,6,0,7,11,9,18,6,11,10,3,10,10,15,10,0,0,15,15,18,6,11,0,9,15,10,18,6,11,0,0,0,0,0,0,0,0,0,0,0,0,0,0,0,0,0,0,0,0,0,0,0,0,0,0,0,0,0,0,0,0,0,0,0",0.6117511,0.23322874,0.61100435,3.0,0.10364367,48.38129,0.1141099,1.0,0.1141099,0.2721646,0.038554713,0.0,0.0,0.10364367,0.0019798004,0.8691366,0.2721646,2.4790225,1.2472192,48.38129,0.6117511,3.2356532,189.37437,0.032315057,0.09317743,1.0,189.37437,0.38899568,0.13086341,2.4790225,0.0019798004,0.044794366,0.23322874,0.0,1.2472192,3.2356532,0.032315057,0.40839913,0.0,0.044794366,0.40839913,0.6926161,0.09317743,1.0,0.038554713,lookahead,fk_orig0_bm0-s0to100br0
/work/T-REX/external/Proteina-Complexa/inference/search_binder_local_pipeline_32_PDL1_ALPHA_REPACK_v7_r005_cand_v7r005_hyp_0005_01_002_a224316cffb43/job_0_n_224_id_0_fk_orig1_bm0-s0to100br0/job_0_n_224_id_0_fk_orig1_bm0-s0to100br0.pdb,1,"2,0,13,16,19,16,19,14,11,3,10,18,19,19,6,18,7,15,2,12,16,9,6,4,11,13,14,19,6,11,5,10,3,10,0,0,10,9,19,18,17,6,12,6,3,11,2,9,9,5,13,19,8,7,6,6,3,10,11,19,5,8,15,15,18,1,5,1,0,1,10,10,11,3,5,10,15,10,7,2,0,0,10,5,9,16,3,19,11,10,5,3,0,7,19,18,1,4,12,9,15,18,7,7,0,3,18,11,1,9,16,19,11,19,2,0,9,5,12,16,5,15,14,15,15,10,15,0,15,14,7,3,16,19,16,9,15,4,1,0,15,5,2,9,15,15,2,10,8,17,18,5,5,11,14,7,11,15,14,11,10,10,9,11,18,0,15,5,10,5,15,7,19,14,15,1,13,15,7,15,7,15,7,16,3,13,15,10,16,9,15,15,10,5,14,6,3,13,0,16,18,13,4,5,5,15,18,15,16,14,10,16,13,7,7,7,16,11,10,6,9,11,1,0,0,0,0,0,0",0.57594144,0.49310583,0.8610249,3.0,0.0031114551,128.70244,0.0062229102,1.0,0.0062229102,0.42829394,0.0,0.0,0.0,0.0031114551,0.0018345907,0.8272375,0.42829394,24.645847,1.4670888,128.70244,0.57594144,4.4019136,228.86044,0.0,0.0,1.0,228.86044,0.1389751,0.1727625,24.645847,0.0018345907,0.0,0.49310583,0.0,1.4670888,4.4019136,0.0,0.71870744,0.0,0.0,0.71870744,0.5331175,0.0,1.0,0.0,lookahead,fk_orig1_bm0-s0to100br0
/work/T-REX/external/Proteina-Complexa/inference/search_binder_local_pipeline_32_PDL1_ALPHA_REPACK_v7_r005_cand_v7r005_hyp_0005_01_002_a224316cffb43/job_0_n_180_id_0_fk_orig2_bm0-s0to100br0/job_0_n_180_id_0_fk_orig2_bm0-s0to100br0.pdb,2,"2,0,13,16,19,16,19,14,11,3,10,18,19,19,6,18,7,15,2,12,16,9,6,4,11,13,14,19,6,11,5,10,3,10,0,0,10,9,19,18,17,6,12,6,3,11,2,9,9,5,13,19,8,7,6,6,3,10,11,19,5,8,15,15,18,1,5,1,0,1,10,10,11,3,5,10,15,10,7,2,0,0,10,5,9,16,3,19,11,10,5,3,0,7,19,18,1,4,12,9,15,18,7,7,0,3,18,11,1,9,16,19,11,19,2,0,5,10,3,3,3,11,19,0,12,0,11,13,10,13,3,11,2,2,3,7,15,9,15,10,6,3,10,9,9,19,12,15,2,14,11,2,9,5,0,10,9,3,19,0,3,19,2,2,3,7,6,19,2,13,6,3,10,19,19,10,10,15,15,19,0,0,0,0,0,0,0,0,0,0,0,0,0,0,0,0,0,0,0,0,0,0,0,0,0,0,0,0,0,0,0,0,0,0,0,0,0,0,0,0,0,0,0,0,0,0,0,0,0",0.52762747,0.15314373,0.47041595,3.0,0.15659764,50.059326,0.16772874,1.0,0.16772874,0.2638144,0.14242071,0.0,0.0,0.15659764,0.009881515,0.78224,0.2638144,2.3772497,2.3333745,50.059326,0.52762747,3.0533204,205.03403,0.13937485,0.14546657,1.0,205.03403,0.52958405,0.21776003,2.3772497,0.009881515,0.14546657,0.15314373,0.0,2.3333745,3.0533204,0.13937485,0.33459413,0.0,0.14546657,0.33459413,0.7637462,0.14546657,1.0,0.14242071,lookahead,fk_orig2_bm0-s0to100br0
/work/T-REX/external/Proteina-Complexa/inference/search_binder_local_pipeline_32_PDL1_ALPHA_REPACK_v7_r005_cand_v7r005_hyp_0005_01_002_a224316cffb43/job_0_n_229_id_0_fk_orig3_bm0-s0to100br0/job_0_n_229_id_0_fk_orig3_bm0-s0to100br0.pdb,3,"2,0,13,16,19,16,19,14,11,3,10,18,19,19,6,18,7,15,2,12,16,9,6,4,11,13,14,19,6,11,5,10,3,10,0,0,10,9,19,18,17,6,12,6,3,11,2,9,9,5,13,19,8,7,6,6,3,10,11,19,5,8,15,15,18,1,5,1,0,1,10,10,11,3,5,10,15,10,7,2,0,0,10,5,9,16,3,19,11,10,5,3,0,7,19,18,1,4,12,9,15,18,7,7,0,3,18,11,1,9,16,19,11,19,2,0,0,13,16,19,16,19,14,11,3,10,18,19,19,6,18,7,15,2,12,16,9,6,4,11,13,14,19,6,11,5,10,3,10,0,0,10,9,19,18,17,6,12,6,3,11,2,9,9,5,13,19,8,7,6,6,3,10,11,19,5,8,15,15,18,1,5,1,0,1,10,10,11,3,5,10,15,10,7,2,0,0,10,5,9,16,3,19,11,10,5,3,0,7,19,18,1,4,12,9,15,18,7,7,0,3,18,11,1,9,16,19,11,19",0.62673706,0.29216722,0.73408914,3.0,0.04790986,69.55031,0.05092435,1.0,0.05092435,0.30920693,0.012653728,0.0,0.0,0.04790986,0.0017586467,0.8612275,0.30920693,2.712352,1.276114,69.55031,0.62673706,3.8425536,212.91344,0.012359949,0.04489537,1.0,212.91344,0.2659109,0.13877246,2.712352,0.0017586467,0.012947507,0.29216722,0.0,1.276114,3.8425536,0.012359949,0.5223065,0.0,0.012947507,0.5223065,0.59045494,0.04489537,1.0,0.012653728,lookahead,fk_orig3_bm0-s0to100br0
/work/T-REX/external/Proteina-Complexa/inference/search_binder_local_pipeline_32_PDL1_ALPHA_REPACK_v7_r005_cand_v7r005_hyp_0005_01_002_a224316cffb43/job_0_n_194_id_1_fk_orig0_bm0-s0to100br1/job_0_n_194_id_1_fk_orig0_bm0-s0to100br1.pdb,4,"2,0,13,16,19,16,19,14,11,3,10,18,19,19,6,18,7,15,2,12,16,9,6,4,11,13,14,19,6,11,5,10,3,10,0,0,10,9,19,18,17,6,12,6,3,11,2,9,9,5,13,19,8,7,6,6,3,10,11,19,5,8,15,15,18,1,5,1,0,1,10,10,11,3,5,10,15,10,7,2,0,0,10,5,9,16,3,19,11,10,5,3,0,7,19,18,1,4,12,9,15,18,7,7,0,3,18,11,1,9,16,19,11,19,2,0,15,19,0,10,11,10,13,11,6,15,15,3,6,1,19,11,10,13,18,10,11,2,10,10,11,6,6,3,13,2,16,19,11,6,0,10,6,18,10,6,15,12,6,15,19,15,5,3,9,19,3,0,10,11,15,13,15,6,6,15,15,2,6,11,10,1,6,10,0,5,11,16,10,16,2,10,11,15,0,0,0,0,0,0,0,0,0,0,0,0,0,0,0,0,0,0,0,0,0,0,0,0,0,0,0,0,0,0,0,0,0,0,0",0.5530163,0.19758384,0.55470693,3.0,0.11177896,33.76849,0.12480469,1.0,0.12480469,0.26970327,0.04663949,0.0,0.0,0.11177896,0.002955138,0.86622435,0.26970327,2.8507798,1.6614441,33.76849,0.5530163,3.413966,189.69734,0.042797573,0.098753236,1.0,189.69734,0.4452931,0.13377564,2.8507798,0.002955138,0.05048141,0.19758384,0.0,1.6614441,3.413966,0.042797573,0.39082307,0.0,0.05048141,0.39082307,0.7228199,0.098753236,1.0,0.04663949,lookahead,fk_orig0_bm0-s0to100br1
/work/T-REX/external/Proteina-Complexa/inference/search_binder_local_pipeline_32_PDL1_ALPHA_REPACK_v7_r005_cand_v7r005_hyp_0005_01_002_a224316cffb43/job_0_n_224_id_1_fk_orig1_bm0-s0to100br1/job_0_n_224_id_1_fk_orig1_bm0-s0to100br1.pdb,5,"2,0,13,16,19,16,19,14,11,3,10,18,19,19,6,18,7,15,2,12,16,9,6,4,11,13,14,19,6,11,5,10,3,10,0,0,10,9,19,18,17,6,12,6,3,11,2,9,9,5,13,19,8,7,6,6,3,10,11,19,5,8,15,15,18,1,5,1,0,1,10,10,11,3,5,10,15,10,7,2,0,0,10,5,9,16,3,19,11,10,5,3,0,7,19,18,1,4,12,9,15,18,7,7,0,3,18,11,1,9,16,19,11,19,2,0,2,0,13,16,19,16,19,14,11,3,10,18,19,19,6,18,7,15,2,12,16,9,6,4,11,13,14,19,6,11,5,10,3,10,0,0,10,9,19,18,17,6,12,6,3,11,2,9,9,5,13,19,2,15,19,18,3,5,1,0,1,10,10,11,3,5,10,15,10,7,2,0,0,10,5,9,16,3,19,11,10,5,3,0,7,19,18,1,4,12,9,15,18,7,7,0,3,18,11,1,9,16,19,11,19,2,0,14,0,0,0,0,0",0.5621593,0.34989244,0.76167035,3.0,0.014880587,119.059425,0.021343248,1.0,0.021343248,0.3956412,0.005688455,0.0,0.0,0.014880587,0.0043474343,0.7667749,0.3956412,10.456623,1.6519926,119.059425,0.5621593,4.066586,237.6918,0.0,0.008417927,1.0,237.6918,0.23832966,0.23322508,10.456623,0.0043474343,0.01137691,0.34989244,0.0,1.6519926,4.066586,0.0,0.5952268,0.0,0.01137691,0.5952268,0.58237076,0.008417927,1.0,0.005688455,lookahead,fk_orig1_bm0-s0to100br1
/work/T-REX/external/Proteina-Complexa/inference/search_binder_local_pipeline_32_PDL1_ALPHA_REPACK_v7_r005_cand_v7r005_hyp_0005_01_002_a224316cffb43/job_0_n_180_id_1_fk_orig2_bm0-s0to100br1/job_0_n_180_id_1_fk_orig2_bm0-s0to100br1.pdb,6,"2,0,13,16,19,16,19,14,11,3,10,18,19,19,6,18,7,15,2,12,16,9,6,4,11,13,14,19,6,11,5,10,3,10,0,0,10,9,19,18,17,6,12,6,3,11,2,9,9,5,13,19,8,7,6,6,3,10,11,19,5,8,15,15,18,1,5,1,0,1,10,10,11,3,5,10,15,10,7,2,0,0,10,5,9,16,3,19,11,10,5,3,0,7,19,18,1,4,12,9,15,18,7,7,0,3,18,11,1,9,16,19,11,19,2,0,15,6,9,6,16,10,11,3,13,10,6,0,11,6,5,11,11,2,7,2,10,3,6,0,9,11,10,18,6,11,0,13,11,7,13,11,11,10,7,1,2,3,10,0,6,6,0,11,11,6,0,6,11,10,18,5,11,10,7,11,6,13,14,18,0,0,0,0,0,0,0,0,0,0,0,0,0,0,0,0,0,0,0,0,0,0,0,0,0,0,0,0,0,0,0,0,0,0,0,0,0,0,0,0,0,0,0,0,0,0,0,0,0",0.705925,0.048053946,0.1759665,3.0,0.5997356,37.07014,0.70772934,1.0,0.70772934,0.12752275,0.5997356,0.0,0.0,0.5997356,0.0023007384,0.9362546,0.12752275,1.7263088,1.3733889,37.07014,0.705925,2.2134535,141.70856,0.49174184,0.49174184,1.0,141.70856,0.8240335,0.063745394,1.7263088,0.0023007384,0.70772934,0.048053946,0.0,1.3733889,2.2134535,0.49174184,0.1577604,0.0,0.70772934,0.1577604,0.8747388,0.49174184,1.0,0.5997356,lookahead,fk_orig2_bm0-s0to100br1
/work/T-REX/external/Proteina-Complexa/inference/search_binder_local_pipeline_32_PDL1_ALPHA_REPACK_v7_r005_cand_v7r005_hyp_0005_01_002_a224316cffb43/job_0_n_229_id_1_fk_orig3_bm0-s0to100br1/job_0_n_229_id_1_fk_orig3_bm0-s0to100br1.pdb,7,"2,0,13,16,19,16,19,14,11,3,10,18,19,19,6,18,7,15,2,12,16,9,6,4,11,13,14,19,6,11,5,10,3,10,0,0,10,9,19,18,17,6,12,6,3,11,2,9,9,5,13,19,8,7,6,6,3,10,11,19,5,8,15,15,18,1,5,1,0,1,10,10,11,3,5,10,15,10,7,2,0,0,10,5,9,16,3,19,11,10,5,3,0,7,19,18,1,4,12,9,15,18,7,7,0,3,18,11,1,9,16,19,11,19,2,0,0,13,16,19,16,19,14,11,3,10,18,19,19,6,18,7,15,2,12,16,9,6,4,11,13,14,19,6,11,5,10,3,10,0,0,10,9,19,18,17,6,12,6,3,11,2,9,9,5,13,19,8,7,6,6,3,10,11,19,5,8,15,15,18,1,5,1,0,1,10,10,11,3,5,10,15,10,7,2,0,0,10,5,9,16,3,19,11,10,5,3,0,7,19,18,1,4,12,9,15,18,7,7,0,3,18,11,1,9,16,19,11,19",0.6291837,0.2884345,0.7313137,3.0,0.049441874,72.93531,0.051954832,1.0,0.051954832,0.30669314,0.012771631,0.0,0.0,0.049441874,0.0018261002,0.8607586,0.30669314,2.6510408,1.2746584,72.93531,0.6291837,3.8275125,214.0158,0.012444574,0.046928912,1.0,214.0158,0.2686863,0.1392414,2.6510408,0.0018261002,0.013098688,0.2884345,0.0,1.2746584,3.8275125,0.012444574,0.5172287,0.0,0.013098688,0.5172287,0.59163064,0.046928912,1.0,0.012771631,lookahead,fk_orig3_bm0-s0to100br1
/work/T-REX/external/Proteina-Complexa/inference/search_binder_local_pipeline_32_PDL1_ALPHA_REPACK_v7_r005_cand_v7r005_hyp_0005_01_002_a224316cffb43/job_0_n_194_id_2_fk_orig0_bm0-s0to100br2/job_0_n_194_id_2_fk_orig0_bm0-s0to100br2.pdb,8,"2,0,13,16,19,16,19,14,11,3,10,18,19,19,6,18,7,15,2,12,16,9,6,4,11,13,14,19,6,11,5,10,3,10,0,0,10,9,19,18,17,6,12,6,3,11,2,9,9,5,13,19,8,7,6,6,3,10,11,19,5,8,15,15,18,1,5,1,0,1,10,10,11,3,5,10,15,10,7,2,0,0,10,5,9,16,3,19,11,10,5,3,0,7,19,18,1,4,12,9,15,18,7,7,0,3,18,11,1,9,16,19,11,19,2,0,15,3,11,0,10,0,19,11,10,2,12,6,7,0,3,5,13,11,11,7,2,10,3,6,0,6,11,10,18,11,6,0,10,6,19,0,11,11,0,7,0,15,3,10,6,9,0,16,9,10,2,2,10,7,19,19,5,8,15,11,7,2,10,0,6,0,6,11,10,18,11,6,0,10,6,9,1,11,0,0,0,0,0,0,0,0,0,0,0,0,0,0,0,0,0,0,0,0,0,0,0,0,0,0,0,0,0,0,0,0,0,0,0",0.640859,0.34439522,0.80940783,3.0,0.0108280275,122.492325,0.014511941,1.0,0.014511941,0.37833712,0.0,0.0,0.0,0.0108280275,0.0028449756,0.8110294,0.37833712,21.25502,1.2648107,122.492325,0.640859,3.8495007,231.85117,0.0,0.007144115,1.0,231.85117,0.19059217,0.18897064,21.25502,0.0028449756,0.0,0.34439522,0.0,1.2648107,3.8495007,0.0,0.5840808,0.0,0.0,0.5840808,0.60906124,0.007144115,1.0,0.0,lookahead,fk_orig0_bm0-s0to100br2
/work/T-REX/external/Proteina-Complexa/inference/search_binder_local_pipeline_32_PDL1_ALPHA_REPACK_v7_r005_cand_v7r005_hyp_0005_01_002_a224316cffb43/job_0_n_224_id_2_fk_orig1_bm0-s0to100br2/job_0_n_224_id_2_fk_orig1_bm0-s0to100br2.pdb,9,"2,0,13,16,19,16,19,14,11,3,10,18,19,19,6,18,7,15,2,12,16,9,6,4,11,13,14,19,6,11,5,10,3,10,0,0,10,9,19,18,17,6,12,6,3,11,2,9,9,5,13,19,8,7,6,6,3,10,11,19,5,8,15,15,18,1,5,1,0,1,10,10,11,3,5,10,15,10,7,2,0,0,10,5,9,16,3,19,11,10,5,3,0,7,19,18,1,4,12,9,15,18,7,7,0,3,18,11,1,9,16,19,11,19,2,0,13,16,19,16,19,14,11,3,10,18,19,19,6,18,7,15,2,12,16,9,6,4,11,13,14,19,6,11,5,10,3,10,0,0,10,9,19,18,17,6,12,6,3,11,2,9,9,5,13,19,8,7,6,6,3,10,11,19,5,8,15,15,18,1,5,1,0,1,10,10,11,3,5,10,15,10,7,2,0,0,10,5,9,16,3,19,11,10,5,3,0,7,19,18,1,4,12,9,15,18,7,7,0,3,18,11,1,9,0,0,0,0,0",0.6233568,0.31075773,0.7467176,3.0,0.036836863,48.533817,0.0379976,1.0,0.0379976,0.3187985,0.011951437,0.0,0.0,0.036836863,0.0017621771,0.8601382,0.3187985,2.70852,1.300479,48.533817,0.6233568,3.8696811,199.10077,0.0112456195,0.035676125,1.0,199.10077,0.25328246,0.13986179,2.70852,0.0017621771,0.012657254,0.31075773,0.0,1.300479,3.8696811,0.0112456195,0.53355646,0.0,0.012657254,0.53355646,0.59110224,0.035676125,1.0,0.011951437,lookahead,fk_orig1_bm0-s0to100br2
/work/T-REX/external/Proteina-Complexa/inference/search_binder_local_pipeline_32_PDL1_ALPHA_REPACK_v7_r005_cand_v7r005_hyp_0005_01_002_a224316cffb43/job_0_n_180_id_2_fk_orig2_bm0-s0to100br2/job_0_n_180_id_2_fk_orig2_bm0-s0to100br2.pdb,10,"2,0,13,16,19,16,19,14,11,3,10,18,19,19,6,18,7,15,2,12,16,9,6,4,11,13,14,19,6,11,5,10,3,10,0,0,10,9,19,18,17,6,12,6,3,11,2,9,9,5,13,19,8,7,6,6,3,10,11,19,5,8,15,15,18,1,5,1,0,1,10,10,11,3,5,10,15,10,7,2,0,0,10,5,9,16,3,19,11,10,5,3,0,7,19,18,1,4,12,9,15,18,7,7,0,3,18,11,1,9,16,19,11,19,2,0,0,18,13,2,1,7,2,19,18,13,15,10,7,5,18,3,10,0,19,6,3,18,16,1,0,9,6,10,11,14,3,13,0,11,0,18,0,2,1,0,10,0,10,11,12,10,7,1,3,3,10,0,6,6,3,1,6,6,0,0,1,10,11,15,0,0,0,0,0,0,0,0,0,0,0,0,0,0,0,0,0,0,0,0,0,0,0,0,0,0,0,0,0,0,0,0,0,0,0,0,0,0,0,0,0,0,0,0,0,0,0,0,0",0.59497064,0.34716403,0.75777256,3.0,0.015274785,118.66629,0.024043603,1.0,0.024043603,0.38156095,0.0066982154,0.0,0.0,0.015274785,0.0032520583,0.8556036,0.38156095,20.55829,1.2453339,118.66629,0.59497064,4.0219607,192.26299,0.0,0.0065059676,1.0,192.26299,0.24222744,0.14439645,20.55829,0.0032520583,0.013396431,0.34716403,0.0,1.2453339,4.0219607,0.0,0.556963,0.0,0.013396431,0.556963,0.66470873,0.0065059676,1.0,0.0066982154,lookahead,fk_orig2_bm0-s0to100br2
/work/T-REX/external/Proteina-Complexa/inference/search_binder_local_pipeline_32_PDL1_ALPHA_REPACK_v7_r005_cand_v7r005_hyp_0005_01_002_a224316cffb43/job_0_n_229_id_2_fk_orig3_bm0-s0to100br2/job_0_n_229_id_2_fk_orig3_bm0-s0to100br2.pdb,11,"2,0,13,16,19,16,19,14,11,3,10,18,19,19,6,18,7,15,2,12,16,9,6,4,11,13,14,19,6,11,5,10,3,10,0,0,10,9,19,18,17,6,12,6,3,11,2,9,9,5,13,19,8,7,6,6,3,10,11,19,5,8,15,15,18,1,5,1,0,1,10,10,11,3,5,10,15,10,7,2,0,0,10,5,9,16,3,19,11,10,5,3,0,7,19,18,1,4,12,9,15,18,7,7,0,3,18,11,1,9,16,19,11,19,2,0,13,16,19,16,19,14,11,3,10,18,19,19,6,18,7,15,2,12,16,9,6,4,11,13,14,19,6,11,5,10,3,10,0,0,10,9,19,18,17,6,12,6,3,11,2,9,9,5,13,19,8,7,6,6,3,10,11,19,5,8,15,15,18,1,5,1,0,1,10,10,11,3,5,10,15,10,7,2,0,0,10,5,9,16,3,19,11,10,5,3,0,7,19,18,1,4,12,9,15,18,7,7,0,3,18,11,1,9,16,19,11,19,2",0.62829095,0.29957986,0.74005556,3.0,0.04374422,69.978355,0.046609994,1.0,0.046609994,0.31053236,0.012256464,0.0,0.0,0.04374422,0.0017257723,0.8626731,0.31053236,3.521718,1.278535,69.978355,0.62829095,3.8698807,206.21077,0.011953887,0.040878452,1.0,206.21077,0.25994444,0.13732688,3.521718,0.0017257723,0.01255904,0.29957986,0.0,1.278535,3.8698807,0.011953887,0.5255366,0.0,0.01255904,0.5255366,0.5872165,0.040878452,1.0,0.012256464,lookahead,fk_orig3_bm0-s0to100br2
/work/T-REX/external/Proteina-Complexa/inference/search_binder_local_pipeline_32_PDL1_ALPHA_REPACK_v7_r005_cand_v7r005_hyp_0005_01_002_a224316cffb43/job_0_n_194_id_3_fk_orig0_bm0-s0to100br3/job_0_n_194_id_3_fk_orig0_bm0-s0to100br3.pdb,12,"2,0,13,16,19,16,19,14,11,3,10,18,19,19,6,18,7,15,2,12,16,9,6,4,11,13,14,19,6,11,5,10,3,10,0,0,10,9,19,18,17,6,12,6,3,11,2,9,9,5,13,19,8,7,6,6,3,10,11,19,5,8,15,15,18,1,5,1,0,1,10,10,11,3,5,10,15,10,7,2,0,0,10,5,9,16,3,19,11,10,5,3,0,7,19,18,1,4,12,9,15,18,7,7,0,3,18,11,1,9,16,19,11,19,2,0,10,1,19,19,0,0,16,15,16,15,10,10,10,15,17,6,7,16,0,3,15,18,9,19,6,5,11,15,7,0,11,7,17,10,14,19,1,16,19,16,16,16,16,13,2,0,16,7,10,10,14,0,16,3,18,16,13,1,19,13,0,19,16,7,7,11,1,7,14,7,9,15,9,3,18,1,16,10,0,0,0,0,0,0,0,0,0,0,0,0,0,0,0,0,0,0,0,0,0,0,0,0,0,0,0,0,0,0,0,0,0,0,0",0.59854174,0.49437284,0.8697493,3.0,0.002646537,118.252945,0.005293074,1.0,0.005293074,0.47607875,0.0,0.0,0.0,0.002646537,0.0021710359,0.76727676,0.47607875,14.894256,1.5680064,118.252945,0.59854174,4.3349323,247.59464,0.0,0.0,1.0,247.59464,0.13025069,0.23272322,14.894256,0.0021710359,0.0,0.49437284,0.0,1.5680064,4.3349323,0.0,0.7087288,0.0,0.0,0.7087288,0.59106606,0.0,1.0,0.0,lookahead,fk_orig0_bm0-s0to100br3
/work/T-REX/external/Proteina-Complexa/inference/search_binder_local_pipeline_32_PDL1_ALPHA_REPACK_v7_r005_cand_v7r005_hyp_0005_01_002_a224316cffb43/job_0_n_224_id_3_fk_orig1_bm0-s0to100br3/job_0_n_224_id_3_fk_orig1_bm0-s0to100br3.pdb,13,"2,0,13,16,19,16,19,14,11,3,10,18,19,19,6,18,7,15,2,12,16,9,6,4,11,13,14,19,6,11,5,10,3,10,0,0,10,9,19,18,17,6,12,6,3,11,2,9,9,5,13,19,8,7,6,6,3,10,11,19,5,8,15,15,18,1,5,1,0,1,10,10,11,3,5,10,15,10,7,2,0,0,10,5,9,16,3,19,11,10,5,3,0,7,19,18,1,4,12,9,15,18,7,7,0,3,18,11,1,9,16,19,11,19,2,0,9,19,10,16,5,16,16,14,16,12,15,0,15,14,7,6,1,19,16,10,15,4,1,0,15,15,15,9,15,15,15,18,10,8,17,18,5,5,11,14,8,5,15,14,1,10,10,9,18,15,0,15,16,10,0,15,7,9,14,15,1,13,15,7,15,7,15,7,16,3,13,16,10,16,9,15,15,10,5,15,6,3,13,0,16,18,13,4,5,5,15,15,15,16,14,10,16,13,7,0,7,16,11,10,6,9,11,1,0,0,0,0,0",0.61266416,0.41899705,0.8446295,3.0,0.005958042,112.58549,0.0062140245,1.0,0.0062140245,0.3921902,0.0,0.0,0.0,0.005958042,0.0015040074,0.8371164,0.3921902,12.903214,1.4481039,112.58549,0.61266416,4.2327914,218.87057,0.0,0.00570206,1.0,218.87057,0.15537044,0.16288358,12.903214,0.0015040074,0.0,0.41899705,0.0,1.4481039,4.2327914,0.0,0.66023815,0.0,0.0,0.66023815,0.54295814,0.00570206,1.0,0.0,lookahead,fk_orig1_bm0-s0to100br3
/work/T-REX/external/Proteina-Complexa/inference/search_binder_local_pipeline_32_PDL1_ALPHA_REPACK_v7_r005_cand_v7r005_hyp_0005_01_002_a224316cffb43/job_0_n_180_id_3_fk_orig2_bm0-s0to100br3/job_0_n_180_id_3_fk_orig2_bm0-s0to100br3.pdb,14,"2,0,13,16,19,16,19,14,11,3,10,18,19,19,6,18,7,15,2,12,16,9,6,4,11,13,14,19,6,11,5,10,3,10,0,0,10,9,19,18,17,6,12,6,3,11,2,9,9,5,13,19,8,7,6,6,3,10,11,19,5,8,15,15,18,1,5,1,0,1,10,10,11,3,5,10,15,10,7,2,0,0,10,5,9,16,3,19,11,10,5,3,0,7,19,18,1,4,12,9,15,18,7,7,0,3,18,11,1,9,16,19,11,19,2,0,12,3,19,6,1,10,16,16,9,11,7,19,7,1,19,10,0,5,1,10,19,3,6,13,7,2,18,3,7,19,19,5,16,9,10,6,3,14,5,1,10,10,2,19,6,7,9,7,14,19,11,10,1,9,9,13,6,15,19,10,11,6,11,18,0,0,0,0,0,0,0,0,0,0,0,0,0,0,0,0,0,0,0,0,0,0,0,0,0,0,0,0,0,0,0,0,0,0,0,0,0,0,0,0,0,0,0,0,0,0,0,0,0",0.5862464,0.19397716,0.56028736,3.0,0.113679886,116.40292,0.1267938,1.0,0.1267938,0.26608235,0.06684771,0.0,0.0,0.113679886,0.0027192105,0.8455667,0.26608235,13.211335,1.602424,116.40292,0.5862464,3.258965,219.23499,0.044712506,0.10056598,1.0,219.23499,0.43971264,0.15443331,13.211335,0.0027192105,0.08898291,0.19397716,0.0,1.602424,3.258965,0.044712506,0.36786455,0.0,0.08898291,0.36786455,0.7313907,0.10056598,1.0,0.06684771,lookahead,fk_orig2_bm0-s0to100br3
/work/T-REX/external/Proteina-Complexa/inference/search_binder_local_pipeline_32_PDL1_ALPHA_REPACK_v7_r005_cand_v7r005_hyp_0005_01_002_a224316cffb43/job_0_n_229_id_3_fk_orig3_bm0-s0to100br3/job_0_n_229_id_3_fk_orig3_bm0-s0to100br3.pdb,15,"2,0,13,16,19,16,19,14,11,3,10,18,19,19,6,18,7,15,2,12,16,9,6,4,11,13,14,19,6,11,5,10,3,10,0,0,10,9,19,18,17,6,12,6,3,11,2,9,9,5,13,19,8,7,6,6,3,10,11,19,5,8,15,15,18,1,5,1,0,1,10,10,11,3,5,10,15,10,7,2,0,0,10,5,9,16,3,19,11,10,5,3,0,7,19,18,1,4,12,9,15,18,7,7,0,3,18,11,1,9,16,19,11,19,2,0,16,19,16,19,14,11,3,10,18,19,19,6,18,7,15,2,12,16,9,6,4,11,13,14,19,6,11,5,10,3,10,0,0,10,9,19,18,17,6,12,6,3,11,2,9,9,5,13,19,8,7,6,6,3,10,11,19,5,8,15,15,18,1,5,1,0,1,10,10,11,3,5,10,15,10,7,2,0,0,10,5,9,16,3,19,11,10,5,3,0,7,19,18,1,4,12,9,15,18,7,7,0,3,18,11,1,9,16,19,11,19,2,0",0.6234652,0.30352086,0.7456811,3.0,0.038412943,72.135475,0.04128513,1.0,0.04128513,0.3159247,0.011823027,0.0,0.0,0.038412943,0.0017745843,0.8614181,0.3159247,3.0601761,1.2962282,72.135475,0.6234652,3.9074712,212.25244,0.011601413,0.035540756,1.0,212.25244,0.2543189,0.13858184,3.0601761,0.0017745843,0.012044642,0.30352086,0.0,1.2962282,3.9074712,0.011601413,0.53346944,0.0,0.012044642,0.53346944,0.5843464,0.035540756,1.0,0.011823027,lookahead,fk_orig3_bm0-s0to100br3
/work/T-REX/external/Proteina-Complexa/inference/search_binder_local_pipeline_32_PDL1_ALPHA_REPACK_v7_r005_cand_v7r005_hyp_0005_01_002_a224316cffb43/job_0_n_194_id_4_fk_orig0_bm1-s0to100br0/job_0_n_194_id_4_fk_orig0_bm1-s0to100br0.pdb,16,"2,0,13,16,19,16,19,14,11,3,10,18,19,19,6,18,7,15,2,12,16,9,6,4,11,13,14,19,6,11,5,10,3,10,0,0,10,9,19,18,17,6,12,6,3,11,2,9,9,5,13,19,8,7,6,6,3,10,11,19,5,8,15,15,18,1,5,1,0,1,10,10,11,3,5,10,15,10,7,2,0,0,10,5,9,16,3,19,11,10,5,3,0,7,19,18,1,4,12,9,15,18,7,7,0,3,18,11,1,9,16,19,11,19,2,0,0,6,9,0,6,10,11,11,10,10,6,6,14,3,11,15,11,0,10,5,10,16,6,9,10,10,18,15,11,3,6,5,19,19,6,10,0,11,5,0,10,10,11,9,15,11,14,6,0,6,1,9,10,5,19,18,15,11,15,11,3,6,11,9,1,6,1,0,11,6,10,10,6,6,13,15,11,10,0,0,0,0,0,0,0,0,0,0,0,0,0,0,0,0,0,0,0,0,0,0,0,0,0,0,0,0,0,0,0,0,0,0,0",0.6132169,0.36170283,0.79222506,3.0,0.010950113,99.45336,0.014898746,1.0,0.014898746,0.39134803,0.0,0.0,0.0,0.010950113,0.0026074213,0.7783317,0.39134803,9.587599,1.7966547,99.45336,0.6132169,3.8837469,232.81879,0.0,0.00700148,1.0,232.81879,0.20777495,0.22166829,9.587599,0.0026074213,0.0,0.36170283,0.0,1.7966547,3.8837469,0.0,0.5860708,0.0,0.0,0.5860708,0.61641383,0.00700148,1.0,0.0,lookahead,fk_orig0_bm1-s0to100br0
/work/T-REX/external/Proteina-Complexa/inference/search_binder_local_pipeline_32_PDL1_ALPHA_REPACK_v7_r005_cand_v7r005_hyp_0005_01_002_a224316cffb43/job_0_n_224_id_4_fk_orig1_bm1-s0to100br0/job_0_n_224_id_4_fk_orig1_bm1-s0to100br0.pdb,17,"2,0,13,16,19,16,19,14,11,3,10,18,19,19,6,18,7,15,2,12,16,9,6,4,11,13,14,19,6,11,5,10,3,10,0,0,10,9,19,18,17,6,12,6,3,11,2,9,9,5,13,19,8,7,6,6,3,10,11,19,5,8,15,15,18,1,5,1,0,1,10,10,11,3,5,10,15,10,7,2,0,0,10,5,9,16,3,19,11,10,5,3,0,7,19,18,1,4,12,9,15,18,7,7,0,3,18,11,1,9,16,19,11,19,2,0,9,19,10,16,5,16,14,0,16,12,15,0,15,14,7,6,1,19,16,10,15,4,1,0,15,15,15,9,15,15,15,18,10,8,17,18,10,5,11,14,2,5,15,14,11,10,10,9,18,15,0,15,16,10,0,15,7,19,14,15,1,13,15,7,15,7,15,7,16,3,13,15,10,16,9,15,15,10,6,15,6,3,13,7,16,18,13,4,5,5,18,15,15,16,14,10,16,13,7,0,7,16,11,10,6,9,11,1,0,0,0,0,0",0.62005424,0.3165279,0.7986534,3.0,0.013309527,121.30722,0.014651147,1.0,0.014651147,0.35617802,0.005542703,0.0,0.0,0.013309527,0.001493395,0.84883416,0.35617802,17.440212,1.441584,121.30722,0.62005424,4.0950665,215.5605,0.0,0.011967908,1.0,215.5605,0.20134658,0.15116586,17.440212,0.001493395,0.011085406,0.3165279,0.0,1.441584,4.0950665,0.0,0.59123546,0.0,0.011085406,0.59123546,0.56369734,0.011967908,1.0,0.005542703,lookahead,fk_orig1_bm1-s0to100br0
/work/T-REX/external/Proteina-Complexa/inference/search_binder_local_pipeline_32_PDL1_ALPHA_REPACK_v7_r005_cand_v7r005_hyp_0005_01_002_a224316cffb43/job_0_n_180_id_4_fk_orig2_bm1-s0to100br0/job_0_n_180_id_4_fk_orig2_bm1-s0to100br0.pdb,18,"2,0,13,16,19,16,19,14,11,3,10,18,19,19,6,18,7,15,2,12,16,9,6,4,11,13,14,19,6,11,5,10,3,10,0,0,10,9,19,18,17,6,12,6,3,11,2,9,9,5,13,19,8,7,6,6,3,10,11,19,5,8,15,15,18,1,5,1,0,1,10,10,11,3,5,10,15,10,7,2,0,0,10,5,9,16,3,19,11,10,5,3,0,7,19,18,1,4,12,9,15,18,7,7,0,3,18,11,1,9,16,19,11,19,2,0,0,10,15,0,19,2,1,8,10,10,6,0,0,11,0,7,5,3,3,5,19,1,11,10,10,0,3,7,0,3,19,2,0,16,3,11,13,7,11,16,0,10,8,10,0,0,3,2,7,8,10,6,9,19,6,6,10,10,11,8,7,0,3,19,0,0,0,0,0,0,0,0,0,0,0,0,0,0,0,0,0,0,0,0,0,0,0,0,0,0,0,0,0,0,0,0,0,0,0,0,0,0,0,0,0,0,0,0,0,0,0,0,0",0.6063306,0.44150984,0.82696897,3.0,0.0059627607,123.09149,0.0061970195,1.0,0.0061970195,0.44437647,0.0,0.0,0.0,0.0059627607,0.00425297,0.7910207,0.44437647,17.384417,1.4862324,123.09149,0.6063306,4.1034985,265.17075,0.0,0.005728502,1.0,265.17075,0.17303103,0.20897931,17.384417,0.00425297,0.0,0.44150984,0.0,1.4862324,4.1034985,0.0,0.6400857,0.0,0.0,0.6400857,0.63731635,0.005728502,1.0,0.0,lookahead,fk_orig2_bm1-s0to100br0
/work/T-REX/external/Proteina-Complexa/inference/search_binder_local_pipeline_32_PDL1_ALPHA_REPACK_v7_r005_cand_v7r005_hyp_0005_01_002_a224316cffb43/job_0_n_229_id_4_fk_orig3_bm1-s0to100br0/job_0_n_229_id_4_fk_orig3_bm1-s0to100br0.pdb,19,"2,0,13,16,19,16,19,14,11,3,10,18,19,19,6,18,7,15,2,12,16,9,6,4,11,13,14,19,6,11,5,10,3,10,0,0,10,9,19,18,17,6,12,6,3,11,2,9,9,5,13,19,8,7,6,6,3,10,11,19,5,8,15,15,18,1,5,1,0,1,10,10,11,3,5,10,15,10,7,2,0,0,10,5,9,16,3,19,11,10,5,3,0,7,19,18,1,4,12,9,15,18,7,7,0,3,18,11,1,9,16,19,11,19,2,0,13,16,19,16,19,14,11,3,10,18,19,19,6,18,7,15,2,12,16,9,6,4,11,13,14,19,6,11,5,10,3,10,0,0,10,9,19,18,17,6,12,6,3,11,2,9,9,5,13,19,8,7,6,6,3,10,11,19,5,8,15,15,18,1,5,1,0,1,10,10,11,3,5,10,15,10,7,2,0,0,10,5,9,16,3,19,11,10,5,3,0,7,19,18,1,4,12,9,15,18,7,7,0,3,18,11,1,9,16,19,11,19,2",0.62333566,0.3054257,0.7427336,3.0,0.040639564,68.86597,0.042184338,1.0,0.042184338,0.31406108,0.012004596,0.0,0.0,0.040639564,0.0017704078,0.8615865,0.31406108,2.9443383,1.2900215,68.86597,0.62333566,3.8867419,212.08534,0.011735657,0.03909479,1.0,212.08534,0.2572664,0.13841349,2.9443383,0.0017704078,0.012273535,0.3054257,0.0,1.2900215,3.8867419,0.011735657,0.5314044,0.0,0.012273535,0.5314044,0.5856798,0.03909479,1.0,0.012004596,lookahead,fk_orig3_bm1-s0to100br0
/work/T-REX/external/Proteina-Complexa/inference/search_binder_local_pipeline_32_PDL1_ALPHA_REPACK_v7_r005_cand_v7r005_hyp_0005_01_002_a224316cffb43/job_0_n_194_id_5_fk_orig0_bm1-s0to100br1/job_0_n_194_id_5_fk_orig0_bm1-s0to100br1.pdb,20,"2,0,13,16,19,16,19,14,11,3,10,18,19,19,6,18,7,15,2,12,16,9,6,4,11,13,14,19,6,11,5,10,3,10,0,0,10,9,19,18,17,6,12,6,3,11,2,9,9,5,13,19,8,7,6,6,3,10,11,19,5,8,15,15,18,1,5,1,0,1,10,10,11,3,5,10,15,10,7,2,0,0,10,5,9,16,3,19,11,10,5,3,0,7,19,18,1,4,12,9,15,18,7,7,0,3,18,11,1,9,16,19,11,19,2,0,0,18,18,2,1,7,2,0,18,13,19,11,7,2,10,3,10,0,9,6,3,18,2,11,0,9,6,10,11,14,3,13,0,6,0,18,18,2,1,7,2,0,18,11,6,11,7,2,10,3,10,0,9,11,3,18,2,11,0,10,6,10,11,14,3,13,19,6,0,1,6,6,10,6,11,19,11,0,0,0,0,0,0,0,0,0,0,0,0,0,0,0,0,0,0,0,0,0,0,0,0,0,0,0,0,0,0,0,0,0,0,0,0",0.5957971,0.39836976,0.81654185,3.0,0.005996858,93.06287,0.0062789526,1.0,0.0062789526,0.40687022,0.0,0.0,0.0,0.005996858,0.0020766878,0.85235053,0.40687022,2.9442499,1.2200035,93.06287,0.5957971,4.002838,194.81458,0.0,0.005714763,1.0,194.81458,0.18345815,0.14764947,2.9442499,0.0020766878,0.0,0.39836976,0.0,1.2200035,4.002838,0.0,0.6350125,0.0,0.0,0.6350125,0.60535705,0.005714763,1.0,0.0,lookahead,fk_orig0_bm1-s0to100br1
/work/T-REX/external/Proteina-Complexa/inference/search_binder_local_pipeline_32_PDL1_ALPHA_REPACK_v7_r005_cand_v7r005_hyp_0005_01_002_a224316cffb43/job_0_n_224_id_5_fk_orig1_bm1-s0to100br1/job_0_n_224_id_5_fk_orig1_bm1-s0to100br1.pdb,21,"2,0,13,16,19,16,19,14,11,3,10,18,19,19,6,18,7,15,2,12,16,9,6,4,11,13,14,19,6,11,5,10,3,10,0,0,10,9,19,18,17,6,12,6,3,11,2,9,9,5,13,19,8,7,6,6,3,10,11,19,5,8,15,15,18,1,5,1,0,1,10,10,11,3,5,10,15,10,7,2,0,0,10,5,9,16,3,19,11,10,5,3,0,7,19,18,1,4,12,9,15,18,7,7,0,3,18,11,1,9,16,19,11,19,2,0,14,11,3,10,18,19,19,6,18,7,15,2,12,16,9,6,4,11,13,14,19,6,11,5,10,3,10,0,0,10,9,19,18,17,6,12,6,3,11,2,9,9,5,13,19,8,7,6,6,3,10,11,19,5,8,15,15,18,1,5,1,0,1,10,10,11,3,5,10,15,10,7,2,0,0,10,5,9,16,3,19,11,10,5,3,0,7,19,18,1,4,12,9,15,18,7,7,0,3,18,11,1,9,16,19,11,19,2,0,0,0,0,0",0.6321144,0.30263734,0.7431751,3.0,0.04349933,67.82275,0.045239683,1.0,0.045239683,0.3203543,0.012668187,0.0,0.0,0.04349933,0.002201965,0.84991527,0.3203543,3.112612,1.3815361,67.82275,0.6321144,3.898386,216.9816,0.011883051,0.04175897,1.0,216.9816,0.2568249,0.15008475,3.112612,0.002201965,0.0134533215,0.30263734,0.0,1.3815361,3.898386,0.011883051,0.5261476,0.0,0.0134533215,0.5261476,0.59196556,0.04175897,1.0,0.012668187,lookahead,fk_orig1_bm1-s0to100br1
/work/T-REX/external/Proteina-Complexa/inference/search_binder_local_pipeline_32_PDL1_ALPHA_REPACK_v7_r005_cand_v7r005_hyp_0005_01_002_a224316cffb43/job_0_n_180_id_5_fk_orig2_bm1-s0to100br1/job_0_n_180_id_5_fk_orig2_bm1-s0to100br1.pdb,22,"2,0,13,16,19,16,19,14,11,3,10,18,19,19,6,18,7,15,2,12,16,9,6,4,11,13,14,19,6,11,5,10,3,10,0,0,10,9,19,18,17,6,12,6,3,11,2,9,9,5,13,19,8,7,6,6,3,10,11,19,5,8,15,15,18,1,5,1,0,1,10,10,11,3,5,10,15,10,7,2,0,0,10,5,9,16,3,19,11,10,5,3,0,7,19,18,1,4,12,9,15,18,7,7,0,3,18,11,1,9,16,19,11,19,2,0,15,6,13,11,6,0,13,15,6,13,3,11,3,7,3,7,16,9,15,0,11,6,10,12,16,19,10,7,3,11,18,11,13,16,6,19,5,3,12,9,15,6,19,3,0,3,7,2,7,16,9,3,13,14,6,13,10,16,12,12,0,1,11,12,0,0,0,0,0,0,0,0,0,0,0,0,0,0,0,0,0,0,0,0,0,0,0,0,0,0,0,0,0,0,0,0,0,0,0,0,0,0,0,0,0,0,0,0,0,0,0,0,0",0.5785075,0.3387654,0.72326946,3.0,0.023232589,133.90134,0.039704055,1.0,0.039704055,0.3895397,0.008025713,0.0,0.0,0.023232589,0.010291524,0.7350943,0.3895397,19.571167,1.9887364,133.90134,0.5785075,3.743033,323.40686,0.0,0.006761122,1.0,323.40686,0.27673054,0.2649057,19.571167,0.010291524,0.016051427,0.3387654,0.0,1.9887364,3.743033,0.0,0.5296293,0.0,0.016051427,0.5296293,0.6796073,0.006761122,1.0,0.008025713,lookahead,fk_orig2_bm1-s0to100br1
/work/T-REX/external/Proteina-Complexa/inference/search_binder_local_pipeline_32_PDL1_ALPHA_REPACK_v7_r005_cand_v7r005_hyp_0005_01_002_a224316cffb43/job_0_n_229_id_5_fk_orig3_bm1-s0to100br1/job_0_n_229_id_5_fk_orig3_bm1-s0to100br1.pdb,23,"2,0,13,16,19,16,19,14,11,3,10,18,19,19,6,18,7,15,2,12,16,9,6,4,11,13,14,19,6,11,5,10,3,10,0,0,10,9,19,18,17,6,12,6,3,11,2,9,9,5,13,19,8,7,6,6,3,10,11,19,5,8,15,15,18,1,5,1,0,1,10,10,11,3,5,10,15,10,7,2,0,0,10,5,9,16,3,19,11,10,5,3,0,7,19,18,1,4,12,9,15,18,7,7,0,3,18,11,1,9,16,19,11,19,2,0,16,19,16,19,14,11,3,10,18,19,19,6,18,7,15,2,12,16,9,6,4,11,13,14,19,6,11,5,10,3,10,0,0,10,9,19,18,17,6,12,6,3,11,2,9,9,5,13,19,8,7,6,6,3,10,11,19,5,8,15,15,18,1,5,1,0,1,10,10,11,3,5,10,15,10,7,2,0,0,10,5,9,16,3,19,11,10,5,3,0,7,19,18,1,4,12,9,15,18,7,7,0,3,18,11,1,9,16,19,11,19,2,0",0.63986456,0.28615966,0.7455665,3.0,0.04431983,75.807724,0.046380997,1.0,0.046380997,0.30955473,0.013099048,0.0,0.0,0.04431983,0.001739858,0.86286914,0.30955473,3.884729,1.2795051,75.807724,0.63986456,3.8557825,213.26514,0.012819477,0.04225867,1.0,213.26514,0.2544335,0.13713086,3.884729,0.001739858,0.01337862,0.28615966,0.0,1.2795051,3.8557825,0.012819477,0.52280504,0.0,0.01337862,0.52280504,0.58465254,0.04225867,1.0,0.013099048,lookahead,fk_orig3_bm1-s0to100br1
/work/T-REX/external/Proteina-Complexa/inference/search_binder_local_pipeline_32_PDL1_ALPHA_REPACK_v7_r005_cand_v7r005_hyp_0005_01_002_a224316cffb43/job_0_n_194_id_6_fk_orig0_bm1-s0to100br2/job_0_n_194_id_6_fk_orig0_bm1-s0to100br2.pdb,24,"2,0,13,16,19,16,19,14,11,3,10,18,19,19,6,18,7,15,2,12,16,9,6,4,11,13,14,19,6,11,5,10,3,10,0,0,10,9,19,18,17,6,12,6,3,11,2,9,9,5,13,19,8,7,6,6,3,10,11,19,5,8,15,15,18,1,5,1,0,1,10,10,11,3,5,10,15,10,7,2,0,0,10,5,9,16,3,19,11,10,5,3,0,7,19,18,1,4,12,9,15,18,7,7,0,3,18,11,1,9,16,19,11,19,2,0,0,10,16,10,15,14,0,15,10,15,19,15,6,7,0,2,19,16,13,16,4,15,7,15,15,15,0,14,19,9,17,18,11,2,7,19,11,5,15,3,11,5,10,0,2,7,2,10,10,9,15,15,19,16,0,15,3,0,7,2,18,16,4,6,5,0,7,5,19,15,14,0,0,16,10,16,19,10,0,0,0,0,0,0,0,0,0,0,0,0,0,0,0,0,0,0,0,0,0,0,0,0,0,0,0,0,0,0,0,0,0,0,0",0.54048973,0.71364135,0.93629825,3.0,0.0,127.07963,0.0,1.0,0.0,0.5683251,0.0,0.0,0.0,0.0,0.0032753379,0.74660814,0.5683251,28.51077,1.6593753,127.07963,0.54048973,4.847726,259.69006,0.0,0.0,1.0,259.69006,0.06370178,0.25339186,28.51077,0.0032753379,0.0,0.71364135,0.0,1.6593753,4.847726,0.0,0.8639576,0.0,0.0,0.8639576,0.5674784,0.0,1.0,0.0,lookahead,fk_orig0_bm1-s0to100br2
/work/T-REX/external/Proteina-Complexa/inference/search_binder_local_pipeline_32_PDL1_ALPHA_REPACK_v7_r005_cand_v7r005_hyp_0005_01_002_a224316cffb43/job_0_n_224_id_6_fk_orig1_bm1-s0to100br2/job_0_n_224_id_6_fk_orig1_bm1-s0to100br2.pdb,25,"2,0,13,16,19,16,19,14,11,3,10,18,19,19,6,18,7,15,2,12,16,9,6,4,11,13,14,19,6,11,5,10,3,10,0,0,10,9,19,18,17,6,12,6,3,11,2,9,9,5,13,19,8,7,6,6,3,10,11,19,5,8,15,15,18,1,5,1,0,1,10,10,11,3,5,10,15,10,7,2,0,0,10,5,9,16,3,19,11,10,5,3,0,7,19,18,1,4,12,9,15,18,7,7,0,3,18,11,1,9,16,19,11,19,2,0,10,16,19,16,0,14,0,15,19,15,7,16,0,7,7,15,19,16,10,14,4,16,13,3,15,2,7,7,19,9,16,15,19,19,17,11,7,14,2,3,19,16,19,10,10,18,0,2,7,6,0,15,13,14,6,15,1,13,11,7,1,0,15,10,3,14,11,2,7,2,0,15,10,16,10,15,2,10,1,10,6,3,0,7,9,18,16,4,10,19,7,15,16,11,7,10,0,3,11,11,9,16,10,16,19,2,19,14,0,0,0,0,0",0.5996201,0.36125153,0.8113064,3.0,0.008085575,98.35784,0.0101399915,1.0,0.0101399915,0.37971532,0.0,0.0,0.0,0.008085575,0.0033827536,0.81402683,0.37971532,7.8267264,1.5472978,98.35784,0.5996201,4.1307707,228.97707,0.0,0.006031159,1.0,228.97707,0.18869358,0.18597318,7.8267264,0.0033827536,0.0,0.36125153,0.0,1.5472978,4.1307707,0.0,0.62542504,0.0,0.0,0.62542504,0.55891764,0.006031159,1.0,0.0,lookahead,fk_orig1_bm1-s0to100br2
/work/T-REX/external/Proteina-Complexa/inference/search_binder_local_pipeline_32_PDL1_ALPHA_REPACK_v7_r005_cand_v7r005_hyp_0005_01_002_a224316cffb43/job_0_n_180_id_6_fk_orig2_bm1-s0to100br2/job_0_n_180_id_6_fk_orig2_bm1-s0to100br2.pdb,26,"2,0,13,16,19,16,19,14,11,3,10,18,19,19,6,18,7,15,2,12,16,9,6,4,11,13,14,19,6,11,5,10,3,10,0,0,10,9,19,18,17,6,12,6,3,11,2,9,9,5,13,19,8,7,6,6,3,10,11,19,5,8,15,15,18,1,5,1,0,1,10,10,11,3,5,10,15,10,7,2,0,0,10,5,9,16,3,19,11,10,5,3,0,7,19,18,1,4,12,9,15,18,7,7,0,3,18,11,1,9,16,19,11,19,2,0,15,6,3,0,11,2,2,9,11,11,10,18,6,11,10,2,10,14,10,14,15,6,6,6,9,2,6,10,19,6,11,18,7,0,3,10,3,11,9,0,10,8,9,19,5,5,11,2,10,11,14,7,15,10,14,2,0,9,11,9,0,1,2,10,0,0,0,0,0,0,0,0,0,0,0,0,0,0,0,0,0,0,0,0,0,0,0,0,0,0,0,0,0,0,0,0,0,0,0,0,0,0,0,0,0,0,0,0,0,0,0,0,0",0.6563989,0.06317609,0.24370104,3.0,0.4700204,31.15439,0.5560874,1.0,0.5560874,0.14619744,0.4700204,0.0,0.0,0.4700204,0.0027144868,0.9033851,0.14619744,1.0598148,1.68814,31.15439,0.6563989,2.1530366,166.43666,0.38395348,0.38395348,1.0,166.43666,0.75629896,0.09661491,1.0598148,0.0027144868,0.5560874,0.06317609,0.0,1.68814,2.1530366,0.38395348,0.17917305,0.0,0.5560874,0.17917305,0.85347426,0.38395348,1.0,0.4700204,lookahead,fk_orig2_bm1-s0to100br2
/work/T-REX/external/Proteina-Complexa/inference/search_binder_local_pipeline_32_PDL1_ALPHA_REPACK_v7_r005_cand_v7r005_hyp_0005_01_002_a224316cffb43/job_0_n_229_id_6_fk_orig3_bm1-s0to100br2/job_0_n_229_id_6_fk_orig3_bm1-s0to100br2.pdb,27,"2,0,13,16,19,16,19,14,11,3,10,18,19,19,6,18,7,15,2,12,16,9,6,4,11,13,14,19,6,11,5,10,3,10,0,0,10,9,19,18,17,6,12,6,3,11,2,9,9,5,13,19,8,7,6,6,3,10,11,19,5,8,15,15,18,1,5,1,0,1,10,10,11,3,5,10,15,10,7,2,0,0,10,5,9,16,3,19,11,10,5,3,0,7,19,18,1,4,12,9,15,18,7,7,0,3,18,11,1,9,16,19,11,19,2,0,16,19,16,19,14,11,3,10,18,19,19,6,18,7,15,2,12,16,9,6,4,11,13,14,19,6,11,5,10,3,10,0,0,10,9,19,18,17,6,12,6,3,11,2,9,9,5,13,19,8,7,6,6,3,10,11,19,5,8,15,15,18,1,5,1,0,1,10,10,11,3,5,10,15,10,7,2,0,0,10,5,9,16,3,19,11,10,5,3,0,7,19,18,1,4,12,9,15,18,7,7,0,3,18,11,1,9,16,19,11,19,2,0",0.6265373,0.2945262,0.7452896,3.0,0.040227123,80.223434,0.04242334,1.0,0.04242334,0.31345028,0.012730751,0.0,0.0,0.040227123,0.0016526147,0.8664503,0.31345028,6.009158,1.2813151,80.223434,0.6265373,3.8353796,197.02536,0.012360132,0.0380309,1.0,197.02536,0.25471038,0.13354972,6.009158,0.0016526147,0.013101369,0.2945262,0.0,1.2813151,3.8353796,0.012360132,0.53162426,0.0,0.013101369,0.53162426,0.58788073,0.0380309,1.0,0.012730751,lookahead,fk_orig3_bm1-s0to100br2
/work/T-REX/external/Proteina-Complexa/inference/search_binder_local_pipeline_32_PDL1_ALPHA_REPACK_v7_r005_cand_v7r005_hyp_0005_01_002_a224316cffb43/job_0_n_194_id_7_fk_orig0_bm1-s0to100br3/job_0_n_194_id_7_fk_orig0_bm1-s0to100br3.pdb,28,"2,0,13,16,19,16,19,14,11,3,10,18,19,19,6,18,7,15,2,12,16,9,6,4,11,13,14,19,6,11,5,10,3,10,0,0,10,9,19,18,17,6,12,6,3,11,2,9,9,5,13,19,8,7,6,6,3,10,11,19,5,8,15,15,18,1,5,1,0,1,10,10,11,3,5,10,15,10,7,2,0,0,10,5,9,16,3,19,11,10,5,3,0,7,19,18,1,4,12,9,15,18,7,7,0,3,18,11,1,9,16,19,11,19,2,0,15,3,10,0,10,1,5,1,0,10,0,6,1,10,0,11,6,13,14,7,14,5,18,5,7,9,9,0,2,2,18,6,0,0,3,18,10,6,0,3,6,14,3,10,0,6,11,0,0,5,11,0,10,3,13,15,9,12,9,10,7,6,2,8,14,10,19,10,6,5,1,5,9,10,6,6,10,11,0,0,0,0,0,0,0,0,0,0,0,0,0,0,0,0,0,0,0,0,0,0,0,0,0,0,0,0,0,0,0,0,0,0,0",0.61453384,0.08550598,0.33304644,3.0,0.346623,60.78118,0.41102418,1.0,0.41102418,0.16634887,0.346623,0.0,0.0,0.346623,0.0011801636,0.9195474,0.16634887,4.000052,1.4138489,60.78118,0.61453384,2.533435,180.71548,0.28222182,0.28222182,1.0,180.71548,0.66695356,0.08045261,4.000052,0.0011801636,0.41102418,0.08550598,0.0,1.4138489,2.533435,0.28222182,0.2316588,0.0,0.41102418,0.2316588,0.80594724,0.28222182,1.0,0.346623,lookahead,fk_orig0_bm1-s0to100br3
/work/T-REX/external/Proteina-Complexa/inference/search_binder_local_pipeline_32_PDL1_ALPHA_REPACK_v7_r005_cand_v7r005_hyp_0005_01_002_a224316cffb43/job_0_n_224_id_7_fk_orig1_bm1-s0to100br3/job_0_n_224_id_7_fk_orig1_bm1-s0to100br3.pdb,29,"2,0,13,16,19,16,19,14,11,3,10,18,19,19,6,18,7,15,2,12,16,9,6,4,11,13,14,19,6,11,5,10,3,10,0,0,10,9,19,18,17,6,12,6,3,11,2,9,9,5,13,19,8,7,6,6,3,10,11,19,5,8,15,15,18,1,5,1,0,1,10,10,11,3,5,10,15,10,7,2,0,0,10,5,9,16,3,19,11,10,5,3,0,7,19,18,1,4,12,9,15,18,7,7,0,3,18,11,1,9,16,19,11,19,2,0,11,3,10,18,19,19,6,18,7,15,2,12,16,9,6,4,11,13,14,19,6,11,5,10,3,10,0,0,10,9,19,18,17,6,12,6,3,11,2,9,9,5,13,19,8,7,6,6,3,10,11,19,5,8,15,15,18,1,5,1,0,1,10,10,11,3,5,10,15,10,7,2,0,0,10,5,9,16,3,19,11,10,5,3,0,7,19,18,1,4,12,9,15,18,7,7,0,3,18,11,1,9,16,19,11,19,2,0,0,0,0,0,0",0.6408813,0.28648302,0.731543,3.0,0.05380486,69.13818,0.055044178,1.0,0.055044178,0.31141052,0.0130616985,0.0,0.0,0.05380486,0.0020903607,0.853652,0.31141052,2.8285031,1.3558279,69.13818,0.6408813,3.8667054,211.1132,0.012796387,0.052565537,1.0,211.1132,0.268457,0.14634803,2.8285031,0.0020903607,0.01332701,0.28648302,0.0,1.3558279,3.8667054,0.012796387,0.51023805,0.0,0.01332701,0.51023805,0.5979078,0.052565537,1.0,0.0130616985,lookahead,fk_orig1_bm1-s0to100br3
/work/T-REX/external/Proteina-Complexa/inference/search_binder_local_pipeline_32_PDL1_ALPHA_REPACK_v7_r005_cand_v7r005_hyp_0005_01_002_a224316cffb43/job_0_n_180_id_7_fk_orig2_bm1-s0to100br3/job_0_n_180_id_7_fk_orig2_bm1-s0to100br3.pdb,30,"2,0,13,16,19,16,19,14,11,3,10,18,19,19,6,18,7,15,2,12,16,9,6,4,11,13,14,19,6,11,5,10,3,10,0,0,10,9,19,18,17,6,12,6,3,11,2,9,9,5,13,19,8,7,6,6,3,10,11,19,5,8,15,15,18,1,5,1,0,1,10,10,11,3,5,10,15,10,7,2,0,0,10,5,9,16,3,19,11,10,5,3,0,7,19,18,1,4,12,9,15,18,7,7,0,3,18,11,1,9,16,19,11,19,2,0,6,5,6,19,10,0,12,16,3,3,6,10,12,16,11,10,1,6,10,7,3,5,0,10,13,6,6,19,7,1,9,5,1,3,10,19,3,5,7,11,15,19,11,6,0,10,16,6,0,11,11,9,19,10,9,2,8,10,1,11,6,1,11,0,0,0,0,0,0,0,0,0,0,0,0,0,0,0,0,0,0,0,0,0,0,0,0,0,0,0,0,0,0,0,0,0,0,0,0,0,0,0,0,0,0,0,0,0,0,0,0,0,0",0.6018288,0.15133117,0.49885404,3.0,0.17448714,44.18499,0.21959072,1.0,0.21959072,0.24235554,0.16732168,0.0,0.0,0.17448714,0.01481086,0.834222,0.24235554,2.9877949,1.6549844,44.18499,0.6018288,3.134758,183.72955,0.119624,0.12938358,1.0,183.72955,0.50114596,0.16577798,2.9877949,0.01481086,0.21501938,0.15133117,0.0,1.6549844,3.134758,0.119624,0.32093936,0.0,0.21501938,0.32093936,0.7601571,0.12938358,1.0,0.16732168,lookahead,fk_orig2_bm1-s0to100br3
/work/T-REX/external/Proteina-Complexa/inference/search_binder_local_pipeline_32_PDL1_ALPHA_REPACK_v7_r005_cand_v7r005_hyp_0005_01_002_a224316cffb43/job_0_n_229_id_7_fk_orig3_bm1-s0to100br3/job_0_n_229_id_7_fk_orig3_bm1-s0to100br3.pdb,31,"2,0,13,16,19,16,19,14,11,3,10,18,19,19,6,18,7,15,2,12,16,9,6,4,11,13,14,19,6,11,5,10,3,10,0,0,10,9,19,18,17,6,12,6,3,11,2,9,9,5,13,19,8,7,6,6,3,10,11,19,5,8,15,15,18,1,5,1,0,1,10,10,11,3,5,10,15,10,7,2,0,0,10,5,9,16,3,19,11,10,5,3,0,7,19,18,1,4,12,9,15,18,7,7,0,3,18,11,1,9,16,19,11,19,2,0,16,19,16,19,14,11,3,10,18,19,19,6,18,7,15,2,12,16,9,6,4,11,13,14,19,6,11,5,10,3,10,0,0,10,9,19,18,17,6,12,6,3,11,2,9,9,5,13,19,8,7,6,6,3,10,11,19,5,8,15,15,18,1,5,1,0,1,10,10,11,3,5,10,15,10,7,2,0,0,10,5,9,16,3,19,11,10,5,3,0,7,19,18,1,4,12,9,15,18,7,7,0,3,18,11,1,9,16,19,11,19,2,0",0.6331731,0.29502448,0.74511504,3.0,0.04150126,68.3922,0.043162756,1.0,0.043162756,0.31154215,0.01239596,0.0,0.0,0.04150126,0.0017275383,0.86222076,0.31154215,3.0430224,1.2839965,68.3922,0.6331731,3.880473,208.17996,0.012386041,0.03983977,1.0,208.17996,0.25488496,0.13777925,3.0430224,0.0017275383,0.01240588,0.29502448,0.0,1.2839965,3.880473,0.012386041,0.52600074,0.0,0.01240588,0.52600074,0.58474815,0.03983977,1.0,0.01239596,lookahead,fk_orig3_bm1-s0to100br3
/work/T-REX/external/Proteina-Complexa/inference/search_binder_local_pipeline_32_PDL1_ALPHA_REPACK_v7_r005_cand_v7r005_hyp_0005_01_002_a224316cffb43/job_0_n_194_id_8_fk_orig0_bm2-s0to100br0/job_0_n_194_id_8_fk_orig0_bm2-s0to100br0.pdb,32,"2,0,13,16,19,16,19,14,11,3,10,18,19,19,6,18,7,15,2,12,16,9,6,4,11,13,14,19,6,11,5,10,3,10,0,0,10,9,19,18,17,6,12,6,3,11,2,9,9,5,13,19,8,7,6,6,3,10,11,19,5,8,15,15,18,1,5,1,0,1,10,10,11,3,5,10,15,10,7,2,0,0,10,5,9,16,3,19,11,10,5,3,0,7,19,18,1,4,12,9,15,18,7,7,0,3,18,11,1,9,16,19,11,19,2,0,9,18,13,2,1,7,2,0,18,13,2,10,7,5,18,6,10,0,9,11,3,18,15,1,0,9,6,10,11,14,3,13,0,6,0,18,18,2,1,7,19,0,18,13,15,10,7,5,7,6,10,0,19,11,3,18,15,1,0,10,6,10,11,14,3,13,19,6,0,1,2,6,10,6,1,19,11,0,0,0,0,0,0,0,0,0,0,0,0,0,0,0,0,0,0,0,0,0,0,0,0,0,0,0,0,0,0,0,0,0,0,0,0",0.56817204,0.42033172,0.80255425,3.0,0.006204146,121.150314,0.006605449,1.0,0.006605449,0.41477978,0.0,0.0,0.0,0.006204146,0.0028841395,0.8489289,0.41477978,17.827946,1.3462099,121.150314,0.56817204,4.3203983,209.06456,0.0,0.0058028433,1.0,209.06456,0.19744575,0.15107104,17.827946,0.0028841395,0.0,0.42033172,0.0,1.3462099,4.3203983,0.0,0.6418635,0.0,0.0,0.6418635,0.611305,0.0058028433,1.0,0.0,lookahead,fk_orig0_bm2-s0to100br0
/work/T-REX/external/Proteina-Complexa/inference/search_binder_local_pipeline_32_PDL1_ALPHA_REPACK_v7_r005_cand_v7r005_hyp_0005_01_002_a224316cffb43/job_0_n_224_id_8_fk_orig1_bm2-s0to100br0/job_0_n_224_id_8_fk_orig1_bm2-s0to100br0.pdb,33,"2,0,13,16,19,16,19,14,11,3,10,18,19,19,6,18,7,15,2,12,16,9,6,4,11,13,14,19,6,11,5,10,3,10,0,0,10,9,19,18,17,6,12,6,3,11,2,9,9,5,13,19,8,7,6,6,3,10,11,19,5,8,15,15,18,1,5,1,0,1,10,10,11,3,5,10,15,10,7,2,0,0,10,5,9,16,3,19,11,10,5,3,0,7,19,18,1,4,12,9,15,18,7,7,0,3,18,11,1,9,16,19,11,19,2,0,0,10,16,19,16,0,14,3,10,19,15,7,16,6,7,15,2,19,16,10,14,4,11,13,15,19,14,16,13,3,15,11,11,10,9,19,10,17,11,11,6,3,11,5,10,10,5,13,15,8,7,11,6,5,0,3,15,1,13,11,10,10,11,3,5,10,14,10,7,2,0,15,10,5,9,5,2,10,5,10,5,3,15,7,19,18,16,4,10,9,15,18,0,16,7,10,0,3,11,11,9,16,10,2,19,11,0,14,0,0,0,0,0",0.60047346,0.2984797,0.74282926,3.0,0.034960307,97.677826,0.03699988,1.0,0.03699988,0.33959487,0.012248993,0.0,0.0,0.034960307,0.002793716,0.84372014,0.33959487,7.8853574,1.4850637,97.677826,0.60047346,3.9827833,221.99074,0.01204864,0.032920737,1.0,221.99074,0.25717074,0.15627985,7.8853574,0.002793716,0.0124493465,0.2984797,0.0,1.4850637,3.9827833,0.01204864,0.54873073,0.0,0.0124493465,0.54873073,0.5909429,0.032920737,1.0,0.012248993,lookahead,fk_orig1_bm2-s0to100br0
/work/T-REX/external/Proteina-Complexa/inference/search_binder_local_pipeline_32_PDL1_ALPHA_REPACK_v7_r005_cand_v7r005_hyp_0005_01_002_a224316cffb43/job_0_n_180_id_8_fk_orig2_bm2-s0to100br0/job_0_n_180_id_8_fk_orig2_bm2-s0to100br0.pdb,34,"2,0,13,16,19,16,19,14,11,3,10,18,19,19,6,18,7,15,2,12,16,9,6,4,11,13,14,19,6,11,5,10,3,10,0,0,10,9,19,18,17,6,12,6,3,11,2,9,9,5,13,19,8,7,6,6,3,10,11,19,5,8,15,15,18,1,5,1,0,1,10,10,11,3,5,10,15,10,7,2,0,0,10,5,9,16,3,19,11,10,5,3,0,7,19,18,1,4,12,9,15,18,7,7,0,3,18,11,1,9,16,19,11,19,2,0,10,5,6,19,0,3,3,18,2,1,0,9,6,10,11,14,2,13,0,6,0,18,18,2,1,7,10,0,1,1,12,10,2,5,14,6,10,0,19,6,3,18,2,11,0,10,6,10,11,14,3,13,6,11,0,1,3,6,10,6,18,10,5,15,0,0,0,0,0,0,0,0,0,0,0,0,0,0,0,0,0,0,0,0,0,0,0,0,0,0,0,0,0,0,0,0,0,0,0,0,0,0,0,0,0,0,0,0,0,0,0,0,0",0.57825994,0.16173638,0.47851688,3.0,0.17531067,33.262638,0.21229653,1.0,0.21229653,0.2355949,0.17224006,0.0,0.0,0.17531067,0.0030189632,0.84232676,0.2355949,2.834547,1.6768279,33.262638,0.57825994,3.0020542,182.71326,0.13678017,0.1383248,1.0,182.71326,0.5214831,0.15767325,2.834547,0.0030189632,0.20769995,0.16173638,0.0,1.6768279,3.0020542,0.13678017,0.31482604,0.0,0.20769995,0.31482604,0.7583999,0.1383248,1.0,0.17224006,lookahead,fk_orig2_bm2-s0to100br0
/work/T-REX/external/Proteina-Complexa/inference/search_binder_local_pipeline_32_PDL1_ALPHA_REPACK_v7_r005_cand_v7r005_hyp_0005_01_002_a224316cffb43/job_0_n_229_id_8_fk_orig3_bm2-s0to100br0/job_0_n_229_id_8_fk_orig3_bm2-s0to100br0.pdb,35,"2,0,13,16,19,16,19,14,11,3,10,18,19,19,6,18,7,15,2,12,16,9,6,4,11,13,14,19,6,11,5,10,3,10,0,0,10,9,19,18,17,6,12,6,3,11,2,9,9,5,13,19,8,7,6,6,3,10,11,19,5,8,15,15,18,1,5,1,0,1,10,10,11,3,5,10,15,10,7,2,0,0,10,5,9,16,3,19,11,10,5,3,0,7,19,18,1,4,12,9,15,18,7,7,0,3,18,11,1,9,16,19,11,19,2,0,13,16,19,16,19,14,11,3,10,18,19,19,6,18,7,15,2,12,16,9,6,4,11,13,14,19,6,11,5,10,3,10,0,0,10,9,19,18,17,6,12,6,3,11,2,9,9,5,13,19,8,7,6,6,3,10,11,19,5,8,15,15,18,1,5,1,0,1,10,10,11,3,5,10,15,10,7,2,0,0,10,5,9,16,3,19,11,10,5,3,0,7,19,18,1,4,12,9,15,18,7,7,0,3,18,11,1,9,16,19,11,19,2",0.6277933,0.29927486,0.7412336,3.0,0.042782143,72.192,0.044783838,1.0,0.044783838,0.31150874,0.012341535,0.0,0.0,0.042782143,0.0018094995,0.8616103,0.31150874,3.1690016,1.2829883,72.192,0.6277933,3.8769853,214.44203,0.011949078,0.040780444,1.0,214.44203,0.2587664,0.13838974,3.1690016,0.0018094995,0.012733992,0.29927486,0.0,1.2829883,3.8769853,0.011949078,0.5268392,0.0,0.012733992,0.5268392,0.5865657,0.040780444,1.0,0.012341535,lookahead,fk_orig3_bm2-s0to100br0
/work/T-REX/external/Proteina-Complexa/inference/search_binder_local_pipeline_32_PDL1_ALPHA_REPACK_v7_r005_cand_v7r005_hyp_0005_01_002_a224316cffb43/job_0_n_194_id_9_fk_orig0_bm2-s0to100br1/job_0_n_194_id_9_fk_orig0_bm2-s0to100br1.pdb,36,"2,0,13,16,19,16,19,14,11,3,10,18,19,19,6,18,7,15,2,12,16,9,6,4,11,13,14,19,6,11,5,10,3,10,0,0,10,9,19,18,17,6,12,6,3,11,2,9,9,5,13,19,8,7,6,6,3,10,11,19,5,8,15,15,18,1,5,1,0,1,10,10,11,3,5,10,15,10,7,2,0,0,10,5,9,16,3,19,11,10,5,3,0,7,19,18,1,4,12,9,15,18,7,7,0,3,18,11,1,9,16,19,11,19,2,0,15,3,9,19,10,6,10,6,6,10,9,6,6,19,7,11,10,6,16,10,2,6,5,5,11,0,0,19,10,3,8,10,11,15,0,10,6,18,19,11,0,2,6,14,3,10,0,0,11,6,10,6,11,0,6,19,9,10,1,10,0,7,6,16,6,10,0,3,1,19,1,11,9,1,10,11,19,11,0,0,0,0,0,0,0,0,0,0,0,0,0,0,0,0,0,0,0,0,0,0,0,0,0,0,0,0,0,0,0,0,0,0,0",0.60892314,0.35519305,0.78919107,3.0,0.0133135095,74.806854,0.020142246,1.0,0.020142246,0.381334,0.006213129,0.0,0.0,0.0133135095,0.001438137,0.85435736,0.381334,5.748237,1.328303,74.806854,0.60892314,3.8942473,222.1275,0.0,0.006484773,1.0,222.1275,0.21080895,0.14564264,5.748237,0.001438137,0.012426258,0.35519305,0.0,1.328303,3.8942473,0.0,0.588177,0.0,0.012426258,0.588177,0.62081885,0.006484773,1.0,0.006213129,lookahead,fk_orig0_bm2-s0to100br1
/work/T-REX/external/Proteina-Complexa/inference/search_binder_local_pipeline_32_PDL1_ALPHA_REPACK_v7_r005_cand_v7r005_hyp_0005_01_002_a224316cffb43/job_0_n_224_id_9_fk_orig1_bm2-s0to100br1/job_0_n_224_id_9_fk_orig1_bm2-s0to100br1.pdb,37,"2,0,13,16,19,16,19,14,11,3,10,18,19,19,6,18,7,15,2,12,16,9,6,4,11,13,14,19,6,11,5,10,3,10,0,0,10,9,19,18,17,6,12,6,3,11,2,9,9,5,13,19,8,7,6,6,3,10,11,19,5,8,15,15,18,1,5,1,0,1,10,10,11,3,5,10,15,10,7,2,0,0,10,5,9,16,3,19,11,10,5,3,0,7,19,18,1,4,12,9,15,18,7,7,0,3,18,11,1,9,16,19,11,19,2,0,19,12,16,5,15,14,0,16,10,15,0,15,10,7,6,1,19,16,10,15,4,1,0,15,5,15,19,7,15,15,15,18,10,8,17,18,5,5,11,14,2,5,15,14,1,10,10,9,18,7,0,15,15,10,0,15,7,9,14,15,1,13,15,7,15,7,15,7,16,3,13,16,10,16,9,15,15,10,6,14,6,3,13,0,16,18,13,4,5,5,0,2,18,7,14,10,16,13,7,0,7,16,11,10,6,9,11,1,0,0,0,0,0",0.5904497,0.44394425,0.830135,3.0,0.005907912,128.77151,0.00621975,1.0,0.00621975,0.42950293,0.0,0.0,0.0,0.005907912,0.0033688121,0.74971163,0.42950293,20.216778,1.852604,128.77151,0.5904497,4.298549,256.23218,0.0,0.0055960733,1.0,256.23218,0.169865,0.25028834,20.216778,0.0033688121,0.0,0.44394425,0.0,1.852604,4.298549,0.0,0.66066074,0.0,0.0,0.66066074,0.5504432,0.0055960733,1.0,0.0,lookahead,fk_orig1_bm2-s0to100br1
/work/T-REX/external/Proteina-Complexa/inference/search_binder_local_pipeline_32_PDL1_ALPHA_REPACK_v7_r005_cand_v7r005_hyp_0005_01_002_a224316cffb43/job_0_n_180_id_9_fk_orig2_bm2-s0to100br1/job_0_n_180_id_9_fk_orig2_bm2-s0to100br1.pdb,38,"2,0,13,16,19,16,19,14,11,3,10,18,19,19,6,18,7,15,2,12,16,9,6,4,11,13,14,19,6,11,5,10,3,10,0,0,10,9,19,18,17,6,12,6,3,11,2,9,9,5,13,19,8,7,6,6,3,10,11,19,5,8,15,15,18,1,5,1,0,1,10,10,11,3,5,10,15,10,7,2,0,0,10,5,9,16,3,19,11,10,5,3,0,7,19,18,1,4,12,9,15,18,7,7,0,3,18,11,1,9,16,19,11,19,2,0,12,6,5,6,10,19,3,13,12,19,5,6,10,2,10,14,10,6,11,0,5,11,9,19,3,10,10,11,9,2,14,2,14,3,13,6,6,13,15,1,10,19,15,7,10,3,10,2,3,3,5,9,5,11,9,18,6,18,18,5,5,10,11,6,0,0,0,0,0,0,0,0,0,0,0,0,0,0,0,0,0,0,0,0,0,0,0,0,0,0,0,0,0,0,0,0,0,0,0,0,0,0,0,0,0,0,0,0,0,0,0,0,0",0.60011613,0.3213751,0.7209291,3.0,0.033418823,39.209686,0.039457537,1.0,0.039457537,0.3628562,0.012633694,0.0,0.0,0.033418823,0.0011980226,0.8107196,0.3628562,2.1918828,1.6956285,39.209686,0.60011613,3.6689272,191.77971,0.010757103,0.02738011,1.0,191.77971,0.2790709,0.18928039,2.1918828,0.0011980226,0.014510287,0.3213751,0.0,1.6956285,3.6689272,0.010757103,0.5146963,0.0,0.014510287,0.5146963,0.6720189,0.02738011,1.0,0.012633694,lookahead,fk_orig2_bm2-s0to100br1
/work/T-REX/external/Proteina-Complexa/inference/search_binder_local_pipeline_32_PDL1_ALPHA_REPACK_v7_r005_cand_v7r005_hyp_0005_01_002_a224316cffb43/job_0_n_229_id_9_fk_orig3_bm2-s0to100br1/job_0_n_229_id_9_fk_orig3_bm2-s0to100br1.pdb,39,"2,0,13,16,19,16,19,14,11,3,10,18,19,19,6,18,7,15,2,12,16,9,6,4,11,13,14,19,6,11,5,10,3,10,0,0,10,9,19,18,17,6,12,6,3,11,2,9,9,5,13,19,8,7,6,6,3,10,11,19,5,8,15,15,18,1,5,1,0,1,10,10,11,3,5,10,15,10,7,2,0,0,10,5,9,16,3,19,11,10,5,3,0,7,19,18,1,4,12,9,15,18,7,7,0,3,18,11,1,9,16,19,11,19,2,0,16,19,16,19,14,11,3,10,18,19,19,6,18,7,15,2,12,16,9,6,4,11,13,14,19,6,11,5,10,3,10,0,0,10,9,19,18,17,6,12,6,3,11,2,9,9,5,13,19,8,7,6,6,3,10,11,19,5,8,15,15,18,1,5,1,0,1,10,10,11,3,5,10,15,10,7,2,0,0,10,5,9,16,3,19,11,10,5,3,0,7,19,18,1,4,12,9,15,18,7,7,0,3,18,11,1,9,16,19,11,19,2,0",0.6427715,0.28655326,0.75408345,3.0,0.041295838,51.11372,0.041925516,1.0,0.041925516,0.3128869,0.0128934495,0.0,0.0,0.041295838,0.0016793963,0.86298263,0.3128869,2.447336,1.2788523,51.11372,0.6427715,3.8626359,200.24518,0.012582974,0.04066616,1.0,200.24518,0.24591655,0.13701734,2.447336,0.0016793963,0.013203926,0.28655326,0.0,1.2788523,3.8626359,0.012582974,0.52964956,0.0,0.013203926,0.52964956,0.580627,0.04066616,1.0,0.0128934495,lookahead,fk_orig3_bm2-s0to100br1
/work/T-REX/external/Proteina-Complexa/inference/search_binder_local_pipeline_32_PDL1_ALPHA_REPACK_v7_r005_cand_v7r005_hyp_0005_01_002_a224316cffb43/job_0_n_194_id_10_fk_orig0_bm2-s0to100br2/job_0_n_194_id_10_fk_orig0_bm2-s0to100br2.pdb,40,"2,0,13,16,19,16,19,14,11,3,10,18,19,19,6,18,7,15,2,12,16,9,6,4,11,13,14,19,6,11,5,10,3,10,0,0,10,9,19,18,17,6,12,6,3,11,2,9,9,5,13,19,8,7,6,6,3,10,11,19,5,8,15,15,18,1,5,1,0,1,10,10,11,3,5,10,15,10,7,2,0,0,10,5,9,16,3,19,11,10,5,3,0,7,19,18,1,4,12,9,15,18,7,7,0,3,18,11,1,9,16,19,11,19,2,0,15,10,0,16,16,18,2,2,10,7,16,19,18,5,15,5,7,11,10,3,6,0,6,8,18,18,15,5,0,10,18,10,1,10,11,18,19,15,5,16,7,9,11,3,3,15,10,0,16,16,18,2,2,10,7,19,19,18,5,15,5,7,11,10,6,6,0,6,8,18,18,11,11,0,10,6,9,11,0,0,0,0,0,0,0,0,0,0,0,0,0,0,0,0,0,0,0,0,0,0,0,0,0,0,0,0,0,0,0,0,0,0,0",0.57933104,0.26495612,0.67383975,3.0,0.054953873,39.54717,0.06638252,1.0,0.06638252,0.32166335,0.014067236,0.0,0.0,0.054953873,0.001478821,0.8393977,0.32166335,2.3858757,1.3347487,39.54717,0.57933104,3.401997,204.3552,0.01399769,0.043525226,1.0,204.3552,0.32616025,0.16060227,2.3858757,0.001478821,0.014136784,0.26495612,0.0,1.3347487,3.401997,0.01399769,0.48638242,0.0,0.014136784,0.48638242,0.663252,0.043525226,1.0,0.014067236,lookahead,fk_orig0_bm2-s0to100br2
/work/T-REX/external/Proteina-Complexa/inference/search_binder_local_pipeline_32_PDL1_ALPHA_REPACK_v7_r005_cand_v7r005_hyp_0005_01_002_a224316cffb43/job_0_n_224_id_10_fk_orig1_bm2-s0to100br2/job_0_n_224_id_10_fk_orig1_bm2-s0to100br2.pdb,41,"2,0,13,16,19,16,19,14,11,3,10,18,19,19,6,18,7,15,2,12,16,9,6,4,11,13,14,19,6,11,5,10,3,10,0,0,10,9,19,18,17,6,12,6,3,11,2,9,9,5,13,19,8,7,6,6,3,10,11,19,5,8,15,15,18,1,5,1,0,1,10,10,11,3,5,10,15,10,7,2,0,0,10,5,9,16,3,19,11,10,5,3,0,7,19,18,1,4,12,9,15,18,7,7,0,3,18,11,1,9,16,19,11,19,2,0,11,3,10,18,19,19,6,18,7,15,2,12,16,9,6,4,11,13,14,19,6,11,5,10,3,10,0,0,10,9,19,18,17,6,12,6,3,11,2,9,9,5,13,19,8,7,6,6,3,10,11,19,5,8,15,15,18,1,5,1,0,1,10,10,11,3,5,10,15,10,7,2,0,0,10,5,9,16,3,19,11,10,5,3,0,7,19,18,1,4,12,9,15,18,7,7,0,3,18,11,1,9,16,19,11,19,2,0,0,0,0,0,0",0.63251334,0.30330047,0.7451247,3.0,0.04356514,77.261375,0.044923928,1.0,0.044923928,0.32132417,0.012432445,0.0,0.0,0.04356514,0.0020559402,0.8524687,0.32132417,3.5024314,1.3610196,77.261375,0.63251334,3.9146068,216.3414,0.01187003,0.042206347,1.0,216.3414,0.25487533,0.1475313,3.5024314,0.0020559402,0.01299486,0.30330047,0.0,1.3610196,3.9146068,0.01187003,0.5287388,0.0,0.01299486,0.5287388,0.5911944,0.042206347,1.0,0.012432445,lookahead,fk_orig1_bm2-s0to100br2
/work/T-REX/external/Proteina-Complexa/inference/search_binder_local_pipeline_32_PDL1_ALPHA_REPACK_v7_r005_cand_v7r005_hyp_0005_01_002_a224316cffb43/job_0_n_180_id_10_fk_orig2_bm2-s0to100br2/job_0_n_180_id_10_fk_orig2_bm2-s0to100br2.pdb,42,"2,0,13,16,19,16,19,14,11,3,10,18,19,19,6,18,7,15,2,12,16,9,6,4,11,13,14,19,6,11,5,10,3,10,0,0,10,9,19,18,17,6,12,6,3,11,2,9,9,5,13,19,8,7,6,6,3,10,11,19,5,8,15,15,18,1,5,1,0,1,10,10,11,3,5,10,15,10,7,2,0,0,10,5,9,16,3,19,11,10,5,3,0,7,19,18,1,4,12,9,15,18,7,7,0,3,18,11,1,9,16,19,11,19,2,0,6,0,13,11,1,13,3,11,3,7,3,7,16,10,15,16,7,6,10,7,3,10,12,1,15,10,7,5,2,14,16,6,0,6,10,5,3,12,9,2,6,19,3,0,3,7,3,7,16,9,3,13,14,6,13,10,16,10,12,15,1,12,12,11,0,0,0,0,0,0,0,0,0,0,0,0,0,0,0,0,0,0,0,0,0,0,0,0,0,0,0,0,0,0,0,0,0,0,0,0,0,0,0,0,0,0,0,0,0,0,0,0,0",0.6059506,0.37016743,0.7816384,3.0,0.014325559,127.4898,0.022123639,1.0,0.022123639,0.41607684,0.0072695175,0.0,0.0,0.014325559,0.010421637,0.7417296,0.41607684,17.284649,1.8864479,127.4898,0.6059506,3.8906088,306.46683,0.0,0.0065274793,1.0,306.46683,0.21836165,0.2582704,17.284649,0.010421637,0.014539035,0.37016743,0.0,1.8864479,3.8906088,0.0,0.58083254,0.0,0.014539035,0.58083254,0.6566261,0.0065274793,1.0,0.0072695175,lookahead,fk_orig2_bm2-s0to100br2
/work/T-REX/external/Proteina-Complexa/inference/search_binder_local_pipeline_32_PDL1_ALPHA_REPACK_v7_r005_cand_v7r005_hyp_0005_01_002_a224316cffb43/job_0_n_229_id_10_fk_orig3_bm2-s0to100br2/job_0_n_229_id_10_fk_orig3_bm2-s0to100br2.pdb,43,"2,0,13,16,19,16,19,14,11,3,10,18,19,19,6,18,7,15,2,12,16,9,6,4,11,13,14,19,6,11,5,10,3,10,0,0,10,9,19,18,17,6,12,6,3,11,2,9,9,5,13,19,8,7,6,6,3,10,11,19,5,8,15,15,18,1,5,1,0,1,10,10,11,3,5,10,15,10,7,2,0,0,10,5,9,16,3,19,11,10,5,3,0,7,19,18,1,4,12,9,15,18,7,7,0,3,18,11,1,9,16,19,11,19,2,0,13,16,19,16,19,14,11,3,10,18,19,19,6,18,7,15,2,12,16,9,6,4,11,13,14,19,6,11,5,10,3,10,0,0,10,9,19,18,17,6,12,6,3,11,2,9,9,5,13,19,8,7,6,6,3,10,11,19,5,8,15,15,18,1,5,1,0,1,10,10,11,3,5,10,15,10,7,2,0,0,10,5,9,16,3,19,11,10,5,3,0,7,19,18,1,4,12,9,15,18,7,7,0,3,18,11,1,9,16,19,11,19,2",0.63156,0.29610756,0.74068534,3.0,0.044232495,48.75468,0.0463965,1.0,0.0463965,0.30949157,0.012671867,0.0,0.0,0.044232495,0.0017354399,0.86255276,0.30949157,2.541252,1.2759209,48.75468,0.63156,3.8660398,199.7479,0.012265602,0.042068485,1.0,199.7479,0.2593147,0.13744721,2.541252,0.0017354399,0.013078134,0.29610756,0.0,1.2759209,3.8660398,0.012265602,0.5237004,0.0,0.013078134,0.5237004,0.58688796,0.042068485,1.0,0.012671867,lookahead,fk_orig3_bm2-s0to100br2
/work/T-REX/external/Proteina-Complexa/inference/search_binder_local_pipeline_32_PDL1_ALPHA_REPACK_v7_r005_cand_v7r005_hyp_0005_01_002_a224316cffb43/job_0_n_194_id_11_fk_orig0_bm2-s0to100br3/job_0_n_194_id_11_fk_orig0_bm2-s0to100br3.pdb,44,"2,0,13,16,19,16,19,14,11,3,10,18,19,19,6,18,7,15,2,12,16,9,6,4,11,13,14,19,6,11,5,10,3,10,0,0,10,9,19,18,17,6,12,6,3,11,2,9,9,5,13,19,8,7,6,6,3,10,11,19,5,8,15,15,18,1,5,1,0,1,10,10,11,3,5,10,15,10,7,2,0,0,10,5,9,16,3,19,11,10,5,3,0,7,19,18,1,4,12,9,15,18,7,7,0,3,18,11,1,9,16,19,11,19,2,0,15,0,3,10,5,10,10,10,6,0,10,11,11,3,15,10,15,6,19,5,6,5,0,10,11,7,2,0,10,0,15,16,10,19,2,15,10,12,11,7,6,14,2,5,9,9,18,6,7,11,16,0,10,8,10,0,0,6,19,7,0,6,6,9,19,11,13,10,10,11,12,7,0,3,14,2,9,19,0,0,0,0,0,0,0,0,0,0,0,0,0,0,0,0,0,0,0,0,0,0,0,0,0,0,0,0,0,0,0,0,0,0,0",0.633089,0.35442588,0.7852053,3.0,0.017374104,93.42889,0.022929674,1.0,0.022929674,0.3682805,0.0,0.0,0.0,0.017374104,0.0018149271,0.8307328,0.3682805,7.888234,1.4222419,93.42889,0.633089,3.8590558,221.05722,0.0,0.011818533,1.0,221.05722,0.2147947,0.16926716,7.888234,0.0018149271,0.0,0.35442588,0.0,1.4222419,3.8590558,0.0,0.562093,0.0,0.0,0.562093,0.6207281,0.011818533,1.0,0.0,lookahead,fk_orig0_bm2-s0to100br3
/work/T-REX/external/Proteina-Complexa/inference/search_binder_local_pipeline_32_PDL1_ALPHA_REPACK_v7_r005_cand_v7r005_hyp_0005_01_002_a224316cffb43/job_0_n_224_id_11_fk_orig1_bm2-s0to100br3/job_0_n_224_id_11_fk_orig1_bm2-s0to100br3.pdb,45,"2,0,13,16,19,16,19,14,11,3,10,18,19,19,6,18,7,15,2,12,16,9,6,4,11,13,14,19,6,11,5,10,3,10,0,0,10,9,19,18,17,6,12,6,3,11,2,9,9,5,13,19,8,7,6,6,3,10,11,19,5,8,15,15,18,1,5,1,0,1,10,10,11,3,5,10,15,10,7,2,0,0,10,5,9,16,3,19,11,10,5,3,0,7,19,18,1,4,12,9,15,18,7,7,0,3,18,11,1,9,16,19,11,19,2,0,3,9,5,12,16,5,15,14,15,15,10,15,0,15,19,7,3,1,19,16,9,16,4,1,0,15,5,2,9,15,15,0,10,8,17,18,5,5,11,14,7,11,15,14,11,10,10,9,11,18,0,15,5,10,5,15,7,19,14,15,1,13,15,7,15,7,15,7,16,3,13,16,10,16,9,15,15,10,5,14,6,3,13,0,16,18,13,4,5,5,18,18,15,16,14,10,16,13,7,7,7,16,11,10,6,9,11,1,0,0,0,0,0",0.58079314,0.4810432,0.8510167,3.0,0.0054103704,122.57373,0.005990754,1.0,0.005990754,0.4108802,0.0,0.0,0.0,0.0054103704,0.0013433159,0.8543483,0.4108802,23.201857,1.3740305,122.57373,0.58079314,4.3654075,208.96593,0.0,0.004829987,1.0,208.96593,0.14898331,0.1456517,23.201857,0.0013433159,0.0,0.4810432,0.0,1.3740305,4.3654075,0.0,0.70114225,0.0,0.0,0.70114225,0.5359904,0.004829987,1.0,0.0,lookahead,fk_orig1_bm2-s0to100br3
/work/T-REX/external/Proteina-Complexa/inference/search_binder_local_pipeline_32_PDL1_ALPHA_REPACK_v7_r005_cand_v7r005_hyp_0005_01_002_a224316cffb43/job_0_n_180_id_11_fk_orig2_bm2-s0to100br3/job_0_n_180_id_11_fk_orig2_bm2-s0to100br3.pdb,46,"2,0,13,16,19,16,19,14,11,3,10,18,19,19,6,18,7,15,2,12,16,9,6,4,11,13,14,19,6,11,5,10,3,10,0,0,10,9,19,18,17,6,12,6,3,11,2,9,9,5,13,19,8,7,6,6,3,10,11,19,5,8,15,15,18,1,5,1,0,1,10,10,11,3,5,10,15,10,7,2,0,0,10,5,9,16,3,19,11,10,5,3,0,7,19,18,1,4,12,9,15,18,7,7,0,3,18,11,1,9,16,19,11,19,2,0,10,14,9,17,10,6,11,1,13,11,0,6,7,10,11,18,16,0,3,0,9,2,3,10,9,1,10,19,7,7,3,10,5,11,10,6,11,19,9,9,18,10,11,0,11,7,11,11,6,19,16,0,5,3,0,13,6,0,0,13,6,19,10,7,0,0,0,0,0,0,0,0,0,0,0,0,0,0,0,0,0,0,0,0,0,0,0,0,0,0,0,0,0,0,0,0,0,0,0,0,0,0,0,0,0,0,0,0,0,0,0,0,0",0.5774765,0.3322081,0.706504,3.0,0.02942023,72.90535,0.03702442,1.0,0.03702442,0.36048636,0.00629904,0.0,0.0,0.02942023,0.0011433177,0.8186308,0.36048636,8.328685,1.693143,72.90535,0.5774765,3.6972294,195.14967,0.0,0.021816043,1.0,195.14967,0.293496,0.18136916,8.328685,0.0011433177,0.01259808,0.3322081,0.0,1.693143,3.6972294,0.0,0.5116998,0.0,0.01259808,0.5116998,0.6764912,0.021816043,1.0,0.00629904,lookahead,fk_orig2_bm2-s0to100br3
/work/T-REX/external/Proteina-Complexa/inference/search_binder_local_pipeline_32_PDL1_ALPHA_REPACK_v7_r005_cand_v7r005_hyp_0005_01_002_a224316cffb43/job_0_n_229_id_11_fk_orig3_bm2-s0to100br3/job_0_n_229_id_11_fk_orig3_bm2-s0to100br3.pdb,47,"2,0,13,16,19,16,19,14,11,3,10,18,19,19,6,18,7,15,2,12,16,9,6,4,11,13,14,19,6,11,5,10,3,10,0,0,10,9,19,18,17,6,12,6,3,11,2,9,9,5,13,19,8,7,6,6,3,10,11,19,5,8,15,15,18,1,5,1,0,1,10,10,11,3,5,10,15,10,7,2,0,0,10,5,9,16,3,19,11,10,5,3,0,7,19,18,1,4,12,9,15,18,7,7,0,3,18,11,1,9,16,19,11,19,2,0,13,16,19,16,19,14,11,3,10,18,19,19,6,18,7,15,2,12,16,9,6,4,11,13,14,19,6,11,5,10,3,10,0,0,10,9,19,18,17,6,12,6,3,11,2,9,9,5,13,19,8,7,6,6,3,10,11,19,5,8,15,15,18,1,5,1,0,1,10,10,11,3,5,10,15,10,7,2,0,0,10,5,9,16,3,19,11,10,5,3,0,7,19,18,1,4,12,9,15,18,7,7,0,3,18,11,1,9,16,19,11,19,2",0.6238448,0.30206147,0.74120003,3.0,0.04105371,70.07131,0.043534517,1.0,0.043534517,0.31309783,0.012124268,0.0,0.0,0.04105371,0.001805105,0.8608813,0.31309783,2.709124,1.2921435,70.07131,0.6238448,3.8781192,214.15338,0.01184959,0.0385729,1.0,214.15338,0.25879997,0.13911866,2.709124,0.001805105,0.012398947,0.30206147,0.0,1.2921435,3.8781192,0.01184959,0.529009,0.0,0.012398947,0.529009,0.5865157,0.0385729,1.0,0.012124268,lookahead,fk_orig3_bm2-s0to100br3
/work/T-REX/external/Proteina-Complexa/inference/search_binder_local_pipeline_32_PDL1_ALPHA_REPACK_v7_r005_cand_v7r005_hyp_0005_01_002_a224316cffb43/job_0_n_194_id_12_fk_orig0_bm3-s0to100br0/job_0_n_194_id_12_fk_orig0_bm3-s0to100br0.pdb,48,"2,0,13,16,19,16,19,14,11,3,10,18,19,19,6,18,7,15,2,12,16,9,6,4,11,13,14,19,6,11,5,10,3,10,0,0,10,9,19,18,17,6,12,6,3,11,2,9,9,5,13,19,8,7,6,6,3,10,11,19,5,8,15,15,18,1,5,1,0,1,10,10,11,3,5,10,15,10,7,2,0,0,10,5,9,16,3,19,11,10,5,3,0,7,19,18,1,4,12,9,15,18,7,7,0,3,18,11,1,9,16,19,11,19,2,0,10,19,3,10,13,15,14,3,11,11,19,1,9,11,0,9,6,2,9,15,15,14,6,0,19,14,10,10,11,9,0,10,2,3,6,3,6,6,19,5,11,0,0,0,6,0,10,7,11,9,7,7,6,6,0,6,6,0,9,11,11,15,11,0,11,11,6,10,11,6,6,0,10,6,11,9,11,11,0,0,0,0,0,0,0,0,0,0,0,0,0,0,0,0,0,0,0,0,0,0,0,0,0,0,0,0,0,0,0,0,0,0,0",0.6128586,0.31889534,0.7633767,3.0,0.020731693,112.38695,0.032939203,1.0,0.032939203,0.38379526,0.012417666,0.0,0.0,0.020731693,0.008736288,0.74558824,0.38379526,11.721507,2.0045857,112.38695,0.6128586,3.8165073,252.44405,0.010923215,0.008524184,1.0,252.44405,0.23662326,0.25441176,11.721507,0.008736288,0.013912116,0.31889534,0.0,2.0045857,3.8165073,0.010923215,0.55293816,0.0,0.013912116,0.55293816,0.62948596,0.008524184,1.0,0.012417666,lookahead,fk_orig0_bm3-s0to100br0
/work/T-REX/external/Proteina-Complexa/inference/search_binder_local_pipeline_32_PDL1_ALPHA_REPACK_v7_r005_cand_v7r005_hyp_0005_01_002_a224316cffb43/job_0_n_224_id_12_fk_orig1_bm3-s0to100br0/job_0_n_224_id_12_fk_orig1_bm3-s0to100br0.pdb,49,"2,0,13,16,19,16,19,14,11,3,10,18,19,19,6,18,7,15,2,12,16,9,6,4,11,13,14,19,6,11,5,10,3,10,0,0,10,9,19,18,17,6,12,6,3,11,2,9,9,5,13,19,8,7,6,6,3,10,11,19,5,8,15,15,18,1,5,1,0,1,10,10,11,3,5,10,15,10,7,2,0,0,10,5,9,16,3,19,11,10,5,3,0,7,19,18,1,4,12,9,15,18,7,7,0,3,18,11,1,9,16,19,11,19,2,0,3,9,19,10,16,5,15,14,15,15,10,15,0,15,19,7,3,1,19,16,10,15,4,1,0,15,5,15,9,15,15,2,10,8,17,18,5,5,11,14,7,11,15,14,11,10,10,9,11,18,0,15,5,10,6,15,7,19,14,15,1,13,15,7,15,7,15,7,16,3,13,16,10,16,9,15,15,10,5,14,6,3,13,0,16,18,18,4,5,5,3,18,15,15,14,10,16,13,7,0,7,16,11,10,6,9,11,1,0,0,0,0,0",0.5500626,0.6189281,0.8849575,3.0,0.0,125.08043,0.0,1.0,0.0,0.4535408,0.0,0.0,0.0,0.0,0.0012489342,0.85093707,0.4535408,27.542027,1.4264925,125.08043,0.5500626,4.667333,222.41061,0.0,0.0,1.0,222.41061,0.11504249,0.14906293,27.542027,0.0012489342,0.0,0.6189281,0.0,1.4264925,4.667333,0.0,0.7773736,0.0,0.0,0.7773736,0.52115667,0.0,1.0,0.0,lookahead,fk_orig1_bm3-s0to100br0
/work/T-REX/external/Proteina-Complexa/inference/search_binder_local_pipeline_32_PDL1_ALPHA_REPACK_v7_r005_cand_v7r005_hyp_0005_01_002_a224316cffb43/job_0_n_180_id_12_fk_orig2_bm3-s0to100br0/job_0_n_180_id_12_fk_orig2_bm3-s0to100br0.pdb,50,"2,0,13,16,19,16,19,14,11,3,10,18,19,19,6,18,7,15,2,12,16,9,6,4,11,13,14,19,6,11,5,10,3,10,0,0,10,9,19,18,17,6,12,6,3,11,2,9,9,5,13,19,8,7,6,6,3,10,11,19,5,8,15,15,18,1,5,1,0,1,10,10,11,3,5,10,15,10,7,2,0,0,10,5,9,16,3,19,11,10,5,3,0,7,19,18,1,4,12,9,15,18,7,7,0,3,18,11,1,9,16,19,11,19,2,0,0,19,6,0,18,11,11,0,9,6,10,11,14,2,13,0,6,0,17,2,2,10,7,2,0,10,0,2,10,2,1,10,3,6,0,9,6,0,18,6,11,0,9,6,10,11,14,3,13,6,6,0,11,2,2,10,10,10,0,9,2,11,11,2,0,0,0,0,0,0,0,0,0,0,0,0,0,0,0,0,0,0,0,0,0,0,0,0,0,0,0,0,0,0,0,0,0,0,0,0,0,0,0,0,0,0,0,0,0,0,0,0,0",0.59862757,0.45427808,0.8133347,3.0,0.0056903474,120.61749,0.006233162,1.0,0.006233162,0.43102586,0.0,0.0,0.0,0.0056903474,0.0022465335,0.79336226,0.43102586,19.845926,1.3510818,120.61749,0.59862757,4.0918593,223.40692,0.0,0.0051475326,1.0,223.40692,0.18666531,0.20663774,19.845926,0.0022465335,0.0,0.45427808,0.0,1.3510818,4.0918593,0.0,0.6270648,0.0,0.0,0.6270648,0.6378739,0.0051475326,1.0,0.0,lookahead,fk_orig2_bm3-s0to100br0
/work/T-REX/external/Proteina-Complexa/inference/search_binder_local_pipeline_32_PDL1_ALPHA_REPACK_v7_r005_cand_v7r005_hyp_0005_01_002_a224316cffb43/job_0_n_229_id_12_fk_orig3_bm3-s0to100br0/job_0_n_229_id_12_fk_orig3_bm3-s0to100br0.pdb,51,"2,0,13,16,19,16,19,14,11,3,10,18,19,19,6,18,7,15,2,12,16,9,6,4,11,13,14,19,6,11,5,10,3,10,0,0,10,9,19,18,17,6,12,6,3,11,2,9,9,5,13,19,8,7,6,6,3,10,11,19,5,8,15,15,18,1,5,1,0,1,10,10,11,3,5,10,15,10,7,2,0,0,10,5,9,16,3,19,11,10,5,3,0,7,19,18,1,4,12,9,15,18,7,7,0,3,18,11,1,9,16,19,11,19,2,0,13,16,19,16,19,14,11,3,10,18,19,19,6,18,7,15,2,12,16,9,6,4,11,13,14,19,6,11,5,10,3,10,0,0,10,9,19,18,17,6,12,6,3,11,2,9,9,5,13,19,8,7,6,6,3,10,11,19,5,8,15,15,18,1,5,1,0,1,10,10,11,3,5,10,15,10,7,2,0,0,10,5,9,16,3,19,11,10,5,3,0,7,19,18,1,4,12,9,15,18,7,7,0,3,18,11,1,9,16,19,11,19,2",0.6226154,0.3036021,0.73793924,3.0,0.043712318,54.797466,0.046052627,1.0,0.046052627,0.31269267,0.01213724,0.0,0.0,0.043712318,0.0018167148,0.8615787,0.31269267,4.1423297,1.2980886,54.797466,0.6226154,3.8715577,200.8609,0.011930754,0.04137201,1.0,200.8609,0.26206076,0.13842127,4.1423297,0.0018167148,0.012343725,0.3036021,0.0,1.2980886,3.8715577,0.011930754,0.5280057,0.0,0.012343725,0.5280057,0.5879737,0.04137201,1.0,0.01213724,lookahead,fk_orig3_bm3-s0to100br0
/work/T-REX/external/Proteina-Complexa/inference/search_binder_local_pipeline_32_PDL1_ALPHA_REPACK_v7_r005_cand_v7r005_hyp_0005_01_002_a224316cffb43/job_0_n_194_id_13_fk_orig0_bm3-s0to100br1/job_0_n_194_id_13_fk_orig0_bm3-s0to100br1.pdb,52,"2,0,13,16,19,16,19,14,11,3,10,18,19,19,6,18,7,15,2,12,16,9,6,4,11,13,14,19,6,11,5,10,3,10,0,0,10,9,19,18,17,6,12,6,3,11,2,9,9,5,13,19,8,7,6,6,3,10,11,19,5,8,15,15,18,1,5,1,0,1,10,10,11,3,5,10,15,10,7,2,0,0,10,5,9,16,3,19,11,10,5,3,0,7,19,18,1,4,12,9,15,18,7,7,0,3,18,11,1,9,16,19,11,19,2,0,15,6,11,5,5,6,10,2,10,5,13,9,6,5,19,0,3,10,10,11,19,11,19,11,3,9,19,16,18,10,10,15,11,14,10,13,5,2,7,6,11,10,10,16,0,14,10,18,9,10,0,3,6,9,15,11,11,13,2,19,14,19,15,6,13,16,13,10,15,6,6,3,1,6,11,10,11,11,0,0,0,0,0,0,0,0,0,0,0,0,0,0,0,0,0,0,0,0,0,0,0,0,0,0,0,0,0,0,0,0,0,0,0",0.5814477,0.30444714,0.6806006,3.0,0.05010052,125.0009,0.05921697,1.0,0.05921697,0.34597898,0.013004229,0.0,0.0,0.05010052,0.005218521,0.77164215,0.34597898,18.59617,2.0030673,125.0009,0.5814477,3.7428088,280.33984,0.011929428,0.040984076,1.0,280.33984,0.31939942,0.22835785,18.59617,0.005218521,0.014079031,0.30444714,0.0,2.0030673,3.7428088,0.011929428,0.48955366,0.0,0.014079031,0.48955366,0.6634052,0.040984076,1.0,0.013004229,lookahead,fk_orig0_bm3-s0to100br1
/work/T-REX/external/Proteina-Complexa/inference/search_binder_local_pipeline_32_PDL1_ALPHA_REPACK_v7_r005_cand_v7r005_hyp_0005_01_002_a224316cffb43/job_0_n_224_id_13_fk_orig1_bm3-s0to100br1/job_0_n_224_id_13_fk_orig1_bm3-s0to100br1.pdb,53,"2,0,13,16,19,16,19,14,11,3,10,18,19,19,6,18,7,15,2,12,16,9,6,4,11,13,14,19,6,11,5,10,3,10,0,0,10,9,19,18,17,6,12,6,3,11,2,9,9,5,13,19,8,7,6,6,3,10,11,19,5,8,15,15,18,1,5,1,0,1,10,10,11,3,5,10,15,10,7,2,0,0,10,5,9,16,3,19,11,10,5,3,0,7,19,18,1,4,12,9,15,18,7,7,0,3,18,11,1,9,16,19,11,19,2,0,7,19,16,19,14,11,14,10,18,16,19,6,0,7,15,2,19,16,10,6,4,11,14,15,11,16,19,3,10,15,11,10,9,19,16,17,11,2,14,6,11,6,11,19,9,5,18,15,14,19,2,7,5,19,19,18,15,6,11,13,11,7,1,0,1,10,10,7,14,14,16,13,7,10,5,10,15,3,10,11,14,15,3,15,7,9,18,6,4,9,19,15,3,7,2,15,9,0,3,0,11,9,16,10,19,19,11,6,0,0,0,0,0",0.5399314,0.6319713,0.8774733,3.0,0.002465278,135.38802,0.004930556,1.0,0.004930556,0.46499547,0.0,0.0,0.0,0.002465278,0.0037407456,0.7922907,0.46499547,23.998518,1.6367851,135.38802,0.5399314,4.5824046,269.82718,0.0,0.0,1.0,269.82718,0.12252672,0.20770928,23.998518,0.0037407456,0.0,0.6319713,0.0,1.6367851,4.5824046,0.0,0.77874374,0.0,0.0,0.77874374,0.52762294,0.0,1.0,0.0,lookahead,fk_orig1_bm3-s0to100br1
/work/T-REX/external/Proteina-Complexa/inference/search_binder_local_pipeline_32_PDL1_ALPHA_REPACK_v7_r005_cand_v7r005_hyp_0005_01_002_a224316cffb43/job_0_n_180_id_13_fk_orig2_bm3-s0to100br1/job_0_n_180_id_13_fk_orig2_bm3-s0to100br1.pdb,54,"2,0,13,16,19,16,19,14,11,3,10,18,19,19,6,18,7,15,2,12,16,9,6,4,11,13,14,19,6,11,5,10,3,10,0,0,10,9,19,18,17,6,12,6,3,11,2,9,9,5,13,19,8,7,6,6,3,10,11,19,5,8,15,15,18,1,5,1,0,1,10,10,11,3,5,10,15,10,7,2,0,0,10,5,9,16,3,19,11,10,5,3,0,7,19,18,1,4,12,9,15,18,7,7,0,3,18,11,1,9,16,19,11,19,2,0,2,10,11,6,18,6,3,10,13,13,11,7,18,2,0,1,3,0,6,16,4,0,1,0,9,10,7,0,7,6,15,10,10,11,2,14,13,9,11,0,9,10,6,11,3,14,19,13,10,5,11,19,10,6,6,19,6,11,10,11,11,6,11,0,0,0,0,0,0,0,0,0,0,0,0,0,0,0,0,0,0,0,0,0,0,0,0,0,0,0,0,0,0,0,0,0,0,0,0,0,0,0,0,0,0,0,0,0,0,0,0,0,0",0.5939253,0.07989374,0.29762065,3.0,0.36917865,31.366547,0.43126455,1.0,0.43126455,0.18057434,0.36883688,0.0,0.0,0.36917865,0.0091034435,0.8793875,0.18057434,1.1047871,1.6912565,31.366547,0.5939253,2.804977,165.65852,0.30640918,0.3070928,1.0,165.65852,0.70237935,0.12061252,1.1047871,0.0091034435,0.43126455,0.07989374,0.0,1.6912565,2.804977,0.30640918,0.22168432,0.0,0.43126455,0.22168432,0.82873905,0.3070928,1.0,0.36883688,lookahead,fk_orig2_bm3-s0to100br1
/work/T-REX/external/Proteina-Complexa/inference/search_binder_local_pipeline_32_PDL1_ALPHA_REPACK_v7_r005_cand_v7r005_hyp_0005_01_002_a224316cffb43/job_0_n_229_id_13_fk_orig3_bm3-s0to100br1/job_0_n_229_id_13_fk_orig3_bm3-s0to100br1.pdb,55,"2,0,13,16,19,16,19,14,11,3,10,18,19,19,6,18,7,15,2,12,16,9,6,4,11,13,14,19,6,11,5,10,3,10,0,0,10,9,19,18,17,6,12,6,3,11,2,9,9,5,13,19,8,7,6,6,3,10,11,19,5,8,15,15,18,1,5,1,0,1,10,10,11,3,5,10,15,10,7,2,0,0,10,5,9,16,3,19,11,10,5,3,0,7,19,18,1,4,12,9,15,18,7,7,0,3,18,11,1,9,16,19,11,19,2,0,13,16,19,16,19,14,11,3,10,18,19,19,6,18,7,15,2,12,16,9,6,4,11,13,14,19,6,11,5,10,3,10,0,0,10,9,19,18,17,6,12,6,3,11,2,9,9,5,13,19,8,7,6,6,3,10,11,19,5,8,15,15,18,1,5,1,0,1,10,10,11,3,5,10,15,10,7,2,0,0,10,5,9,16,3,19,11,10,5,3,0,7,19,18,1,4,12,9,15,18,7,7,0,3,18,11,1,9,16,19,11,19,2",0.6252745,0.30163372,0.7403265,3.0,0.042943902,72.3085,0.04550526,1.0,0.04550526,0.31270048,0.012154347,0.0,0.0,0.042943902,0.0017766594,0.8609748,0.31270048,2.9062388,1.292584,72.3085,0.6252745,3.8771174,211.71083,0.011928625,0.040382545,1.0,211.71083,0.25967348,0.13902521,2.9062388,0.0017766594,0.012380069,0.30163372,0.0,1.292584,3.8771174,0.011928625,0.52815926,0.0,0.012380069,0.52815926,0.58684146,0.040382545,1.0,0.012154347,lookahead,fk_orig3_bm3-s0to100br1
/work/T-REX/external/Proteina-Complexa/inference/search_binder_local_pipeline_32_PDL1_ALPHA_REPACK_v7_r005_cand_v7r005_hyp_0005_01_002_a224316cffb43/job_0_n_194_id_14_fk_orig0_bm3-s0to100br2/job_0_n_194_id_14_fk_orig0_bm3-s0to100br2.pdb,56,"2,0,13,16,19,16,19,14,11,3,10,18,19,19,6,18,7,15,2,12,16,9,6,4,11,13,14,19,6,11,5,10,3,10,0,0,10,9,19,18,17,6,12,6,3,11,2,9,9,5,13,19,8,7,6,6,3,10,11,19,5,8,15,15,18,1,5,1,0,1,10,10,11,3,5,10,15,10,7,2,0,0,10,5,9,16,3,19,11,10,5,3,0,7,19,18,1,4,12,9,15,18,7,7,0,3,18,11,1,9,16,19,11,19,2,0,6,10,14,5,17,19,19,6,10,6,11,0,0,11,0,6,3,13,3,0,13,6,11,19,19,10,0,2,15,11,11,10,13,7,11,10,14,16,11,3,11,14,10,11,13,8,9,3,14,15,11,10,3,3,14,0,2,19,9,16,19,11,3,10,0,3,18,10,11,11,18,11,6,17,10,11,11,2,0,0,0,0,0,0,0,0,0,0,0,0,0,0,0,0,0,0,0,0,0,0,0,0,0,0,0,0,0,0,0,0,0,0,0",0.5441828,0.6882308,0.9088918,3.0,0.0,103.01589,0.0,1.0,0.0,0.5680583,0.0,0.0,0.0,0.0,0.011559475,0.69634634,0.5680583,3.2759593,2.2388701,103.01589,0.5441828,4.864968,287.76825,0.0,0.0,1.0,287.76825,0.091108225,0.30365366,3.2759593,0.011559475,0.0,0.6882308,0.0,2.2388701,4.864968,0.0,0.819155,0.0,0.0,0.819155,0.57584256,0.0,1.0,0.0,lookahead,fk_orig0_bm3-s0to100br2
/work/T-REX/external/Proteina-Complexa/inference/search_binder_local_pipeline_32_PDL1_ALPHA_REPACK_v7_r005_cand_v7r005_hyp_0005_01_002_a224316cffb43/job_0_n_224_id_14_fk_orig1_bm3-s0to100br2/job_0_n_224_id_14_fk_orig1_bm3-s0to100br2.pdb,57,"2,0,13,16,19,16,19,14,11,3,10,18,19,19,6,18,7,15,2,12,16,9,6,4,11,13,14,19,6,11,5,10,3,10,0,0,10,9,19,18,17,6,12,6,3,11,2,9,9,5,13,19,8,7,6,6,3,10,11,19,5,8,15,15,18,1,5,1,0,1,10,10,11,3,5,10,15,10,7,2,0,0,10,5,9,16,3,19,11,10,5,3,0,7,19,18,1,4,12,9,15,18,7,7,0,3,18,11,1,9,16,19,11,19,2,0,14,11,3,10,18,19,19,6,18,7,15,2,12,16,9,6,4,11,13,14,19,6,11,5,10,3,10,0,0,10,9,19,18,17,6,12,6,3,11,2,9,9,5,13,19,8,7,6,6,3,10,11,19,5,8,15,15,18,1,5,1,0,1,10,10,11,3,5,10,15,10,7,2,0,0,10,5,9,16,3,19,11,10,5,3,0,7,19,18,1,4,12,9,15,18,7,7,0,3,18,11,1,9,16,19,11,19,2,0,0,0,0,0",0.6243775,0.3085456,0.7468742,3.0,0.037781388,56.292877,0.03804548,1.0,0.03804548,0.32431197,0.012032464,0.0,0.0,0.037781388,0.002173212,0.850106,0.32431197,5.0038214,1.3859282,56.292877,0.6243775,3.9111452,202.99295,0.011477977,0.037517298,1.0,202.99295,0.25312582,0.14989397,5.0038214,0.002173212,0.012586952,0.3085456,0.0,1.3859282,3.9111452,0.011477977,0.5337152,0.0,0.012586952,0.5337152,0.58992416,0.037517298,1.0,0.012032464,lookahead,fk_orig1_bm3-s0to100br2
/work/T-REX/external/Proteina-Complexa/inference/search_binder_local_pipeline_32_PDL1_ALPHA_REPACK_v7_r005_cand_v7r005_hyp_0005_01_002_a224316cffb43/job_0_n_180_id_14_fk_orig2_bm3-s0to100br2/job_0_n_180_id_14_fk_orig2_bm3-s0to100br2.pdb,58,"2,0,13,16,19,16,19,14,11,3,10,18,19,19,6,18,7,15,2,12,16,9,6,4,11,13,14,19,6,11,5,10,3,10,0,0,10,9,19,18,17,6,12,6,3,11,2,9,9,5,13,19,8,7,6,6,3,10,11,19,5,8,15,15,18,1,5,1,0,1,10,10,11,3,5,10,15,10,7,2,0,0,10,5,9,16,3,19,11,10,5,3,0,7,19,18,1,4,12,9,15,18,7,7,0,3,18,11,1,9,16,19,11,19,2,0,15,0,18,3,18,2,0,1,7,12,2,18,10,7,16,11,2,18,3,10,0,9,11,3,18,16,6,0,9,1,10,11,14,3,13,0,0,0,18,0,2,1,7,0,0,18,11,6,11,11,2,18,3,10,0,9,11,3,18,6,6,0,10,11,0,0,0,0,0,0,0,0,0,0,0,0,0,0,0,0,0,0,0,0,0,0,0,0,0,0,0,0,0,0,0,0,0,0,0,0,0,0,0,0,0,0,0,0,0,0,0,0,0",0.5495656,0.20843568,0.530496,3.0,0.11283712,117.79125,0.1333874,1.0,0.1333874,0.2508904,0.063889526,0.0,0.0,0.11283712,0.0010137865,0.86131126,0.2508904,21.401995,1.1761951,117.79125,0.5495656,2.9968262,278.06598,0.059634984,0.09228683,1.0,278.06598,0.469504,0.13868873,21.401995,0.0010137865,0.06814407,0.20843568,0.0,1.1761951,2.9968262,0.059634984,0.3590155,0.0,0.06814407,0.3590155,0.7427362,0.09228683,1.0,0.063889526,lookahead,fk_orig2_bm3-s0to100br2
/work/T-REX/external/Proteina-Complexa/inference/search_binder_local_pipeline_32_PDL1_ALPHA_REPACK_v7_r005_cand_v7r005_hyp_0005_01_002_a224316cffb43/job_0_n_229_id_14_fk_orig3_bm3-s0to100br2/job_0_n_229_id_14_fk_orig3_bm3-s0to100br2.pdb,59,"2,0,13,16,19,16,19,14,11,3,10,18,19,19,6,18,7,15,2,12,16,9,6,4,11,13,14,19,6,11,5,10,3,10,0,0,10,9,19,18,17,6,12,6,3,11,2,9,9,5,13,19,8,7,6,6,3,10,11,19,5,8,15,15,18,1,5,1,0,1,10,10,11,3,5,10,15,10,7,2,0,0,10,5,9,16,3,19,11,10,5,3,0,7,19,18,1,4,12,9,15,18,7,7,0,3,18,11,1,9,16,19,11,19,2,0,13,16,19,16,19,14,11,3,10,18,19,19,6,18,7,15,2,12,16,9,6,4,11,13,14,19,6,11,5,10,3,10,0,0,10,9,19,18,17,6,12,6,3,11,2,9,9,5,13,19,8,7,6,6,3,10,11,19,5,8,15,15,18,1,5,1,0,1,10,10,11,3,5,10,15,10,7,2,0,0,10,5,9,16,3,19,11,10,5,3,0,7,19,18,1,4,12,9,15,18,7,7,0,3,18,11,1,9,16,19,11,19,2",0.62864596,0.29555762,0.737012,3.0,0.045547314,51.344078,0.047940955,1.0,0.047940955,0.30905044,0.012545803,0.0,0.0,0.045547314,0.0017747277,0.8624653,0.30905044,2.5966067,1.2814913,51.344078,0.62864596,3.862451,197.09575,0.012258981,0.043153677,1.0,197.09575,0.26298794,0.13753468,2.5966067,0.0017747277,0.012832624,0.29555762,0.0,1.2814913,3.862451,0.012258981,0.52241945,0.0,0.012832624,0.52241945,0.58852977,0.043153677,1.0,0.012545803,lookahead,fk_orig3_bm3-s0to100br2
/work/T-REX/external/Proteina-Complexa/inference/search_binder_local_pipeline_32_PDL1_ALPHA_REPACK_v7_r005_cand_v7r005_hyp_0005_01_002_a224316cffb43/job_0_n_194_id_15_fk_orig0_bm3-s0to100br3/job_0_n_194_id_15_fk_orig0_bm3-s0to100br3.pdb,60,"2,0,13,16,19,16,19,14,11,3,10,18,19,19,6,18,7,15,2,12,16,9,6,4,11,13,14,19,6,11,5,10,3,10,0,0,10,9,19,18,17,6,12,6,3,11,2,9,9,5,13,19,8,7,6,6,3,10,11,19,5,8,15,15,18,1,5,1,0,1,10,10,11,3,5,10,15,10,7,2,0,0,10,5,9,16,3,19,11,10,5,3,0,7,19,18,1,4,12,9,15,18,7,7,0,3,18,11,1,9,16,19,11,19,2,0,16,13,16,11,15,10,18,15,9,14,6,7,5,3,9,19,10,6,0,6,0,15,6,11,0,2,10,16,17,6,7,14,1,11,19,11,13,18,14,11,6,3,7,3,11,18,16,10,16,10,14,15,0,9,14,15,3,15,7,19,17,1,10,11,3,7,3,11,19,10,0,16,16,5,19,10,19,18,0,0,0,0,0,0,0,0,0,0,0,0,0,0,0,0,0,0,0,0,0,0,0,0,0,0,0,0,0,0,0,0,0,0,0",0.6082715,0.30297953,0.7249763,3.0,0.040089063,127.35424,0.04313407,1.0,0.04313407,0.35890755,0.01232033,0.0,0.0,0.040089063,0.008678149,0.79727983,0.35890755,16.01252,1.7184445,127.35424,0.6082715,4.0009384,283.65454,0.0116849635,0.03704406,1.0,283.65454,0.2750237,0.20272014,16.01252,0.008678149,0.012955697,0.30297953,0.0,1.7184445,4.0009384,0.0116849635,0.51928204,0.0,0.012955697,0.51928204,0.64982784,0.03704406,1.0,0.01232033,lookahead,fk_orig0_bm3-s0to100br3
/work/T-REX/external/Proteina-Complexa/inference/search_binder_local_pipeline_32_PDL1_ALPHA_REPACK_v7_r005_cand_v7r005_hyp_0005_01_002_a224316cffb43/job_0_n_224_id_15_fk_orig1_bm3-s0to100br3/job_0_n_224_id_15_fk_orig1_bm3-s0to100br3.pdb,61,"2,0,13,16,19,16,19,14,11,3,10,18,19,19,6,18,7,15,2,12,16,9,6,4,11,13,14,19,6,11,5,10,3,10,0,0,10,9,19,18,17,6,12,6,3,11,2,9,9,5,13,19,8,7,6,6,3,10,11,19,5,8,15,15,18,1,5,1,0,1,10,10,11,3,5,10,15,10,7,2,0,0,10,5,9,16,3,19,11,10,5,3,0,7,19,18,1,4,12,9,15,18,7,7,0,3,18,11,1,9,16,19,11,19,2,0,14,11,3,10,18,19,19,6,18,7,15,2,12,16,9,6,4,11,13,14,19,6,11,5,10,3,10,0,0,10,9,19,18,17,6,12,6,3,11,2,9,9,5,13,19,8,7,6,6,3,10,11,19,5,8,15,15,18,1,5,1,0,1,10,10,11,3,5,10,15,10,7,2,0,0,10,5,9,16,3,19,11,10,5,3,0,7,19,18,1,4,12,9,15,18,7,7,0,3,18,11,1,9,16,19,11,19,2,0,0,0,0,0",0.624248,0.30894962,0.74642384,3.0,0.038616568,57.441113,0.04026068,1.0,0.04026068,0.3249133,0.012089375,0.0,0.0,0.038616568,0.002259432,0.84933734,0.3249133,4.8703723,1.3901557,57.441113,0.624248,3.9112895,201.14117,0.011485969,0.03697246,1.0,201.14117,0.25357616,0.15066265,4.8703723,0.002259432,0.012692783,0.30894962,0.0,1.3901557,3.9112895,0.011485969,0.5340044,0.0,0.012692783,0.5340044,0.59000266,0.03697246,1.0,0.012089375,lookahead,fk_orig1_bm3-s0to100br3
/work/T-REX/external/Proteina-Complexa/inference/search_binder_local_pipeline_32_PDL1_ALPHA_REPACK_v7_r005_cand_v7r005_hyp_0005_01_002_a224316cffb43/job_0_n_180_id_15_fk_orig2_bm3-s0to100br3/job_0_n_180_id_15_fk_orig2_bm3-s0to100br3.pdb,62,"2,0,13,16,19,16,19,14,11,3,10,18,19,19,6,18,7,15,2,12,16,9,6,4,11,13,14,19,6,11,5,10,3,10,0,0,10,9,19,18,17,6,12,6,3,11,2,9,9,5,13,19,8,7,6,6,3,10,11,19,5,8,15,15,18,1,5,1,0,1,10,10,11,3,5,10,15,10,7,2,0,0,10,5,9,16,3,19,11,10,5,3,0,7,19,18,1,4,12,9,15,18,7,7,0,3,18,11,1,9,16,19,11,19,2,0,15,15,9,7,0,16,14,10,8,10,0,0,10,0,7,5,3,3,9,19,1,9,10,12,0,2,7,0,3,19,2,0,11,3,11,3,7,11,16,14,10,8,10,0,0,3,1,7,8,10,6,9,19,6,19,10,10,11,2,7,0,3,19,2,0,0,0,0,0,0,0,0,0,0,0,0,0,0,0,0,0,0,0,0,0,0,0,0,0,0,0,0,0,0,0,0,0,0,0,0,0,0,0,0,0,0,0,0,0,0,0,0,0",0.62753904,0.335979,0.76305765,3.0,0.021639973,125.33563,0.036364645,1.0,0.036364645,0.3857324,0.0066335015,0.0,0.0,0.021639973,0.019317938,0.75752646,0.3857324,5.774488,1.5125145,125.33563,0.62753904,3.6731806,249.27448,0.0,0.0069153016,1.0,249.27448,0.23694235,0.24247354,5.774488,0.019317938,0.013267003,0.335979,0.0,1.5125145,3.6731806,0.0,0.53868735,0.0,0.013267003,0.53868735,0.6635189,0.0069153016,1.0,0.0066335015,lookahead,fk_orig2_bm3-s0to100br3
/work/T-REX/external/Proteina-Complexa/inference/search_binder_local_pipeline_32_PDL1_ALPHA_REPACK_v7_r005_cand_v7r005_hyp_0005_01_002_a224316cffb43/job_0_n_229_id_15_fk_orig3_bm3-s0to100br3/job_0_n_229_id_15_fk_orig3_bm3-s0to100br3.pdb,63,"2,0,13,16,19,16,19,14,11,3,10,18,19,19,6,18,7,15,2,12,16,9,6,4,11,13,14,19,6,11,5,10,3,10,0,0,10,9,19,18,17,6,12,6,3,11,2,9,9,5,13,19,8,7,6,6,3,10,11,19,5,8,15,15,18,1,5,1,0,1,10,10,11,3,5,10,15,10,7,2,0,0,10,5,9,16,3,19,11,10,5,3,0,7,19,18,1,4,12,9,15,18,7,7,0,3,18,11,1,9,16,19,11,19,2,0,13,16,19,16,19,14,11,3,10,18,19,19,6,18,7,15,2,12,16,9,6,4,11,13,14,19,6,11,5,10,3,10,0,0,10,9,19,18,17,6,12,6,3,11,2,9,9,5,13,19,8,7,6,6,3,10,11,19,5,8,15,15,18,1,5,1,0,1,10,10,11,3,5,10,15,10,7,2,0,0,10,5,9,16,3,19,11,10,5,3,0,7,19,18,1,4,12,9,15,18,7,7,0,3,18,11,1,9,16,19,11,19,2",0.62470496,0.3010058,0.7395544,3.0,0.04292141,74.25709,0.045476314,1.0,0.045476314,0.31188503,0.012216958,0.0,0.0,0.04292141,0.0017712754,0.8622045,0.31188503,2.9634392,1.2858466,74.25709,0.62470496,3.875979,210.51604,0.012030988,0.040366504,1.0,210.51604,0.26044556,0.1377955,2.9634392,0.0017712754,0.012402928,0.3010058,0.0,1.2858466,3.875979,0.012030988,0.5275481,0.0,0.012402928,0.5275481,0.58723944,0.040366504,1.0,0.012216958,lookahead,fk_orig3_bm3-s0to100br3
/work/T-REX/external/Proteina-Complexa/inference/search_binder_local_pipeline_32_PDL1_ALPHA_REPACK_v7_r005_cand_v7r005_hyp_0005_01_002_a224316cffb43/job_0_n_194_id_16_fk_orig0_bm2-s0to100br3-s100to200br0/job_0_n_194_id_16_fk_orig0_bm2-s0to100br3-s100to200br0.pdb,64,"2,0,13,16,19,16,19,14,11,3,10,18,19,19,6,18,7,15,2,12,16,9,6,4,11,13,14,19,6,11,5,10,3,10,0,0,10,9,19,18,17,6,12,6,3,11,2,9,9,5,13,19,8,7,6,6,3,10,11,19,5,8,15,15,18,1,5,1,0,1,10,10,11,3,5,10,15,10,7,2,0,0,10,5,9,16,3,19,11,10,5,3,0,7,19,18,1,4,12,9,15,18,7,7,0,3,18,11,1,9,16,19,11,19,2,0,15,19,6,6,0,6,19,10,6,0,10,11,16,3,3,19,3,19,10,4,11,0,4,10,7,11,11,7,10,0,11,3,9,13,10,15,19,0,7,14,3,14,2,0,5,3,11,18,7,1,16,0,13,8,10,0,0,6,19,7,0,6,11,9,19,11,18,10,10,11,1,7,0,3,14,2,9,19,0,0,0,0,0,0,0,0,0,0,0,0,0,0,0,0,0,0,0,0,0,0,0,0,0,0,0,0,0,0,0,0,0,0,0",0.6253984,0.30759463,0.7628152,3.0,0.026288865,111.79504,0.03473103,1.0,0.03473103,0.36876038,0.012160689,0.0,0.0,0.026288865,0.0036896209,0.77149653,0.36876038,11.830871,1.787761,111.79504,0.6253984,3.7318687,245.94534,0.011730986,0.0178467,1.0,245.94534,0.23718481,0.2285035,11.830871,0.0036896209,0.012590392,0.30759463,0.0,1.787761,3.7318687,0.011730986,0.5451132,0.0,0.012590392,0.5451132,0.6308725,0.0178467,1.0,0.012160689,lookahead,fk_orig0_bm2-s0to100br3-s100to200br0
/work/T-REX/external/Proteina-Complexa/inference/search_binder_local_pipeline_32_PDL1_ALPHA_REPACK_v7_r005_cand_v7r005_hyp_0005_01_002_a224316cffb43/job_0_n_224_id_16_fk_orig1_bm1-s0to100br1-s100to200br0/job_0_n_224_id_16_fk_orig1_bm1-s0to100br1-s100to200br0.pdb,65,"2,0,13,16,19,16,19,14,11,3,10,18,19,19,6,18,7,15,2,12,16,9,6,4,11,13,14,19,6,11,5,10,3,10,0,0,10,9,19,18,17,6,12,6,3,11,2,9,9,5,13,19,8,7,6,6,3,10,11,19,5,8,15,15,18,1,5,1,0,1,10,10,11,3,5,10,15,10,7,2,0,0,10,5,9,16,3,19,11,10,5,3,0,7,19,18,1,4,12,9,15,18,7,7,0,3,18,11,1,9,16,19,11,19,2,0,14,11,3,10,18,19,19,6,18,7,15,2,12,16,9,6,4,11,13,14,19,6,11,5,10,3,10,0,0,10,9,19,18,17,6,12,6,3,11,2,9,9,5,13,19,8,7,6,6,3,10,11,19,5,8,15,15,18,1,5,1,0,1,10,10,11,3,5,10,15,10,7,2,0,0,10,5,9,16,3,19,11,10,5,3,0,7,19,18,1,4,12,9,15,18,7,7,0,3,18,11,1,9,16,19,11,19,2,0,0,0,0,0",0.6293368,0.30474576,0.7453761,3.0,0.041156873,65.10595,0.042854875,1.0,0.042854875,0.32273126,0.01242667,0.0,0.0,0.041156873,0.0022063751,0.8487991,0.32273126,3.266426,1.3901893,65.10595,0.6293368,3.9065082,216.49002,0.011766169,0.039458875,1.0,216.49002,0.2546239,0.15120089,3.266426,0.0022063751,0.01308717,0.30474576,0.0,1.3901893,3.9065082,0.011766169,0.5298843,0.0,0.01308717,0.5298843,0.59096175,0.039458875,1.0,0.01242667,lookahead,fk_orig1_bm1-s0to100br1-s100to200br0
/work/T-REX/external/Proteina-Complexa/inference/search_binder_local_pipeline_32_PDL1_ALPHA_REPACK_v7_r005_cand_v7r005_hyp_0005_01_002_a224316cffb43/job_0_n_180_id_16_fk_orig2_bm0-s0to100br1-s100to200br0/job_0_n_180_id_16_fk_orig2_bm0-s0to100br1-s100to200br0.pdb,66,"2,0,13,16,19,16,19,14,11,3,10,18,19,19,6,18,7,15,2,12,16,9,6,4,11,13,14,19,6,11,5,10,3,10,0,0,10,9,19,18,17,6,12,6,3,11,2,9,9,5,13,19,8,7,6,6,3,10,11,19,5,8,15,15,18,1,5,1,0,1,10,10,11,3,5,10,15,10,7,2,0,0,10,5,9,16,3,19,11,10,5,3,0,7,19,18,1,4,12,9,15,18,7,7,0,3,18,11,1,9,16,19,11,19,2,0,15,6,9,6,19,10,11,3,11,10,6,7,11,3,5,13,0,0,7,2,10,3,6,0,6,11,10,18,5,11,0,13,6,7,18,10,0,10,7,2,10,3,6,0,6,11,19,1,11,6,10,2,11,19,18,19,11,10,7,11,6,14,14,15,0,0,0,0,0,0,0,0,0,0,0,0,0,0,0,0,0,0,0,0,0,0,0,0,0,0,0,0,0,0,0,0,0,0,0,0,0,0,0,0,0,0,0,0,0,0,0,0,0",0.67841077,0.055653572,0.20446539,3.0,0.5462456,32.818718,0.6507096,1.0,0.6507096,0.1416237,0.5462456,0.0,0.0,0.5462456,0.010272352,0.9277086,0.1416237,1.9908087,1.3650388,32.818718,0.67841077,2.3368807,132.1749,0.44178158,0.44178158,1.0,132.1749,0.7955346,0.07229135,1.9908087,0.010272352,0.6507096,0.055653572,0.0,1.3650388,2.3368807,0.44178158,0.17453286,0.0,0.6507096,0.17453286,0.8649286,0.44178158,1.0,0.5462456,lookahead,fk_orig2_bm0-s0to100br1-s100to200br0
/work/T-REX/external/Proteina-Complexa/inference/search_binder_local_pipeline_32_PDL1_ALPHA_REPACK_v7_r005_cand_v7r005_hyp_0005_01_002_a224316cffb43/job_0_n_229_id_16_fk_orig3_bm3-s0to100br2-s100to200br0/job_0_n_229_id_16_fk_orig3_bm3-s0to100br2-s100to200br0.pdb,67,"2,0,13,16,19,16,19,14,11,3,10,18,19,19,6,18,7,15,2,12,16,9,6,4,11,13,14,19,6,11,5,10,3,10,0,0,10,9,19,18,17,6,12,6,3,11,2,9,9,5,13,19,8,7,6,6,3,10,11,19,5,8,15,15,18,1,5,1,0,1,10,10,11,3,5,10,15,10,7,2,0,0,10,5,9,16,3,19,11,10,5,3,0,7,19,18,1,4,12,9,15,18,7,7,0,3,18,11,1,9,16,19,11,19,2,0,13,16,19,16,19,14,11,3,10,18,19,19,6,18,7,15,2,12,16,9,6,4,11,13,14,19,6,11,5,10,3,10,0,0,10,9,19,18,17,6,12,6,3,11,2,9,9,5,13,19,8,7,6,6,3,10,11,19,5,8,15,15,18,1,5,1,0,1,10,10,11,3,5,10,15,10,7,2,0,0,10,5,9,16,3,19,11,10,5,3,0,7,19,18,1,4,12,9,15,18,7,7,0,3,18,11,1,9,16,19,11,19,2",0.62542295,0.30454248,0.7423365,3.0,0.04208048,68.18259,0.04494321,1.0,0.04494321,0.31338117,0.012039421,0.0,0.0,0.04208048,0.0017723552,0.8618484,0.31338117,3.3902717,1.2875767,68.18259,0.62542295,3.8802774,212.31337,0.011729089,0.03921775,1.0,212.31337,0.2576635,0.13815157,3.3902717,0.0017723552,0.012349753,0.30454248,0.0,1.2875767,3.8802774,0.011729089,0.5301623,0.0,0.012349753,0.5301623,0.58575845,0.03921775,1.0,0.012039421,lookahead,fk_orig3_bm3-s0to100br2-s100to200br0
/work/T-REX/external/Proteina-Complexa/inference/search_binder_local_pipeline_32_PDL1_ALPHA_REPACK_v7_r005_cand_v7r005_hyp_0005_01_002_a224316cffb43/job_0_n_194_id_17_fk_orig0_bm2-s0to100br3-s100to200br1/job_0_n_194_id_17_fk_orig0_bm2-s0to100br3-s100to200br1.pdb,68,"2,0,13,16,19,16,19,14,11,3,10,18,19,19,6,18,7,15,2,12,16,9,6,4,11,13,14,19,6,11,5,10,3,10,0,0,10,9,19,18,17,6,12,6,3,11,2,9,9,5,13,19,8,7,6,6,3,10,11,19,5,8,15,15,18,1,5,1,0,1,10,10,11,3,5,10,15,10,7,2,0,0,10,5,9,16,3,19,11,10,5,3,0,7,19,18,1,4,12,9,15,18,7,7,0,3,18,11,1,9,16,19,11,19,2,0,15,3,0,6,10,6,10,10,6,19,10,1,11,7,3,11,2,0,13,7,0,10,15,11,15,11,2,14,6,9,0,8,13,19,16,6,9,10,11,7,11,14,2,11,5,10,6,15,7,11,16,0,10,10,10,0,0,6,19,7,2,6,6,12,19,11,18,10,10,11,10,7,0,3,19,2,9,5,0,0,0,0,0,0,0,0,0,0,0,0,0,0,0,0,0,0,0,0,0,0,0,0,0,0,0,0,0,0,0,0,0,0,0",0.59641874,0.4590379,0.82522196,3.0,0.005932582,133.58461,0.006563513,1.0,0.006563513,0.43729326,0.0,0.0,0.0,0.005932582,0.0047925794,0.76161957,0.43729326,17.047243,1.7784158,133.58461,0.59641874,4.1779356,317.87772,0.0,0.005301651,1.0,317.87772,0.17477804,0.23838046,17.047243,0.0047925794,0.0,0.4590379,0.0,1.7784158,4.1779356,0.0,0.64734674,0.0,0.0,0.64734674,0.60939604,0.005301651,1.0,0.0,lookahead,fk_orig0_bm2-s0to100br3-s100to200br1
/work/T-REX/external/Proteina-Complexa/inference/search_binder_local_pipeline_32_PDL1_ALPHA_REPACK_v7_r005_cand_v7r005_hyp_0005_01_002_a224316cffb43/job_0_n_224_id_17_fk_orig1_bm1-s0to100br1-s100to200br1/job_0_n_224_id_17_fk_orig1_bm1-s0to100br1-s100to200br1.pdb,69,"2,0,13,16,19,16,19,14,11,3,10,18,19,19,6,18,7,15,2,12,16,9,6,4,11,13,14,19,6,11,5,10,3,10,0,0,10,9,19,18,17,6,12,6,3,11,2,9,9,5,13,19,8,7,6,6,3,10,11,19,5,8,15,15,18,1,5,1,0,1,10,10,11,3,5,10,15,10,7,2,0,0,10,5,9,16,3,19,11,10,5,3,0,7,19,18,1,4,12,9,15,18,7,7,0,3,18,11,1,9,16,19,11,19,2,0,14,11,3,10,18,19,19,6,18,7,15,2,12,16,9,6,4,11,13,14,19,6,11,5,10,3,10,0,0,10,9,19,18,17,6,12,6,3,11,2,9,9,5,13,19,8,7,6,6,3,10,11,19,5,8,15,15,18,1,5,1,0,1,10,10,11,3,5,10,15,10,7,2,0,0,10,5,9,16,3,19,11,10,5,3,0,7,19,18,1,4,12,9,15,18,7,7,0,3,18,11,1,9,16,19,11,19,2,0,0,0,0,0",0.6303724,0.3037944,0.7437293,3.0,0.04274585,73.49892,0.044164866,1.0,0.044164866,0.3212264,0.0126082,0.0,0.0,0.04274585,0.0022080871,0.85010076,0.3212264,3.2482674,1.3800164,73.49892,0.6303724,3.9027429,218.55244,0.011967541,0.041326832,1.0,218.55244,0.2562707,0.14989923,3.2482674,0.0022080871,0.013248861,0.3037944,0.0,1.3800164,3.9027429,0.011967541,0.52796733,0.0,0.013248861,0.52796733,0.59166604,0.041326832,1.0,0.0126082,lookahead,fk_orig1_bm1-s0to100br1-s100to200br1
/work/T-REX/external/Proteina-Complexa/inference/search_binder_local_pipeline_32_PDL1_ALPHA_REPACK_v7_r005_cand_v7r005_hyp_0005_01_002_a224316cffb43/job_0_n_180_id_17_fk_orig2_bm0-s0to100br1-s100to200br1/job_0_n_180_id_17_fk_orig2_bm0-s0to100br1-s100to200br1.pdb,70,"2,0,13,16,19,16,19,14,11,3,10,18,19,19,6,18,7,15,2,12,16,9,6,4,11,13,14,19,6,11,5,10,3,10,0,0,10,9,19,18,17,6,12,6,3,11,2,9,9,5,13,19,8,7,6,6,3,10,11,19,5,8,15,15,18,1,5,1,0,1,10,10,11,3,5,10,15,10,7,2,0,0,10,5,9,16,3,19,11,10,5,3,0,7,19,18,1,4,12,9,15,18,7,7,0,3,18,11,1,9,16,19,11,19,2,0,15,6,9,6,0,10,11,18,18,10,6,7,11,6,6,6,11,11,7,2,10,6,6,0,11,11,2,18,10,11,0,7,6,10,18,11,11,10,7,11,18,6,3,0,10,15,0,18,2,6,0,9,11,9,10,6,11,10,7,6,6,14,14,10,0,0,0,0,0,0,0,0,0,0,0,0,0,0,0,0,0,0,0,0,0,0,0,0,0,0,0,0,0,0,0,0,0,0,0,0,0,0,0,0,0,0,0,0,0,0,0,0,0",0.6101446,0.061338328,0.21133351,3.0,0.49648553,52.990566,0.6153658,1.0,0.6153658,0.1713455,0.49657607,0.0,0.0,0.49648553,0.027163792,0.9019301,0.1713455,2.0221596,1.4822562,52.990566,0.6101446,2.414854,154.6569,0.3777863,0.37760526,1.0,154.6569,0.7886665,0.09806992,2.0221596,0.027163792,0.6153658,0.061338328,0.0,1.4822562,2.414854,0.3777863,0.20334122,0.0,0.6153658,0.20334122,0.8512386,0.37760526,1.0,0.49657607,lookahead,fk_orig2_bm0-s0to100br1-s100to200br1
/work/T-REX/external/Proteina-Complexa/inference/search_binder_local_pipeline_32_PDL1_ALPHA_REPACK_v7_r005_cand_v7r005_hyp_0005_01_002_a224316cffb43/job_0_n_229_id_17_fk_orig3_bm3-s0to100br2-s100to200br1/job_0_n_229_id_17_fk_orig3_bm3-s0to100br2-s100to200br1.pdb,71,"2,0,13,16,19,16,19,14,11,3,10,18,19,19,6,18,7,15,2,12,16,9,6,4,11,13,14,19,6,11,5,10,3,10,0,0,10,9,19,18,17,6,12,6,3,11,2,9,9,5,13,19,8,7,6,6,3,10,11,19,5,8,15,15,18,1,5,1,0,1,10,10,11,3,5,10,15,10,7,2,0,0,10,5,9,16,3,19,11,10,5,3,0,7,19,18,1,4,12,9,15,18,7,7,0,3,18,11,1,9,16,19,11,19,2,0,13,16,19,16,19,14,11,3,10,18,19,19,6,18,7,15,2,12,16,9,6,4,11,13,14,19,6,11,5,10,3,10,0,0,10,9,19,18,17,6,12,6,3,11,2,9,9,5,13,19,8,7,6,6,3,10,11,19,5,8,15,15,18,1,5,1,0,1,10,10,11,3,5,10,15,10,7,2,0,0,10,5,9,16,3,19,11,10,5,3,0,7,19,18,1,4,12,9,15,18,7,7,0,3,18,11,1,9,16,19,11,19,2",0.6318655,0.29529694,0.7411539,3.0,0.04343544,46.352898,0.044666898,1.0,0.044666898,0.30922765,0.012730859,0.0,0.0,0.04343544,0.001713768,0.86257255,0.30922765,2.4088478,1.2764114,46.352898,0.6318655,3.8644998,198.22404,0.012461632,0.042203978,1.0,198.22404,0.2588461,0.13742748,2.4088478,0.001713768,0.013000086,0.29529694,0.0,1.2764114,3.8644998,0.012461632,0.52330077,0.0,0.013000086,0.52330077,0.5866186,0.042203978,1.0,0.012730859,lookahead,fk_orig3_bm3-s0to100br2-s100to200br1
/work/T-REX/external/Proteina-Complexa/inference/search_binder_local_pipeline_32_PDL1_ALPHA_REPACK_v7_r005_cand_v7r005_hyp_0005_01_002_a224316cffb43/job_0_n_194_id_18_fk_orig0_bm2-s0to100br3-s100to200br2/job_0_n_194_id_18_fk_orig0_bm2-s0to100br3-s100to200br2.pdb,72,"2,0,13,16,19,16,19,14,11,3,10,18,19,19,6,18,7,15,2,12,16,9,6,4,11,13,14,19,6,11,5,10,3,10,0,0,10,9,19,18,17,6,12,6,3,11,2,9,9,5,13,19,8,7,6,6,3,10,11,19,5,8,15,15,18,1,5,1,0,1,10,10,11,3,5,10,15,10,7,2,0,0,10,5,9,16,3,19,11,10,5,3,0,7,19,18,1,4,12,9,15,18,7,7,0,3,18,11,1,9,16,19,11,19,2,0,15,11,6,6,11,6,13,10,6,0,10,11,0,7,3,19,3,11,10,7,15,13,15,11,10,3,15,3,9,7,11,10,12,5,6,9,13,7,0,7,11,19,2,0,5,3,11,18,7,11,16,0,13,8,10,0,0,6,0,7,0,6,6,19,19,11,13,10,10,11,17,7,0,3,14,2,9,19,0,0,0,0,0,0,0,0,0,0,0,0,0,0,0,0,0,0,0,0,0,0,0,0,0,0,0,0,0,0,0,0,0,0,0",0.6017149,0.4055866,0.7973814,3.0,0.008670589,123.28185,0.011395427,1.0,0.011395427,0.4234301,0.00566795,0.0,0.0,0.008670589,0.0038822615,0.6959717,0.4234301,15.572386,2.0464785,123.28185,0.6017149,4.024872,284.81967,0.0,0.0059457496,1.0,284.81967,0.2026186,0.3040283,15.572386,0.0038822615,0.0113359,0.4055866,0.0,2.0464785,4.024872,0.0,0.60302776,0.0,0.0113359,0.60302776,0.6173722,0.0059457496,1.0,0.00566795,lookahead,fk_orig0_bm2-s0to100br3-s100to200br2
/work/T-REX/external/Proteina-Complexa/inference/search_binder_local_pipeline_32_PDL1_ALPHA_REPACK_v7_r005_cand_v7r005_hyp_0005_01_002_a224316cffb43/job_0_n_224_id_18_fk_orig1_bm1-s0to100br1-s100to200br2/job_0_n_224_id_18_fk_orig1_bm1-s0to100br1-s100to200br2.pdb,73,"2,0,13,16,19,16,19,14,11,3,10,18,19,19,6,18,7,15,2,12,16,9,6,4,11,13,14,19,6,11,5,10,3,10,0,0,10,9,19,18,17,6,12,6,3,11,2,9,9,5,13,19,8,7,6,6,3,10,11,19,5,8,15,15,18,1,5,1,0,1,10,10,11,3,5,10,15,10,7,2,0,0,10,5,9,16,3,19,11,10,5,3,0,7,19,18,1,4,12,9,15,18,7,7,0,3,18,11,1,9,16,19,11,19,2,0,14,11,3,10,18,19,19,6,18,7,15,2,12,16,9,6,4,11,13,14,19,6,11,5,10,3,10,0,0,10,9,19,18,17,6,12,6,3,11,2,9,9,5,13,19,8,7,6,6,3,10,11,19,5,8,15,15,18,1,5,1,0,1,10,10,11,3,5,10,15,10,7,2,0,0,10,5,9,16,3,19,11,10,5,3,0,7,19,18,1,4,12,9,15,18,7,7,0,3,18,11,1,9,16,19,11,19,2,0,0,0,0,0",0.6238082,0.3130192,0.75101745,3.0,0.035388667,74.36419,0.03616636,1.0,0.03616636,0.32681283,0.011936325,0.0,0.0,0.035388667,0.0022426099,0.8494738,0.32681283,3.3134263,1.3886764,74.36419,0.6238082,3.9245045,217.84566,0.011171998,0.034610976,1.0,217.84566,0.24898253,0.15052623,3.3134263,0.0022426099,0.012700651,0.3130192,0.0,1.3886764,3.9245045,0.011171998,0.53810656,0.0,0.012700651,0.53810656,0.5878858,0.034610976,1.0,0.011936325,lookahead,fk_orig1_bm1-s0to100br1-s100to200br2
/work/T-REX/external/Proteina-Complexa/inference/search_binder_local_pipeline_32_PDL1_ALPHA_REPACK_v7_r005_cand_v7r005_hyp_0005_01_002_a224316cffb43/job_0_n_180_id_18_fk_orig2_bm0-s0to100br1-s100to200br2/job_0_n_180_id_18_fk_orig2_bm0-s0to100br1-s100to200br2.pdb,74,"2,0,13,16,19,16,19,14,11,3,10,18,19,19,6,18,7,15,2,12,16,9,6,4,11,13,14,19,6,11,5,10,3,10,0,0,10,9,19,18,17,6,12,6,3,11,2,9,9,5,13,19,8,7,6,6,3,10,11,19,5,8,15,15,18,1,5,1,0,1,10,10,11,3,5,10,15,10,7,2,0,0,10,5,9,16,3,19,11,10,5,3,0,7,19,18,1,4,12,9,15,18,7,7,0,3,18,11,1,9,16,19,11,19,2,0,15,6,9,6,16,10,11,3,18,10,6,0,1,3,6,11,0,0,7,2,10,3,6,0,6,11,10,18,6,11,0,13,11,7,13,16,0,10,7,2,10,11,6,0,6,1,0,1,2,6,18,4,15,19,10,1,6,10,7,11,6,14,14,14,0,0,0,0,0,0,0,0,0,0,0,0,0,0,0,0,0,0,0,0,0,0,0,0,0,0,0,0,0,0,0,0,0,0,0,0,0,0,0,0,0,0,0,0,0,0,0,0,0",0.6741904,0.05311208,0.19642806,3.0,0.5458064,44.530087,0.66284704,1.0,0.66284704,0.12993045,0.5458064,0.0,0.0,0.5458064,0.0053103743,0.941329,0.12993045,3.2642903,1.2582088,44.530087,0.6741904,2.241832,145.76389,0.42876577,0.42876577,1.0,145.76389,0.80357194,0.058671,3.2642903,0.0053103743,0.66284704,0.05311208,0.0,1.2582088,2.241832,0.42876577,0.16625813,0.0,0.66284704,0.16625813,0.8684267,0.42876577,1.0,0.5458064,lookahead,fk_orig2_bm0-s0to100br1-s100to200br2
/work/T-REX/external/Proteina-Complexa/inference/search_binder_local_pipeline_32_PDL1_ALPHA_REPACK_v7_r005_cand_v7r005_hyp_0005_01_002_a224316cffb43/job_0_n_229_id_18_fk_orig3_bm3-s0to100br2-s100to200br2/job_0_n_229_id_18_fk_orig3_bm3-s0to100br2-s100to200br2.pdb,75,"2,0,13,16,19,16,19,14,11,3,10,18,19,19,6,18,7,15,2,12,16,9,6,4,11,13,14,19,6,11,5,10,3,10,0,0,10,9,19,18,17,6,12,6,3,11,2,9,9,5,13,19,8,7,6,6,3,10,11,19,5,8,15,15,18,1,5,1,0,1,10,10,11,3,5,10,15,10,7,2,0,0,10,5,9,16,3,19,11,10,5,3,0,7,19,18,1,4,12,9,15,18,7,7,0,3,18,11,1,9,16,19,11,19,2,0,13,16,19,16,19,14,11,3,10,18,19,19,6,18,7,15,2,12,16,9,6,4,11,13,14,19,6,11,5,10,3,10,0,0,10,9,19,18,17,6,12,6,3,11,2,9,9,5,13,19,8,7,6,6,3,10,11,19,5,8,15,15,18,1,5,1,0,1,10,10,11,3,5,10,15,10,7,2,0,0,10,5,9,16,3,19,11,10,5,3,0,7,19,18,1,4,12,9,15,18,7,7,0,3,18,11,1,9,16,19,11,19,2",0.62908256,0.29763663,0.73968583,3.0,0.04425876,51.354847,0.046584956,1.0,0.046584956,0.3099159,0.012372896,0.0,0.0,0.04425876,0.0017321283,0.8630244,0.3099159,2.6028311,1.278236,51.354847,0.62908256,3.8690736,196.85754,0.012005394,0.041932564,1.0,196.85754,0.26031417,0.1369756,2.6028311,0.0017321283,0.012740397,0.29763663,0.0,1.278236,3.8690736,0.012005394,0.524705,0.0,0.012740397,0.524705,0.58719003,0.041932564,1.0,0.012372896,lookahead,fk_orig3_bm3-s0to100br2-s100to200br2
/work/T-REX/external/Proteina-Complexa/inference/search_binder_local_pipeline_32_PDL1_ALPHA_REPACK_v7_r005_cand_v7r005_hyp_0005_01_002_a224316cffb43/job_0_n_194_id_19_fk_orig0_bm2-s0to100br3-s100to200br3/job_0_n_194_id_19_fk_orig0_bm2-s0to100br3-s100to200br3.pdb,76,"2,0,13,16,19,16,19,14,11,3,10,18,19,19,6,18,7,15,2,12,16,9,6,4,11,13,14,19,6,11,5,10,3,10,0,0,10,9,19,18,17,6,12,6,3,11,2,9,9,5,13,19,8,7,6,6,3,10,11,19,5,8,15,15,18,1,5,1,0,1,10,10,11,3,5,10,15,10,7,2,0,0,10,5,9,16,3,19,11,10,5,3,0,7,19,18,1,4,12,9,15,18,7,7,0,3,18,11,1,9,16,19,11,19,2,0,15,11,6,19,6,6,10,10,16,10,10,11,11,10,7,11,7,15,9,14,15,10,15,15,4,11,16,14,10,5,6,6,13,19,12,0,9,12,2,7,11,14,2,11,5,10,15,16,7,6,16,14,10,10,10,0,0,11,15,7,2,6,6,10,19,11,18,10,10,3,10,7,0,3,14,2,9,10,0,0,0,0,0,0,0,0,0,0,0,0,0,0,0,0,0,0,0,0,0,0,0,0,0,0,0,0,0,0,0,0,0,0,0",0.61138535,0.27342317,0.67950773,3.0,0.060390834,129.46378,0.06500358,1.0,0.06500358,0.32561526,0.013692636,0.0,0.0,0.060390834,0.0027674253,0.7929157,0.32561526,19.904743,1.691477,129.46378,0.61138535,3.5532837,275.96814,0.01275345,0.055778086,1.0,275.96814,0.3204923,0.20708427,19.904743,0.0027674253,0.014631823,0.27342317,0.0,1.691477,3.5532837,0.01275345,0.4682671,0.0,0.014631823,0.4682671,0.6622708,0.055778086,1.0,0.013692636,lookahead,fk_orig0_bm2-s0to100br3-s100to200br3
/work/T-REX/external/Proteina-Complexa/inference/search_binder_local_pipeline_32_PDL1_ALPHA_REPACK_v7_r005_cand_v7r005_hyp_0005_01_002_a224316cffb43/job_0_n_224_id_19_fk_orig1_bm1-s0to100br1-s100to200br3/job_0_n_224_id_19_fk_orig1_bm1-s0to100br1-s100to200br3.pdb,77,"2,0,13,16,19,16,19,14,11,3,10,18,19,19,6,18,7,15,2,12,16,9,6,4,11,13,14,19,6,11,5,10,3,10,0,0,10,9,19,18,17,6,12,6,3,11,2,9,9,5,13,19,8,7,6,6,3,10,11,19,5,8,15,15,18,1,5,1,0,1,10,10,11,3,5,10,15,10,7,2,0,0,10,5,9,16,3,19,11,10,5,3,0,7,19,18,1,4,12,9,15,18,7,7,0,3,18,11,1,9,16,19,11,19,2,0,14,11,3,10,18,19,19,6,18,7,15,2,12,16,9,6,4,11,13,14,19,6,11,5,10,3,10,0,0,10,9,19,18,17,6,12,6,3,11,2,9,9,5,13,19,8,7,6,6,3,10,11,19,5,8,15,15,18,1,5,1,0,1,10,10,11,3,5,10,15,10,7,2,0,0,10,5,9,16,3,19,11,10,5,3,0,7,19,18,1,4,12,9,15,18,7,7,0,3,18,11,1,9,16,19,11,19,2,0,0,0,0,0",0.63266796,0.29957896,0.7402302,3.0,0.04607737,72.22627,0.04831545,1.0,0.04831545,0.3192072,0.012858743,0.0,0.0,0.04607737,0.0022202726,0.8503412,0.3192072,3.3208752,1.379481,72.22627,0.63266796,3.8916152,221.09279,0.012196128,0.043839294,1.0,221.09279,0.25976983,0.14965878,3.3208752,0.0022202726,0.0135213565,0.29957896,0.0,1.379481,3.8916152,0.012196128,0.5237548,0.0,0.0135213565,0.5237548,0.5934466,0.043839294,1.0,0.012858743,lookahead,fk_orig1_bm1-s0to100br1-s100to200br3
/work/T-REX/external/Proteina-Complexa/inference/search_binder_local_pipeline_32_PDL1_ALPHA_REPACK_v7_r005_cand_v7r005_hyp_0005_01_002_a224316cffb43/job_0_n_180_id_19_fk_orig2_bm0-s0to100br1-s100to200br3/job_0_n_180_id_19_fk_orig2_bm0-s0to100br1-s100to200br3.pdb,78,"2,0,13,16,19,16,19,14,11,3,10,18,19,19,6,18,7,15,2,12,16,9,6,4,11,13,14,19,6,11,5,10,3,10,0,0,10,9,19,18,17,6,12,6,3,11,2,9,9,5,13,19,8,7,6,6,3,10,11,19,5,8,15,15,18,1,5,1,0,1,10,10,11,3,5,10,15,10,7,2,0,0,10,5,9,16,3,19,11,10,5,3,0,7,19,18,1,4,12,9,15,18,7,7,0,3,18,11,1,9,16,19,11,19,2,0,15,19,9,6,0,9,3,13,11,10,6,7,1,11,6,13,3,0,7,2,10,3,6,0,6,11,10,18,1,11,0,13,6,10,18,11,11,15,7,2,10,6,6,0,6,11,19,1,3,6,10,2,11,19,10,6,11,10,7,11,6,14,10,14,0,0,0,0,0,0,0,0,0,0,0,0,0,0,0,0,0,0,0,0,0,0,0,0,0,0,0,0,0,0,0,0,0,0,0,0,0,0,0,0,0,0,0,0,0,0,0,0,0",0.6477823,0.32988283,0.80212504,3.0,0.010083599,89.39843,0.010726748,1.0,0.010726748,0.38887918,0.0063862465,0.0,0.0,0.010083599,0.0031099971,0.8385825,0.38887918,7.107516,1.3519695,89.39843,0.6477823,3.993478,175.0889,0.0,0.00944045,1.0,175.0889,0.19787496,0.16141751,7.107516,0.0031099971,0.012772493,0.32988283,0.0,1.3519695,3.993478,0.0,0.5654889,0.0,0.012772493,0.5654889,0.64557785,0.00944045,1.0,0.0063862465,lookahead,fk_orig2_bm0-s0to100br1-s100to200br3
/work/T-REX/external/Proteina-Complexa/inference/search_binder_local_pipeline_32_PDL1_ALPHA_REPACK_v7_r005_cand_v7r005_hyp_0005_01_002_a224316cffb43/job_0_n_229_id_19_fk_orig3_bm3-s0to100br2-s100to200br3/job_0_n_229_id_19_fk_orig3_bm3-s0to100br2-s100to200br3.pdb,79,"2,0,13,16,19,16,19,14,11,3,10,18,19,19,6,18,7,15,2,12,16,9,6,4,11,13,14,19,6,11,5,10,3,10,0,0,10,9,19,18,17,6,12,6,3,11,2,9,9,5,13,19,8,7,6,6,3,10,11,19,5,8,15,15,18,1,5,1,0,1,10,10,11,3,5,10,15,10,7,2,0,0,10,5,9,16,3,19,11,10,5,3,0,7,19,18,1,4,12,9,15,18,7,7,0,3,18,11,1,9,16,19,11,19,2,0,13,16,19,16,19,14,11,3,10,18,19,19,6,18,7,15,2,12,16,9,6,4,11,13,14,19,6,11,5,10,3,10,0,0,10,9,19,18,17,6,12,6,3,11,2,9,9,5,13,19,8,7,6,6,3,10,11,19,5,8,15,15,18,1,5,1,0,1,10,10,11,3,5,10,15,10,7,2,0,0,10,5,9,16,3,19,11,10,5,3,0,7,19,18,1,4,12,9,15,18,7,7,0,3,18,11,1,9,16,19,11,19,2",0.62482023,0.30539295,0.744453,3.0,0.040122118,54.398964,0.043002922,1.0,0.043002922,0.314218,0.011941785,0.0,0.0,0.040122118,0.0017521275,0.86193335,0.314218,2.961211,1.2856102,54.398964,0.62482023,3.8869143,199.77191,0.011622269,0.037241314,1.0,199.77191,0.255547,0.13806663,2.961211,0.0017521275,0.012261302,0.30539295,0.0,1.2856102,3.8869143,0.011622269,0.53198147,0.0,0.012261302,0.53198147,0.5849542,0.037241314,1.0,0.011941785,lookahead,fk_orig3_bm3-s0to100br2-s100to200br3
/work/T-REX/external/Proteina-Complexa/inference/search_binder_local_pipeline_32_PDL1_ALPHA_REPACK_v7_r005_cand_v7r005_hyp_0005_01_002_a224316cffb43/job_0_n_194_id_20_fk_orig0_bm1-s0to100br1-s100to200br0/job_0_n_194_id_20_fk_orig0_bm1-s0to100br1-s100to200br0.pdb,80,"2,0,13,16,19,16,19,14,11,3,10,18,19,19,6,18,7,15,2,12,16,9,6,4,11,13,14,19,6,11,5,10,3,10,0,0,10,9,19,18,17,6,12,6,3,11,2,9,9,5,13,19,8,7,6,6,3,10,11,19,5,8,15,15,18,1,5,1,0,1,10,10,11,3,5,10,15,10,7,2,0,0,10,5,9,16,3,19,11,10,5,3,0,7,19,18,1,4,12,9,15,18,7,7,0,3,18,11,1,9,16,19,11,19,2,0,0,18,18,2,1,7,2,0,18,13,19,11,7,2,10,3,10,0,9,6,3,18,15,11,0,9,6,10,11,14,3,13,0,6,0,18,18,2,1,7,2,0,18,11,6,11,7,2,10,3,10,0,9,6,3,18,2,11,0,10,6,10,11,14,3,13,19,6,0,1,6,6,10,6,11,19,11,0,0,0,0,0,0,0,0,0,0,0,0,0,0,0,0,0,0,0,0,0,0,0,0,0,0,0,0,0,0,0,0,0,0,0,0",0.6031074,0.4124852,0.8259738,3.0,0.0060706404,89.88752,0.0060905856,1.0,0.0060905856,0.41078776,0.0,0.0,0.0,0.0060706404,0.0021547049,0.85026157,0.41078776,3.3779395,1.2073312,89.88752,0.6031074,4.0628476,193.94647,0.0,0.006050695,1.0,193.94647,0.1740262,0.14973842,3.3779395,0.0021547049,0.0,0.4124852,0.0,1.2073312,4.0628476,0.0,0.64192396,0.0,0.0,0.64192396,0.60288453,0.006050695,1.0,0.0,lookahead,fk_orig0_bm1-s0to100br1-s100to200br0
/work/T-REX/external/Proteina-Complexa/inference/search_binder_local_pipeline_32_PDL1_ALPHA_REPACK_v7_r005_cand_v7r005_hyp_0005_01_002_a224316cffb43/job_0_n_224_id_20_fk_orig1_bm2-s0to100br2-s100to200br0/job_0_n_224_id_20_fk_orig1_bm2-s0to100br2-s100to200br0.pdb,81,"2,0,13,16,19,16,19,14,11,3,10,18,19,19,6,18,7,15,2,12,16,9,6,4,11,13,14,19,6,11,5,10,3,10,0,0,10,9,19,18,17,6,12,6,3,11,2,9,9,5,13,19,8,7,6,6,3,10,11,19,5,8,15,15,18,1,5,1,0,1,10,10,11,3,5,10,15,10,7,2,0,0,10,5,9,16,3,19,11,10,5,3,0,7,19,18,1,4,12,9,15,18,7,7,0,3,18,11,1,9,16,19,11,19,2,0,11,3,10,18,19,19,6,18,7,15,2,12,16,9,6,4,11,13,14,19,6,11,5,10,3,10,0,0,10,9,19,18,17,6,12,6,3,11,2,9,9,5,13,19,8,7,6,6,3,10,11,19,5,8,15,15,18,1,5,1,0,1,10,10,11,3,5,10,15,10,7,2,0,0,10,5,9,16,3,19,11,10,5,3,0,7,19,18,1,4,12,9,15,18,7,7,0,3,18,11,1,9,16,19,11,19,2,0,0,0,0,0,0",0.6473056,0.27308422,0.7490394,3.0,0.04411558,90.62609,0.045651544,1.0,0.045651544,0.31519514,0.013778527,0.0,0.0,0.04411558,0.0019681845,0.8559567,0.31519514,6.74302,1.3302736,90.62609,0.6473056,3.8300369,204.0337,0.013341232,0.042579617,1.0,204.0337,0.2509606,0.14404334,6.74302,0.0019681845,0.014215822,0.27308422,0.0,1.3302736,3.8300369,0.013341232,0.5203691,0.0,0.014215822,0.5203691,0.5915158,0.042579617,1.0,0.013778527,lookahead,fk_orig1_bm2-s0to100br2-s100to200br0
/work/T-REX/external/Proteina-Complexa/inference/search_binder_local_pipeline_32_PDL1_ALPHA_REPACK_v7_r005_cand_v7r005_hyp_0005_01_002_a224316cffb43/job_0_n_180_id_20_fk_orig2_bm2-s0to100br1-s100to200br0/job_0_n_180_id_20_fk_orig2_bm2-s0to100br1-s100to200br0.pdb,82,"2,0,13,16,19,16,19,14,11,3,10,18,19,19,6,18,7,15,2,12,16,9,6,4,11,13,14,19,6,11,5,10,3,10,0,0,10,9,19,18,17,6,12,6,3,11,2,9,9,5,13,19,8,7,6,6,3,10,11,19,5,8,15,15,18,1,5,1,0,1,10,10,11,3,5,10,15,10,7,2,0,0,10,5,9,16,3,19,11,10,5,3,0,7,19,18,1,4,12,9,15,18,7,7,0,3,18,11,1,9,16,19,11,19,2,0,12,5,15,5,10,15,5,0,10,5,6,1,10,11,10,15,14,6,3,0,3,11,0,15,15,10,9,10,12,9,14,3,14,3,6,5,3,9,5,1,9,7,0,7,10,15,10,15,15,6,11,9,11,6,10,6,11,19,10,5,6,10,1,5,0,0,0,0,0,0,0,0,0,0,0,0,0,0,0,0,0,0,0,0,0,0,0,0,0,0,0,0,0,0,0,0,0,0,0,0,0,0,0,0,0,0,0,0,0,0,0,0,0",0.6401838,0.27691928,0.7228006,3.0,0.0448464,56.153778,0.04734774,1.0,0.04734774,0.35101998,0.014071016,0.0,0.0,0.0448464,0.003522113,0.7674908,0.35101998,3.055039,1.9265547,56.153778,0.6401838,3.530542,225.93637,0.013155858,0.042345066,1.0,225.93637,0.27719936,0.23250921,3.055039,0.003522113,0.014986172,0.27691928,0.0,1.9265547,3.530542,0.013155858,0.48886344,0.0,0.014986172,0.48886344,0.67350215,0.042345066,1.0,0.014071016,lookahead,fk_orig2_bm2-s0to100br1-s100to200br0
/work/T-REX/external/Proteina-Complexa/inference/search_binder_local_pipeline_32_PDL1_ALPHA_REPACK_v7_r005_cand_v7r005_hyp_0005_01_002_a224316cffb43/job_0_n_229_id_20_fk_orig3_bm0-s0to100br1-s100to200br0/job_0_n_229_id_20_fk_orig3_bm0-s0to100br1-s100to200br0.pdb,83,"2,0,13,16,19,16,19,14,11,3,10,18,19,19,6,18,7,15,2,12,16,9,6,4,11,13,14,19,6,11,5,10,3,10,0,0,10,9,19,18,17,6,12,6,3,11,2,9,9,5,13,19,8,7,6,6,3,10,11,19,5,8,15,15,18,1,5,1,0,1,10,10,11,3,5,10,15,10,7,2,0,0,10,5,9,16,3,19,11,10,5,3,0,7,19,18,1,4,12,9,15,18,7,7,0,3,18,11,1,9,16,19,11,19,2,0,0,13,16,19,16,19,14,11,3,10,18,19,19,6,18,7,15,2,12,16,9,6,4,11,13,14,19,6,11,5,10,3,10,0,0,10,9,19,18,17,6,12,6,3,11,2,9,9,5,13,19,8,7,6,6,3,10,11,19,5,8,15,15,18,1,5,1,0,1,10,10,11,3,5,10,15,10,7,2,0,0,10,5,9,16,3,19,11,10,5,3,0,7,19,18,1,4,12,9,15,18,7,7,0,3,18,11,1,9,16,19,11,19",0.6283032,0.29447013,0.73602915,3.0,0.047307633,72.20039,0.049916502,1.0,0.049916502,0.3098322,0.012418382,0.0,0.0,0.047307633,0.0017992802,0.8605982,0.3098322,2.6133907,1.2779586,72.20039,0.6283032,3.8459268,216.32275,0.011995252,0.044698764,1.0,216.32275,0.26397085,0.13940176,2.6133907,0.0017992802,0.0128415115,0.29447013,0.0,1.2779586,3.8459268,0.011995252,0.5230482,0.0,0.0128415115,0.5230482,0.5894292,0.044698764,1.0,0.012418382,lookahead,fk_orig3_bm0-s0to100br1-s100to200br0
/work/T-REX/external/Proteina-Complexa/inference/search_binder_local_pipeline_32_PDL1_ALPHA_REPACK_v7_r005_cand_v7r005_hyp_0005_01_002_a224316cffb43/job_0_n_194_id_21_fk_orig0_bm1-s0to100br1-s100to200br1/job_0_n_194_id_21_fk_orig0_bm1-s0to100br1-s100to200br1.pdb,84,"2,0,13,16,19,16,19,14,11,3,10,18,19,19,6,18,7,15,2,12,16,9,6,4,11,13,14,19,6,11,5,10,3,10,0,0,10,9,19,18,17,6,12,6,3,11,2,9,9,5,13,19,8,7,6,6,3,10,11,19,5,8,15,15,18,1,5,1,0,1,10,10,11,3,5,10,15,10,7,2,0,0,10,5,9,16,3,19,11,10,5,3,0,7,19,18,1,4,12,9,15,18,7,7,0,3,18,11,1,9,16,19,11,19,2,0,0,18,18,2,1,7,2,0,18,13,0,5,7,2,10,3,10,0,9,6,3,18,2,11,0,9,6,10,11,14,3,13,0,6,0,18,18,2,1,7,2,0,18,11,6,11,7,2,10,3,10,0,9,6,3,18,2,11,0,10,6,10,11,14,3,13,19,6,0,11,6,6,10,6,11,19,11,0,0,0,0,0,0,0,0,0,0,0,0,0,0,0,0,0,0,0,0,0,0,0,0,0,0,0,0,0,0,0,0,0,0,0,0",0.5673972,0.5812657,0.87960684,3.0,0.0024024248,121.78015,0.0048048496,1.0,0.0048048496,0.4781886,0.0,0.0,0.0,0.0024024248,0.0021345601,0.8589281,0.4781886,12.767741,1.2080606,121.78015,0.5673972,4.5588818,209.29866,0.0,0.0,1.0,209.29866,0.12039317,0.14107193,12.767741,0.0021345601,0.0,0.5812657,0.0,1.2080606,4.5588818,0.0,0.7544156,0.0,0.0,0.7544156,0.58371735,0.0,1.0,0.0,lookahead,fk_orig0_bm1-s0to100br1-s100to200br1
/work/T-REX/external/Proteina-Complexa/inference/search_binder_local_pipeline_32_PDL1_ALPHA_REPACK_v7_r005_cand_v7r005_hyp_0005_01_002_a224316cffb43/job_0_n_224_id_21_fk_orig1_bm2-s0to100br2-s100to200br1/job_0_n_224_id_21_fk_orig1_bm2-s0to100br2-s100to200br1.pdb,85,"2,0,13,16,19,16,19,14,11,3,10,18,19,19,6,18,7,15,2,12,16,9,6,4,11,13,14,19,6,11,5,10,3,10,0,0,10,9,19,18,17,6,12,6,3,11,2,9,9,5,13,19,8,7,6,6,3,10,11,19,5,8,15,15,18,1,5,1,0,1,10,10,11,3,5,10,15,10,7,2,0,0,10,5,9,16,3,19,11,10,5,3,0,7,19,18,1,4,12,9,15,18,7,7,0,3,18,11,1,9,16,19,11,19,2,0,11,3,10,18,19,19,6,18,7,15,2,12,16,9,6,4,11,13,14,19,6,11,5,10,3,10,0,0,10,9,19,18,17,6,12,6,3,11,2,9,9,5,13,19,8,7,6,6,3,10,11,19,5,8,15,15,18,1,5,1,0,1,10,10,11,3,5,10,15,10,7,2,0,0,10,5,9,16,3,19,11,10,5,3,0,7,19,18,1,4,12,9,15,18,7,7,0,3,18,11,1,9,16,19,11,19,2,0,0,0,0,0,0",0.6301894,0.303687,0.7436055,3.0,0.04348389,73.495575,0.044729345,1.0,0.044729345,0.32143682,0.012506187,0.0,0.0,0.04348389,0.0021074244,0.85284066,0.32143682,3.6831048,1.3653021,73.495575,0.6301894,3.9126854,213.95107,0.011857875,0.042238433,1.0,213.95107,0.2563945,0.14715935,3.6831048,0.0021074244,0.013154499,0.303687,0.0,1.3653021,3.9126854,0.011857875,0.5287026,0.0,0.013154499,0.5287026,0.59190124,0.042238433,1.0,0.012506187,lookahead,fk_orig1_bm2-s0to100br2-s100to200br1
/work/T-REX/external/Proteina-Complexa/inference/search_binder_local_pipeline_32_PDL1_ALPHA_REPACK_v7_r005_cand_v7r005_hyp_0005_01_002_a224316cffb43/job_0_n_180_id_21_fk_orig2_bm2-s0to100br1-s100to200br1/job_0_n_180_id_21_fk_orig2_bm2-s0to100br1-s100to200br1.pdb,86,"2,0,13,16,19,16,19,14,11,3,10,18,19,19,6,18,7,15,2,12,16,9,6,4,11,13,14,19,6,11,5,10,3,10,0,0,10,9,19,18,17,6,12,6,3,11,2,9,9,5,13,19,8,7,6,6,3,10,11,19,5,8,15,15,18,1,5,1,0,1,10,10,11,3,5,10,15,10,7,2,0,0,10,5,9,16,3,19,11,10,5,3,0,7,19,18,1,4,12,9,15,18,7,7,0,3,18,11,1,9,16,19,11,19,2,0,12,6,5,6,10,8,3,13,12,19,5,6,10,11,10,15,19,6,3,0,5,1,16,9,3,10,10,11,10,2,14,2,14,3,10,11,3,13,16,1,10,19,15,2,10,7,10,2,3,3,5,19,5,11,10,18,3,18,18,12,11,10,11,11,0,0,0,0,0,0,0,0,0,0,0,0,0,0,0,0,0,0,0,0,0,0,0,0,0,0,0,0,0,0,0,0,0,0,0,0,0,0,0,0,0,0,0,0,0,0,0,0,0",0.548884,0.17522457,0.50979894,3.0,0.13073105,49.902225,0.15184939,1.0,0.15184939,0.25518325,0.098806016,0.0,0.0,0.13073105,0.0009844853,0.84881574,0.25518325,3.0424821,1.775099,49.902225,0.548884,3.12083,178.30319,0.09535112,0.1096127,1.0,178.30319,0.49020106,0.15118428,3.0424821,0.0009844853,0.10226091,0.17522457,0.0,1.775099,3.12083,0.09535112,0.34654546,0.0,0.10226091,0.34654546,0.7464652,0.1096127,1.0,0.098806016,lookahead,fk_orig2_bm2-s0to100br1-s100to200br1
/work/T-REX/external/Proteina-Complexa/inference/search_binder_local_pipeline_32_PDL1_ALPHA_REPACK_v7_r005_cand_v7r005_hyp_0005_01_002_a224316cffb43/job_0_n_229_id_21_fk_orig3_bm0-s0to100br1-s100to200br1/job_0_n_229_id_21_fk_orig3_bm0-s0to100br1-s100to200br1.pdb,87,"2,0,13,16,19,16,19,14,11,3,10,18,19,19,6,18,7,15,2,12,16,9,6,4,11,13,14,19,6,11,5,10,3,10,0,0,10,9,19,18,17,6,12,6,3,11,2,9,9,5,13,19,8,7,6,6,3,10,11,19,5,8,15,15,18,1,5,1,0,1,10,10,11,3,5,10,15,10,7,2,0,0,10,5,9,16,3,19,11,10,5,3,0,7,19,18,1,4,12,9,15,18,7,7,0,3,18,11,1,9,16,19,11,19,2,0,0,13,16,19,16,19,14,11,3,10,18,19,19,6,18,7,15,2,12,16,9,6,4,11,13,14,19,6,11,5,10,3,10,0,0,10,9,19,18,17,6,12,6,3,11,2,9,9,5,13,19,8,7,6,6,3,10,11,19,5,8,15,15,18,1,5,1,0,1,10,10,11,3,5,10,15,10,7,2,0,0,10,5,9,16,3,19,11,10,5,3,0,7,19,18,1,4,12,9,15,18,7,7,0,3,18,11,1,9,16,19,11,19",0.62992096,0.29001027,0.7314423,3.0,0.049788855,70.7426,0.052675933,1.0,0.052675933,0.3065275,0.012687245,0.0,0.0,0.049788855,0.0017982178,0.86100173,0.3065275,2.6064446,1.2740147,70.7426,0.62992096,3.831768,212.75339,0.01233303,0.046901774,1.0,212.75339,0.26855773,0.13899827,2.6064446,0.0017982178,0.013041461,0.29001027,0.0,1.2740147,3.831768,0.01233303,0.5170313,0.0,0.013041461,0.5170313,0.5917249,0.046901774,1.0,0.012687245,lookahead,fk_orig3_bm0-s0to100br1-s100to200br1
/work/T-REX/external/Proteina-Complexa/inference/search_binder_local_pipeline_32_PDL1_ALPHA_REPACK_v7_r005_cand_v7r005_hyp_0005_01_002_a224316cffb43/job_0_n_194_id_22_fk_orig0_bm1-s0to100br1-s100to200br2/job_0_n_194_id_22_fk_orig0_bm1-s0to100br1-s100to200br2.pdb,88,"2,0,13,16,19,16,19,14,11,3,10,18,19,19,6,18,7,15,2,12,16,9,6,4,11,13,14,19,6,11,5,10,3,10,0,0,10,9,19,18,17,6,12,6,3,11,2,9,9,5,13,19,8,7,6,6,3,10,11,19,5,8,15,15,18,1,5,1,0,1,10,10,11,3,5,10,15,10,7,2,0,0,10,5,9,16,3,19,11,10,5,3,0,7,19,18,1,4,12,9,15,18,7,7,0,3,18,11,1,9,16,19,11,19,2,0,0,18,18,2,1,7,2,0,1,13,19,5,7,2,10,3,10,0,9,6,3,18,15,11,0,9,6,10,11,14,3,13,0,6,0,18,18,2,1,7,2,0,18,11,6,11,7,2,10,3,10,0,9,6,3,18,15,11,0,10,6,10,11,14,3,13,19,6,0,1,6,6,10,6,11,19,11,11,0,0,0,0,0,0,0,0,0,0,0,0,0,0,0,0,0,0,0,0,0,0,0,0,0,0,0,0,0,0,0,0,0,0,0",0.5965519,0.3659602,0.8107822,3.0,0.006106193,82.5242,0.0062607727,1.0,0.0062607727,0.40076914,0.0,0.0,0.0,0.006106193,0.0021721958,0.8534127,0.40076914,4.2125664,1.2285117,82.5242,0.5965519,3.9564807,191.74074,0.0,0.005951614,1.0,191.74074,0.18921778,0.14658733,4.2125664,0.0021721958,0.0,0.3659602,0.0,1.2285117,3.9564807,0.0,0.6257276,0.0,0.0,0.6257276,0.60831213,0.005951614,1.0,0.0,lookahead,fk_orig0_bm1-s0to100br1-s100to200br2
/work/T-REX/external/Proteina-Complexa/inference/search_binder_local_pipeline_32_PDL1_ALPHA_REPACK_v7_r005_cand_v7r005_hyp_0005_01_002_a224316cffb43/job_0_n_224_id_22_fk_orig1_bm2-s0to100br2-s100to200br2/job_0_n_224_id_22_fk_orig1_bm2-s0to100br2-s100to200br2.pdb,89,"2,0,13,16,19,16,19,14,11,3,10,18,19,19,6,18,7,15,2,12,16,9,6,4,11,13,14,19,6,11,5,10,3,10,0,0,10,9,19,18,17,6,12,6,3,11,2,9,9,5,13,19,8,7,6,6,3,10,11,19,5,8,15,15,18,1,5,1,0,1,10,10,11,3,5,10,15,10,7,2,0,0,10,5,9,16,3,19,11,10,5,3,0,7,19,18,1,4,12,9,15,18,7,7,0,3,18,11,1,9,16,19,11,19,2,0,11,3,10,18,19,19,6,18,7,15,2,12,16,9,6,4,11,13,14,19,6,11,5,10,3,10,0,0,10,9,19,18,17,6,12,6,3,11,2,9,9,5,13,19,8,7,6,6,3,10,11,19,5,8,15,15,18,1,5,1,0,1,10,10,11,3,5,10,15,10,7,2,0,0,10,5,9,16,3,19,11,10,5,3,0,7,19,18,1,4,12,9,15,18,7,7,0,3,18,11,1,9,16,19,11,19,2,0,0,0,0,0,0",0.6429807,0.28356618,0.7340112,3.0,0.052129775,68.90293,0.05291479,1.0,0.05291479,0.31073922,0.013428267,0.0,0.0,0.052129775,0.002062297,0.8542426,0.31073922,3.2594488,1.3407434,68.90293,0.6429807,3.8617165,212.43655,0.013264515,0.05134476,1.0,212.43655,0.26598883,0.14575738,3.2594488,0.002062297,0.01359202,0.28356618,0.0,1.3407434,3.8617165,0.013264515,0.51016587,0.0,0.01359202,0.51016587,0.59678113,0.05134476,1.0,0.013428267,lookahead,fk_orig1_bm2-s0to100br2-s100to200br2
/work/T-REX/external/Proteina-Complexa/inference/search_binder_local_pipeline_32_PDL1_ALPHA_REPACK_v7_r005_cand_v7r005_hyp_0005_01_002_a224316cffb43/job_0_n_180_id_22_fk_orig2_bm2-s0to100br1-s100to200br2/job_0_n_180_id_22_fk_orig2_bm2-s0to100br1-s100to200br2.pdb,90,"2,0,13,16,19,16,19,14,11,3,10,18,19,19,6,18,7,15,2,12,16,9,6,4,11,13,14,19,6,11,5,10,3,10,0,0,10,9,19,18,17,6,12,6,3,11,2,9,9,5,13,19,8,7,6,6,3,10,11,19,5,8,15,15,18,1,5,1,0,1,10,10,11,3,5,10,15,10,7,2,0,0,10,5,9,16,3,19,11,10,5,3,0,7,19,18,1,4,12,9,15,18,7,7,0,3,18,11,1,9,16,19,11,19,2,0,15,5,0,6,13,10,5,16,19,15,16,11,10,3,10,16,15,6,5,9,6,11,10,3,15,18,10,11,10,13,11,11,14,2,3,5,5,9,6,19,19,9,1,15,10,2,10,15,14,6,11,5,2,19,10,1,11,10,10,9,3,18,18,15,0,0,0,0,0,0,0,0,0,0,0,0,0,0,0,0,0,0,0,0,0,0,0,0,0,0,0,0,0,0,0,0,0,0,0,0,0,0,0,0,0,0,0,0,0,0,0,0,0",0.5932684,0.33935165,0.7230557,3.0,0.028221056,61.111755,0.036668308,1.0,0.036668308,0.36634737,0.0059111384,0.0,0.0,0.028221056,0.0014262777,0.8037245,0.36634737,4.694726,1.8423147,61.111755,0.5932684,3.6819844,200.45004,0.0,0.019773804,1.0,200.45004,0.27694428,0.19627547,4.694726,0.0014262777,0.011822277,0.33935165,0.0,1.8423147,3.6819844,0.0,0.5195362,0.0,0.011822277,0.5195362,0.67324936,0.019773804,1.0,0.0059111384,lookahead,fk_orig2_bm2-s0to100br1-s100to200br2
/work/T-REX/external/Proteina-Complexa/inference/search_binder_local_pipeline_32_PDL1_ALPHA_REPACK_v7_r005_cand_v7r005_hyp_0005_01_002_a224316cffb43/job_0_n_229_id_22_fk_orig3_bm0-s0to100br1-s100to200br2/job_0_n_229_id_22_fk_orig3_bm0-s0to100br1-s100to200br2.pdb,91,"2,0,13,16,19,16,19,14,11,3,10,18,19,19,6,18,7,15,2,12,16,9,6,4,11,13,14,19,6,11,5,10,3,10,0,0,10,9,19,18,17,6,12,6,3,11,2,9,9,5,13,19,8,7,6,6,3,10,11,19,5,8,15,15,18,1,5,1,0,1,10,10,11,3,5,10,15,10,7,2,0,0,10,5,9,16,3,19,11,10,5,3,0,7,19,18,1,4,12,9,15,18,7,7,0,3,18,11,1,9,16,19,11,19,2,0,0,13,16,19,16,19,14,11,3,10,18,19,19,6,18,7,15,2,12,16,9,6,4,11,13,14,19,6,11,5,10,3,10,0,0,10,9,19,18,17,6,12,6,3,11,2,9,9,5,13,19,8,7,6,6,3,10,11,19,5,8,15,15,18,1,5,1,0,1,10,10,11,3,5,10,15,10,7,2,0,0,10,5,9,16,3,19,11,10,5,3,0,7,19,18,1,4,12,9,15,18,7,7,0,3,18,11,1,9,16,19,11,19",0.6254443,0.29569736,0.7355884,3.0,0.046608575,75.121445,0.04898801,1.0,0.04898801,0.31092003,0.012418032,0.0,0.0,0.046608575,0.001837607,0.8599193,0.31092003,2.6484168,1.2834839,75.121445,0.6254443,3.8476653,212.8276,0.012177214,0.04422914,1.0,212.8276,0.26441163,0.14008072,2.6484168,0.001837607,0.012658849,0.29569736,0.0,1.2834839,3.8476653,0.012177214,0.52454686,0.0,0.012658849,0.52454686,0.5893181,0.04422914,1.0,0.012418032,lookahead,fk_orig3_bm0-s0to100br1-s100to200br2
/work/T-REX/external/Proteina-Complexa/inference/search_binder_local_pipeline_32_PDL1_ALPHA_REPACK_v7_r005_cand_v7r005_hyp_0005_01_002_a224316cffb43/job_0_n_194_id_23_fk_orig0_bm1-s0to100br1-s100to200br3/job_0_n_194_id_23_fk_orig0_bm1-s0to100br1-s100to200br3.pdb,92,"2,0,13,16,19,16,19,14,11,3,10,18,19,19,6,18,7,15,2,12,16,9,6,4,11,13,14,19,6,11,5,10,3,10,0,0,10,9,19,18,17,6,12,6,3,11,2,9,9,5,13,19,8,7,6,6,3,10,11,19,5,8,15,15,18,1,5,1,0,1,10,10,11,3,5,10,15,10,7,2,0,0,10,5,9,16,3,19,11,10,5,3,0,7,19,18,1,4,12,9,15,18,7,7,0,3,18,11,1,9,16,19,11,19,2,0,0,18,18,2,1,7,2,0,18,13,19,5,7,2,18,3,10,0,9,6,3,18,15,11,0,9,6,10,11,14,3,13,0,6,0,18,18,2,1,7,2,0,18,11,6,11,7,2,10,3,10,0,9,6,3,18,2,11,0,10,6,10,11,14,3,13,19,6,0,11,6,6,10,6,11,19,11,0,0,0,0,0,0,0,0,0,0,0,0,0,0,0,0,0,0,0,0,0,0,0,0,0,0,0,0,0,0,0,0,0,0,0,0",0.6069961,0.46248975,0.8500583,3.0,0.00546105,111.5206,0.005698881,1.0,0.005698881,0.42987102,0.0,0.0,0.0,0.00546105,0.0022512758,0.8519273,0.42987102,8.402902,1.2032217,111.5206,0.6069961,4.2772775,206.11327,0.0,0.0052232193,1.0,206.11327,0.14994171,0.14807269,8.402902,0.0022512758,0.0,0.46248975,0.0,1.2032217,4.2772775,0.0,0.6735524,0.0,0.0,0.6735524,0.59439164,0.0052232193,1.0,0.0,lookahead,fk_orig0_bm1-s0to100br1-s100to200br3
/work/T-REX/external/Proteina-Complexa/inference/search_binder_local_pipeline_32_PDL1_ALPHA_REPACK_v7_r005_cand_v7r005_hyp_0005_01_002_a224316cffb43/job_0_n_224_id_23_fk_orig1_bm2-s0to100br2-s100to200br3/job_0_n_224_id_23_fk_orig1_bm2-s0to100br2-s100to200br3.pdb,93,"2,0,13,16,19,16,19,14,11,3,10,18,19,19,6,18,7,15,2,12,16,9,6,4,11,13,14,19,6,11,5,10,3,10,0,0,10,9,19,18,17,6,12,6,3,11,2,9,9,5,13,19,8,7,6,6,3,10,11,19,5,8,15,15,18,1,5,1,0,1,10,10,11,3,5,10,15,10,7,2,0,0,10,5,9,16,3,19,11,10,5,3,0,7,19,18,1,4,12,9,15,18,7,7,0,3,18,11,1,9,16,19,11,19,2,0,11,3,10,18,19,19,6,18,7,15,2,12,16,9,6,4,11,13,14,19,6,11,5,10,3,10,0,0,10,9,19,18,17,6,12,6,3,11,2,9,9,5,13,19,8,7,6,6,3,10,11,19,5,8,15,15,18,1,5,1,0,1,10,10,11,3,5,10,15,10,7,2,0,0,10,5,9,16,3,19,11,10,5,3,0,7,19,18,1,4,12,9,15,18,7,7,0,3,18,11,1,9,16,19,11,19,2,0,0,0,0,0,0",0.64494896,0.27993342,0.73331606,3.0,0.0535553,58.996075,0.05428429,1.0,0.05428429,0.30980474,0.013821062,0.0,0.0,0.0535553,0.0020250392,0.8542631,0.30980474,2.7325597,1.3392009,58.996075,0.64494896,3.855519,201.13046,0.013727249,0.052826308,1.0,201.13046,0.2666839,0.14573687,2.7325597,0.0020250392,0.013914874,0.27993342,0.0,1.3392009,3.855519,0.013727249,0.5085805,0.0,0.013914874,0.5085805,0.5972569,0.052826308,1.0,0.013821062,lookahead,fk_orig1_bm2-s0to100br2-s100to200br3
/work/T-REX/external/Proteina-Complexa/inference/search_binder_local_pipeline_32_PDL1_ALPHA_REPACK_v7_r005_cand_v7r005_hyp_0005_01_002_a224316cffb43/job_0_n_180_id_23_fk_orig2_bm2-s0to100br1-s100to200br3/job_0_n_180_id_23_fk_orig2_bm2-s0to100br1-s100to200br3.pdb,94,"2,0,13,16,19,16,19,14,11,3,10,18,19,19,6,18,7,15,2,12,16,9,6,4,11,13,14,19,6,11,5,10,3,10,0,0,10,9,19,18,17,6,12,6,3,11,2,9,9,5,13,19,8,7,6,6,3,10,11,19,5,8,15,15,18,1,5,1,0,1,10,10,11,3,5,10,15,10,7,2,0,0,10,5,9,16,3,19,11,10,5,3,0,7,19,18,1,4,12,9,15,18,7,7,0,3,18,11,1,9,16,19,11,19,2,0,15,9,8,3,9,19,5,11,19,10,11,6,10,11,10,11,3,6,18,0,5,11,19,0,3,10,10,11,10,2,14,2,14,16,5,6,6,13,5,1,10,19,0,7,16,7,10,2,2,6,5,9,3,1,9,18,11,0,18,11,0,0,5,0,0,0,0,0,0,0,0,0,0,0,0,0,0,0,0,0,0,0,0,0,0,0,0,0,0,0,0,0,0,0,0,0,0,0,0,0,0,0,0,0,0,0,0,0,0,0,0,0,0",0.56553674,0.30257052,0.69024986,3.0,0.03901834,54.34635,0.040632695,1.0,0.040632695,0.37508583,0.013481125,0.0,0.0,0.03901834,0.0020827185,0.7398927,0.37508583,2.901392,2.2844646,54.34635,0.56553674,3.6801,215.36298,0.012018462,0.037403986,1.0,215.36298,0.30975014,0.26010728,2.901392,0.0020827185,0.014943789,0.30257052,0.0,2.2844646,3.6801,0.012018462,0.50885636,0.0,0.014943789,0.50885636,0.6856338,0.037403986,1.0,0.013481125,lookahead,fk_orig2_bm2-s0to100br1-s100to200br3
/work/T-REX/external/Proteina-Complexa/inference/search_binder_local_pipeline_32_PDL1_ALPHA_REPACK_v7_r005_cand_v7r005_hyp_0005_01_002_a224316cffb43/job_0_n_229_id_23_fk_orig3_bm0-s0to100br1-s100to200br3/job_0_n_229_id_23_fk_orig3_bm0-s0to100br1-s100to200br3.pdb,95,"2,0,13,16,19,16,19,14,11,3,10,18,19,19,6,18,7,15,2,12,16,9,6,4,11,13,14,19,6,11,5,10,3,10,0,0,10,9,19,18,17,6,12,6,3,11,2,9,9,5,13,19,8,7,6,6,3,10,11,19,5,8,15,15,18,1,5,1,0,1,10,10,11,3,5,10,15,10,7,2,0,0,10,5,9,16,3,19,11,10,5,3,0,7,19,18,1,4,12,9,15,18,7,7,0,3,18,11,1,9,16,19,11,19,2,0,0,13,16,19,16,19,14,11,3,10,18,19,19,6,18,7,15,2,12,16,9,6,4,11,13,14,19,6,11,5,10,3,10,0,0,10,9,19,18,17,6,12,6,3,11,2,9,9,5,13,19,8,7,6,6,3,10,11,19,5,8,15,15,18,1,5,1,0,1,10,10,11,3,5,10,15,10,7,2,0,0,10,5,9,16,3,19,11,10,5,3,0,7,19,18,1,4,12,9,15,18,7,7,0,3,18,11,1,9,16,19,11,19",0.6271841,0.2941541,0.7352718,3.0,0.047610115,72.722855,0.05073722,1.0,0.05073722,0.31007597,0.012554698,0.0,0.0,0.047610115,0.0018155786,0.86088496,0.31007597,2.8928492,1.2799336,72.722855,0.6271841,3.847704,215.47987,0.012297947,0.04448301,1.0,215.47987,0.26472822,0.13911502,2.8928492,0.0018155786,0.012811449,0.2941541,0.0,1.2799336,3.847704,0.012297947,0.52333367,0.0,0.012811449,0.52333367,0.5897191,0.04448301,1.0,0.012554698,lookahead,fk_orig3_bm0-s0to100br1-s100to200br3
/work/T-REX/external/Proteina-Complexa/inference/search_binder_local_pipeline_32_PDL1_ALPHA_REPACK_v7_r005_cand_v7r005_hyp_0005_01_002_a224316cffb43/job_0_n_194_id_24_fk_orig0_bm1-s0to100br1-s100to200br0/job_0_n_194_id_24_fk_orig0_bm1-s0to100br1-s100to200br0.pdb,96,"2,0,13,16,19,16,19,14,11,3,10,18,19,19,6,18,7,15,2,12,16,9,6,4,11,13,14,19,6,11,5,10,3,10,0,0,10,9,19,18,17,6,12,6,3,11,2,9,9,5,13,19,8,7,6,6,3,10,11,19,5,8,15,15,18,1,5,1,0,1,10,10,11,3,5,10,15,10,7,2,0,0,10,5,9,16,3,19,11,10,5,3,0,7,19,18,1,4,12,9,15,18,7,7,0,3,18,11,1,9,16,19,11,19,2,0,0,18,13,2,1,7,2,0,18,13,19,11,7,2,10,3,10,0,9,6,3,18,16,11,0,9,6,10,11,14,3,13,0,6,0,18,18,2,1,7,2,0,18,11,6,11,7,2,10,3,10,0,9,6,3,18,2,11,0,10,6,10,11,14,3,13,19,6,0,1,6,6,10,6,11,19,11,0,0,0,0,0,0,0,0,0,0,0,0,0,0,0,0,0,0,0,0,0,0,0,0,0,0,0,0,0,0,0,0,0,0,0,0",0.60081434,0.37822667,0.8112953,3.0,0.006129184,89.98879,0.0064134263,1.0,0.0064134263,0.39889193,0.0,0.0,0.0,0.006129184,0.001924485,0.8515852,0.39889193,3.123007,1.2015193,89.98879,0.60081434,3.9496238,194.87268,0.0,0.0058449414,1.0,194.87268,0.18870474,0.14841479,3.123007,0.001924485,0.0,0.37822667,0.0,1.2015193,3.9496238,0.0,0.62225777,0.0,0.0,0.62225777,0.6087456,0.0058449414,1.0,0.0,lookahead,fk_orig0_bm1-s0to100br1-s100to200br0
/work/T-REX/external/Proteina-Complexa/inference/search_binder_local_pipeline_32_PDL1_ALPHA_REPACK_v7_r005_cand_v7r005_hyp_0005_01_002_a224316cffb43/job_0_n_224_id_24_fk_orig1_bm3-s0to100br3-s100to200br0/job_0_n_224_id_24_fk_orig1_bm3-s0to100br3-s100to200br0.pdb,97,"2,0,13,16,19,16,19,14,11,3,10,18,19,19,6,18,7,15,2,12,16,9,6,4,11,13,14,19,6,11,5,10,3,10,0,0,10,9,19,18,17,6,12,6,3,11,2,9,9,5,13,19,8,7,6,6,3,10,11,19,5,8,15,15,18,1,5,1,0,1,10,10,11,3,5,10,15,10,7,2,0,0,10,5,9,16,3,19,11,10,5,3,0,7,19,18,1,4,12,9,15,18,7,7,0,3,18,11,1,9,16,19,11,19,2,0,14,11,3,10,18,19,19,6,18,7,15,2,12,16,9,6,4,11,13,14,19,6,11,5,10,3,10,0,0,10,9,19,18,17,6,12,6,3,11,2,9,9,5,13,19,8,7,6,6,3,10,11,19,5,8,15,15,18,1,5,1,0,1,10,10,11,3,5,10,15,10,7,2,0,0,10,5,9,16,3,19,11,10,5,3,0,7,19,18,1,4,12,9,15,18,7,7,0,3,18,11,1,9,16,19,11,19,2,0,0,0,0,0",0.6241901,0.3061434,0.7482559,3.0,0.037207417,59.515533,0.038284294,1.0,0.038284294,0.32546386,0.012227036,0.0,0.0,0.037207417,0.0022458478,0.8496742,0.32546386,5.141106,1.3882062,59.515533,0.6241901,3.9147446,202.61327,0.011544522,0.03613054,1.0,202.61327,0.2517441,0.1503258,5.141106,0.0022458478,0.01290955,0.3061434,0.0,1.3882062,3.9147446,0.011544522,0.53540117,0.0,0.01290955,0.53540117,0.5891701,0.03613054,1.0,0.012227036,lookahead,fk_orig1_bm3-s0to100br3-s100to200br0
/work/T-REX/external/Proteina-Complexa/inference/search_binder_local_pipeline_32_PDL1_ALPHA_REPACK_v7_r005_cand_v7r005_hyp_0005_01_002_a224316cffb43/job_0_n_180_id_24_fk_orig2_bm0-s0to100br0-s100to200br0/job_0_n_180_id_24_fk_orig2_bm0-s0to100br0-s100to200br0.pdb,98,"2,0,13,16,19,16,19,14,11,3,10,18,19,19,6,18,7,15,2,12,16,9,6,4,11,13,14,19,6,11,5,10,3,10,0,0,10,9,19,18,17,6,12,6,3,11,2,9,9,5,13,19,8,7,6,6,3,10,11,19,5,8,15,15,18,1,5,1,0,1,10,10,11,3,5,10,15,10,7,2,0,0,10,5,9,16,3,19,11,10,5,3,0,7,19,18,1,4,12,9,15,18,7,7,0,3,18,11,1,9,16,19,11,19,2,0,5,10,15,6,3,11,11,11,10,10,10,13,13,18,3,11,2,11,3,7,16,10,2,10,3,3,9,15,10,10,10,5,15,9,5,11,2,14,7,2,9,11,10,0,3,10,2,2,3,7,2,9,3,9,6,3,10,15,9,10,10,11,2,15,0,0,0,0,0,0,0,0,0,0,0,0,0,0,0,0,0,0,0,0,0,0,0,0,0,0,0,0,0,0,0,0,0,0,0,0,0,0,0,0,0,0,0,0,0,0,0,0,0",0.6024773,0.2942481,0.74403995,3.0,0.024197847,49.94982,0.03701042,1.0,0.03701042,0.39533907,0.013753139,0.0,0.0,0.024197847,0.008577961,0.7079418,0.39533907,5.1206207,2.2362351,49.94982,0.6024773,3.6671557,218.19229,0.012050911,0.011385275,1.0,218.19229,0.25596005,0.29205823,5.1206207,0.008577961,0.015455368,0.2942481,0.0,2.2362351,3.6671557,0.012050911,0.5377804,0.0,0.015455368,0.5377804,0.66674775,0.011385275,1.0,0.013753139,lookahead,fk_orig2_bm0-s0to100br0-s100to200br0
/work/T-REX/external/Proteina-Complexa/inference/search_binder_local_pipeline_32_PDL1_ALPHA_REPACK_v7_r005_cand_v7r005_hyp_0005_01_002_a224316cffb43/job_0_n_229_id_24_fk_orig3_bm3-s0to100br1-s100to200br0/job_0_n_229_id_24_fk_orig3_bm3-s0to100br1-s100to200br0.pdb,99,"2,0,13,16,19,16,19,14,11,3,10,18,19,19,6,18,7,15,2,12,16,9,6,4,11,13,14,19,6,11,5,10,3,10,0,0,10,9,19,18,17,6,12,6,3,11,2,9,9,5,13,19,8,7,6,6,3,10,11,19,5,8,15,15,18,1,5,1,0,1,10,10,11,3,5,10,15,10,7,2,0,0,10,5,9,16,3,19,11,10,5,3,0,7,19,18,1,4,12,9,15,18,7,7,0,3,18,11,1,9,16,19,11,19,2,0,13,16,19,16,19,14,11,3,10,18,19,19,6,18,7,15,2,12,16,9,6,4,11,13,14,19,6,11,5,10,3,10,0,0,10,9,19,18,17,6,12,6,3,11,2,9,9,5,13,19,8,7,6,6,3,10,11,19,5,8,15,15,18,1,5,1,0,1,10,10,11,3,5,10,15,10,7,2,0,0,10,5,9,16,3,19,11,10,5,3,0,7,19,18,1,4,12,9,15,18,7,7,0,3,18,11,1,9,16,19,11,19,2",0.62653065,0.3011259,0.74104315,3.0,0.04285285,68.80083,0.044428717,1.0,0.044428717,0.31234586,0.012169766,0.0,0.0,0.04285285,0.0017939531,0.86123216,0.31234586,2.883752,1.2895894,68.80083,0.62653065,3.8783638,215.64427,0.011978354,0.04127698,1.0,215.64427,0.25895685,0.13876787,2.883752,0.0017939531,0.012361178,0.3011259,0.0,1.2895894,3.8783638,0.011978354,0.5278869,0.0,0.012361178,0.5278869,0.5863015,0.04127698,1.0,0.012169766,lookahead,fk_orig3_bm3-s0to100br1-s100to200br0
/work/T-REX/external/Proteina-Complexa/inference/search_binder_local_pipeline_32_PDL1_ALPHA_REPACK_v7_r005_cand_v7r005_hyp_0005_01_002_a224316cffb43/job_0_n_194_id_25_fk_orig0_bm1-s0to100br1-s100to200br1/job_0_n_194_id_25_fk_orig0_bm1-s0to100br1-s100to200br1.pdb,100,"2,0,13,16,19,16,19,14,11,3,10,18,19,19,6,18,7,15,2,12,16,9,6,4,11,13,14,19,6,11,5,10,3,10,0,0,10,9,19,18,17,6,12,6,3,11,2,9,9,5,13,19,8,7,6,6,3,10,11,19,5,8,15,15,18,1,5,1,0,1,10,10,11,3,5,10,15,10,7,2,0,0,10,5,9,16,3,19,11,10,5,3,0,7,19,18,1,4,12,9,15,18,7,7,0,3,18,11,1,9,16,19,11,19,2,0,0,18,18,2,1,7,2,0,18,13,19,5,7,2,10,3,10,0,9,6,3,18,15,11,0,9,6,10,11,14,3,13,0,6,0,18,18,2,1,7,2,0,18,11,6,11,7,2,10,3,10,0,9,6,3,18,2,11,0,10,6,10,11,14,3,13,0,6,0,1,6,6,10,6,11,19,11,0,0,0,0,0,0,0,0,0,0,0,0,0,0,0,0,0,0,0,0,0,0,0,0,0,0,0,0,0,0,0,0,0,0,0,0",0.59751534,0.364151,0.8104768,3.0,0.006236378,85.298035,0.0064941985,1.0,0.0064941985,0.40043247,0.0,0.0,0.0,0.006236378,0.0018860125,0.8532665,0.40043247,4.216549,1.2202002,85.298035,0.59751534,3.9526734,193.06009,0.0,0.0059785573,1.0,193.06009,0.18952319,0.14673354,4.216549,0.0018860125,0.0,0.364151,0.0,1.2202002,3.9526734,0.0,0.6244362,0.0,0.0,0.6244362,0.6097981,0.0059785573,1.0,0.0,lookahead,fk_orig0_bm1-s0to100br1-s100to200br1
/work/T-REX/external/Proteina-Complexa/inference/search_binder_local_pipeline_32_PDL1_ALPHA_REPACK_v7_r005_cand_v7r005_hyp_0005_01_002_a224316cffb43/job_0_n_224_id_25_fk_orig1_bm3-s0to100br3-s100to200br1/job_0_n_224_id_25_fk_orig1_bm3-s0to100br3-s100to200br1.pdb,101,"2,0,13,16,19,16,19,14,11,3,10,18,19,19,6,18,7,15,2,12,16,9,6,4,11,13,14,19,6,11,5,10,3,10,0,0,10,9,19,18,17,6,12,6,3,11,2,9,9,5,13,19,8,7,6,6,3,10,11,19,5,8,15,15,18,1,5,1,0,1,10,10,11,3,5,10,15,10,7,2,0,0,10,5,9,16,3,19,11,10,5,3,0,7,19,18,1,4,12,9,15,18,7,7,0,3,18,11,1,9,16,19,11,19,2,0,14,11,3,10,18,19,19,6,18,7,15,2,12,16,9,6,4,11,13,14,19,6,11,5,10,3,10,0,0,10,9,19,18,17,6,12,6,3,11,2,9,9,5,13,19,8,7,6,6,3,10,11,19,5,8,15,15,18,1,5,1,0,1,10,10,11,3,5,10,15,10,7,2,0,0,10,5,9,16,3,19,11,10,5,3,0,7,19,18,1,4,12,9,15,18,7,7,0,3,18,11,1,9,16,19,11,19,2,0,0,0,0,0",0.6212701,0.31433722,0.75098276,3.0,0.034730434,59.88061,0.035872806,1.0,0.035872806,0.32791746,0.011918481,0.0,0.0,0.034730434,0.0022247562,0.8494735,0.32791746,5.138297,1.3917242,59.88061,0.6212701,3.9287472,202.82118,0.0111271525,0.033588063,1.0,202.82118,0.24901727,0.1505265,5.138297,0.0022247562,0.0127098095,0.31433722,0.0,1.3917242,3.9287472,0.0111271525,0.53993446,0.0,0.0127098095,0.53993446,0.588008,0.033588063,1.0,0.011918481,lookahead,fk_orig1_bm3-s0to100br3-s100to200br1
/work/T-REX/external/Proteina-Complexa/inference/search_binder_local_pipeline_32_PDL1_ALPHA_REPACK_v7_r005_cand_v7r005_hyp_0005_01_002_a224316cffb43/job_0_n_180_id_25_fk_orig2_bm0-s0to100br0-s100to200br1/job_0_n_180_id_25_fk_orig2_bm0-s0to100br0-s100to200br1.pdb,102,"2,0,13,16,19,16,19,14,11,3,10,18,19,19,6,18,7,15,2,12,16,9,6,4,11,13,14,19,6,11,5,10,3,10,0,0,10,9,19,18,17,6,12,6,3,11,2,9,9,5,13,19,8,7,6,6,3,10,11,19,5,8,15,15,18,1,5,1,0,1,10,10,11,3,5,10,15,10,7,2,0,0,10,5,9,16,3,19,11,10,5,3,0,7,19,18,1,4,12,9,15,18,7,7,0,3,18,11,1,9,16,19,11,19,2,0,9,14,10,14,3,11,9,6,12,9,9,13,13,18,7,11,11,11,3,7,10,10,3,15,15,3,10,0,12,0,10,11,0,19,9,11,2,14,6,2,0,15,10,13,3,10,2,2,2,7,15,19,2,9,3,3,10,19,6,9,15,11,18,19,0,0,0,0,0,0,0,0,0,0,0,0,0,0,0,0,0,0,0,0,0,0,0,0,0,0,0,0,0,0,0,0,0,0,0,0,0,0,0,0,0,0,0,0,0,0,0,0,0",0.6129062,0.28117535,0.73100936,3.0,0.032400224,56.374,0.039606836,1.0,0.039606836,0.38390395,0.01367782,0.0,0.0,0.032400224,0.011151655,0.70540476,0.38390395,2.8681853,2.2872105,56.374,0.6129062,3.6300802,221.14836,0.012059463,0.025193613,1.0,221.14836,0.26899067,0.2945952,2.8681853,0.011151655,0.015296176,0.28117535,0.0,2.2872105,3.6300802,0.012059463,0.516008,0.0,0.015296176,0.516008,0.67011476,0.025193613,1.0,0.01367782,lookahead,fk_orig2_bm0-s0to100br0-s100to200br1
/work/T-REX/external/Proteina-Complexa/inference/search_binder_local_pipeline_32_PDL1_ALPHA_REPACK_v7_r005_cand_v7r005_hyp_0005_01_002_a224316cffb43/job_0_n_229_id_25_fk_orig3_bm3-s0to100br1-s100to200br1/job_0_n_229_id_25_fk_orig3_bm3-s0to100br1-s100to200br1.pdb,103,"2,0,13,16,19,16,19,14,11,3,10,18,19,19,6,18,7,15,2,12,16,9,6,4,11,13,14,19,6,11,5,10,3,10,0,0,10,9,19,18,17,6,12,6,3,11,2,9,9,5,13,19,8,7,6,6,3,10,11,19,5,8,15,15,18,1,5,1,0,1,10,10,11,3,5,10,15,10,7,2,0,0,10,5,9,16,3,19,11,10,5,3,0,7,19,18,1,4,12,9,15,18,7,7,0,3,18,11,1,9,16,19,11,19,2,0,13,16,19,16,19,14,11,3,10,18,19,19,6,18,7,15,2,12,16,9,6,4,11,13,14,19,6,11,5,10,3,10,0,0,10,9,19,18,17,6,12,6,3,11,2,9,9,5,13,19,8,7,6,6,3,10,11,19,5,8,15,15,18,1,5,1,0,1,10,10,11,3,5,10,15,10,7,2,0,0,10,5,9,16,3,19,11,10,5,3,0,7,19,18,1,4,12,9,15,18,7,7,0,3,18,11,1,9,16,19,11,19,2",0.626806,0.29880893,0.7376286,3.0,0.044569544,70.36257,0.046990547,1.0,0.046990547,0.31018266,0.012472632,0.0,0.0,0.044569544,0.001767429,0.86190546,0.31018266,2.8847966,1.2848222,70.36257,0.626806,3.8660178,211.09984,0.012197494,0.04214854,1.0,211.09984,0.26237142,0.13809451,2.8847966,0.001767429,0.012747771,0.29880893,0.0,1.2848222,3.8660178,0.012197494,0.52420646,0.0,0.012747771,0.52420646,0.58835447,0.04214854,1.0,0.012472632,lookahead,fk_orig3_bm3-s0to100br1-s100to200br1
/work/T-REX/external/Proteina-Complexa/inference/search_binder_local_pipeline_32_PDL1_ALPHA_REPACK_v7_r005_cand_v7r005_hyp_0005_01_002_a224316cffb43/job_0_n_194_id_26_fk_orig0_bm1-s0to100br1-s100to200br2/job_0_n_194_id_26_fk_orig0_bm1-s0to100br1-s100to200br2.pdb,104,"2,0,13,16,19,16,19,14,11,3,10,18,19,19,6,18,7,15,2,12,16,9,6,4,11,13,14,19,6,11,5,10,3,10,0,0,10,9,19,18,17,6,12,6,3,11,2,9,9,5,13,19,8,7,6,6,3,10,11,19,5,8,15,15,18,1,5,1,0,1,10,10,11,3,5,10,15,10,7,2,0,0,10,5,9,16,3,19,11,10,5,3,0,7,19,18,1,4,12,9,15,18,7,7,0,3,18,11,1,9,16,19,11,19,2,0,0,18,18,2,1,7,2,0,18,13,19,5,7,2,10,3,10,0,9,6,3,18,2,11,0,9,6,10,11,14,3,13,0,6,0,18,18,2,1,7,2,0,18,11,6,11,7,2,10,3,10,0,9,6,3,18,2,11,0,10,6,10,11,14,3,13,19,6,0,11,6,6,10,6,11,19,11,11,0,0,0,0,0,0,0,0,0,0,0,0,0,0,0,0,0,0,0,0,0,0,0,0,0,0,0,0,0,0,0,0,0,0,0",0.6127808,0.34682253,0.80539036,3.0,0.0071217213,97.119865,0.007570535,1.0,0.007570535,0.3873915,0.0,0.0,0.0,0.0071217213,0.0025955797,0.8550384,0.3873915,5.5726223,1.23553,97.119865,0.6127808,3.9409447,193.68929,0.0,0.0066729076,1.0,193.68929,0.19460963,0.14496157,5.5726223,0.0025955797,0.0,0.34682253,0.0,1.23553,3.9409447,0.0,0.60242647,0.0,0.0,0.60242647,0.6116537,0.0066729076,1.0,0.0,lookahead,fk_orig0_bm1-s0to100br1-s100to200br2
/work/T-REX/external/Proteina-Complexa/inference/search_binder_local_pipeline_32_PDL1_ALPHA_REPACK_v7_r005_cand_v7r005_hyp_0005_01_002_a224316cffb43/job_0_n_224_id_26_fk_orig1_bm3-s0to100br3-s100to200br2/job_0_n_224_id_26_fk_orig1_bm3-s0to100br3-s100to200br2.pdb,105,"2,0,13,16,19,16,19,14,11,3,10,18,19,19,6,18,7,15,2,12,16,9,6,4,11,13,14,19,6,11,5,10,3,10,0,0,10,9,19,18,17,6,12,6,3,11,2,9,9,5,13,19,8,7,6,6,3,10,11,19,5,8,15,15,18,1,5,1,0,1,10,10,11,3,5,10,15,10,7,2,0,0,10,5,9,16,3,19,11,10,5,3,0,7,19,18,1,4,12,9,15,18,7,7,0,3,18,11,1,9,16,19,11,19,2,0,14,11,3,10,18,19,19,6,18,7,15,2,12,16,9,6,4,11,13,14,19,6,11,5,10,3,10,0,0,10,9,19,18,17,6,12,6,3,11,2,9,9,5,13,19,8,7,6,6,3,10,11,19,5,8,15,15,18,1,5,1,0,1,10,10,11,3,5,10,15,10,7,2,0,0,10,5,9,16,3,19,11,10,5,3,0,7,19,18,1,4,12,9,15,18,7,7,0,3,18,11,1,9,16,19,11,19,2,0,0,0,0,0",0.62371606,0.31031674,0.7485573,3.0,0.03635627,60.22907,0.037433345,1.0,0.037433345,0.3252119,0.01195101,0.0,0.0,0.03635627,0.0022030557,0.8498831,0.3252119,5.0443635,1.383606,60.22907,0.62371606,3.9124682,198.75266,0.011409392,0.035279196,1.0,198.75266,0.25144267,0.15011695,5.0443635,0.0022030557,0.012492628,0.31031674,0.0,1.383606,3.9124682,0.011409392,0.5354762,0.0,0.012492628,0.5354762,0.5893462,0.035279196,1.0,0.01195101,lookahead,fk_orig1_bm3-s0to100br3-s100to200br2
/work/T-REX/external/Proteina-Complexa/inference/search_binder_local_pipeline_32_PDL1_ALPHA_REPACK_v7_r005_cand_v7r005_hyp_0005_01_002_a224316cffb43/job_0_n_180_id_26_fk_orig2_bm0-s0to100br0-s100to200br2/job_0_n_180_id_26_fk_orig2_bm0-s0to100br0-s100to200br2.pdb,106,"2,0,13,16,19,16,19,14,11,3,10,18,19,19,6,18,7,15,2,12,16,9,6,4,11,13,14,19,6,11,5,10,3,10,0,0,10,9,19,18,17,6,12,6,3,11,2,9,9,5,13,19,8,7,6,6,3,10,11,19,5,8,15,15,18,1,5,1,0,1,10,10,11,3,5,10,15,10,7,2,0,0,10,5,9,16,3,19,11,10,5,3,0,7,19,18,1,4,12,9,15,18,7,7,0,3,18,11,1,9,16,19,11,19,2,0,7,10,15,6,3,16,9,11,10,10,10,13,13,13,3,11,2,11,2,7,6,9,3,16,2,3,10,9,13,9,10,15,11,9,2,6,8,14,6,9,10,3,14,13,3,19,2,11,3,7,15,9,2,16,3,3,10,19,18,13,10,11,1,15,0,0,0,0,0,0,0,0,0,0,0,0,0,0,0,0,0,0,0,0,0,0,0,0,0,0,0,0,0,0,0,0,0,0,0,0,0,0,0,0,0,0,0,0,0,0,0,0,0",0.5720449,0.40319842,0.79508674,3.0,0.014737748,110.62822,0.023553992,1.0,0.023553992,0.51669496,0.007590712,0.0,0.0,0.014737748,0.031695813,0.49387836,0.51669496,7.2126074,3.0757048,110.62822,0.5720449,3.9459696,292.88168,0.0,0.005921503,1.0,292.88168,0.20491323,0.50612164,7.2126074,0.031695813,0.015181424,0.40319842,0.0,3.0757048,3.9459696,0.0,0.63532287,0.0,0.015181424,0.63532287,0.65225935,0.005921503,1.0,0.007590712,lookahead,fk_orig2_bm0-s0to100br0-s100to200br2
/work/T-REX/external/Proteina-Complexa/inference/search_binder_local_pipeline_32_PDL1_ALPHA_REPACK_v7_r005_cand_v7r005_hyp_0005_01_002_a224316cffb43/job_0_n_229_id_26_fk_orig3_bm3-s0to100br1-s100to200br2/job_0_n_229_id_26_fk_orig3_bm3-s0to100br1-s100to200br2.pdb,107,"2,0,13,16,19,16,19,14,11,3,10,18,19,19,6,18,7,15,2,12,16,9,6,4,11,13,14,19,6,11,5,10,3,10,0,0,10,9,19,18,17,6,12,6,3,11,2,9,9,5,13,19,8,7,6,6,3,10,11,19,5,8,15,15,18,1,5,1,0,1,10,10,11,3,5,10,15,10,7,2,0,0,10,5,9,16,3,19,11,10,5,3,0,7,19,18,1,4,12,9,15,18,7,7,0,3,18,11,1,9,16,19,11,19,2,0,13,16,19,16,19,14,11,3,10,18,19,19,6,18,7,15,2,12,16,9,6,4,11,13,14,19,6,11,5,10,3,10,0,0,10,9,19,18,17,6,12,6,3,11,2,9,9,5,13,19,8,7,6,6,3,10,11,19,5,8,15,15,18,1,5,1,0,1,10,10,11,3,5,10,15,10,7,2,0,0,10,5,9,16,3,19,11,10,5,3,0,7,19,18,1,4,12,9,15,18,7,7,0,3,18,11,1,9,16,19,11,19,2",0.6237594,0.30064425,0.7393672,3.0,0.042804416,73.97971,0.04615432,1.0,0.04615432,0.31229118,0.0121307345,0.0,0.0,0.042804416,0.0017312686,0.86196613,0.31229118,2.8382316,1.2879483,73.97971,0.6237594,3.8774793,211.5474,0.011924779,0.039454512,1.0,211.5474,0.2606328,0.13803388,2.8382316,0.0017312686,0.01233669,0.30064425,0.0,1.2879483,3.8774793,0.011924779,0.5280958,0.0,0.01233669,0.5280958,0.58733624,0.039454512,1.0,0.0121307345,lookahead,fk_orig3_bm3-s0to100br1-s100to200br2
/work/T-REX/external/Proteina-Complexa/inference/search_binder_local_pipeline_32_PDL1_ALPHA_REPACK_v7_r005_cand_v7r005_hyp_0005_01_002_a224316cffb43/job_0_n_194_id_27_fk_orig0_bm1-s0to100br1-s100to200br3/job_0_n_194_id_27_fk_orig0_bm1-s0to100br1-s100to200br3.pdb,108,"2,0,13,16,19,16,19,14,11,3,10,18,19,19,6,18,7,15,2,12,16,9,6,4,11,13,14,19,6,11,5,10,3,10,0,0,10,9,19,18,17,6,12,6,3,11,2,9,9,5,13,19,8,7,6,6,3,10,11,19,5,8,15,15,18,1,5,1,0,1,10,10,11,3,5,10,15,10,7,2,0,0,10,5,9,16,3,19,11,10,5,3,0,7,19,18,1,4,12,9,15,18,7,7,0,3,18,11,1,9,16,19,11,19,2,0,0,18,18,2,1,7,2,0,18,13,19,11,7,2,10,3,10,0,9,6,3,18,2,11,0,9,6,10,11,14,3,13,0,6,0,18,18,2,1,7,2,0,18,11,6,11,7,2,10,3,10,0,9,6,3,18,2,11,0,10,6,10,11,14,3,13,19,6,0,11,6,6,10,6,11,19,11,0,0,0,0,0,0,0,0,0,0,0,0,0,0,0,0,0,0,0,0,0,0,0,0,0,0,0,0,0,0,0,0,0,0,0,0",0.5967935,0.3900976,0.81244314,3.0,0.0061519817,95.07438,0.00639537,1.0,0.00639537,0.40248996,0.0,0.0,0.0,0.0061519817,0.0021813107,0.85402596,0.40248996,3.6249905,1.2138414,95.07438,0.5967935,3.9867706,197.38893,0.0,0.005908593,1.0,197.38893,0.18755686,0.14597404,3.6249905,0.0021813107,0.0,0.3900976,0.0,1.2138414,3.9867706,0.0,0.62802315,0.0,0.0,0.62802315,0.60767853,0.005908593,1.0,0.0,lookahead,fk_orig0_bm1-s0to100br1-s100to200br3
/work/T-REX/external/Proteina-Complexa/inference/search_binder_local_pipeline_32_PDL1_ALPHA_REPACK_v7_r005_cand_v7r005_hyp_0005_01_002_a224316cffb43/job_0_n_224_id_27_fk_orig1_bm3-s0to100br3-s100to200br3/job_0_n_224_id_27_fk_orig1_bm3-s0to100br3-s100to200br3.pdb,109,"2,0,13,16,19,16,19,14,11,3,10,18,19,19,6,18,7,15,2,12,16,9,6,4,11,13,14,19,6,11,5,10,3,10,0,0,10,9,19,18,17,6,12,6,3,11,2,9,9,5,13,19,8,7,6,6,3,10,11,19,5,8,15,15,18,1,5,1,0,1,10,10,11,3,5,10,15,10,7,2,0,0,10,5,9,16,3,19,11,10,5,3,0,7,19,18,1,4,12,9,15,18,7,7,0,3,18,11,1,9,16,19,11,19,2,0,14,11,3,10,18,19,19,6,18,7,15,2,12,16,9,6,4,11,13,14,19,6,11,5,10,3,10,0,0,10,9,19,18,17,6,12,6,3,11,2,9,9,5,13,19,8,7,6,6,3,10,11,19,5,8,15,15,18,1,5,1,0,1,10,10,11,3,5,10,15,10,7,2,0,0,10,5,9,16,3,19,11,10,5,3,0,7,19,18,1,4,12,9,15,18,7,7,0,3,18,11,1,9,16,19,11,19,2,0,0,0,0,0",0.6209301,0.3142532,0.7502831,3.0,0.034847878,60.46767,0.03603535,1.0,0.03603535,0.3277448,0.012082102,0.0,0.0,0.034847878,0.0022760155,0.84914905,0.3277448,5.057096,1.3912468,60.46767,0.6209301,3.9254663,205.09071,0.0112209,0.033660404,1.0,205.09071,0.24971686,0.15085094,5.057096,0.0022760155,0.012943303,0.3142532,0.0,1.3912468,3.9254663,0.0112209,0.5393424,0.0,0.012943303,0.5393424,0.58802295,0.033660404,1.0,0.012082102,lookahead,fk_orig1_bm3-s0to100br3-s100to200br3
/work/T-REX/external/Proteina-Complexa/inference/search_binder_local_pipeline_32_PDL1_ALPHA_REPACK_v7_r005_cand_v7r005_hyp_0005_01_002_a224316cffb43/job_0_n_180_id_27_fk_orig2_bm0-s0to100br0-s100to200br3/job_0_n_180_id_27_fk_orig2_bm0-s0to100br0-s100to200br3.pdb,110,"2,0,13,16,19,16,19,14,11,3,10,18,19,19,6,18,7,15,2,12,16,9,6,4,11,13,14,19,6,11,5,10,3,10,0,0,10,9,19,18,17,6,12,6,3,11,2,9,9,5,13,19,8,7,6,6,3,10,11,19,5,8,15,15,18,1,5,1,0,1,10,10,11,3,5,10,15,10,7,2,0,0,10,5,9,16,3,19,11,10,5,3,0,7,19,18,1,4,12,9,15,18,7,7,0,3,18,11,1,9,16,19,11,19,2,0,12,10,16,6,3,11,9,11,13,10,11,13,13,18,3,11,2,11,3,7,11,10,2,10,11,3,10,5,10,19,10,11,16,10,5,16,2,14,3,0,19,0,9,10,3,19,2,11,3,7,15,9,2,9,6,3,10,9,9,10,15,11,0,12,0,0,0,0,0,0,0,0,0,0,0,0,0,0,0,0,0,0,0,0,0,0,0,0,0,0,0,0,0,0,0,0,0,0,0,0,0,0,0,0,0,0,0,0,0,0,0,0,0",0.5854088,0.39314657,0.7983771,3.0,0.011278035,127.49034,0.016638368,1.0,0.016638368,0.5023148,0.0073008584,0.0,0.0,0.011278035,0.02699665,0.5246526,0.5023148,7.987022,3.018263,127.49034,0.5854088,3.9358306,297.49072,0.0,0.0059177023,1.0,297.49072,0.2016229,0.47534737,7.987022,0.02699665,0.014601717,0.39314657,0.0,3.018263,3.9358306,0.0,0.6234349,0.0,0.014601717,0.6234349,0.64854336,0.0059177023,1.0,0.0073008584,lookahead,fk_orig2_bm0-s0to100br0-s100to200br3
/work/T-REX/external/Proteina-Complexa/inference/search_binder_local_pipeline_32_PDL1_ALPHA_REPACK_v7_r005_cand_v7r005_hyp_0005_01_002_a224316cffb43/job_0_n_229_id_27_fk_orig3_bm3-s0to100br1-s100to200br3/job_0_n_229_id_27_fk_orig3_bm3-s0to100br1-s100to200br3.pdb,111,"2,0,13,16,19,16,19,14,11,3,10,18,19,19,6,18,7,15,2,12,16,9,6,4,11,13,14,19,6,11,5,10,3,10,0,0,10,9,19,18,17,6,12,6,3,11,2,9,9,5,13,19,8,7,6,6,3,10,11,19,5,8,15,15,18,1,5,1,0,1,10,10,11,3,5,10,15,10,7,2,0,0,10,5,9,16,3,19,11,10,5,3,0,7,19,18,1,4,12,9,15,18,7,7,0,3,18,11,1,9,16,19,11,19,2,0,13,16,19,16,19,14,11,3,10,18,19,19,6,18,7,15,2,12,16,9,6,4,11,13,14,19,6,11,5,10,3,10,0,0,10,9,19,18,17,6,12,6,3,11,2,9,9,5,13,19,8,7,6,6,3,10,11,19,5,8,15,15,18,1,5,1,0,1,10,10,11,3,5,10,15,10,7,2,0,0,10,5,9,16,3,19,11,10,5,3,0,7,19,18,1,4,12,9,15,18,7,7,0,3,18,11,1,9,16,19,11,19,2",0.62423027,0.3031827,0.7420374,3.0,0.041342817,72.54559,0.043292943,1.0,0.043292943,0.31333,0.012020346,0.0,0.0,0.041342817,0.0017543846,0.86182904,0.31333,2.9004161,1.2875283,72.54559,0.62423027,3.8809133,212.02614,0.011872627,0.039392695,1.0,212.02614,0.25796258,0.13817093,2.9004161,0.0017543846,0.012168064,0.3031827,0.0,1.2875283,3.8809133,0.011872627,0.5301688,0.0,0.012168064,0.5301688,0.58600557,0.039392695,1.0,0.012020346,lookahead,fk_orig3_bm3-s0to100br1-s100to200br3
/work/T-REX/external/Proteina-Complexa/inference/search_binder_local_pipeline_32_PDL1_ALPHA_REPACK_v7_r005_cand_v7r005_hyp_0005_01_002_a224316cffb43/job_0_n_194_id_28_fk_orig0_bm3-s0to100br3-s100to200br0/job_0_n_194_id_28_fk_orig0_bm3-s0to100br3-s100to200br0.pdb,112,"2,0,13,16,19,16,19,14,11,3,10,18,19,19,6,18,7,15,2,12,16,9,6,4,11,13,14,19,6,11,5,10,3,10,0,0,10,9,19,18,17,6,12,6,3,11,2,9,9,5,13,19,8,7,6,6,3,10,11,19,5,8,15,15,18,1,5,1,0,1,10,10,11,3,5,10,15,10,7,2,0,0,10,5,9,16,3,19,11,10,5,3,0,7,19,18,1,4,12,9,15,18,7,7,0,3,18,11,1,9,16,19,11,19,2,0,0,10,16,11,11,16,18,15,9,6,6,7,15,16,9,1,10,6,4,16,19,15,11,0,7,3,19,19,17,5,7,14,1,2,19,6,13,8,14,5,10,5,2,7,11,17,19,10,6,10,14,15,0,16,16,11,3,15,7,6,17,11,4,10,19,3,7,11,19,0,3,16,0,5,19,16,19,15,0,0,0,0,0,0,0,0,0,0,0,0,0,0,0,0,0,0,0,0,0,0,0,0,0,0,0,0,0,0,0,0,0,0,0",0.60482657,0.38660958,0.80830514,3.0,0.006182855,86.76163,0.0063159075,1.0,0.0063159075,0.41718724,0.0,0.0,0.0,0.006182855,0.006175115,0.7706264,0.41718724,2.602297,1.588825,86.76163,0.60482657,3.9513147,258.7642,0.0,0.006049803,1.0,258.7642,0.19169486,0.22937357,2.602297,0.006175115,0.0,0.38660958,0.0,1.588825,3.9513147,0.0,0.61381394,0.0,0.0,0.61381394,0.610789,0.006049803,1.0,0.0,lookahead,fk_orig0_bm3-s0to100br3-s100to200br0
/work/T-REX/external/Proteina-Complexa/inference/search_binder_local_pipeline_32_PDL1_ALPHA_REPACK_v7_r005_cand_v7r005_hyp_0005_01_002_a224316cffb43/job_0_n_224_id_28_fk_orig1_bm3-s0to100br1-s100to200br0/job_0_n_224_id_28_fk_orig1_bm3-s0to100br1-s100to200br0.pdb,113,"2,0,13,16,19,16,19,14,11,3,10,18,19,19,6,18,7,15,2,12,16,9,6,4,11,13,14,19,6,11,5,10,3,10,0,0,10,9,19,18,17,6,12,6,3,11,2,9,9,5,13,19,8,7,6,6,3,10,11,19,5,8,15,15,18,1,5,1,0,1,10,10,11,3,5,10,15,10,7,2,0,0,10,5,9,16,3,19,11,10,5,3,0,7,19,18,1,4,12,9,15,18,7,7,0,3,18,11,1,9,16,19,11,19,2,0,7,19,16,16,14,11,14,10,18,16,19,6,11,7,0,16,19,16,10,6,4,11,14,15,11,5,19,3,10,2,16,10,15,19,16,17,11,15,14,5,5,11,16,19,9,2,18,15,11,7,6,5,6,14,14,6,3,15,11,18,5,7,1,0,1,10,10,14,10,14,3,10,7,10,5,10,15,3,16,1,10,6,3,15,7,19,18,6,4,10,19,15,3,7,11,15,10,15,3,0,11,9,16,10,3,19,11,0,0,0,0,0,0",0.47926286,0.14565413,0.38642442,3.0,0.2275353,71.385506,0.23662885,1.0,0.23662885,0.23417324,0.22495954,0.0,0.0,0.2275353,0.006131551,0.8538612,0.23417324,3.0930924,1.7093221,71.385506,0.47926286,3.3093793,215.12117,0.21549383,0.21844175,1.0,215.12117,0.6135756,0.14613877,3.0930924,0.006131551,0.23442525,0.14565413,0.0,1.7093221,3.3093793,0.21549383,0.32790908,0.0,0.23442525,0.32790908,0.7615394,0.21844175,1.0,0.22495954,lookahead,fk_orig1_bm3-s0to100br1-s100to200br0
/work/T-REX/external/Proteina-Complexa/inference/search_binder_local_pipeline_32_PDL1_ALPHA_REPACK_v7_r005_cand_v7r005_hyp_0005_01_002_a224316cffb43/job_0_n_180_id_28_fk_orig2_bm1-s0to100br0-s100to200br0/job_0_n_180_id_28_fk_orig2_bm1-s0to100br0-s100to200br0.pdb,114,"2,0,13,16,19,16,19,14,11,3,10,18,19,19,6,18,7,15,2,12,16,9,6,4,11,13,14,19,6,11,5,10,3,10,0,0,10,9,19,18,17,6,12,6,3,11,2,9,9,5,13,19,8,7,6,6,3,10,11,19,5,8,15,15,18,1,5,1,0,1,10,10,11,3,5,10,15,10,7,2,0,0,10,5,9,16,3,19,11,10,5,3,0,7,19,18,1,4,12,9,15,18,7,7,0,3,18,11,1,9,16,19,11,19,2,0,15,12,16,14,10,3,1,8,10,10,6,0,0,11,0,7,5,3,3,5,19,1,11,10,10,0,3,7,0,3,19,2,0,15,3,11,13,7,11,16,0,10,8,10,0,0,3,2,7,8,10,6,9,19,6,6,10,10,11,8,7,0,3,19,0,0,0,0,0,0,0,0,0,0,0,0,0,0,0,0,0,0,0,0,0,0,0,0,0,0,0,0,0,0,0,0,0,0,0,0,0,0,0,0,0,0,0,0,0,0,0,0,0",0.60574496,0.4025225,0.7989297,3.0,0.012149468,122.89463,0.01851405,1.0,0.01851405,0.4168258,0.0,0.0,0.0,0.012149468,0.0049226033,0.8094449,0.4168258,17.525389,1.3568976,122.89463,0.60574496,3.9722257,254.48746,0.0,0.005784886,1.0,254.48746,0.20107028,0.1905551,17.525389,0.0049226033,0.0,0.4025225,0.0,1.3568976,3.9722257,0.0,0.60479903,0.0,0.0,0.60479903,0.648191,0.005784886,1.0,0.0,lookahead,fk_orig2_bm1-s0to100br0-s100to200br0
/work/T-REX/external/Proteina-Complexa/inference/search_binder_local_pipeline_32_PDL1_ALPHA_REPACK_v7_r005_cand_v7r005_hyp_0005_01_002_a224316cffb43/job_0_n_229_id_28_fk_orig3_bm3-s0to100br3-s100to200br0/job_0_n_229_id_28_fk_orig3_bm3-s0to100br3-s100to200br0.pdb,115,"2,0,13,16,19,16,19,14,11,3,10,18,19,19,6,18,7,15,2,12,16,9,6,4,11,13,14,19,6,11,5,10,3,10,0,0,10,9,19,18,17,6,12,6,3,11,2,9,9,5,13,19,8,7,6,6,3,10,11,19,5,8,15,15,18,1,5,1,0,1,10,10,11,3,5,10,15,10,7,2,0,0,10,5,9,16,3,19,11,10,5,3,0,7,19,18,1,4,12,9,15,18,7,7,0,3,18,11,1,9,16,19,11,19,2,0,13,16,19,16,19,14,11,3,10,18,19,19,6,18,7,15,2,12,16,9,6,4,11,13,14,19,6,11,5,10,3,10,0,0,10,9,19,18,17,6,12,6,3,11,2,9,9,5,13,19,8,7,6,6,3,10,11,19,5,8,15,15,18,1,5,1,0,1,10,10,11,3,5,10,15,10,7,2,0,0,10,5,9,16,3,19,11,10,5,3,0,7,19,18,1,4,12,9,15,18,7,7,0,3,18,11,1,9,16,19,11,19,2",0.632969,0.29416537,0.7402528,3.0,0.044684947,68.39503,0.047633808,1.0,0.047633808,0.30901784,0.012867264,0.0,0.0,0.044684947,0.001759759,0.8612647,0.30901784,3.1407523,1.2807927,68.39503,0.632969,3.858793,214.60413,0.012530856,0.041736085,1.0,214.60413,0.2597472,0.13873532,3.1407523,0.001759759,0.013203674,0.29416537,0.0,1.2807927,3.858793,0.012530856,0.52209514,0.0,0.013203674,0.52209514,0.5869605,0.041736085,1.0,0.012867264,lookahead,fk_orig3_bm3-s0to100br3-s100to200br0
/work/T-REX/external/Proteina-Complexa/inference/search_binder_local_pipeline_32_PDL1_ALPHA_REPACK_v7_r005_cand_v7r005_hyp_0005_01_002_a224316cffb43/job_0_n_194_id_29_fk_orig0_bm3-s0to100br3-s100to200br1/job_0_n_194_id_29_fk_orig0_bm3-s0to100br3-s100to200br1.pdb,116,"2,0,13,16,19,16,19,14,11,3,10,18,19,19,6,18,7,15,2,12,16,9,6,4,11,13,14,19,6,11,5,10,3,10,0,0,10,9,19,18,17,6,12,6,3,11,2,9,9,5,13,19,8,7,6,6,3,10,11,19,5,8,15,15,18,1,5,1,0,1,10,10,11,3,5,10,15,10,7,2,0,0,10,5,9,16,3,19,11,10,5,3,0,7,19,18,1,4,12,9,15,18,7,7,0,3,18,11,1,9,16,19,11,19,2,0,16,16,16,11,15,3,18,15,19,19,6,7,15,3,10,16,10,6,4,16,15,16,15,16,0,15,19,16,17,5,7,14,1,2,19,6,13,18,7,6,11,2,7,2,16,18,16,10,16,10,14,15,19,16,16,11,3,15,7,6,17,1,4,11,15,3,7,11,19,10,0,16,0,5,19,16,19,15,0,0,0,0,0,0,0,0,0,0,0,0,0,0,0,0,0,0,0,0,0,0,0,0,0,0,0,0,0,0,0,0,0,0,0",0.58459735,0.33069557,0.753106,3.0,0.019527715,71.079704,0.022638053,1.0,0.022638053,0.38732308,0.0,0.0,0.0,0.019527715,0.018044146,0.78670496,0.38732308,2.0906143,1.5821903,71.079704,0.58459735,3.6866283,233.10973,0.0,0.016417375,1.0,233.10973,0.24689403,0.21329503,2.0906143,0.018044146,0.0,0.33069557,0.0,1.5821903,3.6866283,0.0,0.5645893,0.0,0.0,0.5645893,0.6335373,0.016417375,1.0,0.0,lookahead,fk_orig0_bm3-s0to100br3-s100to200br1
/work/T-REX/external/Proteina-Complexa/inference/search_binder_local_pipeline_32_PDL1_ALPHA_REPACK_v7_r005_cand_v7r005_hyp_0005_01_002_a224316cffb43/job_0_n_224_id_29_fk_orig1_bm3-s0to100br1-s100to200br1/job_0_n_224_id_29_fk_orig1_bm3-s0to100br1-s100to200br1.pdb,117,"2,0,13,16,19,16,19,14,11,3,10,18,19,19,6,18,7,15,2,12,16,9,6,4,11,13,14,19,6,11,5,10,3,10,0,0,10,9,19,18,17,6,12,6,3,11,2,9,9,5,13,19,8,7,6,6,3,10,11,19,5,8,15,15,18,1,5,1,0,1,10,10,11,3,5,10,15,10,7,2,0,0,10,5,9,16,3,19,11,10,5,3,0,7,19,18,1,4,12,9,15,18,7,7,0,3,18,11,1,9,16,19,11,19,2,0,15,19,16,19,14,11,3,10,18,19,19,6,6,7,15,15,19,16,10,6,4,11,14,15,11,5,10,3,10,15,11,10,15,19,10,17,11,7,14,2,3,11,10,9,9,5,13,19,8,7,6,6,2,14,3,5,8,15,15,18,11,7,1,0,11,10,10,16,2,2,2,18,0,10,6,9,15,2,10,11,10,15,3,15,7,19,18,6,4,10,19,15,3,7,15,7,10,11,3,0,11,9,16,10,11,19,2,0,0,0,0,0,0",0.57373357,0.4201542,0.80304414,3.0,0.00610918,104.93306,0.006318784,1.0,0.006318784,0.40666872,0.0,0.0,0.0,0.00610918,0.0056041325,0.7615694,0.40666872,11.258644,1.8751392,104.93306,0.57373357,4.1926847,257.3398,0.0,0.0058995755,1.0,257.3398,0.19695586,0.23843062,11.258644,0.0056041325,0.0,0.4201542,0.0,1.8751392,4.1926847,0.0,0.63694185,0.0,0.0,0.63694185,0.5598941,0.0058995755,1.0,0.0,lookahead,fk_orig1_bm3-s0to100br1-s100to200br1
/work/T-REX/external/Proteina-Complexa/inference/search_binder_local_pipeline_32_PDL1_ALPHA_REPACK_v7_r005_cand_v7r005_hyp_0005_01_002_a224316cffb43/job_0_n_180_id_29_fk_orig2_bm1-s0to100br0-s100to200br1/job_0_n_180_id_29_fk_orig2_bm1-s0to100br0-s100to200br1.pdb,118,"2,0,13,16,19,16,19,14,11,3,10,18,19,19,6,18,7,15,2,12,16,9,6,4,11,13,14,19,6,11,5,10,3,10,0,0,10,9,19,18,17,6,12,6,3,11,2,9,9,5,13,19,8,7,6,6,3,10,11,19,5,8,15,15,18,1,5,1,0,1,10,10,11,3,5,10,15,10,7,2,0,0,10,5,9,16,3,19,11,10,5,3,0,7,19,18,1,4,12,9,15,18,7,7,0,3,18,11,1,9,16,19,11,19,2,0,15,10,0,14,9,2,1,10,10,10,6,0,0,11,0,7,5,3,3,5,19,1,11,10,10,0,3,7,0,3,19,2,0,15,3,11,13,7,11,16,14,10,8,10,0,0,10,2,7,8,10,6,9,19,6,6,10,10,11,8,7,0,3,19,0,0,0,0,0,0,0,0,0,0,0,0,0,0,0,0,0,0,0,0,0,0,0,0,0,0,0,0,0,0,0,0,0,0,0,0,0,0,0,0,0,0,0,0,0,0,0,0,0",0.57412416,0.5362919,0.8337853,3.0,0.003334151,122.032486,0.006668302,1.0,0.006668302,0.4674818,0.0,0.0,0.0,0.003334151,0.0032349592,0.7830178,0.4674818,16.099077,1.3996183,122.032486,0.57412416,4.0834484,222.96259,0.0,0.0,1.0,222.96259,0.1662147,0.21698219,16.099077,0.0032349592,0.0,0.5362919,0.0,1.3996183,4.0834484,0.0,0.67988795,0.0,0.0,0.67988795,0.63964367,0.0,1.0,0.0,lookahead,fk_orig2_bm1-s0to100br0-s100to200br1
/work/T-REX/external/Proteina-Complexa/inference/search_binder_local_pipeline_32_PDL1_ALPHA_REPACK_v7_r005_cand_v7r005_hyp_0005_01_002_a224316cffb43/job_0_n_229_id_29_fk_orig3_bm3-s0to100br3-s100to200br1/job_0_n_229_id_29_fk_orig3_bm3-s0to100br3-s100to200br1.pdb,119,"2,0,13,16,19,16,19,14,11,3,10,18,19,19,6,18,7,15,2,12,16,9,6,4,11,13,14,19,6,11,5,10,3,10,0,0,10,9,19,18,17,6,12,6,3,11,2,9,9,5,13,19,8,7,6,6,3,10,11,19,5,8,15,15,18,1,5,1,0,1,10,10,11,3,5,10,15,10,7,2,0,0,10,5,9,16,3,19,11,10,5,3,0,7,19,18,1,4,12,9,15,18,7,7,0,3,18,11,1,9,16,19,11,19,2,0,13,16,19,16,19,14,11,3,10,18,19,19,6,18,7,15,2,12,16,9,6,4,11,13,14,19,6,11,5,10,3,10,0,0,10,9,19,18,17,6,12,6,3,11,2,9,9,5,13,19,8,7,6,6,3,10,11,19,5,8,15,15,18,1,5,1,0,1,10,10,11,3,5,10,15,10,7,2,0,0,10,5,9,16,3,19,11,10,5,3,0,7,19,18,1,4,12,9,15,18,7,7,0,3,18,11,1,9,16,19,11,19,2",0.62788427,0.30107263,0.7402152,3.0,0.0440193,70.43648,0.04658317,1.0,0.04658317,0.3114874,0.012190148,0.0,0.0,0.0440193,0.0017734797,0.8615976,0.3114874,2.9678562,1.2875849,70.43648,0.62788427,3.8741395,209.93279,0.011977733,0.041455433,1.0,209.93279,0.2597848,0.13840239,2.9678562,0.0017734797,0.012402563,0.30107263,0.0,1.2875849,3.8741395,0.011977733,0.5264577,0.0,0.012402563,0.5264577,0.5869366,0.041455433,1.0,0.012190148,lookahead,fk_orig3_bm3-s0to100br3-s100to200br1
/work/T-REX/external/Proteina-Complexa/inference/search_binder_local_pipeline_32_PDL1_ALPHA_REPACK_v7_r005_cand_v7r005_hyp_0005_01_002_a224316cffb43/job_0_n_194_id_30_fk_orig0_bm3-s0to100br3-s100to200br2/job_0_n_194_id_30_fk_orig0_bm3-s0to100br3-s100to200br2.pdb,120,"2,0,13,16,19,16,19,14,11,3,10,18,19,19,6,18,7,15,2,12,16,9,6,4,11,13,14,19,6,11,5,10,3,10,0,0,10,9,19,18,17,6,12,6,3,11,2,9,9,5,13,19,8,7,6,6,3,10,11,19,5,8,15,15,18,1,5,1,0,1,10,10,11,3,5,10,15,10,7,2,0,0,10,5,9,16,3,19,11,10,5,3,0,7,19,18,1,4,12,9,15,18,7,7,0,3,18,11,1,9,16,19,11,19,2,0,1,13,16,11,14,15,18,15,10,11,6,7,6,16,10,1,10,6,4,5,0,15,6,16,7,11,19,19,13,19,7,14,1,2,19,1,13,18,14,11,5,6,7,3,11,17,19,10,6,10,14,15,19,16,11,11,3,0,7,6,17,11,4,10,10,2,3,11,6,19,3,1,0,5,19,15,19,10,0,0,0,0,0,0,0,0,0,0,0,0,0,0,0,0,0,0,0,0,0,0,0,0,0,0,0,0,0,0,0,0,0,0,0",0.6151632,0.36019066,0.805015,3.0,0.0062834243,73.256714,0.006488756,1.0,0.006488756,0.39928138,0.0,0.0,0.0,0.0062834243,0.0028472345,0.8063826,0.39928138,4.423168,1.558041,73.256714,0.6151632,3.9072351,222.60727,0.0,0.006078093,1.0,222.60727,0.19498497,0.19361739,4.423168,0.0028472345,0.0,0.36019066,0.0,1.558041,3.9072351,0.0,0.5986427,0.0,0.0,0.5986427,0.61194086,0.006078093,1.0,0.0,lookahead,fk_orig0_bm3-s0to100br3-s100to200br2
/work/T-REX/external/Proteina-Complexa/inference/search_binder_local_pipeline_32_PDL1_ALPHA_REPACK_v7_r005_cand_v7r005_hyp_0005_01_002_a224316cffb43/job_0_n_224_id_30_fk_orig1_bm3-s0to100br1-s100to200br2/job_0_n_224_id_30_fk_orig1_bm3-s0to100br1-s100to200br2.pdb,121,"2,0,13,16,19,16,19,14,11,3,10,18,19,19,6,18,7,15,2,12,16,9,6,4,11,13,14,19,6,11,5,10,3,10,0,0,10,9,19,18,17,6,12,6,3,11,2,9,9,5,13,19,8,7,6,6,3,10,11,19,5,8,15,15,18,1,5,1,0,1,10,10,11,3,5,10,15,10,7,2,0,0,10,5,9,16,3,19,11,10,5,3,0,7,19,18,1,4,12,9,15,18,7,7,0,3,18,11,1,9,16,19,11,19,2,0,0,19,16,19,14,11,14,15,18,16,0,5,6,7,0,15,19,9,10,6,4,11,14,15,1,16,10,3,10,15,16,10,16,19,16,17,11,7,14,2,3,19,16,19,10,16,18,15,14,15,15,7,5,5,19,14,15,15,3,13,11,7,1,0,11,10,10,15,19,6,2,14,15,10,5,10,15,2,10,1,19,15,3,15,7,19,18,6,4,10,9,7,3,6,11,7,10,15,15,0,11,9,16,10,16,19,16,6,0,0,0,0,0",0.52305657,0.11458479,0.35681558,3.0,0.26875696,55.72074,0.27405706,1.0,0.27405706,0.19316809,0.2682088,0.0,0.0,0.26875696,0.0015901692,0.90336937,0.19316809,1.9484699,1.4500668,55.72074,0.52305657,3.1275618,184.51765,0.26296312,0.26345685,1.0,184.51765,0.6431844,0.096630625,1.9484699,0.0015901692,0.27345446,0.11458479,0.0,1.4500668,3.1275618,0.26296312,0.28092375,0.0,0.27345446,0.28092375,0.77856123,0.26345685,1.0,0.2682088,lookahead,fk_orig1_bm3-s0to100br1-s100to200br2
/work/T-REX/external/Proteina-Complexa/inference/search_binder_local_pipeline_32_PDL1_ALPHA_REPACK_v7_r005_cand_v7r005_hyp_0005_01_002_a224316cffb43/job_0_n_180_id_30_fk_orig2_bm1-s0to100br0-s100to200br2/job_0_n_180_id_30_fk_orig2_bm1-s0to100br0-s100to200br2.pdb,122,"2,0,13,16,19,16,19,14,11,3,10,18,19,19,6,18,7,15,2,12,16,9,6,4,11,13,14,19,6,11,5,10,3,10,0,0,10,9,19,18,17,6,12,6,3,11,2,9,9,5,13,19,8,7,6,6,3,10,11,19,5,8,15,15,18,1,5,1,0,1,10,10,11,3,5,10,15,10,7,2,0,0,10,5,9,16,3,19,11,10,5,3,0,7,19,18,1,4,12,9,15,18,7,7,0,3,18,11,1,9,16,19,11,19,2,0,15,12,16,14,15,3,1,10,10,10,6,0,0,11,0,7,5,3,3,5,19,1,11,10,10,0,3,7,0,3,19,2,0,15,3,1,13,7,11,16,0,10,8,10,0,0,3,2,7,8,10,6,9,19,6,6,10,10,11,8,7,0,3,19,0,0,0,0,0,0,0,0,0,0,0,0,0,0,0,0,0,0,0,0,0,0,0,0,0,0,0,0,0,0,0,0,0,0,0,0,0,0,0,0,0,0,0,0,0,0,0,0,0",0.5574014,0.3499371,0.71706635,3.0,0.026461836,135.5824,0.046686828,1.0,0.046686828,0.41335294,0.0066045406,0.0,0.0,0.026461836,0.014300187,0.6647513,0.41335294,16.304142,2.153851,135.5824,0.5574014,3.7805438,329.0052,0.0,0.0062368447,1.0,329.0052,0.28293365,0.3352487,16.304142,0.014300187,0.013209081,0.3499371,0.0,2.153851,3.7805438,0.0,0.54466,0.0,0.013209081,0.54466,0.67745787,0.0062368447,1.0,0.0066045406,lookahead,fk_orig2_bm1-s0to100br0-s100to200br2
/work/T-REX/external/Proteina-Complexa/inference/search_binder_local_pipeline_32_PDL1_ALPHA_REPACK_v7_r005_cand_v7r005_hyp_0005_01_002_a224316cffb43/job_0_n_229_id_30_fk_orig3_bm3-s0to100br3-s100to200br2/job_0_n_229_id_30_fk_orig3_bm3-s0to100br3-s100to200br2.pdb,123,"2,0,13,16,19,16,19,14,11,3,10,18,19,19,6,18,7,15,2,12,16,9,6,4,11,13,14,19,6,11,5,10,3,10,0,0,10,9,19,18,17,6,12,6,3,11,2,9,9,5,13,19,8,7,6,6,3,10,11,19,5,8,15,15,18,1,5,1,0,1,10,10,11,3,5,10,15,10,7,2,0,0,10,5,9,16,3,19,11,10,5,3,0,7,19,18,1,4,12,9,15,18,7,7,0,3,18,11,1,9,16,19,11,19,2,0,13,16,19,16,19,14,11,3,10,18,19,19,6,18,7,15,2,12,16,9,6,4,11,13,14,19,6,11,5,10,3,10,0,0,10,9,19,18,17,6,12,6,3,11,2,9,9,5,13,19,8,7,6,6,3,10,11,19,5,8,15,15,18,1,5,1,0,1,10,10,11,3,5,10,15,10,7,2,0,0,10,5,9,16,3,19,11,10,5,3,0,7,19,18,1,4,12,9,15,18,7,7,0,3,18,11,1,9,16,19,11,19,2",0.6226047,0.30669034,0.7457134,3.0,0.03924366,70.17389,0.04240338,1.0,0.04240338,0.3162575,0.011792405,0.0,0.0,0.03924366,0.0018056214,0.8611705,0.3162575,3.225245,1.290881,70.17389,0.6226047,3.89431,212.35327,0.01159475,0.036083944,1.0,212.35327,0.2542866,0.13882953,3.225245,0.0018056214,0.011990058,0.30669034,0.0,1.290881,3.89431,0.01159475,0.535209,0.0,0.011990058,0.535209,0.5840483,0.036083944,1.0,0.011792405,lookahead,fk_orig3_bm3-s0to100br3-s100to200br2
/work/T-REX/external/Proteina-Complexa/inference/search_binder_local_pipeline_32_PDL1_ALPHA_REPACK_v7_r005_cand_v7r005_hyp_0005_01_002_a224316cffb43/job_0_n_194_id_31_fk_orig0_bm3-s0to100br3-s100to200br3/job_0_n_194_id_31_fk_orig0_bm3-s0to100br3-s100to200br3.pdb,124,"2,0,13,16,19,16,19,14,11,3,10,18,19,19,6,18,7,15,2,12,16,9,6,4,11,13,14,19,6,11,5,10,3,10,0,0,10,9,19,18,17,6,12,6,3,11,2,9,9,5,13,19,8,7,6,6,3,10,11,19,5,8,15,15,18,1,5,1,0,1,10,10,11,3,5,10,15,10,7,2,0,0,10,5,9,16,3,19,11,10,5,3,0,7,19,18,1,4,12,9,15,18,7,7,0,3,18,11,1,9,16,19,11,19,2,0,16,10,16,11,11,10,18,15,10,16,6,7,0,16,10,16,10,11,4,11,15,15,15,15,11,16,19,19,13,19,7,14,1,2,19,1,13,18,7,5,1,5,7,3,3,17,19,10,6,10,14,15,19,16,16,7,3,15,7,6,17,11,4,6,19,3,7,5,19,10,3,16,0,5,19,2,19,10,0,0,0,0,0,0,0,0,0,0,0,0,0,0,0,0,0,0,0,0,0,0,0,0,0,0,0,0,0,0,0,0,0,0,0",0.6167281,0.30769378,0.7794698,3.0,0.013750104,48.779606,0.021259043,1.0,0.021259043,0.3770793,0.005861758,0.0,0.0,0.013750104,0.0017644778,0.821877,0.3770793,3.289327,1.4762836,48.779606,0.6167281,3.7288945,224.33965,0.0,0.006241166,1.0,224.33965,0.22053021,0.17812301,3.289327,0.0017644778,0.011723516,0.30769378,0.0,1.4762836,3.7288945,0.0,0.56622666,0.0,0.011723516,0.56622666,0.62488526,0.006241166,1.0,0.005861758,lookahead,fk_orig0_bm3-s0to100br3-s100to200br3
/work/T-REX/external/Proteina-Complexa/inference/search_binder_local_pipeline_32_PDL1_ALPHA_REPACK_v7_r005_cand_v7r005_hyp_0005_01_002_a224316cffb43/job_0_n_224_id_31_fk_orig1_bm3-s0to100br1-s100to200br3/job_0_n_224_id_31_fk_orig1_bm3-s0to100br1-s100to200br3.pdb,125,"2,0,13,16,19,16,19,14,11,3,10,18,19,19,6,18,7,15,2,12,16,9,6,4,11,13,14,19,6,11,5,10,3,10,0,0,10,9,19,18,17,6,12,6,3,11,2,9,9,5,13,19,8,7,6,6,3,10,11,19,5,8,15,15,18,1,5,1,0,1,10,10,11,3,5,10,15,10,7,2,0,0,10,5,9,16,3,19,11,10,5,3,0,7,19,18,1,4,12,9,15,18,7,7,0,3,18,11,1,9,16,19,11,19,2,0,15,19,16,19,14,11,3,10,18,19,19,6,6,7,15,2,19,16,10,6,4,11,14,15,11,5,10,3,10,15,16,10,15,19,10,17,11,7,14,6,3,11,2,19,9,8,13,19,2,7,6,6,10,11,19,5,8,15,15,18,1,5,1,0,1,10,10,11,2,2,2,13,0,10,5,9,16,3,10,11,10,15,3,15,7,19,18,16,4,10,9,15,3,15,2,7,9,0,3,0,11,9,16,10,11,19,2,0,0,0,0,0,0",0.5697586,0.39249706,0.77964836,3.0,0.0104582505,118.88228,0.014311624,1.0,0.014311624,0.37757128,0.0,0.0,0.0,0.0104582505,0.0032836767,0.80613786,0.37757128,12.473849,1.6177934,118.88228,0.5697586,4.134755,241.86505,0.0,0.0066048778,1.0,241.86505,0.22035165,0.19386216,12.473849,0.0032836767,0.0,0.39249706,0.0,1.6177934,4.134755,0.0,0.6101722,0.0,0.0,0.6101722,0.5710229,0.0066048778,1.0,0.0,lookahead,fk_orig1_bm3-s0to100br1-s100to200br3
/work/T-REX/external/Proteina-Complexa/inference/search_binder_local_pipeline_32_PDL1_ALPHA_REPACK_v7_r005_cand_v7r005_hyp_0005_01_002_a224316cffb43/job_0_n_180_id_31_fk_orig2_bm1-s0to100br0-s100to200br3/job_0_n_180_id_31_fk_orig2_bm1-s0to100br0-s100to200br3.pdb,126,"2,0,13,16,19,16,19,14,11,3,10,18,19,19,6,18,7,15,2,12,16,9,6,4,11,13,14,19,6,11,5,10,3,10,0,0,10,9,19,18,17,6,12,6,3,11,2,9,9,5,13,19,8,7,6,6,3,10,11,19,5,8,15,15,18,1,5,1,0,1,10,10,11,3,5,10,15,10,7,2,0,0,10,5,9,16,3,19,11,10,5,3,0,7,19,18,1,4,12,9,15,18,7,7,0,3,18,11,1,9,16,19,11,19,2,0,7,10,16,19,12,7,1,13,10,10,6,0,0,11,0,7,5,10,3,19,19,1,11,10,10,0,3,7,0,3,19,2,0,15,3,11,13,7,11,16,0,10,8,10,0,0,3,2,7,8,10,6,9,19,6,6,10,10,11,8,7,0,3,19,0,0,0,0,0,0,0,0,0,0,0,0,0,0,0,0,0,0,0,0,0,0,0,0,0,0,0,0,0,0,0,0,0,0,0,0,0,0,0,0,0,0,0,0,0,0,0,0,0",0.62848055,0.22557698,0.63791263,3.0,0.08432323,103.532074,0.094897,1.0,0.094897,0.29261625,0.019793037,0.0,0.0,0.08432323,0.0028084358,0.84585863,0.29261625,10.269088,1.408912,103.532074,0.62848055,3.2757366,206.3119,0.0142642725,0.07374945,1.0,206.3119,0.36208737,0.15414137,10.269088,0.0028084358,0.0253218,0.22557698,0.0,1.408912,3.2757366,0.0142642725,0.41271165,0.0,0.0253218,0.41271165,0.7019607,0.07374945,1.0,0.019793037,lookahead,fk_orig2_bm1-s0to100br0-s100to200br3
/work/T-REX/external/Proteina-Complexa/inference/search_binder_local_pipeline_32_PDL1_ALPHA_REPACK_v7_r005_cand_v7r005_hyp_0005_01_002_a224316cffb43/job_0_n_229_id_31_fk_orig3_bm3-s0to100br3-s100to200br3/job_0_n_229_id_31_fk_orig3_bm3-s0to100br3-s100to200br3.pdb,127,"2,0,13,16,19,16,19,14,11,3,10,18,19,19,6,18,7,15,2,12,16,9,6,4,11,13,14,19,6,11,5,10,3,10,0,0,10,9,19,18,17,6,12,6,3,11,2,9,9,5,13,19,8,7,6,6,3,10,11,19,5,8,15,15,18,1,5,1,0,1,10,10,11,3,5,10,15,10,7,2,0,0,10,5,9,16,3,19,11,10,5,3,0,7,19,18,1,4,12,9,15,18,7,7,0,3,18,11,1,9,16,19,11,19,2,0,13,16,19,16,19,14,11,3,10,18,19,19,6,18,7,15,2,12,16,9,6,4,11,13,14,19,6,11,5,10,3,10,0,0,10,9,19,18,17,6,12,6,3,11,2,9,9,5,13,19,8,7,6,6,3,10,11,19,5,8,15,15,18,1,5,1,0,1,10,10,11,3,5,10,15,10,7,2,0,0,10,5,9,16,3,19,11,10,5,3,0,7,19,18,1,4,12,9,15,18,7,7,0,3,18,11,1,9,16,19,11,19,2",0.63054585,0.2984195,0.7432678,3.0,0.042632572,70.92648,0.044353645,1.0,0.044353645,0.31157708,0.012458254,0.0,0.0,0.042632572,0.0017763134,0.861031,0.31157708,3.0609763,1.2838938,70.92648,0.63054585,3.8727818,210.90964,0.01210773,0.040911503,1.0,210.90964,0.25673223,0.138969,3.0609763,0.0017763134,0.012808776,0.2984195,0.0,1.2838938,3.8727818,0.01210773,0.5269884,0.0,0.012808776,0.5269884,0.5853802,0.040911503,1.0,0.012458254,lookahead,fk_orig3_bm3-s0to100br3-s100to200br3
/work/T-REX/external/Proteina-Complexa/inference/search_binder_local_pipeline_32_PDL1_ALPHA_REPACK_v7_r005_cand_v7r005_hyp_0005_01_002_a224316cffb43/job_0_n_194_id_32_fk_orig0_bm2-s0to100br3-s100to200br2-s200to300br0/job_0_n_194_id_32_fk_orig0_bm2-s0to100br3-s100to200br2-s200to300br0.pdb,128,"2,0,13,16,19,16,19,14,11,3,10,18,19,19,6,18,7,15,2,12,16,9,6,4,11,13,14,19,6,11,5,10,3,10,0,0,10,9,19,18,17,6,12,6,3,11,2,9,9,5,13,19,8,7,6,6,3,10,11,19,5,8,15,15,18,1,5,1,0,1,10,10,11,3,5,10,15,10,7,2,0,0,10,5,9,16,3,19,11,10,5,3,0,7,19,18,1,4,12,9,15,18,7,7,0,3,18,11,1,9,16,19,11,19,2,0,15,11,6,3,6,6,13,10,0,0,10,11,0,7,3,19,3,11,10,7,15,13,15,1,15,3,15,6,10,7,11,10,0,1,6,19,13,7,0,7,11,19,2,0,5,3,11,3,7,11,16,10,10,8,10,0,19,3,10,7,0,6,6,4,19,11,13,13,10,11,17,7,0,3,14,2,9,19,0,0,0,0,0,0,0,0,0,0,0,0,0,0,0,0,0,0,0,0,0,0,0,0,0,0,0,0,0,0,0,0,0,0,0",0.6056021,0.41026115,0.8072064,3.0,0.0076943245,123.51893,0.009709763,1.0,0.009709763,0.40700597,0.0,0.0,0.0,0.0076943245,0.0032901345,0.78540564,0.40700597,15.938133,1.6879461,123.51893,0.6056021,4.0400805,281.72046,0.0,0.0056788856,1.0,281.72046,0.19279362,0.21459438,15.938133,0.0032901345,0.0,0.41026115,0.0,1.6879461,4.0400805,0.0,0.6129018,0.0,0.0,0.6129018,0.6160064,0.0056788856,1.0,0.0,lookahead,fk_orig0_bm2-s0to100br3-s100to200br2-s200to300br0
/work/T-REX/external/Proteina-Complexa/inference/search_binder_local_pipeline_32_PDL1_ALPHA_REPACK_v7_r005_cand_v7r005_hyp_0005_01_002_a224316cffb43/job_0_n_224_id_32_fk_orig1_bm3-s0to100br1-s100to200br1-s200to300br0/job_0_n_224_id_32_fk_orig1_bm3-s0to100br1-s100to200br1-s200to300br0.pdb,129,"2,0,13,16,19,16,19,14,11,3,10,18,19,19,6,18,7,15,2,12,16,9,6,4,11,13,14,19,6,11,5,10,3,10,0,0,10,9,19,18,17,6,12,6,3,11,2,9,9,5,13,19,8,7,6,6,3,10,11,19,5,8,15,15,18,1,5,1,0,1,10,10,11,3,5,10,15,10,7,2,0,0,10,5,9,16,3,19,11,10,5,3,0,7,19,18,1,4,12,9,15,18,7,7,0,3,18,11,1,9,16,19,11,19,2,0,15,19,16,19,14,11,3,10,18,19,19,6,6,7,15,16,19,16,10,6,4,11,14,15,11,5,19,3,10,15,11,10,15,19,10,17,11,7,14,2,3,11,2,9,9,5,13,19,2,7,6,6,10,2,19,5,8,15,15,18,11,7,1,0,1,10,10,16,15,2,2,18,15,10,5,9,16,2,19,11,10,15,3,15,7,19,18,16,4,9,9,15,3,7,2,15,10,11,3,0,11,9,16,10,11,19,2,0,0,0,0,0,0",0.542433,0.22534072,0.5694933,3.0,0.120455794,61.51546,0.1250178,1.0,0.1250178,0.2906908,0.033085935,0.0,0.0,0.120455794,0.0050850096,0.821586,0.2906908,4.290046,1.7098715,61.51546,0.542433,3.642575,218.36076,0.025004629,0.11589378,1.0,218.36076,0.4305067,0.17841396,4.290046,0.0050850096,0.041167237,0.22534072,0.0,1.7098715,3.642575,0.025004629,0.43226275,0.0,0.041167237,0.43226275,0.6716485,0.11589378,1.0,0.033085935,lookahead,fk_orig1_bm3-s0to100br1-s100to200br1-s200to300br0
/work/T-REX/external/Proteina-Complexa/inference/search_binder_local_pipeline_32_PDL1_ALPHA_REPACK_v7_r005_cand_v7r005_hyp_0005_01_002_a224316cffb43/job_0_n_180_id_32_fk_orig2_bm0-s0to100br1-s100to200br0-s200to300br0/job_0_n_180_id_32_fk_orig2_bm0-s0to100br1-s100to200br0-s200to300br0.pdb,130,"2,0,13,16,19,16,19,14,11,3,10,18,19,19,6,18,7,15,2,12,16,9,6,4,11,13,14,19,6,11,5,10,3,10,0,0,10,9,19,18,17,6,12,6,3,11,2,9,9,5,13,19,8,7,6,6,3,10,11,19,5,8,15,15,18,1,5,1,0,1,10,10,11,3,5,10,15,10,7,2,0,0,10,5,9,16,3,19,11,10,5,3,0,7,19,18,1,4,12,9,15,18,7,7,0,3,18,11,1,9,16,19,11,19,2,0,15,6,9,6,19,10,11,3,11,10,6,7,6,6,6,13,11,11,7,2,10,6,6,0,6,11,10,18,6,11,0,13,11,7,18,10,6,10,7,10,10,3,6,0,6,11,19,10,6,6,10,15,11,19,18,5,11,10,7,11,6,14,14,14,0,0,0,0,0,0,0,0,0,0,0,0,0,0,0,0,0,0,0,0,0,0,0,0,0,0,0,0,0,0,0,0,0,0,0,0,0,0,0,0,0,0,0,0,0,0,0,0,0",0.6420611,0.06489575,0.24023974,3.0,0.4749807,48.22719,0.56456316,1.0,0.56456316,0.1556157,0.4749807,0.0,0.0,0.4749807,0.01969412,0.9109667,0.1556157,1.9911861,1.4951265,48.22719,0.6420611,2.4909844,141.52615,0.38539824,0.38539824,1.0,141.52615,0.75976026,0.08903329,1.9911861,0.01969412,0.56456316,0.06489575,0.0,1.4951265,2.4909844,0.38539824,0.19327924,0.0,0.56456316,0.19327924,0.853781,0.38539824,1.0,0.4749807,lookahead,fk_orig2_bm0-s0to100br1-s100to200br0-s200to300br0
/work/T-REX/external/Proteina-Complexa/inference/search_binder_local_pipeline_32_PDL1_ALPHA_REPACK_v7_r005_cand_v7r005_hyp_0005_01_002_a224316cffb43/job_0_n_229_id_32_fk_orig3_bm3-s0to100br3-s100to200br1-s200to300br0/job_0_n_229_id_32_fk_orig3_bm3-s0to100br3-s100to200br1-s200to300br0.pdb,131,"2,0,13,16,19,16,19,14,11,3,10,18,19,19,6,18,7,15,2,12,16,9,6,4,11,13,14,19,6,11,5,10,3,10,0,0,10,9,19,18,17,6,12,6,3,11,2,9,9,5,13,19,8,7,6,6,3,10,11,19,5,8,15,15,18,1,5,1,0,1,10,10,11,3,5,10,15,10,7,2,0,0,10,5,9,16,3,19,11,10,5,3,0,7,19,18,1,4,12,9,15,18,7,7,0,3,18,11,1,9,16,19,11,19,2,0,13,16,19,16,19,14,11,3,10,18,19,19,6,18,7,15,2,12,16,9,6,4,11,13,14,19,6,11,5,10,3,10,0,0,10,9,19,18,17,6,12,6,3,11,2,9,9,5,13,19,8,7,6,6,3,10,11,19,5,8,15,15,18,1,5,1,0,1,10,10,11,3,5,10,15,10,7,2,0,0,10,5,9,16,3,19,11,10,5,3,0,7,19,18,1,4,12,9,15,18,7,7,0,3,18,11,1,9,16,19,11,19,2",0.6241953,0.30132306,0.73931086,3.0,0.042932734,69.28804,0.04541601,1.0,0.04541601,0.31212372,0.012073854,0.0,0.0,0.042932734,0.0017743548,0.8617343,0.31212372,3.073527,1.28624,69.28804,0.6241953,3.875046,213.95804,0.011873564,0.040449463,1.0,213.95804,0.26068917,0.13826576,3.073527,0.0017743548,0.012274143,0.30132306,0.0,1.28624,3.875046,0.011873564,0.5277038,0.0,0.012274143,0.5277038,0.5871862,0.040449463,1.0,0.012073854,lookahead,fk_orig3_bm3-s0to100br3-s100to200br1-s200to300br0
/work/T-REX/external/Proteina-Complexa/inference/search_binder_local_pipeline_32_PDL1_ALPHA_REPACK_v7_r005_cand_v7r005_hyp_0005_01_002_a224316cffb43/job_0_n_194_id_33_fk_orig0_bm2-s0to100br3-s100to200br2-s200to300br1/job_0_n_194_id_33_fk_orig0_bm2-s0to100br3-s100to200br2-s200to300br1.pdb,132,"2,0,13,16,19,16,19,14,11,3,10,18,19,19,6,18,7,15,2,12,16,9,6,4,11,13,14,19,6,11,5,10,3,10,0,0,10,9,19,18,17,6,12,6,3,11,2,9,9,5,13,19,8,7,6,6,3,10,11,19,5,8,15,15,18,1,5,1,0,1,10,10,11,3,5,10,15,10,7,2,0,0,10,5,9,16,3,19,11,10,5,3,0,7,19,18,1,4,12,9,15,18,7,7,0,3,18,11,1,9,16,19,11,19,2,0,15,11,10,6,5,6,13,10,6,0,10,11,0,7,3,19,3,11,9,7,5,13,15,5,15,2,3,6,9,7,9,10,12,1,6,10,13,7,0,7,11,19,2,0,5,3,11,2,7,11,16,10,13,8,10,0,19,6,19,7,0,6,6,19,19,11,13,10,10,11,17,7,0,3,14,2,9,19,0,0,0,0,0,0,0,0,0,0,0,0,0,0,0,0,0,0,0,0,0,0,0,0,0,0,0,0,0,0,0,0,0,0,0",0.6116708,0.38070443,0.77529454,3.0,0.017650036,123.94147,0.029158948,1.0,0.029158948,0.4046652,0.0,0.0,0.0,0.017650036,0.0038048283,0.6931802,0.4046652,15.139369,2.10345,123.94147,0.6116708,3.9370453,279.71353,0.0,0.0061411243,1.0,279.71353,0.22470549,0.30681977,15.139369,0.0038048283,0.0,0.38070443,0.0,2.10345,3.9370453,0.0,0.568921,0.0,0.0,0.568921,0.6260679,0.0061411243,1.0,0.0,lookahead,fk_orig0_bm2-s0to100br3-s100to200br2-s200to300br1
/work/T-REX/external/Proteina-Complexa/inference/search_binder_local_pipeline_32_PDL1_ALPHA_REPACK_v7_r005_cand_v7r005_hyp_0005_01_002_a224316cffb43/job_0_n_224_id_33_fk_orig1_bm3-s0to100br1-s100to200br1-s200to300br1/job_0_n_224_id_33_fk_orig1_bm3-s0to100br1-s100to200br1-s200to300br1.pdb,133,"2,0,13,16,19,16,19,14,11,3,10,18,19,19,6,18,7,15,2,12,16,9,6,4,11,13,14,19,6,11,5,10,3,10,0,0,10,9,19,18,17,6,12,6,3,11,2,9,9,5,13,19,8,7,6,6,3,10,11,19,5,8,15,15,18,1,5,1,0,1,10,10,11,3,5,10,15,10,7,2,0,0,10,5,9,16,3,19,11,10,5,3,0,7,19,18,1,4,12,9,15,18,7,7,0,3,18,11,1,9,16,19,11,19,2,0,16,19,16,19,14,11,3,10,18,19,0,6,6,7,15,2,19,16,10,6,4,11,14,15,11,5,19,3,10,15,15,10,15,19,10,17,11,7,14,2,3,11,10,9,9,5,13,19,2,7,6,6,10,11,19,5,8,15,15,18,1,5,1,0,1,10,10,16,2,2,2,13,0,10,6,9,16,2,10,11,10,15,3,15,7,19,18,6,4,10,19,15,3,7,2,15,9,0,3,0,11,9,16,10,11,19,2,0,0,0,0,0,0",0.5723591,0.41816255,0.8046541,3.0,0.005857499,122.489136,0.006152403,1.0,0.006152403,0.4000187,0.0,0.0,0.0,0.005857499,0.0042570704,0.78171283,0.4000187,14.295452,1.7528405,122.489136,0.5723591,4.2120104,248.18826,0.0,0.0055625946,1.0,248.18826,0.19534585,0.21828716,14.295452,0.0042570704,0.0,0.41816255,0.0,1.7528405,4.2120104,0.0,0.6404796,0.0,0.0,0.6404796,0.5586589,0.0055625946,1.0,0.0,lookahead,fk_orig1_bm3-s0to100br1-s100to200br1-s200to300br1
/work/T-REX/external/Proteina-Complexa/inference/search_binder_local_pipeline_32_PDL1_ALPHA_REPACK_v7_r005_cand_v7r005_hyp_0005_01_002_a224316cffb43/job_0_n_180_id_33_fk_orig2_bm0-s0to100br1-s100to200br0-s200to300br1/job_0_n_180_id_33_fk_orig2_bm0-s0to100br1-s100to200br0-s200to300br1.pdb,134,"2,0,13,16,19,16,19,14,11,3,10,18,19,19,6,18,7,15,2,12,16,9,6,4,11,13,14,19,6,11,5,10,3,10,0,0,10,9,19,18,17,6,12,6,3,11,2,9,9,5,13,19,8,7,6,6,3,10,11,19,5,8,15,15,18,1,5,1,0,1,10,10,11,3,5,10,15,10,7,2,0,0,10,5,9,16,3,19,11,10,5,3,0,7,19,18,1,4,12,9,15,18,7,7,0,3,18,11,1,9,16,19,11,19,2,0,15,6,9,6,0,10,11,13,11,10,6,7,1,6,6,13,2,11,7,2,10,6,6,0,6,11,10,18,5,11,0,13,6,7,18,11,6,10,7,2,10,0,6,0,6,11,19,1,2,6,10,19,11,19,18,11,11,10,7,11,6,14,14,15,0,0,0,0,0,0,0,0,0,0,0,0,0,0,0,0,0,0,0,0,0,0,0,0,0,0,0,0,0,0,0,0,0,0,0,0,0,0,0,0,0,0,0,0,0,0,0,0,0",0.6740978,0.05657377,0.2045691,3.0,0.54318494,31.230534,0.6433671,1.0,0.6433671,0.14221579,0.54318494,0.0,0.0,0.54318494,0.009310067,0.92614174,0.14221579,1.7733411,1.3902339,31.230534,0.6740978,2.3500454,134.70872,0.44300273,0.44300273,1.0,134.70872,0.7954309,0.07385829,1.7733411,0.009310067,0.6433671,0.05657377,0.0,1.3902339,2.3500454,0.44300273,0.17594081,0.0,0.6433671,0.17594081,0.8644616,0.44300273,1.0,0.54318494,lookahead,fk_orig2_bm0-s0to100br1-s100to200br0-s200to300br1
/work/T-REX/external/Proteina-Complexa/inference/search_binder_local_pipeline_32_PDL1_ALPHA_REPACK_v7_r005_cand_v7r005_hyp_0005_01_002_a224316cffb43/job_0_n_229_id_33_fk_orig3_bm3-s0to100br3-s100to200br1-s200to300br1/job_0_n_229_id_33_fk_orig3_bm3-s0to100br3-s100to200br1-s200to300br1.pdb,135,"2,0,13,16,19,16,19,14,11,3,10,18,19,19,6,18,7,15,2,12,16,9,6,4,11,13,14,19,6,11,5,10,3,10,0,0,10,9,19,18,17,6,12,6,3,11,2,9,9,5,13,19,8,7,6,6,3,10,11,19,5,8,15,15,18,1,5,1,0,1,10,10,11,3,5,10,15,10,7,2,0,0,10,5,9,16,3,19,11,10,5,3,0,7,19,18,1,4,12,9,15,18,7,7,0,3,18,11,1,9,16,19,11,19,2,0,13,16,19,16,19,14,11,3,10,18,19,19,6,18,7,15,2,12,16,9,6,4,11,13,14,19,6,11,5,10,3,10,0,0,10,9,19,18,17,6,12,6,3,11,2,9,9,5,13,19,8,7,6,6,3,10,11,19,5,8,15,15,18,1,5,1,0,1,10,10,11,3,5,10,15,10,7,2,0,0,10,5,9,16,3,19,11,10,5,3,0,7,19,18,1,4,12,9,15,18,7,7,0,3,18,11,1,9,16,19,11,19,2",0.6268453,0.2976702,0.735943,3.0,0.046426237,69.161385,0.048326977,1.0,0.048326977,0.30956513,0.012276521,0.0,0.0,0.046426237,0.0017545065,0.86290133,0.30956513,3.0691566,1.2828125,69.161385,0.6268453,3.8645077,210.64961,0.012065992,0.044525497,1.0,210.64961,0.26405698,0.1370987,3.0691566,0.0017545065,0.012487051,0.2976702,0.0,1.2828125,3.8645077,0.012065992,0.52349544,0.0,0.012487051,0.52349544,0.5892174,0.044525497,1.0,0.012276521,lookahead,fk_orig3_bm3-s0to100br3-s100to200br1-s200to300br1
/work/T-REX/external/Proteina-Complexa/inference/search_binder_local_pipeline_32_PDL1_ALPHA_REPACK_v7_r005_cand_v7r005_hyp_0005_01_002_a224316cffb43/job_0_n_194_id_34_fk_orig0_bm2-s0to100br3-s100to200br2-s200to300br2/job_0_n_194_id_34_fk_orig0_bm2-s0to100br3-s100to200br2-s200to300br2.pdb,136,"2,0,13,16,19,16,19,14,11,3,10,18,19,19,6,18,7,15,2,12,16,9,6,4,11,13,14,19,6,11,5,10,3,10,0,0,10,9,19,18,17,6,12,6,3,11,2,9,9,5,13,19,8,7,6,6,3,10,11,19,5,8,15,15,18,1,5,1,0,1,10,10,11,3,5,10,15,10,7,2,0,0,10,5,9,16,3,19,11,10,5,3,0,7,19,18,1,4,12,9,15,18,7,7,0,3,18,11,1,9,16,19,11,19,2,0,15,15,3,6,11,6,13,10,6,0,10,11,0,7,3,19,3,11,19,7,5,13,15,11,19,3,15,6,9,7,11,10,4,1,6,19,13,7,0,7,11,19,2,0,5,3,11,3,7,11,16,10,10,8,10,0,0,2,19,7,0,6,6,12,19,11,13,10,10,11,17,7,0,3,14,2,9,19,0,0,0,0,0,0,0,0,0,0,0,0,0,0,0,0,0,0,0,0,0,0,0,0,0,0,0,0,0,0,0,0,0,0,0",0.6192186,0.34464607,0.77474487,3.0,0.017512562,124.40013,0.025653018,1.0,0.025653018,0.37682286,0.0067139803,0.0,0.0,0.017512562,0.0065648044,0.7942282,0.37682286,17.31394,1.6842517,124.40013,0.6192186,3.8963182,283.37732,0.0,0.009372106,1.0,283.37732,0.2252551,0.20577182,17.31394,0.0065648044,0.013427961,0.34464607,0.0,1.6842517,3.8963182,0.0,0.5604112,0.0,0.013427961,0.5604112,0.6269345,0.009372106,1.0,0.0067139803,lookahead,fk_orig0_bm2-s0to100br3-s100to200br2-s200to300br2
/work/T-REX/external/Proteina-Complexa/inference/search_binder_local_pipeline_32_PDL1_ALPHA_REPACK_v7_r005_cand_v7r005_hyp_0005_01_002_a224316cffb43/job_0_n_224_id_34_fk_orig1_bm3-s0to100br1-s100to200br1-s200to300br2/job_0_n_224_id_34_fk_orig1_bm3-s0to100br1-s100to200br1-s200to300br2.pdb,137,"2,0,13,16,19,16,19,14,11,3,10,18,19,19,6,18,7,15,2,12,16,9,6,4,11,13,14,19,6,11,5,10,3,10,0,0,10,9,19,18,17,6,12,6,3,11,2,9,9,5,13,19,8,7,6,6,3,10,11,19,5,8,15,15,18,1,5,1,0,1,10,10,11,3,5,10,15,10,7,2,0,0,10,5,9,16,3,19,11,10,5,3,0,7,19,18,1,4,12,9,15,18,7,7,0,3,18,11,1,9,16,19,11,19,2,0,15,19,16,19,14,11,3,10,18,19,19,6,6,7,15,16,19,16,10,6,4,19,14,15,11,16,19,3,10,15,11,10,15,19,10,17,11,7,14,2,3,11,10,19,9,5,13,19,11,7,6,6,15,14,3,5,8,15,15,18,11,7,1,0,11,10,10,16,15,2,11,18,0,10,5,9,16,2,10,11,10,15,3,15,7,19,18,16,4,10,19,15,3,7,2,15,9,0,3,0,16,9,16,10,11,19,2,0,0,0,0,0,0",0.5548676,0.096381076,0.29772437,3.0,0.35884258,54.91878,0.37329575,1.0,0.37329575,0.18670867,0.35884258,0.0,0.0,0.35884258,0.003119769,0.88458204,0.18670867,2.4284346,1.5525082,54.91878,0.5548676,3.0394733,190.78899,0.3443894,0.3443894,1.0,190.78899,0.70227563,0.115417965,2.4284346,0.003119769,0.37329575,0.096381076,0.0,1.5525082,3.0394733,0.3443894,0.25056148,0.0,0.37329575,0.25056148,0.80930305,0.3443894,1.0,0.35884258,lookahead,fk_orig1_bm3-s0to100br1-s100to200br1-s200to300br2
/work/T-REX/external/Proteina-Complexa/inference/search_binder_local_pipeline_32_PDL1_ALPHA_REPACK_v7_r005_cand_v7r005_hyp_0005_01_002_a224316cffb43/job_0_n_180_id_34_fk_orig2_bm0-s0to100br1-s100to200br0-s200to300br2/job_0_n_180_id_34_fk_orig2_bm0-s0to100br1-s100to200br0-s200to300br2.pdb,138,"2,0,13,16,19,16,19,14,11,3,10,18,19,19,6,18,7,15,2,12,16,9,6,4,11,13,14,19,6,11,5,10,3,10,0,0,10,9,19,18,17,6,12,6,3,11,2,9,9,5,13,19,8,7,6,6,3,10,11,19,5,8,15,15,18,1,5,1,0,1,10,10,11,3,5,10,15,10,7,2,0,0,10,5,9,16,3,19,11,10,5,3,0,7,19,18,1,4,12,9,15,18,7,7,0,3,18,11,1,9,16,19,11,19,2,0,15,6,19,6,19,10,11,3,11,10,6,7,1,6,6,13,11,11,7,2,10,3,6,0,6,11,10,13,6,11,0,13,11,7,18,11,0,10,7,2,10,3,6,0,6,11,19,11,6,6,10,0,19,19,18,1,11,10,7,11,6,14,14,14,0,0,0,0,0,0,0,0,0,0,0,0,0,0,0,0,0,0,0,0,0,0,0,0,0,0,0,0,0,0,0,0,0,0,0,0,0,0,0,0,0,0,0,0,0,0,0,0,0",0.63395345,0.06589004,0.22286373,3.0,0.48857778,42.964203,0.5817421,1.0,0.5817421,0.15051654,0.48857778,0.0,0.0,0.48857778,0.01496896,0.9224026,0.15051654,1.9915855,1.4277997,42.964203,0.63395345,2.409605,143.193,0.39541346,0.39541346,1.0,143.193,0.77713627,0.07759738,1.9915855,0.01496896,0.5817421,0.06589004,0.0,1.4277997,2.409605,0.39541346,0.18891989,0.0,0.5817421,0.18891989,0.8594004,0.39541346,1.0,0.48857778,lookahead,fk_orig2_bm0-s0to100br1-s100to200br0-s200to300br2
/work/T-REX/external/Proteina-Complexa/inference/search_binder_local_pipeline_32_PDL1_ALPHA_REPACK_v7_r005_cand_v7r005_hyp_0005_01_002_a224316cffb43/job_0_n_229_id_34_fk_orig3_bm3-s0to100br3-s100to200br1-s200to300br2/job_0_n_229_id_34_fk_orig3_bm3-s0to100br3-s100to200br1-s200to300br2.pdb,139,"2,0,13,16,19,16,19,14,11,3,10,18,19,19,6,18,7,15,2,12,16,9,6,4,11,13,14,19,6,11,5,10,3,10,0,0,10,9,19,18,17,6,12,6,3,11,2,9,9,5,13,19,8,7,6,6,3,10,11,19,5,8,15,15,18,1,5,1,0,1,10,10,11,3,5,10,15,10,7,2,0,0,10,5,9,16,3,19,11,10,5,3,0,7,19,18,1,4,12,9,15,18,7,7,0,3,18,11,1,9,16,19,11,19,2,0,13,16,19,16,19,14,11,3,10,18,19,19,6,18,7,15,2,12,16,9,6,4,11,13,14,19,6,11,5,10,3,10,0,0,10,9,19,18,17,6,12,6,3,11,2,9,9,5,13,19,8,7,6,6,3,10,11,19,5,8,15,15,18,1,5,1,0,1,10,10,11,3,5,10,15,10,7,2,0,0,10,5,9,16,3,19,11,10,5,3,0,7,19,18,1,4,12,9,15,18,7,7,0,3,18,11,1,9,16,19,11,19,2",0.62769395,0.29853693,0.7394434,3.0,0.04423249,69.64208,0.04750027,1.0,0.04750027,0.31120184,0.012303498,0.0,0.0,0.04423249,0.0017693407,0.86123204,0.31120184,3.038914,1.2878629,69.64208,0.62769395,3.8722007,213.18234,0.012064559,0.04096471,1.0,213.18234,0.26055655,0.13876794,3.038914,0.0017693407,0.012542437,0.29853693,0.0,1.2878629,3.8722007,0.012064559,0.5257037,0.0,0.012542437,0.5257037,0.587251,0.04096471,1.0,0.012303498,lookahead,fk_orig3_bm3-s0to100br3-s100to200br1-s200to300br2
/work/T-REX/external/Proteina-Complexa/inference/search_binder_local_pipeline_32_PDL1_ALPHA_REPACK_v7_r005_cand_v7r005_hyp_0005_01_002_a224316cffb43/job_0_n_194_id_35_fk_orig0_bm2-s0to100br3-s100to200br2-s200to300br3/job_0_n_194_id_35_fk_orig0_bm2-s0to100br3-s100to200br2-s200to300br3.pdb,140,"2,0,13,16,19,16,19,14,11,3,10,18,19,19,6,18,7,15,2,12,16,9,6,4,11,13,14,19,6,11,5,10,3,10,0,0,10,9,19,18,17,6,12,6,3,11,2,9,9,5,13,19,8,7,6,6,3,10,11,19,5,8,15,15,18,1,5,1,0,1,10,10,11,3,5,10,15,10,7,2,0,0,10,5,9,16,3,19,11,10,5,3,0,7,19,18,1,4,12,9,15,18,7,7,0,3,18,11,1,9,16,19,11,19,2,0,15,6,6,6,11,6,13,10,6,0,10,11,0,7,3,11,3,11,19,7,0,13,15,11,16,3,15,6,9,7,11,10,4,1,6,10,13,7,0,7,11,19,2,0,5,3,11,3,7,11,16,10,10,8,10,0,0,6,19,7,0,6,6,12,19,11,13,10,10,11,17,7,0,3,14,2,9,6,0,0,0,0,0,0,0,0,0,0,0,0,0,0,0,0,0,0,0,0,0,0,0,0,0,0,0,0,0,0,0,0,0,0,0",0.58835256,0.44299045,0.81300914,3.0,0.010052133,125.94604,0.01475749,1.0,0.01475749,0.44290063,0.006699128,0.0,0.0,0.010052133,0.0069294376,0.6992522,0.44290063,18.723923,1.9773595,125.94604,0.58835256,4.089652,283.3503,0.0,0.0053467774,1.0,283.3503,0.18699083,0.3007478,18.723923,0.0069294376,0.013398256,0.44299045,0.0,1.9773595,4.089652,0.0,0.64121324,0.0,0.013398256,0.64121324,0.6146512,0.0053467774,1.0,0.006699128,lookahead,fk_orig0_bm2-s0to100br3-s100to200br2-s200to300br3
/work/T-REX/external/Proteina-Complexa/inference/search_binder_local_pipeline_32_PDL1_ALPHA_REPACK_v7_r005_cand_v7r005_hyp_0005_01_002_a224316cffb43/job_0_n_224_id_35_fk_orig1_bm3-s0to100br1-s100to200br1-s200to300br3/job_0_n_224_id_35_fk_orig1_bm3-s0to100br1-s100to200br1-s200to300br3.pdb,141,"2,0,13,16,19,16,19,14,11,3,10,18,19,19,6,18,7,15,2,12,16,9,6,4,11,13,14,19,6,11,5,10,3,10,0,0,10,9,19,18,17,6,12,6,3,11,2,9,9,5,13,19,8,7,6,6,3,10,11,19,5,8,15,15,18,1,5,1,0,1,10,10,11,3,5,10,15,10,7,2,0,0,10,5,9,16,3,19,11,10,5,3,0,7,19,18,1,4,12,9,15,18,7,7,0,3,18,11,1,9,16,19,11,19,2,0,15,19,16,16,14,11,3,10,18,19,0,6,19,7,15,15,19,16,10,6,4,9,14,15,1,5,10,3,12,15,11,10,15,19,10,17,11,7,14,11,3,19,16,19,9,18,18,15,2,7,6,6,5,3,19,5,8,15,15,18,11,7,1,0,11,10,10,16,2,2,2,18,15,10,5,9,16,3,10,11,10,15,3,15,7,19,18,16,4,9,19,15,3,7,16,7,9,11,3,0,11,9,16,10,11,19,2,0,0,0,0,0,0",0.5866856,0.34511486,0.76912326,3.0,0.018687928,111.747025,0.022613026,1.0,0.022613026,0.36811864,0.0,0.0,0.0,0.018687928,0.003994258,0.7974595,0.36811864,9.329296,1.6592714,111.747025,0.5866856,4.0517383,235.60077,0.0,0.014762829,1.0,235.60077,0.23087674,0.2025405,9.329296,0.003994258,0.0,0.34511486,0.0,1.6592714,4.0517383,0.0,0.58568716,0.0,0.0,0.58568716,0.5778456,0.014762829,1.0,0.0,lookahead,fk_orig1_bm3-s0to100br1-s100to200br1-s200to300br3
/work/T-REX/external/Proteina-Complexa/inference/search_binder_local_pipeline_32_PDL1_ALPHA_REPACK_v7_r005_cand_v7r005_hyp_0005_01_002_a224316cffb43/job_0_n_180_id_35_fk_orig2_bm0-s0to100br1-s100to200br0-s200to300br3/job_0_n_180_id_35_fk_orig2_bm0-s0to100br1-s100to200br0-s200to300br3.pdb,142,"2,0,13,16,19,16,19,14,11,3,10,18,19,19,6,18,7,15,2,12,16,9,6,4,11,13,14,19,6,11,5,10,3,10,0,0,10,9,19,18,17,6,12,6,3,11,2,9,9,5,13,19,8,7,6,6,3,10,11,19,5,8,15,15,18,1,5,1,0,1,10,10,11,3,5,10,15,10,7,2,0,0,10,5,9,16,3,19,11,10,5,3,0,7,19,18,1,4,12,9,15,18,7,7,0,3,18,11,1,9,16,19,11,19,2,0,15,6,9,6,19,10,11,3,11,10,6,7,6,6,5,18,11,11,7,2,10,3,6,0,6,3,10,18,6,11,0,13,11,7,18,19,0,10,7,2,10,3,6,0,6,11,19,1,3,6,10,15,11,19,10,1,0,10,7,11,6,14,14,14,0,0,0,0,0,0,0,0,0,0,0,0,0,0,0,0,0,0,0,0,0,0,0,0,0,0,0,0,0,0,0,0,0,0,0,0,0,0,0,0,0,0,0,0,0,0,0,0,0",0.68430185,0.056989137,0.20272726,3.0,0.54817,33.614906,0.6526894,1.0,0.6526894,0.13411011,0.54817,0.0,0.0,0.54817,0.010472703,0.9372794,0.13411011,2.0166888,1.3380868,33.614906,0.68430185,2.3661144,129.46313,0.4436505,0.4436505,1.0,129.46313,0.79727274,0.06272058,2.0166888,0.010472703,0.6526894,0.056989137,0.0,1.3380868,2.3661144,0.4436505,0.16795902,0.0,0.6526894,0.16795902,0.868649,0.4436505,1.0,0.54817,lookahead,fk_orig2_bm0-s0to100br1-s100to200br0-s200to300br3
/work/T-REX/external/Proteina-Complexa/inference/search_binder_local_pipeline_32_PDL1_ALPHA_REPACK_v7_r005_cand_v7r005_hyp_0005_01_002_a224316cffb43/job_0_n_229_id_35_fk_orig3_bm3-s0to100br3-s100to200br1-s200to300br3/job_0_n_229_id_35_fk_orig3_bm3-s0to100br3-s100to200br1-s200to300br3.pdb,143,"2,0,13,16,19,16,19,14,11,3,10,18,19,19,6,18,7,15,2,12,16,9,6,4,11,13,14,19,6,11,5,10,3,10,0,0,10,9,19,18,17,6,12,6,3,11,2,9,9,5,13,19,8,7,6,6,3,10,11,19,5,8,15,15,18,1,5,1,0,1,10,10,11,3,5,10,15,10,7,2,0,0,10,5,9,16,3,19,11,10,5,3,0,7,19,18,1,4,12,9,15,18,7,7,0,3,18,11,1,9,16,19,11,19,2,0,13,16,19,16,19,14,11,3,10,18,19,19,6,18,7,15,2,12,16,9,6,4,11,13,14,19,6,11,5,10,3,10,0,0,10,9,19,18,17,6,12,6,3,11,2,9,9,5,13,19,8,7,6,6,3,10,11,19,5,8,15,15,18,1,5,1,0,1,10,10,11,3,5,10,15,10,7,2,0,0,10,5,9,16,3,19,11,10,5,3,0,7,19,18,1,4,12,9,15,18,7,7,0,3,18,11,1,9,16,19,11,19,2",0.6258034,0.30261347,0.7414263,3.0,0.042075265,71.218094,0.044556897,1.0,0.044556897,0.31231156,0.012140508,0.0,0.0,0.042075265,0.0017641424,0.86204326,0.31231156,3.1449158,1.2838329,71.218094,0.6258034,3.8772945,211.527,0.011976356,0.039593633,1.0,211.527,0.2585737,0.13795675,3.1449158,0.0017641424,0.01230466,0.30261347,0.0,1.2838329,3.8772945,0.011976356,0.5284113,0.0,0.01230466,0.5284113,0.58639574,0.039593633,1.0,0.012140508,lookahead,fk_orig3_bm3-s0to100br3-s100to200br1-s200to300br3
/work/T-REX/external/Proteina-Complexa/inference/search_binder_local_pipeline_32_PDL1_ALPHA_REPACK_v7_r005_cand_v7r005_hyp_0005_01_002_a224316cffb43/job_0_n_194_id_36_fk_orig0_bm3-s0to100br3-s100to200br0-s200to300br0/job_0_n_194_id_36_fk_orig0_bm3-s0to100br3-s100to200br0-s200to300br0.pdb,144,"2,0,13,16,19,16,19,14,11,3,10,18,19,19,6,18,7,15,2,12,16,9,6,4,11,13,14,19,6,11,5,10,3,10,0,0,10,9,19,18,17,6,12,6,3,11,2,9,9,5,13,19,8,7,6,6,3,10,11,19,5,8,15,15,18,1,5,1,0,1,10,10,11,3,5,10,15,10,7,2,0,0,10,5,9,16,3,19,11,10,5,3,0,7,19,18,1,4,12,9,15,18,7,7,0,3,18,11,1,9,16,19,11,19,2,0,11,10,16,11,11,16,18,16,9,6,6,7,11,3,10,1,10,6,4,16,15,15,15,16,7,6,19,19,13,5,7,14,11,2,19,5,13,8,14,5,10,5,7,3,11,17,19,10,15,10,14,15,0,16,16,7,3,15,7,6,17,11,4,10,19,3,7,11,19,0,3,16,0,5,19,2,19,5,0,0,0,0,0,0,0,0,0,0,0,0,0,0,0,0,0,0,0,0,0,0,0,0,0,0,0,0,0,0,0,0,0,0,0",0.61109626,0.38203436,0.8048781,3.0,0.0061008586,53.511192,0.0061049364,1.0,0.0061049364,0.40642777,0.0,0.0,0.0,0.0061008586,0.00415156,0.7803933,0.40642777,2.4871554,1.607023,53.511192,0.61109626,3.9097161,231.80557,0.0,0.006096781,1.0,231.80557,0.1951219,0.2196067,2.4871554,0.00415156,0.0,0.38203436,0.0,1.607023,3.9097161,0.0,0.6023217,0.0,0.0,0.6023217,0.61307216,0.006096781,1.0,0.0,lookahead,fk_orig0_bm3-s0to100br3-s100to200br0-s200to300br0
/work/T-REX/external/Proteina-Complexa/inference/search_binder_local_pipeline_32_PDL1_ALPHA_REPACK_v7_r005_cand_v7r005_hyp_0005_01_002_a224316cffb43/job_0_n_224_id_36_fk_orig1_bm1-s0to100br1-s100to200br1-s200to300br0/job_0_n_224_id_36_fk_orig1_bm1-s0to100br1-s100to200br1-s200to300br0.pdb,145,"2,0,13,16,19,16,19,14,11,3,10,18,19,19,6,18,7,15,2,12,16,9,6,4,11,13,14,19,6,11,5,10,3,10,0,0,10,9,19,18,17,6,12,6,3,11,2,9,9,5,13,19,8,7,6,6,3,10,11,19,5,8,15,15,18,1,5,1,0,1,10,10,11,3,5,10,15,10,7,2,0,0,10,5,9,16,3,19,11,10,5,3,0,7,19,18,1,4,12,9,15,18,7,7,0,3,18,11,1,9,16,19,11,19,2,0,14,11,3,10,18,19,19,6,18,7,15,2,12,16,9,6,4,11,13,14,19,6,11,5,10,3,10,0,0,10,9,19,18,17,6,12,6,3,11,2,9,9,5,13,19,8,7,6,6,3,10,11,19,5,8,15,15,18,1,5,1,0,1,10,10,11,3,5,10,15,10,7,2,0,0,10,5,9,16,3,19,11,10,5,3,0,7,19,18,1,4,12,9,15,18,7,7,0,3,18,11,1,9,16,19,11,19,2,0,0,0,0,0",0.6295102,0.3042905,0.74367034,3.0,0.042244148,70.92978,0.043875203,1.0,0.043875203,0.32172504,0.012510644,0.0,0.0,0.042244148,0.0022467773,0.8494953,0.32172504,3.1985948,1.3864181,70.92978,0.6295102,3.9010515,217.85556,0.011968479,0.040613092,1.0,217.85556,0.25632966,0.15050474,3.1985948,0.0022467773,0.013052811,0.3042905,0.0,1.3864181,3.9010515,0.011968479,0.52823937,0.0,0.013052811,0.52823937,0.59158915,0.040613092,1.0,0.012510644,lookahead,fk_orig1_bm1-s0to100br1-s100to200br1-s200to300br0
/work/T-REX/external/Proteina-Complexa/inference/search_binder_local_pipeline_32_PDL1_ALPHA_REPACK_v7_r005_cand_v7r005_hyp_0005_01_002_a224316cffb43/job_0_n_180_id_36_fk_orig2_bm0-s0to100br1-s100to200br3-s200to300br0/job_0_n_180_id_36_fk_orig2_bm0-s0to100br1-s100to200br3-s200to300br0.pdb,146,"2,0,13,16,19,16,19,14,11,3,10,18,19,19,6,18,7,15,2,12,16,9,6,4,11,13,14,19,6,11,5,10,3,10,0,0,10,9,19,18,17,6,12,6,3,11,2,9,9,5,13,19,8,7,6,6,3,10,11,19,5,8,15,15,18,1,5,1,0,1,10,10,11,3,5,10,15,10,7,2,0,0,10,5,9,16,3,19,11,10,5,3,0,7,19,18,1,4,12,9,15,18,7,7,0,3,18,11,1,9,16,19,11,19,2,0,15,19,9,6,0,9,3,10,11,10,6,7,1,11,6,13,3,0,7,2,10,0,6,0,6,11,10,18,1,1,0,13,6,9,18,11,11,6,7,10,10,0,6,0,6,11,19,1,3,6,10,2,11,19,10,19,11,10,7,11,6,14,14,14,0,0,0,0,0,0,0,0,0,0,0,0,0,0,0,0,0,0,0,0,0,0,0,0,0,0,0,0,0,0,0,0,0,0,0,0,0,0,0,0,0,0,0,0,0,0,0,0,0",0.6192207,0.31621704,0.7634345,3.0,0.019880436,92.17325,0.021763448,1.0,0.021763448,0.38294226,0.01210734,0.0,0.0,0.019880436,0.01913272,0.8217351,0.38294226,7.0776567,1.4506576,92.17325,0.6192207,3.886877,173.4713,0.01110697,0.017997423,1.0,173.4713,0.23656544,0.17826492,7.0776567,0.01913272,0.01310771,0.31621704,0.0,1.4506576,3.886877,0.01110697,0.5458116,0.0,0.01310771,0.5458116,0.6594172,0.017997423,1.0,0.01210734,lookahead,fk_orig2_bm0-s0to100br1-s100to200br3-s200to300br0
/work/T-REX/external/Proteina-Complexa/inference/search_binder_local_pipeline_32_PDL1_ALPHA_REPACK_v7_r005_cand_v7r005_hyp_0005_01_002_a224316cffb43/job_0_n_229_id_36_fk_orig3_bm3-s0to100br1-s100to200br2-s200to300br0/job_0_n_229_id_36_fk_orig3_bm3-s0to100br1-s100to200br2-s200to300br0.pdb,147,"2,0,13,16,19,16,19,14,11,3,10,18,19,19,6,18,7,15,2,12,16,9,6,4,11,13,14,19,6,11,5,10,3,10,0,0,10,9,19,18,17,6,12,6,3,11,2,9,9,5,13,19,8,7,6,6,3,10,11,19,5,8,15,15,18,1,5,1,0,1,10,10,11,3,5,10,15,10,7,2,0,0,10,5,9,16,3,19,11,10,5,3,0,7,19,18,1,4,12,9,15,18,7,7,0,3,18,11,1,9,16,19,11,19,2,0,13,16,19,16,19,14,11,3,10,18,19,19,6,18,7,15,2,12,16,9,6,4,11,13,14,19,6,11,5,10,3,10,0,0,10,9,19,18,17,6,12,6,3,11,2,9,9,5,13,19,8,7,6,6,3,10,11,19,5,8,15,15,18,1,5,1,0,1,10,10,11,3,5,10,15,10,7,2,0,0,10,5,9,16,3,19,11,10,5,3,0,7,19,18,1,4,12,9,15,18,7,7,0,3,18,11,1,9,16,19,11,19,2",0.62738514,0.2963751,0.7387142,3.0,0.04431946,73.04324,0.047582462,1.0,0.047582462,0.3105807,0.012359997,0.0,0.0,0.04431946,0.001756273,0.8617699,0.3105807,2.842461,1.285177,73.04324,0.62738514,3.8679879,211.79015,0.01207225,0.04105645,1.0,211.79015,0.2612858,0.13823009,2.842461,0.001756273,0.012647744,0.2963751,0.0,1.285177,3.8679879,0.01207225,0.52500564,0.0,0.012647744,0.52500564,0.5875701,0.04105645,1.0,0.012359997,lookahead,fk_orig3_bm3-s0to100br1-s100to200br2-s200to300br0
/work/T-REX/external/Proteina-Complexa/inference/search_binder_local_pipeline_32_PDL1_ALPHA_REPACK_v7_r005_cand_v7r005_hyp_0005_01_002_a224316cffb43/job_0_n_194_id_37_fk_orig0_bm3-s0to100br3-s100to200br0-s200to300br1/job_0_n_194_id_37_fk_orig0_bm3-s0to100br3-s100to200br0-s200to300br1.pdb,148,"2,0,13,16,19,16,19,14,11,3,10,18,19,19,6,18,7,15,2,12,16,9,6,4,11,13,14,19,6,11,5,10,3,10,0,0,10,9,19,18,17,6,12,6,3,11,2,9,9,5,13,19,8,7,6,6,3,10,11,19,5,8,15,15,18,1,5,1,0,1,10,10,11,3,5,10,15,10,7,2,0,0,10,5,9,16,3,19,11,10,5,3,0,7,19,18,1,4,12,9,15,18,7,7,0,3,18,11,1,9,16,19,11,19,2,0,16,10,16,11,14,10,18,16,10,5,15,7,15,16,10,1,10,6,4,16,0,15,6,0,7,15,19,19,17,5,7,14,1,1,19,1,13,8,14,5,10,5,2,7,11,17,9,10,6,10,14,15,0,16,16,11,3,15,7,6,17,11,4,10,19,2,7,11,19,19,3,16,16,5,19,19,19,11,0,0,0,0,0,0,0,0,0,0,0,0,0,0,0,0,0,0,0,0,0,0,0,0,0,0,0,0,0,0,0,0,0,0,0",0.60981995,0.32861146,0.77983665,3.0,0.01807348,66.09771,0.01850178,1.0,0.01850178,0.40514374,0.006311717,0.0,0.0,0.01807348,0.0059359088,0.7390512,0.40514374,2.5857902,1.7801303,66.09771,0.60981995,3.7975519,247.48753,0.0,0.01764518,1.0,247.48753,0.22016336,0.26094875,2.5857902,0.0059359088,0.012623434,0.32861146,0.0,1.7801303,3.7975519,0.0,0.57800853,0.0,0.012623434,0.57800853,0.6236567,0.01764518,1.0,0.006311717,lookahead,fk_orig0_bm3-s0to100br3-s100to200br0-s200to300br1
/work/T-REX/external/Proteina-Complexa/inference/search_binder_local_pipeline_32_PDL1_ALPHA_REPACK_v7_r005_cand_v7r005_hyp_0005_01_002_a224316cffb43/job_0_n_224_id_37_fk_orig1_bm1-s0to100br1-s100to200br1-s200to300br1/job_0_n_224_id_37_fk_orig1_bm1-s0to100br1-s100to200br1-s200to300br1.pdb,149,"2,0,13,16,19,16,19,14,11,3,10,18,19,19,6,18,7,15,2,12,16,9,6,4,11,13,14,19,6,11,5,10,3,10,0,0,10,9,19,18,17,6,12,6,3,11,2,9,9,5,13,19,8,7,6,6,3,10,11,19,5,8,15,15,18,1,5,1,0,1,10,10,11,3,5,10,15,10,7,2,0,0,10,5,9,16,3,19,11,10,5,3,0,7,19,18,1,4,12,9,15,18,7,7,0,3,18,11,1,9,16,19,11,19,2,0,14,11,3,10,18,19,19,6,18,7,15,2,12,16,9,6,4,11,13,14,19,6,11,5,10,3,10,0,0,10,9,19,18,17,6,12,6,3,11,2,9,9,5,13,19,8,7,6,6,3,10,11,19,5,8,15,15,18,1,5,1,0,1,10,10,11,3,5,10,15,10,7,2,0,0,10,5,9,16,3,19,11,10,5,3,0,7,19,18,1,4,12,9,15,18,7,7,0,3,18,11,1,9,16,19,11,19,2,0,0,0,0,0",0.63821495,0.29103622,0.73197466,3.0,0.05250535,73.64086,0.05411774,1.0,0.05411774,0.31282276,0.012754819,0.0,0.0,0.05250535,0.0021652866,0.8517834,0.31282276,3.3847778,1.3728753,73.64086,0.63821495,3.8616984,217.46657,0.012378065,0.05089296,1.0,217.46657,0.26802534,0.14821663,3.3847778,0.0021652866,0.013131574,0.29103622,0.0,1.3728753,3.8616984,0.012378065,0.51225245,0.0,0.013131574,0.51225245,0.597273,0.05089296,1.0,0.012754819,lookahead,fk_orig1_bm1-s0to100br1-s100to200br1-s200to300br1
/work/T-REX/external/Proteina-Complexa/inference/search_binder_local_pipeline_32_PDL1_ALPHA_REPACK_v7_r005_cand_v7r005_hyp_0005_01_002_a224316cffb43/job_0_n_180_id_37_fk_orig2_bm0-s0to100br1-s100to200br3-s200to300br1/job_0_n_180_id_37_fk_orig2_bm0-s0to100br1-s100to200br3-s200to300br1.pdb,150,"2,0,13,16,19,16,19,14,11,3,10,18,19,19,6,18,7,15,2,12,16,9,6,4,11,13,14,19,6,11,5,10,3,10,0,0,10,9,19,18,17,6,12,6,3,11,2,9,9,5,13,19,8,7,6,6,3,10,11,19,5,8,15,15,18,1,5,1,0,1,10,10,11,3,5,10,15,10,7,2,0,0,10,5,9,16,3,19,11,10,5,3,0,7,19,18,1,4,12,9,15,18,7,7,0,3,18,11,1,9,16,19,11,19,2,0,15,19,9,6,7,9,3,10,11,10,6,7,1,11,6,13,3,0,7,2,10,15,6,0,6,1,10,18,1,6,0,13,6,9,18,11,11,15,7,2,10,6,6,0,6,11,19,1,10,6,10,4,11,19,10,6,11,10,7,11,6,14,14,14,0,0,0,0,0,0,0,0,0,0,0,0,0,0,0,0,0,0,0,0,0,0,0,0,0,0,0,0,0,0,0,0,0,0,0,0,0,0,0,0,0,0,0,0,0,0,0,0,0",0.6171705,0.41878685,0.8295519,3.0,0.0061034095,93.36537,0.006363089,1.0,0.006363089,0.44126907,0.0,0.0,0.0,0.0061034095,0.009775329,0.7738153,0.44126907,8.01268,1.4940236,93.36537,0.6171705,4.150241,190.11035,0.0,0.0058437292,1.0,190.11035,0.17044814,0.22618476,8.01268,0.009775329,0.0,0.41878685,0.0,1.4940236,4.150241,0.0,0.63326067,0.0,0.0,0.63326067,0.6373435,0.0058437292,1.0,0.0,lookahead,fk_orig2_bm0-s0to100br1-s100to200br3-s200to300br1
/work/T-REX/external/Proteina-Complexa/inference/search_binder_local_pipeline_32_PDL1_ALPHA_REPACK_v7_r005_cand_v7r005_hyp_0005_01_002_a224316cffb43/job_0_n_229_id_37_fk_orig3_bm3-s0to100br1-s100to200br2-s200to300br1/job_0_n_229_id_37_fk_orig3_bm3-s0to100br1-s100to200br2-s200to300br1.pdb,151,"2,0,13,16,19,16,19,14,11,3,10,18,19,19,6,18,7,15,2,12,16,9,6,4,11,13,14,19,6,11,5,10,3,10,0,0,10,9,19,18,17,6,12,6,3,11,2,9,9,5,13,19,8,7,6,6,3,10,11,19,5,8,15,15,18,1,5,1,0,1,10,10,11,3,5,10,15,10,7,2,0,0,10,5,9,16,3,19,11,10,5,3,0,7,19,18,1,4,12,9,15,18,7,7,0,3,18,11,1,9,16,19,11,19,2,0,13,16,19,16,19,14,11,3,10,18,19,19,6,18,7,15,2,12,16,9,6,4,11,13,14,19,6,11,5,10,3,10,0,0,10,9,19,18,17,6,12,6,3,11,2,9,9,5,13,19,8,7,6,6,3,10,11,19,5,8,15,15,18,1,5,1,0,1,10,10,11,3,5,10,15,10,7,2,0,0,10,5,9,16,3,19,11,10,5,3,0,7,19,18,1,4,12,9,15,18,7,7,0,3,18,11,1,9,16,19,11,19,2",0.6237167,0.30511922,0.7421876,3.0,0.041151308,74.25318,0.044902273,1.0,0.044902273,0.31398678,0.011966297,0.0,0.0,0.041151308,0.0018208027,0.860913,0.31398678,2.8709118,1.2938396,74.25318,0.6237167,3.8836076,213.90376,0.011668054,0.03740034,1.0,213.90376,0.2578124,0.139087,2.8709118,0.0018208027,0.0122645395,0.30511922,0.0,1.2938396,3.8836076,0.011668054,0.53071606,0.0,0.0122645395,0.53071606,0.58575,0.03740034,1.0,0.011966297,lookahead,fk_orig3_bm3-s0to100br1-s100to200br2-s200to300br1
/work/T-REX/external/Proteina-Complexa/inference/search_binder_local_pipeline_32_PDL1_ALPHA_REPACK_v7_r005_cand_v7r005_hyp_0005_01_002_a224316cffb43/job_0_n_194_id_38_fk_orig0_bm3-s0to100br3-s100to200br0-s200to300br2/job_0_n_194_id_38_fk_orig0_bm3-s0to100br3-s100to200br0-s200to300br2.pdb,152,"2,0,13,16,19,16,19,14,11,3,10,18,19,19,6,18,7,15,2,12,16,9,6,4,11,13,14,19,6,11,5,10,3,10,0,0,10,9,19,18,17,6,12,6,3,11,2,9,9,5,13,19,8,7,6,6,3,10,11,19,5,8,15,15,18,1,5,1,0,1,10,10,11,3,5,10,15,10,7,2,0,0,10,5,9,16,3,19,11,10,5,3,0,7,19,18,1,4,12,9,15,18,7,7,0,3,18,11,1,9,16,19,11,19,2,0,0,10,16,11,14,10,18,15,19,6,6,7,15,16,9,1,10,6,4,16,19,15,5,6,0,3,19,19,13,19,7,14,1,2,19,1,13,8,14,11,10,6,2,7,11,17,19,10,6,10,14,15,0,16,16,15,3,15,7,6,17,11,4,6,19,3,7,11,19,19,3,16,0,5,19,10,19,13,0,0,0,0,0,0,0,0,0,0,0,0,0,0,0,0,0,0,0,0,0,0,0,0,0,0,0,0,0,0,0,0,0,0,0",0.59098506,0.382381,0.79036975,3.0,0.006539354,49.458023,0.0071260678,1.0,0.0071260678,0.4148587,0.0,0.0,0.0,0.006539354,0.005205026,0.7584869,0.4148587,2.6678643,1.7055212,49.458023,0.59098506,3.885966,235.39003,0.0,0.0059526404,1.0,235.39003,0.20963022,0.24151309,2.6678643,0.005205026,0.0,0.382381,0.0,1.7055212,3.885966,0.0,0.6011089,0.0,0.0,0.6011089,0.61968935,0.0059526404,1.0,0.0,lookahead,fk_orig0_bm3-s0to100br3-s100to200br0-s200to300br2
/work/T-REX/external/Proteina-Complexa/inference/search_binder_local_pipeline_32_PDL1_ALPHA_REPACK_v7_r005_cand_v7r005_hyp_0005_01_002_a224316cffb43/job_0_n_224_id_38_fk_orig1_bm1-s0to100br1-s100to200br1-s200to300br2/job_0_n_224_id_38_fk_orig1_bm1-s0to100br1-s100to200br1-s200to300br2.pdb,153,"2,0,13,16,19,16,19,14,11,3,10,18,19,19,6,18,7,15,2,12,16,9,6,4,11,13,14,19,6,11,5,10,3,10,0,0,10,9,19,18,17,6,12,6,3,11,2,9,9,5,13,19,8,7,6,6,3,10,11,19,5,8,15,15,18,1,5,1,0,1,10,10,11,3,5,10,15,10,7,2,0,0,10,5,9,16,3,19,11,10,5,3,0,7,19,18,1,4,12,9,15,18,7,7,0,3,18,11,1,9,16,19,11,19,2,0,14,11,3,10,18,19,19,6,18,7,15,2,12,16,9,6,4,11,13,14,19,6,11,5,10,3,10,0,0,10,9,19,18,17,6,12,6,3,11,2,9,9,5,13,19,8,7,6,6,3,10,11,19,5,8,15,15,18,1,5,1,0,1,10,10,11,3,5,10,15,10,7,2,0,0,10,5,9,16,3,19,11,10,5,3,0,7,19,18,1,4,12,9,15,18,7,7,0,3,18,11,1,9,16,19,11,19,2,0,0,0,0,0",0.63868165,0.29168802,0.73234445,3.0,0.052287906,74.79526,0.05331449,1.0,0.05331449,0.31259376,0.012688708,0.0,0.0,0.052287906,0.0021524837,0.85221446,0.31259376,3.292343,1.3681523,74.79526,0.63868165,3.858641,220.08224,0.01233204,0.05126133,1.0,220.08224,0.26765555,0.14778557,3.292343,0.0021524837,0.013045374,0.29168802,0.0,1.3681523,3.858641,0.01233204,0.512123,0.0,0.013045374,0.512123,0.5973542,0.05126133,1.0,0.012688708,lookahead,fk_orig1_bm1-s0to100br1-s100to200br1-s200to300br2
/work/T-REX/external/Proteina-Complexa/inference/search_binder_local_pipeline_32_PDL1_ALPHA_REPACK_v7_r005_cand_v7r005_hyp_0005_01_002_a224316cffb43/job_0_n_180_id_38_fk_orig2_bm0-s0to100br1-s100to200br3-s200to300br2/job_0_n_180_id_38_fk_orig2_bm0-s0to100br1-s100to200br3-s200to300br2.pdb,154,"2,0,13,16,19,16,19,14,11,3,10,18,19,19,6,18,7,15,2,12,16,9,6,4,11,13,14,19,6,11,5,10,3,10,0,0,10,9,19,18,17,6,12,6,3,11,2,9,9,5,13,19,8,7,6,6,3,10,11,19,5,8,15,15,18,1,5,1,0,1,10,10,11,3,5,10,15,10,7,2,0,0,10,5,9,16,3,19,11,10,5,3,0,7,19,18,1,4,12,9,15,18,7,7,0,3,18,11,1,9,16,19,11,19,2,0,15,19,12,6,0,9,3,10,11,10,6,7,1,11,6,13,3,0,7,2,10,6,6,0,6,11,10,13,5,1,0,13,6,9,18,16,11,10,7,2,10,6,6,0,6,11,19,11,6,6,10,2,11,19,10,6,11,10,7,11,6,14,14,14,0,0,0,0,0,0,0,0,0,0,0,0,0,0,0,0,0,0,0,0,0,0,0,0,0,0,0,0,0,0,0,0,0,0,0,0,0,0,0,0,0,0,0,0,0,0,0,0,0",0.63792676,0.35624263,0.8143185,3.0,0.006490601,91.16041,0.007035446,1.0,0.007035446,0.4121104,0.0059152152,0.0,0.0,0.006490601,0.022659775,0.8070068,0.4121104,7.033234,1.4380349,91.16041,0.63792676,4.088901,179.76122,0.0,0.005945757,1.0,179.76122,0.18568152,0.19299322,7.033234,0.022659775,0.0118304305,0.35624263,0.0,1.4380349,4.088901,0.0,0.5900416,0.0,0.0118304305,0.5900416,0.6413361,0.005945757,1.0,0.0059152152,lookahead,fk_orig2_bm0-s0to100br1-s100to200br3-s200to300br2
/work/T-REX/external/Proteina-Complexa/inference/search_binder_local_pipeline_32_PDL1_ALPHA_REPACK_v7_r005_cand_v7r005_hyp_0005_01_002_a224316cffb43/job_0_n_229_id_38_fk_orig3_bm3-s0to100br1-s100to200br2-s200to300br2/job_0_n_229_id_38_fk_orig3_bm3-s0to100br1-s100to200br2-s200to300br2.pdb,155,"2,0,13,16,19,16,19,14,11,3,10,18,19,19,6,18,7,15,2,12,16,9,6,4,11,13,14,19,6,11,5,10,3,10,0,0,10,9,19,18,17,6,12,6,3,11,2,9,9,5,13,19,8,7,6,6,3,10,11,19,5,8,15,15,18,1,5,1,0,1,10,10,11,3,5,10,15,10,7,2,0,0,10,5,9,16,3,19,11,10,5,3,0,7,19,18,1,4,12,9,15,18,7,7,0,3,18,11,1,9,16,19,11,19,2,0,13,16,19,16,19,14,11,3,10,18,19,19,6,18,7,15,2,12,16,9,6,4,11,13,14,19,6,11,5,10,3,10,0,0,10,9,19,18,17,6,12,6,3,11,2,9,9,5,13,19,8,7,6,6,3,10,11,19,5,8,15,15,18,1,5,1,0,1,10,10,11,3,5,10,15,10,7,2,0,0,10,5,9,16,3,19,11,10,5,3,0,7,19,18,1,4,12,9,15,18,7,7,0,3,18,11,1,9,16,19,11,19,2",0.62158394,0.30549783,0.7431968,3.0,0.04030575,75.13162,0.04280381,1.0,0.04280381,0.3157025,0.011891312,0.0,0.0,0.04030575,0.0017919999,0.8606914,0.3157025,2.9619308,1.2969459,75.13162,0.62158394,3.887828,215.05766,0.011631373,0.03780769,1.0,215.05766,0.2568032,0.13930856,2.9619308,0.0017919999,0.012151251,0.30549783,0.0,1.2969459,3.887828,0.011631373,0.533517,0.0,0.012151251,0.533517,0.5851439,0.03780769,1.0,0.011891312,lookahead,fk_orig3_bm3-s0to100br1-s100to200br2-s200to300br2
/work/T-REX/external/Proteina-Complexa/inference/search_binder_local_pipeline_32_PDL1_ALPHA_REPACK_v7_r005_cand_v7r005_hyp_0005_01_002_a224316cffb43/job_0_n_194_id_39_fk_orig0_bm3-s0to100br3-s100to200br0-s200to300br3/job_0_n_194_id_39_fk_orig0_bm3-s0to100br3-s100to200br0-s200to300br3.pdb,156,"2,0,13,16,19,16,19,14,11,3,10,18,19,19,6,18,7,15,2,12,16,9,6,4,11,13,14,19,6,11,5,10,3,10,0,0,10,9,19,18,17,6,12,6,3,11,2,9,9,5,13,19,8,7,6,6,3,10,11,19,5,8,15,15,18,1,5,1,0,1,10,10,11,3,5,10,15,10,7,2,0,0,10,5,9,16,3,19,11,10,5,3,0,7,19,18,1,4,12,9,15,18,7,7,0,3,18,11,1,9,16,19,11,19,2,0,0,13,16,11,14,16,18,15,10,16,6,7,6,2,10,1,10,6,4,16,0,15,15,16,7,3,19,9,13,19,7,14,11,2,19,1,13,8,14,11,10,6,2,7,11,17,19,10,6,10,14,15,0,16,16,7,3,15,7,6,17,11,4,6,19,2,7,5,19,11,3,16,0,16,19,2,19,11,0,0,0,0,0,0,0,0,0,0,0,0,0,0,0,0,0,0,0,0,0,0,0,0,0,0,0,0,0,0,0,0,0,0,0",0.62850976,0.35766625,0.8241298,3.0,0.0061574597,47.424015,0.006181927,1.0,0.006181927,0.4082111,0.0,0.0,0.0,0.0061574597,0.0030991565,0.8063727,0.4082111,2.9359558,1.4446503,47.424015,0.62850976,3.909148,226.60057,0.0,0.006132992,1.0,226.60057,0.17587015,0.19362728,2.9359558,0.0030991565,0.0,0.35766625,0.0,1.4446503,3.909148,0.0,0.6138424,0.0,0.0,0.6138424,0.60620916,0.006132992,1.0,0.0,lookahead,fk_orig0_bm3-s0to100br3-s100to200br0-s200to300br3
/work/T-REX/external/Proteina-Complexa/inference/search_binder_local_pipeline_32_PDL1_ALPHA_REPACK_v7_r005_cand_v7r005_hyp_0005_01_002_a224316cffb43/job_0_n_224_id_39_fk_orig1_bm1-s0to100br1-s100to200br1-s200to300br3/job_0_n_224_id_39_fk_orig1_bm1-s0to100br1-s100to200br1-s200to300br3.pdb,157,"2,0,13,16,19,16,19,14,11,3,10,18,19,19,6,18,7,15,2,12,16,9,6,4,11,13,14,19,6,11,5,10,3,10,0,0,10,9,19,18,17,6,12,6,3,11,2,9,9,5,13,19,8,7,6,6,3,10,11,19,5,8,15,15,18,1,5,1,0,1,10,10,11,3,5,10,15,10,7,2,0,0,10,5,9,16,3,19,11,10,5,3,0,7,19,18,1,4,12,9,15,18,7,7,0,3,18,11,1,9,16,19,11,19,2,0,14,11,3,10,18,19,19,6,18,7,15,2,12,16,9,6,4,11,13,14,19,6,11,5,10,3,10,0,0,10,9,19,18,17,6,12,6,3,11,2,9,9,5,13,19,8,7,6,6,3,10,11,19,5,8,15,15,18,1,5,1,0,1,10,10,11,3,5,10,15,10,7,2,0,0,10,5,9,16,3,19,11,10,5,3,0,7,19,18,1,4,12,9,15,18,7,7,0,3,18,11,1,9,16,19,11,19,2,0,0,0,0,0",0.6314643,0.30218586,0.7432147,3.0,0.04307361,73.16629,0.043682296,1.0,0.043682296,0.32097122,0.012606699,0.0,0.0,0.04307361,0.0022614913,0.8491023,0.32097122,3.1857533,1.3873955,73.16629,0.6314643,3.8970315,220.54343,0.011930293,0.04246492,1.0,220.54343,0.25678527,0.1508977,3.1857533,0.0022614913,0.013283104,0.30218586,0.0,1.3873955,3.8970315,0.011930293,0.52643144,0.0,0.013283104,0.52643144,0.5918145,0.04246492,1.0,0.012606699,lookahead,fk_orig1_bm1-s0to100br1-s100to200br1-s200to300br3
/work/T-REX/external/Proteina-Complexa/inference/search_binder_local_pipeline_32_PDL1_ALPHA_REPACK_v7_r005_cand_v7r005_hyp_0005_01_002_a224316cffb43/job_0_n_180_id_39_fk_orig2_bm0-s0to100br1-s100to200br3-s200to300br3/job_0_n_180_id_39_fk_orig2_bm0-s0to100br1-s100to200br3-s200to300br3.pdb,158,"2,0,13,16,19,16,19,14,11,3,10,18,19,19,6,18,7,15,2,12,16,9,6,4,11,13,14,19,6,11,5,10,3,10,0,0,10,9,19,18,17,6,12,6,3,11,2,9,9,5,13,19,8,7,6,6,3,10,11,19,5,8,15,15,18,1,5,1,0,1,10,10,11,3,5,10,15,10,7,2,0,0,10,5,9,16,3,19,11,10,5,3,0,7,19,18,1,4,12,9,15,18,7,7,0,3,18,11,1,9,16,19,11,19,2,0,15,19,9,6,0,9,3,10,11,10,5,7,1,11,6,13,3,0,7,2,10,6,6,0,6,11,10,18,1,1,0,13,6,9,18,11,11,10,7,2,10,0,6,0,6,11,19,1,3,6,10,2,11,19,10,6,11,10,7,11,6,14,14,14,0,0,0,0,0,0,0,0,0,0,0,0,0,0,0,0,0,0,0,0,0,0,0,0,0,0,0,0,0,0,0,0,0,0,0,0,0,0,0,0,0,0,0,0,0,0,0,0,0",0.64340526,0.31173348,0.7874937,3.0,0.015129124,93.04114,0.015633885,1.0,0.015633885,0.38737315,0.0122253075,0.0,0.0,0.015129124,0.015786055,0.8093578,0.38737315,7.387253,1.4640191,93.04114,0.64340526,3.9644413,180.31102,0.011425085,0.014624363,1.0,180.31102,0.21250632,0.19064218,7.387253,0.015786055,0.01302553,0.31173348,0.0,1.4640191,3.9644413,0.011425085,0.55296445,0.0,0.01302553,0.55296445,0.65045434,0.014624363,1.0,0.0122253075,lookahead,fk_orig2_bm0-s0to100br1-s100to200br3-s200to300br3
/work/T-REX/external/Proteina-Complexa/inference/search_binder_local_pipeline_32_PDL1_ALPHA_REPACK_v7_r005_cand_v7r005_hyp_0005_01_002_a224316cffb43/job_0_n_229_id_39_fk_orig3_bm3-s0to100br1-s100to200br2-s200to300br3/job_0_n_229_id_39_fk_orig3_bm3-s0to100br1-s100to200br2-s200to300br3.pdb,159,"2,0,13,16,19,16,19,14,11,3,10,18,19,19,6,18,7,15,2,12,16,9,6,4,11,13,14,19,6,11,5,10,3,10,0,0,10,9,19,18,17,6,12,6,3,11,2,9,9,5,13,19,8,7,6,6,3,10,11,19,5,8,15,15,18,1,5,1,0,1,10,10,11,3,5,10,15,10,7,2,0,0,10,5,9,16,3,19,11,10,5,3,0,7,19,18,1,4,12,9,15,18,7,7,0,3,18,11,1,9,16,19,11,19,2,0,13,16,19,16,19,14,11,3,10,18,19,19,6,18,7,15,2,12,16,9,6,4,11,13,14,19,6,11,5,10,3,10,0,0,10,9,19,18,17,6,12,6,3,11,2,9,9,5,13,19,8,7,6,6,3,10,11,19,5,8,15,15,18,1,5,1,0,1,10,10,11,3,5,10,15,10,7,2,0,0,10,5,9,16,3,19,11,10,5,3,0,7,19,18,1,4,12,9,15,18,7,7,0,3,18,11,1,9,16,19,11,19,2",0.6287606,0.29749617,0.7395954,3.0,0.043750484,71.036285,0.046189275,1.0,0.046189275,0.3105025,0.0124780815,0.0,0.0,0.043750484,0.0017328594,0.86095417,0.3105025,2.786203,1.2877408,71.036285,0.6287606,3.8671386,212.7455,0.012142043,0.041311692,1.0,212.7455,0.26040456,0.13904582,2.786203,0.0017328594,0.012814119,0.29749617,0.0,1.2877408,3.8671386,0.012142043,0.52438307,0.0,0.012814119,0.52438307,0.58724165,0.041311692,1.0,0.0124780815,lookahead,fk_orig3_bm3-s0to100br1-s100to200br2-s200to300br3
/work/T-REX/external/Proteina-Complexa/inference/search_binder_local_pipeline_32_PDL1_ALPHA_REPACK_v7_r005_cand_v7r005_hyp_0005_01_002_a224316cffb43/job_0_n_194_id_40_fk_orig0_bm2-s0to100br3-s100to200br2-s200to300br0/job_0_n_194_id_40_fk_orig0_bm2-s0to100br3-s100to200br2-s200to300br0.pdb,160,"2,0,13,16,19,16,19,14,11,3,10,18,19,19,6,18,7,15,2,12,16,9,6,4,11,13,14,19,6,11,5,10,3,10,0,0,10,9,19,18,17,6,12,6,3,11,2,9,9,5,13,19,8,7,6,6,3,10,11,19,5,8,15,15,18,1,5,1,0,1,10,10,11,3,5,10,15,10,7,2,0,0,10,5,9,16,3,19,11,10,5,3,0,7,19,18,1,4,12,9,15,18,7,7,0,3,18,11,1,9,16,19,11,19,2,0,15,15,3,6,5,6,13,10,6,0,10,11,0,7,3,19,3,11,9,7,15,13,15,1,19,3,15,6,9,7,2,10,4,1,6,10,13,7,0,7,11,19,2,0,5,3,11,3,7,11,16,10,13,8,10,0,0,6,2,7,0,6,6,19,19,11,13,10,10,11,17,7,0,3,14,2,9,19,0,0,0,0,0,0,0,0,0,0,0,0,0,0,0,0,0,0,0,0,0,0,0,0,0,0,0,0,0,0,0,0,0,0,0",0.60659367,0.39660972,0.79934865,3.0,0.0104930075,122.97834,0.0149731105,1.0,0.0149731105,0.41717649,0.005349702,0.0,0.0,0.0104930075,0.0076439036,0.71542734,0.41717649,15.500427,2.0127518,122.97834,0.60659367,4.014647,277.00146,0.0,0.0060129045,1.0,277.00146,0.20065135,0.28457266,15.500427,0.0076439036,0.010699404,0.39660972,0.0,2.0127518,4.014647,0.0,0.6029223,0.0,0.010699404,0.6029223,0.61743444,0.0060129045,1.0,0.005349702,lookahead,fk_orig0_bm2-s0to100br3-s100to200br2-s200to300br0
/work/T-REX/external/Proteina-Complexa/inference/search_binder_local_pipeline_32_PDL1_ALPHA_REPACK_v7_r005_cand_v7r005_hyp_0005_01_002_a224316cffb43/job_0_n_224_id_40_fk_orig1_bm3-s0to100br1-s100to200br3-s200to300br0/job_0_n_224_id_40_fk_orig1_bm3-s0to100br1-s100to200br3-s200to300br0.pdb,161,"2,0,13,16,19,16,19,14,11,3,10,18,19,19,6,18,7,15,2,12,16,9,6,4,11,13,14,19,6,11,5,10,3,10,0,0,10,9,19,18,17,6,12,6,3,11,2,9,9,5,13,19,8,7,6,6,3,10,11,19,5,8,15,15,18,1,5,1,0,1,10,10,11,3,5,10,15,10,7,2,0,0,10,5,9,16,3,19,11,10,5,3,0,7,19,18,1,4,12,9,15,18,7,7,0,3,18,11,1,9,16,19,11,19,2,0,16,19,16,19,14,11,3,10,18,19,19,6,6,7,15,2,19,16,10,6,4,11,14,15,1,16,10,3,10,15,16,10,15,19,10,17,11,7,14,2,3,11,16,19,9,8,13,0,2,7,6,6,10,14,19,5,8,15,15,18,11,7,1,0,1,10,10,11,3,2,2,18,0,10,5,9,16,3,10,11,10,5,3,15,7,19,18,16,4,10,19,15,3,15,11,7,9,0,3,0,15,16,16,10,11,19,2,0,0,0,0,0,0",0.5936281,0.3914907,0.81624556,3.0,0.006053631,111.55429,0.006201432,1.0,0.006201432,0.37958217,0.0,0.0,0.0,0.006053631,0.0019050152,0.8279837,0.37958217,10.715262,1.4655917,111.55429,0.5936281,4.1816316,230.81172,0.0,0.0059058303,1.0,230.81172,0.18375447,0.17201631,10.715262,0.0019050152,0.0,0.3914907,0.0,1.4655917,4.1816316,0.0,0.63679385,0.0,0.0,0.63679385,0.55497974,0.0059058303,1.0,0.0,lookahead,fk_orig1_bm3-s0to100br1-s100to200br3-s200to300br0
/work/T-REX/external/Proteina-Complexa/inference/search_binder_local_pipeline_32_PDL1_ALPHA_REPACK_v7_r005_cand_v7r005_hyp_0005_01_002_a224316cffb43/job_0_n_180_id_40_fk_orig2_bm1-s0to100br0-s100to200br2-s200to300br0/job_0_n_180_id_40_fk_orig2_bm1-s0to100br0-s100to200br2-s200to300br0.pdb,162,"2,0,13,16,19,16,19,14,11,3,10,18,19,19,6,18,7,15,2,12,16,9,6,4,11,13,14,19,6,11,5,10,3,10,0,0,10,9,19,18,17,6,12,6,3,11,2,9,9,5,13,19,8,7,6,6,3,10,11,19,5,8,15,15,18,1,5,1,0,1,10,10,11,3,5,10,15,10,7,2,0,0,10,5,9,16,3,19,11,10,5,3,0,7,19,18,1,4,12,9,15,18,7,7,0,3,18,11,1,9,16,19,11,19,2,0,15,12,16,0,15,3,1,8,10,10,6,0,0,11,0,7,5,3,3,5,19,1,11,10,10,0,3,7,0,3,19,2,0,16,3,6,13,7,11,16,0,10,8,10,0,0,10,2,7,8,10,6,9,19,6,6,10,10,11,8,7,0,3,19,0,0,0,0,0,0,0,0,0,0,0,0,0,0,0,0,0,0,0,0,0,0,0,0,0,0,0,0,0,0,0,0,0,0,0,0,0,0,0,0,0,0,0,0,0,0,0,0,0",0.6219433,0.3912394,0.79653406,3.0,0.010903478,121.60663,0.015955934,1.0,0.015955934,0.4060726,0.0057896636,0.0,0.0,0.010903478,0.007682617,0.79736567,0.4060726,17.157656,1.4862132,121.60663,0.6219433,3.9359233,266.7067,0.0,0.0058510206,1.0,266.7067,0.20346591,0.20263436,17.157656,0.007682617,0.011579327,0.3912394,0.0,1.4862132,3.9359233,0.0,0.5837613,0.0,0.011579327,0.5837613,0.64889556,0.0058510206,1.0,0.0057896636,lookahead,fk_orig2_bm1-s0to100br0-s100to200br2-s200to300br0
/work/T-REX/external/Proteina-Complexa/inference/search_binder_local_pipeline_32_PDL1_ALPHA_REPACK_v7_r005_cand_v7r005_hyp_0005_01_002_a224316cffb43/job_0_n_229_id_40_fk_orig3_bm3-s0to100br1-s100to200br0-s200to300br0/job_0_n_229_id_40_fk_orig3_bm3-s0to100br1-s100to200br0-s200to300br0.pdb,163,"2,0,13,16,19,16,19,14,11,3,10,18,19,19,6,18,7,15,2,12,16,9,6,4,11,13,14,19,6,11,5,10,3,10,0,0,10,9,19,18,17,6,12,6,3,11,2,9,9,5,13,19,8,7,6,6,3,10,11,19,5,8,15,15,18,1,5,1,0,1,10,10,11,3,5,10,15,10,7,2,0,0,10,5,9,16,3,19,11,10,5,3,0,7,19,18,1,4,12,9,15,18,7,7,0,3,18,11,1,9,16,19,11,19,2,0,13,16,19,16,19,14,11,3,10,18,19,19,6,18,7,15,2,12,16,9,6,4,11,13,14,19,6,11,5,10,3,10,0,0,10,9,19,18,17,6,12,6,3,11,2,9,9,5,13,19,8,7,6,6,3,10,11,19,5,8,15,15,18,1,5,1,0,1,10,10,11,3,5,10,15,10,7,2,0,0,10,5,9,16,3,19,11,10,5,3,0,7,19,18,1,4,12,9,15,18,7,7,0,3,18,11,1,9,16,19,11,19,2",0.624017,0.3015874,0.74104065,3.0,0.041411474,72.98006,0.044276074,1.0,0.044276074,0.31300557,0.012097602,0.0,0.0,0.041411474,0.001784101,0.8613213,0.31300557,2.8460724,1.291939,72.98006,0.624017,3.8806226,216.66338,0.011926435,0.03854687,1.0,216.66338,0.25895935,0.13867873,2.8460724,0.001784101,0.012268769,0.3015874,0.0,1.291939,3.8806226,0.011926435,0.5289554,0.0,0.012268769,0.5289554,0.58638257,0.03854687,1.0,0.012097602,lookahead,fk_orig3_bm3-s0to100br1-s100to200br0-s200to300br0
/work/T-REX/external/Proteina-Complexa/inference/search_binder_local_pipeline_32_PDL1_ALPHA_REPACK_v7_r005_cand_v7r005_hyp_0005_01_002_a224316cffb43/job_0_n_194_id_41_fk_orig0_bm2-s0to100br3-s100to200br2-s200to300br1/job_0_n_194_id_41_fk_orig0_bm2-s0to100br3-s100to200br2-s200to300br1.pdb,164,"2,0,13,16,19,16,19,14,11,3,10,18,19,19,6,18,7,15,2,12,16,9,6,4,11,13,14,19,6,11,5,10,3,10,0,0,10,9,19,18,17,6,12,6,3,11,2,9,9,5,13,19,8,7,6,6,3,10,11,19,5,8,15,15,18,1,5,1,0,1,10,10,11,3,5,10,15,10,7,2,0,0,10,5,9,16,3,19,11,10,5,3,0,7,19,18,1,4,12,9,15,18,7,7,0,3,18,11,1,9,16,19,11,19,2,0,15,15,3,6,11,6,13,10,6,0,10,11,0,7,3,19,3,11,19,7,1,13,15,16,19,3,15,6,9,7,11,10,4,1,6,19,13,7,0,7,11,19,2,0,5,3,11,2,7,11,16,10,10,8,10,0,0,6,19,7,0,6,6,12,19,11,13,10,10,11,17,7,0,3,14,2,9,19,0,0,0,0,0,0,0,0,0,0,0,0,0,0,0,0,0,0,0,0,0,0,0,0,0,0,0,0,0,0,0,0,0,0,0",0.6219152,0.36841765,0.79842865,3.0,0.012511318,124.04931,0.018960673,1.0,0.018960673,0.3969328,0.005910218,0.0,0.0,0.012511318,0.006676736,0.77261835,0.3969328,16.507412,1.7591894,124.04931,0.6219152,3.9653254,281.9256,0.0,0.0060619623,1.0,281.9256,0.20157135,0.22738163,16.507412,0.006676736,0.011820436,0.36841765,0.0,1.7591894,3.9653254,0.0,0.58823913,0.0,0.011820436,0.58823913,0.61819434,0.0060619623,1.0,0.005910218,lookahead,fk_orig0_bm2-s0to100br3-s100to200br2-s200to300br1
/work/T-REX/external/Proteina-Complexa/inference/search_binder_local_pipeline_32_PDL1_ALPHA_REPACK_v7_r005_cand_v7r005_hyp_0005_01_002_a224316cffb43/job_0_n_224_id_41_fk_orig1_bm3-s0to100br1-s100to200br3-s200to300br1/job_0_n_224_id_41_fk_orig1_bm3-s0to100br1-s100to200br3-s200to300br1.pdb,165,"2,0,13,16,19,16,19,14,11,3,10,18,19,19,6,18,7,15,2,12,16,9,6,4,11,13,14,19,6,11,5,10,3,10,0,0,10,9,19,18,17,6,12,6,3,11,2,9,9,5,13,19,8,7,6,6,3,10,11,19,5,8,15,15,18,1,5,1,0,1,10,10,11,3,5,10,15,10,7,2,0,0,10,5,9,16,3,19,11,10,5,3,0,7,19,18,1,4,12,9,15,18,7,7,0,3,18,11,1,9,16,19,11,19,2,0,15,19,16,19,14,11,3,10,18,19,19,6,0,7,15,2,19,16,10,6,4,19,14,2,11,16,10,3,10,15,16,10,15,19,10,17,11,7,14,2,2,11,10,19,9,18,18,19,2,7,6,6,5,14,19,5,8,15,15,18,5,7,1,0,1,10,10,16,2,2,2,18,0,10,5,9,16,2,10,1,10,5,3,15,7,19,18,6,4,10,9,15,3,3,10,7,9,7,3,0,11,9,16,10,11,19,2,0,0,0,0,0,0",0.6055162,0.31799853,0.7555527,3.0,0.03078363,123.65309,0.031047111,1.0,0.031047111,0.3468543,0.011710269,0.0,0.0,0.03078363,0.0024460026,0.8173159,0.3468543,15.972571,1.5918472,123.65309,0.6055162,3.9582787,238.22408,0.0109842345,0.03052015,1.0,238.22408,0.2444473,0.18268414,15.972571,0.0024460026,0.012436305,0.31799853,0.0,1.5918472,3.9582787,0.0109842345,0.5585965,0.0,0.012436305,0.5585965,0.5843823,0.03052015,1.0,0.011710269,lookahead,fk_orig1_bm3-s0to100br1-s100to200br3-s200to300br1
/work/T-REX/external/Proteina-Complexa/inference/search_binder_local_pipeline_32_PDL1_ALPHA_REPACK_v7_r005_cand_v7r005_hyp_0005_01_002_a224316cffb43/job_0_n_180_id_41_fk_orig2_bm1-s0to100br0-s100to200br2-s200to300br1/job_0_n_180_id_41_fk_orig2_bm1-s0to100br0-s100to200br2-s200to300br1.pdb,166,"2,0,13,16,19,16,19,14,11,3,10,18,19,19,6,18,7,15,2,12,16,9,6,4,11,13,14,19,6,11,5,10,3,10,0,0,10,9,19,18,17,6,12,6,3,11,2,9,9,5,13,19,8,7,6,6,3,10,11,19,5,8,15,15,18,1,5,1,0,1,10,10,11,3,5,10,15,10,7,2,0,0,10,5,9,16,3,19,11,10,5,3,0,7,19,18,1,4,12,9,15,18,7,7,0,3,18,11,1,9,16,19,11,19,2,0,12,12,16,14,10,2,1,10,10,10,6,0,0,11,0,7,5,3,3,5,19,1,11,10,10,0,3,7,0,3,19,2,0,16,3,11,13,7,11,16,0,10,8,10,0,0,3,2,7,8,10,6,9,19,6,6,10,10,11,8,7,0,3,19,0,0,0,0,0,0,0,0,0,0,0,0,0,0,0,0,0,0,0,0,0,0,0,0,0,0,0,0,0,0,0,0,0,0,0,0,0,0,0,0,0,0,0,0,0,0,0,0,0",0.5321371,0.16868864,0.459136,3.0,0.16100259,39.32783,0.18994105,1.0,0.18994105,0.23220561,0.15177342,0.0,0.0,0.16100259,0.006768875,0.8856578,0.23220561,1.7671323,1.4209242,39.32783,0.5321371,2.8826275,163.85837,0.12903684,0.13206413,1.0,163.85837,0.540864,0.11434221,1.7671323,0.006768875,0.17450999,0.16868864,0.0,1.4209242,2.8826275,0.12903684,0.3175695,0.0,0.17450999,0.3175695,0.7619511,0.13206413,1.0,0.15177342,lookahead,fk_orig2_bm1-s0to100br0-s100to200br2-s200to300br1
/work/T-REX/external/Proteina-Complexa/inference/search_binder_local_pipeline_32_PDL1_ALPHA_REPACK_v7_r005_cand_v7r005_hyp_0005_01_002_a224316cffb43/job_0_n_229_id_41_fk_orig3_bm3-s0to100br1-s100to200br0-s200to300br1/job_0_n_229_id_41_fk_orig3_bm3-s0to100br1-s100to200br0-s200to300br1.pdb,167,"2,0,13,16,19,16,19,14,11,3,10,18,19,19,6,18,7,15,2,12,16,9,6,4,11,13,14,19,6,11,5,10,3,10,0,0,10,9,19,18,17,6,12,6,3,11,2,9,9,5,13,19,8,7,6,6,3,10,11,19,5,8,15,15,18,1,5,1,0,1,10,10,11,3,5,10,15,10,7,2,0,0,10,5,9,16,3,19,11,10,5,3,0,7,19,18,1,4,12,9,15,18,7,7,0,3,18,11,1,9,16,19,11,19,2,0,13,16,19,16,19,14,11,3,10,18,19,19,6,18,7,15,2,12,16,9,6,4,11,13,14,19,6,11,5,10,3,10,0,0,10,9,19,18,17,6,12,6,3,11,2,9,9,5,13,19,8,7,6,6,3,10,11,19,5,8,15,15,18,1,5,1,0,1,10,10,11,3,5,10,15,10,7,2,0,0,10,5,9,16,3,19,11,10,5,3,0,7,19,18,1,4,12,9,15,18,7,7,0,3,18,11,1,9,16,19,11,19,2",0.62696,0.29917684,0.7394948,3.0,0.044395976,72.78033,0.04728106,1.0,0.04728106,0.31201825,0.012265293,0.0,0.0,0.044395976,0.001821635,0.860993,0.31201825,2.9614925,1.2928587,72.78033,0.62696,3.8748941,212.89546,0.012053944,0.041510887,1.0,212.89546,0.26050517,0.13900699,2.9614925,0.001821635,0.012476642,0.29917684,0.0,1.2928587,3.8748941,0.012053944,0.5266782,0.0,0.012476642,0.5266782,0.5870188,0.041510887,1.0,0.012265293,lookahead,fk_orig3_bm3-s0to100br1-s100to200br0-s200to300br1
/work/T-REX/external/Proteina-Complexa/inference/search_binder_local_pipeline_32_PDL1_ALPHA_REPACK_v7_r005_cand_v7r005_hyp_0005_01_002_a224316cffb43/job_0_n_194_id_42_fk_orig0_bm2-s0to100br3-s100to200br2-s200to300br2/job_0_n_194_id_42_fk_orig0_bm2-s0to100br3-s100to200br2-s200to300br2.pdb,168,"2,0,13,16,19,16,19,14,11,3,10,18,19,19,6,18,7,15,2,12,16,9,6,4,11,13,14,19,6,11,5,10,3,10,0,0,10,9,19,18,17,6,12,6,3,11,2,9,9,5,13,19,8,7,6,6,3,10,11,19,5,8,15,15,18,1,5,1,0,1,10,10,11,3,5,10,15,10,7,2,0,0,10,5,9,16,3,19,11,10,5,3,0,7,19,18,1,4,12,9,15,18,7,7,0,3,18,11,1,9,16,19,11,19,2,0,15,16,6,6,11,6,13,10,6,0,10,11,0,7,3,9,3,11,9,7,15,13,15,16,15,16,15,6,9,7,10,10,4,1,6,10,13,7,0,7,11,19,2,0,5,3,11,15,7,11,16,10,10,8,10,0,0,2,19,7,0,6,6,4,19,11,13,10,10,11,17,7,0,3,14,2,9,19,0,0,0,0,0,0,0,0,0,0,0,0,0,0,0,0,0,0,0,0,0,0,0,0,0,0,0,0,0,0,0,0,0,0,0",0.5980345,0.30429035,0.6936571,3.0,0.047004893,126.05301,0.060302846,1.0,0.060302846,0.3424466,0.013145541,0.0,0.0,0.047004893,0.0028101993,0.7612144,0.3424466,18.114937,1.8442965,126.05301,0.5980345,3.6620202,282.2574,0.011984072,0.03370694,1.0,282.2574,0.3063429,0.23878562,18.114937,0.0028101993,0.01430701,0.30429035,0.0,1.8442965,3.6620202,0.011984072,0.48945603,0.0,0.01430701,0.48945603,0.65969265,0.03370694,1.0,0.013145541,lookahead,fk_orig0_bm2-s0to100br3-s100to200br2-s200to300br2
/work/T-REX/external/Proteina-Complexa/inference/search_binder_local_pipeline_32_PDL1_ALPHA_REPACK_v7_r005_cand_v7r005_hyp_0005_01_002_a224316cffb43/job_0_n_224_id_42_fk_orig1_bm3-s0to100br1-s100to200br3-s200to300br2/job_0_n_224_id_42_fk_orig1_bm3-s0to100br1-s100to200br3-s200to300br2.pdb,169,"2,0,13,16,19,16,19,14,11,3,10,18,19,19,6,18,7,15,2,12,16,9,6,4,11,13,14,19,6,11,5,10,3,10,0,0,10,9,19,18,17,6,12,6,3,11,2,9,9,5,13,19,8,7,6,6,3,10,11,19,5,8,15,15,18,1,5,1,0,1,10,10,11,3,5,10,15,10,7,2,0,0,10,5,9,16,3,19,11,10,5,3,0,7,19,18,1,4,12,9,15,18,7,7,0,3,18,11,1,9,16,19,11,19,2,0,16,19,16,19,14,11,3,10,18,19,19,6,18,7,15,16,19,16,10,6,4,11,14,3,11,5,10,3,10,15,16,10,15,19,10,17,11,7,14,2,3,11,2,9,9,5,13,0,2,7,6,6,10,11,19,5,8,15,15,18,1,5,1,0,1,10,10,11,3,11,2,13,0,10,6,9,15,3,10,11,10,15,3,15,7,19,18,16,4,10,9,15,3,15,10,7,9,3,3,0,16,9,16,10,11,19,2,0,0,0,0,0,0",0.5052984,0.15800494,0.4226535,3.0,0.20520762,53.53827,0.20522216,1.0,0.20522216,0.2304417,0.19572157,0.0,0.0,0.20520762,0.0027116437,0.8716712,0.2304417,3.272583,1.5724697,53.53827,0.5052984,3.3269145,197.83409,0.19386682,0.20519306,1.0,197.83409,0.5773465,0.12832882,3.272583,0.0027116437,0.19757631,0.15800494,0.0,1.5724697,3.3269145,0.19386682,0.3338895,0.0,0.19757631,0.3338895,0.7452777,0.20519306,1.0,0.19572157,lookahead,fk_orig1_bm3-s0to100br1-s100to200br3-s200to300br2
/work/T-REX/external/Proteina-Complexa/inference/search_binder_local_pipeline_32_PDL1_ALPHA_REPACK_v7_r005_cand_v7r005_hyp_0005_01_002_a224316cffb43/job_0_n_180_id_42_fk_orig2_bm1-s0to100br0-s100to200br2-s200to300br2/job_0_n_180_id_42_fk_orig2_bm1-s0to100br0-s100to200br2-s200to300br2.pdb,170,"2,0,13,16,19,16,19,14,11,3,10,18,19,19,6,18,7,15,2,12,16,9,6,4,11,13,14,19,6,11,5,10,3,10,0,0,10,9,19,18,17,6,12,6,3,11,2,9,9,5,13,19,8,7,6,6,3,10,11,19,5,8,15,15,18,1,5,1,0,1,10,10,11,3,5,10,15,10,7,2,0,0,10,5,9,16,3,19,11,10,5,3,0,7,19,18,1,4,12,9,15,18,7,7,0,3,18,11,1,9,16,19,11,19,2,0,15,12,16,0,15,3,1,10,10,10,6,0,0,11,0,7,5,3,3,5,19,1,11,10,10,0,3,7,0,3,19,2,0,16,3,6,13,7,11,16,0,10,8,10,0,0,10,2,7,8,10,6,9,19,6,6,10,10,11,8,7,0,3,19,0,0,0,0,0,0,0,0,0,0,0,0,0,0,0,0,0,0,0,0,0,0,0,0,0,0,0,0,0,0,0,0,0,0,0,0,0,0,0,0,0,0,0,0,0,0,0,0,0",0.61902213,0.39788917,0.7957065,3.0,0.010326603,121.71184,0.014992111,1.0,0.014992111,0.406682,0.0058254823,0.0,0.0,0.010326603,0.0057316413,0.7975457,0.406682,16.96342,1.472977,121.71184,0.61902213,3.942543,266.11194,0.0,0.005661096,1.0,266.11194,0.20429347,0.2024543,16.96342,0.0057316413,0.011650965,0.39788917,0.0,1.472977,3.942543,0.0,0.58486426,0.0,0.011650965,0.58486426,0.6489385,0.005661096,1.0,0.0058254823,lookahead,fk_orig2_bm1-s0to100br0-s100to200br2-s200to300br2
/work/T-REX/external/Proteina-Complexa/inference/search_binder_local_pipeline_32_PDL1_ALPHA_REPACK_v7_r005_cand_v7r005_hyp_0005_01_002_a224316cffb43/job_0_n_229_id_42_fk_orig3_bm3-s0to100br1-s100to200br0-s200to300br2/job_0_n_229_id_42_fk_orig3_bm3-s0to100br1-s100to200br0-s200to300br2.pdb,171,"2,0,13,16,19,16,19,14,11,3,10,18,19,19,6,18,7,15,2,12,16,9,6,4,11,13,14,19,6,11,5,10,3,10,0,0,10,9,19,18,17,6,12,6,3,11,2,9,9,5,13,19,8,7,6,6,3,10,11,19,5,8,15,15,18,1,5,1,0,1,10,10,11,3,5,10,15,10,7,2,0,0,10,5,9,16,3,19,11,10,5,3,0,7,19,18,1,4,12,9,15,18,7,7,0,3,18,11,1,9,16,19,11,19,2,0,13,16,19,16,19,14,11,3,10,18,19,19,6,18,7,15,2,12,16,9,6,4,11,13,14,19,6,11,5,10,3,10,0,0,10,9,19,18,17,6,12,6,3,11,2,9,9,5,13,19,8,7,6,6,3,10,11,19,5,8,15,15,18,1,5,1,0,1,10,10,11,3,5,10,15,10,7,2,0,0,10,5,9,16,3,19,11,10,5,3,0,7,19,18,1,4,12,9,15,18,7,7,0,3,18,11,1,9,16,19,11,19,2",0.63223195,0.2940634,0.7425399,3.0,0.042404942,63.349155,0.043083157,1.0,0.043083157,0.31006467,0.0129044745,0.0,0.0,0.042404942,0.0017740516,0.86110276,0.31006467,2.8989697,1.2811711,63.349155,0.63223195,3.863063,213.48657,0.012455094,0.041726723,1.0,213.48657,0.25746012,0.13889724,2.8989697,0.0017740516,0.013353856,0.2940634,0.0,1.2811711,3.863063,0.012455094,0.5239828,0.0,0.013353856,0.5239828,0.5857477,0.041726723,1.0,0.0129044745,lookahead,fk_orig3_bm3-s0to100br1-s100to200br0-s200to300br2
/work/T-REX/external/Proteina-Complexa/inference/search_binder_local_pipeline_32_PDL1_ALPHA_REPACK_v7_r005_cand_v7r005_hyp_0005_01_002_a224316cffb43/job_0_n_194_id_43_fk_orig0_bm2-s0to100br3-s100to200br2-s200to300br3/job_0_n_194_id_43_fk_orig0_bm2-s0to100br3-s100to200br2-s200to300br3.pdb,172,"2,0,13,16,19,16,19,14,11,3,10,18,19,19,6,18,7,15,2,12,16,9,6,4,11,13,14,19,6,11,5,10,3,10,0,0,10,9,19,18,17,6,12,6,3,11,2,9,9,5,13,19,8,7,6,6,3,10,11,19,5,8,15,15,18,1,5,1,0,1,10,10,11,3,5,10,15,10,7,2,0,0,10,5,9,16,3,19,11,10,5,3,0,7,19,18,1,4,12,9,15,18,7,7,0,3,18,11,1,9,16,19,11,19,2,0,15,0,6,6,5,6,13,10,6,0,10,11,0,7,3,11,3,11,19,7,15,13,15,11,15,16,15,6,9,7,11,10,12,1,6,9,13,7,0,7,11,19,2,0,5,3,11,18,7,11,16,0,10,8,10,0,0,6,2,7,0,6,6,12,19,11,13,13,10,11,17,7,0,3,14,2,9,19,0,0,0,0,0,0,0,0,0,0,0,0,0,0,0,0,0,0,0,0,0,0,0,0,0,0,0,0,0,0,0,0,0,0,0",0.57847995,0.48527756,0.8231182,3.0,0.004792161,123.347755,0.009584322,1.0,0.009584322,0.4460857,0.0,0.0,0.0,0.004792161,0.004470699,0.73207414,0.4460857,18.902212,1.8674729,123.347755,0.57847995,4.1424894,269.7752,0.0,0.0,1.0,269.7752,0.17688179,0.26792586,18.902212,0.004470699,0.0,0.48527756,0.0,1.8674729,4.1424894,0.0,0.6609895,0.0,0.0,0.6609895,0.6111485,0.0,1.0,0.0,lookahead,fk_orig0_bm2-s0to100br3-s100to200br2-s200to300br3
/work/T-REX/external/Proteina-Complexa/inference/search_binder_local_pipeline_32_PDL1_ALPHA_REPACK_v7_r005_cand_v7r005_hyp_0005_01_002_a224316cffb43/job_0_n_224_id_43_fk_orig1_bm3-s0to100br1-s100to200br3-s200to300br3/job_0_n_224_id_43_fk_orig1_bm3-s0to100br1-s100to200br3-s200to300br3.pdb,173,"2,0,13,16,19,16,19,14,11,3,10,18,19,19,6,18,7,15,2,12,16,9,6,4,11,13,14,19,6,11,5,10,3,10,0,0,10,9,19,18,17,6,12,6,3,11,2,9,9,5,13,19,8,7,6,6,3,10,11,19,5,8,15,15,18,1,5,1,0,1,10,10,11,3,5,10,15,10,7,2,0,0,10,5,9,16,3,19,11,10,5,3,0,7,19,18,1,4,12,9,15,18,7,7,0,3,18,11,1,9,16,19,11,19,2,0,16,19,16,19,14,11,3,10,18,19,19,6,0,7,15,2,19,16,10,6,4,19,14,3,11,5,10,3,10,15,16,10,15,9,10,17,11,7,14,2,2,11,16,19,9,13,13,15,2,7,6,6,5,14,19,5,8,15,15,18,11,7,1,0,11,10,10,16,2,2,2,18,0,10,5,10,16,3,10,11,10,15,3,15,7,19,18,6,4,9,19,15,3,15,2,7,9,1,3,0,11,9,16,10,11,19,11,0,0,0,0,0,0",0.5294328,0.21667536,0.5576368,3.0,0.120275855,123.74746,0.1322871,1.0,0.1322871,0.27460292,0.037278846,0.0,0.0,0.120275855,0.0031918215,0.8515399,0.27460292,23.039232,1.5147895,123.74746,0.5294328,3.4187107,243.38914,0.019440882,0.10826462,1.0,243.38914,0.4423632,0.1484601,23.039232,0.0031918215,0.05511681,0.21667536,0.0,1.5147895,3.4187107,0.019440882,0.4272983,0.0,0.05511681,0.4272983,0.6746246,0.10826462,1.0,0.037278846,lookahead,fk_orig1_bm3-s0to100br1-s100to200br3-s200to300br3
/work/T-REX/external/Proteina-Complexa/inference/search_binder_local_pipeline_32_PDL1_ALPHA_REPACK_v7_r005_cand_v7r005_hyp_0005_01_002_a224316cffb43/job_0_n_180_id_43_fk_orig2_bm1-s0to100br0-s100to200br2-s200to300br3/job_0_n_180_id_43_fk_orig2_bm1-s0to100br0-s100to200br2-s200to300br3.pdb,174,"2,0,13,16,19,16,19,14,11,3,10,18,19,19,6,18,7,15,2,12,16,9,6,4,11,13,14,19,6,11,5,10,3,10,0,0,10,9,19,18,17,6,12,6,3,11,2,9,9,5,13,19,8,7,6,6,3,10,11,19,5,8,15,15,18,1,5,1,0,1,10,10,11,3,5,10,15,10,7,2,0,0,10,5,9,16,3,19,11,10,5,3,0,7,19,18,1,4,12,9,15,18,7,7,0,3,18,11,1,9,16,19,11,19,2,0,15,12,16,14,19,3,1,10,10,10,6,0,0,11,0,7,5,3,3,12,19,1,11,10,10,0,3,7,0,3,19,2,0,15,3,11,13,7,11,16,0,10,8,10,0,0,3,2,7,8,10,6,9,19,6,6,10,10,11,8,7,0,3,19,0,0,0,0,0,0,0,0,0,0,0,0,0,0,0,0,0,0,0,0,0,0,0,0,0,0,0,0,0,0,0,0,0,0,0,0,0,0,0,0,0,0,0,0,0,0,0,0,0",0.6035919,0.27920082,0.6828736,3.0,0.050068446,90.47971,0.055485517,1.0,0.055485517,0.33026937,0.013537972,0.0,0.0,0.050068446,0.003428204,0.8244812,0.33026937,8.3566265,1.4300201,90.47971,0.6035919,3.4828212,204.25424,0.012447911,0.044651378,1.0,204.25424,0.3171264,0.17551881,8.3566265,0.003428204,0.014628033,0.27920082,0.0,1.4300201,3.4828212,0.012447911,0.47078687,0.0,0.014628033,0.47078687,0.6845289,0.044651378,1.0,0.013537972,lookahead,fk_orig2_bm1-s0to100br0-s100to200br2-s200to300br3
/work/T-REX/external/Proteina-Complexa/inference/search_binder_local_pipeline_32_PDL1_ALPHA_REPACK_v7_r005_cand_v7r005_hyp_0005_01_002_a224316cffb43/job_0_n_229_id_43_fk_orig3_bm3-s0to100br1-s100to200br0-s200to300br3/job_0_n_229_id_43_fk_orig3_bm3-s0to100br1-s100to200br0-s200to300br3.pdb,175,"2,0,13,16,19,16,19,14,11,3,10,18,19,19,6,18,7,15,2,12,16,9,6,4,11,13,14,19,6,11,5,10,3,10,0,0,10,9,19,18,17,6,12,6,3,11,2,9,9,5,13,19,8,7,6,6,3,10,11,19,5,8,15,15,18,1,5,1,0,1,10,10,11,3,5,10,15,10,7,2,0,0,10,5,9,16,3,19,11,10,5,3,0,7,19,18,1,4,12,9,15,18,7,7,0,3,18,11,1,9,16,19,11,19,2,0,13,16,19,16,19,14,11,3,10,18,19,19,6,18,7,15,2,12,16,9,6,4,11,13,14,19,6,11,5,10,3,10,0,0,10,9,19,18,17,6,12,6,3,11,2,9,9,5,13,19,8,7,6,6,3,10,11,19,5,8,15,15,18,1,5,1,0,1,10,10,11,3,5,10,15,10,7,2,0,0,10,5,9,16,3,19,11,10,5,3,0,7,19,18,1,4,12,9,15,18,7,7,0,3,18,11,1,9,16,19,11,19,2",0.6233146,0.3047456,0.74278337,3.0,0.0398466,68.18242,0.04142997,1.0,0.04142997,0.3134356,0.011969581,0.0,0.0,0.0398466,0.0017449962,0.8622459,0.3134356,3.0070956,1.2848798,68.18242,0.6233146,3.884511,213.56398,0.01171644,0.038263228,1.0,213.56398,0.25721663,0.13775411,3.0070956,0.0017449962,0.012222721,0.3047456,0.0,1.2848798,3.884511,0.01171644,0.53070706,0.0,0.012222721,0.53070706,0.58562374,0.038263228,1.0,0.011969581,lookahead,fk_orig3_bm3-s0to100br1-s100to200br0-s200to300br3
/work/T-REX/external/Proteina-Complexa/inference/search_binder_local_pipeline_32_PDL1_ALPHA_REPACK_v7_r005_cand_v7r005_hyp_0005_01_002_a224316cffb43/job_0_n_194_id_44_fk_orig0_bm3-s0to100br3-s100to200br3-s200to300br0/job_0_n_194_id_44_fk_orig0_bm3-s0to100br3-s100to200br3-s200to300br0.pdb,176,"2,0,13,16,19,16,19,14,11,3,10,18,19,19,6,18,7,15,2,12,16,9,6,4,11,13,14,19,6,11,5,10,3,10,0,0,10,9,19,18,17,6,12,6,3,11,2,9,9,5,13,19,8,7,6,6,3,10,11,19,5,8,15,15,18,1,5,1,0,1,10,10,11,3,5,10,15,10,7,2,0,0,10,5,9,16,3,19,11,10,5,3,0,7,19,18,1,4,12,9,15,18,7,7,0,3,18,11,1,9,16,19,11,19,2,0,16,10,16,11,11,8,13,19,10,15,14,7,6,16,10,1,10,6,4,5,15,15,15,15,11,6,19,9,13,19,7,14,1,2,19,1,13,8,7,11,1,6,7,3,11,17,19,10,6,10,14,15,19,16,16,7,3,15,7,6,17,11,4,6,19,3,7,6,19,10,3,16,0,5,19,2,19,10,0,0,0,0,0,0,0,0,0,0,0,0,0,0,0,0,0,0,0,0,0,0,0,0,0,0,0,0,0,0,0,0,0,0,0",0.6107054,0.31767026,0.7712083,3.0,0.015553148,44.354076,0.017886056,1.0,0.017886056,0.37616214,0.005503349,0.0,0.0,0.015553148,0.0022575075,0.81266,0.37616214,2.6171358,1.4978461,44.354076,0.6107054,3.7210212,221.87895,0.0,0.01322024,1.0,221.87895,0.22879168,0.18734004,2.6171358,0.0022575075,0.011006698,0.31767026,0.0,1.4978461,3.7210212,0.0,0.56166023,0.0,0.011006698,0.56166023,0.6274541,0.01322024,1.0,0.005503349,lookahead,fk_orig0_bm3-s0to100br3-s100to200br3-s200to300br0
/work/T-REX/external/Proteina-Complexa/inference/search_binder_local_pipeline_32_PDL1_ALPHA_REPACK_v7_r005_cand_v7r005_hyp_0005_01_002_a224316cffb43/job_0_n_224_id_44_fk_orig1_bm2-s0to100br2-s100to200br0-s200to300br0/job_0_n_224_id_44_fk_orig1_bm2-s0to100br2-s100to200br0-s200to300br0.pdb,177,"2,0,13,16,19,16,19,14,11,3,10,18,19,19,6,18,7,15,2,12,16,9,6,4,11,13,14,19,6,11,5,10,3,10,0,0,10,9,19,18,17,6,12,6,3,11,2,9,9,5,13,19,8,7,6,6,3,10,11,19,5,8,15,15,18,1,5,1,0,1,10,10,11,3,5,10,15,10,7,2,0,0,10,5,9,16,3,19,11,10,5,3,0,7,19,18,1,4,12,9,15,18,7,7,0,3,18,11,1,9,16,19,11,19,2,0,11,3,10,18,19,19,6,18,7,15,2,12,16,9,6,4,11,13,14,19,6,11,5,10,3,10,0,0,10,9,19,18,17,6,12,6,3,11,2,9,9,5,13,19,8,7,6,6,3,10,11,19,5,8,15,15,18,1,5,1,0,1,10,10,11,3,5,10,15,10,7,2,0,0,10,5,9,16,3,19,11,10,5,3,0,7,19,18,1,4,12,9,15,18,7,7,0,3,18,11,1,9,16,19,11,19,2,0,0,0,0,0,0",0.62991965,0.30536476,0.7499842,3.0,0.039154254,66.23045,0.04118036,1.0,0.04118036,0.3237648,0.012219278,0.0,0.0,0.039154254,0.0020759762,0.853664,0.3237648,3.8325725,1.3552052,66.23045,0.62991965,3.9261322,208.46689,0.011662417,0.037128143,1.0,208.46689,0.2500158,0.146336,3.8325725,0.0020759762,0.01277614,0.30536476,0.0,1.3552052,3.9261322,0.011662417,0.53421086,0.0,0.01277614,0.53421086,0.58880407,0.037128143,1.0,0.012219278,lookahead,fk_orig1_bm2-s0to100br2-s100to200br0-s200to300br0
/work/T-REX/external/Proteina-Complexa/inference/search_binder_local_pipeline_32_PDL1_ALPHA_REPACK_v7_r005_cand_v7r005_hyp_0005_01_002_a224316cffb43/job_0_n_180_id_44_fk_orig2_bm1-s0to100br0-s100to200br3-s200to300br0/job_0_n_180_id_44_fk_orig2_bm1-s0to100br0-s100to200br3-s200to300br0.pdb,178,"2,0,13,16,19,16,19,14,11,3,10,18,19,19,6,18,7,15,2,12,16,9,6,4,11,13,14,19,6,11,5,10,3,10,0,0,10,9,19,18,17,6,12,6,3,11,2,9,9,5,13,19,8,7,6,6,3,10,11,19,5,8,15,15,18,1,5,1,0,1,10,10,11,3,5,10,15,10,7,2,0,0,10,5,9,16,3,19,11,10,5,3,0,7,19,18,1,4,12,9,15,18,7,7,0,3,18,11,1,9,16,19,11,19,2,0,15,10,16,19,12,7,1,8,10,10,6,0,0,11,0,7,5,3,3,5,19,1,11,10,10,0,3,7,0,3,19,2,0,15,3,11,13,7,11,16,0,10,8,10,0,0,10,2,7,8,10,6,9,19,6,6,10,10,11,8,7,0,3,19,0,0,0,0,0,0,0,0,0,0,0,0,0,0,0,0,0,0,0,0,0,0,0,0,0,0,0,0,0,0,0,0,0,0,0,0,0,0,0,0,0,0,0,0,0,0,0,0,0",0.60356647,0.41511497,0.79633486,3.0,0.012168284,123.08428,0.018675255,1.0,0.018675255,0.41783932,0.006055753,0.0,0.0,0.012168284,0.0048658913,0.79627144,0.41783932,15.935457,1.4589446,123.08428,0.60356647,3.9539485,258.40894,0.0,0.005661312,1.0,258.40894,0.20366515,0.20372856,15.935457,0.0048658913,0.012111506,0.41511497,0.0,1.4589446,3.9539485,0.0,0.6031042,0.0,0.012111506,0.6031042,0.6491263,0.005661312,1.0,0.006055753,lookahead,fk_orig2_bm1-s0to100br0-s100to200br3-s200to300br0
/work/T-REX/external/Proteina-Complexa/inference/search_binder_local_pipeline_32_PDL1_ALPHA_REPACK_v7_r005_cand_v7r005_hyp_0005_01_002_a224316cffb43/job_0_n_229_id_44_fk_orig3_bm3-s0to100br2-s100to200br0-s200to300br0/job_0_n_229_id_44_fk_orig3_bm3-s0to100br2-s100to200br0-s200to300br0.pdb,179,"2,0,13,16,19,16,19,14,11,3,10,18,19,19,6,18,7,15,2,12,16,9,6,4,11,13,14,19,6,11,5,10,3,10,0,0,10,9,19,18,17,6,12,6,3,11,2,9,9,5,13,19,8,7,6,6,3,10,11,19,5,8,15,15,18,1,5,1,0,1,10,10,11,3,5,10,15,10,7,2,0,0,10,5,9,16,3,19,11,10,5,3,0,7,19,18,1,4,12,9,15,18,7,7,0,3,18,11,1,9,16,19,11,19,2,0,13,16,19,16,19,14,11,3,10,18,19,19,6,18,7,15,2,12,16,9,6,4,11,13,14,19,6,11,5,10,3,10,0,0,10,9,19,18,17,6,12,6,3,11,2,9,9,5,13,19,8,7,6,6,3,10,11,19,5,8,15,15,18,1,5,1,0,1,10,10,11,3,5,10,15,10,7,2,0,0,10,5,9,16,3,19,11,10,5,3,0,7,19,18,1,4,12,9,15,18,7,7,0,3,18,11,1,9,16,19,11,19,2",0.62747663,0.30018634,0.74010336,3.0,0.043980896,70.00046,0.046449654,1.0,0.046449654,0.3116516,0.012204454,0.0,0.0,0.043980896,0.0017768161,0.86137223,0.3116516,3.4578497,1.2889977,70.00046,0.62747663,3.875536,212.60533,0.01197293,0.041512143,1.0,212.60533,0.2598966,0.1386278,3.4578497,0.0017768161,0.012435978,0.30018634,0.0,1.2889977,3.875536,0.01197293,0.52665937,0.0,0.012435978,0.52665937,0.5869755,0.041512143,1.0,0.012204454,lookahead,fk_orig3_bm3-s0to100br2-s100to200br0-s200to300br0
/work/T-REX/external/Proteina-Complexa/inference/search_binder_local_pipeline_32_PDL1_ALPHA_REPACK_v7_r005_cand_v7r005_hyp_0005_01_002_a224316cffb43/job_0_n_194_id_45_fk_orig0_bm3-s0to100br3-s100to200br3-s200to300br1/job_0_n_194_id_45_fk_orig0_bm3-s0to100br3-s100to200br3-s200to300br1.pdb,180,"2,0,13,16,19,16,19,14,11,3,10,18,19,19,6,18,7,15,2,12,16,9,6,4,11,13,14,19,6,11,5,10,3,10,0,0,10,9,19,18,17,6,12,6,3,11,2,9,9,5,13,19,8,7,6,6,3,10,11,19,5,8,15,15,18,1,5,1,0,1,10,10,11,3,5,10,15,10,7,2,0,0,10,5,9,16,3,19,11,10,5,3,0,7,19,18,1,4,12,9,15,18,7,7,0,3,18,11,1,9,16,19,11,19,2,0,11,10,16,11,11,10,18,15,10,16,6,7,6,16,10,1,10,6,4,6,0,15,15,15,15,14,19,19,13,19,7,14,1,2,19,1,13,18,7,11,11,6,7,3,11,17,19,10,6,10,14,15,19,16,16,11,3,15,7,6,17,11,4,6,5,3,7,6,19,11,3,16,0,5,19,2,19,10,0,0,0,0,0,0,0,0,0,0,0,0,0,0,0,0,0,0,0,0,0,0,0,0,0,0,0,0,0,0,0,0,0,0,0",0.61669517,0.36115938,0.81270283,3.0,0.0061363773,54.919197,0.0061788564,1.0,0.0061788564,0.40417498,0.0,0.0,0.0,0.0061363773,0.003097321,0.8091254,0.40417498,3.0268717,1.5520463,54.919197,0.61669517,3.9046123,229.82553,0.0,0.006093898,1.0,229.82553,0.18729718,0.19087455,3.0268717,0.003097321,0.0,0.36115938,0.0,1.5520463,3.9046123,0.0,0.6084954,0.0,0.0,0.6084954,0.6087159,0.006093898,1.0,0.0,lookahead,fk_orig0_bm3-s0to100br3-s100to200br3-s200to300br1
/work/T-REX/external/Proteina-Complexa/inference/search_binder_local_pipeline_32_PDL1_ALPHA_REPACK_v7_r005_cand_v7r005_hyp_0005_01_002_a224316cffb43/job_0_n_224_id_45_fk_orig1_bm2-s0to100br2-s100to200br0-s200to300br1/job_0_n_224_id_45_fk_orig1_bm2-s0to100br2-s100to200br0-s200to300br1.pdb,181,"2,0,13,16,19,16,19,14,11,3,10,18,19,19,6,18,7,15,2,12,16,9,6,4,11,13,14,19,6,11,5,10,3,10,0,0,10,9,19,18,17,6,12,6,3,11,2,9,9,5,13,19,8,7,6,6,3,10,11,19,5,8,15,15,18,1,5,1,0,1,10,10,11,3,5,10,15,10,7,2,0,0,10,5,9,16,3,19,11,10,5,3,0,7,19,18,1,4,12,9,15,18,7,7,0,3,18,11,1,9,16,19,11,19,2,0,11,3,10,18,19,19,6,18,7,15,2,12,16,9,6,4,11,13,14,19,6,11,5,10,3,10,0,0,10,9,19,18,17,6,12,6,3,11,2,9,9,5,13,19,8,7,6,6,3,10,11,19,5,8,15,15,18,1,5,1,0,1,10,10,11,3,5,10,15,10,7,2,0,0,10,5,9,16,3,19,11,10,5,3,0,7,19,18,1,4,12,9,15,18,7,7,0,3,18,11,1,9,16,19,11,19,2,0,0,0,0,0,0",0.6374678,0.27739397,0.7403188,3.0,0.044451784,93.02382,0.044739887,1.0,0.044739887,0.31343874,0.013707781,0.0,0.0,0.044451784,0.0018969851,0.8578911,0.31343874,7.31356,1.3297348,93.02382,0.6374678,3.811295,202.94637,0.013128387,0.04416368,1.0,202.94637,0.25968122,0.1421089,7.31356,0.0018969851,0.014287175,0.27739397,0.0,1.3297348,3.811295,0.013128387,0.51746213,0.0,0.014287175,0.51746213,0.596905,0.04416368,1.0,0.013707781,lookahead,fk_orig1_bm2-s0to100br2-s100to200br0-s200to300br1
/work/T-REX/external/Proteina-Complexa/inference/search_binder_local_pipeline_32_PDL1_ALPHA_REPACK_v7_r005_cand_v7r005_hyp_0005_01_002_a224316cffb43/job_0_n_180_id_45_fk_orig2_bm1-s0to100br0-s100to200br3-s200to300br1/job_0_n_180_id_45_fk_orig2_bm1-s0to100br0-s100to200br3-s200to300br1.pdb,182,"2,0,13,16,19,16,19,14,11,3,10,18,19,19,6,18,7,15,2,12,16,9,6,4,11,13,14,19,6,11,5,10,3,10,0,0,10,9,19,18,17,6,12,6,3,11,2,9,9,5,13,19,8,7,6,6,3,10,11,19,5,8,15,15,18,1,5,1,0,1,10,10,11,3,5,10,15,10,7,2,0,0,10,5,9,16,3,19,11,10,5,3,0,7,19,18,1,4,12,9,15,18,7,7,0,3,18,11,1,9,16,19,11,19,2,0,12,10,16,19,12,7,1,12,10,10,6,0,0,11,0,7,5,3,3,5,19,1,11,10,10,0,3,7,0,3,19,2,0,16,3,0,13,7,11,16,0,10,8,10,0,0,3,2,7,8,10,6,9,19,6,6,10,10,11,8,7,0,3,19,0,0,0,0,0,0,0,0,0,0,0,0,0,0,0,0,0,0,0,0,0,0,0,0,0,0,0,0,0,0,0,0,0,0,0,0,0,0,0,0,0,0,0,0,0,0,0,0,0",0.6029946,0.29822975,0.66774154,3.0,0.059092566,65.84149,0.059453394,1.0,0.059453394,0.32315597,0.013385137,0.0,0.0,0.059092566,0.005010519,0.83536834,0.32315597,5.183841,1.4521049,65.84149,0.6029946,3.547569,199.01381,0.012097347,0.058731742,1.0,199.01381,0.33225846,0.16463168,5.183841,0.005010519,0.014672927,0.29822975,0.0,1.4521049,3.547569,0.012097347,0.45771024,0.0,0.014672927,0.45771024,0.6896571,0.058731742,1.0,0.013385137,lookahead,fk_orig2_bm1-s0to100br0-s100to200br3-s200to300br1
/work/T-REX/external/Proteina-Complexa/inference/search_binder_local_pipeline_32_PDL1_ALPHA_REPACK_v7_r005_cand_v7r005_hyp_0005_01_002_a224316cffb43/job_0_n_229_id_45_fk_orig3_bm3-s0to100br2-s100to200br0-s200to300br1/job_0_n_229_id_45_fk_orig3_bm3-s0to100br2-s100to200br0-s200to300br1.pdb,183,"2,0,13,16,19,16,19,14,11,3,10,18,19,19,6,18,7,15,2,12,16,9,6,4,11,13,14,19,6,11,5,10,3,10,0,0,10,9,19,18,17,6,12,6,3,11,2,9,9,5,13,19,8,7,6,6,3,10,11,19,5,8,15,15,18,1,5,1,0,1,10,10,11,3,5,10,15,10,7,2,0,0,10,5,9,16,3,19,11,10,5,3,0,7,19,18,1,4,12,9,15,18,7,7,0,3,18,11,1,9,16,19,11,19,2,0,13,16,19,16,19,14,11,3,10,18,19,19,6,18,7,15,2,12,16,9,6,4,11,13,14,19,6,11,5,10,3,10,0,0,10,9,19,18,17,6,12,6,3,11,2,9,9,5,13,19,8,7,6,6,3,10,11,19,5,8,15,15,18,1,5,1,0,1,10,10,11,3,5,10,15,10,7,2,0,0,10,5,9,16,3,19,11,10,5,3,0,7,19,18,1,4,12,9,15,18,7,7,0,3,18,11,1,9,16,19,11,19,2",0.62751293,0.2971599,0.7383122,3.0,0.044723593,64.45405,0.048447214,1.0,0.048447214,0.31031597,0.012348162,0.0,0.0,0.044723593,0.0017409446,0.8620297,0.31031597,3.400299,1.2841746,64.45405,0.62751293,3.8694727,210.17346,0.012023214,0.040999975,1.0,210.17346,0.26168782,0.13797031,3.400299,0.0017409446,0.012673109,0.2971599,0.0,1.2841746,3.8694727,0.012023214,0.5246789,0.0,0.012673109,0.5246789,0.5877895,0.040999975,1.0,0.012348162,lookahead,fk_orig3_bm3-s0to100br2-s100to200br0-s200to300br1
/work/T-REX/external/Proteina-Complexa/inference/search_binder_local_pipeline_32_PDL1_ALPHA_REPACK_v7_r005_cand_v7r005_hyp_0005_01_002_a224316cffb43/job_0_n_194_id_46_fk_orig0_bm3-s0to100br3-s100to200br3-s200to300br2/job_0_n_194_id_46_fk_orig0_bm3-s0to100br3-s100to200br3-s200to300br2.pdb,184,"2,0,13,16,19,16,19,14,11,3,10,18,19,19,6,18,7,15,2,12,16,9,6,4,11,13,14,19,6,11,5,10,3,10,0,0,10,9,19,18,17,6,12,6,3,11,2,9,9,5,13,19,8,7,6,6,3,10,11,19,5,8,15,15,18,1,5,1,0,1,10,10,11,3,5,10,15,10,7,2,0,0,10,5,9,16,3,19,11,10,5,3,0,7,19,18,1,4,12,9,15,18,7,7,0,3,18,11,1,9,16,19,11,19,2,0,1,10,16,11,11,13,18,15,10,15,14,7,6,16,10,1,10,6,4,5,0,15,15,15,0,14,19,9,13,19,7,14,1,2,19,5,13,8,7,1,1,6,7,3,11,17,19,10,6,10,14,15,19,16,16,7,3,15,7,6,17,11,4,6,5,7,7,11,19,10,3,16,0,5,19,13,19,18,0,0,0,0,0,0,0,0,0,0,0,0,0,0,0,0,0,0,0,0,0,0,0,0,0,0,0,0,0,0,0,0,0,0,0",0.62269413,0.28339824,0.7157303,3.0,0.048052486,125.18953,0.048298407,1.0,0.048298407,0.33745936,0.0128350295,0.0,0.0,0.048052486,0.0021954768,0.84105027,0.33745936,16.10559,1.4957958,125.18953,0.62269413,3.928506,278.32993,0.012348612,0.047806565,1.0,278.32993,0.28426966,0.15894976,16.10559,0.0021954768,0.013321448,0.28339824,0.0,1.4957958,3.928506,0.012348612,0.49895385,0.0,0.013321448,0.49895385,0.6508,0.047806565,1.0,0.0128350295,lookahead,fk_orig0_bm3-s0to100br3-s100to200br3-s200to300br2
/work/T-REX/external/Proteina-Complexa/inference/search_binder_local_pipeline_32_PDL1_ALPHA_REPACK_v7_r005_cand_v7r005_hyp_0005_01_002_a224316cffb43/job_0_n_224_id_46_fk_orig1_bm2-s0to100br2-s100to200br0-s200to300br2/job_0_n_224_id_46_fk_orig1_bm2-s0to100br2-s100to200br0-s200to300br2.pdb,185,"2,0,13,16,19,16,19,14,11,3,10,18,19,19,6,18,7,15,2,12,16,9,6,4,11,13,14,19,6,11,5,10,3,10,0,0,10,9,19,18,17,6,12,6,3,11,2,9,9,5,13,19,8,7,6,6,3,10,11,19,5,8,15,15,18,1,5,1,0,1,10,10,11,3,5,10,15,10,7,2,0,0,10,5,9,16,3,19,11,10,5,3,0,7,19,18,1,4,12,9,15,18,7,7,0,3,18,11,1,9,16,19,11,19,2,0,11,3,10,18,19,19,6,18,7,15,2,12,16,9,6,4,11,13,14,19,6,11,5,10,3,10,0,0,10,9,19,18,17,6,12,6,3,11,2,9,9,5,13,19,8,7,6,6,3,10,11,19,5,8,15,15,18,1,5,1,0,1,10,10,11,3,5,10,15,10,7,2,0,0,10,5,9,16,3,19,11,10,5,3,0,7,19,18,1,4,12,9,15,18,7,7,0,3,18,11,1,9,16,19,11,19,2,0,0,0,0,0,0",0.63168937,0.30366537,0.74882126,3.0,0.04031758,64.00643,0.041490477,1.0,0.041490477,0.32234251,0.012458798,0.0,0.0,0.04031758,0.0020768235,0.85384965,0.32234251,3.7264025,1.3520483,64.00643,0.63168937,3.9174464,204.11563,0.011798292,0.039144687,1.0,204.11563,0.25117877,0.14615038,3.7264025,0.0020768235,0.013119302,0.30366537,0.0,1.3520483,3.9174464,0.011798292,0.5318601,0.0,0.013119302,0.5318601,0.58969516,0.039144687,1.0,0.012458798,lookahead,fk_orig1_bm2-s0to100br2-s100to200br0-s200to300br2
/work/T-REX/external/Proteina-Complexa/inference/search_binder_local_pipeline_32_PDL1_ALPHA_REPACK_v7_r005_cand_v7r005_hyp_0005_01_002_a224316cffb43/job_0_n_180_id_46_fk_orig2_bm1-s0to100br0-s100to200br3-s200to300br2/job_0_n_180_id_46_fk_orig2_bm1-s0to100br0-s100to200br3-s200to300br2.pdb,186,"2,0,13,16,19,16,19,14,11,3,10,18,19,19,6,18,7,15,2,12,16,9,6,4,11,13,14,19,6,11,5,10,3,10,0,0,10,9,19,18,17,6,12,6,3,11,2,9,9,5,13,19,8,7,6,6,3,10,11,19,5,8,15,15,18,1,5,1,0,1,10,10,11,3,5,10,15,10,7,2,0,0,10,5,9,16,3,19,11,10,5,3,0,7,19,18,1,4,12,9,15,18,7,7,0,3,18,11,1,9,16,19,11,19,2,0,12,10,16,0,15,7,1,10,10,10,6,0,0,11,0,7,5,3,3,5,19,1,11,10,10,0,3,7,0,3,19,2,0,16,3,11,13,7,11,16,0,10,8,10,0,0,9,2,7,8,10,6,9,19,6,6,10,10,11,8,7,0,3,19,0,0,0,0,0,0,0,0,0,0,0,0,0,0,0,0,0,0,0,0,0,0,0,0,0,0,0,0,0,0,0,0,0,0,0,0,0,0,0,0,0,0,0,0,0,0,0,0,0",0.6214146,0.37793586,0.7845053,3.0,0.013049267,122.70555,0.020066973,1.0,0.020066973,0.39667767,0.0061754035,0.0,0.0,0.013049267,0.008191761,0.7981353,0.39667767,16.869658,1.4920788,122.70555,0.6214146,3.8835554,273.50433,0.0,0.0060315616,1.0,273.50433,0.21549469,0.20186472,16.869658,0.008191761,0.012350807,0.37793586,0.0,1.4920788,3.8835554,0.0,0.5683926,0.0,0.012350807,0.5683926,0.65199566,0.0060315616,1.0,0.0061754035,lookahead,fk_orig2_bm1-s0to100br0-s100to200br3-s200to300br2
/work/T-REX/external/Proteina-Complexa/inference/search_binder_local_pipeline_32_PDL1_ALPHA_REPACK_v7_r005_cand_v7r005_hyp_0005_01_002_a224316cffb43/job_0_n_229_id_46_fk_orig3_bm3-s0to100br2-s100to200br0-s200to300br2/job_0_n_229_id_46_fk_orig3_bm3-s0to100br2-s100to200br0-s200to300br2.pdb,187,"2,0,13,16,19,16,19,14,11,3,10,18,19,19,6,18,7,15,2,12,16,9,6,4,11,13,14,19,6,11,5,10,3,10,0,0,10,9,19,18,17,6,12,6,3,11,2,9,9,5,13,19,8,7,6,6,3,10,11,19,5,8,15,15,18,1,5,1,0,1,10,10,11,3,5,10,15,10,7,2,0,0,10,5,9,16,3,19,11,10,5,3,0,7,19,18,1,4,12,9,15,18,7,7,0,3,18,11,1,9,16,19,11,19,2,0,13,16,19,16,19,14,11,3,10,18,19,19,6,18,7,15,2,12,16,9,6,4,11,13,14,19,6,11,5,10,3,10,0,0,10,9,19,18,17,6,12,6,3,11,2,9,9,5,13,19,8,7,6,6,3,10,11,19,5,8,15,15,18,1,5,1,0,1,10,10,11,3,5,10,15,10,7,2,0,0,10,5,9,16,3,19,11,10,5,3,0,7,19,18,1,4,12,9,15,18,7,7,0,3,18,11,1,9,16,19,11,19,2",0.6240589,0.3061589,0.7425941,3.0,0.04111211,69.47932,0.044012614,1.0,0.044012614,0.3140282,0.01194401,0.0,0.0,0.04111211,0.0017724037,0.8613671,0.3140282,3.301745,1.2922909,69.47932,0.6240589,3.88503,211.41434,0.0116077885,0.038211603,1.0,211.41434,0.25740588,0.13863286,3.301745,0.0017724037,0.012280231,0.3061589,0.0,1.2922909,3.88503,0.0116077885,0.53094435,0.0,0.012280231,0.53094435,0.58562213,0.038211603,1.0,0.01194401,lookahead,fk_orig3_bm3-s0to100br2-s100to200br0-s200to300br2
/work/T-REX/external/Proteina-Complexa/inference/search_binder_local_pipeline_32_PDL1_ALPHA_REPACK_v7_r005_cand_v7r005_hyp_0005_01_002_a224316cffb43/job_0_n_194_id_47_fk_orig0_bm3-s0to100br3-s100to200br3-s200to300br3/job_0_n_194_id_47_fk_orig0_bm3-s0to100br3-s100to200br3-s200to300br3.pdb,188,"2,0,13,16,19,16,19,14,11,3,10,18,19,19,6,18,7,15,2,12,16,9,6,4,11,13,14,19,6,11,5,10,3,10,0,0,10,9,19,18,17,6,12,6,3,11,2,9,9,5,13,19,8,7,6,6,3,10,11,19,5,8,15,15,18,1,5,1,0,1,10,10,11,3,5,10,15,10,7,2,0,0,10,5,9,16,3,19,11,10,5,3,0,7,19,18,1,4,12,9,15,18,7,7,0,3,18,11,1,9,16,19,11,19,2,0,11,10,16,11,11,10,18,15,10,16,6,7,6,16,10,1,10,6,4,6,15,15,15,16,11,14,19,9,13,19,7,14,1,2,19,1,13,8,7,5,11,5,7,3,11,17,19,10,6,10,14,15,19,16,16,7,3,15,7,9,17,11,4,6,19,3,7,5,19,8,3,16,0,5,19,10,19,2,0,0,0,0,0,0,0,0,0,0,0,0,0,0,0,0,0,0,0,0,0,0,0,0,0,0,0,0,0,0,0,0,0,0,0",0.6061924,0.34293455,0.78112876,3.0,0.009407077,42.45167,0.012526333,1.0,0.012526333,0.3841634,0.0,0.0,0.0,0.009407077,0.0025881468,0.8096673,0.3841634,2.526838,1.5345596,42.45167,0.6061924,3.789827,226.50356,0.0,0.0062878206,1.0,226.50356,0.21887127,0.19033271,2.526838,0.0025881468,0.0,0.34293455,0.0,1.5345596,3.789827,0.0,0.5749078,0.0,0.0,0.5749078,0.62325597,0.0062878206,1.0,0.0,lookahead,fk_orig0_bm3-s0to100br3-s100to200br3-s200to300br3
/work/T-REX/external/Proteina-Complexa/inference/search_binder_local_pipeline_32_PDL1_ALPHA_REPACK_v7_r005_cand_v7r005_hyp_0005_01_002_a224316cffb43/job_0_n_224_id_47_fk_orig1_bm2-s0to100br2-s100to200br0-s200to300br3/job_0_n_224_id_47_fk_orig1_bm2-s0to100br2-s100to200br0-s200to300br3.pdb,189,"2,0,13,16,19,16,19,14,11,3,10,18,19,19,6,18,7,15,2,12,16,9,6,4,11,13,14,19,6,11,5,10,3,10,0,0,10,9,19,18,17,6,12,6,3,11,2,9,9,5,13,19,8,7,6,6,3,10,11,19,5,8,15,15,18,1,5,1,0,1,10,10,11,3,5,10,15,10,7,2,0,0,10,5,9,16,3,19,11,10,5,3,0,7,19,18,1,4,12,9,15,18,7,7,0,3,18,11,1,9,16,19,11,19,2,0,11,3,10,18,19,19,6,18,7,15,2,12,16,9,6,4,11,13,14,19,6,11,5,10,3,10,0,0,10,9,19,18,17,6,12,6,3,11,2,9,9,5,13,19,8,7,6,6,3,10,11,19,5,8,15,15,18,1,5,1,0,1,10,10,11,3,5,10,15,10,7,2,0,0,10,5,9,16,3,19,11,10,5,3,0,7,19,18,1,4,12,9,15,18,7,7,0,3,18,11,1,9,16,19,11,19,2,0,0,0,0,0,0",0.64406204,0.27159014,0.7442504,3.0,0.046391986,102.368744,0.04761702,1.0,0.04761702,0.31429005,0.01361037,0.0,0.0,0.046391986,0.0019404386,0.8568228,0.31429005,8.700794,1.3312017,102.368744,0.64406204,3.8122852,201.56584,0.013556838,0.04516695,1.0,201.56584,0.2557496,0.14317721,8.700794,0.0019404386,0.013663902,0.27159014,0.0,1.3312017,3.8122852,0.013556838,0.5187056,0.0,0.013663902,0.5187056,0.5948435,0.04516695,1.0,0.01361037,lookahead,fk_orig1_bm2-s0to100br2-s100to200br0-s200to300br3
/work/T-REX/external/Proteina-Complexa/inference/search_binder_local_pipeline_32_PDL1_ALPHA_REPACK_v7_r005_cand_v7r005_hyp_0005_01_002_a224316cffb43/job_0_n_180_id_47_fk_orig2_bm1-s0to100br0-s100to200br3-s200to300br3/job_0_n_180_id_47_fk_orig2_bm1-s0to100br0-s100to200br3-s200to300br3.pdb,190,"2,0,13,16,19,16,19,14,11,3,10,18,19,19,6,18,7,15,2,12,16,9,6,4,11,13,14,19,6,11,5,10,3,10,0,0,10,9,19,18,17,6,12,6,3,11,2,9,9,5,13,19,8,7,6,6,3,10,11,19,5,8,15,15,18,1,5,1,0,1,10,10,11,3,5,10,15,10,7,2,0,0,10,5,9,16,3,19,11,10,5,3,0,7,19,18,1,4,12,9,15,18,7,7,0,3,18,11,1,9,16,19,11,19,2,0,0,10,16,19,12,7,1,8,10,10,6,0,0,11,0,7,5,3,3,5,19,1,11,10,10,0,3,7,0,3,19,2,0,16,3,11,13,7,11,16,0,10,8,10,0,0,10,2,7,8,10,6,9,19,6,6,10,10,11,8,7,0,3,19,0,0,0,0,0,0,0,0,0,0,0,0,0,0,0,0,0,0,0,0,0,0,0,0,0,0,0,0,0,0,0,0,0,0,0,0,0,0,0,0,0,0,0,0,0,0,0,0,0",0.5915252,0.44731852,0.80235505,3.0,0.008392238,122.71019,0.011202959,1.0,0.011202959,0.43110663,0.0053448915,0.0,0.0,0.008392238,0.0042366767,0.78800446,0.43110663,15.922002,1.5271298,122.71019,0.5915252,4.0146914,252.78934,0.0,0.005581517,1.0,252.78934,0.19764498,0.21199554,15.922002,0.0042366767,0.010689783,0.44731852,0.0,1.5271298,4.0146914,0.0,0.6203996,0.0,0.010689783,0.6203996,0.6465421,0.005581517,1.0,0.0053448915,lookahead,fk_orig2_bm1-s0to100br0-s100to200br3-s200to300br3
/work/T-REX/external/Proteina-Complexa/inference/search_binder_local_pipeline_32_PDL1_ALPHA_REPACK_v7_r005_cand_v7r005_hyp_0005_01_002_a224316cffb43/job_0_n_229_id_47_fk_orig3_bm3-s0to100br2-s100to200br0-s200to300br3/job_0_n_229_id_47_fk_orig3_bm3-s0to100br2-s100to200br0-s200to300br3.pdb,191,"2,0,13,16,19,16,19,14,11,3,10,18,19,19,6,18,7,15,2,12,16,9,6,4,11,13,14,19,6,11,5,10,3,10,0,0,10,9,19,18,17,6,12,6,3,11,2,9,9,5,13,19,8,7,6,6,3,10,11,19,5,8,15,15,18,1,5,1,0,1,10,10,11,3,5,10,15,10,7,2,0,0,10,5,9,16,3,19,11,10,5,3,0,7,19,18,1,4,12,9,15,18,7,7,0,3,18,11,1,9,16,19,11,19,2,0,13,16,19,16,19,14,11,3,10,18,19,19,6,18,7,15,2,12,16,9,6,4,11,13,14,19,6,11,5,10,3,10,0,0,10,9,19,18,17,6,12,6,3,11,2,9,9,5,13,19,8,7,6,6,3,10,11,19,5,8,15,15,18,1,5,1,0,1,10,10,11,3,5,10,15,10,7,2,0,0,10,5,9,16,3,19,11,10,5,3,0,7,19,18,1,4,12,9,15,18,7,7,0,3,18,11,1,9,16,19,11,19,2",0.6238445,0.30268484,0.74006414,3.0,0.041950554,65.96814,0.04434023,1.0,0.04434023,0.31224558,0.012136992,0.0,0.0,0.041950554,0.0017883282,0.86199504,0.31224558,3.2339282,1.2857021,65.96814,0.6238445,3.8768425,211.08911,0.011876736,0.039560873,1.0,211.08911,0.25993586,0.13800494,3.2339282,0.0017883282,0.012397249,0.30268484,0.0,1.2857021,3.8768425,0.011876736,0.52820224,0.0,0.012397249,0.52820224,0.5869512,0.039560873,1.0,0.012136992,lookahead,fk_orig3_bm3-s0to100br2-s100to200br0-s200to300br3
/work/T-REX/external/Proteina-Complexa/inference/search_binder_local_pipeline_32_PDL1_ALPHA_REPACK_v7_r005_cand_v7r005_hyp_0005_01_002_a224316cffb43/job_0_n_194_id_48_fk_orig0_bm3-s0to100br3-s100to200br0-s200to300br0-s300to400br0/job_0_n_194_id_48_fk_orig0_bm3-s0to100br3-s100to200br0-s200to300br0-s300to400br0.pdb,192,"2,0,13,16,19,16,19,14,11,3,10,18,19,19,6,18,7,15,2,12,16,9,6,4,11,13,14,19,6,11,5,10,3,10,0,0,10,9,19,18,17,6,12,6,3,11,2,9,9,5,13,19,8,7,6,6,3,10,11,19,5,8,15,15,18,1,5,1,0,1,10,10,11,3,5,10,15,10,7,2,0,0,10,5,9,16,3,19,11,10,5,3,0,7,19,18,1,4,12,9,15,18,7,7,0,3,18,11,1,9,16,19,11,19,2,0,11,10,16,11,11,16,18,16,9,6,6,7,11,3,10,1,10,6,4,16,15,15,15,16,7,6,19,19,13,5,7,14,11,2,19,5,13,8,14,5,10,5,7,3,11,17,19,10,15,10,14,15,0,16,16,7,3,15,7,6,17,11,4,10,19,3,7,11,19,0,3,16,0,5,19,2,19,5,0,0,0,0,0,0,0,0,0,0,0,0,0,0,0,0,0,0,0,0,0,0,0,0,0,0,0,0,0,0,0,0,0,0,0",0.6103053,0.37666386,0.80071616,3.0,0.0061486373,54.426033,0.006220578,1.0,0.006220578,0.40277624,0.0,0.0,0.0,0.0061486373,0.0041020573,0.78269565,0.40277624,2.4430535,1.597112,54.426033,0.6103053,3.8901923,228.62453,0.0,0.006076696,1.0,228.62453,0.19928382,0.21730438,2.4430535,0.0041020573,0.0,0.37666386,0.0,1.597112,3.8901923,0.0,0.59691757,0.0,0.0,0.59691757,0.6146693,0.006076696,1.0,0.0,lookahead,fk_orig0_bm3-s0to100br3-s100to200br0-s200to300br0-s300to400br0
/work/T-REX/external/Proteina-Complexa/inference/search_binder_local_pipeline_32_PDL1_ALPHA_REPACK_v7_r005_cand_v7r005_hyp_0005_01_002_a224316cffb43/job_0_n_224_id_48_fk_orig1_bm1-s0to100br1-s100to200br1-s200to300br0-s300to400br0/job_0_n_224_id_48_fk_orig1_bm1-s0to100br1-s100to200br1-s200to300br0-s300to400br0.pdb,193,"2,0,13,16,19,16,19,14,11,3,10,18,19,19,6,18,7,15,2,12,16,9,6,4,11,13,14,19,6,11,5,10,3,10,0,0,10,9,19,18,17,6,12,6,3,11,2,9,9,5,13,19,8,7,6,6,3,10,11,19,5,8,15,15,18,1,5,1,0,1,10,10,11,3,5,10,15,10,7,2,0,0,10,5,9,16,3,19,11,10,5,3,0,7,19,18,1,4,12,9,15,18,7,7,0,3,18,11,1,9,16,19,11,19,2,0,14,11,3,10,18,19,19,6,18,7,15,2,12,16,9,6,4,11,13,14,19,6,11,5,10,3,10,0,0,10,9,19,18,17,6,12,6,3,11,2,9,9,5,13,19,8,7,6,6,3,10,11,19,5,8,15,15,18,1,5,1,0,1,10,10,11,3,5,10,15,10,7,2,0,0,10,5,9,16,3,19,11,10,5,3,0,7,19,18,1,4,12,9,15,18,7,7,0,3,18,11,1,9,16,19,11,19,2,0,0,0,0,0",0.63036525,0.30443054,0.7440346,3.0,0.041887335,71.44657,0.043137264,1.0,0.043137264,0.32074645,0.012415208,0.0,0.0,0.041887335,0.0021921673,0.8508864,0.32074645,3.2232232,1.3751866,71.44657,0.63036525,3.8996503,217.1323,0.011838774,0.04063741,1.0,217.1323,0.2559654,0.14911358,3.2232232,0.0021921673,0.012991641,0.30443054,0.0,1.3751866,3.8996503,0.011838774,0.527574,0.0,0.012991641,0.527574,0.59162784,0.04063741,1.0,0.012415208,lookahead,fk_orig1_bm1-s0to100br1-s100to200br1-s200to300br0-s300to400br0
/work/T-REX/external/Proteina-Complexa/inference/search_binder_local_pipeline_32_PDL1_ALPHA_REPACK_v7_r005_cand_v7r005_hyp_0005_01_002_a224316cffb43/job_0_n_180_id_48_fk_orig2_bm1-s0to100br0-s100to200br3-s200to300br2-s300to400br0/job_0_n_180_id_48_fk_orig2_bm1-s0to100br0-s100to200br3-s200to300br2-s300to400br0.pdb,194,"2,0,13,16,19,16,19,14,11,3,10,18,19,19,6,18,7,15,2,12,16,9,6,4,11,13,14,19,6,11,5,10,3,10,0,0,10,9,19,18,17,6,12,6,3,11,2,9,9,5,13,19,8,7,6,6,3,10,11,19,5,8,15,15,18,1,5,1,0,1,10,10,11,3,5,10,15,10,7,2,0,0,10,5,9,16,3,19,11,10,5,3,0,7,19,18,1,4,12,9,15,18,7,7,0,3,18,11,1,9,16,19,11,19,2,0,12,10,16,0,15,7,1,10,10,10,6,0,0,11,0,7,5,3,3,5,19,1,11,10,10,0,3,7,0,3,19,2,0,16,3,11,13,7,11,16,0,10,8,10,0,0,9,2,7,8,10,6,9,19,6,6,10,10,11,8,7,0,3,19,0,0,0,0,0,0,0,0,0,0,0,0,0,0,0,0,0,0,0,0,0,0,0,0,0,0,0,0,0,0,0,0,0,0,0,0,0,0,0,0,0,0,0,0,0,0,0,0,0",0.62237275,0.37477744,0.7846203,3.0,0.013573677,122.923744,0.0210186,1.0,0.0210186,0.39656684,0.0061978083,0.0,0.0,0.013573677,0.007906342,0.79760766,0.39656684,16.829771,1.4930211,122.923744,0.62237275,3.8841588,274.43488,0.0,0.0061287545,1.0,274.43488,0.21537969,0.20239231,16.829771,0.007906342,0.012395617,0.37477744,0.0,1.4930211,3.8841588,0.0,0.5681314,0.0,0.012395617,0.5681314,0.652032,0.0061287545,1.0,0.0061978083,lookahead,fk_orig2_bm1-s0to100br0-s100to200br3-s200to300br2-s300to400br0
/work/T-REX/external/Proteina-Complexa/inference/search_binder_local_pipeline_32_PDL1_ALPHA_REPACK_v7_r005_cand_v7r005_hyp_0005_01_002_a224316cffb43/job_0_n_229_id_48_fk_orig3_bm3-s0to100br1-s100to200br2-s200to300br3-s300to400br0/job_0_n_229_id_48_fk_orig3_bm3-s0to100br1-s100to200br2-s200to300br3-s300to400br0.pdb,195,"2,0,13,16,19,16,19,14,11,3,10,18,19,19,6,18,7,15,2,12,16,9,6,4,11,13,14,19,6,11,5,10,3,10,0,0,10,9,19,18,17,6,12,6,3,11,2,9,9,5,13,19,8,7,6,6,3,10,11,19,5,8,15,15,18,1,5,1,0,1,10,10,11,3,5,10,15,10,7,2,0,0,10,5,9,16,3,19,11,10,5,3,0,7,19,18,1,4,12,9,15,18,7,7,0,3,18,11,1,9,16,19,11,19,2,0,13,16,19,16,19,14,11,3,10,18,19,19,6,18,7,15,2,12,16,9,6,4,11,13,14,19,6,11,5,10,3,10,0,0,10,9,19,18,17,6,12,6,3,11,2,9,9,5,13,19,8,7,6,6,3,10,11,19,5,8,15,15,18,1,5,1,0,1,10,10,11,3,5,10,15,10,7,2,0,0,10,5,9,16,3,19,11,10,5,3,0,7,19,18,1,4,12,9,15,18,7,7,0,3,18,11,1,9,16,19,11,19,2",0.6262141,0.30134982,0.7398082,3.0,0.043513604,73.00618,0.04641055,1.0,0.04641055,0.31176436,0.0122308545,0.0,0.0,0.043513604,0.0017962503,0.8617246,0.31176436,2.8043263,1.2873578,73.00618,0.6262141,3.8731735,212.20648,0.01193352,0.040616658,1.0,212.20648,0.2601918,0.13827541,2.8043263,0.0017962503,0.012528188,0.30134982,0.0,1.2873578,3.8731735,0.01193352,0.5270119,0.0,0.012528188,0.5270119,0.5869917,0.040616658,1.0,0.0122308545,lookahead,fk_orig3_bm3-s0to100br1-s100to200br2-s200to300br3-s300to400br0
/work/T-REX/external/Proteina-Complexa/inference/search_binder_local_pipeline_32_PDL1_ALPHA_REPACK_v7_r005_cand_v7r005_hyp_0005_01_002_a224316cffb43/job_0_n_194_id_49_fk_orig0_bm3-s0to100br3-s100to200br0-s200to300br0-s300to400br1/job_0_n_194_id_49_fk_orig0_bm3-s0to100br3-s100to200br0-s200to300br0-s300to400br1.pdb,196,"2,0,13,16,19,16,19,14,11,3,10,18,19,19,6,18,7,15,2,12,16,9,6,4,11,13,14,19,6,11,5,10,3,10,0,0,10,9,19,18,17,6,12,6,3,11,2,9,9,5,13,19,8,7,6,6,3,10,11,19,5,8,15,15,18,1,5,1,0,1,10,10,11,3,5,10,15,10,7,2,0,0,10,5,9,16,3,19,11,10,5,3,0,7,19,18,1,4,12,9,15,18,7,7,0,3,18,11,1,9,16,19,11,19,2,0,11,10,16,11,11,16,18,16,9,6,6,7,11,3,10,1,10,6,4,16,15,15,15,16,7,6,19,19,13,5,7,14,11,2,19,5,13,8,14,5,10,5,7,3,11,17,19,10,15,10,14,15,0,16,16,7,3,15,7,6,17,11,4,10,19,2,7,11,19,0,3,16,0,5,19,2,19,5,0,0,0,0,0,0,0,0,0,0,0,0,0,0,0,0,0,0,0,0,0,0,0,0,0,0,0,0,0,0,0,0,0,0,0",0.6129675,0.38943142,0.81191295,3.0,0.005983284,56.929913,0.006021169,1.0,0.006021169,0.41266298,0.0,0.0,0.0,0.005983284,0.0044086967,0.77724344,0.41266298,2.5638168,1.6058419,56.929913,0.6129675,3.9396887,233.20172,0.0,0.0059453994,1.0,233.20172,0.18808706,0.22275656,2.5638168,0.0044086967,0.0,0.38943142,0.0,1.6058419,3.9396887,0.0,0.6108852,0.0,0.0,0.6108852,0.61035275,0.0059453994,1.0,0.0,lookahead,fk_orig0_bm3-s0to100br3-s100to200br0-s200to300br0-s300to400br1
/work/T-REX/external/Proteina-Complexa/inference/search_binder_local_pipeline_32_PDL1_ALPHA_REPACK_v7_r005_cand_v7r005_hyp_0005_01_002_a224316cffb43/job_0_n_224_id_49_fk_orig1_bm1-s0to100br1-s100to200br1-s200to300br0-s300to400br1/job_0_n_224_id_49_fk_orig1_bm1-s0to100br1-s100to200br1-s200to300br0-s300to400br1.pdb,197,"2,0,13,16,19,16,19,14,11,3,10,18,19,19,6,18,7,15,2,12,16,9,6,4,11,13,14,19,6,11,5,10,3,10,0,0,10,9,19,18,17,6,12,6,3,11,2,9,9,5,13,19,8,7,6,6,3,10,11,19,5,8,15,15,18,1,5,1,0,1,10,10,11,3,5,10,15,10,7,2,0,0,10,5,9,16,3,19,11,10,5,3,0,7,19,18,1,4,12,9,15,18,7,7,0,3,18,11,1,9,16,19,11,19,2,0,14,11,3,10,18,19,19,6,18,7,15,2,12,16,9,6,4,11,13,14,19,6,11,5,10,3,10,0,0,10,9,19,18,17,6,12,6,3,11,2,9,9,5,13,19,8,7,6,6,3,10,11,19,5,8,15,15,18,1,5,1,0,1,10,10,11,3,5,10,15,10,7,2,0,0,10,5,9,16,3,19,11,10,5,3,0,7,19,18,1,4,12,9,15,18,7,7,0,3,18,11,1,9,16,19,11,19,2,0,0,0,0,0",0.6345456,0.2990546,0.7387689,3.0,0.04762976,70.994,0.04945312,1.0,0.04945312,0.3177371,0.012959717,0.0,0.0,0.04762976,0.0021763633,0.8503551,0.3177371,3.2039492,1.3793997,70.994,0.6345456,3.8835704,216.99512,0.012330083,0.045806393,1.0,216.99512,0.26123112,0.14964493,3.2039492,0.0021763633,0.0135893505,0.2990546,0.0,1.3793997,3.8835704,0.012330083,0.5212375,0.0,0.0135893505,0.5212375,0.5941968,0.045806393,1.0,0.012959717,lookahead,fk_orig1_bm1-s0to100br1-s100to200br1-s200to300br0-s300to400br1
/work/T-REX/external/Proteina-Complexa/inference/search_binder_local_pipeline_32_PDL1_ALPHA_REPACK_v7_r005_cand_v7r005_hyp_0005_01_002_a224316cffb43/job_0_n_180_id_49_fk_orig2_bm1-s0to100br0-s100to200br3-s200to300br2-s300to400br1/job_0_n_180_id_49_fk_orig2_bm1-s0to100br0-s100to200br3-s200to300br2-s300to400br1.pdb,198,"2,0,13,16,19,16,19,14,11,3,10,18,19,19,6,18,7,15,2,12,16,9,6,4,11,13,14,19,6,11,5,10,3,10,0,0,10,9,19,18,17,6,12,6,3,11,2,9,9,5,13,19,8,7,6,6,3,10,11,19,5,8,15,15,18,1,5,1,0,1,10,10,11,3,5,10,15,10,7,2,0,0,10,5,9,16,3,19,11,10,5,3,0,7,19,18,1,4,12,9,15,18,7,7,0,3,18,11,1,9,16,19,11,19,2,0,12,10,16,0,15,7,1,10,10,10,6,0,0,11,0,7,5,3,3,5,19,1,11,10,10,0,3,7,0,3,19,2,0,16,3,11,13,7,11,16,0,10,8,10,0,0,9,2,7,8,10,6,9,19,6,6,10,10,11,8,7,0,3,19,0,0,0,0,0,0,0,0,0,0,0,0,0,0,0,0,0,0,0,0,0,0,0,0,0,0,0,0,0,0,0,0,0,0,0,0,0,0,0,0,0,0,0,0,0,0,0,0,0",0.6207406,0.37250334,0.7818114,3.0,0.013755107,122.89239,0.021387372,1.0,0.021387372,0.39499223,0.006056481,0.0,0.0,0.013755107,0.007778654,0.7980647,0.39499223,16.850769,1.49333,122.89239,0.6207406,3.87569,272.9546,0.0,0.0061228415,1.0,272.9546,0.21818857,0.20193529,16.850769,0.007778654,0.012112962,0.37250334,0.0,1.49333,3.87569,0.0,0.5657316,0.0,0.012112962,0.5657316,0.6526533,0.0061228415,1.0,0.006056481,lookahead,fk_orig2_bm1-s0to100br0-s100to200br3-s200to300br2-s300to400br1
/work/T-REX/external/Proteina-Complexa/inference/search_binder_local_pipeline_32_PDL1_ALPHA_REPACK_v7_r005_cand_v7r005_hyp_0005_01_002_a224316cffb43/job_0_n_229_id_49_fk_orig3_bm3-s0to100br1-s100to200br2-s200to300br3-s300to400br1/job_0_n_229_id_49_fk_orig3_bm3-s0to100br1-s100to200br2-s200to300br3-s300to400br1.pdb,199,"2,0,13,16,19,16,19,14,11,3,10,18,19,19,6,18,7,15,2,12,16,9,6,4,11,13,14,19,6,11,5,10,3,10,0,0,10,9,19,18,17,6,12,6,3,11,2,9,9,5,13,19,8,7,6,6,3,10,11,19,5,8,15,15,18,1,5,1,0,1,10,10,11,3,5,10,15,10,7,2,0,0,10,5,9,16,3,19,11,10,5,3,0,7,19,18,1,4,12,9,15,18,7,7,0,3,18,11,1,9,16,19,11,19,2,0,13,16,19,16,19,14,11,3,10,18,19,19,6,18,7,15,2,12,16,9,6,4,11,13,14,19,6,11,5,10,3,10,0,0,10,9,19,18,17,6,12,6,3,11,2,9,9,5,13,19,8,7,6,6,3,10,11,19,5,8,15,15,18,1,5,1,0,1,10,10,11,3,5,10,15,10,7,2,0,0,10,5,9,16,3,19,11,10,5,3,0,7,19,18,1,4,12,9,15,18,7,7,0,3,18,11,1,9,16,19,11,19,2",0.62710935,0.301529,0.7403469,3.0,0.043845765,73.25453,0.047050677,1.0,0.047050677,0.3118645,0.0122193685,0.0,0.0,0.043845765,0.0017826209,0.86153936,0.3118645,2.8181875,1.2870086,73.25453,0.62710935,3.875224,212.20946,0.01196629,0.04064085,1.0,212.20946,0.2596531,0.13846065,2.8181875,0.0017826209,0.012472447,0.301529,0.0,1.2870086,3.875224,0.01196629,0.5272568,0.0,0.012472447,0.5272568,0.58679193,0.04064085,1.0,0.0122193685,lookahead,fk_orig3_bm3-s0to100br1-s100to200br2-s200to300br3-s300to400br1
/work/T-REX/external/Proteina-Complexa/inference/search_binder_local_pipeline_32_PDL1_ALPHA_REPACK_v7_r005_cand_v7r005_hyp_0005_01_002_a224316cffb43/job_0_n_194_id_50_fk_orig0_bm3-s0to100br3-s100to200br0-s200to300br0-s300to400br2/job_0_n_194_id_50_fk_orig0_bm3-s0to100br3-s100to200br0-s200to300br0-s300to400br2.pdb,200,"2,0,13,16,19,16,19,14,11,3,10,18,19,19,6,18,7,15,2,12,16,9,6,4,11,13,14,19,6,11,5,10,3,10,0,0,10,9,19,18,17,6,12,6,3,11,2,9,9,5,13,19,8,7,6,6,3,10,11,19,5,8,15,15,18,1,5,1,0,1,10,10,11,3,5,10,15,10,7,2,0,0,10,5,9,16,3,19,11,10,5,3,0,7,19,18,1,4,12,9,15,18,7,7,0,3,18,11,1,9,16,19,11,19,2,0,11,10,16,11,11,16,18,16,9,6,6,7,11,3,10,1,10,6,4,16,15,15,15,16,7,6,19,19,13,5,7,14,11,2,19,5,13,8,14,5,10,5,7,3,11,17,19,10,15,10,14,15,0,16,16,7,3,15,7,6,17,11,4,10,19,3,7,11,19,0,3,16,0,5,19,2,19,5,0,0,0,0,0,0,0,0,0,0,0,0,0,0,0,0,0,0,0,0,0,0,0,0,0,0,0,0,0,0,0,0,0,0,0",0.6117495,0.37986287,0.8039161,3.0,0.006158457,53.39029,0.006186541,1.0,0.006186541,0.40450865,0.0,0.0,0.0,0.006158457,0.003921721,0.78352946,0.40450865,2.486744,1.5932977,53.39029,0.6117495,3.9039037,228.7601,0.0,0.0061303726,1.0,228.7601,0.19608387,0.21647055,2.486744,0.003921721,0.0,0.37986287,0.0,1.5932977,3.9039037,0.0,0.6002832,0.0,0.0,0.6002832,0.6139793,0.0061303726,1.0,0.0,lookahead,fk_orig0_bm3-s0to100br3-s100to200br0-s200to300br0-s300to400br2
/work/T-REX/external/Proteina-Complexa/inference/search_binder_local_pipeline_32_PDL1_ALPHA_REPACK_v7_r005_cand_v7r005_hyp_0005_01_002_a224316cffb43/job_0_n_224_id_50_fk_orig1_bm1-s0to100br1-s100to200br1-s200to300br0-s300to400br2/job_0_n_224_id_50_fk_orig1_bm1-s0to100br1-s100to200br1-s200to300br0-s300to400br2.pdb,201,"2,0,13,16,19,16,19,14,11,3,10,18,19,19,6,18,7,15,2,12,16,9,6,4,11,13,14,19,6,11,5,10,3,10,0,0,10,9,19,18,17,6,12,6,3,11,2,9,9,5,13,19,8,7,6,6,3,10,11,19,5,8,15,15,18,1,5,1,0,1,10,10,11,3,5,10,15,10,7,2,0,0,10,5,9,16,3,19,11,10,5,3,0,7,19,18,1,4,12,9,15,18,7,7,0,3,18,11,1,9,16,19,11,19,2,0,14,11,3,10,18,19,19,6,18,7,15,2,12,16,9,6,4,11,13,14,19,6,11,5,10,3,10,0,0,10,9,19,18,17,6,12,6,3,11,2,9,9,5,13,19,8,7,6,6,3,10,11,19,5,8,15,15,18,1,5,1,0,1,10,10,11,3,5,10,15,10,7,2,0,0,10,5,9,16,3,19,11,10,5,3,0,7,19,18,1,4,12,9,15,18,7,7,0,3,18,11,1,9,16,19,11,19,2,0,0,0,0,0",0.62717557,0.30770573,0.7460966,3.0,0.039872665,71.638084,0.042453375,1.0,0.042453375,0.32341117,0.012232801,0.0,0.0,0.039872665,0.0022401137,0.84999347,0.32341117,3.2603188,1.3826557,71.638084,0.62717557,3.909755,217.20322,0.01160743,0.037291955,1.0,217.20322,0.2539034,0.1500065,3.2603188,0.0022401137,0.012858172,0.30770573,0.0,1.3826557,3.909755,0.01160743,0.531842,0.0,0.012858172,0.531842,0.5904199,0.037291955,1.0,0.012232801,lookahead,fk_orig1_bm1-s0to100br1-s100to200br1-s200to300br0-s300to400br2
/work/T-REX/external/Proteina-Complexa/inference/search_binder_local_pipeline_32_PDL1_ALPHA_REPACK_v7_r005_cand_v7r005_hyp_0005_01_002_a224316cffb43/job_0_n_180_id_50_fk_orig2_bm1-s0to100br0-s100to200br3-s200to300br2-s300to400br2/job_0_n_180_id_50_fk_orig2_bm1-s0to100br0-s100to200br3-s200to300br2-s300to400br2.pdb,202,"2,0,13,16,19,16,19,14,11,3,10,18,19,19,6,18,7,15,2,12,16,9,6,4,11,13,14,19,6,11,5,10,3,10,0,0,10,9,19,18,17,6,12,6,3,11,2,9,9,5,13,19,8,7,6,6,3,10,11,19,5,8,15,15,18,1,5,1,0,1,10,10,11,3,5,10,15,10,7,2,0,0,10,5,9,16,3,19,11,10,5,3,0,7,19,18,1,4,12,9,15,18,7,7,0,3,18,11,1,9,16,19,11,19,2,0,12,10,16,0,15,7,1,10,10,10,6,0,0,11,0,7,5,3,3,5,19,1,11,10,10,0,3,7,0,3,19,2,0,16,3,11,13,7,11,16,0,10,8,10,0,0,9,2,7,8,10,6,9,19,6,6,10,10,11,8,7,0,3,19,0,0,0,0,0,0,0,0,0,0,0,0,0,0,0,0,0,0,0,0,0,0,0,0,0,0,0,0,0,0,0,0,0,0,0,0,0,0,0,0,0,0,0,0,0,0,0,0,0",0.6208745,0.37626383,0.7843447,3.0,0.013072312,122.921234,0.020069838,1.0,0.020069838,0.39697704,0.006199088,0.0,0.0,0.013072312,0.008004822,0.7971427,0.39697704,16.838472,1.4967065,122.921234,0.6208745,3.887459,273.45145,0.0,0.006074787,1.0,273.45145,0.21565534,0.2028573,16.838472,0.008004822,0.012398176,0.37626383,0.0,1.4967065,3.887459,0.0,0.5687148,0.0,0.012398176,0.5687148,0.65185374,0.006074787,1.0,0.006199088,lookahead,fk_orig2_bm1-s0to100br0-s100to200br3-s200to300br2-s300to400br2
/work/T-REX/external/Proteina-Complexa/inference/search_binder_local_pipeline_32_PDL1_ALPHA_REPACK_v7_r005_cand_v7r005_hyp_0005_01_002_a224316cffb43/job_0_n_229_id_50_fk_orig3_bm3-s0to100br1-s100to200br2-s200to300br3-s300to400br2/job_0_n_229_id_50_fk_orig3_bm3-s0to100br1-s100to200br2-s200to300br3-s300to400br2.pdb,203,"2,0,13,16,19,16,19,14,11,3,10,18,19,19,6,18,7,15,2,12,16,9,6,4,11,13,14,19,6,11,5,10,3,10,0,0,10,9,19,18,17,6,12,6,3,11,2,9,9,5,13,19,8,7,6,6,3,10,11,19,5,8,15,15,18,1,5,1,0,1,10,10,11,3,5,10,15,10,7,2,0,0,10,5,9,16,3,19,11,10,5,3,0,7,19,18,1,4,12,9,15,18,7,7,0,3,18,11,1,9,16,19,11,19,2,0,13,16,19,16,19,14,11,3,10,18,19,19,6,18,7,15,2,12,16,9,6,4,11,13,14,19,6,11,5,10,3,10,0,0,10,9,19,18,17,6,12,6,3,11,2,9,9,5,13,19,8,7,6,6,3,10,11,19,5,8,15,15,18,1,5,1,0,1,10,10,11,3,5,10,15,10,7,2,0,0,10,5,9,16,3,19,11,10,5,3,0,7,19,18,1,4,12,9,15,18,7,7,0,3,18,11,1,9,16,19,11,19,2",0.6239891,0.30423564,0.74129856,3.0,0.041610636,74.5903,0.044037025,1.0,0.044037025,0.31306955,0.012049058,0.0,0.0,0.041610636,0.0017591066,0.861907,0.31306955,2.8780332,1.2891235,74.5903,0.6239891,3.8812876,213.0393,0.011830087,0.03918425,1.0,213.0393,0.25870147,0.13809298,2.8780332,0.0017591066,0.012268029,0.30423564,0.0,1.2891235,3.8812876,0.011830087,0.5295693,0.0,0.012268029,0.5295693,0.586287,0.03918425,1.0,0.012049058,lookahead,fk_orig3_bm3-s0to100br1-s100to200br2-s200to300br3-s300to400br2
/work/T-REX/external/Proteina-Complexa/inference/search_binder_local_pipeline_32_PDL1_ALPHA_REPACK_v7_r005_cand_v7r005_hyp_0005_01_002_a224316cffb43/job_0_n_194_id_51_fk_orig0_bm3-s0to100br3-s100to200br0-s200to300br0-s300to400br3/job_0_n_194_id_51_fk_orig0_bm3-s0to100br3-s100to200br0-s200to300br0-s300to400br3.pdb,204,"2,0,13,16,19,16,19,14,11,3,10,18,19,19,6,18,7,15,2,12,16,9,6,4,11,13,14,19,6,11,5,10,3,10,0,0,10,9,19,18,17,6,12,6,3,11,2,9,9,5,13,19,8,7,6,6,3,10,11,19,5,8,15,15,18,1,5,1,0,1,10,10,11,3,5,10,15,10,7,2,0,0,10,5,9,16,3,19,11,10,5,3,0,7,19,18,1,4,12,9,15,18,7,7,0,3,18,11,1,9,16,19,11,19,2,0,11,10,16,11,11,16,18,16,9,6,6,7,11,3,10,1,10,6,4,16,15,15,15,16,7,6,19,19,13,5,7,14,11,2,19,5,13,8,14,5,10,5,7,3,11,17,19,10,15,10,14,15,0,16,16,7,3,15,7,6,17,11,4,10,19,2,7,11,19,0,3,16,0,5,19,2,19,5,0,0,0,0,0,0,0,0,0,0,0,0,0,0,0,0,0,0,0,0,0,0,0,0,0,0,0,0,0,0,0,0,0,0,0",0.61488664,0.38997135,0.8138649,3.0,0.0059729107,55.40166,0.005986076,1.0,0.005986076,0.4134901,0.0,0.0,0.0,0.0059729107,0.0044902144,0.77648044,0.4134901,2.5417972,1.6089871,55.40166,0.61488664,3.9460716,232.57838,0.0,0.0059597455,1.0,232.57838,0.18613511,0.2235196,2.5417972,0.0044902144,0.0,0.38997135,0.0,1.6089871,3.9460716,0.0,0.6118836,0.0,0.0,0.6118836,0.6097164,0.0059597455,1.0,0.0,lookahead,fk_orig0_bm3-s0to100br3-s100to200br0-s200to300br0-s300to400br3
/work/T-REX/external/Proteina-Complexa/inference/search_binder_local_pipeline_32_PDL1_ALPHA_REPACK_v7_r005_cand_v7r005_hyp_0005_01_002_a224316cffb43/job_0_n_224_id_51_fk_orig1_bm1-s0to100br1-s100to200br1-s200to300br0-s300to400br3/job_0_n_224_id_51_fk_orig1_bm1-s0to100br1-s100to200br1-s200to300br0-s300to400br3.pdb,205,"2,0,13,16,19,16,19,14,11,3,10,18,19,19,6,18,7,15,2,12,16,9,6,4,11,13,14,19,6,11,5,10,3,10,0,0,10,9,19,18,17,6,12,6,3,11,2,9,9,5,13,19,8,7,6,6,3,10,11,19,5,8,15,15,18,1,5,1,0,1,10,10,11,3,5,10,15,10,7,2,0,0,10,5,9,16,3,19,11,10,5,3,0,7,19,18,1,4,12,9,15,18,7,7,0,3,18,11,1,9,16,19,11,19,2,0,14,11,3,10,18,19,19,6,18,7,15,2,12,16,9,6,4,11,13,14,19,6,11,5,10,3,10,0,0,10,9,19,18,17,6,12,6,3,11,2,9,9,5,13,19,8,7,6,6,3,10,11,19,5,8,15,15,18,1,5,1,0,1,10,10,11,3,5,10,15,10,7,2,0,0,10,5,9,16,3,19,11,10,5,3,0,7,19,18,1,4,12,9,15,18,7,7,0,3,18,11,1,9,16,19,11,19,2,0,0,0,0,0",0.6323759,0.30061808,0.73954135,3.0,0.0464226,71.464676,0.04822255,1.0,0.04822255,0.31897116,0.012765799,0.0,0.0,0.0464226,0.0022177354,0.8503742,0.31897116,3.2180579,1.3822644,71.464676,0.6323759,3.8887858,217.2741,0.012090718,0.044622656,1.0,217.2741,0.26045865,0.14962576,3.2180579,0.0022177354,0.013440878,0.30061808,0.0,1.3822644,3.8887858,0.012090718,0.52335876,0.0,0.013440878,0.52335876,0.5937122,0.044622656,1.0,0.012765799,lookahead,fk_orig1_bm1-s0to100br1-s100to200br1-s200to300br0-s300to400br3
/work/T-REX/external/Proteina-Complexa/inference/search_binder_local_pipeline_32_PDL1_ALPHA_REPACK_v7_r005_cand_v7r005_hyp_0005_01_002_a224316cffb43/job_0_n_180_id_51_fk_orig2_bm1-s0to100br0-s100to200br3-s200to300br2-s300to400br3/job_0_n_180_id_51_fk_orig2_bm1-s0to100br0-s100to200br3-s200to300br2-s300to400br3.pdb,206,"2,0,13,16,19,16,19,14,11,3,10,18,19,19,6,18,7,15,2,12,16,9,6,4,11,13,14,19,6,11,5,10,3,10,0,0,10,9,19,18,17,6,12,6,3,11,2,9,9,5,13,19,8,7,6,6,3,10,11,19,5,8,15,15,18,1,5,1,0,1,10,10,11,3,5,10,15,10,7,2,0,0,10,5,9,16,3,19,11,10,5,3,0,7,19,18,1,4,12,9,15,18,7,7,0,3,18,11,1,9,16,19,11,19,2,0,12,10,16,0,15,7,1,10,10,10,6,0,0,11,0,7,5,3,3,5,19,1,11,10,10,0,3,7,0,3,19,2,0,16,3,11,13,7,11,16,0,10,8,10,0,0,9,2,7,8,10,6,9,19,6,6,10,10,11,8,7,0,3,19,0,0,0,0,0,0,0,0,0,0,0,0,0,0,0,0,0,0,0,0,0,0,0,0,0,0,0,0,0,0,0,0,0,0,0,0,0,0,0,0,0,0,0,0,0,0,0,0,0",0.62048894,0.37598857,0.78427297,3.0,0.013068806,123.18679,0.020076917,1.0,0.020076917,0.39734155,0.006157255,0.0,0.0,0.013068806,0.007886809,0.79638255,0.39734155,16.805498,1.4985776,123.18679,0.62048894,3.887457,273.09457,0.0,0.006060696,1.0,273.09457,0.21572705,0.20361745,16.805498,0.007886809,0.01231451,0.37598857,0.0,1.4985776,3.887457,0.0,0.56898934,0.0,0.01231451,0.56898934,0.6523533,0.006060696,1.0,0.006157255,lookahead,fk_orig2_bm1-s0to100br0-s100to200br3-s200to300br2-s300to400br3
/work/T-REX/external/Proteina-Complexa/inference/search_binder_local_pipeline_32_PDL1_ALPHA_REPACK_v7_r005_cand_v7r005_hyp_0005_01_002_a224316cffb43/job_0_n_229_id_51_fk_orig3_bm3-s0to100br1-s100to200br2-s200to300br3-s300to400br3/job_0_n_229_id_51_fk_orig3_bm3-s0to100br1-s100to200br2-s200to300br3-s300to400br3.pdb,207,"2,0,13,16,19,16,19,14,11,3,10,18,19,19,6,18,7,15,2,12,16,9,6,4,11,13,14,19,6,11,5,10,3,10,0,0,10,9,19,18,17,6,12,6,3,11,2,9,9,5,13,19,8,7,6,6,3,10,11,19,5,8,15,15,18,1,5,1,0,1,10,10,11,3,5,10,15,10,7,2,0,0,10,5,9,16,3,19,11,10,5,3,0,7,19,18,1,4,12,9,15,18,7,7,0,3,18,11,1,9,16,19,11,19,2,0,13,16,19,16,19,14,11,3,10,18,19,19,6,18,7,15,2,12,16,9,6,4,11,13,14,19,6,11,5,10,3,10,0,0,10,9,19,18,17,6,12,6,3,11,2,9,9,5,13,19,8,7,6,6,3,10,11,19,5,8,15,15,18,1,5,1,0,1,10,10,11,3,5,10,15,10,7,2,0,0,10,5,9,16,3,19,11,10,5,3,0,7,19,18,1,4,12,9,15,18,7,7,0,3,18,11,1,9,16,19,11,19,2",0.62425226,0.30460042,0.7421565,3.0,0.041599035,73.75423,0.044901334,1.0,0.044901334,0.3135758,0.0121002495,0.0,0.0,0.041599035,0.0017750384,0.86190116,0.3135758,2.8168468,1.2898753,73.75423,0.62425226,3.8826098,214.27187,0.011736454,0.038296737,1.0,214.27187,0.25784346,0.1380988,2.8168468,0.0017750384,0.012464046,0.30460042,0.0,1.2898753,3.8826098,0.011736454,0.53058153,0.0,0.012464046,0.53058153,0.5859523,0.038296737,1.0,0.0121002495,lookahead,fk_orig3_bm3-s0to100br1-s100to200br2-s200to300br3-s300to400br3
/work/T-REX/external/Proteina-Complexa/inference/search_binder_local_pipeline_32_PDL1_ALPHA_REPACK_v7_r005_cand_v7r005_hyp_0005_01_002_a224316cffb43/job_0_n_194_id_52_fk_orig0_bm3-s0to100br3-s100to200br3-s200to300br1-s300to400br0/job_0_n_194_id_52_fk_orig0_bm3-s0to100br3-s100to200br3-s200to300br1-s300to400br0.pdb,208,"2,0,13,16,19,16,19,14,11,3,10,18,19,19,6,18,7,15,2,12,16,9,6,4,11,13,14,19,6,11,5,10,3,10,0,0,10,9,19,18,17,6,12,6,3,11,2,9,9,5,13,19,8,7,6,6,3,10,11,19,5,8,15,15,18,1,5,1,0,1,10,10,11,3,5,10,15,10,7,2,0,0,10,5,9,16,3,19,11,10,5,3,0,7,19,18,1,4,12,9,15,18,7,7,0,3,18,11,1,9,16,19,11,19,2,0,11,10,16,11,11,10,18,15,10,16,6,7,6,16,10,1,10,6,4,6,0,15,15,15,15,14,19,19,13,19,7,14,1,2,19,1,13,18,7,19,11,6,7,3,11,17,19,10,6,10,14,15,19,16,16,11,3,15,7,6,17,11,4,6,5,3,7,6,19,11,3,16,0,6,19,2,19,10,0,0,0,0,0,0,0,0,0,0,0,0,0,0,0,0,0,0,0,0,0,0,0,0,0,0,0,0,0,0,0,0,0,0,0",0.62055624,0.36088574,0.82087666,3.0,0.0064595714,121.33078,0.0067501445,1.0,0.0067501445,0.41037792,0.0,0.0,0.0,0.0064595714,0.0029402804,0.7968773,0.41037792,21.53492,1.5598837,121.33078,0.62055624,3.8872461,242.03961,0.0,0.0061689983,1.0,242.03961,0.17912334,0.20312266,21.53492,0.0029402804,0.0,0.36088574,0.0,1.5598837,3.8872461,0.0,0.6172184,0.0,0.0,0.6172184,0.6068841,0.0061689983,1.0,0.0,lookahead,fk_orig0_bm3-s0to100br3-s100to200br3-s200to300br1-s300to400br0
/work/T-REX/external/Proteina-Complexa/inference/search_binder_local_pipeline_32_PDL1_ALPHA_REPACK_v7_r005_cand_v7r005_hyp_0005_01_002_a224316cffb43/job_0_n_224_id_52_fk_orig1_bm3-s0to100br1-s100to200br1-s200to300br3-s300to400br0/job_0_n_224_id_52_fk_orig1_bm3-s0to100br1-s100to200br1-s200to300br3-s300to400br0.pdb,209,"2,0,13,16,19,16,19,14,11,3,10,18,19,19,6,18,7,15,2,12,16,9,6,4,11,13,14,19,6,11,5,10,3,10,0,0,10,9,19,18,17,6,12,6,3,11,2,9,9,5,13,19,8,7,6,6,3,10,11,19,5,8,15,15,18,1,5,1,0,1,10,10,11,3,5,10,15,10,7,2,0,0,10,5,9,16,3,19,11,10,5,3,0,7,19,18,1,4,12,9,15,18,7,7,0,3,18,11,1,9,16,19,11,19,2,0,15,19,16,16,14,11,3,10,18,19,0,6,19,7,15,15,19,16,10,6,4,9,14,15,1,5,10,3,12,15,11,10,15,19,10,17,11,7,14,11,3,19,16,19,9,18,18,15,2,7,6,6,5,2,19,5,8,15,15,18,11,7,1,0,11,10,10,16,2,2,2,18,15,10,5,9,16,3,10,11,10,15,3,15,7,19,18,16,4,9,19,15,3,7,16,7,9,1,3,0,11,9,16,10,11,19,2,0,0,0,0,0,0",0.5933444,0.35843706,0.7917723,3.0,0.011331229,115.49425,0.016632034,1.0,0.016632034,0.3769828,0.0,0.0,0.0,0.011331229,0.0037508972,0.79759336,0.3769828,11.061328,1.6477941,115.49425,0.5933444,4.1144547,237.5238,0.0,0.006030423,1.0,237.5238,0.20822768,0.20240667,11.061328,0.0037508972,0.0,0.35843706,0.0,1.6477941,4.1144547,0.0,0.60564524,0.0,0.0,0.60564524,0.5672267,0.006030423,1.0,0.0,lookahead,fk_orig1_bm3-s0to100br1-s100to200br1-s200to300br3-s300to400br0
/work/T-REX/external/Proteina-Complexa/inference/search_binder_local_pipeline_32_PDL1_ALPHA_REPACK_v7_r005_cand_v7r005_hyp_0005_01_002_a224316cffb43/job_0_n_180_id_52_fk_orig2_bm1-s0to100br0-s100to200br3-s200to300br1-s300to400br0/job_0_n_180_id_52_fk_orig2_bm1-s0to100br0-s100to200br3-s200to300br1-s300to400br0.pdb,210,"2,0,13,16,19,16,19,14,11,3,10,18,19,19,6,18,7,15,2,12,16,9,6,4,11,13,14,19,6,11,5,10,3,10,0,0,10,9,19,18,17,6,12,6,3,11,2,9,9,5,13,19,8,7,6,6,3,10,11,19,5,8,15,15,18,1,5,1,0,1,10,10,11,3,5,10,15,10,7,2,0,0,10,5,9,16,3,19,11,10,5,3,0,7,19,18,1,4,12,9,15,18,7,7,0,3,18,11,1,9,16,19,11,19,2,0,12,10,16,19,12,7,1,12,10,10,6,0,0,11,0,7,5,3,3,5,19,1,11,10,10,0,3,7,0,3,19,2,0,16,3,0,13,7,11,16,0,10,8,10,0,0,3,2,7,8,10,6,9,19,6,6,10,10,11,8,7,0,3,19,0,0,0,0,0,0,0,0,0,0,0,0,0,0,0,0,0,0,0,0,0,0,0,0,0,0,0,0,0,0,0,0,0,0,0,0,0,0,0,0,0,0,0,0,0,0,0,0,0",0.60174584,0.29325527,0.6682217,3.0,0.058228195,68.922775,0.059180483,1.0,0.059180483,0.32405058,0.0135386605,0.0,0.0,0.058228195,0.0049880333,0.83518344,0.32405058,5.316429,1.4506242,68.922775,0.60174584,3.5535548,198.78006,0.012222569,0.057275906,1.0,198.78006,0.3317783,0.16481656,5.316429,0.0049880333,0.0148547515,0.29325527,0.0,1.4506242,3.5535548,0.012222569,0.4588149,0.0,0.0148547515,0.4588149,0.68995404,0.057275906,1.0,0.0135386605,lookahead,fk_orig2_bm1-s0to100br0-s100to200br3-s200to300br1-s300to400br0
/work/T-REX/external/Proteina-Complexa/inference/search_binder_local_pipeline_32_PDL1_ALPHA_REPACK_v7_r005_cand_v7r005_hyp_0005_01_002_a224316cffb43/job_0_n_229_id_52_fk_orig3_bm3-s0to100br2-s100to200br0-s200to300br1-s300to400br0/job_0_n_229_id_52_fk_orig3_bm3-s0to100br2-s100to200br0-s200to300br1-s300to400br0.pdb,211,"2,0,13,16,19,16,19,14,11,3,10,18,19,19,6,18,7,15,2,12,16,9,6,4,11,13,14,19,6,11,5,10,3,10,0,0,10,9,19,18,17,6,12,6,3,11,2,9,9,5,13,19,8,7,6,6,3,10,11,19,5,8,15,15,18,1,5,1,0,1,10,10,11,3,5,10,15,10,7,2,0,0,10,5,9,16,3,19,11,10,5,3,0,7,19,18,1,4,12,9,15,18,7,7,0,3,18,11,1,9,16,19,11,19,2,0,13,16,19,16,19,14,11,3,10,18,19,19,6,18,7,15,2,12,16,9,6,4,11,13,14,19,6,11,5,10,3,10,0,0,10,9,19,18,17,6,12,6,3,11,2,9,9,5,13,19,8,7,6,6,3,10,11,19,5,8,15,15,18,1,5,1,0,1,10,10,11,3,5,10,15,10,7,2,0,0,10,5,9,16,3,19,11,10,5,3,0,7,19,18,1,4,12,9,15,18,7,7,0,3,18,11,1,9,16,19,11,19,2",0.62394595,0.30334327,0.7427909,3.0,0.04098342,67.79005,0.043884534,1.0,0.043884534,0.31380102,0.011980596,0.0,0.0,0.04098342,0.0017996557,0.86233985,0.31380102,3.6372364,1.2861223,67.79005,0.62394595,3.8838625,209.52316,0.011747889,0.038082305,1.0,209.52316,0.25720912,0.13766018,3.6372364,0.0017996557,0.012213303,0.30334327,0.0,1.2861223,3.8838625,0.011747889,0.5312238,0.0,0.012213303,0.5312238,0.58556926,0.038082305,1.0,0.011980596,lookahead,fk_orig3_bm3-s0to100br2-s100to200br0-s200to300br1-s300to400br0
/work/T-REX/external/Proteina-Complexa/inference/search_binder_local_pipeline_32_PDL1_ALPHA_REPACK_v7_r005_cand_v7r005_hyp_0005_01_002_a224316cffb43/job_0_n_194_id_53_fk_orig0_bm3-s0to100br3-s100to200br3-s200to300br1-s300to400br1/job_0_n_194_id_53_fk_orig0_bm3-s0to100br3-s100to200br3-s200to300br1-s300to400br1.pdb,212,"2,0,13,16,19,16,19,14,11,3,10,18,19,19,6,18,7,15,2,12,16,9,6,4,11,13,14,19,6,11,5,10,3,10,0,0,10,9,19,18,17,6,12,6,3,11,2,9,9,5,13,19,8,7,6,6,3,10,11,19,5,8,15,15,18,1,5,1,0,1,10,10,11,3,5,10,15,10,7,2,0,0,10,5,9,16,3,19,11,10,5,3,0,7,19,18,1,4,12,9,15,18,7,7,0,3,18,11,1,9,16,19,11,19,2,0,11,10,16,11,11,10,18,15,10,16,6,7,6,16,10,1,10,6,4,6,0,15,15,15,15,14,19,19,13,19,7,14,1,2,19,1,13,18,7,11,11,6,7,3,11,17,19,10,6,10,14,15,19,16,16,11,3,15,7,6,17,11,4,6,5,3,7,6,19,11,3,16,0,5,19,2,19,10,0,0,0,0,0,0,0,0,0,0,0,0,0,0,0,0,0,0,0,0,0,0,0,0,0,0,0,0,0,0,0,0,0,0,0",0.6121134,0.36695373,0.81372565,3.0,0.00606611,54.194786,0.006093148,1.0,0.006093148,0.40841013,0.0,0.0,0.0,0.00606611,0.0030717712,0.80675864,0.40841013,2.670317,1.5772071,54.194786,0.6121134,3.921048,233.14682,0.0,0.0060390723,1.0,233.14682,0.18627435,0.19324137,2.670317,0.0030717712,0.0,0.36695373,0.0,1.5772071,3.921048,0.0,0.6145411,0.0,0.0,0.6145411,0.6084346,0.0060390723,1.0,0.0,lookahead,fk_orig0_bm3-s0to100br3-s100to200br3-s200to300br1-s300to400br1
/work/T-REX/external/Proteina-Complexa/inference/search_binder_local_pipeline_32_PDL1_ALPHA_REPACK_v7_r005_cand_v7r005_hyp_0005_01_002_a224316cffb43/job_0_n_224_id_53_fk_orig1_bm3-s0to100br1-s100to200br1-s200to300br3-s300to400br1/job_0_n_224_id_53_fk_orig1_bm3-s0to100br1-s100to200br1-s200to300br3-s300to400br1.pdb,213,"2,0,13,16,19,16,19,14,11,3,10,18,19,19,6,18,7,15,2,12,16,9,6,4,11,13,14,19,6,11,5,10,3,10,0,0,10,9,19,18,17,6,12,6,3,11,2,9,9,5,13,19,8,7,6,6,3,10,11,19,5,8,15,15,18,1,5,1,0,1,10,10,11,3,5,10,15,10,7,2,0,0,10,5,9,16,3,19,11,10,5,3,0,7,19,18,1,4,12,9,15,18,7,7,0,3,18,11,1,9,16,19,11,19,2,0,15,19,16,16,14,11,3,10,18,19,0,6,19,7,15,15,19,16,10,6,4,9,14,15,1,5,10,3,12,15,11,10,15,19,10,17,11,7,14,11,3,19,16,19,9,18,18,19,2,7,6,6,5,3,19,5,8,15,15,18,11,7,1,0,11,10,10,16,2,2,2,18,15,10,5,9,16,3,10,11,10,15,3,15,7,19,18,16,4,9,19,15,3,7,16,7,10,11,3,0,11,9,16,10,11,19,2,0,0,0,0,0,0",0.5807925,0.34959748,0.7618878,3.0,0.02017095,115.77894,0.022615146,1.0,0.022615146,0.36711514,0.005391817,0.0,0.0,0.02017095,0.0038450244,0.7998651,0.36711514,10.121803,1.6740137,115.77894,0.5807925,4.057394,238.40358,0.0,0.017726755,1.0,238.40358,0.23811221,0.20013484,10.121803,0.0038450244,0.010783634,0.34959748,0.0,1.6740137,4.057394,0.0,0.5822101,0.0,0.010783634,0.5822101,0.5808859,0.017726755,1.0,0.005391817,lookahead,fk_orig1_bm3-s0to100br1-s100to200br1-s200to300br3-s300to400br1
/work/T-REX/external/Proteina-Complexa/inference/search_binder_local_pipeline_32_PDL1_ALPHA_REPACK_v7_r005_cand_v7r005_hyp_0005_01_002_a224316cffb43/job_0_n_180_id_53_fk_orig2_bm1-s0to100br0-s100to200br3-s200to300br1-s300to400br1/job_0_n_180_id_53_fk_orig2_bm1-s0to100br0-s100to200br3-s200to300br1-s300to400br1.pdb,214,"2,0,13,16,19,16,19,14,11,3,10,18,19,19,6,18,7,15,2,12,16,9,6,4,11,13,14,19,6,11,5,10,3,10,0,0,10,9,19,18,17,6,12,6,3,11,2,9,9,5,13,19,8,7,6,6,3,10,11,19,5,8,15,15,18,1,5,1,0,1,10,10,11,3,5,10,15,10,7,2,0,0,10,5,9,16,3,19,11,10,5,3,0,7,19,18,1,4,12,9,15,18,7,7,0,3,18,11,1,9,16,19,11,19,2,0,12,10,16,19,12,7,1,12,10,10,6,0,0,11,0,7,5,3,3,5,19,1,11,10,10,0,3,7,0,3,19,2,0,16,3,0,13,7,11,16,0,10,8,10,0,0,3,2,7,8,10,6,9,19,6,6,10,10,11,8,7,0,3,19,0,0,0,0,0,0,0,0,0,0,0,0,0,0,0,0,0,0,0,0,0,0,0,0,0,0,0,0,0,0,0,0,0,0,0,0,0,0,0,0,0,0,0,0,0,0,0,0,0",0.60220623,0.29993808,0.6700714,3.0,0.057913795,67.681305,0.05910719,1.0,0.05910719,0.32545927,0.013392721,0.0,0.0,0.057913795,0.0050822664,0.83326733,0.32545927,5.235623,1.4560641,67.681305,0.60220623,3.5576873,197.75206,0.011914756,0.056720395,1.0,197.75206,0.32992858,0.16673267,5.235623,0.0050822664,0.014870686,0.29993808,0.0,1.4560641,3.5576873,0.011914756,0.4608147,0.0,0.014870686,0.4608147,0.68862283,0.056720395,1.0,0.013392721,lookahead,fk_orig2_bm1-s0to100br0-s100to200br3-s200to300br1-s300to400br1
/work/T-REX/external/Proteina-Complexa/inference/search_binder_local_pipeline_32_PDL1_ALPHA_REPACK_v7_r005_cand_v7r005_hyp_0005_01_002_a224316cffb43/job_0_n_229_id_53_fk_orig3_bm3-s0to100br2-s100to200br0-s200to300br1-s300to400br1/job_0_n_229_id_53_fk_orig3_bm3-s0to100br2-s100to200br0-s200to300br1-s300to400br1.pdb,215,"2,0,13,16,19,16,19,14,11,3,10,18,19,19,6,18,7,15,2,12,16,9,6,4,11,13,14,19,6,11,5,10,3,10,0,0,10,9,19,18,17,6,12,6,3,11,2,9,9,5,13,19,8,7,6,6,3,10,11,19,5,8,15,15,18,1,5,1,0,1,10,10,11,3,5,10,15,10,7,2,0,0,10,5,9,16,3,19,11,10,5,3,0,7,19,18,1,4,12,9,15,18,7,7,0,3,18,11,1,9,16,19,11,19,2,0,13,16,19,16,19,14,11,3,10,18,19,19,6,18,7,15,2,12,16,9,6,4,11,13,14,19,6,11,5,10,3,10,0,0,10,9,19,18,17,6,12,6,3,11,2,9,9,5,13,19,8,7,6,6,3,10,11,19,5,8,15,15,18,1,5,1,0,1,10,10,11,3,5,10,15,10,7,2,0,0,10,5,9,16,3,19,11,10,5,3,0,7,19,18,1,4,12,9,15,18,7,7,0,3,18,11,1,9,16,19,11,19,2",0.6234398,0.30397233,0.7410455,3.0,0.04164556,69.076515,0.04403783,1.0,0.04403783,0.31302443,0.012073245,0.0,0.0,0.04164556,0.0017616949,0.8623588,0.31302443,3.6499186,1.2858748,69.076515,0.6234398,3.8799067,214.5018,0.011759032,0.03925329,1.0,214.5018,0.25895452,0.13764118,3.6499186,0.0017616949,0.012387458,0.30397233,0.0,1.2858748,3.8799067,0.011759032,0.52977395,0.0,0.012387458,0.52977395,0.58641076,0.03925329,1.0,0.012073245,lookahead,fk_orig3_bm3-s0to100br2-s100to200br0-s200to300br1-s300to400br1
/work/T-REX/external/Proteina-Complexa/inference/search_binder_local_pipeline_32_PDL1_ALPHA_REPACK_v7_r005_cand_v7r005_hyp_0005_01_002_a224316cffb43/job_0_n_194_id_54_fk_orig0_bm3-s0to100br3-s100to200br3-s200to300br1-s300to400br2/job_0_n_194_id_54_fk_orig0_bm3-s0to100br3-s100to200br3-s200to300br1-s300to400br2.pdb,216,"2,0,13,16,19,16,19,14,11,3,10,18,19,19,6,18,7,15,2,12,16,9,6,4,11,13,14,19,6,11,5,10,3,10,0,0,10,9,19,18,17,6,12,6,3,11,2,9,9,5,13,19,8,7,6,6,3,10,11,19,5,8,15,15,18,1,5,1,0,1,10,10,11,3,5,10,15,10,7,2,0,0,10,5,9,16,3,19,11,10,5,3,0,7,19,18,1,4,12,9,15,18,7,7,0,3,18,11,1,9,16,19,11,19,2,0,11,10,16,11,11,10,18,15,10,16,6,7,6,16,10,1,10,6,4,6,0,15,15,15,15,14,19,19,13,19,7,14,1,2,19,1,13,18,7,19,11,6,7,3,11,17,19,10,6,10,14,15,19,16,16,11,3,15,7,6,17,11,4,6,5,3,7,6,19,11,3,16,0,5,19,2,19,10,0,0,0,0,0,0,0,0,0,0,0,0,0,0,0,0,0,0,0,0,0,0,0,0,0,0,0,0,0,0,0,0,0,0,0",0.6271282,0.32775313,0.7887952,3.0,0.014851134,64.5254,0.0183133,1.0,0.0183133,0.38163033,0.0,0.0,0.0,0.014851134,0.0026978813,0.807013,0.38163033,3.1637046,1.5403689,64.5254,0.6271282,3.7914531,230.15022,0.0,0.011388969,1.0,230.15022,0.21120481,0.19298701,3.1637046,0.0026978813,0.0,0.32775313,0.0,1.5403689,3.7914531,0.0,0.5709157,0.0,0.0,0.5709157,0.61920935,0.011388969,1.0,0.0,lookahead,fk_orig0_bm3-s0to100br3-s100to200br3-s200to300br1-s300to400br2
/work/T-REX/external/Proteina-Complexa/inference/search_binder_local_pipeline_32_PDL1_ALPHA_REPACK_v7_r005_cand_v7r005_hyp_0005_01_002_a224316cffb43/job_0_n_224_id_54_fk_orig1_bm3-s0to100br1-s100to200br1-s200to300br3-s300to400br2/job_0_n_224_id_54_fk_orig1_bm3-s0to100br1-s100to200br1-s200to300br3-s300to400br2.pdb,217,"2,0,13,16,19,16,19,14,11,3,10,18,19,19,6,18,7,15,2,12,16,9,6,4,11,13,14,19,6,11,5,10,3,10,0,0,10,9,19,18,17,6,12,6,3,11,2,9,9,5,13,19,8,7,6,6,3,10,11,19,5,8,15,15,18,1,5,1,0,1,10,10,11,3,5,10,15,10,7,2,0,0,10,5,9,16,3,19,11,10,5,3,0,7,19,18,1,4,12,9,15,18,7,7,0,3,18,11,1,9,16,19,11,19,2,0,15,19,16,16,14,11,3,10,18,19,0,6,19,7,15,15,19,16,10,6,4,9,14,15,1,5,10,3,12,15,11,10,15,19,10,17,11,7,14,11,3,19,16,19,9,18,18,15,2,7,6,6,5,3,19,5,8,15,15,18,11,7,1,0,11,10,10,16,2,2,2,18,15,10,5,9,16,3,10,11,10,15,3,15,7,19,18,16,4,9,19,15,3,7,16,7,9,1,3,0,11,9,16,10,11,19,2,0,0,0,0,0,0",0.5623133,0.4007914,0.7979808,3.0,0.005964351,118.20594,0.0060486314,1.0,0.0060486314,0.39341253,0.0,0.0,0.0,0.005964351,0.0035145597,0.7976992,0.39341253,13.551365,1.6247748,118.20594,0.5623133,4.16165,238.42085,0.0,0.00588007,1.0,238.42085,0.20201923,0.20230079,13.551365,0.0035145597,0.0,0.4007914,0.0,1.6247748,4.16165,0.0,0.6406222,0.0,0.0,0.6406222,0.56288564,0.00588007,1.0,0.0,lookahead,fk_orig1_bm3-s0to100br1-s100to200br1-s200to300br3-s300to400br2
/work/T-REX/external/Proteina-Complexa/inference/search_binder_local_pipeline_32_PDL1_ALPHA_REPACK_v7_r005_cand_v7r005_hyp_0005_01_002_a224316cffb43/job_0_n_180_id_54_fk_orig2_bm1-s0to100br0-s100to200br3-s200to300br1-s300to400br2/job_0_n_180_id_54_fk_orig2_bm1-s0to100br0-s100to200br3-s200to300br1-s300to400br2.pdb,218,"2,0,13,16,19,16,19,14,11,3,10,18,19,19,6,18,7,15,2,12,16,9,6,4,11,13,14,19,6,11,5,10,3,10,0,0,10,9,19,18,17,6,12,6,3,11,2,9,9,5,13,19,8,7,6,6,3,10,11,19,5,8,15,15,18,1,5,1,0,1,10,10,11,3,5,10,15,10,7,2,0,0,10,5,9,16,3,19,11,10,5,3,0,7,19,18,1,4,12,9,15,18,7,7,0,3,18,11,1,9,16,19,11,19,2,0,12,10,16,19,12,7,1,12,10,10,6,0,0,11,0,7,5,3,3,5,19,1,11,10,10,0,3,7,0,3,19,2,0,16,3,0,13,7,11,16,0,10,8,10,0,0,3,2,7,8,10,6,9,19,6,6,10,10,11,8,7,0,3,19,0,0,0,0,0,0,0,0,0,0,0,0,0,0,0,0,0,0,0,0,0,0,0,0,0,0,0,0,0,0,0,0,0,0,0,0,0,0,0,0,0,0,0,0,0,0,0,0,0",0.6022576,0.29404745,0.6704131,3.0,0.057418704,67.974075,0.058872346,1.0,0.058872346,0.32534108,0.013296388,0.0,0.0,0.057418704,0.0050917845,0.8339901,0.32534108,5.200964,1.4514717,67.974075,0.6022576,3.5544543,199.24619,0.012072138,0.05596506,1.0,199.24619,0.32958692,0.1660099,5.200964,0.0050917845,0.014520639,0.29404745,0.0,1.4514717,3.5544543,0.012072138,0.4607807,0.0,0.014520639,0.4607807,0.68870974,0.05596506,1.0,0.013296388,lookahead,fk_orig2_bm1-s0to100br0-s100to200br3-s200to300br1-s300to400br2
/work/T-REX/external/Proteina-Complexa/inference/search_binder_local_pipeline_32_PDL1_ALPHA_REPACK_v7_r005_cand_v7r005_hyp_0005_01_002_a224316cffb43/job_0_n_229_id_54_fk_orig3_bm3-s0to100br2-s100to200br0-s200to300br1-s300to400br2/job_0_n_229_id_54_fk_orig3_bm3-s0to100br2-s100to200br0-s200to300br1-s300to400br2.pdb,219,"2,0,13,16,19,16,19,14,11,3,10,18,19,19,6,18,7,15,2,12,16,9,6,4,11,13,14,19,6,11,5,10,3,10,0,0,10,9,19,18,17,6,12,6,3,11,2,9,9,5,13,19,8,7,6,6,3,10,11,19,5,8,15,15,18,1,5,1,0,1,10,10,11,3,5,10,15,10,7,2,0,0,10,5,9,16,3,19,11,10,5,3,0,7,19,18,1,4,12,9,15,18,7,7,0,3,18,11,1,9,16,19,11,19,2,0,13,16,19,16,19,14,11,3,10,18,19,19,6,18,7,15,2,12,16,9,6,4,11,13,14,19,6,11,5,10,3,10,0,0,10,9,19,18,17,6,12,6,3,11,2,9,9,5,13,19,8,7,6,6,3,10,11,19,5,8,15,15,18,1,5,1,0,1,10,10,11,3,5,10,15,10,7,2,0,0,10,5,9,16,3,19,11,10,5,3,0,7,19,18,1,4,12,9,15,18,7,7,0,3,18,11,1,9,16,19,11,19,2",0.6268871,0.3016587,0.7394896,3.0,0.043968763,66.791275,0.04644756,1.0,0.04644756,0.31121746,0.0122256335,0.0,0.0,0.043968763,0.0017821509,0.8620626,0.31121746,3.3948686,1.2823404,66.791275,0.6268871,3.871215,210.40065,0.011982575,0.041489966,1.0,210.40065,0.26051039,0.1379374,3.3948686,0.0017821509,0.012468692,0.3016587,0.0,1.2823404,3.871215,0.011982575,0.52631617,0.0,0.012468692,0.52631617,0.587057,0.041489966,1.0,0.0122256335,lookahead,fk_orig3_bm3-s0to100br2-s100to200br0-s200to300br1-s300to400br2
/work/T-REX/external/Proteina-Complexa/inference/search_binder_local_pipeline_32_PDL1_ALPHA_REPACK_v7_r005_cand_v7r005_hyp_0005_01_002_a224316cffb43/job_0_n_194_id_55_fk_orig0_bm3-s0to100br3-s100to200br3-s200to300br1-s300to400br3/job_0_n_194_id_55_fk_orig0_bm3-s0to100br3-s100to200br3-s200to300br1-s300to400br3.pdb,220,"2,0,13,16,19,16,19,14,11,3,10,18,19,19,6,18,7,15,2,12,16,9,6,4,11,13,14,19,6,11,5,10,3,10,0,0,10,9,19,18,17,6,12,6,3,11,2,9,9,5,13,19,8,7,6,6,3,10,11,19,5,8,15,15,18,1,5,1,0,1,10,10,11,3,5,10,15,10,7,2,0,0,10,5,9,16,3,19,11,10,5,3,0,7,19,18,1,4,12,9,15,18,7,7,0,3,18,11,1,9,16,19,11,19,2,0,11,10,16,11,11,10,18,15,10,16,6,7,6,16,10,1,10,6,4,6,0,15,15,15,15,14,19,19,13,19,7,14,1,2,19,1,13,18,7,19,11,6,7,3,11,17,19,10,6,10,14,15,19,16,16,11,3,15,7,6,17,11,4,6,5,3,7,6,19,11,3,16,0,6,19,2,19,10,0,0,0,0,0,0,0,0,0,0,0,0,0,0,0,0,0,0,0,0,0,0,0,0,0,0,0,0,0,0,0,0,0,0,0",0.6181527,0.372132,0.82049274,3.0,0.0060487865,68.61958,0.006144194,1.0,0.006144194,0.41033754,0.0,0.0,0.0,0.0060487865,0.0031311978,0.8073287,0.41033754,3.2757943,1.5400528,68.61958,0.6181527,3.9460082,233.6503,0.0,0.0059533785,1.0,233.6503,0.17950723,0.19267131,3.2757943,0.0031311978,0.0,0.372132,0.0,1.5400528,3.9460082,0.0,0.61863524,0.0,0.0,0.61863524,0.60650605,0.0059533785,1.0,0.0,lookahead,fk_orig0_bm3-s0to100br3-s100to200br3-s200to300br1-s300to400br3
/work/T-REX/external/Proteina-Complexa/inference/search_binder_local_pipeline_32_PDL1_ALPHA_REPACK_v7_r005_cand_v7r005_hyp_0005_01_002_a224316cffb43/job_0_n_224_id_55_fk_orig1_bm3-s0to100br1-s100to200br1-s200to300br3-s300to400br3/job_0_n_224_id_55_fk_orig1_bm3-s0to100br1-s100to200br1-s200to300br3-s300to400br3.pdb,221,"2,0,13,16,19,16,19,14,11,3,10,18,19,19,6,18,7,15,2,12,16,9,6,4,11,13,14,19,6,11,5,10,3,10,0,0,10,9,19,18,17,6,12,6,3,11,2,9,9,5,13,19,8,7,6,6,3,10,11,19,5,8,15,15,18,1,5,1,0,1,10,10,11,3,5,10,15,10,7,2,0,0,10,5,9,16,3,19,11,10,5,3,0,7,19,18,1,4,12,9,15,18,7,7,0,3,18,11,1,9,16,19,11,19,2,0,15,19,16,16,14,11,3,10,18,19,0,6,19,7,15,15,19,16,10,6,4,9,14,15,1,5,10,3,12,15,11,10,15,19,10,17,11,7,14,11,3,19,16,19,9,18,18,15,2,7,6,6,5,2,19,5,8,15,15,18,11,7,1,0,11,10,10,16,2,2,2,18,15,10,5,9,16,3,10,11,10,15,3,15,7,19,18,16,4,9,19,15,3,7,16,7,9,1,3,0,11,9,16,10,11,19,2,0,0,0,0,0,0",0.5676587,0.34692764,0.7575759,3.0,0.018660124,119.73609,0.023899293,1.0,0.023899293,0.36537594,0.005683464,0.0,0.0,0.018660124,0.0033095777,0.80296266,0.36537594,13.286069,1.6171259,119.73609,0.5676587,4.008731,236.16206,0.0,0.013420958,1.0,236.16206,0.24242407,0.19703731,13.286069,0.0033095777,0.011366928,0.34692764,0.0,1.6171259,4.008731,0.0,0.58736527,0.0,0.011366928,0.58736527,0.5839121,0.013420958,1.0,0.005683464,lookahead,fk_orig1_bm3-s0to100br1-s100to200br1-s200to300br3-s300to400br3
/work/T-REX/external/Proteina-Complexa/inference/search_binder_local_pipeline_32_PDL1_ALPHA_REPACK_v7_r005_cand_v7r005_hyp_0005_01_002_a224316cffb43/job_0_n_180_id_55_fk_orig2_bm1-s0to100br0-s100to200br3-s200to300br1-s300to400br3/job_0_n_180_id_55_fk_orig2_bm1-s0to100br0-s100to200br3-s200to300br1-s300to400br3.pdb,222,"2,0,13,16,19,16,19,14,11,3,10,18,19,19,6,18,7,15,2,12,16,9,6,4,11,13,14,19,6,11,5,10,3,10,0,0,10,9,19,18,17,6,12,6,3,11,2,9,9,5,13,19,8,7,6,6,3,10,11,19,5,8,15,15,18,1,5,1,0,1,10,10,11,3,5,10,15,10,7,2,0,0,10,5,9,16,3,19,11,10,5,3,0,7,19,18,1,4,12,9,15,18,7,7,0,3,18,11,1,9,16,19,11,19,2,0,15,10,16,19,12,7,1,12,10,10,6,0,0,11,0,7,5,3,3,5,19,1,11,10,10,0,3,7,0,3,19,2,0,16,3,0,13,7,11,16,0,10,8,10,0,0,3,2,7,8,10,6,9,19,6,6,10,10,11,8,7,0,3,19,0,0,0,0,0,0,0,0,0,0,0,0,0,0,0,0,0,0,0,0,0,0,0,0,0,0,0,0,0,0,0,0,0,0,0,0,0,0,0,0,0,0,0,0,0,0,0,0,0",0.6095645,0.28851342,0.66208595,3.0,0.0654071,66.42172,0.06887397,1.0,0.06887397,0.31702745,0.013652246,0.0,0.0,0.0654071,0.0036397697,0.8382647,0.31702745,5.122636,1.410476,66.42172,0.6095645,3.5128305,194.60898,0.0122032855,0.06194023,1.0,194.60898,0.33791405,0.16173533,5.122636,0.0036397697,0.015101207,0.28851342,0.0,1.410476,3.5128305,0.0122032855,0.4489715,0.0,0.015101207,0.4489715,0.69231915,0.06194023,1.0,0.013652246,lookahead,fk_orig2_bm1-s0to100br0-s100to200br3-s200to300br1-s300to400br3
/work/T-REX/external/Proteina-Complexa/inference/search_binder_local_pipeline_32_PDL1_ALPHA_REPACK_v7_r005_cand_v7r005_hyp_0005_01_002_a224316cffb43/job_0_n_229_id_55_fk_orig3_bm3-s0to100br2-s100to200br0-s200to300br1-s300to400br3/job_0_n_229_id_55_fk_orig3_bm3-s0to100br2-s100to200br0-s200to300br1-s300to400br3.pdb,223,"2,0,13,16,19,16,19,14,11,3,10,18,19,19,6,18,7,15,2,12,16,9,6,4,11,13,14,19,6,11,5,10,3,10,0,0,10,9,19,18,17,6,12,6,3,11,2,9,9,5,13,19,8,7,6,6,3,10,11,19,5,8,15,15,18,1,5,1,0,1,10,10,11,3,5,10,15,10,7,2,0,0,10,5,9,16,3,19,11,10,5,3,0,7,19,18,1,4,12,9,15,18,7,7,0,3,18,11,1,9,16,19,11,19,2,0,13,16,19,16,19,14,11,3,10,18,19,19,6,18,7,15,2,12,16,9,6,4,11,13,14,19,6,11,5,10,3,10,0,0,10,9,19,18,17,6,12,6,3,11,2,9,9,5,13,19,8,7,6,6,3,10,11,19,5,8,15,15,18,1,5,1,0,1,10,10,11,3,5,10,15,10,7,2,0,0,10,5,9,16,3,19,11,10,5,3,0,7,19,18,1,4,12,9,15,18,7,7,0,3,18,11,1,9,16,19,11,19,2",0.6237737,0.30261746,0.74212605,3.0,0.04116665,67.07369,0.044004474,1.0,0.044004474,0.3136814,0.012022959,0.0,0.0,0.04116665,0.001814916,0.8616055,0.3136814,3.6021132,1.2881548,67.07369,0.6237737,3.882326,211.24706,0.0117550865,0.038328826,1.0,211.24706,0.25787395,0.13839445,3.6021132,0.001814916,0.012290831,0.30261746,0.0,1.2881548,3.882326,0.0117550865,0.5305821,0.0,0.012290831,0.5305821,0.5858276,0.038328826,1.0,0.012022959,lookahead,fk_orig3_bm3-s0to100br2-s100to200br0-s200to300br1-s300to400br3
/work/T-REX/external/Proteina-Complexa/inference/search_binder_local_pipeline_32_PDL1_ALPHA_REPACK_v7_r005_cand_v7r005_hyp_0005_01_002_a224316cffb43/job_0_n_194_id_56_fk_orig0_bm2-s0to100br3-s100to200br2-s200to300br2-s300to400br0/job_0_n_194_id_56_fk_orig0_bm2-s0to100br3-s100to200br2-s200to300br2-s300to400br0.pdb,224,"2,0,13,16,19,16,19,14,11,3,10,18,19,19,6,18,7,15,2,12,16,9,6,4,11,13,14,19,6,11,5,10,3,10,0,0,10,9,19,18,17,6,12,6,3,11,2,9,9,5,13,19,8,7,6,6,3,10,11,19,5,8,15,15,18,1,5,1,0,1,10,10,11,3,5,10,15,10,7,2,0,0,10,5,9,16,3,19,11,10,5,3,0,7,19,18,1,4,12,9,15,18,7,7,0,3,18,11,1,9,16,19,11,19,2,0,15,15,6,6,11,6,13,10,6,0,10,11,0,7,3,9,3,11,9,7,15,13,15,16,15,16,15,6,9,7,2,10,4,1,6,10,13,7,0,7,11,19,2,0,5,3,11,15,7,11,16,10,10,8,10,0,0,2,19,7,0,6,6,4,19,11,13,10,10,11,17,7,0,3,14,2,9,19,0,0,0,0,0,0,0,0,0,0,0,0,0,0,0,0,0,0,0,0,0,0,0,0,0,0,0,0,0,0,0,0,0,0,0",0.6063215,0.309413,0.70921683,3.0,0.042985573,122.819786,0.055808574,1.0,0.055808574,0.3477311,0.012733448,0.0,0.0,0.042985573,0.00313794,0.76142293,0.3477311,18.136488,1.826733,122.819786,0.6063215,3.697527,274.4585,0.011595105,0.030162575,1.0,274.4585,0.29078317,0.23857708,18.136488,0.00313794,0.013871791,0.309413,0.0,1.826733,3.697527,0.011595105,0.5004893,0.0,0.013871791,0.5004893,0.653371,0.030162575,1.0,0.012733448,lookahead,fk_orig0_bm2-s0to100br3-s100to200br2-s200to300br2-s300to400br0
/work/T-REX/external/Proteina-Complexa/inference/search_binder_local_pipeline_32_PDL1_ALPHA_REPACK_v7_r005_cand_v7r005_hyp_0005_01_002_a224316cffb43/job_0_n_224_id_56_fk_orig1_bm2-s0to100br2-s100to200br0-s200to300br3-s300to400br0/job_0_n_224_id_56_fk_orig1_bm2-s0to100br2-s100to200br0-s200to300br3-s300to400br0.pdb,225,"2,0,13,16,19,16,19,14,11,3,10,18,19,19,6,18,7,15,2,12,16,9,6,4,11,13,14,19,6,11,5,10,3,10,0,0,10,9,19,18,17,6,12,6,3,11,2,9,9,5,13,19,8,7,6,6,3,10,11,19,5,8,15,15,18,1,5,1,0,1,10,10,11,3,5,10,15,10,7,2,0,0,10,5,9,16,3,19,11,10,5,3,0,7,19,18,1,4,12,9,15,18,7,7,0,3,18,11,1,9,16,19,11,19,2,0,11,3,10,18,19,19,6,18,7,15,2,12,16,9,6,4,11,13,14,19,6,11,5,10,3,10,0,0,10,9,19,18,17,6,12,6,3,11,2,9,9,5,13,19,8,7,6,6,3,10,11,19,5,8,15,15,18,1,5,1,0,1,10,10,11,3,5,10,15,10,7,2,0,0,10,5,9,16,3,19,11,10,5,3,0,7,19,18,1,4,12,9,15,18,7,7,0,3,18,11,1,9,16,19,11,19,2,0,0,0,0,0,0",0.63485765,0.2748915,0.73263407,3.0,0.04846358,93.9125,0.050549306,1.0,0.050549306,0.31081912,0.013840212,0.0,0.0,0.04846358,0.001870045,0.8592517,0.31081912,7.5187073,1.3306924,93.9125,0.63485765,3.7955565,199.94289,0.013330838,0.046377853,1.0,199.94289,0.26736593,0.1407483,7.5187073,0.001870045,0.0143495845,0.2748915,0.0,1.3306924,3.7955565,0.013330838,0.512557,0.0,0.0143495845,0.512557,0.6010507,0.046377853,1.0,0.013840212,lookahead,fk_orig1_bm2-s0to100br2-s100to200br0-s200to300br3-s300to400br0
/work/T-REX/external/Proteina-Complexa/inference/search_binder_local_pipeline_32_PDL1_ALPHA_REPACK_v7_r005_cand_v7r005_hyp_0005_01_002_a224316cffb43/job_0_n_180_id_56_fk_orig2_bm0-s0to100br1-s100to200br3-s200to300br0-s300to400br0/job_0_n_180_id_56_fk_orig2_bm0-s0to100br1-s100to200br3-s200to300br0-s300to400br0.pdb,226,"2,0,13,16,19,16,19,14,11,3,10,18,19,19,6,18,7,15,2,12,16,9,6,4,11,13,14,19,6,11,5,10,3,10,0,0,10,9,19,18,17,6,12,6,3,11,2,9,9,5,13,19,8,7,6,6,3,10,11,19,5,8,15,15,18,1,5,1,0,1,10,10,11,3,5,10,15,10,7,2,0,0,10,5,9,16,3,19,11,10,5,3,0,7,19,18,1,4,12,9,15,18,7,7,0,3,18,11,1,9,16,19,11,19,2,0,15,19,9,6,0,9,3,10,11,10,6,7,1,11,6,13,3,0,7,2,10,0,6,0,6,11,10,18,1,1,0,13,6,9,18,11,11,6,7,10,10,0,6,0,6,11,19,1,3,6,10,2,11,19,10,11,11,10,7,11,6,14,14,14,0,0,0,0,0,0,0,0,0,0,0,0,0,0,0,0,0,0,0,0,0,0,0,0,0,0,0,0,0,0,0,0,0,0,0,0,0,0,0,0,0,0,0,0,0,0,0,0,0",0.6215712,0.31231612,0.7635641,3.0,0.020497266,92.63219,0.023997085,1.0,0.023997085,0.38196453,0.012163615,0.0,0.0,0.020497266,0.01927921,0.8233104,0.38196453,7.1364017,1.452965,92.63219,0.6215712,3.882739,175.15274,0.011382983,0.01699745,1.0,175.15274,0.23643589,0.17668961,7.1364017,0.01927921,0.012944248,0.31231612,0.0,1.452965,3.882739,0.011382983,0.54427224,0.0,0.012944248,0.54427224,0.65952605,0.01699745,1.0,0.012163615,lookahead,fk_orig2_bm0-s0to100br1-s100to200br3-s200to300br0-s300to400br0
/work/T-REX/external/Proteina-Complexa/inference/search_binder_local_pipeline_32_PDL1_ALPHA_REPACK_v7_r005_cand_v7r005_hyp_0005_01_002_a224316cffb43/job_0_n_229_id_56_fk_orig3_bm3-s0to100br1-s100to200br2-s200to300br2-s300to400br0/job_0_n_229_id_56_fk_orig3_bm3-s0to100br1-s100to200br2-s200to300br2-s300to400br0.pdb,227,"2,0,13,16,19,16,19,14,11,3,10,18,19,19,6,18,7,15,2,12,16,9,6,4,11,13,14,19,6,11,5,10,3,10,0,0,10,9,19,18,17,6,12,6,3,11,2,9,9,5,13,19,8,7,6,6,3,10,11,19,5,8,15,15,18,1,5,1,0,1,10,10,11,3,5,10,15,10,7,2,0,0,10,5,9,16,3,19,11,10,5,3,0,7,19,18,1,4,12,9,15,18,7,7,0,3,18,11,1,9,16,19,11,19,2,0,13,16,19,16,19,14,11,3,10,18,19,19,6,18,7,15,2,12,16,9,6,4,11,13,14,19,6,11,5,10,3,10,0,0,10,9,19,18,17,6,12,6,3,11,2,9,9,5,13,19,8,7,6,6,3,10,11,19,5,8,15,15,18,1,5,1,0,1,10,10,11,3,5,10,15,10,7,2,0,0,10,5,9,16,3,19,11,10,5,3,0,7,19,18,1,4,12,9,15,18,7,7,0,3,18,11,1,9,16,19,11,19,2",0.62551033,0.30180123,0.7388103,3.0,0.04395339,75.39891,0.046452265,1.0,0.046452265,0.31196797,0.012230536,0.0,0.0,0.04395339,0.0017836863,0.86106384,0.31196797,2.82839,1.2927216,75.39891,0.62551033,3.8743072,214.33965,0.011982398,0.04145451,1.0,214.33965,0.2611897,0.13893615,2.82839,0.0017836863,0.012478675,0.30180123,0.0,1.2927216,3.8743072,0.011982398,0.52665854,0.0,0.012478675,0.52665854,0.5875079,0.04145451,1.0,0.012230536,lookahead,fk_orig3_bm3-s0to100br1-s100to200br2-s200to300br2-s300to400br0
/work/T-REX/external/Proteina-Complexa/inference/search_binder_local_pipeline_32_PDL1_ALPHA_REPACK_v7_r005_cand_v7r005_hyp_0005_01_002_a224316cffb43/job_0_n_194_id_57_fk_orig0_bm2-s0to100br3-s100to200br2-s200to300br2-s300to400br1/job_0_n_194_id_57_fk_orig0_bm2-s0to100br3-s100to200br2-s200to300br2-s300to400br1.pdb,228,"2,0,13,16,19,16,19,14,11,3,10,18,19,19,6,18,7,15,2,12,16,9,6,4,11,13,14,19,6,11,5,10,3,10,0,0,10,9,19,18,17,6,12,6,3,11,2,9,9,5,13,19,8,7,6,6,3,10,11,19,5,8,15,15,18,1,5,1,0,1,10,10,11,3,5,10,15,10,7,2,0,0,10,5,9,16,3,19,11,10,5,3,0,7,19,18,1,4,12,9,15,18,7,7,0,3,18,11,1,9,16,19,11,19,2,0,15,16,6,6,11,6,13,10,6,0,10,11,0,7,3,9,3,11,9,7,15,13,15,16,15,16,15,6,9,7,2,10,4,1,6,10,13,7,0,7,11,19,2,0,5,3,11,15,7,11,16,10,10,8,10,0,0,2,19,7,0,6,6,4,19,11,13,10,10,11,17,7,0,3,14,2,9,19,0,0,0,0,0,0,0,0,0,0,0,0,0,0,0,0,0,0,0,0,0,0,0,0,0,0,0,0,0,0,0,0,0,0,0",0.60586125,0.30659682,0.70344436,3.0,0.046156272,123.42218,0.05725963,1.0,0.05725963,0.34420565,0.012967354,0.0,0.0,0.046156272,0.0028664998,0.76517403,0.34420565,18.154915,1.8140439,123.42218,0.60586125,3.688015,278.0774,0.011806564,0.03505291,1.0,278.0774,0.29655564,0.23482597,18.154915,0.0028664998,0.014128142,0.30659682,0.0,1.8140439,3.688015,0.011806564,0.4954615,0.0,0.014128142,0.4954615,0.6548104,0.03505291,1.0,0.012967354,lookahead,fk_orig0_bm2-s0to100br3-s100to200br2-s200to300br2-s300to400br1
/work/T-REX/external/Proteina-Complexa/inference/search_binder_local_pipeline_32_PDL1_ALPHA_REPACK_v7_r005_cand_v7r005_hyp_0005_01_002_a224316cffb43/job_0_n_224_id_57_fk_orig1_bm2-s0to100br2-s100to200br0-s200to300br3-s300to400br1/job_0_n_224_id_57_fk_orig1_bm2-s0to100br2-s100to200br0-s200to300br3-s300to400br1.pdb,229,"2,0,13,16,19,16,19,14,11,3,10,18,19,19,6,18,7,15,2,12,16,9,6,4,11,13,14,19,6,11,5,10,3,10,0,0,10,9,19,18,17,6,12,6,3,11,2,9,9,5,13,19,8,7,6,6,3,10,11,19,5,8,15,15,18,1,5,1,0,1,10,10,11,3,5,10,15,10,7,2,0,0,10,5,9,16,3,19,11,10,5,3,0,7,19,18,1,4,12,9,15,18,7,7,0,3,18,11,1,9,16,19,11,19,2,0,11,3,10,18,19,19,6,18,7,15,2,12,16,9,6,4,11,13,14,19,6,11,5,10,3,10,0,0,10,9,19,18,17,6,12,6,3,11,2,9,9,5,13,19,8,7,6,6,3,10,11,19,5,8,15,15,18,1,5,1,0,1,10,10,11,3,5,10,15,10,7,2,0,0,10,5,9,16,3,19,11,10,5,3,0,7,19,18,1,4,12,9,15,18,7,7,0,3,18,11,1,9,16,19,11,19,2,0,0,0,0,0,0",0.6234641,0.27786186,0.71907663,3.0,0.052028377,101.496735,0.056678716,1.0,0.056678716,0.30825308,0.013113945,0.0,0.0,0.052028377,0.0018930683,0.8607366,0.30825308,8.853002,1.3353769,101.496735,0.6234641,3.7676957,203.48814,0.01308357,0.047378037,1.0,203.48814,0.28092337,0.1392634,8.853002,0.0018930683,0.01314432,0.27786186,0.0,1.3353769,3.7676957,0.01308357,0.5071792,0.0,0.01314432,0.5071792,0.606884,0.047378037,1.0,0.013113945,lookahead,fk_orig1_bm2-s0to100br2-s100to200br0-s200to300br3-s300to400br1
/work/T-REX/external/Proteina-Complexa/inference/search_binder_local_pipeline_32_PDL1_ALPHA_REPACK_v7_r005_cand_v7r005_hyp_0005_01_002_a224316cffb43/job_0_n_180_id_57_fk_orig2_bm0-s0to100br1-s100to200br3-s200to300br0-s300to400br1/job_0_n_180_id_57_fk_orig2_bm0-s0to100br1-s100to200br3-s200to300br0-s300to400br1.pdb,230,"2,0,13,16,19,16,19,14,11,3,10,18,19,19,6,18,7,15,2,12,16,9,6,4,11,13,14,19,6,11,5,10,3,10,0,0,10,9,19,18,17,6,12,6,3,11,2,9,9,5,13,19,8,7,6,6,3,10,11,19,5,8,15,15,18,1,5,1,0,1,10,10,11,3,5,10,15,10,7,2,0,0,10,5,9,16,3,19,11,10,5,3,0,7,19,18,1,4,12,9,15,18,7,7,0,3,18,11,1,9,16,19,11,19,2,0,15,19,9,6,0,9,3,10,11,10,5,7,1,11,6,13,3,0,7,2,10,0,6,0,6,11,10,18,1,1,0,13,6,9,18,11,11,6,7,10,10,0,6,0,6,11,19,1,3,6,10,2,11,19,10,19,11,10,7,11,6,14,14,14,0,0,0,0,0,0,0,0,0,0,0,0,0,0,0,0,0,0,0,0,0,0,0,0,0,0,0,0,0,0,0,0,0,0,0,0,0,0,0,0,0,0,0,0,0,0,0,0,0",0.6242868,0.27339706,0.7201274,3.0,0.042423964,93.37247,0.04989106,1.0,0.04989106,0.3522032,0.014000017,0.0,0.0,0.042423964,0.018758725,0.8271165,0.3522032,7.819181,1.4625173,93.37247,0.6242868,3.699386,170.25616,0.012825245,0.03495687,1.0,170.25616,0.2798726,0.1728835,7.819181,0.018758725,0.015174788,0.27339706,0.0,1.4625173,3.699386,0.012825245,0.4983283,0.0,0.015174788,0.4983283,0.6764063,0.03495687,1.0,0.014000017,lookahead,fk_orig2_bm0-s0to100br1-s100to200br3-s200to300br0-s300to400br1
/work/T-REX/external/Proteina-Complexa/inference/search_binder_local_pipeline_32_PDL1_ALPHA_REPACK_v7_r005_cand_v7r005_hyp_0005_01_002_a224316cffb43/job_0_n_229_id_57_fk_orig3_bm3-s0to100br1-s100to200br2-s200to300br2-s300to400br1/job_0_n_229_id_57_fk_orig3_bm3-s0to100br1-s100to200br2-s200to300br2-s300to400br1.pdb,231,"2,0,13,16,19,16,19,14,11,3,10,18,19,19,6,18,7,15,2,12,16,9,6,4,11,13,14,19,6,11,5,10,3,10,0,0,10,9,19,18,17,6,12,6,3,11,2,9,9,5,13,19,8,7,6,6,3,10,11,19,5,8,15,15,18,1,5,1,0,1,10,10,11,3,5,10,15,10,7,2,0,0,10,5,9,16,3,19,11,10,5,3,0,7,19,18,1,4,12,9,15,18,7,7,0,3,18,11,1,9,16,19,11,19,2,0,13,16,19,16,19,14,11,3,10,18,19,19,6,18,7,15,2,12,16,9,6,4,11,13,14,19,6,11,5,10,3,10,0,0,10,9,19,18,17,6,12,6,3,11,2,9,9,5,13,19,8,7,6,6,3,10,11,19,5,8,15,15,18,1,5,1,0,1,10,10,11,3,5,10,15,10,7,2,0,0,10,5,9,16,3,19,11,10,5,3,0,7,19,18,1,4,12,9,15,18,7,7,0,3,18,11,1,9,16,19,11,19,2",0.622331,0.30486044,0.74061,3.0,0.041295268,74.33609,0.044253662,1.0,0.044253662,0.31358236,0.011986339,0.0,0.0,0.041295268,0.0018095074,0.8611684,0.31358236,2.826416,1.293995,74.33609,0.622331,3.8830452,213.22295,0.011769256,0.038336873,1.0,213.22295,0.25938997,0.13883163,2.826416,0.0018095074,0.012203424,0.30486044,0.0,1.293995,3.8830452,0.011769256,0.5298792,0.0,0.012203424,0.5298792,0.5863855,0.038336873,1.0,0.011986339,lookahead,fk_orig3_bm3-s0to100br1-s100to200br2-s200to300br2-s300to400br1
/work/T-REX/external/Proteina-Complexa/inference/search_binder_local_pipeline_32_PDL1_ALPHA_REPACK_v7_r005_cand_v7r005_hyp_0005_01_002_a224316cffb43/job_0_n_194_id_58_fk_orig0_bm2-s0to100br3-s100to200br2-s200to300br2-s300to400br2/job_0_n_194_id_58_fk_orig0_bm2-s0to100br3-s100to200br2-s200to300br2-s300to400br2.pdb,232,"2,0,13,16,19,16,19,14,11,3,10,18,19,19,6,18,7,15,2,12,16,9,6,4,11,13,14,19,6,11,5,10,3,10,0,0,10,9,19,18,17,6,12,6,3,11,2,9,9,5,13,19,8,7,6,6,3,10,11,19,5,8,15,15,18,1,5,1,0,1,10,10,11,3,5,10,15,10,7,2,0,0,10,5,9,16,3,19,11,10,5,3,0,7,19,18,1,4,12,9,15,18,7,7,0,3,18,11,1,9,16,19,11,19,2,0,15,16,6,6,11,6,13,10,6,0,10,11,0,7,3,9,3,11,9,7,15,13,15,16,15,16,15,6,9,7,2,10,4,1,6,10,13,7,0,7,11,19,2,0,5,3,11,15,7,11,16,10,10,8,10,0,0,2,19,7,0,6,6,4,19,11,13,10,10,11,17,7,0,3,14,2,9,19,0,0,0,0,0,0,0,0,0,0,0,0,0,0,0,0,0,0,0,0,0,0,0,0,0,0,0,0,0,0,0,0,0,0,0",0.6089315,0.3170644,0.72242594,3.0,0.039203886,122.67152,0.051484156,1.0,0.051484156,0.35657865,0.01229671,0.0,0.0,0.039203886,0.0028840792,0.75415117,0.35657865,18.060154,1.830248,122.67152,0.6089315,3.7455518,275.79007,0.0110483365,0.026923615,1.0,275.79007,0.27757403,0.24584883,18.060154,0.0028840792,0.013545084,0.3170644,0.0,1.830248,3.7455518,0.0110483365,0.5139113,0.0,0.013545084,0.5139113,0.64722383,0.026923615,1.0,0.01229671,lookahead,fk_orig0_bm2-s0to100br3-s100to200br2-s200to300br2-s300to400br2
/work/T-REX/external/Proteina-Complexa/inference/search_binder_local_pipeline_32_PDL1_ALPHA_REPACK_v7_r005_cand_v7r005_hyp_0005_01_002_a224316cffb43/job_0_n_224_id_58_fk_orig1_bm2-s0to100br2-s100to200br0-s200to300br3-s300to400br2/job_0_n_224_id_58_fk_orig1_bm2-s0to100br2-s100to200br0-s200to300br3-s300to400br2.pdb,233,"2,0,13,16,19,16,19,14,11,3,10,18,19,19,6,18,7,15,2,12,16,9,6,4,11,13,14,19,6,11,5,10,3,10,0,0,10,9,19,18,17,6,12,6,3,11,2,9,9,5,13,19,8,7,6,6,3,10,11,19,5,8,15,15,18,1,5,1,0,1,10,10,11,3,5,10,15,10,7,2,0,0,10,5,9,16,3,19,11,10,5,3,0,7,19,18,1,4,12,9,15,18,7,7,0,3,18,11,1,9,16,19,11,19,2,0,11,3,10,18,19,19,6,18,7,15,2,12,16,9,6,4,11,13,14,19,6,11,5,10,3,10,0,0,10,9,19,18,17,6,12,6,3,11,2,9,9,5,13,19,8,7,6,6,3,10,11,19,5,8,15,15,18,1,5,1,0,1,10,10,11,3,5,10,15,10,7,2,0,0,10,5,9,16,3,19,11,10,5,3,0,7,19,18,1,4,12,9,15,18,7,7,0,3,18,11,1,9,16,19,11,19,2,0,0,0,0,0,0",0.64594525,0.27280426,0.74821955,3.0,0.043957897,99.06429,0.044698276,1.0,0.044698276,0.31523973,0.013779312,0.0,0.0,0.043957897,0.001918253,0.85605276,0.31523973,8.01059,1.3317986,99.06429,0.64594525,3.8220441,201.64676,0.013405785,0.043217517,1.0,201.64676,0.25178045,0.14394727,8.01059,0.001918253,0.01415284,0.27280426,0.0,1.3317986,3.8220441,0.013405785,0.520342,0.0,0.01415284,0.520342,0.5924963,0.043217517,1.0,0.013779312,lookahead,fk_orig1_bm2-s0to100br2-s100to200br0-s200to300br3-s300to400br2
/work/T-REX/external/Proteina-Complexa/inference/search_binder_local_pipeline_32_PDL1_ALPHA_REPACK_v7_r005_cand_v7r005_hyp_0005_01_002_a224316cffb43/job_0_n_180_id_58_fk_orig2_bm0-s0to100br1-s100to200br3-s200to300br0-s300to400br2/job_0_n_180_id_58_fk_orig2_bm0-s0to100br1-s100to200br3-s200to300br0-s300to400br2.pdb,234,"2,0,13,16,19,16,19,14,11,3,10,18,19,19,6,18,7,15,2,12,16,9,6,4,11,13,14,19,6,11,5,10,3,10,0,0,10,9,19,18,17,6,12,6,3,11,2,9,9,5,13,19,8,7,6,6,3,10,11,19,5,8,15,15,18,1,5,1,0,1,10,10,11,3,5,10,15,10,7,2,0,0,10,5,9,16,3,19,11,10,5,3,0,7,19,18,1,4,12,9,15,18,7,7,0,3,18,11,1,9,16,19,11,19,2,0,15,19,9,6,0,9,3,10,11,10,5,7,1,11,6,13,3,0,7,2,10,0,6,0,6,11,10,18,1,1,0,13,6,9,18,11,11,6,7,10,10,0,6,0,6,11,19,1,3,6,10,2,11,19,10,19,11,10,7,11,6,14,14,14,0,0,0,0,0,0,0,0,0,0,0,0,0,0,0,0,0,0,0,0,0,0,0,0,0,0,0,0,0,0,0,0,0,0,0,0,0,0,0,0,0,0,0,0,0,0,0,0,0",0.6247718,0.27711946,0.7233291,3.0,0.04126315,92.92907,0.048245773,1.0,0.048245773,0.35432434,0.013716631,0.0,0.0,0.04126315,0.019248009,0.82602835,0.35432434,7.8495803,1.4628645,92.92907,0.6247718,3.7086575,168.93387,0.012515786,0.034280524,1.0,168.93387,0.27667087,0.17397168,7.8495803,0.019248009,0.014917474,0.27711946,0.0,1.4628645,3.7086575,0.012515786,0.5014851,0.0,0.014917474,0.5014851,0.67524284,0.034280524,1.0,0.013716631,lookahead,fk_orig2_bm0-s0to100br1-s100to200br3-s200to300br0-s300to400br2
/work/T-REX/external/Proteina-Complexa/inference/search_binder_local_pipeline_32_PDL1_ALPHA_REPACK_v7_r005_cand_v7r005_hyp_0005_01_002_a224316cffb43/job_0_n_229_id_58_fk_orig3_bm3-s0to100br1-s100to200br2-s200to300br2-s300to400br2/job_0_n_229_id_58_fk_orig3_bm3-s0to100br1-s100to200br2-s200to300br2-s300to400br2.pdb,235,"2,0,13,16,19,16,19,14,11,3,10,18,19,19,6,18,7,15,2,12,16,9,6,4,11,13,14,19,6,11,5,10,3,10,0,0,10,9,19,18,17,6,12,6,3,11,2,9,9,5,13,19,8,7,6,6,3,10,11,19,5,8,15,15,18,1,5,1,0,1,10,10,11,3,5,10,15,10,7,2,0,0,10,5,9,16,3,19,11,10,5,3,0,7,19,18,1,4,12,9,15,18,7,7,0,3,18,11,1,9,16,19,11,19,2,0,13,16,19,16,19,14,11,3,10,18,19,19,6,18,7,15,2,12,16,9,6,4,11,13,14,19,6,11,5,10,3,10,0,0,10,9,19,18,17,6,12,6,3,11,2,9,9,5,13,19,8,7,6,6,3,10,11,19,5,8,15,15,18,1,5,1,0,1,10,10,11,3,5,10,15,10,7,2,0,0,10,5,9,16,3,19,11,10,5,3,0,7,19,18,1,4,12,9,15,18,7,7,0,3,18,11,1,9,16,19,11,19,2",0.6284082,0.29831046,0.74107254,3.0,0.04302744,73.016556,0.04510739,1.0,0.04510739,0.31175405,0.012347175,0.0,0.0,0.04302744,0.0018007049,0.86036134,0.31175405,2.847804,1.2920607,73.016556,0.6284082,3.8721104,214.73381,0.01204247,0.040947486,1.0,214.73381,0.25892746,0.13963866,2.847804,0.0018007049,0.01265188,0.29831046,0.0,1.2920607,3.8721104,0.01204247,0.52622795,0.0,0.01265188,0.52622795,0.58634627,0.040947486,1.0,0.012347175,lookahead,fk_orig3_bm3-s0to100br1-s100to200br2-s200to300br2-s300to400br2
/work/T-REX/external/Proteina-Complexa/inference/search_binder_local_pipeline_32_PDL1_ALPHA_REPACK_v7_r005_cand_v7r005_hyp_0005_01_002_a224316cffb43/job_0_n_194_id_59_fk_orig0_bm2-s0to100br3-s100to200br2-s200to300br2-s300to400br3/job_0_n_194_id_59_fk_orig0_bm2-s0to100br3-s100to200br2-s200to300br2-s300to400br3.pdb,236,"2,0,13,16,19,16,19,14,11,3,10,18,19,19,6,18,7,15,2,12,16,9,6,4,11,13,14,19,6,11,5,10,3,10,0,0,10,9,19,18,17,6,12,6,3,11,2,9,9,5,13,19,8,7,6,6,3,10,11,19,5,8,15,15,18,1,5,1,0,1,10,10,11,3,5,10,15,10,7,2,0,0,10,5,9,16,3,19,11,10,5,3,0,7,19,18,1,4,12,9,15,18,7,7,0,3,18,11,1,9,16,19,11,19,2,0,15,16,6,6,11,6,13,10,6,0,10,11,0,7,3,9,3,11,9,7,15,13,15,16,15,16,15,6,9,7,2,10,4,1,6,10,13,7,0,7,11,19,2,0,5,3,11,15,7,11,16,10,10,8,10,0,0,2,19,7,0,6,6,4,19,11,13,10,10,11,17,7,0,3,14,2,9,19,0,0,0,0,0,0,0,0,0,0,0,0,0,0,0,0,0,0,0,0,0,0,0,0,0,0,0,0,0,0,0,0,0,0,0",0.60585,0.31273374,0.71238816,3.0,0.041898344,123.007576,0.054562055,1.0,0.054562055,0.35077325,0.012498504,0.0,0.0,0.041898344,0.0029021509,0.75800467,0.35077325,18.141298,1.83237,123.007576,0.60585,3.7131615,276.17328,0.011352949,0.029234633,1.0,276.17328,0.28761184,0.24199535,18.141298,0.0029021509,0.013644058,0.31273374,0.0,1.83237,3.7131615,0.011352949,0.5046307,0.0,0.013644058,0.5046307,0.65150994,0.029234633,1.0,0.012498504,lookahead,fk_orig0_bm2-s0to100br3-s100to200br2-s200to300br2-s300to400br3
/work/T-REX/external/Proteina-Complexa/inference/search_binder_local_pipeline_32_PDL1_ALPHA_REPACK_v7_r005_cand_v7r005_hyp_0005_01_002_a224316cffb43/job_0_n_224_id_59_fk_orig1_bm2-s0to100br2-s100to200br0-s200to300br3-s300to400br3/job_0_n_224_id_59_fk_orig1_bm2-s0to100br2-s100to200br0-s200to300br3-s300to400br3.pdb,237,"2,0,13,16,19,16,19,14,11,3,10,18,19,19,6,18,7,15,2,12,16,9,6,4,11,13,14,19,6,11,5,10,3,10,0,0,10,9,19,18,17,6,12,6,3,11,2,9,9,5,13,19,8,7,6,6,3,10,11,19,5,8,15,15,18,1,5,1,0,1,10,10,11,3,5,10,15,10,7,2,0,0,10,5,9,16,3,19,11,10,5,3,0,7,19,18,1,4,12,9,15,18,7,7,0,3,18,11,1,9,16,19,11,19,2,0,11,3,10,18,19,19,6,18,7,15,2,12,16,9,6,4,11,13,14,19,6,11,5,10,3,10,0,0,10,9,19,18,17,6,12,6,3,11,2,9,9,5,13,19,8,7,6,6,3,10,11,19,5,8,15,15,18,1,5,1,0,1,10,10,11,3,5,10,15,10,7,2,0,0,10,5,9,16,3,19,11,10,5,3,0,7,19,18,1,4,12,9,15,18,7,7,0,3,18,11,1,9,16,19,11,19,2,0,0,0,0,0,0",0.6498667,0.27645418,0.74913394,3.0,0.04476723,59.24785,0.04597341,1.0,0.04597341,0.31448704,0.014026053,0.0,0.0,0.04476723,0.0019525036,0.85500365,0.31448704,2.8608136,1.3302503,59.24785,0.6498667,3.8537872,202.58249,0.013788542,0.043561053,1.0,202.58249,0.25086606,0.14499633,2.8608136,0.0019525036,0.014263565,0.27645418,0.0,1.3302503,3.8537872,0.013788542,0.5186014,0.0,0.014263565,0.5186014,0.5900504,0.043561053,1.0,0.014026053,lookahead,fk_orig1_bm2-s0to100br2-s100to200br0-s200to300br3-s300to400br3
/work/T-REX/external/Proteina-Complexa/inference/search_binder_local_pipeline_32_PDL1_ALPHA_REPACK_v7_r005_cand_v7r005_hyp_0005_01_002_a224316cffb43/job_0_n_180_id_59_fk_orig2_bm0-s0to100br1-s100to200br3-s200to300br0-s300to400br3/job_0_n_180_id_59_fk_orig2_bm0-s0to100br1-s100to200br3-s200to300br0-s300to400br3.pdb,238,"2,0,13,16,19,16,19,14,11,3,10,18,19,19,6,18,7,15,2,12,16,9,6,4,11,13,14,19,6,11,5,10,3,10,0,0,10,9,19,18,17,6,12,6,3,11,2,9,9,5,13,19,8,7,6,6,3,10,11,19,5,8,15,15,18,1,5,1,0,1,10,10,11,3,5,10,15,10,7,2,0,0,10,5,9,16,3,19,11,10,5,3,0,7,19,18,1,4,12,9,15,18,7,7,0,3,18,11,1,9,16,19,11,19,2,0,15,19,9,6,0,9,3,10,11,10,5,7,1,11,6,13,3,0,7,2,10,0,6,0,6,11,10,18,1,1,0,13,6,9,18,11,11,6,7,10,10,0,6,0,6,11,19,1,3,6,10,2,11,19,10,19,11,10,7,11,6,14,14,14,0,0,0,0,0,0,0,0,0,0,0,0,0,0,0,0,0,0,0,0,0,0,0,0,0,0,0,0,0,0,0,0,0,0,0,0,0,0,0,0,0,0,0,0,0,0,0,0,0",0.62453127,0.27724764,0.72574097,3.0,0.039561242,93.93013,0.046192177,1.0,0.046192177,0.35556015,0.013617156,0.0,0.0,0.039561242,0.019163191,0.8269187,0.35556015,7.7733054,1.4595102,93.93013,0.62453127,3.7196789,170.80872,0.012442036,0.032930307,1.0,170.80872,0.27425903,0.17308125,7.7733054,0.019163191,0.014792277,0.27724764,0.0,1.4595102,3.7196789,0.012442036,0.5036414,0.0,0.014792277,0.5036414,0.6741757,0.032930307,1.0,0.013617156,lookahead,fk_orig2_bm0-s0to100br1-s100to200br3-s200to300br0-s300to400br3
/work/T-REX/external/Proteina-Complexa/inference/search_binder_local_pipeline_32_PDL1_ALPHA_REPACK_v7_r005_cand_v7r005_hyp_0005_01_002_a224316cffb43/job_0_n_229_id_59_fk_orig3_bm3-s0to100br1-s100to200br2-s200to300br2-s300to400br3/job_0_n_229_id_59_fk_orig3_bm3-s0to100br1-s100to200br2-s200to300br2-s300to400br3.pdb,239,"2,0,13,16,19,16,19,14,11,3,10,18,19,19,6,18,7,15,2,12,16,9,6,4,11,13,14,19,6,11,5,10,3,10,0,0,10,9,19,18,17,6,12,6,3,11,2,9,9,5,13,19,8,7,6,6,3,10,11,19,5,8,15,15,18,1,5,1,0,1,10,10,11,3,5,10,15,10,7,2,0,0,10,5,9,16,3,19,11,10,5,3,0,7,19,18,1,4,12,9,15,18,7,7,0,3,18,11,1,9,16,19,11,19,2,0,13,16,19,16,19,14,11,3,10,18,19,19,6,18,7,15,2,12,16,9,6,4,11,13,14,19,6,11,5,10,3,10,0,0,10,9,19,18,17,6,12,6,3,11,2,9,9,5,13,19,8,7,6,6,3,10,11,19,5,8,15,15,18,1,5,1,0,1,10,10,11,3,5,10,15,10,7,2,0,0,10,5,9,16,3,19,11,10,5,3,0,7,19,18,1,4,12,9,15,18,7,7,0,3,18,11,1,9,16,19,11,19,2",0.6217097,0.30397168,0.74145144,3.0,0.040707916,75.39109,0.044106465,1.0,0.044106465,0.31434634,0.012024547,0.0,0.0,0.040707916,0.001793421,0.8608252,0.31434634,2.9199402,1.2947401,75.39109,0.6217097,3.8822873,215.55159,0.011683805,0.03730937,1.0,215.55159,0.25854856,0.13917482,2.9199402,0.001793421,0.012365289,0.30397168,0.0,1.2947401,3.8822873,0.011683805,0.5311754,0.0,0.012365289,0.5311754,0.58610976,0.03730937,1.0,0.012024547,lookahead,fk_orig3_bm3-s0to100br1-s100to200br2-s200to300br2-s300to400br3
/work/T-REX/external/Proteina-Complexa/inference/search_binder_local_pipeline_32_PDL1_ALPHA_REPACK_v7_r005_cand_v7r005_hyp_0005_01_002_a224316cffb43/job_0_n_194_id_60_fk_orig0_bm2-s0to100br3-s100to200br2-s200to300br0-s300to400br0/job_0_n_194_id_60_fk_orig0_bm2-s0to100br3-s100to200br2-s200to300br0-s300to400br0.pdb,240,"2,0,13,16,19,16,19,14,11,3,10,18,19,19,6,18,7,15,2,12,16,9,6,4,11,13,14,19,6,11,5,10,3,10,0,0,10,9,19,18,17,6,12,6,3,11,2,9,9,5,13,19,8,7,6,6,3,10,11,19,5,8,15,15,18,1,5,1,0,1,10,10,11,3,5,10,15,10,7,2,0,0,10,5,9,16,3,19,11,10,5,3,0,7,19,18,1,4,12,9,15,18,7,7,0,3,18,11,1,9,16,19,11,19,2,0,15,11,6,3,6,6,13,10,0,0,10,11,0,7,3,19,3,11,10,7,15,13,15,1,15,3,15,6,10,7,11,10,0,1,6,19,13,7,0,7,11,19,2,0,5,3,11,3,7,11,16,10,10,8,10,0,19,3,10,7,0,6,6,4,19,11,13,13,10,11,17,7,0,3,14,2,9,19,0,0,0,0,0,0,0,0,0,0,0,0,0,0,0,0,0,0,0,0,0,0,0,0,0,0,0,0,0,0,0,0,0,0,0",0.6095644,0.40687227,0.80907416,3.0,0.0066623255,123.81835,0.0074263266,1.0,0.0074263266,0.40505475,0.0,0.0,0.0,0.0066623255,0.003325979,0.7912302,0.40505475,16.166012,1.6795064,123.81835,0.6095644,4.042457,278.43314,0.0,0.0058983243,1.0,278.43314,0.19092587,0.20876983,16.166012,0.003325979,0.0,0.40687227,0.0,1.6795064,4.042457,0.0,0.61070913,0.0,0.0,0.61070913,0.61431533,0.0058983243,1.0,0.0,lookahead,fk_orig0_bm2-s0to100br3-s100to200br2-s200to300br0-s300to400br0
/work/T-REX/external/Proteina-Complexa/inference/search_binder_local_pipeline_32_PDL1_ALPHA_REPACK_v7_r005_cand_v7r005_hyp_0005_01_002_a224316cffb43/job_0_n_224_id_60_fk_orig1_bm1-s0to100br1-s100to200br1-s200to300br3-s300to400br0/job_0_n_224_id_60_fk_orig1_bm1-s0to100br1-s100to200br1-s200to300br3-s300to400br0.pdb,241,"2,0,13,16,19,16,19,14,11,3,10,18,19,19,6,18,7,15,2,12,16,9,6,4,11,13,14,19,6,11,5,10,3,10,0,0,10,9,19,18,17,6,12,6,3,11,2,9,9,5,13,19,8,7,6,6,3,10,11,19,5,8,15,15,18,1,5,1,0,1,10,10,11,3,5,10,15,10,7,2,0,0,10,5,9,16,3,19,11,10,5,3,0,7,19,18,1,4,12,9,15,18,7,7,0,3,18,11,1,9,16,19,11,19,2,0,14,11,3,10,18,19,19,6,18,7,15,2,12,16,9,6,4,11,13,14,19,6,11,5,10,3,10,0,0,10,9,19,18,17,6,12,6,3,11,2,9,9,5,13,19,8,7,6,6,3,10,11,19,5,8,15,15,18,1,5,1,0,1,10,10,11,3,5,10,15,10,7,2,0,0,10,5,9,16,3,19,11,10,5,3,0,7,19,18,1,4,12,9,15,18,7,7,0,3,18,11,1,9,16,19,11,19,2,0,0,0,0,0",0.6321354,0.29999012,0.7411394,3.0,0.044658322,72.19984,0.045589853,1.0,0.045589853,0.31954724,0.012632042,0.0,0.0,0.044658322,0.0022410464,0.8495865,0.31954724,3.1984513,1.3827157,72.19984,0.6321354,3.8907726,219.53275,0.011979094,0.04372679,1.0,219.53275,0.25886056,0.1504135,3.1984513,0.0022410464,0.0132849915,0.29999012,0.0,1.3827157,3.8907726,0.011979094,0.52423203,0.0,0.0132849915,0.52423203,0.59284717,0.04372679,1.0,0.012632042,lookahead,fk_orig1_bm1-s0to100br1-s100to200br1-s200to300br3-s300to400br0
/work/T-REX/external/Proteina-Complexa/inference/search_binder_local_pipeline_32_PDL1_ALPHA_REPACK_v7_r005_cand_v7r005_hyp_0005_01_002_a224316cffb43/job_0_n_180_id_60_fk_orig2_bm1-s0to100br0-s100to200br2-s200to300br3-s300to400br0/job_0_n_180_id_60_fk_orig2_bm1-s0to100br0-s100to200br2-s200to300br3-s300to400br0.pdb,242,"2,0,13,16,19,16,19,14,11,3,10,18,19,19,6,18,7,15,2,12,16,9,6,4,11,13,14,19,6,11,5,10,3,10,0,0,10,9,19,18,17,6,12,6,3,11,2,9,9,5,13,19,8,7,6,6,3,10,11,19,5,8,15,15,18,1,5,1,0,1,10,10,11,3,5,10,15,10,7,2,0,0,10,5,9,16,3,19,11,10,5,3,0,7,19,18,1,4,12,9,15,18,7,7,0,3,18,11,1,9,16,19,11,19,2,0,15,12,16,14,19,3,1,10,10,10,6,0,0,11,0,7,5,3,3,12,19,1,11,10,10,0,3,7,0,3,19,2,0,15,3,11,13,7,11,16,0,10,8,10,0,0,3,2,7,8,10,6,9,19,6,6,10,10,11,8,7,0,3,19,0,0,0,0,0,0,0,0,0,0,0,0,0,0,0,0,0,0,0,0,0,0,0,0,0,0,0,0,0,0,0,0,0,0,0,0,0,0,0,0,0,0,0,0,0,0,0,0,0",0.6062542,0.27846384,0.68527734,3.0,0.049919188,91.54292,0.05498381,1.0,0.05498381,0.3307868,0.013460926,0.0,0.0,0.049919188,0.0034859488,0.82455444,0.3307868,8.362263,1.4264908,91.54292,0.6062542,3.4840126,206.51852,0.012287426,0.044854566,1.0,206.51852,0.31472263,0.17544556,8.362263,0.0034859488,0.014634426,0.27846384,0.0,1.4264908,3.4840126,0.012287426,0.4715809,0.0,0.014634426,0.4715809,0.6833917,0.044854566,1.0,0.013460926,lookahead,fk_orig2_bm1-s0to100br0-s100to200br2-s200to300br3-s300to400br0
/work/T-REX/external/Proteina-Complexa/inference/search_binder_local_pipeline_32_PDL1_ALPHA_REPACK_v7_r005_cand_v7r005_hyp_0005_01_002_a224316cffb43/job_0_n_229_id_60_fk_orig3_bm3-s0to100br1-s100to200br0-s200to300br3-s300to400br0/job_0_n_229_id_60_fk_orig3_bm3-s0to100br1-s100to200br0-s200to300br3-s300to400br0.pdb,243,"2,0,13,16,19,16,19,14,11,3,10,18,19,19,6,18,7,15,2,12,16,9,6,4,11,13,14,19,6,11,5,10,3,10,0,0,10,9,19,18,17,6,12,6,3,11,2,9,9,5,13,19,8,7,6,6,3,10,11,19,5,8,15,15,18,1,5,1,0,1,10,10,11,3,5,10,15,10,7,2,0,0,10,5,9,16,3,19,11,10,5,3,0,7,19,18,1,4,12,9,15,18,7,7,0,3,18,11,1,9,16,19,11,19,2,0,13,16,19,16,19,14,11,3,10,18,19,19,6,18,7,15,2,12,16,9,6,4,11,13,14,19,6,11,5,10,3,10,0,0,10,9,19,18,17,6,12,6,3,11,2,9,9,5,13,19,8,7,6,6,3,10,11,19,5,8,15,15,18,1,5,1,0,1,10,10,11,3,5,10,15,10,7,2,0,0,10,5,9,16,3,19,11,10,5,3,0,7,19,18,1,4,12,9,15,18,7,7,0,3,18,11,1,9,16,19,11,19,2",0.6305796,0.2958102,0.7412354,3.0,0.04371789,67.37327,0.045470487,1.0,0.045470487,0.31061572,0.012652577,0.0,0.0,0.04371789,0.0017878234,0.8610952,0.31061572,2.8632264,1.2838194,67.37327,0.6305796,3.8667133,212.9347,0.012360109,0.0419653,1.0,212.9347,0.2587646,0.13890478,2.8632264,0.0017878234,0.012945045,0.2958102,0.0,1.2838194,3.8667133,0.012360109,0.5249914,0.0,0.012945045,0.5249914,0.5863433,0.0419653,1.0,0.012652577,lookahead,fk_orig3_bm3-s0to100br1-s100to200br0-s200to300br3-s300to400br0
/work/T-REX/external/Proteina-Complexa/inference/search_binder_local_pipeline_32_PDL1_ALPHA_REPACK_v7_r005_cand_v7r005_hyp_0005_01_002_a224316cffb43/job_0_n_194_id_61_fk_orig0_bm2-s0to100br3-s100to200br2-s200to300br0-s300to400br1/job_0_n_194_id_61_fk_orig0_bm2-s0to100br3-s100to200br2-s200to300br0-s300to400br1.pdb,244,"2,0,13,16,19,16,19,14,11,3,10,18,19,19,6,18,7,15,2,12,16,9,6,4,11,13,14,19,6,11,5,10,3,10,0,0,10,9,19,18,17,6,12,6,3,11,2,9,9,5,13,19,8,7,6,6,3,10,11,19,5,8,15,15,18,1,5,1,0,1,10,10,11,3,5,10,15,10,7,2,0,0,10,5,9,16,3,19,11,10,5,3,0,7,19,18,1,4,12,9,15,18,7,7,0,3,18,11,1,9,16,19,11,19,2,0,15,11,6,3,6,6,13,10,0,0,10,11,0,7,3,19,3,11,10,7,15,13,15,1,15,3,15,6,10,7,11,10,0,1,6,19,13,7,0,7,11,19,2,0,5,3,11,3,7,11,16,10,10,8,10,0,19,3,10,7,0,6,6,4,19,11,13,13,10,11,17,7,0,3,14,2,9,19,0,0,0,0,0,0,0,0,0,0,0,0,0,0,0,0,0,0,0,0,0,0,0,0,0,0,0,0,0,0,0,0,0,0,0",0.60932297,0.399329,0.8027946,3.0,0.008535526,124.68832,0.011031216,1.0,0.011031216,0.40090987,0.0,0.0,0.0,0.008535526,0.003338039,0.7914245,0.40090987,16.169638,1.6785232,124.68832,0.60932297,4.0283914,282.677,0.0,0.0060398355,1.0,282.677,0.1972054,0.20857547,16.169638,0.003338039,0.0,0.399329,0.0,1.6785232,4.0283914,0.0,0.60340446,0.0,0.0,0.60340446,0.6167188,0.0060398355,1.0,0.0,lookahead,fk_orig0_bm2-s0to100br3-s100to200br2-s200to300br0-s300to400br1
/work/T-REX/external/Proteina-Complexa/inference/search_binder_local_pipeline_32_PDL1_ALPHA_REPACK_v7_r005_cand_v7r005_hyp_0005_01_002_a224316cffb43/job_0_n_224_id_61_fk_orig1_bm1-s0to100br1-s100to200br1-s200to300br3-s300to400br1/job_0_n_224_id_61_fk_orig1_bm1-s0to100br1-s100to200br1-s200to300br3-s300to400br1.pdb,245,"2,0,13,16,19,16,19,14,11,3,10,18,19,19,6,18,7,15,2,12,16,9,6,4,11,13,14,19,6,11,5,10,3,10,0,0,10,9,19,18,17,6,12,6,3,11,2,9,9,5,13,19,8,7,6,6,3,10,11,19,5,8,15,15,18,1,5,1,0,1,10,10,11,3,5,10,15,10,7,2,0,0,10,5,9,16,3,19,11,10,5,3,0,7,19,18,1,4,12,9,15,18,7,7,0,3,18,11,1,9,16,19,11,19,2,0,14,11,3,10,18,19,19,6,18,7,15,2,12,16,9,6,4,11,13,14,19,6,11,5,10,3,10,0,0,10,9,19,18,17,6,12,6,3,11,2,9,9,5,13,19,8,7,6,6,3,10,11,19,5,8,15,15,18,1,5,1,0,1,10,10,11,3,5,10,15,10,7,2,0,0,10,5,9,16,3,19,11,10,5,3,0,7,19,18,1,4,12,9,15,18,7,7,0,3,18,11,1,9,16,19,11,19,2,0,0,0,0,0",0.6355974,0.2938848,0.73498416,3.0,0.049609974,72.70214,0.050665528,1.0,0.050665528,0.31538162,0.012396211,0.0,0.0,0.049609974,0.0022167596,0.8504458,0.31538162,3.1367114,1.3805146,72.70214,0.6355974,3.8725283,215.94478,0.012118249,0.04855442,1.0,215.94478,0.26501584,0.14955418,3.1367114,0.0022167596,0.0126741715,0.2938848,0.0,1.3805146,3.8725283,0.012118249,0.5164888,0.0,0.0126741715,0.5164888,0.5958032,0.04855442,1.0,0.012396211,lookahead,fk_orig1_bm1-s0to100br1-s100to200br1-s200to300br3-s300to400br1
/work/T-REX/external/Proteina-Complexa/inference/search_binder_local_pipeline_32_PDL1_ALPHA_REPACK_v7_r005_cand_v7r005_hyp_0005_01_002_a224316cffb43/job_0_n_180_id_61_fk_orig2_bm1-s0to100br0-s100to200br2-s200to300br3-s300to400br1/job_0_n_180_id_61_fk_orig2_bm1-s0to100br0-s100to200br2-s200to300br3-s300to400br1.pdb,246,"2,0,13,16,19,16,19,14,11,3,10,18,19,19,6,18,7,15,2,12,16,9,6,4,11,13,14,19,6,11,5,10,3,10,0,0,10,9,19,18,17,6,12,6,3,11,2,9,9,5,13,19,8,7,6,6,3,10,11,19,5,8,15,15,18,1,5,1,0,1,10,10,11,3,5,10,15,10,7,2,0,0,10,5,9,16,3,19,11,10,5,3,0,7,19,18,1,4,12,9,15,18,7,7,0,3,18,11,1,9,16,19,11,19,2,0,15,12,16,14,19,3,1,10,10,10,6,0,0,11,0,7,5,3,3,12,19,1,11,10,10,0,3,7,0,3,19,2,0,15,3,11,13,7,11,16,0,10,8,10,0,0,3,2,7,8,10,6,9,19,6,6,10,10,11,8,7,0,3,19,0,0,0,0,0,0,0,0,0,0,0,0,0,0,0,0,0,0,0,0,0,0,0,0,0,0,0,0,0,0,0,0,0,0,0,0,0,0,0,0,0,0,0,0,0,0,0,0,0",0.6041245,0.28140664,0.6831699,3.0,0.049911164,91.58484,0.05603912,1.0,0.05603912,0.33005503,0.013411598,0.0,0.0,0.049911164,0.0034194412,0.8246797,0.33005503,8.436278,1.427473,91.58484,0.6041245,3.4833355,208.95398,0.012176049,0.043783206,1.0,208.95398,0.3168301,0.17532034,8.436278,0.0034194412,0.014647148,0.28140664,0.0,1.427473,3.4833355,0.012176049,0.47054157,0.0,0.014647148,0.47054157,0.684142,0.043783206,1.0,0.013411598,lookahead,fk_orig2_bm1-s0to100br0-s100to200br2-s200to300br3-s300to400br1
/work/T-REX/external/Proteina-Complexa/inference/search_binder_local_pipeline_32_PDL1_ALPHA_REPACK_v7_r005_cand_v7r005_hyp_0005_01_002_a224316cffb43/job_0_n_229_id_61_fk_orig3_bm3-s0to100br1-s100to200br0-s200to300br3-s300to400br1/job_0_n_229_id_61_fk_orig3_bm3-s0to100br1-s100to200br0-s200to300br3-s300to400br1.pdb,247,"2,0,13,16,19,16,19,14,11,3,10,18,19,19,6,18,7,15,2,12,16,9,6,4,11,13,14,19,6,11,5,10,3,10,0,0,10,9,19,18,17,6,12,6,3,11,2,9,9,5,13,19,8,7,6,6,3,10,11,19,5,8,15,15,18,1,5,1,0,1,10,10,11,3,5,10,15,10,7,2,0,0,10,5,9,16,3,19,11,10,5,3,0,7,19,18,1,4,12,9,15,18,7,7,0,3,18,11,1,9,16,19,11,19,2,0,13,16,19,16,19,14,11,3,10,18,19,19,6,18,7,15,2,12,16,9,6,4,11,13,14,19,6,11,5,10,3,10,0,0,10,9,19,18,17,6,12,6,3,11,2,9,9,5,13,19,8,7,6,6,3,10,11,19,5,8,15,15,18,1,5,1,0,1,10,10,11,3,5,10,15,10,7,2,0,0,10,5,9,16,3,19,11,10,5,3,0,7,19,18,1,4,12,9,15,18,7,7,0,3,18,11,1,9,16,19,11,19,2",0.6227952,0.30321506,0.7402284,3.0,0.04218063,70.42883,0.045055978,1.0,0.045055978,0.31312853,0.012042949,0.0,0.0,0.04218063,0.0018140642,0.8620399,0.31312853,3.0798576,1.2882471,70.42883,0.6227952,3.879358,211.2712,0.011805274,0.039305285,1.0,211.2712,0.25977162,0.13796006,3.0798576,0.0018140642,0.012280624,0.30321506,0.0,1.2882471,3.879358,0.011805274,0.529728,0.0,0.012280624,0.529728,0.586894,0.039305285,1.0,0.012042949,lookahead,fk_orig3_bm3-s0to100br1-s100to200br0-s200to300br3-s300to400br1
/work/T-REX/external/Proteina-Complexa/inference/search_binder_local_pipeline_32_PDL1_ALPHA_REPACK_v7_r005_cand_v7r005_hyp_0005_01_002_a224316cffb43/job_0_n_194_id_62_fk_orig0_bm2-s0to100br3-s100to200br2-s200to300br0-s300to400br2/job_0_n_194_id_62_fk_orig0_bm2-s0to100br3-s100to200br2-s200to300br0-s300to400br2.pdb,248,"2,0,13,16,19,16,19,14,11,3,10,18,19,19,6,18,7,15,2,12,16,9,6,4,11,13,14,19,6,11,5,10,3,10,0,0,10,9,19,18,17,6,12,6,3,11,2,9,9,5,13,19,8,7,6,6,3,10,11,19,5,8,15,15,18,1,5,1,0,1,10,10,11,3,5,10,15,10,7,2,0,0,10,5,9,16,3,19,11,10,5,3,0,7,19,18,1,4,12,9,15,18,7,7,0,3,18,11,1,9,16,19,11,19,2,0,15,11,6,3,6,6,13,10,0,0,10,11,0,7,3,19,3,11,10,7,15,13,15,1,15,3,15,6,10,7,11,10,0,1,6,19,13,7,0,7,11,19,2,0,5,3,11,3,7,11,16,10,10,8,10,0,19,3,10,7,0,6,6,4,19,11,13,13,10,11,17,7,0,3,14,2,9,19,0,0,0,0,0,0,0,0,0,0,0,0,0,0,0,0,0,0,0,0,0,0,0,0,0,0,0,0,0,0,0,0,0,0,0",0.6006388,0.36334622,0.7696652,3.0,0.017257128,123.644936,0.028231418,1.0,0.028231418,0.38141447,0.0068818447,0.0,0.0,0.017257128,0.003194741,0.78880095,0.38141447,16.96026,1.6924617,123.644936,0.6006388,3.906196,280.4931,0.0,0.00628284,1.0,280.4931,0.23033482,0.21119907,16.96026,0.003194741,0.013763689,0.36334622,0.0,1.6924617,3.906196,0.0,0.5711161,0.0,0.013763689,0.5711161,0.63001406,0.00628284,1.0,0.0068818447,lookahead,fk_orig0_bm2-s0to100br3-s100to200br2-s200to300br0-s300to400br2
/work/T-REX/external/Proteina-Complexa/inference/search_binder_local_pipeline_32_PDL1_ALPHA_REPACK_v7_r005_cand_v7r005_hyp_0005_01_002_a224316cffb43/job_0_n_224_id_62_fk_orig1_bm1-s0to100br1-s100to200br1-s200to300br3-s300to400br2/job_0_n_224_id_62_fk_orig1_bm1-s0to100br1-s100to200br1-s200to300br3-s300to400br2.pdb,249,"2,0,13,16,19,16,19,14,11,3,10,18,19,19,6,18,7,15,2,12,16,9,6,4,11,13,14,19,6,11,5,10,3,10,0,0,10,9,19,18,17,6,12,6,3,11,2,9,9,5,13,19,8,7,6,6,3,10,11,19,5,8,15,15,18,1,5,1,0,1,10,10,11,3,5,10,15,10,7,2,0,0,10,5,9,16,3,19,11,10,5,3,0,7,19,18,1,4,12,9,15,18,7,7,0,3,18,11,1,9,16,19,11,19,2,0,14,11,3,10,18,19,19,6,18,7,15,2,12,16,9,6,4,11,13,14,19,6,11,5,10,3,10,0,0,10,9,19,18,17,6,12,6,3,11,2,9,9,5,13,19,8,7,6,6,3,10,11,19,5,8,15,15,18,1,5,1,0,1,10,10,11,3,5,10,15,10,7,2,0,0,10,5,9,16,3,19,11,10,5,3,0,7,19,18,1,4,12,9,15,18,7,7,0,3,18,11,1,9,16,19,11,19,2,0,0,0,0,0",0.6357598,0.29479134,0.73673105,3.0,0.04888035,70.12249,0.050410397,1.0,0.050410397,0.31646553,0.0126144495,0.0,0.0,0.04888035,0.0022164825,0.8499345,0.31646553,3.0621414,1.3851788,70.12249,0.6357598,3.876019,218.33084,0.012550823,0.047350302,1.0,218.33084,0.26326898,0.1500655,3.0621414,0.0022164825,0.012678075,0.29479134,0.0,1.3851788,3.876019,0.012550823,0.51821715,0.0,0.012678075,0.51821715,0.595134,0.047350302,1.0,0.0126144495,lookahead,fk_orig1_bm1-s0to100br1-s100to200br1-s200to300br3-s300to400br2
/work/T-REX/external/Proteina-Complexa/inference/search_binder_local_pipeline_32_PDL1_ALPHA_REPACK_v7_r005_cand_v7r005_hyp_0005_01_002_a224316cffb43/job_0_n_180_id_62_fk_orig2_bm1-s0to100br0-s100to200br2-s200to300br3-s300to400br2/job_0_n_180_id_62_fk_orig2_bm1-s0to100br0-s100to200br2-s200to300br3-s300to400br2.pdb,250,"2,0,13,16,19,16,19,14,11,3,10,18,19,19,6,18,7,15,2,12,16,9,6,4,11,13,14,19,6,11,5,10,3,10,0,0,10,9,19,18,17,6,12,6,3,11,2,9,9,5,13,19,8,7,6,6,3,10,11,19,5,8,15,15,18,1,5,1,0,1,10,10,11,3,5,10,15,10,7,2,0,0,10,5,9,16,3,19,11,10,5,3,0,7,19,18,1,4,12,9,15,18,7,7,0,3,18,11,1,9,16,19,11,19,2,0,15,12,16,14,19,3,1,10,10,10,6,0,0,11,0,7,5,3,3,12,19,1,11,10,10,0,3,7,0,3,19,2,0,15,3,11,13,7,11,16,0,10,8,10,0,0,3,2,7,8,10,6,9,19,6,6,10,10,11,8,7,0,3,19,0,0,0,0,0,0,0,0,0,0,0,0,0,0,0,0,0,0,0,0,0,0,0,0,0,0,0,0,0,0,0,0,0,0,0,0,0,0,0,0,0,0,0,0,0,0,0,0,0",0.605091,0.29419774,0.7013881,3.0,0.041890256,89.1714,0.049021687,1.0,0.049021687,0.34175873,0.013206896,0.0,0.0,0.041890256,0.0033513922,0.82058275,0.34175873,8.125266,1.4149809,89.1714,0.605091,3.5399194,205.59204,0.012260258,0.034758825,1.0,205.59204,0.29861188,0.17941724,8.125266,0.0033513922,0.014153535,0.29419774,0.0,1.4149809,3.5399194,0.012260258,0.48888147,0.0,0.014153535,0.48888147,0.67802715,0.034758825,1.0,0.013206896,lookahead,fk_orig2_bm1-s0to100br0-s100to200br2-s200to300br3-s300to400br2
/work/T-REX/external/Proteina-Complexa/inference/search_binder_local_pipeline_32_PDL1_ALPHA_REPACK_v7_r005_cand_v7r005_hyp_0005_01_002_a224316cffb43/job_0_n_229_id_62_fk_orig3_bm3-s0to100br1-s100to200br0-s200to300br3-s300to400br2/job_0_n_229_id_62_fk_orig3_bm3-s0to100br1-s100to200br0-s200to300br3-s300to400br2.pdb,251,"2,0,13,16,19,16,19,14,11,3,10,18,19,19,6,18,7,15,2,12,16,9,6,4,11,13,14,19,6,11,5,10,3,10,0,0,10,9,19,18,17,6,12,6,3,11,2,9,9,5,13,19,8,7,6,6,3,10,11,19,5,8,15,15,18,1,5,1,0,1,10,10,11,3,5,10,15,10,7,2,0,0,10,5,9,16,3,19,11,10,5,3,0,7,19,18,1,4,12,9,15,18,7,7,0,3,18,11,1,9,16,19,11,19,2,0,13,16,19,16,19,14,11,3,10,18,19,19,6,18,7,15,2,12,16,9,6,4,11,13,14,19,6,11,5,10,3,10,0,0,10,9,19,18,17,6,12,6,3,11,2,9,9,5,13,19,8,7,6,6,3,10,11,19,5,8,15,15,18,1,5,1,0,1,10,10,11,3,5,10,15,10,7,2,0,0,10,5,9,16,3,19,11,10,5,3,0,7,19,18,1,4,12,9,15,18,7,7,0,3,18,11,1,9,16,19,11,19,2",0.62682664,0.29805934,0.7363763,3.0,0.04580143,68.656685,0.04867571,1.0,0.04867571,0.3097246,0.012351986,0.0,0.0,0.04580143,0.0017623147,0.8623411,0.3097246,2.9854233,1.2831186,68.656685,0.62682664,3.8629782,209.9457,0.012133753,0.042927157,1.0,209.9457,0.26362374,0.13765891,2.9854233,0.0017623147,0.01257022,0.29805934,0.0,1.2831186,3.8629782,0.012133753,0.5235392,0.0,0.01257022,0.5235392,0.58899045,0.042927157,1.0,0.012351986,lookahead,fk_orig3_bm3-s0to100br1-s100to200br0-s200to300br3-s300to400br2
/work/T-REX/external/Proteina-Complexa/inference/search_binder_local_pipeline_32_PDL1_ALPHA_REPACK_v7_r005_cand_v7r005_hyp_0005_01_002_a224316cffb43/job_0_n_194_id_63_fk_orig0_bm2-s0to100br3-s100to200br2-s200to300br0-s300to400br3/job_0_n_194_id_63_fk_orig0_bm2-s0to100br3-s100to200br2-s200to300br0-s300to400br3.pdb,252,"2,0,13,16,19,16,19,14,11,3,10,18,19,19,6,18,7,15,2,12,16,9,6,4,11,13,14,19,6,11,5,10,3,10,0,0,10,9,19,18,17,6,12,6,3,11,2,9,9,5,13,19,8,7,6,6,3,10,11,19,5,8,15,15,18,1,5,1,0,1,10,10,11,3,5,10,15,10,7,2,0,0,10,5,9,16,3,19,11,10,5,3,0,7,19,18,1,4,12,9,15,18,7,7,0,3,18,11,1,9,16,19,11,19,2,0,15,11,6,3,6,6,13,10,0,0,10,11,0,7,3,19,3,11,10,7,15,13,15,1,15,3,15,6,10,7,11,10,0,1,6,19,13,7,0,7,11,19,2,0,5,3,11,0,7,11,16,10,10,8,10,0,19,3,10,7,0,6,6,4,19,11,13,13,10,11,17,7,0,3,14,2,9,19,0,0,0,0,0,0,0,0,0,0,0,0,0,0,0,0,0,0,0,0,0,0,0,0,0,0,0,0,0,0,0,0,0,0,0",0.6075198,0.41442308,0.8094686,3.0,0.0078118974,123.5363,0.009939155,1.0,0.009939155,0.40745082,0.0,0.0,0.0,0.0078118974,0.0028732312,0.7903048,0.40745082,15.962152,1.6676667,123.5363,0.6075198,4.048813,280.13876,0.0,0.0056846403,1.0,280.13876,0.19053134,0.20969519,15.962152,0.0028732312,0.0,0.41442308,0.0,1.6676667,4.048813,0.0,0.614495,0.0,0.0,0.614495,0.6147143,0.0056846403,1.0,0.0,lookahead,fk_orig0_bm2-s0to100br3-s100to200br2-s200to300br0-s300to400br3
/work/T-REX/external/Proteina-Complexa/inference/search_binder_local_pipeline_32_PDL1_ALPHA_REPACK_v7_r005_cand_v7r005_hyp_0005_01_002_a224316cffb43/job_0_n_224_id_63_fk_orig1_bm1-s0to100br1-s100to200br1-s200to300br3-s300to400br3/job_0_n_224_id_63_fk_orig1_bm1-s0to100br1-s100to200br1-s200to300br3-s300to400br3.pdb,253,"2,0,13,16,19,16,19,14,11,3,10,18,19,19,6,18,7,15,2,12,16,9,6,4,11,13,14,19,6,11,5,10,3,10,0,0,10,9,19,18,17,6,12,6,3,11,2,9,9,5,13,19,8,7,6,6,3,10,11,19,5,8,15,15,18,1,5,1,0,1,10,10,11,3,5,10,15,10,7,2,0,0,10,5,9,16,3,19,11,10,5,3,0,7,19,18,1,4,12,9,15,18,7,7,0,3,18,11,1,9,16,19,11,19,2,0,14,11,3,10,18,19,19,6,18,7,15,2,12,16,9,6,4,11,13,14,19,6,11,5,10,3,10,0,0,10,9,19,18,17,6,12,6,3,11,2,9,9,5,13,19,8,7,6,6,3,10,11,19,5,8,15,15,18,1,5,1,0,1,10,10,11,3,5,10,15,10,7,2,0,0,10,5,9,16,3,19,11,10,5,3,0,7,19,18,1,4,12,9,15,18,7,7,0,3,18,11,1,9,16,19,11,19,2,0,0,0,0,0",0.62964976,0.30365893,0.7433349,3.0,0.042453326,73.0139,0.043372046,1.0,0.043372046,0.32161316,0.012582468,0.0,0.0,0.042453326,0.002268918,0.84926623,0.32161316,3.1712523,1.3892167,73.0139,0.62964976,3.899313,218.19366,0.011885095,0.041534603,1.0,218.19366,0.2566651,0.15073375,3.1712523,0.002268918,0.013279841,0.30365893,0.0,1.3892167,3.899313,0.011885095,0.5278059,0.0,0.013279841,0.5278059,0.5918601,0.041534603,1.0,0.012582468,lookahead,fk_orig1_bm1-s0to100br1-s100to200br1-s200to300br3-s300to400br3
/work/T-REX/external/Proteina-Complexa/inference/search_binder_local_pipeline_32_PDL1_ALPHA_REPACK_v7_r005_cand_v7r005_hyp_0005_01_002_a224316cffb43/job_0_n_180_id_63_fk_orig2_bm1-s0to100br0-s100to200br2-s200to300br3-s300to400br3/job_0_n_180_id_63_fk_orig2_bm1-s0to100br0-s100to200br2-s200to300br3-s300to400br3.pdb,254,"2,0,13,16,19,16,19,14,11,3,10,18,19,19,6,18,7,15,2,12,16,9,6,4,11,13,14,19,6,11,5,10,3,10,0,0,10,9,19,18,17,6,12,6,3,11,2,9,9,5,13,19,8,7,6,6,3,10,11,19,5,8,15,15,18,1,5,1,0,1,10,10,11,3,5,10,15,10,7,2,0,0,10,5,9,16,3,19,11,10,5,3,0,7,19,18,1,4,12,9,15,18,7,7,0,3,18,11,1,9,16,19,11,19,2,0,15,12,16,14,19,3,1,10,10,10,6,0,0,11,0,7,5,3,3,12,19,1,11,10,10,0,3,7,0,3,19,2,0,15,3,11,13,7,11,16,0,10,8,10,0,0,3,2,7,8,10,6,9,19,6,6,10,10,11,8,7,0,3,19,0,0,0,0,0,0,0,0,0,0,0,0,0,0,0,0,0,0,0,0,0,0,0,0,0,0,0,0,0,0,0,0,0,0,0,0,0,0,0,0,0,0,0,0,0,0,0,0,0",0.60632414,0.29210177,0.6968366,3.0,0.044756666,87.164566,0.05048717,1.0,0.05048717,0.3383587,0.013526429,0.0,0.0,0.044756666,0.0033043837,0.8217087,0.3383587,7.973087,1.4137402,87.164566,0.60632414,3.5241961,202.75882,0.012576768,0.03902616,1.0,202.75882,0.30316344,0.17829132,7.973087,0.0033043837,0.014476091,0.29210177,0.0,1.4137402,3.5241961,0.012576768,0.4836875,0.0,0.014476091,0.4836875,0.6794373,0.03902616,1.0,0.013526429,lookahead,fk_orig2_bm1-s0to100br0-s100to200br2-s200to300br3-s300to400br3
/work/T-REX/external/Proteina-Complexa/inference/search_binder_local_pipeline_32_PDL1_ALPHA_REPACK_v7_r005_cand_v7r005_hyp_0005_01_002_a224316cffb43/job_0_n_229_id_63_fk_orig3_bm3-s0to100br1-s100to200br0-s200to300br3-s300to400br3/job_0_n_229_id_63_fk_orig3_bm3-s0to100br1-s100to200br0-s200to300br3-s300to400br3.pdb,255,"2,0,13,16,19,16,19,14,11,3,10,18,19,19,6,18,7,15,2,12,16,9,6,4,11,13,14,19,6,11,5,10,3,10,0,0,10,9,19,18,17,6,12,6,3,11,2,9,9,5,13,19,8,7,6,6,3,10,11,19,5,8,15,15,18,1,5,1,0,1,10,10,11,3,5,10,15,10,7,2,0,0,10,5,9,16,3,19,11,10,5,3,0,7,19,18,1,4,12,9,15,18,7,7,0,3,18,11,1,9,16,19,11,19,2,0,13,16,19,16,19,14,11,3,10,18,19,19,6,18,7,15,2,12,16,9,6,4,11,13,14,19,6,11,5,10,3,10,0,0,10,9,19,18,17,6,12,6,3,11,2,9,9,5,13,19,8,7,6,6,3,10,11,19,5,8,15,15,18,1,5,1,0,1,10,10,11,3,5,10,15,10,7,2,0,0,10,5,9,16,3,19,11,10,5,3,0,7,19,18,1,4,12,9,15,18,7,7,0,3,18,11,1,9,16,19,11,19,2",0.6230388,0.302226,0.7401451,3.0,0.04216592,69.11933,0.04499121,1.0,0.04499121,0.31286612,0.012091979,0.0,0.0,0.04216592,0.0017933883,0.86228496,0.31286612,3.0316741,1.2859569,69.11933,0.6230388,3.8803313,213.55898,0.0118185375,0.03934063,1.0,213.55898,0.25985494,0.13771503,3.0316741,0.0017933883,0.012365421,0.302226,0.0,1.2859569,3.8803313,0.0118185375,0.5293447,0.0,0.012365421,0.5293447,0.58695394,0.03934063,1.0,0.012091979,lookahead,fk_orig3_bm3-s0to100br1-s100to200br0-s200to300br3-s300to400br3
/work/T-REX/external/Proteina-Complexa/inference/search_binder_local_pipeline_32_PDL1_ALPHA_REPACK_v7_r005_cand_v7r005_hyp_0005_01_002_a224316cffb43/job_0_n_194_id_64_fk_orig0_bm2-s0to100br3-s100to200br2-s200to300br2-s300to400br2/job_0_n_194_id_64_fk_orig0_bm2-s0to100br3-s100to200br2-s200to300br2-s300to400br2.pdb,256,"2,0,13,16,19,16,19,14,11,3,10,18,19,19,6,18,7,15,2,12,16,9,6,4,11,13,14,19,6,11,5,10,3,10,0,0,10,9,19,18,17,6,12,6,3,11,2,9,9,5,13,19,8,7,6,6,3,10,11,19,5,8,15,15,18,1,5,1,0,1,10,10,11,3,5,10,15,10,7,2,0,0,10,5,9,16,3,19,11,10,5,3,0,7,19,18,1,4,12,9,15,18,7,7,0,3,18,11,1,9,16,19,11,19,2,0,15,16,6,6,11,6,13,10,6,0,10,11,0,7,3,9,3,11,9,7,15,13,15,16,15,16,15,6,9,7,2,10,4,1,6,10,13,7,0,7,11,19,2,0,5,3,11,15,7,11,16,10,10,8,10,0,0,2,19,7,0,6,6,4,19,11,13,10,10,11,17,7,0,3,14,2,9,19,0,0,0,0,0,0,0,0,0,0,0,0,0,0,0,0,0,0,0,0,0,0,0,0,0,0,0,0,0,0,0,0,0,0,0",0.60850143,0.31929514,0.72061765,3.0,0.04005704,122.69248,0.05209119,1.0,0.05209119,0.3557375,0.012229157,0.0,0.0,0.04005704,0.0028835046,0.75424075,0.3557375,18.109158,1.83071,122.69248,0.60850143,3.7396507,275.89896,0.010896175,0.028022896,1.0,275.89896,0.27938232,0.24575928,18.109158,0.0028835046,0.013562138,0.31929514,0.0,1.83071,3.7396507,0.010896175,0.51248205,0.0,0.013562138,0.51248205,0.64819455,0.028022896,1.0,0.012229157,final,fk_orig0_bm2-s0to100br3-s100to200br2-s200to300br2-s300to400br2
/work/T-REX/external/Proteina-Complexa/inference/search_binder_local_pipeline_32_PDL1_ALPHA_REPACK_v7_r005_cand_v7r005_hyp_0005_01_002_a224316cffb43/job_0_n_194_id_65_fk_orig0_bm3-s0to100br3-s100to200br3-s200to300br1-s300to400br2/job_0_n_194_id_65_fk_orig0_bm3-s0to100br3-s100to200br3-s200to300br1-s300to400br2.pdb,257,"2,0,13,16,19,16,19,14,11,3,10,18,19,19,6,18,7,15,2,12,16,9,6,4,11,13,14,19,6,11,5,10,3,10,0,0,10,9,19,18,17,6,12,6,3,11,2,9,9,5,13,19,8,7,6,6,3,10,11,19,5,8,15,15,18,1,5,1,0,1,10,10,11,3,5,10,15,10,7,2,0,0,10,5,9,16,3,19,11,10,5,3,0,7,19,18,1,4,12,9,15,18,7,7,0,3,18,11,1,9,16,19,11,19,2,0,11,10,16,11,11,10,18,15,10,16,6,7,6,16,10,1,10,6,4,6,0,15,15,15,15,14,19,19,13,19,7,14,1,2,19,1,13,18,7,19,11,6,7,3,11,17,19,10,6,10,14,15,19,16,16,11,3,15,7,6,17,11,4,6,5,3,7,6,19,11,3,16,0,5,19,2,19,10,0,0,0,0,0,0,0,0,0,0,0,0,0,0,0,0,0,0,0,0,0,0,0,0,0,0,0,0,0,0,0,0,0,0,0",0.6202993,0.34511003,0.8027931,3.0,0.0069868984,69.96224,0.0074857734,1.0,0.0074857734,0.39377907,0.0,0.0,0.0,0.0069868984,0.0027781404,0.8067969,0.39377907,3.7039096,1.5428448,69.96224,0.6202993,3.8613055,232.09528,0.0,0.0064880233,1.0,232.09528,0.19720691,0.19320308,3.7039096,0.0027781404,0.0,0.34511003,0.0,1.5428448,3.8613055,0.0,0.5908773,0.0,0.0,0.5908773,0.61329544,0.0064880233,1.0,0.0,final,fk_orig0_bm3-s0to100br3-s100to200br3-s200to300br1-s300to400br2
/work/T-REX/external/Proteina-Complexa/inference/search_binder_local_pipeline_32_PDL1_ALPHA_REPACK_v7_r005_cand_v7r005_hyp_0005_01_002_a224316cffb43/job_0_n_194_id_66_fk_orig0_bm3-s0to100br3-s100to200br0-s200to300br0-s300to400br0/job_0_n_194_id_66_fk_orig0_bm3-s0to100br3-s100to200br0-s200to300br0-s300to400br0.pdb,258,"2,0,13,16,19,16,19,14,11,3,10,18,19,19,6,18,7,15,2,12,16,9,6,4,11,13,14,19,6,11,5,10,3,10,0,0,10,9,19,18,17,6,12,6,3,11,2,9,9,5,13,19,8,7,6,6,3,10,11,19,5,8,15,15,18,1,5,1,0,1,10,10,11,3,5,10,15,10,7,2,0,0,10,5,9,16,3,19,11,10,5,3,0,7,19,18,1,4,12,9,15,18,7,7,0,3,18,11,1,9,16,19,11,19,2,0,11,10,16,11,11,16,18,16,9,6,6,7,11,3,10,1,10,6,4,16,15,15,15,16,7,6,19,19,13,5,7,14,11,2,19,5,13,8,14,5,10,5,7,3,11,17,19,10,15,10,14,15,0,16,16,7,3,15,7,6,17,11,4,10,19,3,7,11,19,0,3,16,0,5,19,2,19,5,0,0,0,0,0,0,0,0,0,0,0,0,0,0,0,0,0,0,0,0,0,0,0,0,0,0,0,0,0,0,0,0,0,0,0",0.6113366,0.3737614,0.7977433,3.0,0.006683679,54.265846,0.0070740907,1.0,0.0070740907,0.39979872,0.0,0.0,0.0,0.006683679,0.0040493715,0.7824147,0.39979872,2.4454708,1.5982509,54.265846,0.6113366,3.8768914,228.02734,0.0,0.006293267,1.0,228.02734,0.20225665,0.21758533,2.4454708,0.0040493715,0.0,0.3737614,0.0,1.5982509,3.8768914,0.0,0.5919621,0.0,0.0,0.5919621,0.61632663,0.006293267,1.0,0.0,final,fk_orig0_bm3-s0to100br3-s100to200br0-s200to300br0-s300to400br0
/work/T-REX/external/Proteina-Complexa/inference/search_binder_local_pipeline_32_PDL1_ALPHA_REPACK_v7_r005_cand_v7r005_hyp_0005_01_002_a224316cffb43/job_0_n_194_id_67_fk_orig0_bm2-s0to100br3-s100to200br2-s200to300br2-s300to400br2/job_0_n_194_id_67_fk_orig0_bm2-s0to100br3-s100to200br2-s200to300br2-s300to400br2.pdb,259,"2,0,13,16,19,16,19,14,11,3,10,18,19,19,6,18,7,15,2,12,16,9,6,4,11,13,14,19,6,11,5,10,3,10,0,0,10,9,19,18,17,6,12,6,3,11,2,9,9,5,13,19,8,7,6,6,3,10,11,19,5,8,15,15,18,1,5,1,0,1,10,10,11,3,5,10,15,10,7,2,0,0,10,5,9,16,3,19,11,10,5,3,0,7,19,18,1,4,12,9,15,18,7,7,0,3,18,11,1,9,16,19,11,19,2,0,15,16,6,6,11,6,13,10,6,0,10,11,0,7,3,9,3,11,9,7,15,13,15,16,15,16,15,6,9,7,2,10,4,1,6,10,13,7,0,7,11,19,2,0,5,3,11,15,7,11,16,10,10,8,10,0,0,2,19,7,0,6,6,4,19,11,13,10,10,11,17,7,0,3,14,2,9,19,0,0,0,0,0,0,0,0,0,0,0,0,0,0,0,0,0,0,0,0,0,0,0,0,0,0,0,0,0,0,0,0,0,0,0",0.60850143,0.31929514,0.72061765,3.0,0.04005704,122.69248,0.05209119,1.0,0.05209119,0.3557375,0.012229157,0.0,0.0,0.04005704,0.0028835046,0.75424075,0.3557375,18.109158,1.83071,122.69248,0.60850143,3.7396507,275.89896,0.010896175,0.028022896,1.0,275.89896,0.27938232,0.24575928,18.109158,0.0028835046,0.013562138,0.31929514,0.0,1.83071,3.7396507,0.010896175,0.51248205,0.0,0.013562138,0.51248205,0.64819455,0.028022896,1.0,0.012229157,final,fk_orig0_bm2-s0to100br3-s100to200br2-s200to300br2-s300to400br2
/work/T-REX/external/Proteina-Complexa/inference/search_binder_local_pipeline_32_PDL1_ALPHA_REPACK_v7_r005_cand_v7r005_hyp_0005_01_002_a224316cffb43/job_0_n_224_id_64_fk_orig1_bm1-s0to100br1-s100to200br1-s200to300br3-s300to400br1/job_0_n_224_id_64_fk_orig1_bm1-s0to100br1-s100to200br1-s200to300br3-s300to400br1.pdb,260,"2,0,13,16,19,16,19,14,11,3,10,18,19,19,6,18,7,15,2,12,16,9,6,4,11,13,14,19,6,11,5,10,3,10,0,0,10,9,19,18,17,6,12,6,3,11,2,9,9,5,13,19,8,7,6,6,3,10,11,19,5,8,15,15,18,1,5,1,0,1,10,10,11,3,5,10,15,10,7,2,0,0,10,5,9,16,3,19,11,10,5,3,0,7,19,18,1,4,12,9,15,18,7,7,0,3,18,11,1,9,16,19,11,19,2,0,14,11,3,10,18,19,19,6,18,7,15,2,12,16,9,6,4,11,13,14,19,6,11,5,10,3,10,0,0,10,9,19,18,17,6,12,6,3,11,2,9,9,5,13,19,8,7,6,6,3,10,11,19,5,8,15,15,18,1,5,1,0,1,10,10,11,3,5,10,15,10,7,2,0,0,10,5,9,16,3,19,11,10,5,3,0,7,19,18,1,4,12,9,15,18,7,7,0,3,18,11,1,9,16,19,11,19,2,0,0,0,0,0",0.63272923,0.29993138,0.74010426,3.0,0.04609435,72.70274,0.04749372,1.0,0.04749372,0.31919616,0.012860655,0.0,0.0,0.04609435,0.002237082,0.85004413,0.31919616,3.0912192,1.3835785,72.70274,0.63272923,3.8914914,216.41743,0.012167564,0.04469498,1.0,216.41743,0.25989574,0.14995585,3.0912192,0.002237082,0.013553746,0.29993138,0.0,1.3835785,3.8914914,0.012167564,0.52352154,0.0,0.013553746,0.52352154,0.59332275,0.04469498,1.0,0.012860655,final,fk_orig1_bm1-s0to100br1-s100to200br1-s200to300br3-s300to400br1
/work/T-REX/external/Proteina-Complexa/inference/search_binder_local_pipeline_32_PDL1_ALPHA_REPACK_v7_r005_cand_v7r005_hyp_0005_01_002_a224316cffb43/job_0_n_224_id_65_fk_orig1_bm2-s0to100br2-s100to200br0-s200to300br3-s300to400br3/job_0_n_224_id_65_fk_orig1_bm2-s0to100br2-s100to200br0-s200to300br3-s300to400br3.pdb,261,"2,0,13,16,19,16,19,14,11,3,10,18,19,19,6,18,7,15,2,12,16,9,6,4,11,13,14,19,6,11,5,10,3,10,0,0,10,9,19,18,17,6,12,6,3,11,2,9,9,5,13,19,8,7,6,6,3,10,11,19,5,8,15,15,18,1,5,1,0,1,10,10,11,3,5,10,15,10,7,2,0,0,10,5,9,16,3,19,11,10,5,3,0,7,19,18,1,4,12,9,15,18,7,7,0,3,18,11,1,9,16,19,11,19,2,0,11,3,10,18,19,19,6,18,7,15,2,12,16,9,6,4,11,13,14,19,6,11,5,10,3,10,0,0,10,9,19,18,17,6,12,6,3,11,2,9,9,5,13,19,8,7,6,6,3,10,11,19,5,8,15,15,18,1,5,1,0,1,10,10,11,3,5,10,15,10,7,2,0,0,10,5,9,16,3,19,11,10,5,3,0,7,19,18,1,4,12,9,15,18,7,7,0,3,18,11,1,9,16,19,11,19,2,0,0,0,0,0,0",0.641786,0.28741774,0.74152446,3.0,0.047480203,57.109493,0.047971345,1.0,0.047971345,0.31480256,0.013137078,0.0,0.0,0.047480203,0.0020341913,0.8537049,0.31480256,2.4676476,1.3409373,57.109493,0.641786,3.8808305,202.57845,0.012912163,0.046989057,1.0,202.57845,0.25847557,0.14629506,2.4676476,0.0020341913,0.013361993,0.28741774,0.0,1.3409373,3.8808305,0.012912163,0.5179809,0.0,0.013361993,0.5179809,0.59324336,0.046989057,1.0,0.013137078,final,fk_orig1_bm2-s0to100br2-s100to200br0-s200to300br3-s300to400br3
/work/T-REX/external/Proteina-Complexa/inference/search_binder_local_pipeline_32_PDL1_ALPHA_REPACK_v7_r005_cand_v7r005_hyp_0005_01_002_a224316cffb43/job_0_n_224_id_66_fk_orig1_bm2-s0to100br2-s100to200br0-s200to300br3-s300to400br1/job_0_n_224_id_66_fk_orig1_bm2-s0to100br2-s100to200br0-s200to300br3-s300to400br1.pdb,262,"2,0,13,16,19,16,19,14,11,3,10,18,19,19,6,18,7,15,2,12,16,9,6,4,11,13,14,19,6,11,5,10,3,10,0,0,10,9,19,18,17,6,12,6,3,11,2,9,9,5,13,19,8,7,6,6,3,10,11,19,5,8,15,15,18,1,5,1,0,1,10,10,11,3,5,10,15,10,7,2,0,0,10,5,9,16,3,19,11,10,5,3,0,7,19,18,1,4,12,9,15,18,7,7,0,3,18,11,1,9,16,19,11,19,2,0,11,3,10,18,19,19,6,18,7,15,2,12,16,9,6,4,11,13,14,19,6,11,5,10,3,10,0,0,10,9,19,18,17,6,12,6,3,11,2,9,9,5,13,19,8,7,6,6,3,10,11,19,5,8,15,15,18,1,5,1,0,1,10,10,11,3,5,10,15,10,7,2,0,0,10,5,9,16,3,19,11,10,5,3,0,7,19,18,1,4,12,9,15,18,7,7,0,3,18,11,1,9,16,19,11,19,2,0,0,0,0,0,0",0.62452656,0.27709135,0.7207319,3.0,0.051304586,100.9361,0.055104554,1.0,0.055104554,0.3085425,0.013097847,0.0,0.0,0.051304586,0.001869699,0.8606199,0.3085425,8.741523,1.3339747,100.9361,0.62452656,3.770528,203.31592,0.013028164,0.04750462,1.0,203.31592,0.2792681,0.1393801,8.741523,0.001869699,0.01316753,0.27709135,0.0,1.3339747,3.770528,0.013028164,0.50787586,0.0,0.01316753,0.50787586,0.6061611,0.04750462,1.0,0.013097847,final,fk_orig1_bm2-s0to100br2-s100to200br0-s200to300br3-s300to400br1
/work/T-REX/external/Proteina-Complexa/inference/search_binder_local_pipeline_32_PDL1_ALPHA_REPACK_v7_r005_cand_v7r005_hyp_0005_01_002_a224316cffb43/job_0_n_224_id_67_fk_orig1_bm2-s0to100br2-s100to200br0-s200to300br3-s300to400br1/job_0_n_224_id_67_fk_orig1_bm2-s0to100br2-s100to200br0-s200to300br3-s300to400br1.pdb,263,"2,0,13,16,19,16,19,14,11,3,10,18,19,19,6,18,7,15,2,12,16,9,6,4,11,13,14,19,6,11,5,10,3,10,0,0,10,9,19,18,17,6,12,6,3,11,2,9,9,5,13,19,8,7,6,6,3,10,11,19,5,8,15,15,18,1,5,1,0,1,10,10,11,3,5,10,15,10,7,2,0,0,10,5,9,16,3,19,11,10,5,3,0,7,19,18,1,4,12,9,15,18,7,7,0,3,18,11,1,9,16,19,11,19,2,0,11,3,10,18,19,19,6,18,7,15,2,12,16,9,6,4,11,13,14,19,6,11,5,10,3,10,0,0,10,9,19,18,17,6,12,6,3,11,2,9,9,5,13,19,8,7,6,6,3,10,11,19,5,8,15,15,18,1,5,1,0,1,10,10,11,3,5,10,15,10,7,2,0,0,10,5,9,16,3,19,11,10,5,3,0,7,19,18,1,4,12,9,15,18,7,7,0,3,18,11,1,9,16,19,11,19,2,0,0,0,0,0,0",0.62452656,0.27709135,0.7207319,3.0,0.051304586,100.9361,0.055104554,1.0,0.055104554,0.3085425,0.013097847,0.0,0.0,0.051304586,0.001869699,0.8606199,0.3085425,8.741523,1.3339747,100.9361,0.62452656,3.770528,203.31592,0.013028164,0.04750462,1.0,203.31592,0.2792681,0.1393801,8.741523,0.001869699,0.01316753,0.27709135,0.0,1.3339747,3.770528,0.013028164,0.50787586,0.0,0.01316753,0.50787586,0.6061611,0.04750462,1.0,0.013097847,final,fk_orig1_bm2-s0to100br2-s100to200br0-s200to300br3-s300to400br1
/work/T-REX/external/Proteina-Complexa/inference/search_binder_local_pipeline_32_PDL1_ALPHA_REPACK_v7_r005_cand_v7r005_hyp_0005_01_002_a224316cffb43/job_0_n_180_id_64_fk_orig2_bm1-s0to100br0-s100to200br3-s200to300br2-s300to400br2/job_0_n_180_id_64_fk_orig2_bm1-s0to100br0-s100to200br3-s200to300br2-s300to400br2.pdb,264,"2,0,13,16,19,16,19,14,11,3,10,18,19,19,6,18,7,15,2,12,16,9,6,4,11,13,14,19,6,11,5,10,3,10,0,0,10,9,19,18,17,6,12,6,3,11,2,9,9,5,13,19,8,7,6,6,3,10,11,19,5,8,15,15,18,1,5,1,0,1,10,10,11,3,5,10,15,10,7,2,0,0,10,5,9,16,3,19,11,10,5,3,0,7,19,18,1,4,12,9,15,18,7,7,0,3,18,11,1,9,16,19,11,19,2,0,12,10,16,0,15,7,1,10,10,10,6,0,0,11,0,7,5,3,3,5,19,1,11,10,10,0,3,7,0,3,19,2,0,16,3,11,13,7,11,16,0,10,8,10,0,0,9,2,7,8,10,6,9,19,6,6,10,10,11,8,7,0,3,19,0,0,0,0,0,0,0,0,0,0,0,0,0,0,0,0,0,0,0,0,0,0,0,0,0,0,0,0,0,0,0,0,0,0,0,0,0,0,0,0,0,0,0,0,0,0,0,0,0",0.6203966,0.375715,0.7840218,3.0,0.013138577,122.952255,0.020197917,1.0,0.020197917,0.39687777,0.0062594353,0.0,0.0,0.013138577,0.007846238,0.7974911,0.39687777,16.803465,1.4926713,122.952255,0.6203966,3.885458,273.22113,0.0,0.006079239,1.0,273.22113,0.2159782,0.20250894,16.803465,0.007846238,0.012518871,0.375715,0.0,1.4926713,3.885458,0.0,0.56877464,0.0,0.012518871,0.56877464,0.65198034,0.006079239,1.0,0.0062594353,final,fk_orig2_bm1-s0to100br0-s100to200br3-s200to300br2-s300to400br2
/work/T-REX/external/Proteina-Complexa/inference/search_binder_local_pipeline_32_PDL1_ALPHA_REPACK_v7_r005_cand_v7r005_hyp_0005_01_002_a224316cffb43/job_0_n_180_id_65_fk_orig2_bm1-s0to100br0-s100to200br3-s200to300br2-s300to400br3/job_0_n_180_id_65_fk_orig2_bm1-s0to100br0-s100to200br3-s200to300br2-s300to400br3.pdb,265,"2,0,13,16,19,16,19,14,11,3,10,18,19,19,6,18,7,15,2,12,16,9,6,4,11,13,14,19,6,11,5,10,3,10,0,0,10,9,19,18,17,6,12,6,3,11,2,9,9,5,13,19,8,7,6,6,3,10,11,19,5,8,15,15,18,1,5,1,0,1,10,10,11,3,5,10,15,10,7,2,0,0,10,5,9,16,3,19,11,10,5,3,0,7,19,18,1,4,12,9,15,18,7,7,0,3,18,11,1,9,16,19,11,19,2,0,12,10,16,0,15,7,1,10,10,10,6,0,0,11,0,7,5,3,3,5,19,1,11,10,10,0,3,7,0,3,19,2,0,16,3,11,13,7,11,16,0,10,8,10,0,0,9,2,7,8,10,6,9,19,6,6,10,10,11,8,7,0,3,19,0,0,0,0,0,0,0,0,0,0,0,0,0,0,0,0,0,0,0,0,0,0,0,0,0,0,0,0,0,0,0,0,0,0,0,0,0,0,0,0,0,0,0,0,0,0,0,0,0",0.62104416,0.3807866,0.78551316,3.0,0.01253549,123.20186,0.019012025,1.0,0.019012025,0.3976866,0.0061556855,0.0,0.0,0.01253549,0.007950011,0.79700464,0.3976866,16.827541,1.4923301,123.20186,0.62104416,3.8887186,272.94556,0.0,0.0060589565,1.0,272.94556,0.21448684,0.20299536,16.827541,0.007950011,0.012311371,0.3807866,0.0,1.4923301,3.8887186,0.0,0.5697611,0.0,0.012311371,0.5697611,0.6519889,0.0060589565,1.0,0.0061556855,final,fk_orig2_bm1-s0to100br0-s100to200br3-s200to300br2-s300to400br3
/work/T-REX/external/Proteina-Complexa/inference/search_binder_local_pipeline_32_PDL1_ALPHA_REPACK_v7_r005_cand_v7r005_hyp_0005_01_002_a224316cffb43/job_0_n_180_id_66_fk_orig2_bm0-s0to100br1-s100to200br3-s200to300br0-s300to400br2/job_0_n_180_id_66_fk_orig2_bm0-s0to100br1-s100to200br3-s200to300br0-s300to400br2.pdb,266,"2,0,13,16,19,16,19,14,11,3,10,18,19,19,6,18,7,15,2,12,16,9,6,4,11,13,14,19,6,11,5,10,3,10,0,0,10,9,19,18,17,6,12,6,3,11,2,9,9,5,13,19,8,7,6,6,3,10,11,19,5,8,15,15,18,1,5,1,0,1,10,10,11,3,5,10,15,10,7,2,0,0,10,5,9,16,3,19,11,10,5,3,0,7,19,18,1,4,12,9,15,18,7,7,0,3,18,11,1,9,16,19,11,19,2,0,15,19,9,6,0,9,3,10,11,10,5,7,1,11,6,13,3,0,7,2,10,0,6,0,6,11,10,18,1,1,0,13,6,9,18,11,11,6,7,10,10,0,6,0,6,11,19,1,3,6,10,2,11,19,10,19,11,10,7,11,6,14,14,14,0,0,0,0,0,0,0,0,0,0,0,0,0,0,0,0,0,0,0,0,0,0,0,0,0,0,0,0,0,0,0,0,0,0,0,0,0,0,0,0,0,0,0,0,0,0,0,0,0",0.625741,0.2765762,0.72341454,3.0,0.04124911,92.86214,0.049313273,1.0,0.049313273,0.3537049,0.013836697,0.0,0.0,0.04124911,0.019304842,0.8267707,0.3537049,7.8167143,1.4621552,92.86214,0.625741,3.7073066,168.85172,0.0126016475,0.033184946,1.0,168.85172,0.27658546,0.17322928,7.8167143,0.019304842,0.015071745,0.2765762,0.0,1.4621552,3.7073066,0.0126016475,0.50062996,0.0,0.015071745,0.50062996,0.6752142,0.033184946,1.0,0.013836697,final,fk_orig2_bm0-s0to100br1-s100to200br3-s200to300br0-s300to400br2
/work/T-REX/external/Proteina-Complexa/inference/search_binder_local_pipeline_32_PDL1_ALPHA_REPACK_v7_r005_cand_v7r005_hyp_0005_01_002_a224316cffb43/job_0_n_180_id_67_fk_orig2_bm0-s0to100br1-s100to200br3-s200to300br0-s300to400br3/job_0_n_180_id_67_fk_orig2_bm0-s0to100br1-s100to200br3-s200to300br0-s300to400br3.pdb,267,"2,0,13,16,19,16,19,14,11,3,10,18,19,19,6,18,7,15,2,12,16,9,6,4,11,13,14,19,6,11,5,10,3,10,0,0,10,9,19,18,17,6,12,6,3,11,2,9,9,5,13,19,8,7,6,6,3,10,11,19,5,8,15,15,18,1,5,1,0,1,10,10,11,3,5,10,15,10,7,2,0,0,10,5,9,16,3,19,11,10,5,3,0,7,19,18,1,4,12,9,15,18,7,7,0,3,18,11,1,9,16,19,11,19,2,0,15,19,9,6,0,9,3,10,11,10,5,7,1,11,6,13,3,0,7,2,10,0,6,0,6,11,10,18,1,1,0,13,6,9,18,11,11,6,7,10,10,0,6,0,6,11,19,1,3,6,10,2,11,19,10,19,11,10,7,11,6,14,14,14,0,0,0,0,0,0,0,0,0,0,0,0,0,0,0,0,0,0,0,0,0,0,0,0,0,0,0,0,0,0,0,0,0,0,0,0,0,0,0,0,0,0,0,0,0,0,0,0,0",0.62489974,0.2730386,0.72181666,3.0,0.041939326,94.19092,0.049542814,1.0,0.049542814,0.35292625,0.013830099,0.0,0.0,0.041939326,0.018943172,0.8280914,0.35292625,7.7723866,1.4584203,94.19092,0.62489974,3.7059736,170.68378,0.012719174,0.034335833,1.0,170.68378,0.27818334,0.17190862,7.7723866,0.018943172,0.0149410255,0.2730386,0.0,1.4584203,3.7059736,0.012719174,0.4997646,0.0,0.0149410255,0.4997646,0.67583823,0.034335833,1.0,0.013830099,final,fk_orig2_bm0-s0to100br1-s100to200br3-s200to300br0-s300to400br3
/work/T-REX/external/Proteina-Complexa/inference/search_binder_local_pipeline_32_PDL1_ALPHA_REPACK_v7_r005_cand_v7r005_hyp_0005_01_002_a224316cffb43/job_0_n_229_id_64_fk_orig3_bm3-s0to100br1-s100to200br2-s200to300br3-s300to400br2/job_0_n_229_id_64_fk_orig3_bm3-s0to100br1-s100to200br2-s200to300br3-s300to400br2.pdb,268,"2,0,13,16,19,16,19,14,11,3,10,18,19,19,6,18,7,15,2,12,16,9,6,4,11,13,14,19,6,11,5,10,3,10,0,0,10,9,19,18,17,6,12,6,3,11,2,9,9,5,13,19,8,7,6,6,3,10,11,19,5,8,15,15,18,1,5,1,0,1,10,10,11,3,5,10,15,10,7,2,0,0,10,5,9,16,3,19,11,10,5,3,0,7,19,18,1,4,12,9,15,18,7,7,0,3,18,11,1,9,16,19,11,19,2,0,13,16,19,16,19,14,11,3,10,18,19,19,6,18,7,15,2,12,16,9,6,4,11,13,14,19,6,11,5,10,3,10,0,0,10,9,19,18,17,6,12,6,3,11,2,9,9,5,13,19,8,7,6,6,3,10,11,19,5,8,15,15,18,1,5,1,0,1,10,10,11,3,5,10,15,10,7,2,0,0,10,5,9,16,3,19,11,10,5,3,0,7,19,18,1,4,12,9,15,18,7,7,0,3,18,11,1,9,16,19,11,19,2",0.6231574,0.30373278,0.7403997,3.0,0.04213877,74.62167,0.043461453,1.0,0.043461453,0.3130292,0.012058796,0.0,0.0,0.04213877,0.0017506845,0.86224014,0.3130292,2.8617747,1.2889053,74.62167,0.6231574,3.8796902,213.02461,0.011802122,0.04081609,1.0,213.02461,0.25960025,0.13775986,2.8617747,0.0017506845,0.012315471,0.30373278,0.0,1.2889053,3.8796902,0.011802122,0.5295809,0.0,0.012315471,0.5295809,0.58670485,0.04081609,1.0,0.012058796,final,fk_orig3_bm3-s0to100br1-s100to200br2-s200to300br3-s300to400br2
/work/T-REX/external/Proteina-Complexa/inference/search_binder_local_pipeline_32_PDL1_ALPHA_REPACK_v7_r005_cand_v7r005_hyp_0005_01_002_a224316cffb43/job_0_n_229_id_65_fk_orig3_bm3-s0to100br2-s100to200br0-s200to300br1-s300to400br0/job_0_n_229_id_65_fk_orig3_bm3-s0to100br2-s100to200br0-s200to300br1-s300to400br0.pdb,269,"2,0,13,16,19,16,19,14,11,3,10,18,19,19,6,18,7,15,2,12,16,9,6,4,11,13,14,19,6,11,5,10,3,10,0,0,10,9,19,18,17,6,12,6,3,11,2,9,9,5,13,19,8,7,6,6,3,10,11,19,5,8,15,15,18,1,5,1,0,1,10,10,11,3,5,10,15,10,7,2,0,0,10,5,9,16,3,19,11,10,5,3,0,7,19,18,1,4,12,9,15,18,7,7,0,3,18,11,1,9,16,19,11,19,2,0,13,16,19,16,19,14,11,3,10,18,19,19,6,18,7,15,2,12,16,9,6,4,11,13,14,19,6,11,5,10,3,10,0,0,10,9,19,18,17,6,12,6,3,11,2,9,9,5,13,19,8,7,6,6,3,10,11,19,5,8,15,15,18,1,5,1,0,1,10,10,11,3,5,10,15,10,7,2,0,0,10,5,9,16,3,19,11,10,5,3,0,7,19,18,1,4,12,9,15,18,7,7,0,3,18,11,1,9,16,19,11,19,2",0.6228491,0.30358428,0.7410616,3.0,0.0411804,67.85454,0.043959063,1.0,0.043959063,0.31310833,0.012057906,0.0,0.0,0.0411804,0.001796534,0.8622845,0.31310833,3.6139717,1.286463,67.85454,0.6228491,3.8808825,209.4579,0.011760079,0.038401734,1.0,209.4579,0.25893837,0.13771552,3.6139717,0.001796534,0.012355734,0.30358428,0.0,1.286463,3.8808825,0.011760079,0.5299237,0.0,0.012355734,0.5299237,0.5864156,0.038401734,1.0,0.012057906,final,fk_orig3_bm3-s0to100br2-s100to200br0-s200to300br1-s300to400br0
/work/T-REX/external/Proteina-Complexa/inference/search_binder_local_pipeline_32_PDL1_ALPHA_REPACK_v7_r005_cand_v7r005_hyp_0005_01_002_a224316cffb43/job_0_n_229_id_66_fk_orig3_bm3-s0to100br2-s100to200br0-s200to300br1-s300to400br1/job_0_n_229_id_66_fk_orig3_bm3-s0to100br2-s100to200br0-s200to300br1-s300to400br1.pdb,270,"2,0,13,16,19,16,19,14,11,3,10,18,19,19,6,18,7,15,2,12,16,9,6,4,11,13,14,19,6,11,5,10,3,10,0,0,10,9,19,18,17,6,12,6,3,11,2,9,9,5,13,19,8,7,6,6,3,10,11,19,5,8,15,15,18,1,5,1,0,1,10,10,11,3,5,10,15,10,7,2,0,0,10,5,9,16,3,19,11,10,5,3,0,7,19,18,1,4,12,9,15,18,7,7,0,3,18,11,1,9,16,19,11,19,2,0,13,16,19,16,19,14,11,3,10,18,19,19,6,18,7,15,2,12,16,9,6,4,11,13,14,19,6,11,5,10,3,10,0,0,10,9,19,18,17,6,12,6,3,11,2,9,9,5,13,19,8,7,6,6,3,10,11,19,5,8,15,15,18,1,5,1,0,1,10,10,11,3,5,10,15,10,7,2,0,0,10,5,9,16,3,19,11,10,5,3,0,7,19,18,1,4,12,9,15,18,7,7,0,3,18,11,1,9,16,19,11,19,2",0.6276671,0.30252677,0.7421602,3.0,0.042833872,66.84136,0.045218524,1.0,0.045218524,0.31230018,0.0122153275,0.0,0.0,0.042833872,0.0017903812,0.862004,0.31230018,3.4578533,1.2833617,66.84136,0.6276671,3.8779354,214.53838,0.011929914,0.04044922,1.0,214.53838,0.25783983,0.13799603,3.4578533,0.0017903812,0.012500741,0.30252677,0.0,1.2833617,3.8779354,0.011929914,0.528407,0.0,0.012500741,0.528407,0.5858762,0.04044922,1.0,0.0122153275,final,fk_orig3_bm3-s0to100br2-s100to200br0-s200to300br1-s300to400br1
/work/T-REX/external/Proteina-Complexa/inference/search_binder_local_pipeline_32_PDL1_ALPHA_REPACK_v7_r005_cand_v7r005_hyp_0005_01_002_a224316cffb43/job_0_n_229_id_67_fk_orig3_bm3-s0to100br1-s100to200br0-s200to300br3-s300to400br1/job_0_n_229_id_67_fk_orig3_bm3-s0to100br1-s100to200br0-s200to300br3-s300to400br1.pdb,271,"2,0,13,16,19,16,19,14,11,3,10,18,19,19,6,18,7,15,2,12,16,9,6,4,11,13,14,19,6,11,5,10,3,10,0,0,10,9,19,18,17,6,12,6,3,11,2,9,9,5,13,19,8,7,6,6,3,10,11,19,5,8,15,15,18,1,5,1,0,1,10,10,11,3,5,10,15,10,7,2,0,0,10,5,9,16,3,19,11,10,5,3,0,7,19,18,1,4,12,9,15,18,7,7,0,3,18,11,1,9,16,19,11,19,2,0,13,16,19,16,19,14,11,3,10,18,19,19,6,18,7,15,2,12,16,9,6,4,11,13,14,19,6,11,5,10,3,10,0,0,10,9,19,18,17,6,12,6,3,11,2,9,9,5,13,19,8,7,6,6,3,10,11,19,5,8,15,15,18,1,5,1,0,1,10,10,11,3,5,10,15,10,7,2,0,0,10,5,9,16,3,19,11,10,5,3,0,7,19,18,1,4,12,9,15,18,7,7,0,3,18,11,1,9,16,19,11,19,2",0.62722206,0.29918197,0.73939395,3.0,0.044104315,69.49013,0.04734573,1.0,0.04734573,0.31120294,0.01221473,0.0,0.0,0.044104315,0.0017906496,0.86165595,0.31120294,3.0038726,1.287313,69.49013,0.62722206,3.87288,211.16031,0.011993868,0.040862903,1.0,211.16031,0.26060608,0.13834402,3.0038726,0.0017906496,0.012435591,0.29918197,0.0,1.287313,3.87288,0.011993868,0.52597314,0.0,0.012435591,0.52597314,0.5872361,0.040862903,1.0,0.01221473,final,fk_orig3_bm3-s0to100br1-s100to200br0-s200to300br3-s300to400br1
