pdb_path,pdb_index,aatype,total_reward,af2folding_min_ipae,af2folding_recycles_log,af2folding_avg_ipsae,af2folding_fape_log,af2folding_max_ipsae,af2folding_seqid_log,af2folding_max_ipsae_log,af2folding_pae_log,af2folding_avg_ipsae_10,af2folding_hard_log,af2folding_models_log,af2folding_avg_ipsae_log,af2folding_exp_res_log,af2folding_plddt_log,af2folding_pae,af2folding_rmsd,af2folding_con_log,af2folding_fape,af2folding_loss_log,af2folding_i_con,af2folding_dgram_cce_log,af2folding_min_ipsae_10,af2folding_min_ipsae_log,af2folding_soft_log,af2folding_dgram_cce,af2folding_i_ptm_log,af2folding_plddt,af2folding_rmsd_log,af2folding_exp_res,af2folding_max_ipsae_10,af2folding_min_ipae_log,af2folding_seq_ent_log,af2folding_con,af2folding_i_con_log,af2folding_min_ipsae_10_log,af2folding_i_pae_log,af2folding_seq_ent,af2folding_max_ipsae_10_log,af2folding_i_pae,af2folding_ptm_log,af2folding_min_ipsae,af2folding_temp_log,af2folding_avg_ipsae_10_log,sample_type,metadata_tag
/work/T-REX/external/Proteina-Complexa/inference/search_binder_local_pipeline_32_PDL1_ALPHA_REPACK_v7_r001_warmstart_v7r001_00_complexa_beam_a42e8fc6f9a25/job_0_n_232_id_0_beam_orig0_bm0-s0to100br0/job_0_n_232_id_0_beam_orig0_bm0-s0to100br0.pdb,0,"2,0,13,16,19,16,19,14,11,3,10,18,19,19,6,18,7,15,2,12,16,9,6,4,11,13,14,19,6,11,5,10,3,10,0,0,10,9,19,18,17,6,12,6,3,11,2,9,9,5,13,19,8,7,6,6,3,10,11,19,5,8,15,15,18,1,5,1,0,1,10,10,11,3,5,10,15,10,7,2,0,0,10,5,9,16,3,19,11,10,5,3,0,7,19,18,1,4,12,9,15,18,7,7,0,3,18,11,1,9,16,19,11,19,2,0,2,0,13,16,19,16,19,14,11,3,10,18,19,19,6,18,7,15,2,12,16,9,6,4,11,13,14,19,6,11,5,10,3,10,0,0,10,9,19,18,17,6,12,6,3,11,2,9,9,5,13,19,8,7,6,6,3,10,11,19,5,8,15,15,18,1,5,1,0,1,10,10,11,3,5,10,15,10,7,2,0,0,10,5,9,16,3,19,11,10,5,3,0,7,19,18,1,4,12,9,15,18,7,7,0,3,18,11,1,9,16,19,11,19,2,0",-0.5221348,0.29176664,3.0,0.04879889,56.68685,0.052146714,1.0,0.052146714,0.30861247,0.012569066,0.0,0.0,0.04879889,0.0024197733,0.86028636,0.30861247,2.7083328,1.2735955,56.68685,-0.5221348,3.8711364,197.83415,0.012286979,0.045451064,1.0,197.83415,0.2628225,0.13971362,2.7083328,0.0024197733,0.012851153,0.29176664,0.0,1.2735955,3.8711364,0.012286979,0.5221348,0.0,0.012851153,0.5221348,0.5863426,0.045451064,1.0,0.012569066,lookahead,beam_orig0_bm0-s0to100br0
/work/T-REX/external/Proteina-Complexa/inference/search_binder_local_pipeline_32_PDL1_ALPHA_REPACK_v7_r001_warmstart_v7r001_00_complexa_beam_a42e8fc6f9a25/job_0_n_229_id_0_beam_orig1_bm0-s0to100br0/job_0_n_229_id_0_beam_orig1_bm0-s0to100br0.pdb,1,"2,0,13,16,19,16,19,14,11,3,10,18,19,19,6,18,7,15,2,12,16,9,6,4,11,13,14,19,6,11,5,10,3,10,0,0,10,9,19,18,17,6,12,6,3,11,2,9,9,5,13,19,8,7,6,6,3,10,11,19,5,8,15,15,18,1,5,1,0,1,10,10,11,3,5,10,15,10,7,2,0,0,10,5,9,16,3,19,11,10,5,3,0,7,19,18,1,4,12,9,15,18,7,7,0,3,18,11,1,9,16,19,11,19,2,0,16,19,16,19,14,11,3,10,18,19,19,6,18,7,15,2,12,16,9,6,4,11,13,14,19,6,11,5,10,3,10,0,0,10,9,19,18,17,6,12,6,3,11,2,9,9,5,13,19,8,7,6,6,3,10,11,19,5,8,15,15,18,1,5,1,0,1,10,10,11,3,5,10,15,10,7,2,0,0,10,5,9,16,3,19,11,10,5,3,0,7,19,18,1,4,12,9,15,18,7,7,0,3,18,11,1,9,16,19,11,19,2,0,0,0,0",-0.5324092,0.29927924,3.0,0.04028153,89.0933,0.0419715,1.0,0.0419715,0.31381544,0.012581961,0.0,0.0,0.04028153,0.0015935687,0.86755174,0.31381544,7.0821667,1.2812015,89.0933,-0.5324092,3.8300052,198.06012,0.011939454,0.03859156,1.0,198.06012,0.25869477,0.13244824,7.0821667,0.0015935687,0.0132244695,0.29927924,0.0,1.2812015,3.8300052,0.011939454,0.5324092,0.0,0.0132244695,0.5324092,0.5903729,0.03859156,1.0,0.012581961,lookahead,beam_orig1_bm0-s0to100br0
/work/T-REX/external/Proteina-Complexa/inference/search_binder_local_pipeline_32_PDL1_ALPHA_REPACK_v7_r001_warmstart_v7r001_00_complexa_beam_a42e8fc6f9a25/job_0_n_167_id_0_beam_orig2_bm0-s0to100br0/job_0_n_167_id_0_beam_orig2_bm0-s0to100br0.pdb,2,"2,0,13,16,19,16,19,14,11,3,10,18,19,19,6,18,7,15,2,12,16,9,6,4,11,13,14,19,6,11,5,10,3,10,0,0,10,9,19,18,17,6,12,6,3,11,2,9,9,5,13,19,8,7,6,6,3,10,11,19,5,8,15,15,18,1,5,1,0,1,10,10,11,3,5,10,15,10,7,2,0,0,10,5,9,16,3,19,11,10,5,3,0,7,19,18,1,4,12,9,15,18,7,7,0,3,18,11,1,9,16,19,11,19,2,0,15,15,6,3,11,6,1,19,0,18,10,10,3,11,0,6,11,10,2,10,3,5,6,11,11,2,6,10,9,13,11,19,10,11,6,11,10,15,19,11,6,9,3,11,10,10,6,6,0,0,11,0,0,0,0,0,0,0,0,0,0,0,0,0,0,0,0,0,0,0,0,0,0,0,0,0,0,0,0,0,0,0,0,0,0,0,0,0,0,0,0,0,0,0,0,0,0,0,0,0,0,0,0,0,0,0,0,0,0,0,0,0,0,0,0,0",-0.44177034,0.24777225,3.0,0.055613413,46.989254,0.06253863,1.0,0.06253863,0.33431393,0.014660676,0.0,0.0,0.055613413,0.0037450944,0.75115323,0.33431393,4.469818,1.8347408,46.989254,-0.44177034,3.3549776,199.18724,0.014058238,0.0486882,1.0,199.18724,0.31976867,0.24884675,4.469818,0.0037450944,0.015263114,0.24777225,0.0,1.8347408,3.3549776,0.014058238,0.44177034,0.0,0.015263114,0.44177034,0.7148683,0.0486882,1.0,0.014660676,lookahead,beam_orig2_bm0-s0to100br0
/work/T-REX/external/Proteina-Complexa/inference/search_binder_local_pipeline_32_PDL1_ALPHA_REPACK_v7_r001_warmstart_v7r001_00_complexa_beam_a42e8fc6f9a25/job_0_n_175_id_0_beam_orig3_bm0-s0to100br0/job_0_n_175_id_0_beam_orig3_bm0-s0to100br0.pdb,3,"2,0,13,16,19,16,19,14,11,3,10,18,19,19,6,18,7,15,2,12,16,9,6,4,11,13,14,19,6,11,5,10,3,10,0,0,10,9,19,18,17,6,12,6,3,11,2,9,9,5,13,19,8,7,6,6,3,10,11,19,5,8,15,15,18,1,5,1,0,1,10,10,11,3,5,10,15,10,7,2,0,0,10,5,9,16,3,19,11,10,5,3,0,7,19,18,1,4,12,9,15,18,7,7,0,3,18,11,1,9,16,19,11,19,2,0,1,19,3,16,6,3,19,11,2,18,19,11,10,10,5,0,11,18,3,10,10,19,3,7,9,13,7,14,11,16,6,6,0,19,11,0,13,5,1,3,2,7,10,3,19,3,7,9,0,7,14,11,16,17,5,0,12,10,11,0,0,0,0,0,0,0,0,0,0,0,0,0,0,0,0,0,0,0,0,0,0,0,0,0,0,0,0,0,0,0,0,0,0,0,0,0,0,0,0,0,0,0,0,0,0,0,0,0,0,0,0,0,0,0,0,0",-0.5988311,0.3931833,3.0,0.007969523,129.95735,0.009914451,1.0,0.009914451,0.45859462,0.0057813074,0.0,0.0,0.007969523,0.0069053154,0.6089997,0.45859462,15.209621,2.2819333,129.95735,-0.5988311,3.8922575,285.94293,0.0,0.006024595,1.0,285.94293,0.19424295,0.39100027,15.209621,0.0069053154,0.011562615,0.3931833,0.0,2.2819333,3.8922575,0.0,0.5988311,0.0,0.011562615,0.5988311,0.65871966,0.006024595,1.0,0.0057813074,lookahead,beam_orig3_bm0-s0to100br0
/work/T-REX/external/Proteina-Complexa/inference/search_binder_local_pipeline_32_PDL1_ALPHA_REPACK_v7_r001_warmstart_v7r001_00_complexa_beam_a42e8fc6f9a25/job_0_n_232_id_1_beam_orig0_bm0-s0to100br1/job_0_n_232_id_1_beam_orig0_bm0-s0to100br1.pdb,4,"2,0,13,16,19,16,19,14,11,3,10,18,19,19,6,18,7,15,2,12,16,9,6,4,11,13,14,19,6,11,5,10,3,10,0,0,10,9,19,18,17,6,12,6,3,11,2,9,9,5,13,19,8,7,6,6,3,10,11,19,5,8,15,15,18,1,5,1,0,1,10,10,11,3,5,10,15,10,7,2,0,0,10,5,9,16,3,19,11,10,5,3,0,7,19,18,1,4,12,9,15,18,7,7,0,3,18,11,1,9,16,19,11,19,2,0,2,0,13,16,19,16,19,14,11,3,10,18,19,19,6,18,7,15,2,12,16,9,6,4,11,13,14,19,6,11,5,10,3,10,0,0,10,9,19,18,17,6,12,6,3,11,2,9,9,5,13,19,8,7,6,6,3,10,11,19,5,8,15,15,18,1,5,1,0,1,10,10,11,3,5,10,15,10,7,2,0,0,10,5,9,16,3,19,11,10,5,3,0,7,19,18,1,4,12,9,15,18,7,7,0,3,18,11,1,9,16,19,11,19,2,0",-0.5181492,0.2891917,3.0,0.050085995,56.312313,0.05310665,1.0,0.05310665,0.30678275,0.012830131,0.0,0.0,0.050085995,0.0024543316,0.8600326,0.30678275,2.855385,1.2778176,56.312313,-0.5181492,3.8633218,202.73195,0.012549791,0.04706534,1.0,202.73195,0.26730102,0.1399674,2.855385,0.0024543316,0.013110471,0.2891917,0.0,1.2778176,3.8633218,0.012549791,0.5181492,0.0,0.013110471,0.5181492,0.5882777,0.04706534,1.0,0.012830131,lookahead,beam_orig0_bm0-s0to100br1
/work/T-REX/external/Proteina-Complexa/inference/search_binder_local_pipeline_32_PDL1_ALPHA_REPACK_v7_r001_warmstart_v7r001_00_complexa_beam_a42e8fc6f9a25/job_0_n_229_id_1_beam_orig1_bm0-s0to100br1/job_0_n_229_id_1_beam_orig1_bm0-s0to100br1.pdb,5,"2,0,13,16,19,16,19,14,11,3,10,18,19,19,6,18,7,15,2,12,16,9,6,4,11,13,14,19,6,11,5,10,3,10,0,0,10,9,19,18,17,6,12,6,3,11,2,9,9,5,13,19,8,7,6,6,3,10,11,19,5,8,15,15,18,1,5,1,0,1,10,10,11,3,5,10,15,10,7,2,0,0,10,5,9,16,3,19,11,10,5,3,0,7,19,18,1,4,12,9,15,18,7,7,0,3,18,11,1,9,16,19,11,19,2,0,16,19,16,19,14,11,3,10,18,19,19,6,18,7,15,2,12,16,9,6,4,11,13,14,19,6,11,5,10,3,10,0,0,10,9,19,18,17,6,12,6,3,11,2,9,9,5,13,19,8,7,6,6,3,10,11,19,5,8,15,15,18,1,5,1,0,1,10,10,11,3,5,10,15,10,7,2,0,0,10,5,9,16,3,19,11,10,5,3,0,7,19,18,1,4,12,9,15,18,7,7,0,3,18,11,1,9,16,19,11,19,2,0,0,0,0",-0.5291711,0.30596203,3.0,0.042983253,66.99954,0.04540729,1.0,0.04540729,0.31379762,0.012019524,0.0,0.0,0.042983253,0.0018333239,0.86202824,0.31379762,5.510605,1.3003087,66.99954,-0.5291711,3.8990722,198.93625,0.01178675,0.040559214,1.0,198.93625,0.25851795,0.13797174,5.510605,0.0018333239,0.0122523,0.30596203,0.0,1.3003087,3.8990722,0.01178675,0.5291711,0.0,0.0122523,0.5291711,0.58627677,0.040559214,1.0,0.012019524,lookahead,beam_orig1_bm0-s0to100br1
/work/T-REX/external/Proteina-Complexa/inference/search_binder_local_pipeline_32_PDL1_ALPHA_REPACK_v7_r001_warmstart_v7r001_00_complexa_beam_a42e8fc6f9a25/job_0_n_167_id_1_beam_orig2_bm0-s0to100br1/job_0_n_167_id_1_beam_orig2_bm0-s0to100br1.pdb,6,"2,0,13,16,19,16,19,14,11,3,10,18,19,19,6,18,7,15,2,12,16,9,6,4,11,13,14,19,6,11,5,10,3,10,0,0,10,9,19,18,17,6,12,6,3,11,2,9,9,5,13,19,8,7,6,6,3,10,11,19,5,8,15,15,18,1,5,1,0,1,10,10,11,3,5,10,15,10,7,2,0,0,10,5,9,16,3,19,11,10,5,3,0,7,19,18,1,4,12,9,15,18,7,7,0,3,18,11,1,9,16,19,11,19,2,0,7,3,1,6,5,10,19,6,0,19,11,7,19,5,2,19,11,6,10,5,11,1,10,15,3,10,10,7,13,6,19,16,6,6,5,0,5,1,10,10,3,3,12,1,10,1,1,6,3,9,19,0,0,0,0,0,0,0,0,0,0,0,0,0,0,0,0,0,0,0,0,0,0,0,0,0,0,0,0,0,0,0,0,0,0,0,0,0,0,0,0,0,0,0,0,0,0,0,0,0,0,0,0,0,0,0,0,0,0,0,0,0,0,0,0,0",-0.63284034,0.44592232,3.0,0.0064121457,102.38301,0.007521415,1.0,0.007521415,0.49789634,0.0,0.0,0.0,0.0064121457,0.0110335285,0.56836206,0.49789634,7.3566976,2.4503064,102.38301,-0.63284034,4.000839,263.637,0.0,0.005302876,1.0,263.637,0.18591347,0.43163794,7.3566976,0.0110335285,0.0,0.44592232,0.0,2.4503064,4.000839,0.0,0.63284034,0.0,0.0,0.63284034,0.6756693,0.005302876,1.0,0.0,lookahead,beam_orig2_bm0-s0to100br1
/work/T-REX/external/Proteina-Complexa/inference/search_binder_local_pipeline_32_PDL1_ALPHA_REPACK_v7_r001_warmstart_v7r001_00_complexa_beam_a42e8fc6f9a25/job_0_n_175_id_1_beam_orig3_bm0-s0to100br1/job_0_n_175_id_1_beam_orig3_bm0-s0to100br1.pdb,7,"2,0,13,16,19,16,19,14,11,3,10,18,19,19,6,18,7,15,2,12,16,9,6,4,11,13,14,19,6,11,5,10,3,10,0,0,10,9,19,18,17,6,12,6,3,11,2,9,9,5,13,19,8,7,6,6,3,10,11,19,5,8,15,15,18,1,5,1,0,1,10,10,11,3,5,10,15,10,7,2,0,0,10,5,9,16,3,19,11,10,5,3,0,7,19,18,1,4,12,9,15,18,7,7,0,3,18,11,1,9,16,19,11,19,2,0,10,19,8,18,5,2,10,10,1,0,18,9,11,0,7,6,10,3,11,0,5,16,10,18,6,10,10,19,11,0,7,10,6,3,14,11,10,0,6,6,10,0,2,0,18,6,11,0,7,1,6,3,6,0,6,11,19,1,11,0,0,0,0,0,0,0,0,0,0,0,0,0,0,0,0,0,0,0,0,0,0,0,0,0,0,0,0,0,0,0,0,0,0,0,0,0,0,0,0,0,0,0,0,0,0,0,0,0,0,0,0,0,0,0,0,0",-0.30408648,0.13378988,3.0,0.18237133,45.533268,0.21979006,1.0,0.21979006,0.2308168,0.17657742,0.0,0.0,0.18237133,0.0030381428,0.85827756,0.2308168,1.8577863,1.7429234,45.533268,-0.30408648,2.8727927,164.88089,0.13870484,0.14495261,1.0,164.88089,0.58533025,0.14172246,1.8577863,0.0030381428,0.21444999,0.13378988,0.0,1.7429234,2.8727927,0.13870484,0.30408648,0.0,0.21444999,0.30408648,0.7868545,0.14495261,1.0,0.17657742,lookahead,beam_orig3_bm0-s0to100br1
/work/T-REX/external/Proteina-Complexa/inference/search_binder_local_pipeline_32_PDL1_ALPHA_REPACK_v7_r001_warmstart_v7r001_00_complexa_beam_a42e8fc6f9a25/job_0_n_232_id_2_beam_orig0_bm0-s0to100br2/job_0_n_232_id_2_beam_orig0_bm0-s0to100br2.pdb,8,"2,0,13,16,19,16,19,14,11,3,10,18,19,19,6,18,7,15,2,12,16,9,6,4,11,13,14,19,6,11,5,10,3,10,0,0,10,9,19,18,17,6,12,6,3,11,2,9,9,5,13,19,8,7,6,6,3,10,11,19,5,8,15,15,18,1,5,1,0,1,10,10,11,3,5,10,15,10,7,2,0,0,10,5,9,16,3,19,11,10,5,3,0,7,19,18,1,4,12,9,15,18,7,7,0,3,18,11,1,9,16,19,11,19,2,0,2,0,13,16,19,16,19,14,11,3,10,18,19,19,6,18,7,15,2,12,16,9,6,4,11,13,14,19,6,11,5,10,3,10,0,0,10,9,19,18,17,6,12,6,3,11,2,9,9,5,13,19,8,7,6,6,3,10,11,19,5,8,15,15,18,1,5,1,0,1,10,10,11,3,5,10,15,10,7,2,0,0,10,5,9,16,3,19,11,10,5,3,0,7,19,18,1,4,12,9,15,18,7,7,0,3,18,11,1,9,16,19,11,19,2,0",-0.5261292,0.29549107,3.0,0.046441156,54.04084,0.048981115,1.0,0.048981115,0.31081456,0.012339275,0.0,0.0,0.046441156,0.0024368418,0.85973394,0.31081456,2.8653345,1.277817,54.04084,-0.5261292,3.8808234,199.22066,0.012062674,0.043901198,1.0,199.22066,0.2605409,0.14026608,2.8653345,0.0024368418,0.012615877,0.29549107,0.0,1.277817,3.8808234,0.012062674,0.5261292,0.0,0.012615877,0.5261292,0.58519775,0.043901198,1.0,0.012339275,lookahead,beam_orig0_bm0-s0to100br2
/work/T-REX/external/Proteina-Complexa/inference/search_binder_local_pipeline_32_PDL1_ALPHA_REPACK_v7_r001_warmstart_v7r001_00_complexa_beam_a42e8fc6f9a25/job_0_n_229_id_2_beam_orig1_bm0-s0to100br2/job_0_n_229_id_2_beam_orig1_bm0-s0to100br2.pdb,9,"2,0,13,16,19,16,19,14,11,3,10,18,19,19,6,18,7,15,2,12,16,9,6,4,11,13,14,19,6,11,5,10,3,10,0,0,10,9,19,18,17,6,12,6,3,11,2,9,9,5,13,19,8,7,6,6,3,10,11,19,5,8,15,15,18,1,5,1,0,1,10,10,11,3,5,10,15,10,7,2,0,0,10,5,9,16,3,19,11,10,5,3,0,7,19,18,1,4,12,9,15,18,7,7,0,3,18,11,1,9,16,19,11,19,2,0,16,19,16,19,14,11,3,10,18,19,19,6,18,7,15,2,12,16,9,6,4,11,13,14,19,6,11,5,10,3,10,0,0,10,9,19,18,17,6,12,6,3,11,2,9,9,5,13,19,8,7,6,6,3,10,11,19,5,8,15,15,18,1,5,1,0,1,10,10,11,3,5,10,15,10,7,2,0,0,10,5,9,16,3,19,11,10,5,3,0,7,19,18,1,4,12,9,15,18,7,7,0,3,18,11,1,9,16,19,11,19,2,0,0,0,0",-0.5311824,0.3054889,3.0,0.041551013,69.479065,0.04414036,1.0,0.04414036,0.31482875,0.012025911,0.0,0.0,0.041551013,0.0018145615,0.86205053,0.31482875,5.855847,1.3012868,69.479065,-0.5311824,3.900961,194.40146,0.011863282,0.038961664,1.0,194.40146,0.25763458,0.1379495,5.855847,0.0018145615,0.01218854,0.3054889,0.0,1.3012868,3.900961,0.011863282,0.5311824,0.0,0.01218854,0.5311824,0.58585626,0.038961664,1.0,0.012025911,lookahead,beam_orig1_bm0-s0to100br2
/work/T-REX/external/Proteina-Complexa/inference/search_binder_local_pipeline_32_PDL1_ALPHA_REPACK_v7_r001_warmstart_v7r001_00_complexa_beam_a42e8fc6f9a25/job_0_n_167_id_2_beam_orig2_bm0-s0to100br2/job_0_n_167_id_2_beam_orig2_bm0-s0to100br2.pdb,10,"2,0,13,16,19,16,19,14,11,3,10,18,19,19,6,18,7,15,2,12,16,9,6,4,11,13,14,19,6,11,5,10,3,10,0,0,10,9,19,18,17,6,12,6,3,11,2,9,9,5,13,19,8,7,6,6,3,10,11,19,5,8,15,15,18,1,5,1,0,1,10,10,11,3,5,10,15,10,7,2,0,0,10,5,9,16,3,19,11,10,5,3,0,7,19,18,1,4,12,9,15,18,7,7,0,3,18,11,1,9,16,19,11,19,2,0,15,15,6,13,3,3,11,9,10,10,15,10,12,5,3,7,1,11,15,19,11,3,10,15,1,3,10,3,9,15,1,16,16,19,1,2,1,9,0,18,10,11,15,11,7,11,9,14,10,15,18,0,0,0,0,0,0,0,0,0,0,0,0,0,0,0,0,0,0,0,0,0,0,0,0,0,0,0,0,0,0,0,0,0,0,0,0,0,0,0,0,0,0,0,0,0,0,0,0,0,0,0,0,0,0,0,0,0,0,0,0,0,0,0,0,0",-0.5363356,0.31506094,3.0,0.021834536,62.60277,0.036746167,1.0,0.036746167,0.4206239,0.013411107,0.0,0.0,0.021834536,0.008718236,0.64436626,0.4206239,2.4597437,2.328655,62.60277,-0.5363356,3.739607,238.72337,0.011187717,0.006922903,1.0,238.72337,0.2548735,0.35563377,2.4597437,0.008718236,0.015634496,0.31506094,0.0,2.328655,3.739607,0.011187717,0.5363356,0.0,0.015634496,0.5363356,0.69850624,0.006922903,1.0,0.013411107,lookahead,beam_orig2_bm0-s0to100br2
/work/T-REX/external/Proteina-Complexa/inference/search_binder_local_pipeline_32_PDL1_ALPHA_REPACK_v7_r001_warmstart_v7r001_00_complexa_beam_a42e8fc6f9a25/job_0_n_175_id_2_beam_orig3_bm0-s0to100br2/job_0_n_175_id_2_beam_orig3_bm0-s0to100br2.pdb,11,"2,0,13,16,19,16,19,14,11,3,10,18,19,19,6,18,7,15,2,12,16,9,6,4,11,13,14,19,6,11,5,10,3,10,0,0,10,9,19,18,17,6,12,6,3,11,2,9,9,5,13,19,8,7,6,6,3,10,11,19,5,8,15,15,18,1,5,1,0,1,10,10,11,3,5,10,15,10,7,2,0,0,10,5,9,16,3,19,11,10,5,3,0,7,19,18,1,4,12,9,15,18,7,7,0,3,18,11,1,9,16,19,11,19,2,0,15,3,10,7,11,11,10,13,6,0,0,12,0,7,3,3,3,6,19,1,9,10,10,0,2,7,0,3,19,2,0,5,3,11,3,7,11,16,0,13,3,9,15,9,9,10,7,8,6,3,19,0,6,9,10,5,11,0,0,0,0,0,0,0,0,0,0,0,0,0,0,0,0,0,0,0,0,0,0,0,0,0,0,0,0,0,0,0,0,0,0,0,0,0,0,0,0,0,0,0,0,0,0,0,0,0,0,0,0,0,0,0,0,0,0,0",-0.55457187,0.34801206,3.0,0.012247581,64.09305,0.01805074,1.0,0.01805074,0.39229205,0.006433884,0.0,0.0,0.012247581,0.0035298963,0.80040115,0.39229205,3.9987664,1.4231942,64.09305,-0.55457187,3.7066548,208.91853,0.0,0.006444423,1.0,208.91853,0.2282231,0.19959883,3.9987664,0.0035298963,0.012867768,0.34801206,0.0,1.4231942,3.7066548,0.0,0.55457187,0.0,0.012867768,0.55457187,0.67063695,0.006444423,1.0,0.006433884,lookahead,beam_orig3_bm0-s0to100br2
/work/T-REX/external/Proteina-Complexa/inference/search_binder_local_pipeline_32_PDL1_ALPHA_REPACK_v7_r001_warmstart_v7r001_00_complexa_beam_a42e8fc6f9a25/job_0_n_232_id_3_beam_orig0_bm0-s0to100br3/job_0_n_232_id_3_beam_orig0_bm0-s0to100br3.pdb,12,"2,0,13,16,19,16,19,14,11,3,10,18,19,19,6,18,7,15,2,12,16,9,6,4,11,13,14,19,6,11,5,10,3,10,0,0,10,9,19,18,17,6,12,6,3,11,2,9,9,5,13,19,8,7,6,6,3,10,11,19,5,8,15,15,18,1,5,1,0,1,10,10,11,3,5,10,15,10,7,2,0,0,10,5,9,16,3,19,11,10,5,3,0,7,19,18,1,4,12,9,15,18,7,7,0,3,18,11,1,9,16,19,11,19,2,0,2,0,13,16,19,16,19,14,11,3,10,18,19,19,6,18,7,15,2,12,16,9,6,4,11,13,14,19,6,11,5,10,3,10,0,0,10,9,19,18,17,6,12,6,3,11,2,9,9,5,13,19,8,7,6,6,3,10,11,19,5,8,15,15,18,1,5,1,0,1,10,10,11,3,5,10,15,10,7,2,0,0,10,5,9,16,3,19,11,10,5,3,0,7,19,18,1,4,12,9,15,18,7,7,0,3,18,11,1,9,16,19,11,19,2,0",-0.5249247,0.29609406,3.0,0.048082538,59.498768,0.051496677,1.0,0.051496677,0.3101959,0.01239455,0.0,0.0,0.048082538,0.0024419385,0.8604133,0.3101959,2.8533278,1.2791516,59.498768,-0.5249247,3.8779664,196.23357,0.012156246,0.0446684,1.0,196.23357,0.26353544,0.13958672,2.8533278,0.0024419385,0.012632854,0.29609406,0.0,1.2791516,3.8779664,0.012156246,0.5249247,0.0,0.012632854,0.5249247,0.5863812,0.0446684,1.0,0.01239455,lookahead,beam_orig0_bm0-s0to100br3
/work/T-REX/external/Proteina-Complexa/inference/search_binder_local_pipeline_32_PDL1_ALPHA_REPACK_v7_r001_warmstart_v7r001_00_complexa_beam_a42e8fc6f9a25/job_0_n_229_id_3_beam_orig1_bm0-s0to100br3/job_0_n_229_id_3_beam_orig1_bm0-s0to100br3.pdb,13,"2,0,13,16,19,16,19,14,11,3,10,18,19,19,6,18,7,15,2,12,16,9,6,4,11,13,14,19,6,11,5,10,3,10,0,0,10,9,19,18,17,6,12,6,3,11,2,9,9,5,13,19,8,7,6,6,3,10,11,19,5,8,15,15,18,1,5,1,0,1,10,10,11,3,5,10,15,10,7,2,0,0,10,5,9,16,3,19,11,10,5,3,0,7,19,18,1,4,12,9,15,18,7,7,0,3,18,11,1,9,16,19,11,19,2,0,13,16,19,16,19,14,11,3,10,18,19,19,6,18,7,15,2,12,16,9,6,4,11,13,14,19,6,11,5,10,3,10,0,0,10,9,19,18,17,6,12,6,3,11,2,9,9,5,13,19,8,7,6,6,3,10,11,19,5,8,15,15,18,1,5,1,0,1,10,10,11,3,5,10,15,10,7,2,0,0,10,5,9,16,3,19,11,10,5,3,0,7,19,18,1,4,12,9,15,18,7,7,0,3,18,11,1,9,16,19,11,19,2,0,0,0",-0.52604395,0.29861763,3.0,0.043657437,68.54014,0.045689665,1.0,0.045689665,0.31116894,0.012181365,0.0,0.0,0.043657437,0.0017578834,0.8620054,0.31116894,2.7907884,1.285719,68.54014,-0.52604395,3.8718288,211.16724,0.012008801,0.041625205,1.0,211.16724,0.26123267,0.1379946,2.7907884,0.0017578834,0.012353929,0.29861763,0.0,1.285719,3.8718288,0.012008801,0.52604395,0.0,0.012353929,0.52604395,0.5877024,0.041625205,1.0,0.012181365,lookahead,beam_orig1_bm0-s0to100br3
/work/T-REX/external/Proteina-Complexa/inference/search_binder_local_pipeline_32_PDL1_ALPHA_REPACK_v7_r001_warmstart_v7r001_00_complexa_beam_a42e8fc6f9a25/job_0_n_167_id_3_beam_orig2_bm0-s0to100br3/job_0_n_167_id_3_beam_orig2_bm0-s0to100br3.pdb,14,"2,0,13,16,19,16,19,14,11,3,10,18,19,19,6,18,7,15,2,12,16,9,6,4,11,13,14,19,6,11,5,10,3,10,0,0,10,9,19,18,17,6,12,6,3,11,2,9,9,5,13,19,8,7,6,6,3,10,11,19,5,8,15,15,18,1,5,1,0,1,10,10,11,3,5,10,15,10,7,2,0,0,10,5,9,16,3,19,11,10,5,3,0,7,19,18,1,4,12,9,15,18,7,7,0,3,18,11,1,9,16,19,11,19,2,0,10,0,18,18,2,1,7,19,0,18,10,13,10,11,6,14,6,10,0,10,11,3,13,2,6,0,9,1,10,11,14,3,13,0,6,0,18,2,5,1,0,11,19,10,6,3,10,11,11,14,6,0,0,0,0,0,0,0,0,0,0,0,0,0,0,0,0,0,0,0,0,0,0,0,0,0,0,0,0,0,0,0,0,0,0,0,0,0,0,0,0,0,0,0,0,0,0,0,0,0,0,0,0,0,0,0,0,0,0,0,0,0,0,0,0,0",-0.5243489,0.31957948,3.0,0.02880006,122.58747,0.033879176,1.0,0.033879176,0.3947728,0.012447489,0.0,0.0,0.02880006,0.028972618,0.7792957,0.3947728,17.868303,1.5761503,122.58747,-0.5243489,3.6893046,246.46172,0.0108451955,0.023720942,1.0,246.46172,0.26892734,0.22070433,17.868303,0.028972618,0.014049783,0.31957948,0.0,1.5761503,3.6893046,0.0108451955,0.5243489,0.0,0.014049783,0.5243489,0.6974661,0.023720942,1.0,0.012447489,lookahead,beam_orig2_bm0-s0to100br3
/work/T-REX/external/Proteina-Complexa/inference/search_binder_local_pipeline_32_PDL1_ALPHA_REPACK_v7_r001_warmstart_v7r001_00_complexa_beam_a42e8fc6f9a25/job_0_n_175_id_3_beam_orig3_bm0-s0to100br3/job_0_n_175_id_3_beam_orig3_bm0-s0to100br3.pdb,15,"2,0,13,16,19,16,19,14,11,3,10,18,19,19,6,18,7,15,2,12,16,9,6,4,11,13,14,19,6,11,5,10,3,10,0,0,10,9,19,18,17,6,12,6,3,11,2,9,9,5,13,19,8,7,6,6,3,10,11,19,5,8,15,15,18,1,5,1,0,1,10,10,11,3,5,10,15,10,7,2,0,0,10,5,9,16,3,19,11,10,5,3,0,7,19,18,1,4,12,9,15,18,7,7,0,3,18,11,1,9,16,19,11,19,2,0,9,13,0,3,1,0,19,10,18,16,2,9,7,2,10,3,10,0,19,5,3,9,11,6,0,10,1,10,3,14,15,5,11,19,10,0,11,12,9,0,3,19,10,1,11,2,7,1,6,3,10,0,3,6,9,6,0,10,19,0,0,0,0,0,0,0,0,0,0,0,0,0,0,0,0,0,0,0,0,0,0,0,0,0,0,0,0,0,0,0,0,0,0,0,0,0,0,0,0,0,0,0,0,0,0,0,0,0,0,0,0,0,0,0,0,0",-0.47826454,0.27857256,3.0,0.046995234,121.23045,0.05845121,1.0,0.05845121,0.35458052,0.015043996,0.0,0.0,0.046995234,0.002067366,0.755587,0.35458052,15.447445,1.8910869,121.23045,-0.47826454,3.7047155,274.31046,0.012774365,0.03553926,1.0,274.31046,0.31773603,0.24441302,15.447445,0.002067366,0.017313628,0.27857256,0.0,1.8910869,3.7047155,0.012774365,0.47826454,0.0,0.017313628,0.47826454,0.69602895,0.03553926,1.0,0.015043996,lookahead,beam_orig3_bm0-s0to100br3
/work/T-REX/external/Proteina-Complexa/inference/search_binder_local_pipeline_32_PDL1_ALPHA_REPACK_v7_r001_warmstart_v7r001_00_complexa_beam_a42e8fc6f9a25/job_0_n_232_id_4_beam_orig0_bm1-s0to100br0/job_0_n_232_id_4_beam_orig0_bm1-s0to100br0.pdb,16,"2,0,13,16,19,16,19,14,11,3,10,18,19,19,6,18,7,15,2,12,16,9,6,4,11,13,14,19,6,11,5,10,3,10,0,0,10,9,19,18,17,6,12,6,3,11,2,9,9,5,13,19,8,7,6,6,3,10,11,19,5,8,15,15,18,1,5,1,0,1,10,10,11,3,5,10,15,10,7,2,0,0,10,5,9,16,3,19,11,10,5,3,0,7,19,18,1,4,12,9,15,18,7,7,0,3,18,11,1,9,16,19,11,19,2,0,2,0,13,16,19,16,19,14,11,3,10,18,19,19,6,18,7,15,2,12,16,9,6,4,11,13,14,19,6,11,5,10,3,10,0,0,10,9,19,18,17,6,12,6,3,11,2,9,9,5,13,19,8,7,6,6,3,10,11,19,5,8,15,15,18,1,5,1,0,1,10,10,11,3,5,10,15,10,7,2,0,0,10,5,9,16,3,19,11,10,5,3,0,7,19,18,1,4,12,9,15,18,7,7,0,3,18,11,1,9,16,19,11,19,2,0",-0.52375716,0.29447234,3.0,0.04724416,58.1305,0.049566925,1.0,0.049566925,0.3095753,0.012482166,0.0,0.0,0.04724416,0.002463841,0.8600235,0.3095753,2.880412,1.2778999,58.1305,-0.52375716,3.8768039,197.69339,0.012147635,0.044921394,1.0,197.69339,0.2623049,0.13997649,2.880412,0.002463841,0.012816697,0.29447234,0.0,1.2778999,3.8768039,0.012147635,0.52375716,0.0,0.012816697,0.52375716,0.5854729,0.044921394,1.0,0.012482166,lookahead,beam_orig0_bm1-s0to100br0
/work/T-REX/external/Proteina-Complexa/inference/search_binder_local_pipeline_32_PDL1_ALPHA_REPACK_v7_r001_warmstart_v7r001_00_complexa_beam_a42e8fc6f9a25/job_0_n_229_id_4_beam_orig1_bm1-s0to100br0/job_0_n_229_id_4_beam_orig1_bm1-s0to100br0.pdb,17,"2,0,13,16,19,16,19,14,11,3,10,18,19,19,6,18,7,15,2,12,16,9,6,4,11,13,14,19,6,11,5,10,3,10,0,0,10,9,19,18,17,6,12,6,3,11,2,9,9,5,13,19,8,7,6,6,3,10,11,19,5,8,15,15,18,1,5,1,0,1,10,10,11,3,5,10,15,10,7,2,0,0,10,5,9,16,3,19,11,10,5,3,0,7,19,18,1,4,12,9,15,18,7,7,0,3,18,11,1,9,16,19,11,19,2,0,0,13,16,19,16,19,14,11,3,10,18,19,19,6,18,7,15,2,12,16,9,6,4,11,13,14,19,6,11,5,10,3,10,0,0,10,9,19,18,17,6,12,6,3,11,2,9,9,5,13,19,8,7,6,6,3,10,11,19,5,8,15,15,18,1,5,1,0,1,10,10,11,3,5,10,15,10,7,2,0,0,10,5,9,16,3,19,11,10,5,3,0,7,19,18,1,4,12,9,15,18,7,7,0,3,18,11,1,9,16,19,11,19,0,0,0",-0.5159281,0.2875557,3.0,0.050010037,74.68366,0.05288822,1.0,0.05288822,0.30584458,0.012750274,0.0,0.0,0.050010037,0.0017421531,0.8615366,0.30584458,2.9659886,1.2720467,74.68366,-0.5159281,3.8260884,213.29819,0.012454811,0.047131855,1.0,213.29819,0.27077568,0.13846336,2.9659886,0.0017421531,0.013045736,0.2875557,0.0,1.2720467,3.8260884,0.012454811,0.5159281,0.0,0.013045736,0.5159281,0.59281045,0.047131855,1.0,0.012750274,lookahead,beam_orig1_bm1-s0to100br0
/work/T-REX/external/Proteina-Complexa/inference/search_binder_local_pipeline_32_PDL1_ALPHA_REPACK_v7_r001_warmstart_v7r001_00_complexa_beam_a42e8fc6f9a25/job_0_n_167_id_4_beam_orig2_bm1-s0to100br0/job_0_n_167_id_4_beam_orig2_bm1-s0to100br0.pdb,18,"2,0,13,16,19,16,19,14,11,3,10,18,19,19,6,18,7,15,2,12,16,9,6,4,11,13,14,19,6,11,5,10,3,10,0,0,10,9,19,18,17,6,12,6,3,11,2,9,9,5,13,19,8,7,6,6,3,10,11,19,5,8,15,15,18,1,5,1,0,1,10,10,11,3,5,10,15,10,7,2,0,0,10,5,9,16,3,19,11,10,5,3,0,7,19,18,1,4,12,9,15,18,7,7,0,3,18,11,1,9,16,19,11,19,2,0,2,6,12,0,9,10,18,18,2,1,7,2,19,18,13,19,10,11,6,10,3,10,0,19,6,3,18,11,11,0,10,6,9,11,14,3,13,11,6,0,1,3,2,10,6,11,19,10,11,3,11,0,0,0,0,0,0,0,0,0,0,0,0,0,0,0,0,0,0,0,0,0,0,0,0,0,0,0,0,0,0,0,0,0,0,0,0,0,0,0,0,0,0,0,0,0,0,0,0,0,0,0,0,0,0,0,0,0,0,0,0,0,0,0,0,0",-0.5460153,0.30363846,3.0,0.02360859,147.19365,0.03983794,1.0,0.03983794,0.4766515,0.016173514,0.0,0.0,0.02360859,0.036391165,0.49888742,0.4766515,15.647493,2.694415,147.19365,-0.5460153,3.8189726,334.2614,0.012034967,0.0073792376,1.0,334.2614,0.26425678,0.5011126,15.647493,0.036391165,0.020312062,0.30363846,0.0,2.694415,3.8189726,0.012034967,0.5460153,0.0,0.020312062,0.5460153,0.70431197,0.0073792376,1.0,0.016173514,lookahead,beam_orig2_bm1-s0to100br0
/work/T-REX/external/Proteina-Complexa/inference/search_binder_local_pipeline_32_PDL1_ALPHA_REPACK_v7_r001_warmstart_v7r001_00_complexa_beam_a42e8fc6f9a25/job_0_n_175_id_4_beam_orig3_bm1-s0to100br0/job_0_n_175_id_4_beam_orig3_bm1-s0to100br0.pdb,19,"2,0,13,16,19,16,19,14,11,3,10,18,19,19,6,18,7,15,2,12,16,9,6,4,11,13,14,19,6,11,5,10,3,10,0,0,10,9,19,18,17,6,12,6,3,11,2,9,9,5,13,19,8,7,6,6,3,10,11,19,5,8,15,15,18,1,5,1,0,1,10,10,11,3,5,10,15,10,7,2,0,0,10,5,9,16,3,19,11,10,5,3,0,7,19,18,1,4,12,9,15,18,7,7,0,3,18,11,1,9,16,19,11,19,2,0,0,5,19,5,5,10,9,5,15,10,11,15,14,3,6,1,19,1,0,2,0,0,13,15,10,7,9,9,7,7,6,6,0,2,6,0,10,1,11,0,10,11,16,6,16,15,6,3,19,11,2,0,9,1,9,0,10,6,1,0,0,0,0,0,0,0,0,0,0,0,0,0,0,0,0,0,0,0,0,0,0,0,0,0,0,0,0,0,0,0,0,0,0,0,0,0,0,0,0,0,0,0,0,0,0,0,0,0,0,0,0,0,0,0,0,0",-0.28452262,0.13978858,3.0,0.17831743,21.922329,0.21574241,1.0,0.21574241,0.21354575,0.17477986,0.0,0.0,0.17831743,0.0020223756,0.8689046,0.21354575,0.79392,1.4807897,21.922329,-0.28452262,2.7702258,166.95932,0.14089245,0.14089245,1.0,166.95932,0.5784886,0.13109538,0.79392,0.0020223756,0.20866728,0.13978858,0.0,1.4807897,2.7702258,0.14089245,0.28452262,0.0,0.20866728,0.28452262,0.79372454,0.14089245,1.0,0.17477986,lookahead,beam_orig3_bm1-s0to100br0
/work/T-REX/external/Proteina-Complexa/inference/search_binder_local_pipeline_32_PDL1_ALPHA_REPACK_v7_r001_warmstart_v7r001_00_complexa_beam_a42e8fc6f9a25/job_0_n_232_id_5_beam_orig0_bm1-s0to100br1/job_0_n_232_id_5_beam_orig0_bm1-s0to100br1.pdb,20,"2,0,13,16,19,16,19,14,11,3,10,18,19,19,6,18,7,15,2,12,16,9,6,4,11,13,14,19,6,11,5,10,3,10,0,0,10,9,19,18,17,6,12,6,3,11,2,9,9,5,13,19,8,7,6,6,3,10,11,19,5,8,15,15,18,1,5,1,0,1,10,10,11,3,5,10,15,10,7,2,0,0,10,5,9,16,3,19,11,10,5,3,0,7,19,18,1,4,12,9,15,18,7,7,0,3,18,11,1,9,16,19,11,19,2,0,2,0,13,16,19,16,19,14,11,3,10,18,19,19,6,18,7,15,2,12,16,9,6,4,11,13,14,19,6,11,5,10,3,10,0,0,10,9,19,18,17,6,12,6,3,11,2,9,9,5,13,19,8,7,6,6,3,10,11,19,5,8,15,15,18,1,5,1,0,1,10,10,11,3,5,10,15,10,7,2,0,0,10,5,9,16,3,19,11,10,5,3,0,7,19,18,1,4,12,9,15,18,7,7,0,3,18,11,1,9,16,19,11,19,2,0",-0.5179131,0.28776094,3.0,0.05027111,55.786537,0.05331649,1.0,0.05331649,0.30667052,0.012920408,0.0,0.0,0.05027111,0.002412814,0.8598822,0.30667052,2.5108986,1.2772064,55.786537,-0.5179131,3.86142,197.07318,0.012577593,0.04722573,1.0,197.07318,0.26774627,0.14011781,2.5108986,0.002412814,0.013263222,0.28776094,0.0,1.2772064,3.86142,0.012577593,0.5179131,0.0,0.013263222,0.5179131,0.58790433,0.04722573,1.0,0.012920408,lookahead,beam_orig0_bm1-s0to100br1
/work/T-REX/external/Proteina-Complexa/inference/search_binder_local_pipeline_32_PDL1_ALPHA_REPACK_v7_r001_warmstart_v7r001_00_complexa_beam_a42e8fc6f9a25/job_0_n_229_id_5_beam_orig1_bm1-s0to100br1/job_0_n_229_id_5_beam_orig1_bm1-s0to100br1.pdb,21,"2,0,13,16,19,16,19,14,11,3,10,18,19,19,6,18,7,15,2,12,16,9,6,4,11,13,14,19,6,11,5,10,3,10,0,0,10,9,19,18,17,6,12,6,3,11,2,9,9,5,13,19,8,7,6,6,3,10,11,19,5,8,15,15,18,1,5,1,0,1,10,10,11,3,5,10,15,10,7,2,0,0,10,5,9,16,3,19,11,10,5,3,0,7,19,18,1,4,12,9,15,18,7,7,0,3,18,11,1,9,16,19,11,19,2,0,16,19,16,19,14,11,3,10,18,19,19,6,18,7,15,2,12,16,9,6,4,11,13,14,19,6,11,5,10,3,10,0,0,10,9,19,18,17,6,12,6,3,11,2,9,9,5,13,19,8,7,6,6,3,10,11,19,5,8,15,15,18,1,5,1,0,1,10,10,11,3,5,10,15,10,7,2,0,0,10,5,9,16,3,19,11,10,5,3,0,7,19,18,1,4,12,9,15,18,7,7,0,3,18,11,1,9,16,19,11,19,2,0,0,0,0",-0.534454,0.307234,3.0,0.03938313,61.224827,0.041908503,1.0,0.041908503,0.31639186,0.011947639,0.0,0.0,0.03938313,0.001826442,0.8619405,0.31639186,5.3906446,1.298818,61.224827,-0.534454,3.9037328,198.68553,0.011643477,0.036857754,1.0,198.68553,0.2549031,0.13805953,5.3906446,0.001826442,0.012251803,0.307234,0.0,1.298818,3.9037328,0.011643477,0.534454,0.0,0.012251803,0.534454,0.58455706,0.036857754,1.0,0.011947639,lookahead,beam_orig1_bm1-s0to100br1
/work/T-REX/external/Proteina-Complexa/inference/search_binder_local_pipeline_32_PDL1_ALPHA_REPACK_v7_r001_warmstart_v7r001_00_complexa_beam_a42e8fc6f9a25/job_0_n_167_id_5_beam_orig2_bm1-s0to100br1/job_0_n_167_id_5_beam_orig2_bm1-s0to100br1.pdb,22,"2,0,13,16,19,16,19,14,11,3,10,18,19,19,6,18,7,15,2,12,16,9,6,4,11,13,14,19,6,11,5,10,3,10,0,0,10,9,19,18,17,6,12,6,3,11,2,9,9,5,13,19,8,7,6,6,3,10,11,19,5,8,15,15,18,1,5,1,0,1,10,10,11,3,5,10,15,10,7,2,0,0,10,5,9,16,3,19,11,10,5,3,0,7,19,18,1,4,12,9,15,18,7,7,0,3,18,11,1,9,16,19,11,19,2,0,16,0,11,3,10,6,6,11,15,7,6,6,5,19,11,19,10,15,6,0,10,11,15,6,3,14,0,19,5,12,11,0,1,0,9,10,11,11,11,7,5,6,10,10,3,11,19,11,0,10,10,0,0,0,0,0,0,0,0,0,0,0,0,0,0,0,0,0,0,0,0,0,0,0,0,0,0,0,0,0,0,0,0,0,0,0,0,0,0,0,0,0,0,0,0,0,0,0,0,0,0,0,0,0,0,0,0,0,0,0,0,0,0,0,0,0",-0.6618654,0.42248884,3.0,0.00615515,117.46825,0.0066966163,1.0,0.0066966163,0.52919304,0.0,0.0,0.0,0.00615515,0.07044687,0.57189965,0.52919304,17.39348,2.5907235,117.46825,-0.6618654,4.158963,264.30533,0.0,0.005613684,1.0,264.30533,0.16373847,0.42810035,17.39348,0.07044687,0.0,0.42248884,0.0,2.5907235,4.158963,0.0,0.6618654,0.0,0.0,0.6618654,0.6675265,0.005613684,1.0,0.0,lookahead,beam_orig2_bm1-s0to100br1
/work/T-REX/external/Proteina-Complexa/inference/search_binder_local_pipeline_32_PDL1_ALPHA_REPACK_v7_r001_warmstart_v7r001_00_complexa_beam_a42e8fc6f9a25/job_0_n_175_id_5_beam_orig3_bm1-s0to100br1/job_0_n_175_id_5_beam_orig3_bm1-s0to100br1.pdb,23,"2,0,13,16,19,16,19,14,11,3,10,18,19,19,6,18,7,15,2,12,16,9,6,4,11,13,14,19,6,11,5,10,3,10,0,0,10,9,19,18,17,6,12,6,3,11,2,9,9,5,13,19,8,7,6,6,3,10,11,19,5,8,15,15,18,1,5,1,0,1,10,10,11,3,5,10,15,10,7,2,0,0,10,5,9,16,3,19,11,10,5,3,0,7,19,18,1,4,12,9,15,18,7,7,0,3,18,11,1,9,16,19,11,19,2,0,2,8,5,9,6,15,0,6,1,13,13,2,9,15,9,14,3,13,9,0,0,10,6,11,2,2,18,2,9,15,0,16,15,1,6,10,2,10,14,1,2,13,19,11,3,19,9,19,13,10,6,1,6,11,10,10,5,10,14,0,0,0,0,0,0,0,0,0,0,0,0,0,0,0,0,0,0,0,0,0,0,0,0,0,0,0,0,0,0,0,0,0,0,0,0,0,0,0,0,0,0,0,0,0,0,0,0,0,0,0,0,0,0,0,0,0",-0.24680735,0.10669028,3.0,0.26512423,42.229652,0.33589247,1.0,0.33589247,0.19140823,0.26512423,0.0,0.0,0.26512423,0.002460107,0.8895166,0.19140823,3.7044723,1.551625,42.229652,-0.24680735,2.7082152,160.40665,0.19435598,0.19435598,1.0,160.40665,0.6327021,0.110483415,3.7044723,0.002460107,0.33589247,0.10669028,0.0,1.551625,2.7082152,0.19435598,0.24680735,0.0,0.33589247,0.24680735,0.8052832,0.19435598,1.0,0.26512423,lookahead,beam_orig3_bm1-s0to100br1
/work/T-REX/external/Proteina-Complexa/inference/search_binder_local_pipeline_32_PDL1_ALPHA_REPACK_v7_r001_warmstart_v7r001_00_complexa_beam_a42e8fc6f9a25/job_0_n_232_id_6_beam_orig0_bm1-s0to100br2/job_0_n_232_id_6_beam_orig0_bm1-s0to100br2.pdb,24,"2,0,13,16,19,16,19,14,11,3,10,18,19,19,6,18,7,15,2,12,16,9,6,4,11,13,14,19,6,11,5,10,3,10,0,0,10,9,19,18,17,6,12,6,3,11,2,9,9,5,13,19,8,7,6,6,3,10,11,19,5,8,15,15,18,1,5,1,0,1,10,10,11,3,5,10,15,10,7,2,0,0,10,5,9,16,3,19,11,10,5,3,0,7,19,18,1,4,12,9,15,18,7,7,0,3,18,11,1,9,16,19,11,19,2,0,2,0,13,16,19,16,19,14,11,3,10,18,19,19,6,18,7,15,2,12,16,9,6,4,11,13,14,19,6,11,5,10,3,10,0,0,10,9,19,18,17,6,12,6,3,11,2,9,9,5,13,19,8,7,6,6,3,10,11,19,5,8,15,15,18,1,5,1,0,1,10,10,11,3,5,10,15,10,7,2,0,0,10,5,9,16,3,19,11,10,5,3,0,7,19,18,1,4,12,9,15,18,7,7,0,3,18,11,1,9,16,19,11,19,2,0",-0.52307355,0.2908517,3.0,0.04895465,58.403908,0.05194571,1.0,0.05194571,0.3094523,0.012512319,0.0,0.0,0.04895465,0.0025359,0.85979307,0.3094523,2.973961,1.2813039,58.403908,-0.52307355,3.874473,196.91035,0.012266684,0.045963593,1.0,196.91035,0.26437873,0.14020696,2.973961,0.0025359,0.012757953,0.2908517,0.0,1.2813039,3.874473,0.012266684,0.52307355,0.0,0.012757953,0.52307355,0.58668965,0.045963593,1.0,0.012512319,lookahead,beam_orig0_bm1-s0to100br2
/work/T-REX/external/Proteina-Complexa/inference/search_binder_local_pipeline_32_PDL1_ALPHA_REPACK_v7_r001_warmstart_v7r001_00_complexa_beam_a42e8fc6f9a25/job_0_n_229_id_6_beam_orig1_bm1-s0to100br2/job_0_n_229_id_6_beam_orig1_bm1-s0to100br2.pdb,25,"2,0,13,16,19,16,19,14,11,3,10,18,19,19,6,18,7,15,2,12,16,9,6,4,11,13,14,19,6,11,5,10,3,10,0,0,10,9,19,18,17,6,12,6,3,11,2,9,9,5,13,19,8,7,6,6,3,10,11,19,5,8,15,15,18,1,5,1,0,1,10,10,11,3,5,10,15,10,7,2,0,0,10,5,9,16,3,19,11,10,5,3,0,7,19,18,1,4,12,9,15,18,7,7,0,3,18,11,1,9,16,19,11,19,2,0,16,19,16,19,14,11,3,10,18,19,19,6,18,7,15,2,12,16,9,6,4,11,13,14,19,6,11,5,10,3,10,0,0,10,9,19,18,17,6,12,6,3,11,2,9,9,5,13,19,8,7,6,6,3,10,11,19,5,8,15,15,18,1,5,1,0,1,10,10,11,3,5,10,15,10,7,2,0,0,10,5,9,16,3,19,11,10,5,3,0,7,19,18,1,4,12,9,15,18,7,7,0,3,18,11,1,9,16,19,11,19,2,0,0,0,0",-0.52883387,0.29886022,3.0,0.040569007,66.82887,0.042220548,1.0,0.042220548,0.3130264,0.012277845,0.0,0.0,0.040569007,0.0017712327,0.862528,0.3130264,3.0479267,1.2866724,66.82887,-0.52883387,3.8943303,208.92792,0.011970076,0.038917463,1.0,208.92792,0.2559161,0.13747197,3.0479267,0.0017712327,0.012585616,0.29886022,0.0,1.2866724,3.8943303,0.011970076,0.52883387,0.0,0.012585616,0.52883387,0.5851588,0.038917463,1.0,0.012277845,lookahead,beam_orig1_bm1-s0to100br2
/work/T-REX/external/Proteina-Complexa/inference/search_binder_local_pipeline_32_PDL1_ALPHA_REPACK_v7_r001_warmstart_v7r001_00_complexa_beam_a42e8fc6f9a25/job_0_n_167_id_6_beam_orig2_bm1-s0to100br2/job_0_n_167_id_6_beam_orig2_bm1-s0to100br2.pdb,26,"2,0,13,16,19,16,19,14,11,3,10,18,19,19,6,18,7,15,2,12,16,9,6,4,11,13,14,19,6,11,5,10,3,10,0,0,10,9,19,18,17,6,12,6,3,11,2,9,9,5,13,19,8,7,6,6,3,10,11,19,5,8,15,15,18,1,5,1,0,1,10,10,11,3,5,10,15,10,7,2,0,0,10,5,9,16,3,19,11,10,5,3,0,7,19,18,1,4,12,9,15,18,7,7,0,3,18,11,1,9,16,19,11,19,2,0,12,3,13,1,19,10,11,12,13,7,3,13,18,13,11,6,11,2,13,3,6,0,6,11,13,18,1,11,0,10,6,9,11,14,6,3,0,6,9,0,2,11,10,5,0,0,10,6,0,11,0,0,0,0,0,0,0,0,0,0,0,0,0,0,0,0,0,0,0,0,0,0,0,0,0,0,0,0,0,0,0,0,0,0,0,0,0,0,0,0,0,0,0,0,0,0,0,0,0,0,0,0,0,0,0,0,0,0,0,0,0,0,0,0,0,0",-0.35346305,0.17182848,3.0,0.11353064,116.3247,0.15241438,1.0,0.15241438,0.26756537,0.07115357,0.0,0.0,0.11353064,0.0017033453,0.8576292,0.26756537,16.326365,1.3777045,116.3247,-0.35346305,3.132287,210.35461,0.044767853,0.074646905,1.0,210.35461,0.41941905,0.14237079,16.326365,0.0017033453,0.09753929,0.17182848,0.0,1.3777045,3.132287,0.044767853,0.35346305,0.0,0.09753929,0.35346305,0.74823666,0.074646905,1.0,0.07115357,lookahead,beam_orig2_bm1-s0to100br2
/work/T-REX/external/Proteina-Complexa/inference/search_binder_local_pipeline_32_PDL1_ALPHA_REPACK_v7_r001_warmstart_v7r001_00_complexa_beam_a42e8fc6f9a25/job_0_n_175_id_6_beam_orig3_bm1-s0to100br2/job_0_n_175_id_6_beam_orig3_bm1-s0to100br2.pdb,27,"2,0,13,16,19,16,19,14,11,3,10,18,19,19,6,18,7,15,2,12,16,9,6,4,11,13,14,19,6,11,5,10,3,10,0,0,10,9,19,18,17,6,12,6,3,11,2,9,9,5,13,19,8,7,6,6,3,10,11,19,5,8,15,15,18,1,5,1,0,1,10,10,11,3,5,10,15,10,7,2,0,0,10,5,9,16,3,19,11,10,5,3,0,7,19,18,1,4,12,9,15,18,7,7,0,3,18,11,1,9,16,19,11,19,2,0,15,0,10,3,0,11,0,2,3,10,10,5,0,10,1,6,3,14,15,3,19,3,16,1,1,6,10,19,3,1,10,2,10,9,10,11,13,15,11,15,6,0,19,11,6,0,0,11,0,0,10,6,6,19,11,15,10,10,11,0,0,0,0,0,0,0,0,0,0,0,0,0,0,0,0,0,0,0,0,0,0,0,0,0,0,0,0,0,0,0,0,0,0,0,0,0,0,0,0,0,0,0,0,0,0,0,0,0,0,0,0,0,0,0,0,0",-0.5461254,0.32884926,3.0,0.018360605,68.517845,0.0222373,1.0,0.0222373,0.39137396,0.0064101326,0.0,0.0,0.018360605,0.0023668187,0.7980374,0.39137396,4.347626,1.5857382,68.517845,-0.5461254,3.8004246,186.95412,0.0,0.014483909,1.0,186.95412,0.23640747,0.20196259,4.347626,0.0023668187,0.012820265,0.32884926,0.0,1.5857382,3.8004246,0.0,0.5461254,0.0,0.012820265,0.5461254,0.67129225,0.014483909,1.0,0.0064101326,lookahead,beam_orig3_bm1-s0to100br2
/work/T-REX/external/Proteina-Complexa/inference/search_binder_local_pipeline_32_PDL1_ALPHA_REPACK_v7_r001_warmstart_v7r001_00_complexa_beam_a42e8fc6f9a25/job_0_n_232_id_7_beam_orig0_bm1-s0to100br3/job_0_n_232_id_7_beam_orig0_bm1-s0to100br3.pdb,28,"2,0,13,16,19,16,19,14,11,3,10,18,19,19,6,18,7,15,2,12,16,9,6,4,11,13,14,19,6,11,5,10,3,10,0,0,10,9,19,18,17,6,12,6,3,11,2,9,9,5,13,19,8,7,6,6,3,10,11,19,5,8,15,15,18,1,5,1,0,1,10,10,11,3,5,10,15,10,7,2,0,0,10,5,9,16,3,19,11,10,5,3,0,7,19,18,1,4,12,9,15,18,7,7,0,3,18,11,1,9,16,19,11,19,2,0,2,0,13,16,19,16,19,14,11,3,10,18,19,19,6,18,7,15,2,12,16,9,6,4,11,13,14,19,6,11,5,10,3,10,0,0,10,9,19,18,17,6,12,6,3,11,2,9,9,5,13,19,8,7,6,6,3,10,11,19,5,8,15,15,18,1,5,1,0,1,10,10,11,3,5,10,15,10,7,2,0,0,10,5,9,16,3,19,11,10,5,3,0,7,19,18,1,4,12,9,15,18,7,7,0,3,18,11,1,9,16,19,11,19,2,0",-0.5280038,0.30013195,3.0,0.045283116,58.35906,0.048625052,1.0,0.048625052,0.31177962,0.01231188,0.0,0.0,0.045283116,0.0025068377,0.86076635,0.31177962,2.9694579,1.27937,58.35906,-0.5280038,3.890585,200.02435,0.012133797,0.041941185,1.0,200.02435,0.26041842,0.13923365,2.9694579,0.0025068377,0.012489961,0.30013195,0.0,1.27937,3.890585,0.012133797,0.5280038,0.0,0.012489961,0.5280038,0.58466387,0.041941185,1.0,0.01231188,lookahead,beam_orig0_bm1-s0to100br3
/work/T-REX/external/Proteina-Complexa/inference/search_binder_local_pipeline_32_PDL1_ALPHA_REPACK_v7_r001_warmstart_v7r001_00_complexa_beam_a42e8fc6f9a25/job_0_n_229_id_7_beam_orig1_bm1-s0to100br3/job_0_n_229_id_7_beam_orig1_bm1-s0to100br3.pdb,29,"2,0,13,16,19,16,19,14,11,3,10,18,19,19,6,18,7,15,2,12,16,9,6,4,11,13,14,19,6,11,5,10,3,10,0,0,10,9,19,18,17,6,12,6,3,11,2,9,9,5,13,19,8,7,6,6,3,10,11,19,5,8,15,15,18,1,5,1,0,1,10,10,11,3,5,10,15,10,7,2,0,0,10,5,9,16,3,19,11,10,5,3,0,7,19,18,1,4,12,9,15,18,7,7,0,3,18,11,1,9,16,19,11,19,2,0,16,19,16,19,14,11,3,10,18,19,19,6,18,7,15,2,12,16,9,6,4,11,13,14,19,6,11,5,10,3,10,0,0,10,9,19,18,17,6,12,6,3,11,2,9,9,5,13,19,8,7,6,6,3,10,11,19,5,8,15,15,18,1,5,1,0,1,10,10,11,3,5,10,15,10,7,2,0,0,10,5,9,16,3,19,11,10,5,3,0,7,19,18,1,4,12,9,15,18,7,7,0,3,18,11,1,9,16,19,11,19,2,0,0,0,0",-0.5313775,0.30128053,3.0,0.039315112,66.148384,0.041657794,1.0,0.041657794,0.31452334,0.012147743,0.0,0.0,0.039315112,0.0017688127,0.86193013,0.31452334,3.1519654,1.2906936,66.148384,-0.5313775,3.9009202,212.93785,0.01188165,0.036972433,1.0,212.93785,0.2543148,0.13806984,3.1519654,0.0017688127,0.012413835,0.30128053,0.0,1.2906936,3.9009202,0.01188165,0.5313775,0.0,0.012413835,0.5313775,0.5841857,0.036972433,1.0,0.012147743,lookahead,beam_orig1_bm1-s0to100br3
/work/T-REX/external/Proteina-Complexa/inference/search_binder_local_pipeline_32_PDL1_ALPHA_REPACK_v7_r001_warmstart_v7r001_00_complexa_beam_a42e8fc6f9a25/job_0_n_167_id_7_beam_orig2_bm1-s0to100br3/job_0_n_167_id_7_beam_orig2_bm1-s0to100br3.pdb,30,"2,0,13,16,19,16,19,14,11,3,10,18,19,19,6,18,7,15,2,12,16,9,6,4,11,13,14,19,6,11,5,10,3,10,0,0,10,9,19,18,17,6,12,6,3,11,2,9,9,5,13,19,8,7,6,6,3,10,11,19,5,8,15,15,18,1,5,1,0,1,10,10,11,3,5,10,15,10,7,2,0,0,10,5,9,16,3,19,11,10,5,3,0,7,19,18,1,4,12,9,15,18,7,7,0,3,18,11,1,9,16,19,11,19,2,0,10,0,18,2,2,1,7,13,9,18,10,9,2,11,2,18,15,10,0,19,6,3,13,5,1,0,10,6,10,3,14,2,3,11,6,0,0,11,10,10,6,3,15,11,11,5,10,6,11,10,11,0,0,0,0,0,0,0,0,0,0,0,0,0,0,0,0,0,0,0,0,0,0,0,0,0,0,0,0,0,0,0,0,0,0,0,0,0,0,0,0,0,0,0,0,0,0,0,0,0,0,0,0,0,0,0,0,0,0,0,0,0,0,0,0,0",-0.36223477,0.18957774,3.0,0.10746291,34.08137,0.14229332,1.0,0.14229332,0.2771158,0.066978805,0.0,0.0,0.10746291,0.0044431444,0.8159436,0.2771158,2.5925775,1.577597,34.08137,-0.36223477,3.1145499,181.7453,0.053312425,0.072632514,1.0,181.7453,0.42732334,0.18405639,2.5925775,0.0044431444,0.08064519,0.18957774,0.0,1.577597,3.1145499,0.053312425,0.36223477,0.0,0.08064519,0.36223477,0.75086033,0.072632514,1.0,0.066978805,lookahead,beam_orig2_bm1-s0to100br3
/work/T-REX/external/Proteina-Complexa/inference/search_binder_local_pipeline_32_PDL1_ALPHA_REPACK_v7_r001_warmstart_v7r001_00_complexa_beam_a42e8fc6f9a25/job_0_n_175_id_7_beam_orig3_bm1-s0to100br3/job_0_n_175_id_7_beam_orig3_bm1-s0to100br3.pdb,31,"2,0,13,16,19,16,19,14,11,3,10,18,19,19,6,18,7,15,2,12,16,9,6,4,11,13,14,19,6,11,5,10,3,10,0,0,10,9,19,18,17,6,12,6,3,11,2,9,9,5,13,19,8,7,6,6,3,10,11,19,5,8,15,15,18,1,5,1,0,1,10,10,11,3,5,10,15,10,7,2,0,0,10,5,9,16,3,19,11,10,5,3,0,7,19,18,1,4,12,9,15,18,7,7,0,3,18,11,1,9,16,19,11,19,2,0,0,15,9,6,16,10,0,10,5,2,18,0,10,0,11,3,6,10,6,11,2,14,2,2,9,11,0,1,10,18,13,2,1,7,19,0,1,10,0,19,1,2,18,6,7,0,19,6,3,13,11,6,0,9,11,6,0,11,11,0,0,0,0,0,0,0,0,0,0,0,0,0,0,0,0,0,0,0,0,0,0,0,0,0,0,0,0,0,0,0,0,0,0,0,0,0,0,0,0,0,0,0,0,0,0,0,0,0,0,0,0,0,0,0,0,0",-0.30183446,0.14940022,3.0,0.16217062,40.182842,0.19705015,1.0,0.19705015,0.222392,0.14958356,0.0,0.0,0.16217062,0.0010211448,0.89175975,0.222392,3.0588465,1.3140776,40.182842,-0.30183446,2.7320092,159.8712,0.12081813,0.12729108,1.0,159.8712,0.5735377,0.10824026,3.0588465,0.0010211448,0.178349,0.14940022,0.0,1.3140776,2.7320092,0.12081813,0.30183446,0.0,0.178349,0.30183446,0.78788936,0.12729108,1.0,0.14958356,lookahead,beam_orig3_bm1-s0to100br3
/work/T-REX/external/Proteina-Complexa/inference/search_binder_local_pipeline_32_PDL1_ALPHA_REPACK_v7_r001_warmstart_v7r001_00_complexa_beam_a42e8fc6f9a25/job_0_n_232_id_8_beam_orig0_bm2-s0to100br0/job_0_n_232_id_8_beam_orig0_bm2-s0to100br0.pdb,32,"2,0,13,16,19,16,19,14,11,3,10,18,19,19,6,18,7,15,2,12,16,9,6,4,11,13,14,19,6,11,5,10,3,10,0,0,10,9,19,18,17,6,12,6,3,11,2,9,9,5,13,19,8,7,6,6,3,10,11,19,5,8,15,15,18,1,5,1,0,1,10,10,11,3,5,10,15,10,7,2,0,0,10,5,9,16,3,19,11,10,5,3,0,7,19,18,1,4,12,9,15,18,7,7,0,3,18,11,1,9,16,19,11,19,2,0,2,0,13,16,19,16,19,14,11,3,10,18,19,19,6,18,7,15,2,12,16,9,6,4,11,13,14,19,6,11,5,10,3,10,0,0,10,9,19,18,17,6,12,6,3,11,2,9,9,5,13,19,8,7,6,6,3,10,11,19,5,8,15,15,18,1,5,1,0,1,10,10,11,3,5,10,15,10,7,2,0,0,10,5,9,16,3,19,11,10,5,3,0,7,19,18,1,4,12,9,15,18,7,7,0,3,18,11,1,9,16,19,11,19,2,0",-0.53354514,0.30210376,3.0,0.042666826,55.997917,0.04680353,1.0,0.04680353,0.31486282,0.012185195,0.0,0.0,0.042666826,0.0024434153,0.85983163,0.31486282,2.8522394,1.2836645,55.997917,-0.53354514,3.8989027,198.95107,0.0118967015,0.038530122,1.0,198.95107,0.25606424,0.14016837,2.8522394,0.0024434153,0.012473689,0.30210376,0.0,1.2836645,3.8989027,0.0118967015,0.53354514,0.0,0.012473689,0.53354514,0.58218664,0.038530122,1.0,0.012185195,lookahead,beam_orig0_bm2-s0to100br0
/work/T-REX/external/Proteina-Complexa/inference/search_binder_local_pipeline_32_PDL1_ALPHA_REPACK_v7_r001_warmstart_v7r001_00_complexa_beam_a42e8fc6f9a25/job_0_n_229_id_8_beam_orig1_bm2-s0to100br0/job_0_n_229_id_8_beam_orig1_bm2-s0to100br0.pdb,33,"2,0,13,16,19,16,19,14,11,3,10,18,19,19,6,18,7,15,2,12,16,9,6,4,11,13,14,19,6,11,5,10,3,10,0,0,10,9,19,18,17,6,12,6,3,11,2,9,9,5,13,19,8,7,6,6,3,10,11,19,5,8,15,15,18,1,5,1,0,1,10,10,11,3,5,10,15,10,7,2,0,0,10,5,9,16,3,19,11,10,5,3,0,7,19,18,1,4,12,9,15,18,7,7,0,3,18,11,1,9,16,19,11,19,2,0,13,16,19,16,19,14,11,3,10,18,19,19,6,18,7,15,2,12,16,9,6,4,11,13,14,19,6,11,5,10,3,10,0,0,10,9,19,18,17,6,12,6,3,11,2,9,9,5,13,19,8,7,6,6,3,10,11,19,5,8,15,15,18,1,5,1,0,1,10,10,11,3,5,10,15,10,7,2,0,0,10,5,9,16,3,19,11,10,5,3,0,7,19,18,1,4,12,9,15,18,7,7,0,3,18,11,1,9,16,19,11,19,2,0,0,0",-0.52293205,0.29333273,3.0,0.042583644,68.162094,0.044304706,1.0,0.044304706,0.3093598,0.0125292195,0.0,0.0,0.042583644,0.0017041079,0.8612012,0.3093598,2.9817843,1.2783847,68.162094,-0.52293205,3.8600771,212.48524,0.012509186,0.040862586,1.0,212.48524,0.25750196,0.13879879,2.9817843,0.0017041079,0.012549253,0.29333273,0.0,1.2783847,3.8600771,0.012509186,0.52293205,0.0,0.012549253,0.52293205,0.5860789,0.040862586,1.0,0.0125292195,lookahead,beam_orig1_bm2-s0to100br0
/work/T-REX/external/Proteina-Complexa/inference/search_binder_local_pipeline_32_PDL1_ALPHA_REPACK_v7_r001_warmstart_v7r001_00_complexa_beam_a42e8fc6f9a25/job_0_n_167_id_8_beam_orig2_bm2-s0to100br0/job_0_n_167_id_8_beam_orig2_bm2-s0to100br0.pdb,34,"2,0,13,16,19,16,19,14,11,3,10,18,19,19,6,18,7,15,2,12,16,9,6,4,11,13,14,19,6,11,5,10,3,10,0,0,10,9,19,18,17,6,12,6,3,11,2,9,9,5,13,19,8,7,6,6,3,10,11,19,5,8,15,15,18,1,5,1,0,1,10,10,11,3,5,10,15,10,7,2,0,0,10,5,9,16,3,19,11,10,5,3,0,7,19,18,1,4,12,9,15,18,7,7,0,3,18,11,1,9,16,19,11,19,2,0,15,10,0,3,10,0,1,3,19,13,10,0,2,5,11,11,3,0,3,0,10,9,1,0,12,1,0,10,3,11,10,2,10,14,2,11,6,9,5,0,6,10,6,11,5,1,10,0,0,0,0,0,0,0,0,0,0,0,0,0,0,0,0,0,0,0,0,0,0,0,0,0,0,0,0,0,0,0,0,0,0,0,0,0,0,0,0,0,0,0,0,0,0,0,0,0,0,0,0,0,0,0,0,0,0,0,0,0,0,0,0,0,0,0,0,0",-0.21783674,0.09025695,3.0,0.30903754,50.878803,0.4149878,1.0,0.4149878,0.17548643,0.30797896,0.0,0.0,0.30903754,0.0025853491,0.8543598,0.17548643,3.4093819,1.6145178,50.878803,-0.21783674,2.641516,187.29562,0.20097011,0.20308727,1.0,187.29562,0.64693147,0.14564018,3.4093819,0.0025853491,0.4149878,0.09025695,0.0,1.6145178,2.641516,0.20097011,0.21783674,0.0,0.4149878,0.21783674,0.8236501,0.20308727,1.0,0.30797896,lookahead,beam_orig2_bm2-s0to100br0
/work/T-REX/external/Proteina-Complexa/inference/search_binder_local_pipeline_32_PDL1_ALPHA_REPACK_v7_r001_warmstart_v7r001_00_complexa_beam_a42e8fc6f9a25/job_0_n_175_id_8_beam_orig3_bm2-s0to100br0/job_0_n_175_id_8_beam_orig3_bm2-s0to100br0.pdb,35,"2,0,13,16,19,16,19,14,11,3,10,18,19,19,6,18,7,15,2,12,16,9,6,4,11,13,14,19,6,11,5,10,3,10,0,0,10,9,19,18,17,6,12,6,3,11,2,9,9,5,13,19,8,7,6,6,3,10,11,19,5,8,15,15,18,1,5,1,0,1,10,10,11,3,5,10,15,10,7,2,0,0,10,5,9,16,3,19,11,10,5,3,0,7,19,18,1,4,12,9,15,18,7,7,0,3,18,11,1,9,16,19,11,19,2,0,7,3,9,13,13,10,7,1,19,15,7,11,3,0,19,10,1,7,1,3,2,7,1,14,13,19,19,1,5,1,15,3,7,11,13,16,10,19,2,19,15,16,7,7,8,19,7,16,13,3,15,10,18,6,19,3,11,0,18,0,0,0,0,0,0,0,0,0,0,0,0,0,0,0,0,0,0,0,0,0,0,0,0,0,0,0,0,0,0,0,0,0,0,0,0,0,0,0,0,0,0,0,0,0,0,0,0,0,0,0,0,0,0,0,0,0",-0.3812113,0.20301013,3.0,0.104491234,101.898705,0.13085942,1.0,0.13085942,0.2887873,0.047670823,0.0,0.0,0.104491234,0.004712396,0.7823405,0.2887873,7.7473164,1.7493558,101.898705,-0.3812113,3.1841648,231.28,0.04343384,0.078123055,1.0,231.28,0.42083365,0.21765949,7.7473164,0.004712396,0.051907804,0.20301013,0.0,1.7493558,3.1841648,0.04343384,0.3812113,0.0,0.051907804,0.3812113,0.7417448,0.078123055,1.0,0.047670823,lookahead,beam_orig3_bm2-s0to100br0
/work/T-REX/external/Proteina-Complexa/inference/search_binder_local_pipeline_32_PDL1_ALPHA_REPACK_v7_r001_warmstart_v7r001_00_complexa_beam_a42e8fc6f9a25/job_0_n_232_id_9_beam_orig0_bm2-s0to100br1/job_0_n_232_id_9_beam_orig0_bm2-s0to100br1.pdb,36,"2,0,13,16,19,16,19,14,11,3,10,18,19,19,6,18,7,15,2,12,16,9,6,4,11,13,14,19,6,11,5,10,3,10,0,0,10,9,19,18,17,6,12,6,3,11,2,9,9,5,13,19,8,7,6,6,3,10,11,19,5,8,15,15,18,1,5,1,0,1,10,10,11,3,5,10,15,10,7,2,0,0,10,5,9,16,3,19,11,10,5,3,0,7,19,18,1,4,12,9,15,18,7,7,0,3,18,11,1,9,16,19,11,19,2,0,2,0,13,16,19,16,19,14,11,3,10,18,19,19,6,18,7,15,2,12,16,9,6,4,11,13,14,19,6,11,5,10,3,10,0,0,10,9,19,18,17,6,12,6,3,11,2,9,9,5,13,19,8,7,6,6,3,10,11,19,5,8,15,15,18,1,5,1,0,1,10,10,11,3,5,10,15,10,7,2,0,0,10,5,9,16,3,19,11,10,5,3,0,7,19,18,1,4,12,9,15,18,7,7,0,3,18,11,1,9,16,19,11,19,2,0",-0.5245246,0.2948801,3.0,0.04777947,56.04285,0.051601134,1.0,0.051601134,0.3099805,0.012374755,0.0,0.0,0.04777947,0.0024238157,0.86036885,0.3099805,3.0364263,1.2802835,56.04285,-0.5245246,3.8787215,199.33575,0.012029122,0.043957807,1.0,199.33575,0.2634959,0.13963115,3.0364263,0.0024238157,0.012720388,0.2948801,0.0,1.2802835,3.8787215,0.012029122,0.5245246,0.0,0.012720388,0.5245246,0.5860798,0.043957807,1.0,0.012374755,lookahead,beam_orig0_bm2-s0to100br1
/work/T-REX/external/Proteina-Complexa/inference/search_binder_local_pipeline_32_PDL1_ALPHA_REPACK_v7_r001_warmstart_v7r001_00_complexa_beam_a42e8fc6f9a25/job_0_n_229_id_9_beam_orig1_bm2-s0to100br1/job_0_n_229_id_9_beam_orig1_bm2-s0to100br1.pdb,37,"2,0,13,16,19,16,19,14,11,3,10,18,19,19,6,18,7,15,2,12,16,9,6,4,11,13,14,19,6,11,5,10,3,10,0,0,10,9,19,18,17,6,12,6,3,11,2,9,9,5,13,19,8,7,6,6,3,10,11,19,5,8,15,15,18,1,5,1,0,1,10,10,11,3,5,10,15,10,7,2,0,0,10,5,9,16,3,19,11,10,5,3,0,7,19,18,1,4,12,9,15,18,7,7,0,3,18,11,1,9,16,19,11,19,2,0,0,13,16,19,16,19,14,11,3,10,18,19,19,6,18,7,15,2,12,16,9,6,4,11,13,14,19,6,11,5,10,3,10,0,0,10,9,19,18,17,6,12,6,3,11,2,9,9,5,13,19,8,7,6,6,3,10,11,19,5,8,15,15,18,1,5,1,0,1,10,10,11,3,5,10,15,10,7,2,0,0,10,5,9,16,3,19,11,10,5,3,0,7,19,18,1,4,12,9,15,18,7,7,0,3,18,11,1,9,16,19,11,19,0,0,0",-0.51715267,0.28865653,3.0,0.048908256,48.333874,0.051004354,1.0,0.051004354,0.3064683,0.012885161,0.0,0.0,0.048908256,0.0017799656,0.86106825,0.3064683,2.482338,1.2701799,48.333874,-0.51715267,3.8298917,200.34953,0.012443425,0.046812158,1.0,200.34953,0.26749563,0.13893175,2.482338,0.0017799656,0.013326896,0.28865653,0.0,1.2701799,3.8298917,0.012443425,0.51715267,0.0,0.013326896,0.51715267,0.59128743,0.046812158,1.0,0.012885161,lookahead,beam_orig1_bm2-s0to100br1
/work/T-REX/external/Proteina-Complexa/inference/search_binder_local_pipeline_32_PDL1_ALPHA_REPACK_v7_r001_warmstart_v7r001_00_complexa_beam_a42e8fc6f9a25/job_0_n_167_id_9_beam_orig2_bm2-s0to100br1/job_0_n_167_id_9_beam_orig2_bm2-s0to100br1.pdb,38,"2,0,13,16,19,16,19,14,11,3,10,18,19,19,6,18,7,15,2,12,16,9,6,4,11,13,14,19,6,11,5,10,3,10,0,0,10,9,19,18,17,6,12,6,3,11,2,9,9,5,13,19,8,7,6,6,3,10,11,19,5,8,15,15,18,1,5,1,0,1,10,10,11,3,5,10,15,10,7,2,0,0,10,5,9,16,3,19,11,10,5,3,0,7,19,18,1,4,12,9,15,18,7,7,0,3,18,11,1,9,16,19,11,19,2,0,15,6,10,6,11,10,0,6,6,11,9,5,6,10,11,16,11,10,6,6,16,16,3,6,0,6,11,6,11,9,5,11,6,9,2,6,9,13,6,18,10,1,9,11,2,18,6,6,0,19,11,0,0,0,0,0,0,0,0,0,0,0,0,0,0,0,0,0,0,0,0,0,0,0,0,0,0,0,0,0,0,0,0,0,0,0,0,0,0,0,0,0,0,0,0,0,0,0,0,0,0,0,0,0,0,0,0,0,0,0,0,0,0,0,0,0",-0.38077682,0.19779925,3.0,0.10033888,54.419918,0.14843138,1.0,0.14843138,0.28699455,0.053616967,0.0,0.0,0.10033888,0.0030138728,0.82846105,0.28699455,3.1697576,1.8599579,54.419918,-0.38077682,3.1057208,168.03792,0.018339975,0.052246388,1.0,168.03792,0.4126123,0.17153893,3.1697576,0.0030138728,0.08889396,0.19779925,0.0,1.8599579,3.1057208,0.018339975,0.38077682,0.0,0.08889396,0.38077682,0.7355156,0.052246388,1.0,0.053616967,lookahead,beam_orig2_bm2-s0to100br1
/work/T-REX/external/Proteina-Complexa/inference/search_binder_local_pipeline_32_PDL1_ALPHA_REPACK_v7_r001_warmstart_v7r001_00_complexa_beam_a42e8fc6f9a25/job_0_n_175_id_9_beam_orig3_bm2-s0to100br1/job_0_n_175_id_9_beam_orig3_bm2-s0to100br1.pdb,39,"2,0,13,16,19,16,19,14,11,3,10,18,19,19,6,18,7,15,2,12,16,9,6,4,11,13,14,19,6,11,5,10,3,10,0,0,10,9,19,18,17,6,12,6,3,11,2,9,9,5,13,19,8,7,6,6,3,10,11,19,5,8,15,15,18,1,5,1,0,1,10,10,11,3,5,10,15,10,7,2,0,0,10,5,9,16,3,19,11,10,5,3,0,7,19,18,1,4,12,9,15,18,7,7,0,3,18,11,1,9,16,19,11,19,2,0,12,3,19,14,16,10,19,11,10,10,6,15,14,3,5,2,19,1,2,5,0,0,0,7,10,18,0,10,7,6,6,0,19,6,14,10,11,11,0,10,11,8,6,3,6,3,19,1,15,10,0,1,13,18,10,1,0,10,7,0,0,0,0,0,0,0,0,0,0,0,0,0,0,0,0,0,0,0,0,0,0,0,0,0,0,0,0,0,0,0,0,0,0,0,0,0,0,0,0,0,0,0,0,0,0,0,0,0,0,0,0,0,0,0,0,0",-0.26342812,0.10409461,3.0,0.2827943,97.882484,0.36080137,1.0,0.36080137,0.21579455,0.2827943,0.0,0.0,0.2827943,0.0027831874,0.78510386,0.21579455,4.9693637,1.9527882,97.882484,-0.26342812,2.7942324,234.53061,0.20478724,0.20478724,1.0,234.53061,0.6351119,0.21489616,4.9693637,0.0027831874,0.36080137,0.10409461,0.0,1.9527882,2.7942324,0.20478724,0.26342812,0.0,0.36080137,0.26342812,0.80381775,0.20478724,1.0,0.2827943,lookahead,beam_orig3_bm2-s0to100br1
/work/T-REX/external/Proteina-Complexa/inference/search_binder_local_pipeline_32_PDL1_ALPHA_REPACK_v7_r001_warmstart_v7r001_00_complexa_beam_a42e8fc6f9a25/job_0_n_232_id_10_beam_orig0_bm2-s0to100br2/job_0_n_232_id_10_beam_orig0_bm2-s0to100br2.pdb,40,"2,0,13,16,19,16,19,14,11,3,10,18,19,19,6,18,7,15,2,12,16,9,6,4,11,13,14,19,6,11,5,10,3,10,0,0,10,9,19,18,17,6,12,6,3,11,2,9,9,5,13,19,8,7,6,6,3,10,11,19,5,8,15,15,18,1,5,1,0,1,10,10,11,3,5,10,15,10,7,2,0,0,10,5,9,16,3,19,11,10,5,3,0,7,19,18,1,4,12,9,15,18,7,7,0,3,18,11,1,9,16,19,11,19,2,0,2,0,13,16,19,16,19,14,11,3,10,18,19,19,6,18,7,15,2,12,16,9,6,4,11,13,14,19,6,11,5,10,3,10,0,0,10,9,19,18,17,6,12,6,3,11,2,9,9,5,13,19,8,7,6,6,3,10,11,19,5,8,15,15,18,1,5,1,0,1,10,10,11,3,5,10,15,10,7,2,0,0,10,5,9,16,3,19,11,10,5,3,0,7,19,18,1,4,12,9,15,18,7,7,0,3,18,11,1,9,16,19,11,19,2,0",-0.5338501,0.30122223,3.0,0.041760445,56.703766,0.04519364,1.0,0.04519364,0.31461042,0.012130886,0.0,0.0,0.041760445,0.0024247256,0.8606025,0.31461042,3.017272,1.2782817,56.703766,-0.5338501,3.9008362,199.33398,0.011975747,0.038327254,1.0,199.33398,0.25537485,0.13939749,3.017272,0.0024247256,0.012286025,0.30122223,0.0,1.2782817,3.9008362,0.011975747,0.5338501,0.0,0.012286025,0.5338501,0.5819535,0.038327254,1.0,0.012130886,lookahead,beam_orig0_bm2-s0to100br2
/work/T-REX/external/Proteina-Complexa/inference/search_binder_local_pipeline_32_PDL1_ALPHA_REPACK_v7_r001_warmstart_v7r001_00_complexa_beam_a42e8fc6f9a25/job_0_n_229_id_10_beam_orig1_bm2-s0to100br2/job_0_n_229_id_10_beam_orig1_bm2-s0to100br2.pdb,41,"2,0,13,16,19,16,19,14,11,3,10,18,19,19,6,18,7,15,2,12,16,9,6,4,11,13,14,19,6,11,5,10,3,10,0,0,10,9,19,18,17,6,12,6,3,11,2,9,9,5,13,19,8,7,6,6,3,10,11,19,5,8,15,15,18,1,5,1,0,1,10,10,11,3,5,10,15,10,7,2,0,0,10,5,9,16,3,19,11,10,5,3,0,7,19,18,1,4,12,9,15,18,7,7,0,3,18,11,1,9,16,19,11,19,2,0,13,16,19,16,19,14,11,3,10,18,19,19,6,18,7,15,2,12,16,9,6,4,11,13,14,19,6,11,5,10,3,10,0,0,10,9,19,18,17,6,12,6,3,11,2,9,9,5,13,19,8,7,6,6,3,10,11,19,5,8,15,15,18,1,5,1,0,1,10,10,11,3,5,10,15,10,7,2,0,0,10,5,9,16,3,19,11,10,5,3,0,7,19,18,1,4,12,9,15,18,7,7,0,3,18,11,1,9,16,19,11,19,2,0,0,0",-0.5249714,0.296092,3.0,0.04402411,53.047356,0.04601966,1.0,0.04601966,0.3102766,0.012420466,0.0,0.0,0.04402411,0.001773879,0.8623391,0.3102766,2.58562,1.2781643,53.047356,-0.5249714,3.866246,199.92862,0.012032389,0.042028558,1.0,199.92862,0.25875533,0.13766094,2.58562,0.001773879,0.012808544,0.296092,0.0,1.2781643,3.866246,0.012032389,0.5249714,0.0,0.012808544,0.5249714,0.58649504,0.042028558,1.0,0.012420466,lookahead,beam_orig1_bm2-s0to100br2
/work/T-REX/external/Proteina-Complexa/inference/search_binder_local_pipeline_32_PDL1_ALPHA_REPACK_v7_r001_warmstart_v7r001_00_complexa_beam_a42e8fc6f9a25/job_0_n_167_id_10_beam_orig2_bm2-s0to100br2/job_0_n_167_id_10_beam_orig2_bm2-s0to100br2.pdb,42,"2,0,13,16,19,16,19,14,11,3,10,18,19,19,6,18,7,15,2,12,16,9,6,4,11,13,14,19,6,11,5,10,3,10,0,0,10,9,19,18,17,6,12,6,3,11,2,9,9,5,13,19,8,7,6,6,3,10,11,19,5,8,15,15,18,1,5,1,0,1,10,10,11,3,5,10,15,10,7,2,0,0,10,5,9,16,3,19,11,10,5,3,0,7,19,18,1,4,12,9,15,18,7,7,0,3,18,11,1,9,16,19,11,19,2,0,15,0,10,0,18,18,2,1,7,13,0,18,10,12,10,2,2,10,3,10,0,0,6,3,18,1,11,0,10,6,9,11,14,3,13,0,2,0,1,16,5,10,6,11,19,6,0,6,10,0,6,0,0,0,0,0,0,0,0,0,0,0,0,0,0,0,0,0,0,0,0,0,0,0,0,0,0,0,0,0,0,0,0,0,0,0,0,0,0,0,0,0,0,0,0,0,0,0,0,0,0,0,0,0,0,0,0,0,0,0,0,0,0,0,0,0",-0.4544265,0.26648864,3.0,0.04960667,118.069016,0.056550965,1.0,0.056550965,0.3356576,0.015309952,0.0,0.0,0.04960667,0.0019466165,0.81287587,0.3356576,21.774652,1.3396552,118.069016,-0.4544265,3.4055135,233.59314,0.013469543,0.042662375,1.0,233.59314,0.31550387,0.18712415,21.774652,0.0019466165,0.017150361,0.26648864,0.0,1.3396552,3.4055135,0.013469543,0.4544265,0.0,0.017150361,0.4544265,0.7156406,0.042662375,1.0,0.015309952,lookahead,beam_orig2_bm2-s0to100br2
/work/T-REX/external/Proteina-Complexa/inference/search_binder_local_pipeline_32_PDL1_ALPHA_REPACK_v7_r001_warmstart_v7r001_00_complexa_beam_a42e8fc6f9a25/job_0_n_175_id_10_beam_orig3_bm2-s0to100br2/job_0_n_175_id_10_beam_orig3_bm2-s0to100br2.pdb,43,"2,0,13,16,19,16,19,14,11,3,10,18,19,19,6,18,7,15,2,12,16,9,6,4,11,13,14,19,6,11,5,10,3,10,0,0,10,9,19,18,17,6,12,6,3,11,2,9,9,5,13,19,8,7,6,6,3,10,11,19,5,8,15,15,18,1,5,1,0,1,10,10,11,3,5,10,15,10,7,2,0,0,10,5,9,16,3,19,11,10,5,3,0,7,19,18,1,4,12,9,15,18,7,7,0,3,18,11,1,9,16,19,11,19,2,0,12,11,6,2,19,19,5,6,18,1,3,0,10,7,0,15,11,15,6,3,6,15,10,1,11,6,0,5,1,18,10,6,0,10,15,11,0,6,15,0,11,3,10,10,19,11,0,3,11,10,11,11,0,10,5,11,10,6,15,0,0,0,0,0,0,0,0,0,0,0,0,0,0,0,0,0,0,0,0,0,0,0,0,0,0,0,0,0,0,0,0,0,0,0,0,0,0,0,0,0,0,0,0,0,0,0,0,0,0,0,0,0,0,0,0,0",-0.5781012,0.35286707,3.0,0.013500059,70.669136,0.015767995,1.0,0.015767995,0.42456564,0.0065951804,0.0,0.0,0.013500059,0.009971715,0.72709394,0.42456564,4.8613024,2.0569136,70.669136,-0.5781012,3.95581,209.98843,0.0,0.011232123,1.0,209.98843,0.23280653,0.27290606,4.8613024,0.009971715,0.013190361,0.35286707,0.0,2.0569136,3.95581,0.0,0.5781012,0.0,0.013190361,0.5781012,0.66663677,0.011232123,1.0,0.0065951804,lookahead,beam_orig3_bm2-s0to100br2
/work/T-REX/external/Proteina-Complexa/inference/search_binder_local_pipeline_32_PDL1_ALPHA_REPACK_v7_r001_warmstart_v7r001_00_complexa_beam_a42e8fc6f9a25/job_0_n_232_id_11_beam_orig0_bm2-s0to100br3/job_0_n_232_id_11_beam_orig0_bm2-s0to100br3.pdb,44,"2,0,13,16,19,16,19,14,11,3,10,18,19,19,6,18,7,15,2,12,16,9,6,4,11,13,14,19,6,11,5,10,3,10,0,0,10,9,19,18,17,6,12,6,3,11,2,9,9,5,13,19,8,7,6,6,3,10,11,19,5,8,15,15,18,1,5,1,0,1,10,10,11,3,5,10,15,10,7,2,0,0,10,5,9,16,3,19,11,10,5,3,0,7,19,18,1,4,12,9,15,18,7,7,0,3,18,11,1,9,16,19,11,19,2,0,2,0,13,16,19,16,19,14,11,3,10,18,19,19,6,18,7,15,2,12,16,9,6,4,11,13,14,19,6,11,5,10,3,10,0,0,10,9,19,18,17,6,12,6,3,11,2,9,9,5,13,19,8,7,6,6,3,10,11,19,5,8,15,15,18,1,5,1,0,1,10,10,11,3,5,10,15,10,7,2,0,0,10,5,9,16,3,19,11,10,5,3,0,7,19,18,1,4,12,9,15,18,7,7,0,3,18,11,1,9,16,19,11,19,2,0",-0.5324597,0.29985064,3.0,0.042521417,60.378113,0.046389442,1.0,0.046389442,0.31413114,0.012150417,0.0,0.0,0.042521417,0.0024473502,0.8601192,0.31413114,3.1409647,1.2818929,60.378113,-0.5324597,3.8977652,202.75706,0.011853645,0.038653396,1.0,202.75706,0.2570203,0.13988078,3.1409647,0.0024473502,0.01244719,0.29985064,0.0,1.2818929,3.8977652,0.011853645,0.5324597,0.0,0.01244719,0.5324597,0.5824391,0.038653396,1.0,0.012150417,lookahead,beam_orig0_bm2-s0to100br3
/work/T-REX/external/Proteina-Complexa/inference/search_binder_local_pipeline_32_PDL1_ALPHA_REPACK_v7_r001_warmstart_v7r001_00_complexa_beam_a42e8fc6f9a25/job_0_n_229_id_11_beam_orig1_bm2-s0to100br3/job_0_n_229_id_11_beam_orig1_bm2-s0to100br3.pdb,45,"2,0,13,16,19,16,19,14,11,3,10,18,19,19,6,18,7,15,2,12,16,9,6,4,11,13,14,19,6,11,5,10,3,10,0,0,10,9,19,18,17,6,12,6,3,11,2,9,9,5,13,19,8,7,6,6,3,10,11,19,5,8,15,15,18,1,5,1,0,1,10,10,11,3,5,10,15,10,7,2,0,0,10,5,9,16,3,19,11,10,5,3,0,7,19,18,1,4,12,9,15,18,7,7,0,3,18,11,1,9,16,19,11,19,2,0,0,13,16,19,16,19,14,11,3,10,18,19,19,6,18,7,15,2,12,16,9,6,4,11,13,14,19,6,11,5,10,3,10,0,0,10,9,19,18,17,6,12,6,3,11,2,9,9,5,13,19,8,7,6,6,3,10,11,19,5,8,15,15,18,1,5,1,0,1,10,10,11,3,5,10,15,10,7,2,0,0,10,5,9,16,3,19,11,10,5,3,0,7,19,18,1,4,12,9,15,18,7,7,0,3,18,11,1,9,16,19,11,19,0,0,0",-0.5093605,0.28191456,3.0,0.05300082,50.022236,0.056446023,1.0,0.056446023,0.30234006,0.013237745,0.0,0.0,0.05300082,0.0017889811,0.861449,0.30234006,2.31982,1.2644866,50.022236,-0.5093605,3.8031788,200.1654,0.012996831,0.049555615,1.0,200.1654,0.2722301,0.138551,2.31982,0.0017889811,0.013478657,0.28191456,0.0,1.2644866,3.8031788,0.012996831,0.5093605,0.0,0.013478657,0.5093605,0.59362453,0.049555615,1.0,0.013237745,lookahead,beam_orig1_bm2-s0to100br3
/work/T-REX/external/Proteina-Complexa/inference/search_binder_local_pipeline_32_PDL1_ALPHA_REPACK_v7_r001_warmstart_v7r001_00_complexa_beam_a42e8fc6f9a25/job_0_n_167_id_11_beam_orig2_bm2-s0to100br3/job_0_n_167_id_11_beam_orig2_bm2-s0to100br3.pdb,46,"2,0,13,16,19,16,19,14,11,3,10,18,19,19,6,18,7,15,2,12,16,9,6,4,11,13,14,19,6,11,5,10,3,10,0,0,10,9,19,18,17,6,12,6,3,11,2,9,9,5,13,19,8,7,6,6,3,10,11,19,5,8,15,15,18,1,5,1,0,1,10,10,11,3,5,10,15,10,7,2,0,0,10,5,9,16,3,19,11,10,5,3,0,7,19,18,1,4,12,9,15,18,7,7,0,3,18,11,1,9,16,19,11,19,2,0,15,5,13,6,11,3,11,5,6,10,10,2,18,14,3,10,3,11,19,19,15,14,11,13,0,2,3,9,1,2,2,1,9,1,15,6,5,6,9,11,13,0,10,0,0,9,11,1,8,2,6,0,0,0,0,0,0,0,0,0,0,0,0,0,0,0,0,0,0,0,0,0,0,0,0,0,0,0,0,0,0,0,0,0,0,0,0,0,0,0,0,0,0,0,0,0,0,0,0,0,0,0,0,0,0,0,0,0,0,0,0,0,0,0,0,0",-0.21059352,0.08791985,3.0,0.3215497,37.99294,0.37219214,1.0,0.37219214,0.17569943,0.3215497,0.0,0.0,0.3215497,0.004327664,0.84616,0.17569943,1.1320206,1.9615352,37.99294,-0.21059352,2.372122,181.34831,0.2709073,0.2709073,1.0,181.34831,0.72485685,0.15384002,1.1320206,0.004327664,0.37219214,0.08791985,0.0,1.9615352,2.372122,0.2709073,0.21059352,0.0,0.37219214,0.21059352,0.8438197,0.2709073,1.0,0.3215497,lookahead,beam_orig2_bm2-s0to100br3
/work/T-REX/external/Proteina-Complexa/inference/search_binder_local_pipeline_32_PDL1_ALPHA_REPACK_v7_r001_warmstart_v7r001_00_complexa_beam_a42e8fc6f9a25/job_0_n_175_id_11_beam_orig3_bm2-s0to100br3/job_0_n_175_id_11_beam_orig3_bm2-s0to100br3.pdb,47,"2,0,13,16,19,16,19,14,11,3,10,18,19,19,6,18,7,15,2,12,16,9,6,4,11,13,14,19,6,11,5,10,3,10,0,0,10,9,19,18,17,6,12,6,3,11,2,9,9,5,13,19,8,7,6,6,3,10,11,19,5,8,15,15,18,1,5,1,0,1,10,10,11,3,5,10,15,10,7,2,0,0,10,5,9,16,3,19,11,10,5,3,0,7,19,18,1,4,12,9,15,18,7,7,0,3,18,11,1,9,16,19,11,19,2,0,2,3,3,3,10,13,0,0,9,11,0,0,3,18,3,6,0,6,11,10,19,1,0,0,15,13,15,19,11,3,11,5,3,10,10,16,0,9,3,0,11,3,0,6,11,0,11,1,10,10,13,11,0,9,9,1,19,11,15,0,0,0,0,0,0,0,0,0,0,0,0,0,0,0,0,0,0,0,0,0,0,0,0,0,0,0,0,0,0,0,0,0,0,0,0,0,0,0,0,0,0,0,0,0,0,0,0,0,0,0,0,0,0,0,0,0",-0.27322564,0.13352543,3.0,0.19563591,41.135063,0.2314013,1.0,0.2314013,0.20833838,0.19312757,0.0,0.0,0.19563591,0.0012867178,0.8649452,0.20833838,2.227149,1.6443192,41.135063,-0.27322564,2.7630718,173.95964,0.15987054,0.15987054,1.0,173.95964,0.5629082,0.13505481,2.227149,0.0012867178,0.22638461,0.13352543,0.0,1.6443192,2.7630718,0.15987054,0.27322564,0.0,0.22638461,0.27322564,0.7828811,0.15987054,1.0,0.19312757,lookahead,beam_orig3_bm2-s0to100br3
/work/T-REX/external/Proteina-Complexa/inference/search_binder_local_pipeline_32_PDL1_ALPHA_REPACK_v7_r001_warmstart_v7r001_00_complexa_beam_a42e8fc6f9a25/job_0_n_232_id_12_beam_orig0_bm3-s0to100br0/job_0_n_232_id_12_beam_orig0_bm3-s0to100br0.pdb,48,"2,0,13,16,19,16,19,14,11,3,10,18,19,19,6,18,7,15,2,12,16,9,6,4,11,13,14,19,6,11,5,10,3,10,0,0,10,9,19,18,17,6,12,6,3,11,2,9,9,5,13,19,8,7,6,6,3,10,11,19,5,8,15,15,18,1,5,1,0,1,10,10,11,3,5,10,15,10,7,2,0,0,10,5,9,16,3,19,11,10,5,3,0,7,19,18,1,4,12,9,15,18,7,7,0,3,18,11,1,9,16,19,11,19,2,0,2,0,13,16,19,16,19,14,11,3,10,18,19,19,6,18,7,15,2,12,16,9,6,4,11,13,14,19,6,11,5,10,3,10,0,0,10,9,19,18,17,6,12,6,3,11,2,9,9,5,13,19,8,7,6,6,3,10,11,19,5,8,15,15,18,1,5,1,0,1,10,10,11,3,5,10,15,10,7,2,0,0,10,5,9,16,3,19,11,10,5,3,0,7,19,18,1,4,12,9,15,18,7,7,0,3,18,11,1,9,16,19,11,19,2,0",-0.50256526,0.27554992,3.0,0.059448805,57.836315,0.06326077,1.0,0.06326077,0.2988016,0.013838274,0.0,0.0,0.059448805,0.0024081473,0.86098266,0.2988016,2.6745753,1.2714347,57.836315,-0.50256526,3.8172333,198.0718,0.013543837,0.055636838,1.0,198.0718,0.27888915,0.13901731,2.6745753,0.0024081473,0.014132712,0.27554992,0.0,1.2714347,3.8172333,0.013543837,0.50256526,0.0,0.014132712,0.50256526,0.5940628,0.055636838,1.0,0.013838274,lookahead,beam_orig0_bm3-s0to100br0
/work/T-REX/external/Proteina-Complexa/inference/search_binder_local_pipeline_32_PDL1_ALPHA_REPACK_v7_r001_warmstart_v7r001_00_complexa_beam_a42e8fc6f9a25/job_0_n_229_id_12_beam_orig1_bm3-s0to100br0/job_0_n_229_id_12_beam_orig1_bm3-s0to100br0.pdb,49,"2,0,13,16,19,16,19,14,11,3,10,18,19,19,6,18,7,15,2,12,16,9,6,4,11,13,14,19,6,11,5,10,3,10,0,0,10,9,19,18,17,6,12,6,3,11,2,9,9,5,13,19,8,7,6,6,3,10,11,19,5,8,15,15,18,1,5,1,0,1,10,10,11,3,5,10,15,10,7,2,0,0,10,5,9,16,3,19,11,10,5,3,0,7,19,18,1,4,12,9,15,18,7,7,0,3,18,11,1,9,16,19,11,19,2,0,16,19,16,19,14,11,3,10,18,19,19,6,18,7,15,2,12,16,9,6,4,11,13,14,19,6,11,5,10,3,10,0,0,10,9,19,18,17,6,12,6,3,11,2,9,9,5,13,19,8,7,6,6,3,10,11,19,5,8,15,15,18,1,5,1,0,1,10,10,11,3,5,10,15,10,7,2,0,0,10,5,9,16,3,19,11,10,5,3,0,7,19,18,1,4,12,9,15,18,7,7,0,3,18,11,1,9,16,19,11,19,2,0,0,0,0",-0.52830124,0.30337262,3.0,0.04395572,65.06069,0.047053635,1.0,0.047053635,0.31293374,0.012119044,0.0,0.0,0.04395572,0.0018148628,0.862889,0.31293374,5.47547,1.2931429,65.06069,-0.52830124,3.8937697,196.85443,0.0119686,0.040857807,1.0,196.85443,0.2591714,0.13711101,5.47547,0.0018148628,0.012269488,0.30337262,0.0,1.2931429,3.8937697,0.0119686,0.52830124,0.0,0.012269488,0.52830124,0.5868478,0.040857807,1.0,0.012119044,lookahead,beam_orig1_bm3-s0to100br0
/work/T-REX/external/Proteina-Complexa/inference/search_binder_local_pipeline_32_PDL1_ALPHA_REPACK_v7_r001_warmstart_v7r001_00_complexa_beam_a42e8fc6f9a25/job_0_n_167_id_12_beam_orig2_bm3-s0to100br0/job_0_n_167_id_12_beam_orig2_bm3-s0to100br0.pdb,50,"2,0,13,16,19,16,19,14,11,3,10,18,19,19,6,18,7,15,2,12,16,9,6,4,11,13,14,19,6,11,5,10,3,10,0,0,10,9,19,18,17,6,12,6,3,11,2,9,9,5,13,19,8,7,6,6,3,10,11,19,5,8,15,15,18,1,5,1,0,1,10,10,11,3,5,10,15,10,7,2,0,0,10,5,9,16,3,19,11,10,5,3,0,7,19,18,1,4,12,9,15,18,7,7,0,3,18,11,1,9,16,19,11,19,2,0,19,15,15,10,6,11,0,13,16,1,0,5,6,10,18,11,5,7,11,15,6,15,3,9,1,6,19,10,11,11,6,13,5,10,15,6,3,6,9,2,11,9,9,3,13,10,11,19,16,15,11,0,0,0,0,0,0,0,0,0,0,0,0,0,0,0,0,0,0,0,0,0,0,0,0,0,0,0,0,0,0,0,0,0,0,0,0,0,0,0,0,0,0,0,0,0,0,0,0,0,0,0,0,0,0,0,0,0,0,0,0,0,0,0,0,0",-0.51093054,0.29075974,3.0,0.025757603,110.75144,0.031580277,1.0,0.031580277,0.38912004,0.01295986,0.0,0.0,0.025757603,0.0038574457,0.7169687,0.38912004,12.35954,1.853519,110.75144,-0.51093054,3.5442595,224.51057,0.012237956,0.019934928,1.0,224.51057,0.25224358,0.28303128,12.35954,0.0038574457,0.013681766,0.29075974,0.0,1.853519,3.5442595,0.012237956,0.51093054,0.0,0.013681766,0.51093054,0.69264984,0.019934928,1.0,0.01295986,lookahead,beam_orig2_bm3-s0to100br0
/work/T-REX/external/Proteina-Complexa/inference/search_binder_local_pipeline_32_PDL1_ALPHA_REPACK_v7_r001_warmstart_v7r001_00_complexa_beam_a42e8fc6f9a25/job_0_n_175_id_12_beam_orig3_bm3-s0to100br0/job_0_n_175_id_12_beam_orig3_bm3-s0to100br0.pdb,51,"2,0,13,16,19,16,19,14,11,3,10,18,19,19,6,18,7,15,2,12,16,9,6,4,11,13,14,19,6,11,5,10,3,10,0,0,10,9,19,18,17,6,12,6,3,11,2,9,9,5,13,19,8,7,6,6,3,10,11,19,5,8,15,15,18,1,5,1,0,1,10,10,11,3,5,10,15,10,7,2,0,0,10,5,9,16,3,19,11,10,5,3,0,7,19,18,1,4,12,9,15,18,7,7,0,3,18,11,1,9,16,19,11,19,2,0,15,14,6,2,11,11,11,0,9,5,18,11,6,10,7,3,18,18,13,1,6,10,1,11,18,2,3,0,9,19,0,18,11,11,0,10,6,0,3,14,2,2,6,6,16,1,8,2,10,6,19,0,10,5,11,11,6,5,5,0,0,0,0,0,0,0,0,0,0,0,0,0,0,0,0,0,0,0,0,0,0,0,0,0,0,0,0,0,0,0,0,0,0,0,0,0,0,0,0,0,0,0,0,0,0,0,0,0,0,0,0,0,0,0,0,0",-0.32498467,0.17564948,3.0,0.14915675,114.69621,0.19351162,1.0,0.19351162,0.24053553,0.1352076,0.0,0.0,0.14915675,0.009783315,0.87027234,0.24053553,21.1516,1.3279994,114.69621,-0.32498467,2.9439692,220.76979,0.093643464,0.10480187,1.0,220.76979,0.48360705,0.12972768,21.1516,0.009783315,0.17677173,0.17564948,0.0,1.3279994,2.9439692,0.093643464,0.32498467,0.0,0.17677173,0.32498467,0.7521236,0.10480187,1.0,0.1352076,lookahead,beam_orig3_bm3-s0to100br0
/work/T-REX/external/Proteina-Complexa/inference/search_binder_local_pipeline_32_PDL1_ALPHA_REPACK_v7_r001_warmstart_v7r001_00_complexa_beam_a42e8fc6f9a25/job_0_n_232_id_13_beam_orig0_bm3-s0to100br1/job_0_n_232_id_13_beam_orig0_bm3-s0to100br1.pdb,52,"2,0,13,16,19,16,19,14,11,3,10,18,19,19,6,18,7,15,2,12,16,9,6,4,11,13,14,19,6,11,5,10,3,10,0,0,10,9,19,18,17,6,12,6,3,11,2,9,9,5,13,19,8,7,6,6,3,10,11,19,5,8,15,15,18,1,5,1,0,1,10,10,11,3,5,10,15,10,7,2,0,0,10,5,9,16,3,19,11,10,5,3,0,7,19,18,1,4,12,9,15,18,7,7,0,3,18,11,1,9,16,19,11,19,2,0,2,0,13,16,19,16,19,14,11,3,10,18,19,19,6,18,7,15,2,12,16,9,6,4,11,13,14,19,6,11,5,10,3,10,0,0,10,9,19,18,17,6,12,6,3,11,2,9,9,5,13,19,8,7,6,6,3,10,11,19,5,8,15,15,18,1,5,1,0,1,10,10,11,3,5,10,15,10,7,2,0,0,10,5,9,16,3,19,11,10,5,3,0,7,19,18,1,4,12,9,15,18,7,7,0,3,18,11,1,9,16,19,11,19,2,0",-0.5195964,0.2887046,3.0,0.049866803,54.064487,0.05292305,1.0,0.05292305,0.3076491,0.012812724,0.0,0.0,0.049866803,0.0024690947,0.8596816,0.3076491,2.621341,1.2800984,54.064487,-0.5195964,3.8647182,199.06395,0.012485052,0.046810552,1.0,199.06395,0.26693642,0.14031842,2.621341,0.0024690947,0.013140397,0.2887046,0.0,1.2800984,3.8647182,0.012485052,0.5195964,0.0,0.013140397,0.5195964,0.5875883,0.046810552,1.0,0.012812724,lookahead,beam_orig0_bm3-s0to100br1
/work/T-REX/external/Proteina-Complexa/inference/search_binder_local_pipeline_32_PDL1_ALPHA_REPACK_v7_r001_warmstart_v7r001_00_complexa_beam_a42e8fc6f9a25/job_0_n_229_id_13_beam_orig1_bm3-s0to100br1/job_0_n_229_id_13_beam_orig1_bm3-s0to100br1.pdb,53,"2,0,13,16,19,16,19,14,11,3,10,18,19,19,6,18,7,15,2,12,16,9,6,4,11,13,14,19,6,11,5,10,3,10,0,0,10,9,19,18,17,6,12,6,3,11,2,9,9,5,13,19,8,7,6,6,3,10,11,19,5,8,15,15,18,1,5,1,0,1,10,10,11,3,5,10,15,10,7,2,0,0,10,5,9,16,3,19,11,10,5,3,0,7,19,18,1,4,12,9,15,18,7,7,0,3,18,11,1,9,16,19,11,19,2,0,16,19,16,19,14,11,3,10,18,19,19,6,18,7,15,2,12,16,9,6,4,11,13,14,19,6,11,5,10,3,10,0,0,10,9,19,18,17,6,12,6,3,11,2,9,9,5,13,19,8,7,6,6,3,10,11,19,5,8,15,15,18,1,5,1,0,1,10,10,11,3,5,10,15,10,7,2,0,0,10,5,9,16,3,19,11,10,5,3,0,7,19,18,1,4,12,9,15,18,7,7,0,3,18,11,1,9,16,19,11,19,2,0,0,0,0",-0.5303208,0.30111384,3.0,0.039782606,62.77497,0.04187271,1.0,0.04187271,0.313729,0.012141661,0.0,0.0,0.039782606,0.0017881515,0.86265624,0.313729,2.880884,1.2866222,62.77497,-0.5303208,3.8995945,209.91669,0.01181522,0.0376925,1.0,209.91669,0.2543329,0.13734373,2.880884,0.0017881515,0.012468101,0.30111384,0.0,1.2866222,3.8995945,0.01181522,0.5303208,0.0,0.012468101,0.5303208,0.584417,0.0376925,1.0,0.012141661,lookahead,beam_orig1_bm3-s0to100br1
/work/T-REX/external/Proteina-Complexa/inference/search_binder_local_pipeline_32_PDL1_ALPHA_REPACK_v7_r001_warmstart_v7r001_00_complexa_beam_a42e8fc6f9a25/job_0_n_167_id_13_beam_orig2_bm3-s0to100br1/job_0_n_167_id_13_beam_orig2_bm3-s0to100br1.pdb,54,"2,0,13,16,19,16,19,14,11,3,10,18,19,19,6,18,7,15,2,12,16,9,6,4,11,13,14,19,6,11,5,10,3,10,0,0,10,9,19,18,17,6,12,6,3,11,2,9,9,5,13,19,8,7,6,6,3,10,11,19,5,8,15,15,18,1,5,1,0,1,10,10,11,3,5,10,15,10,7,2,0,0,10,5,9,16,3,19,11,10,5,3,0,7,19,18,1,4,12,9,15,18,7,7,0,3,18,11,1,9,16,19,11,19,2,0,12,10,11,11,5,9,5,3,10,9,3,0,3,5,14,7,15,0,7,11,9,2,3,10,10,19,3,0,7,18,15,5,11,3,0,0,2,9,15,13,6,15,19,1,16,1,16,19,14,3,10,0,0,0,0,0,0,0,0,0,0,0,0,0,0,0,0,0,0,0,0,0,0,0,0,0,0,0,0,0,0,0,0,0,0,0,0,0,0,0,0,0,0,0,0,0,0,0,0,0,0,0,0,0,0,0,0,0,0,0,0,0,0,0,0,0",-0.35133278,0.18851691,3.0,0.11000869,27.438532,0.1472606,1.0,0.1472606,0.26947328,0.06771839,0.0,0.0,0.11000869,0.0030337912,0.8079777,0.26947328,1.2212222,1.6324155,27.438532,-0.35133278,3.125834,181.47375,0.052819885,0.07275677,1.0,181.47375,0.45076013,0.19202232,1.2212222,0.0030337912,0.08261689,0.18851691,0.0,1.6324155,3.125834,0.052819885,0.35133278,0.0,0.08261689,0.35133278,0.75838387,0.07275677,1.0,0.06771839,lookahead,beam_orig2_bm3-s0to100br1
/work/T-REX/external/Proteina-Complexa/inference/search_binder_local_pipeline_32_PDL1_ALPHA_REPACK_v7_r001_warmstart_v7r001_00_complexa_beam_a42e8fc6f9a25/job_0_n_175_id_13_beam_orig3_bm3-s0to100br1/job_0_n_175_id_13_beam_orig3_bm3-s0to100br1.pdb,55,"2,0,13,16,19,16,19,14,11,3,10,18,19,19,6,18,7,15,2,12,16,9,6,4,11,13,14,19,6,11,5,10,3,10,0,0,10,9,19,18,17,6,12,6,3,11,2,9,9,5,13,19,8,7,6,6,3,10,11,19,5,8,15,15,18,1,5,1,0,1,10,10,11,3,5,10,15,10,7,2,0,0,10,5,9,16,3,19,11,10,5,3,0,7,19,18,1,4,12,9,15,18,7,7,0,3,18,11,1,9,16,19,11,19,2,0,11,14,11,6,11,10,19,15,15,19,6,6,0,19,6,13,0,11,6,9,7,18,14,19,19,10,5,16,13,16,11,11,16,18,10,19,1,3,6,6,6,10,1,6,9,10,15,11,19,2,13,14,10,10,19,11,6,13,9,0,0,0,0,0,0,0,0,0,0,0,0,0,0,0,0,0,0,0,0,0,0,0,0,0,0,0,0,0,0,0,0,0,0,0,0,0,0,0,0,0,0,0,0,0,0,0,0,0,0,0,0,0,0,0,0,0",-0.5917095,0.38917968,3.0,0.010800926,43.25204,0.015736915,1.0,0.015736915,0.42523864,0.0058767805,0.0,0.0,0.010800926,0.0035330278,0.77833724,0.42523864,3.6190822,1.6745278,43.25204,-0.5917095,3.8378193,206.89711,0.0,0.005864936,1.0,206.89711,0.20877841,0.22166277,3.6190822,0.0035330278,0.011753561,0.38917968,0.0,1.6745278,3.8378193,0.0,0.5917095,0.0,0.011753561,0.5917095,0.66153336,0.005864936,1.0,0.0058767805,lookahead,beam_orig3_bm3-s0to100br1
/work/T-REX/external/Proteina-Complexa/inference/search_binder_local_pipeline_32_PDL1_ALPHA_REPACK_v7_r001_warmstart_v7r001_00_complexa_beam_a42e8fc6f9a25/job_0_n_232_id_14_beam_orig0_bm3-s0to100br2/job_0_n_232_id_14_beam_orig0_bm3-s0to100br2.pdb,56,"2,0,13,16,19,16,19,14,11,3,10,18,19,19,6,18,7,15,2,12,16,9,6,4,11,13,14,19,6,11,5,10,3,10,0,0,10,9,19,18,17,6,12,6,3,11,2,9,9,5,13,19,8,7,6,6,3,10,11,19,5,8,15,15,18,1,5,1,0,1,10,10,11,3,5,10,15,10,7,2,0,0,10,5,9,16,3,19,11,10,5,3,0,7,19,18,1,4,12,9,15,18,7,7,0,3,18,11,1,9,16,19,11,19,2,0,2,0,13,16,19,16,19,14,11,3,10,18,19,19,6,18,7,15,2,12,16,9,6,4,11,13,14,19,6,11,5,10,3,10,0,0,10,9,19,18,17,6,12,6,3,11,2,9,9,5,13,19,8,7,6,6,3,10,11,19,5,8,15,15,18,1,5,1,0,1,10,10,11,3,5,10,15,10,7,2,0,0,10,5,9,16,3,19,11,10,5,3,0,7,19,18,1,4,12,9,15,18,7,7,0,3,18,11,1,9,16,19,11,19,2,0",-0.52784735,0.298249,3.0,0.046472587,55.440052,0.049839832,1.0,0.049839832,0.31198436,0.012489781,0.0,0.0,0.046472587,0.002496082,0.85959005,0.31198436,3.1156175,1.2828364,55.440052,-0.52784735,3.8876393,202.56577,0.012231687,0.043105338,1.0,202.56577,0.25927138,0.14040993,3.1156175,0.002496082,0.012747875,0.298249,0.0,1.2828364,3.8876393,0.012231687,0.52784735,0.0,0.012747875,0.52784735,0.58347845,0.043105338,1.0,0.012489781,lookahead,beam_orig0_bm3-s0to100br2
/work/T-REX/external/Proteina-Complexa/inference/search_binder_local_pipeline_32_PDL1_ALPHA_REPACK_v7_r001_warmstart_v7r001_00_complexa_beam_a42e8fc6f9a25/job_0_n_229_id_14_beam_orig1_bm3-s0to100br2/job_0_n_229_id_14_beam_orig1_bm3-s0to100br2.pdb,57,"2,0,13,16,19,16,19,14,11,3,10,18,19,19,6,18,7,15,2,12,16,9,6,4,11,13,14,19,6,11,5,10,3,10,0,0,10,9,19,18,17,6,12,6,3,11,2,9,9,5,13,19,8,7,6,6,3,10,11,19,5,8,15,15,18,1,5,1,0,1,10,10,11,3,5,10,15,10,7,2,0,0,10,5,9,16,3,19,11,10,5,3,0,7,19,18,1,4,12,9,15,18,7,7,0,3,18,11,1,9,16,19,11,19,2,0,16,19,16,19,14,11,3,10,18,19,19,6,18,7,15,2,12,16,9,6,4,11,13,14,19,6,11,5,10,3,10,0,0,10,9,19,18,17,6,12,6,3,11,2,9,9,5,13,19,8,7,6,6,3,10,11,19,5,8,15,15,18,1,5,1,0,1,10,10,11,3,5,10,15,10,7,2,0,0,10,5,9,16,3,19,11,10,5,3,0,7,19,18,1,4,12,9,15,18,7,7,0,3,18,11,1,9,16,19,11,19,2,0,0,0,0",-0.52906173,0.2852748,3.0,0.0412289,64.597435,0.041683566,1.0,0.041683566,0.31213126,0.013161648,0.0,0.0,0.0412289,0.0015983677,0.8648663,0.31213126,4.1546593,1.2761879,64.597435,-0.52906173,3.8406277,197.68576,0.012739796,0.040774237,1.0,197.68576,0.24883361,0.1351337,4.1546593,0.0015983677,0.013583499,0.2852748,0.0,1.2761879,3.8406277,0.012739796,0.52906173,0.0,0.013583499,0.52906173,0.58420885,0.040774237,1.0,0.013161648,lookahead,beam_orig1_bm3-s0to100br2
/work/T-REX/external/Proteina-Complexa/inference/search_binder_local_pipeline_32_PDL1_ALPHA_REPACK_v7_r001_warmstart_v7r001_00_complexa_beam_a42e8fc6f9a25/job_0_n_167_id_14_beam_orig2_bm3-s0to100br2/job_0_n_167_id_14_beam_orig2_bm3-s0to100br2.pdb,58,"2,0,13,16,19,16,19,14,11,3,10,18,19,19,6,18,7,15,2,12,16,9,6,4,11,13,14,19,6,11,5,10,3,10,0,0,10,9,19,18,17,6,12,6,3,11,2,9,9,5,13,19,8,7,6,6,3,10,11,19,5,8,15,15,18,1,5,1,0,1,10,10,11,3,5,10,15,10,7,2,0,0,10,5,9,16,3,19,11,10,5,3,0,7,19,18,1,4,12,9,15,18,7,7,0,3,18,11,1,9,16,19,11,19,2,0,15,14,1,3,9,11,9,1,5,0,9,2,18,18,10,6,10,9,1,5,7,11,15,5,15,3,0,19,11,6,0,0,5,11,13,7,9,15,5,11,16,9,5,1,6,10,11,11,10,7,9,0,0,0,0,0,0,0,0,0,0,0,0,0,0,0,0,0,0,0,0,0,0,0,0,0,0,0,0,0,0,0,0,0,0,0,0,0,0,0,0,0,0,0,0,0,0,0,0,0,0,0,0,0,0,0,0,0,0,0,0,0,0,0,0,0",-0.60791284,0.42814693,3.0,0.005813035,100.262276,0.0061484505,1.0,0.0061484505,0.4484801,0.0,0.0,0.0,0.005813035,0.0019348743,0.72608054,0.4484801,6.426527,1.6277499,100.262276,-0.60791284,3.8902152,222.15804,0.0,0.0054776203,1.0,222.15804,0.18728206,0.27391946,6.426527,0.0019348743,0.0,0.42814693,0.0,1.6277499,3.8902152,0.0,0.60791284,0.0,0.0,0.60791284,0.6765224,0.0054776203,1.0,0.0,lookahead,beam_orig2_bm3-s0to100br2
/work/T-REX/external/Proteina-Complexa/inference/search_binder_local_pipeline_32_PDL1_ALPHA_REPACK_v7_r001_warmstart_v7r001_00_complexa_beam_a42e8fc6f9a25/job_0_n_175_id_14_beam_orig3_bm3-s0to100br2/job_0_n_175_id_14_beam_orig3_bm3-s0to100br2.pdb,59,"2,0,13,16,19,16,19,14,11,3,10,18,19,19,6,18,7,15,2,12,16,9,6,4,11,13,14,19,6,11,5,10,3,10,0,0,10,9,19,18,17,6,12,6,3,11,2,9,9,5,13,19,8,7,6,6,3,10,11,19,5,8,15,15,18,1,5,1,0,1,10,10,11,3,5,10,15,10,7,2,0,0,10,5,9,16,3,19,11,10,5,3,0,7,19,18,1,4,12,9,15,18,7,7,0,3,18,11,1,9,16,19,11,19,2,0,15,14,19,3,11,0,16,6,10,9,1,16,2,0,15,9,6,3,10,11,2,19,10,11,6,10,2,2,3,3,9,3,11,10,0,10,19,18,0,11,6,11,2,9,16,9,19,6,0,11,11,6,10,11,11,10,11,6,0,0,0,0,0,0,0,0,0,0,0,0,0,0,0,0,0,0,0,0,0,0,0,0,0,0,0,0,0,0,0,0,0,0,0,0,0,0,0,0,0,0,0,0,0,0,0,0,0,0,0,0,0,0,0,0,0,0",-0.308105,0.16234235,3.0,0.15155707,29.229422,0.19570298,1.0,0.19570298,0.2298676,0.1449172,0.0,0.0,0.15155707,0.0024690162,0.86720264,0.2298676,2.1805375,1.5767478,29.229422,-0.308105,2.9836879,181.60704,0.104267724,0.10741115,1.0,181.60704,0.51482916,0.13279738,2.1805375,0.0024690162,0.18556668,0.16234235,0.0,1.5767478,2.9836879,0.104267724,0.308105,0.0,0.18556668,0.308105,0.77384007,0.10741115,1.0,0.1449172,lookahead,beam_orig3_bm3-s0to100br2
/work/T-REX/external/Proteina-Complexa/inference/search_binder_local_pipeline_32_PDL1_ALPHA_REPACK_v7_r001_warmstart_v7r001_00_complexa_beam_a42e8fc6f9a25/job_0_n_232_id_15_beam_orig0_bm3-s0to100br3/job_0_n_232_id_15_beam_orig0_bm3-s0to100br3.pdb,60,"2,0,13,16,19,16,19,14,11,3,10,18,19,19,6,18,7,15,2,12,16,9,6,4,11,13,14,19,6,11,5,10,3,10,0,0,10,9,19,18,17,6,12,6,3,11,2,9,9,5,13,19,8,7,6,6,3,10,11,19,5,8,15,15,18,1,5,1,0,1,10,10,11,3,5,10,15,10,7,2,0,0,10,5,9,16,3,19,11,10,5,3,0,7,19,18,1,4,12,9,15,18,7,7,0,3,18,11,1,9,16,19,11,19,2,0,2,0,13,16,19,16,19,14,11,3,10,18,19,19,6,18,7,15,2,12,16,9,6,4,11,13,14,19,6,11,5,10,3,10,0,0,10,9,19,18,17,6,12,6,3,11,2,9,9,5,13,19,8,7,6,6,3,10,11,19,5,8,15,15,18,1,5,1,0,1,10,10,11,3,5,10,15,10,7,2,0,0,10,5,9,16,3,19,11,10,5,3,0,7,19,18,1,4,12,9,15,18,7,7,0,3,18,11,1,9,16,19,11,19,2,0",-0.5319077,0.30332524,3.0,0.043724403,55.039543,0.0470425,1.0,0.0470425,0.31381622,0.012172141,0.0,0.0,0.043724403,0.0025083057,0.8597055,0.31381622,3.096757,1.2805499,55.039543,-0.5319077,3.896599,199.14993,0.01185921,0.04040631,1.0,199.14993,0.25612694,0.14029449,3.096757,0.0025083057,0.012485072,0.30332524,0.0,1.2805499,3.896599,0.01185921,0.5319077,0.0,0.012485072,0.5319077,0.5825572,0.04040631,1.0,0.012172141,lookahead,beam_orig0_bm3-s0to100br3
/work/T-REX/external/Proteina-Complexa/inference/search_binder_local_pipeline_32_PDL1_ALPHA_REPACK_v7_r001_warmstart_v7r001_00_complexa_beam_a42e8fc6f9a25/job_0_n_229_id_15_beam_orig1_bm3-s0to100br3/job_0_n_229_id_15_beam_orig1_bm3-s0to100br3.pdb,61,"2,0,13,16,19,16,19,14,11,3,10,18,19,19,6,18,7,15,2,12,16,9,6,4,11,13,14,19,6,11,5,10,3,10,0,0,10,9,19,18,17,6,12,6,3,11,2,9,9,5,13,19,8,7,6,6,3,10,11,19,5,8,15,15,18,1,5,1,0,1,10,10,11,3,5,10,15,10,7,2,0,0,10,5,9,16,3,19,11,10,5,3,0,7,19,18,1,4,12,9,15,18,7,7,0,3,18,11,1,9,16,19,11,19,2,0,19,16,19,14,11,3,10,18,19,19,6,18,7,15,2,12,16,9,6,4,11,13,14,19,6,11,5,10,3,10,0,0,10,9,19,18,17,6,12,6,3,11,2,9,9,5,13,19,8,7,6,6,3,10,11,19,5,8,15,15,18,1,5,1,0,1,10,10,11,3,5,10,15,10,7,2,0,0,10,5,9,16,3,19,11,10,5,3,0,7,19,18,1,4,12,9,15,18,7,7,0,3,18,11,1,9,16,19,11,19,2,0,14,0,0,0",-0.5530042,0.31926796,3.0,0.031212684,57.29521,0.03300177,1.0,0.03300177,0.32736123,0.011410739,0.0,0.0,0.031212684,0.002287167,0.86124814,0.32736123,5.0858207,1.3114185,57.29521,-0.5530042,3.9793894,194.01024,0.01089801,0.029423598,1.0,194.01024,0.24121729,0.1387519,5.0858207,0.002287167,0.011923469,0.31926796,0.0,1.3114185,3.9793894,0.01089801,0.5530042,0.0,0.011923469,0.5530042,0.57762784,0.029423598,1.0,0.011410739,lookahead,beam_orig1_bm3-s0to100br3
/work/T-REX/external/Proteina-Complexa/inference/search_binder_local_pipeline_32_PDL1_ALPHA_REPACK_v7_r001_warmstart_v7r001_00_complexa_beam_a42e8fc6f9a25/job_0_n_167_id_15_beam_orig2_bm3-s0to100br3/job_0_n_167_id_15_beam_orig2_bm3-s0to100br3.pdb,62,"2,0,13,16,19,16,19,14,11,3,10,18,19,19,6,18,7,15,2,12,16,9,6,4,11,13,14,19,6,11,5,10,3,10,0,0,10,9,19,18,17,6,12,6,3,11,2,9,9,5,13,19,8,7,6,6,3,10,11,19,5,8,15,15,18,1,5,1,0,1,10,10,11,3,5,10,15,10,7,2,0,0,10,5,9,16,3,19,11,10,5,3,0,7,19,18,1,4,12,9,15,18,7,7,0,3,18,11,1,9,16,19,11,19,2,0,15,0,13,3,12,2,11,16,19,11,3,19,0,10,6,10,11,10,2,10,11,3,10,6,0,6,7,13,3,10,2,11,14,19,15,15,10,14,19,5,11,5,13,1,10,12,6,10,1,3,11,0,0,0,0,0,0,0,0,0,0,0,0,0,0,0,0,0,0,0,0,0,0,0,0,0,0,0,0,0,0,0,0,0,0,0,0,0,0,0,0,0,0,0,0,0,0,0,0,0,0,0,0,0,0,0,0,0,0,0,0,0,0,0,0,0",-0.3229042,0.1776962,3.0,0.1347041,65.597244,0.17439769,1.0,0.17439769,0.25718597,0.117591515,0.0,0.0,0.1347041,0.0054358514,0.80716014,0.25718597,2.8530693,1.9136949,65.597244,-0.3229042,3.1167126,199.4537,0.0950105,0.0950105,1.0,199.4537,0.47015807,0.19283988,2.8530693,0.0054358514,0.14017253,0.1776962,0.0,1.9136949,3.1167126,0.0950105,0.3229042,0.0,0.14017253,0.3229042,0.76519555,0.0950105,1.0,0.117591515,lookahead,beam_orig2_bm3-s0to100br3
/work/T-REX/external/Proteina-Complexa/inference/search_binder_local_pipeline_32_PDL1_ALPHA_REPACK_v7_r001_warmstart_v7r001_00_complexa_beam_a42e8fc6f9a25/job_0_n_175_id_15_beam_orig3_bm3-s0to100br3/job_0_n_175_id_15_beam_orig3_bm3-s0to100br3.pdb,63,"2,0,13,16,19,16,19,14,11,3,10,18,19,19,6,18,7,15,2,12,16,9,6,4,11,13,14,19,6,11,5,10,3,10,0,0,10,9,19,18,17,6,12,6,3,11,2,9,9,5,13,19,8,7,6,6,3,10,11,19,5,8,15,15,18,1,5,1,0,1,10,10,11,3,5,10,15,10,7,2,0,0,10,5,9,16,3,19,11,10,5,3,0,7,19,18,1,4,12,9,15,18,7,7,0,3,18,11,1,9,16,19,11,19,2,0,0,6,0,18,13,2,10,7,10,16,6,6,9,11,7,11,10,3,6,0,6,0,0,18,1,11,0,10,6,10,11,14,3,18,0,3,0,8,2,15,10,7,3,10,10,6,11,11,7,1,10,3,6,0,9,11,19,1,6,0,0,0,0,0,0,0,0,0,0,0,0,0,0,0,0,0,0,0,0,0,0,0,0,0,0,0,0,0,0,0,0,0,0,0,0,0,0,0,0,0,0,0,0,0,0,0,0,0,0,0,0,0,0,0,0,0",-0.37707287,0.20317954,3.0,0.106695876,36.906754,0.14006986,1.0,0.14006986,0.27094498,0.058085214,0.0,0.0,0.106695876,0.0018426877,0.85591525,0.27094498,2.3173897,1.3054091,36.906754,-0.37707287,3.1105418,164.95992,0.03832519,0.07332189,1.0,164.95992,0.41577166,0.14408477,2.3173897,0.0018426877,0.07784524,0.20317954,0.0,1.3054091,3.1105418,0.03832519,0.37707287,0.0,0.07784524,0.37707287,0.73021793,0.07332189,1.0,0.058085214,lookahead,beam_orig3_bm3-s0to100br3
/work/T-REX/external/Proteina-Complexa/inference/search_binder_local_pipeline_32_PDL1_ALPHA_REPACK_v7_r001_warmstart_v7r001_00_complexa_beam_a42e8fc6f9a25/job_0_n_232_id_16_beam_orig0_bm3-s0to100br0-s100to200br0/job_0_n_232_id_16_beam_orig0_bm3-s0to100br0-s100to200br0.pdb,64,"2,0,13,16,19,16,19,14,11,3,10,18,19,19,6,18,7,15,2,12,16,9,6,4,11,13,14,19,6,11,5,10,3,10,0,0,10,9,19,18,17,6,12,6,3,11,2,9,9,5,13,19,8,7,6,6,3,10,11,19,5,8,15,15,18,1,5,1,0,1,10,10,11,3,5,10,15,10,7,2,0,0,10,5,9,16,3,19,11,10,5,3,0,7,19,18,1,4,12,9,15,18,7,7,0,3,18,11,1,9,16,19,11,19,2,0,2,0,13,16,19,16,19,14,11,3,10,18,19,19,6,18,7,15,2,12,16,9,6,4,11,13,14,19,6,11,5,10,3,10,0,0,10,9,19,18,17,6,12,6,3,11,2,9,9,5,13,19,8,7,6,6,3,10,11,19,5,8,15,15,18,1,5,1,0,1,10,10,11,3,5,10,15,10,7,2,0,0,10,5,9,16,3,19,11,10,5,3,0,7,19,18,1,4,12,9,15,18,7,7,0,3,18,11,1,9,16,19,11,19,2,0",-0.52708256,0.2954172,3.0,0.04540446,56.815636,0.04816858,1.0,0.04816858,0.31142887,0.0122881085,0.0,0.0,0.04540446,0.0024123085,0.8595225,0.31142887,3.01571,1.2813573,56.815636,-0.52708256,3.8860104,197.3468,0.012000015,0.04264034,1.0,197.3468,0.25976345,0.14047748,3.01571,0.0024123085,0.012576201,0.2954172,0.0,1.2813573,3.8860104,0.012000015,0.52708256,0.0,0.012576201,0.52708256,0.58411247,0.04264034,1.0,0.0122881085,lookahead,beam_orig0_bm3-s0to100br0-s100to200br0
/work/T-REX/external/Proteina-Complexa/inference/search_binder_local_pipeline_32_PDL1_ALPHA_REPACK_v7_r001_warmstart_v7r001_00_complexa_beam_a42e8fc6f9a25/job_0_n_229_id_16_beam_orig1_bm2-s0to100br3-s100to200br0/job_0_n_229_id_16_beam_orig1_bm2-s0to100br3-s100to200br0.pdb,65,"2,0,13,16,19,16,19,14,11,3,10,18,19,19,6,18,7,15,2,12,16,9,6,4,11,13,14,19,6,11,5,10,3,10,0,0,10,9,19,18,17,6,12,6,3,11,2,9,9,5,13,19,8,7,6,6,3,10,11,19,5,8,15,15,18,1,5,1,0,1,10,10,11,3,5,10,15,10,7,2,0,0,10,5,9,16,3,19,11,10,5,3,0,7,19,18,1,4,12,9,15,18,7,7,0,3,18,11,1,9,16,19,11,19,2,0,0,13,16,19,16,19,14,11,3,10,18,19,19,6,18,7,15,2,12,16,9,6,4,11,13,14,19,6,11,5,10,3,10,0,0,10,9,19,18,17,6,12,6,3,11,2,9,9,5,13,19,8,7,6,6,3,10,11,19,5,8,15,15,18,1,5,1,0,1,10,10,11,3,5,10,15,10,7,2,0,0,10,5,9,16,3,19,11,10,5,3,0,7,19,18,1,4,12,9,15,18,7,7,0,3,18,11,1,9,16,19,11,19,0,0,0",-0.528291,0.29879704,3.0,0.043965533,52.065792,0.047124382,1.0,0.047124382,0.3123435,0.012300837,0.0,0.0,0.043965533,0.0018213565,0.8608821,0.3123435,2.5233243,1.2734461,52.065792,-0.528291,3.8585753,200.65234,0.012095234,0.04080668,1.0,200.65234,0.25821063,0.13911791,2.5233243,0.0018213565,0.012506439,0.29879704,0.0,1.2734461,3.8585753,0.012095234,0.528291,0.0,0.012506439,0.528291,0.5865508,0.04080668,1.0,0.012300837,lookahead,beam_orig1_bm2-s0to100br3-s100to200br0
/work/T-REX/external/Proteina-Complexa/inference/search_binder_local_pipeline_32_PDL1_ALPHA_REPACK_v7_r001_warmstart_v7r001_00_complexa_beam_a42e8fc6f9a25/job_0_n_167_id_16_beam_orig2_bm2-s0to100br3-s100to200br0/job_0_n_167_id_16_beam_orig2_bm2-s0to100br3-s100to200br0.pdb,66,"2,0,13,16,19,16,19,14,11,3,10,18,19,19,6,18,7,15,2,12,16,9,6,4,11,13,14,19,6,11,5,10,3,10,0,0,10,9,19,18,17,6,12,6,3,11,2,9,9,5,13,19,8,7,6,6,3,10,11,19,5,8,15,15,18,1,5,1,0,1,10,10,11,3,5,10,15,10,7,2,0,0,10,5,9,16,3,19,11,10,5,3,0,7,19,18,1,4,12,9,15,18,7,7,0,3,18,11,1,9,16,19,11,19,2,0,12,16,6,6,6,10,1,5,6,0,10,5,19,14,3,14,15,11,19,13,15,14,15,13,10,11,3,9,11,7,3,6,14,10,15,6,7,8,11,19,10,10,1,0,0,10,5,1,17,1,2,0,0,0,0,0,0,0,0,0,0,0,0,0,0,0,0,0,0,0,0,0,0,0,0,0,0,0,0,0,0,0,0,0,0,0,0,0,0,0,0,0,0,0,0,0,0,0,0,0,0,0,0,0,0,0,0,0,0,0,0,0,0,0,0,0",-0.20692222,0.072774485,3.0,0.377119,40.823166,0.49574643,1.0,0.49574643,0.1729479,0.377119,0.0,0.0,0.377119,0.005544441,0.84310156,0.1729479,1.6758097,1.9716707,40.823166,-0.20692222,2.3550818,179.56949,0.2584916,0.2584916,1.0,179.56949,0.7129644,0.15689845,1.6758097,0.005544441,0.49574643,0.072774485,0.0,1.9716707,2.3550818,0.2584916,0.20692222,0.0,0.49574643,0.20692222,0.84428275,0.2584916,1.0,0.377119,lookahead,beam_orig2_bm2-s0to100br3-s100to200br0
/work/T-REX/external/Proteina-Complexa/inference/search_binder_local_pipeline_32_PDL1_ALPHA_REPACK_v7_r001_warmstart_v7r001_00_complexa_beam_a42e8fc6f9a25/job_0_n_175_id_16_beam_orig3_bm1-s0to100br1-s100to200br0/job_0_n_175_id_16_beam_orig3_bm1-s0to100br1-s100to200br0.pdb,67,"2,0,13,16,19,16,19,14,11,3,10,18,19,19,6,18,7,15,2,12,16,9,6,4,11,13,14,19,6,11,5,10,3,10,0,0,10,9,19,18,17,6,12,6,3,11,2,9,9,5,13,19,8,7,6,6,3,10,11,19,5,8,15,15,18,1,5,1,0,1,10,10,11,3,5,10,15,10,7,2,0,0,10,5,9,16,3,19,11,10,5,3,0,7,19,18,1,4,12,9,15,18,7,7,0,3,18,11,1,9,16,19,11,19,2,0,2,5,6,9,11,2,0,2,9,10,13,5,9,2,19,10,3,10,9,3,0,10,6,1,8,2,7,15,19,15,0,16,15,1,6,10,2,10,14,1,5,11,19,19,3,0,9,19,13,10,6,1,6,11,10,9,5,1,1,0,0,0,0,0,0,0,0,0,0,0,0,0,0,0,0,0,0,0,0,0,0,0,0,0,0,0,0,0,0,0,0,0,0,0,0,0,0,0,0,0,0,0,0,0,0,0,0,0,0,0,0,0,0,0,0,0",-0.46197253,0.2605551,3.0,0.060889747,31.28641,0.06748756,1.0,0.06748756,0.34354866,0.014765764,0.0,0.0,0.060889747,0.008597768,0.7869974,0.34354866,2.3038797,1.7991906,31.28641,-0.46197253,3.5594335,179.76529,0.013596739,0.054291934,1.0,179.76529,0.3408984,0.2130026,2.3038797,0.008597768,0.015934788,0.2605551,0.0,1.7991906,3.5594335,0.013596739,0.46197253,0.0,0.015934788,0.46197253,0.70595556,0.054291934,1.0,0.014765764,lookahead,beam_orig3_bm1-s0to100br1-s100to200br0
/work/T-REX/external/Proteina-Complexa/inference/search_binder_local_pipeline_32_PDL1_ALPHA_REPACK_v7_r001_warmstart_v7r001_00_complexa_beam_a42e8fc6f9a25/job_0_n_232_id_17_beam_orig0_bm3-s0to100br0-s100to200br1/job_0_n_232_id_17_beam_orig0_bm3-s0to100br0-s100to200br1.pdb,68,"2,0,13,16,19,16,19,14,11,3,10,18,19,19,6,18,7,15,2,12,16,9,6,4,11,13,14,19,6,11,5,10,3,10,0,0,10,9,19,18,17,6,12,6,3,11,2,9,9,5,13,19,8,7,6,6,3,10,11,19,5,8,15,15,18,1,5,1,0,1,10,10,11,3,5,10,15,10,7,2,0,0,10,5,9,16,3,19,11,10,5,3,0,7,19,18,1,4,12,9,15,18,7,7,0,3,18,11,1,9,16,19,11,19,2,0,2,0,13,16,19,16,19,14,11,3,10,18,19,19,6,18,7,15,2,12,16,9,6,4,11,13,14,19,6,11,5,10,3,10,0,0,10,9,19,18,17,6,12,6,3,11,2,9,9,5,13,19,8,7,6,6,3,10,11,19,5,8,15,15,18,1,5,1,0,1,10,10,11,3,5,10,15,10,7,2,0,0,10,5,9,16,3,19,11,10,5,3,0,7,19,18,1,4,12,9,15,18,7,7,0,3,18,11,1,9,16,19,11,19,2,0",-0.5221277,0.29237583,3.0,0.04878621,55.912445,0.052169565,1.0,0.052169565,0.3087178,0.012619414,0.0,0.0,0.04878621,0.002450966,0.8599124,0.3087178,2.9641511,1.2759389,55.912445,-0.5221277,3.872407,199.81548,0.012310559,0.04540286,1.0,199.81548,0.2642871,0.14008763,2.9641511,0.002450966,0.01292827,0.29237583,0.0,1.2759389,3.872407,0.012310559,0.5221277,0.0,0.01292827,0.5221277,0.5863202,0.04540286,1.0,0.012619414,lookahead,beam_orig0_bm3-s0to100br0-s100to200br1
/work/T-REX/external/Proteina-Complexa/inference/search_binder_local_pipeline_32_PDL1_ALPHA_REPACK_v7_r001_warmstart_v7r001_00_complexa_beam_a42e8fc6f9a25/job_0_n_229_id_17_beam_orig1_bm2-s0to100br3-s100to200br1/job_0_n_229_id_17_beam_orig1_bm2-s0to100br3-s100to200br1.pdb,69,"2,0,13,16,19,16,19,14,11,3,10,18,19,19,6,18,7,15,2,12,16,9,6,4,11,13,14,19,6,11,5,10,3,10,0,0,10,9,19,18,17,6,12,6,3,11,2,9,9,5,13,19,8,7,6,6,3,10,11,19,5,8,15,15,18,1,5,1,0,1,10,10,11,3,5,10,15,10,7,2,0,0,10,5,9,16,3,19,11,10,5,3,0,7,19,18,1,4,12,9,15,18,7,7,0,3,18,11,1,9,16,19,11,19,2,0,0,13,16,19,16,19,14,11,3,10,18,19,19,6,18,7,15,2,12,16,9,6,4,11,13,14,19,6,11,5,10,3,10,0,0,10,9,19,18,17,6,12,6,3,11,2,9,9,5,13,19,8,7,6,6,3,10,11,19,5,8,15,15,18,1,5,1,0,1,10,10,11,3,5,10,15,10,7,2,0,0,10,5,9,16,3,19,11,10,5,3,0,7,19,18,1,4,12,9,15,18,7,7,0,3,18,11,1,9,16,19,11,19,0,0,0",-0.5198067,0.29258376,3.0,0.048756592,55.924328,0.051186077,1.0,0.051186077,0.30765986,0.0125603955,0.0,0.0,0.048756592,0.0018054543,0.8616406,0.30765986,2.6282487,1.26961,55.924328,-0.5198067,3.8356767,200.70401,0.012216669,0.046327103,1.0,200.70401,0.26702172,0.13835946,2.6282487,0.0018054543,0.012904123,0.29258376,0.0,1.26961,3.8356767,0.012216669,0.5198067,0.0,0.012904123,0.5198067,0.5909405,0.046327103,1.0,0.0125603955,lookahead,beam_orig1_bm2-s0to100br3-s100to200br1
/work/T-REX/external/Proteina-Complexa/inference/search_binder_local_pipeline_32_PDL1_ALPHA_REPACK_v7_r001_warmstart_v7r001_00_complexa_beam_a42e8fc6f9a25/job_0_n_167_id_17_beam_orig2_bm2-s0to100br3-s100to200br1/job_0_n_167_id_17_beam_orig2_bm2-s0to100br3-s100to200br1.pdb,70,"2,0,13,16,19,16,19,14,11,3,10,18,19,19,6,18,7,15,2,12,16,9,6,4,11,13,14,19,6,11,5,10,3,10,0,0,10,9,19,18,17,6,12,6,3,11,2,9,9,5,13,19,8,7,6,6,3,10,11,19,5,8,15,15,18,1,5,1,0,1,10,10,11,3,5,10,15,10,7,2,0,0,10,5,9,16,3,19,11,10,5,3,0,7,19,18,1,4,12,9,15,18,7,7,0,3,18,11,1,9,16,19,11,19,2,0,15,0,6,19,19,3,10,5,5,1,0,1,6,0,3,10,16,7,9,19,15,3,11,13,11,16,3,9,10,7,7,1,9,16,8,14,0,6,10,16,9,19,1,0,0,10,6,1,8,0,2,0,0,0,0,0,0,0,0,0,0,0,0,0,0,0,0,0,0,0,0,0,0,0,0,0,0,0,0,0,0,0,0,0,0,0,0,0,0,0,0,0,0,0,0,0,0,0,0,0,0,0,0,0,0,0,0,0,0,0,0,0,0,0,0,0",-0.38311327,0.19791196,3.0,0.089726925,33.64494,0.11188346,1.0,0.11188346,0.30115765,0.029431934,0.0,0.0,0.089726925,0.007044721,0.7366092,0.30115765,1.3055402,2.1817465,33.64494,-0.38311327,3.1194873,206.84294,0.015935697,0.06757038,1.0,206.84294,0.41851896,0.26339075,1.3055402,0.007044721,0.04292817,0.19791196,0.0,2.1817465,3.1194873,0.015935697,0.38311327,0.0,0.04292817,0.38311327,0.7496104,0.06757038,1.0,0.029431934,lookahead,beam_orig2_bm2-s0to100br3-s100to200br1
/work/T-REX/external/Proteina-Complexa/inference/search_binder_local_pipeline_32_PDL1_ALPHA_REPACK_v7_r001_warmstart_v7r001_00_complexa_beam_a42e8fc6f9a25/job_0_n_175_id_17_beam_orig3_bm1-s0to100br1-s100to200br1/job_0_n_175_id_17_beam_orig3_bm1-s0to100br1-s100to200br1.pdb,71,"2,0,13,16,19,16,19,14,11,3,10,18,19,19,6,18,7,15,2,12,16,9,6,4,11,13,14,19,6,11,5,10,3,10,0,0,10,9,19,18,17,6,12,6,3,11,2,9,9,5,13,19,8,7,6,6,3,10,11,19,5,8,15,15,18,1,5,1,0,1,10,10,11,3,5,10,15,10,7,2,0,0,10,5,9,16,3,19,11,10,5,3,0,7,19,18,1,4,12,9,15,18,7,7,0,3,18,11,1,9,16,19,11,19,2,0,2,11,16,9,6,2,10,15,1,10,13,6,19,2,9,2,3,13,9,6,0,10,6,1,8,11,7,15,19,0,0,16,0,1,6,10,2,9,14,1,2,11,19,19,3,9,10,6,12,10,6,11,6,7,9,6,19,14,5,0,0,0,0,0,0,0,0,0,0,0,0,0,0,0,0,0,0,0,0,0,0,0,0,0,0,0,0,0,0,0,0,0,0,0,0,0,0,0,0,0,0,0,0,0,0,0,0,0,0,0,0,0,0,0,0,0",-0.2566055,0.11154938,3.0,0.23312537,125.15877,0.271795,1.0,0.271795,0.19952771,0.23289151,0.0,0.0,0.23312537,0.0044306344,0.61582845,0.19952771,11.16374,1.5664518,125.15877,-0.2566055,2.8133514,219.88191,0.19445574,0.19445574,1.0,219.88191,0.5959182,0.38417155,11.16374,0.0044306344,0.2713273,0.11154938,0.0,1.5664518,2.8133514,0.19445574,0.2566055,0.0,0.2713273,0.2566055,0.7949896,0.19445574,1.0,0.23289151,lookahead,beam_orig3_bm1-s0to100br1-s100to200br1
/work/T-REX/external/Proteina-Complexa/inference/search_binder_local_pipeline_32_PDL1_ALPHA_REPACK_v7_r001_warmstart_v7r001_00_complexa_beam_a42e8fc6f9a25/job_0_n_232_id_18_beam_orig0_bm3-s0to100br0-s100to200br2/job_0_n_232_id_18_beam_orig0_bm3-s0to100br0-s100to200br2.pdb,72,"2,0,13,16,19,16,19,14,11,3,10,18,19,19,6,18,7,15,2,12,16,9,6,4,11,13,14,19,6,11,5,10,3,10,0,0,10,9,19,18,17,6,12,6,3,11,2,9,9,5,13,19,8,7,6,6,3,10,11,19,5,8,15,15,18,1,5,1,0,1,10,10,11,3,5,10,15,10,7,2,0,0,10,5,9,16,3,19,11,10,5,3,0,7,19,18,1,4,12,9,15,18,7,7,0,3,18,11,1,9,16,19,11,19,2,0,2,0,13,16,19,16,19,14,11,3,10,18,19,19,6,18,7,15,2,12,16,9,6,4,11,13,14,19,6,11,5,10,3,10,0,0,10,9,19,18,17,6,12,6,3,11,2,9,9,5,13,19,8,7,6,6,3,10,11,19,5,8,15,15,18,1,5,1,0,1,10,10,11,3,5,10,15,10,7,2,0,0,10,5,9,16,3,19,11,10,5,3,0,7,19,18,1,4,12,9,15,18,7,7,0,3,18,11,1,9,16,19,11,19,2,0",-0.5206794,0.29208016,3.0,0.04916268,55.683968,0.05246744,1.0,0.05246744,0.30810896,0.012707841,0.0,0.0,0.04916268,0.0024146596,0.85986555,0.30810896,2.911324,1.2777894,55.683968,-0.5206794,3.8667696,197.81142,0.012316773,0.04585792,1.0,197.81142,0.26477632,0.14013447,2.911324,0.0024146596,0.0130989095,0.29208016,0.0,1.2777894,3.8667696,0.012316773,0.5206794,0.0,0.0130989095,0.5206794,0.5867382,0.04585792,1.0,0.012707841,lookahead,beam_orig0_bm3-s0to100br0-s100to200br2
/work/T-REX/external/Proteina-Complexa/inference/search_binder_local_pipeline_32_PDL1_ALPHA_REPACK_v7_r001_warmstart_v7r001_00_complexa_beam_a42e8fc6f9a25/job_0_n_229_id_18_beam_orig1_bm2-s0to100br3-s100to200br2/job_0_n_229_id_18_beam_orig1_bm2-s0to100br3-s100to200br2.pdb,73,"2,0,13,16,19,16,19,14,11,3,10,18,19,19,6,18,7,15,2,12,16,9,6,4,11,13,14,19,6,11,5,10,3,10,0,0,10,9,19,18,17,6,12,6,3,11,2,9,9,5,13,19,8,7,6,6,3,10,11,19,5,8,15,15,18,1,5,1,0,1,10,10,11,3,5,10,15,10,7,2,0,0,10,5,9,16,3,19,11,10,5,3,0,7,19,18,1,4,12,9,15,18,7,7,0,3,18,11,1,9,16,19,11,19,2,0,0,13,16,19,16,19,14,11,3,10,18,19,19,6,18,7,15,2,12,16,9,6,4,11,13,14,19,6,11,5,10,3,10,0,0,10,9,19,18,17,6,12,6,3,11,2,9,9,5,13,19,8,7,6,6,3,10,11,19,5,8,15,15,18,1,5,1,0,1,10,10,11,3,5,10,15,10,7,2,0,0,10,5,9,16,3,19,11,10,5,3,0,7,19,18,1,4,12,9,15,18,7,7,0,3,18,11,1,9,16,19,11,19,0,0,0",-0.51213545,0.2854441,3.0,0.05201865,54.335938,0.055264983,1.0,0.055264983,0.30360883,0.012966042,0.0,0.0,0.05201865,0.0017379702,0.8619251,0.30360883,2.4481187,1.2658957,54.335938,-0.51213545,3.8152778,198.9816,0.012798041,0.04877232,1.0,198.9816,0.27112398,0.13807485,2.4481187,0.0017379702,0.013134044,0.2854441,0.0,1.2658957,3.8152778,0.012798041,0.51213545,0.0,0.013134044,0.51213545,0.5932613,0.04877232,1.0,0.012966042,lookahead,beam_orig1_bm2-s0to100br3-s100to200br2
/work/T-REX/external/Proteina-Complexa/inference/search_binder_local_pipeline_32_PDL1_ALPHA_REPACK_v7_r001_warmstart_v7r001_00_complexa_beam_a42e8fc6f9a25/job_0_n_167_id_18_beam_orig2_bm2-s0to100br3-s100to200br2/job_0_n_167_id_18_beam_orig2_bm2-s0to100br3-s100to200br2.pdb,74,"2,0,13,16,19,16,19,14,11,3,10,18,19,19,6,18,7,15,2,12,16,9,6,4,11,13,14,19,6,11,5,10,3,10,0,0,10,9,19,18,17,6,12,6,3,11,2,9,9,5,13,19,8,7,6,6,3,10,11,19,5,8,15,15,18,1,5,1,0,1,10,10,11,3,5,10,15,10,7,2,0,0,10,5,9,16,3,19,11,10,5,3,0,7,19,18,1,4,12,9,15,18,7,7,0,3,18,11,1,9,16,19,11,19,2,0,15,6,11,3,6,10,10,5,9,0,2,15,3,1,3,10,16,7,9,19,15,3,11,13,11,16,3,9,6,7,7,1,10,1,2,12,19,6,19,2,10,19,12,3,0,10,5,1,11,18,7,0,0,0,0,0,0,0,0,0,0,0,0,0,0,0,0,0,0,0,0,0,0,0,0,0,0,0,0,0,0,0,0,0,0,0,0,0,0,0,0,0,0,0,0,0,0,0,0,0,0,0,0,0,0,0,0,0,0,0,0,0,0,0,0,0",-0.36552763,0.17414911,3.0,0.11514257,38.83762,0.1425866,1.0,0.1425866,0.3031108,0.08020212,0.0,0.0,0.11514257,0.014942016,0.70142925,0.3031108,1.0793095,2.465693,38.83762,-0.36552763,3.1360695,216.16937,0.07946519,0.08769853,1.0,216.16937,0.48334977,0.29857075,1.0793095,0.014942016,0.080939054,0.17414911,0.0,2.465693,3.1360695,0.07946519,0.36552763,0.0,0.080939054,0.36552763,0.76636124,0.08769853,1.0,0.08020212,lookahead,beam_orig2_bm2-s0to100br3-s100to200br2
/work/T-REX/external/Proteina-Complexa/inference/search_binder_local_pipeline_32_PDL1_ALPHA_REPACK_v7_r001_warmstart_v7r001_00_complexa_beam_a42e8fc6f9a25/job_0_n_175_id_18_beam_orig3_bm1-s0to100br1-s100to200br2/job_0_n_175_id_18_beam_orig3_bm1-s0to100br1-s100to200br2.pdb,75,"2,0,13,16,19,16,19,14,11,3,10,18,19,19,6,18,7,15,2,12,16,9,6,4,11,13,14,19,6,11,5,10,3,10,0,0,10,9,19,18,17,6,12,6,3,11,2,9,9,5,13,19,8,7,6,6,3,10,11,19,5,8,15,15,18,1,5,1,0,1,10,10,11,3,5,10,15,10,7,2,0,0,10,5,9,16,3,19,11,10,5,3,0,7,19,18,1,4,12,9,15,18,7,7,0,3,18,11,1,9,16,19,11,19,2,0,2,11,16,9,11,2,0,3,9,13,13,3,9,15,9,14,3,10,10,0,0,10,6,11,8,2,7,15,19,15,0,16,15,1,6,10,2,10,14,1,5,11,19,19,3,19,10,19,13,10,6,11,6,11,10,9,5,10,11,0,0,0,0,0,0,0,0,0,0,0,0,0,0,0,0,0,0,0,0,0,0,0,0,0,0,0,0,0,0,0,0,0,0,0,0,0,0,0,0,0,0,0,0,0,0,0,0,0,0,0,0,0,0,0,0,0",-0.5548091,0.35003385,3.0,0.013796415,61.61799,0.02147162,1.0,0.02147162,0.40751016,0.0063160374,0.0,0.0,0.013796415,0.009251419,0.7314856,0.40751016,3.621227,1.9152559,61.61799,-0.5548091,3.7765765,205.23586,0.0,0.006121211,1.0,205.23586,0.25318703,0.26851436,3.621227,0.009251419,0.012632075,0.35003385,0.0,1.9152559,3.7765765,0.0,0.5548091,0.0,0.012632075,0.5548091,0.6736283,0.006121211,1.0,0.0063160374,lookahead,beam_orig3_bm1-s0to100br1-s100to200br2
/work/T-REX/external/Proteina-Complexa/inference/search_binder_local_pipeline_32_PDL1_ALPHA_REPACK_v7_r001_warmstart_v7r001_00_complexa_beam_a42e8fc6f9a25/job_0_n_232_id_19_beam_orig0_bm3-s0to100br0-s100to200br3/job_0_n_232_id_19_beam_orig0_bm3-s0to100br0-s100to200br3.pdb,76,"2,0,13,16,19,16,19,14,11,3,10,18,19,19,6,18,7,15,2,12,16,9,6,4,11,13,14,19,6,11,5,10,3,10,0,0,10,9,19,18,17,6,12,6,3,11,2,9,9,5,13,19,8,7,6,6,3,10,11,19,5,8,15,15,18,1,5,1,0,1,10,10,11,3,5,10,15,10,7,2,0,0,10,5,9,16,3,19,11,10,5,3,0,7,19,18,1,4,12,9,15,18,7,7,0,3,18,11,1,9,16,19,11,19,2,0,2,0,13,16,19,16,19,14,11,3,10,18,19,19,6,18,7,15,2,12,16,9,6,4,11,13,14,19,6,11,5,10,3,10,0,0,10,9,19,18,17,6,12,6,3,11,2,9,9,5,13,19,8,7,6,6,3,10,11,19,5,8,15,15,18,1,5,1,0,1,10,10,11,3,5,10,15,10,7,2,0,0,10,5,9,16,3,19,11,10,5,3,0,7,19,18,1,4,12,9,15,18,7,7,0,3,18,11,1,9,16,19,11,19,2,0",-0.53089404,0.30108666,3.0,0.04347843,56.349644,0.047313135,1.0,0.047313135,0.31339064,0.0122393025,0.0,0.0,0.04347843,0.0024672602,0.8602295,0.31339064,3.22526,1.2818626,56.349644,-0.53089404,3.8935835,198.12415,0.011985734,0.039643724,1.0,198.12415,0.25823158,0.13977052,3.22526,0.0024672602,0.012492871,0.30108666,0.0,1.2818626,3.8935835,0.011985734,0.53089404,0.0,0.012492871,0.53089404,0.58316606,0.039643724,1.0,0.0122393025,lookahead,beam_orig0_bm3-s0to100br0-s100to200br3
/work/T-REX/external/Proteina-Complexa/inference/search_binder_local_pipeline_32_PDL1_ALPHA_REPACK_v7_r001_warmstart_v7r001_00_complexa_beam_a42e8fc6f9a25/job_0_n_229_id_19_beam_orig1_bm2-s0to100br3-s100to200br3/job_0_n_229_id_19_beam_orig1_bm2-s0to100br3-s100to200br3.pdb,77,"2,0,13,16,19,16,19,14,11,3,10,18,19,19,6,18,7,15,2,12,16,9,6,4,11,13,14,19,6,11,5,10,3,10,0,0,10,9,19,18,17,6,12,6,3,11,2,9,9,5,13,19,8,7,6,6,3,10,11,19,5,8,15,15,18,1,5,1,0,1,10,10,11,3,5,10,15,10,7,2,0,0,10,5,9,16,3,19,11,10,5,3,0,7,19,18,1,4,12,9,15,18,7,7,0,3,18,11,1,9,16,19,11,19,2,0,0,13,16,19,16,19,14,11,3,10,18,19,19,6,18,7,15,2,12,16,9,6,4,11,13,14,19,6,11,5,10,3,10,0,0,10,9,19,18,17,6,12,6,3,11,2,9,9,5,13,19,8,7,6,6,3,10,11,19,5,8,15,15,18,1,5,1,0,1,10,10,11,3,5,10,15,10,7,2,0,0,10,5,9,16,3,19,11,10,5,3,0,7,19,18,1,4,12,9,15,18,7,7,0,3,18,11,1,9,16,19,11,19,0,0,0",-0.51569384,0.2865811,3.0,0.04962375,56.191257,0.051969785,1.0,0.051969785,0.30582464,0.01313602,0.0,0.0,0.04962375,0.0018155733,0.8609921,0.30582464,2.1943567,1.2695221,56.191257,-0.51569384,3.8218632,201.35751,0.012718178,0.04727772,1.0,201.35751,0.2677733,0.13900793,2.1943567,0.0018155733,0.013553862,0.2865811,0.0,1.2695221,3.8218632,0.012718178,0.51569384,0.0,0.013553862,0.51569384,0.5911636,0.04727772,1.0,0.01313602,lookahead,beam_orig1_bm2-s0to100br3-s100to200br3
/work/T-REX/external/Proteina-Complexa/inference/search_binder_local_pipeline_32_PDL1_ALPHA_REPACK_v7_r001_warmstart_v7r001_00_complexa_beam_a42e8fc6f9a25/job_0_n_167_id_19_beam_orig2_bm2-s0to100br3-s100to200br3/job_0_n_167_id_19_beam_orig2_bm2-s0to100br3-s100to200br3.pdb,78,"2,0,13,16,19,16,19,14,11,3,10,18,19,19,6,18,7,15,2,12,16,9,6,4,11,13,14,19,6,11,5,10,3,10,0,0,10,9,19,18,17,6,12,6,3,11,2,9,9,5,13,19,8,7,6,6,3,10,11,19,5,8,15,15,18,1,5,1,0,1,10,10,11,3,5,10,15,10,7,2,0,0,10,5,9,16,3,19,11,10,5,3,0,7,19,18,1,4,12,9,15,18,7,7,0,3,18,11,1,9,16,19,11,19,2,0,15,6,11,6,0,10,9,6,6,19,1,2,8,14,3,9,2,11,19,19,15,5,11,13,11,16,3,9,10,5,3,1,10,16,8,14,15,6,10,0,9,19,11,0,0,10,6,1,18,3,11,0,0,0,0,0,0,0,0,0,0,0,0,0,0,0,0,0,0,0,0,0,0,0,0,0,0,0,0,0,0,0,0,0,0,0,0,0,0,0,0,0,0,0,0,0,0,0,0,0,0,0,0,0,0,0,0,0,0,0,0,0,0,0,0,0",-0.2773076,0.13142443,3.0,0.19299836,48.811554,0.24671702,1.0,0.24671702,0.22258465,0.19089633,0.0,0.0,0.19299836,0.00295879,0.8156707,0.22258465,1.8609456,1.9892875,48.811554,-0.2773076,2.7449486,199.13632,0.13716769,0.13927971,1.0,199.13632,0.58702934,0.18432929,1.8609456,0.00295879,0.24462496,0.13142443,0.0,1.9892875,2.7449486,0.13716769,0.2773076,0.0,0.24462496,0.2773076,0.7965008,0.13927971,1.0,0.19089633,lookahead,beam_orig2_bm2-s0to100br3-s100to200br3
/work/T-REX/external/Proteina-Complexa/inference/search_binder_local_pipeline_32_PDL1_ALPHA_REPACK_v7_r001_warmstart_v7r001_00_complexa_beam_a42e8fc6f9a25/job_0_n_175_id_19_beam_orig3_bm1-s0to100br1-s100to200br3/job_0_n_175_id_19_beam_orig3_bm1-s0to100br1-s100to200br3.pdb,79,"2,0,13,16,19,16,19,14,11,3,10,18,19,19,6,18,7,15,2,12,16,9,6,4,11,13,14,19,6,11,5,10,3,10,0,0,10,9,19,18,17,6,12,6,3,11,2,9,9,5,13,19,8,7,6,6,3,10,11,19,5,8,15,15,18,1,5,1,0,1,10,10,11,3,5,10,15,10,7,2,0,0,10,5,9,16,3,19,11,10,5,3,0,7,19,18,1,4,12,9,15,18,7,7,0,3,18,11,1,9,16,19,11,19,2,0,15,5,16,9,11,2,10,6,9,10,13,5,9,15,19,10,3,10,10,6,0,10,6,1,2,2,7,15,19,15,0,16,15,1,6,10,2,10,14,1,5,16,19,19,3,19,10,19,12,10,6,11,3,11,10,9,5,1,1,0,0,0,0,0,0,0,0,0,0,0,0,0,0,0,0,0,0,0,0,0,0,0,0,0,0,0,0,0,0,0,0,0,0,0,0,0,0,0,0,0,0,0,0,0,0,0,0,0,0,0,0,0,0,0,0,0",-0.5179163,0.30983898,3.0,0.03461543,68.17506,0.037033696,1.0,0.037033696,0.39254633,0.013094394,0.0,0.0,0.03461543,0.010156473,0.73291844,0.39254633,4.239529,1.9865284,68.17506,-0.5179163,3.668847,214.47583,0.011563608,0.032197166,1.0,214.47583,0.2799617,0.26708156,4.239529,0.010156473,0.01462518,0.30983898,0.0,1.9865284,3.668847,0.011563608,0.5179163,0.0,0.01462518,0.5179163,0.68281424,0.032197166,1.0,0.013094394,lookahead,beam_orig3_bm1-s0to100br1-s100to200br3
/work/T-REX/external/Proteina-Complexa/inference/search_binder_local_pipeline_32_PDL1_ALPHA_REPACK_v7_r001_warmstart_v7r001_00_complexa_beam_a42e8fc6f9a25/job_0_n_232_id_20_beam_orig0_bm1-s0to100br1-s100to200br0/job_0_n_232_id_20_beam_orig0_bm1-s0to100br1-s100to200br0.pdb,80,"2,0,13,16,19,16,19,14,11,3,10,18,19,19,6,18,7,15,2,12,16,9,6,4,11,13,14,19,6,11,5,10,3,10,0,0,10,9,19,18,17,6,12,6,3,11,2,9,9,5,13,19,8,7,6,6,3,10,11,19,5,8,15,15,18,1,5,1,0,1,10,10,11,3,5,10,15,10,7,2,0,0,10,5,9,16,3,19,11,10,5,3,0,7,19,18,1,4,12,9,15,18,7,7,0,3,18,11,1,9,16,19,11,19,2,0,2,0,13,16,19,16,19,14,11,3,10,18,19,19,6,18,7,15,2,12,16,9,6,4,11,13,14,19,6,11,5,10,3,10,0,0,10,9,19,18,17,6,12,6,3,11,2,9,9,5,13,19,8,7,6,6,3,10,11,19,5,8,15,15,18,1,5,1,0,1,10,10,11,3,5,10,15,10,7,2,0,0,10,5,9,16,3,19,11,10,5,3,0,7,19,18,1,4,12,9,15,18,7,7,0,3,18,11,1,9,16,19,11,19,2,0",-0.519652,0.28776875,3.0,0.04988434,57.96949,0.052960455,1.0,0.052960455,0.30739376,0.012799721,0.0,0.0,0.04988434,0.0024006567,0.8601475,0.30739376,2.7848058,1.2768463,57.96949,-0.519652,3.866354,196.6119,0.012526868,0.046808224,1.0,196.6119,0.26594925,0.13985252,2.7848058,0.0024006567,0.0130725745,0.28776875,0.0,1.2768463,3.866354,0.012526868,0.519652,0.0,0.0130725745,0.519652,0.5875165,0.046808224,1.0,0.012799721,lookahead,beam_orig0_bm1-s0to100br1-s100to200br0
/work/T-REX/external/Proteina-Complexa/inference/search_binder_local_pipeline_32_PDL1_ALPHA_REPACK_v7_r001_warmstart_v7r001_00_complexa_beam_a42e8fc6f9a25/job_0_n_229_id_20_beam_orig1_bm1-s0to100br0-s100to200br0/job_0_n_229_id_20_beam_orig1_bm1-s0to100br0-s100to200br0.pdb,81,"2,0,13,16,19,16,19,14,11,3,10,18,19,19,6,18,7,15,2,12,16,9,6,4,11,13,14,19,6,11,5,10,3,10,0,0,10,9,19,18,17,6,12,6,3,11,2,9,9,5,13,19,8,7,6,6,3,10,11,19,5,8,15,15,18,1,5,1,0,1,10,10,11,3,5,10,15,10,7,2,0,0,10,5,9,16,3,19,11,10,5,3,0,7,19,18,1,4,12,9,15,18,7,7,0,3,18,11,1,9,16,19,11,19,2,0,0,13,16,19,16,19,14,11,3,10,18,19,19,6,18,7,15,2,12,16,9,6,4,11,13,14,19,6,11,5,10,3,10,0,0,10,9,19,18,17,6,12,6,3,11,2,9,9,5,13,19,8,7,6,6,3,10,11,19,5,8,15,15,18,1,5,1,0,1,10,10,11,3,5,10,15,10,7,2,0,0,10,5,9,16,3,19,11,10,5,3,0,7,19,18,1,4,12,9,15,18,7,7,0,3,18,11,1,9,16,19,11,19,0,0,0",-0.51796407,0.28851762,3.0,0.04916231,70.20074,0.05164937,1.0,0.05164937,0.30684227,0.012715412,0.0,0.0,0.04916231,0.0018011369,0.8613229,0.30684227,2.8638718,1.2716098,70.20074,-0.51796407,3.8327467,210.62175,0.012359413,0.04667525,1.0,210.62175,0.26746243,0.13867709,2.8638718,0.0018011369,0.013071412,0.28851762,0.0,1.2716098,3.8327467,0.012359413,0.51796407,0.0,0.013071412,0.51796407,0.5912349,0.04667525,1.0,0.012715412,lookahead,beam_orig1_bm1-s0to100br0-s100to200br0
/work/T-REX/external/Proteina-Complexa/inference/search_binder_local_pipeline_32_PDL1_ALPHA_REPACK_v7_r001_warmstart_v7r001_00_complexa_beam_a42e8fc6f9a25/job_0_n_167_id_20_beam_orig2_bm2-s0to100br0-s100to200br0/job_0_n_167_id_20_beam_orig2_bm2-s0to100br0-s100to200br0.pdb,82,"2,0,13,16,19,16,19,14,11,3,10,18,19,19,6,18,7,15,2,12,16,9,6,4,11,13,14,19,6,11,5,10,3,10,0,0,10,9,19,18,17,6,12,6,3,11,2,9,9,5,13,19,8,7,6,6,3,10,11,19,5,8,15,15,18,1,5,1,0,1,10,10,11,3,5,10,15,10,7,2,0,0,10,5,9,16,3,19,11,10,5,3,0,7,19,18,1,4,12,9,15,18,7,7,0,3,18,11,1,9,16,19,11,19,2,0,12,19,15,11,10,0,6,3,9,18,11,0,5,6,0,7,3,0,3,16,10,9,1,0,12,1,0,10,15,11,10,6,19,14,15,3,16,10,5,0,6,10,6,11,5,1,10,0,0,0,0,0,0,0,0,0,0,0,0,0,0,0,0,0,0,0,0,0,0,0,0,0,0,0,0,0,0,0,0,0,0,0,0,0,0,0,0,0,0,0,0,0,0,0,0,0,0,0,0,0,0,0,0,0,0,0,0,0,0,0,0,0,0,0,0,0",-0.1513955,0.05064807,3.0,0.5522928,65.55818,0.6596281,1.0,0.6596281,0.12941355,0.5522928,0.0,0.0,0.5522928,0.0024786405,0.90416783,0.12941355,2.7920294,1.6579399,65.55818,-0.1513955,2.084611,198.45045,0.4449576,0.4449576,1.0,198.45045,0.8083042,0.09583219,2.7920294,0.0024786405,0.6596281,0.05064807,0.0,1.6579399,2.084611,0.4449576,0.1513955,0.0,0.6596281,0.1513955,0.8785965,0.4449576,1.0,0.5522928,lookahead,beam_orig2_bm2-s0to100br0-s100to200br0
/work/T-REX/external/Proteina-Complexa/inference/search_binder_local_pipeline_32_PDL1_ALPHA_REPACK_v7_r001_warmstart_v7r001_00_complexa_beam_a42e8fc6f9a25/job_0_n_175_id_20_beam_orig3_bm2-s0to100br1-s100to200br0/job_0_n_175_id_20_beam_orig3_bm2-s0to100br1-s100to200br0.pdb,83,"2,0,13,16,19,16,19,14,11,3,10,18,19,19,6,18,7,15,2,12,16,9,6,4,11,13,14,19,6,11,5,10,3,10,0,0,10,9,19,18,17,6,12,6,3,11,2,9,9,5,13,19,8,7,6,6,3,10,11,19,5,8,15,15,18,1,5,1,0,1,10,10,11,3,5,10,15,10,7,2,0,0,10,5,9,16,3,19,11,10,5,3,0,7,19,18,1,4,12,9,15,18,7,7,0,3,18,11,1,9,16,19,11,19,2,0,12,3,19,14,15,10,19,11,10,10,6,15,11,3,13,2,9,1,11,5,0,9,0,7,10,18,5,11,7,5,6,0,19,6,14,10,11,11,13,10,11,8,6,3,11,3,19,0,15,12,0,1,13,18,10,1,0,10,11,0,0,0,0,0,0,0,0,0,0,0,0,0,0,0,0,0,0,0,0,0,0,0,0,0,0,0,0,0,0,0,0,0,0,0,0,0,0,0,0,0,0,0,0,0,0,0,0,0,0,0,0,0,0,0,0,0",-0.28235087,0.12329808,3.0,0.2221544,104.08617,0.2802353,1.0,0.2802353,0.22151105,0.2221544,0.0,0.0,0.2221544,0.0025107304,0.80586123,0.22151105,6.8274255,1.939369,104.08617,-0.28235087,2.9733634,227.16016,0.1640735,0.1640735,1.0,227.16016,0.56913614,0.19413878,6.8274255,0.0025107304,0.2802353,0.12329808,0.0,1.939369,2.9733634,0.1640735,0.28235087,0.0,0.2802353,0.28235087,0.7822107,0.1640735,1.0,0.2221544,lookahead,beam_orig3_bm2-s0to100br1-s100to200br0
/work/T-REX/external/Proteina-Complexa/inference/search_binder_local_pipeline_32_PDL1_ALPHA_REPACK_v7_r001_warmstart_v7r001_00_complexa_beam_a42e8fc6f9a25/job_0_n_232_id_21_beam_orig0_bm1-s0to100br1-s100to200br1/job_0_n_232_id_21_beam_orig0_bm1-s0to100br1-s100to200br1.pdb,84,"2,0,13,16,19,16,19,14,11,3,10,18,19,19,6,18,7,15,2,12,16,9,6,4,11,13,14,19,6,11,5,10,3,10,0,0,10,9,19,18,17,6,12,6,3,11,2,9,9,5,13,19,8,7,6,6,3,10,11,19,5,8,15,15,18,1,5,1,0,1,10,10,11,3,5,10,15,10,7,2,0,0,10,5,9,16,3,19,11,10,5,3,0,7,19,18,1,4,12,9,15,18,7,7,0,3,18,11,1,9,16,19,11,19,2,0,2,0,13,16,19,16,19,14,11,3,10,18,19,19,6,18,7,15,2,12,16,9,6,4,11,13,14,19,6,11,5,10,3,10,0,0,10,9,19,18,17,6,12,6,3,11,2,9,9,5,13,19,8,7,6,6,3,10,11,19,5,8,15,15,18,1,5,1,0,1,10,10,11,3,5,10,15,10,7,2,0,0,10,5,9,16,3,19,11,10,5,3,0,7,19,18,1,4,12,9,15,18,7,7,0,3,18,11,1,9,16,19,11,19,2,0",-0.52785265,0.2976016,3.0,0.044644877,58.583916,0.048022628,1.0,0.048022628,0.3117566,0.0124085415,0.0,0.0,0.044644877,0.0024760263,0.85973054,0.3117566,2.9149158,1.2800907,58.583916,-0.52785265,3.886437,199.28075,0.012235938,0.04126713,1.0,199.28075,0.25984094,0.14026944,2.9149158,0.0024760263,0.012581144,0.2976016,0.0,1.2800907,3.886437,0.012235938,0.52785265,0.0,0.012581144,0.52785265,0.5840268,0.04126713,1.0,0.0124085415,lookahead,beam_orig0_bm1-s0to100br1-s100to200br1
/work/T-REX/external/Proteina-Complexa/inference/search_binder_local_pipeline_32_PDL1_ALPHA_REPACK_v7_r001_warmstart_v7r001_00_complexa_beam_a42e8fc6f9a25/job_0_n_229_id_21_beam_orig1_bm1-s0to100br0-s100to200br1/job_0_n_229_id_21_beam_orig1_bm1-s0to100br0-s100to200br1.pdb,85,"2,0,13,16,19,16,19,14,11,3,10,18,19,19,6,18,7,15,2,12,16,9,6,4,11,13,14,19,6,11,5,10,3,10,0,0,10,9,19,18,17,6,12,6,3,11,2,9,9,5,13,19,8,7,6,6,3,10,11,19,5,8,15,15,18,1,5,1,0,1,10,10,11,3,5,10,15,10,7,2,0,0,10,5,9,16,3,19,11,10,5,3,0,7,19,18,1,4,12,9,15,18,7,7,0,3,18,11,1,9,16,19,11,19,2,0,0,13,16,19,16,19,14,11,3,10,18,19,19,6,18,7,15,2,12,16,9,6,4,11,13,14,19,6,11,5,10,3,10,0,0,10,9,19,18,17,6,12,6,3,11,2,9,9,5,13,19,8,7,6,6,3,10,11,19,5,8,15,15,18,1,5,1,0,1,10,10,11,3,5,10,15,10,7,2,0,0,10,5,9,16,3,19,11,10,5,3,0,7,19,18,1,4,12,9,15,18,7,7,0,3,18,11,1,9,16,19,11,19,0,0,0",-0.52238387,0.2919348,3.0,0.048467085,69.70553,0.051096354,1.0,0.051096354,0.3096302,0.0125937555,0.0,0.0,0.048467085,0.0017971311,0.86063224,0.3096302,2.8564384,1.2781099,69.70553,-0.52238387,3.8428366,214.29666,0.012428248,0.045837812,1.0,214.29666,0.26559448,0.13936776,2.8564384,0.0017971311,0.012759264,0.2919348,0.0,1.2781099,3.8428366,0.012428248,0.52238387,0.0,0.012759264,0.52238387,0.5902389,0.045837812,1.0,0.0125937555,lookahead,beam_orig1_bm1-s0to100br0-s100to200br1
/work/T-REX/external/Proteina-Complexa/inference/search_binder_local_pipeline_32_PDL1_ALPHA_REPACK_v7_r001_warmstart_v7r001_00_complexa_beam_a42e8fc6f9a25/job_0_n_167_id_21_beam_orig2_bm2-s0to100br0-s100to200br1/job_0_n_167_id_21_beam_orig2_bm2-s0to100br0-s100to200br1.pdb,86,"2,0,13,16,19,16,19,14,11,3,10,18,19,19,6,18,7,15,2,12,16,9,6,4,11,13,14,19,6,11,5,10,3,10,0,0,10,9,19,18,17,6,12,6,3,11,2,9,9,5,13,19,8,7,6,6,3,10,11,19,5,8,15,15,18,1,5,1,0,1,10,10,11,3,5,10,15,10,7,2,0,0,10,5,9,16,3,19,11,10,5,3,0,7,19,18,1,4,12,9,15,18,7,7,0,3,18,11,1,9,16,19,11,19,2,0,2,19,0,6,10,0,6,2,9,18,11,0,2,5,0,2,3,0,3,16,10,9,1,0,12,1,6,10,3,11,2,2,19,14,2,11,16,10,5,16,6,10,6,11,5,1,10,0,8,6,0,0,0,0,0,0,0,0,0,0,0,0,0,0,0,0,0,0,0,0,0,0,0,0,0,0,0,0,0,0,0,0,0,0,0,0,0,0,0,0,0,0,0,0,0,0,0,0,0,0,0,0,0,0,0,0,0,0,0,0,0,0,0,0,0,0",-0.22861847,0.10245931,3.0,0.27545387,50.10248,0.36236125,1.0,0.36236125,0.18383782,0.27444407,0.0,0.0,0.27545387,0.0056857704,0.84898776,0.18383782,2.3738937,1.7760547,50.10248,-0.22861847,2.6516461,185.50996,0.18652688,0.18854651,1.0,185.50996,0.6338054,0.15101226,2.3738937,0.0056857704,0.36236125,0.10245931,0.0,1.7760547,2.6516461,0.18652688,0.22861847,0.0,0.36236125,0.22861847,0.8206595,0.18854651,1.0,0.27444407,lookahead,beam_orig2_bm2-s0to100br0-s100to200br1
/work/T-REX/external/Proteina-Complexa/inference/search_binder_local_pipeline_32_PDL1_ALPHA_REPACK_v7_r001_warmstart_v7r001_00_complexa_beam_a42e8fc6f9a25/job_0_n_175_id_21_beam_orig3_bm2-s0to100br1-s100to200br1/job_0_n_175_id_21_beam_orig3_bm2-s0to100br1-s100to200br1.pdb,87,"2,0,13,16,19,16,19,14,11,3,10,18,19,19,6,18,7,15,2,12,16,9,6,4,11,13,14,19,6,11,5,10,3,10,0,0,10,9,19,18,17,6,12,6,3,11,2,9,9,5,13,19,8,7,6,6,3,10,11,19,5,8,15,15,18,1,5,1,0,1,10,10,11,3,5,10,15,10,7,2,0,0,10,5,9,16,3,19,11,10,5,3,0,7,19,18,1,4,12,9,15,18,7,7,0,3,18,11,1,9,16,19,11,19,2,0,12,15,19,14,6,10,19,11,10,10,6,15,14,3,11,6,19,1,11,5,0,0,0,7,10,13,0,11,7,6,6,0,19,6,14,10,11,11,13,10,11,15,3,3,6,3,19,1,3,13,0,1,13,18,10,1,0,10,11,0,0,0,0,0,0,0,0,0,0,0,0,0,0,0,0,0,0,0,0,0,0,0,0,0,0,0,0,0,0,0,0,0,0,0,0,0,0,0,0,0,0,0,0,0,0,0,0,0,0,0,0,0,0,0,0,0",-0.42133254,0.2579514,3.0,0.075578004,60.623337,0.08041952,1.0,0.08041952,0.325723,0.01913433,0.0,0.0,0.075578004,0.0032189437,0.7110392,0.325723,3.114677,2.0636315,60.623337,-0.42133254,3.4338543,235.94913,0.013869007,0.0707365,1.0,235.94913,0.37400264,0.28896078,3.114677,0.0032189437,0.024399653,0.2579514,0.0,2.0636315,3.4338543,0.013869007,0.42133254,0.0,0.024399653,0.42133254,0.7147031,0.0707365,1.0,0.01913433,lookahead,beam_orig3_bm2-s0to100br1-s100to200br1
/work/T-REX/external/Proteina-Complexa/inference/search_binder_local_pipeline_32_PDL1_ALPHA_REPACK_v7_r001_warmstart_v7r001_00_complexa_beam_a42e8fc6f9a25/job_0_n_232_id_22_beam_orig0_bm1-s0to100br1-s100to200br2/job_0_n_232_id_22_beam_orig0_bm1-s0to100br1-s100to200br2.pdb,88,"2,0,13,16,19,16,19,14,11,3,10,18,19,19,6,18,7,15,2,12,16,9,6,4,11,13,14,19,6,11,5,10,3,10,0,0,10,9,19,18,17,6,12,6,3,11,2,9,9,5,13,19,8,7,6,6,3,10,11,19,5,8,15,15,18,1,5,1,0,1,10,10,11,3,5,10,15,10,7,2,0,0,10,5,9,16,3,19,11,10,5,3,0,7,19,18,1,4,12,9,15,18,7,7,0,3,18,11,1,9,16,19,11,19,2,0,2,0,13,16,19,16,19,14,11,3,10,18,19,19,6,18,7,15,2,12,16,9,6,4,11,13,14,19,6,11,5,10,3,10,0,0,10,9,19,18,17,6,12,6,3,11,2,9,9,5,13,19,8,7,6,6,3,10,11,19,5,8,15,15,18,1,5,1,0,1,10,10,11,3,5,10,15,10,7,2,0,0,10,5,9,16,3,19,11,10,5,3,0,7,19,18,1,4,12,9,15,18,7,7,0,3,18,11,1,9,16,19,11,19,2,0",-0.5302571,0.30027512,3.0,0.043634113,57.6159,0.04754918,1.0,0.04754918,0.31308016,0.01231431,0.0,0.0,0.043634113,0.0025147086,0.85996985,0.31308016,3.1027713,1.2819003,57.6159,-0.5302571,3.8931165,200.07497,0.012004779,0.039719045,1.0,200.07497,0.25856763,0.14003018,3.1027713,0.0025147086,0.012623841,0.30027512,0.0,1.2819003,3.8931165,0.012004779,0.5302571,0.0,0.012623841,0.5302571,0.58351123,0.039719045,1.0,0.01231431,lookahead,beam_orig0_bm1-s0to100br1-s100to200br2
/work/T-REX/external/Proteina-Complexa/inference/search_binder_local_pipeline_32_PDL1_ALPHA_REPACK_v7_r001_warmstart_v7r001_00_complexa_beam_a42e8fc6f9a25/job_0_n_229_id_22_beam_orig1_bm1-s0to100br0-s100to200br2/job_0_n_229_id_22_beam_orig1_bm1-s0to100br0-s100to200br2.pdb,89,"2,0,13,16,19,16,19,14,11,3,10,18,19,19,6,18,7,15,2,12,16,9,6,4,11,13,14,19,6,11,5,10,3,10,0,0,10,9,19,18,17,6,12,6,3,11,2,9,9,5,13,19,8,7,6,6,3,10,11,19,5,8,15,15,18,1,5,1,0,1,10,10,11,3,5,10,15,10,7,2,0,0,10,5,9,16,3,19,11,10,5,3,0,7,19,18,1,4,12,9,15,18,7,7,0,3,18,11,1,9,16,19,11,19,2,0,0,13,16,19,16,19,14,11,3,10,18,19,19,6,18,7,15,2,12,16,9,6,4,11,13,14,19,6,11,5,10,3,10,0,0,10,9,19,18,17,6,12,6,3,11,2,9,9,5,13,19,8,7,6,6,3,10,11,19,5,8,15,15,18,1,5,1,0,1,10,10,11,3,5,10,15,10,7,2,0,0,10,5,9,16,3,19,11,10,5,3,0,7,19,18,1,4,12,9,15,18,7,7,0,3,18,11,1,9,16,19,11,19,0,0,0",-0.52127784,0.29336902,3.0,0.04817199,69.39585,0.05029508,1.0,0.05029508,0.30873558,0.012466591,0.0,0.0,0.04817199,0.0017519187,0.8607538,0.30873558,2.7543216,1.2744027,69.39585,-0.52127784,3.840298,211.0852,0.012146878,0.046048902,1.0,211.0852,0.26479125,0.13924623,2.7543216,0.0017519187,0.012786303,0.29336902,0.0,1.2744027,3.840298,0.012146878,0.52127784,0.0,0.012786303,0.52127784,0.58972466,0.046048902,1.0,0.012466591,lookahead,beam_orig1_bm1-s0to100br0-s100to200br2
/work/T-REX/external/Proteina-Complexa/inference/search_binder_local_pipeline_32_PDL1_ALPHA_REPACK_v7_r001_warmstart_v7r001_00_complexa_beam_a42e8fc6f9a25/job_0_n_167_id_22_beam_orig2_bm2-s0to100br0-s100to200br2/job_0_n_167_id_22_beam_orig2_bm2-s0to100br0-s100to200br2.pdb,90,"2,0,13,16,19,16,19,14,11,3,10,18,19,19,6,18,7,15,2,12,16,9,6,4,11,13,14,19,6,11,5,10,3,10,0,0,10,9,19,18,17,6,12,6,3,11,2,9,9,5,13,19,8,7,6,6,3,10,11,19,5,8,15,15,18,1,5,1,0,1,10,10,11,3,5,10,15,10,7,2,0,0,10,5,9,16,3,19,11,10,5,3,0,7,19,18,1,4,12,9,15,18,7,7,0,3,18,11,1,9,16,19,11,19,2,0,15,19,0,6,10,0,11,3,9,18,6,0,15,5,0,15,3,0,3,11,10,9,1,0,12,1,0,10,15,3,2,2,19,14,15,3,16,10,5,11,6,10,6,11,5,1,10,0,0,6,0,0,0,0,0,0,0,0,0,0,0,0,0,0,0,0,0,0,0,0,0,0,0,0,0,0,0,0,0,0,0,0,0,0,0,0,0,0,0,0,0,0,0,0,0,0,0,0,0,0,0,0,0,0,0,0,0,0,0,0,0,0,0,0,0,0",-0.20072575,0.08301357,3.0,0.3391857,66.148964,0.42922363,1.0,0.42922363,0.16329822,0.33813447,0.0,0.0,0.3391857,0.004250246,0.86398304,0.16329822,2.9109845,1.7245739,66.148964,-0.20072575,2.5111313,198.62796,0.24704528,0.2491478,1.0,198.62796,0.68972194,0.136017,2.9109845,0.004250246,0.42922363,0.08301357,0.0,1.7245739,2.5111313,0.24704528,0.20072575,0.0,0.42922363,0.20072575,0.83807445,0.2491478,1.0,0.33813447,lookahead,beam_orig2_bm2-s0to100br0-s100to200br2
/work/T-REX/external/Proteina-Complexa/inference/search_binder_local_pipeline_32_PDL1_ALPHA_REPACK_v7_r001_warmstart_v7r001_00_complexa_beam_a42e8fc6f9a25/job_0_n_175_id_22_beam_orig3_bm2-s0to100br1-s100to200br2/job_0_n_175_id_22_beam_orig3_bm2-s0to100br1-s100to200br2.pdb,91,"2,0,13,16,19,16,19,14,11,3,10,18,19,19,6,18,7,15,2,12,16,9,6,4,11,13,14,19,6,11,5,10,3,10,0,0,10,9,19,18,17,6,12,6,3,11,2,9,9,5,13,19,8,7,6,6,3,10,11,19,5,8,15,15,18,1,5,1,0,1,10,10,11,3,5,10,15,10,7,2,0,0,10,5,9,16,3,19,11,10,5,3,0,7,19,18,1,4,12,9,15,18,7,7,0,3,18,11,1,9,16,19,11,19,2,0,12,16,19,6,6,10,19,6,10,10,6,15,14,3,6,15,19,1,11,6,0,9,0,7,10,18,0,11,7,6,6,0,19,6,14,10,11,11,13,10,11,8,14,3,11,3,19,0,15,12,0,1,13,18,10,1,0,10,11,0,0,0,0,0,0,0,0,0,0,0,0,0,0,0,0,0,0,0,0,0,0,0,0,0,0,0,0,0,0,0,0,0,0,0,0,0,0,0,0,0,0,0,0,0,0,0,0,0,0,0,0,0,0,0,0,0",-0.19951202,0.083788134,3.0,0.40080693,96.11219,0.45734224,1.0,0.45734224,0.1625288,0.40080693,0.0,0.0,0.40080693,0.002003788,0.8498361,0.1625288,4.9638495,1.8410518,96.11219,-0.19951202,2.5085669,227.47176,0.34427163,0.34427163,1.0,227.47176,0.70948035,0.15016392,4.9638495,0.002003788,0.45734224,0.083788134,0.0,1.8410518,2.5085669,0.34427163,0.19951202,0.0,0.45734224,0.19951202,0.83411723,0.34427163,1.0,0.40080693,lookahead,beam_orig3_bm2-s0to100br1-s100to200br2
/work/T-REX/external/Proteina-Complexa/inference/search_binder_local_pipeline_32_PDL1_ALPHA_REPACK_v7_r001_warmstart_v7r001_00_complexa_beam_a42e8fc6f9a25/job_0_n_232_id_23_beam_orig0_bm1-s0to100br1-s100to200br3/job_0_n_232_id_23_beam_orig0_bm1-s0to100br1-s100to200br3.pdb,92,"2,0,13,16,19,16,19,14,11,3,10,18,19,19,6,18,7,15,2,12,16,9,6,4,11,13,14,19,6,11,5,10,3,10,0,0,10,9,19,18,17,6,12,6,3,11,2,9,9,5,13,19,8,7,6,6,3,10,11,19,5,8,15,15,18,1,5,1,0,1,10,10,11,3,5,10,15,10,7,2,0,0,10,5,9,16,3,19,11,10,5,3,0,7,19,18,1,4,12,9,15,18,7,7,0,3,18,11,1,9,16,19,11,19,2,0,2,0,13,16,19,16,19,14,11,3,10,18,19,19,6,18,7,15,2,12,16,9,6,4,11,13,14,19,6,11,5,10,3,10,0,0,10,9,19,18,17,6,12,6,3,11,2,9,9,5,13,19,8,7,6,6,3,10,11,19,5,8,15,15,18,1,5,1,0,1,10,10,11,3,5,10,15,10,7,2,0,0,10,5,9,16,3,19,11,10,5,3,0,7,19,18,1,4,12,9,15,18,7,7,0,3,18,11,1,9,16,19,11,19,2,0",-0.5305412,0.29944506,3.0,0.04419146,53.597237,0.047382828,1.0,0.047382828,0.31336507,0.0123308655,0.0,0.0,0.04419146,0.0025266039,0.85969394,0.31336507,2.863928,1.2852814,53.597237,-0.5305412,3.8923779,199.80153,0.012157646,0.041000094,1.0,199.80153,0.25788826,0.14030607,2.863928,0.0025266039,0.012504086,0.29944506,0.0,1.2852814,3.8923779,0.012157646,0.5305412,0.0,0.012504086,0.5305412,0.5829107,0.041000094,1.0,0.0123308655,lookahead,beam_orig0_bm1-s0to100br1-s100to200br3
/work/T-REX/external/Proteina-Complexa/inference/search_binder_local_pipeline_32_PDL1_ALPHA_REPACK_v7_r001_warmstart_v7r001_00_complexa_beam_a42e8fc6f9a25/job_0_n_229_id_23_beam_orig1_bm1-s0to100br0-s100to200br3/job_0_n_229_id_23_beam_orig1_bm1-s0to100br0-s100to200br3.pdb,93,"2,0,13,16,19,16,19,14,11,3,10,18,19,19,6,18,7,15,2,12,16,9,6,4,11,13,14,19,6,11,5,10,3,10,0,0,10,9,19,18,17,6,12,6,3,11,2,9,9,5,13,19,8,7,6,6,3,10,11,19,5,8,15,15,18,1,5,1,0,1,10,10,11,3,5,10,15,10,7,2,0,0,10,5,9,16,3,19,11,10,5,3,0,7,19,18,1,4,12,9,15,18,7,7,0,3,18,11,1,9,16,19,11,19,2,0,0,13,16,19,16,19,14,11,3,10,18,19,19,6,18,7,15,2,12,16,9,6,4,11,13,14,19,6,11,5,10,3,10,0,0,10,9,19,18,17,6,12,6,3,11,2,9,9,5,13,19,8,7,6,6,3,10,11,19,5,8,15,15,18,1,5,1,0,1,10,10,11,3,5,10,15,10,7,2,0,0,10,5,9,16,3,19,11,10,5,3,0,7,19,18,1,4,12,9,15,18,7,7,0,3,18,11,1,9,16,19,11,19,0,0,0",-0.5206784,0.29215708,3.0,0.048651803,70.34374,0.05123751,1.0,0.05123751,0.3086105,0.012600927,0.0,0.0,0.048651803,0.0017896247,0.8607377,0.3086105,3.0815935,1.2765082,70.34374,-0.5206784,3.8378336,212.19965,0.012146421,0.046066098,1.0,212.19965,0.2660394,0.13926232,3.0815935,0.0017896247,0.013055433,0.29215708,0.0,1.2765082,3.8378336,0.012146421,0.5206784,0.0,0.013055433,0.5206784,0.5905481,0.046066098,1.0,0.012600927,lookahead,beam_orig1_bm1-s0to100br0-s100to200br3
/work/T-REX/external/Proteina-Complexa/inference/search_binder_local_pipeline_32_PDL1_ALPHA_REPACK_v7_r001_warmstart_v7r001_00_complexa_beam_a42e8fc6f9a25/job_0_n_167_id_23_beam_orig2_bm2-s0to100br0-s100to200br3/job_0_n_167_id_23_beam_orig2_bm2-s0to100br0-s100to200br3.pdb,94,"2,0,13,16,19,16,19,14,11,3,10,18,19,19,6,18,7,15,2,12,16,9,6,4,11,13,14,19,6,11,5,10,3,10,0,0,10,9,19,18,17,6,12,6,3,11,2,9,9,5,13,19,8,7,6,6,3,10,11,19,5,8,15,15,18,1,5,1,0,1,10,10,11,3,5,10,15,10,7,2,0,0,10,5,9,16,3,19,11,10,5,3,0,7,19,18,1,4,12,9,15,18,7,7,0,3,18,11,1,9,16,19,11,19,2,0,3,19,0,6,10,0,6,10,9,18,11,0,15,5,0,15,3,0,3,0,10,9,11,18,12,11,0,10,3,11,10,6,19,3,2,11,16,10,5,16,6,10,6,11,5,1,5,0,11,6,0,0,0,0,0,0,0,0,0,0,0,0,0,0,0,0,0,0,0,0,0,0,0,0,0,0,0,0,0,0,0,0,0,0,0,0,0,0,0,0,0,0,0,0,0,0,0,0,0,0,0,0,0,0,0,0,0,0,0,0,0,0,0,0,0,0",-0.27714536,0.1218093,3.0,0.21585155,53.718674,0.29940838,1.0,0.29940838,0.22480904,0.2127125,0.0,0.0,0.21585155,0.006794011,0.7897961,0.22480904,2.9526055,1.9735439,53.718674,-0.27714536,2.8901901,199.4861,0.12648754,0.1322947,1.0,199.4861,0.552499,0.21020386,2.9526055,0.006794011,0.29893744,0.1218093,0.0,1.9735439,2.8901901,0.12648754,0.27714536,0.0,0.29893744,0.27714536,0.79393053,0.1322947,1.0,0.2127125,lookahead,beam_orig2_bm2-s0to100br0-s100to200br3
/work/T-REX/external/Proteina-Complexa/inference/search_binder_local_pipeline_32_PDL1_ALPHA_REPACK_v7_r001_warmstart_v7r001_00_complexa_beam_a42e8fc6f9a25/job_0_n_175_id_23_beam_orig3_bm2-s0to100br1-s100to200br3/job_0_n_175_id_23_beam_orig3_bm2-s0to100br1-s100to200br3.pdb,95,"2,0,13,16,19,16,19,14,11,3,10,18,19,19,6,18,7,15,2,12,16,9,6,4,11,13,14,19,6,11,5,10,3,10,0,0,10,9,19,18,17,6,12,6,3,11,2,9,9,5,13,19,8,7,6,6,3,10,11,19,5,8,15,15,18,1,5,1,0,1,10,10,11,3,5,10,15,10,7,2,0,0,10,5,9,16,3,19,11,10,5,3,0,7,19,18,1,4,12,9,15,18,7,7,0,3,18,11,1,9,16,19,11,19,2,0,12,3,19,14,15,10,19,11,10,10,6,15,6,3,6,6,10,1,11,0,0,9,0,7,10,13,0,10,7,6,6,0,19,6,14,10,11,11,13,10,11,8,6,3,11,3,19,0,15,12,0,0,13,18,10,1,0,10,11,0,0,0,0,0,0,0,0,0,0,0,0,0,0,0,0,0,0,0,0,0,0,0,0,0,0,0,0,0,0,0,0,0,0,0,0,0,0,0,0,0,0,0,0,0,0,0,0,0,0,0,0,0,0,0,0,0",-0.25952557,0.14454895,3.0,0.22502823,95.33155,0.23589039,1.0,0.23589039,0.20953107,0.22304964,0.0,0.0,0.22502823,0.0026858915,0.79599357,0.20953107,4.3729377,1.9453098,95.33155,-0.25952557,2.8370442,228.25183,0.21416607,0.21416607,1.0,228.25183,0.6053248,0.20400643,4.3729377,0.0026858915,0.23193322,0.14454895,0.0,1.9453098,2.8370442,0.21416607,0.25952557,0.0,0.23193322,0.25952557,0.79709774,0.21416607,1.0,0.22304964,lookahead,beam_orig3_bm2-s0to100br1-s100to200br3
/work/T-REX/external/Proteina-Complexa/inference/search_binder_local_pipeline_32_PDL1_ALPHA_REPACK_v7_r001_warmstart_v7r001_00_complexa_beam_a42e8fc6f9a25/job_0_n_232_id_24_beam_orig0_bm0-s0to100br1-s100to200br0/job_0_n_232_id_24_beam_orig0_bm0-s0to100br1-s100to200br0.pdb,96,"2,0,13,16,19,16,19,14,11,3,10,18,19,19,6,18,7,15,2,12,16,9,6,4,11,13,14,19,6,11,5,10,3,10,0,0,10,9,19,18,17,6,12,6,3,11,2,9,9,5,13,19,8,7,6,6,3,10,11,19,5,8,15,15,18,1,5,1,0,1,10,10,11,3,5,10,15,10,7,2,0,0,10,5,9,16,3,19,11,10,5,3,0,7,19,18,1,4,12,9,15,18,7,7,0,3,18,11,1,9,16,19,11,19,2,0,2,0,13,16,19,16,19,14,11,3,10,18,19,19,6,18,7,15,2,12,16,9,6,4,11,13,14,19,6,11,5,10,3,10,0,0,10,9,19,18,17,6,12,6,3,11,2,9,9,5,13,19,8,7,6,6,3,10,11,19,5,8,15,15,18,1,5,1,0,1,10,10,11,3,5,10,15,10,7,2,0,0,10,5,9,16,3,19,11,10,5,3,0,7,19,18,1,4,12,9,15,18,7,7,0,3,18,11,1,9,16,19,11,19,2,0",-0.53286576,0.30119145,3.0,0.042706415,54.972603,0.04685558,1.0,0.04685558,0.3142393,0.0120946,0.0,0.0,0.042706415,0.0025542106,0.86024624,0.3142393,2.9365978,1.2804799,54.972603,-0.53286576,3.8981571,197.73953,0.011800414,0.038557246,1.0,197.73953,0.2562859,0.13975376,2.9365978,0.0025542106,0.012388786,0.30119145,0.0,1.2804799,3.8981571,0.011800414,0.53286576,0.0,0.012388786,0.53286576,0.58271813,0.038557246,1.0,0.0120946,lookahead,beam_orig0_bm0-s0to100br1-s100to200br0
/work/T-REX/external/Proteina-Complexa/inference/search_binder_local_pipeline_32_PDL1_ALPHA_REPACK_v7_r001_warmstart_v7r001_00_complexa_beam_a42e8fc6f9a25/job_0_n_229_id_24_beam_orig1_bm2-s0to100br1-s100to200br0/job_0_n_229_id_24_beam_orig1_bm2-s0to100br1-s100to200br0.pdb,97,"2,0,13,16,19,16,19,14,11,3,10,18,19,19,6,18,7,15,2,12,16,9,6,4,11,13,14,19,6,11,5,10,3,10,0,0,10,9,19,18,17,6,12,6,3,11,2,9,9,5,13,19,8,7,6,6,3,10,11,19,5,8,15,15,18,1,5,1,0,1,10,10,11,3,5,10,15,10,7,2,0,0,10,5,9,16,3,19,11,10,5,3,0,7,19,18,1,4,12,9,15,18,7,7,0,3,18,11,1,9,16,19,11,19,2,0,0,13,16,19,16,19,14,11,3,10,18,19,19,6,18,7,15,2,12,16,9,6,4,11,13,14,19,6,11,5,10,3,10,0,0,10,9,19,18,17,6,12,6,3,11,2,9,9,5,13,19,8,7,6,6,3,10,11,19,5,8,15,15,18,1,5,1,0,1,10,10,11,3,5,10,15,10,7,2,0,0,10,5,9,16,3,19,11,10,5,3,0,7,19,18,1,4,12,9,15,18,7,7,0,3,18,11,1,9,16,19,11,19,0,0,0",-0.509361,0.2778307,3.0,0.05308927,43.29719,0.05598227,1.0,0.05598227,0.30205175,0.013593832,0.0,0.0,0.05308927,0.0017230996,0.8618922,0.30205175,1.7433172,1.259047,43.29719,-0.509361,3.7968028,200.03029,0.013188171,0.05019627,1.0,200.03029,0.26836455,0.1381078,1.7433172,0.0017230996,0.013999493,0.2778307,0.0,1.259047,3.7968028,0.013188171,0.509361,0.0,0.013999493,0.509361,0.5918571,0.05019627,1.0,0.013593832,lookahead,beam_orig1_bm2-s0to100br1-s100to200br0
/work/T-REX/external/Proteina-Complexa/inference/search_binder_local_pipeline_32_PDL1_ALPHA_REPACK_v7_r001_warmstart_v7r001_00_complexa_beam_a42e8fc6f9a25/job_0_n_167_id_24_beam_orig2_bm3-s0to100br3-s100to200br0/job_0_n_167_id_24_beam_orig2_bm3-s0to100br3-s100to200br0.pdb,98,"2,0,13,16,19,16,19,14,11,3,10,18,19,19,6,18,7,15,2,12,16,9,6,4,11,13,14,19,6,11,5,10,3,10,0,0,10,9,19,18,17,6,12,6,3,11,2,9,9,5,13,19,8,7,6,6,3,10,11,19,5,8,15,15,18,1,5,1,0,1,10,10,11,3,5,10,15,10,7,2,0,0,10,5,9,16,3,19,11,10,5,3,0,7,19,18,1,4,12,9,15,18,7,7,0,3,18,11,1,9,16,19,11,19,2,0,0,19,3,13,3,14,2,6,16,19,15,3,13,0,6,1,18,11,10,2,12,11,3,10,15,1,9,19,3,14,2,11,11,19,7,15,10,15,7,5,6,11,9,1,10,10,11,10,9,0,7,0,0,0,0,0,0,0,0,0,0,0,0,0,0,0,0,0,0,0,0,0,0,0,0,0,0,0,0,0,0,0,0,0,0,0,0,0,0,0,0,0,0,0,0,0,0,0,0,0,0,0,0,0,0,0,0,0,0,0,0,0,0,0,0,0",-0.23460506,0.08703693,3.0,0.2968162,37.812443,0.39207593,1.0,0.39207593,0.19195606,0.2968162,0.0,0.0,0.2968162,0.003527091,0.844061,0.19195606,2.4699163,1.9120127,37.812443,-0.23460506,2.6206589,177.76253,0.20155649,0.20155649,1.0,177.76253,0.6583564,0.15593901,2.4699163,0.003527091,0.39207593,0.08703693,0.0,1.9120127,2.6206589,0.20155649,0.23460506,0.0,0.39207593,0.23460506,0.82893467,0.20155649,1.0,0.2968162,lookahead,beam_orig2_bm3-s0to100br3-s100to200br0
/work/T-REX/external/Proteina-Complexa/inference/search_binder_local_pipeline_32_PDL1_ALPHA_REPACK_v7_r001_warmstart_v7r001_00_complexa_beam_a42e8fc6f9a25/job_0_n_175_id_24_beam_orig3_bm2-s0to100br3-s100to200br0/job_0_n_175_id_24_beam_orig3_bm2-s0to100br3-s100to200br0.pdb,99,"2,0,13,16,19,16,19,14,11,3,10,18,19,19,6,18,7,15,2,12,16,9,6,4,11,13,14,19,6,11,5,10,3,10,0,0,10,9,19,18,17,6,12,6,3,11,2,9,9,5,13,19,8,7,6,6,3,10,11,19,5,8,15,15,18,1,5,1,0,1,10,10,11,3,5,10,15,10,7,2,0,0,10,5,9,16,3,19,11,10,5,3,0,7,19,18,1,4,12,9,15,18,7,7,0,3,18,11,1,9,16,19,11,19,2,0,15,15,3,3,10,13,10,0,9,11,0,7,3,18,3,11,0,6,11,10,0,1,16,10,10,19,15,14,11,16,11,6,3,10,10,0,0,9,1,0,11,3,11,6,11,0,10,1,5,10,13,10,0,5,9,6,12,11,5,0,0,0,0,0,0,0,0,0,0,0,0,0,0,0,0,0,0,0,0,0,0,0,0,0,0,0,0,0,0,0,0,0,0,0,0,0,0,0,0,0,0,0,0,0,0,0,0,0,0,0,0,0,0,0,0,0",-0.32166487,0.16889122,3.0,0.15117365,29.180876,0.19836515,1.0,0.19836515,0.23786175,0.1423516,0.0,0.0,0.15117365,0.0012438418,0.872331,0.23786175,2.9834805,1.4951745,29.180876,-0.32166487,2.8967662,170.77467,0.09894086,0.10398215,1.0,170.77467,0.5051823,0.12766896,2.9834805,0.0012438418,0.18576233,0.16889122,0.0,1.4951745,2.8967662,0.09894086,0.32166487,0.0,0.18576233,0.32166487,0.75787073,0.10398215,1.0,0.1423516,lookahead,beam_orig3_bm2-s0to100br3-s100to200br0
/work/T-REX/external/Proteina-Complexa/inference/search_binder_local_pipeline_32_PDL1_ALPHA_REPACK_v7_r001_warmstart_v7r001_00_complexa_beam_a42e8fc6f9a25/job_0_n_232_id_25_beam_orig0_bm0-s0to100br1-s100to200br1/job_0_n_232_id_25_beam_orig0_bm0-s0to100br1-s100to200br1.pdb,100,"2,0,13,16,19,16,19,14,11,3,10,18,19,19,6,18,7,15,2,12,16,9,6,4,11,13,14,19,6,11,5,10,3,10,0,0,10,9,19,18,17,6,12,6,3,11,2,9,9,5,13,19,8,7,6,6,3,10,11,19,5,8,15,15,18,1,5,1,0,1,10,10,11,3,5,10,15,10,7,2,0,0,10,5,9,16,3,19,11,10,5,3,0,7,19,18,1,4,12,9,15,18,7,7,0,3,18,11,1,9,16,19,11,19,2,0,2,0,13,16,19,16,19,14,11,3,10,18,19,19,6,18,7,15,2,12,16,9,6,4,11,13,14,19,6,11,5,10,3,10,0,0,10,9,19,18,17,6,12,6,3,11,2,9,9,5,13,19,8,7,6,6,3,10,11,19,5,8,15,15,18,1,5,1,0,1,10,10,11,3,5,10,15,10,7,2,0,0,10,5,9,16,3,19,11,10,5,3,0,7,19,18,1,4,12,9,15,18,7,7,0,3,18,11,1,9,16,19,11,19,2,0",-0.53100955,0.30171186,3.0,0.043489486,58.452663,0.047325335,1.0,0.047325335,0.31330955,0.012202902,0.0,0.0,0.043489486,0.00243912,0.8603168,0.31330955,3.173457,1.2811685,58.452663,-0.53100955,3.8950648,198.95264,0.011962752,0.039653637,1.0,198.95264,0.2578891,0.1396832,3.173457,0.00243912,0.012443051,0.30171186,0.0,1.2811685,3.8950648,0.011962752,0.53100955,0.0,0.012443051,0.53100955,0.5833485,0.039653637,1.0,0.012202902,lookahead,beam_orig0_bm0-s0to100br1-s100to200br1
/work/T-REX/external/Proteina-Complexa/inference/search_binder_local_pipeline_32_PDL1_ALPHA_REPACK_v7_r001_warmstart_v7r001_00_complexa_beam_a42e8fc6f9a25/job_0_n_229_id_25_beam_orig1_bm2-s0to100br1-s100to200br1/job_0_n_229_id_25_beam_orig1_bm2-s0to100br1-s100to200br1.pdb,101,"2,0,13,16,19,16,19,14,11,3,10,18,19,19,6,18,7,15,2,12,16,9,6,4,11,13,14,19,6,11,5,10,3,10,0,0,10,9,19,18,17,6,12,6,3,11,2,9,9,5,13,19,8,7,6,6,3,10,11,19,5,8,15,15,18,1,5,1,0,1,10,10,11,3,5,10,15,10,7,2,0,0,10,5,9,16,3,19,11,10,5,3,0,7,19,18,1,4,12,9,15,18,7,7,0,3,18,11,1,9,16,19,11,19,2,0,0,13,16,19,16,19,14,11,3,10,18,19,19,6,18,7,15,2,12,16,9,6,4,11,13,14,19,6,11,5,10,3,10,0,0,10,9,19,18,17,6,12,6,3,11,2,9,9,5,13,19,8,7,6,6,3,10,11,19,5,8,15,15,18,1,5,1,0,1,10,10,11,3,5,10,15,10,7,2,0,0,10,5,9,16,3,19,11,10,5,3,0,7,19,18,1,4,12,9,15,18,7,7,0,3,18,11,1,9,16,19,11,19,0,0,0",-0.53085494,0.30091032,3.0,0.042753905,49.32039,0.045187294,1.0,0.045187294,0.31356782,0.012219327,0.0,0.0,0.042753905,0.0017848267,0.86141944,0.31356782,2.6477845,1.2749666,49.32039,-0.53085494,3.8662865,202.47667,0.011963359,0.040320512,1.0,202.47667,0.25662595,0.13858056,2.6477845,0.0017848267,0.012475295,0.30091032,0.0,1.2749666,3.8662865,0.011963359,0.53085494,0.0,0.012475295,0.53085494,0.5860427,0.040320512,1.0,0.012219327,lookahead,beam_orig1_bm2-s0to100br1-s100to200br1
/work/T-REX/external/Proteina-Complexa/inference/search_binder_local_pipeline_32_PDL1_ALPHA_REPACK_v7_r001_warmstart_v7r001_00_complexa_beam_a42e8fc6f9a25/job_0_n_167_id_25_beam_orig2_bm3-s0to100br3-s100to200br1/job_0_n_167_id_25_beam_orig2_bm3-s0to100br3-s100to200br1.pdb,102,"2,0,13,16,19,16,19,14,11,3,10,18,19,19,6,18,7,15,2,12,16,9,6,4,11,13,14,19,6,11,5,10,3,10,0,0,10,9,19,18,17,6,12,6,3,11,2,9,9,5,13,19,8,7,6,6,3,10,11,19,5,8,15,15,18,1,5,1,0,1,10,10,11,3,5,10,15,10,7,2,0,0,10,5,9,16,3,19,11,10,5,3,0,7,19,18,1,4,12,9,15,18,7,7,0,3,18,11,1,9,16,19,11,19,2,0,14,9,3,13,3,2,2,11,16,19,11,3,9,0,10,11,18,11,11,6,3,10,10,6,0,0,7,13,3,10,2,11,10,19,15,15,10,15,7,5,6,11,19,1,10,10,5,9,10,16,16,0,0,0,0,0,0,0,0,0,0,0,0,0,0,0,0,0,0,0,0,0,0,0,0,0,0,0,0,0,0,0,0,0,0,0,0,0,0,0,0,0,0,0,0,0,0,0,0,0,0,0,0,0,0,0,0,0,0,0,0,0,0,0,0,0",-0.4021881,0.23242639,3.0,0.07840389,119.39831,0.09887722,1.0,0.09887722,0.31114742,0.016387837,0.0,0.0,0.07840389,0.004007287,0.7602928,0.31114742,17.628508,1.8901522,119.39831,-0.4021881,3.299648,252.84274,0.013573983,0.057930555,1.0,252.84274,0.38839844,0.23970717,17.628508,0.004007287,0.01920169,0.23242639,0.0,1.8901522,3.299648,0.013573983,0.4021881,0.0,0.01920169,0.4021881,0.73701656,0.057930555,1.0,0.016387837,lookahead,beam_orig2_bm3-s0to100br3-s100to200br1
/work/T-REX/external/Proteina-Complexa/inference/search_binder_local_pipeline_32_PDL1_ALPHA_REPACK_v7_r001_warmstart_v7r001_00_complexa_beam_a42e8fc6f9a25/job_0_n_175_id_25_beam_orig3_bm2-s0to100br3-s100to200br1/job_0_n_175_id_25_beam_orig3_bm2-s0to100br3-s100to200br1.pdb,103,"2,0,13,16,19,16,19,14,11,3,10,18,19,19,6,18,7,15,2,12,16,9,6,4,11,13,14,19,6,11,5,10,3,10,0,0,10,9,19,18,17,6,12,6,3,11,2,9,9,5,13,19,8,7,6,6,3,10,11,19,5,8,15,15,18,1,5,1,0,1,10,10,11,3,5,10,15,10,7,2,0,0,10,5,9,16,3,19,11,10,5,3,0,7,19,18,1,4,12,9,15,18,7,7,0,3,18,11,1,9,16,19,11,19,2,0,15,10,3,3,10,19,2,0,9,11,0,7,3,18,3,11,0,6,11,10,19,1,15,10,2,0,15,14,6,19,11,5,6,10,10,2,0,9,3,0,6,3,0,2,11,0,10,1,9,9,9,6,2,0,16,6,10,10,5,0,0,0,0,0,0,0,0,0,0,0,0,0,0,0,0,0,0,0,0,0,0,0,0,0,0,0,0,0,0,0,0,0,0,0,0,0,0,0,0,0,0,0,0,0,0,0,0,0,0,0,0,0,0,0,0,0",-0.34640187,0.17288168,3.0,0.12351906,41.755917,0.15484136,1.0,0.15484136,0.255015,0.08465569,0.0,0.0,0.12351906,0.0010695477,0.8404464,0.255015,2.349582,1.5854366,41.755917,-0.34640187,3.0226529,186.12036,0.07244757,0.09219676,1.0,186.12036,0.4355987,0.15955359,2.349582,0.0010695477,0.0968638,0.17288168,0.0,1.5854366,3.0226529,0.07244757,0.34640187,0.0,0.0968638,0.34640187,0.73634815,0.09219676,1.0,0.08465569,lookahead,beam_orig3_bm2-s0to100br3-s100to200br1
/work/T-REX/external/Proteina-Complexa/inference/search_binder_local_pipeline_32_PDL1_ALPHA_REPACK_v7_r001_warmstart_v7r001_00_complexa_beam_a42e8fc6f9a25/job_0_n_232_id_26_beam_orig0_bm0-s0to100br1-s100to200br2/job_0_n_232_id_26_beam_orig0_bm0-s0to100br1-s100to200br2.pdb,104,"2,0,13,16,19,16,19,14,11,3,10,18,19,19,6,18,7,15,2,12,16,9,6,4,11,13,14,19,6,11,5,10,3,10,0,0,10,9,19,18,17,6,12,6,3,11,2,9,9,5,13,19,8,7,6,6,3,10,11,19,5,8,15,15,18,1,5,1,0,1,10,10,11,3,5,10,15,10,7,2,0,0,10,5,9,16,3,19,11,10,5,3,0,7,19,18,1,4,12,9,15,18,7,7,0,3,18,11,1,9,16,19,11,19,2,0,2,0,13,16,19,16,19,14,11,3,10,18,19,19,6,18,7,15,2,12,16,9,6,4,11,13,14,19,6,11,5,10,3,10,0,0,10,9,19,18,17,6,12,6,3,11,2,9,9,5,13,19,8,7,6,6,3,10,11,19,5,8,15,15,18,1,5,1,0,1,10,10,11,3,5,10,15,10,7,2,0,0,10,5,9,16,3,19,11,10,5,3,0,7,19,18,1,4,12,9,15,18,7,7,0,3,18,11,1,9,16,19,11,19,2,0",-0.5342932,0.30364946,3.0,0.041729078,57.59454,0.04501064,1.0,0.04501064,0.31521022,0.012088925,0.0,0.0,0.041729078,0.0024966171,0.86002207,0.31521022,3.3945308,1.2824521,57.59454,-0.5342932,3.8990731,200.82666,0.01179146,0.038447518,1.0,200.82666,0.25540638,0.13997792,3.3945308,0.0024966171,0.012386389,0.30364946,0.0,1.2824521,3.8990731,0.01179146,0.5342932,0.0,0.012386389,0.5342932,0.5818535,0.038447518,1.0,0.012088925,lookahead,beam_orig0_bm0-s0to100br1-s100to200br2
/work/T-REX/external/Proteina-Complexa/inference/search_binder_local_pipeline_32_PDL1_ALPHA_REPACK_v7_r001_warmstart_v7r001_00_complexa_beam_a42e8fc6f9a25/job_0_n_229_id_26_beam_orig1_bm2-s0to100br1-s100to200br2/job_0_n_229_id_26_beam_orig1_bm2-s0to100br1-s100to200br2.pdb,105,"2,0,13,16,19,16,19,14,11,3,10,18,19,19,6,18,7,15,2,12,16,9,6,4,11,13,14,19,6,11,5,10,3,10,0,0,10,9,19,18,17,6,12,6,3,11,2,9,9,5,13,19,8,7,6,6,3,10,11,19,5,8,15,15,18,1,5,1,0,1,10,10,11,3,5,10,15,10,7,2,0,0,10,5,9,16,3,19,11,10,5,3,0,7,19,18,1,4,12,9,15,18,7,7,0,3,18,11,1,9,16,19,11,19,2,0,0,13,16,19,16,19,14,11,3,10,18,19,19,6,18,7,15,2,12,16,9,6,4,11,13,14,19,6,11,5,10,3,10,0,0,10,9,19,18,17,6,12,6,3,11,2,9,9,5,13,19,8,7,6,6,3,10,11,19,5,8,15,15,18,1,5,1,0,1,10,10,11,3,5,10,15,10,7,2,0,0,10,5,9,16,3,19,11,10,5,3,0,7,19,18,1,4,12,9,15,18,7,7,0,3,18,11,1,9,16,19,11,19,0,0,0",-0.5107161,0.2774896,3.0,0.049431883,40.61852,0.051796652,1.0,0.051796652,0.30299857,0.013657167,0.0,0.0,0.049431883,0.0016921838,0.86104405,0.30299857,1.5637643,1.2643746,40.61852,-0.5107161,3.7935264,201.25114,0.013518614,0.047067113,1.0,201.25114,0.2657314,0.13895594,1.5637643,0.0016921838,0.0137957195,0.2774896,0.0,1.2643746,3.7935264,0.013518614,0.5107161,0.0,0.0137957195,0.5107161,0.59039676,0.047067113,1.0,0.013657167,lookahead,beam_orig1_bm2-s0to100br1-s100to200br2
/work/T-REX/external/Proteina-Complexa/inference/search_binder_local_pipeline_32_PDL1_ALPHA_REPACK_v7_r001_warmstart_v7r001_00_complexa_beam_a42e8fc6f9a25/job_0_n_167_id_26_beam_orig2_bm3-s0to100br3-s100to200br2/job_0_n_167_id_26_beam_orig2_bm3-s0to100br3-s100to200br2.pdb,106,"2,0,13,16,19,16,19,14,11,3,10,18,19,19,6,18,7,15,2,12,16,9,6,4,11,13,14,19,6,11,5,10,3,10,0,0,10,9,19,18,17,6,12,6,3,11,2,9,9,5,13,19,8,7,6,6,3,10,11,19,5,8,15,15,18,1,5,1,0,1,10,10,11,3,5,10,15,10,7,2,0,0,10,5,9,16,3,19,11,10,5,3,0,7,19,18,1,4,12,9,15,18,7,7,0,3,18,11,1,9,16,19,11,19,2,0,15,0,9,3,12,2,11,14,9,11,3,9,0,10,6,6,7,9,15,10,11,3,9,6,11,0,7,10,3,9,2,11,10,7,11,2,10,15,7,5,6,9,9,11,10,10,11,10,1,3,11,0,0,0,0,0,0,0,0,0,0,0,0,0,0,0,0,0,0,0,0,0,0,0,0,0,0,0,0,0,0,0,0,0,0,0,0,0,0,0,0,0,0,0,0,0,0,0,0,0,0,0,0,0,0,0,0,0,0,0,0,0,0,0,0,0",-0.22599314,0.08487606,3.0,0.3172736,44.343964,0.41864616,1.0,0.41864616,0.18577912,0.3172736,0.0,0.0,0.3172736,0.0036225577,0.8650367,0.18577912,2.0336556,1.9140818,44.343964,-0.22599314,2.4640274,172.52444,0.21590103,0.21590103,1.0,172.52444,0.67458373,0.13496329,2.0336556,0.0036225577,0.41864616,0.08487606,0.0,1.9140818,2.4640274,0.21590103,0.22599314,0.0,0.41864616,0.22599314,0.82998145,0.21590103,1.0,0.3172736,lookahead,beam_orig2_bm3-s0to100br3-s100to200br2
/work/T-REX/external/Proteina-Complexa/inference/search_binder_local_pipeline_32_PDL1_ALPHA_REPACK_v7_r001_warmstart_v7r001_00_complexa_beam_a42e8fc6f9a25/job_0_n_175_id_26_beam_orig3_bm2-s0to100br3-s100to200br2/job_0_n_175_id_26_beam_orig3_bm2-s0to100br3-s100to200br2.pdb,107,"2,0,13,16,19,16,19,14,11,3,10,18,19,19,6,18,7,15,2,12,16,9,6,4,11,13,14,19,6,11,5,10,3,10,0,0,10,9,19,18,17,6,12,6,3,11,2,9,9,5,13,19,8,7,6,6,3,10,11,19,5,8,15,15,18,1,5,1,0,1,10,10,11,3,5,10,15,10,7,2,0,0,10,5,9,16,3,19,11,10,5,3,0,7,19,18,1,4,12,9,15,18,7,7,0,3,18,11,1,9,16,19,11,19,2,0,15,3,3,3,10,13,10,0,9,11,0,7,3,18,3,11,0,6,11,10,19,1,0,0,3,10,15,19,11,3,11,5,3,10,10,0,0,9,3,0,11,3,5,3,11,0,10,1,10,0,10,19,0,12,9,11,15,11,15,0,0,0,0,0,0,0,0,0,0,0,0,0,0,0,0,0,0,0,0,0,0,0,0,0,0,0,0,0,0,0,0,0,0,0,0,0,0,0,0,0,0,0,0,0,0,0,0,0,0,0,0,0,0,0,0,0",-0.2642062,0.11694193,3.0,0.22799361,35.157772,0.29573506,1.0,0.29573506,0.20282328,0.22799361,0.0,0.0,0.22799361,0.0020269419,0.8655548,0.20282328,1.4065235,1.6014253,35.157772,-0.2642062,2.7168536,182.11736,0.16025214,0.16025214,1.0,182.11736,0.56425726,0.13444522,1.4065235,0.0020269419,0.29573506,0.11694193,0.0,1.6014253,2.7168536,0.16025214,0.2642062,0.0,0.29573506,0.2642062,0.785797,0.16025214,1.0,0.22799361,lookahead,beam_orig3_bm2-s0to100br3-s100to200br2
/work/T-REX/external/Proteina-Complexa/inference/search_binder_local_pipeline_32_PDL1_ALPHA_REPACK_v7_r001_warmstart_v7r001_00_complexa_beam_a42e8fc6f9a25/job_0_n_232_id_27_beam_orig0_bm0-s0to100br1-s100to200br3/job_0_n_232_id_27_beam_orig0_bm0-s0to100br1-s100to200br3.pdb,108,"2,0,13,16,19,16,19,14,11,3,10,18,19,19,6,18,7,15,2,12,16,9,6,4,11,13,14,19,6,11,5,10,3,10,0,0,10,9,19,18,17,6,12,6,3,11,2,9,9,5,13,19,8,7,6,6,3,10,11,19,5,8,15,15,18,1,5,1,0,1,10,10,11,3,5,10,15,10,7,2,0,0,10,5,9,16,3,19,11,10,5,3,0,7,19,18,1,4,12,9,15,18,7,7,0,3,18,11,1,9,16,19,11,19,2,0,2,0,13,16,19,16,19,14,11,3,10,18,19,19,6,18,7,15,2,12,16,9,6,4,11,13,14,19,6,11,5,10,3,10,0,0,10,9,19,18,17,6,12,6,3,11,2,9,9,5,13,19,8,7,6,6,3,10,11,19,5,8,15,15,18,1,5,1,0,1,10,10,11,3,5,10,15,10,7,2,0,0,10,5,9,16,3,19,11,10,5,3,0,7,19,18,1,4,12,9,15,18,7,7,0,3,18,11,1,9,16,19,11,19,2,0",-0.5075461,0.2777188,3.0,0.055584393,55.246513,0.059061214,1.0,0.059061214,0.30140495,0.013444476,0.0,0.0,0.055584393,0.002432892,0.86032623,0.30140495,2.7453754,1.2755724,55.246513,-0.5075461,3.8335373,199.40378,0.013199802,0.052107576,1.0,199.40378,0.2754325,0.13967375,2.7453754,0.002432892,0.013689149,0.2777188,0.0,1.2755724,3.8335373,0.013199802,0.5075461,0.0,0.013689149,0.5075461,0.5919801,0.052107576,1.0,0.013444476,lookahead,beam_orig0_bm0-s0to100br1-s100to200br3
/work/T-REX/external/Proteina-Complexa/inference/search_binder_local_pipeline_32_PDL1_ALPHA_REPACK_v7_r001_warmstart_v7r001_00_complexa_beam_a42e8fc6f9a25/job_0_n_229_id_27_beam_orig1_bm2-s0to100br1-s100to200br3/job_0_n_229_id_27_beam_orig1_bm2-s0to100br1-s100to200br3.pdb,109,"2,0,13,16,19,16,19,14,11,3,10,18,19,19,6,18,7,15,2,12,16,9,6,4,11,13,14,19,6,11,5,10,3,10,0,0,10,9,19,18,17,6,12,6,3,11,2,9,9,5,13,19,8,7,6,6,3,10,11,19,5,8,15,15,18,1,5,1,0,1,10,10,11,3,5,10,15,10,7,2,0,0,10,5,9,16,3,19,11,10,5,3,0,7,19,18,1,4,12,9,15,18,7,7,0,3,18,11,1,9,16,19,11,19,2,0,0,13,16,19,16,19,14,11,3,10,18,19,19,6,18,7,15,2,12,16,9,6,4,11,13,14,19,6,11,5,10,3,10,0,0,10,9,19,18,17,6,12,6,3,11,2,9,9,5,13,19,8,7,6,6,3,10,11,19,5,8,15,15,18,1,5,1,0,1,10,10,11,3,5,10,15,10,7,2,0,0,10,5,9,16,3,19,11,10,5,3,0,7,19,18,1,4,12,9,15,18,7,7,0,3,18,11,1,9,16,19,11,19,0,0,0",-0.5093101,0.2779051,3.0,0.052712504,42.340523,0.05544281,1.0,0.05544281,0.30231965,0.013396623,0.0,0.0,0.052712504,0.0017147992,0.8611864,0.30231965,1.7950528,1.2637178,42.340523,-0.5093101,3.7959592,200.31133,0.013174935,0.049982198,1.0,200.31133,0.26961553,0.13881363,1.7950528,0.0017147992,0.01361831,0.2779051,0.0,1.2637178,3.7959592,0.013174935,0.5093101,0.0,0.01361831,0.5093101,0.5920895,0.049982198,1.0,0.013396623,lookahead,beam_orig1_bm2-s0to100br1-s100to200br3
/work/T-REX/external/Proteina-Complexa/inference/search_binder_local_pipeline_32_PDL1_ALPHA_REPACK_v7_r001_warmstart_v7r001_00_complexa_beam_a42e8fc6f9a25/job_0_n_167_id_27_beam_orig2_bm3-s0to100br3-s100to200br3/job_0_n_167_id_27_beam_orig2_bm3-s0to100br3-s100to200br3.pdb,110,"2,0,13,16,19,16,19,14,11,3,10,18,19,19,6,18,7,15,2,12,16,9,6,4,11,13,14,19,6,11,5,10,3,10,0,0,10,9,19,18,17,6,12,6,3,11,2,9,9,5,13,19,8,7,6,6,3,10,11,19,5,8,15,15,18,1,5,1,0,1,10,10,11,3,5,10,15,10,7,2,0,0,10,5,9,16,3,19,11,10,5,3,0,7,19,18,1,4,12,9,15,18,7,7,0,3,18,11,1,9,16,19,11,19,2,0,14,0,13,3,2,2,11,9,19,15,3,19,0,2,3,18,7,10,3,19,0,3,10,0,0,1,7,9,3,9,2,11,14,19,15,15,10,3,7,5,11,10,9,6,10,12,11,10,10,3,6,0,0,0,0,0,0,0,0,0,0,0,0,0,0,0,0,0,0,0,0,0,0,0,0,0,0,0,0,0,0,0,0,0,0,0,0,0,0,0,0,0,0,0,0,0,0,0,0,0,0,0,0,0,0,0,0,0,0,0,0,0,0,0,0,0",-0.23409575,0.1024109,3.0,0.2829117,55.065952,0.38590464,1.0,0.38590464,0.18840928,0.2829117,0.0,0.0,0.2829117,0.0026635786,0.870152,0.18840928,2.5152218,1.6808152,55.065952,-0.23409575,2.6275785,180.14789,0.17991875,0.17991875,1.0,180.14789,0.64137095,0.12984797,2.5152218,0.0026635786,0.38590464,0.1024109,0.0,1.6808152,2.6275785,0.17991875,0.23409575,0.0,0.38590464,0.23409575,0.8223398,0.17991875,1.0,0.2829117,lookahead,beam_orig2_bm3-s0to100br3-s100to200br3
/work/T-REX/external/Proteina-Complexa/inference/search_binder_local_pipeline_32_PDL1_ALPHA_REPACK_v7_r001_warmstart_v7r001_00_complexa_beam_a42e8fc6f9a25/job_0_n_175_id_27_beam_orig3_bm2-s0to100br3-s100to200br3/job_0_n_175_id_27_beam_orig3_bm2-s0to100br3-s100to200br3.pdb,111,"2,0,13,16,19,16,19,14,11,3,10,18,19,19,6,18,7,15,2,12,16,9,6,4,11,13,14,19,6,11,5,10,3,10,0,0,10,9,19,18,17,6,12,6,3,11,2,9,9,5,13,19,8,7,6,6,3,10,11,19,5,8,15,15,18,1,5,1,0,1,10,10,11,3,5,10,15,10,7,2,0,0,10,5,9,16,3,19,11,10,5,3,0,7,19,18,1,4,12,9,15,18,7,7,0,3,18,11,1,9,16,19,11,19,2,0,15,3,3,3,10,13,2,0,9,11,3,7,3,18,3,11,0,6,11,10,19,1,11,0,3,10,15,0,11,3,11,11,3,10,10,0,0,9,3,0,11,3,11,6,11,0,10,11,9,0,10,19,0,12,9,1,11,11,16,0,0,0,0,0,0,0,0,0,0,0,0,0,0,0,0,0,0,0,0,0,0,0,0,0,0,0,0,0,0,0,0,0,0,0,0,0,0,0,0,0,0,0,0,0,0,0,0,0,0,0,0,0,0,0,0,0",-0.21889009,0.08475911,3.0,0.32574552,25.387716,0.4026276,1.0,0.4026276,0.17162696,0.32574552,0.0,0.0,0.32574552,0.0018172719,0.8925327,0.17162696,0.8366962,1.6563897,25.387716,-0.21889009,2.447431,159.3052,0.24886343,0.24886343,1.0,159.3052,0.66637766,0.107467294,0.8366962,0.0018172719,0.4026276,0.08475911,0.0,1.6563897,2.447431,0.24886343,0.21889009,0.0,0.4026276,0.21889009,0.81887877,0.24886343,1.0,0.32574552,lookahead,beam_orig3_bm2-s0to100br3-s100to200br3
/work/T-REX/external/Proteina-Complexa/inference/search_binder_local_pipeline_32_PDL1_ALPHA_REPACK_v7_r001_warmstart_v7r001_00_complexa_beam_a42e8fc6f9a25/job_0_n_232_id_28_beam_orig0_bm3-s0to100br1-s100to200br0/job_0_n_232_id_28_beam_orig0_bm3-s0to100br1-s100to200br0.pdb,112,"2,0,13,16,19,16,19,14,11,3,10,18,19,19,6,18,7,15,2,12,16,9,6,4,11,13,14,19,6,11,5,10,3,10,0,0,10,9,19,18,17,6,12,6,3,11,2,9,9,5,13,19,8,7,6,6,3,10,11,19,5,8,15,15,18,1,5,1,0,1,10,10,11,3,5,10,15,10,7,2,0,0,10,5,9,16,3,19,11,10,5,3,0,7,19,18,1,4,12,9,15,18,7,7,0,3,18,11,1,9,16,19,11,19,2,0,2,0,13,16,19,16,19,14,11,3,10,18,19,19,6,18,7,15,2,12,16,9,6,4,11,13,14,19,6,11,5,10,3,10,0,0,10,9,19,18,17,6,12,6,3,11,2,9,9,5,13,19,8,7,6,6,3,10,11,19,5,8,15,15,18,1,5,1,0,1,10,10,11,3,5,10,15,10,7,2,0,0,10,5,9,16,3,19,11,10,5,3,0,7,19,18,1,4,12,9,15,18,7,7,0,3,18,11,1,9,16,19,11,19,2,0",-0.53160834,0.3005429,3.0,0.0428907,58.307915,0.047162134,1.0,0.047162134,0.31379697,0.012138091,0.0,0.0,0.0428907,0.0024763155,0.8599081,0.31379697,3.2461596,1.2824402,58.307915,-0.53160834,3.8941672,200.4392,0.011790285,0.03861927,1.0,200.4392,0.25781244,0.14009187,3.2461596,0.0024763155,0.012485897,0.3005429,0.0,1.2824402,3.8941672,0.011790285,0.53160834,0.0,0.012485897,0.53160834,0.5830147,0.03861927,1.0,0.012138091,lookahead,beam_orig0_bm3-s0to100br1-s100to200br0
/work/T-REX/external/Proteina-Complexa/inference/search_binder_local_pipeline_32_PDL1_ALPHA_REPACK_v7_r001_warmstart_v7r001_00_complexa_beam_a42e8fc6f9a25/job_0_n_229_id_28_beam_orig1_bm2-s0to100br0-s100to200br0/job_0_n_229_id_28_beam_orig1_bm2-s0to100br0-s100to200br0.pdb,113,"2,0,13,16,19,16,19,14,11,3,10,18,19,19,6,18,7,15,2,12,16,9,6,4,11,13,14,19,6,11,5,10,3,10,0,0,10,9,19,18,17,6,12,6,3,11,2,9,9,5,13,19,8,7,6,6,3,10,11,19,5,8,15,15,18,1,5,1,0,1,10,10,11,3,5,10,15,10,7,2,0,0,10,5,9,16,3,19,11,10,5,3,0,7,19,18,1,4,12,9,15,18,7,7,0,3,18,11,1,9,16,19,11,19,2,0,13,16,19,16,19,14,11,3,10,18,19,19,6,18,7,15,2,12,16,9,6,4,11,13,14,19,6,11,5,10,3,10,0,0,10,9,19,18,17,6,12,6,3,11,2,9,9,5,13,19,8,7,6,6,3,10,11,19,5,8,15,15,18,1,5,1,0,1,10,10,11,3,5,10,15,10,7,2,0,0,10,5,9,16,3,19,11,10,5,3,0,7,19,18,1,4,12,9,15,18,7,7,0,3,18,11,1,9,16,19,11,19,2,0,0,0",-0.52468306,0.299735,3.0,0.045828372,70.06249,0.04668301,1.0,0.04668301,0.31078,0.012275174,0.0,0.0,0.045828372,0.0017925337,0.86171,0.31078,2.9238698,1.2912697,70.06249,-0.52468306,3.866565,212.9218,0.012045931,0.04497373,1.0,212.9218,0.2635413,0.13829,2.9238698,0.0017925337,0.012504418,0.299735,0.0,1.2912697,3.866565,0.012045931,0.52468306,0.0,0.012504418,0.52468306,0.5886725,0.04497373,1.0,0.012275174,lookahead,beam_orig1_bm2-s0to100br0-s100to200br0
/work/T-REX/external/Proteina-Complexa/inference/search_binder_local_pipeline_32_PDL1_ALPHA_REPACK_v7_r001_warmstart_v7r001_00_complexa_beam_a42e8fc6f9a25/job_0_n_167_id_28_beam_orig2_bm3-s0to100br1-s100to200br0/job_0_n_167_id_28_beam_orig2_bm3-s0to100br1-s100to200br0.pdb,114,"2,0,13,16,19,16,19,14,11,3,10,18,19,19,6,18,7,15,2,12,16,9,6,4,11,13,14,19,6,11,5,10,3,10,0,0,10,9,19,18,17,6,12,6,3,11,2,9,9,5,13,19,8,7,6,6,3,10,11,19,5,8,15,15,18,1,5,1,0,1,10,10,11,3,5,10,15,10,7,2,0,0,10,5,9,16,3,19,11,10,5,3,0,7,19,18,1,4,12,9,15,18,7,7,0,3,18,11,1,9,16,19,11,19,2,0,11,10,2,3,10,10,11,19,19,19,6,3,3,15,5,6,2,13,5,1,0,9,11,6,7,19,2,10,7,18,15,5,5,3,0,15,2,19,19,13,5,15,10,19,2,1,11,19,9,6,19,0,0,0,0,0,0,0,0,0,0,0,0,0,0,0,0,0,0,0,0,0,0,0,0,0,0,0,0,0,0,0,0,0,0,0,0,0,0,0,0,0,0,0,0,0,0,0,0,0,0,0,0,0,0,0,0,0,0,0,0,0,0,0,0,0",-0.18080166,0.06567078,3.0,0.4250995,34.29607,0.49249464,1.0,0.49249464,0.15386514,0.4250995,0.0,0.0,0.4250995,0.0020700763,0.87465405,0.15386514,1.3344816,1.8067393,34.29607,-0.18080166,2.2187939,162.20953,0.35770437,0.35770437,1.0,162.20953,0.75804245,0.12534595,1.3344816,0.0020700763,0.49249464,0.06567078,0.0,1.8067393,2.2187939,0.35770437,0.18080166,0.0,0.49249464,0.18080166,0.86010754,0.35770437,1.0,0.4250995,lookahead,beam_orig2_bm3-s0to100br1-s100to200br0
/work/T-REX/external/Proteina-Complexa/inference/search_binder_local_pipeline_32_PDL1_ALPHA_REPACK_v7_r001_warmstart_v7r001_00_complexa_beam_a42e8fc6f9a25/job_0_n_175_id_28_beam_orig3_bm1-s0to100br0-s100to200br0/job_0_n_175_id_28_beam_orig3_bm1-s0to100br0-s100to200br0.pdb,115,"2,0,13,16,19,16,19,14,11,3,10,18,19,19,6,18,7,15,2,12,16,9,6,4,11,13,14,19,6,11,5,10,3,10,0,0,10,9,19,18,17,6,12,6,3,11,2,9,9,5,13,19,8,7,6,6,3,10,11,19,5,8,15,15,18,1,5,1,0,1,10,10,11,3,5,10,15,10,7,2,0,0,10,5,9,16,3,19,11,10,5,3,0,7,19,18,1,4,12,9,15,18,7,7,0,3,18,11,1,9,16,19,11,19,2,0,15,19,19,14,5,10,9,6,10,10,11,15,6,3,5,1,9,1,15,2,0,0,13,15,10,7,9,9,2,16,6,6,0,11,6,0,10,1,11,0,10,11,11,6,11,3,14,3,19,1,2,0,9,1,9,0,10,6,1,0,0,0,0,0,0,0,0,0,0,0,0,0,0,0,0,0,0,0,0,0,0,0,0,0,0,0,0,0,0,0,0,0,0,0,0,0,0,0,0,0,0,0,0,0,0,0,0,0,0,0,0,0,0,0,0,0",-0.28199914,0.14942406,3.0,0.18449895,37.349483,0.21943219,1.0,0.21943219,0.21253757,0.181988,0.0,0.0,0.18449895,0.0017250847,0.86245704,0.21253757,1.5882025,1.5330555,37.349483,-0.28199914,2.804602,177.89417,0.14807591,0.14956571,1.0,177.89417,0.57445204,0.137543,1.5882025,0.0017250847,0.21590008,0.14942406,0.0,1.5330555,2.804602,0.14807591,0.28199914,0.0,0.21590008,0.28199914,0.79216725,0.14956571,1.0,0.181988,lookahead,beam_orig3_bm1-s0to100br0-s100to200br0
/work/T-REX/external/Proteina-Complexa/inference/search_binder_local_pipeline_32_PDL1_ALPHA_REPACK_v7_r001_warmstart_v7r001_00_complexa_beam_a42e8fc6f9a25/job_0_n_232_id_29_beam_orig0_bm3-s0to100br1-s100to200br1/job_0_n_232_id_29_beam_orig0_bm3-s0to100br1-s100to200br1.pdb,116,"2,0,13,16,19,16,19,14,11,3,10,18,19,19,6,18,7,15,2,12,16,9,6,4,11,13,14,19,6,11,5,10,3,10,0,0,10,9,19,18,17,6,12,6,3,11,2,9,9,5,13,19,8,7,6,6,3,10,11,19,5,8,15,15,18,1,5,1,0,1,10,10,11,3,5,10,15,10,7,2,0,0,10,5,9,16,3,19,11,10,5,3,0,7,19,18,1,4,12,9,15,18,7,7,0,3,18,11,1,9,16,19,11,19,2,0,2,0,13,16,19,16,19,14,11,3,10,18,19,19,6,18,7,15,2,12,16,9,6,4,11,13,14,19,6,11,5,10,3,10,0,0,10,9,19,18,17,6,12,6,3,11,2,9,9,5,13,19,8,7,6,6,3,10,11,19,5,8,15,15,18,1,5,1,0,1,10,10,11,3,5,10,15,10,7,2,0,0,10,5,9,16,3,19,11,10,5,3,0,7,19,18,1,4,12,9,15,18,7,7,0,3,18,11,1,9,16,19,11,19,2,0",-0.51467514,0.28504235,3.0,0.05167988,56.98829,0.05453778,1.0,0.05453778,0.30466667,0.012915686,0.0,0.0,0.05167988,0.0024141767,0.8609507,0.30466667,2.6349297,1.2706375,56.98829,-0.51467514,3.8511295,195.46205,0.012780941,0.04882198,1.0,195.46205,0.26900458,0.13904928,2.6349297,0.0024141767,0.01305043,0.28504235,0.0,1.2706375,3.8511295,0.012780941,0.51467514,0.0,0.01305043,0.51467514,0.5892439,0.04882198,1.0,0.012915686,lookahead,beam_orig0_bm3-s0to100br1-s100to200br1
/work/T-REX/external/Proteina-Complexa/inference/search_binder_local_pipeline_32_PDL1_ALPHA_REPACK_v7_r001_warmstart_v7r001_00_complexa_beam_a42e8fc6f9a25/job_0_n_229_id_29_beam_orig1_bm2-s0to100br0-s100to200br1/job_0_n_229_id_29_beam_orig1_bm2-s0to100br0-s100to200br1.pdb,117,"2,0,13,16,19,16,19,14,11,3,10,18,19,19,6,18,7,15,2,12,16,9,6,4,11,13,14,19,6,11,5,10,3,10,0,0,10,9,19,18,17,6,12,6,3,11,2,9,9,5,13,19,8,7,6,6,3,10,11,19,5,8,15,15,18,1,5,1,0,1,10,10,11,3,5,10,15,10,7,2,0,0,10,5,9,16,3,19,11,10,5,3,0,7,19,18,1,4,12,9,15,18,7,7,0,3,18,11,1,9,16,19,11,19,2,0,13,16,19,16,19,14,11,3,10,18,19,19,6,18,7,15,2,12,16,9,6,4,11,13,14,19,6,11,5,10,3,10,0,0,10,9,19,18,17,6,12,6,3,11,2,9,9,5,13,19,8,7,6,6,3,10,11,19,5,8,15,15,18,1,5,1,0,1,10,10,11,3,5,10,15,10,7,2,0,0,10,5,9,16,3,19,11,10,5,3,0,7,19,18,1,4,12,9,15,18,7,7,0,3,18,11,1,9,16,19,11,19,2,0,0,0",-0.5256932,0.29918,3.0,0.044290684,74.561844,0.046007194,1.0,0.046007194,0.31144062,0.0122675905,0.0,0.0,0.044290684,0.0017462125,0.8609545,0.31144062,2.7815099,1.2930617,74.561844,-0.5256932,3.869165,216.68954,0.012095846,0.04257417,1.0,216.68954,0.26235133,0.13904548,2.7815099,0.0017462125,0.012439335,0.29918,0.0,1.2930617,3.869165,0.012095846,0.5256932,0.0,0.012439335,0.5256932,0.5880027,0.04257417,1.0,0.0122675905,lookahead,beam_orig1_bm2-s0to100br0-s100to200br1
/work/T-REX/external/Proteina-Complexa/inference/search_binder_local_pipeline_32_PDL1_ALPHA_REPACK_v7_r001_warmstart_v7r001_00_complexa_beam_a42e8fc6f9a25/job_0_n_167_id_29_beam_orig2_bm3-s0to100br1-s100to200br1/job_0_n_167_id_29_beam_orig2_bm3-s0to100br1-s100to200br1.pdb,118,"2,0,13,16,19,16,19,14,11,3,10,18,19,19,6,18,7,15,2,12,16,9,6,4,11,13,14,19,6,11,5,10,3,10,0,0,10,9,19,18,17,6,12,6,3,11,2,9,9,5,13,19,8,7,6,6,3,10,11,19,5,8,15,15,18,1,5,1,0,1,10,10,11,3,5,10,15,10,7,2,0,0,10,5,9,16,3,19,11,10,5,3,0,7,19,18,1,4,12,9,15,18,7,7,0,3,18,11,1,9,16,19,11,19,2,0,0,19,11,3,5,19,5,0,10,9,3,0,3,5,14,7,15,0,7,5,9,2,3,10,10,19,3,0,7,18,15,5,2,2,0,15,11,19,15,13,6,4,9,11,2,11,0,18,19,6,14,0,0,0,0,0,0,0,0,0,0,0,0,0,0,0,0,0,0,0,0,0,0,0,0,0,0,0,0,0,0,0,0,0,0,0,0,0,0,0,0,0,0,0,0,0,0,0,0,0,0,0,0,0,0,0,0,0,0,0,0,0,0,0,0,0",-0.2705625,0.13348141,3.0,0.18733236,29.615173,0.24150796,1.0,0.24150796,0.20969653,0.1866059,0.0,0.0,0.18733236,0.0020231511,0.8660625,0.20969653,1.1025487,1.4920056,29.615173,-0.2705625,2.7514582,164.2207,0.13315676,0.13315676,1.0,164.2207,0.59573966,0.13393751,1.1025487,0.0020231511,0.24005505,0.13348141,0.0,1.4920056,2.7514582,0.13315676,0.2705625,0.0,0.24005505,0.2705625,0.8087375,0.13315676,1.0,0.1866059,lookahead,beam_orig2_bm3-s0to100br1-s100to200br1
/work/T-REX/external/Proteina-Complexa/inference/search_binder_local_pipeline_32_PDL1_ALPHA_REPACK_v7_r001_warmstart_v7r001_00_complexa_beam_a42e8fc6f9a25/job_0_n_175_id_29_beam_orig3_bm1-s0to100br0-s100to200br1/job_0_n_175_id_29_beam_orig3_bm1-s0to100br0-s100to200br1.pdb,119,"2,0,13,16,19,16,19,14,11,3,10,18,19,19,6,18,7,15,2,12,16,9,6,4,11,13,14,19,6,11,5,10,3,10,0,0,10,9,19,18,17,6,12,6,3,11,2,9,9,5,13,19,8,7,6,6,3,10,11,19,5,8,15,15,18,1,5,1,0,1,10,10,11,3,5,10,15,10,7,2,0,0,10,5,9,16,3,19,11,10,5,3,0,7,19,18,1,4,12,9,15,18,7,7,0,3,18,11,1,9,16,19,11,19,2,0,15,6,19,5,5,18,9,11,3,10,5,15,11,3,6,11,19,1,19,2,0,0,13,15,10,7,9,9,2,16,6,6,0,1,6,0,10,1,11,0,10,6,11,6,16,15,6,2,19,1,8,0,9,5,9,0,10,6,1,0,0,0,0,0,0,0,0,0,0,0,0,0,0,0,0,0,0,0,0,0,0,0,0,0,0,0,0,0,0,0,0,0,0,0,0,0,0,0,0,0,0,0,0,0,0,0,0,0,0,0,0,0,0,0,0,0",-0.18173589,0.069184996,3.0,0.42581794,32.48925,0.4845053,1.0,0.4845053,0.1436404,0.42581794,0.0,0.0,0.42581794,0.0015741658,0.9155524,0.1436404,1.4809219,1.4026322,32.48925,-0.18173589,2.1845589,159.37788,0.36713058,0.36713058,1.0,159.37788,0.75998604,0.084447615,1.4809219,0.0015741658,0.4845053,0.069184996,0.0,1.4026322,2.1845589,0.36713058,0.18173589,0.0,0.4845053,0.18173589,0.8575384,0.36713058,1.0,0.42581794,lookahead,beam_orig3_bm1-s0to100br0-s100to200br1
/work/T-REX/external/Proteina-Complexa/inference/search_binder_local_pipeline_32_PDL1_ALPHA_REPACK_v7_r001_warmstart_v7r001_00_complexa_beam_a42e8fc6f9a25/job_0_n_232_id_30_beam_orig0_bm3-s0to100br1-s100to200br2/job_0_n_232_id_30_beam_orig0_bm3-s0to100br1-s100to200br2.pdb,120,"2,0,13,16,19,16,19,14,11,3,10,18,19,19,6,18,7,15,2,12,16,9,6,4,11,13,14,19,6,11,5,10,3,10,0,0,10,9,19,18,17,6,12,6,3,11,2,9,9,5,13,19,8,7,6,6,3,10,11,19,5,8,15,15,18,1,5,1,0,1,10,10,11,3,5,10,15,10,7,2,0,0,10,5,9,16,3,19,11,10,5,3,0,7,19,18,1,4,12,9,15,18,7,7,0,3,18,11,1,9,16,19,11,19,2,0,2,0,13,16,19,16,19,14,11,3,10,18,19,19,6,18,7,15,2,12,16,9,6,4,11,13,14,19,6,11,5,10,3,10,0,0,10,9,19,18,17,6,12,6,3,11,2,9,9,5,13,19,8,7,6,6,3,10,11,19,5,8,15,15,18,1,5,1,0,1,10,10,11,3,5,10,15,10,7,2,0,0,10,5,9,16,3,19,11,10,5,3,0,7,19,18,1,4,12,9,15,18,7,7,0,3,18,11,1,9,16,19,11,19,2,0",-0.5319304,0.30063596,3.0,0.042108398,59.558895,0.04536886,1.0,0.04536886,0.3137091,0.012251958,0.0,0.0,0.042108398,0.0024962153,0.8609214,0.3137091,3.2075691,1.2806114,59.558895,-0.5319304,3.895005,197.14403,0.011954416,0.038847934,1.0,197.14403,0.2589774,0.13907862,3.2075691,0.0024962153,0.012549501,0.30063596,0.0,1.2806114,3.895005,0.011954416,0.5319304,0.0,0.012549501,0.5319304,0.5833614,0.038847934,1.0,0.012251958,lookahead,beam_orig0_bm3-s0to100br1-s100to200br2
/work/T-REX/external/Proteina-Complexa/inference/search_binder_local_pipeline_32_PDL1_ALPHA_REPACK_v7_r001_warmstart_v7r001_00_complexa_beam_a42e8fc6f9a25/job_0_n_229_id_30_beam_orig1_bm2-s0to100br0-s100to200br2/job_0_n_229_id_30_beam_orig1_bm2-s0to100br0-s100to200br2.pdb,121,"2,0,13,16,19,16,19,14,11,3,10,18,19,19,6,18,7,15,2,12,16,9,6,4,11,13,14,19,6,11,5,10,3,10,0,0,10,9,19,18,17,6,12,6,3,11,2,9,9,5,13,19,8,7,6,6,3,10,11,19,5,8,15,15,18,1,5,1,0,1,10,10,11,3,5,10,15,10,7,2,0,0,10,5,9,16,3,19,11,10,5,3,0,7,19,18,1,4,12,9,15,18,7,7,0,3,18,11,1,9,16,19,11,19,2,0,13,16,19,16,19,14,11,3,10,18,19,19,6,18,7,15,2,12,16,9,6,4,11,13,14,19,6,11,5,10,3,10,0,0,10,9,19,18,17,6,12,6,3,11,2,9,9,5,13,19,8,7,6,6,3,10,11,19,5,8,15,15,18,1,5,1,0,1,10,10,11,3,5,10,15,10,7,2,0,0,10,5,9,16,3,19,11,10,5,3,0,7,19,18,1,4,12,9,15,18,7,7,0,3,18,11,1,9,16,19,11,19,2,0,0,0",-0.53053033,0.30462337,3.0,0.041465655,69.04534,0.04398504,1.0,0.04398504,0.31327364,0.012011768,0.0,0.0,0.041465655,0.0017540707,0.86270285,0.31327364,2.9309554,1.2853396,69.04534,-0.53053033,3.885665,212.17995,0.011772314,0.038946267,1.0,212.17995,0.25830874,0.13729715,2.9309554,0.0017540707,0.012251223,0.30462337,0.0,1.2853396,3.885665,0.011772314,0.53053033,0.0,0.012251223,0.53053033,0.58608556,0.038946267,1.0,0.012011768,lookahead,beam_orig1_bm2-s0to100br0-s100to200br2
/work/T-REX/external/Proteina-Complexa/inference/search_binder_local_pipeline_32_PDL1_ALPHA_REPACK_v7_r001_warmstart_v7r001_00_complexa_beam_a42e8fc6f9a25/job_0_n_167_id_30_beam_orig2_bm3-s0to100br1-s100to200br2/job_0_n_167_id_30_beam_orig2_bm3-s0to100br1-s100to200br2.pdb,122,"2,0,13,16,19,16,19,14,11,3,10,18,19,19,6,18,7,15,2,12,16,9,6,4,11,13,14,19,6,11,5,10,3,10,0,0,10,9,19,18,17,6,12,6,3,11,2,9,9,5,13,19,8,7,6,6,3,10,11,19,5,8,15,15,18,1,5,1,0,1,10,10,11,3,5,10,15,10,7,2,0,0,10,5,9,16,3,19,11,10,5,3,0,7,19,18,1,4,12,9,15,18,7,7,0,3,18,11,1,9,16,19,11,19,2,0,0,3,13,3,10,0,19,6,10,9,11,11,3,5,14,7,3,0,5,10,0,9,3,0,10,19,2,0,7,18,15,5,3,13,0,15,11,19,19,13,6,15,10,11,15,11,11,19,9,19,14,0,0,0,0,0,0,0,0,0,0,0,0,0,0,0,0,0,0,0,0,0,0,0,0,0,0,0,0,0,0,0,0,0,0,0,0,0,0,0,0,0,0,0,0,0,0,0,0,0,0,0,0,0,0,0,0,0,0,0,0,0,0,0,0,0",-0.29681316,0.15080042,3.0,0.17244723,26.021885,0.22863473,1.0,0.22863473,0.23313682,0.17027447,0.0,0.0,0.17244723,0.0018427641,0.8293743,0.23313682,2.198497,1.6766313,26.021885,-0.29681316,2.8923945,172.40894,0.11444389,0.11625973,1.0,172.40894,0.54829925,0.17062566,2.198497,0.0018427641,0.22610503,0.15080042,0.0,1.6766313,2.8923945,0.11444389,0.29681316,0.0,0.22610503,0.29681316,0.791503,0.11625973,1.0,0.17027447,lookahead,beam_orig2_bm3-s0to100br1-s100to200br2
/work/T-REX/external/Proteina-Complexa/inference/search_binder_local_pipeline_32_PDL1_ALPHA_REPACK_v7_r001_warmstart_v7r001_00_complexa_beam_a42e8fc6f9a25/job_0_n_175_id_30_beam_orig3_bm1-s0to100br0-s100to200br2/job_0_n_175_id_30_beam_orig3_bm1-s0to100br0-s100to200br2.pdb,123,"2,0,13,16,19,16,19,14,11,3,10,18,19,19,6,18,7,15,2,12,16,9,6,4,11,13,14,19,6,11,5,10,3,10,0,0,10,9,19,18,17,6,12,6,3,11,2,9,9,5,13,19,8,7,6,6,3,10,11,19,5,8,15,15,18,1,5,1,0,1,10,10,11,3,5,10,15,10,7,2,0,0,10,5,9,16,3,19,11,10,5,3,0,7,19,18,1,4,12,9,15,18,7,7,0,3,18,11,1,9,16,19,11,19,2,0,6,5,19,11,11,13,9,6,10,10,11,15,14,3,6,11,19,1,5,2,0,0,13,15,10,7,9,9,2,16,6,6,0,11,6,0,10,1,11,0,10,11,16,6,11,15,6,6,19,11,6,2,9,1,11,0,10,6,1,0,0,0,0,0,0,0,0,0,0,0,0,0,0,0,0,0,0,0,0,0,0,0,0,0,0,0,0,0,0,0,0,0,0,0,0,0,0,0,0,0,0,0,0,0,0,0,0,0,0,0,0,0,0,0,0,0",-0.40996107,0.24860717,3.0,0.0801223,107.48343,0.089966245,1.0,0.089966245,0.29749438,0.01767923,0.0,0.0,0.0801223,0.0022377502,0.81626153,0.29749438,10.321458,1.5777161,107.48343,-0.40996107,3.2947688,227.1059,0.0136227235,0.070278354,1.0,227.1059,0.37355706,0.18373846,10.321458,0.0022377502,0.021735733,0.24860717,0.0,1.5777161,3.2947688,0.0136227235,0.40996107,0.0,0.021735733,0.40996107,0.7163604,0.070278354,1.0,0.01767923,lookahead,beam_orig3_bm1-s0to100br0-s100to200br2
/work/T-REX/external/Proteina-Complexa/inference/search_binder_local_pipeline_32_PDL1_ALPHA_REPACK_v7_r001_warmstart_v7r001_00_complexa_beam_a42e8fc6f9a25/job_0_n_232_id_31_beam_orig0_bm3-s0to100br1-s100to200br3/job_0_n_232_id_31_beam_orig0_bm3-s0to100br1-s100to200br3.pdb,124,"2,0,13,16,19,16,19,14,11,3,10,18,19,19,6,18,7,15,2,12,16,9,6,4,11,13,14,19,6,11,5,10,3,10,0,0,10,9,19,18,17,6,12,6,3,11,2,9,9,5,13,19,8,7,6,6,3,10,11,19,5,8,15,15,18,1,5,1,0,1,10,10,11,3,5,10,15,10,7,2,0,0,10,5,9,16,3,19,11,10,5,3,0,7,19,18,1,4,12,9,15,18,7,7,0,3,18,11,1,9,16,19,11,19,2,0,2,0,13,16,19,16,19,14,11,3,10,18,19,19,6,18,7,15,2,12,16,9,6,4,11,13,14,19,6,11,5,10,3,10,0,0,10,9,19,18,17,6,12,6,3,11,2,9,9,5,13,19,8,7,6,6,3,10,11,19,5,8,15,15,18,1,5,1,0,1,10,10,11,3,5,10,15,10,7,2,0,0,10,5,9,16,3,19,11,10,5,3,0,7,19,18,1,4,12,9,15,18,7,7,0,3,18,11,1,9,16,19,11,19,2,0",-0.5326656,0.30065557,3.0,0.04277476,55.589127,0.047089253,1.0,0.047089253,0.3141166,0.012184955,0.0,0.0,0.04277476,0.0025419823,0.860336,0.3141166,3.0579135,1.2804352,55.589127,-0.5326656,3.8964345,199.30132,0.012023618,0.038460266,1.0,199.30132,0.2563668,0.139664,3.0579135,0.0025419823,0.012346292,0.30065557,0.0,1.2804352,3.8964345,0.012023618,0.5326656,0.0,0.012346292,0.5326656,0.58234215,0.038460266,1.0,0.012184955,lookahead,beam_orig0_bm3-s0to100br1-s100to200br3
/work/T-REX/external/Proteina-Complexa/inference/search_binder_local_pipeline_32_PDL1_ALPHA_REPACK_v7_r001_warmstart_v7r001_00_complexa_beam_a42e8fc6f9a25/job_0_n_229_id_31_beam_orig1_bm2-s0to100br0-s100to200br3/job_0_n_229_id_31_beam_orig1_bm2-s0to100br0-s100to200br3.pdb,125,"2,0,13,16,19,16,19,14,11,3,10,18,19,19,6,18,7,15,2,12,16,9,6,4,11,13,14,19,6,11,5,10,3,10,0,0,10,9,19,18,17,6,12,6,3,11,2,9,9,5,13,19,8,7,6,6,3,10,11,19,5,8,15,15,18,1,5,1,0,1,10,10,11,3,5,10,15,10,7,2,0,0,10,5,9,16,3,19,11,10,5,3,0,7,19,18,1,4,12,9,15,18,7,7,0,3,18,11,1,9,16,19,11,19,2,0,13,16,19,16,19,14,11,3,10,18,19,19,6,18,7,15,2,12,16,9,6,4,11,13,14,19,6,11,5,10,3,10,0,0,10,9,19,18,17,6,12,6,3,11,2,9,9,5,13,19,8,7,6,6,3,10,11,19,5,8,15,15,18,1,5,1,0,1,10,10,11,3,5,10,15,10,7,2,0,0,10,5,9,16,3,19,11,10,5,3,0,7,19,18,1,4,12,9,15,18,7,7,0,3,18,11,1,9,16,19,11,19,2,0,0,0",-0.525545,0.30008626,3.0,0.04380133,70.42775,0.04663775,1.0,0.04663775,0.3106725,0.012324391,0.0,0.0,0.04380133,0.0017508948,0.86253214,0.3106725,2.714407,1.2821984,70.42775,-0.525545,3.873149,212.40878,0.012140073,0.04096491,1.0,212.40878,0.26011765,0.13746786,2.714407,0.0017508948,0.012508709,0.30008626,0.0,1.2821984,3.873149,0.012140073,0.525545,0.0,0.012508709,0.525545,0.58729714,0.04096491,1.0,0.012324391,lookahead,beam_orig1_bm2-s0to100br0-s100to200br3
/work/T-REX/external/Proteina-Complexa/inference/search_binder_local_pipeline_32_PDL1_ALPHA_REPACK_v7_r001_warmstart_v7r001_00_complexa_beam_a42e8fc6f9a25/job_0_n_167_id_31_beam_orig2_bm3-s0to100br1-s100to200br3/job_0_n_167_id_31_beam_orig2_bm3-s0to100br1-s100to200br3.pdb,126,"2,0,13,16,19,16,19,14,11,3,10,18,19,19,6,18,7,15,2,12,16,9,6,4,11,13,14,19,6,11,5,10,3,10,0,0,10,9,19,18,17,6,12,6,3,11,2,9,9,5,13,19,8,7,6,6,3,10,11,19,5,8,15,15,18,1,5,1,0,1,10,10,11,3,5,10,15,10,7,2,0,0,10,5,9,16,3,19,11,10,5,3,0,7,19,18,1,4,12,9,15,18,7,7,0,3,18,11,1,9,16,19,11,19,2,0,7,3,11,6,1,10,2,3,10,9,6,11,3,16,14,6,2,13,11,6,0,9,6,10,0,16,11,10,11,7,3,0,11,11,0,15,2,6,19,13,10,15,19,1,3,11,1,14,19,15,10,0,0,0,0,0,0,0,0,0,0,0,0,0,0,0,0,0,0,0,0,0,0,0,0,0,0,0,0,0,0,0,0,0,0,0,0,0,0,0,0,0,0,0,0,0,0,0,0,0,0,0,0,0,0,0,0,0,0,0,0,0,0,0,0,0",-0.42790076,0.23501164,3.0,0.06711624,50.302082,0.08743427,1.0,0.08743427,0.32546243,0.01477937,0.0,0.0,0.06711624,0.005982267,0.75233257,0.32546243,5.07013,1.7931718,50.302082,-0.42790076,3.2325225,209.76111,0.014408712,0.046798207,1.0,209.76111,0.34313747,0.2476674,5.07013,0.005982267,0.015150027,0.23501164,0.0,1.7931718,3.2325225,0.014408712,0.42790076,0.0,0.015150027,0.42790076,0.7233714,0.046798207,1.0,0.01477937,lookahead,beam_orig2_bm3-s0to100br1-s100to200br3
/work/T-REX/external/Proteina-Complexa/inference/search_binder_local_pipeline_32_PDL1_ALPHA_REPACK_v7_r001_warmstart_v7r001_00_complexa_beam_a42e8fc6f9a25/job_0_n_175_id_31_beam_orig3_bm1-s0to100br0-s100to200br3/job_0_n_175_id_31_beam_orig3_bm1-s0to100br0-s100to200br3.pdb,127,"2,0,13,16,19,16,19,14,11,3,10,18,19,19,6,18,7,15,2,12,16,9,6,4,11,13,14,19,6,11,5,10,3,10,0,0,10,9,19,18,17,6,12,6,3,11,2,9,9,5,13,19,8,7,6,6,3,10,11,19,5,8,15,15,18,1,5,1,0,1,10,10,11,3,5,10,15,10,7,2,0,0,10,5,9,16,3,19,11,10,5,3,0,7,19,18,1,4,12,9,15,18,7,7,0,3,18,11,1,9,16,19,11,19,2,0,5,19,19,14,6,13,0,6,10,10,11,15,14,3,14,11,19,1,1,2,0,0,13,0,10,7,9,9,2,16,6,6,0,11,6,0,10,1,11,0,10,6,11,6,16,3,14,3,19,0,6,3,9,1,11,0,10,6,1,0,0,0,0,0,0,0,0,0,0,0,0,0,0,0,0,0,0,0,0,0,0,0,0,0,0,0,0,0,0,0,0,0,0,0,0,0,0,0,0,0,0,0,0,0,0,0,0,0,0,0,0,0,0,0,0,0",-0.5042788,0.2860143,3.0,0.03043351,111.803764,0.032646395,1.0,0.032646395,0.35987818,0.01351456,0.0,0.0,0.03043351,0.0021061553,0.7901805,0.35987818,9.706728,1.4871159,111.803764,-0.5042788,3.4895558,230.03082,0.012414649,0.028220626,1.0,230.03082,0.26389655,0.20981951,9.706728,0.0021061553,0.014614471,0.2860143,0.0,1.4871159,3.4895558,0.012414649,0.5042788,0.0,0.014614471,0.5042788,0.67647296,0.028220626,1.0,0.01351456,lookahead,beam_orig3_bm1-s0to100br0-s100to200br3
/work/T-REX/external/Proteina-Complexa/inference/search_binder_local_pipeline_32_PDL1_ALPHA_REPACK_v7_r001_warmstart_v7r001_00_complexa_beam_a42e8fc6f9a25/job_0_n_232_id_32_beam_orig0_bm0-s0to100br1-s100to200br3-s200to300br0/job_0_n_232_id_32_beam_orig0_bm0-s0to100br1-s100to200br3-s200to300br0.pdb,128,"2,0,13,16,19,16,19,14,11,3,10,18,19,19,6,18,7,15,2,12,16,9,6,4,11,13,14,19,6,11,5,10,3,10,0,0,10,9,19,18,17,6,12,6,3,11,2,9,9,5,13,19,8,7,6,6,3,10,11,19,5,8,15,15,18,1,5,1,0,1,10,10,11,3,5,10,15,10,7,2,0,0,10,5,9,16,3,19,11,10,5,3,0,7,19,18,1,4,12,9,15,18,7,7,0,3,18,11,1,9,16,19,11,19,2,0,2,0,13,16,19,16,19,14,11,3,10,18,19,19,6,18,7,15,2,12,16,9,6,4,11,13,14,19,6,11,5,10,3,10,0,0,10,9,19,18,17,6,12,6,3,11,2,9,9,5,13,19,8,7,6,6,3,10,11,19,5,8,15,15,18,1,5,1,0,1,10,10,11,3,5,10,15,10,7,2,0,0,10,5,9,16,3,19,11,10,5,3,0,7,19,18,1,4,12,9,15,18,7,7,0,3,18,11,1,9,16,19,11,19,2,0",-0.51098174,0.281989,3.0,0.05405835,57.102985,0.057001714,1.0,0.057001714,0.3030553,0.013119125,0.0,0.0,0.05405835,0.002435789,0.86046135,0.3030553,2.7227242,1.2748977,57.102985,-0.51098174,3.840879,194.45319,0.0129240025,0.05111499,1.0,194.45319,0.2731046,0.13953866,2.7227242,0.002435789,0.013314247,0.281989,0.0,1.2748977,3.840879,0.0129240025,0.51098174,0.0,0.013314247,0.51098174,0.59125227,0.05111499,1.0,0.013119125,lookahead,beam_orig0_bm0-s0to100br1-s100to200br3-s200to300br0
/work/T-REX/external/Proteina-Complexa/inference/search_binder_local_pipeline_32_PDL1_ALPHA_REPACK_v7_r001_warmstart_v7r001_00_complexa_beam_a42e8fc6f9a25/job_0_n_229_id_32_beam_orig1_bm2-s0to100br1-s100to200br3-s200to300br0/job_0_n_229_id_32_beam_orig1_bm2-s0to100br1-s100to200br3-s200to300br0.pdb,129,"2,0,13,16,19,16,19,14,11,3,10,18,19,19,6,18,7,15,2,12,16,9,6,4,11,13,14,19,6,11,5,10,3,10,0,0,10,9,19,18,17,6,12,6,3,11,2,9,9,5,13,19,8,7,6,6,3,10,11,19,5,8,15,15,18,1,5,1,0,1,10,10,11,3,5,10,15,10,7,2,0,0,10,5,9,16,3,19,11,10,5,3,0,7,19,18,1,4,12,9,15,18,7,7,0,3,18,11,1,9,16,19,11,19,2,0,0,13,16,19,16,19,14,11,3,10,18,19,19,6,18,7,15,2,12,16,9,6,4,11,13,14,19,6,11,5,10,3,10,0,0,10,9,19,18,17,6,12,6,3,11,2,9,9,5,13,19,8,7,6,6,3,10,11,19,5,8,15,15,18,1,5,1,0,1,10,10,11,3,5,10,15,10,7,2,0,0,10,5,9,16,3,19,11,10,5,3,0,7,19,18,1,4,12,9,15,18,7,7,0,3,18,11,1,9,16,19,11,19,0,0,0",-0.51967245,0.28991157,3.0,0.048317455,51.223427,0.05032138,1.0,0.05032138,0.30770513,0.012631839,0.0,0.0,0.048317455,0.0018125081,0.8613974,0.30770513,2.8476195,1.2713777,51.223427,-0.51967245,3.8360379,198.66121,0.012306007,0.046313528,1.0,198.66121,0.26707804,0.13860263,2.8476195,0.0018125081,0.012957673,0.28991157,0.0,1.2713777,3.8360379,0.012306007,0.51967245,0.0,0.012957673,0.51967245,0.59112704,0.046313528,1.0,0.012631839,lookahead,beam_orig1_bm2-s0to100br1-s100to200br3-s200to300br0
/work/T-REX/external/Proteina-Complexa/inference/search_binder_local_pipeline_32_PDL1_ALPHA_REPACK_v7_r001_warmstart_v7r001_00_complexa_beam_a42e8fc6f9a25/job_0_n_167_id_32_beam_orig2_bm2-s0to100br0-s100to200br0-s200to300br0/job_0_n_167_id_32_beam_orig2_bm2-s0to100br0-s100to200br0-s200to300br0.pdb,130,"2,0,13,16,19,16,19,14,11,3,10,18,19,19,6,18,7,15,2,12,16,9,6,4,11,13,14,19,6,11,5,10,3,10,0,0,10,9,19,18,17,6,12,6,3,11,2,9,9,5,13,19,8,7,6,6,3,10,11,19,5,8,15,15,18,1,5,1,0,1,10,10,11,3,5,10,15,10,7,2,0,0,10,5,9,16,3,19,11,10,5,3,0,7,19,18,1,4,12,9,15,18,7,7,0,3,18,11,1,9,16,19,11,19,2,0,15,19,0,3,10,0,6,3,9,18,11,0,2,6,0,15,3,0,3,16,10,9,1,0,12,1,0,10,15,3,10,6,19,14,2,3,16,10,5,0,6,10,6,11,5,1,10,0,11,6,0,0,0,0,0,0,0,0,0,0,0,0,0,0,0,0,0,0,0,0,0,0,0,0,0,0,0,0,0,0,0,0,0,0,0,0,0,0,0,0,0,0,0,0,0,0,0,0,0,0,0,0,0,0,0,0,0,0,0,0,0,0,0,0,0,0",-0.2088337,0.08924805,3.0,0.3293889,56.33818,0.4290446,1.0,0.4290446,0.16999741,0.32834765,0.0,0.0,0.3293889,0.0056309667,0.8573659,0.16999741,2.5214632,1.7488086,56.33818,-0.2088337,2.5361185,188.97932,0.22765072,0.22973315,1.0,188.97932,0.6771676,0.1426341,2.5214632,0.0056309667,0.4290446,0.08924805,0.0,1.7488086,2.5361185,0.22765072,0.2088337,0.0,0.4290446,0.2088337,0.83216655,0.22973315,1.0,0.32834765,lookahead,beam_orig2_bm2-s0to100br0-s100to200br0-s200to300br0
/work/T-REX/external/Proteina-Complexa/inference/search_binder_local_pipeline_32_PDL1_ALPHA_REPACK_v7_r001_warmstart_v7r001_00_complexa_beam_a42e8fc6f9a25/job_0_n_175_id_32_beam_orig3_bm1-s0to100br0-s100to200br1-s200to300br0/job_0_n_175_id_32_beam_orig3_bm1-s0to100br0-s100to200br1-s200to300br0.pdb,131,"2,0,13,16,19,16,19,14,11,3,10,18,19,19,6,18,7,15,2,12,16,9,6,4,11,13,14,19,6,11,5,10,3,10,0,0,10,9,19,18,17,6,12,6,3,11,2,9,9,5,13,19,8,7,6,6,3,10,11,19,5,8,15,15,18,1,5,1,0,1,10,10,11,3,5,10,15,10,7,2,0,0,10,5,9,16,3,19,11,10,5,3,0,7,19,18,1,4,12,9,15,18,7,7,0,3,18,11,1,9,16,19,11,19,2,0,15,5,19,6,6,10,19,6,2,10,11,15,14,3,6,11,9,1,15,2,0,0,13,15,10,7,9,9,2,16,6,6,0,11,6,0,10,1,11,0,10,5,16,6,16,15,6,8,19,1,11,0,9,6,9,0,10,3,1,0,0,0,0,0,0,0,0,0,0,0,0,0,0,0,0,0,0,0,0,0,0,0,0,0,0,0,0,0,0,0,0,0,0,0,0,0,0,0,0,0,0,0,0,0,0,0,0,0,0,0,0,0,0,0,0,0",-0.27912214,0.1418467,3.0,0.19281122,31.453188,0.23011059,1.0,0.23011059,0.20965458,0.19024953,0.0,0.0,0.19281122,0.0023808237,0.869925,0.20965458,1.5020193,1.4801002,31.453188,-0.27912214,2.7381055,169.30154,0.15392096,0.15551184,1.0,169.30154,0.57678944,0.13007501,1.5020193,0.0023808237,0.2265781,0.1418467,0.0,1.4801002,2.7381055,0.15392096,0.27912214,0.0,0.2265781,0.27912214,0.7930695,0.15551184,1.0,0.19024953,lookahead,beam_orig3_bm1-s0to100br0-s100to200br1-s200to300br0
/work/T-REX/external/Proteina-Complexa/inference/search_binder_local_pipeline_32_PDL1_ALPHA_REPACK_v7_r001_warmstart_v7r001_00_complexa_beam_a42e8fc6f9a25/job_0_n_232_id_33_beam_orig0_bm0-s0to100br1-s100to200br3-s200to300br1/job_0_n_232_id_33_beam_orig0_bm0-s0to100br1-s100to200br3-s200to300br1.pdb,132,"2,0,13,16,19,16,19,14,11,3,10,18,19,19,6,18,7,15,2,12,16,9,6,4,11,13,14,19,6,11,5,10,3,10,0,0,10,9,19,18,17,6,12,6,3,11,2,9,9,5,13,19,8,7,6,6,3,10,11,19,5,8,15,15,18,1,5,1,0,1,10,10,11,3,5,10,15,10,7,2,0,0,10,5,9,16,3,19,11,10,5,3,0,7,19,18,1,4,12,9,15,18,7,7,0,3,18,11,1,9,16,19,11,19,2,0,2,0,13,16,19,16,19,14,11,3,10,18,19,19,6,18,7,15,2,12,16,9,6,4,11,13,14,19,6,11,5,10,3,10,0,0,10,9,19,18,17,6,12,6,3,11,2,9,9,5,13,19,8,7,6,6,3,10,11,19,5,8,15,15,18,1,5,1,0,1,10,10,11,3,5,10,15,10,7,2,0,0,10,5,9,16,3,19,11,10,5,3,0,7,19,18,1,4,12,9,15,18,7,7,0,3,18,11,1,9,16,19,11,19,2,0",-0.50186825,0.2721343,3.0,0.059379265,55.399498,0.06309935,1.0,0.06309935,0.29835436,0.014027663,0.0,0.0,0.059379265,0.0024192745,0.8608702,0.29835436,2.5245087,1.2699851,55.399498,-0.50186825,3.8111856,197.75618,0.01380132,0.055659186,1.0,197.75618,0.278813,0.1391298,2.5245087,0.0024192745,0.014254004,0.2721343,0.0,1.2699851,3.8111856,0.01380132,0.50186825,0.0,0.014254004,0.50186825,0.5937898,0.055659186,1.0,0.014027663,lookahead,beam_orig0_bm0-s0to100br1-s100to200br3-s200to300br1
/work/T-REX/external/Proteina-Complexa/inference/search_binder_local_pipeline_32_PDL1_ALPHA_REPACK_v7_r001_warmstart_v7r001_00_complexa_beam_a42e8fc6f9a25/job_0_n_229_id_33_beam_orig1_bm2-s0to100br1-s100to200br3-s200to300br1/job_0_n_229_id_33_beam_orig1_bm2-s0to100br1-s100to200br3-s200to300br1.pdb,133,"2,0,13,16,19,16,19,14,11,3,10,18,19,19,6,18,7,15,2,12,16,9,6,4,11,13,14,19,6,11,5,10,3,10,0,0,10,9,19,18,17,6,12,6,3,11,2,9,9,5,13,19,8,7,6,6,3,10,11,19,5,8,15,15,18,1,5,1,0,1,10,10,11,3,5,10,15,10,7,2,0,0,10,5,9,16,3,19,11,10,5,3,0,7,19,18,1,4,12,9,15,18,7,7,0,3,18,11,1,9,16,19,11,19,2,0,0,13,16,19,16,19,14,11,3,10,18,19,19,6,18,7,15,2,12,16,9,6,4,11,13,14,19,6,11,5,10,3,10,0,0,10,9,19,18,17,6,12,6,3,11,2,9,9,5,13,19,8,7,6,6,3,10,11,19,5,8,15,15,18,1,5,1,0,1,10,10,11,3,5,10,15,10,7,2,0,0,10,5,9,16,3,19,11,10,5,3,0,7,19,18,1,4,12,9,15,18,7,7,0,3,18,11,1,9,16,19,11,19,0,0,0",-0.5193638,0.29108453,3.0,0.048822835,52.023773,0.051197324,1.0,0.051197324,0.30751714,0.012731463,0.0,0.0,0.048822835,0.0017926149,0.86160207,0.30751714,2.7689924,1.2688189,52.023773,-0.5193638,3.835097,199.34944,0.012285233,0.046448343,1.0,199.34944,0.26578072,0.1383979,2.7689924,0.0017926149,0.013177693,0.29108453,0.0,1.2688189,3.835097,0.012285233,0.5193638,0.0,0.013177693,0.5193638,0.5899718,0.046448343,1.0,0.012731463,lookahead,beam_orig1_bm2-s0to100br1-s100to200br3-s200to300br1
/work/T-REX/external/Proteina-Complexa/inference/search_binder_local_pipeline_32_PDL1_ALPHA_REPACK_v7_r001_warmstart_v7r001_00_complexa_beam_a42e8fc6f9a25/job_0_n_167_id_33_beam_orig2_bm2-s0to100br0-s100to200br0-s200to300br1/job_0_n_167_id_33_beam_orig2_bm2-s0to100br0-s100to200br0-s200to300br1.pdb,134,"2,0,13,16,19,16,19,14,11,3,10,18,19,19,6,18,7,15,2,12,16,9,6,4,11,13,14,19,6,11,5,10,3,10,0,0,10,9,19,18,17,6,12,6,3,11,2,9,9,5,13,19,8,7,6,6,3,10,11,19,5,8,15,15,18,1,5,1,0,1,10,10,11,3,5,10,15,10,7,2,0,0,10,5,9,16,3,19,11,10,5,3,0,7,19,18,1,4,12,9,15,18,7,7,0,3,18,11,1,9,16,19,11,19,2,0,2,19,0,3,10,0,1,3,9,13,6,0,2,6,0,19,3,0,3,16,10,9,1,0,12,1,0,10,15,3,0,6,19,14,15,3,16,10,5,16,6,10,6,11,5,1,6,0,11,3,0,0,0,0,0,0,0,0,0,0,0,0,0,0,0,0,0,0,0,0,0,0,0,0,0,0,0,0,0,0,0,0,0,0,0,0,0,0,0,0,0,0,0,0,0,0,0,0,0,0,0,0,0,0,0,0,0,0,0,0,0,0,0,0,0,0",-0.17773749,0.07066428,3.0,0.42049104,52.511517,0.51276785,1.0,0.51276785,0.14691395,0.42049104,0.0,0.0,0.42049104,0.006070026,0.8874319,0.14691395,2.2003427,1.6802154,52.511517,-0.17773749,2.2986474,181.21127,0.32821426,0.32821426,1.0,181.21127,0.74821633,0.112568066,2.2003427,0.006070026,0.51276785,0.07066428,0.0,1.6802154,2.2986474,0.32821426,0.17773749,0.0,0.51276785,0.17773749,0.85638356,0.32821426,1.0,0.42049104,lookahead,beam_orig2_bm2-s0to100br0-s100to200br0-s200to300br1
/work/T-REX/external/Proteina-Complexa/inference/search_binder_local_pipeline_32_PDL1_ALPHA_REPACK_v7_r001_warmstart_v7r001_00_complexa_beam_a42e8fc6f9a25/job_0_n_175_id_33_beam_orig3_bm1-s0to100br0-s100to200br1-s200to300br1/job_0_n_175_id_33_beam_orig3_bm1-s0to100br0-s100to200br1-s200to300br1.pdb,135,"2,0,13,16,19,16,19,14,11,3,10,18,19,19,6,18,7,15,2,12,16,9,6,4,11,13,14,19,6,11,5,10,3,10,0,0,10,9,19,18,17,6,12,6,3,11,2,9,9,5,13,19,8,7,6,6,3,10,11,19,5,8,15,15,18,1,5,1,0,1,10,10,11,3,5,10,15,10,7,2,0,0,10,5,9,16,3,19,11,10,5,3,0,7,19,18,1,4,12,9,15,18,7,7,0,3,18,11,1,9,16,19,11,19,2,0,0,5,19,5,6,18,9,6,10,10,11,15,3,3,6,16,19,1,15,2,0,0,13,16,10,7,9,9,2,16,6,6,0,11,6,0,10,1,11,0,10,11,16,6,16,15,6,3,19,11,2,0,9,1,9,0,10,6,1,0,0,0,0,0,0,0,0,0,0,0,0,0,0,0,0,0,0,0,0,0,0,0,0,0,0,0,0,0,0,0,0,0,0,0,0,0,0,0,0,0,0,0,0,0,0,0,0,0,0,0,0,0,0,0,0,0",-0.21607499,0.09211754,3.0,0.31485257,22.399527,0.3691347,1.0,0.3691347,0.16849011,0.31485257,0.0,0.0,0.31485257,0.0012399867,0.89923227,0.16849011,0.9956616,1.4440054,22.399527,-0.21607499,2.3921885,154.48537,0.26057044,0.26057044,1.0,154.48537,0.7039778,0.1007677,0.9956616,0.0012399867,0.3691347,0.09211754,0.0,1.4440054,2.3921885,0.26057044,0.21607499,0.0,0.3691347,0.21607499,0.83843064,0.26057044,1.0,0.31485257,lookahead,beam_orig3_bm1-s0to100br0-s100to200br1-s200to300br1
/work/T-REX/external/Proteina-Complexa/inference/search_binder_local_pipeline_32_PDL1_ALPHA_REPACK_v7_r001_warmstart_v7r001_00_complexa_beam_a42e8fc6f9a25/job_0_n_232_id_34_beam_orig0_bm0-s0to100br1-s100to200br3-s200to300br2/job_0_n_232_id_34_beam_orig0_bm0-s0to100br1-s100to200br3-s200to300br2.pdb,136,"2,0,13,16,19,16,19,14,11,3,10,18,19,19,6,18,7,15,2,12,16,9,6,4,11,13,14,19,6,11,5,10,3,10,0,0,10,9,19,18,17,6,12,6,3,11,2,9,9,5,13,19,8,7,6,6,3,10,11,19,5,8,15,15,18,1,5,1,0,1,10,10,11,3,5,10,15,10,7,2,0,0,10,5,9,16,3,19,11,10,5,3,0,7,19,18,1,4,12,9,15,18,7,7,0,3,18,11,1,9,16,19,11,19,2,0,2,0,13,16,19,16,19,14,11,3,10,18,19,19,6,18,7,15,2,12,16,9,6,4,11,13,14,19,6,11,5,10,3,10,0,0,10,9,19,18,17,6,12,6,3,11,2,9,9,5,13,19,8,7,6,6,3,10,11,19,5,8,15,15,18,1,5,1,0,1,10,10,11,3,5,10,15,10,7,2,0,0,10,5,9,16,3,19,11,10,5,3,0,7,19,18,1,4,12,9,15,18,7,7,0,3,18,11,1,9,16,19,11,19,2,0",-0.5313333,0.3017611,3.0,0.042912327,59.49355,0.047154795,1.0,0.047154795,0.31358802,0.0122639,0.0,0.0,0.042912327,0.0024763634,0.86018276,0.31358802,3.280344,1.2813644,59.49355,-0.5313333,3.8951566,200.18468,0.011959108,0.03866986,1.0,200.18468,0.25787076,0.13981724,3.280344,0.0024763634,0.012568692,0.3017611,0.0,1.2813644,3.8951566,0.011959108,0.5313333,0.0,0.012568692,0.5313333,0.58304554,0.03866986,1.0,0.0122639,lookahead,beam_orig0_bm0-s0to100br1-s100to200br3-s200to300br2
/work/T-REX/external/Proteina-Complexa/inference/search_binder_local_pipeline_32_PDL1_ALPHA_REPACK_v7_r001_warmstart_v7r001_00_complexa_beam_a42e8fc6f9a25/job_0_n_229_id_34_beam_orig1_bm2-s0to100br1-s100to200br3-s200to300br2/job_0_n_229_id_34_beam_orig1_bm2-s0to100br1-s100to200br3-s200to300br2.pdb,137,"2,0,13,16,19,16,19,14,11,3,10,18,19,19,6,18,7,15,2,12,16,9,6,4,11,13,14,19,6,11,5,10,3,10,0,0,10,9,19,18,17,6,12,6,3,11,2,9,9,5,13,19,8,7,6,6,3,10,11,19,5,8,15,15,18,1,5,1,0,1,10,10,11,3,5,10,15,10,7,2,0,0,10,5,9,16,3,19,11,10,5,3,0,7,19,18,1,4,12,9,15,18,7,7,0,3,18,11,1,9,16,19,11,19,2,0,0,13,16,19,16,19,14,11,3,10,18,19,19,6,18,7,15,2,12,16,9,6,4,11,13,14,19,6,11,5,10,3,10,0,0,10,9,19,18,17,6,12,6,3,11,2,9,9,5,13,19,8,7,6,6,3,10,11,19,5,8,15,15,18,1,5,1,0,1,10,10,11,3,5,10,15,10,7,2,0,0,10,5,9,16,3,19,11,10,5,3,0,7,19,18,1,4,12,9,15,18,7,7,0,3,18,11,1,9,16,19,11,19,0,0,0",-0.51524216,0.28871918,3.0,0.050621286,52.245197,0.053090595,1.0,0.053090595,0.30578238,0.012901978,0.0,0.0,0.050621286,0.00182559,0.8607856,0.30578238,2.7278795,1.2749529,52.245197,-0.51524216,3.8245726,198.6081,0.012406953,0.048151974,1.0,198.6081,0.26993144,0.13921437,2.7278795,0.00182559,0.013397003,0.28871918,0.0,1.2749529,3.8245726,0.012406953,0.51524216,0.0,0.013397003,0.51524216,0.59221596,0.048151974,1.0,0.012901978,lookahead,beam_orig1_bm2-s0to100br1-s100to200br3-s200to300br2
/work/T-REX/external/Proteina-Complexa/inference/search_binder_local_pipeline_32_PDL1_ALPHA_REPACK_v7_r001_warmstart_v7r001_00_complexa_beam_a42e8fc6f9a25/job_0_n_167_id_34_beam_orig2_bm2-s0to100br0-s100to200br0-s200to300br2/job_0_n_167_id_34_beam_orig2_bm2-s0to100br0-s100to200br0-s200to300br2.pdb,138,"2,0,13,16,19,16,19,14,11,3,10,18,19,19,6,18,7,15,2,12,16,9,6,4,11,13,14,19,6,11,5,10,3,10,0,0,10,9,19,18,17,6,12,6,3,11,2,9,9,5,13,19,8,7,6,6,3,10,11,19,5,8,15,15,18,1,5,1,0,1,10,10,11,3,5,10,15,10,7,2,0,0,10,5,9,16,3,19,11,10,5,3,0,7,19,18,1,4,12,9,15,18,7,7,0,3,18,11,1,9,16,19,11,19,2,0,2,19,0,11,10,0,6,3,9,18,11,0,2,6,0,11,3,0,3,16,10,9,1,0,12,1,0,10,15,3,2,6,19,14,2,3,1,10,5,0,6,10,6,11,5,1,6,0,11,15,0,0,0,0,0,0,0,0,0,0,0,0,0,0,0,0,0,0,0,0,0,0,0,0,0,0,0,0,0,0,0,0,0,0,0,0,0,0,0,0,0,0,0,0,0,0,0,0,0,0,0,0,0,0,0,0,0,0,0,0,0,0,0,0,0,0",-0.21869135,0.08878903,3.0,0.3201992,52.430325,0.41374233,1.0,0.41374233,0.17889385,0.31920278,0.0,0.0,0.3201992,0.013679637,0.84223723,0.17889385,2.4075975,1.8213427,52.430325,-0.21869135,2.5991936,190.51843,0.2246632,0.22665605,1.0,190.51843,0.66179144,0.1577628,2.4075975,0.013679637,0.41374233,0.08878903,0.0,1.8213427,2.5991936,0.2246632,0.21869135,0.0,0.41374233,0.21869135,0.82322633,0.22665605,1.0,0.31920278,lookahead,beam_orig2_bm2-s0to100br0-s100to200br0-s200to300br2
/work/T-REX/external/Proteina-Complexa/inference/search_binder_local_pipeline_32_PDL1_ALPHA_REPACK_v7_r001_warmstart_v7r001_00_complexa_beam_a42e8fc6f9a25/job_0_n_175_id_34_beam_orig3_bm1-s0to100br0-s100to200br1-s200to300br2/job_0_n_175_id_34_beam_orig3_bm1-s0to100br0-s100to200br1-s200to300br2.pdb,139,"2,0,13,16,19,16,19,14,11,3,10,18,19,19,6,18,7,15,2,12,16,9,6,4,11,13,14,19,6,11,5,10,3,10,0,0,10,9,19,18,17,6,12,6,3,11,2,9,9,5,13,19,8,7,6,6,3,10,11,19,5,8,15,15,18,1,5,1,0,1,10,10,11,3,5,10,15,10,7,2,0,0,10,5,9,16,3,19,11,10,5,3,0,7,19,18,1,4,12,9,15,18,7,7,0,3,18,11,1,9,16,19,11,19,2,0,7,5,19,5,5,13,9,6,6,10,11,15,14,3,14,1,19,1,15,2,0,0,13,15,10,7,9,9,2,16,6,6,0,11,6,0,10,1,11,0,10,5,11,6,11,3,14,3,19,1,1,0,9,6,9,0,10,3,1,0,0,0,0,0,0,0,0,0,0,0,0,0,0,0,0,0,0,0,0,0,0,0,0,0,0,0,0,0,0,0,0,0,0,0,0,0,0,0,0,0,0,0,0,0,0,0,0,0,0,0,0,0,0,0,0,0",-0.26418486,0.13271874,3.0,0.21724102,28.110636,0.26421005,1.0,0.26421005,0.20011029,0.21594757,0.0,0.0,0.21724102,0.0019043008,0.8717438,0.20011029,1.1400808,1.473512,28.110636,-0.26418486,2.7174284,164.97185,0.16880335,0.170272,1.0,164.97185,0.5954577,0.1282562,1.1400808,0.0019043008,0.2630918,0.13271874,0.0,1.473512,2.7174284,0.16880335,0.26418486,0.0,0.2630918,0.26418486,0.7995328,0.170272,1.0,0.21594757,lookahead,beam_orig3_bm1-s0to100br0-s100to200br1-s200to300br2
/work/T-REX/external/Proteina-Complexa/inference/search_binder_local_pipeline_32_PDL1_ALPHA_REPACK_v7_r001_warmstart_v7r001_00_complexa_beam_a42e8fc6f9a25/job_0_n_232_id_35_beam_orig0_bm0-s0to100br1-s100to200br3-s200to300br3/job_0_n_232_id_35_beam_orig0_bm0-s0to100br1-s100to200br3-s200to300br3.pdb,140,"2,0,13,16,19,16,19,14,11,3,10,18,19,19,6,18,7,15,2,12,16,9,6,4,11,13,14,19,6,11,5,10,3,10,0,0,10,9,19,18,17,6,12,6,3,11,2,9,9,5,13,19,8,7,6,6,3,10,11,19,5,8,15,15,18,1,5,1,0,1,10,10,11,3,5,10,15,10,7,2,0,0,10,5,9,16,3,19,11,10,5,3,0,7,19,18,1,4,12,9,15,18,7,7,0,3,18,11,1,9,16,19,11,19,2,0,2,0,13,16,19,16,19,14,11,3,10,18,19,19,6,18,7,15,2,12,16,9,6,4,11,13,14,19,6,11,5,10,3,10,0,0,10,9,19,18,17,6,12,6,3,11,2,9,9,5,13,19,8,7,6,6,3,10,11,19,5,8,15,15,18,1,5,1,0,1,10,10,11,3,5,10,15,10,7,2,0,0,10,5,9,16,3,19,11,10,5,3,0,7,19,18,1,4,12,9,15,18,7,7,0,3,18,11,1,9,16,19,11,19,2,0",-0.5135512,0.28535667,3.0,0.05273267,57.631374,0.055646013,1.0,0.055646013,0.30454132,0.012916969,0.0,0.0,0.05273267,0.0024717008,0.86004716,0.30454132,2.9138298,1.2775574,57.631374,-0.5135512,3.848104,199.42274,0.012666039,0.049819328,1.0,199.42274,0.27211198,0.13995285,2.9138298,0.0024717008,0.013167898,0.28535667,0.0,1.2775574,3.848104,0.012666039,0.5135512,0.0,0.013167898,0.5135512,0.5905299,0.049819328,1.0,0.012916969,lookahead,beam_orig0_bm0-s0to100br1-s100to200br3-s200to300br3
/work/T-REX/external/Proteina-Complexa/inference/search_binder_local_pipeline_32_PDL1_ALPHA_REPACK_v7_r001_warmstart_v7r001_00_complexa_beam_a42e8fc6f9a25/job_0_n_229_id_35_beam_orig1_bm2-s0to100br1-s100to200br3-s200to300br3/job_0_n_229_id_35_beam_orig1_bm2-s0to100br1-s100to200br3-s200to300br3.pdb,141,"2,0,13,16,19,16,19,14,11,3,10,18,19,19,6,18,7,15,2,12,16,9,6,4,11,13,14,19,6,11,5,10,3,10,0,0,10,9,19,18,17,6,12,6,3,11,2,9,9,5,13,19,8,7,6,6,3,10,11,19,5,8,15,15,18,1,5,1,0,1,10,10,11,3,5,10,15,10,7,2,0,0,10,5,9,16,3,19,11,10,5,3,0,7,19,18,1,4,12,9,15,18,7,7,0,3,18,11,1,9,16,19,11,19,2,0,0,13,16,19,16,19,14,11,3,10,18,19,19,6,18,7,15,2,12,16,9,6,4,11,13,14,19,6,11,5,10,3,10,0,0,10,9,19,18,17,6,12,6,3,11,2,9,9,5,13,19,8,7,6,6,3,10,11,19,5,8,15,15,18,1,5,1,0,1,10,10,11,3,5,10,15,10,7,2,0,0,10,5,9,16,3,19,11,10,5,3,0,7,19,18,1,4,12,9,15,18,7,7,0,3,18,11,1,9,16,19,11,19,0,0,0",-0.51135397,0.285929,3.0,0.051987667,49.604794,0.05490067,1.0,0.05490067,0.30364448,0.013009694,0.0,0.0,0.051987667,0.0018018284,0.8607935,0.30364448,2.3594396,1.2704908,49.604794,-0.51135397,3.8108273,201.9383,0.012753502,0.049074665,1.0,201.9383,0.27120712,0.13920656,2.3594396,0.0018018284,0.013265887,0.285929,0.0,1.2704908,3.8108273,0.012753502,0.51135397,0.0,0.013265887,0.51135397,0.5929009,0.049074665,1.0,0.013009694,lookahead,beam_orig1_bm2-s0to100br1-s100to200br3-s200to300br3
/work/T-REX/external/Proteina-Complexa/inference/search_binder_local_pipeline_32_PDL1_ALPHA_REPACK_v7_r001_warmstart_v7r001_00_complexa_beam_a42e8fc6f9a25/job_0_n_167_id_35_beam_orig2_bm2-s0to100br0-s100to200br0-s200to300br3/job_0_n_167_id_35_beam_orig2_bm2-s0to100br0-s100to200br0-s200to300br3.pdb,142,"2,0,13,16,19,16,19,14,11,3,10,18,19,19,6,18,7,15,2,12,16,9,6,4,11,13,14,19,6,11,5,10,3,10,0,0,10,9,19,18,17,6,12,6,3,11,2,9,9,5,13,19,8,7,6,6,3,10,11,19,5,8,15,15,18,1,5,1,0,1,10,10,11,3,5,10,15,10,7,2,0,0,10,5,9,16,3,19,11,10,5,3,0,7,19,18,1,4,12,9,15,18,7,7,0,3,18,11,1,9,16,19,11,19,2,0,2,19,15,11,10,19,6,3,9,18,5,0,2,6,0,2,3,0,3,16,10,9,1,0,12,1,0,10,15,3,10,6,19,14,5,11,1,9,2,16,6,10,6,1,5,1,2,10,11,15,0,0,0,0,0,0,0,0,0,0,0,0,0,0,0,0,0,0,0,0,0,0,0,0,0,0,0,0,0,0,0,0,0,0,0,0,0,0,0,0,0,0,0,0,0,0,0,0,0,0,0,0,0,0,0,0,0,0,0,0,0,0,0,0,0,0",-0.26736563,0.11284315,3.0,0.23318182,55.219112,0.31280765,1.0,0.31280765,0.21459831,0.23131293,0.0,0.0,0.23318182,0.018774496,0.81214374,0.21459831,2.7678306,1.8780036,55.219112,-0.26736563,2.8674128,192.01862,0.1498182,0.15355599,1.0,192.01862,0.5644938,0.18785627,2.7678306,0.018774496,0.31280765,0.11284315,0.0,1.8780036,2.8674128,0.1498182,0.26736563,0.0,0.31280765,0.26736563,0.7981683,0.15355599,1.0,0.23131293,lookahead,beam_orig2_bm2-s0to100br0-s100to200br0-s200to300br3
/work/T-REX/external/Proteina-Complexa/inference/search_binder_local_pipeline_32_PDL1_ALPHA_REPACK_v7_r001_warmstart_v7r001_00_complexa_beam_a42e8fc6f9a25/job_0_n_175_id_35_beam_orig3_bm1-s0to100br0-s100to200br1-s200to300br3/job_0_n_175_id_35_beam_orig3_bm1-s0to100br0-s100to200br1-s200to300br3.pdb,143,"2,0,13,16,19,16,19,14,11,3,10,18,19,19,6,18,7,15,2,12,16,9,6,4,11,13,14,19,6,11,5,10,3,10,0,0,10,9,19,18,17,6,12,6,3,11,2,9,9,5,13,19,8,7,6,6,3,10,11,19,5,8,15,15,18,1,5,1,0,1,10,10,11,3,5,10,15,10,7,2,0,0,10,5,9,16,3,19,11,10,5,3,0,7,19,18,1,4,12,9,15,18,7,7,0,3,18,11,1,9,16,19,11,19,2,0,15,6,19,5,6,10,9,6,6,10,11,15,15,3,6,11,9,1,15,2,0,0,13,16,10,7,9,9,2,16,6,6,0,11,6,0,10,1,11,0,10,11,11,6,11,15,6,2,19,1,11,0,9,6,9,0,10,3,1,0,0,0,0,0,0,0,0,0,0,0,0,0,0,0,0,0,0,0,0,0,0,0,0,0,0,0,0,0,0,0,0,0,0,0,0,0,0,0,0,0,0,0,0,0,0,0,0,0,0,0,0,0,0,0,0,0",-0.2213773,0.10065595,3.0,0.29826722,28.102951,0.35018826,1.0,0.35018826,0.17015347,0.29826722,0.0,0.0,0.29826722,0.0021862206,0.89833957,0.17015347,1.1462367,1.4492984,28.102951,-0.2213773,2.406193,155.39552,0.24634619,0.24634619,1.0,155.39552,0.68570125,0.10166044,1.1462367,0.0021862206,0.35018826,0.10065595,0.0,1.4492984,2.406193,0.24634619,0.2213773,0.0,0.35018826,0.2213773,0.8312286,0.24634619,1.0,0.29826722,lookahead,beam_orig3_bm1-s0to100br0-s100to200br1-s200to300br3
/work/T-REX/external/Proteina-Complexa/inference/search_binder_local_pipeline_32_PDL1_ALPHA_REPACK_v7_r001_warmstart_v7r001_00_complexa_beam_a42e8fc6f9a25/job_0_n_232_id_36_beam_orig0_bm3-s0to100br1-s100to200br1-s200to300br0/job_0_n_232_id_36_beam_orig0_bm3-s0to100br1-s100to200br1-s200to300br0.pdb,144,"2,0,13,16,19,16,19,14,11,3,10,18,19,19,6,18,7,15,2,12,16,9,6,4,11,13,14,19,6,11,5,10,3,10,0,0,10,9,19,18,17,6,12,6,3,11,2,9,9,5,13,19,8,7,6,6,3,10,11,19,5,8,15,15,18,1,5,1,0,1,10,10,11,3,5,10,15,10,7,2,0,0,10,5,9,16,3,19,11,10,5,3,0,7,19,18,1,4,12,9,15,18,7,7,0,3,18,11,1,9,16,19,11,19,2,0,2,0,13,16,19,16,19,14,11,3,10,18,19,19,6,18,7,15,2,12,16,9,6,4,11,13,14,19,6,11,5,10,3,10,0,0,10,9,19,18,17,6,12,6,3,11,2,9,9,5,13,19,8,7,6,6,3,10,11,19,5,8,15,15,18,1,5,1,0,1,10,10,11,3,5,10,15,10,7,2,0,0,10,5,9,16,3,19,11,10,5,3,0,7,19,18,1,4,12,9,15,18,7,7,0,3,18,11,1,9,16,19,11,19,2,0",-0.52528304,0.2931999,3.0,0.04745601,55.09471,0.05107003,1.0,0.05107003,0.3102176,0.012570711,0.0,0.0,0.04745601,0.0024071366,0.85998297,0.3102176,2.7687519,1.2766166,55.09471,-0.52528304,3.880961,200.13585,0.012340645,0.043841995,1.0,200.13585,0.26046705,0.14001705,2.7687519,0.0024071366,0.012800777,0.2931999,0.0,1.2766166,3.880961,0.012340645,0.52528304,0.0,0.012800777,0.52528304,0.58475924,0.043841995,1.0,0.012570711,lookahead,beam_orig0_bm3-s0to100br1-s100to200br1-s200to300br0
/work/T-REX/external/Proteina-Complexa/inference/search_binder_local_pipeline_32_PDL1_ALPHA_REPACK_v7_r001_warmstart_v7r001_00_complexa_beam_a42e8fc6f9a25/job_0_n_229_id_36_beam_orig1_bm2-s0to100br1-s100to200br0-s200to300br0/job_0_n_229_id_36_beam_orig1_bm2-s0to100br1-s100to200br0-s200to300br0.pdb,145,"2,0,13,16,19,16,19,14,11,3,10,18,19,19,6,18,7,15,2,12,16,9,6,4,11,13,14,19,6,11,5,10,3,10,0,0,10,9,19,18,17,6,12,6,3,11,2,9,9,5,13,19,8,7,6,6,3,10,11,19,5,8,15,15,18,1,5,1,0,1,10,10,11,3,5,10,15,10,7,2,0,0,10,5,9,16,3,19,11,10,5,3,0,7,19,18,1,4,12,9,15,18,7,7,0,3,18,11,1,9,16,19,11,19,2,0,0,13,16,19,16,19,14,11,3,10,18,19,19,6,18,7,15,2,12,16,9,6,4,11,13,14,19,6,11,5,10,3,10,0,0,10,9,19,18,17,6,12,6,3,11,2,9,9,5,13,19,8,7,6,6,3,10,11,19,5,8,15,15,18,1,5,1,0,1,10,10,11,3,5,10,15,10,7,2,0,0,10,5,9,16,3,19,11,10,5,3,0,7,19,18,1,4,12,9,15,18,7,7,0,3,18,11,1,9,16,19,11,19,0,0,0",-0.52351916,0.29759663,3.0,0.04636601,55.159206,0.04891093,1.0,0.04891093,0.3098077,0.012382414,0.0,0.0,0.04636601,0.001832271,0.86137253,0.3098077,3.0614712,1.27378,55.159206,-0.52351916,3.845712,201.1263,0.012024562,0.04382109,1.0,201.1263,0.26440582,0.13862745,3.0614712,0.001832271,0.012740267,0.29759663,0.0,1.27378,3.845712,0.012024562,0.52351916,0.0,0.012740267,0.52351916,0.5895476,0.04382109,1.0,0.012382414,lookahead,beam_orig1_bm2-s0to100br1-s100to200br0-s200to300br0
/work/T-REX/external/Proteina-Complexa/inference/search_binder_local_pipeline_32_PDL1_ALPHA_REPACK_v7_r001_warmstart_v7r001_00_complexa_beam_a42e8fc6f9a25/job_0_n_167_id_36_beam_orig2_bm3-s0to100br1-s100to200br0-s200to300br0/job_0_n_167_id_36_beam_orig2_bm3-s0to100br1-s100to200br0-s200to300br0.pdb,146,"2,0,13,16,19,16,19,14,11,3,10,18,19,19,6,18,7,15,2,12,16,9,6,4,11,13,14,19,6,11,5,10,3,10,0,0,10,9,19,18,17,6,12,6,3,11,2,9,9,5,13,19,8,7,6,6,3,10,11,19,5,8,15,15,18,1,5,1,0,1,10,10,11,3,5,10,15,10,7,2,0,0,10,5,9,16,3,19,11,10,5,3,0,7,19,18,1,4,12,9,15,18,7,7,0,3,18,11,1,9,16,19,11,19,2,0,12,10,2,3,18,10,5,16,19,19,6,11,3,15,5,6,2,13,5,10,0,9,2,6,7,19,1,10,7,18,15,5,5,3,0,0,2,0,19,13,5,15,10,19,2,1,11,19,9,9,10,0,0,0,0,0,0,0,0,0,0,0,0,0,0,0,0,0,0,0,0,0,0,0,0,0,0,0,0,0,0,0,0,0,0,0,0,0,0,0,0,0,0,0,0,0,0,0,0,0,0,0,0,0,0,0,0,0,0,0,0,0,0,0,0,0",-0.1461511,0.03965071,3.0,0.64747113,60.529697,0.74023587,1.0,0.74023587,0.12618554,0.64747113,0.0,0.0,0.64747113,0.001105783,0.9095868,0.12618554,5.352215,1.6300324,60.529697,-0.1461511,1.8094974,243.59192,0.5547064,0.5547064,1.0,243.59192,0.8540896,0.09041318,5.352215,0.001105783,0.74023587,0.03965071,0.0,1.6300324,1.8094974,0.5547064,0.1461511,0.0,0.74023587,0.1461511,0.89075696,0.5547064,1.0,0.64747113,lookahead,beam_orig2_bm3-s0to100br1-s100to200br0-s200to300br0
/work/T-REX/external/Proteina-Complexa/inference/search_binder_local_pipeline_32_PDL1_ALPHA_REPACK_v7_r001_warmstart_v7r001_00_complexa_beam_a42e8fc6f9a25/job_0_n_175_id_36_beam_orig3_bm2-s0to100br1-s100to200br2-s200to300br0/job_0_n_175_id_36_beam_orig3_bm2-s0to100br1-s100to200br2-s200to300br0.pdb,147,"2,0,13,16,19,16,19,14,11,3,10,18,19,19,6,18,7,15,2,12,16,9,6,4,11,13,14,19,6,11,5,10,3,10,0,0,10,9,19,18,17,6,12,6,3,11,2,9,9,5,13,19,8,7,6,6,3,10,11,19,5,8,15,15,18,1,5,1,0,1,10,10,11,3,5,10,15,10,7,2,0,0,10,5,9,16,3,19,11,10,5,3,0,7,19,18,1,4,12,9,15,18,7,7,0,3,18,11,1,9,16,19,11,19,2,0,12,3,19,0,15,10,19,11,10,10,6,15,11,3,6,2,19,1,11,6,0,9,0,7,10,18,0,11,7,6,6,0,19,6,0,10,11,11,13,10,11,8,11,3,11,3,19,0,15,18,0,1,13,18,10,1,0,10,11,0,0,0,0,0,0,0,0,0,0,0,0,0,0,0,0,0,0,0,0,0,0,0,0,0,0,0,0,0,0,0,0,0,0,0,0,0,0,0,0,0,0,0,0,0,0,0,0,0,0,0,0,0,0,0,0,0",-0.26805386,0.11160813,3.0,0.26669195,99.72055,0.33925462,1.0,0.33925462,0.2188653,0.26669195,0.0,0.0,0.26669195,0.0022135377,0.78266734,0.2188653,5.988444,2.06579,99.72055,-0.26805386,2.897147,231.71869,0.1941293,0.1941293,1.0,231.71869,0.6168078,0.21733266,5.988444,0.0022135377,0.33925462,0.11160813,0.0,2.06579,2.897147,0.1941293,0.26805386,0.0,0.33925462,0.26805386,0.7955807,0.1941293,1.0,0.26669195,lookahead,beam_orig3_bm2-s0to100br1-s100to200br2-s200to300br0
/work/T-REX/external/Proteina-Complexa/inference/search_binder_local_pipeline_32_PDL1_ALPHA_REPACK_v7_r001_warmstart_v7r001_00_complexa_beam_a42e8fc6f9a25/job_0_n_232_id_37_beam_orig0_bm3-s0to100br1-s100to200br1-s200to300br1/job_0_n_232_id_37_beam_orig0_bm3-s0to100br1-s100to200br1-s200to300br1.pdb,148,"2,0,13,16,19,16,19,14,11,3,10,18,19,19,6,18,7,15,2,12,16,9,6,4,11,13,14,19,6,11,5,10,3,10,0,0,10,9,19,18,17,6,12,6,3,11,2,9,9,5,13,19,8,7,6,6,3,10,11,19,5,8,15,15,18,1,5,1,0,1,10,10,11,3,5,10,15,10,7,2,0,0,10,5,9,16,3,19,11,10,5,3,0,7,19,18,1,4,12,9,15,18,7,7,0,3,18,11,1,9,16,19,11,19,2,0,2,0,13,16,19,16,19,14,11,3,10,18,19,19,6,18,7,15,2,12,16,9,6,4,11,13,14,19,6,11,5,10,3,10,0,0,10,9,19,18,17,6,12,6,3,11,2,9,9,5,13,19,8,7,6,6,3,10,11,19,5,8,15,15,18,1,5,1,0,1,10,10,11,3,5,10,15,10,7,2,0,0,10,5,9,16,3,19,11,10,5,3,0,7,19,18,1,4,12,9,15,18,7,7,0,3,18,11,1,9,16,19,11,19,2,0",-0.53270024,0.30029032,3.0,0.041982614,58.72603,0.04533275,1.0,0.04533275,0.3142892,0.012241481,0.0,0.0,0.041982614,0.0024877514,0.85987604,0.3142892,3.1325638,1.2821265,58.72603,-0.53270024,3.8960376,199.19336,0.01199953,0.038632482,1.0,199.19336,0.25690335,0.14012395,3.1325638,0.0024877514,0.012483433,0.30029032,0.0,1.2821265,3.8960376,0.01199953,0.53270024,0.0,0.012483433,0.53270024,0.58271796,0.038632482,1.0,0.012241481,lookahead,beam_orig0_bm3-s0to100br1-s100to200br1-s200to300br1
/work/T-REX/external/Proteina-Complexa/inference/search_binder_local_pipeline_32_PDL1_ALPHA_REPACK_v7_r001_warmstart_v7r001_00_complexa_beam_a42e8fc6f9a25/job_0_n_229_id_37_beam_orig1_bm2-s0to100br1-s100to200br0-s200to300br1/job_0_n_229_id_37_beam_orig1_bm2-s0to100br1-s100to200br0-s200to300br1.pdb,149,"2,0,13,16,19,16,19,14,11,3,10,18,19,19,6,18,7,15,2,12,16,9,6,4,11,13,14,19,6,11,5,10,3,10,0,0,10,9,19,18,17,6,12,6,3,11,2,9,9,5,13,19,8,7,6,6,3,10,11,19,5,8,15,15,18,1,5,1,0,1,10,10,11,3,5,10,15,10,7,2,0,0,10,5,9,16,3,19,11,10,5,3,0,7,19,18,1,4,12,9,15,18,7,7,0,3,18,11,1,9,16,19,11,19,2,0,0,13,16,19,16,19,14,11,3,10,18,19,19,6,18,7,15,2,12,16,9,6,4,11,13,14,19,6,11,5,10,3,10,0,0,10,9,19,18,17,6,12,6,3,11,2,9,9,5,13,19,8,7,6,6,3,10,11,19,5,8,15,15,18,1,5,1,0,1,10,10,11,3,5,10,15,10,7,2,0,0,10,5,9,16,3,19,11,10,5,3,0,7,19,18,1,4,12,9,15,18,7,7,0,3,18,11,1,9,16,19,11,19,0,0,0",-0.5143572,0.2846041,3.0,0.050441254,48.271126,0.05327051,1.0,0.05327051,0.3047253,0.012887102,0.0,0.0,0.050441254,0.0017472305,0.86165553,0.3047253,2.541029,1.2646282,48.271126,-0.5143572,3.820438,197.84787,0.012794567,0.047611997,1.0,197.84787,0.26861703,0.13834447,2.541029,0.0017472305,0.012979636,0.2846041,0.0,1.2646282,3.820438,0.012794567,0.5143572,0.0,0.012979636,0.5143572,0.5918543,0.047611997,1.0,0.012887102,lookahead,beam_orig1_bm2-s0to100br1-s100to200br0-s200to300br1
/work/T-REX/external/Proteina-Complexa/inference/search_binder_local_pipeline_32_PDL1_ALPHA_REPACK_v7_r001_warmstart_v7r001_00_complexa_beam_a42e8fc6f9a25/job_0_n_167_id_37_beam_orig2_bm3-s0to100br1-s100to200br0-s200to300br1/job_0_n_167_id_37_beam_orig2_bm3-s0to100br1-s100to200br0-s200to300br1.pdb,150,"2,0,13,16,19,16,19,14,11,3,10,18,19,19,6,18,7,15,2,12,16,9,6,4,11,13,14,19,6,11,5,10,3,10,0,0,10,9,19,18,17,6,12,6,3,11,2,9,9,5,13,19,8,7,6,6,3,10,11,19,5,8,15,15,18,1,5,1,0,1,10,10,11,3,5,10,15,10,7,2,0,0,10,5,9,16,3,19,11,10,5,3,0,7,19,18,1,4,12,9,15,18,7,7,0,3,18,11,1,9,16,19,11,19,2,0,16,10,2,3,10,10,5,0,19,19,6,3,3,15,5,6,2,13,5,1,0,9,5,6,7,6,1,10,7,18,15,0,1,3,0,0,2,19,19,13,5,15,10,19,2,1,11,19,9,6,19,0,0,0,0,0,0,0,0,0,0,0,0,0,0,0,0,0,0,0,0,0,0,0,0,0,0,0,0,0,0,0,0,0,0,0,0,0,0,0,0,0,0,0,0,0,0,0,0,0,0,0,0,0,0,0,0,0,0,0,0,0,0,0,0,0",-0.15004364,0.04348927,3.0,0.6001651,62.10309,0.69348294,1.0,0.69348294,0.12898178,0.6001651,0.0,0.0,0.6001651,0.00093115785,0.89707625,0.12898178,5.08676,1.7032142,62.10309,-0.15004364,1.929784,234.15392,0.50684726,0.50684726,1.0,234.15392,0.8313385,0.10292374,5.08676,0.00093115785,0.69348294,0.04348927,0.0,1.7032142,1.929784,0.50684726,0.15004364,0.0,0.69348294,0.15004364,0.8823726,0.50684726,1.0,0.6001651,lookahead,beam_orig2_bm3-s0to100br1-s100to200br0-s200to300br1
/work/T-REX/external/Proteina-Complexa/inference/search_binder_local_pipeline_32_PDL1_ALPHA_REPACK_v7_r001_warmstart_v7r001_00_complexa_beam_a42e8fc6f9a25/job_0_n_175_id_37_beam_orig3_bm2-s0to100br1-s100to200br2-s200to300br1/job_0_n_175_id_37_beam_orig3_bm2-s0to100br1-s100to200br2-s200to300br1.pdb,151,"2,0,13,16,19,16,19,14,11,3,10,18,19,19,6,18,7,15,2,12,16,9,6,4,11,13,14,19,6,11,5,10,3,10,0,0,10,9,19,18,17,6,12,6,3,11,2,9,9,5,13,19,8,7,6,6,3,10,11,19,5,8,15,15,18,1,5,1,0,1,10,10,11,3,5,10,15,10,7,2,0,0,10,5,9,16,3,19,11,10,5,3,0,7,19,18,1,4,12,9,15,18,7,7,0,3,18,11,1,9,16,19,11,19,2,0,12,15,19,6,6,10,19,11,10,10,6,15,14,3,6,2,19,1,11,0,0,9,0,7,10,13,0,11,7,6,6,0,19,6,14,10,11,11,13,10,11,8,11,3,11,3,19,0,15,18,0,1,13,18,10,1,0,10,11,0,0,0,0,0,0,0,0,0,0,0,0,0,0,0,0,0,0,0,0,0,0,0,0,0,0,0,0,0,0,0,0,0,0,0,0,0,0,0,0,0,0,0,0,0,0,0,0,0,0,0,0,0,0,0,0,0",-0.17558272,0.06567543,3.0,0.48987737,106.48221,0.57023066,1.0,0.57023066,0.14671557,0.48987737,0.0,0.0,0.48987737,0.0017231521,0.8716684,0.14671557,5.4294806,1.7774545,106.48221,-0.17558272,2.2763252,249.64996,0.40952408,0.40952408,1.0,249.64996,0.7603415,0.12833162,5.4294806,0.0017231521,0.57023066,0.06567543,0.0,1.7774545,2.2763252,0.40952408,0.17558272,0.0,0.57023066,0.17558272,0.8549741,0.40952408,1.0,0.48987737,lookahead,beam_orig3_bm2-s0to100br1-s100to200br2-s200to300br1
/work/T-REX/external/Proteina-Complexa/inference/search_binder_local_pipeline_32_PDL1_ALPHA_REPACK_v7_r001_warmstart_v7r001_00_complexa_beam_a42e8fc6f9a25/job_0_n_232_id_38_beam_orig0_bm3-s0to100br1-s100to200br1-s200to300br2/job_0_n_232_id_38_beam_orig0_bm3-s0to100br1-s100to200br1-s200to300br2.pdb,152,"2,0,13,16,19,16,19,14,11,3,10,18,19,19,6,18,7,15,2,12,16,9,6,4,11,13,14,19,6,11,5,10,3,10,0,0,10,9,19,18,17,6,12,6,3,11,2,9,9,5,13,19,8,7,6,6,3,10,11,19,5,8,15,15,18,1,5,1,0,1,10,10,11,3,5,10,15,10,7,2,0,0,10,5,9,16,3,19,11,10,5,3,0,7,19,18,1,4,12,9,15,18,7,7,0,3,18,11,1,9,16,19,11,19,2,0,2,0,13,16,19,16,19,14,11,3,10,18,19,19,6,18,7,15,2,12,16,9,6,4,11,13,14,19,6,11,5,10,3,10,0,0,10,9,19,18,17,6,12,6,3,11,2,9,9,5,13,19,8,7,6,6,3,10,11,19,5,8,15,15,18,1,5,1,0,1,10,10,11,3,5,10,15,10,7,2,0,0,10,5,9,16,3,19,11,10,5,3,0,7,19,18,1,4,12,9,15,18,7,7,0,3,18,11,1,9,16,19,11,19,2,0",-0.5303008,0.29963732,3.0,0.04364817,61.50727,0.04656171,1.0,0.04656171,0.31300583,0.01234918,0.0,0.0,0.04364817,0.0024460575,0.86009634,0.31300583,3.315329,1.281075,61.50727,-0.5303008,3.8883266,201.64758,0.012066498,0.040734626,1.0,201.64758,0.25962758,0.13990366,3.315329,0.0024460575,0.0126318615,0.29963732,0.0,1.281075,3.8883266,0.012066498,0.5303008,0.0,0.0126318615,0.5303008,0.5841272,0.040734626,1.0,0.01234918,lookahead,beam_orig0_bm3-s0to100br1-s100to200br1-s200to300br2
/work/T-REX/external/Proteina-Complexa/inference/search_binder_local_pipeline_32_PDL1_ALPHA_REPACK_v7_r001_warmstart_v7r001_00_complexa_beam_a42e8fc6f9a25/job_0_n_229_id_38_beam_orig1_bm2-s0to100br1-s100to200br0-s200to300br2/job_0_n_229_id_38_beam_orig1_bm2-s0to100br1-s100to200br0-s200to300br2.pdb,153,"2,0,13,16,19,16,19,14,11,3,10,18,19,19,6,18,7,15,2,12,16,9,6,4,11,13,14,19,6,11,5,10,3,10,0,0,10,9,19,18,17,6,12,6,3,11,2,9,9,5,13,19,8,7,6,6,3,10,11,19,5,8,15,15,18,1,5,1,0,1,10,10,11,3,5,10,15,10,7,2,0,0,10,5,9,16,3,19,11,10,5,3,0,7,19,18,1,4,12,9,15,18,7,7,0,3,18,11,1,9,16,19,11,19,2,0,0,13,16,19,16,19,14,11,3,10,18,19,19,6,18,7,15,2,12,16,9,6,4,11,13,14,19,6,11,5,10,3,10,0,0,10,9,19,18,17,6,12,6,3,11,2,9,9,5,13,19,8,7,6,6,3,10,11,19,5,8,15,15,18,1,5,1,0,1,10,10,11,3,5,10,15,10,7,2,0,0,10,5,9,16,3,19,11,10,5,3,0,7,19,18,1,4,12,9,15,18,7,7,0,3,18,11,1,9,16,19,11,19,0,0,0",-0.522318,0.29581854,3.0,0.0478499,50.807144,0.050008774,1.0,0.050008774,0.3089267,0.012577552,0.0,0.0,0.0478499,0.0017848801,0.8620726,0.3089267,2.6796384,1.2685466,50.807144,-0.522318,3.8444645,197.65642,0.012250546,0.04569103,1.0,197.65642,0.26413566,0.13792741,2.6796384,0.0017848801,0.012904557,0.29581854,0.0,1.2685466,3.8444645,0.012250546,0.522318,0.0,0.012904557,0.522318,0.58941,0.04569103,1.0,0.012577552,lookahead,beam_orig1_bm2-s0to100br1-s100to200br0-s200to300br2
/work/T-REX/external/Proteina-Complexa/inference/search_binder_local_pipeline_32_PDL1_ALPHA_REPACK_v7_r001_warmstart_v7r001_00_complexa_beam_a42e8fc6f9a25/job_0_n_167_id_38_beam_orig2_bm3-s0to100br1-s100to200br0-s200to300br2/job_0_n_167_id_38_beam_orig2_bm3-s0to100br1-s100to200br0-s200to300br2.pdb,154,"2,0,13,16,19,16,19,14,11,3,10,18,19,19,6,18,7,15,2,12,16,9,6,4,11,13,14,19,6,11,5,10,3,10,0,0,10,9,19,18,17,6,12,6,3,11,2,9,9,5,13,19,8,7,6,6,3,10,11,19,5,8,15,15,18,1,5,1,0,1,10,10,11,3,5,10,15,10,7,2,0,0,10,5,9,16,3,19,11,10,5,3,0,7,19,18,1,4,12,9,15,18,7,7,0,3,18,11,1,9,16,19,11,19,2,0,11,10,2,3,10,10,11,10,19,19,6,1,3,15,5,6,2,13,5,1,0,9,5,6,7,19,1,10,7,18,15,5,5,3,0,15,2,19,19,13,5,15,10,19,11,1,11,13,9,6,19,0,0,0,0,0,0,0,0,0,0,0,0,0,0,0,0,0,0,0,0,0,0,0,0,0,0,0,0,0,0,0,0,0,0,0,0,0,0,0,0,0,0,0,0,0,0,0,0,0,0,0,0,0,0,0,0,0,0,0,0,0,0,0,0,0",-0.24338675,0.09543019,3.0,0.27746746,35.04037,0.3214773,1.0,0.3214773,0.2130392,0.27746746,0.0,0.0,0.27746746,0.003058325,0.78147954,0.2130392,1.6605206,2.219082,35.04037,-0.24338675,2.6644666,189.69774,0.23345761,0.23345761,1.0,189.69774,0.66827023,0.21852045,1.6605206,0.003058325,0.3214773,0.09543019,0.0,2.219082,2.6644666,0.23345761,0.24338675,0.0,0.3214773,0.24338675,0.8267602,0.23345761,1.0,0.27746746,lookahead,beam_orig2_bm3-s0to100br1-s100to200br0-s200to300br2
/work/T-REX/external/Proteina-Complexa/inference/search_binder_local_pipeline_32_PDL1_ALPHA_REPACK_v7_r001_warmstart_v7r001_00_complexa_beam_a42e8fc6f9a25/job_0_n_175_id_38_beam_orig3_bm2-s0to100br1-s100to200br2-s200to300br2/job_0_n_175_id_38_beam_orig3_bm2-s0to100br1-s100to200br2-s200to300br2.pdb,155,"2,0,13,16,19,16,19,14,11,3,10,18,19,19,6,18,7,15,2,12,16,9,6,4,11,13,14,19,6,11,5,10,3,10,0,0,10,9,19,18,17,6,12,6,3,11,2,9,9,5,13,19,8,7,6,6,3,10,11,19,5,8,15,15,18,1,5,1,0,1,10,10,11,3,5,10,15,10,7,2,0,0,10,5,9,16,3,19,11,10,5,3,0,7,19,18,1,4,12,9,15,18,7,7,0,3,18,11,1,9,16,19,11,19,2,0,12,2,19,14,6,10,19,6,10,10,6,15,3,3,6,2,19,1,11,0,0,9,0,7,10,13,0,11,7,6,6,0,19,6,14,10,11,11,13,10,11,8,11,3,11,3,19,0,15,12,0,1,13,18,10,1,0,10,11,0,0,0,0,0,0,0,0,0,0,0,0,0,0,0,0,0,0,0,0,0,0,0,0,0,0,0,0,0,0,0,0,0,0,0,0,0,0,0,0,0,0,0,0,0,0,0,0,0,0,0,0,0,0,0,0,0",-0.21966979,0.08835552,3.0,0.3672893,103.58606,0.44149086,1.0,0.44149086,0.18063174,0.3672893,0.0,0.0,0.3672893,0.002503469,0.8280619,0.18063174,4.9902854,1.9261647,103.58606,-0.21966979,2.6039004,236.22127,0.29308775,0.29308775,1.0,236.22127,0.68393964,0.17193814,4.9902854,0.002503469,0.44149086,0.08835552,0.0,1.9261647,2.6039004,0.29308775,0.21966979,0.0,0.44149086,0.21966979,0.8282333,0.29308775,1.0,0.3672893,lookahead,beam_orig3_bm2-s0to100br1-s100to200br2-s200to300br2
/work/T-REX/external/Proteina-Complexa/inference/search_binder_local_pipeline_32_PDL1_ALPHA_REPACK_v7_r001_warmstart_v7r001_00_complexa_beam_a42e8fc6f9a25/job_0_n_232_id_39_beam_orig0_bm3-s0to100br1-s100to200br1-s200to300br3/job_0_n_232_id_39_beam_orig0_bm3-s0to100br1-s100to200br1-s200to300br3.pdb,156,"2,0,13,16,19,16,19,14,11,3,10,18,19,19,6,18,7,15,2,12,16,9,6,4,11,13,14,19,6,11,5,10,3,10,0,0,10,9,19,18,17,6,12,6,3,11,2,9,9,5,13,19,8,7,6,6,3,10,11,19,5,8,15,15,18,1,5,1,0,1,10,10,11,3,5,10,15,10,7,2,0,0,10,5,9,16,3,19,11,10,5,3,0,7,19,18,1,4,12,9,15,18,7,7,0,3,18,11,1,9,16,19,11,19,2,0,2,0,13,16,19,16,19,14,11,3,10,18,19,19,6,18,7,15,2,12,16,9,6,4,11,13,14,19,6,11,5,10,3,10,0,0,10,9,19,18,17,6,12,6,3,11,2,9,9,5,13,19,8,7,6,6,3,10,11,19,5,8,15,15,18,1,5,1,0,1,10,10,11,3,5,10,15,10,7,2,0,0,10,5,9,16,3,19,11,10,5,3,0,7,19,18,1,4,12,9,15,18,7,7,0,3,18,11,1,9,16,19,11,19,2,0",-0.52291733,0.29299575,3.0,0.048734523,57.324272,0.052120537,1.0,0.052120537,0.30951497,0.012524201,0.0,0.0,0.048734523,0.002428954,0.85938704,0.30951497,2.778942,1.2853551,57.324272,-0.52291733,3.8740556,198.68962,0.01223263,0.04534851,1.0,198.68962,0.26422358,0.14061294,2.778942,0.002428954,0.012815771,0.29299575,0.0,1.2853551,3.8740556,0.01223263,0.52291733,0.0,0.012815771,0.52291733,0.5860406,0.04534851,1.0,0.012524201,lookahead,beam_orig0_bm3-s0to100br1-s100to200br1-s200to300br3
/work/T-REX/external/Proteina-Complexa/inference/search_binder_local_pipeline_32_PDL1_ALPHA_REPACK_v7_r001_warmstart_v7r001_00_complexa_beam_a42e8fc6f9a25/job_0_n_229_id_39_beam_orig1_bm2-s0to100br1-s100to200br0-s200to300br3/job_0_n_229_id_39_beam_orig1_bm2-s0to100br1-s100to200br0-s200to300br3.pdb,157,"2,0,13,16,19,16,19,14,11,3,10,18,19,19,6,18,7,15,2,12,16,9,6,4,11,13,14,19,6,11,5,10,3,10,0,0,10,9,19,18,17,6,12,6,3,11,2,9,9,5,13,19,8,7,6,6,3,10,11,19,5,8,15,15,18,1,5,1,0,1,10,10,11,3,5,10,15,10,7,2,0,0,10,5,9,16,3,19,11,10,5,3,0,7,19,18,1,4,12,9,15,18,7,7,0,3,18,11,1,9,16,19,11,19,2,0,0,13,16,19,16,19,14,11,3,10,18,19,19,6,18,7,15,2,12,16,9,6,4,11,13,14,19,6,11,5,10,3,10,0,0,10,9,19,18,17,6,12,6,3,11,2,9,9,5,13,19,8,7,6,6,3,10,11,19,5,8,15,15,18,1,5,1,0,1,10,10,11,3,5,10,15,10,7,2,0,0,10,5,9,16,3,19,11,10,5,3,0,7,19,18,1,4,12,9,15,18,7,7,0,3,18,11,1,9,16,19,11,19,0,0,0",-0.5187883,0.29073936,3.0,0.049132302,52.13418,0.05241278,1.0,0.05241278,0.30724064,0.012667996,0.0,0.0,0.049132302,0.0018040796,0.86134565,0.30724064,2.7250063,1.2698001,52.13418,-0.5187883,3.8335366,200.63884,0.012294894,0.045851827,1.0,200.63884,0.26591584,0.13865432,2.7250063,0.0018040796,0.013041098,0.29073936,0.0,1.2698001,3.8335366,0.012294894,0.5187883,0.0,0.013041098,0.5187883,0.59033704,0.045851827,1.0,0.012667996,lookahead,beam_orig1_bm2-s0to100br1-s100to200br0-s200to300br3
/work/T-REX/external/Proteina-Complexa/inference/search_binder_local_pipeline_32_PDL1_ALPHA_REPACK_v7_r001_warmstart_v7r001_00_complexa_beam_a42e8fc6f9a25/job_0_n_167_id_39_beam_orig2_bm3-s0to100br1-s100to200br0-s200to300br3/job_0_n_167_id_39_beam_orig2_bm3-s0to100br1-s100to200br0-s200to300br3.pdb,158,"2,0,13,16,19,16,19,14,11,3,10,18,19,19,6,18,7,15,2,12,16,9,6,4,11,13,14,19,6,11,5,10,3,10,0,0,10,9,19,18,17,6,12,6,3,11,2,9,9,5,13,19,8,7,6,6,3,10,11,19,5,8,15,15,18,1,5,1,0,1,10,10,11,3,5,10,15,10,7,2,0,0,10,5,9,16,3,19,11,10,5,3,0,7,19,18,1,4,12,9,15,18,7,7,0,3,18,11,1,9,16,19,11,19,2,0,15,10,2,3,10,10,5,16,19,19,6,3,3,15,5,6,2,13,5,1,0,9,11,6,7,6,3,10,7,18,15,0,11,3,0,15,2,19,19,13,5,15,10,19,2,11,11,19,9,6,19,0,0,0,0,0,0,0,0,0,0,0,0,0,0,0,0,0,0,0,0,0,0,0,0,0,0,0,0,0,0,0,0,0,0,0,0,0,0,0,0,0,0,0,0,0,0,0,0,0,0,0,0,0,0,0,0,0,0,0,0,0,0,0,0,0",-0.16212462,0.050713558,3.0,0.5340816,59.151485,0.6250022,1.0,0.6250022,0.13829984,0.5340816,0.0,0.0,0.5340816,0.0014525629,0.8825161,0.13829984,5.099045,1.7781212,59.151485,-0.16212462,2.051049,224.39017,0.4431609,0.4431609,1.0,224.39017,0.80526483,0.11748393,5.099045,0.0014525629,0.6250022,0.050713558,0.0,1.7781212,2.051049,0.4431609,0.16212462,0.0,0.6250022,0.16212462,0.8725338,0.4431609,1.0,0.5340816,lookahead,beam_orig2_bm3-s0to100br1-s100to200br0-s200to300br3
/work/T-REX/external/Proteina-Complexa/inference/search_binder_local_pipeline_32_PDL1_ALPHA_REPACK_v7_r001_warmstart_v7r001_00_complexa_beam_a42e8fc6f9a25/job_0_n_175_id_39_beam_orig3_bm2-s0to100br1-s100to200br2-s200to300br3/job_0_n_175_id_39_beam_orig3_bm2-s0to100br1-s100to200br2-s200to300br3.pdb,159,"2,0,13,16,19,16,19,14,11,3,10,18,19,19,6,18,7,15,2,12,16,9,6,4,11,13,14,19,6,11,5,10,3,10,0,0,10,9,19,18,17,6,12,6,3,11,2,9,9,5,13,19,8,7,6,6,3,10,11,19,5,8,15,15,18,1,5,1,0,1,10,10,11,3,5,10,15,10,7,2,0,0,10,5,9,16,3,19,11,10,5,3,0,7,19,18,1,4,12,9,15,18,7,7,0,3,18,11,1,9,16,19,11,19,2,0,12,3,19,0,16,10,19,11,10,10,6,15,14,3,6,6,19,1,11,0,0,4,0,7,10,13,0,11,7,5,6,0,19,6,14,10,11,11,13,10,11,8,15,3,11,3,19,0,15,18,0,6,13,18,10,1,0,10,11,0,0,0,0,0,0,0,0,0,0,0,0,0,0,0,0,0,0,0,0,0,0,0,0,0,0,0,0,0,0,0,0,0,0,0,0,0,0,0,0,0,0,0,0,0,0,0,0,0,0,0,0,0,0,0,0,0",-0.39528054,0.23879316,3.0,0.085204005,73.14971,0.08892411,1.0,0.08892411,0.29913685,0.03390919,0.0,0.0,0.085204005,0.0023172821,0.74204135,0.29913685,3.9729598,1.9184488,73.14971,-0.39528054,3.3220096,224.14203,0.014245045,0.08148391,1.0,224.14203,0.40295735,0.25795868,3.9729598,0.0023172821,0.053573333,0.23879316,0.0,1.9184488,3.3220096,0.014245045,0.39528054,0.0,0.053573333,0.39528054,0.72459733,0.08148391,1.0,0.03390919,lookahead,beam_orig3_bm2-s0to100br1-s100to200br2-s200to300br3
/work/T-REX/external/Proteina-Complexa/inference/search_binder_local_pipeline_32_PDL1_ALPHA_REPACK_v7_r001_warmstart_v7r001_00_complexa_beam_a42e8fc6f9a25/job_0_n_232_id_40_beam_orig0_bm1-s0to100br1-s100to200br0-s200to300br0/job_0_n_232_id_40_beam_orig0_bm1-s0to100br1-s100to200br0-s200to300br0.pdb,160,"2,0,13,16,19,16,19,14,11,3,10,18,19,19,6,18,7,15,2,12,16,9,6,4,11,13,14,19,6,11,5,10,3,10,0,0,10,9,19,18,17,6,12,6,3,11,2,9,9,5,13,19,8,7,6,6,3,10,11,19,5,8,15,15,18,1,5,1,0,1,10,10,11,3,5,10,15,10,7,2,0,0,10,5,9,16,3,19,11,10,5,3,0,7,19,18,1,4,12,9,15,18,7,7,0,3,18,11,1,9,16,19,11,19,2,0,2,0,13,16,19,16,19,14,11,3,10,18,19,19,6,18,7,15,2,12,16,9,6,4,11,13,14,19,6,11,5,10,3,10,0,0,10,9,19,18,17,6,12,6,3,11,2,9,9,5,13,19,8,7,6,6,3,10,11,19,5,8,15,15,18,1,5,1,0,1,10,10,11,3,5,10,15,10,7,2,0,0,10,5,9,16,3,19,11,10,5,3,0,7,19,18,1,4,12,9,15,18,7,7,0,3,18,11,1,9,16,19,11,19,2,0",-0.53457737,0.3036355,3.0,0.042131413,56.69525,0.045870088,1.0,0.045870088,0.31520092,0.012062406,0.0,0.0,0.042131413,0.002504955,0.8601068,0.31520092,3.0580597,1.2822254,56.69525,-0.53457737,3.9018607,198.51651,0.01181034,0.038392738,1.0,198.51651,0.2545208,0.1398932,3.0580597,0.002504955,0.012314471,0.3036355,0.0,1.2822254,3.9018607,0.01181034,0.53457737,0.0,0.012314471,0.53457737,0.58162165,0.038392738,1.0,0.012062406,lookahead,beam_orig0_bm1-s0to100br1-s100to200br0-s200to300br0
/work/T-REX/external/Proteina-Complexa/inference/search_binder_local_pipeline_32_PDL1_ALPHA_REPACK_v7_r001_warmstart_v7r001_00_complexa_beam_a42e8fc6f9a25/job_0_n_229_id_40_beam_orig1_bm2-s0to100br1-s100to200br2-s200to300br0/job_0_n_229_id_40_beam_orig1_bm2-s0to100br1-s100to200br2-s200to300br0.pdb,161,"2,0,13,16,19,16,19,14,11,3,10,18,19,19,6,18,7,15,2,12,16,9,6,4,11,13,14,19,6,11,5,10,3,10,0,0,10,9,19,18,17,6,12,6,3,11,2,9,9,5,13,19,8,7,6,6,3,10,11,19,5,8,15,15,18,1,5,1,0,1,10,10,11,3,5,10,15,10,7,2,0,0,10,5,9,16,3,19,11,10,5,3,0,7,19,18,1,4,12,9,15,18,7,7,0,3,18,11,1,9,16,19,11,19,2,0,0,13,16,19,16,19,14,11,3,10,18,19,19,6,18,7,15,2,12,16,9,6,4,11,13,14,19,6,11,5,10,3,10,0,0,10,9,19,18,17,6,12,6,3,11,2,9,9,5,13,19,8,7,6,6,3,10,11,19,5,8,15,15,18,1,5,1,0,1,10,10,11,3,5,10,15,10,7,2,0,0,10,5,9,16,3,19,11,10,5,3,0,7,19,18,1,4,12,9,15,18,7,7,0,3,18,11,1,9,16,19,11,19,0,0,0",-0.5189864,0.29147774,3.0,0.048846405,55.0068,0.05123763,1.0,0.05123763,0.30727085,0.0126962755,0.0,0.0,0.048846405,0.0018173404,0.86181223,0.30727085,2.6069922,1.2685457,55.0068,-0.5189864,3.8359635,201.22682,0.012362633,0.04645518,1.0,201.22682,0.2662484,0.13818778,2.6069922,0.0018173404,0.013029918,0.29147774,0.0,1.2685457,3.8359635,0.012362633,0.5189864,0.0,0.013029918,0.5189864,0.5905119,0.04645518,1.0,0.0126962755,lookahead,beam_orig1_bm2-s0to100br1-s100to200br2-s200to300br0
/work/T-REX/external/Proteina-Complexa/inference/search_binder_local_pipeline_32_PDL1_ALPHA_REPACK_v7_r001_warmstart_v7r001_00_complexa_beam_a42e8fc6f9a25/job_0_n_167_id_40_beam_orig2_bm2-s0to100br0-s100to200br2-s200to300br0/job_0_n_167_id_40_beam_orig2_bm2-s0to100br0-s100to200br2-s200to300br0.pdb,162,"2,0,13,16,19,16,19,14,11,3,10,18,19,19,6,18,7,15,2,12,16,9,6,4,11,13,14,19,6,11,5,10,3,10,0,0,10,9,19,18,17,6,12,6,3,11,2,9,9,5,13,19,8,7,6,6,3,10,11,19,5,8,15,15,18,1,5,1,0,1,10,10,11,3,5,10,15,10,7,2,0,0,10,5,9,16,3,19,11,10,5,3,0,7,19,18,1,4,12,9,15,18,7,7,0,3,18,11,1,9,16,19,11,19,2,0,2,19,0,3,10,0,6,6,9,18,11,0,15,5,0,19,3,15,3,16,10,9,1,0,12,1,0,10,3,11,10,6,19,14,2,3,16,10,5,0,6,10,6,11,5,1,10,0,0,6,0,0,0,0,0,0,0,0,0,0,0,0,0,0,0,0,0,0,0,0,0,0,0,0,0,0,0,0,0,0,0,0,0,0,0,0,0,0,0,0,0,0,0,0,0,0,0,0,0,0,0,0,0,0,0,0,0,0,0,0,0,0,0,0,0,0",-0.1684875,0.062196523,3.0,0.46976218,36.277916,0.5719181,1.0,0.5719181,0.14202045,0.46976218,0.0,0.0,0.46976218,0.003425569,0.8824776,0.14202045,2.226442,1.701732,36.277916,-0.1684875,2.242187,166.45958,0.36760628,0.36760628,1.0,166.45958,0.7696594,0.1175224,2.226442,0.003425569,0.5719181,0.062196523,0.0,1.701732,2.242187,0.36760628,0.1684875,0.0,0.5719181,0.1684875,0.8661156,0.36760628,1.0,0.46976218,lookahead,beam_orig2_bm2-s0to100br0-s100to200br2-s200to300br0
/work/T-REX/external/Proteina-Complexa/inference/search_binder_local_pipeline_32_PDL1_ALPHA_REPACK_v7_r001_warmstart_v7r001_00_complexa_beam_a42e8fc6f9a25/job_0_n_175_id_40_beam_orig3_bm2-s0to100br3-s100to200br3-s200to300br0/job_0_n_175_id_40_beam_orig3_bm2-s0to100br3-s100to200br3-s200to300br0.pdb,163,"2,0,13,16,19,16,19,14,11,3,10,18,19,19,6,18,7,15,2,12,16,9,6,4,11,13,14,19,6,11,5,10,3,10,0,0,10,9,19,18,17,6,12,6,3,11,2,9,9,5,13,19,8,7,6,6,3,10,11,19,5,8,15,15,18,1,5,1,0,1,10,10,11,3,5,10,15,10,7,2,0,0,10,5,9,16,3,19,11,10,5,3,0,7,19,18,1,4,12,9,15,18,7,7,0,3,18,11,1,9,16,19,11,19,2,0,12,3,3,3,10,13,16,0,9,11,2,7,3,18,3,6,0,6,11,10,19,1,15,0,2,10,15,19,11,3,11,5,3,10,10,16,0,9,3,0,11,3,5,5,11,0,10,1,9,0,12,19,0,12,9,1,10,1,5,0,0,0,0,0,0,0,0,0,0,0,0,0,0,0,0,0,0,0,0,0,0,0,0,0,0,0,0,0,0,0,0,0,0,0,0,0,0,0,0,0,0,0,0,0,0,0,0,0,0,0,0,0,0,0,0,0",-0.23881318,0.100039594,3.0,0.2804872,49.51805,0.34968007,1.0,0.34968007,0.18904977,0.2804872,0.0,0.0,0.2804872,0.0021294334,0.8630359,0.18904977,3.0867553,1.6914994,49.51805,-0.23881318,2.6659076,190.99796,0.21129437,0.21129437,1.0,190.99796,0.60820985,0.13696405,3.0867553,0.0021294334,0.34968007,0.100039594,0.0,1.6914994,2.6659076,0.21129437,0.23881318,0.0,0.34968007,0.23881318,0.8029445,0.21129437,1.0,0.2804872,lookahead,beam_orig3_bm2-s0to100br3-s100to200br3-s200to300br0
/work/T-REX/external/Proteina-Complexa/inference/search_binder_local_pipeline_32_PDL1_ALPHA_REPACK_v7_r001_warmstart_v7r001_00_complexa_beam_a42e8fc6f9a25/job_0_n_232_id_41_beam_orig0_bm1-s0to100br1-s100to200br0-s200to300br1/job_0_n_232_id_41_beam_orig0_bm1-s0to100br1-s100to200br0-s200to300br1.pdb,164,"2,0,13,16,19,16,19,14,11,3,10,18,19,19,6,18,7,15,2,12,16,9,6,4,11,13,14,19,6,11,5,10,3,10,0,0,10,9,19,18,17,6,12,6,3,11,2,9,9,5,13,19,8,7,6,6,3,10,11,19,5,8,15,15,18,1,5,1,0,1,10,10,11,3,5,10,15,10,7,2,0,0,10,5,9,16,3,19,11,10,5,3,0,7,19,18,1,4,12,9,15,18,7,7,0,3,18,11,1,9,16,19,11,19,2,0,2,0,13,16,19,16,19,14,11,3,10,18,19,19,6,18,7,15,2,12,16,9,6,4,11,13,14,19,6,11,5,10,3,10,0,0,10,9,19,18,17,6,12,6,3,11,2,9,9,5,13,19,8,7,6,6,3,10,11,19,5,8,15,15,18,1,5,1,0,1,10,10,11,3,5,10,15,10,7,2,0,0,10,5,9,16,3,19,11,10,5,3,0,7,19,18,1,4,12,9,15,18,7,7,0,3,18,11,1,9,16,19,11,19,2,0",-0.52789235,0.29851532,3.0,0.044419948,59.500782,0.04787652,1.0,0.04787652,0.31165516,0.012321407,0.0,0.0,0.044419948,0.0024617093,0.8603892,0.31165516,3.0537784,1.2785603,59.500782,-0.52789235,3.8868887,196.24599,0.012047913,0.040963378,1.0,196.24599,0.26065603,0.13961083,3.0537784,0.0024617093,0.012594901,0.29851532,0.0,1.2785603,3.8868887,0.012047913,0.52789235,0.0,0.012594901,0.52789235,0.58475494,0.040963378,1.0,0.012321407,lookahead,beam_orig0_bm1-s0to100br1-s100to200br0-s200to300br1
/work/T-REX/external/Proteina-Complexa/inference/search_binder_local_pipeline_32_PDL1_ALPHA_REPACK_v7_r001_warmstart_v7r001_00_complexa_beam_a42e8fc6f9a25/job_0_n_229_id_41_beam_orig1_bm2-s0to100br1-s100to200br2-s200to300br1/job_0_n_229_id_41_beam_orig1_bm2-s0to100br1-s100to200br2-s200to300br1.pdb,165,"2,0,13,16,19,16,19,14,11,3,10,18,19,19,6,18,7,15,2,12,16,9,6,4,11,13,14,19,6,11,5,10,3,10,0,0,10,9,19,18,17,6,12,6,3,11,2,9,9,5,13,19,8,7,6,6,3,10,11,19,5,8,15,15,18,1,5,1,0,1,10,10,11,3,5,10,15,10,7,2,0,0,10,5,9,16,3,19,11,10,5,3,0,7,19,18,1,4,12,9,15,18,7,7,0,3,18,11,1,9,16,19,11,19,2,0,0,13,16,19,16,19,14,11,3,10,18,19,19,6,18,7,15,2,12,16,9,6,4,11,13,14,19,6,11,5,10,3,10,0,0,10,9,19,18,17,6,12,6,3,11,2,9,9,5,13,19,8,7,6,6,3,10,11,19,5,8,15,15,18,1,5,1,0,1,10,10,11,3,5,10,15,10,7,2,0,0,10,5,9,16,3,19,11,10,5,3,0,7,19,18,1,4,12,9,15,18,7,7,0,3,18,11,1,9,16,19,11,19,0,0,0",-0.52492064,0.29781115,3.0,0.04509507,53.591988,0.047864698,1.0,0.047864698,0.31084713,0.012450965,0.0,0.0,0.04509507,0.0017835835,0.86015236,0.31084713,2.6260214,1.2760075,53.591988,-0.52492064,3.8489773,202.308,0.012121038,0.04232545,1.0,202.308,0.26068223,0.13984762,2.6260214,0.0017835835,0.012780894,0.29781115,0.0,1.2760075,3.8489773,0.012121038,0.52492064,0.0,0.012780894,0.52492064,0.587575,0.04232545,1.0,0.012450965,lookahead,beam_orig1_bm2-s0to100br1-s100to200br2-s200to300br1
/work/T-REX/external/Proteina-Complexa/inference/search_binder_local_pipeline_32_PDL1_ALPHA_REPACK_v7_r001_warmstart_v7r001_00_complexa_beam_a42e8fc6f9a25/job_0_n_167_id_41_beam_orig2_bm2-s0to100br0-s100to200br2-s200to300br1/job_0_n_167_id_41_beam_orig2_bm2-s0to100br0-s100to200br2-s200to300br1.pdb,166,"2,0,13,16,19,16,19,14,11,3,10,18,19,19,6,18,7,15,2,12,16,9,6,4,11,13,14,19,6,11,5,10,3,10,0,0,10,9,19,18,17,6,12,6,3,11,2,9,9,5,13,19,8,7,6,6,3,10,11,19,5,8,15,15,18,1,5,1,0,1,10,10,11,3,5,10,15,10,7,2,0,0,10,5,9,16,3,19,11,10,5,3,0,7,19,18,1,4,12,9,15,18,7,7,0,3,18,11,1,9,16,19,11,19,2,0,15,9,0,11,10,0,6,3,4,18,6,0,15,5,11,19,3,0,3,0,10,9,1,0,12,1,0,10,15,3,2,2,19,14,2,3,16,10,5,11,6,10,6,11,5,1,10,0,0,6,0,0,0,0,0,0,0,0,0,0,0,0,0,0,0,0,0,0,0,0,0,0,0,0,0,0,0,0,0,0,0,0,0,0,0,0,0,0,0,0,0,0,0,0,0,0,0,0,0,0,0,0,0,0,0,0,0,0,0,0,0,0,0,0,0,0",-0.22483447,0.09810339,3.0,0.28671172,58.112896,0.37492236,1.0,0.37492236,0.18065274,0.28570774,0.0,0.0,0.28671172,0.0041314308,0.8436141,0.18065274,3.0834508,1.7770393,58.112896,-0.22483447,2.6445858,188.96753,0.1964931,0.19850107,1.0,188.96753,0.6449456,0.15638593,3.0834508,0.0041314308,0.37492236,0.09810339,0.0,1.7770393,2.6445858,0.1964931,0.22483447,0.0,0.37492236,0.22483447,0.82535136,0.19850107,1.0,0.28570774,lookahead,beam_orig2_bm2-s0to100br0-s100to200br2-s200to300br1
/work/T-REX/external/Proteina-Complexa/inference/search_binder_local_pipeline_32_PDL1_ALPHA_REPACK_v7_r001_warmstart_v7r001_00_complexa_beam_a42e8fc6f9a25/job_0_n_175_id_41_beam_orig3_bm2-s0to100br3-s100to200br3-s200to300br1/job_0_n_175_id_41_beam_orig3_bm2-s0to100br3-s100to200br3-s200to300br1.pdb,167,"2,0,13,16,19,16,19,14,11,3,10,18,19,19,6,18,7,15,2,12,16,9,6,4,11,13,14,19,6,11,5,10,3,10,0,0,10,9,19,18,17,6,12,6,3,11,2,9,9,5,13,19,8,7,6,6,3,10,11,19,5,8,15,15,18,1,5,1,0,1,10,10,11,3,5,10,15,10,7,2,0,0,10,5,9,16,3,19,11,10,5,3,0,7,19,18,1,4,12,9,15,18,7,7,0,3,18,11,1,9,16,19,11,19,2,0,15,3,3,3,10,13,2,0,9,11,3,7,3,18,3,11,0,6,11,10,19,1,11,0,3,13,15,19,11,3,11,11,3,10,10,0,0,10,3,0,11,3,5,6,11,0,10,11,10,0,10,19,0,12,9,1,11,11,16,0,0,0,0,0,0,0,0,0,0,0,0,0,0,0,0,0,0,0,0,0,0,0,0,0,0,0,0,0,0,0,0,0,0,0,0,0,0,0,0,0,0,0,0,0,0,0,0,0,0,0,0,0,0,0,0,0",-0.26275063,0.12495048,3.0,0.22242881,42.65838,0.28849155,1.0,0.28849155,0.19953804,0.22242881,0.0,0.0,0.22242881,0.0018764845,0.8835778,0.19953804,1.6375555,1.5275867,42.65838,-0.26275063,2.6967454,185.67357,0.15636608,0.15636608,1.0,185.67357,0.5748624,0.116422184,1.6375555,0.0018764845,0.28849155,0.12495048,0.0,1.5275867,2.6967454,0.15636608,0.26275063,0.0,0.28849155,0.26275063,0.78698343,0.15636608,1.0,0.22242881,lookahead,beam_orig3_bm2-s0to100br3-s100to200br3-s200to300br1
/work/T-REX/external/Proteina-Complexa/inference/search_binder_local_pipeline_32_PDL1_ALPHA_REPACK_v7_r001_warmstart_v7r001_00_complexa_beam_a42e8fc6f9a25/job_0_n_232_id_42_beam_orig0_bm1-s0to100br1-s100to200br0-s200to300br2/job_0_n_232_id_42_beam_orig0_bm1-s0to100br1-s100to200br0-s200to300br2.pdb,168,"2,0,13,16,19,16,19,14,11,3,10,18,19,19,6,18,7,15,2,12,16,9,6,4,11,13,14,19,6,11,5,10,3,10,0,0,10,9,19,18,17,6,12,6,3,11,2,9,9,5,13,19,8,7,6,6,3,10,11,19,5,8,15,15,18,1,5,1,0,1,10,10,11,3,5,10,15,10,7,2,0,0,10,5,9,16,3,19,11,10,5,3,0,7,19,18,1,4,12,9,15,18,7,7,0,3,18,11,1,9,16,19,11,19,2,0,2,0,13,16,19,16,19,14,11,3,10,18,19,19,6,18,7,15,2,12,16,9,6,4,11,13,14,19,6,11,5,10,3,10,0,0,10,9,19,18,17,6,12,6,3,11,2,9,9,5,13,19,8,7,6,6,3,10,11,19,5,8,15,15,18,1,5,1,0,1,10,10,11,3,5,10,15,10,7,2,0,0,10,5,9,16,3,19,11,10,5,3,0,7,19,18,1,4,12,9,15,18,7,7,0,3,18,11,1,9,16,19,11,19,2,0",-0.5294702,0.29968408,3.0,0.044321124,55.267593,0.047367267,1.0,0.047367267,0.31229886,0.012242319,0.0,0.0,0.044321124,0.002421159,0.8610569,0.31229886,2.954728,1.2774985,55.267593,-0.5294702,3.8905244,199.263,0.011928133,0.04127498,1.0,199.263,0.26017863,0.13894305,2.954728,0.002421159,0.012556504,0.29968408,0.0,1.2774985,3.8905244,0.011928133,0.5294702,0.0,0.012556504,0.5294702,0.5843749,0.04127498,1.0,0.012242319,lookahead,beam_orig0_bm1-s0to100br1-s100to200br0-s200to300br2
/work/T-REX/external/Proteina-Complexa/inference/search_binder_local_pipeline_32_PDL1_ALPHA_REPACK_v7_r001_warmstart_v7r001_00_complexa_beam_a42e8fc6f9a25/job_0_n_229_id_42_beam_orig1_bm2-s0to100br1-s100to200br2-s200to300br2/job_0_n_229_id_42_beam_orig1_bm2-s0to100br1-s100to200br2-s200to300br2.pdb,169,"2,0,13,16,19,16,19,14,11,3,10,18,19,19,6,18,7,15,2,12,16,9,6,4,11,13,14,19,6,11,5,10,3,10,0,0,10,9,19,18,17,6,12,6,3,11,2,9,9,5,13,19,8,7,6,6,3,10,11,19,5,8,15,15,18,1,5,1,0,1,10,10,11,3,5,10,15,10,7,2,0,0,10,5,9,16,3,19,11,10,5,3,0,7,19,18,1,4,12,9,15,18,7,7,0,3,18,11,1,9,16,19,11,19,2,0,0,13,16,19,16,19,14,11,3,10,18,19,19,6,18,7,15,2,12,16,9,6,4,11,13,14,19,6,11,5,10,3,10,0,0,10,9,19,18,17,6,12,6,3,11,2,9,9,5,13,19,8,7,6,6,3,10,11,19,5,8,15,15,18,1,5,1,0,1,10,10,11,3,5,10,15,10,7,2,0,0,10,5,9,16,3,19,11,10,5,3,0,7,19,18,1,4,12,9,15,18,7,7,0,3,18,11,1,9,16,19,11,19,0,0,0",-0.51709473,0.29083362,3.0,0.049752116,49.580833,0.052766103,1.0,0.052766103,0.30622587,0.012916306,0.0,0.0,0.049752116,0.0017627963,0.8617226,0.30622587,2.3301637,1.2675084,49.580833,-0.51709473,3.830138,201.21892,0.012410689,0.046738125,1.0,201.21892,0.2680563,0.1382774,2.3301637,0.0017627963,0.013421924,0.29083362,0.0,1.2675084,3.830138,0.012410689,0.51709473,0.0,0.013421924,0.51709473,0.59168434,0.046738125,1.0,0.012916306,lookahead,beam_orig1_bm2-s0to100br1-s100to200br2-s200to300br2
/work/T-REX/external/Proteina-Complexa/inference/search_binder_local_pipeline_32_PDL1_ALPHA_REPACK_v7_r001_warmstart_v7r001_00_complexa_beam_a42e8fc6f9a25/job_0_n_167_id_42_beam_orig2_bm2-s0to100br0-s100to200br2-s200to300br2/job_0_n_167_id_42_beam_orig2_bm2-s0to100br0-s100to200br2-s200to300br2.pdb,170,"2,0,13,16,19,16,19,14,11,3,10,18,19,19,6,18,7,15,2,12,16,9,6,4,11,13,14,19,6,11,5,10,3,10,0,0,10,9,19,18,17,6,12,6,3,11,2,9,9,5,13,19,8,7,6,6,3,10,11,19,5,8,15,15,18,1,5,1,0,1,10,10,11,3,5,10,15,10,7,2,0,0,10,5,9,16,3,19,11,10,5,3,0,7,19,18,1,4,12,9,15,18,7,7,0,3,18,11,1,9,16,19,11,19,2,0,15,19,0,11,10,0,6,3,9,18,5,0,15,5,0,19,3,15,3,0,10,9,1,0,12,1,0,10,15,3,2,2,19,14,2,3,2,10,5,1,6,10,6,11,5,1,10,0,0,6,0,0,0,0,0,0,0,0,0,0,0,0,0,0,0,0,0,0,0,0,0,0,0,0,0,0,0,0,0,0,0,0,0,0,0,0,0,0,0,0,0,0,0,0,0,0,0,0,0,0,0,0,0,0,0,0,0,0,0,0,0,0,0,0,0,0",-0.27505255,0.1321788,3.0,0.20197341,62.88103,0.2640873,1.0,0.2640873,0.21940309,0.19959062,0.0,0.0,0.20197341,0.006119539,0.78943986,0.21940309,3.2871914,1.9279095,62.88103,-0.27505255,2.9193342,200.28413,0.13617079,0.13985953,1.0,200.28413,0.5540707,0.21056016,3.2871914,0.006119539,0.26301047,0.1321788,0.0,1.9279095,2.9193342,0.13617079,0.27505255,0.0,0.26301047,0.27505255,0.7919356,0.13985953,1.0,0.19959062,lookahead,beam_orig2_bm2-s0to100br0-s100to200br2-s200to300br2
/work/T-REX/external/Proteina-Complexa/inference/search_binder_local_pipeline_32_PDL1_ALPHA_REPACK_v7_r001_warmstart_v7r001_00_complexa_beam_a42e8fc6f9a25/job_0_n_175_id_42_beam_orig3_bm2-s0to100br3-s100to200br3-s200to300br2/job_0_n_175_id_42_beam_orig3_bm2-s0to100br3-s100to200br3-s200to300br2.pdb,171,"2,0,13,16,19,16,19,14,11,3,10,18,19,19,6,18,7,15,2,12,16,9,6,4,11,13,14,19,6,11,5,10,3,10,0,0,10,9,19,18,17,6,12,6,3,11,2,9,9,5,13,19,8,7,6,6,3,10,11,19,5,8,15,15,18,1,5,1,0,1,10,10,11,3,5,10,15,10,7,2,0,0,10,5,9,16,3,19,11,10,5,3,0,7,19,18,1,4,12,9,15,18,7,7,0,3,18,11,1,9,16,19,11,19,2,0,15,10,3,3,10,13,10,0,9,11,0,7,3,18,3,6,0,6,11,10,19,1,15,0,3,10,15,19,11,3,11,11,3,10,10,9,0,10,3,0,11,3,5,6,11,0,10,1,9,16,13,19,0,12,9,1,5,11,5,0,0,0,0,0,0,0,0,0,0,0,0,0,0,0,0,0,0,0,0,0,0,0,0,0,0,0,0,0,0,0,0,0,0,0,0,0,0,0,0,0,0,0,0,0,0,0,0,0,0,0,0,0,0,0,0,0",-0.49603572,0.2515376,3.0,0.037968487,106.76514,0.039774977,1.0,0.039774977,0.35625726,0.0151559,0.0,0.0,0.037968487,0.0024407576,0.7785225,0.35625726,9.548267,1.5835992,106.76514,-0.49603572,3.4352267,216.20528,0.014020073,0.036162,1.0,216.20528,0.2512653,0.22147752,9.548267,0.0024407576,0.016291726,0.2515376,0.0,1.5835992,3.4352267,0.014020073,0.49603572,0.0,0.016291726,0.49603572,0.67724884,0.036162,1.0,0.0151559,lookahead,beam_orig3_bm2-s0to100br3-s100to200br3-s200to300br2
/work/T-REX/external/Proteina-Complexa/inference/search_binder_local_pipeline_32_PDL1_ALPHA_REPACK_v7_r001_warmstart_v7r001_00_complexa_beam_a42e8fc6f9a25/job_0_n_232_id_43_beam_orig0_bm1-s0to100br1-s100to200br0-s200to300br3/job_0_n_232_id_43_beam_orig0_bm1-s0to100br1-s100to200br0-s200to300br3.pdb,172,"2,0,13,16,19,16,19,14,11,3,10,18,19,19,6,18,7,15,2,12,16,9,6,4,11,13,14,19,6,11,5,10,3,10,0,0,10,9,19,18,17,6,12,6,3,11,2,9,9,5,13,19,8,7,6,6,3,10,11,19,5,8,15,15,18,1,5,1,0,1,10,10,11,3,5,10,15,10,7,2,0,0,10,5,9,16,3,19,11,10,5,3,0,7,19,18,1,4,12,9,15,18,7,7,0,3,18,11,1,9,16,19,11,19,2,0,2,0,13,16,19,16,19,14,11,3,10,18,19,19,6,18,7,15,2,12,16,9,6,4,11,13,14,19,6,11,5,10,3,10,0,0,10,9,19,18,17,6,12,6,3,11,2,9,9,5,13,19,8,7,6,6,3,10,11,19,5,8,15,15,18,1,5,1,0,1,10,10,11,3,5,10,15,10,7,2,0,0,10,5,9,16,3,19,11,10,5,3,0,7,19,18,1,4,12,9,15,18,7,7,0,3,18,11,1,9,16,19,11,19,2,0",-0.53191686,0.30095562,3.0,0.043915458,55.79488,0.047228605,1.0,0.047228605,0.31380445,0.012182107,0.0,0.0,0.043915458,0.0024384698,0.8601549,0.31380445,2.877356,1.2803108,55.79488,-0.53191686,3.8969038,197.58772,0.011967812,0.04060231,1.0,197.58772,0.25700533,0.13984509,2.877356,0.0024384698,0.012396404,0.30095562,0.0,1.2803108,3.8969038,0.011967812,0.53191686,0.0,0.012396404,0.53191686,0.5829624,0.04060231,1.0,0.012182107,lookahead,beam_orig0_bm1-s0to100br1-s100to200br0-s200to300br3
/work/T-REX/external/Proteina-Complexa/inference/search_binder_local_pipeline_32_PDL1_ALPHA_REPACK_v7_r001_warmstart_v7r001_00_complexa_beam_a42e8fc6f9a25/job_0_n_229_id_43_beam_orig1_bm2-s0to100br1-s100to200br2-s200to300br3/job_0_n_229_id_43_beam_orig1_bm2-s0to100br1-s100to200br2-s200to300br3.pdb,173,"2,0,13,16,19,16,19,14,11,3,10,18,19,19,6,18,7,15,2,12,16,9,6,4,11,13,14,19,6,11,5,10,3,10,0,0,10,9,19,18,17,6,12,6,3,11,2,9,9,5,13,19,8,7,6,6,3,10,11,19,5,8,15,15,18,1,5,1,0,1,10,10,11,3,5,10,15,10,7,2,0,0,10,5,9,16,3,19,11,10,5,3,0,7,19,18,1,4,12,9,15,18,7,7,0,3,18,11,1,9,16,19,11,19,2,0,0,13,16,19,16,19,14,11,3,10,18,19,19,6,18,7,15,2,12,16,9,6,4,11,13,14,19,6,11,5,10,3,10,0,0,10,9,19,18,17,6,12,6,3,11,2,9,9,5,13,19,8,7,6,6,3,10,11,19,5,8,15,15,18,1,5,1,0,1,10,10,11,3,5,10,15,10,7,2,0,0,10,5,9,16,3,19,11,10,5,3,0,7,19,18,1,4,12,9,15,18,7,7,0,3,18,11,1,9,16,19,11,19,0,0,0",-0.5165848,0.2877321,3.0,0.049870193,55.95981,0.052735556,1.0,0.052735556,0.30623966,0.012966564,0.0,0.0,0.049870193,0.0017315719,0.8608176,0.30623966,2.2950382,1.2726716,55.95981,-0.5165848,3.8297532,203.57668,0.012489392,0.047004834,1.0,203.57668,0.26764902,0.13918239,2.2950382,0.0017315719,0.0134437345,0.2877321,0.0,1.2726716,3.8297532,0.012489392,0.5165848,0.0,0.0134437345,0.5165848,0.5912236,0.047004834,1.0,0.012966564,lookahead,beam_orig1_bm2-s0to100br1-s100to200br2-s200to300br3
/work/T-REX/external/Proteina-Complexa/inference/search_binder_local_pipeline_32_PDL1_ALPHA_REPACK_v7_r001_warmstart_v7r001_00_complexa_beam_a42e8fc6f9a25/job_0_n_167_id_43_beam_orig2_bm2-s0to100br0-s100to200br2-s200to300br3/job_0_n_167_id_43_beam_orig2_bm2-s0to100br0-s100to200br2-s200to300br3.pdb,174,"2,0,13,16,19,16,19,14,11,3,10,18,19,19,6,18,7,15,2,12,16,9,6,4,11,13,14,19,6,11,5,10,3,10,0,0,10,9,19,18,17,6,12,6,3,11,2,9,9,5,13,19,8,7,6,6,3,10,11,19,5,8,15,15,18,1,5,1,0,1,10,10,11,3,5,10,15,10,7,2,0,0,10,5,9,16,3,19,11,10,5,3,0,7,19,18,1,4,12,9,15,18,7,7,0,3,18,11,1,9,16,19,11,19,2,0,15,19,0,3,10,0,11,3,9,18,6,0,15,5,0,15,3,0,3,16,10,9,1,0,12,1,0,10,15,11,0,6,19,14,2,3,16,10,5,1,6,10,6,11,5,1,10,0,8,6,0,0,0,0,0,0,0,0,0,0,0,0,0,0,0,0,0,0,0,0,0,0,0,0,0,0,0,0,0,0,0,0,0,0,0,0,0,0,0,0,0,0,0,0,0,0,0,0,0,0,0,0,0,0,0,0,0,0,0,0,0,0,0,0,0,0",-0.21500537,0.09238515,3.0,0.3048734,69.806435,0.39962804,1.0,0.39962804,0.17370948,0.3048734,0.0,0.0,0.3048734,0.005802988,0.848419,0.17370948,3.430725,1.7491064,69.806435,-0.21500537,2.6208935,197.26245,0.21011877,0.21011877,1.0,197.26245,0.65282726,0.15158097,3.430725,0.005802988,0.39962804,0.09238515,0.0,1.7491064,2.6208935,0.21011877,0.21500537,0.0,0.39962804,0.21500537,0.8279091,0.21011877,1.0,0.3048734,lookahead,beam_orig2_bm2-s0to100br0-s100to200br2-s200to300br3
/work/T-REX/external/Proteina-Complexa/inference/search_binder_local_pipeline_32_PDL1_ALPHA_REPACK_v7_r001_warmstart_v7r001_00_complexa_beam_a42e8fc6f9a25/job_0_n_175_id_43_beam_orig3_bm2-s0to100br3-s100to200br3-s200to300br3/job_0_n_175_id_43_beam_orig3_bm2-s0to100br3-s100to200br3-s200to300br3.pdb,175,"2,0,13,16,19,16,19,14,11,3,10,18,19,19,6,18,7,15,2,12,16,9,6,4,11,13,14,19,6,11,5,10,3,10,0,0,10,9,19,18,17,6,12,6,3,11,2,9,9,5,13,19,8,7,6,6,3,10,11,19,5,8,15,15,18,1,5,1,0,1,10,10,11,3,5,10,15,10,7,2,0,0,10,5,9,16,3,19,11,10,5,3,0,7,19,18,1,4,12,9,15,18,7,7,0,3,18,11,1,9,16,19,11,19,2,0,15,3,3,3,10,13,2,0,9,11,3,7,3,18,3,11,0,6,11,10,19,1,0,0,16,13,15,19,11,3,11,6,3,10,10,0,0,9,3,0,11,3,5,6,11,0,10,1,9,0,10,19,0,12,9,1,6,11,15,0,0,0,0,0,0,0,0,0,0,0,0,0,0,0,0,0,0,0,0,0,0,0,0,0,0,0,0,0,0,0,0,0,0,0,0,0,0,0,0,0,0,0,0,0,0,0,0,0,0,0,0,0,0,0,0,0",-0.2617348,0.12097709,3.0,0.2238357,37.288715,0.28565016,1.0,0.28565016,0.19813065,0.2238357,0.0,0.0,0.2238357,0.0015347822,0.88299525,0.19813065,1.2471486,1.4976617,37.288715,-0.2617348,2.6893098,177.36269,0.16202123,0.16202123,1.0,177.36269,0.56457126,0.11700476,1.2471486,0.0015347822,0.28565016,0.12097709,0.0,1.4976617,2.6893098,0.16202123,0.2617348,0.0,0.28565016,0.2617348,0.78731525,0.16202123,1.0,0.2238357,lookahead,beam_orig3_bm2-s0to100br3-s100to200br3-s200to300br3
/work/T-REX/external/Proteina-Complexa/inference/search_binder_local_pipeline_32_PDL1_ALPHA_REPACK_v7_r001_warmstart_v7r001_00_complexa_beam_a42e8fc6f9a25/job_0_n_232_id_44_beam_orig0_bm3-s0to100br0-s100to200br2-s200to300br0/job_0_n_232_id_44_beam_orig0_bm3-s0to100br0-s100to200br2-s200to300br0.pdb,176,"2,0,13,16,19,16,19,14,11,3,10,18,19,19,6,18,7,15,2,12,16,9,6,4,11,13,14,19,6,11,5,10,3,10,0,0,10,9,19,18,17,6,12,6,3,11,2,9,9,5,13,19,8,7,6,6,3,10,11,19,5,8,15,15,18,1,5,1,0,1,10,10,11,3,5,10,15,10,7,2,0,0,10,5,9,16,3,19,11,10,5,3,0,7,19,18,1,4,12,9,15,18,7,7,0,3,18,11,1,9,16,19,11,19,2,0,2,0,13,16,19,16,19,14,11,3,10,18,19,19,6,18,7,15,2,12,16,9,6,4,11,13,14,19,6,11,5,10,3,10,0,0,10,9,19,18,17,6,12,6,3,11,2,9,9,5,13,19,8,7,6,6,3,10,11,19,5,8,15,15,18,1,5,1,0,1,10,10,11,3,5,10,15,10,7,2,0,0,10,5,9,16,3,19,11,10,5,3,0,7,19,18,1,4,12,9,15,18,7,7,0,3,18,11,1,9,16,19,11,19,2,0",-0.5303884,0.30155757,3.0,0.04413295,55.00238,0.04765458,1.0,0.04765458,0.31304055,0.012249216,0.0,0.0,0.04413295,0.00247655,0.8603304,0.31304055,3.2068186,1.2801396,55.00238,-0.5303884,3.8923104,200.59802,0.0119598685,0.040611323,1.0,200.59802,0.2583562,0.13966958,3.2068186,0.00247655,0.012538565,0.30155757,0.0,1.2801396,3.8923104,0.0119598685,0.5303884,0.0,0.012538565,0.5303884,0.5832802,0.040611323,1.0,0.012249216,lookahead,beam_orig0_bm3-s0to100br0-s100to200br2-s200to300br0
/work/T-REX/external/Proteina-Complexa/inference/search_binder_local_pipeline_32_PDL1_ALPHA_REPACK_v7_r001_warmstart_v7r001_00_complexa_beam_a42e8fc6f9a25/job_0_n_229_id_44_beam_orig1_bm2-s0to100br3-s100to200br2-s200to300br0/job_0_n_229_id_44_beam_orig1_bm2-s0to100br3-s100to200br2-s200to300br0.pdb,177,"2,0,13,16,19,16,19,14,11,3,10,18,19,19,6,18,7,15,2,12,16,9,6,4,11,13,14,19,6,11,5,10,3,10,0,0,10,9,19,18,17,6,12,6,3,11,2,9,9,5,13,19,8,7,6,6,3,10,11,19,5,8,15,15,18,1,5,1,0,1,10,10,11,3,5,10,15,10,7,2,0,0,10,5,9,16,3,19,11,10,5,3,0,7,19,18,1,4,12,9,15,18,7,7,0,3,18,11,1,9,16,19,11,19,2,0,0,13,16,19,16,19,14,11,3,10,18,19,19,6,18,7,15,2,12,16,9,6,4,11,13,14,19,6,11,5,10,3,10,0,0,10,9,19,18,17,6,12,6,3,11,2,9,9,5,13,19,8,7,6,6,3,10,11,19,5,8,15,15,18,1,5,1,0,1,10,10,11,3,5,10,15,10,7,2,0,0,10,5,9,16,3,19,11,10,5,3,0,7,19,18,1,4,12,9,15,18,7,7,0,3,18,11,1,9,16,19,11,19,0,0,0",-0.5257531,0.29842475,3.0,0.044796467,53.15754,0.047505666,1.0,0.047505666,0.3109651,0.012312136,0.0,0.0,0.044796467,0.001797175,0.8611128,0.3109651,2.5564606,1.2729949,53.15754,-0.5257531,3.85258,202.06613,0.011972717,0.042087264,1.0,202.06613,0.25983864,0.13888723,2.5564606,0.001797175,0.012651554,0.29842475,0.0,1.2729949,3.85258,0.011972717,0.5257531,0.0,0.012651554,0.5257531,0.58747977,0.042087264,1.0,0.012312136,lookahead,beam_orig1_bm2-s0to100br3-s100to200br2-s200to300br0
/work/T-REX/external/Proteina-Complexa/inference/search_binder_local_pipeline_32_PDL1_ALPHA_REPACK_v7_r001_warmstart_v7r001_00_complexa_beam_a42e8fc6f9a25/job_0_n_167_id_44_beam_orig2_bm2-s0to100br3-s100to200br0-s200to300br0/job_0_n_167_id_44_beam_orig2_bm2-s0to100br3-s100to200br0-s200to300br0.pdb,178,"2,0,13,16,19,16,19,14,11,3,10,18,19,19,6,18,7,15,2,12,16,9,6,4,11,13,14,19,6,11,5,10,3,10,0,0,10,9,19,18,17,6,12,6,3,11,2,9,9,5,13,19,8,7,6,6,3,10,11,19,5,8,15,15,18,1,5,1,0,1,10,10,11,3,5,10,15,10,7,2,0,0,10,5,9,16,3,19,11,10,5,3,0,7,19,18,1,4,12,9,15,18,7,7,0,3,18,11,1,9,16,19,11,19,2,0,12,15,6,6,5,10,1,5,6,0,10,2,19,14,6,14,15,11,19,13,15,0,15,13,10,16,3,10,11,7,3,11,14,10,15,6,7,6,11,19,10,10,1,0,0,10,6,1,17,1,2,0,0,0,0,0,0,0,0,0,0,0,0,0,0,0,0,0,0,0,0,0,0,0,0,0,0,0,0,0,0,0,0,0,0,0,0,0,0,0,0,0,0,0,0,0,0,0,0,0,0,0,0,0,0,0,0,0,0,0,0,0,0,0,0,0",-0.23105307,0.08715337,3.0,0.29821068,36.74878,0.3918809,1.0,0.3918809,0.19176626,0.29821068,0.0,0.0,0.29821068,0.0050052744,0.8215604,0.19176626,1.6233512,2.043689,36.74878,-0.23105307,2.5335827,183.79202,0.20454049,0.20454049,1.0,183.79202,0.66096926,0.17843962,1.6233512,0.0050052744,0.3918809,0.08715337,0.0,2.043689,2.5335827,0.20454049,0.23105307,0.0,0.3918809,0.23105307,0.8269295,0.20454049,1.0,0.29821068,lookahead,beam_orig2_bm2-s0to100br3-s100to200br0-s200to300br0
/work/T-REX/external/Proteina-Complexa/inference/search_binder_local_pipeline_32_PDL1_ALPHA_REPACK_v7_r001_warmstart_v7r001_00_complexa_beam_a42e8fc6f9a25/job_0_n_175_id_44_beam_orig3_bm1-s0to100br1-s100to200br1-s200to300br0/job_0_n_175_id_44_beam_orig3_bm1-s0to100br1-s100to200br1-s200to300br0.pdb,179,"2,0,13,16,19,16,19,14,11,3,10,18,19,19,6,18,7,15,2,12,16,9,6,4,11,13,14,19,6,11,5,10,3,10,0,0,10,9,19,18,17,6,12,6,3,11,2,9,9,5,13,19,8,7,6,6,3,10,11,19,5,8,15,15,18,1,5,1,0,1,10,10,11,3,5,10,15,10,7,2,0,0,10,5,9,16,3,19,11,10,5,3,0,7,19,18,1,4,12,9,15,18,7,7,0,3,18,11,1,9,16,19,11,19,2,0,0,5,11,9,11,15,10,6,9,10,13,6,9,15,9,10,3,13,9,11,0,10,6,1,2,11,7,15,19,0,0,16,0,0,6,10,7,9,14,1,2,11,0,9,3,9,10,11,12,10,6,11,6,7,9,14,19,14,16,0,0,0,0,0,0,0,0,0,0,0,0,0,0,0,0,0,0,0,0,0,0,0,0,0,0,0,0,0,0,0,0,0,0,0,0,0,0,0,0,0,0,0,0,0,0,0,0,0,0,0,0,0,0,0,0,0",-0.18198082,0.068262674,3.0,0.4508999,29.087044,0.51899844,1.0,0.51899844,0.14843118,0.4508999,0.0,0.0,0.4508999,0.002564998,0.9119437,0.14843118,1.261519,1.5585448,29.087044,-0.18198082,2.3281991,146.21971,0.38280135,0.38280135,1.0,146.21971,0.7612668,0.0880563,1.261519,0.002564998,0.51899844,0.068262674,0.0,1.5585448,2.3281991,0.38280135,0.18198082,0.0,0.51899844,0.18198082,0.8605851,0.38280135,1.0,0.4508999,lookahead,beam_orig3_bm1-s0to100br1-s100to200br1-s200to300br0
/work/T-REX/external/Proteina-Complexa/inference/search_binder_local_pipeline_32_PDL1_ALPHA_REPACK_v7_r001_warmstart_v7r001_00_complexa_beam_a42e8fc6f9a25/job_0_n_232_id_45_beam_orig0_bm3-s0to100br0-s100to200br2-s200to300br1/job_0_n_232_id_45_beam_orig0_bm3-s0to100br0-s100to200br2-s200to300br1.pdb,180,"2,0,13,16,19,16,19,14,11,3,10,18,19,19,6,18,7,15,2,12,16,9,6,4,11,13,14,19,6,11,5,10,3,10,0,0,10,9,19,18,17,6,12,6,3,11,2,9,9,5,13,19,8,7,6,6,3,10,11,19,5,8,15,15,18,1,5,1,0,1,10,10,11,3,5,10,15,10,7,2,0,0,10,5,9,16,3,19,11,10,5,3,0,7,19,18,1,4,12,9,15,18,7,7,0,3,18,11,1,9,16,19,11,19,2,0,2,0,13,16,19,16,19,14,11,3,10,18,19,19,6,18,7,15,2,12,16,9,6,4,11,13,14,19,6,11,5,10,3,10,0,0,10,9,19,18,17,6,12,6,3,11,2,9,9,5,13,19,8,7,6,6,3,10,11,19,5,8,15,15,18,1,5,1,0,1,10,10,11,3,5,10,15,10,7,2,0,0,10,5,9,16,3,19,11,10,5,3,0,7,19,18,1,4,12,9,15,18,7,7,0,3,18,11,1,9,16,19,11,19,2,0",-0.51988274,0.29137224,3.0,0.049710568,57.942505,0.052805305,1.0,0.052805305,0.30784398,0.012646427,0.0,0.0,0.049710568,0.0024732742,0.85994864,0.30784398,3.019403,1.2798655,57.942505,-0.51988274,3.8664622,199.12614,0.012310889,0.04661583,1.0,199.12614,0.26664317,0.14005135,3.019403,0.0024732742,0.012981965,0.29137224,0.0,1.2798655,3.8664622,0.012310889,0.51988274,0.0,0.012981965,0.51988274,0.58759797,0.04661583,1.0,0.012646427,lookahead,beam_orig0_bm3-s0to100br0-s100to200br2-s200to300br1
/work/T-REX/external/Proteina-Complexa/inference/search_binder_local_pipeline_32_PDL1_ALPHA_REPACK_v7_r001_warmstart_v7r001_00_complexa_beam_a42e8fc6f9a25/job_0_n_229_id_45_beam_orig1_bm2-s0to100br3-s100to200br2-s200to300br1/job_0_n_229_id_45_beam_orig1_bm2-s0to100br3-s100to200br2-s200to300br1.pdb,181,"2,0,13,16,19,16,19,14,11,3,10,18,19,19,6,18,7,15,2,12,16,9,6,4,11,13,14,19,6,11,5,10,3,10,0,0,10,9,19,18,17,6,12,6,3,11,2,9,9,5,13,19,8,7,6,6,3,10,11,19,5,8,15,15,18,1,5,1,0,1,10,10,11,3,5,10,15,10,7,2,0,0,10,5,9,16,3,19,11,10,5,3,0,7,19,18,1,4,12,9,15,18,7,7,0,3,18,11,1,9,16,19,11,19,2,0,0,13,16,19,16,19,14,11,3,10,18,19,19,6,18,7,15,2,12,16,9,6,4,11,13,14,19,6,11,5,10,3,10,0,0,10,9,19,18,17,6,12,6,3,11,2,9,9,5,13,19,8,7,6,6,3,10,11,19,5,8,15,15,18,1,5,1,0,1,10,10,11,3,5,10,15,10,7,2,0,0,10,5,9,16,3,19,11,10,5,3,0,7,19,18,1,4,12,9,15,18,7,7,0,3,18,11,1,9,16,19,11,19,0,0,0",-0.5207165,0.27711073,3.0,0.04532229,67.64477,0.04700593,1.0,0.04700593,0.30754212,0.013797345,0.0,0.0,0.04532229,0.0016378,0.86238813,0.30754212,4.6904526,1.2627393,67.64477,-0.5207165,3.777217,202.41649,0.013711298,0.043638658,1.0,202.41649,0.2559529,0.13761187,4.6904526,0.0016378,0.013883391,0.27711073,0.0,1.2627393,3.777217,0.013711298,0.5207165,0.0,0.013883391,0.5207165,0.58613497,0.043638658,1.0,0.013797345,lookahead,beam_orig1_bm2-s0to100br3-s100to200br2-s200to300br1
/work/T-REX/external/Proteina-Complexa/inference/search_binder_local_pipeline_32_PDL1_ALPHA_REPACK_v7_r001_warmstart_v7r001_00_complexa_beam_a42e8fc6f9a25/job_0_n_167_id_45_beam_orig2_bm2-s0to100br3-s100to200br0-s200to300br1/job_0_n_167_id_45_beam_orig2_bm2-s0to100br3-s100to200br0-s200to300br1.pdb,182,"2,0,13,16,19,16,19,14,11,3,10,18,19,19,6,18,7,15,2,12,16,9,6,4,11,13,14,19,6,11,5,10,3,10,0,0,10,9,19,18,17,6,12,6,3,11,2,9,9,5,13,19,8,7,6,6,3,10,11,19,5,8,15,15,18,1,5,1,0,1,10,10,11,3,5,10,15,10,7,2,0,0,10,5,9,16,3,19,11,10,5,3,0,7,19,18,1,4,12,9,15,18,7,7,0,3,18,11,1,9,16,19,11,19,2,0,12,16,6,6,5,10,11,5,6,0,10,6,19,14,3,14,15,11,19,13,15,14,15,13,10,11,3,9,11,7,3,11,10,10,15,6,7,6,11,19,4,10,1,0,0,10,5,1,17,1,2,0,0,0,0,0,0,0,0,0,0,0,0,0,0,0,0,0,0,0,0,0,0,0,0,0,0,0,0,0,0,0,0,0,0,0,0,0,0,0,0,0,0,0,0,0,0,0,0,0,0,0,0,0,0,0,0,0,0,0,0,0,0,0,0,0",-0.17326745,0.056331765,3.0,0.4822703,46.667397,0.6037539,1.0,0.6037539,0.14798051,0.4822703,0.0,0.0,0.4822703,0.003928809,0.8790643,0.14798051,1.2549477,1.8721803,46.667397,-0.17326745,2.0905137,186.61719,0.36078665,0.36078665,1.0,186.61719,0.78444713,0.12093571,1.2549477,0.003928809,0.6037539,0.056331765,0.0,1.8721803,2.0905137,0.36078665,0.17326745,0.0,0.6037539,0.17326745,0.868835,0.36078665,1.0,0.4822703,lookahead,beam_orig2_bm2-s0to100br3-s100to200br0-s200to300br1
/work/T-REX/external/Proteina-Complexa/inference/search_binder_local_pipeline_32_PDL1_ALPHA_REPACK_v7_r001_warmstart_v7r001_00_complexa_beam_a42e8fc6f9a25/job_0_n_175_id_45_beam_orig3_bm1-s0to100br1-s100to200br1-s200to300br1/job_0_n_175_id_45_beam_orig3_bm1-s0to100br1-s100to200br1-s200to300br1.pdb,183,"2,0,13,16,19,16,19,14,11,3,10,18,19,19,6,18,7,15,2,12,16,9,6,4,11,13,14,19,6,11,5,10,3,10,0,0,10,9,19,18,17,6,12,6,3,11,2,9,9,5,13,19,8,7,6,6,3,10,11,19,5,8,15,15,18,1,5,1,0,1,10,10,11,3,5,10,15,10,7,2,0,0,10,5,9,16,3,19,11,10,5,3,0,7,19,18,1,4,12,9,15,18,7,7,0,3,18,11,1,9,16,19,11,19,2,0,2,5,16,10,1,2,10,3,9,10,13,6,9,15,16,10,3,13,9,1,0,10,18,1,2,11,7,15,19,0,0,16,0,0,6,10,2,10,14,1,2,11,19,19,3,9,10,6,12,10,6,11,6,7,9,6,19,14,11,0,0,0,0,0,0,0,0,0,0,0,0,0,0,0,0,0,0,0,0,0,0,0,0,0,0,0,0,0,0,0,0,0,0,0,0,0,0,0,0,0,0,0,0,0,0,0,0,0,0,0,0,0,0,0,0,0",-0.3555865,0.18847342,3.0,0.12217672,38.57786,0.14101474,1.0,0.14101474,0.27081683,0.0774437,0.0,0.0,0.12217672,0.0026904426,0.8306967,0.27081683,1.2189095,1.8156316,38.57786,-0.3555865,3.1867118,181.6344,0.07353647,0.10333871,1.0,181.6344,0.5020055,0.1693033,1.2189095,0.0026904426,0.08135092,0.18847342,0.0,1.8156316,3.1867118,0.07353647,0.3555865,0.0,0.08135092,0.3555865,0.7588837,0.10333871,1.0,0.0774437,lookahead,beam_orig3_bm1-s0to100br1-s100to200br1-s200to300br1
/work/T-REX/external/Proteina-Complexa/inference/search_binder_local_pipeline_32_PDL1_ALPHA_REPACK_v7_r001_warmstart_v7r001_00_complexa_beam_a42e8fc6f9a25/job_0_n_232_id_46_beam_orig0_bm3-s0to100br0-s100to200br2-s200to300br2/job_0_n_232_id_46_beam_orig0_bm3-s0to100br0-s100to200br2-s200to300br2.pdb,184,"2,0,13,16,19,16,19,14,11,3,10,18,19,19,6,18,7,15,2,12,16,9,6,4,11,13,14,19,6,11,5,10,3,10,0,0,10,9,19,18,17,6,12,6,3,11,2,9,9,5,13,19,8,7,6,6,3,10,11,19,5,8,15,15,18,1,5,1,0,1,10,10,11,3,5,10,15,10,7,2,0,0,10,5,9,16,3,19,11,10,5,3,0,7,19,18,1,4,12,9,15,18,7,7,0,3,18,11,1,9,16,19,11,19,2,0,2,0,13,16,19,16,19,14,11,3,10,18,19,19,6,18,7,15,2,12,16,9,6,4,11,13,14,19,6,11,5,10,3,10,0,0,10,9,19,18,17,6,12,6,3,11,2,9,9,5,13,19,8,7,6,6,3,10,11,19,5,8,15,15,18,1,5,1,0,1,10,10,11,3,5,10,15,10,7,2,0,0,10,5,9,16,3,19,11,10,5,3,0,7,19,18,1,4,12,9,15,18,7,7,0,3,18,11,1,9,16,19,11,19,2,0",-0.5262596,0.29550254,3.0,0.045548413,55.544365,0.048267405,1.0,0.048267405,0.3110565,0.012309131,0.0,0.0,0.045548413,0.002519776,0.85981035,0.3110565,3.0220897,1.2798167,55.544365,-0.5262596,3.8814702,198.03004,0.012014026,0.04282942,1.0,198.03004,0.26045164,0.14018966,3.0220897,0.002519776,0.012604237,0.29550254,0.0,1.2798167,3.8814702,0.012014026,0.5262596,0.0,0.012604237,0.5262596,0.58455646,0.04282942,1.0,0.012309131,lookahead,beam_orig0_bm3-s0to100br0-s100to200br2-s200to300br2
/work/T-REX/external/Proteina-Complexa/inference/search_binder_local_pipeline_32_PDL1_ALPHA_REPACK_v7_r001_warmstart_v7r001_00_complexa_beam_a42e8fc6f9a25/job_0_n_229_id_46_beam_orig1_bm2-s0to100br3-s100to200br2-s200to300br2/job_0_n_229_id_46_beam_orig1_bm2-s0to100br3-s100to200br2-s200to300br2.pdb,185,"2,0,13,16,19,16,19,14,11,3,10,18,19,19,6,18,7,15,2,12,16,9,6,4,11,13,14,19,6,11,5,10,3,10,0,0,10,9,19,18,17,6,12,6,3,11,2,9,9,5,13,19,8,7,6,6,3,10,11,19,5,8,15,15,18,1,5,1,0,1,10,10,11,3,5,10,15,10,7,2,0,0,10,5,9,16,3,19,11,10,5,3,0,7,19,18,1,4,12,9,15,18,7,7,0,3,18,11,1,9,16,19,11,19,2,0,0,13,16,19,16,19,14,11,3,10,18,19,19,6,18,7,15,2,12,16,9,6,4,11,13,14,19,6,11,5,10,3,10,0,0,10,9,19,18,17,6,12,6,3,11,2,9,9,5,13,19,8,7,6,6,3,10,11,19,5,8,15,15,18,1,5,1,0,1,10,10,11,3,5,10,15,10,7,2,0,0,10,5,9,16,3,19,11,10,5,3,0,7,19,18,1,4,12,9,15,18,7,7,0,3,18,11,1,9,16,19,11,19,0,0,0",-0.5302858,0.3024566,3.0,0.043677464,52.17885,0.047122594,1.0,0.047122594,0.31348008,0.012154514,0.0,0.0,0.043677464,0.0018436877,0.8612794,0.31348008,2.6740592,1.2765633,52.17885,-0.5302858,3.865944,202.07469,0.011885868,0.040232334,1.0,202.07469,0.25790498,0.13872059,2.6740592,0.0018436877,0.0124231605,0.3024566,0.0,1.2765633,3.865944,0.011885868,0.5302858,0.0,0.0124231605,0.5302858,0.586521,0.040232334,1.0,0.012154514,lookahead,beam_orig1_bm2-s0to100br3-s100to200br2-s200to300br2
/work/T-REX/external/Proteina-Complexa/inference/search_binder_local_pipeline_32_PDL1_ALPHA_REPACK_v7_r001_warmstart_v7r001_00_complexa_beam_a42e8fc6f9a25/job_0_n_167_id_46_beam_orig2_bm2-s0to100br3-s100to200br0-s200to300br2/job_0_n_167_id_46_beam_orig2_bm2-s0to100br3-s100to200br0-s200to300br2.pdb,186,"2,0,13,16,19,16,19,14,11,3,10,18,19,19,6,18,7,15,2,12,16,9,6,4,11,13,14,19,6,11,5,10,3,10,0,0,10,9,19,18,17,6,12,6,3,11,2,9,9,5,13,19,8,7,6,6,3,10,11,19,5,8,15,15,18,1,5,1,0,1,10,10,11,3,5,10,15,10,7,2,0,0,10,5,9,16,3,19,11,10,5,3,0,7,19,18,1,4,12,9,15,18,7,7,0,3,18,11,1,9,16,19,11,19,2,0,12,15,6,6,3,10,1,11,6,0,10,5,19,14,6,14,15,11,19,13,15,14,15,13,10,11,3,9,11,7,3,11,14,10,15,19,7,6,11,19,10,10,11,0,0,10,11,1,17,1,6,0,0,0,0,0,0,0,0,0,0,0,0,0,0,0,0,0,0,0,0,0,0,0,0,0,0,0,0,0,0,0,0,0,0,0,0,0,0,0,0,0,0,0,0,0,0,0,0,0,0,0,0,0,0,0,0,0,0,0,0,0,0,0,0,0",-0.25849262,0.11578929,3.0,0.230216,34.748497,0.30223873,1.0,0.30223873,0.20982152,0.230216,0.0,0.0,0.230216,0.0059549287,0.8170959,0.20982152,1.2079544,2.0362847,34.748497,-0.25849262,2.6557019,186.20436,0.15819326,0.15819326,1.0,186.20436,0.6063273,0.1829041,1.2079544,0.0059549287,0.30223873,0.11578929,0.0,2.0362847,2.6557019,0.15819326,0.25849262,0.0,0.30223873,0.25849262,0.8043767,0.15819326,1.0,0.230216,lookahead,beam_orig2_bm2-s0to100br3-s100to200br0-s200to300br2
/work/T-REX/external/Proteina-Complexa/inference/search_binder_local_pipeline_32_PDL1_ALPHA_REPACK_v7_r001_warmstart_v7r001_00_complexa_beam_a42e8fc6f9a25/job_0_n_175_id_46_beam_orig3_bm1-s0to100br1-s100to200br1-s200to300br2/job_0_n_175_id_46_beam_orig3_bm1-s0to100br1-s100to200br1-s200to300br2.pdb,187,"2,0,13,16,19,16,19,14,11,3,10,18,19,19,6,18,7,15,2,12,16,9,6,4,11,13,14,19,6,11,5,10,3,10,0,0,10,9,19,18,17,6,12,6,3,11,2,9,9,5,13,19,8,7,6,6,3,10,11,19,5,8,15,15,18,1,5,1,0,1,10,10,11,3,5,10,15,10,7,2,0,0,10,5,9,16,3,19,11,10,5,3,0,7,19,18,1,4,12,9,15,18,7,7,0,3,18,11,1,9,16,19,11,19,2,0,2,5,11,10,11,2,10,6,9,10,13,6,19,15,19,10,3,13,9,5,0,10,1,0,2,11,7,2,19,0,0,16,0,0,6,10,2,9,14,1,2,11,0,9,3,9,10,6,5,10,6,11,6,7,9,6,19,14,5,0,0,0,0,0,0,0,0,0,0,0,0,0,0,0,0,0,0,0,0,0,0,0,0,0,0,0,0,0,0,0,0,0,0,0,0,0,0,0,0,0,0,0,0,0,0,0,0,0,0,0,0,0,0,0,0,0",-0.65896386,0.47146168,3.0,0.0058201505,97.29762,0.006612997,1.0,0.006612997,0.4803229,0.0,0.0,0.0,0.0058201505,0.007987324,0.68237567,0.4803229,6.2677593,1.859074,97.29762,-0.65896386,4.06894,230.67227,0.0,0.0050273044,1.0,230.67227,0.16803278,0.31762436,6.2677593,0.007987324,0.0,0.47146168,0.0,1.859074,4.06894,0.0,0.65896386,0.0,0.0,0.65896386,0.65048444,0.0050273044,1.0,0.0,lookahead,beam_orig3_bm1-s0to100br1-s100to200br1-s200to300br2
/work/T-REX/external/Proteina-Complexa/inference/search_binder_local_pipeline_32_PDL1_ALPHA_REPACK_v7_r001_warmstart_v7r001_00_complexa_beam_a42e8fc6f9a25/job_0_n_232_id_47_beam_orig0_bm3-s0to100br0-s100to200br2-s200to300br3/job_0_n_232_id_47_beam_orig0_bm3-s0to100br0-s100to200br2-s200to300br3.pdb,188,"2,0,13,16,19,16,19,14,11,3,10,18,19,19,6,18,7,15,2,12,16,9,6,4,11,13,14,19,6,11,5,10,3,10,0,0,10,9,19,18,17,6,12,6,3,11,2,9,9,5,13,19,8,7,6,6,3,10,11,19,5,8,15,15,18,1,5,1,0,1,10,10,11,3,5,10,15,10,7,2,0,0,10,5,9,16,3,19,11,10,5,3,0,7,19,18,1,4,12,9,15,18,7,7,0,3,18,11,1,9,16,19,11,19,2,0,2,0,13,16,19,16,19,14,11,3,10,18,19,19,6,18,7,15,2,12,16,9,6,4,11,13,14,19,6,11,5,10,3,10,0,0,10,9,19,18,17,6,12,6,3,11,2,9,9,5,13,19,8,7,6,6,3,10,11,19,5,8,15,15,18,1,5,1,0,1,10,10,11,3,5,10,15,10,7,2,0,0,10,5,9,16,3,19,11,10,5,3,0,7,19,18,1,4,12,9,15,18,7,7,0,3,18,11,1,9,16,19,11,19,2,0",-0.53186995,0.30114198,3.0,0.042805426,58.996002,0.04698422,1.0,0.04698422,0.31399104,0.012215462,0.0,0.0,0.042805426,0.0024762298,0.85994434,0.31399104,3.3059208,1.283956,58.996002,-0.53186995,3.8947675,202.12292,0.011903215,0.038626634,1.0,202.12292,0.25848472,0.14005569,3.3059208,0.0024762298,0.012527707,0.30114198,0.0,1.283956,3.8947675,0.011903215,0.53186995,0.0,0.012527707,0.53186995,0.583464,0.038626634,1.0,0.012215462,lookahead,beam_orig0_bm3-s0to100br0-s100to200br2-s200to300br3
/work/T-REX/external/Proteina-Complexa/inference/search_binder_local_pipeline_32_PDL1_ALPHA_REPACK_v7_r001_warmstart_v7r001_00_complexa_beam_a42e8fc6f9a25/job_0_n_229_id_47_beam_orig1_bm2-s0to100br3-s100to200br2-s200to300br3/job_0_n_229_id_47_beam_orig1_bm2-s0to100br3-s100to200br2-s200to300br3.pdb,189,"2,0,13,16,19,16,19,14,11,3,10,18,19,19,6,18,7,15,2,12,16,9,6,4,11,13,14,19,6,11,5,10,3,10,0,0,10,9,19,18,17,6,12,6,3,11,2,9,9,5,13,19,8,7,6,6,3,10,11,19,5,8,15,15,18,1,5,1,0,1,10,10,11,3,5,10,15,10,7,2,0,0,10,5,9,16,3,19,11,10,5,3,0,7,19,18,1,4,12,9,15,18,7,7,0,3,18,11,1,9,16,19,11,19,2,0,0,13,16,19,16,19,14,11,3,10,18,19,19,6,18,7,15,2,12,16,9,6,4,11,13,14,19,6,11,5,10,3,10,0,0,10,9,19,18,17,6,12,6,3,11,2,9,9,5,13,19,8,7,6,6,3,10,11,19,5,8,15,15,18,1,5,1,0,1,10,10,11,3,5,10,15,10,7,2,0,0,10,5,9,16,3,19,11,10,5,3,0,7,19,18,1,4,12,9,15,18,7,7,0,3,18,11,1,9,16,19,11,19,0,0,0",-0.50613266,0.27787897,3.0,0.053892095,49.17408,0.05610442,1.0,0.05610442,0.3007394,0.01365329,0.0,0.0,0.053892095,0.0017476414,0.8611983,0.3007394,1.8637455,1.2641782,49.17408,-0.50613266,3.791643,198.02435,0.0132633895,0.051679768,1.0,198.02435,0.27262923,0.13880172,1.8637455,0.0017476414,0.014043191,0.27787897,0.0,1.2641782,3.791643,0.0132633895,0.50613266,0.0,0.014043191,0.50613266,0.59373224,0.051679768,1.0,0.01365329,lookahead,beam_orig1_bm2-s0to100br3-s100to200br2-s200to300br3
/work/T-REX/external/Proteina-Complexa/inference/search_binder_local_pipeline_32_PDL1_ALPHA_REPACK_v7_r001_warmstart_v7r001_00_complexa_beam_a42e8fc6f9a25/job_0_n_167_id_47_beam_orig2_bm2-s0to100br3-s100to200br0-s200to300br3/job_0_n_167_id_47_beam_orig2_bm2-s0to100br3-s100to200br0-s200to300br3.pdb,190,"2,0,13,16,19,16,19,14,11,3,10,18,19,19,6,18,7,15,2,12,16,9,6,4,11,13,14,19,6,11,5,10,3,10,0,0,10,9,19,18,17,6,12,6,3,11,2,9,9,5,13,19,8,7,6,6,3,10,11,19,5,8,15,15,18,1,5,1,0,1,10,10,11,3,5,10,15,10,7,2,0,0,10,5,9,16,3,19,11,10,5,3,0,7,19,18,1,4,12,9,15,18,7,7,0,3,18,11,1,9,16,19,11,19,2,0,12,15,6,6,3,10,1,5,6,0,10,5,19,14,6,14,15,11,19,13,15,14,15,13,10,11,3,9,1,7,14,5,14,10,15,6,7,5,11,19,10,10,1,0,0,10,5,1,17,1,6,0,0,0,0,0,0,0,0,0,0,0,0,0,0,0,0,0,0,0,0,0,0,0,0,0,0,0,0,0,0,0,0,0,0,0,0,0,0,0,0,0,0,0,0,0,0,0,0,0,0,0,0,0,0,0,0,0,0,0,0,0,0,0,0,0",-0.20536052,0.07653957,3.0,0.36316124,40.887028,0.47434148,1.0,0.47434148,0.16934443,0.36316124,0.0,0.0,0.36316124,0.004039974,0.85644776,0.16934443,1.6830832,1.8729796,40.887028,-0.20536052,2.360739,180.30235,0.251981,0.251981,1.0,180.30235,0.7034569,0.14355223,1.6830832,0.004039974,0.47434148,0.07653957,0.0,1.8729796,2.360739,0.251981,0.20536052,0.0,0.47434148,0.20536052,0.8399507,0.251981,1.0,0.36316124,lookahead,beam_orig2_bm2-s0to100br3-s100to200br0-s200to300br3
/work/T-REX/external/Proteina-Complexa/inference/search_binder_local_pipeline_32_PDL1_ALPHA_REPACK_v7_r001_warmstart_v7r001_00_complexa_beam_a42e8fc6f9a25/job_0_n_175_id_47_beam_orig3_bm1-s0to100br1-s100to200br1-s200to300br3/job_0_n_175_id_47_beam_orig3_bm1-s0to100br1-s100to200br1-s200to300br3.pdb,191,"2,0,13,16,19,16,19,14,11,3,10,18,19,19,6,18,7,15,2,12,16,9,6,4,11,13,14,19,6,11,5,10,3,10,0,0,10,9,19,18,17,6,12,6,3,11,2,9,9,5,13,19,8,7,6,6,3,10,11,19,5,8,15,15,18,1,5,1,0,1,10,10,11,3,5,10,15,10,7,2,0,0,10,5,9,16,3,19,11,10,5,3,0,7,19,18,1,4,12,9,15,18,7,7,0,3,18,11,1,9,16,19,11,19,2,0,3,5,11,9,11,2,10,6,1,13,13,6,19,15,9,10,3,13,9,11,0,10,6,1,2,2,7,15,19,0,0,16,0,0,6,10,2,9,14,1,5,11,19,19,3,9,10,6,12,10,6,11,6,7,9,0,19,14,5,0,0,0,0,0,0,0,0,0,0,0,0,0,0,0,0,0,0,0,0,0,0,0,0,0,0,0,0,0,0,0,0,0,0,0,0,0,0,0,0,0,0,0,0,0,0,0,0,0,0,0,0,0,0,0,0,0",-0.33004338,0.15499991,3.0,0.14401293,44.42738,0.17125906,1.0,0.17125906,0.2504864,0.124563575,0.0,0.0,0.14401293,0.0045071566,0.8437963,0.2504864,3.2334785,1.6625459,44.42738,-0.33004338,3.0114126,174.1538,0.10867705,0.1167668,1.0,174.1538,0.51451707,0.15620367,3.2334785,0.0045071566,0.1404501,0.15499991,0.0,1.6625459,3.0114126,0.10867705,0.33004338,0.0,0.1404501,0.33004338,0.7643419,0.1167668,1.0,0.124563575,lookahead,beam_orig3_bm1-s0to100br1-s100to200br1-s200to300br3
/work/T-REX/external/Proteina-Complexa/inference/search_binder_local_pipeline_32_PDL1_ALPHA_REPACK_v7_r001_warmstart_v7r001_00_complexa_beam_a42e8fc6f9a25/job_0_n_232_id_48_beam_orig0_bm0-s0to100br1-s100to200br3-s200to300br1-s300to400br0/job_0_n_232_id_48_beam_orig0_bm0-s0to100br1-s100to200br3-s200to300br1-s300to400br0.pdb,192,"2,0,13,16,19,16,19,14,11,3,10,18,19,19,6,18,7,15,2,12,16,9,6,4,11,13,14,19,6,11,5,10,3,10,0,0,10,9,19,18,17,6,12,6,3,11,2,9,9,5,13,19,8,7,6,6,3,10,11,19,5,8,15,15,18,1,5,1,0,1,10,10,11,3,5,10,15,10,7,2,0,0,10,5,9,16,3,19,11,10,5,3,0,7,19,18,1,4,12,9,15,18,7,7,0,3,18,11,1,9,16,19,11,19,2,0,2,0,13,16,19,16,19,14,11,3,10,18,19,19,6,18,7,15,2,12,16,9,6,4,11,13,14,19,6,11,5,10,3,10,0,0,10,9,19,18,17,6,12,6,3,11,2,9,9,5,13,19,8,7,6,6,3,10,11,19,5,8,15,15,18,1,5,1,0,1,10,10,11,3,5,10,15,10,7,2,0,0,10,5,9,16,3,19,11,10,5,3,0,7,19,18,1,4,12,9,15,18,7,7,0,3,18,11,1,9,16,19,11,19,2,0",-0.5272315,0.29521474,3.0,0.044912204,55.346554,0.04810966,1.0,0.04810966,0.3113518,0.0123489015,0.0,0.0,0.044912204,0.0024184955,0.85997915,0.3113518,2.799456,1.2795789,55.346554,-0.5272315,3.8879564,198.89697,0.012110753,0.04171475,1.0,198.89697,0.25914496,0.14002085,2.799456,0.0024184955,0.012587049,0.29521474,0.0,1.2795789,3.8879564,0.012110753,0.5272315,0.0,0.012587049,0.5272315,0.5840032,0.04171475,1.0,0.0123489015,lookahead,beam_orig0_bm0-s0to100br1-s100to200br3-s200to300br1-s300to400br0
/work/T-REX/external/Proteina-Complexa/inference/search_binder_local_pipeline_32_PDL1_ALPHA_REPACK_v7_r001_warmstart_v7r001_00_complexa_beam_a42e8fc6f9a25/job_0_n_229_id_48_beam_orig1_bm2-s0to100br3-s100to200br2-s200to300br3-s300to400br0/job_0_n_229_id_48_beam_orig1_bm2-s0to100br3-s100to200br2-s200to300br3-s300to400br0.pdb,193,"2,0,13,16,19,16,19,14,11,3,10,18,19,19,6,18,7,15,2,12,16,9,6,4,11,13,14,19,6,11,5,10,3,10,0,0,10,9,19,18,17,6,12,6,3,11,2,9,9,5,13,19,8,7,6,6,3,10,11,19,5,8,15,15,18,1,5,1,0,1,10,10,11,3,5,10,15,10,7,2,0,0,10,5,9,16,3,19,11,10,5,3,0,7,19,18,1,4,12,9,15,18,7,7,0,3,18,11,1,9,16,19,11,19,2,0,0,13,16,19,16,19,14,11,3,10,18,19,19,6,18,7,15,2,12,16,9,6,4,11,13,14,19,6,11,5,10,3,10,0,0,10,9,19,18,17,6,12,6,3,11,2,9,9,5,13,19,8,7,6,6,3,10,11,19,5,8,15,15,18,1,5,1,0,1,10,10,11,3,5,10,15,10,7,2,0,0,10,5,9,16,3,19,11,10,5,3,0,7,19,18,1,4,12,9,15,18,7,7,0,3,18,11,1,9,16,19,11,19,0,0,0",-0.51714283,0.2910304,3.0,0.049851976,53.516834,0.05281113,1.0,0.05281113,0.30654612,0.012773577,0.0,0.0,0.049851976,0.0018133188,0.8611359,0.30654612,2.5406766,1.2723715,53.516834,-0.51714283,3.8281817,198.50519,0.012352484,0.046892826,1.0,198.50519,0.26808405,0.1388641,2.5406766,0.0018133188,0.013194671,0.2910304,0.0,1.2723715,3.8281817,0.012352484,0.51714283,0.0,0.013194671,0.51714283,0.5914336,0.046892826,1.0,0.012773577,lookahead,beam_orig1_bm2-s0to100br3-s100to200br2-s200to300br3-s300to400br0
/work/T-REX/external/Proteina-Complexa/inference/search_binder_local_pipeline_32_PDL1_ALPHA_REPACK_v7_r001_warmstart_v7r001_00_complexa_beam_a42e8fc6f9a25/job_0_n_167_id_48_beam_orig2_bm3-s0to100br1-s100to200br0-s200to300br0-s300to400br0/job_0_n_167_id_48_beam_orig2_bm3-s0to100br1-s100to200br0-s200to300br0-s300to400br0.pdb,194,"2,0,13,16,19,16,19,14,11,3,10,18,19,19,6,18,7,15,2,12,16,9,6,4,11,13,14,19,6,11,5,10,3,10,0,0,10,9,19,18,17,6,12,6,3,11,2,9,9,5,13,19,8,7,6,6,3,10,11,19,5,8,15,15,18,1,5,1,0,1,10,10,11,3,5,10,15,10,7,2,0,0,10,5,9,16,3,19,11,10,5,3,0,7,19,18,1,4,12,9,15,18,7,7,0,3,18,11,1,9,16,19,11,19,2,0,12,10,2,3,18,10,5,16,19,19,6,11,3,15,5,6,2,13,5,10,0,9,2,6,7,19,1,10,7,18,15,5,5,3,0,0,2,0,19,13,5,15,10,19,2,1,11,19,9,16,10,0,0,0,0,0,0,0,0,0,0,0,0,0,0,0,0,0,0,0,0,0,0,0,0,0,0,0,0,0,0,0,0,0,0,0,0,0,0,0,0,0,0,0,0,0,0,0,0,0,0,0,0,0,0,0,0,0,0,0,0,0,0,0,0,0",-0.1411268,0.039302595,3.0,0.65571594,61.573475,0.7491889,1.0,0.7491889,0.12078884,0.65571594,0.0,0.0,0.65571594,0.0009742894,0.91723764,0.12078884,5.303283,1.5753881,61.573475,-0.1411268,1.7701155,245.94987,0.562243,0.562243,1.0,245.94987,0.8577995,0.08276238,5.303283,0.0009742894,0.7491889,0.039302595,0.0,1.5753881,1.7701155,0.562243,0.1411268,0.0,0.7491889,0.1411268,0.89179206,0.562243,1.0,0.65571594,lookahead,beam_orig2_bm3-s0to100br1-s100to200br0-s200to300br0-s300to400br0
/work/T-REX/external/Proteina-Complexa/inference/search_binder_local_pipeline_32_PDL1_ALPHA_REPACK_v7_r001_warmstart_v7r001_00_complexa_beam_a42e8fc6f9a25/job_0_n_175_id_48_beam_orig3_bm2-s0to100br1-s100to200br2-s200to300br1-s300to400br0/job_0_n_175_id_48_beam_orig3_bm2-s0to100br1-s100to200br2-s200to300br1-s300to400br0.pdb,195,"2,0,13,16,19,16,19,14,11,3,10,18,19,19,6,18,7,15,2,12,16,9,6,4,11,13,14,19,6,11,5,10,3,10,0,0,10,9,19,18,17,6,12,6,3,11,2,9,9,5,13,19,8,7,6,6,3,10,11,19,5,8,15,15,18,1,5,1,0,1,10,10,11,3,5,10,15,10,7,2,0,0,10,5,9,16,3,19,11,10,5,3,0,7,19,18,1,4,12,9,15,18,7,7,0,3,18,11,1,9,16,19,11,19,2,0,12,15,19,6,6,10,19,11,10,10,6,15,14,3,6,2,19,1,11,0,0,9,0,7,10,13,0,11,7,6,6,0,19,6,14,10,11,11,13,10,11,8,11,3,11,3,19,0,15,18,0,1,13,18,10,1,0,10,11,0,0,0,0,0,0,0,0,0,0,0,0,0,0,0,0,0,0,0,0,0,0,0,0,0,0,0,0,0,0,0,0,0,0,0,0,0,0,0,0,0,0,0,0,0,0,0,0,0,0,0,0,0,0,0,0,0",-0.17613696,0.067013346,3.0,0.4862693,103.40678,0.56417423,1.0,0.56417423,0.14713177,0.4862693,0.0,0.0,0.4862693,0.0017296065,0.8710172,0.14713177,5.272226,1.7815629,103.40678,-0.17613696,2.2813344,246.45526,0.4083644,0.4083644,1.0,246.45526,0.75933903,0.12898277,5.272226,0.0017296065,0.56417423,0.067013346,0.0,1.7815629,2.2813344,0.4083644,0.17613696,0.0,0.56417423,0.17613696,0.854581,0.4083644,1.0,0.4862693,lookahead,beam_orig3_bm2-s0to100br1-s100to200br2-s200to300br1-s300to400br0
/work/T-REX/external/Proteina-Complexa/inference/search_binder_local_pipeline_32_PDL1_ALPHA_REPACK_v7_r001_warmstart_v7r001_00_complexa_beam_a42e8fc6f9a25/job_0_n_232_id_49_beam_orig0_bm0-s0to100br1-s100to200br3-s200to300br1-s300to400br1/job_0_n_232_id_49_beam_orig0_bm0-s0to100br1-s100to200br3-s200to300br1-s300to400br1.pdb,196,"2,0,13,16,19,16,19,14,11,3,10,18,19,19,6,18,7,15,2,12,16,9,6,4,11,13,14,19,6,11,5,10,3,10,0,0,10,9,19,18,17,6,12,6,3,11,2,9,9,5,13,19,8,7,6,6,3,10,11,19,5,8,15,15,18,1,5,1,0,1,10,10,11,3,5,10,15,10,7,2,0,0,10,5,9,16,3,19,11,10,5,3,0,7,19,18,1,4,12,9,15,18,7,7,0,3,18,11,1,9,16,19,11,19,2,0,2,0,13,16,19,16,19,14,11,3,10,18,19,19,6,18,7,15,2,12,16,9,6,4,11,13,14,19,6,11,5,10,3,10,0,0,10,9,19,18,17,6,12,6,3,11,2,9,9,5,13,19,8,7,6,6,3,10,11,19,5,8,15,15,18,1,5,1,0,1,10,10,11,3,5,10,15,10,7,2,0,0,10,5,9,16,3,19,11,10,5,3,0,7,19,18,1,4,12,9,15,18,7,7,0,3,18,11,1,9,16,19,11,19,2,0",-0.526704,0.2977355,3.0,0.045330986,57.575592,0.048860755,1.0,0.048860755,0.31119707,0.012420613,0.0,0.0,0.045330986,0.0024445371,0.859962,0.31119707,2.9856763,1.2803702,57.575592,-0.526704,3.8839183,198.56944,0.012130454,0.041801214,1.0,198.56944,0.26131022,0.14003803,2.9856763,0.0024445371,0.012710772,0.2977355,0.0,1.2803702,3.8839183,0.012130454,0.526704,0.0,0.012710772,0.526704,0.5847786,0.041801214,1.0,0.012420613,lookahead,beam_orig0_bm0-s0to100br1-s100to200br3-s200to300br1-s300to400br1
/work/T-REX/external/Proteina-Complexa/inference/search_binder_local_pipeline_32_PDL1_ALPHA_REPACK_v7_r001_warmstart_v7r001_00_complexa_beam_a42e8fc6f9a25/job_0_n_229_id_49_beam_orig1_bm2-s0to100br3-s100to200br2-s200to300br3-s300to400br1/job_0_n_229_id_49_beam_orig1_bm2-s0to100br3-s100to200br2-s200to300br3-s300to400br1.pdb,197,"2,0,13,16,19,16,19,14,11,3,10,18,19,19,6,18,7,15,2,12,16,9,6,4,11,13,14,19,6,11,5,10,3,10,0,0,10,9,19,18,17,6,12,6,3,11,2,9,9,5,13,19,8,7,6,6,3,10,11,19,5,8,15,15,18,1,5,1,0,1,10,10,11,3,5,10,15,10,7,2,0,0,10,5,9,16,3,19,11,10,5,3,0,7,19,18,1,4,12,9,15,18,7,7,0,3,18,11,1,9,16,19,11,19,2,0,0,13,16,19,16,19,14,11,3,10,18,19,19,6,18,7,15,2,12,16,9,6,4,11,13,14,19,6,11,5,10,3,10,0,0,10,9,19,18,17,6,12,6,3,11,2,9,9,5,13,19,8,7,6,6,3,10,11,19,5,8,15,15,18,1,5,1,0,1,10,10,11,3,5,10,15,10,7,2,0,0,10,5,9,16,3,19,11,10,5,3,0,7,19,18,1,4,12,9,15,18,7,7,0,3,18,11,1,9,16,19,11,19,0,0,0",-0.5077193,0.27758333,3.0,0.052546926,44.106453,0.054583244,1.0,0.054583244,0.30138353,0.013703065,0.0,0.0,0.052546926,0.0017469773,0.86139786,0.30138353,1.7035781,1.2616271,44.106453,-0.5077193,3.7889338,200.22134,0.013377205,0.050510608,1.0,200.22134,0.2701025,0.13860211,1.7035781,0.0017469773,0.014028925,0.27758333,0.0,1.2616271,3.7889338,0.013377205,0.5077193,0.0,0.014028925,0.5077193,0.5926049,0.050510608,1.0,0.013703065,lookahead,beam_orig1_bm2-s0to100br3-s100to200br2-s200to300br3-s300to400br1
/work/T-REX/external/Proteina-Complexa/inference/search_binder_local_pipeline_32_PDL1_ALPHA_REPACK_v7_r001_warmstart_v7r001_00_complexa_beam_a42e8fc6f9a25/job_0_n_167_id_49_beam_orig2_bm3-s0to100br1-s100to200br0-s200to300br0-s300to400br1/job_0_n_167_id_49_beam_orig2_bm3-s0to100br1-s100to200br0-s200to300br0-s300to400br1.pdb,198,"2,0,13,16,19,16,19,14,11,3,10,18,19,19,6,18,7,15,2,12,16,9,6,4,11,13,14,19,6,11,5,10,3,10,0,0,10,9,19,18,17,6,12,6,3,11,2,9,9,5,13,19,8,7,6,6,3,10,11,19,5,8,15,15,18,1,5,1,0,1,10,10,11,3,5,10,15,10,7,2,0,0,10,5,9,16,3,19,11,10,5,3,0,7,19,18,1,4,12,9,15,18,7,7,0,3,18,11,1,9,16,19,11,19,2,0,12,10,2,3,18,10,5,16,19,19,6,11,3,15,5,6,2,13,5,10,0,9,2,6,7,19,1,10,7,18,15,5,5,3,0,0,2,0,19,13,5,15,10,19,2,1,11,19,9,16,10,0,0,0,0,0,0,0,0,0,0,0,0,0,0,0,0,0,0,0,0,0,0,0,0,0,0,0,0,0,0,0,0,0,0,0,0,0,0,0,0,0,0,0,0,0,0,0,0,0,0,0,0,0,0,0,0,0,0,0,0,0,0,0,0,0",-0.14247818,0.039270647,3.0,0.65116876,62.467545,0.74570256,1.0,0.74570256,0.12204525,0.65116876,0.0,0.0,0.65116876,0.0009847354,0.91498494,0.12204525,5.387484,1.5930187,62.467545,-0.14247818,1.7830666,247.91623,0.55663496,0.55663496,1.0,247.91623,0.8555224,0.085015036,5.387484,0.0009847354,0.74570256,0.039270647,0.0,1.5930187,1.7830666,0.55663496,0.14247818,0.0,0.74570256,0.14247818,0.8908455,0.55663496,1.0,0.65116876,lookahead,beam_orig2_bm3-s0to100br1-s100to200br0-s200to300br0-s300to400br1
/work/T-REX/external/Proteina-Complexa/inference/search_binder_local_pipeline_32_PDL1_ALPHA_REPACK_v7_r001_warmstart_v7r001_00_complexa_beam_a42e8fc6f9a25/job_0_n_175_id_49_beam_orig3_bm2-s0to100br1-s100to200br2-s200to300br1-s300to400br1/job_0_n_175_id_49_beam_orig3_bm2-s0to100br1-s100to200br2-s200to300br1-s300to400br1.pdb,199,"2,0,13,16,19,16,19,14,11,3,10,18,19,19,6,18,7,15,2,12,16,9,6,4,11,13,14,19,6,11,5,10,3,10,0,0,10,9,19,18,17,6,12,6,3,11,2,9,9,5,13,19,8,7,6,6,3,10,11,19,5,8,15,15,18,1,5,1,0,1,10,10,11,3,5,10,15,10,7,2,0,0,10,5,9,16,3,19,11,10,5,3,0,7,19,18,1,4,12,9,15,18,7,7,0,3,18,11,1,9,16,19,11,19,2,0,12,15,19,6,6,10,19,11,10,10,6,15,14,3,6,2,19,1,11,0,0,9,0,7,10,13,0,11,7,6,6,0,19,6,14,10,11,11,13,10,11,8,11,3,11,3,19,0,15,18,0,1,13,18,10,1,0,10,11,0,0,0,0,0,0,0,0,0,0,0,0,0,0,0,0,0,0,0,0,0,0,0,0,0,0,0,0,0,0,0,0,0,0,0,0,0,0,0,0,0,0,0,0,0,0,0,0,0,0,0,0,0,0,0,0,0",-0.17533067,0.06558654,3.0,0.49062467,104.21524,0.570743,1.0,0.570743,0.14641514,0.49062467,0.0,0.0,0.49062467,0.0017483528,0.87218714,0.14641514,5.3997693,1.7757486,104.21524,-0.17533067,2.2732272,248.1748,0.41050628,0.41050628,1.0,248.1748,0.76122165,0.12781285,5.3997693,0.0017483528,0.570743,0.06558654,0.0,1.7757486,2.2732272,0.41050628,0.17533067,0.0,0.570743,0.17533067,0.85541904,0.41050628,1.0,0.49062467,lookahead,beam_orig3_bm2-s0to100br1-s100to200br2-s200to300br1-s300to400br1
/work/T-REX/external/Proteina-Complexa/inference/search_binder_local_pipeline_32_PDL1_ALPHA_REPACK_v7_r001_warmstart_v7r001_00_complexa_beam_a42e8fc6f9a25/job_0_n_232_id_50_beam_orig0_bm0-s0to100br1-s100to200br3-s200to300br1-s300to400br2/job_0_n_232_id_50_beam_orig0_bm0-s0to100br1-s100to200br3-s200to300br1-s300to400br2.pdb,200,"2,0,13,16,19,16,19,14,11,3,10,18,19,19,6,18,7,15,2,12,16,9,6,4,11,13,14,19,6,11,5,10,3,10,0,0,10,9,19,18,17,6,12,6,3,11,2,9,9,5,13,19,8,7,6,6,3,10,11,19,5,8,15,15,18,1,5,1,0,1,10,10,11,3,5,10,15,10,7,2,0,0,10,5,9,16,3,19,11,10,5,3,0,7,19,18,1,4,12,9,15,18,7,7,0,3,18,11,1,9,16,19,11,19,2,0,2,0,13,16,19,16,19,14,11,3,10,18,19,19,6,18,7,15,2,12,16,9,6,4,11,13,14,19,6,11,5,10,3,10,0,0,10,9,19,18,17,6,12,6,3,11,2,9,9,5,13,19,8,7,6,6,3,10,11,19,5,8,15,15,18,1,5,1,0,1,10,10,11,3,5,10,15,10,7,2,0,0,10,5,9,16,3,19,11,10,5,3,0,7,19,18,1,4,12,9,15,18,7,7,0,3,18,11,1,9,16,19,11,19,2,0",-0.51462644,0.28547442,3.0,0.0521639,57.98988,0.054740977,1.0,0.054740977,0.30502537,0.012871645,0.0,0.0,0.0521639,0.0024169113,0.85984784,0.30502537,2.847983,1.2785968,57.98988,-0.51462644,3.8514614,198.49464,0.012604495,0.049586825,1.0,198.49464,0.26996568,0.14015216,2.847983,0.0024169113,0.013138795,0.28547442,0.0,1.2785968,3.8514614,0.012604495,0.51462644,0.0,0.013138795,0.51462644,0.58900845,0.049586825,1.0,0.012871645,lookahead,beam_orig0_bm0-s0to100br1-s100to200br3-s200to300br1-s300to400br2
/work/T-REX/external/Proteina-Complexa/inference/search_binder_local_pipeline_32_PDL1_ALPHA_REPACK_v7_r001_warmstart_v7r001_00_complexa_beam_a42e8fc6f9a25/job_0_n_229_id_50_beam_orig1_bm2-s0to100br3-s100to200br2-s200to300br3-s300to400br2/job_0_n_229_id_50_beam_orig1_bm2-s0to100br3-s100to200br2-s200to300br3-s300to400br2.pdb,201,"2,0,13,16,19,16,19,14,11,3,10,18,19,19,6,18,7,15,2,12,16,9,6,4,11,13,14,19,6,11,5,10,3,10,0,0,10,9,19,18,17,6,12,6,3,11,2,9,9,5,13,19,8,7,6,6,3,10,11,19,5,8,15,15,18,1,5,1,0,1,10,10,11,3,5,10,15,10,7,2,0,0,10,5,9,16,3,19,11,10,5,3,0,7,19,18,1,4,12,9,15,18,7,7,0,3,18,11,1,9,16,19,11,19,2,0,0,13,16,19,16,19,14,11,3,10,18,19,19,6,18,7,15,2,12,16,9,6,4,11,13,14,19,6,11,5,10,3,10,0,0,10,9,19,18,17,6,12,6,3,11,2,9,9,5,13,19,8,7,6,6,3,10,11,19,5,8,15,15,18,1,5,1,0,1,10,10,11,3,5,10,15,10,7,2,0,0,10,5,9,16,3,19,11,10,5,3,0,7,19,18,1,4,12,9,15,18,7,7,0,3,18,11,1,9,16,19,11,19,0,0,0",-0.5114636,0.28258505,3.0,0.05145875,52.775227,0.053842492,1.0,0.053842492,0.30333734,0.01308695,0.0,0.0,0.05145875,0.0017768824,0.8616333,0.30333734,2.2918599,1.2648478,52.775227,-0.5114636,3.8132582,199.78052,0.012967052,0.049075007,1.0,199.78052,0.27035955,0.13836671,2.2918599,0.0017768824,0.013206849,0.28258505,0.0,1.2648478,3.8132582,0.012967052,0.5114636,0.0,0.013206849,0.5114636,0.59269524,0.049075007,1.0,0.01308695,lookahead,beam_orig1_bm2-s0to100br3-s100to200br2-s200to300br3-s300to400br2
/work/T-REX/external/Proteina-Complexa/inference/search_binder_local_pipeline_32_PDL1_ALPHA_REPACK_v7_r001_warmstart_v7r001_00_complexa_beam_a42e8fc6f9a25/job_0_n_167_id_50_beam_orig2_bm3-s0to100br1-s100to200br0-s200to300br0-s300to400br2/job_0_n_167_id_50_beam_orig2_bm3-s0to100br1-s100to200br0-s200to300br0-s300to400br2.pdb,202,"2,0,13,16,19,16,19,14,11,3,10,18,19,19,6,18,7,15,2,12,16,9,6,4,11,13,14,19,6,11,5,10,3,10,0,0,10,9,19,18,17,6,12,6,3,11,2,9,9,5,13,19,8,7,6,6,3,10,11,19,5,8,15,15,18,1,5,1,0,1,10,10,11,3,5,10,15,10,7,2,0,0,10,5,9,16,3,19,11,10,5,3,0,7,19,18,1,4,12,9,15,18,7,7,0,3,18,11,1,9,16,19,11,19,2,0,12,10,2,3,18,10,5,16,19,19,6,11,3,15,5,6,2,13,5,10,0,9,2,6,7,19,1,10,7,18,15,5,5,3,0,0,2,0,19,13,5,15,10,19,2,1,11,19,9,16,10,0,0,0,0,0,0,0,0,0,0,0,0,0,0,0,0,0,0,0,0,0,0,0,0,0,0,0,0,0,0,0,0,0,0,0,0,0,0,0,0,0,0,0,0,0,0,0,0,0,0,0,0,0,0,0,0,0,0,0,0,0,0,0,0,0",-0.14119796,0.03925322,3.0,0.65528613,61.13108,0.7480577,1.0,0.7480577,0.12083515,0.65528613,0.0,0.0,0.65528613,0.0009817026,0.91721463,0.12083515,5.3013177,1.5807699,61.13108,-0.14119796,1.7684562,244.97421,0.56251454,0.56251454,1.0,244.97421,0.85811204,0.08278536,5.3013177,0.0009817026,0.7480577,0.03925322,0.0,1.5807699,1.7684562,0.56251454,0.14119796,0.0,0.7480577,0.14119796,0.89177066,0.56251454,1.0,0.65528613,lookahead,beam_orig2_bm3-s0to100br1-s100to200br0-s200to300br0-s300to400br2
/work/T-REX/external/Proteina-Complexa/inference/search_binder_local_pipeline_32_PDL1_ALPHA_REPACK_v7_r001_warmstart_v7r001_00_complexa_beam_a42e8fc6f9a25/job_0_n_175_id_50_beam_orig3_bm2-s0to100br1-s100to200br2-s200to300br1-s300to400br2/job_0_n_175_id_50_beam_orig3_bm2-s0to100br1-s100to200br2-s200to300br1-s300to400br2.pdb,203,"2,0,13,16,19,16,19,14,11,3,10,18,19,19,6,18,7,15,2,12,16,9,6,4,11,13,14,19,6,11,5,10,3,10,0,0,10,9,19,18,17,6,12,6,3,11,2,9,9,5,13,19,8,7,6,6,3,10,11,19,5,8,15,15,18,1,5,1,0,1,10,10,11,3,5,10,15,10,7,2,0,0,10,5,9,16,3,19,11,10,5,3,0,7,19,18,1,4,12,9,15,18,7,7,0,3,18,11,1,9,16,19,11,19,2,0,12,15,19,6,6,10,19,11,10,10,6,15,14,3,6,2,19,1,11,0,0,9,0,7,10,13,0,11,7,6,6,0,19,6,14,10,11,11,13,10,11,8,11,3,11,3,19,0,15,18,0,1,13,18,10,1,0,10,11,0,0,0,0,0,0,0,0,0,0,0,0,0,0,0,0,0,0,0,0,0,0,0,0,0,0,0,0,0,0,0,0,0,0,0,0,0,0,0,0,0,0,0,0,0,0,0,0,0,0,0,0,0,0,0,0,0",-0.17687151,0.066986576,3.0,0.4847896,104.206184,0.56412965,1.0,0.56412965,0.1477477,0.4847896,0.0,0.0,0.4847896,0.0017782864,0.8702081,0.1477477,5.387934,1.7857363,104.206184,-0.17687151,2.285523,247.53711,0.40544954,0.40544954,1.0,247.53711,0.7587114,0.12979192,5.387934,0.0017782864,0.56412965,0.066986576,0.0,1.7857363,2.285523,0.40544954,0.17687151,0.0,0.56412965,0.17687151,0.8544493,0.40544954,1.0,0.4847896,lookahead,beam_orig3_bm2-s0to100br1-s100to200br2-s200to300br1-s300to400br2
/work/T-REX/external/Proteina-Complexa/inference/search_binder_local_pipeline_32_PDL1_ALPHA_REPACK_v7_r001_warmstart_v7r001_00_complexa_beam_a42e8fc6f9a25/job_0_n_232_id_51_beam_orig0_bm0-s0to100br1-s100to200br3-s200to300br1-s300to400br3/job_0_n_232_id_51_beam_orig0_bm0-s0to100br1-s100to200br3-s200to300br1-s300to400br3.pdb,204,"2,0,13,16,19,16,19,14,11,3,10,18,19,19,6,18,7,15,2,12,16,9,6,4,11,13,14,19,6,11,5,10,3,10,0,0,10,9,19,18,17,6,12,6,3,11,2,9,9,5,13,19,8,7,6,6,3,10,11,19,5,8,15,15,18,1,5,1,0,1,10,10,11,3,5,10,15,10,7,2,0,0,10,5,9,16,3,19,11,10,5,3,0,7,19,18,1,4,12,9,15,18,7,7,0,3,18,11,1,9,16,19,11,19,2,0,2,0,13,16,19,16,19,14,11,3,10,18,19,19,6,18,7,15,2,12,16,9,6,4,11,13,14,19,6,11,5,10,3,10,0,0,10,9,19,18,17,6,12,6,3,11,2,9,9,5,13,19,8,7,6,6,3,10,11,19,5,8,15,15,18,1,5,1,0,1,10,10,11,3,5,10,15,10,7,2,0,0,10,5,9,16,3,19,11,10,5,3,0,7,19,18,1,4,12,9,15,18,7,7,0,3,18,11,1,9,16,19,11,19,2,0",-0.52599007,0.29474103,3.0,0.046439692,56.922737,0.04910753,1.0,0.04910753,0.3109198,0.012401099,0.0,0.0,0.046439692,0.0025075031,0.8596456,0.3109198,2.9691494,1.281546,56.922737,-0.52599007,3.8791792,199.51959,0.012064981,0.04377185,1.0,199.51959,0.2612067,0.14035442,2.9691494,0.0025075031,0.012737217,0.29474103,0.0,1.281546,3.8791792,0.012064981,0.52599007,0.0,0.012737217,0.52599007,0.58504665,0.04377185,1.0,0.012401099,lookahead,beam_orig0_bm0-s0to100br1-s100to200br3-s200to300br1-s300to400br3
/work/T-REX/external/Proteina-Complexa/inference/search_binder_local_pipeline_32_PDL1_ALPHA_REPACK_v7_r001_warmstart_v7r001_00_complexa_beam_a42e8fc6f9a25/job_0_n_229_id_51_beam_orig1_bm2-s0to100br3-s100to200br2-s200to300br3-s300to400br3/job_0_n_229_id_51_beam_orig1_bm2-s0to100br3-s100to200br2-s200to300br3-s300to400br3.pdb,205,"2,0,13,16,19,16,19,14,11,3,10,18,19,19,6,18,7,15,2,12,16,9,6,4,11,13,14,19,6,11,5,10,3,10,0,0,10,9,19,18,17,6,12,6,3,11,2,9,9,5,13,19,8,7,6,6,3,10,11,19,5,8,15,15,18,1,5,1,0,1,10,10,11,3,5,10,15,10,7,2,0,0,10,5,9,16,3,19,11,10,5,3,0,7,19,18,1,4,12,9,15,18,7,7,0,3,18,11,1,9,16,19,11,19,2,0,0,13,16,19,16,19,14,11,3,10,18,19,19,6,18,7,15,2,12,16,9,6,4,11,13,14,19,6,11,5,10,3,10,0,0,10,9,19,18,17,6,12,6,3,11,2,9,9,5,13,19,8,7,6,6,3,10,11,19,5,8,15,15,18,1,5,1,0,1,10,10,11,3,5,10,15,10,7,2,0,0,10,5,9,16,3,19,11,10,5,3,0,7,19,18,1,4,12,9,15,18,7,7,0,3,18,11,1,9,16,19,11,19,0,0,0",-0.50793946,0.27579957,3.0,0.05333461,46.6214,0.056124877,1.0,0.056124877,0.30154422,0.013224738,0.0,0.0,0.05333461,0.0017162034,0.8613278,0.30154422,1.7534888,1.262993,46.6214,-0.50793946,3.7905033,197.0418,0.013082443,0.050544344,1.0,197.0418,0.26963425,0.13867216,1.7534888,0.0017162034,0.013367034,0.27579957,0.0,1.262993,3.7905033,0.013082443,0.50793946,0.0,0.013367034,0.50793946,0.59219545,0.050544344,1.0,0.013224738,lookahead,beam_orig1_bm2-s0to100br3-s100to200br2-s200to300br3-s300to400br3
/work/T-REX/external/Proteina-Complexa/inference/search_binder_local_pipeline_32_PDL1_ALPHA_REPACK_v7_r001_warmstart_v7r001_00_complexa_beam_a42e8fc6f9a25/job_0_n_167_id_51_beam_orig2_bm3-s0to100br1-s100to200br0-s200to300br0-s300to400br3/job_0_n_167_id_51_beam_orig2_bm3-s0to100br1-s100to200br0-s200to300br0-s300to400br3.pdb,206,"2,0,13,16,19,16,19,14,11,3,10,18,19,19,6,18,7,15,2,12,16,9,6,4,11,13,14,19,6,11,5,10,3,10,0,0,10,9,19,18,17,6,12,6,3,11,2,9,9,5,13,19,8,7,6,6,3,10,11,19,5,8,15,15,18,1,5,1,0,1,10,10,11,3,5,10,15,10,7,2,0,0,10,5,9,16,3,19,11,10,5,3,0,7,19,18,1,4,12,9,15,18,7,7,0,3,18,11,1,9,16,19,11,19,2,0,12,10,2,3,18,10,5,16,19,19,6,11,3,15,5,6,2,13,5,10,0,9,2,6,7,19,1,10,7,18,15,5,5,3,0,0,2,0,19,13,5,15,10,19,2,1,11,19,9,16,10,0,0,0,0,0,0,0,0,0,0,0,0,0,0,0,0,0,0,0,0,0,0,0,0,0,0,0,0,0,0,0,0,0,0,0,0,0,0,0,0,0,0,0,0,0,0,0,0,0,0,0,0,0,0,0,0,0,0,0,0,0,0,0,0,0",-0.14060216,0.03889619,3.0,0.6561623,60.067566,0.7493766,1.0,0.7493766,0.120185465,0.6561623,0.0,0.0,0.6561623,0.0009575779,0.91836566,0.120185465,5.3740053,1.5702653,60.067566,-0.14060216,1.7655189,245.38435,0.56294805,0.56294805,1.0,245.38435,0.8583004,0.08163435,5.3740053,0.0009575779,0.7493766,0.03889619,0.0,1.5702653,1.7655189,0.56294805,0.14060216,0.0,0.7493766,0.14060216,0.8919331,0.56294805,1.0,0.6561623,lookahead,beam_orig2_bm3-s0to100br1-s100to200br0-s200to300br0-s300to400br3
/work/T-REX/external/Proteina-Complexa/inference/search_binder_local_pipeline_32_PDL1_ALPHA_REPACK_v7_r001_warmstart_v7r001_00_complexa_beam_a42e8fc6f9a25/job_0_n_175_id_51_beam_orig3_bm2-s0to100br1-s100to200br2-s200to300br1-s300to400br3/job_0_n_175_id_51_beam_orig3_bm2-s0to100br1-s100to200br2-s200to300br1-s300to400br3.pdb,207,"2,0,13,16,19,16,19,14,11,3,10,18,19,19,6,18,7,15,2,12,16,9,6,4,11,13,14,19,6,11,5,10,3,10,0,0,10,9,19,18,17,6,12,6,3,11,2,9,9,5,13,19,8,7,6,6,3,10,11,19,5,8,15,15,18,1,5,1,0,1,10,10,11,3,5,10,15,10,7,2,0,0,10,5,9,16,3,19,11,10,5,3,0,7,19,18,1,4,12,9,15,18,7,7,0,3,18,11,1,9,16,19,11,19,2,0,12,15,19,6,6,10,19,11,10,10,6,15,14,3,6,2,19,1,11,0,0,9,0,7,10,13,0,11,7,6,6,0,19,6,14,10,11,11,13,10,11,8,11,3,11,3,19,0,15,18,0,1,13,18,10,1,0,10,11,0,0,0,0,0,0,0,0,0,0,0,0,0,0,0,0,0,0,0,0,0,0,0,0,0,0,0,0,0,0,0,0,0,0,0,0,0,0,0,0,0,0,0,0,0,0,0,0,0,0,0,0,0,0,0,0,0",-0.17601593,0.06698019,3.0,0.48780134,103.76221,0.56467134,1.0,0.56467134,0.14716955,0.48780134,0.0,0.0,0.48780134,0.0017859744,0.87052304,0.14716955,5.266908,1.7871928,103.76221,-0.17601593,2.2797847,247.13907,0.41093135,0.41093135,1.0,247.13907,0.76027036,0.12947695,5.266908,0.0017859744,0.56467134,0.06698019,0.0,1.7871928,2.2797847,0.41093135,0.17601593,0.0,0.56467134,0.17601593,0.85495555,0.41093135,1.0,0.48780134,lookahead,beam_orig3_bm2-s0to100br1-s100to200br2-s200to300br1-s300to400br3
/work/T-REX/external/Proteina-Complexa/inference/search_binder_local_pipeline_32_PDL1_ALPHA_REPACK_v7_r001_warmstart_v7r001_00_complexa_beam_a42e8fc6f9a25/job_0_n_232_id_52_beam_orig0_bm0-s0to100br1-s100to200br3-s200to300br0-s300to400br0/job_0_n_232_id_52_beam_orig0_bm0-s0to100br1-s100to200br3-s200to300br0-s300to400br0.pdb,208,"2,0,13,16,19,16,19,14,11,3,10,18,19,19,6,18,7,15,2,12,16,9,6,4,11,13,14,19,6,11,5,10,3,10,0,0,10,9,19,18,17,6,12,6,3,11,2,9,9,5,13,19,8,7,6,6,3,10,11,19,5,8,15,15,18,1,5,1,0,1,10,10,11,3,5,10,15,10,7,2,0,0,10,5,9,16,3,19,11,10,5,3,0,7,19,18,1,4,12,9,15,18,7,7,0,3,18,11,1,9,16,19,11,19,2,0,2,0,13,16,19,16,19,14,11,3,10,18,19,19,6,18,7,15,2,12,16,9,6,4,11,13,14,19,6,11,5,10,3,10,0,0,10,9,19,18,17,6,12,6,3,11,2,9,9,5,13,19,8,7,6,6,3,10,11,19,5,8,15,15,18,1,5,1,0,1,10,10,11,3,5,10,15,10,7,2,0,0,10,5,9,16,3,19,11,10,5,3,0,7,19,18,1,4,12,9,15,18,7,7,0,3,18,11,1,9,16,19,11,19,2,0",-0.51339245,0.28488404,3.0,0.05207091,58.553066,0.05510505,1.0,0.05510505,0.30445832,0.012955723,0.0,0.0,0.05207091,0.0024887358,0.8600704,0.30445832,2.930277,1.2778662,58.553066,-0.51339245,3.8510385,196.06941,0.0126485275,0.049036767,1.0,196.06941,0.27213952,0.13992961,2.930277,0.0024887358,0.01326292,0.28488404,0.0,1.2778662,3.8510385,0.0126485275,0.51339245,0.0,0.01326292,0.51339245,0.59035265,0.049036767,1.0,0.012955723,lookahead,beam_orig0_bm0-s0to100br1-s100to200br3-s200to300br0-s300to400br0
/work/T-REX/external/Proteina-Complexa/inference/search_binder_local_pipeline_32_PDL1_ALPHA_REPACK_v7_r001_warmstart_v7r001_00_complexa_beam_a42e8fc6f9a25/job_0_n_229_id_52_beam_orig1_bm2-s0to100br1-s100to200br3-s200to300br3-s300to400br0/job_0_n_229_id_52_beam_orig1_bm2-s0to100br1-s100to200br3-s200to300br3-s300to400br0.pdb,209,"2,0,13,16,19,16,19,14,11,3,10,18,19,19,6,18,7,15,2,12,16,9,6,4,11,13,14,19,6,11,5,10,3,10,0,0,10,9,19,18,17,6,12,6,3,11,2,9,9,5,13,19,8,7,6,6,3,10,11,19,5,8,15,15,18,1,5,1,0,1,10,10,11,3,5,10,15,10,7,2,0,0,10,5,9,16,3,19,11,10,5,3,0,7,19,18,1,4,12,9,15,18,7,7,0,3,18,11,1,9,16,19,11,19,2,0,0,13,16,19,16,19,14,11,3,10,18,19,19,6,18,7,15,2,12,16,9,6,4,11,13,14,19,6,11,5,10,3,10,0,0,10,9,19,18,17,6,12,6,3,11,2,9,9,5,13,19,8,7,6,6,3,10,11,19,5,8,15,15,18,1,5,1,0,1,10,10,11,3,5,10,15,10,7,2,0,0,10,5,9,16,3,19,11,10,5,3,0,7,19,18,1,4,12,9,15,18,7,7,0,3,18,11,1,9,16,19,11,19,0,0,0",-0.52579117,0.2986956,3.0,0.044344082,50.756283,0.047545105,1.0,0.047545105,0.311001,0.012401573,0.0,0.0,0.044344082,0.0018314709,0.860851,0.311001,2.7013338,1.275177,50.756283,-0.52579117,3.8518836,202.2576,0.012079349,0.04114306,1.0,202.2576,0.26057,0.13914903,2.7013338,0.0018314709,0.012723797,0.2986956,0.0,1.275177,3.8518836,0.012079349,0.52579117,0.0,0.012723797,0.52579117,0.587857,0.04114306,1.0,0.012401573,lookahead,beam_orig1_bm2-s0to100br1-s100to200br3-s200to300br3-s300to400br0
/work/T-REX/external/Proteina-Complexa/inference/search_binder_local_pipeline_32_PDL1_ALPHA_REPACK_v7_r001_warmstart_v7r001_00_complexa_beam_a42e8fc6f9a25/job_0_n_167_id_52_beam_orig2_bm3-s0to100br1-s100to200br0-s200to300br1-s300to400br0/job_0_n_167_id_52_beam_orig2_bm3-s0to100br1-s100to200br0-s200to300br1-s300to400br0.pdb,210,"2,0,13,16,19,16,19,14,11,3,10,18,19,19,6,18,7,15,2,12,16,9,6,4,11,13,14,19,6,11,5,10,3,10,0,0,10,9,19,18,17,6,12,6,3,11,2,9,9,5,13,19,8,7,6,6,3,10,11,19,5,8,15,15,18,1,5,1,0,1,10,10,11,3,5,10,15,10,7,2,0,0,10,5,9,16,3,19,11,10,5,3,0,7,19,18,1,4,12,9,15,18,7,7,0,3,18,11,1,9,16,19,11,19,2,0,16,10,2,3,10,10,5,0,19,19,6,3,3,15,5,6,2,13,5,1,0,9,5,6,7,6,1,10,7,18,15,0,1,3,0,0,2,19,19,13,5,15,10,19,2,1,11,19,9,6,19,0,0,0,0,0,0,0,0,0,0,0,0,0,0,0,0,0,0,0,0,0,0,0,0,0,0,0,0,0,0,0,0,0,0,0,0,0,0,0,0,0,0,0,0,0,0,0,0,0,0,0,0,0,0,0,0,0,0,0,0,0,0,0,0,0",-0.15134545,0.044173893,3.0,0.59525555,59.097782,0.6885426,1.0,0.6885426,0.13012522,0.59525555,0.0,0.0,0.59525555,0.0009856189,0.89531386,0.13012522,5.0926924,1.7131809,59.097782,-0.15134545,1.94367,234.66763,0.5019685,0.5019685,1.0,234.66763,0.8295211,0.10468617,5.0926924,0.0009856189,0.6885426,0.044173893,0.0,1.7131809,1.94367,0.5019685,0.15134545,0.0,0.6885426,0.15134545,0.88182724,0.5019685,1.0,0.59525555,lookahead,beam_orig2_bm3-s0to100br1-s100to200br0-s200to300br1-s300to400br0
/work/T-REX/external/Proteina-Complexa/inference/search_binder_local_pipeline_32_PDL1_ALPHA_REPACK_v7_r001_warmstart_v7r001_00_complexa_beam_a42e8fc6f9a25/job_0_n_175_id_52_beam_orig3_bm1-s0to100br1-s100to200br1-s200to300br0-s300to400br0/job_0_n_175_id_52_beam_orig3_bm1-s0to100br1-s100to200br1-s200to300br0-s300to400br0.pdb,211,"2,0,13,16,19,16,19,14,11,3,10,18,19,19,6,18,7,15,2,12,16,9,6,4,11,13,14,19,6,11,5,10,3,10,0,0,10,9,19,18,17,6,12,6,3,11,2,9,9,5,13,19,8,7,6,6,3,10,11,19,5,8,15,15,18,1,5,1,0,1,10,10,11,3,5,10,15,10,7,2,0,0,10,5,9,16,3,19,11,10,5,3,0,7,19,18,1,4,12,9,15,18,7,7,0,3,18,11,1,9,16,19,11,19,2,0,0,5,11,9,11,15,10,6,9,10,13,6,9,15,9,10,3,13,9,11,0,10,6,1,2,11,7,15,19,0,0,16,0,0,6,10,7,9,14,1,2,11,0,9,3,9,10,11,12,10,6,11,6,7,9,14,19,14,16,0,0,0,0,0,0,0,0,0,0,0,0,0,0,0,0,0,0,0,0,0,0,0,0,0,0,0,0,0,0,0,0,0,0,0,0,0,0,0,0,0,0,0,0,0,0,0,0,0,0,0,0,0,0,0,0,0",-0.18414642,0.06927666,3.0,0.4425675,29.803413,0.5091549,1.0,0.5091549,0.15023243,0.4425675,0.0,0.0,0.4425675,0.0025813328,0.9105235,0.15023243,1.2523532,1.5640167,29.803413,-0.18414642,2.3431242,147.95035,0.37598008,0.37598008,1.0,147.95035,0.7580043,0.08947652,1.2523532,0.0025813328,0.5091549,0.06927666,0.0,1.5640167,2.3431242,0.37598008,0.18414642,0.0,0.5091549,0.18414642,0.85940313,0.37598008,1.0,0.4425675,lookahead,beam_orig3_bm1-s0to100br1-s100to200br1-s200to300br0-s300to400br0
/work/T-REX/external/Proteina-Complexa/inference/search_binder_local_pipeline_32_PDL1_ALPHA_REPACK_v7_r001_warmstart_v7r001_00_complexa_beam_a42e8fc6f9a25/job_0_n_232_id_53_beam_orig0_bm0-s0to100br1-s100to200br3-s200to300br0-s300to400br1/job_0_n_232_id_53_beam_orig0_bm0-s0to100br1-s100to200br3-s200to300br0-s300to400br1.pdb,212,"2,0,13,16,19,16,19,14,11,3,10,18,19,19,6,18,7,15,2,12,16,9,6,4,11,13,14,19,6,11,5,10,3,10,0,0,10,9,19,18,17,6,12,6,3,11,2,9,9,5,13,19,8,7,6,6,3,10,11,19,5,8,15,15,18,1,5,1,0,1,10,10,11,3,5,10,15,10,7,2,0,0,10,5,9,16,3,19,11,10,5,3,0,7,19,18,1,4,12,9,15,18,7,7,0,3,18,11,1,9,16,19,11,19,2,0,2,0,13,16,19,16,19,14,11,3,10,18,19,19,6,18,7,15,2,12,16,9,6,4,11,13,14,19,6,11,5,10,3,10,0,0,10,9,19,18,17,6,12,6,3,11,2,9,9,5,13,19,8,7,6,6,3,10,11,19,5,8,15,15,18,1,5,1,0,1,10,10,11,3,5,10,15,10,7,2,0,0,10,5,9,16,3,19,11,10,5,3,0,7,19,18,1,4,12,9,15,18,7,7,0,3,18,11,1,9,16,19,11,19,2,0",-0.5169281,0.2874741,3.0,0.050337426,57.486023,0.0533206,1.0,0.0533206,0.30614647,0.012928282,0.0,0.0,0.050337426,0.0024134547,0.86002195,0.30614647,2.828749,1.2770636,57.486023,-0.5169281,3.8607168,196.03865,0.0124334935,0.04735425,1.0,196.03865,0.26791832,0.13997805,2.828749,0.0024134547,0.01342307,0.2874741,0.0,1.2770636,3.8607168,0.0124334935,0.5169281,0.0,0.01342307,0.5169281,0.5887345,0.04735425,1.0,0.012928282,lookahead,beam_orig0_bm0-s0to100br1-s100to200br3-s200to300br0-s300to400br1
/work/T-REX/external/Proteina-Complexa/inference/search_binder_local_pipeline_32_PDL1_ALPHA_REPACK_v7_r001_warmstart_v7r001_00_complexa_beam_a42e8fc6f9a25/job_0_n_229_id_53_beam_orig1_bm2-s0to100br1-s100to200br3-s200to300br3-s300to400br1/job_0_n_229_id_53_beam_orig1_bm2-s0to100br1-s100to200br3-s200to300br3-s300to400br1.pdb,213,"2,0,13,16,19,16,19,14,11,3,10,18,19,19,6,18,7,15,2,12,16,9,6,4,11,13,14,19,6,11,5,10,3,10,0,0,10,9,19,18,17,6,12,6,3,11,2,9,9,5,13,19,8,7,6,6,3,10,11,19,5,8,15,15,18,1,5,1,0,1,10,10,11,3,5,10,15,10,7,2,0,0,10,5,9,16,3,19,11,10,5,3,0,7,19,18,1,4,12,9,15,18,7,7,0,3,18,11,1,9,16,19,11,19,2,0,0,13,16,19,16,19,14,11,3,10,18,19,19,6,18,7,15,2,12,16,9,6,4,11,13,14,19,6,11,5,10,3,10,0,0,10,9,19,18,17,6,12,6,3,11,2,9,9,5,13,19,8,7,6,6,3,10,11,19,5,8,15,15,18,1,5,1,0,1,10,10,11,3,5,10,15,10,7,2,0,0,10,5,9,16,3,19,11,10,5,3,0,7,19,18,1,4,12,9,15,18,7,7,0,3,18,11,1,9,16,19,11,19,0,0,0",-0.5175415,0.28963226,3.0,0.048473537,48.115795,0.050866228,1.0,0.050866228,0.30650672,0.012693243,0.0,0.0,0.048473537,0.0017760549,0.8612966,0.30650672,2.3619862,1.2667006,48.115795,-0.5175415,3.8300397,201.64728,0.01245825,0.046080843,1.0,201.64728,0.26558402,0.13870342,2.3619862,0.0017760549,0.012928235,0.28963226,0.0,1.2667006,3.8300397,0.01245825,0.5175415,0.0,0.012928235,0.5175415,0.59013027,0.046080843,1.0,0.012693243,lookahead,beam_orig1_bm2-s0to100br1-s100to200br3-s200to300br3-s300to400br1
/work/T-REX/external/Proteina-Complexa/inference/search_binder_local_pipeline_32_PDL1_ALPHA_REPACK_v7_r001_warmstart_v7r001_00_complexa_beam_a42e8fc6f9a25/job_0_n_167_id_53_beam_orig2_bm3-s0to100br1-s100to200br0-s200to300br1-s300to400br1/job_0_n_167_id_53_beam_orig2_bm3-s0to100br1-s100to200br0-s200to300br1-s300to400br1.pdb,214,"2,0,13,16,19,16,19,14,11,3,10,18,19,19,6,18,7,15,2,12,16,9,6,4,11,13,14,19,6,11,5,10,3,10,0,0,10,9,19,18,17,6,12,6,3,11,2,9,9,5,13,19,8,7,6,6,3,10,11,19,5,8,15,15,18,1,5,1,0,1,10,10,11,3,5,10,15,10,7,2,0,0,10,5,9,16,3,19,11,10,5,3,0,7,19,18,1,4,12,9,15,18,7,7,0,3,18,11,1,9,16,19,11,19,2,0,16,10,2,3,10,10,5,0,19,19,6,3,3,15,5,6,2,13,5,1,0,9,5,6,7,6,1,10,7,18,15,0,1,3,0,0,2,19,19,13,5,15,10,19,2,1,11,19,9,6,19,0,0,0,0,0,0,0,0,0,0,0,0,0,0,0,0,0,0,0,0,0,0,0,0,0,0,0,0,0,0,0,0,0,0,0,0,0,0,0,0,0,0,0,0,0,0,0,0,0,0,0,0,0,0,0,0,0,0,0,0,0,0,0,0,0",-0.15164933,0.043996446,3.0,0.5938183,60.888836,0.68769324,1.0,0.68769324,0.13038148,0.5938183,0.0,0.0,0.5938183,0.0009624409,0.8948933,0.13038148,5.0917206,1.7199494,60.888836,-0.15164933,1.9473969,234.83675,0.4999434,0.4999434,1.0,234.83675,0.828599,0.10510674,5.0917206,0.0009624409,0.68769324,0.043996446,0.0,1.7199494,1.9473969,0.4999434,0.15164933,0.0,0.68769324,0.15164933,0.8812007,0.4999434,1.0,0.5938183,lookahead,beam_orig2_bm3-s0to100br1-s100to200br0-s200to300br1-s300to400br1
/work/T-REX/external/Proteina-Complexa/inference/search_binder_local_pipeline_32_PDL1_ALPHA_REPACK_v7_r001_warmstart_v7r001_00_complexa_beam_a42e8fc6f9a25/job_0_n_175_id_53_beam_orig3_bm1-s0to100br1-s100to200br1-s200to300br0-s300to400br1/job_0_n_175_id_53_beam_orig3_bm1-s0to100br1-s100to200br1-s200to300br0-s300to400br1.pdb,215,"2,0,13,16,19,16,19,14,11,3,10,18,19,19,6,18,7,15,2,12,16,9,6,4,11,13,14,19,6,11,5,10,3,10,0,0,10,9,19,18,17,6,12,6,3,11,2,9,9,5,13,19,8,7,6,6,3,10,11,19,5,8,15,15,18,1,5,1,0,1,10,10,11,3,5,10,15,10,7,2,0,0,10,5,9,16,3,19,11,10,5,3,0,7,19,18,1,4,12,9,15,18,7,7,0,3,18,11,1,9,16,19,11,19,2,0,0,5,11,9,11,15,10,6,9,10,13,6,9,15,9,10,3,13,9,11,0,10,6,1,2,11,7,15,19,0,0,16,0,0,6,10,7,9,14,1,2,11,0,9,3,9,10,11,12,10,6,11,6,7,9,14,19,14,16,0,0,0,0,0,0,0,0,0,0,0,0,0,0,0,0,0,0,0,0,0,0,0,0,0,0,0,0,0,0,0,0,0,0,0,0,0,0,0,0,0,0,0,0,0,0,0,0,0,0,0,0,0,0,0,0,0",-0.18357728,0.0693652,3.0,0.44811034,29.109089,0.5164822,1.0,0.5164822,0.14967762,0.44811034,0.0,0.0,0.44811034,0.0026705507,0.91081274,0.14967762,1.2579677,1.5638653,29.109089,-0.18357728,2.3363156,147.26778,0.3797385,0.3797385,1.0,147.26778,0.75980353,0.08918726,1.2579677,0.0026705507,0.5164822,0.0693652,0.0,1.5638653,2.3363156,0.3797385,0.18357728,0.0,0.5164822,0.18357728,0.85984075,0.3797385,1.0,0.44811034,lookahead,beam_orig3_bm1-s0to100br1-s100to200br1-s200to300br0-s300to400br1
/work/T-REX/external/Proteina-Complexa/inference/search_binder_local_pipeline_32_PDL1_ALPHA_REPACK_v7_r001_warmstart_v7r001_00_complexa_beam_a42e8fc6f9a25/job_0_n_232_id_54_beam_orig0_bm0-s0to100br1-s100to200br3-s200to300br0-s300to400br2/job_0_n_232_id_54_beam_orig0_bm0-s0to100br1-s100to200br3-s200to300br0-s300to400br2.pdb,216,"2,0,13,16,19,16,19,14,11,3,10,18,19,19,6,18,7,15,2,12,16,9,6,4,11,13,14,19,6,11,5,10,3,10,0,0,10,9,19,18,17,6,12,6,3,11,2,9,9,5,13,19,8,7,6,6,3,10,11,19,5,8,15,15,18,1,5,1,0,1,10,10,11,3,5,10,15,10,7,2,0,0,10,5,9,16,3,19,11,10,5,3,0,7,19,18,1,4,12,9,15,18,7,7,0,3,18,11,1,9,16,19,11,19,2,0,2,0,13,16,19,16,19,14,11,3,10,18,19,19,6,18,7,15,2,12,16,9,6,4,11,13,14,19,6,11,5,10,3,10,0,0,10,9,19,18,17,6,12,6,3,11,2,9,9,5,13,19,8,7,6,6,3,10,11,19,5,8,15,15,18,1,5,1,0,1,10,10,11,3,5,10,15,10,7,2,0,0,10,5,9,16,3,19,11,10,5,3,0,7,19,18,1,4,12,9,15,18,7,7,0,3,18,11,1,9,16,19,11,19,2,0",-0.5257065,0.29414362,3.0,0.04574179,55.455326,0.04844112,1.0,0.04844112,0.31070638,0.012450524,0.0,0.0,0.04574179,0.002500406,0.8594533,0.31070638,2.8619518,1.2799661,55.455326,-0.5257065,3.8804197,198.38487,0.01206027,0.043042462,1.0,198.38487,0.26068464,0.14054668,2.8619518,0.002500406,0.012840777,0.29414362,0.0,1.2799661,3.8804197,0.01206027,0.5257065,0.0,0.012840777,0.5257065,0.58454704,0.043042462,1.0,0.012450524,lookahead,beam_orig0_bm0-s0to100br1-s100to200br3-s200to300br0-s300to400br2
/work/T-REX/external/Proteina-Complexa/inference/search_binder_local_pipeline_32_PDL1_ALPHA_REPACK_v7_r001_warmstart_v7r001_00_complexa_beam_a42e8fc6f9a25/job_0_n_229_id_54_beam_orig1_bm2-s0to100br1-s100to200br3-s200to300br3-s300to400br2/job_0_n_229_id_54_beam_orig1_bm2-s0to100br1-s100to200br3-s200to300br3-s300to400br2.pdb,217,"2,0,13,16,19,16,19,14,11,3,10,18,19,19,6,18,7,15,2,12,16,9,6,4,11,13,14,19,6,11,5,10,3,10,0,0,10,9,19,18,17,6,12,6,3,11,2,9,9,5,13,19,8,7,6,6,3,10,11,19,5,8,15,15,18,1,5,1,0,1,10,10,11,3,5,10,15,10,7,2,0,0,10,5,9,16,3,19,11,10,5,3,0,7,19,18,1,4,12,9,15,18,7,7,0,3,18,11,1,9,16,19,11,19,2,0,0,13,16,19,16,19,14,11,3,10,18,19,19,6,18,7,15,2,12,16,9,6,4,11,13,14,19,6,11,5,10,3,10,0,0,10,9,19,18,17,6,12,6,3,11,2,9,9,5,13,19,8,7,6,6,3,10,11,19,5,8,15,15,18,1,5,1,0,1,10,10,11,3,5,10,15,10,7,2,0,0,10,5,9,16,3,19,11,10,5,3,0,7,19,18,1,4,12,9,15,18,7,7,0,3,18,11,1,9,16,19,11,19,0,0,0",-0.5262667,0.29889858,3.0,0.044476517,50.285526,0.047669284,1.0,0.047669284,0.3113251,0.012380367,0.0,0.0,0.044476517,0.0018367873,0.86065906,0.3113251,2.5466237,1.2756275,50.285526,-0.5262667,3.8540432,202.9775,0.012047808,0.041283745,1.0,202.9775,0.25959405,0.13934095,2.5466237,0.0018367873,0.012712928,0.29889858,0.0,1.2756275,3.8540432,0.012047808,0.5262667,0.0,0.012712928,0.5262667,0.5873159,0.041283745,1.0,0.012380367,lookahead,beam_orig1_bm2-s0to100br1-s100to200br3-s200to300br3-s300to400br2
/work/T-REX/external/Proteina-Complexa/inference/search_binder_local_pipeline_32_PDL1_ALPHA_REPACK_v7_r001_warmstart_v7r001_00_complexa_beam_a42e8fc6f9a25/job_0_n_167_id_54_beam_orig2_bm3-s0to100br1-s100to200br0-s200to300br1-s300to400br2/job_0_n_167_id_54_beam_orig2_bm3-s0to100br1-s100to200br0-s200to300br1-s300to400br2.pdb,218,"2,0,13,16,19,16,19,14,11,3,10,18,19,19,6,18,7,15,2,12,16,9,6,4,11,13,14,19,6,11,5,10,3,10,0,0,10,9,19,18,17,6,12,6,3,11,2,9,9,5,13,19,8,7,6,6,3,10,11,19,5,8,15,15,18,1,5,1,0,1,10,10,11,3,5,10,15,10,7,2,0,0,10,5,9,16,3,19,11,10,5,3,0,7,19,18,1,4,12,9,15,18,7,7,0,3,18,11,1,9,16,19,11,19,2,0,16,10,2,3,10,10,5,0,19,19,6,3,3,15,5,6,2,13,5,1,0,9,5,6,7,6,1,10,7,18,15,0,1,3,0,0,2,19,19,13,5,15,10,19,2,1,11,19,9,6,19,0,0,0,0,0,0,0,0,0,0,0,0,0,0,0,0,0,0,0,0,0,0,0,0,0,0,0,0,0,0,0,0,0,0,0,0,0,0,0,0,0,0,0,0,0,0,0,0,0,0,0,0,0,0,0,0,0,0,0,0,0,0,0,0,0",-0.14933328,0.043287817,3.0,0.6021653,60.850353,0.69506794,1.0,0.69506794,0.12833215,0.6021653,0.0,0.0,0.6021653,0.0009386236,0.8981775,0.12833215,5.101872,1.7002583,60.850353,-0.14933328,1.9267535,236.80731,0.5092626,0.5092626,1.0,236.80731,0.83261,0.10182252,5.101872,0.0009386236,0.69506794,0.043287817,0.0,1.7002583,1.9267535,0.5092626,0.14933328,0.0,0.69506794,0.14933328,0.88290393,0.5092626,1.0,0.6021653,lookahead,beam_orig2_bm3-s0to100br1-s100to200br0-s200to300br1-s300to400br2
/work/T-REX/external/Proteina-Complexa/inference/search_binder_local_pipeline_32_PDL1_ALPHA_REPACK_v7_r001_warmstart_v7r001_00_complexa_beam_a42e8fc6f9a25/job_0_n_175_id_54_beam_orig3_bm1-s0to100br1-s100to200br1-s200to300br0-s300to400br2/job_0_n_175_id_54_beam_orig3_bm1-s0to100br1-s100to200br1-s200to300br0-s300to400br2.pdb,219,"2,0,13,16,19,16,19,14,11,3,10,18,19,19,6,18,7,15,2,12,16,9,6,4,11,13,14,19,6,11,5,10,3,10,0,0,10,9,19,18,17,6,12,6,3,11,2,9,9,5,13,19,8,7,6,6,3,10,11,19,5,8,15,15,18,1,5,1,0,1,10,10,11,3,5,10,15,10,7,2,0,0,10,5,9,16,3,19,11,10,5,3,0,7,19,18,1,4,12,9,15,18,7,7,0,3,18,11,1,9,16,19,11,19,2,0,0,5,11,9,11,15,10,6,9,10,13,6,9,15,9,10,3,13,9,11,0,10,6,1,2,11,7,15,19,0,0,16,0,0,6,10,7,9,14,1,2,11,0,9,3,9,10,11,12,10,6,11,6,7,9,14,19,14,16,0,0,0,0,0,0,0,0,0,0,0,0,0,0,0,0,0,0,0,0,0,0,0,0,0,0,0,0,0,0,0,0,0,0,0,0,0,0,0,0,0,0,0,0,0,0,0,0,0,0,0,0,0,0,0,0,0",-0.182479,0.068624526,3.0,0.44999558,27.996933,0.5173368,1.0,0.5173368,0.14888401,0.44999558,0.0,0.0,0.44999558,0.0025871436,0.91146,0.14888401,1.2384045,1.5597644,27.996933,-0.182479,2.3293018,145.91603,0.38265434,0.38265434,1.0,145.91603,0.7614204,0.08854002,1.2384045,0.0025871436,0.5173368,0.068624526,0.0,1.5597644,2.3293018,0.38265434,0.182479,0.0,0.5173368,0.182479,0.86076653,0.38265434,1.0,0.44999558,lookahead,beam_orig3_bm1-s0to100br1-s100to200br1-s200to300br0-s300to400br2
/work/T-REX/external/Proteina-Complexa/inference/search_binder_local_pipeline_32_PDL1_ALPHA_REPACK_v7_r001_warmstart_v7r001_00_complexa_beam_a42e8fc6f9a25/job_0_n_232_id_55_beam_orig0_bm0-s0to100br1-s100to200br3-s200to300br0-s300to400br3/job_0_n_232_id_55_beam_orig0_bm0-s0to100br1-s100to200br3-s200to300br0-s300to400br3.pdb,220,"2,0,13,16,19,16,19,14,11,3,10,18,19,19,6,18,7,15,2,12,16,9,6,4,11,13,14,19,6,11,5,10,3,10,0,0,10,9,19,18,17,6,12,6,3,11,2,9,9,5,13,19,8,7,6,6,3,10,11,19,5,8,15,15,18,1,5,1,0,1,10,10,11,3,5,10,15,10,7,2,0,0,10,5,9,16,3,19,11,10,5,3,0,7,19,18,1,4,12,9,15,18,7,7,0,3,18,11,1,9,16,19,11,19,2,0,2,0,13,16,19,16,19,14,11,3,10,18,19,19,6,18,7,15,2,12,16,9,6,4,11,13,14,19,6,11,5,10,3,10,0,0,10,9,19,18,17,6,12,6,3,11,2,9,9,5,13,19,8,7,6,6,3,10,11,19,5,8,15,15,18,1,5,1,0,1,10,10,11,3,5,10,15,10,7,2,0,0,10,5,9,16,3,19,11,10,5,3,0,7,19,18,1,4,12,9,15,18,7,7,0,3,18,11,1,9,16,19,11,19,2,0",-0.50742203,0.27270955,3.0,0.054754242,49.446175,0.05724588,1.0,0.05724588,0.3010936,0.01350373,0.0,0.0,0.054754242,0.0024213553,0.8603127,0.3010936,1.9558281,1.2714119,49.446175,-0.50742203,3.8157544,196.2038,0.013093341,0.0522626,1.0,196.2038,0.27008986,0.13968733,1.9558281,0.0024213553,0.0139141185,0.27270955,0.0,1.2714119,3.8157544,0.013093341,0.50742203,0.0,0.0139141185,0.50742203,0.58907336,0.0522626,1.0,0.01350373,lookahead,beam_orig0_bm0-s0to100br1-s100to200br3-s200to300br0-s300to400br3
/work/T-REX/external/Proteina-Complexa/inference/search_binder_local_pipeline_32_PDL1_ALPHA_REPACK_v7_r001_warmstart_v7r001_00_complexa_beam_a42e8fc6f9a25/job_0_n_229_id_55_beam_orig1_bm2-s0to100br1-s100to200br3-s200to300br3-s300to400br3/job_0_n_229_id_55_beam_orig1_bm2-s0to100br1-s100to200br3-s200to300br3-s300to400br3.pdb,221,"2,0,13,16,19,16,19,14,11,3,10,18,19,19,6,18,7,15,2,12,16,9,6,4,11,13,14,19,6,11,5,10,3,10,0,0,10,9,19,18,17,6,12,6,3,11,2,9,9,5,13,19,8,7,6,6,3,10,11,19,5,8,15,15,18,1,5,1,0,1,10,10,11,3,5,10,15,10,7,2,0,0,10,5,9,16,3,19,11,10,5,3,0,7,19,18,1,4,12,9,15,18,7,7,0,3,18,11,1,9,16,19,11,19,2,0,0,13,16,19,16,19,14,11,3,10,18,19,19,6,18,7,15,2,12,16,9,6,4,11,13,14,19,6,11,5,10,3,10,0,0,10,9,19,18,17,6,12,6,3,11,2,9,9,5,13,19,8,7,6,6,3,10,11,19,5,8,15,15,18,1,5,1,0,1,10,10,11,3,5,10,15,10,7,2,0,0,10,5,9,16,3,19,11,10,5,3,0,7,19,18,1,4,12,9,15,18,7,7,0,3,18,11,1,9,16,19,11,19,0,0,0",-0.5265503,0.29791972,3.0,0.044280455,50.619816,0.04753978,1.0,0.04753978,0.31129152,0.012338689,0.0,0.0,0.044280455,0.0018026343,0.8612493,0.31129152,2.7319646,1.2731968,50.619816,-0.5265503,3.8526685,202.47784,0.012063989,0.041021127,1.0,202.47784,0.2610376,0.13875067,2.7319646,0.0018026343,0.012613388,0.29791972,0.0,1.2731968,3.8526685,0.012063989,0.5265503,0.0,0.012613388,0.5265503,0.58784467,0.041021127,1.0,0.012338689,lookahead,beam_orig1_bm2-s0to100br1-s100to200br3-s200to300br3-s300to400br3
/work/T-REX/external/Proteina-Complexa/inference/search_binder_local_pipeline_32_PDL1_ALPHA_REPACK_v7_r001_warmstart_v7r001_00_complexa_beam_a42e8fc6f9a25/job_0_n_167_id_55_beam_orig2_bm3-s0to100br1-s100to200br0-s200to300br1-s300to400br3/job_0_n_167_id_55_beam_orig2_bm3-s0to100br1-s100to200br0-s200to300br1-s300to400br3.pdb,222,"2,0,13,16,19,16,19,14,11,3,10,18,19,19,6,18,7,15,2,12,16,9,6,4,11,13,14,19,6,11,5,10,3,10,0,0,10,9,19,18,17,6,12,6,3,11,2,9,9,5,13,19,8,7,6,6,3,10,11,19,5,8,15,15,18,1,5,1,0,1,10,10,11,3,5,10,15,10,7,2,0,0,10,5,9,16,3,19,11,10,5,3,0,7,19,18,1,4,12,9,15,18,7,7,0,3,18,11,1,9,16,19,11,19,2,0,16,10,2,3,10,10,5,0,19,19,6,3,3,15,5,6,2,13,5,1,0,9,5,6,7,6,1,10,7,18,15,0,1,3,0,0,2,19,19,13,5,15,10,19,2,1,11,19,9,6,19,0,0,0,0,0,0,0,0,0,0,0,0,0,0,0,0,0,0,0,0,0,0,0,0,0,0,0,0,0,0,0,0,0,0,0,0,0,0,0,0,0,0,0,0,0,0,0,0,0,0,0,0,0,0,0,0,0,0,0,0,0,0,0,0,0",-0.15012659,0.04356025,3.0,0.5992701,60.81904,0.6927776,1.0,0.6927776,0.12911014,0.5992701,0.0,0.0,0.5992701,0.0009432108,0.89692986,0.12911014,5.082221,1.7079489,60.81904,-0.15012659,1.9329063,236.35008,0.5057627,0.5057627,1.0,236.35008,0.83113295,0.10307015,5.082221,0.0009432108,0.6927776,0.04356025,0.0,1.7079489,1.9329063,0.5057627,0.15012659,0.0,0.6927776,0.15012659,0.882151,0.5057627,1.0,0.5992701,lookahead,beam_orig2_bm3-s0to100br1-s100to200br0-s200to300br1-s300to400br3
/work/T-REX/external/Proteina-Complexa/inference/search_binder_local_pipeline_32_PDL1_ALPHA_REPACK_v7_r001_warmstart_v7r001_00_complexa_beam_a42e8fc6f9a25/job_0_n_175_id_55_beam_orig3_bm1-s0to100br1-s100to200br1-s200to300br0-s300to400br3/job_0_n_175_id_55_beam_orig3_bm1-s0to100br1-s100to200br1-s200to300br0-s300to400br3.pdb,223,"2,0,13,16,19,16,19,14,11,3,10,18,19,19,6,18,7,15,2,12,16,9,6,4,11,13,14,19,6,11,5,10,3,10,0,0,10,9,19,18,17,6,12,6,3,11,2,9,9,5,13,19,8,7,6,6,3,10,11,19,5,8,15,15,18,1,5,1,0,1,10,10,11,3,5,10,15,10,7,2,0,0,10,5,9,16,3,19,11,10,5,3,0,7,19,18,1,4,12,9,15,18,7,7,0,3,18,11,1,9,16,19,11,19,2,0,0,5,11,9,11,15,10,6,9,10,13,6,9,15,9,10,3,13,9,11,0,10,6,1,2,11,7,15,19,0,0,16,0,0,6,10,7,9,14,1,2,11,0,9,3,9,10,11,12,10,6,11,6,7,9,14,19,14,16,0,0,0,0,0,0,0,0,0,0,0,0,0,0,0,0,0,0,0,0,0,0,0,0,0,0,0,0,0,0,0,0,0,0,0,0,0,0,0,0,0,0,0,0,0,0,0,0,0,0,0,0,0,0,0,0,0",-0.18143828,0.06806968,3.0,0.45262086,29.853302,0.52069485,1.0,0.52069485,0.1482115,0.45262086,0.0,0.0,0.45262086,0.002596923,0.9117828,0.1482115,1.2545202,1.5558199,29.853302,-0.18143828,2.3213165,146.97289,0.3845469,0.3845469,1.0,146.97289,0.7629105,0.08821719,1.2545202,0.002596923,0.52069485,0.06806968,0.0,1.5558199,2.3213165,0.3845469,0.18143828,0.0,0.52069485,0.18143828,0.86152756,0.3845469,1.0,0.45262086,lookahead,beam_orig3_bm1-s0to100br1-s100to200br1-s200to300br0-s300to400br3
/work/T-REX/external/Proteina-Complexa/inference/search_binder_local_pipeline_32_PDL1_ALPHA_REPACK_v7_r001_warmstart_v7r001_00_complexa_beam_a42e8fc6f9a25/job_0_n_232_id_56_beam_orig0_bm0-s0to100br1-s100to200br3-s200to300br3-s300to400br0/job_0_n_232_id_56_beam_orig0_bm0-s0to100br1-s100to200br3-s200to300br3-s300to400br0.pdb,224,"2,0,13,16,19,16,19,14,11,3,10,18,19,19,6,18,7,15,2,12,16,9,6,4,11,13,14,19,6,11,5,10,3,10,0,0,10,9,19,18,17,6,12,6,3,11,2,9,9,5,13,19,8,7,6,6,3,10,11,19,5,8,15,15,18,1,5,1,0,1,10,10,11,3,5,10,15,10,7,2,0,0,10,5,9,16,3,19,11,10,5,3,0,7,19,18,1,4,12,9,15,18,7,7,0,3,18,11,1,9,16,19,11,19,2,0,2,0,13,16,19,16,19,14,11,3,10,18,19,19,6,18,7,15,2,12,16,9,6,4,11,13,14,19,6,11,5,10,3,10,0,0,10,9,19,18,17,6,12,6,3,11,2,9,9,5,13,19,8,7,6,6,3,10,11,19,5,8,15,15,18,1,5,1,0,1,10,10,11,3,5,10,15,10,7,2,0,0,10,5,9,16,3,19,11,10,5,3,0,7,19,18,1,4,12,9,15,18,7,7,0,3,18,11,1,9,16,19,11,19,2,0",-0.52150196,0.29269016,3.0,0.04898271,54.715946,0.05239506,1.0,0.05239506,0.30848548,0.012617765,0.0,0.0,0.04898271,0.0024346972,0.85990995,0.30848548,2.8831394,1.27743,54.715946,-0.52150196,3.8710828,199.31956,0.012269825,0.04557036,1.0,199.31956,0.2649368,0.14009005,2.8831394,0.0024346972,0.012965704,0.29269016,0.0,1.27743,3.8710828,0.012269825,0.52150196,0.0,0.012965704,0.52150196,0.586825,0.04557036,1.0,0.012617765,lookahead,beam_orig0_bm0-s0to100br1-s100to200br3-s200to300br3-s300to400br0
/work/T-REX/external/Proteina-Complexa/inference/search_binder_local_pipeline_32_PDL1_ALPHA_REPACK_v7_r001_warmstart_v7r001_00_complexa_beam_a42e8fc6f9a25/job_0_n_229_id_56_beam_orig1_bm2-s0to100br1-s100to200br0-s200to300br1-s300to400br0/job_0_n_229_id_56_beam_orig1_bm2-s0to100br1-s100to200br0-s200to300br1-s300to400br0.pdb,225,"2,0,13,16,19,16,19,14,11,3,10,18,19,19,6,18,7,15,2,12,16,9,6,4,11,13,14,19,6,11,5,10,3,10,0,0,10,9,19,18,17,6,12,6,3,11,2,9,9,5,13,19,8,7,6,6,3,10,11,19,5,8,15,15,18,1,5,1,0,1,10,10,11,3,5,10,15,10,7,2,0,0,10,5,9,16,3,19,11,10,5,3,0,7,19,18,1,4,12,9,15,18,7,7,0,3,18,11,1,9,16,19,11,19,2,0,0,13,16,19,16,19,14,11,3,10,18,19,19,6,18,7,15,2,12,16,9,6,4,11,13,14,19,6,11,5,10,3,10,0,0,10,9,19,18,17,6,12,6,3,11,2,9,9,5,13,19,8,7,6,6,3,10,11,19,5,8,15,15,18,1,5,1,0,1,10,10,11,3,5,10,15,10,7,2,0,0,10,5,9,16,3,19,11,10,5,3,0,7,19,18,1,4,12,9,15,18,7,7,0,3,18,11,1,9,16,19,11,19,0,0,0",-0.5223443,0.29367238,3.0,0.047043152,47.965084,0.049041677,1.0,0.049041677,0.3089243,0.012555009,0.0,0.0,0.047043152,0.0018000855,0.8614698,0.3089243,2.712908,1.2671713,47.965084,-0.5223443,3.8420653,198.43631,0.012231695,0.04504463,1.0,198.43631,0.26276976,0.13853018,2.712908,0.0018000855,0.012878322,0.29367238,0.0,1.2671713,3.8420653,0.012231695,0.5223443,0.0,0.012878322,0.5223443,0.5887867,0.04504463,1.0,0.012555009,lookahead,beam_orig1_bm2-s0to100br1-s100to200br0-s200to300br1-s300to400br0
/work/T-REX/external/Proteina-Complexa/inference/search_binder_local_pipeline_32_PDL1_ALPHA_REPACK_v7_r001_warmstart_v7r001_00_complexa_beam_a42e8fc6f9a25/job_0_n_167_id_56_beam_orig2_bm3-s0to100br1-s100to200br0-s200to300br3-s300to400br0/job_0_n_167_id_56_beam_orig2_bm3-s0to100br1-s100to200br0-s200to300br3-s300to400br0.pdb,226,"2,0,13,16,19,16,19,14,11,3,10,18,19,19,6,18,7,15,2,12,16,9,6,4,11,13,14,19,6,11,5,10,3,10,0,0,10,9,19,18,17,6,12,6,3,11,2,9,9,5,13,19,8,7,6,6,3,10,11,19,5,8,15,15,18,1,5,1,0,1,10,10,11,3,5,10,15,10,7,2,0,0,10,5,9,16,3,19,11,10,5,3,0,7,19,18,1,4,12,9,15,18,7,7,0,3,18,11,1,9,16,19,11,19,2,0,15,10,2,3,10,10,5,16,19,19,6,3,3,15,5,6,2,13,5,1,0,9,11,6,7,6,3,10,7,18,15,0,11,3,0,15,2,19,19,13,5,15,10,19,2,11,11,19,9,6,19,0,0,0,0,0,0,0,0,0,0,0,0,0,0,0,0,0,0,0,0,0,0,0,0,0,0,0,0,0,0,0,0,0,0,0,0,0,0,0,0,0,0,0,0,0,0,0,0,0,0,0,0,0,0,0,0,0,0,0,0,0,0,0,0,0",-0.15807737,0.048726,3.0,0.5530197,60.137276,0.647252,1.0,0.647252,0.13506809,0.5530197,0.0,0.0,0.5530197,0.0014132507,0.88785005,0.13506809,5.1602592,1.7565165,60.137276,-0.15807737,2.0070045,227.37338,0.45878738,0.45878738,1.0,227.37338,0.8135381,0.11214995,5.1602592,0.0014132507,0.647252,0.048726,0.0,1.7565165,2.0070045,0.45878738,0.15807737,0.0,0.647252,0.15807737,0.8757411,0.45878738,1.0,0.5530197,lookahead,beam_orig2_bm3-s0to100br1-s100to200br0-s200to300br3-s300to400br0
/work/T-REX/external/Proteina-Complexa/inference/search_binder_local_pipeline_32_PDL1_ALPHA_REPACK_v7_r001_warmstart_v7r001_00_complexa_beam_a42e8fc6f9a25/job_0_n_175_id_56_beam_orig3_bm1-s0to100br0-s100to200br1-s200to300br1-s300to400br0/job_0_n_175_id_56_beam_orig3_bm1-s0to100br0-s100to200br1-s200to300br1-s300to400br0.pdb,227,"2,0,13,16,19,16,19,14,11,3,10,18,19,19,6,18,7,15,2,12,16,9,6,4,11,13,14,19,6,11,5,10,3,10,0,0,10,9,19,18,17,6,12,6,3,11,2,9,9,5,13,19,8,7,6,6,3,10,11,19,5,8,15,15,18,1,5,1,0,1,10,10,11,3,5,10,15,10,7,2,0,0,10,5,9,16,3,19,11,10,5,3,0,7,19,18,1,4,12,9,15,18,7,7,0,3,18,11,1,9,16,19,11,19,2,0,0,5,19,5,6,18,9,6,10,10,11,15,3,3,6,16,19,1,15,2,0,0,13,16,10,7,9,9,2,16,6,6,0,11,6,0,10,1,11,0,10,11,16,6,16,15,6,3,19,11,2,0,9,1,9,0,10,6,1,0,0,0,0,0,0,0,0,0,0,0,0,0,0,0,0,0,0,0,0,0,0,0,0,0,0,0,0,0,0,0,0,0,0,0,0,0,0,0,0,0,0,0,0,0,0,0,0,0,0,0,0,0,0,0,0,0",-0.21637727,0.092185,3.0,0.31309628,21.342186,0.36761242,1.0,0.36761242,0.16859002,0.31309628,0.0,0.0,0.31309628,0.001261493,0.89911634,0.16859002,0.9851687,1.4478688,21.342186,-0.21637727,2.3975804,153.50298,0.25858018,0.25858018,1.0,153.50298,0.70302504,0.100883685,0.9851687,0.001261493,0.36761242,0.092185,0.0,1.4478688,2.3975804,0.25858018,0.21637727,0.0,0.36761242,0.21637727,0.8381623,0.25858018,1.0,0.31309628,lookahead,beam_orig3_bm1-s0to100br0-s100to200br1-s200to300br1-s300to400br0
/work/T-REX/external/Proteina-Complexa/inference/search_binder_local_pipeline_32_PDL1_ALPHA_REPACK_v7_r001_warmstart_v7r001_00_complexa_beam_a42e8fc6f9a25/job_0_n_232_id_57_beam_orig0_bm0-s0to100br1-s100to200br3-s200to300br3-s300to400br1/job_0_n_232_id_57_beam_orig0_bm0-s0to100br1-s100to200br3-s200to300br3-s300to400br1.pdb,228,"2,0,13,16,19,16,19,14,11,3,10,18,19,19,6,18,7,15,2,12,16,9,6,4,11,13,14,19,6,11,5,10,3,10,0,0,10,9,19,18,17,6,12,6,3,11,2,9,9,5,13,19,8,7,6,6,3,10,11,19,5,8,15,15,18,1,5,1,0,1,10,10,11,3,5,10,15,10,7,2,0,0,10,5,9,16,3,19,11,10,5,3,0,7,19,18,1,4,12,9,15,18,7,7,0,3,18,11,1,9,16,19,11,19,2,0,2,0,13,16,19,16,19,14,11,3,10,18,19,19,6,18,7,15,2,12,16,9,6,4,11,13,14,19,6,11,5,10,3,10,0,0,10,9,19,18,17,6,12,6,3,11,2,9,9,5,13,19,8,7,6,6,3,10,11,19,5,8,15,15,18,1,5,1,0,1,10,10,11,3,5,10,15,10,7,2,0,0,10,5,9,16,3,19,11,10,5,3,0,7,19,18,1,4,12,9,15,18,7,7,0,3,18,11,1,9,16,19,11,19,2,0",-0.53278613,0.30273739,3.0,0.042327933,57.389397,0.04609889,1.0,0.04609889,0.31445244,0.012158649,0.0,0.0,0.042327933,0.0024682207,0.8597407,0.31445244,3.1609814,1.283872,57.389397,-0.53278613,3.8982449,200.28973,0.01189018,0.038556978,1.0,200.28973,0.25668618,0.14025931,3.1609814,0.0024682207,0.012427118,0.30273739,0.0,1.283872,3.8982449,0.01189018,0.53278613,0.0,0.012427118,0.53278613,0.5825254,0.038556978,1.0,0.012158649,lookahead,beam_orig0_bm0-s0to100br1-s100to200br3-s200to300br3-s300to400br1
/work/T-REX/external/Proteina-Complexa/inference/search_binder_local_pipeline_32_PDL1_ALPHA_REPACK_v7_r001_warmstart_v7r001_00_complexa_beam_a42e8fc6f9a25/job_0_n_229_id_57_beam_orig1_bm2-s0to100br1-s100to200br0-s200to300br1-s300to400br1/job_0_n_229_id_57_beam_orig1_bm2-s0to100br1-s100to200br0-s200to300br1-s300to400br1.pdb,229,"2,0,13,16,19,16,19,14,11,3,10,18,19,19,6,18,7,15,2,12,16,9,6,4,11,13,14,19,6,11,5,10,3,10,0,0,10,9,19,18,17,6,12,6,3,11,2,9,9,5,13,19,8,7,6,6,3,10,11,19,5,8,15,15,18,1,5,1,0,1,10,10,11,3,5,10,15,10,7,2,0,0,10,5,9,16,3,19,11,10,5,3,0,7,19,18,1,4,12,9,15,18,7,7,0,3,18,11,1,9,16,19,11,19,2,0,0,13,16,19,16,19,14,11,3,10,18,19,19,6,18,7,15,2,12,16,9,6,4,11,13,14,19,6,11,5,10,3,10,0,0,10,9,19,18,17,6,12,6,3,11,2,9,9,5,13,19,8,7,6,6,3,10,11,19,5,8,15,15,18,1,5,1,0,1,10,10,11,3,5,10,15,10,7,2,0,0,10,5,9,16,3,19,11,10,5,3,0,7,19,18,1,4,12,9,15,18,7,7,0,3,18,11,1,9,16,19,11,19,0,0,0",-0.51788026,0.2901797,3.0,0.049337327,49.65369,0.051842444,1.0,0.051842444,0.30686885,0.012850283,0.0,0.0,0.049337327,0.0017609638,0.8609965,0.30686885,2.702675,1.2710779,49.65369,-0.51788026,3.8323717,198.55545,0.012373774,0.04683221,1.0,198.55545,0.2662999,0.13900355,2.702675,0.0017609638,0.01332679,0.2901797,0.0,1.2710779,3.8323717,0.012373774,0.51788026,0.0,0.01332679,0.51788026,0.5909176,0.04683221,1.0,0.012850283,lookahead,beam_orig1_bm2-s0to100br1-s100to200br0-s200to300br1-s300to400br1
/work/T-REX/external/Proteina-Complexa/inference/search_binder_local_pipeline_32_PDL1_ALPHA_REPACK_v7_r001_warmstart_v7r001_00_complexa_beam_a42e8fc6f9a25/job_0_n_167_id_57_beam_orig2_bm3-s0to100br1-s100to200br0-s200to300br3-s300to400br1/job_0_n_167_id_57_beam_orig2_bm3-s0to100br1-s100to200br0-s200to300br3-s300to400br1.pdb,230,"2,0,13,16,19,16,19,14,11,3,10,18,19,19,6,18,7,15,2,12,16,9,6,4,11,13,14,19,6,11,5,10,3,10,0,0,10,9,19,18,17,6,12,6,3,11,2,9,9,5,13,19,8,7,6,6,3,10,11,19,5,8,15,15,18,1,5,1,0,1,10,10,11,3,5,10,15,10,7,2,0,0,10,5,9,16,3,19,11,10,5,3,0,7,19,18,1,4,12,9,15,18,7,7,0,3,18,11,1,9,16,19,11,19,2,0,15,10,2,3,10,10,5,16,19,19,6,3,3,15,5,6,2,13,5,1,0,9,11,6,7,6,3,10,7,18,15,0,11,3,0,15,2,19,19,13,5,15,10,19,2,11,11,19,9,6,19,0,0,0,0,0,0,0,0,0,0,0,0,0,0,0,0,0,0,0,0,0,0,0,0,0,0,0,0,0,0,0,0,0,0,0,0,0,0,0,0,0,0,0,0,0,0,0,0,0,0,0,0,0,0,0,0,0,0,0,0,0,0,0,0,0",-0.15993048,0.049501397,3.0,0.54444975,61.01812,0.6390692,1.0,0.6390692,0.13666731,0.54444975,0.0,0.0,0.54444975,0.0014558552,0.88511777,0.13666731,5.161627,1.7664,61.01812,-0.15993048,2.026355,229.99033,0.44983026,0.44983026,1.0,229.99033,0.8093188,0.11488221,5.161627,0.0014558552,0.6390692,0.049501397,0.0,1.7664,2.026355,0.44983026,0.15993048,0.0,0.6390692,0.15993048,0.87401617,0.44983026,1.0,0.54444975,lookahead,beam_orig2_bm3-s0to100br1-s100to200br0-s200to300br3-s300to400br1
/work/T-REX/external/Proteina-Complexa/inference/search_binder_local_pipeline_32_PDL1_ALPHA_REPACK_v7_r001_warmstart_v7r001_00_complexa_beam_a42e8fc6f9a25/job_0_n_175_id_57_beam_orig3_bm1-s0to100br0-s100to200br1-s200to300br1-s300to400br1/job_0_n_175_id_57_beam_orig3_bm1-s0to100br0-s100to200br1-s200to300br1-s300to400br1.pdb,231,"2,0,13,16,19,16,19,14,11,3,10,18,19,19,6,18,7,15,2,12,16,9,6,4,11,13,14,19,6,11,5,10,3,10,0,0,10,9,19,18,17,6,12,6,3,11,2,9,9,5,13,19,8,7,6,6,3,10,11,19,5,8,15,15,18,1,5,1,0,1,10,10,11,3,5,10,15,10,7,2,0,0,10,5,9,16,3,19,11,10,5,3,0,7,19,18,1,4,12,9,15,18,7,7,0,3,18,11,1,9,16,19,11,19,2,0,0,5,19,5,6,18,9,6,10,10,11,15,3,3,6,16,19,1,15,2,0,0,13,16,10,7,9,9,2,16,6,6,0,11,6,0,10,1,11,0,10,11,16,6,16,15,6,3,19,11,2,0,9,1,9,0,10,6,1,0,0,0,0,0,0,0,0,0,0,0,0,0,0,0,0,0,0,0,0,0,0,0,0,0,0,0,0,0,0,0,0,0,0,0,0,0,0,0,0,0,0,0,0,0,0,0,0,0,0,0,0,0,0,0,0,0",-0.21805085,0.09219152,3.0,0.31143928,22.392672,0.3654928,1.0,0.3654928,0.17002425,0.31143928,0.0,0.0,0.31143928,0.0012735492,0.89782983,0.17002425,1.0032183,1.4489074,22.392672,-0.21805085,2.4025016,154.6552,0.25738576,0.25738576,1.0,154.6552,0.70075643,0.10217018,1.0032183,0.0012735492,0.3654928,0.09219152,0.0,1.4489074,2.4025016,0.25738576,0.21805085,0.0,0.3654928,0.21805085,0.8371389,0.25738576,1.0,0.31143928,lookahead,beam_orig3_bm1-s0to100br0-s100to200br1-s200to300br1-s300to400br1
/work/T-REX/external/Proteina-Complexa/inference/search_binder_local_pipeline_32_PDL1_ALPHA_REPACK_v7_r001_warmstart_v7r001_00_complexa_beam_a42e8fc6f9a25/job_0_n_232_id_58_beam_orig0_bm0-s0to100br1-s100to200br3-s200to300br3-s300to400br2/job_0_n_232_id_58_beam_orig0_bm0-s0to100br1-s100to200br3-s200to300br3-s300to400br2.pdb,232,"2,0,13,16,19,16,19,14,11,3,10,18,19,19,6,18,7,15,2,12,16,9,6,4,11,13,14,19,6,11,5,10,3,10,0,0,10,9,19,18,17,6,12,6,3,11,2,9,9,5,13,19,8,7,6,6,3,10,11,19,5,8,15,15,18,1,5,1,0,1,10,10,11,3,5,10,15,10,7,2,0,0,10,5,9,16,3,19,11,10,5,3,0,7,19,18,1,4,12,9,15,18,7,7,0,3,18,11,1,9,16,19,11,19,2,0,2,0,13,16,19,16,19,14,11,3,10,18,19,19,6,18,7,15,2,12,16,9,6,4,11,13,14,19,6,11,5,10,3,10,0,0,10,9,19,18,17,6,12,6,3,11,2,9,9,5,13,19,8,7,6,6,3,10,11,19,5,8,15,15,18,1,5,1,0,1,10,10,11,3,5,10,15,10,7,2,0,0,10,5,9,16,3,19,11,10,5,3,0,7,19,18,1,4,12,9,15,18,7,7,0,3,18,11,1,9,16,19,11,19,2,0",-0.51941943,0.2892321,3.0,0.049783744,57.58338,0.05279394,1.0,0.05279394,0.30749243,0.01269874,0.0,0.0,0.049783744,0.0024692097,0.8598662,0.30749243,2.8536558,1.279085,57.58338,-0.51941943,3.8636103,199.83441,0.0122389635,0.046773545,1.0,199.83441,0.26655275,0.1401338,2.8536558,0.0024692097,0.013158517,0.2892321,0.0,1.279085,3.8636103,0.0122389635,0.51941943,0.0,0.013158517,0.51941943,0.5876895,0.046773545,1.0,0.01269874,lookahead,beam_orig0_bm0-s0to100br1-s100to200br3-s200to300br3-s300to400br2
/work/T-REX/external/Proteina-Complexa/inference/search_binder_local_pipeline_32_PDL1_ALPHA_REPACK_v7_r001_warmstart_v7r001_00_complexa_beam_a42e8fc6f9a25/job_0_n_229_id_58_beam_orig1_bm2-s0to100br1-s100to200br0-s200to300br1-s300to400br2/job_0_n_229_id_58_beam_orig1_bm2-s0to100br1-s100to200br0-s200to300br1-s300to400br2.pdb,233,"2,0,13,16,19,16,19,14,11,3,10,18,19,19,6,18,7,15,2,12,16,9,6,4,11,13,14,19,6,11,5,10,3,10,0,0,10,9,19,18,17,6,12,6,3,11,2,9,9,5,13,19,8,7,6,6,3,10,11,19,5,8,15,15,18,1,5,1,0,1,10,10,11,3,5,10,15,10,7,2,0,0,10,5,9,16,3,19,11,10,5,3,0,7,19,18,1,4,12,9,15,18,7,7,0,3,18,11,1,9,16,19,11,19,2,0,0,13,16,19,16,19,14,11,3,10,18,19,19,6,18,7,15,2,12,16,9,6,4,11,13,14,19,6,11,5,10,3,10,0,0,10,9,19,18,17,6,12,6,3,11,2,9,9,5,13,19,8,7,6,6,3,10,11,19,5,8,15,15,18,1,5,1,0,1,10,10,11,3,5,10,15,10,7,2,0,0,10,5,9,16,3,19,11,10,5,3,0,7,19,18,1,4,12,9,15,18,7,7,0,3,18,11,1,9,16,19,11,19,0,0,0",-0.51340365,0.28466365,3.0,0.051003452,45.917847,0.054145914,1.0,0.054145914,0.30434468,0.012959208,0.0,0.0,0.051003452,0.0017600951,0.86128044,0.30434468,2.3355558,1.2662684,45.917847,-0.51340365,3.818612,200.56966,0.012707543,0.04786099,1.0,200.56966,0.26903075,0.13871954,2.3355558,0.0017600951,0.013210874,0.28466365,0.0,1.2662684,3.818612,0.012707543,0.51340365,0.0,0.013210874,0.51340365,0.59194815,0.04786099,1.0,0.012959208,lookahead,beam_orig1_bm2-s0to100br1-s100to200br0-s200to300br1-s300to400br2
/work/T-REX/external/Proteina-Complexa/inference/search_binder_local_pipeline_32_PDL1_ALPHA_REPACK_v7_r001_warmstart_v7r001_00_complexa_beam_a42e8fc6f9a25/job_0_n_167_id_58_beam_orig2_bm3-s0to100br1-s100to200br0-s200to300br3-s300to400br2/job_0_n_167_id_58_beam_orig2_bm3-s0to100br1-s100to200br0-s200to300br3-s300to400br2.pdb,234,"2,0,13,16,19,16,19,14,11,3,10,18,19,19,6,18,7,15,2,12,16,9,6,4,11,13,14,19,6,11,5,10,3,10,0,0,10,9,19,18,17,6,12,6,3,11,2,9,9,5,13,19,8,7,6,6,3,10,11,19,5,8,15,15,18,1,5,1,0,1,10,10,11,3,5,10,15,10,7,2,0,0,10,5,9,16,3,19,11,10,5,3,0,7,19,18,1,4,12,9,15,18,7,7,0,3,18,11,1,9,16,19,11,19,2,0,15,10,2,3,10,10,5,16,19,19,6,3,3,15,5,6,2,13,5,1,0,9,11,6,7,6,3,10,7,18,15,0,11,3,0,15,2,19,19,13,5,15,10,19,2,11,11,19,9,6,19,0,0,0,0,0,0,0,0,0,0,0,0,0,0,0,0,0,0,0,0,0,0,0,0,0,0,0,0,0,0,0,0,0,0,0,0,0,0,0,0,0,0,0,0,0,0,0,0,0,0,0,0,0,0,0,0,0,0,0,0,0,0,0,0,0",-0.16466434,0.05241599,3.0,0.51743984,59.541286,0.6078532,1.0,0.6078532,0.14023723,0.51743984,0.0,0.0,0.51743984,0.0014803351,0.8800827,0.14023723,5.140384,1.7851449,59.541286,-0.16466434,2.0765567,224.6931,0.42702645,0.42702645,1.0,224.6931,0.79781735,0.11991727,5.140384,0.0014803351,0.6078532,0.05241599,0.0,1.7851449,2.0765567,0.42702645,0.16466434,0.0,0.6078532,0.16466434,0.8694399,0.42702645,1.0,0.51743984,lookahead,beam_orig2_bm3-s0to100br1-s100to200br0-s200to300br3-s300to400br2
/work/T-REX/external/Proteina-Complexa/inference/search_binder_local_pipeline_32_PDL1_ALPHA_REPACK_v7_r001_warmstart_v7r001_00_complexa_beam_a42e8fc6f9a25/job_0_n_175_id_58_beam_orig3_bm1-s0to100br0-s100to200br1-s200to300br1-s300to400br2/job_0_n_175_id_58_beam_orig3_bm1-s0to100br0-s100to200br1-s200to300br1-s300to400br2.pdb,235,"2,0,13,16,19,16,19,14,11,3,10,18,19,19,6,18,7,15,2,12,16,9,6,4,11,13,14,19,6,11,5,10,3,10,0,0,10,9,19,18,17,6,12,6,3,11,2,9,9,5,13,19,8,7,6,6,3,10,11,19,5,8,15,15,18,1,5,1,0,1,10,10,11,3,5,10,15,10,7,2,0,0,10,5,9,16,3,19,11,10,5,3,0,7,19,18,1,4,12,9,15,18,7,7,0,3,18,11,1,9,16,19,11,19,2,0,0,5,19,5,6,18,9,6,2,10,11,15,3,3,6,16,19,1,15,2,0,0,13,16,10,7,9,9,2,16,6,6,0,11,6,0,10,1,11,0,10,11,16,6,16,15,6,3,19,11,2,0,9,1,9,0,10,6,1,0,0,0,0,0,0,0,0,0,0,0,0,0,0,0,0,0,0,0,0,0,0,0,0,0,0,0,0,0,0,0,0,0,0,0,0,0,0,0,0,0,0,0,0,0,0,0,0,0,0,0,0,0,0,0,0,0",-0.21471263,0.089828044,3.0,0.32391003,24.227865,0.3782348,1.0,0.3782348,0.16785242,0.32391003,0.0,0.0,0.32391003,0.0016177003,0.89890945,0.16785242,0.99380505,1.4472212,24.227865,-0.21471263,2.3746724,154.83334,0.26958525,0.26958525,1.0,154.83334,0.70682406,0.10109058,0.99380505,0.0016177003,0.3782348,0.089828044,0.0,1.4472212,2.3746724,0.26958525,0.21471263,0.0,0.3782348,0.21471263,0.83928335,0.26958525,1.0,0.32391003,lookahead,beam_orig3_bm1-s0to100br0-s100to200br1-s200to300br1-s300to400br2
/work/T-REX/external/Proteina-Complexa/inference/search_binder_local_pipeline_32_PDL1_ALPHA_REPACK_v7_r001_warmstart_v7r001_00_complexa_beam_a42e8fc6f9a25/job_0_n_232_id_59_beam_orig0_bm0-s0to100br1-s100to200br3-s200to300br3-s300to400br3/job_0_n_232_id_59_beam_orig0_bm0-s0to100br1-s100to200br3-s200to300br3-s300to400br3.pdb,236,"2,0,13,16,19,16,19,14,11,3,10,18,19,19,6,18,7,15,2,12,16,9,6,4,11,13,14,19,6,11,5,10,3,10,0,0,10,9,19,18,17,6,12,6,3,11,2,9,9,5,13,19,8,7,6,6,3,10,11,19,5,8,15,15,18,1,5,1,0,1,10,10,11,3,5,10,15,10,7,2,0,0,10,5,9,16,3,19,11,10,5,3,0,7,19,18,1,4,12,9,15,18,7,7,0,3,18,11,1,9,16,19,11,19,2,0,2,0,13,16,19,16,19,14,11,3,10,18,19,19,6,18,7,15,2,12,16,9,6,4,11,13,14,19,6,11,5,10,3,10,0,0,10,9,19,18,17,6,12,6,3,11,2,9,9,5,13,19,8,7,6,6,3,10,11,19,5,8,15,15,18,1,5,1,0,1,10,10,11,3,5,10,15,10,7,2,0,0,10,5,9,16,3,19,11,10,5,3,0,7,19,18,1,4,12,9,15,18,7,7,0,3,18,11,1,9,16,19,11,19,2,0",-0.52488047,0.2937574,3.0,0.047410354,56.81089,0.050156422,1.0,0.050156422,0.3103674,0.012392381,0.0,0.0,0.047410354,0.0024860774,0.8596791,0.3103674,3.0540152,1.2807685,56.81089,-0.52488047,3.8782182,200.94807,0.012042107,0.04466429,1.0,200.94807,0.26327792,0.14032093,3.0540152,0.0024860774,0.012742655,0.2937574,0.0,1.2807685,3.8782182,0.012042107,0.52488047,0.0,0.012742655,0.52488047,0.58589786,0.04466429,1.0,0.012392381,lookahead,beam_orig0_bm0-s0to100br1-s100to200br3-s200to300br3-s300to400br3
/work/T-REX/external/Proteina-Complexa/inference/search_binder_local_pipeline_32_PDL1_ALPHA_REPACK_v7_r001_warmstart_v7r001_00_complexa_beam_a42e8fc6f9a25/job_0_n_229_id_59_beam_orig1_bm2-s0to100br1-s100to200br0-s200to300br1-s300to400br3/job_0_n_229_id_59_beam_orig1_bm2-s0to100br1-s100to200br0-s200to300br1-s300to400br3.pdb,237,"2,0,13,16,19,16,19,14,11,3,10,18,19,19,6,18,7,15,2,12,16,9,6,4,11,13,14,19,6,11,5,10,3,10,0,0,10,9,19,18,17,6,12,6,3,11,2,9,9,5,13,19,8,7,6,6,3,10,11,19,5,8,15,15,18,1,5,1,0,1,10,10,11,3,5,10,15,10,7,2,0,0,10,5,9,16,3,19,11,10,5,3,0,7,19,18,1,4,12,9,15,18,7,7,0,3,18,11,1,9,16,19,11,19,2,0,0,13,16,19,16,19,14,11,3,10,18,19,19,6,18,7,15,2,12,16,9,6,4,11,13,14,19,6,11,5,10,3,10,0,0,10,9,19,18,17,6,12,6,3,11,2,9,9,5,13,19,8,7,6,6,3,10,11,19,5,8,15,15,18,1,5,1,0,1,10,10,11,3,5,10,15,10,7,2,0,0,10,5,9,16,3,19,11,10,5,3,0,7,19,18,1,4,12,9,15,18,7,7,0,3,18,11,1,9,16,19,11,19,0,0,0",-0.51021236,0.27664652,3.0,0.050867293,38.657482,0.05201135,1.0,0.05201135,0.30257574,0.013669875,0.0,0.0,0.050867293,0.0017062194,0.8612839,0.30257574,1.4844214,1.2613479,38.657482,-0.51021236,3.7909794,198.7762,0.013463518,0.049723238,1.0,198.7762,0.2661936,0.13871607,1.4844214,0.0017062194,0.013876233,0.27664652,0.0,1.2613479,3.7909794,0.013463518,0.51021236,0.0,0.013876233,0.51021236,0.5905417,0.049723238,1.0,0.013669875,lookahead,beam_orig1_bm2-s0to100br1-s100to200br0-s200to300br1-s300to400br3
/work/T-REX/external/Proteina-Complexa/inference/search_binder_local_pipeline_32_PDL1_ALPHA_REPACK_v7_r001_warmstart_v7r001_00_complexa_beam_a42e8fc6f9a25/job_0_n_167_id_59_beam_orig2_bm3-s0to100br1-s100to200br0-s200to300br3-s300to400br3/job_0_n_167_id_59_beam_orig2_bm3-s0to100br1-s100to200br0-s200to300br3-s300to400br3.pdb,238,"2,0,13,16,19,16,19,14,11,3,10,18,19,19,6,18,7,15,2,12,16,9,6,4,11,13,14,19,6,11,5,10,3,10,0,0,10,9,19,18,17,6,12,6,3,11,2,9,9,5,13,19,8,7,6,6,3,10,11,19,5,8,15,15,18,1,5,1,0,1,10,10,11,3,5,10,15,10,7,2,0,0,10,5,9,16,3,19,11,10,5,3,0,7,19,18,1,4,12,9,15,18,7,7,0,3,18,11,1,9,16,19,11,19,2,0,15,10,2,3,10,10,5,16,19,19,6,3,3,15,5,6,2,13,5,1,0,9,11,6,7,6,3,10,7,18,15,0,11,3,0,15,2,19,19,13,5,15,10,19,2,11,11,19,9,6,19,0,0,0,0,0,0,0,0,0,0,0,0,0,0,0,0,0,0,0,0,0,0,0,0,0,0,0,0,0,0,0,0,0,0,0,0,0,0,0,0,0,0,0,0,0,0,0,0,0,0,0,0,0,0,0,0,0,0,0,0,0,0,0,0,0",-0.15884137,0.049714103,3.0,0.5454891,60.414135,0.6396144,1.0,0.6396144,0.13554879,0.5454891,0.0,0.0,0.5454891,0.0014254826,0.8869501,0.13554879,5.177019,1.7603815,60.414135,-0.15884137,2.0204217,228.06691,0.4513637,0.4513637,1.0,228.06691,0.81016266,0.113049924,5.177019,0.0014254826,0.6396144,0.049714103,0.0,1.7603815,2.0204217,0.4513637,0.15884137,0.0,0.6396144,0.15884137,0.87444526,0.4513637,1.0,0.5454891,lookahead,beam_orig2_bm3-s0to100br1-s100to200br0-s200to300br3-s300to400br3
/work/T-REX/external/Proteina-Complexa/inference/search_binder_local_pipeline_32_PDL1_ALPHA_REPACK_v7_r001_warmstart_v7r001_00_complexa_beam_a42e8fc6f9a25/job_0_n_175_id_59_beam_orig3_bm1-s0to100br0-s100to200br1-s200to300br1-s300to400br3/job_0_n_175_id_59_beam_orig3_bm1-s0to100br0-s100to200br1-s200to300br1-s300to400br3.pdb,239,"2,0,13,16,19,16,19,14,11,3,10,18,19,19,6,18,7,15,2,12,16,9,6,4,11,13,14,19,6,11,5,10,3,10,0,0,10,9,19,18,17,6,12,6,3,11,2,9,9,5,13,19,8,7,6,6,3,10,11,19,5,8,15,15,18,1,5,1,0,1,10,10,11,3,5,10,15,10,7,2,0,0,10,5,9,16,3,19,11,10,5,3,0,7,19,18,1,4,12,9,15,18,7,7,0,3,18,11,1,9,16,19,11,19,2,0,0,5,19,5,6,18,9,6,10,10,11,15,3,3,6,16,19,1,15,2,0,0,13,16,10,7,9,9,2,16,6,6,0,11,6,0,10,1,11,0,10,11,16,6,16,15,6,3,19,11,2,0,9,1,9,0,10,6,1,0,0,0,0,0,0,0,0,0,0,0,0,0,0,0,0,0,0,0,0,0,0,0,0,0,0,0,0,0,0,0,0,0,0,0,0,0,0,0,0,0,0,0,0,0,0,0,0,0,0,0,0,0,0,0,0,0",-0.21478306,0.09112215,3.0,0.31994122,23.38086,0.37487426,1.0,0.37487426,0.16784,0.31994122,0.0,0.0,0.31994122,0.0012442156,0.89912474,0.16784,0.9924292,1.4425303,23.38086,-0.21478306,2.3832905,156.26247,0.2650082,0.2650082,1.0,156.26247,0.70666945,0.10087523,0.9924292,0.0012442156,0.37487426,0.09112215,0.0,1.4425303,2.3832905,0.2650082,0.21478306,0.0,0.37487426,0.21478306,0.8392793,0.2650082,1.0,0.31994122,lookahead,beam_orig3_bm1-s0to100br0-s100to200br1-s200to300br1-s300to400br3
/work/T-REX/external/Proteina-Complexa/inference/search_binder_local_pipeline_32_PDL1_ALPHA_REPACK_v7_r001_warmstart_v7r001_00_complexa_beam_a42e8fc6f9a25/job_0_n_232_id_60_beam_orig0_bm3-s0to100br0-s100to200br2-s200to300br1-s300to400br0/job_0_n_232_id_60_beam_orig0_bm3-s0to100br0-s100to200br2-s200to300br1-s300to400br0.pdb,240,"2,0,13,16,19,16,19,14,11,3,10,18,19,19,6,18,7,15,2,12,16,9,6,4,11,13,14,19,6,11,5,10,3,10,0,0,10,9,19,18,17,6,12,6,3,11,2,9,9,5,13,19,8,7,6,6,3,10,11,19,5,8,15,15,18,1,5,1,0,1,10,10,11,3,5,10,15,10,7,2,0,0,10,5,9,16,3,19,11,10,5,3,0,7,19,18,1,4,12,9,15,18,7,7,0,3,18,11,1,9,16,19,11,19,2,0,2,0,13,16,19,16,19,14,11,3,10,18,19,19,6,18,7,15,2,12,16,9,6,4,11,13,14,19,6,11,5,10,3,10,0,0,10,9,19,18,17,6,12,6,3,11,2,9,9,5,13,19,8,7,6,6,3,10,11,19,5,8,15,15,18,1,5,1,0,1,10,10,11,3,5,10,15,10,7,2,0,0,10,5,9,16,3,19,11,10,5,3,0,7,19,18,1,4,12,9,15,18,7,7,0,3,18,11,1,9,16,19,11,19,2,0",-0.52616745,0.29614016,3.0,0.04567619,55.0917,0.04907392,1.0,0.04907392,0.31097847,0.0123376865,0.0,0.0,0.04567619,0.0024872073,0.8600312,0.31097847,2.9544256,1.2792386,55.0917,-0.52616745,3.8845234,198.54681,0.01196019,0.04227846,1.0,198.54681,0.26170364,0.13996881,2.9544256,0.0024872073,0.012715182,0.29614016,0.0,1.2792386,3.8845234,0.01196019,0.52616745,0.0,0.012715182,0.52616745,0.5848808,0.04227846,1.0,0.0123376865,lookahead,beam_orig0_bm3-s0to100br0-s100to200br2-s200to300br1-s300to400br0
/work/T-REX/external/Proteina-Complexa/inference/search_binder_local_pipeline_32_PDL1_ALPHA_REPACK_v7_r001_warmstart_v7r001_00_complexa_beam_a42e8fc6f9a25/job_0_n_229_id_60_beam_orig1_bm2-s0to100br1-s100to200br3-s200to300br2-s300to400br0/job_0_n_229_id_60_beam_orig1_bm2-s0to100br1-s100to200br3-s200to300br2-s300to400br0.pdb,241,"2,0,13,16,19,16,19,14,11,3,10,18,19,19,6,18,7,15,2,12,16,9,6,4,11,13,14,19,6,11,5,10,3,10,0,0,10,9,19,18,17,6,12,6,3,11,2,9,9,5,13,19,8,7,6,6,3,10,11,19,5,8,15,15,18,1,5,1,0,1,10,10,11,3,5,10,15,10,7,2,0,0,10,5,9,16,3,19,11,10,5,3,0,7,19,18,1,4,12,9,15,18,7,7,0,3,18,11,1,9,16,19,11,19,2,0,0,13,16,19,16,19,14,11,3,10,18,19,19,6,18,7,15,2,12,16,9,6,4,11,13,14,19,6,11,5,10,3,10,0,0,10,9,19,18,17,6,12,6,3,11,2,9,9,5,13,19,8,7,6,6,3,10,11,19,5,8,15,15,18,1,5,1,0,1,10,10,11,3,5,10,15,10,7,2,0,0,10,5,9,16,3,19,11,10,5,3,0,7,19,18,1,4,12,9,15,18,7,7,0,3,18,11,1,9,16,19,11,19,0,0,0",-0.5251929,0.3002954,3.0,0.045577407,51.940662,0.047708377,1.0,0.047708377,0.3107547,0.012350898,0.0,0.0,0.045577407,0.0018236083,0.86131245,0.3107547,2.805312,1.2762247,51.940662,-0.5251929,3.8528242,200.4057,0.012116544,0.04344644,1.0,200.4057,0.26192695,0.13868757,2.805312,0.0018236083,0.012585252,0.3002954,0.0,1.2762247,3.8528242,0.012116544,0.5251929,0.0,0.012585252,0.5251929,0.5882406,0.04344644,1.0,0.012350898,lookahead,beam_orig1_bm2-s0to100br1-s100to200br3-s200to300br2-s300to400br0
/work/T-REX/external/Proteina-Complexa/inference/search_binder_local_pipeline_32_PDL1_ALPHA_REPACK_v7_r001_warmstart_v7r001_00_complexa_beam_a42e8fc6f9a25/job_0_n_167_id_60_beam_orig2_bm2-s0to100br0-s100to200br2-s200to300br0-s300to400br0/job_0_n_167_id_60_beam_orig2_bm2-s0to100br0-s100to200br2-s200to300br0-s300to400br0.pdb,242,"2,0,13,16,19,16,19,14,11,3,10,18,19,19,6,18,7,15,2,12,16,9,6,4,11,13,14,19,6,11,5,10,3,10,0,0,10,9,19,18,17,6,12,6,3,11,2,9,9,5,13,19,8,7,6,6,3,10,11,19,5,8,15,15,18,1,5,1,0,1,10,10,11,3,5,10,15,10,7,2,0,0,10,5,9,16,3,19,11,10,5,3,0,7,19,18,1,4,12,9,15,18,7,7,0,3,18,11,1,9,16,19,11,19,2,0,2,19,0,3,10,0,6,6,9,18,11,0,15,5,0,19,3,15,3,16,10,9,1,0,12,1,0,10,3,11,10,6,19,14,2,3,16,10,5,0,6,10,6,11,5,1,10,0,0,6,0,0,0,0,0,0,0,0,0,0,0,0,0,0,0,0,0,0,0,0,0,0,0,0,0,0,0,0,0,0,0,0,0,0,0,0,0,0,0,0,0,0,0,0,0,0,0,0,0,0,0,0,0,0,0,0,0,0,0,0,0,0,0,0,0,0",-0.16982964,0.063370824,3.0,0.46416417,35.38069,0.56556875,1.0,0.56556875,0.14309809,0.46416417,0.0,0.0,0.46416417,0.0034062327,0.8807292,0.14309809,2.2061079,1.709922,35.38069,-0.16982964,2.2578754,166.7214,0.3627596,0.3627596,1.0,166.7214,0.7664755,0.11927082,2.2061079,0.0034062327,0.56556875,0.063370824,0.0,1.709922,2.2578754,0.3627596,0.16982964,0.0,0.56556875,0.16982964,0.86507916,0.3627596,1.0,0.46416417,lookahead,beam_orig2_bm2-s0to100br0-s100to200br2-s200to300br0-s300to400br0
/work/T-REX/external/Proteina-Complexa/inference/search_binder_local_pipeline_32_PDL1_ALPHA_REPACK_v7_r001_warmstart_v7r001_00_complexa_beam_a42e8fc6f9a25/job_0_n_175_id_60_beam_orig3_bm2-s0to100br1-s100to200br2-s200to300br2-s300to400br0/job_0_n_175_id_60_beam_orig3_bm2-s0to100br1-s100to200br2-s200to300br2-s300to400br0.pdb,243,"2,0,13,16,19,16,19,14,11,3,10,18,19,19,6,18,7,15,2,12,16,9,6,4,11,13,14,19,6,11,5,10,3,10,0,0,10,9,19,18,17,6,12,6,3,11,2,9,9,5,13,19,8,7,6,6,3,10,11,19,5,8,15,15,18,1,5,1,0,1,10,10,11,3,5,10,15,10,7,2,0,0,10,5,9,16,3,19,11,10,5,3,0,7,19,18,1,4,12,9,15,18,7,7,0,3,18,11,1,9,16,19,11,19,2,0,12,15,19,14,6,10,19,6,10,10,6,15,3,3,6,2,19,1,11,0,0,9,0,7,10,18,0,11,7,6,6,0,19,6,14,10,11,11,13,10,11,8,11,3,11,3,19,0,15,12,0,1,13,18,10,1,0,10,11,0,0,0,0,0,0,0,0,0,0,0,0,0,0,0,0,0,0,0,0,0,0,0,0,0,0,0,0,0,0,0,0,0,0,0,0,0,0,0,0,0,0,0,0,0,0,0,0,0,0,0,0,0,0,0,0,0",-0.25821406,0.11326151,3.0,0.25956294,93.39326,0.3187797,1.0,0.3187797,0.20419134,0.25956294,0.0,0.0,0.25956294,0.002403537,0.82323796,0.20419134,5.486365,1.8879874,93.39326,-0.25821406,2.83173,214.30717,0.20034617,0.20034617,1.0,214.30717,0.60464764,0.17676204,5.486365,0.002403537,0.3187797,0.11326151,0.0,1.8879874,2.83173,0.20034617,0.25821406,0.0,0.3187797,0.25821406,0.7981801,0.20034617,1.0,0.25956294,lookahead,beam_orig3_bm2-s0to100br1-s100to200br2-s200to300br2-s300to400br0
/work/T-REX/external/Proteina-Complexa/inference/search_binder_local_pipeline_32_PDL1_ALPHA_REPACK_v7_r001_warmstart_v7r001_00_complexa_beam_a42e8fc6f9a25/job_0_n_232_id_61_beam_orig0_bm3-s0to100br0-s100to200br2-s200to300br1-s300to400br1/job_0_n_232_id_61_beam_orig0_bm3-s0to100br0-s100to200br2-s200to300br1-s300to400br1.pdb,244,"2,0,13,16,19,16,19,14,11,3,10,18,19,19,6,18,7,15,2,12,16,9,6,4,11,13,14,19,6,11,5,10,3,10,0,0,10,9,19,18,17,6,12,6,3,11,2,9,9,5,13,19,8,7,6,6,3,10,11,19,5,8,15,15,18,1,5,1,0,1,10,10,11,3,5,10,15,10,7,2,0,0,10,5,9,16,3,19,11,10,5,3,0,7,19,18,1,4,12,9,15,18,7,7,0,3,18,11,1,9,16,19,11,19,2,0,2,0,13,16,19,16,19,14,11,3,10,18,19,19,6,18,7,15,2,12,16,9,6,4,11,13,14,19,6,11,5,10,3,10,0,0,10,9,19,18,17,6,12,6,3,11,2,9,9,5,13,19,8,7,6,6,3,10,11,19,5,8,15,15,18,1,5,1,0,1,10,10,11,3,5,10,15,10,7,2,0,0,10,5,9,16,3,19,11,10,5,3,0,7,19,18,1,4,12,9,15,18,7,7,0,3,18,11,1,9,16,19,11,19,2,0",-0.51896894,0.28944978,3.0,0.049859047,55.841057,0.05281075,1.0,0.05281075,0.30721068,0.012805497,0.0,0.0,0.049859047,0.0024661333,0.85999995,0.30721068,2.9180248,1.2767044,55.841057,-0.51896894,3.861968,196.54451,0.012489608,0.046907347,1.0,196.54451,0.26699173,0.14000003,2.9180248,0.0024661333,0.013121387,0.28944978,0.0,1.2767044,3.861968,0.012489608,0.51896894,0.0,0.013121387,0.51896894,0.5876899,0.046907347,1.0,0.012805497,lookahead,beam_orig0_bm3-s0to100br0-s100to200br2-s200to300br1-s300to400br1
/work/T-REX/external/Proteina-Complexa/inference/search_binder_local_pipeline_32_PDL1_ALPHA_REPACK_v7_r001_warmstart_v7r001_00_complexa_beam_a42e8fc6f9a25/job_0_n_229_id_61_beam_orig1_bm2-s0to100br1-s100to200br3-s200to300br2-s300to400br1/job_0_n_229_id_61_beam_orig1_bm2-s0to100br1-s100to200br3-s200to300br2-s300to400br1.pdb,245,"2,0,13,16,19,16,19,14,11,3,10,18,19,19,6,18,7,15,2,12,16,9,6,4,11,13,14,19,6,11,5,10,3,10,0,0,10,9,19,18,17,6,12,6,3,11,2,9,9,5,13,19,8,7,6,6,3,10,11,19,5,8,15,15,18,1,5,1,0,1,10,10,11,3,5,10,15,10,7,2,0,0,10,5,9,16,3,19,11,10,5,3,0,7,19,18,1,4,12,9,15,18,7,7,0,3,18,11,1,9,16,19,11,19,2,0,0,13,16,19,16,19,14,11,3,10,18,19,19,6,18,7,15,2,12,16,9,6,4,11,13,14,19,6,11,5,10,3,10,0,0,10,9,19,18,17,6,12,6,3,11,2,9,9,5,13,19,8,7,6,6,3,10,11,19,5,8,15,15,18,1,5,1,0,1,10,10,11,3,5,10,15,10,7,2,0,0,10,5,9,16,3,19,11,10,5,3,0,7,19,18,1,4,12,9,15,18,7,7,0,3,18,11,1,9,16,19,11,19,0,0,0",-0.51541907,0.28833857,3.0,0.04988233,47.74905,0.053123895,1.0,0.053123895,0.30569577,0.012752425,0.0,0.0,0.04988233,0.0017992037,0.86080027,0.30569577,2.3276725,1.2712332,47.74905,-0.51541907,3.824205,196.8746,0.012616525,0.04664076,1.0,196.8746,0.26800382,0.13919975,2.3276725,0.0017992037,0.0128883235,0.28833857,0.0,1.2712332,3.824205,0.012616525,0.51541907,0.0,0.0128883235,0.51541907,0.59139824,0.04664076,1.0,0.012752425,lookahead,beam_orig1_bm2-s0to100br1-s100to200br3-s200to300br2-s300to400br1
/work/T-REX/external/Proteina-Complexa/inference/search_binder_local_pipeline_32_PDL1_ALPHA_REPACK_v7_r001_warmstart_v7r001_00_complexa_beam_a42e8fc6f9a25/job_0_n_167_id_61_beam_orig2_bm2-s0to100br0-s100to200br2-s200to300br0-s300to400br1/job_0_n_167_id_61_beam_orig2_bm2-s0to100br0-s100to200br2-s200to300br0-s300to400br1.pdb,246,"2,0,13,16,19,16,19,14,11,3,10,18,19,19,6,18,7,15,2,12,16,9,6,4,11,13,14,19,6,11,5,10,3,10,0,0,10,9,19,18,17,6,12,6,3,11,2,9,9,5,13,19,8,7,6,6,3,10,11,19,5,8,15,15,18,1,5,1,0,1,10,10,11,3,5,10,15,10,7,2,0,0,10,5,9,16,3,19,11,10,5,3,0,7,19,18,1,4,12,9,15,18,7,7,0,3,18,11,1,9,16,19,11,19,2,0,2,19,0,3,10,0,6,3,9,18,11,0,15,5,0,19,3,15,3,16,10,9,1,0,12,1,0,10,3,11,10,6,19,14,2,3,16,10,5,0,6,10,6,11,5,1,10,0,0,6,0,0,0,0,0,0,0,0,0,0,0,0,0,0,0,0,0,0,0,0,0,0,0,0,0,0,0,0,0,0,0,0,0,0,0,0,0,0,0,0,0,0,0,0,0,0,0,0,0,0,0,0,0,0,0,0,0,0,0,0,0,0,0,0,0,0",-0.16828506,0.064031675,3.0,0.4593953,38.98088,0.5582429,1.0,0.5582429,0.14120418,0.4593953,0.0,0.0,0.4593953,0.003510923,0.88727915,0.14120418,2.360553,1.683208,38.98088,-0.16828506,2.2472768,168.10092,0.3605477,0.3605477,1.0,168.10092,0.76692665,0.11272085,2.360553,0.003510923,0.5582429,0.064031675,0.0,1.683208,2.2472768,0.3605477,0.16828506,0.0,0.5582429,0.16828506,0.8653448,0.3605477,1.0,0.4593953,lookahead,beam_orig2_bm2-s0to100br0-s100to200br2-s200to300br0-s300to400br1
/work/T-REX/external/Proteina-Complexa/inference/search_binder_local_pipeline_32_PDL1_ALPHA_REPACK_v7_r001_warmstart_v7r001_00_complexa_beam_a42e8fc6f9a25/job_0_n_175_id_61_beam_orig3_bm2-s0to100br1-s100to200br2-s200to300br2-s300to400br1/job_0_n_175_id_61_beam_orig3_bm2-s0to100br1-s100to200br2-s200to300br2-s300to400br1.pdb,247,"2,0,13,16,19,16,19,14,11,3,10,18,19,19,6,18,7,15,2,12,16,9,6,4,11,13,14,19,6,11,5,10,3,10,0,0,10,9,19,18,17,6,12,6,3,11,2,9,9,5,13,19,8,7,6,6,3,10,11,19,5,8,15,15,18,1,5,1,0,1,10,10,11,3,5,10,15,10,7,2,0,0,10,5,9,16,3,19,11,10,5,3,0,7,19,18,1,4,12,9,15,18,7,7,0,3,18,11,1,9,16,19,11,19,2,0,12,15,19,14,6,10,19,6,10,10,6,15,3,3,6,2,19,1,11,0,0,9,0,7,10,18,0,11,7,6,6,0,19,6,14,10,11,11,13,10,11,8,11,3,11,3,19,0,15,12,0,1,13,18,10,1,0,10,11,0,0,0,0,0,0,0,0,0,0,0,0,0,0,0,0,0,0,0,0,0,0,0,0,0,0,0,0,0,0,0,0,0,0,0,0,0,0,0,0,0,0,0,0,0,0,0,0,0,0,0,0,0,0,0,0,0",-0.24594341,0.10743045,3.0,0.2804149,91.632385,0.33779255,1.0,0.33779255,0.19554849,0.2804149,0.0,0.0,0.2804149,0.0023250005,0.82778543,0.19554849,5.082673,1.8753668,91.632385,-0.24594341,2.776997,214.70139,0.22303727,0.22303727,1.0,214.70139,0.6213874,0.17221455,5.082673,0.0023250005,0.33779255,0.10743045,0.0,1.8753668,2.776997,0.22303727,0.24594341,0.0,0.33779255,0.24594341,0.80593646,0.22303727,1.0,0.2804149,lookahead,beam_orig3_bm2-s0to100br1-s100to200br2-s200to300br2-s300to400br1
/work/T-REX/external/Proteina-Complexa/inference/search_binder_local_pipeline_32_PDL1_ALPHA_REPACK_v7_r001_warmstart_v7r001_00_complexa_beam_a42e8fc6f9a25/job_0_n_232_id_62_beam_orig0_bm3-s0to100br0-s100to200br2-s200to300br1-s300to400br2/job_0_n_232_id_62_beam_orig0_bm3-s0to100br0-s100to200br2-s200to300br1-s300to400br2.pdb,248,"2,0,13,16,19,16,19,14,11,3,10,18,19,19,6,18,7,15,2,12,16,9,6,4,11,13,14,19,6,11,5,10,3,10,0,0,10,9,19,18,17,6,12,6,3,11,2,9,9,5,13,19,8,7,6,6,3,10,11,19,5,8,15,15,18,1,5,1,0,1,10,10,11,3,5,10,15,10,7,2,0,0,10,5,9,16,3,19,11,10,5,3,0,7,19,18,1,4,12,9,15,18,7,7,0,3,18,11,1,9,16,19,11,19,2,0,2,0,13,16,19,16,19,14,11,3,10,18,19,19,6,18,7,15,2,12,16,9,6,4,11,13,14,19,6,11,5,10,3,10,0,0,10,9,19,18,17,6,12,6,3,11,2,9,9,5,13,19,8,7,6,6,3,10,11,19,5,8,15,15,18,1,5,1,0,1,10,10,11,3,5,10,15,10,7,2,0,0,10,5,9,16,3,19,11,10,5,3,0,7,19,18,1,4,12,9,15,18,7,7,0,3,18,11,1,9,16,19,11,19,2,0",-0.529249,0.2974216,3.0,0.044287764,54.986404,0.047677018,1.0,0.047677018,0.31252316,0.012229288,0.0,0.0,0.044287764,0.0025012272,0.85997295,0.31252316,3.0757802,1.2811188,54.986404,-0.529249,3.8923035,197.16753,0.0120289475,0.040898513,1.0,197.16753,0.2586787,0.14002705,3.0757802,0.0025012272,0.012429629,0.2974216,0.0,1.2811188,3.8923035,0.0120289475,0.529249,0.0,0.012429629,0.529249,0.58376354,0.040898513,1.0,0.012229288,lookahead,beam_orig0_bm3-s0to100br0-s100to200br2-s200to300br1-s300to400br2
/work/T-REX/external/Proteina-Complexa/inference/search_binder_local_pipeline_32_PDL1_ALPHA_REPACK_v7_r001_warmstart_v7r001_00_complexa_beam_a42e8fc6f9a25/job_0_n_229_id_62_beam_orig1_bm2-s0to100br1-s100to200br3-s200to300br2-s300to400br2/job_0_n_229_id_62_beam_orig1_bm2-s0to100br1-s100to200br3-s200to300br2-s300to400br2.pdb,249,"2,0,13,16,19,16,19,14,11,3,10,18,19,19,6,18,7,15,2,12,16,9,6,4,11,13,14,19,6,11,5,10,3,10,0,0,10,9,19,18,17,6,12,6,3,11,2,9,9,5,13,19,8,7,6,6,3,10,11,19,5,8,15,15,18,1,5,1,0,1,10,10,11,3,5,10,15,10,7,2,0,0,10,5,9,16,3,19,11,10,5,3,0,7,19,18,1,4,12,9,15,18,7,7,0,3,18,11,1,9,16,19,11,19,2,0,0,13,16,19,16,19,14,11,3,10,18,19,19,6,18,7,15,2,12,16,9,6,4,11,13,14,19,6,11,5,10,3,10,0,0,10,9,19,18,17,6,12,6,3,11,2,9,9,5,13,19,8,7,6,6,3,10,11,19,5,8,15,15,18,1,5,1,0,1,10,10,11,3,5,10,15,10,7,2,0,0,10,5,9,16,3,19,11,10,5,3,0,7,19,18,1,4,12,9,15,18,7,7,0,3,18,11,1,9,16,19,11,19,0,0,0",-0.5127645,0.28473294,3.0,0.051510673,50.081524,0.05436658,1.0,0.05436658,0.30419984,0.012883501,0.0,0.0,0.051510673,0.001793268,0.8610537,0.30419984,2.4109368,1.2694954,50.081524,-0.5127645,3.8173206,199.07256,0.012636163,0.048654765,1.0,199.07256,0.26958162,0.13894628,2.4109368,0.001793268,0.013130838,0.28473294,0.0,1.2694954,3.8173206,0.012636163,0.5127645,0.0,0.013130838,0.5127645,0.5923877,0.048654765,1.0,0.012883501,lookahead,beam_orig1_bm2-s0to100br1-s100to200br3-s200to300br2-s300to400br2
/work/T-REX/external/Proteina-Complexa/inference/search_binder_local_pipeline_32_PDL1_ALPHA_REPACK_v7_r001_warmstart_v7r001_00_complexa_beam_a42e8fc6f9a25/job_0_n_167_id_62_beam_orig2_bm2-s0to100br0-s100to200br2-s200to300br0-s300to400br2/job_0_n_167_id_62_beam_orig2_bm2-s0to100br0-s100to200br2-s200to300br0-s300to400br2.pdb,250,"2,0,13,16,19,16,19,14,11,3,10,18,19,19,6,18,7,15,2,12,16,9,6,4,11,13,14,19,6,11,5,10,3,10,0,0,10,9,19,18,17,6,12,6,3,11,2,9,9,5,13,19,8,7,6,6,3,10,11,19,5,8,15,15,18,1,5,1,0,1,10,10,11,3,5,10,15,10,7,2,0,0,10,5,9,16,3,19,11,10,5,3,0,7,19,18,1,4,12,9,15,18,7,7,0,3,18,11,1,9,16,19,11,19,2,0,2,19,0,3,10,0,6,6,9,18,11,0,15,5,0,19,3,15,3,16,10,9,1,0,12,1,0,10,3,11,10,6,19,14,2,3,16,10,5,0,6,10,6,11,5,1,10,0,0,6,0,0,0,0,0,0,0,0,0,0,0,0,0,0,0,0,0,0,0,0,0,0,0,0,0,0,0,0,0,0,0,0,0,0,0,0,0,0,0,0,0,0,0,0,0,0,0,0,0,0,0,0,0,0,0,0,0,0,0,0,0,0,0,0,0,0",-0.1694437,0.063001156,3.0,0.46366072,35.996315,0.56513065,1.0,0.56513065,0.142761,0.46366072,0.0,0.0,0.46366072,0.0035021831,0.8815,0.142761,2.2466834,1.7032558,35.996315,-0.1694437,2.2542963,167.98557,0.36219078,0.36219078,1.0,167.98557,0.7665395,0.118500024,2.2466834,0.0035021831,0.56513065,0.063001156,0.0,1.7032558,2.2542963,0.36219078,0.1694437,0.0,0.56513065,0.1694437,0.86497617,0.36219078,1.0,0.46366072,lookahead,beam_orig2_bm2-s0to100br0-s100to200br2-s200to300br0-s300to400br2
/work/T-REX/external/Proteina-Complexa/inference/search_binder_local_pipeline_32_PDL1_ALPHA_REPACK_v7_r001_warmstart_v7r001_00_complexa_beam_a42e8fc6f9a25/job_0_n_175_id_62_beam_orig3_bm2-s0to100br1-s100to200br2-s200to300br2-s300to400br2/job_0_n_175_id_62_beam_orig3_bm2-s0to100br1-s100to200br2-s200to300br2-s300to400br2.pdb,251,"2,0,13,16,19,16,19,14,11,3,10,18,19,19,6,18,7,15,2,12,16,9,6,4,11,13,14,19,6,11,5,10,3,10,0,0,10,9,19,18,17,6,12,6,3,11,2,9,9,5,13,19,8,7,6,6,3,10,11,19,5,8,15,15,18,1,5,1,0,1,10,10,11,3,5,10,15,10,7,2,0,0,10,5,9,16,3,19,11,10,5,3,0,7,19,18,1,4,12,9,15,18,7,7,0,3,18,11,1,9,16,19,11,19,2,0,12,2,19,14,6,10,19,6,10,10,6,15,3,3,6,2,19,1,11,0,0,9,0,7,10,18,0,11,7,6,6,0,19,6,14,10,11,11,13,10,11,8,11,3,11,3,19,0,15,12,0,1,13,18,10,1,0,10,11,0,0,0,0,0,0,0,0,0,0,0,0,0,0,0,0,0,0,0,0,0,0,0,0,0,0,0,0,0,0,0,0,0,0,0,0,0,0,0,0,0,0,0,0,0,0,0,0,0,0,0,0,0,0,0,0,0",-0.24604817,0.105791055,3.0,0.28609788,90.774254,0.34550646,1.0,0.34550646,0.19650859,0.28609788,0.0,0.0,0.28609788,0.0025441456,0.8251461,0.19650859,5.0508146,1.9100009,90.774254,-0.24604817,2.7708263,214.28188,0.22668934,0.22668934,1.0,214.28188,0.6233598,0.17485389,5.0508146,0.0025441456,0.34550646,0.105791055,0.0,1.9100009,2.7708263,0.22668934,0.24604817,0.0,0.34550646,0.24604817,0.8064516,0.22668934,1.0,0.28609788,lookahead,beam_orig3_bm2-s0to100br1-s100to200br2-s200to300br2-s300to400br2
/work/T-REX/external/Proteina-Complexa/inference/search_binder_local_pipeline_32_PDL1_ALPHA_REPACK_v7_r001_warmstart_v7r001_00_complexa_beam_a42e8fc6f9a25/job_0_n_232_id_63_beam_orig0_bm3-s0to100br0-s100to200br2-s200to300br1-s300to400br3/job_0_n_232_id_63_beam_orig0_bm3-s0to100br0-s100to200br2-s200to300br1-s300to400br3.pdb,252,"2,0,13,16,19,16,19,14,11,3,10,18,19,19,6,18,7,15,2,12,16,9,6,4,11,13,14,19,6,11,5,10,3,10,0,0,10,9,19,18,17,6,12,6,3,11,2,9,9,5,13,19,8,7,6,6,3,10,11,19,5,8,15,15,18,1,5,1,0,1,10,10,11,3,5,10,15,10,7,2,0,0,10,5,9,16,3,19,11,10,5,3,0,7,19,18,1,4,12,9,15,18,7,7,0,3,18,11,1,9,16,19,11,19,2,0,2,0,13,16,19,16,19,14,11,3,10,18,19,19,6,18,7,15,2,12,16,9,6,4,11,13,14,19,6,11,5,10,3,10,0,0,10,9,19,18,17,6,12,6,3,11,2,9,9,5,13,19,8,7,6,6,3,10,11,19,5,8,15,15,18,1,5,1,0,1,10,10,11,3,5,10,15,10,7,2,0,0,10,5,9,16,3,19,11,10,5,3,0,7,19,18,1,4,12,9,15,18,7,7,0,3,18,11,1,9,16,19,11,19,2,0",-0.52099013,0.28981027,3.0,0.049164586,55.29153,0.052488256,1.0,0.052488256,0.30837476,0.012799989,0.0,0.0,0.049164586,0.0024399054,0.8594006,0.30837476,2.8554482,1.2779095,55.29153,-0.52099013,3.8695173,198.01154,0.01251431,0.045840915,1.0,198.01154,0.26436347,0.14059944,2.8554482,0.0024399054,0.013085669,0.28981027,0.0,1.2779095,3.8695173,0.01251431,0.52099013,0.0,0.013085669,0.52099013,0.586444,0.045840915,1.0,0.012799989,lookahead,beam_orig0_bm3-s0to100br0-s100to200br2-s200to300br1-s300to400br3
/work/T-REX/external/Proteina-Complexa/inference/search_binder_local_pipeline_32_PDL1_ALPHA_REPACK_v7_r001_warmstart_v7r001_00_complexa_beam_a42e8fc6f9a25/job_0_n_229_id_63_beam_orig1_bm2-s0to100br1-s100to200br3-s200to300br2-s300to400br3/job_0_n_229_id_63_beam_orig1_bm2-s0to100br1-s100to200br3-s200to300br2-s300to400br3.pdb,253,"2,0,13,16,19,16,19,14,11,3,10,18,19,19,6,18,7,15,2,12,16,9,6,4,11,13,14,19,6,11,5,10,3,10,0,0,10,9,19,18,17,6,12,6,3,11,2,9,9,5,13,19,8,7,6,6,3,10,11,19,5,8,15,15,18,1,5,1,0,1,10,10,11,3,5,10,15,10,7,2,0,0,10,5,9,16,3,19,11,10,5,3,0,7,19,18,1,4,12,9,15,18,7,7,0,3,18,11,1,9,16,19,11,19,2,0,0,13,16,19,16,19,14,11,3,10,18,19,19,6,18,7,15,2,12,16,9,6,4,11,13,14,19,6,11,5,10,3,10,0,0,10,9,19,18,17,6,12,6,3,11,2,9,9,5,13,19,8,7,6,6,3,10,11,19,5,8,15,15,18,1,5,1,0,1,10,10,11,3,5,10,15,10,7,2,0,0,10,5,9,16,3,19,11,10,5,3,0,7,19,18,1,4,12,9,15,18,7,7,0,3,18,11,1,9,16,19,11,19,0,0,0",-0.5109705,0.28327838,3.0,0.05214375,48.26131,0.05500924,1.0,0.05500924,0.3032381,0.0131103285,0.0,0.0,0.05214375,0.0017711335,0.8612076,0.3032381,2.23427,1.2655737,48.26131,-0.5109705,3.8081815,199.01268,0.01289533,0.04927826,1.0,199.01268,0.26989758,0.13879243,2.23427,0.0017711335,0.013325326,0.28327838,0.0,1.2655737,3.8081815,0.01289533,0.5109705,0.0,0.013325326,0.5109705,0.59236425,0.04927826,1.0,0.0131103285,lookahead,beam_orig1_bm2-s0to100br1-s100to200br3-s200to300br2-s300to400br3
/work/T-REX/external/Proteina-Complexa/inference/search_binder_local_pipeline_32_PDL1_ALPHA_REPACK_v7_r001_warmstart_v7r001_00_complexa_beam_a42e8fc6f9a25/job_0_n_167_id_63_beam_orig2_bm2-s0to100br0-s100to200br2-s200to300br0-s300to400br3/job_0_n_167_id_63_beam_orig2_bm2-s0to100br0-s100to200br2-s200to300br0-s300to400br3.pdb,254,"2,0,13,16,19,16,19,14,11,3,10,18,19,19,6,18,7,15,2,12,16,9,6,4,11,13,14,19,6,11,5,10,3,10,0,0,10,9,19,18,17,6,12,6,3,11,2,9,9,5,13,19,8,7,6,6,3,10,11,19,5,8,15,15,18,1,5,1,0,1,10,10,11,3,5,10,15,10,7,2,0,0,10,5,9,16,3,19,11,10,5,3,0,7,19,18,1,4,12,9,15,18,7,7,0,3,18,11,1,9,16,19,11,19,2,0,2,19,0,3,10,0,6,2,9,18,11,0,15,5,0,19,3,15,3,16,10,9,1,0,12,1,0,10,3,11,10,6,19,14,2,3,16,10,5,0,6,10,6,11,5,1,10,0,0,6,0,0,0,0,0,0,0,0,0,0,0,0,0,0,0,0,0,0,0,0,0,0,0,0,0,0,0,0,0,0,0,0,0,0,0,0,0,0,0,0,0,0,0,0,0,0,0,0,0,0,0,0,0,0,0,0,0,0,0,0,0,0,0,0,0,0",-0.1689512,0.06281445,3.0,0.45576143,37.486553,0.5509413,1.0,0.5509413,0.14167583,0.45576143,0.0,0.0,0.45576143,0.0034595963,0.88598436,0.14167583,2.3616734,1.6997962,37.486553,-0.1689512,2.2494483,169.20317,0.36058158,0.36058158,1.0,169.20317,0.7679226,0.11401566,2.3616734,0.0034595963,0.5509413,0.06281445,0.0,1.6997962,2.2494483,0.36058158,0.1689512,0.0,0.5509413,0.1689512,0.8661795,0.36058158,1.0,0.45576143,lookahead,beam_orig2_bm2-s0to100br0-s100to200br2-s200to300br0-s300to400br3
/work/T-REX/external/Proteina-Complexa/inference/search_binder_local_pipeline_32_PDL1_ALPHA_REPACK_v7_r001_warmstart_v7r001_00_complexa_beam_a42e8fc6f9a25/job_0_n_175_id_63_beam_orig3_bm2-s0to100br1-s100to200br2-s200to300br2-s300to400br3/job_0_n_175_id_63_beam_orig3_bm2-s0to100br1-s100to200br2-s200to300br2-s300to400br3.pdb,255,"2,0,13,16,19,16,19,14,11,3,10,18,19,19,6,18,7,15,2,12,16,9,6,4,11,13,14,19,6,11,5,10,3,10,0,0,10,9,19,18,17,6,12,6,3,11,2,9,9,5,13,19,8,7,6,6,3,10,11,19,5,8,15,15,18,1,5,1,0,1,10,10,11,3,5,10,15,10,7,2,0,0,10,5,9,16,3,19,11,10,5,3,0,7,19,18,1,4,12,9,15,18,7,7,0,3,18,11,1,9,16,19,11,19,2,0,12,15,19,14,6,10,19,6,10,10,6,15,3,3,6,2,19,1,11,0,0,9,0,7,10,13,0,11,7,6,6,0,19,6,14,10,11,11,13,10,11,8,11,3,11,3,19,0,15,12,0,1,13,18,10,1,0,10,11,0,0,0,0,0,0,0,0,0,0,0,0,0,0,0,0,0,0,0,0,0,0,0,0,0,0,0,0,0,0,0,0,0,0,0,0,0,0,0,0,0,0,0,0,0,0,0,0,0,0,0,0,0,0,0,0,0",-0.22778311,0.09292282,3.0,0.34416553,102.0328,0.41620746,1.0,0.41620746,0.18639581,0.34416553,0.0,0.0,0.34416553,0.0023484433,0.8221002,0.18639581,5.0724306,1.9219599,102.0328,-0.22778311,2.6540802,231.63937,0.2721236,0.2721236,1.0,231.63937,0.67070866,0.1778998,5.0724306,0.0023484433,0.41620746,0.09292282,0.0,1.9219599,2.6540802,0.2721236,0.22778311,0.0,0.41620746,0.22778311,0.8228658,0.2721236,1.0,0.34416553,lookahead,beam_orig3_bm2-s0to100br1-s100to200br2-s200to300br2-s300to400br3
/work/T-REX/external/Proteina-Complexa/inference/search_binder_local_pipeline_32_PDL1_ALPHA_REPACK_v7_r001_warmstart_v7r001_00_complexa_beam_a42e8fc6f9a25/job_0_n_232_id_64_beam_orig0_bm0-s0to100br1-s100to200br3-s200to300br0-s300to400br3/job_0_n_232_id_64_beam_orig0_bm0-s0to100br1-s100to200br3-s200to300br0-s300to400br3.pdb,256,"2,0,13,16,19,16,19,14,11,3,10,18,19,19,6,18,7,15,2,12,16,9,6,4,11,13,14,19,6,11,5,10,3,10,0,0,10,9,19,18,17,6,12,6,3,11,2,9,9,5,13,19,8,7,6,6,3,10,11,19,5,8,15,15,18,1,5,1,0,1,10,10,11,3,5,10,15,10,7,2,0,0,10,5,9,16,3,19,11,10,5,3,0,7,19,18,1,4,12,9,15,18,7,7,0,3,18,11,1,9,16,19,11,19,2,0,2,0,13,16,19,16,19,14,11,3,10,18,19,19,6,18,7,15,2,12,16,9,6,4,11,13,14,19,6,11,5,10,3,10,0,0,10,9,19,18,17,6,12,6,3,11,2,9,9,5,13,19,8,7,6,6,3,10,11,19,5,8,15,15,18,1,5,1,0,1,10,10,11,3,5,10,15,10,7,2,0,0,10,5,9,16,3,19,11,10,5,3,0,7,19,18,1,4,12,9,15,18,7,7,0,3,18,11,1,9,16,19,11,19,2,0",-0.51665634,0.28682965,3.0,0.050718106,58.28643,0.0532842,1.0,0.0532842,0.30601817,0.012964742,0.0,0.0,0.050718106,0.0024851453,0.8600868,0.30601817,2.9112384,1.2784078,58.28643,-0.51665634,3.859504,196.81021,0.012646625,0.048152007,1.0,196.81021,0.26978987,0.13991322,2.9112384,0.0024851453,0.013282859,0.28682965,0.0,1.2784078,3.859504,0.012646625,0.51665634,0.0,0.013282859,0.51665634,0.5889564,0.048152007,1.0,0.012964742,final,beam_orig0_bm0-s0to100br1-s100to200br3-s200to300br0-s300to400br3
/work/T-REX/external/Proteina-Complexa/inference/search_binder_local_pipeline_32_PDL1_ALPHA_REPACK_v7_r001_warmstart_v7r001_00_complexa_beam_a42e8fc6f9a25/job_0_n_232_id_65_beam_orig0_bm0-s0to100br1-s100to200br3-s200to300br0-s300to400br0/job_0_n_232_id_65_beam_orig0_bm0-s0to100br1-s100to200br3-s200to300br0-s300to400br0.pdb,257,"2,0,13,16,19,16,19,14,11,3,10,18,19,19,6,18,7,15,2,12,16,9,6,4,11,13,14,19,6,11,5,10,3,10,0,0,10,9,19,18,17,6,12,6,3,11,2,9,9,5,13,19,8,7,6,6,3,10,11,19,5,8,15,15,18,1,5,1,0,1,10,10,11,3,5,10,15,10,7,2,0,0,10,5,9,16,3,19,11,10,5,3,0,7,19,18,1,4,12,9,15,18,7,7,0,3,18,11,1,9,16,19,11,19,2,0,2,0,13,16,19,16,19,14,11,3,10,18,19,19,6,18,7,15,2,12,16,9,6,4,11,13,14,19,6,11,5,10,3,10,0,0,10,9,19,18,17,6,12,6,3,11,2,9,9,5,13,19,8,7,6,6,3,10,11,19,5,8,15,15,18,1,5,1,0,1,10,10,11,3,5,10,15,10,7,2,0,0,10,5,9,16,3,19,11,10,5,3,0,7,19,18,1,4,12,9,15,18,7,7,0,3,18,11,1,9,16,19,11,19,2,0",-0.52512354,0.2949965,3.0,0.047037262,58.010902,0.050156992,1.0,0.050156992,0.31045455,0.012302933,0.0,0.0,0.047037262,0.0024836562,0.8598699,0.31045455,3.0006833,1.2818147,58.010902,-0.52512354,3.8801003,197.05025,0.0119719785,0.043917533,1.0,197.05025,0.26220405,0.1401301,3.0006833,0.0024836562,0.012633888,0.2949965,0.0,1.2818147,3.8801003,0.0119719785,0.52512354,0.0,0.012633888,0.52512354,0.5855663,0.043917533,1.0,0.012302933,final,beam_orig0_bm0-s0to100br1-s100to200br3-s200to300br0-s300to400br0
/work/T-REX/external/Proteina-Complexa/inference/search_binder_local_pipeline_32_PDL1_ALPHA_REPACK_v7_r001_warmstart_v7r001_00_complexa_beam_a42e8fc6f9a25/job_0_n_232_id_66_beam_orig0_bm0-s0to100br1-s100to200br3-s200to300br1-s300to400br2/job_0_n_232_id_66_beam_orig0_bm0-s0to100br1-s100to200br3-s200to300br1-s300to400br2.pdb,258,"2,0,13,16,19,16,19,14,11,3,10,18,19,19,6,18,7,15,2,12,16,9,6,4,11,13,14,19,6,11,5,10,3,10,0,0,10,9,19,18,17,6,12,6,3,11,2,9,9,5,13,19,8,7,6,6,3,10,11,19,5,8,15,15,18,1,5,1,0,1,10,10,11,3,5,10,15,10,7,2,0,0,10,5,9,16,3,19,11,10,5,3,0,7,19,18,1,4,12,9,15,18,7,7,0,3,18,11,1,9,16,19,11,19,2,0,2,0,13,16,19,16,19,14,11,3,10,18,19,19,6,18,7,15,2,12,16,9,6,4,11,13,14,19,6,11,5,10,3,10,0,0,10,9,19,18,17,6,12,6,3,11,2,9,9,5,13,19,8,7,6,6,3,10,11,19,5,8,15,15,18,1,5,1,0,1,10,10,11,3,5,10,15,10,7,2,0,0,10,5,9,16,3,19,11,10,5,3,0,7,19,18,1,4,12,9,15,18,7,7,0,3,18,11,1,9,16,19,11,19,2,0",-0.51678544,0.2862216,3.0,0.05091515,57.501396,0.053520273,1.0,0.053520273,0.30611417,0.012856481,0.0,0.0,0.05091515,0.0024541863,0.8599243,0.30611417,2.860703,1.2787383,57.501396,-0.51678544,3.8584857,198.7844,0.012712027,0.048310027,1.0,198.7844,0.2684176,0.14007568,2.860703,0.0024541863,0.013000934,0.2862216,0.0,1.2787383,3.8584857,0.012712027,0.51678544,0.0,0.013000934,0.51678544,0.5885604,0.048310027,1.0,0.012856481,final,beam_orig0_bm0-s0to100br1-s100to200br3-s200to300br1-s300to400br2
/work/T-REX/external/Proteina-Complexa/inference/search_binder_local_pipeline_32_PDL1_ALPHA_REPACK_v7_r001_warmstart_v7r001_00_complexa_beam_a42e8fc6f9a25/job_0_n_232_id_67_beam_orig0_bm0-s0to100br1-s100to200br3-s200to300br0-s300to400br1/job_0_n_232_id_67_beam_orig0_bm0-s0to100br1-s100to200br3-s200to300br0-s300to400br1.pdb,259,"2,0,13,16,19,16,19,14,11,3,10,18,19,19,6,18,7,15,2,12,16,9,6,4,11,13,14,19,6,11,5,10,3,10,0,0,10,9,19,18,17,6,12,6,3,11,2,9,9,5,13,19,8,7,6,6,3,10,11,19,5,8,15,15,18,1,5,1,0,1,10,10,11,3,5,10,15,10,7,2,0,0,10,5,9,16,3,19,11,10,5,3,0,7,19,18,1,4,12,9,15,18,7,7,0,3,18,11,1,9,16,19,11,19,2,0,2,0,13,16,19,16,19,14,11,3,10,18,19,19,6,18,7,15,2,12,16,9,6,4,11,13,14,19,6,11,5,10,3,10,0,0,10,9,19,18,17,6,12,6,3,11,2,9,9,5,13,19,8,7,6,6,3,10,11,19,5,8,15,15,18,1,5,1,0,1,10,10,11,3,5,10,15,10,7,2,0,0,10,5,9,16,3,19,11,10,5,3,0,7,19,18,1,4,12,9,15,18,7,7,0,3,18,11,1,9,16,19,11,19,2,0",-0.5281716,0.29732665,3.0,0.04389301,57.83746,0.047783542,1.0,0.047783542,0.31180307,0.012217982,0.0,0.0,0.04389301,0.0024092705,0.8600858,0.31180307,3.0391457,1.2790288,57.83746,-0.5281716,3.8873427,196.84706,0.0119948555,0.040002476,1.0,196.84706,0.26017594,0.1399142,3.0391457,0.0024092705,0.012441107,0.29732665,0.0,1.2790288,3.8873427,0.0119948555,0.5281716,0.0,0.012441107,0.5281716,0.5844906,0.040002476,1.0,0.012217982,final,beam_orig0_bm0-s0to100br1-s100to200br3-s200to300br0-s300to400br1
/work/T-REX/external/Proteina-Complexa/inference/search_binder_local_pipeline_32_PDL1_ALPHA_REPACK_v7_r001_warmstart_v7r001_00_complexa_beam_a42e8fc6f9a25/job_0_n_229_id_64_beam_orig1_bm2-s0to100br3-s100to200br2-s200to300br3-s300to400br1/job_0_n_229_id_64_beam_orig1_bm2-s0to100br3-s100to200br2-s200to300br3-s300to400br1.pdb,260,"2,0,13,16,19,16,19,14,11,3,10,18,19,19,6,18,7,15,2,12,16,9,6,4,11,13,14,19,6,11,5,10,3,10,0,0,10,9,19,18,17,6,12,6,3,11,2,9,9,5,13,19,8,7,6,6,3,10,11,19,5,8,15,15,18,1,5,1,0,1,10,10,11,3,5,10,15,10,7,2,0,0,10,5,9,16,3,19,11,10,5,3,0,7,19,18,1,4,12,9,15,18,7,7,0,3,18,11,1,9,16,19,11,19,2,0,0,13,16,19,16,19,14,11,3,10,18,19,19,6,18,7,15,2,12,16,9,6,4,11,13,14,19,6,11,5,10,3,10,0,0,10,9,19,18,17,6,12,6,3,11,2,9,9,5,13,19,8,7,6,6,3,10,11,19,5,8,15,15,18,1,5,1,0,1,10,10,11,3,5,10,15,10,7,2,0,0,10,5,9,16,3,19,11,10,5,3,0,7,19,18,1,4,12,9,15,18,7,7,0,3,18,11,1,9,16,19,11,19,0,0,0",-0.51871425,0.29442197,3.0,0.049013395,52.894764,0.051493302,1.0,0.051493302,0.30729938,0.012686607,0.0,0.0,0.049013395,0.001800975,0.8612,0.30729938,2.4419553,1.271204,52.894764,-0.51871425,3.8344517,201.16064,0.012194227,0.046533488,1.0,201.16064,0.2668563,0.13880002,2.4419553,0.001800975,0.013178987,0.29442197,0.0,1.271204,3.8344517,0.012194227,0.51871425,0.0,0.013178987,0.51871425,0.59098136,0.046533488,1.0,0.012686607,final,beam_orig1_bm2-s0to100br3-s100to200br2-s200to300br3-s300to400br1
/work/T-REX/external/Proteina-Complexa/inference/search_binder_local_pipeline_32_PDL1_ALPHA_REPACK_v7_r001_warmstart_v7r001_00_complexa_beam_a42e8fc6f9a25/job_0_n_229_id_65_beam_orig1_bm2-s0to100br3-s100to200br2-s200to300br3-s300to400br3/job_0_n_229_id_65_beam_orig1_bm2-s0to100br3-s100to200br2-s200to300br3-s300to400br3.pdb,261,"2,0,13,16,19,16,19,14,11,3,10,18,19,19,6,18,7,15,2,12,16,9,6,4,11,13,14,19,6,11,5,10,3,10,0,0,10,9,19,18,17,6,12,6,3,11,2,9,9,5,13,19,8,7,6,6,3,10,11,19,5,8,15,15,18,1,5,1,0,1,10,10,11,3,5,10,15,10,7,2,0,0,10,5,9,16,3,19,11,10,5,3,0,7,19,18,1,4,12,9,15,18,7,7,0,3,18,11,1,9,16,19,11,19,2,0,0,13,16,19,16,19,14,11,3,10,18,19,19,6,18,7,15,2,12,16,9,6,4,11,13,14,19,6,11,5,10,3,10,0,0,10,9,19,18,17,6,12,6,3,11,2,9,9,5,13,19,8,7,6,6,3,10,11,19,5,8,15,15,18,1,5,1,0,1,10,10,11,3,5,10,15,10,7,2,0,0,10,5,9,16,3,19,11,10,5,3,0,7,19,18,1,4,12,9,15,18,7,7,0,3,18,11,1,9,16,19,11,19,0,0,0",-0.5162231,0.28934544,3.0,0.049895674,55.069794,0.052759044,1.0,0.052759044,0.30596933,0.012973864,0.0,0.0,0.049895674,0.0017898552,0.8613189,0.30596933,2.5295863,1.2700657,55.069794,-0.5162231,3.8262124,197.75395,0.012497603,0.047032304,1.0,197.75395,0.2688416,0.13868113,2.5295863,0.0017898552,0.013450123,0.28934544,0.0,1.2700657,3.8262124,0.012497603,0.5162231,0.0,0.013450123,0.5162231,0.5918357,0.047032304,1.0,0.012973864,final,beam_orig1_bm2-s0to100br3-s100to200br2-s200to300br3-s300to400br3
/work/T-REX/external/Proteina-Complexa/inference/search_binder_local_pipeline_32_PDL1_ALPHA_REPACK_v7_r001_warmstart_v7r001_00_complexa_beam_a42e8fc6f9a25/job_0_n_229_id_66_beam_orig1_bm2-s0to100br1-s100to200br0-s200to300br1-s300to400br3/job_0_n_229_id_66_beam_orig1_bm2-s0to100br1-s100to200br0-s200to300br1-s300to400br3.pdb,262,"2,0,13,16,19,16,19,14,11,3,10,18,19,19,6,18,7,15,2,12,16,9,6,4,11,13,14,19,6,11,5,10,3,10,0,0,10,9,19,18,17,6,12,6,3,11,2,9,9,5,13,19,8,7,6,6,3,10,11,19,5,8,15,15,18,1,5,1,0,1,10,10,11,3,5,10,15,10,7,2,0,0,10,5,9,16,3,19,11,10,5,3,0,7,19,18,1,4,12,9,15,18,7,7,0,3,18,11,1,9,16,19,11,19,2,0,0,13,16,19,16,19,14,11,3,10,18,19,19,6,18,7,15,2,12,16,9,6,4,11,13,14,19,6,11,5,10,3,10,0,0,10,9,19,18,17,6,12,6,3,11,2,9,9,5,13,19,8,7,6,6,3,10,11,19,5,8,15,15,18,1,5,1,0,1,10,10,11,3,5,10,15,10,7,2,0,0,10,5,9,16,3,19,11,10,5,3,0,7,19,18,1,4,12,9,15,18,7,7,0,3,18,11,1,9,16,19,11,19,0,0,0",-0.51029813,0.282182,3.0,0.05218034,48.67696,0.05491395,1.0,0.05491395,0.30282202,0.013074471,0.0,0.0,0.05218034,0.0017703202,0.86152303,0.30282202,2.422133,1.2657144,48.67696,-0.51029813,3.80874,198.73997,0.012780955,0.049446728,1.0,198.73997,0.27183962,0.13847698,2.422133,0.0017703202,0.013367987,0.282182,0.0,1.2657144,3.80874,0.012780955,0.51029813,0.0,0.013367987,0.51029813,0.59342027,0.049446728,1.0,0.013074471,final,beam_orig1_bm2-s0to100br1-s100to200br0-s200to300br1-s300to400br3
/work/T-REX/external/Proteina-Complexa/inference/search_binder_local_pipeline_32_PDL1_ALPHA_REPACK_v7_r001_warmstart_v7r001_00_complexa_beam_a42e8fc6f9a25/job_0_n_229_id_67_beam_orig1_bm2-s0to100br1-s100to200br3-s200to300br2-s300to400br3/job_0_n_229_id_67_beam_orig1_bm2-s0to100br1-s100to200br3-s200to300br2-s300to400br3.pdb,263,"2,0,13,16,19,16,19,14,11,3,10,18,19,19,6,18,7,15,2,12,16,9,6,4,11,13,14,19,6,11,5,10,3,10,0,0,10,9,19,18,17,6,12,6,3,11,2,9,9,5,13,19,8,7,6,6,3,10,11,19,5,8,15,15,18,1,5,1,0,1,10,10,11,3,5,10,15,10,7,2,0,0,10,5,9,16,3,19,11,10,5,3,0,7,19,18,1,4,12,9,15,18,7,7,0,3,18,11,1,9,16,19,11,19,2,0,0,13,16,19,16,19,14,11,3,10,18,19,19,6,18,7,15,2,12,16,9,6,4,11,13,14,19,6,11,5,10,3,10,0,0,10,9,19,18,17,6,12,6,3,11,2,9,9,5,13,19,8,7,6,6,3,10,11,19,5,8,15,15,18,1,5,1,0,1,10,10,11,3,5,10,15,10,7,2,0,0,10,5,9,16,3,19,11,10,5,3,0,7,19,18,1,4,12,9,15,18,7,7,0,3,18,11,1,9,16,19,11,19,0,0,0",-0.5079683,0.28091264,3.0,0.053409964,46.566536,0.05689344,1.0,0.05689344,0.30172023,0.013426237,0.0,0.0,0.053409964,0.0017918918,0.86115,0.30172023,2.076693,1.264604,46.566536,-0.5079683,3.7943897,198.89413,0.013098345,0.049926486,1.0,198.89413,0.27216604,0.13885,2.076693,0.0017918918,0.013754128,0.28091264,0.0,1.264604,3.7943897,0.013098345,0.5079683,0.0,0.013754128,0.5079683,0.5936853,0.049926486,1.0,0.013426237,final,beam_orig1_bm2-s0to100br1-s100to200br3-s200to300br2-s300to400br3
/work/T-REX/external/Proteina-Complexa/inference/search_binder_local_pipeline_32_PDL1_ALPHA_REPACK_v7_r001_warmstart_v7r001_00_complexa_beam_a42e8fc6f9a25/job_0_n_167_id_64_beam_orig2_bm3-s0to100br1-s100to200br0-s200to300br0-s300to400br3/job_0_n_167_id_64_beam_orig2_bm3-s0to100br1-s100to200br0-s200to300br0-s300to400br3.pdb,264,"2,0,13,16,19,16,19,14,11,3,10,18,19,19,6,18,7,15,2,12,16,9,6,4,11,13,14,19,6,11,5,10,3,10,0,0,10,9,19,18,17,6,12,6,3,11,2,9,9,5,13,19,8,7,6,6,3,10,11,19,5,8,15,15,18,1,5,1,0,1,10,10,11,3,5,10,15,10,7,2,0,0,10,5,9,16,3,19,11,10,5,3,0,7,19,18,1,4,12,9,15,18,7,7,0,3,18,11,1,9,16,19,11,19,2,0,12,10,2,3,18,10,5,16,19,19,6,11,3,15,5,6,2,13,5,10,0,9,2,6,7,19,1,10,7,18,15,5,5,3,0,0,2,0,19,13,5,15,10,19,2,1,11,19,9,16,10,0,0,0,0,0,0,0,0,0,0,0,0,0,0,0,0,0,0,0,0,0,0,0,0,0,0,0,0,0,0,0,0,0,0,0,0,0,0,0,0,0,0,0,0,0,0,0,0,0,0,0,0,0,0,0,0,0,0,0,0,0,0,0,0,0",-0.14051232,0.038754053,3.0,0.6566539,60.04432,0.74960184,1.0,0.74960184,0.120130025,0.6566539,0.0,0.0,0.6566539,0.0009689647,0.9184794,0.120130025,5.365203,1.5692081,60.04432,-0.14051232,1.7641284,245.66885,0.5637059,0.5637059,1.0,245.66885,0.85870457,0.08152061,5.365203,0.0009689647,0.74960184,0.038754053,0.0,1.5692081,1.7641284,0.5637059,0.14051232,0.0,0.74960184,0.14051232,0.8921459,0.5637059,1.0,0.6566539,final,beam_orig2_bm3-s0to100br1-s100to200br0-s200to300br0-s300to400br3
/work/T-REX/external/Proteina-Complexa/inference/search_binder_local_pipeline_32_PDL1_ALPHA_REPACK_v7_r001_warmstart_v7r001_00_complexa_beam_a42e8fc6f9a25/job_0_n_167_id_65_beam_orig2_bm3-s0to100br1-s100to200br0-s200to300br0-s300to400br0/job_0_n_167_id_65_beam_orig2_bm3-s0to100br1-s100to200br0-s200to300br0-s300to400br0.pdb,265,"2,0,13,16,19,16,19,14,11,3,10,18,19,19,6,18,7,15,2,12,16,9,6,4,11,13,14,19,6,11,5,10,3,10,0,0,10,9,19,18,17,6,12,6,3,11,2,9,9,5,13,19,8,7,6,6,3,10,11,19,5,8,15,15,18,1,5,1,0,1,10,10,11,3,5,10,15,10,7,2,0,0,10,5,9,16,3,19,11,10,5,3,0,7,19,18,1,4,12,9,15,18,7,7,0,3,18,11,1,9,16,19,11,19,2,0,12,10,2,3,18,10,5,16,19,19,6,11,3,15,5,6,2,13,5,10,0,9,2,6,7,19,1,10,7,18,15,5,5,3,0,0,2,0,19,13,5,15,10,19,2,1,11,19,9,16,10,0,0,0,0,0,0,0,0,0,0,0,0,0,0,0,0,0,0,0,0,0,0,0,0,0,0,0,0,0,0,0,0,0,0,0,0,0,0,0,0,0,0,0,0,0,0,0,0,0,0,0,0,0,0,0,0,0,0,0,0,0,0,0,0,0",-0.14099544,0.039187975,3.0,0.6564127,61.267708,0.74921,1.0,0.74921,0.12057728,0.6564127,0.0,0.0,0.6564127,0.00094808906,0.9177176,0.12057728,5.29161,1.5715718,61.267708,-0.14099544,1.7685168,245.54753,0.5636155,0.5636155,1.0,245.54753,0.8585088,0.08228241,5.29161,0.00094808906,0.74921,0.039187975,0.0,1.5715718,1.7685168,0.5636155,0.14099544,0.0,0.74921,0.14099544,0.89213216,0.5636155,1.0,0.6564127,final,beam_orig2_bm3-s0to100br1-s100to200br0-s200to300br0-s300to400br0
/work/T-REX/external/Proteina-Complexa/inference/search_binder_local_pipeline_32_PDL1_ALPHA_REPACK_v7_r001_warmstart_v7r001_00_complexa_beam_a42e8fc6f9a25/job_0_n_167_id_66_beam_orig2_bm3-s0to100br1-s100to200br0-s200to300br0-s300to400br2/job_0_n_167_id_66_beam_orig2_bm3-s0to100br1-s100to200br0-s200to300br0-s300to400br2.pdb,266,"2,0,13,16,19,16,19,14,11,3,10,18,19,19,6,18,7,15,2,12,16,9,6,4,11,13,14,19,6,11,5,10,3,10,0,0,10,9,19,18,17,6,12,6,3,11,2,9,9,5,13,19,8,7,6,6,3,10,11,19,5,8,15,15,18,1,5,1,0,1,10,10,11,3,5,10,15,10,7,2,0,0,10,5,9,16,3,19,11,10,5,3,0,7,19,18,1,4,12,9,15,18,7,7,0,3,18,11,1,9,16,19,11,19,2,0,12,10,2,3,18,10,5,16,19,19,6,11,3,15,5,6,2,13,5,10,0,9,2,6,7,19,1,10,7,18,15,5,5,3,0,0,2,0,19,13,5,15,10,19,2,1,11,19,9,16,10,0,0,0,0,0,0,0,0,0,0,0,0,0,0,0,0,0,0,0,0,0,0,0,0,0,0,0,0,0,0,0,0,0,0,0,0,0,0,0,0,0,0,0,0,0,0,0,0,0,0,0,0,0,0,0,0,0,0,0,0,0,0,0,0,0",-0.14092058,0.039368276,3.0,0.6557554,61.19863,0.74832064,1.0,0.74832064,0.12057274,0.6557554,0.0,0.0,0.6557554,0.0009789047,0.91747046,0.12057274,5.30003,1.5782074,61.19863,-0.14092058,1.7665331,244.93552,0.56319016,0.56319016,1.0,244.93552,0.8582973,0.08252956,5.30003,0.0009789047,0.74832064,0.039368276,0.0,1.5782074,1.7665331,0.56319016,0.14092058,0.0,0.74832064,0.14092058,0.891962,0.56319016,1.0,0.6557554,final,beam_orig2_bm3-s0to100br1-s100to200br0-s200to300br0-s300to400br2
/work/T-REX/external/Proteina-Complexa/inference/search_binder_local_pipeline_32_PDL1_ALPHA_REPACK_v7_r001_warmstart_v7r001_00_complexa_beam_a42e8fc6f9a25/job_0_n_167_id_67_beam_orig2_bm3-s0to100br1-s100to200br0-s200to300br0-s300to400br1/job_0_n_167_id_67_beam_orig2_bm3-s0to100br1-s100to200br0-s200to300br0-s300to400br1.pdb,267,"2,0,13,16,19,16,19,14,11,3,10,18,19,19,6,18,7,15,2,12,16,9,6,4,11,13,14,19,6,11,5,10,3,10,0,0,10,9,19,18,17,6,12,6,3,11,2,9,9,5,13,19,8,7,6,6,3,10,11,19,5,8,15,15,18,1,5,1,0,1,10,10,11,3,5,10,15,10,7,2,0,0,10,5,9,16,3,19,11,10,5,3,0,7,19,18,1,4,12,9,15,18,7,7,0,3,18,11,1,9,16,19,11,19,2,0,12,10,2,3,18,10,5,16,19,19,6,11,3,15,5,6,2,13,5,10,0,9,2,6,7,19,1,10,7,18,15,5,5,3,0,0,2,0,19,13,5,15,10,19,2,1,11,19,9,16,10,0,0,0,0,0,0,0,0,0,0,0,0,0,0,0,0,0,0,0,0,0,0,0,0,0,0,0,0,0,0,0,0,0,0,0,0,0,0,0,0,0,0,0,0,0,0,0,0,0,0,0,0,0,0,0,0,0,0,0,0,0,0,0,0,0",-0.1419697,0.039065357,3.0,0.6538425,62.492805,0.7477937,1.0,0.7477937,0.121614195,0.6538425,0.0,0.0,0.6538425,0.001007197,0.91564345,0.121614195,5.3825307,1.5896119,62.492805,-0.1419697,1.7798024,247.87247,0.55989134,0.55989134,1.0,247.87247,0.8567656,0.08435654,5.3825307,0.001007197,0.7477937,0.039065357,0.0,1.5896119,1.7798024,0.55989134,0.1419697,0.0,0.7477937,0.1419697,0.8915101,0.55989134,1.0,0.6538425,final,beam_orig2_bm3-s0to100br1-s100to200br0-s200to300br0-s300to400br1
/work/T-REX/external/Proteina-Complexa/inference/search_binder_local_pipeline_32_PDL1_ALPHA_REPACK_v7_r001_warmstart_v7r001_00_complexa_beam_a42e8fc6f9a25/job_0_n_175_id_64_beam_orig3_bm2-s0to100br1-s100to200br2-s200to300br1-s300to400br1/job_0_n_175_id_64_beam_orig3_bm2-s0to100br1-s100to200br2-s200to300br1-s300to400br1.pdb,268,"2,0,13,16,19,16,19,14,11,3,10,18,19,19,6,18,7,15,2,12,16,9,6,4,11,13,14,19,6,11,5,10,3,10,0,0,10,9,19,18,17,6,12,6,3,11,2,9,9,5,13,19,8,7,6,6,3,10,11,19,5,8,15,15,18,1,5,1,0,1,10,10,11,3,5,10,15,10,7,2,0,0,10,5,9,16,3,19,11,10,5,3,0,7,19,18,1,4,12,9,15,18,7,7,0,3,18,11,1,9,16,19,11,19,2,0,12,15,19,6,6,10,19,11,10,10,6,15,14,3,6,2,19,1,11,0,0,9,0,7,10,13,0,11,7,6,6,0,19,6,14,10,11,11,13,10,11,8,11,3,11,3,19,0,15,18,0,1,13,18,10,1,0,10,11,0,0,0,0,0,0,0,0,0,0,0,0,0,0,0,0,0,0,0,0,0,0,0,0,0,0,0,0,0,0,0,0,0,0,0,0,0,0,0,0,0,0,0,0,0,0,0,0,0,0,0,0,0,0,0,0,0",-0.17545544,0.066213086,3.0,0.48828584,104.08459,0.56871265,1.0,0.56871265,0.14651313,0.48828584,0.0,0.0,0.48828584,0.0017156167,0.87209785,0.14651313,5.373319,1.77561,104.08459,-0.17545544,2.2755826,248.06168,0.40785903,0.40785903,1.0,248.06168,0.76074547,0.12790214,5.373319,0.0017156167,0.56871265,0.066213086,0.0,1.77561,2.2755826,0.40785903,0.17545544,0.0,0.56871265,0.17545544,0.8552995,0.40785903,1.0,0.48828584,final,beam_orig3_bm2-s0to100br1-s100to200br2-s200to300br1-s300to400br1
/work/T-REX/external/Proteina-Complexa/inference/search_binder_local_pipeline_32_PDL1_ALPHA_REPACK_v7_r001_warmstart_v7r001_00_complexa_beam_a42e8fc6f9a25/job_0_n_175_id_65_beam_orig3_bm2-s0to100br1-s100to200br2-s200to300br1-s300to400br3/job_0_n_175_id_65_beam_orig3_bm2-s0to100br1-s100to200br2-s200to300br1-s300to400br3.pdb,269,"2,0,13,16,19,16,19,14,11,3,10,18,19,19,6,18,7,15,2,12,16,9,6,4,11,13,14,19,6,11,5,10,3,10,0,0,10,9,19,18,17,6,12,6,3,11,2,9,9,5,13,19,8,7,6,6,3,10,11,19,5,8,15,15,18,1,5,1,0,1,10,10,11,3,5,10,15,10,7,2,0,0,10,5,9,16,3,19,11,10,5,3,0,7,19,18,1,4,12,9,15,18,7,7,0,3,18,11,1,9,16,19,11,19,2,0,12,15,19,6,6,10,19,11,10,10,6,15,14,3,6,2,19,1,11,0,0,9,0,7,10,13,0,11,7,6,6,0,19,6,14,10,11,11,13,10,11,8,11,3,11,3,19,0,15,18,0,1,13,18,10,1,0,10,11,0,0,0,0,0,0,0,0,0,0,0,0,0,0,0,0,0,0,0,0,0,0,0,0,0,0,0,0,0,0,0,0,0,0,0,0,0,0,0,0,0,0,0,0,0,0,0,0,0,0,0,0,0,0,0,0,0",-0.17408714,0.065090396,3.0,0.49432755,103.41365,0.57252955,1.0,0.57252955,0.14555243,0.49432755,0.0,0.0,0.49432755,0.0017764033,0.8729546,0.14555243,5.2615294,1.777118,103.41365,-0.17408714,2.2648835,246.99776,0.41612554,0.41612554,1.0,246.99776,0.76268023,0.12704536,5.2615294,0.0017764033,0.57252955,0.065090396,0.0,1.777118,2.2648835,0.41612554,0.17408714,0.0,0.57252955,0.17408714,0.8556398,0.41612554,1.0,0.49432755,final,beam_orig3_bm2-s0to100br1-s100to200br2-s200to300br1-s300to400br3
/work/T-REX/external/Proteina-Complexa/inference/search_binder_local_pipeline_32_PDL1_ALPHA_REPACK_v7_r001_warmstart_v7r001_00_complexa_beam_a42e8fc6f9a25/job_0_n_175_id_66_beam_orig3_bm2-s0to100br1-s100to200br2-s200to300br1-s300to400br0/job_0_n_175_id_66_beam_orig3_bm2-s0to100br1-s100to200br2-s200to300br1-s300to400br0.pdb,270,"2,0,13,16,19,16,19,14,11,3,10,18,19,19,6,18,7,15,2,12,16,9,6,4,11,13,14,19,6,11,5,10,3,10,0,0,10,9,19,18,17,6,12,6,3,11,2,9,9,5,13,19,8,7,6,6,3,10,11,19,5,8,15,15,18,1,5,1,0,1,10,10,11,3,5,10,15,10,7,2,0,0,10,5,9,16,3,19,11,10,5,3,0,7,19,18,1,4,12,9,15,18,7,7,0,3,18,11,1,9,16,19,11,19,2,0,12,15,19,6,6,10,19,11,10,10,6,15,14,3,6,2,19,1,11,0,0,9,0,7,10,13,0,11,7,6,6,0,19,6,14,10,11,11,13,10,11,8,11,3,11,3,19,0,15,18,0,1,13,18,10,1,0,10,11,0,0,0,0,0,0,0,0,0,0,0,0,0,0,0,0,0,0,0,0,0,0,0,0,0,0,0,0,0,0,0,0,0,0,0,0,0,0,0,0,0,0,0,0,0,0,0,0,0,0,0,0,0,0,0,0,0",-0.17671844,0.067985535,3.0,0.48371726,103.26595,0.56199723,1.0,0.56199723,0.14751582,0.48371726,0.0,0.0,0.48371726,0.0017582835,0.8705701,0.14751582,5.2597713,1.7829686,103.26595,-0.17671844,2.2884717,246.03366,0.4054373,0.4054373,1.0,246.03366,0.7582001,0.12942986,5.2597713,0.0017582835,0.56199723,0.067985535,0.0,1.7829686,2.2884717,0.4054373,0.17671844,0.0,0.56199723,0.17671844,0.8542125,0.4054373,1.0,0.48371726,final,beam_orig3_bm2-s0to100br1-s100to200br2-s200to300br1-s300to400br0
/work/T-REX/external/Proteina-Complexa/inference/search_binder_local_pipeline_32_PDL1_ALPHA_REPACK_v7_r001_warmstart_v7r001_00_complexa_beam_a42e8fc6f9a25/job_0_n_175_id_67_beam_orig3_bm2-s0to100br1-s100to200br2-s200to300br1-s300to400br2/job_0_n_175_id_67_beam_orig3_bm2-s0to100br1-s100to200br2-s200to300br1-s300to400br2.pdb,271,"2,0,13,16,19,16,19,14,11,3,10,18,19,19,6,18,7,15,2,12,16,9,6,4,11,13,14,19,6,11,5,10,3,10,0,0,10,9,19,18,17,6,12,6,3,11,2,9,9,5,13,19,8,7,6,6,3,10,11,19,5,8,15,15,18,1,5,1,0,1,10,10,11,3,5,10,15,10,7,2,0,0,10,5,9,16,3,19,11,10,5,3,0,7,19,18,1,4,12,9,15,18,7,7,0,3,18,11,1,9,16,19,11,19,2,0,12,15,19,6,6,10,19,11,10,10,6,15,14,3,6,2,19,1,11,0,0,9,0,7,10,13,0,11,7,6,6,0,19,6,14,10,11,11,13,10,11,8,11,3,11,3,19,0,15,18,0,1,13,18,10,1,0,10,11,0,0,0,0,0,0,0,0,0,0,0,0,0,0,0,0,0,0,0,0,0,0,0,0,0,0,0,0,0,0,0,0,0,0,0,0,0,0,0,0,0,0,0,0,0,0,0,0,0,0,0,0,0,0,0,0,0",-0.17541496,0.06630804,3.0,0.49025849,104.11099,0.5694537,1.0,0.5694537,0.14661486,0.49025849,0.0,0.0,0.49025849,0.0017711339,0.87169504,0.14661486,5.366199,1.7803988,104.11099,-0.17541496,2.2734149,247.70981,0.41106325,0.41106325,1.0,247.70981,0.7616731,0.12830499,5.366199,0.0017711339,0.5694537,0.06630804,0.0,1.7803988,2.2734149,0.41106325,0.17541496,0.0,0.5694537,0.17541496,0.85569715,0.41106325,1.0,0.49025849,final,beam_orig3_bm2-s0to100br1-s100to200br2-s200to300br1-s300to400br2
