pdb_path,pdb_index,aatype,total_reward,af2folding_min_ipae,af2folding_i_ptm,af2folding_recycles_log,af2folding_avg_ipsae,af2folding_fape_log,af2folding_max_ipsae,af2folding_seqid_log,af2folding_max_ipsae_log,af2folding_pae_log,af2folding_avg_ipsae_10,af2folding_hard_log,af2folding_models_log,af2folding_avg_ipsae_log,af2folding_exp_res_log,af2folding_plddt_log,af2folding_pae,af2folding_rmsd,af2folding_con_log,af2folding_fape,af2folding_loss_log,af2folding_i_con,af2folding_dgram_cce_log,af2folding_min_ipsae_10,af2folding_min_ipsae_log,af2folding_soft_log,af2folding_dgram_cce,af2folding_i_ptm_log,af2folding_plddt,af2folding_rmsd_log,af2folding_exp_res,af2folding_max_ipsae_10,af2folding_min_ipae_log,af2folding_seq_ent_log,af2folding_con,af2folding_i_con_log,af2folding_min_ipsae_10_log,af2folding_i_pae_log,af2folding_seq_ent,af2folding_max_ipsae_10_log,af2folding_i_pae,af2folding_ptm_log,af2folding_min_ipsae,af2folding_temp_log,af2folding_avg_ipsae_10_log,sample_type,metadata_tag
/work/T-REX/external/Proteina-Complexa/inference/search_binder_local_pipeline_32_PDL1_ALPHA_REPACK_v7_r007_cand_v7r007_hyp_0007_00_001_a92db08c2022c/job_0_n_207_id_0_beam_orig0_bm0-s0to100br0/job_0_n_207_id_0_beam_orig0_bm0-s0to100br0.pdb,0,"2,0,13,16,19,16,19,14,11,3,10,18,19,19,6,18,7,15,2,12,16,9,6,4,11,13,14,19,6,11,5,10,3,10,0,0,10,9,19,18,17,6,12,6,3,11,2,9,9,5,13,19,8,7,6,6,3,10,11,19,5,8,15,15,18,1,5,1,0,1,10,10,11,3,5,10,15,10,7,2,0,0,10,5,9,16,3,19,11,10,5,3,0,7,19,18,1,4,12,9,15,18,7,7,0,3,18,11,1,9,16,19,11,19,2,0,15,16,6,3,10,11,0,6,0,10,11,11,4,11,6,0,9,6,5,0,11,10,7,2,13,6,6,0,6,11,10,10,11,6,0,6,6,10,0,6,11,19,2,3,14,19,19,17,0,2,10,0,10,0,18,6,6,10,0,11,0,18,12,6,11,7,2,13,6,6,0,7,11,0,9,3,6,0,11,11,0,1,6,11,0,7,7,0,5,14,10",0.6646144,0.060072463,0.25225735,3.0,0.48137492,47.79227,0.5337091,1.0,0.5337091,0.13754572,0.48137492,0.0,0.0,0.48137492,0.004546637,0.94949615,0.13754572,2.9073725,1.1592577,47.79227,0.6646144,2.7915547,145.28532,0.42904073,0.42904073,1.0,145.28532,0.74774265,0.050503854,2.9073725,0.004546637,0.5337091,0.060072463,0.0,1.1592577,2.7915547,0.42904073,0.19514655,0.0,0.5337091,0.19514655,0.83067775,0.42904073,1.0,0.48137492,lookahead,beam_orig0_bm0-s0to100br0
/work/T-REX/external/Proteina-Complexa/inference/search_binder_local_pipeline_32_PDL1_ALPHA_REPACK_v7_r007_cand_v7r007_hyp_0007_00_001_a92db08c2022c/job_0_n_196_id_0_beam_orig1_bm0-s0to100br0/job_0_n_196_id_0_beam_orig1_bm0-s0to100br0.pdb,1,"2,0,13,16,19,16,19,14,11,3,10,18,19,19,6,18,7,15,2,12,16,9,6,4,11,13,14,19,6,11,5,10,3,10,0,0,10,9,19,18,17,6,12,6,3,11,2,9,9,5,13,19,8,7,6,6,3,10,11,19,5,8,15,15,18,1,5,1,0,1,10,10,11,3,5,10,15,10,7,2,0,0,10,5,9,16,3,19,11,10,5,3,0,7,19,18,1,4,12,9,15,18,7,7,0,3,18,11,1,9,16,19,11,19,2,0,2,10,7,2,10,18,11,15,5,7,11,10,3,10,0,6,11,6,18,11,1,0,9,6,10,11,14,3,13,0,6,0,8,18,2,10,7,19,10,18,5,13,16,7,5,10,3,10,0,6,11,6,18,11,1,0,10,6,10,11,14,3,13,11,6,0,11,16,6,10,3,2,10,10,11,18,11,6,15,10,0,0,0,0,0,0,0,0,0,0,0",0.6415181,0.2913104,0.75621617,3.0,0.034772485,102.032845,0.035624884,1.0,0.035624884,0.34635955,0.012654569,0.0,0.0,0.034772485,0.00196613,0.81997514,0.34635955,11.244037,1.4098475,102.032845,0.6415181,3.744744,213.96544,0.011589984,0.033920087,1.0,213.96544,0.24378386,0.18002485,11.244037,0.00196613,0.0137191545,0.2913104,0.0,1.4098475,3.744744,0.011589984,0.52757865,0.0,0.0137191545,0.52757865,0.6238885,0.033920087,1.0,0.012654569,lookahead,beam_orig1_bm0-s0to100br0
/work/T-REX/external/Proteina-Complexa/inference/search_binder_local_pipeline_32_PDL1_ALPHA_REPACK_v7_r007_cand_v7r007_hyp_0007_00_001_a92db08c2022c/job_0_n_170_id_0_beam_orig2_bm0-s0to100br0/job_0_n_170_id_0_beam_orig2_bm0-s0to100br0.pdb,2,"2,0,13,16,19,16,19,14,11,3,10,18,19,19,6,18,7,15,2,12,16,9,6,4,11,13,14,19,6,11,5,10,3,10,0,0,10,9,19,18,17,6,12,6,3,11,2,9,9,5,13,19,8,7,6,6,3,10,11,19,5,8,15,15,18,1,5,1,0,1,10,10,11,3,5,10,15,10,7,2,0,0,10,5,9,16,3,19,11,10,5,3,0,7,19,18,1,4,12,9,15,18,7,7,0,3,18,11,1,9,16,19,11,19,2,0,15,3,6,0,9,1,10,2,16,10,7,2,10,10,11,10,5,7,11,10,3,6,0,6,11,0,18,1,11,0,10,6,9,11,14,3,13,0,6,0,8,2,2,10,0,0,19,10,11,0,5,7,11,10,0,0,0,0,0,0,0,0,0,0,0,0,0,0,0,0,0,0,0,0,0,0,0,0,0,0,0,0,0,0,0,0,0,0,0,0,0",0.6414324,0.2597966,0.69901526,3.0,0.048711777,93.4223,0.049022444,1.0,0.049022444,0.3340783,0.013906665,0.0,0.0,0.048711777,0.0019016431,0.8158165,0.3340783,5.6907253,1.2846564,93.4223,0.6414324,3.5052407,202.4031,0.012499477,0.048401114,1.0,202.4031,0.30098477,0.18418348,5.6907253,0.0019016431,0.015313854,0.2597966,0.0,1.2846564,3.5052407,0.012499477,0.45580235,0.0,0.015313854,0.45580235,0.70660716,0.048401114,1.0,0.013906665,lookahead,beam_orig2_bm0-s0to100br0
/work/T-REX/external/Proteina-Complexa/inference/search_binder_local_pipeline_32_PDL1_ALPHA_REPACK_v7_r007_cand_v7r007_hyp_0007_00_001_a92db08c2022c/job_0_n_191_id_0_beam_orig3_bm0-s0to100br0/job_0_n_191_id_0_beam_orig3_bm0-s0to100br0.pdb,3,"2,0,13,16,19,16,19,14,11,3,10,18,19,19,6,18,7,15,2,12,16,9,6,4,11,13,14,19,6,11,5,10,3,10,0,0,10,9,19,18,17,6,12,6,3,11,2,9,9,5,13,19,8,7,6,6,3,10,11,19,5,8,15,15,18,1,5,1,0,1,10,10,11,3,5,10,15,10,7,2,0,0,10,5,9,16,3,19,11,10,5,3,0,7,19,18,1,4,12,9,15,18,7,7,0,3,18,11,1,9,16,19,11,19,2,0,18,6,13,11,16,13,6,3,2,6,11,0,0,9,10,15,19,15,11,6,18,2,10,15,3,15,3,10,6,11,10,6,19,6,19,11,10,10,7,11,11,9,15,6,10,2,10,11,3,9,6,16,10,15,1,1,16,7,9,14,19,3,9,10,11,3,9,11,6,11,0,10,11,10,11,0,0,0,0,0,0,0,0,0,0,0,0,0,0,0,0",0.58992636,0.50495964,0.8490627,3.0,0.0028429308,112.59352,0.0056858617,1.0,0.0056858617,0.45661014,0.0,0.0,0.0,0.0028429308,0.005946369,0.78977805,0.45661014,5.7875066,1.8356924,112.59352,0.58992636,4.27126,240.53941,0.0,0.0,1.0,240.53941,0.1509373,0.21022193,5.7875066,0.005946369,0.0,0.50495964,0.0,1.8356924,4.27126,0.0,0.68651056,0.0,0.0,0.68651056,0.60357314,0.0,1.0,0.0,lookahead,beam_orig3_bm0-s0to100br0
/work/T-REX/external/Proteina-Complexa/inference/search_binder_local_pipeline_32_PDL1_ALPHA_REPACK_v7_r007_cand_v7r007_hyp_0007_00_001_a92db08c2022c/job_0_n_207_id_1_beam_orig0_bm0-s0to100br1/job_0_n_207_id_1_beam_orig0_bm0-s0to100br1.pdb,4,"2,0,13,16,19,16,19,14,11,3,10,18,19,19,6,18,7,15,2,12,16,9,6,4,11,13,14,19,6,11,5,10,3,10,0,0,10,9,19,18,17,6,12,6,3,11,2,9,9,5,13,19,8,7,6,6,3,10,11,19,5,8,15,15,18,1,5,1,0,1,10,10,11,3,5,10,15,10,7,2,0,0,10,5,9,16,3,19,11,10,5,3,0,7,19,18,1,4,12,9,15,18,7,7,0,3,18,11,1,9,16,19,11,19,2,0,19,5,14,6,11,15,19,15,19,5,19,7,0,16,0,1,10,11,4,11,19,15,7,3,14,11,14,16,19,16,17,18,11,2,7,0,6,9,6,10,11,7,1,13,11,10,10,2,11,2,7,3,0,16,10,6,9,15,3,16,5,14,15,3,15,7,3,18,10,4,10,0,19,2,11,13,7,11,19,10,7,1,7,16,16,10,16,19,16,19,14",0.57920504,0.09002548,0.32337648,3.0,0.36435628,86.15167,0.3933591,1.0,0.3933591,0.22663502,0.36444283,0.0,0.0,0.36435628,0.016791396,0.8248775,0.22663502,5.138581,1.7337167,86.15167,0.57920504,2.9179258,215.09811,0.3355266,0.3353535,1.0,215.09811,0.6766235,0.17512251,5.138581,0.016791396,0.3933591,0.09002548,0.0,1.7337167,2.9179258,0.3355266,0.27021593,0.0,0.3933591,0.27021593,0.8027836,0.3353535,1.0,0.36444283,lookahead,beam_orig0_bm0-s0to100br1
/work/T-REX/external/Proteina-Complexa/inference/search_binder_local_pipeline_32_PDL1_ALPHA_REPACK_v7_r007_cand_v7r007_hyp_0007_00_001_a92db08c2022c/job_0_n_196_id_1_beam_orig1_bm0-s0to100br1/job_0_n_196_id_1_beam_orig1_bm0-s0to100br1.pdb,5,"2,0,13,16,19,16,19,14,11,3,10,18,19,19,6,18,7,15,2,12,16,9,6,4,11,13,14,19,6,11,5,10,3,10,0,0,10,9,19,18,17,6,12,6,3,11,2,9,9,5,13,19,8,7,6,6,3,10,11,19,5,8,15,15,18,1,5,1,0,1,10,10,11,3,5,10,15,10,7,2,0,0,10,5,9,16,3,19,11,10,5,3,0,7,19,18,1,4,12,9,15,18,7,7,0,3,18,11,1,9,16,19,11,19,2,0,6,0,0,11,4,18,6,6,0,0,11,9,13,6,15,10,7,2,10,7,6,0,0,11,15,18,6,6,0,0,11,9,18,6,15,10,7,2,10,15,6,0,0,11,15,18,6,6,0,0,11,9,18,6,15,10,11,0,16,7,13,0,6,5,12,11,5,11,0,6,6,9,11,0,11,10,0,6,11,0,0,0,0,0,0,0,0,0,0,0,0",0.6199822,0.32742646,0.75021565,3.0,0.031423107,125.43758,0.03692071,1.0,0.03692071,0.35156566,0.0071414,0.0,0.0,0.031423107,0.0057222093,0.84426653,0.35156566,18.38011,1.323105,125.43758,0.6199822,4.0094256,265.77295,0.0,0.025925498,1.0,265.77295,0.24978434,0.15573344,18.38011,0.0057222093,0.0142828,0.32742646,0.0,1.323105,4.0094256,0.0,0.53676444,0.0,0.0142828,0.53676444,0.63310677,0.025925498,1.0,0.0071414,lookahead,beam_orig1_bm0-s0to100br1
/work/T-REX/external/Proteina-Complexa/inference/search_binder_local_pipeline_32_PDL1_ALPHA_REPACK_v7_r007_cand_v7r007_hyp_0007_00_001_a92db08c2022c/job_0_n_170_id_1_beam_orig2_bm0-s0to100br1/job_0_n_170_id_1_beam_orig2_bm0-s0to100br1.pdb,6,"2,0,13,16,19,16,19,14,11,3,10,18,19,19,6,18,7,15,2,12,16,9,6,4,11,13,14,19,6,11,5,10,3,10,0,0,10,9,19,18,17,6,12,6,3,11,2,9,9,5,13,19,8,7,6,6,3,10,11,19,5,8,15,15,18,1,5,1,0,1,10,10,11,3,5,10,15,10,7,2,0,0,10,5,9,16,3,19,11,10,5,3,0,7,19,18,1,4,12,9,15,18,7,7,0,3,18,11,1,9,16,19,11,19,2,0,15,11,6,6,3,9,6,8,10,1,1,9,19,6,2,13,11,1,18,13,6,6,0,11,5,0,7,11,14,0,3,9,10,6,2,18,5,11,2,10,3,11,8,5,0,13,10,3,5,10,19,11,6,16,0,0,0,0,0,0,0,0,0,0,0,0,0,0,0,0,0,0,0,0,0,0,0,0,0,0,0,0,0,0,0,0,0,0,0,0,0",0.6529761,0.2984982,0.75131047,3.0,0.034444153,121.2172,0.05077584,1.0,0.05077584,0.37750158,0.012656571,0.0,0.0,0.034444153,0.0042843875,0.709326,0.37750158,27.895983,1.9184585,121.2172,0.6529761,3.640859,243.88916,0.012447824,0.018112466,1.0,243.88916,0.24868956,0.29067394,27.895983,0.0042843875,0.012865319,0.2984982,0.0,1.9184585,3.640859,0.012447824,0.5084338,0.0,0.012865319,0.5084338,0.68100107,0.018112466,1.0,0.012656571,lookahead,beam_orig2_bm0-s0to100br1
/work/T-REX/external/Proteina-Complexa/inference/search_binder_local_pipeline_32_PDL1_ALPHA_REPACK_v7_r007_cand_v7r007_hyp_0007_00_001_a92db08c2022c/job_0_n_191_id_1_beam_orig3_bm0-s0to100br1/job_0_n_191_id_1_beam_orig3_bm0-s0to100br1.pdb,7,"2,0,13,16,19,16,19,14,11,3,10,18,19,19,6,18,7,15,2,12,16,9,6,4,11,13,14,19,6,11,5,10,3,10,0,0,10,9,19,18,17,6,12,6,3,11,2,9,9,5,13,19,8,7,6,6,3,10,11,19,5,8,15,15,18,1,5,1,0,1,10,10,11,3,5,10,15,10,7,2,0,0,10,5,9,16,3,19,11,10,5,3,0,7,19,18,1,4,12,9,15,18,7,7,0,3,18,11,1,9,16,19,11,19,2,0,12,7,18,11,9,15,3,3,11,11,19,19,16,13,13,10,11,11,16,18,13,19,16,15,6,3,19,11,2,10,6,6,9,19,7,2,6,9,6,11,9,9,2,9,16,11,16,5,13,5,19,18,13,11,11,14,19,16,6,3,5,0,6,16,0,18,11,13,10,5,11,6,15,6,11,0,0,0,0,0,0,0,0,0,0,0,0,0,0,0,0",0.588718,0.37612373,0.78187823,3.0,0.0059943907,120.50161,0.006183852,1.0,0.006183852,0.39950207,0.0,0.0,0.0,0.0059943907,0.008237498,0.80976075,0.39950207,9.708092,1.7357475,120.50161,0.588718,4.0409913,245.69952,0.0,0.005804929,1.0,245.69952,0.21812175,0.19023925,9.708092,0.008237498,0.0,0.37612373,0.0,1.7357475,4.0409913,0.0,0.59009373,0.0,0.0,0.59009373,0.6283208,0.005804929,1.0,0.0,lookahead,beam_orig3_bm0-s0to100br1
/work/T-REX/external/Proteina-Complexa/inference/search_binder_local_pipeline_32_PDL1_ALPHA_REPACK_v7_r007_cand_v7r007_hyp_0007_00_001_a92db08c2022c/job_0_n_207_id_2_beam_orig0_bm0-s0to100br2/job_0_n_207_id_2_beam_orig0_bm0-s0to100br2.pdb,8,"2,0,13,16,19,16,19,14,11,3,10,18,19,19,6,18,7,15,2,12,16,9,6,4,11,13,14,19,6,11,5,10,3,10,0,0,10,9,19,18,17,6,12,6,3,11,2,9,9,5,13,19,8,7,6,6,3,10,11,19,5,8,15,15,18,1,5,1,0,1,10,10,11,3,5,10,15,10,7,2,0,0,10,5,9,16,3,19,11,10,5,3,0,7,19,18,1,4,12,9,15,18,7,7,0,3,18,11,1,9,16,19,11,19,2,0,0,6,14,11,5,19,15,19,9,0,7,15,2,0,16,10,14,4,3,19,1,13,14,7,0,16,9,16,17,5,11,6,7,15,16,6,19,13,15,0,3,2,10,14,14,1,13,11,9,10,14,2,7,15,10,10,9,5,3,0,5,10,15,3,15,7,19,18,16,4,16,5,16,10,11,7,19,16,0,15,19,11,14,19,11,10,16,19,16,6,14",0.7025041,0.05430796,0.25407135,3.0,0.52708465,60.592422,0.5582077,1.0,0.5582077,0.16668035,0.52708465,0.0,0.0,0.52708465,0.0062669925,0.9058581,0.16668035,2.680509,1.5170655,60.592422,0.7025041,3.5257354,169.46812,0.49596164,0.49596164,1.0,169.46812,0.74592865,0.09414191,2.680509,0.0062669925,0.5582077,0.05430796,0.0,1.5170655,3.5257354,0.49596164,0.20568757,0.0,0.5582077,0.20568757,0.8402453,0.49596164,1.0,0.52708465,lookahead,beam_orig0_bm0-s0to100br2
/work/T-REX/external/Proteina-Complexa/inference/search_binder_local_pipeline_32_PDL1_ALPHA_REPACK_v7_r007_cand_v7r007_hyp_0007_00_001_a92db08c2022c/job_0_n_196_id_2_beam_orig1_bm0-s0to100br2/job_0_n_196_id_2_beam_orig1_bm0-s0to100br2.pdb,9,"2,0,13,16,19,16,19,14,11,3,10,18,19,19,6,18,7,15,2,12,16,9,6,4,11,13,14,19,6,11,5,10,3,10,0,0,10,9,19,18,17,6,12,6,3,11,2,9,9,5,13,19,8,7,6,6,3,10,11,19,5,8,15,15,18,1,5,1,0,1,10,10,11,3,5,10,15,10,7,2,0,0,10,5,9,16,3,19,11,10,5,3,0,7,19,18,1,4,12,9,15,18,7,7,0,3,18,11,1,9,16,19,11,19,2,0,7,11,8,18,13,10,7,2,10,5,11,2,0,7,11,10,3,6,0,6,11,6,18,1,6,0,9,1,10,3,14,2,13,0,6,0,8,18,2,10,7,2,19,10,11,6,5,7,11,10,3,6,0,6,11,6,18,1,6,0,10,1,10,11,14,2,13,0,6,0,8,2,6,10,7,11,19,10,6,11,0,0,0,0,0,0,0,0,0,0,0",0.6043367,0.23742706,0.661532,3.0,0.07268493,117.81734,0.07403879,1.0,0.07403879,0.3025469,0.014876732,0.0,0.0,0.07268493,0.0033841387,0.8850236,0.3025469,24.177319,1.1979017,117.81734,0.6043367,3.6261964,189.7592,0.014209289,0.07133108,1.0,189.7592,0.33846802,0.11497643,24.177319,0.0033841387,0.015544174,0.23742706,0.0,1.1979017,3.6261964,0.014209289,0.46064627,0.0,0.015544174,0.46064627,0.66465914,0.07133108,1.0,0.014876732,lookahead,beam_orig1_bm0-s0to100br2
/work/T-REX/external/Proteina-Complexa/inference/search_binder_local_pipeline_32_PDL1_ALPHA_REPACK_v7_r007_cand_v7r007_hyp_0007_00_001_a92db08c2022c/job_0_n_170_id_2_beam_orig2_bm0-s0to100br2/job_0_n_170_id_2_beam_orig2_bm0-s0to100br2.pdb,10,"2,0,13,16,19,16,19,14,11,3,10,18,19,19,6,18,7,15,2,12,16,9,6,4,11,13,14,19,6,11,5,10,3,10,0,0,10,9,19,18,17,6,12,6,3,11,2,9,9,5,13,19,8,7,6,6,3,10,11,19,5,8,15,15,18,1,5,1,0,1,10,10,11,3,5,10,15,10,7,2,0,0,10,5,9,16,3,19,11,10,5,3,0,7,19,18,1,4,12,9,15,18,7,7,0,3,18,11,1,9,16,19,11,19,2,0,12,10,19,3,0,0,13,6,9,0,19,11,6,10,0,7,5,7,10,15,5,15,11,9,5,18,0,1,6,6,10,6,11,10,0,14,15,11,11,16,10,0,6,10,16,11,6,0,19,11,9,10,1,0,0,0,0,0,0,0,0,0,0,0,0,0,0,0,0,0,0,0,0,0,0,0,0,0,0,0,0,0,0,0,0,0,0,0,0,0,0",0.58639616,0.074396685,0.25669593,3.0,0.41481405,35.518837,0.4869897,1.0,0.4869897,0.18195216,0.41481405,0.0,0.0,0.41481405,0.0034224887,0.87117606,0.18195216,0.7296462,1.7548088,35.518837,0.58639616,2.283065,155.45499,0.34263843,0.34263843,1.0,155.45499,0.7433041,0.12882392,0.7296462,0.0034224887,0.4869897,0.074396685,0.0,1.7548088,2.283065,0.34263843,0.2134618,0.0,0.4869897,0.2134618,0.8551347,0.34263843,1.0,0.41481405,lookahead,beam_orig2_bm0-s0to100br2
/work/T-REX/external/Proteina-Complexa/inference/search_binder_local_pipeline_32_PDL1_ALPHA_REPACK_v7_r007_cand_v7r007_hyp_0007_00_001_a92db08c2022c/job_0_n_191_id_2_beam_orig3_bm0-s0to100br2/job_0_n_191_id_2_beam_orig3_bm0-s0to100br2.pdb,11,"2,0,13,16,19,16,19,14,11,3,10,18,19,19,6,18,7,15,2,12,16,9,6,4,11,13,14,19,6,11,5,10,3,10,0,0,10,9,19,18,17,6,12,6,3,11,2,9,9,5,13,19,8,7,6,6,3,10,11,19,5,8,15,15,18,1,5,1,0,1,10,10,11,3,5,10,15,10,7,2,0,0,10,5,9,16,3,19,11,10,5,3,0,7,19,18,1,4,12,9,15,18,7,7,0,3,18,11,1,9,16,19,11,19,2,0,0,11,16,3,13,15,0,15,19,19,6,7,6,14,13,6,16,10,10,14,18,1,3,7,6,7,10,3,0,16,13,2,7,7,14,10,14,14,8,19,15,19,6,1,1,7,11,15,10,10,10,15,9,14,15,0,11,1,15,3,0,7,16,18,11,19,7,15,8,16,10,5,10,16,19,0,0,0,0,0,0,0,0,0,0,0,0,0,0,0,0",0.58153987,0.24935938,0.6338197,3.0,0.07659544,41.477604,0.08536056,1.0,0.08536056,0.31427813,0.014209259,0.0,0.0,0.07659544,0.007029634,0.8192523,0.31427813,1.0057797,1.5286773,41.477604,0.58153987,3.3602455,205.48622,0.013515025,0.06783032,1.0,205.48622,0.36618033,0.18074767,1.0057797,0.007029634,0.014903493,0.24935938,0.0,1.5286773,3.3602455,0.013515025,0.44578514,0.0,0.014903493,0.44578514,0.6938125,0.06783032,1.0,0.014209259,lookahead,beam_orig3_bm0-s0to100br2
/work/T-REX/external/Proteina-Complexa/inference/search_binder_local_pipeline_32_PDL1_ALPHA_REPACK_v7_r007_cand_v7r007_hyp_0007_00_001_a92db08c2022c/job_0_n_207_id_3_beam_orig0_bm0-s0to100br3/job_0_n_207_id_3_beam_orig0_bm0-s0to100br3.pdb,12,"2,0,13,16,19,16,19,14,11,3,10,18,19,19,6,18,7,15,2,12,16,9,6,4,11,13,14,19,6,11,5,10,3,10,0,0,10,9,19,18,17,6,12,6,3,11,2,9,9,5,13,19,8,7,6,6,3,10,11,19,5,8,15,15,18,1,5,1,0,1,10,10,11,3,5,10,15,10,7,2,0,0,10,5,9,16,3,19,11,10,5,3,0,7,19,18,1,4,12,9,15,18,7,7,0,3,18,11,1,9,16,19,11,19,2,0,19,16,0,6,6,10,19,2,6,7,2,6,18,13,11,6,7,2,18,15,6,0,9,11,11,18,11,11,0,10,6,10,2,14,15,14,6,6,11,6,9,0,18,4,7,10,9,11,15,18,15,9,10,7,2,18,16,6,0,2,11,18,13,3,11,0,10,11,6,11,10,3,11,3,11,19,13,6,0,12,11,6,7,19,6,9,1,6,11,11,6",0.5934436,0.22284827,0.60764515,3.0,0.10136061,64.521355,0.11151935,1.0,0.11151935,0.26719752,0.02765977,0.0,0.0,0.10136061,0.006226332,0.8874258,0.26719752,3.001886,1.2740573,64.521355,0.5934436,3.8447175,178.83858,0.023961913,0.09120187,1.0,178.83858,0.39235482,0.112574205,3.001886,0.006226332,0.031357627,0.22284827,0.0,1.2740573,3.8447175,0.023961913,0.41938478,0.0,0.031357627,0.41938478,0.6723726,0.09120187,1.0,0.02765977,lookahead,beam_orig0_bm0-s0to100br3
/work/T-REX/external/Proteina-Complexa/inference/search_binder_local_pipeline_32_PDL1_ALPHA_REPACK_v7_r007_cand_v7r007_hyp_0007_00_001_a92db08c2022c/job_0_n_196_id_3_beam_orig1_bm0-s0to100br3/job_0_n_196_id_3_beam_orig1_bm0-s0to100br3.pdb,13,"2,0,13,16,19,16,19,14,11,3,10,18,19,19,6,18,7,15,2,12,16,9,6,4,11,13,14,19,6,11,5,10,3,10,0,0,10,9,19,18,17,6,12,6,3,11,2,9,9,5,13,19,8,7,6,6,3,10,11,19,5,8,15,15,18,1,5,1,0,1,10,10,11,3,5,10,15,10,7,2,0,0,10,5,9,16,3,19,11,10,5,3,0,7,19,18,1,4,12,9,15,18,7,7,0,3,18,11,1,9,16,19,11,19,2,0,0,1,6,5,11,11,10,19,15,19,16,6,7,6,16,0,16,10,3,4,14,13,14,2,3,11,19,16,17,10,11,2,7,11,11,9,15,7,7,1,13,11,19,10,14,2,2,15,10,5,9,5,2,0,11,10,15,3,15,7,9,18,5,4,19,19,11,7,9,11,15,16,16,5,10,9,19,11,14,11,0,0,0,0,0,0,0,0,0,0,0",0.59856737,0.42612892,0.8575353,3.0,0.0055306097,120.348854,0.00571112,1.0,0.00571112,0.47520888,0.0,0.0,0.0,0.0055306097,0.020751832,0.7599761,0.47520888,6.9589133,1.7436781,120.348854,0.59856737,4.433816,227.30269,0.0,0.005350099,1.0,227.30269,0.1424647,0.2400239,6.9589133,0.020751832,0.0,0.42612892,0.0,1.7436781,4.433816,0.0,0.69326615,0.0,0.0,0.69326615,0.58962417,0.005350099,1.0,0.0,lookahead,beam_orig1_bm0-s0to100br3
/work/T-REX/external/Proteina-Complexa/inference/search_binder_local_pipeline_32_PDL1_ALPHA_REPACK_v7_r007_cand_v7r007_hyp_0007_00_001_a92db08c2022c/job_0_n_170_id_3_beam_orig2_bm0-s0to100br3/job_0_n_170_id_3_beam_orig2_bm0-s0to100br3.pdb,14,"2,0,13,16,19,16,19,14,11,3,10,18,19,19,6,18,7,15,2,12,16,9,6,4,11,13,14,19,6,11,5,10,3,10,0,0,10,9,19,18,17,6,12,6,3,11,2,9,9,5,13,19,8,7,6,6,3,10,11,19,5,8,15,15,18,1,5,1,0,1,10,10,11,3,5,10,15,10,7,2,0,0,10,5,9,16,3,19,11,10,5,3,0,7,19,18,1,4,12,9,15,18,7,7,0,3,18,11,1,9,16,19,11,19,2,0,15,2,10,6,10,15,11,6,19,5,6,3,3,7,16,16,3,1,18,18,11,3,11,2,16,7,19,3,19,1,10,3,1,9,15,14,15,7,6,11,9,19,15,18,3,13,16,16,7,6,1,11,19,18,0,0,0,0,0,0,0,0,0,0,0,0,0,0,0,0,0,0,0,0,0,0,0,0,0,0,0,0,0,0,0,0,0,0,0,0,0",0.5667719,0.111212805,0.37238598,3.0,0.24980979,98.16721,0.32324573,1.0,0.32324573,0.19247824,0.24980979,0.0,0.0,0.24980979,0.007400325,0.8697146,0.19247824,5.829723,1.4547396,98.16721,0.5667719,2.617334,234.59462,0.17637384,0.17637384,1.0,234.59462,0.627614,0.1302854,5.829723,0.007400325,0.32324573,0.111212805,0.0,1.4547396,2.617334,0.17637384,0.24161685,0.0,0.32324573,0.24161685,0.81110793,0.17637384,1.0,0.24980979,lookahead,beam_orig2_bm0-s0to100br3
/work/T-REX/external/Proteina-Complexa/inference/search_binder_local_pipeline_32_PDL1_ALPHA_REPACK_v7_r007_cand_v7r007_hyp_0007_00_001_a92db08c2022c/job_0_n_191_id_3_beam_orig3_bm0-s0to100br3/job_0_n_191_id_3_beam_orig3_bm0-s0to100br3.pdb,15,"2,0,13,16,19,16,19,14,11,3,10,18,19,19,6,18,7,15,2,12,16,9,6,4,11,13,14,19,6,11,5,10,3,10,0,0,10,9,19,18,17,6,12,6,3,11,2,9,9,5,13,19,8,7,6,6,3,10,11,19,5,8,15,15,18,1,5,1,0,1,10,10,11,3,5,10,15,10,7,2,0,0,10,5,9,16,3,19,11,10,5,3,0,7,19,18,1,4,12,9,15,18,7,7,0,3,18,11,1,9,16,19,11,19,2,0,12,15,0,6,10,10,2,10,10,7,3,0,18,11,11,6,7,11,10,3,6,0,6,11,4,18,11,1,0,10,6,9,18,5,11,0,7,3,11,2,7,6,0,2,15,10,2,7,10,7,2,19,18,11,10,5,7,11,10,3,6,0,6,11,4,18,11,1,0,10,6,9,1,5,11,0,0,0,0,0,0,0,0,0,0,0,0,0,0,0,0",0.64781046,0.19429022,0.6070603,3.0,0.11642629,112.49395,0.13100946,1.0,0.13100946,0.25695387,0.068391874,0.0,0.0,0.11642629,0.0025094778,0.9029411,0.25695387,8.710992,1.2693317,112.49395,0.64781046,3.555604,205.26129,0.06581996,0.10184311,1.0,205.26129,0.39293972,0.0970589,8.710992,0.0025094778,0.0709638,0.19429022,0.0,1.2693317,3.555604,0.06581996,0.37920627,0.0,0.0709638,0.37920627,0.7005795,0.10184311,1.0,0.068391874,lookahead,beam_orig3_bm0-s0to100br3
/work/T-REX/external/Proteina-Complexa/inference/search_binder_local_pipeline_32_PDL1_ALPHA_REPACK_v7_r007_cand_v7r007_hyp_0007_00_001_a92db08c2022c/job_0_n_207_id_4_beam_orig0_bm1-s0to100br0/job_0_n_207_id_4_beam_orig0_bm1-s0to100br0.pdb,16,"2,0,13,16,19,16,19,14,11,3,10,18,19,19,6,18,7,15,2,12,16,9,6,4,11,13,14,19,6,11,5,10,3,10,0,0,10,9,19,18,17,6,12,6,3,11,2,9,9,5,13,19,8,7,6,6,3,10,11,19,5,8,15,15,18,1,5,1,0,1,10,10,11,3,5,10,15,10,7,2,0,0,10,5,9,16,3,19,11,10,5,3,0,7,19,18,1,4,12,9,15,18,7,7,0,3,18,11,1,9,16,19,11,19,2,0,3,19,6,10,2,13,15,14,5,11,9,15,19,2,16,7,15,15,19,16,13,16,4,16,0,15,11,14,19,16,3,11,10,11,17,18,11,2,7,15,6,9,10,14,15,3,1,13,9,13,15,15,3,7,10,2,8,18,10,16,9,15,2,10,6,10,15,3,15,7,10,18,5,4,11,9,7,15,11,13,15,3,13,0,0,10,16,19,10,3,9",0.5795282,0.27846482,0.68036383,3.0,0.055271737,121.943245,0.06456383,1.0,0.06456383,0.3238655,0.012938055,0.0,0.0,0.055271737,0.003175099,0.85030645,0.3238655,23.313772,1.5036323,121.943245,0.5795282,3.7021449,217.22354,0.012773985,0.045979645,1.0,217.22354,0.31963617,0.14969356,23.313772,0.003175099,0.013102125,0.27846482,0.0,1.5036323,3.7021449,0.012773985,0.49628922,0.0,0.013102125,0.49628922,0.64665926,0.045979645,1.0,0.012938055,lookahead,beam_orig0_bm1-s0to100br0
/work/T-REX/external/Proteina-Complexa/inference/search_binder_local_pipeline_32_PDL1_ALPHA_REPACK_v7_r007_cand_v7r007_hyp_0007_00_001_a92db08c2022c/job_0_n_196_id_4_beam_orig1_bm1-s0to100br0/job_0_n_196_id_4_beam_orig1_bm1-s0to100br0.pdb,17,"2,0,13,16,19,16,19,14,11,3,10,18,19,19,6,18,7,15,2,12,16,9,6,4,11,13,14,19,6,11,5,10,3,10,0,0,10,9,19,18,17,6,12,6,3,11,2,9,9,5,13,19,8,7,6,6,3,10,11,19,5,8,15,15,18,1,5,1,0,1,10,10,11,3,5,10,15,10,7,2,0,0,10,5,9,16,3,19,11,10,5,3,0,7,19,18,1,4,12,9,15,18,7,7,0,3,18,11,1,9,16,19,11,19,2,0,9,13,13,3,1,7,2,6,11,0,11,0,11,11,18,6,6,0,0,6,3,18,16,6,0,9,11,9,11,14,3,13,0,11,0,18,13,2,1,7,2,4,18,1,15,10,11,11,18,6,6,0,0,6,3,13,15,6,0,19,11,9,3,14,16,13,1,12,0,7,9,6,1,11,11,4,10,15,10,10,0,0,0,0,0,0,0,0,0,0,0",0.6151049,0.38427833,0.83520424,3.0,0.0062086396,35.929817,0.0065643606,1.0,0.0065643606,0.40794665,0.0,0.0,0.0,0.0062086396,0.0029716939,0.8461299,0.40794665,2.968727,1.2352189,35.929817,0.6151049,4.0652933,223.26909,0.0,0.005852919,1.0,223.26909,0.16479573,0.15387009,2.968727,0.0029716939,0.0,0.38427833,0.0,1.2352189,4.0652933,0.0,0.64391017,0.0,0.0,0.64391017,0.5930741,0.005852919,1.0,0.0,lookahead,beam_orig1_bm1-s0to100br0
/work/T-REX/external/Proteina-Complexa/inference/search_binder_local_pipeline_32_PDL1_ALPHA_REPACK_v7_r007_cand_v7r007_hyp_0007_00_001_a92db08c2022c/job_0_n_170_id_4_beam_orig2_bm1-s0to100br0/job_0_n_170_id_4_beam_orig2_bm1-s0to100br0.pdb,18,"2,0,13,16,19,16,19,14,11,3,10,18,19,19,6,18,7,15,2,12,16,9,6,4,11,13,14,19,6,11,5,10,3,10,0,0,10,9,19,18,17,6,12,6,3,11,2,9,9,5,13,19,8,7,6,6,3,10,11,19,5,8,15,15,18,1,5,1,0,1,10,10,11,3,5,10,15,10,7,2,0,0,10,5,9,16,3,19,11,10,5,3,0,7,19,18,1,4,12,9,15,18,7,7,0,3,18,11,1,9,16,19,11,19,2,0,10,19,18,0,2,1,7,13,10,11,10,9,6,11,2,18,11,7,0,19,6,3,13,2,1,0,10,6,10,3,14,2,3,14,2,0,6,2,18,1,11,10,11,6,3,0,11,11,5,10,6,11,10,11,0,0,0,0,0,0,0,0,0,0,0,0,0,0,0,0,0,0,0,0,0,0,0,0,0,0,0,0,0,0,0,0,0,0,0,0,0",0.587768,0.0801236,0.2847377,3.0,0.36114037,34.48455,0.45661032,1.0,0.45661032,0.16229007,0.36114037,0.0,0.0,0.36114037,0.0040442557,0.8958865,0.16229007,2.4650552,1.6041672,34.48455,0.587768,2.4033756,164.96777,0.2656704,0.2656704,1.0,164.96777,0.7152623,0.10411354,2.4650552,0.0040442557,0.45661032,0.0801236,0.0,1.6041672,2.4033756,0.2656704,0.20047893,0.0,0.45661032,0.20047893,0.84210765,0.2656704,1.0,0.36114037,lookahead,beam_orig2_bm1-s0to100br0
/work/T-REX/external/Proteina-Complexa/inference/search_binder_local_pipeline_32_PDL1_ALPHA_REPACK_v7_r007_cand_v7r007_hyp_0007_00_001_a92db08c2022c/job_0_n_191_id_4_beam_orig3_bm1-s0to100br0/job_0_n_191_id_4_beam_orig3_bm1-s0to100br0.pdb,19,"2,0,13,16,19,16,19,14,11,3,10,18,19,19,6,18,7,15,2,12,16,9,6,4,11,13,14,19,6,11,5,10,3,10,0,0,10,9,19,18,17,6,12,6,3,11,2,9,9,5,13,19,8,7,6,6,3,10,11,19,5,8,15,15,18,1,5,1,0,1,10,10,11,3,5,10,15,10,7,2,0,0,10,5,9,16,3,19,11,10,5,3,0,7,19,18,1,4,12,9,15,18,7,7,0,3,18,11,1,9,16,19,11,19,2,0,7,0,6,3,11,19,11,6,0,11,6,11,5,1,6,7,16,6,0,19,13,11,11,2,18,3,10,0,9,11,11,18,10,6,0,9,15,9,18,11,0,10,7,2,6,3,6,0,6,11,19,11,5,6,7,10,11,10,10,11,7,16,14,7,6,6,11,13,1,11,6,0,3,0,10,0,0,0,0,0,0,0,0,0,0,0,0,0,0,0,0",0.6108557,0.2942799,0.7536633,3.0,0.026080262,121.340515,0.02678292,1.0,0.02678292,0.3565979,0.012122959,0.0,0.0,0.026080262,0.006511123,0.86944664,0.3565979,25.925375,1.2286785,121.340515,0.6108557,3.7151244,224.60426,0.011904866,0.025377603,1.0,224.60426,0.2463367,0.13055335,25.925375,0.006511123,0.012341052,0.2942799,0.0,1.2286785,3.7151244,0.011904866,0.5457195,0.0,0.012341052,0.5457195,0.63179743,0.025377603,1.0,0.012122959,lookahead,beam_orig3_bm1-s0to100br0
/work/T-REX/external/Proteina-Complexa/inference/search_binder_local_pipeline_32_PDL1_ALPHA_REPACK_v7_r007_cand_v7r007_hyp_0007_00_001_a92db08c2022c/job_0_n_207_id_5_beam_orig0_bm1-s0to100br1/job_0_n_207_id_5_beam_orig0_bm1-s0to100br1.pdb,20,"2,0,13,16,19,16,19,14,11,3,10,18,19,19,6,18,7,15,2,12,16,9,6,4,11,13,14,19,6,11,5,10,3,10,0,0,10,9,19,18,17,6,12,6,3,11,2,9,9,5,13,19,8,7,6,6,3,10,11,19,5,8,15,15,18,1,5,1,0,1,10,10,11,3,5,10,15,10,7,2,0,0,10,5,9,16,3,19,11,10,5,3,0,7,19,18,1,4,12,9,15,18,7,7,0,3,18,11,1,9,16,19,11,19,2,0,15,6,11,3,19,6,1,10,11,11,0,10,6,15,7,3,11,6,3,13,9,18,18,0,15,11,10,10,1,16,10,16,11,5,3,9,11,3,10,10,6,7,0,3,10,11,14,6,8,19,13,6,13,10,1,10,11,3,10,10,2,10,15,3,19,6,10,6,15,4,10,15,11,19,10,7,6,6,11,0,11,6,9,19,15,10,10,14,5,6,15",0.64023805,0.22966926,0.6441532,3.0,0.09974278,62.963783,0.10071589,1.0,0.10071589,0.28952846,0.017693855,0.0,0.0,0.09974278,0.005116416,0.8244469,0.28952846,5.061704,1.8433973,62.963783,0.64023805,3.6331909,237.27426,0.013979018,0.098769665,1.0,237.27426,0.35584682,0.17555308,5.061704,0.005116416,0.02140869,0.22966926,0.0,1.8433973,3.6331909,0.013979018,0.42573452,0.0,0.02140869,0.42573452,0.65755415,0.098769665,1.0,0.017693855,lookahead,beam_orig0_bm1-s0to100br1
/work/T-REX/external/Proteina-Complexa/inference/search_binder_local_pipeline_32_PDL1_ALPHA_REPACK_v7_r007_cand_v7r007_hyp_0007_00_001_a92db08c2022c/job_0_n_196_id_5_beam_orig1_bm1-s0to100br1/job_0_n_196_id_5_beam_orig1_bm1-s0to100br1.pdb,21,"2,0,13,16,19,16,19,14,11,3,10,18,19,19,6,18,7,15,2,12,16,9,6,4,11,13,14,19,6,11,5,10,3,10,0,0,10,9,19,18,17,6,12,6,3,11,2,9,9,5,13,19,8,7,6,6,3,10,11,19,5,8,15,15,18,1,5,1,0,1,10,10,11,3,5,10,15,10,7,2,0,0,10,5,9,16,3,19,11,10,5,3,0,7,19,18,1,4,12,9,15,18,7,7,0,3,18,11,1,9,16,19,11,19,2,0,16,9,8,6,0,0,13,0,7,3,3,3,6,19,1,1,10,10,0,15,7,11,0,3,19,2,3,0,1,14,10,12,10,0,0,12,0,7,8,6,6,9,19,11,19,10,10,11,18,7,0,3,14,2,9,6,5,18,7,11,16,0,10,3,9,0,10,3,2,7,2,6,3,9,0,6,9,10,5,11,0,0,0,0,0,0,0,0,0,0,0",0.6405864,0.24921855,0.7194546,3.0,0.05072826,123.8541,0.057287812,1.0,0.057287812,0.32373485,0.015471045,0.0,0.0,0.05072826,0.0024408586,0.81197125,0.32373485,19.058758,1.5079314,123.8541,0.6405864,3.3659294,248.126,0.014113323,0.04416871,1.0,248.126,0.2805454,0.18802877,19.058758,0.0024408586,0.016828768,0.24921855,0.0,1.5079314,3.3659294,0.014113323,0.4893238,0.0,0.016828768,0.4893238,0.6468462,0.04416871,1.0,0.015471045,lookahead,beam_orig1_bm1-s0to100br1
/work/T-REX/external/Proteina-Complexa/inference/search_binder_local_pipeline_32_PDL1_ALPHA_REPACK_v7_r007_cand_v7r007_hyp_0007_00_001_a92db08c2022c/job_0_n_170_id_5_beam_orig2_bm1-s0to100br1/job_0_n_170_id_5_beam_orig2_bm1-s0to100br1.pdb,22,"2,0,13,16,19,16,19,14,11,3,10,18,19,19,6,18,7,15,2,12,16,9,6,4,11,13,14,19,6,11,5,10,3,10,0,0,10,9,19,18,17,6,12,6,3,11,2,9,9,5,13,19,8,7,6,6,3,10,11,19,5,8,15,15,18,1,5,1,0,1,10,10,11,3,5,10,15,10,7,2,0,0,10,5,9,16,3,19,11,10,5,3,0,7,19,18,1,4,12,9,15,18,7,7,0,3,18,11,1,9,16,19,11,19,2,0,19,10,16,14,9,6,13,0,15,5,10,19,10,11,5,1,10,15,19,6,6,0,9,11,6,16,6,11,1,13,7,9,16,10,2,14,8,16,1,3,13,10,6,16,0,10,2,5,19,19,1,1,8,5,0,0,0,0,0,0,0,0,0,0,0,0,0,0,0,0,0,0,0,0,0,0,0,0,0,0,0,0,0,0,0,0,0,0,0,0,0",0.62406707,0.2361196,0.67776537,3.0,0.05958785,47.033348,0.066899486,1.0,0.066899486,0.34383905,0.016634911,0.0,0.0,0.05958785,0.004826159,0.70362586,0.34383905,3.9039311,1.9359376,47.033348,0.62406707,3.392642,237.42245,0.015958456,0.05227622,1.0,237.42245,0.32223463,0.29637414,3.9039311,0.004826159,0.017311364,0.2361196,0.0,1.9359376,3.392642,0.015958456,0.45216885,0.0,0.017311364,0.45216885,0.7069719,0.05227622,1.0,0.016634911,lookahead,beam_orig2_bm1-s0to100br1
/work/T-REX/external/Proteina-Complexa/inference/search_binder_local_pipeline_32_PDL1_ALPHA_REPACK_v7_r007_cand_v7r007_hyp_0007_00_001_a92db08c2022c/job_0_n_191_id_5_beam_orig3_bm1-s0to100br1/job_0_n_191_id_5_beam_orig3_bm1-s0to100br1.pdb,23,"2,0,13,16,19,16,19,14,11,3,10,18,19,19,6,18,7,15,2,12,16,9,6,4,11,13,14,19,6,11,5,10,3,10,0,0,10,9,19,18,17,6,12,6,3,11,2,9,9,5,13,19,8,7,6,6,3,10,11,19,5,8,15,15,18,1,5,1,0,1,10,10,11,3,5,10,15,10,7,2,0,0,10,5,9,16,3,19,11,10,5,3,0,7,19,18,1,4,12,9,15,18,7,7,0,3,18,11,1,9,16,19,11,19,2,0,15,13,16,19,6,6,0,11,10,18,9,1,3,10,6,19,1,0,19,0,7,16,9,16,9,11,3,9,11,16,10,3,7,18,19,6,11,0,14,3,14,15,6,10,6,3,6,0,1,11,10,10,16,16,10,11,1,2,7,1,6,3,10,0,11,6,19,6,11,9,10,0,11,10,15,0,0,0,0,0,0,0,0,0,0,0,0,0,0,0,0",0.5880082,0.39889297,0.7873081,3.0,0.010682116,65.70947,0.015388768,1.0,0.015388768,0.401289,0.005879285,0.0,0.0,0.010682116,0.0030666247,0.81665015,0.401289,4.6357813,1.606045,65.70947,0.5880082,4.013478,221.51184,0.0,0.0059754644,1.0,221.51184,0.21269193,0.18334982,4.6357813,0.0030666247,0.01175857,0.39889297,0.0,1.606045,4.013478,0.0,0.60363597,0.0,0.01175857,0.60363597,0.6315422,0.0059754644,1.0,0.005879285,lookahead,beam_orig3_bm1-s0to100br1
/work/T-REX/external/Proteina-Complexa/inference/search_binder_local_pipeline_32_PDL1_ALPHA_REPACK_v7_r007_cand_v7r007_hyp_0007_00_001_a92db08c2022c/job_0_n_207_id_6_beam_orig0_bm1-s0to100br2/job_0_n_207_id_6_beam_orig0_bm1-s0to100br2.pdb,24,"2,0,13,16,19,16,19,14,11,3,10,18,19,19,6,18,7,15,2,12,16,9,6,4,11,13,14,19,6,11,5,10,3,10,0,0,10,9,19,18,17,6,12,6,3,11,2,9,9,5,13,19,8,7,6,6,3,10,11,19,5,8,15,15,18,1,5,1,0,1,10,10,11,3,5,10,15,10,7,2,0,0,10,5,9,16,3,19,11,10,5,3,0,7,19,18,1,4,12,9,15,18,7,7,0,3,18,11,1,9,16,19,11,19,2,0,15,0,3,10,0,5,5,10,19,0,6,7,19,15,0,7,10,0,5,6,10,19,0,6,0,6,11,0,7,5,10,15,1,19,5,10,13,9,15,16,10,11,15,7,3,0,15,15,0,10,13,11,15,19,15,7,10,19,15,15,6,6,6,0,16,13,10,16,1,1,13,0,15,11,3,6,0,0,5,6,10,10,11,9,10,11,11,8,2,6,11",0.595777,0.0967336,0.3310572,3.0,0.33935463,32.939915,0.35194284,1.0,0.35194284,0.18123294,0.33935463,0.0,0.0,0.33935463,0.0031023864,0.8895237,0.18123294,1.2095332,1.618672,32.939915,0.595777,3.0240526,168.92636,0.32676643,0.32676643,1.0,168.92636,0.6689428,0.11047634,1.2095332,0.0031023864,0.35194284,0.0967336,0.0,1.618672,3.0240526,0.32676643,0.24016346,0.0,0.35194284,0.24016346,0.80858076,0.32676643,1.0,0.33935463,lookahead,beam_orig0_bm1-s0to100br2
/work/T-REX/external/Proteina-Complexa/inference/search_binder_local_pipeline_32_PDL1_ALPHA_REPACK_v7_r007_cand_v7r007_hyp_0007_00_001_a92db08c2022c/job_0_n_196_id_6_beam_orig1_bm1-s0to100br2/job_0_n_196_id_6_beam_orig1_bm1-s0to100br2.pdb,25,"2,0,13,16,19,16,19,14,11,3,10,18,19,19,6,18,7,15,2,12,16,9,6,4,11,13,14,19,6,11,5,10,3,10,0,0,10,9,19,18,17,6,12,6,3,11,2,9,9,5,13,19,8,7,6,6,3,10,11,19,5,8,15,15,18,1,5,1,0,1,10,10,11,3,5,10,15,10,7,2,0,0,10,5,9,16,3,19,11,10,5,3,0,7,19,18,1,4,12,9,15,18,7,7,0,3,18,11,1,9,16,19,11,19,2,0,15,6,0,10,11,1,10,6,5,10,10,5,5,11,13,14,0,11,13,0,6,9,6,5,0,15,6,6,5,10,11,6,10,10,15,8,14,3,14,19,19,1,10,12,0,10,10,11,10,11,12,6,10,13,0,6,11,6,10,11,6,10,15,11,3,14,6,13,0,6,9,0,10,5,0,10,11,6,10,14,0,0,0,0,0,0,0,0,0,0,0",0.642184,0.27815303,0.76005423,3.0,0.030864103,84.640526,0.03166821,1.0,0.03166821,0.3456457,0.013911999,0.0,0.0,0.030864103,0.0013451129,0.8531542,0.3456457,6.2423925,1.5081676,84.640526,0.642184,3.8403785,202.68042,0.012799399,0.030059997,1.0,202.68042,0.2399458,0.1468458,6.2423925,0.0013451129,0.015024599,0.27815303,0.0,1.5081676,3.8403785,0.012799399,0.5287615,0.0,0.015024599,0.5287615,0.6249945,0.030059997,1.0,0.013911999,lookahead,beam_orig1_bm1-s0to100br2
/work/T-REX/external/Proteina-Complexa/inference/search_binder_local_pipeline_32_PDL1_ALPHA_REPACK_v7_r007_cand_v7r007_hyp_0007_00_001_a92db08c2022c/job_0_n_170_id_6_beam_orig2_bm1-s0to100br2/job_0_n_170_id_6_beam_orig2_bm1-s0to100br2.pdb,26,"2,0,13,16,19,16,19,14,11,3,10,18,19,19,6,18,7,15,2,12,16,9,6,4,11,13,14,19,6,11,5,10,3,10,0,0,10,9,19,18,17,6,12,6,3,11,2,9,9,5,13,19,8,7,6,6,3,10,11,19,5,8,15,15,18,1,5,1,0,1,10,10,11,3,5,10,15,10,7,2,0,0,10,5,9,16,3,19,11,10,5,3,0,7,19,18,1,4,12,9,15,18,7,7,0,3,18,11,1,9,16,19,11,19,2,0,15,18,14,7,0,15,2,3,3,9,9,6,11,0,18,6,10,7,13,9,15,6,6,3,10,11,11,3,14,10,9,10,15,10,11,9,10,11,9,9,15,3,11,11,11,6,6,6,13,18,11,10,10,0,0,0,0,0,0,0,0,0,0,0,0,0,0,0,0,0,0,0,0,0,0,0,0,0,0,0,0,0,0,0,0,0,0,0,0,0,0",0.5229188,0.1352361,0.41021395,3.0,0.19488904,57.248695,0.22606425,1.0,0.22606425,0.24871595,0.19136167,0.0,0.0,0.19488904,0.00566987,0.7551857,0.24871595,3.2463777,2.3837585,57.248695,0.5229188,2.8797047,225.66757,0.16196136,0.16371384,1.0,225.66757,0.58978605,0.24481428,3.2463777,0.00566987,0.22076197,0.1352361,0.0,2.3837585,2.8797047,0.16196136,0.28729114,0.0,0.22076197,0.28729114,0.79775536,0.16371384,1.0,0.19136167,lookahead,beam_orig2_bm1-s0to100br2
/work/T-REX/external/Proteina-Complexa/inference/search_binder_local_pipeline_32_PDL1_ALPHA_REPACK_v7_r007_cand_v7r007_hyp_0007_00_001_a92db08c2022c/job_0_n_191_id_6_beam_orig3_bm1-s0to100br2/job_0_n_191_id_6_beam_orig3_bm1-s0to100br2.pdb,27,"2,0,13,16,19,16,19,14,11,3,10,18,19,19,6,18,7,15,2,12,16,9,6,4,11,13,14,19,6,11,5,10,3,10,0,0,10,9,19,18,17,6,12,6,3,11,2,9,9,5,13,19,8,7,6,6,3,10,11,19,5,8,15,15,18,1,5,1,0,1,10,10,11,3,5,10,15,10,7,2,0,0,10,5,9,16,3,19,11,10,5,3,0,7,19,18,1,4,12,9,15,18,7,7,0,3,18,11,1,9,16,19,11,19,2,0,15,16,9,18,10,13,16,14,2,6,15,10,7,2,15,9,19,3,9,10,11,2,10,7,10,2,19,19,7,14,11,16,15,19,2,3,13,1,10,19,11,11,7,3,9,19,9,7,18,2,19,15,3,6,5,6,11,5,10,11,6,9,0,6,11,15,3,0,11,13,18,10,10,11,15,0,0,0,0,0,0,0,0,0,0,0,0,0,0,0,0",0.5505241,0.65883476,0.8955016,3.0,0.0,125.562965,0.0,1.0,0.0,0.53316134,0.0,0.0,0.0,0.0,0.0036343844,0.7540157,0.53316134,19.017925,1.8542901,125.562965,0.5505241,4.6810155,257.40466,0.0,0.0,1.0,257.40466,0.10449836,0.24598433,19.017925,0.0036343844,0.0,0.65883476,0.0,1.8542901,4.6810155,0.0,0.7927283,0.0,0.0,0.7927283,0.5851023,0.0,1.0,0.0,lookahead,beam_orig3_bm1-s0to100br2
/work/T-REX/external/Proteina-Complexa/inference/search_binder_local_pipeline_32_PDL1_ALPHA_REPACK_v7_r007_cand_v7r007_hyp_0007_00_001_a92db08c2022c/job_0_n_207_id_7_beam_orig0_bm1-s0to100br3/job_0_n_207_id_7_beam_orig0_bm1-s0to100br3.pdb,28,"2,0,13,16,19,16,19,14,11,3,10,18,19,19,6,18,7,15,2,12,16,9,6,4,11,13,14,19,6,11,5,10,3,10,0,0,10,9,19,18,17,6,12,6,3,11,2,9,9,5,13,19,8,7,6,6,3,10,11,19,5,8,15,15,18,1,5,1,0,1,10,10,11,3,5,10,15,10,7,2,0,0,10,5,9,16,3,19,11,10,5,3,0,7,19,18,1,4,12,9,15,18,7,7,0,3,18,11,1,9,16,19,11,19,2,0,15,6,8,6,11,0,0,0,13,10,6,13,13,0,2,6,14,11,11,0,10,16,0,19,1,7,19,7,14,11,16,0,6,0,10,19,6,13,10,11,0,11,14,6,3,6,8,6,0,19,0,10,3,14,6,5,10,5,11,19,11,7,19,7,14,19,16,0,11,16,9,19,6,15,10,11,0,12,15,14,3,11,11,11,16,13,13,0,15,10,5",0.54246825,0.16822495,0.46252602,3.0,0.17909661,92.98273,0.18553846,1.0,0.18553846,0.2167763,0.1629598,0.0,0.0,0.17909661,0.0015938675,0.90742403,0.2167763,6.024529,1.3897072,92.98273,0.54246825,3.2542238,201.4248,0.16287182,0.17265475,1.0,201.4248,0.537474,0.09257599,6.024529,0.0015938675,0.16304778,0.16822495,0.0,1.3897072,3.2542238,0.16287182,0.33041736,0.0,0.16304778,0.33041736,0.73766345,0.17265475,1.0,0.1629598,lookahead,beam_orig0_bm1-s0to100br3
/work/T-REX/external/Proteina-Complexa/inference/search_binder_local_pipeline_32_PDL1_ALPHA_REPACK_v7_r007_cand_v7r007_hyp_0007_00_001_a92db08c2022c/job_0_n_196_id_7_beam_orig1_bm1-s0to100br3/job_0_n_196_id_7_beam_orig1_bm1-s0to100br3.pdb,29,"2,0,13,16,19,16,19,14,11,3,10,18,19,19,6,18,7,15,2,12,16,9,6,4,11,13,14,19,6,11,5,10,3,10,0,0,10,9,19,18,17,6,12,6,3,11,2,9,9,5,13,19,8,7,6,6,3,10,11,19,5,8,15,15,18,1,5,1,0,1,10,10,11,3,5,10,15,10,7,2,0,0,10,5,9,16,3,19,11,10,5,3,0,7,19,18,1,4,12,9,15,18,7,7,0,3,18,11,1,9,16,19,11,19,2,0,16,10,9,6,2,10,11,8,14,3,18,1,19,1,15,2,0,0,13,0,10,7,19,9,7,3,6,1,0,19,6,14,10,4,11,19,10,10,3,6,11,6,8,0,3,16,11,2,0,0,1,9,0,10,6,1,9,11,7,15,6,19,11,0,6,6,6,19,5,11,13,11,6,6,8,11,7,11,6,10,0,0,0,0,0,0,0,0,0,0,0",0.62287056,0.079080164,0.2721846,3.0,0.42330343,40.5701,0.47338256,1.0,0.47338256,0.15867797,0.42330343,0.0,0.0,0.42330343,0.023176806,0.91502094,0.15867797,1.7901022,1.4300435,40.5701,0.62287056,2.6484132,180.43523,0.3732243,0.3732243,1.0,180.43523,0.7278154,0.084979065,1.7901022,0.023176806,0.47338256,0.079080164,0.0,1.4300435,2.6484132,0.3732243,0.20870976,0.0,0.47338256,0.20870976,0.8399854,0.3732243,1.0,0.42330343,lookahead,beam_orig1_bm1-s0to100br3
/work/T-REX/external/Proteina-Complexa/inference/search_binder_local_pipeline_32_PDL1_ALPHA_REPACK_v7_r007_cand_v7r007_hyp_0007_00_001_a92db08c2022c/job_0_n_170_id_7_beam_orig2_bm1-s0to100br3/job_0_n_170_id_7_beam_orig2_bm1-s0to100br3.pdb,30,"2,0,13,16,19,16,19,14,11,3,10,18,19,19,6,18,7,15,2,12,16,9,6,4,11,13,14,19,6,11,5,10,3,10,0,0,10,9,19,18,17,6,12,6,3,11,2,9,9,5,13,19,8,7,6,6,3,10,11,19,5,8,15,15,18,1,5,1,0,1,10,10,11,3,5,10,15,10,7,2,0,0,10,5,9,16,3,19,11,10,5,3,0,7,19,18,1,4,12,9,15,18,7,7,0,3,18,11,1,9,16,19,11,19,2,0,0,11,11,6,10,9,17,11,5,2,19,3,13,13,18,11,10,10,2,3,14,6,0,2,3,11,15,10,5,13,0,9,6,15,10,1,5,2,2,19,14,5,3,8,10,6,11,13,6,11,9,19,5,0,0,0,0,0,0,0,0,0,0,0,0,0,0,0,0,0,0,0,0,0,0,0,0,0,0,0,0,0,0,0,0,0,0,0,0,0,0",0.50037897,0.1285793,0.38612998,3.0,0.2061992,34.409466,0.2400778,1.0,0.2400778,0.23536189,0.20410195,0.0,0.0,0.2061992,0.0045649786,0.78954935,0.23536189,1.0067378,2.3354912,34.409466,0.50037897,2.877133,183.98941,0.16886169,0.17232062,1.0,183.98941,0.61387,0.21045068,1.0067378,0.0045649786,0.23934223,0.1285793,0.0,2.3354912,2.877133,0.16886169,0.28501523,0.0,0.23934223,0.28501523,0.79800093,0.17232062,1.0,0.20410195,lookahead,beam_orig2_bm1-s0to100br3
/work/T-REX/external/Proteina-Complexa/inference/search_binder_local_pipeline_32_PDL1_ALPHA_REPACK_v7_r007_cand_v7r007_hyp_0007_00_001_a92db08c2022c/job_0_n_191_id_7_beam_orig3_bm1-s0to100br3/job_0_n_191_id_7_beam_orig3_bm1-s0to100br3.pdb,31,"2,0,13,16,19,16,19,14,11,3,10,18,19,19,6,18,7,15,2,12,16,9,6,4,11,13,14,19,6,11,5,10,3,10,0,0,10,9,19,18,17,6,12,6,3,11,2,9,9,5,13,19,8,7,6,6,3,10,11,19,5,8,15,15,18,1,5,1,0,1,10,10,11,3,5,10,15,10,7,2,0,0,10,5,9,16,3,19,11,10,5,3,0,7,19,18,1,4,12,9,15,18,7,7,0,3,18,11,1,9,16,19,11,19,2,0,11,0,9,10,11,4,14,15,15,9,10,11,11,14,19,16,17,18,11,3,7,11,6,9,6,13,11,7,1,13,11,14,15,11,6,6,2,3,13,15,10,9,9,2,14,0,1,14,15,3,15,7,19,18,16,4,11,7,13,15,6,11,7,9,19,15,11,3,19,6,10,2,19,9,19,0,0,0,0,0,0,0,0,0,0,0,0,0,0,0,0",0.5374801,0.1679416,0.50665444,3.0,0.14481679,73.973816,0.16873719,1.0,0.16873719,0.27677664,0.11394891,0.0,0.0,0.14481679,0.011344781,0.8228105,0.27677664,4.8942604,1.8817675,73.973816,0.5374801,3.461005,185.33675,0.100486174,0.120896384,1.0,185.33675,0.49334556,0.17718953,4.8942604,0.011344781,0.12741165,0.1679416,0.0,1.8817675,3.461005,0.100486174,0.36731827,0.0,0.12741165,0.36731827,0.74735755,0.120896384,1.0,0.11394891,lookahead,beam_orig3_bm1-s0to100br3
/work/T-REX/external/Proteina-Complexa/inference/search_binder_local_pipeline_32_PDL1_ALPHA_REPACK_v7_r007_cand_v7r007_hyp_0007_00_001_a92db08c2022c/job_0_n_207_id_8_beam_orig0_bm2-s0to100br0/job_0_n_207_id_8_beam_orig0_bm2-s0to100br0.pdb,32,"2,0,13,16,19,16,19,14,11,3,10,18,19,19,6,18,7,15,2,12,16,9,6,4,11,13,14,19,6,11,5,10,3,10,0,0,10,9,19,18,17,6,12,6,3,11,2,9,9,5,13,19,8,7,6,6,3,10,11,19,5,8,15,15,18,1,5,1,0,1,10,10,11,3,5,10,15,10,7,2,0,0,10,5,9,16,3,19,11,10,5,3,0,7,19,18,1,4,12,9,15,18,7,7,0,3,18,11,1,9,16,19,11,19,2,0,14,1,13,16,5,5,14,11,15,16,16,19,15,6,7,0,16,0,16,10,6,4,11,19,16,7,15,14,16,14,16,9,5,17,5,11,5,7,0,3,7,15,17,5,2,18,7,19,14,11,6,7,0,3,7,16,10,1,9,14,2,0,11,11,16,3,15,7,10,18,1,4,19,0,19,2,15,19,7,19,0,13,15,3,14,0,11,10,16,19,2",0.5157366,0.25935704,0.6284404,3.0,0.06441317,60.919773,0.07921296,1.0,0.07921296,0.31315675,0.013466057,0.0,0.0,0.06441317,0.0020592206,0.88385063,0.31315675,3.0111346,1.3329865,60.919773,0.5157366,3.7362893,179.06883,0.012714787,0.04961337,1.0,179.06883,0.37155962,0.11614938,3.0111346,0.0020592206,0.014217327,0.25935704,0.0,1.3329865,3.7362893,0.012714787,0.49133715,0.0,0.014217327,0.49133715,0.6629845,0.04961337,1.0,0.013466057,lookahead,beam_orig0_bm2-s0to100br0
/work/T-REX/external/Proteina-Complexa/inference/search_binder_local_pipeline_32_PDL1_ALPHA_REPACK_v7_r007_cand_v7r007_hyp_0007_00_001_a92db08c2022c/job_0_n_196_id_8_beam_orig1_bm2-s0to100br0/job_0_n_196_id_8_beam_orig1_bm2-s0to100br0.pdb,33,"2,0,13,16,19,16,19,14,11,3,10,18,19,19,6,18,7,15,2,12,16,9,6,4,11,13,14,19,6,11,5,10,3,10,0,0,10,9,19,18,17,6,12,6,3,11,2,9,9,5,13,19,8,7,6,6,3,10,11,19,5,8,15,15,18,1,5,1,0,1,10,10,11,3,5,10,15,10,7,2,0,0,10,5,9,16,3,19,11,10,5,3,0,7,19,18,1,4,12,9,15,18,7,7,0,3,18,11,1,9,16,19,11,19,2,0,19,19,0,0,16,14,16,15,10,10,9,15,17,3,0,14,0,19,15,19,15,18,18,1,9,16,18,7,6,16,7,7,15,6,11,11,6,13,5,19,14,15,13,11,15,16,0,16,9,15,7,10,11,14,7,19,3,18,16,9,15,19,18,0,19,18,6,7,11,6,7,15,14,16,15,9,2,8,1,16,0,0,0,0,0,0,0,0,0,0,0",0.60038316,0.38637507,0.8167615,3.0,0.0059245103,121.24397,0.006000611,1.0,0.006000611,0.41776398,0.0,0.0,0.0,0.0059245103,0.0042752507,0.8168176,0.41776398,25.451056,1.462771,121.24397,0.60038316,4.2113595,187.04936,0.0,0.0058484096,1.0,187.04936,0.18323848,0.1831824,25.451056,0.0042752507,0.0,0.38637507,0.0,1.462771,4.2113595,0.0,0.6306836,0.0,0.0,0.6306836,0.6066529,0.0058484096,1.0,0.0,lookahead,beam_orig1_bm2-s0to100br0
/work/T-REX/external/Proteina-Complexa/inference/search_binder_local_pipeline_32_PDL1_ALPHA_REPACK_v7_r007_cand_v7r007_hyp_0007_00_001_a92db08c2022c/job_0_n_170_id_8_beam_orig2_bm2-s0to100br0/job_0_n_170_id_8_beam_orig2_bm2-s0to100br0.pdb,34,"2,0,13,16,19,16,19,14,11,3,10,18,19,19,6,18,7,15,2,12,16,9,6,4,11,13,14,19,6,11,5,10,3,10,0,0,10,9,19,18,17,6,12,6,3,11,2,9,9,5,13,19,8,7,6,6,3,10,11,19,5,8,15,15,18,1,5,1,0,1,10,10,11,3,5,10,15,10,7,2,0,0,10,5,9,16,3,19,11,10,5,3,0,7,19,18,1,4,12,9,15,18,7,7,0,3,18,11,1,9,16,19,11,19,2,0,0,11,16,19,4,11,16,3,16,4,14,11,7,10,1,0,6,18,3,14,15,16,13,1,4,19,4,19,14,18,3,14,0,15,1,2,2,13,14,16,6,11,10,4,12,5,19,0,7,15,11,18,10,14,0,0,0,0,0,0,0,0,0,0,0,0,0,0,0,0,0,0,0,0,0,0,0,0,0,0,0,0,0,0,0,0,0,0,0,0,0",0.55032784,0.23865235,0.598948,3.0,0.081688866,125.6937,0.09811929,1.0,0.09811929,0.35150623,0.02171965,0.0,0.0,0.081688866,0.011496585,0.6808858,0.35150623,14.551726,2.220898,125.6937,0.55032784,3.3758204,295.59857,0.01392708,0.06525845,1.0,295.59857,0.40105197,0.31911418,14.551726,0.011496585,0.02951222,0.23865235,0.0,2.220898,3.3758204,0.01392708,0.42978305,0.0,0.02951222,0.42978305,0.7365794,0.06525845,1.0,0.02171965,lookahead,beam_orig2_bm2-s0to100br0
/work/T-REX/external/Proteina-Complexa/inference/search_binder_local_pipeline_32_PDL1_ALPHA_REPACK_v7_r007_cand_v7r007_hyp_0007_00_001_a92db08c2022c/job_0_n_191_id_8_beam_orig3_bm2-s0to100br0/job_0_n_191_id_8_beam_orig3_bm2-s0to100br0.pdb,35,"2,0,13,16,19,16,19,14,11,3,10,18,19,19,6,18,7,15,2,12,16,9,6,4,11,13,14,19,6,11,5,10,3,10,0,0,10,9,19,18,17,6,12,6,3,11,2,9,9,5,13,19,8,7,6,6,3,10,11,19,5,8,15,15,18,1,5,1,0,1,10,10,11,3,5,10,15,10,7,2,0,0,10,5,9,16,3,19,11,10,5,3,0,7,19,18,1,4,12,9,15,18,7,7,0,3,18,11,1,9,16,19,11,19,2,0,7,3,18,5,6,9,2,11,16,13,11,19,7,6,10,18,11,5,10,9,6,6,10,12,11,10,16,11,0,16,11,15,6,13,19,0,10,11,19,2,7,5,15,19,2,14,2,3,19,10,2,11,11,19,16,6,2,3,11,19,9,19,10,5,13,7,15,19,11,9,16,18,16,10,0,0,0,0,0,0,0,0,0,0,0,0,0,0,0,0,0",0.638753,0.3273071,0.80587804,3.0,0.010740172,112.443275,0.014275221,1.0,0.014275221,0.39654952,0.0061931773,0.0,0.0,0.010740172,0.007145684,0.79467684,0.39654952,12.464751,1.564161,112.443275,0.638753,3.9639597,217.98303,0.0,0.007205122,1.0,217.98303,0.19412199,0.20532314,12.464751,0.007145684,0.012386355,0.3273071,0.0,1.564161,3.9639597,0.0,0.58080417,0.0,0.012386355,0.58080417,0.62120235,0.007205122,1.0,0.0061931773,lookahead,beam_orig3_bm2-s0to100br0
/work/T-REX/external/Proteina-Complexa/inference/search_binder_local_pipeline_32_PDL1_ALPHA_REPACK_v7_r007_cand_v7r007_hyp_0007_00_001_a92db08c2022c/job_0_n_207_id_9_beam_orig0_bm2-s0to100br1/job_0_n_207_id_9_beam_orig0_bm2-s0to100br1.pdb,36,"2,0,13,16,19,16,19,14,11,3,10,18,19,19,6,18,7,15,2,12,16,9,6,4,11,13,14,19,6,11,5,10,3,10,0,0,10,9,19,18,17,6,12,6,3,11,2,9,9,5,13,19,8,7,6,6,3,10,11,19,5,8,15,15,18,1,5,1,0,1,10,10,11,3,5,10,15,10,7,2,0,0,10,5,9,16,3,19,11,10,5,3,0,7,19,18,1,4,12,9,15,18,7,7,0,3,18,11,1,9,16,19,11,19,2,0,15,19,16,10,15,14,0,16,11,16,19,11,6,7,6,2,19,16,13,16,4,16,0,15,5,15,0,16,3,13,10,17,18,11,2,7,5,6,10,10,14,15,6,11,13,11,9,16,16,15,7,11,16,15,16,10,16,9,16,7,16,11,10,15,3,15,7,19,18,11,4,19,0,11,9,7,16,15,15,11,6,0,10,0,16,10,16,19,10,6,0",0.54664314,0.5024226,0.88846076,3.0,0.0,126.8959,0.0,1.0,0.0,0.4791482,0.0,0.0,0.0,0.0,0.0011818828,0.86101663,0.4791482,19.634268,1.2783973,126.8959,0.54664314,4.736146,211.12756,0.0,0.0,1.0,211.12756,0.11153926,0.13898334,19.634268,0.0011818828,0.0,0.5024226,0.0,1.2783973,4.736146,0.0,0.78604805,0.0,0.0,0.78604805,0.5431216,0.0,1.0,0.0,lookahead,beam_orig0_bm2-s0to100br1
/work/T-REX/external/Proteina-Complexa/inference/search_binder_local_pipeline_32_PDL1_ALPHA_REPACK_v7_r007_cand_v7r007_hyp_0007_00_001_a92db08c2022c/job_0_n_196_id_9_beam_orig1_bm2-s0to100br1/job_0_n_196_id_9_beam_orig1_bm2-s0to100br1.pdb,37,"2,0,13,16,19,16,19,14,11,3,10,18,19,19,6,18,7,15,2,12,16,9,6,4,11,13,14,19,6,11,5,10,3,10,0,0,10,9,19,18,17,6,12,6,3,11,2,9,9,5,13,19,8,7,6,6,3,10,11,19,5,8,15,15,18,1,5,1,0,1,10,10,11,3,5,10,15,10,7,2,0,0,10,5,9,16,3,19,11,10,5,3,0,7,19,18,1,4,12,9,15,18,7,7,0,3,18,11,1,9,16,19,11,19,2,0,19,18,13,15,14,6,6,10,0,3,9,10,7,1,0,0,1,15,19,7,5,2,14,15,3,0,13,10,5,13,12,9,2,6,13,3,9,3,7,3,7,1,19,15,10,10,6,13,10,16,11,12,11,6,6,0,3,9,3,7,3,7,16,9,15,13,0,6,13,19,16,12,12,16,1,11,15,1,6,10,0,0,0,0,0,0,0,0,0,0,0",0.5524582,0.5148317,0.82909924,3.0,0.0030400485,151.68024,0.006080097,1.0,0.006080097,0.51188195,0.0,0.0,0.0,0.0030400485,0.013885195,0.5790677,0.51188195,10.815311,2.6774685,151.68024,0.5524582,4.1751094,316.86975,0.0,0.0,1.0,316.86975,0.17090076,0.42093226,10.815311,0.013885195,0.0,0.5148317,0.0,2.6774685,4.1751094,0.0,0.69423074,0.0,0.0,0.69423074,0.6036626,0.0,1.0,0.0,lookahead,beam_orig1_bm2-s0to100br1
/work/T-REX/external/Proteina-Complexa/inference/search_binder_local_pipeline_32_PDL1_ALPHA_REPACK_v7_r007_cand_v7r007_hyp_0007_00_001_a92db08c2022c/job_0_n_170_id_9_beam_orig2_bm2-s0to100br1/job_0_n_170_id_9_beam_orig2_bm2-s0to100br1.pdb,38,"2,0,13,16,19,16,19,14,11,3,10,18,19,19,6,18,7,15,2,12,16,9,6,4,11,13,14,19,6,11,5,10,3,10,0,0,10,9,19,18,17,6,12,6,3,11,2,9,9,5,13,19,8,7,6,6,3,10,11,19,5,8,15,15,18,1,5,1,0,1,10,10,11,3,5,10,15,10,7,2,0,0,10,5,9,16,3,19,11,10,5,3,0,7,19,18,1,4,12,9,15,18,7,7,0,3,18,11,1,9,16,19,11,19,2,0,6,3,10,19,7,1,2,0,11,3,19,7,1,9,6,2,7,1,13,16,10,3,7,11,10,6,7,3,10,19,16,3,3,7,6,10,18,2,9,19,0,2,1,3,13,9,9,6,11,0,6,10,11,6,0,0,0,0,0,0,0,0,0,0,0,0,0,0,0,0,0,0,0,0,0,0,0,0,0,0,0,0,0,0,0,0,0,0,0,0,0",0.5264986,0.13772644,0.40548062,3.0,0.1990466,90.75387,0.24635555,1.0,0.24635555,0.22168605,0.19776551,0.0,0.0,0.1990466,0.0062384107,0.8671683,0.22168605,7.571896,1.5094682,90.75387,0.5264986,2.6994736,227.22327,0.14980546,0.15173765,1.0,227.22327,0.5945194,0.1328317,7.571896,0.0062384107,0.24572557,0.13772644,0.0,1.5094682,2.6994736,0.14980546,0.28076893,0.0,0.24572557,0.28076893,0.7902513,0.15173765,1.0,0.19776551,lookahead,beam_orig2_bm2-s0to100br1
/work/T-REX/external/Proteina-Complexa/inference/search_binder_local_pipeline_32_PDL1_ALPHA_REPACK_v7_r007_cand_v7r007_hyp_0007_00_001_a92db08c2022c/job_0_n_191_id_9_beam_orig3_bm2-s0to100br1/job_0_n_191_id_9_beam_orig3_bm2-s0to100br1.pdb,39,"2,0,13,16,19,16,19,14,11,3,10,18,19,19,6,18,7,15,2,12,16,9,6,4,11,13,14,19,6,11,5,10,3,10,0,0,10,9,19,18,17,6,12,6,3,11,2,9,9,5,13,19,8,7,6,6,3,10,11,19,5,8,15,15,18,1,5,1,0,1,10,10,11,3,5,10,15,10,7,2,0,0,10,5,9,16,3,19,11,10,5,3,0,7,19,18,1,4,12,9,15,18,7,7,0,3,18,11,1,9,16,19,11,19,2,0,6,6,0,13,5,10,10,16,10,7,3,6,1,0,19,6,14,10,9,11,0,10,11,3,6,15,6,15,19,1,6,0,0,0,18,0,10,7,10,9,0,11,3,13,7,3,6,1,0,9,6,14,10,9,11,0,10,11,3,6,15,6,15,19,1,9,0,0,11,6,0,10,6,11,9,0,0,0,0,0,0,0,0,0,0,0,0,0,0,0,0",0.60479254,0.36118054,0.79094017,3.0,0.011820162,124.36725,0.017519744,1.0,0.017519744,0.43898374,0.007157135,0.0,0.0,0.011820162,0.007874645,0.6665863,0.43898374,16.170662,2.0942745,124.36725,0.60479254,3.845052,281.05838,0.0,0.0061205802,1.0,281.05838,0.20905983,0.33341372,16.170662,0.007874645,0.01431427,0.36118054,0.0,2.0942745,3.845052,0.0,0.5934378,0.0,0.01431427,0.5934378,0.62553924,0.0061205802,1.0,0.007157135,lookahead,beam_orig3_bm2-s0to100br1
/work/T-REX/external/Proteina-Complexa/inference/search_binder_local_pipeline_32_PDL1_ALPHA_REPACK_v7_r007_cand_v7r007_hyp_0007_00_001_a92db08c2022c/job_0_n_207_id_10_beam_orig0_bm2-s0to100br2/job_0_n_207_id_10_beam_orig0_bm2-s0to100br2.pdb,40,"2,0,13,16,19,16,19,14,11,3,10,18,19,19,6,18,7,15,2,12,16,9,6,4,11,13,14,19,6,11,5,10,3,10,0,0,10,9,19,18,17,6,12,6,3,11,2,9,9,5,13,19,8,7,6,6,3,10,11,19,5,8,15,15,18,1,5,1,0,1,10,10,11,3,5,10,15,10,7,2,0,0,10,5,9,16,3,19,11,10,5,3,0,7,19,18,1,4,12,9,15,18,7,7,0,3,18,11,1,9,16,19,11,19,2,0,10,16,13,11,11,14,15,18,15,19,19,15,7,15,15,19,16,10,6,4,16,0,2,5,16,10,16,15,19,19,17,11,11,2,7,6,15,9,6,10,11,7,1,13,11,3,10,16,15,7,16,2,0,15,10,5,9,16,3,16,5,10,15,3,15,7,15,18,6,4,10,7,0,2,15,10,7,9,0,0,15,0,0,0,5,10,16,19,16,6,14",0.6406021,0.07428734,0.26657438,3.0,0.44318703,65.54995,0.4572351,1.0,0.4572351,0.15111063,0.44318703,0.0,0.0,0.44318703,0.0018172264,0.9329076,0.15111063,3.4342039,1.3613292,65.54995,0.6406021,3.0505779,169.90723,0.42913896,0.42913896,1.0,169.90723,0.7334256,0.06709239,3.4342039,0.0018172264,0.4572351,0.07428734,0.0,1.3613292,3.0505779,0.42913896,0.20244646,0.0,0.4572351,0.20244646,0.8355429,0.42913896,1.0,0.44318703,lookahead,beam_orig0_bm2-s0to100br2
/work/T-REX/external/Proteina-Complexa/inference/search_binder_local_pipeline_32_PDL1_ALPHA_REPACK_v7_r007_cand_v7r007_hyp_0007_00_001_a92db08c2022c/job_0_n_196_id_10_beam_orig1_bm2-s0to100br2/job_0_n_196_id_10_beam_orig1_bm2-s0to100br2.pdb,41,"2,0,13,16,19,16,19,14,11,3,10,18,19,19,6,18,7,15,2,12,16,9,6,4,11,13,14,19,6,11,5,10,3,10,0,0,10,9,19,18,17,6,12,6,3,11,2,9,9,5,13,19,8,7,6,6,3,10,11,19,5,8,15,15,18,1,5,1,0,1,10,10,11,3,5,10,15,10,7,2,0,0,10,5,9,16,3,19,11,10,5,3,0,7,19,18,1,4,12,9,15,18,7,7,0,3,18,11,1,9,16,19,11,19,2,0,12,10,16,10,16,6,6,3,9,0,2,9,6,1,6,13,11,11,18,3,11,11,3,11,7,11,9,14,15,8,11,9,9,3,19,10,11,11,0,7,13,19,9,16,11,6,2,0,10,16,1,9,9,3,5,13,6,11,3,7,11,9,14,18,11,6,10,9,6,18,9,11,5,2,14,6,3,13,15,11,0,0,0,0,0,0,0,0,0,0,0",0.6084998,0.38533166,0.8281029,3.0,0.0057655405,123.92901,0.0058561657,1.0,0.0058561657,0.43184888,0.0,0.0,0.0,0.0057655405,0.021718953,0.76703835,0.43184888,20.22023,2.0640216,123.92901,0.6084998,4.10629,264.96094,0.0,0.005674916,1.0,264.96094,0.17189711,0.23296165,20.22023,0.021718953,0.0,0.38533166,0.0,2.0640216,4.10629,0.0,0.6394201,0.0,0.0,0.6394201,0.60121894,0.005674916,1.0,0.0,lookahead,beam_orig1_bm2-s0to100br2
/work/T-REX/external/Proteina-Complexa/inference/search_binder_local_pipeline_32_PDL1_ALPHA_REPACK_v7_r007_cand_v7r007_hyp_0007_00_001_a92db08c2022c/job_0_n_170_id_10_beam_orig2_bm2-s0to100br2/job_0_n_170_id_10_beam_orig2_bm2-s0to100br2.pdb,42,"2,0,13,16,19,16,19,14,11,3,10,18,19,19,6,18,7,15,2,12,16,9,6,4,11,13,14,19,6,11,5,10,3,10,0,0,10,9,19,18,17,6,12,6,3,11,2,9,9,5,13,19,8,7,6,6,3,10,11,19,5,8,15,15,18,1,5,1,0,1,10,10,11,3,5,10,15,10,7,2,0,0,10,5,9,16,3,19,11,10,5,3,0,7,19,18,1,4,12,9,15,18,7,7,0,3,18,11,1,9,16,19,11,19,2,0,2,2,10,11,10,5,10,9,11,18,10,6,2,8,3,13,9,6,0,6,11,10,18,11,11,10,11,11,11,7,10,0,6,6,16,6,6,13,9,11,15,11,15,15,6,10,0,2,10,10,11,10,13,5,0,0,0,0,0,0,0,0,0,0,0,0,0,0,0,0,0,0,0,0,0,0,0,0,0,0,0,0,0,0,0,0,0,0,0,0,0",0.5575414,0.13316615,0.40435612,3.0,0.21358103,29.086782,0.26566193,1.0,0.26566193,0.20708145,0.21323211,0.0,0.0,0.21358103,0.0036842492,0.8668103,0.20708145,2.208353,1.7802497,29.086782,0.5575414,2.849306,162.7212,0.16150013,0.16150013,1.0,162.7212,0.5956439,0.13318966,2.208353,0.0036842492,0.2649641,0.13316615,0.0,1.7802497,2.849306,0.16150013,0.2625738,0.0,0.2649641,0.2625738,0.80059606,0.16150013,1.0,0.21323211,lookahead,beam_orig2_bm2-s0to100br2
/work/T-REX/external/Proteina-Complexa/inference/search_binder_local_pipeline_32_PDL1_ALPHA_REPACK_v7_r007_cand_v7r007_hyp_0007_00_001_a92db08c2022c/job_0_n_191_id_10_beam_orig3_bm2-s0to100br2/job_0_n_191_id_10_beam_orig3_bm2-s0to100br2.pdb,43,"2,0,13,16,19,16,19,14,11,3,10,18,19,19,6,18,7,15,2,12,16,9,6,4,11,13,14,19,6,11,5,10,3,10,0,0,10,9,19,18,17,6,12,6,3,11,2,9,9,5,13,19,8,7,6,6,3,10,11,19,5,8,15,15,18,1,5,1,0,1,10,10,11,3,5,10,15,10,7,2,0,0,10,5,9,16,3,19,11,10,5,3,0,7,19,18,1,4,12,9,15,18,7,7,0,3,18,11,1,9,16,19,11,19,2,0,19,14,14,6,19,16,19,2,19,7,6,16,0,16,10,16,4,16,0,15,15,15,14,19,16,17,1,15,14,15,7,1,16,10,14,16,16,16,3,7,3,5,8,16,19,19,10,11,3,19,5,14,15,3,0,7,16,18,16,4,15,0,7,7,11,16,11,16,9,11,10,19,19,11,19,0,0,0,0,0,0,0,0,0,0,0,0,0,0,0,0",0.54377145,0.7176378,0.9264271,3.0,0.0,64.46724,0.0,1.0,0.0,0.55880123,0.0,0.0,0.0,0.0,0.0066619734,0.7764965,0.55880123,4.2762327,1.5134935,64.46724,0.54377145,4.7697067,265.7635,0.0,0.0,1.0,265.7635,0.07357289,0.22350346,4.2762327,0.0066619734,0.0,0.7176378,0.0,1.5134935,4.7697067,0.0,0.84586924,0.0,0.0,0.84586924,0.5767957,0.0,1.0,0.0,lookahead,beam_orig3_bm2-s0to100br2
/work/T-REX/external/Proteina-Complexa/inference/search_binder_local_pipeline_32_PDL1_ALPHA_REPACK_v7_r007_cand_v7r007_hyp_0007_00_001_a92db08c2022c/job_0_n_207_id_11_beam_orig0_bm2-s0to100br3/job_0_n_207_id_11_beam_orig0_bm2-s0to100br3.pdb,44,"2,0,13,16,19,16,19,14,11,3,10,18,19,19,6,18,7,15,2,12,16,9,6,4,11,13,14,19,6,11,5,10,3,10,0,0,10,9,19,18,17,6,12,6,3,11,2,9,9,5,13,19,8,7,6,6,3,10,11,19,5,8,15,15,18,1,5,1,0,1,10,10,11,3,5,10,15,10,7,2,0,0,10,5,9,16,3,19,11,10,5,3,0,7,19,18,1,4,12,9,15,18,7,7,0,3,18,11,1,9,16,19,11,19,2,0,15,19,16,10,15,14,11,2,10,16,19,16,6,7,6,16,0,10,13,16,4,15,15,3,14,15,10,14,15,7,0,16,19,15,17,13,11,2,7,9,14,10,14,10,2,3,1,18,11,10,10,3,2,18,15,10,6,9,16,2,16,6,10,15,3,15,7,10,18,5,4,11,19,6,8,7,7,16,15,11,10,15,0,7,0,5,10,16,19,10,7",0.58991706,0.43503648,0.84564596,3.0,0.005688851,124.66097,0.005983104,1.0,0.005983104,0.43551412,0.0,0.0,0.0,0.005688851,0.0047704387,0.80692303,0.43551412,22.19815,1.5471084,124.66097,0.58991706,4.3215137,221.83424,0.0,0.005394598,1.0,221.83424,0.15435404,0.19307697,22.19815,0.0047704387,0.0,0.43503648,0.0,1.5471084,4.3215137,0.0,0.68424076,0.0,0.0,0.68424076,0.56941664,0.005394598,1.0,0.0,lookahead,beam_orig0_bm2-s0to100br3
/work/T-REX/external/Proteina-Complexa/inference/search_binder_local_pipeline_32_PDL1_ALPHA_REPACK_v7_r007_cand_v7r007_hyp_0007_00_001_a92db08c2022c/job_0_n_196_id_11_beam_orig1_bm2-s0to100br3/job_0_n_196_id_11_beam_orig1_bm2-s0to100br3.pdb,45,"2,0,13,16,19,16,19,14,11,3,10,18,19,19,6,18,7,15,2,12,16,9,6,4,11,13,14,19,6,11,5,10,3,10,0,0,10,9,19,18,17,6,12,6,3,11,2,9,9,5,13,19,8,7,6,6,3,10,11,19,5,8,15,15,18,1,5,1,0,1,10,10,11,3,5,10,15,10,7,2,0,0,10,5,9,16,3,19,11,10,5,3,0,7,19,18,1,4,12,9,15,18,7,7,0,3,18,11,1,9,16,19,11,19,2,0,15,3,9,15,11,10,16,7,6,5,9,11,6,13,11,6,0,13,15,10,13,3,11,3,7,3,7,16,9,16,16,6,6,10,7,16,19,12,1,15,10,7,5,2,14,16,6,0,6,10,5,3,12,9,2,6,19,3,0,3,7,3,7,16,9,3,13,14,6,13,10,16,12,12,19,1,11,12,11,3,0,0,0,0,0,0,0,0,0,0,0",0.56246334,0.48091787,0.81321335,3.0,0.005622401,143.07405,0.0064123096,1.0,0.0064123096,0.47167405,0.0,0.0,0.0,0.005622401,0.014403095,0.6576847,0.47167405,14.779224,2.2377884,143.07405,0.56246334,4.125276,301.50305,0.0,0.004832492,1.0,301.50305,0.18678668,0.34231535,14.779224,0.014403095,0.0,0.48091787,0.0,2.2377884,4.125276,0.0,0.66297907,0.0,0.0,0.66297907,0.6110108,0.004832492,1.0,0.0,lookahead,beam_orig1_bm2-s0to100br3
/work/T-REX/external/Proteina-Complexa/inference/search_binder_local_pipeline_32_PDL1_ALPHA_REPACK_v7_r007_cand_v7r007_hyp_0007_00_001_a92db08c2022c/job_0_n_170_id_11_beam_orig2_bm2-s0to100br3/job_0_n_170_id_11_beam_orig2_bm2-s0to100br3.pdb,46,"2,0,13,16,19,16,19,14,11,3,10,18,19,19,6,18,7,15,2,12,16,9,6,4,11,13,14,19,6,11,5,10,3,10,0,0,10,9,19,18,17,6,12,6,3,11,2,9,9,5,13,19,8,7,6,6,3,10,11,19,5,8,15,15,18,1,5,1,0,1,10,10,11,3,5,10,15,10,7,2,0,0,10,5,9,16,3,19,11,10,5,3,0,7,19,18,1,4,12,9,15,18,7,7,0,3,18,11,1,9,16,19,11,19,2,0,11,0,5,6,0,10,5,11,1,5,6,9,6,11,13,10,10,7,18,3,7,11,16,13,16,9,11,3,9,0,11,15,10,2,19,15,6,11,16,19,10,5,19,11,1,3,10,6,11,7,1,9,19,10,0,0,0,0,0,0,0,0,0,0,0,0,0,0,0,0,0,0,0,0,0,0,0,0,0,0,0,0,0,0,0,0,0,0,0,0,0",0.5885288,0.44584647,0.81979924,3.0,0.0058896155,121.48324,0.0061610043,1.0,0.0061610043,0.51203257,0.0,0.0,0.0,0.0058896155,0.015552205,0.594069,0.51203257,15.171348,2.4801126,121.48324,0.5885288,4.047134,279.85434,0.0,0.0056182267,1.0,279.85434,0.18020074,0.405931,15.171348,0.015552205,0.0,0.44584647,0.0,2.4801126,4.047134,0.0,0.6470597,0.0,0.0,0.6470597,0.66645217,0.0056182267,1.0,0.0,lookahead,beam_orig2_bm2-s0to100br3
/work/T-REX/external/Proteina-Complexa/inference/search_binder_local_pipeline_32_PDL1_ALPHA_REPACK_v7_r007_cand_v7r007_hyp_0007_00_001_a92db08c2022c/job_0_n_191_id_11_beam_orig3_bm2-s0to100br3/job_0_n_191_id_11_beam_orig3_bm2-s0to100br3.pdb,47,"2,0,13,16,19,16,19,14,11,3,10,18,19,19,6,18,7,15,2,12,16,9,6,4,11,13,14,19,6,11,5,10,3,10,0,0,10,9,19,18,17,6,12,6,3,11,2,9,9,5,13,19,8,7,6,6,3,10,11,19,5,8,15,15,18,1,5,1,0,1,10,10,11,3,5,10,15,10,7,2,0,0,10,5,9,16,3,19,11,10,5,3,0,7,19,18,1,4,12,9,15,18,7,7,0,3,18,11,1,9,16,19,11,19,2,0,0,12,0,18,18,2,1,7,2,0,18,11,3,10,2,5,10,3,10,0,10,6,3,18,2,11,0,9,6,9,11,14,15,13,0,6,0,18,18,2,1,7,2,19,18,11,3,10,2,11,10,3,10,0,9,6,3,18,2,11,0,9,6,9,11,14,2,13,9,5,0,18,8,6,1,0,0,0,0,0,0,0,0,0,0,0,0,0,0,0,0",0.5936185,0.38563246,0.7999737,3.0,0.009709623,121.803925,0.01367071,1.0,0.01367071,0.40023735,0.005490359,0.0,0.0,0.009709623,0.002441585,0.85515463,0.40023735,18.816158,1.282342,121.803925,0.5936185,4.2401495,220.8155,0.0,0.0057485355,1.0,220.8155,0.20002627,0.14484535,18.816158,0.002441585,0.010980718,0.38563246,0.0,1.282342,4.2401495,0.0,0.6160517,0.0,0.010980718,0.6160517,0.6209909,0.0057485355,1.0,0.005490359,lookahead,beam_orig3_bm2-s0to100br3
/work/T-REX/external/Proteina-Complexa/inference/search_binder_local_pipeline_32_PDL1_ALPHA_REPACK_v7_r007_cand_v7r007_hyp_0007_00_001_a92db08c2022c/job_0_n_207_id_12_beam_orig0_bm3-s0to100br0/job_0_n_207_id_12_beam_orig0_bm3-s0to100br0.pdb,48,"2,0,13,16,19,16,19,14,11,3,10,18,19,19,6,18,7,15,2,12,16,9,6,4,11,13,14,19,6,11,5,10,3,10,0,0,10,9,19,18,17,6,12,6,3,11,2,9,9,5,13,19,8,7,6,6,3,10,11,19,5,8,15,15,18,1,5,1,0,1,10,10,11,3,5,10,15,10,7,2,0,0,10,5,9,16,3,19,11,10,5,3,0,7,19,18,1,4,12,9,15,18,7,7,0,3,18,11,1,9,16,19,11,19,2,0,10,8,14,2,8,14,3,9,0,16,15,10,2,2,10,7,2,19,18,11,15,5,7,11,10,15,6,0,6,11,4,18,11,6,0,10,6,9,1,11,11,9,15,14,2,8,14,3,19,0,16,15,10,2,2,10,7,2,19,18,11,15,5,7,11,10,15,6,0,6,11,4,18,11,6,0,10,6,9,18,11,13,9,7,3,11,19,7,9,0,2",0.5705662,0.4434625,0.8319578,3.0,0.0057892893,144.82726,0.0059001264,1.0,0.0059001264,0.54827213,0.0,0.0,0.0,0.0057892893,0.04988464,0.57775295,0.54827213,18.57132,2.1182225,144.82726,0.5705662,4.2080417,281.66034,0.0,0.0056784516,1.0,281.66034,0.16804221,0.42224705,18.57132,0.04988464,0.0,0.4434625,0.0,2.1182225,4.2080417,0.0,0.6831598,0.0,0.0,0.6831598,0.57759726,0.0056784516,1.0,0.0,lookahead,beam_orig0_bm3-s0to100br0
/work/T-REX/external/Proteina-Complexa/inference/search_binder_local_pipeline_32_PDL1_ALPHA_REPACK_v7_r007_cand_v7r007_hyp_0007_00_001_a92db08c2022c/job_0_n_196_id_12_beam_orig1_bm3-s0to100br0/job_0_n_196_id_12_beam_orig1_bm3-s0to100br0.pdb,49,"2,0,13,16,19,16,19,14,11,3,10,18,19,19,6,18,7,15,2,12,16,9,6,4,11,13,14,19,6,11,5,10,3,10,0,0,10,9,19,18,17,6,12,6,3,11,2,9,9,5,13,19,8,7,6,6,3,10,11,19,5,8,15,15,18,1,5,1,0,1,10,10,11,3,5,10,15,10,7,2,0,0,10,5,9,16,3,19,11,10,5,3,0,7,19,18,1,4,12,9,15,18,7,7,0,3,18,11,1,9,16,19,11,19,2,0,15,19,15,14,0,15,10,15,19,15,0,7,7,16,0,16,13,16,4,15,19,16,7,0,10,15,15,13,9,5,17,5,11,2,7,5,15,9,15,0,7,7,1,13,16,9,15,7,2,11,10,16,9,15,7,16,6,0,2,3,15,7,19,18,16,4,15,19,7,3,5,15,7,15,0,16,10,16,19,15,0,0,0,0,0,0,0,0,0,0,0",0.60942924,0.29064375,0.7473531,3.0,0.033429667,84.91122,0.040028505,1.0,0.040028505,0.37077442,0.012941641,0.0,0.0,0.033429667,0.0023446814,0.8228561,0.37077442,9.291707,1.5009909,84.91122,0.60942924,4.3883834,177.05962,0.0121105295,0.02683083,1.0,177.05962,0.2526469,0.17714387,9.291707,0.0023446814,0.013772752,0.29064375,0.0,1.5009909,4.3883834,0.0121105295,0.54503006,0.0,0.013772752,0.54503006,0.63282394,0.02683083,1.0,0.012941641,lookahead,beam_orig1_bm3-s0to100br0
/work/T-REX/external/Proteina-Complexa/inference/search_binder_local_pipeline_32_PDL1_ALPHA_REPACK_v7_r007_cand_v7r007_hyp_0007_00_001_a92db08c2022c/job_0_n_170_id_12_beam_orig2_bm3-s0to100br0/job_0_n_170_id_12_beam_orig2_bm3-s0to100br0.pdb,50,"2,0,13,16,19,16,19,14,11,3,10,18,19,19,6,18,7,15,2,12,16,9,6,4,11,13,14,19,6,11,5,10,3,10,0,0,10,9,19,18,17,6,12,6,3,11,2,9,9,5,13,19,8,7,6,6,3,10,11,19,5,8,15,15,18,1,5,1,0,1,10,10,11,3,5,10,15,10,7,2,0,0,10,5,9,16,3,19,11,10,5,3,0,7,19,18,1,4,12,9,15,18,7,7,0,3,18,11,1,9,16,19,11,19,2,0,15,15,12,16,19,8,3,1,10,10,10,9,15,6,6,6,7,12,14,19,6,13,10,6,1,16,9,11,6,5,10,11,9,3,14,2,11,10,9,15,15,10,15,7,11,6,11,6,1,10,3,2,10,19,0,0,0,0,0,0,0,0,0,0,0,0,0,0,0,0,0,0,0,0,0,0,0,0,0,0,0,0,0,0,0,0,0,0,0,0,0",0.5389683,0.13666472,0.45173,3.0,0.16717595,54.887848,0.21428269,1.0,0.21428269,0.24177065,0.1632672,0.0,0.0,0.16717595,0.010108028,0.83143413,0.24177065,3.691995,1.8617109,54.887848,0.5389683,3.006167,167.96864,0.116748616,0.12006922,1.0,167.96864,0.54827,0.16856585,3.691995,0.010108028,0.20978579,0.13666472,0.0,1.8617109,3.006167,0.116748616,0.30580264,0.0,0.20978579,0.30580264,0.7836424,0.12006922,1.0,0.1632672,lookahead,beam_orig2_bm3-s0to100br0
/work/T-REX/external/Proteina-Complexa/inference/search_binder_local_pipeline_32_PDL1_ALPHA_REPACK_v7_r007_cand_v7r007_hyp_0007_00_001_a92db08c2022c/job_0_n_191_id_12_beam_orig3_bm3-s0to100br0/job_0_n_191_id_12_beam_orig3_bm3-s0to100br0.pdb,51,"2,0,13,16,19,16,19,14,11,3,10,18,19,19,6,18,7,15,2,12,16,9,6,4,11,13,14,19,6,11,5,10,3,10,0,0,10,9,19,18,17,6,12,6,3,11,2,9,9,5,13,19,8,7,6,6,3,10,11,19,5,8,15,15,18,1,5,1,0,1,10,10,11,3,5,10,15,10,7,2,0,0,10,5,9,16,3,19,11,10,5,3,0,7,19,18,1,4,12,9,15,18,7,7,0,3,18,11,1,9,16,19,11,19,2,0,7,1,6,3,10,10,11,6,0,19,15,7,14,19,14,16,6,19,6,10,16,10,10,1,3,18,10,11,11,6,9,7,6,6,10,0,2,10,13,19,6,0,0,1,7,11,11,10,2,10,3,11,19,13,16,10,12,1,15,15,14,3,11,19,5,16,0,11,6,10,9,7,10,10,15,0,0,0,0,0,0,0,0,0,0,0,0,0,0,0,0",0.653418,0.30039227,0.77789253,3.0,0.02790929,68.12785,0.027973594,1.0,0.027973594,0.35809582,0.012979607,0.0,0.0,0.02790929,0.0024499528,0.83870405,0.35809582,6.6853604,1.441985,68.12785,0.653418,3.6906097,211.8542,0.012048002,0.027844984,1.0,211.8542,0.22210747,0.16129597,6.6853604,0.0024499528,0.013911212,0.30039227,0.0,1.441985,3.6906097,0.012048002,0.54133004,0.0,0.013911212,0.54133004,0.6296794,0.027844984,1.0,0.012979607,lookahead,beam_orig3_bm3-s0to100br0
/work/T-REX/external/Proteina-Complexa/inference/search_binder_local_pipeline_32_PDL1_ALPHA_REPACK_v7_r007_cand_v7r007_hyp_0007_00_001_a92db08c2022c/job_0_n_207_id_13_beam_orig0_bm3-s0to100br1/job_0_n_207_id_13_beam_orig0_bm3-s0to100br1.pdb,52,"2,0,13,16,19,16,19,14,11,3,10,18,19,19,6,18,7,15,2,12,16,9,6,4,11,13,14,19,6,11,5,10,3,10,0,0,10,9,19,18,17,6,12,6,3,11,2,9,9,5,13,19,8,7,6,6,3,10,11,19,5,8,15,15,18,1,5,1,0,1,10,10,11,3,5,10,15,10,7,2,0,0,10,5,9,16,3,19,11,10,5,3,0,7,19,18,1,4,12,9,15,18,7,7,0,3,18,11,1,9,16,19,11,19,2,0,15,14,15,11,1,3,12,0,9,0,18,15,2,6,0,1,1,10,15,2,6,7,0,6,10,18,11,5,7,11,10,3,6,0,11,11,11,18,10,5,0,9,6,10,0,11,3,0,9,11,10,3,14,2,18,0,11,0,8,8,16,10,15,19,15,10,15,2,10,7,2,10,10,8,3,5,7,11,10,3,6,0,6,11,11,18,5,6,0,10,6",0.61781305,0.3881035,0.83390087,3.0,0.0058095623,127.76543,0.0058431015,1.0,0.0058431015,0.3936464,0.0,0.0,0.0,0.0058095623,0.008578541,0.8300699,0.3936464,27.536747,1.2800771,127.76543,0.61781305,4.0808372,232.676,0.0,0.0057760226,1.0,232.676,0.16609913,0.16993007,27.536747,0.008578541,0.0,0.3881035,0.0,1.2800771,4.0808372,0.0,0.63884777,0.0,0.0,0.63884777,0.57262135,0.0057760226,1.0,0.0,lookahead,beam_orig0_bm3-s0to100br1
/work/T-REX/external/Proteina-Complexa/inference/search_binder_local_pipeline_32_PDL1_ALPHA_REPACK_v7_r007_cand_v7r007_hyp_0007_00_001_a92db08c2022c/job_0_n_196_id_13_beam_orig1_bm3-s0to100br1/job_0_n_196_id_13_beam_orig1_bm3-s0to100br1.pdb,53,"2,0,13,16,19,16,19,14,11,3,10,18,19,19,6,18,7,15,2,12,16,9,6,4,11,13,14,19,6,11,5,10,3,10,0,0,10,9,19,18,17,6,12,6,3,11,2,9,9,5,13,19,8,7,6,6,3,10,11,19,5,8,15,15,18,1,5,1,0,1,10,10,11,3,5,10,15,10,7,2,0,0,10,5,9,16,3,19,11,10,5,3,0,7,19,18,1,4,12,9,15,18,7,7,0,3,18,11,1,9,16,19,11,19,2,0,15,6,6,15,6,11,5,0,1,11,10,9,6,6,10,11,11,0,11,16,3,13,6,11,10,11,14,10,9,6,10,11,6,10,10,16,11,15,15,10,15,15,6,16,6,2,10,9,1,2,6,10,6,11,19,15,11,3,14,11,0,8,0,0,19,11,2,0,0,11,3,10,10,19,10,10,11,15,11,6,0,0,0,0,0,0,0,0,0,0,0",0.6352743,0.19135725,0.5955056,3.0,0.12253311,38.23909,0.13980782,1.0,0.13980782,0.2591968,0.06930493,0.0,0.0,0.12253311,0.0047621215,0.8697587,0.2591968,2.354399,1.5115168,38.23909,0.6352743,3.3313618,186.79277,0.0630544,0.1052584,1.0,186.79277,0.40449437,0.13024126,2.354399,0.0047621215,0.07555545,0.19135725,0.0,1.5115168,3.3313618,0.0630544,0.38051718,0.0,0.07555545,0.38051718,0.69855773,0.1052584,1.0,0.06930493,lookahead,beam_orig1_bm3-s0to100br1
/work/T-REX/external/Proteina-Complexa/inference/search_binder_local_pipeline_32_PDL1_ALPHA_REPACK_v7_r007_cand_v7r007_hyp_0007_00_001_a92db08c2022c/job_0_n_170_id_13_beam_orig2_bm3-s0to100br1/job_0_n_170_id_13_beam_orig2_bm3-s0to100br1.pdb,54,"2,0,13,16,19,16,19,14,11,3,10,18,19,19,6,18,7,15,2,12,16,9,6,4,11,13,14,19,6,11,5,10,3,10,0,0,10,9,19,18,17,6,12,6,3,11,2,9,9,5,13,19,8,7,6,6,3,10,11,19,5,8,15,15,18,1,5,1,0,1,10,10,11,3,5,10,15,10,7,2,0,0,10,5,9,16,3,19,11,10,5,3,0,7,19,18,1,4,12,9,15,18,7,7,0,3,18,11,1,9,16,19,11,19,2,0,10,7,8,16,14,10,8,10,0,0,10,0,7,8,10,6,9,19,6,19,10,10,11,8,7,0,3,19,2,0,15,3,11,15,7,10,16,14,13,3,10,0,16,10,15,7,8,6,6,9,19,6,19,10,0,0,0,0,0,0,0,0,0,0,0,0,0,0,0,0,0,0,0,0,0,0,0,0,0,0,0,0,0,0,0,0,0,0,0,0,0",0.6375663,0.3003012,0.74896,3.0,0.02587192,121.859856,0.031297535,1.0,0.031297535,0.37660033,0.013005465,0.0,0.0,0.02587192,0.007251765,0.7360551,0.37660033,17.440477,1.5454702,121.859856,0.6375663,3.5208814,256.9011,0.011736738,0.020446304,1.0,256.9011,0.25103998,0.26394492,17.440477,0.007251765,0.014274193,0.3003012,0.0,1.5454702,3.5208814,0.011736738,0.51174563,0.0,0.014274193,0.51174563,0.68811166,0.020446304,1.0,0.013005465,lookahead,beam_orig2_bm3-s0to100br1
/work/T-REX/external/Proteina-Complexa/inference/search_binder_local_pipeline_32_PDL1_ALPHA_REPACK_v7_r007_cand_v7r007_hyp_0007_00_001_a92db08c2022c/job_0_n_191_id_13_beam_orig3_bm3-s0to100br1/job_0_n_191_id_13_beam_orig3_bm3-s0to100br1.pdb,55,"2,0,13,16,19,16,19,14,11,3,10,18,19,19,6,18,7,15,2,12,16,9,6,4,11,13,14,19,6,11,5,10,3,10,0,0,10,9,19,18,17,6,12,6,3,11,2,9,9,5,13,19,8,7,6,6,3,10,11,19,5,8,15,15,18,1,5,1,0,1,10,10,11,3,5,10,15,10,7,2,0,0,10,5,9,16,3,19,11,10,5,3,0,7,19,18,1,4,12,9,15,18,7,7,0,3,18,11,1,9,16,19,11,19,2,0,15,10,6,6,8,19,11,11,7,2,3,2,13,0,6,7,10,11,5,18,7,10,11,2,18,6,6,0,11,11,11,13,6,11,0,0,11,6,13,6,11,0,0,2,10,0,11,16,3,6,6,11,0,11,18,6,15,0,0,6,10,0,11,2,6,0,6,11,4,6,6,10,9,11,11,0,0,0,0,0,0,0,0,0,0,0,0,0,0,0,0",0.5442275,0.17337464,0.52021885,3.0,0.13552018,43.737434,0.17136711,1.0,0.17136711,0.25064486,0.09954369,0.0,0.0,0.13552018,0.0026955358,0.87687916,0.25064486,2.9378023,1.3023313,43.737434,0.5442275,3.00891,199.9282,0.06448328,0.09967324,1.0,199.9282,0.47978118,0.12312082,2.9378023,0.0026955358,0.1346041,0.17337464,0.0,1.3023313,3.00891,0.06448328,0.37162098,0.0,0.1346041,0.37162098,0.72073823,0.09967324,1.0,0.09954369,lookahead,beam_orig3_bm3-s0to100br1
/work/T-REX/external/Proteina-Complexa/inference/search_binder_local_pipeline_32_PDL1_ALPHA_REPACK_v7_r007_cand_v7r007_hyp_0007_00_001_a92db08c2022c/job_0_n_207_id_14_beam_orig0_bm3-s0to100br2/job_0_n_207_id_14_beam_orig0_bm3-s0to100br2.pdb,56,"2,0,13,16,19,16,19,14,11,3,10,18,19,19,6,18,7,15,2,12,16,9,6,4,11,13,14,19,6,11,5,10,3,10,0,0,10,9,19,18,17,6,12,6,3,11,2,9,9,5,13,19,8,7,6,6,3,10,11,19,5,8,15,15,18,1,5,1,0,1,10,10,11,3,5,10,15,10,7,2,0,0,10,5,9,16,3,19,11,10,5,3,0,7,19,18,1,4,12,9,15,18,7,7,0,3,18,11,1,9,16,19,11,19,2,0,0,0,1,7,7,8,10,6,9,19,6,19,10,10,11,8,7,0,3,19,2,0,0,3,3,11,7,10,16,14,10,8,10,0,0,15,15,7,8,10,6,9,19,6,19,10,10,11,8,7,0,3,19,2,0,0,3,11,2,7,18,16,14,10,8,10,0,7,10,15,7,8,10,6,9,19,6,19,10,10,11,8,7,0,3,19,2,0,1,0,11",0.55881983,0.55777496,0.8436844,3.0,0.0028207698,125.05572,0.0056415396,1.0,0.0056415396,0.44052985,0.0,0.0,0.0,0.0028207698,0.012906371,0.84137964,0.44052985,22.36072,1.4345059,125.05572,0.55881983,4.44954,237.95607,0.0,0.0,1.0,237.95607,0.15631564,0.15862036,22.36072,0.012906371,0.0,0.55777496,0.0,1.4345059,4.44954,0.0,0.7095275,0.0,0.0,0.7095275,0.57533807,0.0,1.0,0.0,lookahead,beam_orig0_bm3-s0to100br2
/work/T-REX/external/Proteina-Complexa/inference/search_binder_local_pipeline_32_PDL1_ALPHA_REPACK_v7_r007_cand_v7r007_hyp_0007_00_001_a92db08c2022c/job_0_n_196_id_14_beam_orig1_bm3-s0to100br2/job_0_n_196_id_14_beam_orig1_bm3-s0to100br2.pdb,57,"2,0,13,16,19,16,19,14,11,3,10,18,19,19,6,18,7,15,2,12,16,9,6,4,11,13,14,19,6,11,5,10,3,10,0,0,10,9,19,18,17,6,12,6,3,11,2,9,9,5,13,19,8,7,6,6,3,10,11,19,5,8,15,15,18,1,5,1,0,1,10,10,11,3,5,10,15,10,7,2,0,0,10,5,9,16,3,19,11,10,5,3,0,7,19,18,1,4,12,9,15,18,7,7,0,3,18,11,1,9,16,19,11,19,2,0,7,10,6,5,14,9,0,11,12,16,19,16,6,7,18,15,0,10,10,14,4,11,15,10,16,7,0,14,9,16,17,13,11,2,7,5,6,19,15,7,3,1,13,5,2,11,3,7,15,10,10,9,16,2,19,16,11,0,3,0,7,10,18,5,4,6,15,6,7,5,13,15,1,16,16,1,10,9,19,3,0,0,0,0,0,0,0,0,0,0,0",0.55929613,0.13580623,0.37457907,3.0,0.25830203,112.085045,0.28105512,1.0,0.28105512,0.19670346,0.25830203,0.0,0.0,0.25830203,0.0020887794,0.86130583,0.19670346,9.976904,1.5190688,112.085045,0.55929613,2.721454,258.8458,0.23554897,0.23554897,1.0,258.8458,0.6254209,0.13869418,9.976904,0.0020887794,0.28105512,0.13580623,0.0,1.5190688,2.721454,0.23554897,0.26087454,0.0,0.28105512,0.26087454,0.79420197,0.23554897,1.0,0.25830203,lookahead,beam_orig1_bm3-s0to100br2
/work/T-REX/external/Proteina-Complexa/inference/search_binder_local_pipeline_32_PDL1_ALPHA_REPACK_v7_r007_cand_v7r007_hyp_0007_00_001_a92db08c2022c/job_0_n_170_id_14_beam_orig2_bm3-s0to100br2/job_0_n_170_id_14_beam_orig2_bm3-s0to100br2.pdb,58,"2,0,13,16,19,16,19,14,11,3,10,18,19,19,6,18,7,15,2,12,16,9,6,4,11,13,14,19,6,11,5,10,3,10,0,0,10,9,19,18,17,6,12,6,3,11,2,9,9,5,13,19,8,7,6,6,3,10,11,19,5,8,15,15,18,1,5,1,0,1,10,10,11,3,5,10,15,10,7,2,0,0,10,5,9,16,3,19,11,10,5,3,0,7,19,18,1,4,12,9,15,18,7,7,0,3,18,11,1,9,16,19,11,19,2,0,5,6,1,10,11,11,9,6,6,16,16,3,6,11,6,10,6,6,10,13,6,6,0,19,11,3,2,2,15,3,9,0,13,0,4,10,1,11,9,11,3,11,3,11,15,1,6,10,13,6,11,10,9,11,0,0,0,0,0,0,0,0,0,0,0,0,0,0,0,0,0,0,0,0,0,0,0,0,0,0,0,0,0,0,0,0,0,0,0,0,0",0.63924134,0.060547177,0.2686422,3.0,0.43587816,60.91831,0.55777544,1.0,0.55777544,0.16497962,0.43587816,0.0,0.0,0.43587816,0.0062408503,0.8822652,0.16497962,4.384952,1.7772737,60.91831,0.63924134,2.376286,186.36159,0.31398088,0.31398088,1.0,186.36159,0.7313578,0.11773479,4.384952,0.0062408503,0.55777544,0.060547177,0.0,1.7772737,2.376286,0.31398088,0.19960012,0.0,0.55777544,0.19960012,0.8497677,0.31398088,1.0,0.43587816,lookahead,beam_orig2_bm3-s0to100br2
/work/T-REX/external/Proteina-Complexa/inference/search_binder_local_pipeline_32_PDL1_ALPHA_REPACK_v7_r007_cand_v7r007_hyp_0007_00_001_a92db08c2022c/job_0_n_191_id_14_beam_orig3_bm3-s0to100br2/job_0_n_191_id_14_beam_orig3_bm3-s0to100br2.pdb,59,"2,0,13,16,19,16,19,14,11,3,10,18,19,19,6,18,7,15,2,12,16,9,6,4,11,13,14,19,6,11,5,10,3,10,0,0,10,9,19,18,17,6,12,6,3,11,2,9,9,5,13,19,8,7,6,6,3,10,11,19,5,8,15,15,18,1,5,1,0,1,10,10,11,3,5,10,15,10,7,2,0,0,10,5,9,16,3,19,11,10,5,3,0,7,19,18,1,4,12,9,15,18,7,7,0,3,18,11,1,9,16,19,11,19,2,0,15,10,11,15,3,10,0,6,0,18,11,2,1,7,2,19,18,13,11,10,7,2,18,3,10,0,9,6,3,18,16,11,0,9,6,9,3,14,2,13,0,11,0,18,2,2,1,7,0,0,18,12,7,11,7,2,13,11,10,0,7,6,3,13,3,6,0,11,11,9,3,14,2,19,3,0,0,0,0,0,0,0,0,0,0,0,0,0,0,0,0",0.58763564,0.1378603,0.45181036,3.0,0.20492494,64.92984,0.23345771,1.0,0.23345771,0.2082533,0.20132211,0.0,0.0,0.20492494,0.0042275027,0.89658606,0.2082533,4.374248,1.2555027,64.92984,0.58763564,2.9490087,185.05002,0.17186882,0.17639218,1.0,185.05002,0.54818964,0.10341395,4.374248,0.0042275027,0.23077542,0.1378603,0.0,1.2555027,2.9490087,0.17186882,0.2950048,0.0,0.23077542,0.2950048,0.7636063,0.17639218,1.0,0.20132211,lookahead,beam_orig3_bm3-s0to100br2
/work/T-REX/external/Proteina-Complexa/inference/search_binder_local_pipeline_32_PDL1_ALPHA_REPACK_v7_r007_cand_v7r007_hyp_0007_00_001_a92db08c2022c/job_0_n_207_id_15_beam_orig0_bm3-s0to100br3/job_0_n_207_id_15_beam_orig0_bm3-s0to100br3.pdb,60,"2,0,13,16,19,16,19,14,11,3,10,18,19,19,6,18,7,15,2,12,16,9,6,4,11,13,14,19,6,11,5,10,3,10,0,0,10,9,19,18,17,6,12,6,3,11,2,9,9,5,13,19,8,7,6,6,3,10,11,19,5,8,15,15,18,1,5,1,0,1,10,10,11,3,5,10,15,10,7,2,0,0,10,5,9,16,3,19,11,10,5,3,0,7,19,18,1,4,12,9,15,18,7,7,0,3,18,11,1,9,16,19,11,19,2,0,15,19,3,11,16,10,19,5,14,7,6,2,19,16,9,15,4,15,15,14,10,14,0,3,15,13,8,10,18,11,7,3,3,16,15,7,11,14,9,11,16,19,11,0,14,3,16,15,15,13,14,11,16,0,2,13,8,10,11,15,19,16,15,6,3,15,7,16,18,1,4,0,18,6,15,1,7,15,10,15,3,13,15,3,14,19,6,10,16,19,15",0.6103595,0.2909248,0.75343317,3.0,0.034694098,121.88326,0.03844724,1.0,0.03844724,0.36455148,0.01312336,0.0,0.0,0.034694098,0.009664336,0.8336068,0.36455148,15.763544,1.5642674,121.88326,0.6103595,4.29303,181.4943,0.011765556,0.030940956,1.0,181.4943,0.24656683,0.1663932,15.763544,0.009664336,0.0144811645,0.2909248,0.0,1.5642674,4.29303,0.011765556,0.5544843,0.0,0.0144811645,0.5544843,0.61613804,0.030940956,1.0,0.01312336,lookahead,beam_orig0_bm3-s0to100br3
/work/T-REX/external/Proteina-Complexa/inference/search_binder_local_pipeline_32_PDL1_ALPHA_REPACK_v7_r007_cand_v7r007_hyp_0007_00_001_a92db08c2022c/job_0_n_196_id_15_beam_orig1_bm3-s0to100br3/job_0_n_196_id_15_beam_orig1_bm3-s0to100br3.pdb,61,"2,0,13,16,19,16,19,14,11,3,10,18,19,19,6,18,7,15,2,12,16,9,6,4,11,13,14,19,6,11,5,10,3,10,0,0,10,9,19,18,17,6,12,6,3,11,2,9,9,5,13,19,8,7,6,6,3,10,11,19,5,8,15,15,18,1,5,1,0,1,10,10,11,3,5,10,15,10,7,2,0,0,10,5,9,16,3,19,11,10,5,3,0,7,19,18,1,4,12,9,15,18,7,7,0,3,18,11,1,9,16,19,11,19,2,0,3,10,19,6,9,0,16,2,10,13,15,6,15,6,12,6,1,10,11,0,10,13,3,10,5,3,11,7,9,13,15,3,10,10,10,6,6,0,1,11,11,7,10,1,3,7,0,19,6,15,9,1,0,11,12,11,6,11,7,0,16,6,10,14,11,6,3,6,10,0,9,10,6,6,0,11,11,1,15,0,0,0,0,0,0,0,0,0,0,0,0",0.77151114,0.03965545,0.1634047,3.0,0.67201877,36.08813,0.71658397,1.0,0.71658397,0.11678108,0.67201877,0.0,0.0,0.67201877,0.0032060407,0.94043064,0.11678108,1.2190313,1.4881927,36.08813,0.77151114,2.407417,150.25401,0.6274535,0.6274535,1.0,150.25401,0.8365953,0.059569348,1.2190313,0.0032060407,0.71658397,0.03965545,0.0,1.4881927,2.407417,0.6274535,0.14561467,0.0,0.71658397,0.14561467,0.8843744,0.6274535,1.0,0.67201877,lookahead,beam_orig1_bm3-s0to100br3
/work/T-REX/external/Proteina-Complexa/inference/search_binder_local_pipeline_32_PDL1_ALPHA_REPACK_v7_r007_cand_v7r007_hyp_0007_00_001_a92db08c2022c/job_0_n_170_id_15_beam_orig2_bm3-s0to100br3/job_0_n_170_id_15_beam_orig2_bm3-s0to100br3.pdb,62,"2,0,13,16,19,16,19,14,11,3,10,18,19,19,6,18,7,15,2,12,16,9,6,4,11,13,14,19,6,11,5,10,3,10,0,0,10,9,19,18,17,6,12,6,3,11,2,9,9,5,13,19,8,7,6,6,3,10,11,19,5,8,15,15,18,1,5,1,0,1,10,10,11,3,5,10,15,10,7,2,0,0,10,5,9,16,3,19,11,10,5,3,0,7,19,18,1,4,12,9,15,18,7,7,0,3,18,11,1,9,16,19,11,19,2,0,2,6,6,6,0,10,0,2,10,6,11,3,18,18,0,7,11,9,11,11,3,19,0,10,0,17,4,1,18,13,12,1,13,15,11,3,14,11,19,11,6,1,0,1,1,13,18,6,5,10,11,0,6,0,0,0,0,0,0,0,0,0,0,0,0,0,0,0,0,0,0,0,0,0,0,0,0,0,0,0,0,0,0,0,0,0,0,0,0,0,0",0.52536833,0.087794796,0.29105544,3.0,0.3088551,32.055397,0.39287665,1.0,0.39287665,0.17501535,0.3088551,0.0,0.0,0.3088551,0.0013454093,0.8893471,0.17501535,2.0181625,1.548621,32.055397,0.52536833,2.3561623,160.6194,0.22483352,0.22483352,1.0,160.6194,0.70894456,0.110652916,2.0181625,0.0013454093,0.39287665,0.087794796,0.0,1.548621,2.3561623,0.22483352,0.22006993,0.0,0.39287665,0.22006993,0.837991,0.22483352,1.0,0.3088551,lookahead,beam_orig2_bm3-s0to100br3
/work/T-REX/external/Proteina-Complexa/inference/search_binder_local_pipeline_32_PDL1_ALPHA_REPACK_v7_r007_cand_v7r007_hyp_0007_00_001_a92db08c2022c/job_0_n_191_id_15_beam_orig3_bm3-s0to100br3/job_0_n_191_id_15_beam_orig3_bm3-s0to100br3.pdb,63,"2,0,13,16,19,16,19,14,11,3,10,18,19,19,6,18,7,15,2,12,16,9,6,4,11,13,14,19,6,11,5,10,3,10,0,0,10,9,19,18,17,6,12,6,3,11,2,9,9,5,13,19,8,7,6,6,3,10,11,19,5,8,15,15,18,1,5,1,0,1,10,10,11,3,5,10,15,10,7,2,0,0,10,5,9,16,3,19,11,10,5,3,0,7,19,18,1,4,12,9,15,18,7,7,0,3,18,11,1,9,16,19,11,19,2,0,11,19,16,10,11,4,6,9,19,0,7,15,11,14,6,11,19,1,17,13,11,3,7,19,6,19,7,15,7,16,16,19,6,19,11,14,7,19,18,5,15,16,10,6,19,10,11,15,6,0,3,7,0,11,18,1,4,19,13,16,19,6,7,1,6,18,15,16,14,6,19,1,18,19,0,0,0,0,0,0,0,0,0,0,0,0,0,0,0,0,0",0.5750612,0.5152255,0.90648705,3.0,0.0,119.93819,0.0,1.0,0.0,0.51298493,0.0,0.0,0.0,0.0,0.0028891093,0.8023813,0.51298493,19.796818,1.4123209,119.93819,0.5750612,4.690408,239.72447,0.0,0.0,1.0,239.72447,0.09351295,0.19761871,19.796818,0.0028891093,0.0,0.5152255,0.0,1.4123209,4.690408,0.0,0.7846694,0.0,0.0,0.7846694,0.5784341,0.0,1.0,0.0,lookahead,beam_orig3_bm3-s0to100br3
/work/T-REX/external/Proteina-Complexa/inference/search_binder_local_pipeline_32_PDL1_ALPHA_REPACK_v7_r007_cand_v7r007_hyp_0007_00_001_a92db08c2022c/job_0_n_207_id_16_beam_orig0_bm0-s0to100br2-s100to200br0/job_0_n_207_id_16_beam_orig0_bm0-s0to100br2-s100to200br0.pdb,64,"2,0,13,16,19,16,19,14,11,3,10,18,19,19,6,18,7,15,2,12,16,9,6,4,11,13,14,19,6,11,5,10,3,10,0,0,10,9,19,18,17,6,12,6,3,11,2,9,9,5,13,19,8,7,6,6,3,10,11,19,5,8,15,15,18,1,5,1,0,1,10,10,11,3,5,10,15,10,7,2,0,0,10,5,9,16,3,19,11,10,5,3,0,7,19,18,1,4,12,9,15,18,7,7,0,3,18,11,1,9,16,19,11,19,2,0,19,15,18,6,11,19,15,19,6,1,7,11,16,0,9,10,14,4,7,19,2,13,14,11,0,5,9,11,17,9,1,16,15,3,7,11,6,13,2,11,2,2,10,14,15,1,13,15,9,10,14,2,7,15,10,5,9,2,2,0,6,10,2,3,15,7,10,18,11,4,10,19,16,19,2,7,19,16,7,6,0,11,14,19,2,10,16,19,16,0,0",0.59615993,0.08900735,0.342111,3.0,0.3374852,52.435066,0.37203676,1.0,0.37203676,0.18848506,0.33730698,0.0,0.0,0.3374852,0.0029963066,0.90843004,0.18848506,2.5217085,1.4513063,52.435066,0.59615993,3.4425433,161.03146,0.3025772,0.30293363,1.0,161.03146,0.657889,0.091569945,2.5217085,0.0029963066,0.37203676,0.08900735,0.0,1.4513063,3.4425433,0.3025772,0.25449172,0.0,0.37203676,0.25449172,0.798242,0.30293363,1.0,0.33730698,lookahead,beam_orig0_bm0-s0to100br2-s100to200br0
/work/T-REX/external/Proteina-Complexa/inference/search_binder_local_pipeline_32_PDL1_ALPHA_REPACK_v7_r007_cand_v7r007_hyp_0007_00_001_a92db08c2022c/job_0_n_196_id_16_beam_orig1_bm3-s0to100br3-s100to200br0/job_0_n_196_id_16_beam_orig1_bm3-s0to100br3-s100to200br0.pdb,65,"2,0,13,16,19,16,19,14,11,3,10,18,19,19,6,18,7,15,2,12,16,9,6,4,11,13,14,19,6,11,5,10,3,10,0,0,10,9,19,18,17,6,12,6,3,11,2,9,9,5,13,19,8,7,6,6,3,10,11,19,5,8,15,15,18,1,5,1,0,1,10,10,11,3,5,10,15,10,7,2,0,0,10,5,9,16,3,19,11,10,5,3,0,7,19,18,1,4,12,9,15,18,7,7,0,3,18,11,1,9,16,19,11,19,2,0,10,10,5,6,10,0,15,10,10,0,15,6,3,5,9,6,5,10,11,0,9,13,11,10,11,3,10,7,10,18,19,15,3,5,6,11,10,16,6,19,15,7,10,14,10,16,16,9,5,15,12,2,5,11,4,9,6,6,7,0,5,14,10,15,6,3,2,6,2,10,9,13,3,10,0,10,6,10,1,0,0,0,0,0,0,0,0,0,0,0,0",0.6743231,0.0738278,0.26214302,3.0,0.4672233,30.570463,0.49986938,1.0,0.49986938,0.14273274,0.4672233,0.0,0.0,0.4672233,0.0015317894,0.9125195,0.14273274,1.8995557,1.6014696,30.570463,0.6743231,2.7350938,164.65538,0.4345772,0.4345772,1.0,164.65538,0.737857,0.08748048,1.8995557,0.0015317894,0.49986938,0.0738278,0.0,1.6014696,2.7350938,0.4345772,0.18611474,0.0,0.49986938,0.18611474,0.8431026,0.4345772,1.0,0.4672233,lookahead,beam_orig1_bm3-s0to100br3-s100to200br0
/work/T-REX/external/Proteina-Complexa/inference/search_binder_local_pipeline_32_PDL1_ALPHA_REPACK_v7_r007_cand_v7r007_hyp_0007_00_001_a92db08c2022c/job_0_n_170_id_16_beam_orig2_bm0-s0to100br1-s100to200br0/job_0_n_170_id_16_beam_orig2_bm0-s0to100br1-s100to200br0.pdb,66,"2,0,13,16,19,16,19,14,11,3,10,18,19,19,6,18,7,15,2,12,16,9,6,4,11,13,14,19,6,11,5,10,3,10,0,0,10,9,19,18,17,6,12,6,3,11,2,9,9,5,13,19,8,7,6,6,3,10,11,19,5,8,15,15,18,1,5,1,0,1,10,10,11,3,5,10,15,10,7,2,0,0,10,5,9,16,3,19,11,10,5,3,0,7,19,18,1,4,12,9,15,18,7,7,0,3,18,11,1,9,16,19,11,19,2,0,15,10,6,6,9,19,5,11,10,16,1,2,19,6,2,18,11,11,5,10,5,6,0,11,3,0,7,0,0,0,11,16,9,0,3,9,5,11,5,10,2,15,5,6,6,13,10,2,10,18,11,11,5,10,0,0,0,0,0,0,0,0,0,0,0,0,0,0,0,0,0,0,0,0,0,0,0,0,0,0,0,0,0,0,0,0,0,0,0,0,0",0.58557105,0.1464603,0.50949,3.0,0.14753868,61.638836,0.20679112,1.0,0.20679112,0.24652047,0.13086432,0.0,0.0,0.14753868,0.0025350496,0.8540691,0.24652047,4.1375904,1.5309701,61.638836,0.58557105,2.96182,156.19168,0.06542903,0.08828623,1.0,156.19168,0.49051002,0.14593087,4.1375904,0.0025350496,0.19629961,0.1464603,0.0,1.5309701,2.96182,0.06542903,0.32620263,0.0,0.19629961,0.32620263,0.75870806,0.08828623,1.0,0.13086432,lookahead,beam_orig2_bm0-s0to100br1-s100to200br0
/work/T-REX/external/Proteina-Complexa/inference/search_binder_local_pipeline_32_PDL1_ALPHA_REPACK_v7_r007_cand_v7r007_hyp_0007_00_001_a92db08c2022c/job_0_n_191_id_16_beam_orig3_bm3-s0to100br0-s100to200br0/job_0_n_191_id_16_beam_orig3_bm3-s0to100br0-s100to200br0.pdb,67,"2,0,13,16,19,16,19,14,11,3,10,18,19,19,6,18,7,15,2,12,16,9,6,4,11,13,14,19,6,11,5,10,3,10,0,0,10,9,19,18,17,6,12,6,3,11,2,9,9,5,13,19,8,7,6,6,3,10,11,19,5,8,15,15,18,1,5,1,0,1,10,10,11,3,5,10,15,10,7,2,0,0,10,5,9,16,3,19,11,10,5,3,0,7,19,18,1,4,12,9,15,18,7,7,0,3,18,11,1,9,16,19,11,19,2,0,2,6,10,19,6,6,9,11,11,11,18,2,7,6,16,8,14,19,6,9,9,13,19,19,3,10,13,1,15,0,7,18,6,6,0,19,14,10,19,19,3,0,10,6,2,11,1,19,2,0,15,17,10,9,6,4,9,11,5,7,19,14,13,3,19,9,10,6,6,9,1,6,0,15,14,0,0,0,0,0,0,0,0,0,0,0,0,0,0,0,0",0.5968668,0.243521,0.64213425,3.0,0.07650089,99.4261,0.076891586,1.0,0.076891586,0.3148867,0.014965044,0.0,0.0,0.07650089,0.0063892887,0.7969919,0.3148867,7.9806733,1.8782356,99.4261,0.5968668,3.479564,252.4716,0.013678658,0.0761102,1.0,252.4716,0.35786575,0.20300812,7.9806733,0.0063892887,0.01625143,0.243521,0.0,1.8782356,3.479564,0.013678658,0.4428355,0.0,0.01625143,0.4428355,0.6850525,0.0761102,1.0,0.014965044,lookahead,beam_orig3_bm3-s0to100br0-s100to200br0
/work/T-REX/external/Proteina-Complexa/inference/search_binder_local_pipeline_32_PDL1_ALPHA_REPACK_v7_r007_cand_v7r007_hyp_0007_00_001_a92db08c2022c/job_0_n_207_id_17_beam_orig0_bm0-s0to100br2-s100to200br1/job_0_n_207_id_17_beam_orig0_bm0-s0to100br2-s100to200br1.pdb,68,"2,0,13,16,19,16,19,14,11,3,10,18,19,19,6,18,7,15,2,12,16,9,6,4,11,13,14,19,6,11,5,10,3,10,0,0,10,9,19,18,17,6,12,6,3,11,2,9,9,5,13,19,8,7,6,6,3,10,11,19,5,8,15,15,18,1,5,1,0,1,10,10,11,3,5,10,15,10,7,2,0,0,10,5,9,16,3,19,11,10,5,3,0,7,19,18,1,4,12,9,15,18,7,7,0,3,18,11,1,9,16,19,11,19,2,0,14,11,6,9,2,19,15,19,19,6,7,6,16,0,16,10,14,4,14,19,11,13,14,2,0,16,9,16,17,5,1,16,15,3,2,15,19,18,15,14,6,2,10,14,14,1,13,15,13,16,3,3,7,15,10,19,9,15,14,0,11,10,15,3,15,7,9,18,16,4,10,19,16,19,2,7,9,16,15,19,0,5,19,19,2,10,16,19,10,14,0",0.582884,0.14979802,0.4706372,3.0,0.20073324,47.398067,0.2181651,1.0,0.2181651,0.22746557,0.18865117,0.0,0.0,0.20073324,0.0033274589,0.893903,0.22746557,1.2321757,1.4818332,47.398067,0.582884,3.8099134,171.00333,0.16720541,0.18330139,1.0,171.00333,0.5293628,0.106096976,1.2321757,0.0033274589,0.21009696,0.14979802,0.0,1.4818332,3.8099134,0.16720541,0.32380503,0.0,0.21009696,0.32380503,0.74401724,0.18330139,1.0,0.18865117,lookahead,beam_orig0_bm0-s0to100br2-s100to200br1
/work/T-REX/external/Proteina-Complexa/inference/search_binder_local_pipeline_32_PDL1_ALPHA_REPACK_v7_r007_cand_v7r007_hyp_0007_00_001_a92db08c2022c/job_0_n_196_id_17_beam_orig1_bm3-s0to100br3-s100to200br1/job_0_n_196_id_17_beam_orig1_bm3-s0to100br3-s100to200br1.pdb,69,"2,0,13,16,19,16,19,14,11,3,10,18,19,19,6,18,7,15,2,12,16,9,6,4,11,13,14,19,6,11,5,10,3,10,0,0,10,9,19,18,17,6,12,6,3,11,2,9,9,5,13,19,8,7,6,6,3,10,11,19,5,8,15,15,18,1,5,1,0,1,10,10,11,3,5,10,15,10,7,2,0,0,10,5,9,16,3,19,11,10,5,3,0,7,19,18,1,4,12,9,15,18,7,7,0,3,18,11,1,9,16,19,11,19,2,0,11,10,6,6,10,0,11,2,4,16,15,6,2,3,0,19,11,10,11,0,19,10,6,10,0,6,6,0,9,15,6,11,10,18,5,6,10,19,2,10,11,10,9,16,5,6,12,0,3,2,10,9,6,11,7,11,1,6,7,11,14,6,10,15,0,6,16,6,3,11,10,9,11,9,9,11,6,11,16,0,0,0,0,0,0,0,0,0,0,0,0",0.7536818,0.037643973,0.1351955,3.0,0.6974708,41.494667,0.7681595,1.0,0.7681595,0.11972676,0.6974708,0.0,0.0,0.6974708,0.0021169812,0.9300007,0.11972676,1.9180664,1.5510176,41.494667,0.7536818,2.339987,154.86868,0.62678206,0.62678206,1.0,154.86868,0.8648045,0.06999927,1.9180664,0.0021169812,0.7681595,0.037643973,0.0,1.5510176,2.339987,0.62678206,0.14658222,0.0,0.7681595,0.14658222,0.89103276,0.62678206,1.0,0.6974708,lookahead,beam_orig1_bm3-s0to100br3-s100to200br1
/work/T-REX/external/Proteina-Complexa/inference/search_binder_local_pipeline_32_PDL1_ALPHA_REPACK_v7_r007_cand_v7r007_hyp_0007_00_001_a92db08c2022c/job_0_n_170_id_17_beam_orig2_bm0-s0to100br1-s100to200br1/job_0_n_170_id_17_beam_orig2_bm0-s0to100br1-s100to200br1.pdb,70,"2,0,13,16,19,16,19,14,11,3,10,18,19,19,6,18,7,15,2,12,16,9,6,4,11,13,14,19,6,11,5,10,3,10,0,0,10,9,19,18,17,6,12,6,3,11,2,9,9,5,13,19,8,7,6,6,3,10,11,19,5,8,15,15,18,1,5,1,0,1,10,10,11,3,5,10,15,10,7,2,0,0,10,5,9,16,3,19,11,10,5,3,0,7,19,18,1,4,12,9,15,18,7,7,0,3,18,11,1,9,16,19,11,19,2,0,15,11,3,6,3,9,6,11,5,1,1,9,19,6,2,18,11,6,10,10,5,5,0,11,3,0,7,11,14,10,3,16,9,2,2,18,5,8,2,10,6,11,8,11,3,13,10,2,5,10,19,11,10,11,0,0,0,0,0,0,0,0,0,0,0,0,0,0,0,0,0,0,0,0,0,0,0,0,0,0,0,0,0,0,0,0,0,0,0,0,0",0.64876163,0.34764385,0.81528115,3.0,0.00914149,117.2813,0.011698948,1.0,0.011698948,0.42414147,0.0,0.0,0.0,0.00914149,0.0054444573,0.73762274,0.42414147,28.614397,1.5509315,117.2813,0.64876163,3.8650765,215.73427,0.0,0.0065840315,1.0,215.73427,0.18471888,0.2623773,28.614397,0.0054444573,0.0,0.34764385,0.0,1.5509315,3.8650765,0.0,0.5833016,0.0,0.0,0.5833016,0.658939,0.0065840315,1.0,0.0,lookahead,beam_orig2_bm0-s0to100br1-s100to200br1
/work/T-REX/external/Proteina-Complexa/inference/search_binder_local_pipeline_32_PDL1_ALPHA_REPACK_v7_r007_cand_v7r007_hyp_0007_00_001_a92db08c2022c/job_0_n_191_id_17_beam_orig3_bm3-s0to100br0-s100to200br1/job_0_n_191_id_17_beam_orig3_bm3-s0to100br0-s100to200br1.pdb,71,"2,0,13,16,19,16,19,14,11,3,10,18,19,19,6,18,7,15,2,12,16,9,6,4,11,13,14,19,6,11,5,10,3,10,0,0,10,9,19,18,17,6,12,6,3,11,2,9,9,5,13,19,8,7,6,6,3,10,11,19,5,8,15,15,18,1,5,1,0,1,10,10,11,3,5,10,15,10,7,2,0,0,10,5,9,16,3,19,11,10,5,3,0,7,19,18,1,4,12,9,15,18,7,7,0,3,18,11,1,9,16,19,11,19,2,0,2,10,10,10,6,5,9,0,11,10,11,11,7,11,12,11,5,0,6,11,19,9,10,19,3,18,10,11,15,5,7,10,6,15,13,0,7,3,10,9,3,0,4,6,11,15,6,19,10,0,7,3,19,9,3,19,10,11,11,15,3,3,11,11,6,16,10,11,1,9,10,0,18,10,11,0,0,0,0,0,0,0,0,0,0,0,0,0,0,0,0",0.563282,0.10137204,0.35818446,3.0,0.28010985,58.66869,0.3026203,1.0,0.3026203,0.19370589,0.28010985,0.0,0.0,0.28010985,0.0022736636,0.8680134,0.19370589,4.942562,1.9056435,58.66869,0.563282,2.7648344,199.38947,0.2575994,0.2575994,1.0,199.38947,0.64181554,0.13198665,4.942562,0.0022736636,0.3026203,0.10137204,0.0,1.9056435,2.7648344,0.2575994,0.25410452,0.0,0.3026203,0.25410452,0.80432874,0.2575994,1.0,0.28010985,lookahead,beam_orig3_bm3-s0to100br0-s100to200br1
/work/T-REX/external/Proteina-Complexa/inference/search_binder_local_pipeline_32_PDL1_ALPHA_REPACK_v7_r007_cand_v7r007_hyp_0007_00_001_a92db08c2022c/job_0_n_207_id_18_beam_orig0_bm0-s0to100br2-s100to200br2/job_0_n_207_id_18_beam_orig0_bm0-s0to100br2-s100to200br2.pdb,72,"2,0,13,16,19,16,19,14,11,3,10,18,19,19,6,18,7,15,2,12,16,9,6,4,11,13,14,19,6,11,5,10,3,10,0,0,10,9,19,18,17,6,12,6,3,11,2,9,9,5,13,19,8,7,6,6,3,10,11,19,5,8,15,15,18,1,5,1,0,1,10,10,11,3,5,10,15,10,7,2,0,0,10,5,9,16,3,19,11,10,5,3,0,7,19,18,1,4,12,9,15,18,7,7,0,3,18,11,1,9,16,19,11,19,2,0,15,15,2,6,15,9,15,19,16,1,7,11,16,0,16,10,14,4,3,9,19,13,14,11,0,5,9,15,17,16,1,10,15,3,7,16,19,13,15,15,15,0,10,14,14,1,13,15,9,10,14,2,7,15,10,5,9,2,3,0,5,10,2,3,15,7,3,18,19,4,5,19,16,19,2,7,19,16,7,11,7,1,16,19,15,10,16,19,15,0,11",0.6023792,0.17437042,0.5172429,3.0,0.17143992,49.44894,0.18167269,1.0,0.18167269,0.25091013,0.14343962,0.0,0.0,0.17143992,0.011922742,0.86017126,0.25091013,3.7943103,1.5574687,49.44894,0.6023792,3.857171,171.67964,0.13178335,0.16120714,1.0,171.67964,0.4827571,0.13982876,3.7943103,0.011922742,0.15509588,0.17437042,0.0,1.5574687,3.857171,0.13178335,0.34492505,0.0,0.15509588,0.34492505,0.72354794,0.16120714,1.0,0.14343962,lookahead,beam_orig0_bm0-s0to100br2-s100to200br2
/work/T-REX/external/Proteina-Complexa/inference/search_binder_local_pipeline_32_PDL1_ALPHA_REPACK_v7_r007_cand_v7r007_hyp_0007_00_001_a92db08c2022c/job_0_n_196_id_18_beam_orig1_bm3-s0to100br3-s100to200br2/job_0_n_196_id_18_beam_orig1_bm3-s0to100br3-s100to200br2.pdb,73,"2,0,13,16,19,16,19,14,11,3,10,18,19,19,6,18,7,15,2,12,16,9,6,4,11,13,14,19,6,11,5,10,3,10,0,0,10,9,19,18,17,6,12,6,3,11,2,9,9,5,13,19,8,7,6,6,3,10,11,19,5,8,15,15,18,1,5,1,0,1,10,10,11,3,5,10,15,10,7,2,0,0,10,5,9,16,3,19,11,10,5,3,0,7,19,18,1,4,12,9,15,18,7,7,0,3,18,11,1,9,16,19,11,19,2,0,2,10,6,3,9,4,6,3,10,10,15,6,3,14,13,11,5,10,11,0,13,4,2,10,11,3,10,6,10,15,19,6,12,19,6,6,9,7,11,19,15,11,10,15,5,19,2,10,3,16,10,11,6,8,4,11,3,19,16,2,14,11,18,16,10,3,6,19,11,15,0,10,6,11,0,11,11,11,2,6,0,0,0,0,0,0,0,0,0,0,0",0.6891018,0.048518766,0.20883155,3.0,0.56416225,48.945805,0.6420246,1.0,0.6420246,0.15136285,0.56416225,0.0,0.0,0.56416225,0.010973869,0.89162916,0.15136285,2.9488924,1.79888,48.945805,0.6891018,2.7325947,188.54356,0.4863,0.4863,1.0,188.54356,0.79116845,0.108370855,2.9488924,0.010973869,0.6420246,0.048518766,0.0,1.79888,2.7325947,0.4863,0.18830776,0.0,0.6420246,0.18830776,0.8575299,0.4863,1.0,0.56416225,lookahead,beam_orig1_bm3-s0to100br3-s100to200br2
/work/T-REX/external/Proteina-Complexa/inference/search_binder_local_pipeline_32_PDL1_ALPHA_REPACK_v7_r007_cand_v7r007_hyp_0007_00_001_a92db08c2022c/job_0_n_170_id_18_beam_orig2_bm0-s0to100br1-s100to200br2/job_0_n_170_id_18_beam_orig2_bm0-s0to100br1-s100to200br2.pdb,74,"2,0,13,16,19,16,19,14,11,3,10,18,19,19,6,18,7,15,2,12,16,9,6,4,11,13,14,19,6,11,5,10,3,10,0,0,10,9,19,18,17,6,12,6,3,11,2,9,9,5,13,19,8,7,6,6,3,10,11,19,5,8,15,15,18,1,5,1,0,1,10,10,11,3,5,10,15,10,7,2,0,0,10,5,9,16,3,19,11,10,5,3,0,7,19,18,1,4,12,9,15,18,7,7,0,3,18,11,1,9,16,19,11,19,2,0,0,15,6,6,3,9,19,8,10,1,1,9,19,6,2,18,11,1,5,13,6,6,0,11,11,0,7,11,14,10,6,16,10,6,3,18,0,11,5,10,1,2,8,6,3,12,10,2,5,5,19,11,10,5,0,0,0,0,0,0,0,0,0,0,0,0,0,0,0,0,0,0,0,0,0,0,0,0,0,0,0,0,0,0,0,0,0,0,0,0,0",0.6655994,0.23668057,0.6939961,3.0,0.06499915,117.658936,0.09543204,1.0,0.09543204,0.3285457,0.014473984,0.0,0.0,0.06499915,0.0044682072,0.75521994,0.3285457,27.554724,1.7750129,117.658936,0.6655994,3.4606674,227.0455,0.014118388,0.03456626,1.0,227.0455,0.30600393,0.24478008,27.554724,0.0044682072,0.014829579,0.23668057,0.0,1.7750129,3.4606674,0.014118388,0.4403939,0.0,0.014829579,0.4403939,0.6968815,0.03456626,1.0,0.014473984,lookahead,beam_orig2_bm0-s0to100br1-s100to200br2
/work/T-REX/external/Proteina-Complexa/inference/search_binder_local_pipeline_32_PDL1_ALPHA_REPACK_v7_r007_cand_v7r007_hyp_0007_00_001_a92db08c2022c/job_0_n_191_id_18_beam_orig3_bm3-s0to100br0-s100to200br2/job_0_n_191_id_18_beam_orig3_bm3-s0to100br0-s100to200br2.pdb,75,"2,0,13,16,19,16,19,14,11,3,10,18,19,19,6,18,7,15,2,12,16,9,6,4,11,13,14,19,6,11,5,10,3,10,0,0,10,9,19,18,17,6,12,6,3,11,2,9,9,5,13,19,8,7,6,6,3,10,11,19,5,8,15,15,18,1,5,1,0,1,10,10,11,3,5,10,15,10,7,2,0,0,10,5,9,16,3,19,11,10,5,3,0,7,19,18,1,4,12,9,15,18,7,7,0,3,18,11,1,9,16,19,11,19,2,0,16,3,10,6,16,1,13,10,0,19,6,11,1,14,18,15,6,19,6,19,5,13,19,19,5,10,10,11,6,0,7,5,6,15,10,0,11,3,19,19,5,10,15,11,5,3,14,1,19,16,16,13,10,10,3,15,10,11,6,7,11,3,14,19,0,9,9,11,6,0,11,1,9,10,0,0,0,0,0,0,0,0,0,0,0,0,0,0,0,0,0",0.560931,0.18991749,0.5131454,3.0,0.14397272,60.289047,0.16325428,1.0,0.16325428,0.25404975,0.117792614,0.0,0.0,0.14397272,0.0025946482,0.83911854,0.25404975,5.647321,1.8828768,60.289047,0.560931,3.2171865,205.28796,0.1092926,0.124691166,1.0,205.28796,0.4868546,0.16088144,5.647321,0.0025946482,0.12629263,0.18991749,0.0,1.8828768,3.2171865,0.1092926,0.35275975,0.0,0.12629263,0.35275975,0.7345263,0.124691166,1.0,0.117792614,lookahead,beam_orig3_bm3-s0to100br0-s100to200br2
/work/T-REX/external/Proteina-Complexa/inference/search_binder_local_pipeline_32_PDL1_ALPHA_REPACK_v7_r007_cand_v7r007_hyp_0007_00_001_a92db08c2022c/job_0_n_207_id_19_beam_orig0_bm0-s0to100br2-s100to200br3/job_0_n_207_id_19_beam_orig0_bm0-s0to100br2-s100to200br3.pdb,76,"2,0,13,16,19,16,19,14,11,3,10,18,19,19,6,18,7,15,2,12,16,9,6,4,11,13,14,19,6,11,5,10,3,10,0,0,10,9,19,18,17,6,12,6,3,11,2,9,9,5,13,19,8,7,6,6,3,10,11,19,5,8,15,15,18,1,5,1,0,1,10,10,11,3,5,10,15,10,7,2,0,0,10,5,9,16,3,19,11,10,5,3,0,7,19,18,1,4,12,9,15,18,7,7,0,3,18,11,1,9,16,19,11,19,2,0,6,15,10,5,2,19,15,19,10,6,7,2,2,0,9,10,14,4,11,9,19,10,14,2,0,16,19,8,17,18,11,6,7,8,6,5,3,10,10,5,10,10,14,11,2,1,0,11,9,10,14,2,7,15,10,10,10,16,2,16,11,10,15,3,15,7,19,18,1,4,19,19,6,15,8,7,19,6,15,14,7,15,16,19,2,10,16,19,16,0,14",0.50724655,0.31970558,0.62734294,3.0,0.06738453,137.4655,0.0778589,1.0,0.0778589,0.36266732,0.012549756,0.0,0.0,0.06738453,0.009456633,0.6480876,0.36266732,14.838339,1.875019,137.4655,0.50724655,3.5032427,254.83028,0.01086852,0.056910165,1.0,254.83028,0.37265706,0.35191238,14.838339,0.009456633,0.014230994,0.31970558,0.0,1.875019,3.5032427,0.01086852,0.5011524,0.0,0.014230994,0.5011524,0.6702614,0.056910165,1.0,0.012549756,lookahead,beam_orig0_bm0-s0to100br2-s100to200br3
/work/T-REX/external/Proteina-Complexa/inference/search_binder_local_pipeline_32_PDL1_ALPHA_REPACK_v7_r007_cand_v7r007_hyp_0007_00_001_a92db08c2022c/job_0_n_196_id_19_beam_orig1_bm3-s0to100br3-s100to200br3/job_0_n_196_id_19_beam_orig1_bm3-s0to100br3-s100to200br3.pdb,77,"2,0,13,16,19,16,19,14,11,3,10,18,19,19,6,18,7,15,2,12,16,9,6,4,11,13,14,19,6,11,5,10,3,10,0,0,10,9,19,18,17,6,12,6,3,11,2,9,9,5,13,19,8,7,6,6,3,10,11,19,5,8,15,15,18,1,5,1,0,1,10,10,11,3,5,10,15,10,7,2,0,0,10,5,9,16,3,19,11,10,5,3,0,7,19,18,1,4,12,9,15,18,7,7,0,3,18,11,1,9,16,19,11,19,2,0,11,19,6,6,10,0,6,10,19,10,15,6,11,14,10,3,11,10,11,0,19,2,10,10,11,6,19,16,10,15,3,3,16,9,6,13,10,11,6,2,15,15,10,15,0,0,5,9,6,15,0,2,6,11,0,11,5,2,7,11,14,16,10,3,3,2,10,13,11,11,18,13,10,6,0,11,11,2,10,6,0,0,0,0,0,0,0,0,0,0,0",0.5851696,0.36364856,0.78052235,3.0,0.0063934457,102.56667,0.006774891,1.0,0.006774891,0.38075086,0.0,0.0,0.0,0.0063934457,0.004725644,0.86318266,0.38075086,11.169831,1.4025679,102.56667,0.5851696,4.0399017,194.84825,0.0,0.0060120006,1.0,194.84825,0.21947762,0.13681732,11.169831,0.004725644,0.0,0.36364856,0.0,1.4025679,4.0399017,0.0,0.59200734,0.0,0.0,0.59200734,0.62296367,0.0060120006,1.0,0.0,lookahead,beam_orig1_bm3-s0to100br3-s100to200br3
/work/T-REX/external/Proteina-Complexa/inference/search_binder_local_pipeline_32_PDL1_ALPHA_REPACK_v7_r007_cand_v7r007_hyp_0007_00_001_a92db08c2022c/job_0_n_170_id_19_beam_orig2_bm0-s0to100br1-s100to200br3/job_0_n_170_id_19_beam_orig2_bm0-s0to100br1-s100to200br3.pdb,78,"2,0,13,16,19,16,19,14,11,3,10,18,19,19,6,18,7,15,2,12,16,9,6,4,11,13,14,19,6,11,5,10,3,10,0,0,10,9,19,18,17,6,12,6,3,11,2,9,9,5,13,19,8,7,6,6,3,10,11,19,5,8,15,15,18,1,5,1,0,1,10,10,11,3,5,10,15,10,7,2,0,0,10,5,9,16,3,19,11,10,5,3,0,7,19,18,1,4,12,9,15,18,7,7,0,3,18,11,1,9,16,19,11,19,2,0,15,16,6,6,3,9,6,8,5,1,1,9,19,6,2,18,11,1,18,13,5,6,0,11,3,0,7,11,14,5,3,16,10,2,2,18,0,11,2,10,1,2,8,5,0,13,10,3,6,10,19,11,1,15,0,0,0,0,0,0,0,0,0,0,0,0,0,0,0,0,0,0,0,0,0,0,0,0,0,0,0,0,0,0,0,0,0,0,0,0,0",0.6549015,0.21577618,0.68017447,3.0,0.07683924,117.507286,0.114778206,1.0,0.114778206,0.33159095,0.021205012,0.0,0.0,0.07683924,0.0053869234,0.74564093,0.33159095,29.127333,1.7398614,117.507286,0.6549015,3.4010546,234.54605,0.014551731,0.03890027,1.0,234.54605,0.31982553,0.25435907,29.127333,0.0053869234,0.027858293,0.21577618,0.0,1.7398614,3.4010546,0.014551731,0.44219947,0.0,0.027858293,0.44219947,0.6994504,0.03890027,1.0,0.021205012,lookahead,beam_orig2_bm0-s0to100br1-s100to200br3
/work/T-REX/external/Proteina-Complexa/inference/search_binder_local_pipeline_32_PDL1_ALPHA_REPACK_v7_r007_cand_v7r007_hyp_0007_00_001_a92db08c2022c/job_0_n_191_id_19_beam_orig3_bm3-s0to100br0-s100to200br3/job_0_n_191_id_19_beam_orig3_bm3-s0to100br0-s100to200br3.pdb,79,"2,0,13,16,19,16,19,14,11,3,10,18,19,19,6,18,7,15,2,12,16,9,6,4,11,13,14,19,6,11,5,10,3,10,0,0,10,9,19,18,17,6,12,6,3,11,2,9,9,5,13,19,8,7,6,6,3,10,11,19,5,8,15,15,18,1,5,1,0,1,10,10,11,3,5,10,15,10,7,2,0,0,10,5,9,16,3,19,11,10,5,3,0,7,19,18,1,4,12,9,15,18,7,7,0,3,18,11,1,9,16,19,11,19,2,0,15,6,10,3,11,10,10,6,0,13,11,14,11,8,13,15,11,19,6,0,5,13,0,19,6,10,13,11,14,19,19,7,3,7,10,0,8,5,13,19,7,19,19,6,6,10,7,7,3,10,3,13,4,11,0,10,10,6,10,3,6,3,14,10,18,9,10,7,1,10,11,0,10,12,11,0,0,0,0,0,0,0,0,0,0,0,0,0,0,0,0",0.59717757,0.086278886,0.31988937,3.0,0.35706735,78.967636,0.39082548,1.0,0.39082548,0.18477799,0.35706735,0.0,0.0,0.35706735,0.0016466513,0.88472784,0.18477799,3.401293,1.7581233,78.967636,0.59717757,2.9357274,196.81421,0.32330924,0.32330924,1.0,196.81421,0.68011063,0.115272164,3.401293,0.0016466513,0.39082548,0.086278886,0.0,1.7581233,2.9357274,0.32330924,0.23972385,0.0,0.39082548,0.23972385,0.811272,0.32330924,1.0,0.35706735,lookahead,beam_orig3_bm3-s0to100br0-s100to200br3
/work/T-REX/external/Proteina-Complexa/inference/search_binder_local_pipeline_32_PDL1_ALPHA_REPACK_v7_r007_cand_v7r007_hyp_0007_00_001_a92db08c2022c/job_0_n_207_id_20_beam_orig0_bm0-s0to100br0-s100to200br0/job_0_n_207_id_20_beam_orig0_bm0-s0to100br0-s100to200br0.pdb,80,"2,0,13,16,19,16,19,14,11,3,10,18,19,19,6,18,7,15,2,12,16,9,6,4,11,13,14,19,6,11,5,10,3,10,0,0,10,9,19,18,17,6,12,6,3,11,2,9,9,5,13,19,8,7,6,6,3,10,11,19,5,8,15,15,18,1,5,1,0,1,10,10,11,3,5,10,15,10,7,2,0,0,10,5,9,16,3,19,11,10,5,3,0,7,19,18,1,4,12,9,15,18,7,7,0,3,18,11,1,9,16,19,11,19,2,0,15,0,3,6,8,13,10,6,0,10,3,18,16,2,11,0,11,6,6,9,11,10,7,2,18,3,11,0,6,6,18,10,11,11,0,6,6,0,0,11,11,15,7,2,14,6,0,18,4,15,19,0,16,0,18,6,6,10,0,16,0,18,12,11,11,7,2,13,11,6,0,7,11,0,10,3,6,0,11,11,18,11,6,10,0,7,3,0,4,14,0",0.67274034,0.052769747,0.20641237,3.0,0.54402506,73.87356,0.607371,1.0,0.607371,0.13291636,0.54402506,0.0,0.0,0.54402506,0.00391292,0.9488089,0.13291636,6.3243814,1.1791863,73.87356,0.67274034,2.7042308,187.897,0.4806792,0.4806792,1.0,187.897,0.7935876,0.051191095,6.3243814,0.00391292,0.607371,0.052769747,0.0,1.1791863,2.7042308,0.4806792,0.18090332,0.0,0.607371,0.18090332,0.85443836,0.4806792,1.0,0.54402506,lookahead,beam_orig0_bm0-s0to100br0-s100to200br0
/work/T-REX/external/Proteina-Complexa/inference/search_binder_local_pipeline_32_PDL1_ALPHA_REPACK_v7_r007_cand_v7r007_hyp_0007_00_001_a92db08c2022c/job_0_n_196_id_20_beam_orig1_bm1-s0to100br2-s100to200br0/job_0_n_196_id_20_beam_orig1_bm1-s0to100br2-s100to200br0.pdb,81,"2,0,13,16,19,16,19,14,11,3,10,18,19,19,6,18,7,15,2,12,16,9,6,4,11,13,14,19,6,11,5,10,3,10,0,0,10,9,19,18,17,6,12,6,3,11,2,9,9,5,13,19,8,7,6,6,3,10,11,19,5,8,15,15,18,1,5,1,0,1,10,10,11,3,5,10,15,10,7,2,0,0,10,5,9,16,3,19,11,10,5,3,0,7,19,18,1,4,12,9,15,18,7,7,0,3,18,11,1,9,16,19,11,19,2,0,15,14,19,15,11,6,9,10,7,9,10,11,8,8,13,14,15,11,19,5,6,9,6,0,12,15,14,6,6,1,11,11,6,10,15,8,14,3,14,19,19,1,10,16,0,11,19,12,6,3,13,10,10,7,19,6,6,3,9,11,0,12,3,0,14,6,3,19,11,5,1,10,10,6,10,9,11,2,18,18,0,0,0,0,0,0,0,0,0,0,0",0.59290874,0.48449185,0.8377116,3.0,0.0027251416,89.49149,0.005450283,1.0,0.005450283,0.4293302,0.0,0.0,0.0,0.0027251416,0.0027601935,0.82814014,0.4293302,6.949914,1.5696805,89.49149,0.59290874,4.2344966,239.46611,0.0,0.0,1.0,239.46611,0.16228846,0.17185989,6.949914,0.0027601935,0.0,0.48449185,0.0,1.5696805,4.2344966,0.0,0.66638374,0.0,0.0,0.66638374,0.59536994,0.0,1.0,0.0,lookahead,beam_orig1_bm1-s0to100br2-s100to200br0
/work/T-REX/external/Proteina-Complexa/inference/search_binder_local_pipeline_32_PDL1_ALPHA_REPACK_v7_r007_cand_v7r007_hyp_0007_00_001_a92db08c2022c/job_0_n_170_id_20_beam_orig2_bm0-s0to100br0-s100to200br0/job_0_n_170_id_20_beam_orig2_bm0-s0to100br0-s100to200br0.pdb,82,"2,0,13,16,19,16,19,14,11,3,10,18,19,19,6,18,7,15,2,12,16,9,6,4,11,13,14,19,6,11,5,10,3,10,0,0,10,9,19,18,17,6,12,6,3,11,2,9,9,5,13,19,8,7,6,6,3,10,11,19,5,8,15,15,18,1,5,1,0,1,10,10,11,3,5,10,15,10,7,2,0,0,10,5,9,16,3,19,11,10,5,3,0,7,19,18,1,4,12,9,15,18,7,7,0,3,18,11,1,9,16,19,11,19,2,0,15,16,6,0,6,1,5,2,16,10,7,2,10,5,11,11,5,7,2,10,3,6,0,6,11,0,18,1,11,0,10,6,10,11,14,3,18,0,6,0,8,2,6,10,0,0,19,10,11,15,5,7,11,10,0,0,0,0,0,0,0,0,0,0,0,0,0,0,0,0,0,0,0,0,0,0,0,0,0,0,0,0,0,0,0,0,0,0,0,0,0",0.5751688,0.49075067,0.83460706,3.0,0.0028437714,67.26353,0.0056875427,1.0,0.0056875427,0.4878699,0.0,0.0,0.0,0.0028437714,0.0034257362,0.76123285,0.4878699,3.1108024,1.3071511,67.26353,0.5751688,4.080019,216.5629,0.0,0.0,1.0,216.5629,0.16539294,0.23876715,3.1108024,0.0034257362,0.0,0.49075067,0.0,1.3071511,4.080019,0.0,0.6795856,0.0,0.0,0.6795856,0.6606853,0.0,1.0,0.0,lookahead,beam_orig2_bm0-s0to100br0-s100to200br0
/work/T-REX/external/Proteina-Complexa/inference/search_binder_local_pipeline_32_PDL1_ALPHA_REPACK_v7_r007_cand_v7r007_hyp_0007_00_001_a92db08c2022c/job_0_n_191_id_20_beam_orig3_bm0-s0to100br3-s100to200br0/job_0_n_191_id_20_beam_orig3_bm0-s0to100br3-s100to200br0.pdb,83,"2,0,13,16,19,16,19,14,11,3,10,18,19,19,6,18,7,15,2,12,16,9,6,4,11,13,14,19,6,11,5,10,3,10,0,0,10,9,19,18,17,6,12,6,3,11,2,9,9,5,13,19,8,7,6,6,3,10,11,19,5,8,15,15,18,1,5,1,0,1,10,10,11,3,5,10,15,10,7,2,0,0,10,5,9,16,3,19,11,10,5,3,0,7,19,18,1,4,12,9,15,18,7,7,0,3,18,11,1,9,16,19,11,19,2,0,12,15,0,3,18,10,2,10,10,7,8,0,18,11,11,6,7,2,10,3,6,0,6,11,4,18,11,1,0,10,6,9,8,5,11,0,7,3,11,2,7,6,0,16,15,10,2,2,10,7,2,19,18,11,3,5,7,2,10,3,6,0,6,11,4,18,1,1,0,10,6,9,11,5,11,0,0,0,0,0,0,0,0,0,0,0,0,0,0,0,0",0.6318701,0.077662975,0.29134393,3.0,0.40379575,48.4615,0.45695588,1.0,0.45695588,0.15474813,0.40379575,0.0,0.0,0.40379575,0.0040241955,0.93631107,0.15474813,4.120837,1.2903733,48.4615,0.6318701,2.6539924,168.15254,0.35063562,0.35063562,1.0,168.15254,0.7086561,0.06368895,4.120837,0.0040241955,0.45695588,0.077662975,0.0,1.2903733,2.6539924,0.35063562,0.20894153,0.0,0.45695588,0.20894153,0.8234378,0.35063562,1.0,0.40379575,lookahead,beam_orig3_bm0-s0to100br3-s100to200br0
/work/T-REX/external/Proteina-Complexa/inference/search_binder_local_pipeline_32_PDL1_ALPHA_REPACK_v7_r007_cand_v7r007_hyp_0007_00_001_a92db08c2022c/job_0_n_207_id_21_beam_orig0_bm0-s0to100br0-s100to200br1/job_0_n_207_id_21_beam_orig0_bm0-s0to100br0-s100to200br1.pdb,84,"2,0,13,16,19,16,19,14,11,3,10,18,19,19,6,18,7,15,2,12,16,9,6,4,11,13,14,19,6,11,5,10,3,10,0,0,10,9,19,18,17,6,12,6,3,11,2,9,9,5,13,19,8,7,6,6,3,10,11,19,5,8,15,15,18,1,5,1,0,1,10,10,11,3,5,10,15,10,7,2,0,0,10,5,9,16,3,19,11,10,5,3,0,7,19,18,1,4,12,9,15,18,7,7,0,3,18,11,1,9,16,19,11,19,2,0,15,11,6,6,11,19,6,6,0,11,11,18,4,6,6,0,19,11,6,0,11,11,7,2,13,3,5,0,3,11,10,10,6,11,0,11,11,9,19,6,6,9,3,3,14,6,0,2,18,0,10,0,11,0,18,6,7,19,0,11,19,18,12,6,11,7,2,13,11,6,0,7,11,1,10,3,6,0,11,11,0,11,6,11,19,14,6,3,13,11,14",0.6677104,0.05319888,0.19770324,3.0,0.55311465,61.347828,0.6236435,1.0,0.6236435,0.13304962,0.55311465,0.0,0.0,0.55311465,0.0078422995,0.94938505,0.13304962,4.692309,1.2175655,61.347828,0.6677104,2.4856172,157.9163,0.48258585,0.48258585,1.0,157.9163,0.80229676,0.050614975,4.692309,0.0078422995,0.6236435,0.05319888,0.0,1.2175655,2.4856172,0.48258585,0.18195908,0.0,0.6236435,0.18195908,0.85440814,0.48258585,1.0,0.55311465,lookahead,beam_orig0_bm0-s0to100br0-s100to200br1
/work/T-REX/external/Proteina-Complexa/inference/search_binder_local_pipeline_32_PDL1_ALPHA_REPACK_v7_r007_cand_v7r007_hyp_0007_00_001_a92db08c2022c/job_0_n_196_id_21_beam_orig1_bm1-s0to100br2-s100to200br1/job_0_n_196_id_21_beam_orig1_bm1-s0to100br2-s100to200br1.pdb,85,"2,0,13,16,19,16,19,14,11,3,10,18,19,19,6,18,7,15,2,12,16,9,6,4,11,13,14,19,6,11,5,10,3,10,0,0,10,9,19,18,17,6,12,6,3,11,2,9,9,5,13,19,8,7,6,6,3,10,11,19,5,8,15,15,18,1,5,1,0,1,10,10,11,3,5,10,15,10,7,2,0,0,10,5,9,16,3,19,11,10,5,3,0,7,19,18,1,4,12,9,15,18,7,7,0,3,18,11,1,9,16,19,11,19,2,0,15,11,0,0,6,6,10,6,0,16,10,11,6,11,18,14,6,9,18,6,6,9,15,11,12,15,6,6,6,1,11,6,6,10,2,15,14,3,9,19,1,11,10,19,0,4,9,10,10,11,0,18,13,13,10,11,3,10,10,3,5,9,6,15,3,14,3,10,11,3,10,10,14,18,19,5,6,9,10,0,0,0,0,0,0,0,0,0,0,0,0",0.6210513,0.10624838,0.36871076,3.0,0.30819672,52.264477,0.35308266,1.0,0.35308266,0.17133303,0.30819672,0.0,0.0,0.30819672,0.00084885064,0.9170459,0.17133303,3.3810434,1.4276189,52.264477,0.6210513,2.9003747,166.67134,0.26331076,0.26331076,1.0,166.67134,0.63128924,0.082954116,3.3810434,0.00084885064,0.35308266,0.10624838,0.0,1.4276189,2.9003747,0.26331076,0.24021152,0.0,0.35308266,0.24021152,0.7831538,0.26331076,1.0,0.30819672,lookahead,beam_orig1_bm1-s0to100br2-s100to200br1
/work/T-REX/external/Proteina-Complexa/inference/search_binder_local_pipeline_32_PDL1_ALPHA_REPACK_v7_r007_cand_v7r007_hyp_0007_00_001_a92db08c2022c/job_0_n_170_id_21_beam_orig2_bm0-s0to100br0-s100to200br1/job_0_n_170_id_21_beam_orig2_bm0-s0to100br0-s100to200br1.pdb,86,"2,0,13,16,19,16,19,14,11,3,10,18,19,19,6,18,7,15,2,12,16,9,6,4,11,13,14,19,6,11,5,10,3,10,0,0,10,9,19,18,17,6,12,6,3,11,2,9,9,5,13,19,8,7,6,6,3,10,11,19,5,8,15,15,18,1,5,1,0,1,10,10,11,3,5,10,15,10,7,2,0,0,10,5,9,16,3,19,11,10,5,3,0,7,19,18,1,4,12,9,15,18,7,7,0,3,18,11,1,9,16,19,11,19,2,0,15,16,6,0,6,1,8,2,16,10,7,2,10,10,11,11,5,7,11,10,3,6,0,6,11,6,18,1,1,0,10,6,10,11,14,3,13,0,6,0,8,2,2,10,0,0,19,10,11,15,5,7,11,10,0,0,0,0,0,0,0,0,0,0,0,0,0,0,0,0,0,0,0,0,0,0,0,0,0,0,0,0,0,0,0,0,0,0,0,0,0",0.5653092,0.09147966,0.32702577,3.0,0.29980984,114.97828,0.40519544,1.0,0.40519544,0.17571378,0.29980984,0.0,0.0,0.29980984,0.002532193,0.9089131,0.17571378,10.218073,1.2652819,114.97828,0.5653092,2.557442,231.31451,0.19442423,0.19442423,1.0,231.31451,0.6729742,0.09108695,10.218073,0.002532193,0.40519544,0.09147966,0.0,1.2652819,2.557442,0.19442423,0.22503926,0.0,0.40519544,0.22503926,0.8329707,0.19442423,1.0,0.29980984,lookahead,beam_orig2_bm0-s0to100br0-s100to200br1
/work/T-REX/external/Proteina-Complexa/inference/search_binder_local_pipeline_32_PDL1_ALPHA_REPACK_v7_r007_cand_v7r007_hyp_0007_00_001_a92db08c2022c/job_0_n_191_id_21_beam_orig3_bm0-s0to100br3-s100to200br1/job_0_n_191_id_21_beam_orig3_bm0-s0to100br3-s100to200br1.pdb,87,"2,0,13,16,19,16,19,14,11,3,10,18,19,19,6,18,7,15,2,12,16,9,6,4,11,13,14,19,6,11,5,10,3,10,0,0,10,9,19,18,17,6,12,6,3,11,2,9,9,5,13,19,8,7,6,6,3,10,11,19,5,8,15,15,18,1,5,1,0,1,10,10,11,3,5,10,15,10,7,2,0,0,10,5,9,16,3,19,11,10,5,3,0,7,19,18,1,4,12,9,15,18,7,7,0,3,18,11,1,9,16,19,11,19,2,0,12,15,0,3,18,10,2,10,10,7,6,0,1,11,11,6,7,2,10,3,6,0,6,11,2,18,1,1,0,10,6,9,8,5,0,0,7,3,11,2,7,6,0,16,15,10,2,2,10,7,2,19,6,11,3,10,7,2,10,3,6,0,6,11,2,18,1,1,0,10,6,9,1,5,11,0,0,0,0,0,0,0,0,0,0,0,0,0,0,0,0",0.61910164,0.19322963,0.6058584,3.0,0.11124189,42.783802,0.12657003,1.0,0.12657003,0.27303264,0.048321,0.0,0.0,0.11124189,0.004785806,0.8822199,0.27303264,3.7510502,1.377134,42.783802,0.61910164,3.4918072,172.8034,0.044139426,0.09591376,1.0,172.8034,0.3941416,0.11778008,3.7510502,0.004785806,0.052502573,0.19322963,0.0,1.377134,3.4918072,0.044139426,0.40092784,0.0,0.052502573,0.40092784,0.69555604,0.09591376,1.0,0.048321,lookahead,beam_orig3_bm0-s0to100br3-s100to200br1
/work/T-REX/external/Proteina-Complexa/inference/search_binder_local_pipeline_32_PDL1_ALPHA_REPACK_v7_r007_cand_v7r007_hyp_0007_00_001_a92db08c2022c/job_0_n_207_id_22_beam_orig0_bm0-s0to100br0-s100to200br2/job_0_n_207_id_22_beam_orig0_bm0-s0to100br0-s100to200br2.pdb,88,"2,0,13,16,19,16,19,14,11,3,10,18,19,19,6,18,7,15,2,12,16,9,6,4,11,13,14,19,6,11,5,10,3,10,0,0,10,9,19,18,17,6,12,6,3,11,2,9,9,5,13,19,8,7,6,6,3,10,11,19,5,8,15,15,18,1,5,1,0,1,10,10,11,3,5,10,15,10,7,2,0,0,10,5,9,16,3,19,11,10,5,3,0,7,19,18,1,4,12,9,15,18,7,7,0,3,18,11,1,9,16,19,11,19,2,0,15,15,11,10,11,0,10,11,0,9,0,18,0,6,6,0,11,10,0,0,11,11,7,3,18,6,6,0,6,11,18,10,11,6,0,6,11,9,0,11,6,16,2,3,14,1,0,17,11,0,10,0,10,0,18,15,3,19,0,11,10,0,12,6,11,7,6,18,11,10,0,7,8,18,10,3,11,18,11,19,0,15,6,8,0,3,13,15,10,11,9",0.69428396,0.05656631,0.21814203,3.0,0.5514299,64.475426,0.59012675,1.0,0.59012675,0.13758038,0.5514299,0.0,0.0,0.5514299,0.004540194,0.93322843,0.13758038,5.847963,1.3479065,64.475426,0.69428396,2.4237428,176.86588,0.5127331,0.5127331,1.0,176.86588,0.78185797,0.06677155,5.847963,0.004540194,0.59012675,0.05656631,0.0,1.3479065,2.4237428,0.5127331,0.18435898,0.0,0.59012675,0.18435898,0.8515827,0.5127331,1.0,0.5514299,lookahead,beam_orig0_bm0-s0to100br0-s100to200br2
/work/T-REX/external/Proteina-Complexa/inference/search_binder_local_pipeline_32_PDL1_ALPHA_REPACK_v7_r007_cand_v7r007_hyp_0007_00_001_a92db08c2022c/job_0_n_196_id_22_beam_orig1_bm1-s0to100br2-s100to200br2/job_0_n_196_id_22_beam_orig1_bm1-s0to100br2-s100to200br2.pdb,89,"2,0,13,16,19,16,19,14,11,3,10,18,19,19,6,18,7,15,2,12,16,9,6,4,11,13,14,19,6,11,5,10,3,10,0,0,10,9,19,18,17,6,12,6,3,11,2,9,9,5,13,19,8,7,6,6,3,10,11,19,5,8,15,15,18,1,5,1,0,1,10,10,11,3,5,10,15,10,7,2,0,0,10,5,9,16,3,19,11,10,5,3,0,7,19,18,1,4,12,9,15,18,7,7,0,3,18,11,1,9,16,19,11,19,2,0,15,6,0,19,11,16,13,10,0,11,19,5,6,10,18,14,6,19,18,2,6,10,15,11,12,15,6,3,5,10,1,16,11,10,2,8,14,3,14,19,19,1,0,19,0,10,10,11,10,7,0,6,10,10,0,11,14,3,10,6,6,10,15,11,3,14,3,13,0,6,14,0,5,11,10,9,0,15,10,14,0,0,0,0,0,0,0,0,0,0,0",0.6256497,0.25517675,0.69643116,3.0,0.056074977,46.792355,0.058880806,1.0,0.058880806,0.31076363,0.014578588,0.0,0.0,0.056074977,0.0013108067,0.8641548,0.31076363,3.103813,1.4128125,46.792355,0.6256497,3.5737774,195.04703,0.013894576,0.053269144,1.0,195.04703,0.30356884,0.13584517,3.103813,0.0013108067,0.015262602,0.25517675,0.0,1.4128125,3.5737774,0.013894576,0.47507203,0.0,0.015262602,0.47507203,0.65146637,0.053269144,1.0,0.014578588,lookahead,beam_orig1_bm1-s0to100br2-s100to200br2
/work/T-REX/external/Proteina-Complexa/inference/search_binder_local_pipeline_32_PDL1_ALPHA_REPACK_v7_r007_cand_v7r007_hyp_0007_00_001_a92db08c2022c/job_0_n_170_id_22_beam_orig2_bm0-s0to100br0-s100to200br2/job_0_n_170_id_22_beam_orig2_bm0-s0to100br0-s100to200br2.pdb,90,"2,0,13,16,19,16,19,14,11,3,10,18,19,19,6,18,7,15,2,12,16,9,6,4,11,13,14,19,6,11,5,10,3,10,0,0,10,9,19,18,17,6,12,6,3,11,2,9,9,5,13,19,8,7,6,6,3,10,11,19,5,8,15,15,18,1,5,1,0,1,10,10,11,3,5,10,15,10,7,2,0,0,10,5,9,16,3,19,11,10,5,3,0,7,19,18,1,4,12,9,15,18,7,7,0,3,18,11,1,9,16,19,11,19,2,0,15,16,6,0,6,1,5,13,16,10,7,2,10,18,11,11,5,7,11,10,3,6,0,6,11,0,18,1,11,0,10,6,9,11,14,3,13,0,6,0,8,2,6,10,0,0,19,10,6,10,5,11,11,10,0,0,0,0,0,0,0,0,0,0,0,0,0,0,0,0,0,0,0,0,0,0,0,0,0,0,0,0,0,0,0,0,0,0,0,0,0",0.6254827,0.33465686,0.7708086,3.0,0.012356069,69.92874,0.017278649,1.0,0.017278649,0.3948323,0.006147534,0.0,0.0,0.012356069,0.0024424945,0.7981116,0.3948323,4.1430225,1.3070151,69.92874,0.6254827,3.7500029,210.37457,0.0,0.007433488,1.0,210.37457,0.22919144,0.2018884,4.1430225,0.0024424945,0.012295068,0.33465686,0.0,1.3070151,3.7500029,0.0,0.5430862,0.0,0.012295068,0.5430862,0.6797507,0.007433488,1.0,0.006147534,lookahead,beam_orig2_bm0-s0to100br0-s100to200br2
/work/T-REX/external/Proteina-Complexa/inference/search_binder_local_pipeline_32_PDL1_ALPHA_REPACK_v7_r007_cand_v7r007_hyp_0007_00_001_a92db08c2022c/job_0_n_191_id_22_beam_orig3_bm0-s0to100br3-s100to200br2/job_0_n_191_id_22_beam_orig3_bm0-s0to100br3-s100to200br2.pdb,91,"2,0,13,16,19,16,19,14,11,3,10,18,19,19,6,18,7,15,2,12,16,9,6,4,11,13,14,19,6,11,5,10,3,10,0,0,10,9,19,18,17,6,12,6,3,11,2,9,9,5,13,19,8,7,6,6,3,10,11,19,5,8,15,15,18,1,5,1,0,1,10,10,11,3,5,10,15,10,7,2,0,0,10,5,9,16,3,19,11,10,5,3,0,7,19,18,1,4,12,9,15,18,7,7,0,3,18,11,1,9,16,19,11,19,2,0,12,15,0,7,13,10,2,10,10,7,13,0,6,11,11,6,7,2,10,3,6,0,6,11,8,18,11,6,0,10,6,9,0,1,11,6,7,3,1,2,0,6,0,2,15,10,2,7,10,7,6,19,6,1,10,1,7,2,10,3,6,0,10,11,18,18,6,6,0,10,6,9,1,5,11,0,0,0,0,0,0,0,0,0,0,0,0,0,0,0,0",0.6063504,0.089392774,0.32630217,3.0,0.34393567,41.406513,0.3966463,1.0,0.3966463,0.1653161,0.34393567,0.0,0.0,0.34393567,0.0032788457,0.9308086,0.1653161,3.670511,1.277063,41.406513,0.6063504,2.7422192,152.33289,0.29122505,0.29122505,1.0,152.33289,0.6736978,0.0691914,3.670511,0.0032788457,0.3966463,0.089392774,0.0,1.277063,2.7422192,0.29122505,0.22703852,0.0,0.3966463,0.22703852,0.8084528,0.29122505,1.0,0.34393567,lookahead,beam_orig3_bm0-s0to100br3-s100to200br2
/work/T-REX/external/Proteina-Complexa/inference/search_binder_local_pipeline_32_PDL1_ALPHA_REPACK_v7_r007_cand_v7r007_hyp_0007_00_001_a92db08c2022c/job_0_n_207_id_23_beam_orig0_bm0-s0to100br0-s100to200br3/job_0_n_207_id_23_beam_orig0_bm0-s0to100br0-s100to200br3.pdb,92,"2,0,13,16,19,16,19,14,11,3,10,18,19,19,6,18,7,15,2,12,16,9,6,4,11,13,14,19,6,11,5,10,3,10,0,0,10,9,19,18,17,6,12,6,3,11,2,9,9,5,13,19,8,7,6,6,3,10,11,19,5,8,15,15,18,1,5,1,0,1,10,10,11,3,5,10,15,10,7,2,0,0,10,5,9,16,3,19,11,10,5,3,0,7,19,18,1,4,12,9,15,18,7,7,0,3,18,11,1,9,16,19,11,19,2,0,2,9,6,6,0,11,11,6,9,6,11,2,10,2,10,0,11,11,18,9,11,11,7,2,10,3,11,0,6,11,18,10,6,11,0,6,11,10,0,11,11,18,2,10,16,15,18,18,15,11,9,0,2,10,18,18,6,10,0,11,0,18,12,6,11,7,6,13,11,11,0,0,6,0,9,3,11,0,11,11,9,6,15,10,19,16,16,14,18,19,6",0.6832385,0.04516795,0.1745069,3.0,0.6130904,71.250595,0.6769692,1.0,0.6769692,0.15816762,0.61428076,0.0,0.0,0.6130904,0.027239172,0.92161727,0.15816762,6.931724,1.3419235,71.250595,0.6832385,2.856059,174.43292,0.55159235,0.5492117,1.0,174.43292,0.8254931,0.078382745,6.931724,0.027239172,0.6769692,0.04516795,0.0,1.3419235,2.856059,0.55159235,0.19161223,0.0,0.6769692,0.19161223,0.8580303,0.5492117,1.0,0.61428076,lookahead,beam_orig0_bm0-s0to100br0-s100to200br3
/work/T-REX/external/Proteina-Complexa/inference/search_binder_local_pipeline_32_PDL1_ALPHA_REPACK_v7_r007_cand_v7r007_hyp_0007_00_001_a92db08c2022c/job_0_n_196_id_23_beam_orig1_bm1-s0to100br2-s100to200br3/job_0_n_196_id_23_beam_orig1_bm1-s0to100br2-s100to200br3.pdb,93,"2,0,13,16,19,16,19,14,11,3,10,18,19,19,6,18,7,15,2,12,16,9,6,4,11,13,14,19,6,11,5,10,3,10,0,0,10,9,19,18,17,6,12,6,3,11,2,9,9,5,13,19,8,7,6,6,3,10,11,19,5,8,15,15,18,1,5,1,0,1,10,10,11,3,5,10,15,10,7,2,0,0,10,5,9,16,3,19,11,10,5,3,0,7,19,18,1,4,12,9,15,18,7,7,0,3,18,11,1,9,16,19,11,19,2,0,15,3,3,13,10,5,0,11,15,9,10,5,11,11,18,14,6,19,13,2,11,19,11,0,0,15,3,3,5,11,11,6,13,10,2,8,14,3,14,9,19,11,10,15,0,9,19,6,10,6,0,0,19,13,10,14,15,9,6,15,6,10,14,10,3,3,6,3,9,5,11,19,19,3,10,10,11,11,0,11,0,0,0,0,0,0,0,0,0,0,0",0.6239283,0.07855249,0.27205956,3.0,0.4187777,42.533962,0.45887485,1.0,0.45887485,0.15231258,0.4187777,0.0,0.0,0.4187777,0.002003622,0.9285523,0.15231258,2.4364412,1.4097551,42.533962,0.6239283,2.6567075,170.5175,0.37868056,0.37868056,1.0,170.5175,0.72794044,0.07144769,2.4364412,0.002003622,0.45887485,0.07855249,0.0,1.4097551,2.6567075,0.37868056,0.20293877,0.0,0.45887485,0.20293877,0.8294078,0.37868056,1.0,0.4187777,lookahead,beam_orig1_bm1-s0to100br2-s100to200br3
/work/T-REX/external/Proteina-Complexa/inference/search_binder_local_pipeline_32_PDL1_ALPHA_REPACK_v7_r007_cand_v7r007_hyp_0007_00_001_a92db08c2022c/job_0_n_170_id_23_beam_orig2_bm0-s0to100br0-s100to200br3/job_0_n_170_id_23_beam_orig2_bm0-s0to100br0-s100to200br3.pdb,94,"2,0,13,16,19,16,19,14,11,3,10,18,19,19,6,18,7,15,2,12,16,9,6,4,11,13,14,19,6,11,5,10,3,10,0,0,10,9,19,18,17,6,12,6,3,11,2,9,9,5,13,19,8,7,6,6,3,10,11,19,5,8,15,15,18,1,5,1,0,1,10,10,11,3,5,10,15,10,7,2,0,0,10,5,9,16,3,19,11,10,5,3,0,7,19,18,1,4,12,9,15,18,7,7,0,3,18,11,1,9,16,19,11,19,2,0,15,0,6,0,6,0,8,18,16,1,7,18,10,18,11,10,5,7,11,10,3,10,0,6,11,6,13,1,11,0,10,6,9,11,14,3,13,0,6,0,8,2,6,10,0,0,19,10,6,0,5,7,11,10,0,0,0,0,0,0,0,0,0,0,0,0,0,0,0,0,0,0,0,0,0,0,0,0,0,0,0,0,0,0,0,0,0,0,0,0,0",0.5748309,0.07478854,0.27403867,3.0,0.3591646,92.317345,0.44920534,1.0,0.44920534,0.15484148,0.3591646,0.0,0.0,0.3591646,0.001337823,0.9237625,0.15484148,7.086022,1.2430863,92.317345,0.5748309,2.212625,202.42662,0.26912382,0.26912382,1.0,202.42662,0.7259613,0.076237485,7.086022,0.001337823,0.44920534,0.07478854,0.0,1.2430863,2.212625,0.26912382,0.1953917,0.0,0.44920534,0.1953917,0.8489368,0.26912382,1.0,0.3591646,lookahead,beam_orig2_bm0-s0to100br0-s100to200br3
/work/T-REX/external/Proteina-Complexa/inference/search_binder_local_pipeline_32_PDL1_ALPHA_REPACK_v7_r007_cand_v7r007_hyp_0007_00_001_a92db08c2022c/job_0_n_191_id_23_beam_orig3_bm0-s0to100br3-s100to200br3/job_0_n_191_id_23_beam_orig3_bm0-s0to100br3-s100to200br3.pdb,95,"2,0,13,16,19,16,19,14,11,3,10,18,19,19,6,18,7,15,2,12,16,9,6,4,11,13,14,19,6,11,5,10,3,10,0,0,10,9,19,18,17,6,12,6,3,11,2,9,9,5,13,19,8,7,6,6,3,10,11,19,5,8,15,15,18,1,5,1,0,1,10,10,11,3,5,10,15,10,7,2,0,0,10,5,9,16,3,19,11,10,5,3,0,7,19,18,1,4,12,9,15,18,7,7,0,3,18,11,1,9,16,19,11,19,2,0,12,15,0,3,18,10,2,10,10,7,2,0,18,11,11,6,7,2,10,3,6,0,6,11,4,18,11,1,0,10,6,9,18,5,11,0,7,3,11,2,7,6,0,16,15,10,2,2,10,7,2,19,18,11,3,5,7,2,10,3,6,0,6,11,4,18,1,1,0,10,6,9,1,5,11,0,0,0,0,0,0,0,0,0,0,0,0,0,0,0,0",0.6417619,0.21164815,0.6398993,3.0,0.09460729,89.902985,0.10575519,1.0,0.10575519,0.27854443,0.022763018,0.0,0.0,0.09460729,0.0028899112,0.8902459,0.27854443,7.0295157,1.2659547,89.902985,0.6417619,3.651625,182.42918,0.019644553,0.08345941,1.0,182.42918,0.3601007,0.1097541,7.0295157,0.0028899112,0.025881482,0.21164815,0.0,1.2659547,3.651625,0.019644553,0.41269436,0.0,0.025881482,0.41269436,0.68334234,0.08345941,1.0,0.022763018,lookahead,beam_orig3_bm0-s0to100br3-s100to200br3
/work/T-REX/external/Proteina-Complexa/inference/search_binder_local_pipeline_32_PDL1_ALPHA_REPACK_v7_r007_cand_v7r007_hyp_0007_00_001_a92db08c2022c/job_0_n_207_id_24_beam_orig0_bm2-s0to100br2-s100to200br0/job_0_n_207_id_24_beam_orig0_bm2-s0to100br2-s100to200br0.pdb,96,"2,0,13,16,19,16,19,14,11,3,10,18,19,19,6,18,7,15,2,12,16,9,6,4,11,13,14,19,6,11,5,10,3,10,0,0,10,9,19,18,17,6,12,6,3,11,2,9,9,5,13,19,8,7,6,6,3,10,11,19,5,8,15,15,18,1,5,1,0,1,10,10,11,3,5,10,15,10,7,2,0,0,10,5,9,16,3,19,11,10,5,3,0,7,19,18,1,4,12,9,15,18,7,7,0,3,18,11,1,9,16,19,11,19,2,0,19,16,13,14,11,14,15,18,16,19,19,11,7,2,2,19,16,10,6,4,16,0,15,11,15,9,16,15,10,5,17,11,11,2,7,11,15,9,6,18,2,3,1,13,11,3,10,2,16,7,16,2,0,15,10,5,9,5,2,0,5,14,7,3,15,7,15,18,6,4,10,19,7,16,3,15,7,19,13,0,15,2,16,0,16,10,16,19,16,6,14",0.54005134,0.6659441,0.91453075,3.0,0.0,126.83424,0.0,1.0,0.0,0.5296239,0.0,0.0,0.0,0.0,0.0035487323,0.76532954,0.5296239,20.852356,1.6749328,126.83424,0.54005134,4.865541,253.27612,0.0,0.0,1.0,253.27612,0.085469276,0.23467046,20.852356,0.0035487323,0.0,0.6659441,0.0,1.6749328,4.865541,0.0,0.8317448,0.0,0.0,0.8317448,0.54424244,0.0,1.0,0.0,lookahead,beam_orig0_bm2-s0to100br2-s100to200br0
/work/T-REX/external/Proteina-Complexa/inference/search_binder_local_pipeline_32_PDL1_ALPHA_REPACK_v7_r007_cand_v7r007_hyp_0007_00_001_a92db08c2022c/job_0_n_196_id_24_beam_orig1_bm0-s0to100br0-s100to200br0/job_0_n_196_id_24_beam_orig1_bm0-s0to100br0-s100to200br0.pdb,97,"2,0,13,16,19,16,19,14,11,3,10,18,19,19,6,18,7,15,2,12,16,9,6,4,11,13,14,19,6,11,5,10,3,10,0,0,10,9,19,18,17,6,12,6,3,11,2,9,9,5,13,19,8,7,6,6,3,10,11,19,5,8,15,15,18,1,5,1,0,1,10,10,11,3,5,10,15,10,7,2,0,0,10,5,9,16,3,19,11,10,5,3,0,7,19,18,1,4,12,9,15,18,7,7,0,3,18,11,1,9,16,19,11,19,2,0,2,10,7,2,19,18,11,15,10,7,5,10,3,10,0,19,11,6,18,11,1,0,9,6,10,11,14,3,13,0,6,0,8,18,2,10,7,19,19,18,11,13,10,7,5,10,3,10,0,19,11,6,18,11,1,0,10,6,10,11,14,3,13,11,6,0,1,3,6,10,6,2,9,11,11,18,10,6,15,5,0,0,0,0,0,0,0,0,0,0,0",0.61071044,0.41832545,0.8203251,3.0,0.006056025,112.04724,0.0062291785,1.0,0.0062291785,0.40733927,0.0,0.0,0.0,0.006056025,0.0023087175,0.8080926,0.40733927,12.230895,1.4784358,112.04724,0.61071044,4.1008587,244.50801,0.0,0.005882872,1.0,244.50801,0.17967494,0.1919074,12.230895,0.0023087175,0.0,0.41832545,0.0,1.4784358,4.1008587,0.0,0.62583315,0.0,0.0,0.62583315,0.60296416,0.005882872,1.0,0.0,lookahead,beam_orig1_bm0-s0to100br0-s100to200br0
/work/T-REX/external/Proteina-Complexa/inference/search_binder_local_pipeline_32_PDL1_ALPHA_REPACK_v7_r007_cand_v7r007_hyp_0007_00_001_a92db08c2022c/job_0_n_170_id_24_beam_orig2_bm3-s0to100br2-s100to200br0/job_0_n_170_id_24_beam_orig2_bm3-s0to100br2-s100to200br0.pdb,98,"2,0,13,16,19,16,19,14,11,3,10,18,19,19,6,18,7,15,2,12,16,9,6,4,11,13,14,19,6,11,5,10,3,10,0,0,10,9,19,18,17,6,12,6,3,11,2,9,9,5,13,19,8,7,6,6,3,10,11,19,5,8,15,15,18,1,5,1,0,1,10,10,11,3,5,10,15,10,7,2,0,0,10,5,9,16,3,19,11,10,5,3,0,7,19,18,1,4,12,9,15,18,7,7,0,3,18,11,1,9,16,19,11,19,2,0,15,6,10,3,10,9,9,2,11,9,16,15,3,6,6,0,6,11,17,13,6,13,0,11,11,2,11,2,6,3,10,0,12,11,0,10,15,11,9,11,3,11,6,11,1,2,11,10,13,6,6,10,9,11,0,0,0,0,0,0,0,0,0,0,0,0,0,0,0,0,0,0,0,0,0,0,0,0,0,0,0,0,0,0,0,0,0,0,0,0,0",0.5231632,0.09824952,0.35346282,3.0,0.26079726,41.384193,0.36349395,1.0,0.36349395,0.21278308,0.25989386,0.0,0.0,0.26079726,0.0063876687,0.849363,0.21278308,3.2409098,1.8022428,41.384193,0.5231632,2.7116175,174.25148,0.1562938,0.15810056,1.0,174.25148,0.6465372,0.15063696,3.2409098,0.0063876687,0.36349395,0.09824952,0.0,1.8022428,2.7116175,0.1562938,0.26782832,0.0,0.36349395,0.26782832,0.81338096,0.15810056,1.0,0.25989386,lookahead,beam_orig2_bm3-s0to100br2-s100to200br0
/work/T-REX/external/Proteina-Complexa/inference/search_binder_local_pipeline_32_PDL1_ALPHA_REPACK_v7_r007_cand_v7r007_hyp_0007_00_001_a92db08c2022c/job_0_n_191_id_24_beam_orig3_bm2-s0to100br0-s100to200br0/job_0_n_191_id_24_beam_orig3_bm2-s0to100br0-s100to200br0.pdb,99,"2,0,13,16,19,16,19,14,11,3,10,18,19,19,6,18,7,15,2,12,16,9,6,4,11,13,14,19,6,11,5,10,3,10,0,0,10,9,19,18,17,6,12,6,3,11,2,9,9,5,13,19,8,7,6,6,3,10,11,19,5,8,15,15,18,1,5,1,0,1,10,10,11,3,5,10,15,10,7,2,0,0,10,5,9,16,3,19,11,10,5,3,0,7,19,18,1,4,12,9,15,18,7,7,0,3,18,11,1,9,16,19,11,19,2,0,15,15,18,2,6,6,13,13,11,19,11,14,7,16,16,9,11,5,10,10,6,3,13,6,11,1,19,7,11,19,14,11,5,12,9,19,13,1,11,2,7,6,15,19,3,10,2,16,0,3,10,2,16,6,10,16,14,7,3,19,19,16,10,5,13,7,15,19,11,10,16,18,16,19,6,0,0,0,0,0,0,0,0,0,0,0,0,0,0,0,0",0.62409544,0.33841538,0.8042287,3.0,0.0066013597,122.29291,0.006775454,1.0,0.006775454,0.39983603,0.006051285,0.0,0.0,0.0066013597,0.008301499,0.81031096,0.39983603,20.41231,1.5364684,122.29291,0.62409544,4.187045,209.58215,0.0,0.006427265,1.0,209.58215,0.19577128,0.18968904,20.41231,0.008301499,0.01210257,0.33841538,0.0,1.5364684,4.187045,0.0,0.58884895,0.0,0.01210257,0.58884895,0.6204447,0.006427265,1.0,0.006051285,lookahead,beam_orig3_bm2-s0to100br0-s100to200br0
/work/T-REX/external/Proteina-Complexa/inference/search_binder_local_pipeline_32_PDL1_ALPHA_REPACK_v7_r007_cand_v7r007_hyp_0007_00_001_a92db08c2022c/job_0_n_207_id_25_beam_orig0_bm2-s0to100br2-s100to200br1/job_0_n_207_id_25_beam_orig0_bm2-s0to100br2-s100to200br1.pdb,100,"2,0,13,16,19,16,19,14,11,3,10,18,19,19,6,18,7,15,2,12,16,9,6,4,11,13,14,19,6,11,5,10,3,10,0,0,10,9,19,18,17,6,12,6,3,11,2,9,9,5,13,19,8,7,6,6,3,10,11,19,5,8,15,15,18,1,5,1,0,1,10,10,11,3,5,10,15,10,7,2,0,0,10,5,9,16,3,19,11,10,5,3,0,7,19,18,1,4,12,9,15,18,7,7,0,3,18,11,1,9,16,19,11,19,2,0,19,16,13,14,11,11,15,18,15,19,16,6,7,6,16,19,16,10,6,4,11,0,15,5,16,9,16,16,10,5,17,11,11,2,3,5,14,9,6,13,15,3,1,13,11,14,10,10,15,7,16,2,0,15,10,5,9,11,3,16,1,10,6,3,15,7,10,18,5,4,10,19,7,15,3,2,7,10,0,0,15,7,7,0,16,10,16,19,16,0,14",0.550647,0.19815573,0.53061724,3.0,0.13650487,59.18673,0.14865717,1.0,0.14865717,0.26291257,0.090704866,0.0,0.0,0.13650487,0.0026896256,0.8761076,0.26291257,2.7082555,1.5475142,59.18673,0.550647,3.5758195,188.35977,0.07512263,0.12435257,1.0,188.35977,0.46938276,0.1238924,2.7082555,0.0026896256,0.1062871,0.19815573,0.0,1.5475142,3.5758195,0.07512263,0.3817837,0.0,0.1062871,0.3817837,0.7114978,0.12435257,1.0,0.090704866,lookahead,beam_orig0_bm2-s0to100br2-s100to200br1
/work/T-REX/external/Proteina-Complexa/inference/search_binder_local_pipeline_32_PDL1_ALPHA_REPACK_v7_r007_cand_v7r007_hyp_0007_00_001_a92db08c2022c/job_0_n_196_id_25_beam_orig1_bm0-s0to100br0-s100to200br1/job_0_n_196_id_25_beam_orig1_bm0-s0to100br0-s100to200br1.pdb,101,"2,0,13,16,19,16,19,14,11,3,10,18,19,19,6,18,7,15,2,12,16,9,6,4,11,13,14,19,6,11,5,10,3,10,0,0,10,9,19,18,17,6,12,6,3,11,2,9,9,5,13,19,8,7,6,6,3,10,11,19,5,8,15,15,18,1,5,1,0,1,10,10,11,3,5,10,15,10,7,2,0,0,10,5,9,16,3,19,11,10,5,3,0,7,19,18,1,4,12,9,15,18,7,7,0,3,18,11,1,9,16,19,11,19,2,0,2,10,7,2,19,18,11,2,10,7,5,10,3,10,0,19,11,6,18,11,1,0,9,6,10,11,14,3,13,0,6,0,8,18,2,10,7,19,19,18,11,13,16,7,5,10,3,10,0,6,11,6,18,11,1,0,10,6,10,11,14,3,13,11,6,0,11,5,6,10,6,2,19,10,11,18,11,6,15,19,0,0,0,0,0,0,0,0,0,0,0",0.60504776,0.36840308,0.80744743,3.0,0.008189758,121.57056,0.01030113,1.0,0.01030113,0.40174553,0.0061771753,0.0,0.0,0.008189758,0.0047909836,0.8379377,0.40174553,22.67615,1.4681885,121.57056,0.60504776,4.319889,256.86316,0.0,0.006078386,1.0,256.86316,0.19255257,0.16206232,22.67615,0.0047909836,0.012354351,0.36840308,0.0,1.4681885,4.319889,0.0,0.6143131,0.0,0.012354351,0.6143131,0.6114193,0.006078386,1.0,0.0061771753,lookahead,beam_orig1_bm0-s0to100br0-s100to200br1
/work/T-REX/external/Proteina-Complexa/inference/search_binder_local_pipeline_32_PDL1_ALPHA_REPACK_v7_r007_cand_v7r007_hyp_0007_00_001_a92db08c2022c/job_0_n_170_id_25_beam_orig2_bm3-s0to100br2-s100to200br1/job_0_n_170_id_25_beam_orig2_bm3-s0to100br2-s100to200br1.pdb,102,"2,0,13,16,19,16,19,14,11,3,10,18,19,19,6,18,7,15,2,12,16,9,6,4,11,13,14,19,6,11,5,10,3,10,0,0,10,9,19,18,17,6,12,6,3,11,2,9,9,5,13,19,8,7,6,6,3,10,11,19,5,8,15,15,18,1,5,1,0,1,10,10,11,3,5,10,15,10,7,2,0,0,10,5,9,16,3,19,11,10,5,3,0,7,19,18,1,4,12,9,15,18,7,7,0,3,18,11,1,9,16,19,11,19,2,0,15,3,10,11,6,1,9,1,11,0,11,2,6,6,6,19,6,0,10,13,18,6,0,10,3,0,11,3,6,3,0,0,12,6,0,10,15,11,9,11,3,10,16,11,1,2,1,10,13,11,11,10,9,5,0,0,0,0,0,0,0,0,0,0,0,0,0,0,0,0,0,0,0,0,0,0,0,0,0,0,0,0,0,0,0,0,0,0,0,0,0",0.58912724,0.11036887,0.42020613,3.0,0.22733158,34.45513,0.30750877,1.0,0.30750877,0.20752236,0.22685745,0.0,0.0,0.22733158,0.0017470397,0.8698883,0.20752236,3.019297,1.5821562,34.45513,0.58912724,2.691664,170.67422,0.14715439,0.14715439,1.0,170.67422,0.5797939,0.13011171,3.019297,0.0017470397,0.30656052,0.11036887,0.0,1.5821562,2.691664,0.14715439,0.26851356,0.0,0.30656052,0.26851356,0.7974663,0.14715439,1.0,0.22685745,lookahead,beam_orig2_bm3-s0to100br2-s100to200br1
/work/T-REX/external/Proteina-Complexa/inference/search_binder_local_pipeline_32_PDL1_ALPHA_REPACK_v7_r007_cand_v7r007_hyp_0007_00_001_a92db08c2022c/job_0_n_191_id_25_beam_orig3_bm2-s0to100br0-s100to200br1/job_0_n_191_id_25_beam_orig3_bm2-s0to100br0-s100to200br1.pdb,103,"2,0,13,16,19,16,19,14,11,3,10,18,19,19,6,18,7,15,2,12,16,9,6,4,11,13,14,19,6,11,5,10,3,10,0,0,10,9,19,18,17,6,12,6,3,11,2,9,9,5,13,19,8,7,6,6,3,10,11,19,5,8,15,15,18,1,5,1,0,1,10,10,11,3,5,10,15,10,7,2,0,0,10,5,9,16,3,19,11,10,5,3,0,7,19,18,1,4,12,9,15,18,7,7,0,3,18,11,1,9,16,19,11,19,2,0,15,16,18,2,6,6,13,13,11,19,15,10,15,16,11,1,11,6,10,10,11,3,13,12,6,1,15,11,0,16,11,6,15,13,19,19,19,11,10,2,7,11,14,19,15,19,8,3,13,10,2,11,10,16,10,5,11,7,3,19,19,19,10,5,13,7,15,16,1,10,16,18,19,19,19,0,0,0,0,0,0,0,0,0,0,0,0,0,0,0,0",0.5949646,0.17729506,0.532139,3.0,0.14199616,124.150085,0.16141379,1.0,0.16141379,0.2492957,0.10957699,0.0,0.0,0.14199616,0.0046948413,0.83760524,0.2492957,19.378618,1.5508755,124.150085,0.5949646,3.0804324,282.47424,0.10384199,0.12257854,1.0,282.47424,0.467861,0.16239476,19.378618,0.0046948413,0.115311995,0.17729506,0.0,1.5508755,3.0804324,0.10384199,0.34524003,0.0,0.115311995,0.34524003,0.73397195,0.12257854,1.0,0.10957699,lookahead,beam_orig3_bm2-s0to100br0-s100to200br1
/work/T-REX/external/Proteina-Complexa/inference/search_binder_local_pipeline_32_PDL1_ALPHA_REPACK_v7_r007_cand_v7r007_hyp_0007_00_001_a92db08c2022c/job_0_n_207_id_26_beam_orig0_bm2-s0to100br2-s100to200br2/job_0_n_207_id_26_beam_orig0_bm2-s0to100br2-s100to200br2.pdb,104,"2,0,13,16,19,16,19,14,11,3,10,18,19,19,6,18,7,15,2,12,16,9,6,4,11,13,14,19,6,11,5,10,3,10,0,0,10,9,19,18,17,6,12,6,3,11,2,9,9,5,13,19,8,7,6,6,3,10,11,19,5,8,15,15,18,1,5,1,0,1,10,10,11,3,5,10,15,10,7,2,0,0,10,5,9,16,3,19,11,10,5,3,0,7,19,18,1,4,12,9,15,18,7,7,0,3,18,11,1,9,16,19,11,19,2,0,10,16,13,14,11,14,10,18,15,19,16,11,7,7,16,19,16,10,6,4,11,0,15,5,14,10,10,15,10,5,17,11,11,3,7,5,15,9,6,13,15,3,1,13,11,15,10,3,11,7,16,3,0,15,10,5,9,15,7,16,6,14,15,3,15,7,10,18,5,4,10,7,7,13,6,3,7,19,11,19,15,7,7,16,16,10,16,19,16,19,14",0.5646727,0.5867564,0.8809798,3.0,0.0,126.8199,0.0,1.0,0.0,0.48100966,0.0,0.0,0.0,0.0,0.0032829263,0.7892438,0.48100966,13.947635,1.6463585,126.8199,0.5646727,4.6505737,235.08186,0.0,0.0,1.0,235.08186,0.11902025,0.2107562,13.947635,0.0032829263,0.0,0.5867564,0.0,1.6463585,4.6505737,0.0,0.75679696,0.0,0.0,0.75679696,0.55736107,0.0,1.0,0.0,lookahead,beam_orig0_bm2-s0to100br2-s100to200br2
/work/T-REX/external/Proteina-Complexa/inference/search_binder_local_pipeline_32_PDL1_ALPHA_REPACK_v7_r007_cand_v7r007_hyp_0007_00_001_a92db08c2022c/job_0_n_196_id_26_beam_orig1_bm0-s0to100br0-s100to200br2/job_0_n_196_id_26_beam_orig1_bm0-s0to100br0-s100to200br2.pdb,105,"2,0,13,16,19,16,19,14,11,3,10,18,19,19,6,18,7,15,2,12,16,9,6,4,11,13,14,19,6,11,5,10,3,10,0,0,10,9,19,18,17,6,12,6,3,11,2,9,9,5,13,19,8,7,6,6,3,10,11,19,5,8,15,15,18,1,5,1,0,1,10,10,11,3,5,10,15,10,7,2,0,0,10,5,9,16,3,19,11,10,5,3,0,7,19,18,1,4,12,9,15,18,7,7,0,3,18,11,1,9,16,19,11,19,2,0,2,10,7,10,19,18,11,2,10,3,5,10,3,10,0,19,11,6,18,11,1,0,9,6,10,11,14,3,13,0,6,0,8,18,2,10,7,10,19,18,11,13,16,7,5,10,3,10,0,19,11,6,18,11,1,0,10,6,10,11,14,3,13,11,10,0,1,3,6,10,0,2,19,10,11,18,11,6,15,10,0,0,0,0,0,0,0,0,0,0,0",0.5696035,0.4908436,0.82324874,3.0,0.0031748754,120.8622,0.006349751,1.0,0.006349751,0.44284937,0.0,0.0,0.0,0.0031748754,0.002081527,0.79015654,0.44284937,19.325512,1.6262013,120.8622,0.5696035,4.3171735,256.47656,0.0,0.0,1.0,256.47656,0.17675123,0.20984344,19.325512,0.002081527,0.0,0.4908436,0.0,1.6262013,4.3171735,0.0,0.66844445,0.0,0.0,0.66844445,0.6036482,0.0,1.0,0.0,lookahead,beam_orig1_bm0-s0to100br0-s100to200br2
/work/T-REX/external/Proteina-Complexa/inference/search_binder_local_pipeline_32_PDL1_ALPHA_REPACK_v7_r007_cand_v7r007_hyp_0007_00_001_a92db08c2022c/job_0_n_170_id_26_beam_orig2_bm3-s0to100br2-s100to200br2/job_0_n_170_id_26_beam_orig2_bm3-s0to100br2-s100to200br2.pdb,106,"2,0,13,16,19,16,19,14,11,3,10,18,19,19,6,18,7,15,2,12,16,9,6,4,11,13,14,19,6,11,5,10,3,10,0,0,10,9,19,18,17,6,12,6,3,11,2,9,9,5,13,19,8,7,6,6,3,10,11,19,5,8,15,15,18,1,5,1,0,1,10,10,11,3,5,10,15,10,7,2,0,0,10,5,9,16,3,19,11,10,5,3,0,7,19,18,1,4,12,9,15,18,7,7,0,3,18,11,1,9,16,19,11,19,2,0,16,6,10,6,6,1,9,10,15,0,11,2,6,6,6,11,10,2,10,10,5,6,0,2,3,9,2,8,6,6,0,11,11,10,0,10,5,10,9,11,15,14,6,10,0,0,11,0,13,6,9,0,11,11,0,0,0,0,0,0,0,0,0,0,0,0,0,0,0,0,0,0,0,0,0,0,0,0,0,0,0,0,0,0,0,0,0,0,0,0,0",0.5260246,0.14770763,0.447438,3.0,0.16406876,72.00921,0.20994,1.0,0.20994,0.23584566,0.15696296,0.0,0.0,0.16406876,0.0021222543,0.86822045,0.23584566,4.140424,1.5398628,72.00921,0.5260246,2.8280628,197.51758,0.110922255,0.118197516,1.0,197.51758,0.552562,0.13177954,4.140424,0.0021222543,0.20300367,0.14770763,0.0,1.5398628,2.8280628,0.110922255,0.30920118,0.0,0.20300367,0.30920118,0.77947587,0.118197516,1.0,0.15696296,lookahead,beam_orig2_bm3-s0to100br2-s100to200br2
/work/T-REX/external/Proteina-Complexa/inference/search_binder_local_pipeline_32_PDL1_ALPHA_REPACK_v7_r007_cand_v7r007_hyp_0007_00_001_a92db08c2022c/job_0_n_191_id_26_beam_orig3_bm2-s0to100br0-s100to200br2/job_0_n_191_id_26_beam_orig3_bm2-s0to100br0-s100to200br2.pdb,107,"2,0,13,16,19,16,19,14,11,3,10,18,19,19,6,18,7,15,2,12,16,9,6,4,11,13,14,19,6,11,5,10,3,10,0,0,10,9,19,18,17,6,12,6,3,11,2,9,9,5,13,19,8,7,6,6,3,10,11,19,5,8,15,15,18,1,5,1,0,1,10,10,11,3,5,10,15,10,7,2,0,0,10,5,9,16,3,19,11,10,5,3,0,7,19,18,1,4,12,9,15,18,7,7,0,3,18,11,1,9,16,19,11,19,2,0,15,0,18,9,6,11,16,10,11,19,16,14,2,9,16,1,5,5,9,10,3,18,10,1,15,5,11,6,3,14,1,6,3,12,9,19,10,11,19,2,7,11,10,19,0,3,14,0,15,18,3,13,15,16,10,11,11,7,3,19,19,6,19,16,18,15,11,18,11,9,16,13,10,19,6,0,0,0,0,0,0,0,0,0,0,0,0,0,0,0,0",0.57541287,0.5616749,0.8825154,3.0,0.0,93.76988,0.0,1.0,0.0,0.5189458,0.0,0.0,0.0,0.0,0.0036192797,0.70318556,0.5189458,8.475514,2.0515807,93.76988,0.57541287,4.4692993,247.9886,0.0,0.0,1.0,247.9886,0.11748464,0.2968144,8.475514,0.0036192797,0.0,0.5616749,0.0,2.0515807,4.4692993,0.0,0.74836016,0.0,0.0,0.74836016,0.589443,0.0,1.0,0.0,lookahead,beam_orig3_bm2-s0to100br0-s100to200br2
/work/T-REX/external/Proteina-Complexa/inference/search_binder_local_pipeline_32_PDL1_ALPHA_REPACK_v7_r007_cand_v7r007_hyp_0007_00_001_a92db08c2022c/job_0_n_207_id_27_beam_orig0_bm2-s0to100br2-s100to200br3/job_0_n_207_id_27_beam_orig0_bm2-s0to100br2-s100to200br3.pdb,108,"2,0,13,16,19,16,19,14,11,3,10,18,19,19,6,18,7,15,2,12,16,9,6,4,11,13,14,19,6,11,5,10,3,10,0,0,10,9,19,18,17,6,12,6,3,11,2,9,9,5,13,19,8,7,6,6,3,10,11,19,5,8,15,15,18,1,5,1,0,1,10,10,11,3,5,10,15,10,7,2,0,0,10,5,9,16,3,19,11,10,5,3,0,7,19,18,1,4,12,9,15,18,7,7,0,3,18,11,1,9,16,19,11,19,2,0,14,16,13,14,11,15,15,18,15,19,11,6,7,0,15,19,16,10,6,4,11,15,15,6,16,9,16,15,10,5,17,11,11,2,2,6,15,9,6,13,15,3,1,13,11,14,10,7,11,6,16,3,0,15,10,10,9,11,8,0,6,11,15,3,15,7,19,18,6,4,10,19,7,16,16,11,7,9,11,0,15,3,7,0,5,10,16,19,16,15,14",0.5285981,0.32698214,0.70159185,3.0,0.03002225,50.8053,0.032228425,1.0,0.032228425,0.35941628,0.0060061114,0.0,0.0,0.03002225,0.0041706976,0.84650654,0.35941628,2.6892047,1.555751,50.8053,0.5285981,4.007764,189.87024,0.0,0.027816076,1.0,189.87024,0.29840818,0.15349345,2.6892047,0.0041706976,0.012012223,0.32698214,0.0,1.555751,4.007764,0.0,0.55381185,0.0,0.012012223,0.55381185,0.63529646,0.027816076,1.0,0.0060061114,lookahead,beam_orig0_bm2-s0to100br2-s100to200br3
/work/T-REX/external/Proteina-Complexa/inference/search_binder_local_pipeline_32_PDL1_ALPHA_REPACK_v7_r007_cand_v7r007_hyp_0007_00_001_a92db08c2022c/job_0_n_196_id_27_beam_orig1_bm0-s0to100br0-s100to200br3/job_0_n_196_id_27_beam_orig1_bm0-s0to100br0-s100to200br3.pdb,109,"2,0,13,16,19,16,19,14,11,3,10,18,19,19,6,18,7,15,2,12,16,9,6,4,11,13,14,19,6,11,5,10,3,10,0,0,10,9,19,18,17,6,12,6,3,11,2,9,9,5,13,19,8,7,6,6,3,10,11,19,5,8,15,15,18,1,5,1,0,1,10,10,11,3,5,10,15,10,7,2,0,0,10,5,9,16,3,19,11,10,5,3,0,7,19,18,1,4,12,9,15,18,7,7,0,3,18,11,1,9,16,19,11,19,2,0,2,10,7,2,19,18,11,2,10,7,5,10,3,10,0,19,11,6,18,11,1,0,9,6,10,11,14,3,13,0,6,0,8,18,2,10,7,2,19,18,11,13,16,7,5,10,3,10,0,19,11,6,18,11,1,0,10,6,10,11,14,3,18,11,10,0,11,3,6,10,16,2,9,2,16,18,10,6,11,5,0,0,0,0,0,0,0,0,0,0,0",0.60490954,0.29731745,0.76979685,3.0,0.018564431,120.81118,0.022621654,1.0,0.022621654,0.37581652,0.013162214,0.0,0.0,0.018564431,0.005758141,0.8427463,0.37581652,22.977087,1.5449339,120.81118,0.60490954,4.294951,265.1176,0.012545648,0.014507209,1.0,265.1176,0.23020312,0.1572537,22.977087,0.005758141,0.01377878,0.29731745,0.0,1.5449339,4.294951,0.012545648,0.56835014,0.0,0.01377878,0.56835014,0.62862885,0.014507209,1.0,0.013162214,lookahead,beam_orig1_bm0-s0to100br0-s100to200br3
/work/T-REX/external/Proteina-Complexa/inference/search_binder_local_pipeline_32_PDL1_ALPHA_REPACK_v7_r007_cand_v7r007_hyp_0007_00_001_a92db08c2022c/job_0_n_170_id_27_beam_orig2_bm3-s0to100br2-s100to200br3/job_0_n_170_id_27_beam_orig2_bm3-s0to100br2-s100to200br3.pdb,110,"2,0,13,16,19,16,19,14,11,3,10,18,19,19,6,18,7,15,2,12,16,9,6,4,11,13,14,19,6,11,5,10,3,10,0,0,10,9,19,18,17,6,12,6,3,11,2,9,9,5,13,19,8,7,6,6,3,10,11,19,5,8,15,15,18,1,5,1,0,1,10,10,11,3,5,10,15,10,7,2,0,0,10,5,9,16,3,19,11,10,5,3,0,7,19,18,1,4,12,9,15,18,7,7,0,3,18,11,1,9,16,19,11,19,2,0,15,3,10,10,5,1,9,3,11,0,5,15,3,6,6,0,6,2,10,13,18,6,0,12,3,0,2,3,15,3,0,0,9,11,0,10,15,11,9,11,3,10,19,11,1,2,11,10,13,5,11,10,9,7,0,0,0,0,0,0,0,0,0,0,0,0,0,0,0,0,0,0,0,0,0,0,0,0,0,0,0,0,0,0,0,0,0,0,0,0,0",0.59625363,0.07812447,0.30538327,3.0,0.34274876,42.949245,0.43853605,1.0,0.43853605,0.16189949,0.34274876,0.0,0.0,0.34274876,0.002069706,0.90523034,0.16189949,2.8890524,1.398365,42.949245,0.59625363,2.3984754,180.89668,0.2469615,0.2469615,1.0,180.89668,0.69461673,0.09476967,2.8890524,0.002069706,0.43853605,0.07812447,0.0,1.398365,2.3984754,0.2469615,0.20457,0.0,0.43853605,0.20457,0.8349474,0.2469615,1.0,0.34274876,lookahead,beam_orig2_bm3-s0to100br2-s100to200br3
/work/T-REX/external/Proteina-Complexa/inference/search_binder_local_pipeline_32_PDL1_ALPHA_REPACK_v7_r007_cand_v7r007_hyp_0007_00_001_a92db08c2022c/job_0_n_191_id_27_beam_orig3_bm2-s0to100br0-s100to200br3/job_0_n_191_id_27_beam_orig3_bm2-s0to100br0-s100to200br3.pdb,111,"2,0,13,16,19,16,19,14,11,3,10,18,19,19,6,18,7,15,2,12,16,9,6,4,11,13,14,19,6,11,5,10,3,10,0,0,10,9,19,18,17,6,12,6,3,11,2,9,9,5,13,19,8,7,6,6,3,10,11,19,5,8,15,15,18,1,5,1,0,1,10,10,11,3,5,10,15,10,7,2,0,0,10,5,9,16,3,19,11,10,5,3,0,7,19,18,1,4,12,9,15,18,7,7,0,3,18,11,1,9,16,19,11,19,2,0,15,3,18,11,6,6,3,13,16,19,11,15,7,16,16,10,5,3,9,10,6,6,19,11,11,1,11,14,13,8,8,14,7,13,19,0,10,11,11,2,7,5,14,19,3,16,18,15,0,3,10,2,16,11,10,16,14,7,3,19,19,16,19,16,13,7,15,3,11,17,16,13,8,19,0,0,0,0,0,0,0,0,0,0,0,0,0,0,0,0,0",0.6355224,0.40260407,0.8556359,3.0,0.006224732,109.851555,0.00672967,1.0,0.00672967,0.4474708,0.0,0.0,0.0,0.006224732,0.0098017445,0.7769166,0.4474708,8.585873,1.6769392,109.851555,0.6355224,4.278049,230.55537,0.0,0.0057197944,1.0,230.55537,0.14436412,0.2230834,8.585873,0.0098017445,0.0,0.40260407,0.0,1.6769392,4.278049,0.0,0.65415615,0.0,0.0,0.65415615,0.60423625,0.0057197944,1.0,0.0,lookahead,beam_orig3_bm2-s0to100br0-s100to200br3
/work/T-REX/external/Proteina-Complexa/inference/search_binder_local_pipeline_32_PDL1_ALPHA_REPACK_v7_r007_cand_v7r007_hyp_0007_00_001_a92db08c2022c/job_0_n_207_id_28_beam_orig0_bm1-s0to100br1-s100to200br0/job_0_n_207_id_28_beam_orig0_bm1-s0to100br1-s100to200br0.pdb,112,"2,0,13,16,19,16,19,14,11,3,10,18,19,19,6,18,7,15,2,12,16,9,6,4,11,13,14,19,6,11,5,10,3,10,0,0,10,9,19,18,17,6,12,6,3,11,2,9,9,5,13,19,8,7,6,6,3,10,11,19,5,8,15,15,18,1,5,1,0,1,10,10,11,3,5,10,15,10,7,2,0,0,10,5,9,16,3,19,11,10,5,3,0,7,19,18,1,4,12,9,15,18,7,7,0,3,18,11,1,9,16,19,11,19,2,0,15,6,6,3,16,11,2,10,1,11,0,10,5,6,7,3,11,3,15,13,10,18,17,0,15,11,19,1,3,9,2,9,3,10,10,1,6,19,19,6,7,11,6,6,10,16,14,6,0,19,13,6,10,10,11,19,10,3,13,0,11,19,11,11,15,6,10,19,2,13,13,11,11,9,7,2,6,6,10,0,6,5,19,2,5,11,9,15,3,14,14",0.53602594,0.27387094,0.63384664,3.0,0.06462853,56.67554,0.07013406,1.0,0.07013406,0.30976188,0.014398565,0.0,0.0,0.06462853,0.0023900801,0.85561186,0.30976188,2.439192,1.650704,56.67554,0.53602594,3.5590634,234.52373,0.012897754,0.059122987,1.0,234.52373,0.36615336,0.14438815,2.439192,0.0023900801,0.015899375,0.27387094,0.0,1.650704,3.5590634,0.012897754,0.47937256,0.0,0.015899375,0.47937256,0.6669619,0.059122987,1.0,0.014398565,lookahead,beam_orig0_bm1-s0to100br1-s100to200br0
/work/T-REX/external/Proteina-Complexa/inference/search_binder_local_pipeline_32_PDL1_ALPHA_REPACK_v7_r007_cand_v7r007_hyp_0007_00_001_a92db08c2022c/job_0_n_196_id_28_beam_orig1_bm1-s0to100br1-s100to200br0/job_0_n_196_id_28_beam_orig1_bm1-s0to100br1-s100to200br0.pdb,113,"2,0,13,16,19,16,19,14,11,3,10,18,19,19,6,18,7,15,2,12,16,9,6,4,11,13,14,19,6,11,5,10,3,10,0,0,10,9,19,18,17,6,12,6,3,11,2,9,9,5,13,19,8,7,6,6,3,10,11,19,5,8,15,15,18,1,5,1,0,1,10,10,11,3,5,10,15,10,7,2,0,0,10,5,9,16,3,19,11,10,5,3,0,7,19,18,1,4,12,9,15,18,7,7,0,3,18,11,1,9,16,19,11,19,2,0,15,10,8,0,0,0,12,0,7,5,3,3,6,19,1,9,10,10,0,2,7,0,3,19,2,0,15,14,15,14,10,8,10,0,0,12,0,7,8,6,6,9,19,1,9,10,10,0,2,7,0,3,19,2,11,5,6,18,7,11,16,0,13,3,9,0,10,3,2,7,2,6,3,9,0,6,9,10,5,11,0,0,0,0,0,0,0,0,0,0,0",0.6533662,0.26593724,0.7264091,3.0,0.05226504,79.557976,0.059788182,1.0,0.059788182,0.3176635,0.01387707,0.0,0.0,0.05226504,0.0022428222,0.8219193,0.3176635,2.5492256,1.3139838,79.557976,0.6533662,3.4194558,231.99551,0.012867227,0.044741903,1.0,231.99551,0.27359095,0.17808068,2.5492256,0.0022428222,0.014886912,0.26593724,0.0,1.3139838,3.4194558,0.012867227,0.4885125,0.0,0.014886912,0.4885125,0.64478064,0.044741903,1.0,0.01387707,lookahead,beam_orig1_bm1-s0to100br1-s100to200br0
/work/T-REX/external/Proteina-Complexa/inference/search_binder_local_pipeline_32_PDL1_ALPHA_REPACK_v7_r007_cand_v7r007_hyp_0007_00_001_a92db08c2022c/job_0_n_170_id_28_beam_orig2_bm3-s0to100br1-s100to200br0/job_0_n_170_id_28_beam_orig2_bm3-s0to100br1-s100to200br0.pdb,114,"2,0,13,16,19,16,19,14,11,3,10,18,19,19,6,18,7,15,2,12,16,9,6,4,11,13,14,19,6,11,5,10,3,10,0,0,10,9,19,18,17,6,12,6,3,11,2,9,9,5,13,19,8,7,6,6,3,10,11,19,5,8,15,15,18,1,5,1,0,1,10,10,11,3,5,10,15,10,7,2,0,0,10,5,9,16,3,19,11,10,5,3,0,7,19,18,1,4,12,9,15,18,7,7,0,3,18,11,1,9,16,19,11,19,2,0,0,7,8,16,14,10,8,10,0,0,10,0,7,8,10,6,9,19,6,19,10,9,11,8,7,0,3,19,2,0,15,3,11,15,7,13,16,14,13,3,10,0,16,10,0,7,8,6,3,9,19,6,19,10,0,0,0,0,0,0,0,0,0,0,0,0,0,0,0,0,0,0,0,0,0,0,0,0,0,0,0,0,0,0,0,0,0,0,0,0,0",0.6279799,0.33197746,0.7511817,3.0,0.020781973,120.9646,0.02937982,1.0,0.02937982,0.382014,0.00687664,0.0,0.0,0.020781973,0.0069535472,0.7379525,0.382014,17.041086,1.4995435,120.9646,0.6279799,3.5851185,252.19708,0.0,0.012184125,1.0,252.19708,0.24881831,0.26204753,17.041086,0.0069535472,0.01375328,0.33197746,0.0,1.4995435,3.5851185,0.0,0.51957476,0.0,0.01375328,0.51957476,0.68938434,0.012184125,1.0,0.00687664,lookahead,beam_orig2_bm3-s0to100br1-s100to200br0
/work/T-REX/external/Proteina-Complexa/inference/search_binder_local_pipeline_32_PDL1_ALPHA_REPACK_v7_r007_cand_v7r007_hyp_0007_00_001_a92db08c2022c/job_0_n_191_id_28_beam_orig3_bm1-s0to100br0-s100to200br0/job_0_n_191_id_28_beam_orig3_bm1-s0to100br0-s100to200br0.pdb,115,"2,0,13,16,19,16,19,14,11,3,10,18,19,19,6,18,7,15,2,12,16,9,6,4,11,13,14,19,6,11,5,10,3,10,0,0,10,9,19,18,17,6,12,6,3,11,2,9,9,5,13,19,8,7,6,6,3,10,11,19,5,8,15,15,18,1,5,1,0,1,10,10,11,3,5,10,15,10,7,2,0,0,10,5,9,16,3,19,11,10,5,3,0,7,19,18,1,4,12,9,15,18,7,7,0,3,18,11,1,9,16,19,11,19,2,0,16,11,6,6,11,19,9,6,0,1,2,1,5,2,6,0,10,10,6,9,5,11,2,2,14,6,7,0,9,11,11,18,10,6,0,9,11,9,18,11,3,10,7,2,3,3,6,0,6,11,19,11,5,10,7,10,11,10,10,6,7,8,11,3,0,0,1,10,6,11,6,0,3,11,10,0,0,0,0,0,0,0,0,0,0,0,0,0,0,0,0",0.62218094,0.36162174,0.8242848,3.0,0.005971996,112.05632,0.006132024,1.0,0.006132024,0.41506958,0.0,0.0,0.0,0.005971996,0.0043919,0.7914827,0.41506958,15.899444,1.649119,112.05632,0.62218094,3.9621465,223.60312,0.0,0.0058119684,1.0,223.60312,0.17571524,0.2085173,15.899444,0.0043919,0.0,0.36162174,0.0,1.649119,3.9621465,0.0,0.6202182,0.0,0.0,0.6202182,0.6083455,0.0058119684,1.0,0.0,lookahead,beam_orig3_bm1-s0to100br0-s100to200br0
/work/T-REX/external/Proteina-Complexa/inference/search_binder_local_pipeline_32_PDL1_ALPHA_REPACK_v7_r007_cand_v7r007_hyp_0007_00_001_a92db08c2022c/job_0_n_207_id_29_beam_orig0_bm1-s0to100br1-s100to200br1/job_0_n_207_id_29_beam_orig0_bm1-s0to100br1-s100to200br1.pdb,116,"2,0,13,16,19,16,19,14,11,3,10,18,19,19,6,18,7,15,2,12,16,9,6,4,11,13,14,19,6,11,5,10,3,10,0,0,10,9,19,18,17,6,12,6,3,11,2,9,9,5,13,19,8,7,6,6,3,10,11,19,5,8,15,15,18,1,5,1,0,1,10,10,11,3,5,10,15,10,7,2,0,0,10,5,9,16,3,19,11,10,5,3,0,7,19,18,1,4,12,9,15,18,7,7,0,3,18,11,1,9,16,19,11,19,2,0,15,6,2,10,11,11,6,13,10,6,0,10,19,11,6,3,0,5,11,10,8,3,9,0,2,6,0,11,19,3,13,15,10,5,3,0,5,16,10,10,15,7,7,6,10,16,14,6,16,11,13,11,10,10,11,10,9,3,11,16,6,19,15,11,0,6,10,11,16,0,0,6,5,12,11,2,6,11,0,11,2,16,10,10,6,13,9,6,16,10,7",0.59559214,0.095677115,0.34200042,3.0,0.3259107,46.323463,0.35376936,1.0,0.35376936,0.16909951,0.3259107,0.0,0.0,0.3259107,0.0010476853,0.92800236,0.16909951,2.189106,1.391171,46.323463,0.59559214,2.745396,186.48383,0.298052,0.298052,1.0,186.48383,0.6579996,0.07199761,2.189106,0.0010476853,0.35376936,0.095677115,0.0,1.391171,2.745396,0.298052,0.24331918,0.0,0.35376936,0.24331918,0.7956214,0.298052,1.0,0.3259107,lookahead,beam_orig0_bm1-s0to100br1-s100to200br1
/work/T-REX/external/Proteina-Complexa/inference/search_binder_local_pipeline_32_PDL1_ALPHA_REPACK_v7_r007_cand_v7r007_hyp_0007_00_001_a92db08c2022c/job_0_n_196_id_29_beam_orig1_bm1-s0to100br1-s100to200br1/job_0_n_196_id_29_beam_orig1_bm1-s0to100br1-s100to200br1.pdb,117,"2,0,13,16,19,16,19,14,11,3,10,18,19,19,6,18,7,15,2,12,16,9,6,4,11,13,14,19,6,11,5,10,3,10,0,0,10,9,19,18,17,6,12,6,3,11,2,9,9,5,13,19,8,7,6,6,3,10,11,19,5,8,15,15,18,1,5,1,0,1,10,10,11,3,5,10,15,10,7,2,0,0,10,5,9,16,3,19,11,10,5,3,0,7,19,18,1,4,12,9,15,18,7,7,0,3,18,11,1,9,16,19,11,19,2,0,16,10,8,6,0,0,10,0,7,5,3,3,6,19,1,9,10,10,0,2,7,0,3,19,2,0,15,14,15,14,10,8,10,0,0,12,0,7,8,6,6,9,19,1,19,10,10,0,2,7,0,3,19,2,11,5,6,7,7,11,16,14,13,3,10,0,10,3,2,7,2,6,3,9,0,6,9,10,5,11,0,0,0,0,0,0,0,0,0,0,0",0.6118639,0.2228555,0.615912,3.0,0.10295905,122.770164,0.1119636,1.0,0.1119636,0.27455297,0.028578235,0.0,0.0,0.10295905,0.0025339022,0.85893774,0.27455297,18.380579,1.344258,122.770164,0.6118639,3.238643,262.49936,0.025529243,0.09395451,1.0,262.49936,0.38408798,0.14106224,18.380579,0.0025339022,0.031627227,0.2228555,0.0,1.344258,3.238643,0.025529243,0.4149632,0.0,0.031627227,0.4149632,0.68616855,0.09395451,1.0,0.028578235,lookahead,beam_orig1_bm1-s0to100br1-s100to200br1
/work/T-REX/external/Proteina-Complexa/inference/search_binder_local_pipeline_32_PDL1_ALPHA_REPACK_v7_r007_cand_v7r007_hyp_0007_00_001_a92db08c2022c/job_0_n_170_id_29_beam_orig2_bm3-s0to100br1-s100to200br1/job_0_n_170_id_29_beam_orig2_bm3-s0to100br1-s100to200br1.pdb,118,"2,0,13,16,19,16,19,14,11,3,10,18,19,19,6,18,7,15,2,12,16,9,6,4,11,13,14,19,6,11,5,10,3,10,0,0,10,9,19,18,17,6,12,6,3,11,2,9,9,5,13,19,8,7,6,6,3,10,11,19,5,8,15,15,18,1,5,1,0,1,10,10,11,3,5,10,15,10,7,2,0,0,10,5,9,16,3,19,11,10,5,3,0,7,19,18,1,4,12,9,15,18,7,7,0,3,18,11,1,9,16,19,11,19,2,0,6,7,1,16,14,10,8,10,0,0,10,0,7,8,10,6,9,19,6,19,10,10,11,8,7,0,3,19,2,0,15,3,11,2,7,13,16,14,13,3,10,0,16,10,15,7,8,6,3,9,19,6,19,10,0,0,0,0,0,0,0,0,0,0,0,0,0,0,0,0,0,0,0,0,0,0,0,0,0,0,0,0,0,0,0,0,0,0,0,0,0",0.6473181,0.29619777,0.74791,3.0,0.029291915,122.36261,0.030283013,1.0,0.030283013,0.3678645,0.012788858,0.0,0.0,0.029291915,0.0054371017,0.7660335,0.3678645,17.149124,1.3980165,122.36261,0.6473181,3.476936,257.6308,0.0117783155,0.028300816,1.0,257.6308,0.25208998,0.23396654,17.149124,0.0054371017,0.013799402,0.29619777,0.0,1.3980165,3.476936,0.0117783155,0.50383884,0.0,0.013799402,0.50383884,0.688184,0.028300816,1.0,0.012788858,lookahead,beam_orig2_bm3-s0to100br1-s100to200br1
/work/T-REX/external/Proteina-Complexa/inference/search_binder_local_pipeline_32_PDL1_ALPHA_REPACK_v7_r007_cand_v7r007_hyp_0007_00_001_a92db08c2022c/job_0_n_191_id_29_beam_orig3_bm1-s0to100br0-s100to200br1/job_0_n_191_id_29_beam_orig3_bm1-s0to100br0-s100to200br1.pdb,119,"2,0,13,16,19,16,19,14,11,3,10,18,19,19,6,18,7,15,2,12,16,9,6,4,11,13,14,19,6,11,5,10,3,10,0,0,10,9,19,18,17,6,12,6,3,11,2,9,9,5,13,19,8,7,6,6,3,10,11,19,5,8,15,15,18,1,5,1,0,1,10,10,11,3,5,10,15,10,7,2,0,0,10,5,9,16,3,19,11,10,5,3,0,7,19,18,1,4,12,9,15,18,7,7,0,3,18,11,1,9,16,19,11,19,2,0,15,3,6,6,11,19,2,6,0,10,6,1,11,11,6,7,8,5,0,9,13,2,11,2,18,3,6,0,9,6,11,18,6,11,0,9,11,9,18,10,6,10,7,2,2,3,6,0,6,11,19,19,5,6,7,10,11,12,10,11,7,16,14,7,6,3,11,10,11,11,10,5,3,11,10,0,0,0,0,0,0,0,0,0,0,0,0,0,0,0,0",0.58073366,0.10998587,0.3448975,3.0,0.30416065,38.373142,0.34530076,1.0,0.34530076,0.17631523,0.30416065,0.0,0.0,0.30416065,0.00467189,0.9025138,0.17631523,1.9500724,1.4482856,38.373142,0.58073366,2.5951679,164.07788,0.26302052,0.26302052,1.0,164.07788,0.6551025,0.09748621,1.9500724,0.00467189,0.34530076,0.10998587,0.0,1.4482856,2.5951679,0.26302052,0.24077328,0.0,0.34530076,0.24077328,0.80118,0.26302052,1.0,0.30416065,lookahead,beam_orig3_bm1-s0to100br0-s100to200br1
/work/T-REX/external/Proteina-Complexa/inference/search_binder_local_pipeline_32_PDL1_ALPHA_REPACK_v7_r007_cand_v7r007_hyp_0007_00_001_a92db08c2022c/job_0_n_207_id_30_beam_orig0_bm1-s0to100br1-s100to200br2/job_0_n_207_id_30_beam_orig0_bm1-s0to100br1-s100to200br2.pdb,120,"2,0,13,16,19,16,19,14,11,3,10,18,19,19,6,18,7,15,2,12,16,9,6,4,11,13,14,19,6,11,5,10,3,10,0,0,10,9,19,18,17,6,12,6,3,11,2,9,9,5,13,19,8,7,6,6,3,10,11,19,5,8,15,15,18,1,5,1,0,1,10,10,11,3,5,10,15,10,7,2,0,0,10,5,9,16,3,19,11,10,5,3,0,7,19,18,1,4,12,9,15,18,7,7,0,3,18,11,1,9,16,19,11,19,2,0,11,6,11,10,0,11,6,10,1,6,0,10,6,15,7,3,10,3,6,19,6,11,10,12,1,1,10,11,9,11,13,14,5,6,16,9,3,19,10,11,7,6,15,7,19,16,14,6,0,19,13,15,10,10,5,19,11,3,19,10,11,19,3,3,0,6,13,6,0,10,10,10,11,0,0,15,14,6,7,19,6,2,19,1,6,0,19,11,1,9,7",0.65172756,0.2613225,0.75011134,3.0,0.045446683,122.33237,0.05309741,1.0,0.05309741,0.32829386,0.014077115,0.0,0.0,0.045446683,0.0015486394,0.8487726,0.32829386,9.891277,1.5566872,122.33237,0.65172756,3.7712848,282.06345,0.01372678,0.037795957,1.0,282.06345,0.24988866,0.15122743,9.891277,0.0015486394,0.01442745,0.2613225,0.0,1.5566872,3.7712848,0.01372678,0.51888615,0.0,0.01442745,0.51888615,0.6132858,0.037795957,1.0,0.014077115,lookahead,beam_orig0_bm1-s0to100br1-s100to200br2
/work/T-REX/external/Proteina-Complexa/inference/search_binder_local_pipeline_32_PDL1_ALPHA_REPACK_v7_r007_cand_v7r007_hyp_0007_00_001_a92db08c2022c/job_0_n_196_id_30_beam_orig1_bm1-s0to100br1-s100to200br2/job_0_n_196_id_30_beam_orig1_bm1-s0to100br1-s100to200br2.pdb,121,"2,0,13,16,19,16,19,14,11,3,10,18,19,19,6,18,7,15,2,12,16,9,6,4,11,13,14,19,6,11,5,10,3,10,0,0,10,9,19,18,17,6,12,6,3,11,2,9,9,5,13,19,8,7,6,6,3,10,11,19,5,8,15,15,18,1,5,1,0,1,10,10,11,3,5,10,15,10,7,2,0,0,10,5,9,16,3,19,11,10,5,3,0,7,19,18,1,4,12,9,15,18,7,7,0,3,18,11,1,9,16,19,11,19,2,0,15,10,8,6,0,0,12,0,7,5,3,3,6,19,1,9,10,10,0,2,7,0,3,19,2,0,19,14,15,14,10,8,10,0,0,12,0,7,8,3,6,9,19,11,19,10,10,0,2,7,0,3,19,2,9,5,6,7,7,11,16,14,13,3,9,0,10,3,2,7,2,6,3,9,0,6,9,10,5,11,0,0,0,0,0,0,0,0,0,0,0",0.62169886,0.21303402,0.5880288,3.0,0.12228274,121.10353,0.1318722,1.0,0.1318722,0.2585692,0.0713393,0.0,0.0,0.12228274,0.003215339,0.8471249,0.2585692,17.41228,1.4656371,121.10353,0.62169886,3.1603677,264.55566,0.06760052,0.11269329,1.0,264.55566,0.4119712,0.15287511,17.41228,0.003215339,0.075078085,0.21303402,0.0,1.4656371,3.1603677,0.06760052,0.38262707,0.0,0.075078085,0.38262707,0.698554,0.11269329,1.0,0.0713393,lookahead,beam_orig1_bm1-s0to100br1-s100to200br2
/work/T-REX/external/Proteina-Complexa/inference/search_binder_local_pipeline_32_PDL1_ALPHA_REPACK_v7_r007_cand_v7r007_hyp_0007_00_001_a92db08c2022c/job_0_n_170_id_30_beam_orig2_bm3-s0to100br1-s100to200br2/job_0_n_170_id_30_beam_orig2_bm3-s0to100br1-s100to200br2.pdb,122,"2,0,13,16,19,16,19,14,11,3,10,18,19,19,6,18,7,15,2,12,16,9,6,4,11,13,14,19,6,11,5,10,3,10,0,0,10,9,19,18,17,6,12,6,3,11,2,9,9,5,13,19,8,7,6,6,3,10,11,19,5,8,15,15,18,1,5,1,0,1,10,10,11,3,5,10,15,10,7,2,0,0,10,5,9,16,3,19,11,10,5,3,0,7,19,18,1,4,12,9,15,18,7,7,0,3,18,11,1,9,16,19,11,19,2,0,2,7,8,16,14,10,8,10,0,0,10,0,7,8,10,6,9,19,6,19,10,9,11,8,7,0,3,19,2,0,15,3,11,2,7,10,16,14,13,3,10,0,19,10,0,7,8,6,3,9,19,6,19,10,0,0,0,0,0,0,0,0,0,0,0,0,0,0,0,0,0,0,0,0,0,0,0,0,0,0,0,0,0,0,0,0,0,0,0,0,0",0.6355151,0.2922289,0.74072766,3.0,0.029346604,121.83665,0.034408946,1.0,0.034408946,0.3714517,0.013337415,0.0,0.0,0.029346604,0.0103707565,0.74216163,0.3714517,17.14948,1.4839551,121.83665,0.6355151,3.45397,263.78784,0.011664622,0.02428426,1.0,263.78784,0.25927234,0.25783834,17.14948,0.0103707565,0.015010206,0.2922289,0.0,1.4839551,3.45397,0.011664622,0.50492305,0.0,0.015010206,0.50492305,0.6892723,0.02428426,1.0,0.013337415,lookahead,beam_orig2_bm3-s0to100br1-s100to200br2
/work/T-REX/external/Proteina-Complexa/inference/search_binder_local_pipeline_32_PDL1_ALPHA_REPACK_v7_r007_cand_v7r007_hyp_0007_00_001_a92db08c2022c/job_0_n_191_id_30_beam_orig3_bm1-s0to100br0-s100to200br2/job_0_n_191_id_30_beam_orig3_bm1-s0to100br0-s100to200br2.pdb,123,"2,0,13,16,19,16,19,14,11,3,10,18,19,19,6,18,7,15,2,12,16,9,6,4,11,13,14,19,6,11,5,10,3,10,0,0,10,9,19,18,17,6,12,6,3,11,2,9,9,5,13,19,8,7,6,6,3,10,11,19,5,8,15,15,18,1,5,1,0,1,10,10,11,3,5,10,15,10,7,2,0,0,10,5,9,16,3,19,11,10,5,3,0,7,19,18,1,4,12,9,15,18,7,7,0,3,18,11,1,9,16,19,11,19,2,0,0,14,6,6,10,19,11,6,0,1,6,11,5,1,6,0,13,10,6,9,16,11,11,2,14,15,7,0,19,15,11,18,11,6,0,12,11,9,18,10,11,10,2,2,19,3,6,0,11,11,19,7,11,6,7,10,11,10,10,6,7,16,14,6,0,11,6,10,5,2,13,10,2,15,10,0,0,0,0,0,0,0,0,0,0,0,0,0,0,0,0",0.71280324,0.0477121,0.20226312,3.0,0.57105434,28.09593,0.64576155,1.0,0.64576155,0.12446611,0.57105434,0.0,0.0,0.57105434,0.0015436951,0.9485946,0.12446611,1.565521,1.2870139,28.09593,0.71280324,2.0256681,149.64226,0.49634713,0.49634713,1.0,149.64226,0.7977369,0.051405363,1.565521,0.0015436951,0.64576155,0.0477121,0.0,1.2870139,2.0256681,0.49634713,0.16164578,0.0,0.64576155,0.16164578,0.86833185,0.49634713,1.0,0.57105434,lookahead,beam_orig3_bm1-s0to100br0-s100to200br2
/work/T-REX/external/Proteina-Complexa/inference/search_binder_local_pipeline_32_PDL1_ALPHA_REPACK_v7_r007_cand_v7r007_hyp_0007_00_001_a92db08c2022c/job_0_n_207_id_31_beam_orig0_bm1-s0to100br1-s100to200br3/job_0_n_207_id_31_beam_orig0_bm1-s0to100br1-s100to200br3.pdb,124,"2,0,13,16,19,16,19,14,11,3,10,18,19,19,6,18,7,15,2,12,16,9,6,4,11,13,14,19,6,11,5,10,3,10,0,0,10,9,19,18,17,6,12,6,3,11,2,9,9,5,13,19,8,7,6,6,3,10,11,19,5,8,15,15,18,1,5,1,0,1,10,10,11,3,5,10,15,10,7,2,0,0,10,5,9,16,3,19,11,10,5,3,0,7,19,18,1,4,12,9,15,18,7,7,0,3,18,11,1,9,16,19,11,19,2,0,15,6,6,3,11,6,6,10,11,2,10,10,6,11,7,3,13,11,6,13,3,11,11,0,18,6,10,11,19,10,11,18,6,7,19,10,16,3,18,10,6,7,0,6,0,16,14,6,19,9,13,3,9,10,0,19,10,3,18,10,6,10,11,14,5,6,13,0,3,9,19,0,11,8,11,7,6,6,1,0,5,6,19,10,11,10,19,15,14,3,10",0.6097575,0.22090635,0.6299963,3.0,0.097547725,66.898926,0.10012256,1.0,0.10012256,0.28194678,0.015162775,0.0,0.0,0.097547725,0.0019174415,0.8567134,0.28194678,3.668704,1.6279066,66.898926,0.6097575,3.5281584,232.58217,0.014359038,0.094972886,1.0,232.58217,0.3700037,0.1432866,3.668704,0.0019174415,0.015966512,0.22090635,0.0,1.6279066,3.5281584,0.014359038,0.4327847,0.0,0.015966512,0.4327847,0.6620129,0.094972886,1.0,0.015162775,lookahead,beam_orig0_bm1-s0to100br1-s100to200br3
/work/T-REX/external/Proteina-Complexa/inference/search_binder_local_pipeline_32_PDL1_ALPHA_REPACK_v7_r007_cand_v7r007_hyp_0007_00_001_a92db08c2022c/job_0_n_196_id_31_beam_orig1_bm1-s0to100br1-s100to200br3/job_0_n_196_id_31_beam_orig1_bm1-s0to100br1-s100to200br3.pdb,125,"2,0,13,16,19,16,19,14,11,3,10,18,19,19,6,18,7,15,2,12,16,9,6,4,11,13,14,19,6,11,5,10,3,10,0,0,10,9,19,18,17,6,12,6,3,11,2,9,9,5,13,19,8,7,6,6,3,10,11,19,5,8,15,15,18,1,5,1,0,1,10,10,11,3,5,10,15,10,7,2,0,0,10,5,9,16,3,19,11,10,5,3,0,7,19,18,1,4,12,9,15,18,7,7,0,3,18,11,1,9,16,19,11,19,2,0,16,10,18,6,0,0,13,0,7,3,3,3,11,19,1,10,10,10,11,11,3,0,15,10,0,2,3,14,11,0,10,18,10,0,0,12,7,7,8,6,6,9,19,11,19,10,10,11,18,7,0,3,19,2,0,5,19,7,7,11,16,0,13,3,9,15,10,3,2,11,2,6,3,10,0,6,9,10,5,11,0,0,0,0,0,0,0,0,0,0,0",0.6356537,0.08846078,0.29800797,3.0,0.3928889,122.93133,0.42559507,1.0,0.42559507,0.15012537,0.3928889,0.0,0.0,0.3928889,0.0016356729,0.9183757,0.15012537,19.694914,1.4009956,122.93133,0.6356537,2.4123752,306.18906,0.36018273,0.36018273,1.0,306.18906,0.70199203,0.08162434,19.694914,0.0016356729,0.42559507,0.08846078,0.0,1.4009956,2.4123752,0.36018273,0.20424719,0.0,0.42559507,0.20424719,0.82973355,0.36018273,1.0,0.3928889,lookahead,beam_orig1_bm1-s0to100br1-s100to200br3
/work/T-REX/external/Proteina-Complexa/inference/search_binder_local_pipeline_32_PDL1_ALPHA_REPACK_v7_r007_cand_v7r007_hyp_0007_00_001_a92db08c2022c/job_0_n_170_id_31_beam_orig2_bm3-s0to100br1-s100to200br3/job_0_n_170_id_31_beam_orig2_bm3-s0to100br1-s100to200br3.pdb,126,"2,0,13,16,19,16,19,14,11,3,10,18,19,19,6,18,7,15,2,12,16,9,6,4,11,13,14,19,6,11,5,10,3,10,0,0,10,9,19,18,17,6,12,6,3,11,2,9,9,5,13,19,8,7,6,6,3,10,11,19,5,8,15,15,18,1,5,1,0,1,10,10,11,3,5,10,15,10,7,2,0,0,10,5,9,16,3,19,11,10,5,3,0,7,19,18,1,4,12,9,15,18,7,7,0,3,18,11,1,9,16,19,11,19,2,0,2,7,8,16,14,10,8,10,0,0,10,0,7,8,2,6,9,19,6,19,10,10,11,8,7,0,3,19,2,0,19,3,11,2,7,10,16,14,13,3,10,0,16,10,15,7,8,6,6,9,19,6,9,10,0,0,0,0,0,0,0,0,0,0,0,0,0,0,0,0,0,0,0,0,0,0,0,0,0,0,0,0,0,0,0,0,0,0,0,0,0",0.6443247,0.30091387,0.7428878,3.0,0.030565623,122.0525,0.031877864,1.0,0.031877864,0.3672564,0.012772253,0.0,0.0,0.030565623,0.0079764025,0.7556462,0.3672564,17.103756,1.4868919,122.0525,0.6443247,3.4948227,262.601,0.011906752,0.029253382,1.0,262.601,0.2571122,0.24435376,17.103756,0.0079764025,0.013637752,0.30091387,0.0,1.4868919,3.4948227,0.011906752,0.5005726,0.0,0.013637752,0.5005726,0.6900314,0.029253382,1.0,0.012772253,lookahead,beam_orig2_bm3-s0to100br1-s100to200br3
/work/T-REX/external/Proteina-Complexa/inference/search_binder_local_pipeline_32_PDL1_ALPHA_REPACK_v7_r007_cand_v7r007_hyp_0007_00_001_a92db08c2022c/job_0_n_191_id_31_beam_orig3_bm1-s0to100br0-s100to200br3/job_0_n_191_id_31_beam_orig3_bm1-s0to100br0-s100to200br3.pdb,127,"2,0,13,16,19,16,19,14,11,3,10,18,19,19,6,18,7,15,2,12,16,9,6,4,11,13,14,19,6,11,5,10,3,10,0,0,10,9,19,18,17,6,12,6,3,11,2,9,9,5,13,19,8,7,6,6,3,10,11,19,5,8,15,15,18,1,5,1,0,1,10,10,11,3,5,10,15,10,7,2,0,0,10,5,9,16,3,19,11,10,5,3,0,7,19,18,1,4,12,9,15,18,7,7,0,3,18,11,1,9,16,19,11,19,2,0,15,6,6,6,10,11,6,5,0,10,6,11,11,1,6,0,13,11,5,9,16,5,2,2,14,15,7,0,19,11,3,18,10,6,0,9,11,9,18,6,6,10,3,2,14,19,6,0,6,11,10,0,11,6,7,10,11,13,10,6,7,16,6,6,0,11,6,10,5,6,19,10,2,11,10,0,0,0,0,0,0,0,0,0,0,0,0,0,0,0,0",0.61350787,0.33467603,0.77568454,3.0,0.0182033,119.02356,0.02272665,1.0,0.02272665,0.37332988,0.0064359414,0.0,0.0,0.0182033,0.002326416,0.83520806,0.37332988,25.001392,1.3932614,119.02356,0.61350787,3.7864263,207.70183,0.0,0.0136799505,1.0,207.70183,0.22431545,0.16479194,25.001392,0.002326416,0.012871883,0.33467603,0.0,1.3932614,3.7864263,0.0,0.5682222,0.0,0.012871883,0.5682222,0.6287791,0.0136799505,1.0,0.0064359414,lookahead,beam_orig3_bm1-s0to100br0-s100to200br3
/work/T-REX/external/Proteina-Complexa/inference/search_binder_local_pipeline_32_PDL1_ALPHA_REPACK_v7_r007_cand_v7r007_hyp_0007_00_001_a92db08c2022c/job_0_n_207_id_32_beam_orig0_bm0-s0to100br0-s100to200br2-s200to300br0/job_0_n_207_id_32_beam_orig0_bm0-s0to100br0-s100to200br2-s200to300br0.pdb,128,"2,0,13,16,19,16,19,14,11,3,10,18,19,19,6,18,7,15,2,12,16,9,6,4,11,13,14,19,6,11,5,10,3,10,0,0,10,9,19,18,17,6,12,6,3,11,2,9,9,5,13,19,8,7,6,6,3,10,11,19,5,8,15,15,18,1,5,1,0,1,10,10,11,3,5,10,15,10,7,2,0,0,10,5,9,16,3,19,11,10,5,3,0,7,19,18,1,4,12,9,15,18,7,7,0,3,18,11,1,9,16,19,11,19,2,0,15,11,6,0,11,19,2,6,0,10,11,2,4,11,3,0,15,3,18,9,11,11,7,3,13,6,11,0,6,6,11,10,3,11,0,6,11,9,0,6,6,9,3,3,14,1,19,8,11,0,10,0,11,0,18,0,3,0,0,1,13,18,12,6,11,7,3,13,11,11,0,7,11,18,10,3,11,18,11,11,18,0,15,11,0,3,3,15,9,6,10",0.6481183,0.29021472,0.7865329,3.0,0.032155164,119.26805,0.04084515,1.0,0.04084515,0.36650416,0.01340194,0.0,0.0,0.032155164,0.022925781,0.8111594,0.36650416,15.85899,1.4307317,119.26805,0.6481183,3.9238565,228.21828,0.01207536,0.023465175,1.0,228.21828,0.21346715,0.18884064,15.85899,0.022925781,0.01472852,0.29021472,0.0,1.4307317,3.9238565,0.01207536,0.56383616,0.0,0.01472852,0.56383616,0.5944571,0.023465175,1.0,0.01340194,lookahead,beam_orig0_bm0-s0to100br0-s100to200br2-s200to300br0
/work/T-REX/external/Proteina-Complexa/inference/search_binder_local_pipeline_32_PDL1_ALPHA_REPACK_v7_r007_cand_v7r007_hyp_0007_00_001_a92db08c2022c/job_0_n_196_id_32_beam_orig1_bm3-s0to100br3-s100to200br1-s200to300br0/job_0_n_196_id_32_beam_orig1_bm3-s0to100br3-s100to200br1-s200to300br0.pdb,129,"2,0,13,16,19,16,19,14,11,3,10,18,19,19,6,18,7,15,2,12,16,9,6,4,11,13,14,19,6,11,5,10,3,10,0,0,10,9,19,18,17,6,12,6,3,11,2,9,9,5,13,19,8,7,6,6,3,10,11,19,5,8,15,15,18,1,5,1,0,1,10,10,11,3,5,10,15,10,7,2,0,0,10,5,9,16,3,19,11,10,5,3,0,7,19,18,1,4,12,9,15,18,7,7,0,3,18,11,1,9,16,19,11,19,2,0,2,10,6,3,10,0,9,2,9,0,15,6,3,14,0,19,5,10,11,7,9,10,6,10,0,6,5,0,16,15,3,15,10,18,5,13,10,19,5,5,11,11,9,16,5,19,12,0,3,3,10,9,0,11,0,11,6,6,11,19,14,6,10,15,3,6,6,6,5,11,9,10,5,9,10,11,6,11,10,0,0,0,0,0,0,0,0,0,0,0,0",0.63043237,0.062053528,0.21976912,3.0,0.5020134,63.048687,0.5771875,1.0,0.5771875,0.15927856,0.5020134,0.0,0.0,0.5020134,0.002435021,0.8742484,0.15927856,3.569234,1.8375282,63.048687,0.63043237,2.7097785,196.70685,0.42683926,0.42683926,1.0,196.70685,0.7802309,0.1257516,3.569234,0.002435021,0.5771875,0.062053528,0.0,1.8375282,2.7097785,0.42683926,0.20123467,0.0,0.5771875,0.20123467,0.84578145,0.42683926,1.0,0.5020134,lookahead,beam_orig1_bm3-s0to100br3-s100to200br1-s200to300br0
/work/T-REX/external/Proteina-Complexa/inference/search_binder_local_pipeline_32_PDL1_ALPHA_REPACK_v7_r007_cand_v7r007_hyp_0007_00_001_a92db08c2022c/job_0_n_170_id_32_beam_orig2_bm0-s0to100br1-s100to200br2-s200to300br0/job_0_n_170_id_32_beam_orig2_bm0-s0to100br1-s100to200br2-s200to300br0.pdb,130,"2,0,13,16,19,16,19,14,11,3,10,18,19,19,6,18,7,15,2,12,16,9,6,4,11,13,14,19,6,11,5,10,3,10,0,0,10,9,19,18,17,6,12,6,3,11,2,9,9,5,13,19,8,7,6,6,3,10,11,19,5,8,15,15,18,1,5,1,0,1,10,10,11,3,5,10,15,10,7,2,0,0,10,5,9,16,3,19,11,10,5,3,0,7,19,18,1,4,12,9,15,18,7,7,0,3,18,11,1,9,16,19,11,19,2,0,0,15,6,6,3,10,0,8,10,1,5,9,19,6,2,18,11,6,10,13,6,5,0,11,2,0,7,0,14,0,3,11,10,0,3,18,6,11,5,10,11,0,0,5,6,12,10,3,16,5,9,11,18,7,0,0,0,0,0,0,0,0,0,0,0,0,0,0,0,0,0,0,0,0,0,0,0,0,0,0,0,0,0,0,0,0,0,0,0,0,0",0.5901237,0.072360545,0.29777056,3.0,0.3635129,35.688545,0.48254588,1.0,0.48254588,0.18237004,0.3635129,0.0,0.0,0.3635129,0.004744619,0.87609845,0.18237004,3.2059414,1.740847,35.688545,0.5901237,2.4468718,158.10709,0.24447994,0.24447994,1.0,158.10709,0.70222944,0.123901546,3.2059414,0.004744619,0.48254588,0.072360545,0.0,1.740847,2.4468718,0.24447994,0.22004503,0.0,0.48254588,0.22004503,0.833806,0.24447994,1.0,0.3635129,lookahead,beam_orig2_bm0-s0to100br1-s100to200br2-s200to300br0
/work/T-REX/external/Proteina-Complexa/inference/search_binder_local_pipeline_32_PDL1_ALPHA_REPACK_v7_r007_cand_v7r007_hyp_0007_00_001_a92db08c2022c/job_0_n_191_id_32_beam_orig3_bm1-s0to100br0-s100to200br2-s200to300br0/job_0_n_191_id_32_beam_orig3_bm1-s0to100br0-s100to200br2-s200to300br0.pdb,131,"2,0,13,16,19,16,19,14,11,3,10,18,19,19,6,18,7,15,2,12,16,9,6,4,11,13,14,19,6,11,5,10,3,10,0,0,10,9,19,18,17,6,12,6,3,11,2,9,9,5,13,19,8,7,6,6,3,10,11,19,5,8,15,15,18,1,5,1,0,1,10,10,11,3,5,10,15,10,7,2,0,0,10,5,9,16,3,19,11,10,5,3,0,7,19,18,1,4,12,9,15,18,7,7,0,3,18,11,1,9,16,19,11,19,2,0,15,3,6,6,10,19,11,10,0,11,10,11,5,1,6,0,13,10,6,19,16,11,11,2,14,15,7,0,19,11,11,18,11,6,0,9,11,9,18,10,5,10,2,2,14,3,6,0,6,11,19,7,11,6,7,10,11,10,10,6,7,16,6,6,0,11,6,10,5,6,13,10,3,15,10,0,0,0,0,0,0,0,0,0,0,0,0,0,0,0,0",0.7355913,0.043856505,0.17995006,3.0,0.61696345,31.657597,0.695237,1.0,0.695237,0.11646874,0.61696345,0.0,0.0,0.61696345,0.0016717322,0.9553319,0.11646874,1.8385843,1.2387258,31.657597,0.7355913,1.93937,151.74086,0.5386899,0.5386899,1.0,151.74086,0.82004994,0.044668056,1.8385843,0.0016717322,0.695237,0.043856505,0.0,1.2387258,1.93937,0.5386899,0.15129726,0.0,0.695237,0.15129726,0.87565774,0.5386899,1.0,0.61696345,lookahead,beam_orig3_bm1-s0to100br0-s100to200br2-s200to300br0
/work/T-REX/external/Proteina-Complexa/inference/search_binder_local_pipeline_32_PDL1_ALPHA_REPACK_v7_r007_cand_v7r007_hyp_0007_00_001_a92db08c2022c/job_0_n_207_id_33_beam_orig0_bm0-s0to100br0-s100to200br2-s200to300br1/job_0_n_207_id_33_beam_orig0_bm0-s0to100br0-s100to200br2-s200to300br1.pdb,132,"2,0,13,16,19,16,19,14,11,3,10,18,19,19,6,18,7,15,2,12,16,9,6,4,11,13,14,19,6,11,5,10,3,10,0,0,10,9,19,18,17,6,12,6,3,11,2,9,9,5,13,19,8,7,6,6,3,10,11,19,5,8,15,15,18,1,5,1,0,1,10,10,11,3,5,10,15,10,7,2,0,0,10,5,9,16,3,19,11,10,5,3,0,7,19,18,1,4,12,9,15,18,7,7,0,3,18,11,1,9,16,19,11,19,2,0,15,6,6,7,11,0,10,6,0,9,0,18,0,2,10,0,2,9,18,19,11,5,7,2,10,6,6,0,6,11,2,10,11,11,0,6,6,9,0,2,6,16,11,3,14,1,0,17,11,0,10,0,1,0,18,15,2,19,0,1,18,18,12,6,11,7,2,13,11,6,0,7,11,0,10,3,6,18,11,11,0,15,6,11,0,3,6,15,9,11,9",0.6033298,0.31398192,0.77137697,3.0,0.025436321,131.80917,0.027034685,1.0,0.027034685,0.36300975,0.011488611,0.0,0.0,0.025436321,0.0068963734,0.84402424,0.36300975,28.667297,1.358903,131.80917,0.6033298,3.8367753,253.41948,0.011263879,0.023837958,1.0,253.41948,0.22862306,0.15597576,28.667297,0.0068963734,0.011713343,0.31398192,0.0,1.358903,3.8367753,0.011263879,0.57917196,0.0,0.011713343,0.57917196,0.6023015,0.023837958,1.0,0.011488611,lookahead,beam_orig0_bm0-s0to100br0-s100to200br2-s200to300br1
/work/T-REX/external/Proteina-Complexa/inference/search_binder_local_pipeline_32_PDL1_ALPHA_REPACK_v7_r007_cand_v7r007_hyp_0007_00_001_a92db08c2022c/job_0_n_196_id_33_beam_orig1_bm3-s0to100br3-s100to200br1-s200to300br1/job_0_n_196_id_33_beam_orig1_bm3-s0to100br3-s100to200br1-s200to300br1.pdb,133,"2,0,13,16,19,16,19,14,11,3,10,18,19,19,6,18,7,15,2,12,16,9,6,4,11,13,14,19,6,11,5,10,3,10,0,0,10,9,19,18,17,6,12,6,3,11,2,9,9,5,13,19,8,7,6,6,3,10,11,19,5,8,15,15,18,1,5,1,0,1,10,10,11,3,5,10,15,10,7,2,0,0,10,5,9,16,3,19,11,10,5,3,0,7,19,18,1,4,12,9,15,18,7,7,0,3,18,11,1,9,16,19,11,19,2,0,15,10,6,3,10,0,9,2,4,4,15,6,3,14,0,19,5,10,11,0,19,10,6,10,0,6,5,19,16,15,3,15,10,13,5,6,10,19,11,10,7,11,9,16,5,6,5,0,3,15,10,9,0,11,15,11,6,5,7,11,14,6,10,15,15,3,16,6,0,11,10,10,3,9,9,1,11,11,15,0,0,0,0,0,0,0,0,0,0,0,0",0.65045846,0.059631698,0.2207309,3.0,0.5062903,48.783875,0.5817242,1.0,0.5817242,0.14243895,0.5062903,0.0,0.0,0.5062903,0.002200871,0.9189609,0.14243895,2.241653,1.4956331,48.783875,0.65045846,2.6974099,163.91104,0.43085644,0.43085644,1.0,163.91104,0.7792691,0.08103906,2.241653,0.002200871,0.5817242,0.059631698,0.0,1.4956331,2.6974099,0.43085644,0.18692824,0.0,0.5817242,0.18692824,0.8503639,0.43085644,1.0,0.5062903,lookahead,beam_orig1_bm3-s0to100br3-s100to200br1-s200to300br1
/work/T-REX/external/Proteina-Complexa/inference/search_binder_local_pipeline_32_PDL1_ALPHA_REPACK_v7_r007_cand_v7r007_hyp_0007_00_001_a92db08c2022c/job_0_n_170_id_33_beam_orig2_bm0-s0to100br1-s100to200br2-s200to300br1/job_0_n_170_id_33_beam_orig2_bm0-s0to100br1-s100to200br2-s200to300br1.pdb,134,"2,0,13,16,19,16,19,14,11,3,10,18,19,19,6,18,7,15,2,12,16,9,6,4,11,13,14,19,6,11,5,10,3,10,0,0,10,9,19,18,17,6,12,6,3,11,2,9,9,5,13,19,8,7,6,6,3,10,11,19,5,8,15,15,18,1,5,1,0,1,10,10,11,3,5,10,15,10,7,2,0,0,10,5,9,16,3,19,11,10,5,3,0,7,19,18,1,4,12,9,15,18,7,7,0,3,18,11,1,9,16,19,11,19,2,0,0,15,6,6,3,9,10,8,10,16,1,9,19,6,2,18,11,6,5,13,5,5,0,11,3,0,7,0,3,3,3,16,10,19,3,18,6,11,5,10,11,0,0,5,6,12,10,3,5,19,19,11,8,5,0,0,0,0,0,0,0,0,0,0,0,0,0,0,0,0,0,0,0,0,0,0,0,0,0,0,0,0,0,0,0,0,0,0,0,0,0",0.6675581,0.27030584,0.7497724,3.0,0.04168894,118.08208,0.061156828,1.0,0.061156828,0.37411693,0.013644112,0.0,0.0,0.04168894,0.008580511,0.70873654,0.37411693,27.32415,1.96477,118.08208,0.6675581,3.6268604,233.7095,0.013044252,0.022221059,1.0,233.7095,0.25022757,0.2912635,27.32415,0.008580511,0.014243973,0.27030584,0.0,1.96477,3.6268604,0.013044252,0.49878943,0.0,0.014243973,0.49878943,0.68252635,0.022221059,1.0,0.013644112,lookahead,beam_orig2_bm0-s0to100br1-s100to200br2-s200to300br1
/work/T-REX/external/Proteina-Complexa/inference/search_binder_local_pipeline_32_PDL1_ALPHA_REPACK_v7_r007_cand_v7r007_hyp_0007_00_001_a92db08c2022c/job_0_n_191_id_33_beam_orig3_bm1-s0to100br0-s100to200br2-s200to300br1/job_0_n_191_id_33_beam_orig3_bm1-s0to100br0-s100to200br2-s200to300br1.pdb,135,"2,0,13,16,19,16,19,14,11,3,10,18,19,19,6,18,7,15,2,12,16,9,6,4,11,13,14,19,6,11,5,10,3,10,0,0,10,9,19,18,17,6,12,6,3,11,2,9,9,5,13,19,8,7,6,6,3,10,11,19,5,8,15,15,18,1,5,1,0,1,10,10,11,3,5,10,15,10,7,2,0,0,10,5,9,16,3,19,11,10,5,3,0,7,19,18,1,4,12,9,15,18,7,7,0,3,18,11,1,9,16,19,11,19,2,0,15,14,6,6,10,11,0,10,0,1,5,11,5,1,6,0,13,6,6,9,16,11,11,2,14,15,7,0,19,15,11,18,11,6,0,9,11,9,18,10,10,10,11,2,14,3,6,0,6,11,19,7,11,6,7,10,11,10,10,6,7,16,6,6,0,11,6,10,5,6,13,10,2,15,10,0,0,0,0,0,0,0,0,0,0,0,0,0,0,0,0",0.6180558,0.2316405,0.6549697,3.0,0.07873382,123.544266,0.087976635,1.0,0.087976635,0.29578567,0.01470427,0.0,0.0,0.07873382,0.0010702729,0.7578871,0.29578567,7.7036004,1.3318526,123.544266,0.6180558,3.3023808,224.40996,0.014346489,0.06949101,1.0,224.40996,0.3450303,0.24211285,7.7036004,0.0010702729,0.015062053,0.2316405,0.0,1.3318526,3.3023808,0.014346489,0.44313252,0.0,0.015062053,0.44313252,0.6754924,0.06949101,1.0,0.01470427,lookahead,beam_orig3_bm1-s0to100br0-s100to200br2-s200to300br1
/work/T-REX/external/Proteina-Complexa/inference/search_binder_local_pipeline_32_PDL1_ALPHA_REPACK_v7_r007_cand_v7r007_hyp_0007_00_001_a92db08c2022c/job_0_n_207_id_34_beam_orig0_bm0-s0to100br0-s100to200br2-s200to300br2/job_0_n_207_id_34_beam_orig0_bm0-s0to100br0-s100to200br2-s200to300br2.pdb,136,"2,0,13,16,19,16,19,14,11,3,10,18,19,19,6,18,7,15,2,12,16,9,6,4,11,13,14,19,6,11,5,10,3,10,0,0,10,9,19,18,17,6,12,6,3,11,2,9,9,5,13,19,8,7,6,6,3,10,11,19,5,8,15,15,18,1,5,1,0,1,10,10,11,3,5,10,15,10,7,2,0,0,10,5,9,16,3,19,11,10,5,3,0,7,19,18,1,4,12,9,15,18,7,7,0,3,18,11,1,9,16,19,11,19,2,0,15,11,6,3,11,19,10,6,0,9,0,10,0,8,1,0,19,10,11,0,11,11,7,2,13,5,7,0,6,6,3,10,11,6,0,6,11,9,0,2,6,19,2,3,14,1,19,8,11,0,10,0,3,0,18,15,6,19,0,1,9,18,12,6,11,7,2,13,11,6,0,7,11,0,10,3,6,18,11,11,0,15,6,11,0,3,18,15,10,14,10",0.66319036,0.05967959,0.23334527,3.0,0.5180474,72.74409,0.5701657,1.0,0.5701657,0.15740485,0.5180474,0.0,0.0,0.5180474,0.008088836,0.91443723,0.15740485,6.357004,1.4176857,72.74409,0.66319036,2.662228,175.7931,0.46592906,0.46592906,1.0,175.7931,0.76665473,0.08556278,6.357004,0.008088836,0.5701657,0.05967959,0.0,1.4176857,2.662228,0.46592906,0.20487496,0.0,0.5701657,0.20487496,0.8354701,0.46592906,1.0,0.5180474,lookahead,beam_orig0_bm0-s0to100br0-s100to200br2-s200to300br2
/work/T-REX/external/Proteina-Complexa/inference/search_binder_local_pipeline_32_PDL1_ALPHA_REPACK_v7_r007_cand_v7r007_hyp_0007_00_001_a92db08c2022c/job_0_n_196_id_34_beam_orig1_bm3-s0to100br3-s100to200br1-s200to300br2/job_0_n_196_id_34_beam_orig1_bm3-s0to100br3-s100to200br1-s200to300br2.pdb,137,"2,0,13,16,19,16,19,14,11,3,10,18,19,19,6,18,7,15,2,12,16,9,6,4,11,13,14,19,6,11,5,10,3,10,0,0,10,9,19,18,17,6,12,6,3,11,2,9,9,5,13,19,8,7,6,6,3,10,11,19,5,8,15,15,18,1,5,1,0,1,10,10,11,3,5,10,15,10,7,2,0,0,10,5,9,16,3,19,11,10,5,3,0,7,19,18,1,4,12,9,15,18,7,7,0,3,18,11,1,9,16,19,11,19,2,0,2,10,19,6,10,0,6,2,4,0,15,6,3,3,0,19,1,10,11,0,9,10,6,10,15,6,6,19,19,15,6,11,10,18,5,6,10,19,11,10,2,10,9,16,5,6,12,0,3,15,10,9,0,11,0,11,6,11,7,11,14,6,10,15,14,3,10,6,6,11,10,9,11,9,9,11,2,11,11,11,0,0,0,0,0,0,0,0,0,0,0",0.7029208,0.04784591,0.1865133,3.0,0.5911753,37.97729,0.6603319,1.0,0.6603319,0.13197418,0.5911753,0.0,0.0,0.5911753,0.0030747221,0.92366153,0.13197418,1.9946605,1.5172395,37.97729,0.7029208,2.5479093,160.74095,0.5220188,0.5220188,1.0,160.74095,0.8134867,0.07633848,1.9946605,0.0030747221,0.6603319,0.04784591,0.0,1.5172395,2.5479093,0.5220188,0.16802451,0.0,0.6603319,0.16802451,0.8687104,0.5220188,1.0,0.5911753,lookahead,beam_orig1_bm3-s0to100br3-s100to200br1-s200to300br2
/work/T-REX/external/Proteina-Complexa/inference/search_binder_local_pipeline_32_PDL1_ALPHA_REPACK_v7_r007_cand_v7r007_hyp_0007_00_001_a92db08c2022c/job_0_n_170_id_34_beam_orig2_bm0-s0to100br1-s100to200br2-s200to300br2/job_0_n_170_id_34_beam_orig2_bm0-s0to100br1-s100to200br2-s200to300br2.pdb,138,"2,0,13,16,19,16,19,14,11,3,10,18,19,19,6,18,7,15,2,12,16,9,6,4,11,13,14,19,6,11,5,10,3,10,0,0,10,9,19,18,17,6,12,6,3,11,2,9,9,5,13,19,8,7,6,6,3,10,11,19,5,8,15,15,18,1,5,1,0,1,10,10,11,3,5,10,15,10,7,2,0,0,10,5,9,16,3,19,11,10,5,3,0,7,19,18,1,4,12,9,15,18,7,7,0,3,18,11,1,9,16,19,11,19,2,0,19,15,6,6,3,10,6,8,10,1,5,9,19,6,2,18,11,6,10,13,5,5,0,11,3,0,7,0,14,0,3,11,10,19,3,18,6,11,5,10,1,2,8,6,3,13,18,2,16,18,11,0,10,7,0,0,0,0,0,0,0,0,0,0,0,0,0,0,0,0,0,0,0,0,0,0,0,0,0,0,0,0,0,0,0,0,0,0,0,0,0",0.6715083,0.26640654,0.7639606,3.0,0.035495706,118.81708,0.053717986,1.0,0.053717986,0.3767156,0.013653461,0.0,0.0,0.035495706,0.0047730515,0.7246902,0.3767156,30.34918,1.7691106,118.81708,0.6715083,3.6322067,223.60075,0.013047263,0.017273426,1.0,223.60075,0.2360394,0.27530977,30.34918,0.0047730515,0.014259659,0.26640654,0.0,1.7691106,3.6322067,0.013047263,0.5099283,0.0,0.014259659,0.5099283,0.6769288,0.017273426,1.0,0.013653461,lookahead,beam_orig2_bm0-s0to100br1-s100to200br2-s200to300br2
/work/T-REX/external/Proteina-Complexa/inference/search_binder_local_pipeline_32_PDL1_ALPHA_REPACK_v7_r007_cand_v7r007_hyp_0007_00_001_a92db08c2022c/job_0_n_191_id_34_beam_orig3_bm1-s0to100br0-s100to200br2-s200to300br2/job_0_n_191_id_34_beam_orig3_bm1-s0to100br0-s100to200br2-s200to300br2.pdb,139,"2,0,13,16,19,16,19,14,11,3,10,18,19,19,6,18,7,15,2,12,16,9,6,4,11,13,14,19,6,11,5,10,3,10,0,0,10,9,19,18,17,6,12,6,3,11,2,9,9,5,13,19,8,7,6,6,3,10,11,19,5,8,15,15,18,1,5,1,0,1,10,10,11,3,5,10,15,10,7,2,0,0,10,5,9,16,3,19,11,10,5,3,0,7,19,18,1,4,12,9,15,18,7,7,0,3,18,11,1,9,16,19,11,19,2,0,15,6,6,6,10,11,0,10,0,1,6,1,5,1,6,0,13,3,6,9,16,11,11,2,14,10,7,0,19,15,11,18,11,6,0,9,11,9,18,10,0,10,2,2,14,3,6,0,6,11,19,7,11,6,7,10,11,10,10,6,7,16,6,5,0,11,6,10,5,5,13,10,3,15,10,0,0,0,0,0,0,0,0,0,0,0,0,0,0,0,0",0.6114488,0.25897524,0.6740674,3.0,0.06407456,118.62366,0.06466452,1.0,0.06466452,0.3087159,0.013654215,0.0,0.0,0.06407456,0.0012591687,0.8511352,0.3087159,24.524845,1.3753686,118.62366,0.6114488,3.4459536,227.20093,0.013582779,0.063484594,1.0,227.20093,0.32593262,0.14886479,24.524845,0.0012591687,0.013725651,0.25897524,0.0,1.3753686,3.4459536,0.013582779,0.46372676,0.0,0.013725651,0.46372676,0.6650741,0.063484594,1.0,0.013654215,lookahead,beam_orig3_bm1-s0to100br0-s100to200br2-s200to300br2
/work/T-REX/external/Proteina-Complexa/inference/search_binder_local_pipeline_32_PDL1_ALPHA_REPACK_v7_r007_cand_v7r007_hyp_0007_00_001_a92db08c2022c/job_0_n_207_id_35_beam_orig0_bm0-s0to100br0-s100to200br2-s200to300br3/job_0_n_207_id_35_beam_orig0_bm0-s0to100br0-s100to200br2-s200to300br3.pdb,140,"2,0,13,16,19,16,19,14,11,3,10,18,19,19,6,18,7,15,2,12,16,9,6,4,11,13,14,19,6,11,5,10,3,10,0,0,10,9,19,18,17,6,12,6,3,11,2,9,9,5,13,19,8,7,6,6,3,10,11,19,5,8,15,15,18,1,5,1,0,1,10,10,11,3,5,10,15,10,7,2,0,0,10,5,9,16,3,19,11,10,5,3,0,7,19,18,1,4,12,9,15,18,7,7,0,3,18,11,1,9,16,19,11,19,2,0,15,11,11,6,11,6,6,6,0,9,5,18,0,11,6,0,9,0,0,0,11,11,7,2,10,6,10,0,6,18,18,10,11,11,0,6,11,9,0,11,6,16,6,15,14,19,0,17,11,0,10,0,16,0,18,15,6,0,0,11,6,0,12,6,11,7,2,13,11,10,0,7,6,18,10,3,11,18,11,6,0,0,6,8,0,3,13,15,9,11,9",0.7061384,0.054788925,0.21954781,3.0,0.5601071,74.113266,0.60436976,1.0,0.60436976,0.13799563,0.5601071,0.0,0.0,0.5601071,0.0055667115,0.9292042,0.13799563,5.901376,1.2844636,74.113266,0.7061384,2.5368454,209.62604,0.5158445,0.5158445,1.0,209.62604,0.7804522,0.07079576,5.901376,0.0055667115,0.60436976,0.054788925,0.0,1.2844636,2.5368454,0.5158445,0.18329045,0.0,0.60436976,0.18329045,0.84468734,0.5158445,1.0,0.5601071,lookahead,beam_orig0_bm0-s0to100br0-s100to200br2-s200to300br3
/work/T-REX/external/Proteina-Complexa/inference/search_binder_local_pipeline_32_PDL1_ALPHA_REPACK_v7_r007_cand_v7r007_hyp_0007_00_001_a92db08c2022c/job_0_n_196_id_35_beam_orig1_bm3-s0to100br3-s100to200br1-s200to300br3/job_0_n_196_id_35_beam_orig1_bm3-s0to100br3-s100to200br1-s200to300br3.pdb,141,"2,0,13,16,19,16,19,14,11,3,10,18,19,19,6,18,7,15,2,12,16,9,6,4,11,13,14,19,6,11,5,10,3,10,0,0,10,9,19,18,17,6,12,6,3,11,2,9,9,5,13,19,8,7,6,6,3,10,11,19,5,8,15,15,18,1,5,1,0,1,10,10,11,3,5,10,15,10,7,2,0,0,10,5,9,16,3,19,11,10,5,3,0,7,19,18,1,4,12,9,15,18,7,7,0,3,18,11,1,9,16,19,11,19,2,0,2,10,6,6,10,19,11,2,4,0,15,6,3,16,0,9,11,10,11,0,19,10,6,10,7,6,5,19,9,15,6,7,10,18,11,6,10,19,11,13,7,10,9,16,5,11,12,0,3,3,10,9,0,11,7,11,6,6,11,11,14,13,10,15,14,6,16,6,5,2,10,9,3,9,10,11,11,11,10,0,0,0,0,0,0,0,0,0,0,0,0",0.69324875,0.05795237,0.21500516,3.0,0.54220057,35.161648,0.60663825,1.0,0.60663825,0.13092478,0.54220057,0.0,0.0,0.54220057,0.001346241,0.93221223,0.13092478,1.7306926,1.5071129,35.161648,0.69324875,2.7020106,148.28653,0.4777629,0.4777629,1.0,148.28653,0.78499484,0.067787774,1.7306926,0.001346241,0.60663825,0.05795237,0.0,1.5071129,2.7020106,0.4777629,0.17145957,0.0,0.60663825,0.17145957,0.85933995,0.4777629,1.0,0.54220057,lookahead,beam_orig1_bm3-s0to100br3-s100to200br1-s200to300br3
/work/T-REX/external/Proteina-Complexa/inference/search_binder_local_pipeline_32_PDL1_ALPHA_REPACK_v7_r007_cand_v7r007_hyp_0007_00_001_a92db08c2022c/job_0_n_170_id_35_beam_orig2_bm0-s0to100br1-s100to200br2-s200to300br3/job_0_n_170_id_35_beam_orig2_bm0-s0to100br1-s100to200br2-s200to300br3.pdb,142,"2,0,13,16,19,16,19,14,11,3,10,18,19,19,6,18,7,15,2,12,16,9,6,4,11,13,14,19,6,11,5,10,3,10,0,0,10,9,19,18,17,6,12,6,3,11,2,9,9,5,13,19,8,7,6,6,3,10,11,19,5,8,15,15,18,1,5,1,0,1,10,10,11,3,5,10,15,10,7,2,0,0,10,5,9,16,3,19,11,10,5,3,0,7,19,18,1,4,12,9,15,18,7,7,0,3,18,11,1,9,16,19,11,19,2,0,15,15,6,6,3,9,6,8,5,1,1,9,19,6,2,18,11,6,10,13,6,5,0,11,11,0,7,11,14,0,3,16,10,2,2,18,6,11,5,10,1,2,8,5,15,13,10,3,5,10,19,11,10,15,0,0,0,0,0,0,0,0,0,0,0,0,0,0,0,0,0,0,0,0,0,0,0,0,0,0,0,0,0,0,0,0,0,0,0,0,0",0.6672551,0.24485987,0.73489666,3.0,0.051541165,116.83641,0.081027135,1.0,0.081027135,0.36172274,0.013438493,0.0,0.0,0.051541165,0.007794868,0.74038446,0.36172274,29.545046,1.7058997,116.83641,0.6672551,3.5739825,224.95291,0.013072108,0.022055192,1.0,224.95291,0.26510337,0.25961557,29.545046,0.007794868,0.013804879,0.24485987,0.0,1.7058997,3.5739825,0.013072108,0.48663107,0.0,0.013804879,0.48663107,0.68353623,0.022055192,1.0,0.013438493,lookahead,beam_orig2_bm0-s0to100br1-s100to200br2-s200to300br3
/work/T-REX/external/Proteina-Complexa/inference/search_binder_local_pipeline_32_PDL1_ALPHA_REPACK_v7_r007_cand_v7r007_hyp_0007_00_001_a92db08c2022c/job_0_n_191_id_35_beam_orig3_bm1-s0to100br0-s100to200br2-s200to300br3/job_0_n_191_id_35_beam_orig3_bm1-s0to100br0-s100to200br2-s200to300br3.pdb,143,"2,0,13,16,19,16,19,14,11,3,10,18,19,19,6,18,7,15,2,12,16,9,6,4,11,13,14,19,6,11,5,10,3,10,0,0,10,9,19,18,17,6,12,6,3,11,2,9,9,5,13,19,8,7,6,6,3,10,11,19,5,8,15,15,18,1,5,1,0,1,10,10,11,3,5,10,15,10,7,2,0,0,10,5,9,16,3,19,11,10,5,3,0,7,19,18,1,4,12,9,15,18,7,7,0,3,18,11,1,9,16,19,11,19,2,0,11,11,6,3,10,19,0,10,0,1,6,11,5,1,6,0,13,10,6,9,16,11,11,2,14,15,7,0,19,15,11,18,11,6,0,12,11,9,18,19,6,10,11,2,0,3,6,0,11,11,19,7,11,6,7,9,11,10,10,6,7,16,6,6,0,11,6,10,11,6,13,10,3,11,10,0,0,0,0,0,0,0,0,0,0,0,0,0,0,0,0",0.7336164,0.045864824,0.19041896,3.0,0.6034075,33.09918,0.67349756,1.0,0.67349756,0.121437676,0.6034075,0.0,0.0,0.6034075,0.001903642,0.94748616,0.121437676,1.9351888,1.3267596,33.09918,0.7336164,1.973221,155.35043,0.53331745,0.53331745,1.0,155.35043,0.80958104,0.052513845,1.9351888,0.001903642,0.67349756,0.045864824,0.0,1.3267596,1.973221,0.53331745,0.15541951,0.0,0.67349756,0.15541951,0.8750626,0.53331745,1.0,0.6034075,lookahead,beam_orig3_bm1-s0to100br0-s100to200br2-s200to300br3
/work/T-REX/external/Proteina-Complexa/inference/search_binder_local_pipeline_32_PDL1_ALPHA_REPACK_v7_r007_cand_v7r007_hyp_0007_00_001_a92db08c2022c/job_0_n_207_id_36_beam_orig0_bm0-s0to100br0-s100to200br3-s200to300br0/job_0_n_207_id_36_beam_orig0_bm0-s0to100br0-s100to200br3-s200to300br0.pdb,144,"2,0,13,16,19,16,19,14,11,3,10,18,19,19,6,18,7,15,2,12,16,9,6,4,11,13,14,19,6,11,5,10,3,10,0,0,10,9,19,18,17,6,12,6,3,11,2,9,9,5,13,19,8,7,6,6,3,10,11,19,5,8,15,15,18,1,5,1,0,1,10,10,11,3,5,10,15,10,7,2,0,0,10,5,9,16,3,19,11,10,5,3,0,7,19,18,1,4,12,9,15,18,7,7,0,3,18,11,1,9,16,19,11,19,2,0,2,11,6,3,15,11,11,6,9,10,1,10,10,6,6,0,11,11,18,9,11,5,7,2,10,3,6,0,6,11,11,10,6,6,0,6,11,10,0,6,6,2,15,10,2,6,10,18,10,3,9,0,2,0,18,3,6,10,0,11,0,18,12,6,11,7,3,13,3,2,0,0,11,0,9,3,11,0,11,11,19,1,15,11,19,11,19,14,14,10,2",0.66501814,0.046726055,0.20054328,3.0,0.56708014,40.081314,0.6246802,1.0,0.6246802,0.1634515,0.5691769,0.0,0.0,0.56708014,0.040897757,0.9166999,0.1634515,3.2964413,1.4140182,40.081314,0.66501814,2.738545,141.72995,0.5136736,0.50948,1.0,141.72995,0.7994567,0.08330012,3.2964413,0.040897757,0.6246802,0.046726055,0.0,1.4140182,2.738545,0.5136736,0.20287694,0.0,0.6246802,0.20287694,0.84388846,0.50948,1.0,0.5691769,lookahead,beam_orig0_bm0-s0to100br0-s100to200br3-s200to300br0
/work/T-REX/external/Proteina-Complexa/inference/search_binder_local_pipeline_32_PDL1_ALPHA_REPACK_v7_r007_cand_v7r007_hyp_0007_00_001_a92db08c2022c/job_0_n_196_id_36_beam_orig1_bm3-s0to100br3-s100to200br2-s200to300br0/job_0_n_196_id_36_beam_orig1_bm3-s0to100br3-s100to200br2-s200to300br0.pdb,145,"2,0,13,16,19,16,19,14,11,3,10,18,19,19,6,18,7,15,2,12,16,9,6,4,11,13,14,19,6,11,5,10,3,10,0,0,10,9,19,18,17,6,12,6,3,11,2,9,9,5,13,19,8,7,6,6,3,10,11,19,5,8,15,15,18,1,5,1,0,1,10,10,11,3,5,10,15,10,7,2,0,0,10,5,9,16,3,19,11,10,5,3,0,7,19,18,1,4,12,9,15,18,7,7,0,3,18,11,1,9,16,19,11,19,2,0,2,10,19,3,9,19,11,3,10,12,15,6,3,14,13,11,5,10,11,0,13,4,2,10,11,3,10,6,10,15,19,6,12,19,3,6,9,15,11,19,15,11,10,16,5,6,5,9,3,16,10,1,6,8,4,11,2,9,16,2,14,11,18,16,19,3,5,19,11,6,0,9,6,11,0,10,11,6,11,0,0,0,0,0,0,0,0,0,0,0,0",0.68538684,0.04875806,0.20617867,3.0,0.5649448,41.748825,0.647817,1.0,0.647817,0.14942284,0.5649448,0.0,0.0,0.5649448,0.0026555115,0.9048526,0.14942284,2.3160477,1.6865727,41.748825,0.68538684,2.7983685,178.51173,0.48207256,0.48207256,1.0,178.51173,0.79382133,0.09514739,2.3160477,0.0026555115,0.647817,0.04875806,0.0,1.6865727,2.7983685,0.48207256,0.18882598,0.0,0.647817,0.18882598,0.8552475,0.48207256,1.0,0.5649448,lookahead,beam_orig1_bm3-s0to100br3-s100to200br2-s200to300br0
/work/T-REX/external/Proteina-Complexa/inference/search_binder_local_pipeline_32_PDL1_ALPHA_REPACK_v7_r007_cand_v7r007_hyp_0007_00_001_a92db08c2022c/job_0_n_170_id_36_beam_orig2_bm0-s0to100br1-s100to200br3-s200to300br0/job_0_n_170_id_36_beam_orig2_bm0-s0to100br1-s100to200br3-s200to300br0.pdb,146,"2,0,13,16,19,16,19,14,11,3,10,18,19,19,6,18,7,15,2,12,16,9,6,4,11,13,14,19,6,11,5,10,3,10,0,0,10,9,19,18,17,6,12,6,3,11,2,9,9,5,13,19,8,7,6,6,3,10,11,19,5,8,15,15,18,1,5,1,0,1,10,10,11,3,5,10,15,10,7,2,0,0,10,5,9,16,3,19,11,10,5,3,0,7,19,18,1,4,12,9,15,18,7,7,0,3,18,11,1,9,16,19,11,19,2,0,15,15,6,6,3,9,6,1,5,1,1,9,19,6,2,18,11,1,10,13,5,6,0,11,3,0,7,11,14,10,3,16,9,2,2,18,6,11,5,10,1,2,8,5,0,13,10,3,5,10,19,11,2,0,0,0,0,0,0,0,0,0,0,0,0,0,0,0,0,0,0,0,0,0,0,0,0,0,0,0,0,0,0,0,0,0,0,0,0,0,0",0.6616232,0.22930206,0.6969965,3.0,0.0685785,117.50365,0.10582221,1.0,0.10582221,0.33525014,0.01704975,0.0,0.0,0.0685785,0.003816288,0.77517766,0.33525014,28.968056,1.5194112,117.50365,0.6616232,3.441428,229.59882,0.01401072,0.031334773,1.0,229.59882,0.3030035,0.22482233,28.968056,0.003816288,0.02008878,0.22930206,0.0,1.5194112,3.441428,0.01401072,0.4524501,0.0,0.02008878,0.4524501,0.69364583,0.031334773,1.0,0.01704975,lookahead,beam_orig2_bm0-s0to100br1-s100to200br3-s200to300br0
/work/T-REX/external/Proteina-Complexa/inference/search_binder_local_pipeline_32_PDL1_ALPHA_REPACK_v7_r007_cand_v7r007_hyp_0007_00_001_a92db08c2022c/job_0_n_191_id_36_beam_orig3_bm0-s0to100br3-s100to200br3-s200to300br0/job_0_n_191_id_36_beam_orig3_bm0-s0to100br3-s100to200br3-s200to300br0.pdb,147,"2,0,13,16,19,16,19,14,11,3,10,18,19,19,6,18,7,15,2,12,16,9,6,4,11,13,14,19,6,11,5,10,3,10,0,0,10,9,19,18,17,6,12,6,3,11,2,9,9,5,13,19,8,7,6,6,3,10,11,19,5,8,15,15,18,1,5,1,0,1,10,10,11,3,5,10,15,10,7,2,0,0,10,5,9,16,3,19,11,10,5,3,0,7,19,18,1,4,12,9,15,18,7,7,0,3,18,11,1,9,16,19,11,19,2,0,12,15,0,3,18,10,2,10,10,7,8,0,18,11,11,6,7,2,10,3,6,0,19,11,4,18,11,1,0,10,6,9,8,5,11,0,7,3,11,2,7,6,0,16,15,10,2,2,10,7,2,19,18,11,3,5,7,2,10,3,6,0,6,11,4,18,1,1,0,10,6,9,11,11,11,0,0,0,0,0,0,0,0,0,0,0,0,0,0,0,0",0.6315884,0.075714186,0.2886622,3.0,0.4074263,54.948826,0.45969766,1.0,0.45969766,0.15591556,0.4074263,0.0,0.0,0.4074263,0.005715446,0.93455154,0.15591556,4.284065,1.310318,54.948826,0.6315884,2.6726775,170.5835,0.35515496,0.35515496,1.0,170.5835,0.7113378,0.06544844,4.284065,0.005715446,0.45969766,0.075714186,0.0,1.310318,2.6726775,0.35515496,0.20883119,0.0,0.45969766,0.20883119,0.82509017,0.35515496,1.0,0.4074263,lookahead,beam_orig3_bm0-s0to100br3-s100to200br3-s200to300br0
/work/T-REX/external/Proteina-Complexa/inference/search_binder_local_pipeline_32_PDL1_ALPHA_REPACK_v7_r007_cand_v7r007_hyp_0007_00_001_a92db08c2022c/job_0_n_207_id_37_beam_orig0_bm0-s0to100br0-s100to200br3-s200to300br1/job_0_n_207_id_37_beam_orig0_bm0-s0to100br0-s100to200br3-s200to300br1.pdb,148,"2,0,13,16,19,16,19,14,11,3,10,18,19,19,6,18,7,15,2,12,16,9,6,4,11,13,14,19,6,11,5,10,3,10,0,0,10,9,19,18,17,6,12,6,3,11,2,9,9,5,13,19,8,7,6,6,3,10,11,19,5,8,15,15,18,1,5,1,0,1,10,10,11,3,5,10,15,10,7,2,0,0,10,5,9,16,3,19,11,10,5,3,0,7,19,18,1,4,12,9,15,18,7,7,0,3,18,11,1,9,16,19,11,19,2,0,15,11,0,6,11,9,2,6,9,2,6,18,10,2,3,0,11,11,8,9,11,6,7,2,10,3,6,0,6,15,0,10,2,11,0,6,11,9,0,6,11,2,7,10,16,3,10,18,7,0,9,0,2,7,18,18,3,10,0,11,0,18,12,6,11,7,3,13,11,11,0,0,6,0,9,3,11,0,11,6,19,0,15,11,0,11,7,6,14,9,9",0.67276555,0.048012707,0.19127476,3.0,0.5822381,50.892498,0.65101117,1.0,0.65101117,0.15910658,0.5849973,0.0,0.0,0.5822381,0.04008561,0.91923547,0.15910658,3.4314466,1.299088,50.892498,0.67276555,2.7738392,163.57797,0.51898336,0.513465,1.0,163.57797,0.80872524,0.080764525,3.4314466,0.04008561,0.65101117,0.048012707,0.0,1.299088,2.7738392,0.51898336,0.19638467,0.0,0.65101117,0.19638467,0.8479334,0.513465,1.0,0.5849973,lookahead,beam_orig0_bm0-s0to100br0-s100to200br3-s200to300br1
/work/T-REX/external/Proteina-Complexa/inference/search_binder_local_pipeline_32_PDL1_ALPHA_REPACK_v7_r007_cand_v7r007_hyp_0007_00_001_a92db08c2022c/job_0_n_196_id_37_beam_orig1_bm3-s0to100br3-s100to200br2-s200to300br1/job_0_n_196_id_37_beam_orig1_bm3-s0to100br3-s100to200br2-s200to300br1.pdb,149,"2,0,13,16,19,16,19,14,11,3,10,18,19,19,6,18,7,15,2,12,16,9,6,4,11,13,14,19,6,11,5,10,3,10,0,0,10,9,19,18,17,6,12,6,3,11,2,9,9,5,13,19,8,7,6,6,3,10,11,19,5,8,15,15,18,1,5,1,0,1,10,10,11,3,5,10,15,10,7,2,0,0,10,5,9,16,3,19,11,10,5,3,0,7,19,18,1,4,12,9,15,18,7,7,0,3,18,11,1,9,16,19,11,19,2,0,15,10,6,3,9,0,11,3,10,10,15,11,3,6,13,11,5,10,11,0,13,4,6,10,11,3,10,6,10,15,12,6,4,19,6,6,9,15,11,18,15,11,10,15,14,5,5,9,6,16,10,11,6,8,4,11,2,19,19,2,14,11,18,16,14,6,5,19,11,0,0,13,6,11,0,11,11,6,10,0,0,0,0,0,0,0,0,0,0,0,0",0.65795076,0.06923354,0.2773046,3.0,0.4554839,48.057377,0.51980704,1.0,0.51980704,0.1652415,0.4554839,0.0,0.0,0.4554839,0.0022711896,0.886089,0.1652415,2.2123592,1.7374791,48.057377,0.65795076,2.8908527,182.23357,0.39116082,0.39116082,1.0,182.23357,0.7226954,0.113910995,2.2123592,0.0022711896,0.51980704,0.06923354,0.0,1.7374791,2.8908527,0.39116082,0.21349007,0.0,0.51980704,0.21349007,0.8283689,0.39116082,1.0,0.4554839,lookahead,beam_orig1_bm3-s0to100br3-s100to200br2-s200to300br1
/work/T-REX/external/Proteina-Complexa/inference/search_binder_local_pipeline_32_PDL1_ALPHA_REPACK_v7_r007_cand_v7r007_hyp_0007_00_001_a92db08c2022c/job_0_n_170_id_37_beam_orig2_bm0-s0to100br1-s100to200br3-s200to300br1/job_0_n_170_id_37_beam_orig2_bm0-s0to100br1-s100to200br3-s200to300br1.pdb,150,"2,0,13,16,19,16,19,14,11,3,10,18,19,19,6,18,7,15,2,12,16,9,6,4,11,13,14,19,6,11,5,10,3,10,0,0,10,9,19,18,17,6,12,6,3,11,2,9,9,5,13,19,8,7,6,6,3,10,11,19,5,8,15,15,18,1,5,1,0,1,10,10,11,3,5,10,15,10,7,2,0,0,10,5,9,16,3,19,11,10,5,3,0,7,19,18,1,4,12,9,15,18,7,7,0,3,18,11,1,9,16,19,11,19,2,0,15,15,6,6,3,9,6,8,5,1,1,9,19,6,2,18,11,1,10,13,6,6,0,11,11,0,7,11,0,10,3,16,10,2,2,18,6,11,5,10,1,2,8,5,0,13,10,3,12,10,19,11,18,7,0,0,0,0,0,0,0,0,0,0,0,0,0,0,0,0,0,0,0,0,0,0,0,0,0,0,0,0,0,0,0,0,0,0,0,0,0",0.6735376,0.24071041,0.7242125,3.0,0.060273945,118.06324,0.093318254,1.0,0.093318254,0.35462114,0.014549123,0.0,0.0,0.060273945,0.0072747315,0.7552372,0.35462114,29.968197,1.7409173,118.06324,0.6735376,3.5622056,230.16756,0.014111456,0.027229635,1.0,230.16756,0.2757875,0.24476281,29.968197,0.0072747315,0.014986791,0.24071041,0.0,1.7409173,3.5622056,0.014111456,0.47305503,0.0,0.014986791,0.47305503,0.68914086,0.027229635,1.0,0.014549123,lookahead,beam_orig2_bm0-s0to100br1-s100to200br3-s200to300br1
/work/T-REX/external/Proteina-Complexa/inference/search_binder_local_pipeline_32_PDL1_ALPHA_REPACK_v7_r007_cand_v7r007_hyp_0007_00_001_a92db08c2022c/job_0_n_191_id_37_beam_orig3_bm0-s0to100br3-s100to200br3-s200to300br1/job_0_n_191_id_37_beam_orig3_bm0-s0to100br3-s100to200br3-s200to300br1.pdb,151,"2,0,13,16,19,16,19,14,11,3,10,18,19,19,6,18,7,15,2,12,16,9,6,4,11,13,14,19,6,11,5,10,3,10,0,0,10,9,19,18,17,6,12,6,3,11,2,9,9,5,13,19,8,7,6,6,3,10,11,19,5,8,15,15,18,1,5,1,0,1,10,10,11,3,5,10,15,10,7,2,0,0,10,5,9,16,3,19,11,10,5,3,0,7,19,18,1,4,12,9,15,18,7,7,0,3,18,11,1,9,16,19,11,19,2,0,12,15,0,3,18,10,2,10,10,7,3,0,18,11,11,6,7,2,10,3,6,0,6,11,4,18,11,1,0,10,6,9,8,5,11,0,2,3,11,2,7,6,0,16,15,10,2,2,10,7,2,19,18,11,3,5,7,2,10,3,6,0,6,11,4,18,1,1,0,10,6,9,11,5,11,0,0,0,0,0,0,0,0,0,0,0,0,0,0,0,0",0.6618564,0.26026958,0.74552226,3.0,0.041562,113.59276,0.042521987,1.0,0.042521987,0.3316689,0.014714934,0.0,0.0,0.041562,0.004698813,0.8613676,0.3316689,10.6589365,1.2877653,113.59276,0.6618564,3.9623456,199.10715,0.013724939,0.040602006,1.0,199.10715,0.25447777,0.1386324,10.6589365,0.004698813,0.015704928,0.26026958,0.0,1.2877653,3.9623456,0.013724939,0.49798897,0.0,0.015704928,0.49798897,0.64291614,0.040602006,1.0,0.014714934,lookahead,beam_orig3_bm0-s0to100br3-s100to200br3-s200to300br1
/work/T-REX/external/Proteina-Complexa/inference/search_binder_local_pipeline_32_PDL1_ALPHA_REPACK_v7_r007_cand_v7r007_hyp_0007_00_001_a92db08c2022c/job_0_n_207_id_38_beam_orig0_bm0-s0to100br0-s100to200br3-s200to300br2/job_0_n_207_id_38_beam_orig0_bm0-s0to100br0-s100to200br3-s200to300br2.pdb,152,"2,0,13,16,19,16,19,14,11,3,10,18,19,19,6,18,7,15,2,12,16,9,6,4,11,13,14,19,6,11,5,10,3,10,0,0,10,9,19,18,17,6,12,6,3,11,2,9,9,5,13,19,8,7,6,6,3,10,11,19,5,8,15,15,18,1,5,1,0,1,10,10,11,3,5,10,15,10,7,2,0,0,10,5,9,16,3,19,11,10,5,3,0,7,19,18,1,4,12,9,15,18,7,7,0,3,18,11,1,9,16,19,11,19,2,0,15,11,3,6,2,9,6,11,9,2,2,10,10,2,6,0,11,6,6,9,11,2,2,2,10,3,7,0,6,11,11,10,2,6,0,10,11,9,0,6,6,2,7,10,16,6,10,18,11,10,9,0,2,2,18,18,10,10,0,11,0,18,12,6,11,7,6,13,3,11,0,0,10,0,9,3,11,0,11,6,19,6,15,11,19,16,19,3,14,19,2",0.6060265,0.05972616,0.2323662,3.0,0.4786722,46.913666,0.5439813,1.0,0.5439813,0.17466423,0.47933644,0.0,0.0,0.4786722,0.043779317,0.9105116,0.17466423,3.7071314,1.3953804,46.913666,0.6060265,2.9243882,158.99008,0.41469154,0.41336313,1.0,158.99008,0.7676338,0.08948842,3.7071314,0.043779317,0.5439813,0.05972616,0.0,1.3953804,2.9243882,0.41469154,0.22119503,0.0,0.5439813,0.22119503,0.82490444,0.41336313,1.0,0.47933644,lookahead,beam_orig0_bm0-s0to100br0-s100to200br3-s200to300br2
/work/T-REX/external/Proteina-Complexa/inference/search_binder_local_pipeline_32_PDL1_ALPHA_REPACK_v7_r007_cand_v7r007_hyp_0007_00_001_a92db08c2022c/job_0_n_196_id_38_beam_orig1_bm3-s0to100br3-s100to200br2-s200to300br2/job_0_n_196_id_38_beam_orig1_bm3-s0to100br3-s100to200br2-s200to300br2.pdb,153,"2,0,13,16,19,16,19,14,11,3,10,18,19,19,6,18,7,15,2,12,16,9,6,4,11,13,14,19,6,11,5,10,3,10,0,0,10,9,19,18,17,6,12,6,3,11,2,9,9,5,13,19,8,7,6,6,3,10,11,19,5,8,15,15,18,1,5,1,0,1,10,10,11,3,5,10,15,10,7,2,0,0,10,5,9,16,3,19,11,10,5,3,0,7,19,18,1,4,12,9,15,18,7,7,0,3,18,11,1,9,16,19,11,19,2,0,2,10,16,3,9,9,9,3,10,12,15,6,3,14,13,11,5,10,11,0,13,4,7,10,11,3,10,6,10,15,10,6,4,19,6,6,10,15,11,19,15,11,10,2,5,19,2,9,3,16,10,1,6,8,4,15,11,9,0,2,14,11,18,16,9,3,6,19,11,0,0,9,6,11,0,11,11,6,11,0,0,0,0,0,0,0,0,0,0,0,0",0.71938586,0.044917025,0.19761175,3.0,0.5978083,41.12367,0.6706032,1.0,0.6706032,0.13915078,0.5978083,0.0,0.0,0.5978083,0.0032474347,0.9219812,0.13915078,2.7155323,1.6128231,41.12367,0.71938586,2.6534245,161.80765,0.5250134,0.5250134,1.0,161.80765,0.80238825,0.07801878,2.7155323,0.0032474347,0.6706032,0.044917025,0.0,1.6128231,2.6534245,0.5250134,0.17484005,0.0,0.6706032,0.17484005,0.8615479,0.5250134,1.0,0.5978083,lookahead,beam_orig1_bm3-s0to100br3-s100to200br2-s200to300br2
/work/T-REX/external/Proteina-Complexa/inference/search_binder_local_pipeline_32_PDL1_ALPHA_REPACK_v7_r007_cand_v7r007_hyp_0007_00_001_a92db08c2022c/job_0_n_170_id_38_beam_orig2_bm0-s0to100br1-s100to200br3-s200to300br2/job_0_n_170_id_38_beam_orig2_bm0-s0to100br1-s100to200br3-s200to300br2.pdb,154,"2,0,13,16,19,16,19,14,11,3,10,18,19,19,6,18,7,15,2,12,16,9,6,4,11,13,14,19,6,11,5,10,3,10,0,0,10,9,19,18,17,6,12,6,3,11,2,9,9,5,13,19,8,7,6,6,3,10,11,19,5,8,15,15,18,1,5,1,0,1,10,10,11,3,5,10,15,10,7,2,0,0,10,5,9,16,3,19,11,10,5,3,0,7,19,18,1,4,12,9,15,18,7,7,0,3,18,11,1,9,16,19,11,19,2,0,15,15,6,6,3,9,6,8,5,1,1,9,19,6,2,18,11,1,17,13,5,6,0,11,3,0,7,0,14,0,3,11,10,6,3,18,6,11,5,10,1,2,8,5,0,13,10,3,5,10,19,11,2,15,0,0,0,0,0,0,0,0,0,0,0,0,0,0,0,0,0,0,0,0,0,0,0,0,0,0,0,0,0,0,0,0,0,0,0,0,0",0.6534415,0.22618668,0.6867372,3.0,0.07187962,117.29713,0.10757866,1.0,0.10757866,0.3336652,0.018118395,0.0,0.0,0.07187962,0.0051231342,0.75798786,0.3336652,29.02573,1.6700411,117.29713,0.6534415,3.4147718,237.75569,0.0141063295,0.036180582,1.0,237.75569,0.31326282,0.24201217,29.02573,0.0051231342,0.02213046,0.22618668,0.0,1.6700411,3.4147718,0.0141063295,0.44854397,0.0,0.02213046,0.44854397,0.6990043,0.036180582,1.0,0.018118395,lookahead,beam_orig2_bm0-s0to100br1-s100to200br3-s200to300br2
/work/T-REX/external/Proteina-Complexa/inference/search_binder_local_pipeline_32_PDL1_ALPHA_REPACK_v7_r007_cand_v7r007_hyp_0007_00_001_a92db08c2022c/job_0_n_191_id_38_beam_orig3_bm0-s0to100br3-s100to200br3-s200to300br2/job_0_n_191_id_38_beam_orig3_bm0-s0to100br3-s100to200br3-s200to300br2.pdb,155,"2,0,13,16,19,16,19,14,11,3,10,18,19,19,6,18,7,15,2,12,16,9,6,4,11,13,14,19,6,11,5,10,3,10,0,0,10,9,19,18,17,6,12,6,3,11,2,9,9,5,13,19,8,7,6,6,3,10,11,19,5,8,15,15,18,1,5,1,0,1,10,10,11,3,5,10,15,10,7,2,0,0,10,5,9,16,3,19,11,10,5,3,0,7,19,18,1,4,12,9,15,18,7,7,0,3,18,11,1,9,16,19,11,19,2,0,12,15,0,3,18,10,2,10,10,7,8,0,18,11,11,3,7,2,10,3,6,0,6,11,4,18,11,1,0,10,6,9,8,5,11,0,7,3,11,2,7,6,0,16,15,10,2,2,10,7,2,19,18,11,3,5,7,2,10,3,6,0,6,11,4,18,11,1,0,10,6,9,11,5,11,0,0,0,0,0,0,0,0,0,0,0,0,0,0,0,0",0.6015024,0.09770938,0.3576253,3.0,0.30637193,45.263466,0.3427604,1.0,0.3427604,0.17466627,0.30637193,0.0,0.0,0.30637193,0.004468514,0.9253516,0.17466627,3.7240436,1.3081847,45.263466,0.6015024,2.841134,156.58142,0.2699834,0.2699834,1.0,156.58142,0.6423747,0.07464839,3.7240436,0.004468514,0.3427604,0.09770938,0.0,1.3081847,2.841134,0.2699834,0.24130753,0.0,0.3427604,0.24130753,0.7966379,0.2699834,1.0,0.30637193,lookahead,beam_orig3_bm0-s0to100br3-s100to200br3-s200to300br2
/work/T-REX/external/Proteina-Complexa/inference/search_binder_local_pipeline_32_PDL1_ALPHA_REPACK_v7_r007_cand_v7r007_hyp_0007_00_001_a92db08c2022c/job_0_n_207_id_39_beam_orig0_bm0-s0to100br0-s100to200br3-s200to300br3/job_0_n_207_id_39_beam_orig0_bm0-s0to100br0-s100to200br3-s200to300br3.pdb,156,"2,0,13,16,19,16,19,14,11,3,10,18,19,19,6,18,7,15,2,12,16,9,6,4,11,13,14,19,6,11,5,10,3,10,0,0,10,9,19,18,17,6,12,6,3,11,2,9,9,5,13,19,8,7,6,6,3,10,11,19,5,8,15,15,18,1,5,1,0,1,10,10,11,3,5,10,15,10,7,2,0,0,10,5,9,16,3,19,11,10,5,3,0,7,19,18,1,4,12,9,15,18,7,7,0,3,18,11,1,9,16,19,11,19,2,0,15,11,11,6,0,6,0,6,9,10,11,18,10,11,6,0,11,6,18,9,11,11,7,2,13,3,6,0,6,11,0,10,2,11,0,10,11,10,0,6,11,2,7,10,16,5,0,18,7,14,9,0,11,0,18,18,3,10,0,11,0,18,12,6,11,7,2,13,3,6,0,0,11,0,9,3,11,0,11,6,19,6,15,11,19,16,7,6,14,10,11",0.6533978,0.054558106,0.21236849,3.0,0.52807295,39.47385,0.58594584,1.0,0.58594584,0.14515817,0.52807295,0.0,0.0,0.52807295,0.009174911,0.9322918,0.14515817,2.2374077,1.2889491,39.47385,0.6533978,2.8336458,149.1735,0.4702001,0.4702001,1.0,149.1735,0.7876315,0.06770819,2.2374077,0.009174911,0.58594584,0.054558106,0.0,1.2889491,2.8336458,0.4702001,0.19322792,0.0,0.58594584,0.19322792,0.8440994,0.4702001,1.0,0.52807295,lookahead,beam_orig0_bm0-s0to100br0-s100to200br3-s200to300br3
/work/T-REX/external/Proteina-Complexa/inference/search_binder_local_pipeline_32_PDL1_ALPHA_REPACK_v7_r007_cand_v7r007_hyp_0007_00_001_a92db08c2022c/job_0_n_196_id_39_beam_orig1_bm3-s0to100br3-s100to200br2-s200to300br3/job_0_n_196_id_39_beam_orig1_bm3-s0to100br3-s100to200br2-s200to300br3.pdb,157,"2,0,13,16,19,16,19,14,11,3,10,18,19,19,6,18,7,15,2,12,16,9,6,4,11,13,14,19,6,11,5,10,3,10,0,0,10,9,19,18,17,6,12,6,3,11,2,9,9,5,13,19,8,7,6,6,3,10,11,19,5,8,15,15,18,1,5,1,0,1,10,10,11,3,5,10,15,10,7,2,0,0,10,5,9,16,3,19,11,10,5,3,0,7,19,18,1,4,12,9,15,18,7,7,0,3,18,11,1,9,16,19,11,19,2,0,2,10,19,3,9,9,19,3,10,12,15,6,3,5,13,11,5,10,11,0,13,4,15,10,11,3,10,6,10,15,10,6,12,19,6,6,9,15,11,19,15,11,10,15,3,15,5,10,5,16,10,11,3,8,4,5,2,9,16,2,14,11,18,16,10,6,5,19,11,11,0,9,6,6,0,11,6,11,11,12,0,0,0,0,0,0,0,0,0,0,0",0.64574635,0.06694935,0.27230352,3.0,0.45603505,44.791943,0.5251625,1.0,0.5251625,0.1730559,0.45603505,0.0,0.0,0.45603505,0.0077274204,0.8772768,0.1730559,2.1092203,1.8010432,44.791943,0.64574635,2.9426396,173.6454,0.38690758,0.38690758,1.0,173.6454,0.7276965,0.122723244,2.1092203,0.0077274204,0.5251625,0.06694935,0.0,1.8010432,2.9426396,0.38690758,0.21874395,0.0,0.5251625,0.21874395,0.82568836,0.38690758,1.0,0.45603505,lookahead,beam_orig1_bm3-s0to100br3-s100to200br2-s200to300br3
/work/T-REX/external/Proteina-Complexa/inference/search_binder_local_pipeline_32_PDL1_ALPHA_REPACK_v7_r007_cand_v7r007_hyp_0007_00_001_a92db08c2022c/job_0_n_170_id_39_beam_orig2_bm0-s0to100br1-s100to200br3-s200to300br3/job_0_n_170_id_39_beam_orig2_bm0-s0to100br1-s100to200br3-s200to300br3.pdb,158,"2,0,13,16,19,16,19,14,11,3,10,18,19,19,6,18,7,15,2,12,16,9,6,4,11,13,14,19,6,11,5,10,3,10,0,0,10,9,19,18,17,6,12,6,3,11,2,9,9,5,13,19,8,7,6,6,3,10,11,19,5,8,15,15,18,1,5,1,0,1,10,10,11,3,5,10,15,10,7,2,0,0,10,5,9,16,3,19,11,10,5,3,0,7,19,18,1,4,12,9,15,18,7,7,0,3,18,11,1,9,16,19,11,19,2,0,15,15,6,6,3,9,6,8,5,1,1,9,19,6,2,18,11,1,17,13,6,6,0,11,0,0,7,11,3,0,3,16,10,2,2,18,6,11,5,10,1,2,8,5,0,13,10,3,12,10,19,11,18,15,0,0,0,0,0,0,0,0,0,0,0,0,0,0,0,0,0,0,0,0,0,0,0,0,0,0,0,0,0,0,0,0,0,0,0,0,0",0.56995463,0.08202963,0.3604641,3.0,0.2793513,115.15726,0.3926512,1.0,0.3926512,0.19777311,0.2793513,0.0,0.0,0.2793513,0.003436252,0.87390554,0.19777311,23.628872,1.6643434,115.15726,0.56995463,2.7335877,257.94467,0.16605142,0.16605142,1.0,257.94467,0.6395359,0.12609445,23.628872,0.003436252,0.3926512,0.08202963,0.0,1.6643434,2.7335877,0.16605142,0.25009283,0.0,0.3926512,0.25009283,0.80767906,0.16605142,1.0,0.2793513,lookahead,beam_orig2_bm0-s0to100br1-s100to200br3-s200to300br3
/work/T-REX/external/Proteina-Complexa/inference/search_binder_local_pipeline_32_PDL1_ALPHA_REPACK_v7_r007_cand_v7r007_hyp_0007_00_001_a92db08c2022c/job_0_n_191_id_39_beam_orig3_bm0-s0to100br3-s100to200br3-s200to300br3/job_0_n_191_id_39_beam_orig3_bm0-s0to100br3-s100to200br3-s200to300br3.pdb,159,"2,0,13,16,19,16,19,14,11,3,10,18,19,19,6,18,7,15,2,12,16,9,6,4,11,13,14,19,6,11,5,10,3,10,0,0,10,9,19,18,17,6,12,6,3,11,2,9,9,5,13,19,8,7,6,6,3,10,11,19,5,8,15,15,18,1,5,1,0,1,10,10,11,3,5,10,15,10,7,2,0,0,10,5,9,16,3,19,11,10,5,3,0,7,19,18,1,4,12,9,15,18,7,7,0,3,18,11,1,9,16,19,11,19,2,0,12,15,0,3,18,10,2,10,10,7,2,0,18,11,11,6,7,2,10,3,6,0,6,11,4,18,11,1,0,10,6,9,8,5,11,0,7,3,11,2,7,6,0,16,15,10,2,2,10,7,2,19,18,11,3,5,7,2,10,3,6,0,6,11,4,18,1,1,0,10,6,9,11,5,11,0,0,0,0,0,0,0,0,0,0,0,0,0,0,0,0",0.6519686,0.263291,0.71762407,3.0,0.05293546,117.17368,0.054093085,1.0,0.054093085,0.319097,0.01434872,0.0,0.0,0.05293546,0.004525147,0.86861306,0.319097,13.438035,1.2916548,117.17368,0.6519686,3.9556284,200.30981,0.013360916,0.05177783,1.0,200.30981,0.28237596,0.13138692,13.438035,0.004525147,0.015336525,0.263291,0.0,1.2916548,3.9556284,0.013360916,0.47740287,0.0,0.015336525,0.47740287,0.65518105,0.05177783,1.0,0.01434872,lookahead,beam_orig3_bm0-s0to100br3-s100to200br3-s200to300br3
/work/T-REX/external/Proteina-Complexa/inference/search_binder_local_pipeline_32_PDL1_ALPHA_REPACK_v7_r007_cand_v7r007_hyp_0007_00_001_a92db08c2022c/job_0_n_207_id_40_beam_orig0_bm0-s0to100br0-s100to200br0-s200to300br0/job_0_n_207_id_40_beam_orig0_bm0-s0to100br0-s100to200br0-s200to300br0.pdb,160,"2,0,13,16,19,16,19,14,11,3,10,18,19,19,6,18,7,15,2,12,16,9,6,4,11,13,14,19,6,11,5,10,3,10,0,0,10,9,19,18,17,6,12,6,3,11,2,9,9,5,13,19,8,7,6,6,3,10,11,19,5,8,15,15,18,1,5,1,0,1,10,10,11,3,5,10,15,10,7,2,0,0,10,5,9,16,3,19,11,10,5,3,0,7,19,18,1,4,12,9,15,18,7,7,0,3,18,11,1,9,16,19,11,19,2,0,16,14,6,6,2,10,0,6,15,5,1,13,0,0,10,0,11,11,6,9,6,11,7,2,13,6,7,0,6,11,2,10,11,11,0,6,6,18,0,11,11,15,7,5,14,6,0,17,4,15,10,0,11,0,18,6,15,0,0,16,6,15,12,11,2,7,2,13,11,11,0,7,6,18,10,3,11,0,11,6,0,11,6,11,0,7,2,0,4,14,0",0.6674123,0.05867894,0.20990157,3.0,0.5373266,77.837654,0.6029241,1.0,0.6029241,0.13598767,0.5373266,0.0,0.0,0.5373266,0.003782907,0.9431939,0.13598767,6.455962,1.2025316,77.837654,0.6674123,2.7438025,186.01999,0.47172907,0.47172907,1.0,186.01999,0.7900984,0.056806084,6.455962,0.003782907,0.6029241,0.05867894,0.0,1.2025316,2.7438025,0.47172907,0.18476665,0.0,0.6029241,0.18476665,0.848188,0.47172907,1.0,0.5373266,lookahead,beam_orig0_bm0-s0to100br0-s100to200br0-s200to300br0
/work/T-REX/external/Proteina-Complexa/inference/search_binder_local_pipeline_32_PDL1_ALPHA_REPACK_v7_r007_cand_v7r007_hyp_0007_00_001_a92db08c2022c/job_0_n_196_id_40_beam_orig1_bm3-s0to100br3-s100to200br0-s200to300br0/job_0_n_196_id_40_beam_orig1_bm3-s0to100br3-s100to200br0-s200to300br0.pdb,161,"2,0,13,16,19,16,19,14,11,3,10,18,19,19,6,18,7,15,2,12,16,9,6,4,11,13,14,19,6,11,5,10,3,10,0,0,10,9,19,18,17,6,12,6,3,11,2,9,9,5,13,19,8,7,6,6,3,10,11,19,5,8,15,15,18,1,5,1,0,1,10,10,11,3,5,10,15,10,7,2,0,0,10,5,9,16,3,19,11,10,5,3,0,7,19,18,1,4,12,9,15,18,7,7,0,3,18,11,1,9,16,19,11,19,2,0,3,10,6,6,9,0,11,7,10,0,15,6,2,6,19,6,5,10,11,0,10,10,11,10,11,3,10,2,10,18,19,11,2,14,6,11,10,15,11,18,16,11,10,14,10,15,16,9,6,0,12,2,11,11,12,6,6,6,7,0,11,14,12,14,6,3,11,6,6,10,10,13,5,10,9,6,13,18,1,0,0,0,0,0,0,0,0,0,0,0,0",0.7056158,0.05012898,0.18495262,3.0,0.59739053,41.624966,0.6722838,1.0,0.6722838,0.13192452,0.59739053,0.0,0.0,0.59739053,0.0019634606,0.9269383,0.13192452,1.9991982,1.5246928,41.624966,0.7056158,2.49277,174.28694,0.5224972,0.5224972,1.0,174.28694,0.8150474,0.07306171,1.9991982,0.0019634606,0.6722838,0.05012898,0.0,1.5246928,2.49277,0.5224972,0.16920365,0.0,0.6722838,0.16920365,0.8710281,0.5224972,1.0,0.59739053,lookahead,beam_orig1_bm3-s0to100br3-s100to200br0-s200to300br0
/work/T-REX/external/Proteina-Complexa/inference/search_binder_local_pipeline_32_PDL1_ALPHA_REPACK_v7_r007_cand_v7r007_hyp_0007_00_001_a92db08c2022c/job_0_n_170_id_40_beam_orig2_bm0-s0to100br1-s100to200br1-s200to300br0/job_0_n_170_id_40_beam_orig2_bm0-s0to100br1-s100to200br1-s200to300br0.pdb,162,"2,0,13,16,19,16,19,14,11,3,10,18,19,19,6,18,7,15,2,12,16,9,6,4,11,13,14,19,6,11,5,10,3,10,0,0,10,9,19,18,17,6,12,6,3,11,2,9,9,5,13,19,8,7,6,6,3,10,11,19,5,8,15,15,18,1,5,1,0,1,10,10,11,3,5,10,15,10,7,2,0,0,10,5,9,16,3,19,11,10,5,3,0,7,19,18,1,4,12,9,15,18,7,7,0,3,18,11,1,9,16,19,11,19,2,0,12,15,3,6,3,9,6,8,10,1,1,9,19,6,2,18,1,11,5,10,6,6,0,5,0,0,7,0,0,14,3,10,9,11,3,9,5,8,2,10,3,11,8,19,0,13,10,3,5,10,19,11,10,1,0,0,0,0,0,0,0,0,0,0,0,0,0,0,0,0,0,0,0,0,0,0,0,0,0,0,0,0,0,0,0,0,0,0,0,0,0",0.6586652,0.2763902,0.7491501,3.0,0.04114869,120.681335,0.060423877,1.0,0.060423877,0.37906408,0.013527558,0.0,0.0,0.04114869,0.0056129894,0.71653855,0.37906408,29.407146,1.8758476,120.681335,0.6586652,3.7093852,228.02002,0.012751947,0.021873502,1.0,228.02002,0.2508499,0.28346142,29.407146,0.0056129894,0.014303169,0.2763902,0.0,1.8758476,3.7093852,0.012751947,0.50620866,0.0,0.014303169,0.50620866,0.6792078,0.021873502,1.0,0.013527558,lookahead,beam_orig2_bm0-s0to100br1-s100to200br1-s200to300br0
/work/T-REX/external/Proteina-Complexa/inference/search_binder_local_pipeline_32_PDL1_ALPHA_REPACK_v7_r007_cand_v7r007_hyp_0007_00_001_a92db08c2022c/job_0_n_191_id_40_beam_orig3_bm2-s0to100br0-s100to200br3-s200to300br0/job_0_n_191_id_40_beam_orig3_bm2-s0to100br0-s100to200br3-s200to300br0.pdb,163,"2,0,13,16,19,16,19,14,11,3,10,18,19,19,6,18,7,15,2,12,16,9,6,4,11,13,14,19,6,11,5,10,3,10,0,0,10,9,19,18,17,6,12,6,3,11,2,9,9,5,13,19,8,7,6,6,3,10,11,19,5,8,15,15,18,1,5,1,0,1,10,10,11,3,5,10,15,10,7,2,0,0,10,5,9,16,3,19,11,10,5,3,0,7,19,18,1,4,12,9,15,18,7,7,0,3,18,11,1,9,16,19,11,19,2,0,15,7,13,5,11,6,2,13,16,19,11,0,7,16,16,10,11,3,9,10,6,3,19,11,11,1,11,14,13,15,11,14,0,13,19,0,13,11,11,2,7,5,14,9,3,16,18,15,0,3,10,2,16,11,10,0,14,7,3,19,19,16,19,16,13,7,15,3,5,17,16,13,16,19,6,0,0,0,0,0,0,0,0,0,0,0,0,0,0,0,0",0.6236011,0.36213526,0.8131608,3.0,0.0064877803,115.49244,0.0065231603,1.0,0.0065231603,0.41881147,0.0,0.0,0.0,0.0064877803,0.0075164028,0.76187414,0.41881147,15.084464,1.8064839,115.49244,0.6236011,4.062727,228.92249,0.0,0.0064524007,1.0,228.92249,0.18683921,0.23812586,15.084464,0.0075164028,0.0,0.36213526,0.0,1.8064839,4.062727,0.0,0.6026278,0.0,0.0,0.6026278,0.61792886,0.0064524007,1.0,0.0,lookahead,beam_orig3_bm2-s0to100br0-s100to200br3-s200to300br0
/work/T-REX/external/Proteina-Complexa/inference/search_binder_local_pipeline_32_PDL1_ALPHA_REPACK_v7_r007_cand_v7r007_hyp_0007_00_001_a92db08c2022c/job_0_n_207_id_41_beam_orig0_bm0-s0to100br0-s100to200br0-s200to300br1/job_0_n_207_id_41_beam_orig0_bm0-s0to100br0-s100to200br0-s200to300br1.pdb,164,"2,0,13,16,19,16,19,14,11,3,10,18,19,19,6,18,7,15,2,12,16,9,6,4,11,13,14,19,6,11,5,10,3,10,0,0,10,9,19,18,17,6,12,6,3,11,2,9,9,5,13,19,8,7,6,6,3,10,11,19,5,8,15,15,18,1,5,1,0,1,10,10,11,3,5,10,15,10,7,2,0,0,10,5,9,16,3,19,11,10,5,3,0,7,19,18,1,4,12,9,15,18,7,7,0,3,18,11,1,9,16,19,11,19,2,0,15,14,6,18,18,10,2,5,15,11,18,18,15,11,2,0,19,11,11,0,11,3,7,3,13,0,7,0,6,11,3,10,3,11,0,6,11,0,0,11,11,15,7,11,14,6,0,17,4,19,10,0,11,0,18,6,3,19,0,11,11,0,12,6,11,7,2,13,11,6,0,7,11,18,9,3,11,0,11,11,0,11,6,11,0,7,2,0,4,14,3",0.65396583,0.06350048,0.23429567,3.0,0.49781322,50.235638,0.56234676,1.0,0.56234676,0.1415163,0.49781322,0.0,0.0,0.49781322,0.006314356,0.9422241,0.1415163,3.0609741,1.1986884,50.235638,0.65396583,2.729092,159.67165,0.4332797,0.4332797,1.0,159.67165,0.76570433,0.057775907,3.0609741,0.006314356,0.56234676,0.06350048,0.0,1.1986884,2.729092,0.4332797,0.19529094,0.0,0.56234676,0.19529094,0.8375831,0.4332797,1.0,0.49781322,lookahead,beam_orig0_bm0-s0to100br0-s100to200br0-s200to300br1
/work/T-REX/external/Proteina-Complexa/inference/search_binder_local_pipeline_32_PDL1_ALPHA_REPACK_v7_r007_cand_v7r007_hyp_0007_00_001_a92db08c2022c/job_0_n_196_id_41_beam_orig1_bm3-s0to100br3-s100to200br0-s200to300br1/job_0_n_196_id_41_beam_orig1_bm3-s0to100br3-s100to200br0-s200to300br1.pdb,165,"2,0,13,16,19,16,19,14,11,3,10,18,19,19,6,18,7,15,2,12,16,9,6,4,11,13,14,19,6,11,5,10,3,10,0,0,10,9,19,18,17,6,12,6,3,11,2,9,9,5,13,19,8,7,6,6,3,10,11,19,5,8,15,15,18,1,5,1,0,1,10,10,11,3,5,10,15,10,7,2,0,0,10,5,9,16,3,19,11,10,5,3,0,7,19,18,1,4,12,9,15,18,7,7,0,3,18,11,1,9,16,19,11,19,2,0,3,9,5,6,9,0,15,10,10,0,15,6,2,6,12,6,5,10,11,7,10,10,1,10,11,3,10,2,10,11,19,11,3,14,6,11,10,0,15,10,16,16,10,11,10,15,16,9,5,15,19,2,10,10,12,5,15,6,7,0,11,10,10,15,3,3,3,6,2,10,9,18,11,10,9,6,11,2,11,0,0,0,0,0,0,0,0,0,0,0,0",0.6456419,0.07849857,0.28898817,3.0,0.42080957,47.00351,0.46254218,1.0,0.46254218,0.1599106,0.42080957,0.0,0.0,0.42080957,0.0021101355,0.89867425,0.1599106,1.1275431,1.6331476,47.00351,0.6456419,2.7011838,171.67552,0.37907696,0.37907696,1.0,171.67552,0.7110118,0.10132574,1.1275431,0.0021101355,0.46254218,0.07849857,0.0,1.6331476,2.7011838,0.37907696,0.20864992,0.0,0.46254218,0.20864992,0.82200766,0.37907696,1.0,0.42080957,lookahead,beam_orig1_bm3-s0to100br3-s100to200br0-s200to300br1
/work/T-REX/external/Proteina-Complexa/inference/search_binder_local_pipeline_32_PDL1_ALPHA_REPACK_v7_r007_cand_v7r007_hyp_0007_00_001_a92db08c2022c/job_0_n_170_id_41_beam_orig2_bm0-s0to100br1-s100to200br1-s200to300br1/job_0_n_170_id_41_beam_orig2_bm0-s0to100br1-s100to200br1-s200to300br1.pdb,166,"2,0,13,16,19,16,19,14,11,3,10,18,19,19,6,18,7,15,2,12,16,9,6,4,11,13,14,19,6,11,5,10,3,10,0,0,10,9,19,18,17,6,12,6,3,11,2,9,9,5,13,19,8,7,6,6,3,10,11,19,5,8,15,15,18,1,5,1,0,1,10,10,11,3,5,10,15,10,7,2,0,0,10,5,9,16,3,19,11,10,5,3,0,7,19,18,1,4,12,9,15,18,7,7,0,3,18,11,1,9,16,19,11,19,2,0,7,15,10,6,15,9,6,8,10,5,1,9,19,6,2,18,11,5,5,10,6,6,0,11,3,0,7,0,14,0,3,1,9,11,3,9,5,8,2,10,3,11,8,5,15,13,10,3,5,18,11,11,10,0,0,0,0,0,0,0,0,0,0,0,0,0,0,0,0,0,0,0,0,0,0,0,0,0,0,0,0,0,0,0,0,0,0,0,0,0,0",0.65609,0.2722464,0.7659867,3.0,0.0330585,116.23141,0.049179237,1.0,0.049179237,0.39513016,0.01370457,0.0,0.0,0.0330585,0.01140133,0.73729575,0.39513016,22.1236,1.7436037,116.23141,0.65609,3.7386458,216.49733,0.013046941,0.01693777,1.0,216.49733,0.23401332,0.26270422,22.1236,0.01140133,0.014362199,0.2722464,0.0,1.7436037,3.7386458,0.013046941,0.52594846,0.0,0.014362199,0.52594846,0.679814,0.01693777,1.0,0.01370457,lookahead,beam_orig2_bm0-s0to100br1-s100to200br1-s200to300br1
/work/T-REX/external/Proteina-Complexa/inference/search_binder_local_pipeline_32_PDL1_ALPHA_REPACK_v7_r007_cand_v7r007_hyp_0007_00_001_a92db08c2022c/job_0_n_191_id_41_beam_orig3_bm2-s0to100br0-s100to200br3-s200to300br1/job_0_n_191_id_41_beam_orig3_bm2-s0to100br0-s100to200br3-s200to300br1.pdb,167,"2,0,13,16,19,16,19,14,11,3,10,18,19,19,6,18,7,15,2,12,16,9,6,4,11,13,14,19,6,11,5,10,3,10,0,0,10,9,19,18,17,6,12,6,3,11,2,9,9,5,13,19,8,7,6,6,3,10,11,19,5,8,15,15,18,1,5,1,0,1,10,10,11,3,5,10,15,10,7,2,0,0,10,5,9,16,3,19,11,10,5,3,0,7,19,18,1,4,12,9,15,18,7,7,0,3,18,11,1,9,16,19,11,19,2,0,0,11,18,11,6,6,2,13,16,19,11,14,7,16,16,10,11,3,9,10,6,3,19,11,11,1,11,14,13,15,11,14,6,13,19,0,13,11,11,2,7,5,14,9,3,16,18,15,0,3,10,2,16,11,10,16,14,7,3,19,19,16,19,16,13,7,15,3,11,13,16,18,16,19,6,0,0,0,0,0,0,0,0,0,0,0,0,0,0,0,0",0.6008057,0.3407576,0.75940967,3.0,0.016868964,105.770584,0.017850766,1.0,0.017850766,0.39254212,0.005450223,0.0,0.0,0.016868964,0.006958105,0.7709219,0.39254212,5.360982,1.8626769,105.770584,0.6008057,3.960145,225.59746,0.0,0.015887164,1.0,225.59746,0.24059036,0.2290781,5.360982,0.006958105,0.010900446,0.3407576,0.0,1.8626769,3.960145,0.0,0.55517775,0.0,0.010900446,0.55517775,0.63783294,0.015887164,1.0,0.005450223,lookahead,beam_orig3_bm2-s0to100br0-s100to200br3-s200to300br1
/work/T-REX/external/Proteina-Complexa/inference/search_binder_local_pipeline_32_PDL1_ALPHA_REPACK_v7_r007_cand_v7r007_hyp_0007_00_001_a92db08c2022c/job_0_n_207_id_42_beam_orig0_bm0-s0to100br0-s100to200br0-s200to300br2/job_0_n_207_id_42_beam_orig0_bm0-s0to100br0-s100to200br0-s200to300br2.pdb,168,"2,0,13,16,19,16,19,14,11,3,10,18,19,19,6,18,7,15,2,12,16,9,6,4,11,13,14,19,6,11,5,10,3,10,0,0,10,9,19,18,17,6,12,6,3,11,2,9,9,5,13,19,8,7,6,6,3,10,11,19,5,8,15,15,18,1,5,1,0,1,10,10,11,3,5,10,15,10,7,2,0,0,10,5,9,16,3,19,11,10,5,3,0,7,19,18,1,4,12,9,15,18,7,7,0,3,18,11,1,9,16,19,11,19,2,0,15,15,3,18,8,18,3,11,16,9,18,18,15,2,11,0,19,11,6,0,11,11,7,2,13,0,5,0,6,11,18,10,6,11,0,6,11,0,0,11,11,15,7,10,14,0,0,17,4,15,10,0,11,0,18,6,15,19,0,11,6,6,12,11,5,7,2,13,3,11,0,7,6,18,10,3,11,0,11,11,0,11,6,11,0,7,3,0,4,14,0",0.6245182,0.06642616,0.22671759,3.0,0.4854783,59.778408,0.55104786,1.0,0.55104786,0.14471811,0.4854783,0.0,0.0,0.4854783,0.0048193666,0.9444913,0.14471811,4.8360662,1.1739775,59.778408,0.6245182,2.657064,168.07286,0.41990876,0.41990876,1.0,168.07286,0.7732824,0.05550866,4.8360662,0.0048193666,0.55104786,0.06642616,0.0,1.1739775,2.657064,0.41990876,0.20103648,0.0,0.55104786,0.20103648,0.84198225,0.41990876,1.0,0.4854783,lookahead,beam_orig0_bm0-s0to100br0-s100to200br0-s200to300br2
/work/T-REX/external/Proteina-Complexa/inference/search_binder_local_pipeline_32_PDL1_ALPHA_REPACK_v7_r007_cand_v7r007_hyp_0007_00_001_a92db08c2022c/job_0_n_196_id_42_beam_orig1_bm3-s0to100br3-s100to200br0-s200to300br2/job_0_n_196_id_42_beam_orig1_bm3-s0to100br3-s100to200br0-s200to300br2.pdb,169,"2,0,13,16,19,16,19,14,11,3,10,18,19,19,6,18,7,15,2,12,16,9,6,4,11,13,14,19,6,11,5,10,3,10,0,0,10,9,19,18,17,6,12,6,3,11,2,9,9,5,13,19,8,7,6,6,3,10,11,19,5,8,15,15,18,1,5,1,0,1,10,10,11,3,5,10,15,10,7,2,0,0,10,5,9,16,3,19,11,10,5,3,0,7,19,18,1,4,12,9,15,18,7,7,0,3,18,11,1,9,16,19,11,19,2,0,10,9,5,5,10,0,6,5,10,0,15,3,3,14,19,6,5,10,11,0,19,10,1,10,11,3,10,7,10,18,9,16,3,5,6,1,9,0,11,9,16,7,10,14,10,15,16,9,6,0,9,2,11,11,12,6,6,6,7,0,11,14,10,2,14,3,18,6,6,10,9,13,11,10,0,6,6,10,11,0,0,0,0,0,0,0,0,0,0,0,0",0.6067432,0.08484005,0.3257501,3.0,0.35641885,36.546204,0.4023311,1.0,0.4023311,0.18017864,0.35641885,0.0,0.0,0.35641885,0.0014900811,0.86983716,0.18017864,1.3910116,1.8411325,36.546204,0.6067432,2.9137256,191.57365,0.31050655,0.31050655,1.0,191.57365,0.6742499,0.13016285,1.3910116,0.0014900811,0.4023311,0.08484005,0.0,1.8411325,2.9137256,0.31050655,0.23830082,0.0,0.4023311,0.23830082,0.8153757,0.31050655,1.0,0.35641885,lookahead,beam_orig1_bm3-s0to100br3-s100to200br0-s200to300br2
/work/T-REX/external/Proteina-Complexa/inference/search_binder_local_pipeline_32_PDL1_ALPHA_REPACK_v7_r007_cand_v7r007_hyp_0007_00_001_a92db08c2022c/job_0_n_170_id_42_beam_orig2_bm0-s0to100br1-s100to200br1-s200to300br2/job_0_n_170_id_42_beam_orig2_bm0-s0to100br1-s100to200br1-s200to300br2.pdb,170,"2,0,13,16,19,16,19,14,11,3,10,18,19,19,6,18,7,15,2,12,16,9,6,4,11,13,14,19,6,11,5,10,3,10,0,0,10,9,19,18,17,6,12,6,3,11,2,9,9,5,13,19,8,7,6,6,3,10,11,19,5,8,15,15,18,1,5,1,0,1,10,10,11,3,5,10,15,10,7,2,0,0,10,5,9,16,3,19,11,10,5,3,0,7,19,18,1,4,12,9,15,18,7,7,0,3,18,11,1,9,16,19,11,19,2,0,15,15,3,6,3,9,6,11,5,1,1,9,19,6,2,18,11,6,10,10,11,5,0,11,0,0,7,0,14,10,3,11,9,2,3,18,5,8,2,10,6,11,8,5,15,13,10,3,5,10,19,11,10,1,0,0,0,0,0,0,0,0,0,0,0,0,0,0,0,0,0,0,0,0,0,0,0,0,0,0,0,0,0,0,0,0,0,0,0,0,0",0.64046454,0.35212854,0.81684303,3.0,0.0073101646,118.09261,0.0077055334,1.0,0.0077055334,0.43412566,0.0061715576,0.0,0.0,0.0073101646,0.013975446,0.7341318,0.43412566,27.932806,1.5959775,118.09261,0.64046454,4.016898,209.40378,0.0,0.006914796,1.0,209.40378,0.18315695,0.2658682,27.932806,0.013975446,0.012343115,0.35212854,0.0,1.5959775,4.016898,0.0,0.59211016,0.0,0.012343115,0.59211016,0.66457796,0.006914796,1.0,0.0061715576,lookahead,beam_orig2_bm0-s0to100br1-s100to200br1-s200to300br2
/work/T-REX/external/Proteina-Complexa/inference/search_binder_local_pipeline_32_PDL1_ALPHA_REPACK_v7_r007_cand_v7r007_hyp_0007_00_001_a92db08c2022c/job_0_n_191_id_42_beam_orig3_bm2-s0to100br0-s100to200br3-s200to300br2/job_0_n_191_id_42_beam_orig3_bm2-s0to100br0-s100to200br3-s200to300br2.pdb,171,"2,0,13,16,19,16,19,14,11,3,10,18,19,19,6,18,7,15,2,12,16,9,6,4,11,13,14,19,6,11,5,10,3,10,0,0,10,9,19,18,17,6,12,6,3,11,2,9,9,5,13,19,8,7,6,6,3,10,11,19,5,8,15,15,18,1,5,1,0,1,10,10,11,3,5,10,15,10,7,2,0,0,10,5,9,16,3,19,11,10,5,3,0,7,19,18,1,4,12,9,15,18,7,7,0,3,18,11,1,9,16,19,11,19,2,0,7,7,18,2,6,5,2,13,16,19,11,15,7,16,16,10,11,3,9,10,6,3,19,11,11,1,11,14,13,16,11,14,3,13,10,0,13,11,11,2,7,5,15,9,3,16,18,15,0,3,10,2,16,19,10,16,14,7,3,19,19,16,19,16,13,7,5,3,11,13,16,18,16,19,6,0,0,0,0,0,0,0,0,0,0,0,0,0,0,0,0",0.61614496,0.452978,0.8718959,3.0,0.0057496284,107.85461,0.0060803723,1.0,0.0060803723,0.48703963,0.0,0.0,0.0,0.0057496284,0.01468522,0.7355858,0.48703963,9.565348,1.7956072,107.85461,0.61614496,4.408457,247.90025,0.0,0.0054188846,1.0,247.90025,0.12810409,0.2644142,9.565348,0.01468522,0.0,0.452978,0.0,1.7956072,4.408457,0.0,0.6974486,0.0,0.0,0.6974486,0.59726095,0.0054188846,1.0,0.0,lookahead,beam_orig3_bm2-s0to100br0-s100to200br3-s200to300br2
/work/T-REX/external/Proteina-Complexa/inference/search_binder_local_pipeline_32_PDL1_ALPHA_REPACK_v7_r007_cand_v7r007_hyp_0007_00_001_a92db08c2022c/job_0_n_207_id_43_beam_orig0_bm0-s0to100br0-s100to200br0-s200to300br3/job_0_n_207_id_43_beam_orig0_bm0-s0to100br0-s100to200br0-s200to300br3.pdb,172,"2,0,13,16,19,16,19,14,11,3,10,18,19,19,6,18,7,15,2,12,16,9,6,4,11,13,14,19,6,11,5,10,3,10,0,0,10,9,19,18,17,6,12,6,3,11,2,9,9,5,13,19,8,7,6,6,3,10,11,19,5,8,15,15,18,1,5,1,0,1,10,10,11,3,5,10,15,10,7,2,0,0,10,5,9,16,3,19,11,10,5,3,0,7,19,18,1,4,12,9,15,18,7,7,0,3,18,11,1,9,16,19,11,19,2,0,15,11,10,18,8,18,2,10,15,9,10,18,7,2,2,0,11,6,18,9,11,11,7,3,18,3,6,0,6,11,6,10,2,11,0,6,11,0,0,6,11,15,7,10,14,6,0,18,4,2,10,0,11,16,18,6,3,0,0,11,0,0,12,6,11,7,3,18,11,11,0,0,11,18,9,3,11,0,11,11,0,1,6,11,0,7,15,0,4,14,0",0.6438403,0.059448425,0.23468626,3.0,0.49002528,47.660202,0.5403583,1.0,0.5403583,0.14670034,0.49002528,0.0,0.0,0.49002528,0.0031444032,0.92646134,0.14670034,2.5210052,1.24676,47.660202,0.6438403,2.8049943,170.1706,0.43969226,0.43969226,1.0,170.1706,0.76531374,0.07353865,2.5210052,0.0031444032,0.5403583,0.059448425,0.0,1.24676,2.8049943,0.43969226,0.19821434,0.0,0.5403583,0.19821434,0.82906127,0.43969226,1.0,0.49002528,lookahead,beam_orig0_bm0-s0to100br0-s100to200br0-s200to300br3
/work/T-REX/external/Proteina-Complexa/inference/search_binder_local_pipeline_32_PDL1_ALPHA_REPACK_v7_r007_cand_v7r007_hyp_0007_00_001_a92db08c2022c/job_0_n_196_id_43_beam_orig1_bm3-s0to100br3-s100to200br0-s200to300br3/job_0_n_196_id_43_beam_orig1_bm3-s0to100br3-s100to200br0-s200to300br3.pdb,173,"2,0,13,16,19,16,19,14,11,3,10,18,19,19,6,18,7,15,2,12,16,9,6,4,11,13,14,19,6,11,5,10,3,10,0,0,10,9,19,18,17,6,12,6,3,11,2,9,9,5,13,19,8,7,6,6,3,10,11,19,5,8,15,15,18,1,5,1,0,1,10,10,11,3,5,10,15,10,7,2,0,0,10,5,9,16,3,19,11,10,5,3,0,7,19,18,1,4,12,9,15,18,7,7,0,3,18,11,1,9,16,19,11,19,2,0,3,10,6,6,9,0,6,10,10,0,15,14,2,6,12,6,5,10,11,7,10,10,11,10,11,3,10,2,10,11,19,11,3,14,5,1,10,0,6,10,15,6,10,11,10,6,16,19,6,16,16,9,6,11,12,6,6,6,7,0,11,19,10,14,6,3,11,6,5,10,10,13,2,10,9,10,10,9,1,0,0,0,0,0,0,0,0,0,0,0,0",0.5854215,0.40213448,0.8006929,3.0,0.008418532,127.899956,0.0109612625,1.0,0.0109612625,0.4008113,0.0056460914,0.0,0.0,0.008418532,0.0042924876,0.8515335,0.4008113,19.842216,1.4439194,127.899956,0.5854215,4.180922,286.7438,0.0,0.0058758017,1.0,286.7438,0.19930705,0.14846653,19.842216,0.0042924876,0.011292183,0.40213448,0.0,1.4439194,4.180922,0.0,0.6240364,0.0,0.011292183,0.6240364,0.61158043,0.0058758017,1.0,0.0056460914,lookahead,beam_orig1_bm3-s0to100br3-s100to200br0-s200to300br3
/work/T-REX/external/Proteina-Complexa/inference/search_binder_local_pipeline_32_PDL1_ALPHA_REPACK_v7_r007_cand_v7r007_hyp_0007_00_001_a92db08c2022c/job_0_n_170_id_43_beam_orig2_bm0-s0to100br1-s100to200br1-s200to300br3/job_0_n_170_id_43_beam_orig2_bm0-s0to100br1-s100to200br1-s200to300br3.pdb,174,"2,0,13,16,19,16,19,14,11,3,10,18,19,19,6,18,7,15,2,12,16,9,6,4,11,13,14,19,6,11,5,10,3,10,0,0,10,9,19,18,17,6,12,6,3,11,2,9,9,5,13,19,8,7,6,6,3,10,11,19,5,8,15,15,18,1,5,1,0,1,10,10,11,3,5,10,15,10,7,2,0,0,10,5,9,16,3,19,11,10,5,3,0,7,19,18,1,4,12,9,15,18,7,7,0,3,18,11,1,9,16,19,11,19,2,0,15,11,3,6,3,9,6,11,19,5,1,9,19,3,3,18,11,11,18,10,6,6,0,11,11,0,7,11,14,10,11,16,9,2,3,18,5,11,2,10,6,11,8,11,3,13,10,2,5,10,11,11,6,11,0,0,0,0,0,0,0,0,0,0,0,0,0,0,0,0,0,0,0,0,0,0,0,0,0,0,0,0,0,0,0,0,0,0,0,0,0",0.6370206,0.3453135,0.8159858,3.0,0.010559807,116.42603,0.014983741,1.0,0.014983741,0.43599787,0.0,0.0,0.0,0.010559807,0.0069972686,0.7421701,0.43599787,24.453123,1.6896333,116.42603,0.6370206,3.84346,223.58601,0.0,0.0061358726,1.0,223.58601,0.18401417,0.2578299,24.453123,0.0069972686,0.0,0.3453135,0.0,1.6896333,3.84346,0.0,0.59751797,0.0,0.0,0.59751797,0.6604314,0.0061358726,1.0,0.0,lookahead,beam_orig2_bm0-s0to100br1-s100to200br1-s200to300br3
/work/T-REX/external/Proteina-Complexa/inference/search_binder_local_pipeline_32_PDL1_ALPHA_REPACK_v7_r007_cand_v7r007_hyp_0007_00_001_a92db08c2022c/job_0_n_191_id_43_beam_orig3_bm2-s0to100br0-s100to200br3-s200to300br3/job_0_n_191_id_43_beam_orig3_bm2-s0to100br0-s100to200br3-s200to300br3.pdb,175,"2,0,13,16,19,16,19,14,11,3,10,18,19,19,6,18,7,15,2,12,16,9,6,4,11,13,14,19,6,11,5,10,3,10,0,0,10,9,19,18,17,6,12,6,3,11,2,9,9,5,13,19,8,7,6,6,3,10,11,19,5,8,15,15,18,1,5,1,0,1,10,10,11,3,5,10,15,10,7,2,0,0,10,5,9,16,3,19,11,10,5,3,0,7,19,18,1,4,12,9,15,18,7,7,0,3,18,11,1,9,16,19,11,19,2,0,7,7,18,11,6,6,2,10,16,9,11,0,7,15,16,10,11,3,19,18,6,6,19,11,11,1,11,14,9,15,11,14,0,13,19,0,13,11,11,2,7,11,15,9,3,16,18,15,0,3,10,2,16,6,10,11,11,7,3,19,19,16,0,5,13,7,15,16,11,17,16,13,16,19,6,0,0,0,0,0,0,0,0,0,0,0,0,0,0,0,0",0.6283047,0.3718697,0.82649136,3.0,0.006241428,112.37145,0.0063051437,1.0,0.0063051437,0.431714,0.0,0.0,0.0,0.006241428,0.020181283,0.74752474,0.431714,13.550948,1.8481147,112.37145,0.6283047,4.109635,231.15543,0.0,0.0061777127,1.0,231.15543,0.17350864,0.2524753,13.550948,0.020181283,0.0,0.3718697,0.0,1.8481147,4.109635,0.0,0.61767375,0.0,0.0,0.61767375,0.6150389,0.0061777127,1.0,0.0,lookahead,beam_orig3_bm2-s0to100br0-s100to200br3-s200to300br3
/work/T-REX/external/Proteina-Complexa/inference/search_binder_local_pipeline_32_PDL1_ALPHA_REPACK_v7_r007_cand_v7r007_hyp_0007_00_001_a92db08c2022c/job_0_n_207_id_44_beam_orig0_bm0-s0to100br0-s100to200br1-s200to300br0/job_0_n_207_id_44_beam_orig0_bm0-s0to100br0-s100to200br1-s200to300br0.pdb,176,"2,0,13,16,19,16,19,14,11,3,10,18,19,19,6,18,7,15,2,12,16,9,6,4,11,13,14,19,6,11,5,10,3,10,0,0,10,9,19,18,17,6,12,6,3,11,2,9,9,5,13,19,8,7,6,6,3,10,11,19,5,8,15,15,18,1,5,1,0,1,10,10,11,3,5,10,15,10,7,2,0,0,10,5,9,16,3,19,11,10,5,3,0,7,19,18,1,4,12,9,15,18,7,7,0,3,18,11,1,9,16,19,11,19,2,0,15,11,6,6,11,9,5,6,19,11,10,10,4,6,6,0,19,11,5,0,11,10,7,2,13,3,6,0,6,11,10,10,5,11,0,11,11,9,0,6,6,9,3,8,14,6,0,8,18,18,10,0,16,7,18,6,7,19,0,11,6,0,12,6,11,7,2,13,11,6,0,7,11,18,10,3,6,0,11,11,0,11,6,11,19,14,3,3,13,11,14",0.68700004,0.05524831,0.20752645,3.0,0.55396163,62.07333,0.6073774,1.0,0.6073774,0.13197553,0.55396163,0.0,0.0,0.55396163,0.005604764,0.94700193,0.13197553,5.153459,1.2478698,62.07333,0.68700004,2.4146101,170.58952,0.5005459,0.5005459,1.0,170.58952,0.79247355,0.05299809,5.153459,0.005604764,0.6073774,0.05524831,0.0,1.2478698,2.4146101,0.5005459,0.17825124,0.0,0.6073774,0.17825124,0.8537298,0.5005459,1.0,0.55396163,lookahead,beam_orig0_bm0-s0to100br0-s100to200br1-s200to300br0
/work/T-REX/external/Proteina-Complexa/inference/search_binder_local_pipeline_32_PDL1_ALPHA_REPACK_v7_r007_cand_v7r007_hyp_0007_00_001_a92db08c2022c/job_0_n_196_id_44_beam_orig1_bm1-s0to100br1-s100to200br0-s200to300br0/job_0_n_196_id_44_beam_orig1_bm1-s0to100br1-s100to200br0-s200to300br0.pdb,177,"2,0,13,16,19,16,19,14,11,3,10,18,19,19,6,18,7,15,2,12,16,9,6,4,11,13,14,19,6,11,5,10,3,10,0,0,10,9,19,18,17,6,12,6,3,11,2,9,9,5,13,19,8,7,6,6,3,10,11,19,5,8,15,15,18,1,5,1,0,1,10,10,11,3,5,10,15,10,7,2,0,0,10,5,9,16,3,19,11,10,5,3,0,7,19,18,1,4,12,9,15,18,7,7,0,3,18,11,1,9,16,19,11,19,2,0,15,10,8,0,0,0,12,0,7,5,3,3,6,19,1,9,10,10,0,2,7,0,3,19,2,0,15,14,15,14,10,8,10,0,0,12,0,7,8,6,6,9,19,11,19,10,10,0,2,7,0,3,19,2,11,5,6,18,7,11,16,14,13,3,9,0,10,3,2,11,2,6,3,9,0,6,9,10,5,11,0,0,0,0,0,0,0,0,0,0,0",0.65405154,0.28068164,0.74159074,3.0,0.045822322,74.76831,0.05314912,1.0,0.05314912,0.32875854,0.013645021,0.0,0.0,0.045822322,0.0029412077,0.8194035,0.32875854,2.5405052,1.3879209,74.76831,0.65405154,3.4754808,232.11841,0.012716259,0.038495522,1.0,232.11841,0.2584093,0.18059647,2.5405052,0.0029412077,0.014573783,0.28068164,0.0,1.3879209,3.4754808,0.012716259,0.5041569,0.0,0.014573783,0.5041569,0.6385399,0.038495522,1.0,0.013645021,lookahead,beam_orig1_bm1-s0to100br1-s100to200br0-s200to300br0
/work/T-REX/external/Proteina-Complexa/inference/search_binder_local_pipeline_32_PDL1_ALPHA_REPACK_v7_r007_cand_v7r007_hyp_0007_00_001_a92db08c2022c/job_0_n_170_id_44_beam_orig2_bm3-s0to100br1-s100to200br1-s200to300br0/job_0_n_170_id_44_beam_orig2_bm3-s0to100br1-s100to200br1-s200to300br0.pdb,178,"2,0,13,16,19,16,19,14,11,3,10,18,19,19,6,18,7,15,2,12,16,9,6,4,11,13,14,19,6,11,5,10,3,10,0,0,10,9,19,18,17,6,12,6,3,11,2,9,9,5,13,19,8,7,6,6,3,10,11,19,5,8,15,15,18,1,5,1,0,1,10,10,11,3,5,10,15,10,7,2,0,0,10,5,9,16,3,19,11,10,5,3,0,7,19,18,1,4,12,9,15,18,7,7,0,3,18,11,1,9,16,19,11,19,2,0,10,7,1,16,14,10,8,10,0,0,10,0,7,8,2,6,9,19,6,19,10,10,11,8,7,0,3,19,2,0,15,3,11,8,7,13,16,14,13,3,10,0,16,10,4,7,8,6,6,9,19,6,9,10,0,0,0,0,0,0,0,0,0,0,0,0,0,0,0,0,0,0,0,0,0,0,0,0,0,0,0,0,0,0,0,0,0,0,0,0,0",0.619465,0.36330667,0.7676164,3.0,0.017104112,121.3091,0.028221557,1.0,0.028221557,0.3997016,0.0070178853,0.0,0.0,0.017104112,0.0065538753,0.7337799,0.3997016,12.513279,1.5182769,121.3091,0.619465,3.6732104,235.21974,0.0,0.005986668,1.0,235.21974,0.23238364,0.26622006,12.513279,0.0065538753,0.014035771,0.36330667,0.0,1.5182769,3.6732104,0.0,0.54906374,0.0,0.014035771,0.54906374,0.6824403,0.005986668,1.0,0.0070178853,lookahead,beam_orig2_bm3-s0to100br1-s100to200br1-s200to300br0
/work/T-REX/external/Proteina-Complexa/inference/search_binder_local_pipeline_32_PDL1_ALPHA_REPACK_v7_r007_cand_v7r007_hyp_0007_00_001_a92db08c2022c/job_0_n_191_id_44_beam_orig3_bm0-s0to100br3-s100to200br0-s200to300br0/job_0_n_191_id_44_beam_orig3_bm0-s0to100br3-s100to200br0-s200to300br0.pdb,179,"2,0,13,16,19,16,19,14,11,3,10,18,19,19,6,18,7,15,2,12,16,9,6,4,11,13,14,19,6,11,5,10,3,10,0,0,10,9,19,18,17,6,12,6,3,11,2,9,9,5,13,19,8,7,6,6,3,10,11,19,5,8,15,15,18,1,5,1,0,1,10,10,11,3,5,10,15,10,7,2,0,0,10,5,9,16,3,19,11,10,5,3,0,7,19,18,1,4,12,9,15,18,7,7,0,3,18,11,1,9,16,19,11,19,2,0,12,15,0,3,18,10,2,10,10,7,8,0,18,11,11,6,7,2,10,3,6,0,6,11,4,18,11,1,0,10,6,9,8,5,11,0,7,3,1,2,7,6,0,16,15,10,2,2,10,7,2,19,18,11,3,5,7,2,10,3,6,0,6,11,4,18,11,1,0,10,6,9,11,5,11,0,0,0,0,0,0,0,0,0,0,0,0,0,0,0,0",0.6255282,0.077775694,0.2939815,3.0,0.39569825,45.768543,0.44649616,1.0,0.44649616,0.15629236,0.39569825,0.0,0.0,0.39569825,0.003812081,0.93422353,0.15629236,4.2625017,1.3068796,45.768543,0.6255282,2.6585112,162.79077,0.34490037,0.34490037,1.0,162.79077,0.7060185,0.06577648,4.2625017,0.003812081,0.44649616,0.077775694,0.0,1.3068796,2.6585112,0.34490037,0.2111423,0.0,0.44649616,0.2111423,0.8223963,0.34490037,1.0,0.39569825,lookahead,beam_orig3_bm0-s0to100br3-s100to200br0-s200to300br0
/work/T-REX/external/Proteina-Complexa/inference/search_binder_local_pipeline_32_PDL1_ALPHA_REPACK_v7_r007_cand_v7r007_hyp_0007_00_001_a92db08c2022c/job_0_n_207_id_45_beam_orig0_bm0-s0to100br0-s100to200br1-s200to300br1/job_0_n_207_id_45_beam_orig0_bm0-s0to100br0-s100to200br1-s200to300br1.pdb,180,"2,0,13,16,19,16,19,14,11,3,10,18,19,19,6,18,7,15,2,12,16,9,6,4,11,13,14,19,6,11,5,10,3,10,0,0,10,9,19,18,17,6,12,6,3,11,2,9,9,5,13,19,8,7,6,6,3,10,11,19,5,8,15,15,18,1,5,1,0,1,10,10,11,3,5,10,15,10,7,2,0,0,10,5,9,16,3,19,11,10,5,3,0,7,19,18,1,4,12,9,15,18,7,7,0,3,18,11,1,9,16,19,11,19,2,0,16,11,6,6,11,10,0,6,10,11,11,11,4,6,6,0,11,6,6,0,11,11,7,2,13,3,6,0,6,11,18,10,11,6,0,11,11,10,0,6,6,9,3,3,14,6,0,8,18,18,10,0,6,0,18,6,0,19,0,16,0,6,12,6,11,7,2,13,11,6,0,7,11,18,10,3,10,0,11,11,6,1,6,11,19,14,6,3,13,11,14",0.67058516,0.05632772,0.20129907,3.0,0.54737425,71.115845,0.6174661,1.0,0.6174661,0.13152145,0.54737425,0.0,0.0,0.54737425,0.005466876,0.94980115,0.13152145,5.2516236,1.221156,71.115845,0.67058516,2.5613437,165.04134,0.47728243,0.47728243,1.0,165.04134,0.7987009,0.05019887,5.2516236,0.005466876,0.6174661,0.05632772,0.0,1.221156,2.5613437,0.47728243,0.17873767,0.0,0.6174661,0.17873767,0.8585536,0.47728243,1.0,0.54737425,lookahead,beam_orig0_bm0-s0to100br0-s100to200br1-s200to300br1
/work/T-REX/external/Proteina-Complexa/inference/search_binder_local_pipeline_32_PDL1_ALPHA_REPACK_v7_r007_cand_v7r007_hyp_0007_00_001_a92db08c2022c/job_0_n_196_id_45_beam_orig1_bm1-s0to100br1-s100to200br0-s200to300br1/job_0_n_196_id_45_beam_orig1_bm1-s0to100br1-s100to200br0-s200to300br1.pdb,181,"2,0,13,16,19,16,19,14,11,3,10,18,19,19,6,18,7,15,2,12,16,9,6,4,11,13,14,19,6,11,5,10,3,10,0,0,10,9,19,18,17,6,12,6,3,11,2,9,9,5,13,19,8,7,6,6,3,10,11,19,5,8,15,15,18,1,5,1,0,1,10,10,11,3,5,10,15,10,7,2,0,0,10,5,9,16,3,19,11,10,5,3,0,7,19,18,1,4,12,9,15,18,7,7,0,3,18,11,1,9,16,19,11,19,2,0,15,10,8,0,0,0,12,0,7,5,3,3,6,19,1,9,10,12,0,2,7,0,3,19,2,0,15,14,15,14,10,8,10,0,0,12,0,7,8,6,6,9,19,11,19,10,10,0,2,7,0,3,19,2,11,6,6,18,7,11,16,0,13,3,9,0,10,3,2,7,2,6,3,9,0,6,9,10,5,11,0,0,0,0,0,0,0,0,0,0,0",0.64135695,0.27467585,0.7130716,3.0,0.054854684,86.66601,0.064557776,1.0,0.064557776,0.31651753,0.013996124,0.0,0.0,0.054854684,0.0029198148,0.7993256,0.31651753,2.9374793,1.3950967,86.66601,0.64135695,3.4060872,243.57256,0.012663561,0.04515159,1.0,243.57256,0.28692845,0.2006744,2.9374793,0.0029198148,0.015328689,0.27467585,0.0,1.3950967,3.4060872,0.012663561,0.48310515,0.0,0.015328689,0.48310515,0.65143806,0.04515159,1.0,0.013996124,lookahead,beam_orig1_bm1-s0to100br1-s100to200br0-s200to300br1
/work/T-REX/external/Proteina-Complexa/inference/search_binder_local_pipeline_32_PDL1_ALPHA_REPACK_v7_r007_cand_v7r007_hyp_0007_00_001_a92db08c2022c/job_0_n_170_id_45_beam_orig2_bm3-s0to100br1-s100to200br1-s200to300br1/job_0_n_170_id_45_beam_orig2_bm3-s0to100br1-s100to200br1-s200to300br1.pdb,182,"2,0,13,16,19,16,19,14,11,3,10,18,19,19,6,18,7,15,2,12,16,9,6,4,11,13,14,19,6,11,5,10,3,10,0,0,10,9,19,18,17,6,12,6,3,11,2,9,9,5,13,19,8,7,6,6,3,10,11,19,5,8,15,15,18,1,5,1,0,1,10,10,11,3,5,10,15,10,7,2,0,0,10,5,9,16,3,19,11,10,5,3,0,7,19,18,1,4,12,9,15,18,7,7,0,3,18,11,1,9,16,19,11,19,2,0,10,7,1,16,14,10,8,10,0,0,6,0,7,8,10,6,9,19,6,19,10,10,11,8,7,0,3,19,2,0,15,3,11,15,7,13,16,14,13,3,10,0,16,10,12,7,8,6,3,9,19,6,19,10,0,0,0,0,0,0,0,0,0,0,0,0,0,0,0,0,0,0,0,0,0,0,0,0,0,0,0,0,0,0,0,0,0,0,0,0,0",0.65502954,0.27898479,0.75297415,3.0,0.03041206,120.67832,0.030978533,1.0,0.030978533,0.36711574,0.013388783,0.0,0.0,0.03041206,0.0043690414,0.7649686,0.36711574,17.409351,1.3634881,120.67832,0.65502954,3.4120162,252.5275,0.012461815,0.029845584,1.0,252.5275,0.24702582,0.23503141,17.409351,0.0043690414,0.01431575,0.27898479,0.0,1.3634881,3.4120162,0.012461815,0.5048438,0.0,0.01431575,0.5048438,0.6857319,0.029845584,1.0,0.013388783,lookahead,beam_orig2_bm3-s0to100br1-s100to200br1-s200to300br1
/work/T-REX/external/Proteina-Complexa/inference/search_binder_local_pipeline_32_PDL1_ALPHA_REPACK_v7_r007_cand_v7r007_hyp_0007_00_001_a92db08c2022c/job_0_n_191_id_45_beam_orig3_bm0-s0to100br3-s100to200br0-s200to300br1/job_0_n_191_id_45_beam_orig3_bm0-s0to100br3-s100to200br0-s200to300br1.pdb,183,"2,0,13,16,19,16,19,14,11,3,10,18,19,19,6,18,7,15,2,12,16,9,6,4,11,13,14,19,6,11,5,10,3,10,0,0,10,9,19,18,17,6,12,6,3,11,2,9,9,5,13,19,8,7,6,6,3,10,11,19,5,8,15,15,18,1,5,1,0,1,10,10,11,3,5,10,15,10,7,2,0,0,10,5,9,16,3,19,11,10,5,3,0,7,19,18,1,4,12,9,15,18,7,7,0,3,18,11,1,9,16,19,11,19,2,0,12,15,0,3,18,10,2,10,10,7,8,0,18,11,2,6,7,2,10,3,6,0,6,11,4,18,11,1,0,10,6,9,2,5,0,0,2,3,11,2,7,6,0,16,15,10,2,2,10,7,2,19,18,11,3,5,7,2,10,3,6,0,6,11,4,18,1,1,0,10,6,9,11,5,11,0,0,0,0,0,0,0,0,0,0,0,0,0,0,0,0",0.63265955,0.20244905,0.64257216,3.0,0.09209247,79.969315,0.106042124,1.0,0.106042124,0.28591666,0.017919987,0.0,0.0,0.09209247,0.0042377342,0.8815815,0.28591666,6.120036,1.3113399,79.969315,0.63265955,3.5981696,181.72841,0.014989791,0.07814281,1.0,181.72841,0.35742784,0.11841854,6.120036,0.0042377342,0.020850182,0.20244905,0.0,1.3113399,3.5981696,0.014989791,0.42329118,0.0,0.020850182,0.42329118,0.6803045,0.07814281,1.0,0.017919987,lookahead,beam_orig3_bm0-s0to100br3-s100to200br0-s200to300br1
/work/T-REX/external/Proteina-Complexa/inference/search_binder_local_pipeline_32_PDL1_ALPHA_REPACK_v7_r007_cand_v7r007_hyp_0007_00_001_a92db08c2022c/job_0_n_207_id_46_beam_orig0_bm0-s0to100br0-s100to200br1-s200to300br2/job_0_n_207_id_46_beam_orig0_bm0-s0to100br0-s100to200br1-s200to300br2.pdb,184,"2,0,13,16,19,16,19,14,11,3,10,18,19,19,6,18,7,15,2,12,16,9,6,4,11,13,14,19,6,11,5,10,3,10,0,0,10,9,19,18,17,6,12,6,3,11,2,9,9,5,13,19,8,7,6,6,3,10,11,19,5,8,15,15,18,1,5,1,0,1,10,10,11,3,5,10,15,10,7,2,0,0,10,5,9,16,3,19,11,10,5,3,0,7,19,18,1,4,12,9,15,18,7,7,0,3,18,11,1,9,16,19,11,19,2,0,15,11,6,6,11,19,15,6,19,11,11,10,4,11,6,0,19,2,5,0,11,11,7,2,13,3,6,0,6,15,10,10,5,5,0,11,11,9,0,6,6,9,2,3,14,6,0,2,18,18,10,0,11,0,18,6,7,10,0,11,6,18,12,11,11,7,2,13,6,6,0,7,11,0,10,3,6,0,11,11,0,1,6,11,19,14,6,3,13,11,14",0.68055224,0.053128522,0.20850354,3.0,0.5498508,67.96749,0.60333526,1.0,0.60333526,0.13337974,0.5498508,0.0,0.0,0.5498508,0.0057434947,0.94834256,0.13337974,4.8004413,1.2329644,67.96749,0.68055224,2.483037,155.46802,0.49636644,0.49636644,1.0,155.46802,0.79149646,0.051657468,4.8004413,0.0057434947,0.60333526,0.053128522,0.0,1.2329644,2.483037,0.49636644,0.18205394,0.0,0.60333526,0.18205394,0.8530341,0.49636644,1.0,0.5498508,lookahead,beam_orig0_bm0-s0to100br0-s100to200br1-s200to300br2
/work/T-REX/external/Proteina-Complexa/inference/search_binder_local_pipeline_32_PDL1_ALPHA_REPACK_v7_r007_cand_v7r007_hyp_0007_00_001_a92db08c2022c/job_0_n_196_id_46_beam_orig1_bm1-s0to100br1-s100to200br0-s200to300br2/job_0_n_196_id_46_beam_orig1_bm1-s0to100br1-s100to200br0-s200to300br2.pdb,185,"2,0,13,16,19,16,19,14,11,3,10,18,19,19,6,18,7,15,2,12,16,9,6,4,11,13,14,19,6,11,5,10,3,10,0,0,10,9,19,18,17,6,12,6,3,11,2,9,9,5,13,19,8,7,6,6,3,10,11,19,5,8,15,15,18,1,5,1,0,1,10,10,11,3,5,10,15,10,7,2,0,0,10,5,9,16,3,19,11,10,5,3,0,7,19,18,1,4,12,9,15,18,7,7,0,3,18,11,1,9,16,19,11,19,2,0,15,10,8,0,0,0,12,0,7,5,3,3,6,19,1,9,10,10,0,2,7,0,3,19,2,0,15,14,15,14,10,8,10,0,0,12,0,7,8,6,6,9,19,11,9,10,10,0,2,7,0,3,19,2,11,6,6,18,7,11,16,0,13,3,9,0,10,3,2,11,2,6,3,9,0,6,9,10,5,11,0,0,0,0,0,0,0,0,0,0,0",0.651412,0.26239303,0.7151267,3.0,0.056631602,88.66473,0.0640542,1.0,0.0640542,0.3113173,0.014217183,0.0,0.0,0.056631602,0.002552759,0.8153519,0.3113173,4.2782574,1.3209361,88.66473,0.651412,3.3946407,227.24588,0.013267318,0.049209002,1.0,227.24588,0.2848733,0.18464808,4.2782574,0.002552759,0.015167048,0.26239303,0.0,1.3209361,3.3946407,0.013267318,0.47790962,0.0,0.015167048,0.47790962,0.64897794,0.049209002,1.0,0.014217183,lookahead,beam_orig1_bm1-s0to100br1-s100to200br0-s200to300br2
/work/T-REX/external/Proteina-Complexa/inference/search_binder_local_pipeline_32_PDL1_ALPHA_REPACK_v7_r007_cand_v7r007_hyp_0007_00_001_a92db08c2022c/job_0_n_170_id_46_beam_orig2_bm3-s0to100br1-s100to200br1-s200to300br2/job_0_n_170_id_46_beam_orig2_bm3-s0to100br1-s100to200br1-s200to300br2.pdb,186,"2,0,13,16,19,16,19,14,11,3,10,18,19,19,6,18,7,15,2,12,16,9,6,4,11,13,14,19,6,11,5,10,3,10,0,0,10,9,19,18,17,6,12,6,3,11,2,9,9,5,13,19,8,7,6,6,3,10,11,19,5,8,15,15,18,1,5,1,0,1,10,10,11,3,5,10,15,10,7,2,0,0,10,5,9,16,3,19,11,10,5,3,0,7,19,18,1,4,12,9,15,18,7,7,0,3,18,11,1,9,16,19,11,19,2,0,10,7,1,16,14,10,8,10,0,0,10,0,7,8,10,6,9,19,6,19,10,10,11,8,7,0,3,19,2,0,15,3,11,15,7,13,16,14,13,3,10,0,16,10,15,7,8,6,3,9,19,6,19,10,0,0,0,0,0,0,0,0,0,0,0,0,0,0,0,0,0,0,0,0,0,0,0,0,0,0,0,0,0,0,0,0,0,0,0,0,0",0.6480751,0.30713567,0.7577436,3.0,0.024324745,120.030594,0.029781973,1.0,0.029781973,0.3736926,0.012903894,0.0,0.0,0.024324745,0.0048237797,0.75284284,0.3736926,16.931868,1.4172757,120.030594,0.6480751,3.5455842,251.33076,0.01176566,0.018867517,1.0,251.33076,0.24225643,0.24715717,16.931868,0.0048237797,0.014042129,0.30713567,0.0,1.4172757,3.5455842,0.01176566,0.51286507,0.0,0.014042129,0.51286507,0.68487006,0.018867517,1.0,0.012903894,lookahead,beam_orig2_bm3-s0to100br1-s100to200br1-s200to300br2
/work/T-REX/external/Proteina-Complexa/inference/search_binder_local_pipeline_32_PDL1_ALPHA_REPACK_v7_r007_cand_v7r007_hyp_0007_00_001_a92db08c2022c/job_0_n_191_id_46_beam_orig3_bm0-s0to100br3-s100to200br0-s200to300br2/job_0_n_191_id_46_beam_orig3_bm0-s0to100br3-s100to200br0-s200to300br2.pdb,187,"2,0,13,16,19,16,19,14,11,3,10,18,19,19,6,18,7,15,2,12,16,9,6,4,11,13,14,19,6,11,5,10,3,10,0,0,10,9,19,18,17,6,12,6,3,11,2,9,9,5,13,19,8,7,6,6,3,10,11,19,5,8,15,15,18,1,5,1,0,1,10,10,11,3,5,10,15,10,7,2,0,0,10,5,9,16,3,19,11,10,5,3,0,7,19,18,1,4,12,9,15,18,7,7,0,3,18,11,1,9,16,19,11,19,2,0,12,15,0,3,18,10,2,10,10,7,8,0,18,11,11,6,7,2,10,3,6,0,6,11,4,18,11,1,0,10,6,9,15,11,0,0,3,3,1,2,7,6,0,16,15,10,2,2,10,7,2,19,18,11,3,5,7,2,10,3,6,0,6,11,4,18,1,1,0,10,6,9,11,5,11,0,0,0,0,0,0,0,0,0,0,0,0,0,0,0,0",0.625725,0.07765689,0.28479028,3.0,0.40744337,44.0735,0.45845407,1.0,0.45845407,0.15518351,0.40744337,0.0,0.0,0.40744337,0.0041058282,0.9332391,0.15518351,3.6529527,1.3004491,44.0735,0.625725,2.5833004,158.60558,0.35643268,0.35643268,1.0,158.60558,0.7152097,0.06676091,3.6529527,0.0041058282,0.45845407,0.07765689,0.0,1.3004491,2.5833004,0.35643268,0.2089038,0.0,0.45845407,0.2089038,0.82560647,0.35643268,1.0,0.40744337,lookahead,beam_orig3_bm0-s0to100br3-s100to200br0-s200to300br2
/work/T-REX/external/Proteina-Complexa/inference/search_binder_local_pipeline_32_PDL1_ALPHA_REPACK_v7_r007_cand_v7r007_hyp_0007_00_001_a92db08c2022c/job_0_n_207_id_47_beam_orig0_bm0-s0to100br0-s100to200br1-s200to300br3/job_0_n_207_id_47_beam_orig0_bm0-s0to100br0-s100to200br1-s200to300br3.pdb,188,"2,0,13,16,19,16,19,14,11,3,10,18,19,19,6,18,7,15,2,12,16,9,6,4,11,13,14,19,6,11,5,10,3,10,0,0,10,9,19,18,17,6,12,6,3,11,2,9,9,5,13,19,8,7,6,6,3,10,11,19,5,8,15,15,18,1,5,1,0,1,10,10,11,3,5,10,15,10,7,2,0,0,10,5,9,16,3,19,11,10,5,3,0,7,19,18,1,4,12,9,15,18,7,7,0,3,18,11,1,9,16,19,11,19,2,0,16,11,6,3,11,19,2,6,0,19,1,10,4,11,6,0,16,16,6,0,5,11,7,2,18,3,6,0,6,11,8,10,11,6,0,6,11,9,19,2,6,19,2,3,14,6,0,2,18,0,10,0,2,0,18,6,0,9,0,16,6,6,12,1,11,7,2,13,11,6,0,7,11,18,10,3,6,0,11,11,0,1,6,11,19,14,6,3,13,11,14",0.6591195,0.060245387,0.22258264,3.0,0.5142518,71.471825,0.5826794,1.0,0.5826794,0.1369607,0.5142518,0.0,0.0,0.5142518,0.006267347,0.94401914,0.1369607,4.8229437,1.2200233,71.471825,0.6591195,2.638389,173.82895,0.44582427,0.44582427,1.0,173.82895,0.77741736,0.05598086,4.8229437,0.006267347,0.5826794,0.060245387,0.0,1.2200233,2.638389,0.44582427,0.18900631,0.0,0.5826794,0.18900631,0.8396809,0.44582427,1.0,0.5142518,lookahead,beam_orig0_bm0-s0to100br0-s100to200br1-s200to300br3
/work/T-REX/external/Proteina-Complexa/inference/search_binder_local_pipeline_32_PDL1_ALPHA_REPACK_v7_r007_cand_v7r007_hyp_0007_00_001_a92db08c2022c/job_0_n_196_id_47_beam_orig1_bm1-s0to100br1-s100to200br0-s200to300br3/job_0_n_196_id_47_beam_orig1_bm1-s0to100br1-s100to200br0-s200to300br3.pdb,189,"2,0,13,16,19,16,19,14,11,3,10,18,19,19,6,18,7,15,2,12,16,9,6,4,11,13,14,19,6,11,5,10,3,10,0,0,10,9,19,18,17,6,12,6,3,11,2,9,9,5,13,19,8,7,6,6,3,10,11,19,5,8,15,15,18,1,5,1,0,1,10,10,11,3,5,10,15,10,7,2,0,0,10,5,9,16,3,19,11,10,5,3,0,7,19,18,1,4,12,9,15,18,7,7,0,3,18,11,1,9,16,19,11,19,2,0,15,10,8,0,0,0,12,0,7,5,3,3,6,19,1,9,10,10,0,2,7,0,3,19,2,0,15,14,15,14,10,8,10,0,0,12,0,7,8,6,6,9,19,11,9,10,10,0,2,7,0,3,19,2,11,6,6,18,7,11,16,0,13,3,9,0,10,3,2,11,2,6,3,9,0,6,9,10,5,11,0,0,0,0,0,0,0,0,0,0,0",0.65228003,0.2741041,0.7322155,3.0,0.049614564,86.366264,0.05646105,1.0,0.05646105,0.32239607,0.0138567705,0.0,0.0,0.049614564,0.0027622476,0.8221626,0.32239607,3.95146,1.3354443,86.366264,0.65228003,3.4481132,233.96094,0.013315165,0.042768076,1.0,233.96094,0.26778445,0.17783737,3.95146,0.0027622476,0.014398375,0.2741041,0.0,1.3354443,3.4481132,0.013315165,0.49565786,0.0,0.014398375,0.49565786,0.6414455,0.042768076,1.0,0.0138567705,lookahead,beam_orig1_bm1-s0to100br1-s100to200br0-s200to300br3
/work/T-REX/external/Proteina-Complexa/inference/search_binder_local_pipeline_32_PDL1_ALPHA_REPACK_v7_r007_cand_v7r007_hyp_0007_00_001_a92db08c2022c/job_0_n_170_id_47_beam_orig2_bm3-s0to100br1-s100to200br1-s200to300br3/job_0_n_170_id_47_beam_orig2_bm3-s0to100br1-s100to200br1-s200to300br3.pdb,190,"2,0,13,16,19,16,19,14,11,3,10,18,19,19,6,18,7,15,2,12,16,9,6,4,11,13,14,19,6,11,5,10,3,10,0,0,10,9,19,18,17,6,12,6,3,11,2,9,9,5,13,19,8,7,6,6,3,10,11,19,5,8,15,15,18,1,5,1,0,1,10,10,11,3,5,10,15,10,7,2,0,0,10,5,9,16,3,19,11,10,5,3,0,7,19,18,1,4,12,9,15,18,7,7,0,3,18,11,1,9,16,19,11,19,2,0,19,7,1,16,14,10,8,10,0,0,6,0,7,8,10,6,9,19,6,19,10,10,11,8,7,0,3,19,2,0,19,3,11,15,7,13,16,14,13,3,10,0,16,10,2,7,8,6,3,9,19,6,19,10,0,0,0,0,0,0,0,0,0,0,0,0,0,0,0,0,0,0,0,0,0,0,0,0,0,0,0,0,0,0,0,0,0,0,0,0,0",0.6621163,0.2638535,0.733886,3.0,0.040071122,122.2782,0.046046585,1.0,0.046046585,0.3501882,0.013826906,0.0,0.0,0.040071122,0.0035504976,0.78061986,0.3501882,17.387136,1.3803154,122.2782,0.6621163,3.3673413,256.25656,0.013094546,0.03409566,1.0,256.25656,0.266114,0.21938017,17.387136,0.0035504976,0.014559265,0.2638535,0.0,1.3803154,3.3673413,0.013094546,0.47878385,0.0,0.014559265,0.47878385,0.69203377,0.03409566,1.0,0.013826906,lookahead,beam_orig2_bm3-s0to100br1-s100to200br1-s200to300br3
/work/T-REX/external/Proteina-Complexa/inference/search_binder_local_pipeline_32_PDL1_ALPHA_REPACK_v7_r007_cand_v7r007_hyp_0007_00_001_a92db08c2022c/job_0_n_191_id_47_beam_orig3_bm0-s0to100br3-s100to200br0-s200to300br3/job_0_n_191_id_47_beam_orig3_bm0-s0to100br3-s100to200br0-s200to300br3.pdb,191,"2,0,13,16,19,16,19,14,11,3,10,18,19,19,6,18,7,15,2,12,16,9,6,4,11,13,14,19,6,11,5,10,3,10,0,0,10,9,19,18,17,6,12,6,3,11,2,9,9,5,13,19,8,7,6,6,3,10,11,19,5,8,15,15,18,1,5,1,0,1,10,10,11,3,5,10,15,10,7,2,0,0,10,5,9,16,3,19,11,10,5,3,0,7,19,18,1,4,12,9,15,18,7,7,0,3,18,11,1,9,16,19,11,19,2,0,12,15,0,3,18,10,2,10,10,7,8,0,18,11,11,6,7,2,10,3,6,0,6,11,4,18,11,1,0,10,6,9,8,5,0,0,2,3,1,2,7,6,0,16,15,10,2,2,10,7,2,19,18,11,3,5,7,2,10,3,6,0,6,11,4,18,1,1,0,10,6,9,1,5,11,0,0,0,0,0,0,0,0,0,0,0,0,0,0,0,0",0.6345408,0.07532095,0.28399873,3.0,0.4147129,44.412086,0.46603143,1.0,0.46603143,0.15335296,0.4147129,0.0,0.0,0.4147129,0.0030536284,0.9353482,0.15335296,4.1708784,1.2999039,44.412086,0.6345408,2.6258829,164.67188,0.36339435,0.36339435,1.0,164.67188,0.7160013,0.06465179,4.1708784,0.0030536284,0.46603143,0.07532095,0.0,1.2999039,2.6258829,0.36339435,0.20617019,0.0,0.46603143,0.20617019,0.8263456,0.36339435,1.0,0.4147129,lookahead,beam_orig3_bm0-s0to100br3-s100to200br0-s200to300br3
/work/T-REX/external/Proteina-Complexa/inference/search_binder_local_pipeline_32_PDL1_ALPHA_REPACK_v7_r007_cand_v7r007_hyp_0007_00_001_a92db08c2022c/job_0_n_207_id_48_beam_orig0_bm0-s0to100br0-s100to200br2-s200to300br3-s300to400br0/job_0_n_207_id_48_beam_orig0_bm0-s0to100br0-s100to200br2-s200to300br3-s300to400br0.pdb,192,"2,0,13,16,19,16,19,14,11,3,10,18,19,19,6,18,7,15,2,12,16,9,6,4,11,13,14,19,6,11,5,10,3,10,0,0,10,9,19,18,17,6,12,6,3,11,2,9,9,5,13,19,8,7,6,6,3,10,11,19,5,8,15,15,18,1,5,1,0,1,10,10,11,3,5,10,15,10,7,2,0,0,10,5,9,16,3,19,11,10,5,3,0,7,19,18,1,4,12,9,15,18,7,7,0,3,18,11,1,9,16,19,11,19,2,0,15,11,11,6,11,6,6,6,0,9,5,18,0,11,6,0,9,0,0,0,11,11,7,2,10,6,10,0,6,18,18,10,11,11,0,6,11,9,0,11,6,16,6,15,14,19,0,17,11,0,10,0,16,0,18,15,6,0,0,11,6,0,12,6,11,7,2,13,11,10,0,7,6,13,10,3,11,18,11,6,0,0,6,8,0,3,13,15,9,11,9",0.7187381,0.05140167,0.20849437,3.0,0.58365417,74.828705,0.62947315,1.0,0.62947315,0.13484292,0.58365417,0.0,0.0,0.58365417,0.005705725,0.9339928,0.13484292,6.183326,1.2788268,74.828705,0.7187381,2.5438485,205.11447,0.5378351,0.5378351,1.0,205.11447,0.79150563,0.06600722,6.183326,0.005705725,0.62947315,0.05140167,0.0,1.2788268,2.5438485,0.5378351,0.17765765,0.0,0.62947315,0.17765765,0.85095805,0.5378351,1.0,0.58365417,lookahead,beam_orig0_bm0-s0to100br0-s100to200br2-s200to300br3-s300to400br0
/work/T-REX/external/Proteina-Complexa/inference/search_binder_local_pipeline_32_PDL1_ALPHA_REPACK_v7_r007_cand_v7r007_hyp_0007_00_001_a92db08c2022c/job_0_n_196_id_48_beam_orig1_bm3-s0to100br3-s100to200br2-s200to300br2-s300to400br0/job_0_n_196_id_48_beam_orig1_bm3-s0to100br3-s100to200br2-s200to300br2-s300to400br0.pdb,193,"2,0,13,16,19,16,19,14,11,3,10,18,19,19,6,18,7,15,2,12,16,9,6,4,11,13,14,19,6,11,5,10,3,10,0,0,10,9,19,18,17,6,12,6,3,11,2,9,9,5,13,19,8,7,6,6,3,10,11,19,5,8,15,15,18,1,5,1,0,1,10,10,11,3,5,10,15,10,7,2,0,0,10,5,9,16,3,19,11,10,5,3,0,7,19,18,1,4,12,9,15,18,7,7,0,3,18,11,1,9,16,19,11,19,2,0,2,10,16,3,9,9,9,3,10,12,15,6,3,14,13,11,5,10,11,0,13,4,7,10,11,3,10,6,10,15,10,6,4,19,6,6,9,15,11,19,15,11,10,15,5,19,2,9,3,16,10,1,6,8,4,15,11,9,0,2,14,11,18,16,9,3,6,19,11,0,0,9,6,11,0,11,11,6,11,0,0,0,0,0,0,0,0,0,0,0,0",0.7093594,0.047800176,0.21427888,3.0,0.56990844,40.003613,0.64195514,1.0,0.64195514,0.1446775,0.56990844,0.0,0.0,0.56990844,0.0034512908,0.9145007,0.1446775,2.555462,1.641462,40.003613,0.7093594,2.732433,169.86465,0.49786177,0.49786177,1.0,169.86465,0.7857211,0.08549928,2.555462,0.0034512908,0.64195514,0.047800176,0.0,1.641462,2.732433,0.49786177,0.18196735,0.0,0.64195514,0.18196735,0.85684454,0.49786177,1.0,0.56990844,lookahead,beam_orig1_bm3-s0to100br3-s100to200br2-s200to300br2-s300to400br0
/work/T-REX/external/Proteina-Complexa/inference/search_binder_local_pipeline_32_PDL1_ALPHA_REPACK_v7_r007_cand_v7r007_hyp_0007_00_001_a92db08c2022c/job_0_n_170_id_48_beam_orig2_bm0-s0to100br1-s100to200br3-s200to300br1-s300to400br0/job_0_n_170_id_48_beam_orig2_bm0-s0to100br1-s100to200br3-s200to300br1-s300to400br0.pdb,194,"2,0,13,16,19,16,19,14,11,3,10,18,19,19,6,18,7,15,2,12,16,9,6,4,11,13,14,19,6,11,5,10,3,10,0,0,10,9,19,18,17,6,12,6,3,11,2,9,9,5,13,19,8,7,6,6,3,10,11,19,5,8,15,15,18,1,5,1,0,1,10,10,11,3,5,10,15,10,7,2,0,0,10,5,9,16,3,19,11,10,5,3,0,7,19,18,1,4,12,9,15,18,7,7,0,3,18,11,1,9,16,19,11,19,2,0,15,15,6,6,3,9,6,8,5,1,1,9,19,6,2,18,11,1,10,13,6,6,0,11,11,0,7,11,0,10,3,16,10,2,2,18,6,11,5,10,1,2,8,5,0,13,10,3,12,10,19,11,18,7,0,0,0,0,0,0,0,0,0,0,0,0,0,0,0,0,0,0,0,0,0,0,0,0,0,0,0,0,0,0,0,0,0,0,0,0,0",0.66916883,0.22665893,0.73741114,3.0,0.049713988,112.94773,0.07649665,1.0,0.07649665,0.36493188,0.015930373,0.0,0.0,0.049713988,0.009380613,0.75600433,0.36493188,20.442959,1.7110068,112.94773,0.66916883,3.5395164,211.53064,0.01516884,0.022931324,1.0,211.53064,0.26258883,0.24399568,20.442959,0.009380613,0.016691908,0.22665893,0.0,1.7110068,3.5395164,0.01516884,0.4866619,0.0,0.016691908,0.4866619,0.6848618,0.022931324,1.0,0.015930373,lookahead,beam_orig2_bm0-s0to100br1-s100to200br3-s200to300br1-s300to400br0
/work/T-REX/external/Proteina-Complexa/inference/search_binder_local_pipeline_32_PDL1_ALPHA_REPACK_v7_r007_cand_v7r007_hyp_0007_00_001_a92db08c2022c/job_0_n_191_id_48_beam_orig3_bm1-s0to100br0-s100to200br2-s200to300br0-s300to400br0/job_0_n_191_id_48_beam_orig3_bm1-s0to100br0-s100to200br2-s200to300br0-s300to400br0.pdb,195,"2,0,13,16,19,16,19,14,11,3,10,18,19,19,6,18,7,15,2,12,16,9,6,4,11,13,14,19,6,11,5,10,3,10,0,0,10,9,19,18,17,6,12,6,3,11,2,9,9,5,13,19,8,7,6,6,3,10,11,19,5,8,15,15,18,1,5,1,0,1,10,10,11,3,5,10,15,10,7,2,0,0,10,5,9,16,3,19,11,10,5,3,0,7,19,18,1,4,12,9,15,18,7,7,0,3,18,11,1,9,16,19,11,19,2,0,15,3,6,6,10,19,11,10,0,11,10,11,5,1,6,0,13,10,6,19,16,11,11,2,14,16,7,0,19,11,11,18,11,6,0,9,11,9,18,10,5,10,2,2,14,3,6,0,6,11,19,7,11,6,7,10,11,10,10,6,7,16,6,6,0,11,6,10,5,6,13,10,3,15,10,0,0,0,0,0,0,0,0,0,0,0,0,0,0,0,0",0.7377324,0.044003252,0.17741942,3.0,0.6215584,34.34745,0.6996199,1.0,0.6996199,0.115494095,0.6215584,0.0,0.0,0.6215584,0.0016005301,0.95612746,0.115494095,1.8710761,1.2288148,34.34745,0.7377324,1.9277697,160.3633,0.543497,0.543497,1.0,160.3633,0.8225806,0.043872528,1.8710761,0.0016005301,0.6996199,0.044003252,0.0,1.2288148,1.9277697,0.543497,0.14995512,0.0,0.6996199,0.14995512,0.8766289,0.543497,1.0,0.6215584,lookahead,beam_orig3_bm1-s0to100br0-s100to200br2-s200to300br0-s300to400br0
/work/T-REX/external/Proteina-Complexa/inference/search_binder_local_pipeline_32_PDL1_ALPHA_REPACK_v7_r007_cand_v7r007_hyp_0007_00_001_a92db08c2022c/job_0_n_207_id_49_beam_orig0_bm0-s0to100br0-s100to200br2-s200to300br3-s300to400br1/job_0_n_207_id_49_beam_orig0_bm0-s0to100br0-s100to200br2-s200to300br3-s300to400br1.pdb,196,"2,0,13,16,19,16,19,14,11,3,10,18,19,19,6,18,7,15,2,12,16,9,6,4,11,13,14,19,6,11,5,10,3,10,0,0,10,9,19,18,17,6,12,6,3,11,2,9,9,5,13,19,8,7,6,6,3,10,11,19,5,8,15,15,18,1,5,1,0,1,10,10,11,3,5,10,15,10,7,2,0,0,10,5,9,16,3,19,11,10,5,3,0,7,19,18,1,4,12,9,15,18,7,7,0,3,18,11,1,9,16,19,11,19,2,0,15,11,11,6,11,6,6,6,0,9,1,18,0,11,6,0,9,0,0,0,11,11,7,2,10,6,10,0,6,18,18,10,11,11,0,6,11,9,0,11,6,16,6,15,14,19,0,17,11,0,10,0,16,0,18,15,6,0,0,11,6,0,12,6,11,7,2,13,11,10,0,7,6,18,10,3,11,18,11,6,0,0,6,8,0,3,13,15,9,11,9",0.70837235,0.054505568,0.22061408,3.0,0.5598999,73.007645,0.6038399,1.0,0.6038399,0.1369077,0.5598999,0.0,0.0,0.5598999,0.0050766,0.93056595,0.1369077,5.9950347,1.2794738,73.007645,0.70837235,2.5497277,201.93279,0.51596,0.51596,1.0,201.93279,0.7793859,0.069434054,5.9950347,0.0050766,0.6038399,0.054505568,0.0,1.2794738,2.5497277,0.51596,0.18244871,0.0,0.6038399,0.18244871,0.84492755,0.51596,1.0,0.5598999,lookahead,beam_orig0_bm0-s0to100br0-s100to200br2-s200to300br3-s300to400br1
/work/T-REX/external/Proteina-Complexa/inference/search_binder_local_pipeline_32_PDL1_ALPHA_REPACK_v7_r007_cand_v7r007_hyp_0007_00_001_a92db08c2022c/job_0_n_196_id_49_beam_orig1_bm3-s0to100br3-s100to200br2-s200to300br2-s300to400br1/job_0_n_196_id_49_beam_orig1_bm3-s0to100br3-s100to200br2-s200to300br2-s300to400br1.pdb,197,"2,0,13,16,19,16,19,14,11,3,10,18,19,19,6,18,7,15,2,12,16,9,6,4,11,13,14,19,6,11,5,10,3,10,0,0,10,9,19,18,17,6,12,6,3,11,2,9,9,5,13,19,8,7,6,6,3,10,11,19,5,8,15,15,18,1,5,1,0,1,10,10,11,3,5,10,15,10,7,2,0,0,10,5,9,16,3,19,11,10,5,3,0,7,19,18,1,4,12,9,15,18,7,7,0,3,18,11,1,9,16,19,11,19,2,0,2,10,16,3,9,9,16,3,10,12,15,6,3,14,13,11,5,10,11,0,13,4,7,10,11,3,10,6,10,15,10,6,4,19,6,6,9,15,11,19,15,11,10,15,5,19,2,9,3,16,10,1,6,8,4,15,11,9,0,2,14,11,18,16,9,3,6,19,11,0,0,9,6,11,0,11,11,6,11,0,0,0,0,0,0,0,0,0,0,0,0",0.7072474,0.0474656,0.21213537,3.0,0.5715212,42.629074,0.6459061,1.0,0.6459061,0.1452395,0.5715212,0.0,0.0,0.5715212,0.004791917,0.91265184,0.1452395,2.5299783,1.6667296,42.629074,0.7072474,2.7433155,170.24945,0.49713632,0.49713632,1.0,170.24945,0.7878646,0.08734816,2.5299783,0.004791917,0.6459061,0.0474656,0.0,1.6667296,2.7433155,0.49713632,0.18247686,0.0,0.6459061,0.18247686,0.85671604,0.49713632,1.0,0.5715212,lookahead,beam_orig1_bm3-s0to100br3-s100to200br2-s200to300br2-s300to400br1
/work/T-REX/external/Proteina-Complexa/inference/search_binder_local_pipeline_32_PDL1_ALPHA_REPACK_v7_r007_cand_v7r007_hyp_0007_00_001_a92db08c2022c/job_0_n_170_id_49_beam_orig2_bm0-s0to100br1-s100to200br3-s200to300br1-s300to400br1/job_0_n_170_id_49_beam_orig2_bm0-s0to100br1-s100to200br3-s200to300br1-s300to400br1.pdb,198,"2,0,13,16,19,16,19,14,11,3,10,18,19,19,6,18,7,15,2,12,16,9,6,4,11,13,14,19,6,11,5,10,3,10,0,0,10,9,19,18,17,6,12,6,3,11,2,9,9,5,13,19,8,7,6,6,3,10,11,19,5,8,15,15,18,1,5,1,0,1,10,10,11,3,5,10,15,10,7,2,0,0,10,5,9,16,3,19,11,10,5,3,0,7,19,18,1,4,12,9,15,18,7,7,0,3,18,11,1,9,16,19,11,19,2,0,15,15,6,6,3,9,6,8,5,1,1,9,19,6,2,18,11,1,10,13,6,6,0,11,11,0,7,11,0,10,3,16,10,2,2,18,6,11,5,10,1,2,8,5,0,13,10,3,12,10,19,11,18,7,0,0,0,0,0,0,0,0,0,0,0,0,0,0,0,0,0,0,0,0,0,0,0,0,0,0,0,0,0,0,0,0,0,0,0,0,0",0.6720839,0.24255699,0.7250637,3.0,0.059205547,117.875496,0.09136354,1.0,0.09136354,0.35577863,0.01456849,0.0,0.0,0.059205547,0.0072498675,0.7548774,0.35577863,29.937878,1.7415433,117.875496,0.6720839,3.561077,227.43396,0.014230562,0.027047552,1.0,227.43396,0.27493635,0.2451226,29.937878,0.0072498675,0.014906418,0.24255699,0.0,1.7415433,3.561077,0.014230562,0.47471708,0.0,0.014906418,0.47471708,0.6888102,0.027047552,1.0,0.01456849,lookahead,beam_orig2_bm0-s0to100br1-s100to200br3-s200to300br1-s300to400br1
/work/T-REX/external/Proteina-Complexa/inference/search_binder_local_pipeline_32_PDL1_ALPHA_REPACK_v7_r007_cand_v7r007_hyp_0007_00_001_a92db08c2022c/job_0_n_191_id_49_beam_orig3_bm1-s0to100br0-s100to200br2-s200to300br0-s300to400br1/job_0_n_191_id_49_beam_orig3_bm1-s0to100br0-s100to200br2-s200to300br0-s300to400br1.pdb,199,"2,0,13,16,19,16,19,14,11,3,10,18,19,19,6,18,7,15,2,12,16,9,6,4,11,13,14,19,6,11,5,10,3,10,0,0,10,9,19,18,17,6,12,6,3,11,2,9,9,5,13,19,8,7,6,6,3,10,11,19,5,8,15,15,18,1,5,1,0,1,10,10,11,3,5,10,15,10,7,2,0,0,10,5,9,16,3,19,11,10,5,3,0,7,19,18,1,4,12,9,15,18,7,7,0,3,18,11,1,9,16,19,11,19,2,0,15,3,6,6,10,19,11,10,0,11,10,11,5,1,6,0,13,10,6,19,16,11,11,2,14,16,7,0,19,11,11,18,11,6,0,9,11,9,18,10,5,10,2,2,14,3,6,0,6,11,19,7,11,6,7,10,11,10,10,6,7,16,6,6,0,11,6,10,5,6,13,10,3,15,10,0,0,0,0,0,0,0,0,0,0,0,0,0,0,0,0",0.7388493,0.04413188,0.17675078,3.0,0.6234276,32.528633,0.70088816,1.0,0.70088816,0.11539933,0.6234276,0.0,0.0,0.6234276,0.0016299962,0.95605195,0.11539933,1.9412931,1.2296437,32.528633,0.7388493,1.9227757,161.87033,0.54596716,0.54596716,1.0,161.87033,0.8232492,0.043948032,1.9412931,0.0016299962,0.70088816,0.04413188,0.0,1.2296437,1.9227757,0.54596716,0.14970449,0.0,0.70088816,0.14970449,0.8771474,0.54596716,1.0,0.6234276,lookahead,beam_orig3_bm1-s0to100br0-s100to200br2-s200to300br0-s300to400br1
/work/T-REX/external/Proteina-Complexa/inference/search_binder_local_pipeline_32_PDL1_ALPHA_REPACK_v7_r007_cand_v7r007_hyp_0007_00_001_a92db08c2022c/job_0_n_207_id_50_beam_orig0_bm0-s0to100br0-s100to200br2-s200to300br3-s300to400br2/job_0_n_207_id_50_beam_orig0_bm0-s0to100br0-s100to200br2-s200to300br3-s300to400br2.pdb,200,"2,0,13,16,19,16,19,14,11,3,10,18,19,19,6,18,7,15,2,12,16,9,6,4,11,13,14,19,6,11,5,10,3,10,0,0,10,9,19,18,17,6,12,6,3,11,2,9,9,5,13,19,8,7,6,6,3,10,11,19,5,8,15,15,18,1,5,1,0,1,10,10,11,3,5,10,15,10,7,2,0,0,10,5,9,16,3,19,11,10,5,3,0,7,19,18,1,4,12,9,15,18,7,7,0,3,18,11,1,9,16,19,11,19,2,0,15,11,11,6,11,6,6,6,0,9,11,18,0,11,6,0,9,0,0,0,11,11,7,2,10,6,10,0,6,18,18,10,11,11,0,6,11,9,0,11,6,16,6,15,14,19,0,17,11,0,10,0,16,0,18,15,6,0,0,11,6,0,12,6,11,7,2,13,11,10,0,7,6,18,10,3,11,18,11,6,0,0,6,8,0,3,13,15,9,11,9",0.7083175,0.054179806,0.21819526,3.0,0.5630412,74.05407,0.6071178,1.0,0.6071178,0.13666788,0.5630412,0.0,0.0,0.5630412,0.0050967103,0.9305169,0.13666788,5.8964176,1.2770547,74.05407,0.7083175,2.5256438,207.86526,0.5189646,0.5189646,1.0,207.86526,0.78180474,0.06948308,5.8964176,0.0050967103,0.6071178,0.054179806,0.0,1.2770547,2.5256438,0.5189646,0.18201657,0.0,0.6071178,0.18201657,0.84540474,0.5189646,1.0,0.5630412,lookahead,beam_orig0_bm0-s0to100br0-s100to200br2-s200to300br3-s300to400br2
/work/T-REX/external/Proteina-Complexa/inference/search_binder_local_pipeline_32_PDL1_ALPHA_REPACK_v7_r007_cand_v7r007_hyp_0007_00_001_a92db08c2022c/job_0_n_196_id_50_beam_orig1_bm3-s0to100br3-s100to200br2-s200to300br2-s300to400br2/job_0_n_196_id_50_beam_orig1_bm3-s0to100br3-s100to200br2-s200to300br2-s300to400br2.pdb,201,"2,0,13,16,19,16,19,14,11,3,10,18,19,19,6,18,7,15,2,12,16,9,6,4,11,13,14,19,6,11,5,10,3,10,0,0,10,9,19,18,17,6,12,6,3,11,2,9,9,5,13,19,8,7,6,6,3,10,11,19,5,8,15,15,18,1,5,1,0,1,10,10,11,3,5,10,15,10,7,2,0,0,10,5,9,16,3,19,11,10,5,3,0,7,19,18,1,4,12,9,15,18,7,7,0,3,18,11,1,9,16,19,11,19,2,0,2,10,16,3,9,9,9,3,10,12,15,6,3,14,13,11,5,10,11,0,13,4,7,10,11,3,10,6,10,15,10,6,4,19,6,6,10,15,11,19,15,11,10,2,5,19,2,9,3,16,10,1,6,8,4,15,11,9,0,2,14,11,18,16,9,3,6,19,11,0,0,9,6,11,0,11,11,6,11,0,0,0,0,0,0,0,0,0,0,0,0",0.7175434,0.044996697,0.19768703,3.0,0.5964546,39.053547,0.66954553,1.0,0.66954553,0.13968332,0.5964546,0.0,0.0,0.5964546,0.0031975552,0.92150885,0.13968332,2.7467067,1.6206287,39.053547,0.7175434,2.6586397,163.12775,0.5233637,0.5233637,1.0,163.12775,0.80231297,0.07849117,2.7467067,0.0031975552,0.66954553,0.044996697,0.0,1.6206287,2.6586397,0.5233637,0.17544173,0.0,0.66954553,0.17544173,0.86133164,0.5233637,1.0,0.5964546,lookahead,beam_orig1_bm3-s0to100br3-s100to200br2-s200to300br2-s300to400br2
/work/T-REX/external/Proteina-Complexa/inference/search_binder_local_pipeline_32_PDL1_ALPHA_REPACK_v7_r007_cand_v7r007_hyp_0007_00_001_a92db08c2022c/job_0_n_170_id_50_beam_orig2_bm0-s0to100br1-s100to200br3-s200to300br1-s300to400br2/job_0_n_170_id_50_beam_orig2_bm0-s0to100br1-s100to200br3-s200to300br1-s300to400br2.pdb,202,"2,0,13,16,19,16,19,14,11,3,10,18,19,19,6,18,7,15,2,12,16,9,6,4,11,13,14,19,6,11,5,10,3,10,0,0,10,9,19,18,17,6,12,6,3,11,2,9,9,5,13,19,8,7,6,6,3,10,11,19,5,8,15,15,18,1,5,1,0,1,10,10,11,3,5,10,15,10,7,2,0,0,10,5,9,16,3,19,11,10,5,3,0,7,19,18,1,4,12,9,15,18,7,7,0,3,18,11,1,9,16,19,11,19,2,0,15,15,6,6,3,9,6,8,5,1,1,9,19,6,2,18,11,1,10,13,6,6,0,11,11,0,7,11,0,10,3,16,10,2,2,18,6,11,5,10,1,2,8,5,0,13,10,3,12,10,19,11,18,7,0,0,0,0,0,0,0,0,0,0,0,0,0,0,0,0,0,0,0,0,0,0,0,0,0,0,0,0,0,0,0,0,0,0,0,0,0",0.6419114,0.21202554,0.68452,3.0,0.06778594,114.13147,0.09906301,1.0,0.09906301,0.34180453,0.018319698,0.0,0.0,0.06778594,0.009030667,0.7665739,0.34180453,21.378994,1.7144518,114.13147,0.6419114,3.397292,216.35382,0.018029988,0.036508873,1.0,216.35382,0.31548,0.23342612,21.378994,0.009030667,0.018609408,0.21202554,0.0,1.7144518,3.397292,0.018029988,0.4526546,0.0,0.018609408,0.4526546,0.69793314,0.036508873,1.0,0.018319698,lookahead,beam_orig2_bm0-s0to100br1-s100to200br3-s200to300br1-s300to400br2
/work/T-REX/external/Proteina-Complexa/inference/search_binder_local_pipeline_32_PDL1_ALPHA_REPACK_v7_r007_cand_v7r007_hyp_0007_00_001_a92db08c2022c/job_0_n_191_id_50_beam_orig3_bm1-s0to100br0-s100to200br2-s200to300br0-s300to400br2/job_0_n_191_id_50_beam_orig3_bm1-s0to100br0-s100to200br2-s200to300br0-s300to400br2.pdb,203,"2,0,13,16,19,16,19,14,11,3,10,18,19,19,6,18,7,15,2,12,16,9,6,4,11,13,14,19,6,11,5,10,3,10,0,0,10,9,19,18,17,6,12,6,3,11,2,9,9,5,13,19,8,7,6,6,3,10,11,19,5,8,15,15,18,1,5,1,0,1,10,10,11,3,5,10,15,10,7,2,0,0,10,5,9,16,3,19,11,10,5,3,0,7,19,18,1,4,12,9,15,18,7,7,0,3,18,11,1,9,16,19,11,19,2,0,15,3,6,6,10,19,11,10,0,11,10,11,5,1,6,0,13,10,6,19,16,11,11,2,14,15,7,0,19,11,11,18,11,6,0,9,11,9,18,10,5,10,2,2,14,3,6,0,6,11,19,7,11,6,7,10,11,10,10,6,7,16,6,6,0,11,6,10,5,6,13,10,3,15,10,0,0,0,0,0,0,0,0,0,0,0,0,0,0,0,0",0.7368908,0.0438444,0.17985117,3.0,0.6180496,31.907928,0.6954405,1.0,0.6954405,0.11629891,0.6180496,0.0,0.0,0.6180496,0.0016805275,0.95524424,0.11629891,1.8653097,1.2407421,31.907928,0.7368908,1.9410074,152.32408,0.54065883,0.54065883,1.0,152.32408,0.8201488,0.044755768,1.8653097,0.0016805275,0.6954405,0.0438444,0.0,1.2407421,1.9410074,0.54065883,0.1509356,0.0,0.6954405,0.1509356,0.87621003,0.54065883,1.0,0.6180496,lookahead,beam_orig3_bm1-s0to100br0-s100to200br2-s200to300br0-s300to400br2
/work/T-REX/external/Proteina-Complexa/inference/search_binder_local_pipeline_32_PDL1_ALPHA_REPACK_v7_r007_cand_v7r007_hyp_0007_00_001_a92db08c2022c/job_0_n_207_id_51_beam_orig0_bm0-s0to100br0-s100to200br2-s200to300br3-s300to400br3/job_0_n_207_id_51_beam_orig0_bm0-s0to100br0-s100to200br2-s200to300br3-s300to400br3.pdb,204,"2,0,13,16,19,16,19,14,11,3,10,18,19,19,6,18,7,15,2,12,16,9,6,4,11,13,14,19,6,11,5,10,3,10,0,0,10,9,19,18,17,6,12,6,3,11,2,9,9,5,13,19,8,7,6,6,3,10,11,19,5,8,15,15,18,1,5,1,0,1,10,10,11,3,5,10,15,10,7,2,0,0,10,5,9,16,3,19,11,10,5,3,0,7,19,18,1,4,12,9,15,18,7,7,0,3,18,11,1,9,16,19,11,19,2,0,15,11,11,6,11,6,6,6,0,9,1,18,0,11,6,0,9,0,0,0,11,11,7,2,10,6,10,0,6,18,18,10,11,11,0,6,11,9,0,11,6,16,6,15,14,19,0,17,11,0,10,0,16,0,18,15,6,0,0,11,6,0,12,6,11,7,2,13,11,10,0,7,6,18,10,3,11,18,11,6,0,0,6,8,0,3,13,15,9,11,9",0.7082597,0.054399822,0.22102803,3.0,0.5594664,73.62033,0.60363024,1.0,0.60363024,0.13737729,0.5594664,0.0,0.0,0.5594664,0.0050341324,0.9291531,0.13737729,5.9475565,1.2812824,73.62033,0.7082597,2.540776,210.41559,0.5153026,0.5153026,1.0,210.41559,0.77897197,0.070846945,5.9475565,0.0050341324,0.60363024,0.054399822,0.0,1.2812824,2.540776,0.5153026,0.18274876,0.0,0.60363024,0.18274876,0.84454,0.5153026,1.0,0.5594664,lookahead,beam_orig0_bm0-s0to100br0-s100to200br2-s200to300br3-s300to400br3
/work/T-REX/external/Proteina-Complexa/inference/search_binder_local_pipeline_32_PDL1_ALPHA_REPACK_v7_r007_cand_v7r007_hyp_0007_00_001_a92db08c2022c/job_0_n_196_id_51_beam_orig1_bm3-s0to100br3-s100to200br2-s200to300br2-s300to400br3/job_0_n_196_id_51_beam_orig1_bm3-s0to100br3-s100to200br2-s200to300br2-s300to400br3.pdb,205,"2,0,13,16,19,16,19,14,11,3,10,18,19,19,6,18,7,15,2,12,16,9,6,4,11,13,14,19,6,11,5,10,3,10,0,0,10,9,19,18,17,6,12,6,3,11,2,9,9,5,13,19,8,7,6,6,3,10,11,19,5,8,15,15,18,1,5,1,0,1,10,10,11,3,5,10,15,10,7,2,0,0,10,5,9,16,3,19,11,10,5,3,0,7,19,18,1,4,12,9,15,18,7,7,0,3,18,11,1,9,16,19,11,19,2,0,2,10,16,3,9,9,9,3,10,12,15,6,3,14,13,11,5,10,11,0,13,4,7,10,11,3,10,6,10,15,10,6,4,19,6,6,9,15,11,19,15,11,10,15,5,19,2,9,3,16,10,1,6,8,4,15,11,9,0,2,14,11,18,16,9,3,6,19,11,0,0,9,6,11,0,11,11,6,11,0,0,0,0,0,0,0,0,0,0,0,0",0.7105817,0.047376823,0.2109679,3.0,0.5743365,40.590633,0.6480704,1.0,0.6480704,0.1429651,0.5743365,0.0,0.0,0.5743365,0.0033902922,0.917529,0.1429651,2.59512,1.6223328,40.590633,0.7105817,2.721519,173.33759,0.50060266,0.50060266,1.0,173.33759,0.7890321,0.08247101,2.59512,0.0033902922,0.6480704,0.047376823,0.0,1.6223328,2.721519,0.50060266,0.18020667,0.0,0.6480704,0.18020667,0.85771805,0.50060266,1.0,0.5743365,lookahead,beam_orig1_bm3-s0to100br3-s100to200br2-s200to300br2-s300to400br3
/work/T-REX/external/Proteina-Complexa/inference/search_binder_local_pipeline_32_PDL1_ALPHA_REPACK_v7_r007_cand_v7r007_hyp_0007_00_001_a92db08c2022c/job_0_n_170_id_51_beam_orig2_bm0-s0to100br1-s100to200br3-s200to300br1-s300to400br3/job_0_n_170_id_51_beam_orig2_bm0-s0to100br1-s100to200br3-s200to300br1-s300to400br3.pdb,206,"2,0,13,16,19,16,19,14,11,3,10,18,19,19,6,18,7,15,2,12,16,9,6,4,11,13,14,19,6,11,5,10,3,10,0,0,10,9,19,18,17,6,12,6,3,11,2,9,9,5,13,19,8,7,6,6,3,10,11,19,5,8,15,15,18,1,5,1,0,1,10,10,11,3,5,10,15,10,7,2,0,0,10,5,9,16,3,19,11,10,5,3,0,7,19,18,1,4,12,9,15,18,7,7,0,3,18,11,1,9,16,19,11,19,2,0,15,15,6,6,3,9,6,8,5,1,1,9,19,6,2,18,11,1,10,13,6,6,0,11,11,0,7,11,0,10,3,16,10,2,2,18,6,11,5,10,1,2,8,5,0,13,10,3,12,10,19,11,18,7,0,0,0,0,0,0,0,0,0,0,0,0,0,0,0,0,0,0,0,0,0,0,0,0,0,0,0,0,0,0,0,0,0,0,0,0,0",0.6697493,0.22444917,0.7385632,3.0,0.049195383,112.91898,0.07542329,1.0,0.07542329,0.36527425,0.01600894,0.0,0.0,0.049195383,0.009045287,0.7571001,0.36527425,20.382318,1.706444,112.91898,0.6697493,3.5405335,212.65778,0.015286725,0.022967475,1.0,212.65778,0.26143682,0.24289986,20.382318,0.009045287,0.016731154,0.22444917,0.0,1.706444,3.5405335,0.015286725,0.4872909,0.0,0.016731154,0.4872909,0.68431395,0.022967475,1.0,0.01600894,lookahead,beam_orig2_bm0-s0to100br1-s100to200br3-s200to300br1-s300to400br3
/work/T-REX/external/Proteina-Complexa/inference/search_binder_local_pipeline_32_PDL1_ALPHA_REPACK_v7_r007_cand_v7r007_hyp_0007_00_001_a92db08c2022c/job_0_n_191_id_51_beam_orig3_bm1-s0to100br0-s100to200br2-s200to300br0-s300to400br3/job_0_n_191_id_51_beam_orig3_bm1-s0to100br0-s100to200br2-s200to300br0-s300to400br3.pdb,207,"2,0,13,16,19,16,19,14,11,3,10,18,19,19,6,18,7,15,2,12,16,9,6,4,11,13,14,19,6,11,5,10,3,10,0,0,10,9,19,18,17,6,12,6,3,11,2,9,9,5,13,19,8,7,6,6,3,10,11,19,5,8,15,15,18,1,5,1,0,1,10,10,11,3,5,10,15,10,7,2,0,0,10,5,9,16,3,19,11,10,5,3,0,7,19,18,1,4,12,9,15,18,7,7,0,3,18,11,1,9,16,19,11,19,2,0,15,3,6,6,10,19,11,10,0,11,10,11,5,1,6,0,13,10,6,19,16,11,11,2,14,15,7,0,19,11,11,18,11,6,0,9,11,9,18,10,5,10,2,2,14,3,6,0,6,11,19,7,11,6,7,10,11,10,10,6,7,16,6,6,0,11,6,10,5,6,13,10,3,15,10,0,0,0,0,0,0,0,0,0,0,0,0,0,0,0,0",0.736731,0.04375155,0.17912918,3.0,0.6191222,34.020485,0.6968681,1.0,0.6968681,0.116391025,0.6191222,0.0,0.0,0.6191222,0.0017123532,0.95532817,0.116391025,1.8926029,1.2391739,34.020485,0.736731,1.9396447,157.2081,0.5413763,0.5413763,1.0,157.2081,0.8208708,0.04467182,1.8926029,0.0017123532,0.6968681,0.04375155,0.0,1.2391739,1.9396447,0.5413763,0.15108499,0.0,0.6968681,0.15108499,0.87600136,0.5413763,1.0,0.6191222,lookahead,beam_orig3_bm1-s0to100br0-s100to200br2-s200to300br0-s300to400br3
/work/T-REX/external/Proteina-Complexa/inference/search_binder_local_pipeline_32_PDL1_ALPHA_REPACK_v7_r007_cand_v7r007_hyp_0007_00_001_a92db08c2022c/job_0_n_207_id_52_beam_orig0_bm0-s0to100br0-s100to200br1-s200to300br0-s300to400br0/job_0_n_207_id_52_beam_orig0_bm0-s0to100br0-s100to200br1-s200to300br0-s300to400br0.pdb,208,"2,0,13,16,19,16,19,14,11,3,10,18,19,19,6,18,7,15,2,12,16,9,6,4,11,13,14,19,6,11,5,10,3,10,0,0,10,9,19,18,17,6,12,6,3,11,2,9,9,5,13,19,8,7,6,6,3,10,11,19,5,8,15,15,18,1,5,1,0,1,10,10,11,3,5,10,15,10,7,2,0,0,10,5,9,16,3,19,11,10,5,3,0,7,19,18,1,4,12,9,15,18,7,7,0,3,18,11,1,9,16,19,11,19,2,0,15,11,6,6,11,9,5,6,19,11,10,10,4,6,6,0,19,11,5,0,11,10,7,2,13,3,6,0,6,11,10,10,5,11,0,11,11,9,0,6,6,9,3,8,14,6,0,8,18,18,10,0,16,7,18,6,7,19,0,11,6,0,12,6,11,7,2,13,11,6,0,7,11,18,10,3,6,0,11,11,0,11,6,11,19,14,3,3,13,11,14",0.68796736,0.05491035,0.20653868,3.0,0.555967,60.536354,0.6100989,1.0,0.6100989,0.13164075,0.555967,0.0,0.0,0.555967,0.0055498923,0.9472666,0.13164075,5.0842414,1.2476941,60.536354,0.68796736,2.4152048,170.76573,0.5018351,0.5018351,1.0,170.76573,0.7934613,0.052733444,5.0842414,0.0055498923,0.6100989,0.05491035,0.0,1.2476941,2.4152048,0.5018351,0.17780761,0.0,0.6100989,0.17780761,0.85438126,0.5018351,1.0,0.555967,lookahead,beam_orig0_bm0-s0to100br0-s100to200br1-s200to300br0-s300to400br0
/work/T-REX/external/Proteina-Complexa/inference/search_binder_local_pipeline_32_PDL1_ALPHA_REPACK_v7_r007_cand_v7r007_hyp_0007_00_001_a92db08c2022c/job_0_n_196_id_52_beam_orig1_bm3-s0to100br3-s100to200br0-s200to300br0-s300to400br0/job_0_n_196_id_52_beam_orig1_bm3-s0to100br3-s100to200br0-s200to300br0-s300to400br0.pdb,209,"2,0,13,16,19,16,19,14,11,3,10,18,19,19,6,18,7,15,2,12,16,9,6,4,11,13,14,19,6,11,5,10,3,10,0,0,10,9,19,18,17,6,12,6,3,11,2,9,9,5,13,19,8,7,6,6,3,10,11,19,5,8,15,15,18,1,5,1,0,1,10,10,11,3,5,10,15,10,7,2,0,0,10,5,9,16,3,19,11,10,5,3,0,7,19,18,1,4,12,9,15,18,7,7,0,3,18,11,1,9,16,19,11,19,2,0,3,10,6,6,9,0,11,7,10,0,15,6,2,6,19,6,5,10,11,0,10,10,11,10,11,3,10,2,10,18,19,11,2,14,6,11,10,15,11,18,16,11,10,14,10,15,16,9,6,0,12,2,11,11,12,6,6,6,7,0,11,14,12,14,6,3,11,6,6,10,10,13,5,10,9,6,13,18,1,0,0,0,0,0,0,0,0,0,0,0,0",0.6996424,0.050267935,0.186813,3.0,0.59031963,43.152843,0.668285,1.0,0.668285,0.1330497,0.59031963,0.0,0.0,0.59031963,0.0019981973,0.92557925,0.1330497,1.9319814,1.5297154,43.152843,0.6996424,2.507497,177.57999,0.5123543,0.5123543,1.0,177.57999,0.813187,0.07442074,1.9319814,0.0019981973,0.668285,0.050267935,0.0,1.5297154,2.507497,0.5123543,0.17089672,0.0,0.668285,0.17089672,0.8691188,0.5123543,1.0,0.59031963,lookahead,beam_orig1_bm3-s0to100br3-s100to200br0-s200to300br0-s300to400br0
/work/T-REX/external/Proteina-Complexa/inference/search_binder_local_pipeline_32_PDL1_ALPHA_REPACK_v7_r007_cand_v7r007_hyp_0007_00_001_a92db08c2022c/job_0_n_170_id_52_beam_orig2_bm0-s0to100br1-s100to200br2-s200to300br2-s300to400br0/job_0_n_170_id_52_beam_orig2_bm0-s0to100br1-s100to200br2-s200to300br2-s300to400br0.pdb,210,"2,0,13,16,19,16,19,14,11,3,10,18,19,19,6,18,7,15,2,12,16,9,6,4,11,13,14,19,6,11,5,10,3,10,0,0,10,9,19,18,17,6,12,6,3,11,2,9,9,5,13,19,8,7,6,6,3,10,11,19,5,8,15,15,18,1,5,1,0,1,10,10,11,3,5,10,15,10,7,2,0,0,10,5,9,16,3,19,11,10,5,3,0,7,19,18,1,4,12,9,15,18,7,7,0,3,18,11,1,9,16,19,11,19,2,0,19,15,6,6,3,10,6,8,10,1,5,9,19,6,2,18,11,6,10,13,5,5,0,11,3,0,7,0,14,0,3,11,10,19,3,18,6,11,5,10,1,2,8,6,3,13,18,2,8,18,11,0,10,7,0,0,0,0,0,0,0,0,0,0,0,0,0,0,0,0,0,0,0,0,0,0,0,0,0,0,0,0,0,0,0,0,0,0,0,0,0",0.684664,0.27264604,0.80935156,3.0,0.0227558,113.417366,0.036965508,1.0,0.036965508,0.4056777,0.0131529905,0.0,0.0,0.0227558,0.0053973817,0.7220901,0.4056777,18.706022,1.7719707,113.417366,0.684664,3.7439747,210.70386,0.012923671,0.008546091,1.0,210.70386,0.1906484,0.27790985,18.706022,0.0053973817,0.01338231,0.27264604,0.0,1.7719707,3.7439747,0.012923671,0.5521192,0.0,0.01338231,0.5521192,0.66538155,0.008546091,1.0,0.0131529905,lookahead,beam_orig2_bm0-s0to100br1-s100to200br2-s200to300br2-s300to400br0
/work/T-REX/external/Proteina-Complexa/inference/search_binder_local_pipeline_32_PDL1_ALPHA_REPACK_v7_r007_cand_v7r007_hyp_0007_00_001_a92db08c2022c/job_0_n_191_id_52_beam_orig3_bm1-s0to100br0-s100to200br2-s200to300br3-s300to400br0/job_0_n_191_id_52_beam_orig3_bm1-s0to100br0-s100to200br2-s200to300br3-s300to400br0.pdb,211,"2,0,13,16,19,16,19,14,11,3,10,18,19,19,6,18,7,15,2,12,16,9,6,4,11,13,14,19,6,11,5,10,3,10,0,0,10,9,19,18,17,6,12,6,3,11,2,9,9,5,13,19,8,7,6,6,3,10,11,19,5,8,15,15,18,1,5,1,0,1,10,10,11,3,5,10,15,10,7,2,0,0,10,5,9,16,3,19,11,10,5,3,0,7,19,18,1,4,12,9,15,18,7,7,0,3,18,11,1,9,16,19,11,19,2,0,11,11,6,3,10,19,0,10,0,11,6,11,5,1,6,0,13,10,6,9,16,11,11,2,14,15,7,0,19,15,11,18,11,6,0,12,11,9,18,19,10,10,11,2,0,3,6,0,11,11,19,7,11,6,7,9,11,10,10,6,7,16,6,6,0,11,6,10,11,6,13,10,3,11,10,0,0,0,0,0,0,0,0,0,0,0,0,0,0,0,0",0.73025405,0.046088517,0.19159365,3.0,0.5985341,31.080051,0.67012256,1.0,0.67012256,0.12083493,0.5985341,0.0,0.0,0.5985341,0.0016017285,0.9491895,0.12083493,1.9442652,1.308403,31.080051,0.73025405,1.9741768,158.35725,0.52694565,0.52694565,1.0,158.35725,0.80840635,0.05081052,1.9442652,0.0016017285,0.67012256,0.046088517,0.0,1.308403,1.9741768,0.52694565,0.1556705,0.0,0.67012256,0.1556705,0.8730767,0.52694565,1.0,0.5985341,lookahead,beam_orig3_bm1-s0to100br0-s100to200br2-s200to300br3-s300to400br0
/work/T-REX/external/Proteina-Complexa/inference/search_binder_local_pipeline_32_PDL1_ALPHA_REPACK_v7_r007_cand_v7r007_hyp_0007_00_001_a92db08c2022c/job_0_n_207_id_53_beam_orig0_bm0-s0to100br0-s100to200br1-s200to300br0-s300to400br1/job_0_n_207_id_53_beam_orig0_bm0-s0to100br0-s100to200br1-s200to300br0-s300to400br1.pdb,212,"2,0,13,16,19,16,19,14,11,3,10,18,19,19,6,18,7,15,2,12,16,9,6,4,11,13,14,19,6,11,5,10,3,10,0,0,10,9,19,18,17,6,12,6,3,11,2,9,9,5,13,19,8,7,6,6,3,10,11,19,5,8,15,15,18,1,5,1,0,1,10,10,11,3,5,10,15,10,7,2,0,0,10,5,9,16,3,19,11,10,5,3,0,7,19,18,1,4,12,9,15,18,7,7,0,3,18,11,1,9,16,19,11,19,2,0,15,11,6,6,11,9,5,6,19,11,10,10,4,6,6,0,19,11,5,0,11,10,7,2,13,3,6,0,6,11,10,10,5,11,0,11,11,9,0,6,6,9,3,8,14,6,0,8,18,18,10,0,16,7,18,6,7,19,0,11,6,0,12,6,11,7,2,13,11,6,0,7,11,18,10,3,6,0,11,11,0,11,6,11,19,14,3,3,13,11,14",0.6879845,0.05523501,0.20778799,3.0,0.55446947,59.877632,0.6077213,1.0,0.6077213,0.13187101,0.55446947,0.0,0.0,0.55446947,0.0055495067,0.9468467,0.13187101,5.1265817,1.2507163,59.877632,0.6879845,2.4182367,172.66339,0.5012176,0.5012176,1.0,172.66339,0.792212,0.05315328,5.1265817,0.0055495067,0.6077213,0.05523501,0.0,1.2507163,2.4182367,0.5012176,0.17816694,0.0,0.6077213,0.17816694,0.8535495,0.5012176,1.0,0.55446947,lookahead,beam_orig0_bm0-s0to100br0-s100to200br1-s200to300br0-s300to400br1
/work/T-REX/external/Proteina-Complexa/inference/search_binder_local_pipeline_32_PDL1_ALPHA_REPACK_v7_r007_cand_v7r007_hyp_0007_00_001_a92db08c2022c/job_0_n_196_id_53_beam_orig1_bm3-s0to100br3-s100to200br0-s200to300br0-s300to400br1/job_0_n_196_id_53_beam_orig1_bm3-s0to100br3-s100to200br0-s200to300br0-s300to400br1.pdb,213,"2,0,13,16,19,16,19,14,11,3,10,18,19,19,6,18,7,15,2,12,16,9,6,4,11,13,14,19,6,11,5,10,3,10,0,0,10,9,19,18,17,6,12,6,3,11,2,9,9,5,13,19,8,7,6,6,3,10,11,19,5,8,15,15,18,1,5,1,0,1,10,10,11,3,5,10,15,10,7,2,0,0,10,5,9,16,3,19,11,10,5,3,0,7,19,18,1,4,12,9,15,18,7,7,0,3,18,11,1,9,16,19,11,19,2,0,3,10,6,6,9,0,11,7,10,0,15,6,2,6,19,6,5,10,11,0,10,10,11,10,11,3,10,2,10,18,9,11,2,14,6,11,10,15,11,18,16,11,10,14,10,15,16,9,6,0,12,2,11,11,12,6,6,6,7,0,11,14,12,3,6,3,11,6,6,10,10,13,5,10,9,6,13,18,1,0,0,0,0,0,0,0,0,0,0,0,0",0.70998204,0.048598908,0.17841321,3.0,0.6108694,42.861694,0.68630075,1.0,0.68630075,0.13271295,0.6108694,0.0,0.0,0.6108694,0.0019809068,0.9226472,0.13271295,1.9736577,1.577324,42.861694,0.70998204,2.4759357,177.09453,0.53543806,0.53543806,1.0,177.09453,0.8215868,0.0773528,1.9736577,0.0019809068,0.68630075,0.048598908,0.0,1.577324,2.4759357,0.53543806,0.16850723,0.0,0.68630075,0.16850723,0.87334776,0.53543806,1.0,0.6108694,lookahead,beam_orig1_bm3-s0to100br3-s100to200br0-s200to300br0-s300to400br1
/work/T-REX/external/Proteina-Complexa/inference/search_binder_local_pipeline_32_PDL1_ALPHA_REPACK_v7_r007_cand_v7r007_hyp_0007_00_001_a92db08c2022c/job_0_n_170_id_53_beam_orig2_bm0-s0to100br1-s100to200br2-s200to300br2-s300to400br1/job_0_n_170_id_53_beam_orig2_bm0-s0to100br1-s100to200br2-s200to300br2-s300to400br1.pdb,214,"2,0,13,16,19,16,19,14,11,3,10,18,19,19,6,18,7,15,2,12,16,9,6,4,11,13,14,19,6,11,5,10,3,10,0,0,10,9,19,18,17,6,12,6,3,11,2,9,9,5,13,19,8,7,6,6,3,10,11,19,5,8,15,15,18,1,5,1,0,1,10,10,11,3,5,10,15,10,7,2,0,0,10,5,9,16,3,19,11,10,5,3,0,7,19,18,1,4,12,9,15,18,7,7,0,3,18,11,1,9,16,19,11,19,2,0,19,15,6,6,3,10,6,8,10,1,5,9,19,6,2,18,11,6,10,13,5,5,0,11,3,0,7,0,14,0,3,11,10,19,3,18,6,11,5,10,1,2,8,6,3,13,18,2,16,18,11,0,10,7,0,0,0,0,0,0,0,0,0,0,0,0,0,0,0,0,0,0,0,0,0,0,0,0,0,0,0,0,0,0,0,0,0,0,0,0,0",0.6717191,0.2655786,0.76522857,3.0,0.03497735,117.663956,0.052715972,1.0,0.052715972,0.37761337,0.013757441,0.0,0.0,0.03497735,0.004749243,0.72477686,0.37761337,30.3677,1.7657943,117.663956,0.6717191,3.6387663,219.7637,0.013072953,0.017238729,1.0,219.7637,0.23477143,0.2752231,30.3677,0.004749243,0.014441929,0.2655786,0.0,1.7657943,3.6387663,0.013072953,0.5111011,0.0,0.014441929,0.5111011,0.676016,0.017238729,1.0,0.013757441,lookahead,beam_orig2_bm0-s0to100br1-s100to200br2-s200to300br2-s300to400br1
/work/T-REX/external/Proteina-Complexa/inference/search_binder_local_pipeline_32_PDL1_ALPHA_REPACK_v7_r007_cand_v7r007_hyp_0007_00_001_a92db08c2022c/job_0_n_191_id_53_beam_orig3_bm1-s0to100br0-s100to200br2-s200to300br3-s300to400br1/job_0_n_191_id_53_beam_orig3_bm1-s0to100br0-s100to200br2-s200to300br3-s300to400br1.pdb,215,"2,0,13,16,19,16,19,14,11,3,10,18,19,19,6,18,7,15,2,12,16,9,6,4,11,13,14,19,6,11,5,10,3,10,0,0,10,9,19,18,17,6,12,6,3,11,2,9,9,5,13,19,8,7,6,6,3,10,11,19,5,8,15,15,18,1,5,1,0,1,10,10,11,3,5,10,15,10,7,2,0,0,10,5,9,16,3,19,11,10,5,3,0,7,19,18,1,4,12,9,15,18,7,7,0,3,18,11,1,9,16,19,11,19,2,0,11,14,6,3,10,19,0,10,0,11,6,11,5,1,6,0,13,10,6,9,16,11,11,2,14,15,7,0,19,15,11,18,11,6,0,12,11,9,18,19,16,10,11,2,0,3,6,0,11,11,19,7,11,6,7,9,11,10,10,6,7,16,6,6,0,11,6,10,11,6,13,10,3,11,10,0,0,0,0,0,0,0,0,0,0,0,0,0,0,0,0",0.7323258,0.04596844,0.1891585,3.0,0.6019682,32.272068,0.6745217,1.0,0.6745217,0.1183378,0.6019682,0.0,0.0,0.6019682,0.0016451064,0.95190793,0.1183378,1.9004741,1.2823266,32.272068,0.7323258,1.9490433,153.3606,0.5294148,0.5294148,1.0,153.3606,0.8108415,0.048092064,1.9004741,0.0016451064,0.6745217,0.04596844,0.0,1.2823266,1.9490433,0.5294148,0.15338023,0.0,0.6745217,0.15338023,0.8747579,0.5294148,1.0,0.6019682,lookahead,beam_orig3_bm1-s0to100br0-s100to200br2-s200to300br3-s300to400br1
/work/T-REX/external/Proteina-Complexa/inference/search_binder_local_pipeline_32_PDL1_ALPHA_REPACK_v7_r007_cand_v7r007_hyp_0007_00_001_a92db08c2022c/job_0_n_207_id_54_beam_orig0_bm0-s0to100br0-s100to200br1-s200to300br0-s300to400br2/job_0_n_207_id_54_beam_orig0_bm0-s0to100br0-s100to200br1-s200to300br0-s300to400br2.pdb,216,"2,0,13,16,19,16,19,14,11,3,10,18,19,19,6,18,7,15,2,12,16,9,6,4,11,13,14,19,6,11,5,10,3,10,0,0,10,9,19,18,17,6,12,6,3,11,2,9,9,5,13,19,8,7,6,6,3,10,11,19,5,8,15,15,18,1,5,1,0,1,10,10,11,3,5,10,15,10,7,2,0,0,10,5,9,16,3,19,11,10,5,3,0,7,19,18,1,4,12,9,15,18,7,7,0,3,18,11,1,9,16,19,11,19,2,0,15,11,6,6,11,9,5,6,19,11,2,10,4,6,6,0,19,11,5,0,11,10,7,2,13,3,6,0,6,11,10,10,5,11,0,11,11,9,0,6,6,9,3,8,14,6,0,8,18,18,10,0,16,7,18,6,7,19,0,11,6,0,12,6,11,7,2,13,11,6,0,7,11,18,10,3,6,0,11,11,0,11,6,11,19,14,3,3,13,11,14",0.68597925,0.055443093,0.20939207,3.0,0.5512178,60.662453,0.6051658,1.0,0.6051658,0.13285096,0.5512178,0.0,0.0,0.5512178,0.005935535,0.9459351,0.13285096,5.109639,1.2588755,60.662453,0.68597925,2.4273505,169.85565,0.49726978,0.49726978,1.0,169.85565,0.7906079,0.054064937,5.109639,0.005935535,0.6051658,0.055443093,0.0,1.2588755,2.4273505,0.49726978,0.17932664,0.0,0.6051658,0.17932664,0.8526226,0.49726978,1.0,0.5512178,lookahead,beam_orig0_bm0-s0to100br0-s100to200br1-s200to300br0-s300to400br2
/work/T-REX/external/Proteina-Complexa/inference/search_binder_local_pipeline_32_PDL1_ALPHA_REPACK_v7_r007_cand_v7r007_hyp_0007_00_001_a92db08c2022c/job_0_n_196_id_54_beam_orig1_bm3-s0to100br3-s100to200br0-s200to300br0-s300to400br2/job_0_n_196_id_54_beam_orig1_bm3-s0to100br3-s100to200br0-s200to300br0-s300to400br2.pdb,217,"2,0,13,16,19,16,19,14,11,3,10,18,19,19,6,18,7,15,2,12,16,9,6,4,11,13,14,19,6,11,5,10,3,10,0,0,10,9,19,18,17,6,12,6,3,11,2,9,9,5,13,19,8,7,6,6,3,10,11,19,5,8,15,15,18,1,5,1,0,1,10,10,11,3,5,10,15,10,7,2,0,0,10,5,9,16,3,19,11,10,5,3,0,7,19,18,1,4,12,9,15,18,7,7,0,3,18,11,1,9,16,19,11,19,2,0,3,10,6,6,9,0,11,7,10,0,15,6,2,6,19,6,5,10,11,0,10,10,11,10,11,3,10,2,10,18,19,11,2,14,6,11,10,15,11,18,16,11,10,14,10,15,16,9,6,0,12,2,11,11,12,6,6,6,7,0,11,14,12,15,6,3,11,6,6,10,10,13,5,10,9,6,13,18,1,0,0,0,0,0,0,0,0,0,0,0,0",0.7104198,0.048763383,0.179569,3.0,0.6080942,44.369366,0.68398654,1.0,0.68398654,0.13066281,0.6080942,0.0,0.0,0.6080942,0.0019434079,0.9273499,0.13066281,2.0415454,1.5303206,44.369366,0.7104198,2.4873326,178.27318,0.53220195,0.53220195,1.0,178.27318,0.820431,0.07265007,2.0415454,0.0019434079,0.68398654,0.048763383,0.0,1.5303206,2.4873326,0.53220195,0.16702798,0.0,0.68398654,0.16702798,0.8725575,0.53220195,1.0,0.6080942,lookahead,beam_orig1_bm3-s0to100br3-s100to200br0-s200to300br0-s300to400br2
/work/T-REX/external/Proteina-Complexa/inference/search_binder_local_pipeline_32_PDL1_ALPHA_REPACK_v7_r007_cand_v7r007_hyp_0007_00_001_a92db08c2022c/job_0_n_170_id_54_beam_orig2_bm0-s0to100br1-s100to200br2-s200to300br2-s300to400br2/job_0_n_170_id_54_beam_orig2_bm0-s0to100br1-s100to200br2-s200to300br2-s300to400br2.pdb,218,"2,0,13,16,19,16,19,14,11,3,10,18,19,19,6,18,7,15,2,12,16,9,6,4,11,13,14,19,6,11,5,10,3,10,0,0,10,9,19,18,17,6,12,6,3,11,2,9,9,5,13,19,8,7,6,6,3,10,11,19,5,8,15,15,18,1,5,1,0,1,10,10,11,3,5,10,15,10,7,2,0,0,10,5,9,16,3,19,11,10,5,3,0,7,19,18,1,4,12,9,15,18,7,7,0,3,18,11,1,9,16,19,11,19,2,0,19,15,6,6,3,10,6,8,10,1,5,9,19,6,2,18,11,6,10,13,5,5,0,11,3,0,7,0,14,0,3,11,10,19,3,18,6,11,5,10,1,2,8,6,3,13,18,2,16,18,11,0,10,7,0,0,0,0,0,0,0,0,0,0,0,0,0,0,0,0,0,0,0,0,0,0,0,0,0,0,0,0,0,0,0,0,0,0,0,0,0",0.6705495,0.2661312,0.76394,3.0,0.035376556,118.07149,0.05342934,1.0,0.05342934,0.37730104,0.013929017,0.0,0.0,0.035376556,0.004670877,0.7241155,0.37730104,30.273447,1.7654722,118.07149,0.6705495,3.6361763,222.00026,0.013342288,0.017323771,1.0,222.00026,0.23606002,0.27588454,30.273447,0.004670877,0.014515745,0.2661312,0.0,1.7654722,3.6361763,0.013342288,0.51073706,0.0,0.014515745,0.51073706,0.6764685,0.017323771,1.0,0.013929017,lookahead,beam_orig2_bm0-s0to100br1-s100to200br2-s200to300br2-s300to400br2
/work/T-REX/external/Proteina-Complexa/inference/search_binder_local_pipeline_32_PDL1_ALPHA_REPACK_v7_r007_cand_v7r007_hyp_0007_00_001_a92db08c2022c/job_0_n_191_id_54_beam_orig3_bm1-s0to100br0-s100to200br2-s200to300br3-s300to400br2/job_0_n_191_id_54_beam_orig3_bm1-s0to100br0-s100to200br2-s200to300br3-s300to400br2.pdb,219,"2,0,13,16,19,16,19,14,11,3,10,18,19,19,6,18,7,15,2,12,16,9,6,4,11,13,14,19,6,11,5,10,3,10,0,0,10,9,19,18,17,6,12,6,3,11,2,9,9,5,13,19,8,7,6,6,3,10,11,19,5,8,15,15,18,1,5,1,0,1,10,10,11,3,5,10,15,10,7,2,0,0,10,5,9,16,3,19,11,10,5,3,0,7,19,18,1,4,12,9,15,18,7,7,0,3,18,11,1,9,16,19,11,19,2,0,11,11,6,3,10,19,0,10,0,11,6,11,5,1,6,0,13,10,6,9,16,11,11,2,14,15,7,0,19,15,11,18,11,6,0,12,11,9,18,19,6,10,11,2,0,3,6,0,11,11,19,7,11,6,7,9,11,10,10,6,7,16,6,6,0,11,6,10,11,6,13,10,3,11,10,0,0,0,0,0,0,0,0,0,0,0,0,0,0,0,0",0.72929025,0.04643714,0.1901645,3.0,0.5996927,33.84767,0.6718496,1.0,0.6718496,0.121130496,0.5996927,0.0,0.0,0.5996927,0.0019178262,0.9489151,0.121130496,1.8916905,1.3104054,33.84767,0.72929025,1.9653615,155.02971,0.52753574,0.52753574,1.0,155.02971,0.8098355,0.05108489,1.8916905,0.0019178262,0.6718496,0.04643714,0.0,1.3104054,1.9653615,0.52753574,0.15564924,0.0,0.6718496,0.15564924,0.8739797,0.52753574,1.0,0.5996927,lookahead,beam_orig3_bm1-s0to100br0-s100to200br2-s200to300br3-s300to400br2
/work/T-REX/external/Proteina-Complexa/inference/search_binder_local_pipeline_32_PDL1_ALPHA_REPACK_v7_r007_cand_v7r007_hyp_0007_00_001_a92db08c2022c/job_0_n_207_id_55_beam_orig0_bm0-s0to100br0-s100to200br1-s200to300br0-s300to400br3/job_0_n_207_id_55_beam_orig0_bm0-s0to100br0-s100to200br1-s200to300br0-s300to400br3.pdb,220,"2,0,13,16,19,16,19,14,11,3,10,18,19,19,6,18,7,15,2,12,16,9,6,4,11,13,14,19,6,11,5,10,3,10,0,0,10,9,19,18,17,6,12,6,3,11,2,9,9,5,13,19,8,7,6,6,3,10,11,19,5,8,15,15,18,1,5,1,0,1,10,10,11,3,5,10,15,10,7,2,0,0,10,5,9,16,3,19,11,10,5,3,0,7,19,18,1,4,12,9,15,18,7,7,0,3,18,11,1,9,16,19,11,19,2,0,15,11,6,6,11,9,5,6,19,11,3,10,4,6,6,0,19,11,5,0,11,10,7,2,13,3,6,0,6,11,10,10,5,11,0,11,11,9,0,6,6,9,3,8,14,6,0,8,18,18,10,0,16,7,18,6,7,19,0,11,6,0,12,6,11,7,2,13,11,6,0,7,11,18,10,3,6,0,11,11,0,11,6,11,19,14,3,3,13,11,14",0.68457204,0.05636846,0.2098943,3.0,0.5493122,60.664227,0.6046649,1.0,0.6046649,0.13278137,0.5493122,0.0,0.0,0.5493122,0.0059038005,0.94634736,0.13278137,5.062447,1.2538576,60.664227,0.68457204,2.423104,173.89157,0.49395946,0.49395946,1.0,173.89157,0.7901057,0.053652667,5.062447,0.0059038005,0.6046649,0.05636846,0.0,1.2538576,2.423104,0.49395946,0.1795816,0.0,0.6046649,0.1795816,0.8523031,0.49395946,1.0,0.5493122,lookahead,beam_orig0_bm0-s0to100br0-s100to200br1-s200to300br0-s300to400br3
/work/T-REX/external/Proteina-Complexa/inference/search_binder_local_pipeline_32_PDL1_ALPHA_REPACK_v7_r007_cand_v7r007_hyp_0007_00_001_a92db08c2022c/job_0_n_196_id_55_beam_orig1_bm3-s0to100br3-s100to200br0-s200to300br0-s300to400br3/job_0_n_196_id_55_beam_orig1_bm3-s0to100br3-s100to200br0-s200to300br0-s300to400br3.pdb,221,"2,0,13,16,19,16,19,14,11,3,10,18,19,19,6,18,7,15,2,12,16,9,6,4,11,13,14,19,6,11,5,10,3,10,0,0,10,9,19,18,17,6,12,6,3,11,2,9,9,5,13,19,8,7,6,6,3,10,11,19,5,8,15,15,18,1,5,1,0,1,10,10,11,3,5,10,15,10,7,2,0,0,10,5,9,16,3,19,11,10,5,3,0,7,19,18,1,4,12,9,15,18,7,7,0,3,18,11,1,9,16,19,11,19,2,0,3,10,6,6,9,0,11,7,10,0,15,6,2,6,19,6,5,10,11,0,10,10,11,10,11,3,10,2,10,18,19,11,2,14,6,11,10,15,11,18,16,11,10,14,10,15,16,9,6,0,12,2,11,11,12,6,6,6,7,0,11,14,12,3,6,3,11,6,6,10,10,13,5,10,9,6,13,18,1,0,0,0,0,0,0,0,0,0,0,0,0",0.7087017,0.04865051,0.17950612,3.0,0.60763586,46.342987,0.6847558,1.0,0.6847558,0.13175042,0.60763586,0.0,0.0,0.60763586,0.0019761107,0.9260571,0.13175042,2.0266783,1.5429815,46.342987,0.7087017,2.4802377,180.15086,0.53051585,0.53051585,1.0,180.15086,0.8204939,0.07394288,2.0266783,0.0019761107,0.6847558,0.04865051,0.0,1.5429815,2.4802377,0.53051585,0.16819327,0.0,0.6847558,0.16819327,0.8723768,0.53051585,1.0,0.60763586,lookahead,beam_orig1_bm3-s0to100br3-s100to200br0-s200to300br0-s300to400br3
/work/T-REX/external/Proteina-Complexa/inference/search_binder_local_pipeline_32_PDL1_ALPHA_REPACK_v7_r007_cand_v7r007_hyp_0007_00_001_a92db08c2022c/job_0_n_170_id_55_beam_orig2_bm0-s0to100br1-s100to200br2-s200to300br2-s300to400br3/job_0_n_170_id_55_beam_orig2_bm0-s0to100br1-s100to200br2-s200to300br2-s300to400br3.pdb,222,"2,0,13,16,19,16,19,14,11,3,10,18,19,19,6,18,7,15,2,12,16,9,6,4,11,13,14,19,6,11,5,10,3,10,0,0,10,9,19,18,17,6,12,6,3,11,2,9,9,5,13,19,8,7,6,6,3,10,11,19,5,8,15,15,18,1,5,1,0,1,10,10,11,3,5,10,15,10,7,2,0,0,10,5,9,16,3,19,11,10,5,3,0,7,19,18,1,4,12,9,15,18,7,7,0,3,18,11,1,9,16,19,11,19,2,0,19,15,6,6,3,10,6,8,10,1,5,9,19,6,2,18,11,6,10,13,5,5,0,11,3,0,7,0,14,0,3,11,10,19,3,18,6,11,5,10,1,2,8,6,3,13,18,2,16,18,11,0,10,7,0,0,0,0,0,0,0,0,0,0,0,0,0,0,0,0,0,0,0,0,0,0,0,0,0,0,0,0,0,0,0,0,0,0,0,0,0",0.67178965,0.2674931,0.7675068,3.0,0.03403271,117.79107,0.05205785,1.0,0.05205785,0.3793634,0.013744639,0.0,0.0,0.03403271,0.0048410376,0.721687,0.3793634,30.254082,1.7763172,117.79107,0.67178965,3.643803,221.29573,0.013045914,0.016007569,1.0,221.29573,0.23249322,0.27831298,30.254082,0.0048410376,0.014443365,0.2674931,0.0,1.7763172,3.643803,0.013045914,0.5135032,0.0,0.014443365,0.5135032,0.67527056,0.016007569,1.0,0.013744639,lookahead,beam_orig2_bm0-s0to100br1-s100to200br2-s200to300br2-s300to400br3
/work/T-REX/external/Proteina-Complexa/inference/search_binder_local_pipeline_32_PDL1_ALPHA_REPACK_v7_r007_cand_v7r007_hyp_0007_00_001_a92db08c2022c/job_0_n_191_id_55_beam_orig3_bm1-s0to100br0-s100to200br2-s200to300br3-s300to400br3/job_0_n_191_id_55_beam_orig3_bm1-s0to100br0-s100to200br2-s200to300br3-s300to400br3.pdb,223,"2,0,13,16,19,16,19,14,11,3,10,18,19,19,6,18,7,15,2,12,16,9,6,4,11,13,14,19,6,11,5,10,3,10,0,0,10,9,19,18,17,6,12,6,3,11,2,9,9,5,13,19,8,7,6,6,3,10,11,19,5,8,15,15,18,1,5,1,0,1,10,10,11,3,5,10,15,10,7,2,0,0,10,5,9,16,3,19,11,10,5,3,0,7,19,18,1,4,12,9,15,18,7,7,0,3,18,11,1,9,16,19,11,19,2,0,11,11,6,3,10,19,0,10,0,11,6,11,5,1,6,0,13,10,6,9,16,11,11,2,14,15,7,0,19,15,11,18,11,6,0,12,11,9,18,19,6,10,11,2,0,3,6,0,11,11,19,7,11,6,7,9,11,10,10,6,7,16,6,6,0,11,6,10,11,6,13,10,3,11,10,0,0,0,0,0,0,0,0,0,0,0,0,0,0,0,0",0.73150027,0.045837346,0.18695724,3.0,0.6058152,32.91867,0.67884356,1.0,0.67884356,0.120550215,0.6058152,0.0,0.0,0.6058152,0.0019022385,0.9491827,0.120550215,1.8449073,1.305207,32.91867,0.73150027,1.9574269,153.35236,0.5327867,0.5327867,1.0,153.35236,0.81304276,0.050817337,1.8449073,0.0019022385,0.67884356,0.045837346,0.0,1.305207,1.9574269,0.5327867,0.15475078,0.0,0.67884356,0.15475078,0.87445176,0.5327867,1.0,0.6058152,lookahead,beam_orig3_bm1-s0to100br0-s100to200br2-s200to300br3-s300to400br3
/work/T-REX/external/Proteina-Complexa/inference/search_binder_local_pipeline_32_PDL1_ALPHA_REPACK_v7_r007_cand_v7r007_hyp_0007_00_001_a92db08c2022c/job_0_n_207_id_56_beam_orig0_bm0-s0to100br0-s100to200br1-s200to300br2-s300to400br0/job_0_n_207_id_56_beam_orig0_bm0-s0to100br0-s100to200br1-s200to300br2-s300to400br0.pdb,224,"2,0,13,16,19,16,19,14,11,3,10,18,19,19,6,18,7,15,2,12,16,9,6,4,11,13,14,19,6,11,5,10,3,10,0,0,10,9,19,18,17,6,12,6,3,11,2,9,9,5,13,19,8,7,6,6,3,10,11,19,5,8,15,15,18,1,5,1,0,1,10,10,11,3,5,10,15,10,7,2,0,0,10,5,9,16,3,19,11,10,5,3,0,7,19,18,1,4,12,9,15,18,7,7,0,3,18,11,1,9,16,19,11,19,2,0,15,11,6,6,11,19,15,6,19,11,11,10,4,11,6,0,19,2,5,0,11,11,7,2,13,3,6,0,6,15,10,10,5,5,0,11,11,9,0,6,6,9,2,3,14,6,0,2,18,18,10,0,11,0,18,6,7,10,0,11,6,18,12,11,11,7,2,13,6,6,0,7,11,0,10,3,6,0,11,11,0,1,6,11,19,14,6,3,13,11,14",0.68104345,0.052994005,0.20823324,3.0,0.5510875,68.1259,0.6044011,1.0,0.6044011,0.13407049,0.5510875,0.0,0.0,0.5510875,0.0056841564,0.9472442,0.13407049,4.7590756,1.2372643,68.1259,0.68104345,2.4840162,156.2375,0.49777392,0.49777392,1.0,156.2375,0.79176676,0.052755788,4.7590756,0.0056841564,0.6044011,0.052994005,0.0,1.2372643,2.4840162,0.49777392,0.18239391,0.0,0.6044011,0.18239391,0.8528965,0.49777392,1.0,0.5510875,lookahead,beam_orig0_bm0-s0to100br0-s100to200br1-s200to300br2-s300to400br0
/work/T-REX/external/Proteina-Complexa/inference/search_binder_local_pipeline_32_PDL1_ALPHA_REPACK_v7_r007_cand_v7r007_hyp_0007_00_001_a92db08c2022c/job_0_n_196_id_56_beam_orig1_bm3-s0to100br3-s100to200br1-s200to300br2-s300to400br0/job_0_n_196_id_56_beam_orig1_bm3-s0to100br3-s100to200br1-s200to300br2-s300to400br0.pdb,225,"2,0,13,16,19,16,19,14,11,3,10,18,19,19,6,18,7,15,2,12,16,9,6,4,11,13,14,19,6,11,5,10,3,10,0,0,10,9,19,18,17,6,12,6,3,11,2,9,9,5,13,19,8,7,6,6,3,10,11,19,5,8,15,15,18,1,5,1,0,1,10,10,11,3,5,10,15,10,7,2,0,0,10,5,9,16,3,19,11,10,5,3,0,7,19,18,1,4,12,9,15,18,7,7,0,3,18,11,1,9,16,19,11,19,2,0,2,10,19,6,10,0,6,2,4,0,15,6,3,3,0,19,1,10,11,0,9,10,6,10,15,6,6,19,19,15,6,11,10,18,5,6,10,19,11,10,2,10,9,16,5,6,12,0,3,15,10,9,0,11,0,11,6,11,7,11,14,6,10,15,14,3,10,6,6,11,10,9,11,9,9,11,2,11,11,11,0,0,0,0,0,0,0,0,0,0,0",0.7004186,0.04758252,0.18773884,3.0,0.5876167,36.15716,0.65730494,1.0,0.65730494,0.13245712,0.5876167,0.0,0.0,0.5876167,0.0029213347,0.92320716,0.13245712,1.9837725,1.5239891,36.15716,0.7004186,2.553823,158.26115,0.5179284,0.5179284,1.0,158.26115,0.81226116,0.076792866,1.9837725,0.0029213347,0.65730494,0.04758252,0.0,1.5239891,2.553823,0.5179284,0.16880634,0.0,0.65730494,0.16880634,0.8673221,0.5179284,1.0,0.5876167,lookahead,beam_orig1_bm3-s0to100br3-s100to200br1-s200to300br2-s300to400br0
/work/T-REX/external/Proteina-Complexa/inference/search_binder_local_pipeline_32_PDL1_ALPHA_REPACK_v7_r007_cand_v7r007_hyp_0007_00_001_a92db08c2022c/job_0_n_170_id_56_beam_orig2_bm0-s0to100br1-s100to200br2-s200to300br1-s300to400br0/job_0_n_170_id_56_beam_orig2_bm0-s0to100br1-s100to200br2-s200to300br1-s300to400br0.pdb,226,"2,0,13,16,19,16,19,14,11,3,10,18,19,19,6,18,7,15,2,12,16,9,6,4,11,13,14,19,6,11,5,10,3,10,0,0,10,9,19,18,17,6,12,6,3,11,2,9,9,5,13,19,8,7,6,6,3,10,11,19,5,8,15,15,18,1,5,1,0,1,10,10,11,3,5,10,15,10,7,2,0,0,10,5,9,16,3,19,11,10,5,3,0,7,19,18,1,4,12,9,15,18,7,7,0,3,18,11,1,9,16,19,11,19,2,0,0,15,6,6,3,9,10,8,10,16,1,9,19,6,2,18,11,6,6,13,5,5,0,11,3,0,7,0,3,3,3,16,10,19,3,18,6,11,5,10,11,0,0,5,6,12,10,3,5,19,19,11,8,5,0,0,0,0,0,0,0,0,0,0,0,0,0,0,0,0,0,0,0,0,0,0,0,0,0,0,0,0,0,0,0,0,0,0,0,0,0",0.66693044,0.27453935,0.754718,3.0,0.037660975,118.07142,0.057011914,1.0,0.057011914,0.3761788,0.01348865,0.0,0.0,0.037660975,0.008190242,0.709857,0.3761788,27.14911,1.9704427,118.07142,0.66693044,3.596253,228.443,0.012836342,0.018310035,1.0,228.443,0.24528201,0.290143,27.14911,0.008190242,0.014140959,0.27453935,0.0,1.9704427,3.596253,0.012836342,0.50280756,0.0,0.014140959,0.50280756,0.6813721,0.018310035,1.0,0.01348865,lookahead,beam_orig2_bm0-s0to100br1-s100to200br2-s200to300br1-s300to400br0
/work/T-REX/external/Proteina-Complexa/inference/search_binder_local_pipeline_32_PDL1_ALPHA_REPACK_v7_r007_cand_v7r007_hyp_0007_00_001_a92db08c2022c/job_0_n_191_id_56_beam_orig3_bm0-s0to100br3-s100to200br3-s200to300br1-s300to400br0/job_0_n_191_id_56_beam_orig3_bm0-s0to100br3-s100to200br3-s200to300br1-s300to400br0.pdb,227,"2,0,13,16,19,16,19,14,11,3,10,18,19,19,6,18,7,15,2,12,16,9,6,4,11,13,14,19,6,11,5,10,3,10,0,0,10,9,19,18,17,6,12,6,3,11,2,9,9,5,13,19,8,7,6,6,3,10,11,19,5,8,15,15,18,1,5,1,0,1,10,10,11,3,5,10,15,10,7,2,0,0,10,5,9,16,3,19,11,10,5,3,0,7,19,18,1,4,12,9,15,18,7,7,0,3,18,11,1,9,16,19,11,19,2,0,12,15,0,3,18,10,2,10,10,7,3,0,18,11,11,6,7,2,10,3,6,0,6,11,4,18,11,1,0,10,6,9,8,5,11,0,2,3,11,2,7,6,0,16,15,10,2,2,10,7,2,19,18,11,3,5,7,2,10,3,6,0,6,11,4,18,1,1,0,10,6,9,11,5,11,0,0,0,0,0,0,0,0,0,0,0,0,0,0,0,0",0.6565151,0.26791865,0.74840665,3.0,0.038271453,115.979256,0.041057542,1.0,0.041057542,0.33565092,0.0139605105,0.0,0.0,0.038271453,0.0046513434,0.8610841,0.33565092,11.926636,1.2940485,115.979256,0.6565151,4.0017176,198.42369,0.012592072,0.035485364,1.0,198.42369,0.25159338,0.13891593,11.926636,0.0046513434,0.01532895,0.26791865,0.0,1.2940485,4.0017176,0.012592072,0.50436634,0.0,0.01532895,0.50436634,0.6418275,0.035485364,1.0,0.0139605105,lookahead,beam_orig3_bm0-s0to100br3-s100to200br3-s200to300br1-s300to400br0
/work/T-REX/external/Proteina-Complexa/inference/search_binder_local_pipeline_32_PDL1_ALPHA_REPACK_v7_r007_cand_v7r007_hyp_0007_00_001_a92db08c2022c/job_0_n_207_id_57_beam_orig0_bm0-s0to100br0-s100to200br1-s200to300br2-s300to400br1/job_0_n_207_id_57_beam_orig0_bm0-s0to100br0-s100to200br1-s200to300br2-s300to400br1.pdb,228,"2,0,13,16,19,16,19,14,11,3,10,18,19,19,6,18,7,15,2,12,16,9,6,4,11,13,14,19,6,11,5,10,3,10,0,0,10,9,19,18,17,6,12,6,3,11,2,9,9,5,13,19,8,7,6,6,3,10,11,19,5,8,15,15,18,1,5,1,0,1,10,10,11,3,5,10,15,10,7,2,0,0,10,5,9,16,3,19,11,10,5,3,0,7,19,18,1,4,12,9,15,18,7,7,0,3,18,11,1,9,16,19,11,19,2,0,15,11,6,6,11,19,15,6,19,11,11,10,4,11,6,0,19,2,5,0,11,11,7,2,13,3,6,0,6,15,10,10,5,5,0,11,11,9,0,6,6,9,2,3,14,6,0,2,18,18,10,0,11,0,18,6,7,10,0,11,6,18,12,11,11,7,2,13,6,6,0,7,11,0,10,3,6,0,11,11,0,1,6,11,19,14,6,3,13,11,14",0.6798026,0.05321476,0.20814514,3.0,0.5497431,68.416214,0.60272163,1.0,0.60272163,0.13378955,0.5497431,0.0,0.0,0.5497431,0.0057398914,0.9475287,0.13378955,4.764486,1.236573,68.416214,0.6798026,2.484307,159.01762,0.49676457,0.49676457,1.0,159.01762,0.79185486,0.05247126,4.764486,0.0057398914,0.60272163,0.05321476,0.0,1.236573,2.484307,0.49676457,0.18215822,0.0,0.60272163,0.18215822,0.85293716,0.49676457,1.0,0.5497431,lookahead,beam_orig0_bm0-s0to100br0-s100to200br1-s200to300br2-s300to400br1
/work/T-REX/external/Proteina-Complexa/inference/search_binder_local_pipeline_32_PDL1_ALPHA_REPACK_v7_r007_cand_v7r007_hyp_0007_00_001_a92db08c2022c/job_0_n_196_id_57_beam_orig1_bm3-s0to100br3-s100to200br1-s200to300br2-s300to400br1/job_0_n_196_id_57_beam_orig1_bm3-s0to100br3-s100to200br1-s200to300br2-s300to400br1.pdb,229,"2,0,13,16,19,16,19,14,11,3,10,18,19,19,6,18,7,15,2,12,16,9,6,4,11,13,14,19,6,11,5,10,3,10,0,0,10,9,19,18,17,6,12,6,3,11,2,9,9,5,13,19,8,7,6,6,3,10,11,19,5,8,15,15,18,1,5,1,0,1,10,10,11,3,5,10,15,10,7,2,0,0,10,5,9,16,3,19,11,10,5,3,0,7,19,18,1,4,12,9,15,18,7,7,0,3,18,11,1,9,16,19,11,19,2,0,2,10,19,6,10,0,6,2,4,0,15,6,3,3,0,19,1,10,11,0,9,10,6,10,15,6,6,19,16,15,6,11,10,18,5,6,10,19,11,10,11,10,9,16,5,6,12,0,3,15,10,9,0,11,0,11,6,11,7,11,14,6,10,15,14,3,10,6,6,11,10,9,11,9,9,11,2,11,11,11,0,0,0,0,0,0,0,0,0,0,0",0.71327925,0.045318622,0.17604274,3.0,0.613385,36.622498,0.68335146,1.0,0.68335146,0.13051218,0.613385,0.0,0.0,0.613385,0.0033032,0.92191297,0.13051218,1.897298,1.5506135,36.622498,0.71327925,2.5040562,159.45958,0.5434186,0.5434186,1.0,159.45958,0.82395726,0.07808703,1.897298,0.0033032,0.68335146,0.045318622,0.0,1.5506135,2.5040562,0.5434186,0.16416986,0.0,0.68335146,0.16416986,0.87235487,0.5434186,1.0,0.613385,lookahead,beam_orig1_bm3-s0to100br3-s100to200br1-s200to300br2-s300to400br1
/work/T-REX/external/Proteina-Complexa/inference/search_binder_local_pipeline_32_PDL1_ALPHA_REPACK_v7_r007_cand_v7r007_hyp_0007_00_001_a92db08c2022c/job_0_n_170_id_57_beam_orig2_bm0-s0to100br1-s100to200br2-s200to300br1-s300to400br1/job_0_n_170_id_57_beam_orig2_bm0-s0to100br1-s100to200br2-s200to300br1-s300to400br1.pdb,230,"2,0,13,16,19,16,19,14,11,3,10,18,19,19,6,18,7,15,2,12,16,9,6,4,11,13,14,19,6,11,5,10,3,10,0,0,10,9,19,18,17,6,12,6,3,11,2,9,9,5,13,19,8,7,6,6,3,10,11,19,5,8,15,15,18,1,5,1,0,1,10,10,11,3,5,10,15,10,7,2,0,0,10,5,9,16,3,19,11,10,5,3,0,7,19,18,1,4,12,9,15,18,7,7,0,3,18,11,1,9,16,19,11,19,2,0,0,15,6,6,3,9,10,8,10,16,1,9,19,6,2,18,11,6,6,13,5,5,0,11,3,0,7,0,3,3,3,16,10,19,3,18,6,11,5,10,11,0,0,5,6,12,10,3,5,19,19,11,8,5,0,0,0,0,0,0,0,0,0,0,0,0,0,0,0,0,0,0,0,0,0,0,0,0,0,0,0,0,0,0,0,0,0,0,0,0,0",0.6730443,0.27750129,0.77692586,3.0,0.03032103,118.07979,0.04837929,1.0,0.04837929,0.3889076,0.013070948,0.0,0.0,0.03032103,0.008132945,0.70573354,0.3889076,27.959724,1.9578468,118.07979,0.6730443,3.6759493,230.51561,0.012849285,0.01226277,1.0,230.51561,0.22307414,0.29426643,27.959724,0.008132945,0.0132926125,0.27750129,0.0,1.9578468,3.6759493,0.012849285,0.52266556,0.0,0.0132926125,0.52266556,0.67498165,0.01226277,1.0,0.013070948,lookahead,beam_orig2_bm0-s0to100br1-s100to200br2-s200to300br1-s300to400br1
/work/T-REX/external/Proteina-Complexa/inference/search_binder_local_pipeline_32_PDL1_ALPHA_REPACK_v7_r007_cand_v7r007_hyp_0007_00_001_a92db08c2022c/job_0_n_191_id_57_beam_orig3_bm0-s0to100br3-s100to200br3-s200to300br1-s300to400br1/job_0_n_191_id_57_beam_orig3_bm0-s0to100br3-s100to200br3-s200to300br1-s300to400br1.pdb,231,"2,0,13,16,19,16,19,14,11,3,10,18,19,19,6,18,7,15,2,12,16,9,6,4,11,13,14,19,6,11,5,10,3,10,0,0,10,9,19,18,17,6,12,6,3,11,2,9,9,5,13,19,8,7,6,6,3,10,11,19,5,8,15,15,18,1,5,1,0,1,10,10,11,3,5,10,15,10,7,2,0,0,10,5,9,16,3,19,11,10,5,3,0,7,19,18,1,4,12,9,15,18,7,7,0,3,18,11,1,9,16,19,11,19,2,0,12,15,0,3,18,10,2,10,10,7,3,0,18,11,11,6,7,2,10,3,6,0,6,11,4,18,11,1,0,10,6,9,8,5,11,0,2,3,11,2,7,6,0,16,15,10,2,2,10,7,2,19,18,11,3,5,7,2,10,3,6,0,6,11,4,18,1,1,0,10,6,9,11,5,11,0,0,0,0,0,0,0,0,0,0,0,0,0,0,0,0",0.6580131,0.26795766,0.7518153,3.0,0.036506154,114.76847,0.03861063,1.0,0.03861063,0.33681923,0.013947532,0.0,0.0,0.036506154,0.0048180474,0.8600197,0.33681923,11.439736,1.2934102,114.76847,0.6580131,3.9938834,202.89226,0.012577542,0.03440168,1.0,202.89226,0.24818468,0.13998033,11.439736,0.0048180474,0.015317522,0.26795766,0.0,1.2934102,3.9938834,0.012577542,0.50621605,0.0,0.015317522,0.50621605,0.6405593,0.03440168,1.0,0.013947532,lookahead,beam_orig3_bm0-s0to100br3-s100to200br3-s200to300br1-s300to400br1
/work/T-REX/external/Proteina-Complexa/inference/search_binder_local_pipeline_32_PDL1_ALPHA_REPACK_v7_r007_cand_v7r007_hyp_0007_00_001_a92db08c2022c/job_0_n_207_id_58_beam_orig0_bm0-s0to100br0-s100to200br1-s200to300br2-s300to400br2/job_0_n_207_id_58_beam_orig0_bm0-s0to100br0-s100to200br1-s200to300br2-s300to400br2.pdb,232,"2,0,13,16,19,16,19,14,11,3,10,18,19,19,6,18,7,15,2,12,16,9,6,4,11,13,14,19,6,11,5,10,3,10,0,0,10,9,19,18,17,6,12,6,3,11,2,9,9,5,13,19,8,7,6,6,3,10,11,19,5,8,15,15,18,1,5,1,0,1,10,10,11,3,5,10,15,10,7,2,0,0,10,5,9,16,3,19,11,10,5,3,0,7,19,18,1,4,12,9,15,18,7,7,0,3,18,11,1,9,16,19,11,19,2,0,15,11,6,6,11,19,15,6,19,11,11,10,4,11,6,0,19,2,5,0,11,11,7,2,13,3,6,0,6,15,10,10,5,5,0,11,11,9,0,6,6,9,2,3,14,6,0,2,18,18,10,0,11,0,18,6,7,10,0,11,6,18,12,11,11,7,2,13,6,6,0,7,11,0,10,3,6,0,11,11,0,1,6,11,19,14,6,3,13,11,14",0.6825552,0.052688457,0.20793086,3.0,0.55206513,68.94287,0.60473055,1.0,0.60473055,0.13308148,0.55206513,0.0,0.0,0.55206513,0.0056256293,0.9480544,0.13308148,4.7369094,1.2357998,68.94287,0.6825552,2.478517,156.49512,0.49939972,0.49939972,1.0,156.49512,0.79206914,0.051945608,4.7369094,0.0056256293,0.60473055,0.052688457,0.0,1.2357998,2.478517,0.49939972,0.1814062,0.0,0.60473055,0.1814062,0.85329235,0.49939972,1.0,0.55206513,lookahead,beam_orig0_bm0-s0to100br0-s100to200br1-s200to300br2-s300to400br2
/work/T-REX/external/Proteina-Complexa/inference/search_binder_local_pipeline_32_PDL1_ALPHA_REPACK_v7_r007_cand_v7r007_hyp_0007_00_001_a92db08c2022c/job_0_n_196_id_58_beam_orig1_bm3-s0to100br3-s100to200br1-s200to300br2-s300to400br2/job_0_n_196_id_58_beam_orig1_bm3-s0to100br3-s100to200br1-s200to300br2-s300to400br2.pdb,233,"2,0,13,16,19,16,19,14,11,3,10,18,19,19,6,18,7,15,2,12,16,9,6,4,11,13,14,19,6,11,5,10,3,10,0,0,10,9,19,18,17,6,12,6,3,11,2,9,9,5,13,19,8,7,6,6,3,10,11,19,5,8,15,15,18,1,5,1,0,1,10,10,11,3,5,10,15,10,7,2,0,0,10,5,9,16,3,19,11,10,5,3,0,7,19,18,1,4,12,9,15,18,7,7,0,3,18,11,1,9,16,19,11,19,2,0,2,10,19,6,10,0,6,2,4,0,15,6,3,3,0,19,1,10,11,0,9,10,6,10,15,6,6,19,16,15,6,11,10,18,5,6,10,19,11,10,11,10,9,16,5,6,12,0,3,15,10,9,0,11,0,11,6,11,7,11,14,6,10,15,14,3,10,6,6,11,10,9,11,9,9,11,2,11,11,11,0,0,0,0,0,0,0,0,0,0,0",0.7155348,0.044820663,0.17630082,3.0,0.61417013,33.45435,0.68401426,1.0,0.68401426,0.12923121,0.61417013,0.0,0.0,0.61417013,0.0032200627,0.9245649,0.12923121,1.8790118,1.5283458,33.45435,0.7155348,2.5034926,156.27199,0.544326,0.544326,1.0,156.27199,0.8236992,0.07543509,1.8790118,0.0032200627,0.68401426,0.044820663,0.0,1.5283458,2.5034926,0.544326,0.1630866,0.0,0.68401426,0.1630866,0.87264585,0.544326,1.0,0.61417013,lookahead,beam_orig1_bm3-s0to100br3-s100to200br1-s200to300br2-s300to400br2
/work/T-REX/external/Proteina-Complexa/inference/search_binder_local_pipeline_32_PDL1_ALPHA_REPACK_v7_r007_cand_v7r007_hyp_0007_00_001_a92db08c2022c/job_0_n_170_id_58_beam_orig2_bm0-s0to100br1-s100to200br2-s200to300br1-s300to400br2/job_0_n_170_id_58_beam_orig2_bm0-s0to100br1-s100to200br2-s200to300br1-s300to400br2.pdb,234,"2,0,13,16,19,16,19,14,11,3,10,18,19,19,6,18,7,15,2,12,16,9,6,4,11,13,14,19,6,11,5,10,3,10,0,0,10,9,19,18,17,6,12,6,3,11,2,9,9,5,13,19,8,7,6,6,3,10,11,19,5,8,15,15,18,1,5,1,0,1,10,10,11,3,5,10,15,10,7,2,0,0,10,5,9,16,3,19,11,10,5,3,0,7,19,18,1,4,12,9,15,18,7,7,0,3,18,11,1,9,16,19,11,19,2,0,0,15,6,6,3,9,10,8,10,16,1,9,19,6,2,18,11,6,6,13,5,5,0,11,3,0,7,0,3,3,3,16,10,19,3,18,6,11,5,10,11,0,0,5,6,12,10,3,5,19,19,11,8,5,0,0,0,0,0,0,0,0,0,0,0,0,0,0,0,0,0,0,0,0,0,0,0,0,0,0,0,0,0,0,0,0,0,0,0,0,0",0.6755043,0.2791033,0.7788771,3.0,0.030685432,118.44258,0.05013062,1.0,0.05013062,0.38876256,0.012922266,0.0,0.0,0.030685432,0.0077461866,0.707922,0.38876256,28.707664,1.9387227,118.44258,0.6755043,3.6695275,228.33107,0.012778072,0.011240244,1.0,228.33107,0.22112292,0.292078,28.707664,0.0077461866,0.013066459,0.2791033,0.0,1.9387227,3.6695275,0.012778072,0.52349675,0.0,0.013066459,0.52349675,0.6742684,0.011240244,1.0,0.012922266,lookahead,beam_orig2_bm0-s0to100br1-s100to200br2-s200to300br1-s300to400br2
/work/T-REX/external/Proteina-Complexa/inference/search_binder_local_pipeline_32_PDL1_ALPHA_REPACK_v7_r007_cand_v7r007_hyp_0007_00_001_a92db08c2022c/job_0_n_191_id_58_beam_orig3_bm0-s0to100br3-s100to200br3-s200to300br1-s300to400br2/job_0_n_191_id_58_beam_orig3_bm0-s0to100br3-s100to200br3-s200to300br1-s300to400br2.pdb,235,"2,0,13,16,19,16,19,14,11,3,10,18,19,19,6,18,7,15,2,12,16,9,6,4,11,13,14,19,6,11,5,10,3,10,0,0,10,9,19,18,17,6,12,6,3,11,2,9,9,5,13,19,8,7,6,6,3,10,11,19,5,8,15,15,18,1,5,1,0,1,10,10,11,3,5,10,15,10,7,2,0,0,10,5,9,16,3,19,11,10,5,3,0,7,19,18,1,4,12,9,15,18,7,7,0,3,18,11,1,9,16,19,11,19,2,0,12,15,0,3,18,10,2,10,10,7,3,0,18,11,11,6,7,2,10,3,6,0,6,11,4,18,11,1,0,10,6,9,8,5,11,0,2,3,11,2,7,6,0,16,15,10,2,2,10,7,2,19,18,11,3,5,7,2,10,3,6,0,6,11,4,18,1,1,0,10,6,9,11,5,11,0,0,0,0,0,0,0,0,0,0,0,0,0,0,0,0",0.66010636,0.26659667,0.74932027,3.0,0.039689846,115.142365,0.041074302,1.0,0.041074302,0.33511138,0.014100505,0.0,0.0,0.039689846,0.0046707317,0.86081904,0.33511138,11.651501,1.2910061,115.142365,0.66010636,3.9941564,199.22485,0.012765329,0.03830539,1.0,199.22485,0.25067976,0.13918097,11.651501,0.0046707317,0.01543568,0.26659667,0.0,1.2910061,3.9941564,0.012765329,0.5035639,0.0,0.01543568,0.5035639,0.64158124,0.03830539,1.0,0.014100505,lookahead,beam_orig3_bm0-s0to100br3-s100to200br3-s200to300br1-s300to400br2
/work/T-REX/external/Proteina-Complexa/inference/search_binder_local_pipeline_32_PDL1_ALPHA_REPACK_v7_r007_cand_v7r007_hyp_0007_00_001_a92db08c2022c/job_0_n_207_id_59_beam_orig0_bm0-s0to100br0-s100to200br1-s200to300br2-s300to400br3/job_0_n_207_id_59_beam_orig0_bm0-s0to100br0-s100to200br1-s200to300br2-s300to400br3.pdb,236,"2,0,13,16,19,16,19,14,11,3,10,18,19,19,6,18,7,15,2,12,16,9,6,4,11,13,14,19,6,11,5,10,3,10,0,0,10,9,19,18,17,6,12,6,3,11,2,9,9,5,13,19,8,7,6,6,3,10,11,19,5,8,15,15,18,1,5,1,0,1,10,10,11,3,5,10,15,10,7,2,0,0,10,5,9,16,3,19,11,10,5,3,0,7,19,18,1,4,12,9,15,18,7,7,0,3,18,11,1,9,16,19,11,19,2,0,15,11,6,6,11,19,15,6,19,11,11,10,4,11,6,0,19,2,5,0,11,11,7,2,13,3,6,0,6,15,10,10,5,5,0,11,11,9,0,6,6,9,2,3,14,6,0,2,18,18,10,0,11,0,18,6,7,10,0,11,6,18,12,11,11,7,2,13,6,6,0,7,11,0,10,3,6,0,11,11,0,1,6,11,19,14,6,3,13,11,14",0.6773997,0.05393052,0.2111299,3.0,0.54439634,68.54547,0.59857535,1.0,0.59857535,0.13464913,0.54439634,0.0,0.0,0.54439634,0.0056965393,0.9472624,0.13464913,4.755989,1.2344495,68.54547,0.6773997,2.4964592,156.15588,0.4902173,0.4902173,1.0,156.15588,0.7888701,0.05273762,4.755989,0.0056965393,0.59857535,0.05393052,0.0,1.2344495,2.4964592,0.4902173,0.1836915,0.0,0.59857535,0.1836915,0.8513068,0.4902173,1.0,0.54439634,lookahead,beam_orig0_bm0-s0to100br0-s100to200br1-s200to300br2-s300to400br3
/work/T-REX/external/Proteina-Complexa/inference/search_binder_local_pipeline_32_PDL1_ALPHA_REPACK_v7_r007_cand_v7r007_hyp_0007_00_001_a92db08c2022c/job_0_n_196_id_59_beam_orig1_bm3-s0to100br3-s100to200br1-s200to300br2-s300to400br3/job_0_n_196_id_59_beam_orig1_bm3-s0to100br3-s100to200br1-s200to300br2-s300to400br3.pdb,237,"2,0,13,16,19,16,19,14,11,3,10,18,19,19,6,18,7,15,2,12,16,9,6,4,11,13,14,19,6,11,5,10,3,10,0,0,10,9,19,18,17,6,12,6,3,11,2,9,9,5,13,19,8,7,6,6,3,10,11,19,5,8,15,15,18,1,5,1,0,1,10,10,11,3,5,10,15,10,7,2,0,0,10,5,9,16,3,19,11,10,5,3,0,7,19,18,1,4,12,9,15,18,7,7,0,3,18,11,1,9,16,19,11,19,2,0,2,10,19,6,10,0,6,2,4,0,15,6,3,3,0,19,1,10,11,0,9,10,6,10,15,6,6,19,16,15,6,11,10,18,5,6,10,19,11,10,11,10,9,16,5,6,12,0,3,15,10,9,0,11,0,11,6,11,7,11,14,6,10,15,14,3,10,6,6,11,10,9,11,9,9,11,2,11,11,11,0,0,0,0,0,0,0,0,0,0,0",0.71442217,0.045201894,0.1762619,3.0,0.6133995,33.19056,0.68277764,1.0,0.68277764,0.12950005,0.6133995,0.0,0.0,0.6133995,0.003232272,0.9242756,0.12950005,1.9303588,1.534371,33.19056,0.71442217,2.4984424,154.82555,0.5440213,0.5440213,1.0,154.82555,0.8237381,0.07572442,1.9303588,0.003232272,0.68277764,0.045201894,0.0,1.534371,2.4984424,0.5440213,0.16337018,0.0,0.68277764,0.16337018,0.8727359,0.5440213,1.0,0.6133995,lookahead,beam_orig1_bm3-s0to100br3-s100to200br1-s200to300br2-s300to400br3
/work/T-REX/external/Proteina-Complexa/inference/search_binder_local_pipeline_32_PDL1_ALPHA_REPACK_v7_r007_cand_v7r007_hyp_0007_00_001_a92db08c2022c/job_0_n_170_id_59_beam_orig2_bm0-s0to100br1-s100to200br2-s200to300br1-s300to400br3/job_0_n_170_id_59_beam_orig2_bm0-s0to100br1-s100to200br2-s200to300br1-s300to400br3.pdb,238,"2,0,13,16,19,16,19,14,11,3,10,18,19,19,6,18,7,15,2,12,16,9,6,4,11,13,14,19,6,11,5,10,3,10,0,0,10,9,19,18,17,6,12,6,3,11,2,9,9,5,13,19,8,7,6,6,3,10,11,19,5,8,15,15,18,1,5,1,0,1,10,10,11,3,5,10,15,10,7,2,0,0,10,5,9,16,3,19,11,10,5,3,0,7,19,18,1,4,12,9,15,18,7,7,0,3,18,11,1,9,16,19,11,19,2,0,0,15,6,6,3,9,10,8,10,16,1,9,19,6,2,18,11,6,5,13,5,5,0,11,3,0,7,0,3,3,3,16,10,19,3,18,6,11,5,10,11,0,0,5,6,12,10,3,5,19,19,11,8,5,0,0,0,0,0,0,0,0,0,0,0,0,0,0,0,0,0,0,0,0,0,0,0,0,0,0,0,0,0,0,0,0,0,0,0,0,0",0.6670196,0.26859006,0.747346,3.0,0.042552166,117.48629,0.06271881,1.0,0.06271881,0.37204063,0.013976863,0.0,0.0,0.042552166,0.008287982,0.7119174,0.37204063,27.68696,1.9582916,117.48629,0.6670196,3.6207016,233.4154,0.013195735,0.02238552,1.0,233.4154,0.25265402,0.28808257,27.68696,0.008287982,0.014757991,0.26859006,0.0,1.9582916,3.6207016,0.013195735,0.49655154,0.0,0.014757991,0.49655154,0.68313074,0.02238552,1.0,0.013976863,lookahead,beam_orig2_bm0-s0to100br1-s100to200br2-s200to300br1-s300to400br3
/work/T-REX/external/Proteina-Complexa/inference/search_binder_local_pipeline_32_PDL1_ALPHA_REPACK_v7_r007_cand_v7r007_hyp_0007_00_001_a92db08c2022c/job_0_n_191_id_59_beam_orig3_bm0-s0to100br3-s100to200br3-s200to300br1-s300to400br3/job_0_n_191_id_59_beam_orig3_bm0-s0to100br3-s100to200br3-s200to300br1-s300to400br3.pdb,239,"2,0,13,16,19,16,19,14,11,3,10,18,19,19,6,18,7,15,2,12,16,9,6,4,11,13,14,19,6,11,5,10,3,10,0,0,10,9,19,18,17,6,12,6,3,11,2,9,9,5,13,19,8,7,6,6,3,10,11,19,5,8,15,15,18,1,5,1,0,1,10,10,11,3,5,10,15,10,7,2,0,0,10,5,9,16,3,19,11,10,5,3,0,7,19,18,1,4,12,9,15,18,7,7,0,3,18,11,1,9,16,19,11,19,2,0,12,15,0,3,18,10,2,10,10,7,3,0,18,11,11,6,7,2,10,3,6,0,6,11,4,18,11,1,0,10,6,9,8,5,11,0,2,3,11,2,7,6,0,16,15,10,2,2,10,7,2,19,18,11,3,5,7,2,10,3,6,0,6,11,4,18,1,1,0,10,6,9,11,5,11,0,0,0,0,0,0,0,0,0,0,0,0,0,0,0,0",0.65798396,0.2674547,0.75281,3.0,0.036030903,113.11749,0.037629213,1.0,0.037629213,0.3373462,0.0141250435,0.0,0.0,0.036030903,0.004703802,0.86005914,0.3373462,10.802897,1.290369,113.11749,0.65798396,3.9878368,198.81375,0.012985215,0.034432594,1.0,198.81375,0.24718997,0.13994087,10.802897,0.004703802,0.0152648715,0.2674547,0.0,1.290369,3.9878368,0.012985215,0.50726193,0.0,0.0152648715,0.50726193,0.6400548,0.034432594,1.0,0.0141250435,lookahead,beam_orig3_bm0-s0to100br3-s100to200br3-s200to300br1-s300to400br3
/work/T-REX/external/Proteina-Complexa/inference/search_binder_local_pipeline_32_PDL1_ALPHA_REPACK_v7_r007_cand_v7r007_hyp_0007_00_001_a92db08c2022c/job_0_n_207_id_60_beam_orig0_bm0-s0to100br0-s100to200br3-s200to300br1-s300to400br0/job_0_n_207_id_60_beam_orig0_bm0-s0to100br0-s100to200br3-s200to300br1-s300to400br0.pdb,240,"2,0,13,16,19,16,19,14,11,3,10,18,19,19,6,18,7,15,2,12,16,9,6,4,11,13,14,19,6,11,5,10,3,10,0,0,10,9,19,18,17,6,12,6,3,11,2,9,9,5,13,19,8,7,6,6,3,10,11,19,5,8,15,15,18,1,5,1,0,1,10,10,11,3,5,10,15,10,7,2,0,0,10,5,9,16,3,19,11,10,5,3,0,7,19,18,1,4,12,9,15,18,7,7,0,3,18,11,1,9,16,19,11,19,2,0,15,11,0,6,11,9,2,6,9,2,6,18,10,2,3,0,11,11,18,9,11,6,7,2,10,3,6,0,6,15,0,10,2,11,0,6,11,9,0,6,11,2,7,10,16,3,10,18,7,0,9,0,2,7,18,18,3,10,0,11,0,18,12,6,11,7,3,13,11,11,0,0,6,0,9,3,11,0,11,6,19,0,15,11,0,16,7,6,14,9,9",0.67504996,0.047600746,0.19053823,3.0,0.5842902,49.109303,0.65456516,1.0,0.65456516,0.15763304,0.5870844,0.0,0.0,0.5842902,0.03236142,0.9196918,0.15763304,3.2578387,1.2800101,49.109303,0.67504996,2.7738953,162.93156,0.5196036,0.51401526,1.0,162.93156,0.8094618,0.08030819,3.2578387,0.03236142,0.65456516,0.047600746,0.0,1.2800101,2.7738953,0.5196036,0.19504759,0.0,0.65456516,0.19504759,0.84871995,0.51401526,1.0,0.5870844,lookahead,beam_orig0_bm0-s0to100br0-s100to200br3-s200to300br1-s300to400br0
/work/T-REX/external/Proteina-Complexa/inference/search_binder_local_pipeline_32_PDL1_ALPHA_REPACK_v7_r007_cand_v7r007_hyp_0007_00_001_a92db08c2022c/job_0_n_196_id_60_beam_orig1_bm3-s0to100br3-s100to200br1-s200to300br3-s300to400br0/job_0_n_196_id_60_beam_orig1_bm3-s0to100br3-s100to200br1-s200to300br3-s300to400br0.pdb,241,"2,0,13,16,19,16,19,14,11,3,10,18,19,19,6,18,7,15,2,12,16,9,6,4,11,13,14,19,6,11,5,10,3,10,0,0,10,9,19,18,17,6,12,6,3,11,2,9,9,5,13,19,8,7,6,6,3,10,11,19,5,8,15,15,18,1,5,1,0,1,10,10,11,3,5,10,15,10,7,2,0,0,10,5,9,16,3,19,11,10,5,3,0,7,19,18,1,4,12,9,15,18,7,7,0,3,18,11,1,9,16,19,11,19,2,0,2,10,6,6,10,19,11,2,10,0,15,6,3,16,0,9,11,10,11,0,19,10,6,10,7,6,5,19,9,15,6,7,10,18,11,6,10,19,11,13,7,10,9,16,5,11,12,0,3,3,10,9,0,11,7,11,6,6,11,11,14,13,10,15,14,6,16,6,5,2,10,9,3,9,10,11,11,11,10,0,0,0,0,0,0,0,0,0,0,0,0",0.6832828,0.05788819,0.21906447,3.0,0.5333051,33.468502,0.5960287,1.0,0.5960287,0.13821928,0.5333051,0.0,0.0,0.5333051,0.0014665992,0.9189967,0.13821928,1.6991708,1.6428273,33.468502,0.6832828,2.7366214,155.15228,0.47058153,0.47058153,1.0,155.15228,0.7809355,0.08100332,1.6991708,0.0014665992,0.5960287,0.05788819,0.0,1.6428273,2.7366214,0.47058153,0.17861901,0.0,0.5960287,0.17861901,0.8566938,0.47058153,1.0,0.5333051,lookahead,beam_orig1_bm3-s0to100br3-s100to200br1-s200to300br3-s300to400br0
/work/T-REX/external/Proteina-Complexa/inference/search_binder_local_pipeline_32_PDL1_ALPHA_REPACK_v7_r007_cand_v7r007_hyp_0007_00_001_a92db08c2022c/job_0_n_170_id_60_beam_orig2_bm0-s0to100br1-s100to200br2-s200to300br3-s300to400br0/job_0_n_170_id_60_beam_orig2_bm0-s0to100br1-s100to200br2-s200to300br3-s300to400br0.pdb,242,"2,0,13,16,19,16,19,14,11,3,10,18,19,19,6,18,7,15,2,12,16,9,6,4,11,13,14,19,6,11,5,10,3,10,0,0,10,9,19,18,17,6,12,6,3,11,2,9,9,5,13,19,8,7,6,6,3,10,11,19,5,8,15,15,18,1,5,1,0,1,10,10,11,3,5,10,15,10,7,2,0,0,10,5,9,16,3,19,11,10,5,3,0,7,19,18,1,4,12,9,15,18,7,7,0,3,18,11,1,9,16,19,11,19,2,0,15,15,6,6,3,9,6,8,5,1,1,9,19,6,2,18,11,6,10,13,6,5,0,11,11,0,7,11,14,0,3,16,10,2,2,18,6,11,5,10,1,2,8,5,15,13,10,3,5,10,19,11,10,15,0,0,0,0,0,0,0,0,0,0,0,0,0,0,0,0,0,0,0,0,0,0,0,0,0,0,0,0,0,0,0,0,0,0,0,0,0",0.66629314,0.2435495,0.73335785,3.0,0.052036174,116.48816,0.081891544,1.0,0.081891544,0.36124042,0.013530036,0.0,0.0,0.052036174,0.007961229,0.7410441,0.36124042,29.629147,1.7071854,116.48816,0.66629314,3.573439,225.00241,0.013141902,0.022180805,1.0,225.00241,0.26664215,0.2589559,29.629147,0.007961229,0.013918171,0.2435495,0.0,1.7071854,3.573439,0.013141902,0.48577976,0.0,0.013918171,0.48577976,0.6840075,0.022180805,1.0,0.013530036,lookahead,beam_orig2_bm0-s0to100br1-s100to200br2-s200to300br3-s300to400br0
/work/T-REX/external/Proteina-Complexa/inference/search_binder_local_pipeline_32_PDL1_ALPHA_REPACK_v7_r007_cand_v7r007_hyp_0007_00_001_a92db08c2022c/job_0_n_191_id_60_beam_orig3_bm0-s0to100br3-s100to200br3-s200to300br3-s300to400br0/job_0_n_191_id_60_beam_orig3_bm0-s0to100br3-s100to200br3-s200to300br3-s300to400br0.pdb,243,"2,0,13,16,19,16,19,14,11,3,10,18,19,19,6,18,7,15,2,12,16,9,6,4,11,13,14,19,6,11,5,10,3,10,0,0,10,9,19,18,17,6,12,6,3,11,2,9,9,5,13,19,8,7,6,6,3,10,11,19,5,8,15,15,18,1,5,1,0,1,10,10,11,3,5,10,15,10,7,2,0,0,10,5,9,16,3,19,11,10,5,3,0,7,19,18,1,4,12,9,15,18,7,7,0,3,18,11,1,9,16,19,11,19,2,0,12,15,0,3,18,10,2,10,10,7,2,0,18,11,11,6,7,2,10,3,6,0,6,11,4,18,11,1,0,10,6,9,8,5,11,0,7,3,11,2,7,6,0,16,15,10,2,2,10,7,2,19,18,11,3,5,7,2,10,3,6,0,6,11,4,18,1,1,0,10,6,9,11,5,11,0,0,0,0,0,0,0,0,0,0,0,0,0,0,0,0",0.653367,0.22209096,0.6600142,3.0,0.08851157,92.086624,0.10177309,1.0,0.10177309,0.28731737,0.017272634,0.0,0.0,0.08851157,0.0043134848,0.88435066,0.28731737,7.184635,1.306671,92.086624,0.653367,3.718816,180.26888,0.014500671,0.075250044,1.0,180.26888,0.3399858,0.11564932,7.184635,0.0043134848,0.020044599,0.22209096,0.0,1.306671,3.718816,0.014500671,0.42516592,0.0,0.020044599,0.42516592,0.67684233,0.075250044,1.0,0.017272634,lookahead,beam_orig3_bm0-s0to100br3-s100to200br3-s200to300br3-s300to400br0
/work/T-REX/external/Proteina-Complexa/inference/search_binder_local_pipeline_32_PDL1_ALPHA_REPACK_v7_r007_cand_v7r007_hyp_0007_00_001_a92db08c2022c/job_0_n_207_id_61_beam_orig0_bm0-s0to100br0-s100to200br3-s200to300br1-s300to400br1/job_0_n_207_id_61_beam_orig0_bm0-s0to100br0-s100to200br3-s200to300br1-s300to400br1.pdb,244,"2,0,13,16,19,16,19,14,11,3,10,18,19,19,6,18,7,15,2,12,16,9,6,4,11,13,14,19,6,11,5,10,3,10,0,0,10,9,19,18,17,6,12,6,3,11,2,9,9,5,13,19,8,7,6,6,3,10,11,19,5,8,15,15,18,1,5,1,0,1,10,10,11,3,5,10,15,10,7,2,0,0,10,5,9,16,3,19,11,10,5,3,0,7,19,18,1,4,12,9,15,18,7,7,0,3,18,11,1,9,16,19,11,19,2,0,15,11,0,6,11,9,2,6,9,2,6,18,10,2,3,0,11,11,8,9,11,6,7,2,10,3,6,0,6,15,0,10,2,11,0,6,11,9,0,6,11,2,7,10,16,2,10,18,7,0,9,0,2,7,18,18,3,10,0,11,0,18,12,6,11,7,3,13,11,11,0,0,6,0,9,3,11,0,11,6,19,0,15,11,0,11,7,6,14,9,9",0.67496485,0.048080944,0.19238722,3.0,0.58139384,50.558033,0.6479705,1.0,0.6479705,0.15601319,0.5838945,0.0,0.0,0.58139384,0.0354716,0.9221238,0.15601319,3.3182597,1.3039509,50.558033,0.67496485,2.772493,164.23865,0.5198185,0.5148171,1.0,164.23865,0.8076128,0.07787619,3.3182597,0.0354716,0.6479705,0.048080944,0.0,1.3039509,2.772493,0.5198185,0.19500981,0.0,0.6479705,0.19500981,0.84830904,0.5148171,1.0,0.5838945,lookahead,beam_orig0_bm0-s0to100br0-s100to200br3-s200to300br1-s300to400br1
/work/T-REX/external/Proteina-Complexa/inference/search_binder_local_pipeline_32_PDL1_ALPHA_REPACK_v7_r007_cand_v7r007_hyp_0007_00_001_a92db08c2022c/job_0_n_196_id_61_beam_orig1_bm3-s0to100br3-s100to200br1-s200to300br3-s300to400br1/job_0_n_196_id_61_beam_orig1_bm3-s0to100br3-s100to200br1-s200to300br3-s300to400br1.pdb,245,"2,0,13,16,19,16,19,14,11,3,10,18,19,19,6,18,7,15,2,12,16,9,6,4,11,13,14,19,6,11,5,10,3,10,0,0,10,9,19,18,17,6,12,6,3,11,2,9,9,5,13,19,8,7,6,6,3,10,11,19,5,8,15,15,18,1,5,1,0,1,10,10,11,3,5,10,15,10,7,2,0,0,10,5,9,16,3,19,11,10,5,3,0,7,19,18,1,4,12,9,15,18,7,7,0,3,18,11,1,9,16,19,11,19,2,0,2,10,6,6,10,19,11,2,10,0,15,6,3,16,0,9,11,10,11,0,19,10,6,10,7,6,5,19,9,15,6,7,10,18,11,6,10,19,11,13,7,10,9,16,5,11,12,0,3,3,10,9,0,11,7,11,6,6,7,11,14,13,10,15,14,6,16,6,5,2,10,9,3,9,10,11,11,11,10,0,0,0,0,0,0,0,0,0,0,0,0",0.68492365,0.057254076,0.21768403,3.0,0.5363546,36.23191,0.59882563,1.0,0.59882563,0.13793911,0.5363546,0.0,0.0,0.5363546,0.0014002271,0.9186654,0.13793911,1.7289153,1.643113,36.23191,0.68492365,2.7260616,152.37834,0.47388354,0.47388354,1.0,152.37834,0.78231597,0.081334606,1.7289153,0.0014002271,0.59882563,0.057254076,0.0,1.643113,2.7260616,0.47388354,0.17795698,0.0,0.59882563,0.17795698,0.8577342,0.47388354,1.0,0.5363546,lookahead,beam_orig1_bm3-s0to100br3-s100to200br1-s200to300br3-s300to400br1
/work/T-REX/external/Proteina-Complexa/inference/search_binder_local_pipeline_32_PDL1_ALPHA_REPACK_v7_r007_cand_v7r007_hyp_0007_00_001_a92db08c2022c/job_0_n_170_id_61_beam_orig2_bm0-s0to100br1-s100to200br2-s200to300br3-s300to400br1/job_0_n_170_id_61_beam_orig2_bm0-s0to100br1-s100to200br2-s200to300br3-s300to400br1.pdb,246,"2,0,13,16,19,16,19,14,11,3,10,18,19,19,6,18,7,15,2,12,16,9,6,4,11,13,14,19,6,11,5,10,3,10,0,0,10,9,19,18,17,6,12,6,3,11,2,9,9,5,13,19,8,7,6,6,3,10,11,19,5,8,15,15,18,1,5,1,0,1,10,10,11,3,5,10,15,10,7,2,0,0,10,5,9,16,3,19,11,10,5,3,0,7,19,18,1,4,12,9,15,18,7,7,0,3,18,11,1,9,16,19,11,19,2,0,15,15,6,6,3,9,6,8,5,1,1,9,19,6,2,18,11,6,10,13,6,5,0,11,11,0,7,11,14,0,3,16,10,2,2,18,6,11,5,10,1,2,8,5,15,13,10,3,5,10,19,11,10,15,0,0,0,0,0,0,0,0,0,0,0,0,0,0,0,0,0,0,0,0,0,0,0,0,0,0,0,0,0,0,0,0,0,0,0,0,0",0.6639216,0.23523334,0.7204331,3.0,0.05797615,116.99695,0.089983776,1.0,0.089983776,0.35397494,0.013743207,0.0,0.0,0.05797615,0.007853304,0.74449104,0.35397494,29.66494,1.7237606,116.99695,0.6639216,3.5331364,226.09016,0.013321533,0.025968518,1.0,226.09016,0.2795669,0.25550896,29.66494,0.007853304,0.014164882,0.23523334,0.0,1.7237606,3.5331364,0.013321533,0.47470418,0.0,0.014164882,0.47470418,0.68834764,0.025968518,1.0,0.013743207,lookahead,beam_orig2_bm0-s0to100br1-s100to200br2-s200to300br3-s300to400br1
/work/T-REX/external/Proteina-Complexa/inference/search_binder_local_pipeline_32_PDL1_ALPHA_REPACK_v7_r007_cand_v7r007_hyp_0007_00_001_a92db08c2022c/job_0_n_191_id_61_beam_orig3_bm0-s0to100br3-s100to200br3-s200to300br3-s300to400br1/job_0_n_191_id_61_beam_orig3_bm0-s0to100br3-s100to200br3-s200to300br3-s300to400br1.pdb,247,"2,0,13,16,19,16,19,14,11,3,10,18,19,19,6,18,7,15,2,12,16,9,6,4,11,13,14,19,6,11,5,10,3,10,0,0,10,9,19,18,17,6,12,6,3,11,2,9,9,5,13,19,8,7,6,6,3,10,11,19,5,8,15,15,18,1,5,1,0,1,10,10,11,3,5,10,15,10,7,2,0,0,10,5,9,16,3,19,11,10,5,3,0,7,19,18,1,4,12,9,15,18,7,7,0,3,18,11,1,9,16,19,11,19,2,0,12,15,0,3,18,10,2,10,10,7,2,0,18,11,11,6,7,2,10,3,6,0,6,11,4,18,11,1,0,10,6,9,8,5,11,0,7,3,11,2,7,6,0,16,15,10,2,2,10,7,2,19,18,11,3,5,7,2,10,3,6,0,6,11,4,18,1,1,0,10,6,9,11,5,11,0,0,0,0,0,0,0,0,0,0,0,0,0,0,0,0",0.6511035,0.21461461,0.64584035,3.0,0.09648763,93.22041,0.11026362,1.0,0.11026362,0.28090456,0.021874014,0.0,0.0,0.09648763,0.004495874,0.8858407,0.28090456,7.288883,1.315086,93.22041,0.6511035,3.6927717,182.35835,0.018028522,0.08271164,1.0,182.35835,0.35415965,0.11415927,7.288883,0.004495874,0.025719509,0.21461461,0.0,1.315086,3.6927717,0.018028522,0.4141446,0.0,0.025719509,0.4141446,0.6820126,0.08271164,1.0,0.021874014,lookahead,beam_orig3_bm0-s0to100br3-s100to200br3-s200to300br3-s300to400br1
/work/T-REX/external/Proteina-Complexa/inference/search_binder_local_pipeline_32_PDL1_ALPHA_REPACK_v7_r007_cand_v7r007_hyp_0007_00_001_a92db08c2022c/job_0_n_207_id_62_beam_orig0_bm0-s0to100br0-s100to200br3-s200to300br1-s300to400br2/job_0_n_207_id_62_beam_orig0_bm0-s0to100br0-s100to200br3-s200to300br1-s300to400br2.pdb,248,"2,0,13,16,19,16,19,14,11,3,10,18,19,19,6,18,7,15,2,12,16,9,6,4,11,13,14,19,6,11,5,10,3,10,0,0,10,9,19,18,17,6,12,6,3,11,2,9,9,5,13,19,8,7,6,6,3,10,11,19,5,8,15,15,18,1,5,1,0,1,10,10,11,3,5,10,15,10,7,2,0,0,10,5,9,16,3,19,11,10,5,3,0,7,19,18,1,4,12,9,15,18,7,7,0,3,18,11,1,9,16,19,11,19,2,0,15,11,0,6,11,9,2,6,9,2,6,18,10,2,3,0,11,11,8,9,11,6,7,2,10,3,6,0,6,15,0,10,2,11,0,6,11,9,0,6,11,2,7,10,16,3,9,18,7,0,9,0,2,7,18,18,3,10,0,11,0,18,12,6,11,7,3,13,11,11,0,0,6,0,9,3,11,0,11,6,19,0,15,11,0,11,7,6,14,9,9",0.656242,0.055145964,0.22413772,3.0,0.5309537,46.535736,0.6021174,1.0,0.6021174,0.16752866,0.53279036,0.0,0.0,0.5309537,0.03757717,0.91057044,0.16752866,2.9150906,1.3645564,46.535736,0.656242,2.8685632,166.60127,0.4634633,0.45978996,1.0,166.60127,0.7758623,0.089429565,2.9150906,0.03757717,0.6021174,0.055145964,0.0,1.3645564,2.8685632,0.4634633,0.2109183,0.0,0.6021174,0.2109183,0.8296511,0.45978996,1.0,0.53279036,lookahead,beam_orig0_bm0-s0to100br0-s100to200br3-s200to300br1-s300to400br2
/work/T-REX/external/Proteina-Complexa/inference/search_binder_local_pipeline_32_PDL1_ALPHA_REPACK_v7_r007_cand_v7r007_hyp_0007_00_001_a92db08c2022c/job_0_n_196_id_62_beam_orig1_bm3-s0to100br3-s100to200br1-s200to300br3-s300to400br2/job_0_n_196_id_62_beam_orig1_bm3-s0to100br3-s100to200br1-s200to300br3-s300to400br2.pdb,249,"2,0,13,16,19,16,19,14,11,3,10,18,19,19,6,18,7,15,2,12,16,9,6,4,11,13,14,19,6,11,5,10,3,10,0,0,10,9,19,18,17,6,12,6,3,11,2,9,9,5,13,19,8,7,6,6,3,10,11,19,5,8,15,15,18,1,5,1,0,1,10,10,11,3,5,10,15,10,7,2,0,0,10,5,9,16,3,19,11,10,5,3,0,7,19,18,1,4,12,9,15,18,7,7,0,3,18,11,1,9,16,19,11,19,2,0,2,10,6,6,10,19,11,2,4,0,15,6,3,16,0,9,1,10,11,0,19,10,6,10,7,6,5,19,9,15,6,7,10,18,11,6,10,19,11,13,7,10,9,16,5,11,12,0,3,3,10,9,0,11,7,11,6,6,7,11,14,13,10,15,14,6,16,6,1,2,10,9,3,9,10,11,11,11,10,15,0,0,0,0,0,0,0,0,0,0,0",0.697586,0.058008354,0.21509624,3.0,0.54443914,33.37326,0.60145503,1.0,0.60145503,0.12894367,0.54443914,0.0,0.0,0.54443914,0.0011566855,0.9354812,0.12894367,1.6618285,1.4687693,33.37326,0.697586,2.6541622,154.39494,0.48742327,0.48742327,1.0,154.39494,0.78490376,0.0645188,1.6618285,0.0011566855,0.60145503,0.058008354,0.0,1.4687693,2.6541622,0.48742327,0.16949749,0.0,0.60145503,0.16949749,0.86092144,0.48742327,1.0,0.54443914,lookahead,beam_orig1_bm3-s0to100br3-s100to200br1-s200to300br3-s300to400br2
/work/T-REX/external/Proteina-Complexa/inference/search_binder_local_pipeline_32_PDL1_ALPHA_REPACK_v7_r007_cand_v7r007_hyp_0007_00_001_a92db08c2022c/job_0_n_170_id_62_beam_orig2_bm0-s0to100br1-s100to200br2-s200to300br3-s300to400br2/job_0_n_170_id_62_beam_orig2_bm0-s0to100br1-s100to200br2-s200to300br3-s300to400br2.pdb,250,"2,0,13,16,19,16,19,14,11,3,10,18,19,19,6,18,7,15,2,12,16,9,6,4,11,13,14,19,6,11,5,10,3,10,0,0,10,9,19,18,17,6,12,6,3,11,2,9,9,5,13,19,8,7,6,6,3,10,11,19,5,8,15,15,18,1,5,1,0,1,10,10,11,3,5,10,15,10,7,2,0,0,10,5,9,16,3,19,11,10,5,3,0,7,19,18,1,4,12,9,15,18,7,7,0,3,18,11,1,9,16,19,11,19,2,0,15,15,6,6,3,9,6,8,5,1,1,9,19,6,2,18,11,6,10,13,6,5,0,11,11,0,7,11,14,0,3,16,10,2,2,18,6,11,5,10,1,2,8,5,15,13,10,3,5,10,19,11,10,15,0,0,0,0,0,0,0,0,0,0,0,0,0,0,0,0,0,0,0,0,0,0,0,0,0,0,0,0,0,0,0,0,0,0,0,0,0",0.6656044,0.24505803,0.73355734,3.0,0.051471263,117.037796,0.080692835,1.0,0.080692835,0.36171588,0.013430655,0.0,0.0,0.051471263,0.0079603195,0.7394649,0.36171588,29.688313,1.7161523,117.037796,0.6656044,3.573244,225.35086,0.012963432,0.022249693,1.0,225.35086,0.26644266,0.26053512,29.688313,0.0079603195,0.013897877,0.24505803,0.0,1.7161523,3.573244,0.012963432,0.48620293,0.0,0.013897877,0.48620293,0.6838582,0.022249693,1.0,0.013430655,lookahead,beam_orig2_bm0-s0to100br1-s100to200br2-s200to300br3-s300to400br2
/work/T-REX/external/Proteina-Complexa/inference/search_binder_local_pipeline_32_PDL1_ALPHA_REPACK_v7_r007_cand_v7r007_hyp_0007_00_001_a92db08c2022c/job_0_n_191_id_62_beam_orig3_bm0-s0to100br3-s100to200br3-s200to300br3-s300to400br2/job_0_n_191_id_62_beam_orig3_bm0-s0to100br3-s100to200br3-s200to300br3-s300to400br2.pdb,251,"2,0,13,16,19,16,19,14,11,3,10,18,19,19,6,18,7,15,2,12,16,9,6,4,11,13,14,19,6,11,5,10,3,10,0,0,10,9,19,18,17,6,12,6,3,11,2,9,9,5,13,19,8,7,6,6,3,10,11,19,5,8,15,15,18,1,5,1,0,1,10,10,11,3,5,10,15,10,7,2,0,0,10,5,9,16,3,19,11,10,5,3,0,7,19,18,1,4,12,9,15,18,7,7,0,3,18,11,1,9,16,19,11,19,2,0,12,15,0,3,18,10,2,10,10,7,2,0,18,11,11,6,7,2,10,3,6,0,6,11,4,18,11,1,0,10,6,9,8,5,11,0,7,3,11,2,7,6,0,16,15,10,2,2,10,7,2,19,18,11,3,5,7,2,10,3,6,0,6,11,4,18,1,1,0,10,6,9,11,5,11,0,0,0,0,0,0,0,0,0,0,0,0,0,0,0,0",0.6439449,0.27543503,0.75741595,3.0,0.029490955,108.0664,0.03178402,1.0,0.03178402,0.34614363,0.014054779,0.0,0.0,0.029490955,0.004676572,0.8599731,0.34614363,9.401276,1.2959206,108.0664,0.6439449,4.008717,196.8416,0.013581593,0.02719789,1.0,196.8416,0.24258405,0.14002696,9.401276,0.004676572,0.014527966,0.27543503,0.0,1.2959206,4.008717,0.013581593,0.5216699,0.0,0.014527966,0.5216699,0.6378162,0.02719789,1.0,0.014054779,lookahead,beam_orig3_bm0-s0to100br3-s100to200br3-s200to300br3-s300to400br2
/work/T-REX/external/Proteina-Complexa/inference/search_binder_local_pipeline_32_PDL1_ALPHA_REPACK_v7_r007_cand_v7r007_hyp_0007_00_001_a92db08c2022c/job_0_n_207_id_63_beam_orig0_bm0-s0to100br0-s100to200br3-s200to300br1-s300to400br3/job_0_n_207_id_63_beam_orig0_bm0-s0to100br0-s100to200br3-s200to300br1-s300to400br3.pdb,252,"2,0,13,16,19,16,19,14,11,3,10,18,19,19,6,18,7,15,2,12,16,9,6,4,11,13,14,19,6,11,5,10,3,10,0,0,10,9,19,18,17,6,12,6,3,11,2,9,9,5,13,19,8,7,6,6,3,10,11,19,5,8,15,15,18,1,5,1,0,1,10,10,11,3,5,10,15,10,7,2,0,0,10,5,9,16,3,19,11,10,5,3,0,7,19,18,1,4,12,9,15,18,7,7,0,3,18,11,1,9,16,19,11,19,2,0,15,11,0,6,11,9,2,6,9,2,6,18,10,2,3,0,11,11,8,9,11,6,7,2,10,3,6,0,6,15,0,10,2,11,0,6,11,9,0,6,11,2,7,10,16,2,10,18,7,0,9,0,2,0,18,18,3,10,0,11,0,18,12,6,11,7,3,13,11,11,0,0,6,0,9,3,11,0,11,6,19,0,15,11,0,16,7,6,14,9,9",0.6872229,0.04555613,0.18048745,3.0,0.6063576,50.84515,0.6693278,1.0,0.6693278,0.15445909,0.60962975,0.0,0.0,0.6063576,0.032596532,0.92102575,0.15445909,3.7100031,1.3084521,50.84515,0.6872229,2.770097,161.80295,0.54993165,0.5433873,1.0,161.80295,0.81951255,0.078974254,3.7100031,0.032596532,0.6693278,0.04555613,0.0,1.3084521,2.770097,0.54993165,0.18986586,0.0,0.6693278,0.18986586,0.8543812,0.5433873,1.0,0.60962975,lookahead,beam_orig0_bm0-s0to100br0-s100to200br3-s200to300br1-s300to400br3
/work/T-REX/external/Proteina-Complexa/inference/search_binder_local_pipeline_32_PDL1_ALPHA_REPACK_v7_r007_cand_v7r007_hyp_0007_00_001_a92db08c2022c/job_0_n_196_id_63_beam_orig1_bm3-s0to100br3-s100to200br1-s200to300br3-s300to400br3/job_0_n_196_id_63_beam_orig1_bm3-s0to100br3-s100to200br1-s200to300br3-s300to400br3.pdb,253,"2,0,13,16,19,16,19,14,11,3,10,18,19,19,6,18,7,15,2,12,16,9,6,4,11,13,14,19,6,11,5,10,3,10,0,0,10,9,19,18,17,6,12,6,3,11,2,9,9,5,13,19,8,7,6,6,3,10,11,19,5,8,15,15,18,1,5,1,0,1,10,10,11,3,5,10,15,10,7,2,0,0,10,5,9,16,3,19,11,10,5,3,0,7,19,18,1,4,12,9,15,18,7,7,0,3,18,11,1,9,16,19,11,19,2,0,2,10,6,6,10,19,11,2,4,0,15,6,3,16,0,9,11,10,11,0,19,10,6,10,7,6,5,19,9,15,6,7,10,18,11,6,10,19,11,13,7,10,9,16,5,11,12,0,3,3,10,9,0,11,7,11,6,6,11,11,14,13,10,15,14,6,16,6,11,2,10,9,3,9,10,11,11,11,10,15,0,0,0,0,0,0,0,0,0,0,0",0.69646835,0.05827184,0.21688634,3.0,0.5425141,35.78497,0.6046653,1.0,0.6046653,0.13057125,0.5425141,0.0,0.0,0.5425141,0.0013289467,0.93324435,0.13057125,1.7366129,1.4928173,35.78497,0.69646835,2.6949298,150.16795,0.4803629,0.4803629,1.0,150.16795,0.78311366,0.066755645,1.7366129,0.0013289467,0.6046653,0.05827184,0.0,1.4928173,2.6949298,0.4803629,0.17137526,0.0,0.6046653,0.17137526,0.85866714,0.4803629,1.0,0.5425141,lookahead,beam_orig1_bm3-s0to100br3-s100to200br1-s200to300br3-s300to400br3
/work/T-REX/external/Proteina-Complexa/inference/search_binder_local_pipeline_32_PDL1_ALPHA_REPACK_v7_r007_cand_v7r007_hyp_0007_00_001_a92db08c2022c/job_0_n_170_id_63_beam_orig2_bm0-s0to100br1-s100to200br2-s200to300br3-s300to400br3/job_0_n_170_id_63_beam_orig2_bm0-s0to100br1-s100to200br2-s200to300br3-s300to400br3.pdb,254,"2,0,13,16,19,16,19,14,11,3,10,18,19,19,6,18,7,15,2,12,16,9,6,4,11,13,14,19,6,11,5,10,3,10,0,0,10,9,19,18,17,6,12,6,3,11,2,9,9,5,13,19,8,7,6,6,3,10,11,19,5,8,15,15,18,1,5,1,0,1,10,10,11,3,5,10,15,10,7,2,0,0,10,5,9,16,3,19,11,10,5,3,0,7,19,18,1,4,12,9,15,18,7,7,0,3,18,11,1,9,16,19,11,19,2,0,15,15,6,6,3,9,6,8,5,1,1,9,19,6,2,18,11,6,10,13,6,5,0,11,11,0,7,11,14,0,3,16,10,2,2,18,6,11,5,10,1,2,8,5,15,13,10,3,5,10,19,11,10,15,0,0,0,0,0,0,0,0,0,0,0,0,0,0,0,0,0,0,0,0,0,0,0,0,0,0,0,0,0,0,0,0,0,0,0,0,0",0.6653428,0.24139984,0.7279607,3.0,0.055021234,116.350464,0.086202234,1.0,0.086202234,0.35850343,0.013352252,0.0,0.0,0.055021234,0.0077109504,0.7430645,0.35850343,29.66614,1.7126304,116.350464,0.6653428,3.5561557,226.31346,0.012947756,0.023840236,1.0,226.31346,0.27203926,0.25693545,29.66614,0.0077109504,0.013756747,0.24139984,0.0,1.7126304,3.5561557,0.012947756,0.48161957,0.0,0.013756747,0.48161957,0.68609035,0.023840236,1.0,0.013352252,lookahead,beam_orig2_bm0-s0to100br1-s100to200br2-s200to300br3-s300to400br3
/work/T-REX/external/Proteina-Complexa/inference/search_binder_local_pipeline_32_PDL1_ALPHA_REPACK_v7_r007_cand_v7r007_hyp_0007_00_001_a92db08c2022c/job_0_n_191_id_63_beam_orig3_bm0-s0to100br3-s100to200br3-s200to300br3-s300to400br3/job_0_n_191_id_63_beam_orig3_bm0-s0to100br3-s100to200br3-s200to300br3-s300to400br3.pdb,255,"2,0,13,16,19,16,19,14,11,3,10,18,19,19,6,18,7,15,2,12,16,9,6,4,11,13,14,19,6,11,5,10,3,10,0,0,10,9,19,18,17,6,12,6,3,11,2,9,9,5,13,19,8,7,6,6,3,10,11,19,5,8,15,15,18,1,5,1,0,1,10,10,11,3,5,10,15,10,7,2,0,0,10,5,9,16,3,19,11,10,5,3,0,7,19,18,1,4,12,9,15,18,7,7,0,3,18,11,1,9,16,19,11,19,2,0,12,15,0,3,18,10,2,10,10,7,2,0,18,11,11,6,7,2,10,3,6,0,6,11,4,18,11,1,0,10,6,9,8,5,11,0,7,3,11,2,7,6,0,16,15,10,2,2,10,7,2,19,18,11,3,5,7,2,10,3,6,0,6,11,4,18,1,1,0,10,6,9,11,5,11,0,0,0,0,0,0,0,0,0,0,0,0,0,0,0,0",0.6543205,0.21553159,0.64798754,3.0,0.0964059,91.000305,0.110412635,1.0,0.110412635,0.28067857,0.022948237,0.0,0.0,0.0964059,0.004430454,0.88591135,0.28067857,7.23304,1.3113925,91.000305,0.6543205,3.6947238,181.05022,0.020074384,0.08239917,1.0,181.05022,0.35201246,0.11408866,7.23304,0.004430454,0.02582209,0.21553159,0.0,1.3113925,3.6947238,0.020074384,0.41406673,0.0,0.02582209,0.41406673,0.6818956,0.08239917,1.0,0.022948237,lookahead,beam_orig3_bm0-s0to100br3-s100to200br3-s200to300br3-s300to400br3
/work/T-REX/external/Proteina-Complexa/inference/search_binder_local_pipeline_32_PDL1_ALPHA_REPACK_v7_r007_cand_v7r007_hyp_0007_00_001_a92db08c2022c/job_0_n_207_id_64_beam_orig0_bm0-s0to100br0-s100to200br2-s200to300br3-s300to400br0/job_0_n_207_id_64_beam_orig0_bm0-s0to100br0-s100to200br2-s200to300br3-s300to400br0.pdb,256,"2,0,13,16,19,16,19,14,11,3,10,18,19,19,6,18,7,15,2,12,16,9,6,4,11,13,14,19,6,11,5,10,3,10,0,0,10,9,19,18,17,6,12,6,3,11,2,9,9,5,13,19,8,7,6,6,3,10,11,19,5,8,15,15,18,1,5,1,0,1,10,10,11,3,5,10,15,10,7,2,0,0,10,5,9,16,3,19,11,10,5,3,0,7,19,18,1,4,12,9,15,18,7,7,0,3,18,11,1,9,16,19,11,19,2,0,15,11,11,6,11,6,6,6,0,9,5,18,0,11,6,0,9,0,0,0,11,11,7,2,10,6,10,0,6,18,18,10,11,11,0,6,11,9,0,11,6,16,6,15,14,19,0,17,11,0,10,0,16,0,18,15,6,0,0,11,6,0,12,6,11,7,2,13,11,10,0,7,6,13,10,3,11,18,11,6,0,0,6,8,0,3,13,15,9,11,9",0.7175756,0.052008472,0.20814705,3.0,0.58328295,74.826164,0.6284454,1.0,0.6284454,0.135002,0.58328295,0.0,0.0,0.58328295,0.0057967803,0.9339289,0.135002,6.188111,1.2787383,74.826164,0.7175756,2.5438673,205.15451,0.5381205,0.5381205,1.0,205.15451,0.79185295,0.0660711,6.188111,0.0057967803,0.6284454,0.052008472,0.0,1.2787383,2.5438673,0.5381205,0.17792793,0.0,0.6284454,0.17792793,0.8512937,0.5381205,1.0,0.58328295,final,beam_orig0_bm0-s0to100br0-s100to200br2-s200to300br3-s300to400br0
/work/T-REX/external/Proteina-Complexa/inference/search_binder_local_pipeline_32_PDL1_ALPHA_REPACK_v7_r007_cand_v7r007_hyp_0007_00_001_a92db08c2022c/job_0_n_207_id_65_beam_orig0_bm0-s0to100br0-s100to200br2-s200to300br3-s300to400br1/job_0_n_207_id_65_beam_orig0_bm0-s0to100br0-s100to200br2-s200to300br3-s300to400br1.pdb,257,"2,0,13,16,19,16,19,14,11,3,10,18,19,19,6,18,7,15,2,12,16,9,6,4,11,13,14,19,6,11,5,10,3,10,0,0,10,9,19,18,17,6,12,6,3,11,2,9,9,5,13,19,8,7,6,6,3,10,11,19,5,8,15,15,18,1,5,1,0,1,10,10,11,3,5,10,15,10,7,2,0,0,10,5,9,16,3,19,11,10,5,3,0,7,19,18,1,4,12,9,15,18,7,7,0,3,18,11,1,9,16,19,11,19,2,0,15,11,11,6,11,6,6,6,0,9,1,18,0,11,6,0,9,0,0,0,11,11,7,2,10,6,10,0,6,18,18,10,11,11,0,6,11,9,0,11,6,16,6,15,14,19,0,17,11,0,10,0,16,0,18,15,6,0,0,11,6,0,12,6,11,7,2,13,11,10,0,7,6,18,10,3,11,18,11,6,0,0,6,8,0,3,13,15,9,11,9",0.70671445,0.05489013,0.22220469,3.0,0.55642676,72.786606,0.6005495,1.0,0.6005495,0.1373118,0.55642676,0.0,0.0,0.55642676,0.005062104,0.930008,0.1373118,5.9799595,1.2803121,72.786606,0.70671445,2.560483,201.94528,0.51230395,0.51230395,1.0,201.94528,0.7777953,0.06999199,5.9799595,0.005062104,0.6005495,0.05489013,0.0,1.2803121,2.560483,0.51230395,0.18301934,0.0,0.6005495,0.18301934,0.84413964,0.51230395,1.0,0.55642676,final,beam_orig0_bm0-s0to100br0-s100to200br2-s200to300br3-s300to400br1
/work/T-REX/external/Proteina-Complexa/inference/search_binder_local_pipeline_32_PDL1_ALPHA_REPACK_v7_r007_cand_v7r007_hyp_0007_00_001_a92db08c2022c/job_0_n_207_id_66_beam_orig0_bm0-s0to100br0-s100to200br2-s200to300br3-s300to400br2/job_0_n_207_id_66_beam_orig0_bm0-s0to100br0-s100to200br2-s200to300br3-s300to400br2.pdb,258,"2,0,13,16,19,16,19,14,11,3,10,18,19,19,6,18,7,15,2,12,16,9,6,4,11,13,14,19,6,11,5,10,3,10,0,0,10,9,19,18,17,6,12,6,3,11,2,9,9,5,13,19,8,7,6,6,3,10,11,19,5,8,15,15,18,1,5,1,0,1,10,10,11,3,5,10,15,10,7,2,0,0,10,5,9,16,3,19,11,10,5,3,0,7,19,18,1,4,12,9,15,18,7,7,0,3,18,11,1,9,16,19,11,19,2,0,15,11,11,6,11,6,6,6,0,9,11,18,0,11,6,0,9,0,0,0,11,11,7,2,10,6,10,0,6,18,18,10,11,11,0,6,11,9,0,11,6,16,6,15,14,19,0,17,11,0,10,0,16,0,18,15,6,0,0,11,6,0,12,6,11,7,2,13,11,10,0,7,6,18,10,3,11,18,11,6,0,0,6,8,0,3,13,15,9,11,9",0.709543,0.053830553,0.21729994,3.0,0.56519896,74.03465,0.60931027,1.0,0.60931027,0.13645393,0.56519896,0.0,0.0,0.56519896,0.005122334,0.93052053,0.13645393,5.869422,1.2769314,74.03465,0.709543,2.5192347,207.93077,0.52108765,0.52108765,1.0,207.93077,0.78270006,0.06947947,5.869422,0.005122334,0.60931027,0.053830553,0.0,1.2769314,2.5192347,0.52108765,0.1816059,0.0,0.60931027,0.1816059,0.84578335,0.52108765,1.0,0.56519896,final,beam_orig0_bm0-s0to100br0-s100to200br2-s200to300br3-s300to400br2
/work/T-REX/external/Proteina-Complexa/inference/search_binder_local_pipeline_32_PDL1_ALPHA_REPACK_v7_r007_cand_v7r007_hyp_0007_00_001_a92db08c2022c/job_0_n_207_id_67_beam_orig0_bm0-s0to100br0-s100to200br2-s200to300br3-s300to400br3/job_0_n_207_id_67_beam_orig0_bm0-s0to100br0-s100to200br2-s200to300br3-s300to400br3.pdb,259,"2,0,13,16,19,16,19,14,11,3,10,18,19,19,6,18,7,15,2,12,16,9,6,4,11,13,14,19,6,11,5,10,3,10,0,0,10,9,19,18,17,6,12,6,3,11,2,9,9,5,13,19,8,7,6,6,3,10,11,19,5,8,15,15,18,1,5,1,0,1,10,10,11,3,5,10,15,10,7,2,0,0,10,5,9,16,3,19,11,10,5,3,0,7,19,18,1,4,12,9,15,18,7,7,0,3,18,11,1,9,16,19,11,19,2,0,15,11,11,6,11,6,6,6,0,9,1,18,0,11,6,0,9,0,0,0,11,11,7,2,10,6,10,0,6,18,18,10,11,11,0,6,11,9,0,11,6,16,6,15,14,19,0,17,11,0,10,0,16,0,18,15,6,0,0,11,6,0,12,6,11,7,2,13,11,10,0,7,6,18,10,3,11,18,11,6,0,0,6,8,0,3,13,15,9,11,9",0.7089639,0.05409835,0.22013372,3.0,0.56117165,73.797195,0.6042812,1.0,0.6042812,0.13714465,0.56117165,0.0,0.0,0.56117165,0.0048829797,0.9292748,0.13714465,5.927019,1.2812512,73.797195,0.7089639,2.525385,210.37067,0.51806206,0.51806206,1.0,210.37067,0.7798663,0.07072521,5.927019,0.0048829797,0.6042812,0.05409835,0.0,1.2812512,2.525385,0.51806206,0.18240833,0.0,0.6042812,0.18240833,0.84542537,0.51806206,1.0,0.56117165,final,beam_orig0_bm0-s0to100br0-s100to200br2-s200to300br3-s300to400br3
/work/T-REX/external/Proteina-Complexa/inference/search_binder_local_pipeline_32_PDL1_ALPHA_REPACK_v7_r007_cand_v7r007_hyp_0007_00_001_a92db08c2022c/job_0_n_196_id_64_beam_orig1_bm3-s0to100br3-s100to200br2-s200to300br2-s300to400br2/job_0_n_196_id_64_beam_orig1_bm3-s0to100br3-s100to200br2-s200to300br2-s300to400br2.pdb,260,"2,0,13,16,19,16,19,14,11,3,10,18,19,19,6,18,7,15,2,12,16,9,6,4,11,13,14,19,6,11,5,10,3,10,0,0,10,9,19,18,17,6,12,6,3,11,2,9,9,5,13,19,8,7,6,6,3,10,11,19,5,8,15,15,18,1,5,1,0,1,10,10,11,3,5,10,15,10,7,2,0,0,10,5,9,16,3,19,11,10,5,3,0,7,19,18,1,4,12,9,15,18,7,7,0,3,18,11,1,9,16,19,11,19,2,0,2,10,16,3,9,9,9,3,10,12,15,6,3,14,13,11,5,10,11,0,13,4,7,10,11,3,10,6,10,15,10,6,4,19,6,6,10,15,11,19,15,11,10,2,5,19,2,9,3,16,10,1,6,8,4,15,11,9,0,2,14,11,18,16,9,3,6,19,11,0,0,9,6,11,0,11,11,6,11,0,0,0,0,0,0,0,0,0,0,0,0",0.7170929,0.04501771,0.19799238,3.0,0.59576935,39.178265,0.66882634,1.0,0.66882634,0.13986966,0.59576935,0.0,0.0,0.59576935,0.003330142,0.9211801,0.13986966,2.7787948,1.6213611,39.178265,0.7170929,2.6568139,163.56145,0.52271235,0.52271235,1.0,163.56145,0.8020076,0.07881985,2.7787948,0.003330142,0.66882634,0.04501771,0.0,1.6213611,2.6568139,0.52271235,0.175665,0.0,0.66882634,0.175665,0.8614712,0.52271235,1.0,0.59576935,final,beam_orig1_bm3-s0to100br3-s100to200br2-s200to300br2-s300to400br2
/work/T-REX/external/Proteina-Complexa/inference/search_binder_local_pipeline_32_PDL1_ALPHA_REPACK_v7_r007_cand_v7r007_hyp_0007_00_001_a92db08c2022c/job_0_n_196_id_65_beam_orig1_bm3-s0to100br3-s100to200br1-s200to300br2-s300to400br2/job_0_n_196_id_65_beam_orig1_bm3-s0to100br3-s100to200br1-s200to300br2-s300to400br2.pdb,261,"2,0,13,16,19,16,19,14,11,3,10,18,19,19,6,18,7,15,2,12,16,9,6,4,11,13,14,19,6,11,5,10,3,10,0,0,10,9,19,18,17,6,12,6,3,11,2,9,9,5,13,19,8,7,6,6,3,10,11,19,5,8,15,15,18,1,5,1,0,1,10,10,11,3,5,10,15,10,7,2,0,0,10,5,9,16,3,19,11,10,5,3,0,7,19,18,1,4,12,9,15,18,7,7,0,3,18,11,1,9,16,19,11,19,2,0,2,10,19,6,10,0,6,2,4,0,15,6,3,3,0,19,1,10,11,0,9,10,6,10,15,6,6,19,16,15,6,11,10,18,5,6,10,19,11,10,11,10,9,16,5,6,12,0,3,15,10,9,0,11,0,11,6,11,7,11,14,6,10,15,14,3,10,6,6,11,10,9,11,9,9,11,2,11,11,11,0,0,0,0,0,0,0,0,0,0,0",0.7141461,0.045187272,0.17621195,3.0,0.61337805,33.416332,0.6836608,1.0,0.6836608,0.12960961,0.61337805,0.0,0.0,0.61337805,0.003237638,0.92406356,0.12960961,1.8835131,1.5314075,33.416332,0.7141461,2.5059116,156.4539,0.54309523,0.54309523,1.0,156.4539,0.82378805,0.07593644,1.8835131,0.003237638,0.6836608,0.045187272,0.0,1.5314075,2.5059116,0.54309523,0.16354989,0.0,0.6836608,0.16354989,0.8723631,0.54309523,1.0,0.61337805,final,beam_orig1_bm3-s0to100br3-s100to200br1-s200to300br2-s300to400br2
/work/T-REX/external/Proteina-Complexa/inference/search_binder_local_pipeline_32_PDL1_ALPHA_REPACK_v7_r007_cand_v7r007_hyp_0007_00_001_a92db08c2022c/job_0_n_196_id_66_beam_orig1_bm3-s0to100br3-s100to200br1-s200to300br2-s300to400br3/job_0_n_196_id_66_beam_orig1_bm3-s0to100br3-s100to200br1-s200to300br2-s300to400br3.pdb,262,"2,0,13,16,19,16,19,14,11,3,10,18,19,19,6,18,7,15,2,12,16,9,6,4,11,13,14,19,6,11,5,10,3,10,0,0,10,9,19,18,17,6,12,6,3,11,2,9,9,5,13,19,8,7,6,6,3,10,11,19,5,8,15,15,18,1,5,1,0,1,10,10,11,3,5,10,15,10,7,2,0,0,10,5,9,16,3,19,11,10,5,3,0,7,19,18,1,4,12,9,15,18,7,7,0,3,18,11,1,9,16,19,11,19,2,0,2,10,19,6,10,0,6,2,4,0,15,6,3,3,0,19,1,10,11,0,9,10,6,10,15,6,6,19,16,15,6,11,10,18,5,6,10,19,11,10,11,10,9,16,5,6,12,0,3,15,10,9,0,11,0,11,6,11,7,11,14,6,10,15,14,3,10,6,6,11,10,9,11,9,9,11,2,11,11,11,0,0,0,0,0,0,0,0,0,0,0",0.7136228,0.045562007,0.17720783,3.0,0.61158085,33.048286,0.6812413,1.0,0.6812413,0.12971464,0.61158085,0.0,0.0,0.61158085,0.0031358765,0.9241529,0.12971464,1.9141659,1.5338567,33.048286,0.7136228,2.5016758,154.64578,0.5419204,0.5419204,1.0,154.64578,0.8227922,0.07584711,1.9141659,0.0031358765,0.6812413,0.045562007,0.0,1.5338567,2.5016758,0.5419204,0.16376977,0.0,0.6812413,0.16376977,0.87238306,0.5419204,1.0,0.61158085,final,beam_orig1_bm3-s0to100br3-s100to200br1-s200to300br2-s300to400br3
/work/T-REX/external/Proteina-Complexa/inference/search_binder_local_pipeline_32_PDL1_ALPHA_REPACK_v7_r007_cand_v7r007_hyp_0007_00_001_a92db08c2022c/job_0_n_196_id_67_beam_orig1_bm3-s0to100br3-s100to200br1-s200to300br2-s300to400br1/job_0_n_196_id_67_beam_orig1_bm3-s0to100br3-s100to200br1-s200to300br2-s300to400br1.pdb,263,"2,0,13,16,19,16,19,14,11,3,10,18,19,19,6,18,7,15,2,12,16,9,6,4,11,13,14,19,6,11,5,10,3,10,0,0,10,9,19,18,17,6,12,6,3,11,2,9,9,5,13,19,8,7,6,6,3,10,11,19,5,8,15,15,18,1,5,1,0,1,10,10,11,3,5,10,15,10,7,2,0,0,10,5,9,16,3,19,11,10,5,3,0,7,19,18,1,4,12,9,15,18,7,7,0,3,18,11,1,9,16,19,11,19,2,0,2,10,19,6,10,0,6,2,4,0,15,6,3,3,0,19,1,10,11,0,9,10,6,10,15,6,6,19,16,15,6,11,10,18,5,6,10,19,11,10,11,10,9,16,5,6,12,0,3,15,10,9,0,11,0,11,6,11,7,11,14,6,10,15,14,3,10,6,6,11,10,9,11,9,9,11,2,11,11,11,0,0,0,0,0,0,0,0,0,0,0",0.7143046,0.045313828,0.17519474,3.0,0.6153611,36.716778,0.6853131,1.0,0.6853131,0.13036154,0.6153611,0.0,0.0,0.6153611,0.0033468164,0.9218018,0.13036154,1.9213004,1.5502144,36.716778,0.7143046,2.5027416,159.75186,0.54540914,0.54540914,1.0,159.75186,0.82480526,0.07819822,1.9213004,0.0033468164,0.6853131,0.045313828,0.0,1.5502144,2.5027416,0.54540914,0.16384856,0.0,0.6853131,0.16384856,0.872964,0.54540914,1.0,0.6153611,final,beam_orig1_bm3-s0to100br3-s100to200br1-s200to300br2-s300to400br1
/work/T-REX/external/Proteina-Complexa/inference/search_binder_local_pipeline_32_PDL1_ALPHA_REPACK_v7_r007_cand_v7r007_hyp_0007_00_001_a92db08c2022c/job_0_n_170_id_64_beam_orig2_bm0-s0to100br1-s100to200br2-s200to300br2-s300to400br0/job_0_n_170_id_64_beam_orig2_bm0-s0to100br1-s100to200br2-s200to300br2-s300to400br0.pdb,264,"2,0,13,16,19,16,19,14,11,3,10,18,19,19,6,18,7,15,2,12,16,9,6,4,11,13,14,19,6,11,5,10,3,10,0,0,10,9,19,18,17,6,12,6,3,11,2,9,9,5,13,19,8,7,6,6,3,10,11,19,5,8,15,15,18,1,5,1,0,1,10,10,11,3,5,10,15,10,7,2,0,0,10,5,9,16,3,19,11,10,5,3,0,7,19,18,1,4,12,9,15,18,7,7,0,3,18,11,1,9,16,19,11,19,2,0,19,15,6,6,3,10,6,8,10,1,5,9,19,6,2,18,11,6,10,13,5,5,0,11,3,0,7,0,14,0,3,11,10,19,3,18,6,11,5,10,1,2,8,6,3,13,18,2,8,18,11,0,10,7,0,0,0,0,0,0,0,0,0,0,0,0,0,0,0,0,0,0,0,0,0,0,0,0,0,0,0,0,0,0,0,0,0,0,0,0,0",0.68509483,0.27204654,0.8105073,3.0,0.022292845,113.31677,0.036699027,1.0,0.036699027,0.4062155,0.013029371,0.0,0.0,0.022292845,0.005468224,0.7221968,0.4062155,18.634634,1.7699579,113.31677,0.68509483,3.748275,210.72,0.012844246,0.007886662,1.0,210.72,0.1894927,0.27780315,18.634634,0.005468224,0.013214497,0.27204654,0.0,1.7699579,3.748275,0.012844246,0.55295897,0.0,0.013214497,0.55295897,0.66527665,0.007886662,1.0,0.013029371,final,beam_orig2_bm0-s0to100br1-s100to200br2-s200to300br2-s300to400br0
/work/T-REX/external/Proteina-Complexa/inference/search_binder_local_pipeline_32_PDL1_ALPHA_REPACK_v7_r007_cand_v7r007_hyp_0007_00_001_a92db08c2022c/job_0_n_170_id_65_beam_orig2_bm0-s0to100br1-s100to200br2-s200to300br1-s300to400br2/job_0_n_170_id_65_beam_orig2_bm0-s0to100br1-s100to200br2-s200to300br1-s300to400br2.pdb,265,"2,0,13,16,19,16,19,14,11,3,10,18,19,19,6,18,7,15,2,12,16,9,6,4,11,13,14,19,6,11,5,10,3,10,0,0,10,9,19,18,17,6,12,6,3,11,2,9,9,5,13,19,8,7,6,6,3,10,11,19,5,8,15,15,18,1,5,1,0,1,10,10,11,3,5,10,15,10,7,2,0,0,10,5,9,16,3,19,11,10,5,3,0,7,19,18,1,4,12,9,15,18,7,7,0,3,18,11,1,9,16,19,11,19,2,0,0,15,6,6,3,9,10,8,10,16,1,9,19,6,2,18,11,6,6,13,5,5,0,11,3,0,7,0,3,3,3,16,10,19,3,18,6,11,5,10,11,0,0,5,6,12,10,3,5,19,19,11,8,5,0,0,0,0,0,0,0,0,0,0,0,0,0,0,0,0,0,0,0,0,0,0,0,0,0,0,0,0,0,0,0,0,0,0,0,0,0",0.67451197,0.28009075,0.7801823,3.0,0.029686268,118.37344,0.048136137,1.0,0.048136137,0.3904417,0.013267589,0.0,0.0,0.029686268,0.0078828195,0.70663667,0.3904417,28.433752,1.9482703,118.37344,0.67451197,3.677054,227.78284,0.012654132,0.0112364,1.0,227.78284,0.21981771,0.2933633,28.433752,0.0078828195,0.013881045,0.28009075,0.0,1.9482703,3.677054,0.012654132,0.5254477,0.0,0.013881045,0.5254477,0.6740097,0.0112364,1.0,0.013267589,final,beam_orig2_bm0-s0to100br1-s100to200br2-s200to300br1-s300to400br2
/work/T-REX/external/Proteina-Complexa/inference/search_binder_local_pipeline_32_PDL1_ALPHA_REPACK_v7_r007_cand_v7r007_hyp_0007_00_001_a92db08c2022c/job_0_n_170_id_66_beam_orig2_bm0-s0to100br1-s100to200br2-s200to300br1-s300to400br1/job_0_n_170_id_66_beam_orig2_bm0-s0to100br1-s100to200br2-s200to300br1-s300to400br1.pdb,266,"2,0,13,16,19,16,19,14,11,3,10,18,19,19,6,18,7,15,2,12,16,9,6,4,11,13,14,19,6,11,5,10,3,10,0,0,10,9,19,18,17,6,12,6,3,11,2,9,9,5,13,19,8,7,6,6,3,10,11,19,5,8,15,15,18,1,5,1,0,1,10,10,11,3,5,10,15,10,7,2,0,0,10,5,9,16,3,19,11,10,5,3,0,7,19,18,1,4,12,9,15,18,7,7,0,3,18,11,1,9,16,19,11,19,2,0,0,15,6,6,3,9,10,8,10,16,1,9,19,6,2,18,11,6,6,13,5,5,0,11,3,0,7,0,3,3,3,16,10,19,3,18,6,11,5,10,11,0,0,5,6,12,10,3,5,19,19,11,8,5,0,0,0,0,0,0,0,0,0,0,0,0,0,0,0,0,0,0,0,0,0,0,0,0,0,0,0,0,0,0,0,0,0,0,0,0,0",0.67314684,0.27666065,0.7769533,3.0,0.030352619,118.07638,0.048459623,1.0,0.048459623,0.38880533,0.0130430525,0.0,0.0,0.030352619,0.007823006,0.7062104,0.38880533,27.961485,1.9565619,118.07638,0.67314684,3.6738665,230.50597,0.012833548,0.012245616,1.0,230.50597,0.2230467,0.29378963,27.961485,0.007823006,0.013252557,0.27666065,0.0,1.9565619,3.6738665,0.012833548,0.52263576,0.0,0.013252557,0.52263576,0.67527115,0.012245616,1.0,0.0130430525,final,beam_orig2_bm0-s0to100br1-s100to200br2-s200to300br1-s300to400br1
/work/T-REX/external/Proteina-Complexa/inference/search_binder_local_pipeline_32_PDL1_ALPHA_REPACK_v7_r007_cand_v7r007_hyp_0007_00_001_a92db08c2022c/job_0_n_170_id_67_beam_orig2_bm0-s0to100br1-s100to200br3-s200to300br1-s300to400br1/job_0_n_170_id_67_beam_orig2_bm0-s0to100br1-s100to200br3-s200to300br1-s300to400br1.pdb,267,"2,0,13,16,19,16,19,14,11,3,10,18,19,19,6,18,7,15,2,12,16,9,6,4,11,13,14,19,6,11,5,10,3,10,0,0,10,9,19,18,17,6,12,6,3,11,2,9,9,5,13,19,8,7,6,6,3,10,11,19,5,8,15,15,18,1,5,1,0,1,10,10,11,3,5,10,15,10,7,2,0,0,10,5,9,16,3,19,11,10,5,3,0,7,19,18,1,4,12,9,15,18,7,7,0,3,18,11,1,9,16,19,11,19,2,0,15,15,6,6,3,9,6,8,5,1,1,9,19,6,2,18,11,1,10,13,6,6,0,11,11,0,7,11,0,10,3,16,10,2,2,18,6,11,5,10,1,2,8,5,0,13,10,3,12,10,19,11,18,7,0,0,0,0,0,0,0,0,0,0,0,0,0,0,0,0,0,0,0,0,0,0,0,0,0,0,0,0,0,0,0,0,0,0,0,0,0",0.6715476,0.24139003,0.7247088,3.0,0.05911341,117.87511,0.09232086,1.0,0.09232086,0.35561082,0.014497033,0.0,0.0,0.05911341,0.007429057,0.7559116,0.35561082,29.973232,1.7339172,117.87511,0.6715476,3.5646167,227.4047,0.014047787,0.025905961,1.0,227.4047,0.27529117,0.24408843,29.973232,0.007429057,0.01494628,0.24139003,0.0,1.7339172,3.5646167,0.014047787,0.474629,0.0,0.01494628,0.474629,0.68891096,0.025905961,1.0,0.014497033,final,beam_orig2_bm0-s0to100br1-s100to200br3-s200to300br1-s300to400br1
/work/T-REX/external/Proteina-Complexa/inference/search_binder_local_pipeline_32_PDL1_ALPHA_REPACK_v7_r007_cand_v7r007_hyp_0007_00_001_a92db08c2022c/job_0_n_191_id_64_beam_orig3_bm1-s0to100br0-s100to200br2-s200to300br0-s300to400br1/job_0_n_191_id_64_beam_orig3_bm1-s0to100br0-s100to200br2-s200to300br0-s300to400br1.pdb,268,"2,0,13,16,19,16,19,14,11,3,10,18,19,19,6,18,7,15,2,12,16,9,6,4,11,13,14,19,6,11,5,10,3,10,0,0,10,9,19,18,17,6,12,6,3,11,2,9,9,5,13,19,8,7,6,6,3,10,11,19,5,8,15,15,18,1,5,1,0,1,10,10,11,3,5,10,15,10,7,2,0,0,10,5,9,16,3,19,11,10,5,3,0,7,19,18,1,4,12,9,15,18,7,7,0,3,18,11,1,9,16,19,11,19,2,0,15,3,6,6,10,19,11,10,0,11,10,11,5,1,6,0,13,10,6,19,16,11,11,2,14,16,7,0,19,11,11,18,11,6,0,9,11,9,18,10,5,10,2,2,14,3,6,0,6,11,19,7,11,6,7,10,11,10,10,6,7,16,6,6,0,11,6,10,5,6,13,10,3,15,10,0,0,0,0,0,0,0,0,0,0,0,0,0,0,0,0",0.73605263,0.043823287,0.17793572,3.0,0.619774,32.570747,0.6985577,1.0,0.6985577,0.11595809,0.619774,0.0,0.0,0.619774,0.0016459496,0.9557938,0.11595809,1.9623467,1.2300191,32.570747,0.73605263,1.9307747,162.02109,0.54099023,0.54099023,1.0,162.02109,0.8220643,0.0442062,1.9623467,0.0016459496,0.6985577,0.043823287,0.0,1.2300191,1.9307747,0.54099023,0.15062492,0.0,0.6985577,0.15062492,0.8764728,0.54099023,1.0,0.619774,final,beam_orig3_bm1-s0to100br0-s100to200br2-s200to300br0-s300to400br1
/work/T-REX/external/Proteina-Complexa/inference/search_binder_local_pipeline_32_PDL1_ALPHA_REPACK_v7_r007_cand_v7r007_hyp_0007_00_001_a92db08c2022c/job_0_n_191_id_65_beam_orig3_bm1-s0to100br0-s100to200br2-s200to300br0-s300to400br0/job_0_n_191_id_65_beam_orig3_bm1-s0to100br0-s100to200br2-s200to300br0-s300to400br0.pdb,269,"2,0,13,16,19,16,19,14,11,3,10,18,19,19,6,18,7,15,2,12,16,9,6,4,11,13,14,19,6,11,5,10,3,10,0,0,10,9,19,18,17,6,12,6,3,11,2,9,9,5,13,19,8,7,6,6,3,10,11,19,5,8,15,15,18,1,5,1,0,1,10,10,11,3,5,10,15,10,7,2,0,0,10,5,9,16,3,19,11,10,5,3,0,7,19,18,1,4,12,9,15,18,7,7,0,3,18,11,1,9,16,19,11,19,2,0,15,3,6,6,10,19,11,10,0,11,10,11,5,1,6,0,13,10,6,19,16,11,11,2,14,16,7,0,19,11,11,18,11,6,0,9,11,9,18,10,5,10,2,2,14,3,6,0,6,11,19,7,11,6,7,10,11,10,10,6,7,16,6,6,0,11,6,10,5,6,13,10,3,15,10,0,0,0,0,0,0,0,0,0,0,0,0,0,0,0,0",0.7381655,0.04352579,0.17595565,3.0,0.62360203,34.47253,0.7022797,1.0,0.7022797,0.11509222,0.62360203,0.0,0.0,0.62360203,0.0016312789,0.9563525,0.11509222,1.8568305,1.2275416,34.47253,0.7381655,1.9194884,160.5638,0.54492444,0.54492444,1.0,160.5638,0.82404435,0.043647498,1.8568305,0.0016312789,0.7022797,0.04352579,0.0,1.2275416,1.9194884,0.54492444,0.14937,0.0,0.7022797,0.14937,0.8777768,0.54492444,1.0,0.62360203,final,beam_orig3_bm1-s0to100br0-s100to200br2-s200to300br0-s300to400br0
/work/T-REX/external/Proteina-Complexa/inference/search_binder_local_pipeline_32_PDL1_ALPHA_REPACK_v7_r007_cand_v7r007_hyp_0007_00_001_a92db08c2022c/job_0_n_191_id_66_beam_orig3_bm1-s0to100br0-s100to200br2-s200to300br0-s300to400br2/job_0_n_191_id_66_beam_orig3_bm1-s0to100br0-s100to200br2-s200to300br0-s300to400br2.pdb,270,"2,0,13,16,19,16,19,14,11,3,10,18,19,19,6,18,7,15,2,12,16,9,6,4,11,13,14,19,6,11,5,10,3,10,0,0,10,9,19,18,17,6,12,6,3,11,2,9,9,5,13,19,8,7,6,6,3,10,11,19,5,8,15,15,18,1,5,1,0,1,10,10,11,3,5,10,15,10,7,2,0,0,10,5,9,16,3,19,11,10,5,3,0,7,19,18,1,4,12,9,15,18,7,7,0,3,18,11,1,9,16,19,11,19,2,0,15,3,6,6,10,19,11,10,0,11,10,11,5,1,6,0,13,10,6,19,16,11,11,2,14,15,7,0,19,11,11,18,11,6,0,9,11,9,18,10,5,10,2,2,14,3,6,0,6,11,19,7,11,6,7,10,11,10,10,6,7,16,6,6,0,11,6,10,5,6,13,10,3,15,10,0,0,0,0,0,0,0,0,0,0,0,0,0,0,0,0",0.7395907,0.043294046,0.17798162,3.0,0.6226839,31.797075,0.6998787,1.0,0.6998787,0.11579715,0.6226839,0.0,0.0,0.6226839,0.0016919739,0.9553969,0.11579715,1.8525314,1.2397481,31.797075,0.7395907,1.9314637,152.33496,0.54548913,0.54548913,1.0,152.33496,0.8220184,0.04460309,1.8525314,0.0016919739,0.6998787,0.043294046,0.0,1.2397481,1.9314637,0.54548913,0.15006562,0.0,0.6998787,0.15006562,0.8769762,0.54548913,1.0,0.6226839,final,beam_orig3_bm1-s0to100br0-s100to200br2-s200to300br0-s300to400br2
/work/T-REX/external/Proteina-Complexa/inference/search_binder_local_pipeline_32_PDL1_ALPHA_REPACK_v7_r007_cand_v7r007_hyp_0007_00_001_a92db08c2022c/job_0_n_191_id_67_beam_orig3_bm1-s0to100br0-s100to200br2-s200to300br0-s300to400br3/job_0_n_191_id_67_beam_orig3_bm1-s0to100br0-s100to200br2-s200to300br0-s300to400br3.pdb,271,"2,0,13,16,19,16,19,14,11,3,10,18,19,19,6,18,7,15,2,12,16,9,6,4,11,13,14,19,6,11,5,10,3,10,0,0,10,9,19,18,17,6,12,6,3,11,2,9,9,5,13,19,8,7,6,6,3,10,11,19,5,8,15,15,18,1,5,1,0,1,10,10,11,3,5,10,15,10,7,2,0,0,10,5,9,16,3,19,11,10,5,3,0,7,19,18,1,4,12,9,15,18,7,7,0,3,18,11,1,9,16,19,11,19,2,0,15,3,6,6,10,19,11,10,0,11,10,11,5,1,6,0,13,10,6,19,16,11,11,2,14,15,7,0,19,11,11,18,11,6,0,9,11,9,18,10,5,10,2,2,14,3,6,0,6,11,19,7,11,6,7,10,11,10,10,6,7,16,6,6,0,11,6,10,5,6,13,10,3,15,10,0,0,0,0,0,0,0,0,0,0,0,0,0,0,0,0",0.7358986,0.044027887,0.17959851,3.0,0.6177318,33.734257,0.6957953,1.0,0.6957953,0.11649275,0.6177318,0.0,0.0,0.6177318,0.0016980512,0.9552195,0.11649275,1.8871133,1.2400804,33.734257,0.7358986,1.9415783,156.93924,0.5396683,0.5396683,1.0,156.93924,0.8204015,0.04478049,1.8871133,0.0016980512,0.6957953,0.044027887,0.0,1.2400804,1.9415783,0.5396683,0.15123095,0.0,0.6957953,0.15123095,0.8756814,0.5396683,1.0,0.6177318,final,beam_orig3_bm1-s0to100br0-s100to200br2-s200to300br0-s300to400br3
