pdb_path,pdb_index,aatype,total_reward,af2folding_min_ipae,af2folding_i_ptm,af2folding_recycles_log,af2folding_avg_ipsae,af2folding_fape_log,af2folding_max_ipsae,af2folding_seqid_log,af2folding_max_ipsae_log,af2folding_pae_log,af2folding_avg_ipsae_10,af2folding_hard_log,af2folding_models_log,af2folding_avg_ipsae_log,af2folding_exp_res_log,af2folding_plddt_log,af2folding_pae,af2folding_rmsd,af2folding_con_log,af2folding_fape,af2folding_loss_log,af2folding_i_con,af2folding_dgram_cce_log,af2folding_min_ipsae_10,af2folding_min_ipsae_log,af2folding_soft_log,af2folding_dgram_cce,af2folding_i_ptm_log,af2folding_plddt,af2folding_rmsd_log,af2folding_exp_res,af2folding_max_ipsae_10,af2folding_min_ipae_log,af2folding_seq_ent_log,af2folding_con,af2folding_i_con_log,af2folding_min_ipsae_10_log,af2folding_i_pae_log,af2folding_seq_ent,af2folding_max_ipsae_10_log,af2folding_i_pae,af2folding_ptm_log,af2folding_min_ipsae,af2folding_temp_log,af2folding_avg_ipsae_10_log,sample_type,metadata_tag
/work/T-REX/external/Proteina-Complexa/inference/search_binder_local_pipeline_32_PDL1_ALPHA_REPACK_v7_r006_cand_v7r006_hyp_0006_00_001_af1b7530d1b98/job_0_n_190_id_0_beam_orig0_bm0-s0to100br0/job_0_n_190_id_0_beam_orig0_bm0-s0to100br0.pdb,0,"2,0,13,16,19,16,19,14,11,3,10,18,19,19,6,18,7,15,2,12,16,9,6,4,11,13,14,19,6,11,5,10,3,10,0,0,10,9,19,18,17,6,12,6,3,11,2,9,9,5,13,19,8,7,6,6,3,10,11,19,5,8,15,15,18,1,5,1,0,1,10,10,11,3,5,10,15,10,7,2,0,0,10,5,9,16,3,19,11,10,5,3,0,7,19,18,1,4,12,9,15,18,7,7,0,3,18,11,1,9,16,19,11,19,2,0,16,0,10,16,8,19,11,10,0,2,6,18,6,11,6,11,3,18,18,2,0,7,11,0,18,6,6,0,7,9,0,18,13,2,10,11,3,18,6,2,0,0,11,0,18,11,11,0,5,11,0,18,6,11,0,7,3,5,9,2,0,15,11,0,10,18,2,11,6,6,0,11,1,10,0,0,0,0,0,0,0,0,0,0,0,0,0,0,0,0,0,0,0,0,0,0,0,0,0,0,0,0",0.5802683,0.40085423,0.7937446,3.0,0.0064699976,116.00585,0.006525653,1.0,0.006525653,0.39981177,0.0,0.0,0.0,0.0064699976,0.00319352,0.8721603,0.39981177,17.759102,1.2006096,116.00585,0.5802683,4.092352,174.5315,0.0,0.006414342,1.0,174.5315,0.20625538,0.12783965,17.759102,0.00319352,0.0,0.40085423,0.0,1.2006096,4.092352,0.0,0.61681867,0.0,0.0,0.61681867,0.6202291,0.006414342,1.0,0.0,lookahead,beam_orig0_bm0-s0to100br0
/work/T-REX/external/Proteina-Complexa/inference/search_binder_local_pipeline_32_PDL1_ALPHA_REPACK_v7_r006_cand_v7r006_hyp_0006_00_001_af1b7530d1b98/job_0_n_201_id_0_beam_orig1_bm0-s0to100br0/job_0_n_201_id_0_beam_orig1_bm0-s0to100br0.pdb,1,"2,0,13,16,19,16,19,14,11,3,10,18,19,19,6,18,7,15,2,12,16,9,6,4,11,13,14,19,6,11,5,10,3,10,0,0,10,9,19,18,17,6,12,6,3,11,2,9,9,5,13,19,8,7,6,6,3,10,11,19,5,8,15,15,18,1,5,1,0,1,10,10,11,3,5,10,15,10,7,2,0,0,10,5,9,16,3,19,11,10,5,3,0,7,19,18,1,4,12,9,15,18,7,7,0,3,18,11,1,9,16,19,11,19,2,0,15,15,10,19,2,0,5,3,0,15,7,8,16,14,10,8,9,0,0,13,13,7,8,10,6,9,19,6,19,10,10,11,8,7,0,3,19,2,19,5,3,11,13,7,11,16,12,3,2,15,16,9,5,13,11,7,11,3,15,15,14,10,8,10,0,0,0,6,7,8,10,6,9,19,6,5,10,10,11,8,7,0,3,19,2,0,0,0,0,0,0,0,0,0,0,0,0,0,0,0,0,0",0.56597286,0.40289655,0.7860161,3.0,0.01349473,149.89987,0.020813107,1.0,0.020813107,0.46020794,0.00583693,0.0,0.0,0.01349473,0.075028725,0.65337574,0.46020794,11.307289,2.0077188,149.89987,0.56597286,3.9226987,334.17242,0.0,0.006176353,1.0,334.17242,0.21398392,0.34662426,11.307289,0.075028725,0.01167386,0.40289655,0.0,2.0077188,3.9226987,0.0,0.6265461,0.0,0.01167386,0.6265461,0.6110096,0.006176353,1.0,0.00583693,lookahead,beam_orig1_bm0-s0to100br0
/work/T-REX/external/Proteina-Complexa/inference/search_binder_local_pipeline_32_PDL1_ALPHA_REPACK_v7_r006_cand_v7r006_hyp_0006_00_001_af1b7530d1b98/job_0_n_218_id_0_beam_orig2_bm0-s0to100br0/job_0_n_218_id_0_beam_orig2_bm0-s0to100br0.pdb,2,"2,0,13,16,19,16,19,14,11,3,10,18,19,19,6,18,7,15,2,12,16,9,6,4,11,13,14,19,6,11,5,10,3,10,0,0,10,9,19,18,17,6,12,6,3,11,2,9,9,5,13,19,8,7,6,6,3,10,11,19,5,8,15,15,18,1,5,1,0,1,10,10,11,3,5,10,15,10,7,2,0,0,10,5,9,16,3,19,11,10,5,3,0,7,19,18,1,4,12,9,15,18,7,7,0,3,18,11,1,9,16,19,11,19,2,0,10,16,19,16,19,14,16,15,6,19,16,0,16,0,7,15,15,19,16,10,14,4,11,14,15,15,14,10,7,16,11,15,10,16,17,1,3,1,2,3,11,16,9,9,16,13,1,2,7,11,15,13,10,7,6,2,16,11,13,1,2,1,0,15,10,15,11,6,3,18,15,10,16,9,15,2,10,11,10,6,3,15,7,10,18,13,4,5,19,7,3,3,11,11,10,9,10,10,11,19,16,6",0.56632066,0.28147328,0.67217916,3.0,0.061891265,47.719925,0.06470399,1.0,0.06470399,0.32262066,0.013603292,0.0,0.0,0.061891265,0.0030532177,0.84009194,0.32262066,2.4561536,1.6829045,47.719925,0.56632066,3.6854615,210.67464,0.012689192,0.059078533,1.0,210.67464,0.32782084,0.15990804,2.4561536,0.0030532177,0.014517392,0.28147328,0.0,1.6829045,3.6854615,0.012689192,0.5038393,0.0,0.014517392,0.5038393,0.6388311,0.059078533,1.0,0.013603292,lookahead,beam_orig2_bm0-s0to100br0
/work/T-REX/external/Proteina-Complexa/inference/search_binder_local_pipeline_32_PDL1_ALPHA_REPACK_v7_r006_cand_v7r006_hyp_0006_00_001_af1b7530d1b98/job_0_n_186_id_0_beam_orig3_bm0-s0to100br0/job_0_n_186_id_0_beam_orig3_bm0-s0to100br0.pdb,3,"2,0,13,16,19,16,19,14,11,3,10,18,19,19,6,18,7,15,2,12,16,9,6,4,11,13,14,19,6,11,5,10,3,10,0,0,10,9,19,18,17,6,12,6,3,11,2,9,9,5,13,19,8,7,6,6,3,10,11,19,5,8,15,15,18,1,5,1,0,1,10,10,11,3,5,10,15,10,7,2,0,0,10,5,9,16,3,19,11,10,5,3,0,7,19,18,1,4,12,9,15,18,7,7,0,3,18,11,1,9,16,19,11,19,2,0,15,6,0,9,6,0,18,11,1,0,9,6,10,3,14,2,13,3,11,0,8,13,2,10,7,11,0,18,6,0,6,2,2,10,15,6,0,6,11,6,18,15,9,19,10,3,11,13,14,2,15,14,10,1,11,3,0,10,3,6,10,9,11,19,11,7,11,10,3,11,0,0,0,0,0,0,0,0,0,0,0,0,0,0,0,0,0,0,0,0,0,0,0,0,0,0,0,0,0,0,0,0",0.6258735,0.39875817,0.832927,3.0,0.006074881,124.56469,0.0063531785,1.0,0.0063531785,0.42216495,0.0,0.0,0.0,0.006074881,0.0036317094,0.8154621,0.42216495,21.555052,1.3430551,124.56469,0.6258735,4.112099,255.39511,0.0,0.0057965834,1.0,255.39511,0.167073,0.1845379,21.555052,0.0036317094,0.0,0.39875817,0.0,1.3430551,4.112099,0.0,0.6295919,0.0,0.0,0.6295919,0.61988145,0.0057965834,1.0,0.0,lookahead,beam_orig3_bm0-s0to100br0
/work/T-REX/external/Proteina-Complexa/inference/search_binder_local_pipeline_32_PDL1_ALPHA_REPACK_v7_r006_cand_v7r006_hyp_0006_00_001_af1b7530d1b98/job_0_n_190_id_1_beam_orig0_bm0-s0to100br1/job_0_n_190_id_1_beam_orig0_bm0-s0to100br1.pdb,4,"2,0,13,16,19,16,19,14,11,3,10,18,19,19,6,18,7,15,2,12,16,9,6,4,11,13,14,19,6,11,5,10,3,10,0,0,10,9,19,18,17,6,12,6,3,11,2,9,9,5,13,19,8,7,6,6,3,10,11,19,5,8,15,15,18,1,5,1,0,1,10,10,11,3,5,10,15,10,7,2,0,0,10,5,9,16,3,19,11,10,5,3,0,7,19,18,1,4,12,9,15,18,7,7,0,3,18,11,1,9,16,19,11,19,2,0,10,19,13,6,7,16,13,11,7,8,3,6,11,2,16,7,13,10,11,19,5,10,11,2,7,10,6,7,18,19,10,6,11,3,19,5,7,16,3,14,15,16,10,11,14,7,3,11,19,1,13,16,16,16,11,3,19,18,12,7,2,0,18,10,13,7,6,11,16,19,15,11,0,5,0,0,0,0,0,0,0,0,0,0,0,0,0,0,0,0,0,0,0,0,0,0,0,0,0,0,0,0",0.58822644,0.44632414,0.8229532,3.0,0.006135929,127.95988,0.006741596,1.0,0.006741596,0.49139345,0.0,0.0,0.0,0.006135929,0.011548943,0.6552648,0.49139345,18.455017,2.2704113,127.95988,0.58822644,4.168008,287.43848,0.0,0.005530262,1.0,287.43848,0.1770468,0.3447352,18.455017,0.011548943,0.0,0.44632414,0.0,2.2704113,4.168008,0.0,0.65233934,0.0,0.0,0.65233934,0.61902547,0.005530262,1.0,0.0,lookahead,beam_orig0_bm0-s0to100br1
/work/T-REX/external/Proteina-Complexa/inference/search_binder_local_pipeline_32_PDL1_ALPHA_REPACK_v7_r006_cand_v7r006_hyp_0006_00_001_af1b7530d1b98/job_0_n_201_id_1_beam_orig1_bm0-s0to100br1/job_0_n_201_id_1_beam_orig1_bm0-s0to100br1.pdb,5,"2,0,13,16,19,16,19,14,11,3,10,18,19,19,6,18,7,15,2,12,16,9,6,4,11,13,14,19,6,11,5,10,3,10,0,0,10,9,19,18,17,6,12,6,3,11,2,9,9,5,13,19,8,7,6,6,3,10,11,19,5,8,15,15,18,1,5,1,0,1,10,10,11,3,5,10,15,10,7,2,0,0,10,5,9,16,3,19,11,10,5,3,0,7,19,18,1,4,12,9,15,18,7,7,0,3,18,11,1,9,16,19,11,19,2,0,15,3,3,6,6,10,10,2,5,9,6,2,19,9,13,5,6,12,10,11,3,3,2,10,1,15,10,15,11,5,11,9,11,3,9,15,5,0,19,18,3,18,19,16,15,16,15,15,2,3,10,15,19,2,2,9,0,6,19,9,10,11,0,15,6,2,5,9,15,10,6,16,0,9,11,9,0,11,5,19,10,15,10,10,11,0,0,0,0,0,0,0,0,0,0,0,0,0,0,0,0,0",0.61515987,0.362968,0.7767992,3.0,0.021201193,112.528854,0.0362298,1.0,0.0362298,0.38068944,0.0067036333,0.0,0.0,0.021201193,0.012577808,0.8032379,0.38068944,12.254251,1.7592095,112.528854,0.61515987,4.0931683,213.76358,0.0,0.0061725867,1.0,213.76358,0.22320077,0.19676207,12.254251,0.012577808,0.013407267,0.362968,0.0,1.7592095,4.0931683,0.0,0.5712401,0.0,0.013407267,0.5712401,0.6133274,0.0061725867,1.0,0.0067036333,lookahead,beam_orig1_bm0-s0to100br1
/work/T-REX/external/Proteina-Complexa/inference/search_binder_local_pipeline_32_PDL1_ALPHA_REPACK_v7_r006_cand_v7r006_hyp_0006_00_001_af1b7530d1b98/job_0_n_218_id_1_beam_orig2_bm0-s0to100br1/job_0_n_218_id_1_beam_orig2_bm0-s0to100br1.pdb,6,"2,0,13,16,19,16,19,14,11,3,10,18,19,19,6,18,7,15,2,12,16,9,6,4,11,13,14,19,6,11,5,10,3,10,0,0,10,9,19,18,17,6,12,6,3,11,2,9,9,5,13,19,8,7,6,6,3,10,11,19,5,8,15,15,18,1,5,1,0,1,10,10,11,3,5,10,15,10,7,2,0,0,10,5,9,16,3,19,11,10,5,3,0,7,19,18,1,4,12,9,15,18,7,7,0,3,18,11,1,9,16,19,11,19,2,0,16,5,15,14,0,10,12,15,0,15,14,7,6,11,19,16,9,15,4,15,16,15,15,15,19,15,16,19,8,17,18,5,5,11,14,7,11,15,14,11,10,17,9,18,15,2,15,11,10,0,15,7,19,14,15,1,13,15,7,15,1,15,7,2,16,18,15,10,16,9,15,15,10,5,0,6,3,0,0,16,18,18,4,5,5,18,15,11,7,10,15,13,13,7,15,7,16,11,10,6,9,11",0.58005977,0.5190244,0.86942023,3.0,0.0025634854,129.48718,0.005126971,1.0,0.005126971,0.44183773,0.0,0.0,0.0,0.0025634854,0.0023841695,0.8162428,0.44183773,24.327831,1.578967,129.48718,0.58005977,4.5659714,202.43343,0.0,0.0,1.0,202.43343,0.13057978,0.18375717,24.327831,0.0023841695,0.0,0.5190244,0.0,1.578967,4.5659714,0.0,0.726634,0.0,0.0,0.726634,0.53940773,0.0,1.0,0.0,lookahead,beam_orig2_bm0-s0to100br1
/work/T-REX/external/Proteina-Complexa/inference/search_binder_local_pipeline_32_PDL1_ALPHA_REPACK_v7_r006_cand_v7r006_hyp_0006_00_001_af1b7530d1b98/job_0_n_186_id_1_beam_orig3_bm0-s0to100br1/job_0_n_186_id_1_beam_orig3_bm0-s0to100br1.pdb,7,"2,0,13,16,19,16,19,14,11,3,10,18,19,19,6,18,7,15,2,12,16,9,6,4,11,13,14,19,6,11,5,10,3,10,0,0,10,9,19,18,17,6,12,6,3,11,2,9,9,5,13,19,8,7,6,6,3,10,11,19,5,8,15,15,18,1,5,1,0,1,10,10,11,3,5,10,15,10,7,2,0,0,10,5,9,16,3,19,11,10,5,3,0,7,19,18,1,4,12,9,15,18,7,7,0,3,18,11,1,9,16,19,11,19,2,0,15,11,6,3,6,6,10,9,11,6,0,19,6,11,13,11,11,10,14,11,3,11,5,6,6,10,11,3,10,15,18,3,19,9,16,7,11,11,11,15,16,6,10,19,6,11,0,11,6,10,10,11,19,6,9,14,6,8,10,0,10,11,19,0,19,6,9,10,11,10,0,0,0,0,0,0,0,0,0,0,0,0,0,0,0,0,0,0,0,0,0,0,0,0,0,0,0,0,0,0,0,0",0.6404083,0.31642544,0.7708589,3.0,0.024651289,113.89309,0.026153756,1.0,0.026153756,0.36434272,0.012924224,0.0,0.0,0.024651289,0.0030228172,0.82962227,0.36434272,11.838522,1.5237129,113.89309,0.6404083,3.664918,206.04181,0.011092507,0.023148822,1.0,206.04181,0.22914109,0.17037776,11.838522,0.0030228172,0.01475594,0.31642544,0.0,1.5237129,3.664918,0.011092507,0.5405314,0.0,0.01475594,0.5405314,0.6405652,0.023148822,1.0,0.012924224,lookahead,beam_orig3_bm0-s0to100br1
/work/T-REX/external/Proteina-Complexa/inference/search_binder_local_pipeline_32_PDL1_ALPHA_REPACK_v7_r006_cand_v7r006_hyp_0006_00_001_af1b7530d1b98/job_0_n_190_id_2_beam_orig0_bm0-s0to100br2/job_0_n_190_id_2_beam_orig0_bm0-s0to100br2.pdb,8,"2,0,13,16,19,16,19,14,11,3,10,18,19,19,6,18,7,15,2,12,16,9,6,4,11,13,14,19,6,11,5,10,3,10,0,0,10,9,19,18,17,6,12,6,3,11,2,9,9,5,13,19,8,7,6,6,3,10,11,19,5,8,15,15,18,1,5,1,0,1,10,10,11,3,5,10,15,10,7,2,0,0,10,5,9,16,3,19,11,10,5,3,0,7,19,18,1,4,12,9,15,18,7,7,0,3,18,11,1,9,16,19,11,19,2,0,15,19,6,6,10,11,11,11,18,10,7,3,10,15,9,8,14,13,11,10,19,6,3,19,0,11,0,10,7,9,15,10,11,3,0,11,2,0,13,19,11,0,4,11,6,10,7,4,11,3,6,13,3,19,10,1,11,7,11,6,0,19,0,11,13,9,6,16,13,13,11,10,10,14,0,0,0,0,0,0,0,0,0,0,0,0,0,0,0,0,0,0,0,0,0,0,0,0,0,0,0,0",0.5873127,0.22854862,0.5843835,3.0,0.10375407,118.49268,0.11685164,1.0,0.11685164,0.2840577,0.034976184,0.0,0.0,0.10375407,0.0019490508,0.80216604,0.2840577,17.559748,2.0702684,118.49268,0.5873127,3.4208038,245.30708,0.022662587,0.0906565,1.0,245.30708,0.4156165,0.19783397,17.559748,0.0019490508,0.047289785,0.22854862,0.0,2.0702684,3.4208038,0.022662587,0.39301664,0.0,0.047289785,0.39301664,0.709887,0.0906565,1.0,0.034976184,lookahead,beam_orig0_bm0-s0to100br2
/work/T-REX/external/Proteina-Complexa/inference/search_binder_local_pipeline_32_PDL1_ALPHA_REPACK_v7_r006_cand_v7r006_hyp_0006_00_001_af1b7530d1b98/job_0_n_201_id_2_beam_orig1_bm0-s0to100br2/job_0_n_201_id_2_beam_orig1_bm0-s0to100br2.pdb,9,"2,0,13,16,19,16,19,14,11,3,10,18,19,19,6,18,7,15,2,12,16,9,6,4,11,13,14,19,6,11,5,10,3,10,0,0,10,9,19,18,17,6,12,6,3,11,2,9,9,5,13,19,8,7,6,6,3,10,11,19,5,8,15,15,18,1,5,1,0,1,10,10,11,3,5,10,15,10,7,2,0,0,10,5,9,16,3,19,11,10,5,3,0,7,19,18,1,4,12,9,15,18,7,7,0,3,18,11,1,9,16,19,11,19,2,0,15,15,19,16,0,11,0,7,16,16,0,11,10,16,4,14,15,11,0,15,15,19,13,17,9,15,14,15,7,11,11,9,15,16,3,14,6,18,11,2,1,0,15,10,15,15,3,11,11,16,10,15,9,15,3,19,11,10,15,3,15,7,9,18,5,4,9,0,15,7,15,3,3,15,7,13,18,11,9,5,10,16,19,16,6,0,0,0,0,0,0,0,0,0,0,0,0,0,0,0,0,0",0.63714397,0.2070724,0.5953008,3.0,0.12526171,128.242,0.13452902,1.0,0.13452902,0.2640517,0.06786975,0.0,0.0,0.12526171,0.0034831783,0.84737426,0.2640517,21.24076,1.5201912,128.242,0.63714397,3.560982,258.235,0.06417202,0.11599439,1.0,258.235,0.40469924,0.15262575,21.24076,0.0034831783,0.07156749,0.2070724,0.0,1.5201912,3.560982,0.06417202,0.38106892,0.0,0.07156749,0.38106892,0.689582,0.11599439,1.0,0.06786975,lookahead,beam_orig1_bm0-s0to100br2
/work/T-REX/external/Proteina-Complexa/inference/search_binder_local_pipeline_32_PDL1_ALPHA_REPACK_v7_r006_cand_v7r006_hyp_0006_00_001_af1b7530d1b98/job_0_n_218_id_2_beam_orig2_bm0-s0to100br2/job_0_n_218_id_2_beam_orig2_bm0-s0to100br2.pdb,10,"2,0,13,16,19,16,19,14,11,3,10,18,19,19,6,18,7,15,2,12,16,9,6,4,11,13,14,19,6,11,5,10,3,10,0,0,10,9,19,18,17,6,12,6,3,11,2,9,9,5,13,19,8,7,6,6,3,10,11,19,5,8,15,15,18,1,5,1,0,1,10,10,11,3,5,10,15,10,7,2,0,0,10,5,9,16,3,19,11,10,5,3,0,7,19,18,1,4,12,9,15,18,7,7,0,3,18,11,1,9,16,19,11,19,2,0,0,10,11,10,16,19,14,11,11,15,18,15,19,5,6,7,15,15,19,16,10,6,4,11,0,15,5,16,19,15,15,18,2,17,10,7,14,11,2,16,14,9,9,9,2,2,5,19,15,15,2,18,5,7,1,19,6,2,10,15,15,7,16,2,10,15,9,11,10,11,2,16,1,19,15,3,15,7,16,18,11,4,18,7,5,2,15,19,7,12,3,13,0,6,9,5,10,2,19,10,0,11",0.6070858,0.3341111,0.76323915,3.0,0.022401772,130.21582,0.025269544,1.0,0.025269544,0.34149945,0.0057450337,0.0,0.0,0.022401772,0.0016598988,0.8555137,0.34149945,24.451859,1.3585035,130.21582,0.6070858,3.9621823,249.25092,0.0,0.019534001,1.0,249.25092,0.23676082,0.14448632,24.451859,0.0016598988,0.0114900675,0.3341111,0.0,1.3585035,3.9621823,0.0,0.56017464,0.0,0.0114900675,0.56017464,0.5939735,0.019534001,1.0,0.0057450337,lookahead,beam_orig2_bm0-s0to100br2
/work/T-REX/external/Proteina-Complexa/inference/search_binder_local_pipeline_32_PDL1_ALPHA_REPACK_v7_r006_cand_v7r006_hyp_0006_00_001_af1b7530d1b98/job_0_n_186_id_2_beam_orig3_bm0-s0to100br2/job_0_n_186_id_2_beam_orig3_bm0-s0to100br2.pdb,11,"2,0,13,16,19,16,19,14,11,3,10,18,19,19,6,18,7,15,2,12,16,9,6,4,11,13,14,19,6,11,5,10,3,10,0,0,10,9,19,18,17,6,12,6,3,11,2,9,9,5,13,19,8,7,6,6,3,10,11,19,5,8,15,15,18,1,5,1,0,1,10,10,11,3,5,10,15,10,7,2,0,0,10,5,9,16,3,19,11,10,5,3,0,7,19,18,1,4,12,9,15,18,7,7,0,3,18,11,1,9,16,19,11,19,2,0,15,10,6,6,11,6,10,0,6,17,5,11,18,15,6,6,10,19,11,16,11,10,11,16,13,9,6,6,7,2,6,3,11,0,9,0,10,13,5,10,6,12,11,7,10,11,19,14,6,1,10,8,2,1,10,10,6,9,13,11,11,16,10,2,6,5,9,5,5,16,0,0,0,0,0,0,0,0,0,0,0,0,0,0,0,0,0,0,0,0,0,0,0,0,0,0,0,0,0,0,0,0",0.55937123,0.30246335,0.6870335,3.0,0.037493937,114.90544,0.05000334,1.0,0.05000334,0.37465546,0.013243487,0.0,0.0,0.037493937,0.004718395,0.70791566,0.37465546,6.3076897,2.380003,114.90544,0.55937123,3.8000937,223.69217,0.011586592,0.024984535,1.0,223.69217,0.31296653,0.29208434,6.3076897,0.004718395,0.014900382,0.30246335,0.0,2.380003,3.8000937,0.011586592,0.50867295,0.0,0.014900382,0.50867295,0.67484057,0.024984535,1.0,0.013243487,lookahead,beam_orig3_bm0-s0to100br2
/work/T-REX/external/Proteina-Complexa/inference/search_binder_local_pipeline_32_PDL1_ALPHA_REPACK_v7_r006_cand_v7r006_hyp_0006_00_001_af1b7530d1b98/job_0_n_190_id_3_beam_orig0_bm0-s0to100br3/job_0_n_190_id_3_beam_orig0_bm0-s0to100br3.pdb,12,"2,0,13,16,19,16,19,14,11,3,10,18,19,19,6,18,7,15,2,12,16,9,6,4,11,13,14,19,6,11,5,10,3,10,0,0,10,9,19,18,17,6,12,6,3,11,2,9,9,5,13,19,8,7,6,6,3,10,11,19,5,8,15,15,18,1,5,1,0,1,10,10,11,3,5,10,15,10,7,2,0,0,10,5,9,16,3,19,11,10,5,3,0,7,19,18,1,4,12,9,15,18,7,7,0,3,18,11,1,9,16,19,11,19,2,0,15,10,11,6,6,11,3,0,11,11,9,0,7,10,19,14,11,3,11,5,5,6,0,18,2,10,0,11,6,10,13,11,6,18,11,0,2,14,3,15,6,11,19,11,5,10,1,2,6,9,19,0,10,0,11,3,2,19,6,11,13,11,9,10,11,0,19,0,3,9,10,3,15,10,0,0,0,0,0,0,0,0,0,0,0,0,0,0,0,0,0,0,0,0,0,0,0,0,0,0,0,0",0.6252886,0.07477115,0.25941503,3.0,0.43549687,62.3163,0.480684,1.0,0.480684,0.14837384,0.43549687,0.0,0.0,0.43549687,0.0013097081,0.93336064,0.14837384,4.575532,1.404717,62.3163,0.6252886,2.3355014,198.16078,0.3903097,0.3903097,1.0,198.16078,0.74058497,0.06663937,4.575532,0.0013097081,0.480684,0.07477115,0.0,1.404717,2.3355014,0.3903097,0.19933084,0.0,0.480684,0.19933084,0.8393153,0.3903097,1.0,0.43549687,lookahead,beam_orig0_bm0-s0to100br3
/work/T-REX/external/Proteina-Complexa/inference/search_binder_local_pipeline_32_PDL1_ALPHA_REPACK_v7_r006_cand_v7r006_hyp_0006_00_001_af1b7530d1b98/job_0_n_201_id_3_beam_orig1_bm0-s0to100br3/job_0_n_201_id_3_beam_orig1_bm0-s0to100br3.pdb,13,"2,0,13,16,19,16,19,14,11,3,10,18,19,19,6,18,7,15,2,12,16,9,6,4,11,13,14,19,6,11,5,10,3,10,0,0,10,9,19,18,17,6,12,6,3,11,2,9,9,5,13,19,8,7,6,6,3,10,11,19,5,8,15,15,18,1,5,1,0,1,10,10,11,3,5,10,15,10,7,2,0,0,10,5,9,16,3,19,11,10,5,3,0,7,19,18,1,4,12,9,15,18,7,7,0,3,18,11,1,9,16,19,11,19,2,0,12,16,11,6,6,0,6,2,10,2,11,6,7,2,6,18,10,1,11,7,2,18,3,6,0,19,11,11,18,6,6,0,13,11,9,18,11,0,10,11,3,11,6,7,10,11,11,19,19,13,7,18,6,12,10,7,9,18,18,11,2,5,7,2,10,3,11,0,2,3,13,13,11,11,0,1,6,19,5,5,9,0,3,15,10,0,0,0,0,0,0,0,0,0,0,0,0,0,0,0,0,0",0.67260545,0.27412057,0.78551424,3.0,0.033181053,72.28157,0.04214259,1.0,0.04214259,0.34009096,0.013839681,0.0,0.0,0.033181053,0.0028037878,0.83622664,0.34009096,6.0997767,1.2543538,72.28157,0.67260545,3.688397,232.54977,0.012672445,0.024219515,1.0,232.54977,0.2144858,0.16377334,6.0997767,0.0028037878,0.015006917,0.27412057,0.0,1.2543538,3.688397,0.012672445,0.5388469,0.0,0.015006917,0.5388469,0.60530543,0.024219515,1.0,0.013839681,lookahead,beam_orig1_bm0-s0to100br3
/work/T-REX/external/Proteina-Complexa/inference/search_binder_local_pipeline_32_PDL1_ALPHA_REPACK_v7_r006_cand_v7r006_hyp_0006_00_001_af1b7530d1b98/job_0_n_218_id_3_beam_orig2_bm0-s0to100br3/job_0_n_218_id_3_beam_orig2_bm0-s0to100br3.pdb,14,"2,0,13,16,19,16,19,14,11,3,10,18,19,19,6,18,7,15,2,12,16,9,6,4,11,13,14,19,6,11,5,10,3,10,0,0,10,9,19,18,17,6,12,6,3,11,2,9,9,5,13,19,8,7,6,6,3,10,11,19,5,8,15,15,18,1,5,1,0,1,10,10,11,3,5,10,15,10,7,2,0,0,10,5,9,16,3,19,11,10,5,3,0,7,19,18,1,4,12,9,15,18,7,7,0,3,18,11,1,9,16,19,11,19,2,0,15,19,16,5,14,8,11,10,12,15,0,15,16,7,0,15,19,16,10,15,4,19,0,15,5,16,10,15,15,15,0,19,19,15,17,11,11,6,7,19,7,10,10,16,15,7,2,16,10,6,19,15,3,15,1,13,5,10,10,11,15,7,16,3,13,15,10,5,9,15,15,10,5,14,6,3,0,7,9,18,18,4,10,19,0,3,16,13,7,9,1,15,7,0,7,16,11,10,6,19,11,7",0.60405284,0.32764918,0.7615116,3.0,0.02490749,114.27321,0.032857757,1.0,0.032857757,0.37097025,0.006583497,0.0,0.0,0.02490749,0.0028609564,0.7726669,0.37097025,11.792361,1.7811513,114.27321,0.60405284,4.0364857,242.0105,0.0,0.016957223,1.0,242.0105,0.23848836,0.22733313,11.792361,0.0028609564,0.013166994,0.32764918,0.0,1.7811513,4.0364857,0.0,0.5631221,0.0,0.013166994,0.5631221,0.59475446,0.016957223,1.0,0.006583497,lookahead,beam_orig2_bm0-s0to100br3
/work/T-REX/external/Proteina-Complexa/inference/search_binder_local_pipeline_32_PDL1_ALPHA_REPACK_v7_r006_cand_v7r006_hyp_0006_00_001_af1b7530d1b98/job_0_n_186_id_3_beam_orig3_bm0-s0to100br3/job_0_n_186_id_3_beam_orig3_bm0-s0to100br3.pdb,15,"2,0,13,16,19,16,19,14,11,3,10,18,19,19,6,18,7,15,2,12,16,9,6,4,11,13,14,19,6,11,5,10,3,10,0,0,10,9,19,18,17,6,12,6,3,11,2,9,9,5,13,19,8,7,6,6,3,10,11,19,5,8,15,15,18,1,5,1,0,1,10,10,11,3,5,10,15,10,7,2,0,0,10,5,9,16,3,19,11,10,5,3,0,7,19,18,1,4,12,9,15,18,7,7,0,3,18,11,1,9,16,19,11,19,2,0,15,6,6,1,15,1,9,13,1,6,13,11,6,7,16,1,19,1,13,9,2,18,11,3,1,10,16,7,1,6,7,6,19,11,15,9,6,7,3,16,0,11,19,10,10,13,6,3,7,15,6,8,3,19,3,11,14,13,3,10,9,6,5,11,11,10,6,9,19,3,0,0,0,0,0,0,0,0,0,0,0,0,0,0,0,0,0,0,0,0,0,0,0,0,0,0,0,0,0,0,0,0",0.6207551,0.3444325,0.80932367,3.0,0.008464735,120.805885,0.010901634,1.0,0.010901634,0.43232062,0.006640198,0.0,0.0,0.008464735,0.008015676,0.7384176,0.43232062,13.950234,1.8442575,120.805885,0.6207551,4.0284357,228.83083,0.0,0.0060278373,1.0,228.83083,0.1906763,0.26158234,13.950234,0.008015676,0.013280396,0.3444325,0.0,1.8442575,4.0284357,0.0,0.6016951,0.0,0.013280396,0.6016951,0.63210285,0.0060278373,1.0,0.006640198,lookahead,beam_orig3_bm0-s0to100br3
/work/T-REX/external/Proteina-Complexa/inference/search_binder_local_pipeline_32_PDL1_ALPHA_REPACK_v7_r006_cand_v7r006_hyp_0006_00_001_af1b7530d1b98/job_0_n_190_id_4_beam_orig0_bm1-s0to100br0/job_0_n_190_id_4_beam_orig0_bm1-s0to100br0.pdb,16,"2,0,13,16,19,16,19,14,11,3,10,18,19,19,6,18,7,15,2,12,16,9,6,4,11,13,14,19,6,11,5,10,3,10,0,0,10,9,19,18,17,6,12,6,3,11,2,9,9,5,13,19,8,7,6,6,3,10,11,19,5,8,15,15,18,1,5,1,0,1,10,10,11,3,5,10,15,10,7,2,0,0,10,5,9,16,3,19,11,10,5,3,0,7,19,18,1,4,12,9,15,18,7,7,0,3,18,11,1,9,16,19,11,19,2,0,15,15,10,15,19,6,0,7,0,16,0,16,10,16,4,14,19,11,15,2,3,5,19,9,17,6,2,14,3,11,5,11,10,7,5,14,15,16,15,11,2,10,16,9,14,15,19,16,10,11,3,0,7,2,18,16,4,16,19,9,15,16,7,11,15,8,16,9,16,10,16,19,11,0,0,0,0,0,0,0,0,0,0,0,0,0,0,0,0,0,0,0,0,0,0,0,0,0,0,0,0,0",0.58569926,0.53384596,0.877673,3.0,0.0025165475,76.74331,0.005033095,1.0,0.005033095,0.49844405,0.0,0.0,0.0,0.0025165475,0.004849677,0.77066755,0.49844405,7.3398666,1.6248509,76.74331,0.58569926,4.5537477,220.1756,0.0,0.0,1.0,220.1756,0.12232703,0.22933242,7.3398666,0.004849677,0.0,0.53384596,0.0,1.6248509,4.5537477,0.0,0.7333268,0.0,0.0,0.7333268,0.5963426,0.0,1.0,0.0,lookahead,beam_orig0_bm1-s0to100br0
/work/T-REX/external/Proteina-Complexa/inference/search_binder_local_pipeline_32_PDL1_ALPHA_REPACK_v7_r006_cand_v7r006_hyp_0006_00_001_af1b7530d1b98/job_0_n_201_id_4_beam_orig1_bm1-s0to100br0/job_0_n_201_id_4_beam_orig1_bm1-s0to100br0.pdb,17,"2,0,13,16,19,16,19,14,11,3,10,18,19,19,6,18,7,15,2,12,16,9,6,4,11,13,14,19,6,11,5,10,3,10,0,0,10,9,19,18,17,6,12,6,3,11,2,9,9,5,13,19,8,7,6,6,3,10,11,19,5,8,15,15,18,1,5,1,0,1,10,10,11,3,5,10,15,10,7,2,0,0,10,5,9,16,3,19,11,10,5,3,0,7,19,18,1,4,12,9,15,18,7,7,0,3,18,11,1,9,16,19,11,19,2,0,12,15,0,6,6,8,9,11,2,10,11,9,0,10,6,11,6,3,0,13,7,9,10,11,13,7,10,6,0,9,3,6,9,15,11,10,11,15,6,0,11,11,11,3,18,0,7,5,9,19,15,10,4,3,3,18,10,11,11,2,14,2,0,3,0,15,19,9,15,0,19,11,7,19,1,3,11,0,10,6,19,0,14,19,11,0,0,0,0,0,0,0,0,0,0,0,0,0,0,0,0,0",0.77578527,0.042152207,0.15094149,3.0,0.690395,27.254574,0.7367484,1.0,0.7367484,0.11329452,0.690395,0.0,0.0,0.690395,0.0027825504,0.94861,0.11329452,1.3598421,1.2777795,27.254574,0.77578527,1.8223306,152.22986,0.6440416,0.6440416,1.0,152.22986,0.8490585,0.05139,1.3598421,0.0027825504,0.7367484,0.042152207,0.0,1.2777795,1.8223306,0.6440416,0.14102197,0.0,0.7367484,0.14102197,0.88857913,0.6440416,1.0,0.690395,lookahead,beam_orig1_bm1-s0to100br0
/work/T-REX/external/Proteina-Complexa/inference/search_binder_local_pipeline_32_PDL1_ALPHA_REPACK_v7_r006_cand_v7r006_hyp_0006_00_001_af1b7530d1b98/job_0_n_218_id_4_beam_orig2_bm1-s0to100br0/job_0_n_218_id_4_beam_orig2_bm1-s0to100br0.pdb,18,"2,0,13,16,19,16,19,14,11,3,10,18,19,19,6,18,7,15,2,12,16,9,6,4,11,13,14,19,6,11,5,10,3,10,0,0,10,9,19,18,17,6,12,6,3,11,2,9,9,5,13,19,8,7,6,6,3,10,11,19,5,8,15,15,18,1,5,1,0,1,10,10,11,3,5,10,15,10,7,2,0,0,10,5,9,16,3,19,11,10,5,3,0,7,19,18,1,4,12,9,15,18,7,7,0,3,18,11,1,9,16,19,11,19,2,0,16,19,16,19,14,11,3,10,18,19,19,6,18,7,15,2,12,16,9,6,4,11,13,14,19,6,11,5,10,3,10,0,0,10,9,19,18,17,6,12,6,3,11,2,9,9,5,13,19,8,7,6,6,3,10,11,19,5,8,15,15,18,1,5,1,0,1,10,10,11,3,5,10,15,10,7,2,0,0,10,5,9,16,3,19,11,10,5,3,0,7,19,18,1,4,12,9,15,18,7,7,0",0.610784,0.33616823,0.76060694,3.0,0.025023442,88.24935,0.02667666,1.0,0.02667666,0.34462357,0.0060943165,0.0,0.0,0.025023442,0.0022359993,0.8423168,0.34462357,7.9517155,1.4377197,88.24935,0.610784,3.9541311,206.2347,0.0,0.023370221,1.0,206.2347,0.23939306,0.15768318,7.9517155,0.0022359993,0.012188633,0.33616823,0.0,1.4377197,3.9541311,0.0,0.55514985,0.0,0.012188633,0.55514985,0.5923643,0.023370221,1.0,0.0060943165,lookahead,beam_orig2_bm1-s0to100br0
/work/T-REX/external/Proteina-Complexa/inference/search_binder_local_pipeline_32_PDL1_ALPHA_REPACK_v7_r006_cand_v7r006_hyp_0006_00_001_af1b7530d1b98/job_0_n_186_id_4_beam_orig3_bm1-s0to100br0/job_0_n_186_id_4_beam_orig3_bm1-s0to100br0.pdb,19,"2,0,13,16,19,16,19,14,11,3,10,18,19,19,6,18,7,15,2,12,16,9,6,4,11,13,14,19,6,11,5,10,3,10,0,0,10,9,19,18,17,6,12,6,3,11,2,9,9,5,13,19,8,7,6,6,3,10,11,19,5,8,15,15,18,1,5,1,0,1,10,10,11,3,5,10,15,10,7,2,0,0,10,5,9,16,3,19,11,10,5,3,0,7,19,18,1,4,12,9,15,18,7,7,0,3,18,11,1,9,16,19,11,19,2,0,11,1,0,9,6,10,11,14,2,13,0,6,0,17,11,2,10,7,2,0,18,11,2,10,2,2,10,3,6,0,9,11,0,18,11,5,0,9,6,10,11,14,2,13,0,6,0,8,0,2,10,7,11,19,9,7,6,5,10,7,15,3,5,0,9,19,2,5,10,11,0,0,0,0,0,0,0,0,0,0,0,0,0,0,0,0,0,0,0,0,0,0,0,0,0,0,0,0,0,0,0,0",0.564479,0.51928353,0.84613013,3.0,0.0029741873,167.5062,0.0059483745,1.0,0.0059483745,0.6253189,0.0,0.0,0.0,0.0029741873,0.061677653,0.39301693,0.6253189,21.547049,3.6465724,167.5062,0.564479,4.2035546,358.15707,0.0,0.0,1.0,358.15707,0.15386987,0.60698307,21.547049,0.061677653,0.0,0.51928353,0.0,3.6465724,4.2035546,0.0,0.7076904,0.0,0.0,0.7076904,0.61852384,0.0,1.0,0.0,lookahead,beam_orig3_bm1-s0to100br0
/work/T-REX/external/Proteina-Complexa/inference/search_binder_local_pipeline_32_PDL1_ALPHA_REPACK_v7_r006_cand_v7r006_hyp_0006_00_001_af1b7530d1b98/job_0_n_190_id_5_beam_orig0_bm1-s0to100br1/job_0_n_190_id_5_beam_orig0_bm1-s0to100br1.pdb,20,"2,0,13,16,19,16,19,14,11,3,10,18,19,19,6,18,7,15,2,12,16,9,6,4,11,13,14,19,6,11,5,10,3,10,0,0,10,9,19,18,17,6,12,6,3,11,2,9,9,5,13,19,8,7,6,6,3,10,11,19,5,8,15,15,18,1,5,1,0,1,10,10,11,3,5,10,15,10,7,2,0,0,10,5,9,16,3,19,11,10,5,3,0,7,19,18,1,4,12,9,15,18,7,7,0,3,18,11,1,9,16,19,11,19,2,0,12,11,3,10,10,2,0,10,11,15,19,11,10,2,2,11,4,11,6,10,6,3,10,15,11,11,13,14,15,0,11,2,0,10,6,18,4,4,15,11,2,3,19,6,13,16,13,4,10,10,3,10,9,3,9,9,6,11,7,5,10,2,10,10,0,2,18,14,0,0,2,11,14,4,0,0,0,0,0,0,0,0,0,0,0,0,0,0,0,0,0,0,0,0,0,0,0,0,0,0,0,0",0.53102875,0.17969848,0.50473994,3.0,0.13797376,50.53967,0.15685914,1.0,0.15685914,0.2621704,0.10820729,0.0,0.0,0.13797376,0.008940563,0.843589,0.2621704,1.9086207,1.7584083,50.53967,0.53102875,3.1131315,202.92561,0.102016754,0.11908835,1.0,202.92561,0.49526006,0.156411,1.9086207,0.008940563,0.11439783,0.17969848,0.0,1.7584083,3.1131315,0.102016754,0.36405486,0.0,0.11439783,0.36405486,0.7378228,0.11908835,1.0,0.10820729,lookahead,beam_orig0_bm1-s0to100br1
/work/T-REX/external/Proteina-Complexa/inference/search_binder_local_pipeline_32_PDL1_ALPHA_REPACK_v7_r006_cand_v7r006_hyp_0006_00_001_af1b7530d1b98/job_0_n_201_id_5_beam_orig1_bm1-s0to100br1/job_0_n_201_id_5_beam_orig1_bm1-s0to100br1.pdb,21,"2,0,13,16,19,16,19,14,11,3,10,18,19,19,6,18,7,15,2,12,16,9,6,4,11,13,14,19,6,11,5,10,3,10,0,0,10,9,19,18,17,6,12,6,3,11,2,9,9,5,13,19,8,7,6,6,3,10,11,19,5,8,15,15,18,1,5,1,0,1,10,10,11,3,5,10,15,10,7,2,0,0,10,5,9,16,3,19,11,10,5,3,0,7,19,18,1,4,12,9,15,18,7,7,0,3,18,11,1,9,16,19,11,19,2,0,14,19,13,18,3,13,1,19,19,15,0,16,14,16,15,10,8,19,16,17,11,15,15,0,14,19,3,6,2,5,10,10,19,16,0,6,2,15,6,7,5,11,19,0,6,4,1,14,0,10,11,6,7,6,18,8,4,10,10,10,7,10,16,14,7,6,15,18,16,9,19,10,1,18,7,16,6,6,9,11,1,9,14,18,14,0,0,0,0,0,0,0,0,0,0,0,0,0,0,0,0,0",0.6177702,0.27241245,0.71207327,3.0,0.04978911,111.122955,0.051394355,1.0,0.051394355,0.32592085,0.013725462,0.0,0.0,0.04978911,0.0016181273,0.8080096,0.32592085,12.588608,1.3839158,111.122955,0.6177702,3.4944153,215.09991,0.012928717,0.04818386,1.0,215.09991,0.28792673,0.19199039,12.588608,0.0016181273,0.014522208,0.27241245,0.0,1.3839158,3.4944153,0.012928717,0.5001288,0.0,0.014522208,0.5001288,0.6427004,0.04818386,1.0,0.013725462,lookahead,beam_orig1_bm1-s0to100br1
/work/T-REX/external/Proteina-Complexa/inference/search_binder_local_pipeline_32_PDL1_ALPHA_REPACK_v7_r006_cand_v7r006_hyp_0006_00_001_af1b7530d1b98/job_0_n_218_id_5_beam_orig2_bm1-s0to100br1/job_0_n_218_id_5_beam_orig2_bm1-s0to100br1.pdb,22,"2,0,13,16,19,16,19,14,11,3,10,18,19,19,6,18,7,15,2,12,16,9,6,4,11,13,14,19,6,11,5,10,3,10,0,0,10,9,19,18,17,6,12,6,3,11,2,9,9,5,13,19,8,7,6,6,3,10,11,19,5,8,15,15,18,1,5,1,0,1,10,10,11,3,5,10,15,10,7,2,0,0,10,5,9,16,3,19,11,10,5,3,0,7,19,18,1,4,12,9,15,18,7,7,0,3,18,11,1,9,16,19,11,19,2,0,16,19,16,19,14,11,3,10,18,19,19,6,18,7,15,2,12,16,9,6,4,11,13,14,19,6,11,5,10,3,10,0,0,10,9,19,18,17,6,12,6,3,11,2,9,9,5,13,19,8,7,6,6,3,10,11,19,5,8,15,15,18,1,5,1,0,1,10,10,11,3,5,10,15,10,7,2,0,0,10,5,9,16,3,19,11,10,5,3,0,7,19,18,1,4,12,9,15,18,7,7,0",0.60176533,0.34822014,0.76691645,3.0,0.018633338,74.59787,0.020627508,1.0,0.020627508,0.3511567,0.0057588397,0.0,0.0,0.018633338,0.0022566412,0.8428099,0.3511567,7.9025364,1.4395462,74.59787,0.60176533,3.9794636,198.77654,0.0,0.016639167,1.0,198.77654,0.23308353,0.15719007,7.9025364,0.0022566412,0.011517679,0.34822014,0.0,1.4395462,3.9794636,0.0,0.5672427,0.0,0.011517679,0.5672427,0.58951074,0.016639167,1.0,0.0057588397,lookahead,beam_orig2_bm1-s0to100br1
/work/T-REX/external/Proteina-Complexa/inference/search_binder_local_pipeline_32_PDL1_ALPHA_REPACK_v7_r006_cand_v7r006_hyp_0006_00_001_af1b7530d1b98/job_0_n_186_id_5_beam_orig3_bm1-s0to100br1/job_0_n_186_id_5_beam_orig3_bm1-s0to100br1.pdb,23,"2,0,13,16,19,16,19,14,11,3,10,18,19,19,6,18,7,15,2,12,16,9,6,4,11,13,14,19,6,11,5,10,3,10,0,0,10,9,19,18,17,6,12,6,3,11,2,9,9,5,13,19,8,7,6,6,3,10,11,19,5,8,15,15,18,1,5,1,0,1,10,10,11,3,5,10,15,10,7,2,0,0,10,5,9,16,3,19,11,10,5,3,0,7,19,18,1,4,12,9,15,18,7,7,0,3,18,11,1,9,16,19,11,19,2,0,2,10,5,11,19,3,6,13,13,6,10,10,2,3,14,2,19,0,0,9,6,0,15,10,11,5,11,18,10,1,14,9,18,14,7,7,11,10,7,11,0,9,12,12,3,2,3,3,3,10,6,13,13,9,11,10,7,6,11,19,16,16,11,14,10,9,19,19,6,3,0,0,0,0,0,0,0,0,0,0,0,0,0,0,0,0,0,0,0,0,0,0,0,0,0,0,0,0,0,0,0,0",0.5752054,0.41105363,0.7856214,3.0,0.010411942,129.56847,0.015133105,1.0,0.015133105,0.43420723,0.005426283,0.0,0.0,0.010411942,0.0052323435,0.72138727,0.43420723,16.150599,2.0164387,129.56847,0.5752054,4.003052,279.98956,0.0,0.0056907786,1.0,279.98956,0.2143786,0.2786127,16.150599,0.0052323435,0.010852566,0.41105363,0.0,2.0164387,4.003052,0.0,0.61363864,0.0,0.010852566,0.61363864,0.64006686,0.0056907786,1.0,0.005426283,lookahead,beam_orig3_bm1-s0to100br1
/work/T-REX/external/Proteina-Complexa/inference/search_binder_local_pipeline_32_PDL1_ALPHA_REPACK_v7_r006_cand_v7r006_hyp_0006_00_001_af1b7530d1b98/job_0_n_190_id_6_beam_orig0_bm1-s0to100br2/job_0_n_190_id_6_beam_orig0_bm1-s0to100br2.pdb,24,"2,0,13,16,19,16,19,14,11,3,10,18,19,19,6,18,7,15,2,12,16,9,6,4,11,13,14,19,6,11,5,10,3,10,0,0,10,9,19,18,17,6,12,6,3,11,2,9,9,5,13,19,8,7,6,6,3,10,11,19,5,8,15,15,18,1,5,1,0,1,10,10,11,3,5,10,15,10,7,2,0,0,10,5,9,16,3,19,11,10,5,3,0,7,19,18,1,4,12,9,15,18,7,7,0,3,18,11,1,9,16,19,11,19,2,0,6,6,0,9,0,18,13,2,1,7,2,0,8,13,2,12,7,2,18,3,10,0,9,6,3,18,16,1,0,9,6,9,3,14,2,13,0,10,0,18,13,2,1,7,2,0,18,10,0,11,7,6,14,11,10,0,0,11,3,17,6,6,0,10,11,9,3,14,15,19,1,15,11,11,0,0,0,0,0,0,0,0,0,0,0,0,0,0,0,0,0,0,0,0,0,0,0,0,0,0,0,0",0.4907459,0.16333273,0.45505273,3.0,0.15675204,37.78272,0.18556327,1.0,0.18556327,0.25079215,0.1351626,0.0,0.0,0.15675204,0.014355508,0.87378407,0.25079215,2.587996,1.3426822,37.78272,0.4907459,2.9798508,187.6269,0.11196268,0.1279408,1.0,187.6269,0.54494727,0.12621595,2.587996,0.014355508,0.15836254,0.16333273,0.0,1.3426822,2.9798508,0.11196268,0.34858525,0.0,0.15836254,0.34858525,0.75846696,0.1279408,1.0,0.1351626,lookahead,beam_orig0_bm1-s0to100br2
/work/T-REX/external/Proteina-Complexa/inference/search_binder_local_pipeline_32_PDL1_ALPHA_REPACK_v7_r006_cand_v7r006_hyp_0006_00_001_af1b7530d1b98/job_0_n_201_id_6_beam_orig1_bm1-s0to100br2/job_0_n_201_id_6_beam_orig1_bm1-s0to100br2.pdb,25,"2,0,13,16,19,16,19,14,11,3,10,18,19,19,6,18,7,15,2,12,16,9,6,4,11,13,14,19,6,11,5,10,3,10,0,0,10,9,19,18,17,6,12,6,3,11,2,9,9,5,13,19,8,7,6,6,3,10,11,19,5,8,15,15,18,1,5,1,0,1,10,10,11,3,5,10,15,10,7,2,0,0,10,5,9,16,3,19,11,10,5,3,0,7,19,18,1,4,12,9,15,18,7,7,0,3,18,11,1,9,16,19,11,19,2,0,15,1,0,6,11,10,11,6,0,1,3,18,13,3,1,7,11,0,11,13,1,0,7,3,18,6,7,0,9,19,3,13,11,6,0,10,11,9,13,11,15,10,3,0,11,19,6,6,11,13,15,10,5,13,10,15,6,15,18,5,0,10,18,6,6,16,7,11,6,6,8,11,5,6,0,6,11,18,11,11,6,0,6,6,9,0,0,0,0,0,0,0,0,0,0,0,0,0,0,0,0,0",0.61699003,0.25233966,0.69816774,3.0,0.056964993,108.74139,0.058438618,1.0,0.058438618,0.30828235,0.014049792,0.0,0.0,0.056964993,0.0024644262,0.8369508,0.30828235,7.9858704,1.1719043,108.74139,0.61699003,3.4221659,210.21024,0.013672711,0.055491365,1.0,210.21024,0.30183226,0.16304924,7.9858704,0.0024644262,0.014426872,0.25233966,0.0,1.1719043,3.4221659,0.013672711,0.48722655,0.0,0.014426872,0.48722655,0.6397037,0.055491365,1.0,0.014049792,lookahead,beam_orig1_bm1-s0to100br2
/work/T-REX/external/Proteina-Complexa/inference/search_binder_local_pipeline_32_PDL1_ALPHA_REPACK_v7_r006_cand_v7r006_hyp_0006_00_001_af1b7530d1b98/job_0_n_218_id_6_beam_orig2_bm1-s0to100br2/job_0_n_218_id_6_beam_orig2_bm1-s0to100br2.pdb,26,"2,0,13,16,19,16,19,14,11,3,10,18,19,19,6,18,7,15,2,12,16,9,6,4,11,13,14,19,6,11,5,10,3,10,0,0,10,9,19,18,17,6,12,6,3,11,2,9,9,5,13,19,8,7,6,6,3,10,11,19,5,8,15,15,18,1,5,1,0,1,10,10,11,3,5,10,15,10,7,2,0,0,10,5,9,16,3,19,11,10,5,3,0,7,19,18,1,4,12,9,15,18,7,7,0,3,18,11,1,9,16,19,11,19,2,0,0,13,16,19,16,19,14,11,3,10,18,19,19,6,18,7,15,2,12,16,9,6,4,11,13,14,19,6,11,5,10,3,10,0,0,10,9,19,18,17,6,12,6,3,11,2,9,9,5,13,19,8,7,6,6,3,10,11,19,5,8,15,15,18,1,5,1,0,1,10,10,11,3,5,10,15,10,7,2,0,0,10,5,9,16,3,19,11,10,5,3,0,7,19,18,1,4,12,9,15,18,7",0.6105757,0.34560758,0.77079,3.0,0.018620187,69.70103,0.020093504,1.0,0.020093504,0.34520125,0.0056380816,0.0,0.0,0.018620187,0.0019333451,0.8551433,0.34520125,5.283861,1.3592778,69.70103,0.6105757,3.9613152,201.11107,0.0,0.01714687,1.0,201.11107,0.22920999,0.1448567,5.283861,0.0019333451,0.011276163,0.34560758,0.0,1.3592778,3.9613152,0.0,0.5642294,0.0,0.011276163,0.5642294,0.5878321,0.01714687,1.0,0.0056380816,lookahead,beam_orig2_bm1-s0to100br2
/work/T-REX/external/Proteina-Complexa/inference/search_binder_local_pipeline_32_PDL1_ALPHA_REPACK_v7_r006_cand_v7r006_hyp_0006_00_001_af1b7530d1b98/job_0_n_186_id_6_beam_orig3_bm1-s0to100br2/job_0_n_186_id_6_beam_orig3_bm1-s0to100br2.pdb,27,"2,0,13,16,19,16,19,14,11,3,10,18,19,19,6,18,7,15,2,12,16,9,6,4,11,13,14,19,6,11,5,10,3,10,0,0,10,9,19,18,17,6,12,6,3,11,2,9,9,5,13,19,8,7,6,6,3,10,11,19,5,8,15,15,18,1,5,1,0,1,10,10,11,3,5,10,15,10,7,2,0,0,10,5,9,16,3,19,11,10,5,3,0,7,19,18,1,4,12,9,15,18,7,7,0,3,18,11,1,9,16,19,11,19,2,0,15,10,11,16,6,6,0,11,6,19,19,11,12,9,2,3,7,11,14,13,15,19,9,9,3,13,10,2,3,9,11,6,11,11,7,19,3,19,0,10,5,19,19,3,6,19,10,0,13,10,14,0,8,15,14,18,19,14,8,10,6,0,13,11,11,11,10,6,0,6,0,0,0,0,0,0,0,0,0,0,0,0,0,0,0,0,0,0,0,0,0,0,0,0,0,0,0,0,0,0,0,0",0.630178,0.2604078,0.6706107,3.0,0.069834754,121.93005,0.07574511,1.0,0.07574511,0.3096467,0.013451599,0.0,0.0,0.069834754,0.0023422728,0.832942,0.3096467,11.0935,1.5552663,121.93005,0.630178,3.5046623,218.31339,0.01343687,0.06392439,1.0,218.31339,0.32938927,0.16705796,11.0935,0.0023422728,0.013466328,0.2604078,0.0,1.5552663,3.5046623,0.01343687,0.44557288,0.0,0.013466328,0.44557288,0.68227756,0.06392439,1.0,0.013451599,lookahead,beam_orig3_bm1-s0to100br2
/work/T-REX/external/Proteina-Complexa/inference/search_binder_local_pipeline_32_PDL1_ALPHA_REPACK_v7_r006_cand_v7r006_hyp_0006_00_001_af1b7530d1b98/job_0_n_190_id_7_beam_orig0_bm1-s0to100br3/job_0_n_190_id_7_beam_orig0_bm1-s0to100br3.pdb,28,"2,0,13,16,19,16,19,14,11,3,10,18,19,19,6,18,7,15,2,12,16,9,6,4,11,13,14,19,6,11,5,10,3,10,0,0,10,9,19,18,17,6,12,6,3,11,2,9,9,5,13,19,8,7,6,6,3,10,11,19,5,8,15,15,18,1,5,1,0,1,10,10,11,3,5,10,15,10,7,2,0,0,10,5,9,16,3,19,11,10,5,3,0,7,19,18,1,4,12,9,15,18,7,7,0,3,18,11,1,9,16,19,11,19,2,0,19,16,10,15,14,0,6,10,16,19,3,6,7,7,2,0,16,13,16,4,16,15,14,15,7,2,4,6,10,9,15,14,2,15,1,19,10,14,5,11,16,11,15,7,2,15,16,16,13,16,9,11,3,19,1,6,15,3,0,7,19,18,11,4,7,3,0,16,0,5,10,9,19,11,0,0,0,0,0,0,0,0,0,0,0,0,0,0,0,0,0,0,0,0,0,0,0,0,0,0,0,0",0.56702167,0.6078394,0.92337614,3.0,0.0,103.756195,0.0,1.0,0.0,0.55139625,0.0,0.0,0.0,0.0,0.010093144,0.7586784,0.55139625,6.161392,1.6556064,103.756195,0.56702167,4.7884436,228.93712,0.0,0.0,1.0,228.93712,0.07662386,0.24132161,6.161392,0.010093144,0.0,0.6078394,0.0,1.6556064,4.7884436,0.0,0.8180426,0.0,0.0,0.8180426,0.58033466,0.0,1.0,0.0,lookahead,beam_orig0_bm1-s0to100br3
/work/T-REX/external/Proteina-Complexa/inference/search_binder_local_pipeline_32_PDL1_ALPHA_REPACK_v7_r006_cand_v7r006_hyp_0006_00_001_af1b7530d1b98/job_0_n_201_id_7_beam_orig1_bm1-s0to100br3/job_0_n_201_id_7_beam_orig1_bm1-s0to100br3.pdb,29,"2,0,13,16,19,16,19,14,11,3,10,18,19,19,6,18,7,15,2,12,16,9,6,4,11,13,14,19,6,11,5,10,3,10,0,0,10,9,19,18,17,6,12,6,3,11,2,9,9,5,13,19,8,7,6,6,3,10,11,19,5,8,15,15,18,1,5,1,0,1,10,10,11,3,5,10,15,10,7,2,0,0,10,5,9,16,3,19,11,10,5,3,0,7,19,18,1,4,12,9,15,18,7,7,0,3,18,11,1,9,16,19,11,19,2,0,2,11,19,16,16,10,13,11,11,10,3,16,6,2,11,7,15,19,3,9,6,11,13,0,16,7,19,7,10,10,13,2,10,8,10,16,3,11,3,9,6,11,9,1,5,9,7,0,11,7,11,14,16,9,2,10,11,7,13,4,6,0,13,10,6,19,13,11,15,11,10,16,14,6,5,9,11,6,10,11,5,0,10,11,6,0,0,0,0,0,0,0,0,0,0,0,0,0,0,0,0,0",0.54446375,0.17192079,0.45618045,3.0,0.17950279,41.434193,0.19202043,1.0,0.19202043,0.21971457,0.1684306,0.0,0.0,0.17950279,0.0044167,0.8979801,0.21971457,1.8685046,1.4937515,41.434193,0.54446375,2.9487617,181.6637,0.15897642,0.16698514,1.0,181.6637,0.54381955,0.10201988,1.8685046,0.0044167,0.17788476,0.17192079,0.0,1.4937515,2.9487617,0.15897642,0.31930968,0.0,0.17788476,0.31930968,0.74807763,0.16698514,1.0,0.1684306,lookahead,beam_orig1_bm1-s0to100br3
/work/T-REX/external/Proteina-Complexa/inference/search_binder_local_pipeline_32_PDL1_ALPHA_REPACK_v7_r006_cand_v7r006_hyp_0006_00_001_af1b7530d1b98/job_0_n_218_id_7_beam_orig2_bm1-s0to100br3/job_0_n_218_id_7_beam_orig2_bm1-s0to100br3.pdb,30,"2,0,13,16,19,16,19,14,11,3,10,18,19,19,6,18,7,15,2,12,16,9,6,4,11,13,14,19,6,11,5,10,3,10,0,0,10,9,19,18,17,6,12,6,3,11,2,9,9,5,13,19,8,7,6,6,3,10,11,19,5,8,15,15,18,1,5,1,0,1,10,10,11,3,5,10,15,10,7,2,0,0,10,5,9,16,3,19,11,10,5,3,0,7,19,18,1,4,12,9,15,18,7,7,0,3,18,11,1,9,16,19,11,19,2,0,19,16,19,14,11,3,10,18,19,19,6,18,7,15,2,12,16,9,6,4,11,13,14,19,6,11,5,10,3,10,0,0,10,9,19,18,17,6,12,6,3,11,2,9,9,5,13,19,8,7,6,6,3,10,11,19,5,8,15,15,18,1,5,1,0,1,10,10,11,3,5,10,15,10,7,2,0,0,10,5,9,16,3,19,11,10,5,3,0,7,19,18,1,4,12,9,15,18,7,7,0,3",0.5919048,0.36601847,0.7763871,3.0,0.012251099,106.112076,0.014728589,1.0,0.014728589,0.3629972,0.0,0.0,0.0,0.012251099,0.002532924,0.8355413,0.3629972,9.255955,1.4988841,106.112076,0.5919048,4.0327487,216.48155,0.0,0.009773608,1.0,216.48155,0.22361287,0.16445868,9.255955,0.002532924,0.0,0.36601847,0.0,1.4988841,4.0327487,0.0,0.58492684,0.0,0.0,0.58492684,0.5846402,0.009773608,1.0,0.0,lookahead,beam_orig2_bm1-s0to100br3
/work/T-REX/external/Proteina-Complexa/inference/search_binder_local_pipeline_32_PDL1_ALPHA_REPACK_v7_r006_cand_v7r006_hyp_0006_00_001_af1b7530d1b98/job_0_n_186_id_7_beam_orig3_bm1-s0to100br3/job_0_n_186_id_7_beam_orig3_bm1-s0to100br3.pdb,31,"2,0,13,16,19,16,19,14,11,3,10,18,19,19,6,18,7,15,2,12,16,9,6,4,11,13,14,19,6,11,5,10,3,10,0,0,10,9,19,18,17,6,12,6,3,11,2,9,9,5,13,19,8,7,6,6,3,10,11,19,5,8,15,15,18,1,5,1,0,1,10,10,11,3,5,10,15,10,7,2,0,0,10,5,9,16,3,19,11,10,5,3,0,7,19,18,1,4,12,9,15,18,7,7,0,3,18,11,1,9,16,19,11,19,2,0,15,3,10,6,19,5,0,16,11,3,19,1,2,9,19,11,3,0,2,13,3,14,3,8,14,15,19,5,11,2,9,5,3,13,9,19,0,12,11,2,11,3,18,6,0,0,0,11,9,10,1,9,18,10,16,14,6,6,0,3,11,6,19,6,11,18,11,11,10,0,0,0,0,0,0,0,0,0,0,0,0,0,0,0,0,0,0,0,0,0,0,0,0,0,0,0,0,0,0,0,0,0",0.61508733,0.33285633,0.7861071,3.0,0.010463472,102.46977,0.012893803,1.0,0.012893803,0.39187175,0.0054839095,0.0,0.0,0.010463472,0.0036653024,0.7891006,0.39187175,6.9670253,1.6518468,102.46977,0.61508733,3.8432944,224.0713,0.0,0.008033141,1.0,224.0713,0.21389288,0.21089943,6.9670253,0.0036653024,0.010967819,0.33285633,0.0,1.6518468,3.8432944,0.0,0.57453686,0.0,0.010967819,0.57453686,0.63413036,0.008033141,1.0,0.0054839095,lookahead,beam_orig3_bm1-s0to100br3
/work/T-REX/external/Proteina-Complexa/inference/search_binder_local_pipeline_32_PDL1_ALPHA_REPACK_v7_r006_cand_v7r006_hyp_0006_00_001_af1b7530d1b98/job_0_n_190_id_8_beam_orig0_bm2-s0to100br0/job_0_n_190_id_8_beam_orig0_bm2-s0to100br0.pdb,32,"2,0,13,16,19,16,19,14,11,3,10,18,19,19,6,18,7,15,2,12,16,9,6,4,11,13,14,19,6,11,5,10,3,10,0,0,10,9,19,18,17,6,12,6,3,11,2,9,9,5,13,19,8,7,6,6,3,10,11,19,5,8,15,15,18,1,5,1,0,1,10,10,11,3,5,10,15,10,7,2,0,0,10,5,9,16,3,19,11,10,5,3,0,7,19,18,1,4,12,9,15,18,7,7,0,3,18,11,1,9,16,19,11,19,2,0,6,3,13,19,11,3,10,6,15,15,3,6,1,19,1,18,2,0,19,13,7,10,7,11,9,7,7,6,11,0,19,6,14,10,15,11,19,9,6,2,6,11,6,8,14,15,19,10,0,19,0,6,11,18,10,1,3,9,7,7,6,11,0,3,11,0,9,6,11,18,11,15,1,16,0,0,0,0,0,0,0,0,0,0,0,0,0,0,0,0,0,0,0,0,0,0,0,0,0,0,0,0",0.6082263,0.3691726,0.7849837,3.0,0.015402547,127.61473,0.024550881,1.0,0.024550881,0.41444916,0.006142455,0.0,0.0,0.015402547,0.013217876,0.70650846,0.41444916,9.048601,2.0787609,127.61473,0.6082263,3.8538096,266.61258,0.0,0.0062542134,1.0,266.61258,0.21501632,0.29349154,9.048601,0.013217876,0.01228491,0.3691726,0.0,2.0787609,3.8538096,0.0,0.5846518,0.0,0.01228491,0.5846518,0.63450927,0.0062542134,1.0,0.006142455,lookahead,beam_orig0_bm2-s0to100br0
/work/T-REX/external/Proteina-Complexa/inference/search_binder_local_pipeline_32_PDL1_ALPHA_REPACK_v7_r006_cand_v7r006_hyp_0006_00_001_af1b7530d1b98/job_0_n_201_id_8_beam_orig1_bm2-s0to100br0/job_0_n_201_id_8_beam_orig1_bm2-s0to100br0.pdb,33,"2,0,13,16,19,16,19,14,11,3,10,18,19,19,6,18,7,15,2,12,16,9,6,4,11,13,14,19,6,11,5,10,3,10,0,0,10,9,19,18,17,6,12,6,3,11,2,9,9,5,13,19,8,7,6,6,3,10,11,19,5,8,15,15,18,1,5,1,0,1,10,10,11,3,5,10,15,10,7,2,0,0,10,5,9,16,3,19,11,10,5,3,0,7,19,18,1,4,12,9,15,18,7,7,0,3,18,11,1,9,16,19,11,19,2,0,16,2,14,6,13,18,18,2,1,7,2,19,1,5,0,10,7,11,10,3,10,0,6,6,3,18,16,6,0,10,1,9,11,14,15,13,13,6,0,18,18,2,1,7,2,19,1,6,0,10,7,11,10,3,10,0,6,6,3,18,16,6,0,10,1,9,0,14,7,8,6,3,0,1,2,6,10,6,11,19,11,5,11,10,0,0,0,0,0,0,0,0,0,0,0,0,0,0,0,0,0,0",0.58957577,0.32560116,0.78443074,3.0,0.010993051,126.41492,0.015108873,1.0,0.015108873,0.374403,0.0059913117,0.0,0.0,0.010993051,0.0022336168,0.8850771,0.374403,21.224651,1.2041683,126.41492,0.58957577,4.290527,234.91638,0.0,0.0068772295,1.0,234.91638,0.21556923,0.11492287,21.224651,0.0022336168,0.0119826235,0.32560116,0.0,1.2041683,4.290527,0.0,0.5980634,0.0,0.0119826235,0.5980634,0.60580933,0.0068772295,1.0,0.0059913117,lookahead,beam_orig1_bm2-s0to100br0
/work/T-REX/external/Proteina-Complexa/inference/search_binder_local_pipeline_32_PDL1_ALPHA_REPACK_v7_r006_cand_v7r006_hyp_0006_00_001_af1b7530d1b98/job_0_n_218_id_8_beam_orig2_bm2-s0to100br0/job_0_n_218_id_8_beam_orig2_bm2-s0to100br0.pdb,34,"2,0,13,16,19,16,19,14,11,3,10,18,19,19,6,18,7,15,2,12,16,9,6,4,11,13,14,19,6,11,5,10,3,10,0,0,10,9,19,18,17,6,12,6,3,11,2,9,9,5,13,19,8,7,6,6,3,10,11,19,5,8,15,15,18,1,5,1,0,1,10,10,11,3,5,10,15,10,7,2,0,0,10,5,9,16,3,19,11,10,5,3,0,7,19,18,1,4,12,9,15,18,7,7,0,3,18,11,1,9,16,19,11,19,2,0,10,19,19,16,5,14,8,14,15,19,15,19,19,11,7,0,16,19,16,10,6,4,15,16,15,5,15,19,14,7,0,16,19,18,17,18,11,7,3,16,10,19,18,8,15,16,7,11,8,3,6,1,13,11,10,10,15,6,2,3,16,2,13,15,10,5,9,16,2,16,11,10,6,3,15,7,19,18,11,4,5,19,19,3,19,2,7,16,11,18,2,7,0,7,16,5,10,16,19,16,6,7",0.5155306,0.7457231,0.92724895,3.0,0.0,129.42899,0.0,1.0,0.0,0.5364073,0.0,0.0,0.0,0.0,0.004678058,0.7656363,0.5364073,21.457577,1.654654,129.42899,0.5155306,4.955368,258.27338,0.0,0.0,1.0,258.27338,0.072751075,0.23436368,21.457577,0.004678058,0.0,0.7457231,0.0,1.654654,4.955368,0.0,0.87534285,0.0,0.0,0.87534285,0.5155426,0.0,1.0,0.0,lookahead,beam_orig2_bm2-s0to100br0
/work/T-REX/external/Proteina-Complexa/inference/search_binder_local_pipeline_32_PDL1_ALPHA_REPACK_v7_r006_cand_v7r006_hyp_0006_00_001_af1b7530d1b98/job_0_n_186_id_8_beam_orig3_bm2-s0to100br0/job_0_n_186_id_8_beam_orig3_bm2-s0to100br0.pdb,35,"2,0,13,16,19,16,19,14,11,3,10,18,19,19,6,18,7,15,2,12,16,9,6,4,11,13,14,19,6,11,5,10,3,10,0,0,10,9,19,18,17,6,12,6,3,11,2,9,9,5,13,19,8,7,6,6,3,10,11,19,5,8,15,15,18,1,5,1,0,1,10,10,11,3,5,10,15,10,7,2,0,0,10,5,9,16,3,19,11,10,5,3,0,7,19,18,1,4,12,9,15,18,7,7,0,3,18,11,1,9,16,19,11,19,2,0,7,10,15,0,6,6,10,0,15,9,13,8,18,15,2,6,9,2,4,8,0,10,5,10,15,19,10,5,0,10,3,11,9,7,0,3,10,11,16,16,16,14,19,14,10,16,0,6,5,11,11,6,9,6,11,10,4,15,6,16,3,7,9,9,14,10,2,11,10,14,0,0,0,0,0,0,0,0,0,0,0,0,0,0,0,0,0,0,0,0,0,0,0,0,0,0,0,0,0,0,0,0",0.57834864,0.115346,0.35868007,3.0,0.28799507,49.907074,0.3076229,1.0,0.3076229,0.19573309,0.28774804,0.0,0.0,0.28799507,0.005103715,0.8488778,0.19573309,3.2970197,1.7607799,49.907074,0.57834864,2.8770893,196.57263,0.26836723,0.26836723,1.0,196.57263,0.64131993,0.15112218,3.2970197,0.005103715,0.30712882,0.115346,0.0,1.7607799,2.8770893,0.26836723,0.24766655,0.0,0.30712882,0.24766655,0.80818623,0.26836723,1.0,0.28774804,lookahead,beam_orig3_bm2-s0to100br0
/work/T-REX/external/Proteina-Complexa/inference/search_binder_local_pipeline_32_PDL1_ALPHA_REPACK_v7_r006_cand_v7r006_hyp_0006_00_001_af1b7530d1b98/job_0_n_190_id_9_beam_orig0_bm2-s0to100br1/job_0_n_190_id_9_beam_orig0_bm2-s0to100br1.pdb,36,"2,0,13,16,19,16,19,14,11,3,10,18,19,19,6,18,7,15,2,12,16,9,6,4,11,13,14,19,6,11,5,10,3,10,0,0,10,9,19,18,17,6,12,6,3,11,2,9,9,5,13,19,8,7,6,6,3,10,11,19,5,8,15,15,18,1,5,1,0,1,10,10,11,3,5,10,15,10,7,2,0,0,10,5,9,16,3,19,11,10,5,3,0,7,19,18,1,4,12,9,15,18,7,7,0,3,18,11,1,9,16,19,11,19,2,0,10,5,6,10,5,6,19,10,3,11,15,15,3,11,10,15,6,9,15,6,0,19,9,16,13,10,3,10,14,6,2,11,11,14,10,10,3,11,5,10,10,10,10,0,12,7,11,9,16,15,11,16,10,15,11,2,10,2,9,15,6,14,8,0,10,9,9,6,3,18,10,11,11,1,0,0,0,0,0,0,0,0,0,0,0,0,0,0,0,0,0,0,0,0,0,0,0,0,0,0,0,0",0.5950905,0.23939283,0.62102115,3.0,0.09166448,54.303047,0.10719757,1.0,0.10719757,0.29925817,0.014917145,0.0,0.0,0.09166448,0.0027752356,0.8331058,0.29925817,3.7706928,1.8693657,54.303047,0.5950905,3.4862728,210.68886,0.013602419,0.07613139,1.0,210.68886,0.37897885,0.16689421,3.7706928,0.0027752356,0.01623187,0.23939283,0.0,1.8693657,3.4862728,0.013602419,0.42810568,0.0,0.01623187,0.42810568,0.69159377,0.07613139,1.0,0.014917145,lookahead,beam_orig0_bm2-s0to100br1
/work/T-REX/external/Proteina-Complexa/inference/search_binder_local_pipeline_32_PDL1_ALPHA_REPACK_v7_r006_cand_v7r006_hyp_0006_00_001_af1b7530d1b98/job_0_n_201_id_9_beam_orig1_bm2-s0to100br1/job_0_n_201_id_9_beam_orig1_bm2-s0to100br1.pdb,37,"2,0,13,16,19,16,19,14,11,3,10,18,19,19,6,18,7,15,2,12,16,9,6,4,11,13,14,19,6,11,5,10,3,10,0,0,10,9,19,18,17,6,12,6,3,11,2,9,9,5,13,19,8,7,6,6,3,10,11,19,5,8,15,15,18,1,5,1,0,1,10,10,11,3,5,10,15,10,7,2,0,0,10,5,9,16,3,19,11,10,5,3,0,7,19,18,1,4,12,9,15,18,7,7,0,3,18,11,1,9,16,19,11,19,2,0,15,16,6,6,1,16,6,9,9,11,6,0,9,11,2,7,3,10,3,16,10,11,2,6,9,16,18,0,9,11,6,6,2,10,6,10,10,3,16,10,10,2,15,3,13,15,15,10,15,11,6,5,11,6,6,10,11,11,13,10,16,11,6,0,13,2,19,11,10,15,1,6,19,11,3,11,9,13,10,9,9,11,11,10,6,0,0,0,0,0,0,0,0,0,0,0,0,0,0,0,0,0",0.6200554,0.14298226,0.4425329,3.0,0.23882048,37.583424,0.26925573,1.0,0.26925573,0.19868796,0.23760721,0.0,0.0,0.23882048,0.0021692577,0.89653957,0.19868796,2.0235202,1.6397982,37.583424,0.6200554,3.4707916,165.88231,0.20652576,0.20838523,1.0,165.88231,0.5574671,0.103460446,2.0235202,0.0021692577,0.26868868,0.14298226,0.0,1.6397982,3.4707916,0.20652576,0.28256446,0.0,0.26868868,0.28256446,0.74867153,0.20838523,1.0,0.23760721,lookahead,beam_orig1_bm2-s0to100br1
/work/T-REX/external/Proteina-Complexa/inference/search_binder_local_pipeline_32_PDL1_ALPHA_REPACK_v7_r006_cand_v7r006_hyp_0006_00_001_af1b7530d1b98/job_0_n_218_id_9_beam_orig2_bm2-s0to100br1/job_0_n_218_id_9_beam_orig2_bm2-s0to100br1.pdb,38,"2,0,13,16,19,16,19,14,11,3,10,18,19,19,6,18,7,15,2,12,16,9,6,4,11,13,14,19,6,11,5,10,3,10,0,0,10,9,19,18,17,6,12,6,3,11,2,9,9,5,13,19,8,7,6,6,3,10,11,19,5,8,15,15,18,1,5,1,0,1,10,10,11,3,5,10,15,10,7,2,0,0,10,5,9,16,3,19,11,10,5,3,0,7,19,18,1,4,12,9,15,18,7,7,0,3,18,11,1,9,16,19,11,19,2,0,9,19,10,16,5,15,14,0,9,12,15,0,15,14,7,6,11,19,16,10,15,4,15,0,15,15,15,19,15,18,10,8,17,18,5,6,11,14,7,15,15,14,11,10,17,9,18,15,16,15,2,10,0,15,7,19,14,15,1,13,15,7,15,7,15,7,16,15,18,15,10,16,9,15,15,10,5,0,6,3,0,0,16,18,13,4,5,5,7,1,16,10,13,7,7,7,16,11,10,6,9,11",0.5923404,0.46633253,0.8448423,3.0,0.005462962,128.42226,0.0057879933,1.0,0.0057879933,0.42102483,0.0,0.0,0.0,0.005462962,0.002204475,0.8084802,0.42102483,23.309057,1.544688,128.42226,0.5923404,4.4028554,225.9954,0.0,0.0051379316,1.0,225.9954,0.15515767,0.1915198,23.309057,0.002204475,0.0,0.46633253,0.0,1.544688,4.4028554,0.0,0.68038595,0.0,0.0,0.68038595,0.5520494,0.0051379316,1.0,0.0,lookahead,beam_orig2_bm2-s0to100br1
/work/T-REX/external/Proteina-Complexa/inference/search_binder_local_pipeline_32_PDL1_ALPHA_REPACK_v7_r006_cand_v7r006_hyp_0006_00_001_af1b7530d1b98/job_0_n_186_id_9_beam_orig3_bm2-s0to100br1/job_0_n_186_id_9_beam_orig3_bm2-s0to100br1.pdb,39,"2,0,13,16,19,16,19,14,11,3,10,18,19,19,6,18,7,15,2,12,16,9,6,4,11,13,14,19,6,11,5,10,3,10,0,0,10,9,19,18,17,6,12,6,3,11,2,9,9,5,13,19,8,7,6,6,3,10,11,19,5,8,15,15,18,1,5,1,0,1,10,10,11,3,5,10,15,10,7,2,0,0,10,5,9,16,3,19,11,10,5,3,0,7,19,18,1,4,12,9,15,18,7,7,0,3,18,11,1,9,16,19,11,19,2,0,10,6,0,9,0,17,2,2,10,7,19,19,18,11,2,10,7,5,10,3,6,0,0,6,0,18,11,6,0,9,1,9,11,14,2,18,0,11,0,17,2,2,10,7,19,19,18,11,3,12,10,5,10,3,6,0,19,6,0,18,11,6,0,9,1,9,3,14,2,18,0,0,0,0,0,0,0,0,0,0,0,0,0,0,0,0,0,0,0,0,0,0,0,0,0,0,0,0,0,0,0,0",0.5433757,0.20849818,0.5377181,3.0,0.1186157,121.75382,0.13864997,1.0,0.13864997,0.26458836,0.063013546,0.0,0.0,0.1186157,0.0012535172,0.8938487,0.26458836,17.017694,1.3122803,121.75382,0.5433757,3.4553523,218.8375,0.05643686,0.09858143,1.0,218.8375,0.46228188,0.1061513,17.017694,0.0012535172,0.06959023,0.20849818,0.0,1.3122803,3.4553523,0.05643686,0.38181725,0.0,0.06959023,0.38181725,0.7368075,0.09858143,1.0,0.063013546,lookahead,beam_orig3_bm2-s0to100br1
/work/T-REX/external/Proteina-Complexa/inference/search_binder_local_pipeline_32_PDL1_ALPHA_REPACK_v7_r006_cand_v7r006_hyp_0006_00_001_af1b7530d1b98/job_0_n_190_id_10_beam_orig0_bm2-s0to100br2/job_0_n_190_id_10_beam_orig0_bm2-s0to100br2.pdb,40,"2,0,13,16,19,16,19,14,11,3,10,18,19,19,6,18,7,15,2,12,16,9,6,4,11,13,14,19,6,11,5,10,3,10,0,0,10,9,19,18,17,6,12,6,3,11,2,9,9,5,13,19,8,7,6,6,3,10,11,19,5,8,15,15,18,1,5,1,0,1,10,10,11,3,5,10,15,10,7,2,0,0,10,5,9,16,3,19,11,10,5,3,0,7,19,18,1,4,12,9,15,18,7,7,0,3,18,11,1,9,16,19,11,19,2,0,19,16,11,13,3,10,6,12,0,6,11,10,13,5,6,7,2,6,6,13,11,11,11,2,18,10,6,0,9,11,11,18,6,13,19,9,11,13,13,14,11,16,11,5,0,14,9,0,8,13,2,10,7,19,0,18,6,11,19,2,2,10,6,6,0,9,11,15,18,6,6,0,10,11,0,0,0,0,0,0,0,0,0,0,0,0,0,0,0,0,0,0,0,0,0,0,0,0,0,0,0,0",0.55986375,0.4286916,0.79716516,3.0,0.0114014335,114.8974,0.01701505,1.0,0.01701505,0.42811403,0.0055508674,0.0,0.0,0.0114014335,0.0028003526,0.7907342,0.42811403,14.988231,1.435712,114.8974,0.55986375,3.9726496,214.7784,0.0,0.005787817,1.0,214.7784,0.20283487,0.20926581,14.988231,0.0028003526,0.011101735,0.4286916,0.0,1.435712,3.9726496,0.0,0.6472854,0.0,0.011101735,0.6472854,0.6233499,0.005787817,1.0,0.0055508674,lookahead,beam_orig0_bm2-s0to100br2
/work/T-REX/external/Proteina-Complexa/inference/search_binder_local_pipeline_32_PDL1_ALPHA_REPACK_v7_r006_cand_v7r006_hyp_0006_00_001_af1b7530d1b98/job_0_n_201_id_10_beam_orig1_bm2-s0to100br2/job_0_n_201_id_10_beam_orig1_bm2-s0to100br2.pdb,41,"2,0,13,16,19,16,19,14,11,3,10,18,19,19,6,18,7,15,2,12,16,9,6,4,11,13,14,19,6,11,5,10,3,10,0,0,10,9,19,18,17,6,12,6,3,11,2,9,9,5,13,19,8,7,6,6,3,10,11,19,5,8,15,15,18,1,5,1,0,1,10,10,11,3,5,10,15,10,7,2,0,0,10,5,9,16,3,19,11,10,5,3,0,7,19,18,1,4,12,9,15,18,7,7,0,3,18,11,1,9,16,19,11,19,2,0,12,5,9,13,19,1,19,11,16,10,16,7,11,6,9,16,9,16,10,6,19,6,14,15,3,16,9,6,2,19,11,0,11,9,5,3,11,6,7,9,14,14,3,5,5,1,10,9,10,19,7,3,16,6,1,7,10,6,0,10,6,3,7,1,16,10,15,3,18,2,9,16,15,5,15,15,1,5,10,10,10,5,10,1,10,0,0,0,0,0,0,0,0,0,0,0,0,0,0,0,0,0",0.5904576,0.31064537,0.7100887,3.0,0.04745888,136.15628,0.057105824,1.0,0.057105824,0.37571922,0.012417587,0.0,0.0,0.04745888,0.003788026,0.7398867,0.37571922,23.271282,2.0610137,136.15628,0.5904576,3.793847,274.96753,0.011401778,0.03781194,1.0,274.96753,0.28991133,0.2601133,23.271282,0.003788026,0.013433397,0.31064537,0.0,2.0610137,3.793847,0.011401778,0.52213424,0.0,0.013433397,0.52213424,0.64047915,0.03781194,1.0,0.012417587,lookahead,beam_orig1_bm2-s0to100br2
/work/T-REX/external/Proteina-Complexa/inference/search_binder_local_pipeline_32_PDL1_ALPHA_REPACK_v7_r006_cand_v7r006_hyp_0006_00_001_af1b7530d1b98/job_0_n_218_id_10_beam_orig2_bm2-s0to100br2/job_0_n_218_id_10_beam_orig2_bm2-s0to100br2.pdb,42,"2,0,13,16,19,16,19,14,11,3,10,18,19,19,6,18,7,15,2,12,16,9,6,4,11,13,14,19,6,11,5,10,3,10,0,0,10,9,19,18,17,6,12,6,3,11,2,9,9,5,13,19,8,7,6,6,3,10,11,19,5,8,15,15,18,1,5,1,0,1,10,10,11,3,5,10,15,10,7,2,0,0,10,5,9,16,3,19,11,10,5,3,0,7,19,18,1,4,12,9,15,18,7,7,0,3,18,11,1,9,16,19,11,19,2,0,7,13,16,19,16,19,3,11,3,10,18,16,19,14,15,7,7,16,0,15,10,19,4,16,0,15,7,15,14,14,14,16,9,16,17,11,3,14,15,3,5,16,9,16,15,7,7,1,18,5,19,16,2,6,5,10,14,3,7,16,10,5,15,16,10,16,9,16,3,16,11,10,7,3,15,7,9,18,16,4,10,0,0,2,15,0,0,7,1,14,5,6,0,16,0,5,10,9,19,16,15,14",0.5393586,0.15208481,0.43235362,3.0,0.21442068,65.864235,0.21597217,1.0,0.21597217,0.22423093,0.20646247,0.0,0.0,0.21442068,0.0029675763,0.8968875,0.22423093,2.3280458,1.3972363,65.864235,0.5393586,3.3328462,169.80554,0.20236866,0.21286918,1.0,169.80554,0.5676464,0.10311254,2.3280458,0.0029675763,0.21055628,0.15208481,0.0,1.3972363,3.3328462,0.20236866,0.32359245,0.0,0.21055628,0.32359245,0.7455918,0.21286918,1.0,0.20646247,lookahead,beam_orig2_bm2-s0to100br2
/work/T-REX/external/Proteina-Complexa/inference/search_binder_local_pipeline_32_PDL1_ALPHA_REPACK_v7_r006_cand_v7r006_hyp_0006_00_001_af1b7530d1b98/job_0_n_186_id_10_beam_orig3_bm2-s0to100br2/job_0_n_186_id_10_beam_orig3_bm2-s0to100br2.pdb,43,"2,0,13,16,19,16,19,14,11,3,10,18,19,19,6,18,7,15,2,12,16,9,6,4,11,13,14,19,6,11,5,10,3,10,0,0,10,9,19,18,17,6,12,6,3,11,2,9,9,5,13,19,8,7,6,6,3,10,11,19,5,8,15,15,18,1,5,1,0,1,10,10,11,3,5,10,15,10,7,2,0,0,10,5,9,16,3,19,11,10,5,3,0,7,19,18,1,4,12,9,15,18,7,7,0,3,18,11,1,9,16,19,11,19,2,0,15,10,6,3,3,10,5,3,0,13,6,1,0,11,0,6,3,0,3,10,0,6,6,10,1,9,0,10,1,6,0,1,0,7,10,10,2,14,15,6,6,0,12,10,1,11,0,19,6,6,18,1,0,7,1,11,6,3,0,10,15,13,19,11,12,0,1,1,0,1,0,0,0,0,0,0,0,0,0,0,0,0,0,0,0,0,0,0,0,0,0,0,0,0,0,0,0,0,0,0,0,0",0.6324443,0.07590197,0.25630212,3.0,0.44354594,34.210224,0.49980825,1.0,0.49980825,0.1544848,0.44354594,0.0,0.0,0.44354594,0.001233381,0.89530987,0.1544848,2.0033233,1.646627,34.210224,0.6324443,2.3389714,165.71652,0.3872836,0.3872836,1.0,165.71652,0.7436979,0.10469014,2.0033233,0.001233381,0.49980825,0.07590197,0.0,1.646627,2.3389714,0.3872836,0.19555481,0.0,0.49980825,0.19555481,0.8413538,0.3872836,1.0,0.44354594,lookahead,beam_orig3_bm2-s0to100br2
/work/T-REX/external/Proteina-Complexa/inference/search_binder_local_pipeline_32_PDL1_ALPHA_REPACK_v7_r006_cand_v7r006_hyp_0006_00_001_af1b7530d1b98/job_0_n_190_id_11_beam_orig0_bm2-s0to100br3/job_0_n_190_id_11_beam_orig0_bm2-s0to100br3.pdb,44,"2,0,13,16,19,16,19,14,11,3,10,18,19,19,6,18,7,15,2,12,16,9,6,4,11,13,14,19,6,11,5,10,3,10,0,0,10,9,19,18,17,6,12,6,3,11,2,9,9,5,13,19,8,7,6,6,3,10,11,19,5,8,15,15,18,1,5,1,0,1,10,10,11,3,5,10,15,10,7,2,0,0,10,5,9,16,3,19,11,10,5,3,0,7,19,18,1,4,12,9,15,18,7,7,0,3,18,11,1,9,16,19,11,19,2,0,2,6,6,6,0,5,6,0,10,0,13,10,11,6,9,7,11,6,10,15,0,6,2,9,6,11,10,11,5,19,2,18,15,10,3,13,10,14,10,13,10,19,3,6,11,11,10,16,19,6,5,0,11,6,0,16,16,9,10,1,16,5,7,10,6,0,13,11,6,18,10,1,16,10,0,0,0,0,0,0,0,0,0,0,0,0,0,0,0,0,0,0,0,0,0,0,0,0,0,0,0,0",0.57982075,0.07675326,0.2545147,3.0,0.39661953,139.34346,0.45758444,1.0,0.45758444,0.14682765,0.39661953,0.0,0.0,0.39661953,0.00040165798,0.565442,0.14682765,16.012194,1.4404572,139.34346,0.57982075,2.252237,254.68063,0.33565462,0.33565462,1.0,254.68063,0.7454853,0.43455797,16.012194,0.00040165798,0.45758444,0.07675326,0.0,1.4404572,2.252237,0.33565462,0.19857083,0.0,0.45758444,0.19857083,0.84587854,0.33565462,1.0,0.39661953,lookahead,beam_orig0_bm2-s0to100br3
/work/T-REX/external/Proteina-Complexa/inference/search_binder_local_pipeline_32_PDL1_ALPHA_REPACK_v7_r006_cand_v7r006_hyp_0006_00_001_af1b7530d1b98/job_0_n_201_id_11_beam_orig1_bm2-s0to100br3/job_0_n_201_id_11_beam_orig1_bm2-s0to100br3.pdb,45,"2,0,13,16,19,16,19,14,11,3,10,18,19,19,6,18,7,15,2,12,16,9,6,4,11,13,14,19,6,11,5,10,3,10,0,0,10,9,19,18,17,6,12,6,3,11,2,9,9,5,13,19,8,7,6,6,3,10,11,19,5,8,15,15,18,1,5,1,0,1,10,10,11,3,5,10,15,10,7,2,0,0,10,5,9,16,3,19,11,10,5,3,0,7,19,18,1,4,12,9,15,18,7,7,0,3,18,11,1,9,16,19,11,19,2,0,7,9,15,10,16,14,2,14,3,9,19,14,15,15,6,16,9,2,9,9,5,2,13,0,5,11,2,2,10,15,10,2,14,6,11,9,5,16,10,0,5,10,9,6,5,19,11,12,11,18,15,14,11,15,11,6,13,16,3,13,10,18,10,9,19,4,5,19,0,7,5,0,19,14,10,11,2,19,5,5,10,0,3,6,10,0,0,0,0,0,0,0,0,0,0,0,0,0,0,0,0,0",0.565547,0.16225374,0.44868445,3.0,0.19331656,35.248974,0.20648725,1.0,0.20648725,0.21333565,0.18874326,0.0,0.0,0.19331656,0.004243141,0.8678795,0.21333565,1.3152727,1.6868808,35.248974,0.565547,2.9920626,195.04742,0.17919406,0.18014587,1.0,195.04742,0.55131555,0.13212048,1.3152727,0.004243141,0.19829248,0.16225374,0.0,1.6868808,2.9920626,0.17919406,0.30079627,0.0,0.19829248,0.30079627,0.7546034,0.18014587,1.0,0.18874326,lookahead,beam_orig1_bm2-s0to100br3
/work/T-REX/external/Proteina-Complexa/inference/search_binder_local_pipeline_32_PDL1_ALPHA_REPACK_v7_r006_cand_v7r006_hyp_0006_00_001_af1b7530d1b98/job_0_n_218_id_11_beam_orig2_bm2-s0to100br3/job_0_n_218_id_11_beam_orig2_bm2-s0to100br3.pdb,46,"2,0,13,16,19,16,19,14,11,3,10,18,19,19,6,18,7,15,2,12,16,9,6,4,11,13,14,19,6,11,5,10,3,10,0,0,10,9,19,18,17,6,12,6,3,11,2,9,9,5,13,19,8,7,6,6,3,10,11,19,5,8,15,15,18,1,5,1,0,1,10,10,11,3,5,10,15,10,7,2,0,0,10,5,9,16,3,19,11,10,5,3,0,7,19,18,1,4,12,9,15,18,7,7,0,3,18,11,1,9,16,19,11,19,2,0,15,3,9,16,19,16,18,14,11,14,15,18,16,19,16,15,7,2,2,19,16,10,6,4,11,18,3,15,2,7,9,15,6,2,6,9,16,19,1,17,11,2,14,3,2,11,6,9,3,10,15,2,14,1,13,5,19,8,2,11,2,7,2,0,15,10,16,9,15,2,16,11,14,7,3,15,7,16,18,16,4,9,19,15,16,11,16,16,7,0,13,7,14,7,19,16,10,16,19,10,19,14",0.60060894,0.39810193,0.8477179,3.0,0.006084102,130.24786,0.006327987,1.0,0.006327987,0.41967082,0.0,0.0,0.0,0.006084102,0.003992901,0.80453736,0.41967082,26.331705,1.5722148,130.24786,0.60060894,4.3451214,232.7119,0.0,0.005840217,1.0,232.7119,0.15228213,0.19546266,26.331705,0.003992901,0.0,0.39810193,0.0,1.5722148,4.3451214,0.0,0.677052,0.0,0.0,0.677052,0.5513561,0.005840217,1.0,0.0,lookahead,beam_orig2_bm2-s0to100br3
/work/T-REX/external/Proteina-Complexa/inference/search_binder_local_pipeline_32_PDL1_ALPHA_REPACK_v7_r006_cand_v7r006_hyp_0006_00_001_af1b7530d1b98/job_0_n_186_id_11_beam_orig3_bm2-s0to100br3/job_0_n_186_id_11_beam_orig3_bm2-s0to100br3.pdb,47,"2,0,13,16,19,16,19,14,11,3,10,18,19,19,6,18,7,15,2,12,16,9,6,4,11,13,14,19,6,11,5,10,3,10,0,0,10,9,19,18,17,6,12,6,3,11,2,9,9,5,13,19,8,7,6,6,3,10,11,19,5,8,15,15,18,1,5,1,0,1,10,10,11,3,5,10,15,10,7,2,0,0,10,5,9,16,3,19,11,10,5,3,0,7,19,18,1,4,12,9,15,18,7,7,0,3,18,11,1,9,16,19,11,19,2,0,12,6,16,11,11,13,9,0,5,13,14,14,3,13,14,6,0,5,1,5,15,10,9,11,13,9,11,7,9,6,7,11,0,6,13,10,6,5,3,11,15,11,10,2,10,16,9,14,3,15,0,15,7,5,13,0,9,6,15,10,11,5,0,7,0,3,19,11,6,5,0,0,0,0,0,0,0,0,0,0,0,0,0,0,0,0,0,0,0,0,0,0,0,0,0,0,0,0,0,0,0,0",0.50838953,0.12505522,0.36612964,3.0,0.23673856,49.65577,0.26297638,1.0,0.26297638,0.21121335,0.23673856,0.0,0.0,0.23673856,0.012152702,0.8620089,0.21121335,2.47915,1.7370008,49.65577,0.50838953,2.7666237,198.21011,0.21050073,0.21050073,1.0,198.21011,0.63387036,0.13799106,2.47915,0.012152702,0.26297638,0.12505522,0.0,1.7370008,2.7666237,0.21050073,0.2775435,0.0,0.26297638,0.2775435,0.7939234,0.21050073,1.0,0.23673856,lookahead,beam_orig3_bm2-s0to100br3
/work/T-REX/external/Proteina-Complexa/inference/search_binder_local_pipeline_32_PDL1_ALPHA_REPACK_v7_r006_cand_v7r006_hyp_0006_00_001_af1b7530d1b98/job_0_n_190_id_12_beam_orig0_bm3-s0to100br0/job_0_n_190_id_12_beam_orig0_bm3-s0to100br0.pdb,48,"2,0,13,16,19,16,19,14,11,3,10,18,19,19,6,18,7,15,2,12,16,9,6,4,11,13,14,19,6,11,5,10,3,10,0,0,10,9,19,18,17,6,12,6,3,11,2,9,9,5,13,19,8,7,6,6,3,10,11,19,5,8,15,15,18,1,5,1,0,1,10,10,11,3,5,10,15,10,7,2,0,0,10,5,9,16,3,19,11,10,5,3,0,7,19,18,1,4,12,9,15,18,7,7,0,3,18,11,1,9,16,19,11,19,2,0,7,6,19,15,3,18,19,11,10,0,19,17,12,10,11,2,3,16,14,0,8,10,16,6,9,16,3,14,6,6,10,9,5,6,19,10,11,18,10,1,14,1,9,15,7,14,11,8,10,19,6,6,0,10,5,6,10,6,9,9,10,1,0,12,11,16,11,3,10,10,0,10,13,5,0,0,0,0,0,0,0,0,0,0,0,0,0,0,0,0,0,0,0,0,0,0,0,0,0,0,0,0",0.5236887,0.14956674,0.43265957,3.0,0.1881316,71.18738,0.19915508,1.0,0.19915508,0.23373082,0.18434078,0.0,0.0,0.1881316,0.0014273991,0.8512481,0.23373082,3.411297,1.8107728,71.18738,0.5236887,3.2624638,183.012,0.17710811,0.17710811,1.0,183.012,0.56734043,0.1487519,3.411297,0.0014273991,0.19157346,0.14956674,0.0,1.8107728,3.2624638,0.17710811,0.31343225,0.0,0.19157346,0.31343225,0.76558536,0.17710811,1.0,0.18434078,lookahead,beam_orig0_bm3-s0to100br0
/work/T-REX/external/Proteina-Complexa/inference/search_binder_local_pipeline_32_PDL1_ALPHA_REPACK_v7_r006_cand_v7r006_hyp_0006_00_001_af1b7530d1b98/job_0_n_201_id_12_beam_orig1_bm3-s0to100br0/job_0_n_201_id_12_beam_orig1_bm3-s0to100br0.pdb,49,"2,0,13,16,19,16,19,14,11,3,10,18,19,19,6,18,7,15,2,12,16,9,6,4,11,13,14,19,6,11,5,10,3,10,0,0,10,9,19,18,17,6,12,6,3,11,2,9,9,5,13,19,8,7,6,6,3,10,11,19,5,8,15,15,18,1,5,1,0,1,10,10,11,3,5,10,15,10,7,2,0,0,10,5,9,16,3,19,11,10,5,3,0,7,19,18,1,4,12,9,15,18,7,7,0,3,18,11,1,9,16,19,11,19,2,0,7,3,14,19,6,2,11,18,10,6,1,0,16,11,10,14,9,15,5,3,6,10,9,11,10,10,1,6,12,11,2,6,2,19,15,16,3,2,9,13,16,19,0,2,8,13,10,2,16,8,11,0,11,9,10,11,6,11,7,19,6,18,13,8,11,9,5,6,0,19,13,2,13,10,19,2,10,15,11,6,6,18,11,2,0,0,0,0,0,0,0,0,0,0,0,0,0,0,0,0,0,0",0.65082,0.08823396,0.3065294,3.0,0.40806717,42.050755,0.4534649,1.0,0.4534649,0.17007194,0.40806717,0.0,0.0,0.40806717,0.011487488,0.88038313,0.17007194,1.3030283,1.688544,42.050755,0.65082,2.508515,178.80452,0.3626694,0.3626694,1.0,178.80452,0.6934706,0.11961688,1.3030283,0.011487488,0.4534649,0.08823396,0.0,1.688544,2.508515,0.3626694,0.21704124,0.0,0.4534649,0.21704124,0.81935996,0.3626694,1.0,0.40806717,lookahead,beam_orig1_bm3-s0to100br0
/work/T-REX/external/Proteina-Complexa/inference/search_binder_local_pipeline_32_PDL1_ALPHA_REPACK_v7_r006_cand_v7r006_hyp_0006_00_001_af1b7530d1b98/job_0_n_218_id_12_beam_orig2_bm3-s0to100br0/job_0_n_218_id_12_beam_orig2_bm3-s0to100br0.pdb,50,"2,0,13,16,19,16,19,14,11,3,10,18,19,19,6,18,7,15,2,12,16,9,6,4,11,13,14,19,6,11,5,10,3,10,0,0,10,9,19,18,17,6,12,6,3,11,2,9,9,5,13,19,8,7,6,6,3,10,11,19,5,8,15,15,18,1,5,1,0,1,10,10,11,3,5,10,15,10,7,2,0,0,10,5,9,16,3,19,11,10,5,3,0,7,19,18,1,4,12,9,15,18,7,7,0,3,18,11,1,9,16,19,11,19,2,0,0,13,16,19,16,19,14,11,3,10,18,19,19,6,18,7,15,2,12,16,9,6,4,11,13,14,19,6,11,5,10,3,10,0,0,10,9,19,18,17,6,12,6,3,11,2,9,9,5,13,19,8,7,6,6,3,10,11,19,5,8,15,15,18,1,5,1,0,1,10,10,11,3,5,10,15,10,7,2,0,0,10,5,9,16,3,19,11,10,5,3,0,7,19,18,1,4,12,9,15,18,7",0.6113363,0.34253368,0.7694808,3.0,0.01964612,60.000816,0.021100761,1.0,0.021100761,0.34424952,0.0056419414,0.0,0.0,0.01964612,0.0019367975,0.8545899,0.34424952,5.1074514,1.3587261,60.000816,0.6113363,3.9607036,204.8361,0.0,0.018191477,1.0,204.8361,0.23051918,0.14541012,5.1074514,0.0019367975,0.011283883,0.34253368,0.0,1.3587261,3.9607036,0.0,0.5625311,0.0,0.011283883,0.5625311,0.5886599,0.018191477,1.0,0.0056419414,lookahead,beam_orig2_bm3-s0to100br0
/work/T-REX/external/Proteina-Complexa/inference/search_binder_local_pipeline_32_PDL1_ALPHA_REPACK_v7_r006_cand_v7r006_hyp_0006_00_001_af1b7530d1b98/job_0_n_186_id_12_beam_orig3_bm3-s0to100br0/job_0_n_186_id_12_beam_orig3_bm3-s0to100br0.pdb,51,"2,0,13,16,19,16,19,14,11,3,10,18,19,19,6,18,7,15,2,12,16,9,6,4,11,13,14,19,6,11,5,10,3,10,0,0,10,9,19,18,17,6,12,6,3,11,2,9,9,5,13,19,8,7,6,6,3,10,11,19,5,8,15,15,18,1,5,1,0,1,10,10,11,3,5,10,15,10,7,2,0,0,10,5,9,16,3,19,11,10,5,3,0,7,19,18,1,4,12,9,15,18,7,7,0,3,18,11,1,9,16,19,11,19,2,0,7,16,2,14,17,19,16,11,9,11,6,18,13,10,16,6,0,14,1,7,6,18,19,15,18,5,11,9,15,6,19,10,7,2,19,15,9,16,16,19,11,6,2,12,5,10,10,11,11,6,10,6,14,10,11,10,19,6,0,11,6,7,13,7,18,1,10,1,6,10,0,0,0,0,0,0,0,0,0,0,0,0,0,0,0,0,0,0,0,0,0,0,0,0,0,0,0,0,0,0,0,0",0.56544554,0.5635739,0.8407978,3.0,0.0030068695,121.36577,0.006013739,1.0,0.006013739,0.5128967,0.0,0.0,0.0,0.0030068695,0.0070391945,0.60815823,0.5128967,12.327559,2.460302,121.36577,0.56544554,4.283703,267.53104,0.0,0.0,1.0,267.53104,0.15920225,0.39184177,12.327559,0.0070391945,0.0,0.5635739,0.0,2.460302,4.283703,0.0,0.69875795,0.0,0.0,0.69875795,0.61989295,0.0,1.0,0.0,lookahead,beam_orig3_bm3-s0to100br0
/work/T-REX/external/Proteina-Complexa/inference/search_binder_local_pipeline_32_PDL1_ALPHA_REPACK_v7_r006_cand_v7r006_hyp_0006_00_001_af1b7530d1b98/job_0_n_190_id_13_beam_orig0_bm3-s0to100br1/job_0_n_190_id_13_beam_orig0_bm3-s0to100br1.pdb,52,"2,0,13,16,19,16,19,14,11,3,10,18,19,19,6,18,7,15,2,12,16,9,6,4,11,13,14,19,6,11,5,10,3,10,0,0,10,9,19,18,17,6,12,6,3,11,2,9,9,5,13,19,8,7,6,6,3,10,11,19,5,8,15,15,18,1,5,1,0,1,10,10,11,3,5,10,15,10,7,2,0,0,10,5,9,16,3,19,11,10,5,3,0,7,19,18,1,4,12,9,15,18,7,7,0,3,18,11,1,9,16,19,11,19,2,0,13,15,7,6,16,7,10,13,16,10,15,15,14,19,8,7,11,10,9,9,1,3,15,2,7,5,9,19,1,6,13,16,15,15,6,11,3,14,0,9,0,10,15,14,2,11,6,18,16,18,6,13,11,14,7,3,11,14,10,15,19,11,19,10,11,3,6,16,16,16,10,11,10,11,0,0,0,0,0,0,0,0,0,0,0,0,0,0,0,0,0,0,0,0,0,0,0,0,0,0,0,0",0.55362576,0.18722971,0.5295472,3.0,0.13024162,55.342342,0.14983831,1.0,0.14983831,0.26920003,0.08328007,0.0,0.0,0.13024162,0.0048679505,0.83421135,0.26920003,1.5780233,1.5488313,55.342342,0.55362576,3.0912728,198.02837,0.077512234,0.110644914,1.0,198.02837,0.47045276,0.16578868,1.5780233,0.0048679505,0.08904791,0.18722971,0.0,1.5488313,3.0912728,0.077512234,0.3709367,0.0,0.08904791,0.3709367,0.7326598,0.110644914,1.0,0.08328007,lookahead,beam_orig0_bm3-s0to100br1
/work/T-REX/external/Proteina-Complexa/inference/search_binder_local_pipeline_32_PDL1_ALPHA_REPACK_v7_r006_cand_v7r006_hyp_0006_00_001_af1b7530d1b98/job_0_n_201_id_13_beam_orig1_bm3-s0to100br1/job_0_n_201_id_13_beam_orig1_bm3-s0to100br1.pdb,53,"2,0,13,16,19,16,19,14,11,3,10,18,19,19,6,18,7,15,2,12,16,9,6,4,11,13,14,19,6,11,5,10,3,10,0,0,10,9,19,18,17,6,12,6,3,11,2,9,9,5,13,19,8,7,6,6,3,10,11,19,5,8,15,15,18,1,5,1,0,1,10,10,11,3,5,10,15,10,7,2,0,0,10,5,9,16,3,19,11,10,5,3,0,7,19,18,1,4,12,9,15,18,7,7,0,3,18,11,1,9,16,19,11,19,2,0,15,15,13,6,11,0,19,6,0,10,5,11,0,10,6,10,3,14,7,2,19,3,9,11,2,0,10,11,2,0,11,6,0,19,6,13,10,11,11,2,11,14,19,6,0,10,11,11,0,2,5,0,1,6,10,0,11,11,0,10,2,6,0,11,6,5,2,11,15,5,3,10,9,3,0,9,5,6,0,19,3,0,10,7,15,0,0,0,0,0,0,0,0,0,0,0,0,0,0,0,0,0",0.6021382,0.22208178,0.62621844,3.0,0.09562148,113.30727,0.112821996,1.0,0.112821996,0.2796873,0.023969423,0.0,0.0,0.09562148,0.0023766644,0.8982709,0.2796873,14.763415,1.2625732,113.30727,0.6021382,3.8649094,196.99068,0.01636509,0.07842097,1.0,196.99068,0.37378156,0.101729095,14.763415,0.0023766644,0.031573758,0.22208178,0.0,1.2625732,3.8649094,0.01636509,0.4328109,0.0,0.031573758,0.4328109,0.6704141,0.07842097,1.0,0.023969423,lookahead,beam_orig1_bm3-s0to100br1
/work/T-REX/external/Proteina-Complexa/inference/search_binder_local_pipeline_32_PDL1_ALPHA_REPACK_v7_r006_cand_v7r006_hyp_0006_00_001_af1b7530d1b98/job_0_n_218_id_13_beam_orig2_bm3-s0to100br1/job_0_n_218_id_13_beam_orig2_bm3-s0to100br1.pdb,54,"2,0,13,16,19,16,19,14,11,3,10,18,19,19,6,18,7,15,2,12,16,9,6,4,11,13,14,19,6,11,5,10,3,10,0,0,10,9,19,18,17,6,12,6,3,11,2,9,9,5,13,19,8,7,6,6,3,10,11,19,5,8,15,15,18,1,5,1,0,1,10,10,11,3,5,10,15,10,7,2,0,0,10,5,9,16,3,19,11,10,5,3,0,7,19,18,1,4,12,9,15,18,7,7,0,3,18,11,1,9,16,19,11,19,2,0,0,13,16,19,16,19,14,11,3,10,18,19,19,6,18,7,15,2,12,16,9,6,4,11,13,14,19,6,11,5,10,3,10,0,0,10,9,19,18,17,6,12,6,3,11,2,9,9,5,13,19,8,7,6,6,3,10,11,19,5,8,15,15,18,1,5,1,0,1,10,10,11,3,5,10,15,10,7,2,0,0,10,5,9,16,3,19,11,10,5,3,0,7,19,18,1,4,12,9,15,18,7",0.61211914,0.34155482,0.7675972,3.0,0.021628035,64.40294,0.021940624,1.0,0.021940624,0.34393823,0.0056681754,0.0,0.0,0.021628035,0.001995548,0.8533832,0.34393823,5.030948,1.367298,64.40294,0.61211914,3.9538627,204.22595,0.0,0.021315446,1.0,204.22595,0.2324028,0.14661682,5.030948,0.001995548,0.011336351,0.34155482,0.0,1.367298,3.9538627,0.0,0.5609047,0.0,0.011336351,0.5609047,0.589556,0.021315446,1.0,0.0056681754,lookahead,beam_orig2_bm3-s0to100br1
/work/T-REX/external/Proteina-Complexa/inference/search_binder_local_pipeline_32_PDL1_ALPHA_REPACK_v7_r006_cand_v7r006_hyp_0006_00_001_af1b7530d1b98/job_0_n_186_id_13_beam_orig3_bm3-s0to100br1/job_0_n_186_id_13_beam_orig3_bm3-s0to100br1.pdb,55,"2,0,13,16,19,16,19,14,11,3,10,18,19,19,6,18,7,15,2,12,16,9,6,4,11,13,14,19,6,11,5,10,3,10,0,0,10,9,19,18,17,6,12,6,3,11,2,9,9,5,13,19,8,7,6,6,3,10,11,19,5,8,15,15,18,1,5,1,0,1,10,10,11,3,5,10,15,10,7,2,0,0,10,5,9,16,3,19,11,10,5,3,0,7,19,18,1,4,12,9,15,18,7,7,0,3,18,11,1,9,16,19,11,19,2,0,10,0,18,13,2,1,7,13,0,8,13,16,10,11,6,18,3,10,0,9,6,3,18,15,11,0,9,6,10,2,14,2,13,0,5,0,18,8,2,1,0,10,0,18,6,6,10,11,11,10,6,10,0,6,11,3,1,5,6,0,0,1,10,0,6,6,0,0,11,0,0,0,0,0,0,0,0,0,0,0,0,0,0,0,0,0,0,0,0,0,0,0,0,0,0,0,0,0,0,0,0,0",0.591988,0.39063796,0.7884052,3.0,0.01305954,117.49043,0.020265033,1.0,0.020265033,0.40446368,0.0057963044,0.0,0.0,0.01305954,0.0039289026,0.82031846,0.40446368,19.955276,1.2925481,117.49043,0.591988,4.0424275,210.98708,0.0,0.005854045,1.0,210.98708,0.21159485,0.17968152,19.955276,0.0039289026,0.011592609,0.39063796,0.0,1.2925481,4.0424275,0.0,0.6036793,0.0,0.011592609,0.6036793,0.6380573,0.005854045,1.0,0.0057963044,lookahead,beam_orig3_bm3-s0to100br1
/work/T-REX/external/Proteina-Complexa/inference/search_binder_local_pipeline_32_PDL1_ALPHA_REPACK_v7_r006_cand_v7r006_hyp_0006_00_001_af1b7530d1b98/job_0_n_190_id_14_beam_orig0_bm3-s0to100br2/job_0_n_190_id_14_beam_orig0_bm3-s0to100br2.pdb,56,"2,0,13,16,19,16,19,14,11,3,10,18,19,19,6,18,7,15,2,12,16,9,6,4,11,13,14,19,6,11,5,10,3,10,0,0,10,9,19,18,17,6,12,6,3,11,2,9,9,5,13,19,8,7,6,6,3,10,11,19,5,8,15,15,18,1,5,1,0,1,10,10,11,3,5,10,15,10,7,2,0,0,10,5,9,16,3,19,11,10,5,3,0,7,19,18,1,4,12,9,15,18,7,7,0,3,18,11,1,9,16,19,11,19,2,0,19,11,0,19,0,19,11,15,0,6,6,0,18,2,10,7,2,6,18,11,3,2,7,1,10,3,10,0,6,13,18,18,1,9,0,9,11,6,11,14,3,13,0,11,0,8,0,2,10,7,0,19,10,11,2,10,7,1,10,3,3,0,9,6,6,18,6,16,0,10,11,10,3,14,0,0,0,0,0,0,0,0,0,0,0,0,0,0,0,0,0,0,0,0,0,0,0,0,0,0,0,0",0.6193234,0.26499087,0.71961987,3.0,0.043880023,120.87123,0.051296398,1.0,0.051296398,0.35177168,0.013583307,0.0,0.0,0.043880023,0.007371651,0.80687296,0.35177168,21.950636,1.4410045,120.87123,0.6193234,3.6360283,244.65945,0.0128587,0.03646365,1.0,244.65945,0.28038016,0.19312707,21.950636,0.007371651,0.014307914,0.26499087,0.0,1.4410045,3.6360283,0.0128587,0.50398654,0.0,0.014307914,0.50398654,0.6508007,0.03646365,1.0,0.013583307,lookahead,beam_orig0_bm3-s0to100br2
/work/T-REX/external/Proteina-Complexa/inference/search_binder_local_pipeline_32_PDL1_ALPHA_REPACK_v7_r006_cand_v7r006_hyp_0006_00_001_af1b7530d1b98/job_0_n_201_id_14_beam_orig1_bm3-s0to100br2/job_0_n_201_id_14_beam_orig1_bm3-s0to100br2.pdb,57,"2,0,13,16,19,16,19,14,11,3,10,18,19,19,6,18,7,15,2,12,16,9,6,4,11,13,14,19,6,11,5,10,3,10,0,0,10,9,19,18,17,6,12,6,3,11,2,9,9,5,13,19,8,7,6,6,3,10,11,19,5,8,15,15,18,1,5,1,0,1,10,10,11,3,5,10,15,10,7,2,0,0,10,5,9,16,3,19,11,10,5,3,0,7,19,18,1,4,12,9,15,18,7,7,0,3,18,11,1,9,16,19,11,19,2,0,10,11,19,14,6,10,19,16,16,16,6,7,6,15,19,16,9,14,4,9,0,16,5,14,10,16,18,19,8,17,13,15,14,15,5,7,10,9,11,14,7,7,1,18,16,18,10,19,2,7,11,2,0,15,10,10,9,16,3,16,1,19,15,3,15,7,9,18,16,4,9,15,3,10,7,9,0,11,16,5,10,9,19,16,10,0,0,0,0,0,0,0,0,0,0,0,0,0,0,0,0,0",0.57394695,0.14872837,0.4618383,3.0,0.19671416,48.719063,0.21763884,1.0,0.21763884,0.22316115,0.1863814,0.0,0.0,0.19671416,0.001421096,0.8810388,0.22316115,2.391029,1.5465862,48.719063,0.57394695,3.0903509,177.1805,0.16597092,0.17578949,1.0,177.1805,0.5381617,0.1189612,2.391029,0.001421096,0.20679186,0.14872837,0.0,1.5465862,3.0903509,0.16597092,0.31552473,0.0,0.20679186,0.31552473,0.75233865,0.17578949,1.0,0.1863814,lookahead,beam_orig1_bm3-s0to100br2
/work/T-REX/external/Proteina-Complexa/inference/search_binder_local_pipeline_32_PDL1_ALPHA_REPACK_v7_r006_cand_v7r006_hyp_0006_00_001_af1b7530d1b98/job_0_n_218_id_14_beam_orig2_bm3-s0to100br2/job_0_n_218_id_14_beam_orig2_bm3-s0to100br2.pdb,58,"2,0,13,16,19,16,19,14,11,3,10,18,19,19,6,18,7,15,2,12,16,9,6,4,11,13,14,19,6,11,5,10,3,10,0,0,10,9,19,18,17,6,12,6,3,11,2,9,9,5,13,19,8,7,6,6,3,10,11,19,5,8,15,15,18,1,5,1,0,1,10,10,11,3,5,10,15,10,7,2,0,0,10,5,9,16,3,19,11,10,5,3,0,7,19,18,1,4,12,9,15,18,7,7,0,3,18,11,1,9,16,19,11,19,2,0,13,16,19,16,19,14,11,3,10,18,19,19,6,18,7,15,2,12,16,9,6,4,11,13,14,19,6,11,5,10,3,10,0,0,10,9,19,18,17,6,12,6,3,11,2,9,9,5,13,19,8,7,6,6,3,10,11,19,5,8,15,15,18,1,5,1,0,1,10,10,11,3,5,10,15,10,7,2,0,0,10,5,9,16,3,19,11,10,5,3,0,7,19,18,1,4,12,9,15,18,7,7",0.6115009,0.3455354,0.7748815,3.0,0.017332012,62.29962,0.018156575,1.0,0.018156575,0.34748134,0.005734587,0.0,0.0,0.017332012,0.0019397964,0.8533619,0.34748134,5.365176,1.3690928,62.29962,0.6115009,3.9808512,196.70424,0.0,0.016507449,1.0,196.70424,0.22511849,0.14663808,5.365176,0.0019397964,0.011469174,0.3455354,0.0,1.3690928,3.9808512,0.0,0.5681534,0.0,0.011469174,0.5681534,0.585956,0.016507449,1.0,0.005734587,lookahead,beam_orig2_bm3-s0to100br2
/work/T-REX/external/Proteina-Complexa/inference/search_binder_local_pipeline_32_PDL1_ALPHA_REPACK_v7_r006_cand_v7r006_hyp_0006_00_001_af1b7530d1b98/job_0_n_186_id_14_beam_orig3_bm3-s0to100br2/job_0_n_186_id_14_beam_orig3_bm3-s0to100br2.pdb,59,"2,0,13,16,19,16,19,14,11,3,10,18,19,19,6,18,7,15,2,12,16,9,6,4,11,13,14,19,6,11,5,10,3,10,0,0,10,9,19,18,17,6,12,6,3,11,2,9,9,5,13,19,8,7,6,6,3,10,11,19,5,8,15,15,18,1,5,1,0,1,10,10,11,3,5,10,15,10,7,2,0,0,10,5,9,16,3,19,11,10,5,3,0,7,19,18,1,4,12,9,15,18,7,7,0,3,18,11,1,9,16,19,11,19,2,0,15,9,6,6,11,2,10,0,9,3,1,10,12,6,0,15,11,10,9,3,0,7,3,10,0,7,0,11,3,11,10,6,6,0,11,11,10,19,14,15,11,6,9,3,6,0,10,2,0,9,3,0,7,3,11,15,6,0,15,19,5,0,13,11,0,0,10,15,10,1,0,0,0,0,0,0,0,0,0,0,0,0,0,0,0,0,0,0,0,0,0,0,0,0,0,0,0,0,0,0,0,0",0.562065,0.12554432,0.41684538,3.0,0.21417978,36.270466,0.24089241,1.0,0.24089241,0.19921915,0.21281463,0.0,0.0,0.21417978,0.001351812,0.88773435,0.19921915,2.0057712,1.4276007,36.270466,0.562065,2.7710543,185.80304,0.18746716,0.18746716,1.0,185.80304,0.5831546,0.11226563,2.0057712,0.001351812,0.23816212,0.12554432,0.0,1.4276007,2.7710543,0.18746716,0.2773829,0.0,0.23816212,0.2773829,0.77713764,0.18746716,1.0,0.21281463,lookahead,beam_orig3_bm3-s0to100br2
/work/T-REX/external/Proteina-Complexa/inference/search_binder_local_pipeline_32_PDL1_ALPHA_REPACK_v7_r006_cand_v7r006_hyp_0006_00_001_af1b7530d1b98/job_0_n_190_id_15_beam_orig0_bm3-s0to100br3/job_0_n_190_id_15_beam_orig0_bm3-s0to100br3.pdb,60,"2,0,13,16,19,16,19,14,11,3,10,18,19,19,6,18,7,15,2,12,16,9,6,4,11,13,14,19,6,11,5,10,3,10,0,0,10,9,19,18,17,6,12,6,3,11,2,9,9,5,13,19,8,7,6,6,3,10,11,19,5,8,15,15,18,1,5,1,0,1,10,10,11,3,5,10,15,10,7,2,0,0,10,5,9,16,3,19,11,10,5,3,0,7,19,18,1,4,12,9,15,18,7,7,0,3,18,11,1,9,16,19,11,19,2,0,9,3,12,16,6,16,19,8,0,13,4,10,1,19,0,11,6,6,7,10,3,10,15,15,3,6,10,6,11,19,16,1,15,19,4,6,3,12,7,9,6,13,8,14,16,11,16,10,11,6,12,7,10,3,15,12,3,15,19,3,10,1,3,1,10,19,11,0,10,1,3,10,11,6,0,0,0,0,0,0,0,0,0,0,0,0,0,0,0,0,0,0,0,0,0,0,0,0,0,0,0,0",0.5954519,0.40800366,0.7879055,3.0,0.01127687,100.85226,0.01690709,1.0,0.01690709,0.41217604,0.005399055,0.0,0.0,0.01127687,0.0053677405,0.73216575,0.41217604,9.734103,2.0519364,100.85226,0.5954519,3.978409,231.77533,0.0,0.0056466497,1.0,231.77533,0.21209449,0.26783425,9.734103,0.0053677405,0.01079811,0.40800366,0.0,2.0519364,3.978409,0.0,0.59768325,0.0,0.01079811,0.59768325,0.62833947,0.0056466497,1.0,0.005399055,lookahead,beam_orig0_bm3-s0to100br3
/work/T-REX/external/Proteina-Complexa/inference/search_binder_local_pipeline_32_PDL1_ALPHA_REPACK_v7_r006_cand_v7r006_hyp_0006_00_001_af1b7530d1b98/job_0_n_201_id_15_beam_orig1_bm3-s0to100br3/job_0_n_201_id_15_beam_orig1_bm3-s0to100br3.pdb,61,"2,0,13,16,19,16,19,14,11,3,10,18,19,19,6,18,7,15,2,12,16,9,6,4,11,13,14,19,6,11,5,10,3,10,0,0,10,9,19,18,17,6,12,6,3,11,2,9,9,5,13,19,8,7,6,6,3,10,11,19,5,8,15,15,18,1,5,1,0,1,10,10,11,3,5,10,15,10,7,2,0,0,10,5,9,16,3,19,11,10,5,3,0,7,19,18,1,4,12,9,15,18,7,7,0,3,18,11,1,9,16,19,11,19,2,0,15,15,6,19,11,3,2,9,10,6,10,15,11,10,9,11,3,0,0,3,11,1,5,19,13,16,18,9,16,15,16,14,14,5,18,3,10,0,19,11,10,15,9,11,0,10,15,11,6,11,2,10,3,11,0,11,19,6,1,9,10,11,15,10,10,11,15,14,3,10,15,11,6,16,11,6,6,9,5,11,13,10,15,16,10,0,0,0,0,0,0,0,0,0,0,0,0,0,0,0,0,0",0.70252776,0.06457726,0.24862617,3.0,0.5083426,50.458824,0.5553472,1.0,0.5553472,0.13548847,0.5083426,0.0,0.0,0.5083426,0.0015667403,0.9312979,0.13548847,3.7762141,1.3714136,50.458824,0.70252776,2.6662362,177.51093,0.46133804,0.46133804,1.0,177.51093,0.7513738,0.068702124,3.7762141,0.0015667403,0.5553472,0.06457726,0.0,1.3714136,2.6662362,0.46133804,0.17875412,0.0,0.5553472,0.17875412,0.84780085,0.46133804,1.0,0.5083426,lookahead,beam_orig1_bm3-s0to100br3
/work/T-REX/external/Proteina-Complexa/inference/search_binder_local_pipeline_32_PDL1_ALPHA_REPACK_v7_r006_cand_v7r006_hyp_0006_00_001_af1b7530d1b98/job_0_n_218_id_15_beam_orig2_bm3-s0to100br3/job_0_n_218_id_15_beam_orig2_bm3-s0to100br3.pdb,62,"2,0,13,16,19,16,19,14,11,3,10,18,19,19,6,18,7,15,2,12,16,9,6,4,11,13,14,19,6,11,5,10,3,10,0,0,10,9,19,18,17,6,12,6,3,11,2,9,9,5,13,19,8,7,6,6,3,10,11,19,5,8,15,15,18,1,5,1,0,1,10,10,11,3,5,10,15,10,7,2,0,0,10,5,9,16,3,19,11,10,5,3,0,7,19,18,1,4,12,9,15,18,7,7,0,3,18,11,1,9,16,19,11,19,2,0,2,0,13,16,19,16,19,14,11,3,10,18,19,19,6,18,7,15,2,12,16,9,6,4,11,13,14,19,6,11,5,10,3,10,0,0,10,9,19,18,17,6,12,6,3,11,2,9,9,5,13,19,8,7,6,6,3,10,11,19,5,8,15,15,18,1,5,1,0,1,10,10,11,3,5,10,15,10,7,2,0,0,10,5,9,16,3,19,11,10,5,3,0,7,19,18,1,4,12,9,15,18",0.611376,0.33379543,0.7538051,3.0,0.028858792,80.743935,0.029640682,1.0,0.029640682,0.3388157,0.005950475,0.0,0.0,0.028858792,0.0026959083,0.8544905,0.3388157,5.0553365,1.3905419,80.743935,0.611376,3.9295166,209.18063,0.0,0.028076902,1.0,209.18063,0.24619491,0.1455095,5.0553365,0.0026959083,0.01190095,0.33379543,0.0,1.3905419,3.9295166,0.0,0.5481904,0.0,0.01190095,0.5481904,0.59584683,0.028076902,1.0,0.005950475,lookahead,beam_orig2_bm3-s0to100br3
/work/T-REX/external/Proteina-Complexa/inference/search_binder_local_pipeline_32_PDL1_ALPHA_REPACK_v7_r006_cand_v7r006_hyp_0006_00_001_af1b7530d1b98/job_0_n_186_id_15_beam_orig3_bm3-s0to100br3/job_0_n_186_id_15_beam_orig3_bm3-s0to100br3.pdb,63,"2,0,13,16,19,16,19,14,11,3,10,18,19,19,6,18,7,15,2,12,16,9,6,4,11,13,14,19,6,11,5,10,3,10,0,0,10,9,19,18,17,6,12,6,3,11,2,9,9,5,13,19,8,7,6,6,3,10,11,19,5,8,15,15,18,1,5,1,0,1,10,10,11,3,5,10,15,10,7,2,0,0,10,5,9,16,3,19,11,10,5,3,0,7,19,18,1,4,12,9,15,18,7,7,0,3,18,11,1,9,16,19,11,19,2,0,19,3,17,11,11,5,0,6,18,18,16,3,0,9,2,9,2,14,2,3,0,11,0,18,13,6,1,0,11,0,18,6,7,10,2,6,10,3,10,0,0,11,3,18,6,6,13,10,11,11,7,3,14,11,15,6,6,0,10,3,0,11,0,11,10,6,6,9,11,0,0,0,0,0,0,0,0,0,0,0,0,0,0,0,0,0,0,0,0,0,0,0,0,0,0,0,0,0,0,0,0,0",0.5720242,0.624497,0.9086368,3.0,0.0,87.63588,0.0,1.0,0.0,0.5223706,0.0,0.0,0.0,0.0,0.0048786188,0.8288511,0.5223706,7.0723324,1.35106,87.63588,0.5720242,4.69658,218.38844,0.0,0.0,1.0,218.38844,0.09136322,0.1711489,7.0723324,0.0048786188,0.0,0.624497,0.0,1.35106,4.69658,0.0,0.790931,0.0,0.0,0.790931,0.5931877,0.0,1.0,0.0,lookahead,beam_orig3_bm3-s0to100br3
/work/T-REX/external/Proteina-Complexa/inference/search_binder_local_pipeline_32_PDL1_ALPHA_REPACK_v7_r006_cand_v7r006_hyp_0006_00_001_af1b7530d1b98/job_0_n_190_id_16_beam_orig0_bm0-s0to100br3-s100to200br0/job_0_n_190_id_16_beam_orig0_bm0-s0to100br3-s100to200br0.pdb,64,"2,0,13,16,19,16,19,14,11,3,10,18,19,19,6,18,7,15,2,12,16,9,6,4,11,13,14,19,6,11,5,10,3,10,0,0,10,9,19,18,17,6,12,6,3,11,2,9,9,5,13,19,8,7,6,6,3,10,11,19,5,8,15,15,18,1,5,1,0,1,10,10,11,3,5,10,15,10,7,2,0,0,10,5,9,16,3,19,11,10,5,3,0,7,19,18,1,4,12,9,15,18,7,7,0,3,18,11,1,9,16,19,11,19,2,0,15,3,6,10,1,6,11,0,6,2,19,19,11,7,10,11,19,11,3,5,0,10,0,19,11,18,19,18,10,0,10,11,0,18,11,3,3,2,2,9,3,10,0,11,13,18,1,2,1,0,10,15,10,19,14,15,2,15,6,11,13,9,13,10,11,1,12,15,3,0,10,3,15,10,0,0,0,0,0,0,0,0,0,0,0,0,0,0,0,0,0,0,0,0,0,0,0,0,0,0,0,0",0.6088112,0.1684496,0.5380086,3.0,0.15074496,47.462276,0.18098685,1.0,0.18098685,0.24630426,0.1299019,0.0,0.0,0.15074496,0.0026897448,0.8660906,0.24630426,3.4947612,1.4800814,47.462276,0.6088112,3.1678088,197.69977,0.10385251,0.12050306,1.0,197.69977,0.46199146,0.1339094,3.4947612,0.0026897448,0.15595129,0.1684496,0.0,1.4800814,3.1678088,0.10385251,0.3489466,0.0,0.15595129,0.3489466,0.7267245,0.12050306,1.0,0.1299019,lookahead,beam_orig0_bm0-s0to100br3-s100to200br0
/work/T-REX/external/Proteina-Complexa/inference/search_binder_local_pipeline_32_PDL1_ALPHA_REPACK_v7_r006_cand_v7r006_hyp_0006_00_001_af1b7530d1b98/job_0_n_201_id_16_beam_orig1_bm1-s0to100br0-s100to200br0/job_0_n_201_id_16_beam_orig1_bm1-s0to100br0-s100to200br0.pdb,65,"2,0,13,16,19,16,19,14,11,3,10,18,19,19,6,18,7,15,2,12,16,9,6,4,11,13,14,19,6,11,5,10,3,10,0,0,10,9,19,18,17,6,12,6,3,11,2,9,9,5,13,19,8,7,6,6,3,10,11,19,5,8,15,15,18,1,5,1,0,1,10,10,11,3,5,10,15,10,7,2,0,0,10,5,9,16,3,19,11,10,5,3,0,7,19,18,1,4,12,9,15,18,7,7,0,3,18,11,1,9,16,19,11,19,2,0,15,16,15,16,11,10,9,11,2,10,11,9,0,19,2,2,6,3,16,16,6,19,10,11,16,19,7,3,10,11,3,10,19,11,16,16,15,3,6,11,10,11,6,11,9,11,16,6,10,11,6,10,10,6,6,19,2,15,2,16,2,10,15,0,15,13,11,11,2,19,19,15,12,9,11,16,19,10,6,6,10,7,6,3,9,0,0,0,0,0,0,0,0,0,0,0,0,0,0,0,0,0",0.5756322,0.15686162,0.45820975,3.0,0.19918455,62.961193,0.21454494,1.0,0.21454494,0.21923625,0.19234304,0.0,0.0,0.19918455,0.003063441,0.87394947,0.21923625,3.813838,1.6140492,62.961193,0.5756322,3.0260859,195.19908,0.17746995,0.18382417,1.0,195.19908,0.54179025,0.12605052,3.813838,0.003063441,0.20721613,0.15686162,0.0,1.6140492,3.0260859,0.17746995,0.31086698,0.0,0.20721613,0.31086698,0.7487712,0.18382417,1.0,0.19234304,lookahead,beam_orig1_bm1-s0to100br0-s100to200br0
/work/T-REX/external/Proteina-Complexa/inference/search_binder_local_pipeline_32_PDL1_ALPHA_REPACK_v7_r006_cand_v7r006_hyp_0006_00_001_af1b7530d1b98/job_0_n_218_id_16_beam_orig2_bm3-s0to100br1-s100to200br0/job_0_n_218_id_16_beam_orig2_bm3-s0to100br1-s100to200br0.pdb,66,"2,0,13,16,19,16,19,14,11,3,10,18,19,19,6,18,7,15,2,12,16,9,6,4,11,13,14,19,6,11,5,10,3,10,0,0,10,9,19,18,17,6,12,6,3,11,2,9,9,5,13,19,8,7,6,6,3,10,11,19,5,8,15,15,18,1,5,1,0,1,10,10,11,3,5,10,15,10,7,2,0,0,10,5,9,16,3,19,11,10,5,3,0,7,19,18,1,4,12,9,15,18,7,7,0,3,18,11,1,9,16,19,11,19,2,0,0,13,16,19,16,19,14,11,3,10,18,19,19,6,18,7,15,2,12,16,9,6,4,11,13,14,19,6,11,5,10,3,10,0,0,10,9,19,18,17,6,12,6,3,11,2,9,9,5,13,19,8,7,6,6,3,10,11,19,5,8,15,15,18,1,5,1,0,1,10,10,11,3,5,10,15,10,7,2,0,0,10,5,9,16,3,19,11,10,5,3,0,7,19,18,1,4,12,9,15,18,7",0.6098067,0.34244642,0.7669009,3.0,0.020659741,49.456593,0.022219889,1.0,0.022219889,0.34441632,0.0056932424,0.0,0.0,0.020659741,0.0020294178,0.8529072,0.34441632,4.365212,1.3722104,49.456593,0.6098067,3.955414,204.18057,0.0,0.019099591,1.0,204.18057,0.23309912,0.14709282,4.365212,0.0020294178,0.011386485,0.34244642,0.0,1.3722104,3.955414,0.0,0.5612043,0.0,0.011386485,0.5612043,0.5897711,0.019099591,1.0,0.0056932424,lookahead,beam_orig2_bm3-s0to100br1-s100to200br0
/work/T-REX/external/Proteina-Complexa/inference/search_binder_local_pipeline_32_PDL1_ALPHA_REPACK_v7_r006_cand_v7r006_hyp_0006_00_001_af1b7530d1b98/job_0_n_186_id_16_beam_orig3_bm0-s0to100br1-s100to200br0/job_0_n_186_id_16_beam_orig3_bm0-s0to100br1-s100to200br0.pdb,67,"2,0,13,16,19,16,19,14,11,3,10,18,19,19,6,18,7,15,2,12,16,9,6,4,11,13,14,19,6,11,5,10,3,10,0,0,10,9,19,18,17,6,12,6,3,11,2,9,9,5,13,19,8,7,6,6,3,10,11,19,5,8,15,15,18,1,5,1,0,1,10,10,11,3,5,10,15,10,7,2,0,0,10,5,9,16,3,19,11,10,5,3,0,7,19,18,1,4,12,9,15,18,7,7,0,3,18,11,1,9,16,19,11,19,2,0,15,6,6,11,6,11,9,19,6,6,0,11,6,0,13,11,11,10,14,10,3,11,5,5,10,0,11,3,10,0,6,3,19,19,16,7,11,16,11,0,11,3,13,4,10,11,0,6,6,10,7,10,14,18,13,14,6,3,15,0,10,6,19,0,5,0,10,10,6,10,0,0,0,0,0,0,0,0,0,0,0,0,0,0,0,0,0,0,0,0,0,0,0,0,0,0,0,0,0,0,0,0",0.5837536,0.5889361,0.913419,3.0,0.0,122.71604,0.0,1.0,0.0,0.51574033,0.0,0.0,0.0,0.0,0.0024866113,0.841335,0.51574033,19.189354,1.3155245,122.71604,0.5837536,4.603806,244.52168,0.0,0.0,1.0,244.52168,0.086581014,0.158665,19.189354,0.0024866113,0.0,0.5889361,0.0,1.3155245,4.603806,0.0,0.7863749,0.0,0.0,0.7863749,0.589866,0.0,1.0,0.0,lookahead,beam_orig3_bm0-s0to100br1-s100to200br0
/work/T-REX/external/Proteina-Complexa/inference/search_binder_local_pipeline_32_PDL1_ALPHA_REPACK_v7_r006_cand_v7r006_hyp_0006_00_001_af1b7530d1b98/job_0_n_190_id_17_beam_orig0_bm0-s0to100br3-s100to200br1/job_0_n_190_id_17_beam_orig0_bm0-s0to100br3-s100to200br1.pdb,68,"2,0,13,16,19,16,19,14,11,3,10,18,19,19,6,18,7,15,2,12,16,9,6,4,11,13,14,19,6,11,5,10,3,10,0,0,10,9,19,18,17,6,12,6,3,11,2,9,9,5,13,19,8,7,6,6,3,10,11,19,5,8,15,15,18,1,5,1,0,1,10,10,11,3,5,10,15,10,7,2,0,0,10,5,9,16,3,19,11,10,5,3,0,7,19,18,1,4,12,9,15,18,7,7,0,3,18,11,1,9,16,19,11,19,2,0,15,3,3,0,6,3,10,18,5,1,19,19,3,10,19,14,11,2,11,8,11,6,10,1,11,18,15,1,3,10,19,16,0,19,11,15,2,0,15,19,6,1,9,11,6,10,1,2,11,9,19,0,10,0,11,3,2,19,6,11,13,5,9,10,11,0,19,0,3,13,10,3,11,13,0,0,0,0,0,0,0,0,0,0,0,0,0,0,0,0,0,0,0,0,0,0,0,0,0,0,0,0",0.6732547,0.06258707,0.2295798,3.0,0.5121945,57.56728,0.57796496,1.0,0.57796496,0.14079158,0.5121945,0.0,0.0,0.5121945,0.0018091603,0.93684065,0.14079158,4.129734,1.3803527,57.56728,0.6732547,2.2332466,196.65291,0.4464241,0.4464241,1.0,196.65291,0.7704202,0.06315938,4.129734,0.0018091603,0.57796496,0.06258707,0.0,1.3803527,2.2332466,0.4464241,0.18330948,0.0,0.57796496,0.18330948,0.8506925,0.4464241,1.0,0.5121945,lookahead,beam_orig0_bm0-s0to100br3-s100to200br1
/work/T-REX/external/Proteina-Complexa/inference/search_binder_local_pipeline_32_PDL1_ALPHA_REPACK_v7_r006_cand_v7r006_hyp_0006_00_001_af1b7530d1b98/job_0_n_201_id_17_beam_orig1_bm1-s0to100br0-s100to200br1/job_0_n_201_id_17_beam_orig1_bm1-s0to100br0-s100to200br1.pdb,69,"2,0,13,16,19,16,19,14,11,3,10,18,19,19,6,18,7,15,2,12,16,9,6,4,11,13,14,19,6,11,5,10,3,10,0,0,10,9,19,18,17,6,12,6,3,11,2,9,9,5,13,19,8,7,6,6,3,10,11,19,5,8,15,15,18,1,5,1,0,1,10,10,11,3,5,10,15,10,7,2,0,0,10,5,9,16,3,19,11,10,5,3,0,7,19,18,1,4,12,9,15,18,7,7,0,3,18,11,1,9,16,19,11,19,2,0,12,15,19,14,5,16,10,11,2,10,6,9,0,10,11,11,3,15,14,10,6,9,10,11,0,5,0,6,10,11,3,10,9,11,15,16,14,15,11,3,9,11,10,0,9,10,11,5,0,10,0,9,19,7,3,10,18,6,6,7,11,9,6,10,11,16,6,8,1,15,19,19,13,13,1,3,10,0,6,6,6,2,10,3,10,0,0,0,0,0,0,0,0,0,0,0,0,0,0,0,0,0",0.5923718,0.28961223,0.6912332,3.0,0.05390219,121.37381,0.058438223,1.0,0.058438223,0.32255086,0.013312701,0.0,0.0,0.05390219,0.003630141,0.79271066,0.32255086,22.347326,1.5526371,121.37381,0.5923718,3.613773,223.89853,0.01237805,0.049366158,1.0,223.89853,0.30876678,0.20728937,22.347326,0.003630141,0.014247353,0.28961223,0.0,1.5526371,3.613773,0.01237805,0.4983802,0.0,0.014247353,0.4983802,0.6472955,0.049366158,1.0,0.013312701,lookahead,beam_orig1_bm1-s0to100br0-s100to200br1
/work/T-REX/external/Proteina-Complexa/inference/search_binder_local_pipeline_32_PDL1_ALPHA_REPACK_v7_r006_cand_v7r006_hyp_0006_00_001_af1b7530d1b98/job_0_n_218_id_17_beam_orig2_bm3-s0to100br1-s100to200br1/job_0_n_218_id_17_beam_orig2_bm3-s0to100br1-s100to200br1.pdb,70,"2,0,13,16,19,16,19,14,11,3,10,18,19,19,6,18,7,15,2,12,16,9,6,4,11,13,14,19,6,11,5,10,3,10,0,0,10,9,19,18,17,6,12,6,3,11,2,9,9,5,13,19,8,7,6,6,3,10,11,19,5,8,15,15,18,1,5,1,0,1,10,10,11,3,5,10,15,10,7,2,0,0,10,5,9,16,3,19,11,10,5,3,0,7,19,18,1,4,12,9,15,18,7,7,0,3,18,11,1,9,16,19,11,19,2,0,0,13,16,19,16,19,14,11,3,10,18,19,19,6,18,7,15,2,12,16,9,6,4,11,13,14,19,6,11,5,10,3,10,0,0,10,9,19,18,17,6,12,6,3,11,2,9,9,5,13,19,8,7,6,6,3,10,11,19,5,8,15,15,18,1,5,1,0,1,10,10,11,3,5,10,15,10,7,2,0,0,10,5,9,16,3,19,11,10,5,3,0,7,19,18,1,4,12,9,15,18,7",0.61200166,0.33925658,0.76691115,3.0,0.02135405,61.018997,0.021449005,1.0,0.021449005,0.34388256,0.005768817,0.0,0.0,0.02135405,0.0020374295,0.8521328,0.34388256,5.362288,1.3769876,61.018997,0.61200166,3.9493802,205.73758,0.0,0.021259092,1.0,205.73758,0.23308887,0.1478672,5.362288,0.0020374295,0.011537634,0.33925658,0.0,1.3769876,3.9493802,0.0,0.55971915,0.0,0.011537634,0.55971915,0.589947,0.021259092,1.0,0.005768817,lookahead,beam_orig2_bm3-s0to100br1-s100to200br1
/work/T-REX/external/Proteina-Complexa/inference/search_binder_local_pipeline_32_PDL1_ALPHA_REPACK_v7_r006_cand_v7r006_hyp_0006_00_001_af1b7530d1b98/job_0_n_186_id_17_beam_orig3_bm0-s0to100br1-s100to200br1/job_0_n_186_id_17_beam_orig3_bm0-s0to100br1-s100to200br1.pdb,71,"2,0,13,16,19,16,19,14,11,3,10,18,19,19,6,18,7,15,2,12,16,9,6,4,11,13,14,19,6,11,5,10,3,10,0,0,10,9,19,18,17,6,12,6,3,11,2,9,9,5,13,19,8,7,6,6,3,10,11,19,5,8,15,15,18,1,5,1,0,1,10,10,11,3,5,10,15,10,7,2,0,0,10,5,9,16,3,19,11,10,5,3,0,7,19,18,1,4,12,9,15,18,7,7,0,3,18,11,1,9,16,19,11,19,2,0,15,14,6,6,6,11,10,11,6,6,19,10,11,1,13,11,10,10,14,10,3,11,5,11,6,10,11,11,0,0,6,3,19,19,10,13,11,11,11,14,11,19,10,19,2,11,10,11,6,10,10,11,9,6,10,16,6,11,5,0,10,5,10,0,8,3,9,10,11,10,0,0,0,0,0,0,0,0,0,0,0,0,0,0,0,0,0,0,0,0,0,0,0,0,0,0,0,0,0,0,0,0",0.5931555,0.2377842,0.6321423,3.0,0.07968159,38.275364,0.0959222,1.0,0.0959222,0.3031736,0.014270324,0.0,0.0,0.07968159,0.005582415,0.84880215,0.3031736,1.8867955,1.72212,38.275364,0.5931555,3.5477235,180.82524,0.014094698,0.063440986,1.0,180.82524,0.36785766,0.15119784,1.8867955,0.005582415,0.014445951,0.2377842,0.0,1.72212,3.5477235,0.014094698,0.43473953,0.0,0.014445951,0.43473953,0.68962693,0.063440986,1.0,0.014270324,lookahead,beam_orig3_bm0-s0to100br1-s100to200br1
/work/T-REX/external/Proteina-Complexa/inference/search_binder_local_pipeline_32_PDL1_ALPHA_REPACK_v7_r006_cand_v7r006_hyp_0006_00_001_af1b7530d1b98/job_0_n_190_id_18_beam_orig0_bm0-s0to100br3-s100to200br2/job_0_n_190_id_18_beam_orig0_bm0-s0to100br3-s100to200br2.pdb,72,"2,0,13,16,19,16,19,14,11,3,10,18,19,19,6,18,7,15,2,12,16,9,6,4,11,13,14,19,6,11,5,10,3,10,0,0,10,9,19,18,17,6,12,6,3,11,2,9,9,5,13,19,8,7,6,6,3,10,11,19,5,8,15,15,18,1,5,1,0,1,10,10,11,3,5,10,15,10,7,2,0,0,10,5,9,16,3,19,11,10,5,3,0,7,19,18,1,4,12,9,15,18,7,7,0,3,18,11,1,9,16,19,11,19,2,0,3,15,3,19,2,6,10,19,15,6,0,11,6,19,10,7,15,6,13,16,14,6,19,6,3,2,10,1,6,0,19,1,0,19,11,19,3,11,3,9,3,10,0,1,6,18,13,2,11,0,2,15,11,19,11,3,5,5,11,11,13,6,10,10,11,9,18,0,11,18,9,3,11,18,0,0,0,0,0,0,0,0,0,0,0,0,0,0,0,0,0,0,0,0,0,0,0,0,0,0,0,0",0.6591519,0.079210855,0.29176867,3.0,0.42019916,37.316196,0.46482155,1.0,0.46482155,0.15255444,0.42019916,0.0,0.0,0.42019916,0.0017116722,0.9020431,0.15255444,2.820557,1.5934851,37.316196,0.6591519,2.4500875,178.76141,0.3755768,0.3755768,1.0,178.76141,0.70823133,0.097956926,2.820557,0.0017116722,0.46482155,0.079210855,0.0,1.5934851,2.4500875,0.3755768,0.19870023,0.0,0.46482155,0.19870023,0.8314955,0.3755768,1.0,0.42019916,lookahead,beam_orig0_bm0-s0to100br3-s100to200br2
/work/T-REX/external/Proteina-Complexa/inference/search_binder_local_pipeline_32_PDL1_ALPHA_REPACK_v7_r006_cand_v7r006_hyp_0006_00_001_af1b7530d1b98/job_0_n_201_id_18_beam_orig1_bm1-s0to100br0-s100to200br2/job_0_n_201_id_18_beam_orig1_bm1-s0to100br0-s100to200br2.pdb,73,"2,0,13,16,19,16,19,14,11,3,10,18,19,19,6,18,7,15,2,12,16,9,6,4,11,13,14,19,6,11,5,10,3,10,0,0,10,9,19,18,17,6,12,6,3,11,2,9,9,5,13,19,8,7,6,6,3,10,11,19,5,8,15,15,18,1,5,1,0,1,10,10,11,3,5,10,15,10,7,2,0,0,10,5,9,16,3,19,11,10,5,3,0,7,19,18,1,4,12,9,15,18,7,7,0,3,18,11,1,9,16,19,11,19,2,0,15,6,13,3,9,2,13,16,10,10,5,11,7,19,11,6,5,2,16,18,16,19,12,11,18,15,13,2,10,12,3,9,10,3,15,6,11,3,11,3,11,0,6,6,1,0,11,11,10,5,3,13,16,10,15,19,10,2,2,14,15,2,18,15,15,3,19,10,15,19,19,5,0,10,18,3,18,19,11,11,11,13,14,15,19,0,0,0,0,0,0,0,0,0,0,0,0,0,0,0,0,0",0.6706694,0.07058953,0.26673293,3.0,0.461461,45.921387,0.5216327,1.0,0.5216327,0.13794184,0.461461,0.0,0.0,0.461461,0.0009952994,0.94311154,0.13794184,4.2266674,1.2712674,45.921387,0.6706694,2.4460719,157.08716,0.40128937,0.40128937,1.0,157.08716,0.73326707,0.05688848,4.2266674,0.0009952994,0.5216327,0.07058953,0.0,1.2712674,2.4460719,0.40128937,0.19089103,0.0,0.5216327,0.19089103,0.8341175,0.40128937,1.0,0.461461,lookahead,beam_orig1_bm1-s0to100br0-s100to200br2
/work/T-REX/external/Proteina-Complexa/inference/search_binder_local_pipeline_32_PDL1_ALPHA_REPACK_v7_r006_cand_v7r006_hyp_0006_00_001_af1b7530d1b98/job_0_n_218_id_18_beam_orig2_bm3-s0to100br1-s100to200br2/job_0_n_218_id_18_beam_orig2_bm3-s0to100br1-s100to200br2.pdb,74,"2,0,13,16,19,16,19,14,11,3,10,18,19,19,6,18,7,15,2,12,16,9,6,4,11,13,14,19,6,11,5,10,3,10,0,0,10,9,19,18,17,6,12,6,3,11,2,9,9,5,13,19,8,7,6,6,3,10,11,19,5,8,15,15,18,1,5,1,0,1,10,10,11,3,5,10,15,10,7,2,0,0,10,5,9,16,3,19,11,10,5,3,0,7,19,18,1,4,12,9,15,18,7,7,0,3,18,11,1,9,16,19,11,19,2,0,0,13,16,19,16,19,14,11,3,10,18,19,19,6,18,7,15,2,12,16,9,6,4,11,13,14,19,6,11,5,10,3,10,0,0,10,9,19,18,17,6,12,6,3,11,2,9,9,5,13,19,8,7,6,6,3,10,11,19,5,8,15,15,18,1,5,1,0,1,10,10,11,3,5,10,15,10,7,2,0,0,10,5,9,16,3,19,11,10,5,3,0,7,19,18,1,4,12,9,15,18,7",0.6116821,0.33905742,0.7671796,3.0,0.02122908,46.07511,0.021349413,1.0,0.021349413,0.34350026,0.005744161,0.0,0.0,0.02122908,0.0020166766,0.85393435,0.34350026,3.2093396,1.3628017,46.07511,0.6116821,3.9580872,192.8392,0.0,0.02110875,1.0,192.8392,0.23282036,0.14606564,3.2093396,0.0020166766,0.011488322,0.33905742,0.0,1.3628017,3.9580872,0.0,0.56031644,0.0,0.011488322,0.56031644,0.58968955,0.02110875,1.0,0.005744161,lookahead,beam_orig2_bm3-s0to100br1-s100to200br2
/work/T-REX/external/Proteina-Complexa/inference/search_binder_local_pipeline_32_PDL1_ALPHA_REPACK_v7_r006_cand_v7r006_hyp_0006_00_001_af1b7530d1b98/job_0_n_186_id_18_beam_orig3_bm0-s0to100br1-s100to200br2/job_0_n_186_id_18_beam_orig3_bm0-s0to100br1-s100to200br2.pdb,75,"2,0,13,16,19,16,19,14,11,3,10,18,19,19,6,18,7,15,2,12,16,9,6,4,11,13,14,19,6,11,5,10,3,10,0,0,10,9,19,18,17,6,12,6,3,11,2,9,9,5,13,19,8,7,6,6,3,10,11,19,5,8,15,15,18,1,5,1,0,1,10,10,11,3,5,10,15,10,7,2,0,0,10,5,9,16,3,19,11,10,5,3,0,7,19,18,1,4,12,9,15,18,7,7,0,3,18,11,1,9,16,19,11,19,2,0,9,10,2,6,3,6,9,5,3,10,9,11,6,11,13,14,16,10,14,11,3,11,5,10,10,10,11,11,10,0,6,3,19,9,10,13,11,11,11,19,11,3,10,19,2,0,10,11,11,6,10,11,9,6,10,15,6,5,5,0,13,1,10,0,14,13,9,10,15,10,0,0,0,0,0,0,0,0,0,0,0,0,0,0,0,0,0,0,0,0,0,0,0,0,0,0,0,0,0,0,0,0",0.6412617,0.26597175,0.6887428,3.0,0.06594542,115.850586,0.07466007,1.0,0.07466007,0.31552774,0.013203165,0.0,0.0,0.06594542,0.0016273065,0.8398031,0.31552774,10.673261,1.6109535,115.850586,0.6412617,3.5095341,207.74458,0.012666356,0.05723077,1.0,207.74458,0.31125718,0.1601969,10.673261,0.0016273065,0.013739973,0.26597175,0.0,1.6109535,3.5095341,0.012666356,0.4577979,0.0,0.013739973,0.4577979,0.67166436,0.05723077,1.0,0.013203165,lookahead,beam_orig3_bm0-s0to100br1-s100to200br2
/work/T-REX/external/Proteina-Complexa/inference/search_binder_local_pipeline_32_PDL1_ALPHA_REPACK_v7_r006_cand_v7r006_hyp_0006_00_001_af1b7530d1b98/job_0_n_190_id_19_beam_orig0_bm0-s0to100br3-s100to200br3/job_0_n_190_id_19_beam_orig0_bm0-s0to100br3-s100to200br3.pdb,76,"2,0,13,16,19,16,19,14,11,3,10,18,19,19,6,18,7,15,2,12,16,9,6,4,11,13,14,19,6,11,5,10,3,10,0,0,10,9,19,18,17,6,12,6,3,11,2,9,9,5,13,19,8,7,6,6,3,10,11,19,5,8,15,15,18,1,5,1,0,1,10,10,11,3,5,10,15,10,7,2,0,0,10,5,9,16,3,19,11,10,5,3,0,7,19,18,1,4,12,9,15,18,7,7,0,3,18,11,1,9,16,19,11,19,2,0,15,11,19,4,5,3,13,19,15,2,12,11,15,11,13,7,0,6,13,16,14,6,19,6,11,2,10,1,10,0,4,11,0,0,10,6,3,1,2,19,3,10,0,11,6,18,9,15,6,0,15,15,11,10,11,11,15,15,2,11,18,5,13,10,11,3,0,15,3,13,10,3,15,10,0,0,0,0,0,0,0,0,0,0,0,0,0,0,0,0,0,0,0,0,0,0,0,0,0,0,0,0",0.5708194,0.15158106,0.46472633,3.0,0.18840212,55.9757,0.21965323,1.0,0.21965323,0.22174719,0.18338135,0.0,0.0,0.18840212,0.0013758427,0.8724944,0.22174719,3.9740345,1.5295869,55.9757,0.5708194,2.999278,191.2886,0.1534222,0.15715098,1.0,191.2886,0.5352737,0.1275056,3.9740345,0.0013758427,0.21334048,0.15158106,0.0,1.5295869,2.999278,0.1534222,0.31467223,0.0,0.21334048,0.31467223,0.7533678,0.15715098,1.0,0.18338135,lookahead,beam_orig0_bm0-s0to100br3-s100to200br3
/work/T-REX/external/Proteina-Complexa/inference/search_binder_local_pipeline_32_PDL1_ALPHA_REPACK_v7_r006_cand_v7r006_hyp_0006_00_001_af1b7530d1b98/job_0_n_201_id_19_beam_orig1_bm1-s0to100br0-s100to200br3/job_0_n_201_id_19_beam_orig1_bm1-s0to100br0-s100to200br3.pdb,77,"2,0,13,16,19,16,19,14,11,3,10,18,19,19,6,18,7,15,2,12,16,9,6,4,11,13,14,19,6,11,5,10,3,10,0,0,10,9,19,18,17,6,12,6,3,11,2,9,9,5,13,19,8,7,6,6,3,10,11,19,5,8,15,15,18,1,5,1,0,1,10,10,11,3,5,10,15,10,7,2,0,0,10,5,9,16,3,19,11,10,5,3,0,7,19,18,1,4,12,9,15,18,7,7,0,3,18,11,1,9,16,19,11,19,2,0,15,3,19,15,2,0,10,16,10,10,6,15,7,10,10,15,7,3,15,10,16,13,10,1,7,10,0,6,10,11,3,10,19,6,2,0,14,15,2,3,6,11,19,2,9,10,11,5,0,11,3,10,10,3,11,19,15,11,3,14,11,16,2,6,15,10,10,0,5,0,11,16,13,10,11,3,10,19,6,5,18,2,10,15,10,0,0,0,0,0,0,0,0,0,0,0,0,0,0,0,0,0",0.61845046,0.12938574,0.43508995,3.0,0.24110983,62.803104,0.2632078,1.0,0.2632078,0.19038603,0.239943,0.0,0.0,0.24110983,0.0010905329,0.9111537,0.19038603,4.3695765,1.3705497,62.803104,0.61845046,2.7842221,183.68413,0.21901187,0.21901187,1.0,183.68413,0.56491005,0.088846296,4.3695765,0.0010905329,0.26087412,0.12938574,0.0,1.3705497,2.7842221,0.21901187,0.2752943,0.0,0.26087412,0.2752943,0.760774,0.21901187,1.0,0.239943,lookahead,beam_orig1_bm1-s0to100br0-s100to200br3
/work/T-REX/external/Proteina-Complexa/inference/search_binder_local_pipeline_32_PDL1_ALPHA_REPACK_v7_r006_cand_v7r006_hyp_0006_00_001_af1b7530d1b98/job_0_n_218_id_19_beam_orig2_bm3-s0to100br1-s100to200br3/job_0_n_218_id_19_beam_orig2_bm3-s0to100br1-s100to200br3.pdb,78,"2,0,13,16,19,16,19,14,11,3,10,18,19,19,6,18,7,15,2,12,16,9,6,4,11,13,14,19,6,11,5,10,3,10,0,0,10,9,19,18,17,6,12,6,3,11,2,9,9,5,13,19,8,7,6,6,3,10,11,19,5,8,15,15,18,1,5,1,0,1,10,10,11,3,5,10,15,10,7,2,0,0,10,5,9,16,3,19,11,10,5,3,0,7,19,18,1,4,12,9,15,18,7,7,0,3,18,11,1,9,16,19,11,19,2,0,0,13,16,19,16,19,14,11,3,10,18,19,19,6,18,7,15,2,12,16,9,6,4,11,13,14,19,6,11,5,10,3,10,0,0,10,9,19,18,17,6,12,6,3,11,2,9,9,5,13,19,8,7,6,6,3,10,11,19,5,8,15,15,18,1,5,1,0,1,10,10,11,3,5,10,15,10,7,2,0,0,10,5,9,16,3,19,11,10,5,3,0,7,19,18,1,4,12,9,15,18,7",0.61000735,0.34027916,0.7663233,3.0,0.021191131,44.898575,0.021333383,1.0,0.021333383,0.34412602,0.0057413285,0.0,0.0,0.021191131,0.0020458652,0.85331917,0.34412602,3.5245728,1.3702748,44.898575,0.61000735,3.9592166,199.32532,0.0,0.021048881,1.0,199.32532,0.23367664,0.14668086,3.5245728,0.0020458652,0.011482657,0.34027916,0.0,1.3702748,3.9592166,0.0,0.56066877,0.0,0.011482657,0.56066877,0.59019333,0.021048881,1.0,0.0057413285,lookahead,beam_orig2_bm3-s0to100br1-s100to200br3
/work/T-REX/external/Proteina-Complexa/inference/search_binder_local_pipeline_32_PDL1_ALPHA_REPACK_v7_r006_cand_v7r006_hyp_0006_00_001_af1b7530d1b98/job_0_n_186_id_19_beam_orig3_bm0-s0to100br1-s100to200br3/job_0_n_186_id_19_beam_orig3_bm0-s0to100br1-s100to200br3.pdb,79,"2,0,13,16,19,16,19,14,11,3,10,18,19,19,6,18,7,15,2,12,16,9,6,4,11,13,14,19,6,11,5,10,3,10,0,0,10,9,19,18,17,6,12,6,3,11,2,9,9,5,13,19,8,7,6,6,3,10,11,19,5,8,15,15,18,1,5,1,0,1,10,10,11,3,5,10,15,10,7,2,0,0,10,5,9,16,3,19,11,10,5,3,0,7,19,18,1,4,12,9,15,18,7,7,0,3,18,11,1,9,16,19,11,19,2,0,15,6,3,6,5,11,10,6,11,6,13,11,6,11,13,11,11,10,14,11,7,11,5,6,6,10,11,3,10,0,1,3,19,9,10,7,11,11,11,15,16,2,10,9,6,11,19,11,6,10,10,11,9,6,9,11,6,6,3,0,10,11,18,0,5,10,9,10,3,10,0,0,0,0,0,0,0,0,0,0,0,0,0,0,0,0,0,0,0,0,0,0,0,0,0,0,0,0,0,0,0,0",0.62791365,0.4076833,0.8348671,3.0,0.005878811,100.99367,0.0060638264,1.0,0.0060638264,0.42263827,0.0,0.0,0.0,0.005878811,0.011744749,0.8315385,0.42263827,5.878861,1.5616189,100.99367,0.62791365,4.082742,207.51212,0.0,0.0056937956,1.0,207.51212,0.16513285,0.16846152,5.878861,0.011744749,0.0,0.4076833,0.0,1.5616189,4.082742,0.0,0.6302659,0.0,0.0,0.6302659,0.61787117,0.0056937956,1.0,0.0,lookahead,beam_orig3_bm0-s0to100br1-s100to200br3
/work/T-REX/external/Proteina-Complexa/inference/search_binder_local_pipeline_32_PDL1_ALPHA_REPACK_v7_r006_cand_v7r006_hyp_0006_00_001_af1b7530d1b98/job_0_n_190_id_20_beam_orig0_bm3-s0to100br2-s100to200br0/job_0_n_190_id_20_beam_orig0_bm3-s0to100br2-s100to200br0.pdb,80,"2,0,13,16,19,16,19,14,11,3,10,18,19,19,6,18,7,15,2,12,16,9,6,4,11,13,14,19,6,11,5,10,3,10,0,0,10,9,19,18,17,6,12,6,3,11,2,9,9,5,13,19,8,7,6,6,3,10,11,19,5,8,15,15,18,1,5,1,0,1,10,10,11,3,5,10,15,10,7,2,0,0,10,5,9,16,3,19,11,10,5,3,0,7,19,18,1,4,12,9,15,18,7,7,0,3,18,11,1,9,16,19,11,19,2,0,19,9,19,7,14,16,7,15,0,6,6,10,2,2,18,7,19,6,10,11,2,0,7,1,10,3,6,0,6,13,18,18,1,10,0,9,11,6,11,14,3,13,0,11,0,8,2,2,10,7,19,19,10,11,3,10,7,1,10,3,6,0,9,6,6,18,3,16,0,10,11,10,3,14,0,0,0,0,0,0,0,0,0,0,0,0,0,0,0,0,0,0,0,0,0,0,0,0,0,0,0,0",0.63134027,0.3432972,0.79024565,3.0,0.01820507,120.71191,0.021719832,1.0,0.021719832,0.3965752,0.0060467487,0.0,0.0,0.01820507,0.0057258015,0.79456824,0.3965752,20.586496,1.3762596,120.71191,0.63134027,3.9081032,238.1934,0.0,0.01469031,1.0,238.1934,0.20975432,0.20543174,20.586496,0.0057258015,0.012093497,0.3432972,0.0,1.3762596,3.9081032,0.0,0.5722333,0.0,0.012093497,0.5722333,0.62695456,0.01469031,1.0,0.0060467487,lookahead,beam_orig0_bm3-s0to100br2-s100to200br0
/work/T-REX/external/Proteina-Complexa/inference/search_binder_local_pipeline_32_PDL1_ALPHA_REPACK_v7_r006_cand_v7r006_hyp_0006_00_001_af1b7530d1b98/job_0_n_201_id_20_beam_orig1_bm3-s0to100br3-s100to200br0/job_0_n_201_id_20_beam_orig1_bm3-s0to100br3-s100to200br0.pdb,81,"2,0,13,16,19,16,19,14,11,3,10,18,19,19,6,18,7,15,2,12,16,9,6,4,11,13,14,19,6,11,5,10,3,10,0,0,10,9,19,18,17,6,12,6,3,11,2,9,9,5,13,19,8,7,6,6,3,10,11,19,5,8,15,15,18,1,5,1,0,1,10,10,11,3,5,10,15,10,7,2,0,0,10,5,9,16,3,19,11,10,5,3,0,7,19,18,1,4,12,9,15,18,7,7,0,3,18,11,1,9,16,19,11,19,2,0,15,10,6,10,11,3,13,10,10,2,13,19,11,3,11,16,10,15,6,3,7,5,11,19,19,3,11,9,19,16,15,11,6,19,16,19,16,3,19,11,6,10,10,16,0,10,8,11,3,11,5,10,16,19,7,3,9,6,2,9,6,11,16,10,11,11,15,14,10,18,16,14,6,9,6,6,13,10,11,6,10,11,11,15,10,0,0,0,0,0,0,0,0,0,0,0,0,0,0,0,0,0",0.49793005,0.15390782,0.43282753,3.0,0.1792127,45.412724,0.20337328,1.0,0.20337328,0.22889407,0.16775951,0.0,0.0,0.1792127,0.001263258,0.88510984,0.22889407,2.0945325,1.7319187,45.412724,0.49793005,3.3502648,175.15683,0.14414243,0.15505213,1.0,175.15683,0.56717247,0.114890136,2.0945325,0.001263258,0.1913766,0.15390782,0.0,1.7319187,3.3502648,0.14414243,0.33052397,0.0,0.1913766,0.33052397,0.75984216,0.15505213,1.0,0.16775951,lookahead,beam_orig1_bm3-s0to100br3-s100to200br0
/work/T-REX/external/Proteina-Complexa/inference/search_binder_local_pipeline_32_PDL1_ALPHA_REPACK_v7_r006_cand_v7r006_hyp_0006_00_001_af1b7530d1b98/job_0_n_218_id_20_beam_orig2_bm3-s0to100br2-s100to200br0/job_0_n_218_id_20_beam_orig2_bm3-s0to100br2-s100to200br0.pdb,82,"2,0,13,16,19,16,19,14,11,3,10,18,19,19,6,18,7,15,2,12,16,9,6,4,11,13,14,19,6,11,5,10,3,10,0,0,10,9,19,18,17,6,12,6,3,11,2,9,9,5,13,19,8,7,6,6,3,10,11,19,5,8,15,15,18,1,5,1,0,1,10,10,11,3,5,10,15,10,7,2,0,0,10,5,9,16,3,19,11,10,5,3,0,7,19,18,1,4,12,9,15,18,7,7,0,3,18,11,1,9,16,19,11,19,2,0,13,16,19,16,19,14,11,3,10,18,19,19,6,18,7,15,2,12,16,9,6,4,11,13,14,19,6,11,5,10,3,10,0,0,10,9,19,18,17,6,12,6,3,11,2,9,9,5,13,19,8,7,6,6,3,10,11,19,5,8,15,15,18,1,5,1,0,1,10,10,11,3,5,10,15,10,7,2,0,0,10,5,9,16,3,19,11,10,5,3,0,7,19,18,1,4,12,9,15,18,7,7",0.61310256,0.34628007,0.7793102,3.0,0.016537923,45.100105,0.01771868,1.0,0.01771868,0.34950674,0.0056745484,0.0,0.0,0.016537923,0.001907905,0.8531385,0.34950674,3.7562013,1.3663005,45.100105,0.61310256,3.99191,198.2818,0.0,0.015357165,1.0,198.2818,0.22068977,0.14686151,3.7562013,0.001907905,0.011349097,0.34628007,0.0,1.3663005,3.99191,0.0,0.5724007,0.0,0.011349097,0.5724007,0.583743,0.015357165,1.0,0.0056745484,lookahead,beam_orig2_bm3-s0to100br2-s100to200br0
/work/T-REX/external/Proteina-Complexa/inference/search_binder_local_pipeline_32_PDL1_ALPHA_REPACK_v7_r006_cand_v7r006_hyp_0006_00_001_af1b7530d1b98/job_0_n_186_id_20_beam_orig3_bm2-s0to100br2-s100to200br0/job_0_n_186_id_20_beam_orig3_bm2-s0to100br2-s100to200br0.pdb,83,"2,0,13,16,19,16,19,14,11,3,10,18,19,19,6,18,7,15,2,12,16,9,6,4,11,13,14,19,6,11,5,10,3,10,0,0,10,9,19,18,17,6,12,6,3,11,2,9,9,5,13,19,8,7,6,6,3,10,11,19,5,8,15,15,18,1,5,1,0,1,10,10,11,3,5,10,15,10,7,2,0,0,10,5,9,16,3,19,11,10,5,3,0,7,19,18,1,4,12,9,15,18,7,7,0,3,18,11,1,9,16,19,11,19,2,0,12,10,6,3,3,10,5,6,0,19,6,6,0,11,0,15,3,0,3,10,0,2,6,10,1,6,19,10,1,10,13,1,0,7,11,10,16,14,15,5,6,0,19,0,1,11,0,19,6,6,18,1,0,7,11,11,6,3,0,10,15,18,0,1,13,19,10,1,15,19,0,0,0,0,0,0,0,0,0,0,0,0,0,0,0,0,0,0,0,0,0,0,0,0,0,0,0,0,0,0,0,0",0.518862,0.14345236,0.42195177,3.0,0.18431187,28.78046,0.20441285,1.0,0.20441285,0.21310706,0.17992446,0.0,0.0,0.18431187,0.0012416755,0.8936103,0.21310706,1.2835958,1.4305617,28.78046,0.518862,2.8139033,161.97275,0.1642109,0.1642109,1.0,161.97275,0.5780482,0.106389716,1.2835958,0.0012416755,0.19563802,0.14345236,0.0,1.4305617,2.8139033,0.1642109,0.29837754,0.0,0.19563802,0.29837754,0.77188385,0.1642109,1.0,0.17992446,lookahead,beam_orig3_bm2-s0to100br2-s100to200br0
/work/T-REX/external/Proteina-Complexa/inference/search_binder_local_pipeline_32_PDL1_ALPHA_REPACK_v7_r006_cand_v7r006_hyp_0006_00_001_af1b7530d1b98/job_0_n_190_id_21_beam_orig0_bm3-s0to100br2-s100to200br1/job_0_n_190_id_21_beam_orig0_bm3-s0to100br2-s100to200br1.pdb,84,"2,0,13,16,19,16,19,14,11,3,10,18,19,19,6,18,7,15,2,12,16,9,6,4,11,13,14,19,6,11,5,10,3,10,0,0,10,9,19,18,17,6,12,6,3,11,2,9,9,5,13,19,8,7,6,6,3,10,11,19,5,8,15,15,18,1,5,1,0,1,10,10,11,3,5,10,15,10,7,2,0,0,10,5,9,16,3,19,11,10,5,3,0,7,19,18,1,4,12,9,15,18,7,7,0,3,18,11,1,9,16,19,11,19,2,0,19,3,19,9,11,7,3,15,0,6,13,10,18,2,6,7,2,1,10,11,3,9,7,1,2,3,10,0,6,13,18,18,1,10,0,10,11,10,11,14,3,13,0,6,0,8,2,2,10,7,0,19,10,11,3,10,7,1,10,3,6,0,9,19,6,18,6,6,0,10,11,10,11,14,0,0,0,0,0,0,0,0,0,0,0,0,0,0,0,0,0,0,0,0,0,0,0,0,0,0,0,0",0.6395792,0.21623328,0.63268477,3.0,0.10607317,68.70635,0.123814434,1.0,0.123814434,0.30912778,0.046227135,0.0,0.0,0.10607317,0.014192342,0.8077269,0.30912778,6.22985,1.4734482,68.70635,0.6395792,3.416211,208.98529,0.04548931,0.0883319,1.0,208.98529,0.36731523,0.19227308,6.22985,0.014192342,0.04696496,0.21623328,0.0,1.4734482,3.416211,0.04548931,0.41552114,0.0,0.04696496,0.41552114,0.6846883,0.0883319,1.0,0.046227135,lookahead,beam_orig0_bm3-s0to100br2-s100to200br1
/work/T-REX/external/Proteina-Complexa/inference/search_binder_local_pipeline_32_PDL1_ALPHA_REPACK_v7_r006_cand_v7r006_hyp_0006_00_001_af1b7530d1b98/job_0_n_201_id_21_beam_orig1_bm3-s0to100br3-s100to200br1/job_0_n_201_id_21_beam_orig1_bm3-s0to100br3-s100to200br1.pdb,85,"2,0,13,16,19,16,19,14,11,3,10,18,19,19,6,18,7,15,2,12,16,9,6,4,11,13,14,19,6,11,5,10,3,10,0,0,10,9,19,18,17,6,12,6,3,11,2,9,9,5,13,19,8,7,6,6,3,10,11,19,5,8,15,15,18,1,5,1,0,1,10,10,11,3,5,10,15,10,7,2,0,0,10,5,9,16,3,19,11,10,5,3,0,7,19,18,1,4,12,9,15,18,7,7,0,3,18,11,1,9,16,19,11,19,2,0,15,16,6,9,11,3,6,9,10,1,10,10,14,11,19,11,3,11,3,11,5,1,11,10,13,15,3,10,9,15,11,3,11,11,10,3,18,9,9,1,5,10,19,9,0,10,11,3,5,7,19,10,16,11,3,3,0,6,1,10,10,11,10,0,5,3,3,3,3,9,6,6,15,16,5,9,13,10,1,2,19,9,6,6,10,0,0,0,0,0,0,0,0,0,0,0,0,0,0,0,0,0",0.63793933,0.0880554,0.31637585,3.0,0.38512546,62.410378,0.44150096,1.0,0.44150096,0.16524133,0.38512546,0.0,0.0,0.38512546,0.0022531385,0.91314304,0.16524133,4.8701053,1.4996092,62.410378,0.63793933,3.012523,181.57463,0.32874998,0.32874998,1.0,181.57463,0.68362415,0.086856954,4.8701053,0.0022531385,0.44150096,0.0880554,0.0,1.4996092,3.012523,0.32874998,0.22174993,0.0,0.44150096,0.22174993,0.80596876,0.32874998,1.0,0.38512546,lookahead,beam_orig1_bm3-s0to100br3-s100to200br1
/work/T-REX/external/Proteina-Complexa/inference/search_binder_local_pipeline_32_PDL1_ALPHA_REPACK_v7_r006_cand_v7r006_hyp_0006_00_001_af1b7530d1b98/job_0_n_218_id_21_beam_orig2_bm3-s0to100br2-s100to200br1/job_0_n_218_id_21_beam_orig2_bm3-s0to100br2-s100to200br1.pdb,86,"2,0,13,16,19,16,19,14,11,3,10,18,19,19,6,18,7,15,2,12,16,9,6,4,11,13,14,19,6,11,5,10,3,10,0,0,10,9,19,18,17,6,12,6,3,11,2,9,9,5,13,19,8,7,6,6,3,10,11,19,5,8,15,15,18,1,5,1,0,1,10,10,11,3,5,10,15,10,7,2,0,0,10,5,9,16,3,19,11,10,5,3,0,7,19,18,1,4,12,9,15,18,7,7,0,3,18,11,1,9,16,19,11,19,2,0,13,16,19,16,19,14,11,3,10,18,19,19,6,18,7,15,2,12,16,9,6,4,11,13,14,19,6,11,5,10,3,10,0,0,10,9,19,18,17,6,12,6,3,11,2,9,9,5,13,19,8,7,6,6,3,10,11,19,5,8,15,15,18,1,5,1,0,1,10,10,11,3,5,10,15,10,7,2,0,0,10,5,9,16,3,19,11,10,5,3,0,7,19,18,1,4,12,9,15,18,7,7",0.6106735,0.34827214,0.7784775,3.0,0.015374658,61.35255,0.01685041,1.0,0.01685041,0.34962454,0.0057219933,0.0,0.0,0.015374658,0.001926144,0.85352355,0.34962454,4.440517,1.3689814,61.35255,0.6106735,3.9922476,202.78275,0.0,0.013898905,1.0,202.78275,0.22152251,0.14647643,4.440517,0.001926144,0.011443987,0.34827214,0.0,1.3689814,3.9922476,0.0,0.57241744,0.0,0.011443987,0.57241744,0.58411676,0.013898905,1.0,0.0057219933,lookahead,beam_orig2_bm3-s0to100br2-s100to200br1
/work/T-REX/external/Proteina-Complexa/inference/search_binder_local_pipeline_32_PDL1_ALPHA_REPACK_v7_r006_cand_v7r006_hyp_0006_00_001_af1b7530d1b98/job_0_n_186_id_21_beam_orig3_bm2-s0to100br2-s100to200br1/job_0_n_186_id_21_beam_orig3_bm2-s0to100br2-s100to200br1.pdb,87,"2,0,13,16,19,16,19,14,11,3,10,18,19,19,6,18,7,15,2,12,16,9,6,4,11,13,14,19,6,11,5,10,3,10,0,0,10,9,19,18,17,6,12,6,3,11,2,9,9,5,13,19,8,7,6,6,3,10,11,19,5,8,15,15,18,1,5,1,0,1,10,10,11,3,5,10,15,10,7,2,0,0,10,5,9,16,3,19,11,10,5,3,0,7,19,18,1,4,12,9,15,18,7,7,0,3,18,11,1,9,16,19,11,19,2,0,15,10,19,3,3,10,11,6,0,6,6,11,19,11,7,6,3,6,6,10,0,2,6,10,1,19,0,9,7,12,0,6,11,7,10,10,15,14,14,19,6,0,19,13,1,11,0,19,6,6,10,1,11,7,2,11,6,3,0,10,15,17,9,1,13,7,11,1,15,1,0,0,0,0,0,0,0,0,0,0,0,0,0,0,0,0,0,0,0,0,0,0,0,0,0,0,0,0,0,0,0,0",0.5896267,0.08155927,0.27905935,3.0,0.38732225,46.13693,0.43613565,1.0,0.43613565,0.17141923,0.38732225,0.0,0.0,0.38732225,0.0038603041,0.88747215,0.17141923,3.2419064,1.687492,46.13693,0.5896267,2.394011,186.22852,0.3385088,0.3385088,1.0,186.22852,0.72094065,0.11252782,3.2419064,0.0038603041,0.43613565,0.08155927,0.0,1.687492,2.394011,0.3385088,0.21628454,0.0,0.43613565,0.21628454,0.83091986,0.3385088,1.0,0.38732225,lookahead,beam_orig3_bm2-s0to100br2-s100to200br1
/work/T-REX/external/Proteina-Complexa/inference/search_binder_local_pipeline_32_PDL1_ALPHA_REPACK_v7_r006_cand_v7r006_hyp_0006_00_001_af1b7530d1b98/job_0_n_190_id_22_beam_orig0_bm3-s0to100br2-s100to200br2/job_0_n_190_id_22_beam_orig0_bm3-s0to100br2-s100to200br2.pdb,88,"2,0,13,16,19,16,19,14,11,3,10,18,19,19,6,18,7,15,2,12,16,9,6,4,11,13,14,19,6,11,5,10,3,10,0,0,10,9,19,18,17,6,12,6,3,11,2,9,9,5,13,19,8,7,6,6,3,10,11,19,5,8,15,15,18,1,5,1,0,1,10,10,11,3,5,10,15,10,7,2,0,0,10,5,9,16,3,19,11,10,5,3,0,7,19,18,1,4,12,9,15,18,7,7,0,3,18,11,1,9,16,19,11,19,2,0,19,11,15,11,0,19,11,15,0,6,6,0,18,2,10,7,10,6,18,11,11,0,7,1,10,3,10,0,6,13,18,18,1,9,0,9,11,6,11,14,3,13,0,6,0,8,2,6,10,7,19,19,10,11,6,10,7,1,10,3,3,0,9,6,6,18,6,16,0,10,11,10,11,14,0,0,0,0,0,0,0,0,0,0,0,0,0,0,0,0,0,0,0,0,0,0,0,0,0,0,0,0",0.64911044,0.2690191,0.76680547,3.0,0.031277083,82.56343,0.03324104,1.0,0.03324104,0.37037486,0.013172465,0.0,0.0,0.031277083,0.014051817,0.7941177,0.37037486,5.704154,1.4260634,82.56343,0.64911044,3.6294084,223.06993,0.01284616,0.029313127,1.0,223.06993,0.23319453,0.20588234,5.704154,0.014051817,0.013498771,0.2690191,0.0,1.4260634,3.6294084,0.01284616,0.53237486,0.0,0.013498771,0.53237486,0.63472897,0.029313127,1.0,0.013172465,lookahead,beam_orig0_bm3-s0to100br2-s100to200br2
/work/T-REX/external/Proteina-Complexa/inference/search_binder_local_pipeline_32_PDL1_ALPHA_REPACK_v7_r006_cand_v7r006_hyp_0006_00_001_af1b7530d1b98/job_0_n_201_id_22_beam_orig1_bm3-s0to100br3-s100to200br2/job_0_n_201_id_22_beam_orig1_bm3-s0to100br3-s100to200br2.pdb,89,"2,0,13,16,19,16,19,14,11,3,10,18,19,19,6,18,7,15,2,12,16,9,6,4,11,13,14,19,6,11,5,10,3,10,0,0,10,9,19,18,17,6,12,6,3,11,2,9,9,5,13,19,8,7,6,6,3,10,11,19,5,8,15,15,18,1,5,1,0,1,10,10,11,3,5,10,15,10,7,2,0,0,10,5,9,16,3,19,11,10,5,3,0,7,19,18,1,4,12,9,15,18,7,7,0,3,18,11,1,9,16,19,11,19,2,0,2,11,6,19,11,3,15,10,10,6,10,15,11,18,9,11,3,14,19,10,11,1,6,9,13,15,3,10,9,15,14,11,15,2,10,2,3,19,10,3,1,9,10,16,19,10,6,6,5,11,9,6,2,14,6,11,19,10,15,10,10,3,16,9,6,11,6,16,6,10,15,14,16,10,11,5,11,9,15,16,10,11,11,11,10,0,0,0,0,0,0,0,0,0,0,0,0,0,0,0,0,0",0.636524,0.0874352,0.31761003,3.0,0.38362122,62.23235,0.4233672,1.0,0.4233672,0.16886827,0.38362122,0.0,0.0,0.38362122,0.0020031137,0.9017182,0.16886827,3.4215558,1.6683971,62.23235,0.636524,3.0281699,191.12755,0.34387523,0.34387523,1.0,191.12755,0.68239,0.098281786,3.4215558,0.0020031137,0.4233672,0.0874352,0.0,1.6683971,3.0281699,0.34387523,0.22351223,0.0,0.4233672,0.22351223,0.8181879,0.34387523,1.0,0.38362122,lookahead,beam_orig1_bm3-s0to100br3-s100to200br2
/work/T-REX/external/Proteina-Complexa/inference/search_binder_local_pipeline_32_PDL1_ALPHA_REPACK_v7_r006_cand_v7r006_hyp_0006_00_001_af1b7530d1b98/job_0_n_218_id_22_beam_orig2_bm3-s0to100br2-s100to200br2/job_0_n_218_id_22_beam_orig2_bm3-s0to100br2-s100to200br2.pdb,90,"2,0,13,16,19,16,19,14,11,3,10,18,19,19,6,18,7,15,2,12,16,9,6,4,11,13,14,19,6,11,5,10,3,10,0,0,10,9,19,18,17,6,12,6,3,11,2,9,9,5,13,19,8,7,6,6,3,10,11,19,5,8,15,15,18,1,5,1,0,1,10,10,11,3,5,10,15,10,7,2,0,0,10,5,9,16,3,19,11,10,5,3,0,7,19,18,1,4,12,9,15,18,7,7,0,3,18,11,1,9,16,19,11,19,2,0,13,16,19,16,19,14,11,3,10,18,19,19,6,18,7,15,2,12,16,9,6,4,11,13,14,19,6,11,5,10,3,10,0,0,10,9,19,18,17,6,12,6,3,11,2,9,9,5,13,19,8,7,6,6,3,10,11,19,5,8,15,15,18,1,5,1,0,1,10,10,11,3,5,10,15,10,7,2,0,0,10,5,9,16,3,19,11,10,5,3,0,7,19,18,1,4,12,9,15,18,7,7",0.6127618,0.34542504,0.7782027,3.0,0.01670688,50.885513,0.017930241,1.0,0.017930241,0.34921363,0.005731028,0.0,0.0,0.01670688,0.0019199072,0.8526752,0.34921363,3.6026719,1.3707985,50.885513,0.6127618,3.9874413,201.00671,0.0,0.015483517,1.0,201.00671,0.22179729,0.14732482,3.6026719,0.0019199072,0.011462056,0.34542504,0.0,1.3707985,3.9874413,0.0,0.5712491,0.0,0.011462056,0.5712491,0.5842851,0.015483517,1.0,0.005731028,lookahead,beam_orig2_bm3-s0to100br2-s100to200br2
/work/T-REX/external/Proteina-Complexa/inference/search_binder_local_pipeline_32_PDL1_ALPHA_REPACK_v7_r006_cand_v7r006_hyp_0006_00_001_af1b7530d1b98/job_0_n_186_id_22_beam_orig3_bm2-s0to100br2-s100to200br2/job_0_n_186_id_22_beam_orig3_bm2-s0to100br2-s100to200br2.pdb,91,"2,0,13,16,19,16,19,14,11,3,10,18,19,19,6,18,7,15,2,12,16,9,6,4,11,13,14,19,6,11,5,10,3,10,0,0,10,9,19,18,17,6,12,6,3,11,2,9,9,5,13,19,8,7,6,6,3,10,11,19,5,8,15,15,18,1,5,1,0,1,10,10,11,3,5,10,15,10,7,2,0,0,10,5,9,16,3,19,11,10,5,3,0,7,19,18,1,4,12,9,15,18,7,7,0,3,18,11,1,9,16,19,11,19,2,0,15,10,19,3,3,10,5,3,0,10,6,11,0,11,0,15,3,0,6,10,0,3,6,10,6,9,0,10,11,10,0,11,0,7,11,10,2,0,15,5,6,15,19,10,5,11,0,19,6,10,18,1,0,7,5,11,6,3,0,10,15,17,19,1,13,19,10,1,15,19,0,0,0,0,0,0,0,0,0,0,0,0,0,0,0,0,0,0,0,0,0,0,0,0,0,0,0,0,0,0,0,0",0.5431397,0.18441637,0.51737595,3.0,0.12867206,31.979382,0.1417356,1.0,0.1417356,0.25359088,0.087043285,0.0,0.0,0.12867206,0.0006086162,0.8706447,0.25359088,2.127678,1.4926237,31.979382,0.5431397,3.081943,176.61362,0.08009713,0.11560851,1.0,176.61362,0.48262402,0.12935534,2.127678,0.0006086162,0.09398944,0.18441637,0.0,1.4926237,3.081943,0.08009713,0.36159626,0.0,0.09398944,0.36159626,0.7371846,0.11560851,1.0,0.087043285,lookahead,beam_orig3_bm2-s0to100br2-s100to200br2
/work/T-REX/external/Proteina-Complexa/inference/search_binder_local_pipeline_32_PDL1_ALPHA_REPACK_v7_r006_cand_v7r006_hyp_0006_00_001_af1b7530d1b98/job_0_n_190_id_23_beam_orig0_bm3-s0to100br2-s100to200br3/job_0_n_190_id_23_beam_orig0_bm3-s0to100br2-s100to200br3.pdb,92,"2,0,13,16,19,16,19,14,11,3,10,18,19,19,6,18,7,15,2,12,16,9,6,4,11,13,14,19,6,11,5,10,3,10,0,0,10,9,19,18,17,6,12,6,3,11,2,9,9,5,13,19,8,7,6,6,3,10,11,19,5,8,15,15,18,1,5,1,0,1,10,10,11,3,5,10,15,10,7,2,0,0,10,5,9,16,3,19,11,10,5,3,0,7,19,18,1,4,12,9,15,18,7,7,0,3,18,11,1,9,16,19,11,19,2,0,19,11,16,10,14,0,11,15,0,6,19,0,18,2,2,7,2,10,10,11,3,0,7,1,10,3,6,0,6,13,18,18,1,9,0,10,11,6,11,14,3,13,0,6,0,8,2,2,10,7,0,19,10,1,3,15,7,1,10,3,6,0,9,11,6,18,6,6,0,10,11,10,11,14,0,0,0,0,0,0,0,0,0,0,0,0,0,0,0,0,0,0,0,0,0,0,0,0,0,0,0,0",0.63456285,0.28622004,0.74395466,3.0,0.035175208,121.1845,0.036448065,1.0,0.036448065,0.35051396,0.013269159,0.0,0.0,0.035175208,0.0051364624,0.8139257,0.35051396,20.583176,1.3692849,121.1845,0.63456285,3.7055984,229.54237,0.012745781,0.03390235,1.0,229.54237,0.25604537,0.1860743,20.583176,0.0051364624,0.013792537,0.28622004,0.0,1.3692849,3.7055984,0.012745781,0.51654434,0.0,0.013792537,0.51654434,0.64238703,0.03390235,1.0,0.013269159,lookahead,beam_orig0_bm3-s0to100br2-s100to200br3
/work/T-REX/external/Proteina-Complexa/inference/search_binder_local_pipeline_32_PDL1_ALPHA_REPACK_v7_r006_cand_v7r006_hyp_0006_00_001_af1b7530d1b98/job_0_n_201_id_23_beam_orig1_bm3-s0to100br3-s100to200br3/job_0_n_201_id_23_beam_orig1_bm3-s0to100br3-s100to200br3.pdb,93,"2,0,13,16,19,16,19,14,11,3,10,18,19,19,6,18,7,15,2,12,16,9,6,4,11,13,14,19,6,11,5,10,3,10,0,0,10,9,19,18,17,6,12,6,3,11,2,9,9,5,13,19,8,7,6,6,3,10,11,19,5,8,15,15,18,1,5,1,0,1,10,10,11,3,5,10,15,10,7,2,0,0,10,5,9,16,3,19,11,10,5,3,0,7,19,18,1,4,12,9,15,18,7,7,0,3,18,11,1,9,16,19,11,19,2,0,14,16,6,10,11,3,10,0,13,6,19,10,1,11,19,6,3,11,3,10,19,1,6,9,16,6,9,9,16,11,11,6,19,3,19,3,10,10,0,6,11,10,9,19,0,9,2,11,15,15,2,10,15,11,6,6,11,11,6,18,10,6,1,10,10,15,2,14,6,10,15,6,6,16,11,6,11,9,11,10,0,10,15,11,10,0,0,0,0,0,0,0,0,0,0,0,0,0,0,0,0,0",0.62137455,0.20825963,0.59050024,3.0,0.121570304,47.66002,0.13318773,1.0,0.13318773,0.2604411,0.060053896,0.0,0.0,0.121570304,0.0016070955,0.8635485,0.2604411,2.6344728,1.6453516,47.66002,0.62137455,3.6143732,199.60832,0.055234104,0.10995288,1.0,199.60832,0.40949976,0.13645151,2.6344728,0.0016070955,0.06487369,0.20825963,0.0,1.6453516,3.6143732,0.055234104,0.38594612,0.0,0.06487369,0.38594612,0.690138,0.10995288,1.0,0.060053896,lookahead,beam_orig1_bm3-s0to100br3-s100to200br3
/work/T-REX/external/Proteina-Complexa/inference/search_binder_local_pipeline_32_PDL1_ALPHA_REPACK_v7_r006_cand_v7r006_hyp_0006_00_001_af1b7530d1b98/job_0_n_218_id_23_beam_orig2_bm3-s0to100br2-s100to200br3/job_0_n_218_id_23_beam_orig2_bm3-s0to100br2-s100to200br3.pdb,94,"2,0,13,16,19,16,19,14,11,3,10,18,19,19,6,18,7,15,2,12,16,9,6,4,11,13,14,19,6,11,5,10,3,10,0,0,10,9,19,18,17,6,12,6,3,11,2,9,9,5,13,19,8,7,6,6,3,10,11,19,5,8,15,15,18,1,5,1,0,1,10,10,11,3,5,10,15,10,7,2,0,0,10,5,9,16,3,19,11,10,5,3,0,7,19,18,1,4,12,9,15,18,7,7,0,3,18,11,1,9,16,19,11,19,2,0,13,16,19,16,19,14,11,3,10,18,19,19,6,18,7,15,2,12,16,9,6,4,11,13,14,19,6,11,5,10,3,10,0,0,10,9,19,18,17,6,12,6,3,11,2,9,9,5,13,19,8,7,6,6,3,10,11,19,5,8,15,15,18,1,5,1,0,1,10,10,11,3,5,10,15,10,7,2,0,0,10,5,9,16,3,19,11,10,5,3,0,7,19,18,1,4,12,9,15,18,7,7",0.6124051,0.3458674,0.7771938,3.0,0.016780412,59.892944,0.018104829,1.0,0.018104829,0.34822178,0.0057253675,0.0,0.0,0.016780412,0.0018689984,0.85371554,0.34822178,4.684528,1.3658926,59.892944,0.6124051,3.98642,196.27402,0.0,0.015455995,1.0,196.27402,0.22280622,0.14628443,4.684528,0.0018689984,0.011450735,0.3458674,0.0,1.3658926,3.98642,0.0,0.570166,0.0,0.011450735,0.570166,0.5848572,0.015455995,1.0,0.0057253675,lookahead,beam_orig2_bm3-s0to100br2-s100to200br3
/work/T-REX/external/Proteina-Complexa/inference/search_binder_local_pipeline_32_PDL1_ALPHA_REPACK_v7_r006_cand_v7r006_hyp_0006_00_001_af1b7530d1b98/job_0_n_186_id_23_beam_orig3_bm2-s0to100br2-s100to200br3/job_0_n_186_id_23_beam_orig3_bm2-s0to100br2-s100to200br3.pdb,95,"2,0,13,16,19,16,19,14,11,3,10,18,19,19,6,18,7,15,2,12,16,9,6,4,11,13,14,19,6,11,5,10,3,10,0,0,10,9,19,18,17,6,12,6,3,11,2,9,9,5,13,19,8,7,6,6,3,10,11,19,5,8,15,15,18,1,5,1,0,1,10,10,11,3,5,10,15,10,7,2,0,0,10,5,9,16,3,19,11,10,5,3,0,7,19,18,1,4,12,9,15,18,7,7,0,3,18,11,1,9,16,19,11,19,2,0,15,10,10,3,1,0,6,3,10,18,5,1,19,11,0,5,3,0,6,10,0,10,10,10,11,6,0,9,7,6,10,11,11,14,3,10,8,14,15,19,0,15,19,9,6,11,0,9,11,6,18,6,0,2,5,14,19,3,0,11,15,17,10,1,13,0,10,1,15,1,0,0,0,0,0,0,0,0,0,0,0,0,0,0,0,0,0,0,0,0,0,0,0,0,0,0,0,0,0,0,0,0",0.5215471,0.21461992,0.5413546,3.0,0.10302737,50.706238,0.10994254,1.0,0.10994254,0.2782501,0.039158646,0.0,0.0,0.10302737,0.0016566081,0.85976577,0.2782501,3.5145764,1.5413426,50.706238,0.5215471,3.1766245,184.5654,0.015712239,0.0961122,1.0,184.5654,0.4586454,0.1402342,3.5145764,0.0016566081,0.06260505,0.21461992,0.0,1.5413426,3.1766245,0.015712239,0.3935122,0.0,0.06260505,0.3935122,0.7266005,0.0961122,1.0,0.039158646,lookahead,beam_orig3_bm2-s0to100br2-s100to200br3
/work/T-REX/external/Proteina-Complexa/inference/search_binder_local_pipeline_32_PDL1_ALPHA_REPACK_v7_r006_cand_v7r006_hyp_0006_00_001_af1b7530d1b98/job_0_n_190_id_24_beam_orig0_bm2-s0to100br0-s100to200br0/job_0_n_190_id_24_beam_orig0_bm2-s0to100br0-s100to200br0.pdb,96,"2,0,13,16,19,16,19,14,11,3,10,18,19,19,6,18,7,15,2,12,16,9,6,4,11,13,14,19,6,11,5,10,3,10,0,0,10,9,19,18,17,6,12,6,3,11,2,9,9,5,13,19,8,7,6,6,3,10,11,19,5,8,15,15,18,1,5,1,0,1,10,10,11,3,5,10,15,10,7,2,0,0,10,5,9,16,3,19,11,10,5,3,0,7,19,18,1,4,12,9,15,18,7,7,0,3,18,11,1,9,16,19,11,19,2,0,0,3,13,19,11,3,10,6,15,14,3,6,11,19,1,18,2,0,19,13,7,10,7,1,9,7,7,6,11,0,19,6,14,10,4,11,19,10,6,3,6,11,6,8,0,15,19,1,10,19,0,6,11,9,10,11,3,9,7,7,6,11,0,3,11,0,9,6,11,0,11,0,1,11,0,0,0,0,0,0,0,0,0,0,0,0,0,0,0,0,0,0,0,0,0,0,0,0,0,0,0,0",0.62845314,0.31134602,0.75168526,3.0,0.030056098,112.16865,0.03481159,1.0,0.03481159,0.36240748,0.012285847,0.0,0.0,0.030056098,0.010375863,0.7895034,0.36240748,11.273785,1.6223247,112.16865,0.62845314,3.6203146,234.72011,0.011453215,0.025300607,1.0,234.72011,0.24831474,0.2104966,11.273785,0.010375863,0.01311848,0.31134602,0.0,1.6223247,3.6203146,0.011453215,0.5291309,0.0,0.01311848,0.5291309,0.64415586,0.025300607,1.0,0.012285847,lookahead,beam_orig0_bm2-s0to100br0-s100to200br0
/work/T-REX/external/Proteina-Complexa/inference/search_binder_local_pipeline_32_PDL1_ALPHA_REPACK_v7_r006_cand_v7r006_hyp_0006_00_001_af1b7530d1b98/job_0_n_201_id_24_beam_orig1_bm0-s0to100br3-s100to200br0/job_0_n_201_id_24_beam_orig1_bm0-s0to100br3-s100to200br0.pdb,97,"2,0,13,16,19,16,19,14,11,3,10,18,19,19,6,18,7,15,2,12,16,9,6,4,11,13,14,19,6,11,5,10,3,10,0,0,10,9,19,18,17,6,12,6,3,11,2,9,9,5,13,19,8,7,6,6,3,10,11,19,5,8,15,15,18,1,5,1,0,1,10,10,11,3,5,10,15,10,7,2,0,0,10,5,9,16,3,19,11,10,5,3,0,7,19,18,1,4,12,9,15,18,7,7,0,3,18,11,1,9,16,19,11,19,2,0,12,16,11,6,6,0,9,6,10,2,11,6,7,15,11,10,19,19,5,7,2,18,3,6,0,9,11,2,18,6,6,0,10,11,9,18,6,6,10,2,3,11,6,7,10,11,1,19,11,0,2,18,6,10,10,0,11,5,10,6,11,6,7,2,11,6,11,0,6,11,9,1,5,11,0,11,6,9,6,6,11,9,11,11,10,0,0,0,0,0,0,0,0,0,0,0,0,0,0,0,0,0",0.5974291,0.41239017,0.823918,3.0,0.0057433504,119.154366,0.0060484014,1.0,0.0060484014,0.40308443,0.0,0.0,0.0,0.0057433504,0.004001154,0.8561572,0.40308443,22.381487,1.3602124,119.154366,0.5974291,4.080566,265.16302,0.0,0.0054382994,1.0,265.16302,0.17608202,0.14384282,22.381487,0.004001154,0.0,0.41239017,0.0,1.3602124,4.080566,0.0,0.64419127,0.0,0.0,0.64419127,0.58614874,0.0054382994,1.0,0.0,lookahead,beam_orig1_bm0-s0to100br3-s100to200br0
/work/T-REX/external/Proteina-Complexa/inference/search_binder_local_pipeline_32_PDL1_ALPHA_REPACK_v7_r006_cand_v7r006_hyp_0006_00_001_af1b7530d1b98/job_0_n_218_id_24_beam_orig2_bm3-s0to100br3-s100to200br0/job_0_n_218_id_24_beam_orig2_bm3-s0to100br3-s100to200br0.pdb,98,"2,0,13,16,19,16,19,14,11,3,10,18,19,19,6,18,7,15,2,12,16,9,6,4,11,13,14,19,6,11,5,10,3,10,0,0,10,9,19,18,17,6,12,6,3,11,2,9,9,5,13,19,8,7,6,6,3,10,11,19,5,8,15,15,18,1,5,1,0,1,10,10,11,3,5,10,15,10,7,2,0,0,10,5,9,16,3,19,11,10,5,3,0,7,19,18,1,4,12,9,15,18,7,7,0,3,18,11,1,9,16,19,11,19,2,0,2,0,13,16,19,16,19,14,11,3,10,18,19,19,6,18,7,15,2,12,16,9,6,4,11,13,14,19,6,11,5,10,3,10,0,0,10,9,19,18,17,6,12,6,3,11,2,9,9,5,13,19,8,7,6,6,3,10,11,19,5,8,15,15,18,1,5,1,0,1,10,10,11,3,5,10,15,10,7,2,0,0,10,5,9,16,3,19,11,10,5,3,0,7,19,18,1,4,12,9,15,18",0.61171126,0.3312998,0.75275373,3.0,0.029891782,72.04798,0.03161547,1.0,0.03161547,0.33831275,0.0060261767,0.0,0.0,0.029891782,0.00267613,0.8545701,0.33831275,5.263876,1.3905677,72.04798,0.61171126,3.9289055,205.27663,0.0,0.028168093,1.0,205.27663,0.24724628,0.14542992,5.263876,0.00267613,0.0120523535,0.3312998,0.0,1.3905677,3.9289055,0.0,0.5473111,0.0,0.0120523535,0.5473111,0.59651065,0.028168093,1.0,0.0060261767,lookahead,beam_orig2_bm3-s0to100br3-s100to200br0
/work/T-REX/external/Proteina-Complexa/inference/search_binder_local_pipeline_32_PDL1_ALPHA_REPACK_v7_r006_cand_v7r006_hyp_0006_00_001_af1b7530d1b98/job_0_n_186_id_24_beam_orig3_bm1-s0to100br2-s100to200br0/job_0_n_186_id_24_beam_orig3_bm1-s0to100br2-s100to200br0.pdb,99,"2,0,13,16,19,16,19,14,11,3,10,18,19,19,6,18,7,15,2,12,16,9,6,4,11,13,14,19,6,11,5,10,3,10,0,0,10,9,19,18,17,6,12,6,3,11,2,9,9,5,13,19,8,7,6,6,3,10,11,19,5,8,15,15,18,1,5,1,0,1,10,10,11,3,5,10,15,10,7,2,0,0,10,5,9,16,3,19,11,10,5,3,0,7,19,18,1,4,12,9,15,18,7,7,0,3,18,11,1,9,16,19,11,19,2,0,15,17,11,16,6,2,15,10,11,10,18,2,11,10,6,11,0,11,2,6,6,6,1,1,11,19,19,15,3,0,10,11,3,13,7,11,6,6,16,9,11,9,10,6,6,9,10,6,10,10,14,6,8,3,14,13,9,14,10,18,11,11,18,9,11,6,10,11,6,15,0,0,0,0,0,0,0,0,0,0,0,0,0,0,0,0,0,0,0,0,0,0,0,0,0,0,0,0,0,0,0,0",0.59388703,0.45689726,0.8340936,3.0,0.0055644386,126.92054,0.005777698,1.0,0.005777698,0.47144297,0.0,0.0,0.0,0.0055644386,0.0038514794,0.70785207,0.47144297,16.921219,2.235671,126.92054,0.59388703,4.2411275,251.95023,0.0,0.0053511793,1.0,251.95023,0.16590646,0.29214793,16.921219,0.0038514794,0.0,0.45689726,0.0,2.235671,4.2411275,0.0,0.6628178,0.0,0.0,0.6628178,0.61904573,0.0053511793,1.0,0.0,lookahead,beam_orig3_bm1-s0to100br2-s100to200br0
/work/T-REX/external/Proteina-Complexa/inference/search_binder_local_pipeline_32_PDL1_ALPHA_REPACK_v7_r006_cand_v7r006_hyp_0006_00_001_af1b7530d1b98/job_0_n_190_id_25_beam_orig0_bm2-s0to100br0-s100to200br1/job_0_n_190_id_25_beam_orig0_bm2-s0to100br0-s100to200br1.pdb,100,"2,0,13,16,19,16,19,14,11,3,10,18,19,19,6,18,7,15,2,12,16,9,6,4,11,13,14,19,6,11,5,10,3,10,0,0,10,9,19,18,17,6,12,6,3,11,2,9,9,5,13,19,8,7,6,6,3,10,11,19,5,8,15,15,18,1,5,1,0,1,10,10,11,3,5,10,15,10,7,2,0,0,10,5,9,16,3,19,11,10,5,3,0,7,19,18,1,4,12,9,15,18,7,7,0,3,18,11,1,9,16,19,11,19,2,0,5,6,13,19,11,2,10,6,15,6,3,6,11,19,1,0,2,0,19,13,7,10,7,11,9,7,7,6,1,0,19,6,14,10,15,11,19,9,6,2,6,11,6,8,14,15,19,1,0,19,0,6,11,9,10,1,3,9,7,7,6,11,0,2,11,0,9,6,11,18,11,15,1,10,0,0,0,0,0,0,0,0,0,0,0,0,0,0,0,0,0,0,0,0,0,0,0,0,0,0,0,0",0.515603,0.14311083,0.41318583,3.0,0.20534405,114.22498,0.23546627,1.0,0.23546627,0.23406471,0.20050259,0.0,0.0,0.20534405,0.009694161,0.8324809,0.23406471,11.679261,1.8391315,114.22498,0.515603,2.8038726,254.22835,0.17174608,0.17522185,1.0,254.22835,0.58681417,0.16751908,11.679261,0.009694161,0.2292591,0.14311083,0.0,1.8391315,2.8038726,0.17174608,0.3095198,0.0,0.2292591,0.3095198,0.78214073,0.17522185,1.0,0.20050259,lookahead,beam_orig0_bm2-s0to100br0-s100to200br1
/work/T-REX/external/Proteina-Complexa/inference/search_binder_local_pipeline_32_PDL1_ALPHA_REPACK_v7_r006_cand_v7r006_hyp_0006_00_001_af1b7530d1b98/job_0_n_201_id_25_beam_orig1_bm0-s0to100br3-s100to200br1/job_0_n_201_id_25_beam_orig1_bm0-s0to100br3-s100to200br1.pdb,101,"2,0,13,16,19,16,19,14,11,3,10,18,19,19,6,18,7,15,2,12,16,9,6,4,11,13,14,19,6,11,5,10,3,10,0,0,10,9,19,18,17,6,12,6,3,11,2,9,9,5,13,19,8,7,6,6,3,10,11,19,5,8,15,15,18,1,5,1,0,1,10,10,11,3,5,10,15,10,7,2,0,0,10,5,9,16,3,19,11,10,5,3,0,7,19,18,1,4,12,9,15,18,7,7,0,3,18,11,1,9,16,19,11,19,2,0,12,16,11,6,6,0,6,11,10,10,11,6,0,2,11,13,9,9,11,7,2,13,3,6,0,19,11,11,10,6,6,0,11,6,9,18,11,11,10,11,3,11,6,7,10,11,11,19,0,16,10,18,6,13,9,0,11,6,18,6,11,6,7,2,16,6,11,0,6,11,13,18,11,11,0,11,6,19,6,11,6,0,2,6,10,0,0,0,0,0,0,0,0,0,0,0,0,0,0,0,0,0",0.618088,0.3356706,0.77554035,3.0,0.01856919,119.03638,0.026234383,1.0,0.026234383,0.35366917,0.0,0.0,0.0,0.01856919,0.0030222922,0.8671329,0.35366917,20.647238,1.2482846,119.03638,0.618088,3.7690876,255.70134,0.0,0.010903999,1.0,255.70134,0.22445968,0.13286711,20.647238,0.0030222922,0.0,0.3356706,0.0,1.2482846,3.7690876,0.0,0.5637917,0.0,0.0,0.5637917,0.60304505,0.010903999,1.0,0.0,lookahead,beam_orig1_bm0-s0to100br3-s100to200br1
/work/T-REX/external/Proteina-Complexa/inference/search_binder_local_pipeline_32_PDL1_ALPHA_REPACK_v7_r006_cand_v7r006_hyp_0006_00_001_af1b7530d1b98/job_0_n_218_id_25_beam_orig2_bm3-s0to100br3-s100to200br1/job_0_n_218_id_25_beam_orig2_bm3-s0to100br3-s100to200br1.pdb,102,"2,0,13,16,19,16,19,14,11,3,10,18,19,19,6,18,7,15,2,12,16,9,6,4,11,13,14,19,6,11,5,10,3,10,0,0,10,9,19,18,17,6,12,6,3,11,2,9,9,5,13,19,8,7,6,6,3,10,11,19,5,8,15,15,18,1,5,1,0,1,10,10,11,3,5,10,15,10,7,2,0,0,10,5,9,16,3,19,11,10,5,3,0,7,19,18,1,4,12,9,15,18,7,7,0,3,18,11,1,9,16,19,11,19,2,0,2,0,13,16,19,16,19,14,11,3,10,18,19,19,6,18,7,15,2,12,16,9,6,4,11,13,14,19,6,11,5,10,3,10,0,0,10,9,19,18,17,6,12,6,3,11,2,9,9,5,13,19,8,7,6,6,3,10,11,19,5,8,15,15,18,1,5,1,0,1,10,10,11,3,5,10,15,10,7,2,0,0,10,5,9,16,3,19,11,10,5,3,0,7,19,18,1,4,12,9,15,18",0.6151128,0.3350713,0.75463116,3.0,0.03031322,71.27566,0.032386277,1.0,0.032386277,0.33770096,0.0060220184,0.0,0.0,0.03031322,0.0026442462,0.85558337,0.33770096,5.0973487,1.3787618,71.27566,0.6151128,3.9303932,194.11166,0.0,0.028240165,1.0,194.11166,0.24536884,0.14441665,5.0973487,0.0026442462,0.012044037,0.3350713,0.0,1.3787618,3.9303932,0.0,0.5471472,0.0,0.012044037,0.5471472,0.59566116,0.028240165,1.0,0.0060220184,lookahead,beam_orig2_bm3-s0to100br3-s100to200br1
/work/T-REX/external/Proteina-Complexa/inference/search_binder_local_pipeline_32_PDL1_ALPHA_REPACK_v7_r006_cand_v7r006_hyp_0006_00_001_af1b7530d1b98/job_0_n_186_id_25_beam_orig3_bm1-s0to100br2-s100to200br1/job_0_n_186_id_25_beam_orig3_bm1-s0to100br2-s100to200br1.pdb,103,"2,0,13,16,19,16,19,14,11,3,10,18,19,19,6,18,7,15,2,12,16,9,6,4,11,13,14,19,6,11,5,10,3,10,0,0,10,9,19,18,17,6,12,6,3,11,2,9,9,5,13,19,8,7,6,6,3,10,11,19,5,8,15,15,18,1,5,1,0,1,10,10,11,3,5,10,15,10,7,2,0,0,10,5,9,16,3,19,11,10,5,3,0,7,19,18,1,4,12,9,15,18,7,7,0,3,18,11,1,9,16,19,11,19,2,0,19,5,10,15,14,3,0,5,2,9,10,3,1,18,2,0,7,16,14,9,15,3,9,10,2,6,10,6,3,9,11,6,11,11,7,11,3,19,0,9,5,19,19,6,6,10,10,15,19,10,14,0,8,15,14,13,9,14,6,13,11,0,18,10,6,11,10,11,11,6,0,0,0,0,0,0,0,0,0,0,0,0,0,0,0,0,0,0,0,0,0,0,0,0,0,0,0,0,0,0,0,0",0.63039726,0.29477692,0.789269,3.0,0.012604512,42.499847,0.016239606,1.0,0.016239606,0.38961115,0.012503619,0.0,0.0,0.012604512,0.0021703157,0.797864,0.38961115,5.5486426,1.7626866,42.499847,0.63039726,3.9823775,198.4021,0.011731414,0.008969418,1.0,198.4021,0.21073106,0.20213597,5.5486426,0.0021703157,0.0132758245,0.29477692,0.0,1.7626866,3.9823775,0.011731414,0.56611073,0.0,0.0132758245,0.56611073,0.63690543,0.008969418,1.0,0.012503619,lookahead,beam_orig3_bm1-s0to100br2-s100to200br1
/work/T-REX/external/Proteina-Complexa/inference/search_binder_local_pipeline_32_PDL1_ALPHA_REPACK_v7_r006_cand_v7r006_hyp_0006_00_001_af1b7530d1b98/job_0_n_190_id_26_beam_orig0_bm2-s0to100br0-s100to200br2/job_0_n_190_id_26_beam_orig0_bm2-s0to100br0-s100to200br2.pdb,104,"2,0,13,16,19,16,19,14,11,3,10,18,19,19,6,18,7,15,2,12,16,9,6,4,11,13,14,19,6,11,5,10,3,10,0,0,10,9,19,18,17,6,12,6,3,11,2,9,9,5,13,19,8,7,6,6,3,10,11,19,5,8,15,15,18,1,5,1,0,1,10,10,11,3,5,10,15,10,7,2,0,0,10,5,9,16,3,19,11,10,5,3,0,7,19,18,1,4,12,9,15,18,7,7,0,3,18,11,1,9,16,19,11,19,2,0,14,10,10,19,11,7,10,11,8,6,15,6,15,19,1,2,8,0,0,13,0,10,7,1,9,7,3,6,6,0,19,6,14,10,19,9,0,10,2,3,6,11,6,16,14,6,19,11,8,15,10,6,11,0,10,6,9,9,7,7,6,11,0,6,11,0,10,11,6,18,1,0,11,2,0,0,0,0,0,0,0,0,0,0,0,0,0,0,0,0,0,0,0,0,0,0,0,0,0,0,0,0",0.6323541,0.36353564,0.7963884,3.0,0.013697407,121.37164,0.02113027,1.0,0.02113027,0.38920453,0.0076611396,0.0,0.0,0.013697407,0.007146859,0.78297186,0.38920453,18.237183,1.6397942,121.37164,0.6323541,3.9748633,240.78261,0.0,0.006264545,1.0,240.78261,0.20361161,0.21702811,18.237183,0.007146859,0.015322279,0.36353564,0.0,1.6397942,3.9748633,0.0,0.5759259,0.0,0.015322279,0.5759259,0.62593174,0.006264545,1.0,0.0076611396,lookahead,beam_orig0_bm2-s0to100br0-s100to200br2
/work/T-REX/external/Proteina-Complexa/inference/search_binder_local_pipeline_32_PDL1_ALPHA_REPACK_v7_r006_cand_v7r006_hyp_0006_00_001_af1b7530d1b98/job_0_n_201_id_26_beam_orig1_bm0-s0to100br3-s100to200br2/job_0_n_201_id_26_beam_orig1_bm0-s0to100br3-s100to200br2.pdb,105,"2,0,13,16,19,16,19,14,11,3,10,18,19,19,6,18,7,15,2,12,16,9,6,4,11,13,14,19,6,11,5,10,3,10,0,0,10,9,19,18,17,6,12,6,3,11,2,9,9,5,13,19,8,7,6,6,3,10,11,19,5,8,15,15,18,1,5,1,0,1,10,10,11,3,5,10,15,10,7,2,0,0,10,5,9,16,3,19,11,10,5,3,0,7,19,18,1,4,12,9,15,18,7,7,0,3,18,11,1,9,16,19,11,19,2,0,15,3,11,0,6,0,9,11,18,13,11,6,7,2,6,6,10,10,11,7,2,10,3,6,0,19,6,3,10,6,11,0,10,6,10,18,11,11,19,11,3,11,6,7,19,11,5,19,0,19,10,18,11,13,9,7,6,6,18,11,11,5,7,2,10,3,11,0,5,6,10,18,6,11,0,6,6,0,6,11,10,0,2,6,10,0,0,0,0,0,0,0,0,0,0,0,0,0,0,0,0,0",0.5897478,0.086064264,0.27450716,3.0,0.38291043,27.262001,0.42883736,1.0,0.42883736,0.14381702,0.38291043,0.0,0.0,0.38291043,0.0007606633,0.93901277,0.14381702,1.2952067,1.1972231,27.262001,0.5897478,2.239898,156.39056,0.3369835,0.3369835,1.0,156.39056,0.72549284,0.060987234,1.2952067,0.0007606633,0.42883736,0.086064264,0.0,1.1972231,2.239898,0.3369835,0.2049234,0.0,0.42883736,0.2049234,0.82590115,0.3369835,1.0,0.38291043,lookahead,beam_orig1_bm0-s0to100br3-s100to200br2
/work/T-REX/external/Proteina-Complexa/inference/search_binder_local_pipeline_32_PDL1_ALPHA_REPACK_v7_r006_cand_v7r006_hyp_0006_00_001_af1b7530d1b98/job_0_n_218_id_26_beam_orig2_bm3-s0to100br3-s100to200br2/job_0_n_218_id_26_beam_orig2_bm3-s0to100br3-s100to200br2.pdb,106,"2,0,13,16,19,16,19,14,11,3,10,18,19,19,6,18,7,15,2,12,16,9,6,4,11,13,14,19,6,11,5,10,3,10,0,0,10,9,19,18,17,6,12,6,3,11,2,9,9,5,13,19,8,7,6,6,3,10,11,19,5,8,15,15,18,1,5,1,0,1,10,10,11,3,5,10,15,10,7,2,0,0,10,5,9,16,3,19,11,10,5,3,0,7,19,18,1,4,12,9,15,18,7,7,0,3,18,11,1,9,16,19,11,19,2,0,2,0,13,16,19,16,19,14,11,3,10,18,19,19,6,18,7,15,2,12,16,9,6,4,11,13,14,19,6,11,5,10,3,10,0,0,10,9,19,18,17,6,12,6,3,11,2,9,9,5,13,19,8,7,6,6,3,10,11,19,5,8,15,15,18,1,5,1,0,1,10,10,11,3,5,10,15,10,7,2,0,0,10,5,9,16,3,19,11,10,5,3,0,7,19,18,1,4,12,9,15,18",0.61103565,0.33501095,0.7557263,3.0,0.027701452,73.60268,0.02859116,1.0,0.02859116,0.3395634,0.005901325,0.0,0.0,0.027701452,0.0026081374,0.85521084,0.3395634,5.5523376,1.3862913,73.60268,0.61103565,3.9334464,201.42029,0.0,0.026811745,1.0,201.42029,0.2442737,0.14478914,5.5523376,0.0026081374,0.01180265,0.33501095,0.0,1.3862913,3.9334464,0.0,0.5502552,0.0,0.01180265,0.5502552,0.5951328,0.026811745,1.0,0.005901325,lookahead,beam_orig2_bm3-s0to100br3-s100to200br2
/work/T-REX/external/Proteina-Complexa/inference/search_binder_local_pipeline_32_PDL1_ALPHA_REPACK_v7_r006_cand_v7r006_hyp_0006_00_001_af1b7530d1b98/job_0_n_186_id_26_beam_orig3_bm1-s0to100br2-s100to200br2/job_0_n_186_id_26_beam_orig3_bm1-s0to100br2-s100to200br2.pdb,107,"2,0,13,16,19,16,19,14,11,3,10,18,19,19,6,18,7,15,2,12,16,9,6,4,11,13,14,19,6,11,5,10,3,10,0,0,10,9,19,18,17,6,12,6,3,11,2,9,9,5,13,19,8,7,6,6,3,10,11,19,5,8,15,15,18,1,5,1,0,1,10,10,11,3,5,10,15,10,7,2,0,0,10,5,9,16,3,19,11,10,5,3,0,7,19,18,1,4,12,9,15,18,7,7,0,3,18,11,1,9,16,19,11,19,2,0,12,16,10,15,3,11,0,11,6,10,10,1,9,9,6,16,0,15,15,13,5,6,19,19,6,0,10,6,2,10,11,11,6,19,7,19,3,6,16,9,19,9,10,3,6,19,10,15,19,10,14,15,18,8,14,18,9,14,5,10,11,0,13,11,11,11,10,6,0,6,0,0,0,0,0,0,0,0,0,0,0,0,0,0,0,0,0,0,0,0,0,0,0,0,0,0,0,0,0,0,0,0",0.6361058,0.29617175,0.79522014,3.0,0.012169873,42.618633,0.015345639,1.0,0.015345639,0.38859725,0.01295377,0.0,0.0,0.012169873,0.0060732993,0.81766915,0.38859725,5.467182,1.6105249,42.618633,0.6361058,4.064411,197.48137,0.0126416655,0.008994109,1.0,197.48137,0.20477985,0.18233082,5.467182,0.0060732993,0.013265875,0.29617175,0.0,1.6105249,4.064411,0.0126416655,0.5688943,0.0,0.013265875,0.5688943,0.6322701,0.008994109,1.0,0.01295377,lookahead,beam_orig3_bm1-s0to100br2-s100to200br2
/work/T-REX/external/Proteina-Complexa/inference/search_binder_local_pipeline_32_PDL1_ALPHA_REPACK_v7_r006_cand_v7r006_hyp_0006_00_001_af1b7530d1b98/job_0_n_190_id_27_beam_orig0_bm2-s0to100br0-s100to200br3/job_0_n_190_id_27_beam_orig0_bm2-s0to100br0-s100to200br3.pdb,108,"2,0,13,16,19,16,19,14,11,3,10,18,19,19,6,18,7,15,2,12,16,9,6,4,11,13,14,19,6,11,5,10,3,10,0,0,10,9,19,18,17,6,12,6,3,11,2,9,9,5,13,19,8,7,6,6,3,10,11,19,5,8,15,15,18,1,5,1,0,1,10,10,11,3,5,10,15,10,7,2,0,0,10,5,9,16,3,19,11,10,5,3,0,7,19,18,1,4,12,9,15,18,7,7,0,3,18,11,1,9,16,19,11,19,2,0,15,16,10,19,11,10,10,5,8,14,3,6,2,19,1,0,2,0,19,13,0,10,7,11,9,2,3,6,1,0,19,6,14,10,10,11,19,10,6,2,6,11,6,8,14,2,19,10,2,5,0,6,11,9,10,1,3,9,7,2,6,3,8,8,11,1,9,6,0,9,11,11,11,1,0,0,0,0,0,0,0,0,0,0,0,0,0,0,0,0,0,0,0,0,0,0,0,0,0,0,0,0",0.5809991,0.35245663,0.7343161,3.0,0.023936322,125.472466,0.04152994,1.0,0.04152994,0.4149761,0.006940929,0.0,0.0,0.023936322,0.010025304,0.6795052,0.4149761,15.100951,2.3180096,125.472466,0.5809991,3.9701767,273.14975,0.0,0.006342704,1.0,273.14975,0.2656839,0.32049477,15.100951,0.010025304,0.013881858,0.35245663,0.0,2.3180096,3.9701767,0.0,0.5444114,0.0,0.013881858,0.5444114,0.6479163,0.006342704,1.0,0.006940929,lookahead,beam_orig0_bm2-s0to100br0-s100to200br3
/work/T-REX/external/Proteina-Complexa/inference/search_binder_local_pipeline_32_PDL1_ALPHA_REPACK_v7_r006_cand_v7r006_hyp_0006_00_001_af1b7530d1b98/job_0_n_201_id_27_beam_orig1_bm0-s0to100br3-s100to200br3/job_0_n_201_id_27_beam_orig1_bm0-s0to100br3-s100to200br3.pdb,109,"2,0,13,16,19,16,19,14,11,3,10,18,19,19,6,18,7,15,2,12,16,9,6,4,11,13,14,19,6,11,5,10,3,10,0,0,10,9,19,18,17,6,12,6,3,11,2,9,9,5,13,19,8,7,6,6,3,10,11,19,5,8,15,15,18,1,5,1,0,1,10,10,11,3,5,10,15,10,7,2,0,0,10,5,9,16,3,19,11,10,5,3,0,7,19,18,1,4,12,9,15,18,7,7,0,3,18,11,1,9,16,19,11,19,2,0,15,15,11,2,10,0,9,3,18,13,2,1,7,2,9,18,16,10,10,7,2,18,3,10,0,19,11,3,18,6,6,0,10,11,9,18,6,0,9,7,3,16,6,7,10,11,11,19,10,13,0,18,6,13,10,0,11,18,18,6,2,5,7,2,10,0,6,0,6,11,10,1,6,11,0,11,0,9,6,6,11,9,11,2,10,0,0,0,0,0,0,0,0,0,0,0,0,0,0,0,0,0",0.5984571,0.13766731,0.451877,3.0,0.2147508,130.83215,0.22632296,1.0,0.22632296,0.20266874,0.2105712,0.0,0.0,0.2147508,0.0015039227,0.7236144,0.20266874,21.060162,1.3507966,130.83215,0.5984571,3.5340674,290.10837,0.19928706,0.20317863,1.0,290.10837,0.548123,0.2763856,21.060162,0.0015039227,0.22185536,0.13766731,0.0,1.3507966,3.5340674,0.19928706,0.29410923,0.0,0.22185536,0.29410923,0.7556529,0.20317863,1.0,0.2105712,lookahead,beam_orig1_bm0-s0to100br3-s100to200br3
/work/T-REX/external/Proteina-Complexa/inference/search_binder_local_pipeline_32_PDL1_ALPHA_REPACK_v7_r006_cand_v7r006_hyp_0006_00_001_af1b7530d1b98/job_0_n_218_id_27_beam_orig2_bm3-s0to100br3-s100to200br3/job_0_n_218_id_27_beam_orig2_bm3-s0to100br3-s100to200br3.pdb,110,"2,0,13,16,19,16,19,14,11,3,10,18,19,19,6,18,7,15,2,12,16,9,6,4,11,13,14,19,6,11,5,10,3,10,0,0,10,9,19,18,17,6,12,6,3,11,2,9,9,5,13,19,8,7,6,6,3,10,11,19,5,8,15,15,18,1,5,1,0,1,10,10,11,3,5,10,15,10,7,2,0,0,10,5,9,16,3,19,11,10,5,3,0,7,19,18,1,4,12,9,15,18,7,7,0,3,18,11,1,9,16,19,11,19,2,0,2,0,13,16,19,16,19,14,11,3,10,18,19,19,6,18,7,15,2,12,16,9,6,4,11,13,14,19,6,11,5,10,3,10,0,0,10,9,19,18,17,6,12,6,3,11,2,9,9,5,13,19,8,7,6,6,3,10,11,19,5,8,15,15,18,1,5,1,0,1,10,10,11,3,5,10,15,10,7,2,0,0,10,5,9,16,3,19,11,10,5,3,0,7,19,18,1,4,12,9,15,18",0.61237174,0.33272588,0.75380343,3.0,0.028942175,70.2799,0.030619958,1.0,0.030619958,0.33790395,0.005948872,0.0,0.0,0.028942175,0.0026734495,0.8558475,0.33790395,5.1048045,1.3830076,70.2799,0.61237174,3.9273992,200.68011,0.0,0.027264392,1.0,200.68011,0.24619657,0.14415255,5.1048045,0.0026734495,0.011897744,0.33272588,0.0,1.3830076,3.9273992,0.0,0.54727554,0.0,0.011897744,0.54727554,0.59628856,0.027264392,1.0,0.005948872,lookahead,beam_orig2_bm3-s0to100br3-s100to200br3
/work/T-REX/external/Proteina-Complexa/inference/search_binder_local_pipeline_32_PDL1_ALPHA_REPACK_v7_r006_cand_v7r006_hyp_0006_00_001_af1b7530d1b98/job_0_n_186_id_27_beam_orig3_bm1-s0to100br2-s100to200br3/job_0_n_186_id_27_beam_orig3_bm1-s0to100br2-s100to200br3.pdb,111,"2,0,13,16,19,16,19,14,11,3,10,18,19,19,6,18,7,15,2,12,16,9,6,4,11,13,14,19,6,11,5,10,3,10,0,0,10,9,19,18,17,6,12,6,3,11,2,9,9,5,13,19,8,7,6,6,3,10,11,19,5,8,15,15,18,1,5,1,0,1,10,10,11,3,5,10,15,10,7,2,0,0,10,5,9,16,3,19,11,10,5,3,0,7,19,18,1,4,12,9,15,18,7,7,0,3,18,11,1,9,16,19,11,19,2,0,7,13,11,10,11,6,15,6,6,10,13,11,10,9,6,6,7,0,15,6,15,3,9,19,3,13,19,11,2,9,10,11,6,11,7,11,3,19,0,9,6,19,19,6,6,19,10,2,9,10,14,15,18,8,14,18,9,14,10,10,11,11,9,10,6,6,10,11,15,0,0,0,0,0,0,0,0,0,0,0,0,0,0,0,0,0,0,0,0,0,0,0,0,0,0,0,0,0,0,0,0,0",0.6453136,0.29355654,0.79447335,3.0,0.014750408,70.28389,0.019234085,1.0,0.019234085,0.3801136,0.013229091,0.0,0.0,0.014750408,0.0021131763,0.841443,0.3801136,5.48055,1.4458026,70.28389,0.6453136,4.0292444,183.15616,0.012865002,0.010266731,1.0,183.15616,0.20552665,0.158557,5.48055,0.0021131763,0.013593179,0.29355654,0.0,1.4458026,4.0292444,0.012865002,0.5611468,0.0,0.013593179,0.5611468,0.6321739,0.010266731,1.0,0.013229091,lookahead,beam_orig3_bm1-s0to100br2-s100to200br3
/work/T-REX/external/Proteina-Complexa/inference/search_binder_local_pipeline_32_PDL1_ALPHA_REPACK_v7_r006_cand_v7r006_hyp_0006_00_001_af1b7530d1b98/job_0_n_190_id_28_beam_orig0_bm3-s0to100br3-s100to200br0/job_0_n_190_id_28_beam_orig0_bm3-s0to100br3-s100to200br0.pdb,112,"2,0,13,16,19,16,19,14,11,3,10,18,19,19,6,18,7,15,2,12,16,9,6,4,11,13,14,19,6,11,5,10,3,10,0,0,10,9,19,18,17,6,12,6,3,11,2,9,9,5,13,19,8,7,6,6,3,10,11,19,5,8,15,15,18,1,5,1,0,1,10,10,11,3,5,10,15,10,7,2,0,0,10,5,9,16,3,19,11,10,5,3,0,7,19,18,1,4,12,9,15,18,7,7,0,3,18,11,1,9,16,19,11,19,2,0,9,15,19,2,18,15,14,13,3,9,0,1,18,19,6,1,6,10,11,15,14,13,3,10,11,11,9,13,0,9,9,5,15,19,0,1,6,12,7,11,6,10,11,14,7,11,14,10,11,0,6,7,13,3,15,10,3,16,19,6,10,1,2,1,19,10,1,1,10,11,6,10,6,6,0,0,0,0,0,0,0,0,0,0,0,0,0,0,0,0,0,0,0,0,0,0,0,0,0,0,0,0",0.5824521,0.3153759,0.7048788,3.0,0.034280077,80.531044,0.046772994,1.0,0.046772994,0.35647103,0.012121683,0.0,0.0,0.034280077,0.0034100404,0.77679896,0.35647103,4.0684566,1.9556394,80.531044,0.5824521,3.6832006,227.66827,0.011165634,0.021787155,1.0,227.66827,0.2951212,0.22320102,4.0684566,0.0034100404,0.013077732,0.3153759,0.0,1.9556394,3.6832006,0.011165634,0.50914615,0.0,0.013077732,0.50914615,0.6595215,0.021787155,1.0,0.012121683,lookahead,beam_orig0_bm3-s0to100br3-s100to200br0
/work/T-REX/external/Proteina-Complexa/inference/search_binder_local_pipeline_32_PDL1_ALPHA_REPACK_v7_r006_cand_v7r006_hyp_0006_00_001_af1b7530d1b98/job_0_n_201_id_28_beam_orig1_bm3-s0to100br0-s100to200br0/job_0_n_201_id_28_beam_orig1_bm3-s0to100br0-s100to200br0.pdb,113,"2,0,13,16,19,16,19,14,11,3,10,18,19,19,6,18,7,15,2,12,16,9,6,4,11,13,14,19,6,11,5,10,3,10,0,0,10,9,19,18,17,6,12,6,3,11,2,9,9,5,13,19,8,7,6,6,3,10,11,19,5,8,15,15,18,1,5,1,0,1,10,10,11,3,5,10,15,10,7,2,0,0,10,5,9,16,3,19,11,10,5,3,0,7,19,18,1,4,12,9,15,18,7,7,0,3,18,11,1,9,16,19,11,19,2,0,15,2,13,18,5,6,11,0,11,6,10,13,3,15,15,15,3,14,19,3,10,19,18,11,12,11,3,18,4,10,6,11,11,10,15,9,3,15,13,6,6,9,18,11,15,0,2,6,10,18,2,0,11,18,11,14,11,10,15,11,6,3,18,8,11,6,10,6,10,6,18,11,0,18,1,6,0,9,6,6,10,11,11,19,10,0,0,0,0,0,0,0,0,0,0,0,0,0,0,0,0,0",0.55108124,0.26060757,0.60865986,3.0,0.08491106,36.008625,0.094584234,1.0,0.094584234,0.30206004,0.012452174,0.0,0.0,0.08491106,0.004560646,0.82760215,0.30206004,2.6063018,1.8956335,36.008625,0.55108124,3.4352465,197.88945,0.012135323,0.075237885,1.0,197.88945,0.3913401,0.17239782,2.6063018,0.004560646,0.012769026,0.26060757,0.0,1.8956335,3.4352465,0.012135323,0.44681963,0.0,0.012769026,0.44681963,0.67775714,0.075237885,1.0,0.012452174,lookahead,beam_orig1_bm3-s0to100br0-s100to200br0
/work/T-REX/external/Proteina-Complexa/inference/search_binder_local_pipeline_32_PDL1_ALPHA_REPACK_v7_r006_cand_v7r006_hyp_0006_00_001_af1b7530d1b98/job_0_n_218_id_28_beam_orig2_bm3-s0to100br0-s100to200br0/job_0_n_218_id_28_beam_orig2_bm3-s0to100br0-s100to200br0.pdb,114,"2,0,13,16,19,16,19,14,11,3,10,18,19,19,6,18,7,15,2,12,16,9,6,4,11,13,14,19,6,11,5,10,3,10,0,0,10,9,19,18,17,6,12,6,3,11,2,9,9,5,13,19,8,7,6,6,3,10,11,19,5,8,15,15,18,1,5,1,0,1,10,10,11,3,5,10,15,10,7,2,0,0,10,5,9,16,3,19,11,10,5,3,0,7,19,18,1,4,12,9,15,18,7,7,0,3,18,11,1,9,16,19,11,19,2,0,0,13,16,19,16,19,14,11,3,10,18,19,19,6,18,7,15,2,12,16,9,6,4,11,13,14,19,6,11,5,10,3,10,0,0,10,9,19,18,17,6,12,6,3,11,2,9,9,5,13,19,8,7,6,6,3,10,11,19,5,8,15,15,18,1,5,1,0,1,10,10,11,3,5,10,15,10,7,2,0,0,10,5,9,16,3,19,11,10,5,3,0,7,19,18,1,4,12,9,15,18,7",0.61158854,0.34165782,0.7685963,3.0,0.021046687,48.117104,0.021219531,1.0,0.021219531,0.34465918,0.005754388,0.0,0.0,0.021046687,0.0020428195,0.8536919,0.34465918,4.5345526,1.3666185,48.117104,0.61158854,3.9594698,197.0686,0.0,0.02087384,1.0,197.0686,0.23140372,0.14630811,4.5345526,0.0020428195,0.011508776,0.34165782,0.0,1.3666185,3.9594698,0.0,0.56235266,0.0,0.011508776,0.56235266,0.5891336,0.02087384,1.0,0.005754388,lookahead,beam_orig2_bm3-s0to100br0-s100to200br0
/work/T-REX/external/Proteina-Complexa/inference/search_binder_local_pipeline_32_PDL1_ALPHA_REPACK_v7_r006_cand_v7r006_hyp_0006_00_001_af1b7530d1b98/job_0_n_186_id_28_beam_orig3_bm0-s0to100br0-s100to200br0/job_0_n_186_id_28_beam_orig3_bm0-s0to100br0-s100to200br0.pdb,115,"2,0,13,16,19,16,19,14,11,3,10,18,19,19,6,18,7,15,2,12,16,9,6,4,11,13,14,19,6,11,5,10,3,10,0,0,10,9,19,18,17,6,12,6,3,11,2,9,9,5,13,19,8,7,6,6,3,10,11,19,5,8,15,15,18,1,5,1,0,1,10,10,11,3,5,10,15,10,7,2,0,0,10,5,9,16,3,19,11,10,5,3,0,7,19,18,1,4,12,9,15,18,7,7,0,3,18,11,1,9,16,19,11,19,2,0,5,6,0,9,6,3,18,2,1,0,9,6,10,11,14,3,13,3,11,0,18,13,6,1,7,11,0,18,6,0,10,2,6,10,3,10,0,9,11,3,18,2,16,19,10,6,11,13,14,2,15,6,2,1,2,10,0,9,3,6,10,9,11,19,11,0,11,11,0,11,0,0,0,0,0,0,0,0,0,0,0,0,0,0,0,0,0,0,0,0,0,0,0,0,0,0,0,0,0,0,0,0",0.5242102,0.18954185,0.5847599,3.0,0.08896977,64.934814,0.102063775,1.0,0.102063775,0.31773114,0.022258084,0.0,0.0,0.08896977,0.004738738,0.82855237,0.31773114,3.5225627,1.7982202,64.934814,0.5242102,3.5997183,186.14551,0.016344808,0.07587576,1.0,186.14551,0.4152401,0.17144763,3.5225627,0.004738738,0.02817136,0.18954185,0.0,1.7982202,3.5997183,0.016344808,0.44189933,0.0,0.02817136,0.44189933,0.7119711,0.07587576,1.0,0.022258084,lookahead,beam_orig3_bm0-s0to100br0-s100to200br0
/work/T-REX/external/Proteina-Complexa/inference/search_binder_local_pipeline_32_PDL1_ALPHA_REPACK_v7_r006_cand_v7r006_hyp_0006_00_001_af1b7530d1b98/job_0_n_190_id_29_beam_orig0_bm3-s0to100br3-s100to200br1/job_0_n_190_id_29_beam_orig0_bm3-s0to100br3-s100to200br1.pdb,116,"2,0,13,16,19,16,19,14,11,3,10,18,19,19,6,18,7,15,2,12,16,9,6,4,11,13,14,19,6,11,5,10,3,10,0,0,10,9,19,18,17,6,12,6,3,11,2,9,9,5,13,19,8,7,6,6,3,10,11,19,5,8,15,15,18,1,5,1,0,1,10,10,11,3,5,10,15,10,7,2,0,0,10,5,9,16,3,19,11,10,5,3,0,7,19,18,1,4,12,9,15,18,7,7,0,3,18,11,1,9,16,19,11,19,2,0,19,5,13,16,7,18,14,9,13,6,10,3,1,13,2,1,6,11,7,18,2,13,3,10,11,18,10,5,11,0,19,6,15,9,0,1,3,12,7,11,6,13,3,14,15,11,16,13,5,6,4,7,13,3,7,5,3,16,6,6,10,1,11,1,10,3,11,10,4,11,6,6,19,6,0,0,0,0,0,0,0,0,0,0,0,0,0,0,0,0,0,0,0,0,0,0,0,0,0,0,0,0",0.5625636,0.16675296,0.46090794,3.0,0.17838036,68.21262,0.1931393,1.0,0.1931393,0.2332882,0.16796023,0.0,0.0,0.17838036,0.0049779993,0.828321,0.2332882,3.2817562,1.9233072,68.21262,0.5625636,3.049577,198.09976,0.16131122,0.16362141,1.0,198.09976,0.53909206,0.17167905,3.2817562,0.0049779993,0.17460921,0.16675296,0.0,1.9233072,3.049577,0.16131122,0.30717865,0.0,0.17460921,0.30717865,0.7631332,0.16362141,1.0,0.16796023,lookahead,beam_orig0_bm3-s0to100br3-s100to200br1
/work/T-REX/external/Proteina-Complexa/inference/search_binder_local_pipeline_32_PDL1_ALPHA_REPACK_v7_r006_cand_v7r006_hyp_0006_00_001_af1b7530d1b98/job_0_n_201_id_29_beam_orig1_bm3-s0to100br0-s100to200br1/job_0_n_201_id_29_beam_orig1_bm3-s0to100br0-s100to200br1.pdb,117,"2,0,13,16,19,16,19,14,11,3,10,18,19,19,6,18,7,15,2,12,16,9,6,4,11,13,14,19,6,11,5,10,3,10,0,0,10,9,19,18,17,6,12,6,3,11,2,9,9,5,13,19,8,7,6,6,3,10,11,19,5,8,15,15,18,1,5,1,0,1,10,10,11,3,5,10,15,10,7,2,0,0,10,5,9,16,3,19,11,10,5,3,0,7,19,18,1,4,12,9,15,18,7,7,0,3,18,11,1,9,16,19,11,19,2,0,15,6,6,10,15,2,5,9,11,6,16,10,10,0,6,11,6,16,14,19,11,16,10,0,13,9,1,11,5,10,3,0,7,19,3,13,3,16,19,13,11,0,18,15,19,0,13,15,6,15,11,0,6,10,9,0,11,10,7,6,6,11,13,10,1,13,5,6,6,19,13,19,13,13,11,2,6,15,6,11,6,11,11,7,10,0,0,0,0,0,0,0,0,0,0,0,0,0,0,0,0,0",0.54324734,0.1131365,0.33810186,3.0,0.2949552,37.981293,0.33557636,1.0,0.33557636,0.19660842,0.29461628,0.0,0.0,0.2949552,0.007498608,0.8736314,0.19660842,2.818581,1.6723057,37.981293,0.54324734,2.5798311,184.18137,0.2536562,0.25433403,1.0,184.18137,0.66189814,0.1263686,2.818581,0.007498608,0.33557636,0.1131365,0.0,1.6723057,2.5798311,0.2536562,0.25886068,0.0,0.33557636,0.25886068,0.8004906,0.25433403,1.0,0.29461628,lookahead,beam_orig1_bm3-s0to100br0-s100to200br1
/work/T-REX/external/Proteina-Complexa/inference/search_binder_local_pipeline_32_PDL1_ALPHA_REPACK_v7_r006_cand_v7r006_hyp_0006_00_001_af1b7530d1b98/job_0_n_218_id_29_beam_orig2_bm3-s0to100br0-s100to200br1/job_0_n_218_id_29_beam_orig2_bm3-s0to100br0-s100to200br1.pdb,118,"2,0,13,16,19,16,19,14,11,3,10,18,19,19,6,18,7,15,2,12,16,9,6,4,11,13,14,19,6,11,5,10,3,10,0,0,10,9,19,18,17,6,12,6,3,11,2,9,9,5,13,19,8,7,6,6,3,10,11,19,5,8,15,15,18,1,5,1,0,1,10,10,11,3,5,10,15,10,7,2,0,0,10,5,9,16,3,19,11,10,5,3,0,7,19,18,1,4,12,9,15,18,7,7,0,3,18,11,1,9,16,19,11,19,2,0,0,13,16,19,16,19,14,11,3,10,18,19,19,6,18,7,15,2,12,16,9,6,4,11,13,14,19,6,11,5,10,3,10,0,0,10,9,19,18,17,6,12,6,3,11,2,9,9,5,13,19,8,7,6,6,3,10,11,19,5,8,15,15,18,1,5,1,0,1,10,10,11,3,5,10,15,10,7,2,0,0,10,5,9,16,3,19,11,10,5,3,0,7,19,18,1,4,12,9,15,18,7",0.61229277,0.33939958,0.7656654,3.0,0.022728069,55.694046,0.023452645,1.0,0.023452645,0.34336105,0.0058437716,0.0,0.0,0.022728069,0.0020396155,0.8525976,0.34336105,4.718071,1.3717445,55.694046,0.61229277,3.9494193,209.04349,0.0,0.022003492,1.0,209.04349,0.23433456,0.14740244,4.718071,0.0020396155,0.011687543,0.33939958,0.0,1.3717445,3.9494193,0.0,0.5589334,0.0,0.011687543,0.5589334,0.5906507,0.022003492,1.0,0.0058437716,lookahead,beam_orig2_bm3-s0to100br0-s100to200br1
/work/T-REX/external/Proteina-Complexa/inference/search_binder_local_pipeline_32_PDL1_ALPHA_REPACK_v7_r006_cand_v7r006_hyp_0006_00_001_af1b7530d1b98/job_0_n_186_id_29_beam_orig3_bm0-s0to100br0-s100to200br1/job_0_n_186_id_29_beam_orig3_bm0-s0to100br0-s100to200br1.pdb,119,"2,0,13,16,19,16,19,14,11,3,10,18,19,19,6,18,7,15,2,12,16,9,6,4,11,13,14,19,6,11,5,10,3,10,0,0,10,9,19,18,17,6,12,6,3,11,2,9,9,5,13,19,8,7,6,6,3,10,11,19,5,8,15,15,18,1,5,1,0,1,10,10,11,3,5,10,15,10,7,2,0,0,10,5,9,16,3,19,11,10,5,3,0,7,19,18,1,4,12,9,15,18,7,7,0,3,18,11,1,9,16,19,11,19,2,0,15,6,0,9,6,0,18,11,11,0,9,6,10,3,14,2,13,3,11,0,8,13,2,10,7,11,0,18,6,0,6,7,2,10,15,6,0,6,11,6,18,10,9,19,10,3,11,13,14,2,15,6,10,1,11,3,0,13,3,6,10,9,11,19,11,2,11,10,0,11,0,0,0,0,0,0,0,0,0,0,0,0,0,0,0,0,0,0,0,0,0,0,0,0,0,0,0,0,0,0,0,0",0.4871225,0.15449643,0.42571378,3.0,0.17749515,64.67896,0.22312409,1.0,0.22312409,0.23489958,0.16927908,0.0,0.0,0.17749515,0.001912702,0.89827645,0.23489958,2.3065457,1.4197179,64.67896,0.4871225,3.264457,158.85443,0.11795638,0.13186623,1.0,158.85443,0.5742862,0.10172356,2.3065457,0.001912702,0.2206018,0.15449643,0.0,1.4197179,3.264457,0.11795638,0.3289433,0.0,0.2206018,0.3289433,0.7663768,0.13186623,1.0,0.16927908,lookahead,beam_orig3_bm0-s0to100br0-s100to200br1
/work/T-REX/external/Proteina-Complexa/inference/search_binder_local_pipeline_32_PDL1_ALPHA_REPACK_v7_r006_cand_v7r006_hyp_0006_00_001_af1b7530d1b98/job_0_n_190_id_30_beam_orig0_bm3-s0to100br3-s100to200br2/job_0_n_190_id_30_beam_orig0_bm3-s0to100br3-s100to200br2.pdb,120,"2,0,13,16,19,16,19,14,11,3,10,18,19,19,6,18,7,15,2,12,16,9,6,4,11,13,14,19,6,11,5,10,3,10,0,0,10,9,19,18,17,6,12,6,3,11,2,9,9,5,13,19,8,7,6,6,3,10,11,19,5,8,15,15,18,1,5,1,0,1,10,10,11,3,5,10,15,10,7,2,0,0,10,5,9,16,3,19,11,10,5,3,0,7,19,18,1,4,12,9,15,18,7,7,0,3,18,11,1,9,16,19,11,19,2,0,10,3,16,2,18,15,7,10,5,13,19,3,18,19,11,1,11,18,11,10,11,0,11,10,15,18,10,10,15,9,19,5,15,11,0,6,6,10,7,11,6,10,10,14,7,11,14,10,11,15,5,7,13,3,15,3,3,10,19,18,10,1,3,0,9,19,11,6,13,6,6,6,11,15,0,0,0,0,0,0,0,0,0,0,0,0,0,0,0,0,0,0,0,0,0,0,0,0,0,0,0,0",0.61297697,0.36785978,0.7880422,3.0,0.011688191,125.766106,0.017353801,1.0,0.017353801,0.3996008,0.0,0.0,0.0,0.011688191,0.022651391,0.79091334,0.3996008,10.1314745,1.6807724,125.766106,0.61297697,3.8468404,246.00279,0.0,0.006022581,1.0,246.00279,0.21195784,0.20908667,10.1314745,0.022651391,0.0,0.36785978,0.0,1.6807724,3.8468404,0.0,0.58077455,0.0,0.0,0.58077455,0.6298604,0.006022581,1.0,0.0,lookahead,beam_orig0_bm3-s0to100br3-s100to200br2
/work/T-REX/external/Proteina-Complexa/inference/search_binder_local_pipeline_32_PDL1_ALPHA_REPACK_v7_r006_cand_v7r006_hyp_0006_00_001_af1b7530d1b98/job_0_n_201_id_30_beam_orig1_bm3-s0to100br0-s100to200br2/job_0_n_201_id_30_beam_orig1_bm3-s0to100br0-s100to200br2.pdb,121,"2,0,13,16,19,16,19,14,11,3,10,18,19,19,6,18,7,15,2,12,16,9,6,4,11,13,14,19,6,11,5,10,3,10,0,0,10,9,19,18,17,6,12,6,3,11,2,9,9,5,13,19,8,7,6,6,3,10,11,19,5,8,15,15,18,1,5,1,0,1,10,10,11,3,5,10,15,10,7,2,0,0,10,5,9,16,3,19,11,10,5,3,0,7,19,18,1,4,12,9,15,18,7,7,0,3,18,11,1,9,16,19,11,19,2,0,15,6,6,9,10,6,11,9,6,6,9,19,11,6,15,15,16,19,19,6,0,12,5,11,0,6,6,13,7,11,6,11,2,10,15,3,3,6,16,6,11,10,9,10,15,19,2,2,11,11,10,16,5,10,11,15,5,10,15,15,6,3,18,8,11,6,5,6,11,0,13,2,18,10,19,2,10,15,11,6,18,18,11,11,11,0,0,0,0,0,0,0,0,0,0,0,0,0,0,0,0,0",0.74819535,0.048175566,0.18247122,3.0,0.6347045,34.555912,0.66639984,1.0,0.66639984,0.13393341,0.6347045,0.0,0.0,0.6347045,0.0110592665,0.9124902,0.13393341,0.97513574,1.6662946,34.555912,0.74819535,2.0991805,163.58792,0.60300905,0.60300905,1.0,163.58792,0.8175288,0.08750983,0.97513574,0.0110592665,0.66639984,0.048175566,0.0,1.6662946,2.0991805,0.60300905,0.16021594,0.0,0.66639984,0.16021594,0.87409496,0.60300905,1.0,0.6347045,lookahead,beam_orig1_bm3-s0to100br0-s100to200br2
/work/T-REX/external/Proteina-Complexa/inference/search_binder_local_pipeline_32_PDL1_ALPHA_REPACK_v7_r006_cand_v7r006_hyp_0006_00_001_af1b7530d1b98/job_0_n_218_id_30_beam_orig2_bm3-s0to100br0-s100to200br2/job_0_n_218_id_30_beam_orig2_bm3-s0to100br0-s100to200br2.pdb,122,"2,0,13,16,19,16,19,14,11,3,10,18,19,19,6,18,7,15,2,12,16,9,6,4,11,13,14,19,6,11,5,10,3,10,0,0,10,9,19,18,17,6,12,6,3,11,2,9,9,5,13,19,8,7,6,6,3,10,11,19,5,8,15,15,18,1,5,1,0,1,10,10,11,3,5,10,15,10,7,2,0,0,10,5,9,16,3,19,11,10,5,3,0,7,19,18,1,4,12,9,15,18,7,7,0,3,18,11,1,9,16,19,11,19,2,0,0,13,16,19,16,19,14,11,3,10,18,19,19,6,18,7,15,2,12,16,9,6,4,11,13,14,19,6,11,5,10,3,10,0,0,10,9,19,18,17,6,12,6,3,11,2,9,9,5,13,19,8,7,6,6,3,10,11,19,5,8,15,15,18,1,5,1,0,1,10,10,11,3,5,10,15,10,7,2,0,0,10,5,9,16,3,19,11,10,5,3,0,7,19,18,1,4,12,9,15,18,7",0.61086226,0.33906427,0.76425856,3.0,0.02220301,57.51169,0.022506056,1.0,0.022506056,0.3426338,0.0056835427,0.0,0.0,0.02220301,0.0020164615,0.85286415,0.3426338,4.8850555,1.3737473,57.51169,0.61086226,3.945841,209.837,0.0,0.021899961,1.0,209.837,0.23574144,0.14713588,4.8850555,0.0020164615,0.011367085,0.33906427,0.0,1.3737473,3.945841,0.0,0.5577286,0.0,0.011367085,0.5577286,0.5909978,0.021899961,1.0,0.0056835427,lookahead,beam_orig2_bm3-s0to100br0-s100to200br2
/work/T-REX/external/Proteina-Complexa/inference/search_binder_local_pipeline_32_PDL1_ALPHA_REPACK_v7_r006_cand_v7r006_hyp_0006_00_001_af1b7530d1b98/job_0_n_186_id_30_beam_orig3_bm0-s0to100br0-s100to200br2/job_0_n_186_id_30_beam_orig3_bm0-s0to100br0-s100to200br2.pdb,123,"2,0,13,16,19,16,19,14,11,3,10,18,19,19,6,18,7,15,2,12,16,9,6,4,11,13,14,19,6,11,5,10,3,10,0,0,10,9,19,18,17,6,12,6,3,11,2,9,9,5,13,19,8,7,6,6,3,10,11,19,5,8,15,15,18,1,5,1,0,1,10,10,11,3,5,10,15,10,7,2,0,0,10,5,9,16,3,19,11,10,5,3,0,7,19,18,1,4,12,9,15,18,7,7,0,3,18,11,1,9,16,19,11,19,2,0,6,6,0,9,0,3,18,15,1,0,9,6,10,2,14,2,13,0,11,0,18,13,6,1,7,11,0,18,6,0,10,2,1,10,3,6,0,19,11,3,18,2,16,19,10,6,11,13,14,6,16,6,6,0,11,6,0,19,3,5,10,9,1,9,11,7,11,0,11,9,0,0,0,0,0,0,0,0,0,0,0,0,0,0,0,0,0,0,0,0,0,0,0,0,0,0,0,0,0,0,0,0",0.4950316,0.31834477,0.68226767,3.0,0.022172894,87.78729,0.032609217,1.0,0.032609217,0.3845055,0.012735668,0.0,0.0,0.022172894,0.005505014,0.8197794,0.3845055,5.3039746,1.5843643,87.78729,0.4950316,3.755089,190.38841,0.010960615,0.011736574,1.0,190.38841,0.31773233,0.18022063,5.3039746,0.005505014,0.01451072,0.31834477,0.0,1.5843643,3.755089,0.010960615,0.5505428,0.0,0.01451072,0.5505428,0.6723124,0.011736574,1.0,0.012735668,lookahead,beam_orig3_bm0-s0to100br0-s100to200br2
/work/T-REX/external/Proteina-Complexa/inference/search_binder_local_pipeline_32_PDL1_ALPHA_REPACK_v7_r006_cand_v7r006_hyp_0006_00_001_af1b7530d1b98/job_0_n_190_id_31_beam_orig0_bm3-s0to100br3-s100to200br3/job_0_n_190_id_31_beam_orig0_bm3-s0to100br3-s100to200br3.pdb,124,"2,0,13,16,19,16,19,14,11,3,10,18,19,19,6,18,7,15,2,12,16,9,6,4,11,13,14,19,6,11,5,10,3,10,0,0,10,9,19,18,17,6,12,6,3,11,2,9,9,5,13,19,8,7,6,6,3,10,11,19,5,8,15,15,18,1,5,1,0,1,10,10,11,3,5,10,15,10,7,2,0,0,10,5,9,16,3,19,11,10,5,3,0,7,19,18,1,4,12,9,15,18,7,7,0,3,18,11,1,9,16,19,11,19,2,0,0,7,15,2,3,15,14,13,10,13,19,3,11,18,9,11,6,2,11,15,11,13,3,9,11,6,10,10,11,9,19,6,15,19,0,11,6,12,7,11,6,13,5,14,15,11,15,13,11,6,12,7,13,3,15,10,3,16,19,6,10,6,11,1,9,11,11,1,19,11,6,10,6,6,0,0,0,0,0,0,0,0,0,0,0,0,0,0,0,0,0,0,0,0,0,0,0,0,0,0,0,0",0.6227618,0.3057019,0.7714935,3.0,0.021491703,124.1432,0.028530888,1.0,0.028530888,0.39729866,0.012718994,0.0,0.0,0.021491703,0.020225545,0.72365755,0.39729866,17.541105,2.1698997,124.1432,0.6227618,3.8056746,260.90338,0.011874966,0.014452519,1.0,260.90338,0.2285065,0.27634245,17.541105,0.020225545,0.013563022,0.3057019,0.0,2.1698997,3.8056746,0.011874966,0.5559702,0.0,0.013563022,0.5559702,0.6347013,0.014452519,1.0,0.012718994,lookahead,beam_orig0_bm3-s0to100br3-s100to200br3
/work/T-REX/external/Proteina-Complexa/inference/search_binder_local_pipeline_32_PDL1_ALPHA_REPACK_v7_r006_cand_v7r006_hyp_0006_00_001_af1b7530d1b98/job_0_n_201_id_31_beam_orig1_bm3-s0to100br0-s100to200br3/job_0_n_201_id_31_beam_orig1_bm3-s0to100br0-s100to200br3.pdb,125,"2,0,13,16,19,16,19,14,11,3,10,18,19,19,6,18,7,15,2,12,16,9,6,4,11,13,14,19,6,11,5,10,3,10,0,0,10,9,19,18,17,6,12,6,3,11,2,9,9,5,13,19,8,7,6,6,3,10,11,19,5,8,15,15,18,1,5,1,0,1,10,10,11,3,5,10,15,10,7,2,0,0,10,5,9,16,3,19,11,10,5,3,0,7,19,18,1,4,12,9,15,18,7,7,0,3,18,11,1,9,16,19,11,19,2,0,13,6,11,11,10,6,6,13,11,6,0,10,1,3,3,14,18,3,16,11,16,17,11,6,13,1,1,18,4,1,15,11,2,13,15,19,3,6,9,15,11,0,1,9,6,10,10,2,19,1,2,6,6,10,1,11,11,10,15,10,6,3,18,10,11,5,1,6,19,3,13,11,6,10,9,11,6,15,5,6,10,1,11,6,6,0,0,0,0,0,0,0,0,0,0,0,0,0,0,0,0,0",0.6623517,0.0713288,0.23777282,3.0,0.49525416,39.541378,0.5209048,1.0,0.5209048,0.15122294,0.49525416,0.0,0.0,0.49525416,0.004454321,0.8887395,0.15122294,1.3026342,1.934724,39.541378,0.6623517,2.408298,171.2548,0.4696035,0.4696035,1.0,171.2548,0.7622272,0.111260496,1.3026342,0.004454321,0.5209048,0.0713288,0.0,1.934724,2.408298,0.4696035,0.18956165,0.0,0.5209048,0.18956165,0.850893,0.4696035,1.0,0.49525416,lookahead,beam_orig1_bm3-s0to100br0-s100to200br3
/work/T-REX/external/Proteina-Complexa/inference/search_binder_local_pipeline_32_PDL1_ALPHA_REPACK_v7_r006_cand_v7r006_hyp_0006_00_001_af1b7530d1b98/job_0_n_218_id_31_beam_orig2_bm3-s0to100br0-s100to200br3/job_0_n_218_id_31_beam_orig2_bm3-s0to100br0-s100to200br3.pdb,126,"2,0,13,16,19,16,19,14,11,3,10,18,19,19,6,18,7,15,2,12,16,9,6,4,11,13,14,19,6,11,5,10,3,10,0,0,10,9,19,18,17,6,12,6,3,11,2,9,9,5,13,19,8,7,6,6,3,10,11,19,5,8,15,15,18,1,5,1,0,1,10,10,11,3,5,10,15,10,7,2,0,0,10,5,9,16,3,19,11,10,5,3,0,7,19,18,1,4,12,9,15,18,7,7,0,3,18,11,1,9,16,19,11,19,2,0,0,13,16,19,16,19,14,11,3,10,18,19,19,6,18,7,15,2,12,16,9,6,4,11,13,14,19,6,11,5,10,3,10,0,0,10,9,19,18,17,6,12,6,3,11,2,9,9,5,13,19,8,7,6,6,3,10,11,19,5,8,15,15,18,1,5,1,0,1,10,10,11,3,5,10,15,10,7,2,0,0,10,5,9,16,3,19,11,10,5,3,0,7,19,18,1,4,12,9,15,18,7",0.6116963,0.33799717,0.7666532,3.0,0.021393698,52.19716,0.021524288,1.0,0.021524288,0.34345034,0.0057411958,0.0,0.0,0.021393698,0.0020319796,0.8533674,0.34345034,5.0223656,1.3665942,52.19716,0.6116963,3.9519475,195.18207,0.0,0.02126311,1.0,195.18207,0.23334682,0.14663261,5.0223656,0.0020319796,0.0114823915,0.33799717,0.0,1.3665942,3.9519475,0.0,0.55967724,0.0,0.0114823915,0.55967724,0.59008706,0.02126311,1.0,0.0057411958,lookahead,beam_orig2_bm3-s0to100br0-s100to200br3
/work/T-REX/external/Proteina-Complexa/inference/search_binder_local_pipeline_32_PDL1_ALPHA_REPACK_v7_r006_cand_v7r006_hyp_0006_00_001_af1b7530d1b98/job_0_n_186_id_31_beam_orig3_bm0-s0to100br0-s100to200br3/job_0_n_186_id_31_beam_orig3_bm0-s0to100br0-s100to200br3.pdb,127,"2,0,13,16,19,16,19,14,11,3,10,18,19,19,6,18,7,15,2,12,16,9,6,4,11,13,14,19,6,11,5,10,3,10,0,0,10,9,19,18,17,6,12,6,3,11,2,9,9,5,13,19,8,7,6,6,3,10,11,19,5,8,15,15,18,1,5,1,0,1,10,10,11,3,5,10,15,10,7,2,0,0,10,5,9,16,3,19,11,10,5,3,0,7,19,18,1,4,12,9,15,18,7,7,0,3,18,11,1,9,16,19,11,19,2,0,6,6,0,0,0,3,18,15,1,0,9,6,10,3,14,2,13,0,11,0,18,13,6,1,7,11,19,18,6,0,10,2,1,10,3,10,0,0,11,3,13,6,9,19,0,3,11,13,14,6,16,6,6,7,11,10,0,19,6,6,10,10,11,9,11,14,11,10,0,11,0,0,0,0,0,0,0,0,0,0,0,0,0,0,0,0,0,0,0,0,0,0,0,0,0,0,0,0,0,0,0,0",0.58317274,0.073633656,0.23528945,3.0,0.43952215,59.184956,0.5317957,1.0,0.5317957,0.16249359,0.43952215,0.0,0.0,0.43952215,0.004240336,0.921097,0.16249359,2.996719,1.4685656,59.184956,0.58317274,2.9490092,153.89528,0.34724858,0.34724858,1.0,153.89528,0.76471055,0.078903005,2.996719,0.004240336,0.5317957,0.073633656,0.0,1.4685656,2.9490092,0.34724858,0.20928358,0.0,0.5317957,0.20928358,0.84079164,0.34724858,1.0,0.43952215,lookahead,beam_orig3_bm0-s0to100br0-s100to200br3
/work/T-REX/external/Proteina-Complexa/inference/search_binder_local_pipeline_32_PDL1_ALPHA_REPACK_v7_r006_cand_v7r006_hyp_0006_00_001_af1b7530d1b98/job_0_n_190_id_32_beam_orig0_bm0-s0to100br3-s100to200br1-s200to300br0/job_0_n_190_id_32_beam_orig0_bm0-s0to100br3-s100to200br1-s200to300br0.pdb,128,"2,0,13,16,19,16,19,14,11,3,10,18,19,19,6,18,7,15,2,12,16,9,6,4,11,13,14,19,6,11,5,10,3,10,0,0,10,9,19,18,17,6,12,6,3,11,2,9,9,5,13,19,8,7,6,6,3,10,11,19,5,8,15,15,18,1,5,1,0,1,10,10,11,3,5,10,15,10,7,2,0,0,10,5,9,16,3,19,11,10,5,3,0,7,19,18,1,4,12,9,15,18,7,7,0,3,18,11,1,9,16,19,11,19,2,0,15,3,10,0,6,6,10,18,5,11,4,19,14,13,19,14,11,2,11,8,11,6,10,1,11,18,15,6,3,10,19,11,0,19,11,19,11,0,15,5,3,6,9,2,3,10,11,7,11,9,19,0,10,0,11,3,2,16,6,11,13,6,9,10,11,0,19,0,3,13,10,3,11,13,0,0,0,0,0,0,0,0,0,0,0,0,0,0,0,0,0,0,0,0,0,0,0,0,0,0,0,0",0.59301955,0.1165141,0.37188208,3.0,0.28254682,38.773533,0.31180725,1.0,0.31180725,0.18175532,0.28254682,0.0,0.0,0.28254682,0.0012599205,0.8973148,0.18175532,2.0580468,1.4801255,38.773533,0.59301955,2.653648,169.08275,0.25328636,0.25328636,1.0,169.08275,0.6281179,0.10268524,2.0580468,0.0012599205,0.31180725,0.1165141,0.0,1.4801255,2.653648,0.25328636,0.24735041,0.0,0.31180725,0.24735041,0.7891587,0.25328636,1.0,0.28254682,lookahead,beam_orig0_bm0-s0to100br3-s100to200br1-s200to300br0
/work/T-REX/external/Proteina-Complexa/inference/search_binder_local_pipeline_32_PDL1_ALPHA_REPACK_v7_r006_cand_v7r006_hyp_0006_00_001_af1b7530d1b98/job_0_n_201_id_32_beam_orig1_bm3-s0to100br0-s100to200br2-s200to300br0/job_0_n_201_id_32_beam_orig1_bm3-s0to100br0-s100to200br2-s200to300br0.pdb,129,"2,0,13,16,19,16,19,14,11,3,10,18,19,19,6,18,7,15,2,12,16,9,6,4,11,13,14,19,6,11,5,10,3,10,0,0,10,9,19,18,17,6,12,6,3,11,2,9,9,5,13,19,8,7,6,6,3,10,11,19,5,8,15,15,18,1,5,1,0,1,10,10,11,3,5,10,15,10,7,2,0,0,10,5,9,16,3,19,11,10,5,3,0,7,19,18,1,4,12,9,15,18,7,7,0,3,18,11,1,9,16,19,11,19,2,0,15,6,6,10,6,6,11,9,5,6,9,9,10,15,15,15,3,19,19,3,0,12,11,11,0,6,11,18,0,11,6,11,11,10,15,3,3,6,16,6,11,10,9,10,5,19,8,2,7,11,10,6,10,10,11,16,11,10,15,11,6,6,13,0,11,6,2,6,11,0,18,11,18,10,10,11,10,11,11,6,1,18,6,11,0,0,0,0,0,0,0,0,0,0,0,0,0,0,0,0,0,0",0.5423273,0.14457512,0.40844262,3.0,0.21978843,32.223198,0.2390328,1.0,0.2390328,0.21799022,0.2175945,0.0,0.0,0.21978843,0.008197377,0.84694976,0.21799022,1.2533731,1.9310752,32.223198,0.5423273,2.922509,185.98608,0.19675775,0.20054407,1.0,185.98608,0.5915574,0.15305023,1.2533731,0.008197377,0.23843125,0.14457512,0.0,1.9310752,2.922509,0.19675775,0.29012504,0.0,0.23843125,0.29012504,0.7685832,0.20054407,1.0,0.2175945,lookahead,beam_orig1_bm3-s0to100br0-s100to200br2-s200to300br0
/work/T-REX/external/Proteina-Complexa/inference/search_binder_local_pipeline_32_PDL1_ALPHA_REPACK_v7_r006_cand_v7r006_hyp_0006_00_001_af1b7530d1b98/job_0_n_218_id_32_beam_orig2_bm3-s0to100br3-s100to200br1-s200to300br0/job_0_n_218_id_32_beam_orig2_bm3-s0to100br3-s100to200br1-s200to300br0.pdb,130,"2,0,13,16,19,16,19,14,11,3,10,18,19,19,6,18,7,15,2,12,16,9,6,4,11,13,14,19,6,11,5,10,3,10,0,0,10,9,19,18,17,6,12,6,3,11,2,9,9,5,13,19,8,7,6,6,3,10,11,19,5,8,15,15,18,1,5,1,0,1,10,10,11,3,5,10,15,10,7,2,0,0,10,5,9,16,3,19,11,10,5,3,0,7,19,18,1,4,12,9,15,18,7,7,0,3,18,11,1,9,16,19,11,19,2,0,2,0,13,16,19,16,19,14,11,3,10,18,19,19,6,18,7,15,2,12,16,9,6,4,11,13,14,19,6,11,5,10,3,10,0,0,10,9,19,18,17,6,12,6,3,11,2,9,9,5,13,19,8,7,6,6,3,10,11,19,5,8,15,15,18,1,5,1,0,1,10,10,11,3,5,10,15,10,7,2,0,0,10,5,9,16,3,19,11,10,5,3,0,7,19,18,1,4,12,9,15,18",0.6103376,0.33378893,0.7545632,3.0,0.028213527,72.00927,0.029523602,1.0,0.029523602,0.33989292,0.0058955615,0.0,0.0,0.028213527,0.0026770902,0.8544824,0.33989292,5.2836695,1.3930529,72.00927,0.6103376,3.934928,212.40247,0.0,0.02690345,1.0,212.40247,0.24543676,0.14551757,5.2836695,0.0026770902,0.011791123,0.33378893,0.0,1.3930529,3.934928,0.0,0.54972064,0.0,0.011791123,0.54972064,0.5958319,0.02690345,1.0,0.0058955615,lookahead,beam_orig2_bm3-s0to100br3-s100to200br1-s200to300br0
/work/T-REX/external/Proteina-Complexa/inference/search_binder_local_pipeline_32_PDL1_ALPHA_REPACK_v7_r006_cand_v7r006_hyp_0006_00_001_af1b7530d1b98/job_0_n_186_id_32_beam_orig3_bm1-s0to100br2-s100to200br3-s200to300br0/job_0_n_186_id_32_beam_orig3_bm1-s0to100br2-s100to200br3-s200to300br0.pdb,131,"2,0,13,16,19,16,19,14,11,3,10,18,19,19,6,18,7,15,2,12,16,9,6,4,11,13,14,19,6,11,5,10,3,10,0,0,10,9,19,18,17,6,12,6,3,11,2,9,9,5,13,19,8,7,6,6,3,10,11,19,5,8,15,15,18,1,5,1,0,1,10,10,11,3,5,10,15,10,7,2,0,0,10,5,9,16,3,19,11,10,5,3,0,7,19,18,1,4,12,9,15,18,7,7,0,3,18,11,1,9,16,19,11,19,2,0,7,13,5,10,14,6,0,5,6,10,13,2,10,9,6,2,7,0,15,3,6,6,9,19,0,13,19,5,2,9,11,11,6,11,7,2,3,0,0,19,2,19,9,11,6,19,10,15,8,10,14,0,8,8,14,18,9,14,10,10,11,15,9,10,6,6,10,11,11,6,0,0,0,0,0,0,0,0,0,0,0,0,0,0,0,0,0,0,0,0,0,0,0,0,0,0,0,0,0,0,0,0",0.63755906,0.3094735,0.8055288,3.0,0.010408472,63.808372,0.014191657,1.0,0.014191657,0.39484975,0.011576227,0.0,0.0,0.010408472,0.0031086598,0.82598007,0.39484975,5.5442934,1.5145798,63.808372,0.63755906,4.0561805,178.8805,0.011561834,0.006625288,1.0,178.8805,0.19447118,0.17401995,5.5442934,0.0031086598,0.01159062,0.3094735,0.0,1.5145798,4.0561805,0.011561834,0.5811426,0.0,0.01159062,0.5811426,0.63031185,0.006625288,1.0,0.011576227,lookahead,beam_orig3_bm1-s0to100br2-s100to200br3-s200to300br0
/work/T-REX/external/Proteina-Complexa/inference/search_binder_local_pipeline_32_PDL1_ALPHA_REPACK_v7_r006_cand_v7r006_hyp_0006_00_001_af1b7530d1b98/job_0_n_190_id_33_beam_orig0_bm0-s0to100br3-s100to200br1-s200to300br1/job_0_n_190_id_33_beam_orig0_bm0-s0to100br3-s100to200br1-s200to300br1.pdb,132,"2,0,13,16,19,16,19,14,11,3,10,18,19,19,6,18,7,15,2,12,16,9,6,4,11,13,14,19,6,11,5,10,3,10,0,0,10,9,19,18,17,6,12,6,3,11,2,9,9,5,13,19,8,7,6,6,3,10,11,19,5,8,15,15,18,1,5,1,0,1,10,10,11,3,5,10,15,10,7,2,0,0,10,5,9,16,3,19,11,10,5,3,0,7,19,18,1,4,12,9,15,18,7,7,0,3,18,11,1,9,16,19,11,19,2,0,15,3,3,0,6,6,10,18,5,1,19,19,14,13,19,14,11,2,11,8,11,6,10,1,11,10,15,1,3,10,19,16,0,19,11,19,6,0,15,5,3,1,9,2,6,10,11,2,11,9,19,0,10,0,11,3,3,19,6,11,10,6,9,10,11,0,19,0,3,13,10,3,11,13,0,0,0,0,0,0,0,0,0,0,0,0,0,0,0,0,0,0,0,0,0,0,0,0,0,0,0,0",0.6284912,0.072957434,0.26033413,3.0,0.43735865,30.886526,0.490505,1.0,0.490505,0.15051812,0.43735865,0.0,0.0,0.43735865,0.0014981634,0.9262846,0.15051812,1.8138978,1.375783,30.886526,0.6284912,2.3352199,160.0734,0.3842123,0.3842123,1.0,160.0734,0.73966587,0.07371539,1.8138978,0.0014981634,0.490505,0.072957434,0.0,1.375783,2.3352199,0.3842123,0.19936864,0.0,0.490505,0.19936864,0.83701134,0.3842123,1.0,0.43735865,lookahead,beam_orig0_bm0-s0to100br3-s100to200br1-s200to300br1
/work/T-REX/external/Proteina-Complexa/inference/search_binder_local_pipeline_32_PDL1_ALPHA_REPACK_v7_r006_cand_v7r006_hyp_0006_00_001_af1b7530d1b98/job_0_n_201_id_33_beam_orig1_bm3-s0to100br0-s100to200br2-s200to300br1/job_0_n_201_id_33_beam_orig1_bm3-s0to100br0-s100to200br2-s200to300br1.pdb,133,"2,0,13,16,19,16,19,14,11,3,10,18,19,19,6,18,7,15,2,12,16,9,6,4,11,13,14,19,6,11,5,10,3,10,0,0,10,9,19,18,17,6,12,6,3,11,2,9,9,5,13,19,8,7,6,6,3,10,11,19,5,8,15,15,18,1,5,1,0,1,10,10,11,3,5,10,15,10,7,2,0,0,10,5,9,16,3,19,11,10,5,3,0,7,19,18,1,4,12,9,15,18,7,7,0,3,18,11,1,9,16,19,11,19,2,0,16,6,6,5,6,5,11,19,5,5,9,9,6,6,15,15,16,19,19,6,0,12,6,11,0,3,11,18,0,11,3,5,2,10,15,3,3,6,16,6,11,10,9,10,6,19,18,2,7,11,10,6,5,10,11,11,6,10,15,15,6,3,13,8,11,6,5,6,11,0,13,11,18,10,9,11,10,15,6,5,1,11,11,0,0,0,0,0,0,0,0,0,0,0,0,0,0,0,0,0,0,0",0.6677457,0.06698864,0.24978763,3.0,0.4830035,34.10716,0.52683383,1.0,0.52683383,0.15108322,0.4830035,0.0,0.0,0.4830035,0.0056328787,0.9020258,0.15108322,0.89254534,1.7191358,34.10716,0.6677457,2.370091,164.22089,0.43917313,0.43917313,1.0,164.22089,0.7502124,0.09797416,0.89254534,0.0056328787,0.52683383,0.06698864,0.0,1.7191358,2.370091,0.43917313,0.18993919,0.0,0.52683383,0.18993919,0.84414876,0.43917313,1.0,0.4830035,lookahead,beam_orig1_bm3-s0to100br0-s100to200br2-s200to300br1
/work/T-REX/external/Proteina-Complexa/inference/search_binder_local_pipeline_32_PDL1_ALPHA_REPACK_v7_r006_cand_v7r006_hyp_0006_00_001_af1b7530d1b98/job_0_n_218_id_33_beam_orig2_bm3-s0to100br3-s100to200br1-s200to300br1/job_0_n_218_id_33_beam_orig2_bm3-s0to100br3-s100to200br1-s200to300br1.pdb,134,"2,0,13,16,19,16,19,14,11,3,10,18,19,19,6,18,7,15,2,12,16,9,6,4,11,13,14,19,6,11,5,10,3,10,0,0,10,9,19,18,17,6,12,6,3,11,2,9,9,5,13,19,8,7,6,6,3,10,11,19,5,8,15,15,18,1,5,1,0,1,10,10,11,3,5,10,15,10,7,2,0,0,10,5,9,16,3,19,11,10,5,3,0,7,19,18,1,4,12,9,15,18,7,7,0,3,18,11,1,9,16,19,11,19,2,0,2,0,13,16,19,16,19,14,11,3,10,18,19,19,6,18,7,15,2,12,16,9,6,4,11,13,14,19,6,11,5,10,3,10,0,0,10,9,19,18,17,6,12,6,3,11,2,9,9,5,13,19,8,7,6,6,3,10,11,19,5,8,15,15,18,1,5,1,0,1,10,10,11,3,5,10,15,10,7,2,0,0,10,5,9,16,3,19,11,10,5,3,0,7,19,18,1,4,12,9,15,18",0.61154634,0.331549,0.7544842,3.0,0.028694026,72.78278,0.03046283,1.0,0.03046283,0.3390791,0.005959435,0.0,0.0,0.028694026,0.0026813624,0.8548822,0.3390791,4.954451,1.3884996,72.78278,0.61154634,3.9312272,206.66602,0.0,0.026925221,1.0,206.66602,0.24551581,0.14511783,4.954451,0.0026813624,0.01191887,0.331549,0.0,1.3884996,3.9312272,0.0,0.54887396,0.0,0.01191887,0.54887396,0.5955843,0.026925221,1.0,0.005959435,lookahead,beam_orig2_bm3-s0to100br3-s100to200br1-s200to300br1
/work/T-REX/external/Proteina-Complexa/inference/search_binder_local_pipeline_32_PDL1_ALPHA_REPACK_v7_r006_cand_v7r006_hyp_0006_00_001_af1b7530d1b98/job_0_n_186_id_33_beam_orig3_bm1-s0to100br2-s100to200br3-s200to300br1/job_0_n_186_id_33_beam_orig3_bm1-s0to100br2-s100to200br3-s200to300br1.pdb,135,"2,0,13,16,19,16,19,14,11,3,10,18,19,19,6,18,7,15,2,12,16,9,6,4,11,13,14,19,6,11,5,10,3,10,0,0,10,9,19,18,17,6,12,6,3,11,2,9,9,5,13,19,8,7,6,6,3,10,11,19,5,8,15,15,18,1,5,1,0,1,10,10,11,3,5,10,15,10,7,2,0,0,10,5,9,16,3,19,11,10,5,3,0,7,19,18,1,4,12,9,15,18,7,7,0,3,18,11,1,9,16,19,11,19,2,0,5,14,11,10,14,6,0,11,6,10,10,11,10,9,2,6,15,0,15,3,11,6,9,11,3,18,19,11,15,9,11,6,16,11,7,11,3,19,0,19,3,19,10,11,6,0,10,15,10,10,14,6,8,8,14,18,9,14,10,10,11,15,10,10,6,6,10,11,0,0,0,0,0,0,0,0,0,0,0,0,0,0,0,0,0,0,0,0,0,0,0,0,0,0,0,0,0,0,0,0,0,0",0.62750393,0.37273622,0.83821744,3.0,0.0061480366,105.31124,0.006251108,1.0,0.006251108,0.4281944,0.0,0.0,0.0,0.0061480366,0.0033385763,0.8349621,0.4281944,10.803485,1.5096685,105.31124,0.62750393,4.2409225,190.56439,0.0,0.0060449657,1.0,190.56439,0.16178258,0.1650379,10.803485,0.0033385763,0.0,0.37273622,0.0,1.5096685,4.2409225,0.0,0.63597023,0.0,0.0,0.63597023,0.61629975,0.0060449657,1.0,0.0,lookahead,beam_orig3_bm1-s0to100br2-s100to200br3-s200to300br1
/work/T-REX/external/Proteina-Complexa/inference/search_binder_local_pipeline_32_PDL1_ALPHA_REPACK_v7_r006_cand_v7r006_hyp_0006_00_001_af1b7530d1b98/job_0_n_190_id_34_beam_orig0_bm0-s0to100br3-s100to200br1-s200to300br2/job_0_n_190_id_34_beam_orig0_bm0-s0to100br3-s100to200br1-s200to300br2.pdb,136,"2,0,13,16,19,16,19,14,11,3,10,18,19,19,6,18,7,15,2,12,16,9,6,4,11,13,14,19,6,11,5,10,3,10,0,0,10,9,19,18,17,6,12,6,3,11,2,9,9,5,13,19,8,7,6,6,3,10,11,19,5,8,15,15,18,1,5,1,0,1,10,10,11,3,5,10,15,10,7,2,0,0,10,5,9,16,3,19,11,10,5,3,0,7,19,18,1,4,12,9,15,18,7,7,0,3,18,11,1,9,16,19,11,19,2,0,15,3,3,0,6,3,10,18,5,1,4,19,14,13,19,14,0,2,11,8,11,6,10,1,11,18,15,6,3,10,19,11,0,19,11,19,5,0,15,5,3,1,9,2,6,10,12,7,11,9,19,0,10,0,11,3,2,19,6,11,13,5,9,10,11,0,19,0,3,18,10,3,11,13,0,0,0,0,0,0,0,0,0,0,0,0,0,0,0,0,0,0,0,0,0,0,0,0,0,0,0,0",0.6291883,0.07925928,0.26910865,3.0,0.42671987,35.237667,0.46862674,1.0,0.46862674,0.15360981,0.42671987,0.0,0.0,0.42671987,0.001963074,0.91099346,0.15360981,1.8118161,1.5105336,35.237667,0.6291883,2.3779774,162.03487,0.384813,0.384813,1.0,162.03487,0.73089135,0.089006536,1.8118161,0.001963074,0.46862674,0.07925928,0.0,1.5105336,2.3779774,0.384813,0.20119455,0.0,0.46862674,0.20119455,0.8307919,0.384813,1.0,0.42671987,lookahead,beam_orig0_bm0-s0to100br3-s100to200br1-s200to300br2
/work/T-REX/external/Proteina-Complexa/inference/search_binder_local_pipeline_32_PDL1_ALPHA_REPACK_v7_r006_cand_v7r006_hyp_0006_00_001_af1b7530d1b98/job_0_n_201_id_34_beam_orig1_bm3-s0to100br0-s100to200br2-s200to300br2/job_0_n_201_id_34_beam_orig1_bm3-s0to100br0-s100to200br2-s200to300br2.pdb,137,"2,0,13,16,19,16,19,14,11,3,10,18,19,19,6,18,7,15,2,12,16,9,6,4,11,13,14,19,6,11,5,10,3,10,0,0,10,9,19,18,17,6,12,6,3,11,2,9,9,5,13,19,8,7,6,6,3,10,11,19,5,8,15,15,18,1,5,1,0,1,10,10,11,3,5,10,15,10,7,2,0,0,10,5,9,16,3,19,11,10,5,3,0,7,19,18,1,4,12,9,15,18,7,7,0,3,18,11,1,9,16,19,11,19,2,0,11,6,6,9,16,0,0,9,6,6,13,19,5,11,15,15,16,19,19,6,0,12,5,10,0,6,3,18,0,11,11,11,2,10,15,3,3,6,16,6,11,10,9,10,7,19,8,2,0,1,15,6,5,10,11,11,6,10,15,14,19,3,18,8,11,6,5,6,11,0,13,2,18,10,19,2,10,15,5,1,10,11,1,6,0,0,0,0,0,0,0,0,0,0,0,0,0,0,0,0,0,0",0.6749211,0.06335302,0.23819983,3.0,0.5035496,35.347996,0.51750517,1.0,0.51750517,0.1529493,0.5035496,0.0,0.0,0.5035496,0.005378977,0.8817779,0.1529493,1.1078845,1.8521489,35.347996,0.6749211,2.3886383,169.5081,0.48959404,0.48959404,1.0,169.5081,0.76180017,0.11822212,1.1078845,0.005378977,0.51750517,0.06335302,0.0,1.8521489,2.3886383,0.48959404,0.18592824,0.0,0.51750517,0.18592824,0.8497087,0.48959404,1.0,0.5035496,lookahead,beam_orig1_bm3-s0to100br0-s100to200br2-s200to300br2
/work/T-REX/external/Proteina-Complexa/inference/search_binder_local_pipeline_32_PDL1_ALPHA_REPACK_v7_r006_cand_v7r006_hyp_0006_00_001_af1b7530d1b98/job_0_n_218_id_34_beam_orig2_bm3-s0to100br3-s100to200br1-s200to300br2/job_0_n_218_id_34_beam_orig2_bm3-s0to100br3-s100to200br1-s200to300br2.pdb,138,"2,0,13,16,19,16,19,14,11,3,10,18,19,19,6,18,7,15,2,12,16,9,6,4,11,13,14,19,6,11,5,10,3,10,0,0,10,9,19,18,17,6,12,6,3,11,2,9,9,5,13,19,8,7,6,6,3,10,11,19,5,8,15,15,18,1,5,1,0,1,10,10,11,3,5,10,15,10,7,2,0,0,10,5,9,16,3,19,11,10,5,3,0,7,19,18,1,4,12,9,15,18,7,7,0,3,18,11,1,9,16,19,11,19,2,0,2,0,13,16,19,16,19,14,11,3,10,18,19,19,6,18,7,15,2,12,16,9,6,4,11,13,14,19,6,11,5,10,3,10,0,0,10,9,19,18,17,6,12,6,3,11,2,9,9,5,13,19,8,7,6,6,3,10,11,19,5,8,15,15,18,1,5,1,0,1,10,10,11,3,5,10,15,10,7,2,0,0,10,5,9,16,3,19,11,10,5,3,0,7,19,18,1,4,12,9,15,18",0.6102503,0.33490083,0.7532779,3.0,0.028833333,75.46039,0.028863596,1.0,0.028863596,0.33924195,0.005929241,0.0,0.0,0.028833333,0.0027586047,0.8544737,0.33924195,5.108789,1.3931347,75.46039,0.6102503,3.9297137,207.96071,0.0,0.028803073,1.0,207.96071,0.24672207,0.14552629,5.108789,0.0027586047,0.011858482,0.33490083,0.0,1.3931347,3.9297137,0.0,0.54849994,0.0,0.011858482,0.54849994,0.59630287,0.028803073,1.0,0.005929241,lookahead,beam_orig2_bm3-s0to100br3-s100to200br1-s200to300br2
/work/T-REX/external/Proteina-Complexa/inference/search_binder_local_pipeline_32_PDL1_ALPHA_REPACK_v7_r006_cand_v7r006_hyp_0006_00_001_af1b7530d1b98/job_0_n_186_id_34_beam_orig3_bm1-s0to100br2-s100to200br3-s200to300br2/job_0_n_186_id_34_beam_orig3_bm1-s0to100br2-s100to200br3-s200to300br2.pdb,139,"2,0,13,16,19,16,19,14,11,3,10,18,19,19,6,18,7,15,2,12,16,9,6,4,11,13,14,19,6,11,5,10,3,10,0,0,10,9,19,18,17,6,12,6,3,11,2,9,9,5,13,19,8,7,6,6,3,10,11,19,5,8,15,15,18,1,5,1,0,1,10,10,11,3,5,10,15,10,7,2,0,0,10,5,9,16,3,19,11,10,5,3,0,7,19,18,1,4,12,9,15,18,7,7,0,3,18,11,1,9,16,19,11,19,2,0,5,14,5,10,6,6,15,11,6,9,10,11,12,9,2,6,6,11,14,9,6,3,9,19,0,18,9,11,11,9,11,6,15,11,7,19,3,19,0,9,3,19,9,3,6,19,10,15,10,10,14,6,8,8,14,18,9,14,10,10,6,6,10,11,0,6,10,11,0,6,0,0,0,0,0,0,0,0,0,0,0,0,0,0,0,0,0,0,0,0,0,0,0,0,0,0,0,0,0,0,0,0",0.62358475,0.29070756,0.7229907,3.0,0.04072544,122.55972,0.049198166,1.0,0.049198166,0.3585723,0.013386639,0.0,0.0,0.04072544,0.010094977,0.7709483,0.3585723,10.977017,1.8372997,122.55972,0.62358475,3.6854823,213.74881,0.012755267,0.032252718,1.0,213.74881,0.2770093,0.2290517,10.977017,0.010094977,0.014018009,0.29070756,0.0,1.8372997,3.6854823,0.012755267,0.5016267,0.0,0.014018009,0.5016267,0.65869987,0.032252718,1.0,0.013386639,lookahead,beam_orig3_bm1-s0to100br2-s100to200br3-s200to300br2
/work/T-REX/external/Proteina-Complexa/inference/search_binder_local_pipeline_32_PDL1_ALPHA_REPACK_v7_r006_cand_v7r006_hyp_0006_00_001_af1b7530d1b98/job_0_n_190_id_35_beam_orig0_bm0-s0to100br3-s100to200br1-s200to300br3/job_0_n_190_id_35_beam_orig0_bm0-s0to100br3-s100to200br1-s200to300br3.pdb,140,"2,0,13,16,19,16,19,14,11,3,10,18,19,19,6,18,7,15,2,12,16,9,6,4,11,13,14,19,6,11,5,10,3,10,0,0,10,9,19,18,17,6,12,6,3,11,2,9,9,5,13,19,8,7,6,6,3,10,11,19,5,8,15,15,18,1,5,1,0,1,10,10,11,3,5,10,15,10,7,2,0,0,10,5,9,16,3,19,11,10,5,3,0,7,19,18,1,4,12,9,15,18,7,7,0,3,18,11,1,9,16,19,11,19,2,0,15,3,10,0,6,6,10,18,5,1,19,0,14,10,19,14,11,2,11,8,11,3,10,1,11,18,15,1,3,10,19,11,0,19,11,19,7,0,15,6,3,16,9,2,3,10,9,7,11,9,19,0,10,0,11,3,2,19,6,11,10,5,9,10,11,0,19,15,3,13,10,3,11,13,0,0,0,0,0,0,0,0,0,0,0,0,0,0,0,0,0,0,0,0,0,0,0,0,0,0,0,0",0.6781024,0.052862972,0.20812684,3.0,0.538071,63.37266,0.6034438,1.0,0.6034438,0.134532,0.538071,0.0,0.0,0.538071,0.00079308084,0.92555517,0.134532,4.3811316,1.4040208,63.37266,0.6781024,2.1010556,198.1052,0.47269818,0.47269818,1.0,198.1052,0.79187316,0.07444485,4.3811316,0.00079308084,0.6034438,0.052862972,0.0,1.4040208,2.1010556,0.47269818,0.1721589,0.0,0.6034438,0.1721589,0.86717474,0.47269818,1.0,0.538071,lookahead,beam_orig0_bm0-s0to100br3-s100to200br1-s200to300br3
/work/T-REX/external/Proteina-Complexa/inference/search_binder_local_pipeline_32_PDL1_ALPHA_REPACK_v7_r006_cand_v7r006_hyp_0006_00_001_af1b7530d1b98/job_0_n_201_id_35_beam_orig1_bm3-s0to100br0-s100to200br2-s200to300br3/job_0_n_201_id_35_beam_orig1_bm3-s0to100br0-s100to200br2-s200to300br3.pdb,141,"2,0,13,16,19,16,19,14,11,3,10,18,19,19,6,18,7,15,2,12,16,9,6,4,11,13,14,19,6,11,5,10,3,10,0,0,10,9,19,18,17,6,12,6,3,11,2,9,9,5,13,19,8,7,6,6,3,10,11,19,5,8,15,15,18,1,5,1,0,1,10,10,11,3,5,10,15,10,7,2,0,0,10,5,9,16,3,19,11,10,5,3,0,7,19,18,1,4,12,9,15,18,7,7,0,3,18,11,1,9,16,19,11,19,2,0,15,6,6,5,5,6,11,9,6,6,9,9,5,11,15,15,16,19,19,6,0,12,5,6,0,6,11,18,0,11,6,11,6,10,15,3,3,6,16,6,11,10,9,10,6,19,8,2,7,11,10,6,5,10,11,3,11,10,15,11,19,6,18,8,6,6,19,6,11,0,13,11,18,10,19,6,10,19,5,11,1,11,11,6,11,0,0,0,0,0,0,0,0,0,0,0,0,0,0,0,0,0",0.5632242,0.10105619,0.34023327,3.0,0.30657366,43.125694,0.33561063,1.0,0.33561063,0.19333066,0.30627733,0.0,0.0,0.30657366,0.012448649,0.8685584,0.19333066,0.88426656,1.8493736,43.125694,0.5632242,2.7152033,181.7796,0.27694407,0.2775367,1.0,181.7796,0.65976673,0.13144158,0.88426656,0.012448649,0.33561063,0.10105619,0.0,1.8493736,2.7152033,0.27694407,0.25369936,0.0,0.33561063,0.25369936,0.79591703,0.2775367,1.0,0.30627733,lookahead,beam_orig1_bm3-s0to100br0-s100to200br2-s200to300br3
/work/T-REX/external/Proteina-Complexa/inference/search_binder_local_pipeline_32_PDL1_ALPHA_REPACK_v7_r006_cand_v7r006_hyp_0006_00_001_af1b7530d1b98/job_0_n_218_id_35_beam_orig2_bm3-s0to100br3-s100to200br1-s200to300br3/job_0_n_218_id_35_beam_orig2_bm3-s0to100br3-s100to200br1-s200to300br3.pdb,142,"2,0,13,16,19,16,19,14,11,3,10,18,19,19,6,18,7,15,2,12,16,9,6,4,11,13,14,19,6,11,5,10,3,10,0,0,10,9,19,18,17,6,12,6,3,11,2,9,9,5,13,19,8,7,6,6,3,10,11,19,5,8,15,15,18,1,5,1,0,1,10,10,11,3,5,10,15,10,7,2,0,0,10,5,9,16,3,19,11,10,5,3,0,7,19,18,1,4,12,9,15,18,7,7,0,3,18,11,1,9,16,19,11,19,2,0,2,0,13,16,19,16,19,14,11,3,10,18,19,19,6,18,7,15,2,12,16,9,6,4,11,13,14,19,6,11,5,10,3,10,0,0,10,9,19,18,17,6,12,6,3,11,2,9,9,5,13,19,8,7,6,6,3,10,11,19,5,8,15,15,18,1,5,1,0,1,10,10,11,3,5,10,15,10,7,2,0,0,10,5,9,16,3,19,11,10,5,3,0,7,19,18,1,4,12,9,15,18",0.6097685,0.3388989,0.7573086,3.0,0.026353473,70.04909,0.0278571,1.0,0.0278571,0.34078592,0.005827852,0.0,0.0,0.026353473,0.0026387416,0.8554137,0.34078592,4.876899,1.386727,70.04909,0.6097685,3.9444797,203.16235,0.0,0.024849845,1.0,203.16235,0.24269137,0.1445863,4.876899,0.0026387416,0.011655704,0.3388989,0.0,1.386727,3.9444797,0.0,0.55254793,0.0,0.011655704,0.55254793,0.59442407,0.024849845,1.0,0.005827852,lookahead,beam_orig2_bm3-s0to100br3-s100to200br1-s200to300br3
/work/T-REX/external/Proteina-Complexa/inference/search_binder_local_pipeline_32_PDL1_ALPHA_REPACK_v7_r006_cand_v7r006_hyp_0006_00_001_af1b7530d1b98/job_0_n_186_id_35_beam_orig3_bm1-s0to100br2-s100to200br3-s200to300br3/job_0_n_186_id_35_beam_orig3_bm1-s0to100br2-s100to200br3-s200to300br3.pdb,143,"2,0,13,16,19,16,19,14,11,3,10,18,19,19,6,18,7,15,2,12,16,9,6,4,11,13,14,19,6,11,5,10,3,10,0,0,10,9,19,18,17,6,12,6,3,11,2,9,9,5,13,19,8,7,6,6,3,10,11,19,5,8,15,15,18,1,5,1,0,1,10,10,11,3,5,10,15,10,7,2,0,0,10,5,9,16,3,19,11,10,5,3,0,7,19,18,1,4,12,9,15,18,7,7,0,3,18,11,1,9,16,19,11,19,2,0,7,10,11,9,11,6,0,5,3,10,10,3,10,9,3,2,7,0,15,14,6,3,9,19,0,18,9,11,11,9,6,6,6,11,7,16,6,19,0,9,6,19,9,6,6,19,10,11,2,10,14,14,18,8,14,18,9,14,10,10,11,11,10,10,6,6,10,11,6,11,0,0,0,0,0,0,0,0,0,0,0,0,0,0,0,0,0,0,0,0,0,0,0,0,0,0,0,0,0,0,0,0",0.65017,0.28661075,0.8074652,3.0,0.011425412,84.82249,0.015787318,1.0,0.015787318,0.39450815,0.012787716,0.0,0.0,0.011425412,0.004821608,0.80872214,0.39450815,7.463789,1.6284901,84.82249,0.65017,4.0264387,188.06404,0.012100605,0.0070635057,1.0,188.06404,0.19253483,0.19127783,7.463789,0.004821608,0.013474829,0.28661075,0.0,1.6284901,4.0264387,0.012100605,0.57245326,0.0,0.013474829,0.57245326,0.6265071,0.0070635057,1.0,0.012787716,lookahead,beam_orig3_bm1-s0to100br2-s100to200br3-s200to300br3
/work/T-REX/external/Proteina-Complexa/inference/search_binder_local_pipeline_32_PDL1_ALPHA_REPACK_v7_r006_cand_v7r006_hyp_0006_00_001_af1b7530d1b98/job_0_n_190_id_36_beam_orig0_bm0-s0to100br3-s100to200br2-s200to300br0/job_0_n_190_id_36_beam_orig0_bm0-s0to100br3-s100to200br2-s200to300br0.pdb,144,"2,0,13,16,19,16,19,14,11,3,10,18,19,19,6,18,7,15,2,12,16,9,6,4,11,13,14,19,6,11,5,10,3,10,0,0,10,9,19,18,17,6,12,6,3,11,2,9,9,5,13,19,8,7,6,6,3,10,11,19,5,8,15,15,18,1,5,1,0,1,10,10,11,3,5,10,15,10,7,2,0,0,10,5,9,16,3,19,11,10,5,3,0,7,19,18,1,4,12,9,15,18,7,7,0,3,18,11,1,9,16,19,11,19,2,0,15,19,10,0,3,6,10,19,2,6,10,11,11,15,10,7,15,6,18,16,14,6,9,6,10,3,15,1,10,0,19,11,0,19,16,19,3,11,2,0,3,10,0,11,6,18,13,2,1,0,5,15,11,19,11,11,2,3,10,11,13,19,13,10,11,9,18,0,11,18,9,3,5,13,0,0,0,0,0,0,0,0,0,0,0,0,0,0,0,0,0,0,0,0,0,0,0,0,0,0,0,0",0.61859465,0.079989076,0.29184556,3.0,0.3904991,56.893764,0.43494895,1.0,0.43494895,0.16071288,0.3904991,0.0,0.0,0.3904991,0.00093507924,0.90441906,0.16071288,3.7906194,1.554347,56.893764,0.61859465,2.489041,183.43593,0.34604922,0.34604922,1.0,183.43593,0.70815444,0.09558092,3.7906194,0.00093507924,0.43494895,0.079989076,0.0,1.554347,2.489041,0.34604922,0.20967281,0.0,0.43494895,0.20967281,0.8341671,0.34604922,1.0,0.3904991,lookahead,beam_orig0_bm0-s0to100br3-s100to200br2-s200to300br0
/work/T-REX/external/Proteina-Complexa/inference/search_binder_local_pipeline_32_PDL1_ALPHA_REPACK_v7_r006_cand_v7r006_hyp_0006_00_001_af1b7530d1b98/job_0_n_201_id_36_beam_orig1_bm1-s0to100br0-s100to200br2-s200to300br0/job_0_n_201_id_36_beam_orig1_bm1-s0to100br0-s100to200br2-s200to300br0.pdb,145,"2,0,13,16,19,16,19,14,11,3,10,18,19,19,6,18,7,15,2,12,16,9,6,4,11,13,14,19,6,11,5,10,3,10,0,0,10,9,19,18,17,6,12,6,3,11,2,9,9,5,13,19,8,7,6,6,3,10,11,19,5,8,15,15,18,1,5,1,0,1,10,10,11,3,5,10,15,10,7,2,0,0,10,5,9,16,3,19,11,10,5,3,0,7,19,18,1,4,12,9,15,18,7,7,0,3,18,11,1,9,16,19,11,19,2,0,0,6,9,3,11,2,10,6,10,10,6,6,0,19,11,11,5,15,19,18,3,16,12,11,18,15,13,16,10,12,3,10,10,3,5,10,6,15,0,0,6,11,6,6,0,0,11,11,19,10,11,13,4,3,5,19,10,0,11,6,3,6,18,15,0,3,19,10,15,19,19,1,0,10,1,3,18,19,19,0,11,18,14,15,19,0,0,0,0,0,0,0,0,0,0,0,0,0,0,0,0,0",0.66193444,0.098249204,0.3353722,3.0,0.36992925,64.49498,0.40555403,1.0,0.40555403,0.15417728,0.36992925,0.0,0.0,0.36992925,0.0009344185,0.9102855,0.15417728,4.59107,1.3936505,64.49498,0.66193444,2.5063984,196.39708,0.33430445,0.33430445,1.0,196.39708,0.6646278,0.08971453,4.59107,0.0009344185,0.40555403,0.098249204,0.0,1.3936505,2.5063984,0.33430445,0.21105313,0.0,0.40555403,0.21105313,0.8042437,0.33430445,1.0,0.36992925,lookahead,beam_orig1_bm1-s0to100br0-s100to200br2-s200to300br0
/work/T-REX/external/Proteina-Complexa/inference/search_binder_local_pipeline_32_PDL1_ALPHA_REPACK_v7_r006_cand_v7r006_hyp_0006_00_001_af1b7530d1b98/job_0_n_218_id_36_beam_orig2_bm3-s0to100br2-s100to200br0-s200to300br0/job_0_n_218_id_36_beam_orig2_bm3-s0to100br2-s100to200br0-s200to300br0.pdb,146,"2,0,13,16,19,16,19,14,11,3,10,18,19,19,6,18,7,15,2,12,16,9,6,4,11,13,14,19,6,11,5,10,3,10,0,0,10,9,19,18,17,6,12,6,3,11,2,9,9,5,13,19,8,7,6,6,3,10,11,19,5,8,15,15,18,1,5,1,0,1,10,10,11,3,5,10,15,10,7,2,0,0,10,5,9,16,3,19,11,10,5,3,0,7,19,18,1,4,12,9,15,18,7,7,0,3,18,11,1,9,16,19,11,19,2,0,13,16,19,16,19,14,11,3,10,18,19,19,6,18,7,15,2,12,16,9,6,4,11,13,14,19,6,11,5,10,3,10,0,0,10,9,19,18,17,6,12,6,3,11,2,9,9,5,13,19,8,7,6,6,3,10,11,19,5,8,15,15,18,1,5,1,0,1,10,10,11,3,5,10,15,10,7,2,0,0,10,5,9,16,3,19,11,10,5,3,0,7,19,18,1,4,12,9,15,18,7,7",0.61123425,0.35045502,0.7809143,3.0,0.015502686,46.070282,0.016691217,1.0,0.016691217,0.35164532,0.005723352,0.0,0.0,0.015502686,0.0019588764,0.85233057,0.35164532,3.6255999,1.3721942,46.070282,0.61123425,4.000007,202.98645,0.0,0.014314154,1.0,202.98645,0.21908566,0.1476694,3.6255999,0.0019588764,0.011446704,0.35045502,0.0,1.3721942,4.000007,0.0,0.5756399,0.0,0.011446704,0.5756399,0.5828036,0.014314154,1.0,0.005723352,lookahead,beam_orig2_bm3-s0to100br2-s100to200br0-s200to300br0
/work/T-REX/external/Proteina-Complexa/inference/search_binder_local_pipeline_32_PDL1_ALPHA_REPACK_v7_r006_cand_v7r006_hyp_0006_00_001_af1b7530d1b98/job_0_n_186_id_36_beam_orig3_bm0-s0to100br1-s100to200br2-s200to300br0/job_0_n_186_id_36_beam_orig3_bm0-s0to100br1-s100to200br2-s200to300br0.pdb,147,"2,0,13,16,19,16,19,14,11,3,10,18,19,19,6,18,7,15,2,12,16,9,6,4,11,13,14,19,6,11,5,10,3,10,0,0,10,9,19,18,17,6,12,6,3,11,2,9,9,5,13,19,8,7,6,6,3,10,11,19,5,8,15,15,18,1,5,1,0,1,10,10,11,3,5,10,15,10,7,2,0,0,10,5,9,16,3,19,11,10,5,3,0,7,19,18,1,4,12,9,15,18,7,7,0,3,18,11,1,9,16,19,11,19,2,0,19,10,15,6,3,6,10,5,5,10,9,11,6,11,13,11,0,10,14,10,3,11,5,6,0,9,11,11,8,0,5,3,19,10,10,13,11,11,11,19,11,3,10,19,11,10,10,6,11,6,10,11,10,16,10,16,6,11,5,0,13,5,10,0,14,13,9,19,2,10,0,0,0,0,0,0,0,0,0,0,0,0,0,0,0,0,0,0,0,0,0,0,0,0,0,0,0,0,0,0,0,0",0.6868961,0.053750128,0.22326028,3.0,0.5217568,41.492348,0.5970263,1.0,0.5970263,0.13253805,0.5217568,0.0,0.0,0.5217568,0.0012262651,0.93895537,0.13253805,1.2103952,1.456627,41.492348,0.6868961,2.3934681,142.32394,0.4464874,0.4464874,1.0,142.32394,0.7767397,0.061044637,1.2103952,0.0012262651,0.5970263,0.053750128,0.0,1.456627,2.3934681,0.4464874,0.1697512,0.0,0.5970263,0.1697512,0.8532765,0.4464874,1.0,0.5217568,lookahead,beam_orig3_bm0-s0to100br1-s100to200br2-s200to300br0
/work/T-REX/external/Proteina-Complexa/inference/search_binder_local_pipeline_32_PDL1_ALPHA_REPACK_v7_r006_cand_v7r006_hyp_0006_00_001_af1b7530d1b98/job_0_n_190_id_37_beam_orig0_bm0-s0to100br3-s100to200br2-s200to300br1/job_0_n_190_id_37_beam_orig0_bm0-s0to100br3-s100to200br2-s200to300br1.pdb,148,"2,0,13,16,19,16,19,14,11,3,10,18,19,19,6,18,7,15,2,12,16,9,6,4,11,13,14,19,6,11,5,10,3,10,0,0,10,9,19,18,17,6,12,6,3,11,2,9,9,5,13,19,8,7,6,6,3,10,11,19,5,8,15,15,18,1,5,1,0,1,10,10,11,3,5,10,15,10,7,2,0,0,10,5,9,16,3,19,11,10,5,3,0,7,19,18,1,4,12,9,15,18,7,7,0,3,18,11,1,9,16,19,11,19,2,0,15,3,10,16,0,5,10,19,15,3,10,11,15,19,10,11,15,6,18,16,14,6,9,6,10,2,0,1,2,0,19,11,0,19,15,19,6,11,2,0,3,10,0,1,6,18,13,2,11,0,5,15,11,19,11,11,2,6,10,11,10,6,13,10,11,19,13,16,11,18,13,3,11,10,0,0,0,0,0,0,0,0,0,0,0,0,0,0,0,0,0,0,0,0,0,0,0,0,0,0,0,0",0.68461704,0.055998348,0.24319899,3.0,0.502637,34.360832,0.5694167,1.0,0.5694167,0.1449257,0.502637,0.0,0.0,0.502637,0.00090616936,0.90422416,0.1449257,3.2616715,1.573957,34.360832,0.68461704,2.3404286,177.98819,0.4358574,0.4358574,1.0,177.98819,0.756801,0.09577583,3.2616715,0.00090616936,0.5694167,0.055998348,0.0,1.573957,2.3404286,0.4358574,0.1828185,0.0,0.5694167,0.1828185,0.8561821,0.4358574,1.0,0.502637,lookahead,beam_orig0_bm0-s0to100br3-s100to200br2-s200to300br1
/work/T-REX/external/Proteina-Complexa/inference/search_binder_local_pipeline_32_PDL1_ALPHA_REPACK_v7_r006_cand_v7r006_hyp_0006_00_001_af1b7530d1b98/job_0_n_201_id_37_beam_orig1_bm1-s0to100br0-s100to200br2-s200to300br1/job_0_n_201_id_37_beam_orig1_bm1-s0to100br0-s100to200br2-s200to300br1.pdb,149,"2,0,13,16,19,16,19,14,11,3,10,18,19,19,6,18,7,15,2,12,16,9,6,4,11,13,14,19,6,11,5,10,3,10,0,0,10,9,19,18,17,6,12,6,3,11,2,9,9,5,13,19,8,7,6,6,3,10,11,19,5,8,15,15,18,1,5,1,0,1,10,10,11,3,5,10,15,10,7,2,0,0,10,5,9,16,3,19,11,10,5,3,0,7,19,18,1,4,12,9,15,18,7,7,0,3,18,11,1,9,16,19,11,19,2,0,15,3,13,2,6,16,10,15,2,10,11,15,0,19,6,2,5,3,19,10,0,16,12,11,18,15,13,0,10,12,3,10,9,3,15,6,16,2,6,3,19,0,11,15,1,0,11,6,9,10,3,13,4,3,6,19,10,15,2,11,15,11,18,15,11,3,19,10,2,19,19,5,7,10,1,3,18,10,11,19,11,13,14,3,19,0,0,0,0,0,0,0,0,0,0,0,0,0,0,0,0,0",0.63194954,0.12739861,0.43623757,3.0,0.24767677,60.585052,0.28577644,1.0,0.28577644,0.18748142,0.24545294,0.0,0.0,0.24767677,0.0011914906,0.9082143,0.18748142,4.895231,1.3012829,60.585052,0.63194954,2.8970912,169.78407,0.20554344,0.20957711,1.0,169.78407,0.5637624,0.091785714,4.895231,0.0011914906,0.28536242,0.12739861,0.0,1.3012829,2.8970912,0.20554344,0.27008358,0.0,0.28536242,0.27008358,0.7565459,0.20957711,1.0,0.24545294,lookahead,beam_orig1_bm1-s0to100br0-s100to200br2-s200to300br1
/work/T-REX/external/Proteina-Complexa/inference/search_binder_local_pipeline_32_PDL1_ALPHA_REPACK_v7_r006_cand_v7r006_hyp_0006_00_001_af1b7530d1b98/job_0_n_218_id_37_beam_orig2_bm3-s0to100br2-s100to200br0-s200to300br1/job_0_n_218_id_37_beam_orig2_bm3-s0to100br2-s100to200br0-s200to300br1.pdb,150,"2,0,13,16,19,16,19,14,11,3,10,18,19,19,6,18,7,15,2,12,16,9,6,4,11,13,14,19,6,11,5,10,3,10,0,0,10,9,19,18,17,6,12,6,3,11,2,9,9,5,13,19,8,7,6,6,3,10,11,19,5,8,15,15,18,1,5,1,0,1,10,10,11,3,5,10,15,10,7,2,0,0,10,5,9,16,3,19,11,10,5,3,0,7,19,18,1,4,12,9,15,18,7,7,0,3,18,11,1,9,16,19,11,19,2,0,13,16,19,16,19,14,11,3,10,18,19,19,6,18,7,15,2,12,16,9,6,4,11,13,14,19,6,11,5,10,3,10,0,0,10,9,19,18,17,6,12,6,3,11,2,9,9,5,13,19,8,7,6,6,3,10,11,19,5,8,15,15,18,1,5,1,0,1,10,10,11,3,5,10,15,10,7,2,0,0,10,5,9,16,3,19,11,10,5,3,0,7,19,18,1,4,12,9,15,18,7,7",0.62792593,0.34382343,0.81237876,3.0,0.00861289,50.303417,0.010884406,1.0,0.010884406,0.3642129,0.005619863,0.0,0.0,0.00861289,0.0018416054,0.8467253,0.3642129,3.7410502,1.3769599,50.303417,0.62792593,4.036831,200.94226,0.0,0.0063413726,1.0,200.94226,0.18762127,0.15327471,3.7410502,0.0018416054,0.011239726,0.34382343,0.0,1.3769599,4.036831,0.0,0.599255,0.0,0.011239726,0.599255,0.5702523,0.0063413726,1.0,0.005619863,lookahead,beam_orig2_bm3-s0to100br2-s100to200br0-s200to300br1
/work/T-REX/external/Proteina-Complexa/inference/search_binder_local_pipeline_32_PDL1_ALPHA_REPACK_v7_r006_cand_v7r006_hyp_0006_00_001_af1b7530d1b98/job_0_n_186_id_37_beam_orig3_bm0-s0to100br1-s100to200br2-s200to300br1/job_0_n_186_id_37_beam_orig3_bm0-s0to100br1-s100to200br2-s200to300br1.pdb,151,"2,0,13,16,19,16,19,14,11,3,10,18,19,19,6,18,7,15,2,12,16,9,6,4,11,13,14,19,6,11,5,10,3,10,0,0,10,9,19,18,17,6,12,6,3,11,2,9,9,5,13,19,8,7,6,6,3,10,11,19,5,8,15,15,18,1,5,1,0,1,10,10,11,3,5,10,15,10,7,2,0,0,10,5,9,16,3,19,11,10,5,3,0,7,19,18,1,4,12,9,15,18,7,7,0,3,18,11,1,9,16,19,11,19,2,0,6,10,15,6,6,6,10,11,11,10,9,6,11,11,13,11,7,10,15,16,7,3,5,19,6,9,11,11,19,0,1,3,19,10,10,13,11,11,11,19,11,3,10,19,2,0,13,11,11,18,10,11,9,6,10,15,6,6,5,0,13,11,10,0,14,18,9,19,15,10,0,0,0,0,0,0,0,0,0,0,0,0,0,0,0,0,0,0,0,0,0,0,0,0,0,0,0,0,0,0,0,0",0.6481548,0.06878905,0.26858044,3.0,0.43528157,25.133028,0.5073184,1.0,0.5073184,0.14567883,0.43528157,0.0,0.0,0.43528157,0.0017689237,0.92903084,0.14567883,1.0912658,1.4787961,25.133028,0.6481548,2.4860184,137.87839,0.36324477,0.36324477,1.0,137.87839,0.73141956,0.07096917,1.0912658,0.0017689237,0.5073184,0.06878905,0.0,1.4787961,2.4860184,0.36324477,0.18999742,0.0,0.5073184,0.18999742,0.83450556,0.36324477,1.0,0.43528157,lookahead,beam_orig3_bm0-s0to100br1-s100to200br2-s200to300br1
/work/T-REX/external/Proteina-Complexa/inference/search_binder_local_pipeline_32_PDL1_ALPHA_REPACK_v7_r006_cand_v7r006_hyp_0006_00_001_af1b7530d1b98/job_0_n_190_id_38_beam_orig0_bm0-s0to100br3-s100to200br2-s200to300br2/job_0_n_190_id_38_beam_orig0_bm0-s0to100br3-s100to200br2-s200to300br2.pdb,152,"2,0,13,16,19,16,19,14,11,3,10,18,19,19,6,18,7,15,2,12,16,9,6,4,11,13,14,19,6,11,5,10,3,10,0,0,10,9,19,18,17,6,12,6,3,11,2,9,9,5,13,19,8,7,6,6,3,10,11,19,5,8,15,15,18,1,5,1,0,1,10,10,11,3,5,10,15,10,7,2,0,0,10,5,9,16,3,19,11,10,5,3,0,7,19,18,1,4,12,9,15,18,7,7,0,3,18,11,1,9,16,19,11,19,2,0,15,14,6,19,2,6,10,19,15,11,10,11,15,19,10,7,15,6,13,16,14,5,19,6,8,18,0,1,10,0,19,1,0,19,19,6,3,11,3,10,3,10,0,11,6,18,13,2,11,0,5,15,13,19,11,11,2,15,2,11,13,11,13,10,11,19,13,0,3,13,9,3,11,10,0,0,0,0,0,0,0,0,0,0,0,0,0,0,0,0,0,0,0,0,0,0,0,0,0,0,0,0",0.5872816,0.108596265,0.36831105,3.0,0.28966177,36.385746,0.32394156,1.0,0.32394156,0.18951629,0.28945312,0.0,0.0,0.28966177,0.0013360928,0.8734097,0.18951629,2.4222898,1.7439514,36.385746,0.5872816,2.7981796,183.80298,0.25538197,0.25538197,1.0,183.80298,0.63168895,0.12659033,2.4222898,0.0013360928,0.32352427,0.108596265,0.0,1.7439514,2.7981796,0.25538197,0.25484675,0.0,0.32352427,0.25484675,0.7924975,0.25538197,1.0,0.28945312,lookahead,beam_orig0_bm0-s0to100br3-s100to200br2-s200to300br2
/work/T-REX/external/Proteina-Complexa/inference/search_binder_local_pipeline_32_PDL1_ALPHA_REPACK_v7_r006_cand_v7r006_hyp_0006_00_001_af1b7530d1b98/job_0_n_201_id_38_beam_orig1_bm1-s0to100br0-s100to200br2-s200to300br2/job_0_n_201_id_38_beam_orig1_bm1-s0to100br0-s100to200br2-s200to300br2.pdb,153,"2,0,13,16,19,16,19,14,11,3,10,18,19,19,6,18,7,15,2,12,16,9,6,4,11,13,14,19,6,11,5,10,3,10,0,0,10,9,19,18,17,6,12,6,3,11,2,9,9,5,13,19,8,7,6,6,3,10,11,19,5,8,15,15,18,1,5,1,0,1,10,10,11,3,5,10,15,10,7,2,0,0,10,5,9,16,3,19,11,10,5,3,0,7,19,18,1,4,12,9,15,18,7,7,0,3,18,11,1,9,16,19,11,19,2,0,15,0,13,3,6,2,10,2,2,10,11,16,0,19,6,0,5,3,0,10,10,19,12,11,8,15,13,0,10,12,3,10,9,3,15,6,11,3,11,15,11,0,6,15,1,0,11,6,10,10,3,13,4,2,6,19,10,15,3,14,15,11,18,15,11,3,19,10,9,5,19,1,0,10,8,3,18,10,19,5,11,13,14,15,10,0,0,0,0,0,0,0,0,0,0,0,0,0,0,0,0,0",0.6335957,0.06809717,0.2542057,3.0,0.44294292,67.86494,0.48653704,1.0,0.48653704,0.13765992,0.44294292,0.0,0.0,0.44294292,0.0009272954,0.94563293,0.13765992,5.399724,1.3009462,67.86494,0.6335957,2.35312,174.06941,0.39934883,0.39934883,1.0,174.06941,0.7457943,0.054367054,5.399724,0.0009272954,0.48653704,0.06809717,0.0,1.3009462,2.35312,0.39934883,0.19065578,0.0,0.48653704,0.19065578,0.8418746,0.39934883,1.0,0.44294292,lookahead,beam_orig1_bm1-s0to100br0-s100to200br2-s200to300br2
/work/T-REX/external/Proteina-Complexa/inference/search_binder_local_pipeline_32_PDL1_ALPHA_REPACK_v7_r006_cand_v7r006_hyp_0006_00_001_af1b7530d1b98/job_0_n_218_id_38_beam_orig2_bm3-s0to100br2-s100to200br0-s200to300br2/job_0_n_218_id_38_beam_orig2_bm3-s0to100br2-s100to200br0-s200to300br2.pdb,154,"2,0,13,16,19,16,19,14,11,3,10,18,19,19,6,18,7,15,2,12,16,9,6,4,11,13,14,19,6,11,5,10,3,10,0,0,10,9,19,18,17,6,12,6,3,11,2,9,9,5,13,19,8,7,6,6,3,10,11,19,5,8,15,15,18,1,5,1,0,1,10,10,11,3,5,10,15,10,7,2,0,0,10,5,9,16,3,19,11,10,5,3,0,7,19,18,1,4,12,9,15,18,7,7,0,3,18,11,1,9,16,19,11,19,2,0,13,16,19,16,19,14,11,3,10,18,19,19,6,18,7,15,2,12,16,9,6,4,11,13,14,19,6,11,5,10,3,10,0,0,10,9,19,18,17,6,12,6,3,11,2,9,9,5,13,19,8,7,6,6,3,10,11,19,5,8,15,15,18,1,5,1,0,1,10,10,11,3,5,10,15,10,7,2,0,0,10,5,9,16,3,19,11,10,5,3,0,7,19,18,1,4,12,9,15,18,7,7",0.61399007,0.34365967,0.7777573,3.0,0.017615985,46.847595,0.017839646,1.0,0.017839646,0.34856933,0.005749515,0.0,0.0,0.017615985,0.0019039623,0.8532433,0.34856933,3.5220206,1.3680645,46.847595,0.61399007,3.985282,200.55235,0.0,0.017392324,1.0,200.55235,0.22224273,0.1467567,3.5220206,0.0019039623,0.01149903,0.34365967,0.0,1.3680645,3.985282,0.0,0.5702619,0.0,0.01149903,0.5702619,0.5845822,0.017392324,1.0,0.005749515,lookahead,beam_orig2_bm3-s0to100br2-s100to200br0-s200to300br2
/work/T-REX/external/Proteina-Complexa/inference/search_binder_local_pipeline_32_PDL1_ALPHA_REPACK_v7_r006_cand_v7r006_hyp_0006_00_001_af1b7530d1b98/job_0_n_186_id_38_beam_orig3_bm0-s0to100br1-s100to200br2-s200to300br2/job_0_n_186_id_38_beam_orig3_bm0-s0to100br1-s100to200br2-s200to300br2.pdb,155,"2,0,13,16,19,16,19,14,11,3,10,18,19,19,6,18,7,15,2,12,16,9,6,4,11,13,14,19,6,11,5,10,3,10,0,0,10,9,19,18,17,6,12,6,3,11,2,9,9,5,13,19,8,7,6,6,3,10,11,19,5,8,15,15,18,1,5,1,0,1,10,10,11,3,5,10,15,10,7,2,0,0,10,5,9,16,3,19,11,10,5,3,0,7,19,18,1,4,12,9,15,18,7,7,0,3,18,11,1,9,16,19,11,19,2,0,15,10,2,10,6,6,10,11,6,9,9,11,6,11,13,14,5,10,14,10,3,11,5,10,10,10,11,11,19,0,6,3,19,9,16,13,11,11,11,19,16,3,10,19,2,16,10,11,6,10,10,2,9,16,10,16,6,5,6,0,13,5,10,0,14,13,19,10,15,10,0,0,0,0,0,0,0,0,0,0,0,0,0,0,0,0,0,0,0,0,0,0,0,0,0,0,0,0,0,0,0,0",0.68421197,0.053927697,0.21870124,3.0,0.52285624,26.890667,0.6001742,1.0,0.6001742,0.1294089,0.52285624,0.0,0.0,0.52285624,0.00097383093,0.94802064,0.1294089,0.8339362,1.3446426,26.890667,0.68421197,2.3097472,127.76096,0.44553834,0.44553834,1.0,127.76096,0.78129876,0.051979378,0.8339362,0.00097383093,0.6001742,0.053927697,0.0,1.3446426,2.3097472,0.44553834,0.16669616,0.0,0.6001742,0.16669616,0.85427773,0.44553834,1.0,0.52285624,lookahead,beam_orig3_bm0-s0to100br1-s100to200br2-s200to300br2
/work/T-REX/external/Proteina-Complexa/inference/search_binder_local_pipeline_32_PDL1_ALPHA_REPACK_v7_r006_cand_v7r006_hyp_0006_00_001_af1b7530d1b98/job_0_n_190_id_39_beam_orig0_bm0-s0to100br3-s100to200br2-s200to300br3/job_0_n_190_id_39_beam_orig0_bm0-s0to100br3-s100to200br2-s200to300br3.pdb,156,"2,0,13,16,19,16,19,14,11,3,10,18,19,19,6,18,7,15,2,12,16,9,6,4,11,13,14,19,6,11,5,10,3,10,0,0,10,9,19,18,17,6,12,6,3,11,2,9,9,5,13,19,8,7,6,6,3,10,11,19,5,8,15,15,18,1,5,1,0,1,10,10,11,3,5,10,15,10,7,2,0,0,10,5,9,16,3,19,11,10,5,3,0,7,19,18,1,4,12,9,15,18,7,7,0,3,18,11,1,9,16,19,11,19,2,0,15,15,3,19,2,6,10,19,15,11,10,11,2,6,10,7,15,6,13,16,14,6,9,6,8,18,0,1,10,0,19,11,0,19,11,6,6,11,2,10,3,10,0,11,6,18,10,15,11,0,5,15,10,19,11,3,2,6,11,11,10,11,13,10,11,9,12,16,3,13,9,3,15,10,0,0,0,0,0,0,0,0,0,0,0,0,0,0,0,0,0,0,0,0,0,0,0,0,0,0,0,0",0.7016045,0.056276977,0.21791613,3.0,0.550635,43.850014,0.6219055,1.0,0.6219055,0.13983409,0.550635,0.0,0.0,0.550635,0.00522587,0.92220426,0.13983409,2.0574505,1.4270244,43.850014,0.7016045,2.1302063,188.98077,0.47936448,0.47936448,1.0,188.98077,0.78208387,0.07779572,2.0574505,0.00522587,0.6219055,0.056276977,0.0,1.4270244,2.1302063,0.47936448,0.1759047,0.0,0.6219055,0.1759047,0.8633083,0.47936448,1.0,0.550635,lookahead,beam_orig0_bm0-s0to100br3-s100to200br2-s200to300br3
/work/T-REX/external/Proteina-Complexa/inference/search_binder_local_pipeline_32_PDL1_ALPHA_REPACK_v7_r006_cand_v7r006_hyp_0006_00_001_af1b7530d1b98/job_0_n_201_id_39_beam_orig1_bm1-s0to100br0-s100to200br2-s200to300br3/job_0_n_201_id_39_beam_orig1_bm1-s0to100br0-s100to200br2-s200to300br3.pdb,157,"2,0,13,16,19,16,19,14,11,3,10,18,19,19,6,18,7,15,2,12,16,9,6,4,11,13,14,19,6,11,5,10,3,10,0,0,10,9,19,18,17,6,12,6,3,11,2,9,9,5,13,19,8,7,6,6,3,10,11,19,5,8,15,15,18,1,5,1,0,1,10,10,11,3,5,10,15,10,7,2,0,0,10,5,9,16,3,19,11,10,5,3,0,7,19,18,1,4,12,9,15,18,7,7,0,3,18,11,1,9,16,19,11,19,2,0,15,6,13,6,16,16,10,11,10,10,5,1,15,19,11,0,5,3,19,10,3,19,12,11,18,15,13,1,10,12,3,10,10,3,15,6,11,3,11,16,11,0,6,15,1,0,1,6,9,10,19,13,19,3,15,19,10,15,3,14,15,11,18,15,15,3,19,10,2,19,19,11,7,10,5,3,18,10,11,15,11,13,14,15,19,0,0,0,0,0,0,0,0,0,0,0,0,0,0,0,0,0",0.66044086,0.081155404,0.32215554,3.0,0.39235038,59.687393,0.45422736,1.0,0.45422736,0.15248702,0.39235038,0.0,0.0,0.39235038,0.0008547187,0.93134344,0.15248702,5.3778334,1.298634,59.687393,0.66044086,2.6248963,171.65878,0.33047342,0.33047342,1.0,171.65878,0.67784446,0.068656534,5.3778334,0.0008547187,0.45422736,0.081155404,0.0,1.298634,2.6248963,0.33047342,0.21514283,0.0,0.45422736,0.21514283,0.8070922,0.33047342,1.0,0.39235038,lookahead,beam_orig1_bm1-s0to100br0-s100to200br2-s200to300br3
/work/T-REX/external/Proteina-Complexa/inference/search_binder_local_pipeline_32_PDL1_ALPHA_REPACK_v7_r006_cand_v7r006_hyp_0006_00_001_af1b7530d1b98/job_0_n_218_id_39_beam_orig2_bm3-s0to100br2-s100to200br0-s200to300br3/job_0_n_218_id_39_beam_orig2_bm3-s0to100br2-s100to200br0-s200to300br3.pdb,158,"2,0,13,16,19,16,19,14,11,3,10,18,19,19,6,18,7,15,2,12,16,9,6,4,11,13,14,19,6,11,5,10,3,10,0,0,10,9,19,18,17,6,12,6,3,11,2,9,9,5,13,19,8,7,6,6,3,10,11,19,5,8,15,15,18,1,5,1,0,1,10,10,11,3,5,10,15,10,7,2,0,0,10,5,9,16,3,19,11,10,5,3,0,7,19,18,1,4,12,9,15,18,7,7,0,3,18,11,1,9,16,19,11,19,2,0,13,16,19,16,19,14,11,3,10,18,19,19,6,18,7,15,2,12,16,9,6,4,11,13,14,19,6,11,5,10,3,10,0,0,10,9,19,18,17,6,12,6,3,11,2,9,9,5,13,19,8,7,6,6,3,10,11,19,5,8,15,15,18,1,5,1,0,1,10,10,11,3,5,10,15,10,7,2,0,0,10,5,9,16,3,19,11,10,5,3,0,7,19,18,1,4,12,9,15,18,7,7",0.6127896,0.3466598,0.7798672,3.0,0.016110288,45.76359,0.016854763,1.0,0.016854763,0.34960923,0.00563994,0.0,0.0,0.016110288,0.0019079237,0.8541215,0.34960923,3.2269893,1.3597311,45.76359,0.6127896,3.9941444,200.28406,0.0,0.015365813,1.0,200.28406,0.22013284,0.14587848,3.2269893,0.0019079237,0.01127988,0.3466598,0.0,1.3597311,3.9941444,0.0,0.5731215,0.0,0.01127988,0.5731215,0.58354837,0.015365813,1.0,0.00563994,lookahead,beam_orig2_bm3-s0to100br2-s100to200br0-s200to300br3
/work/T-REX/external/Proteina-Complexa/inference/search_binder_local_pipeline_32_PDL1_ALPHA_REPACK_v7_r006_cand_v7r006_hyp_0006_00_001_af1b7530d1b98/job_0_n_186_id_39_beam_orig3_bm0-s0to100br1-s100to200br2-s200to300br3/job_0_n_186_id_39_beam_orig3_bm0-s0to100br1-s100to200br2-s200to300br3.pdb,159,"2,0,13,16,19,16,19,14,11,3,10,18,19,19,6,18,7,15,2,12,16,9,6,4,11,13,14,19,6,11,5,10,3,10,0,0,10,9,19,18,17,6,12,6,3,11,2,9,9,5,13,19,8,7,6,6,3,10,11,19,5,8,15,15,18,1,5,1,0,1,10,10,11,3,5,10,15,10,7,2,0,0,10,5,9,16,3,19,11,10,5,3,0,7,19,18,1,4,12,9,15,18,7,7,0,3,18,11,1,9,16,19,11,19,2,0,19,10,2,6,3,6,10,6,2,10,9,11,6,11,13,7,11,10,3,10,3,11,5,6,10,10,11,11,16,0,6,3,19,10,10,13,11,11,11,19,11,3,10,19,11,16,13,11,11,10,10,7,9,6,10,16,6,6,5,0,13,1,13,0,14,18,9,5,15,10,0,0,0,0,0,0,0,0,0,0,0,0,0,0,0,0,0,0,0,0,0,0,0,0,0,0,0,0,0,0,0,0",0.5916092,0.09854328,0.3603369,3.0,0.29280615,38.789955,0.3555282,1.0,0.3555282,0.1797521,0.29280615,0.0,0.0,0.29280615,0.0015521841,0.9072555,0.1797521,1.6760763,1.6090503,38.789955,0.5916092,2.7834058,157.69316,0.23008409,0.23008409,1.0,157.69316,0.6396631,0.09274453,1.6760763,0.0015521841,0.3555282,0.09854328,0.0,1.6090503,2.7834058,0.23008409,0.24170232,0.0,0.3555282,0.24170232,0.795296,0.23008409,1.0,0.29280615,lookahead,beam_orig3_bm0-s0to100br1-s100to200br2-s200to300br3
/work/T-REX/external/Proteina-Complexa/inference/search_binder_local_pipeline_32_PDL1_ALPHA_REPACK_v7_r006_cand_v7r006_hyp_0006_00_001_af1b7530d1b98/job_0_n_190_id_40_beam_orig0_bm3-s0to100br2-s100to200br2-s200to300br0/job_0_n_190_id_40_beam_orig0_bm3-s0to100br2-s100to200br2-s200to300br0.pdb,160,"2,0,13,16,19,16,19,14,11,3,10,18,19,19,6,18,7,15,2,12,16,9,6,4,11,13,14,19,6,11,5,10,3,10,0,0,10,9,19,18,17,6,12,6,3,11,2,9,9,5,13,19,8,7,6,6,3,10,11,19,5,8,15,15,18,1,5,1,0,1,10,10,11,3,5,10,15,10,7,2,0,0,10,5,9,16,3,19,11,10,5,3,0,7,19,18,1,4,12,9,15,18,7,7,0,3,18,11,1,9,16,19,11,19,2,0,5,11,19,11,0,19,11,15,0,6,6,0,18,2,10,7,10,6,18,11,2,10,7,1,10,3,10,0,6,13,18,18,1,9,0,9,11,6,11,14,3,13,0,6,0,8,2,6,10,7,19,19,10,11,6,10,7,1,10,3,3,0,9,6,6,18,6,16,0,10,11,10,11,14,0,0,0,0,0,0,0,0,0,0,0,0,0,0,0,0,0,0,0,0,0,0,0,0,0,0,0,0",0.6074878,0.22001266,0.6331424,3.0,0.09275047,89.32452,0.112528905,1.0,0.112528905,0.31458333,0.025659086,0.0,0.0,0.09275047,0.021960674,0.8106655,0.31458333,5.529749,1.457044,89.32452,0.6074878,3.3103497,214.17203,0.019496877,0.07297203,1.0,214.17203,0.3668576,0.1893345,5.529749,0.021960674,0.031821296,0.22001266,0.0,1.457044,3.3103497,0.019496877,0.43497625,0.0,0.031821296,0.43497625,0.6828872,0.07297203,1.0,0.025659086,lookahead,beam_orig0_bm3-s0to100br2-s100to200br2-s200to300br0
/work/T-REX/external/Proteina-Complexa/inference/search_binder_local_pipeline_32_PDL1_ALPHA_REPACK_v7_r006_cand_v7r006_hyp_0006_00_001_af1b7530d1b98/job_0_n_201_id_40_beam_orig1_bm3-s0to100br0-s100to200br3-s200to300br0/job_0_n_201_id_40_beam_orig1_bm3-s0to100br0-s100to200br3-s200to300br0.pdb,161,"2,0,13,16,19,16,19,14,11,3,10,18,19,19,6,18,7,15,2,12,16,9,6,4,11,13,14,19,6,11,5,10,3,10,0,0,10,9,19,18,17,6,12,6,3,11,2,9,9,5,13,19,8,7,6,6,3,10,11,19,5,8,15,15,18,1,5,1,0,1,10,10,11,3,5,10,15,10,7,2,0,0,10,5,9,16,3,19,11,10,5,3,0,7,19,18,1,4,12,9,15,18,7,7,0,3,18,11,1,9,16,19,11,19,2,0,3,6,0,5,19,6,6,13,11,5,0,10,1,6,2,14,18,3,6,11,16,17,11,6,13,1,1,18,4,1,15,11,2,18,15,15,3,18,9,15,11,19,18,9,6,10,10,2,9,1,2,6,6,10,11,11,11,10,15,10,6,3,18,10,11,5,1,6,19,3,13,11,12,10,9,11,6,10,5,5,13,1,11,6,6,0,0,0,0,0,0,0,0,0,0,0,0,0,0,0,0,0",0.6580499,0.07195312,0.2444967,3.0,0.47777155,36.824398,0.4984489,1.0,0.4984489,0.1446929,0.47777155,0.0,0.0,0.47777155,0.0015365138,0.9049687,0.1446929,2.0606563,1.8077863,36.824398,0.6580499,2.348309,159.78152,0.4570942,0.4570942,1.0,159.78152,0.7555033,0.095031306,2.0606563,0.0015365138,0.4984489,0.07195312,0.0,1.8077863,2.348309,0.4570942,0.18646671,0.0,0.4984489,0.18646671,0.84685737,0.4570942,1.0,0.47777155,lookahead,beam_orig1_bm3-s0to100br0-s100to200br3-s200to300br0
/work/T-REX/external/Proteina-Complexa/inference/search_binder_local_pipeline_32_PDL1_ALPHA_REPACK_v7_r006_cand_v7r006_hyp_0006_00_001_af1b7530d1b98/job_0_n_218_id_40_beam_orig2_bm3-s0to100br2-s100to200br2-s200to300br0/job_0_n_218_id_40_beam_orig2_bm3-s0to100br2-s100to200br2-s200to300br0.pdb,162,"2,0,13,16,19,16,19,14,11,3,10,18,19,19,6,18,7,15,2,12,16,9,6,4,11,13,14,19,6,11,5,10,3,10,0,0,10,9,19,18,17,6,12,6,3,11,2,9,9,5,13,19,8,7,6,6,3,10,11,19,5,8,15,15,18,1,5,1,0,1,10,10,11,3,5,10,15,10,7,2,0,0,10,5,9,16,3,19,11,10,5,3,0,7,19,18,1,4,12,9,15,18,7,7,0,3,18,11,1,9,16,19,11,19,2,0,13,16,19,16,19,14,11,3,10,18,19,19,6,18,7,15,2,12,16,9,6,4,11,13,14,19,6,11,5,10,3,10,0,0,10,9,19,18,17,6,12,6,3,11,2,9,9,5,13,19,8,7,6,6,3,10,11,19,5,8,15,15,18,1,5,1,0,1,10,10,11,3,5,10,15,10,7,2,0,0,10,5,9,16,3,19,11,10,5,3,0,7,19,18,1,4,12,9,15,18,7,7",0.6095214,0.35133678,0.77993125,3.0,0.014525311,54.718857,0.015761932,1.0,0.015761932,0.35100648,0.0056155557,0.0,0.0,0.014525311,0.0019026505,0.85381,0.35100648,4.039004,1.3691881,54.718857,0.6095214,3.9985812,206.32945,0.0,0.013288691,1.0,206.32945,0.22006875,0.14619,4.039004,0.0019026505,0.011231111,0.35133678,0.0,1.3691881,3.9985812,0.0,0.57490075,0.0,0.011231111,0.57490075,0.58371365,0.013288691,1.0,0.0056155557,lookahead,beam_orig2_bm3-s0to100br2-s100to200br2-s200to300br0
/work/T-REX/external/Proteina-Complexa/inference/search_binder_local_pipeline_32_PDL1_ALPHA_REPACK_v7_r006_cand_v7r006_hyp_0006_00_001_af1b7530d1b98/job_0_n_186_id_40_beam_orig3_bm1-s0to100br2-s100to200br2-s200to300br0/job_0_n_186_id_40_beam_orig3_bm1-s0to100br2-s100to200br2-s200to300br0.pdb,163,"2,0,13,16,19,16,19,14,11,3,10,18,19,19,6,18,7,15,2,12,16,9,6,4,11,13,14,19,6,11,5,10,3,10,0,0,10,9,19,18,17,6,12,6,3,11,2,9,9,5,13,19,8,7,6,6,3,10,11,19,5,8,15,15,18,1,5,1,0,1,10,10,11,3,5,10,15,10,7,2,0,0,10,5,9,16,3,19,11,10,5,3,0,7,19,18,1,4,12,9,15,18,7,7,0,3,18,11,1,9,16,19,11,19,2,0,12,15,10,15,3,11,0,11,6,10,10,2,9,9,2,15,0,5,2,13,6,6,19,5,6,18,10,6,2,10,11,11,6,19,7,19,6,6,16,9,11,19,9,3,6,19,10,15,19,10,14,15,18,8,14,18,19,14,10,10,5,3,13,11,11,11,10,11,2,6,0,0,0,0,0,0,0,0,0,0,0,0,0,0,0,0,0,0,0,0,0,0,0,0,0,0,0,0,0,0,0,0",0.65456486,0.23659533,0.749542,3.0,0.037278794,89.22555,0.04046431,1.0,0.04046431,0.3507241,0.013287069,0.0,0.0,0.037278794,0.007792376,0.82231826,0.3507241,6.342271,1.6053358,89.22555,0.65456486,3.807135,193.17566,0.013021711,0.034093276,1.0,193.17566,0.250458,0.17768173,6.342271,0.007792376,0.013552427,0.23659533,0.0,1.6053358,3.807135,0.013021711,0.5070269,0.0,0.013552427,0.5070269,0.64972526,0.034093276,1.0,0.013287069,lookahead,beam_orig3_bm1-s0to100br2-s100to200br2-s200to300br0
/work/T-REX/external/Proteina-Complexa/inference/search_binder_local_pipeline_32_PDL1_ALPHA_REPACK_v7_r006_cand_v7r006_hyp_0006_00_001_af1b7530d1b98/job_0_n_190_id_41_beam_orig0_bm3-s0to100br2-s100to200br2-s200to300br1/job_0_n_190_id_41_beam_orig0_bm3-s0to100br2-s100to200br2-s200to300br1.pdb,164,"2,0,13,16,19,16,19,14,11,3,10,18,19,19,6,18,7,15,2,12,16,9,6,4,11,13,14,19,6,11,5,10,3,10,0,0,10,9,19,18,17,6,12,6,3,11,2,9,9,5,13,19,8,7,6,6,3,10,11,19,5,8,15,15,18,1,5,1,0,1,10,10,11,3,5,10,15,10,7,2,0,0,10,5,9,16,3,19,11,10,5,3,0,7,19,18,1,4,12,9,15,18,7,7,0,3,18,11,1,9,16,19,11,19,2,0,10,0,0,11,0,19,11,15,0,6,6,0,18,2,10,7,10,6,18,11,0,0,7,1,10,3,10,0,6,13,18,18,1,9,0,9,11,6,11,14,3,13,0,6,0,8,2,6,10,7,19,19,10,11,6,10,7,1,10,3,6,0,10,6,6,18,2,16,0,9,11,10,11,14,0,0,0,0,0,0,0,0,0,0,0,0,0,0,0,0,0,0,0,0,0,0,0,0,0,0,0,0",0.6213729,0.28910848,0.7574982,3.0,0.02672036,120.411804,0.029049197,1.0,0.029049197,0.37508023,0.012468645,0.0,0.0,0.02672036,0.009606743,0.80677575,0.37508023,22.065334,1.4193038,120.411804,0.6213729,3.7646058,238.3146,0.012412501,0.02439152,1.0,238.3146,0.2425018,0.19322425,22.065334,0.009606743,0.012524789,0.28910848,0.0,1.4193038,3.7646058,0.012412501,0.54159474,0.0,0.012524789,0.54159474,0.633785,0.02439152,1.0,0.012468645,lookahead,beam_orig0_bm3-s0to100br2-s100to200br2-s200to300br1
/work/T-REX/external/Proteina-Complexa/inference/search_binder_local_pipeline_32_PDL1_ALPHA_REPACK_v7_r006_cand_v7r006_hyp_0006_00_001_af1b7530d1b98/job_0_n_201_id_41_beam_orig1_bm3-s0to100br0-s100to200br3-s200to300br1/job_0_n_201_id_41_beam_orig1_bm3-s0to100br0-s100to200br3-s200to300br1.pdb,165,"2,0,13,16,19,16,19,14,11,3,10,18,19,19,6,18,7,15,2,12,16,9,6,4,11,13,14,19,6,11,5,10,3,10,0,0,10,9,19,18,17,6,12,6,3,11,2,9,9,5,13,19,8,7,6,6,3,10,11,19,5,8,15,15,18,1,5,1,0,1,10,10,11,3,5,10,15,10,7,2,0,0,10,5,9,16,3,19,11,10,5,3,0,7,19,18,1,4,12,9,15,18,7,7,0,3,18,11,1,9,16,19,11,19,2,0,6,6,11,6,19,6,2,18,11,5,0,10,1,6,2,14,18,3,6,11,0,10,0,6,9,1,0,18,10,1,15,11,2,18,15,15,3,18,9,15,11,19,10,9,6,10,10,2,9,1,2,6,6,10,1,11,11,10,15,10,6,3,18,10,11,5,1,6,15,3,13,11,3,10,9,6,6,3,5,5,10,1,11,6,6,0,0,0,0,0,0,0,0,0,0,0,0,0,0,0,0,0",0.7160294,0.056310453,0.21507597,3.0,0.57893217,32.837696,0.6238436,1.0,0.6238436,0.1539769,0.57893217,0.0,0.0,0.57893217,0.0042805616,0.8707799,0.1539769,0.94974375,2.0138044,32.837696,0.7160294,2.3009846,168.41145,0.5340207,0.5340207,1.0,168.41145,0.78492403,0.12922016,0.94974375,0.0042805616,0.6238436,0.056310453,0.0,2.0138044,2.3009846,0.5340207,0.18551669,0.0,0.6238436,0.18551669,0.85722136,0.5340207,1.0,0.57893217,lookahead,beam_orig1_bm3-s0to100br0-s100to200br3-s200to300br1
/work/T-REX/external/Proteina-Complexa/inference/search_binder_local_pipeline_32_PDL1_ALPHA_REPACK_v7_r006_cand_v7r006_hyp_0006_00_001_af1b7530d1b98/job_0_n_218_id_41_beam_orig2_bm3-s0to100br2-s100to200br2-s200to300br1/job_0_n_218_id_41_beam_orig2_bm3-s0to100br2-s100to200br2-s200to300br1.pdb,166,"2,0,13,16,19,16,19,14,11,3,10,18,19,19,6,18,7,15,2,12,16,9,6,4,11,13,14,19,6,11,5,10,3,10,0,0,10,9,19,18,17,6,12,6,3,11,2,9,9,5,13,19,8,7,6,6,3,10,11,19,5,8,15,15,18,1,5,1,0,1,10,10,11,3,5,10,15,10,7,2,0,0,10,5,9,16,3,19,11,10,5,3,0,7,19,18,1,4,12,9,15,18,7,7,0,3,18,11,1,9,16,19,11,19,2,0,13,16,19,16,19,14,11,3,10,18,19,19,6,18,7,15,2,12,16,9,6,4,11,13,14,19,6,11,5,10,3,10,0,0,10,9,19,18,17,6,12,6,3,11,2,9,9,5,13,19,8,7,6,6,3,10,11,19,5,8,15,15,18,1,5,1,0,1,10,10,11,3,5,10,15,10,7,2,0,0,10,5,9,16,3,19,11,10,5,3,0,7,19,18,1,4,12,9,15,18,7,7",0.61176753,0.34591457,0.7778226,3.0,0.016478056,50.050217,0.017618075,1.0,0.017618075,0.34916803,0.005604287,0.0,0.0,0.016478056,0.0019629512,0.8535213,0.34916803,3.901811,1.3710059,50.050217,0.61176753,3.9907434,199.76562,0.0,0.015338037,1.0,199.76562,0.22217742,0.14647873,3.901811,0.0019629512,0.011208574,0.34591457,0.0,1.3710059,3.9907434,0.0,0.5714445,0.0,0.011208574,0.5714445,0.5843619,0.015338037,1.0,0.005604287,lookahead,beam_orig2_bm3-s0to100br2-s100to200br2-s200to300br1
/work/T-REX/external/Proteina-Complexa/inference/search_binder_local_pipeline_32_PDL1_ALPHA_REPACK_v7_r006_cand_v7r006_hyp_0006_00_001_af1b7530d1b98/job_0_n_186_id_41_beam_orig3_bm1-s0to100br2-s100to200br2-s200to300br1/job_0_n_186_id_41_beam_orig3_bm1-s0to100br2-s100to200br2-s200to300br1.pdb,167,"2,0,13,16,19,16,19,14,11,3,10,18,19,19,6,18,7,15,2,12,16,9,6,4,11,13,14,19,6,11,5,10,3,10,0,0,10,9,19,18,17,6,12,6,3,11,2,9,9,5,13,19,8,7,6,6,3,10,11,19,5,8,15,15,18,1,5,1,0,1,10,10,11,3,5,10,15,10,7,2,0,0,10,5,9,16,3,19,11,10,5,3,0,7,19,18,1,4,12,9,15,18,7,7,0,3,18,11,1,9,16,19,11,19,2,0,19,2,10,15,3,11,0,11,6,10,19,5,9,9,6,16,0,15,2,13,6,6,19,19,5,18,10,6,6,10,11,3,11,10,7,2,3,6,16,9,11,9,10,3,6,19,10,10,15,10,14,15,18,8,14,18,19,14,5,10,11,0,18,1,11,11,10,5,10,6,0,0,0,0,0,0,0,0,0,0,0,0,0,0,0,0,0,0,0,0,0,0,0,0,0,0,0,0,0,0,0,0",0.63685274,0.27247345,0.777942,3.0,0.018620545,37.263924,0.021690438,1.0,0.021690438,0.37396863,0.012939469,0.0,0.0,0.018620545,0.0029640861,0.8374124,0.37396863,4.646918,1.5599358,37.263924,0.63685274,4.0232778,185.75827,0.012727825,0.015550653,1.0,185.75827,0.222058,0.16258757,4.646918,0.0029640861,0.013151113,0.27247345,0.0,1.5599358,4.0232778,0.012727825,0.54868084,0.0,0.013151113,0.54868084,0.6394508,0.015550653,1.0,0.012939469,lookahead,beam_orig3_bm1-s0to100br2-s100to200br2-s200to300br1
/work/T-REX/external/Proteina-Complexa/inference/search_binder_local_pipeline_32_PDL1_ALPHA_REPACK_v7_r006_cand_v7r006_hyp_0006_00_001_af1b7530d1b98/job_0_n_190_id_42_beam_orig0_bm3-s0to100br2-s100to200br2-s200to300br2/job_0_n_190_id_42_beam_orig0_bm3-s0to100br2-s100to200br2-s200to300br2.pdb,168,"2,0,13,16,19,16,19,14,11,3,10,18,19,19,6,18,7,15,2,12,16,9,6,4,11,13,14,19,6,11,5,10,3,10,0,0,10,9,19,18,17,6,12,6,3,11,2,9,9,5,13,19,8,7,6,6,3,10,11,19,5,8,15,15,18,1,5,1,0,1,10,10,11,3,5,10,15,10,7,2,0,0,10,5,9,16,3,19,11,10,5,3,0,7,19,18,1,4,12,9,15,18,7,7,0,3,18,11,1,9,16,19,11,19,2,0,19,19,14,7,0,19,16,15,0,6,6,0,13,2,10,7,10,3,18,11,11,0,7,1,10,3,10,0,6,13,18,18,1,9,0,9,11,6,11,14,3,13,0,6,0,8,2,6,10,7,19,19,10,11,2,10,7,1,10,3,3,0,10,11,6,18,6,16,0,10,11,10,11,14,0,0,0,0,0,0,0,0,0,0,0,0,0,0,0,0,0,0,0,0,0,0,0,0,0,0,0,0",0.6168969,0.22422165,0.6575645,3.0,0.08051501,73.67658,0.09543896,1.0,0.09543896,0.32067153,0.014781291,0.0,0.0,0.08051501,0.0069388254,0.8135398,0.32067153,4.2864003,1.4312389,73.67658,0.6168969,3.381211,200.91731,0.014316204,0.06559107,1.0,200.91731,0.3424355,0.1864602,4.2864003,0.0069388254,0.015246378,0.22422165,0.0,1.4312389,3.381211,0.014316204,0.44996488,0.0,0.015246378,0.44996488,0.67628765,0.06559107,1.0,0.014781291,lookahead,beam_orig0_bm3-s0to100br2-s100to200br2-s200to300br2
/work/T-REX/external/Proteina-Complexa/inference/search_binder_local_pipeline_32_PDL1_ALPHA_REPACK_v7_r006_cand_v7r006_hyp_0006_00_001_af1b7530d1b98/job_0_n_201_id_42_beam_orig1_bm3-s0to100br0-s100to200br3-s200to300br2/job_0_n_201_id_42_beam_orig1_bm3-s0to100br0-s100to200br3-s200to300br2.pdb,169,"2,0,13,16,19,16,19,14,11,3,10,18,19,19,6,18,7,15,2,12,16,9,6,4,11,13,14,19,6,11,5,10,3,10,0,0,10,9,19,18,17,6,12,6,3,11,2,9,9,5,13,19,8,7,6,6,3,10,11,19,5,8,15,15,18,1,5,1,0,1,10,10,11,3,5,10,15,10,7,2,0,0,10,5,9,16,3,19,11,10,5,3,0,7,19,18,1,4,12,9,15,18,7,7,0,3,18,11,1,9,16,19,11,19,2,0,9,5,11,5,19,6,10,18,11,5,0,10,1,6,3,14,16,3,6,16,16,17,0,6,13,10,1,18,10,1,15,11,2,18,15,15,3,18,9,15,11,19,1,9,6,10,10,2,9,1,2,6,6,10,1,11,11,10,15,10,6,3,18,10,11,5,1,6,0,3,13,11,2,10,9,11,6,15,5,5,13,11,11,6,6,0,0,0,0,0,0,0,0,0,0,0,0,0,0,0,0,0",0.6294104,0.07594068,0.27430177,3.0,0.43596599,65.034,0.4634394,1.0,0.4634394,0.17818695,0.43596599,0.0,0.0,0.43596599,0.007840681,0.8422702,0.17818695,2.8738167,2.1736298,65.034,0.6294104,2.5583758,211.47937,0.40849257,0.40849257,1.0,211.47937,0.72569823,0.15772982,2.8738167,0.007840681,0.4634394,0.07594068,0.0,2.1736298,2.5583758,0.40849257,0.21800826,0.0,0.4634394,0.21800826,0.8336187,0.40849257,1.0,0.43596599,lookahead,beam_orig1_bm3-s0to100br0-s100to200br3-s200to300br2
/work/T-REX/external/Proteina-Complexa/inference/search_binder_local_pipeline_32_PDL1_ALPHA_REPACK_v7_r006_cand_v7r006_hyp_0006_00_001_af1b7530d1b98/job_0_n_218_id_42_beam_orig2_bm3-s0to100br2-s100to200br2-s200to300br2/job_0_n_218_id_42_beam_orig2_bm3-s0to100br2-s100to200br2-s200to300br2.pdb,170,"2,0,13,16,19,16,19,14,11,3,10,18,19,19,6,18,7,15,2,12,16,9,6,4,11,13,14,19,6,11,5,10,3,10,0,0,10,9,19,18,17,6,12,6,3,11,2,9,9,5,13,19,8,7,6,6,3,10,11,19,5,8,15,15,18,1,5,1,0,1,10,10,11,3,5,10,15,10,7,2,0,0,10,5,9,16,3,19,11,10,5,3,0,7,19,18,1,4,12,9,15,18,7,7,0,3,18,11,1,9,16,19,11,19,2,0,13,16,19,16,19,14,11,3,10,18,19,19,6,18,7,15,2,12,16,9,6,4,11,13,14,19,6,11,5,10,3,10,0,0,10,9,19,18,17,6,12,6,3,11,2,9,9,5,13,19,8,7,6,6,3,10,11,19,5,8,15,15,18,1,5,1,0,1,10,10,11,3,5,10,15,10,7,2,0,0,10,5,9,16,3,19,11,10,5,3,0,7,19,18,1,4,12,9,15,18,7,7",0.6131874,0.3426164,0.7750632,3.0,0.017841036,48.378723,0.018150805,1.0,0.018150805,0.34681678,0.0058148084,0.0,0.0,0.017841036,0.0018936343,0.8539972,0.34681678,3.9634538,1.3651838,48.378723,0.6131874,3.9785857,196.89067,0.0,0.017531266,1.0,196.89067,0.22493677,0.14600283,3.9634538,0.0018936343,0.011629617,0.3426164,0.0,1.3651838,3.9785857,0.0,0.56724846,0.0,0.011629617,0.56724846,0.585987,0.017531266,1.0,0.0058148084,lookahead,beam_orig2_bm3-s0to100br2-s100to200br2-s200to300br2
/work/T-REX/external/Proteina-Complexa/inference/search_binder_local_pipeline_32_PDL1_ALPHA_REPACK_v7_r006_cand_v7r006_hyp_0006_00_001_af1b7530d1b98/job_0_n_186_id_42_beam_orig3_bm1-s0to100br2-s100to200br2-s200to300br2/job_0_n_186_id_42_beam_orig3_bm1-s0to100br2-s100to200br2-s200to300br2.pdb,171,"2,0,13,16,19,16,19,14,11,3,10,18,19,19,6,18,7,15,2,12,16,9,6,4,11,13,14,19,6,11,5,10,3,10,0,0,10,9,19,18,17,6,12,6,3,11,2,9,9,5,13,19,8,7,6,6,3,10,11,19,5,8,15,15,18,1,5,1,0,1,10,10,11,3,5,10,15,10,7,2,0,0,10,5,9,16,3,19,11,10,5,3,0,7,19,18,1,4,12,9,15,18,7,7,0,3,18,11,1,9,16,19,11,19,2,0,12,16,10,15,11,11,0,11,3,10,9,11,9,9,6,16,0,11,2,6,5,6,19,9,6,0,10,6,2,10,11,11,6,19,7,19,6,6,16,10,11,19,10,3,6,19,10,10,6,10,14,15,18,8,14,18,1,14,16,10,11,3,13,11,11,6,10,11,6,6,0,0,0,0,0,0,0,0,0,0,0,0,0,0,0,0,0,0,0,0,0,0,0,0,0,0,0,0,0,0,0,0",0.6137266,0.3082734,0.7589123,3.0,0.01867815,116.00121,0.022695154,1.0,0.022695154,0.3719082,0.011663831,0.0,0.0,0.01867815,0.008975002,0.80169684,0.3719082,10.8915615,1.5487626,116.00121,0.6137266,3.9612575,205.1152,0.011647675,0.0146611435,1.0,205.1152,0.24108769,0.19830318,10.8915615,0.008975002,0.0116799865,0.3082734,0.0,1.5487626,3.9612575,0.011647675,0.54332,0.0,0.0116799865,0.54332,0.6456436,0.0146611435,1.0,0.011663831,lookahead,beam_orig3_bm1-s0to100br2-s100to200br2-s200to300br2
/work/T-REX/external/Proteina-Complexa/inference/search_binder_local_pipeline_32_PDL1_ALPHA_REPACK_v7_r006_cand_v7r006_hyp_0006_00_001_af1b7530d1b98/job_0_n_190_id_43_beam_orig0_bm3-s0to100br2-s100to200br2-s200to300br3/job_0_n_190_id_43_beam_orig0_bm3-s0to100br2-s100to200br2-s200to300br3.pdb,172,"2,0,13,16,19,16,19,14,11,3,10,18,19,19,6,18,7,15,2,12,16,9,6,4,11,13,14,19,6,11,5,10,3,10,0,0,10,9,19,18,17,6,12,6,3,11,2,9,9,5,13,19,8,7,6,6,3,10,11,19,5,8,15,15,18,1,5,1,0,1,10,10,11,3,5,10,15,10,7,2,0,0,10,5,9,16,3,19,11,10,5,3,0,7,19,18,1,4,12,9,15,18,7,7,0,3,18,11,1,9,16,19,11,19,2,0,19,11,19,16,0,19,11,15,0,6,6,0,18,2,10,7,10,6,18,11,2,10,7,1,10,3,10,0,6,13,18,18,1,9,0,9,11,6,11,14,3,13,0,6,0,8,2,6,10,7,19,19,10,11,6,10,7,1,10,3,3,0,10,6,6,18,3,16,0,10,11,10,11,14,0,0,0,0,0,0,0,0,0,0,0,0,0,0,0,0,0,0,0,0,0,0,0,0,0,0,0,0",0.6347147,0.2800197,0.7526729,3.0,0.03332393,122.6481,0.03626637,1.0,0.03626637,0.3681496,0.012979943,0.0,0.0,0.03332393,0.008886482,0.79372895,0.3681496,22.16525,1.4525256,122.6481,0.6347147,3.7215707,241.4339,0.012528753,0.03038149,1.0,241.4339,0.24732707,0.20627105,22.16525,0.008886482,0.013431134,0.2800197,0.0,1.4525256,3.7215707,0.012528753,0.5276186,0.0,0.013431134,0.5276186,0.63868093,0.03038149,1.0,0.012979943,lookahead,beam_orig0_bm3-s0to100br2-s100to200br2-s200to300br3
/work/T-REX/external/Proteina-Complexa/inference/search_binder_local_pipeline_32_PDL1_ALPHA_REPACK_v7_r006_cand_v7r006_hyp_0006_00_001_af1b7530d1b98/job_0_n_201_id_43_beam_orig1_bm3-s0to100br0-s100to200br3-s200to300br3/job_0_n_201_id_43_beam_orig1_bm3-s0to100br0-s100to200br3-s200to300br3.pdb,173,"2,0,13,16,19,16,19,14,11,3,10,18,19,19,6,18,7,15,2,12,16,9,6,4,11,13,14,19,6,11,5,10,3,10,0,0,10,9,19,18,17,6,12,6,3,11,2,9,9,5,13,19,8,7,6,6,3,10,11,19,5,8,15,15,18,1,5,1,0,1,10,10,11,3,5,10,15,10,7,2,0,0,10,5,9,16,3,19,11,10,5,3,0,7,19,18,1,4,12,9,15,18,7,7,0,3,18,11,1,9,16,19,11,19,2,0,9,5,11,10,19,6,6,0,11,6,0,10,1,6,3,14,10,3,2,16,0,10,19,2,10,10,11,18,10,1,15,11,2,18,15,15,3,18,9,6,11,19,5,9,6,10,10,2,16,5,10,6,6,10,11,11,11,10,15,10,6,3,18,10,11,6,1,6,11,11,13,11,6,10,9,11,19,15,5,6,10,11,11,6,6,0,0,0,0,0,0,0,0,0,0,0,0,0,0,0,0,0",0.6526679,0.07278817,0.26917708,3.0,0.4483081,37.071552,0.49414364,1.0,0.49414364,0.15336184,0.4483081,0.0,0.0,0.4483081,0.004568474,0.89805603,0.15336184,1.4431955,1.8676817,37.071552,0.6526679,2.44856,162.70193,0.40247256,0.40247256,1.0,162.70193,0.7308229,0.10194395,1.4431955,0.004568474,0.49414364,0.07278817,0.0,1.8676817,2.44856,0.40247256,0.19940586,0.0,0.49414364,0.19940586,0.83320117,0.40247256,1.0,0.4483081,lookahead,beam_orig1_bm3-s0to100br0-s100to200br3-s200to300br3
/work/T-REX/external/Proteina-Complexa/inference/search_binder_local_pipeline_32_PDL1_ALPHA_REPACK_v7_r006_cand_v7r006_hyp_0006_00_001_af1b7530d1b98/job_0_n_218_id_43_beam_orig2_bm3-s0to100br2-s100to200br2-s200to300br3/job_0_n_218_id_43_beam_orig2_bm3-s0to100br2-s100to200br2-s200to300br3.pdb,174,"2,0,13,16,19,16,19,14,11,3,10,18,19,19,6,18,7,15,2,12,16,9,6,4,11,13,14,19,6,11,5,10,3,10,0,0,10,9,19,18,17,6,12,6,3,11,2,9,9,5,13,19,8,7,6,6,3,10,11,19,5,8,15,15,18,1,5,1,0,1,10,10,11,3,5,10,15,10,7,2,0,0,10,5,9,16,3,19,11,10,5,3,0,7,19,18,1,4,12,9,15,18,7,7,0,3,18,11,1,9,16,19,11,19,2,0,13,16,19,16,19,14,11,3,10,18,19,19,6,18,7,15,2,12,16,9,6,4,11,13,14,19,6,11,5,10,3,10,0,0,10,9,19,18,17,6,12,6,3,11,2,9,9,5,13,19,8,7,6,6,3,10,11,19,5,8,15,15,18,1,5,1,0,1,10,10,11,3,5,10,15,10,7,2,0,0,10,5,9,16,3,19,11,10,5,3,0,7,19,18,1,4,12,9,15,18,7,7",0.6113061,0.348701,0.7787176,3.0,0.016056374,50.08101,0.016767731,1.0,0.016767731,0.35013932,0.0057588397,0.0,0.0,0.016056374,0.0019264426,0.85206836,0.35013932,3.958843,1.3737005,50.08101,0.6113061,3.990694,197.39075,0.0,0.015345016,1.0,197.39075,0.22128242,0.14793165,3.958843,0.0019264426,0.011517679,0.348701,0.0,1.3737005,3.990694,0.0,0.5728267,0.0,0.011517679,0.5728267,0.58401525,0.015345016,1.0,0.0057588397,lookahead,beam_orig2_bm3-s0to100br2-s100to200br2-s200to300br3
/work/T-REX/external/Proteina-Complexa/inference/search_binder_local_pipeline_32_PDL1_ALPHA_REPACK_v7_r006_cand_v7r006_hyp_0006_00_001_af1b7530d1b98/job_0_n_186_id_43_beam_orig3_bm1-s0to100br2-s100to200br2-s200to300br3/job_0_n_186_id_43_beam_orig3_bm1-s0to100br2-s100to200br2-s200to300br3.pdb,175,"2,0,13,16,19,16,19,14,11,3,10,18,19,19,6,18,7,15,2,12,16,9,6,4,11,13,14,19,6,11,5,10,3,10,0,0,10,9,19,18,17,6,12,6,3,11,2,9,9,5,13,19,8,7,6,6,3,10,11,19,5,8,15,15,18,1,5,1,0,1,10,10,11,3,5,10,15,10,7,2,0,0,10,5,9,16,3,19,11,10,5,3,0,7,19,18,1,4,12,9,15,18,7,7,0,3,18,11,1,9,16,19,11,19,2,0,19,8,10,15,3,11,0,11,6,10,10,11,9,9,2,16,0,11,2,13,5,6,19,19,3,18,10,6,3,9,11,6,11,6,7,19,6,6,16,10,11,9,10,3,6,19,10,15,19,10,14,15,18,8,14,18,19,14,5,10,11,0,13,1,11,2,10,10,0,6,0,0,0,0,0,0,0,0,0,0,0,0,0,0,0,0,0,0,0,0,0,0,0,0,0,0,0,0,0,0,0,0",0.61884385,0.32368603,0.759311,3.0,0.02110345,116.82884,0.030472767,1.0,0.030472767,0.37090924,0.006168565,0.0,0.0,0.02110345,0.0034285274,0.82244337,0.37090924,17.111204,1.5852007,116.82884,0.61884385,4.0151525,210.1834,0.0,0.011734132,1.0,210.1834,0.24068898,0.17755663,17.111204,0.0034285274,0.01233713,0.32368603,0.0,1.5852007,4.0151525,0.0,0.54122615,0.0,0.01233713,0.54122615,0.6461538,0.011734132,1.0,0.006168565,lookahead,beam_orig3_bm1-s0to100br2-s100to200br2-s200to300br3
/work/T-REX/external/Proteina-Complexa/inference/search_binder_local_pipeline_32_PDL1_ALPHA_REPACK_v7_r006_cand_v7r006_hyp_0006_00_001_af1b7530d1b98/job_0_n_190_id_44_beam_orig0_bm3-s0to100br2-s100to200br1-s200to300br0/job_0_n_190_id_44_beam_orig0_bm3-s0to100br2-s100to200br1-s200to300br0.pdb,176,"2,0,13,16,19,16,19,14,11,3,10,18,19,19,6,18,7,15,2,12,16,9,6,4,11,13,14,19,6,11,5,10,3,10,0,0,10,9,19,18,17,6,12,6,3,11,2,9,9,5,13,19,8,7,6,6,3,10,11,19,5,8,15,15,18,1,5,1,0,1,10,10,11,3,5,10,15,10,7,2,0,0,10,5,9,16,3,19,11,10,5,3,0,7,19,18,1,4,12,9,15,18,7,7,0,3,18,11,1,9,16,19,11,19,2,0,19,6,9,9,11,7,3,15,0,6,13,10,18,2,6,7,2,1,10,11,3,9,7,1,2,3,10,0,6,13,18,18,1,10,0,10,11,10,11,14,3,13,0,6,0,8,2,2,10,7,0,19,10,1,3,10,7,1,10,3,6,0,9,6,6,18,6,9,0,10,11,10,11,14,0,0,0,0,0,0,0,0,0,0,0,0,0,0,0,0,0,0,0,0,0,0,0,0,0,0,0,0",0.6198342,0.25309354,0.67306036,3.0,0.07755241,94.57481,0.08691097,1.0,0.08691097,0.34040576,0.014155144,0.0,0.0,0.07755241,0.015370175,0.8052598,0.34040576,8.28161,1.4898932,94.57481,0.6198342,3.5507538,213.82611,0.014011884,0.06819385,1.0,213.82611,0.32693964,0.1947402,8.28161,0.015370175,0.014298403,0.25309354,0.0,1.4898932,3.5507538,0.014011884,0.4673087,0.0,0.014298403,0.4673087,0.6687038,0.06819385,1.0,0.014155144,lookahead,beam_orig0_bm3-s0to100br2-s100to200br1-s200to300br0
/work/T-REX/external/Proteina-Complexa/inference/search_binder_local_pipeline_32_PDL1_ALPHA_REPACK_v7_r006_cand_v7r006_hyp_0006_00_001_af1b7530d1b98/job_0_n_201_id_44_beam_orig1_bm3-s0to100br3-s100to200br1-s200to300br0/job_0_n_201_id_44_beam_orig1_bm3-s0to100br3-s100to200br1-s200to300br0.pdb,177,"2,0,13,16,19,16,19,14,11,3,10,18,19,19,6,18,7,15,2,12,16,9,6,4,11,13,14,19,6,11,5,10,3,10,0,0,10,9,19,18,17,6,12,6,3,11,2,9,9,5,13,19,8,7,6,6,3,10,11,19,5,8,15,15,18,1,5,1,0,1,10,10,11,3,5,10,15,10,7,2,0,0,10,5,9,16,3,19,11,10,5,3,0,7,19,18,1,4,12,9,15,18,7,7,0,3,18,11,1,9,16,19,11,19,2,0,15,16,6,9,11,3,6,9,9,11,10,10,15,11,19,5,3,11,3,11,5,1,6,10,13,15,3,10,9,15,3,11,16,15,10,3,18,9,9,11,5,10,19,19,6,10,11,2,5,7,19,10,11,11,3,3,19,6,16,10,10,11,10,0,6,11,3,14,3,9,16,6,6,16,11,2,13,10,11,11,19,10,15,6,10,0,0,0,0,0,0,0,0,0,0,0,0,0,0,0,0,0",0.6754155,0.07029778,0.26341003,3.0,0.47277084,57.7837,0.530677,1.0,0.530677,0.14591731,0.47277084,0.0,0.0,0.47277084,0.0011855995,0.92298067,0.14591731,3.2595882,1.5083543,57.7837,0.6754155,2.7962413,177.20354,0.41486466,0.41486466,1.0,177.20354,0.73658997,0.07701931,3.2595882,0.0011855995,0.530677,0.07029778,0.0,1.5083543,2.7962413,0.41486466,0.19247033,0.0,0.530677,0.19247033,0.8337748,0.41486466,1.0,0.47277084,lookahead,beam_orig1_bm3-s0to100br3-s100to200br1-s200to300br0
/work/T-REX/external/Proteina-Complexa/inference/search_binder_local_pipeline_32_PDL1_ALPHA_REPACK_v7_r006_cand_v7r006_hyp_0006_00_001_af1b7530d1b98/job_0_n_218_id_44_beam_orig2_bm3-s0to100br2-s100to200br3-s200to300br0/job_0_n_218_id_44_beam_orig2_bm3-s0to100br2-s100to200br3-s200to300br0.pdb,178,"2,0,13,16,19,16,19,14,11,3,10,18,19,19,6,18,7,15,2,12,16,9,6,4,11,13,14,19,6,11,5,10,3,10,0,0,10,9,19,18,17,6,12,6,3,11,2,9,9,5,13,19,8,7,6,6,3,10,11,19,5,8,15,15,18,1,5,1,0,1,10,10,11,3,5,10,15,10,7,2,0,0,10,5,9,16,3,19,11,10,5,3,0,7,19,18,1,4,12,9,15,18,7,7,0,3,18,11,1,9,16,19,11,19,2,0,13,16,19,16,19,14,11,3,10,18,19,19,6,18,7,15,2,12,16,9,6,4,11,13,14,19,6,11,5,10,3,10,0,0,10,9,19,18,17,6,12,6,3,11,2,9,9,5,13,19,8,7,6,6,3,10,11,19,5,8,15,15,18,1,5,1,0,1,10,10,11,3,5,10,15,10,7,2,0,0,10,5,9,16,3,19,11,10,5,3,0,7,19,18,1,4,12,9,15,18,7,7",0.61349654,0.3453093,0.7768034,3.0,0.01773307,55.896816,0.019031405,1.0,0.019031405,0.3480968,0.0057280543,0.0,0.0,0.01773307,0.0019187017,0.85311973,0.3480968,4.6543417,1.3719151,55.896816,0.61349654,3.9838367,195.50372,0.0,0.016434733,1.0,195.50372,0.2231966,0.14688028,4.6543417,0.0019187017,0.011456109,0.3453093,0.0,1.3719151,3.9838367,0.0,0.56944156,0.0,0.011456109,0.56944156,0.5851333,0.016434733,1.0,0.0057280543,lookahead,beam_orig2_bm3-s0to100br2-s100to200br3-s200to300br0
/work/T-REX/external/Proteina-Complexa/inference/search_binder_local_pipeline_32_PDL1_ALPHA_REPACK_v7_r006_cand_v7r006_hyp_0006_00_001_af1b7530d1b98/job_0_n_186_id_44_beam_orig3_bm1-s0to100br2-s100to200br1-s200to300br0/job_0_n_186_id_44_beam_orig3_bm1-s0to100br2-s100to200br1-s200to300br0.pdb,179,"2,0,13,16,19,16,19,14,11,3,10,18,19,19,6,18,7,15,2,12,16,9,6,4,11,13,14,19,6,11,5,10,3,10,0,0,10,9,19,18,17,6,12,6,3,11,2,9,9,5,13,19,8,7,6,6,3,10,11,19,5,8,15,15,18,1,5,1,0,1,10,10,11,3,5,10,15,10,7,2,0,0,10,5,9,16,3,19,11,10,5,3,0,7,19,18,1,4,12,9,15,18,7,7,0,3,18,11,1,9,16,19,11,19,2,0,9,5,10,15,14,6,0,5,0,9,10,6,11,13,2,0,7,0,15,9,15,6,19,10,3,6,10,6,0,9,11,5,15,11,7,11,3,19,0,9,5,19,16,6,6,9,9,10,0,10,14,6,8,15,14,8,9,14,6,10,11,0,13,9,6,11,10,11,2,6,0,0,0,0,0,0,0,0,0,0,0,0,0,0,0,0,0,0,0,0,0,0,0,0,0,0,0,0,0,0,0,0",0.60498273,0.45961583,0.8464869,3.0,0.005651054,66.270035,0.00601371,1.0,0.00601371,0.460024,0.0,0.0,0.0,0.005651054,0.004171468,0.75190103,0.460024,7.720807,1.7703128,66.270035,0.60498273,4.227715,225.051,0.0,0.0052883974,1.0,225.051,0.1535131,0.24809897,7.720807,0.004171468,0.0,0.45961583,0.0,1.7703128,4.227715,0.0,0.67039865,0.0,0.0,0.67039865,0.6172639,0.0052883974,1.0,0.0,lookahead,beam_orig3_bm1-s0to100br2-s100to200br1-s200to300br0
/work/T-REX/external/Proteina-Complexa/inference/search_binder_local_pipeline_32_PDL1_ALPHA_REPACK_v7_r006_cand_v7r006_hyp_0006_00_001_af1b7530d1b98/job_0_n_190_id_45_beam_orig0_bm3-s0to100br2-s100to200br1-s200to300br1/job_0_n_190_id_45_beam_orig0_bm3-s0to100br2-s100to200br1-s200to300br1.pdb,180,"2,0,13,16,19,16,19,14,11,3,10,18,19,19,6,18,7,15,2,12,16,9,6,4,11,13,14,19,6,11,5,10,3,10,0,0,10,9,19,18,17,6,12,6,3,11,2,9,9,5,13,19,8,7,6,6,3,10,11,19,5,8,15,15,18,1,5,1,0,1,10,10,11,3,5,10,15,10,7,2,0,0,10,5,9,16,3,19,11,10,5,3,0,7,19,18,1,4,12,9,15,18,7,7,0,3,18,11,1,9,16,19,11,19,2,0,19,8,19,19,11,7,3,15,0,6,13,10,18,2,6,7,2,1,10,11,3,10,7,1,2,3,10,0,6,13,18,18,1,10,0,10,11,10,11,14,3,13,0,6,0,8,2,2,10,7,0,19,10,11,3,10,7,1,10,3,6,0,9,6,6,18,6,6,0,10,11,10,11,14,0,0,0,0,0,0,0,0,0,0,0,0,0,0,0,0,0,0,0,0,0,0,0,0,0,0,0,0",0.64129233,0.28304628,0.7596924,3.0,0.033286143,99.93868,0.036678594,1.0,0.036678594,0.38081408,0.013412385,0.0,0.0,0.033286143,0.024918845,0.781411,0.38081408,9.175033,1.4585639,99.93868,0.64129233,3.7386205,226.75945,0.01300006,0.029893693,1.0,226.75945,0.24030763,0.21858902,9.175033,0.024918845,0.013824711,0.28304628,0.0,1.4585639,3.7386205,0.01300006,0.53153235,0.0,0.013824711,0.53153235,0.638063,0.029893693,1.0,0.013412385,lookahead,beam_orig0_bm3-s0to100br2-s100to200br1-s200to300br1
/work/T-REX/external/Proteina-Complexa/inference/search_binder_local_pipeline_32_PDL1_ALPHA_REPACK_v7_r006_cand_v7r006_hyp_0006_00_001_af1b7530d1b98/job_0_n_201_id_45_beam_orig1_bm3-s0to100br3-s100to200br1-s200to300br1/job_0_n_201_id_45_beam_orig1_bm3-s0to100br3-s100to200br1-s200to300br1.pdb,181,"2,0,13,16,19,16,19,14,11,3,10,18,19,19,6,18,7,15,2,12,16,9,6,4,11,13,14,19,6,11,5,10,3,10,0,0,10,9,19,18,17,6,12,6,3,11,2,9,9,5,13,19,8,7,6,6,3,10,11,19,5,8,15,15,18,1,5,1,0,1,10,10,11,3,5,10,15,10,7,2,0,0,10,5,9,16,3,19,11,10,5,3,0,7,19,18,1,4,12,9,15,18,7,7,0,3,18,11,1,9,16,19,11,19,2,0,15,16,6,9,11,3,5,0,10,11,10,10,15,11,19,11,3,11,3,10,5,1,11,10,13,15,3,10,9,15,14,3,11,15,16,3,18,9,9,1,5,10,19,19,15,10,11,3,5,7,6,10,16,11,3,3,0,6,6,10,10,11,10,0,5,7,3,14,3,9,11,19,15,16,5,2,10,10,11,11,19,9,0,6,10,0,0,0,0,0,0,0,0,0,0,0,0,0,0,0,0,0",0.618825,0.09800911,0.34087962,3.0,0.34227413,70.4301,0.39138058,1.0,0.39138058,0.1715769,0.34227413,0.0,0.0,0.34227413,0.001535821,0.90148205,0.1715769,4.051807,1.6240152,70.4301,0.618825,3.081784,186.06241,0.2931677,0.2931677,1.0,186.06241,0.6591204,0.09851795,4.051807,0.001535821,0.39138058,0.09800911,0.0,1.6240152,3.081784,0.2931677,0.2347685,0.0,0.39138058,0.2347685,0.7983674,0.2931677,1.0,0.34227413,lookahead,beam_orig1_bm3-s0to100br3-s100to200br1-s200to300br1
/work/T-REX/external/Proteina-Complexa/inference/search_binder_local_pipeline_32_PDL1_ALPHA_REPACK_v7_r006_cand_v7r006_hyp_0006_00_001_af1b7530d1b98/job_0_n_218_id_45_beam_orig2_bm3-s0to100br2-s100to200br3-s200to300br1/job_0_n_218_id_45_beam_orig2_bm3-s0to100br2-s100to200br3-s200to300br1.pdb,182,"2,0,13,16,19,16,19,14,11,3,10,18,19,19,6,18,7,15,2,12,16,9,6,4,11,13,14,19,6,11,5,10,3,10,0,0,10,9,19,18,17,6,12,6,3,11,2,9,9,5,13,19,8,7,6,6,3,10,11,19,5,8,15,15,18,1,5,1,0,1,10,10,11,3,5,10,15,10,7,2,0,0,10,5,9,16,3,19,11,10,5,3,0,7,19,18,1,4,12,9,15,18,7,7,0,3,18,11,1,9,16,19,11,19,2,0,13,16,19,16,19,14,11,3,10,18,19,19,6,18,7,15,2,12,16,9,6,4,11,13,14,19,6,11,5,10,3,10,0,0,10,9,19,18,17,6,12,6,3,11,2,9,9,5,13,19,8,7,6,6,3,10,11,19,5,8,15,15,18,1,5,1,0,1,10,10,11,3,5,10,15,10,7,2,0,0,10,5,9,16,3,19,11,10,5,3,0,7,19,18,1,4,12,9,15,18,7,7",0.61132586,0.34721756,0.77860796,3.0,0.01600278,58.82475,0.017608892,1.0,0.017608892,0.350105,0.0056517627,0.0,0.0,0.01600278,0.001961818,0.8520546,0.350105,4.13481,1.3767486,58.82475,0.61132586,3.9895763,199.9089,0.0,0.0143966675,1.0,199.9089,0.22139204,0.14794539,4.13481,0.001961818,0.011303525,0.34721756,0.0,1.3767486,3.9895763,0.0,0.5725889,0.0,0.011303525,0.5725889,0.5841935,0.0143966675,1.0,0.0056517627,lookahead,beam_orig2_bm3-s0to100br2-s100to200br3-s200to300br1
/work/T-REX/external/Proteina-Complexa/inference/search_binder_local_pipeline_32_PDL1_ALPHA_REPACK_v7_r006_cand_v7r006_hyp_0006_00_001_af1b7530d1b98/job_0_n_186_id_45_beam_orig3_bm1-s0to100br2-s100to200br1-s200to300br1/job_0_n_186_id_45_beam_orig3_bm1-s0to100br2-s100to200br1-s200to300br1.pdb,183,"2,0,13,16,19,16,19,14,11,3,10,18,19,19,6,18,7,15,2,12,16,9,6,4,11,13,14,19,6,11,5,10,3,10,0,0,10,9,19,18,17,6,12,6,3,11,2,9,9,5,13,19,8,7,6,6,3,10,11,19,5,8,15,15,18,1,5,1,0,1,10,10,11,3,5,10,15,10,7,2,0,0,10,5,9,16,3,19,11,10,5,3,0,7,19,18,1,4,12,9,15,18,7,7,0,3,18,11,1,9,16,19,11,19,2,0,7,11,10,15,14,6,0,11,11,9,10,6,10,18,6,15,7,7,15,10,0,3,9,10,7,6,10,3,15,9,11,15,6,11,7,14,6,6,0,9,11,19,16,11,6,10,10,6,19,10,14,14,8,15,14,18,9,14,5,10,11,0,18,10,6,6,10,5,0,6,0,0,0,0,0,0,0,0,0,0,0,0,0,0,0,0,0,0,0,0,0,0,0,0,0,0,0,0,0,0,0,0",0.6155802,0.40965897,0.804053,3.0,0.011464059,125.423325,0.017097624,1.0,0.017097624,0.41373447,0.0,0.0,0.0,0.011464059,0.0049434705,0.7828763,0.41373447,9.531344,1.6475838,125.423325,0.6155802,4.0193996,220.9555,0.0,0.005830494,1.0,220.9555,0.19594698,0.21712369,9.531344,0.0049434705,0.0,0.40965897,0.0,1.6475838,4.0193996,0.0,0.60196334,0.0,0.0,0.60196334,0.63291764,0.005830494,1.0,0.0,lookahead,beam_orig3_bm1-s0to100br2-s100to200br1-s200to300br1
/work/T-REX/external/Proteina-Complexa/inference/search_binder_local_pipeline_32_PDL1_ALPHA_REPACK_v7_r006_cand_v7r006_hyp_0006_00_001_af1b7530d1b98/job_0_n_190_id_46_beam_orig0_bm3-s0to100br2-s100to200br1-s200to300br2/job_0_n_190_id_46_beam_orig0_bm3-s0to100br2-s100to200br1-s200to300br2.pdb,184,"2,0,13,16,19,16,19,14,11,3,10,18,19,19,6,18,7,15,2,12,16,9,6,4,11,13,14,19,6,11,5,10,3,10,0,0,10,9,19,18,17,6,12,6,3,11,2,9,9,5,13,19,8,7,6,6,3,10,11,19,5,8,15,15,18,1,5,1,0,1,10,10,11,3,5,10,15,10,7,2,0,0,10,5,9,16,3,19,11,10,5,3,0,7,19,18,1,4,12,9,15,18,7,7,0,3,18,11,1,9,16,19,11,19,2,0,19,6,11,1,14,14,7,2,0,6,13,18,18,2,6,7,2,1,10,11,3,9,7,1,10,3,10,0,6,13,18,18,1,10,0,10,11,6,11,14,3,13,0,6,0,8,2,2,10,7,0,19,10,11,3,10,7,1,10,3,3,0,10,6,6,18,6,9,0,10,11,10,11,14,0,0,0,0,0,0,0,0,0,0,0,0,0,0,0,0,0,0,0,0,0,0,0,0,0,0,0,0",0.63230306,0.24667789,0.7130819,3.0,0.055203576,62.34764,0.059431728,1.0,0.059431728,0.35793692,0.013953118,0.0,0.0,0.055203576,0.035194185,0.7961943,0.35793692,5.481523,1.4846162,62.34764,0.63230306,3.6188412,215.60754,0.013389377,0.050975423,1.0,215.60754,0.2869181,0.20380566,5.481523,0.035194185,0.014516857,0.24667789,0.0,1.4846162,3.6188412,0.013389377,0.4925234,0.0,0.014516857,0.4925234,0.65577126,0.050975423,1.0,0.013953118,lookahead,beam_orig0_bm3-s0to100br2-s100to200br1-s200to300br2
/work/T-REX/external/Proteina-Complexa/inference/search_binder_local_pipeline_32_PDL1_ALPHA_REPACK_v7_r006_cand_v7r006_hyp_0006_00_001_af1b7530d1b98/job_0_n_201_id_46_beam_orig1_bm3-s0to100br3-s100to200br1-s200to300br2/job_0_n_201_id_46_beam_orig1_bm3-s0to100br3-s100to200br1-s200to300br2.pdb,185,"2,0,13,16,19,16,19,14,11,3,10,18,19,19,6,18,7,15,2,12,16,9,6,4,11,13,14,19,6,11,5,10,3,10,0,0,10,9,19,18,17,6,12,6,3,11,2,9,9,5,13,19,8,7,6,6,3,10,11,19,5,8,15,15,18,1,5,1,0,1,10,10,11,3,5,10,15,10,7,2,0,0,10,5,9,16,3,19,11,10,5,3,0,7,19,18,1,4,12,9,15,18,7,7,0,3,18,11,1,9,16,19,11,19,2,0,15,16,6,10,11,3,6,0,13,1,10,10,15,11,19,5,3,11,3,10,5,1,11,10,13,16,3,10,9,15,14,3,19,15,16,3,18,9,19,1,5,10,19,9,0,10,11,3,5,7,19,10,3,11,3,16,0,6,1,10,10,11,10,0,5,11,3,3,3,19,6,10,15,16,5,6,13,10,1,11,19,9,11,6,10,0,0,0,0,0,0,0,0,0,0,0,0,0,0,0,0,0",0.6304522,0.10016457,0.35776824,3.0,0.3349313,56.15778,0.37326562,1.0,0.37326562,0.17782274,0.3349313,0.0,0.0,0.3349313,0.0021273908,0.8904974,0.17782274,3.9874723,1.6996331,56.15778,0.6304522,3.117443,188.9563,0.29659703,0.29659703,1.0,188.9563,0.64223176,0.10950259,3.9874723,0.0021273908,0.37326562,0.10016457,0.0,1.6996331,3.117443,0.29659703,0.24113141,0.0,0.37326562,0.24113141,0.79708624,0.29659703,1.0,0.3349313,lookahead,beam_orig1_bm3-s0to100br3-s100to200br1-s200to300br2
/work/T-REX/external/Proteina-Complexa/inference/search_binder_local_pipeline_32_PDL1_ALPHA_REPACK_v7_r006_cand_v7r006_hyp_0006_00_001_af1b7530d1b98/job_0_n_218_id_46_beam_orig2_bm3-s0to100br2-s100to200br3-s200to300br2/job_0_n_218_id_46_beam_orig2_bm3-s0to100br2-s100to200br3-s200to300br2.pdb,186,"2,0,13,16,19,16,19,14,11,3,10,18,19,19,6,18,7,15,2,12,16,9,6,4,11,13,14,19,6,11,5,10,3,10,0,0,10,9,19,18,17,6,12,6,3,11,2,9,9,5,13,19,8,7,6,6,3,10,11,19,5,8,15,15,18,1,5,1,0,1,10,10,11,3,5,10,15,10,7,2,0,0,10,5,9,16,3,19,11,10,5,3,0,7,19,18,1,4,12,9,15,18,7,7,0,3,18,11,1,9,16,19,11,19,2,0,13,16,19,16,19,14,11,3,10,18,19,19,6,18,7,15,2,12,16,9,6,4,11,13,14,19,6,11,5,10,3,10,0,0,10,9,19,18,17,6,12,6,3,11,2,9,9,5,13,19,8,7,6,6,3,10,11,19,5,8,15,15,18,1,5,1,0,1,10,10,11,3,5,10,15,10,7,2,0,0,10,5,9,16,3,19,11,10,5,3,0,7,19,18,1,4,12,9,15,18,7,7",0.6148477,0.34287333,0.7766607,3.0,0.017852638,57.881172,0.019146241,1.0,0.019146241,0.34755334,0.005792173,0.0,0.0,0.017852638,0.0019551662,0.8525592,0.34755334,4.8102007,1.3738139,57.881172,0.6148477,3.9787557,199.1468,0.0,0.016559033,1.0,199.1468,0.2233393,0.14744082,4.8102007,0.0019551662,0.011584346,0.34287333,0.0,1.3738139,3.9787557,0.0,0.56799597,0.0,0.011584346,0.56799597,0.5851352,0.016559033,1.0,0.005792173,lookahead,beam_orig2_bm3-s0to100br2-s100to200br3-s200to300br2
/work/T-REX/external/Proteina-Complexa/inference/search_binder_local_pipeline_32_PDL1_ALPHA_REPACK_v7_r006_cand_v7r006_hyp_0006_00_001_af1b7530d1b98/job_0_n_186_id_46_beam_orig3_bm1-s0to100br2-s100to200br1-s200to300br2/job_0_n_186_id_46_beam_orig3_bm1-s0to100br2-s100to200br1-s200to300br2.pdb,187,"2,0,13,16,19,16,19,14,11,3,10,18,19,19,6,18,7,15,2,12,16,9,6,4,11,13,14,19,6,11,5,10,3,10,0,0,10,9,19,18,17,6,12,6,3,11,2,9,9,5,13,19,8,7,6,6,3,10,11,19,5,8,15,15,18,1,5,1,0,1,10,10,11,3,5,10,15,10,7,2,0,0,10,5,9,16,3,19,11,10,5,3,0,7,19,18,1,4,12,9,15,18,7,7,0,3,18,11,1,9,16,19,11,19,2,0,19,5,10,15,3,6,0,11,16,10,10,11,12,13,2,15,7,0,11,9,15,19,9,10,3,13,10,6,2,9,11,11,15,11,7,11,6,19,0,9,11,19,19,3,6,10,10,15,19,10,14,3,8,15,14,13,9,14,5,10,11,16,18,1,6,11,10,11,11,6,0,0,0,0,0,0,0,0,0,0,0,0,0,0,0,0,0,0,0,0,0,0,0,0,0,0,0,0,0,0,0,0",0.6307592,0.26715076,0.6951575,3.0,0.059425335,124.77746,0.064638965,1.0,0.064638965,0.3288246,0.014128484,0.0,0.0,0.059425335,0.0026306622,0.7621256,0.3288246,18.281998,1.7192886,124.77746,0.6307592,3.5378828,259.83453,0.013210693,0.054211706,1.0,259.83453,0.3048425,0.23787439,18.281998,0.0026306622,0.015046273,0.26715076,0.0,1.7192886,3.5378828,0.013210693,0.47140244,0.0,0.015046273,0.47140244,0.67282224,0.054211706,1.0,0.014128484,lookahead,beam_orig3_bm1-s0to100br2-s100to200br1-s200to300br2
/work/T-REX/external/Proteina-Complexa/inference/search_binder_local_pipeline_32_PDL1_ALPHA_REPACK_v7_r006_cand_v7r006_hyp_0006_00_001_af1b7530d1b98/job_0_n_190_id_47_beam_orig0_bm3-s0to100br2-s100to200br1-s200to300br3/job_0_n_190_id_47_beam_orig0_bm3-s0to100br2-s100to200br1-s200to300br3.pdb,188,"2,0,13,16,19,16,19,14,11,3,10,18,19,19,6,18,7,15,2,12,16,9,6,4,11,13,14,19,6,11,5,10,3,10,0,0,10,9,19,18,17,6,12,6,3,11,2,9,9,5,13,19,8,7,6,6,3,10,11,19,5,8,15,15,18,1,5,1,0,1,10,10,11,3,5,10,15,10,7,2,0,0,10,5,9,16,3,19,11,10,5,3,0,7,19,18,1,4,12,9,15,18,7,7,0,3,18,11,1,9,16,19,11,19,2,0,0,19,19,19,11,7,3,15,0,6,13,10,18,2,6,7,2,1,10,11,3,9,7,1,10,3,10,0,6,13,18,18,1,10,0,10,11,10,11,14,3,13,0,6,0,8,2,2,10,7,0,19,10,11,3,10,7,1,10,3,6,0,10,6,6,18,6,16,0,10,11,10,11,14,0,0,0,0,0,0,0,0,0,0,0,0,0,0,0,0,0,0,0,0,0,0,0,0,0,0,0,0",0.6333761,0.24503334,0.6807635,3.0,0.07768914,89.09269,0.09076578,1.0,0.09076578,0.34019005,0.014168145,0.0,0.0,0.07768914,0.009559254,0.80569625,0.34019005,8.241947,1.4319063,89.09269,0.6333761,3.5774307,216.28406,0.013502109,0.06461251,1.0,216.28406,0.31923652,0.19430378,8.241947,0.009559254,0.014834181,0.24503334,0.0,1.4319063,3.5774307,0.013502109,0.46545827,0.0,0.014834181,0.46545827,0.66792405,0.06461251,1.0,0.014168145,lookahead,beam_orig0_bm3-s0to100br2-s100to200br1-s200to300br3
/work/T-REX/external/Proteina-Complexa/inference/search_binder_local_pipeline_32_PDL1_ALPHA_REPACK_v7_r006_cand_v7r006_hyp_0006_00_001_af1b7530d1b98/job_0_n_201_id_47_beam_orig1_bm3-s0to100br3-s100to200br1-s200to300br3/job_0_n_201_id_47_beam_orig1_bm3-s0to100br3-s100to200br1-s200to300br3.pdb,189,"2,0,13,16,19,16,19,14,11,3,10,18,19,19,6,18,7,15,2,12,16,9,6,4,11,13,14,19,6,11,5,10,3,10,0,0,10,9,19,18,17,6,12,6,3,11,2,9,9,5,13,19,8,7,6,6,3,10,11,19,5,8,15,15,18,1,5,1,0,1,10,10,11,3,5,10,15,10,7,2,0,0,10,5,9,16,3,19,11,10,5,3,0,7,19,18,1,4,12,9,15,18,7,7,0,3,18,11,1,9,16,19,11,19,2,0,15,15,6,19,11,3,6,9,10,1,10,10,15,11,19,11,3,11,3,11,5,1,11,10,13,16,3,10,9,15,14,15,11,15,2,3,18,9,19,5,6,10,19,9,0,10,12,6,6,7,6,10,16,11,3,3,19,6,1,10,10,6,10,0,5,11,3,3,3,9,15,19,15,16,5,2,13,10,11,16,19,10,0,11,10,0,0,0,0,0,0,0,0,0,0,0,0,0,0,0,0,0",0.7047216,0.057112653,0.2171799,3.0,0.5544118,66.37941,0.6173378,1.0,0.6173378,0.13590896,0.5544118,0.0,0.0,0.5544118,0.0015940828,0.92849064,0.13590896,5.1575656,1.4985178,66.37941,0.7047216,2.7419736,195.23796,0.49148586,0.49148586,1.0,195.23796,0.7828201,0.071509354,5.1575656,0.0015940828,0.6173378,0.057112653,0.0,1.4985178,2.7419736,0.49148586,0.17546003,0.0,0.6173378,0.17546003,0.8526631,0.49148586,1.0,0.5544118,lookahead,beam_orig1_bm3-s0to100br3-s100to200br1-s200to300br3
/work/T-REX/external/Proteina-Complexa/inference/search_binder_local_pipeline_32_PDL1_ALPHA_REPACK_v7_r006_cand_v7r006_hyp_0006_00_001_af1b7530d1b98/job_0_n_218_id_47_beam_orig2_bm3-s0to100br2-s100to200br3-s200to300br3/job_0_n_218_id_47_beam_orig2_bm3-s0to100br2-s100to200br3-s200to300br3.pdb,190,"2,0,13,16,19,16,19,14,11,3,10,18,19,19,6,18,7,15,2,12,16,9,6,4,11,13,14,19,6,11,5,10,3,10,0,0,10,9,19,18,17,6,12,6,3,11,2,9,9,5,13,19,8,7,6,6,3,10,11,19,5,8,15,15,18,1,5,1,0,1,10,10,11,3,5,10,15,10,7,2,0,0,10,5,9,16,3,19,11,10,5,3,0,7,19,18,1,4,12,9,15,18,7,7,0,3,18,11,1,9,16,19,11,19,2,0,13,16,19,16,19,14,11,3,10,18,19,19,6,18,7,15,2,12,16,9,6,4,11,13,14,19,6,11,5,10,3,10,0,0,10,9,19,18,17,6,12,6,3,11,2,9,9,5,13,19,8,7,6,6,3,10,11,19,5,8,15,15,18,1,5,1,0,1,10,10,11,3,5,10,15,10,7,2,0,0,10,5,9,16,3,19,11,10,5,3,0,7,19,18,1,4,12,9,15,18,7,7",0.6130334,0.3469536,0.77859473,3.0,0.01656963,59.850555,0.01776052,1.0,0.01776052,0.34920543,0.0056684036,0.0,0.0,0.01656963,0.0019567925,0.8525803,0.34920543,4.4647923,1.3713816,59.850555,0.6130334,3.9873958,196.94447,0.0,0.015378737,1.0,196.94447,0.2214053,0.14741969,4.4647923,0.0019567925,0.011336807,0.3469536,0.0,1.3713816,3.9873958,0.0,0.5714283,0.0,0.011336807,0.5714283,0.58420944,0.015378737,1.0,0.0056684036,lookahead,beam_orig2_bm3-s0to100br2-s100to200br3-s200to300br3
/work/T-REX/external/Proteina-Complexa/inference/search_binder_local_pipeline_32_PDL1_ALPHA_REPACK_v7_r006_cand_v7r006_hyp_0006_00_001_af1b7530d1b98/job_0_n_186_id_47_beam_orig3_bm1-s0to100br2-s100to200br1-s200to300br3/job_0_n_186_id_47_beam_orig3_bm1-s0to100br2-s100to200br1-s200to300br3.pdb,191,"2,0,13,16,19,16,19,14,11,3,10,18,19,19,6,18,7,15,2,12,16,9,6,4,11,13,14,19,6,11,5,10,3,10,0,0,10,9,19,18,17,6,12,6,3,11,2,9,9,5,13,19,8,7,6,6,3,10,11,19,5,8,15,15,18,1,5,1,0,1,10,10,11,3,5,10,15,10,7,2,0,0,10,5,9,16,3,19,11,10,5,3,0,7,19,18,1,4,12,9,15,18,7,7,0,3,18,11,1,9,16,19,11,19,2,0,19,5,10,15,6,3,0,11,16,0,10,5,12,13,11,3,7,0,15,13,15,6,9,19,3,18,10,6,15,9,11,11,6,11,7,0,6,19,0,0,2,19,9,11,6,10,10,10,19,10,14,0,18,15,14,18,9,14,5,10,11,0,18,10,6,5,10,5,2,6,0,0,0,0,0,0,0,0,0,0,0,0,0,0,0,0,0,0,0,0,0,0,0,0,0,0,0,0,0,0,0,0",0.5983845,0.3354646,0.71846706,3.0,0.031191438,121.9774,0.05252268,1.0,0.05252268,0.35877386,0.006586911,0.0,0.0,0.031191438,0.0023471373,0.77931,0.35877386,10.64232,1.8057225,121.9774,0.5983845,3.7767143,217.5564,0.0,0.009860194,1.0,217.5564,0.28153294,0.22069001,10.64232,0.0023471373,0.013173822,0.3354646,0.0,1.8057225,3.7767143,0.0,0.5105076,0.0,0.013173822,0.5105076,0.6651133,0.009860194,1.0,0.006586911,lookahead,beam_orig3_bm1-s0to100br2-s100to200br1-s200to300br3
/work/T-REX/external/Proteina-Complexa/inference/search_binder_local_pipeline_32_PDL1_ALPHA_REPACK_v7_r006_cand_v7r006_hyp_0006_00_001_af1b7530d1b98/job_0_n_190_id_48_beam_orig0_bm0-s0to100br3-s100to200br2-s200to300br3-s300to400br0/job_0_n_190_id_48_beam_orig0_bm0-s0to100br3-s100to200br2-s200to300br3-s300to400br0.pdb,192,"2,0,13,16,19,16,19,14,11,3,10,18,19,19,6,18,7,15,2,12,16,9,6,4,11,13,14,19,6,11,5,10,3,10,0,0,10,9,19,18,17,6,12,6,3,11,2,9,9,5,13,19,8,7,6,6,3,10,11,19,5,8,15,15,18,1,5,1,0,1,10,10,11,3,5,10,15,10,7,2,0,0,10,5,9,16,3,19,11,10,5,3,0,7,19,18,1,4,12,9,15,18,7,7,0,3,18,11,1,9,16,19,11,19,2,0,15,15,3,19,2,6,10,19,15,11,10,11,3,6,10,7,15,6,13,16,14,6,9,6,8,18,0,1,10,0,19,11,0,19,11,6,6,11,2,10,3,10,0,11,6,18,10,15,11,0,5,15,10,19,11,3,2,6,11,11,13,11,13,10,11,9,12,16,3,13,9,3,15,10,0,0,0,0,0,0,0,0,0,0,0,0,0,0,0,0,0,0,0,0,0,0,0,0,0,0,0,0",0.585693,0.12650606,0.37556458,3.0,0.2774017,52.18063,0.3052084,1.0,0.3052084,0.18973202,0.27719092,0.0,0.0,0.2774017,0.005106809,0.8858297,0.18973202,2.7094421,1.4942422,52.18063,0.585693,2.68781,203.83852,0.24959496,0.24959496,1.0,203.83852,0.6244354,0.11417031,2.7094421,0.005106809,0.30478692,0.12650606,0.0,1.4942422,2.68781,0.24959496,0.25505552,0.0,0.30478692,0.25505552,0.79037917,0.24959496,1.0,0.27719092,lookahead,beam_orig0_bm0-s0to100br3-s100to200br2-s200to300br3-s300to400br0
/work/T-REX/external/Proteina-Complexa/inference/search_binder_local_pipeline_32_PDL1_ALPHA_REPACK_v7_r006_cand_v7r006_hyp_0006_00_001_af1b7530d1b98/job_0_n_201_id_48_beam_orig1_bm3-s0to100br0-s100to200br3-s200to300br1-s300to400br0/job_0_n_201_id_48_beam_orig1_bm3-s0to100br0-s100to200br3-s200to300br1-s300to400br0.pdb,193,"2,0,13,16,19,16,19,14,11,3,10,18,19,19,6,18,7,15,2,12,16,9,6,4,11,13,14,19,6,11,5,10,3,10,0,0,10,9,19,18,17,6,12,6,3,11,2,9,9,5,13,19,8,7,6,6,3,10,11,19,5,8,15,15,18,1,5,1,0,1,10,10,11,3,5,10,15,10,7,2,0,0,10,5,9,16,3,19,11,10,5,3,0,7,19,18,1,4,12,9,15,18,7,7,0,3,18,11,1,9,16,19,11,19,2,0,6,6,11,6,19,6,2,18,11,5,0,10,1,6,2,14,18,3,6,11,0,10,0,6,10,1,0,18,10,1,15,11,2,18,15,15,3,18,9,15,11,19,10,9,6,10,10,2,9,1,2,5,6,10,1,11,11,10,15,10,6,3,18,10,11,5,1,6,15,3,13,11,3,10,9,6,6,3,5,5,10,1,11,6,6,0,0,0,0,0,0,0,0,0,0,0,0,0,0,0,0,0",0.7322365,0.05185092,0.20414442,3.0,0.60214627,49.78426,0.6514206,1.0,0.6514206,0.14594795,0.60214627,0.0,0.0,0.60214627,0.0035789595,0.88826466,0.14594795,1.5749509,1.9279742,49.78426,0.7322365,2.3335214,190.29218,0.552872,0.552872,1.0,190.29218,0.7958556,0.11173534,1.5749509,0.0035789595,0.6514206,0.05185092,0.0,1.9279742,2.3335214,0.552872,0.17612642,0.0,0.6514206,0.17612642,0.85975266,0.552872,1.0,0.60214627,lookahead,beam_orig1_bm3-s0to100br0-s100to200br3-s200to300br1-s300to400br0
/work/T-REX/external/Proteina-Complexa/inference/search_binder_local_pipeline_32_PDL1_ALPHA_REPACK_v7_r006_cand_v7r006_hyp_0006_00_001_af1b7530d1b98/job_0_n_218_id_48_beam_orig2_bm3-s0to100br2-s100to200br0-s200to300br1-s300to400br0/job_0_n_218_id_48_beam_orig2_bm3-s0to100br2-s100to200br0-s200to300br1-s300to400br0.pdb,194,"2,0,13,16,19,16,19,14,11,3,10,18,19,19,6,18,7,15,2,12,16,9,6,4,11,13,14,19,6,11,5,10,3,10,0,0,10,9,19,18,17,6,12,6,3,11,2,9,9,5,13,19,8,7,6,6,3,10,11,19,5,8,15,15,18,1,5,1,0,1,10,10,11,3,5,10,15,10,7,2,0,0,10,5,9,16,3,19,11,10,5,3,0,7,19,18,1,4,12,9,15,18,7,7,0,3,18,11,1,9,16,19,11,19,2,0,13,16,19,16,19,14,11,3,10,18,19,19,6,18,7,15,2,12,16,9,6,4,11,13,14,19,6,11,5,10,3,10,0,0,10,9,19,18,17,6,12,6,3,11,2,9,9,5,13,19,8,7,6,6,3,10,11,19,5,8,15,15,18,1,5,1,0,1,10,10,11,3,5,10,15,10,7,2,0,0,10,5,9,16,3,19,11,10,5,3,0,7,19,18,1,4,12,9,15,18,7,7",0.6102959,0.35075274,0.78085923,3.0,0.014721448,45.178017,0.01575601,1.0,0.01575601,0.35155866,0.0057222694,0.0,0.0,0.014721448,0.0019469063,0.8531367,0.35155866,3.3888729,1.3710053,45.178017,0.6102959,4.003753,200.04118,0.0,0.013686885,1.0,200.04118,0.21914078,0.14686328,3.3888729,0.0019469063,0.011444539,0.35075274,0.0,1.3710053,4.003753,0.0,0.5757144,0.0,0.011444539,0.5757144,0.58297634,0.013686885,1.0,0.0057222694,lookahead,beam_orig2_bm3-s0to100br2-s100to200br0-s200to300br1-s300to400br0
/work/T-REX/external/Proteina-Complexa/inference/search_binder_local_pipeline_32_PDL1_ALPHA_REPACK_v7_r006_cand_v7r006_hyp_0006_00_001_af1b7530d1b98/job_0_n_186_id_48_beam_orig3_bm0-s0to100br1-s100to200br2-s200to300br0-s300to400br0/job_0_n_186_id_48_beam_orig3_bm0-s0to100br1-s100to200br2-s200to300br0-s300to400br0.pdb,195,"2,0,13,16,19,16,19,14,11,3,10,18,19,19,6,18,7,15,2,12,16,9,6,4,11,13,14,19,6,11,5,10,3,10,0,0,10,9,19,18,17,6,12,6,3,11,2,9,9,5,13,19,8,7,6,6,3,10,11,19,5,8,15,15,18,1,5,1,0,1,10,10,11,3,5,10,15,10,7,2,0,0,10,5,9,16,3,19,11,10,5,3,0,7,19,18,1,4,12,9,15,18,7,7,0,3,18,11,1,9,16,19,11,19,2,0,19,10,15,6,3,6,10,5,5,10,9,11,6,11,13,11,0,10,14,10,3,11,5,6,0,9,11,11,8,0,5,3,19,10,10,13,11,11,11,19,11,3,10,19,2,10,10,6,11,6,10,11,10,16,10,16,6,11,5,0,13,5,10,0,14,13,9,19,2,10,0,0,0,0,0,0,0,0,0,0,0,0,0,0,0,0,0,0,0,0,0,0,0,0,0,0,0,0,0,0,0,0",0.6961458,0.052572336,0.21997792,3.0,0.533062,39.97727,0.6065445,1.0,0.6065445,0.1305581,0.533062,0.0,0.0,0.533062,0.0012572986,0.94032687,0.1305581,1.2269514,1.4391865,39.97727,0.6961458,2.390947,142.32277,0.45957947,0.45957947,1.0,142.32277,0.7800221,0.059673112,1.2269514,0.0012572986,0.6065445,0.052572336,0.0,1.4391865,2.390947,0.45957947,0.16688313,0.0,0.6065445,0.16688313,0.8550301,0.45957947,1.0,0.533062,lookahead,beam_orig3_bm0-s0to100br1-s100to200br2-s200to300br0-s300to400br0
/work/T-REX/external/Proteina-Complexa/inference/search_binder_local_pipeline_32_PDL1_ALPHA_REPACK_v7_r006_cand_v7r006_hyp_0006_00_001_af1b7530d1b98/job_0_n_190_id_49_beam_orig0_bm0-s0to100br3-s100to200br2-s200to300br3-s300to400br1/job_0_n_190_id_49_beam_orig0_bm0-s0to100br3-s100to200br2-s200to300br3-s300to400br1.pdb,196,"2,0,13,16,19,16,19,14,11,3,10,18,19,19,6,18,7,15,2,12,16,9,6,4,11,13,14,19,6,11,5,10,3,10,0,0,10,9,19,18,17,6,12,6,3,11,2,9,9,5,13,19,8,7,6,6,3,10,11,19,5,8,15,15,18,1,5,1,0,1,10,10,11,3,5,10,15,10,7,2,0,0,10,5,9,16,3,19,11,10,5,3,0,7,19,18,1,4,12,9,15,18,7,7,0,3,18,11,1,9,16,19,11,19,2,0,15,15,3,19,3,6,10,19,15,11,10,11,2,6,10,7,15,6,13,16,14,6,9,6,8,18,0,1,10,0,19,11,0,19,11,6,6,11,2,2,3,10,0,11,6,18,10,15,11,0,5,15,10,19,11,3,2,6,11,11,10,11,13,10,11,9,12,16,3,13,9,3,15,10,0,0,0,0,0,0,0,0,0,0,0,0,0,0,0,0,0,0,0,0,0,0,0,0,0,0,0,0",0.649424,0.07689867,0.2842688,3.0,0.4265219,57.956184,0.49249983,1.0,0.49249983,0.15621865,0.4265219,0.0,0.0,0.4265219,0.004456875,0.9098289,0.15621865,2.3444743,1.4605505,57.956184,0.649424,2.4597745,210.44298,0.360544,0.360544,1.0,210.44298,0.7157312,0.09017109,2.3444743,0.004456875,0.49249983,0.07689867,0.0,1.4605505,2.4597745,0.360544,0.20350109,0.0,0.49249983,0.20350109,0.8353503,0.360544,1.0,0.4265219,lookahead,beam_orig0_bm0-s0to100br3-s100to200br2-s200to300br3-s300to400br1
/work/T-REX/external/Proteina-Complexa/inference/search_binder_local_pipeline_32_PDL1_ALPHA_REPACK_v7_r006_cand_v7r006_hyp_0006_00_001_af1b7530d1b98/job_0_n_201_id_49_beam_orig1_bm3-s0to100br0-s100to200br3-s200to300br1-s300to400br1/job_0_n_201_id_49_beam_orig1_bm3-s0to100br0-s100to200br3-s200to300br1-s300to400br1.pdb,197,"2,0,13,16,19,16,19,14,11,3,10,18,19,19,6,18,7,15,2,12,16,9,6,4,11,13,14,19,6,11,5,10,3,10,0,0,10,9,19,18,17,6,12,6,3,11,2,9,9,5,13,19,8,7,6,6,3,10,11,19,5,8,15,15,18,1,5,1,0,1,10,10,11,3,5,10,15,10,7,2,0,0,10,5,9,16,3,19,11,10,5,3,0,7,19,18,1,4,12,9,15,18,7,7,0,3,18,11,1,9,16,19,11,19,2,0,6,6,11,6,19,6,2,18,11,5,0,10,1,6,2,14,18,3,6,11,0,10,0,6,9,1,0,18,10,11,15,11,2,18,15,15,3,18,9,15,11,19,10,9,6,10,10,2,9,1,2,6,6,10,1,11,11,10,15,10,6,3,18,10,11,5,1,6,15,3,13,11,3,10,9,6,6,3,5,5,10,1,11,6,6,0,0,0,0,0,0,0,0,0,0,0,0,0,0,0,0,0",0.7102698,0.058307048,0.21953845,3.0,0.568348,27.537449,0.6134765,1.0,0.6134765,0.15530571,0.568348,0.0,0.0,0.568348,0.0048949285,0.87386316,0.15530571,0.62274593,2.020844,27.537449,0.7102698,2.3281786,162.08405,0.52321947,0.52321947,1.0,162.08405,0.78046155,0.12613685,0.62274593,0.0048949285,0.6134765,0.058307048,0.0,2.020844,2.3281786,0.52321947,0.18738587,0.0,0.6134765,0.18738587,0.8547822,0.52321947,1.0,0.568348,lookahead,beam_orig1_bm3-s0to100br0-s100to200br3-s200to300br1-s300to400br1
/work/T-REX/external/Proteina-Complexa/inference/search_binder_local_pipeline_32_PDL1_ALPHA_REPACK_v7_r006_cand_v7r006_hyp_0006_00_001_af1b7530d1b98/job_0_n_218_id_49_beam_orig2_bm3-s0to100br2-s100to200br0-s200to300br1-s300to400br1/job_0_n_218_id_49_beam_orig2_bm3-s0to100br2-s100to200br0-s200to300br1-s300to400br1.pdb,198,"2,0,13,16,19,16,19,14,11,3,10,18,19,19,6,18,7,15,2,12,16,9,6,4,11,13,14,19,6,11,5,10,3,10,0,0,10,9,19,18,17,6,12,6,3,11,2,9,9,5,13,19,8,7,6,6,3,10,11,19,5,8,15,15,18,1,5,1,0,1,10,10,11,3,5,10,15,10,7,2,0,0,10,5,9,16,3,19,11,10,5,3,0,7,19,18,1,4,12,9,15,18,7,7,0,3,18,11,1,9,16,19,11,19,2,0,13,16,19,16,19,14,11,3,10,18,19,19,6,18,7,15,2,12,16,9,6,4,11,13,14,19,6,11,5,10,3,10,0,0,10,9,19,18,17,6,12,6,3,11,2,9,9,5,13,19,8,7,6,6,3,10,11,19,5,8,15,15,18,1,5,1,0,1,10,10,11,3,5,10,15,10,7,2,0,0,10,5,9,16,3,19,11,10,5,3,0,7,19,18,1,4,12,9,15,18,7,7",0.61165047,0.34738547,0.7778641,3.0,0.016158497,44.388454,0.016929746,1.0,0.016929746,0.34889403,0.005837982,0.0,0.0,0.016158497,0.0019046958,0.85417855,0.34889403,3.3920066,1.3651093,44.388454,0.61165047,3.9908597,196.94606,0.0,0.015387249,1.0,196.94606,0.22213587,0.14582148,3.3920066,0.0019046958,0.011675964,0.34738547,0.0,1.3651093,3.9908597,0.0,0.57130426,0.0,0.011675964,0.57130426,0.5846092,0.015387249,1.0,0.005837982,lookahead,beam_orig2_bm3-s0to100br2-s100to200br0-s200to300br1-s300to400br1
/work/T-REX/external/Proteina-Complexa/inference/search_binder_local_pipeline_32_PDL1_ALPHA_REPACK_v7_r006_cand_v7r006_hyp_0006_00_001_af1b7530d1b98/job_0_n_186_id_49_beam_orig3_bm0-s0to100br1-s100to200br2-s200to300br0-s300to400br1/job_0_n_186_id_49_beam_orig3_bm0-s0to100br1-s100to200br2-s200to300br0-s300to400br1.pdb,199,"2,0,13,16,19,16,19,14,11,3,10,18,19,19,6,18,7,15,2,12,16,9,6,4,11,13,14,19,6,11,5,10,3,10,0,0,10,9,19,18,17,6,12,6,3,11,2,9,9,5,13,19,8,7,6,6,3,10,11,19,5,8,15,15,18,1,5,1,0,1,10,10,11,3,5,10,15,10,7,2,0,0,10,5,9,16,3,19,11,10,5,3,0,7,19,18,1,4,12,9,15,18,7,7,0,3,18,11,1,9,16,19,11,19,2,0,19,10,15,6,3,6,10,5,5,10,9,11,6,11,13,11,0,10,14,10,3,11,5,6,0,9,11,11,8,0,5,3,19,10,10,13,11,11,11,19,11,3,10,19,2,10,10,6,11,6,10,11,10,16,10,16,6,11,5,0,13,5,10,0,14,13,9,19,2,10,0,0,0,0,0,0,0,0,0,0,0,0,0,0,0,0,0,0,0,0,0,0,0,0,0,0,0,0,0,0,0,0",0.6881719,0.052615132,0.2227363,3.0,0.5235587,39.24488,0.5987899,1.0,0.5987899,0.13259628,0.5235587,0.0,0.0,0.5235587,0.0012681314,0.9381381,0.13259628,1.1906492,1.4640682,39.24488,0.6881719,2.398237,141.34526,0.4483275,0.4483275,1.0,141.34526,0.7772637,0.061861884,1.1906492,0.0012681314,0.5987899,0.052615132,0.0,1.4640682,2.398237,0.4483275,0.1694912,0.0,0.5987899,0.1694912,0.8538718,0.4483275,1.0,0.5235587,lookahead,beam_orig3_bm0-s0to100br1-s100to200br2-s200to300br0-s300to400br1
/work/T-REX/external/Proteina-Complexa/inference/search_binder_local_pipeline_32_PDL1_ALPHA_REPACK_v7_r006_cand_v7r006_hyp_0006_00_001_af1b7530d1b98/job_0_n_190_id_50_beam_orig0_bm0-s0to100br3-s100to200br2-s200to300br3-s300to400br2/job_0_n_190_id_50_beam_orig0_bm0-s0to100br3-s100to200br2-s200to300br3-s300to400br2.pdb,200,"2,0,13,16,19,16,19,14,11,3,10,18,19,19,6,18,7,15,2,12,16,9,6,4,11,13,14,19,6,11,5,10,3,10,0,0,10,9,19,18,17,6,12,6,3,11,2,9,9,5,13,19,8,7,6,6,3,10,11,19,5,8,15,15,18,1,5,1,0,1,10,10,11,3,5,10,15,10,7,2,0,0,10,5,9,16,3,19,11,10,5,3,0,7,19,18,1,4,12,9,15,18,7,7,0,3,18,11,1,9,16,19,11,19,2,0,15,15,3,19,3,6,10,19,15,11,10,11,3,6,10,7,15,6,13,16,14,6,9,6,8,18,0,1,10,0,19,11,0,19,11,6,6,11,2,10,3,10,0,11,6,18,10,15,11,0,5,15,10,19,11,3,2,6,11,11,10,11,13,10,11,9,12,16,3,13,9,3,15,10,0,0,0,0,0,0,0,0,0,0,0,0,0,0,0,0,0,0,0,0,0,0,0,0,0,0,0,0",0.69460046,0.059568435,0.22185826,3.0,0.5377767,46.437508,0.6042912,1.0,0.6042912,0.13825843,0.5377767,0.0,0.0,0.5377767,0.0045334073,0.92626894,0.13825843,2.0775714,1.4298857,46.437508,0.69460046,2.1744857,193.93709,0.47126222,0.47126222,1.0,193.93709,0.77814174,0.07373104,2.0775714,0.0045334073,0.6042912,0.059568435,0.0,1.4298857,2.1744857,0.47126222,0.17596363,0.0,0.6042912,0.17596363,0.86264807,0.47126222,1.0,0.5377767,lookahead,beam_orig0_bm0-s0to100br3-s100to200br2-s200to300br3-s300to400br2
/work/T-REX/external/Proteina-Complexa/inference/search_binder_local_pipeline_32_PDL1_ALPHA_REPACK_v7_r006_cand_v7r006_hyp_0006_00_001_af1b7530d1b98/job_0_n_201_id_50_beam_orig1_bm3-s0to100br0-s100to200br3-s200to300br1-s300to400br2/job_0_n_201_id_50_beam_orig1_bm3-s0to100br0-s100to200br3-s200to300br1-s300to400br2.pdb,201,"2,0,13,16,19,16,19,14,11,3,10,18,19,19,6,18,7,15,2,12,16,9,6,4,11,13,14,19,6,11,5,10,3,10,0,0,10,9,19,18,17,6,12,6,3,11,2,9,9,5,13,19,8,7,6,6,3,10,11,19,5,8,15,15,18,1,5,1,0,1,10,10,11,3,5,10,15,10,7,2,0,0,10,5,9,16,3,19,11,10,5,3,0,7,19,18,1,4,12,9,15,18,7,7,0,3,18,11,1,9,16,19,11,19,2,0,6,6,11,6,19,6,2,18,11,5,0,10,1,6,2,14,18,3,6,11,0,10,0,6,10,1,0,18,10,1,15,11,2,18,15,15,3,18,9,15,11,19,10,9,6,10,10,2,9,1,2,6,6,10,1,11,11,10,15,10,6,3,18,10,11,5,1,6,15,3,13,11,3,10,9,6,6,3,5,5,10,1,11,6,6,0,0,0,0,0,0,0,0,0,0,0,0,0,0,0,0,0",0.70410335,0.055868115,0.21578795,3.0,0.5721129,48.825424,0.62664783,1.0,0.62664783,0.16134484,0.5721129,0.0,0.0,0.5721129,0.004944161,0.85821474,0.16134484,1.2873193,2.0663311,48.825424,0.70410335,2.4378145,184.19418,0.51757807,0.51757807,1.0,184.19418,0.78421205,0.1417853,1.2873193,0.004944161,0.62664783,0.055868115,0.0,2.0663311,2.4378145,0.51757807,0.1916915,0.0,0.62664783,0.1916915,0.8495408,0.51757807,1.0,0.5721129,lookahead,beam_orig1_bm3-s0to100br0-s100to200br3-s200to300br1-s300to400br2
/work/T-REX/external/Proteina-Complexa/inference/search_binder_local_pipeline_32_PDL1_ALPHA_REPACK_v7_r006_cand_v7r006_hyp_0006_00_001_af1b7530d1b98/job_0_n_218_id_50_beam_orig2_bm3-s0to100br2-s100to200br0-s200to300br1-s300to400br2/job_0_n_218_id_50_beam_orig2_bm3-s0to100br2-s100to200br0-s200to300br1-s300to400br2.pdb,202,"2,0,13,16,19,16,19,14,11,3,10,18,19,19,6,18,7,15,2,12,16,9,6,4,11,13,14,19,6,11,5,10,3,10,0,0,10,9,19,18,17,6,12,6,3,11,2,9,9,5,13,19,8,7,6,6,3,10,11,19,5,8,15,15,18,1,5,1,0,1,10,10,11,3,5,10,15,10,7,2,0,0,10,5,9,16,3,19,11,10,5,3,0,7,19,18,1,4,12,9,15,18,7,7,0,3,18,11,1,9,16,19,11,19,2,0,13,16,19,16,19,14,11,3,10,18,19,19,6,18,7,15,2,12,16,9,6,4,11,13,14,19,6,11,5,10,3,10,0,0,10,9,19,18,17,6,12,6,3,11,2,9,9,5,13,19,8,7,6,6,3,10,11,19,5,8,15,15,18,1,5,1,0,1,10,10,11,3,5,10,15,10,7,2,0,0,10,5,9,16,3,19,11,10,5,3,0,7,19,18,1,4,12,9,15,18,7,7",0.61468005,0.34426823,0.77866036,3.0,0.017095363,43.993004,0.017735586,1.0,0.017735586,0.34854138,0.0058393213,0.0,0.0,0.017095363,0.0019453876,0.85330516,0.34854138,3.2363365,1.3671002,43.993004,0.61468005,3.9858062,198.34598,0.0,0.01645514,1.0,198.34598,0.22133964,0.14669484,3.2363365,0.0019453876,0.011678643,0.34426823,0.0,1.3671002,3.9858062,0.0,0.5704059,0.0,0.011678643,0.5704059,0.5842298,0.01645514,1.0,0.0058393213,lookahead,beam_orig2_bm3-s0to100br2-s100to200br0-s200to300br1-s300to400br2
/work/T-REX/external/Proteina-Complexa/inference/search_binder_local_pipeline_32_PDL1_ALPHA_REPACK_v7_r006_cand_v7r006_hyp_0006_00_001_af1b7530d1b98/job_0_n_186_id_50_beam_orig3_bm0-s0to100br1-s100to200br2-s200to300br0-s300to400br2/job_0_n_186_id_50_beam_orig3_bm0-s0to100br1-s100to200br2-s200to300br0-s300to400br2.pdb,203,"2,0,13,16,19,16,19,14,11,3,10,18,19,19,6,18,7,15,2,12,16,9,6,4,11,13,14,19,6,11,5,10,3,10,0,0,10,9,19,18,17,6,12,6,3,11,2,9,9,5,13,19,8,7,6,6,3,10,11,19,5,8,15,15,18,1,5,1,0,1,10,10,11,3,5,10,15,10,7,2,0,0,10,5,9,16,3,19,11,10,5,3,0,7,19,18,1,4,12,9,15,18,7,7,0,3,18,11,1,9,16,19,11,19,2,0,19,10,15,6,3,6,10,5,5,10,9,11,6,11,13,11,0,10,14,10,3,11,5,6,0,9,11,11,8,0,5,3,19,10,10,13,11,11,11,19,11,3,10,19,11,10,10,6,11,6,10,11,10,16,10,16,6,11,5,0,13,5,10,0,14,13,9,19,2,10,0,0,0,0,0,0,0,0,0,0,0,0,0,0,0,0,0,0,0,0,0,0,0,0,0,0,0,0,0,0,0,0",0.68554676,0.054438926,0.22419101,3.0,0.5200938,40.142307,0.5961825,1.0,0.5961825,0.13346548,0.5200938,0.0,0.0,0.5200938,0.0012496667,0.93850034,0.13346548,1.2015666,1.4604111,40.142307,0.68554676,2.3990443,142.71666,0.444005,0.444005,1.0,142.71666,0.775809,0.061499678,1.2015666,0.0012496667,0.5961825,0.054438926,0.0,1.4604111,2.3990443,0.444005,0.17083354,0.0,0.5961825,0.17083354,0.8525718,0.444005,1.0,0.5200938,lookahead,beam_orig3_bm0-s0to100br1-s100to200br2-s200to300br0-s300to400br2
/work/T-REX/external/Proteina-Complexa/inference/search_binder_local_pipeline_32_PDL1_ALPHA_REPACK_v7_r006_cand_v7r006_hyp_0006_00_001_af1b7530d1b98/job_0_n_190_id_51_beam_orig0_bm0-s0to100br3-s100to200br2-s200to300br3-s300to400br3/job_0_n_190_id_51_beam_orig0_bm0-s0to100br3-s100to200br2-s200to300br3-s300to400br3.pdb,204,"2,0,13,16,19,16,19,14,11,3,10,18,19,19,6,18,7,15,2,12,16,9,6,4,11,13,14,19,6,11,5,10,3,10,0,0,10,9,19,18,17,6,12,6,3,11,2,9,9,5,13,19,8,7,6,6,3,10,11,19,5,8,15,15,18,1,5,1,0,1,10,10,11,3,5,10,15,10,7,2,0,0,10,5,9,16,3,19,11,10,5,3,0,7,19,18,1,4,12,9,15,18,7,7,0,3,18,11,1,9,16,19,11,19,2,0,15,15,3,19,2,6,10,19,15,11,10,11,3,6,10,7,15,6,13,16,14,6,9,6,8,18,0,1,10,0,19,11,0,19,11,6,6,11,2,2,3,10,0,11,6,18,10,15,11,0,5,15,10,19,11,3,2,6,11,11,10,11,13,10,11,9,12,16,3,13,9,3,15,10,0,0,0,0,0,0,0,0,0,0,0,0,0,0,0,0,0,0,0,0,0,0,0,0,0,0,0,0",0.6433047,0.07897772,0.28745544,3.0,0.4207431,58.707195,0.484683,1.0,0.484683,0.16133896,0.4207431,0.0,0.0,0.4207431,0.005867571,0.90336806,0.16133896,2.67114,1.4702632,58.707195,0.6433047,2.4428906,207.74603,0.3568032,0.3568032,1.0,207.74603,0.71254456,0.09663192,2.67114,0.005867571,0.484683,0.07897772,0.0,1.4702632,2.4428906,0.3568032,0.20862158,0.0,0.484683,0.20862158,0.8339185,0.3568032,1.0,0.4207431,lookahead,beam_orig0_bm0-s0to100br3-s100to200br2-s200to300br3-s300to400br3
/work/T-REX/external/Proteina-Complexa/inference/search_binder_local_pipeline_32_PDL1_ALPHA_REPACK_v7_r006_cand_v7r006_hyp_0006_00_001_af1b7530d1b98/job_0_n_201_id_51_beam_orig1_bm3-s0to100br0-s100to200br3-s200to300br1-s300to400br3/job_0_n_201_id_51_beam_orig1_bm3-s0to100br0-s100to200br3-s200to300br1-s300to400br3.pdb,205,"2,0,13,16,19,16,19,14,11,3,10,18,19,19,6,18,7,15,2,12,16,9,6,4,11,13,14,19,6,11,5,10,3,10,0,0,10,9,19,18,17,6,12,6,3,11,2,9,9,5,13,19,8,7,6,6,3,10,11,19,5,8,15,15,18,1,5,1,0,1,10,10,11,3,5,10,15,10,7,2,0,0,10,5,9,16,3,19,11,10,5,3,0,7,19,18,1,4,12,9,15,18,7,7,0,3,18,11,1,9,16,19,11,19,2,0,6,6,11,6,19,6,2,18,11,5,0,10,1,6,2,14,18,3,6,11,0,10,0,6,9,1,0,18,10,1,15,11,2,18,15,15,3,18,9,15,11,19,10,9,6,10,10,2,9,1,2,6,6,10,1,11,11,10,15,10,6,3,18,10,11,5,1,6,15,3,13,11,3,10,9,6,6,3,5,5,10,1,11,6,6,0,0,0,0,0,0,0,0,0,0,0,0,0,0,0,0,0",0.7134725,0.05705765,0.21518552,3.0,0.57675093,34.829937,0.62042147,1.0,0.62042147,0.15431765,0.57675093,0.0,0.0,0.57675093,0.0043653497,0.87116134,0.15431765,1.0233321,2.0098896,34.829937,0.7134725,2.2994292,169.63782,0.5330804,0.5330804,1.0,169.63782,0.7848145,0.12883869,1.0233321,0.0043653497,0.62042147,0.05705765,0.0,2.0098896,2.2994292,0.5330804,0.18605675,0.0,0.62042147,0.18605675,0.85664946,0.5330804,1.0,0.57675093,lookahead,beam_orig1_bm3-s0to100br0-s100to200br3-s200to300br1-s300to400br3
/work/T-REX/external/Proteina-Complexa/inference/search_binder_local_pipeline_32_PDL1_ALPHA_REPACK_v7_r006_cand_v7r006_hyp_0006_00_001_af1b7530d1b98/job_0_n_218_id_51_beam_orig2_bm3-s0to100br2-s100to200br0-s200to300br1-s300to400br3/job_0_n_218_id_51_beam_orig2_bm3-s0to100br2-s100to200br0-s200to300br1-s300to400br3.pdb,206,"2,0,13,16,19,16,19,14,11,3,10,18,19,19,6,18,7,15,2,12,16,9,6,4,11,13,14,19,6,11,5,10,3,10,0,0,10,9,19,18,17,6,12,6,3,11,2,9,9,5,13,19,8,7,6,6,3,10,11,19,5,8,15,15,18,1,5,1,0,1,10,10,11,3,5,10,15,10,7,2,0,0,10,5,9,16,3,19,11,10,5,3,0,7,19,18,1,4,12,9,15,18,7,7,0,3,18,11,1,9,16,19,11,19,2,0,13,16,19,16,19,14,11,3,10,18,19,19,6,18,7,15,2,12,16,9,6,4,11,13,14,19,6,11,5,10,3,10,0,0,10,9,19,18,17,6,12,6,3,11,2,9,9,5,13,19,8,7,6,6,3,10,11,19,5,8,15,15,18,1,5,1,0,1,10,10,11,3,5,10,15,10,7,2,0,0,10,5,9,16,3,19,11,10,5,3,0,7,19,18,1,4,12,9,15,18,7,7",0.61278063,0.34456918,0.7777859,3.0,0.016675342,41.939857,0.0169634,1.0,0.0169634,0.3483722,0.0057678483,0.0,0.0,0.016675342,0.0019289864,0.85380656,0.3483722,3.191496,1.3610871,41.939857,0.61278063,3.9882689,198.32518,0.0,0.016387284,1.0,198.32518,0.2222141,0.14619343,3.191496,0.0019289864,0.011535697,0.34456918,0.0,1.3610871,3.9882689,0.0,0.5705736,0.0,0.011535697,0.5705736,0.5846156,0.016387284,1.0,0.0057678483,lookahead,beam_orig2_bm3-s0to100br2-s100to200br0-s200to300br1-s300to400br3
/work/T-REX/external/Proteina-Complexa/inference/search_binder_local_pipeline_32_PDL1_ALPHA_REPACK_v7_r006_cand_v7r006_hyp_0006_00_001_af1b7530d1b98/job_0_n_186_id_51_beam_orig3_bm0-s0to100br1-s100to200br2-s200to300br0-s300to400br3/job_0_n_186_id_51_beam_orig3_bm0-s0to100br1-s100to200br2-s200to300br0-s300to400br3.pdb,207,"2,0,13,16,19,16,19,14,11,3,10,18,19,19,6,18,7,15,2,12,16,9,6,4,11,13,14,19,6,11,5,10,3,10,0,0,10,9,19,18,17,6,12,6,3,11,2,9,9,5,13,19,8,7,6,6,3,10,11,19,5,8,15,15,18,1,5,1,0,1,10,10,11,3,5,10,15,10,7,2,0,0,10,5,9,16,3,19,11,10,5,3,0,7,19,18,1,4,12,9,15,18,7,7,0,3,18,11,1,9,16,19,11,19,2,0,19,10,15,6,3,6,10,5,5,10,9,11,6,11,13,11,0,10,14,10,3,11,5,6,0,9,11,11,8,0,5,3,19,10,10,13,11,11,11,19,11,3,10,19,6,10,10,6,11,6,10,11,10,16,10,16,6,11,5,0,13,5,10,0,14,13,9,19,2,10,0,0,0,0,0,0,0,0,0,0,0,0,0,0,0,0,0,0,0,0,0,0,0,0,0,0,0,0,0,0,0,0",0.6848873,0.050738048,0.22143185,3.0,0.52285355,39.181217,0.59955645,1.0,0.59955645,0.13322812,0.52285355,0.0,0.0,0.52285355,0.0012557583,0.93742996,0.13322812,1.1101627,1.4769593,39.181217,0.6848873,2.3871002,138.85938,0.4461507,0.4461507,1.0,138.85938,0.77856815,0.06257003,1.1101627,0.0012557583,0.59955645,0.050738048,0.0,1.4769593,2.3871002,0.4461507,0.17011406,0.0,0.59955645,0.17011406,0.85344505,0.4461507,1.0,0.52285355,lookahead,beam_orig3_bm0-s0to100br1-s100to200br2-s200to300br0-s300to400br3
/work/T-REX/external/Proteina-Complexa/inference/search_binder_local_pipeline_32_PDL1_ALPHA_REPACK_v7_r006_cand_v7r006_hyp_0006_00_001_af1b7530d1b98/job_0_n_190_id_52_beam_orig0_bm0-s0to100br3-s100to200br2-s200to300br1-s300to400br0/job_0_n_190_id_52_beam_orig0_bm0-s0to100br3-s100to200br2-s200to300br1-s300to400br0.pdb,208,"2,0,13,16,19,16,19,14,11,3,10,18,19,19,6,18,7,15,2,12,16,9,6,4,11,13,14,19,6,11,5,10,3,10,0,0,10,9,19,18,17,6,12,6,3,11,2,9,9,5,13,19,8,7,6,6,3,10,11,19,5,8,15,15,18,1,5,1,0,1,10,10,11,3,5,10,15,10,7,2,0,0,10,5,9,16,3,19,11,10,5,3,0,7,19,18,1,4,12,9,15,18,7,7,0,3,18,11,1,9,16,19,11,19,2,0,15,3,10,16,0,5,10,19,15,3,10,11,15,19,10,11,15,6,18,16,14,6,9,6,10,2,0,1,2,0,19,11,0,19,15,19,6,11,2,0,3,10,0,1,6,18,13,2,11,0,5,15,11,19,11,11,2,6,10,11,13,6,13,10,11,19,13,16,11,18,13,3,11,10,0,0,0,0,0,0,0,0,0,0,0,0,0,0,0,0,0,0,0,0,0,0,0,0,0,0,0,0",0.64874077,0.081438296,0.30063426,3.0,0.40156817,61.13246,0.45224905,1.0,0.45224905,0.15781333,0.40156817,0.0,0.0,0.40156817,0.0010052338,0.89887625,0.15781333,4.6241937,1.5724148,61.13246,0.64874077,2.5707366,192.91737,0.35088727,0.35088727,1.0,192.91737,0.69936574,0.10112373,4.6241937,0.0010052338,0.45224905,0.081438296,0.0,1.5724148,2.5707366,0.35088727,0.20377879,0.0,0.45224905,0.20377879,0.83049446,0.35088727,1.0,0.40156817,lookahead,beam_orig0_bm0-s0to100br3-s100to200br2-s200to300br1-s300to400br0
/work/T-REX/external/Proteina-Complexa/inference/search_binder_local_pipeline_32_PDL1_ALPHA_REPACK_v7_r006_cand_v7r006_hyp_0006_00_001_af1b7530d1b98/job_0_n_201_id_52_beam_orig1_bm3-s0to100br3-s100to200br1-s200to300br3-s300to400br0/job_0_n_201_id_52_beam_orig1_bm3-s0to100br3-s100to200br1-s200to300br3-s300to400br0.pdb,209,"2,0,13,16,19,16,19,14,11,3,10,18,19,19,6,18,7,15,2,12,16,9,6,4,11,13,14,19,6,11,5,10,3,10,0,0,10,9,19,18,17,6,12,6,3,11,2,9,9,5,13,19,8,7,6,6,3,10,11,19,5,8,15,15,18,1,5,1,0,1,10,10,11,3,5,10,15,10,7,2,0,0,10,5,9,16,3,19,11,10,5,3,0,7,19,18,1,4,12,9,15,18,7,7,0,3,18,11,1,9,16,19,11,19,2,0,15,15,6,19,11,3,6,9,10,1,10,10,15,11,19,11,3,11,3,11,5,1,11,10,13,16,3,10,9,15,14,15,11,15,2,3,18,9,19,5,6,10,19,9,0,10,12,6,6,7,6,10,16,11,3,3,19,6,1,10,10,6,10,0,5,11,3,3,3,9,15,19,15,16,5,2,13,10,11,16,19,10,0,11,10,0,0,0,0,0,0,0,0,0,0,0,0,0,0,0,0,0",0.7004316,0.05775848,0.21927989,3.0,0.5489381,69.37067,0.6130347,1.0,0.6130347,0.13727954,0.5489381,0.0,0.0,0.5489381,0.0016991987,0.92730284,0.13727954,5.1652064,1.5069952,69.37067,0.7004316,2.7494755,197.55208,0.48484147,0.48484147,1.0,197.55208,0.7807201,0.07269716,5.1652064,0.0016991987,0.6130347,0.05775848,0.0,1.5069952,2.7494755,0.48484147,0.17742637,0.0,0.6130347,0.17742637,0.85086274,0.48484147,1.0,0.5489381,lookahead,beam_orig1_bm3-s0to100br3-s100to200br1-s200to300br3-s300to400br0
/work/T-REX/external/Proteina-Complexa/inference/search_binder_local_pipeline_32_PDL1_ALPHA_REPACK_v7_r006_cand_v7r006_hyp_0006_00_001_af1b7530d1b98/job_0_n_218_id_52_beam_orig2_bm3-s0to100br2-s100to200br3-s200to300br2-s300to400br0/job_0_n_218_id_52_beam_orig2_bm3-s0to100br2-s100to200br3-s200to300br2-s300to400br0.pdb,210,"2,0,13,16,19,16,19,14,11,3,10,18,19,19,6,18,7,15,2,12,16,9,6,4,11,13,14,19,6,11,5,10,3,10,0,0,10,9,19,18,17,6,12,6,3,11,2,9,9,5,13,19,8,7,6,6,3,10,11,19,5,8,15,15,18,1,5,1,0,1,10,10,11,3,5,10,15,10,7,2,0,0,10,5,9,16,3,19,11,10,5,3,0,7,19,18,1,4,12,9,15,18,7,7,0,3,18,11,1,9,16,19,11,19,2,0,13,16,19,16,19,14,11,3,10,18,19,19,6,18,7,15,2,12,16,9,6,4,11,13,14,19,6,11,5,10,3,10,0,0,10,9,19,18,17,6,12,6,3,11,2,9,9,5,13,19,8,7,6,6,3,10,11,19,5,8,15,15,18,1,5,1,0,1,10,10,11,3,5,10,15,10,7,2,0,0,10,5,9,16,3,19,11,10,5,3,0,7,19,18,1,4,12,9,15,18,7,7",0.6134529,0.34733784,0.77817965,3.0,0.017146938,56.62483,0.018002326,1.0,0.018002326,0.3490368,0.0057149664,0.0,0.0,0.017146938,0.0019194139,0.8527928,0.3490368,4.7092085,1.3705479,56.62483,0.6134529,3.988784,199.96712,0.0,0.016291548,1.0,199.96712,0.22182035,0.14720719,4.7092085,0.0019194139,0.011429933,0.34733784,0.0,1.3705479,3.988784,0.0,0.5709635,0.0,0.011429933,0.5709635,0.5844401,0.016291548,1.0,0.0057149664,lookahead,beam_orig2_bm3-s0to100br2-s100to200br3-s200to300br2-s300to400br0
/work/T-REX/external/Proteina-Complexa/inference/search_binder_local_pipeline_32_PDL1_ALPHA_REPACK_v7_r006_cand_v7r006_hyp_0006_00_001_af1b7530d1b98/job_0_n_186_id_52_beam_orig3_bm0-s0to100br1-s100to200br2-s200to300br2-s300to400br0/job_0_n_186_id_52_beam_orig3_bm0-s0to100br1-s100to200br2-s200to300br2-s300to400br0.pdb,211,"2,0,13,16,19,16,19,14,11,3,10,18,19,19,6,18,7,15,2,12,16,9,6,4,11,13,14,19,6,11,5,10,3,10,0,0,10,9,19,18,17,6,12,6,3,11,2,9,9,5,13,19,8,7,6,6,3,10,11,19,5,8,15,15,18,1,5,1,0,1,10,10,11,3,5,10,15,10,7,2,0,0,10,5,9,16,3,19,11,10,5,3,0,7,19,18,1,4,12,9,15,18,7,7,0,3,18,11,1,9,16,19,11,19,2,0,15,10,2,10,6,6,10,11,6,9,9,11,6,11,13,14,5,10,14,10,3,11,5,2,10,10,11,11,19,0,6,3,19,9,16,13,11,11,11,19,16,3,10,19,2,16,10,11,6,10,10,2,9,16,10,16,6,5,6,0,13,5,10,0,14,13,19,10,15,10,0,0,0,0,0,0,0,0,0,0,0,0,0,0,0,0,0,0,0,0,0,0,0,0,0,0,0,0,0,0,0,0",0.6885096,0.054028966,0.21496034,3.0,0.5306181,27.297647,0.6089794,1.0,0.6089794,0.12770331,0.5306181,0.0,0.0,0.5306181,0.0010086247,0.9490825,0.12770331,0.7965964,1.3379519,27.297647,0.6885096,2.2890525,126.52553,0.4522567,0.4522567,1.0,126.52553,0.78503966,0.050917517,0.7965964,0.0010086247,0.6089794,0.054028966,0.0,1.3379519,2.2890525,0.4522567,0.16454902,0.0,0.6089794,0.16454902,0.8557875,0.4522567,1.0,0.5306181,lookahead,beam_orig3_bm0-s0to100br1-s100to200br2-s200to300br2-s300to400br0
/work/T-REX/external/Proteina-Complexa/inference/search_binder_local_pipeline_32_PDL1_ALPHA_REPACK_v7_r006_cand_v7r006_hyp_0006_00_001_af1b7530d1b98/job_0_n_190_id_53_beam_orig0_bm0-s0to100br3-s100to200br2-s200to300br1-s300to400br1/job_0_n_190_id_53_beam_orig0_bm0-s0to100br3-s100to200br2-s200to300br1-s300to400br1.pdb,212,"2,0,13,16,19,16,19,14,11,3,10,18,19,19,6,18,7,15,2,12,16,9,6,4,11,13,14,19,6,11,5,10,3,10,0,0,10,9,19,18,17,6,12,6,3,11,2,9,9,5,13,19,8,7,6,6,3,10,11,19,5,8,15,15,18,1,5,1,0,1,10,10,11,3,5,10,15,10,7,2,0,0,10,5,9,16,3,19,11,10,5,3,0,7,19,18,1,4,12,9,15,18,7,7,0,3,18,11,1,9,16,19,11,19,2,0,15,3,10,16,0,5,10,19,15,3,10,11,15,19,10,11,15,6,18,16,14,6,9,6,3,2,0,1,2,0,19,11,0,19,15,19,6,11,2,0,3,10,0,1,6,18,13,2,11,0,5,15,11,19,11,11,2,6,10,11,13,6,13,10,11,19,13,16,11,18,18,3,11,10,0,0,0,0,0,0,0,0,0,0,0,0,0,0,0,0,0,0,0,0,0,0,0,0,0,0,0,0",0.6467063,0.07981756,0.29340625,3.0,0.4074816,62.443714,0.45975015,1.0,0.45975015,0.15590893,0.4074816,0.0,0.0,0.4074816,0.0010417877,0.8996168,0.15590893,4.807976,1.5738795,62.443714,0.6467063,2.5410893,192.85815,0.35521305,0.35521305,1.0,192.85815,0.70659375,0.1003832,4.807976,0.0010417877,0.45975015,0.07981756,0.0,1.5738795,2.5410893,0.35521305,0.2008847,0.0,0.45975015,0.2008847,0.83414364,0.35521305,1.0,0.4074816,lookahead,beam_orig0_bm0-s0to100br3-s100to200br2-s200to300br1-s300to400br1
/work/T-REX/external/Proteina-Complexa/inference/search_binder_local_pipeline_32_PDL1_ALPHA_REPACK_v7_r006_cand_v7r006_hyp_0006_00_001_af1b7530d1b98/job_0_n_201_id_53_beam_orig1_bm3-s0to100br3-s100to200br1-s200to300br3-s300to400br1/job_0_n_201_id_53_beam_orig1_bm3-s0to100br3-s100to200br1-s200to300br3-s300to400br1.pdb,213,"2,0,13,16,19,16,19,14,11,3,10,18,19,19,6,18,7,15,2,12,16,9,6,4,11,13,14,19,6,11,5,10,3,10,0,0,10,9,19,18,17,6,12,6,3,11,2,9,9,5,13,19,8,7,6,6,3,10,11,19,5,8,15,15,18,1,5,1,0,1,10,10,11,3,5,10,15,10,7,2,0,0,10,5,9,16,3,19,11,10,5,3,0,7,19,18,1,4,12,9,15,18,7,7,0,3,18,11,1,9,16,19,11,19,2,0,15,15,6,19,11,3,6,9,10,1,10,10,15,11,19,11,3,11,3,11,5,1,11,10,13,16,3,10,9,15,14,15,11,15,2,3,18,9,19,5,6,10,19,9,0,10,12,6,6,7,6,10,16,11,3,3,19,6,1,10,10,6,10,0,5,11,3,3,3,9,15,19,15,16,5,2,13,10,11,16,19,10,0,11,10,0,0,0,0,0,0,0,0,0,0,0,0,0,0,0,0,0",0.7033622,0.056691542,0.21700084,3.0,0.5539,64.63508,0.61791545,1.0,0.61791545,0.13640285,0.5539,0.0,0.0,0.5539,0.0016546755,0.9278448,0.13640285,5.1254954,1.5037946,64.63508,0.7033622,2.7422233,192.80005,0.4898846,0.4898846,1.0,192.80005,0.78299916,0.072155155,5.1254954,0.0016546755,0.61791545,0.056691542,0.0,1.5037946,2.7422233,0.4898846,0.17603904,0.0,0.61791545,0.17603904,0.85190177,0.4898846,1.0,0.5539,lookahead,beam_orig1_bm3-s0to100br3-s100to200br1-s200to300br3-s300to400br1
/work/T-REX/external/Proteina-Complexa/inference/search_binder_local_pipeline_32_PDL1_ALPHA_REPACK_v7_r006_cand_v7r006_hyp_0006_00_001_af1b7530d1b98/job_0_n_218_id_53_beam_orig2_bm3-s0to100br2-s100to200br3-s200to300br2-s300to400br1/job_0_n_218_id_53_beam_orig2_bm3-s0to100br2-s100to200br3-s200to300br2-s300to400br1.pdb,214,"2,0,13,16,19,16,19,14,11,3,10,18,19,19,6,18,7,15,2,12,16,9,6,4,11,13,14,19,6,11,5,10,3,10,0,0,10,9,19,18,17,6,12,6,3,11,2,9,9,5,13,19,8,7,6,6,3,10,11,19,5,8,15,15,18,1,5,1,0,1,10,10,11,3,5,10,15,10,7,2,0,0,10,5,9,16,3,19,11,10,5,3,0,7,19,18,1,4,12,9,15,18,7,7,0,3,18,11,1,9,16,19,11,19,2,0,13,16,19,16,19,14,11,3,10,18,19,19,6,18,7,15,2,12,16,9,6,4,11,13,14,19,6,11,5,10,3,10,0,0,10,9,19,18,17,6,12,6,3,11,2,9,9,5,13,19,8,7,6,6,3,10,11,19,5,8,15,15,18,1,5,1,0,1,10,10,11,3,5,10,15,10,7,2,0,0,10,5,9,16,3,19,11,10,5,3,0,7,19,18,1,4,12,9,15,18,7,7",0.61169326,0.3468909,0.776972,3.0,0.016507337,56.327667,0.018056829,1.0,0.018056829,0.34866694,0.0057694,0.0,0.0,0.016507337,0.0019291202,0.8530787,0.34866694,4.8870287,1.3727027,56.327667,0.61169326,3.985606,198.4261,0.0,0.014957845,1.0,198.4261,0.223028,0.14692126,4.8870287,0.0019291202,0.0115388,0.3468909,0.0,1.3727027,3.985606,0.0,0.570272,0.0,0.0115388,0.570272,0.58489835,0.014957845,1.0,0.0057694,lookahead,beam_orig2_bm3-s0to100br2-s100to200br3-s200to300br2-s300to400br1
/work/T-REX/external/Proteina-Complexa/inference/search_binder_local_pipeline_32_PDL1_ALPHA_REPACK_v7_r006_cand_v7r006_hyp_0006_00_001_af1b7530d1b98/job_0_n_186_id_53_beam_orig3_bm0-s0to100br1-s100to200br2-s200to300br2-s300to400br1/job_0_n_186_id_53_beam_orig3_bm0-s0to100br1-s100to200br2-s200to300br2-s300to400br1.pdb,215,"2,0,13,16,19,16,19,14,11,3,10,18,19,19,6,18,7,15,2,12,16,9,6,4,11,13,14,19,6,11,5,10,3,10,0,0,10,9,19,18,17,6,12,6,3,11,2,9,9,5,13,19,8,7,6,6,3,10,11,19,5,8,15,15,18,1,5,1,0,1,10,10,11,3,5,10,15,10,7,2,0,0,10,5,9,16,3,19,11,10,5,3,0,7,19,18,1,4,12,9,15,18,7,7,0,3,18,11,1,9,16,19,11,19,2,0,15,10,2,10,6,6,10,11,6,9,9,11,6,11,13,14,5,10,3,10,3,11,5,10,10,10,11,11,19,0,6,3,19,9,16,13,11,11,11,19,16,3,10,19,2,16,10,11,6,10,10,2,9,16,10,16,6,5,6,0,13,5,10,0,14,13,19,10,15,10,0,0,0,0,0,0,0,0,0,0,0,0,0,0,0,0,0,0,0,0,0,0,0,0,0,0,0,0,0,0,0,0",0.6970613,0.05073188,0.21135181,3.0,0.5417951,23.671501,0.6182024,1.0,0.6182024,0.12569137,0.5417951,0.0,0.0,0.5417951,0.0008508163,0.950743,0.12569137,0.7391327,1.3355185,23.671501,0.6970613,2.2717817,125.01829,0.46538773,0.46538773,1.0,125.01829,0.7886482,0.049256984,0.7391327,0.0008508163,0.6182024,0.05073188,0.0,1.3355185,2.2717817,0.46538773,0.16176145,0.0,0.6182024,0.16176145,0.85762084,0.46538773,1.0,0.5417951,lookahead,beam_orig3_bm0-s0to100br1-s100to200br2-s200to300br2-s300to400br1
/work/T-REX/external/Proteina-Complexa/inference/search_binder_local_pipeline_32_PDL1_ALPHA_REPACK_v7_r006_cand_v7r006_hyp_0006_00_001_af1b7530d1b98/job_0_n_190_id_54_beam_orig0_bm0-s0to100br3-s100to200br2-s200to300br1-s300to400br2/job_0_n_190_id_54_beam_orig0_bm0-s0to100br3-s100to200br2-s200to300br1-s300to400br2.pdb,216,"2,0,13,16,19,16,19,14,11,3,10,18,19,19,6,18,7,15,2,12,16,9,6,4,11,13,14,19,6,11,5,10,3,10,0,0,10,9,19,18,17,6,12,6,3,11,2,9,9,5,13,19,8,7,6,6,3,10,11,19,5,8,15,15,18,1,5,1,0,1,10,10,11,3,5,10,15,10,7,2,0,0,10,5,9,16,3,19,11,10,5,3,0,7,19,18,1,4,12,9,15,18,7,7,0,3,18,11,1,9,16,19,11,19,2,0,15,3,10,16,0,5,10,19,15,3,10,11,15,19,10,11,15,6,18,16,14,6,9,6,10,2,0,1,2,0,19,11,0,19,15,19,6,11,2,0,3,10,0,1,6,18,13,2,11,0,5,15,11,19,11,11,2,6,10,11,13,6,13,10,11,19,13,16,11,18,18,3,11,10,0,0,0,0,0,0,0,0,0,0,0,0,0,0,0,0,0,0,0,0,0,0,0,0,0,0,0,0",0.6126962,0.17734693,0.52292484,3.0,0.15647304,38.443253,0.17691138,1.0,0.17691138,0.23659354,0.14017202,0.0,0.0,0.15647304,0.0012478062,0.8418598,0.23659354,3.266341,1.649888,38.443253,0.6126962,3.1372077,193.05034,0.12195551,0.13603468,1.0,193.05034,0.47707516,0.15814018,3.266341,0.0012478062,0.15838853,0.17734693,0.0,1.649888,3.1372077,0.12195551,0.32816407,0.0,0.15838853,0.32816407,0.73542166,0.13603468,1.0,0.14017202,lookahead,beam_orig0_bm0-s0to100br3-s100to200br2-s200to300br1-s300to400br2
/work/T-REX/external/Proteina-Complexa/inference/search_binder_local_pipeline_32_PDL1_ALPHA_REPACK_v7_r006_cand_v7r006_hyp_0006_00_001_af1b7530d1b98/job_0_n_201_id_54_beam_orig1_bm3-s0to100br3-s100to200br1-s200to300br3-s300to400br2/job_0_n_201_id_54_beam_orig1_bm3-s0to100br3-s100to200br1-s200to300br3-s300to400br2.pdb,217,"2,0,13,16,19,16,19,14,11,3,10,18,19,19,6,18,7,15,2,12,16,9,6,4,11,13,14,19,6,11,5,10,3,10,0,0,10,9,19,18,17,6,12,6,3,11,2,9,9,5,13,19,8,7,6,6,3,10,11,19,5,8,15,15,18,1,5,1,0,1,10,10,11,3,5,10,15,10,7,2,0,0,10,5,9,16,3,19,11,10,5,3,0,7,19,18,1,4,12,9,15,18,7,7,0,3,18,11,1,9,16,19,11,19,2,0,15,15,6,19,11,3,6,9,10,1,10,10,15,11,19,11,3,11,3,11,5,1,11,10,13,16,3,10,9,15,14,2,11,15,2,3,18,9,19,5,6,10,19,9,0,10,12,6,6,7,6,10,16,11,3,3,19,6,1,10,10,6,10,0,5,11,3,3,3,9,15,19,15,16,5,2,13,10,11,16,19,10,0,11,10,0,0,0,0,0,0,0,0,0,0,0,0,0,0,0,0,0",0.7034282,0.05641737,0.21366417,3.0,0.5583503,69.60067,0.6233859,1.0,0.6233859,0.13602062,0.5583503,0.0,0.0,0.5583503,0.0017748314,0.9287729,0.13602062,5.0742464,1.500143,69.60067,0.7034282,2.7384598,198.83635,0.49331474,0.49331474,1.0,198.83635,0.7863358,0.071227066,5.0742464,0.0017748314,0.6233859,0.05641737,0.0,1.500143,2.7384598,0.49331474,0.17541839,0.0,0.6233859,0.17541839,0.8529496,0.49331474,1.0,0.5583503,lookahead,beam_orig1_bm3-s0to100br3-s100to200br1-s200to300br3-s300to400br2
/work/T-REX/external/Proteina-Complexa/inference/search_binder_local_pipeline_32_PDL1_ALPHA_REPACK_v7_r006_cand_v7r006_hyp_0006_00_001_af1b7530d1b98/job_0_n_218_id_54_beam_orig2_bm3-s0to100br2-s100to200br3-s200to300br2-s300to400br2/job_0_n_218_id_54_beam_orig2_bm3-s0to100br2-s100to200br3-s200to300br2-s300to400br2.pdb,218,"2,0,13,16,19,16,19,14,11,3,10,18,19,19,6,18,7,15,2,12,16,9,6,4,11,13,14,19,6,11,5,10,3,10,0,0,10,9,19,18,17,6,12,6,3,11,2,9,9,5,13,19,8,7,6,6,3,10,11,19,5,8,15,15,18,1,5,1,0,1,10,10,11,3,5,10,15,10,7,2,0,0,10,5,9,16,3,19,11,10,5,3,0,7,19,18,1,4,12,9,15,18,7,7,0,3,18,11,1,9,16,19,11,19,2,0,13,16,19,16,19,14,11,3,10,18,19,19,6,18,7,15,2,12,16,9,6,4,11,13,14,19,6,11,5,10,3,10,0,0,10,9,19,18,17,6,12,6,3,11,2,9,9,5,13,19,8,7,6,6,3,10,11,19,5,8,15,15,18,1,5,1,0,1,10,10,11,3,5,10,15,10,7,2,0,0,10,5,9,16,3,19,11,10,5,3,0,7,19,18,1,4,12,9,15,18,7,7",0.6121753,0.34762684,0.78128815,3.0,0.015029358,54.05781,0.015801873,1.0,0.015801873,0.35071844,0.0056445464,0.0,0.0,0.015029358,0.0019344776,0.8539293,0.35071844,4.6789412,1.3649691,54.05781,0.6121753,3.9980195,199.63623,0.0,0.014256843,1.0,199.63623,0.21871185,0.1460707,4.6789412,0.0019344776,0.011289093,0.34762684,0.0,1.3649691,3.9980195,0.0,0.5747863,0.0,0.011289093,0.5747863,0.58278006,0.014256843,1.0,0.0056445464,lookahead,beam_orig2_bm3-s0to100br2-s100to200br3-s200to300br2-s300to400br2
/work/T-REX/external/Proteina-Complexa/inference/search_binder_local_pipeline_32_PDL1_ALPHA_REPACK_v7_r006_cand_v7r006_hyp_0006_00_001_af1b7530d1b98/job_0_n_186_id_54_beam_orig3_bm0-s0to100br1-s100to200br2-s200to300br2-s300to400br2/job_0_n_186_id_54_beam_orig3_bm0-s0to100br1-s100to200br2-s200to300br2-s300to400br2.pdb,219,"2,0,13,16,19,16,19,14,11,3,10,18,19,19,6,18,7,15,2,12,16,9,6,4,11,13,14,19,6,11,5,10,3,10,0,0,10,9,19,18,17,6,12,6,3,11,2,9,9,5,13,19,8,7,6,6,3,10,11,19,5,8,15,15,18,1,5,1,0,1,10,10,11,3,5,10,15,10,7,2,0,0,10,5,9,16,3,19,11,10,5,3,0,7,19,18,1,4,12,9,15,18,7,7,0,3,18,11,1,9,16,19,11,19,2,0,15,10,2,10,6,6,10,11,6,9,9,11,6,11,13,14,5,10,14,10,3,11,5,2,10,10,11,11,19,0,6,3,19,9,16,13,11,11,11,19,16,3,10,19,2,16,10,11,6,10,10,15,9,16,10,16,6,5,6,0,13,5,10,0,14,13,19,10,15,10,0,0,0,0,0,0,0,0,0,0,0,0,0,0,0,0,0,0,0,0,0,0,0,0,0,0,0,0,0,0,0,0",0.69177467,0.0512114,0.2098831,3.0,0.53986937,24.266722,0.61606294,1.0,0.61606294,0.12655206,0.53986937,0.0,0.0,0.53986937,0.0009283611,0.95007706,0.12655206,0.75450814,1.3304685,24.266722,0.69177467,2.273144,120.85774,0.4636758,0.4636758,1.0,120.85774,0.7901169,0.04992293,0.75450814,0.0009283611,0.61606294,0.0512114,0.0,1.3304685,2.273144,0.4636758,0.16291933,0.0,0.61606294,0.16291933,0.8579477,0.4636758,1.0,0.53986937,lookahead,beam_orig3_bm0-s0to100br1-s100to200br2-s200to300br2-s300to400br2
/work/T-REX/external/Proteina-Complexa/inference/search_binder_local_pipeline_32_PDL1_ALPHA_REPACK_v7_r006_cand_v7r006_hyp_0006_00_001_af1b7530d1b98/job_0_n_190_id_55_beam_orig0_bm0-s0to100br3-s100to200br2-s200to300br1-s300to400br3/job_0_n_190_id_55_beam_orig0_bm0-s0to100br3-s100to200br2-s200to300br1-s300to400br3.pdb,220,"2,0,13,16,19,16,19,14,11,3,10,18,19,19,6,18,7,15,2,12,16,9,6,4,11,13,14,19,6,11,5,10,3,10,0,0,10,9,19,18,17,6,12,6,3,11,2,9,9,5,13,19,8,7,6,6,3,10,11,19,5,8,15,15,18,1,5,1,0,1,10,10,11,3,5,10,15,10,7,2,0,0,10,5,9,16,3,19,11,10,5,3,0,7,19,18,1,4,12,9,15,18,7,7,0,3,18,11,1,9,16,19,11,19,2,0,15,3,10,16,0,5,10,19,15,3,10,11,15,19,10,11,15,6,18,16,14,6,9,6,3,2,0,1,2,0,19,11,0,19,15,19,6,11,2,0,3,10,0,1,6,18,13,2,11,0,5,15,11,19,11,11,2,6,10,11,13,6,13,10,11,19,13,16,11,18,18,3,11,10,0,0,0,0,0,0,0,0,0,0,0,0,0,0,0,0,0,0,0,0,0,0,0,0,0,0,0,0",0.6496629,0.07801717,0.28640842,3.0,0.4174801,61.60478,0.47057447,1.0,0.47057447,0.15344387,0.4174801,0.0,0.0,0.4174801,0.0010390329,0.90268946,0.15344387,4.770129,1.5617179,61.60478,0.6496629,2.5174947,192.96854,0.36438575,0.36438575,1.0,192.96854,0.7135916,0.097310536,4.770129,0.0010390329,0.47057447,0.07801717,0.0,1.5617179,2.5174947,0.36438575,0.19742984,0.0,0.47057447,0.19742984,0.8368161,0.36438575,1.0,0.4174801,lookahead,beam_orig0_bm0-s0to100br3-s100to200br2-s200to300br1-s300to400br3
/work/T-REX/external/Proteina-Complexa/inference/search_binder_local_pipeline_32_PDL1_ALPHA_REPACK_v7_r006_cand_v7r006_hyp_0006_00_001_af1b7530d1b98/job_0_n_201_id_55_beam_orig1_bm3-s0to100br3-s100to200br1-s200to300br3-s300to400br3/job_0_n_201_id_55_beam_orig1_bm3-s0to100br3-s100to200br1-s200to300br3-s300to400br3.pdb,221,"2,0,13,16,19,16,19,14,11,3,10,18,19,19,6,18,7,15,2,12,16,9,6,4,11,13,14,19,6,11,5,10,3,10,0,0,10,9,19,18,17,6,12,6,3,11,2,9,9,5,13,19,8,7,6,6,3,10,11,19,5,8,15,15,18,1,5,1,0,1,10,10,11,3,5,10,15,10,7,2,0,0,10,5,9,16,3,19,11,10,5,3,0,7,19,18,1,4,12,9,15,18,7,7,0,3,18,11,1,9,16,19,11,19,2,0,15,15,6,19,11,3,6,9,10,1,10,10,15,11,19,11,3,11,3,11,5,1,11,10,13,16,3,10,9,15,14,15,11,15,2,3,18,9,19,5,5,10,19,9,0,10,12,6,6,7,6,10,16,11,3,3,19,6,1,10,10,6,10,0,5,11,3,3,3,9,15,19,15,16,5,2,13,10,11,16,19,10,0,11,10,0,0,0,0,0,0,0,0,0,0,0,0,0,0,0,0,0",0.70691514,0.056518912,0.21671128,3.0,0.5565442,70.61869,0.61883545,1.0,0.61883545,0.13500127,0.5565442,0.0,0.0,0.5565442,0.001598671,0.929528,0.13500127,5.226509,1.496597,70.61869,0.70691514,2.7409186,198.40048,0.49425292,0.49425292,1.0,198.40048,0.7832887,0.07047201,5.226509,0.001598671,0.61883545,0.056518912,0.0,1.496597,2.7409186,0.49425292,0.17469594,0.0,0.61883545,0.17469594,0.85268325,0.49425292,1.0,0.5565442,lookahead,beam_orig1_bm3-s0to100br3-s100to200br1-s200to300br3-s300to400br3
/work/T-REX/external/Proteina-Complexa/inference/search_binder_local_pipeline_32_PDL1_ALPHA_REPACK_v7_r006_cand_v7r006_hyp_0006_00_001_af1b7530d1b98/job_0_n_218_id_55_beam_orig2_bm3-s0to100br2-s100to200br3-s200to300br2-s300to400br3/job_0_n_218_id_55_beam_orig2_bm3-s0to100br2-s100to200br3-s200to300br2-s300to400br3.pdb,222,"2,0,13,16,19,16,19,14,11,3,10,18,19,19,6,18,7,15,2,12,16,9,6,4,11,13,14,19,6,11,5,10,3,10,0,0,10,9,19,18,17,6,12,6,3,11,2,9,9,5,13,19,8,7,6,6,3,10,11,19,5,8,15,15,18,1,5,1,0,1,10,10,11,3,5,10,15,10,7,2,0,0,10,5,9,16,3,19,11,10,5,3,0,7,19,18,1,4,12,9,15,18,7,7,0,3,18,11,1,9,16,19,11,19,2,0,13,16,19,16,19,14,11,3,10,18,19,19,6,18,7,15,2,12,16,9,6,4,11,13,14,19,6,11,5,10,3,10,0,0,10,9,19,18,17,6,12,6,3,11,2,9,9,5,13,19,8,7,6,6,3,10,11,19,5,8,15,15,18,1,5,1,0,1,10,10,11,3,5,10,15,10,7,2,0,0,10,5,9,16,3,19,11,10,5,3,0,7,19,18,1,4,12,9,15,18,7,7",0.6142486,0.34283182,0.77695966,3.0,0.01776827,54.657677,0.018061638,1.0,0.018061638,0.34770027,0.0058125276,0.0,0.0,0.01776827,0.0018989731,0.853337,0.34770027,4.8416753,1.3673534,54.657677,0.6142486,3.9824045,196.39783,0.0,0.0174749,1.0,196.39783,0.22304031,0.14666301,4.8416753,0.0018989731,0.011625055,0.34283182,0.0,1.3673534,3.9824045,0.0,0.5689592,0.0,0.011625055,0.5689592,0.58490765,0.0174749,1.0,0.0058125276,lookahead,beam_orig2_bm3-s0to100br2-s100to200br3-s200to300br2-s300to400br3
/work/T-REX/external/Proteina-Complexa/inference/search_binder_local_pipeline_32_PDL1_ALPHA_REPACK_v7_r006_cand_v7r006_hyp_0006_00_001_af1b7530d1b98/job_0_n_186_id_55_beam_orig3_bm0-s0to100br1-s100to200br2-s200to300br2-s300to400br3/job_0_n_186_id_55_beam_orig3_bm0-s0to100br1-s100to200br2-s200to300br2-s300to400br3.pdb,223,"2,0,13,16,19,16,19,14,11,3,10,18,19,19,6,18,7,15,2,12,16,9,6,4,11,13,14,19,6,11,5,10,3,10,0,0,10,9,19,18,17,6,12,6,3,11,2,9,9,5,13,19,8,7,6,6,3,10,11,19,5,8,15,15,18,1,5,1,0,1,10,10,11,3,5,10,15,10,7,2,0,0,10,5,9,16,3,19,11,10,5,3,0,7,19,18,1,4,12,9,15,18,7,7,0,3,18,11,1,9,16,19,11,19,2,0,15,10,2,10,6,6,10,11,6,9,9,11,6,11,13,14,5,10,14,10,3,11,5,2,10,10,11,11,19,0,6,3,19,9,16,13,11,11,11,19,16,3,10,19,2,16,10,11,6,10,10,15,9,16,10,16,6,5,6,0,13,5,10,0,14,13,19,10,15,10,0,0,0,0,0,0,0,0,0,0,0,0,0,0,0,0,0,0,0,0,0,0,0,0,0,0,0,0,0,0,0,0",0.69072866,0.05093998,0.21107155,3.0,0.5376645,24.148201,0.6144898,1.0,0.6144898,0.12694812,0.5376645,0.0,0.0,0.5376645,0.0009573698,0.94981235,0.12694812,0.7145975,1.3343934,24.148201,0.69072866,2.2749987,123.02433,0.46083918,0.46083918,1.0,123.02433,0.78892845,0.050187644,0.7145975,0.0009573698,0.6144898,0.05093998,0.0,1.3343934,2.2749987,0.46083918,0.16354313,0.0,0.6144898,0.16354313,0.8572693,0.46083918,1.0,0.5376645,lookahead,beam_orig3_bm0-s0to100br1-s100to200br2-s200to300br2-s300to400br3
/work/T-REX/external/Proteina-Complexa/inference/search_binder_local_pipeline_32_PDL1_ALPHA_REPACK_v7_r006_cand_v7r006_hyp_0006_00_001_af1b7530d1b98/job_0_n_190_id_56_beam_orig0_bm0-s0to100br3-s100to200br1-s200to300br3-s300to400br0/job_0_n_190_id_56_beam_orig0_bm0-s0to100br3-s100to200br1-s200to300br3-s300to400br0.pdb,224,"2,0,13,16,19,16,19,14,11,3,10,18,19,19,6,18,7,15,2,12,16,9,6,4,11,13,14,19,6,11,5,10,3,10,0,0,10,9,19,18,17,6,12,6,3,11,2,9,9,5,13,19,8,7,6,6,3,10,11,19,5,8,15,15,18,1,5,1,0,1,10,10,11,3,5,10,15,10,7,2,0,0,10,5,9,16,3,19,11,10,5,3,0,7,19,18,1,4,12,9,15,18,7,7,0,3,18,11,1,9,16,19,11,19,2,0,15,3,10,0,6,6,10,18,5,1,19,0,14,10,19,14,11,2,11,8,11,3,10,1,11,18,15,1,3,10,19,11,0,19,11,19,7,0,15,6,3,16,9,2,3,10,9,7,11,9,19,0,10,0,11,3,2,19,6,11,10,5,9,10,11,0,19,15,3,13,10,3,11,13,0,0,0,0,0,0,0,0,0,0,0,0,0,0,0,0,0,0,0,0,0,0,0,0,0,0,0,0",0.6828735,0.05224923,0.2044478,3.0,0.5462467,60.25636,0.61054885,1.0,0.61054885,0.13311557,0.5462467,0.0,0.0,0.5462467,0.0008116308,0.9270158,0.13311557,4.400822,1.3998863,60.25636,0.6828735,2.0814195,194.7197,0.4819446,0.4819446,1.0,194.7197,0.7955522,0.07298419,4.400822,0.0008116308,0.61054885,0.05224923,0.0,1.3998863,2.0814195,0.4819446,0.17004494,0.0,0.61054885,0.17004494,0.8688586,0.4819446,1.0,0.5462467,lookahead,beam_orig0_bm0-s0to100br3-s100to200br1-s200to300br3-s300to400br0
/work/T-REX/external/Proteina-Complexa/inference/search_binder_local_pipeline_32_PDL1_ALPHA_REPACK_v7_r006_cand_v7r006_hyp_0006_00_001_af1b7530d1b98/job_0_n_201_id_56_beam_orig1_bm3-s0to100br3-s100to200br1-s200to300br0-s300to400br0/job_0_n_201_id_56_beam_orig1_bm3-s0to100br3-s100to200br1-s200to300br0-s300to400br0.pdb,225,"2,0,13,16,19,16,19,14,11,3,10,18,19,19,6,18,7,15,2,12,16,9,6,4,11,13,14,19,6,11,5,10,3,10,0,0,10,9,19,18,17,6,12,6,3,11,2,9,9,5,13,19,8,7,6,6,3,10,11,19,5,8,15,15,18,1,5,1,0,1,10,10,11,3,5,10,15,10,7,2,0,0,10,5,9,16,3,19,11,10,5,3,0,7,19,18,1,4,12,9,15,18,7,7,0,3,18,11,1,9,16,19,11,19,2,0,15,15,6,9,11,3,6,9,9,1,10,10,15,11,19,5,3,11,3,11,5,1,6,10,13,15,3,10,9,15,3,11,16,15,10,3,18,9,9,11,5,10,19,19,6,10,11,2,5,7,19,10,11,11,3,3,19,6,16,10,10,11,10,0,6,11,3,14,3,9,16,6,6,16,11,2,13,10,11,11,19,10,15,6,10,0,0,0,0,0,0,0,0,0,0,0,0,0,0,0,0,0",0.65958595,0.072247565,0.27191222,3.0,0.45110193,55.956287,0.51259285,1.0,0.51259285,0.15058738,0.45110193,0.0,0.0,0.45110193,0.0012619643,0.9208353,0.15058738,3.4081001,1.494758,55.956287,0.65958595,2.8341334,175.0903,0.389611,0.389611,1.0,175.0903,0.7280878,0.07916468,3.4081001,0.0012619643,0.51259285,0.072247565,0.0,1.494758,2.8341334,0.389611,0.1993843,0.0,0.51259285,0.1993843,0.82703006,0.389611,1.0,0.45110193,lookahead,beam_orig1_bm3-s0to100br3-s100to200br1-s200to300br0-s300to400br0
/work/T-REX/external/Proteina-Complexa/inference/search_binder_local_pipeline_32_PDL1_ALPHA_REPACK_v7_r006_cand_v7r006_hyp_0006_00_001_af1b7530d1b98/job_0_n_218_id_56_beam_orig2_bm3-s0to100br2-s100to200br0-s200to300br2-s300to400br0/job_0_n_218_id_56_beam_orig2_bm3-s0to100br2-s100to200br0-s200to300br2-s300to400br0.pdb,226,"2,0,13,16,19,16,19,14,11,3,10,18,19,19,6,18,7,15,2,12,16,9,6,4,11,13,14,19,6,11,5,10,3,10,0,0,10,9,19,18,17,6,12,6,3,11,2,9,9,5,13,19,8,7,6,6,3,10,11,19,5,8,15,15,18,1,5,1,0,1,10,10,11,3,5,10,15,10,7,2,0,0,10,5,9,16,3,19,11,10,5,3,0,7,19,18,1,4,12,9,15,18,7,7,0,3,18,11,1,9,16,19,11,19,2,0,13,16,19,16,19,14,11,3,10,18,19,19,6,18,7,15,2,12,16,9,6,4,11,13,14,19,6,11,5,10,3,10,0,0,10,9,19,18,17,6,12,6,3,11,2,9,9,5,13,19,8,7,6,6,3,10,11,19,5,8,15,15,18,1,5,1,0,1,10,10,11,3,5,10,15,10,7,2,0,0,10,5,9,16,3,19,11,10,5,3,0,7,19,18,1,4,12,9,15,18,7,7",0.6123613,0.34690523,0.77727866,3.0,0.017125841,46.845783,0.01792172,1.0,0.01792172,0.3488076,0.0057575717,0.0,0.0,0.017125841,0.00190503,0.8538053,0.3488076,3.5764675,1.3688929,46.845783,0.6123613,3.9896102,201.54742,0.0,0.016329963,1.0,201.54742,0.22272135,0.14619473,3.5764675,0.00190503,0.011515143,0.34690523,0.0,1.3688929,3.9896102,0.0,0.5706825,0.0,0.011515143,0.5706825,0.5847503,0.016329963,1.0,0.0057575717,lookahead,beam_orig2_bm3-s0to100br2-s100to200br0-s200to300br2-s300to400br0
/work/T-REX/external/Proteina-Complexa/inference/search_binder_local_pipeline_32_PDL1_ALPHA_REPACK_v7_r006_cand_v7r006_hyp_0006_00_001_af1b7530d1b98/job_0_n_186_id_56_beam_orig3_bm1-s0to100br2-s100to200br2-s200to300br0-s300to400br0/job_0_n_186_id_56_beam_orig3_bm1-s0to100br2-s100to200br2-s200to300br0-s300to400br0.pdb,227,"2,0,13,16,19,16,19,14,11,3,10,18,19,19,6,18,7,15,2,12,16,9,6,4,11,13,14,19,6,11,5,10,3,10,0,0,10,9,19,18,17,6,12,6,3,11,2,9,9,5,13,19,8,7,6,6,3,10,11,19,5,8,15,15,18,1,5,1,0,1,10,10,11,3,5,10,15,10,7,2,0,0,10,5,9,16,3,19,11,10,5,3,0,7,19,18,1,4,12,9,15,18,7,7,0,3,18,11,1,9,16,19,11,19,2,0,12,15,10,15,3,11,0,11,6,10,10,6,9,9,2,15,0,5,2,13,6,6,19,5,6,18,10,6,2,10,11,11,6,19,7,19,6,6,16,9,11,19,9,3,6,19,10,15,19,10,14,15,18,8,14,18,19,14,10,10,5,3,13,11,11,11,10,11,2,6,0,0,0,0,0,0,0,0,0,0,0,0,0,0,0,0,0,0,0,0,0,0,0,0,0,0,0,0,0,0,0,0",0.6557561,0.23286343,0.74229074,3.0,0.041534707,90.121,0.044544585,1.0,0.044544585,0.34559864,0.013567246,0.0,0.0,0.041534707,0.007798642,0.8242463,0.34559864,6.163573,1.6033931,90.121,0.6557561,3.784661,191.88942,0.012986821,0.038524825,1.0,191.88942,0.25770926,0.17575368,6.163573,0.007798642,0.01414767,0.23286343,0.0,1.6033931,3.784661,0.012986821,0.49921468,0.0,0.01414767,0.49921468,0.652208,0.038524825,1.0,0.013567246,lookahead,beam_orig3_bm1-s0to100br2-s100to200br2-s200to300br0-s300to400br0
/work/T-REX/external/Proteina-Complexa/inference/search_binder_local_pipeline_32_PDL1_ALPHA_REPACK_v7_r006_cand_v7r006_hyp_0006_00_001_af1b7530d1b98/job_0_n_190_id_57_beam_orig0_bm0-s0to100br3-s100to200br1-s200to300br3-s300to400br1/job_0_n_190_id_57_beam_orig0_bm0-s0to100br3-s100to200br1-s200to300br3-s300to400br1.pdb,228,"2,0,13,16,19,16,19,14,11,3,10,18,19,19,6,18,7,15,2,12,16,9,6,4,11,13,14,19,6,11,5,10,3,10,0,0,10,9,19,18,17,6,12,6,3,11,2,9,9,5,13,19,8,7,6,6,3,10,11,19,5,8,15,15,18,1,5,1,0,1,10,10,11,3,5,10,15,10,7,2,0,0,10,5,9,16,3,19,11,10,5,3,0,7,19,18,1,4,12,9,15,18,7,7,0,3,18,11,1,9,16,19,11,19,2,0,15,3,10,0,6,6,10,18,5,1,19,0,14,10,19,14,11,2,11,8,11,3,10,1,11,18,15,1,3,10,19,11,0,19,11,19,7,0,15,6,3,16,9,2,3,10,9,7,11,9,19,0,10,0,11,3,2,19,6,11,10,5,9,10,11,0,19,15,3,13,10,3,11,13,0,0,0,0,0,0,0,0,0,0,0,0,0,0,0,0,0,0,0,0,0,0,0,0,0,0,0,0",0.67895424,0.05267773,0.20818895,3.0,0.53864855,59.643158,0.60354275,1.0,0.60354275,0.13436916,0.53864855,0.0,0.0,0.53864855,0.000801117,0.9256806,0.13436916,4.30059,1.4004427,59.643158,0.67895424,2.100691,192.85504,0.47375435,0.47375435,1.0,192.85504,0.79181105,0.07431942,4.30059,0.000801117,0.60354275,0.05267773,0.0,1.4004427,2.100691,0.47375435,0.17197771,0.0,0.60354275,0.17197771,0.86729896,0.47375435,1.0,0.53864855,lookahead,beam_orig0_bm0-s0to100br3-s100to200br1-s200to300br3-s300to400br1
/work/T-REX/external/Proteina-Complexa/inference/search_binder_local_pipeline_32_PDL1_ALPHA_REPACK_v7_r006_cand_v7r006_hyp_0006_00_001_af1b7530d1b98/job_0_n_201_id_57_beam_orig1_bm3-s0to100br3-s100to200br1-s200to300br0-s300to400br1/job_0_n_201_id_57_beam_orig1_bm3-s0to100br3-s100to200br1-s200to300br0-s300to400br1.pdb,229,"2,0,13,16,19,16,19,14,11,3,10,18,19,19,6,18,7,15,2,12,16,9,6,4,11,13,14,19,6,11,5,10,3,10,0,0,10,9,19,18,17,6,12,6,3,11,2,9,9,5,13,19,8,7,6,6,3,10,11,19,5,8,15,15,18,1,5,1,0,1,10,10,11,3,5,10,15,10,7,2,0,0,10,5,9,16,3,19,11,10,5,3,0,7,19,18,1,4,12,9,15,18,7,7,0,3,18,11,1,9,16,19,11,19,2,0,15,15,6,9,11,3,6,9,9,1,10,10,15,11,19,5,2,11,3,11,5,1,6,10,13,15,3,10,9,15,3,11,16,15,10,3,18,9,9,11,5,10,19,19,6,10,11,2,5,7,19,10,11,11,3,3,19,6,16,10,10,11,10,0,6,11,3,14,3,9,16,6,6,16,11,2,13,10,11,11,19,10,15,6,10,0,0,0,0,0,0,0,0,0,0,0,0,0,0,0,0,0",0.6640512,0.07100027,0.26610816,3.0,0.46163028,60.857952,0.5248972,1.0,0.5248972,0.14884879,0.46163028,0.0,0.0,0.46163028,0.0012489263,0.92177534,0.14884879,3.5472465,1.4935217,60.857952,0.6640512,2.8295746,183.64474,0.39836332,0.39836332,1.0,183.64474,0.73389184,0.07822465,3.5472465,0.0012489263,0.5248972,0.07100027,0.0,1.4935217,2.8295746,0.39836332,0.19674136,0.0,0.5248972,0.19674136,0.8287238,0.39836332,1.0,0.46163028,lookahead,beam_orig1_bm3-s0to100br3-s100to200br1-s200to300br0-s300to400br1
/work/T-REX/external/Proteina-Complexa/inference/search_binder_local_pipeline_32_PDL1_ALPHA_REPACK_v7_r006_cand_v7r006_hyp_0006_00_001_af1b7530d1b98/job_0_n_218_id_57_beam_orig2_bm3-s0to100br2-s100to200br0-s200to300br2-s300to400br1/job_0_n_218_id_57_beam_orig2_bm3-s0to100br2-s100to200br0-s200to300br2-s300to400br1.pdb,230,"2,0,13,16,19,16,19,14,11,3,10,18,19,19,6,18,7,15,2,12,16,9,6,4,11,13,14,19,6,11,5,10,3,10,0,0,10,9,19,18,17,6,12,6,3,11,2,9,9,5,13,19,8,7,6,6,3,10,11,19,5,8,15,15,18,1,5,1,0,1,10,10,11,3,5,10,15,10,7,2,0,0,10,5,9,16,3,19,11,10,5,3,0,7,19,18,1,4,12,9,15,18,7,7,0,3,18,11,1,9,16,19,11,19,2,0,13,16,19,16,19,14,11,3,10,18,19,19,6,18,7,15,2,12,16,9,6,4,11,13,14,19,6,11,5,10,3,10,0,0,10,9,19,18,17,6,12,6,3,11,2,9,9,5,13,19,8,7,6,6,3,10,11,19,5,8,15,15,18,1,5,1,0,1,10,10,11,3,5,10,15,10,7,2,0,0,10,5,9,16,3,19,11,10,5,3,0,7,19,18,1,4,12,9,15,18,7,7",0.6138384,0.3441469,0.7763835,3.0,0.017764496,45.29599,0.018963592,1.0,0.018963592,0.34736964,0.005817778,0.0,0.0,0.017764496,0.0019571278,0.8538244,0.34736964,3.6308272,1.3668088,45.29599,0.6138384,3.9822736,194.5987,0.0,0.0165654,1.0,194.5987,0.22361645,0.14617564,3.6308272,0.0019571278,0.011635556,0.3441469,0.0,1.3668088,3.9822736,0.0,0.5685015,0.0,0.011635556,0.5685015,0.5852865,0.0165654,1.0,0.005817778,lookahead,beam_orig2_bm3-s0to100br2-s100to200br0-s200to300br2-s300to400br1
/work/T-REX/external/Proteina-Complexa/inference/search_binder_local_pipeline_32_PDL1_ALPHA_REPACK_v7_r006_cand_v7r006_hyp_0006_00_001_af1b7530d1b98/job_0_n_186_id_57_beam_orig3_bm1-s0to100br2-s100to200br2-s200to300br0-s300to400br1/job_0_n_186_id_57_beam_orig3_bm1-s0to100br2-s100to200br2-s200to300br0-s300to400br1.pdb,231,"2,0,13,16,19,16,19,14,11,3,10,18,19,19,6,18,7,15,2,12,16,9,6,4,11,13,14,19,6,11,5,10,3,10,0,0,10,9,19,18,17,6,12,6,3,11,2,9,9,5,13,19,8,7,6,6,3,10,11,19,5,8,15,15,18,1,5,1,0,1,10,10,11,3,5,10,15,10,7,2,0,0,10,5,9,16,3,19,11,10,5,3,0,7,19,18,1,4,12,9,15,18,7,7,0,3,18,11,1,9,16,19,11,19,2,0,12,16,10,15,3,1,0,11,6,10,10,2,9,9,2,15,0,5,2,13,6,6,19,5,6,18,10,6,2,10,11,11,6,19,7,19,6,6,16,9,11,19,9,3,6,19,10,15,19,10,14,15,18,8,14,18,19,14,10,10,5,3,13,11,11,11,10,11,2,6,0,0,0,0,0,0,0,0,0,0,0,0,0,0,0,0,0,0,0,0,0,0,0,0,0,0,0,0,0,0,0,0",0.65125465,0.22906457,0.7338592,3.0,0.043408044,89.56623,0.048115678,1.0,0.048115678,0.3419584,0.01387809,0.0,0.0,0.043408044,0.0075028217,0.82359695,0.3419584,6.0286045,1.6227906,89.56623,0.65125465,3.7753086,191.41203,0.013173573,0.03870041,1.0,191.41203,0.26614082,0.17640308,6.0286045,0.0075028217,0.014582608,0.22906457,0.0,1.6227906,3.7753086,0.013173573,0.49294224,0.0,0.014582608,0.49294224,0.6545574,0.03870041,1.0,0.01387809,lookahead,beam_orig3_bm1-s0to100br2-s100to200br2-s200to300br0-s300to400br1
/work/T-REX/external/Proteina-Complexa/inference/search_binder_local_pipeline_32_PDL1_ALPHA_REPACK_v7_r006_cand_v7r006_hyp_0006_00_001_af1b7530d1b98/job_0_n_190_id_58_beam_orig0_bm0-s0to100br3-s100to200br1-s200to300br3-s300to400br2/job_0_n_190_id_58_beam_orig0_bm0-s0to100br3-s100to200br1-s200to300br3-s300to400br2.pdb,232,"2,0,13,16,19,16,19,14,11,3,10,18,19,19,6,18,7,15,2,12,16,9,6,4,11,13,14,19,6,11,5,10,3,10,0,0,10,9,19,18,17,6,12,6,3,11,2,9,9,5,13,19,8,7,6,6,3,10,11,19,5,8,15,15,18,1,5,1,0,1,10,10,11,3,5,10,15,10,7,2,0,0,10,5,9,16,3,19,11,10,5,3,0,7,19,18,1,4,12,9,15,18,7,7,0,3,18,11,1,9,16,19,11,19,2,0,15,3,10,0,6,6,10,18,5,1,19,0,14,10,19,14,11,2,11,8,11,3,10,1,11,18,15,1,3,10,19,11,0,19,11,19,7,0,15,6,3,16,9,2,3,10,9,7,11,9,19,0,10,0,11,3,2,19,6,11,10,5,9,10,11,0,19,15,3,13,10,3,11,13,0,0,0,0,0,0,0,0,0,0,0,0,0,0,0,0,0,0,0,0,0,0,0,0,0,0,0,0",0.6795002,0.052690618,0.20713651,3.0,0.54043525,61.856712,0.60576105,1.0,0.60576105,0.13419856,0.54043525,0.0,0.0,0.54043525,0.00079719274,0.9259476,0.13419856,4.3759894,1.4007052,61.856712,0.6795002,2.0947442,198.14946,0.47510943,0.47510943,1.0,198.14946,0.7928635,0.074052416,4.3759894,0.00079719274,0.60576105,0.052690618,0.0,1.4007052,2.0947442,0.47510943,0.17163977,0.0,0.60576105,0.17163977,0.8674661,0.47510943,1.0,0.54043525,lookahead,beam_orig0_bm0-s0to100br3-s100to200br1-s200to300br3-s300to400br2
/work/T-REX/external/Proteina-Complexa/inference/search_binder_local_pipeline_32_PDL1_ALPHA_REPACK_v7_r006_cand_v7r006_hyp_0006_00_001_af1b7530d1b98/job_0_n_201_id_58_beam_orig1_bm3-s0to100br3-s100to200br1-s200to300br0-s300to400br2/job_0_n_201_id_58_beam_orig1_bm3-s0to100br3-s100to200br1-s200to300br0-s300to400br2.pdb,233,"2,0,13,16,19,16,19,14,11,3,10,18,19,19,6,18,7,15,2,12,16,9,6,4,11,13,14,19,6,11,5,10,3,10,0,0,10,9,19,18,17,6,12,6,3,11,2,9,9,5,13,19,8,7,6,6,3,10,11,19,5,8,15,15,18,1,5,1,0,1,10,10,11,3,5,10,15,10,7,2,0,0,10,5,9,16,3,19,11,10,5,3,0,7,19,18,1,4,12,9,15,18,7,7,0,3,18,11,1,9,16,19,11,19,2,0,15,16,6,9,11,3,6,9,9,1,10,10,15,11,19,5,2,11,3,11,5,1,6,10,13,15,3,10,9,15,3,11,16,15,10,3,18,9,9,11,5,10,19,19,6,10,11,2,5,7,19,10,11,11,3,3,19,6,16,10,10,11,10,0,6,11,3,14,3,9,16,6,6,16,11,2,13,10,11,11,19,10,15,6,10,0,0,0,0,0,0,0,0,0,0,0,0,0,0,0,0,0",0.669129,0.06863025,0.25998515,3.0,0.47294325,60.453598,0.53635895,1.0,0.53635895,0.14679214,0.47294325,0.0,0.0,0.47294325,0.0011831179,0.9227482,0.14679214,3.4615119,1.5013236,60.453598,0.669129,2.8126595,180.55858,0.4095275,0.4095275,1.0,180.55858,0.74001485,0.07725181,3.4615119,0.0011831179,0.53635895,0.06863025,0.0,1.5013236,2.8126595,0.4095275,0.19379197,0.0,0.53635895,0.19379197,0.83194906,0.4095275,1.0,0.47294325,lookahead,beam_orig1_bm3-s0to100br3-s100to200br1-s200to300br0-s300to400br2
/work/T-REX/external/Proteina-Complexa/inference/search_binder_local_pipeline_32_PDL1_ALPHA_REPACK_v7_r006_cand_v7r006_hyp_0006_00_001_af1b7530d1b98/job_0_n_218_id_58_beam_orig2_bm3-s0to100br2-s100to200br0-s200to300br2-s300to400br2/job_0_n_218_id_58_beam_orig2_bm3-s0to100br2-s100to200br0-s200to300br2-s300to400br2.pdb,234,"2,0,13,16,19,16,19,14,11,3,10,18,19,19,6,18,7,15,2,12,16,9,6,4,11,13,14,19,6,11,5,10,3,10,0,0,10,9,19,18,17,6,12,6,3,11,2,9,9,5,13,19,8,7,6,6,3,10,11,19,5,8,15,15,18,1,5,1,0,1,10,10,11,3,5,10,15,10,7,2,0,0,10,5,9,16,3,19,11,10,5,3,0,7,19,18,1,4,12,9,15,18,7,7,0,3,18,11,1,9,16,19,11,19,2,0,13,16,19,16,19,14,11,3,10,18,19,19,6,18,7,15,2,12,16,9,6,4,11,13,14,19,6,11,5,10,3,10,0,0,10,9,19,18,17,6,12,6,3,11,2,9,9,5,13,19,8,7,6,6,3,10,11,19,5,8,15,15,18,1,5,1,0,1,10,10,11,3,5,10,15,10,7,2,0,0,10,5,9,16,3,19,11,10,5,3,0,7,19,18,1,4,12,9,15,18,7,7",0.6128127,0.34599948,0.7799735,3.0,0.016157469,44.484406,0.016941098,1.0,0.016941098,0.350047,0.005825894,0.0,0.0,0.016157469,0.00189083,0.85330284,0.350047,3.5474052,1.3657811,44.484406,0.6128127,3.9949343,196.93912,0.0,0.015373839,1.0,196.93912,0.2200265,0.14669713,3.5474052,0.00189083,0.011651788,0.34599948,0.0,1.3657811,3.9949343,0.0,0.573305,0.0,0.011651788,0.573305,0.5836991,0.015373839,1.0,0.005825894,lookahead,beam_orig2_bm3-s0to100br2-s100to200br0-s200to300br2-s300to400br2
/work/T-REX/external/Proteina-Complexa/inference/search_binder_local_pipeline_32_PDL1_ALPHA_REPACK_v7_r006_cand_v7r006_hyp_0006_00_001_af1b7530d1b98/job_0_n_186_id_58_beam_orig3_bm1-s0to100br2-s100to200br2-s200to300br0-s300to400br2/job_0_n_186_id_58_beam_orig3_bm1-s0to100br2-s100to200br2-s200to300br0-s300to400br2.pdb,235,"2,0,13,16,19,16,19,14,11,3,10,18,19,19,6,18,7,15,2,12,16,9,6,4,11,13,14,19,6,11,5,10,3,10,0,0,10,9,19,18,17,6,12,6,3,11,2,9,9,5,13,19,8,7,6,6,3,10,11,19,5,8,15,15,18,1,5,1,0,1,10,10,11,3,5,10,15,10,7,2,0,0,10,5,9,16,3,19,11,10,5,3,0,7,19,18,1,4,12,9,15,18,7,7,0,3,18,11,1,9,16,19,11,19,2,0,12,15,10,15,3,11,0,11,6,10,10,2,9,9,2,15,0,5,2,13,6,6,19,5,6,18,10,6,2,10,11,11,6,19,7,19,6,6,16,9,11,19,9,3,6,19,10,15,19,10,14,15,18,8,14,18,19,14,10,10,5,3,13,11,11,11,10,11,2,6,0,0,0,0,0,0,0,0,0,0,0,0,0,0,0,0,0,0,0,0,0,0,0,0,0,0,0,0,0,0,0,0",0.65456045,0.23074883,0.7424559,3.0,0.039826043,86.20554,0.04320369,1.0,0.04320369,0.34552422,0.01357664,0.0,0.0,0.039826043,0.007974357,0.8241452,0.34552422,6.0015807,1.6077757,86.20554,0.65456045,3.790922,196.32912,0.012914839,0.036448393,1.0,196.32912,0.2575441,0.17585479,6.0015807,0.007974357,0.01423844,0.23074883,0.0,1.6077757,3.790922,0.012914839,0.49894938,0.0,0.01423844,0.49894938,0.6517417,0.036448393,1.0,0.01357664,lookahead,beam_orig3_bm1-s0to100br2-s100to200br2-s200to300br0-s300to400br2
/work/T-REX/external/Proteina-Complexa/inference/search_binder_local_pipeline_32_PDL1_ALPHA_REPACK_v7_r006_cand_v7r006_hyp_0006_00_001_af1b7530d1b98/job_0_n_190_id_59_beam_orig0_bm0-s0to100br3-s100to200br1-s200to300br3-s300to400br3/job_0_n_190_id_59_beam_orig0_bm0-s0to100br3-s100to200br1-s200to300br3-s300to400br3.pdb,236,"2,0,13,16,19,16,19,14,11,3,10,18,19,19,6,18,7,15,2,12,16,9,6,4,11,13,14,19,6,11,5,10,3,10,0,0,10,9,19,18,17,6,12,6,3,11,2,9,9,5,13,19,8,7,6,6,3,10,11,19,5,8,15,15,18,1,5,1,0,1,10,10,11,3,5,10,15,10,7,2,0,0,10,5,9,16,3,19,11,10,5,3,0,7,19,18,1,4,12,9,15,18,7,7,0,3,18,11,1,9,16,19,11,19,2,0,15,3,10,0,6,6,10,18,5,1,19,0,14,10,19,14,11,2,11,8,11,3,10,1,11,18,15,1,3,10,19,11,0,19,11,19,7,0,15,6,3,16,9,2,3,10,9,7,11,9,19,0,10,0,11,3,2,19,6,11,10,5,9,10,11,0,19,15,3,13,10,3,11,13,0,0,0,0,0,0,0,0,0,0,0,0,0,0,0,0,0,0,0,0,0,0,0,0,0,0,0,0",0.6809423,0.052406672,0.20602477,3.0,0.5429883,63.122402,0.60704577,1.0,0.60704577,0.13388473,0.5429883,0.0,0.0,0.5429883,0.00081265933,0.9260618,0.13388473,4.406705,1.4027479,63.122402,0.6809423,2.0940967,196.54214,0.4789308,0.4789308,1.0,196.54214,0.79397523,0.0739382,4.406705,0.00081265933,0.60704577,0.052406672,0.0,1.4027479,2.0940967,0.4789308,0.17108317,0.0,0.60704577,0.17108317,0.8683186,0.4789308,1.0,0.5429883,lookahead,beam_orig0_bm0-s0to100br3-s100to200br1-s200to300br3-s300to400br3
/work/T-REX/external/Proteina-Complexa/inference/search_binder_local_pipeline_32_PDL1_ALPHA_REPACK_v7_r006_cand_v7r006_hyp_0006_00_001_af1b7530d1b98/job_0_n_201_id_59_beam_orig1_bm3-s0to100br3-s100to200br1-s200to300br0-s300to400br3/job_0_n_201_id_59_beam_orig1_bm3-s0to100br3-s100to200br1-s200to300br0-s300to400br3.pdb,237,"2,0,13,16,19,16,19,14,11,3,10,18,19,19,6,18,7,15,2,12,16,9,6,4,11,13,14,19,6,11,5,10,3,10,0,0,10,9,19,18,17,6,12,6,3,11,2,9,9,5,13,19,8,7,6,6,3,10,11,19,5,8,15,15,18,1,5,1,0,1,10,10,11,3,5,10,15,10,7,2,0,0,10,5,9,16,3,19,11,10,5,3,0,7,19,18,1,4,12,9,15,18,7,7,0,3,18,11,1,9,16,19,11,19,2,0,15,15,6,9,11,3,6,9,9,11,10,10,15,11,19,5,3,11,3,11,5,1,6,10,13,15,3,10,9,15,3,11,16,15,10,3,18,9,9,11,5,10,19,19,6,10,11,2,5,7,19,10,11,11,3,3,19,6,16,10,10,11,10,0,6,11,3,14,3,9,16,6,6,16,11,2,13,10,11,11,19,10,15,6,10,0,0,0,0,0,0,0,0,0,0,0,0,0,0,0,0,0",0.6724999,0.069956146,0.26212275,3.0,0.4724087,58.807278,0.5323034,1.0,0.5323034,0.14685391,0.4724087,0.0,0.0,0.4724087,0.0012316676,0.92256534,0.14685391,3.3977513,1.501333,58.807278,0.6724999,2.7983549,179.81354,0.41251406,0.41251406,1.0,179.81354,0.73787725,0.077434674,3.3977513,0.0012316676,0.5323034,0.069956146,0.0,1.501333,2.7983549,0.41251406,0.19309291,0.0,0.5323034,0.19309291,0.83345073,0.41251406,1.0,0.4724087,lookahead,beam_orig1_bm3-s0to100br3-s100to200br1-s200to300br0-s300to400br3
/work/T-REX/external/Proteina-Complexa/inference/search_binder_local_pipeline_32_PDL1_ALPHA_REPACK_v7_r006_cand_v7r006_hyp_0006_00_001_af1b7530d1b98/job_0_n_218_id_59_beam_orig2_bm3-s0to100br2-s100to200br0-s200to300br2-s300to400br3/job_0_n_218_id_59_beam_orig2_bm3-s0to100br2-s100to200br0-s200to300br2-s300to400br3.pdb,238,"2,0,13,16,19,16,19,14,11,3,10,18,19,19,6,18,7,15,2,12,16,9,6,4,11,13,14,19,6,11,5,10,3,10,0,0,10,9,19,18,17,6,12,6,3,11,2,9,9,5,13,19,8,7,6,6,3,10,11,19,5,8,15,15,18,1,5,1,0,1,10,10,11,3,5,10,15,10,7,2,0,0,10,5,9,16,3,19,11,10,5,3,0,7,19,18,1,4,12,9,15,18,7,7,0,3,18,11,1,9,16,19,11,19,2,0,13,16,19,16,19,14,11,3,10,18,19,19,6,18,7,15,2,12,16,9,6,4,11,13,14,19,6,11,5,10,3,10,0,0,10,9,19,18,17,6,12,6,3,11,2,9,9,5,13,19,8,7,6,6,3,10,11,19,5,8,15,15,18,1,5,1,0,1,10,10,11,3,5,10,15,10,7,2,0,0,10,5,9,16,3,19,11,10,5,3,0,7,19,18,1,4,12,9,15,18,7,7",0.6138463,0.34647292,0.77870506,3.0,0.016596459,43.364086,0.017756863,1.0,0.017756863,0.34844738,0.005690082,0.0,0.0,0.016596459,0.0018634523,0.8537666,0.34844738,3.5167367,1.3622454,43.364086,0.6138463,3.9896755,195.08653,0.0,0.015436055,1.0,195.08653,0.22129492,0.14623336,3.5167367,0.0018634523,0.011380164,0.34647292,0.0,1.3622454,3.9896755,0.0,0.5708077,0.0,0.011380164,0.5708077,0.5842601,0.015436055,1.0,0.005690082,lookahead,beam_orig2_bm3-s0to100br2-s100to200br0-s200to300br2-s300to400br3
/work/T-REX/external/Proteina-Complexa/inference/search_binder_local_pipeline_32_PDL1_ALPHA_REPACK_v7_r006_cand_v7r006_hyp_0006_00_001_af1b7530d1b98/job_0_n_186_id_59_beam_orig3_bm1-s0to100br2-s100to200br2-s200to300br0-s300to400br3/job_0_n_186_id_59_beam_orig3_bm1-s0to100br2-s100to200br2-s200to300br0-s300to400br3.pdb,239,"2,0,13,16,19,16,19,14,11,3,10,18,19,19,6,18,7,15,2,12,16,9,6,4,11,13,14,19,6,11,5,10,3,10,0,0,10,9,19,18,17,6,12,6,3,11,2,9,9,5,13,19,8,7,6,6,3,10,11,19,5,8,15,15,18,1,5,1,0,1,10,10,11,3,5,10,15,10,7,2,0,0,10,5,9,16,3,19,11,10,5,3,0,7,19,18,1,4,12,9,15,18,7,7,0,3,18,11,1,9,16,19,11,19,2,0,12,15,10,15,3,11,0,11,6,10,10,6,9,9,2,15,0,5,2,13,6,6,19,5,6,18,10,6,2,10,11,11,6,19,7,19,6,6,16,9,11,19,9,3,6,19,10,15,19,10,14,15,18,8,14,18,19,14,10,10,5,3,13,11,11,11,10,11,2,6,0,0,0,0,0,0,0,0,0,0,0,0,0,0,0,0,0,0,0,0,0,0,0,0,0,0,0,0,0,0,0,0",0.6545218,0.23291342,0.74387455,3.0,0.039794117,91.31221,0.043170754,1.0,0.043170754,0.34672162,0.013543347,0.0,0.0,0.039794117,0.007629044,0.8238254,0.34672162,6.2270517,1.603565,91.31221,0.6545218,3.7886858,193.49455,0.012996334,0.03641748,1.0,193.49455,0.25612548,0.17617458,6.2270517,0.007629044,0.01409036,0.23291342,0.0,1.603565,3.7886858,0.012996334,0.5010841,0.0,0.01409036,0.5010841,0.6511392,0.03641748,1.0,0.013543347,lookahead,beam_orig3_bm1-s0to100br2-s100to200br2-s200to300br0-s300to400br3
/work/T-REX/external/Proteina-Complexa/inference/search_binder_local_pipeline_32_PDL1_ALPHA_REPACK_v7_r006_cand_v7r006_hyp_0006_00_001_af1b7530d1b98/job_0_n_190_id_60_beam_orig0_bm3-s0to100br2-s100to200br1-s200to300br1-s300to400br0/job_0_n_190_id_60_beam_orig0_bm3-s0to100br2-s100to200br1-s200to300br1-s300to400br0.pdb,240,"2,0,13,16,19,16,19,14,11,3,10,18,19,19,6,18,7,15,2,12,16,9,6,4,11,13,14,19,6,11,5,10,3,10,0,0,10,9,19,18,17,6,12,6,3,11,2,9,9,5,13,19,8,7,6,6,3,10,11,19,5,8,15,15,18,1,5,1,0,1,10,10,11,3,5,10,15,10,7,2,0,0,10,5,9,16,3,19,11,10,5,3,0,7,19,18,1,4,12,9,15,18,7,7,0,3,18,11,1,9,16,19,11,19,2,0,19,8,19,19,11,7,3,15,0,6,13,10,18,2,6,7,2,1,10,11,3,10,7,1,2,3,10,0,6,13,18,18,1,10,0,10,11,10,11,14,3,13,0,6,0,8,2,2,10,7,0,19,10,11,3,10,7,1,10,3,6,0,9,6,6,18,6,6,0,10,11,10,11,14,0,0,0,0,0,0,0,0,0,0,0,0,0,0,0,0,0,0,0,0,0,0,0,0,0,0,0,0",0.6168487,0.25293732,0.6819459,3.0,0.07123865,92.96355,0.080786444,1.0,0.080786444,0.34569138,0.014328951,0.0,0.0,0.07123865,0.02479142,0.8048384,0.34569138,8.330861,1.4828154,92.96355,0.6168487,3.5503588,213.67577,0.013685784,0.061690867,1.0,213.67577,0.31805408,0.19516158,8.330861,0.02479142,0.014972119,0.25293732,0.0,1.4828154,3.5503588,0.013685784,0.47730887,0.0,0.014972119,0.47730887,0.6682215,0.061690867,1.0,0.014328951,lookahead,beam_orig0_bm3-s0to100br2-s100to200br1-s200to300br1-s300to400br0
/work/T-REX/external/Proteina-Complexa/inference/search_binder_local_pipeline_32_PDL1_ALPHA_REPACK_v7_r006_cand_v7r006_hyp_0006_00_001_af1b7530d1b98/job_0_n_201_id_60_beam_orig1_bm3-s0to100br0-s100to200br2-s200to300br2-s300to400br0/job_0_n_201_id_60_beam_orig1_bm3-s0to100br0-s100to200br2-s200to300br2-s300to400br0.pdb,241,"2,0,13,16,19,16,19,14,11,3,10,18,19,19,6,18,7,15,2,12,16,9,6,4,11,13,14,19,6,11,5,10,3,10,0,0,10,9,19,18,17,6,12,6,3,11,2,9,9,5,13,19,8,7,6,6,3,10,11,19,5,8,15,15,18,1,5,1,0,1,10,10,11,3,5,10,15,10,7,2,0,0,10,5,9,16,3,19,11,10,5,3,0,7,19,18,1,4,12,9,15,18,7,7,0,3,18,11,1,9,16,19,11,19,2,0,11,6,6,9,16,0,0,9,6,6,13,19,5,11,15,15,16,19,19,6,0,12,5,10,0,6,3,18,0,11,11,11,2,10,15,3,3,6,16,6,11,10,9,10,7,19,8,2,0,1,15,6,5,10,11,11,6,10,15,14,19,3,18,8,11,6,5,6,11,0,13,2,18,10,19,3,10,15,5,1,10,11,1,5,0,0,0,0,0,0,0,0,0,0,0,0,0,0,0,0,0,0",0.6785429,0.061560526,0.23098397,3.0,0.5167303,34.810318,0.5319146,1.0,0.5319146,0.1519729,0.5167303,0.0,0.0,0.5167303,0.0051472518,0.88582057,0.1519729,1.0985224,1.8327483,34.810318,0.6785429,2.3629234,174.25874,0.5015461,0.5015461,1.0,174.25874,0.769016,0.11417941,1.0985224,0.0051472518,0.5319146,0.061560526,0.0,1.8327483,2.3629234,0.5015461,0.18466337,0.0,0.5319146,0.18466337,0.8528588,0.5015461,1.0,0.5167303,lookahead,beam_orig1_bm3-s0to100br0-s100to200br2-s200to300br2-s300to400br0
/work/T-REX/external/Proteina-Complexa/inference/search_binder_local_pipeline_32_PDL1_ALPHA_REPACK_v7_r006_cand_v7r006_hyp_0006_00_001_af1b7530d1b98/job_0_n_218_id_60_beam_orig2_bm3-s0to100br2-s100to200br3-s200to300br0-s300to400br0/job_0_n_218_id_60_beam_orig2_bm3-s0to100br2-s100to200br3-s200to300br0-s300to400br0.pdb,242,"2,0,13,16,19,16,19,14,11,3,10,18,19,19,6,18,7,15,2,12,16,9,6,4,11,13,14,19,6,11,5,10,3,10,0,0,10,9,19,18,17,6,12,6,3,11,2,9,9,5,13,19,8,7,6,6,3,10,11,19,5,8,15,15,18,1,5,1,0,1,10,10,11,3,5,10,15,10,7,2,0,0,10,5,9,16,3,19,11,10,5,3,0,7,19,18,1,4,12,9,15,18,7,7,0,3,18,11,1,9,16,19,11,19,2,0,13,16,19,16,19,14,11,3,10,18,19,19,6,18,7,15,2,12,16,9,6,4,11,13,14,19,6,11,5,10,3,10,0,0,10,9,19,18,17,6,12,6,3,11,2,9,9,5,13,19,8,7,6,6,3,10,11,19,5,8,15,15,18,1,5,1,0,1,10,10,11,3,5,10,15,10,7,2,0,0,10,5,9,16,3,19,11,10,5,3,0,7,19,18,1,4,12,9,15,18,7,7",0.6123602,0.3473678,0.77843636,3.0,0.016189931,56.774464,0.01790346,1.0,0.01790346,0.3491405,0.005674518,0.0,0.0,0.016189931,0.0019298577,0.8529926,0.3491405,4.4572177,1.3697778,56.774464,0.6123602,3.985539,199.1097,0.0,0.014476402,1.0,199.1097,0.22156364,0.1470074,4.4572177,0.0019298577,0.011349036,0.3473678,0.0,1.3697778,3.985539,0.0,0.57148427,0.0,0.011349036,0.57148427,0.5843024,0.014476402,1.0,0.005674518,lookahead,beam_orig2_bm3-s0to100br2-s100to200br3-s200to300br0-s300to400br0
/work/T-REX/external/Proteina-Complexa/inference/search_binder_local_pipeline_32_PDL1_ALPHA_REPACK_v7_r006_cand_v7r006_hyp_0006_00_001_af1b7530d1b98/job_0_n_186_id_60_beam_orig3_bm1-s0to100br2-s100to200br3-s200to300br3-s300to400br0/job_0_n_186_id_60_beam_orig3_bm1-s0to100br2-s100to200br3-s200to300br3-s300to400br0.pdb,243,"2,0,13,16,19,16,19,14,11,3,10,18,19,19,6,18,7,15,2,12,16,9,6,4,11,13,14,19,6,11,5,10,3,10,0,0,10,9,19,18,17,6,12,6,3,11,2,9,9,5,13,19,8,7,6,6,3,10,11,19,5,8,15,15,18,1,5,1,0,1,10,10,11,3,5,10,15,10,7,2,0,0,10,5,9,16,3,19,11,10,5,3,0,7,19,18,1,4,12,9,15,18,7,7,0,3,18,11,1,9,16,19,11,19,2,0,7,10,11,16,11,6,0,5,3,10,10,3,10,9,3,2,7,0,15,14,6,3,9,19,0,18,9,11,11,9,6,6,6,11,7,16,6,19,0,9,6,19,9,6,6,19,10,11,2,10,14,14,18,8,14,18,9,14,10,10,11,11,10,10,6,6,10,11,5,11,0,0,0,0,0,0,0,0,0,0,0,0,0,0,0,0,0,0,0,0,0,0,0,0,0,0,0,0,0,0,0,0",0.65636635,0.2854357,0.81197995,3.0,0.011844583,79.04336,0.0146293985,1.0,0.0146293985,0.3919084,0.012655919,0.0,0.0,0.011844583,0.004311207,0.8208107,0.3919084,7.173077,1.5527008,79.04336,0.65636635,4.014375,188.92023,0.012291671,0.009059768,1.0,188.92023,0.18802005,0.17918935,7.173077,0.004311207,0.013020169,0.2854357,0.0,1.5527008,4.014375,0.012291671,0.5734481,0.0,0.013020169,0.5734481,0.6255457,0.009059768,1.0,0.012655919,lookahead,beam_orig3_bm1-s0to100br2-s100to200br3-s200to300br3-s300to400br0
/work/T-REX/external/Proteina-Complexa/inference/search_binder_local_pipeline_32_PDL1_ALPHA_REPACK_v7_r006_cand_v7r006_hyp_0006_00_001_af1b7530d1b98/job_0_n_190_id_61_beam_orig0_bm3-s0to100br2-s100to200br1-s200to300br1-s300to400br1/job_0_n_190_id_61_beam_orig0_bm3-s0to100br2-s100to200br1-s200to300br1-s300to400br1.pdb,244,"2,0,13,16,19,16,19,14,11,3,10,18,19,19,6,18,7,15,2,12,16,9,6,4,11,13,14,19,6,11,5,10,3,10,0,0,10,9,19,18,17,6,12,6,3,11,2,9,9,5,13,19,8,7,6,6,3,10,11,19,5,8,15,15,18,1,5,1,0,1,10,10,11,3,5,10,15,10,7,2,0,0,10,5,9,16,3,19,11,10,5,3,0,7,19,18,1,4,12,9,15,18,7,7,0,3,18,11,1,9,16,19,11,19,2,0,19,8,19,19,11,7,3,15,0,6,13,10,18,2,6,7,2,1,10,11,3,10,7,1,2,3,10,0,6,13,18,18,1,10,0,10,11,10,11,14,3,13,0,6,0,8,2,2,10,7,0,19,10,11,3,10,7,1,10,3,6,0,9,6,6,18,6,6,0,10,11,10,11,14,0,0,0,0,0,0,0,0,0,0,0,0,0,0,0,0,0,0,0,0,0,0,0,0,0,0,0,0",0.6169431,0.2512777,0.6777931,3.0,0.07420529,91.418304,0.08575157,1.0,0.08575157,0.34389868,0.014240878,0.0,0.0,0.07420529,0.025180345,0.8055844,0.34389868,8.2436905,1.486302,91.418304,0.6169431,3.5366292,212.26006,0.013784299,0.062659,1.0,212.26006,0.3222069,0.19441564,8.2436905,0.025180345,0.014697458,0.2512777,0.0,1.486302,3.5366292,0.013784299,0.47395185,0.0,0.014697458,0.47395185,0.67043805,0.062659,1.0,0.014240878,lookahead,beam_orig0_bm3-s0to100br2-s100to200br1-s200to300br1-s300to400br1
/work/T-REX/external/Proteina-Complexa/inference/search_binder_local_pipeline_32_PDL1_ALPHA_REPACK_v7_r006_cand_v7r006_hyp_0006_00_001_af1b7530d1b98/job_0_n_201_id_61_beam_orig1_bm3-s0to100br0-s100to200br2-s200to300br2-s300to400br1/job_0_n_201_id_61_beam_orig1_bm3-s0to100br0-s100to200br2-s200to300br2-s300to400br1.pdb,245,"2,0,13,16,19,16,19,14,11,3,10,18,19,19,6,18,7,15,2,12,16,9,6,4,11,13,14,19,6,11,5,10,3,10,0,0,10,9,19,18,17,6,12,6,3,11,2,9,9,5,13,19,8,7,6,6,3,10,11,19,5,8,15,15,18,1,5,1,0,1,10,10,11,3,5,10,15,10,7,2,0,0,10,5,9,16,3,19,11,10,5,3,0,7,19,18,1,4,12,9,15,18,7,7,0,3,18,11,1,9,16,19,11,19,2,0,11,6,6,9,16,0,0,9,6,6,13,19,5,11,15,15,16,19,19,6,0,12,5,10,0,6,3,18,0,11,11,11,2,10,15,3,3,6,16,6,11,10,9,10,7,19,8,2,0,1,15,6,5,10,11,11,6,10,15,14,19,3,18,8,11,6,5,6,11,0,13,2,18,10,19,2,10,15,5,1,10,11,1,6,0,0,0,0,0,0,0,0,0,0,0,0,0,0,0,0,0,0",0.6765356,0.06266995,0.23578453,3.0,0.5082393,33.982185,0.5218698,1.0,0.5218698,0.15283844,0.5082393,0.0,0.0,0.5082393,0.0053450163,0.88193834,0.15283844,1.0825398,1.8522022,33.982185,0.6765356,2.38138,170.46999,0.49460885,0.49460885,1.0,170.46999,0.76421547,0.118061654,1.0825398,0.0053450163,0.5218698,0.06266995,0.0,1.8522022,2.38138,0.49460885,0.1853805,0.0,0.5218698,0.1853805,0.8504894,0.49460885,1.0,0.5082393,lookahead,beam_orig1_bm3-s0to100br0-s100to200br2-s200to300br2-s300to400br1
/work/T-REX/external/Proteina-Complexa/inference/search_binder_local_pipeline_32_PDL1_ALPHA_REPACK_v7_r006_cand_v7r006_hyp_0006_00_001_af1b7530d1b98/job_0_n_218_id_61_beam_orig2_bm3-s0to100br2-s100to200br3-s200to300br0-s300to400br1/job_0_n_218_id_61_beam_orig2_bm3-s0to100br2-s100to200br3-s200to300br0-s300to400br1.pdb,246,"2,0,13,16,19,16,19,14,11,3,10,18,19,19,6,18,7,15,2,12,16,9,6,4,11,13,14,19,6,11,5,10,3,10,0,0,10,9,19,18,17,6,12,6,3,11,2,9,9,5,13,19,8,7,6,6,3,10,11,19,5,8,15,15,18,1,5,1,0,1,10,10,11,3,5,10,15,10,7,2,0,0,10,5,9,16,3,19,11,10,5,3,0,7,19,18,1,4,12,9,15,18,7,7,0,3,18,11,1,9,16,19,11,19,2,0,13,16,19,16,19,14,11,3,10,18,19,19,6,18,7,15,2,12,16,9,6,4,11,13,14,19,6,11,5,10,3,10,0,0,10,9,19,18,17,6,12,6,3,11,2,9,9,5,13,19,8,7,6,6,3,10,11,19,5,8,15,15,18,1,5,1,0,1,10,10,11,3,5,10,15,10,7,2,0,0,10,5,9,16,3,19,11,10,5,3,0,7,19,18,1,4,12,9,15,18,7,7",0.60982543,0.34927803,0.77990925,3.0,0.014771845,55.818302,0.015730845,1.0,0.015730845,0.35123822,0.0056235255,0.0,0.0,0.014771845,0.0019344302,0.8521385,0.35123822,4.529042,1.3770158,55.818302,0.60982543,3.9938781,201.21745,0.0,0.013812845,1.0,201.21745,0.22009072,0.14786151,4.529042,0.0019344302,0.011247051,0.34927803,0.0,1.3770158,3.9938781,0.0,0.5748103,0.0,0.011247051,0.5748103,0.5835,0.013812845,1.0,0.0056235255,lookahead,beam_orig2_bm3-s0to100br2-s100to200br3-s200to300br0-s300to400br1
/work/T-REX/external/Proteina-Complexa/inference/search_binder_local_pipeline_32_PDL1_ALPHA_REPACK_v7_r006_cand_v7r006_hyp_0006_00_001_af1b7530d1b98/job_0_n_186_id_61_beam_orig3_bm1-s0to100br2-s100to200br3-s200to300br3-s300to400br1/job_0_n_186_id_61_beam_orig3_bm1-s0to100br2-s100to200br3-s200to300br3-s300to400br1.pdb,247,"2,0,13,16,19,16,19,14,11,3,10,18,19,19,6,18,7,15,2,12,16,9,6,4,11,13,14,19,6,11,5,10,3,10,0,0,10,9,19,18,17,6,12,6,3,11,2,9,9,5,13,19,8,7,6,6,3,10,11,19,5,8,15,15,18,1,5,1,0,1,10,10,11,3,5,10,15,10,7,2,0,0,10,5,9,16,3,19,11,10,5,3,0,7,19,18,1,4,12,9,15,18,7,7,0,3,18,11,1,9,16,19,11,19,2,0,7,10,11,9,11,6,0,5,3,10,10,3,10,9,3,2,7,0,15,14,6,3,9,19,0,13,9,11,11,9,6,6,6,11,7,16,6,19,0,9,6,19,9,6,6,19,10,11,2,10,14,14,18,8,14,18,9,14,10,10,11,11,10,10,6,6,10,11,5,11,0,0,0,0,0,0,0,0,0,0,0,0,0,0,0,0,0,0,0,0,0,0,0,0,0,0,0,0,0,0,0,0",0.6501166,0.28283256,0.8001844,3.0,0.0140042985,86.728546,0.018722031,1.0,0.018722031,0.38982993,0.01270425,0.0,0.0,0.0140042985,0.005176689,0.8097315,0.38982993,7.730827,1.6290702,86.728546,0.6501166,4.0122986,190.99478,0.012412187,0.009286566,1.0,190.99478,0.19981559,0.19026855,7.730827,0.005176689,0.012996314,0.28283256,0.0,1.6290702,4.0122986,0.012412187,0.5641643,0.0,0.012996314,0.5641643,0.62931997,0.009286566,1.0,0.01270425,lookahead,beam_orig3_bm1-s0to100br2-s100to200br3-s200to300br3-s300to400br1
/work/T-REX/external/Proteina-Complexa/inference/search_binder_local_pipeline_32_PDL1_ALPHA_REPACK_v7_r006_cand_v7r006_hyp_0006_00_001_af1b7530d1b98/job_0_n_190_id_62_beam_orig0_bm3-s0to100br2-s100to200br1-s200to300br1-s300to400br2/job_0_n_190_id_62_beam_orig0_bm3-s0to100br2-s100to200br1-s200to300br1-s300to400br2.pdb,248,"2,0,13,16,19,16,19,14,11,3,10,18,19,19,6,18,7,15,2,12,16,9,6,4,11,13,14,19,6,11,5,10,3,10,0,0,10,9,19,18,17,6,12,6,3,11,2,9,9,5,13,19,8,7,6,6,3,10,11,19,5,8,15,15,18,1,5,1,0,1,10,10,11,3,5,10,15,10,7,2,0,0,10,5,9,16,3,19,11,10,5,3,0,7,19,18,1,4,12,9,15,18,7,7,0,3,18,11,1,9,16,19,11,19,2,0,19,8,19,19,11,7,3,15,0,6,13,10,18,2,6,7,2,1,10,11,3,10,7,1,2,3,10,0,6,13,18,18,1,10,0,10,11,10,11,14,3,13,0,6,0,8,2,2,10,7,0,19,10,11,3,10,7,1,10,3,6,0,9,6,6,18,6,6,0,10,11,10,11,14,0,0,0,0,0,0,0,0,0,0,0,0,0,0,0,0,0,0,0,0,0,0,0,0,0,0,0,0",0.6194945,0.2526298,0.68168515,3.0,0.07270091,90.950165,0.08330604,1.0,0.08330604,0.344752,0.014079298,0.0,0.0,0.07270091,0.025129639,0.805177,0.344752,8.241555,1.4845564,90.950165,0.6194945,3.5487413,220.0723,0.013628997,0.062095784,1.0,220.0723,0.31831485,0.19482303,8.241555,0.025129639,0.014529599,0.2526298,0.0,1.4845564,3.5487413,0.013628997,0.4757341,0.0,0.014529599,0.4757341,0.6682904,0.062095784,1.0,0.014079298,lookahead,beam_orig0_bm3-s0to100br2-s100to200br1-s200to300br1-s300to400br2
/work/T-REX/external/Proteina-Complexa/inference/search_binder_local_pipeline_32_PDL1_ALPHA_REPACK_v7_r006_cand_v7r006_hyp_0006_00_001_af1b7530d1b98/job_0_n_201_id_62_beam_orig1_bm3-s0to100br0-s100to200br2-s200to300br2-s300to400br2/job_0_n_201_id_62_beam_orig1_bm3-s0to100br0-s100to200br2-s200to300br2-s300to400br2.pdb,249,"2,0,13,16,19,16,19,14,11,3,10,18,19,19,6,18,7,15,2,12,16,9,6,4,11,13,14,19,6,11,5,10,3,10,0,0,10,9,19,18,17,6,12,6,3,11,2,9,9,5,13,19,8,7,6,6,3,10,11,19,5,8,15,15,18,1,5,1,0,1,10,10,11,3,5,10,15,10,7,2,0,0,10,5,9,16,3,19,11,10,5,3,0,7,19,18,1,4,12,9,15,18,7,7,0,3,18,11,1,9,16,19,11,19,2,0,11,6,6,9,16,0,0,9,6,6,13,19,5,11,15,15,16,19,19,6,0,12,5,10,0,6,3,18,0,11,11,11,2,10,15,3,3,6,16,6,11,10,9,10,7,19,8,2,0,1,15,6,5,10,11,11,6,10,15,14,19,3,18,8,11,6,5,6,11,0,13,2,18,10,19,2,10,15,5,1,10,11,1,6,0,0,0,0,0,0,0,0,0,0,0,0,0,0,0,0,0,0",0.676816,0.06362228,0.2360757,3.0,0.5085236,34.633896,0.5244226,1.0,0.5244226,0.15314966,0.5085236,0.0,0.0,0.5085236,0.0052406676,0.88104486,0.15314966,1.1865687,1.8591298,34.633896,0.676816,2.3835468,171.53416,0.49262464,0.49262464,1.0,171.53416,0.7639243,0.11895511,1.1865687,0.0052406676,0.5244226,0.06362228,0.0,1.8591298,2.3835468,0.49262464,0.18582113,0.0,0.5244226,0.18582113,0.8505454,0.49262464,1.0,0.5085236,lookahead,beam_orig1_bm3-s0to100br0-s100to200br2-s200to300br2-s300to400br2
/work/T-REX/external/Proteina-Complexa/inference/search_binder_local_pipeline_32_PDL1_ALPHA_REPACK_v7_r006_cand_v7r006_hyp_0006_00_001_af1b7530d1b98/job_0_n_218_id_62_beam_orig2_bm3-s0to100br2-s100to200br3-s200to300br0-s300to400br2/job_0_n_218_id_62_beam_orig2_bm3-s0to100br2-s100to200br3-s200to300br0-s300to400br2.pdb,250,"2,0,13,16,19,16,19,14,11,3,10,18,19,19,6,18,7,15,2,12,16,9,6,4,11,13,14,19,6,11,5,10,3,10,0,0,10,9,19,18,17,6,12,6,3,11,2,9,9,5,13,19,8,7,6,6,3,10,11,19,5,8,15,15,18,1,5,1,0,1,10,10,11,3,5,10,15,10,7,2,0,0,10,5,9,16,3,19,11,10,5,3,0,7,19,18,1,4,12,9,15,18,7,7,0,3,18,11,1,9,16,19,11,19,2,0,13,16,19,16,19,14,11,3,10,18,19,19,6,18,7,15,2,12,16,9,6,4,11,13,14,19,6,11,5,10,3,10,0,0,10,9,19,18,17,6,12,6,3,11,2,9,9,5,13,19,8,7,6,6,3,10,11,19,5,8,15,15,18,1,5,1,0,1,10,10,11,3,5,10,15,10,7,2,0,0,10,5,9,16,3,19,11,10,5,3,0,7,19,18,1,4,12,9,15,18,7,7",0.6126924,0.3447492,0.7763035,3.0,0.017293923,55.7287,0.018078685,1.0,0.018078685,0.34803206,0.005717256,0.0,0.0,0.017293923,0.0019357018,0.8532653,0.34803206,4.5887713,1.3713584,55.7287,0.6126924,3.9830601,195.86687,0.0,0.016509159,1.0,195.86687,0.22369647,0.14673473,4.5887713,0.0019357018,0.011434512,0.3447492,0.0,1.3713584,3.9830601,0.0,0.5690568,0.0,0.011434512,0.5690568,0.5852407,0.016509159,1.0,0.005717256,lookahead,beam_orig2_bm3-s0to100br2-s100to200br3-s200to300br0-s300to400br2
/work/T-REX/external/Proteina-Complexa/inference/search_binder_local_pipeline_32_PDL1_ALPHA_REPACK_v7_r006_cand_v7r006_hyp_0006_00_001_af1b7530d1b98/job_0_n_186_id_62_beam_orig3_bm1-s0to100br2-s100to200br3-s200to300br3-s300to400br2/job_0_n_186_id_62_beam_orig3_bm1-s0to100br2-s100to200br3-s200to300br3-s300to400br2.pdb,251,"2,0,13,16,19,16,19,14,11,3,10,18,19,19,6,18,7,15,2,12,16,9,6,4,11,13,14,19,6,11,5,10,3,10,0,0,10,9,19,18,17,6,12,6,3,11,2,9,9,5,13,19,8,7,6,6,3,10,11,19,5,8,15,15,18,1,5,1,0,1,10,10,11,3,5,10,15,10,7,2,0,0,10,5,9,16,3,19,11,10,5,3,0,7,19,18,1,4,12,9,15,18,7,7,0,3,18,11,1,9,16,19,11,19,2,0,7,10,11,9,11,6,0,5,3,10,10,3,10,9,3,2,7,0,15,14,6,3,9,19,0,13,9,11,11,9,6,6,6,11,7,16,6,19,0,9,6,19,9,6,6,19,10,11,2,10,14,14,18,8,14,18,9,14,10,10,11,11,10,10,6,6,10,11,6,11,0,0,0,0,0,0,0,0,0,0,0,0,0,0,0,0,0,0,0,0,0,0,0,0,0,0,0,0,0,0,0,0",0.64951044,0.28018767,0.80254173,3.0,0.013465905,88.548485,0.017719,1.0,0.017719,0.39272842,0.012581763,0.0,0.0,0.013465905,0.005348293,0.8069948,0.39272842,7.8284874,1.6413264,88.548485,0.64951044,4.018117,189.52553,0.012464277,0.009212809,1.0,189.52553,0.19745828,0.19300517,7.8284874,0.005348293,0.012699248,0.28018767,0.0,1.6413264,4.018117,0.012464277,0.56776804,0.0,0.012699248,0.56776804,0.62872726,0.009212809,1.0,0.012581763,lookahead,beam_orig3_bm1-s0to100br2-s100to200br3-s200to300br3-s300to400br2
/work/T-REX/external/Proteina-Complexa/inference/search_binder_local_pipeline_32_PDL1_ALPHA_REPACK_v7_r006_cand_v7r006_hyp_0006_00_001_af1b7530d1b98/job_0_n_190_id_63_beam_orig0_bm3-s0to100br2-s100to200br1-s200to300br1-s300to400br3/job_0_n_190_id_63_beam_orig0_bm3-s0to100br2-s100to200br1-s200to300br1-s300to400br3.pdb,252,"2,0,13,16,19,16,19,14,11,3,10,18,19,19,6,18,7,15,2,12,16,9,6,4,11,13,14,19,6,11,5,10,3,10,0,0,10,9,19,18,17,6,12,6,3,11,2,9,9,5,13,19,8,7,6,6,3,10,11,19,5,8,15,15,18,1,5,1,0,1,10,10,11,3,5,10,15,10,7,2,0,0,10,5,9,16,3,19,11,10,5,3,0,7,19,18,1,4,12,9,15,18,7,7,0,3,18,11,1,9,16,19,11,19,2,0,19,8,19,19,11,7,3,15,0,6,13,10,18,2,6,7,2,1,10,11,3,10,7,1,2,3,10,0,6,13,18,18,1,10,0,10,11,10,11,14,3,13,0,6,0,8,2,2,10,7,0,19,10,11,3,10,7,1,10,3,6,0,9,6,6,18,6,6,0,10,11,10,11,14,0,0,0,0,0,0,0,0,0,0,0,0,0,0,0,0,0,0,0,0,0,0,0,0,0,0,0,0",0.6165264,0.25480357,0.6807275,3.0,0.07186107,92.03475,0.08180271,1.0,0.08180271,0.3452738,0.014236593,0.0,0.0,0.07186107,0.02507655,0.8053967,0.3452738,8.307461,1.4827121,92.03475,0.6165264,3.5488598,213.92506,0.013533637,0.061919436,1.0,213.92506,0.31927252,0.19460332,8.307461,0.02507655,0.014939548,0.25480357,0.0,1.4827121,3.5488598,0.013533637,0.4764259,0.0,0.014939548,0.4764259,0.66868937,0.061919436,1.0,0.014236593,lookahead,beam_orig0_bm3-s0to100br2-s100to200br1-s200to300br1-s300to400br3
/work/T-REX/external/Proteina-Complexa/inference/search_binder_local_pipeline_32_PDL1_ALPHA_REPACK_v7_r006_cand_v7r006_hyp_0006_00_001_af1b7530d1b98/job_0_n_201_id_63_beam_orig1_bm3-s0to100br0-s100to200br2-s200to300br2-s300to400br3/job_0_n_201_id_63_beam_orig1_bm3-s0to100br0-s100to200br2-s200to300br2-s300to400br3.pdb,253,"2,0,13,16,19,16,19,14,11,3,10,18,19,19,6,18,7,15,2,12,16,9,6,4,11,13,14,19,6,11,5,10,3,10,0,0,10,9,19,18,17,6,12,6,3,11,2,9,9,5,13,19,8,7,6,6,3,10,11,19,5,8,15,15,18,1,5,1,0,1,10,10,11,3,5,10,15,10,7,2,0,0,10,5,9,16,3,19,11,10,5,3,0,7,19,18,1,4,12,9,15,18,7,7,0,3,18,11,1,9,16,19,11,19,2,0,11,6,6,9,16,0,0,9,6,6,13,19,5,11,15,15,16,19,19,6,0,12,5,10,0,6,3,18,0,11,11,11,2,10,15,3,3,6,16,6,11,10,9,10,7,19,8,2,0,1,15,6,5,10,11,11,6,10,15,14,19,3,18,8,11,6,5,6,11,0,13,2,18,10,19,2,10,15,5,1,10,11,1,6,0,0,0,0,0,0,0,0,0,0,0,0,0,0,0,0,0,0",0.67554057,0.062161036,0.23675549,3.0,0.50583297,33.93732,0.5188643,1.0,0.5188643,0.15265204,0.50583297,0.0,0.0,0.50583297,0.0051606735,0.88182247,0.15265204,1.1551709,1.8538388,33.93732,0.67554057,2.383413,169.81126,0.49280164,0.49280164,1.0,169.81126,0.7632445,0.11817752,1.1551709,0.0051606735,0.5188643,0.062161036,0.0,1.8538388,2.383413,0.49280164,0.18542565,0.0,0.5188643,0.18542565,0.8502941,0.49280164,1.0,0.50583297,lookahead,beam_orig1_bm3-s0to100br0-s100to200br2-s200to300br2-s300to400br3
/work/T-REX/external/Proteina-Complexa/inference/search_binder_local_pipeline_32_PDL1_ALPHA_REPACK_v7_r006_cand_v7r006_hyp_0006_00_001_af1b7530d1b98/job_0_n_218_id_63_beam_orig2_bm3-s0to100br2-s100to200br3-s200to300br0-s300to400br3/job_0_n_218_id_63_beam_orig2_bm3-s0to100br2-s100to200br3-s200to300br0-s300to400br3.pdb,254,"2,0,13,16,19,16,19,14,11,3,10,18,19,19,6,18,7,15,2,12,16,9,6,4,11,13,14,19,6,11,5,10,3,10,0,0,10,9,19,18,17,6,12,6,3,11,2,9,9,5,13,19,8,7,6,6,3,10,11,19,5,8,15,15,18,1,5,1,0,1,10,10,11,3,5,10,15,10,7,2,0,0,10,5,9,16,3,19,11,10,5,3,0,7,19,18,1,4,12,9,15,18,7,7,0,3,18,11,1,9,16,19,11,19,2,0,13,16,19,16,19,14,11,3,10,18,19,19,6,18,7,15,2,12,16,9,6,4,11,13,14,19,6,11,5,10,3,10,0,0,10,9,19,18,17,6,12,6,3,11,2,9,9,5,13,19,8,7,6,6,3,10,11,19,5,8,15,15,18,1,5,1,0,1,10,10,11,3,5,10,15,10,7,2,0,0,10,5,9,16,3,19,11,10,5,3,0,7,19,18,1,4,12,9,15,18,7,7",0.61320823,0.3458229,0.7766633,3.0,0.017289512,57.264786,0.018121876,1.0,0.018121876,0.34799716,0.005802768,0.0,0.0,0.017289512,0.0019590762,0.8525254,0.34799716,4.5673337,1.3706058,57.264786,0.61320823,3.9823868,196.43304,0.0,0.016457148,1.0,196.43304,0.22333671,0.14747457,4.5673337,0.0019590762,0.011605536,0.3458229,0.0,1.3706058,3.9823868,0.0,0.56907624,0.0,0.011605536,0.56907624,0.58478093,0.016457148,1.0,0.005802768,lookahead,beam_orig2_bm3-s0to100br2-s100to200br3-s200to300br0-s300to400br3
/work/T-REX/external/Proteina-Complexa/inference/search_binder_local_pipeline_32_PDL1_ALPHA_REPACK_v7_r006_cand_v7r006_hyp_0006_00_001_af1b7530d1b98/job_0_n_186_id_63_beam_orig3_bm1-s0to100br2-s100to200br3-s200to300br3-s300to400br3/job_0_n_186_id_63_beam_orig3_bm1-s0to100br2-s100to200br3-s200to300br3-s300to400br3.pdb,255,"2,0,13,16,19,16,19,14,11,3,10,18,19,19,6,18,7,15,2,12,16,9,6,4,11,13,14,19,6,11,5,10,3,10,0,0,10,9,19,18,17,6,12,6,3,11,2,9,9,5,13,19,8,7,6,6,3,10,11,19,5,8,15,15,18,1,5,1,0,1,10,10,11,3,5,10,15,10,7,2,0,0,10,5,9,16,3,19,11,10,5,3,0,7,19,18,1,4,12,9,15,18,7,7,0,3,18,11,1,9,16,19,11,19,2,0,7,10,11,16,11,6,0,5,3,10,10,3,10,9,3,2,7,0,15,14,6,3,9,19,0,13,9,11,11,9,6,6,6,11,7,16,6,19,0,9,6,19,9,6,6,19,10,11,2,10,14,14,18,8,14,18,9,14,10,10,11,11,10,10,6,6,10,11,6,11,0,0,0,0,0,0,0,0,0,0,0,0,0,0,0,0,0,0,0,0,0,0,0,0,0,0,0,0,0,0,0,0",0.64870656,0.28496867,0.806465,3.0,0.010969684,88.493614,0.014819838,1.0,0.014819838,0.3934505,0.013468975,0.0,0.0,0.010969684,0.0053846897,0.81372684,0.3934505,7.662814,1.6086503,88.493614,0.64870656,4.0174694,193.05835,0.013296597,0.007119531,1.0,193.05835,0.19353497,0.18627316,7.662814,0.0053846897,0.013641353,0.28496867,0.0,1.6086503,4.0174694,0.013296597,0.5719606,0.0,0.013641353,0.5719606,0.62757903,0.007119531,1.0,0.013468975,lookahead,beam_orig3_bm1-s0to100br2-s100to200br3-s200to300br3-s300to400br3
/work/T-REX/external/Proteina-Complexa/inference/search_binder_local_pipeline_32_PDL1_ALPHA_REPACK_v7_r006_cand_v7r006_hyp_0006_00_001_af1b7530d1b98/job_0_n_190_id_64_beam_orig0_bm0-s0to100br3-s100to200br2-s200to300br3-s300to400br2/job_0_n_190_id_64_beam_orig0_bm0-s0to100br3-s100to200br2-s200to300br3-s300to400br2.pdb,256,"2,0,13,16,19,16,19,14,11,3,10,18,19,19,6,18,7,15,2,12,16,9,6,4,11,13,14,19,6,11,5,10,3,10,0,0,10,9,19,18,17,6,12,6,3,11,2,9,9,5,13,19,8,7,6,6,3,10,11,19,5,8,15,15,18,1,5,1,0,1,10,10,11,3,5,10,15,10,7,2,0,0,10,5,9,16,3,19,11,10,5,3,0,7,19,18,1,4,12,9,15,18,7,7,0,3,18,11,1,9,16,19,11,19,2,0,15,15,3,19,3,6,10,19,15,11,10,11,3,6,10,7,15,6,13,16,14,6,9,6,8,18,0,1,10,0,19,11,0,19,11,6,6,11,2,10,3,10,0,11,6,18,10,15,11,0,5,15,10,19,11,3,2,6,11,11,10,11,13,10,11,9,12,16,3,13,9,3,15,10,0,0,0,0,0,0,0,0,0,0,0,0,0,0,0,0,0,0,0,0,0,0,0,0,0,0,0,0",0.6944765,0.05931515,0.22238564,3.0,0.5370523,46.460373,0.6034826,1.0,0.6034826,0.13835426,0.5370523,0.0,0.0,0.5370523,0.0043912046,0.9263638,0.13835426,2.0637372,1.4272023,46.460373,0.6944765,2.1746566,193.90997,0.470622,0.470622,1.0,193.90997,0.77761436,0.073636174,2.0637372,0.0043912046,0.6034826,0.05931515,0.0,1.4272023,2.1746566,0.470622,0.17615424,0.0,0.6034826,0.17615424,0.8622502,0.470622,1.0,0.5370523,final,beam_orig0_bm0-s0to100br3-s100to200br2-s200to300br3-s300to400br2
/work/T-REX/external/Proteina-Complexa/inference/search_binder_local_pipeline_32_PDL1_ALPHA_REPACK_v7_r006_cand_v7r006_hyp_0006_00_001_af1b7530d1b98/job_0_n_190_id_65_beam_orig0_bm0-s0to100br3-s100to200br1-s200to300br3-s300to400br0/job_0_n_190_id_65_beam_orig0_bm0-s0to100br3-s100to200br1-s200to300br3-s300to400br0.pdb,257,"2,0,13,16,19,16,19,14,11,3,10,18,19,19,6,18,7,15,2,12,16,9,6,4,11,13,14,19,6,11,5,10,3,10,0,0,10,9,19,18,17,6,12,6,3,11,2,9,9,5,13,19,8,7,6,6,3,10,11,19,5,8,15,15,18,1,5,1,0,1,10,10,11,3,5,10,15,10,7,2,0,0,10,5,9,16,3,19,11,10,5,3,0,7,19,18,1,4,12,9,15,18,7,7,0,3,18,11,1,9,16,19,11,19,2,0,15,3,10,0,6,6,10,18,5,1,19,0,14,10,19,14,11,2,11,8,11,3,10,1,11,18,15,1,3,10,19,11,0,19,11,19,7,0,15,6,3,16,9,2,3,10,9,7,11,9,19,0,10,0,11,3,2,19,6,11,10,5,9,10,11,0,19,15,3,13,10,3,11,13,0,0,0,0,0,0,0,0,0,0,0,0,0,0,0,0,0,0,0,0,0,0,0,0,0,0,0,0",0.6787743,0.05269735,0.20717847,3.0,0.5395543,59.855743,0.6041082,1.0,0.6041082,0.13408071,0.5395543,0.0,0.0,0.5395543,0.00080531026,0.92631185,0.13408071,4.3728576,1.4000924,59.855743,0.6787743,2.09587,193.90233,0.4750004,0.4750004,1.0,193.90233,0.7928215,0.073688135,4.3728576,0.00080531026,0.6041082,0.05269735,0.0,1.4000924,2.09587,0.4750004,0.17154773,0.0,0.6041082,0.17154773,0.8678628,0.4750004,1.0,0.5395543,final,beam_orig0_bm0-s0to100br3-s100to200br1-s200to300br3-s300to400br0
/work/T-REX/external/Proteina-Complexa/inference/search_binder_local_pipeline_32_PDL1_ALPHA_REPACK_v7_r006_cand_v7r006_hyp_0006_00_001_af1b7530d1b98/job_0_n_190_id_66_beam_orig0_bm0-s0to100br3-s100to200br1-s200to300br3-s300to400br3/job_0_n_190_id_66_beam_orig0_bm0-s0to100br3-s100to200br1-s200to300br3-s300to400br3.pdb,258,"2,0,13,16,19,16,19,14,11,3,10,18,19,19,6,18,7,15,2,12,16,9,6,4,11,13,14,19,6,11,5,10,3,10,0,0,10,9,19,18,17,6,12,6,3,11,2,9,9,5,13,19,8,7,6,6,3,10,11,19,5,8,15,15,18,1,5,1,0,1,10,10,11,3,5,10,15,10,7,2,0,0,10,5,9,16,3,19,11,10,5,3,0,7,19,18,1,4,12,9,15,18,7,7,0,3,18,11,1,9,16,19,11,19,2,0,15,3,10,0,6,6,10,18,5,1,19,0,14,10,19,14,11,2,11,8,11,3,10,1,11,18,15,1,3,10,19,11,0,19,11,19,7,0,15,6,3,16,9,2,3,10,9,7,11,9,19,0,10,0,11,3,2,19,6,11,10,5,9,10,11,0,19,15,3,13,10,3,11,13,0,0,0,0,0,0,0,0,0,0,0,0,0,0,0,0,0,0,0,0,0,0,0,0,0,0,0,0",0.67793334,0.0526203,0.20854336,3.0,0.5375016,62.86805,0.60134655,1.0,0.60134655,0.13475862,0.5375016,0.0,0.0,0.5375016,0.0008293809,0.9253114,0.13475862,4.389562,1.4039038,62.86805,0.67793334,2.104403,195.8057,0.47365665,0.47365665,1.0,195.8057,0.79145664,0.07468862,4.389562,0.0008293809,0.60134655,0.0526203,0.0,1.4039038,2.104403,0.47365665,0.17238326,0.0,0.60134655,0.17238326,0.866933,0.47365665,1.0,0.5375016,final,beam_orig0_bm0-s0to100br3-s100to200br1-s200to300br3-s300to400br3
/work/T-REX/external/Proteina-Complexa/inference/search_binder_local_pipeline_32_PDL1_ALPHA_REPACK_v7_r006_cand_v7r006_hyp_0006_00_001_af1b7530d1b98/job_0_n_190_id_67_beam_orig0_bm0-s0to100br3-s100to200br1-s200to300br3-s300to400br2/job_0_n_190_id_67_beam_orig0_bm0-s0to100br3-s100to200br1-s200to300br3-s300to400br2.pdb,259,"2,0,13,16,19,16,19,14,11,3,10,18,19,19,6,18,7,15,2,12,16,9,6,4,11,13,14,19,6,11,5,10,3,10,0,0,10,9,19,18,17,6,12,6,3,11,2,9,9,5,13,19,8,7,6,6,3,10,11,19,5,8,15,15,18,1,5,1,0,1,10,10,11,3,5,10,15,10,7,2,0,0,10,5,9,16,3,19,11,10,5,3,0,7,19,18,1,4,12,9,15,18,7,7,0,3,18,11,1,9,16,19,11,19,2,0,15,3,10,0,6,6,10,18,5,1,19,0,14,10,19,14,11,2,11,8,11,3,10,1,11,18,15,1,3,10,19,11,0,19,11,19,7,0,15,6,3,16,9,2,3,10,9,7,11,9,19,0,10,0,11,3,2,19,6,11,10,5,9,10,11,0,19,15,3,13,10,3,11,13,0,0,0,0,0,0,0,0,0,0,0,0,0,0,0,0,0,0,0,0,0,0,0,0,0,0,0,0",0.68256885,0.05135608,0.20454943,3.0,0.546021,61.558697,0.6114515,1.0,0.6114515,0.13333178,0.546021,0.0,0.0,0.546021,0.00079794426,0.9265651,0.13333178,4.3438888,1.398522,61.558697,0.68256885,2.0875182,198.22545,0.4805905,0.4805905,1.0,198.22545,0.79545057,0.07343489,4.3438888,0.00079794426,0.6114515,0.05135608,0.0,1.398522,2.0875182,0.4805905,0.1702763,0.0,0.6114515,0.1702763,0.8684951,0.4805905,1.0,0.546021,final,beam_orig0_bm0-s0to100br3-s100to200br1-s200to300br3-s300to400br2
/work/T-REX/external/Proteina-Complexa/inference/search_binder_local_pipeline_32_PDL1_ALPHA_REPACK_v7_r006_cand_v7r006_hyp_0006_00_001_af1b7530d1b98/job_0_n_201_id_64_beam_orig1_bm3-s0to100br0-s100to200br3-s200to300br1-s300to400br0/job_0_n_201_id_64_beam_orig1_bm3-s0to100br0-s100to200br3-s200to300br1-s300to400br0.pdb,260,"2,0,13,16,19,16,19,14,11,3,10,18,19,19,6,18,7,15,2,12,16,9,6,4,11,13,14,19,6,11,5,10,3,10,0,0,10,9,19,18,17,6,12,6,3,11,2,9,9,5,13,19,8,7,6,6,3,10,11,19,5,8,15,15,18,1,5,1,0,1,10,10,11,3,5,10,15,10,7,2,0,0,10,5,9,16,3,19,11,10,5,3,0,7,19,18,1,4,12,9,15,18,7,7,0,3,18,11,1,9,16,19,11,19,2,0,6,6,11,6,19,6,2,18,11,5,0,10,1,6,2,14,18,3,6,11,0,10,0,6,10,1,0,18,10,1,15,11,2,18,15,15,3,18,9,15,11,19,10,9,6,10,10,2,9,1,2,5,6,10,1,11,11,10,15,10,6,3,18,10,11,5,1,6,15,3,13,11,3,10,9,6,6,3,5,5,10,1,11,6,6,0,0,0,0,0,0,0,0,0,0,0,0,0,0,0,0,0",0.7322093,0.051722333,0.20439047,3.0,0.60184807,49.532963,0.6512178,1.0,0.6512178,0.14603794,0.60184807,0.0,0.0,0.60184807,0.003589438,0.88802624,0.14603794,1.5702513,1.9287925,49.532963,0.7322093,2.3352594,189.90382,0.5524783,0.5524783,1.0,189.90382,0.79560953,0.111973785,1.5702513,0.003589438,0.6512178,0.051722333,0.0,1.9287925,2.3352594,0.5524783,0.17622444,0.0,0.6512178,0.17622444,0.8594878,0.5524783,1.0,0.60184807,final,beam_orig1_bm3-s0to100br0-s100to200br3-s200to300br1-s300to400br0
/work/T-REX/external/Proteina-Complexa/inference/search_binder_local_pipeline_32_PDL1_ALPHA_REPACK_v7_r006_cand_v7r006_hyp_0006_00_001_af1b7530d1b98/job_0_n_201_id_65_beam_orig1_bm3-s0to100br0-s100to200br3-s200to300br1-s300to400br3/job_0_n_201_id_65_beam_orig1_bm3-s0to100br0-s100to200br3-s200to300br1-s300to400br3.pdb,261,"2,0,13,16,19,16,19,14,11,3,10,18,19,19,6,18,7,15,2,12,16,9,6,4,11,13,14,19,6,11,5,10,3,10,0,0,10,9,19,18,17,6,12,6,3,11,2,9,9,5,13,19,8,7,6,6,3,10,11,19,5,8,15,15,18,1,5,1,0,1,10,10,11,3,5,10,15,10,7,2,0,0,10,5,9,16,3,19,11,10,5,3,0,7,19,18,1,4,12,9,15,18,7,7,0,3,18,11,1,9,16,19,11,19,2,0,6,6,11,6,19,6,2,18,11,5,0,10,1,6,2,14,18,3,6,11,0,10,0,6,9,1,0,18,10,1,15,11,2,18,15,15,3,18,9,15,11,19,10,9,6,10,10,2,9,1,2,6,6,10,1,11,11,10,15,10,6,3,18,10,11,5,1,6,15,3,13,11,3,10,9,6,6,3,5,5,10,1,11,6,6,0,0,0,0,0,0,0,0,0,0,0,0,0,0,0,0,0",0.71433854,0.056353662,0.21461874,3.0,0.57831967,34.801605,0.62203956,1.0,0.62203956,0.15444307,0.57831967,0.0,0.0,0.57831967,0.00442936,0.8706199,0.15444307,1.010174,2.012647,34.801605,0.71433854,2.2989492,169.677,0.5345998,0.5345998,1.0,169.677,0.78538126,0.12938008,1.010174,0.00442936,0.62203956,0.056353662,0.0,2.012647,2.2989492,0.5345998,0.1859092,0.0,0.62203956,0.1859092,0.8570339,0.5345998,1.0,0.57831967,final,beam_orig1_bm3-s0to100br0-s100to200br3-s200to300br1-s300to400br3
/work/T-REX/external/Proteina-Complexa/inference/search_binder_local_pipeline_32_PDL1_ALPHA_REPACK_v7_r006_cand_v7r006_hyp_0006_00_001_af1b7530d1b98/job_0_n_201_id_66_beam_orig1_bm3-s0to100br0-s100to200br3-s200to300br1-s300to400br1/job_0_n_201_id_66_beam_orig1_bm3-s0to100br0-s100to200br3-s200to300br1-s300to400br1.pdb,262,"2,0,13,16,19,16,19,14,11,3,10,18,19,19,6,18,7,15,2,12,16,9,6,4,11,13,14,19,6,11,5,10,3,10,0,0,10,9,19,18,17,6,12,6,3,11,2,9,9,5,13,19,8,7,6,6,3,10,11,19,5,8,15,15,18,1,5,1,0,1,10,10,11,3,5,10,15,10,7,2,0,0,10,5,9,16,3,19,11,10,5,3,0,7,19,18,1,4,12,9,15,18,7,7,0,3,18,11,1,9,16,19,11,19,2,0,6,6,11,6,19,6,2,18,11,5,0,10,1,6,2,14,18,3,6,11,0,10,0,6,9,1,0,18,10,11,15,11,2,18,15,15,3,18,9,15,11,19,10,9,6,10,10,2,9,1,2,6,6,10,1,11,11,10,15,10,6,3,18,10,11,5,1,6,15,3,13,11,3,10,9,6,6,3,5,5,10,1,11,6,6,0,0,0,0,0,0,0,0,0,0,0,0,0,0,0,0,0",0.70900583,0.05843821,0.21950251,3.0,0.5673721,27.891636,0.6118004,1.0,0.6118004,0.15544418,0.5673721,0.0,0.0,0.5673721,0.0047125523,0.8738579,0.15544418,0.6321715,2.0218396,27.891636,0.70900583,2.3275254,162.2248,0.52294385,0.52294385,1.0,162.2248,0.7804975,0.12614208,0.6321715,0.0047125523,0.6118004,0.05843821,0.0,2.0218396,2.3275254,0.52294385,0.18761997,0.0,0.6118004,0.18761997,0.85443187,0.52294385,1.0,0.5673721,final,beam_orig1_bm3-s0to100br0-s100to200br3-s200to300br1-s300to400br1
/work/T-REX/external/Proteina-Complexa/inference/search_binder_local_pipeline_32_PDL1_ALPHA_REPACK_v7_r006_cand_v7r006_hyp_0006_00_001_af1b7530d1b98/job_0_n_201_id_67_beam_orig1_bm3-s0to100br3-s100to200br1-s200to300br3-s300to400br3/job_0_n_201_id_67_beam_orig1_bm3-s0to100br3-s100to200br1-s200to300br3-s300to400br3.pdb,263,"2,0,13,16,19,16,19,14,11,3,10,18,19,19,6,18,7,15,2,12,16,9,6,4,11,13,14,19,6,11,5,10,3,10,0,0,10,9,19,18,17,6,12,6,3,11,2,9,9,5,13,19,8,7,6,6,3,10,11,19,5,8,15,15,18,1,5,1,0,1,10,10,11,3,5,10,15,10,7,2,0,0,10,5,9,16,3,19,11,10,5,3,0,7,19,18,1,4,12,9,15,18,7,7,0,3,18,11,1,9,16,19,11,19,2,0,15,15,6,19,11,3,6,9,10,1,10,10,15,11,19,11,3,11,3,11,5,1,11,10,13,16,3,10,9,15,14,15,11,15,2,3,18,9,19,5,5,10,19,9,0,10,12,6,6,7,6,10,16,11,3,3,19,6,1,10,10,6,10,0,5,11,3,3,3,9,15,19,15,16,5,2,13,10,11,16,19,10,0,11,10,0,0,0,0,0,0,0,0,0,0,0,0,0,0,0,0,0",0.70539844,0.05727557,0.21760863,3.0,0.5540979,70.34972,0.61652976,1.0,0.61652976,0.13532296,0.5540979,0.0,0.0,0.5540979,0.0015983315,0.9291869,0.13532296,5.1966543,1.4972619,70.34972,0.70539844,2.7430398,197.94348,0.49166605,0.49166605,1.0,197.94348,0.78239137,0.070813105,5.1966543,0.0015983315,0.61652976,0.05727557,0.0,1.4972619,2.7430398,0.49166605,0.17511241,0.0,0.61652976,0.17511241,0.8523719,0.49166605,1.0,0.5540979,final,beam_orig1_bm3-s0to100br3-s100to200br1-s200to300br3-s300to400br3
/work/T-REX/external/Proteina-Complexa/inference/search_binder_local_pipeline_32_PDL1_ALPHA_REPACK_v7_r006_cand_v7r006_hyp_0006_00_001_af1b7530d1b98/job_0_n_218_id_64_beam_orig2_bm3-s0to100br2-s100to200br0-s200to300br1-s300to400br2/job_0_n_218_id_64_beam_orig2_bm3-s0to100br2-s100to200br0-s200to300br1-s300to400br2.pdb,264,"2,0,13,16,19,16,19,14,11,3,10,18,19,19,6,18,7,15,2,12,16,9,6,4,11,13,14,19,6,11,5,10,3,10,0,0,10,9,19,18,17,6,12,6,3,11,2,9,9,5,13,19,8,7,6,6,3,10,11,19,5,8,15,15,18,1,5,1,0,1,10,10,11,3,5,10,15,10,7,2,0,0,10,5,9,16,3,19,11,10,5,3,0,7,19,18,1,4,12,9,15,18,7,7,0,3,18,11,1,9,16,19,11,19,2,0,13,16,19,16,19,14,11,3,10,18,19,19,6,18,7,15,2,12,16,9,6,4,11,13,14,19,6,11,5,10,3,10,0,0,10,9,19,18,17,6,12,6,3,11,2,9,9,5,13,19,8,7,6,6,3,10,11,19,5,8,15,15,18,1,5,1,0,1,10,10,11,3,5,10,15,10,7,2,0,0,10,5,9,16,3,19,11,10,5,3,0,7,19,18,1,4,12,9,15,18,7,7",0.6155037,0.3448098,0.7784311,3.0,0.01772764,44.158943,0.018066032,1.0,0.018066032,0.34827068,0.0057596997,0.0,0.0,0.01772764,0.0019513346,0.8529748,0.34827068,3.2648988,1.3665006,44.158943,0.6155037,3.9859664,198.41428,0.0,0.017389247,1.0,198.41428,0.2215689,0.14702524,3.2648988,0.0019513346,0.0115193995,0.3448098,0.0,1.3665006,3.9859664,0.0,0.56987053,0.0,0.0115193995,0.56987053,0.5844658,0.017389247,1.0,0.0057596997,final,beam_orig2_bm3-s0to100br2-s100to200br0-s200to300br1-s300to400br2
/work/T-REX/external/Proteina-Complexa/inference/search_binder_local_pipeline_32_PDL1_ALPHA_REPACK_v7_r006_cand_v7r006_hyp_0006_00_001_af1b7530d1b98/job_0_n_218_id_65_beam_orig2_bm3-s0to100br2-s100to200br3-s200to300br2-s300to400br3/job_0_n_218_id_65_beam_orig2_bm3-s0to100br2-s100to200br3-s200to300br2-s300to400br3.pdb,265,"2,0,13,16,19,16,19,14,11,3,10,18,19,19,6,18,7,15,2,12,16,9,6,4,11,13,14,19,6,11,5,10,3,10,0,0,10,9,19,18,17,6,12,6,3,11,2,9,9,5,13,19,8,7,6,6,3,10,11,19,5,8,15,15,18,1,5,1,0,1,10,10,11,3,5,10,15,10,7,2,0,0,10,5,9,16,3,19,11,10,5,3,0,7,19,18,1,4,12,9,15,18,7,7,0,3,18,11,1,9,16,19,11,19,2,0,13,16,19,16,19,14,11,3,10,18,19,19,6,18,7,15,2,12,16,9,6,4,11,13,14,19,6,11,5,10,3,10,0,0,10,9,19,18,17,6,12,6,3,11,2,9,9,5,13,19,8,7,6,6,3,10,11,19,5,8,15,15,18,1,5,1,0,1,10,10,11,3,5,10,15,10,7,2,0,0,10,5,9,16,3,19,11,10,5,3,0,7,19,18,1,4,12,9,15,18,7,7",0.61452734,0.34483153,0.77826405,3.0,0.017614033,54.592827,0.017871697,1.0,0.017871697,0.34852982,0.0057197786,0.0,0.0,0.017614033,0.0019061759,0.8530997,0.34852982,4.79385,1.3679011,54.592827,0.61452734,3.9856265,196.60294,0.0,0.01735637,1.0,196.60294,0.22173597,0.14690027,4.79385,0.0019061759,0.011439557,0.34483153,0.0,1.3679011,3.9856265,0.0,0.57048273,0.0,0.011439557,0.57048273,0.58443296,0.01735637,1.0,0.0057197786,final,beam_orig2_bm3-s0to100br2-s100to200br3-s200to300br2-s300to400br3
/work/T-REX/external/Proteina-Complexa/inference/search_binder_local_pipeline_32_PDL1_ALPHA_REPACK_v7_r006_cand_v7r006_hyp_0006_00_001_af1b7530d1b98/job_0_n_218_id_66_beam_orig2_bm3-s0to100br2-s100to200br0-s200to300br2-s300to400br3/job_0_n_218_id_66_beam_orig2_bm3-s0to100br2-s100to200br0-s200to300br2-s300to400br3.pdb,266,"2,0,13,16,19,16,19,14,11,3,10,18,19,19,6,18,7,15,2,12,16,9,6,4,11,13,14,19,6,11,5,10,3,10,0,0,10,9,19,18,17,6,12,6,3,11,2,9,9,5,13,19,8,7,6,6,3,10,11,19,5,8,15,15,18,1,5,1,0,1,10,10,11,3,5,10,15,10,7,2,0,0,10,5,9,16,3,19,11,10,5,3,0,7,19,18,1,4,12,9,15,18,7,7,0,3,18,11,1,9,16,19,11,19,2,0,13,16,19,16,19,14,11,3,10,18,19,19,6,18,7,15,2,12,16,9,6,4,11,13,14,19,6,11,5,10,3,10,0,0,10,9,19,18,17,6,12,6,3,11,2,9,9,5,13,19,8,7,6,6,3,10,11,19,5,8,15,15,18,1,5,1,0,1,10,10,11,3,5,10,15,10,7,2,0,0,10,5,9,16,3,19,11,10,5,3,0,7,19,18,1,4,12,9,15,18,7,7",0.61148506,0.34679264,0.77997124,3.0,0.015266628,43.85124,0.016662674,1.0,0.016662674,0.35007682,0.005640862,0.0,0.0,0.015266628,0.0019350959,0.8537218,0.35007682,3.59655,1.3639625,43.85124,0.61148506,3.9958272,195.24495,0.0,0.013870582,1.0,195.24495,0.22002876,0.14627822,3.59655,0.0019350959,0.011281724,0.34679264,0.0,1.3639625,3.9958272,0.0,0.5737385,0.0,0.011281724,0.5737385,0.5836654,0.013870582,1.0,0.005640862,final,beam_orig2_bm3-s0to100br2-s100to200br0-s200to300br2-s300to400br3
/work/T-REX/external/Proteina-Complexa/inference/search_binder_local_pipeline_32_PDL1_ALPHA_REPACK_v7_r006_cand_v7r006_hyp_0006_00_001_af1b7530d1b98/job_0_n_218_id_67_beam_orig2_bm3-s0to100br2-s100to200br0-s200to300br2-s300to400br1/job_0_n_218_id_67_beam_orig2_bm3-s0to100br2-s100to200br0-s200to300br2-s300to400br1.pdb,267,"2,0,13,16,19,16,19,14,11,3,10,18,19,19,6,18,7,15,2,12,16,9,6,4,11,13,14,19,6,11,5,10,3,10,0,0,10,9,19,18,17,6,12,6,3,11,2,9,9,5,13,19,8,7,6,6,3,10,11,19,5,8,15,15,18,1,5,1,0,1,10,10,11,3,5,10,15,10,7,2,0,0,10,5,9,16,3,19,11,10,5,3,0,7,19,18,1,4,12,9,15,18,7,7,0,3,18,11,1,9,16,19,11,19,2,0,13,16,19,16,19,14,11,3,10,18,19,19,6,18,7,15,2,12,16,9,6,4,11,13,14,19,6,11,5,10,3,10,0,0,10,9,19,18,17,6,12,6,3,11,2,9,9,5,13,19,8,7,6,6,3,10,11,19,5,8,15,15,18,1,5,1,0,1,10,10,11,3,5,10,15,10,7,2,0,0,10,5,9,16,3,19,11,10,5,3,0,7,19,18,1,4,12,9,15,18,7,7",0.61235094,0.3466353,0.7772467,3.0,0.01662167,45.33276,0.017770303,1.0,0.017770303,0.34824473,0.0057453327,0.0,0.0,0.01662167,0.0019438607,0.8536693,0.34824473,3.6092741,1.3659737,45.33276,0.61235094,3.9887843,194.52391,0.0,0.015473035,1.0,194.52391,0.22275329,0.14633068,3.6092741,0.0019438607,0.011490665,0.3466353,0.0,1.3659737,3.9887843,0.0,0.5701408,0.0,0.011490665,0.5701408,0.584972,0.015473035,1.0,0.0057453327,final,beam_orig2_bm3-s0to100br2-s100to200br0-s200to300br2-s300to400br1
/work/T-REX/external/Proteina-Complexa/inference/search_binder_local_pipeline_32_PDL1_ALPHA_REPACK_v7_r006_cand_v7r006_hyp_0006_00_001_af1b7530d1b98/job_0_n_186_id_64_beam_orig3_bm0-s0to100br1-s100to200br2-s200to300br2-s300to400br1/job_0_n_186_id_64_beam_orig3_bm0-s0to100br1-s100to200br2-s200to300br2-s300to400br1.pdb,268,"2,0,13,16,19,16,19,14,11,3,10,18,19,19,6,18,7,15,2,12,16,9,6,4,11,13,14,19,6,11,5,10,3,10,0,0,10,9,19,18,17,6,12,6,3,11,2,9,9,5,13,19,8,7,6,6,3,10,11,19,5,8,15,15,18,1,5,1,0,1,10,10,11,3,5,10,15,10,7,2,0,0,10,5,9,16,3,19,11,10,5,3,0,7,19,18,1,4,12,9,15,18,7,7,0,3,18,11,1,9,16,19,11,19,2,0,15,10,2,10,6,6,10,11,6,9,9,11,6,11,13,14,5,10,3,10,3,11,5,10,10,10,11,11,19,0,6,3,19,9,16,13,11,11,11,19,16,3,10,19,2,16,10,11,6,10,10,2,9,16,10,16,6,5,6,0,13,5,10,0,14,13,19,10,15,10,0,0,0,0,0,0,0,0,0,0,0,0,0,0,0,0,0,0,0,0,0,0,0,0,0,0,0,0,0,0,0,0",0.695996,0.050286297,0.2116803,3.0,0.5403447,23.459782,0.6160743,1.0,0.6160743,0.12571587,0.5403447,0.0,0.0,0.5403447,0.0008193425,0.9509087,0.12571587,0.72781825,1.3341067,23.459782,0.695996,2.272597,124.82486,0.46461508,0.46461508,1.0,124.82486,0.7883197,0.049091298,0.72781825,0.0008193425,0.6160743,0.050286297,0.0,1.3341067,2.272597,0.46461508,0.16186915,0.0,0.6160743,0.16186915,0.85714114,0.46461508,1.0,0.5403447,final,beam_orig3_bm0-s0to100br1-s100to200br2-s200to300br2-s300to400br1
/work/T-REX/external/Proteina-Complexa/inference/search_binder_local_pipeline_32_PDL1_ALPHA_REPACK_v7_r006_cand_v7r006_hyp_0006_00_001_af1b7530d1b98/job_0_n_186_id_65_beam_orig3_bm0-s0to100br1-s100to200br2-s200to300br0-s300to400br0/job_0_n_186_id_65_beam_orig3_bm0-s0to100br1-s100to200br2-s200to300br0-s300to400br0.pdb,269,"2,0,13,16,19,16,19,14,11,3,10,18,19,19,6,18,7,15,2,12,16,9,6,4,11,13,14,19,6,11,5,10,3,10,0,0,10,9,19,18,17,6,12,6,3,11,2,9,9,5,13,19,8,7,6,6,3,10,11,19,5,8,15,15,18,1,5,1,0,1,10,10,11,3,5,10,15,10,7,2,0,0,10,5,9,16,3,19,11,10,5,3,0,7,19,18,1,4,12,9,15,18,7,7,0,3,18,11,1,9,16,19,11,19,2,0,19,10,15,6,3,6,10,5,5,10,9,11,6,11,13,11,0,10,14,10,3,11,5,6,0,9,11,11,8,0,5,3,19,10,10,13,11,11,11,19,11,3,10,19,2,10,10,6,11,6,10,11,10,16,10,16,6,11,5,0,13,5,10,0,14,13,9,19,2,10,0,0,0,0,0,0,0,0,0,0,0,0,0,0,0,0,0,0,0,0,0,0,0,0,0,0,0,0,0,0,0,0",0.68899065,0.053124756,0.22075188,3.0,0.5266892,40.046944,0.6008435,1.0,0.6008435,0.13214478,0.5266892,0.0,0.0,0.5266892,0.0012648923,0.938946,0.13214478,1.2214739,1.4592618,40.046944,0.68899065,2.393662,142.13405,0.4525349,0.4525349,1.0,142.13405,0.7792481,0.061054006,1.2214739,0.0012648923,0.6008435,0.053124756,0.0,1.4592618,2.393662,0.4525349,0.16882634,0.0,0.6008435,0.16882634,0.85472584,0.4525349,1.0,0.5266892,final,beam_orig3_bm0-s0to100br1-s100to200br2-s200to300br0-s300to400br0
/work/T-REX/external/Proteina-Complexa/inference/search_binder_local_pipeline_32_PDL1_ALPHA_REPACK_v7_r006_cand_v7r006_hyp_0006_00_001_af1b7530d1b98/job_0_n_186_id_66_beam_orig3_bm0-s0to100br1-s100to200br2-s200to300br2-s300to400br2/job_0_n_186_id_66_beam_orig3_bm0-s0to100br1-s100to200br2-s200to300br2-s300to400br2.pdb,270,"2,0,13,16,19,16,19,14,11,3,10,18,19,19,6,18,7,15,2,12,16,9,6,4,11,13,14,19,6,11,5,10,3,10,0,0,10,9,19,18,17,6,12,6,3,11,2,9,9,5,13,19,8,7,6,6,3,10,11,19,5,8,15,15,18,1,5,1,0,1,10,10,11,3,5,10,15,10,7,2,0,0,10,5,9,16,3,19,11,10,5,3,0,7,19,18,1,4,12,9,15,18,7,7,0,3,18,11,1,9,16,19,11,19,2,0,15,10,2,10,6,6,10,11,6,9,9,11,6,11,13,14,5,10,14,10,3,11,5,2,10,10,11,11,19,0,6,3,19,9,16,13,11,11,11,19,16,3,10,19,2,16,10,11,6,10,10,15,9,16,10,16,6,5,6,0,13,5,10,0,14,13,19,10,15,10,0,0,0,0,0,0,0,0,0,0,0,0,0,0,0,0,0,0,0,0,0,0,0,0,0,0,0,0,0,0,0,0",0.6906676,0.0513552,0.2112872,3.0,0.5372129,24.273165,0.614612,1.0,0.614612,0.12695126,0.5372129,0.0,0.0,0.5372129,0.00091605866,0.949867,0.12695126,0.7618366,1.331609,24.273165,0.6906676,2.277335,121.02832,0.4598138,0.4598138,1.0,121.02832,0.7887128,0.050132997,0.7618366,0.00091605866,0.614612,0.0513552,0.0,1.331609,2.277335,0.4598138,0.16347611,0.0,0.614612,0.16347611,0.85724807,0.4598138,1.0,0.5372129,final,beam_orig3_bm0-s0to100br1-s100to200br2-s200to300br2-s300to400br2
/work/T-REX/external/Proteina-Complexa/inference/search_binder_local_pipeline_32_PDL1_ALPHA_REPACK_v7_r006_cand_v7r006_hyp_0006_00_001_af1b7530d1b98/job_0_n_186_id_67_beam_orig3_bm0-s0to100br1-s100to200br2-s200to300br2-s300to400br3/job_0_n_186_id_67_beam_orig3_bm0-s0to100br1-s100to200br2-s200to300br2-s300to400br3.pdb,271,"2,0,13,16,19,16,19,14,11,3,10,18,19,19,6,18,7,15,2,12,16,9,6,4,11,13,14,19,6,11,5,10,3,10,0,0,10,9,19,18,17,6,12,6,3,11,2,9,9,5,13,19,8,7,6,6,3,10,11,19,5,8,15,15,18,1,5,1,0,1,10,10,11,3,5,10,15,10,7,2,0,0,10,5,9,16,3,19,11,10,5,3,0,7,19,18,1,4,12,9,15,18,7,7,0,3,18,11,1,9,16,19,11,19,2,0,15,10,2,10,6,6,10,11,6,9,9,11,6,11,13,14,5,10,14,10,3,11,5,2,10,10,11,11,19,0,6,3,19,9,16,13,11,11,11,19,16,3,10,19,2,16,10,11,6,10,10,15,9,16,10,16,6,5,6,0,13,5,10,0,14,13,19,10,15,10,0,0,0,0,0,0,0,0,0,0,0,0,0,0,0,0,0,0,0,0,0,0,0,0,0,0,0,0,0,0,0,0",0.68864334,0.05275857,0.21304888,3.0,0.5334523,24.170504,0.6110768,1.0,0.6110768,0.1275142,0.5334523,0.0,0.0,0.5334523,0.00094597595,0.94948214,0.1275142,0.72058845,1.3377603,24.170504,0.68864334,2.2814226,123.503555,0.4558277,0.4558277,1.0,123.503555,0.7869511,0.05051785,0.72058845,0.00094597595,0.6110768,0.05275857,0.0,1.3377603,2.2814226,0.4558277,0.16438223,0.0,0.6110768,0.16438223,0.85657555,0.4558277,1.0,0.5334523,final,beam_orig3_bm0-s0to100br1-s100to200br2-s200to300br2-s300to400br3
