pdb_path,pdb_index,aatype,total_reward,af2folding_min_ipae,af2folding_recycles_log,af2folding_avg_ipsae,af2folding_fape_log,af2folding_max_ipsae,af2folding_seqid_log,af2folding_max_ipsae_log,af2folding_pae_log,af2folding_avg_ipsae_10,af2folding_hard_log,af2folding_models_log,af2folding_avg_ipsae_log,af2folding_exp_res_log,af2folding_plddt_log,af2folding_pae,af2folding_rmsd,af2folding_con_log,af2folding_fape,af2folding_loss_log,af2folding_i_con,af2folding_dgram_cce_log,af2folding_min_ipsae_10,af2folding_min_ipsae_log,af2folding_soft_log,af2folding_dgram_cce,af2folding_i_ptm_log,af2folding_plddt,af2folding_rmsd_log,af2folding_exp_res,af2folding_max_ipsae_10,af2folding_min_ipae_log,af2folding_seq_ent_log,af2folding_con,af2folding_i_con_log,af2folding_min_ipsae_10_log,af2folding_i_pae_log,af2folding_seq_ent,af2folding_max_ipsae_10_log,af2folding_i_pae,af2folding_ptm_log,af2folding_min_ipsae,af2folding_temp_log,af2folding_avg_ipsae_10_log,sample_type,metadata_tag
/work/T-REX/external/Proteina-Complexa/inference/search_binder_local_pipeline_32_PDL1_ALPHA_REPACK_v7_r005_cand_v7r005_hyp_0005_00_001_a975a719abf41/job_0_n_214_id_0_fk_orig0_bm0-s0to75br0/job_0_n_214_id_0_fk_orig0_bm0-s0to75br0.pdb,0,"2,0,13,16,19,16,19,14,11,3,10,18,19,19,6,18,7,15,2,12,16,9,6,4,11,13,14,19,6,11,5,10,3,10,0,0,10,9,19,18,17,6,12,6,3,11,2,9,9,5,13,19,8,7,6,6,3,10,11,19,5,8,15,15,18,1,5,1,0,1,10,10,11,3,5,10,15,10,7,2,0,0,10,5,9,16,3,19,11,10,5,3,0,7,19,18,1,4,12,9,15,18,7,7,0,3,18,11,1,9,16,19,11,19,2,0,7,10,11,19,16,13,14,11,14,15,18,15,19,5,1,7,2,15,19,16,10,6,4,2,19,16,15,15,15,14,10,11,15,19,5,17,5,11,11,14,14,7,16,15,7,17,6,16,19,5,15,15,16,3,14,0,11,9,2,18,16,9,14,11,0,15,11,6,3,8,7,15,5,13,1,4,13,0,5,16,5,15,7,6,13,7,13,15,3,14,0,16,10,16,19,16,3,14,0,0,0,0,0,0,0,0,0,0,0,0,0,0,0,0,0,0",-0.6348716,0.3311422,3.0,0.006872386,70.615654,0.0071741287,1.0,0.0071741287,0.39714503,0.0,0.0,0.0,0.006872386,0.004112117,0.8167155,0.39714503,7.7070384,1.5126492,70.615654,-0.6348716,4.2889333,207.55939,0.0,0.0065706437,1.0,207.55939,0.16834164,0.18328452,7.7070384,0.004112117,0.0,0.3311422,0.0,1.5126492,4.2889333,0.0,0.6348716,0.0,0.0,0.6348716,0.5641117,0.0065706437,1.0,0.0,lookahead,fk_orig0_bm0-s0to75br0
/work/T-REX/external/Proteina-Complexa/inference/search_binder_local_pipeline_32_PDL1_ALPHA_REPACK_v7_r005_cand_v7r005_hyp_0005_00_001_a975a719abf41/job_0_n_232_id_0_fk_orig1_bm0-s0to75br0/job_0_n_232_id_0_fk_orig1_bm0-s0to75br0.pdb,1,"2,0,13,16,19,16,19,14,11,3,10,18,19,19,6,18,7,15,2,12,16,9,6,4,11,13,14,19,6,11,5,10,3,10,0,0,10,9,19,18,17,6,12,6,3,11,2,9,9,5,13,19,8,7,6,6,3,10,11,19,5,8,15,15,18,1,5,1,0,1,10,10,11,3,5,10,15,10,7,2,0,0,10,5,9,16,3,19,11,10,5,3,0,7,19,18,1,4,12,9,15,18,7,7,0,3,18,11,1,9,16,19,11,19,2,0,2,0,13,16,19,16,19,14,11,3,10,18,19,19,6,18,7,15,2,12,16,9,6,4,11,13,14,19,6,11,5,10,3,10,0,0,10,9,19,18,17,6,12,6,3,11,2,9,9,5,13,19,8,7,6,6,3,10,11,19,5,8,15,15,18,1,5,1,0,1,10,10,11,3,5,10,15,10,7,2,0,0,10,5,9,16,3,19,11,10,5,3,0,7,19,18,1,4,12,9,15,18,7,7,0,3,18,11,1,9,16,19,11,19,2,0",-0.5275814,0.29927757,3.0,0.04494167,57.557995,0.04793477,1.0,0.04793477,0.31151044,0.012335114,0.0,0.0,0.04494167,0.0024395888,0.86069965,0.31151044,3.0616283,1.2802845,57.557995,-0.5275814,3.8890455,204.7549,0.012220895,0.04194857,1.0,204.7549,0.2616903,0.13930035,3.0616283,0.0024395888,0.012449333,0.29927757,0.0,1.2802845,3.8890455,0.012220895,0.5275814,0.0,0.012449333,0.5275814,0.5852821,0.04194857,1.0,0.012335114,lookahead,fk_orig1_bm0-s0to75br0
/work/T-REX/external/Proteina-Complexa/inference/search_binder_local_pipeline_32_PDL1_ALPHA_REPACK_v7_r005_cand_v7r005_hyp_0005_00_001_a975a719abf41/job_0_n_196_id_0_fk_orig2_bm0-s0to75br0/job_0_n_196_id_0_fk_orig2_bm0-s0to75br0.pdb,2,"2,0,13,16,19,16,19,14,11,3,10,18,19,19,6,18,7,15,2,12,16,9,6,4,11,13,14,19,6,11,5,10,3,10,0,0,10,9,19,18,17,6,12,6,3,11,2,9,9,5,13,19,8,7,6,6,3,10,11,19,5,8,15,15,18,1,5,1,0,1,10,10,11,3,5,10,15,10,7,2,0,0,10,5,9,16,3,19,11,10,5,3,0,7,19,18,1,4,12,9,15,18,7,7,0,3,18,11,1,9,16,19,11,19,2,0,15,14,6,6,9,6,5,9,1,2,3,6,6,10,11,11,1,13,6,11,13,10,11,0,13,5,5,11,2,14,3,19,5,10,14,6,3,10,18,6,5,19,10,15,13,10,11,6,11,2,9,16,18,15,2,7,19,13,0,10,0,9,19,15,19,19,7,11,14,10,15,0,6,3,19,0,10,10,16,0,0,0,0,0,0,0,0,0,0,0,0,0,0,0,0,0,0,0,0,0,0,0,0,0,0,0,0,0,0,0,0,0,0,0,0,0",-0.48879385,0.284016,3.0,0.05166409,116.708694,0.05997103,1.0,0.05997103,0.34907502,0.0143854115,0.0,0.0,0.05166409,0.004015706,0.72941023,0.34907502,14.839961,2.3311386,116.708694,-0.48879385,3.589948,264.59503,0.012142889,0.043357152,1.0,264.59503,0.3064485,0.27058977,14.839961,0.004015706,0.016627934,0.284016,0.0,2.3311386,3.589948,0.012142889,0.48879385,0.0,0.016627934,0.48879385,0.65632284,0.043357152,1.0,0.0143854115,lookahead,fk_orig2_bm0-s0to75br0
/work/T-REX/external/Proteina-Complexa/inference/search_binder_local_pipeline_32_PDL1_ALPHA_REPACK_v7_r005_cand_v7r005_hyp_0005_00_001_a975a719abf41/job_0_n_177_id_0_fk_orig3_bm0-s0to75br0/job_0_n_177_id_0_fk_orig3_bm0-s0to75br0.pdb,3,"2,0,13,16,19,16,19,14,11,3,10,18,19,19,6,18,7,15,2,12,16,9,6,4,11,13,14,19,6,11,5,10,3,10,0,0,10,9,19,18,17,6,12,6,3,11,2,9,9,5,13,19,8,7,6,6,3,10,11,19,5,8,15,15,18,1,5,1,0,1,10,10,11,3,5,10,15,10,7,2,0,0,10,5,9,16,3,19,11,10,5,3,0,7,19,18,1,4,12,9,15,18,7,7,0,3,18,11,1,9,16,19,11,19,2,0,12,3,19,11,11,1,0,6,10,10,11,0,7,10,18,15,15,14,6,5,0,10,6,3,0,1,13,9,12,11,15,10,2,10,3,16,3,11,5,6,6,10,10,5,9,10,11,15,3,5,11,0,0,7,2,1,9,10,0,10,10,0,0,0,0,0,0,0,0,0,0,0,0,0,0,0,0,0,0,0,0,0,0,0,0,0,0,0,0,0,0,0,0,0,0,0,0,0,0,0,0,0,0,0,0,0,0,0,0,0,0,0,0,0,0,0",-0.6145292,0.44882664,3.0,0.010585366,120.34166,0.015626455,1.0,0.015626455,0.4340912,0.0,0.0,0.0,0.010585366,0.0024055976,0.7641954,0.4340912,15.979859,1.797969,120.34166,-0.6145292,4.0428386,228.87198,0.0,0.005544278,1.0,228.87198,0.20345917,0.23580462,15.979859,0.0024055976,0.0,0.44882664,0.0,1.797969,4.0428386,0.0,0.6145292,0.0,0.0,0.6145292,0.65394616,0.005544278,1.0,0.0,lookahead,fk_orig3_bm0-s0to75br0
/work/T-REX/external/Proteina-Complexa/inference/search_binder_local_pipeline_32_PDL1_ALPHA_REPACK_v7_r005_cand_v7r005_hyp_0005_00_001_a975a719abf41/job_0_n_214_id_1_fk_orig0_bm0-s0to75br1/job_0_n_214_id_1_fk_orig0_bm0-s0to75br1.pdb,4,"2,0,13,16,19,16,19,14,11,3,10,18,19,19,6,18,7,15,2,12,16,9,6,4,11,13,14,19,6,11,5,10,3,10,0,0,10,9,19,18,17,6,12,6,3,11,2,9,9,5,13,19,8,7,6,6,3,10,11,19,5,8,15,15,18,1,5,1,0,1,10,10,11,3,5,10,15,10,7,2,0,0,10,5,9,16,3,19,11,10,5,3,0,7,19,18,1,4,12,9,15,18,7,7,0,3,18,11,1,9,16,19,11,19,2,0,10,16,19,16,16,14,11,14,10,18,15,0,16,0,7,0,15,19,16,10,6,4,11,16,15,5,2,19,14,7,0,19,19,2,17,11,11,7,3,11,14,10,9,9,7,3,16,15,10,3,14,1,13,11,10,10,11,2,7,7,3,13,15,10,5,9,15,2,10,1,10,6,3,15,7,19,18,6,4,10,19,13,8,15,10,7,19,15,3,0,11,16,6,10,10,19,8,0,0,0,0,0,0,0,0,0,0,0,0,0,0,0,0,0,0,0",-0.51509184,0.3061028,3.0,0.05331255,130.28046,0.06093405,1.0,0.06093405,0.33798003,0.012557829,0.0,0.0,0.05331255,0.0043375934,0.81136405,0.33798003,10.946968,1.7230805,130.28046,-0.51509184,3.8684337,236.67326,0.011628657,0.045691054,1.0,236.67326,0.28311518,0.18863595,10.946968,0.0043375934,0.013487001,0.3061028,0.0,1.7230805,3.8684337,0.011628657,0.51509184,0.0,0.013487001,0.51509184,0.61701,0.045691054,1.0,0.012557829,lookahead,fk_orig0_bm0-s0to75br1
/work/T-REX/external/Proteina-Complexa/inference/search_binder_local_pipeline_32_PDL1_ALPHA_REPACK_v7_r005_cand_v7r005_hyp_0005_00_001_a975a719abf41/job_0_n_232_id_1_fk_orig1_bm0-s0to75br1/job_0_n_232_id_1_fk_orig1_bm0-s0to75br1.pdb,5,"2,0,13,16,19,16,19,14,11,3,10,18,19,19,6,18,7,15,2,12,16,9,6,4,11,13,14,19,6,11,5,10,3,10,0,0,10,9,19,18,17,6,12,6,3,11,2,9,9,5,13,19,8,7,6,6,3,10,11,19,5,8,15,15,18,1,5,1,0,1,10,10,11,3,5,10,15,10,7,2,0,0,10,5,9,16,3,19,11,10,5,3,0,7,19,18,1,4,12,9,15,18,7,7,0,3,18,11,1,9,16,19,11,19,2,0,2,0,13,16,19,16,19,14,11,3,10,18,19,19,6,18,7,15,2,12,16,9,6,4,11,13,14,19,6,11,5,10,3,10,0,0,10,9,19,18,17,6,12,6,3,11,2,9,9,5,13,19,8,7,6,6,3,10,11,19,5,8,15,15,18,1,5,1,0,1,10,10,11,3,5,10,15,10,7,2,0,0,10,5,9,16,3,19,11,10,5,3,0,7,19,18,1,4,12,9,15,18,7,7,0,3,18,11,1,9,16,19,11,19,2,0",-0.5273544,0.29699233,3.0,0.045674525,63.477295,0.049702372,1.0,0.049702372,0.31180015,0.012254741,0.0,0.0,0.045674525,0.0025111355,0.85935116,0.31180015,2.8807683,1.2843988,63.477295,-0.5273544,3.8887951,203.69313,0.012026057,0.04164668,1.0,203.69313,0.26016557,0.14064884,2.8807683,0.0025111355,0.0124834245,0.29699233,0.0,1.2843988,3.8887951,0.012026057,0.5273544,0.0,0.0124834245,0.5273544,0.58412015,0.04164668,1.0,0.012254741,lookahead,fk_orig1_bm0-s0to75br1
/work/T-REX/external/Proteina-Complexa/inference/search_binder_local_pipeline_32_PDL1_ALPHA_REPACK_v7_r005_cand_v7r005_hyp_0005_00_001_a975a719abf41/job_0_n_196_id_1_fk_orig2_bm0-s0to75br1/job_0_n_196_id_1_fk_orig2_bm0-s0to75br1.pdb,6,"2,0,13,16,19,16,19,14,11,3,10,18,19,19,6,18,7,15,2,12,16,9,6,4,11,13,14,19,6,11,5,10,3,10,0,0,10,9,19,18,17,6,12,6,3,11,2,9,9,5,13,19,8,7,6,6,3,10,11,19,5,8,15,15,18,1,5,1,0,1,10,10,11,3,5,10,15,10,7,2,0,0,10,5,9,16,3,19,11,10,5,3,0,7,19,18,1,4,12,9,15,18,7,7,0,3,18,11,1,9,16,19,11,19,2,0,12,16,10,15,14,0,15,10,16,19,15,6,7,0,2,19,16,13,16,4,15,15,15,16,16,10,11,16,14,19,15,13,9,7,14,2,7,11,19,10,0,15,11,15,15,14,14,18,16,10,16,10,11,15,19,16,16,15,3,0,7,19,18,15,4,16,3,7,10,16,14,14,0,16,0,16,10,16,19,10,0,0,0,0,0,0,0,0,0,0,0,0,0,0,0,0,0,0,0,0,0,0,0,0,0,0,0,0,0,0,0,0,0,0,0,0",-0.71102715,0.48410556,3.0,0.002448085,127.51751,0.00489617,1.0,0.00489617,0.4591943,0.0,0.0,0.0,0.002448085,0.00283769,0.81275856,0.4591943,15.838761,1.4020888,127.51751,-0.71102715,4.409142,191.02242,0.0,0.0,1.0,191.02242,0.12866566,0.1872414,15.838761,0.00283769,0.0,0.48410556,0.0,1.4020888,4.409142,0.0,0.71102715,0.0,0.0,0.71102715,0.5837837,0.0,1.0,0.0,lookahead,fk_orig2_bm0-s0to75br1
/work/T-REX/external/Proteina-Complexa/inference/search_binder_local_pipeline_32_PDL1_ALPHA_REPACK_v7_r005_cand_v7r005_hyp_0005_00_001_a975a719abf41/job_0_n_177_id_1_fk_orig3_bm0-s0to75br1/job_0_n_177_id_1_fk_orig3_bm0-s0to75br1.pdb,7,"2,0,13,16,19,16,19,14,11,3,10,18,19,19,6,18,7,15,2,12,16,9,6,4,11,13,14,19,6,11,5,10,3,10,0,0,10,9,19,18,17,6,12,6,3,11,2,9,9,5,13,19,8,7,6,6,3,10,11,19,5,8,15,15,18,1,5,1,0,1,10,10,11,3,5,10,15,10,7,2,0,0,10,5,9,16,3,19,11,10,5,3,0,7,19,18,1,4,12,9,15,18,7,7,0,3,18,11,1,9,16,19,11,19,2,0,9,0,10,2,2,1,7,13,19,18,11,9,5,11,11,10,3,6,0,6,11,3,18,1,1,0,10,6,9,11,14,3,13,0,6,0,8,2,2,10,7,3,19,10,11,6,5,7,11,10,3,6,0,9,11,6,18,3,10,0,10,0,0,0,0,0,0,0,0,0,0,0,0,0,0,0,0,0,0,0,0,0,0,0,0,0,0,0,0,0,0,0,0,0,0,0,0,0,0,0,0,0,0,0,0,0,0,0,0,0,0,0,0,0,0,0",-0.61725664,0.38530964,3.0,0.009461828,161.28748,0.013179876,1.0,0.013179876,0.49956068,0.006320046,0.0,0.0,0.009461828,0.05417322,0.50550526,0.49956068,17.263147,2.8951266,161.28748,-0.61725664,3.9658484,436.81454,0.0,0.005743779,1.0,436.81454,0.21322978,0.49449474,17.263147,0.05417322,0.012640092,0.38530964,0.0,2.8951266,3.9658484,0.0,0.61725664,0.0,0.012640092,0.61725664,0.66106826,0.005743779,1.0,0.006320046,lookahead,fk_orig3_bm0-s0to75br1
/work/T-REX/external/Proteina-Complexa/inference/search_binder_local_pipeline_32_PDL1_ALPHA_REPACK_v7_r005_cand_v7r005_hyp_0005_00_001_a975a719abf41/job_0_n_214_id_2_fk_orig0_bm0-s0to75br2/job_0_n_214_id_2_fk_orig0_bm0-s0to75br2.pdb,8,"2,0,13,16,19,16,19,14,11,3,10,18,19,19,6,18,7,15,2,12,16,9,6,4,11,13,14,19,6,11,5,10,3,10,0,0,10,9,19,18,17,6,12,6,3,11,2,9,9,5,13,19,8,7,6,6,3,10,11,19,5,8,15,15,18,1,5,1,0,1,10,10,11,3,5,10,15,10,7,2,0,0,10,5,9,16,3,19,11,10,5,3,0,7,19,18,1,4,12,9,15,18,7,7,0,3,18,11,1,9,16,19,11,19,2,0,16,19,2,19,14,11,3,9,18,15,19,6,19,7,15,2,19,16,10,6,4,19,14,15,15,15,13,16,5,10,5,17,11,11,6,3,11,3,9,10,9,13,5,2,7,6,6,16,19,14,3,14,15,13,5,7,1,0,11,10,10,6,2,7,15,10,5,9,15,2,16,1,14,6,3,15,7,19,18,1,4,13,19,15,7,16,7,9,3,7,11,6,19,16,10,10,19,2,0,0,0,0,0,0,0,0,0,0,0,0,0,0,0,0,0,0",-0.57754016,0.35558847,3.0,0.014515234,56.74455,0.020656334,1.0,0.020656334,0.36332694,0.0053703757,0.0,0.0,0.014515234,0.002531383,0.83170116,0.36332694,5.6075683,1.5877072,56.74455,-0.57754016,4.0274878,213.31038,0.0,0.008374135,1.0,213.31038,0.24826008,0.16829887,5.6075683,0.002531383,0.010740751,0.35558847,0.0,1.5877072,4.0274878,0.0,0.57754016,0.0,0.010740751,0.57754016,0.5996661,0.008374135,1.0,0.0053703757,lookahead,fk_orig0_bm0-s0to75br2
/work/T-REX/external/Proteina-Complexa/inference/search_binder_local_pipeline_32_PDL1_ALPHA_REPACK_v7_r005_cand_v7r005_hyp_0005_00_001_a975a719abf41/job_0_n_232_id_2_fk_orig1_bm0-s0to75br2/job_0_n_232_id_2_fk_orig1_bm0-s0to75br2.pdb,9,"2,0,13,16,19,16,19,14,11,3,10,18,19,19,6,18,7,15,2,12,16,9,6,4,11,13,14,19,6,11,5,10,3,10,0,0,10,9,19,18,17,6,12,6,3,11,2,9,9,5,13,19,8,7,6,6,3,10,11,19,5,8,15,15,18,1,5,1,0,1,10,10,11,3,5,10,15,10,7,2,0,0,10,5,9,16,3,19,11,10,5,3,0,7,19,18,1,4,12,9,15,18,7,7,0,3,18,11,1,9,16,19,11,19,2,0,2,0,13,16,19,16,19,14,11,3,10,18,19,19,6,18,7,15,2,12,16,9,6,4,11,13,14,19,6,11,5,10,3,10,0,0,10,9,19,18,17,6,12,6,3,11,2,9,9,5,13,19,8,7,6,6,3,10,11,19,5,8,15,15,18,1,5,1,0,1,10,10,11,3,5,10,15,10,7,2,0,0,10,5,9,16,3,19,11,10,5,3,0,7,19,18,1,4,12,9,15,18,7,7,0,3,18,11,1,9,16,19,11,19,2,0",-0.51990384,0.29011747,3.0,0.049740627,60.585526,0.05265856,1.0,0.05265856,0.30746615,0.012701079,0.0,0.0,0.049740627,0.0024194717,0.8603212,0.30746615,3.1859522,1.2773069,60.585526,-0.51990384,3.8689218,200.57726,0.012403807,0.046822697,1.0,200.57726,0.26606187,0.13967876,3.1859522,0.0024194717,0.012998352,0.29011747,0.0,1.2773069,3.8689218,0.012403807,0.51990384,0.0,0.012998352,0.51990384,0.58756983,0.046822697,1.0,0.012701079,lookahead,fk_orig1_bm0-s0to75br2
/work/T-REX/external/Proteina-Complexa/inference/search_binder_local_pipeline_32_PDL1_ALPHA_REPACK_v7_r005_cand_v7r005_hyp_0005_00_001_a975a719abf41/job_0_n_196_id_2_fk_orig2_bm0-s0to75br2/job_0_n_196_id_2_fk_orig2_bm0-s0to75br2.pdb,10,"2,0,13,16,19,16,19,14,11,3,10,18,19,19,6,18,7,15,2,12,16,9,6,4,11,13,14,19,6,11,5,10,3,10,0,0,10,9,19,18,17,6,12,6,3,11,2,9,9,5,13,19,8,7,6,6,3,10,11,19,5,8,15,15,18,1,5,1,0,1,10,10,11,3,5,10,15,10,7,2,0,0,10,5,9,16,3,19,11,10,5,3,0,7,19,18,1,4,12,9,15,18,7,7,0,3,18,11,1,9,16,19,11,19,2,0,10,9,15,14,0,10,10,15,19,16,6,7,6,6,0,19,13,11,4,10,10,13,7,6,16,10,7,16,19,11,17,18,1,5,11,14,7,5,3,11,6,10,10,15,3,15,14,15,3,16,13,16,9,14,15,0,11,10,15,3,15,7,2,18,16,4,6,15,11,7,11,6,0,16,0,10,10,9,19,2,0,0,0,0,0,0,0,0,0,0,0,0,0,0,0,0,0,0,0,0,0,0,0,0,0,0,0,0,0,0,0,0,0,0,0,0",-0.6044844,0.36423284,3.0,0.009298844,125.06067,0.0123821,1.0,0.0123821,0.40507844,0.0060954397,0.0,0.0,0.009298844,0.0039616316,0.785166,0.40507844,23.07908,1.5802119,125.06067,-0.6044844,3.9184442,230.30571,0.0,0.006215588,1.0,230.30571,0.19116268,0.21483396,23.07908,0.0039616316,0.012190879,0.36423284,0.0,1.5802119,3.9184442,0.0,0.6044844,0.0,0.012190879,0.6044844,0.61088943,0.006215588,1.0,0.0060954397,lookahead,fk_orig2_bm0-s0to75br2
/work/T-REX/external/Proteina-Complexa/inference/search_binder_local_pipeline_32_PDL1_ALPHA_REPACK_v7_r005_cand_v7r005_hyp_0005_00_001_a975a719abf41/job_0_n_177_id_2_fk_orig3_bm0-s0to75br2/job_0_n_177_id_2_fk_orig3_bm0-s0to75br2.pdb,11,"2,0,13,16,19,16,19,14,11,3,10,18,19,19,6,18,7,15,2,12,16,9,6,4,11,13,14,19,6,11,5,10,3,10,0,0,10,9,19,18,17,6,12,6,3,11,2,9,9,5,13,19,8,7,6,6,3,10,11,19,5,8,15,15,18,1,5,1,0,1,10,10,11,3,5,10,15,10,7,2,0,0,10,5,9,16,3,19,11,10,5,3,0,7,19,18,1,4,12,9,15,18,7,7,0,3,18,11,1,9,16,19,11,19,2,0,12,6,15,13,14,2,1,1,10,10,6,0,0,1,0,7,2,10,3,6,19,1,13,10,10,11,0,7,0,3,19,2,0,5,3,11,3,7,11,16,0,13,3,9,0,9,3,2,7,8,6,3,9,0,6,6,10,11,11,0,0,0,0,0,0,0,0,0,0,0,0,0,0,0,0,0,0,0,0,0,0,0,0,0,0,0,0,0,0,0,0,0,0,0,0,0,0,0,0,0,0,0,0,0,0,0,0,0,0,0,0,0,0,0,0,0",-0.48694003,0.28685117,3.0,0.042108916,80.76817,0.047975052,1.0,0.047975052,0.35027447,0.013496203,0.0,0.0,0.042108916,0.015554666,0.8075163,0.35027447,6.3624954,1.511184,80.76817,-0.48694003,3.5778518,198.41583,0.012108623,0.03624278,1.0,198.41583,0.2822882,0.19248374,6.3624954,0.015554666,0.014883783,0.28685117,0.0,1.511184,3.5778518,0.012108623,0.48694003,0.0,0.014883783,0.48694003,0.6799359,0.03624278,1.0,0.013496203,lookahead,fk_orig3_bm0-s0to75br2
/work/T-REX/external/Proteina-Complexa/inference/search_binder_local_pipeline_32_PDL1_ALPHA_REPACK_v7_r005_cand_v7r005_hyp_0005_00_001_a975a719abf41/job_0_n_214_id_3_fk_orig0_bm0-s0to75br3/job_0_n_214_id_3_fk_orig0_bm0-s0to75br3.pdb,12,"2,0,13,16,19,16,19,14,11,3,10,18,19,19,6,18,7,15,2,12,16,9,6,4,11,13,14,19,6,11,5,10,3,10,0,0,10,9,19,18,17,6,12,6,3,11,2,9,9,5,13,19,8,7,6,6,3,10,11,19,5,8,15,15,18,1,5,1,0,1,10,10,11,3,5,10,15,10,7,2,0,0,10,5,9,16,3,19,11,10,5,3,0,7,19,18,1,4,12,9,15,18,7,7,0,3,18,11,1,9,16,19,11,19,2,0,16,10,16,18,5,7,11,14,10,15,7,19,11,9,16,3,12,2,11,2,15,16,16,16,3,11,6,7,11,13,16,10,14,11,11,16,0,7,9,18,16,10,16,2,10,14,14,6,19,11,16,7,3,11,0,9,9,11,3,6,2,7,11,6,10,5,16,9,3,9,7,18,3,14,6,16,7,6,0,9,13,7,10,11,11,9,14,6,15,3,13,16,9,3,10,11,11,0,0,0,0,0,0,0,0,0,0,0,0,0,0,0,0,0,0,0",-0.18159139,0.04984358,3.0,0.5969229,44.762238,0.6100672,1.0,0.6100672,0.14887898,0.5969229,0.0,0.0,0.5969229,0.00391873,0.8919328,0.14887898,2.183177,1.6277114,44.762238,-0.18159139,2.5350404,189.96115,0.5837786,0.5837786,1.0,189.96115,0.7975154,0.1080672,2.183177,0.00391873,0.6100672,0.04984358,0.0,1.6277114,2.5350404,0.5837786,0.18159139,0.0,0.6100672,0.18159139,0.86759865,0.5837786,1.0,0.5969229,lookahead,fk_orig0_bm0-s0to75br3
/work/T-REX/external/Proteina-Complexa/inference/search_binder_local_pipeline_32_PDL1_ALPHA_REPACK_v7_r005_cand_v7r005_hyp_0005_00_001_a975a719abf41/job_0_n_232_id_3_fk_orig1_bm0-s0to75br3/job_0_n_232_id_3_fk_orig1_bm0-s0to75br3.pdb,13,"2,0,13,16,19,16,19,14,11,3,10,18,19,19,6,18,7,15,2,12,16,9,6,4,11,13,14,19,6,11,5,10,3,10,0,0,10,9,19,18,17,6,12,6,3,11,2,9,9,5,13,19,8,7,6,6,3,10,11,19,5,8,15,15,18,1,5,1,0,1,10,10,11,3,5,10,15,10,7,2,0,0,10,5,9,16,3,19,11,10,5,3,0,7,19,18,1,4,12,9,15,18,7,7,0,3,18,11,1,9,16,19,11,19,2,0,2,0,13,16,19,16,19,14,11,3,10,18,19,19,6,18,7,15,2,12,16,9,6,4,11,13,14,19,6,11,5,10,3,10,0,0,10,9,19,18,17,6,12,6,3,11,2,9,9,5,13,19,8,7,6,6,3,10,11,19,5,8,15,15,18,1,5,1,0,1,10,10,11,3,5,10,15,10,7,2,0,0,10,5,9,16,3,19,11,10,5,3,0,7,19,18,1,4,12,9,15,18,7,7,0,3,18,11,1,9,16,19,11,19,2,0",-0.5357438,0.3056499,3.0,0.040186066,60.847134,0.043230083,1.0,0.043230083,0.3158355,0.012006869,0.0,0.0,0.040186066,0.0024704558,0.8603629,0.3158355,2.9414067,1.2829934,60.847134,-0.5357438,3.9040172,200.69531,0.011684816,0.03714205,1.0,200.69531,0.25573856,0.13963713,2.9414067,0.0024704558,0.012328921,0.3056499,0.0,1.2829934,3.9040172,0.011684816,0.5357438,0.0,0.012328921,0.5357438,0.5818648,0.03714205,1.0,0.012006869,lookahead,fk_orig1_bm0-s0to75br3
/work/T-REX/external/Proteina-Complexa/inference/search_binder_local_pipeline_32_PDL1_ALPHA_REPACK_v7_r005_cand_v7r005_hyp_0005_00_001_a975a719abf41/job_0_n_196_id_3_fk_orig2_bm0-s0to75br3/job_0_n_196_id_3_fk_orig2_bm0-s0to75br3.pdb,14,"2,0,13,16,19,16,19,14,11,3,10,18,19,19,6,18,7,15,2,12,16,9,6,4,11,13,14,19,6,11,5,10,3,10,0,0,10,9,19,18,17,6,12,6,3,11,2,9,9,5,13,19,8,7,6,6,3,10,11,19,5,8,15,15,18,1,5,1,0,1,10,10,11,3,5,10,15,10,7,2,0,0,10,5,9,16,3,19,11,10,5,3,0,7,19,18,1,4,12,9,15,18,7,7,0,3,18,11,1,9,16,19,11,19,2,0,0,0,9,6,12,11,1,10,11,19,19,10,3,6,10,3,11,8,11,2,10,10,2,3,0,6,1,5,18,10,9,3,13,9,10,7,1,16,2,6,14,10,11,14,19,13,11,2,10,19,9,11,9,10,11,0,0,6,18,14,5,6,0,9,5,0,19,6,2,7,6,10,2,14,11,11,19,13,15,18,0,0,0,0,0,0,0,0,0,0,0,0,0,0,0,0,0,0,0,0,0,0,0,0,0,0,0,0,0,0,0,0,0,0,0,0",-0.4737181,0.26955205,3.0,0.07687007,46.71228,0.09429964,1.0,0.09429964,0.3337614,0.014679894,0.0,0.0,0.07687007,0.003276594,0.79224056,0.3337614,2.4371667,2.046797,46.71228,-0.4737181,3.672753,210.41527,0.014281915,0.05944051,1.0,210.41527,0.35506335,0.20775943,2.4371667,0.003276594,0.015077874,0.26955205,0.0,2.046797,3.672753,0.014281915,0.4737181,0.0,0.015077874,0.4737181,0.6688366,0.05944051,1.0,0.014679894,lookahead,fk_orig2_bm0-s0to75br3
/work/T-REX/external/Proteina-Complexa/inference/search_binder_local_pipeline_32_PDL1_ALPHA_REPACK_v7_r005_cand_v7r005_hyp_0005_00_001_a975a719abf41/job_0_n_177_id_3_fk_orig3_bm0-s0to75br3/job_0_n_177_id_3_fk_orig3_bm0-s0to75br3.pdb,15,"2,0,13,16,19,16,19,14,11,3,10,18,19,19,6,18,7,15,2,12,16,9,6,4,11,13,14,19,6,11,5,10,3,10,0,0,10,9,19,18,17,6,12,6,3,11,2,9,9,5,13,19,8,7,6,6,3,10,11,19,5,8,15,15,18,1,5,1,0,1,10,10,11,3,5,10,15,10,7,2,0,0,10,5,9,16,3,19,11,10,5,3,0,7,19,18,1,4,12,9,15,18,7,7,0,3,18,11,1,9,16,19,11,19,2,0,12,5,9,13,19,11,16,10,16,7,11,16,9,16,10,6,19,6,14,15,3,16,9,6,2,19,11,0,11,9,5,3,11,6,7,9,14,14,8,5,5,1,10,0,13,0,7,11,5,10,6,3,7,1,16,10,15,3,18,7,10,0,0,0,0,0,0,0,0,0,0,0,0,0,0,0,0,0,0,0,0,0,0,0,0,0,0,0,0,0,0,0,0,0,0,0,0,0,0,0,0,0,0,0,0,0,0,0,0,0,0,0,0,0,0,0",-0.5846622,0.3985403,3.0,0.009550143,123.68952,0.013572165,1.0,0.013572165,0.4252339,0.0,0.0,0.0,0.009550143,0.0041559674,0.725537,0.4252339,16.77065,1.9341934,123.68952,-0.5846622,3.8662422,261.43457,0.0,0.005528121,1.0,261.43457,0.22206496,0.274463,16.77065,0.0041559674,0.0,0.3985403,0.0,1.9341934,3.8662422,0.0,0.5846622,0.0,0.0,0.5846622,0.6609021,0.005528121,1.0,0.0,lookahead,fk_orig3_bm0-s0to75br3
/work/T-REX/external/Proteina-Complexa/inference/search_binder_local_pipeline_32_PDL1_ALPHA_REPACK_v7_r005_cand_v7r005_hyp_0005_00_001_a975a719abf41/job_0_n_214_id_4_fk_orig0_bm1-s0to75br0/job_0_n_214_id_4_fk_orig0_bm1-s0to75br0.pdb,16,"2,0,13,16,19,16,19,14,11,3,10,18,19,19,6,18,7,15,2,12,16,9,6,4,11,13,14,19,6,11,5,10,3,10,0,0,10,9,19,18,17,6,12,6,3,11,2,9,9,5,13,19,8,7,6,6,3,10,11,19,5,8,15,15,18,1,5,1,0,1,10,10,11,3,5,10,15,10,7,2,0,0,10,5,9,16,3,19,11,10,5,3,0,7,19,18,1,4,12,9,15,18,7,7,0,3,18,11,1,9,16,19,11,19,2,0,7,15,10,16,19,5,0,7,0,15,19,16,10,14,4,16,13,15,11,10,14,7,16,19,10,0,19,18,17,18,10,5,1,14,7,5,6,1,11,10,19,18,3,15,1,15,14,15,0,1,13,11,10,10,3,14,15,5,7,2,13,15,10,5,9,15,15,10,6,14,2,3,15,7,10,18,17,4,12,19,5,16,16,11,7,10,18,3,15,3,7,16,5,10,16,19,10,0,0,0,0,0,0,0,0,0,0,0,0,0,0,0,0,0,0,0",-0.6059166,0.34738207,3.0,0.010954073,105.54762,0.011537195,1.0,0.011537195,0.38925427,0.0055662384,0.0,0.0,0.010954073,0.00256373,0.8020562,0.38925427,9.635111,1.5341691,105.54762,-0.6059166,4.1533732,228.89433,0.0,0.01037095,1.0,228.89433,0.19611597,0.19794378,9.635111,0.00256373,0.011132477,0.34738207,0.0,1.5341691,4.1533732,0.0,0.6059166,0.0,0.011132477,0.6059166,0.5810532,0.01037095,1.0,0.0055662384,lookahead,fk_orig0_bm1-s0to75br0
/work/T-REX/external/Proteina-Complexa/inference/search_binder_local_pipeline_32_PDL1_ALPHA_REPACK_v7_r005_cand_v7r005_hyp_0005_00_001_a975a719abf41/job_0_n_232_id_4_fk_orig1_bm1-s0to75br0/job_0_n_232_id_4_fk_orig1_bm1-s0to75br0.pdb,17,"2,0,13,16,19,16,19,14,11,3,10,18,19,19,6,18,7,15,2,12,16,9,6,4,11,13,14,19,6,11,5,10,3,10,0,0,10,9,19,18,17,6,12,6,3,11,2,9,9,5,13,19,8,7,6,6,3,10,11,19,5,8,15,15,18,1,5,1,0,1,10,10,11,3,5,10,15,10,7,2,0,0,10,5,9,16,3,19,11,10,5,3,0,7,19,18,1,4,12,9,15,18,7,7,0,3,18,11,1,9,16,19,11,19,2,0,2,0,13,16,19,16,19,14,11,3,10,18,19,19,6,18,7,15,2,12,16,9,6,4,11,13,14,19,6,11,5,10,3,10,0,0,10,9,19,18,17,6,12,6,3,11,2,9,9,5,13,19,8,7,6,6,3,10,11,19,5,8,15,15,18,1,5,1,0,1,10,10,11,3,5,10,15,10,7,2,0,0,10,5,9,16,3,19,11,10,5,3,0,7,19,18,1,4,12,9,15,18,7,7,0,3,18,11,1,9,16,19,11,19,2,0",-0.5292428,0.3019376,3.0,0.044448983,59.221157,0.047730427,1.0,0.047730427,0.31257388,0.012337094,0.0,0.0,0.044448983,0.002454905,0.8604369,0.31257388,3.624345,1.2815999,59.221157,-0.5292428,3.8881247,202.97906,0.011980523,0.04116754,1.0,202.97906,0.26000148,0.13956305,3.624345,0.002454905,0.012693664,0.3019376,0.0,1.2815999,3.8881247,0.011980523,0.5292428,0.0,0.012693664,0.5292428,0.58413506,0.04116754,1.0,0.012337094,lookahead,fk_orig1_bm1-s0to75br0
/work/T-REX/external/Proteina-Complexa/inference/search_binder_local_pipeline_32_PDL1_ALPHA_REPACK_v7_r005_cand_v7r005_hyp_0005_00_001_a975a719abf41/job_0_n_196_id_4_fk_orig2_bm1-s0to75br0/job_0_n_196_id_4_fk_orig2_bm1-s0to75br0.pdb,18,"2,0,13,16,19,16,19,14,11,3,10,18,19,19,6,18,7,15,2,12,16,9,6,4,11,13,14,19,6,11,5,10,3,10,0,0,10,9,19,18,17,6,12,6,3,11,2,9,9,5,13,19,8,7,6,6,3,10,11,19,5,8,15,15,18,1,5,1,0,1,10,10,11,3,5,10,15,10,7,2,0,0,10,5,9,16,3,19,11,10,5,3,0,7,19,18,1,4,12,9,15,18,7,7,0,3,18,11,1,9,16,19,11,19,2,0,1,18,3,6,0,19,0,2,18,11,11,0,9,6,2,0,11,16,14,19,6,11,0,16,0,18,11,2,10,7,2,0,18,8,11,10,7,11,18,3,6,0,19,11,15,18,5,6,0,19,11,9,18,7,6,16,10,7,10,2,8,14,3,19,0,16,16,9,2,2,10,11,0,0,5,6,11,0,7,10,0,0,0,0,0,0,0,0,0,0,0,0,0,0,0,0,0,0,0,0,0,0,0,0,0,0,0,0,0,0,0,0,0,0,0,0",-0.8043493,0.6727034,3.0,0.0,85.066475,0.0,1.0,0.0,0.52022344,0.0,0.0,0.0,0.0,0.0035601147,0.7934715,0.52022344,7.3536634,1.5782162,85.066475,-0.8043493,4.712031,234.08275,0.0,0.0,1.0,234.08275,0.100025825,0.20652847,7.3536634,0.0035601147,0.0,0.6727034,0.0,1.5782162,4.712031,0.0,0.8043493,0.0,0.0,0.8043493,0.57113045,0.0,1.0,0.0,lookahead,fk_orig2_bm1-s0to75br0
/work/T-REX/external/Proteina-Complexa/inference/search_binder_local_pipeline_32_PDL1_ALPHA_REPACK_v7_r005_cand_v7r005_hyp_0005_00_001_a975a719abf41/job_0_n_177_id_4_fk_orig3_bm1-s0to75br0/job_0_n_177_id_4_fk_orig3_bm1-s0to75br0.pdb,19,"2,0,13,16,19,16,19,14,11,3,10,18,19,19,6,18,7,15,2,12,16,9,6,4,11,13,14,19,6,11,5,10,3,10,0,0,10,9,19,18,17,6,12,6,3,11,2,9,9,5,13,19,8,7,6,6,3,10,11,19,5,8,15,15,18,1,5,1,0,1,10,10,11,3,5,10,15,10,7,2,0,0,10,5,9,16,3,19,11,10,5,3,0,7,19,18,1,4,12,9,15,18,7,7,0,3,18,11,1,9,16,19,11,19,2,0,15,0,10,2,2,12,7,2,9,10,10,11,6,7,1,18,3,6,0,6,8,19,18,1,11,0,10,6,3,2,14,2,3,0,2,0,8,2,7,10,7,19,0,10,8,11,10,7,1,10,3,6,0,6,11,6,18,6,11,0,10,0,0,0,0,0,0,0,0,0,0,0,0,0,0,0,0,0,0,0,0,0,0,0,0,0,0,0,0,0,0,0,0,0,0,0,0,0,0,0,0,0,0,0,0,0,0,0,0,0,0,0,0,0,0,0",-0.2096025,0.083802685,3.0,0.37112528,72.00613,0.46612436,1.0,0.46612436,0.16017163,0.37112528,0.0,0.0,0.37112528,0.0025015562,0.9219096,0.16017163,3.5267417,1.34028,72.00613,-0.2096025,2.67561,188.9327,0.27612618,0.27612618,1.0,188.9327,0.69195074,0.07809045,3.5267417,0.0025015562,0.46612436,0.083802685,0.0,1.34028,2.67561,0.27612618,0.2096025,0.0,0.46612436,0.2096025,0.8353877,0.27612618,1.0,0.37112528,lookahead,fk_orig3_bm1-s0to75br0
/work/T-REX/external/Proteina-Complexa/inference/search_binder_local_pipeline_32_PDL1_ALPHA_REPACK_v7_r005_cand_v7r005_hyp_0005_00_001_a975a719abf41/job_0_n_214_id_5_fk_orig0_bm1-s0to75br1/job_0_n_214_id_5_fk_orig0_bm1-s0to75br1.pdb,20,"2,0,13,16,19,16,19,14,11,3,10,18,19,19,6,18,7,15,2,12,16,9,6,4,11,13,14,19,6,11,5,10,3,10,0,0,10,9,19,18,17,6,12,6,3,11,2,9,9,5,13,19,8,7,6,6,3,10,11,19,5,8,15,15,18,1,5,1,0,1,10,10,11,3,5,10,15,10,7,2,0,0,10,5,9,16,3,19,11,10,5,3,0,7,19,18,1,4,12,9,15,18,7,7,0,3,18,11,1,9,16,19,11,19,2,0,6,14,14,1,13,16,19,5,14,14,6,15,10,15,19,16,6,7,5,16,0,9,10,14,4,11,0,16,7,2,14,11,14,16,9,16,17,5,11,11,5,7,3,15,13,19,3,10,3,10,15,3,14,1,18,11,9,10,14,2,2,15,10,5,9,16,2,0,1,10,15,3,15,7,19,18,1,4,19,0,15,2,7,13,19,19,18,15,11,16,0,6,10,16,19,16,14,10,0,0,0,0,0,0,0,0,0,0,0,0,0,0,0,0,0,0",-0.7471673,0.47374025,3.0,0.0024896504,123.55249,0.004979301,1.0,0.004979301,0.4446185,0.0,0.0,0.0,0.0024896504,0.0025002584,0.870184,0.4446185,25.907219,1.3161101,123.55249,-0.7471673,4.7993984,175.2271,0.0,0.0,1.0,175.2271,0.13759154,0.12981598,25.907219,0.0025002584,0.0,0.47374025,0.0,1.3161101,4.7993984,0.0,0.7471673,0.0,0.0,0.7471673,0.5363797,0.0,1.0,0.0,lookahead,fk_orig0_bm1-s0to75br1
/work/T-REX/external/Proteina-Complexa/inference/search_binder_local_pipeline_32_PDL1_ALPHA_REPACK_v7_r005_cand_v7r005_hyp_0005_00_001_a975a719abf41/job_0_n_232_id_5_fk_orig1_bm1-s0to75br1/job_0_n_232_id_5_fk_orig1_bm1-s0to75br1.pdb,21,"2,0,13,16,19,16,19,14,11,3,10,18,19,19,6,18,7,15,2,12,16,9,6,4,11,13,14,19,6,11,5,10,3,10,0,0,10,9,19,18,17,6,12,6,3,11,2,9,9,5,13,19,8,7,6,6,3,10,11,19,5,8,15,15,18,1,5,1,0,1,10,10,11,3,5,10,15,10,7,2,0,0,10,5,9,16,3,19,11,10,5,3,0,7,19,18,1,4,12,9,15,18,7,7,0,3,18,11,1,9,16,19,11,19,2,0,2,0,13,16,19,16,19,14,11,3,10,18,19,19,6,18,7,15,2,12,16,9,6,4,11,13,14,19,6,11,5,10,3,10,0,0,10,9,19,18,17,6,12,6,3,11,2,9,9,5,13,19,8,7,6,6,3,10,11,19,5,8,15,15,18,1,5,1,0,1,10,10,11,3,5,10,15,10,7,2,0,0,10,5,9,16,3,19,11,10,5,3,0,7,19,18,1,4,12,9,15,18,7,7,0,3,18,11,1,9,16,19,11,19,2,0",-0.5295963,0.29926044,3.0,0.0441071,55.69469,0.047435272,1.0,0.047435272,0.31233224,0.012217939,0.0,0.0,0.0441071,0.002455332,0.8606625,0.31233224,2.7759328,1.2752429,55.69469,-0.5295963,3.8898408,200.21175,0.0119863525,0.04077893,1.0,200.21175,0.2579912,0.1393375,2.7759328,0.002455332,0.012449524,0.29926044,0.0,1.2752429,3.8898408,0.0119863525,0.5295963,0.0,0.012449524,0.5295963,0.58342,0.04077893,1.0,0.012217939,lookahead,fk_orig1_bm1-s0to75br1
/work/T-REX/external/Proteina-Complexa/inference/search_binder_local_pipeline_32_PDL1_ALPHA_REPACK_v7_r005_cand_v7r005_hyp_0005_00_001_a975a719abf41/job_0_n_196_id_5_fk_orig2_bm1-s0to75br1/job_0_n_196_id_5_fk_orig2_bm1-s0to75br1.pdb,22,"2,0,13,16,19,16,19,14,11,3,10,18,19,19,6,18,7,15,2,12,16,9,6,4,11,13,14,19,6,11,5,10,3,10,0,0,10,9,19,18,17,6,12,6,3,11,2,9,9,5,13,19,8,7,6,6,3,10,11,19,5,8,15,15,18,1,5,1,0,1,10,10,11,3,5,10,15,10,7,2,0,0,10,5,9,16,3,19,11,10,5,3,0,7,19,18,1,4,12,9,15,18,7,7,0,3,18,11,1,9,16,19,11,19,2,0,15,5,9,0,1,13,11,6,0,13,10,6,13,3,11,3,7,3,7,16,9,15,10,14,6,10,19,0,10,10,15,11,6,10,7,1,6,9,11,3,15,6,10,14,6,10,5,3,9,9,2,11,13,3,11,3,7,3,7,16,10,3,13,14,6,13,10,0,10,12,15,15,11,6,13,5,11,10,10,11,0,0,0,0,0,0,0,0,0,0,0,0,0,0,0,0,0,0,0,0,0,0,0,0,0,0,0,0,0,0,0,0,0,0,0,0",-0.55502963,0.3524229,3.0,0.022707963,138.49066,0.03895557,1.0,0.03895557,0.39092168,0.0076446105,0.0,0.0,0.022707963,0.005777539,0.7106904,0.39092168,16.821945,2.2038343,138.49066,-0.55502963,3.8861387,288.06204,0.0,0.0064603584,1.0,288.06204,0.2533449,0.28930962,16.821945,0.005777539,0.015289221,0.3524229,0.0,2.2038343,3.8861387,0.0,0.55502963,0.0,0.015289221,0.55502963,0.63690376,0.0064603584,1.0,0.0076446105,lookahead,fk_orig2_bm1-s0to75br1
/work/T-REX/external/Proteina-Complexa/inference/search_binder_local_pipeline_32_PDL1_ALPHA_REPACK_v7_r005_cand_v7r005_hyp_0005_00_001_a975a719abf41/job_0_n_177_id_5_fk_orig3_bm1-s0to75br1/job_0_n_177_id_5_fk_orig3_bm1-s0to75br1.pdb,23,"2,0,13,16,19,16,19,14,11,3,10,18,19,19,6,18,7,15,2,12,16,9,6,4,11,13,14,19,6,11,5,10,3,10,0,0,10,9,19,18,17,6,12,6,3,11,2,9,9,5,13,19,8,7,6,6,3,10,11,19,5,8,15,15,18,1,5,1,0,1,10,10,11,3,5,10,15,10,7,2,0,0,10,5,9,16,3,19,11,10,5,3,0,7,19,18,1,4,12,9,15,18,7,7,0,3,18,11,1,9,16,19,11,19,2,0,0,19,18,4,15,9,4,3,11,3,9,15,15,11,5,18,19,5,9,2,3,5,19,15,10,4,19,3,4,10,15,11,19,15,8,16,10,5,5,10,11,6,12,15,0,3,19,6,11,10,11,3,9,10,1,10,6,18,5,5,15,0,0,0,0,0,0,0,0,0,0,0,0,0,0,0,0,0,0,0,0,0,0,0,0,0,0,0,0,0,0,0,0,0,0,0,0,0,0,0,0,0,0,0,0,0,0,0,0,0,0,0,0,0,0,0",-0.64144504,0.45102936,3.0,0.008820891,97.49557,0.01215123,1.0,0.01215123,0.4865786,0.0062637166,0.0,0.0,0.008820891,0.00485067,0.625991,0.4865786,7.425858,2.2526798,97.49557,-0.64144504,4.0546603,232.36424,0.0,0.005490553,1.0,232.36424,0.19303507,0.374009,7.425858,0.00485067,0.012527433,0.45102936,0.0,2.2526798,4.0546603,0.0,0.64144504,0.0,0.012527433,0.64144504,0.65334785,0.005490553,1.0,0.0062637166,lookahead,fk_orig3_bm1-s0to75br1
/work/T-REX/external/Proteina-Complexa/inference/search_binder_local_pipeline_32_PDL1_ALPHA_REPACK_v7_r005_cand_v7r005_hyp_0005_00_001_a975a719abf41/job_0_n_214_id_6_fk_orig0_bm1-s0to75br2/job_0_n_214_id_6_fk_orig0_bm1-s0to75br2.pdb,24,"2,0,13,16,19,16,19,14,11,3,10,18,19,19,6,18,7,15,2,12,16,9,6,4,11,13,14,19,6,11,5,10,3,10,0,0,10,9,19,18,17,6,12,6,3,11,2,9,9,5,13,19,8,7,6,6,3,10,11,19,5,8,15,15,18,1,5,1,0,1,10,10,11,3,5,10,15,10,7,2,0,0,10,5,9,16,3,19,11,10,5,3,0,7,19,18,1,4,12,9,15,18,7,7,0,3,18,11,1,9,16,19,11,19,2,0,10,5,10,16,13,14,11,14,15,18,15,7,16,19,7,7,15,19,16,10,6,4,16,0,15,5,15,9,11,1,15,3,9,9,17,6,11,2,2,5,11,19,10,19,7,7,2,15,7,1,13,16,2,10,10,3,6,16,7,16,2,0,15,10,5,9,11,3,10,5,10,2,3,15,7,16,18,11,4,11,15,9,1,0,14,1,7,15,15,7,0,15,10,16,19,16,6,14,0,0,0,0,0,0,0,0,0,0,0,0,0,0,0,0,0,0",-0.7874823,0.5950551,3.0,0.0,80.99484,0.0,1.0,0.0,0.48480192,0.0,0.0,0.0,0.0,0.0037121729,0.8140558,0.48480192,8.9173565,1.6711357,80.99484,-0.7874823,4.788562,252.20282,0.0,0.0,1.0,252.20282,0.11287556,0.18594423,8.9173565,0.0037121729,0.0,0.5950551,0.0,1.6711357,4.788562,0.0,0.7874823,0.0,0.0,0.7874823,0.54061115,0.0,1.0,0.0,lookahead,fk_orig0_bm1-s0to75br2
/work/T-REX/external/Proteina-Complexa/inference/search_binder_local_pipeline_32_PDL1_ALPHA_REPACK_v7_r005_cand_v7r005_hyp_0005_00_001_a975a719abf41/job_0_n_232_id_6_fk_orig1_bm1-s0to75br2/job_0_n_232_id_6_fk_orig1_bm1-s0to75br2.pdb,25,"2,0,13,16,19,16,19,14,11,3,10,18,19,19,6,18,7,15,2,12,16,9,6,4,11,13,14,19,6,11,5,10,3,10,0,0,10,9,19,18,17,6,12,6,3,11,2,9,9,5,13,19,8,7,6,6,3,10,11,19,5,8,15,15,18,1,5,1,0,1,10,10,11,3,5,10,15,10,7,2,0,0,10,5,9,16,3,19,11,10,5,3,0,7,19,18,1,4,12,9,15,18,7,7,0,3,18,11,1,9,16,19,11,19,2,0,2,0,13,16,19,16,19,14,11,3,10,18,19,19,6,18,7,15,2,12,16,9,6,4,11,13,14,19,6,11,5,10,3,10,0,0,10,9,19,18,17,6,12,6,3,11,2,9,9,5,13,19,8,7,6,6,3,10,11,19,5,8,15,15,18,1,5,1,0,1,10,10,11,3,5,10,15,10,7,2,0,0,10,5,9,16,3,19,11,10,5,3,0,7,19,18,1,4,12,9,15,18,7,7,0,3,18,11,1,9,16,19,11,19,2,0",-0.52318937,0.29074952,3.0,0.04860653,61.322754,0.05115654,1.0,0.05115654,0.30953503,0.012639666,0.0,0.0,0.04860653,0.00243662,0.85954094,0.30953503,2.8230793,1.2829827,61.322754,-0.52318937,3.8751707,205.0156,0.012341383,0.046056524,1.0,205.0156,0.26292974,0.14045908,2.8230793,0.00243662,0.012937948,0.29074952,0.0,1.2829827,3.8751707,0.012341383,0.52318937,0.0,0.012937948,0.52318937,0.58616364,0.046056524,1.0,0.012639666,lookahead,fk_orig1_bm1-s0to75br2
/work/T-REX/external/Proteina-Complexa/inference/search_binder_local_pipeline_32_PDL1_ALPHA_REPACK_v7_r005_cand_v7r005_hyp_0005_00_001_a975a719abf41/job_0_n_196_id_6_fk_orig2_bm1-s0to75br2/job_0_n_196_id_6_fk_orig2_bm1-s0to75br2.pdb,26,"2,0,13,16,19,16,19,14,11,3,10,18,19,19,6,18,7,15,2,12,16,9,6,4,11,13,14,19,6,11,5,10,3,10,0,0,10,9,19,18,17,6,12,6,3,11,2,9,9,5,13,19,8,7,6,6,3,10,11,19,5,8,15,15,18,1,5,1,0,1,10,10,11,3,5,10,15,10,7,2,0,0,10,5,9,16,3,19,11,10,5,3,0,7,19,18,1,4,12,9,15,18,7,7,0,3,18,11,1,9,16,19,11,19,2,0,9,19,10,16,5,15,14,0,16,10,15,19,15,14,7,6,11,0,16,10,15,4,1,0,15,5,15,19,15,15,15,0,1,10,18,17,18,5,6,11,14,7,5,15,14,11,10,10,19,0,2,7,15,3,7,1,13,16,7,15,7,15,7,16,3,13,16,10,16,9,15,15,19,6,14,6,3,13,0,16,0,0,0,0,0,0,0,0,0,0,0,0,0,0,0,0,0,0,0,0,0,0,0,0,0,0,0,0,0,0,0,0,0,0,0,0",-0.64260525,0.39928147,3.0,0.0062615275,124.74456,0.006453795,1.0,0.006453795,0.45565966,0.0,0.0,0.0,0.0062615275,0.004748653,0.69674194,0.45565966,23.398235,2.116739,124.74456,-0.64260525,4.1904635,213.46013,0.0,0.0060692597,1.0,213.46013,0.17986012,0.3032581,23.398235,0.004748653,0.0,0.39928147,0.0,2.116739,4.1904635,0.0,0.64260525,0.0,0.0,0.64260525,0.6066748,0.0060692597,1.0,0.0,lookahead,fk_orig2_bm1-s0to75br2
/work/T-REX/external/Proteina-Complexa/inference/search_binder_local_pipeline_32_PDL1_ALPHA_REPACK_v7_r005_cand_v7r005_hyp_0005_00_001_a975a719abf41/job_0_n_177_id_6_fk_orig3_bm1-s0to75br2/job_0_n_177_id_6_fk_orig3_bm1-s0to75br2.pdb,27,"2,0,13,16,19,16,19,14,11,3,10,18,19,19,6,18,7,15,2,12,16,9,6,4,11,13,14,19,6,11,5,10,3,10,0,0,10,9,19,18,17,6,12,6,3,11,2,9,9,5,13,19,8,7,6,6,3,10,11,19,5,8,15,15,18,1,5,1,0,1,10,10,11,3,5,10,15,10,7,2,0,0,10,5,9,16,3,19,11,10,5,3,0,7,19,18,1,4,12,9,15,18,7,7,0,3,18,11,1,9,16,19,11,19,2,0,7,11,14,19,7,11,0,19,10,10,2,11,7,6,15,18,6,13,16,15,14,3,14,6,11,0,13,18,19,6,2,15,3,11,6,1,19,15,3,14,19,11,7,6,16,13,11,13,16,0,15,6,1,7,13,18,16,10,18,10,19,0,0,0,0,0,0,0,0,0,0,0,0,0,0,0,0,0,0,0,0,0,0,0,0,0,0,0,0,0,0,0,0,0,0,0,0,0,0,0,0,0,0,0,0,0,0,0,0,0,0,0,0,0,0,0",-0.5335442,0.3221163,3.0,0.022528091,56.96773,0.029112913,1.0,0.029112913,0.38505062,0.011595527,0.0,0.0,0.022528091,0.0053182696,0.80515784,0.38505062,3.9494226,1.5899819,56.96773,-0.5335442,3.8145568,192.40517,0.010708186,0.01594327,1.0,192.40517,0.25094518,0.19484214,3.9494226,0.0053182696,0.012482867,0.3221163,0.0,1.5899819,3.8145568,0.010708186,0.5335442,0.0,0.012482867,0.5335442,0.67334217,0.01594327,1.0,0.011595527,lookahead,fk_orig3_bm1-s0to75br2
/work/T-REX/external/Proteina-Complexa/inference/search_binder_local_pipeline_32_PDL1_ALPHA_REPACK_v7_r005_cand_v7r005_hyp_0005_00_001_a975a719abf41/job_0_n_214_id_7_fk_orig0_bm1-s0to75br3/job_0_n_214_id_7_fk_orig0_bm1-s0to75br3.pdb,28,"2,0,13,16,19,16,19,14,11,3,10,18,19,19,6,18,7,15,2,12,16,9,6,4,11,13,14,19,6,11,5,10,3,10,0,0,10,9,19,18,17,6,12,6,3,11,2,9,9,5,13,19,8,7,6,6,3,10,11,19,5,8,15,15,18,1,5,1,0,1,10,10,11,3,5,10,15,10,7,2,0,0,10,5,9,16,3,19,11,10,5,3,0,7,19,18,1,4,12,9,15,18,7,7,0,3,18,11,1,9,16,19,11,19,2,0,15,19,14,14,16,13,16,19,14,14,11,2,19,16,19,11,19,7,7,16,0,16,10,6,4,11,19,13,7,9,14,19,14,6,19,11,17,9,16,14,15,7,6,16,10,16,14,15,2,10,14,0,1,13,15,13,16,7,3,9,2,7,7,3,0,15,10,5,9,16,3,19,11,10,6,3,0,7,9,18,16,4,5,0,7,3,19,16,0,5,0,12,10,16,19,10,0,0,0,0,0,0,0,0,0,0,0,0,0,0,0,0,0,0,0,0",-0.46978682,0.25896043,3.0,0.08140501,99.077675,0.08290238,1.0,0.08290238,0.3039863,0.01450197,0.0,0.0,0.08140501,0.0019560717,0.86956257,0.3039863,9.133021,1.4858488,99.077675,-0.46978682,4.5102534,199.78406,0.014177469,0.07990763,1.0,199.78406,0.3309002,0.13043745,9.133021,0.0019560717,0.014826473,0.25896043,0.0,1.4858488,4.5102534,0.014177469,0.46978682,0.0,0.014826473,0.46978682,0.64078295,0.07990763,1.0,0.01450197,lookahead,fk_orig0_bm1-s0to75br3
/work/T-REX/external/Proteina-Complexa/inference/search_binder_local_pipeline_32_PDL1_ALPHA_REPACK_v7_r005_cand_v7r005_hyp_0005_00_001_a975a719abf41/job_0_n_232_id_7_fk_orig1_bm1-s0to75br3/job_0_n_232_id_7_fk_orig1_bm1-s0to75br3.pdb,29,"2,0,13,16,19,16,19,14,11,3,10,18,19,19,6,18,7,15,2,12,16,9,6,4,11,13,14,19,6,11,5,10,3,10,0,0,10,9,19,18,17,6,12,6,3,11,2,9,9,5,13,19,8,7,6,6,3,10,11,19,5,8,15,15,18,1,5,1,0,1,10,10,11,3,5,10,15,10,7,2,0,0,10,5,9,16,3,19,11,10,5,3,0,7,19,18,1,4,12,9,15,18,7,7,0,3,18,11,1,9,16,19,11,19,2,0,2,0,13,16,19,16,19,14,11,3,10,18,19,19,6,18,7,15,2,12,16,9,6,4,11,13,14,19,6,11,5,10,3,10,0,0,10,9,19,18,17,6,12,6,3,11,2,9,9,5,13,19,8,7,6,6,3,10,11,19,5,8,15,15,18,1,5,1,0,1,10,10,11,3,5,10,15,10,7,2,0,0,10,5,9,16,3,19,11,10,5,3,0,7,19,18,1,4,12,9,15,18,7,7,0,3,18,11,1,9,16,19,11,19,2,0",-0.5269303,0.2951063,3.0,0.045043938,53.844566,0.04804449,1.0,0.04804449,0.31109,0.012415234,0.0,0.0,0.045043938,0.0024595005,0.8602859,0.31109,2.722796,1.2772034,53.844566,-0.5269303,3.8843825,196.94046,0.012104596,0.042043388,1.0,196.94046,0.26076642,0.13971412,2.722796,0.0024595005,0.012725871,0.2951063,0.0,1.2772034,3.8843825,0.012104596,0.5269303,0.0,0.012725871,0.5269303,0.58497477,0.042043388,1.0,0.012415234,lookahead,fk_orig1_bm1-s0to75br3
/work/T-REX/external/Proteina-Complexa/inference/search_binder_local_pipeline_32_PDL1_ALPHA_REPACK_v7_r005_cand_v7r005_hyp_0005_00_001_a975a719abf41/job_0_n_196_id_7_fk_orig2_bm1-s0to75br3/job_0_n_196_id_7_fk_orig2_bm1-s0to75br3.pdb,30,"2,0,13,16,19,16,19,14,11,3,10,18,19,19,6,18,7,15,2,12,16,9,6,4,11,13,14,19,6,11,5,10,3,10,0,0,10,9,19,18,17,6,12,6,3,11,2,9,9,5,13,19,8,7,6,6,3,10,11,19,5,8,15,15,18,1,5,1,0,1,10,10,11,3,5,10,15,10,7,2,0,0,10,5,9,16,3,19,11,10,5,3,0,7,19,18,1,4,12,9,15,18,7,7,0,3,18,11,1,9,16,19,11,19,2,0,10,16,19,6,14,15,19,15,19,15,0,7,2,15,19,16,10,16,4,16,0,11,7,13,3,16,19,16,17,16,11,7,7,5,2,10,14,15,19,11,2,7,3,16,18,15,9,16,9,14,15,0,15,19,15,3,15,7,9,18,11,4,19,7,15,15,11,7,9,16,15,15,11,2,16,16,10,16,19,16,0,0,0,0,0,0,0,0,0,0,0,0,0,0,0,0,0,0,0,0,0,0,0,0,0,0,0,0,0,0,0,0,0,0,0,0",-0.8352161,0.66089267,3.0,0.0,126.56758,0.0,1.0,0.0,0.5327659,0.0,0.0,0.0,0.0,0.00387569,0.79119825,0.5327659,43.986263,1.3612927,126.56758,-0.8352161,4.7825212,208.81554,0.0,0.0,1.0,208.81554,0.07173525,0.20880173,43.986263,0.00387569,0.0,0.66089267,0.0,1.3612927,4.7825212,0.0,0.8352161,0.0,0.0,0.8352161,0.56295025,0.0,1.0,0.0,lookahead,fk_orig2_bm1-s0to75br3
/work/T-REX/external/Proteina-Complexa/inference/search_binder_local_pipeline_32_PDL1_ALPHA_REPACK_v7_r005_cand_v7r005_hyp_0005_00_001_a975a719abf41/job_0_n_177_id_7_fk_orig3_bm1-s0to75br3/job_0_n_177_id_7_fk_orig3_bm1-s0to75br3.pdb,31,"2,0,13,16,19,16,19,14,11,3,10,18,19,19,6,18,7,15,2,12,16,9,6,4,11,13,14,19,6,11,5,10,3,10,0,0,10,9,19,18,17,6,12,6,3,11,2,9,9,5,13,19,8,7,6,6,3,10,11,19,5,8,15,15,18,1,5,1,0,1,10,10,11,3,5,10,15,10,7,2,0,0,10,5,9,16,3,19,11,10,5,3,0,7,19,18,1,4,12,9,15,18,7,7,0,3,18,11,1,9,16,19,11,19,2,0,10,15,13,3,0,15,7,9,16,15,0,0,6,19,11,11,10,6,6,6,10,1,15,10,6,7,19,18,19,0,10,18,19,6,15,6,11,11,13,8,10,19,19,6,14,15,18,11,6,8,19,16,11,1,0,11,6,9,10,15,15,0,0,0,0,0,0,0,0,0,0,0,0,0,0,0,0,0,0,0,0,0,0,0,0,0,0,0,0,0,0,0,0,0,0,0,0,0,0,0,0,0,0,0,0,0,0,0,0,0,0,0,0,0,0,0",-0.50070024,0.27242315,3.0,0.03953667,99.887695,0.048284534,1.0,0.048284534,0.3550422,0.013785128,0.0,0.0,0.03953667,0.0024166636,0.8026185,0.3550422,6.9027805,1.4484357,99.887695,-0.50070024,3.4842548,214.09575,0.013254371,0.030788809,1.0,214.09575,0.25995335,0.19738151,6.9027805,0.0024166636,0.0143158855,0.27242315,0.0,1.4484357,3.4842548,0.013254371,0.50070024,0.0,0.0143158855,0.50070024,0.6785367,0.030788809,1.0,0.013785128,lookahead,fk_orig3_bm1-s0to75br3
/work/T-REX/external/Proteina-Complexa/inference/search_binder_local_pipeline_32_PDL1_ALPHA_REPACK_v7_r005_cand_v7r005_hyp_0005_00_001_a975a719abf41/job_0_n_214_id_8_fk_orig0_bm2-s0to75br0/job_0_n_214_id_8_fk_orig0_bm2-s0to75br0.pdb,32,"2,0,13,16,19,16,19,14,11,3,10,18,19,19,6,18,7,15,2,12,16,9,6,4,11,13,14,19,6,11,5,10,3,10,0,0,10,9,19,18,17,6,12,6,3,11,2,9,9,5,13,19,8,7,6,6,3,10,11,19,5,8,15,15,18,1,5,1,0,1,10,10,11,3,5,10,15,10,7,2,0,0,10,5,9,16,3,19,11,10,5,3,0,7,19,18,1,4,12,9,15,18,7,7,0,3,18,11,1,9,16,19,11,19,2,0,19,16,19,16,0,14,11,14,10,18,16,19,16,1,7,3,16,19,16,10,6,4,11,9,15,14,13,2,14,6,18,10,11,1,10,16,17,11,11,7,2,16,16,10,16,15,7,7,11,16,18,19,0,3,11,1,13,11,19,10,14,2,0,15,10,5,9,15,3,19,5,10,15,3,0,7,16,18,16,4,13,19,19,7,19,14,7,6,0,16,19,5,10,6,19,11,0,14,0,0,0,0,0,0,0,0,0,0,0,0,0,0,0,0,0,0",-0.86747843,0.7624589,3.0,0.0,117.90529,0.0,1.0,0.0,0.5376854,0.0,0.0,0.0,0.0,0.0046524843,0.7628886,0.5376854,17.989056,1.7477379,117.90529,-0.86747843,4.925769,264.18988,0.0,0.0,1.0,264.18988,0.07472994,0.23711137,17.989056,0.0046524843,0.0,0.7624589,0.0,1.7477379,4.925769,0.0,0.86747843,0.0,0.0,0.86747843,0.52587223,0.0,1.0,0.0,lookahead,fk_orig0_bm2-s0to75br0
/work/T-REX/external/Proteina-Complexa/inference/search_binder_local_pipeline_32_PDL1_ALPHA_REPACK_v7_r005_cand_v7r005_hyp_0005_00_001_a975a719abf41/job_0_n_232_id_8_fk_orig1_bm2-s0to75br0/job_0_n_232_id_8_fk_orig1_bm2-s0to75br0.pdb,33,"2,0,13,16,19,16,19,14,11,3,10,18,19,19,6,18,7,15,2,12,16,9,6,4,11,13,14,19,6,11,5,10,3,10,0,0,10,9,19,18,17,6,12,6,3,11,2,9,9,5,13,19,8,7,6,6,3,10,11,19,5,8,15,15,18,1,5,1,0,1,10,10,11,3,5,10,15,10,7,2,0,0,10,5,9,16,3,19,11,10,5,3,0,7,19,18,1,4,12,9,15,18,7,7,0,3,18,11,1,9,16,19,11,19,2,0,13,16,19,16,19,14,11,3,10,18,19,19,6,18,7,15,2,12,16,9,6,4,11,13,14,19,6,11,5,10,3,10,0,0,10,9,19,18,17,6,12,6,3,11,2,9,9,5,13,19,8,7,6,6,3,10,11,19,5,8,15,15,18,1,5,1,0,1,10,10,11,3,5,10,15,10,7,2,0,0,10,5,9,16,3,19,11,10,5,3,0,7,19,18,1,4,12,9,15,18,7,7,0,3,18,11,1,9,16,19,11,19,2,0,14,0",-0.5380977,0.30607843,3.0,0.03822097,65.35623,0.04032364,1.0,0.04032364,0.31795818,0.011939846,0.0,0.0,0.03822097,0.0026192805,0.8615093,0.31795818,5.174466,1.2877737,65.35623,-0.5380977,3.9533353,198.21277,0.011667889,0.036118302,1.0,198.21277,0.25285578,0.13849065,5.174466,0.0026192805,0.012211803,0.30607843,0.0,1.2877737,3.9533353,0.011667889,0.5380977,0.0,0.012211803,0.5380977,0.58158064,0.036118302,1.0,0.011939846,lookahead,fk_orig1_bm2-s0to75br0
/work/T-REX/external/Proteina-Complexa/inference/search_binder_local_pipeline_32_PDL1_ALPHA_REPACK_v7_r005_cand_v7r005_hyp_0005_00_001_a975a719abf41/job_0_n_196_id_8_fk_orig2_bm2-s0to75br0/job_0_n_196_id_8_fk_orig2_bm2-s0to75br0.pdb,34,"2,0,13,16,19,16,19,14,11,3,10,18,19,19,6,18,7,15,2,12,16,9,6,4,11,13,14,19,6,11,5,10,3,10,0,0,10,9,19,18,17,6,12,6,3,11,2,9,9,5,13,19,8,7,6,6,3,10,11,19,5,8,15,15,18,1,5,1,0,1,10,10,11,3,5,10,15,10,7,2,0,0,10,5,9,16,3,19,11,10,5,3,0,7,19,18,1,4,12,9,15,18,7,7,0,3,18,11,1,9,16,19,11,19,2,0,10,15,6,6,5,9,0,6,0,11,11,9,13,2,6,13,3,0,3,7,3,7,16,10,16,16,1,6,10,13,16,12,19,10,3,11,1,6,10,13,7,5,11,14,16,12,11,6,10,11,3,12,9,2,6,19,3,0,3,7,3,7,16,10,3,13,14,6,13,10,16,12,12,0,1,12,12,11,3,11,0,0,0,0,0,0,0,0,0,0,0,0,0,0,0,0,0,0,0,0,0,0,0,0,0,0,0,0,0,0,0,0,0,0,0,0",-0.6312462,0.42156532,3.0,0.006580146,122.78274,0.0076832734,1.0,0.0076832734,0.4414912,0.0,0.0,0.0,0.006580146,0.011222985,0.7044463,0.4414912,17.35454,2.2160325,122.78274,-0.6312462,4.136005,253.03752,0.0,0.005477018,1.0,253.03752,0.19803901,0.29555368,17.35454,0.011222985,0.0,0.42156532,0.0,2.2160325,4.136005,0.0,0.6312462,0.0,0.0,0.6312462,0.61359304,0.005477018,1.0,0.0,lookahead,fk_orig2_bm2-s0to75br0
/work/T-REX/external/Proteina-Complexa/inference/search_binder_local_pipeline_32_PDL1_ALPHA_REPACK_v7_r005_cand_v7r005_hyp_0005_00_001_a975a719abf41/job_0_n_177_id_8_fk_orig3_bm2-s0to75br0/job_0_n_177_id_8_fk_orig3_bm2-s0to75br0.pdb,35,"2,0,13,16,19,16,19,14,11,3,10,18,19,19,6,18,7,15,2,12,16,9,6,4,11,13,14,19,6,11,5,10,3,10,0,0,10,9,19,18,17,6,12,6,3,11,2,9,9,5,13,19,8,7,6,6,3,10,11,19,5,8,15,15,18,1,5,1,0,1,10,10,11,3,5,10,15,10,7,2,0,0,10,5,9,16,3,19,11,10,5,3,0,7,19,18,1,4,12,9,15,18,7,7,0,3,18,11,1,9,16,19,11,19,2,0,15,0,10,7,8,18,10,10,7,19,0,18,6,11,3,7,11,10,3,10,0,6,11,6,18,1,11,0,9,6,10,11,14,3,13,0,10,0,8,2,2,10,7,19,19,10,6,11,10,7,11,10,3,6,0,9,11,6,18,6,11,0,0,0,0,0,0,0,0,0,0,0,0,0,0,0,0,0,0,0,0,0,0,0,0,0,0,0,0,0,0,0,0,0,0,0,0,0,0,0,0,0,0,0,0,0,0,0,0,0,0,0,0,0,0,0",-0.38806754,0.2059098,3.0,0.10577729,107.70562,0.1265312,1.0,0.1265312,0.2772232,0.046261277,0.0,0.0,0.10577729,0.0013798192,0.88491607,0.2772232,11.578611,1.3000773,107.70562,-0.38806754,3.3226771,187.07251,0.042394917,0.085023396,1.0,187.07251,0.44527286,0.11508394,11.578611,0.0013798192,0.050127637,0.2059098,0.0,1.3000773,3.3226771,0.042394917,0.38806754,0.0,0.050127637,0.38806754,0.7429364,0.085023396,1.0,0.046261277,lookahead,fk_orig3_bm2-s0to75br0
/work/T-REX/external/Proteina-Complexa/inference/search_binder_local_pipeline_32_PDL1_ALPHA_REPACK_v7_r005_cand_v7r005_hyp_0005_00_001_a975a719abf41/job_0_n_214_id_9_fk_orig0_bm2-s0to75br1/job_0_n_214_id_9_fk_orig0_bm2-s0to75br1.pdb,36,"2,0,13,16,19,16,19,14,11,3,10,18,19,19,6,18,7,15,2,12,16,9,6,4,11,13,14,19,6,11,5,10,3,10,0,0,10,9,19,18,17,6,12,6,3,11,2,9,9,5,13,19,8,7,6,6,3,10,11,19,5,8,15,15,18,1,5,1,0,1,10,10,11,3,5,10,15,10,7,2,0,0,10,5,9,16,3,19,11,10,5,3,0,7,19,18,1,4,12,9,15,18,7,7,0,3,18,11,1,9,16,19,11,19,2,0,5,10,16,10,2,0,14,15,15,19,15,0,16,16,7,7,2,19,16,10,6,4,11,14,15,5,16,19,16,7,15,19,8,17,10,11,2,7,11,14,19,19,6,3,7,11,19,16,14,3,18,11,3,1,0,6,10,10,11,15,16,18,15,10,5,10,1,2,10,1,10,2,3,15,7,3,18,16,4,10,19,16,11,14,19,18,0,15,11,16,9,11,10,16,19,16,6,14,0,0,0,0,0,0,0,0,0,0,0,0,0,0,0,0,0,0",-0.55968904,0.30456227,3.0,0.027977519,123.4101,0.029578913,1.0,0.029578913,0.35202527,0.012647211,0.0,0.0,0.027977519,0.0029017827,0.8235925,0.35202527,24.057184,1.5437932,123.4101,-0.55968904,3.943675,221.2455,0.011962938,0.026376123,1.0,221.2455,0.22179464,0.17640752,24.057184,0.0029017827,0.013331483,0.30456227,0.0,1.5437932,3.943675,0.011962938,0.55968904,0.0,0.013331483,0.55968904,0.5880871,0.026376123,1.0,0.012647211,lookahead,fk_orig0_bm2-s0to75br1
/work/T-REX/external/Proteina-Complexa/inference/search_binder_local_pipeline_32_PDL1_ALPHA_REPACK_v7_r005_cand_v7r005_hyp_0005_00_001_a975a719abf41/job_0_n_232_id_9_fk_orig1_bm2-s0to75br1/job_0_n_232_id_9_fk_orig1_bm2-s0to75br1.pdb,37,"2,0,13,16,19,16,19,14,11,3,10,18,19,19,6,18,7,15,2,12,16,9,6,4,11,13,14,19,6,11,5,10,3,10,0,0,10,9,19,18,17,6,12,6,3,11,2,9,9,5,13,19,8,7,6,6,3,10,11,19,5,8,15,15,18,1,5,1,0,1,10,10,11,3,5,10,15,10,7,2,0,0,10,5,9,16,3,19,11,10,5,3,0,7,19,18,1,4,12,9,15,18,7,7,0,3,18,11,1,9,16,19,11,19,2,0,0,13,16,19,16,19,14,11,3,10,18,19,19,6,18,7,15,2,12,16,9,6,4,11,13,14,19,6,11,5,10,3,10,0,0,10,9,19,18,17,6,12,6,3,11,2,9,9,5,13,19,8,7,6,6,3,10,11,19,5,8,15,15,18,1,5,1,0,1,10,10,11,3,5,10,15,10,7,2,0,0,10,5,9,16,3,19,11,10,5,3,0,7,19,18,1,4,12,9,15,18,7,7,0,3,18,11,1,9,16,19,11,19,2,0,14",-0.52505684,0.29584637,3.0,0.04782953,60.369797,0.049784675,1.0,0.049784675,0.31025717,0.012259086,0.0,0.0,0.04782953,0.0021276125,0.8614891,0.31025717,4.286922,1.2852128,60.369797,-0.52505684,3.8961513,201.59203,0.011958988,0.045874383,1.0,201.59203,0.26567078,0.1385109,4.286922,0.0021276125,0.012559183,0.29584637,0.0,1.2852128,3.8961513,0.011958988,0.52505684,0.0,0.012559183,0.52505684,0.5879791,0.045874383,1.0,0.012259086,lookahead,fk_orig1_bm2-s0to75br1
/work/T-REX/external/Proteina-Complexa/inference/search_binder_local_pipeline_32_PDL1_ALPHA_REPACK_v7_r005_cand_v7r005_hyp_0005_00_001_a975a719abf41/job_0_n_196_id_9_fk_orig2_bm2-s0to75br1/job_0_n_196_id_9_fk_orig2_bm2-s0to75br1.pdb,38,"2,0,13,16,19,16,19,14,11,3,10,18,19,19,6,18,7,15,2,12,16,9,6,4,11,13,14,19,6,11,5,10,3,10,0,0,10,9,19,18,17,6,12,6,3,11,2,9,9,5,13,19,8,7,6,6,3,10,11,19,5,8,15,15,18,1,5,1,0,1,10,10,11,3,5,10,15,10,7,2,0,0,10,5,9,16,3,19,11,10,5,3,0,7,19,18,1,4,12,9,15,18,7,7,0,3,18,11,1,9,16,19,11,19,2,0,10,16,9,15,14,0,2,11,0,19,15,14,7,6,11,19,16,13,16,4,15,0,16,16,16,3,19,16,18,2,17,18,11,2,7,19,10,19,5,11,7,16,15,14,3,13,16,9,14,15,0,16,10,15,3,15,7,19,18,11,4,5,19,16,13,10,7,19,11,11,6,0,15,0,11,10,16,19,10,7,0,0,0,0,0,0,0,0,0,0,0,0,0,0,0,0,0,0,0,0,0,0,0,0,0,0,0,0,0,0,0,0,0,0,0,0",-0.8509945,0.6215556,3.0,0.0,121.79742,0.0,1.0,0.0,0.5519286,0.0,0.0,0.0,0.0,0.0022785016,0.80153495,0.5519286,7.9779897,1.5355484,121.79742,-0.8509945,5.1525874,174.17897,0.0,0.0,1.0,174.17897,0.078555584,0.19846503,7.9779897,0.0022785016,0.0,0.6215556,0.0,1.5355484,5.1525874,0.0,0.8509945,0.0,0.0,0.8509945,0.56035733,0.0,1.0,0.0,lookahead,fk_orig2_bm2-s0to75br1
/work/T-REX/external/Proteina-Complexa/inference/search_binder_local_pipeline_32_PDL1_ALPHA_REPACK_v7_r005_cand_v7r005_hyp_0005_00_001_a975a719abf41/job_0_n_177_id_9_fk_orig3_bm2-s0to75br1/job_0_n_177_id_9_fk_orig3_bm2-s0to75br1.pdb,39,"2,0,13,16,19,16,19,14,11,3,10,18,19,19,6,18,7,15,2,12,16,9,6,4,11,13,14,19,6,11,5,10,3,10,0,0,10,9,19,18,17,6,12,6,3,11,2,9,9,5,13,19,8,7,6,6,3,10,11,19,5,8,15,15,18,1,5,1,0,1,10,10,11,3,5,10,15,10,7,2,0,0,10,5,9,16,3,19,11,10,5,3,0,7,19,18,1,4,12,9,15,18,7,7,0,3,18,11,1,9,16,19,11,19,2,0,2,9,19,5,11,18,0,18,19,10,7,10,6,10,15,6,15,3,9,11,6,10,15,3,10,19,3,11,7,19,14,6,11,6,9,10,1,0,10,15,6,19,11,13,5,11,11,14,19,0,15,19,9,11,0,10,11,11,6,13,15,0,0,0,0,0,0,0,0,0,0,0,0,0,0,0,0,0,0,0,0,0,0,0,0,0,0,0,0,0,0,0,0,0,0,0,0,0,0,0,0,0,0,0,0,0,0,0,0,0,0,0,0,0,0,0",-0.19562368,0.08160314,3.0,0.39104605,40.114227,0.46129143,1.0,0.46129143,0.15337001,0.39104605,0.0,0.0,0.39104605,0.0013500609,0.91644436,0.15337001,1.9610649,1.5299497,40.114227,-0.19562368,2.3273895,161.83186,0.3208007,0.3208007,1.0,161.83186,0.72848386,0.08355563,1.9610649,0.0013500609,0.46129143,0.08160314,0.0,1.5299497,2.3273895,0.3208007,0.19562368,0.0,0.46129143,0.19562368,0.8465198,0.3208007,1.0,0.39104605,lookahead,fk_orig3_bm2-s0to75br1
/work/T-REX/external/Proteina-Complexa/inference/search_binder_local_pipeline_32_PDL1_ALPHA_REPACK_v7_r005_cand_v7r005_hyp_0005_00_001_a975a719abf41/job_0_n_214_id_10_fk_orig0_bm2-s0to75br2/job_0_n_214_id_10_fk_orig0_bm2-s0to75br2.pdb,40,"2,0,13,16,19,16,19,14,11,3,10,18,19,19,6,18,7,15,2,12,16,9,6,4,11,13,14,19,6,11,5,10,3,10,0,0,10,9,19,18,17,6,12,6,3,11,2,9,9,5,13,19,8,7,6,6,3,10,11,19,5,8,15,15,18,1,5,1,0,1,10,10,11,3,5,10,15,10,7,2,0,0,10,5,9,16,3,19,11,10,5,3,0,7,19,18,1,4,12,9,15,18,7,7,0,3,18,11,1,9,16,19,11,19,2,0,12,6,15,10,7,11,1,10,9,6,0,19,11,0,11,5,10,3,6,19,1,10,10,10,0,2,7,0,3,19,2,0,10,3,15,11,7,3,16,14,10,8,10,0,0,15,15,14,14,7,3,6,11,0,6,6,9,19,6,9,10,10,11,0,7,0,3,19,2,0,1,2,10,13,7,11,16,14,13,3,10,0,9,3,2,7,2,6,3,9,0,6,9,10,5,11,0,0,0,0,0,0,0,0,0,0,0,0,0,0,0,0,0,0,0,0",-0.48973286,0.2739056,3.0,0.07123248,49.614906,0.077966385,1.0,0.077966385,0.30239418,0.0135368975,0.0,0.0,0.07123248,0.0059237927,0.9041533,0.30239418,1.9630778,1.3043804,49.614906,-0.48973286,3.886545,180.00414,0.013088116,0.06449859,1.0,180.00414,0.35292417,0.095846735,1.9630778,0.0059237927,0.013985679,0.2739056,0.0,1.3043804,3.886545,0.013088116,0.48973286,0.0,0.013985679,0.48973286,0.64767736,0.06449859,1.0,0.0135368975,lookahead,fk_orig0_bm2-s0to75br2
/work/T-REX/external/Proteina-Complexa/inference/search_binder_local_pipeline_32_PDL1_ALPHA_REPACK_v7_r005_cand_v7r005_hyp_0005_00_001_a975a719abf41/job_0_n_232_id_10_fk_orig1_bm2-s0to75br2/job_0_n_232_id_10_fk_orig1_bm2-s0to75br2.pdb,41,"2,0,13,16,19,16,19,14,11,3,10,18,19,19,6,18,7,15,2,12,16,9,6,4,11,13,14,19,6,11,5,10,3,10,0,0,10,9,19,18,17,6,12,6,3,11,2,9,9,5,13,19,8,7,6,6,3,10,11,19,5,8,15,15,18,1,5,1,0,1,10,10,11,3,5,10,15,10,7,2,0,0,10,5,9,16,3,19,11,10,5,3,0,7,19,18,1,4,12,9,15,18,7,7,0,3,18,11,1,9,16,19,11,19,2,0,13,16,19,16,19,14,11,3,10,18,19,19,6,18,7,15,2,12,16,9,6,4,11,13,14,19,6,11,5,10,3,10,0,0,10,9,19,18,17,6,12,6,3,11,2,9,9,5,13,19,8,7,6,6,3,10,11,19,5,8,15,15,18,1,5,1,0,1,10,10,11,3,5,10,15,10,7,2,0,0,10,5,9,16,3,19,11,10,5,3,0,7,19,18,1,4,12,9,15,18,7,7,0,3,18,11,1,9,16,19,11,19,2,0,14,11",-0.53619486,0.30715048,3.0,0.041289568,56.78991,0.043026544,1.0,0.043026544,0.3181458,0.011862711,0.0,0.0,0.041289568,0.003789989,0.8597665,0.3181458,3.7853985,1.313446,56.78991,-0.53619486,3.946847,207.75461,0.01163153,0.03955259,1.0,207.75461,0.25772727,0.14023353,3.7853985,0.003789989,0.012093892,0.30715048,0.0,1.313446,3.946847,0.01163153,0.53619486,0.0,0.012093892,0.53619486,0.58307946,0.03955259,1.0,0.011862711,lookahead,fk_orig1_bm2-s0to75br2
/work/T-REX/external/Proteina-Complexa/inference/search_binder_local_pipeline_32_PDL1_ALPHA_REPACK_v7_r005_cand_v7r005_hyp_0005_00_001_a975a719abf41/job_0_n_196_id_10_fk_orig2_bm2-s0to75br2/job_0_n_196_id_10_fk_orig2_bm2-s0to75br2.pdb,42,"2,0,13,16,19,16,19,14,11,3,10,18,19,19,6,18,7,15,2,12,16,9,6,4,11,13,14,19,6,11,5,10,3,10,0,0,10,9,19,18,17,6,12,6,3,11,2,9,9,5,13,19,8,7,6,6,3,10,11,19,5,8,15,15,18,1,5,1,0,1,10,10,11,3,5,10,15,10,7,2,0,0,10,5,9,16,3,19,11,10,5,3,0,7,19,18,1,4,12,9,15,18,7,7,0,3,18,11,1,9,16,19,11,19,2,0,7,16,15,6,14,14,19,13,6,11,6,10,18,15,19,6,11,7,2,2,0,19,10,6,4,1,16,5,15,7,11,14,19,6,2,14,19,17,1,11,2,7,5,5,9,2,0,3,19,12,14,2,7,15,10,10,10,11,2,19,16,10,7,3,0,7,19,18,16,4,7,14,0,15,0,19,10,9,19,16,0,0,0,0,0,0,0,0,0,0,0,0,0,0,0,0,0,0,0,0,0,0,0,0,0,0,0,0,0,0,0,0,0,0,0,0",-0.586849,0.33953384,3.0,0.012781728,128.42676,0.015754135,1.0,0.015754135,0.3990023,0.006365286,0.0,0.0,0.012781728,0.026711473,0.77421844,0.3990023,21.346132,1.6038239,128.42676,-0.586849,3.9487724,278.2673,0.0,0.009809322,1.0,278.2673,0.19833106,0.22578155,21.346132,0.026711473,0.012730572,0.33953384,0.0,1.6038239,3.9487724,0.0,0.586849,0.0,0.012730572,0.586849,0.6140094,0.009809322,1.0,0.006365286,lookahead,fk_orig2_bm2-s0to75br2
/work/T-REX/external/Proteina-Complexa/inference/search_binder_local_pipeline_32_PDL1_ALPHA_REPACK_v7_r005_cand_v7r005_hyp_0005_00_001_a975a719abf41/job_0_n_177_id_10_fk_orig3_bm2-s0to75br2/job_0_n_177_id_10_fk_orig3_bm2-s0to75br2.pdb,43,"2,0,13,16,19,16,19,14,11,3,10,18,19,19,6,18,7,15,2,12,16,9,6,4,11,13,14,19,6,11,5,10,3,10,0,0,10,9,19,18,17,6,12,6,3,11,2,9,9,5,13,19,8,7,6,6,3,10,11,19,5,8,15,15,18,1,5,1,0,1,10,10,11,3,5,10,15,10,7,2,0,0,10,5,9,16,3,19,11,10,5,3,0,7,19,18,1,4,12,9,15,18,7,7,0,3,18,11,1,9,16,19,11,19,2,0,7,9,2,6,3,10,0,6,11,18,13,5,6,7,9,9,6,13,5,11,2,2,18,10,7,0,9,11,11,13,11,6,0,9,11,18,0,0,14,3,15,6,16,1,11,11,0,6,3,17,6,2,10,4,11,1,9,10,11,6,11,0,0,0,0,0,0,0,0,0,0,0,0,0,0,0,0,0,0,0,0,0,0,0,0,0,0,0,0,0,0,0,0,0,0,0,0,0,0,0,0,0,0,0,0,0,0,0,0,0,0,0,0,0,0,0",-0.39455652,0.1835679,3.0,0.10269206,30.813313,0.14171919,1.0,0.14171919,0.2835833,0.05705114,0.0,0.0,0.10269206,0.0022809077,0.8559999,0.2835833,2.1283245,1.2972438,30.813313,-0.39455652,3.0573163,175.35228,0.026349442,0.06366493,1.0,175.35228,0.4045987,0.14400011,2.1283245,0.0022809077,0.08775284,0.1835679,0.0,1.2972438,3.0573163,0.026349442,0.39455652,0.0,0.08775284,0.39455652,0.72196555,0.06366493,1.0,0.05705114,lookahead,fk_orig3_bm2-s0to75br2
/work/T-REX/external/Proteina-Complexa/inference/search_binder_local_pipeline_32_PDL1_ALPHA_REPACK_v7_r005_cand_v7r005_hyp_0005_00_001_a975a719abf41/job_0_n_214_id_11_fk_orig0_bm2-s0to75br3/job_0_n_214_id_11_fk_orig0_bm2-s0to75br3.pdb,44,"2,0,13,16,19,16,19,14,11,3,10,18,19,19,6,18,7,15,2,12,16,9,6,4,11,13,14,19,6,11,5,10,3,10,0,0,10,9,19,18,17,6,12,6,3,11,2,9,9,5,13,19,8,7,6,6,3,10,11,19,5,8,15,15,18,1,5,1,0,1,10,10,11,3,5,10,15,10,7,2,0,0,10,5,9,16,3,19,11,10,5,3,0,7,19,18,1,4,12,9,15,18,7,7,0,3,18,11,1,9,16,19,11,19,2,0,12,10,11,19,2,5,14,11,11,10,18,15,19,15,0,7,0,2,19,16,10,6,4,16,13,15,14,9,16,15,14,14,14,16,19,16,17,1,11,3,7,5,3,10,16,9,7,7,1,13,15,13,15,7,3,14,15,11,7,2,0,15,10,5,9,16,2,10,5,10,7,3,15,7,10,18,5,4,19,0,19,2,15,19,7,19,7,13,7,3,7,0,5,10,16,19,15,7,0,0,0,0,0,0,0,0,0,0,0,0,0,0,0,0,0,0",-0.526307,0.31291434,3.0,0.047781974,55.30167,0.051517434,1.0,0.051517434,0.33624604,0.011748228,0.0,0.0,0.047781974,0.0024204229,0.8513023,0.33624604,4.1012883,1.5177401,55.30167,-0.526307,4.041171,190.95914,0.011174251,0.04404651,1.0,190.95914,0.3200255,0.14869769,4.1012883,0.0024204229,0.012322205,0.31291434,0.0,1.5177401,4.041171,0.011174251,0.526307,0.0,0.012322205,0.526307,0.6381666,0.04404651,1.0,0.011748228,lookahead,fk_orig0_bm2-s0to75br3
/work/T-REX/external/Proteina-Complexa/inference/search_binder_local_pipeline_32_PDL1_ALPHA_REPACK_v7_r005_cand_v7r005_hyp_0005_00_001_a975a719abf41/job_0_n_232_id_11_fk_orig1_bm2-s0to75br3/job_0_n_232_id_11_fk_orig1_bm2-s0to75br3.pdb,45,"2,0,13,16,19,16,19,14,11,3,10,18,19,19,6,18,7,15,2,12,16,9,6,4,11,13,14,19,6,11,5,10,3,10,0,0,10,9,19,18,17,6,12,6,3,11,2,9,9,5,13,19,8,7,6,6,3,10,11,19,5,8,15,15,18,1,5,1,0,1,10,10,11,3,5,10,15,10,7,2,0,0,10,5,9,16,3,19,11,10,5,3,0,7,19,18,1,4,12,9,15,18,7,7,0,3,18,11,1,9,16,19,11,19,2,0,0,13,16,19,16,19,14,11,3,10,18,19,19,6,18,7,15,2,12,16,9,6,4,11,13,14,19,6,11,5,10,3,10,0,0,10,9,19,18,17,6,12,6,3,11,2,9,9,5,13,19,8,7,6,6,3,10,11,19,5,8,15,15,18,1,5,1,0,1,10,10,11,3,5,10,15,10,7,2,0,0,10,5,9,16,3,19,11,10,5,3,0,7,19,18,1,4,12,9,15,18,7,7,0,3,18,11,1,9,16,19,11,19,2,0,14",-0.5309272,0.30207318,3.0,0.044579454,55.71433,0.047076892,1.0,0.047076892,0.31284493,0.012252968,0.0,0.0,0.044579454,0.0021022635,0.8630266,0.31284493,4.322074,1.2808357,55.71433,-0.5309272,3.9125938,196.87303,0.01195541,0.042082015,1.0,196.87303,0.26148307,0.1369734,4.322074,0.0021022635,0.012550525,0.30207318,0.0,1.2808357,3.9125938,0.01195541,0.5309272,0.0,0.012550525,0.5309272,0.585966,0.042082015,1.0,0.012252968,lookahead,fk_orig1_bm2-s0to75br3
/work/T-REX/external/Proteina-Complexa/inference/search_binder_local_pipeline_32_PDL1_ALPHA_REPACK_v7_r005_cand_v7r005_hyp_0005_00_001_a975a719abf41/job_0_n_196_id_11_fk_orig2_bm2-s0to75br3/job_0_n_196_id_11_fk_orig2_bm2-s0to75br3.pdb,46,"2,0,13,16,19,16,19,14,11,3,10,18,19,19,6,18,7,15,2,12,16,9,6,4,11,13,14,19,6,11,5,10,3,10,0,0,10,9,19,18,17,6,12,6,3,11,2,9,9,5,13,19,8,7,6,6,3,10,11,19,5,8,15,15,18,1,5,1,0,1,10,10,11,3,5,10,15,10,7,2,0,0,10,5,9,16,3,19,11,10,5,3,0,7,19,18,1,4,12,9,15,18,7,7,0,3,18,11,1,9,16,19,11,19,2,0,18,6,9,7,6,3,16,11,3,3,19,11,10,13,5,13,15,18,7,10,3,19,3,7,9,0,7,19,11,16,5,11,0,19,2,16,19,10,11,11,10,7,11,3,14,19,14,19,3,7,9,13,7,11,6,16,6,0,0,19,1,13,10,19,6,10,10,11,5,11,11,9,15,7,7,14,9,14,10,3,0,0,0,0,0,0,0,0,0,0,0,0,0,0,0,0,0,0,0,0,0,0,0,0,0,0,0,0,0,0,0,0,0,0,0,0",-0.2134897,0.07183921,3.0,0.442223,59.961548,0.48908377,1.0,0.48908377,0.1691953,0.442223,0.0,0.0,0.442223,0.008482625,0.8852938,0.1691953,3.4214878,1.5674452,59.961548,-0.2134897,2.5309753,200.4185,0.39536223,0.39536223,1.0,200.4185,0.7446132,0.11470621,3.4214878,0.008482625,0.48908377,0.07183921,0.0,1.5674452,2.5309753,0.39536223,0.2134897,0.0,0.48908377,0.2134897,0.831612,0.39536223,1.0,0.442223,lookahead,fk_orig2_bm2-s0to75br3
/work/T-REX/external/Proteina-Complexa/inference/search_binder_local_pipeline_32_PDL1_ALPHA_REPACK_v7_r005_cand_v7r005_hyp_0005_00_001_a975a719abf41/job_0_n_177_id_11_fk_orig3_bm2-s0to75br3/job_0_n_177_id_11_fk_orig3_bm2-s0to75br3.pdb,47,"2,0,13,16,19,16,19,14,11,3,10,18,19,19,6,18,7,15,2,12,16,9,6,4,11,13,14,19,6,11,5,10,3,10,0,0,10,9,19,18,17,6,12,6,3,11,2,9,9,5,13,19,8,7,6,6,3,10,11,19,5,8,15,15,18,1,5,1,0,1,10,10,11,3,5,10,15,10,7,2,0,0,10,5,9,16,3,19,11,10,5,3,0,7,19,18,1,4,12,9,15,18,7,7,0,3,18,11,1,9,16,19,11,19,2,0,6,0,6,6,0,18,11,1,0,9,6,10,3,14,2,3,13,6,0,17,11,2,10,7,8,19,10,11,3,10,2,1,11,3,6,0,0,6,0,18,11,5,0,10,6,9,11,14,3,3,6,6,16,11,16,6,13,19,11,10,1,0,0,0,0,0,0,0,0,0,0,0,0,0,0,0,0,0,0,0,0,0,0,0,0,0,0,0,0,0,0,0,0,0,0,0,0,0,0,0,0,0,0,0,0,0,0,0,0,0,0,0,0,0,0,0",-0.6296014,0.36296126,3.0,0.0059511885,124.18497,0.0062897233,1.0,0.0062897233,0.43649182,0.0,0.0,0.0,0.0059511885,0.00447678,0.79477257,0.43649182,18.709959,1.3035547,124.18497,-0.6296014,4.003009,253.11783,0.0,0.0056126537,1.0,253.11783,0.18172945,0.20522743,18.709959,0.00447678,0.0,0.36296126,0.0,1.3035547,4.003009,0.0,0.6296014,0.0,0.0,0.6296014,0.6423603,0.0056126537,1.0,0.0,lookahead,fk_orig3_bm2-s0to75br3
/work/T-REX/external/Proteina-Complexa/inference/search_binder_local_pipeline_32_PDL1_ALPHA_REPACK_v7_r005_cand_v7r005_hyp_0005_00_001_a975a719abf41/job_0_n_214_id_12_fk_orig0_bm3-s0to75br0/job_0_n_214_id_12_fk_orig0_bm3-s0to75br0.pdb,48,"2,0,13,16,19,16,19,14,11,3,10,18,19,19,6,18,7,15,2,12,16,9,6,4,11,13,14,19,6,11,5,10,3,10,0,0,10,9,19,18,17,6,12,6,3,11,2,9,9,5,13,19,8,7,6,6,3,10,11,19,5,8,15,15,18,1,5,1,0,1,10,10,11,3,5,10,15,10,7,2,0,0,10,5,9,16,3,19,11,10,5,3,0,7,19,18,1,4,12,9,15,18,7,7,0,3,18,11,1,9,16,19,11,19,2,0,7,10,16,19,16,5,14,11,15,10,18,6,19,6,6,7,11,2,19,16,10,6,4,11,19,15,10,14,18,17,12,19,11,11,9,10,2,17,18,11,7,3,6,13,19,9,19,11,7,6,14,16,14,11,18,6,7,1,19,5,19,10,14,2,0,15,10,10,10,11,2,19,11,10,6,3,15,7,15,18,18,4,6,19,15,7,19,11,15,2,16,0,6,10,19,19,11,7,0,0,0,0,0,0,0,0,0,0,0,0,0,0,0,0,0,0",-0.26778573,0.10542782,3.0,0.2828945,56.627728,0.31602547,1.0,0.31602547,0.18230322,0.2828945,0.0,0.0,0.2828945,0.0013183203,0.94002384,0.18230322,1.8228228,1.2734358,56.627728,-0.26778573,4.2314906,148.68896,0.24976349,0.24976349,1.0,148.68896,0.6333778,0.059976157,1.8228228,0.0013183203,0.31602547,0.10542782,0.0,1.2734358,4.2314906,0.24976349,0.26778573,0.0,0.31602547,0.26778573,0.76587886,0.24976349,1.0,0.2828945,lookahead,fk_orig0_bm3-s0to75br0
/work/T-REX/external/Proteina-Complexa/inference/search_binder_local_pipeline_32_PDL1_ALPHA_REPACK_v7_r005_cand_v7r005_hyp_0005_00_001_a975a719abf41/job_0_n_232_id_12_fk_orig1_bm3-s0to75br0/job_0_n_232_id_12_fk_orig1_bm3-s0to75br0.pdb,49,"2,0,13,16,19,16,19,14,11,3,10,18,19,19,6,18,7,15,2,12,16,9,6,4,11,13,14,19,6,11,5,10,3,10,0,0,10,9,19,18,17,6,12,6,3,11,2,9,9,5,13,19,8,7,6,6,3,10,11,19,5,8,15,15,18,1,5,1,0,1,10,10,11,3,5,10,15,10,7,2,0,0,10,5,9,16,3,19,11,10,5,3,0,7,19,18,1,4,12,9,15,18,7,7,0,3,18,11,1,9,16,19,11,19,2,0,0,13,16,19,16,19,14,11,3,10,18,19,19,6,18,7,15,2,12,16,9,6,4,11,13,14,19,6,11,5,10,3,10,0,0,10,9,19,18,17,6,12,6,3,11,2,9,9,5,13,19,8,7,6,6,3,10,11,19,5,8,15,15,18,1,5,1,0,1,10,10,11,3,5,10,15,10,7,2,0,0,10,5,9,16,3,19,11,10,5,3,0,7,19,18,1,4,12,9,15,18,7,7,0,3,18,11,1,9,16,19,11,19,2,0,14",-0.5197552,0.28713858,3.0,0.04832115,70.61867,0.05046849,1.0,0.05046849,0.3071445,0.012795825,0.0,0.0,0.04832115,0.0020914,0.8615743,0.3071445,2.808799,1.2731223,70.61867,-0.5197552,3.8840377,209.55855,0.012746386,0.046173807,1.0,209.55855,0.26420102,0.13842574,2.808799,0.0020914,0.012845263,0.28713858,0.0,1.2731223,3.8840377,0.012746386,0.5197552,0.0,0.012845263,0.5197552,0.5864191,0.046173807,1.0,0.012795825,lookahead,fk_orig1_bm3-s0to75br0
/work/T-REX/external/Proteina-Complexa/inference/search_binder_local_pipeline_32_PDL1_ALPHA_REPACK_v7_r005_cand_v7r005_hyp_0005_00_001_a975a719abf41/job_0_n_196_id_12_fk_orig2_bm3-s0to75br0/job_0_n_196_id_12_fk_orig2_bm3-s0to75br0.pdb,50,"2,0,13,16,19,16,19,14,11,3,10,18,19,19,6,18,7,15,2,12,16,9,6,4,11,13,14,19,6,11,5,10,3,10,0,0,10,9,19,18,17,6,12,6,3,11,2,9,9,5,13,19,8,7,6,6,3,10,11,19,5,8,15,15,18,1,5,1,0,1,10,10,11,3,5,10,15,10,7,2,0,0,10,5,9,16,3,19,11,10,5,3,0,7,19,18,1,4,12,9,15,18,7,7,0,3,18,11,1,9,16,19,11,19,2,0,10,15,14,6,6,5,6,11,10,6,11,9,11,11,6,0,6,2,15,16,10,15,3,11,0,10,0,19,0,0,13,19,0,11,10,5,13,14,15,10,15,10,11,18,10,15,6,11,13,3,19,15,19,15,18,9,15,1,10,19,2,6,11,9,16,10,11,7,6,3,11,9,10,18,6,11,10,11,2,10,0,0,0,0,0,0,0,0,0,0,0,0,0,0,0,0,0,0,0,0,0,0,0,0,0,0,0,0,0,0,0,0,0,0,0,0",-0.7125749,0.56528306,3.0,0.0026143189,124.89788,0.0052286377,1.0,0.0052286377,0.45859626,0.0,0.0,0.0,0.0026143189,0.0022958033,0.8333566,0.45859626,15.218556,1.5909554,124.89788,-0.7125749,4.4911456,260.58633,0.0,0.0,1.0,260.58633,0.16427706,0.16664337,15.218556,0.0022958033,0.0,0.56528306,0.0,1.5909554,4.4911456,0.0,0.7125749,0.0,0.0,0.7125749,0.5941111,0.0,1.0,0.0,lookahead,fk_orig2_bm3-s0to75br0
/work/T-REX/external/Proteina-Complexa/inference/search_binder_local_pipeline_32_PDL1_ALPHA_REPACK_v7_r005_cand_v7r005_hyp_0005_00_001_a975a719abf41/job_0_n_177_id_12_fk_orig3_bm3-s0to75br0/job_0_n_177_id_12_fk_orig3_bm3-s0to75br0.pdb,51,"2,0,13,16,19,16,19,14,11,3,10,18,19,19,6,18,7,15,2,12,16,9,6,4,11,13,14,19,6,11,5,10,3,10,0,0,10,9,19,18,17,6,12,6,3,11,2,9,9,5,13,19,8,7,6,6,3,10,11,19,5,8,15,15,18,1,5,1,0,1,10,10,11,3,5,10,15,10,7,2,0,0,10,5,9,16,3,19,11,10,5,3,0,7,19,18,1,4,12,9,15,18,7,7,0,3,18,11,1,9,16,19,11,19,2,0,10,16,3,6,6,19,6,0,9,9,5,2,13,10,5,18,14,15,6,7,2,10,6,17,10,1,1,9,11,3,6,1,0,19,6,14,10,1,6,0,10,11,1,14,3,10,14,3,8,10,11,19,11,0,1,0,10,10,11,6,10,0,0,0,0,0,0,0,0,0,0,0,0,0,0,0,0,0,0,0,0,0,0,0,0,0,0,0,0,0,0,0,0,0,0,0,0,0,0,0,0,0,0,0,0,0,0,0,0,0,0,0,0,0,0,0",-0.49509603,0.30358756,3.0,0.033913486,114.91496,0.038412917,1.0,0.038412917,0.35072815,0.012901831,0.0,0.0,0.033913486,0.002508788,0.7474744,0.35072815,8.256762,1.6848679,114.91496,-0.49509603,3.57869,215.30536,0.011941354,0.029414058,1.0,215.30536,0.27065414,0.25252563,8.256762,0.002508788,0.01386231,0.30358756,0.0,1.6848679,3.57869,0.011941354,0.49509603,0.0,0.01386231,0.49509603,0.67653155,0.029414058,1.0,0.012901831,lookahead,fk_orig3_bm3-s0to75br0
/work/T-REX/external/Proteina-Complexa/inference/search_binder_local_pipeline_32_PDL1_ALPHA_REPACK_v7_r005_cand_v7r005_hyp_0005_00_001_a975a719abf41/job_0_n_214_id_13_fk_orig0_bm3-s0to75br1/job_0_n_214_id_13_fk_orig0_bm3-s0to75br1.pdb,52,"2,0,13,16,19,16,19,14,11,3,10,18,19,19,6,18,7,15,2,12,16,9,6,4,11,13,14,19,6,11,5,10,3,10,0,0,10,9,19,18,17,6,12,6,3,11,2,9,9,5,13,19,8,7,6,6,3,10,11,19,5,8,15,15,18,1,5,1,0,1,10,10,11,3,5,10,15,10,7,2,0,0,10,5,9,16,3,19,11,10,5,3,0,7,19,18,1,4,12,9,15,18,7,7,0,3,18,11,1,9,16,19,11,19,2,0,1,14,7,19,17,14,10,11,3,15,18,16,19,11,1,7,2,16,0,16,10,16,4,1,18,10,0,3,14,14,14,16,15,9,1,17,13,11,3,7,5,6,9,11,14,15,3,1,13,5,13,15,16,3,10,0,11,5,16,16,15,10,9,9,11,2,0,5,10,15,3,15,7,9,18,5,4,5,19,6,2,15,10,7,15,15,16,15,15,7,0,15,10,16,19,19,14,14,0,0,0,0,0,0,0,0,0,0,0,0,0,0,0,0,0,0",-0.42331716,0.23780456,3.0,0.102491274,68.75313,0.11455808,1.0,0.11455808,0.26859957,0.017341647,0.0,0.0,0.102491274,0.0015621891,0.89684755,0.26859957,7.5771446,1.3212674,68.75313,-0.42331716,3.8948598,181.42694,0.013924245,0.09042448,1.0,181.42694,0.3674531,0.10315247,7.5771446,0.0015621891,0.020759052,0.23780456,0.0,1.3212674,3.8948598,0.013924245,0.42331716,0.0,0.020759052,0.42331716,0.6569643,0.09042448,1.0,0.017341647,lookahead,fk_orig0_bm3-s0to75br1
/work/T-REX/external/Proteina-Complexa/inference/search_binder_local_pipeline_32_PDL1_ALPHA_REPACK_v7_r005_cand_v7r005_hyp_0005_00_001_a975a719abf41/job_0_n_232_id_13_fk_orig1_bm3-s0to75br1/job_0_n_232_id_13_fk_orig1_bm3-s0to75br1.pdb,53,"2,0,13,16,19,16,19,14,11,3,10,18,19,19,6,18,7,15,2,12,16,9,6,4,11,13,14,19,6,11,5,10,3,10,0,0,10,9,19,18,17,6,12,6,3,11,2,9,9,5,13,19,8,7,6,6,3,10,11,19,5,8,15,15,18,1,5,1,0,1,10,10,11,3,5,10,15,10,7,2,0,0,10,5,9,16,3,19,11,10,5,3,0,7,19,18,1,4,12,9,15,18,7,7,0,3,18,11,1,9,16,19,11,19,2,0,0,13,16,19,16,19,14,11,3,10,18,19,19,6,18,7,15,2,12,16,9,6,4,11,13,14,19,6,11,5,10,3,10,0,0,10,9,19,18,17,6,12,6,3,11,2,9,9,5,13,19,8,7,6,6,3,10,11,19,5,8,15,15,18,1,5,1,0,1,10,10,11,3,5,10,15,10,7,2,0,0,10,5,9,16,3,19,11,10,5,3,0,7,19,18,1,4,12,9,15,18,7,7,0,3,18,11,1,9,16,19,11,19,2,0,14",-0.52961254,0.28902856,3.0,0.041702792,102.56962,0.04270618,1.0,0.04270618,0.31077787,0.013415771,0.0,0.0,0.041702792,0.001977367,0.8659675,0.31077787,8.410362,1.2634319,102.56962,-0.52961254,3.8472402,202.58167,0.0129683195,0.0406994,1.0,202.58167,0.25634998,0.13403247,8.410362,0.001977367,0.013863221,0.28902856,0.0,1.2634319,3.8472402,0.0129683195,0.52961254,0.0,0.013863221,0.52961254,0.585696,0.0406994,1.0,0.013415771,lookahead,fk_orig1_bm3-s0to75br1
/work/T-REX/external/Proteina-Complexa/inference/search_binder_local_pipeline_32_PDL1_ALPHA_REPACK_v7_r005_cand_v7r005_hyp_0005_00_001_a975a719abf41/job_0_n_196_id_13_fk_orig2_bm3-s0to75br1/job_0_n_196_id_13_fk_orig2_bm3-s0to75br1.pdb,54,"2,0,13,16,19,16,19,14,11,3,10,18,19,19,6,18,7,15,2,12,16,9,6,4,11,13,14,19,6,11,5,10,3,10,0,0,10,9,19,18,17,6,12,6,3,11,2,9,9,5,13,19,8,7,6,6,3,10,11,19,5,8,15,15,18,1,5,1,0,1,10,10,11,3,5,10,15,10,7,2,0,0,10,5,9,16,3,19,11,10,5,3,0,7,19,18,1,4,12,9,15,18,7,7,0,3,18,11,1,9,16,19,11,19,2,0,15,15,9,3,13,13,16,11,11,10,6,11,2,14,6,3,0,15,0,18,10,13,1,7,10,0,18,11,6,6,11,2,18,3,10,0,9,11,3,18,16,1,18,9,6,10,11,14,6,3,14,5,19,0,0,0,18,10,6,1,7,2,0,18,11,6,10,11,2,18,3,10,0,9,11,3,18,6,11,0,0,0,0,0,0,0,0,0,0,0,0,0,0,0,0,0,0,0,0,0,0,0,0,0,0,0,0,0,0,0,0,0,0,0,0,0",-0.2670161,0.119120084,3.0,0.2606587,38.478302,0.30738354,1.0,0.30738354,0.18695812,0.26024014,0.0,0.0,0.2606587,0.0015986733,0.89868546,0.18695812,2.0195475,1.3407764,38.478302,-0.2670161,2.6851144,176.09085,0.21393387,0.21393387,1.0,176.09085,0.58600163,0.10131454,2.0195475,0.0015986733,0.30654642,0.119120084,0.0,1.3407764,2.6851144,0.21393387,0.2670161,0.0,0.30654642,0.2670161,0.76891017,0.21393387,1.0,0.26024014,lookahead,fk_orig2_bm3-s0to75br1
/work/T-REX/external/Proteina-Complexa/inference/search_binder_local_pipeline_32_PDL1_ALPHA_REPACK_v7_r005_cand_v7r005_hyp_0005_00_001_a975a719abf41/job_0_n_177_id_13_fk_orig3_bm3-s0to75br1/job_0_n_177_id_13_fk_orig3_bm3-s0to75br1.pdb,55,"2,0,13,16,19,16,19,14,11,3,10,18,19,19,6,18,7,15,2,12,16,9,6,4,11,13,14,19,6,11,5,10,3,10,0,0,10,9,19,18,17,6,12,6,3,11,2,9,9,5,13,19,8,7,6,6,3,10,11,19,5,8,15,15,18,1,5,1,0,1,10,10,11,3,5,10,15,10,7,2,0,0,10,5,9,16,3,19,11,10,5,3,0,7,19,18,1,4,12,9,15,18,7,7,0,3,18,11,1,9,16,19,11,19,2,0,9,9,3,16,18,2,2,10,7,2,19,18,13,15,10,7,2,18,3,6,0,10,11,0,18,5,6,0,10,11,5,10,6,11,2,11,15,11,13,8,14,0,16,10,16,9,10,6,3,11,18,11,16,2,9,0,0,4,5,6,0,0,0,0,0,0,0,0,0,0,0,0,0,0,0,0,0,0,0,0,0,0,0,0,0,0,0,0,0,0,0,0,0,0,0,0,0,0,0,0,0,0,0,0,0,0,0,0,0,0,0,0,0,0,0,0",-0.6351194,0.439294,3.0,0.005884519,63.84597,0.0059829364,1.0,0.0059829364,0.44899735,0.0,0.0,0.0,0.005884519,0.0028503176,0.74090093,0.44899735,7.991036,1.7699485,63.84597,-0.6351194,3.9594977,214.2634,0.0,0.005786102,1.0,214.2634,0.1745921,0.25909907,7.991036,0.0028503176,0.0,0.439294,0.0,1.7699485,3.9594977,0.0,0.6351194,0.0,0.0,0.6351194,0.64783704,0.005786102,1.0,0.0,lookahead,fk_orig3_bm3-s0to75br1
/work/T-REX/external/Proteina-Complexa/inference/search_binder_local_pipeline_32_PDL1_ALPHA_REPACK_v7_r005_cand_v7r005_hyp_0005_00_001_a975a719abf41/job_0_n_214_id_14_fk_orig0_bm3-s0to75br2/job_0_n_214_id_14_fk_orig0_bm3-s0to75br2.pdb,56,"2,0,13,16,19,16,19,14,11,3,10,18,19,19,6,18,7,15,2,12,16,9,6,4,11,13,14,19,6,11,5,10,3,10,0,0,10,9,19,18,17,6,12,6,3,11,2,9,9,5,13,19,8,7,6,6,3,10,11,19,5,8,15,15,18,1,5,1,0,1,10,10,11,3,5,10,15,10,7,2,0,0,10,5,9,16,3,19,11,10,5,3,0,7,19,18,1,4,12,9,15,18,7,7,0,3,18,11,1,9,16,19,11,19,2,0,15,13,13,16,5,5,14,5,15,19,15,19,15,6,7,6,2,0,16,10,15,4,11,19,6,2,10,6,15,19,11,17,18,11,10,3,6,6,16,11,11,10,19,3,9,16,2,15,15,3,1,13,11,19,10,2,11,2,7,2,0,15,10,5,9,16,3,16,11,19,6,3,15,7,16,18,18,4,5,7,16,15,11,7,10,16,0,13,15,15,7,0,11,10,16,19,11,0,0,0,0,0,0,0,0,0,0,0,0,0,0,0,0,0,0,0",-0.6834611,0.43364242,3.0,0.0051948586,132.47017,0.005436422,1.0,0.005436422,0.42006794,0.0,0.0,0.0,0.0051948586,0.006223896,0.8244899,0.42006794,15.251977,1.4893948,132.47017,-0.6834611,4.4766116,219.36917,0.0,0.004953296,1.0,219.36917,0.15257888,0.17551012,15.251977,0.006223896,0.0,0.43364242,0.0,1.4893948,4.4766116,0.0,0.6834611,0.0,0.0,0.6834611,0.550215,0.004953296,1.0,0.0,lookahead,fk_orig0_bm3-s0to75br2
/work/T-REX/external/Proteina-Complexa/inference/search_binder_local_pipeline_32_PDL1_ALPHA_REPACK_v7_r005_cand_v7r005_hyp_0005_00_001_a975a719abf41/job_0_n_232_id_14_fk_orig1_bm3-s0to75br2/job_0_n_232_id_14_fk_orig1_bm3-s0to75br2.pdb,57,"2,0,13,16,19,16,19,14,11,3,10,18,19,19,6,18,7,15,2,12,16,9,6,4,11,13,14,19,6,11,5,10,3,10,0,0,10,9,19,18,17,6,12,6,3,11,2,9,9,5,13,19,8,7,6,6,3,10,11,19,5,8,15,15,18,1,5,1,0,1,10,10,11,3,5,10,15,10,7,2,0,0,10,5,9,16,3,19,11,10,5,3,0,7,19,18,1,4,12,9,15,18,7,7,0,3,18,11,1,9,16,19,11,19,2,0,2,0,13,16,19,16,19,14,11,3,10,18,19,19,6,18,7,15,2,12,16,9,6,4,11,13,14,19,6,11,5,10,3,10,0,0,10,9,19,18,17,6,12,6,3,11,2,9,9,5,13,19,8,7,6,6,3,10,11,19,5,8,15,15,18,1,5,1,0,1,10,10,11,3,5,10,15,10,7,2,0,0,10,5,9,16,3,19,11,10,5,3,0,7,19,18,1,4,12,9,15,18,7,7,0,3,18,11,1,9,16,19,11,19,2,0",-0.5307135,0.3005926,3.0,0.043958627,70.50312,0.048178256,1.0,0.048178256,0.31376886,0.012219999,0.0,0.0,0.043958627,0.0025279229,0.8592061,0.31376886,3.0147274,1.288913,70.50312,-0.5307135,3.8918376,215.7763,0.011946173,0.039739,1.0,215.7763,0.25992447,0.14079392,3.0147274,0.0025279229,0.012493825,0.3005926,0.0,1.288913,3.8918376,0.011946173,0.5307135,0.0,0.012493825,0.5307135,0.5839089,0.039739,1.0,0.012219999,lookahead,fk_orig1_bm3-s0to75br2
/work/T-REX/external/Proteina-Complexa/inference/search_binder_local_pipeline_32_PDL1_ALPHA_REPACK_v7_r005_cand_v7r005_hyp_0005_00_001_a975a719abf41/job_0_n_196_id_14_fk_orig2_bm3-s0to75br2/job_0_n_196_id_14_fk_orig2_bm3-s0to75br2.pdb,58,"2,0,13,16,19,16,19,14,11,3,10,18,19,19,6,18,7,15,2,12,16,9,6,4,11,13,14,19,6,11,5,10,3,10,0,0,10,9,19,18,17,6,12,6,3,11,2,9,9,5,13,19,8,7,6,6,3,10,11,19,5,8,15,15,18,1,5,1,0,1,10,10,11,3,5,10,15,10,7,2,0,0,10,5,9,16,3,19,11,10,5,3,0,7,19,18,1,4,12,9,15,18,7,7,0,3,18,11,1,9,16,19,11,19,2,0,10,3,6,0,0,6,0,18,11,1,0,9,6,10,3,14,2,3,0,6,0,17,11,5,10,7,11,19,18,5,11,10,2,1,10,3,6,0,0,11,0,18,11,6,0,9,1,10,11,14,2,3,0,6,0,17,11,5,10,7,19,19,18,12,11,10,7,11,13,3,6,0,7,11,0,17,3,6,0,11,0,0,0,0,0,0,0,0,0,0,0,0,0,0,0,0,0,0,0,0,0,0,0,0,0,0,0,0,0,0,0,0,0,0,0,0",-0.3525013,0.17763254,3.0,0.14793292,58.859253,0.16339245,1.0,0.16339245,0.23557259,0.10835765,0.0,0.0,0.14793292,0.0012282775,0.9170091,0.23557259,4.92504,1.2271254,58.859253,-0.3525013,3.5492866,152.25418,0.10167085,0.1324734,1.0,152.25418,0.47857082,0.0829909,4.92504,0.0012282775,0.11504446,0.17763254,0.0,1.2271254,3.5492866,0.10167085,0.3525013,0.0,0.11504446,0.3525013,0.72659206,0.1324734,1.0,0.10835765,lookahead,fk_orig2_bm3-s0to75br2
/work/T-REX/external/Proteina-Complexa/inference/search_binder_local_pipeline_32_PDL1_ALPHA_REPACK_v7_r005_cand_v7r005_hyp_0005_00_001_a975a719abf41/job_0_n_177_id_14_fk_orig3_bm3-s0to75br2/job_0_n_177_id_14_fk_orig3_bm3-s0to75br2.pdb,59,"2,0,13,16,19,16,19,14,11,3,10,18,19,19,6,18,7,15,2,12,16,9,6,4,11,13,14,19,6,11,5,10,3,10,0,0,10,9,19,18,17,6,12,6,3,11,2,9,9,5,13,19,8,7,6,6,3,10,11,19,5,8,15,15,18,1,5,1,0,1,10,10,11,3,5,10,15,10,7,2,0,0,10,5,9,16,3,19,11,10,5,3,0,7,19,18,1,4,12,9,15,18,7,7,0,3,18,11,1,9,16,19,11,19,2,0,15,6,19,5,10,0,1,8,5,11,5,19,11,3,10,19,11,0,19,19,6,3,14,15,6,6,2,1,5,11,10,19,7,16,10,6,13,18,1,16,19,10,8,19,14,19,11,8,10,19,16,17,9,11,12,0,10,6,6,10,7,0,0,0,0,0,0,0,0,0,0,0,0,0,0,0,0,0,0,0,0,0,0,0,0,0,0,0,0,0,0,0,0,0,0,0,0,0,0,0,0,0,0,0,0,0,0,0,0,0,0,0,0,0,0,0",-0.5014216,0.26767626,3.0,0.03470511,114.98915,0.042118866,1.0,0.042118866,0.35842013,0.013990313,0.0,0.0,0.03470511,0.003623729,0.7717605,0.35842013,16.446703,1.7047678,114.98915,-0.5014216,3.5712562,219.94673,0.013687536,0.027291358,1.0,219.94673,0.26129192,0.22823948,16.446703,0.003623729,0.0142930895,0.26767626,0.0,1.7047678,3.5712562,0.013687536,0.5014216,0.0,0.0142930895,0.5014216,0.673378,0.027291358,1.0,0.013990313,lookahead,fk_orig3_bm3-s0to75br2
/work/T-REX/external/Proteina-Complexa/inference/search_binder_local_pipeline_32_PDL1_ALPHA_REPACK_v7_r005_cand_v7r005_hyp_0005_00_001_a975a719abf41/job_0_n_214_id_15_fk_orig0_bm3-s0to75br3/job_0_n_214_id_15_fk_orig0_bm3-s0to75br3.pdb,60,"2,0,13,16,19,16,19,14,11,3,10,18,19,19,6,18,7,15,2,12,16,9,6,4,11,13,14,19,6,11,5,10,3,10,0,0,10,9,19,18,17,6,12,6,3,11,2,9,9,5,13,19,8,7,6,6,3,10,11,19,5,8,15,15,18,1,5,1,0,1,10,10,11,3,5,10,15,10,7,2,0,0,10,5,9,16,3,19,11,10,5,3,0,7,19,18,1,4,12,9,15,18,7,7,0,3,18,11,1,9,16,19,11,19,2,0,15,15,19,16,0,16,6,7,15,15,19,16,10,3,4,7,19,16,2,14,19,15,19,19,17,11,11,5,19,2,3,11,3,19,15,19,10,15,15,15,6,15,7,16,6,6,13,6,14,13,11,7,1,13,2,10,2,11,15,3,7,15,10,16,9,15,3,10,11,14,16,3,15,7,9,18,19,4,10,0,2,19,2,7,11,10,19,3,11,11,9,5,10,16,19,16,10,14,0,0,0,0,0,0,0,0,0,0,0,0,0,0,0,0,0,0",-0.1873652,0.05461988,3.0,0.5536001,55.885593,0.5705256,1.0,0.5705256,0.14612368,0.5536001,0.0,0.0,0.5536001,0.002522418,0.92622554,0.14612368,2.3203418,1.4118893,55.885593,-0.1873652,3.007874,181.20982,0.53667456,0.53667456,1.0,181.20982,0.79181796,0.07377443,2.3203418,0.002522418,0.5705256,0.05461988,0.0,1.4118893,3.007874,0.53667456,0.1873652,0.0,0.5705256,0.1873652,0.85646427,0.53667456,1.0,0.5536001,lookahead,fk_orig0_bm3-s0to75br3
/work/T-REX/external/Proteina-Complexa/inference/search_binder_local_pipeline_32_PDL1_ALPHA_REPACK_v7_r005_cand_v7r005_hyp_0005_00_001_a975a719abf41/job_0_n_232_id_15_fk_orig1_bm3-s0to75br3/job_0_n_232_id_15_fk_orig1_bm3-s0to75br3.pdb,61,"2,0,13,16,19,16,19,14,11,3,10,18,19,19,6,18,7,15,2,12,16,9,6,4,11,13,14,19,6,11,5,10,3,10,0,0,10,9,19,18,17,6,12,6,3,11,2,9,9,5,13,19,8,7,6,6,3,10,11,19,5,8,15,15,18,1,5,1,0,1,10,10,11,3,5,10,15,10,7,2,0,0,10,5,9,16,3,19,11,10,5,3,0,7,19,18,1,4,12,9,15,18,7,7,0,3,18,11,1,9,16,19,11,19,2,0,0,13,16,19,16,19,14,11,3,10,18,19,19,6,18,7,15,2,12,16,9,6,4,11,13,14,19,6,11,5,10,3,10,0,0,10,9,19,18,17,6,12,6,3,11,2,9,9,5,13,19,8,7,6,6,3,10,11,19,5,8,15,15,18,1,5,1,0,1,10,10,11,3,5,10,15,10,7,2,0,0,10,5,9,16,3,19,11,10,5,3,0,7,19,18,1,4,12,9,15,18,7,7,0,3,18,11,1,9,16,19,11,19,2,0,14",-0.5228464,0.29289958,3.0,0.047105085,59.57928,0.04880599,1.0,0.04880599,0.30862585,0.012684077,0.0,0.0,0.047105085,0.0020581956,0.8624013,0.30862585,2.4978642,1.2701714,59.57928,-0.5228464,3.8927407,199.71474,0.012231259,0.04540418,1.0,199.71474,0.26274985,0.13759868,2.4978642,0.0020581956,0.013136894,0.29289958,0.0,1.2701714,3.8927407,0.012231259,0.5228464,0.0,0.013136894,0.5228464,0.5861509,0.04540418,1.0,0.012684077,lookahead,fk_orig1_bm3-s0to75br3
/work/T-REX/external/Proteina-Complexa/inference/search_binder_local_pipeline_32_PDL1_ALPHA_REPACK_v7_r005_cand_v7r005_hyp_0005_00_001_a975a719abf41/job_0_n_196_id_15_fk_orig2_bm3-s0to75br3/job_0_n_196_id_15_fk_orig2_bm3-s0to75br3.pdb,62,"2,0,13,16,19,16,19,14,11,3,10,18,19,19,6,18,7,15,2,12,16,9,6,4,11,13,14,19,6,11,5,10,3,10,0,0,10,9,19,18,17,6,12,6,3,11,2,9,9,5,13,19,8,7,6,6,3,10,11,19,5,8,15,15,18,1,5,1,0,1,10,10,11,3,5,10,15,10,7,2,0,0,10,5,9,16,3,19,11,10,5,3,0,7,19,18,1,4,12,9,15,18,7,7,0,3,18,11,1,9,16,19,11,19,2,0,16,16,10,2,2,10,7,0,19,18,8,15,5,7,11,10,3,6,0,6,11,15,18,10,1,0,9,6,10,7,11,11,0,10,6,10,3,14,1,3,6,11,0,1,11,0,10,0,16,0,15,2,2,10,7,19,19,18,8,15,5,7,11,10,3,6,0,0,11,12,18,3,10,0,1,13,18,11,14,3,0,0,0,0,0,0,0,0,0,0,0,0,0,0,0,0,0,0,0,0,0,0,0,0,0,0,0,0,0,0,0,0,0,0,0,0",-0.6165003,0.43376607,3.0,0.007249022,116.93788,0.00918006,1.0,0.00918006,0.40145054,0.0,0.0,0.0,0.007249022,0.0037773952,0.80552673,0.40145054,13.150098,1.473101,116.93788,-0.6165003,4.1709857,212.61858,0.0,0.0053179846,1.0,212.61858,0.20673405,0.19447328,13.150098,0.0037773952,0.0,0.43376607,0.0,1.473101,4.1709857,0.0,0.6165003,0.0,0.0,0.6165003,0.61338687,0.0053179846,1.0,0.0,lookahead,fk_orig2_bm3-s0to75br3
/work/T-REX/external/Proteina-Complexa/inference/search_binder_local_pipeline_32_PDL1_ALPHA_REPACK_v7_r005_cand_v7r005_hyp_0005_00_001_a975a719abf41/job_0_n_177_id_15_fk_orig3_bm3-s0to75br3/job_0_n_177_id_15_fk_orig3_bm3-s0to75br3.pdb,63,"2,0,13,16,19,16,19,14,11,3,10,18,19,19,6,18,7,15,2,12,16,9,6,4,11,13,14,19,6,11,5,10,3,10,0,0,10,9,19,18,17,6,12,6,3,11,2,9,9,5,13,19,8,7,6,6,3,10,11,19,5,8,15,15,18,1,5,1,0,1,10,10,11,3,5,10,15,10,7,2,0,0,10,5,9,16,3,19,11,10,5,3,0,7,19,18,1,4,12,9,15,18,7,7,0,3,18,11,1,9,16,19,11,19,2,0,12,14,11,6,13,10,16,16,9,14,7,19,7,14,19,10,0,5,11,10,9,2,0,7,13,16,16,10,3,12,9,1,2,0,16,14,6,6,10,0,11,19,6,7,9,7,5,7,10,0,6,8,9,19,2,0,19,11,7,18,5,0,0,0,0,0,0,0,0,0,0,0,0,0,0,0,0,0,0,0,0,0,0,0,0,0,0,0,0,0,0,0,0,0,0,0,0,0,0,0,0,0,0,0,0,0,0,0,0,0,0,0,0,0,0,0",-0.3400676,0.17006092,3.0,0.13893102,127.25421,0.16493443,1.0,0.16493443,0.26710892,0.12286779,0.0,0.0,0.13893102,0.0073474525,0.77836776,0.26710892,16.184265,1.9225094,127.25421,-0.3400676,3.023082,294.10492,0.106611736,0.11292762,1.0,294.10492,0.49812555,0.22163226,16.184265,0.0073474525,0.13912386,0.17006092,0.0,1.9225094,3.023082,0.106611736,0.3400676,0.0,0.13912386,0.3400676,0.761289,0.11292762,1.0,0.12286779,lookahead,fk_orig3_bm3-s0to75br3
/work/T-REX/external/Proteina-Complexa/inference/search_binder_local_pipeline_32_PDL1_ALPHA_REPACK_v7_r005_cand_v7r005_hyp_0005_00_001_a975a719abf41/job_0_n_214_id_16_fk_orig0_bm0-s0to75br3-s75to150br0/job_0_n_214_id_16_fk_orig0_bm0-s0to75br3-s75to150br0.pdb,64,"2,0,13,16,19,16,19,14,11,3,10,18,19,19,6,18,7,15,2,12,16,9,6,4,11,13,14,19,6,11,5,10,3,10,0,0,10,9,19,18,17,6,12,6,3,11,2,9,9,5,13,19,8,7,6,6,3,10,11,19,5,8,15,15,18,1,5,1,0,1,10,10,11,3,5,10,15,10,7,2,0,0,10,5,9,16,3,19,11,10,5,3,0,7,19,18,1,4,12,9,15,18,7,7,0,3,18,11,1,9,16,19,11,19,2,0,16,10,11,10,2,7,11,14,10,14,2,0,11,10,16,15,9,2,11,11,16,18,16,0,3,3,2,7,6,10,16,19,3,6,10,0,16,7,10,18,10,10,15,15,3,5,10,15,0,4,15,15,0,16,19,16,9,16,2,16,16,16,7,6,15,5,16,10,15,0,16,18,3,15,6,5,11,0,17,10,13,7,19,16,11,16,13,11,16,3,19,15,9,3,9,19,4,5,0,0,0,0,0,0,0,0,0,0,0,0,0,0,0,0,0,0",-0.22041233,0.07092499,3.0,0.4631776,45.19645,0.48827782,1.0,0.48827782,0.17385702,0.4631776,0.0,0.0,0.4631776,0.0025808834,0.87121505,0.17385702,2.4364555,1.6814053,45.19645,-0.22041233,2.7752323,198.86906,0.43807736,0.43807736,1.0,198.86906,0.74045,0.12878494,2.4364555,0.0025808834,0.48827782,0.07092499,0.0,1.6814053,2.7752323,0.43807736,0.22041233,0.0,0.48827782,0.22041233,0.8399705,0.43807736,1.0,0.4631776,lookahead,fk_orig0_bm0-s0to75br3-s75to150br0
/work/T-REX/external/Proteina-Complexa/inference/search_binder_local_pipeline_32_PDL1_ALPHA_REPACK_v7_r005_cand_v7r005_hyp_0005_00_001_a975a719abf41/job_0_n_232_id_16_fk_orig1_bm2-s0to75br2-s75to150br0/job_0_n_232_id_16_fk_orig1_bm2-s0to75br2-s75to150br0.pdb,65,"2,0,13,16,19,16,19,14,11,3,10,18,19,19,6,18,7,15,2,12,16,9,6,4,11,13,14,19,6,11,5,10,3,10,0,0,10,9,19,18,17,6,12,6,3,11,2,9,9,5,13,19,8,7,6,6,3,10,11,19,5,8,15,15,18,1,5,1,0,1,10,10,11,3,5,10,15,10,7,2,0,0,10,5,9,16,3,19,11,10,5,3,0,7,19,18,1,4,12,9,15,18,7,7,0,3,18,11,1,9,16,19,11,19,2,0,13,16,19,16,19,14,11,3,10,18,19,19,6,18,7,15,2,12,16,9,6,4,11,13,14,19,6,11,5,10,3,10,0,0,10,9,19,18,17,6,12,6,3,11,2,9,9,5,13,19,8,7,6,6,3,10,11,19,5,8,15,15,18,1,5,1,0,1,10,10,11,3,5,10,15,10,7,2,0,0,10,5,9,16,3,19,11,10,5,3,0,7,19,18,1,4,12,9,15,18,7,7,0,3,18,11,1,9,16,19,11,19,2,0,2,15",-0.5383692,0.30851498,3.0,0.03832823,59.41546,0.040411312,1.0,0.040411312,0.32086194,0.011872617,0.0,0.0,0.03832823,0.007930066,0.8555773,0.32086194,3.9015543,1.3100964,59.41546,-0.5383692,3.9476666,201.02815,0.011519408,0.036245145,1.0,201.02815,0.25347573,0.14442272,3.9015543,0.007930066,0.012225825,0.30851498,0.0,1.3100964,3.9476666,0.011519408,0.5383692,0.0,0.012225825,0.5383692,0.5803703,0.036245145,1.0,0.011872617,lookahead,fk_orig1_bm2-s0to75br2-s75to150br0
/work/T-REX/external/Proteina-Complexa/inference/search_binder_local_pipeline_32_PDL1_ALPHA_REPACK_v7_r005_cand_v7r005_hyp_0005_00_001_a975a719abf41/job_0_n_196_id_16_fk_orig2_bm3-s0to75br1-s75to150br0/job_0_n_196_id_16_fk_orig2_bm3-s0to75br1-s75to150br0.pdb,66,"2,0,13,16,19,16,19,14,11,3,10,18,19,19,6,18,7,15,2,12,16,9,6,4,11,13,14,19,6,11,5,10,3,10,0,0,10,9,19,18,17,6,12,6,3,11,2,9,9,5,13,19,8,7,6,6,3,10,11,19,5,8,15,15,18,1,5,1,0,1,10,10,11,3,5,10,15,10,7,2,0,0,10,5,9,16,3,19,11,10,5,3,0,7,19,18,1,4,12,9,15,18,7,7,0,3,18,11,1,9,16,19,11,19,2,0,15,0,9,3,3,13,16,11,11,10,6,11,2,14,2,3,0,15,0,18,10,13,1,7,12,0,18,6,3,6,2,2,10,3,10,0,9,11,3,18,11,11,19,10,6,10,6,14,6,15,14,5,0,11,0,0,11,6,11,10,19,0,9,18,6,11,16,7,2,6,0,6,0,6,11,19,1,11,1,19,0,0,0,0,0,0,0,0,0,0,0,0,0,0,0,0,0,0,0,0,0,0,0,0,0,0,0,0,0,0,0,0,0,0,0,0",-0.23246202,0.08900197,3.0,0.34623173,55.653046,0.4026712,1.0,0.4026712,0.1706749,0.34623173,0.0,0.0,0.34623173,0.0074920706,0.90661144,0.1706749,2.8444107,1.3468851,55.653046,-0.23246202,2.4688368,181.52844,0.28979227,0.28979227,1.0,181.52844,0.66971374,0.093388535,2.8444107,0.0074920706,0.4026712,0.08900197,0.0,1.3468851,2.4688368,0.28979227,0.23246202,0.0,0.4026712,0.23246202,0.7990301,0.28979227,1.0,0.34623173,lookahead,fk_orig2_bm3-s0to75br1-s75to150br0
/work/T-REX/external/Proteina-Complexa/inference/search_binder_local_pipeline_32_PDL1_ALPHA_REPACK_v7_r005_cand_v7r005_hyp_0005_00_001_a975a719abf41/job_0_n_177_id_16_fk_orig3_bm2-s0to75br1-s75to150br0/job_0_n_177_id_16_fk_orig3_bm2-s0to75br1-s75to150br0.pdb,67,"2,0,13,16,19,16,19,14,11,3,10,18,19,19,6,18,7,15,2,12,16,9,6,4,11,13,14,19,6,11,5,10,3,10,0,0,10,9,19,18,17,6,12,6,3,11,2,9,9,5,13,19,8,7,6,6,3,10,11,19,5,8,15,15,18,1,5,1,0,1,10,10,11,3,5,10,15,10,7,2,0,0,10,5,9,16,3,19,11,10,5,3,0,7,19,18,1,4,12,9,15,18,7,7,0,3,18,11,1,9,16,19,11,19,2,0,2,9,19,5,11,13,15,11,9,13,7,12,3,10,2,6,15,3,9,5,10,10,12,6,0,5,3,13,9,11,3,6,1,11,10,10,5,0,10,3,6,10,11,1,15,7,10,15,19,19,6,13,19,11,10,10,11,11,11,18,11,0,0,0,0,0,0,0,0,0,0,0,0,0,0,0,0,0,0,0,0,0,0,0,0,0,0,0,0,0,0,0,0,0,0,0,0,0,0,0,0,0,0,0,0,0,0,0,0,0,0,0,0,0,0,0",-0.22319329,0.089287505,3.0,0.35806784,53.924603,0.38014945,1.0,0.38014945,0.18654512,0.35806784,0.0,0.0,0.35806784,0.0022500511,0.83754396,0.18654512,2.2347198,2.175727,53.924603,-0.22319329,2.5763676,183.45055,0.33598623,0.33598623,1.0,183.45055,0.7035568,0.16245604,2.2347198,0.0022500511,0.38014945,0.089287505,0.0,2.175727,2.5763676,0.33598623,0.22319329,0.0,0.38014945,0.22319329,0.8376637,0.33598623,1.0,0.35806784,lookahead,fk_orig3_bm2-s0to75br1-s75to150br0
/work/T-REX/external/Proteina-Complexa/inference/search_binder_local_pipeline_32_PDL1_ALPHA_REPACK_v7_r005_cand_v7r005_hyp_0005_00_001_a975a719abf41/job_0_n_214_id_17_fk_orig0_bm0-s0to75br3-s75to150br1/job_0_n_214_id_17_fk_orig0_bm0-s0to75br3-s75to150br1.pdb,68,"2,0,13,16,19,16,19,14,11,3,10,18,19,19,6,18,7,15,2,12,16,9,6,4,11,13,14,19,6,11,5,10,3,10,0,0,10,9,19,18,17,6,12,6,3,11,2,9,9,5,13,19,8,7,6,6,3,10,11,19,5,8,15,15,18,1,5,1,0,1,10,10,11,3,5,10,15,10,7,2,0,0,10,5,9,16,3,19,11,10,5,3,0,7,19,18,1,4,12,9,15,18,7,7,0,3,18,11,1,9,16,19,11,19,2,0,11,10,10,10,2,3,11,14,10,14,2,0,6,9,18,13,2,11,5,10,9,15,9,16,3,2,2,7,6,13,14,0,10,14,16,6,0,7,13,18,6,9,1,2,10,14,16,10,15,3,7,3,18,11,19,6,13,11,2,11,2,7,6,9,10,5,16,19,3,0,15,19,3,10,6,6,11,9,10,13,13,7,10,16,5,10,14,6,3,16,0,9,9,2,9,19,11,5,0,0,0,0,0,0,0,0,0,0,0,0,0,0,0,0,0,0",-0.2679523,0.112621196,3.0,0.28445005,54.687923,0.2859023,1.0,0.2859023,0.19259962,0.28422213,0.0,0.0,0.28445005,0.0034759264,0.88244545,0.19259962,4.0318866,1.5608528,54.687923,-0.2679523,3.1325583,204.13086,0.28299785,0.28299785,1.0,204.13086,0.6100357,0.11755457,4.0318866,0.0034759264,0.2854464,0.112621196,0.0,1.5608528,3.1325583,0.28299785,0.2679523,0.0,0.2854464,0.2679523,0.77635497,0.28299785,1.0,0.28422213,lookahead,fk_orig0_bm0-s0to75br3-s75to150br1
/work/T-REX/external/Proteina-Complexa/inference/search_binder_local_pipeline_32_PDL1_ALPHA_REPACK_v7_r005_cand_v7r005_hyp_0005_00_001_a975a719abf41/job_0_n_232_id_17_fk_orig1_bm2-s0to75br2-s75to150br1/job_0_n_232_id_17_fk_orig1_bm2-s0to75br2-s75to150br1.pdb,69,"2,0,13,16,19,16,19,14,11,3,10,18,19,19,6,18,7,15,2,12,16,9,6,4,11,13,14,19,6,11,5,10,3,10,0,0,10,9,19,18,17,6,12,6,3,11,2,9,9,5,13,19,8,7,6,6,3,10,11,19,5,8,15,15,18,1,5,1,0,1,10,10,11,3,5,10,15,10,7,2,0,0,10,5,9,16,3,19,11,10,5,3,0,7,19,18,1,4,12,9,15,18,7,7,0,3,18,11,1,9,16,19,11,19,2,0,13,16,19,16,19,14,11,3,10,18,19,19,6,18,7,15,2,12,16,9,6,4,11,13,14,19,6,11,5,10,3,10,0,0,10,9,19,18,17,6,12,6,3,11,2,9,9,5,13,19,8,7,6,6,3,10,11,19,5,8,15,15,18,1,5,1,0,1,10,10,11,3,5,10,15,10,7,2,0,0,10,5,9,16,3,19,11,10,5,3,0,7,19,18,1,4,12,9,15,18,7,7,0,3,18,11,1,9,16,19,11,19,2,0,11,15",-0.5351914,0.3034301,3.0,0.042104106,54.162506,0.04481848,1.0,0.04481848,0.31803206,0.0120154265,0.0,0.0,0.042104106,0.004929525,0.85848296,0.31803206,3.8335855,1.3028549,54.162506,-0.5351914,3.9435072,198.79889,0.011771331,0.039389733,1.0,198.79889,0.2572328,0.14151704,3.8335855,0.004929525,0.0122595215,0.3034301,0.0,1.3028549,3.9435072,0.011771331,0.5351914,0.0,0.0122595215,0.5351914,0.58301747,0.039389733,1.0,0.0120154265,lookahead,fk_orig1_bm2-s0to75br2-s75to150br1
/work/T-REX/external/Proteina-Complexa/inference/search_binder_local_pipeline_32_PDL1_ALPHA_REPACK_v7_r005_cand_v7r005_hyp_0005_00_001_a975a719abf41/job_0_n_196_id_17_fk_orig2_bm3-s0to75br1-s75to150br1/job_0_n_196_id_17_fk_orig2_bm3-s0to75br1-s75to150br1.pdb,70,"2,0,13,16,19,16,19,14,11,3,10,18,19,19,6,18,7,15,2,12,16,9,6,4,11,13,14,19,6,11,5,10,3,10,0,0,10,9,19,18,17,6,12,6,3,11,2,9,9,5,13,19,8,7,6,6,3,10,11,19,5,8,15,15,18,1,5,1,0,1,10,10,11,3,5,10,15,10,7,2,0,0,10,5,9,16,3,19,11,10,5,3,0,7,19,18,1,4,12,9,15,18,7,7,0,3,18,11,1,9,16,19,11,19,2,0,15,15,9,3,13,13,16,11,11,10,6,6,2,14,2,3,0,16,0,18,10,13,1,7,10,0,18,11,3,6,2,2,10,3,10,0,9,11,3,13,5,6,19,10,1,10,6,14,2,15,14,5,0,11,0,0,1,6,6,10,19,11,9,18,6,5,11,7,2,6,6,6,0,6,11,19,1,11,10,0,0,0,0,0,0,0,0,0,0,0,0,0,0,0,0,0,0,0,0,0,0,0,0,0,0,0,0,0,0,0,0,0,0,0,0,0",-0.3239824,0.14317106,3.0,0.1741342,46.998924,0.20851713,1.0,0.20851713,0.2232072,0.15619595,0.0,0.0,0.1741342,0.0031124204,0.8803452,0.2232072,1.9803165,1.3215741,46.998924,-0.3239824,2.8643827,191.21255,0.12098988,0.13975124,1.0,191.21255,0.48974854,0.11965479,1.9803165,0.0031124204,0.19140202,0.14317106,0.0,1.3215741,2.8643827,0.12098988,0.3239824,0.0,0.19140202,0.3239824,0.731428,0.13975124,1.0,0.15619595,lookahead,fk_orig2_bm3-s0to75br1-s75to150br1
/work/T-REX/external/Proteina-Complexa/inference/search_binder_local_pipeline_32_PDL1_ALPHA_REPACK_v7_r005_cand_v7r005_hyp_0005_00_001_a975a719abf41/job_0_n_177_id_17_fk_orig3_bm2-s0to75br1-s75to150br1/job_0_n_177_id_17_fk_orig3_bm2-s0to75br1-s75to150br1.pdb,71,"2,0,13,16,19,16,19,14,11,3,10,18,19,19,6,18,7,15,2,12,16,9,6,4,11,13,14,19,6,11,5,10,3,10,0,0,10,9,19,18,17,6,12,6,3,11,2,9,9,5,13,19,8,7,6,6,3,10,11,19,5,8,15,15,18,1,5,1,0,1,10,10,11,3,5,10,15,10,7,2,0,0,10,5,9,16,3,19,11,10,5,3,0,7,19,18,1,4,12,9,15,18,7,7,0,3,18,11,1,9,16,19,11,19,2,0,12,19,9,3,1,10,0,13,13,18,7,10,5,10,2,0,15,5,1,5,5,10,10,3,18,18,2,2,19,11,3,6,11,11,10,12,10,19,10,3,19,12,11,1,11,2,10,15,19,15,6,0,9,0,6,19,6,11,1,1,10,0,0,0,0,0,0,0,0,0,0,0,0,0,0,0,0,0,0,0,0,0,0,0,0,0,0,0,0,0,0,0,0,0,0,0,0,0,0,0,0,0,0,0,0,0,0,0,0,0,0,0,0,0,0,0",-0.34097746,0.1829561,3.0,0.13509303,36.33288,0.157634,1.0,0.157634,0.26202148,0.1092251,0.0,0.0,0.13509303,0.004000451,0.81307536,0.26202148,1.914781,1.8398877,36.33288,-0.34097746,3.1424768,183.22142,0.10380683,0.11255207,1.0,183.22142,0.48447824,0.18692464,1.914781,0.004000451,0.11464337,0.1829561,0.0,1.8398877,3.1424768,0.10380683,0.34097746,0.0,0.11464337,0.34097746,0.7468884,0.11255207,1.0,0.1092251,lookahead,fk_orig3_bm2-s0to75br1-s75to150br1
/work/T-REX/external/Proteina-Complexa/inference/search_binder_local_pipeline_32_PDL1_ALPHA_REPACK_v7_r005_cand_v7r005_hyp_0005_00_001_a975a719abf41/job_0_n_214_id_18_fk_orig0_bm0-s0to75br3-s75to150br2/job_0_n_214_id_18_fk_orig0_bm0-s0to75br3-s75to150br2.pdb,72,"2,0,13,16,19,16,19,14,11,3,10,18,19,19,6,18,7,15,2,12,16,9,6,4,11,13,14,19,6,11,5,10,3,10,0,0,10,9,19,18,17,6,12,6,3,11,2,9,9,5,13,19,8,7,6,6,3,10,11,19,5,8,15,15,18,1,5,1,0,1,10,10,11,3,5,10,15,10,7,2,0,0,10,5,9,16,3,19,11,10,5,3,0,7,19,18,1,4,12,9,15,18,7,7,0,3,18,11,1,9,16,19,11,19,2,0,11,9,1,19,2,7,19,3,5,14,7,0,9,10,19,15,14,15,11,16,11,18,16,0,3,6,2,7,6,19,11,10,2,15,16,6,0,7,13,18,10,10,16,2,10,11,6,10,14,11,15,14,0,11,19,6,10,11,2,6,2,7,6,9,10,15,6,16,7,0,0,19,3,8,19,11,11,6,9,10,13,7,19,16,6,10,14,11,6,16,0,19,9,3,19,19,19,10,0,0,0,0,0,0,0,0,0,0,0,0,0,0,0,0,0,0",-0.20271797,0.07578057,3.0,0.45549008,43.53924,0.46426293,1.0,0.46426293,0.15131934,0.45549008,0.0,0.0,0.45549008,0.005219464,0.912283,0.15131934,4.6032495,1.4526087,43.53924,-0.20271797,2.7530692,203.36205,0.44671723,0.44671723,1.0,203.36205,0.7337742,0.087716974,4.6032495,0.005219464,0.46426293,0.07578057,0.0,1.4526087,2.7530692,0.44671723,0.20271797,0.0,0.46426293,0.20271797,0.8355403,0.44671723,1.0,0.45549008,lookahead,fk_orig0_bm0-s0to75br3-s75to150br2
/work/T-REX/external/Proteina-Complexa/inference/search_binder_local_pipeline_32_PDL1_ALPHA_REPACK_v7_r005_cand_v7r005_hyp_0005_00_001_a975a719abf41/job_0_n_232_id_18_fk_orig1_bm2-s0to75br2-s75to150br2/job_0_n_232_id_18_fk_orig1_bm2-s0to75br2-s75to150br2.pdb,73,"2,0,13,16,19,16,19,14,11,3,10,18,19,19,6,18,7,15,2,12,16,9,6,4,11,13,14,19,6,11,5,10,3,10,0,0,10,9,19,18,17,6,12,6,3,11,2,9,9,5,13,19,8,7,6,6,3,10,11,19,5,8,15,15,18,1,5,1,0,1,10,10,11,3,5,10,15,10,7,2,0,0,10,5,9,16,3,19,11,10,5,3,0,7,19,18,1,4,12,9,15,18,7,7,0,3,18,11,1,9,16,19,11,19,2,0,13,16,19,16,19,14,11,3,10,18,19,19,6,18,7,15,2,12,16,9,6,4,11,13,14,19,6,11,5,10,3,10,0,0,10,9,19,18,17,6,12,6,3,11,2,9,9,5,13,19,8,7,6,6,3,10,11,19,5,8,15,15,18,1,5,1,0,1,10,10,11,3,5,10,15,10,7,2,0,0,10,5,9,16,3,19,11,10,5,3,0,7,19,18,1,4,12,9,15,18,7,7,0,3,18,11,1,9,16,19,11,19,2,0,19,19",-0.52639955,0.294747,3.0,0.04819317,56.704407,0.05067513,1.0,0.05067513,0.3132177,0.01237925,0.0,0.0,0.04819317,0.002437924,0.8589246,0.3132177,3.7730038,1.3083956,56.704407,-0.52639955,3.9178758,203.40671,0.012168171,0.04571121,1.0,203.40671,0.26583287,0.14107539,3.7730038,0.002437924,0.012590327,0.294747,0.0,1.3083956,3.9178758,0.012168171,0.52639955,0.0,0.012590327,0.52639955,0.5864248,0.04571121,1.0,0.01237925,lookahead,fk_orig1_bm2-s0to75br2-s75to150br2
/work/T-REX/external/Proteina-Complexa/inference/search_binder_local_pipeline_32_PDL1_ALPHA_REPACK_v7_r005_cand_v7r005_hyp_0005_00_001_a975a719abf41/job_0_n_196_id_18_fk_orig2_bm3-s0to75br1-s75to150br2/job_0_n_196_id_18_fk_orig2_bm3-s0to75br1-s75to150br2.pdb,74,"2,0,13,16,19,16,19,14,11,3,10,18,19,19,6,18,7,15,2,12,16,9,6,4,11,13,14,19,6,11,5,10,3,10,0,0,10,9,19,18,17,6,12,6,3,11,2,9,9,5,13,19,8,7,6,6,3,10,11,19,5,8,15,15,18,1,5,1,0,1,10,10,11,3,5,10,15,10,7,2,0,0,10,5,9,16,3,19,11,10,5,3,0,7,19,18,1,4,12,9,15,18,7,7,0,3,18,11,1,9,16,19,11,19,2,0,7,2,0,3,13,18,16,11,11,10,6,11,2,14,2,3,0,19,0,18,13,13,1,7,10,19,18,11,6,6,2,2,10,3,10,0,9,11,3,18,6,6,0,9,1,10,6,14,2,15,0,19,0,0,0,0,8,18,6,10,7,2,9,18,11,6,5,2,2,10,3,6,0,10,11,8,18,5,11,0,0,0,0,0,0,0,0,0,0,0,0,0,0,0,0,0,0,0,0,0,0,0,0,0,0,0,0,0,0,0,0,0,0,0,0,0",-0.30503735,0.13231024,3.0,0.1920144,110.51045,0.22530687,1.0,0.22530687,0.21314548,0.1848504,0.0,0.0,0.1920144,0.0048539797,0.8709739,0.21314548,12.714041,1.3355587,110.51045,-0.30503735,2.910248,222.65523,0.15127154,0.15872192,1.0,222.65523,0.504516,0.12902611,12.714041,0.0048539797,0.21842924,0.13231024,0.0,1.3355587,2.910248,0.15127154,0.30503735,0.0,0.21842924,0.30503735,0.7392709,0.15872192,1.0,0.1848504,lookahead,fk_orig2_bm3-s0to75br1-s75to150br2
/work/T-REX/external/Proteina-Complexa/inference/search_binder_local_pipeline_32_PDL1_ALPHA_REPACK_v7_r005_cand_v7r005_hyp_0005_00_001_a975a719abf41/job_0_n_177_id_18_fk_orig3_bm2-s0to75br1-s75to150br2/job_0_n_177_id_18_fk_orig3_bm2-s0to75br1-s75to150br2.pdb,75,"2,0,13,16,19,16,19,14,11,3,10,18,19,19,6,18,7,15,2,12,16,9,6,4,11,13,14,19,6,11,5,10,3,10,0,0,10,9,19,18,17,6,12,6,3,11,2,9,9,5,13,19,8,7,6,6,3,10,11,19,5,8,15,15,18,1,5,1,0,1,10,10,11,3,5,10,15,10,7,2,0,0,10,5,9,16,3,19,11,10,5,3,0,7,19,18,1,4,12,9,15,18,7,7,0,3,18,11,1,9,16,19,11,19,2,0,2,9,19,5,1,10,0,11,0,13,7,10,6,10,2,6,6,3,19,7,12,10,15,3,10,10,3,11,7,0,2,6,11,3,9,12,6,19,10,3,9,19,15,1,3,11,10,15,19,11,6,0,9,19,6,10,1,1,1,1,0,0,0,0,0,0,0,0,0,0,0,0,0,0,0,0,0,0,0,0,0,0,0,0,0,0,0,0,0,0,0,0,0,0,0,0,0,0,0,0,0,0,0,0,0,0,0,0,0,0,0,0,0,0,0,0",-0.29305062,0.15442112,3.0,0.17436108,47.07706,0.19984654,1.0,0.19984654,0.22240359,0.16643572,0.0,0.0,0.17436108,0.0028538404,0.83975387,0.22240359,2.1202142,1.7199668,47.07706,-0.29305062,2.9451349,179.38734,0.14601105,0.14887561,1.0,179.38734,0.5263133,0.16024615,2.1202142,0.0028538404,0.18686037,0.15442112,0.0,1.7199668,2.9451349,0.14601105,0.29305062,0.0,0.18686037,0.29305062,0.76392937,0.14887561,1.0,0.16643572,lookahead,fk_orig3_bm2-s0to75br1-s75to150br2
/work/T-REX/external/Proteina-Complexa/inference/search_binder_local_pipeline_32_PDL1_ALPHA_REPACK_v7_r005_cand_v7r005_hyp_0005_00_001_a975a719abf41/job_0_n_214_id_19_fk_orig0_bm0-s0to75br3-s75to150br3/job_0_n_214_id_19_fk_orig0_bm0-s0to75br3-s75to150br3.pdb,76,"2,0,13,16,19,16,19,14,11,3,10,18,19,19,6,18,7,15,2,12,16,9,6,4,11,13,14,19,6,11,5,10,3,10,0,0,10,9,19,18,17,6,12,6,3,11,2,9,9,5,13,19,8,7,6,6,3,10,11,19,5,8,15,15,18,1,5,1,0,1,10,10,11,3,5,10,15,10,7,2,0,0,10,5,9,16,3,19,11,10,5,3,0,7,19,18,1,4,12,9,15,18,7,7,0,3,18,11,1,9,16,19,11,19,2,0,11,9,16,10,3,7,19,14,5,14,2,0,19,10,9,15,14,2,11,16,5,18,16,0,3,15,3,7,2,19,16,10,15,3,16,15,16,7,13,18,16,9,11,2,10,11,16,16,14,15,7,3,10,11,19,10,10,11,3,11,2,7,2,9,10,5,16,10,15,0,11,18,3,14,19,11,11,6,9,13,13,7,19,11,16,14,10,2,3,19,0,6,9,3,9,16,16,5,0,0,0,0,0,0,0,0,0,0,0,0,0,0,0,0,0,0",-0.16316177,0.05610984,3.0,0.60559064,59.68528,0.62148124,1.0,0.62148124,0.12688863,0.60559064,0.0,0.0,0.60559064,0.0019387876,0.9333008,0.12688863,5.203214,1.352208,59.68528,-0.16316177,2.5711389,220.52962,0.58970004,0.58970004,1.0,220.52962,0.81257594,0.066699184,5.203214,0.0019387876,0.62148124,0.05610984,0.0,1.352208,2.5711389,0.58970004,0.16316177,0.0,0.62148124,0.16316177,0.87460995,0.58970004,1.0,0.60559064,lookahead,fk_orig0_bm0-s0to75br3-s75to150br3
/work/T-REX/external/Proteina-Complexa/inference/search_binder_local_pipeline_32_PDL1_ALPHA_REPACK_v7_r005_cand_v7r005_hyp_0005_00_001_a975a719abf41/job_0_n_232_id_19_fk_orig1_bm2-s0to75br2-s75to150br3/job_0_n_232_id_19_fk_orig1_bm2-s0to75br2-s75to150br3.pdb,77,"2,0,13,16,19,16,19,14,11,3,10,18,19,19,6,18,7,15,2,12,16,9,6,4,11,13,14,19,6,11,5,10,3,10,0,0,10,9,19,18,17,6,12,6,3,11,2,9,9,5,13,19,8,7,6,6,3,10,11,19,5,8,15,15,18,1,5,1,0,1,10,10,11,3,5,10,15,10,7,2,0,0,10,5,9,16,3,19,11,10,5,3,0,7,19,18,1,4,12,9,15,18,7,7,0,3,18,11,1,9,16,19,11,19,2,0,13,16,19,16,19,14,11,3,10,18,19,19,6,18,7,15,2,12,16,9,6,4,11,13,14,19,6,11,5,10,3,10,0,0,10,9,19,18,17,6,12,6,3,11,2,9,9,5,13,19,8,7,6,6,3,10,11,19,5,8,15,15,18,1,5,1,0,1,10,10,11,3,5,10,15,10,7,2,0,0,10,5,9,16,3,19,11,10,5,3,0,7,19,18,1,4,12,9,15,18,7,7,0,3,18,11,1,9,16,19,11,19,2,0,11,8",-0.5307071,0.29933572,3.0,0.046268426,52.02207,0.048427157,1.0,0.048427157,0.31648946,0.012415827,0.0,0.0,0.046268426,0.008223735,0.8577583,0.31648946,3.741286,1.3158225,52.02207,-0.5307071,3.9237418,200.52899,0.0122827925,0.044109695,1.0,200.52899,0.2624991,0.14224173,3.741286,0.008223735,0.012548862,0.29933572,0.0,1.3158225,3.9237418,0.0122827925,0.5307071,0.0,0.012548862,0.5307071,0.5850498,0.044109695,1.0,0.012415827,lookahead,fk_orig1_bm2-s0to75br2-s75to150br3
/work/T-REX/external/Proteina-Complexa/inference/search_binder_local_pipeline_32_PDL1_ALPHA_REPACK_v7_r005_cand_v7r005_hyp_0005_00_001_a975a719abf41/job_0_n_196_id_19_fk_orig2_bm3-s0to75br1-s75to150br3/job_0_n_196_id_19_fk_orig2_bm3-s0to75br1-s75to150br3.pdb,78,"2,0,13,16,19,16,19,14,11,3,10,18,19,19,6,18,7,15,2,12,16,9,6,4,11,13,14,19,6,11,5,10,3,10,0,0,10,9,19,18,17,6,12,6,3,11,2,9,9,5,13,19,8,7,6,6,3,10,11,19,5,8,15,15,18,1,5,1,0,1,10,10,11,3,5,10,15,10,7,2,0,0,10,5,9,16,3,19,11,10,5,3,0,7,19,18,1,4,12,9,15,18,7,7,0,3,18,11,1,9,16,19,11,19,2,0,15,15,9,3,10,13,16,11,11,9,6,0,2,14,2,3,0,19,0,18,10,13,1,7,10,0,18,11,3,6,2,11,10,3,10,0,0,11,3,13,6,11,19,9,6,10,3,14,2,15,0,5,0,19,0,0,1,6,6,10,0,11,9,18,6,6,11,7,2,10,0,6,0,6,11,19,1,5,11,16,0,0,0,0,0,0,0,0,0,0,0,0,0,0,0,0,0,0,0,0,0,0,0,0,0,0,0,0,0,0,0,0,0,0,0,0",-0.27796745,0.11442595,3.0,0.25099832,37.023315,0.30414668,1.0,0.30414668,0.20087403,0.24918836,0.0,0.0,0.25099832,0.007988141,0.8855922,0.20087403,0.9477619,1.4297348,37.023315,-0.27796745,2.6916602,175.93411,0.19453302,0.19784997,1.0,175.93411,0.5962188,0.114407755,0.9477619,0.007988141,0.3038437,0.11442595,0.0,1.4297348,2.6916602,0.19453302,0.27796745,0.0,0.3038437,0.27796745,0.77308244,0.19784997,1.0,0.24918836,lookahead,fk_orig2_bm3-s0to75br1-s75to150br3
/work/T-REX/external/Proteina-Complexa/inference/search_binder_local_pipeline_32_PDL1_ALPHA_REPACK_v7_r005_cand_v7r005_hyp_0005_00_001_a975a719abf41/job_0_n_177_id_19_fk_orig3_bm2-s0to75br1-s75to150br3/job_0_n_177_id_19_fk_orig3_bm2-s0to75br1-s75to150br3.pdb,79,"2,0,13,16,19,16,19,14,11,3,10,18,19,19,6,18,7,15,2,12,16,9,6,4,11,13,14,19,6,11,5,10,3,10,0,0,10,9,19,18,17,6,12,6,3,11,2,9,9,5,13,19,8,7,6,6,3,10,11,19,5,8,15,15,18,1,5,1,0,1,10,10,11,3,5,10,15,10,7,2,0,0,10,5,9,16,3,19,11,10,5,3,0,7,19,18,1,4,12,9,15,18,7,7,0,3,18,11,1,9,16,19,11,19,2,0,2,19,19,15,1,10,15,1,0,13,7,10,3,10,2,6,0,3,19,0,18,10,2,3,10,10,3,11,7,6,3,6,1,2,9,12,1,19,10,3,6,19,11,1,16,7,11,15,19,11,3,19,19,0,3,5,1,0,0,6,6,0,0,0,0,0,0,0,0,0,0,0,0,0,0,0,0,0,0,0,0,0,0,0,0,0,0,0,0,0,0,0,0,0,0,0,0,0,0,0,0,0,0,0,0,0,0,0,0,0,0,0,0,0,0,0",-0.33088613,0.181047,3.0,0.13722911,50.59033,0.16710828,1.0,0.16710828,0.2488902,0.113255754,0.0,0.0,0.13722911,0.018393444,0.8217764,0.2488902,2.3026166,1.7566067,50.59033,-0.33088613,3.056047,187.85945,0.09857849,0.10734994,1.0,187.85945,0.4556384,0.17822361,2.3026166,0.018393444,0.12793303,0.181047,0.0,1.7566067,3.056047,0.09857849,0.33088613,0.0,0.12793303,0.33088613,0.743212,0.10734994,1.0,0.113255754,lookahead,fk_orig3_bm2-s0to75br1-s75to150br3
/work/T-REX/external/Proteina-Complexa/inference/search_binder_local_pipeline_32_PDL1_ALPHA_REPACK_v7_r005_cand_v7r005_hyp_0005_00_001_a975a719abf41/job_0_n_214_id_20_fk_orig0_bm0-s0to75br3-s75to150br0/job_0_n_214_id_20_fk_orig0_bm0-s0to75br3-s75to150br0.pdb,80,"2,0,13,16,19,16,19,14,11,3,10,18,19,19,6,18,7,15,2,12,16,9,6,4,11,13,14,19,6,11,5,10,3,10,0,0,10,9,19,18,17,6,12,6,3,11,2,9,9,5,13,19,8,7,6,6,3,10,11,19,5,8,15,15,18,1,5,1,0,1,10,10,11,3,5,10,15,10,7,2,0,0,10,5,9,16,3,19,11,10,5,3,0,7,19,18,1,4,12,9,15,18,7,7,0,3,18,11,1,9,16,19,11,19,2,0,11,10,16,10,2,7,11,14,10,0,2,0,16,10,16,16,14,3,7,2,16,18,16,0,3,15,2,7,2,10,2,10,15,15,10,15,15,7,13,18,16,10,15,15,2,5,10,14,15,19,3,15,0,16,10,11,13,18,2,11,2,2,5,10,10,5,16,19,15,0,11,18,3,15,19,11,11,15,17,13,13,7,19,15,2,14,9,11,2,10,7,11,9,3,10,19,10,6,0,0,0,0,0,0,0,0,0,0,0,0,0,0,0,0,0,0",-0.20450793,0.075585686,3.0,0.4645924,61.5629,0.48612416,1.0,0.48612416,0.15503986,0.4645924,0.0,0.0,0.4645924,0.0028260392,0.9057946,0.15503986,5.8325176,1.4462404,61.5629,-0.20450793,2.858373,210.08713,0.44306067,0.44306067,1.0,210.08713,0.7345098,0.09420535,5.8325176,0.0028260392,0.48612416,0.075585686,0.0,1.4462404,2.858373,0.44306067,0.20450793,0.0,0.48612416,0.20450793,0.8363184,0.44306067,1.0,0.4645924,lookahead,fk_orig0_bm0-s0to75br3-s75to150br0
/work/T-REX/external/Proteina-Complexa/inference/search_binder_local_pipeline_32_PDL1_ALPHA_REPACK_v7_r005_cand_v7r005_hyp_0005_00_001_a975a719abf41/job_0_n_232_id_20_fk_orig1_bm3-s0to75br3-s75to150br0/job_0_n_232_id_20_fk_orig1_bm3-s0to75br3-s75to150br0.pdb,81,"2,0,13,16,19,16,19,14,11,3,10,18,19,19,6,18,7,15,2,12,16,9,6,4,11,13,14,19,6,11,5,10,3,10,0,0,10,9,19,18,17,6,12,6,3,11,2,9,9,5,13,19,8,7,6,6,3,10,11,19,5,8,15,15,18,1,5,1,0,1,10,10,11,3,5,10,15,10,7,2,0,0,10,5,9,16,3,19,11,10,5,3,0,7,19,18,1,4,12,9,15,18,7,7,0,3,18,11,1,9,16,19,11,19,2,0,0,13,16,19,16,19,14,11,3,10,18,19,19,6,18,7,15,2,12,16,9,6,4,11,13,14,19,6,11,5,10,3,10,0,0,10,9,19,18,17,6,12,6,3,11,2,9,9,5,13,19,8,7,6,6,3,10,11,19,5,8,15,15,18,1,5,1,0,1,10,10,11,3,5,10,15,10,7,2,0,0,10,5,9,16,3,19,11,10,5,3,0,7,19,18,1,4,12,9,15,18,7,7,0,3,18,11,1,9,16,19,11,19,2,0,14",-0.53118443,0.30237487,3.0,0.044124737,77.59863,0.047286376,1.0,0.047286376,0.31312636,0.012222653,0.0,0.0,0.044124737,0.0021338817,0.86261094,0.31312636,3.720791,1.2810597,77.59863,-0.53118443,3.9149258,210.662,0.011993825,0.040963095,1.0,210.662,0.26031145,0.13738906,3.720791,0.0021338817,0.012451481,0.30237487,0.0,1.2810597,3.9149258,0.011993825,0.53118443,0.0,0.012451481,0.53118443,0.5846038,0.040963095,1.0,0.012222653,lookahead,fk_orig1_bm3-s0to75br3-s75to150br0
/work/T-REX/external/Proteina-Complexa/inference/search_binder_local_pipeline_32_PDL1_ALPHA_REPACK_v7_r005_cand_v7r005_hyp_0005_00_001_a975a719abf41/job_0_n_196_id_20_fk_orig2_bm3-s0to75br2-s75to150br0/job_0_n_196_id_20_fk_orig2_bm3-s0to75br2-s75to150br0.pdb,82,"2,0,13,16,19,16,19,14,11,3,10,18,19,19,6,18,7,15,2,12,16,9,6,4,11,13,14,19,6,11,5,10,3,10,0,0,10,9,19,18,17,6,12,6,3,11,2,9,9,5,13,19,8,7,6,6,3,10,11,19,5,8,15,15,18,1,5,1,0,1,10,10,11,3,5,10,15,10,7,2,0,0,10,5,9,16,3,19,11,10,5,3,0,7,19,18,1,4,12,9,15,18,7,7,0,3,18,11,1,9,16,19,11,19,2,0,17,3,10,0,0,6,3,18,15,1,0,9,6,10,11,14,3,13,0,6,0,18,13,5,1,7,11,0,1,13,2,10,7,6,18,3,10,0,19,6,3,18,16,1,0,9,6,10,11,14,3,13,0,6,0,18,2,6,1,0,11,0,18,12,11,10,7,6,18,3,10,0,7,11,3,10,3,0,18,11,0,0,0,0,0,0,0,0,0,0,0,0,0,0,0,0,0,0,0,0,0,0,0,0,0,0,0,0,0,0,0,0,0,0,0,0",-0.21501985,0.06554134,3.0,0.45942506,44.547657,0.49945158,1.0,0.49945158,0.16529016,0.45942506,0.0,0.0,0.45942506,0.003582395,0.92148006,0.16529016,2.2585404,1.4892874,44.547657,-0.21501985,2.838893,145.29588,0.41939855,0.41939855,1.0,145.29588,0.7620419,0.07851993,2.2585404,0.003582395,0.49945158,0.06554134,0.0,1.4892874,2.838893,0.41939855,0.21501985,0.0,0.49945158,0.21501985,0.8476974,0.41939855,1.0,0.45942506,lookahead,fk_orig2_bm3-s0to75br2-s75to150br0
/work/T-REX/external/Proteina-Complexa/inference/search_binder_local_pipeline_32_PDL1_ALPHA_REPACK_v7_r005_cand_v7r005_hyp_0005_00_001_a975a719abf41/job_0_n_177_id_20_fk_orig3_bm2-s0to75br1-s75to150br0/job_0_n_177_id_20_fk_orig3_bm2-s0to75br1-s75to150br0.pdb,83,"2,0,13,16,19,16,19,14,11,3,10,18,19,19,6,18,7,15,2,12,16,9,6,4,11,13,14,19,6,11,5,10,3,10,0,0,10,9,19,18,17,6,12,6,3,11,2,9,9,5,13,19,8,7,6,6,3,10,11,19,5,8,15,15,18,1,5,1,0,1,10,10,11,3,5,10,15,10,7,2,0,0,10,5,9,16,3,19,11,10,5,3,0,7,19,18,1,4,12,9,15,18,7,7,0,3,18,11,1,9,16,19,11,19,2,0,2,19,19,15,1,10,15,1,0,13,7,10,6,10,2,6,6,3,19,7,12,10,2,3,10,10,3,1,7,13,2,6,1,3,9,12,5,19,10,3,12,19,11,1,2,2,10,16,19,11,6,0,9,6,9,18,10,11,16,10,15,0,0,0,0,0,0,0,0,0,0,0,0,0,0,0,0,0,0,0,0,0,0,0,0,0,0,0,0,0,0,0,0,0,0,0,0,0,0,0,0,0,0,0,0,0,0,0,0,0,0,0,0,0,0,0",-0.30602628,0.15603495,3.0,0.15821378,34.864742,0.18149668,1.0,0.18149668,0.22840847,0.14184773,0.0,0.0,0.15821378,0.001070734,0.8543986,0.22840847,2.4919918,1.5829674,34.864742,-0.30602628,2.9521797,175.9975,0.12897758,0.13493088,1.0,175.9975,0.5009941,0.14560142,2.4919918,0.001070734,0.15471788,0.15603495,0.0,1.5829674,2.9521797,0.12897758,0.30602628,0.0,0.15471788,0.30602628,0.75823224,0.13493088,1.0,0.14184773,lookahead,fk_orig3_bm2-s0to75br1-s75to150br0
/work/T-REX/external/Proteina-Complexa/inference/search_binder_local_pipeline_32_PDL1_ALPHA_REPACK_v7_r005_cand_v7r005_hyp_0005_00_001_a975a719abf41/job_0_n_214_id_21_fk_orig0_bm0-s0to75br3-s75to150br1/job_0_n_214_id_21_fk_orig0_bm0-s0to75br3-s75to150br1.pdb,84,"2,0,13,16,19,16,19,14,11,3,10,18,19,19,6,18,7,15,2,12,16,9,6,4,11,13,14,19,6,11,5,10,3,10,0,0,10,9,19,18,17,6,12,6,3,11,2,9,9,5,13,19,8,7,6,6,3,10,11,19,5,8,15,15,18,1,5,1,0,1,10,10,11,3,5,10,15,10,7,2,0,0,10,5,9,16,3,19,11,10,5,3,0,7,19,18,1,4,12,9,15,18,7,7,0,3,18,11,1,9,16,19,11,19,2,0,16,10,16,10,2,7,11,14,19,14,2,0,19,10,16,2,16,11,11,11,16,13,16,16,3,3,2,7,11,10,3,10,15,11,10,16,6,7,10,18,16,9,16,2,10,14,3,19,16,0,15,16,7,16,19,2,13,19,7,11,3,7,16,19,10,10,16,9,3,0,16,18,3,14,6,11,11,6,10,13,13,7,13,15,15,10,14,11,6,16,11,6,9,2,9,19,13,15,0,0,0,0,0,0,0,0,0,0,0,0,0,0,0,0,0,0",-0.22960708,0.093527116,3.0,0.36133343,49.89102,0.37662402,1.0,0.37662402,0.16815114,0.36133343,0.0,0.0,0.36133343,0.0028895547,0.9087417,0.16815114,1.8170899,1.4410988,49.89102,-0.22960708,2.8544097,188.55241,0.3460428,0.3460428,1.0,188.55241,0.693941,0.09125826,1.8170899,0.0028895547,0.37662402,0.093527116,0.0,1.4410988,2.8544097,0.3460428,0.22960708,0.0,0.37662402,0.22960708,0.8182696,0.3460428,1.0,0.36133343,lookahead,fk_orig0_bm0-s0to75br3-s75to150br1
/work/T-REX/external/Proteina-Complexa/inference/search_binder_local_pipeline_32_PDL1_ALPHA_REPACK_v7_r005_cand_v7r005_hyp_0005_00_001_a975a719abf41/job_0_n_232_id_21_fk_orig1_bm3-s0to75br3-s75to150br1/job_0_n_232_id_21_fk_orig1_bm3-s0to75br3-s75to150br1.pdb,85,"2,0,13,16,19,16,19,14,11,3,10,18,19,19,6,18,7,15,2,12,16,9,6,4,11,13,14,19,6,11,5,10,3,10,0,0,10,9,19,18,17,6,12,6,3,11,2,9,9,5,13,19,8,7,6,6,3,10,11,19,5,8,15,15,18,1,5,1,0,1,10,10,11,3,5,10,15,10,7,2,0,0,10,5,9,16,3,19,11,10,5,3,0,7,19,18,1,4,12,9,15,18,7,7,0,3,18,11,1,9,16,19,11,19,2,0,0,13,16,19,16,19,14,11,3,10,18,19,19,6,18,7,15,2,12,16,9,6,4,11,13,14,19,6,11,5,10,3,10,0,0,10,9,19,18,17,6,12,6,3,11,2,9,9,5,13,19,8,7,6,6,3,10,11,19,5,8,15,15,18,1,5,1,0,1,10,10,11,3,5,10,15,10,7,2,0,0,10,5,9,16,3,19,11,10,5,3,0,7,19,18,1,4,12,9,15,18,7,7,0,3,18,11,1,9,16,19,11,19,2,0,14",-0.51827013,0.28851733,3.0,0.050778084,75.4306,0.053122815,1.0,0.053122815,0.30647004,0.012945162,0.0,0.0,0.050778084,0.002109244,0.86207056,0.30647004,2.8310766,1.276044,75.4306,-0.51827013,3.8799126,217.23961,0.012640655,0.04843335,1.0,217.23961,0.2683363,0.13792941,2.8310766,0.002109244,0.01324967,0.28851733,0.0,1.276044,3.8799126,0.012640655,0.51827013,0.0,0.01324967,0.51827013,0.58922535,0.04843335,1.0,0.012945162,lookahead,fk_orig1_bm3-s0to75br3-s75to150br1
/work/T-REX/external/Proteina-Complexa/inference/search_binder_local_pipeline_32_PDL1_ALPHA_REPACK_v7_r005_cand_v7r005_hyp_0005_00_001_a975a719abf41/job_0_n_196_id_21_fk_orig2_bm3-s0to75br2-s75to150br1/job_0_n_196_id_21_fk_orig2_bm3-s0to75br2-s75to150br1.pdb,86,"2,0,13,16,19,16,19,14,11,3,10,18,19,19,6,18,7,15,2,12,16,9,6,4,11,13,14,19,6,11,5,10,3,10,0,0,10,9,19,18,17,6,12,6,3,11,2,9,9,5,13,19,8,7,6,6,3,10,11,19,5,8,15,15,18,1,5,1,0,1,10,10,11,3,5,10,15,10,7,2,0,0,10,5,9,16,3,19,11,10,5,3,0,7,19,18,1,4,12,9,15,18,7,7,0,3,18,11,1,9,16,19,11,19,2,0,18,2,11,0,9,6,3,18,2,11,0,9,6,10,11,14,3,13,0,11,0,18,18,2,1,7,2,0,18,0,2,10,7,2,18,15,11,0,9,6,3,18,2,11,0,9,6,10,11,14,3,13,0,11,0,18,2,2,1,7,2,0,18,12,2,10,7,5,18,3,6,0,7,11,3,13,3,0,18,11,0,0,0,0,0,0,0,0,0,0,0,0,0,0,0,0,0,0,0,0,0,0,0,0,0,0,0,0,0,0,0,0,0,0,0,0",-0.36292914,0.17999947,3.0,0.14567891,56.39993,0.16010357,1.0,0.16010357,0.24553867,0.11050244,0.0,0.0,0.14567891,0.0036144198,0.90021193,0.24553867,3.849377,1.3355596,56.39993,-0.36292914,3.5713031,153.67548,0.09575307,0.13125424,1.0,153.67548,0.47538477,0.09978809,3.849377,0.0036144198,0.1252518,0.17999947,0.0,1.3355596,3.5713031,0.09575307,0.36292914,0.0,0.1252518,0.36292914,0.7279147,0.13125424,1.0,0.11050244,lookahead,fk_orig2_bm3-s0to75br2-s75to150br1
/work/T-REX/external/Proteina-Complexa/inference/search_binder_local_pipeline_32_PDL1_ALPHA_REPACK_v7_r005_cand_v7r005_hyp_0005_00_001_a975a719abf41/job_0_n_177_id_21_fk_orig3_bm2-s0to75br1-s75to150br1/job_0_n_177_id_21_fk_orig3_bm2-s0to75br1-s75to150br1.pdb,87,"2,0,13,16,19,16,19,14,11,3,10,18,19,19,6,18,7,15,2,12,16,9,6,4,11,13,14,19,6,11,5,10,3,10,0,0,10,9,19,18,17,6,12,6,3,11,2,9,9,5,13,19,8,7,6,6,3,10,11,19,5,8,15,15,18,1,5,1,0,1,10,10,11,3,5,10,15,10,7,2,0,0,10,5,9,16,3,19,11,10,5,3,0,7,19,18,1,4,12,9,15,18,7,7,0,3,18,11,1,9,16,19,11,19,2,0,2,19,19,6,1,10,0,1,0,10,7,10,2,10,15,6,6,3,9,5,6,10,2,3,10,10,3,0,7,19,14,6,11,2,9,10,1,9,10,3,9,19,11,1,11,11,10,15,19,11,6,0,9,19,6,18,1,1,10,18,6,0,0,0,0,0,0,0,0,0,0,0,0,0,0,0,0,0,0,0,0,0,0,0,0,0,0,0,0,0,0,0,0,0,0,0,0,0,0,0,0,0,0,0,0,0,0,0,0,0,0,0,0,0,0,0",-0.21376301,0.09411546,3.0,0.33064455,26.947561,0.38705137,1.0,0.38705137,0.1656305,0.33064455,0.0,0.0,0.33064455,0.0010853049,0.90042377,0.1656305,1.0626662,1.4929072,26.947561,-0.21376301,2.4448104,156.12955,0.27423775,0.27423775,1.0,156.12955,0.6827941,0.09957621,1.0626662,0.0010853049,0.38705137,0.09411546,0.0,1.4929072,2.4448104,0.27423775,0.21376301,0.0,0.38705137,0.21376301,0.8227513,0.27423775,1.0,0.33064455,lookahead,fk_orig3_bm2-s0to75br1-s75to150br1
/work/T-REX/external/Proteina-Complexa/inference/search_binder_local_pipeline_32_PDL1_ALPHA_REPACK_v7_r005_cand_v7r005_hyp_0005_00_001_a975a719abf41/job_0_n_214_id_22_fk_orig0_bm0-s0to75br3-s75to150br2/job_0_n_214_id_22_fk_orig0_bm0-s0to75br3-s75to150br2.pdb,88,"2,0,13,16,19,16,19,14,11,3,10,18,19,19,6,18,7,15,2,12,16,9,6,4,11,13,14,19,6,11,5,10,3,10,0,0,10,9,19,18,17,6,12,6,3,11,2,9,9,5,13,19,8,7,6,6,3,10,11,19,5,8,15,15,18,1,5,1,0,1,10,10,11,3,5,10,15,10,7,2,0,0,10,5,9,16,3,19,11,10,5,3,0,7,19,18,1,4,12,9,15,18,7,7,0,3,18,11,1,9,16,19,11,19,2,0,16,10,6,10,2,7,11,14,10,14,7,0,19,10,19,15,14,15,11,11,6,18,9,0,3,15,2,7,6,10,19,19,16,3,11,15,15,7,19,18,11,9,11,2,10,14,6,10,2,19,15,11,19,10,19,6,13,11,3,6,2,7,11,19,10,5,15,10,15,19,15,18,3,15,15,11,11,6,19,15,13,9,9,11,16,9,14,6,2,16,11,5,9,2,9,9,11,14,0,0,0,0,0,0,0,0,0,0,0,0,0,0,0,0,0,0",-0.5603296,0.29734692,3.0,0.016416034,123.20304,0.023606429,1.0,0.023606429,0.34509927,0.013213669,0.0,0.0,0.016416034,0.003108898,0.8630043,0.34509927,14.125921,1.4392326,123.20304,-0.5603296,3.972407,243.77312,0.012169235,0.009225638,1.0,243.77312,0.24234146,0.13699564,14.125921,0.003108898,0.0142581025,0.29734692,0.0,1.4392326,3.972407,0.012169235,0.5603296,0.0,0.0142581025,0.5603296,0.5950419,0.009225638,1.0,0.013213669,lookahead,fk_orig0_bm0-s0to75br3-s75to150br2
/work/T-REX/external/Proteina-Complexa/inference/search_binder_local_pipeline_32_PDL1_ALPHA_REPACK_v7_r005_cand_v7r005_hyp_0005_00_001_a975a719abf41/job_0_n_232_id_22_fk_orig1_bm3-s0to75br3-s75to150br2/job_0_n_232_id_22_fk_orig1_bm3-s0to75br3-s75to150br2.pdb,89,"2,0,13,16,19,16,19,14,11,3,10,18,19,19,6,18,7,15,2,12,16,9,6,4,11,13,14,19,6,11,5,10,3,10,0,0,10,9,19,18,17,6,12,6,3,11,2,9,9,5,13,19,8,7,6,6,3,10,11,19,5,8,15,15,18,1,5,1,0,1,10,10,11,3,5,10,15,10,7,2,0,0,10,5,9,16,3,19,11,10,5,3,0,7,19,18,1,4,12,9,15,18,7,7,0,3,18,11,1,9,16,19,11,19,2,0,0,13,16,19,16,19,14,11,3,10,18,19,19,6,18,7,15,2,12,16,9,6,4,11,13,14,19,6,11,5,10,3,10,0,0,10,9,19,18,17,6,12,6,3,11,2,9,9,5,13,19,8,7,6,6,3,10,11,19,5,8,15,15,18,1,5,1,0,1,10,10,11,3,5,10,15,10,7,2,0,0,10,5,9,16,3,19,11,10,5,3,0,7,19,18,1,4,12,9,15,18,7,7,0,3,18,11,1,9,16,19,11,19,2,0,14",-0.5249567,0.29448846,3.0,0.04664905,58.889694,0.04841698,1.0,0.04841698,0.30962002,0.012486136,0.0,0.0,0.04664905,0.0020953766,0.8624036,0.30962002,2.6816568,1.2735164,58.889694,-0.5249567,3.897464,204.34032,0.01215176,0.04488112,1.0,204.34032,0.26213747,0.13759644,2.6816568,0.0020953766,0.012820512,0.29448846,0.0,1.2735164,3.897464,0.01215176,0.5249567,0.0,0.012820512,0.5249567,0.58559525,0.04488112,1.0,0.012486136,lookahead,fk_orig1_bm3-s0to75br3-s75to150br2
/work/T-REX/external/Proteina-Complexa/inference/search_binder_local_pipeline_32_PDL1_ALPHA_REPACK_v7_r005_cand_v7r005_hyp_0005_00_001_a975a719abf41/job_0_n_196_id_22_fk_orig2_bm3-s0to75br2-s75to150br2/job_0_n_196_id_22_fk_orig2_bm3-s0to75br2-s75to150br2.pdb,90,"2,0,13,16,19,16,19,14,11,3,10,18,19,19,6,18,7,15,2,12,16,9,6,4,11,13,14,19,6,11,5,10,3,10,0,0,10,9,19,18,17,6,12,6,3,11,2,9,9,5,13,19,8,7,6,6,3,10,11,19,5,8,15,15,18,1,5,1,0,1,10,10,11,3,5,10,15,10,7,2,0,0,10,5,9,16,3,19,11,10,5,3,0,7,19,18,1,4,12,9,15,18,7,7,0,3,18,11,1,9,16,19,11,19,2,0,17,3,10,0,0,6,3,18,15,1,0,9,6,10,11,14,3,13,0,6,0,18,18,5,1,7,11,0,18,16,5,10,11,5,18,3,10,0,0,6,3,18,16,1,0,9,6,10,11,14,3,13,0,11,0,18,2,6,1,7,11,0,18,12,5,10,7,5,18,3,10,0,7,11,3,13,3,0,18,1,0,0,0,0,0,0,0,0,0,0,0,0,0,0,0,0,0,0,0,0,0,0,0,0,0,0,0,0,0,0,0,0,0,0,0,0",-0.26039913,0.10539762,3.0,0.28784025,67.83463,0.3326137,1.0,0.3326137,0.18426888,0.28784025,0.0,0.0,0.28784025,0.002324377,0.92023706,0.18426888,4.49752,1.3405939,67.83463,-0.26039913,3.289229,151.90813,0.24306677,0.24306677,1.0,151.90813,0.6302153,0.079762936,4.49752,0.002324377,0.3326137,0.10539762,0.0,1.3405939,3.289229,0.24306677,0.26039913,0.0,0.3326137,0.26039913,0.7905557,0.24306677,1.0,0.28784025,lookahead,fk_orig2_bm3-s0to75br2-s75to150br2
/work/T-REX/external/Proteina-Complexa/inference/search_binder_local_pipeline_32_PDL1_ALPHA_REPACK_v7_r005_cand_v7r005_hyp_0005_00_001_a975a719abf41/job_0_n_177_id_22_fk_orig3_bm2-s0to75br1-s75to150br2/job_0_n_177_id_22_fk_orig3_bm2-s0to75br1-s75to150br2.pdb,91,"2,0,13,16,19,16,19,14,11,3,10,18,19,19,6,18,7,15,2,12,16,9,6,4,11,13,14,19,6,11,5,10,3,10,0,0,10,9,19,18,17,6,12,6,3,11,2,9,9,5,13,19,8,7,6,6,3,10,11,19,5,8,15,15,18,1,5,1,0,1,10,10,11,3,5,10,15,10,7,2,0,0,10,5,9,16,3,19,11,10,5,3,0,7,19,18,1,4,12,9,15,18,7,7,0,3,18,11,1,9,16,19,11,19,2,0,2,0,19,2,1,0,0,11,0,18,7,10,3,10,2,6,0,3,10,7,10,10,2,3,10,10,3,6,7,13,3,6,1,8,9,12,6,0,10,15,10,19,11,13,11,11,12,16,19,19,6,0,19,5,6,19,1,1,1,18,0,0,0,0,0,0,0,0,0,0,0,0,0,0,0,0,0,0,0,0,0,0,0,0,0,0,0,0,0,0,0,0,0,0,0,0,0,0,0,0,0,0,0,0,0,0,0,0,0,0,0,0,0,0,0,0",-0.46908525,0.26864702,3.0,0.045859575,49.819786,0.04953324,1.0,0.04953324,0.33594596,0.013392618,0.0,0.0,0.045859575,0.001463723,0.7938856,0.33594596,2.707334,1.5449418,49.819786,-0.46908525,3.4732175,219.13129,0.012492783,0.042185914,1.0,219.13129,0.28938252,0.20611441,2.707334,0.001463723,0.0142924525,0.26864702,0.0,1.5449418,3.4732175,0.012492783,0.46908525,0.0,0.0142924525,0.46908525,0.6836827,0.042185914,1.0,0.013392618,lookahead,fk_orig3_bm2-s0to75br1-s75to150br2
/work/T-REX/external/Proteina-Complexa/inference/search_binder_local_pipeline_32_PDL1_ALPHA_REPACK_v7_r005_cand_v7r005_hyp_0005_00_001_a975a719abf41/job_0_n_214_id_23_fk_orig0_bm0-s0to75br3-s75to150br3/job_0_n_214_id_23_fk_orig0_bm0-s0to75br3-s75to150br3.pdb,92,"2,0,13,16,19,16,19,14,11,3,10,18,19,19,6,18,7,15,2,12,16,9,6,4,11,13,14,19,6,11,5,10,3,10,0,0,10,9,19,18,17,6,12,6,3,11,2,9,9,5,13,19,8,7,6,6,3,10,11,19,5,8,15,15,18,1,5,1,0,1,10,10,11,3,5,10,15,10,7,2,0,0,10,5,9,16,3,19,11,10,5,3,0,7,19,18,1,4,12,9,15,18,7,7,0,3,18,11,1,9,16,19,11,19,2,0,11,9,10,10,2,7,11,14,10,14,2,0,11,10,16,15,9,16,11,11,15,17,16,15,3,15,2,7,9,10,14,9,15,15,10,14,15,7,10,18,6,10,15,8,6,15,10,1,14,10,11,2,14,9,19,19,10,11,3,11,2,7,6,16,10,10,16,10,15,0,15,18,3,15,11,16,15,15,18,13,13,7,9,16,11,14,9,11,3,10,7,15,9,2,19,11,3,11,0,0,0,0,0,0,0,0,0,0,0,0,0,0,0,0,0,0",-0.24134749,0.09533469,3.0,0.33214158,46.869816,0.34875906,1.0,0.34875906,0.1730671,0.33214158,0.0,0.0,0.33214158,0.0023310513,0.9053806,0.1730671,1.989125,1.4738497,46.869816,-0.24134749,2.9711275,188.69193,0.31552407,0.31552407,1.0,188.69193,0.64759743,0.0946194,1.989125,0.0023310513,0.34875906,0.09533469,0.0,1.4738497,2.9711275,0.31552407,0.24134749,0.0,0.34875906,0.24134749,0.7940864,0.31552407,1.0,0.33214158,lookahead,fk_orig0_bm0-s0to75br3-s75to150br3
/work/T-REX/external/Proteina-Complexa/inference/search_binder_local_pipeline_32_PDL1_ALPHA_REPACK_v7_r005_cand_v7r005_hyp_0005_00_001_a975a719abf41/job_0_n_232_id_23_fk_orig1_bm3-s0to75br3-s75to150br3/job_0_n_232_id_23_fk_orig1_bm3-s0to75br3-s75to150br3.pdb,93,"2,0,13,16,19,16,19,14,11,3,10,18,19,19,6,18,7,15,2,12,16,9,6,4,11,13,14,19,6,11,5,10,3,10,0,0,10,9,19,18,17,6,12,6,3,11,2,9,9,5,13,19,8,7,6,6,3,10,11,19,5,8,15,15,18,1,5,1,0,1,10,10,11,3,5,10,15,10,7,2,0,0,10,5,9,16,3,19,11,10,5,3,0,7,19,18,1,4,12,9,15,18,7,7,0,3,18,11,1,9,16,19,11,19,2,0,0,13,16,19,16,19,14,11,3,10,18,19,19,6,18,7,15,2,12,16,9,6,4,11,13,14,19,6,11,5,10,3,10,0,0,10,9,19,18,17,6,12,6,3,11,2,9,9,5,13,19,8,7,6,6,3,10,11,19,5,8,15,15,18,1,5,1,0,1,10,10,11,3,5,10,15,10,7,2,0,0,10,5,9,16,3,19,11,10,5,3,0,7,19,18,1,4,12,9,15,18,7,7,0,3,18,11,1,9,16,19,11,19,2,0,14",-0.53357416,0.303042,3.0,0.043399073,74.38274,0.04681939,1.0,0.04681939,0.3143377,0.012080701,0.0,0.0,0.043399073,0.0021126862,0.86266434,0.3143377,3.3796334,1.2799193,74.38274,-0.53357416,3.9200635,214.19218,0.011828999,0.039978758,1.0,214.19218,0.25817657,0.13733564,3.3796334,0.0021126862,0.012332404,0.303042,0.0,1.2799193,3.9200635,0.011828999,0.53357416,0.0,0.012332404,0.53357416,0.5838948,0.039978758,1.0,0.012080701,lookahead,fk_orig1_bm3-s0to75br3-s75to150br3
/work/T-REX/external/Proteina-Complexa/inference/search_binder_local_pipeline_32_PDL1_ALPHA_REPACK_v7_r005_cand_v7r005_hyp_0005_00_001_a975a719abf41/job_0_n_196_id_23_fk_orig2_bm3-s0to75br2-s75to150br3/job_0_n_196_id_23_fk_orig2_bm3-s0to75br2-s75to150br3.pdb,94,"2,0,13,16,19,16,19,14,11,3,10,18,19,19,6,18,7,15,2,12,16,9,6,4,11,13,14,19,6,11,5,10,3,10,0,0,10,9,19,18,17,6,12,6,3,11,2,9,9,5,13,19,8,7,6,6,3,10,11,19,5,8,15,15,18,1,5,1,0,1,10,10,11,3,5,10,15,10,7,2,0,0,10,5,9,16,3,19,11,10,5,3,0,7,19,18,1,4,12,9,15,18,7,7,0,3,18,11,1,9,16,19,11,19,2,0,17,3,10,0,19,6,3,18,16,1,0,9,6,10,11,14,3,13,0,6,0,18,13,5,1,7,11,0,18,12,6,10,7,1,18,3,10,0,19,6,3,18,16,1,0,9,6,10,11,14,3,13,0,6,0,18,10,5,1,7,11,0,1,12,6,10,7,6,13,3,10,0,7,11,3,13,3,0,18,11,0,0,0,0,0,0,0,0,0,0,0,0,0,0,0,0,0,0,0,0,0,0,0,0,0,0,0,0,0,0,0,0,0,0,0,0",-0.32316393,0.15292983,3.0,0.18169266,101.14091,0.20328265,1.0,0.20328265,0.22007161,0.16803166,0.0,0.0,0.18169266,0.0017478354,0.91292465,0.22007161,10.170097,1.2711433,101.14091,-0.32316393,3.464071,166.03894,0.14352418,0.16010265,1.0,166.03894,0.5319327,0.08707537,10.170097,0.0017478354,0.19253916,0.15292983,0.0,1.2711433,3.464071,0.14352418,0.32316393,0.0,0.19253916,0.32316393,0.74390507,0.16010265,1.0,0.16803166,lookahead,fk_orig2_bm3-s0to75br2-s75to150br3
/work/T-REX/external/Proteina-Complexa/inference/search_binder_local_pipeline_32_PDL1_ALPHA_REPACK_v7_r005_cand_v7r005_hyp_0005_00_001_a975a719abf41/job_0_n_177_id_23_fk_orig3_bm2-s0to75br1-s75to150br3/job_0_n_177_id_23_fk_orig3_bm2-s0to75br1-s75to150br3.pdb,95,"2,0,13,16,19,16,19,14,11,3,10,18,19,19,6,18,7,15,2,12,16,9,6,4,11,13,14,19,6,11,5,10,3,10,0,0,10,9,19,18,17,6,12,6,3,11,2,9,9,5,13,19,8,7,6,6,3,10,11,19,5,8,15,15,18,1,5,1,0,1,10,10,11,3,5,10,15,10,7,2,0,0,10,5,9,16,3,19,11,10,5,3,0,7,19,18,1,4,12,9,15,18,7,7,0,3,18,11,1,9,16,19,11,19,2,0,3,5,19,5,1,10,0,11,0,10,7,10,15,10,2,5,5,5,10,5,6,10,3,2,0,10,11,6,7,10,2,6,11,5,9,10,6,0,10,15,10,19,15,15,7,11,5,16,19,15,6,0,19,11,2,10,10,5,0,11,2,0,0,0,0,0,0,0,0,0,0,0,0,0,0,0,0,0,0,0,0,0,0,0,0,0,0,0,0,0,0,0,0,0,0,0,0,0,0,0,0,0,0,0,0,0,0,0,0,0,0,0,0,0,0,0",-0.3101371,0.16480581,3.0,0.16196632,36.801655,0.18313535,1.0,0.18313535,0.2384674,0.1496047,0.0,0.0,0.16196632,0.002863499,0.8277807,0.2384674,1.4227672,1.8482524,36.801655,-0.3101371,3.0348125,190.68399,0.13653997,0.14079732,1.0,190.68399,0.5105365,0.17221928,1.4227672,0.002863499,0.16266942,0.16480581,0.0,1.8482524,3.0348125,0.13653997,0.3101371,0.0,0.16266942,0.3101371,0.761987,0.14079732,1.0,0.1496047,lookahead,fk_orig3_bm2-s0to75br1-s75to150br3
/work/T-REX/external/Proteina-Complexa/inference/search_binder_local_pipeline_32_PDL1_ALPHA_REPACK_v7_r005_cand_v7r005_hyp_0005_00_001_a975a719abf41/job_0_n_214_id_24_fk_orig0_bm3-s0to75br3-s75to150br0/job_0_n_214_id_24_fk_orig0_bm3-s0to75br3-s75to150br0.pdb,96,"2,0,13,16,19,16,19,14,11,3,10,18,19,19,6,18,7,15,2,12,16,9,6,4,11,13,14,19,6,11,5,10,3,10,0,0,10,9,19,18,17,6,12,6,3,11,2,9,9,5,13,19,8,7,6,6,3,10,11,19,5,8,15,15,18,1,5,1,0,1,10,10,11,3,5,10,15,10,7,2,0,0,10,5,9,16,3,19,11,10,5,3,0,7,19,18,1,4,12,9,15,18,7,7,0,3,18,11,1,9,16,19,11,19,2,0,15,16,9,15,0,6,0,7,15,15,19,16,10,14,4,7,9,16,2,14,15,15,19,16,17,11,11,6,16,14,6,7,3,5,10,9,10,16,18,15,2,7,5,19,6,18,15,3,3,13,11,7,1,0,16,10,3,16,15,2,7,15,10,16,10,15,2,10,11,14,15,3,15,7,9,18,19,4,10,0,15,15,2,7,11,10,5,3,11,11,9,5,10,2,19,10,6,14,0,0,0,0,0,0,0,0,0,0,0,0,0,0,0,0,0,0",-0.20079191,0.0657728,3.0,0.48248193,57.94011,0.50315654,1.0,0.50315654,0.15074997,0.48248193,0.0,0.0,0.48248193,0.0028179428,0.9279524,0.15074997,3.199871,1.3100047,57.94011,-0.20079191,2.9945612,178.44878,0.4618073,0.4618073,1.0,178.44878,0.7586526,0.072047584,3.199871,0.0028179428,0.50315654,0.0657728,0.0,1.3100047,2.9945612,0.4618073,0.20079191,0.0,0.50315654,0.20079191,0.8339256,0.4618073,1.0,0.48248193,lookahead,fk_orig0_bm3-s0to75br3-s75to150br0
/work/T-REX/external/Proteina-Complexa/inference/search_binder_local_pipeline_32_PDL1_ALPHA_REPACK_v7_r005_cand_v7r005_hyp_0005_00_001_a975a719abf41/job_0_n_232_id_24_fk_orig1_bm3-s0to75br0-s75to150br0/job_0_n_232_id_24_fk_orig1_bm3-s0to75br0-s75to150br0.pdb,97,"2,0,13,16,19,16,19,14,11,3,10,18,19,19,6,18,7,15,2,12,16,9,6,4,11,13,14,19,6,11,5,10,3,10,0,0,10,9,19,18,17,6,12,6,3,11,2,9,9,5,13,19,8,7,6,6,3,10,11,19,5,8,15,15,18,1,5,1,0,1,10,10,11,3,5,10,15,10,7,2,0,0,10,5,9,16,3,19,11,10,5,3,0,7,19,18,1,4,12,9,15,18,7,7,0,3,18,11,1,9,16,19,11,19,2,0,0,13,16,19,16,19,14,11,3,10,18,19,19,6,18,7,15,2,12,16,9,6,4,11,13,14,19,6,11,5,10,3,10,0,0,10,9,19,18,17,6,12,6,3,11,2,9,9,5,13,19,8,7,6,6,3,10,11,19,5,8,15,15,18,1,5,1,0,1,10,10,11,3,5,10,15,10,7,2,0,0,10,5,9,16,3,19,11,10,5,3,0,7,19,18,1,4,12,9,15,18,7,7,0,3,18,11,1,9,16,19,11,19,2,0,14",-0.5305063,0.30282766,3.0,0.044645663,77.27891,0.047335703,1.0,0.047335703,0.3127445,0.0122089675,0.0,0.0,0.044645663,0.002088514,0.86251754,0.3127445,3.3536584,1.2800128,77.27891,-0.5305063,3.91291,212.86523,0.01195148,0.041955624,1.0,212.86523,0.26103523,0.13748248,3.3536584,0.002088514,0.012466455,0.30282766,0.0,1.2800128,3.91291,0.01195148,0.5305063,0.0,0.012466455,0.5305063,0.58506274,0.041955624,1.0,0.0122089675,lookahead,fk_orig1_bm3-s0to75br0-s75to150br0
/work/T-REX/external/Proteina-Complexa/inference/search_binder_local_pipeline_32_PDL1_ALPHA_REPACK_v7_r005_cand_v7r005_hyp_0005_00_001_a975a719abf41/job_0_n_196_id_24_fk_orig2_bm3-s0to75br2-s75to150br0/job_0_n_196_id_24_fk_orig2_bm3-s0to75br2-s75to150br0.pdb,98,"2,0,13,16,19,16,19,14,11,3,10,18,19,19,6,18,7,15,2,12,16,9,6,4,11,13,14,19,6,11,5,10,3,10,0,0,10,9,19,18,17,6,12,6,3,11,2,9,9,5,13,19,8,7,6,6,3,10,11,19,5,8,15,15,18,1,5,1,0,1,10,10,11,3,5,10,15,10,7,2,0,0,10,5,9,16,3,19,11,10,5,3,0,7,19,18,1,4,12,9,15,18,7,7,0,3,18,11,1,9,16,19,11,19,2,0,10,3,6,0,0,0,0,18,11,1,0,9,6,10,2,14,2,3,13,6,0,17,11,6,10,7,11,19,18,6,11,10,2,11,10,3,6,0,0,11,0,18,11,6,0,9,11,10,11,14,2,3,0,6,0,17,2,6,10,7,19,19,18,12,11,10,7,11,13,3,6,0,7,11,0,13,3,6,0,1,0,0,0,0,0,0,0,0,0,0,0,0,0,0,0,0,0,0,0,0,0,0,0,0,0,0,0,0,0,0,0,0,0,0,0,0",-0.3625837,0.17155305,3.0,0.14458334,81.52065,0.16312744,1.0,0.16312744,0.24105084,0.10252998,0.0,0.0,0.14458334,0.0011682957,0.9089348,0.24105084,6.9168344,1.2142029,81.52065,-0.3625837,3.5895898,161.03896,0.08558111,0.12603925,1.0,161.03896,0.44422746,0.09106523,6.9168344,0.0011682957,0.11947885,0.17155305,0.0,1.2142029,3.5895898,0.08558111,0.3625837,0.0,0.11947885,0.3625837,0.7073437,0.12603925,1.0,0.10252998,lookahead,fk_orig2_bm3-s0to75br2-s75to150br0
/work/T-REX/external/Proteina-Complexa/inference/search_binder_local_pipeline_32_PDL1_ALPHA_REPACK_v7_r005_cand_v7r005_hyp_0005_00_001_a975a719abf41/job_0_n_177_id_24_fk_orig3_bm1-s0to75br0-s75to150br0/job_0_n_177_id_24_fk_orig3_bm1-s0to75br0-s75to150br0.pdb,99,"2,0,13,16,19,16,19,14,11,3,10,18,19,19,6,18,7,15,2,12,16,9,6,4,11,13,14,19,6,11,5,10,3,10,0,0,10,9,19,18,17,6,12,6,3,11,2,9,9,5,13,19,8,7,6,6,3,10,11,19,5,8,15,15,18,1,5,1,0,1,10,10,11,3,5,10,15,10,7,2,0,0,10,5,9,16,3,19,11,10,5,3,0,7,19,18,1,4,12,9,15,18,7,7,0,3,18,11,1,9,16,19,11,19,2,0,15,0,10,2,2,12,0,10,9,10,11,11,6,7,1,10,3,6,0,6,8,10,18,1,11,0,10,6,3,2,14,2,3,0,2,0,8,2,7,10,0,19,19,10,11,6,5,7,1,10,3,6,0,6,11,6,18,5,11,19,10,0,0,0,0,0,0,0,0,0,0,0,0,0,0,0,0,0,0,0,0,0,0,0,0,0,0,0,0,0,0,0,0,0,0,0,0,0,0,0,0,0,0,0,0,0,0,0,0,0,0,0,0,0,0,0",-0.21096641,0.0748276,3.0,0.37822446,68.31777,0.47360417,1.0,0.47360417,0.16370156,0.37822446,0.0,0.0,0.37822446,0.0038393093,0.91452384,0.16370156,3.4067698,1.4080341,68.31777,-0.21096641,2.7296484,170.8851,0.28284475,0.28284475,1.0,170.8851,0.70475334,0.08547619,3.4067698,0.0038393093,0.47360417,0.0748276,0.0,1.4080341,2.7296484,0.28284475,0.21096641,0.0,0.47360417,0.21096641,0.83755195,0.28284475,1.0,0.37822446,lookahead,fk_orig3_bm1-s0to75br0-s75to150br0
/work/T-REX/external/Proteina-Complexa/inference/search_binder_local_pipeline_32_PDL1_ALPHA_REPACK_v7_r005_cand_v7r005_hyp_0005_00_001_a975a719abf41/job_0_n_214_id_25_fk_orig0_bm3-s0to75br3-s75to150br1/job_0_n_214_id_25_fk_orig0_bm3-s0to75br3-s75to150br1.pdb,100,"2,0,13,16,19,16,19,14,11,3,10,18,19,19,6,18,7,15,2,12,16,9,6,4,11,13,14,19,6,11,5,10,3,10,0,0,10,9,19,18,17,6,12,6,3,11,2,9,9,5,13,19,8,7,6,6,3,10,11,19,5,8,15,15,18,1,5,1,0,1,10,10,11,3,5,10,15,10,7,2,0,0,10,5,9,16,3,19,11,10,5,3,0,7,19,18,1,4,12,9,15,18,7,7,0,3,18,11,1,9,16,19,11,19,2,0,15,10,19,2,7,16,0,7,7,15,19,16,10,14,4,7,10,11,7,0,15,15,0,9,17,11,11,5,19,7,3,11,3,10,10,19,0,5,9,15,15,6,7,6,18,9,0,3,15,13,11,7,1,0,2,10,15,11,15,3,13,15,10,5,10,15,3,10,11,14,15,3,15,7,9,18,19,4,10,7,13,19,2,7,11,14,19,3,11,11,9,16,10,2,19,11,19,14,0,0,0,0,0,0,0,0,0,0,0,0,0,0,0,0,0,0",-0.46772838,0.257871,3.0,0.08329257,129.92873,0.089410394,1.0,0.089410394,0.3087444,0.014057811,0.0,0.0,0.08329257,0.002823082,0.80977714,0.3087444,29.14953,1.6648377,129.92873,-0.46772838,3.861939,249.78778,0.013306384,0.077174746,1.0,249.78778,0.3348456,0.19022283,29.14953,0.002823082,0.014809239,0.257871,0.0,1.6648377,3.861939,0.013306384,0.46772838,0.0,0.014809239,0.46772838,0.64143264,0.077174746,1.0,0.014057811,lookahead,fk_orig0_bm3-s0to75br3-s75to150br1
/work/T-REX/external/Proteina-Complexa/inference/search_binder_local_pipeline_32_PDL1_ALPHA_REPACK_v7_r005_cand_v7r005_hyp_0005_00_001_a975a719abf41/job_0_n_232_id_25_fk_orig1_bm3-s0to75br0-s75to150br1/job_0_n_232_id_25_fk_orig1_bm3-s0to75br0-s75to150br1.pdb,101,"2,0,13,16,19,16,19,14,11,3,10,18,19,19,6,18,7,15,2,12,16,9,6,4,11,13,14,19,6,11,5,10,3,10,0,0,10,9,19,18,17,6,12,6,3,11,2,9,9,5,13,19,8,7,6,6,3,10,11,19,5,8,15,15,18,1,5,1,0,1,10,10,11,3,5,10,15,10,7,2,0,0,10,5,9,16,3,19,11,10,5,3,0,7,19,18,1,4,12,9,15,18,7,7,0,3,18,11,1,9,16,19,11,19,2,0,0,13,16,19,16,19,14,11,3,10,18,19,19,6,18,7,15,2,12,16,9,6,4,11,13,14,19,6,11,5,10,3,10,0,0,10,9,19,18,17,6,12,6,3,11,2,9,9,5,13,19,8,7,6,6,3,10,11,19,5,8,15,15,18,1,5,1,0,1,10,10,11,3,5,10,15,10,7,2,0,0,10,5,9,16,3,19,11,10,5,3,0,7,19,18,1,4,12,9,15,18,7,7,0,3,18,11,1,9,16,19,11,19,2,0,14",-0.5315031,0.30213374,3.0,0.04383601,72.125305,0.047217954,1.0,0.047217954,0.31343445,0.012226701,0.0,0.0,0.04383601,0.002090039,0.86134577,0.31343445,2.6135278,1.2835556,72.125305,-0.5315031,3.9142082,217.42088,0.011960136,0.040454064,1.0,217.42088,0.25860715,0.13865425,2.6135278,0.002090039,0.012493265,0.30213374,0.0,1.2835556,3.9142082,0.011960136,0.5315031,0.0,0.012493265,0.5315031,0.5834105,0.040454064,1.0,0.012226701,lookahead,fk_orig1_bm3-s0to75br0-s75to150br1
/work/T-REX/external/Proteina-Complexa/inference/search_binder_local_pipeline_32_PDL1_ALPHA_REPACK_v7_r005_cand_v7r005_hyp_0005_00_001_a975a719abf41/job_0_n_196_id_25_fk_orig2_bm3-s0to75br2-s75to150br1/job_0_n_196_id_25_fk_orig2_bm3-s0to75br2-s75to150br1.pdb,102,"2,0,13,16,19,16,19,14,11,3,10,18,19,19,6,18,7,15,2,12,16,9,6,4,11,13,14,19,6,11,5,10,3,10,0,0,10,9,19,18,17,6,12,6,3,11,2,9,9,5,13,19,8,7,6,6,3,10,11,19,5,8,15,15,18,1,5,1,0,1,10,10,11,3,5,10,15,10,7,2,0,0,10,5,9,16,3,19,11,10,5,3,0,7,19,18,1,4,12,9,15,18,7,7,0,3,18,11,1,9,16,19,11,19,2,0,13,3,6,0,19,6,0,18,11,1,0,9,6,10,11,14,3,13,0,6,0,8,13,6,10,7,11,0,10,6,0,10,2,1,10,3,6,0,19,6,0,18,11,1,0,9,6,10,11,14,3,13,0,6,0,8,10,6,10,7,11,10,10,12,1,16,7,1,13,3,6,0,7,11,6,13,3,10,18,1,0,0,0,0,0,0,0,0,0,0,0,0,0,0,0,0,0,0,0,0,0,0,0,0,0,0,0,0,0,0,0,0,0,0,0,0",-0.38236246,0.19862036,3.0,0.12981983,91.23039,0.14262721,1.0,0.14262721,0.25957128,0.07951015,0.0,0.0,0.12981983,0.0018431976,0.8838539,0.25957128,7.2485204,1.398778,91.23039,-0.38236246,3.7282257,162.02261,0.0761631,0.11701243,1.0,162.02261,0.40922487,0.11614609,7.2485204,0.0018431976,0.082857214,0.19862036,0.0,1.398778,3.7282257,0.0761631,0.38236246,0.0,0.082857214,0.38236246,0.6989566,0.11701243,1.0,0.07951015,lookahead,fk_orig2_bm3-s0to75br2-s75to150br1
/work/T-REX/external/Proteina-Complexa/inference/search_binder_local_pipeline_32_PDL1_ALPHA_REPACK_v7_r005_cand_v7r005_hyp_0005_00_001_a975a719abf41/job_0_n_177_id_25_fk_orig3_bm1-s0to75br0-s75to150br1/job_0_n_177_id_25_fk_orig3_bm1-s0to75br0-s75to150br1.pdb,103,"2,0,13,16,19,16,19,14,11,3,10,18,19,19,6,18,7,15,2,12,16,9,6,4,11,13,14,19,6,11,5,10,3,10,0,0,10,9,19,18,17,6,12,6,3,11,2,9,9,5,13,19,8,7,6,6,3,10,11,19,5,8,15,15,18,1,5,1,0,1,10,10,11,3,5,10,15,10,7,2,0,0,10,5,9,16,3,19,11,10,5,3,0,7,19,18,1,4,12,9,15,18,7,7,0,3,18,11,1,9,16,19,11,19,2,0,15,7,19,2,9,12,7,2,16,10,10,11,6,7,11,14,10,6,0,6,8,10,18,1,11,0,10,11,3,7,3,0,15,0,3,16,10,2,7,10,7,19,0,10,6,11,10,7,11,10,3,6,0,6,11,19,18,5,1,9,10,0,0,0,0,0,0,0,0,0,0,0,0,0,0,0,0,0,0,0,0,0,0,0,0,0,0,0,0,0,0,0,0,0,0,0,0,0,0,0,0,0,0,0,0,0,0,0,0,0,0,0,0,0,0,0",-0.15869358,0.057264805,3.0,0.55793923,29.000757,0.6385676,1.0,0.6385676,0.12981166,0.55793923,0.0,0.0,0.55793923,0.0026659332,0.93086284,0.12981166,1.0074784,1.3871478,29.000757,-0.15869358,2.257846,147.90828,0.4773108,0.4773108,1.0,147.90828,0.8003383,0.069137156,1.0074784,0.0026659332,0.6385676,0.057264805,0.0,1.3871478,2.257846,0.4773108,0.15869358,0.0,0.6385676,0.15869358,0.87431896,0.4773108,1.0,0.55793923,lookahead,fk_orig3_bm1-s0to75br0-s75to150br1
/work/T-REX/external/Proteina-Complexa/inference/search_binder_local_pipeline_32_PDL1_ALPHA_REPACK_v7_r005_cand_v7r005_hyp_0005_00_001_a975a719abf41/job_0_n_214_id_26_fk_orig0_bm3-s0to75br3-s75to150br2/job_0_n_214_id_26_fk_orig0_bm3-s0to75br3-s75to150br2.pdb,104,"2,0,13,16,19,16,19,14,11,3,10,18,19,19,6,18,7,15,2,12,16,9,6,4,11,13,14,19,6,11,5,10,3,10,0,0,10,9,19,18,17,6,12,6,3,11,2,9,9,5,13,19,8,7,6,6,3,10,11,19,5,8,15,15,18,1,5,1,0,1,10,10,11,3,5,10,15,10,7,2,0,0,10,5,9,16,3,19,11,10,5,3,0,7,19,18,1,4,12,9,15,18,7,7,0,3,18,11,1,9,16,19,11,19,2,0,15,10,19,2,7,16,6,7,0,15,19,16,10,14,4,7,9,11,2,13,2,2,10,19,17,11,11,19,9,2,2,11,3,5,2,9,10,5,18,0,2,7,11,19,16,18,13,3,14,18,11,7,1,13,2,10,2,16,15,3,7,15,10,16,9,16,3,10,11,14,15,3,15,7,9,18,16,4,10,19,7,16,6,11,7,10,11,3,11,11,9,5,10,2,19,16,0,14,0,0,0,0,0,0,0,0,0,0,0,0,0,0,0,0,0,0",-0.20241138,0.06253479,3.0,0.49457252,64.28649,0.5112022,1.0,0.5112022,0.1565907,0.49457252,0.0,0.0,0.49457252,0.0026329518,0.91463536,0.1565907,2.6125875,1.4676948,64.28649,-0.20241138,3.0582137,180.39363,0.4779428,0.4779428,1.0,180.39363,0.7690218,0.08536463,2.6125875,0.0026329518,0.5112022,0.06253479,0.0,1.4676948,3.0582137,0.4779428,0.20241138,0.0,0.5112022,0.20241138,0.84198165,0.4779428,1.0,0.49457252,lookahead,fk_orig0_bm3-s0to75br3-s75to150br2
/work/T-REX/external/Proteina-Complexa/inference/search_binder_local_pipeline_32_PDL1_ALPHA_REPACK_v7_r005_cand_v7r005_hyp_0005_00_001_a975a719abf41/job_0_n_232_id_26_fk_orig1_bm3-s0to75br0-s75to150br2/job_0_n_232_id_26_fk_orig1_bm3-s0to75br0-s75to150br2.pdb,105,"2,0,13,16,19,16,19,14,11,3,10,18,19,19,6,18,7,15,2,12,16,9,6,4,11,13,14,19,6,11,5,10,3,10,0,0,10,9,19,18,17,6,12,6,3,11,2,9,9,5,13,19,8,7,6,6,3,10,11,19,5,8,15,15,18,1,5,1,0,1,10,10,11,3,5,10,15,10,7,2,0,0,10,5,9,16,3,19,11,10,5,3,0,7,19,18,1,4,12,9,15,18,7,7,0,3,18,11,1,9,16,19,11,19,2,0,0,13,16,19,16,19,14,11,3,10,18,19,19,6,18,7,15,2,12,16,9,6,4,11,13,14,19,6,11,5,10,3,10,0,0,10,9,19,18,17,6,12,6,3,11,2,9,9,5,13,19,8,7,6,6,3,10,11,19,5,8,15,15,18,1,5,1,0,1,10,10,11,3,5,10,15,10,7,2,0,0,10,5,9,16,3,19,11,10,5,3,0,7,19,18,1,4,12,9,15,18,7,7,0,3,18,11,1,9,16,19,11,19,2,0,14",-0.527653,0.2964918,3.0,0.04543458,70.52638,0.047969572,1.0,0.047969572,0.31125653,0.012416537,0.0,0.0,0.04543458,0.0021201074,0.86192405,0.31125653,2.7742152,1.2789946,70.52638,-0.527653,3.9085493,210.55139,0.01228838,0.042899583,1.0,210.55139,0.26099604,0.13807596,2.7742152,0.0021201074,0.012544693,0.2964918,0.0,1.2789946,3.9085493,0.01228838,0.527653,0.0,0.012544693,0.527653,0.5850525,0.042899583,1.0,0.012416537,lookahead,fk_orig1_bm3-s0to75br0-s75to150br2
/work/T-REX/external/Proteina-Complexa/inference/search_binder_local_pipeline_32_PDL1_ALPHA_REPACK_v7_r005_cand_v7r005_hyp_0005_00_001_a975a719abf41/job_0_n_196_id_26_fk_orig2_bm3-s0to75br2-s75to150br2/job_0_n_196_id_26_fk_orig2_bm3-s0to75br2-s75to150br2.pdb,106,"2,0,13,16,19,16,19,14,11,3,10,18,19,19,6,18,7,15,2,12,16,9,6,4,11,13,14,19,6,11,5,10,3,10,0,0,10,9,19,18,17,6,12,6,3,11,2,9,9,5,13,19,8,7,6,6,3,10,11,19,5,8,15,15,18,1,5,1,0,1,10,10,11,3,5,10,15,10,7,2,0,0,10,5,9,16,3,19,11,10,5,3,0,7,19,18,1,4,12,9,15,18,7,7,0,3,18,11,1,9,16,19,11,19,2,0,18,3,10,0,0,6,3,18,16,1,0,9,6,10,11,14,3,13,0,6,0,18,18,5,1,7,11,0,18,13,11,10,11,1,18,3,10,0,19,6,3,18,16,5,0,9,6,10,11,14,3,13,0,6,0,18,10,6,1,7,11,0,18,12,6,10,7,5,18,3,10,0,7,11,3,13,3,0,18,1,0,0,0,0,0,0,0,0,0,0,0,0,0,0,0,0,0,0,0,0,0,0,0,0,0,0,0,0,0,0,0,0,0,0,0,0",-0.36221886,0.17587385,3.0,0.14895733,69.02804,0.16654369,1.0,0.16654369,0.24816824,0.113999255,0.0,0.0,0.14895733,0.0029657409,0.88577557,0.24816824,4.611078,1.4150743,69.02804,-0.36221886,3.587888,161.87297,0.099300936,0.13137096,1.0,161.87297,0.4583668,0.11422441,4.611078,0.0029657409,0.12869757,0.17587385,0.0,1.4150743,3.587888,0.099300936,0.36221886,0.0,0.12869757,0.36221886,0.71109617,0.13137096,1.0,0.113999255,lookahead,fk_orig2_bm3-s0to75br2-s75to150br2
/work/T-REX/external/Proteina-Complexa/inference/search_binder_local_pipeline_32_PDL1_ALPHA_REPACK_v7_r005_cand_v7r005_hyp_0005_00_001_a975a719abf41/job_0_n_177_id_26_fk_orig3_bm1-s0to75br0-s75to150br2/job_0_n_177_id_26_fk_orig3_bm1-s0to75br0-s75to150br2.pdb,107,"2,0,13,16,19,16,19,14,11,3,10,18,19,19,6,18,7,15,2,12,16,9,6,4,11,13,14,19,6,11,5,10,3,10,0,0,10,9,19,18,17,6,12,6,3,11,2,9,9,5,13,19,8,7,6,6,3,10,11,19,5,8,15,15,18,1,5,1,0,1,10,10,11,3,5,10,15,10,7,2,0,0,10,5,9,16,3,19,11,10,5,3,0,7,19,18,1,4,12,9,15,18,7,7,0,3,18,11,1,9,16,19,11,19,2,0,15,5,10,2,11,12,7,19,9,5,11,11,10,7,1,10,3,6,0,6,8,10,18,1,12,0,10,6,6,11,14,2,3,0,3,0,8,8,2,10,7,19,19,10,11,6,10,7,1,10,3,6,0,6,11,6,18,6,10,0,10,0,0,0,0,0,0,0,0,0,0,0,0,0,0,0,0,0,0,0,0,0,0,0,0,0,0,0,0,0,0,0,0,0,0,0,0,0,0,0,0,0,0,0,0,0,0,0,0,0,0,0,0,0,0,0",-0.3250241,0.16297112,3.0,0.14643317,26.464725,0.18385485,1.0,0.18385485,0.23428218,0.12751287,0.0,0.0,0.14643317,0.003083539,0.8916361,0.23428218,1.9405596,1.2584249,26.464725,-0.3250241,3.1925373,149.54988,0.09929849,0.1090115,1.0,149.54988,0.4923072,0.10836393,1.9405596,0.003083539,0.15572725,0.16297112,0.0,1.2584249,3.1925373,0.09929849,0.3250241,0.0,0.15572725,0.3250241,0.7538117,0.1090115,1.0,0.12751287,lookahead,fk_orig3_bm1-s0to75br0-s75to150br2
/work/T-REX/external/Proteina-Complexa/inference/search_binder_local_pipeline_32_PDL1_ALPHA_REPACK_v7_r005_cand_v7r005_hyp_0005_00_001_a975a719abf41/job_0_n_214_id_27_fk_orig0_bm3-s0to75br3-s75to150br3/job_0_n_214_id_27_fk_orig0_bm3-s0to75br3-s75to150br3.pdb,108,"2,0,13,16,19,16,19,14,11,3,10,18,19,19,6,18,7,15,2,12,16,9,6,4,11,13,14,19,6,11,5,10,3,10,0,0,10,9,19,18,17,6,12,6,3,11,2,9,9,5,13,19,8,7,6,6,3,10,11,19,5,8,15,15,18,1,5,1,0,1,10,10,11,3,5,10,15,10,7,2,0,0,10,5,9,16,3,19,11,10,5,3,0,7,19,18,1,4,12,9,15,18,7,7,0,3,18,11,1,9,16,19,11,19,2,0,15,9,19,15,7,19,0,7,15,2,19,16,10,14,4,7,9,2,2,14,15,15,19,15,17,13,11,19,16,14,15,7,3,5,11,9,10,15,18,15,2,7,5,19,6,10,18,14,14,18,6,5,1,0,11,10,10,16,3,2,18,15,10,10,10,5,3,10,1,10,15,3,15,7,9,18,19,4,10,7,7,15,15,15,7,10,11,3,11,1,9,5,10,2,19,16,19,14,0,0,0,0,0,0,0,0,0,0,0,0,0,0,0,0,0,0",-0.34448323,0.16988683,3.0,0.175723,56.97815,0.18366164,1.0,0.18366164,0.2369742,0.15417784,0.0,0.0,0.175723,0.0019532393,0.88039696,0.2369742,1.8866553,1.4681116,56.97815,-0.34448323,3.4679856,183.30954,0.14347261,0.16778436,1.0,183.30954,0.5269383,0.11960306,1.8866553,0.0019532393,0.16488309,0.16988683,0.0,1.4681116,3.4679856,0.14347261,0.34448323,0.0,0.16488309,0.34448323,0.732623,0.16778436,1.0,0.15417784,lookahead,fk_orig0_bm3-s0to75br3-s75to150br3
/work/T-REX/external/Proteina-Complexa/inference/search_binder_local_pipeline_32_PDL1_ALPHA_REPACK_v7_r005_cand_v7r005_hyp_0005_00_001_a975a719abf41/job_0_n_232_id_27_fk_orig1_bm3-s0to75br0-s75to150br3/job_0_n_232_id_27_fk_orig1_bm3-s0to75br0-s75to150br3.pdb,109,"2,0,13,16,19,16,19,14,11,3,10,18,19,19,6,18,7,15,2,12,16,9,6,4,11,13,14,19,6,11,5,10,3,10,0,0,10,9,19,18,17,6,12,6,3,11,2,9,9,5,13,19,8,7,6,6,3,10,11,19,5,8,15,15,18,1,5,1,0,1,10,10,11,3,5,10,15,10,7,2,0,0,10,5,9,16,3,19,11,10,5,3,0,7,19,18,1,4,12,9,15,18,7,7,0,3,18,11,1,9,16,19,11,19,2,0,0,13,16,19,16,19,14,11,3,10,18,19,19,6,18,7,15,2,12,16,9,6,4,11,13,14,19,6,11,5,10,3,10,0,0,10,9,19,18,17,6,12,6,3,11,2,9,9,5,13,19,8,7,6,6,3,10,11,19,5,8,15,15,18,1,5,1,0,1,10,10,11,3,5,10,15,10,7,2,0,0,10,5,9,16,3,19,11,10,5,3,0,7,19,18,1,4,12,9,15,18,7,7,0,3,18,11,1,9,16,19,11,19,2,0,14",-0.5226286,0.2904117,3.0,0.04844319,74.01192,0.051414832,1.0,0.051414832,0.30901867,0.012620068,0.0,0.0,0.04844319,0.0021331992,0.8609105,0.30901867,3.0250926,1.2817653,74.01192,-0.5226286,3.8936126,213.9692,0.012286375,0.04547155,1.0,213.9692,0.26482067,0.13908952,3.0250926,0.0021331992,0.012953761,0.2904117,0.0,1.2817653,3.8936126,0.012286375,0.5226286,0.0,0.012953761,0.5226286,0.5864247,0.04547155,1.0,0.012620068,lookahead,fk_orig1_bm3-s0to75br0-s75to150br3
/work/T-REX/external/Proteina-Complexa/inference/search_binder_local_pipeline_32_PDL1_ALPHA_REPACK_v7_r005_cand_v7r005_hyp_0005_00_001_a975a719abf41/job_0_n_196_id_27_fk_orig2_bm3-s0to75br2-s75to150br3/job_0_n_196_id_27_fk_orig2_bm3-s0to75br2-s75to150br3.pdb,110,"2,0,13,16,19,16,19,14,11,3,10,18,19,19,6,18,7,15,2,12,16,9,6,4,11,13,14,19,6,11,5,10,3,10,0,0,10,9,19,18,17,6,12,6,3,11,2,9,9,5,13,19,8,7,6,6,3,10,11,19,5,8,15,15,18,1,5,1,0,1,10,10,11,3,5,10,15,10,7,2,0,0,10,5,9,16,3,19,11,10,5,3,0,7,19,18,1,4,12,9,15,18,7,7,0,3,18,11,1,9,16,19,11,19,2,0,18,3,10,0,19,6,3,18,16,1,0,9,6,10,11,14,3,13,0,6,0,18,18,5,1,7,11,0,1,13,15,10,7,2,18,3,10,0,19,6,3,18,16,1,0,9,6,10,11,14,3,13,0,6,0,18,2,6,1,0,11,0,18,12,11,10,7,11,18,3,10,0,7,11,3,10,3,0,18,11,0,0,0,0,0,0,0,0,0,0,0,0,0,0,0,0,0,0,0,0,0,0,0,0,0,0,0,0,0,0,0,0,0,0,0,0",-0.19603868,0.06267319,3.0,0.48533627,37.571377,0.5333134,1.0,0.5333134,0.1457043,0.48533627,0.0,0.0,0.48533627,0.002515047,0.94503045,0.1457043,1.8860343,1.3127854,37.571377,-0.19603868,2.8063571,137.28972,0.43735915,0.43735915,1.0,137.28972,0.77351606,0.05496958,1.8860343,0.002515047,0.5333134,0.06267319,0.0,1.3127854,2.8063571,0.43735915,0.19603868,0.0,0.5333134,0.19603868,0.8527745,0.43735915,1.0,0.48533627,lookahead,fk_orig2_bm3-s0to75br2-s75to150br3
/work/T-REX/external/Proteina-Complexa/inference/search_binder_local_pipeline_32_PDL1_ALPHA_REPACK_v7_r005_cand_v7r005_hyp_0005_00_001_a975a719abf41/job_0_n_177_id_27_fk_orig3_bm1-s0to75br0-s75to150br3/job_0_n_177_id_27_fk_orig3_bm1-s0to75br0-s75to150br3.pdb,111,"2,0,13,16,19,16,19,14,11,3,10,18,19,19,6,18,7,15,2,12,16,9,6,4,11,13,14,19,6,11,5,10,3,10,0,0,10,9,19,18,17,6,12,6,3,11,2,9,9,5,13,19,8,7,6,6,3,10,11,19,5,8,15,15,18,1,5,1,0,1,10,10,11,3,5,10,15,10,7,2,0,0,10,5,9,16,3,19,11,10,5,3,0,7,19,18,1,4,12,9,15,18,7,7,0,3,18,11,1,9,16,19,11,19,2,0,15,7,19,2,9,12,7,1,16,10,10,11,6,2,1,14,3,6,0,6,8,10,13,1,11,0,9,11,3,11,3,6,15,14,6,19,10,2,2,10,0,19,0,10,6,2,10,7,1,6,3,6,0,6,11,19,1,5,1,7,10,0,0,0,0,0,0,0,0,0,0,0,0,0,0,0,0,0,0,0,0,0,0,0,0,0,0,0,0,0,0,0,0,0,0,0,0,0,0,0,0,0,0,0,0,0,0,0,0,0,0,0,0,0,0,0",-0.15373486,0.051006492,3.0,0.59814155,44.49891,0.67138815,1.0,0.67138815,0.12727378,0.59814155,0.0,0.0,0.59814155,0.005292158,0.9312353,0.12727378,1.8878584,1.3814881,44.49891,-0.15373486,2.2046094,173.45175,0.5248949,0.5248949,1.0,173.45175,0.81557995,0.06876467,1.8878584,0.005292158,0.67138815,0.051006492,0.0,1.3814881,2.2046094,0.5248949,0.15373486,0.0,0.67138815,0.15373486,0.87819195,0.5248949,1.0,0.59814155,lookahead,fk_orig3_bm1-s0to75br0-s75to150br3
/work/T-REX/external/Proteina-Complexa/inference/search_binder_local_pipeline_32_PDL1_ALPHA_REPACK_v7_r005_cand_v7r005_hyp_0005_00_001_a975a719abf41/job_0_n_214_id_28_fk_orig0_bm0-s0to75br3-s75to150br0/job_0_n_214_id_28_fk_orig0_bm0-s0to75br3-s75to150br0.pdb,112,"2,0,13,16,19,16,19,14,11,3,10,18,19,19,6,18,7,15,2,12,16,9,6,4,11,13,14,19,6,11,5,10,3,10,0,0,10,9,19,18,17,6,12,6,3,11,2,9,9,5,13,19,8,7,6,6,3,10,11,19,5,8,15,15,18,1,5,1,0,1,10,10,11,3,5,10,15,10,7,2,0,0,10,5,9,16,3,19,11,10,5,3,0,7,19,18,1,4,12,9,15,18,7,7,0,3,18,11,1,9,16,19,11,19,2,0,5,10,10,10,2,7,11,14,10,15,7,19,11,19,9,15,14,11,11,6,6,0,9,16,3,2,3,7,18,13,15,13,11,6,19,6,0,7,13,18,11,10,11,2,10,14,15,2,16,14,0,15,7,11,19,10,10,11,3,10,2,7,11,19,10,3,6,15,16,18,11,18,3,14,11,16,11,6,0,9,13,7,13,15,16,9,14,2,11,14,13,16,9,6,10,19,15,11,0,0,0,0,0,0,0,0,0,0,0,0,0,0,0,0,0,0",-0.29826444,0.14722978,3.0,0.22084683,61.48179,0.22434795,1.0,0.22434795,0.20901376,0.2170639,0.0,0.0,0.22084683,0.0036139786,0.87783754,0.20901376,4.5520587,1.567893,61.48179,-0.29826444,3.0832348,209.17688,0.21032943,0.21734573,1.0,209.17688,0.5830147,0.122162454,4.5520587,0.0036139786,0.22379838,0.14722978,0.0,1.567893,3.0832348,0.21032943,0.29826444,0.0,0.22379838,0.29826444,0.7657976,0.21734573,1.0,0.2170639,lookahead,fk_orig0_bm0-s0to75br3-s75to150br0
/work/T-REX/external/Proteina-Complexa/inference/search_binder_local_pipeline_32_PDL1_ALPHA_REPACK_v7_r005_cand_v7r005_hyp_0005_00_001_a975a719abf41/job_0_n_232_id_28_fk_orig1_bm0-s0to75br2-s75to150br0/job_0_n_232_id_28_fk_orig1_bm0-s0to75br2-s75to150br0.pdb,113,"2,0,13,16,19,16,19,14,11,3,10,18,19,19,6,18,7,15,2,12,16,9,6,4,11,13,14,19,6,11,5,10,3,10,0,0,10,9,19,18,17,6,12,6,3,11,2,9,9,5,13,19,8,7,6,6,3,10,11,19,5,8,15,15,18,1,5,1,0,1,10,10,11,3,5,10,15,10,7,2,0,0,10,5,9,16,3,19,11,10,5,3,0,7,19,18,1,4,12,9,15,18,7,7,0,3,18,11,1,9,16,19,11,19,2,0,2,0,13,16,19,16,19,14,11,3,10,18,19,19,6,18,7,15,2,12,16,9,6,4,11,13,14,19,6,11,5,10,3,10,0,0,10,9,19,18,17,6,12,6,3,11,2,9,9,5,13,19,8,7,6,6,3,10,11,19,5,8,15,15,18,1,5,1,0,1,10,10,11,3,5,10,15,10,7,2,0,0,10,5,9,16,3,19,11,10,5,3,0,7,19,18,1,4,12,9,15,18,7,7,0,3,18,11,1,9,16,19,11,19,2,0",-0.52784675,0.29947782,3.0,0.04597557,55.915913,0.048719924,1.0,0.048719924,0.3118969,0.012277213,0.0,0.0,0.04597557,0.0024973354,0.8600664,0.3118969,2.8321998,1.2829392,55.915913,-0.52784675,3.8865263,201.9112,0.0119858235,0.043231215,1.0,201.9112,0.26147908,0.13993356,2.8321998,0.0024973354,0.012568602,0.29947782,0.0,1.2829392,3.8865263,0.0119858235,0.52784675,0.0,0.012568602,0.52784675,0.5848508,0.043231215,1.0,0.012277213,lookahead,fk_orig1_bm0-s0to75br2-s75to150br0
/work/T-REX/external/Proteina-Complexa/inference/search_binder_local_pipeline_32_PDL1_ALPHA_REPACK_v7_r005_cand_v7r005_hyp_0005_00_001_a975a719abf41/job_0_n_196_id_28_fk_orig2_bm2-s0to75br3-s75to150br0/job_0_n_196_id_28_fk_orig2_bm2-s0to75br3-s75to150br0.pdb,114,"2,0,13,16,19,16,19,14,11,3,10,18,19,19,6,18,7,15,2,12,16,9,6,4,11,13,14,19,6,11,5,10,3,10,0,0,10,9,19,18,17,6,12,6,3,11,2,9,9,5,13,19,8,7,6,6,3,10,11,19,5,8,15,15,18,1,5,1,0,1,10,10,11,3,5,10,15,10,7,2,0,0,10,5,9,16,3,19,11,10,5,3,0,7,19,18,1,4,12,9,15,18,7,7,0,3,18,11,1,9,16,19,11,19,2,0,18,6,6,16,14,6,19,11,3,18,19,1,12,13,5,13,9,8,5,10,6,19,3,7,9,0,7,19,11,16,5,6,0,10,2,16,18,0,11,6,8,7,9,14,14,19,14,19,3,7,9,13,7,0,0,16,6,0,0,19,11,16,9,18,6,10,18,11,2,11,11,9,14,0,14,5,14,18,19,14,0,0,0,0,0,0,0,0,0,0,0,0,0,0,0,0,0,0,0,0,0,0,0,0,0,0,0,0,0,0,0,0,0,0,0,0",-0.23623247,0.086913906,3.0,0.41020662,56.577465,0.4634477,1.0,0.4634477,0.19132055,0.41020662,0.0,0.0,0.41020662,0.006100695,0.8487613,0.19132055,2.6750925,1.8740906,56.577465,-0.23623247,2.595662,209.38037,0.3569655,0.3569655,1.0,209.38037,0.7250854,0.15123866,2.6750925,0.006100695,0.4634477,0.086913906,0.0,1.8740906,2.595662,0.3569655,0.23623247,0.0,0.4634477,0.23623247,0.8234535,0.3569655,1.0,0.41020662,lookahead,fk_orig2_bm2-s0to75br3-s75to150br0
/work/T-REX/external/Proteina-Complexa/inference/search_binder_local_pipeline_32_PDL1_ALPHA_REPACK_v7_r005_cand_v7r005_hyp_0005_00_001_a975a719abf41/job_0_n_177_id_28_fk_orig3_bm1-s0to75br0-s75to150br0/job_0_n_177_id_28_fk_orig3_bm1-s0to75br0-s75to150br0.pdb,115,"2,0,13,16,19,16,19,14,11,3,10,18,19,19,6,18,7,15,2,12,16,9,6,4,11,13,14,19,6,11,5,10,3,10,0,0,10,9,19,18,17,6,12,6,3,11,2,9,9,5,13,19,8,7,6,6,3,10,11,19,5,8,15,15,18,1,5,1,0,1,10,10,11,3,5,10,15,10,7,2,0,0,10,5,9,16,3,19,11,10,5,3,0,7,19,18,1,4,12,9,15,18,7,7,0,3,18,11,1,9,16,19,11,19,2,0,15,1,10,2,6,12,7,10,6,5,13,6,0,7,11,10,3,10,0,6,8,10,18,1,11,0,10,6,3,2,14,2,3,0,2,0,8,2,7,10,0,19,19,10,8,11,5,7,1,10,3,6,0,10,11,6,18,6,16,0,10,0,0,0,0,0,0,0,0,0,0,0,0,0,0,0,0,0,0,0,0,0,0,0,0,0,0,0,0,0,0,0,0,0,0,0,0,0,0,0,0,0,0,0,0,0,0,0,0,0,0,0,0,0,0,0",-0.57199067,0.3497804,3.0,0.0074813925,121.17803,0.008851338,1.0,0.008851338,0.4001154,0.0059561213,0.0,0.0,0.0074813925,0.0029119987,0.78558147,0.4001154,17.440939,1.3520358,121.17803,-0.57199067,3.8067017,244.27835,0.0,0.0061114472,1.0,244.27835,0.19446975,0.21441852,17.440939,0.0029119987,0.0119122425,0.3497804,0.0,1.3520358,3.8067017,0.0,0.57199067,0.0,0.0119122425,0.57199067,0.65245974,0.0061114472,1.0,0.0059561213,lookahead,fk_orig3_bm1-s0to75br0-s75to150br0
/work/T-REX/external/Proteina-Complexa/inference/search_binder_local_pipeline_32_PDL1_ALPHA_REPACK_v7_r005_cand_v7r005_hyp_0005_00_001_a975a719abf41/job_0_n_214_id_29_fk_orig0_bm0-s0to75br3-s75to150br1/job_0_n_214_id_29_fk_orig0_bm0-s0to75br3-s75to150br1.pdb,116,"2,0,13,16,19,16,19,14,11,3,10,18,19,19,6,18,7,15,2,12,16,9,6,4,11,13,14,19,6,11,5,10,3,10,0,0,10,9,19,18,17,6,12,6,3,11,2,9,9,5,13,19,8,7,6,6,3,10,11,19,5,8,15,15,18,1,5,1,0,1,10,10,11,3,5,10,15,10,7,2,0,0,10,5,9,16,3,19,11,10,5,3,0,7,19,18,1,4,12,9,15,18,7,7,0,3,18,11,1,9,16,19,11,19,2,0,15,10,10,13,2,7,11,14,10,0,7,0,6,10,9,16,14,15,7,16,15,18,16,16,3,6,2,7,11,13,9,10,14,11,19,6,6,7,13,18,11,9,11,2,10,14,0,2,16,14,15,16,10,9,19,10,13,11,2,6,6,2,6,19,10,0,5,16,2,0,11,13,3,14,19,6,5,6,18,9,13,7,9,15,11,10,14,6,2,16,0,19,9,6,10,11,6,14,0,0,0,0,0,0,0,0,0,0,0,0,0,0,0,0,0,0",-0.21220693,0.081841715,3.0,0.4592492,77.308586,0.47865143,1.0,0.47865143,0.16437778,0.4592492,0.0,0.0,0.4592492,0.0042625847,0.889084,0.16437778,5.7196784,1.5455307,77.308586,-0.21220693,2.81878,214.38751,0.43984693,0.43984693,1.0,214.38751,0.7236961,0.11091602,5.7196784,0.0042625847,0.47865143,0.081841715,0.0,1.5455307,2.81878,0.43984693,0.21220693,0.0,0.47865143,0.21220693,0.8309162,0.43984693,1.0,0.4592492,lookahead,fk_orig0_bm0-s0to75br3-s75to150br1
/work/T-REX/external/Proteina-Complexa/inference/search_binder_local_pipeline_32_PDL1_ALPHA_REPACK_v7_r005_cand_v7r005_hyp_0005_00_001_a975a719abf41/job_0_n_232_id_29_fk_orig1_bm0-s0to75br2-s75to150br1/job_0_n_232_id_29_fk_orig1_bm0-s0to75br2-s75to150br1.pdb,117,"2,0,13,16,19,16,19,14,11,3,10,18,19,19,6,18,7,15,2,12,16,9,6,4,11,13,14,19,6,11,5,10,3,10,0,0,10,9,19,18,17,6,12,6,3,11,2,9,9,5,13,19,8,7,6,6,3,10,11,19,5,8,15,15,18,1,5,1,0,1,10,10,11,3,5,10,15,10,7,2,0,0,10,5,9,16,3,19,11,10,5,3,0,7,19,18,1,4,12,9,15,18,7,7,0,3,18,11,1,9,16,19,11,19,2,0,2,0,13,16,19,16,19,14,11,3,10,18,19,19,6,18,7,15,2,12,16,9,6,4,11,13,14,19,6,11,5,10,3,10,0,0,10,9,19,18,17,6,12,6,3,11,2,9,9,5,13,19,8,7,6,6,3,10,11,19,5,8,15,15,18,1,5,1,0,1,10,10,11,3,5,10,15,10,7,2,0,0,10,5,9,16,3,19,11,10,5,3,0,7,19,18,1,4,12,9,15,18,7,7,0,3,18,11,1,9,16,19,11,19,2,0",-0.52895683,0.2976189,3.0,0.044402994,57.83402,0.04766176,1.0,0.04766176,0.3122385,0.012412622,0.0,0.0,0.044402994,0.00235539,0.8602085,0.3122385,3.1960819,1.2800235,57.83402,-0.52895683,3.8897574,199.93475,0.012057709,0.04114423,1.0,199.93475,0.2588199,0.13979152,3.1960819,0.00235539,0.012767535,0.2976189,0.0,1.2800235,3.8897574,0.012057709,0.52895683,0.0,0.012767535,0.52895683,0.5837538,0.04114423,1.0,0.012412622,lookahead,fk_orig1_bm0-s0to75br2-s75to150br1
/work/T-REX/external/Proteina-Complexa/inference/search_binder_local_pipeline_32_PDL1_ALPHA_REPACK_v7_r005_cand_v7r005_hyp_0005_00_001_a975a719abf41/job_0_n_196_id_29_fk_orig2_bm2-s0to75br3-s75to150br1/job_0_n_196_id_29_fk_orig2_bm2-s0to75br3-s75to150br1.pdb,118,"2,0,13,16,19,16,19,14,11,3,10,18,19,19,6,18,7,15,2,12,16,9,6,4,11,13,14,19,6,11,5,10,3,10,0,0,10,9,19,18,17,6,12,6,3,11,2,9,9,5,13,19,8,7,6,6,3,10,11,19,5,8,15,15,18,1,5,1,0,1,10,10,11,3,5,10,15,10,7,2,0,0,10,5,9,16,3,19,11,10,5,3,0,7,19,18,1,4,12,9,15,18,7,7,0,3,18,11,1,9,16,19,11,19,2,0,18,6,12,16,14,6,19,11,3,10,19,11,12,13,5,13,9,16,5,10,3,19,3,7,9,0,7,19,11,16,5,16,0,10,2,8,18,10,5,11,18,2,10,6,14,19,14,19,3,7,9,13,7,14,0,16,6,5,0,9,1,16,13,10,6,10,18,2,5,7,11,9,11,10,6,14,14,14,6,0,0,0,0,0,0,0,0,0,0,0,0,0,0,0,0,0,0,0,0,0,0,0,0,0,0,0,0,0,0,0,0,0,0,0,0,0",-0.2668448,0.0931792,3.0,0.37020785,86.48458,0.39998192,1.0,0.39998192,0.23006746,0.37036586,0.0,0.0,0.37020785,0.017331345,0.7886865,0.23006746,3.10337,2.0697854,86.48458,-0.2668448,2.8165421,233.0125,0.34074977,0.3404338,1.0,233.0125,0.64703536,0.21131352,3.10337,0.017331345,0.39998192,0.0931792,0.0,2.0697854,2.8165421,0.34074977,0.2668448,0.0,0.39998192,0.2668448,0.79706764,0.3404338,1.0,0.37036586,lookahead,fk_orig2_bm2-s0to75br3-s75to150br1
/work/T-REX/external/Proteina-Complexa/inference/search_binder_local_pipeline_32_PDL1_ALPHA_REPACK_v7_r005_cand_v7r005_hyp_0005_00_001_a975a719abf41/job_0_n_177_id_29_fk_orig3_bm1-s0to75br0-s75to150br1/job_0_n_177_id_29_fk_orig3_bm1-s0to75br0-s75to150br1.pdb,119,"2,0,13,16,19,16,19,14,11,3,10,18,19,19,6,18,7,15,2,12,16,9,6,4,11,13,14,19,6,11,5,10,3,10,0,0,10,9,19,18,17,6,12,6,3,11,2,9,9,5,13,19,8,7,6,6,3,10,11,19,5,8,15,15,18,1,5,1,0,1,10,10,11,3,5,10,15,10,7,2,0,0,10,5,9,16,3,19,11,10,5,3,0,7,19,18,1,4,12,9,15,18,7,7,0,3,18,11,1,9,16,19,11,19,2,0,15,0,9,2,2,12,7,1,16,10,10,11,6,2,1,14,3,6,0,6,8,10,13,1,11,0,10,6,3,2,14,2,3,0,3,0,10,2,3,10,0,19,0,10,6,6,10,7,1,6,3,6,0,6,11,5,1,5,1,0,6,0,0,0,0,0,0,0,0,0,0,0,0,0,0,0,0,0,0,0,0,0,0,0,0,0,0,0,0,0,0,0,0,0,0,0,0,0,0,0,0,0,0,0,0,0,0,0,0,0,0,0,0,0,0,0",-0.19653094,0.07747406,3.0,0.40156043,51.231785,0.46850124,1.0,0.46850124,0.15383092,0.40156043,0.0,0.0,0.40156043,0.005193189,0.9165659,0.15383092,2.666492,1.4009273,51.231785,-0.19653094,2.5399582,163.73842,0.33461964,0.33461964,1.0,163.73842,0.7253219,0.08343411,2.666492,0.005193189,0.46850124,0.07747406,0.0,1.4009273,2.5399582,0.33461964,0.19653094,0.0,0.46850124,0.19653094,0.84119546,0.33461964,1.0,0.40156043,lookahead,fk_orig3_bm1-s0to75br0-s75to150br1
/work/T-REX/external/Proteina-Complexa/inference/search_binder_local_pipeline_32_PDL1_ALPHA_REPACK_v7_r005_cand_v7r005_hyp_0005_00_001_a975a719abf41/job_0_n_214_id_30_fk_orig0_bm0-s0to75br3-s75to150br2/job_0_n_214_id_30_fk_orig0_bm0-s0to75br3-s75to150br2.pdb,120,"2,0,13,16,19,16,19,14,11,3,10,18,19,19,6,18,7,15,2,12,16,9,6,4,11,13,14,19,6,11,5,10,3,10,0,0,10,9,19,18,17,6,12,6,3,11,2,9,9,5,13,19,8,7,6,6,3,10,11,19,5,8,15,15,18,1,5,1,0,1,10,10,11,3,5,10,15,10,7,2,0,0,10,5,9,16,3,19,11,10,5,3,0,7,19,18,1,4,12,9,15,18,7,7,0,3,18,11,1,9,16,19,11,19,2,0,15,10,16,10,2,7,11,14,10,14,2,0,16,10,16,15,19,5,11,11,16,9,16,16,3,15,2,7,10,13,3,19,15,11,10,16,5,7,10,18,16,10,11,8,3,11,10,2,2,19,11,15,7,11,10,10,13,11,3,15,3,7,2,9,10,5,6,9,3,19,16,18,3,15,11,15,11,6,9,10,13,7,9,16,5,3,9,15,15,19,0,15,9,3,13,19,6,2,0,0,0,0,0,0,0,0,0,0,0,0,0,0,0,0,0,0",-0.22108857,0.08095255,3.0,0.4216739,38.88861,0.43963125,1.0,0.43963125,0.16669784,0.4216739,0.0,0.0,0.4216739,0.0029652168,0.8940201,0.16669784,2.752676,1.5898719,38.88861,-0.22108857,2.8913822,190.5953,0.40371656,0.40371656,1.0,190.5953,0.7059029,0.105979905,2.752676,0.0029652168,0.43963125,0.08095255,0.0,1.5898719,2.8913822,0.40371656,0.22108857,0.0,0.43963125,0.22108857,0.82239866,0.40371656,1.0,0.4216739,lookahead,fk_orig0_bm0-s0to75br3-s75to150br2
/work/T-REX/external/Proteina-Complexa/inference/search_binder_local_pipeline_32_PDL1_ALPHA_REPACK_v7_r005_cand_v7r005_hyp_0005_00_001_a975a719abf41/job_0_n_232_id_30_fk_orig1_bm0-s0to75br2-s75to150br2/job_0_n_232_id_30_fk_orig1_bm0-s0to75br2-s75to150br2.pdb,121,"2,0,13,16,19,16,19,14,11,3,10,18,19,19,6,18,7,15,2,12,16,9,6,4,11,13,14,19,6,11,5,10,3,10,0,0,10,9,19,18,17,6,12,6,3,11,2,9,9,5,13,19,8,7,6,6,3,10,11,19,5,8,15,15,18,1,5,1,0,1,10,10,11,3,5,10,15,10,7,2,0,0,10,5,9,16,3,19,11,10,5,3,0,7,19,18,1,4,12,9,15,18,7,7,0,3,18,11,1,9,16,19,11,19,2,0,2,0,13,16,19,16,19,14,11,3,10,18,19,19,6,18,7,15,2,12,16,9,6,4,11,13,14,19,6,11,5,10,3,10,0,0,10,9,19,18,17,6,12,6,3,11,2,9,9,5,13,19,8,7,6,6,3,10,11,19,5,8,15,15,18,1,5,1,0,1,10,10,11,3,5,10,15,10,7,2,0,0,10,5,9,16,3,19,11,10,5,3,0,7,19,18,1,4,12,9,15,18,7,7,0,3,18,11,1,9,16,19,11,19,2,0",-0.5313963,0.30074358,3.0,0.04343869,60.064484,0.047283303,1.0,0.047283303,0.31365818,0.012119507,0.0,0.0,0.04343869,0.002520746,0.8598381,0.31365818,2.835953,1.2807367,60.064484,-0.5313963,3.8978467,208.38904,0.0118620265,0.03959408,1.0,208.38904,0.25709587,0.14016187,2.835953,0.002520746,0.012376989,0.30074358,0.0,1.2807367,3.8978467,0.0118620265,0.5313963,0.0,0.012376989,0.5313963,0.58284134,0.03959408,1.0,0.012119507,lookahead,fk_orig1_bm0-s0to75br2-s75to150br2
/work/T-REX/external/Proteina-Complexa/inference/search_binder_local_pipeline_32_PDL1_ALPHA_REPACK_v7_r005_cand_v7r005_hyp_0005_00_001_a975a719abf41/job_0_n_196_id_30_fk_orig2_bm2-s0to75br3-s75to150br2/job_0_n_196_id_30_fk_orig2_bm2-s0to75br3-s75to150br2.pdb,122,"2,0,13,16,19,16,19,14,11,3,10,18,19,19,6,18,7,15,2,12,16,9,6,4,11,13,14,19,6,11,5,10,3,10,0,0,10,9,19,18,17,6,12,6,3,11,2,9,9,5,13,19,8,7,6,6,3,10,11,19,5,8,15,15,18,1,5,1,0,1,10,10,11,3,5,10,15,10,7,2,0,0,10,5,9,16,3,19,11,10,5,3,0,7,19,18,1,4,12,9,15,18,7,7,0,3,18,11,1,9,16,19,11,19,2,0,18,6,12,16,5,3,9,19,3,18,19,11,12,16,5,13,9,10,7,10,3,19,3,7,9,0,7,19,11,16,5,6,0,10,2,16,18,0,6,11,2,7,10,11,14,9,14,19,3,7,9,13,7,5,0,16,6,6,0,19,11,6,13,19,16,10,18,2,0,11,11,9,14,10,14,11,14,19,19,14,0,0,0,0,0,0,0,0,0,0,0,0,0,0,0,0,0,0,0,0,0,0,0,0,0,0,0,0,0,0,0,0,0,0,0,0",-0.3261156,0.13753659,3.0,0.20587972,60.406075,0.23341995,1.0,0.23341995,0.25565788,0.20175847,0.0,0.0,0.20587972,0.011576275,0.79725003,0.25565788,2.3207657,1.9505032,60.406075,-0.3261156,3.14023,236.05481,0.17378214,0.17833947,1.0,236.05481,0.5605731,0.20275,2.3207657,0.011576275,0.22973481,0.13753659,0.0,1.9505032,3.14023,0.17378214,0.3261156,0.0,0.22973481,0.3261156,0.75316393,0.17833947,1.0,0.20175847,lookahead,fk_orig2_bm2-s0to75br3-s75to150br2
/work/T-REX/external/Proteina-Complexa/inference/search_binder_local_pipeline_32_PDL1_ALPHA_REPACK_v7_r005_cand_v7r005_hyp_0005_00_001_a975a719abf41/job_0_n_177_id_30_fk_orig3_bm1-s0to75br0-s75to150br2/job_0_n_177_id_30_fk_orig3_bm1-s0to75br0-s75to150br2.pdb,123,"2,0,13,16,19,16,19,14,11,3,10,18,19,19,6,18,7,15,2,12,16,9,6,4,11,13,14,19,6,11,5,10,3,10,0,0,10,9,19,18,17,6,12,6,3,11,2,9,9,5,13,19,8,7,6,6,3,10,11,19,5,8,15,15,18,1,5,1,0,1,10,10,11,3,5,10,15,10,7,2,0,0,10,5,9,16,3,19,11,10,5,3,0,7,19,18,1,4,12,9,15,18,7,7,0,3,18,11,1,9,16,19,11,19,2,0,15,5,0,2,2,12,7,10,11,10,10,11,6,2,1,14,3,6,0,6,8,17,13,1,11,0,10,6,3,2,14,2,3,0,2,0,8,2,7,10,7,15,0,10,6,11,10,2,1,10,3,6,0,6,11,6,18,6,10,0,10,0,0,0,0,0,0,0,0,0,0,0,0,0,0,0,0,0,0,0,0,0,0,0,0,0,0,0,0,0,0,0,0,0,0,0,0,0,0,0,0,0,0,0,0,0,0,0,0,0,0,0,0,0,0,0",-0.76699305,0.6490229,3.0,0.0,121.96033,0.0,1.0,0.0,0.5257717,0.0,0.0,0.0,0.0,0.0036951208,0.7879752,0.5257717,17.512993,1.2717239,121.96033,-0.76699305,4.390838,235.03409,0.0,0.0,1.0,235.03409,0.10870436,0.2120248,17.512993,0.0036951208,0.0,0.6490229,0.0,1.2717239,4.390838,0.0,0.76699305,0.0,0.0,0.76699305,0.62355614,0.0,1.0,0.0,lookahead,fk_orig3_bm1-s0to75br0-s75to150br2
/work/T-REX/external/Proteina-Complexa/inference/search_binder_local_pipeline_32_PDL1_ALPHA_REPACK_v7_r005_cand_v7r005_hyp_0005_00_001_a975a719abf41/job_0_n_214_id_31_fk_orig0_bm0-s0to75br3-s75to150br3/job_0_n_214_id_31_fk_orig0_bm0-s0to75br3-s75to150br3.pdb,124,"2,0,13,16,19,16,19,14,11,3,10,18,19,19,6,18,7,15,2,12,16,9,6,4,11,13,14,19,6,11,5,10,3,10,0,0,10,9,19,18,17,6,12,6,3,11,2,9,9,5,13,19,8,7,6,6,3,10,11,19,5,8,15,15,18,1,5,1,0,1,10,10,11,3,5,10,15,10,7,2,0,0,10,5,9,16,3,19,11,10,5,3,0,7,19,18,1,4,12,9,15,18,7,7,0,3,18,11,1,9,16,19,11,19,2,0,11,10,6,13,2,2,11,14,10,0,2,0,16,9,16,3,10,11,11,2,15,17,16,15,3,15,2,7,9,9,14,2,13,11,14,11,16,7,13,18,13,9,11,8,14,15,10,14,11,10,6,15,10,9,19,11,13,11,2,0,15,7,6,16,10,10,16,16,19,0,11,18,3,15,19,11,5,15,18,13,13,7,19,15,15,19,14,14,6,16,16,16,9,15,10,6,16,6,0,0,0,0,0,0,0,0,0,0,0,0,0,0,0,0,0,0",-0.21311294,0.07835662,3.0,0.4436443,44.06578,0.47034,1.0,0.47034,0.15850766,0.4436443,0.0,0.0,0.4436443,0.0026679677,0.91215056,0.15850766,2.4919155,1.4522742,44.06578,-0.21311294,2.8414106,193.11246,0.4169486,0.4169486,1.0,193.11246,0.73369336,0.08784942,2.4919155,0.0026679677,0.47034,0.07835662,0.0,1.4522742,2.8414106,0.4169486,0.21311294,0.0,0.47034,0.21311294,0.8361119,0.4169486,1.0,0.4436443,lookahead,fk_orig0_bm0-s0to75br3-s75to150br3
/work/T-REX/external/Proteina-Complexa/inference/search_binder_local_pipeline_32_PDL1_ALPHA_REPACK_v7_r005_cand_v7r005_hyp_0005_00_001_a975a719abf41/job_0_n_232_id_31_fk_orig1_bm0-s0to75br2-s75to150br3/job_0_n_232_id_31_fk_orig1_bm0-s0to75br2-s75to150br3.pdb,125,"2,0,13,16,19,16,19,14,11,3,10,18,19,19,6,18,7,15,2,12,16,9,6,4,11,13,14,19,6,11,5,10,3,10,0,0,10,9,19,18,17,6,12,6,3,11,2,9,9,5,13,19,8,7,6,6,3,10,11,19,5,8,15,15,18,1,5,1,0,1,10,10,11,3,5,10,15,10,7,2,0,0,10,5,9,16,3,19,11,10,5,3,0,7,19,18,1,4,12,9,15,18,7,7,0,3,18,11,1,9,16,19,11,19,2,0,2,0,13,16,19,16,19,14,11,3,10,18,19,19,6,18,7,15,2,12,16,9,6,4,11,13,14,19,6,11,5,10,3,10,0,0,10,9,19,18,17,6,12,6,3,11,2,9,9,5,13,19,8,7,6,6,3,10,11,19,5,8,15,15,18,1,5,1,0,1,10,10,11,3,5,10,15,10,7,2,0,0,10,5,9,16,3,19,11,10,5,3,0,7,19,18,1,4,12,9,15,18,7,7,0,3,18,11,1,9,16,19,11,19,2,0",-0.53824735,0.30571607,3.0,0.038612247,60.664635,0.04114259,1.0,0.04114259,0.31717148,0.011903751,0.0,0.0,0.038612247,0.0024696372,0.8599353,0.31717148,3.3946342,1.2830813,60.664635,-0.53824735,3.9124224,199.92876,0.011632801,0.0360819,1.0,199.92876,0.2516057,0.14006473,3.3946342,0.0024696372,0.0121747,0.30571607,0.0,1.2830813,3.9124224,0.011632801,0.53824735,0.0,0.0121747,0.53824735,0.57984746,0.0360819,1.0,0.011903751,lookahead,fk_orig1_bm0-s0to75br2-s75to150br3
/work/T-REX/external/Proteina-Complexa/inference/search_binder_local_pipeline_32_PDL1_ALPHA_REPACK_v7_r005_cand_v7r005_hyp_0005_00_001_a975a719abf41/job_0_n_196_id_31_fk_orig2_bm2-s0to75br3-s75to150br3/job_0_n_196_id_31_fk_orig2_bm2-s0to75br3-s75to150br3.pdb,126,"2,0,13,16,19,16,19,14,11,3,10,18,19,19,6,18,7,15,2,12,16,9,6,4,11,13,14,19,6,11,5,10,3,10,0,0,10,9,19,18,17,6,12,6,3,11,2,9,9,5,13,19,8,7,6,6,3,10,11,19,5,8,15,15,18,1,5,1,0,1,10,10,11,3,5,10,15,10,7,2,0,0,10,5,9,16,3,19,11,10,5,3,0,7,19,18,1,4,12,9,15,18,7,7,0,3,18,11,1,9,16,19,11,19,2,0,19,6,12,16,5,3,9,11,3,10,19,11,10,13,5,10,0,5,7,10,5,19,3,7,9,0,7,16,16,16,1,2,19,10,2,0,18,0,5,11,18,7,10,14,10,0,7,2,2,3,19,13,3,5,0,16,10,3,0,10,11,0,13,11,0,10,6,16,5,5,7,1,0,10,14,8,19,6,14,7,0,0,0,0,0,0,0,0,0,0,0,0,0,0,0,0,0,0,0,0,0,0,0,0,0,0,0,0,0,0,0,0,0,0,0,0",-0.305081,0.12388553,3.0,0.24708854,68.712364,0.29411393,1.0,0.29411393,0.23621267,0.24594325,0.0,0.0,0.24708854,0.01401407,0.8153087,0.23621267,2.303839,1.9240074,68.712364,-0.305081,3.0559444,213.06743,0.19777258,0.20006314,1.0,213.06743,0.60385287,0.18469131,2.303839,0.01401407,0.29411393,0.12388553,0.0,1.9240074,3.0559444,0.19777258,0.305081,0.0,0.29411393,0.305081,0.7628758,0.20006314,1.0,0.24594325,lookahead,fk_orig2_bm2-s0to75br3-s75to150br3
/work/T-REX/external/Proteina-Complexa/inference/search_binder_local_pipeline_32_PDL1_ALPHA_REPACK_v7_r005_cand_v7r005_hyp_0005_00_001_a975a719abf41/job_0_n_177_id_31_fk_orig3_bm1-s0to75br0-s75to150br3/job_0_n_177_id_31_fk_orig3_bm1-s0to75br0-s75to150br3.pdb,127,"2,0,13,16,19,16,19,14,11,3,10,18,19,19,6,18,7,15,2,12,16,9,6,4,11,13,14,19,6,11,5,10,3,10,0,0,10,9,19,18,17,6,12,6,3,11,2,9,9,5,13,19,8,7,6,6,3,10,11,19,5,8,15,15,18,1,5,1,0,1,10,10,11,3,5,10,15,10,7,2,0,0,10,5,9,16,3,19,11,10,5,3,0,7,19,18,1,4,12,9,15,18,7,7,0,3,18,11,1,9,16,19,11,19,2,0,15,0,10,2,2,12,7,2,16,10,10,11,6,2,1,14,3,6,0,6,8,10,18,1,11,0,10,6,3,3,14,2,3,0,2,0,8,2,7,10,0,19,0,10,10,11,10,2,1,10,3,6,0,6,11,6,18,6,11,19,10,0,0,0,0,0,0,0,0,0,0,0,0,0,0,0,0,0,0,0,0,0,0,0,0,0,0,0,0,0,0,0,0,0,0,0,0,0,0,0,0,0,0,0,0,0,0,0,0,0,0,0,0,0,0,0",-0.55632746,0.33225206,3.0,0.016554862,121.694664,0.016816316,1.0,0.016816316,0.39188787,0.0060361954,0.0,0.0,0.016554862,0.004991444,0.7768277,0.39188787,16.148436,1.4423698,121.694664,-0.55632746,3.680325,269.81238,0.0,0.01629341,1.0,269.81238,0.21826094,0.22317234,16.148436,0.004991444,0.012072391,0.33225206,0.0,1.4423698,3.680325,0.0,0.55632746,0.0,0.012072391,0.55632746,0.65959907,0.01629341,1.0,0.0060361954,lookahead,fk_orig3_bm1-s0to75br0-s75to150br3
/work/T-REX/external/Proteina-Complexa/inference/search_binder_local_pipeline_32_PDL1_ALPHA_REPACK_v7_r005_cand_v7r005_hyp_0005_00_001_a975a719abf41/job_0_n_214_id_32_fk_orig0_bm0-s0to75br3-s75to150br0-s150to225br0/job_0_n_214_id_32_fk_orig0_bm0-s0to75br3-s75to150br0-s150to225br0.pdb,128,"2,0,13,16,19,16,19,14,11,3,10,18,19,19,6,18,7,15,2,12,16,9,6,4,11,13,14,19,6,11,5,10,3,10,0,0,10,9,19,18,17,6,12,6,3,11,2,9,9,5,13,19,8,7,6,6,3,10,11,19,5,8,15,15,18,1,5,1,0,1,10,10,11,3,5,10,15,10,7,2,0,0,10,5,9,16,3,19,11,10,5,3,0,7,19,18,1,4,12,9,15,18,7,7,0,3,18,11,1,9,16,19,11,19,2,0,9,10,11,10,2,7,11,14,10,0,2,0,11,10,11,15,9,16,7,11,16,18,9,15,3,6,2,7,6,10,10,19,2,11,10,6,15,7,10,18,13,10,15,15,2,5,10,19,11,0,3,11,0,11,19,6,9,16,2,10,6,16,7,6,11,5,16,10,15,0,11,18,3,6,6,6,11,0,17,10,13,7,19,2,11,6,18,16,16,14,10,6,9,2,19,9,10,10,0,0,0,0,0,0,0,0,0,0,0,0,0,0,0,0,0,0",-0.20808877,0.06564256,3.0,0.51609623,55.315323,0.5371872,1.0,0.5371872,0.16634889,0.51609623,0.0,0.0,0.51609623,0.0029582023,0.88300985,0.16634889,2.9894578,1.6798738,55.315323,-0.20808877,2.6585398,206.64807,0.49500522,0.49500522,1.0,206.64807,0.7707708,0.11699016,2.9894578,0.0029582023,0.5371872,0.06564256,0.0,1.6798738,2.6585398,0.49500522,0.20808877,0.0,0.5371872,0.20808877,0.8535836,0.49500522,1.0,0.51609623,lookahead,fk_orig0_bm0-s0to75br3-s75to150br0-s150to225br0
/work/T-REX/external/Proteina-Complexa/inference/search_binder_local_pipeline_32_PDL1_ALPHA_REPACK_v7_r005_cand_v7r005_hyp_0005_00_001_a975a719abf41/job_0_n_232_id_32_fk_orig1_bm3-s0to75br3-s75to150br3-s150to225br0/job_0_n_232_id_32_fk_orig1_bm3-s0to75br3-s75to150br3-s150to225br0.pdb,129,"2,0,13,16,19,16,19,14,11,3,10,18,19,19,6,18,7,15,2,12,16,9,6,4,11,13,14,19,6,11,5,10,3,10,0,0,10,9,19,18,17,6,12,6,3,11,2,9,9,5,13,19,8,7,6,6,3,10,11,19,5,8,15,15,18,1,5,1,0,1,10,10,11,3,5,10,15,10,7,2,0,0,10,5,9,16,3,19,11,10,5,3,0,7,19,18,1,4,12,9,15,18,7,7,0,3,18,11,1,9,16,19,11,19,2,0,0,13,16,19,16,19,14,11,3,10,18,19,19,6,18,7,15,2,12,16,9,6,4,11,13,14,19,6,11,5,10,3,10,0,0,10,9,19,18,17,6,12,6,3,11,2,9,9,5,13,19,8,7,6,6,3,10,11,19,5,8,15,15,18,1,5,1,0,1,10,10,11,3,5,10,15,10,7,2,0,0,10,5,9,16,3,19,11,10,5,3,0,7,19,18,1,4,12,9,15,18,7,7,0,3,18,11,1,9,16,19,11,19,2,0,14",-0.5361919,0.30538675,3.0,0.040953264,75.441185,0.04487981,1.0,0.04487981,0.3162941,0.011968808,0.0,0.0,0.040953264,0.0021786762,0.8610101,0.3162941,3.1827826,1.2867024,75.441185,-0.5361919,3.926605,217.83197,0.011670922,0.037026715,1.0,217.83197,0.2550597,0.13898994,3.1827826,0.0021786762,0.012266694,0.30538675,0.0,1.2867024,3.926605,0.011670922,0.5361919,0.0,0.012266694,0.5361919,0.58176404,0.037026715,1.0,0.011968808,lookahead,fk_orig1_bm3-s0to75br3-s75to150br3-s150to225br0
/work/T-REX/external/Proteina-Complexa/inference/search_binder_local_pipeline_32_PDL1_ALPHA_REPACK_v7_r005_cand_v7r005_hyp_0005_00_001_a975a719abf41/job_0_n_196_id_32_fk_orig2_bm3-s0to75br2-s75to150br3-s150to225br0/job_0_n_196_id_32_fk_orig2_bm3-s0to75br2-s75to150br3-s150to225br0.pdb,130,"2,0,13,16,19,16,19,14,11,3,10,18,19,19,6,18,7,15,2,12,16,9,6,4,11,13,14,19,6,11,5,10,3,10,0,0,10,9,19,18,17,6,12,6,3,11,2,9,9,5,13,19,8,7,6,6,3,10,11,19,5,8,15,15,18,1,5,1,0,1,10,10,11,3,5,10,15,10,7,2,0,0,10,5,9,16,3,19,11,10,5,3,0,7,19,18,1,4,12,9,15,18,7,7,0,3,18,11,1,9,16,19,11,19,2,0,13,14,10,0,19,6,3,18,15,1,0,9,6,10,11,14,3,13,0,6,0,18,13,5,1,7,11,0,18,13,15,10,11,6,18,14,10,0,9,6,3,18,16,5,0,9,6,10,11,14,3,13,0,6,0,18,10,6,1,0,11,0,18,12,6,10,7,6,18,3,10,0,7,11,3,10,3,0,18,11,0,0,0,0,0,0,0,0,0,0,0,0,0,0,0,0,0,0,0,0,0,0,0,0,0,0,0,0,0,0,0,0,0,0,0,0",-0.20072748,0.06301569,3.0,0.49609226,35.05981,0.55568933,1.0,0.55568933,0.15127292,0.49609226,0.0,0.0,0.49609226,0.0036238395,0.9424387,0.15127292,1.622724,1.3120486,35.05981,-0.20072748,2.8842218,128.95036,0.4364952,0.4364952,1.0,128.95036,0.7776662,0.057561304,1.622724,0.0036238395,0.55568933,0.06301569,0.0,1.3120486,2.8842218,0.4364952,0.20072748,0.0,0.55568933,0.20072748,0.85062647,0.4364952,1.0,0.49609226,lookahead,fk_orig2_bm3-s0to75br2-s75to150br3-s150to225br0
/work/T-REX/external/Proteina-Complexa/inference/search_binder_local_pipeline_32_PDL1_ALPHA_REPACK_v7_r005_cand_v7r005_hyp_0005_00_001_a975a719abf41/job_0_n_177_id_32_fk_orig3_bm2-s0to75br1-s75to150br0-s150to225br0/job_0_n_177_id_32_fk_orig3_bm2-s0to75br1-s75to150br0-s150to225br0.pdb,131,"2,0,13,16,19,16,19,14,11,3,10,18,19,19,6,18,7,15,2,12,16,9,6,4,11,13,14,19,6,11,5,10,3,10,0,0,10,9,19,18,17,6,12,6,3,11,2,9,9,5,13,19,8,7,6,6,3,10,11,19,5,8,15,15,18,1,5,1,0,1,10,10,11,3,5,10,15,10,7,2,0,0,10,5,9,16,3,19,11,10,5,3,0,7,19,18,1,4,12,9,15,18,7,7,0,3,18,11,1,9,16,19,11,19,2,0,15,10,19,5,1,18,0,11,0,13,7,12,3,10,2,6,0,3,9,11,10,10,12,6,0,5,3,13,9,11,3,6,1,11,10,10,6,0,9,3,6,10,11,1,15,7,9,15,19,19,16,10,19,11,2,10,11,11,10,18,7,0,0,0,0,0,0,0,0,0,0,0,0,0,0,0,0,0,0,0,0,0,0,0,0,0,0,0,0,0,0,0,0,0,0,0,0,0,0,0,0,0,0,0,0,0,0,0,0,0,0,0,0,0,0,0",-0.31290045,0.16732517,3.0,0.17224245,59.843243,0.19973396,1.0,0.19973396,0.24367219,0.16603133,0.0,0.0,0.17224245,0.0017417241,0.80622387,0.24367219,2.0679672,2.1235473,59.843243,-0.31290045,3.0041835,194.36147,0.139957,0.14475094,1.0,194.36147,0.5400488,0.19377613,2.0679672,0.0017417241,0.19210565,0.16732517,0.0,2.1235473,3.0041835,0.139957,0.31290045,0.0,0.19210565,0.31290045,0.7751839,0.14475094,1.0,0.16603133,lookahead,fk_orig3_bm2-s0to75br1-s75to150br0-s150to225br0
/work/T-REX/external/Proteina-Complexa/inference/search_binder_local_pipeline_32_PDL1_ALPHA_REPACK_v7_r005_cand_v7r005_hyp_0005_00_001_a975a719abf41/job_0_n_214_id_33_fk_orig0_bm0-s0to75br3-s75to150br0-s150to225br1/job_0_n_214_id_33_fk_orig0_bm0-s0to75br3-s75to150br0-s150to225br1.pdb,132,"2,0,13,16,19,16,19,14,11,3,10,18,19,19,6,18,7,15,2,12,16,9,6,4,11,13,14,19,6,11,5,10,3,10,0,0,10,9,19,18,17,6,12,6,3,11,2,9,9,5,13,19,8,7,6,6,3,10,11,19,5,8,15,15,18,1,5,1,0,1,10,10,11,3,5,10,15,10,7,2,0,0,10,5,9,16,3,19,11,10,5,3,0,7,19,18,1,4,12,9,15,18,7,7,0,3,18,11,1,9,16,19,11,19,2,0,16,10,16,10,2,7,11,14,10,14,2,0,16,10,11,15,9,16,7,16,15,18,19,0,3,15,2,7,6,10,19,19,3,11,10,3,11,7,13,18,13,10,15,15,14,5,10,19,0,0,11,15,0,16,19,6,9,16,2,10,6,16,7,6,11,6,2,10,15,0,11,18,3,3,19,16,11,15,17,13,13,7,19,11,11,6,18,11,15,3,19,11,9,2,9,19,16,15,0,0,0,0,0,0,0,0,0,0,0,0,0,0,0,0,0,0",-0.3095473,0.13580045,3.0,0.22643313,40.810238,0.22967176,1.0,0.22967176,0.22034743,0.22312318,0.0,0.0,0.22643313,0.0031524585,0.86247903,0.22034743,2.962206,1.7021903,40.810238,-0.3095473,3.1906312,195.50957,0.22305185,0.22319451,1.0,195.50957,0.5725485,0.13752097,2.962206,0.0031524585,0.22319451,0.13580045,0.0,1.7021903,3.1906312,0.22305185,0.3095473,0.0,0.22319451,0.3095473,0.7525567,0.22319451,1.0,0.22312318,lookahead,fk_orig0_bm0-s0to75br3-s75to150br0-s150to225br1
/work/T-REX/external/Proteina-Complexa/inference/search_binder_local_pipeline_32_PDL1_ALPHA_REPACK_v7_r005_cand_v7r005_hyp_0005_00_001_a975a719abf41/job_0_n_232_id_33_fk_orig1_bm3-s0to75br3-s75to150br3-s150to225br1/job_0_n_232_id_33_fk_orig1_bm3-s0to75br3-s75to150br3-s150to225br1.pdb,133,"2,0,13,16,19,16,19,14,11,3,10,18,19,19,6,18,7,15,2,12,16,9,6,4,11,13,14,19,6,11,5,10,3,10,0,0,10,9,19,18,17,6,12,6,3,11,2,9,9,5,13,19,8,7,6,6,3,10,11,19,5,8,15,15,18,1,5,1,0,1,10,10,11,3,5,10,15,10,7,2,0,0,10,5,9,16,3,19,11,10,5,3,0,7,19,18,1,4,12,9,15,18,7,7,0,3,18,11,1,9,16,19,11,19,2,0,0,13,16,19,16,19,14,11,3,10,18,19,19,6,18,7,15,2,12,16,9,6,4,11,13,14,19,6,11,5,10,3,10,0,0,10,9,19,18,17,6,12,6,3,11,2,9,9,5,13,19,8,7,6,6,3,10,11,19,5,8,15,15,18,1,5,1,0,1,10,10,11,3,5,10,15,10,7,2,0,0,10,5,9,16,3,19,11,10,5,3,0,7,19,18,1,4,12,9,15,18,7,7,0,3,18,11,1,9,16,19,11,19,2,0,14",-0.53235734,0.30186972,3.0,0.042956628,72.70142,0.04716642,1.0,0.04716642,0.3141302,0.012249048,0.0,0.0,0.042956628,0.0021490587,0.8611339,0.3141302,3.0055315,1.285226,72.70142,-0.53235734,3.9166033,216.16455,0.011958908,0.038746834,1.0,216.16455,0.2582784,0.13886611,3.0055315,0.0021490587,0.012539187,0.30186972,0.0,1.285226,3.9166033,0.011958908,0.53235734,0.0,0.012539187,0.53235734,0.5835086,0.038746834,1.0,0.012249048,lookahead,fk_orig1_bm3-s0to75br3-s75to150br3-s150to225br1
/work/T-REX/external/Proteina-Complexa/inference/search_binder_local_pipeline_32_PDL1_ALPHA_REPACK_v7_r005_cand_v7r005_hyp_0005_00_001_a975a719abf41/job_0_n_196_id_33_fk_orig2_bm3-s0to75br2-s75to150br3-s150to225br1/job_0_n_196_id_33_fk_orig2_bm3-s0to75br2-s75to150br3-s150to225br1.pdb,134,"2,0,13,16,19,16,19,14,11,3,10,18,19,19,6,18,7,15,2,12,16,9,6,4,11,13,14,19,6,11,5,10,3,10,0,0,10,9,19,18,17,6,12,6,3,11,2,9,9,5,13,19,8,7,6,6,3,10,11,19,5,8,15,15,18,1,5,1,0,1,10,10,11,3,5,10,15,10,7,2,0,0,10,5,9,16,3,19,11,10,5,3,0,7,19,18,1,4,12,9,15,18,7,7,0,3,18,11,1,9,16,19,11,19,2,0,17,3,10,0,0,6,3,18,16,1,0,9,6,10,11,14,3,13,0,6,0,18,13,5,1,7,11,0,18,13,2,10,11,5,18,3,10,0,19,6,3,18,16,11,0,9,6,10,11,14,3,13,0,6,0,18,10,6,1,0,11,0,18,12,6,10,7,6,18,3,10,0,7,11,3,10,3,0,18,11,0,0,0,0,0,0,0,0,0,0,0,0,0,0,0,0,0,0,0,0,0,0,0,0,0,0,0,0,0,0,0,0,0,0,0,0",-0.19615434,0.0620637,3.0,0.503425,34.90455,0.5597349,1.0,0.5597349,0.14706235,0.503425,0.0,0.0,0.503425,0.0023495927,0.94377464,0.14706235,2.001322,1.3230145,34.90455,-0.19615434,2.8497822,133.09248,0.4471151,0.4471151,1.0,133.09248,0.78134394,0.05622536,2.001322,0.0023495927,0.5597349,0.0620637,0.0,1.3230145,2.8497822,0.4471151,0.19615434,0.0,0.5597349,0.19615434,0.8526772,0.4471151,1.0,0.503425,lookahead,fk_orig2_bm3-s0to75br2-s75to150br3-s150to225br1
/work/T-REX/external/Proteina-Complexa/inference/search_binder_local_pipeline_32_PDL1_ALPHA_REPACK_v7_r005_cand_v7r005_hyp_0005_00_001_a975a719abf41/job_0_n_177_id_33_fk_orig3_bm2-s0to75br1-s75to150br0-s150to225br1/job_0_n_177_id_33_fk_orig3_bm2-s0to75br1-s75to150br0-s150to225br1.pdb,135,"2,0,13,16,19,16,19,14,11,3,10,18,19,19,6,18,7,15,2,12,16,9,6,4,11,13,14,19,6,11,5,10,3,10,0,0,10,9,19,18,17,6,12,6,3,11,2,9,9,5,13,19,8,7,6,6,3,10,11,19,5,8,15,15,18,1,5,1,0,1,10,10,11,3,5,10,15,10,7,2,0,0,10,5,9,16,3,19,11,10,5,3,0,7,19,18,1,4,12,9,15,18,7,7,0,3,18,11,1,9,16,19,11,19,2,0,2,9,19,5,11,18,0,11,9,13,7,10,3,10,2,6,15,3,9,11,10,10,6,6,0,5,3,13,9,11,3,6,1,11,10,10,6,15,10,3,18,10,11,1,15,7,10,15,19,19,6,13,19,11,10,10,11,11,11,18,1,0,0,0,0,0,0,0,0,0,0,0,0,0,0,0,0,0,0,0,0,0,0,0,0,0,0,0,0,0,0,0,0,0,0,0,0,0,0,0,0,0,0,0,0,0,0,0,0,0,0,0,0,0,0,0",-0.29764676,0.13538188,3.0,0.20144978,39.905556,0.23146805,1.0,0.23146805,0.23546182,0.19944175,0.0,0.0,0.20144978,0.001986314,0.8177932,0.23546182,1.9240457,2.1772597,39.905556,-0.29764676,2.985178,178.68527,0.17143151,0.17143151,1.0,178.68527,0.5818107,0.18220681,1.9240457,0.001986314,0.22745198,0.13538188,0.0,2.1772597,2.985178,0.17143151,0.29764676,0.0,0.22745198,0.29764676,0.7917539,0.17143151,1.0,0.19944175,lookahead,fk_orig3_bm2-s0to75br1-s75to150br0-s150to225br1
/work/T-REX/external/Proteina-Complexa/inference/search_binder_local_pipeline_32_PDL1_ALPHA_REPACK_v7_r005_cand_v7r005_hyp_0005_00_001_a975a719abf41/job_0_n_214_id_34_fk_orig0_bm0-s0to75br3-s75to150br0-s150to225br2/job_0_n_214_id_34_fk_orig0_bm0-s0to75br3-s75to150br0-s150to225br2.pdb,136,"2,0,13,16,19,16,19,14,11,3,10,18,19,19,6,18,7,15,2,12,16,9,6,4,11,13,14,19,6,11,5,10,3,10,0,0,10,9,19,18,17,6,12,6,3,11,2,9,9,5,13,19,8,7,6,6,3,10,11,19,5,8,15,15,18,1,5,1,0,1,10,10,11,3,5,10,15,10,7,2,0,0,10,5,9,16,3,19,11,10,5,3,0,7,19,18,1,4,12,9,15,18,7,7,0,3,18,11,1,9,16,19,11,19,2,0,9,10,11,10,2,7,11,2,10,14,2,0,16,10,16,15,10,3,11,16,15,18,9,15,3,15,2,7,10,9,2,19,3,6,10,11,15,7,10,18,10,10,15,8,15,15,10,19,5,15,15,15,0,11,10,9,9,16,2,10,6,16,7,6,11,6,16,9,15,16,15,18,3,14,19,16,5,15,18,10,13,7,10,16,11,16,18,16,15,3,19,5,10,3,10,19,10,6,0,0,0,0,0,0,0,0,0,0,0,0,0,0,0,0,0,0",-0.22210594,0.082873,3.0,0.41529822,46.083584,0.4373391,1.0,0.4373391,0.16584355,0.41529822,0.0,0.0,0.41529822,0.0020958763,0.90557665,0.16584355,2.390568,1.4869395,46.083584,-0.22210594,2.775862,188.90771,0.39325738,0.39325738,1.0,188.90771,0.7108973,0.09442337,2.390568,0.0020958763,0.4373391,0.082873,0.0,1.4869395,2.775862,0.39325738,0.22210594,0.0,0.4373391,0.22210594,0.82147205,0.39325738,1.0,0.41529822,lookahead,fk_orig0_bm0-s0to75br3-s75to150br0-s150to225br2
/work/T-REX/external/Proteina-Complexa/inference/search_binder_local_pipeline_32_PDL1_ALPHA_REPACK_v7_r005_cand_v7r005_hyp_0005_00_001_a975a719abf41/job_0_n_232_id_34_fk_orig1_bm3-s0to75br3-s75to150br3-s150to225br2/job_0_n_232_id_34_fk_orig1_bm3-s0to75br3-s75to150br3-s150to225br2.pdb,137,"2,0,13,16,19,16,19,14,11,3,10,18,19,19,6,18,7,15,2,12,16,9,6,4,11,13,14,19,6,11,5,10,3,10,0,0,10,9,19,18,17,6,12,6,3,11,2,9,9,5,13,19,8,7,6,6,3,10,11,19,5,8,15,15,18,1,5,1,0,1,10,10,11,3,5,10,15,10,7,2,0,0,10,5,9,16,3,19,11,10,5,3,0,7,19,18,1,4,12,9,15,18,7,7,0,3,18,11,1,9,16,19,11,19,2,0,0,13,16,19,16,19,14,11,3,10,18,19,19,6,18,7,15,2,12,16,9,6,4,11,13,14,19,6,11,5,10,3,10,0,0,10,9,19,18,17,6,12,6,3,11,2,9,9,5,13,19,8,7,6,6,3,10,11,19,5,8,15,15,18,1,5,1,0,1,10,10,11,3,5,10,15,10,7,2,0,0,10,5,9,16,3,19,11,10,5,3,0,7,19,18,1,4,12,9,15,18,7,7,0,3,18,11,1,9,16,19,11,19,2,0,11",-0.5350252,0.3022364,3.0,0.04173,80.225945,0.04496639,1.0,0.04496639,0.3166056,0.012120399,0.0,0.0,0.04173,0.0024425413,0.85940385,0.3166056,3.2211397,1.2917769,80.225945,-0.5350252,3.921813,217.94211,0.011883036,0.03849362,1.0,217.94211,0.25703186,0.14059617,3.2211397,0.0024425413,0.012357761,0.3022364,0.0,1.2917769,3.921813,0.011883036,0.5350252,0.0,0.012357761,0.5350252,0.5830004,0.03849362,1.0,0.012120399,lookahead,fk_orig1_bm3-s0to75br3-s75to150br3-s150to225br2
/work/T-REX/external/Proteina-Complexa/inference/search_binder_local_pipeline_32_PDL1_ALPHA_REPACK_v7_r005_cand_v7r005_hyp_0005_00_001_a975a719abf41/job_0_n_196_id_34_fk_orig2_bm3-s0to75br2-s75to150br3-s150to225br2/job_0_n_196_id_34_fk_orig2_bm3-s0to75br2-s75to150br3-s150to225br2.pdb,138,"2,0,13,16,19,16,19,14,11,3,10,18,19,19,6,18,7,15,2,12,16,9,6,4,11,13,14,19,6,11,5,10,3,10,0,0,10,9,19,18,17,6,12,6,3,11,2,9,9,5,13,19,8,7,6,6,3,10,11,19,5,8,15,15,18,1,5,1,0,1,10,10,11,3,5,10,15,10,7,2,0,0,10,5,9,16,3,19,11,10,5,3,0,7,19,18,1,4,12,9,15,18,7,7,0,3,18,11,1,9,16,19,11,19,2,0,17,3,10,0,19,6,3,18,16,11,0,9,6,10,11,14,3,13,0,6,0,18,18,5,1,7,11,0,1,13,2,10,11,5,18,3,10,0,19,6,3,18,16,11,0,9,6,10,11,14,3,13,0,6,0,18,10,6,1,0,11,0,18,12,2,10,7,5,13,3,10,0,7,11,3,10,3,0,18,11,0,0,0,0,0,0,0,0,0,0,0,0,0,0,0,0,0,0,0,0,0,0,0,0,0,0,0,0,0,0,0,0,0,0,0,0",-0.18847147,0.062730946,3.0,0.5068595,40.14027,0.5669533,1.0,0.5669533,0.13714555,0.5068595,0.0,0.0,0.5068595,0.00151373,0.95616615,0.13714555,2.4433463,1.1896664,40.14027,-0.18847147,2.8977375,135.43175,0.44676563,0.44676563,1.0,135.43175,0.7774497,0.04383386,2.4433463,0.00151373,0.5669533,0.062730946,0.0,1.1896664,2.8977375,0.44676563,0.18847147,0.0,0.5669533,0.18847147,0.84835494,0.44676563,1.0,0.5068595,lookahead,fk_orig2_bm3-s0to75br2-s75to150br3-s150to225br2
/work/T-REX/external/Proteina-Complexa/inference/search_binder_local_pipeline_32_PDL1_ALPHA_REPACK_v7_r005_cand_v7r005_hyp_0005_00_001_a975a719abf41/job_0_n_177_id_34_fk_orig3_bm2-s0to75br1-s75to150br0-s150to225br2/job_0_n_177_id_34_fk_orig3_bm2-s0to75br1-s75to150br0-s150to225br2.pdb,139,"2,0,13,16,19,16,19,14,11,3,10,18,19,19,6,18,7,15,2,12,16,9,6,4,11,13,14,19,6,11,5,10,3,10,0,0,10,9,19,18,17,6,12,6,3,11,2,9,9,5,13,19,8,7,6,6,3,10,11,19,5,8,15,15,18,1,5,1,0,1,10,10,11,3,5,10,15,10,7,2,0,0,10,5,9,16,3,19,11,10,5,3,0,7,19,18,1,4,12,9,15,18,7,7,0,3,18,11,1,9,16,19,11,19,2,0,15,9,19,14,11,13,0,11,0,10,7,12,3,10,2,6,15,3,9,11,10,10,6,6,0,5,3,9,9,11,3,6,1,11,10,10,6,0,10,3,6,10,11,1,15,7,9,15,19,11,16,13,10,6,2,10,11,0,11,18,0,0,0,0,0,0,0,0,0,0,0,0,0,0,0,0,0,0,0,0,0,0,0,0,0,0,0,0,0,0,0,0,0,0,0,0,0,0,0,0,0,0,0,0,0,0,0,0,0,0,0,0,0,0,0,0",-0.24700925,0.11072194,3.0,0.2718113,53.963516,0.30343607,1.0,0.30343607,0.1928606,0.2718113,0.0,0.0,0.2718113,0.001345313,0.87671775,0.1928606,1.9588802,1.801532,53.963516,-0.24700925,2.6476657,180.26472,0.24018656,0.24018656,1.0,180.26472,0.6593285,0.12328226,1.9588802,0.001345313,0.30343607,0.11072194,0.0,1.801532,2.6476657,0.24018656,0.24700925,0.0,0.30343607,0.24700925,0.81814426,0.24018656,1.0,0.2718113,lookahead,fk_orig3_bm2-s0to75br1-s75to150br0-s150to225br2
/work/T-REX/external/Proteina-Complexa/inference/search_binder_local_pipeline_32_PDL1_ALPHA_REPACK_v7_r005_cand_v7r005_hyp_0005_00_001_a975a719abf41/job_0_n_214_id_35_fk_orig0_bm0-s0to75br3-s75to150br0-s150to225br3/job_0_n_214_id_35_fk_orig0_bm0-s0to75br3-s75to150br0-s150to225br3.pdb,140,"2,0,13,16,19,16,19,14,11,3,10,18,19,19,6,18,7,15,2,12,16,9,6,4,11,13,14,19,6,11,5,10,3,10,0,0,10,9,19,18,17,6,12,6,3,11,2,9,9,5,13,19,8,7,6,6,3,10,11,19,5,8,15,15,18,1,5,1,0,1,10,10,11,3,5,10,15,10,7,2,0,0,10,5,9,16,3,19,11,10,5,3,0,7,19,18,1,4,12,9,15,18,7,7,0,3,18,11,1,9,16,19,11,19,2,0,16,10,16,10,2,7,11,14,10,0,2,0,16,10,16,2,10,3,11,9,15,18,16,15,3,6,2,7,6,10,11,19,6,11,10,0,5,7,10,18,6,10,15,8,14,5,10,19,15,0,11,15,0,16,19,6,9,16,2,10,6,16,7,6,11,6,16,10,15,0,15,18,3,15,6,11,11,15,17,10,13,7,9,11,11,16,18,16,15,3,19,5,9,2,10,19,16,6,0,0,0,0,0,0,0,0,0,0,0,0,0,0,0,0,0,0",-0.19466692,0.061017435,3.0,0.5113765,41.809444,0.5430453,1.0,0.5430453,0.14836407,0.5113765,0.0,0.0,0.5113765,0.003080208,0.9151674,0.14836407,2.0727546,1.477507,41.809444,-0.19466692,2.6212926,181.53743,0.47970775,0.47970775,1.0,181.53743,0.7569617,0.08483259,2.0727546,0.003080208,0.5430453,0.061017435,0.0,1.477507,2.6212926,0.47970775,0.19466692,0.0,0.5430453,0.19466692,0.84491277,0.47970775,1.0,0.5113765,lookahead,fk_orig0_bm0-s0to75br3-s75to150br0-s150to225br3
/work/T-REX/external/Proteina-Complexa/inference/search_binder_local_pipeline_32_PDL1_ALPHA_REPACK_v7_r005_cand_v7r005_hyp_0005_00_001_a975a719abf41/job_0_n_232_id_35_fk_orig1_bm3-s0to75br3-s75to150br3-s150to225br3/job_0_n_232_id_35_fk_orig1_bm3-s0to75br3-s75to150br3-s150to225br3.pdb,141,"2,0,13,16,19,16,19,14,11,3,10,18,19,19,6,18,7,15,2,12,16,9,6,4,11,13,14,19,6,11,5,10,3,10,0,0,10,9,19,18,17,6,12,6,3,11,2,9,9,5,13,19,8,7,6,6,3,10,11,19,5,8,15,15,18,1,5,1,0,1,10,10,11,3,5,10,15,10,7,2,0,0,10,5,9,16,3,19,11,10,5,3,0,7,19,18,1,4,12,9,15,18,7,7,0,3,18,11,1,9,16,19,11,19,2,0,0,13,16,19,16,19,14,11,3,10,18,19,19,6,18,7,15,2,12,16,9,6,4,11,13,14,19,6,11,5,10,3,10,0,0,10,9,19,18,17,6,12,6,3,11,2,9,9,5,13,19,8,7,6,6,3,10,11,19,5,8,15,15,18,1,5,1,0,1,10,10,11,3,5,10,15,10,7,2,0,0,10,5,9,16,3,19,11,10,5,3,0,7,19,18,1,4,12,9,15,18,7,7,0,3,18,11,1,9,16,19,11,19,2,0,14",-0.5276544,0.29657203,3.0,0.045253873,74.244316,0.047863092,1.0,0.047863092,0.31126377,0.01231568,0.0,0.0,0.045253873,0.0021299736,0.8616354,0.31126377,2.9403958,1.2795221,74.244316,-0.5276544,3.908376,210.87517,0.012156559,0.042644653,1.0,210.87517,0.26071608,0.1383646,2.9403958,0.0021299736,0.012474801,0.29657203,0.0,1.2795221,3.908376,0.012156559,0.5276544,0.0,0.012474801,0.5276544,0.584633,0.042644653,1.0,0.01231568,lookahead,fk_orig1_bm3-s0to75br3-s75to150br3-s150to225br3
/work/T-REX/external/Proteina-Complexa/inference/search_binder_local_pipeline_32_PDL1_ALPHA_REPACK_v7_r005_cand_v7r005_hyp_0005_00_001_a975a719abf41/job_0_n_196_id_35_fk_orig2_bm3-s0to75br2-s75to150br3-s150to225br3/job_0_n_196_id_35_fk_orig2_bm3-s0to75br2-s75to150br3-s150to225br3.pdb,142,"2,0,13,16,19,16,19,14,11,3,10,18,19,19,6,18,7,15,2,12,16,9,6,4,11,13,14,19,6,11,5,10,3,10,0,0,10,9,19,18,17,6,12,6,3,11,2,9,9,5,13,19,8,7,6,6,3,10,11,19,5,8,15,15,18,1,5,1,0,1,10,10,11,3,5,10,15,10,7,2,0,0,10,5,9,16,3,19,11,10,5,3,0,7,19,18,1,4,12,9,15,18,7,7,0,3,18,11,1,9,16,19,11,19,2,0,17,3,10,0,0,6,3,18,15,11,0,9,6,10,11,14,3,13,0,6,0,18,18,5,1,7,11,0,18,11,6,10,7,6,18,3,10,0,19,6,3,18,16,5,0,9,6,10,11,14,3,13,0,6,0,18,2,6,1,7,19,0,18,12,6,10,7,6,18,3,10,0,7,11,3,13,3,0,18,1,0,0,0,0,0,0,0,0,0,0,0,0,0,0,0,0,0,0,0,0,0,0,0,0,0,0,0,0,0,0,0,0,0,0,0,0",-0.35057595,0.16022363,3.0,0.15698153,56.99129,0.17249674,1.0,0.17249674,0.24180438,0.12995392,0.0,0.0,0.15698153,0.003310813,0.88827044,0.24180438,3.7449725,1.4186935,56.99129,-0.35057595,3.4846094,164.14793,0.117964156,0.14146633,1.0,164.14793,0.48744118,0.11172956,3.7449725,0.003310813,0.14194368,0.16022363,0.0,1.4186935,3.4846094,0.117964156,0.35057595,0.0,0.14194368,0.35057595,0.7309977,0.14146633,1.0,0.12995392,lookahead,fk_orig2_bm3-s0to75br2-s75to150br3-s150to225br3
/work/T-REX/external/Proteina-Complexa/inference/search_binder_local_pipeline_32_PDL1_ALPHA_REPACK_v7_r005_cand_v7r005_hyp_0005_00_001_a975a719abf41/job_0_n_177_id_35_fk_orig3_bm2-s0to75br1-s75to150br0-s150to225br3/job_0_n_177_id_35_fk_orig3_bm2-s0to75br1-s75to150br0-s150to225br3.pdb,143,"2,0,13,16,19,16,19,14,11,3,10,18,19,19,6,18,7,15,2,12,16,9,6,4,11,13,14,19,6,11,5,10,3,10,0,0,10,9,19,18,17,6,12,6,3,11,2,9,9,5,13,19,8,7,6,6,3,10,11,19,5,8,15,15,18,1,5,1,0,1,10,10,11,3,5,10,15,10,7,2,0,0,10,5,9,16,3,19,11,10,5,3,0,7,19,18,1,4,12,9,15,18,7,7,0,3,18,11,1,9,16,19,11,19,2,0,2,9,19,6,11,18,0,11,9,13,7,10,3,10,2,6,15,3,9,11,10,10,12,6,0,1,6,9,9,11,3,6,1,11,13,10,5,0,10,3,6,10,11,1,15,7,10,15,19,19,6,13,19,11,2,10,11,19,10,18,0,0,0,0,0,0,0,0,0,0,0,0,0,0,0,0,0,0,0,0,0,0,0,0,0,0,0,0,0,0,0,0,0,0,0,0,0,0,0,0,0,0,0,0,0,0,0,0,0,0,0,0,0,0,0,0",-0.2653758,0.118755974,3.0,0.25168753,51.143467,0.27627206,1.0,0.27627206,0.21327715,0.25095856,0.0,0.0,0.25168753,0.0022299525,0.8326291,0.21327715,1.9110585,2.1255398,51.143467,-0.2653758,2.8055155,175.80872,0.22564505,0.22710298,1.0,175.80872,0.63984585,0.1673709,1.9110585,0.0022299525,0.27627206,0.118755974,0.0,2.1255398,2.8055155,0.22564505,0.2653758,0.0,0.27627206,0.2653758,0.81363463,0.22710298,1.0,0.25095856,lookahead,fk_orig3_bm2-s0to75br1-s75to150br0-s150to225br3
/work/T-REX/external/Proteina-Complexa/inference/search_binder_local_pipeline_32_PDL1_ALPHA_REPACK_v7_r005_cand_v7r005_hyp_0005_00_001_a975a719abf41/job_0_n_214_id_36_fk_orig0_bm0-s0to75br3-s75to150br2-s150to225br0/job_0_n_214_id_36_fk_orig0_bm0-s0to75br3-s75to150br2-s150to225br0.pdb,144,"2,0,13,16,19,16,19,14,11,3,10,18,19,19,6,18,7,15,2,12,16,9,6,4,11,13,14,19,6,11,5,10,3,10,0,0,10,9,19,18,17,6,12,6,3,11,2,9,9,5,13,19,8,7,6,6,3,10,11,19,5,8,15,15,18,1,5,1,0,1,10,10,11,3,5,10,15,10,7,2,0,0,10,5,9,16,3,19,11,10,5,3,0,7,19,18,1,4,12,9,15,18,7,7,0,3,18,11,1,9,16,19,11,19,2,0,5,19,11,19,2,7,19,14,5,14,2,0,16,9,9,15,14,16,11,11,15,16,9,16,2,15,2,7,6,13,16,10,14,15,11,3,0,7,13,18,9,9,11,2,10,2,6,12,14,6,0,14,19,11,19,6,10,11,2,3,2,7,6,9,10,11,16,9,3,0,7,19,3,10,0,11,11,6,19,9,13,7,10,16,6,10,14,6,2,16,0,16,9,2,9,19,16,11,0,0,0,0,0,0,0,0,0,0,0,0,0,0,0,0,0,0",-0.23756875,0.09153713,3.0,0.36982685,62.243298,0.37726542,1.0,0.37726542,0.17896688,0.36982685,0.0,0.0,0.36982685,0.0069300975,0.8849695,0.17896688,3.866269,1.601402,62.243298,-0.23756875,2.8883007,226.63544,0.36238828,0.36238828,1.0,226.63544,0.6951848,0.11503053,3.866269,0.0069300975,0.37726542,0.09153713,0.0,1.601402,2.8883007,0.36238828,0.23756875,0.0,0.37726542,0.23756875,0.8192452,0.36238828,1.0,0.36982685,lookahead,fk_orig0_bm0-s0to75br3-s75to150br2-s150to225br0
/work/T-REX/external/Proteina-Complexa/inference/search_binder_local_pipeline_32_PDL1_ALPHA_REPACK_v7_r005_cand_v7r005_hyp_0005_00_001_a975a719abf41/job_0_n_232_id_36_fk_orig1_bm0-s0to75br2-s75to150br0-s150to225br0/job_0_n_232_id_36_fk_orig1_bm0-s0to75br2-s75to150br0-s150to225br0.pdb,145,"2,0,13,16,19,16,19,14,11,3,10,18,19,19,6,18,7,15,2,12,16,9,6,4,11,13,14,19,6,11,5,10,3,10,0,0,10,9,19,18,17,6,12,6,3,11,2,9,9,5,13,19,8,7,6,6,3,10,11,19,5,8,15,15,18,1,5,1,0,1,10,10,11,3,5,10,15,10,7,2,0,0,10,5,9,16,3,19,11,10,5,3,0,7,19,18,1,4,12,9,15,18,7,7,0,3,18,11,1,9,16,19,11,19,2,0,2,0,13,16,19,16,19,14,11,3,10,18,19,19,6,18,7,15,2,12,16,9,6,4,11,13,14,19,6,11,5,10,3,10,0,0,10,9,19,18,17,6,12,6,3,11,2,9,9,5,13,19,8,7,6,6,3,10,11,19,5,8,15,15,18,1,5,1,0,1,10,10,11,3,5,10,15,10,7,2,0,0,10,5,9,16,3,19,11,10,5,3,0,7,19,18,1,4,12,9,15,18,7,7,0,3,18,11,1,9,16,19,11,19,2,0",-0.518846,0.28733924,3.0,0.049611952,57.316372,0.05308242,1.0,0.05308242,0.30732182,0.012873126,0.0,0.0,0.049611952,0.0024749653,0.85969913,0.30732182,2.8445644,1.2793318,57.316372,-0.518846,3.863668,203.75916,0.012547738,0.046141483,1.0,203.75916,0.26645374,0.14030088,2.8445644,0.0024749653,0.013198514,0.28733924,0.0,1.2793318,3.863668,0.012547738,0.518846,0.0,0.013198514,0.518846,0.587428,0.046141483,1.0,0.012873126,lookahead,fk_orig1_bm0-s0to75br2-s75to150br0-s150to225br0
/work/T-REX/external/Proteina-Complexa/inference/search_binder_local_pipeline_32_PDL1_ALPHA_REPACK_v7_r005_cand_v7r005_hyp_0005_00_001_a975a719abf41/job_0_n_196_id_36_fk_orig2_bm3-s0to75br2-s75to150br3-s150to225br0/job_0_n_196_id_36_fk_orig2_bm3-s0to75br2-s75to150br3-s150to225br0.pdb,146,"2,0,13,16,19,16,19,14,11,3,10,18,19,19,6,18,7,15,2,12,16,9,6,4,11,13,14,19,6,11,5,10,3,10,0,0,10,9,19,18,17,6,12,6,3,11,2,9,9,5,13,19,8,7,6,6,3,10,11,19,5,8,15,15,18,1,5,1,0,1,10,10,11,3,5,10,15,10,7,2,0,0,10,5,9,16,3,19,11,10,5,3,0,7,19,18,1,4,12,9,15,18,7,7,0,3,18,11,1,9,16,19,11,19,2,0,17,11,10,0,0,6,3,18,15,1,0,9,6,10,11,14,3,13,0,6,0,18,13,5,1,7,11,0,18,6,11,10,7,6,18,3,10,0,0,6,3,18,16,11,0,9,6,10,11,14,3,13,11,6,0,18,10,6,1,0,11,0,18,12,11,10,7,6,18,3,10,0,7,11,3,10,3,0,18,11,0,0,0,0,0,0,0,0,0,0,0,0,0,0,0,0,0,0,0,0,0,0,0,0,0,0,0,0,0,0,0,0,0,0,0,0",-0.18020108,0.0578505,3.0,0.532424,37.05552,0.5861913,1.0,0.5861913,0.13234591,0.532424,0.0,0.0,0.532424,0.0018461213,0.95725304,0.13234591,2.1045418,1.2087214,37.05552,-0.18020108,2.8684669,137.12952,0.4786566,0.4786566,1.0,137.12952,0.7884033,0.04274695,2.1045418,0.0018461213,0.5861913,0.0578505,0.0,1.2087214,2.8684669,0.4786566,0.18020108,0.0,0.5861913,0.18020108,0.8595322,0.4786566,1.0,0.532424,lookahead,fk_orig2_bm3-s0to75br2-s75to150br3-s150to225br0
/work/T-REX/external/Proteina-Complexa/inference/search_binder_local_pipeline_32_PDL1_ALPHA_REPACK_v7_r005_cand_v7r005_hyp_0005_00_001_a975a719abf41/job_0_n_177_id_36_fk_orig3_bm2-s0to75br1-s75to150br2-s150to225br0/job_0_n_177_id_36_fk_orig3_bm2-s0to75br1-s75to150br2-s150to225br0.pdb,147,"2,0,13,16,19,16,19,14,11,3,10,18,19,19,6,18,7,15,2,12,16,9,6,4,11,13,14,19,6,11,5,10,3,10,0,0,10,9,19,18,17,6,12,6,3,11,2,9,9,5,13,19,8,7,6,6,3,10,11,19,5,8,15,15,18,1,5,1,0,1,10,10,11,3,5,10,15,10,7,2,0,0,10,5,9,16,3,19,11,10,5,3,0,7,19,18,1,4,12,9,15,18,7,7,0,3,18,11,1,9,16,19,11,19,2,0,2,19,19,6,1,10,0,1,0,13,7,10,2,10,2,0,6,3,19,7,6,10,15,3,10,10,3,2,7,0,2,6,11,3,9,12,6,19,10,3,9,19,11,1,3,11,10,15,19,11,6,0,9,19,6,10,11,1,1,1,7,0,0,0,0,0,0,0,0,0,0,0,0,0,0,0,0,0,0,0,0,0,0,0,0,0,0,0,0,0,0,0,0,0,0,0,0,0,0,0,0,0,0,0,0,0,0,0,0,0,0,0,0,0,0,0",-0.27416724,0.13161904,3.0,0.20510384,38.94396,0.23750943,1.0,0.23750943,0.2083942,0.20329416,0.0,0.0,0.20510384,0.0041806484,0.85748935,0.2083942,2.2891772,1.6027018,38.94396,-0.27416724,2.8358855,173.68553,0.1712772,0.17269824,1.0,173.68553,0.5539844,0.14251068,2.2891772,0.0041806484,0.2353111,0.13161904,0.0,1.6027018,2.8358855,0.1712772,0.27416724,0.0,0.2353111,0.27416724,0.7789141,0.17269824,1.0,0.20329416,lookahead,fk_orig3_bm2-s0to75br1-s75to150br2-s150to225br0
/work/T-REX/external/Proteina-Complexa/inference/search_binder_local_pipeline_32_PDL1_ALPHA_REPACK_v7_r005_cand_v7r005_hyp_0005_00_001_a975a719abf41/job_0_n_214_id_37_fk_orig0_bm0-s0to75br3-s75to150br2-s150to225br1/job_0_n_214_id_37_fk_orig0_bm0-s0to75br3-s75to150br2-s150to225br1.pdb,148,"2,0,13,16,19,16,19,14,11,3,10,18,19,19,6,18,7,15,2,12,16,9,6,4,11,13,14,19,6,11,5,10,3,10,0,0,10,9,19,18,17,6,12,6,3,11,2,9,9,5,13,19,8,7,6,6,3,10,11,19,5,8,15,15,18,1,5,1,0,1,10,10,11,3,5,10,15,10,7,2,0,0,10,5,9,16,3,19,11,10,5,3,0,7,19,18,1,4,12,9,15,18,7,7,0,3,18,11,1,9,16,19,11,19,2,0,16,9,1,19,2,7,19,14,5,14,2,0,19,10,19,16,14,2,11,16,11,10,16,0,3,6,2,7,6,9,9,10,14,16,16,3,0,7,13,18,16,9,11,2,10,16,6,13,14,15,15,14,19,11,19,6,10,11,2,6,2,7,16,9,10,15,15,9,3,0,7,19,3,6,19,2,11,6,19,10,13,7,10,16,6,10,14,6,2,16,0,19,9,3,9,19,19,10,0,0,0,0,0,0,0,0,0,0,0,0,0,0,0,0,0,0",-0.21685256,0.082006425,3.0,0.41197807,56.383457,0.41428736,1.0,0.41428736,0.16317274,0.41197807,0.0,0.0,0.41197807,0.004027174,0.90275407,0.16317274,4.5895643,1.4816346,56.383457,-0.21685256,2.8177736,214.7523,0.40966874,0.40966874,1.0,214.7523,0.71824706,0.09724593,4.5895643,0.004027174,0.41428736,0.082006425,0.0,1.4816346,2.8177736,0.40966874,0.21685256,0.0,0.41428736,0.21685256,0.82817805,0.40966874,1.0,0.41197807,lookahead,fk_orig0_bm0-s0to75br3-s75to150br2-s150to225br1
/work/T-REX/external/Proteina-Complexa/inference/search_binder_local_pipeline_32_PDL1_ALPHA_REPACK_v7_r005_cand_v7r005_hyp_0005_00_001_a975a719abf41/job_0_n_232_id_37_fk_orig1_bm0-s0to75br2-s75to150br0-s150to225br1/job_0_n_232_id_37_fk_orig1_bm0-s0to75br2-s75to150br0-s150to225br1.pdb,149,"2,0,13,16,19,16,19,14,11,3,10,18,19,19,6,18,7,15,2,12,16,9,6,4,11,13,14,19,6,11,5,10,3,10,0,0,10,9,19,18,17,6,12,6,3,11,2,9,9,5,13,19,8,7,6,6,3,10,11,19,5,8,15,15,18,1,5,1,0,1,10,10,11,3,5,10,15,10,7,2,0,0,10,5,9,16,3,19,11,10,5,3,0,7,19,18,1,4,12,9,15,18,7,7,0,3,18,11,1,9,16,19,11,19,2,0,2,0,13,16,19,16,19,14,11,3,10,18,19,19,6,18,7,15,2,12,16,9,6,4,11,13,14,19,6,11,5,10,3,10,0,0,10,9,19,18,17,6,12,6,3,11,2,9,9,5,13,19,8,7,6,6,3,10,11,19,5,8,15,15,18,1,5,1,0,1,10,10,11,3,5,10,15,10,7,2,0,0,10,5,9,16,3,19,11,10,5,3,0,7,19,18,1,4,12,9,15,18,7,7,0,3,18,11,1,9,16,19,11,19,2,0",-0.5055838,0.27167568,3.0,0.056315914,54.69927,0.059217874,1.0,0.059217874,0.30023432,0.013424763,0.0,0.0,0.056315914,0.0024007168,0.86027366,0.30023432,2.137535,1.2718613,54.69927,-0.5055838,3.815425,200.93056,0.013004202,0.05341395,1.0,200.93056,0.27302575,0.13972633,2.137535,0.0024007168,0.013845324,0.27167568,0.0,1.2718613,3.815425,0.013004202,0.5055838,0.0,0.013845324,0.5055838,0.5904918,0.05341395,1.0,0.013424763,lookahead,fk_orig1_bm0-s0to75br2-s75to150br0-s150to225br1
/work/T-REX/external/Proteina-Complexa/inference/search_binder_local_pipeline_32_PDL1_ALPHA_REPACK_v7_r005_cand_v7r005_hyp_0005_00_001_a975a719abf41/job_0_n_196_id_37_fk_orig2_bm3-s0to75br2-s75to150br3-s150to225br1/job_0_n_196_id_37_fk_orig2_bm3-s0to75br2-s75to150br3-s150to225br1.pdb,150,"2,0,13,16,19,16,19,14,11,3,10,18,19,19,6,18,7,15,2,12,16,9,6,4,11,13,14,19,6,11,5,10,3,10,0,0,10,9,19,18,17,6,12,6,3,11,2,9,9,5,13,19,8,7,6,6,3,10,11,19,5,8,15,15,18,1,5,1,0,1,10,10,11,3,5,10,15,10,7,2,0,0,10,5,9,16,3,19,11,10,5,3,0,7,19,18,1,4,12,9,15,18,7,7,0,3,18,11,1,9,16,19,11,19,2,0,17,3,10,0,0,6,3,18,15,11,0,9,6,10,11,14,3,13,0,6,0,18,13,5,1,7,11,0,18,19,2,10,11,5,18,3,10,0,19,11,3,18,16,11,0,9,6,10,11,14,3,13,0,6,0,18,10,6,1,7,11,0,18,12,2,10,7,5,18,3,10,0,7,11,3,13,3,0,18,11,0,0,0,0,0,0,0,0,0,0,0,0,0,0,0,0,0,0,0,0,0,0,0,0,0,0,0,0,0,0,0,0,0,0,0,0",-0.34005058,0.16668227,3.0,0.16247876,34.796337,0.18292263,1.0,0.18292263,0.23254566,0.14192212,0.0,0.0,0.16247876,0.0028515437,0.9014213,0.23254566,3.169279,1.3331474,34.796337,-0.34005058,3.4667504,149.29787,0.12989768,0.14203489,1.0,149.29787,0.52063835,0.09857871,3.169279,0.0028515437,0.15394655,0.16668227,0.0,1.3331474,3.4667504,0.12989768,0.34005058,0.0,0.15394655,0.34005058,0.7394756,0.14203489,1.0,0.14192212,lookahead,fk_orig2_bm3-s0to75br2-s75to150br3-s150to225br1
/work/T-REX/external/Proteina-Complexa/inference/search_binder_local_pipeline_32_PDL1_ALPHA_REPACK_v7_r005_cand_v7r005_hyp_0005_00_001_a975a719abf41/job_0_n_177_id_37_fk_orig3_bm2-s0to75br1-s75to150br2-s150to225br1/job_0_n_177_id_37_fk_orig3_bm2-s0to75br1-s75to150br2-s150to225br1.pdb,151,"2,0,13,16,19,16,19,14,11,3,10,18,19,19,6,18,7,15,2,12,16,9,6,4,11,13,14,19,6,11,5,10,3,10,0,0,10,9,19,18,17,6,12,6,3,11,2,9,9,5,13,19,8,7,6,6,3,10,11,19,5,8,15,15,18,1,5,1,0,1,10,10,11,3,5,10,15,10,7,2,0,0,10,5,9,16,3,19,11,10,5,3,0,7,19,18,1,4,12,9,15,18,7,7,0,3,18,11,1,9,16,19,11,19,2,0,2,19,19,3,1,10,0,1,0,13,7,10,2,10,2,0,6,3,19,7,6,10,2,3,12,10,3,11,7,0,2,6,11,3,9,12,1,19,10,3,10,19,15,1,6,11,10,16,19,11,6,0,9,19,6,10,1,1,1,1,0,0,0,0,0,0,0,0,0,0,0,0,0,0,0,0,0,0,0,0,0,0,0,0,0,0,0,0,0,0,0,0,0,0,0,0,0,0,0,0,0,0,0,0,0,0,0,0,0,0,0,0,0,0,0,0",-0.22232528,0.09581,3.0,0.31704405,25.623997,0.3724166,1.0,0.3724166,0.1747331,0.31704405,0.0,0.0,0.31704405,0.0022771838,0.8783531,0.1747331,1.1413889,1.6415029,25.623997,-0.22232528,2.5778894,157.86649,0.2616715,0.2616715,1.0,157.86649,0.6538411,0.1216469,1.1413889,0.0022771838,0.3724166,0.09581,0.0,1.6415029,2.5778894,0.2616715,0.22232528,0.0,0.3724166,0.22232528,0.81151617,0.2616715,1.0,0.31704405,lookahead,fk_orig3_bm2-s0to75br1-s75to150br2-s150to225br1
/work/T-REX/external/Proteina-Complexa/inference/search_binder_local_pipeline_32_PDL1_ALPHA_REPACK_v7_r005_cand_v7r005_hyp_0005_00_001_a975a719abf41/job_0_n_214_id_38_fk_orig0_bm0-s0to75br3-s75to150br2-s150to225br2/job_0_n_214_id_38_fk_orig0_bm0-s0to75br3-s75to150br2-s150to225br2.pdb,152,"2,0,13,16,19,16,19,14,11,3,10,18,19,19,6,18,7,15,2,12,16,9,6,4,11,13,14,19,6,11,5,10,3,10,0,0,10,9,19,18,17,6,12,6,3,11,2,9,9,5,13,19,8,7,6,6,3,10,11,19,5,8,15,15,18,1,5,1,0,1,10,10,11,3,5,10,15,10,7,2,0,0,10,5,9,16,3,19,11,10,5,3,0,7,19,18,1,4,12,9,15,18,7,7,0,3,18,11,1,9,16,19,11,19,2,0,11,9,10,19,2,7,19,19,5,14,2,19,16,10,9,16,14,2,11,6,11,10,11,16,3,6,2,7,11,19,15,10,14,16,16,11,0,7,13,18,9,10,11,2,10,11,13,10,14,0,15,14,19,11,19,5,10,11,2,6,2,7,6,9,10,0,6,9,3,0,7,19,3,6,11,2,11,6,19,9,13,7,10,16,2,10,14,6,6,16,0,19,9,3,9,19,15,10,0,0,0,0,0,0,0,0,0,0,0,0,0,0,0,0,0,0",-0.2608845,0.10102554,3.0,0.30888358,65.85952,0.32468915,1.0,0.32468915,0.1908926,0.30888358,0.0,0.0,0.30888358,0.0067787967,0.883795,0.1908926,3.8337548,1.5510108,65.85952,-0.2608845,2.9784245,233.02539,0.293078,0.293078,1.0,233.02539,0.65170574,0.11620501,3.8337548,0.0067787967,0.32468915,0.10102554,0.0,1.5510108,2.9784245,0.293078,0.2608845,0.0,0.32468915,0.2608845,0.7969153,0.293078,1.0,0.30888358,lookahead,fk_orig0_bm0-s0to75br3-s75to150br2-s150to225br2
/work/T-REX/external/Proteina-Complexa/inference/search_binder_local_pipeline_32_PDL1_ALPHA_REPACK_v7_r005_cand_v7r005_hyp_0005_00_001_a975a719abf41/job_0_n_232_id_38_fk_orig1_bm0-s0to75br2-s75to150br0-s150to225br2/job_0_n_232_id_38_fk_orig1_bm0-s0to75br2-s75to150br0-s150to225br2.pdb,153,"2,0,13,16,19,16,19,14,11,3,10,18,19,19,6,18,7,15,2,12,16,9,6,4,11,13,14,19,6,11,5,10,3,10,0,0,10,9,19,18,17,6,12,6,3,11,2,9,9,5,13,19,8,7,6,6,3,10,11,19,5,8,15,15,18,1,5,1,0,1,10,10,11,3,5,10,15,10,7,2,0,0,10,5,9,16,3,19,11,10,5,3,0,7,19,18,1,4,12,9,15,18,7,7,0,3,18,11,1,9,16,19,11,19,2,0,2,0,13,16,19,16,19,14,11,3,10,18,19,19,6,18,7,15,2,12,16,9,6,4,11,13,14,19,6,11,5,10,3,10,0,0,10,9,19,18,17,6,12,6,3,11,2,9,9,5,13,19,8,7,6,6,3,10,11,19,5,8,15,15,18,1,5,1,0,1,10,10,11,3,5,10,15,10,7,2,0,0,10,5,9,16,3,19,11,10,5,3,0,7,19,18,1,4,12,9,15,18,7,7,0,3,18,11,1,9,16,19,11,19,2,0",-0.52958167,0.29743347,3.0,0.043825477,57.922935,0.047637172,1.0,0.047637172,0.31241974,0.012229478,0.0,0.0,0.043825477,0.0024470717,0.8605262,0.31241974,2.7430437,1.2758825,57.922935,-0.52958167,3.8926938,198.49239,0.011982989,0.040013783,1.0,198.49239,0.25708765,0.13947378,2.7430437,0.0024470717,0.012475968,0.29743347,0.0,1.2758825,3.8926938,0.011982989,0.52958167,0.0,0.012475968,0.52958167,0.5831166,0.040013783,1.0,0.012229478,lookahead,fk_orig1_bm0-s0to75br2-s75to150br0-s150to225br2
/work/T-REX/external/Proteina-Complexa/inference/search_binder_local_pipeline_32_PDL1_ALPHA_REPACK_v7_r005_cand_v7r005_hyp_0005_00_001_a975a719abf41/job_0_n_196_id_38_fk_orig2_bm3-s0to75br2-s75to150br3-s150to225br2/job_0_n_196_id_38_fk_orig2_bm3-s0to75br2-s75to150br3-s150to225br2.pdb,154,"2,0,13,16,19,16,19,14,11,3,10,18,19,19,6,18,7,15,2,12,16,9,6,4,11,13,14,19,6,11,5,10,3,10,0,0,10,9,19,18,17,6,12,6,3,11,2,9,9,5,13,19,8,7,6,6,3,10,11,19,5,8,15,15,18,1,5,1,0,1,10,10,11,3,5,10,15,10,7,2,0,0,10,5,9,16,3,19,11,10,5,3,0,7,19,18,1,4,12,9,15,18,7,7,0,3,18,11,1,9,16,19,11,19,2,0,17,3,10,0,19,6,3,18,16,1,0,9,6,10,11,14,3,13,0,6,0,18,18,5,1,7,11,0,18,19,11,10,11,1,18,3,10,0,19,6,3,18,16,1,0,9,6,10,11,14,3,13,0,6,0,18,13,6,1,0,11,0,18,12,8,10,7,5,18,3,10,0,7,11,3,10,3,0,18,11,0,0,0,0,0,0,0,0,0,0,0,0,0,0,0,0,0,0,0,0,0,0,0,0,0,0,0,0,0,0,0,0,0,0,0,0",-0.4886081,0.2726864,3.0,0.055905696,48.51145,0.05813149,1.0,0.05813149,0.31742364,0.013946341,0.0,0.0,0.055905696,0.0017029971,0.8746429,0.31742364,5.7406244,1.2718843,48.51145,-0.4886081,3.8042824,163.59392,0.012528867,0.053679902,1.0,163.59392,0.32244384,0.12535708,5.7406244,0.0017029971,0.015363815,0.2726864,0.0,1.2718843,3.8042824,0.012528867,0.4886081,0.0,0.015363815,0.4886081,0.6563809,0.053679902,1.0,0.013946341,lookahead,fk_orig2_bm3-s0to75br2-s75to150br3-s150to225br2
/work/T-REX/external/Proteina-Complexa/inference/search_binder_local_pipeline_32_PDL1_ALPHA_REPACK_v7_r005_cand_v7r005_hyp_0005_00_001_a975a719abf41/job_0_n_177_id_38_fk_orig3_bm2-s0to75br1-s75to150br2-s150to225br2/job_0_n_177_id_38_fk_orig3_bm2-s0to75br1-s75to150br2-s150to225br2.pdb,155,"2,0,13,16,19,16,19,14,11,3,10,18,19,19,6,18,7,15,2,12,16,9,6,4,11,13,14,19,6,11,5,10,3,10,0,0,10,9,19,18,17,6,12,6,3,11,2,9,9,5,13,19,8,7,6,6,3,10,11,19,5,8,15,15,18,1,5,1,0,1,10,10,11,3,5,10,15,10,7,2,0,0,10,5,9,16,3,19,11,10,5,3,0,7,19,18,1,4,12,9,15,18,7,7,0,3,18,11,1,9,16,19,11,19,2,0,3,19,19,15,1,9,0,1,0,13,7,10,6,10,2,0,6,3,19,0,6,10,2,3,10,10,3,11,7,0,2,6,11,3,9,12,6,19,10,2,9,19,8,1,3,11,10,16,19,11,6,0,19,19,6,10,1,1,1,1,0,0,0,0,0,0,0,0,0,0,0,0,0,0,0,0,0,0,0,0,0,0,0,0,0,0,0,0,0,0,0,0,0,0,0,0,0,0,0,0,0,0,0,0,0,0,0,0,0,0,0,0,0,0,0,0",-0.22630332,0.10641402,3.0,0.30280828,32.188713,0.3458652,1.0,0.3458652,0.17829105,0.30280828,0.0,0.0,0.30280828,0.0023708325,0.8695636,0.17829105,1.7141887,1.6964371,32.188713,-0.22630332,2.6282525,168.61345,0.2597514,0.2597514,1.0,168.61345,0.6487042,0.13043644,1.7141887,0.0023708325,0.3458652,0.10641402,0.0,1.6964371,2.6282525,0.2597514,0.22630332,0.0,0.3458652,0.22630332,0.81313545,0.2597514,1.0,0.30280828,lookahead,fk_orig3_bm2-s0to75br1-s75to150br2-s150to225br2
/work/T-REX/external/Proteina-Complexa/inference/search_binder_local_pipeline_32_PDL1_ALPHA_REPACK_v7_r005_cand_v7r005_hyp_0005_00_001_a975a719abf41/job_0_n_214_id_39_fk_orig0_bm0-s0to75br3-s75to150br2-s150to225br3/job_0_n_214_id_39_fk_orig0_bm0-s0to75br3-s75to150br2-s150to225br3.pdb,156,"2,0,13,16,19,16,19,14,11,3,10,18,19,19,6,18,7,15,2,12,16,9,6,4,11,13,14,19,6,11,5,10,3,10,0,0,10,9,19,18,17,6,12,6,3,11,2,9,9,5,13,19,8,7,6,6,3,10,11,19,5,8,15,15,18,1,5,1,0,1,10,10,11,3,5,10,15,10,7,2,0,0,10,5,9,16,3,19,11,10,5,3,0,7,19,18,1,4,12,9,15,18,7,7,0,3,18,11,1,9,16,19,11,19,2,0,1,9,11,19,2,7,19,11,5,14,7,0,16,10,9,16,14,15,11,11,11,18,9,0,3,2,6,7,2,10,16,9,14,11,14,6,0,7,10,18,10,9,11,2,10,11,6,10,14,16,0,14,19,11,19,6,10,11,3,15,11,7,2,19,10,2,15,9,3,0,15,19,3,16,19,2,11,6,9,10,13,7,10,16,2,10,14,11,2,16,0,6,9,2,19,19,19,14,0,0,0,0,0,0,0,0,0,0,0,0,0,0,0,0,0,0",-0.22524315,0.09336405,3.0,0.37533504,51.921093,0.39357844,1.0,0.39357844,0.16455023,0.37533504,0.0,0.0,0.37533504,0.003439686,0.90686715,0.16455023,3.7676933,1.4718108,51.921093,-0.22524315,2.844821,208.84192,0.35709164,0.35709164,1.0,208.84192,0.7005681,0.09313283,3.7676933,0.003439686,0.39357844,0.09336405,0.0,1.4718108,2.844821,0.35709164,0.22524315,0.0,0.39357844,0.22524315,0.81848323,0.35709164,1.0,0.37533504,lookahead,fk_orig0_bm0-s0to75br3-s75to150br2-s150to225br3
/work/T-REX/external/Proteina-Complexa/inference/search_binder_local_pipeline_32_PDL1_ALPHA_REPACK_v7_r005_cand_v7r005_hyp_0005_00_001_a975a719abf41/job_0_n_232_id_39_fk_orig1_bm0-s0to75br2-s75to150br0-s150to225br3/job_0_n_232_id_39_fk_orig1_bm0-s0to75br2-s75to150br0-s150to225br3.pdb,157,"2,0,13,16,19,16,19,14,11,3,10,18,19,19,6,18,7,15,2,12,16,9,6,4,11,13,14,19,6,11,5,10,3,10,0,0,10,9,19,18,17,6,12,6,3,11,2,9,9,5,13,19,8,7,6,6,3,10,11,19,5,8,15,15,18,1,5,1,0,1,10,10,11,3,5,10,15,10,7,2,0,0,10,5,9,16,3,19,11,10,5,3,0,7,19,18,1,4,12,9,15,18,7,7,0,3,18,11,1,9,16,19,11,19,2,0,2,0,13,16,19,16,19,14,11,3,10,18,19,19,6,18,7,15,2,12,16,9,6,4,11,13,14,19,6,11,5,10,3,10,0,0,10,9,19,18,17,6,12,6,3,11,2,9,9,5,13,19,8,7,6,6,3,10,11,19,5,8,15,15,18,1,5,1,0,1,10,10,11,3,5,10,15,10,7,2,0,0,10,5,9,16,3,19,11,10,5,3,0,7,19,18,1,4,12,9,15,18,7,7,0,3,18,11,1,9,16,19,11,19,2,0",-0.52706087,0.29698378,3.0,0.045766708,57.396626,0.048135586,1.0,0.048135586,0.3113557,0.012474336,0.0,0.0,0.045766708,0.0024521244,0.85956067,0.3113557,3.0801961,1.2817172,57.396626,-0.52706087,3.8835328,199.27692,0.012267841,0.04339783,1.0,199.27692,0.260691,0.14043933,3.0801961,0.0024521244,0.012680831,0.29698378,0.0,1.2817172,3.8835328,0.012267841,0.52706087,0.0,0.012680831,0.52706087,0.5844568,0.04339783,1.0,0.012474336,lookahead,fk_orig1_bm0-s0to75br2-s75to150br0-s150to225br3
/work/T-REX/external/Proteina-Complexa/inference/search_binder_local_pipeline_32_PDL1_ALPHA_REPACK_v7_r005_cand_v7r005_hyp_0005_00_001_a975a719abf41/job_0_n_196_id_39_fk_orig2_bm3-s0to75br2-s75to150br3-s150to225br3/job_0_n_196_id_39_fk_orig2_bm3-s0to75br2-s75to150br3-s150to225br3.pdb,158,"2,0,13,16,19,16,19,14,11,3,10,18,19,19,6,18,7,15,2,12,16,9,6,4,11,13,14,19,6,11,5,10,3,10,0,0,10,9,19,18,17,6,12,6,3,11,2,9,9,5,13,19,8,7,6,6,3,10,11,19,5,8,15,15,18,1,5,1,0,1,10,10,11,3,5,10,15,10,7,2,0,0,10,5,9,16,3,19,11,10,5,3,0,7,19,18,1,4,12,9,15,18,7,7,0,3,18,11,1,9,16,19,11,19,2,0,17,3,10,0,0,6,3,18,15,11,0,9,6,10,11,14,3,13,0,6,0,18,13,5,1,7,11,0,18,13,2,10,11,11,18,3,10,0,19,6,3,18,16,11,0,9,6,10,11,14,3,13,0,6,0,18,2,6,1,0,11,0,18,12,2,10,7,11,18,3,10,0,7,11,3,10,3,0,18,11,0,0,0,0,0,0,0,0,0,0,0,0,0,0,0,0,0,0,0,0,0,0,0,0,0,0,0,0,0,0,0,0,0,0,0,0",-0.18316805,0.055014055,3.0,0.5440898,33.770264,0.5921837,1.0,0.5921837,0.13846669,0.5440898,0.0,0.0,0.5440898,0.0027429045,0.946629,0.13846669,1.6305532,1.3228291,33.770264,-0.18316805,2.7177167,132.95808,0.49599585,0.49599585,1.0,132.95808,0.7971151,0.053371023,1.6305532,0.0027429045,0.5921837,0.055014055,0.0,1.3228291,2.7177167,0.49599585,0.18316805,0.0,0.5921837,0.18316805,0.86310005,0.49599585,1.0,0.5440898,lookahead,fk_orig2_bm3-s0to75br2-s75to150br3-s150to225br3
/work/T-REX/external/Proteina-Complexa/inference/search_binder_local_pipeline_32_PDL1_ALPHA_REPACK_v7_r005_cand_v7r005_hyp_0005_00_001_a975a719abf41/job_0_n_177_id_39_fk_orig3_bm2-s0to75br1-s75to150br2-s150to225br3/job_0_n_177_id_39_fk_orig3_bm2-s0to75br1-s75to150br2-s150to225br3.pdb,159,"2,0,13,16,19,16,19,14,11,3,10,18,19,19,6,18,7,15,2,12,16,9,6,4,11,13,14,19,6,11,5,10,3,10,0,0,10,9,19,18,17,6,12,6,3,11,2,9,9,5,13,19,8,7,6,6,3,10,11,19,5,8,15,15,18,1,5,1,0,1,10,10,11,3,5,10,15,10,7,2,0,0,10,5,9,16,3,19,11,10,5,3,0,7,19,18,1,4,12,9,15,18,7,7,0,3,18,11,1,9,16,19,11,19,2,0,2,0,19,6,1,9,0,1,0,18,7,10,6,10,2,0,0,3,19,11,6,10,2,3,10,10,3,11,7,0,2,6,11,3,9,12,6,19,10,3,9,19,11,1,3,11,10,15,19,11,6,0,9,19,6,10,11,1,1,1,0,0,0,0,0,0,0,0,0,0,0,0,0,0,0,0,0,0,0,0,0,0,0,0,0,0,0,0,0,0,0,0,0,0,0,0,0,0,0,0,0,0,0,0,0,0,0,0,0,0,0,0,0,0,0,0",-0.23387864,0.11191981,3.0,0.27763975,47.262695,0.32358143,1.0,0.32358143,0.17976986,0.2769197,0.0,0.0,0.27763975,0.0016789369,0.8793446,0.17976986,3.0237045,1.5548186,47.262695,-0.23387864,2.6319287,165.53893,0.23025797,0.2316981,1.0,165.53893,0.62656116,0.120655425,3.0237045,0.0016789369,0.32358143,0.11191981,0.0,1.5548186,2.6319287,0.23025797,0.23387864,0.0,0.32358143,0.23387864,0.80246246,0.2316981,1.0,0.2769197,lookahead,fk_orig3_bm2-s0to75br1-s75to150br2-s150to225br3
/work/T-REX/external/Proteina-Complexa/inference/search_binder_local_pipeline_32_PDL1_ALPHA_REPACK_v7_r005_cand_v7r005_hyp_0005_00_001_a975a719abf41/job_0_n_214_id_40_fk_orig0_bm0-s0to75br3-s75to150br3-s150to225br0/job_0_n_214_id_40_fk_orig0_bm0-s0to75br3-s75to150br3-s150to225br0.pdb,160,"2,0,13,16,19,16,19,14,11,3,10,18,19,19,6,18,7,15,2,12,16,9,6,4,11,13,14,19,6,11,5,10,3,10,0,0,10,9,19,18,17,6,12,6,3,11,2,9,9,5,13,19,8,7,6,6,3,10,11,19,5,8,15,15,18,1,5,1,0,1,10,10,11,3,5,10,15,10,7,2,0,0,10,5,9,16,3,19,11,10,5,3,0,7,19,18,1,4,12,9,15,18,7,7,0,3,18,11,1,9,16,19,11,19,2,0,11,19,11,19,2,7,19,19,5,14,2,19,19,9,16,15,14,15,11,11,16,18,16,16,3,2,2,7,6,9,9,10,2,3,16,15,14,7,13,18,16,9,11,2,10,15,16,16,10,15,7,3,10,11,19,6,10,11,3,2,2,7,2,19,9,5,15,10,3,0,16,18,3,14,19,11,11,6,9,13,13,7,19,15,2,14,10,2,3,19,15,6,9,2,9,19,16,11,0,0,0,0,0,0,0,0,0,0,0,0,0,0,0,0,0,0",-0.21944861,0.08712213,3.0,0.40581226,54.330093,0.40708384,1.0,0.40708384,0.16740166,0.40581226,0.0,0.0,0.40581226,0.004815441,0.89072967,0.16740166,5.7944117,1.6068294,54.330093,-0.21944861,2.942894,223.68445,0.4045407,0.4045407,1.0,223.68445,0.7108481,0.10927035,5.7944117,0.004815441,0.40708384,0.08712213,0.0,1.6068294,2.942894,0.4045407,0.21944861,0.0,0.40708384,0.21944861,0.8258663,0.4045407,1.0,0.40581226,lookahead,fk_orig0_bm0-s0to75br3-s75to150br3-s150to225br0
/work/T-REX/external/Proteina-Complexa/inference/search_binder_local_pipeline_32_PDL1_ALPHA_REPACK_v7_r005_cand_v7r005_hyp_0005_00_001_a975a719abf41/job_0_n_232_id_40_fk_orig1_bm3-s0to75br0-s75to150br0-s150to225br0/job_0_n_232_id_40_fk_orig1_bm3-s0to75br0-s75to150br0-s150to225br0.pdb,161,"2,0,13,16,19,16,19,14,11,3,10,18,19,19,6,18,7,15,2,12,16,9,6,4,11,13,14,19,6,11,5,10,3,10,0,0,10,9,19,18,17,6,12,6,3,11,2,9,9,5,13,19,8,7,6,6,3,10,11,19,5,8,15,15,18,1,5,1,0,1,10,10,11,3,5,10,15,10,7,2,0,0,10,5,9,16,3,19,11,10,5,3,0,7,19,18,1,4,12,9,15,18,7,7,0,3,18,11,1,9,16,19,11,19,2,0,0,13,16,19,16,19,14,11,3,10,18,19,19,6,18,7,15,2,12,16,9,6,4,11,13,14,19,6,11,5,10,3,10,0,0,10,9,19,18,17,6,12,6,3,11,2,9,9,5,13,19,8,7,6,6,3,10,11,19,5,8,15,15,18,1,5,1,0,1,10,10,11,3,5,10,15,10,7,2,0,0,10,5,9,16,3,19,11,10,5,3,0,7,19,18,1,4,12,9,15,18,7,7,0,3,18,11,1,9,16,19,11,19,2,0,14",-0.5231261,0.29350033,3.0,0.04876847,75.110535,0.05137623,1.0,0.05137623,0.30913186,0.012529239,0.0,0.0,0.04876847,0.0021111157,0.86149967,0.30913186,2.8117654,1.2807207,75.110535,-0.5231261,3.8970327,214.5556,0.01217614,0.046160705,1.0,214.5556,0.26366854,0.13850035,2.8117654,0.0021111157,0.012882339,0.29350033,0.0,1.2807207,3.8970327,0.01217614,0.5231261,0.0,0.012882339,0.5231261,0.58631957,0.046160705,1.0,0.012529239,lookahead,fk_orig1_bm3-s0to75br0-s75to150br0-s150to225br0
/work/T-REX/external/Proteina-Complexa/inference/search_binder_local_pipeline_32_PDL1_ALPHA_REPACK_v7_r005_cand_v7r005_hyp_0005_00_001_a975a719abf41/job_0_n_196_id_40_fk_orig2_bm2-s0to75br3-s75to150br1-s150to225br0/job_0_n_196_id_40_fk_orig2_bm2-s0to75br3-s75to150br1-s150to225br0.pdb,162,"2,0,13,16,19,16,19,14,11,3,10,18,19,19,6,18,7,15,2,12,16,9,6,4,11,13,14,19,6,11,5,10,3,10,0,0,10,9,19,18,17,6,12,6,3,11,2,9,9,5,13,19,8,7,6,6,3,10,11,19,5,8,15,15,18,1,5,1,0,1,10,10,11,3,5,10,15,10,7,2,0,0,10,5,9,16,3,19,11,10,5,3,0,7,19,18,1,4,12,9,15,18,7,7,0,3,18,11,1,9,16,19,11,19,2,0,19,6,12,16,14,3,9,11,3,10,19,11,12,13,5,13,9,2,11,10,3,19,3,7,9,0,7,19,11,16,5,16,0,10,2,8,18,10,5,5,2,2,10,6,14,19,14,19,3,7,9,13,7,5,0,16,6,16,0,10,11,16,18,10,3,10,18,2,11,11,11,9,0,10,5,14,14,14,6,14,0,0,0,0,0,0,0,0,0,0,0,0,0,0,0,0,0,0,0,0,0,0,0,0,0,0,0,0,0,0,0,0,0,0,0,0",-0.3103067,0.11031111,3.0,0.2872399,104.09285,0.3168367,1.0,0.3168367,0.26473534,0.28573734,0.0,0.0,0.2872399,0.03572114,0.760844,0.26473534,4.3061347,2.1987343,104.09285,-0.3103067,3.026017,255.13512,0.25508997,0.2576431,1.0,255.13512,0.6042079,0.239156,4.3061347,0.03572114,0.31638467,0.11031111,0.0,2.1987343,3.026017,0.25508997,0.3103067,0.0,0.31638467,0.3103067,0.77134955,0.2576431,1.0,0.28573734,lookahead,fk_orig2_bm2-s0to75br3-s75to150br1-s150to225br0
/work/T-REX/external/Proteina-Complexa/inference/search_binder_local_pipeline_32_PDL1_ALPHA_REPACK_v7_r005_cand_v7r005_hyp_0005_00_001_a975a719abf41/job_0_n_177_id_40_fk_orig3_bm1-s0to75br0-s75to150br0-s150to225br0/job_0_n_177_id_40_fk_orig3_bm1-s0to75br0-s75to150br0-s150to225br0.pdb,163,"2,0,13,16,19,16,19,14,11,3,10,18,19,19,6,18,7,15,2,12,16,9,6,4,11,13,14,19,6,11,5,10,3,10,0,0,10,9,19,18,17,6,12,6,3,11,2,9,9,5,13,19,8,7,6,6,3,10,11,19,5,8,15,15,18,1,5,1,0,1,10,10,11,3,5,10,15,10,7,2,0,0,10,5,9,16,3,19,11,10,5,3,0,7,19,18,1,4,12,9,15,18,7,7,0,3,18,11,1,9,16,19,11,19,2,0,15,0,10,2,2,12,0,10,15,10,11,11,6,7,1,10,3,6,0,6,8,10,18,1,11,0,10,6,3,2,14,2,3,0,2,0,8,2,7,10,0,19,19,10,11,6,5,7,1,10,3,6,0,9,11,6,18,6,16,19,10,0,0,0,0,0,0,0,0,0,0,0,0,0,0,0,0,0,0,0,0,0,0,0,0,0,0,0,0,0,0,0,0,0,0,0,0,0,0,0,0,0,0,0,0,0,0,0,0,0,0,0,0,0,0,0",-0.2523522,0.11723115,3.0,0.26400232,38.803047,0.3157017,1.0,0.3157017,0.19489838,0.26381546,0.0,0.0,0.26400232,0.005305267,0.8823057,0.19489838,2.4775412,1.5260738,38.803047,-0.2523522,2.8834293,163.24733,0.21230298,0.21230298,1.0,163.24733,0.6351351,0.11769431,2.4775412,0.005305267,0.3153279,0.11723115,0.0,1.5260738,2.8834293,0.21230298,0.2523522,0.0,0.3153279,0.2523522,0.80582726,0.21230298,1.0,0.26381546,lookahead,fk_orig3_bm1-s0to75br0-s75to150br0-s150to225br0
/work/T-REX/external/Proteina-Complexa/inference/search_binder_local_pipeline_32_PDL1_ALPHA_REPACK_v7_r005_cand_v7r005_hyp_0005_00_001_a975a719abf41/job_0_n_214_id_41_fk_orig0_bm0-s0to75br3-s75to150br3-s150to225br1/job_0_n_214_id_41_fk_orig0_bm0-s0to75br3-s75to150br3-s150to225br1.pdb,164,"2,0,13,16,19,16,19,14,11,3,10,18,19,19,6,18,7,15,2,12,16,9,6,4,11,13,14,19,6,11,5,10,3,10,0,0,10,9,19,18,17,6,12,6,3,11,2,9,9,5,13,19,8,7,6,6,3,10,11,19,5,8,15,15,18,1,5,1,0,1,10,10,11,3,5,10,15,10,7,2,0,0,10,5,9,16,3,19,11,10,5,3,0,7,19,18,1,4,12,9,15,18,7,7,0,3,18,11,1,9,16,19,11,19,2,0,16,10,11,10,2,7,11,14,10,14,7,0,19,10,19,15,14,16,11,16,19,18,16,0,3,3,2,7,9,9,16,10,16,3,16,15,14,7,10,18,16,9,16,2,10,14,6,16,10,15,7,2,9,16,19,10,10,11,3,6,2,7,16,19,10,5,15,10,15,0,15,18,3,14,19,15,7,6,10,10,13,7,19,16,6,15,10,16,3,19,0,19,9,3,9,16,16,15,0,0,0,0,0,0,0,0,0,0,0,0,0,0,0,0,0,0",-0.19094941,0.0678209,3.0,0.4810697,52.849792,0.51692075,1.0,0.51692075,0.1379551,0.4810697,0.0,0.0,0.4810697,0.0013499017,0.93871415,0.1379551,4.0739055,1.2709111,52.849792,-0.19094941,2.6343641,187.01796,0.44521868,0.44521868,1.0,187.01796,0.7492046,0.061285824,4.0739055,0.0013499017,0.51692075,0.0678209,0.0,1.2709111,2.6343641,0.44521868,0.19094941,0.0,0.51692075,0.19094941,0.8389904,0.44521868,1.0,0.4810697,lookahead,fk_orig0_bm0-s0to75br3-s75to150br3-s150to225br1
/work/T-REX/external/Proteina-Complexa/inference/search_binder_local_pipeline_32_PDL1_ALPHA_REPACK_v7_r005_cand_v7r005_hyp_0005_00_001_a975a719abf41/job_0_n_232_id_41_fk_orig1_bm3-s0to75br0-s75to150br0-s150to225br1/job_0_n_232_id_41_fk_orig1_bm3-s0to75br0-s75to150br0-s150to225br1.pdb,165,"2,0,13,16,19,16,19,14,11,3,10,18,19,19,6,18,7,15,2,12,16,9,6,4,11,13,14,19,6,11,5,10,3,10,0,0,10,9,19,18,17,6,12,6,3,11,2,9,9,5,13,19,8,7,6,6,3,10,11,19,5,8,15,15,18,1,5,1,0,1,10,10,11,3,5,10,15,10,7,2,0,0,10,5,9,16,3,19,11,10,5,3,0,7,19,18,1,4,12,9,15,18,7,7,0,3,18,11,1,9,16,19,11,19,2,0,0,13,16,19,16,19,14,11,3,10,18,19,19,6,18,7,15,2,12,16,9,6,4,11,13,14,19,6,11,5,10,3,10,0,0,10,9,19,18,17,6,12,6,3,11,2,9,9,5,13,19,8,7,6,6,3,10,11,19,5,8,15,15,18,1,5,1,0,1,10,10,11,3,5,10,15,10,7,2,0,0,10,5,9,16,3,19,11,10,5,3,0,7,19,18,1,4,12,9,15,18,7,7,0,3,18,11,1,9,16,19,11,19,2,0,14",-0.5310608,0.30236825,3.0,0.04427471,74.41415,0.04744459,1.0,0.04744459,0.31362733,0.0121918935,0.0,0.0,0.04427471,0.0021461619,0.8612243,0.31362733,3.373209,1.2866771,74.41415,-0.5310608,3.9119084,216.05162,0.012023595,0.041104835,1.0,216.05162,0.260167,0.13877569,3.373209,0.0021461619,0.012360193,0.30236825,0.0,1.2866771,3.9119084,0.012023595,0.5310608,0.0,0.012360193,0.5310608,0.5839428,0.041104835,1.0,0.0121918935,lookahead,fk_orig1_bm3-s0to75br0-s75to150br0-s150to225br1
/work/T-REX/external/Proteina-Complexa/inference/search_binder_local_pipeline_32_PDL1_ALPHA_REPACK_v7_r005_cand_v7r005_hyp_0005_00_001_a975a719abf41/job_0_n_196_id_41_fk_orig2_bm2-s0to75br3-s75to150br1-s150to225br1/job_0_n_196_id_41_fk_orig2_bm2-s0to75br3-s75to150br1-s150to225br1.pdb,166,"2,0,13,16,19,16,19,14,11,3,10,18,19,19,6,18,7,15,2,12,16,9,6,4,11,13,14,19,6,11,5,10,3,10,0,0,10,9,19,18,17,6,12,6,3,11,2,9,9,5,13,19,8,7,6,6,3,10,11,19,5,8,15,15,18,1,5,1,0,1,10,10,11,3,5,10,15,10,7,2,0,0,10,5,9,16,3,19,11,10,5,3,0,7,19,18,1,4,12,9,15,18,7,7,0,3,18,11,1,9,16,19,11,19,2,0,18,6,12,16,5,3,9,19,3,10,19,11,12,13,5,13,19,2,7,10,16,19,3,7,9,0,7,16,11,16,5,16,0,10,2,11,18,4,11,6,8,2,10,6,14,19,3,9,3,7,9,13,7,5,11,16,6,16,0,19,1,16,13,10,16,3,10,2,6,11,11,15,11,14,10,0,14,14,19,0,0,0,0,0,0,0,0,0,0,0,0,0,0,0,0,0,0,0,0,0,0,0,0,0,0,0,0,0,0,0,0,0,0,0,0,0",-0.2730406,0.09575294,3.0,0.3375046,69.93956,0.39199993,1.0,0.39199993,0.22469437,0.33720696,0.0,0.0,0.3375046,0.016771704,0.81449264,0.22469437,2.493297,1.9736267,69.93956,-0.2730406,2.9185724,213.40938,0.28241402,0.28300926,1.0,213.40938,0.67495203,0.18550734,2.493297,0.016771704,0.39199993,0.09575294,0.0,1.9736267,2.9185724,0.28241402,0.2730406,0.0,0.39199993,0.2730406,0.7884334,0.28300926,1.0,0.33720696,lookahead,fk_orig2_bm2-s0to75br3-s75to150br1-s150to225br1
/work/T-REX/external/Proteina-Complexa/inference/search_binder_local_pipeline_32_PDL1_ALPHA_REPACK_v7_r005_cand_v7r005_hyp_0005_00_001_a975a719abf41/job_0_n_177_id_41_fk_orig3_bm1-s0to75br0-s75to150br0-s150to225br1/job_0_n_177_id_41_fk_orig3_bm1-s0to75br0-s75to150br0-s150to225br1.pdb,167,"2,0,13,16,19,16,19,14,11,3,10,18,19,19,6,18,7,15,2,12,16,9,6,4,11,13,14,19,6,11,5,10,3,10,0,0,10,9,19,18,17,6,12,6,3,11,2,9,9,5,13,19,8,7,6,6,3,10,11,19,5,8,15,15,18,1,5,1,0,1,10,10,11,3,5,10,15,10,7,2,0,0,10,5,9,16,3,19,11,10,5,3,0,7,19,18,1,4,12,9,15,18,7,7,0,3,18,11,1,9,16,19,11,19,2,0,15,0,10,2,2,12,0,10,16,10,11,11,6,7,1,10,3,6,0,6,8,10,18,1,11,0,10,6,3,11,14,2,3,0,2,0,8,2,7,10,0,19,19,10,5,6,5,7,1,10,3,6,0,6,11,6,18,6,11,19,10,0,0,0,0,0,0,0,0,0,0,0,0,0,0,0,0,0,0,0,0,0,0,0,0,0,0,0,0,0,0,0,0,0,0,0,0,0,0,0,0,0,0,0,0,0,0,0,0,0,0,0,0,0,0,0",-0.23063485,0.103239246,3.0,0.31243968,49.42174,0.3769098,1.0,0.3769098,0.17759643,0.31243968,0.0,0.0,0.31243968,0.0054002,0.90429795,0.17759643,3.1447234,1.4362499,49.42174,-0.23063485,2.7661946,164.35535,0.24796954,0.24796954,1.0,164.35535,0.6712569,0.095702074,3.1447234,0.0054002,0.3769098,0.103239246,0.0,1.4362499,2.7661946,0.24796954,0.23063485,0.0,0.3769098,0.23063485,0.82418644,0.24796954,1.0,0.31243968,lookahead,fk_orig3_bm1-s0to75br0-s75to150br0-s150to225br1
/work/T-REX/external/Proteina-Complexa/inference/search_binder_local_pipeline_32_PDL1_ALPHA_REPACK_v7_r005_cand_v7r005_hyp_0005_00_001_a975a719abf41/job_0_n_214_id_42_fk_orig0_bm0-s0to75br3-s75to150br3-s150to225br2/job_0_n_214_id_42_fk_orig0_bm0-s0to75br3-s75to150br3-s150to225br2.pdb,168,"2,0,13,16,19,16,19,14,11,3,10,18,19,19,6,18,7,15,2,12,16,9,6,4,11,13,14,19,6,11,5,10,3,10,0,0,10,9,19,18,17,6,12,6,3,11,2,9,9,5,13,19,8,7,6,6,3,10,11,19,5,8,15,15,18,1,5,1,0,1,10,10,11,3,5,10,15,10,7,2,0,0,10,5,9,16,3,19,11,10,5,3,0,7,19,18,1,4,12,9,15,18,7,7,0,3,18,11,1,9,16,19,11,19,2,0,11,19,11,10,2,7,19,0,5,14,2,0,19,9,19,15,14,2,11,11,6,18,11,16,3,15,2,7,6,19,16,10,10,3,16,16,14,7,13,18,16,9,11,2,10,16,6,16,14,15,7,2,10,11,19,5,10,11,3,11,2,7,5,19,10,5,15,9,15,0,15,18,3,14,19,11,11,6,19,13,13,7,19,15,11,14,10,16,3,19,0,6,9,2,9,19,15,6,0,0,0,0,0,0,0,0,0,0,0,0,0,0,0,0,0,0",-0.20184755,0.07445455,3.0,0.43846563,48.685925,0.4647326,1.0,0.4647326,0.14541583,0.43846563,0.0,0.0,0.43846563,0.0025168352,0.9298427,0.14541583,5.224634,1.3246282,48.685925,-0.20184755,2.798439,209.06596,0.41219866,0.41219866,1.0,209.06596,0.7281847,0.07015727,5.224634,0.0025168352,0.4647326,0.07445455,0.0,1.3246282,2.798439,0.41219866,0.20184755,0.0,0.4647326,0.20184755,0.8340677,0.41219866,1.0,0.43846563,lookahead,fk_orig0_bm0-s0to75br3-s75to150br3-s150to225br2
/work/T-REX/external/Proteina-Complexa/inference/search_binder_local_pipeline_32_PDL1_ALPHA_REPACK_v7_r005_cand_v7r005_hyp_0005_00_001_a975a719abf41/job_0_n_232_id_42_fk_orig1_bm3-s0to75br0-s75to150br0-s150to225br2/job_0_n_232_id_42_fk_orig1_bm3-s0to75br0-s75to150br0-s150to225br2.pdb,169,"2,0,13,16,19,16,19,14,11,3,10,18,19,19,6,18,7,15,2,12,16,9,6,4,11,13,14,19,6,11,5,10,3,10,0,0,10,9,19,18,17,6,12,6,3,11,2,9,9,5,13,19,8,7,6,6,3,10,11,19,5,8,15,15,18,1,5,1,0,1,10,10,11,3,5,10,15,10,7,2,0,0,10,5,9,16,3,19,11,10,5,3,0,7,19,18,1,4,12,9,15,18,7,7,0,3,18,11,1,9,16,19,11,19,2,0,0,13,16,19,16,19,14,11,3,10,18,19,19,6,18,7,15,2,12,16,9,6,4,11,13,14,19,6,11,5,10,3,10,0,0,10,9,19,18,17,6,12,6,3,11,2,9,9,5,13,19,8,7,6,6,3,10,11,19,5,8,15,15,18,1,5,1,0,1,10,10,11,3,5,10,15,10,7,2,0,0,10,5,9,16,3,19,11,10,5,3,0,7,19,18,1,4,12,9,15,18,7,7,0,3,18,11,1,9,16,19,11,19,2,0,14",-0.52954996,0.29966807,3.0,0.04490886,75.433525,0.047481228,1.0,0.047481228,0.31248465,0.012453109,0.0,0.0,0.04490886,0.0021584567,0.86155075,0.31248465,3.079639,1.2807914,75.433525,-0.52954996,3.9093087,216.97285,0.01224248,0.04233649,1.0,216.97285,0.26056415,0.13844927,3.079639,0.0021584567,0.012663739,0.29966807,0.0,1.2807914,3.9093087,0.01224248,0.52954996,0.0,0.012663739,0.52954996,0.584712,0.04233649,1.0,0.012453109,lookahead,fk_orig1_bm3-s0to75br0-s75to150br0-s150to225br2
/work/T-REX/external/Proteina-Complexa/inference/search_binder_local_pipeline_32_PDL1_ALPHA_REPACK_v7_r005_cand_v7r005_hyp_0005_00_001_a975a719abf41/job_0_n_196_id_42_fk_orig2_bm2-s0to75br3-s75to150br1-s150to225br2/job_0_n_196_id_42_fk_orig2_bm2-s0to75br3-s75to150br1-s150to225br2.pdb,170,"2,0,13,16,19,16,19,14,11,3,10,18,19,19,6,18,7,15,2,12,16,9,6,4,11,13,14,19,6,11,5,10,3,10,0,0,10,9,19,18,17,6,12,6,3,11,2,9,9,5,13,19,8,7,6,6,3,10,11,19,5,8,15,15,18,1,5,1,0,1,10,10,11,3,5,10,15,10,7,2,0,0,10,5,9,16,3,19,11,10,5,3,0,7,19,18,1,4,12,9,15,18,7,7,0,3,18,11,1,9,16,19,11,19,2,0,10,6,12,16,14,6,19,11,3,10,19,11,12,13,5,13,9,15,5,10,2,19,3,7,9,0,7,11,5,16,5,16,0,10,2,8,18,10,11,6,10,7,10,6,14,19,14,19,3,7,9,13,7,5,0,16,6,16,0,10,11,16,13,10,3,10,18,2,0,11,11,9,6,10,11,14,11,19,6,0,0,0,0,0,0,0,0,0,0,0,0,0,0,0,0,0,0,0,0,0,0,0,0,0,0,0,0,0,0,0,0,0,0,0,0,0",-0.30612397,0.114850365,3.0,0.2838457,97.367004,0.30717126,1.0,0.30717126,0.25836185,0.28255862,0.0,0.0,0.2838457,0.015184248,0.7760121,0.25836185,3.7989314,2.094237,97.367004,-0.30612397,2.9616964,246.07632,0.25794595,0.26052013,1.0,246.07632,0.6120455,0.22398786,3.7989314,0.015184248,0.30717126,0.114850365,0.0,2.094237,2.9616964,0.25794595,0.30612397,0.0,0.30717126,0.30612397,0.7748834,0.26052013,1.0,0.28255862,lookahead,fk_orig2_bm2-s0to75br3-s75to150br1-s150to225br2
/work/T-REX/external/Proteina-Complexa/inference/search_binder_local_pipeline_32_PDL1_ALPHA_REPACK_v7_r005_cand_v7r005_hyp_0005_00_001_a975a719abf41/job_0_n_177_id_42_fk_orig3_bm1-s0to75br0-s75to150br0-s150to225br2/job_0_n_177_id_42_fk_orig3_bm1-s0to75br0-s75to150br0-s150to225br2.pdb,171,"2,0,13,16,19,16,19,14,11,3,10,18,19,19,6,18,7,15,2,12,16,9,6,4,11,13,14,19,6,11,5,10,3,10,0,0,10,9,19,18,17,6,12,6,3,11,2,9,9,5,13,19,8,7,6,6,3,10,11,19,5,8,15,15,18,1,5,1,0,1,10,10,11,3,5,10,15,10,7,2,0,0,10,5,9,16,3,19,11,10,5,3,0,7,19,18,1,4,12,9,15,18,7,7,0,3,18,11,1,9,16,19,11,19,2,0,15,0,10,2,2,12,0,2,16,10,11,11,6,7,1,10,3,6,0,6,8,10,18,1,11,0,10,6,3,11,14,2,3,0,2,0,8,2,7,10,0,19,19,10,11,6,10,7,1,10,3,6,0,6,11,6,18,6,11,19,10,0,0,0,0,0,0,0,0,0,0,0,0,0,0,0,0,0,0,0,0,0,0,0,0,0,0,0,0,0,0,0,0,0,0,0,0,0,0,0,0,0,0,0,0,0,0,0,0,0,0,0,0,0,0,0",-0.23501113,0.10233757,3.0,0.30557388,43.43034,0.37032905,1.0,0.37032905,0.18056826,0.30557388,0.0,0.0,0.30557388,0.0047625834,0.9017658,0.18056826,2.6902864,1.4604114,43.43034,-0.23501113,2.7925332,156.8405,0.2408187,0.2408187,1.0,156.8405,0.66354144,0.09823421,2.6902864,0.0047625834,0.37032905,0.10233757,0.0,1.4604114,2.7925332,0.2408187,0.23501113,0.0,0.37032905,0.23501113,0.8200909,0.2408187,1.0,0.30557388,lookahead,fk_orig3_bm1-s0to75br0-s75to150br0-s150to225br2
/work/T-REX/external/Proteina-Complexa/inference/search_binder_local_pipeline_32_PDL1_ALPHA_REPACK_v7_r005_cand_v7r005_hyp_0005_00_001_a975a719abf41/job_0_n_214_id_43_fk_orig0_bm0-s0to75br3-s75to150br3-s150to225br3/job_0_n_214_id_43_fk_orig0_bm0-s0to75br3-s75to150br3-s150to225br3.pdb,172,"2,0,13,16,19,16,19,14,11,3,10,18,19,19,6,18,7,15,2,12,16,9,6,4,11,13,14,19,6,11,5,10,3,10,0,0,10,9,19,18,17,6,12,6,3,11,2,9,9,5,13,19,8,7,6,6,3,10,11,19,5,8,15,15,18,1,5,1,0,1,10,10,11,3,5,10,15,10,7,2,0,0,10,5,9,16,3,19,11,10,5,3,0,7,19,18,1,4,12,9,15,18,7,7,0,3,18,11,1,9,16,19,11,19,2,0,11,10,11,10,2,7,11,14,10,14,2,0,16,10,9,16,14,2,11,11,11,18,19,15,3,15,10,7,11,9,6,9,3,15,10,2,0,7,13,18,16,9,11,2,10,14,16,15,10,16,7,3,9,11,19,6,10,11,3,15,2,7,2,19,10,0,15,10,3,0,15,18,3,15,6,11,11,6,10,13,13,7,10,15,11,3,18,14,3,19,0,6,9,2,9,19,19,11,0,0,0,0,0,0,0,0,0,0,0,0,0,0,0,0,0,0",-0.24336286,0.09777412,3.0,0.33269486,50.31862,0.35667238,1.0,0.35667238,0.17274588,0.33269486,0.0,0.0,0.33269486,0.0031208547,0.9044451,0.17274588,5.2759953,1.4436675,50.31862,-0.24336286,2.9957411,201.10626,0.30871734,0.30871734,1.0,201.10626,0.6467005,0.095554866,5.2759953,0.0031208547,0.35667238,0.09777412,0.0,1.4436675,2.9957411,0.30871734,0.24336286,0.0,0.35667238,0.24336286,0.79408836,0.30871734,1.0,0.33269486,lookahead,fk_orig0_bm0-s0to75br3-s75to150br3-s150to225br3
/work/T-REX/external/Proteina-Complexa/inference/search_binder_local_pipeline_32_PDL1_ALPHA_REPACK_v7_r005_cand_v7r005_hyp_0005_00_001_a975a719abf41/job_0_n_232_id_43_fk_orig1_bm3-s0to75br0-s75to150br0-s150to225br3/job_0_n_232_id_43_fk_orig1_bm3-s0to75br0-s75to150br0-s150to225br3.pdb,173,"2,0,13,16,19,16,19,14,11,3,10,18,19,19,6,18,7,15,2,12,16,9,6,4,11,13,14,19,6,11,5,10,3,10,0,0,10,9,19,18,17,6,12,6,3,11,2,9,9,5,13,19,8,7,6,6,3,10,11,19,5,8,15,15,18,1,5,1,0,1,10,10,11,3,5,10,15,10,7,2,0,0,10,5,9,16,3,19,11,10,5,3,0,7,19,18,1,4,12,9,15,18,7,7,0,3,18,11,1,9,16,19,11,19,2,0,0,13,16,19,16,19,14,11,3,10,18,19,19,6,18,7,15,2,12,16,9,6,4,11,13,14,19,6,11,5,10,3,10,0,0,10,9,19,18,17,6,12,6,3,11,2,9,9,5,13,19,8,7,6,6,3,10,11,19,5,8,15,15,18,1,5,1,0,1,10,10,11,3,5,10,15,10,7,2,0,0,10,5,9,16,3,19,11,10,5,3,0,7,19,18,1,4,12,9,15,18,7,7,0,3,18,11,1,9,16,19,11,19,2,0,14",-0.5263135,0.297227,3.0,0.046437502,71.56892,0.048169646,1.0,0.048169646,0.3105355,0.012431018,0.0,0.0,0.046437502,0.0021083201,0.86187065,0.3105355,2.9894965,1.280062,71.56892,-0.5263135,3.9062974,215.274,0.012213663,0.04470536,1.0,215.274,0.2614829,0.13812934,2.9894965,0.0021083201,0.012648372,0.297227,0.0,1.280062,3.9062974,0.012213663,0.5263135,0.0,0.012648372,0.5263135,0.58545375,0.04470536,1.0,0.012431018,lookahead,fk_orig1_bm3-s0to75br0-s75to150br0-s150to225br3
/work/T-REX/external/Proteina-Complexa/inference/search_binder_local_pipeline_32_PDL1_ALPHA_REPACK_v7_r005_cand_v7r005_hyp_0005_00_001_a975a719abf41/job_0_n_196_id_43_fk_orig2_bm2-s0to75br3-s75to150br1-s150to225br3/job_0_n_196_id_43_fk_orig2_bm2-s0to75br3-s75to150br1-s150to225br3.pdb,174,"2,0,13,16,19,16,19,14,11,3,10,18,19,19,6,18,7,15,2,12,16,9,6,4,11,13,14,19,6,11,5,10,3,10,0,0,10,9,19,18,17,6,12,6,3,11,2,9,9,5,13,19,8,7,6,6,3,10,11,19,5,8,15,15,18,1,5,1,0,1,10,10,11,3,5,10,15,10,7,2,0,0,10,5,9,16,3,19,11,10,5,3,0,7,19,18,1,4,12,9,15,18,7,7,0,3,18,11,1,9,16,19,11,19,2,0,19,6,12,16,6,6,9,11,3,18,19,11,12,13,5,13,9,2,5,10,3,19,3,7,9,0,7,19,11,16,5,6,0,10,2,11,19,0,11,6,2,2,10,6,14,19,0,19,3,7,9,13,7,10,0,16,6,11,0,10,11,16,18,10,2,10,18,2,2,11,11,9,7,10,19,14,0,14,0,14,0,0,0,0,0,0,0,0,0,0,0,0,0,0,0,0,0,0,0,0,0,0,0,0,0,0,0,0,0,0,0,0,0,0,0,0",-0.3055268,0.110317186,3.0,0.28986582,100.14592,0.3125194,1.0,0.3125194,0.2607617,0.28952023,0.0,0.0,0.28986582,0.024305454,0.7472627,0.2607617,3.3700476,2.2696342,100.14592,-0.3055268,3.0310419,253.50645,0.26652107,0.26721224,1.0,253.50645,0.59828955,0.25273728,3.3700476,0.024305454,0.3125194,0.110317186,0.0,2.2696342,3.0310419,0.26652107,0.3055268,0.0,0.3125194,0.3055268,0.773896,0.26721224,1.0,0.28952023,lookahead,fk_orig2_bm2-s0to75br3-s75to150br1-s150to225br3
/work/T-REX/external/Proteina-Complexa/inference/search_binder_local_pipeline_32_PDL1_ALPHA_REPACK_v7_r005_cand_v7r005_hyp_0005_00_001_a975a719abf41/job_0_n_177_id_43_fk_orig3_bm1-s0to75br0-s75to150br0-s150to225br3/job_0_n_177_id_43_fk_orig3_bm1-s0to75br0-s75to150br0-s150to225br3.pdb,175,"2,0,13,16,19,16,19,14,11,3,10,18,19,19,6,18,7,15,2,12,16,9,6,4,11,13,14,19,6,11,5,10,3,10,0,0,10,9,19,18,17,6,12,6,3,11,2,9,9,5,13,19,8,7,6,6,3,10,11,19,5,8,15,15,18,1,5,1,0,1,10,10,11,3,5,10,15,10,7,2,0,0,10,5,9,16,3,19,11,10,5,3,0,7,19,18,1,4,12,9,15,18,7,7,0,3,18,11,1,9,16,19,11,19,2,0,15,0,10,2,2,12,7,2,5,10,11,11,6,7,1,10,3,6,0,6,8,10,18,1,11,0,10,6,3,2,14,2,3,0,2,0,8,2,7,10,0,2,19,10,11,6,5,7,1,10,3,6,0,10,6,6,18,6,11,0,10,0,0,0,0,0,0,0,0,0,0,0,0,0,0,0,0,0,0,0,0,0,0,0,0,0,0,0,0,0,0,0,0,0,0,0,0,0,0,0,0,0,0,0,0,0,0,0,0,0,0,0,0,0,0,0",-0.15698333,0.05065261,3.0,0.55551827,88.10818,0.63254154,1.0,0.63254154,0.12655547,0.55551827,0.0,0.0,0.55551827,0.0020353668,0.93247485,0.12655547,4.415155,1.3764349,88.10818,-0.15698333,2.2857192,213.32431,0.47849497,0.47849497,1.0,213.32431,0.79734796,0.06752512,4.415155,0.0020353668,0.63254154,0.05065261,0.0,1.3764349,2.2857192,0.47849497,0.15698333,0.0,0.63254154,0.15698333,0.8691057,0.47849497,1.0,0.55551827,lookahead,fk_orig3_bm1-s0to75br0-s75to150br0-s150to225br3
/work/T-REX/external/Proteina-Complexa/inference/search_binder_local_pipeline_32_PDL1_ALPHA_REPACK_v7_r005_cand_v7r005_hyp_0005_00_001_a975a719abf41/job_0_n_214_id_44_fk_orig0_bm0-s0to75br3-s75to150br2-s150to225br0/job_0_n_214_id_44_fk_orig0_bm0-s0to75br3-s75to150br2-s150to225br0.pdb,176,"2,0,13,16,19,16,19,14,11,3,10,18,19,19,6,18,7,15,2,12,16,9,6,4,11,13,14,19,6,11,5,10,3,10,0,0,10,9,19,18,17,6,12,6,3,11,2,9,9,5,13,19,8,7,6,6,3,10,11,19,5,8,15,15,18,1,5,1,0,1,10,10,11,3,5,10,15,10,7,2,0,0,10,5,9,16,3,19,11,10,5,3,0,7,19,18,1,4,12,9,15,18,7,7,0,3,18,11,1,9,16,19,11,19,2,0,16,9,11,19,2,7,9,14,5,14,7,0,16,10,9,16,14,15,11,2,1,18,16,0,3,6,2,7,6,19,15,10,14,15,9,6,0,7,10,18,16,9,16,2,10,15,6,10,14,3,15,14,19,11,19,6,10,11,3,6,15,7,11,19,10,0,5,10,3,0,7,19,3,11,6,11,1,6,19,9,13,7,10,15,6,10,14,14,6,16,0,16,9,2,9,9,15,0,0,0,0,0,0,0,0,0,0,0,0,0,0,0,0,0,0,0",-0.259714,0.1140013,3.0,0.29234633,57.011684,0.30558282,1.0,0.30558282,0.1847627,0.29212594,0.0,0.0,0.29234633,0.002832218,0.89375323,0.1847627,3.3466887,1.4818168,57.011684,-0.259714,2.9416728,212.0715,0.27910984,0.27910984,1.0,212.0715,0.63758457,0.10624679,3.3466887,0.002832218,0.30514205,0.1140013,0.0,1.4818168,2.9416728,0.27910984,0.259714,0.0,0.30514205,0.259714,0.7898358,0.27910984,1.0,0.29212594,lookahead,fk_orig0_bm0-s0to75br3-s75to150br2-s150to225br0
/work/T-REX/external/Proteina-Complexa/inference/search_binder_local_pipeline_32_PDL1_ALPHA_REPACK_v7_r005_cand_v7r005_hyp_0005_00_001_a975a719abf41/job_0_n_232_id_44_fk_orig1_bm3-s0to75br3-s75to150br0-s150to225br0/job_0_n_232_id_44_fk_orig1_bm3-s0to75br3-s75to150br0-s150to225br0.pdb,177,"2,0,13,16,19,16,19,14,11,3,10,18,19,19,6,18,7,15,2,12,16,9,6,4,11,13,14,19,6,11,5,10,3,10,0,0,10,9,19,18,17,6,12,6,3,11,2,9,9,5,13,19,8,7,6,6,3,10,11,19,5,8,15,15,18,1,5,1,0,1,10,10,11,3,5,10,15,10,7,2,0,0,10,5,9,16,3,19,11,10,5,3,0,7,19,18,1,4,12,9,15,18,7,7,0,3,18,11,1,9,16,19,11,19,2,0,0,13,16,19,16,19,14,11,3,10,18,19,19,6,18,7,15,2,12,16,9,6,4,11,13,14,19,6,11,5,10,3,10,0,0,10,9,19,18,17,6,12,6,3,11,2,9,9,5,13,19,8,7,6,6,3,10,11,19,5,8,15,15,18,1,5,1,0,1,10,10,11,3,5,10,15,10,7,2,0,0,10,5,9,16,3,19,11,10,5,3,0,7,19,18,1,4,12,9,15,18,7,7,0,3,18,11,1,9,16,19,11,19,2,0,14",-0.52884954,0.30099922,3.0,0.04500462,74.20166,0.04764374,1.0,0.04764374,0.31195816,0.01239039,0.0,0.0,0.04500462,0.0021159807,0.8624651,0.31195816,3.2152297,1.2821864,74.20166,-0.52884954,3.9094422,210.8255,0.012055276,0.0423655,1.0,210.8255,0.26141593,0.13753493,3.2152297,0.0021159807,0.012725504,0.30099922,0.0,1.2821864,3.9094422,0.012055276,0.52884954,0.0,0.012725504,0.52884954,0.5854633,0.0423655,1.0,0.01239039,lookahead,fk_orig1_bm3-s0to75br3-s75to150br0-s150to225br0
/work/T-REX/external/Proteina-Complexa/inference/search_binder_local_pipeline_32_PDL1_ALPHA_REPACK_v7_r005_cand_v7r005_hyp_0005_00_001_a975a719abf41/job_0_n_196_id_44_fk_orig2_bm3-s0to75br2-s75to150br2-s150to225br0/job_0_n_196_id_44_fk_orig2_bm3-s0to75br2-s75to150br2-s150to225br0.pdb,178,"2,0,13,16,19,16,19,14,11,3,10,18,19,19,6,18,7,15,2,12,16,9,6,4,11,13,14,19,6,11,5,10,3,10,0,0,10,9,19,18,17,6,12,6,3,11,2,9,9,5,13,19,8,7,6,6,3,10,11,19,5,8,15,15,18,1,5,1,0,1,10,10,11,3,5,10,15,10,7,2,0,0,10,5,9,16,3,19,11,10,5,3,0,7,19,18,1,4,12,9,15,18,7,7,0,3,18,11,1,9,16,19,11,19,2,0,17,3,10,0,0,6,3,18,16,1,0,9,6,10,11,14,3,13,0,6,0,18,18,6,1,7,11,0,18,12,6,10,7,5,18,3,10,0,19,6,3,18,16,1,0,9,6,10,11,14,3,13,0,6,0,18,2,6,1,7,11,0,18,12,11,10,7,5,18,3,10,0,0,6,3,13,3,0,18,1,0,0,0,0,0,0,0,0,0,0,0,0,0,0,0,0,0,0,0,0,0,0,0,0,0,0,0,0,0,0,0,0,0,0,0,0",-0.25248566,0.09319485,3.0,0.3049971,48.169586,0.33507782,1.0,0.33507782,0.18154843,0.3049971,0.0,0.0,0.3049971,0.002279353,0.92213213,0.18154843,2.725465,1.3732879,48.169586,-0.25248566,3.161891,152.01396,0.27491638,0.27491638,1.0,152.01396,0.66735315,0.07786789,2.725465,0.002279353,0.33507782,0.09319485,0.0,1.3732879,3.161891,0.27491638,0.25248566,0.0,0.33507782,0.25248566,0.80930424,0.27491638,1.0,0.3049971,lookahead,fk_orig2_bm3-s0to75br2-s75to150br2-s150to225br0
/work/T-REX/external/Proteina-Complexa/inference/search_binder_local_pipeline_32_PDL1_ALPHA_REPACK_v7_r005_cand_v7r005_hyp_0005_00_001_a975a719abf41/job_0_n_177_id_44_fk_orig3_bm1-s0to75br0-s75to150br3-s150to225br0/job_0_n_177_id_44_fk_orig3_bm1-s0to75br0-s75to150br3-s150to225br0.pdb,179,"2,0,13,16,19,16,19,14,11,3,10,18,19,19,6,18,7,15,2,12,16,9,6,4,11,13,14,19,6,11,5,10,3,10,0,0,10,9,19,18,17,6,12,6,3,11,2,9,9,5,13,19,8,7,6,6,3,10,11,19,5,8,15,15,18,1,5,1,0,1,10,10,11,3,5,10,15,10,7,2,0,0,10,5,9,16,3,19,11,10,5,3,0,7,19,18,1,4,12,9,15,18,7,7,0,3,18,11,1,9,16,19,11,19,2,0,15,7,19,2,10,12,7,1,16,10,10,11,6,2,1,14,0,6,0,6,8,10,18,1,11,0,10,0,3,11,6,6,15,14,6,10,10,2,3,10,0,9,0,10,6,2,10,7,1,6,3,6,0,6,11,19,1,5,1,0,10,0,0,0,0,0,0,0,0,0,0,0,0,0,0,0,0,0,0,0,0,0,0,0,0,0,0,0,0,0,0,0,0,0,0,0,0,0,0,0,0,0,0,0,0,0,0,0,0,0,0,0,0,0,0,0",-0.13836806,0.04363689,3.0,0.6489146,33.91355,0.7242324,1.0,0.7242324,0.11342254,0.6489146,0.0,0.0,0.6489146,0.001953853,0.9494187,0.11342254,2.143805,1.2814096,33.91355,-0.13836806,2.1119452,151.98833,0.5735967,0.5735967,1.0,151.98833,0.8366866,0.05058128,2.143805,0.001953853,0.7242324,0.04363689,0.0,1.2814096,2.1119452,0.5735967,0.13836806,0.0,0.7242324,0.13836806,0.8848005,0.5735967,1.0,0.6489146,lookahead,fk_orig3_bm1-s0to75br0-s75to150br3-s150to225br0
/work/T-REX/external/Proteina-Complexa/inference/search_binder_local_pipeline_32_PDL1_ALPHA_REPACK_v7_r005_cand_v7r005_hyp_0005_00_001_a975a719abf41/job_0_n_214_id_45_fk_orig0_bm0-s0to75br3-s75to150br2-s150to225br1/job_0_n_214_id_45_fk_orig0_bm0-s0to75br3-s75to150br2-s150to225br1.pdb,180,"2,0,13,16,19,16,19,14,11,3,10,18,19,19,6,18,7,15,2,12,16,9,6,4,11,13,14,19,6,11,5,10,3,10,0,0,10,9,19,18,17,6,12,6,3,11,2,9,9,5,13,19,8,7,6,6,3,10,11,19,5,8,15,15,18,1,5,1,0,1,10,10,11,3,5,10,15,10,7,2,0,0,10,5,9,16,3,19,11,10,5,3,0,7,19,18,1,4,12,9,15,18,7,7,0,3,18,11,1,9,16,19,11,19,2,0,16,9,11,19,2,7,11,14,5,14,7,0,19,10,9,15,14,15,11,19,11,18,19,0,2,3,6,7,6,9,16,10,11,15,16,6,0,7,10,18,9,9,5,2,10,2,6,13,14,2,14,14,19,11,19,6,10,11,2,6,11,7,6,9,10,11,16,10,3,0,7,19,3,10,19,11,11,6,19,10,13,7,10,16,6,13,14,11,3,16,0,6,9,2,9,19,5,2,0,0,0,0,0,0,0,0,0,0,0,0,0,0,0,0,0,0",-0.22393362,0.093041725,3.0,0.37120354,46.30079,0.39026573,1.0,0.39026573,0.16107742,0.37120354,0.0,0.0,0.37120354,0.0028711483,0.9171052,0.16107742,3.1438262,1.3641831,46.30079,-0.22393362,2.7862787,192.30576,0.35214132,0.35214132,1.0,192.30576,0.6969665,0.08289482,3.1438262,0.0028711483,0.39026573,0.093041725,0.0,1.3641831,2.7862787,0.35214132,0.22393362,0.0,0.39026573,0.22393362,0.81706095,0.35214132,1.0,0.37120354,lookahead,fk_orig0_bm0-s0to75br3-s75to150br2-s150to225br1
/work/T-REX/external/Proteina-Complexa/inference/search_binder_local_pipeline_32_PDL1_ALPHA_REPACK_v7_r005_cand_v7r005_hyp_0005_00_001_a975a719abf41/job_0_n_232_id_45_fk_orig1_bm3-s0to75br3-s75to150br0-s150to225br1/job_0_n_232_id_45_fk_orig1_bm3-s0to75br3-s75to150br0-s150to225br1.pdb,181,"2,0,13,16,19,16,19,14,11,3,10,18,19,19,6,18,7,15,2,12,16,9,6,4,11,13,14,19,6,11,5,10,3,10,0,0,10,9,19,18,17,6,12,6,3,11,2,9,9,5,13,19,8,7,6,6,3,10,11,19,5,8,15,15,18,1,5,1,0,1,10,10,11,3,5,10,15,10,7,2,0,0,10,5,9,16,3,19,11,10,5,3,0,7,19,18,1,4,12,9,15,18,7,7,0,3,18,11,1,9,16,19,11,19,2,0,0,13,16,19,16,19,14,11,3,10,18,19,19,6,18,7,15,2,12,16,9,6,4,11,13,14,19,6,11,5,10,3,10,0,0,10,9,19,18,17,6,12,6,3,11,2,9,9,5,13,19,8,7,6,6,3,10,11,19,5,8,15,15,18,1,5,1,0,1,10,10,11,3,5,10,15,10,7,2,0,0,10,5,9,16,3,19,11,10,5,3,0,7,19,18,1,4,12,9,15,18,7,7,0,3,18,11,1,9,16,19,11,19,2,0,14",-0.53391546,0.30251062,3.0,0.04282203,77.75931,0.045857932,1.0,0.045857932,0.3145455,0.012127621,0.0,0.0,0.04282203,0.002105122,0.8623232,0.3145455,3.6528862,1.2810949,77.75931,-0.53391546,3.9196322,217.7237,0.011921553,0.039786126,1.0,217.7237,0.25782698,0.13767676,3.6528862,0.002105122,0.01233369,0.30251062,0.0,1.2810949,3.9196322,0.011921553,0.53391546,0.0,0.01233369,0.53391546,0.583861,0.039786126,1.0,0.012127621,lookahead,fk_orig1_bm3-s0to75br3-s75to150br0-s150to225br1
/work/T-REX/external/Proteina-Complexa/inference/search_binder_local_pipeline_32_PDL1_ALPHA_REPACK_v7_r005_cand_v7r005_hyp_0005_00_001_a975a719abf41/job_0_n_196_id_45_fk_orig2_bm3-s0to75br2-s75to150br2-s150to225br1/job_0_n_196_id_45_fk_orig2_bm3-s0to75br2-s75to150br2-s150to225br1.pdb,182,"2,0,13,16,19,16,19,14,11,3,10,18,19,19,6,18,7,15,2,12,16,9,6,4,11,13,14,19,6,11,5,10,3,10,0,0,10,9,19,18,17,6,12,6,3,11,2,9,9,5,13,19,8,7,6,6,3,10,11,19,5,8,15,15,18,1,5,1,0,1,10,10,11,3,5,10,15,10,7,2,0,0,10,5,9,16,3,19,11,10,5,3,0,7,19,18,1,4,12,9,15,18,7,7,0,3,18,11,1,9,16,19,11,19,2,0,17,3,10,0,0,6,3,18,15,1,0,9,6,10,11,14,3,13,0,6,0,18,18,5,1,7,11,0,18,5,2,10,7,5,18,3,10,0,19,6,3,18,16,1,0,9,6,10,11,14,3,13,0,11,0,18,2,6,1,7,11,0,18,12,2,10,7,5,18,3,10,0,7,11,3,13,3,0,18,1,0,0,0,0,0,0,0,0,0,0,0,0,0,0,0,0,0,0,0,0,0,0,0,0,0,0,0,0,0,0,0,0,0,0,0,0",-0.39826143,0.20010625,3.0,0.11918871,86.88819,0.13124508,1.0,0.13124508,0.27071646,0.054629482,0.0,0.0,0.11918871,0.003121443,0.8745836,0.27071646,7.7164993,1.4429985,86.88819,-0.39826143,3.7359815,172.21912,0.05338099,0.10713235,1.0,172.21912,0.4085284,0.12541643,7.7164993,0.003121443,0.055877972,0.20010625,0.0,1.4429985,3.7359815,0.05338099,0.39826143,0.0,0.055877972,0.39826143,0.6921508,0.10713235,1.0,0.054629482,lookahead,fk_orig2_bm3-s0to75br2-s75to150br2-s150to225br1
/work/T-REX/external/Proteina-Complexa/inference/search_binder_local_pipeline_32_PDL1_ALPHA_REPACK_v7_r005_cand_v7r005_hyp_0005_00_001_a975a719abf41/job_0_n_177_id_45_fk_orig3_bm1-s0to75br0-s75to150br3-s150to225br1/job_0_n_177_id_45_fk_orig3_bm1-s0to75br0-s75to150br3-s150to225br1.pdb,183,"2,0,13,16,19,16,19,14,11,3,10,18,19,19,6,18,7,15,2,12,16,9,6,4,11,13,14,19,6,11,5,10,3,10,0,0,10,9,19,18,17,6,12,6,3,11,2,9,9,5,13,19,8,7,6,6,3,10,11,19,5,8,15,15,18,1,5,1,0,1,10,10,11,3,5,10,15,10,7,2,0,0,10,5,9,16,3,19,11,10,5,3,0,7,19,18,1,4,12,9,15,18,7,7,0,3,18,11,1,9,16,19,11,19,2,0,15,7,19,2,9,12,7,1,16,10,10,11,6,2,1,14,3,6,0,6,8,10,18,1,11,0,10,11,3,11,6,6,15,14,6,19,10,2,2,10,0,19,0,10,6,0,10,7,1,6,3,6,0,6,11,19,1,5,1,0,10,0,0,0,0,0,0,0,0,0,0,0,0,0,0,0,0,0,0,0,0,0,0,0,0,0,0,0,0,0,0,0,0,0,0,0,0,0,0,0,0,0,0,0,0,0,0,0,0,0,0,0,0,0,0,0",-0.14087312,0.047473736,3.0,0.6334939,33.75137,0.7069576,1.0,0.7069576,0.1158614,0.6334939,0.0,0.0,0.6334939,0.0022989141,0.9453566,0.1158614,1.5980848,1.3233893,33.75137,-0.14087312,2.142891,142.88112,0.5600302,0.5600302,1.0,142.88112,0.8312818,0.054643385,1.5980848,0.0022989141,0.7069576,0.047473736,0.0,1.3233893,2.142891,0.5600302,0.14087312,0.0,0.7069576,0.14087312,0.8865137,0.5600302,1.0,0.6334939,lookahead,fk_orig3_bm1-s0to75br0-s75to150br3-s150to225br1
/work/T-REX/external/Proteina-Complexa/inference/search_binder_local_pipeline_32_PDL1_ALPHA_REPACK_v7_r005_cand_v7r005_hyp_0005_00_001_a975a719abf41/job_0_n_214_id_46_fk_orig0_bm0-s0to75br3-s75to150br2-s150to225br2/job_0_n_214_id_46_fk_orig0_bm0-s0to75br3-s75to150br2-s150to225br2.pdb,184,"2,0,13,16,19,16,19,14,11,3,10,18,19,19,6,18,7,15,2,12,16,9,6,4,11,13,14,19,6,11,5,10,3,10,0,0,10,9,19,18,17,6,12,6,3,11,2,9,9,5,13,19,8,7,6,6,3,10,11,19,5,8,15,15,18,1,5,1,0,1,10,10,11,3,5,10,15,10,7,2,0,0,10,5,9,16,3,19,11,10,5,3,0,7,19,18,1,4,12,9,15,18,7,7,0,3,18,11,1,9,16,19,11,19,2,0,11,9,11,19,2,7,19,3,5,14,3,0,9,9,9,15,14,15,11,11,11,18,16,0,3,15,11,7,6,19,16,9,16,3,11,15,0,7,13,18,9,9,11,2,10,11,9,12,14,11,15,14,19,11,19,6,10,11,2,3,11,7,6,9,10,11,16,9,3,0,7,19,3,10,11,2,11,6,19,9,13,7,10,16,6,10,14,6,2,16,0,6,9,2,9,19,19,14,0,0,0,0,0,0,0,0,0,0,0,0,0,0,0,0,0,0",-0.20843925,0.07793809,3.0,0.4244141,52.677498,0.4467249,1.0,0.4467249,0.15051483,0.4244141,0.0,0.0,0.4244141,0.0025053376,0.9224925,0.15051483,3.5623827,1.3711656,52.677498,-0.20843925,2.7526617,207.98512,0.40210333,0.40210333,1.0,207.98512,0.7204286,0.07750748,3.5623827,0.0025053376,0.4467249,0.07793809,0.0,1.3711656,2.7526617,0.40210333,0.20843925,0.0,0.4467249,0.20843925,0.83042103,0.40210333,1.0,0.4244141,lookahead,fk_orig0_bm0-s0to75br3-s75to150br2-s150to225br2
/work/T-REX/external/Proteina-Complexa/inference/search_binder_local_pipeline_32_PDL1_ALPHA_REPACK_v7_r005_cand_v7r005_hyp_0005_00_001_a975a719abf41/job_0_n_232_id_46_fk_orig1_bm3-s0to75br3-s75to150br0-s150to225br2/job_0_n_232_id_46_fk_orig1_bm3-s0to75br3-s75to150br0-s150to225br2.pdb,185,"2,0,13,16,19,16,19,14,11,3,10,18,19,19,6,18,7,15,2,12,16,9,6,4,11,13,14,19,6,11,5,10,3,10,0,0,10,9,19,18,17,6,12,6,3,11,2,9,9,5,13,19,8,7,6,6,3,10,11,19,5,8,15,15,18,1,5,1,0,1,10,10,11,3,5,10,15,10,7,2,0,0,10,5,9,16,3,19,11,10,5,3,0,7,19,18,1,4,12,9,15,18,7,7,0,3,18,11,1,9,16,19,11,19,2,0,0,13,16,19,16,19,14,11,3,10,18,19,19,6,18,7,15,2,12,16,9,6,4,11,13,14,19,6,11,5,10,3,10,0,0,10,9,19,18,17,6,12,6,3,11,2,9,9,5,13,19,8,7,6,6,3,10,11,19,5,8,15,15,18,1,5,1,0,1,10,10,11,3,5,10,15,10,7,2,0,0,10,5,9,16,3,19,11,10,5,3,0,7,19,18,1,4,12,9,15,18,7,7,0,3,18,11,1,9,16,19,11,19,2,0,14",-0.5326536,0.3031991,3.0,0.042696305,76.981125,0.046206135,1.0,0.046206135,0.31411174,0.012086457,0.0,0.0,0.042696305,0.0021680382,0.86204344,0.31411174,3.483897,1.2863609,76.981125,-0.5326536,3.9153328,217.44933,0.011791318,0.03918647,1.0,217.44933,0.2601908,0.13795656,3.483897,0.0021680382,0.012381595,0.3031991,0.0,1.2863609,3.9153328,0.011791318,0.5326536,0.0,0.012381595,0.5326536,0.5845273,0.03918647,1.0,0.012086457,lookahead,fk_orig1_bm3-s0to75br3-s75to150br0-s150to225br2
/work/T-REX/external/Proteina-Complexa/inference/search_binder_local_pipeline_32_PDL1_ALPHA_REPACK_v7_r005_cand_v7r005_hyp_0005_00_001_a975a719abf41/job_0_n_196_id_46_fk_orig2_bm3-s0to75br2-s75to150br2-s150to225br2/job_0_n_196_id_46_fk_orig2_bm3-s0to75br2-s75to150br2-s150to225br2.pdb,186,"2,0,13,16,19,16,19,14,11,3,10,18,19,19,6,18,7,15,2,12,16,9,6,4,11,13,14,19,6,11,5,10,3,10,0,0,10,9,19,18,17,6,12,6,3,11,2,9,9,5,13,19,8,7,6,6,3,10,11,19,5,8,15,15,18,1,5,1,0,1,10,10,11,3,5,10,15,10,7,2,0,0,10,5,9,16,3,19,11,10,5,3,0,7,19,18,1,4,12,9,15,18,7,7,0,3,18,11,1,9,16,19,11,19,2,0,17,2,10,0,0,6,3,18,15,1,0,9,6,10,11,14,3,13,0,6,0,18,18,6,1,7,11,0,18,5,2,10,7,5,18,3,10,0,19,6,3,18,16,1,0,9,6,10,11,14,3,13,0,11,0,18,2,6,1,7,19,0,18,12,2,10,7,5,18,3,10,0,7,11,3,13,3,0,18,1,0,0,0,0,0,0,0,0,0,0,0,0,0,0,0,0,0,0,0,0,0,0,0,0,0,0,0,0,0,0,0,0,0,0,0,0",-0.35438517,0.16901444,3.0,0.15706083,82.28482,0.17109929,1.0,0.17109929,0.24542889,0.13119136,0.0,0.0,0.15706083,0.0030852386,0.8779816,0.24542889,6.2753067,1.4645954,82.28482,-0.35438517,3.5170395,169.80986,0.11826638,0.14302237,1.0,169.80986,0.46524668,0.1220184,6.2753067,0.0030852386,0.14411634,0.16901444,0.0,1.4645954,3.5170395,0.11826638,0.35438517,0.0,0.14411634,0.35438517,0.72472763,0.14302237,1.0,0.13119136,lookahead,fk_orig2_bm3-s0to75br2-s75to150br2-s150to225br2
/work/T-REX/external/Proteina-Complexa/inference/search_binder_local_pipeline_32_PDL1_ALPHA_REPACK_v7_r005_cand_v7r005_hyp_0005_00_001_a975a719abf41/job_0_n_177_id_46_fk_orig3_bm1-s0to75br0-s75to150br3-s150to225br2/job_0_n_177_id_46_fk_orig3_bm1-s0to75br0-s75to150br3-s150to225br2.pdb,187,"2,0,13,16,19,16,19,14,11,3,10,18,19,19,6,18,7,15,2,12,16,9,6,4,11,13,14,19,6,11,5,10,3,10,0,0,10,9,19,18,17,6,12,6,3,11,2,9,9,5,13,19,8,7,6,6,3,10,11,19,5,8,15,15,18,1,5,1,0,1,10,10,11,3,5,10,15,10,7,2,0,0,10,5,9,16,3,19,11,10,5,3,0,7,19,18,1,4,12,9,15,18,7,7,0,3,18,11,1,9,16,19,11,19,2,0,15,7,19,2,9,12,7,1,16,10,10,11,6,2,1,14,3,6,0,6,8,10,13,1,11,0,10,11,3,11,6,6,15,3,6,16,10,2,10,10,0,19,0,10,6,11,10,7,1,6,3,6,0,6,11,19,1,5,1,7,6,0,0,0,0,0,0,0,0,0,0,0,0,0,0,0,0,0,0,0,0,0,0,0,0,0,0,0,0,0,0,0,0,0,0,0,0,0,0,0,0,0,0,0,0,0,0,0,0,0,0,0,0,0,0,0",-0.14579953,0.047205955,3.0,0.6386298,39.075836,0.7193821,1.0,0.7193821,0.12141729,0.6386298,0.0,0.0,0.6386298,0.011701856,0.93860877,0.12141729,1.8743652,1.3454303,39.075836,-0.14579953,2.1182907,157.04668,0.5578774,0.5578774,1.0,157.04668,0.8292539,0.061391216,1.8743652,0.011701856,0.7193821,0.047205955,0.0,1.3454303,2.1182907,0.5578774,0.14579953,0.0,0.7193821,0.14579953,0.8846632,0.5578774,1.0,0.6386298,lookahead,fk_orig3_bm1-s0to75br0-s75to150br3-s150to225br2
/work/T-REX/external/Proteina-Complexa/inference/search_binder_local_pipeline_32_PDL1_ALPHA_REPACK_v7_r005_cand_v7r005_hyp_0005_00_001_a975a719abf41/job_0_n_214_id_47_fk_orig0_bm0-s0to75br3-s75to150br2-s150to225br3/job_0_n_214_id_47_fk_orig0_bm0-s0to75br3-s75to150br2-s150to225br3.pdb,188,"2,0,13,16,19,16,19,14,11,3,10,18,19,19,6,18,7,15,2,12,16,9,6,4,11,13,14,19,6,11,5,10,3,10,0,0,10,9,19,18,17,6,12,6,3,11,2,9,9,5,13,19,8,7,6,6,3,10,11,19,5,8,15,15,18,1,5,1,0,1,10,10,11,3,5,10,15,10,7,2,0,0,10,5,9,16,3,19,11,10,5,3,0,7,19,18,1,4,12,9,15,18,7,7,0,3,18,11,1,9,16,19,11,19,2,0,16,9,11,19,2,7,19,10,5,14,7,0,9,10,19,15,14,15,11,11,11,18,19,0,3,6,6,7,11,19,16,9,14,2,14,6,0,7,13,18,10,9,11,2,10,11,6,12,14,15,15,14,19,11,19,6,10,11,3,6,6,7,2,9,10,5,11,19,3,0,7,19,3,6,6,5,11,6,9,10,13,7,10,16,6,10,14,6,2,16,0,19,9,2,19,19,19,14,0,0,0,0,0,0,0,0,0,0,0,0,0,0,0,0,0,0",-0.1930144,0.0691207,3.0,0.48058766,51.18491,0.4863445,1.0,0.4863445,0.14312784,0.48058766,0.0,0.0,0.48058766,0.002808096,0.9240733,0.14312784,5.0059285,1.3784182,51.18491,-0.1930144,2.7168734,203.63931,0.47483087,0.47483087,1.0,203.63931,0.75334895,0.0759267,5.0059285,0.002808096,0.4863445,0.0691207,0.0,1.3784182,2.7168734,0.47483087,0.1930144,0.0,0.4863445,0.1930144,0.8448995,0.47483087,1.0,0.48058766,lookahead,fk_orig0_bm0-s0to75br3-s75to150br2-s150to225br3
/work/T-REX/external/Proteina-Complexa/inference/search_binder_local_pipeline_32_PDL1_ALPHA_REPACK_v7_r005_cand_v7r005_hyp_0005_00_001_a975a719abf41/job_0_n_232_id_47_fk_orig1_bm3-s0to75br3-s75to150br0-s150to225br3/job_0_n_232_id_47_fk_orig1_bm3-s0to75br3-s75to150br0-s150to225br3.pdb,189,"2,0,13,16,19,16,19,14,11,3,10,18,19,19,6,18,7,15,2,12,16,9,6,4,11,13,14,19,6,11,5,10,3,10,0,0,10,9,19,18,17,6,12,6,3,11,2,9,9,5,13,19,8,7,6,6,3,10,11,19,5,8,15,15,18,1,5,1,0,1,10,10,11,3,5,10,15,10,7,2,0,0,10,5,9,16,3,19,11,10,5,3,0,7,19,18,1,4,12,9,15,18,7,7,0,3,18,11,1,9,16,19,11,19,2,0,0,13,16,19,16,19,14,11,3,10,18,19,19,6,18,7,15,2,12,16,9,6,4,11,13,14,19,6,11,5,10,3,10,0,0,10,9,19,18,17,6,12,6,3,11,2,9,9,5,13,19,8,7,6,6,3,10,11,19,5,8,15,15,18,1,5,1,0,1,10,10,11,3,5,10,15,10,7,2,0,0,10,5,9,16,3,19,11,10,5,3,0,7,19,18,1,4,12,9,15,18,7,7,0,3,18,11,1,9,16,19,11,19,2,0,14",-0.5363027,0.30500033,3.0,0.039920624,75.13552,0.042165074,1.0,0.042165074,0.31584382,0.011922799,0.0,0.0,0.039920624,0.0021404994,0.8614668,0.31584382,3.4950037,1.2837889,75.13552,-0.5363027,3.929597,214.17305,0.011674341,0.037676174,1.0,214.17305,0.25516176,0.13853316,3.4950037,0.0021404994,0.012171256,0.30500033,0.0,1.2837889,3.929597,0.011674341,0.5363027,0.0,0.012171256,0.5363027,0.58202773,0.037676174,1.0,0.011922799,lookahead,fk_orig1_bm3-s0to75br3-s75to150br0-s150to225br3
/work/T-REX/external/Proteina-Complexa/inference/search_binder_local_pipeline_32_PDL1_ALPHA_REPACK_v7_r005_cand_v7r005_hyp_0005_00_001_a975a719abf41/job_0_n_196_id_47_fk_orig2_bm3-s0to75br2-s75to150br2-s150to225br3/job_0_n_196_id_47_fk_orig2_bm3-s0to75br2-s75to150br2-s150to225br3.pdb,190,"2,0,13,16,19,16,19,14,11,3,10,18,19,19,6,18,7,15,2,12,16,9,6,4,11,13,14,19,6,11,5,10,3,10,0,0,10,9,19,18,17,6,12,6,3,11,2,9,9,5,13,19,8,7,6,6,3,10,11,19,5,8,15,15,18,1,5,1,0,1,10,10,11,3,5,10,15,10,7,2,0,0,10,5,9,16,3,19,11,10,5,3,0,7,19,18,1,4,12,9,15,18,7,7,0,3,18,11,1,9,16,19,11,19,2,0,17,3,10,0,0,6,3,18,15,1,0,9,6,10,11,14,3,13,0,6,0,18,18,5,1,7,11,0,18,12,11,10,7,5,18,3,10,0,19,6,3,18,16,1,0,9,6,10,11,14,3,13,0,11,0,18,2,6,1,7,19,0,18,12,11,10,7,5,18,3,10,0,7,6,3,13,3,0,13,1,0,0,0,0,0,0,0,0,0,0,0,0,0,0,0,0,0,0,0,0,0,0,0,0,0,0,0,0,0,0,0,0,0,0,0,0",-0.28329805,0.117186986,3.0,0.24092409,62.336487,0.2666906,1.0,0.2666906,0.20381854,0.24065974,0.0,0.0,0.24092409,0.0032514909,0.8982831,0.20381854,4.1653905,1.4399782,62.336487,-0.28329805,3.2888737,160.58951,0.21515755,0.21515755,1.0,160.58951,0.5878985,0.10171687,4.1653905,0.0032514909,0.26616192,0.117186986,0.0,1.4399782,3.2888737,0.21515755,0.28329805,0.0,0.26616192,0.28329805,0.77595687,0.21515755,1.0,0.24065974,lookahead,fk_orig2_bm3-s0to75br2-s75to150br2-s150to225br3
/work/T-REX/external/Proteina-Complexa/inference/search_binder_local_pipeline_32_PDL1_ALPHA_REPACK_v7_r005_cand_v7r005_hyp_0005_00_001_a975a719abf41/job_0_n_177_id_47_fk_orig3_bm1-s0to75br0-s75to150br3-s150to225br3/job_0_n_177_id_47_fk_orig3_bm1-s0to75br0-s75to150br3-s150to225br3.pdb,191,"2,0,13,16,19,16,19,14,11,3,10,18,19,19,6,18,7,15,2,12,16,9,6,4,11,13,14,19,6,11,5,10,3,10,0,0,10,9,19,18,17,6,12,6,3,11,2,9,9,5,13,19,8,7,6,6,3,10,11,19,5,8,15,15,18,1,5,1,0,1,10,10,11,3,5,10,15,10,7,2,0,0,10,5,9,16,3,19,11,10,5,3,0,7,19,18,1,4,12,9,15,18,7,7,0,3,18,11,1,9,16,19,11,19,2,0,15,7,19,2,9,12,7,1,16,10,10,11,6,3,1,14,3,6,0,6,8,10,13,1,11,0,10,11,3,7,3,6,15,14,6,19,10,2,2,10,0,19,0,10,6,0,10,7,1,6,3,6,0,6,11,19,1,5,1,0,10,0,0,0,0,0,0,0,0,0,0,0,0,0,0,0,0,0,0,0,0,0,0,0,0,0,0,0,0,0,0,0,0,0,0,0,0,0,0,0,0,0,0,0,0,0,0,0,0,0,0,0,0,0,0,0",-0.15023443,0.051583007,3.0,0.5857431,39.384567,0.6558646,1.0,0.6558646,0.12221276,0.5857431,0.0,0.0,0.5857431,0.0030972178,0.9412787,0.12221276,1.6785951,1.3280908,39.384567,-0.15023443,2.2204142,163.71233,0.51562166,0.51562166,1.0,163.71233,0.8136936,0.05872129,1.6785951,0.0030972178,0.6558646,0.051583007,0.0,1.3280908,2.2204142,0.51562166,0.15023443,0.0,0.6558646,0.15023443,0.87717795,0.51562166,1.0,0.5857431,lookahead,fk_orig3_bm1-s0to75br0-s75to150br3-s150to225br3
/work/T-REX/external/Proteina-Complexa/inference/search_binder_local_pipeline_32_PDL1_ALPHA_REPACK_v7_r005_cand_v7r005_hyp_0005_00_001_a975a719abf41/job_0_n_214_id_48_fk_orig0_bm0-s0to75br3-s75to150br2-s150to225br1-s225to300br0/job_0_n_214_id_48_fk_orig0_bm0-s0to75br3-s75to150br2-s150to225br1-s225to300br0.pdb,192,"2,0,13,16,19,16,19,14,11,3,10,18,19,19,6,18,7,15,2,12,16,9,6,4,11,13,14,19,6,11,5,10,3,10,0,0,10,9,19,18,17,6,12,6,3,11,2,9,9,5,13,19,8,7,6,6,3,10,11,19,5,8,15,15,18,1,5,1,0,1,10,10,11,3,5,10,15,10,7,2,0,0,10,5,9,16,3,19,11,10,5,3,0,7,19,18,1,4,12,9,15,18,7,7,0,3,18,11,1,9,16,19,11,19,2,0,16,9,11,19,2,7,11,14,5,14,7,0,19,10,9,15,14,15,11,19,11,18,19,0,2,3,6,7,6,9,16,10,11,15,16,6,0,7,10,18,9,9,5,2,10,2,6,13,14,3,14,14,19,11,19,6,10,11,2,6,11,7,6,10,10,11,16,10,3,0,7,19,3,10,19,11,11,6,19,10,13,7,10,16,6,13,14,11,6,16,0,6,9,2,9,19,5,2,0,0,0,0,0,0,0,0,0,0,0,0,0,0,0,0,0,0",-0.2311939,0.099475615,3.0,0.34840232,43.13781,0.3682522,1.0,0.3682522,0.16487835,0.34840232,0.0,0.0,0.34840232,0.0027047305,0.91647804,0.16487835,3.0981388,1.3642539,43.13781,-0.2311939,2.8250208,187.52376,0.32855248,0.32855248,1.0,187.52376,0.68339705,0.083521955,3.0981388,0.0027047305,0.3682522,0.099475615,0.0,1.3642539,2.8250208,0.32855248,0.2311939,0.0,0.3682522,0.2311939,0.8105369,0.32855248,1.0,0.34840232,lookahead,fk_orig0_bm0-s0to75br3-s75to150br2-s150to225br1-s225to300br0
/work/T-REX/external/Proteina-Complexa/inference/search_binder_local_pipeline_32_PDL1_ALPHA_REPACK_v7_r005_cand_v7r005_hyp_0005_00_001_a975a719abf41/job_0_n_232_id_48_fk_orig1_bm3-s0to75br3-s75to150br3-s150to225br2-s225to300br0/job_0_n_232_id_48_fk_orig1_bm3-s0to75br3-s75to150br3-s150to225br2-s225to300br0.pdb,193,"2,0,13,16,19,16,19,14,11,3,10,18,19,19,6,18,7,15,2,12,16,9,6,4,11,13,14,19,6,11,5,10,3,10,0,0,10,9,19,18,17,6,12,6,3,11,2,9,9,5,13,19,8,7,6,6,3,10,11,19,5,8,15,15,18,1,5,1,0,1,10,10,11,3,5,10,15,10,7,2,0,0,10,5,9,16,3,19,11,10,5,3,0,7,19,18,1,4,12,9,15,18,7,7,0,3,18,11,1,9,16,19,11,19,2,0,0,13,16,19,16,19,14,11,3,10,18,19,19,6,18,7,15,2,12,16,9,6,4,11,13,14,19,6,11,5,10,3,10,0,0,10,9,19,18,17,6,12,6,3,11,2,9,9,5,13,19,8,7,6,6,3,10,11,19,5,8,15,15,18,1,5,1,0,1,10,10,11,3,5,10,15,10,7,2,0,0,10,5,9,16,3,19,11,10,5,3,0,7,19,18,1,4,12,9,15,18,7,7,0,3,18,11,1,9,16,19,11,19,2,0,11",-0.5305574,0.29817033,3.0,0.045713633,77.61627,0.047502074,1.0,0.047502074,0.31449637,0.012392659,0.0,0.0,0.045713633,0.0024206098,0.85947704,0.31449637,3.2375395,1.2927985,77.61627,-0.5305574,3.916594,218.21487,0.012185163,0.04392519,1.0,218.21487,0.26043752,0.14052293,3.2375395,0.0024206098,0.012600154,0.29817033,0.0,1.2927985,3.916594,0.012185163,0.5305574,0.0,0.012600154,0.5305574,0.5846421,0.04392519,1.0,0.012392659,lookahead,fk_orig1_bm3-s0to75br3-s75to150br3-s150to225br2-s225to300br0
/work/T-REX/external/Proteina-Complexa/inference/search_binder_local_pipeline_32_PDL1_ALPHA_REPACK_v7_r005_cand_v7r005_hyp_0005_00_001_a975a719abf41/job_0_n_196_id_48_fk_orig2_bm3-s0to75br2-s75to150br3-s150to225br1-s225to300br0/job_0_n_196_id_48_fk_orig2_bm3-s0to75br2-s75to150br3-s150to225br1-s225to300br0.pdb,194,"2,0,13,16,19,16,19,14,11,3,10,18,19,19,6,18,7,15,2,12,16,9,6,4,11,13,14,19,6,11,5,10,3,10,0,0,10,9,19,18,17,6,12,6,3,11,2,9,9,5,13,19,8,7,6,6,3,10,11,19,5,8,15,15,18,1,5,1,0,1,10,10,11,3,5,10,15,10,7,2,0,0,10,5,9,16,3,19,11,10,5,3,0,7,19,18,1,4,12,9,15,18,7,7,0,3,18,11,1,9,16,19,11,19,2,0,17,3,10,0,0,6,3,18,16,1,0,9,6,10,11,14,3,13,0,6,0,18,13,5,1,7,11,0,18,13,2,10,11,5,18,3,10,0,19,6,3,18,16,11,0,9,6,10,11,14,3,13,0,6,0,18,10,6,1,0,11,0,18,12,6,10,7,5,18,3,10,0,7,11,3,10,3,0,18,11,0,0,0,0,0,0,0,0,0,0,0,0,0,0,0,0,0,0,0,0,0,0,0,0,0,0,0,0,0,0,0,0,0,0,0,0",-0.1928524,0.06046286,3.0,0.51298857,35.597878,0.57072765,1.0,0.57072765,0.14519398,0.51298857,0.0,0.0,0.51298857,0.0023321956,0.94374937,0.14519398,2.0519466,1.3185812,35.597878,-0.1928524,2.8484771,137.25298,0.45524952,0.45524952,1.0,137.25298,0.7829839,0.05625063,2.0519466,0.0023321956,0.57072765,0.06046286,0.0,1.3185812,2.8484771,0.45524952,0.1928524,0.0,0.57072765,0.1928524,0.8534801,0.45524952,1.0,0.51298857,lookahead,fk_orig2_bm3-s0to75br2-s75to150br3-s150to225br1-s225to300br0
/work/T-REX/external/Proteina-Complexa/inference/search_binder_local_pipeline_32_PDL1_ALPHA_REPACK_v7_r005_cand_v7r005_hyp_0005_00_001_a975a719abf41/job_0_n_177_id_48_fk_orig3_bm1-s0to75br0-s75to150br3-s150to225br2-s225to300br0/job_0_n_177_id_48_fk_orig3_bm1-s0to75br0-s75to150br3-s150to225br2-s225to300br0.pdb,195,"2,0,13,16,19,16,19,14,11,3,10,18,19,19,6,18,7,15,2,12,16,9,6,4,11,13,14,19,6,11,5,10,3,10,0,0,10,9,19,18,17,6,12,6,3,11,2,9,9,5,13,19,8,7,6,6,3,10,11,19,5,8,15,15,18,1,5,1,0,1,10,10,11,3,5,10,15,10,7,2,0,0,10,5,9,16,3,19,11,10,5,3,0,7,19,18,1,4,12,9,15,18,7,7,0,3,18,11,1,9,16,19,11,19,2,0,15,7,19,2,9,12,7,1,16,10,10,11,6,2,1,14,3,6,0,6,8,10,13,1,11,0,10,11,3,7,6,6,15,3,6,16,10,2,10,10,0,19,0,10,6,11,10,7,1,6,3,6,0,6,11,19,1,5,1,7,6,0,0,0,0,0,0,0,0,0,0,0,0,0,0,0,0,0,0,0,0,0,0,0,0,0,0,0,0,0,0,0,0,0,0,0,0,0,0,0,0,0,0,0,0,0,0,0,0,0,0,0,0,0,0,0",-0.14509226,0.046871554,3.0,0.6362996,35.93266,0.71659195,1.0,0.71659195,0.12027123,0.6362996,0.0,0.0,0.6362996,0.011895005,0.94063205,0.12027123,1.8763119,1.3198237,35.93266,-0.14509226,2.128073,154.47238,0.5560072,0.5560072,1.0,154.47238,0.828821,0.059367936,1.8763119,0.011895005,0.71659195,0.046871554,0.0,1.3198237,2.128073,0.5560072,0.14509226,0.0,0.71659195,0.14509226,0.8840806,0.5560072,1.0,0.6362996,lookahead,fk_orig3_bm1-s0to75br0-s75to150br3-s150to225br2-s225to300br0
/work/T-REX/external/Proteina-Complexa/inference/search_binder_local_pipeline_32_PDL1_ALPHA_REPACK_v7_r005_cand_v7r005_hyp_0005_00_001_a975a719abf41/job_0_n_214_id_49_fk_orig0_bm0-s0to75br3-s75to150br2-s150to225br1-s225to300br1/job_0_n_214_id_49_fk_orig0_bm0-s0to75br3-s75to150br2-s150to225br1-s225to300br1.pdb,196,"2,0,13,16,19,16,19,14,11,3,10,18,19,19,6,18,7,15,2,12,16,9,6,4,11,13,14,19,6,11,5,10,3,10,0,0,10,9,19,18,17,6,12,6,3,11,2,9,9,5,13,19,8,7,6,6,3,10,11,19,5,8,15,15,18,1,5,1,0,1,10,10,11,3,5,10,15,10,7,2,0,0,10,5,9,16,3,19,11,10,5,3,0,7,19,18,1,4,12,9,15,18,7,7,0,3,18,11,1,9,16,19,11,19,2,0,16,9,11,19,2,7,11,14,5,14,7,0,19,10,9,15,14,15,11,19,11,18,19,0,2,3,6,7,6,9,16,10,11,15,16,6,0,7,10,18,9,9,5,2,10,2,6,13,14,3,14,14,19,11,19,6,10,11,2,6,11,7,6,10,10,11,15,10,3,0,7,19,3,10,19,11,11,6,19,10,13,7,10,16,6,13,14,11,2,16,0,6,9,2,9,19,5,2,0,0,0,0,0,0,0,0,0,0,0,0,0,0,0,0,0,0",-0.23045057,0.09722451,3.0,0.35353786,44.735783,0.37228805,1.0,0.37228805,0.16486374,0.35353786,0.0,0.0,0.35353786,0.0028790126,0.91481006,0.16486374,3.2977324,1.3781049,44.735783,-0.23045057,2.8292663,194.98692,0.33478764,0.33478764,1.0,194.98692,0.6842754,0.08518993,3.2977324,0.0028790126,0.37228805,0.09722451,0.0,1.3781049,2.8292663,0.33478764,0.23045057,0.0,0.37228805,0.23045057,0.8109218,0.33478764,1.0,0.35353786,lookahead,fk_orig0_bm0-s0to75br3-s75to150br2-s150to225br1-s225to300br1
/work/T-REX/external/Proteina-Complexa/inference/search_binder_local_pipeline_32_PDL1_ALPHA_REPACK_v7_r005_cand_v7r005_hyp_0005_00_001_a975a719abf41/job_0_n_232_id_49_fk_orig1_bm3-s0to75br3-s75to150br3-s150to225br2-s225to300br1/job_0_n_232_id_49_fk_orig1_bm3-s0to75br3-s75to150br3-s150to225br2-s225to300br1.pdb,197,"2,0,13,16,19,16,19,14,11,3,10,18,19,19,6,18,7,15,2,12,16,9,6,4,11,13,14,19,6,11,5,10,3,10,0,0,10,9,19,18,17,6,12,6,3,11,2,9,9,5,13,19,8,7,6,6,3,10,11,19,5,8,15,15,18,1,5,1,0,1,10,10,11,3,5,10,15,10,7,2,0,0,10,5,9,16,3,19,11,10,5,3,0,7,19,18,1,4,12,9,15,18,7,7,0,3,18,11,1,9,16,19,11,19,2,0,0,13,16,19,16,19,14,11,3,10,18,19,19,6,18,7,15,2,12,16,9,6,4,11,13,14,19,6,11,5,10,3,10,0,0,10,9,19,18,17,6,12,6,3,11,2,9,9,5,13,19,8,7,6,6,3,10,11,19,5,8,15,15,18,1,5,1,0,1,10,10,11,3,5,10,15,10,7,2,0,0,10,5,9,16,3,19,11,10,5,3,0,7,19,18,1,4,12,9,15,18,7,7,0,3,18,11,1,9,16,19,11,19,2,0,11",-0.53467494,0.3015461,3.0,0.041796796,76.665726,0.044977203,1.0,0.044977203,0.31606603,0.012146143,0.0,0.0,0.041796796,0.002444628,0.8603611,0.31606603,3.231338,1.2838145,76.665726,-0.53467494,3.9244764,215.09271,0.011935614,0.038616385,1.0,215.09271,0.25638783,0.13963889,3.231338,0.002444628,0.012356672,0.3015461,0.0,1.2838145,3.9244764,0.011935614,0.53467494,0.0,0.012356672,0.53467494,0.5827542,0.038616385,1.0,0.012146143,lookahead,fk_orig1_bm3-s0to75br3-s75to150br3-s150to225br2-s225to300br1
/work/T-REX/external/Proteina-Complexa/inference/search_binder_local_pipeline_32_PDL1_ALPHA_REPACK_v7_r005_cand_v7r005_hyp_0005_00_001_a975a719abf41/job_0_n_196_id_49_fk_orig2_bm3-s0to75br2-s75to150br3-s150to225br1-s225to300br1/job_0_n_196_id_49_fk_orig2_bm3-s0to75br2-s75to150br3-s150to225br1-s225to300br1.pdb,198,"2,0,13,16,19,16,19,14,11,3,10,18,19,19,6,18,7,15,2,12,16,9,6,4,11,13,14,19,6,11,5,10,3,10,0,0,10,9,19,18,17,6,12,6,3,11,2,9,9,5,13,19,8,7,6,6,3,10,11,19,5,8,15,15,18,1,5,1,0,1,10,10,11,3,5,10,15,10,7,2,0,0,10,5,9,16,3,19,11,10,5,3,0,7,19,18,1,4,12,9,15,18,7,7,0,3,18,11,1,9,16,19,11,19,2,0,17,3,10,0,0,6,3,18,16,1,0,9,6,10,11,14,3,13,0,6,0,18,13,5,1,7,11,0,18,13,2,10,11,5,18,3,10,0,19,6,3,18,16,1,0,9,6,10,11,14,3,13,0,6,0,18,10,6,1,0,11,0,18,12,6,10,7,6,18,3,10,0,7,11,3,10,3,0,18,11,0,0,0,0,0,0,0,0,0,0,0,0,0,0,0,0,0,0,0,0,0,0,0,0,0,0,0,0,0,0,0,0,0,0,0,0",-0.18990985,0.059004962,3.0,0.5238476,34.481045,0.5809521,1.0,0.5809521,0.14234655,0.5238476,0.0,0.0,0.5238476,0.0019993135,0.94708586,0.14234655,2.0989342,1.3018152,34.481045,-0.18990985,2.8341339,136.3244,0.466743,0.466743,1.0,136.3244,0.7885084,0.05291416,2.0989342,0.0019993135,0.5809521,0.059004962,0.0,1.3018152,2.8341339,0.466743,0.18990985,0.0,0.5809521,0.18990985,0.8561413,0.466743,1.0,0.5238476,lookahead,fk_orig2_bm3-s0to75br2-s75to150br3-s150to225br1-s225to300br1
/work/T-REX/external/Proteina-Complexa/inference/search_binder_local_pipeline_32_PDL1_ALPHA_REPACK_v7_r005_cand_v7r005_hyp_0005_00_001_a975a719abf41/job_0_n_177_id_49_fk_orig3_bm1-s0to75br0-s75to150br3-s150to225br2-s225to300br1/job_0_n_177_id_49_fk_orig3_bm1-s0to75br0-s75to150br3-s150to225br2-s225to300br1.pdb,199,"2,0,13,16,19,16,19,14,11,3,10,18,19,19,6,18,7,15,2,12,16,9,6,4,11,13,14,19,6,11,5,10,3,10,0,0,10,9,19,18,17,6,12,6,3,11,2,9,9,5,13,19,8,7,6,6,3,10,11,19,5,8,15,15,18,1,5,1,0,1,10,10,11,3,5,10,15,10,7,2,0,0,10,5,9,16,3,19,11,10,5,3,0,7,19,18,1,4,12,9,15,18,7,7,0,3,18,11,1,9,16,19,11,19,2,0,15,7,19,2,9,12,7,1,16,10,10,11,6,2,1,14,3,6,0,6,8,10,13,1,11,0,10,11,3,7,6,6,15,3,6,16,10,2,10,10,0,19,0,10,6,11,10,7,1,6,3,6,0,6,11,19,1,5,1,7,6,0,0,0,0,0,0,0,0,0,0,0,0,0,0,0,0,0,0,0,0,0,0,0,0,0,0,0,0,0,0,0,0,0,0,0,0,0,0,0,0,0,0,0,0,0,0,0,0,0,0,0,0,0,0,0",-0.14492397,0.047004156,3.0,0.6368082,36.81354,0.7172316,1.0,0.7172316,0.12019178,0.6368082,0.0,0.0,0.6368082,0.012128675,0.9407459,0.12019178,1.8864146,1.3174759,36.81354,-0.14492397,2.1246095,149.76422,0.55638486,0.55638486,1.0,149.76422,0.8295366,0.059254114,1.8864146,0.012128675,0.7172316,0.047004156,0.0,1.3174759,2.1246095,0.55638486,0.14492397,0.0,0.7172316,0.14492397,0.8842076,0.55638486,1.0,0.6368082,lookahead,fk_orig3_bm1-s0to75br0-s75to150br3-s150to225br2-s225to300br1
/work/T-REX/external/Proteina-Complexa/inference/search_binder_local_pipeline_32_PDL1_ALPHA_REPACK_v7_r005_cand_v7r005_hyp_0005_00_001_a975a719abf41/job_0_n_214_id_50_fk_orig0_bm0-s0to75br3-s75to150br2-s150to225br1-s225to300br2/job_0_n_214_id_50_fk_orig0_bm0-s0to75br3-s75to150br2-s150to225br1-s225to300br2.pdb,200,"2,0,13,16,19,16,19,14,11,3,10,18,19,19,6,18,7,15,2,12,16,9,6,4,11,13,14,19,6,11,5,10,3,10,0,0,10,9,19,18,17,6,12,6,3,11,2,9,9,5,13,19,8,7,6,6,3,10,11,19,5,8,15,15,18,1,5,1,0,1,10,10,11,3,5,10,15,10,7,2,0,0,10,5,9,16,3,19,11,10,5,3,0,7,19,18,1,4,12,9,15,18,7,7,0,3,18,11,1,9,16,19,11,19,2,0,16,9,11,19,2,7,11,14,5,14,7,0,19,10,9,15,14,15,11,19,11,18,19,0,2,3,6,7,6,9,16,10,11,15,16,6,0,7,10,18,9,9,5,2,10,2,6,13,14,3,14,14,19,11,19,6,10,11,2,6,11,7,6,9,10,11,16,9,3,0,7,19,3,10,19,11,11,6,9,10,13,7,10,16,6,13,14,11,3,16,0,6,9,2,9,19,5,2,0,0,0,0,0,0,0,0,0,0,0,0,0,0,0,0,0,0",-0.23905739,0.10196958,3.0,0.3268186,46.672035,0.3452688,1.0,0.3452688,0.16883866,0.3268186,0.0,0.0,0.3268186,0.002898168,0.9144702,0.16883866,3.4922025,1.3598999,46.672035,-0.23905739,2.8983066,195.93167,0.3083684,0.3083684,1.0,195.93167,0.6676109,0.08552979,3.4922025,0.002898168,0.3452688,0.10196958,0.0,1.3598999,2.8983066,0.3083684,0.23905739,0.0,0.3452688,0.23905739,0.8035759,0.3083684,1.0,0.3268186,lookahead,fk_orig0_bm0-s0to75br3-s75to150br2-s150to225br1-s225to300br2
/work/T-REX/external/Proteina-Complexa/inference/search_binder_local_pipeline_32_PDL1_ALPHA_REPACK_v7_r005_cand_v7r005_hyp_0005_00_001_a975a719abf41/job_0_n_232_id_50_fk_orig1_bm3-s0to75br3-s75to150br3-s150to225br2-s225to300br2/job_0_n_232_id_50_fk_orig1_bm3-s0to75br3-s75to150br3-s150to225br2-s225to300br2.pdb,201,"2,0,13,16,19,16,19,14,11,3,10,18,19,19,6,18,7,15,2,12,16,9,6,4,11,13,14,19,6,11,5,10,3,10,0,0,10,9,19,18,17,6,12,6,3,11,2,9,9,5,13,19,8,7,6,6,3,10,11,19,5,8,15,15,18,1,5,1,0,1,10,10,11,3,5,10,15,10,7,2,0,0,10,5,9,16,3,19,11,10,5,3,0,7,19,18,1,4,12,9,15,18,7,7,0,3,18,11,1,9,16,19,11,19,2,0,0,13,16,19,16,19,14,11,3,10,18,19,19,6,18,7,15,2,12,16,9,6,4,11,13,14,19,6,11,5,10,3,10,0,0,10,9,19,18,17,6,12,6,3,11,2,9,9,5,13,19,8,7,6,6,3,10,11,19,5,8,15,15,18,1,5,1,0,1,10,10,11,3,5,10,15,10,7,2,0,0,10,5,9,16,3,19,11,10,5,3,0,7,19,18,1,4,12,9,15,18,7,7,0,3,18,11,1,9,16,19,11,19,2,0,11",-0.5321535,0.29930457,3.0,0.043445252,79.630745,0.047156706,1.0,0.047156706,0.31498384,0.012349451,0.0,0.0,0.043445252,0.0023925751,0.85951203,0.31498384,3.2149587,1.2892514,79.630745,-0.5321535,3.916174,221.86063,0.012110922,0.039733794,1.0,221.86063,0.25746763,0.14048795,3.2149587,0.0023925751,0.01258798,0.29930457,0.0,1.2892514,3.916174,0.012110922,0.5321535,0.0,0.01258798,0.5321535,0.58303285,0.039733794,1.0,0.012349451,lookahead,fk_orig1_bm3-s0to75br3-s75to150br3-s150to225br2-s225to300br2
/work/T-REX/external/Proteina-Complexa/inference/search_binder_local_pipeline_32_PDL1_ALPHA_REPACK_v7_r005_cand_v7r005_hyp_0005_00_001_a975a719abf41/job_0_n_196_id_50_fk_orig2_bm3-s0to75br2-s75to150br3-s150to225br1-s225to300br2/job_0_n_196_id_50_fk_orig2_bm3-s0to75br2-s75to150br3-s150to225br1-s225to300br2.pdb,202,"2,0,13,16,19,16,19,14,11,3,10,18,19,19,6,18,7,15,2,12,16,9,6,4,11,13,14,19,6,11,5,10,3,10,0,0,10,9,19,18,17,6,12,6,3,11,2,9,9,5,13,19,8,7,6,6,3,10,11,19,5,8,15,15,18,1,5,1,0,1,10,10,11,3,5,10,15,10,7,2,0,0,10,5,9,16,3,19,11,10,5,3,0,7,19,18,1,4,12,9,15,18,7,7,0,3,18,11,1,9,16,19,11,19,2,0,17,3,10,0,0,6,3,18,16,1,0,9,6,10,11,14,3,13,0,6,0,18,13,5,1,7,11,0,18,13,2,10,11,5,18,3,10,0,19,6,3,18,16,11,0,9,6,10,11,14,3,13,0,6,0,18,10,6,1,0,11,0,18,12,6,10,7,6,18,3,10,0,7,11,3,10,3,0,18,11,0,0,0,0,0,0,0,0,0,0,0,0,0,0,0,0,0,0,0,0,0,0,0,0,0,0,0,0,0,0,0,0,0,0,0,0",-0.19464287,0.060563017,3.0,0.5078941,34.55551,0.564309,1.0,0.564309,0.14623275,0.5078941,0.0,0.0,0.5078941,0.002377657,0.94372034,0.14623275,2.0632682,1.3249928,34.55551,-0.19464287,2.8489273,134.96324,0.45147917,0.45147917,1.0,134.96324,0.7820822,0.056279648,2.0632682,0.002377657,0.564309,0.060563017,0.0,1.3249928,2.8489273,0.45147917,0.19464287,0.0,0.564309,0.19464287,0.8532192,0.45147917,1.0,0.5078941,lookahead,fk_orig2_bm3-s0to75br2-s75to150br3-s150to225br1-s225to300br2
/work/T-REX/external/Proteina-Complexa/inference/search_binder_local_pipeline_32_PDL1_ALPHA_REPACK_v7_r005_cand_v7r005_hyp_0005_00_001_a975a719abf41/job_0_n_177_id_50_fk_orig3_bm1-s0to75br0-s75to150br3-s150to225br2-s225to300br2/job_0_n_177_id_50_fk_orig3_bm1-s0to75br0-s75to150br3-s150to225br2-s225to300br2.pdb,203,"2,0,13,16,19,16,19,14,11,3,10,18,19,19,6,18,7,15,2,12,16,9,6,4,11,13,14,19,6,11,5,10,3,10,0,0,10,9,19,18,17,6,12,6,3,11,2,9,9,5,13,19,8,7,6,6,3,10,11,19,5,8,15,15,18,1,5,1,0,1,10,10,11,3,5,10,15,10,7,2,0,0,10,5,9,16,3,19,11,10,5,3,0,7,19,18,1,4,12,9,15,18,7,7,0,3,18,11,1,9,16,19,11,19,2,0,15,7,19,2,9,12,7,1,16,10,10,11,6,2,1,14,3,6,0,6,8,10,13,1,11,0,10,11,3,11,6,6,15,3,6,16,10,2,10,10,0,19,0,10,6,11,10,7,1,6,3,6,0,6,11,19,1,5,1,7,6,0,0,0,0,0,0,0,0,0,0,0,0,0,0,0,0,0,0,0,0,0,0,0,0,0,0,0,0,0,0,0,0,0,0,0,0,0,0,0,0,0,0,0,0,0,0,0,0,0,0,0,0,0,0,0",-0.14582042,0.04712943,3.0,0.6389539,34.789345,0.71998125,1.0,0.71998125,0.12137604,0.6389539,0.0,0.0,0.6389539,0.011798379,0.9386518,0.12137604,1.8784086,1.3458378,34.789345,-0.14582042,2.1249397,148.62866,0.55792654,0.55792654,1.0,148.62866,0.8293607,0.061348177,1.8784086,0.011798379,0.71998125,0.04712943,0.0,1.3458378,2.1249397,0.55792654,0.14582042,0.0,0.71998125,0.14582042,0.8847723,0.55792654,1.0,0.6389539,lookahead,fk_orig3_bm1-s0to75br0-s75to150br3-s150to225br2-s225to300br2
/work/T-REX/external/Proteina-Complexa/inference/search_binder_local_pipeline_32_PDL1_ALPHA_REPACK_v7_r005_cand_v7r005_hyp_0005_00_001_a975a719abf41/job_0_n_214_id_51_fk_orig0_bm0-s0to75br3-s75to150br2-s150to225br1-s225to300br3/job_0_n_214_id_51_fk_orig0_bm0-s0to75br3-s75to150br2-s150to225br1-s225to300br3.pdb,204,"2,0,13,16,19,16,19,14,11,3,10,18,19,19,6,18,7,15,2,12,16,9,6,4,11,13,14,19,6,11,5,10,3,10,0,0,10,9,19,18,17,6,12,6,3,11,2,9,9,5,13,19,8,7,6,6,3,10,11,19,5,8,15,15,18,1,5,1,0,1,10,10,11,3,5,10,15,10,7,2,0,0,10,5,9,16,3,19,11,10,5,3,0,7,19,18,1,4,12,9,15,18,7,7,0,3,18,11,1,9,16,19,11,19,2,0,16,9,11,19,2,7,11,14,5,14,7,0,19,10,9,15,14,15,11,19,11,18,19,0,2,3,6,7,6,9,16,10,11,15,16,6,0,7,10,18,9,9,5,2,10,2,6,13,14,3,14,14,19,11,19,6,10,11,2,6,11,7,6,10,10,11,16,10,3,0,7,19,3,10,19,11,11,6,19,10,13,7,10,16,6,13,14,11,3,16,0,6,9,2,9,19,5,2,0,0,0,0,0,0,0,0,0,0,0,0,0,0,0,0,0,0",-0.22346564,0.09255609,3.0,0.374985,45.21231,0.39218646,1.0,0.39218646,0.16134103,0.374985,0.0,0.0,0.374985,0.0028090542,0.9158971,0.16134103,3.178987,1.375861,45.21231,-0.22346564,2.7839866,192.93437,0.35778356,0.35778356,1.0,192.93437,0.70062125,0.08410294,3.178987,0.0028090542,0.39218646,0.09255609,0.0,1.375861,2.7839866,0.35778356,0.22346564,0.0,0.39218646,0.22346564,0.81895494,0.35778356,1.0,0.374985,lookahead,fk_orig0_bm0-s0to75br3-s75to150br2-s150to225br1-s225to300br3
/work/T-REX/external/Proteina-Complexa/inference/search_binder_local_pipeline_32_PDL1_ALPHA_REPACK_v7_r005_cand_v7r005_hyp_0005_00_001_a975a719abf41/job_0_n_232_id_51_fk_orig1_bm3-s0to75br3-s75to150br3-s150to225br2-s225to300br3/job_0_n_232_id_51_fk_orig1_bm3-s0to75br3-s75to150br3-s150to225br2-s225to300br3.pdb,205,"2,0,13,16,19,16,19,14,11,3,10,18,19,19,6,18,7,15,2,12,16,9,6,4,11,13,14,19,6,11,5,10,3,10,0,0,10,9,19,18,17,6,12,6,3,11,2,9,9,5,13,19,8,7,6,6,3,10,11,19,5,8,15,15,18,1,5,1,0,1,10,10,11,3,5,10,15,10,7,2,0,0,10,5,9,16,3,19,11,10,5,3,0,7,19,18,1,4,12,9,15,18,7,7,0,3,18,11,1,9,16,19,11,19,2,0,0,13,16,19,16,19,14,11,3,10,18,19,19,6,18,7,15,2,12,16,9,6,4,11,13,14,19,6,11,5,10,3,10,0,0,10,9,19,18,17,6,12,6,3,11,2,9,9,5,13,19,8,7,6,6,3,10,11,19,5,8,15,15,18,1,5,1,0,1,10,10,11,3,5,10,15,10,7,2,0,0,10,5,9,16,3,19,11,10,5,3,0,7,19,18,1,4,12,9,15,18,7,7,0,3,18,11,1,9,16,19,11,19,2,0,11",-0.5319473,0.30049464,3.0,0.04398928,80.71428,0.047236346,1.0,0.047236346,0.3150382,0.012318394,0.0,0.0,0.04398928,0.0025054072,0.85967094,0.3150382,3.2189744,1.2903523,80.71428,-0.5319473,3.9148643,215.49544,0.01198801,0.040742207,1.0,215.49544,0.26044124,0.14032908,3.2189744,0.0025054072,0.012648778,0.30049464,0.0,1.2903523,3.9148643,0.01198801,0.5319473,0.0,0.012648778,0.5319473,0.5839373,0.040742207,1.0,0.012318394,lookahead,fk_orig1_bm3-s0to75br3-s75to150br3-s150to225br2-s225to300br3
/work/T-REX/external/Proteina-Complexa/inference/search_binder_local_pipeline_32_PDL1_ALPHA_REPACK_v7_r005_cand_v7r005_hyp_0005_00_001_a975a719abf41/job_0_n_196_id_51_fk_orig2_bm3-s0to75br2-s75to150br3-s150to225br1-s225to300br3/job_0_n_196_id_51_fk_orig2_bm3-s0to75br2-s75to150br3-s150to225br1-s225to300br3.pdb,206,"2,0,13,16,19,16,19,14,11,3,10,18,19,19,6,18,7,15,2,12,16,9,6,4,11,13,14,19,6,11,5,10,3,10,0,0,10,9,19,18,17,6,12,6,3,11,2,9,9,5,13,19,8,7,6,6,3,10,11,19,5,8,15,15,18,1,5,1,0,1,10,10,11,3,5,10,15,10,7,2,0,0,10,5,9,16,3,19,11,10,5,3,0,7,19,18,1,4,12,9,15,18,7,7,0,3,18,11,1,9,16,19,11,19,2,0,17,3,10,0,0,6,3,18,16,1,0,9,6,10,11,14,3,13,0,6,0,18,13,5,1,7,11,0,18,13,2,10,11,5,18,3,10,0,19,6,3,18,16,11,0,9,6,10,11,14,3,13,0,6,0,18,10,6,1,0,11,0,18,12,6,10,7,6,18,3,10,0,7,11,3,10,3,0,18,11,0,0,0,0,0,0,0,0,0,0,0,0,0,0,0,0,0,0,0,0,0,0,0,0,0,0,0,0,0,0,0,0,0,0,0,0",-0.1949285,0.06133857,3.0,0.5086475,35.710575,0.5637176,1.0,0.5637176,0.14671291,0.5086475,0.0,0.0,0.5086475,0.0024181025,0.943432,0.14671291,2.1360295,1.3243793,35.710575,-0.1949285,2.8408477,133.86359,0.45357743,0.45357743,1.0,133.86359,0.78337383,0.056568053,2.1360295,0.0024181025,0.5637176,0.06133857,0.0,1.3243793,2.8408477,0.45357743,0.1949285,0.0,0.5637176,0.1949285,0.8537991,0.45357743,1.0,0.5086475,lookahead,fk_orig2_bm3-s0to75br2-s75to150br3-s150to225br1-s225to300br3
/work/T-REX/external/Proteina-Complexa/inference/search_binder_local_pipeline_32_PDL1_ALPHA_REPACK_v7_r005_cand_v7r005_hyp_0005_00_001_a975a719abf41/job_0_n_177_id_51_fk_orig3_bm1-s0to75br0-s75to150br3-s150to225br2-s225to300br3/job_0_n_177_id_51_fk_orig3_bm1-s0to75br0-s75to150br3-s150to225br2-s225to300br3.pdb,207,"2,0,13,16,19,16,19,14,11,3,10,18,19,19,6,18,7,15,2,12,16,9,6,4,11,13,14,19,6,11,5,10,3,10,0,0,10,9,19,18,17,6,12,6,3,11,2,9,9,5,13,19,8,7,6,6,3,10,11,19,5,8,15,15,18,1,5,1,0,1,10,10,11,3,5,10,15,10,7,2,0,0,10,5,9,16,3,19,11,10,5,3,0,7,19,18,1,4,12,9,15,18,7,7,0,3,18,11,1,9,16,19,11,19,2,0,15,7,19,2,9,12,7,1,16,10,10,11,6,2,1,14,3,6,0,6,8,10,13,1,11,0,10,11,3,7,6,6,15,3,6,16,10,2,10,10,0,19,0,10,6,11,10,7,1,6,3,6,0,6,11,19,1,5,1,7,6,0,0,0,0,0,0,0,0,0,0,0,0,0,0,0,0,0,0,0,0,0,0,0,0,0,0,0,0,0,0,0,0,0,0,0,0,0,0,0,0,0,0,0,0,0,0,0,0,0,0,0,0,0,0,0",-0.14567676,0.047193043,3.0,0.6351044,40.358665,0.7155755,1.0,0.7155755,0.12094426,0.6351044,0.0,0.0,0.6351044,0.012026657,0.9398894,0.12094426,1.909662,1.3208823,40.358665,-0.14567676,2.125621,157.50897,0.5546333,0.5546333,1.0,157.50897,0.8284478,0.060110632,1.909662,0.012026657,0.7155755,0.047193043,0.0,1.3208823,2.125621,0.5546333,0.14567676,0.0,0.7155755,0.14567676,0.88413763,0.5546333,1.0,0.6351044,lookahead,fk_orig3_bm1-s0to75br0-s75to150br3-s150to225br2-s225to300br3
/work/T-REX/external/Proteina-Complexa/inference/search_binder_local_pipeline_32_PDL1_ALPHA_REPACK_v7_r005_cand_v7r005_hyp_0005_00_001_a975a719abf41/job_0_n_214_id_52_fk_orig0_bm0-s0to75br3-s75to150br0-s150to225br3-s225to300br0/job_0_n_214_id_52_fk_orig0_bm0-s0to75br3-s75to150br0-s150to225br3-s225to300br0.pdb,208,"2,0,13,16,19,16,19,14,11,3,10,18,19,19,6,18,7,15,2,12,16,9,6,4,11,13,14,19,6,11,5,10,3,10,0,0,10,9,19,18,17,6,12,6,3,11,2,9,9,5,13,19,8,7,6,6,3,10,11,19,5,8,15,15,18,1,5,1,0,1,10,10,11,3,5,10,15,10,7,2,0,0,10,5,9,16,3,19,11,10,5,3,0,7,19,18,1,4,12,9,15,18,7,7,0,3,18,11,1,9,16,19,11,19,2,0,16,10,16,10,2,7,11,14,10,0,2,0,16,10,16,2,10,3,11,9,15,18,16,15,3,6,2,7,6,10,11,19,6,11,10,0,6,7,10,18,6,10,15,8,14,5,10,19,15,0,11,15,0,16,19,6,9,16,2,10,6,16,7,6,11,6,16,10,15,0,15,18,3,15,6,11,11,15,17,10,13,7,9,11,11,16,18,16,15,3,19,5,9,2,10,19,16,6,0,0,0,0,0,0,0,0,0,0,0,0,0,0,0,0,0,0",-0.20728908,0.068907164,3.0,0.46552896,41.10962,0.49484092,1.0,0.49484092,0.15579703,0.46552896,0.0,0.0,0.46552896,0.0031429918,0.91095334,0.15579703,1.8874756,1.4972982,41.10962,-0.20728908,2.7142947,181.10133,0.43621704,0.43621704,1.0,181.10133,0.7306004,0.08904667,1.8874756,0.0031429918,0.49484092,0.068907164,0.0,1.4972982,2.7142947,0.43621704,0.20728908,0.0,0.49484092,0.20728908,0.83246315,0.43621704,1.0,0.46552896,lookahead,fk_orig0_bm0-s0to75br3-s75to150br0-s150to225br3-s225to300br0
/work/T-REX/external/Proteina-Complexa/inference/search_binder_local_pipeline_32_PDL1_ALPHA_REPACK_v7_r005_cand_v7r005_hyp_0005_00_001_a975a719abf41/job_0_n_232_id_52_fk_orig1_bm3-s0to75br3-s75to150br3-s150to225br1-s225to300br0/job_0_n_232_id_52_fk_orig1_bm3-s0to75br3-s75to150br3-s150to225br1-s225to300br0.pdb,209,"2,0,13,16,19,16,19,14,11,3,10,18,19,19,6,18,7,15,2,12,16,9,6,4,11,13,14,19,6,11,5,10,3,10,0,0,10,9,19,18,17,6,12,6,3,11,2,9,9,5,13,19,8,7,6,6,3,10,11,19,5,8,15,15,18,1,5,1,0,1,10,10,11,3,5,10,15,10,7,2,0,0,10,5,9,16,3,19,11,10,5,3,0,7,19,18,1,4,12,9,15,18,7,7,0,3,18,11,1,9,16,19,11,19,2,0,0,13,16,19,16,19,14,11,3,10,18,19,19,6,18,7,15,2,12,16,9,6,4,11,13,14,19,6,11,5,10,3,10,0,0,10,9,19,18,17,6,12,6,3,11,2,9,9,5,13,19,8,7,6,6,3,10,11,19,5,8,15,15,18,1,5,1,0,1,10,10,11,3,5,10,15,10,7,2,0,0,10,5,9,16,3,19,11,10,5,3,0,7,19,18,1,4,12,9,15,18,7,7,0,3,18,11,1,9,16,19,11,19,2,0,14",-0.5345662,0.30503333,3.0,0.042110637,72.27325,0.045880336,1.0,0.045880336,0.31536385,0.0121183675,0.0,0.0,0.042110637,0.002146556,0.86116785,0.31536385,3.0573604,1.2872487,72.27325,-0.5345662,3.9242902,215.16727,0.011785185,0.038340937,1.0,215.16727,0.2574504,0.13883215,3.0573604,0.002146556,0.01245155,0.30503333,0.0,1.2872487,3.9242902,0.011785185,0.5345662,0.0,0.01245155,0.5345662,0.5823349,0.038340937,1.0,0.0121183675,lookahead,fk_orig1_bm3-s0to75br3-s75to150br3-s150to225br1-s225to300br0
/work/T-REX/external/Proteina-Complexa/inference/search_binder_local_pipeline_32_PDL1_ALPHA_REPACK_v7_r005_cand_v7r005_hyp_0005_00_001_a975a719abf41/job_0_n_196_id_52_fk_orig2_bm3-s0to75br2-s75to150br3-s150to225br0-s225to300br0/job_0_n_196_id_52_fk_orig2_bm3-s0to75br2-s75to150br3-s150to225br0-s225to300br0.pdb,210,"2,0,13,16,19,16,19,14,11,3,10,18,19,19,6,18,7,15,2,12,16,9,6,4,11,13,14,19,6,11,5,10,3,10,0,0,10,9,19,18,17,6,12,6,3,11,2,9,9,5,13,19,8,7,6,6,3,10,11,19,5,8,15,15,18,1,5,1,0,1,10,10,11,3,5,10,15,10,7,2,0,0,10,5,9,16,3,19,11,10,5,3,0,7,19,18,1,4,12,9,15,18,7,7,0,3,18,11,1,9,16,19,11,19,2,0,17,11,10,0,0,6,3,18,15,1,0,9,6,10,11,14,3,13,0,6,0,18,13,5,1,7,11,0,18,6,11,10,7,6,18,3,10,0,0,6,3,18,16,11,0,9,6,10,11,14,3,13,11,6,0,18,10,6,1,0,11,0,18,12,11,10,7,6,18,3,10,0,7,11,3,10,3,0,18,11,0,0,0,0,0,0,0,0,0,0,0,0,0,0,0,0,0,0,0,0,0,0,0,0,0,0,0,0,0,0,0,0,0,0,0,0",-0.18326488,0.060483348,3.0,0.5208918,31.446095,0.5753479,1.0,0.5753479,0.13434061,0.5208918,0.0,0.0,0.5208918,0.0019377143,0.9563469,0.13434061,2.0582316,1.2122327,31.446095,-0.18326488,2.8784683,141.47375,0.46643573,0.46643573,1.0,141.47375,0.7846582,0.043653067,2.0582316,0.0019377143,0.5753479,0.060483348,0.0,1.2122327,2.8784683,0.46643573,0.18326488,0.0,0.5753479,0.18326488,0.8575747,0.46643573,1.0,0.5208918,lookahead,fk_orig2_bm3-s0to75br2-s75to150br3-s150to225br0-s225to300br0
/work/T-REX/external/Proteina-Complexa/inference/search_binder_local_pipeline_32_PDL1_ALPHA_REPACK_v7_r005_cand_v7r005_hyp_0005_00_001_a975a719abf41/job_0_n_177_id_52_fk_orig3_bm1-s0to75br0-s75to150br3-s150to225br3-s225to300br0/job_0_n_177_id_52_fk_orig3_bm1-s0to75br0-s75to150br3-s150to225br3-s225to300br0.pdb,211,"2,0,13,16,19,16,19,14,11,3,10,18,19,19,6,18,7,15,2,12,16,9,6,4,11,13,14,19,6,11,5,10,3,10,0,0,10,9,19,18,17,6,12,6,3,11,2,9,9,5,13,19,8,7,6,6,3,10,11,19,5,8,15,15,18,1,5,1,0,1,10,10,11,3,5,10,15,10,7,2,0,0,10,5,9,16,3,19,11,10,5,3,0,7,19,18,1,4,12,9,15,18,7,7,0,3,18,11,1,9,16,19,11,19,2,0,15,7,19,2,9,12,7,1,16,10,10,11,6,3,1,14,3,6,0,6,8,10,13,1,11,0,10,11,3,11,3,6,15,14,6,19,10,2,2,10,0,19,0,10,6,0,10,7,1,6,3,6,0,6,11,19,1,5,1,0,10,0,0,0,0,0,0,0,0,0,0,0,0,0,0,0,0,0,0,0,0,0,0,0,0,0,0,0,0,0,0,0,0,0,0,0,0,0,0,0,0,0,0,0,0,0,0,0,0,0,0,0,0,0,0,0",-0.1509536,0.052236456,3.0,0.5875058,38.586853,0.65844816,1.0,0.65844816,0.12306562,0.5875058,0.0,0.0,0.5875058,0.0027581933,0.93998575,0.12306562,1.6790718,1.3367772,38.586853,-0.1509536,2.2230246,163.42047,0.51656353,0.51656353,1.0,163.42047,0.81369185,0.060014233,1.6790718,0.0027581933,0.65844816,0.052236456,0.0,1.3367772,2.2230246,0.51656353,0.1509536,0.0,0.65844816,0.1509536,0.877826,0.51656353,1.0,0.5875058,lookahead,fk_orig3_bm1-s0to75br0-s75to150br3-s150to225br3-s225to300br0
/work/T-REX/external/Proteina-Complexa/inference/search_binder_local_pipeline_32_PDL1_ALPHA_REPACK_v7_r005_cand_v7r005_hyp_0005_00_001_a975a719abf41/job_0_n_214_id_53_fk_orig0_bm0-s0to75br3-s75to150br0-s150to225br3-s225to300br1/job_0_n_214_id_53_fk_orig0_bm0-s0to75br3-s75to150br0-s150to225br3-s225to300br1.pdb,212,"2,0,13,16,19,16,19,14,11,3,10,18,19,19,6,18,7,15,2,12,16,9,6,4,11,13,14,19,6,11,5,10,3,10,0,0,10,9,19,18,17,6,12,6,3,11,2,9,9,5,13,19,8,7,6,6,3,10,11,19,5,8,15,15,18,1,5,1,0,1,10,10,11,3,5,10,15,10,7,2,0,0,10,5,9,16,3,19,11,10,5,3,0,7,19,18,1,4,12,9,15,18,7,7,0,3,18,11,1,9,16,19,11,19,2,0,16,10,16,10,2,7,11,14,10,0,2,0,16,10,16,2,10,3,11,16,15,18,16,15,3,6,2,7,6,10,11,19,6,11,10,0,5,7,10,18,6,10,15,8,14,5,10,19,15,0,11,15,0,16,19,6,9,16,2,10,6,16,7,6,11,6,16,10,15,0,15,18,3,15,6,11,11,15,17,10,13,7,9,11,11,16,18,16,15,3,19,5,9,2,10,19,16,6,0,0,0,0,0,0,0,0,0,0,0,0,0,0,0,0,0,0",-0.20121525,0.06238406,3.0,0.4957837,42.000267,0.5254745,1.0,0.5254745,0.15456258,0.4957837,0.0,0.0,0.4957837,0.0034290734,0.906856,0.15456258,2.33453,1.5231239,42.000267,-0.20121525,2.6528878,186.26433,0.46609285,0.46609285,1.0,186.26433,0.7468263,0.09314401,2.33453,0.0034290734,0.5254745,0.06238406,0.0,1.5231239,2.6528878,0.46609285,0.20121525,0.0,0.5254745,0.20121525,0.83943045,0.46609285,1.0,0.4957837,lookahead,fk_orig0_bm0-s0to75br3-s75to150br0-s150to225br3-s225to300br1
/work/T-REX/external/Proteina-Complexa/inference/search_binder_local_pipeline_32_PDL1_ALPHA_REPACK_v7_r005_cand_v7r005_hyp_0005_00_001_a975a719abf41/job_0_n_232_id_53_fk_orig1_bm3-s0to75br3-s75to150br3-s150to225br1-s225to300br1/job_0_n_232_id_53_fk_orig1_bm3-s0to75br3-s75to150br3-s150to225br1-s225to300br1.pdb,213,"2,0,13,16,19,16,19,14,11,3,10,18,19,19,6,18,7,15,2,12,16,9,6,4,11,13,14,19,6,11,5,10,3,10,0,0,10,9,19,18,17,6,12,6,3,11,2,9,9,5,13,19,8,7,6,6,3,10,11,19,5,8,15,15,18,1,5,1,0,1,10,10,11,3,5,10,15,10,7,2,0,0,10,5,9,16,3,19,11,10,5,3,0,7,19,18,1,4,12,9,15,18,7,7,0,3,18,11,1,9,16,19,11,19,2,0,0,13,16,19,16,19,14,11,3,10,18,19,19,6,18,7,15,2,12,16,9,6,4,11,13,14,19,6,11,5,10,3,10,0,0,10,9,19,18,17,6,12,6,3,11,2,9,9,5,13,19,8,7,6,6,3,10,11,19,5,8,15,15,18,1,5,1,0,1,10,10,11,3,5,10,15,10,7,2,0,0,10,5,9,16,3,19,11,10,5,3,0,7,19,18,1,4,12,9,15,18,7,7,0,3,18,11,1,9,16,19,11,19,2,0,14",-0.5282723,0.2995545,3.0,0.045259766,73.894844,0.048590206,1.0,0.048590206,0.31186113,0.012274919,0.0,0.0,0.045259766,0.002121721,0.8615546,0.31186113,3.0416641,1.2828794,73.894844,-0.5282723,3.9058735,212.05017,0.012074391,0.04192933,1.0,212.05017,0.2612677,0.13844536,3.0416641,0.002121721,0.012475448,0.2995545,0.0,1.2828794,3.9058735,0.012074391,0.5282723,0.0,0.012475448,0.5282723,0.58520645,0.04192933,1.0,0.012274919,lookahead,fk_orig1_bm3-s0to75br3-s75to150br3-s150to225br1-s225to300br1
/work/T-REX/external/Proteina-Complexa/inference/search_binder_local_pipeline_32_PDL1_ALPHA_REPACK_v7_r005_cand_v7r005_hyp_0005_00_001_a975a719abf41/job_0_n_196_id_53_fk_orig2_bm3-s0to75br2-s75to150br3-s150to225br0-s225to300br1/job_0_n_196_id_53_fk_orig2_bm3-s0to75br2-s75to150br3-s150to225br0-s225to300br1.pdb,214,"2,0,13,16,19,16,19,14,11,3,10,18,19,19,6,18,7,15,2,12,16,9,6,4,11,13,14,19,6,11,5,10,3,10,0,0,10,9,19,18,17,6,12,6,3,11,2,9,9,5,13,19,8,7,6,6,3,10,11,19,5,8,15,15,18,1,5,1,0,1,10,10,11,3,5,10,15,10,7,2,0,0,10,5,9,16,3,19,11,10,5,3,0,7,19,18,1,4,12,9,15,18,7,7,0,3,18,11,1,9,16,19,11,19,2,0,17,11,10,0,0,6,3,18,15,1,0,9,6,10,11,14,3,13,0,6,0,18,13,5,1,7,11,0,18,6,11,10,7,6,18,3,10,0,0,6,3,18,16,11,0,9,6,10,11,14,3,13,11,6,0,18,10,6,1,0,11,0,18,12,11,10,7,6,18,3,10,0,7,11,3,10,3,0,18,11,0,0,0,0,0,0,0,0,0,0,0,0,0,0,0,0,0,0,0,0,0,0,0,0,0,0,0,0,0,0,0,0,0,0,0,0",-0.18168023,0.05959029,3.0,0.5269339,34.86518,0.58057123,1.0,0.58057123,0.13335288,0.5269339,0.0,0.0,0.5269339,0.0018874727,0.9566401,0.13335288,2.053231,1.2116503,34.86518,-0.18168023,2.8772252,138.4598,0.47329664,0.47329664,1.0,138.4598,0.7865107,0.04335986,2.053231,0.0018874727,0.58057123,0.05959029,0.0,1.2116503,2.8772252,0.47329664,0.18168023,0.0,0.58057123,0.18168023,0.8578518,0.47329664,1.0,0.5269339,lookahead,fk_orig2_bm3-s0to75br2-s75to150br3-s150to225br0-s225to300br1
/work/T-REX/external/Proteina-Complexa/inference/search_binder_local_pipeline_32_PDL1_ALPHA_REPACK_v7_r005_cand_v7r005_hyp_0005_00_001_a975a719abf41/job_0_n_177_id_53_fk_orig3_bm1-s0to75br0-s75to150br3-s150to225br3-s225to300br1/job_0_n_177_id_53_fk_orig3_bm1-s0to75br0-s75to150br3-s150to225br3-s225to300br1.pdb,215,"2,0,13,16,19,16,19,14,11,3,10,18,19,19,6,18,7,15,2,12,16,9,6,4,11,13,14,19,6,11,5,10,3,10,0,0,10,9,19,18,17,6,12,6,3,11,2,9,9,5,13,19,8,7,6,6,3,10,11,19,5,8,15,15,18,1,5,1,0,1,10,10,11,3,5,10,15,10,7,2,0,0,10,5,9,16,3,19,11,10,5,3,0,7,19,18,1,4,12,9,15,18,7,7,0,3,18,11,1,9,16,19,11,19,2,0,15,7,19,2,9,12,7,1,16,10,10,11,6,3,1,14,3,6,0,6,8,10,13,1,11,0,10,11,3,11,3,6,15,14,6,19,10,2,2,10,0,19,0,10,6,0,10,7,1,6,3,6,0,6,11,19,1,5,1,0,10,0,0,0,0,0,0,0,0,0,0,0,0,0,0,0,0,0,0,0,0,0,0,0,0,0,0,0,0,0,0,0,0,0,0,0,0,0,0,0,0,0,0,0,0,0,0,0,0,0,0,0,0,0,0,0",-0.15064688,0.051525597,3.0,0.5897529,41.431915,0.65966606,1.0,0.65966606,0.12289854,0.5897529,0.0,0.0,0.5897529,0.0028337887,0.9400722,0.12289854,1.735144,1.3377444,41.431915,-0.15064688,2.2179759,164.89204,0.51983976,0.51983976,1.0,164.89204,0.8150688,0.059927825,1.735144,0.0028337887,0.65966606,0.051525597,0.0,1.3377444,2.2179759,0.51983976,0.15064688,0.0,0.65966606,0.15064688,0.8779797,0.51983976,1.0,0.5897529,lookahead,fk_orig3_bm1-s0to75br0-s75to150br3-s150to225br3-s225to300br1
/work/T-REX/external/Proteina-Complexa/inference/search_binder_local_pipeline_32_PDL1_ALPHA_REPACK_v7_r005_cand_v7r005_hyp_0005_00_001_a975a719abf41/job_0_n_214_id_54_fk_orig0_bm0-s0to75br3-s75to150br0-s150to225br3-s225to300br2/job_0_n_214_id_54_fk_orig0_bm0-s0to75br3-s75to150br0-s150to225br3-s225to300br2.pdb,216,"2,0,13,16,19,16,19,14,11,3,10,18,19,19,6,18,7,15,2,12,16,9,6,4,11,13,14,19,6,11,5,10,3,10,0,0,10,9,19,18,17,6,12,6,3,11,2,9,9,5,13,19,8,7,6,6,3,10,11,19,5,8,15,15,18,1,5,1,0,1,10,10,11,3,5,10,15,10,7,2,0,0,10,5,9,16,3,19,11,10,5,3,0,7,19,18,1,4,12,9,15,18,7,7,0,3,18,11,1,9,16,19,11,19,2,0,16,10,16,10,2,7,11,14,10,0,2,0,16,10,16,2,10,3,11,9,15,18,16,15,3,6,2,7,6,10,11,19,6,11,10,0,5,7,10,18,6,10,15,8,14,5,10,19,15,0,11,15,0,16,19,6,9,16,2,10,6,16,7,6,11,6,16,10,15,0,15,18,3,15,6,11,11,15,17,10,13,7,9,11,11,16,18,16,15,3,19,5,9,2,10,19,16,6,0,0,0,0,0,0,0,0,0,0,0,0,0,0,0,0,0,0",-0.19733009,0.064700864,3.0,0.5009144,41.637424,0.53336996,1.0,0.53336996,0.15005882,0.5009144,0.0,0.0,0.5009144,0.0031075168,0.91390216,0.15005882,2.097337,1.4812033,41.637424,-0.19733009,2.6314802,179.84357,0.46845883,0.46845883,1.0,179.84357,0.75212806,0.08609783,2.097337,0.0031075168,0.53336996,0.064700864,0.0,1.4812033,2.6314802,0.46845883,0.19733009,0.0,0.53336996,0.19733009,0.8427365,0.46845883,1.0,0.5009144,lookahead,fk_orig0_bm0-s0to75br3-s75to150br0-s150to225br3-s225to300br2
/work/T-REX/external/Proteina-Complexa/inference/search_binder_local_pipeline_32_PDL1_ALPHA_REPACK_v7_r005_cand_v7r005_hyp_0005_00_001_a975a719abf41/job_0_n_232_id_54_fk_orig1_bm3-s0to75br3-s75to150br3-s150to225br1-s225to300br2/job_0_n_232_id_54_fk_orig1_bm3-s0to75br3-s75to150br3-s150to225br1-s225to300br2.pdb,217,"2,0,13,16,19,16,19,14,11,3,10,18,19,19,6,18,7,15,2,12,16,9,6,4,11,13,14,19,6,11,5,10,3,10,0,0,10,9,19,18,17,6,12,6,3,11,2,9,9,5,13,19,8,7,6,6,3,10,11,19,5,8,15,15,18,1,5,1,0,1,10,10,11,3,5,10,15,10,7,2,0,0,10,5,9,16,3,19,11,10,5,3,0,7,19,18,1,4,12,9,15,18,7,7,0,3,18,11,1,9,16,19,11,19,2,0,0,13,16,19,16,19,14,11,3,10,18,19,19,6,18,7,15,2,12,16,9,6,4,11,13,14,19,6,11,5,10,3,10,0,0,10,9,19,18,17,6,12,6,3,11,2,9,9,5,13,19,8,7,6,6,3,10,11,19,5,8,15,15,18,1,5,1,0,1,10,10,11,3,5,10,15,10,7,2,0,0,10,5,9,16,3,19,11,10,5,3,0,7,19,18,1,4,12,9,15,18,7,7,0,3,18,11,1,9,16,19,11,19,2,0,14",-0.53162336,0.30028927,3.0,0.043794498,72.19827,0.046458844,1.0,0.046458844,0.31354868,0.012199575,0.0,0.0,0.043794498,0.0021712184,0.86195916,0.31354868,3.116347,1.282247,72.19827,-0.53162336,3.9137862,212.2464,0.011985239,0.041130148,1.0,212.2464,0.25921977,0.13804086,3.116347,0.0021712184,0.012413912,0.30028927,0.0,1.282247,3.9137862,0.011985239,0.53162336,0.0,0.012413912,0.53162336,0.583956,0.041130148,1.0,0.012199575,lookahead,fk_orig1_bm3-s0to75br3-s75to150br3-s150to225br1-s225to300br2
/work/T-REX/external/Proteina-Complexa/inference/search_binder_local_pipeline_32_PDL1_ALPHA_REPACK_v7_r005_cand_v7r005_hyp_0005_00_001_a975a719abf41/job_0_n_196_id_54_fk_orig2_bm3-s0to75br2-s75to150br3-s150to225br0-s225to300br2/job_0_n_196_id_54_fk_orig2_bm3-s0to75br2-s75to150br3-s150to225br0-s225to300br2.pdb,218,"2,0,13,16,19,16,19,14,11,3,10,18,19,19,6,18,7,15,2,12,16,9,6,4,11,13,14,19,6,11,5,10,3,10,0,0,10,9,19,18,17,6,12,6,3,11,2,9,9,5,13,19,8,7,6,6,3,10,11,19,5,8,15,15,18,1,5,1,0,1,10,10,11,3,5,10,15,10,7,2,0,0,10,5,9,16,3,19,11,10,5,3,0,7,19,18,1,4,12,9,15,18,7,7,0,3,18,11,1,9,16,19,11,19,2,0,17,11,10,0,0,6,3,18,15,1,0,9,6,10,11,14,3,13,0,6,0,18,13,5,1,7,11,0,18,6,11,10,7,6,18,3,10,0,0,6,3,18,16,11,0,9,6,10,11,14,3,13,11,6,0,18,10,6,1,0,11,0,18,12,11,10,7,6,18,3,10,0,7,11,3,10,3,0,18,11,0,0,0,0,0,0,0,0,0,0,0,0,0,0,0,0,0,0,0,0,0,0,0,0,0,0,0,0,0,0,0,0,0,0,0,0",-0.18131569,0.058726646,3.0,0.52843136,34.271538,0.5833568,1.0,0.5833568,0.13303824,0.52843136,0.0,0.0,0.52843136,0.0018665105,0.9568998,0.13303824,1.9870008,1.2098291,34.271538,-0.18131569,2.8792322,137.3757,0.47350588,0.47350588,1.0,137.3757,0.7873347,0.04310016,1.9870008,0.0018665105,0.5833568,0.058726646,0.0,1.2098291,2.8792322,0.47350588,0.18131569,0.0,0.5833568,0.18131569,0.8584558,0.47350588,1.0,0.52843136,lookahead,fk_orig2_bm3-s0to75br2-s75to150br3-s150to225br0-s225to300br2
/work/T-REX/external/Proteina-Complexa/inference/search_binder_local_pipeline_32_PDL1_ALPHA_REPACK_v7_r005_cand_v7r005_hyp_0005_00_001_a975a719abf41/job_0_n_177_id_54_fk_orig3_bm1-s0to75br0-s75to150br3-s150to225br3-s225to300br2/job_0_n_177_id_54_fk_orig3_bm1-s0to75br0-s75to150br3-s150to225br3-s225to300br2.pdb,219,"2,0,13,16,19,16,19,14,11,3,10,18,19,19,6,18,7,15,2,12,16,9,6,4,11,13,14,19,6,11,5,10,3,10,0,0,10,9,19,18,17,6,12,6,3,11,2,9,9,5,13,19,8,7,6,6,3,10,11,19,5,8,15,15,18,1,5,1,0,1,10,10,11,3,5,10,15,10,7,2,0,0,10,5,9,16,3,19,11,10,5,3,0,7,19,18,1,4,12,9,15,18,7,7,0,3,18,11,1,9,16,19,11,19,2,0,15,7,19,2,9,12,7,1,16,10,10,11,6,3,1,14,3,6,0,6,8,10,13,1,11,0,10,11,3,11,3,6,15,14,6,19,10,2,2,10,0,19,0,10,6,0,10,7,1,6,3,6,0,6,11,19,1,5,1,0,10,0,0,0,0,0,0,0,0,0,0,0,0,0,0,0,0,0,0,0,0,0,0,0,0,0,0,0,0,0,0,0,0,0,0,0,0,0,0,0,0,0,0,0,0,0,0,0,0,0,0,0,0,0,0,0",-0.15100585,0.05160318,3.0,0.58760166,43.953663,0.6585104,1.0,0.6585104,0.123030335,0.58760166,0.0,0.0,0.58760166,0.0027153122,0.94029534,0.123030335,1.6940712,1.3353761,43.953663,-0.15100585,2.2197042,168.26167,0.5166929,0.5166929,1.0,168.26167,0.8137901,0.059704635,1.6940712,0.0027153122,0.6585104,0.05160318,0.0,1.3353761,2.2197042,0.5166929,0.15100585,0.0,0.6585104,0.15100585,0.8774115,0.5166929,1.0,0.58760166,lookahead,fk_orig3_bm1-s0to75br0-s75to150br3-s150to225br3-s225to300br2
/work/T-REX/external/Proteina-Complexa/inference/search_binder_local_pipeline_32_PDL1_ALPHA_REPACK_v7_r005_cand_v7r005_hyp_0005_00_001_a975a719abf41/job_0_n_214_id_55_fk_orig0_bm0-s0to75br3-s75to150br0-s150to225br3-s225to300br3/job_0_n_214_id_55_fk_orig0_bm0-s0to75br3-s75to150br0-s150to225br3-s225to300br3.pdb,220,"2,0,13,16,19,16,19,14,11,3,10,18,19,19,6,18,7,15,2,12,16,9,6,4,11,13,14,19,6,11,5,10,3,10,0,0,10,9,19,18,17,6,12,6,3,11,2,9,9,5,13,19,8,7,6,6,3,10,11,19,5,8,15,15,18,1,5,1,0,1,10,10,11,3,5,10,15,10,7,2,0,0,10,5,9,16,3,19,11,10,5,3,0,7,19,18,1,4,12,9,15,18,7,7,0,3,18,11,1,9,16,19,11,19,2,0,16,10,16,10,2,7,11,14,10,0,2,0,16,10,16,2,10,3,11,16,15,18,16,15,3,6,2,7,6,10,11,19,6,11,10,0,6,7,10,18,6,10,15,8,14,5,10,19,15,0,11,15,0,16,19,6,9,16,2,10,6,16,7,6,11,6,16,10,15,0,15,18,3,15,6,11,11,15,17,10,13,7,9,11,11,16,18,16,15,3,19,5,9,2,10,19,16,6,0,0,0,0,0,0,0,0,0,0,0,0,0,0,0,0,0,0",-0.2103628,0.06830949,3.0,0.46708852,41.3241,0.492444,1.0,0.492444,0.16072324,0.46708852,0.0,0.0,0.46708852,0.003549585,0.9001357,0.16072324,2.0072489,1.552814,41.3241,-0.2103628,2.7154994,185.93036,0.44173306,0.44173306,1.0,185.93036,0.7298296,0.099864304,2.0072489,0.003549585,0.492444,0.06830949,0.0,1.552814,2.7154994,0.44173306,0.2103628,0.0,0.492444,0.2103628,0.8312183,0.44173306,1.0,0.46708852,lookahead,fk_orig0_bm0-s0to75br3-s75to150br0-s150to225br3-s225to300br3
/work/T-REX/external/Proteina-Complexa/inference/search_binder_local_pipeline_32_PDL1_ALPHA_REPACK_v7_r005_cand_v7r005_hyp_0005_00_001_a975a719abf41/job_0_n_232_id_55_fk_orig1_bm3-s0to75br3-s75to150br3-s150to225br1-s225to300br3/job_0_n_232_id_55_fk_orig1_bm3-s0to75br3-s75to150br3-s150to225br1-s225to300br3.pdb,221,"2,0,13,16,19,16,19,14,11,3,10,18,19,19,6,18,7,15,2,12,16,9,6,4,11,13,14,19,6,11,5,10,3,10,0,0,10,9,19,18,17,6,12,6,3,11,2,9,9,5,13,19,8,7,6,6,3,10,11,19,5,8,15,15,18,1,5,1,0,1,10,10,11,3,5,10,15,10,7,2,0,0,10,5,9,16,3,19,11,10,5,3,0,7,19,18,1,4,12,9,15,18,7,7,0,3,18,11,1,9,16,19,11,19,2,0,0,13,16,19,16,19,14,11,3,10,18,19,19,6,18,7,15,2,12,16,9,6,4,11,13,14,19,6,11,5,10,3,10,0,0,10,9,19,18,17,6,12,6,3,11,2,9,9,5,13,19,8,7,6,6,3,10,11,19,5,8,15,15,18,1,5,1,0,1,10,10,11,3,5,10,15,10,7,2,0,0,10,5,9,16,3,19,11,10,5,3,0,7,19,18,1,4,12,9,15,18,7,7,0,3,18,11,1,9,16,19,11,19,2,0,14",-0.5247297,0.29542843,3.0,0.047674544,72.5758,0.04946042,1.0,0.04946042,0.30996227,0.012400636,0.0,0.0,0.047674544,0.0021409073,0.8617265,0.30996227,2.9502065,1.2793496,72.5758,-0.5247297,3.899495,215.3622,0.012034106,0.04588867,1.0,215.3622,0.2625462,0.13827345,2.9502065,0.0021409073,0.012767167,0.29542843,0.0,1.2793496,3.899495,0.012034106,0.5247297,0.0,0.012767167,0.5247297,0.5860026,0.04588867,1.0,0.012400636,lookahead,fk_orig1_bm3-s0to75br3-s75to150br3-s150to225br1-s225to300br3
/work/T-REX/external/Proteina-Complexa/inference/search_binder_local_pipeline_32_PDL1_ALPHA_REPACK_v7_r005_cand_v7r005_hyp_0005_00_001_a975a719abf41/job_0_n_196_id_55_fk_orig2_bm3-s0to75br2-s75to150br3-s150to225br0-s225to300br3/job_0_n_196_id_55_fk_orig2_bm3-s0to75br2-s75to150br3-s150to225br0-s225to300br3.pdb,222,"2,0,13,16,19,16,19,14,11,3,10,18,19,19,6,18,7,15,2,12,16,9,6,4,11,13,14,19,6,11,5,10,3,10,0,0,10,9,19,18,17,6,12,6,3,11,2,9,9,5,13,19,8,7,6,6,3,10,11,19,5,8,15,15,18,1,5,1,0,1,10,10,11,3,5,10,15,10,7,2,0,0,10,5,9,16,3,19,11,10,5,3,0,7,19,18,1,4,12,9,15,18,7,7,0,3,18,11,1,9,16,19,11,19,2,0,17,11,10,0,0,6,3,18,15,1,0,9,6,10,11,14,3,13,0,6,0,18,13,5,1,7,11,0,18,6,11,10,7,6,18,3,10,0,0,6,3,18,16,11,0,9,6,10,11,14,3,13,11,6,0,18,10,6,1,0,11,0,18,12,11,10,7,6,18,3,10,0,7,11,3,10,3,0,18,11,0,0,0,0,0,0,0,0,0,0,0,0,0,0,0,0,0,0,0,0,0,0,0,0,0,0,0,0,0,0,0,0,0,0,0,0",-0.17997797,0.058091104,3.0,0.5334308,35.73265,0.58828026,1.0,0.58828026,0.13232493,0.5334308,0.0,0.0,0.5334308,0.0019007728,0.95703065,0.13232493,2.0377312,1.2109761,35.73265,-0.17997797,2.8714695,136.96826,0.47858134,0.47858134,1.0,136.96826,0.7889353,0.042969346,2.0377312,0.0019007728,0.58828026,0.058091104,0.0,1.2109761,2.8714695,0.47858134,0.17997797,0.0,0.58828026,0.17997797,0.85949755,0.47858134,1.0,0.5334308,lookahead,fk_orig2_bm3-s0to75br2-s75to150br3-s150to225br0-s225to300br3
/work/T-REX/external/Proteina-Complexa/inference/search_binder_local_pipeline_32_PDL1_ALPHA_REPACK_v7_r005_cand_v7r005_hyp_0005_00_001_a975a719abf41/job_0_n_177_id_55_fk_orig3_bm1-s0to75br0-s75to150br3-s150to225br3-s225to300br3/job_0_n_177_id_55_fk_orig3_bm1-s0to75br0-s75to150br3-s150to225br3-s225to300br3.pdb,223,"2,0,13,16,19,16,19,14,11,3,10,18,19,19,6,18,7,15,2,12,16,9,6,4,11,13,14,19,6,11,5,10,3,10,0,0,10,9,19,18,17,6,12,6,3,11,2,9,9,5,13,19,8,7,6,6,3,10,11,19,5,8,15,15,18,1,5,1,0,1,10,10,11,3,5,10,15,10,7,2,0,0,10,5,9,16,3,19,11,10,5,3,0,7,19,18,1,4,12,9,15,18,7,7,0,3,18,11,1,9,16,19,11,19,2,0,15,7,19,2,9,12,7,1,16,10,10,11,6,3,1,14,3,6,0,6,8,10,13,1,11,0,10,11,3,11,3,6,15,14,6,19,10,2,2,10,0,19,0,10,6,0,10,7,1,6,3,6,0,6,11,19,1,5,1,0,10,0,0,0,0,0,0,0,0,0,0,0,0,0,0,0,0,0,0,0,0,0,0,0,0,0,0,0,0,0,0,0,0,0,0,0,0,0,0,0,0,0,0,0,0,0,0,0,0,0,0,0,0,0,0,0",-0.15079618,0.051893704,3.0,0.5883155,38.571194,0.6593482,1.0,0.6593482,0.12285921,0.5883155,0.0,0.0,0.5883155,0.002741254,0.94045675,0.12285921,1.669008,1.3350813,38.571194,-0.15079618,2.221886,162.63695,0.5172828,0.5172828,1.0,162.63695,0.81383646,0.05954324,1.669008,0.002741254,0.6593482,0.051893704,0.0,1.3350813,2.221886,0.5172828,0.15079618,0.0,0.6593482,0.15079618,0.87793636,0.5172828,1.0,0.5883155,lookahead,fk_orig3_bm1-s0to75br0-s75to150br3-s150to225br3-s225to300br3
/work/T-REX/external/Proteina-Complexa/inference/search_binder_local_pipeline_32_PDL1_ALPHA_REPACK_v7_r005_cand_v7r005_hyp_0005_00_001_a975a719abf41/job_0_n_214_id_56_fk_orig0_bm0-s0to75br3-s75to150br2-s150to225br2-s225to300br0/job_0_n_214_id_56_fk_orig0_bm0-s0to75br3-s75to150br2-s150to225br2-s225to300br0.pdb,224,"2,0,13,16,19,16,19,14,11,3,10,18,19,19,6,18,7,15,2,12,16,9,6,4,11,13,14,19,6,11,5,10,3,10,0,0,10,9,19,18,17,6,12,6,3,11,2,9,9,5,13,19,8,7,6,6,3,10,11,19,5,8,15,15,18,1,5,1,0,1,10,10,11,3,5,10,15,10,7,2,0,0,10,5,9,16,3,19,11,10,5,3,0,7,19,18,1,4,12,9,15,18,7,7,0,3,18,11,1,9,16,19,11,19,2,0,11,9,11,19,2,7,19,3,5,14,3,0,9,9,9,15,14,15,11,11,11,18,16,0,3,15,5,7,1,19,16,9,16,3,11,15,0,7,13,18,9,9,11,2,10,11,9,12,14,16,15,14,19,11,19,6,10,11,2,3,11,7,6,9,10,11,16,9,3,0,7,19,3,10,11,2,11,6,19,9,13,7,10,16,6,10,14,6,2,16,0,6,9,2,9,19,19,14,0,0,0,0,0,0,0,0,0,0,0,0,0,0,0,0,0,0",-0.21306066,0.07995211,3.0,0.41090637,54.064648,0.4313074,1.0,0.4313074,0.1539871,0.41090637,0.0,0.0,0.41090637,0.0020132929,0.91992044,0.1539871,3.4958448,1.3968518,54.064648,-0.21306066,2.761832,208.56023,0.39050537,0.39050537,1.0,208.56023,0.71549153,0.080079585,3.4958448,0.0020132929,0.4313074,0.07995211,0.0,1.3968518,2.761832,0.39050537,0.21306066,0.0,0.4313074,0.21306066,0.82819057,0.39050537,1.0,0.41090637,lookahead,fk_orig0_bm0-s0to75br3-s75to150br2-s150to225br2-s225to300br0
/work/T-REX/external/Proteina-Complexa/inference/search_binder_local_pipeline_32_PDL1_ALPHA_REPACK_v7_r005_cand_v7r005_hyp_0005_00_001_a975a719abf41/job_0_n_232_id_56_fk_orig1_bm3-s0to75br0-s75to150br0-s150to225br2-s225to300br0/job_0_n_232_id_56_fk_orig1_bm3-s0to75br0-s75to150br0-s150to225br2-s225to300br0.pdb,225,"2,0,13,16,19,16,19,14,11,3,10,18,19,19,6,18,7,15,2,12,16,9,6,4,11,13,14,19,6,11,5,10,3,10,0,0,10,9,19,18,17,6,12,6,3,11,2,9,9,5,13,19,8,7,6,6,3,10,11,19,5,8,15,15,18,1,5,1,0,1,10,10,11,3,5,10,15,10,7,2,0,0,10,5,9,16,3,19,11,10,5,3,0,7,19,18,1,4,12,9,15,18,7,7,0,3,18,11,1,9,16,19,11,19,2,0,0,13,16,19,16,19,14,11,3,10,18,19,19,6,18,7,15,2,12,16,9,6,4,11,13,14,19,6,11,5,10,3,10,0,0,10,9,19,18,17,6,12,6,3,11,2,9,9,5,13,19,8,7,6,6,3,10,11,19,5,8,15,15,18,1,5,1,0,1,10,10,11,3,5,10,15,10,7,2,0,0,10,5,9,16,3,19,11,10,5,3,0,7,19,18,1,4,12,9,15,18,7,7,0,3,18,11,1,9,16,19,11,19,2,0,14",-0.53005177,0.2990602,3.0,0.04450016,73.704994,0.047447056,1.0,0.047447056,0.31281686,0.012327602,0.0,0.0,0.04450016,0.0021267575,0.8616972,0.31281686,3.0829682,1.282318,73.704994,-0.53005177,3.9148912,216.37103,0.0121551575,0.041553266,1.0,216.37103,0.2605977,0.1383028,3.0829682,0.0021267575,0.012500048,0.2990602,0.0,1.282318,3.9148912,0.0121551575,0.53005177,0.0,0.012500048,0.53005177,0.58507866,0.041553266,1.0,0.012327602,lookahead,fk_orig1_bm3-s0to75br0-s75to150br0-s150to225br2-s225to300br0
/work/T-REX/external/Proteina-Complexa/inference/search_binder_local_pipeline_32_PDL1_ALPHA_REPACK_v7_r005_cand_v7r005_hyp_0005_00_001_a975a719abf41/job_0_n_196_id_56_fk_orig2_bm3-s0to75br2-s75to150br3-s150to225br0-s225to300br0/job_0_n_196_id_56_fk_orig2_bm3-s0to75br2-s75to150br3-s150to225br0-s225to300br0.pdb,226,"2,0,13,16,19,16,19,14,11,3,10,18,19,19,6,18,7,15,2,12,16,9,6,4,11,13,14,19,6,11,5,10,3,10,0,0,10,9,19,18,17,6,12,6,3,11,2,9,9,5,13,19,8,7,6,6,3,10,11,19,5,8,15,15,18,1,5,1,0,1,10,10,11,3,5,10,15,10,7,2,0,0,10,5,9,16,3,19,11,10,5,3,0,7,19,18,1,4,12,9,15,18,7,7,0,3,18,11,1,9,16,19,11,19,2,0,13,3,10,0,19,6,3,18,15,1,0,9,6,10,11,14,3,13,0,6,0,18,13,5,1,7,11,0,18,13,15,10,11,6,18,3,10,0,9,6,3,18,16,5,0,9,6,10,11,14,3,13,11,6,0,18,10,6,1,0,11,0,18,12,6,10,7,6,18,3,10,0,7,11,3,10,3,0,18,11,0,0,0,0,0,0,0,0,0,0,0,0,0,0,0,0,0,0,0,0,0,0,0,0,0,0,0,0,0,0,0,0,0,0,0,0",-0.19630605,0.059337296,3.0,0.5154219,37.791584,0.57936466,1.0,0.57936466,0.14908645,0.5154219,0.0,0.0,0.5154219,0.0064437166,0.94294816,0.14908645,1.7405167,1.2843462,37.791584,-0.19630605,2.8581223,129.82736,0.45147917,0.45147917,1.0,129.82736,0.78809524,0.057051864,1.7405167,0.0064437166,0.57936466,0.059337296,0.0,1.2843462,2.8581223,0.45147917,0.19630605,0.0,0.57936466,0.19630605,0.8538542,0.45147917,1.0,0.5154219,lookahead,fk_orig2_bm3-s0to75br2-s75to150br3-s150to225br0-s225to300br0
/work/T-REX/external/Proteina-Complexa/inference/search_binder_local_pipeline_32_PDL1_ALPHA_REPACK_v7_r005_cand_v7r005_hyp_0005_00_001_a975a719abf41/job_0_n_177_id_56_fk_orig3_bm1-s0to75br0-s75to150br3-s150to225br0-s225to300br0/job_0_n_177_id_56_fk_orig3_bm1-s0to75br0-s75to150br3-s150to225br0-s225to300br0.pdb,227,"2,0,13,16,19,16,19,14,11,3,10,18,19,19,6,18,7,15,2,12,16,9,6,4,11,13,14,19,6,11,5,10,3,10,0,0,10,9,19,18,17,6,12,6,3,11,2,9,9,5,13,19,8,7,6,6,3,10,11,19,5,8,15,15,18,1,5,1,0,1,10,10,11,3,5,10,15,10,7,2,0,0,10,5,9,16,3,19,11,10,5,3,0,7,19,18,1,4,12,9,15,18,7,7,0,3,18,11,1,9,16,19,11,19,2,0,15,7,19,2,10,12,7,1,16,10,10,11,6,2,1,14,0,6,0,6,8,10,18,1,11,0,10,11,3,11,6,6,15,14,6,10,10,2,3,10,0,9,0,10,6,2,10,7,1,6,3,6,0,6,11,19,1,5,1,0,10,0,0,0,0,0,0,0,0,0,0,0,0,0,0,0,0,0,0,0,0,0,0,0,0,0,0,0,0,0,0,0,0,0,0,0,0,0,0,0,0,0,0,0,0,0,0,0,0,0,0,0,0,0,0,0",-0.13924329,0.043994043,3.0,0.64651924,33.086205,0.7217675,1.0,0.7217675,0.11420064,0.64651924,0.0,0.0,0.64651924,0.002111873,0.94857657,0.11420064,2.1053133,1.2919333,33.086205,-0.13924329,2.1061296,154.53482,0.571271,0.571271,1.0,154.53482,0.83611596,0.05142342,2.1053133,0.002111873,0.7217675,0.043994043,0.0,1.2919333,2.1061296,0.571271,0.13924329,0.0,0.7217675,0.13924329,0.8842418,0.571271,1.0,0.64651924,lookahead,fk_orig3_bm1-s0to75br0-s75to150br3-s150to225br0-s225to300br0
/work/T-REX/external/Proteina-Complexa/inference/search_binder_local_pipeline_32_PDL1_ALPHA_REPACK_v7_r005_cand_v7r005_hyp_0005_00_001_a975a719abf41/job_0_n_214_id_57_fk_orig0_bm0-s0to75br3-s75to150br2-s150to225br2-s225to300br1/job_0_n_214_id_57_fk_orig0_bm0-s0to75br3-s75to150br2-s150to225br2-s225to300br1.pdb,228,"2,0,13,16,19,16,19,14,11,3,10,18,19,19,6,18,7,15,2,12,16,9,6,4,11,13,14,19,6,11,5,10,3,10,0,0,10,9,19,18,17,6,12,6,3,11,2,9,9,5,13,19,8,7,6,6,3,10,11,19,5,8,15,15,18,1,5,1,0,1,10,10,11,3,5,10,15,10,7,2,0,0,10,5,9,16,3,19,11,10,5,3,0,7,19,18,1,4,12,9,15,18,7,7,0,3,18,11,1,9,16,19,11,19,2,0,11,9,11,19,2,7,19,3,5,14,3,0,9,9,9,15,14,15,11,11,11,18,16,0,3,15,5,7,1,19,16,10,16,3,11,15,0,7,13,18,9,9,11,2,10,11,9,12,14,16,15,14,19,11,19,6,10,11,2,3,11,7,6,9,10,11,16,9,3,0,7,19,3,10,11,2,11,6,19,9,13,7,10,16,6,10,14,6,2,16,0,6,9,2,9,19,19,14,0,0,0,0,0,0,0,0,0,0,0,0,0,0,0,0,0,0",-0.20403932,0.07263428,3.0,0.447765,58.407135,0.46832886,1.0,0.46832886,0.14953402,0.447765,0.0,0.0,0.447765,0.0020255684,0.920426,0.14953402,3.7366674,1.3939632,58.407135,-0.20403932,2.720546,216.63145,0.4272011,0.4272011,1.0,216.63145,0.73523,0.07957396,3.7366674,0.0020255684,0.46832886,0.07263428,0.0,1.3939632,2.720546,0.4272011,0.20403932,0.0,0.46832886,0.20403932,0.83748305,0.4272011,1.0,0.447765,lookahead,fk_orig0_bm0-s0to75br3-s75to150br2-s150to225br2-s225to300br1
/work/T-REX/external/Proteina-Complexa/inference/search_binder_local_pipeline_32_PDL1_ALPHA_REPACK_v7_r005_cand_v7r005_hyp_0005_00_001_a975a719abf41/job_0_n_232_id_57_fk_orig1_bm3-s0to75br0-s75to150br0-s150to225br2-s225to300br1/job_0_n_232_id_57_fk_orig1_bm3-s0to75br0-s75to150br0-s150to225br2-s225to300br1.pdb,229,"2,0,13,16,19,16,19,14,11,3,10,18,19,19,6,18,7,15,2,12,16,9,6,4,11,13,14,19,6,11,5,10,3,10,0,0,10,9,19,18,17,6,12,6,3,11,2,9,9,5,13,19,8,7,6,6,3,10,11,19,5,8,15,15,18,1,5,1,0,1,10,10,11,3,5,10,15,10,7,2,0,0,10,5,9,16,3,19,11,10,5,3,0,7,19,18,1,4,12,9,15,18,7,7,0,3,18,11,1,9,16,19,11,19,2,0,0,13,16,19,16,19,14,11,3,10,18,19,19,6,18,7,15,2,12,16,9,6,4,11,13,14,19,6,11,5,10,3,10,0,0,10,9,19,18,17,6,12,6,3,11,2,9,9,5,13,19,8,7,6,6,3,10,11,19,5,8,15,15,18,1,5,1,0,1,10,10,11,3,5,10,15,10,7,2,0,0,10,5,9,16,3,19,11,10,5,3,0,7,19,18,1,4,12,9,15,18,7,7,0,3,18,11,1,9,16,19,11,19,2,0,14",-0.52343106,0.2932433,3.0,0.048602745,75.86415,0.051175635,1.0,0.051175635,0.3094316,0.012526952,0.0,0.0,0.048602745,0.0021182853,0.8611473,0.3094316,2.9813535,1.2809715,75.86415,-0.52343106,3.8973477,216.44983,0.012162781,0.04602986,1.0,216.44983,0.26422954,0.1388527,2.9813535,0.0021182853,0.012891123,0.2932433,0.0,1.2809715,3.8973477,0.012162781,0.52343106,0.0,0.012891123,0.52343106,0.5864726,0.04602986,1.0,0.012526952,lookahead,fk_orig1_bm3-s0to75br0-s75to150br0-s150to225br2-s225to300br1
/work/T-REX/external/Proteina-Complexa/inference/search_binder_local_pipeline_32_PDL1_ALPHA_REPACK_v7_r005_cand_v7r005_hyp_0005_00_001_a975a719abf41/job_0_n_196_id_57_fk_orig2_bm3-s0to75br2-s75to150br3-s150to225br0-s225to300br1/job_0_n_196_id_57_fk_orig2_bm3-s0to75br2-s75to150br3-s150to225br0-s225to300br1.pdb,230,"2,0,13,16,19,16,19,14,11,3,10,18,19,19,6,18,7,15,2,12,16,9,6,4,11,13,14,19,6,11,5,10,3,10,0,0,10,9,19,18,17,6,12,6,3,11,2,9,9,5,13,19,8,7,6,6,3,10,11,19,5,8,15,15,18,1,5,1,0,1,10,10,11,3,5,10,15,10,7,2,0,0,10,5,9,16,3,19,11,10,5,3,0,7,19,18,1,4,12,9,15,18,7,7,0,3,18,11,1,9,16,19,11,19,2,0,13,3,10,0,19,6,3,18,15,1,0,9,6,10,11,14,3,13,0,6,0,18,13,5,1,7,11,0,18,13,15,10,11,6,18,3,10,0,9,6,3,18,16,5,0,9,6,10,11,14,3,13,0,6,0,18,10,6,1,0,11,0,18,12,6,10,7,6,18,3,10,0,7,11,3,10,3,0,18,11,0,0,0,0,0,0,0,0,0,0,0,0,0,0,0,0,0,0,0,0,0,0,0,0,0,0,0,0,0,0,0,0,0,0,0,0",-0.19838668,0.060173277,3.0,0.5137481,37.574776,0.5765981,1.0,0.5765981,0.15118277,0.5137481,0.0,0.0,0.5137481,0.0063125826,0.9400376,0.15118277,1.7411915,1.307599,37.574776,-0.19838668,2.8658676,130.38219,0.45089808,0.45089808,1.0,130.38219,0.7860714,0.05996238,1.7411915,0.0063125826,0.5765981,0.060173277,0.0,1.307599,2.8658676,0.45089808,0.19838668,0.0,0.5765981,0.19838668,0.8530972,0.45089808,1.0,0.5137481,lookahead,fk_orig2_bm3-s0to75br2-s75to150br3-s150to225br0-s225to300br1
/work/T-REX/external/Proteina-Complexa/inference/search_binder_local_pipeline_32_PDL1_ALPHA_REPACK_v7_r005_cand_v7r005_hyp_0005_00_001_a975a719abf41/job_0_n_177_id_57_fk_orig3_bm1-s0to75br0-s75to150br3-s150to225br0-s225to300br1/job_0_n_177_id_57_fk_orig3_bm1-s0to75br0-s75to150br3-s150to225br0-s225to300br1.pdb,231,"2,0,13,16,19,16,19,14,11,3,10,18,19,19,6,18,7,15,2,12,16,9,6,4,11,13,14,19,6,11,5,10,3,10,0,0,10,9,19,18,17,6,12,6,3,11,2,9,9,5,13,19,8,7,6,6,3,10,11,19,5,8,15,15,18,1,5,1,0,1,10,10,11,3,5,10,15,10,7,2,0,0,10,5,9,16,3,19,11,10,5,3,0,7,19,18,1,4,12,9,15,18,7,7,0,3,18,11,1,9,16,19,11,19,2,0,15,7,19,2,10,12,7,1,16,10,10,11,6,2,1,14,0,6,0,6,8,10,18,1,11,0,10,11,3,11,6,6,15,14,6,10,10,2,3,10,0,9,0,10,6,2,10,7,1,6,3,6,0,6,11,19,1,5,1,0,10,0,0,0,0,0,0,0,0,0,0,0,0,0,0,0,0,0,0,0,0,0,0,0,0,0,0,0,0,0,0,0,0,0,0,0,0,0,0,0,0,0,0,0,0,0,0,0,0,0,0,0,0,0,0,0",-0.1392213,0.043796014,3.0,0.64599323,34.026577,0.72130525,1.0,0.72130525,0.11416712,0.64599323,0.0,0.0,0.64599323,0.0021010481,0.9488179,0.11416712,2.22107,1.2904892,34.026577,-0.1392213,2.1105182,157.23001,0.5706813,0.5706813,1.0,157.23001,0.8360443,0.05118207,2.22107,0.0021010481,0.72130525,0.043796014,0.0,1.2904892,2.1105182,0.5706813,0.1392213,0.0,0.72130525,0.1392213,0.8840764,0.5706813,1.0,0.64599323,lookahead,fk_orig3_bm1-s0to75br0-s75to150br3-s150to225br0-s225to300br1
/work/T-REX/external/Proteina-Complexa/inference/search_binder_local_pipeline_32_PDL1_ALPHA_REPACK_v7_r005_cand_v7r005_hyp_0005_00_001_a975a719abf41/job_0_n_214_id_58_fk_orig0_bm0-s0to75br3-s75to150br2-s150to225br2-s225to300br2/job_0_n_214_id_58_fk_orig0_bm0-s0to75br3-s75to150br2-s150to225br2-s225to300br2.pdb,232,"2,0,13,16,19,16,19,14,11,3,10,18,19,19,6,18,7,15,2,12,16,9,6,4,11,13,14,19,6,11,5,10,3,10,0,0,10,9,19,18,17,6,12,6,3,11,2,9,9,5,13,19,8,7,6,6,3,10,11,19,5,8,15,15,18,1,5,1,0,1,10,10,11,3,5,10,15,10,7,2,0,0,10,5,9,16,3,19,11,10,5,3,0,7,19,18,1,4,12,9,15,18,7,7,0,3,18,11,1,9,16,19,11,19,2,0,1,9,11,19,2,7,19,3,5,14,3,0,9,9,9,15,14,15,11,11,11,18,16,0,3,15,5,7,1,19,16,9,16,3,11,15,0,7,13,18,9,9,11,2,10,11,9,12,14,16,15,14,19,11,19,6,10,11,2,3,11,7,6,9,10,11,16,9,3,0,7,19,3,10,11,2,11,6,19,9,13,7,10,16,6,10,14,6,2,16,0,6,9,2,9,19,16,14,0,0,0,0,0,0,0,0,0,0,0,0,0,0,0,0,0,0",-0.22075939,0.083840966,3.0,0.38738215,47.613808,0.409954,1.0,0.409954,0.1578783,0.38738215,0.0,0.0,0.38738215,0.0018819527,0.9188534,0.1578783,3.7179356,1.3963867,47.613808,-0.22075939,2.8034358,201.82816,0.36481032,0.36481032,1.0,201.82816,0.7003453,0.08114658,3.7179356,0.0018819527,0.409954,0.083840966,0.0,1.3963867,2.8034358,0.36481032,0.22075939,0.0,0.409954,0.22075939,0.8206975,0.36481032,1.0,0.38738215,lookahead,fk_orig0_bm0-s0to75br3-s75to150br2-s150to225br2-s225to300br2
/work/T-REX/external/Proteina-Complexa/inference/search_binder_local_pipeline_32_PDL1_ALPHA_REPACK_v7_r005_cand_v7r005_hyp_0005_00_001_a975a719abf41/job_0_n_232_id_58_fk_orig1_bm3-s0to75br0-s75to150br0-s150to225br2-s225to300br2/job_0_n_232_id_58_fk_orig1_bm3-s0to75br0-s75to150br0-s150to225br2-s225to300br2.pdb,233,"2,0,13,16,19,16,19,14,11,3,10,18,19,19,6,18,7,15,2,12,16,9,6,4,11,13,14,19,6,11,5,10,3,10,0,0,10,9,19,18,17,6,12,6,3,11,2,9,9,5,13,19,8,7,6,6,3,10,11,19,5,8,15,15,18,1,5,1,0,1,10,10,11,3,5,10,15,10,7,2,0,0,10,5,9,16,3,19,11,10,5,3,0,7,19,18,1,4,12,9,15,18,7,7,0,3,18,11,1,9,16,19,11,19,2,0,0,13,16,19,16,19,14,11,3,10,18,19,19,6,18,7,15,2,12,16,9,6,4,11,13,14,19,6,11,5,10,3,10,0,0,10,9,19,18,17,6,12,6,3,11,2,9,9,5,13,19,8,7,6,6,3,10,11,19,5,8,15,15,18,1,5,1,0,1,10,10,11,3,5,10,15,10,7,2,0,0,10,5,9,16,3,19,11,10,5,3,0,7,19,18,1,4,12,9,15,18,7,7,0,3,18,11,1,9,16,19,11,19,2,0,14",-0.5321995,0.30355418,3.0,0.042696163,76.8697,0.04619893,1.0,0.04619893,0.31401703,0.012149779,0.0,0.0,0.042696163,0.0020932914,0.86166644,0.31401703,3.2316296,1.2853099,76.8697,-0.5321995,3.9171708,214.86964,0.011966234,0.03919339,1.0,214.86964,0.2601267,0.13833354,3.2316296,0.0020932914,0.012333323,0.30355418,0.0,1.2853099,3.9171708,0.011966234,0.5321995,0.0,0.012333323,0.5321995,0.58380115,0.03919339,1.0,0.012149779,lookahead,fk_orig1_bm3-s0to75br0-s75to150br0-s150to225br2-s225to300br2
/work/T-REX/external/Proteina-Complexa/inference/search_binder_local_pipeline_32_PDL1_ALPHA_REPACK_v7_r005_cand_v7r005_hyp_0005_00_001_a975a719abf41/job_0_n_196_id_58_fk_orig2_bm3-s0to75br2-s75to150br3-s150to225br0-s225to300br2/job_0_n_196_id_58_fk_orig2_bm3-s0to75br2-s75to150br3-s150to225br0-s225to300br2.pdb,234,"2,0,13,16,19,16,19,14,11,3,10,18,19,19,6,18,7,15,2,12,16,9,6,4,11,13,14,19,6,11,5,10,3,10,0,0,10,9,19,18,17,6,12,6,3,11,2,9,9,5,13,19,8,7,6,6,3,10,11,19,5,8,15,15,18,1,5,1,0,1,10,10,11,3,5,10,15,10,7,2,0,0,10,5,9,16,3,19,11,10,5,3,0,7,19,18,1,4,12,9,15,18,7,7,0,3,18,11,1,9,16,19,11,19,2,0,13,3,10,0,19,6,3,18,15,1,0,9,6,10,11,14,3,13,0,6,0,18,13,5,1,7,11,0,18,13,15,10,11,6,18,3,10,0,9,6,3,18,16,5,0,9,6,10,11,14,3,13,11,6,0,18,10,6,1,0,11,0,18,12,6,10,7,6,18,3,10,0,7,11,3,10,3,0,18,11,0,0,0,0,0,0,0,0,0,0,0,0,0,0,0,0,0,0,0,0,0,0,0,0,0,0,0,0,0,0,0,0,0,0,0,0",-0.19383718,0.058483973,3.0,0.52566564,38.54317,0.590299,1.0,0.590299,0.14760333,0.52566564,0.0,0.0,0.52566564,0.0063865255,0.94351333,0.14760333,1.7622952,1.2826031,38.54317,-0.19383718,2.8515642,134.72607,0.4610322,0.4610322,1.0,134.72607,0.7917361,0.056486674,1.7622952,0.0063865255,0.590299,0.058483973,0.0,1.2826031,2.8515642,0.4610322,0.19383718,0.0,0.590299,0.19383718,0.85561,0.4610322,1.0,0.52566564,lookahead,fk_orig2_bm3-s0to75br2-s75to150br3-s150to225br0-s225to300br2
/work/T-REX/external/Proteina-Complexa/inference/search_binder_local_pipeline_32_PDL1_ALPHA_REPACK_v7_r005_cand_v7r005_hyp_0005_00_001_a975a719abf41/job_0_n_177_id_58_fk_orig3_bm1-s0to75br0-s75to150br3-s150to225br0-s225to300br2/job_0_n_177_id_58_fk_orig3_bm1-s0to75br0-s75to150br3-s150to225br0-s225to300br2.pdb,235,"2,0,13,16,19,16,19,14,11,3,10,18,19,19,6,18,7,15,2,12,16,9,6,4,11,13,14,19,6,11,5,10,3,10,0,0,10,9,19,18,17,6,12,6,3,11,2,9,9,5,13,19,8,7,6,6,3,10,11,19,5,8,15,15,18,1,5,1,0,1,10,10,11,3,5,10,15,10,7,2,0,0,10,5,9,16,3,19,11,10,5,3,0,7,19,18,1,4,12,9,15,18,7,7,0,3,18,11,1,9,16,19,11,19,2,0,15,7,19,2,10,12,7,1,16,10,10,11,6,2,1,14,0,6,0,6,8,10,18,1,11,0,10,0,3,11,6,6,15,14,6,10,10,2,3,10,0,9,0,10,6,2,10,7,1,6,3,6,0,6,11,19,1,5,1,0,10,0,0,0,0,0,0,0,0,0,0,0,0,0,0,0,0,0,0,0,0,0,0,0,0,0,0,0,0,0,0,0,0,0,0,0,0,0,0,0,0,0,0,0,0,0,0,0,0,0,0,0,0,0,0,0",-0.13848875,0.043628693,3.0,0.64968014,32.904587,0.72460425,1.0,0.72460425,0.11361776,0.64968014,0.0,0.0,0.64968014,0.0019917332,0.9488617,0.11361776,2.1954887,1.2856649,32.904587,-0.13848875,2.1064043,157.01897,0.57475597,0.57475597,1.0,157.01897,0.8369677,0.051138304,2.1954887,0.0019917332,0.72460425,0.043628693,0.0,1.2856649,2.1064043,0.57475597,0.13848875,0.0,0.72460425,0.13848875,0.8847346,0.57475597,1.0,0.64968014,lookahead,fk_orig3_bm1-s0to75br0-s75to150br3-s150to225br0-s225to300br2
/work/T-REX/external/Proteina-Complexa/inference/search_binder_local_pipeline_32_PDL1_ALPHA_REPACK_v7_r005_cand_v7r005_hyp_0005_00_001_a975a719abf41/job_0_n_214_id_59_fk_orig0_bm0-s0to75br3-s75to150br2-s150to225br2-s225to300br3/job_0_n_214_id_59_fk_orig0_bm0-s0to75br3-s75to150br2-s150to225br2-s225to300br3.pdb,236,"2,0,13,16,19,16,19,14,11,3,10,18,19,19,6,18,7,15,2,12,16,9,6,4,11,13,14,19,6,11,5,10,3,10,0,0,10,9,19,18,17,6,12,6,3,11,2,9,9,5,13,19,8,7,6,6,3,10,11,19,5,8,15,15,18,1,5,1,0,1,10,10,11,3,5,10,15,10,7,2,0,0,10,5,9,16,3,19,11,10,5,3,0,7,19,18,1,4,12,9,15,18,7,7,0,3,18,11,1,9,16,19,11,19,2,0,11,9,11,19,2,7,19,3,5,14,3,0,9,9,9,15,14,15,11,11,11,18,16,0,3,15,5,7,1,19,16,9,16,3,11,15,0,7,13,18,9,9,11,2,10,11,9,12,14,11,15,14,19,11,19,6,10,11,2,3,11,7,6,9,10,11,16,9,3,0,7,19,3,10,11,2,11,6,19,9,13,7,10,16,6,10,14,6,2,16,0,6,9,2,9,19,16,14,0,0,0,0,0,0,0,0,0,0,0,0,0,0,0,0,0,0",-0.21866928,0.0840474,3.0,0.38730904,48.422493,0.41039902,1.0,0.41039902,0.15549809,0.38730904,0.0,0.0,0.38730904,0.0020432344,0.9226665,0.15549809,3.7333899,1.3682637,48.422493,-0.21866928,2.7883809,204.6269,0.36421907,0.36421907,1.0,204.6269,0.70057225,0.077333495,3.7333899,0.0020432344,0.41039902,0.0840474,0.0,1.3682637,2.7883809,0.36421907,0.21866928,0.0,0.41039902,0.21866928,0.8211755,0.36421907,1.0,0.38730904,lookahead,fk_orig0_bm0-s0to75br3-s75to150br2-s150to225br2-s225to300br3
/work/T-REX/external/Proteina-Complexa/inference/search_binder_local_pipeline_32_PDL1_ALPHA_REPACK_v7_r005_cand_v7r005_hyp_0005_00_001_a975a719abf41/job_0_n_232_id_59_fk_orig1_bm3-s0to75br0-s75to150br0-s150to225br2-s225to300br3/job_0_n_232_id_59_fk_orig1_bm3-s0to75br0-s75to150br0-s150to225br2-s225to300br3.pdb,237,"2,0,13,16,19,16,19,14,11,3,10,18,19,19,6,18,7,15,2,12,16,9,6,4,11,13,14,19,6,11,5,10,3,10,0,0,10,9,19,18,17,6,12,6,3,11,2,9,9,5,13,19,8,7,6,6,3,10,11,19,5,8,15,15,18,1,5,1,0,1,10,10,11,3,5,10,15,10,7,2,0,0,10,5,9,16,3,19,11,10,5,3,0,7,19,18,1,4,12,9,15,18,7,7,0,3,18,11,1,9,16,19,11,19,2,0,0,13,16,19,16,19,14,11,3,10,18,19,19,6,18,7,15,2,12,16,9,6,4,11,13,14,19,6,11,5,10,3,10,0,0,10,9,19,18,17,6,12,6,3,11,2,9,9,5,13,19,8,7,6,6,3,10,11,19,5,8,15,15,18,1,5,1,0,1,10,10,11,3,5,10,15,10,7,2,0,0,10,5,9,16,3,19,11,10,5,3,0,7,19,18,1,4,12,9,15,18,7,7,0,3,18,11,1,9,16,19,11,19,2,0,14",-0.52252746,0.29305968,3.0,0.048596304,77.194405,0.05071105,1.0,0.05071105,0.30877525,0.012506574,0.0,0.0,0.048596304,0.0021397548,0.8615224,0.30877525,2.9795554,1.2785605,77.194405,-0.52252746,3.8891098,217.8683,0.01222689,0.046481557,1.0,217.8683,0.2656816,0.13847764,2.9795554,0.0021397548,0.01278626,0.29305968,0.0,1.2785605,3.8891098,0.01222689,0.52252746,0.0,0.01278626,0.52252746,0.5875412,0.046481557,1.0,0.012506574,lookahead,fk_orig1_bm3-s0to75br0-s75to150br0-s150to225br2-s225to300br3
/work/T-REX/external/Proteina-Complexa/inference/search_binder_local_pipeline_32_PDL1_ALPHA_REPACK_v7_r005_cand_v7r005_hyp_0005_00_001_a975a719abf41/job_0_n_196_id_59_fk_orig2_bm3-s0to75br2-s75to150br3-s150to225br0-s225to300br3/job_0_n_196_id_59_fk_orig2_bm3-s0to75br2-s75to150br3-s150to225br0-s225to300br3.pdb,238,"2,0,13,16,19,16,19,14,11,3,10,18,19,19,6,18,7,15,2,12,16,9,6,4,11,13,14,19,6,11,5,10,3,10,0,0,10,9,19,18,17,6,12,6,3,11,2,9,9,5,13,19,8,7,6,6,3,10,11,19,5,8,15,15,18,1,5,1,0,1,10,10,11,3,5,10,15,10,7,2,0,0,10,5,9,16,3,19,11,10,5,3,0,7,19,18,1,4,12,9,15,18,7,7,0,3,18,11,1,9,16,19,11,19,2,0,13,3,10,0,19,6,3,18,15,1,0,9,6,10,11,14,3,13,0,6,0,18,13,5,1,7,11,0,18,13,15,10,11,6,18,3,10,0,9,6,3,18,16,5,0,9,6,10,11,14,3,13,11,6,0,18,10,6,1,0,11,0,18,12,6,10,7,6,18,3,10,0,7,11,3,10,3,0,18,11,0,0,0,0,0,0,0,0,0,0,0,0,0,0,0,0,0,0,0,0,0,0,0,0,0,0,0,0,0,0,0,0,0,0,0,0",-0.19513552,0.059602004,3.0,0.52093077,38.484936,0.5847745,1.0,0.5847745,0.14838655,0.52093077,0.0,0.0,0.52093077,0.006249755,0.9434376,0.14838655,1.7839677,1.2797897,38.484936,-0.19513552,2.8535583,134.14366,0.4570871,0.4570871,1.0,134.14366,0.79008234,0.056562405,1.7839677,0.006249755,0.5847745,0.059602004,0.0,1.2797897,2.8535583,0.4570871,0.19513552,0.0,0.5847745,0.19513552,0.854663,0.4570871,1.0,0.52093077,lookahead,fk_orig2_bm3-s0to75br2-s75to150br3-s150to225br0-s225to300br3
/work/T-REX/external/Proteina-Complexa/inference/search_binder_local_pipeline_32_PDL1_ALPHA_REPACK_v7_r005_cand_v7r005_hyp_0005_00_001_a975a719abf41/job_0_n_177_id_59_fk_orig3_bm1-s0to75br0-s75to150br3-s150to225br0-s225to300br3/job_0_n_177_id_59_fk_orig3_bm1-s0to75br0-s75to150br3-s150to225br0-s225to300br3.pdb,239,"2,0,13,16,19,16,19,14,11,3,10,18,19,19,6,18,7,15,2,12,16,9,6,4,11,13,14,19,6,11,5,10,3,10,0,0,10,9,19,18,17,6,12,6,3,11,2,9,9,5,13,19,8,7,6,6,3,10,11,19,5,8,15,15,18,1,5,1,0,1,10,10,11,3,5,10,15,10,7,2,0,0,10,5,9,16,3,19,11,10,5,3,0,7,19,18,1,4,12,9,15,18,7,7,0,3,18,11,1,9,16,19,11,19,2,0,15,7,19,2,10,12,7,1,16,10,10,11,6,2,1,14,0,6,0,6,8,10,18,1,11,0,10,0,3,11,6,6,15,14,6,10,10,2,3,10,0,9,0,10,6,2,10,7,1,6,3,6,0,6,11,19,1,5,1,0,10,0,0,0,0,0,0,0,0,0,0,0,0,0,0,0,0,0,0,0,0,0,0,0,0,0,0,0,0,0,0,0,0,0,0,0,0,0,0,0,0,0,0,0,0,0,0,0,0,0,0,0,0,0,0,0",-0.13863122,0.043484103,3.0,0.6483982,33.072758,0.72363424,1.0,0.72363424,0.113687746,0.6483982,0.0,0.0,0.6483982,0.0020398742,0.94906133,0.113687746,2.1133268,1.2808801,33.072758,-0.13863122,2.1065755,161.82576,0.5731622,0.5731622,1.0,161.82576,0.8366026,0.050938677,2.1133268,0.0020398742,0.72363424,0.043484103,0.0,1.2808801,2.1065755,0.5731622,0.13863122,0.0,0.72363424,0.13863122,0.8846139,0.5731622,1.0,0.6483982,lookahead,fk_orig3_bm1-s0to75br0-s75to150br3-s150to225br0-s225to300br3
/work/T-REX/external/Proteina-Complexa/inference/search_binder_local_pipeline_32_PDL1_ALPHA_REPACK_v7_r005_cand_v7r005_hyp_0005_00_001_a975a719abf41/job_0_n_214_id_60_fk_orig0_bm0-s0to75br3-s75to150br2-s150to225br3-s225to300br0/job_0_n_214_id_60_fk_orig0_bm0-s0to75br3-s75to150br2-s150to225br3-s225to300br0.pdb,240,"2,0,13,16,19,16,19,14,11,3,10,18,19,19,6,18,7,15,2,12,16,9,6,4,11,13,14,19,6,11,5,10,3,10,0,0,10,9,19,18,17,6,12,6,3,11,2,9,9,5,13,19,8,7,6,6,3,10,11,19,5,8,15,15,18,1,5,1,0,1,10,10,11,3,5,10,15,10,7,2,0,0,10,5,9,16,3,19,11,10,5,3,0,7,19,18,1,4,12,9,15,18,7,7,0,3,18,11,1,9,16,19,11,19,2,0,1,9,11,19,2,7,19,11,5,14,7,0,16,10,9,16,14,15,11,11,11,18,9,0,3,2,6,7,2,10,16,9,14,11,14,6,0,7,10,18,10,9,11,2,10,11,6,10,14,0,0,14,19,11,19,6,10,11,3,15,11,7,2,19,10,3,15,9,3,0,15,19,3,16,19,2,11,6,9,10,13,7,10,16,10,10,14,11,2,16,0,6,9,2,19,19,19,14,0,0,0,0,0,0,0,0,0,0,0,0,0,0,0,0,0,0",-0.2708754,0.12709264,3.0,0.26422974,53.26273,0.2755632,1.0,0.2755632,0.19114058,0.26335725,0.0,0.0,0.26422974,0.0038378895,0.89291084,0.19114058,3.6193135,1.5141687,53.26273,-0.2708754,3.0300853,209.845,0.25221834,0.25289628,1.0,209.845,0.6260574,0.107089184,3.6193135,0.0038378895,0.27449617,0.12709264,0.0,1.5141687,3.0300853,0.25221834,0.2708754,0.0,0.27449617,0.2708754,0.7831102,0.25289628,1.0,0.26335725,lookahead,fk_orig0_bm0-s0to75br3-s75to150br2-s150to225br3-s225to300br0
/work/T-REX/external/Proteina-Complexa/inference/search_binder_local_pipeline_32_PDL1_ALPHA_REPACK_v7_r005_cand_v7r005_hyp_0005_00_001_a975a719abf41/job_0_n_232_id_60_fk_orig1_bm3-s0to75br3-s75to150br3-s150to225br1-s225to300br0/job_0_n_232_id_60_fk_orig1_bm3-s0to75br3-s75to150br3-s150to225br1-s225to300br0.pdb,241,"2,0,13,16,19,16,19,14,11,3,10,18,19,19,6,18,7,15,2,12,16,9,6,4,11,13,14,19,6,11,5,10,3,10,0,0,10,9,19,18,17,6,12,6,3,11,2,9,9,5,13,19,8,7,6,6,3,10,11,19,5,8,15,15,18,1,5,1,0,1,10,10,11,3,5,10,15,10,7,2,0,0,10,5,9,16,3,19,11,10,5,3,0,7,19,18,1,4,12,9,15,18,7,7,0,3,18,11,1,9,16,19,11,19,2,0,0,13,16,19,16,19,14,11,3,10,18,19,19,6,18,7,15,2,12,16,9,6,4,11,13,14,19,6,11,5,10,3,10,0,0,10,9,19,18,17,6,12,6,3,11,2,9,9,5,13,19,8,7,6,6,3,10,11,19,5,8,15,15,18,1,5,1,0,1,10,10,11,3,5,10,15,10,7,2,0,0,10,5,9,16,3,19,11,10,5,3,0,7,19,18,1,4,12,9,15,18,7,7,0,3,18,11,1,9,16,19,11,19,2,0,14",-0.5313298,0.29948798,3.0,0.04341259,73.30983,0.046441227,1.0,0.046441227,0.31387076,0.012269528,0.0,0.0,0.04341259,0.0021483118,0.8608924,0.31387076,3.1880846,1.2895013,73.30983,-0.5313298,3.917675,215.07468,0.012004465,0.040383946,1.0,215.07468,0.26011515,0.13910757,3.1880846,0.0021483118,0.01253459,0.29948798,0.0,1.2895013,3.917675,0.012004465,0.5313298,0.0,0.01253459,0.5313298,0.5837693,0.040383946,1.0,0.012269528,lookahead,fk_orig1_bm3-s0to75br3-s75to150br3-s150to225br1-s225to300br0
/work/T-REX/external/Proteina-Complexa/inference/search_binder_local_pipeline_32_PDL1_ALPHA_REPACK_v7_r005_cand_v7r005_hyp_0005_00_001_a975a719abf41/job_0_n_196_id_60_fk_orig2_bm3-s0to75br2-s75to150br3-s150to225br0-s225to300br0/job_0_n_196_id_60_fk_orig2_bm3-s0to75br2-s75to150br3-s150to225br0-s225to300br0.pdb,242,"2,0,13,16,19,16,19,14,11,3,10,18,19,19,6,18,7,15,2,12,16,9,6,4,11,13,14,19,6,11,5,10,3,10,0,0,10,9,19,18,17,6,12,6,3,11,2,9,9,5,13,19,8,7,6,6,3,10,11,19,5,8,15,15,18,1,5,1,0,1,10,10,11,3,5,10,15,10,7,2,0,0,10,5,9,16,3,19,11,10,5,3,0,7,19,18,1,4,12,9,15,18,7,7,0,3,18,11,1,9,16,19,11,19,2,0,13,3,10,0,19,6,3,18,15,1,0,9,6,10,11,14,3,13,0,6,0,18,13,5,1,7,11,0,18,13,15,10,11,6,18,3,10,0,9,6,3,18,16,5,0,9,6,10,11,14,3,13,0,6,0,18,10,6,1,0,11,0,18,12,6,10,7,6,18,3,10,0,7,11,3,10,3,0,18,11,0,0,0,0,0,0,0,0,0,0,0,0,0,0,0,0,0,0,0,0,0,0,0,0,0,0,0,0,0,0,0,0,0,0,0,0",-0.19735846,0.059833493,3.0,0.51889974,37.315804,0.58198655,1.0,0.58198655,0.15091197,0.51889974,0.0,0.0,0.51889974,0.006193624,0.93936384,0.15091197,1.7309436,1.3135033,37.315804,-0.19735846,2.8630068,132.51917,0.45581293,0.45581293,1.0,132.51917,0.787668,0.06063614,1.7309436,0.006193624,0.58198655,0.059833493,0.0,1.3135033,2.8630068,0.45581293,0.19735846,0.0,0.58198655,0.19735846,0.8538073,0.45581293,1.0,0.51889974,lookahead,fk_orig2_bm3-s0to75br2-s75to150br3-s150to225br0-s225to300br0
/work/T-REX/external/Proteina-Complexa/inference/search_binder_local_pipeline_32_PDL1_ALPHA_REPACK_v7_r005_cand_v7r005_hyp_0005_00_001_a975a719abf41/job_0_n_177_id_60_fk_orig3_bm1-s0to75br0-s75to150br3-s150to225br3-s225to300br0/job_0_n_177_id_60_fk_orig3_bm1-s0to75br0-s75to150br3-s150to225br3-s225to300br0.pdb,243,"2,0,13,16,19,16,19,14,11,3,10,18,19,19,6,18,7,15,2,12,16,9,6,4,11,13,14,19,6,11,5,10,3,10,0,0,10,9,19,18,17,6,12,6,3,11,2,9,9,5,13,19,8,7,6,6,3,10,11,19,5,8,15,15,18,1,5,1,0,1,10,10,11,3,5,10,15,10,7,2,0,0,10,5,9,16,3,19,11,10,5,3,0,7,19,18,1,4,12,9,15,18,7,7,0,3,18,11,1,9,16,19,11,19,2,0,15,7,19,2,9,12,7,1,16,10,10,11,6,3,1,14,3,6,0,6,8,10,13,1,11,0,10,11,3,11,3,6,15,14,6,19,10,2,2,10,0,19,0,10,6,0,10,7,1,6,3,6,0,6,11,19,1,5,1,0,10,0,0,0,0,0,0,0,0,0,0,0,0,0,0,0,0,0,0,0,0,0,0,0,0,0,0,0,0,0,0,0,0,0,0,0,0,0,0,0,0,0,0,0,0,0,0,0,0,0,0,0,0,0,0,0",-0.15058191,0.051766116,3.0,0.5889994,41.064487,0.6597661,1.0,0.6597661,0.12274996,0.5889994,0.0,0.0,0.5889994,0.0027182798,0.94029915,0.12274996,1.6574341,1.3364966,41.064487,-0.15058191,2.2220604,165.26639,0.5182327,0.5182327,1.0,165.26639,0.8144541,0.059700828,1.6574341,0.0027182798,0.6597661,0.051766116,0.0,1.3364966,2.2220604,0.5182327,0.15058191,0.0,0.6597661,0.15058191,0.8782383,0.5182327,1.0,0.5889994,lookahead,fk_orig3_bm1-s0to75br0-s75to150br3-s150to225br3-s225to300br0
/work/T-REX/external/Proteina-Complexa/inference/search_binder_local_pipeline_32_PDL1_ALPHA_REPACK_v7_r005_cand_v7r005_hyp_0005_00_001_a975a719abf41/job_0_n_214_id_61_fk_orig0_bm0-s0to75br3-s75to150br2-s150to225br3-s225to300br1/job_0_n_214_id_61_fk_orig0_bm0-s0to75br3-s75to150br2-s150to225br3-s225to300br1.pdb,244,"2,0,13,16,19,16,19,14,11,3,10,18,19,19,6,18,7,15,2,12,16,9,6,4,11,13,14,19,6,11,5,10,3,10,0,0,10,9,19,18,17,6,12,6,3,11,2,9,9,5,13,19,8,7,6,6,3,10,11,19,5,8,15,15,18,1,5,1,0,1,10,10,11,3,5,10,15,10,7,2,0,0,10,5,9,16,3,19,11,10,5,3,0,7,19,18,1,4,12,9,15,18,7,7,0,3,18,11,1,9,16,19,11,19,2,0,1,9,11,19,2,7,19,11,5,14,7,0,16,10,9,16,14,15,11,11,11,18,9,0,3,2,6,7,2,10,16,9,14,11,14,6,0,7,10,18,10,9,16,2,10,11,6,10,14,0,0,14,19,11,19,6,10,11,3,15,11,7,2,19,10,2,15,9,3,0,15,19,3,16,19,2,11,6,9,10,13,7,10,16,10,10,14,11,2,16,0,6,9,2,19,19,19,14,0,0,0,0,0,0,0,0,0,0,0,0,0,0,0,0,0,0",-0.26257396,0.1206107,3.0,0.28317153,48.14166,0.29455513,1.0,0.29455513,0.18633902,0.28262883,0.0,0.0,0.28317153,0.0036234483,0.895349,0.18633902,3.258305,1.5235481,48.14166,-0.26257396,3.007835,206.15404,0.27110776,0.2717879,1.0,206.15404,0.6379399,0.104650944,3.258305,0.0036234483,0.2941499,0.1206107,0.0,1.5235481,3.007835,0.27110776,0.26257396,0.0,0.2941499,0.26257396,0.7886481,0.2717879,1.0,0.28262883,lookahead,fk_orig0_bm0-s0to75br3-s75to150br2-s150to225br3-s225to300br1
/work/T-REX/external/Proteina-Complexa/inference/search_binder_local_pipeline_32_PDL1_ALPHA_REPACK_v7_r005_cand_v7r005_hyp_0005_00_001_a975a719abf41/job_0_n_232_id_61_fk_orig1_bm3-s0to75br3-s75to150br3-s150to225br1-s225to300br1/job_0_n_232_id_61_fk_orig1_bm3-s0to75br3-s75to150br3-s150to225br1-s225to300br1.pdb,245,"2,0,13,16,19,16,19,14,11,3,10,18,19,19,6,18,7,15,2,12,16,9,6,4,11,13,14,19,6,11,5,10,3,10,0,0,10,9,19,18,17,6,12,6,3,11,2,9,9,5,13,19,8,7,6,6,3,10,11,19,5,8,15,15,18,1,5,1,0,1,10,10,11,3,5,10,15,10,7,2,0,0,10,5,9,16,3,19,11,10,5,3,0,7,19,18,1,4,12,9,15,18,7,7,0,3,18,11,1,9,16,19,11,19,2,0,0,13,16,19,16,19,14,11,3,10,18,19,19,6,18,7,15,2,12,16,9,6,4,11,13,14,19,6,11,5,10,3,10,0,0,10,9,19,18,17,6,12,6,3,11,2,9,9,5,13,19,8,7,6,6,3,10,11,19,5,8,15,15,18,1,5,1,0,1,10,10,11,3,5,10,15,10,7,2,0,0,10,5,9,16,3,19,11,10,5,3,0,7,19,18,1,4,12,9,15,18,7,7,0,3,18,11,1,9,16,19,11,19,2,0,14",-0.5362434,0.30629387,3.0,0.041137557,121.22515,0.04545513,1.0,0.04545513,0.3159022,0.0119174905,0.0,0.0,0.041137557,0.0021149984,0.83003587,0.3159022,16.25287,1.2846512,121.22515,-0.5362434,3.9306524,211.6782,0.011686035,0.036819983,1.0,211.6782,0.25665167,0.16996413,16.25287,0.0021149984,0.012148945,0.30629387,0.0,1.2846512,3.9306524,0.011686035,0.5362434,0.0,0.012148945,0.5362434,0.582348,0.036819983,1.0,0.0119174905,lookahead,fk_orig1_bm3-s0to75br3-s75to150br3-s150to225br1-s225to300br1
/work/T-REX/external/Proteina-Complexa/inference/search_binder_local_pipeline_32_PDL1_ALPHA_REPACK_v7_r005_cand_v7r005_hyp_0005_00_001_a975a719abf41/job_0_n_196_id_61_fk_orig2_bm3-s0to75br2-s75to150br3-s150to225br0-s225to300br1/job_0_n_196_id_61_fk_orig2_bm3-s0to75br2-s75to150br3-s150to225br0-s225to300br1.pdb,246,"2,0,13,16,19,16,19,14,11,3,10,18,19,19,6,18,7,15,2,12,16,9,6,4,11,13,14,19,6,11,5,10,3,10,0,0,10,9,19,18,17,6,12,6,3,11,2,9,9,5,13,19,8,7,6,6,3,10,11,19,5,8,15,15,18,1,5,1,0,1,10,10,11,3,5,10,15,10,7,2,0,0,10,5,9,16,3,19,11,10,5,3,0,7,19,18,1,4,12,9,15,18,7,7,0,3,18,11,1,9,16,19,11,19,2,0,13,3,10,0,19,6,3,18,15,1,0,9,6,10,11,14,3,13,0,6,0,18,13,5,1,7,11,0,18,13,15,10,11,6,18,3,10,0,9,6,3,18,16,5,0,9,6,10,11,14,3,13,11,6,0,18,10,6,1,0,11,0,18,12,6,10,7,6,18,3,10,0,7,11,3,10,3,0,18,11,0,0,0,0,0,0,0,0,0,0,0,0,0,0,0,0,0,0,0,0,0,0,0,0,0,0,0,0,0,0,0,0,0,0,0,0",-0.19816566,0.060804147,3.0,0.5097432,36.545315,0.5735938,1.0,0.5735938,0.15020046,0.5097432,0.0,0.0,0.5097432,0.006270134,0.942481,0.15020046,1.7251707,1.2863421,36.545315,-0.19816566,2.86773,129.18623,0.44589266,0.44589266,1.0,129.18623,0.7853676,0.057519045,1.7251707,0.006270134,0.5735938,0.060804147,0.0,1.2863421,2.86773,0.44589266,0.19816566,0.0,0.5735938,0.19816566,0.85208344,0.44589266,1.0,0.5097432,lookahead,fk_orig2_bm3-s0to75br2-s75to150br3-s150to225br0-s225to300br1
/work/T-REX/external/Proteina-Complexa/inference/search_binder_local_pipeline_32_PDL1_ALPHA_REPACK_v7_r005_cand_v7r005_hyp_0005_00_001_a975a719abf41/job_0_n_177_id_61_fk_orig3_bm1-s0to75br0-s75to150br3-s150to225br3-s225to300br1/job_0_n_177_id_61_fk_orig3_bm1-s0to75br0-s75to150br3-s150to225br3-s225to300br1.pdb,247,"2,0,13,16,19,16,19,14,11,3,10,18,19,19,6,18,7,15,2,12,16,9,6,4,11,13,14,19,6,11,5,10,3,10,0,0,10,9,19,18,17,6,12,6,3,11,2,9,9,5,13,19,8,7,6,6,3,10,11,19,5,8,15,15,18,1,5,1,0,1,10,10,11,3,5,10,15,10,7,2,0,0,10,5,9,16,3,19,11,10,5,3,0,7,19,18,1,4,12,9,15,18,7,7,0,3,18,11,1,9,16,19,11,19,2,0,15,7,19,2,9,12,7,1,16,10,10,11,6,3,1,14,3,6,0,6,8,10,13,1,11,0,10,11,3,11,3,6,15,14,6,19,10,2,2,10,0,19,0,10,6,0,10,7,1,6,3,6,0,6,11,19,1,5,1,0,10,0,0,0,0,0,0,0,0,0,0,0,0,0,0,0,0,0,0,0,0,0,0,0,0,0,0,0,0,0,0,0,0,0,0,0,0,0,0,0,0,0,0,0,0,0,0,0,0,0,0,0,0,0,0,0",-0.15088499,0.05175283,3.0,0.5879761,39.806953,0.65920824,1.0,0.65920824,0.12298813,0.5879761,0.0,0.0,0.5879761,0.0027887775,0.9400347,0.12298813,1.7130895,1.3380659,39.806953,-0.15088499,2.2200358,163.37254,0.5167439,0.5167439,1.0,163.37254,0.81361014,0.059965286,1.7130895,0.0027887775,0.65920824,0.05175283,0.0,1.3380659,2.2200358,0.5167439,0.15088499,0.0,0.65920824,0.15088499,0.8777127,0.5167439,1.0,0.5879761,lookahead,fk_orig3_bm1-s0to75br0-s75to150br3-s150to225br3-s225to300br1
/work/T-REX/external/Proteina-Complexa/inference/search_binder_local_pipeline_32_PDL1_ALPHA_REPACK_v7_r005_cand_v7r005_hyp_0005_00_001_a975a719abf41/job_0_n_214_id_62_fk_orig0_bm0-s0to75br3-s75to150br2-s150to225br3-s225to300br2/job_0_n_214_id_62_fk_orig0_bm0-s0to75br3-s75to150br2-s150to225br3-s225to300br2.pdb,248,"2,0,13,16,19,16,19,14,11,3,10,18,19,19,6,18,7,15,2,12,16,9,6,4,11,13,14,19,6,11,5,10,3,10,0,0,10,9,19,18,17,6,12,6,3,11,2,9,9,5,13,19,8,7,6,6,3,10,11,19,5,8,15,15,18,1,5,1,0,1,10,10,11,3,5,10,15,10,7,2,0,0,10,5,9,16,3,19,11,10,5,3,0,7,19,18,1,4,12,9,15,18,7,7,0,3,18,11,1,9,16,19,11,19,2,0,1,9,11,19,2,7,19,11,5,14,7,0,16,10,9,16,14,15,11,11,11,18,9,0,3,2,6,7,2,10,16,9,14,11,14,6,0,7,10,18,10,9,16,2,10,11,6,10,14,0,0,14,19,11,19,6,10,11,3,15,11,7,2,19,10,2,15,9,3,0,15,19,3,8,19,2,11,6,9,10,13,7,10,16,2,10,14,11,2,16,0,6,9,2,19,19,19,14,0,0,0,0,0,0,0,0,0,0,0,0,0,0,0,0,0,0",-0.25334203,0.108422436,3.0,0.31244403,46.483932,0.33272296,1.0,0.33272296,0.18220721,0.31228712,0.0,0.0,0.31244403,0.003989547,0.89461464,0.18220721,2.9478323,1.5373946,46.483932,-0.25334203,2.9642909,200.07167,0.2921651,0.2921651,1.0,200.07167,0.6579217,0.10538535,2.9478323,0.003989547,0.33240914,0.108422436,0.0,1.5373946,2.9642909,0.2921651,0.25334203,0.0,0.33240914,0.25334203,0.7980355,0.2921651,1.0,0.31228712,lookahead,fk_orig0_bm0-s0to75br3-s75to150br2-s150to225br3-s225to300br2
/work/T-REX/external/Proteina-Complexa/inference/search_binder_local_pipeline_32_PDL1_ALPHA_REPACK_v7_r005_cand_v7r005_hyp_0005_00_001_a975a719abf41/job_0_n_232_id_62_fk_orig1_bm3-s0to75br3-s75to150br3-s150to225br1-s225to300br2/job_0_n_232_id_62_fk_orig1_bm3-s0to75br3-s75to150br3-s150to225br1-s225to300br2.pdb,249,"2,0,13,16,19,16,19,14,11,3,10,18,19,19,6,18,7,15,2,12,16,9,6,4,11,13,14,19,6,11,5,10,3,10,0,0,10,9,19,18,17,6,12,6,3,11,2,9,9,5,13,19,8,7,6,6,3,10,11,19,5,8,15,15,18,1,5,1,0,1,10,10,11,3,5,10,15,10,7,2,0,0,10,5,9,16,3,19,11,10,5,3,0,7,19,18,1,4,12,9,15,18,7,7,0,3,18,11,1,9,16,19,11,19,2,0,0,13,16,19,16,19,14,11,3,10,18,19,19,6,18,7,15,2,12,16,9,6,4,11,13,14,19,6,11,5,10,3,10,0,0,10,9,19,18,17,6,12,6,3,11,2,9,9,5,13,19,8,7,6,6,3,10,11,19,5,8,15,15,18,1,5,1,0,1,10,10,11,3,5,10,15,10,7,2,0,0,10,5,9,16,3,19,11,10,5,3,0,7,19,18,1,4,12,9,15,18,7,7,0,3,18,11,1,9,16,19,11,19,2,0,14",-0.528415,0.2980699,3.0,0.045625642,74.45267,0.04765941,1.0,0.04765941,0.31207883,0.012338893,0.0,0.0,0.045625642,0.0021209223,0.8614043,0.31207883,3.0281165,1.2842723,74.45267,-0.528415,3.9082537,214.39323,0.012150038,0.04359188,1.0,214.39323,0.26130292,0.1385957,3.0281165,0.0021209223,0.012527747,0.2980699,0.0,1.2842723,3.9082537,0.012150038,0.528415,0.0,0.012527747,0.528415,0.58545846,0.04359188,1.0,0.012338893,lookahead,fk_orig1_bm3-s0to75br3-s75to150br3-s150to225br1-s225to300br2
/work/T-REX/external/Proteina-Complexa/inference/search_binder_local_pipeline_32_PDL1_ALPHA_REPACK_v7_r005_cand_v7r005_hyp_0005_00_001_a975a719abf41/job_0_n_196_id_62_fk_orig2_bm3-s0to75br2-s75to150br3-s150to225br0-s225to300br2/job_0_n_196_id_62_fk_orig2_bm3-s0to75br2-s75to150br3-s150to225br0-s225to300br2.pdb,250,"2,0,13,16,19,16,19,14,11,3,10,18,19,19,6,18,7,15,2,12,16,9,6,4,11,13,14,19,6,11,5,10,3,10,0,0,10,9,19,18,17,6,12,6,3,11,2,9,9,5,13,19,8,7,6,6,3,10,11,19,5,8,15,15,18,1,5,1,0,1,10,10,11,3,5,10,15,10,7,2,0,0,10,5,9,16,3,19,11,10,5,3,0,7,19,18,1,4,12,9,15,18,7,7,0,3,18,11,1,9,16,19,11,19,2,0,13,3,10,0,19,6,3,18,15,1,0,9,6,10,11,14,3,13,0,6,0,18,13,5,1,7,11,0,18,13,15,10,11,6,18,3,10,0,9,6,3,18,16,5,0,9,6,10,11,14,3,13,11,6,0,18,10,6,1,0,11,0,18,12,6,10,7,6,18,3,10,0,7,11,3,10,3,0,18,11,0,0,0,0,0,0,0,0,0,0,0,0,0,0,0,0,0,0,0,0,0,0,0,0,0,0,0,0,0,0,0,0,0,0,0,0",-0.1947329,0.0592507,3.0,0.52307373,37.176006,0.5875973,1.0,0.5875973,0.14806479,0.52307373,0.0,0.0,0.52307373,0.0061368146,0.94350314,0.14806479,1.8515798,1.2814893,37.176006,-0.1947329,2.855003,129.16405,0.45855013,0.45855013,1.0,129.16405,0.7906852,0.05649687,1.8515798,0.0061368146,0.5875973,0.0592507,0.0,1.2814893,2.855003,0.45855013,0.1947329,0.0,0.5875973,0.1947329,0.8548557,0.45855013,1.0,0.52307373,lookahead,fk_orig2_bm3-s0to75br2-s75to150br3-s150to225br0-s225to300br2
/work/T-REX/external/Proteina-Complexa/inference/search_binder_local_pipeline_32_PDL1_ALPHA_REPACK_v7_r005_cand_v7r005_hyp_0005_00_001_a975a719abf41/job_0_n_177_id_62_fk_orig3_bm1-s0to75br0-s75to150br3-s150to225br3-s225to300br2/job_0_n_177_id_62_fk_orig3_bm1-s0to75br0-s75to150br3-s150to225br3-s225to300br2.pdb,251,"2,0,13,16,19,16,19,14,11,3,10,18,19,19,6,18,7,15,2,12,16,9,6,4,11,13,14,19,6,11,5,10,3,10,0,0,10,9,19,18,17,6,12,6,3,11,2,9,9,5,13,19,8,7,6,6,3,10,11,19,5,8,15,15,18,1,5,1,0,1,10,10,11,3,5,10,15,10,7,2,0,0,10,5,9,16,3,19,11,10,5,3,0,7,19,18,1,4,12,9,15,18,7,7,0,3,18,11,1,9,16,19,11,19,2,0,15,7,19,2,9,12,7,1,16,10,10,11,6,3,1,14,3,6,0,6,8,10,13,1,11,0,10,11,3,11,3,6,15,14,6,19,10,2,2,10,0,19,0,10,6,0,10,7,1,6,3,6,0,6,11,19,1,5,1,0,10,0,0,0,0,0,0,0,0,0,0,0,0,0,0,0,0,0,0,0,0,0,0,0,0,0,0,0,0,0,0,0,0,0,0,0,0,0,0,0,0,0,0,0,0,0,0,0,0,0,0,0,0,0,0,0",-0.15022823,0.05143706,3.0,0.59081006,38.3673,0.6626638,1.0,0.6626638,0.12248574,0.59081006,0.0,0.0,0.59081006,0.002736298,0.9406257,0.12248574,1.6670758,1.3352407,38.3673,-0.15022823,2.2174444,160.69368,0.5189563,0.5189563,1.0,160.69368,0.8148458,0.059374258,1.6670758,0.002736298,0.6626638,0.05143706,0.0,1.3352407,2.2174444,0.5189563,0.15022823,0.0,0.6626638,0.15022823,0.87846255,0.5189563,1.0,0.59081006,lookahead,fk_orig3_bm1-s0to75br0-s75to150br3-s150to225br3-s225to300br2
/work/T-REX/external/Proteina-Complexa/inference/search_binder_local_pipeline_32_PDL1_ALPHA_REPACK_v7_r005_cand_v7r005_hyp_0005_00_001_a975a719abf41/job_0_n_214_id_63_fk_orig0_bm0-s0to75br3-s75to150br2-s150to225br3-s225to300br3/job_0_n_214_id_63_fk_orig0_bm0-s0to75br3-s75to150br2-s150to225br3-s225to300br3.pdb,252,"2,0,13,16,19,16,19,14,11,3,10,18,19,19,6,18,7,15,2,12,16,9,6,4,11,13,14,19,6,11,5,10,3,10,0,0,10,9,19,18,17,6,12,6,3,11,2,9,9,5,13,19,8,7,6,6,3,10,11,19,5,8,15,15,18,1,5,1,0,1,10,10,11,3,5,10,15,10,7,2,0,0,10,5,9,16,3,19,11,10,5,3,0,7,19,18,1,4,12,9,15,18,7,7,0,3,18,11,1,9,16,19,11,19,2,0,1,9,11,19,2,7,19,11,5,14,7,0,16,10,9,16,14,15,11,11,11,18,9,0,3,2,6,7,2,10,16,9,14,11,14,6,0,7,10,18,10,9,11,2,10,11,6,10,14,0,0,14,19,11,19,6,10,11,3,15,11,7,2,19,10,2,15,9,3,0,15,19,3,14,19,2,11,6,9,10,13,7,10,16,10,10,14,11,2,16,0,6,9,2,19,19,19,14,0,0,0,0,0,0,0,0,0,0,0,0,0,0,0,0,0,0",-0.25665322,0.11365429,3.0,0.2958309,52.50972,0.3055006,1.0,0.3055006,0.18396005,0.29562593,0.0,0.0,0.2958309,0.0040637692,0.89321023,0.18396005,3.4556496,1.5278453,52.50972,-0.25665322,2.9853995,210.19585,0.28616124,0.28616124,1.0,210.19585,0.64793545,0.10678976,3.4556496,0.0040637692,0.3050906,0.11365429,0.0,1.5278453,2.9853995,0.28616124,0.25665322,0.0,0.3050906,0.25665322,0.7930534,0.28616124,1.0,0.29562593,lookahead,fk_orig0_bm0-s0to75br3-s75to150br2-s150to225br3-s225to300br3
/work/T-REX/external/Proteina-Complexa/inference/search_binder_local_pipeline_32_PDL1_ALPHA_REPACK_v7_r005_cand_v7r005_hyp_0005_00_001_a975a719abf41/job_0_n_232_id_63_fk_orig1_bm3-s0to75br3-s75to150br3-s150to225br1-s225to300br3/job_0_n_232_id_63_fk_orig1_bm3-s0to75br3-s75to150br3-s150to225br1-s225to300br3.pdb,253,"2,0,13,16,19,16,19,14,11,3,10,18,19,19,6,18,7,15,2,12,16,9,6,4,11,13,14,19,6,11,5,10,3,10,0,0,10,9,19,18,17,6,12,6,3,11,2,9,9,5,13,19,8,7,6,6,3,10,11,19,5,8,15,15,18,1,5,1,0,1,10,10,11,3,5,10,15,10,7,2,0,0,10,5,9,16,3,19,11,10,5,3,0,7,19,18,1,4,12,9,15,18,7,7,0,3,18,11,1,9,16,19,11,19,2,0,0,13,16,19,16,19,14,11,3,10,18,19,19,6,18,7,15,2,12,16,9,6,4,11,13,14,19,6,11,5,10,3,10,0,0,10,9,19,18,17,6,12,6,3,11,2,9,9,5,13,19,8,7,6,6,3,10,11,19,5,8,15,15,18,1,5,1,0,1,10,10,11,3,5,10,15,10,7,2,0,0,10,5,9,16,3,19,11,10,5,3,0,7,19,18,1,4,12,9,15,18,7,7,0,3,18,11,1,9,16,19,11,19,2,0,14",-0.5331917,0.30358514,3.0,0.042980984,72.60418,0.046045214,1.0,0.046045214,0.3142335,0.012137715,0.0,0.0,0.042980984,0.0020857262,0.8621518,0.3142335,3.015322,1.2817328,72.60418,-0.5331917,3.920178,213.5497,0.011863057,0.03991675,1.0,213.5497,0.25756887,0.13784818,3.015322,0.0020857262,0.012412372,0.30358514,0.0,1.2817328,3.920178,0.011863057,0.5331917,0.0,0.012412372,0.5331917,0.5831547,0.03991675,1.0,0.012137715,lookahead,fk_orig1_bm3-s0to75br3-s75to150br3-s150to225br1-s225to300br3
/work/T-REX/external/Proteina-Complexa/inference/search_binder_local_pipeline_32_PDL1_ALPHA_REPACK_v7_r005_cand_v7r005_hyp_0005_00_001_a975a719abf41/job_0_n_196_id_63_fk_orig2_bm3-s0to75br2-s75to150br3-s150to225br0-s225to300br3/job_0_n_196_id_63_fk_orig2_bm3-s0to75br2-s75to150br3-s150to225br0-s225to300br3.pdb,254,"2,0,13,16,19,16,19,14,11,3,10,18,19,19,6,18,7,15,2,12,16,9,6,4,11,13,14,19,6,11,5,10,3,10,0,0,10,9,19,18,17,6,12,6,3,11,2,9,9,5,13,19,8,7,6,6,3,10,11,19,5,8,15,15,18,1,5,1,0,1,10,10,11,3,5,10,15,10,7,2,0,0,10,5,9,16,3,19,11,10,5,3,0,7,19,18,1,4,12,9,15,18,7,7,0,3,18,11,1,9,16,19,11,19,2,0,13,3,10,0,19,6,3,18,15,1,0,9,6,10,11,14,3,13,0,6,0,18,13,5,1,7,11,0,18,13,15,10,11,6,18,14,10,0,9,6,3,18,16,5,0,9,6,10,11,14,3,13,11,6,0,18,10,6,1,0,11,0,18,12,6,10,7,6,18,3,10,0,7,11,3,10,3,0,18,11,0,0,0,0,0,0,0,0,0,0,0,0,0,0,0,0,0,0,0,0,0,0,0,0,0,0,0,0,0,0,0,0,0,0,0,0",-0.19775887,0.06023946,3.0,0.51023895,37.44062,0.5742876,1.0,0.5742876,0.14962077,0.51023895,0.0,0.0,0.51023895,0.0060663125,0.94412845,0.14962077,1.747536,1.2655596,37.44062,-0.19775887,2.862522,132.80978,0.44619027,0.44619027,1.0,132.80978,0.7869414,0.055871565,1.747536,0.0060663125,0.5742876,0.06023946,0.0,1.2655596,2.862522,0.44619027,0.19775887,0.0,0.5742876,0.19775887,0.8525605,0.44619027,1.0,0.51023895,lookahead,fk_orig2_bm3-s0to75br2-s75to150br3-s150to225br0-s225to300br3
/work/T-REX/external/Proteina-Complexa/inference/search_binder_local_pipeline_32_PDL1_ALPHA_REPACK_v7_r005_cand_v7r005_hyp_0005_00_001_a975a719abf41/job_0_n_177_id_63_fk_orig3_bm1-s0to75br0-s75to150br3-s150to225br3-s225to300br3/job_0_n_177_id_63_fk_orig3_bm1-s0to75br0-s75to150br3-s150to225br3-s225to300br3.pdb,255,"2,0,13,16,19,16,19,14,11,3,10,18,19,19,6,18,7,15,2,12,16,9,6,4,11,13,14,19,6,11,5,10,3,10,0,0,10,9,19,18,17,6,12,6,3,11,2,9,9,5,13,19,8,7,6,6,3,10,11,19,5,8,15,15,18,1,5,1,0,1,10,10,11,3,5,10,15,10,7,2,0,0,10,5,9,16,3,19,11,10,5,3,0,7,19,18,1,4,12,9,15,18,7,7,0,3,18,11,1,9,16,19,11,19,2,0,15,7,19,2,9,12,7,1,16,10,10,11,6,3,1,14,3,6,0,6,8,10,13,1,11,0,10,11,3,11,3,6,15,14,6,19,10,2,2,10,0,19,0,10,6,0,10,7,1,6,3,6,0,6,11,19,1,5,1,0,10,0,0,0,0,0,0,0,0,0,0,0,0,0,0,0,0,0,0,0,0,0,0,0,0,0,0,0,0,0,0,0,0,0,0,0,0,0,0,0,0,0,0,0,0,0,0,0,0,0,0,0,0,0,0,0",-0.15083647,0.0518293,3.0,0.5882689,42.456173,0.65897894,1.0,0.65897894,0.12298399,0.5882689,0.0,0.0,0.5882689,0.0027776351,0.94004864,0.12298399,1.7097225,1.339182,42.456173,-0.15083647,2.2206035,163.7023,0.5175589,0.5175589,1.0,163.7023,0.8141693,0.05995136,1.7097225,0.0027776351,0.65897894,0.0518293,0.0,1.339182,2.2206035,0.5175589,0.15083647,0.0,0.65897894,0.15083647,0.87803686,0.5175589,1.0,0.5882689,lookahead,fk_orig3_bm1-s0to75br0-s75to150br3-s150to225br3-s225to300br3
/work/T-REX/external/Proteina-Complexa/inference/search_binder_local_pipeline_32_PDL1_ALPHA_REPACK_v7_r005_cand_v7r005_hyp_0005_00_001_a975a719abf41/job_0_n_214_id_64_fk_orig0_bm0-s0to75br3-s75to150br2-s150to225br2-s225to300br0/job_0_n_214_id_64_fk_orig0_bm0-s0to75br3-s75to150br2-s150to225br2-s225to300br0.pdb,256,"2,0,13,16,19,16,19,14,11,3,10,18,19,19,6,18,7,15,2,12,16,9,6,4,11,13,14,19,6,11,5,10,3,10,0,0,10,9,19,18,17,6,12,6,3,11,2,9,9,5,13,19,8,7,6,6,3,10,11,19,5,8,15,15,18,1,5,1,0,1,10,10,11,3,5,10,15,10,7,2,0,0,10,5,9,16,3,19,11,10,5,3,0,7,19,18,1,4,12,9,15,18,7,7,0,3,18,11,1,9,16,19,11,19,2,0,11,9,2,19,2,7,19,3,5,14,3,0,9,5,9,15,14,15,11,11,11,18,16,0,3,15,7,7,1,4,16,9,16,3,11,15,0,7,13,18,9,9,11,5,10,11,6,12,14,16,15,14,19,11,19,2,10,11,2,3,11,7,6,0,10,11,16,9,3,0,7,19,3,3,9,2,11,6,19,9,6,7,10,16,6,10,14,6,2,4,0,7,0,2,9,19,19,14,0,0,0,0,0,0,0,0,0,0,0,0,0,0,0,0,0,0",-0.15184171,0.046822112,3.0,0.66561365,11.142551,0.66714436,1.0,0.66714436,0.11878619,0.66561365,0.0,0.0,0.66561365,0.003554698,0.93926364,0.11878619,0.25849703,1.3775095,11.142551,-0.15184171,2.384098,141.6976,0.6640829,0.6640829,1.0,141.6976,0.83793914,0.060736362,0.25849703,0.003554698,0.66714436,0.046822112,0.0,1.3775095,2.384098,0.6640829,0.15184171,0.0,0.66714436,0.15184171,0.8902414,0.6640829,1.0,0.66561365,final,fk_orig0_bm0-s0to75br3-s75to150br2-s150to225br2-s225to300br0
/work/T-REX/external/Proteina-Complexa/inference/search_binder_local_pipeline_32_PDL1_ALPHA_REPACK_v7_r005_cand_v7r005_hyp_0005_00_001_a975a719abf41/job_0_n_214_id_65_fk_orig0_bm0-s0to75br3-s75to150br2-s150to225br1-s225to300br2/job_0_n_214_id_65_fk_orig0_bm0-s0to75br3-s75to150br2-s150to225br1-s225to300br2.pdb,257,"2,0,13,16,19,16,19,14,11,3,10,18,19,19,6,18,7,15,2,12,16,9,6,4,11,13,14,19,6,11,5,10,3,10,0,0,10,9,19,18,17,6,12,6,3,11,2,9,9,5,13,19,8,7,6,6,3,10,11,19,5,8,15,15,18,1,5,1,0,1,10,10,11,3,5,10,15,10,7,2,0,0,10,5,9,16,3,19,11,10,5,3,0,7,19,18,1,4,12,9,15,18,7,7,0,3,18,11,1,9,16,19,11,19,2,0,15,9,11,19,2,7,11,14,5,14,7,0,19,10,9,15,4,16,15,19,11,18,19,0,2,7,6,7,6,9,16,10,11,16,18,6,0,7,10,18,9,9,5,2,10,2,5,13,14,3,14,14,19,11,19,6,10,11,2,6,11,19,15,9,10,11,16,9,3,0,7,19,11,10,19,16,11,6,9,10,13,7,10,16,9,13,14,11,3,16,0,6,9,2,9,19,5,2,0,0,0,0,0,0,0,0,0,0,0,0,0,0,0,0,0,0",-0.1542446,0.03862257,3.0,0.67595685,7.2234135,0.6815733,1.0,0.6815733,0.12420302,0.67595685,0.0,0.0,0.67595685,0.0019488869,0.93619967,0.12420302,0.2076597,1.353969,7.2234135,-0.1542446,2.465147,137.61871,0.6703405,0.6703405,1.0,137.61871,0.8385838,0.063800335,0.2076597,0.0019488869,0.6815733,0.03862257,0.0,1.353969,2.465147,0.6703405,0.1542446,0.0,0.6815733,0.1542446,0.8896719,0.6703405,1.0,0.67595685,final,fk_orig0_bm0-s0to75br3-s75to150br2-s150to225br1-s225to300br2
/work/T-REX/external/Proteina-Complexa/inference/search_binder_local_pipeline_32_PDL1_ALPHA_REPACK_v7_r005_cand_v7r005_hyp_0005_00_001_a975a719abf41/job_0_n_214_id_66_fk_orig0_bm0-s0to75br3-s75to150br2-s150to225br1-s225to300br3/job_0_n_214_id_66_fk_orig0_bm0-s0to75br3-s75to150br2-s150to225br1-s225to300br3.pdb,258,"2,0,13,16,19,16,19,14,11,3,10,18,19,19,6,18,7,15,2,12,16,9,6,4,11,13,14,19,6,11,5,10,3,10,0,0,10,9,19,18,17,6,12,6,3,11,2,9,9,5,13,19,8,7,6,6,3,10,11,19,5,8,15,15,18,1,5,1,0,1,10,10,11,3,5,10,15,10,7,2,0,0,10,5,9,16,3,19,11,10,5,3,0,7,19,18,1,4,12,9,15,18,7,7,0,3,18,11,1,9,16,19,11,19,2,0,16,9,11,19,2,2,11,14,5,14,7,0,19,10,9,16,14,16,11,5,11,18,15,0,2,3,6,7,6,9,16,10,11,6,16,15,0,7,10,18,9,9,5,2,10,2,6,13,14,3,19,14,19,11,19,6,10,11,2,6,11,7,6,10,10,11,16,10,3,0,7,1,3,10,19,11,18,6,19,10,13,7,10,16,6,13,14,0,3,16,0,6,9,2,9,19,5,2,0,0,0,0,0,0,0,0,0,0,0,0,0,0,0,0,0,0",-0.19699523,0.07568913,3.0,0.46013543,6.550943,0.47289017,1.0,0.47289017,0.14466847,0.46013543,0.0,0.0,0.46013543,0.0027984916,0.9276048,0.14466847,0.17927931,1.3445383,6.550943,-0.19699523,2.6537735,146.01591,0.4473807,0.4473807,1.0,146.01591,0.74401134,0.072395205,0.17927931,0.0027984916,0.47289017,0.07568913,0.0,1.3445383,2.6537735,0.4473807,0.19699523,0.0,0.47289017,0.19699523,0.8423265,0.4473807,1.0,0.46013543,final,fk_orig0_bm0-s0to75br3-s75to150br2-s150to225br1-s225to300br3
/work/T-REX/external/Proteina-Complexa/inference/search_binder_local_pipeline_32_PDL1_ALPHA_REPACK_v7_r005_cand_v7r005_hyp_0005_00_001_a975a719abf41/job_0_n_214_id_67_fk_orig0_bm0-s0to75br3-s75to150br0-s150to225br3-s225to300br2/job_0_n_214_id_67_fk_orig0_bm0-s0to75br3-s75to150br0-s150to225br3-s225to300br2.pdb,259,"2,0,13,16,19,16,19,14,11,3,10,18,19,19,6,18,7,15,2,12,16,9,6,4,11,13,14,19,6,11,5,10,3,10,0,0,10,9,19,18,17,6,12,6,3,11,2,9,9,5,13,19,8,7,6,6,3,10,11,19,5,8,15,15,18,1,5,1,0,1,10,10,11,3,5,10,15,10,7,2,0,0,10,5,9,16,3,19,11,10,5,3,0,7,19,18,1,4,12,9,15,18,7,7,0,3,18,11,1,9,16,19,11,19,2,0,16,10,16,10,2,7,11,14,10,0,2,0,16,10,16,2,10,16,11,9,16,18,16,15,13,5,2,7,6,10,11,19,6,11,10,0,5,16,10,18,6,10,15,8,14,5,10,1,15,0,11,15,0,16,19,6,9,16,2,10,6,4,7,6,4,6,16,10,15,0,15,18,3,15,6,9,11,15,17,10,13,7,9,3,11,16,18,16,15,4,19,5,9,2,10,6,16,6,0,0,0,0,0,0,0,0,0,0,0,0,0,0,0,0,0,0",-0.17063558,0.042716794,3.0,0.6356849,8.793364,0.6624216,1.0,0.6624216,0.13618721,0.6356849,0.0,0.0,0.6356849,0.0019242641,0.9251693,0.13618721,0.32170397,1.4769195,8.793364,-0.17063558,2.4113865,147.7737,0.60894823,0.60894823,1.0,147.7737,0.8163333,0.07483073,0.32170397,0.0019242641,0.6624216,0.042716794,0.0,1.4769195,2.4113865,0.60894823,0.17063558,0.0,0.6624216,0.17063558,0.87529707,0.60894823,1.0,0.6356849,final,fk_orig0_bm0-s0to75br3-s75to150br0-s150to225br3-s225to300br2
/work/T-REX/external/Proteina-Complexa/inference/search_binder_local_pipeline_32_PDL1_ALPHA_REPACK_v7_r005_cand_v7r005_hyp_0005_00_001_a975a719abf41/job_0_n_232_id_64_fk_orig1_bm3-s0to75br3-s75to150br3-s150to225br1-s225to300br2/job_0_n_232_id_64_fk_orig1_bm3-s0to75br3-s75to150br3-s150to225br1-s225to300br2.pdb,260,"2,0,13,16,19,16,19,14,11,3,10,18,19,19,6,18,7,15,2,12,16,9,6,4,11,13,14,19,6,11,5,10,3,10,0,0,10,9,19,18,17,6,12,6,3,11,2,9,9,5,13,19,8,7,6,6,3,10,11,19,5,8,15,15,18,1,5,1,0,1,10,10,11,3,5,10,15,10,7,2,0,0,10,5,9,16,3,19,11,10,5,3,0,7,19,18,1,4,12,9,15,18,7,7,0,3,18,11,1,9,16,19,11,19,2,0,0,13,16,19,16,19,14,11,3,6,18,19,19,6,18,7,15,2,12,16,9,6,4,11,13,14,19,6,11,5,10,3,10,0,0,10,9,19,18,17,6,12,6,4,11,2,9,9,18,13,19,8,7,6,6,3,10,11,19,5,8,15,15,18,1,5,1,0,1,10,10,11,3,5,10,15,10,7,2,0,0,10,5,9,16,3,19,11,10,5,3,0,7,19,18,1,4,12,9,15,18,7,7,0,5,10,11,1,9,16,19,11,19,2,0,14",-0.45549554,0.23913607,3.0,0.091156974,16.450174,0.09303096,1.0,0.09303096,0.27279845,0.013433997,0.0,0.0,0.091156974,0.0018959559,0.8735394,0.27279845,0.641232,1.2535899,16.450174,-0.45549554,3.674375,178.2711,0.013257554,0.089283,1.0,178.2711,0.33259913,0.1264606,0.641232,0.0018959559,0.013610439,0.23913607,0.0,1.2535899,3.674375,0.013257554,0.45549554,0.0,0.013610439,0.45549554,0.62410426,0.089283,1.0,0.013433997,final,fk_orig1_bm3-s0to75br3-s75to150br3-s150to225br1-s225to300br2
/work/T-REX/external/Proteina-Complexa/inference/search_binder_local_pipeline_32_PDL1_ALPHA_REPACK_v7_r005_cand_v7r005_hyp_0005_00_001_a975a719abf41/job_0_n_232_id_65_fk_orig1_bm3-s0to75br3-s75to150br3-s150to225br1-s225to300br3/job_0_n_232_id_65_fk_orig1_bm3-s0to75br3-s75to150br3-s150to225br1-s225to300br3.pdb,261,"2,0,13,16,19,16,19,14,11,3,10,18,19,19,6,18,7,15,2,12,16,9,6,4,11,13,14,19,6,11,5,10,3,10,0,0,10,9,19,18,17,6,12,6,3,11,2,9,9,5,13,19,8,7,6,6,3,10,11,19,5,8,15,15,18,1,5,1,0,1,10,10,11,3,5,10,15,10,7,2,0,0,10,5,9,16,3,19,11,10,5,3,0,7,19,18,1,4,12,9,15,18,7,7,0,3,18,11,1,9,16,19,11,19,2,0,0,13,16,19,16,19,14,11,3,10,18,19,19,11,18,7,15,2,12,16,9,6,4,11,13,14,19,6,11,8,10,3,15,0,19,10,9,0,0,17,15,12,10,13,11,2,9,7,5,13,19,8,7,6,6,3,10,11,19,5,5,15,15,18,1,5,1,0,1,10,10,11,3,5,10,15,10,7,2,0,0,10,5,9,16,9,19,11,10,5,3,0,7,19,18,1,4,12,9,15,18,7,7,0,3,18,12,1,9,16,19,11,19,2,0,14",-0.43977344,0.24534874,3.0,0.10918326,12.838202,0.110888496,1.0,0.110888496,0.27160516,0.01939205,0.0,0.0,0.10918326,0.0034776982,0.8661937,0.27160516,0.73441744,1.3939003,12.838202,-0.43977344,3.4775243,187.56442,0.018686892,0.10747802,1.0,187.56442,0.39723063,0.1338063,0.73441744,0.0034776982,0.02009721,0.24534874,0.0,1.3939003,3.4775243,0.018686892,0.43977344,0.0,0.02009721,0.43977344,0.6535275,0.10747802,1.0,0.01939205,final,fk_orig1_bm3-s0to75br3-s75to150br3-s150to225br1-s225to300br3
/work/T-REX/external/Proteina-Complexa/inference/search_binder_local_pipeline_32_PDL1_ALPHA_REPACK_v7_r005_cand_v7r005_hyp_0005_00_001_a975a719abf41/job_0_n_232_id_66_fk_orig1_bm3-s0to75br3-s75to150br3-s150to225br2-s225to300br2/job_0_n_232_id_66_fk_orig1_bm3-s0to75br3-s75to150br3-s150to225br2-s225to300br2.pdb,262,"2,0,13,16,19,16,19,14,11,3,10,18,19,19,6,18,7,15,2,12,16,9,6,4,11,13,14,19,6,11,5,10,3,10,0,0,10,9,19,18,17,6,12,6,3,11,2,9,9,5,13,19,8,7,6,6,3,10,11,19,5,8,15,15,18,1,5,1,0,1,10,10,11,3,5,10,15,10,7,2,0,0,10,5,9,16,3,19,11,10,5,3,0,7,19,18,1,4,12,9,15,18,7,7,0,3,18,11,1,9,16,19,11,19,2,0,0,13,16,19,16,19,14,11,3,10,18,19,19,6,18,7,15,2,12,16,9,6,4,11,13,14,19,6,11,5,10,11,10,0,0,10,17,19,18,17,6,12,19,3,11,2,9,9,5,13,19,8,7,6,6,3,10,11,19,5,8,15,15,18,1,5,1,0,1,10,10,11,3,5,10,15,10,7,2,0,0,10,5,9,16,3,19,11,10,5,3,0,7,19,18,1,4,12,9,13,18,7,7,0,3,18,11,7,9,16,19,11,19,2,0,11",-0.5109219,0.26224402,3.0,0.05790376,12.745945,0.058374785,1.0,0.058374785,0.30278456,0.01338483,0.0,0.0,0.05790376,0.0021532692,0.86977136,0.30278456,0.60270154,1.2833974,12.745945,-0.5109219,3.8713946,182.31947,0.012671669,0.057432737,1.0,182.31947,0.2812706,0.13022862,0.60270154,0.0021532692,0.0140979905,0.26224402,0.0,1.2833974,3.8713946,0.012671669,0.5109219,0.0,0.0140979905,0.5109219,0.59624135,0.057432737,1.0,0.01338483,final,fk_orig1_bm3-s0to75br3-s75to150br3-s150to225br2-s225to300br2
/work/T-REX/external/Proteina-Complexa/inference/search_binder_local_pipeline_32_PDL1_ALPHA_REPACK_v7_r005_cand_v7r005_hyp_0005_00_001_a975a719abf41/job_0_n_232_id_67_fk_orig1_bm3-s0to75br0-s75to150br0-s150to225br2-s225to300br3/job_0_n_232_id_67_fk_orig1_bm3-s0to75br0-s75to150br0-s150to225br2-s225to300br3.pdb,263,"2,0,13,16,19,16,19,14,11,3,10,18,19,19,6,18,7,15,2,12,16,9,6,4,11,13,14,19,6,11,5,10,3,10,0,0,10,9,19,18,17,6,12,6,3,11,2,9,9,5,13,19,8,7,6,6,3,10,11,19,5,8,15,15,18,1,5,1,0,1,10,10,11,3,5,10,15,10,7,2,0,0,10,5,9,16,3,19,11,10,5,3,0,7,19,18,1,4,12,9,15,18,7,7,0,3,18,11,1,9,16,19,11,19,2,0,0,13,16,19,16,19,16,11,3,10,18,19,19,6,18,7,15,1,12,16,9,6,4,11,13,14,19,6,11,5,10,3,10,0,0,10,13,19,18,17,6,12,6,13,11,2,9,19,5,13,19,8,7,6,6,3,10,11,19,5,8,8,15,18,1,5,16,0,1,10,10,11,3,5,10,15,10,7,2,0,0,10,5,9,16,3,19,11,10,5,3,0,7,19,18,1,4,12,9,15,18,3,18,10,3,19,11,1,9,16,19,11,19,2,0,14",-0.47548252,0.25851476,3.0,0.081765786,13.81077,0.083795205,1.0,0.083795205,0.2855525,0.013387417,0.0,0.0,0.081765786,0.002073976,0.8721566,0.2855525,0.80444974,1.3194667,13.81077,-0.47548252,3.732523,179.1072,0.013214127,0.07973636,1.0,179.1072,0.3215778,0.12784335,0.80444974,0.002073976,0.013560708,0.25851476,0.0,1.3194667,3.732523,0.013214127,0.47548252,0.0,0.013560708,0.47548252,0.61738956,0.07973636,1.0,0.013387417,final,fk_orig1_bm3-s0to75br0-s75to150br0-s150to225br2-s225to300br3
/work/T-REX/external/Proteina-Complexa/inference/search_binder_local_pipeline_32_PDL1_ALPHA_REPACK_v7_r005_cand_v7r005_hyp_0005_00_001_a975a719abf41/job_0_n_196_id_64_fk_orig2_bm3-s0to75br2-s75to150br3-s150to225br0-s225to300br2/job_0_n_196_id_64_fk_orig2_bm3-s0to75br2-s75to150br3-s150to225br0-s225to300br2.pdb,264,"2,0,13,16,19,16,19,14,11,3,10,18,19,19,6,18,7,15,2,12,16,9,6,4,11,13,14,19,6,11,5,10,3,10,0,0,10,9,19,18,17,6,12,6,3,11,2,9,9,5,13,19,8,7,6,6,3,10,11,19,5,8,15,15,18,1,5,1,0,1,10,10,11,3,5,10,15,10,7,2,0,0,10,5,9,16,3,19,11,10,5,3,0,7,19,18,1,4,12,9,15,18,7,7,0,3,18,11,1,9,16,19,11,19,2,0,17,11,10,10,0,6,3,18,15,1,0,9,6,10,11,14,3,13,0,6,0,18,13,5,1,7,11,0,18,6,11,10,7,6,18,3,10,0,0,6,3,18,16,11,0,9,6,10,11,14,3,13,11,6,0,18,10,6,1,0,11,0,18,12,11,10,7,6,18,3,10,0,7,11,3,13,3,0,18,11,0,0,0,0,0,0,0,0,0,0,0,0,0,0,0,0,0,0,0,0,0,0,0,0,0,0,0,0,0,0,0,0,0,0,0,0",-0.28004208,0.13908075,3.0,0.22428086,7.0140786,0.25301212,1.0,0.25301212,0.19228671,0.22162576,0.0,0.0,0.22428086,0.0019863986,0.92032623,0.19228671,0.7167853,1.2605332,7.0140786,-0.28004208,3.2193735,135.0148,0.1922862,0.19554962,1.0,135.0148,0.5813524,0.07967377,0.7167853,0.0019863986,0.25096533,0.13908075,0.0,1.2605332,3.2193735,0.1922862,0.28004208,0.0,0.25096533,0.28004208,0.76864886,0.19554962,1.0,0.22162576,final,fk_orig2_bm3-s0to75br2-s75to150br3-s150to225br0-s225to300br2
/work/T-REX/external/Proteina-Complexa/inference/search_binder_local_pipeline_32_PDL1_ALPHA_REPACK_v7_r005_cand_v7r005_hyp_0005_00_001_a975a719abf41/job_0_n_196_id_65_fk_orig2_bm3-s0to75br2-s75to150br3-s150to225br1-s225to300br3/job_0_n_196_id_65_fk_orig2_bm3-s0to75br2-s75to150br3-s150to225br1-s225to300br3.pdb,265,"2,0,13,16,19,16,19,14,11,3,10,18,19,19,6,18,7,15,2,12,16,9,6,4,11,13,14,19,6,11,5,10,3,10,0,0,10,9,19,18,17,6,12,6,3,11,2,9,9,5,13,19,8,7,6,6,3,10,11,19,5,8,15,15,18,1,5,1,0,1,10,10,11,3,5,10,15,10,7,2,0,0,10,5,9,16,3,19,11,10,5,3,0,7,19,18,1,4,12,9,15,18,7,7,0,3,18,11,1,9,16,19,11,19,2,0,17,3,10,0,0,6,3,18,16,1,0,9,6,10,11,14,3,13,0,6,0,18,13,5,1,7,11,0,18,13,2,10,11,5,18,3,10,0,19,6,3,17,16,11,0,9,6,10,11,14,3,13,0,6,0,18,10,6,1,0,11,18,18,12,6,10,7,6,18,3,10,0,7,11,3,10,3,0,18,11,0,0,0,0,0,0,0,0,0,0,0,0,0,0,0,0,0,0,0,0,0,0,0,0,0,0,0,0,0,0,0,0,0,0,0,0",-0.19608428,0.06167457,3.0,0.5104025,10.221794,0.56475496,1.0,0.56475496,0.1476351,0.5104025,0.0,0.0,0.5104025,0.002104666,0.9440765,0.1476351,0.7640725,1.367075,10.221794,-0.19608428,2.9947984,113.04512,0.45605,0.45605,1.0,113.04512,0.7774832,0.0559235,0.7640725,0.002104666,0.56475496,0.06167457,0.0,1.367075,2.9947984,0.45605,0.19608428,0.0,0.56475496,0.19608428,0.85375273,0.45605,1.0,0.5104025,final,fk_orig2_bm3-s0to75br2-s75to150br3-s150to225br1-s225to300br3
/work/T-REX/external/Proteina-Complexa/inference/search_binder_local_pipeline_32_PDL1_ALPHA_REPACK_v7_r005_cand_v7r005_hyp_0005_00_001_a975a719abf41/job_0_n_196_id_66_fk_orig2_bm3-s0to75br2-s75to150br3-s150to225br1-s225to300br2/job_0_n_196_id_66_fk_orig2_bm3-s0to75br2-s75to150br3-s150to225br1-s225to300br2.pdb,266,"2,0,13,16,19,16,19,14,11,3,10,18,19,19,6,18,7,15,2,12,16,9,6,4,11,13,14,19,6,11,5,10,3,10,0,0,10,9,19,18,17,6,12,6,3,11,2,9,9,5,13,19,8,7,6,6,3,10,11,19,5,8,15,15,18,1,5,1,0,1,10,10,11,3,5,10,15,10,7,2,0,0,10,5,9,16,3,19,11,10,5,3,0,7,19,18,1,4,12,9,15,18,7,7,0,3,18,11,1,9,16,19,11,19,2,0,17,3,10,0,0,6,3,18,16,1,0,9,6,10,11,14,3,13,16,6,14,18,13,5,1,7,11,0,18,13,2,10,11,5,8,3,10,0,19,6,3,18,16,11,0,9,6,10,11,14,3,13,0,6,0,18,10,6,1,0,11,0,18,12,6,10,7,13,18,3,10,0,7,11,3,9,3,5,18,11,0,0,0,0,0,0,0,0,0,0,0,0,0,0,0,0,0,0,0,0,0,0,0,0,0,0,0,0,0,0,0,0,0,0,0,0",-0.15884933,0.044606812,3.0,0.64379245,5.951501,0.69816446,1.0,0.69816446,0.122297704,0.64379245,0.0,0.0,0.64379245,0.0029466697,0.9588721,0.122297704,0.41766277,1.25384,5.951501,-0.15884933,2.7063365,100.18636,0.58942044,0.58942044,1.0,100.18636,0.8309516,0.041127946,0.41766277,0.0029466697,0.69816446,0.044606812,0.0,1.25384,2.7063365,0.58942044,0.15884933,0.0,0.69816446,0.15884933,0.88174003,0.58942044,1.0,0.64379245,final,fk_orig2_bm3-s0to75br2-s75to150br3-s150to225br1-s225to300br2
/work/T-REX/external/Proteina-Complexa/inference/search_binder_local_pipeline_32_PDL1_ALPHA_REPACK_v7_r005_cand_v7r005_hyp_0005_00_001_a975a719abf41/job_0_n_196_id_67_fk_orig2_bm3-s0to75br2-s75to150br3-s150to225br0-s225to300br3/job_0_n_196_id_67_fk_orig2_bm3-s0to75br2-s75to150br3-s150to225br0-s225to300br3.pdb,267,"2,0,13,16,19,16,19,14,11,3,10,18,19,19,6,18,7,15,2,12,16,9,6,4,11,13,14,19,6,11,5,10,3,10,0,0,10,9,19,18,17,6,12,6,3,11,2,9,9,5,13,19,8,7,6,6,3,10,11,19,5,8,15,15,18,1,5,1,0,1,10,10,11,3,5,10,15,10,7,2,0,0,10,5,9,16,3,19,11,10,5,3,0,7,19,18,1,4,12,9,15,18,7,7,0,3,18,11,1,9,16,19,11,19,2,0,13,3,10,0,19,6,3,18,15,1,0,9,6,10,11,14,3,13,0,6,0,18,13,5,1,7,11,0,18,13,15,10,11,6,18,14,10,0,9,6,3,18,16,5,0,9,6,10,11,14,3,13,11,14,0,18,10,6,1,0,11,0,18,12,6,10,7,6,18,3,10,0,7,11,3,10,3,0,18,11,0,0,0,0,0,0,0,0,0,0,0,0,0,0,0,0,0,0,0,0,0,0,0,0,0,0,0,0,0,0,0,0,0,0,0,0",-0.17522451,0.04985139,3.0,0.594373,6.683049,0.65520227,1.0,0.65520227,0.13550587,0.594373,0.0,0.0,0.594373,0.006250764,0.9503867,0.13550587,0.43979618,1.2625581,6.683049,-0.17522451,2.7946732,103.4283,0.53354377,0.53354377,1.0,103.4283,0.81559443,0.04961328,0.43979618,0.006250764,0.65520227,0.04985139,0.0,1.2625581,2.7946732,0.53354377,0.17522451,0.0,0.65520227,0.17522451,0.87137103,0.53354377,1.0,0.594373,final,fk_orig2_bm3-s0to75br2-s75to150br3-s150to225br0-s225to300br3
/work/T-REX/external/Proteina-Complexa/inference/search_binder_local_pipeline_32_PDL1_ALPHA_REPACK_v7_r005_cand_v7r005_hyp_0005_00_001_a975a719abf41/job_0_n_177_id_64_fk_orig3_bm1-s0to75br0-s75to150br3-s150to225br3-s225to300br0/job_0_n_177_id_64_fk_orig3_bm1-s0to75br0-s75to150br3-s150to225br3-s225to300br0.pdb,268,"2,0,13,16,19,16,19,14,11,3,10,18,19,19,6,18,7,15,2,12,16,9,6,4,11,13,14,19,6,11,5,10,3,10,0,0,10,9,19,18,17,6,12,6,3,11,2,9,9,5,13,19,8,7,6,6,3,10,11,19,5,8,15,15,18,1,5,1,0,1,10,10,11,3,5,10,15,10,7,2,0,0,10,5,9,16,3,19,11,10,5,3,0,7,19,18,1,4,12,9,15,18,7,7,0,3,18,11,1,9,16,19,11,19,2,0,15,7,19,2,9,12,7,1,16,10,10,11,6,3,1,14,3,6,0,6,8,10,13,1,11,0,10,11,3,8,3,6,15,14,6,19,10,2,2,10,0,19,0,10,6,0,10,7,1,6,3,6,0,6,11,2,1,2,1,0,10,0,0,0,0,0,0,0,0,0,0,0,0,0,0,0,0,0,0,0,0,0,0,0,0,0,0,0,0,0,0,0,0,0,0,0,0,0,0,0,0,0,0,0,0,0,0,0,0,0,0,0,0,0,0,0",-0.13790312,0.046558354,3.0,0.6320901,4.821135,0.70295256,1.0,0.70295256,0.112697884,0.6320901,0.0,0.0,0.6320901,0.004372807,0.9490464,0.112697884,0.17194553,1.2938164,4.821135,-0.13790312,2.1514719,111.8191,0.56122756,0.56122756,1.0,111.8191,0.82980096,0.05095361,0.17194553,0.004372807,0.70295256,0.046558354,0.0,1.2938164,2.1514719,0.56122756,0.13790312,0.0,0.70295256,0.13790312,0.8862045,0.56122756,1.0,0.6320901,final,fk_orig3_bm1-s0to75br0-s75to150br3-s150to225br3-s225to300br0
/work/T-REX/external/Proteina-Complexa/inference/search_binder_local_pipeline_32_PDL1_ALPHA_REPACK_v7_r005_cand_v7r005_hyp_0005_00_001_a975a719abf41/job_0_n_177_id_65_fk_orig3_bm1-s0to75br0-s75to150br3-s150to225br3-s225to300br2/job_0_n_177_id_65_fk_orig3_bm1-s0to75br0-s75to150br3-s150to225br3-s225to300br2.pdb,269,"2,0,13,16,19,16,19,14,11,3,10,18,19,19,6,18,7,15,2,12,16,9,6,4,11,13,14,19,6,11,5,10,3,10,0,0,10,9,19,18,17,6,12,6,3,11,2,9,9,5,13,19,8,7,6,6,3,10,11,19,5,8,15,15,18,1,5,1,0,1,10,10,11,3,5,10,15,10,7,2,0,0,10,5,9,16,3,19,11,10,5,3,0,7,19,18,1,4,12,9,15,18,7,7,0,3,18,11,1,9,16,19,11,19,2,0,15,7,19,2,19,12,7,1,16,10,10,11,6,5,1,14,3,6,0,6,4,10,13,1,11,0,10,11,3,11,3,6,15,14,6,19,10,2,2,10,0,15,0,10,6,0,10,3,1,6,3,6,0,6,11,2,1,5,11,0,17,0,0,0,0,0,0,0,0,0,0,0,0,0,0,0,0,0,0,0,0,0,0,0,0,0,0,0,0,0,0,0,0,0,0,0,0,0,0,0,0,0,0,0,0,0,0,0,0,0,0,0,0,0,0,0",-0.1295206,0.038907316,3.0,0.68094563,4.2603183,0.7488535,1.0,0.7488535,0.10797383,0.68094563,0.0,0.0,0.68094563,0.004348985,0.95148987,0.10797383,0.10279117,1.2962987,4.2603183,-0.1295206,1.9821763,108.61943,0.61303777,0.61303777,1.0,108.61943,0.85092455,0.04851012,0.10279117,0.004348985,0.7488535,0.038907316,0.0,1.2962987,1.9821763,0.61303777,0.1295206,0.0,0.7488535,0.1295206,0.89781463,0.61303777,1.0,0.68094563,final,fk_orig3_bm1-s0to75br0-s75to150br3-s150to225br3-s225to300br2
/work/T-REX/external/Proteina-Complexa/inference/search_binder_local_pipeline_32_PDL1_ALPHA_REPACK_v7_r005_cand_v7r005_hyp_0005_00_001_a975a719abf41/job_0_n_177_id_66_fk_orig3_bm1-s0to75br0-s75to150br3-s150to225br3-s225to300br2/job_0_n_177_id_66_fk_orig3_bm1-s0to75br0-s75to150br3-s150to225br3-s225to300br2.pdb,270,"2,0,13,16,19,16,19,14,11,3,10,18,19,19,6,18,7,15,2,12,16,9,6,4,11,13,14,19,6,11,5,10,3,10,0,0,10,9,19,18,17,6,12,6,3,11,2,9,9,5,13,19,8,7,6,6,3,10,11,19,5,8,15,15,18,1,5,1,0,1,10,10,11,3,5,10,15,10,7,2,0,0,10,5,9,16,3,19,11,10,5,3,0,7,19,18,1,4,12,9,15,18,7,7,0,3,18,11,1,9,16,19,11,19,2,0,15,7,19,2,8,12,7,1,16,10,10,11,6,3,1,14,3,6,0,6,8,10,13,1,11,0,10,11,3,11,3,6,15,14,6,19,10,2,2,10,0,19,0,10,6,0,10,7,1,6,3,6,0,3,11,19,1,5,1,0,10,0,0,0,0,0,0,0,0,0,0,0,0,0,0,0,0,0,0,0,0,0,0,0,0,0,0,0,0,0,0,0,0,0,0,0,0,0,0,0,0,0,0,0,0,0,0,0,0,0,0,0,0,0,0,0",-0.14580329,0.050022103,3.0,0.60942507,5.428504,0.683377,1.0,0.683377,0.11960549,0.60942507,0.0,0.0,0.60942507,0.003604943,0.94152004,0.11960549,0.2553388,1.3344156,5.428504,-0.14580329,2.1978245,115.054344,0.53547317,0.53547317,1.0,115.054344,0.8211819,0.058479946,0.2553388,0.003604943,0.683377,0.050022103,0.0,1.3344156,2.1978245,0.53547317,0.14580329,0.0,0.683377,0.14580329,0.88447094,0.53547317,1.0,0.60942507,final,fk_orig3_bm1-s0to75br0-s75to150br3-s150to225br3-s225to300br2
/work/T-REX/external/Proteina-Complexa/inference/search_binder_local_pipeline_32_PDL1_ALPHA_REPACK_v7_r005_cand_v7r005_hyp_0005_00_001_a975a719abf41/job_0_n_177_id_67_fk_orig3_bm1-s0to75br0-s75to150br3-s150to225br2-s225to300br2/job_0_n_177_id_67_fk_orig3_bm1-s0to75br0-s75to150br3-s150to225br2-s225to300br2.pdb,271,"2,0,13,16,19,16,19,14,11,3,10,18,19,19,6,18,7,15,2,12,16,9,6,4,11,13,14,19,6,11,5,10,3,10,0,0,10,9,19,18,17,6,12,6,3,11,2,9,9,5,13,19,8,7,6,6,3,10,11,19,5,8,15,15,18,1,5,1,0,1,10,10,11,3,5,10,15,10,7,2,0,0,10,5,9,16,3,19,11,10,5,3,0,7,19,18,1,4,12,9,15,18,7,7,0,3,18,11,1,9,16,19,11,19,2,0,15,7,19,2,9,12,7,1,15,10,10,11,6,7,1,14,3,6,0,6,8,10,13,1,11,0,10,11,3,11,6,6,15,11,6,16,10,2,10,10,0,19,0,10,6,11,10,7,1,6,3,6,0,6,11,8,1,6,1,7,6,0,0,0,0,0,0,0,0,0,0,0,0,0,0,0,0,0,0,0,0,0,0,0,0,0,0,0,0,0,0,0,0,0,0,0,0,0,0,0,0,0,0,0,0,0,0,0,0,0,0,0,0,0,0,0",-0.13758679,0.045580983,3.0,0.6380949,4.040148,0.70962995,1.0,0.70962995,0.11410152,0.6380949,0.0,0.0,0.6380949,0.012229998,0.94243324,0.11410152,0.13600376,1.3169649,4.040148,-0.13758679,2.0992625,112.12697,0.56655985,0.56655985,1.0,112.12697,0.83353364,0.05756677,0.13600376,0.012229998,0.70962995,0.045580983,0.0,1.3169649,2.0992625,0.56655985,0.13758679,0.0,0.70962995,0.13758679,0.88799536,0.56655985,1.0,0.6380949,final,fk_orig3_bm1-s0to75br0-s75to150br3-s150to225br2-s225to300br2
